# XviD 2pass stat file (core version 1.3.7)
# Please do not modify this file

i 2 920 0 0 66374 4899
p 2 4 911 5 15197 1445
p 2 7 910 3 18615 1510
p 2 9 905 6 18244 1525
p 2 2 911 7 19227 1507
p 2 2 916 2 19290 1542
p 2 2 914 4 19196 1529
p 2 4 914 2 19117 1533
p 2 2 916 2 19967 1556
p 2 8 912 0 19533 1564
p 2 8 912 0 19878 1545
p 2 5 913 2 20235 1579
p 2 5 915 0 20067 1538
p 2 4 912 4 20697 1543
p 2 5 915 0 20407 1537
p 2 8 911 1 20513 1566
p 2 6 914 0 20230 1539
p 2 3 917 0 20342 1547
p 2 4 916 0 20563 1562
p 2 7 913 0 20731 1595
p 2 9 910 1 20627 1589
p 2 7 912 1 21048 1581
p 2 9 910 1 20852 1539
p 2 11 904 5 21092 1610
p 2 10 906 4 20962 1575
p 2 7 908 5 21128 1565
p 2 4 913 3 20739 1578
p 2 7 911 2 20844 1602
p 2 4 914 2 20658 1571
p 2 9 911 0 20798 1577
p 2 5 913 2 20462 1566
p 2 9 911 0 20977 1595
p 2 9 911 0 20113 1609
p 2 6 913 1 20042 1593
p 2 4 914 2 19572 1583
p 2 7 909 4 19574 1603
p 2 6 914 0 19911 1585
p 2 4 914 2 19847 1573
p 2 7 913 0 19585 1575
p 2 11 907 2 19958 1639
p 2 11 907 2 19826 1620
p 2 4 915 1 20128 1611
p 2 11 908 1 19394 1566
p 2 5 915 0 19840 1577
p 2 4 916 0 18979 1554
p 2 8 912 0 19399 1589
p 2 6 913 1 19230 1593
p 2 12 907 1 19982 1600
p 2 6 913 1 19814 1604
p 2 7 912 1 19574 1618
p 2 4 915 1 19215 1605
p 2 9 911 0 19281 1622
p 2 6 914 0 19353 1604
p 2 3 914 3 19600 1605
p 2 8 911 1 19400 1566
p 2 11 909 0 19490 1621
p 2 7 913 0 19207 1575
p 2 12 908 0 19752 1631
p 2 21 899 0 20330 1651
p 2 12 907 1 20887 1665
p 2 9 911 0 21776 1625
p 2 10 908 2 21633 1624
p 2 11 907 2 21959 1637
p 2 10 908 2 22963 1667
p 2 12 904 4 22405 1653
p 2 15 904 1 23110 1718
p 2 13 907 0 22698 1654
p 2 25 895 0 22574 1722
p 2 14 906 0 22314 1716
p 2 16 904 0 23056 1714
p 2 15 905 0 21811 1697
p 2 10 910 0 21449 1673
p 2 6 914 0 21634 1642
p 2 8 912 0 20879 1669
p 2 7 913 0 20440 1646
p 2 5 915 0 21170 1661
p 2 6 914 0 19928 1644
p 2 4 916 0 11290 1441
p 2 0 593 327 5752 847
p 2 0 221 699 2542 443
p 2 0 272 648 2884 485
p 2 0 303 617 4164 534
p 2 0 222 698 2877 438
p 2 0 126 794 2454 360
p 2 0 155 765 4407 394
p 2 0 136 784 2584 364
p 2 0 200 720 3045 425
p 2 0 152 768 3961 395
p 2 1 114 805 3018 356
p 2 0 140 780 3017 374
p 2 0 157 763 4960 409
p 2 0 123 797 3021 375
p 2 1 98 821 2975 350
p 2 1 112 807 4230 384
p 2 1 87 832 3478 348
p 2 0 87 833 3473 347
p 2 0 97 823 5656 375
p 2 0 90 830 3617 346
p 2 0 84 836 4315 357
p 2 2 93 825 6238 384
p 2 2 93 825 5399 380
i 2 920 0 0 38047 4372
p 2 0 174 746 445 365
p 2 0 131 789 334 314
p 2 41 121 758 17414 729
p 2 0 99 821 536 301
p 2 0 39 881 283 231
p 2 46 113 761 21116 821
p 2 8 93 819 2330 344
p 2 11 75 834 3910 372
p 2 65 155 700 26866 1041
p 2 39 154 727 7993 652
p 2 51 147 722 10435 753
p 2 118 189 613 30576 1406
p 2 46 213 661 12277 862
p 2 32 212 676 11127 757
p 2 139 248 533 35148 1691
p 2 91 273 556 15762 1159
p 2 105 252 563 12948 1179
p 2 169 343 408 40261 2003
p 2 43 363 514 13753 1103
p 2 66 331 523 15293 1175
p 2 206 357 357 40891 2229
p 2 97 331 492 11209 1190
p 2 80 235 605 7622 941
p 2 174 369 377 35245 2061
p 2 18 365 537 6229 762
p 2 11 299 610 5837 666
p 2 88 421 411 38393 1757
p 2 23 370 527 5453 839
p 2 7 230 683 4459 560
p 2 132 421 367 39387 1943
p 2 34 346 540 6482 907
p 2 39 235 646 4382 679
p 2 91 392 437 36218 1650
p 2 0 297 623 1291 531
p 2 0 150 770 526 343
p 2 67 413 440 37099 1511
p 2 0 242 678 1021 464
p 2 0 142 778 469 328
p 2 0 92 828 399 282
p 2 0 40 880 263 234
p 2 0 47 873 294 236
p 2 0 26 894 243 220
p 2 0 28 892 248 221
p 2 0 15 905 227 210
p 2 0 13 907 223 208
p 2 0 13 907 230 208
p 2 0 8 912 213 204
p 2 0 9 911 219 204
p 2 0 10 910 220 206
p 2 0 4 916 206 200
p 2 0 7 913 211 203
p 2 0 2 918 201 199
p 2 0 2 918 201 198
p 2 0 2 918 202 199
p 2 0 9 911 217 205
p 2 0 0 920 197 197
p 2 0 1 919 199 198
p 2 0 2 918 201 199
i 2 920 0 0 56672 4488
p 2 5 245 670 3401 505
p 2 2 215 703 2933 445
p 2 1 114 805 3242 369
p 2 0 137 783 3755 382
p 2 0 100 820 3519 344
p 2 2 78 840 3765 343
p 2 3 84 833 3206 339
p 2 2 76 842 3430 324
p 2 0 64 856 3045 313
p 2 0 70 850 3260 318
p 2 2 65 853 3014 317
p 2 1 80 839 3264 327
p 2 0 84 836 3221 334
p 2 1 78 841 3576 325
p 2 0 67 853 2974 315
p 2 0 63 857 2718 307
p 2 0 69 851 2630 303
p 2 3 55 862 2242 301
p 2 0 60 860 2064 289
p 2 0 56 864 2053 282
p 2 0 57 863 2067 292
p 2 0 48 872 2161 279
p 2 1 47 872 1885 275
p 2 1 74 845 1859 299
p 2 0 55 865 1713 268
p 2 0 62 858 1605 276
p 2 0 36 884 1597 249
p 2 0 55 865 1242 260
p 2 1 46 873 1326 258
p 2 1 31 888 1274 249
p 2 0 31 889 1008 238
p 2 0 29 891 993 235
p 2 0 27 893 735 232
p 2 0 21 899 810 225
p 2 0 19 901 670 223
p 2 0 16 904 629 217
p 2 0 15 905 514 217
p 2 0 15 905 482 217
p 2 0 12 908 348 216
p 2 0 17 903 374 218
p 2 0 11 909 358 213
p 2 0 11 909 353 210
p 2 0 11 909 288 206
p 2 0 33 887 291 227
p 2 0 14 906 255 209
p 2 0 40 880 296 232
p 2 0 16 904 240 210
p 2 0 807 113 9896 1146
p 2 0 917 3 7400 1214
p 2 0 918 2 10103 1237
p 2 0 919 1 5051 1167
p 2 0 920 0 10935 1300
p 2 0 920 0 7436 1261
p 2 0 920 0 12655 1314
p 2 0 920 0 11963 1284
p 2 0 920 0 8645 1225
p 2 0 920 0 12135 1279
p 2 0 920 0 7045 1255
p 2 0 920 0 14357 1333
p 2 5 915 0 14709 1365
p 2 3 916 1 7892 1232
p 2 0 920 0 12521 1287
p 2 2 918 0 13003 1309
p 2 0 919 1 13064 1290
p 2 1 919 0 7908 1246
p 2 1 919 0 16271 1324
p 2 1 919 0 15414 1339
p 2 1 919 0 14517 1267
p 2 3 917 0 7153 1155
p 2 2 918 0 13322 1277
p 2 2 918 0 14271 1335
p 2 3 917 0 17521 1348
p 2 1 919 0 12947 1331
p 2 1 919 0 9238 1267
p 2 1 919 0 14520 1312
p 2 0 920 0 13663 1349
p 2 0 920 0 15573 1374
p 2 0 920 0 17737 1401
p 2 1 919 0 11915 1278
p 2 1 919 0 8868 1257
p 2 1 919 0 14512 1298
p 2 4 916 0 16872 1411
p 2 4 916 0 19009 1414
p 2 5 915 0 18727 1440
p 2 1 919 0 20401 1453
p 2 1 919 0 17108 1426
p 2 4 916 0 12453 1426
p 2 4 916 0 9635 1394
p 2 1 919 0 15594 1436
p 2 1 919 0 17509 1391
p 2 0 920 0 19710 1475
p 2 0 920 0 18508 1451
p 2 1 919 0 19726 1508
p 2 6 914 0 22960 1557
p 2 0 920 0 20825 1462
p 2 3 917 0 22208 1569
p 2 4 916 0 16738 1468
p 2 7 913 0 15077 1425
p 2 8 912 0 11987 1403
p 2 4 916 0 10725 1331
p 2 5 915 0 12627 1349
p 2 5 915 0 16173 1404
p 2 8 912 0 20883 1547
p 2 2 918 0 23276 1574
p 2 7 913 0 24641 1590
p 2 5 915 0 25994 1582
p 2 9 911 0 27184 1634
p 2 10 910 0 25614 1609
p 2 6 914 0 25511 1583
p 2 7 913 0 22154 1533
p 2 9 911 0 20732 1493
p 2 8 912 0 21168 1474
p 2 7 913 0 26000 1613
p 2 10 910 0 26152 1634
p 2 3 917 0 27195 1602
p 2 7 913 0 19586 1574
p 2 4 916 0 26438 1605
p 2 4 916 0 20598 1554
p 2 1 919 0 23405 1566
p 2 0 920 0 12841 1447
p 2 1 919 0 13394 1439
p 2 1 919 0 14215 1451
p 2 1 919 0 14877 1461
p 2 0 920 0 14462 1435
p 2 0 920 0 12878 1381
p 2 1 919 0 15378 1469
p 2 0 920 0 20238 1494
p 2 1 919 0 20053 1526
p 2 0 920 0 19978 1526
p 2 0 920 0 20317 1525
p 2 0 920 0 20742 1523
p 2 1 919 0 20123 1520
p 2 1 919 0 20430 1529
p 2 0 920 0 20078 1517
p 2 1 919 0 12238 1453
p 2 0 920 0 11616 1435
p 2 0 920 0 12533 1416
p 2 2 918 0 13464 1435
p 2 0 920 0 13992 1422
p 2 1 919 0 13867 1433
p 2 0 920 0 14178 1427
p 2 1 919 0 14787 1449
p 2 0 920 0 14521 1422
p 2 0 920 0 14448 1418
p 2 0 920 0 14660 1403
p 2 1 919 0 14924 1430
p 2 0 920 0 15187 1404
p 2 0 920 0 14971 1417
p 2 4 916 0 15198 1444
p 2 1 919 0 15624 1420
p 2 2 918 0 15705 1424
p 2 3 917 0 15483 1420
p 2 2 918 0 15969 1419
p 2 1 919 0 16430 1429
p 2 3 917 0 16443 1444
p 2 1 919 0 15966 1401
p 2 2 918 0 16715 1417
p 2 4 916 0 16837 1432
p 2 0 920 0 16956 1402
p 2 4 916 0 16599 1443
p 2 2 918 0 16806 1423
p 2 1 919 0 16953 1433
p 2 1 919 0 16767 1413
p 2 2 918 0 17665 1434
p 2 2 918 0 15363 1418
p 2 3 917 0 17608 1443
p 2 0 920 0 16766 1413
p 2 0 920 0 17094 1424
p 2 1 919 0 16600 1420
p 2 0 920 0 16995 1416
p 2 1 919 0 17124 1436
p 2 1 919 0 17445 1413
p 2 2 918 0 16922 1423
p 2 1 919 0 17015 1419
p 2 0 920 0 17301 1421
p 2 0 920 0 17214 1414
p 2 2 918 0 17150 1433
p 2 0 920 0 16794 1416
p 2 0 920 0 17363 1421
p 2 0 920 0 17150 1410
p 2 3 917 0 17443 1445
p 2 2 918 0 16916 1426
p 2 2 918 0 17294 1430
p 2 1 919 0 16652 1405
p 2 1 919 0 16946 1439
p 2 1 919 0 16187 1419
p 2 0 920 0 17035 1431
p 2 1 919 0 15606 1417
i 2 920 0 0 26873 3378
p 2 0 425 495 666 589
p 2 192 728 0 29561 2665
p 2 0 685 235 1433 911
p 2 52 867 1 24648 2183
p 2 0 748 172 1680 976
p 2 55 865 0 25323 2233
p 2 14 763 143 4701 1081
p 2 116 804 0 25778 2449
p 2 46 873 1 18342 2013
p 2 26 894 0 14072 1706
p 2 52 868 0 21411 1941
p 2 7 913 0 12955 1584
p 2 6 914 0 8925 1481
p 2 23 896 1 19452 1735
p 2 5 914 1 9348 1411
p 2 2 918 0 9754 1366
p 2 45 875 0 20776 1800
p 2 0 920 0 8458 1384
p 2 3 917 0 10167 1302
p 2 47 872 1 20416 1800
p 2 1 918 1 10794 1341
p 2 0 920 0 9055 1275
p 2 23 889 8 17361 1508
p 2 0 672 248 1363 863
p 2 0 400 520 670 574
p 2 3 397 520 13651 799
p 2 0 351 569 977 538
p 2 0 238 682 570 414
p 2 4 319 597 13228 732
p 2 0 215 705 809 408
p 2 0 116 804 397 300
p 2 0 67 853 282 253
p 2 0 97 823 414 285
p 2 0 36 884 262 227
p 2 0 26 894 231 218
p 2 0 13 907 221 208
p 2 0 23 897 235 216
p 2 0 10 910 211 206
p 2 0 13 907 223 208
p 2 0 3 917 204 200
p 2 0 8 912 210 202
p 2 0 12 908 220 206
p 2 0 12 908 211 206
p 2 0 7 913 206 203
p 2 0 3 917 202 200
p 2 0 12 908 211 207
i 2 920 0 0 55519 4577
p 2 1 915 4 11056 1354
p 2 0 918 2 12925 1326
p 2 1 918 1 15566 1393
p 2 0 920 0 15204 1386
p 2 3 915 2 15496 1410
p 2 1 918 1 13432 1384
p 2 1 919 0 11636 1338
p 2 2 916 2 10107 1325
p 2 6 913 1 9202 1326
p 2 0 920 0 8683 1261
p 2 0 918 2 9495 1267
p 2 0 919 1 11432 1283
p 2 0 920 0 13220 1354
p 2 0 920 0 13967 1333
p 2 0 920 0 13603 1331
p 2 0 920 0 13927 1338
p 2 0 920 0 13807 1347
p 2 0 920 0 14384 1380
p 2 1 918 1 14687 1391
p 2 1 919 0 15019 1379
p 2 0 920 0 15790 1398
p 2 0 920 0 16282 1417
p 2 0 920 0 16396 1415
p 2 0 920 0 16734 1431
p 2 0 919 1 17080 1429
p 2 0 920 0 16825 1420
p 2 0 920 0 17971 1437
p 2 0 919 1 17443 1448
p 2 0 920 0 17961 1473
p 2 4 916 0 17440 1474
p 2 0 920 0 18080 1460
p 2 0 920 0 18168 1466
p 2 0 920 0 18318 1460
p 2 1 918 1 18070 1472
p 2 0 920 0 18254 1445
p 2 1 919 0 18549 1464
p 2 0 919 1 18597 1464
p 2 0 920 0 18467 1438
p 2 1 919 0 18778 1451
p 2 2 918 0 18915 1516
p 2 0 920 0 19070 1447
p 2 1 919 0 18518 1460
p 2 1 918 1 18348 1455
p 2 1 919 0 17502 1445
p 2 0 920 0 17916 1448
p 2 0 920 0 17053 1441
p 2 1 919 0 17409 1431
p 2 3 917 0 16118 1423
p 2 0 920 0 15982 1407
p 2 3 917 0 15246 1410
p 2 3 917 0 15427 1382
p 2 0 920 0 14240 1330
p 2 2 917 1 14100 1305
p 2 1 919 0 14471 1310
p 2 1 918 1 14462 1346
p 2 1 919 0 14768 1337
p 2 1 919 0 15606 1346
p 2 3 916 1 16197 1390
p 2 1 919 0 16802 1413
p 2 2 918 0 15603 1407
p 2 2 917 1 16011 1434
p 2 0 920 0 15095 1474
p 2 1 919 0 13767 1398
p 2 0 920 0 15013 1442
p 2 0 919 1 15205 1462
p 2 1 918 1 17015 1488
p 2 0 920 0 18113 1479
p 2 0 920 0 20340 1526
p 2 0 920 0 21661 1515
p 2 3 917 0 22637 1570
p 2 0 920 0 23024 1555
p 2 1 919 0 23125 1562
p 2 1 919 0 22860 1571
p 2 1 918 1 23095 1576
p 2 2 918 0 23019 1578
p 2 2 918 0 23783 1601
p 2 0 920 0 23761 1575
p 2 0 920 0 24264 1570
p 2 2 918 0 24521 1569
p 2 2 918 0 23798 1550
p 2 12 908 0 26184 1615
p 2 0 920 0 24717 1548
p 2 8 912 0 25141 1599
p 2 2 918 0 24685 1570
p 2 3 917 0 24611 1586
p 2 3 917 0 24718 1587
p 2 2 918 0 25272 1576
p 2 1 919 0 25309 1568
p 2 3 917 0 26613 1588
p 2 2 918 0 26164 1559
p 2 1 919 0 26033 1563
p 2 3 917 0 24248 1548
p 2 0 920 0 23106 1517
p 2 2 918 0 21621 1501
p 2 1 919 0 21344 1509
p 2 0 920 0 18896 1438
p 2 1 919 0 19571 1415
p 2 2 918 0 16042 1372
p 2 2 918 0 17196 1373
p 2 0 920 0 14697 1345
p 2 1 919 0 13635 1341
p 2 3 916 1 11580 1277
p 2 2 918 0 12106 1275
p 2 0 920 0 14970 1279
p 2 4 916 0 18663 1354
p 2 1 918 1 22992 1469
p 2 0 920 0 22208 1447
p 2 0 920 0 23209 1498
p 2 3 917 0 23073 1488
p 2 2 918 0 23624 1509
p 2 1 918 1 26041 1521
p 2 1 917 2 24566 1507
p 2 1 919 0 24921 1519
p 2 0 918 2 23159 1502
p 2 1 917 2 23323 1511
p 2 0 919 1 23113 1491
p 2 2 917 1 23561 1503
p 2 0 920 0 25066 1511
p 2 1 917 2 24584 1530
p 2 1 919 0 22995 1530
p 2 1 919 0 22424 1504
p 2 0 919 1 19711 1433
p 2 0 920 0 18016 1415
p 2 3 917 0 16325 1413
p 2 1 916 3 12101 1395
p 2 3 916 1 9917 1349
p 2 0 918 2 12330 1354
p 2 1 917 2 18296 1387
p 2 1 919 0 22151 1443
p 2 2 918 0 21122 1472
p 2 2 918 0 22308 1471
p 2 0 920 0 22553 1430
p 2 2 917 1 22675 1474
p 2 1 919 0 21571 1456
p 2 6 911 3 28119 1571
p 2 0 919 1 22196 1462
p 2 2 916 2 25070 1503
p 2 2 918 0 29019 1524
p 2 0 919 1 21242 1474
p 2 0 919 1 16647 1354
p 2 3 913 4 21794 1378
p 2 2 917 1 8811 1271
p 2 2 917 1 6845 1192
p 2 1 918 1 18630 1290
p 2 0 919 1 19154 1388
p 2 0 913 7 19207 1392
p 2 0 915 5 27356 1476
p 2 1 910 9 20950 1432
p 2 0 910 10 20233 1447
p 2 1 905 14 20520 1442
p 2 0 910 10 23143 1454
p 2 0 914 6 18833 1436
p 2 0 909 11 18743 1408
p 2 0 911 9 12940 1354
p 2 0 910 10 7115 1315
p 2 0 916 4 9092 1308
p 2 0 916 4 19626 1405
p 2 0 916 4 18814 1396
p 2 0 906 14 18750 1371
p 2 0 908 12 18797 1386
p 2 0 897 23 21399 1413
p 2 0 869 51 17830 1252
p 2 0 858 62 15986 1199
p 2 0 800 120 8080 1060
p 2 19 641 260 14823 1079
p 2 0 302 618 1209 485
p 2 0 434 486 1724 629
p 2 6 572 342 12658 916
p 2 0 268 652 1280 464
p 2 0 102 818 501 293
p 2 5 480 435 10761 781
p 2 0 495 425 1988 687
p 2 0 323 597 1264 499
p 2 5 264 651 10765 590
p 2 0 292 628 1413 497
p 2 0 263 657 1232 459
p 2 0 152 768 689 340
p 2 0 198 722 920 384
p 2 0 191 729 994 386
p 2 0 195 725 966 387
p 2 0 117 803 649 314
p 2 0 164 756 848 360
p 2 0 158 762 862 352
p 2 0 182 738 884 374
p 2 0 124 796 686 318
p 2 0 149 771 772 343
p 2 0 158 762 874 357
p 2 0 157 763 761 351
p 2 11 316 593 18161 743
p 2 0 288 632 1395 495
p 2 0 210 710 1003 406
p 2 7 274 639 10027 614
p 2 0 180 740 954 384
p 2 0 161 759 811 357
p 2 1 244 675 10296 548
p 2 0 212 708 1092 417
p 2 0 116 804 671 309
p 2 4 302 614 18132 707
p 2 0 269 651 1292 471
p 2 0 190 730 919 389
p 2 0 126 794 702 320
p 2 0 145 775 753 335
p 2 0 140 780 793 336
p 2 0 115 805 680 307
p 2 0 112 808 721 309
p 2 0 102 818 605 294
p 2 0 96 824 608 289
i 2 920 0 0 61085 4754
p 2 0 208 712 479 397
p 2 0 151 769 350 331
p 2 0 77 843 278 264
p 2 0 66 854 261 252
p 2 0 22 898 217 216
p 2 0 14 906 210 210
p 2 0 2 918 199 198
p 2 0 7 913 204 202
p 2 0 4 916 201 201
p 2 0 2 918 199 199
p 2 0 2 918 199 199
p 2 0 4 916 200 200
p 2 0 1 919 198 198
p 2 0 1 919 198 198
p 2 0 0 920 197 197
p 2 0 1 919 199 198
p 2 0 3 917 201 200
p 2 0 2 918 199 199
p 2 0 2 918 199 199
p 2 0 1 919 198 198
p 2 0 3 917 200 200
p 2 0 2 918 199 199
p 2 0 2 918 199 199
p 2 2 66 852 6304 353
p 2 0 46 874 369 247
p 2 0 17 903 229 212
p 2 11 70 839 7893 419
p 2 0 51 869 389 248
p 2 0 14 906 228 209
p 2 12 84 824 7685 460
p 2 0 64 856 428 260
p 2 0 32 888 263 226
p 2 8 87 825 8292 425
p 2 0 76 844 510 276
p 2 0 36 884 291 228
p 2 8 147 765 14061 568
p 2 0 118 802 649 317
p 2 3 140 777 10992 479
p 2 0 120 800 695 322
p 2 2 144 774 11058 478
p 2 0 124 796 700 324
p 2 2 89 829 680 291
p 2 0 31 889 277 224
p 2 0 36 884 281 228
p 2 1 20 899 508 220
p 2 0 17 903 238 211
p 2 0 25 895 582 221
p 2 0 53 867 346 245
p 2 0 12 908 218 207
p 2 0 29 891 265 223
p 2 0 33 887 278 225
p 2 0 21 899 249 216
p 2 0 4 916 203 200
p 2 1 9 910 491 212
p 2 0 7 913 213 202
p 2 1 13 906 413 214
p 2 0 11 909 219 207
p 2 0 6 914 207 202
p 2 0 3 917 203 200
p 2 1 15 904 484 216
p 2 0 6 914 211 202
p 2 0 5 915 205 201
p 2 0 11 909 539 209
p 2 0 7 913 219 202
p 2 0 3 917 205 199
p 2 2 6 912 427 212
p 2 0 4 916 206 201
p 2 0 3 917 206 200
p 2 1 5 914 536 210
p 2 0 8 912 218 205
p 2 0 7 913 216 202
p 2 1 12 907 508 215
p 2 0 10 910 223 206
p 2 0 4 916 204 200
p 2 0 10 910 523 209
p 2 0 14 906 239 208
p 2 0 9 911 217 205
p 2 2 6 912 423 212
p 2 0 1 919 199 198
p 2 0 0 920 197 197
p 2 1 6 913 532 210
p 2 0 3 917 208 200
p 2 0 0 920 197 197
p 2 1 5 914 489 208
p 2 0 3 917 211 200
p 2 0 2 918 201 198
p 2 0 6 914 515 207
p 2 0 3 917 207 200
p 2 0 2 918 201 198
p 2 0 0 920 197 197
p 2 0 2 918 202 199
p 2 0 0 920 197 197
p 2 0 2 918 200 200
p 2 0 0 920 197 197
p 2 0 2 918 199 199
p 2 0 0 920 197 197
p 2 0 0 920 197 197
p 2 0 0 920 197 197
p 2 0 0 920 197 197
p 2 0 0 920 197 197
i 2 920 0 0 55179 4918
p 2 0 153 767 426 346
p 2 0 72 848 281 264
p 2 0 29 891 612 223
p 2 0 22 898 229 215
p 2 0 9 911 208 204
p 2 0 9 911 612 211
p 2 0 12 908 223 208
p 2 0 6 914 207 201
p 2 2 4 914 484 218
p 2 0 8 912 213 204
p 2 0 9 911 213 204
p 2 1 6 913 687 213
p 2 0 8 912 214 204
p 2 0 7 913 207 203
p 2 2 6 912 488 218
p 2 0 4 916 203 200
p 2 0 5 915 204 201
p 2 1 8 911 688 214
p 2 0 5 915 212 202
p 2 0 3 917 206 200
p 2 0 9 911 578 208
p 2 0 5 915 208 201
p 2 0 3 917 202 200
p 2 0 13 907 612 213
p 2 0 11 909 227 209
p 2 0 14 906 217 208
p 2 0 18 902 221 211
p 2 0 10 910 213 207
p 2 0 13 907 213 206
p 2 0 3 917 199 199
p 2 0 0 920 197 197
p 2 0 3 917 199 199
p 2 0 2 918 199 198
p 2 0 5 915 559 206
p 2 0 5 915 224 202
p 2 1 4 915 486 212
p 2 0 3 917 203 200
p 2 0 0 920 197 197
p 2 5 267 648 22036 774
p 2 0 203 717 1056 422
p 2 0 70 850 400 262
p 2 1 281 638 20869 763
p 2 0 210 710 1070 424
p 2 0 154 766 588 341
p 2 1 306 613 20154 777
p 2 0 216 704 1059 428
p 2 0 99 821 424 286
p 2 5 290 625 21634 794
p 2 0 229 691 1047 434
p 2 0 130 790 556 317
p 2 1 72 847 709 277
p 2 0 31 889 270 224
p 2 0 23 897 248 215
p 2 1 26 893 715 228
p 2 0 51 869 322 242
p 2 0 23 897 244 215
p 2 0 28 892 748 229
p 2 0 29 891 263 221
p 2 0 36 884 294 229
p 2 0 34 886 825 232
p 2 0 17 903 250 211
p 2 0 14 906 239 209
p 2 1 37 882 620 241
p 2 0 33 887 263 224
p 2 0 17 903 232 209
p 2 1 14 905 685 218
p 2 0 5 915 211 201
p 2 0 4 916 207 201
p 2 0 18 902 716 219
p 2 0 8 912 218 202
p 2 0 24 896 252 217
p 2 0 25 895 784 222
p 2 0 12 908 225 208
p 2 0 12 908 223 207
p 2 0 18 902 719 219
p 2 0 11 909 232 207
p 2 0 6 914 207 202
p 2 1 12 907 392 215
p 2 0 4 916 209 200
p 2 0 1 919 199 198
p 2 1 7 912 677 212
p 2 0 5 915 214 203
p 2 0 2 918 200 199
p 2 0 8 912 686 212
p 2 0 5 915 213 201
p 2 0 2 918 202 199
p 2 0 8 912 746 209
p 2 0 6 914 212 203
p 2 0 2 918 201 199
p 2 0 0 920 197 197
p 2 0 0 920 197 197
p 2 0 7 913 694 209
p 2 0 3 917 207 200
p 2 1 3 916 372 208
i 2 920 0 0 61360 4741
p 2 0 201 719 464 386
p 2 0 150 770 344 332
p 2 1 70 849 575 268
p 2 0 58 862 258 244
p 2 0 21 899 214 213
p 2 0 27 893 571 226
p 2 0 9 911 217 205
p 2 0 14 906 212 209
p 2 0 11 909 391 214
p 2 0 7 913 208 203
p 2 0 4 916 201 201
p 2 1 7 912 612 213
p 2 0 7 913 211 203
p 2 0 7 913 204 202
p 2 1 7 912 490 214
p 2 0 3 917 203 200
p 2 0 0 920 197 197
p 2 0 6 914 542 209
p 2 0 3 917 215 200
p 2 0 4 916 203 201
p 2 0 7 913 387 212
p 2 0 5 915 205 203
p 2 0 6 914 204 201
p 2 1 7 912 618 214
p 2 0 4 916 210 201
p 2 0 4 916 206 202
p 2 1 4 915 489 212
p 2 0 3 917 213 201
p 2 0 2 918 200 199
p 2 0 7 913 543 209
p 2 0 5 915 212 203
p 2 0 3 917 201 200
p 2 0 0 920 197 197
p 2 0 0 920 197 197
p 2 0 2 918 199 199
p 2 0 0 920 197 197
p 2 0 0 920 197 197
p 2 0 1 919 198 198
p 2 0 0 920 197 197
p 2 0 0 920 197 197
i 2 920 0 0 54443 4888
p 2 0 144 776 410 337
p 2 2 334 584 20750 809
p 2 0 212 708 954 414
p 2 0 297 623 20552 772
p 2 0 221 699 1093 432
p 2 1 295 624 21387 790
p 2 0 211 709 1073 424
p 2 1 296 623 23125 800
p 2 0 231 689 1127 447
p 2 2 155 763 949 363
p 2 3 172 745 11139 524
p 2 1 171 748 1235 379
p 2 0 200 720 8502 487
p 2 0 173 747 801 372
p 2 0 148 772 9520 446
p 2 0 155 765 762 356
p 2 0 126 794 526 315
p 2 0 82 838 802 278
p 2 0 56 864 330 247
p 2 0 38 882 294 232
p 2 2 30 888 537 236
p 2 0 19 901 239 215
p 2 0 19 901 232 210
p 2 1 110 809 976 314
p 2 0 30 890 272 222
p 2 0 53 867 330 245
p 2 0 64 856 724 260
p 2 0 69 851 384 260
p 2 0 46 874 303 237
p 2 0 27 893 653 226
p 2 0 10 910 222 205
p 2 0 10 910 215 203
p 2 0 3 917 204 200
p 2 0 9 911 218 203
p 2 0 5 915 204 201
p 2 0 6 914 209 202
p 2 0 8 912 569 209
p 2 0 16 904 238 210
p 2 1 13 906 506 218
p 2 0 12 908 225 207
p 2 0 5 915 207 202
p 2 0 2 918 200 199
p 2 0 4 916 205 201
p 2 0 4 916 205 201
p 2 0 10 910 600 209
p 2 0 8 912 215 203
p 2 0 4 916 204 200
p 2 0 15 905 639 217
p 2 0 17 903 228 212
p 2 0 9 911 215 206
p 2 0 9 911 568 209
p 2 0 14 906 234 209
p 2 0 14 906 233 210
p 2 0 9 911 609 208
p 2 0 8 912 218 204
p 2 0 6 914 209 202
p 2 2 7 911 492 220
p 2 0 5 915 215 201
p 2 0 1 919 199 198
p 2 1 8 911 696 215
p 2 0 4 916 208 201
p 2 0 4 916 205 200
p 2 0 7 913 578 209
p 2 0 7 913 221 202
p 2 0 4 916 208 200
p 2 0 7 913 607 209
p 2 0 4 916 217 201
p 2 0 5 915 213 202
p 2 2 5 913 490 218
p 2 0 3 917 207 200
p 2 0 0 920 197 197
p 2 1 8 911 703 216
p 2 0 3 917 207 200
p 2 0 0 920 197 197
p 2 0 6 914 559 210
p 2 0 4 916 213 201
p 2 0 2 918 201 199
p 2 0 5 915 603 206
p 2 0 6 914 215 203
p 2 0 1 919 199 198
p 2 0 1 919 199 198
p 2 0 1 919 199 198
p 2 0 0 920 197 197
p 2 0 0 920 197 197
p 2 0 5 915 566 205
p 2 0 5 915 214 202
p 2 1 4 915 485 212
p 2 0 4 916 207 201
i 2 920 0 0 54794 4315
p 2 0 174 746 408 354
p 2 30 437 453 30163 1181
p 2 0 301 619 1222 519
p 2 9 386 525 23836 1000
p 2 0 272 648 1134 491
p 2 19 357 544 25380 988
p 2 0 272 648 1190 491
p 2 0 178 742 641 364
p 2 0 73 847 334 259
p 2 0 85 835 366 271
p 2 0 53 867 303 242
p 2 0 70 850 363 261
p 2 0 31 889 250 222
p 2 6 55 859 1973 306
p 2 0 56 864 309 249
p 2 0 40 880 280 231
p 2 0 28 892 245 219
p 2 0 16 904 226 209
p 2 0 17 903 220 210
p 2 0 12 908 216 206
p 2 0 2 918 200 199
p 2 0 12 908 219 206
p 2 0 7 913 211 204
p 2 54 266 600 31161 1231
p 2 0 189 731 869 397
p 2 45 283 592 31630 1191
p 2 0 205 715 973 425
p 2 25 305 590 30178 1067
p 2 0 244 676 1161 462
p 2 22 337 561 30356 1149
p 2 0 252 668 1100 472
p 2 25 346 549 29422 1158
p 2 0 265 655 1189 489
p 2 26 360 534 31824 1186
p 2 0 260 660 1157 483
p 2 0 141 779 539 330
p 2 0 62 858 324 251
p 2 0 51 869 315 243
p 2 0 27 893 250 221
p 2 0 31 889 265 225
p 2 0 25 895 257 219
p 2 0 37 883 510 234
p 2 0 17 903 238 212
p 2 0 14 906 370 215
p 2 0 16 904 231 211
p 2 0 18 902 247 213
p 2 0 10 910 225 205
p 2 17 333 570 32173 1088
p 2 0 255 665 1225 477
p 2 0 361 559 26081 934
p 2 0 256 664 1255 480
p 2 3 362 555 25843 935
p 2 0 254 666 1205 466
p 2 0 129 791 899 331
p 2 0 60 860 344 252
p 2 0 109 811 474 296
p 2 5 67 848 2073 321
p 2 0 56 864 359 247
p 2 0 37 883 292 230
p 2 3 83 834 2086 333
p 2 0 41 879 336 240
p 2 0 54 866 342 242
p 2 1 62 857 1965 292
p 2 0 40 880 326 237
p 2 0 21 899 247 216
p 2 0 60 860 892 275
p 2 0 45 875 322 242
p 2 0 46 874 295 235
p 2 0 20 900 572 220
p 2 0 18 902 241 213
p 2 0 11 909 222 207
p 2 0 18 902 245 212
p 2 0 7 913 205 202
p 2 0 5 915 217 201
p 2 0 4 916 204 201
p 2 0 5 915 210 201
p 2 0 6 914 211 202
p 2 0 14 906 427 214
p 2 0 10 910 217 207
p 2 0 8 912 330 211
p 2 0 4 916 212 203
p 2 0 2 918 203 199
p 2 0 2 918 210 200
p 2 0 2 918 203 199
p 2 0 1 919 200 198
p 2 0 0 920 197 197
p 2 0 0 920 197 197
p 2 0 1 919 199 198
i 2 920 0 0 86338 5107
p 2 0 121 799 369 309
p 2 0 60 860 265 252
p 2 0 22 898 227 218
p 2 0 25 895 219 219
p 2 0 12 908 211 208
p 2 0 9 911 208 206
p 2 0 10 910 212 206
p 2 0 11 909 210 207
p 2 0 17 903 218 211
p 2 0 13 907 212 209
p 2 0 5 915 204 200
p 2 0 3 917 201 200
p 2 0 9 911 209 205
p 2 0 8 912 205 202
p 2 0 3 917 200 199
p 2 0 1 919 199 199
p 2 0 7 913 208 203
p 2 0 7 913 205 202
p 2 0 7 913 203 202
p 2 0 1 919 198 198
p 2 0 13 907 215 207
p 2 0 5 915 205 201
p 2 0 6 914 204 201
p 2 0 8 912 208 204
p 2 0 15 905 222 207
p 2 0 4 916 203 201
p 2 0 1 919 198 198
p 2 0 4 916 203 201
p 2 0 3 917 202 200
p 2 0 3 917 201 200
p 2 0 3 917 201 200
p 2 0 1 919 198 198
p 2 0 3 917 199 199
p 2 0 2 918 199 199
p 2 0 0 920 197 197
p 2 0 2 918 200 199
p 2 0 2 918 199 199
p 2 0 0 920 197 197
p 2 0 1 919 198 198
p 2 0 1 919 198 198
p 2 0 1 919 198 198
p 2 0 0 920 197 197
p 2 0 1 919 198 198
p 2 0 1 919 198 198
p 2 0 1 919 198 198
i 2 920 0 0 47456 4167
p 2 0 194 726 454 377
p 2 0 149 771 351 319
p 2 0 118 802 2494 330
p 2 0 110 810 356 286
p 2 0 51 869 269 240
p 2 0 72 848 1962 302
p 2 0 42 878 294 236
p 2 0 13 907 223 211
p 2 2 43 875 2300 271
p 2 0 27 893 276 222
p 2 0 18 902 248 212
p 2 0 44 876 2065 270
p 2 0 26 894 267 219
p 2 0 5 915 210 203
p 2 0 41 879 2322 263
p 2 0 25 895 304 221
p 2 0 17 903 242 212
p 2 0 36 884 1412 255
p 2 0 18 902 250 213
p 2 0 3 917 206 200
p 2 0 36 884 1610 250
p 2 0 19 901 253 214
p 2 0 8 912 217 203
p 2 0 43 877 2035 271
p 2 0 21 899 265 216
p 2 6 38 876 3086 319
p 2 0 24 896 276 220
p 2 4 41 875 2393 299
p 2 0 22 898 277 220
p 2 53 476 391 30408 1497
p 2 0 297 623 1177 512
p 2 37 522 361 28342 1467
p 2 0 325 595 1156 540
p 2 43 494 383 26182 1422
p 2 0 373 547 1182 593
p 2 31 492 397 25727 1307
p 2 0 336 584 1000 525
p 2 8 292 620 5110 565
p 2 0 203 717 573 383
p 2 9 205 706 4695 490
p 2 0 119 801 420 308
p 2 0 136 784 338 305
p 2 0 119 801 313 289
p 2 3 84 833 2260 322
p 2 0 83 837 307 265
p 2 5 73 842 2302 328
p 2 0 46 874 274 241
p 2 55 397 468 30770 1385
p 2 0 256 664 1037 471
p 2 72 391 457 29519 1488
p 2 0 268 652 1044 478
p 2 71 398 451 28557 1538
p 2 0 247 673 1042 469
p 2 56 429 435 26797 1497
p 2 0 290 630 1055 513
p 2 5 242 673 4650 514
p 2 0 158 762 502 344
p 2 4 186 730 4767 464
p 2 0 108 812 370 290
p 2 0 53 867 253 237
p 2 0 63 857 280 249
p 2 1 68 851 2167 299
p 2 0 65 855 320 252
p 2 1 44 875 1797 276
p 2 0 26 894 264 224
p 2 48 495 377 30049 1497
p 2 0 280 640 1117 484
p 2 71 413 436 34588 1566
p 2 0 268 652 1143 481
p 2 66 441 413 33127 1569
p 2 0 255 665 1011 466
p 2 45 452 423 34396 1482
p 2 0 260 660 1132 480
p 2 8 227 685 7379 547
p 2 0 131 789 499 320
p 2 4 225 691 7054 524
p 2 0 84 836 442 278
p 2 0 62 858 351 252
p 2 0 24 896 244 218
p 2 10 81 829 2805 370
p 2 0 49 871 335 248
p 2 3 64 853 2714 314
p 2 0 27 893 282 221
p 2 102 431 387 37600 1747
p 2 0 272 648 1104 481
p 2 67 475 378 36778 1686
p 2 0 305 615 1280 536
p 2 77 437 406 34892 1690
p 2 0 311 609 1176 553
p 2 88 415 417 31275 1695
p 2 0 306 614 1093 525
p 2 6 210 704 6616 549
p 2 0 159 761 495 350
p 2 9 166 745 6515 488
p 2 0 110 810 466 303
p 2 0 79 841 353 268
p 2 0 54 866 284 244
p 2 0 45 875 292 239
p 2 0 23 897 246 219
p 2 0 23 897 249 220
p 2 0 21 899 249 217
p 2 0 16 904 237 211
p 2 0 10 910 225 208
p 2 108 409 403 34491 1772
p 2 0 297 623 1044 498
p 2 87 431 402 36666 1733
p 2 0 327 593 1162 540
p 2 83 440 397 34764 1759
p 2 4 359 557 3020 659
p 2 85 467 368 35713 1771
p 2 4 355 561 3474 653
p 2 10 307 603 10389 666
p 2 4 224 692 3046 475
p 2 15 239 666 10012 629
p 2 10 174 736 3176 462
p 2 6 151 763 4108 450
p 2 6 137 777 2190 390
p 2 7 124 789 3102 390
p 2 7 74 839 2511 343
p 2 9 98 813 3828 400
p 2 4 62 854 2742 324
p 2 10 81 829 3409 392
p 2 10 67 843 2931 371
p 2 2 81 837 2571 343
p 2 6 62 852 2054 325
p 2 11 68 841 3213 368
p 2 7 65 848 2508 334
p 2 5 42 873 2623 312
p 2 4 57 859 3934 342
p 2 10 54 856 2188 341
p 2 10 50 860 2859 342
p 2 5 73 842 3649 364
p 2 0 63 857 384 260
p 2 7 64 849 2532 342
p 2 0 32 888 281 232
p 2 3 63 854 2079 310
p 2 0 30 890 266 227
p 2 4 54 862 2059 299
p 2 0 29 891 250 220
p 2 0 24 896 231 214
p 2 0 4 916 204 200
p 2 0 10 910 209 203
i 2 920 0 0 29419 3692
p 2 0 430 490 725 586
p 2 0 340 580 504 483
p 2 0 221 699 388 376
p 2 0 185 735 3381 375
p 2 0 135 785 384 303
p 2 0 85 835 3218 291
p 2 0 48 872 316 240
p 2 0 64 856 3535 276
p 2 0 42 878 322 236
p 2 0 65 855 3455 271
p 2 0 20 900 290 218
p 2 0 26 894 336 220
p 2 0 18 902 216 211
p 2 0 18 902 294 212
p 2 0 12 908 209 206
p 2 0 9 911 284 205
p 2 0 10 910 206 205
p 2 0 5 915 269 201
p 2 0 2 918 202 199
p 2 0 10 910 205 205
p 2 0 5 915 202 202
p 2 0 8 912 203 203
p 2 0 4 916 200 200
p 2 0 20 900 217 211
p 2 0 2 918 204 199
p 2 0 16 904 280 209
p 2 0 8 912 205 204
p 2 0 9 911 279 205
p 2 0 5 915 212 202
p 2 0 4 916 203 200
p 2 0 3 917 204 199
p 2 0 2 918 199 199
p 2 0 2 918 260 200
p 2 0 1 919 199 199
p 2 0 1 919 199 198
p 2 0 15 905 283 208
p 2 0 4 916 203 199
p 2 0 13 907 209 207
p 2 0 4 916 277 200
p 2 0 8 912 205 203
p 2 0 1 919 199 198
p 2 0 11 909 279 207
p 2 0 1 919 199 198
p 2 0 2 918 200 199
p 2 0 3 917 280 200
p 2 0 12 908 209 207
p 2 0 0 920 197 197
p 2 0 3 917 276 200
p 2 0 1 919 199 198
p 2 0 1 919 198 198
p 2 0 2 918 270 198
p 2 0 0 920 197 197
p 2 0 0 920 197 197
p 2 0 2 918 271 199
p 2 0 1 919 198 198
p 2 0 0 920 197 197
p 2 0 2 918 275 198
p 2 0 2 918 201 198
p 2 0 1 919 200 198
p 2 0 2 918 279 199
p 2 0 0 920 197 197
p 2 0 1 919 201 199
p 2 0 2 918 276 199
p 2 0 1 919 200 198
p 2 0 2 918 201 199
p 2 0 4 916 281 200
p 2 0 2 918 203 199
p 2 0 1 919 199 198
p 2 0 2 918 271 199
p 2 0 1 919 199 198
p 2 0 3 917 205 200
p 2 0 2 918 268 198
p 2 0 1 919 201 198
p 2 0 0 920 197 197
p 2 0 0 920 197 197
p 2 0 11 909 205 205
p 2 0 4 916 200 200
p 2 0 2 918 270 199
p 2 0 0 920 197 197
p 2 0 5 915 266 201
p 2 0 1 919 201 198
p 2 0 0 920 197 197
p 2 0 4 916 202 201
p 2 0 4 916 201 200
p 2 0 1 919 198 198
p 2 0 0 920 197 197
p 2 0 0 920 197 197
p 2 0 0 920 197 197
p 2 0 2 918 199 199
p 2 0 1 919 198 198
p 2 0 0 920 197 197
p 2 0 0 920 197 197
p 2 0 21 899 212 212
p 2 0 1 919 198 198
p 2 0 2 918 199 199
p 2 0 0 920 197 197
p 2 0 0 920 197 197
p 2 0 1 919 199 198
p 2 0 0 920 197 197
p 2 0 1 919 199 198
p 2 0 0 920 197 197
p 2 0 7 913 203 203
p 2 0 0 920 197 197
p 2 0 0 920 197 197
p 2 0 0 920 197 197
p 2 0 0 920 197 197
p 2 0 0 920 197 197
p 2 0 0 920 197 197
p 2 0 0 920 197 197
p 2 0 0 920 197 197
p 2 0 0 920 197 197
p 2 2 31 887 3829 263
p 2 0 22 898 276 219
p 2 1 41 878 4109 269
p 2 0 31 889 320 226
p 2 0 38 882 2918 255
p 2 0 27 893 313 223
p 2 0 13 907 234 208
p 2 0 4 916 207 200
p 2 0 2 918 201 199
p 2 0 1 919 199 198
p 2 0 1 919 199 198
p 2 0 0 920 197 197
p 2 0 0 920 197 197
p 2 0 0 920 197 197
p 2 0 0 920 197 197
p 2 0 0 920 197 197
p 2 0 0 920 197 197
p 2 0 0 920 197 197
p 2 0 0 920 197 197
p 2 0 0 920 197 197
p 2 0 0 920 197 197
p 2 0 0 920 197 197
p 2 0 0 920 197 197
p 2 0 0 920 197 197
p 2 0 0 920 197 197
i 2 920 0 0 53428 4476
p 2 175 707 38 59566 2868
p 2 57 857 6 29577 1931
p 2 39 859 22 23564 1734
p 2 37 859 24 20853 1720
p 2 27 865 28 21554 1626
p 2 13 886 21 19712 1602
p 2 0 785 135 14579 1281
p 2 0 840 80 14995 1227
p 2 0 777 143 14389 1181
p 2 0 817 103 15174 1186
p 2 0 781 139 14791 1113
p 2 1 752 167 15543 1118
p 2 0 748 172 14429 1083
p 2 0 740 180 14709 1090
p 2 0 768 152 15187 1114
p 2 0 749 171 14798 1093
p 2 0 736 184 14585 1089
p 2 4 735 181 15111 1130
p 2 0 732 188 14601 1089
p 2 0 762 158 14458 1113
p 2 2 732 186 15488 1104
p 2 0 741 179 14593 1094
p 2 0 749 171 14547 1091
p 2 0 727 193 15130 1093
p 2 0 754 166 14509 1095
p 2 0 740 180 14639 1089
p 2 0 744 176 15325 1101
p 2 0 722 198 14596 1071
p 2 0 778 142 14688 1111
p 2 0 746 174 15377 1115
p 2 0 760 160 14598 1105
p 2 0 755 165 14714 1095
p 2 4 745 171 15689 1122
p 2 0 756 164 14948 1091
p 2 0 758 162 14881 1090
p 2 0 748 172 15530 1094
p 2 0 755 165 14933 1098
p 2 0 745 175 15058 1072
p 2 0 698 222 16044 1057
p 2 0 729 191 15311 1064
p 2 0 714 206 15218 1061
p 2 0 730 190 15194 1073
p 2 0 733 187 15242 1068
p 2 0 720 200 15182 1052
p 2 0 671 249 15091 1022
p 2 0 728 192 14909 1048
p 2 0 660 260 14714 1016
p 2 0 694 226 14508 1028
p 2 0 694 226 14137 1024
p 2 0 668 252 13408 999
p 2 0 681 239 13790 1013
p 2 0 661 259 13710 1006
p 2 0 707 213 13314 1029
p 2 1 641 278 13497 1004
p 2 0 688 232 13118 999
p 2 0 673 247 12451 983
p 2 0 680 240 12665 973
p 2 0 636 284 12852 947
p 2 0 669 251 11986 955
p 2 0 611 309 12084 905
p 2 0 598 322 12020 881
p 2 0 629 291 11494 904
p 2 0 604 316 11558 867
p 2 0 542 378 10277 798
p 2 0 590 330 10391 852
p 2 0 584 336 8799 822
p 2 0 529 391 8645 781
p 2 0 554 366 7701 787
p 2 0 482 438 6005 714
p 2 0 461 459 4939 676
p 2 0 301 619 1331 482
p 2 105 674 141 47097 2298
p 2 40 798 82 42014 2074
p 2 33 820 67 37265 1935
p 2 36 800 84 36422 1886
p 2 35 621 264 17117 1295
p 2 4 465 451 13782 934
p 2 10 440 470 14606 929
p 2 0 282 638 1313 492
p 2 0 170 750 527 356
p 2 2 153 765 1703 376
p 2 0 92 828 357 279
p 2 0 45 875 260 237
p 2 2 84 834 1777 312
p 2 0 45 875 291 236
p 2 0 40 880 283 231
p 2 2 39 879 1444 266
p 2 0 34 886 294 228
p 2 0 35 885 262 225
p 2 0 41 879 1540 255
p 2 0 50 870 324 240
p 2 0 13 907 227 209
p 2 0 4 916 206 201
p 2 0 25 895 264 219
p 2 0 9 911 221 204
p 2 0 14 906 242 210
p 2 0 10 910 221 206
p 2 0 22 898 230 213
p 2 0 7 913 209 204
p 2 0 16 904 212 208
i 2 920 0 0 24728 3583
p 2 0 418 502 670 559
p 2 0 350 570 587 511
p 2 3 232 685 4200 473
p 2 0 208 712 518 387
p 2 0 80 840 306 264
p 2 6 148 766 5410 444
p 2 0 82 838 402 279
p 2 0 50 870 276 244
p 2 25 102 793 7857 534
p 2 0 74 846 461 281
p 2 0 40 880 267 233
p 2 39 114 767 9198 654
p 2 0 101 819 452 305
p 2 23 141 756 9268 627
p 2 0 111 809 496 313
p 2 3 167 750 7621 536
p 2 0 102 818 559 310
p 2 3 164 753 7936 527
p 2 0 112 808 554 322
p 2 1 152 767 8703 519
p 2 0 96 824 551 312
p 2 7 134 779 9298 555
p 2 0 95 825 525 312
p 2 0 41 879 295 243
p 2 0 18 902 234 216
p 2 0 6 914 208 205
p 2 60 206 654 15719 1005
p 2 0 210 710 787 437
p 2 0 116 804 426 314
p 2 16 275 629 13808 857
p 2 0 208 712 831 427
p 2 0 138 782 428 321
p 2 13 287 620 16193 885
p 2 0 242 678 897 461
p 2 0 120 800 424 310
p 2 89 271 560 22315 1369
p 2 0 220 700 900 466
p 2 0 146 774 503 342
p 2 114 267 539 22131 1436
p 2 0 217 703 842 443
p 2 0 139 781 467 329
p 2 0 88 832 313 270
p 2 0 77 843 302 260
p 2 0 43 877 242 232
p 2 0 29 891 220 218
p 2 0 23 897 226 217
i 2 920 0 0 49386 4410
p 2 0 217 703 494 404
p 2 0 191 729 409 356
p 2 0 68 852 263 255
p 2 0 100 820 277 274
p 2 0 22 898 219 216
p 2 0 55 865 245 242
p 2 0 8 912 204 203
p 2 0 10 910 210 206
p 2 0 7 913 206 202
p 2 0 4 916 203 201
p 2 0 0 920 197 197
p 2 0 4 916 205 201
p 2 0 3 917 202 200
p 2 0 1 919 198 198
p 2 0 4 916 203 201
p 2 0 1 919 198 198
p 2 0 0 920 197 197
p 2 0 1 919 199 198
p 2 0 4 916 202 200
p 2 0 2 918 199 199
p 2 0 0 920 197 197
p 2 0 0 920 197 197
p 2 0 0 920 197 197
p 2 0 0 920 197 197
p 2 0 1 919 198 198
p 2 0 0 920 197 197
p 2 0 0 920 197 197
p 2 0 0 920 197 197
p 2 0 0 920 197 197
p 2 0 1 919 204 199
p 2 0 0 920 197 197
p 2 0 0 920 197 197
p 2 0 0 920 197 197
p 2 0 0 920 197 197
p 2 0 0 920 197 197
p 2 0 0 920 197 197
p 2 0 0 920 197 197
p 2 0 0 920 197 197
i 2 920 0 0 50616 4147
p 2 0 306 614 552 469
p 2 0 294 626 459 442
p 2 0 129 791 846 304
p 2 0 112 808 303 291
p 2 0 42 878 236 232
p 2 0 49 871 773 240
p 2 0 22 898 231 212
p 2 0 21 899 219 213
p 2 0 7 913 690 207
p 2 0 14 906 223 209
p 2 0 8 912 207 203
p 2 0 13 907 732 210
p 2 0 11 909 220 206
p 2 0 4 916 203 201
p 2 1 9 910 741 215
p 2 0 7 913 207 203
p 2 0 5 915 207 202
p 2 1 6 913 753 213
p 2 0 9 911 217 206
p 2 0 12 908 207 206
p 2 0 5 915 697 206
p 2 0 13 907 223 208
p 2 0 4 916 213 200
p 2 0 18 902 736 216
p 2 0 14 906 234 210
p 2 0 13 907 214 208
p 2 1 9 910 735 216
p 2 0 12 908 218 205
p 2 0 1 919 198 198
p 2 1 9 910 764 216
p 2 0 4 916 208 201
p 2 0 5 915 206 201
p 2 1 4 915 722 212
p 2 0 8 912 215 204
p 2 0 3 917 202 200
p 2 1 7 912 755 214
p 2 0 5 915 211 202
p 2 0 0 920 197 197
p 2 0 8 912 710 209
p 2 0 6 914 211 203
p 2 0 4 916 200 200
p 2 0 5 915 720 205
p 2 0 4 916 211 200
p 2 0 3 917 202 200
p 2 0 2 918 200 199
p 2 0 12 908 209 207
p 2 0 4 916 201 201
p 2 0 1 919 198 198
p 2 0 1 919 198 198
p 2 0 5 915 691 206
p 2 0 4 916 213 201
p 2 0 16 904 691 215
p 2 0 11 909 215 205
p 2 112 279 529 43997 1643
p 2 0 216 704 939 412
p 2 117 307 496 42147 1661
p 2 0 207 713 887 417
p 2 110 284 526 34483 1576
p 2 0 222 698 931 427
p 2 116 303 501 33097 1630
p 2 0 257 663 842 460
p 2 20 356 544 27047 1063
p 2 0 317 603 1099 521
p 2 5 356 559 22080 890
p 2 0 258 662 995 460
p 2 4 373 543 21950 887
p 2 0 271 649 1066 475
p 2 0 121 799 410 298
p 2 79 258 583 33942 1381
p 2 0 217 703 938 419
p 2 0 106 814 410 297
p 2 82 269 569 38001 1438
p 2 0 195 725 956 417
p 2 100 278 542 41256 1581
p 2 0 227 693 1010 443
p 2 109 287 524 45349 1703
p 2 0 232 688 1001 449
p 2 45 342 533 38746 1242
p 2 0 253 667 1149 470
p 2 8 374 538 35819 972
p 2 0 281 639 1274 489
p 2 15 359 546 36593 987
p 2 0 291 629 1309 500
p 2 0 139 781 570 327
p 2 0 73 847 344 258
p 2 0 59 861 315 247
p 2 0 38 882 275 230
p 2 7 75 838 6825 392
p 2 0 57 863 405 256
p 2 2 106 812 6499 376
p 2 0 79 841 436 274
p 2 1 80 839 6740 338
p 2 0 68 852 437 267
p 2 2 80 838 5721 338
p 2 0 63 857 403 260
p 2 2 72 846 5968 340
p 2 0 54 866 388 255
p 2 0 28 892 260 222
p 2 18 320 582 31888 965
p 2 0 219 701 1129 434
p 2 0 114 806 495 305
p 2 37 312 571 33839 1078
p 2 0 244 676 1159 452
p 2 0 96 824 462 287
p 2 8 350 562 31540 947
p 2 0 227 693 1103 436
p 2 0 115 805 491 301
p 2 9 332 579 32494 936
p 2 0 251 669 1269 467
p 2 0 107 813 467 294
p 2 0 50 870 305 239
p 2 0 51 869 300 240
p 2 0 68 852 418 260
p 2 0 51 869 853 245
p 2 0 25 895 271 219
p 2 0 19 901 829 217
p 2 0 62 858 363 252
p 2 0 23 897 782 223
p 2 0 33 887 282 223
p 2 0 19 901 905 218
p 2 0 30 890 289 225
p 2 0 13 907 746 215
p 2 0 13 907 248 209
p 2 0 19 901 907 219
p 2 0 52 868 322 241
p 2 0 33 887 850 228
p 2 0 30 890 262 222
p 2 0 25 895 831 223
p 2 0 35 885 309 228
p 2 0 20 900 243 214
p 2 0 8 912 215 203
p 2 0 10 910 229 206
p 2 0 9 911 218 206
p 2 0 8 912 216 203
p 2 0 5 915 210 203
p 2 0 2 918 210 199
p 2 0 7 913 211 202
p 2 0 11 909 213 204
p 2 0 4 916 216 200
p 2 0 12 908 817 212
p 2 0 10 910 236 207
p 2 1 6 913 653 215
p 2 0 7 913 235 204
p 2 0 3 917 202 200
p 2 0 7 913 217 203
p 2 0 2 918 203 199
p 2 0 4 916 214 201
p 2 0 2 918 202 200
i 2 920 0 0 49165 4337
p 2 0 117 803 371 314
p 2 0 80 840 310 274
p 2 0 48 872 263 241
p 2 0 32 888 240 227
p 2 0 25 895 227 216
p 2 0 17 903 224 212
p 2 0 7 913 217 205
p 2 0 3 917 206 201
p 2 0 3 917 205 200
p 2 0 3 917 207 200
p 2 0 5 915 209 202
p 2 0 1 919 201 199
p 2 0 1 919 199 198
p 2 0 1 919 199 198
p 2 0 1 919 198 198
p 2 0 1 919 203 199
p 2 0 1 919 202 199
p 2 0 2 918 199 199
p 2 0 2 918 200 199
p 2 0 2 918 200 199
p 2 0 1 919 198 198
p 2 0 0 920 197 197
p 2 0 1 919 199 198
p 2 0 1 919 199 198
p 2 0 1 919 200 198
p 2 0 1 919 199 198
p 2 0 1 919 204 199
p 2 0 0 920 197 197
p 2 0 0 920 197 197
p 2 0 0 920 197 197
p 2 0 0 920 197 197
p 2 0 0 920 197 197
p 2 12 848 60 35742 1670
p 2 0 487 433 1727 693
p 2 0 173 747 574 361
p 2 7 832 81 34175 1617
p 2 0 494 426 1913 703
p 2 0 253 667 772 436
p 2 3 826 91 32032 1510
p 2 0 530 390 1942 737
p 2 0 211 709 696 392
p 2 0 832 88 31212 1510
p 2 0 463 457 1785 673
p 2 0 289 631 981 487
p 2 0 109 811 464 302
p 2 0 96 824 440 287
p 2 0 96 824 406 281
p 2 0 133 787 531 318
p 2 0 89 831 421 277
p 2 0 87 833 465 280
p 2 0 45 875 321 237
p 2 0 18 902 261 215
p 2 0 12 908 248 209
p 2 0 25 895 273 220
p 2 0 17 903 264 213
p 2 0 24 896 272 217
p 2 0 18 902 248 212
p 2 0 10 910 236 206
p 2 0 15 905 236 211
p 2 0 13 907 243 209
p 2 0 3 917 208 201
p 2 0 5 915 219 203
p 2 0 4 916 215 202
p 2 0 8 912 224 206
p 2 0 2 918 210 200
p 2 0 5 915 217 203
p 2 0 5 915 212 202
p 2 0 7 913 219 204
p 2 0 8 912 221 205
p 2 0 6 914 215 204
p 2 0 3 917 209 201
p 2 172 688 60 53921 2912
p 2 0 516 404 1882 822
p 2 71 816 33 48771 2479
p 2 0 552 368 1996 860
p 2 61 819 40 44675 2392
p 2 0 532 388 1869 814
p 2 73 777 70 42457 2325
p 2 0 492 428 1769 806
p 2 1 265 654 3937 536
p 2 0 186 734 531 373
p 2 0 228 692 615 406
p 2 0 174 746 433 346
p 2 0 90 830 358 277
p 2 0 61 859 317 252
p 2 0 74 846 387 269
p 2 0 43 877 286 237
p 2 0 60 860 323 250
p 2 4 111 805 3662 402
p 2 0 119 801 562 315
p 2 7 84 829 2597 378
p 2 0 76 844 362 268
p 2 0 68 852 350 257
p 2 0 56 864 299 245
p 2 0 18 902 247 214
p 2 10 78 832 3450 376
p 2 0 46 874 343 247
p 2 0 27 893 284 223
p 2 5 74 841 3731 366
p 2 0 54 866 367 255
p 2 0 37 883 285 231
p 2 4 81 835 3622 372
p 2 0 43 877 346 240
p 2 0 26 894 261 222
p 2 5 67 848 3646 358
p 2 0 45 875 348 250
p 2 0 22 898 262 219
p 2 14 66 840 3139 398
p 2 0 61 859 331 248
p 2 0 40 880 257 229
p 2 21 39 860 4027 411
p 2 0 31 889 323 230
p 2 0 13 907 244 212
p 2 4 70 846 3649 362
p 2 0 43 877 350 242
p 2 0 19 901 252 215
p 2 5 65 850 3674 352
p 2 0 46 874 350 244
p 2 0 10 910 231 208
p 2 15 52 853 3109 390
p 2 0 61 859 331 252
p 2 0 39 881 248 228
p 2 21 55 844 4042 418
p 2 0 32 888 312 233
p 2 0 16 904 248 215
p 2 15 55 850 3090 391
p 2 0 48 872 304 240
p 2 0 28 892 238 221
p 2 19 37 864 4125 397
p 2 0 25 895 286 225
p 2 0 9 911 229 208
p 2 4 61 855 3581 350
p 2 0 33 887 306 231
p 2 0 20 900 254 216
p 2 5 56 859 3658 346
p 2 0 38 882 337 241
p 2 0 12 908 240 210
p 2 0 4 916 216 204
p 2 0 4 916 219 203
p 2 0 4 916 219 203
p 2 0 4 916 216 204
p 2 0 4 916 217 203
p 2 0 3 917 215 202
p 2 4 66 850 3579 356
p 2 0 44 876 355 240
p 2 6 61 853 2571 352
p 2 0 38 882 300 233
p 2 0 24 896 235 216
i 2 920 0 0 19701 3522
p 2 0 842 78 2352 1094
p 2 0 828 92 2601 1055
p 2 0 753 167 2557 1000
p 2 0 826 94 2681 1049
p 2 0 771 149 2772 1001
p 2 0 780 140 2676 1027
p 2 0 806 114 3026 1061
p 2 0 830 90 3054 1091
p 2 0 789 131 2957 1023
p 2 0 836 84 3040 1092
p 2 0 792 128 2930 1035
p 2 0 842 78 2977 1088
p 2 0 774 146 2951 1022
p 2 0 805 115 3048 1061
p 2 0 783 137 3007 1021
p 2 0 814 106 3045 1076
p 2 0 793 127 2988 1039
p 2 0 820 100 2908 1076
p 2 0 794 126 2997 1045
p 2 0 800 120 2987 1066
p 2 0 798 122 3014 1039
p 2 0 809 111 2820 1057
p 2 0 815 105 3030 1063
p 2 0 779 141 3037 1032
p 2 0 792 128 3007 1024
p 2 0 799 121 2798 1047
p 2 0 794 126 2960 1037
p 2 0 838 82 3083 1074
p 2 0 803 117 3007 1034
p 2 0 809 111 3026 1071
p 2 0 756 164 2971 1001
p 2 0 831 89 3035 1081
p 2 0 789 131 2983 1027
p 2 0 817 103 3067 1065
p 2 0 760 160 3009 1018
p 2 0 814 106 3045 1068
p 2 0 790 130 2916 1024
p 2 0 790 130 2983 1051
p 2 0 744 176 2942 1003
p 2 0 806 114 3031 1071
p 2 0 800 120 3109 1049
p 2 0 818 102 3045 1063
p 2 0 785 135 2998 1017
p 2 0 816 104 3014 1057
p 2 0 746 174 2840 988
p 2 0 836 84 2953 1073
p 2 0 775 145 3048 1031
p 2 0 832 88 3104 1090
p 2 0 789 131 3010 1035
p 2 0 787 133 2892 1040
p 2 0 793 127 2975 1025
p 2 0 814 106 3064 1055
p 2 0 760 160 3039 1009
p 2 0 798 122 2883 1040
p 2 0 773 147 2937 1013
p 2 0 780 140 2973 1031
p 2 0 774 146 2968 1013
p 2 0 821 99 3019 1065
p 2 0 781 139 2946 1022
p 2 0 822 98 2975 1064
p 2 0 805 115 2953 1029
p 2 0 819 101 3002 1058
p 2 0 767 153 2944 999
p 2 0 829 91 2945 1055
p 2 0 770 150 2823 1014
p 2 0 825 95 2955 1061
p 2 0 770 150 2932 1001
p 2 0 807 113 2963 1049
p 2 0 785 135 2982 1019
p 2 0 827 93 2937 1054
p 2 0 758 162 2861 993
p 2 0 815 105 2954 1050
p 2 0 774 146 2979 996
p 2 0 825 95 2984 1061
p 2 0 774 146 2808 1004
p 2 0 837 83 2968 1063
p 2 0 766 154 2963 991
p 2 0 790 130 2920 1025
p 2 0 782 138 2822 999
p 2 0 841 79 2987 1062
p 2 0 772 148 2909 992
p 2 0 781 139 2865 1019
p 2 0 784 136 2931 1007
p 2 0 809 111 2891 1040
i 2 920 0 0 35325 3948
p 2 0 900 20 6338 1225
p 2 0 910 10 7545 1249
p 2 0 901 19 8097 1252
p 2 0 909 11 7603 1216
p 2 0 910 10 7754 1241
p 2 0 912 8 7848 1242
p 2 0 910 10 7915 1236
p 2 0 900 20 8079 1240
p 2 0 907 13 7891 1247
p 2 0 911 9 7988 1264
p 2 0 912 8 7895 1240
p 2 0 907 13 7820 1237
p 2 0 906 14 7980 1249
p 2 0 902 18 7873 1224
p 2 0 909 11 8081 1225
p 2 0 912 8 7843 1229
p 2 0 912 8 7919 1236
p 2 0 915 5 7718 1224
p 2 0 906 14 7882 1231
p 2 0 909 11 7809 1239
p 2 0 908 12 7957 1242
p 2 0 912 8 7921 1234
p 2 0 910 10 7990 1244
p 2 0 913 7 7864 1239
p 2 0 910 10 7850 1245
p 2 0 900 20 7704 1219
p 2 0 907 13 7817 1240
p 2 0 914 6 7830 1228
p 2 0 910 10 8020 1235
p 2 0 911 9 7706 1233
p 2 0 910 10 7876 1236
p 2 0 911 9 7706 1231
p 2 0 912 8 7744 1236
p 2 0 909 11 7779 1235
p 2 0 907 13 7825 1242
p 2 0 909 11 7865 1229
p 2 0 907 13 7872 1238
p 2 0 905 15 7680 1217
p 2 0 911 9 7657 1237
p 2 0 911 9 7602 1237
p 2 0 908 12 7706 1231
p 2 0 910 10 7629 1223
p 2 0 908 12 7624 1219
p 2 0 908 12 7556 1232
p 2 0 910 10 7574 1231
p 2 0 912 8 7376 1237
p 2 0 909 11 7279 1220
p 2 0 911 9 7410 1234
p 2 0 909 11 7503 1244
p 2 0 910 10 7290 1232
p 2 0 908 12 7411 1237
p 2 0 907 13 7053 1212
p 2 0 910 10 7142 1242
p 2 0 911 9 6933 1219
p 2 0 906 14 7026 1215
p 2 0 913 7 6948 1218
p 2 0 913 7 6892 1215
p 2 0 910 10 6745 1211
p 2 0 913 7 6829 1215
p 2 0 914 6 6619 1213
p 2 0 911 9 6621 1228
p 2 0 906 14 6664 1217
p 2 0 908 12 6633 1220
p 2 0 903 17 6694 1217
p 2 0 906 14 6620 1230
p 2 0 911 9 6746 1231
p 2 0 910 10 6447 1220
p 2 0 905 15 6377 1213
p 2 0 910 10 6412 1212
p 2 0 904 16 6626 1227
p 2 0 910 10 5948 1182
p 2 0 913 7 6456 1217
p 2 0 908 12 6118 1191
p 2 0 909 11 6069 1196
p 2 0 909 11 6264 1217
p 2 0 910 10 6222 1217
p 2 0 912 8 6113 1213
p 2 0 915 5 6284 1223
p 2 0 908 12 6158 1199
p 2 0 910 10 5720 1201
p 2 0 914 6 6219 1230
p 2 0 913 7 5741 1224
p 2 0 913 7 5923 1212
p 2 0 913 7 6202 1213
p 2 0 910 10 5701 1197
p 2 0 907 13 5805 1202
p 2 0 905 15 5731 1188
p 2 0 911 9 5597 1207
p 2 0 912 8 5805 1203
p 2 0 907 13 5715 1215
p 2 0 911 9 5789 1215
p 2 0 908 12 5911 1213
p 2 0 910 10 5701 1206
p 2 0 913 7 5854 1220
p 2 0 909 11 5497 1206
p 2 0 905 15 5615 1225
p 2 0 912 8 5514 1205
p 2 0 909 11 5589 1199
p 2 0 906 14 5608 1199
p 2 0 912 8 5573 1202
p 2 0 909 11 5518 1193
p 2 0 911 9 5549 1208
p 2 0 908 12 5523 1207
p 2 0 908 12 5570 1202
p 2 0 904 16 5584 1208
p 2 0 913 7 5755 1212
p 2 0 895 25 5626 1201
p 2 0 912 8 5669 1207
p 2 0 913 7 5604 1225
p 2 0 911 9 5618 1213
p 2 0 913 7 5548 1202
p 2 0 915 5 5630 1200
p 2 0 910 10 5763 1214
p 2 0 915 5 5627 1200
p 2 0 915 5 5621 1206
p 2 0 915 5 5659 1198
p 2 0 913 7 5665 1224
p 2 0 913 7 5666 1226
i 2 920 0 0 17604 3439
p 2 0 583 337 808 702
p 2 0 539 381 686 661
p 2 0 264 656 431 416
p 2 0 341 579 481 466
p 2 0 138 782 315 311
p 2 0 164 756 330 327
p 2 0 79 841 259 258
p 2 0 116 804 282 282
p 2 0 30 890 221 220
p 2 0 49 871 238 235
p 2 0 26 894 216 216
p 2 0 20 900 213 212
p 2 0 4 916 201 201
p 2 0 12 908 207 207
p 2 0 2 918 199 199
p 2 0 6 914 202 202
p 2 0 3 917 200 200
p 2 0 9 911 206 205
p 2 0 12 908 207 207
p 2 0 6 914 204 204
p 2 0 1 919 198 198
p 2 0 9 911 205 204
p 2 0 1 919 198 198
p 2 0 14 906 211 206
p 2 0 22 898 217 215
p 2 0 7 913 204 204
p 2 0 13 907 208 208
p 2 0 47 873 230 229
p 2 0 14 906 208 207
p 2 0 36 884 226 223
p 2 0 4 916 201 200
p 2 0 20 900 213 212
p 2 0 10 910 205 205
p 2 0 37 883 225 224
p 2 0 27 893 220 219
p 2 0 39 881 226 225
p 2 0 21 899 212 212
p 2 0 39 881 224 224
p 2 0 14 906 206 206
p 2 0 32 888 221 221
p 2 0 15 905 207 207
p 2 0 20 900 210 210
p 2 0 0 920 197 197
p 2 0 10 910 203 203
p 2 0 0 920 197 197
p 2 0 11 909 204 204
p 2 0 0 920 197 197
p 2 0 1 919 198 198
p 2 0 0 920 197 197
p 2 0 1 919 198 198
p 2 0 0 920 197 197
p 2 0 2 918 199 199
p 2 0 4 916 200 200
p 2 0 0 920 197 197
p 2 0 0 920 197 197
p 2 0 0 920 197 197
p 2 0 0 920 197 197
p 2 0 0 920 197 197
p 2 0 0 920 197 197
p 2 0 0 920 197 197
p 2 0 0 920 197 197
p 2 0 0 920 197 197
p 2 0 0 920 197 197
p 2 0 0 920 197 197
p 2 0 1 919 198 198
p 2 0 10 910 204 204
p 2 0 2 918 199 199
p 2 0 1 919 198 198
p 2 0 1 919 198 198
p 2 0 0 920 197 197
p 2 0 0 920 197 197
p 2 0 8 912 206 204
p 2 0 1 919 198 198
p 2 0 3 917 199 199
p 2 0 0 920 197 197
p 2 0 8 912 202 202
p 2 0 2 918 198 198
p 2 0 0 920 197 197
p 2 0 0 920 197 197
p 2 0 1 919 198 198
p 2 0 2 918 199 199
p 2 0 0 920 197 197
p 2 0 1 919 198 198
p 2 0 4 916 200 200
p 2 0 2 918 199 199
p 2 0 10 910 204 204
p 2 0 4 916 200 200
p 2 0 1 919 198 198
p 2 0 0 920 197 197
p 2 0 0 920 197 197
p 2 0 0 920 197 197
p 2 0 0 920 197 197
p 2 0 0 920 197 197
p 2 0 0 920 197 197
p 2 0 1 919 198 198
p 2 0 1 919 198 198
p 2 0 0 920 197 197
p 2 0 0 920 197 197
p 2 0 0 920 197 197
p 2 0 0 920 197 197
p 2 0 22 898 212 212
p 2 0 1 919 198 198
p 2 0 0 920 197 197
p 2 0 0 920 197 197
p 2 0 1 919 198 198
p 2 0 6 914 202 202
p 2 0 0 920 197 197
p 2 0 0 920 197 197
p 2 0 0 920 197 197
p 2 0 0 920 197 197
p 2 0 0 920 197 197
p 2 0 0 920 197 197
p 2 0 0 920 197 197
p 2 0 0 920 197 197
p 2 0 0 920 197 197
p 2 0 0 920 197 197
p 2 0 0 920 197 197
p 2 0 0 920 197 197
p 2 0 0 920 197 197
p 2 0 0 920 197 197
p 2 0 0 920 197 197
p 2 0 0 920 197 197
p 2 0 0 920 197 197
p 2 0 0 920 197 197
p 2 0 0 920 197 197
p 2 0 0 920 197 197
p 2 0 37 883 222 222
p 2 0 0 920 197 197
p 2 0 5 915 201 201
p 2 0 0 920 197 197
p 2 0 0 920 197 197
p 2 0 0 920 197 197
p 2 0 0 920 197 197
p 2 0 0 920 197 197
p 2 0 0 920 197 197
p 2 0 0 920 197 197
p 2 0 0 920 197 197
p 2 0 0 920 197 197
p 2 0 1 919 198 198
p 2 0 0 920 197 197
p 2 0 0 920 197 197
p 2 0 0 920 197 197
p 2 0 0 920 197 197
p 2 0 1 919 198 198
p 2 0 7 913 201 201
p 2 0 8 912 202 202
p 2 0 0 920 197 197
p 2 0 9 911 205 204
p 2 0 0 920 197 197
p 2 0 1 919 198 198
p 2 0 0 920 197 197
p 2 0 2 918 199 199
p 2 0 0 920 197 197
p 2 0 0 920 197 197
p 2 0 0 920 197 197
p 2 0 0 920 197 197
p 2 0 0 920 197 197
p 2 0 0 920 197 197
p 2 0 0 920 197 197
p 2 0 0 920 197 197
p 2 0 0 920 197 197
p 2 0 0 920 197 197
p 2 0 0 920 197 197
p 2 0 0 920 197 197
p 2 0 0 920 197 197
p 2 0 0 920 197 197
p 2 0 0 920 197 197
p 2 0 0 920 197 197
p 2 0 0 920 197 197
p 2 0 0 920 197 197
p 2 0 0 920 197 197
p 2 0 0 920 197 197
i 2 920 0 0 21175 3613
p 2 0 545 375 828 707
p 2 0 502 418 680 634
p 2 0 267 653 428 417
p 2 0 259 661 427 414
p 2 0 127 793 303 295
p 2 0 100 820 278 275
p 2 0 60 860 244 242
p 2 0 32 888 223 222
p 2 0 15 905 209 209
p 2 0 20 900 213 212
p 2 0 6 914 202 202
p 2 0 11 909 207 205
p 2 0 11 909 207 206
p 2 0 11 909 205 205
p 2 4 17 899 1192 244
p 2 0 19 901 228 213
p 2 0 8 912 209 203
p 2 0 18 902 906 232
p 2 0 12 908 232 210
p 2 0 8 912 214 205
p 2 1 17 902 932 235
p 2 0 16 904 252 212
p 2 0 8 912 219 203
p 2 0 18 902 890 232
p 2 0 16 904 238 212
p 2 0 8 912 217 205
p 2 1 15 904 932 233
p 2 0 13 907 234 207
p 2 0 3 917 209 201
p 2 2 12 906 723 232
p 2 0 8 912 221 207
p 2 0 7 913 216 204
p 2 0 5 915 202 201
p 2 0 5 915 211 202
p 2 0 3 917 202 199
p 2 4 12 904 1196 242
p 2 0 7 913 213 203
p 2 0 2 918 201 199
p 2 0 15 905 901 230
p 2 0 12 908 249 211
p 2 0 6 914 210 202
p 2 1 14 905 937 232
p 2 0 10 910 238 208
p 2 0 4 916 207 201
p 2 2 12 906 714 232
p 2 0 16 904 235 217
p 2 0 5 915 213 202
p 2 4 10 906 1191 240
p 2 0 8 912 224 204
p 2 0 3 917 201 200
p 2 0 16 904 899 231
p 2 0 12 908 231 208
p 2 0 3 917 210 200
p 2 1 13 906 935 233
p 2 0 8 912 231 205
p 2 0 1 919 200 198
p 2 2 12 906 718 233
p 2 0 11 909 234 209
p 2 0 9 911 219 205
p 2 4 12 904 1209 242
p 2 0 12 908 222 207
p 2 0 6 914 212 203
p 2 0 14 906 891 228
p 2 0 12 908 245 210
p 2 0 6 914 211 203
p 2 1 15 904 991 233
p 2 0 10 910 233 208
p 2 0 4 916 203 201
p 2 2 14 904 734 237
p 2 0 13 907 234 211
p 2 0 11 909 223 208
p 2 4 11 905 1191 241
p 2 0 8 912 225 205
p 2 0 3 917 201 200
p 2 0 1 919 198 198
p 2 0 0 920 197 197
p 2 0 0 920 197 197
p 2 0 15 905 905 230
p 2 0 12 908 244 211
p 2 0 4 916 210 201
p 2 1 12 907 717 227
p 2 0 10 910 231 208
p 2 0 4 916 203 201
p 2 0 3 917 200 200
p 2 0 2 918 199 199
p 2 0 0 920 197 197
p 2 0 0 920 197 197
p 2 0 0 920 197 197
i 2 920 0 0 35494 4132
p 2 0 189 731 448 376
p 2 0 152 768 352 330
p 2 0 46 874 250 240
p 2 0 46 874 238 235
p 2 0 4 916 203 201
p 2 0 13 907 207 207
p 2 0 8 912 208 204
p 2 0 10 910 207 206
p 2 0 3 917 199 199
p 2 0 5 915 202 202
p 2 0 4 916 202 201
p 2 0 3 917 201 201
p 2 0 1 919 198 198
p 2 0 7 913 203 201
p 2 0 3 917 203 199
p 2 0 8 912 203 203
p 2 0 2 918 201 200
p 2 0 1 919 198 198
p 2 0 2 918 200 199
p 2 0 2 918 200 199
p 2 0 3 917 201 199
p 2 0 1 919 198 198
p 2 0 2 918 199 199
p 2 0 2 918 200 199
p 2 0 3 917 200 200
p 2 0 2 918 199 199
p 2 0 5 915 204 201
p 2 0 6 914 201 201
p 2 0 1 919 198 198
p 2 0 4 916 199 199
p 2 0 3 917 201 199
p 2 0 3 917 202 200
p 2 0 1 919 199 199
p 2 0 3 917 202 199
p 2 0 2 918 199 198
p 2 0 2 918 201 199
p 2 0 1 919 198 198
p 2 0 1 919 199 198
p 2 0 1 919 198 198
p 2 0 1 919 198 198
p 2 0 0 920 197 197
p 2 0 1 919 198 198
p 2 0 1 919 198 198
p 2 0 0 920 197 197
p 2 0 1 919 198 198
p 2 0 4 916 203 201
p 2 0 4 916 203 201
p 2 0 4 916 202 201
p 2 0 6 914 200 200
p 2 0 3 917 200 199
p 2 0 2 918 199 198
p 2 0 4 916 206 201
p 2 0 2 918 199 199
p 2 0 1 919 198 198
p 2 0 0 920 197 197
p 2 0 1 919 199 198
p 2 0 0 920 197 197
p 2 0 0 920 197 197
p 2 0 0 920 197 197
p 2 0 2 918 198 198
p 2 0 0 920 197 197
p 2 0 3 917 199 199
p 2 0 0 920 197 197
p 2 0 0 920 197 197
p 2 0 0 920 197 197
p 2 0 0 920 197 197
p 2 0 1 919 198 198
p 2 0 1 919 198 198
p 2 0 0 920 197 197
p 2 0 0 920 197 197
p 2 0 1 919 198 198
p 2 0 0 920 197 197
p 2 0 1 919 198 198
p 2 0 0 920 197 197
p 2 0 0 920 197 197
p 2 0 1 919 198 198
i 2 920 0 0 76855 5211
p 2 0 917 3 14333 1337
p 2 0 916 4 18735 1373
p 2 0 918 2 19916 1416
p 2 0 916 4 19763 1417
p 2 0 917 3 20928 1434
p 2 0 919 1 20336 1429
p 2 0 917 3 20583 1433
p 2 0 918 2 20651 1432
p 2 0 920 0 20868 1444
p 2 0 919 1 20603 1447
p 2 0 918 2 20657 1436
p 2 0 915 5 20647 1437
p 2 0 917 3 20848 1440
p 2 0 916 4 20696 1447
p 2 0 919 1 20707 1436
p 2 0 917 3 20911 1445
p 2 0 920 0 20913 1453
p 2 0 920 0 20652 1450
p 2 0 920 0 20739 1452
p 2 0 917 3 20883 1442
p 2 0 920 0 20934 1454
p 2 0 920 0 21271 1463
p 2 0 920 0 20643 1456
p 2 0 919 1 21260 1453
p 2 0 920 0 20928 1448
p 2 0 919 1 21152 1450
p 2 0 919 1 20802 1453
p 2 0 918 2 21109 1452
p 2 0 920 0 21208 1452
p 2 0 920 0 21220 1454
p 2 0 919 1 20998 1462
p 2 0 917 3 21002 1444
p 2 0 919 1 21349 1448
p 2 0 919 1 21256 1446
p 2 0 919 1 21243 1461
p 2 0 919 1 21220 1439
p 2 0 920 0 21353 1448
p 2 0 918 2 21408 1446
p 2 0 918 2 21551 1450
p 2 0 918 2 21111 1453
p 2 0 919 1 21533 1443
p 2 0 917 3 21254 1447
p 2 0 918 2 21884 1457
p 2 0 919 1 21439 1462
p 2 0 918 2 21598 1452
p 2 0 919 1 21296 1448
p 2 0 916 4 21659 1453
p 2 0 920 0 21569 1456
p 2 0 919 1 21594 1454
p 2 0 920 0 21586 1460
p 2 0 918 2 21516 1448
p 2 0 918 2 21539 1449
p 2 0 920 0 21502 1460
p 2 0 919 1 21542 1460
p 2 0 918 2 21684 1457
p 2 0 918 2 21701 1450
p 2 0 920 0 21636 1453
i 2 920 0 0 86051 5136
p 2 0 107 813 363 296
p 2 38 233 649 25288 949
p 2 0 164 756 794 367
p 2 8 231 681 21930 750
p 2 0 218 702 1017 427
p 2 2 250 668 17857 674
p 2 0 155 765 832 362
p 2 0 248 672 17462 658
p 2 0 228 692 1001 431
p 2 0 160 760 665 349
p 2 0 44 876 309 236
p 2 0 80 840 520 272
p 2 0 88 832 421 279
p 2 0 80 840 416 271
p 2 0 34 886 388 225
p 2 0 51 869 313 240
p 2 0 41 879 306 233
p 2 0 73 847 528 267
p 2 0 59 861 345 250
p 2 0 36 884 299 228
p 2 0 16 904 349 210
p 2 0 14 906 240 209
p 2 0 14 906 239 209
p 2 0 84 836 482 276
p 2 0 66 854 351 256
p 2 0 47 873 315 239
p 2 0 48 872 372 239
p 2 0 61 859 357 251
p 2 0 57 863 338 248
p 2 0 26 894 370 216
p 2 0 7 913 215 203
p 2 0 12 908 221 207
p 2 0 11 909 332 206
p 2 0 16 904 230 209
p 2 0 10 910 220 205
p 2 0 20 900 349 214
p 2 0 11 909 225 206
p 2 0 11 909 216 206
p 2 0 9 911 322 205
p 2 0 10 910 218 205
p 2 0 8 912 210 203
p 2 0 4 916 266 200
p 2 0 2 918 201 199
p 2 0 5 915 207 201
p 2 0 14 906 277 208
p 2 0 9 911 214 203
p 2 0 11 909 222 206
p 2 0 18 902 234 212
p 2 0 10 910 217 204
p 2 0 11 909 224 207
p 2 0 12 908 228 207
p 2 0 23 897 298 215
p 2 0 20 900 245 214
p 2 0 10 910 328 206
p 2 0 7 913 215 203
p 2 0 10 910 221 204
p 2 0 8 912 483 206
p 2 0 5 915 207 200
p 2 0 2 918 205 199
p 2 0 9 911 487 206
p 2 0 6 914 213 203
p 2 0 8 912 217 204
p 2 0 3 917 423 202
p 2 0 5 915 216 202
p 2 0 5 915 206 201
p 2 0 8 912 474 205
p 2 0 3 917 203 199
p 2 0 2 918 200 198
p 2 1 3 916 352 209
p 2 0 7 913 213 202
p 2 0 8 912 208 201
p 2 0 15 905 532 211
p 2 0 8 912 218 204
p 2 0 4 916 204 201
p 2 0 9 911 442 206
p 2 0 19 901 243 211
p 2 0 5 915 208 201
p 2 0 7 913 471 204
p 2 0 6 914 217 203
p 2 0 3 917 203 199
p 2 1 3 916 354 208
p 2 0 3 917 203 199
p 2 0 1 919 198 198
p 2 0 7 913 518 205
p 2 0 6 914 210 202
p 2 0 5 915 203 200
p 2 1 4 915 365 210
p 2 0 0 920 197 197
p 2 0 1 919 199 198
p 2 0 5 915 513 203
p 2 0 4 916 210 201
p 2 0 3 917 203 200
p 2 0 4 916 432 204
p 2 0 2 918 202 199
p 2 0 3 917 203 199
p 2 0 10 910 477 206
p 2 0 6 914 209 202
p 2 0 4 916 203 201
p 2 0 4 916 203 200
p 2 0 7 913 211 202
p 2 0 9 911 212 203
p 2 0 2 918 201 199
p 2 0 8 912 438 205
p 2 0 4 916 205 201
p 2 1 5 914 358 210
p 2 0 8 912 212 204
p 2 0 2 918 200 198
p 2 0 3 917 204 200
p 2 0 2 918 200 199
p 2 0 5 915 207 201
p 2 0 2 918 201 199
p 2 0 6 914 206 203
p 2 0 3 917 203 199
p 2 0 2 918 312 198
p 2 0 3 917 203 200
p 2 0 1 919 198 198
p 2 0 0 920 197 197
p 2 0 0 920 197 197
p 2 0 1 919 199 199
p 2 0 6 914 208 203
p 2 0 3 917 200 199
p 2 0 2 918 199 198
p 2 0 6 914 208 202
p 2 0 7 913 270 202
p 2 0 5 915 208 201
p 2 0 5 915 313 201
p 2 0 3 917 204 200
p 2 0 1 919 199 198
p 2 0 0 920 197 197
p 2 0 3 917 202 199
p 2 0 3 917 204 200
p 2 0 3 917 303 199
p 2 0 3 917 202 200
p 2 0 2 918 201 199
p 2 0 4 916 266 201
p 2 0 4 916 208 200
p 2 0 4 916 204 200
p 2 0 5 915 322 201
p 2 0 2 918 204 199
p 2 0 2 918 201 199
p 2 0 3 917 312 199
p 2 0 2 918 199 198
p 2 0 0 920 197 197
p 2 0 3 917 262 200
p 2 0 6 914 208 202
p 2 0 8 912 216 204
p 2 0 7 913 267 202
p 2 0 6 914 207 202
p 2 0 0 920 197 197
p 2 0 2 918 314 199
p 2 0 2 918 201 199
p 2 0 1 919 200 198
p 2 0 2 918 312 199
p 2 0 3 917 206 200
p 2 0 1 919 199 198
p 2 0 4 916 266 200
p 2 0 1 919 200 198
p 2 0 1 919 198 198
p 2 0 2 918 255 199
p 2 0 1 919 199 198
p 2 0 0 920 197 197
p 2 0 0 920 197 197
p 2 0 1 919 198 198
p 2 0 0 920 197 197
p 2 0 1 919 199 198
p 2 0 0 920 197 197
p 2 0 0 920 197 197
p 2 0 1 919 199 199
p 2 0 10 910 219 205
p 2 0 9 911 269 204
p 2 0 2 918 201 199
p 2 0 5 915 314 201
p 2 0 3 917 202 199
p 2 0 0 920 197 197
p 2 0 0 920 197 197
p 2 0 0 920 197 197
p 2 0 0 920 197 197
p 2 0 0 920 197 197
i 2 920 0 0 44045 4788
p 2 0 189 731 446 377
p 2 33 445 442 26241 1324
p 2 0 285 635 1133 499
p 2 21 414 485 29724 1269
p 2 0 301 619 1296 519
p 2 34 398 488 30580 1359
p 2 0 299 621 1325 527
p 2 32 425 463 33508 1401
p 2 0 329 591 1457 555
p 2 1 206 713 1006 417
p 2 0 57 863 326 247
p 2 1 93 826 850 296
p 2 0 63 857 342 254
p 2 0 75 845 924 273
p 2 0 24 896 250 217
p 2 0 33 887 263 224
p 2 0 39 881 278 230
p 2 0 51 869 784 254
p 2 0 30 890 270 223
p 2 0 36 884 567 237
p 2 0 15 905 228 209
p 2 0 16 904 239 210
p 2 0 21 899 252 214
p 2 1 79 840 816 282
p 2 0 40 880 277 229
p 2 0 24 896 255 216
p 2 0 37 883 840 239
p 2 0 56 864 347 249
p 2 0 31 889 270 222
p 2 0 20 900 698 223
p 2 0 11 909 220 206
p 2 0 6 914 216 203
p 2 0 17 903 793 222
p 2 0 13 907 238 207
p 2 0 7 913 215 203
p 2 1 16 903 482 223
p 2 0 3 917 218 200
p 2 0 0 920 197 197
p 2 2 9 909 776 223
p 2 0 16 904 237 210
p 2 0 3 917 203 200
p 2 0 12 908 684 218
p 2 0 11 909 225 207
p 2 0 3 917 204 200
p 2 0 18 902 781 222
p 2 0 8 912 225 204
p 2 0 3 917 203 200
p 2 1 15 904 467 223
p 2 0 8 912 231 204
p 2 0 11 909 219 204
p 2 2 8 910 756 221
p 2 0 7 913 222 204
p 2 0 3 917 205 200
p 2 0 7 913 671 213
p 2 0 9 911 228 204
p 2 0 2 918 201 199
p 2 0 7 913 779 213
p 2 0 6 914 214 202
p 2 0 3 917 207 201
p 2 0 2 918 200 198
p 2 0 0 920 197 197
p 2 0 0 920 197 197
p 2 0 2 918 201 198
p 2 0 8 912 673 213
p 2 0 6 914 227 203
p 2 81 351 488 34148 1604
p 2 0 292 628 1310 519
p 2 0 134 786 535 327
p 2 71 353 496 33157 1555
p 2 0 302 618 1181 526
p 2 0 107 813 422 300
p 2 70 364 486 35255 1609
p 2 0 298 622 1261 526
p 2 0 111 809 453 307
p 2 93 385 442 36212 1822
p 2 0 306 614 1285 538
p 2 0 130 790 507 325
p 2 6 209 705 7235 492
p 2 0 99 821 477 294
p 2 3 137 780 5338 400
p 2 0 80 840 699 282
p 2 5 100 815 5571 372
p 2 0 82 838 431 273
p 2 0 87 833 794 281
p 2 0 19 901 234 213
p 2 0 27 893 253 218
p 2 0 40 880 478 242
p 2 0 44 876 304 236
p 2 0 34 886 270 226
p 2 1 78 841 775 276
p 2 0 22 898 246 215
p 2 0 36 884 275 228
p 2 0 57 863 603 255
p 2 0 38 882 296 232
p 2 0 16 904 226 211
p 2 0 19 901 643 217
p 2 0 14 906 228 209
p 2 0 31 889 280 224
p 2 0 39 881 481 241
p 2 0 24 896 246 217
p 2 0 8 912 214 204
p 2 1 9 910 612 214
p 2 0 3 917 204 199
p 2 0 8 912 209 204
p 2 0 14 906 488 216
p 2 0 8 912 215 205
p 2 0 2 918 200 199
p 2 0 14 906 628 212
p 2 0 11 909 226 206
p 2 0 3 917 202 200
p 2 0 11 909 478 215
p 2 0 4 916 208 201
p 2 0 1 919 199 198
p 2 0 28 892 372 226
p 2 0 12 908 226 208
p 2 0 13 907 224 207
p 2 1 11 908 465 216
p 2 0 16 904 232 212
p 2 0 17 903 235 211
p 2 0 14 906 627 211
p 2 0 5 915 211 201
p 2 0 6 914 209 201
p 2 0 10 910 478 214
p 2 0 6 914 212 202
p 2 0 3 917 203 200
p 2 0 11 909 610 208
p 2 0 4 916 210 200
p 2 0 4 916 209 201
p 2 0 11 909 414 215
p 2 0 4 916 202 201
p 2 0 1 919 198 198
p 2 1 4 915 600 208
p 2 0 2 918 203 199
p 2 0 2 918 199 199
p 2 0 10 910 484 213
p 2 0 1 919 205 198
p 2 0 2 918 202 199
p 2 0 7 913 603 207
p 2 0 10 910 221 206
p 2 0 3 917 204 199
p 2 0 10 910 411 213
p 2 0 4 916 204 200
p 2 0 4 916 206 200
p 2 1 4 915 598 209
p 2 0 4 916 211 201
p 2 0 3 917 203 199
p 2 0 11 909 492 216
p 2 0 5 915 211 200
p 2 0 1 919 198 198
p 2 0 8 912 613 207
p 2 0 4 916 212 200
p 2 0 2 918 202 199
p 2 0 8 912 475 211
p 2 0 1 919 206 199
p 2 0 3 917 201 200
p 2 0 6 914 328 208
p 2 0 2 918 200 199
p 2 0 1 919 198 198
p 2 1 3 916 440 209
p 2 0 2 918 202 198
p 2 0 1 919 199 198
p 2 0 8 912 619 207
p 2 0 6 914 216 201
p 2 0 6 914 211 201
p 2 0 9 911 410 214
p 2 0 2 918 200 199
p 2 0 1 919 198 198
p 2 1 4 915 590 208
p 2 0 3 917 206 200
p 2 0 5 915 210 202
p 2 0 8 912 409 212
p 2 0 5 915 206 202
p 2 0 3 917 202 200
p 2 1 7 912 600 210
p 2 0 4 916 208 201
p 2 0 3 917 206 200
p 2 0 8 912 474 212
p 2 0 3 917 205 199
p 2 0 0 920 197 197
p 2 0 7 913 608 207
p 2 0 4 916 209 201
p 2 0 1 919 200 198
p 2 0 0 920 197 197
p 2 0 1 919 198 198
p 2 0 0 920 197 197
p 2 0 8 912 483 211
p 2 0 4 916 210 200
p 2 7 42 871 5020 324
p 2 0 25 895 284 221
p 2 2 44 874 5463 305
p 2 0 30 890 317 228
p 2 4 52 864 6274 343
p 2 0 37 883 335 235
p 2 136 325 459 37047 1939
p 2 0 265 655 1125 482
p 2 61 381 478 31436 1575
p 2 0 275 645 1199 501
p 2 48 393 479 31569 1522
p 2 0 297 623 1263 524
p 2 0 138 782 513 337
p 2 0 68 852 915 268
p 2 0 132 788 543 319
p 2 0 43 877 276 234
p 2 1 63 856 609 268
p 2 0 49 871 300 240
p 2 0 52 868 325 242
p 2 2 23 895 755 232
p 2 0 23 897 247 215
p 2 0 20 900 238 213
p 2 0 49 871 741 248
p 2 0 18 902 247 214
p 2 0 17 903 239 212
p 2 0 19 901 816 219
p 2 0 26 894 272 218
p 2 0 33 887 278 227
p 2 1 42 877 570 246
p 2 0 21 899 240 214
p 2 0 18 902 231 210
p 2 2 17 901 731 227
p 2 0 33 887 282 228
p 2 0 15 905 232 209
p 2 0 10 910 644 217
p 2 0 3 917 207 200
p 2 0 3 917 208 200
p 2 0 8 912 771 211
p 2 0 6 914 217 203
p 2 0 1 919 200 198
p 2 0 2 918 201 199
p 2 0 2 918 201 199
p 2 0 1 919 200 198
p 2 0 1 919 199 198
p 2 0 0 920 197 197
p 2 0 2 918 201 199
p 2 0 6 914 631 212
p 2 0 8 912 218 205
p 2 1 5 914 323 209
p 2 0 2 918 200 199
p 2 0 1 919 198 198
i 2 920 0 0 62032 5030
p 2 0 112 808 355 301
p 2 0 59 861 274 252
p 2 0 28 892 232 225
p 2 0 21 899 219 217
p 2 0 9 911 209 204
p 2 1 16 903 482 218
p 2 0 9 911 212 204
p 2 1 13 906 586 216
p 2 0 6 914 210 201
p 2 1 11 908 375 217
p 2 0 9 911 212 205
p 2 0 3 917 201 200
p 2 0 6 914 204 203
p 2 1 8 911 608 213
p 2 0 5 915 207 200
p 2 0 9 911 506 209
p 2 0 6 914 213 203
p 2 1 5 914 578 212
p 2 0 1 919 200 198
p 2 0 2 918 202 199
p 2 0 2 918 199 199
p 2 0 0 920 197 197
p 2 0 0 920 197 197
p 2 0 2 918 200 199
p 2 0 3 917 202 201
p 2 0 1 919 199 198
p 2 0 1 919 198 198
p 2 0 9 911 509 209
p 2 0 4 916 209 202
p 2 10 300 610 19683 931
p 2 0 221 699 1005 433
p 2 0 312 608 15696 805
p 2 0 235 685 1035 444
p 2 4 318 598 16737 858
p 2 0 236 684 1051 445
p 2 239 227 454 34284 2242
p 2 0 216 704 879 427
p 2 0 99 821 393 293
p 2 260 278 382 40527 2463
p 2 0 262 658 1082 478
p 2 0 124 796 477 319
p 2 265 305 350 43632 2573
p 2 0 272 648 1161 496
p 2 0 104 816 403 298
p 2 305 275 340 44712 2690
p 2 0 278 642 1004 484
p 2 0 114 806 415 301
p 2 4 223 693 11898 626
p 2 0 154 766 671 350
p 2 0 62 858 307 249
p 2 3 169 748 12429 583
p 2 0 124 796 662 329
i 2 920 0 0 47922 4942
p 2 76 844 0 26376 2237
p 2 55 865 0 20962 2014
p 2 29 891 0 20729 1975
p 2 26 894 0 19222 1914
p 2 28 892 0 20662 1987
p 2 32 888 0 21822 1989
p 2 39 881 0 21384 1990
p 2 33 885 2 19334 1930
p 2 28 892 0 19574 1898
p 2 39 881 0 20070 1962
p 2 30 889 1 15916 1817
p 2 30 884 6 15596 1853
p 2 29 887 4 14689 1829
p 2 18 899 3 13207 1824
p 2 13 907 0 13474 1776
p 2 17 903 0 13148 1816
p 2 17 903 0 12578 1795
p 2 17 903 0 13311 1753
p 2 20 900 0 15597 1836
p 2 23 897 0 14115 1806
p 2 28 892 0 14664 1826
p 2 24 896 0 15868 1797
p 2 18 902 0 13706 1747
p 2 12 908 0 14319 1671
p 2 17 903 0 16884 1745
p 2 10 910 0 20971 1767
p 2 20 900 0 19361 1761
p 2 12 908 0 20209 1746
p 2 14 906 0 17502 1619
p 2 0 911 9 10631 1329
p 2 0 914 6 10935 1323
p 2 0 909 11 11345 1345
p 2 0 904 16 11644 1343
p 2 0 905 15 11464 1344
p 2 0 909 11 11644 1361
p 2 0 902 18 11677 1362
p 2 0 902 18 11703 1367
p 2 0 911 9 11792 1369
p 2 0 906 14 11590 1377
p 2 0 908 12 11546 1368
p 2 0 906 14 11816 1377
p 2 0 904 16 11508 1366
p 2 0 902 18 11655 1365
p 2 0 906 14 11801 1370
p 2 0 906 14 11778 1364
p 2 0 897 23 11437 1367
p 2 0 906 14 11755 1372
p 2 0 907 13 11795 1370
p 2 0 907 13 11858 1377
p 2 0 909 11 11341 1359
p 2 0 907 13 11681 1367
p 2 0 900 20 11647 1370
p 2 0 909 11 11924 1383
p 2 0 907 13 11555 1374
p 2 0 907 13 11566 1370
p 2 0 900 20 11597 1377
p 2 0 906 14 11796 1374
p 2 0 893 27 11626 1367
p 2 0 908 12 11505 1371
p 2 0 907 13 11711 1369
p 2 0 906 14 11743 1383
p 2 0 894 26 11749 1374
p 2 0 906 14 11729 1396
p 2 0 905 15 11573 1361
p 2 0 906 14 11689 1377
p 2 0 911 9 11480 1369
p 2 0 907 13 11662 1382
p 2 0 901 19 11682 1371
p 2 0 910 10 11598 1383
p 2 0 904 16 11563 1366
p 2 0 906 14 11440 1365
p 2 0 908 12 11562 1362
p 2 0 908 12 11622 1367
p 2 0 900 20 11459 1365
p 2 0 911 9 11764 1380
p 2 0 895 25 11624 1356
p 2 0 909 11 11757 1367
p 2 0 910 10 11708 1374
p 2 0 910 10 11426 1364
p 2 0 901 19 11526 1357
p 2 0 902 18 11473 1349
p 2 0 902 18 11762 1353
p 2 0 908 12 11722 1379
p 2 0 901 19 11504 1361
p 2 0 908 12 11497 1373
p 2 0 906 14 11741 1380
p 2 0 901 19 11612 1374
p 2 0 912 8 11473 1374
p 2 0 911 9 11502 1373
p 2 0 908 12 11555 1367
p 2 0 901 19 11565 1368
p 2 0 905 15 11553 1369
p 2 0 904 16 11710 1370
p 2 0 910 10 11531 1373
p 2 0 910 10 11391 1360
p 2 0 905 15 11609 1363
p 2 0 903 17 11659 1356
p 2 0 906 14 11616 1357
p 2 0 912 8 11474 1368
p 2 0 900 20 11593 1367
p 2 0 905 15 11827 1370
p 2 0 901 19 11807 1359
p 2 0 910 10 11524 1372
p 2 0 909 11 11576 1369
p 2 0 911 9 11532 1372
p 2 0 902 18 11714 1370
p 2 0 910 10 11511 1374
p 2 0 908 12 11349 1347
p 2 0 901 19 11480 1361
p 2 0 899 21 11431 1351
p 2 0 912 8 11437 1365
p 2 0 909 11 11456 1363
p 2 0 906 14 11424 1372
p 2 0 900 20 11359 1356
p 2 0 913 7 11528 1363
p 2 0 897 23 11388 1359
p 2 0 908 12 11472 1362
p 2 0 905 15 11377 1365
i 2 920 0 0 26564 4029
p 2 0 387 533 617 537
p 2 0 393 527 566 535
p 2 0 255 665 447 412
p 2 0 223 697 418 389
p 2 0 128 792 323 306
p 2 0 183 737 361 347
p 2 0 141 779 336 317
p 2 0 140 780 328 306
p 2 0 101 819 292 277
p 2 0 83 837 285 265
p 2 0 56 864 264 242
p 2 0 61 859 258 247
p 2 0 40 880 249 230
p 2 0 47 873 255 238
p 2 0 43 877 236 231
p 2 0 25 895 229 217
p 2 0 21 899 217 214
p 2 0 9 911 208 205
p 2 0 14 906 210 207
p 2 0 29 891 222 220
p 2 0 28 892 225 218
p 2 0 53 867 249 239
p 2 0 46 874 240 234
p 2 0 41 879 245 230
p 2 0 15 905 214 210
p 2 0 13 907 210 208
p 2 0 12 908 209 207
p 2 0 15 905 215 209
p 2 0 5 915 203 201
p 2 0 6 914 203 202
p 2 0 3 917 203 200
p 2 0 3 917 205 200
p 2 0 6 914 203 202
p 2 0 3 917 205 200
p 2 0 1 919 199 198
p 2 0 10 910 206 205
p 2 0 1 919 198 198
p 2 0 2 918 204 200
p 2 0 2 918 201 199
p 2 0 5 915 201 201
p 2 0 1 919 198 198
i 2 920 0 0 12115 3661
p 2 287 599 34 13830 3098
p 2 350 566 4 20215 3527
p 2 415 498 7 34517 3684
p 2 100 817 3 20690 2423
p 2 25 876 19 15893 2056
p 2 21 869 30 14464 1891
p 2 16 887 17 10758 1839
p 2 13 861 46 9077 1687
p 2 5 847 68 6561 1470
p 2 1 842 77 4645 1353
p 2 1 858 61 4903 1395
i 2 920 0 0 70026 4629
p 2 0 896 24 21902 1471
p 2 0 906 14 27319 1558
p 2 0 895 25 30100 1578
p 2 1 897 22 31446 1586
p 2 0 909 11 31649 1587
p 2 1 904 15 32139 1618
p 2 2 898 20 32003 1609
p 2 0 915 5 32161 1615
p 2 3 896 21 29156 1630
p 2 2 903 15 28384 1632
p 2 2 901 17 28770 1625
p 2 0 909 11 28974 1615
p 2 1 910 9 28671 1612
p 2 0 903 17 28002 1596
p 2 3 899 18 29279 1617
p 2 1 899 20 28261 1585
p 2 1 899 20 29001 1595
p 2 1 910 9 28690 1605
p 2 0 902 18 28421 1581
p 2 0 912 8 28275 1593
p 2 4 904 12 29457 1608
p 2 1 912 7 28866 1619
p 2 0 902 18 29009 1591
p 2 0 913 7 29566 1615
p 2 1 908 11 29769 1606
p 2 0 912 8 29021 1603
p 2 3 895 22 29781 1605
p 2 1 907 12 29121 1610
p 2 4 903 13 29721 1633
p 2 5 909 6 29418 1653
p 2 1 906 13 29284 1616
p 2 0 908 12 29108 1600
p 2 0 890 30 30344 1612
p 2 0 916 4 29391 1623
p 2 3 903 14 30041 1619
p 2 2 909 9 29994 1635
p 2 4 905 11 30163 1635
p 2 2 912 6 29732 1628
p 2 2 903 15 30570 1636
p 2 0 909 11 29955 1616
p 2 1 905 14 30624 1635
p 2 3 907 10 30157 1639
p 2 0 908 12 30469 1613
p 2 0 907 13 30213 1617
p 2 1 905 14 31191 1624
p 2 0 913 7 30388 1629
p 2 0 902 18 30953 1612
p 2 0 908 12 31109 1627
p 2 0 910 10 31456 1630
p 2 0 911 9 30333 1612
p 2 0 914 6 31222 1606
p 2 0 908 12 30967 1614
p 2 1 907 12 31513 1628
p 2 1 918 1 31450 1645
p 2 0 904 16 31096 1613
p 2 0 913 7 31239 1635
p 2 0 907 13 31790 1630
p 2 11 909 0 34416 1903
p 2 5 915 0 35122 1892
p 2 6 914 0 36016 1917
p 2 8 911 1 37267 1921
p 2 7 913 0 37899 1941
p 2 2 918 0 39241 1926
p 2 2 918 0 40168 1935
p 2 1 919 0 41559 1942
p 2 1 919 0 41814 1925
p 2 2 918 0 42070 1941
p 2 3 917 0 41437 1960
p 2 2 918 0 41125 1954
p 2 8 912 0 40020 1961
p 2 7 913 0 39713 1977
p 2 14 906 0 39473 2000
p 2 12 908 0 39074 2031
p 2 14 906 0 37090 2001
p 2 13 907 0 36973 2018
p 2 11 909 0 38604 1989
p 2 0 920 0 30301 1711
p 2 0 920 0 30591 1672
p 2 0 920 0 30847 1697
p 2 0 920 0 30436 1674
p 2 0 920 0 31748 1709
p 2 0 919 1 30559 1691
p 2 0 920 0 31192 1700
p 2 0 920 0 30056 1699
p 2 0 920 0 30423 1705
p 2 0 920 0 29251 1700
p 2 0 920 0 30470 1714
p 2 0 920 0 29603 1692
p 2 0 920 0 30608 1720
p 2 0 920 0 30065 1695
p 2 0 920 0 31904 1727
p 2 0 920 0 31225 1726
p 2 2 918 0 31268 1725
p 2 0 919 1 30142 1719
p 2 1 919 0 30912 1751
p 2 0 919 1 29584 1734
p 2 2 918 0 29404 1766
p 2 3 915 2 27236 1751
p 2 5 915 0 27477 1753
p 2 5 915 0 32693 1973
p 2 0 920 0 25907 1739
p 2 0 917 3 24504 1726
p 2 0 920 0 25469 1722
p 2 0 917 3 24418 1733
p 2 0 920 0 24531 1735
p 2 0 920 0 23699 1739
p 2 0 920 0 25603 1738
p 2 0 920 0 24938 1750
p 2 0 920 0 24891 1751
p 2 0 920 0 23412 1744
p 2 30 890 0 24674 1818
p 2 18 902 0 22998 1817
p 2 0 919 1 23522 1835
p 2 0 919 1 21311 1759
p 2 3 917 0 22954 1879
p 2 0 920 0 21403 1874
p 2 0 920 0 22650 1787
p 2 0 920 0 20835 1769
p 2 0 920 0 20694 1789
p 2 0 920 0 20053 1795
p 2 0 920 0 20242 1790
p 2 0 920 0 19694 1819
p 2 0 920 0 19296 1818
p 2 2 918 0 18130 1910
p 2 0 920 0 18549 1828
p 2 0 920 0 16670 1792
p 2 0 920 0 16768 1800
p 2 0 920 0 16101 1818
p 2 0 920 0 16671 1832
p 2 0 920 0 15172 1833
p 2 0 920 0 14938 1876
p 2 0 920 0 15009 1922
p 2 0 920 0 26293 1955
p 2 41 879 0 19359 2180
p 2 72 848 0 25940 2337
p 2 87 833 0 32176 2458
p 2 99 821 0 38587 2616
p 2 152 768 0 42650 2806
p 2 172 748 0 45683 2923
p 2 171 749 0 47897 2945
p 2 173 747 0 50739 2996
p 2 179 741 0 53356 3071
p 2 171 749 0 54302 3130
p 2 163 757 0 56002 3124
p 2 195 725 0 54051 3236
p 2 167 753 0 53191 3153
p 2 38 857 25 48202 2486
p 2 51 851 18 49250 2541
p 2 92 802 26 51113 2795
p 2 87 816 17 55009 2867
p 2 99 819 2 58052 2846
p 2 79 841 0 58763 2837
p 2 47 873 0 58464 2662
p 2 51 869 0 59517 2725
p 2 115 805 0 62431 2955
p 2 118 802 0 61628 3048
p 2 63 857 0 62697 2871
p 2 55 865 0 61116 2718
p 2 51 869 0 62616 2775
p 2 57 863 0 64482 2753
p 2 69 851 0 63881 2827
p 2 80 839 1 65183 2905
p 2 101 819 0 65121 2954
p 2 157 762 1 59812 3047
p 2 91 829 0 63668 2875
p 2 66 853 1 58634 2746
p 2 63 855 2 57251 2693
p 2 62 856 2 55428 2715
p 2 60 859 1 49438 2602
p 2 56 858 6 46448 2551
p 2 68 848 4 46129 2577
p 2 64 853 3 50404 2687
p 2 56 863 1 49865 2615
p 2 49 862 9 51183 2496
p 2 47 869 4 54678 2560
p 2 55 865 0 57236 2599
p 2 83 837 0 58174 2742
p 2 64 856 0 57693 2636
p 2 94 825 1 57722 2765
p 2 111 809 0 54035 2787
p 2 91 828 1 55051 2730
p 2 49 871 0 50089 2541
p 2 35 882 3 47531 2490
p 2 84 836 0 45655 2664
p 2 112 805 3 46312 2774
p 2 77 842 1 45698 2616
p 2 39 881 0 38156 2377
p 2 34 884 2 33158 2275
p 2 24 895 1 31582 2289
p 2 77 843 0 30503 2381
p 2 71 849 0 29177 2392
p 2 44 873 3 32016 2335
p 2 19 901 0 27073 2214
p 2 6 914 0 23895 2078
p 2 3 917 0 24331 2054
p 2 11 909 0 23169 2015
p 2 3 917 0 22736 1966
p 2 0 920 0 24143 1941
p 2 5 915 0 25048 1999
p 2 20 900 0 26169 2068
p 2 13 907 0 27121 2141
p 2 18 902 0 28759 2243
p 2 22 898 0 30014 2333
p 2 16 904 0 27689 2218
p 2 15 905 0 26317 2270
p 2 9 910 1 27522 2219
p 2 8 912 0 28067 2205
p 2 4 916 0 27465 2115
p 2 18 901 1 30432 2222
p 2 13 907 0 30934 2198
p 2 11 909 0 30836 2165
p 2 15 905 0 30490 2131
p 2 20 900 0 29488 2079
p 2 5 915 0 27851 1981
p 2 15 903 2 29316 2020
p 2 14 903 3 30338 2036
p 2 5 912 3 30083 2018
p 2 5 913 2 30922 2007
p 2 8 911 1 28424 1984
p 2 7 911 2 30889 1992
p 2 11 909 0 28599 1949
p 2 3 914 3 31352 2007
p 2 2 917 1 28251 1938
p 2 4 913 3 32412 1959
p 2 6 911 3 31022 1916
p 2 2 910 8 28792 1844
p 2 2 913 5 27209 1818
p 2 1 897 22 30307 1829
p 2 4 908 8 31362 1842
p 2 2 892 26 31176 1800
p 2 1 904 15 24940 1736
p 2 1 895 24 28565 1716
p 2 4 887 29 28236 1757
p 2 0 880 40 24399 1669
p 2 1 897 22 23278 1679
p 2 0 868 52 25878 1645
p 2 1 896 23 26199 1675
p 2 1 867 52 21567 1622
p 2 0 892 28 21373 1601
p 2 1 834 85 24078 1571
p 2 1 885 34 25609 1637
p 2 2 861 57 24153 1586
p 2 0 903 17 22710 1607
p 2 0 837 83 23115 1532
p 2 0 889 31 23678 1576
p 2 0 858 62 25277 1536
p 2 0 879 41 22258 1510
p 2 0 820 100 19929 1457
p 2 0 873 47 19770 1504
p 2 0 784 136 21006 1439
p 2 0 866 54 21542 1474
p 2 0 801 119 22089 1420
p 2 0 859 61 23300 1469
p 2 0 763 157 22414 1379
p 2 0 854 66 21206 1445
p 2 0 754 166 20119 1385
p 2 0 870 50 20223 1473
p 2 0 735 185 20374 1357
p 2 0 862 58 21178 1439
p 2 0 749 171 21738 1353
p 2 0 836 84 22730 1411
p 2 0 743 177 23425 1326
p 2 0 780 140 21747 1345
p 2 0 725 195 20043 1281
p 2 0 813 107 17105 1297
p 2 0 695 225 13470 1154
i 2 920 0 0 79362 4595
p 2 0 521 399 16284 902
p 2 0 473 447 16857 846
p 2 0 381 539 21519 805
p 2 0 405 515 16416 794
p 2 3 455 462 26207 882
p 2 0 404 516 22239 826
p 2 0 440 480 19434 824
p 2 0 428 492 20074 812
p 2 0 360 560 23742 779
p 2 0 408 512 20121 798
p 2 0 402 518 19119 788
p 2 0 368 552 22399 780
p 2 0 349 571 18243 726
p 2 0 355 565 18740 740
p 2 0 390 530 23277 806
p 2 0 379 541 18023 754
p 2 0 330 590 18108 713
p 2 0 355 565 22247 769
p 2 0 381 539 17343 759
p 2 0 339 581 17502 722
p 2 0 316 604 21627 719
p 2 0 329 591 17238 697
p 2 0 353 567 17645 728
p 2 0 368 552 20963 778
p 2 0 355 565 17922 724
p 2 0 337 583 17862 716
p 2 0 341 579 20617 740
p 2 0 349 571 17769 722
p 2 0 324 596 18703 695
p 2 0 301 619 1877 527
p 2 0 437 483 3602 651
p 2 6 521 393 15089 893
p 2 4 509 407 24731 978
p 2 0 542 378 28059 1049
p 2 0 539 381 28761 1062
p 2 0 555 365 31191 1119
p 2 3 528 389 37944 1226
p 2 23 539 358 45999 1520
p 2 116 468 336 54023 2039
p 2 139 429 352 24038 1860
p 2 13 438 469 6837 1011
p 2 0 395 525 2051 648
p 2 0 379 541 1947 613
p 2 0 424 496 2224 672
p 2 4 355 561 10383 710
p 2 0 431 489 2320 684
p 2 0 410 510 2351 656
p 2 0 348 572 1897 580
p 2 0 273 647 1731 505
p 2 0 291 629 1805 531
p 2 0 283 637 1859 515
p 2 0 277 643 1829 518
p 2 0 267 653 1926 508
p 2 5 371 544 11144 733
p 2 0 367 553 5057 635
p 2 10 371 539 11517 777
p 2 66 359 495 23174 1198
p 2 49 495 376 31414 1401
p 2 20 767 133 32672 1560
p 2 8 842 70 38742 1612
p 2 1 855 64 41234 1632
p 2 0 861 59 37996 1601
p 2 3 853 64 39426 1658
p 2 1 871 48 38780 1626
p 2 1 865 54 43210 1730
p 2 16 866 38 47013 1960
p 2 102 780 38 49773 2353
p 2 109 780 31 30076 2214
p 2 11 821 88 15204 1452
p 2 0 682 238 7582 1050
p 2 0 684 236 7391 1036
p 2 0 660 260 7607 1011
p 2 0 757 163 10255 1137
p 2 0 653 267 6968 1000
p 2 0 688 232 6700 1041
p 2 0 711 209 8991 1084
p 2 0 711 209 6213 1057
p 2 0 589 331 5799 921
p 2 0 654 266 5590 985
p 2 0 673 247 5814 1013
p 2 0 647 273 7100 1005
p 2 0 493 427 4376 799
p 2 13 592 315 7320 1039
p 2 0 632 288 6792 971
p 2 23 648 249 8116 1225
p 2 0 536 384 4513 849
p 2 5 689 226 12590 1272
p 2 26 677 217 14086 1339
p 2 0 654 266 5195 1001
p 2 16 548 356 9030 1021
p 2 0 499 421 4538 808
p 2 0 629 291 5904 979
p 2 0 649 271 7576 1008
p 2 0 597 323 9002 974
p 2 0 529 391 9912 891
p 2 24 624 272 20772 1264
p 2 2 624 294 9502 1043
p 2 2 615 303 7754 1025
p 2 1 526 393 6329 884
p 2 1 609 310 6186 982
p 2 1 623 296 6104 987
p 2 0 586 334 4866 932
p 2 0 594 326 5137 949
p 2 0 564 356 4712 905
p 2 0 493 427 4508 820
p 2 0 526 394 4688 857
p 2 0 547 373 4964 874
p 2 0 577 343 5162 910
p 2 0 478 442 4510 799
p 2 0 535 385 5099 863
p 2 0 540 380 4881 868
p 2 0 534 386 5086 864
p 2 0 479 441 4503 799
p 2 0 507 413 4600 834
p 2 0 515 405 4831 842
p 2 2 588 330 19007 1071
p 2 0 581 339 10312 951
p 2 0 545 375 9891 900
p 2 17 621 282 14593 1128
p 2 0 604 316 10468 978
p 2 30 620 270 15176 1241
p 2 0 624 296 5220 980
p 2 5 683 232 9560 1191
p 2 26 665 229 14083 1348
p 2 0 564 356 4644 881
p 2 16 626 278 9769 1123
p 2 0 605 315 5724 939
p 2 1 623 296 7071 1019
p 2 1 518 401 6413 845
p 2 4 449 467 7812 801
p 2 4 553 363 11173 960
p 2 10 599 311 14465 1067
p 2 14 572 334 15377 1073
p 2 34 582 304 25842 1323
p 2 14 582 324 15639 1093
p 2 7 565 348 16867 1025
p 2 12 576 332 19549 1092
p 2 12 559 349 21880 1075
p 2 11 600 309 23789 1148
p 2 12 655 253 25932 1255
p 2 10 623 287 22341 1180
p 2 14 523 383 23962 1094
p 2 26 688 206 30817 1424
p 2 14 612 294 27623 1227
p 2 45 665 210 31025 1532
p 2 7 681 232 26324 1244
p 2 23 656 241 28667 1454
p 2 28 679 213 30799 1480
p 2 0 690 230 21245 1158
p 2 17 714 189 23946 1305
p 2 0 591 329 4808 927
p 2 1 644 275 5899 998
p 2 0 626 294 4980 948
p 2 0 639 281 5118 977
p 2 0 467 453 4079 758
p 2 0 580 340 4591 887
p 2 0 591 329 4658 899
p 2 0 575 345 4534 887
p 2 0 421 499 3890 711
p 2 0 551 369 4458 871
p 2 0 572 348 4704 889
p 2 0 611 309 4785 938
p 2 0 454 466 4101 744
p 2 0 564 356 4456 872
p 2 0 659 261 5239 990
p 2 0 552 368 4230 865
p 2 0 443 477 3898 726
p 2 0 518 402 4137 815
p 2 0 526 394 4376 829
p 2 0 528 392 4129 835
p 2 0 421 499 3791 706
p 2 0 496 424 4122 800
p 2 0 521 399 4473 824
p 2 0 482 438 4030 785
p 2 0 497 423 4433 807
p 2 0 495 425 4078 798
p 2 0 410 510 3740 701
p 2 0 456 464 3932 758
p 2 0 479 441 4173 777
p 2 0 478 442 3970 782
p 2 0 402 518 3751 691
p 2 0 465 455 3772 751
p 2 0 495 425 4380 799
p 2 0 564 356 5364 876
p 2 0 507 413 5703 814
p 2 0 573 347 6556 893
p 2 0 694 226 9161 1071
p 2 0 739 181 13222 1174
p 2 0 648 272 15796 1101
p 2 0 732 188 17015 1219
p 2 0 752 168 18688 1271
p 2 0 711 209 19706 1300
p 2 2 658 260 23084 1313
p 2 21 670 229 28135 1520
p 2 95 622 203 23692 1774
p 2 44 635 241 11567 1349
p 2 1 710 209 8842 1173
p 2 0 671 249 7421 1063
p 2 0 603 317 7308 995
p 2 0 652 268 7540 1050
p 2 8 680 232 12492 1184
p 2 10 652 258 14884 1173
p 2 13 608 299 16450 1156
p 2 13 712 195 20364 1319
p 2 15 734 171 21566 1369
p 2 6 759 155 22599 1361
p 2 2 746 172 22946 1306
p 2 4 738 178 24318 1324
p 2 7 743 170 23785 1347
p 2 32 747 141 36339 1604
p 2 8 797 115 24008 1431
p 2 7 787 126 22921 1406
p 2 11 735 174 24253 1345
p 2 6 617 297 24789 1157
p 2 7 777 136 24371 1388
p 2 22 763 135 29000 1553
p 2 6 742 172 24757 1353
p 2 3 720 197 17768 1254
p 2 1 683 236 23812 1231
p 2 0 713 207 18291 1184
p 2 0 736 184 14910 1173
p 2 0 670 250 5254 1002
p 2 0 570 350 4444 860
p 2 0 634 286 5284 962
p 2 0 559 361 4349 867
p 2 0 484 436 4178 780
p 2 0 522 398 4294 825
p 2 0 524 396 4585 837
p 2 0 461 459 3740 731
p 2 0 428 492 3761 702
i 2 920 0 0 116281 5831
p 2 0 895 25 57940 1737
p 2 0 892 28 63862 1779
p 2 3 885 32 85056 1986
p 2 0 895 25 64603 1772
p 2 0 899 21 66556 1783
p 2 1 902 17 83610 1999
p 2 0 896 24 64373 1787
p 2 0 895 25 66543 1798
p 2 2 894 24 80425 1944
p 2 0 902 18 66014 1799
p 2 0 904 16 66335 1810
p 2 1 901 18 80010 1943
p 2 0 899 21 67663 1797
p 2 0 906 14 66551 1816
p 2 21 884 15 98018 2256
p 2 0 900 20 65670 1790
p 2 0 910 10 66732 1823
p 2 10 895 15 96660 2172
p 2 0 918 2 65693 1836
p 2 0 909 11 65405 1815
p 2 20 888 12 98635 2273
p 2 0 904 16 62555 1802
p 2 0 906 14 63578 1787
p 2 7 902 11 87481 2062
p 2 0 901 19 58155 1758
p 2 0 906 14 56281 1764
p 2 0 902 18 78962 1944
p 2 0 909 11 54389 1757
p 2 0 901 19 57889 1774
p 2 1 906 13 74392 1887
p 2 0 907 13 60169 1795
p 2 0 900 20 61435 1774
p 2 0 907 13 70745 1830
p 2 0 909 11 59235 1762
p 2 0 906 14 57831 1738
p 2 0 905 15 74404 1853
p 2 0 902 18 50862 1689
p 2 0 905 15 56896 1694
i 2 920 0 0 43302 4050
p 2 0 275 645 609 437
p 2 1 661 258 24978 1194
p 2 1 562 357 24193 1120
p 2 0 562 358 23307 1117
p 2 14 568 338 22293 1149
p 2 0 539 381 23735 1012
p 2 0 416 504 5488 638
p 2 0 508 412 23044 963
p 2 0 402 518 5642 618
p 2 0 511 409 24324 984
p 2 1 681 238 27013 1380
p 2 0 683 237 24330 1261
p 2 0 480 440 1612 683
p 2 1 640 279 26840 1256
p 2 0 407 513 1526 612
p 2 1 584 335 25261 1167
p 2 0 503 417 1735 703
p 2 3 532 385 24782 1132
p 2 0 492 428 23406 1066
p 2 0 376 544 1404 589
p 2 0 493 427 19779 954
p 2 0 401 519 1596 617
p 2 0 649 271 22643 1222
p 2 0 507 413 1824 718
p 2 0 538 382 19334 987
p 2 0 407 513 1425 601
p 2 0 486 434 20144 944
p 2 0 497 423 24147 1040
p 2 0 359 561 1377 569
p 2 1 481 438 23720 1041
p 2 0 348 572 1343 560
p 2 251 363 306 39516 2344
p 2 0 339 581 1009 521
p 2 35 499 386 33747 1372
p 2 0 667 253 4916 1042
p 2 37 592 291 33773 1465
p 2 0 518 402 1677 707
p 2 37 538 345 34063 1412
p 2 0 473 447 1629 672
p 2 35 449 436 33563 1330
p 2 0 387 533 1364 599
p 2 35 468 417 33133 1322
p 2 10 457 453 29245 1079
p 2 0 391 529 3137 650
p 2 3 411 506 29045 1001
p 2 0 312 608 1291 527
p 2 38 582 300 36320 1587
p 2 0 567 353 2104 805
p 2 35 531 354 33794 1407
p 2 6 469 445 13602 778
p 2 38 503 379 33994 1357
p 2 12 468 440 29382 1105
p 2 0 389 531 3283 647
p 2 3 427 490 29097 1007
p 2 0 411 509 1460 611
p 2 37 456 427 33699 1290
p 2 0 389 531 1329 582
p 2 37 403 480 33768 1284
p 2 0 558 362 4588 928
p 2 132 557 231 41016 2002
p 2 0 442 478 1642 662
p 2 264 431 225 50838 2590
p 2 130 563 227 38370 2118
p 2 0 429 491 1401 648
p 2 197 538 185 47332 2377
p 2 1 443 476 5832 710
p 2 16 403 501 24424 1014
p 2 0 364 556 5303 626
p 2 4 426 490 22148 937
p 2 0 369 551 5283 629
p 2 4 566 350 25622 1194
p 2 5 567 348 23533 1088
p 2 0 416 504 5715 691
p 2 0 349 571 5163 601
p 2 4 444 472 22249 939
p 2 0 354 566 5259 609
p 2 18 339 563 20236 919
p 2 0 289 631 5206 549
p 2 14 326 580 24177 955
p 2 0 272 648 5144 530
p 2 4 316 600 22039 815
p 2 0 275 645 5121 551
p 2 3 557 360 25474 1180
p 2 0 458 462 5772 748
p 2 2 452 466 23118 943
p 2 0 447 473 5595 698
p 2 4 401 515 22277 886
p 2 0 333 587 5193 607
p 2 16 316 588 24420 942
p 2 0 284 636 5169 542
p 2 15 296 609 24321 918
p 2 0 250 670 5109 498
p 2 4 346 570 23468 869
p 2 0 280 640 7363 574
p 2 4 577 339 28473 1235
p 2 0 467 453 8626 785
p 2 2 450 468 25934 964
p 2 3 403 514 9588 723
p 2 18 418 484 27867 1068
p 2 25 389 506 12478 930
p 2 65 373 482 31841 1403
p 2 6 734 180 25806 1459
i 2 920 0 0 37276 4362
p 2 255 663 2 39516 3592
p 2 147 772 1 38013 3069
p 2 21 883 16 57241 2359
p 2 85 805 30 45117 2447
p 2 1 757 162 12616 1321
p 2 9 620 291 27451 1304
p 2 1 611 308 3772 927
p 2 5 600 315 22728 1173
p 2 0 612 308 3831 886
p 2 6 467 447 23482 1016
p 2 1 476 443 3293 730
p 2 3 623 294 26236 1234
p 2 0 511 409 7676 788
p 2 3 495 422 27476 1064
p 2 0 484 436 8678 762
p 2 0 684 236 13538 1186
p 2 8 718 194 33886 1510
p 2 0 500 420 2301 771
p 2 12 553 355 28420 1251
p 2 0 468 452 1864 698
p 2 4 539 377 23849 1110
p 2 0 412 508 1902 647
p 2 7 437 476 24954 1025
p 2 0 345 575 1431 565
p 2 3 468 449 24093 1046
p 2 0 339 581 1320 550
p 2 3 381 536 23594 928
p 2 4 889 27 11871 1525
p 2 18 786 116 29419 1631
p 2 17 737 166 10709 1227
p 2 23 685 212 28741 1526
p 2 14 704 202 14653 1207
p 2 18 594 308 28856 1365
p 2 24 741 155 21106 1397
p 2 25 724 171 32258 1626
p 2 9 705 206 16531 1243
p 2 17 715 188 26244 1535
p 2 13 700 207 17866 1300
p 2 13 761 146 25279 1539
p 2 15 822 83 25344 1705
p 2 22 793 105 28361 1761
p 2 10 677 233 17318 1285
p 2 30 759 131 27655 1753
p 2 10 764 146 20909 1467
p 2 22 779 119 23149 1635
p 2 17 759 144 23572 1531
p 2 13 810 97 21886 1613
p 2 7 737 176 20118 1417
p 2 15 821 84 27145 1750
p 2 1 675 244 16816 1230
p 2 6 657 257 20957 1390
p 2 22 771 127 23661 1713
p 2 4 699 217 20646 1449
p 2 0 628 292 15944 1163
p 2 29 615 276 22063 1526
p 2 0 627 293 12602 1115
p 2 3 607 310 18958 1261
p 2 25 586 309 21271 1321
p 2 5 644 271 21474 1327
p 2 0 533 387 14126 1005
p 2 21 612 287 23593 1448
p 2 1 565 354 10389 999
p 2 4 608 308 13416 1202
p 2 29 754 137 21390 1656
p 2 11 707 202 21117 1486
p 2 0 599 321 15523 1100
p 2 30 667 223 27023 1647
p 2 0 545 375 15724 1051
p 2 3 638 279 19788 1309
p 2 28 589 303 22941 1340
p 2 5 651 264 22344 1356
p 2 0 546 374 15943 1031
p 2 26 588 306 26127 1505
p 2 0 559 361 13401 1024
p 2 3 612 305 15172 1224
p 2 26 537 357 23132 1296
p 2 8 477 435 11004 1071
p 2 0 611 309 6536 1107
i 2 920 0 0 87489 4979
p 2 8 868 44 42012 1799
p 2 32 854 34 44211 1953
p 2 4 887 29 38453 1753
p 2 54 828 38 41154 1993
p 2 2 859 59 35831 1668
p 2 42 835 43 38789 1914
p 2 7 862 51 34236 1655
p 2 16 849 55 35746 1768
p 2 3 800 117 30929 1600
p 2 36 817 67 32470 1804
p 2 2 840 78 25691 1509
p 2 18 796 106 25435 1568
p 2 1 788 131 20767 1390
p 2 23 757 140 20261 1470
p 2 3 764 153 16488 1361
p 2 2 755 163 14809 1292
p 2 1 724 195 11917 1251
p 2 1 690 229 9639 1173
p 2 0 626 294 8666 1105
p 2 0 650 270 7696 1094
p 2 6 663 251 8306 1100
p 2 2 814 104 8840 1228
p 2 107 635 178 13218 1513
p 2 102 596 222 17338 1577
p 2 102 615 203 20318 1651
p 2 112 539 269 23574 1677
p 2 107 586 227 26363 1714
p 2 105 618 197 28899 1760
p 2 150 756 14 24309 2134
p 2 165 754 1 27763 2454
p 2 151 768 1 30404 2552
p 2 130 790 0 33121 2707
p 2 106 814 0 35578 2752
p 2 109 811 0 37255 2804
p 2 111 809 0 38841 2787
p 2 117 803 0 40748 2872
p 2 127 793 0 43329 2983
p 2 118 802 0 41175 2913
p 2 63 857 0 32969 2607
p 2 52 868 0 33678 2609
p 2 70 850 0 34228 2581
p 2 73 847 0 34765 2572
p 2 66 854 0 35945 2549
p 2 56 864 0 38708 2528
p 2 43 877 0 40070 2445
p 2 1 919 0 31098 1817
p 2 0 920 0 32600 1819
p 2 0 920 0 34463 1834
p 2 3 917 0 34595 1886
p 2 0 920 0 34863 1824
p 2 0 920 0 35052 1825
p 2 0 920 0 34898 1784
p 2 0 920 0 35254 1796
p 2 1 919 0 34458 1768
p 2 2 918 0 34899 1752
p 2 0 920 0 34548 1750
p 2 0 920 0 35246 1754
p 2 0 920 0 34692 1770
p 2 1 919 0 35236 1776
p 2 0 920 0 35092 1792
p 2 0 920 0 35638 1810
p 2 0 920 0 35237 1810
p 2 3 917 0 35728 1842
p 2 4 915 1 35993 1846
p 2 2 917 1 35828 1853
p 2 6 914 0 36598 1874
p 2 3 917 0 36054 1844
p 2 1 919 0 35553 1814
p 2 8 912 0 35844 1845
p 2 6 914 0 34919 1787
p 2 2 917 1 35732 1793
p 2 4 915 1 34665 1755
p 2 4 916 0 35169 1744
p 2 3 917 0 34521 1717
p 2 1 919 0 35250 1734
p 2 1 919 0 34775 1705
p 2 2 918 0 35171 1723
p 2 1 918 1 35312 1714
p 2 0 919 1 34980 1710
p 2 1 919 0 35953 1706
p 2 0 920 0 35042 1694
p 2 0 920 0 35665 1715
p 2 0 920 0 36518 1728
i 2 920 0 0 55390 5109
p 2 2 913 5 16654 1784
p 2 7 913 0 27849 1920
p 2 8 907 5 26170 1961
p 2 4 915 1 37129 1899
p 2 2 911 7 32393 1791
p 2 3 917 0 37276 1860
p 2 6 911 3 31242 1810
p 2 6 912 2 39892 1865
p 2 5 912 3 21536 1781
p 2 6 909 5 29350 1873
p 2 6 911 3 22250 1804
p 2 2 916 2 28927 1850
p 2 2 913 5 21988 1777
p 2 5 910 5 30092 1872
p 2 1 917 2 22855 1820
p 2 5 915 0 29569 1886
p 2 6 909 5 22317 1796
p 2 2 914 4 29541 1868
p 2 2 916 2 22976 1824
p 2 9 905 6 30698 1923
p 2 3 912 5 22484 1824
p 2 6 912 2 28917 1875
p 2 4 915 1 22833 1826
p 2 3 915 2 29400 1862
p 2 2 915 3 23457 1810
p 2 4 914 2 30262 1854
p 2 9 908 3 23316 1825
p 2 4 915 1 30159 1867
p 2 8 906 6 23708 1824
p 2 6 907 7 30314 1847
p 2 4 914 2 23415 1792
p 2 12 906 2 30561 1886
p 2 4 908 8 22452 1771
p 2 2 912 6 28687 1809
p 2 2 915 3 22390 1789
p 2 4 911 5 28949 1835
p 2 3 906 11 21578 1742
p 2 3 911 6 29351 1820
p 2 2 915 3 21887 1764
p 2 1 918 1 27680 1805
p 2 3 908 9 21211 1737
p 2 1 913 6 27207 1771
p 2 0 918 2 20914 1741
p 2 2 918 0 28891 1848
p 2 6 907 7 21956 1771
p 2 1 917 2 27862 1807
p 2 1 918 1 21582 1773
p 2 2 912 6 28287 1818
p 2 6 908 6 21800 1772
p 2 7 911 2 29288 1857
p 2 1 915 4 21516 1778
p 2 2 912 6 27953 1867
p 2 3 910 7 21410 1821
p 2 5 913 2 28165 1868
p 2 1 915 4 21281 1766
p 2 4 912 4 29093 1834
p 2 3 912 5 21934 1768
p 2 7 910 3 28684 1840
p 2 3 915 2 22153 1786
p 2 5 909 6 28329 1840
p 2 4 914 2 22279 1800
p 2 3 913 4 28795 1829
p 2 1 911 8 20977 1718
p 2 2 915 3 28027 1768
i 2 920 0 0 58921 4806
p 2 264 656 0 53785 3809
p 2 79 841 0 48241 2675
p 2 47 873 0 47768 2375
p 2 25 895 0 45608 2186
p 2 20 900 0 45485 2063
p 2 7 913 0 45558 1918
p 2 7 912 1 48025 1839
p 2 6 913 1 49488 1809
p 2 0 918 2 46156 1687
p 2 0 920 0 39047 1625
p 2 0 916 4 50663 1727
p 2 0 919 1 37623 1578
p 2 0 917 3 36292 1529
p 2 0 916 4 38583 1530
p 2 0 919 1 39037 1534
p 2 0 918 2 39332 1552
p 2 0 920 0 36336 1530
p 2 0 919 1 35053 1517
p 2 0 917 3 33557 1514
p 2 0 917 3 30993 1516
p 2 1 918 1 25514 1477
p 2 8 908 4 22800 1498
p 2 0 918 2 18842 1416
p 2 0 919 1 19411 1438
p 2 0 920 0 16866 1397
p 2 0 916 4 17517 1370
p 2 0 919 1 17140 1393
p 2 0 915 5 16619 1378
p 2 0 917 3 16913 1402
p 2 0 919 1 16508 1369
p 2 0 916 4 17107 1360
p 2 0 914 6 14238 1341
p 2 0 919 1 15741 1367
p 2 0 918 2 16847 1378
p 2 0 918 2 15735 1357
p 2 0 915 5 14901 1373
p 2 0 915 5 15804 1380
p 2 0 918 2 17227 1409
p 2 0 916 4 15335 1363
p 2 0 914 6 15295 1348
p 2 0 918 2 15592 1364
p 2 0 920 0 16279 1376
p 2 0 918 2 14277 1337
p 2 0 917 3 15286 1345
p 2 0 920 0 16774 1366
p 2 0 916 4 15500 1357
p 2 0 917 3 16581 1388
p 2 0 915 5 17890 1377
p 2 0 915 5 30399 1413
i 2 920 0 0 39387 4124
p 2 89 274 557 5916 948
p 2 290 616 14 43106 3331
p 2 107 573 240 12342 1520
p 2 258 648 14 47500 3237
p 2 110 697 113 16479 1845
p 2 234 681 5 48748 3157
p 2 115 766 39 30713 2416
p 2 521 396 3 53975 4089
p 2 65 761 94 19008 2136
p 2 330 577 13 48514 3671
p 2 81 793 46 24298 2421
p 2 359 553 8 51666 3815
p 2 98 775 47 26350 2442
p 2 317 599 4 54562 3857
p 2 98 750 72 27843 2546
p 2 282 634 4 59206 3790
p 2 90 754 76 27852 2423
p 2 299 620 1 59375 3820
p 2 64 775 81 22041 2215
p 2 120 796 4 54284 3172
p 2 42 794 84 20782 2091
p 2 71 847 2 49823 2911
p 2 54 813 53 20918 2180
p 2 57 859 4 51066 2815
p 2 38 814 68 19945 2092
i 2 920 0 0 52178 4709
p 2 22 812 86 18241 1897
p 2 490 430 0 50967 4463
p 2 79 838 3 31827 2719
p 2 396 524 0 51074 4090
p 2 136 783 1 37653 2976
p 2 388 532 0 56692 4094
p 2 231 689 0 44945 3206
p 2 405 515 0 66891 4178
p 2 210 710 0 55150 3336
p 2 296 624 0 73179 3915
p 2 185 735 0 54929 3230
p 2 167 753 0 64088 3310
p 2 114 805 1 45967 2930
p 2 139 781 0 61611 3216
p 2 79 840 1 43631 2744
p 2 173 747 0 64694 3375
p 2 114 802 4 47098 2931
p 2 84 832 4 45469 2842
p 2 95 825 0 61897 2990
p 2 62 856 2 43415 2708
p 2 57 862 1 41937 2604
p 2 51 869 0 56422 2681
p 2 44 875 1 41139 2473
p 2 38 882 0 38603 2447
p 2 41 879 0 53402 2543
p 2 40 880 0 35018 2281
p 2 28 891 1 34022 2235
i 2 920 0 0 39684 3722
p 2 12 469 439 3383 828
p 2 6 497 417 3970 804
p 2 19 340 561 4526 731
p 2 105 681 134 28293 2319
p 2 8 561 351 6017 1036
p 2 95 720 105 34778 2458
p 2 11 599 310 8306 1128
p 2 126 702 92 45804 2801
p 2 19 616 285 10954 1287
p 2 169 673 78 53430 3047
p 2 13 631 276 11779 1321
p 2 304 592 24 61993 3676
p 2 27 624 269 15391 1458
p 2 204 679 37 64407 3277
p 2 26 706 188 20237 1645
p 2 247 643 30 61946 3507
p 2 63 773 84 36228 2322
p 2 138 762 20 60753 3201
p 2 58 800 62 37584 2402
p 2 103 811 6 57881 2972
p 2 27 810 83 29337 2162
p 2 67 849 4 56290 2791
p 2 17 823 80 29594 2079
p 2 245 672 3 66691 3439
p 2 17 819 84 30881 1975
p 2 116 788 16 61260 2875
p 2 22 831 67 30441 2040
p 2 324 596 0 64645 3676
p 2 38 858 24 33574 2286
p 2 79 827 14 39813 2720
p 2 41 860 19 37893 2463
p 2 193 724 3 61169 3480
p 2 47 853 20 38544 2465
p 2 152 764 4 60347 3248
p 2 48 836 36 37090 2362
p 2 136 782 2 55467 3181
p 2 57 845 18 40956 2437
p 2 241 679 0 82343 3698
p 2 66 840 14 49624 2557
p 2 260 660 0 76939 3749
p 2 61 852 7 50552 2664
p 2 203 717 0 71494 3417
p 2 38 868 14 47786 2450
p 2 184 736 0 68827 3267
p 2 67 843 10 46730 2595
p 2 143 777 0 67474 3086
p 2 49 854 17 45947 2443
p 2 62 858 0 67551 2756
p 2 29 888 3 45959 2380
p 2 66 854 0 64685 2736
p 2 29 889 2 42009 2271
p 2 54 866 0 61464 2545
p 2 31 887 2 42059 2274
i 2 920 0 0 48869 4408
p 2 19 402 499 9892 1011
p 2 348 554 18 59900 3795
p 2 29 632 259 20593 1596
p 2 278 630 12 64026 3544
p 2 36 659 225 27981 1704
p 2 235 672 13 72435 3441
p 2 41 677 202 30293 1774
p 2 189 709 22 72843 3288
p 2 33 714 173 28334 1803
p 2 89 808 23 66398 2807
p 2 42 733 145 29124 1896
p 2 122 771 27 65575 3017
p 2 42 730 148 30006 1926
p 2 316 604 0 75222 3734
p 2 42 708 170 32269 1992
p 2 216 699 5 78724 3500
p 2 32 755 133 32123 2084
p 2 321 598 1 77778 3802
p 2 110 767 43 44879 2647
p 2 331 588 1 72722 3753
p 2 87 816 17 42278 2705
p 2 241 679 0 64910 3629
p 2 62 842 16 34997 2566
p 2 179 741 0 56244 3309
p 2 43 870 7 33601 2460
p 2 562 358 0 74687 4119
p 2 77 775 68 44224 2505
p 2 100 814 6 69763 3062
p 2 44 849 27 45673 2462
i 2 920 0 0 75979 4759
p 2 73 750 97 43700 2247
p 2 372 548 0 75290 3952
p 2 144 776 0 58192 3145
p 2 178 742 0 73657 3536
p 2 82 838 0 57584 2893
p 2 232 688 0 75043 3684
p 2 71 849 0 55290 2796
p 2 156 764 0 71281 3338
p 2 29 886 5 54308 2584
p 2 110 808 2 70444 3176
p 2 25 892 3 53380 2546
p 2 115 805 0 67843 3087
p 2 24 875 21 48696 2459
p 2 105 815 0 66530 3042
p 2 36 865 19 48702 2475
p 2 68 852 0 64062 2809
p 2 39 878 3 49763 2538
p 2 55 865 0 63659 2729
p 2 40 873 7 48637 2520
p 2 53 867 0 58818 2656
p 2 50 869 1 44555 2531
p 2 61 859 0 55568 2680
p 2 33 887 0 45515 2509
i 2 920 0 0 45636 4602
p 2 471 446 3 46864 4290
p 2 344 573 3 47321 4004
p 2 316 604 0 47060 3856
p 2 273 647 0 49228 3735
p 2 254 666 0 51235 3728
p 2 201 719 0 52776 3494
p 2 267 653 0 50901 3580
p 2 222 698 0 50312 3489
p 2 239 681 0 52125 3567
p 2 253 667 0 53378 3685
p 2 267 653 0 55743 3736
p 2 207 713 0 66912 3675
p 2 157 763 0 56437 3213
p 2 123 796 1 62184 3102
p 2 118 802 0 51428 2892
p 2 109 810 1 55392 2828
p 2 49 870 1 39832 2365
p 2 67 852 1 51954 2579
p 2 37 882 1 34619 2135
p 2 91 827 2 53510 2652
p 2 46 869 5 38532 2265
p 2 84 832 4 49039 2603
p 2 34 865 21 29978 2039
p 2 107 799 14 51405 2706
p 2 59 828 33 32238 2227
p 2 181 739 0 64179 3153
p 2 72 828 20 30917 2414
p 2 122 798 0 62429 3048
p 2 70 843 7 31682 2467
p 2 256 659 5 66836 3389
p 2 97 801 22 31145 2548
p 2 141 774 5 70254 3223
p 2 93 801 26 31389 2491
p 2 121 796 3 71448 3149
p 2 97 804 19 32438 2570
p 2 231 689 0 81193 3650
p 2 94 811 15 44487 2641
p 2 177 743 0 73196 3347
p 2 50 854 16 41848 2479
p 2 118 802 0 70102 3128
p 2 60 841 19 38971 2428
p 2 180 740 0 64145 3337
p 2 73 808 39 35969 2521
p 2 130 789 1 68000 3192
p 2 50 826 44 29695 2406
p 2 91 829 0 65005 3029
p 2 45 830 45 28201 2314
p 2 64 822 34 41310 2567
p 2 60 783 77 28520 2317
p 2 66 798 56 37051 2479
p 2 69 747 104 28838 2318
p 2 68 779 73 38525 2520
p 2 61 757 102 29149 2307
i 2 920 0 0 48009 4832
p 2 549 371 0 58401 4699
p 2 487 433 0 59957 4581
p 2 390 530 0 57036 4157
p 2 399 521 0 51010 3942
p 2 297 623 0 49008 3627
p 2 296 624 0 48671 3685
p 2 293 627 0 48482 3825
p 2 321 599 0 49206 3850
p 2 263 657 0 59329 3712
p 2 111 809 0 53013 3044
p 2 93 826 1 49587 2861
p 2 103 814 3 56739 3010
p 2 110 810 0 50228 2961
p 2 116 804 0 57688 3104
p 2 112 808 0 48808 2991
p 2 81 838 1 52042 2933
p 2 87 832 1 47020 2864
p 2 79 841 0 46419 2892
p 2 59 860 1 38003 2655
p 2 59 861 0 45016 2748
p 2 55 863 2 35682 2568
p 2 41 878 1 44103 2621
p 2 57 861 2 39747 2627
p 2 70 849 1 45656 2807
p 2 66 853 1 40963 2734
i 2 920 0 0 66146 5269
p 2 66 850 4 41547 2423
p 2 77 843 0 43350 2539
p 2 70 850 0 43358 2570
p 2 70 846 4 43806 2576
p 2 54 866 0 42491 2480
p 2 44 875 1 42252 2483
p 2 169 751 0 64623 3458
p 2 88 830 2 47465 2727
p 2 273 647 0 70594 3965
p 2 62 857 1 43889 2583
p 2 143 776 1 51668 3123
p 2 189 731 0 64382 3561
p 2 107 813 0 54182 2971
p 2 71 849 0 50297 2840
p 2 64 856 0 49206 2776
p 2 61 858 1 44368 2630
p 2 186 734 0 63179 3451
p 2 159 761 0 64207 3300
p 2 91 829 0 63049 3040
p 2 52 868 0 46842 2576
p 2 81 839 0 54159 2897
p 2 50 870 0 50945 2682
p 2 55 864 1 51656 2738
p 2 55 865 0 43613 2607
p 2 45 875 0 42992 2561
i 2 920 0 0 34597 4019
p 2 70 779 71 14536 2028
p 2 155 764 1 25016 2910
p 2 385 504 31 12820 3141
p 2 372 548 0 33842 3866
p 2 306 565 49 27526 3408
p 2 675 245 0 40500 4364
p 2 639 281 0 44467 4151
p 2 154 497 269 17324 1857
p 2 531 377 12 58883 4206
p 2 236 492 192 24334 2530
p 2 355 554 11 57967 3893
p 2 129 643 148 28945 2494
p 2 313 602 5 60195 3950
p 2 129 652 139 28459 2612
p 2 83 635 202 26725 2465
p 2 401 519 0 58415 4017
p 2 63 731 126 32606 2353
p 2 405 515 0 67920 4128
p 2 133 779 8 54562 3067
p 2 222 698 0 74451 3699
p 2 115 798 7 55660 2950
p 2 189 731 0 74267 3435
p 2 139 781 0 65728 3183
p 2 126 787 7 61246 3111
p 2 125 789 6 58460 3057
p 2 164 736 20 45021 3012
p 2 240 635 45 44642 3030
i 2 920 0 0 74412 4702
p 2 203 536 181 36515 2528
p 2 539 380 1 66957 4372
p 2 141 678 101 34755 2647
p 2 375 535 10 60927 3949
p 2 147 654 119 31991 2589
p 2 464 456 0 70966 4343
p 2 186 652 82 33592 2729
p 2 266 653 1 68903 3774
p 2 162 727 31 39277 2943
p 2 272 648 0 63809 3769
p 2 144 751 25 34985 2887
p 2 487 433 0 62740 4577
p 2 49 835 36 30746 2463
p 2 244 676 0 52958 3694
p 2 100 801 19 32113 2897
p 2 203 716 1 39803 3545
p 2 87 810 23 25640 2806
p 2 143 757 20 27781 3029
p 2 227 690 3 39578 3645
p 2 191 724 5 31713 3305
p 2 93 808 19 28203 2890
p 2 40 866 14 26342 2673
p 2 49 831 40 18896 2420
p 2 120 762 38 24091 2750
p 2 51 800 69 19777 2329
i 2 920 0 0 58178 4699
p 2 82 795 43 27955 2439
p 2 297 620 3 45828 3762
p 2 83 805 32 26411 2535
p 2 70 839 11 30112 2607
p 2 187 719 14 35426 3280
p 2 61 831 28 28246 2619
p 2 116 771 33 25957 2824
p 2 191 727 2 44512 3454
p 2 244 675 1 48913 3432
p 2 40 808 72 19859 2352
i 2 920 0 0 52201 4121
p 2 42 636 242 10256 1777
p 2 569 351 0 46232 4132
p 2 41 690 189 13107 1786
p 2 463 457 0 51667 3967
p 2 417 503 0 57461 3894
p 2 36 680 204 13817 1679
p 2 29 572 319 11222 1452
p 2 490 429 1 72034 4332
p 2 516 404 0 71948 4184
p 2 60 665 195 16142 1838
p 2 58 579 283 14102 1711
p 2 298 622 0 64797 3697
p 2 63 720 137 18700 2126
p 2 152 768 0 64226 3295
p 2 100 819 1 56458 3075
p 2 58 859 3 47567 2765
p 2 74 845 1 48470 2815
p 2 43 840 37 20849 2244
p 2 90 718 112 19700 2279
p 2 313 606 1 65291 3842
p 2 44 721 155 16386 1945
p 2 336 581 3 72168 3943
p 2 34 676 210 13319 1744
p 2 44 578 298 13745 1608
i 2 920 0 0 60021 4441
p 2 280 640 0 56338 3682
p 2 43 691 186 12870 1761
p 2 47 543 330 11385 1563
p 2 384 536 0 62604 4022
p 2 27 705 188 10463 1745
p 2 18 602 300 9001 1482
p 2 115 803 2 56777 3033
p 2 38 761 121 13652 1903
p 2 232 688 0 58752 3569
p 2 71 845 4 48268 2830
p 2 48 866 6 49302 2698
p 2 52 782 86 16079 2082
p 2 271 646 3 61606 3677
p 2 272 644 4 65537 3702
p 2 34 685 201 14179 1718
p 2 35 613 272 14036 1596
i 2 920 0 0 60026 4370
p 2 12 478 430 6792 917
i 2 920 0 0 64710 4468
p 2 15 364 541 7818 765
p 2 614 293 13 75035 4352
p 2 370 535 15 80546 3865
p 2 36 732 152 28568 1815
p 2 428 492 0 94978 4205
p 2 51 761 108 44889 2264
p 2 249 671 0 94081 3653
p 2 30 825 65 44585 2232
p 2 118 787 15 63623 2780
p 2 12 867 41 44016 2080
p 2 45 832 43 55995 2418
p 2 24 841 55 55130 2277
p 2 29 838 53 55610 2277
p 2 17 835 68 40352 1951
i 2 920 0 0 58358 4654
p 2 6 481 433 6101 858
p 2 525 392 3 46093 4299
p 2 94 797 29 31945 2684
p 2 72 829 19 34776 2605
p 2 477 436 7 43930 3943
p 2 60 693 167 30754 1995
p 2 243 668 9 44851 3572
p 2 67 789 64 33721 2451
p 2 149 754 17 36581 3142
p 2 64 803 53 31581 2599
p 2 451 459 10 37427 3610
p 2 42 783 95 17125 2139
i 2 920 0 0 30591 3582
p 2 292 616 12 22874 2966
p 2 3 768 149 4979 1308
i 2 920 0 0 34469 3704
i 2 920 0 0 51257 4441
p 2 505 414 1 70795 4371
p 2 24 648 248 20554 1550
p 2 163 740 17 56339 3077
p 2 4 779 137 16331 1461
p 2 201 710 9 59071 3197
p 2 1 729 190 11869 1235
p 2 3 612 305 11303 1036
p 2 1 627 292 11584 1053
i 2 920 0 0 87791 4518
p 2 20 891 9 29398 1978
p 2 147 773 0 59003 2886
p 2 136 781 3 45335 2670
p 2 135 785 0 69635 2903
p 2 90 808 22 42032 2428
p 2 167 749 4 79381 3033
p 2 43 826 51 32749 2119
p 2 178 742 0 82325 3161
p 2 32 818 70 23479 1935
p 2 296 624 0 93713 3600
p 2 18 830 72 17544 1800
p 2 413 507 0 83552 3898
p 2 15 786 119 11388 1723
p 2 487 433 0 79019 3962
p 2 46 750 124 10233 1774
p 2 317 602 1 70254 3531
p 2 17 653 250 4817 1174
p 2 249 661 10 76293 3307
p 2 26 620 274 7458 1280
p 2 384 535 1 78989 3849
p 2 25 610 285 11725 1215
p 2 367 541 12 82416 3686
p 2 31 596 293 11876 1186
p 2 320 590 10 101936 3664
p 2 8 585 327 7935 1017
p 2 310 602 8 115430 3725
p 2 46 585 289 10934 1206
p 2 169 736 15 106913 3161
p 2 21 697 202 13032 1302
p 2 145 771 4 113048 3076
p 2 22 713 185 13011 1316
p 2 151 765 4 110811 3073
p 2 29 716 175 13022 1299
p 2 94 823 3 104952 2710
p 2 21 751 148 13326 1306
p 2 83 831 6 109822 2622
p 2 11 746 163 10933 1232
p 2 181 737 2 123892 3279
p 2 19 698 203 14701 1230
p 2 158 761 1 124169 3207
p 2 30 728 162 19101 1326
p 2 152 767 1 123195 3213
p 2 26 748 146 16470 1393
p 2 76 839 5 110934 2711
p 2 25 776 119 16920 1405
p 2 77 840 3 106121 2701
p 2 33 776 111 16696 1469
p 2 390 530 0 132769 4155
p 2 22 612 286 18105 1200
p 2 397 523 0 142473 4177
p 2 31 623 266 19029 1299
p 2 461 459 0 140540 4378
p 2 46 615 259 20720 1459
p 2 445 475 0 141455 4345
p 2 46 639 235 22572 1507
p 2 418 502 0 144332 4269
p 2 45 624 251 23101 1425
p 2 474 446 0 135525 4452
p 2 123 605 192 27121 1944
p 2 451 469 0 135708 4423
p 2 115 595 210 28643 1851
p 2 464 456 0 131959 4429
p 2 72 577 271 28011 1492
p 2 462 457 1 127776 4408
p 2 113 607 200 29503 1841
p 2 424 496 0 121204 4210
p 2 114 623 183 28880 1932
i 2 920 0 0 118494 5651
p 2 121 379 420 29787 1680
p 2 525 395 0 130792 4673
p 2 97 559 264 28395 1721
p 2 465 455 0 130318 4418
p 2 100 593 227 32070 1894
p 2 521 399 0 121834 4580
p 2 169 616 135 41578 2384
p 2 477 443 0 126834 4516
p 2 156 598 166 37701 2156
p 2 474 446 0 141666 4449
p 2 95 593 232 27617 1666
p 2 442 478 0 133444 4299
p 2 74 597 249 20145 1598
p 2 468 452 0 112989 4420
p 2 110 610 200 30296 1920
i 2 920 0 0 107388 5447
p 2 191 441 288 42056 2286
p 2 409 511 0 113819 4199
p 2 146 611 163 39061 2282
p 2 408 512 0 105932 4210
p 2 218 612 90 66233 2900
p 2 385 535 0 110803 4161
p 2 264 597 59 66345 3084
p 2 580 340 0 97591 4774
p 2 336 502 82 55754 3362
p 2 492 428 0 95943 4664
p 2 290 581 49 60742 3427
p 2 528 392 0 89298 4651
p 2 151 602 167 43726 2523
p 2 391 529 0 90972 4301
p 2 215 583 122 46805 2772
p 2 455 465 0 86875 4493
p 2 218 589 113 54730 3081
p 2 417 503 0 84742 4448
p 2 231 570 119 41886 3057
p 2 386 534 0 77978 4339
p 2 241 575 104 46912 3189
p 2 530 390 0 50056 4058
i 2 920 0 0 25912 4064
p 2 406 514 0 25462 3857
p 2 298 622 0 15126 3461
p 2 419 501 0 117977 4335
i 2 920 0 0 42873 4250
i 2 920 0 0 45951 4298
p 2 536 384 0 143139 4975
p 2 545 375 0 83405 3876
p 2 467 453 0 145386 4670
p 2 165 755 0 147968 3204
p 2 166 754 0 150238 3352
p 2 114 806 0 147020 3111
p 2 150 770 0 147868 3304
p 2 121 799 0 147242 3092
p 2 158 762 0 149664 3348
p 2 125 794 1 147775 3186
p 2 175 745 0 148172 3508
p 2 137 783 0 153534 3239
p 2 176 744 0 151328 3549
p 2 160 760 0 146947 3379
p 2 168 752 0 145840 3515
p 2 158 762 0 145576 3438
p 2 177 743 0 143835 3599
p 2 196 724 0 140949 3570
p 2 218 702 0 142406 3728
p 2 199 721 0 142608 3567
p 2 236 684 0 141176 3833
p 2 216 704 0 137027 3653
p 2 246 674 0 136913 3893
p 2 231 689 0 137707 3814
i 2 920 0 0 71542 4920
p 2 0 886 34 9382 1447
p 2 0 890 30 12198 1470
p 2 1 883 36 23847 1670
p 2 0 902 18 15157 1530
p 2 1 911 8 16860 1587
p 2 0 908 12 24359 1656
p 2 1 897 22 17319 1560
p 2 1 905 14 18004 1559
p 2 1 915 4 25900 1746
p 2 0 912 8 17806 1559
p 2 1 897 22 18272 1559
p 2 1 906 13 25202 1667
p 2 0 911 9 17882 1574
p 2 0 911 9 18516 1553
p 2 1 893 26 26613 1716
p 2 1 913 6 18660 1579
p 2 2 911 7 19349 1591
p 2 0 915 5 27289 1693
p 2 0 904 16 19305 1562
p 2 1 909 10 19814 1560
p 2 2 912 6 31272 1823
p 2 0 917 3 19377 1585
p 2 1 908 11 20115 1586
p 2 6 907 7 30923 1811
p 2 0 915 5 20405 1609
p 2 0 915 5 20588 1611
p 2 1 899 20 31841 1819
p 2 0 914 6 20595 1594
p 2 0 913 7 21476 1623
p 2 1 914 5 31367 1807
p 2 2 903 15 21396 1631
p 2 0 909 11 21908 1599
p 2 1 913 6 30732 1803
p 2 0 914 6 22237 1620
p 2 0 904 16 22220 1591
p 2 0 915 5 31900 1782
p 2 0 915 5 22364 1600
p 2 0 916 4 22906 1616
p 2 3 908 9 32933 1827
p 2 0 913 7 23123 1622
p 2 0 911 9 23931 1603
p 2 4 915 1 35089 1873
p 2 1 907 12 23599 1657
p 2 0 914 6 24635 1660
p 2 7 909 4 34106 1904
p 2 1 916 3 24442 1689
p 2 2 911 7 25189 1681
p 2 6 909 5 36078 1950
p 2 3 916 1 25609 1732
p 2 4 913 3 26084 1745
p 2 1 916 3 35079 1916
p 2 3 914 3 25553 1723
p 2 1 914 5 26124 1726
p 2 6 909 5 36478 1946
p 2 1 917 2 25634 1730
p 2 0 918 2 26077 1730
p 2 8 909 3 34951 1964
p 2 1 916 3 26018 1794
p 2 3 912 5 26111 1786
p 2 8 909 3 39079 2074
p 2 1 917 2 24741 1723
p 2 1 916 3 25419 1680
p 2 8 906 6 39201 2060
p 2 2 915 3 24788 1696
p 2 0 919 1 25947 1707
p 2 6 911 3 39765 2049
p 2 0 918 2 25642 1681
p 2 0 917 3 26078 1671
p 2 0 916 4 37381 1949
p 2 0 918 2 25993 1669
p 2 0 918 2 26440 1641
p 2 1 918 1 37886 1958
p 2 0 917 3 26922 1684
p 2 0 917 3 26640 1680
p 2 1 915 4 37517 1928
p 2 0 918 2 28674 1689
p 2 0 919 1 29649 1686
p 2 7 911 2 42663 2019
p 2 0 920 0 30508 1700
p 2 0 919 1 30369 1705
p 2 6 911 3 43022 2063
p 2 0 918 2 27942 1709
p 2 1 918 1 26688 1724
p 2 1 916 3 36828 2005
p 2 1 916 3 21892 1674
p 2 1 916 3 22408 1674
p 2 3 915 2 37223 2016
p 2 0 917 3 20651 1665
p 2 0 916 4 21950 1685
p 2 4 916 0 35756 1967
p 2 0 918 2 20422 1682
p 2 2 918 0 20890 1668
p 2 2 917 1 38337 2049
p 2 2 916 2 19547 1689
p 2 0 916 4 20193 1654
p 2 6 912 2 35365 1984
p 2 1 917 2 19459 1664
p 2 2 917 1 19229 1666
p 2 13 903 4 41561 2236
p 2 0 918 2 18257 1655
p 2 1 916 3 18681 1659
p 2 9 910 1 40656 2262
p 2 0 919 1 18340 1672
p 2 3 915 2 18678 1686
p 2 6 911 3 40915 2215
p 2 2 913 5 18826 1693
p 2 1 915 4 19818 1673
p 2 3 909 8 37624 2098
p 2 0 915 5 20106 1680
p 2 1 913 6 21704 1705
p 2 4 915 1 37023 2092
p 2 0 915 5 21504 1732
p 2 1 913 6 22546 1726
p 2 2 916 2 36807 2053
p 2 0 915 5 22828 1761
p 2 2 917 1 23607 1773
p 2 5 913 2 39624 2187
p 2 8 909 3 25226 1839
p 2 1 916 3 24942 1769
p 2 6 913 1 40523 2197
p 2 3 913 4 23988 1779
p 2 4 915 1 24067 1760
p 2 5 910 5 38041 2075
p 2 3 909 8 22657 1728
p 2 3 910 7 24088 1721
p 2 5 912 3 37837 2056
p 2 0 915 5 23193 1717
p 2 0 914 6 24154 1705
p 2 10 905 5 44973 2166
p 2 0 912 8 25054 1715
p 2 1 914 5 26492 1713
p 2 4 912 4 43000 2133
p 2 4 910 6 25799 1742
p 2 3 908 9 26301 1741
p 2 5 911 4 38282 2071
p 2 4 910 6 24426 1751
p 2 5 911 4 24919 1751
p 2 26 893 1 45433 2359
p 2 1 916 3 23778 1736
p 2 1 915 4 23714 1725
p 2 14 898 8 44861 2268
p 2 0 911 9 22367 1687
p 2 4 911 5 22394 1696
p 2 18 898 4 44840 2325
p 2 1 907 12 20979 1672
p 2 2 908 10 21575 1675
p 2 5 908 7 38532 2107
p 2 1 915 4 21060 1710
p 2 1 911 8 22695 1733
p 2 4 913 3 37924 2118
p 2 2 911 7 23436 1796
p 2 6 908 6 24095 1787
p 2 11 903 6 37330 2106
p 2 12 903 5 23286 1822
p 2 2 905 13 24893 1766
p 2 11 904 5 40643 2210
p 2 6 900 14 24265 1799
p 2 11 901 8 25610 1836
p 2 26 889 5 39374 2260
p 2 35 877 8 27876 1996
p 2 61 847 12 30653 2132
p 2 120 796 4 39363 2591
p 2 144 766 10 33029 2497
p 2 208 706 6 37285 2789
i 2 920 0 0 52338 4631
p 2 59 839 22 13623 1985
p 2 9 891 20 12599 1788
p 2 1 871 48 11193 1557
p 2 0 868 52 11705 1559
p 2 1 869 50 11708 1573
p 2 2 878 40 12298 1607
p 2 1 866 53 11749 1572
p 2 2 863 55 12445 1559
p 2 0 859 61 12212 1572
p 2 1 864 55 12824 1578
p 2 3 852 65 12407 1570
p 2 5 861 54 12607 1599
p 2 1 870 49 12341 1606
p 2 2 878 40 12661 1627
p 2 0 877 43 11732 1562
p 2 0 847 73 11688 1528
p 2 0 874 46 11194 1518
p 2 0 853 67 11632 1492
p 2 0 866 54 11036 1484
p 2 0 847 73 11361 1465
p 2 0 866 54 10938 1489
p 2 0 859 61 10816 1467
i 2 920 0 0 79381 5141
p 2 7 551 362 11655 1299
p 2 1 551 368 11681 1284
p 2 1 525 394 11691 1246
p 2 0 525 395 11620 1260
p 2 1 519 400 11502 1259
p 2 0 871 49 38218 1846
p 2 0 885 35 40614 1856
p 2 2 883 35 44376 1924
p 2 1 830 89 13405 1649
p 2 2 670 248 12046 1435
p 2 267 646 7 69591 3355
p 2 38 836 46 33623 2113
p 2 44 837 39 35989 2199
p 2 37 852 31 35281 2304
p 2 39 867 14 33926 2381
p 2 22 889 9 32611 2336
p 2 39 878 3 31782 2422
p 2 21 893 6 30760 2324
p 2 19 892 9 30191 2256
p 2 14 900 6 29292 2238
p 2 14 899 7 28336 2187
p 2 5 897 18 28136 2114
p 2 6 889 25 27712 2076
p 2 9 889 22 27520 2065
p 2 8 886 26 26453 2063
p 2 12 884 24 25520 2062
p 2 7 886 27 24840 2039
p 2 6 885 29 24983 2076
i 2 920 0 0 63242 4820
p 2 8 687 225 15658 1630
p 2 0 688 232 11943 1464
p 2 20 890 10 43697 2157
p 2 0 844 76 12707 1627
p 2 1 740 179 12664 1498
p 2 25 890 5 44477 2198
p 2 0 855 65 12723 1652
p 2 0 744 176 12234 1487
p 2 29 883 8 45551 2198
p 2 0 850 70 13996 1627
p 2 0 720 200 12908 1478
p 2 33 881 6 46197 2229
p 2 1 846 73 13630 1608
p 2 0 810 110 13275 1552
p 2 0 708 212 12610 1456
p 2 0 715 205 12480 1441
p 2 0 715 205 12889 1451
p 2 3 913 4 45094 2180
p 2 0 852 68 13211 1634
p 2 0 711 209 11921 1445
p 2 3 911 6 42288 2149
p 2 1 849 70 12300 1627
p 2 0 707 213 11604 1445
p 2 12 903 5 51849 2383
p 2 0 858 62 12217 1647
p 2 0 767 153 11663 1485
p 2 251 668 1 71743 3592
p 2 1 784 135 11334 1523
p 2 0 645 275 10224 1317
p 2 27 889 4 51436 2310
p 2 0 852 68 11623 1599
p 2 0 723 197 10933 1416
p 2 14 902 4 50959 2307
p 2 0 861 59 11606 1594
p 2 0 763 157 10926 1466
p 2 19 896 5 50369 2323
p 2 1 859 60 11687 1605
p 2 0 739 181 10768 1445
p 2 19 894 7 48985 2320
p 2 0 873 47 12325 1644
p 2 0 746 174 11311 1452
p 2 0 762 158 11071 1450
p 2 0 745 175 11286 1430
p 2 10 738 172 16219 1515
p 2 0 705 215 11197 1393
p 2 0 685 235 10827 1363
p 2 0 680 240 11128 1381
i 2 920 0 0 43051 4476
p 2 0 414 506 818 633
p 2 0 416 504 6266 609
p 2 0 219 701 525 402
p 2 0 194 726 440 378
p 2 0 68 852 281 260
p 2 0 75 845 283 262
p 2 0 11 909 210 207
p 2 0 12 908 211 208
i 2 920 0 0 46119 4654
p 2 0 529 391 937 736
p 2 0 432 488 668 597
p 2 0 239 681 471 419
p 2 0 207 713 413 381
p 2 0 109 811 327 297
p 2 0 84 836 286 270
p 2 0 31 889 228 223
p 2 0 9 911 206 206
i 2 920 0 0 65967 4989
p 2 0 275 645 628 479
p 2 0 194 726 460 387
p 2 0 80 840 310 275
p 2 499 403 18 73424 4264
p 2 0 440 480 1647 690
p 2 230 625 65 83410 3424
p 2 0 528 392 2207 785
p 2 298 533 89 96036 3675
p 2 0 490 430 2312 760
p 2 0 232 688 843 435
i 2 920 0 0 93902 5376
p 2 0 158 762 428 348
p 2 0 94 826 314 285
p 2 496 424 0 109593 4670
p 2 0 490 430 2056 733
p 2 335 566 19 98014 3936
p 2 0 521 399 2223 772
p 2 25 634 261 37541 1488
p 2 0 453 467 1915 689
p 2 0 330 590 1040 517
p 2 8 468 444 31641 1126
p 2 0 423 497 1801 649
p 2 11 498 411 34589 1207
p 2 0 376 544 1761 610
p 2 0 168 752 652 360
p 2 0 73 847 370 265
p 2 0 46 874 307 241
i 2 920 0 0 62783 4754
p 2 17 405 498 7540 957
p 2 200 708 12 66161 3324
p 2 100 804 16 61937 2929
p 2 21 700 199 10321 1461
p 2 18 649 253 10933 1360
p 2 452 464 4 70857 4156
p 2 112 797 11 60963 2896
p 2 81 740 99 25025 2068
p 2 76 838 6 53067 2610
p 2 70 768 82 20969 2027
p 2 71 842 7 52233 2565
p 2 38 788 94 15704 1760
i 2 920 0 0 6211 2718
p 2 740 180 0 13424 3416
p 2 356 564 0 24419 3356
p 2 297 623 0 32178 3150
p 2 240 680 0 35970 2949
p 2 214 706 0 41548 2824
p 2 195 725 0 45806 2751
p 2 184 736 0 50689 2691
p 2 166 754 0 56240 2681
p 2 160 760 0 61342 2640
p 2 136 784 0 66529 2566
p 2 132 788 0 71542 2589
p 2 110 810 0 76334 2499
p 2 104 816 0 80506 2490
p 2 4 916 0 63176 1853
p 2 3 917 0 64901 1828
p 2 2 918 0 64780 1826
p 2 2 917 1 65196 1830
p 2 2 918 0 65741 1817
p 2 0 920 0 67774 1825
p 2 3 917 0 67113 1809
p 2 3 915 2 67678 1826
p 2 2 918 0 67683 1817
p 2 2 917 1 68481 1805
p 2 1 919 0 68358 1814
p 2 2 917 1 68680 1813
p 2 2 918 0 68620 1808
p 2 3 916 1 69557 1829
p 2 0 920 0 69335 1819
p 2 4 916 0 70567 1842
p 2 0 920 0 70710 1824
p 2 3 917 0 71315 1829
p 2 0 920 0 70681 1818
p 2 0 919 1 71287 1826
p 2 1 919 0 71264 1822
p 2 0 919 1 72485 1826
p 2 0 919 1 72075 1804
p 2 1 918 1 72176 1828
p 2 0 920 0 72193 1811
p 2 1 919 0 72157 1810
p 2 2 918 0 71686 1822
p 2 0 920 0 71790 1825
p 2 0 920 0 71267 1802
p 2 1 919 0 72288 1818
p 2 0 920 0 71556 1794
p 2 1 919 0 72055 1816
p 2 1 919 0 72437 1802
p 2 3 917 0 72270 1823
p 2 2 918 0 72003 1810
p 2 1 919 0 73733 1809
p 2 1 919 0 72315 1794
p 2 3 917 0 73134 1811
p 2 0 920 0 72426 1777
p 2 1 919 0 73215 1794
p 2 3 917 0 72089 1789
p 2 0 920 0 72964 1778
p 2 0 920 0 72570 1786
p 2 1 918 1 73248 1788
p 2 0 920 0 72895 1792
p 2 2 918 0 73717 1809
p 2 2 918 0 72609 1793
p 2 1 919 0 73089 1780
p 2 0 920 0 72999 1779
p 2 0 920 0 73404 1771
p 2 1 919 0 73154 1772
p 2 1 919 0 73684 1781
p 2 1 919 0 73189 1789
p 2 0 920 0 74102 1793
p 2 0 920 0 73138 1790
p 2 0 920 0 73684 1790
p 2 0 920 0 73451 1783
p 2 0 920 0 73490 1788
p 2 0 920 0 72769 1781
p 2 1 919 0 74019 1786
p 2 2 918 0 73033 1789
p 2 0 920 0 73147 1783
p 2 0 920 0 72164 1773
p 2 0 920 0 71965 1773
p 2 0 920 0 71797 1763
p 2 0 920 0 72769 1763
p 2 1 919 0 72378 1780
p 2 0 920 0 73066 1776
p 2 1 919 0 72706 1775
p 2 0 920 0 73002 1792
p 2 1 919 0 71724 1772
p 2 0 920 0 72221 1755
p 2 0 920 0 71757 1757
p 2 1 919 0 72037 1771
p 2 0 920 0 71655 1766
p 2 1 919 0 71054 1771
p 2 1 919 0 70383 1760
p 2 1 919 0 70936 1751
p 2 1 919 0 69881 1751
p 2 1 919 0 70112 1745
p 2 1 919 0 69484 1746
p 2 1 919 0 69637 1736
p 2 0 920 0 69137 1738
p 2 1 919 0 70426 1755
p 2 1 919 0 69025 1753
p 2 1 919 0 69998 1751
p 2 2 918 0 69064 1765
p 2 3 917 0 69335 1757
p 2 0 920 0 68912 1749
p 2 0 920 0 69563 1751
p 2 0 920 0 69163 1738
p 2 0 920 0 69351 1739
p 2 0 920 0 69076 1727
p 2 0 920 0 69702 1734
p 2 0 919 1 69341 1738
p 2 1 919 0 69516 1749
p 2 1 919 0 68609 1738
p 2 0 920 0 68992 1727
p 2 0 920 0 67773 1737
p 2 2 917 1 67480 1740
p 2 2 918 0 66792 1728
p 2 0 920 0 66399 1730
p 2 0 919 1 65836 1717
p 2 0 920 0 65609 1719
p 2 1 919 0 65524 1722
p 2 0 920 0 66015 1717
p 2 0 920 0 65407 1719
p 2 0 920 0 66851 1731
p 2 1 919 0 64561 1728
p 2 0 920 0 65694 1727
p 2 0 919 1 64609 1716
p 2 1 919 0 64645 1726
p 2 0 920 0 64047 1709
p 2 0 920 0 64629 1702
p 2 0 920 0 64329 1705
p 2 0 920 0 64910 1718
p 2 0 920 0 64521 1719
p 2 0 920 0 65384 1724
p 2 1 919 0 64661 1728
p 2 0 920 0 64673 1717
p 2 0 920 0 64045 1710
p 2 0 920 0 64519 1711
p 2 0 920 0 63248 1706
p 2 0 920 0 63941 1706
p 2 0 920 0 62766 1715
p 2 0 920 0 63576 1704
p 2 0 920 0 62357 1693
p 2 0 920 0 62587 1704
p 2 0 920 0 62371 1697
p 2 0 920 0 63056 1700
p 2 0 920 0 61830 1701
p 2 212 708 0 53129 2230
i 2 920 0 0 58527 4221
p 2 38 750 132 22280 1565
p 2 0 678 242 9227 926
p 2 4 712 204 17448 1142
p 2 0 574 346 9124 841
p 2 135 683 102 25228 1820
p 2 109 660 151 25806 1933
p 2 0 559 361 6229 861
p 2 274 568 78 45475 2860
p 2 399 468 53 74202 3634
p 2 276 580 64 65697 3102
p 2 284 592 44 63241 3162
p 2 278 601 41 40122 2584
p 2 0 640 280 4592 929
p 2 119 735 66 24491 2027
p 2 79 716 125 13268 1765
p 2 57 713 150 5006 1420
p 2 303 533 84 55297 3032
p 2 238 493 189 66922 2706
p 2 50 565 305 20137 1388
p 2 36 458 426 19349 1154
p 2 36 637 247 18116 1308
p 2 0 508 412 2228 745
p 2 34 250 636 9591 745
p 2 0 368 552 1431 564
p 2 14 412 494 8184 796
p 2 13 220 687 5314 544
p 2 3 216 701 3792 480
p 2 2 217 701 3974 485
p 2 12 132 776 5538 477
p 2 3 203 714 5791 504
p 2 2 216 702 6985 544
p 2 33 260 627 10032 816
p 2 5 347 568 10291 767
p 2 4 301 615 11027 740
p 2 24 331 565 15016 949
p 2 16 393 511 15272 997
p 2 16 376 528 15976 968
p 2 2 467 451 14563 971
p 2 5 386 529 14633 883
p 2 97 389 434 20206 1454
p 2 104 447 369 22794 1670
p 2 12 549 359 17456 1259
p 2 3 508 409 16802 1129
p 2 5 536 379 15717 1137
p 2 7 546 367 15203 1108
p 2 12 431 477 15384 1024
p 2 0 533 387 13131 980
p 2 9 528 383 15072 1046
p 2 27 506 387 18860 1235
p 2 4 447 469 16988 1033
p 2 4 462 454 16278 1101
p 2 0 514 406 13089 984
p 2 2 507 411 16149 1058
p 2 186 476 258 17831 1778
p 2 203 453 264 22238 1937
p 2 193 461 266 18606 1794
p 2 167 499 254 15728 1698
p 2 30 597 293 10173 1435
i 2 920 0 0 72232 5201
p 2 220 534 166 57369 2974
p 2 70 661 189 47740 2102
p 2 4 612 304 26945 1239
p 2 0 776 144 19501 1298
p 2 1 711 208 8643 1102
p 2 0 511 409 3252 752
p 2 20 274 626 7252 633
p 2 23 307 590 9340 710
p 2 28 368 524 10436 826
p 2 46 336 538 14250 913
p 2 50 350 520 13939 972
p 2 37 343 540 13435 906
p 2 37 195 688 13037 731
p 2 26 285 609 13006 748
p 2 24 320 576 12072 767
p 2 30 277 613 11378 761
p 2 31 314 575 11704 792
p 2 41 220 659 12030 750
p 2 24 289 607 12302 762
p 2 27 452 441 14589 934
p 2 23 324 573 14010 793
p 2 28 377 515 12303 853
p 2 31 386 503 12041 876
p 2 14 266 640 10824 652
p 2 8 267 645 9548 611
p 2 3 189 728 8842 519
p 2 13 197 710 7791 565
p 2 10 129 781 7052 474
p 2 8 135 777 6617 454
p 2 14 130 776 6415 480
p 2 9 66 845 5543 380
p 2 7 110 803 4805 400
p 2 3 138 779 4682 406
p 2 2 216 702 4551 472
p 2 3 481 436 13699 911
p 2 1 519 400 7335 854
p 2 1 539 380 9279 904
p 2 1 583 336 8350 931
p 2 0 409 511 8912 735
p 2 0 549 371 8320 879
p 2 0 603 317 9337 945
p 2 0 533 387 7912 855
p 2 0 546 374 7739 887
p 2 0 417 503 2438 681
p 2 0 709 211 5206 1028
p 2 0 519 401 2470 749
p 2 0 867 53 7073 1322
p 2 0 561 359 2629 813
p 2 0 430 490 1974 667
p 2 0 518 402 2427 772
p 2 0 413 507 1808 639
p 2 0 465 455 2087 699
p 2 0 540 380 2531 804
p 2 0 433 487 2151 686
p 2 0 181 739 1033 395
p 2 0 370 550 1809 603
p 2 0 385 535 1862 626
p 2 0 195 725 771 389
p 2 0 176 744 661 365
p 2 0 102 818 454 290
p 2 0 84 836 407 273
p 2 0 58 862 345 247
p 2 0 55 865 327 247
p 2 0 38 882 284 229
p 2 0 14 906 232 210
p 2 0 15 905 228 210
p 2 0 25 895 251 218
p 2 0 401 519 1435 597
p 2 0 437 483 1631 639
p 2 0 182 738 671 366
p 2 0 153 767 615 342
p 2 0 101 819 426 286
p 2 0 35 885 268 226
p 2 0 24 896 248 216
p 2 0 48 872 305 236
p 2 0 50 870 306 241
p 2 0 49 871 312 236
p 2 0 22 898 246 216
p 2 0 24 896 248 217
p 2 0 27 893 255 219
p 2 0 16 904 230 208
p 2 0 15 905 229 208
p 2 0 17 903 238 211
p 2 0 15 905 231 209
p 2 0 45 875 303 235
p 2 0 50 870 312 240
p 2 0 19 901 234 211
p 2 0 22 898 243 215
p 2 0 9 911 216 205
p 2 0 1 919 199 198
p 2 0 1 919 201 198
p 2 0 2 918 201 199
p 2 0 2 918 199 198
p 2 0 1 919 199 198
p 2 0 1 919 198 198
p 2 0 2 918 201 199
p 2 0 2 918 201 198
p 2 0 1 919 198 198
p 2 0 1 919 199 198
p 2 0 4 916 204 199
p 2 0 3 917 202 199
i 2 920 0 0 84902 4726
p 2 0 240 680 672 447
p 2 0 168 752 475 367
p 2 0 85 835 312 274
p 2 0 76 844 292 264
p 2 0 23 897 231 219
p 2 0 35 885 231 225
p 2 0 5 915 203 202
p 2 0 20 900 224 214
p 2 0 18 902 224 213
p 2 0 53 867 263 239
p 2 0 9 911 206 204
p 2 0 218 702 3780 477
p 2 0 229 691 5893 490
p 2 0 191 729 6496 456
p 2 0 261 659 7093 519
p 2 0 301 619 7465 553
p 2 0 272 648 7431 527
p 2 0 198 722 7424 465
p 2 0 273 647 7644 527
p 2 0 310 610 7822 561
p 2 0 299 621 8674 557
p 2 0 205 715 6980 465
p 2 0 175 745 6521 440
p 2 0 296 624 9062 554
p 2 0 339 581 1819 577
p 2 0 197 723 1022 398
p 2 0 95 825 457 285
p 2 0 87 833 462 277
p 2 0 80 840 411 272
p 2 0 77 843 421 265
p 2 0 29 891 266 222
p 2 0 53 867 318 242
p 2 0 56 864 323 244
p 2 0 85 835 459 277
p 2 0 40 880 300 231
p 2 0 37 883 289 230
p 2 0 35 885 298 228
p 2 0 43 877 320 237
p 2 0 21 899 250 215
p 2 0 27 893 265 223
p 2 0 21 899 268 218
p 2 0 29 891 280 224
p 2 0 11 909 223 207
p 2 0 24 896 273 220
p 2 0 18 902 238 212
p 2 0 21 899 248 215
p 2 0 15 905 240 210
p 2 0 89 831 450 283
p 2 0 66 854 361 257
p 2 0 41 879 315 236
p 2 0 37 883 293 232
p 2 0 43 877 316 237
p 2 0 50 870 367 241
p 2 0 22 898 254 216
p 2 0 9 911 215 205
p 2 0 14 906 235 210
p 2 0 12 908 222 206
p 2 0 20 900 239 213
p 2 0 13 907 220 208
p 2 0 5 915 206 200
p 2 0 12 908 221 208
p 2 0 9 911 220 204
p 2 0 8 912 215 203
p 2 0 12 908 221 207
p 2 0 9 911 214 204
p 2 0 19 901 249 216
p 2 0 17 903 245 211
p 2 0 7 913 213 203
p 2 0 2 918 201 199
p 2 0 0 920 197 197
p 2 0 1 919 198 198
p 2 0 33 887 269 223
p 2 0 23 897 247 217
p 2 0 16 904 242 212
p 2 0 26 894 255 221
p 2 0 39 881 307 232
p 2 0 46 874 311 238
p 2 0 22 898 247 215
p 2 0 10 910 218 205
p 2 0 17 903 233 210
p 2 0 9 911 215 204
p 2 0 11 909 213 206
p 2 0 12 908 218 208
p 2 0 6 914 204 202
p 2 0 4 916 204 201
p 2 0 8 912 214 204
p 2 0 7 913 215 203
p 2 0 7 913 210 202
p 2 0 2 918 199 199
p 2 0 2 918 201 199
p 2 0 6 914 211 203
p 2 0 4 916 205 201
p 2 0 3 917 204 201
p 2 0 4 916 204 201
p 2 0 8 912 209 204
p 2 0 21 899 240 213
p 2 0 22 898 245 216
p 2 0 11 909 223 205
p 2 0 10 910 218 205
p 2 0 6 914 208 204
p 2 0 10 910 220 205
p 2 0 3 917 202 199
p 2 0 2 918 201 199
p 2 0 0 920 197 197
p 2 0 3 917 204 200
p 2 0 1 919 199 198
p 2 0 1 919 199 198
p 2 0 2 918 200 199
p 2 0 0 920 197 197
p 2 0 2 918 200 200
p 2 0 1 919 199 199
p 2 0 0 920 197 197
p 2 0 0 920 197 197
p 2 0 0 920 197 197
p 2 0 1 919 198 198
p 2 0 1 919 198 198
p 2 0 0 920 197 197
p 2 0 0 920 197 197
p 2 0 0 920 197 197
i 2 920 0 0 26738 3320
p 2 0 226 694 471 402
p 2 0 183 737 413 367
p 2 3 288 629 6821 582
p 2 0 184 736 488 368
p 2 0 83 837 298 265
p 2 1 254 665 7398 552
p 2 0 129 791 469 320
p 2 0 54 866 284 246
p 2 1 256 663 8020 567
p 2 0 100 820 469 302
p 2 0 43 877 288 237
p 2 4 434 482 13366 881
p 2 0 208 712 846 419
p 2 0 221 699 6286 525
p 2 7 379 534 12821 794
p 2 0 207 713 823 415
p 2 0 84 836 404 276
p 2 2 437 481 11655 795
p 2 0 229 691 955 434
p 2 0 261 659 6320 550
p 2 1 420 499 11316 754
p 2 0 222 698 806 414
p 2 0 141 779 418 314
p 2 6 431 483 12751 834
p 2 0 208 712 800 408
p 2 0 251 669 6269 532
p 2 7 387 526 12375 789
p 2 0 181 739 796 389
p 2 0 101 819 413 290
p 2 7 413 500 13430 856
p 2 0 214 706 793 407
p 2 0 210 710 6288 503
p 2 2 412 506 11404 741
p 2 0 229 691 853 424
p 2 0 119 801 431 299
p 2 0 445 475 12062 793
p 2 0 187 733 817 400
p 2 0 235 685 6089 518
p 2 3 413 504 12482 774
p 2 0 198 722 827 405
p 2 0 106 814 383 284
p 2 7 427 486 12754 839
p 2 0 176 744 850 393
p 2 0 226 694 6270 520
p 2 7 385 528 12821 798
p 2 0 184 736 843 395
i 2 920 0 0 59358 4061
p 2 0 130 790 392 315
p 2 0 69 851 849 263
p 2 0 27 893 238 218
p 2 0 29 891 747 224
p 2 0 13 907 223 208
p 2 0 16 904 892 217
p 2 0 16 904 233 210
p 2 1 11 908 857 217
p 2 0 8 912 226 204
p 2 0 10 910 642 211
p 2 0 13 907 220 207
p 2 0 14 906 699 211
p 2 0 12 908 224 207
p 2 0 17 903 774 216
p 2 0 10 910 230 206
p 2 0 17 903 737 213
p 2 0 9 911 223 206
p 2 0 11 909 869 214
p 2 0 9 911 220 205
p 2 1 16 903 869 218
p 2 0 10 910 217 205
p 2 0 11 909 644 212
p 2 0 5 915 210 201
p 2 0 12 908 696 209
p 2 0 10 910 221 205
p 2 0 15 905 769 214
p 2 0 8 912 213 204
p 2 0 15 905 735 213
p 2 0 6 914 211 201
p 2 0 17 903 890 218
p 2 0 10 910 222 205
p 2 1 15 904 868 218
p 2 0 5 915 214 201
p 2 0 10 910 631 211
p 2 0 7 913 211 203
p 2 0 11 909 701 210
p 2 0 7 913 220 204
p 2 0 3 917 205 200
p 2 0 53 867 3876 274
p 2 0 39 881 346 234
p 2 0 24 896 252 215
p 2 0 33 887 2384 245
p 2 0 21 899 262 216
p 2 0 11 909 224 205
p 2 0 31 889 2391 245
p 2 0 18 902 272 215
p 2 0 11 909 231 208
p 2 0 26 894 2145 236
p 2 0 21 899 281 217
p 2 0 11 909 227 206
p 2 0 26 894 2198 238
p 2 0 18 902 279 216
p 2 0 9 911 228 205
p 2 0 4 916 206 201
p 2 0 2 918 200 199
p 2 0 2 918 200 199
p 2 0 2 918 202 199
p 2 0 1 919 198 198
p 2 0 1 919 199 198
p 2 0 0 920 197 197
p 2 0 1 919 200 198
p 2 0 0 920 197 197
p 2 0 0 920 197 197
p 2 0 0 920 197 197
i 2 920 0 0 54044 4540
p 2 0 179 741 447 361
p 2 90 204 626 14312 1049
p 2 0 117 803 470 314
p 2 49 179 692 11697 792
p 2 0 87 833 421 292
p 2 43 117 760 11626 718
p 2 0 73 847 413 276
p 2 68 48 804 7528 714
p 2 0 37 883 296 240
p 2 14 49 857 1410 338
p 2 0 38 882 283 236
p 2 16 30 874 1821 330
p 2 0 24 896 232 218
p 2 0 15 905 225 210
p 2 0 7 913 206 203
i 2 920 0 0 51648 4465
p 2 0 193 727 433 364
p 2 426 390 104 46388 3414
p 2 0 396 524 1160 593
p 2 275 556 89 41797 2979
p 2 0 425 495 1308 663
i 2 920 0 0 28106 3662
p 2 0 302 618 591 471
p 2 248 434 238 11727 1966
p 2 0 379 541 875 616
p 2 0 430 490 646 549
p 2 0 275 645 480 418
p 2 0 246 674 451 400
p 2 0 107 813 298 279
p 2 74 251 595 6925 879
p 2 0 214 706 484 379
p 2 43 275 602 7066 781
p 2 0 164 756 443 334
p 2 37 261 622 7528 761
p 2 0 171 749 494 343
p 2 60 206 654 6423 747
p 2 0 200 720 456 359
p 2 0 171 749 371 328
p 2 33 126 761 1561 466
p 2 0 128 792 332 303
i 2 920 0 0 33835 3744
p 2 0 418 502 666 554
p 2 11 404 505 11057 699
p 2 0 251 669 560 405
p 2 6 235 679 10024 539
p 2 0 197 723 521 367
p 2 3 194 723 10838 488
p 2 0 107 813 470 297
p 2 6 154 760 10718 479
p 2 0 102 818 464 292
p 2 19 126 775 10638 516
p 2 0 67 853 385 262
p 2 12 114 794 10762 473
p 2 0 89 831 423 278
p 2 9 116 795 10682 476
p 2 0 64 856 402 264
p 2 13 134 773 11061 524
p 2 0 88 832 439 283
p 2 13 143 764 11653 525
p 2 0 66 854 452 272
p 2 11 132 777 12715 508
p 2 0 83 837 487 283
p 2 23 139 758 14051 600
p 2 0 97 823 511 293
p 2 13 160 747 14700 568
p 2 0 107 813 523 303
p 2 7 145 768 15275 535
p 2 0 112 808 577 316
p 2 10 157 753 16192 594
p 2 0 133 787 591 332
p 2 11 182 727 16880 625
p 2 0 145 775 670 340
p 2 4 189 727 16923 608
p 2 0 132 788 675 340
p 2 11 170 739 17230 608
p 2 0 120 800 617 325
p 2 7 177 736 19546 632
p 2 0 128 792 692 332
p 2 12 179 729 21765 700
p 2 0 151 769 723 358
p 2 9 187 724 22048 665
p 2 0 153 767 807 355
p 2 11 184 725 20911 656
p 2 0 142 778 739 344
p 2 13 189 718 23750 719
p 2 0 161 759 820 366
p 2 13 193 714 22611 730
p 2 0 160 760 802 361
p 2 11 211 698 23601 756
p 2 0 165 755 863 375
p 2 23 203 694 25905 858
p 2 0 183 737 795 382
p 2 19 219 682 24920 836
p 2 0 177 743 779 377
p 2 25 221 674 24485 907
p 2 0 193 727 784 387
p 2 22 248 650 24403 893
p 2 0 196 724 798 396
p 2 79 221 620 26332 1173
p 2 0 192 728 695 388
p 2 77 240 603 26821 1209
p 2 0 216 704 733 405
p 2 63 278 579 26941 1224
p 2 0 226 694 822 429
p 2 80 296 544 24071 1352
p 2 0 254 666 796 448
p 2 90 335 495 23616 1458
p 2 0 271 649 800 479
p 2 81 374 465 27208 1489
p 2 0 267 653 850 477
p 2 91 385 444 27118 1559
p 2 0 283 637 942 502
p 2 110 433 377 29554 1750
p 2 0 316 604 1088 539
p 2 176 489 255 34352 2209
p 2 0 266 654 989 528
p 2 178 598 144 27437 2212
p 2 0 362 558 992 588
p 2 109 654 157 21813 1803
p 2 0 237 683 786 473
p 2 96 732 92 18588 1763
p 2 0 345 575 3173 587
i 2 920 0 0 10715 3047
p 2 0 296 624 1675 438
i 2 920 0 0 9887 3069
p 2 0 494 426 2066 630
i 2 920 0 0 7931 3060
p 2 0 551 369 1419 632
p 2 730 181 9 2875 2854
p 2 0 168 752 307 307
p 2 0 103 817 262 262
p 2 0 74 846 244 244
p 2 0 50 870 229 229
p 2 0 49 871 228 228
p 2 0 1 919 198 198
i 2 920 0 0 12859 2617
p 2 0 920 0 6647 1443
p 2 0 920 0 4582 1294
p 2 0 918 2 3867 1225
p 2 0 920 0 3623 1238
p 2 0 920 0 3150 1168
p 2 0 919 1 3222 1178
p 2 0 920 0 3288 1169
p 2 0 920 0 3362 1183
p 2 0 920 0 3260 1137
p 2 0 918 2 3330 1181
p 2 0 920 0 3103 1130
p 2 0 920 0 3371 1172
p 2 14 906 0 4395 1249
p 2 13 907 0 6237 1295
p 2 21 899 0 10616 1374
p 2 57 863 0 15811 1567
p 2 38 882 0 17811 1592
p 2 42 876 2 25504 1696
p 2 31 889 0 18902 1661
p 2 24 896 0 18557 1628
p 2 29 890 1 31846 1791
p 2 10 906 4 18844 1638
p 2 2 918 0 16288 1609
p 2 19 896 5 34869 1889
p 2 17 903 0 9852 1595
p 2 1 919 0 12944 1559
p 2 21 898 1 35717 1876
p 2 1 919 0 12380 1545
p 2 1 917 2 11588 1450
p 2 10 910 0 33459 1751
p 2 0 880 40 6972 1307
p 2 2 805 113 6750 1198
p 2 17 902 1 31494 1645
p 2 1 882 37 5999 1239
p 2 1 806 113 5115 1139
p 2 14 904 2 34934 1677
p 2 0 879 41 5458 1249
p 2 3 798 119 5180 1146
p 2 8 911 1 32218 1640
p 2 8 872 40 6757 1298
p 2 6 802 112 6453 1179
p 2 19 897 4 31498 1688
p 2 10 865 45 6022 1262
p 2 6 817 97 6329 1206
p 2 30 890 0 30807 1749
p 2 2 868 50 5823 1313
p 2 9 792 119 5056 1193
p 2 22 895 3 32451 1763
p 2 6 873 41 5562 1339
p 2 2 799 119 4590 1160
p 2 26 890 4 32379 1734
p 2 6 861 53 5102 1222
p 2 4 816 100 5058 1160
p 2 17 902 1 32880 1687
p 2 2 875 43 4608 1253
p 2 5 814 101 4070 1169
p 2 15 905 0 30299 1617
p 2 0 871 49 3868 1175
p 2 0 788 132 3331 1099
p 2 13 906 1 33864 1638
p 2 0 876 44 3794 1195
p 2 0 811 109 3276 1092
p 2 8 911 1 30841 1615
p 2 0 884 36 3925 1187
p 2 0 823 97 3066 1114
p 2 16 903 1 29693 1652
p 2 0 873 47 3463 1176
p 2 0 794 126 2924 1080
p 2 22 898 0 29839 1653
p 2 0 872 48 3594 1181
p 2 0 802 118 3046 1083
p 2 15 904 1 31411 1652
p 2 0 878 42 3823 1205
p 2 0 805 115 3255 1101
p 2 22 897 1 31978 1694
p 2 0 879 41 4061 1221
i 2 920 0 0 29194 3793
p 2 0 447 473 690 591
p 2 0 404 516 550 532
p 2 5 352 563 11220 700
p 2 0 304 616 734 469
p 2 0 113 807 361 294
p 2 8 254 658 12577 644
p 2 0 152 768 635 351
p 2 0 82 838 321 266
p 2 7 161 752 12256 553
p 2 0 132 788 610 327
p 2 0 57 863 301 243
p 2 3 171 746 10858 527
p 2 0 142 778 698 344
p 2 0 74 846 369 268
p 2 4 161 755 10909 530
p 2 0 106 814 597 310
p 2 0 60 860 339 252
p 2 10 150 760 10222 558
p 2 0 119 801 577 322
p 2 0 43 877 273 236
p 2 4 157 759 11005 532
p 2 0 116 804 587 315
p 2 0 47 873 295 237
p 2 11 208 701 16457 662
p 2 0 144 776 668 339
p 2 0 64 856 325 250
p 2 43 196 681 22628 892
p 2 0 154 766 747 356
p 2 0 68 852 344 257
p 2 58 239 623 27932 1075
p 2 0 175 745 866 380
p 2 0 85 835 385 273
p 2 85 262 573 34071 1312
p 2 0 219 701 953 427
p 2 0 113 807 462 299
p 2 95 315 510 35399 1458
p 2 0 240 680 971 454
p 2 0 117 803 400 301
p 2 97 326 497 37975 1519
p 2 0 271 649 1078 478
p 2 0 123 797 469 312
p 2 116 336 468 41371 1641
p 2 0 280 640 1180 494
p 2 0 171 749 493 350
p 2 116 346 458 39999 1634
p 2 0 291 629 1141 500
p 2 0 180 740 569 363
p 2 100 335 485 36877 1524
p 2 0 269 651 1048 477
p 2 0 129 791 424 310
p 2 104 290 526 36182 1503
p 2 0 242 678 955 447
p 2 0 141 779 560 335
p 2 127 236 557 31449 1505
p 2 0 204 716 749 404
p 2 0 119 801 372 301
p 2 92 238 590 32251 1319
p 2 0 204 716 816 404
p 2 0 112 808 385 297
p 2 87 217 616 33516 1283
p 2 0 193 727 833 396
p 2 0 124 796 401 307
p 2 97 212 611 36709 1344
p 2 0 194 726 821 396
p 2 0 90 830 385 277
p 2 95 241 584 37407 1413
p 2 0 208 712 917 417
p 2 0 97 823 393 285
p 2 39 312 569 35849 1171
p 2 0 267 653 1161 484
p 2 16 264 640 24834 847
p 2 18 382 520 33356 1130
p 2 0 302 618 1229 514
p 2 23 301 596 25575 949
p 2 2 333 585 10958 707
p 2 0 295 625 12658 641
p 2 0 204 716 751 401
p 2 7 319 594 22563 819
p 2 0 246 674 1033 452
p 2 1 221 698 10975 534
p 2 3 279 638 11982 665
p 2 0 236 684 890 422
p 2 0 133 787 506 319
p 2 5 248 667 11450 620
p 2 0 183 737 740 379
p 2 0 164 756 524 342
p 2 4 260 656 11462 636
p 2 0 166 754 619 357
p 2 0 82 838 340 268
p 2 7 196 717 10849 590
p 2 0 162 758 644 348
p 2 0 107 813 431 294
p 2 2 223 695 11017 569
p 2 0 160 760 677 356
p 2 0 87 833 353 271
p 2 11 171 738 13094 608
p 2 0 122 798 629 320
p 2 0 74 846 314 260
p 2 5 183 732 12336 571
p 2 0 137 783 665 341
p 2 0 78 842 327 262
p 2 12 156 752 11535 571
p 2 0 131 789 595 328
p 2 0 58 862 304 249
p 2 5 165 750 11808 526
p 2 0 124 796 593 321
p 2 0 51 869 292 241
p 2 6 173 741 10746 547
p 2 0 156 764 622 358
p 2 0 96 824 365 282
p 2 11 158 751 11948 561
p 2 0 123 797 583 321
i 2 920 0 0 48254 4217
p 2 23 376 521 8146 967
p 2 242 662 16 52783 2999
p 2 40 608 272 10286 1396
p 2 216 695 9 57179 3039
p 2 12 731 177 10273 1435
p 2 233 675 12 46248 2841
p 2 3 763 154 8738 1420
p 2 297 619 4 53681 3191
p 2 0 623 297 7036 1133
p 2 404 514 2 60683 3533
p 2 0 517 403 4125 880
p 2 187 724 9 72510 3141
p 2 0 567 353 4244 970
p 2 167 738 15 73980 3054
p 2 0 638 282 4699 1051
p 2 219 695 6 71543 3214
p 2 0 577 343 4962 955
p 2 212 694 14 78101 3313
p 2 0 522 398 1978 789
p 2 0 237 683 701 430
p 2 119 578 223 46186 2143
p 2 0 430 490 1621 688
p 2 0 284 636 1029 502
p 2 117 551 252 45263 2082
p 2 0 408 512 1605 654
p 2 0 172 748 558 353
p 2 140 491 289 42570 2147
p 2 0 368 552 1460 592
i 2 920 0 0 40736 4086
p 2 0 371 549 670 530
p 2 8 468 444 14240 841
p 2 0 274 646 829 460
p 2 6 320 594 13131 680
p 2 0 185 735 650 373
p 2 4 198 718 12581 556
p 2 0 142 778 672 341
p 2 0 114 806 434 295
p 2 0 193 727 10348 493
p 2 0 123 797 646 320
p 2 0 47 873 305 238
p 2 0 161 759 10577 463
p 2 0 113 807 686 318
p 2 0 57 863 434 247
p 2 0 85 835 388 271
p 2 0 34 886 248 222
p 2 0 21 899 300 213
p 2 0 36 884 262 226
p 2 0 18 902 326 212
p 2 0 13 907 222 208
p 2 0 19 901 224 211
p 2 0 14 906 228 209
p 2 0 7 913 213 204
p 2 0 1 919 198 198
p 2 0 5 915 206 201
p 2 0 3 917 203 199
p 2 0 3 917 200 200
p 2 0 1 919 198 198
p 2 0 3 917 204 199
i 2 920 0 0 30822 3959
p 2 0 410 510 720 570
p 2 433 340 147 11841 2738
p 2 0 435 485 792 600
i 2 920 0 0 13743 3602
p 2 0 433 487 643 554
p 2 288 596 36 15151 2922
p 2 0 624 296 1065 828
p 2 121 741 58 13446 2402
p 2 0 600 320 1125 838
p 2 102 768 50 12152 2303
i 2 920 0 0 28780 3754
p 2 0 476 444 722 617
p 2 0 454 466 593 578
p 2 2 226 692 6266 444
p 2 6 231 683 3335 455
p 2 0 84 836 326 268
p 2 27 249 644 22136 821
p 2 0 172 748 765 367
p 2 50 142 728 15720 738
p 2 2 240 678 13900 602
p 2 78 212 630 22180 1042
p 2 0 142 778 634 335
p 2 103 271 546 40196 1487
p 2 0 230 690 1057 444
p 2 0 75 845 387 267
p 2 64 313 543 37662 1320
p 2 0 243 677 1067 448
p 2 0 103 817 457 292
p 2 64 300 556 35864 1287
p 2 0 242 678 1060 447
p 2 0 136 784 499 320
p 2 54 283 583 30303 1131
p 2 0 203 717 856 407
p 2 0 137 783 546 324
p 2 62 287 571 29478 1194
p 2 0 195 725 794 400
p 2 12 219 689 14138 615
p 2 0 173 747 702 364
p 2 1 244 675 13402 580
p 2 0 172 748 1433 381
p 2 2 168 750 12937 502
p 2 0 165 755 773 361
p 2 0 112 808 453 299
p 2 0 93 827 424 282
p 2 0 43 877 470 235
p 2 0 24 896 253 217
p 2 0 29 891 458 223
p 2 0 24 896 246 214
p 2 0 48 872 303 240
p 2 0 15 905 286 211
p 2 0 12 908 223 206
p 2 0 23 897 249 215
p 2 0 19 901 299 214
p 2 0 13 907 223 206
p 2 0 5 915 208 201
p 2 0 12 908 279 207
p 2 0 28 892 271 219
p 2 0 41 879 287 231
p 2 0 7 913 293 204
p 2 0 30 890 258 223
p 2 0 8 912 213 204
p 2 0 14 906 296 208
p 2 0 31 889 272 227
p 2 0 19 901 231 212
p 2 0 26 894 282 215
p 2 0 8 912 215 204
p 2 0 4 916 204 200
p 2 0 6 914 264 201
p 2 0 9 911 223 204
p 2 0 10 910 219 205
p 2 0 4 916 287 201
p 2 0 1 919 200 198
p 2 0 1 919 200 198
p 2 0 3 917 279 199
p 2 0 2 918 204 199
p 2 0 6 914 210 201
p 2 0 4 916 255 201
p 2 0 5 915 206 201
p 2 0 2 918 199 199
p 2 0 2 918 250 199
p 2 0 5 915 207 201
p 2 0 0 920 197 197
p 2 0 5 915 259 201
p 2 0 6 914 209 202
p 2 0 2 918 201 199
p 2 0 2 918 255 199
p 2 0 3 917 205 199
p 2 0 3 917 202 200
p 2 0 6 914 281 201
p 2 0 2 918 204 199
p 2 0 0 920 197 197
p 2 0 2 918 253 199
p 2 0 1 919 201 198
p 2 0 2 918 201 198
p 2 0 2 918 252 198
p 2 0 0 920 197 197
p 2 0 0 920 197 197
p 2 0 0 920 197 197
p 2 2 136 782 13779 467
p 2 0 104 816 659 306
p 2 0 120 800 9559 395
p 2 0 99 821 561 294
p 2 0 126 794 9990 400
p 2 0 86 834 538 279
p 2 1 117 802 11529 413
p 2 0 95 825 594 292
p 2 0 145 775 14324 466
p 2 0 126 794 735 331
p 2 0 49 871 331 242
p 2 2 134 784 13313 452
p 2 0 113 807 673 310
p 2 0 47 873 316 240
p 2 0 119 801 9738 395
p 2 0 89 831 568 288
p 2 0 39 881 289 230
p 2 0 123 797 9996 398
p 2 0 94 826 548 290
p 2 0 37 883 284 228
p 2 0 26 894 502 221
p 2 0 16 904 236 210
p 2 0 6 914 212 203
p 2 0 12 908 477 208
p 2 0 20 900 263 216
p 2 0 19 901 243 212
p 2 0 16 904 474 211
p 2 0 10 910 221 204
p 2 0 20 900 244 213
p 2 0 8 912 455 206
p 2 0 7 913 210 202
p 2 0 4 916 205 200
p 2 0 8 912 455 205
p 2 0 13 907 226 206
p 2 0 1 919 200 198
p 2 0 7 913 437 204
p 2 0 10 910 212 205
p 2 0 5 915 207 201
p 2 0 9 911 438 206
p 2 0 5 915 216 201
p 2 0 5 915 209 201
p 2 0 47 873 3763 269
p 2 0 30 890 324 228
p 2 0 11 909 222 207
p 2 0 45 875 3654 265
p 2 0 32 888 323 228
p 2 0 42 878 507 235
p 2 0 49 871 4114 276
p 2 0 39 881 376 236
p 2 0 17 903 239 212
p 2 1 47 872 5454 296
p 2 0 36 884 361 237
p 2 0 22 898 264 218
p 2 0 12 908 228 208
p 2 0 9 911 224 207
p 2 0 10 910 231 207
p 2 5 41 874 4863 309
p 2 0 32 888 309 229
p 2 0 42 878 4770 282
p 2 0 36 884 345 235
p 2 3 60 857 4879 307
p 2 0 39 881 324 237
p 2 0 12 908 222 207
p 2 0 8 912 212 205
p 2 0 5 915 207 202
p 2 6 53 861 5497 335
p 2 0 35 885 325 234
p 2 0 23 897 244 217
p 2 6 48 866 5129 326
p 2 0 45 875 349 245
p 2 0 26 894 255 222
p 2 8 48 864 5238 327
p 2 0 38 882 328 233
p 2 0 25 895 240 218
p 2 3 44 873 5170 293
p 2 0 39 881 317 234
p 2 0 15 905 225 209
p 2 0 9 911 312 205
p 2 0 15 905 225 209
p 2 0 46 874 300 235
p 2 0 18 902 303 211
p 2 0 27 893 242 219
p 2 0 11 909 220 205
p 2 0 12 908 312 207
p 2 0 4 916 202 199
p 2 0 6 914 209 202
p 2 0 6 914 301 202
p 2 0 5 915 210 202
p 2 0 6 914 209 202
p 2 0 4 916 284 200
p 2 0 3 917 202 200
p 2 0 3 917 203 200
p 2 0 3 917 277 199
p 2 0 1 919 199 198
p 2 0 2 918 200 199
p 2 0 1 919 198 198
p 2 0 1 919 198 198
p 2 0 0 920 197 197
p 2 0 0 920 197 197
p 2 0 2 918 278 199
p 2 0 1 919 199 198
p 2 0 1 919 248 198
p 2 0 1 919 200 198
i 2 920 0 0 47509 4665
p 2 50 409 461 9562 1388
p 2 576 338 6 59570 4125
p 2 17 371 532 4727 818
p 2 409 478 33 66353 3728
p 2 6 463 451 4584 905
p 2 408 489 23 70506 3989
p 2 17 476 427 5179 1013
p 2 25 414 481 10958 1059
p 2 16 324 580 5185 833
p 2 61 314 545 11455 1128
p 2 30 284 606 4847 841
p 2 38 338 544 10621 1042
p 2 28 277 615 5764 864
p 2 14 308 598 10485 908
p 2 18 264 638 5413 777
p 2 38 304 578 10988 990
p 2 19 253 648 5345 774
p 2 62 258 600 12441 1122
p 2 29 242 649 5918 843
p 2 11 231 678 4541 700
p 2 57 263 600 11347 1100
p 2 39 239 642 5585 844
p 2 15 234 671 5387 706
p 2 37 294 589 11137 960
p 2 17 244 659 4854 713
p 2 9 220 691 4619 648
p 2 22 291 607 10233 905
p 2 35 223 662 4673 808
p 2 30 205 685 4440 760
p 2 34 268 618 10435 949
p 2 27 248 645 5684 828
p 2 9 230 681 5022 707
p 2 40 272 608 11413 999
p 2 18 252 650 5064 743
p 2 18 217 685 5243 722
p 2 63 238 619 12393 1097
p 2 29 219 672 5845 820
p 2 13 216 691 4610 697
p 2 39 261 620 10753 1000
p 2 40 216 664 5604 827
p 2 15 212 693 5130 682
p 2 14 285 621 10063 833
p 2 13 247 660 4710 698
p 2 10 220 690 4621 654
p 2 17 200 703 4717 696
p 2 34 180 706 4484 750
p 2 30 174 716 4425 731
p 2 32 177 711 4869 743
p 2 28 182 710 5357 770
p 2 10 193 717 5062 680
p 2 19 185 716 5009 704
p 2 18 184 718 4981 664
p 2 19 185 716 5004 694
p 2 36 169 715 5884 793
p 2 29 173 718 5559 774
p 2 13 187 720 4493 670
p 2 36 171 713 5238 796
p 2 40 165 715 5374 780
p 2 15 190 715 5077 664
p 2 10 193 717 4509 627
p 2 12 189 719 4516 637
p 2 11 189 720 4648 638
p 2 16 180 724 4596 682
p 2 32 167 721 4468 731
i 2 920 0 0 18933 3449
p 2 0 544 376 782 688
p 2 0 486 434 659 632
p 2 0 232 688 406 395
p 2 0 213 707 381 376
p 2 0 51 869 241 240
p 2 0 58 862 244 244
p 2 0 8 912 205 205
p 2 0 13 907 207 207
p 2 0 5 915 202 202
p 2 0 3 917 199 199
p 2 0 1 919 198 198
p 2 0 1 919 199 198
p 2 0 0 920 197 197
p 2 0 0 920 197 197
p 2 0 0 920 197 197
p 2 0 2 918 199 199
p 2 0 2 918 199 199
p 2 0 0 920 197 197
p 2 0 0 920 197 197
p 2 0 0 920 197 197
p 2 0 0 920 197 197
p 2 0 0 920 197 197
p 2 0 0 920 197 197
p 2 0 0 920 197 197
p 2 0 1 919 199 199
p 2 0 0 920 197 197
p 2 0 0 920 197 197
p 2 0 0 920 197 197
i 2 920 0 0 16587 2839
p 2 32 221 667 3916 618
p 2 47 260 613 6909 756
p 2 61 172 687 10351 816
p 2 73 193 654 12351 917
p 2 67 203 650 12728 960
p 2 54 201 665 12855 895
p 2 27 247 646 13008 868
p 2 10 256 654 10244 731
p 2 0 286 634 8448 688
p 2 1 270 649 6448 632
p 2 1 242 677 5725 554
p 2 0 173 747 650 361
p 2 0 73 847 333 260
p 2 0 97 823 394 282
p 2 0 53 867 284 241
p 2 0 35 885 265 227
p 2 0 19 901 236 214
p 2 0 27 893 267 220
p 2 0 14 906 228 210
p 2 0 23 897 236 215
p 2 0 17 903 236 210
p 2 12 24 884 2497 300
p 2 0 14 906 232 209
p 2 46 71 803 6262 555
p 2 0 43 877 299 236
p 2 0 30 890 267 226
p 2 24 94 802 7123 520
p 2 0 52 868 352 250
p 2 0 31 889 284 227
p 2 11 88 821 6122 444
p 2 0 74 846 456 276
p 2 0 52 868 318 241
p 2 4 84 832 6087 410
p 2 0 68 852 404 272
p 2 0 26 894 261 222
p 2 0 95 825 4805 357
p 2 0 71 849 406 266
p 2 0 35 885 262 228
p 2 0 85 835 4383 348
p 2 0 64 856 398 257
p 2 0 13 907 226 208
p 2 0 16 904 223 210
p 2 0 6 914 207 203
p 2 0 12 908 223 208
p 2 0 3 917 202 200
p 2 0 5 915 206 201
p 2 0 4 916 204 201
p 2 2 92 826 3552 369
p 2 0 64 856 363 258
p 2 0 26 894 253 220
p 2 1 84 835 3139 319
p 2 0 48 872 338 243
p 2 0 15 905 235 212
p 2 42 258 620 18136 1000
p 2 0 172 748 777 387
p 2 0 80 840 368 270
p 2 83 237 600 19446 1209
p 2 0 176 744 680 385
p 2 0 93 827 437 296
p 2 81 212 627 17488 1132
p 2 0 163 757 680 381
p 2 0 107 813 391 297
p 2 66 194 660 11578 952
p 2 0 168 752 647 392
p 2 0 78 842 352 272
p 2 65 124 731 8675 770
p 2 0 106 814 471 319
p 2 0 52 868 288 246
p 2 55 65 800 4310 597
p 2 0 72 848 366 274
p 2 22 61 837 835 390
p 2 0 40 880 264 240
p 2 0 28 892 231 225
p 2 0 18 902 221 216
p 2 0 7 913 208 206
p 2 0 5 915 204 203
i 2 920 0 0 28461 4569
p 2 305 611 4 32858 3642
p 2 187 728 5 35901 3249
p 2 190 713 17 37990 3152
p 2 157 753 10 39463 2907
p 2 151 759 10 41175 2949
p 2 157 744 19 39652 2830
p 2 138 768 14 38963 2820
p 2 96 808 16 39639 2593
p 2 56 829 35 42247 2480
p 2 39 830 51 39205 2256
p 2 58 792 70 35384 2259
p 2 83 567 270 10310 1578
p 2 74 386 460 7239 1322
p 2 58 355 507 8513 1205
p 2 32 323 565 7055 1043
p 2 32 332 556 7663 1081
p 2 57 277 586 7470 1127
p 2 78 254 588 9239 1220
p 2 67 240 613 6616 1130
p 2 60 246 614 7665 1083
p 2 28 264 628 6871 981
p 2 34 265 621 7775 990
p 2 59 227 634 7326 1083
p 2 80 246 594 8405 1202
p 2 69 378 473 7081 1277
p 2 63 304 553 6764 1122
p 2 32 306 582 8477 1050
p 2 27 299 594 6545 980
p 2 55 258 607 7435 1089
p 2 81 226 613 8649 1185
p 2 67 225 628 6619 1112
p 2 59 228 633 6686 1051
p 2 28 259 633 8029 972
p 2 30 254 636 6548 953
p 2 58 220 642 7299 1064
p 2 80 207 633 8594 1167
p 2 69 216 635 6561 1122
p 2 60 224 636 6674 1053
p 2 30 255 635 7348 977
p 2 31 248 641 6589 948
p 2 60 212 648 7283 1078
p 2 78 211 631 8699 1148
p 2 72 205 643 6519 1105
p 2 64 211 645 6562 1050
p 2 27 257 636 8048 968
p 2 26 253 641 6515 940
p 2 61 209 650 7318 1077
p 2 74 216 630 8605 1153
p 2 66 216 638 6550 1102
p 2 55 213 652 6605 1017
p 2 27 256 637 8114 976
p 2 26 253 641 6492 937
p 2 57 210 653 7379 1072
p 2 75 210 635 8359 1156
p 2 63 219 638 6447 1094
p 2 58 218 644 6574 1029
p 2 31 253 636 8251 998
p 2 31 252 637 6624 951
p 2 62 205 653 7346 1073
p 2 76 209 635 8375 1159
p 2 63 214 643 6567 1087
p 2 63 212 645 6638 1048
p 2 31 252 637 8276 988
p 2 31 249 640 6737 955
p 2 62 212 646 7452 1091
p 2 75 214 631 8611 1148
p 2 65 215 640 6494 1101
p 2 60 213 647 6646 1026
p 2 27 260 633 8025 977
p 2 27 251 642 6550 948
p 2 58 219 643 7478 1082
p 2 72 198 650 7581 1100
p 2 69 199 652 6435 1076
p 2 60 206 654 6642 1030
p 2 27 238 655 6647 933
p 2 27 237 656 6631 922
p 2 58 208 654 7466 1071
p 2 72 195 653 7576 1106
p 2 66 199 655 6514 1078
p 2 60 205 655 6709 1017
p 2 30 236 654 6582 940
p 2 29 235 656 6492 917
i 2 920 0 0 42672 3946
p 2 0 889 31 14547 1358
p 2 0 911 9 12174 1257
p 2 0 909 11 8058 1169
p 2 0 908 12 8829 1190
p 2 1 905 14 9235 1200
p 2 0 907 13 12743 1211
p 2 0 906 14 14541 1234
p 2 0 894 26 14660 1269
p 2 0 891 29 15219 1269
p 2 1 901 18 14852 1290
p 2 2 903 15 15208 1279
p 2 0 913 7 15743 1307
p 2 1 900 19 15157 1275
p 2 1 906 13 16342 1289
p 2 1 904 15 15504 1269
p 2 2 896 22 14953 1269
p 2 0 893 27 15204 1257
p 2 1 909 10 14542 1260
p 2 1 903 16 13928 1241
p 2 1 891 28 14015 1211
p 2 0 879 41 13754 1188
p 2 0 908 12 13963 1200
p 2 1 898 21 13859 1200
p 2 0 896 24 14331 1196
p 2 2 906 12 13271 1189
p 2 5 905 10 10879 1156
p 2 4 901 15 11589 1146
p 2 1 894 25 9704 1092
p 2 0 896 24 11122 1091
p 2 2 904 14 11105 1123
p 2 0 912 8 9577 1137
p 2 1 894 25 8878 1131
p 2 1 895 24 9683 1128
p 2 2 909 9 11586 1170
p 2 2 905 13 13556 1188
p 2 2 906 12 14189 1191
p 2 0 890 30 13933 1183
p 2 2 903 15 13662 1174
p 2 0 893 27 13425 1163
p 2 0 894 26 12926 1167
p 2 0 890 30 12307 1173
p 2 1 888 31 12666 1162
p 2 0 899 21 10961 1144
p 2 0 899 21 9655 1141
p 2 0 886 34 7934 1123
p 2 0 894 26 7571 1124
p 2 0 898 22 8192 1125
p 2 0 900 20 12772 1146
p 2 0 906 14 12336 1150
p 2 0 907 13 12991 1143
p 2 0 901 19 12508 1161
p 2 0 904 16 12236 1146
p 2 0 902 18 10362 1099
p 2 0 906 14 7280 1060
p 2 0 893 27 4685 1033
p 2 0 896 24 9122 1067
p 2 0 906 14 11711 1112
p 2 0 908 12 11536 1101
p 2 0 887 33 11765 1091
p 2 0 886 34 9108 1092
p 2 0 882 38 4697 1036
p 2 0 857 63 10662 1062
p 2 0 772 148 10394 1009
p 2 0 535 385 12217 825
p 2 0 535 385 4629 733
p 2 0 413 507 1106 566
p 2 0 143 777 861 324
p 2 0 94 826 371 278
p 2 0 89 831 351 274
p 2 0 138 782 753 320
p 2 0 110 810 383 290
p 2 0 134 786 486 321
p 2 0 56 864 282 244
p 2 0 45 875 274 237
p 2 0 34 886 263 224
p 2 0 50 870 286 238
p 2 0 17 903 231 210
p 2 0 40 880 273 232
p 2 0 10 910 214 205
p 2 0 9 911 208 205
p 2 0 13 907 581 211
p 2 0 12 908 231 207
p 2 0 7 913 207 203
p 2 0 11 909 627 209
p 2 0 8 912 218 205
p 2 0 8 912 220 204
p 2 1 7 912 529 214
p 2 0 3 917 214 200
p 2 0 3 917 203 200
p 2 0 9 911 649 208
p 2 0 8 912 220 205
p 2 0 6 914 213 202
p 2 0 5 915 610 207
p 2 0 4 916 213 201
p 2 0 3 917 205 200
p 2 0 6 914 617 206
p 2 0 7 913 216 203
p 2 0 1 919 198 198
p 2 1 3 916 521 210
p 2 0 2 918 208 199
p 2 0 2 918 201 199
p 2 0 5 915 626 205
p 2 0 5 915 212 202
p 2 0 0 920 197 197
p 2 1 6 913 518 213
p 2 0 2 918 201 199
p 2 0 0 920 197 197
p 2 0 4 916 645 204
p 2 0 3 917 210 200
p 2 0 0 920 197 197
p 2 0 4 916 612 204
p 2 0 2 918 204 199
p 2 0 2 918 205 199
p 2 0 4 916 612 205
p 2 0 3 917 208 200
p 2 0 2 918 200 199
p 2 0 0 920 197 197
p 2 0 0 920 197 197
p 2 0 0 920 197 197
p 2 0 4 916 596 205
p 2 0 3 917 213 201
p 2 0 4 916 525 203
p 2 0 3 917 207 200
p 2 0 0 920 197 197
i 2 920 0 0 36069 3723
p 2 0 397 523 646 550
p 2 0 372 548 542 518
p 2 0 177 743 358 346
p 2 0 140 780 327 315
p 2 0 69 851 252 251
p 2 0 81 839 377 261
p 2 0 24 896 220 217
p 2 0 37 883 241 228
p 2 0 29 891 401 218
p 2 0 24 896 224 215
p 2 0 7 913 207 204
p 2 0 9 911 402 205
p 2 0 9 911 212 206
p 2 0 6 914 202 202
p 2 0 10 910 399 204
p 2 0 9 911 203 203
p 2 0 6 914 207 203
p 2 0 9 911 360 206
p 2 0 6 914 211 202
p 2 0 7 913 205 203
p 2 0 8 912 356 205
p 2 0 10 910 210 206
p 2 0 2 918 199 199
p 2 0 6 914 202 201
p 2 0 12 908 212 208
p 2 0 11 909 204 204
p 2 0 7 913 208 204
p 2 0 14 906 208 207
p 2 0 6 914 201 201
p 2 0 16 904 208 208
p 2 0 5 915 201 201
p 2 0 14 906 357 208
p 2 0 8 912 206 204
p 2 0 8 912 202 202
p 2 0 2 918 199 199
p 2 0 9 911 203 203
p 2 0 4 916 351 201
p 2 0 3 917 203 200
p 2 0 5 915 203 201
p 2 0 3 917 395 201
p 2 0 2 918 200 199
p 2 0 2 918 199 199
p 2 0 3 917 389 200
p 2 0 3 917 206 200
p 2 0 3 917 201 199
p 2 0 4 916 350 202
p 2 0 1 919 201 199
p 2 0 0 920 197 197
p 2 0 9 911 353 205
p 2 0 3 917 204 200
p 2 0 1 919 198 198
p 2 0 1 919 198 198
p 2 0 0 920 197 197
p 2 0 0 920 197 197
p 2 0 13 907 207 207
p 2 0 2 918 198 198
p 2 0 5 915 201 201
p 2 0 2 918 199 199
p 2 0 0 920 197 197
p 2 0 0 920 197 197
p 2 0 0 920 197 197
p 2 0 2 918 198 198
p 2 0 2 918 199 199
p 2 0 1 919 198 198
p 2 0 0 920 197 197
p 2 0 2 918 198 198
p 2 0 1 919 198 198
p 2 0 1 919 198 198
p 2 0 1 919 198 198
p 2 0 0 920 197 197
i 2 920 0 0 11696 3365
p 2 686 234 0 22467 4049
p 2 532 388 0 30836 3950
p 2 448 472 0 37260 3801
p 2 384 536 0 43855 3700
p 2 339 581 0 49304 3647
p 2 267 653 0 55173 3531
p 2 1 919 0 20543 1661
p 2 0 920 0 21561 1627
p 2 0 920 0 21797 1631
p 2 4 916 0 22895 1689
p 2 6 914 0 23204 1702
p 2 2 918 0 23142 1691
p 2 0 920 0 23725 1692
p 2 1 919 0 23641 1724
p 2 3 917 0 23998 1715
p 2 6 914 0 23544 1735
p 2 4 916 0 24003 1732
p 2 3 917 0 23775 1736
p 2 2 918 0 24259 1707
p 2 3 917 0 24102 1734
p 2 1 919 0 24801 1701
p 2 3 917 0 24921 1730
p 2 2 918 0 26171 1720
p 2 2 918 0 26460 1749
p 2 3 917 0 26318 1738
p 2 4 916 0 26631 1764
p 2 0 920 0 26190 1768
p 2 3 917 0 26643 1772
p 2 4 916 0 25821 1776
p 2 5 915 0 26170 1764
p 2 5 915 0 26245 1739
p 2 5 915 0 25578 1740
p 2 2 918 0 25480 1717
p 2 5 915 0 26073 1736
p 2 2 918 0 27386 1732
p 2 1 919 0 26773 1735
p 2 4 916 0 27965 1760
p 2 9 911 0 27531 1770
p 2 8 912 0 27816 1762
p 2 2 918 0 26686 1695
p 2 4 916 0 26879 1696
p 2 4 916 0 26739 1698
p 2 1 919 0 27372 1667
p 2 1 919 0 26640 1659
p 2 0 920 0 26675 1643
p 2 1 919 0 26294 1686
p 2 1 919 0 27550 1674
p 2 0 920 0 27085 1681
p 2 0 920 0 28040 1693
p 2 1 919 0 27991 1706
p 2 1 919 0 28610 1690
p 2 1 919 0 28399 1707
p 2 1 919 0 29188 1723
p 2 0 920 0 29494 1718
p 2 3 916 1 30484 1777
p 2 3 917 0 29595 1759
p 2 1 919 0 30554 1771
p 2 1 919 0 29913 1779
p 2 3 917 0 30206 1799
p 2 2 918 0 29048 1757
p 2 0 920 0 29856 1732
p 2 2 918 0 28147 1752
p 2 2 918 0 28328 1748
p 2 7 913 0 26090 1761
p 2 6 914 0 24713 1747
p 2 4 916 0 22979 1715
p 2 1 919 0 22577 1687
p 2 0 920 0 24176 1674
p 2 1 919 0 26647 1683
p 2 0 920 0 31514 1709
p 2 0 920 0 31078 1699
p 2 2 918 0 32111 1735
p 2 2 918 0 31831 1737
p 2 6 914 0 31856 1751
p 2 5 915 0 34719 1773
p 2 4 916 0 32911 1729
p 2 3 917 0 33928 1720
p 2 2 918 0 32687 1722
p 2 0 919 1 33444 1724
p 2 4 916 0 33075 1732
p 2 7 912 1 34080 1742
p 2 4 916 0 35637 1763
p 2 10 910 0 35583 1770
p 2 7 913 0 31173 1722
p 2 4 916 0 32590 1718
p 2 1 919 0 27361 1653
p 2 1 919 0 25251 1569
p 2 0 920 0 24709 1552
p 2 0 920 0 20628 1533
p 2 1 919 0 17766 1486
p 2 0 920 0 20274 1498
p 2 1 919 0 26520 1551
p 2 1 919 0 30955 1648
p 2 1 919 0 28958 1603
p 2 1 919 0 29793 1654
p 2 1 919 0 31310 1646
p 2 1 919 0 31700 1657
p 2 1 919 0 31011 1648
p 2 0 920 0 32712 1658
p 2 0 920 0 32494 1702
p 2 5 915 0 31017 1731
p 2 8 912 0 26201 1701
p 2 10 910 0 22101 1647
p 2 2 917 1 18185 1581
p 2 2 918 0 18705 1575
p 2 2 917 1 28514 1638
p 2 1 915 4 26683 1628
p 2 0 915 5 26153 1576
p 2 0 913 7 27041 1574
p 2 0 913 7 29181 1589
p 2 0 895 25 25663 1529
p 2 0 876 44 22632 1462
p 2 0 861 59 14150 1363
p 2 0 782 138 10249 1199
p 2 0 717 203 8898 1120
p 2 2 483 435 8114 884
p 2 3 568 349 8308 984
p 2 4 596 320 8659 1023
p 2 5 734 181 9856 1189
p 2 1 596 323 9542 1017
p 2 1 605 314 9725 1031
p 2 2 564 354 10336 1014
p 2 4 543 373 10475 1000
p 2 2 434 484 10718 906
p 2 0 500 420 10445 961
p 2 1 487 432 10629 949
p 2 2 444 474 10233 912
p 2 3 413 504 10429 887
p 2 7 437 476 10588 940
p 2 4 442 474 10720 926
p 2 1 454 465 9812 888
p 2 3 420 497 10317 881
p 2 2 426 492 9933 888
p 2 3 435 482 10670 917
p 2 1 430 489 9972 881
p 2 0 417 503 10501 865
p 2 1 416 503 10365 855
p 2 1 423 496 10833 877
p 2 2 419 499 9635 861
p 2 1 417 502 9625 839
p 2 2 409 509 9327 846
p 2 0 397 523 9339 827
i 2 920 0 0 58815 4409
p 2 0 706 214 7848 917
p 2 0 788 132 23979 1179
p 2 0 691 229 11142 965
p 2 0 724 196 23912 1133
p 2 0 647 273 11847 940
p 2 0 703 217 24673 1143
p 2 0 656 264 11966 960
p 2 0 681 239 24750 1129
p 2 0 653 267 12008 943
p 2 0 694 226 24788 1152
p 2 0 631 289 11703 937
p 2 0 684 236 24937 1124
p 2 0 642 278 11643 944
p 2 0 693 227 25016 1150
p 2 0 627 293 11839 932
p 2 0 613 307 13412 928
p 2 0 652 268 13971 960
p 2 0 613 307 14045 942
p 2 0 623 297 13991 945
p 2 0 635 285 14176 961
p 2 0 621 299 14258 942
p 2 0 685 235 25097 1133
p 2 0 627 293 11778 938
p 2 0 703 217 24893 1152
p 2 0 622 298 11521 936
p 2 0 698 222 24976 1156
p 2 0 648 272 12286 947
p 2 0 671 249 25043 1138
p 2 0 618 302 11942 929
p 2 0 694 226 24826 1144
p 2 0 639 281 11582 937
p 2 0 674 246 24977 1144
p 2 0 601 319 11998 918
p 2 0 672 248 24490 1134
p 2 0 644 276 11995 950
p 2 0 665 255 24899 1128
p 2 0 594 326 11766 918
p 2 0 602 318 13479 928
p 2 0 579 341 13984 897
p 2 0 602 318 13981 937
p 2 0 596 324 14167 920
p 2 0 611 309 14079 932
p 2 0 607 313 14085 929
p 2 0 575 345 14021 897
p 2 0 616 304 14325 942
p 2 0 689 231 24818 1135
p 2 0 626 294 11667 935
p 2 0 701 219 24649 1151
p 2 0 664 256 11804 981
p 2 0 671 249 24488 1134
p 2 0 636 284 12305 945
p 2 0 654 266 24673 1117
p 2 0 636 284 11921 952
p 2 0 645 275 24608 1108
p 2 0 616 304 11567 940
p 2 0 655 265 24648 1121
p 2 0 622 298 12003 943
p 2 0 680 240 24610 1140
p 2 0 616 304 12101 936
p 2 0 658 262 24819 1117
p 2 0 640 280 11931 947
p 2 0 582 338 13376 908
p 2 0 632 288 14112 943
p 2 0 570 350 13879 895
p 2 0 609 311 14253 932
p 2 0 661 259 25193 1132
p 2 0 644 276 11267 957
p 2 0 647 273 24705 1110
p 2 0 639 281 11891 958
p 2 0 681 239 24695 1153
p 2 0 657 263 12151 970
p 2 0 698 222 24952 1161
p 2 0 641 279 11838 950
p 2 0 672 248 24817 1145
p 2 0 638 282 11753 957
p 2 0 656 264 24752 1126
p 2 0 652 268 11892 957
p 2 0 607 313 13655 937
p 2 0 622 298 14169 938
p 2 0 611 309 13926 936
p 2 0 640 280 14096 949
p 2 0 599 321 14213 933
p 2 0 641 279 14259 968
p 2 0 658 262 25240 1130
p 2 0 613 307 11533 928
p 2 0 679 241 24432 1136
p 2 0 632 288 12013 953
p 2 0 643 277 24747 1106
p 2 0 662 258 12067 965
p 2 0 677 243 24675 1139
p 2 0 656 264 12164 968
p 2 0 665 255 24983 1126
p 2 0 617 303 11847 933
p 2 0 646 274 24509 1107
p 2 0 624 296 11790 942
p 2 0 612 308 13812 933
p 2 0 630 290 14318 955
p 2 0 599 321 13896 930
p 2 0 629 291 14166 951
p 2 0 601 319 14327 944
p 2 0 640 280 14139 968
p 2 0 660 260 25268 1126
p 2 0 609 311 11713 916
p 2 0 661 259 24513 1126
p 2 0 614 306 12051 939
p 2 0 665 255 24755 1122
p 2 0 631 289 11829 935
p 2 0 638 282 24709 1108
p 2 0 622 298 11996 934
p 2 0 657 263 24772 1122
p 2 0 657 263 11815 974
p 2 0 674 246 24747 1143
p 2 0 619 301 11770 934
p 2 0 592 328 13644 924
p 2 0 623 297 14320 953
p 2 0 583 337 13706 915
p 2 0 605 315 14026 932
p 2 0 600 320 14287 939
p 2 0 606 314 14179 945
p 2 0 665 255 25507 1129
p 2 0 628 292 11640 944
p 2 0 670 250 24440 1144
p 2 0 666 254 12021 978
p 2 0 677 243 25072 1120
p 2 0 646 274 11967 973
p 2 0 662 258 24661 1128
p 2 0 595 325 12107 928
p 2 0 663 257 25068 1131
p 2 0 654 266 11821 967
p 2 0 679 241 24775 1137
p 2 0 623 297 11819 950
p 2 0 652 268 24866 1120
p 2 0 647 273 12255 967
p 2 0 663 257 24583 1122
p 2 0 667 253 12215 986
p 2 0 596 324 13548 919
p 2 0 623 297 13947 951
p 2 0 626 294 13967 950
p 2 0 635 285 14363 968
p 2 0 629 291 14121 960
p 2 0 592 328 14134 928
p 2 0 594 326 14121 933
p 2 0 610 310 14362 947
p 2 0 708 212 25253 1172
p 2 0 625 295 11882 952
p 2 0 676 244 24893 1143
p 2 0 614 306 11805 938
p 2 0 675 245 24901 1137
p 2 0 642 278 12194 968
p 2 0 660 260 25010 1114
p 2 0 635 285 12047 950
p 2 0 666 254 24866 1128
p 2 0 661 259 11756 964
p 2 0 665 255 25289 1132
p 2 0 638 282 11992 962
p 2 0 602 318 13415 917
p 2 0 641 279 14049 961
p 2 0 569 351 13985 899
p 2 0 613 307 14168 935
p 2 0 688 232 25746 1166
p 2 0 647 273 11529 952
p 2 0 680 240 24598 1131
p 2 0 671 249 11917 979
p 2 0 661 259 24915 1114
p 2 0 665 255 12521 971
p 2 0 665 255 25133 1125
p 2 0 650 270 11461 964
p 2 0 684 236 24836 1138
p 2 0 681 239 11921 992
p 2 0 673 247 25038 1139
p 2 0 822 98 13451 1165
p 2 390 505 25 73281 3862
i 2 920 0 0 62594 4501
p 2 627 284 9 75438 4358
p 2 610 298 12 69891 4296
p 2 439 465 16 69246 3773
p 2 17 873 30 31266 1865
p 2 0 728 192 10270 1159
p 2 0 732 188 12282 1025
p 2 0 710 210 13004 999
p 2 0 695 225 13341 1003
p 2 0 636 284 13503 941
p 2 0 664 256 13367 969
p 2 0 646 274 13588 960
p 2 0 652 268 13573 963
p 2 0 638 282 13932 963
p 2 0 647 273 13369 954
p 2 0 624 296 13634 947
p 2 0 670 250 13815 990
p 2 0 640 280 13957 957
p 2 0 619 301 13376 944
p 2 0 606 314 13261 925
p 2 0 647 273 13834 970
p 2 0 646 274 14076 956
p 2 0 598 322 13215 924
p 2 0 594 326 13447 936
p 2 0 637 283 13886 964
p 2 0 630 290 13884 958
p 2 0 605 315 13453 944
p 2 0 599 321 13386 928
p 2 0 632 288 13572 957
p 2 0 631 289 13804 955
p 2 0 603 317 13489 933
p 2 0 589 331 13563 918
p 2 0 623 297 13622 945
p 2 0 652 268 13960 971
p 2 0 611 309 13562 945
p 2 0 573 347 13313 901
p 2 0 646 274 13631 976
p 2 0 635 285 14026 956
p 2 0 590 330 13547 927
p 2 0 596 324 13304 929
p 2 0 611 309 13822 942
p 2 0 622 298 13917 949
p 2 0 606 314 13373 933
p 2 0 569 351 13305 896
p 2 0 622 298 13796 953
p 2 0 610 310 13960 929
p 2 0 596 324 13626 938
p 2 0 616 304 13526 937
p 2 0 638 282 13939 974
p 2 0 602 318 13898 943
p 2 0 595 325 13617 920
p 2 0 601 319 13818 931
p 2 0 636 284 13803 972
p 2 0 608 312 13797 951
p 2 0 591 329 13626 925
p 2 0 606 314 13605 935
p 2 0 643 277 13665 974
p 2 0 594 326 13898 926
p 2 0 579 341 13581 910
p 2 0 582 338 13686 916
p 2 0 637 283 13768 965
p 2 0 628 292 14153 952
p 2 0 567 353 13709 904
p 2 0 591 329 13606 922
p 2 0 635 285 13806 967
p 2 0 591 329 13853 925
p 2 0 599 321 13829 939
p 2 10 610 300 20971 1112
p 2 0 645 275 13390 968
p 2 0 609 311 13822 936
p 2 9 611 300 21768 1122
p 2 0 594 326 13415 938
p 2 0 633 287 13690 963
p 2 12 631 277 21006 1144
p 2 0 597 323 13657 935
p 2 0 601 319 13854 918
p 2 6 620 294 20150 1097
p 2 0 684 236 15056 1045
p 2 0 646 274 13317 959
p 2 3 613 304 19479 1063
p 2 0 606 314 13132 944
p 2 0 624 296 13521 940
p 2 17 646 257 21788 1229
p 2 0 609 311 12781 936
p 2 0 640 280 13609 964
p 2 24 646 250 22802 1268
p 2 0 636 284 13495 976
p 2 0 605 315 13417 949
p 2 26 614 280 29527 1332
p 2 0 645 275 12338 971
p 2 0 635 285 13212 975
p 2 30 595 295 27648 1294
p 2 0 633 287 12122 960
p 2 0 674 246 13158 992
p 2 44 601 275 25098 1312
p 2 0 610 310 11865 935
p 2 0 612 308 12268 933
p 2 21 621 278 22096 1192
p 2 0 630 290 11924 950
p 2 0 579 341 12547 910
p 2 12 586 322 15703 1037
p 2 0 629 291 12643 956
p 2 0 610 310 12856 937
p 2 16 571 333 13659 1011
p 2 0 586 334 12105 915
p 2 0 621 299 12336 928
p 2 3 594 323 12447 942
p 2 0 545 375 12261 862
p 2 0 581 339 12288 904
p 2 0 595 325 12311 916
p 2 0 572 348 12230 885
p 2 0 557 363 12412 882
p 2 0 550 370 12025 872
p 2 0 598 322 12115 913
p 2 0 582 338 12189 902
p 2 0 538 382 12297 850
p 2 0 550 370 11826 871
p 2 0 576 344 12158 903
p 2 0 609 311 12172 919
p 2 0 542 378 12229 853
p 2 0 563 357 11882 880
p 2 0 592 328 12211 916
p 2 0 580 340 12342 905
p 2 0 554 366 12000 862
p 2 0 600 320 18794 988
p 2 0 630 290 11448 944
p 2 0 603 317 11994 927
p 2 1 541 378 18189 933
p 2 0 599 321 11420 922
p 2 0 626 294 11982 938
p 2 0 593 327 18745 995
p 2 0 554 366 11738 877
p 2 0 583 337 11842 902
p 2 0 612 308 17788 996
p 2 0 607 313 11540 916
p 2 0 557 363 12158 874
p 2 0 598 322 17764 967
p 2 0 622 298 11545 945
p 2 0 599 321 12075 922
p 2 0 564 356 12353 875
p 2 0 559 361 11960 876
p 2 0 563 357 12409 887
p 2 0 616 304 12472 940
p 2 0 596 324 12489 919
p 2 0 552 368 12084 879
p 2 0 563 357 12289 883
p 2 0 611 309 12491 937
p 2 0 595 325 12368 906
p 2 0 554 366 11985 876
p 2 0 533 387 12216 853
i 2 920 0 0 21331 3472
p 2 0 117 803 306 283
p 2 583 278 59 32402 3388
p 2 0 214 706 706 405
p 2 307 516 97 33079 2755
p 2 0 328 592 902 532
p 2 191 600 129 32410 2379
p 2 0 349 571 1015 591
p 2 0 321 599 2265 482
p 2 0 242 678 518 391
p 2 0 255 665 1942 412
p 2 0 192 728 433 340
p 2 0 128 792 1845 316
p 2 0 101 819 418 280
p 2 0 77 843 1828 286
p 2 0 37 883 309 233
p 2 0 64 856 1763 271
p 2 0 46 874 345 239
p 2 0 48 872 1779 261
p 2 0 31 889 311 225
p 2 0 47 873 1768 257
p 2 0 22 898 281 218
p 2 0 55 865 1838 267
p 2 0 35 885 308 229
p 2 0 54 866 1780 265
p 2 0 29 891 302 225
p 2 0 51 869 1803 264
p 2 0 31 889 307 224
p 2 0 49 871 1766 260
p 2 0 23 897 282 217
p 2 0 48 872 1785 263
p 2 0 26 894 286 221
p 2 0 43 877 1761 255
p 2 0 35 885 327 229
p 2 0 47 873 1766 259
p 2 0 26 894 288 222
p 2 0 50 870 1769 260
p 2 0 30 890 308 225
p 2 0 44 876 1770 259
p 2 0 28 892 315 224
p 2 0 46 874 1735 256
p 2 0 27 893 314 222
i 2 920 0 0 39971 4050
p 2 0 163 757 775 396
p 2 429 432 59 53902 3464
p 2 1 443 476 2670 796
p 2 378 530 12 61325 3650
p 2 10 515 395 4189 1007
p 2 127 778 15 53877 2720
p 2 16 610 294 4210 1162
p 2 83 831 6 50380 2555
p 2 9 644 267 4671 1246
p 2 194 718 8 55968 3035
p 2 39 625 256 7676 1370
p 2 87 817 16 49585 2588
p 2 0 701 219 5309 1247
p 2 177 730 13 45779 2797
p 2 0 622 298 4356 1086
p 2 340 573 7 58791 3414
p 2 0 446 474 1491 683
p 2 25 507 388 21656 1332
p 2 0 343 577 1125 559
p 2 32 440 448 22893 1321
p 2 0 303 617 1083 552
p 2 1 204 715 1303 400
p 2 0 110 810 370 291
p 2 0 129 791 1392 330
p 2 0 80 840 338 268
p 2 0 108 812 434 294
p 2 1 79 840 983 289
p 2 0 31 889 257 225
p 2 0 27 893 245 222
p 2 2 20 898 1256 242
p 2 0 20 900 251 215
p 2 0 29 891 272 222
p 2 1 15 904 925 227
p 2 0 10 910 232 206
p 2 0 10 910 223 205
p 2 0 19 901 1221 227
p 2 0 36 884 312 228
p 2 0 11 909 226 206
p 2 1 16 903 930 228
p 2 0 21 899 282 216
p 2 0 17 903 244 211
p 2 0 24 896 584 227
p 2 0 11 909 224 207
p 2 0 3 917 206 200
p 2 1 10 909 757 220
p 2 0 16 904 249 211
p 2 0 7 913 213 203
p 2 0 13 907 1221 222
p 2 0 9 911 233 206
p 2 0 16 904 235 210
p 2 1 12 907 914 225
p 2 0 9 911 239 206
p 2 0 10 910 219 206
p 2 0 10 910 1196 219
p 2 0 24 896 278 216
p 2 0 10 910 223 205
p 2 1 14 905 833 232
p 2 0 21 899 266 217
p 2 0 8 912 214 203
p 2 2 15 903 1244 238
p 2 0 7 913 221 203
p 2 0 2 918 199 199
p 2 1 9 910 916 222
p 2 0 9 911 228 205
p 2 0 3 917 201 199
p 2 0 12 908 1190 220
p 2 0 7 913 221 204
p 2 0 3 917 207 200
p 2 3 8 909 1126 228
p 2 4 20 896 2268 260
p 2 9 28 883 3708 318
p 2 28 48 844 6182 449
p 2 40 68 812 9437 591
p 2 8 104 808 7167 436
p 2 0 92 828 2628 319
p 2 0 51 869 2050 271
p 2 0 51 869 1892 271
p 2 0 29 891 265 223
p 2 0 38 882 1805 259
p 2 0 22 898 322 219
p 2 0 27 893 2220 252
p 2 1 32 887 2346 268
p 2 1 36 883 2335 269
p 2 0 28 892 286 222
p 2 2 37 881 2072 277
p 2 0 26 894 290 222
p 2 2 30 888 2111 268
p 2 3 33 884 2069 268
p 2 0 32 888 2462 265
p 2 198 611 111 65550 2952
p 2 2 486 432 3486 765
p 2 78 733 109 56462 2333
p 2 1 573 346 3724 887
p 2 78 712 130 59978 2296
p 2 5 561 354 4398 851
p 2 172 591 157 61625 2713
p 2 3 510 407 4772 805
p 2 108 633 179 59822 2403
p 2 1 485 434 3863 754
p 2 104 387 429 33352 1560
p 2 2 324 594 3255 559
p 2 129 294 497 28113 1453
p 2 3 262 655 2874 502
p 2 53 284 583 21293 1008
p 2 0 219 701 2731 447
p 2 118 237 565 32422 1441
p 2 1 192 727 3039 429
p 2 132 189 599 27345 1359
p 2 4 173 743 3419 426
p 2 52 200 668 21383 918
p 2 1 149 770 2801 383
p 2 119 197 604 32143 1398
p 2 2 177 741 2901 423
p 2 129 194 597 27866 1364
p 2 3 214 703 2773 451
p 2 52 202 666 21159 924
p 2 0 181 739 2657 422
p 2 118 197 605 32336 1396
p 2 1 177 742 3042 418
p 2 130 188 602 27424 1345
p 2 4 160 756 3369 415
p 2 52 199 669 21332 915
p 2 1 137 782 2785 376
p 2 120 179 621 32058 1391
p 2 2 165 753 2902 404
p 2 131 175 614 27660 1337
p 2 3 181 736 2696 428
p 2 51 199 670 21181 916
p 2 0 148 772 2638 392
p 2 118 180 622 32263 1382
p 2 1 157 762 2998 398
p 2 130 165 625 27505 1320
p 2 4 157 759 3339 409
p 2 53 167 700 21194 894
p 2 1 136 783 2807 377
p 2 120 166 634 32000 1377
p 2 2 148 770 2863 393
p 2 130 165 625 27684 1332
p 2 3 159 758 2667 413
p 2 52 182 686 21072 908
p 2 0 157 763 2600 396
p 2 119 174 627 32291 1379
p 2 1 146 773 2975 389
p 2 131 157 632 27312 1317
p 2 4 141 775 3285 393
p 2 0 71 849 363 262
p 2 270 471 179 69017 3034
p 2 14 410 496 10366 845
p 2 19 284 617 8964 739
i 2 920 0 0 50960 4402
p 2 11 242 667 4688 549
p 2 133 684 103 48805 2421
p 2 1 432 487 1898 685
p 2 198 567 155 44527 2505
p 2 0 338 582 1261 536
p 2 348 499 73 57820 3303
p 2 0 363 557 1357 576
p 2 26 442 452 21938 1281
p 2 0 294 626 1015 510
p 2 31 420 469 22132 1290
p 2 0 288 632 1073 524
p 2 2 127 791 1473 340
p 2 0 132 788 426 316
p 2 0 77 843 307 265
p 2 1 113 806 1108 317
p 2 0 69 851 337 260
p 2 0 47 873 299 237
p 2 0 36 884 1244 243
p 2 0 60 860 356 252
p 2 0 20 900 253 214
p 2 0 20 900 245 216
p 2 0 15 905 231 209
p 2 0 30 890 289 223
p 2 0 10 910 229 206
p 2 0 10 910 224 206
p 2 0 17 903 242 212
p 2 0 16 904 237 210
p 2 0 25 895 289 221
p 2 0 7 913 218 202
p 2 0 11 909 221 206
p 2 0 13 907 234 208
p 2 0 9 911 219 204
p 2 0 7 913 223 204
p 2 0 7 913 215 203
p 2 0 9 911 225 204
p 2 0 8 912 221 203
p 2 0 5 915 214 201
p 2 0 1 919 205 199
p 2 0 1 919 206 198
p 2 0 1 919 206 198
p 2 0 2 918 207 200
p 2 0 1 919 207 199
p 2 0 1 919 202 198
p 2 0 1 919 206 199
p 2 0 2 918 202 199
p 2 0 1 919 205 199
i 2 920 0 0 45477 3951
p 2 0 360 560 607 512
p 2 22 505 393 26596 1033
p 2 0 292 628 861 470
p 2 17 360 543 22155 837
p 2 0 255 665 881 441
p 2 17 282 621 20394 749
p 2 0 203 717 840 398
p 2 24 238 658 25256 817
p 2 0 169 751 745 363
p 2 24 221 675 23014 769
p 2 0 189 731 796 387
p 2 10 230 680 22061 675
p 2 0 204 716 827 397
p 2 9 211 700 23787 679
p 2 0 189 731 893 394
p 2 0 131 789 716 319
p 2 0 89 831 309 270
p 2 0 44 876 478 235
p 2 0 38 882 266 229
p 2 0 53 867 316 241
p 2 0 37 883 414 228
p 2 0 20 900 244 215
p 2 0 18 902 235 213
p 2 0 72 848 536 262
p 2 0 52 868 293 242
p 2 0 46 874 268 233
p 2 0 62 858 489 249
p 2 0 57 863 316 245
p 2 0 31 889 277 224
p 2 0 32 888 447 225
p 2 0 14 906 218 209
p 2 0 16 904 223 210
p 2 0 7 913 370 203
p 2 0 16 904 235 210
p 2 0 8 912 215 204
p 2 0 14 906 401 210
p 2 0 9 911 214 205
p 2 0 2 918 200 199
p 2 0 10 910 372 206
p 2 0 9 911 223 206
p 2 0 3 917 212 200
p 2 0 16 904 344 210
p 2 0 16 904 218 209
p 2 0 3 917 202 200
p 2 0 7 913 321 204
p 2 0 4 916 204 201
p 2 0 10 910 205 205
p 2 0 6 914 374 203
p 2 0 11 909 214 206
p 2 0 13 907 208 206
p 2 0 6 914 366 203
p 2 0 9 911 206 203
p 2 0 3 917 202 200
p 2 0 16 904 378 211
p 2 0 10 910 212 204
p 2 0 17 903 223 211
p 2 0 10 910 405 206
p 2 0 7 913 203 202
p 2 0 3 917 203 199
p 2 0 8 912 402 206
p 2 0 3 917 204 200
p 2 0 5 915 205 201
p 2 0 8 912 371 204
p 2 0 5 915 206 200
p 2 0 2 918 201 199
p 2 0 10 910 380 207
p 2 0 5 915 208 201
p 2 0 1 919 200 198
p 2 0 5 915 406 203
p 2 0 2 918 201 199
p 2 0 3 917 204 199
p 2 0 4 916 396 202
p 2 0 3 917 205 200
p 2 0 2 918 198 198
p 2 0 5 915 373 203
p 2 0 6 914 211 202
p 2 0 1 919 199 198
p 2 0 5 915 364 203
p 2 0 3 917 207 200
p 2 0 2 918 203 199
p 2 0 4 916 367 201
p 2 0 1 919 199 198
p 2 0 1 919 198 198
p 2 0 2 918 322 200
p 2 0 2 918 201 199
p 2 0 4 916 204 201
p 2 0 3 917 319 201
p 2 0 1 919 198 198
p 2 0 0 920 197 197
p 2 0 5 915 380 203
p 2 0 1 919 200 198
p 2 0 0 920 197 197
p 2 0 5 915 365 202
p 2 0 8 912 218 203
p 2 0 4 916 210 200
p 2 0 7 913 376 204
p 2 0 2 918 200 199
p 2 0 5 915 201 201
p 2 0 6 914 404 205
p 2 0 2 918 201 199
p 2 0 1 919 198 198
p 2 0 6 914 398 204
p 2 0 4 916 206 201
p 2 0 0 920 197 197
p 2 0 4 916 373 202
p 2 0 2 918 202 199
p 2 0 0 920 197 197
p 2 0 4 916 370 202
p 2 0 8 912 568 209
p 2 0 9 911 1129 216
p 2 1 15 904 1566 232
p 2 0 20 900 1533 233
p 2 0 13 907 1655 224
p 2 1 22 897 1706 241
p 2 0 19 901 1271 232
p 2 0 22 898 1879 245
p 2 0 16 904 413 216
p 2 0 33 887 2379 243
p 2 0 16 904 243 211
p 2 0 35 885 2390 245
p 2 0 20 900 245 215
p 2 0 12 908 225 208
p 2 0 18 902 387 212
p 2 0 9 911 210 204
p 2 0 9 911 217 205
p 2 0 6 914 334 204
p 2 0 4 916 204 201
p 2 0 3 917 203 200
p 2 0 5 915 322 202
p 2 0 0 920 197 197
p 2 0 2 918 202 199
p 2 0 4 916 374 201
p 2 0 1 919 199 198
p 2 0 1 919 199 198
p 2 0 4 916 363 201
p 2 0 2 918 203 199
p 2 0 2 918 199 199
p 2 1 30 889 2453 255
p 2 0 15 905 248 210
p 2 3 25 892 2716 254
p 2 0 18 902 439 213
p 2 0 32 888 3214 258
p 2 0 22 898 280 220
p 2 3 32 885 3044 269
p 2 0 14 906 248 209
p 2 0 17 903 1676 224
p 2 0 19 901 425 215
p 2 0 24 896 1599 230
p 2 0 15 905 246 210
p 2 0 22 898 1711 228
p 2 0 13 907 250 208
p 2 0 22 898 1602 229
p 2 0 16 904 451 213
p 2 0 19 901 1589 223
p 2 0 9 911 229 204
p 2 0 27 893 1824 234
p 2 0 12 908 233 208
p 2 0 16 904 1607 223
p 2 0 13 907 260 209
p 2 0 15 905 1498 222
p 2 0 11 909 248 207
p 2 0 15 905 1593 222
p 2 0 9 911 220 205
p 2 0 16 904 1586 223
p 2 0 11 909 228 206
p 2 0 15 905 1653 225
p 2 0 11 909 231 207
p 2 0 17 903 1607 223
p 2 0 9 911 236 205
p 2 0 14 906 1506 221
p 2 0 8 912 231 204
p 2 0 15 905 1570 223
p 2 0 13 907 238 209
p 2 0 17 903 1581 223
p 2 0 12 908 229 207
p 2 0 16 904 1609 222
p 2 0 8 912 225 205
p 2 0 17 903 1613 225
p 2 0 11 909 238 207
p 2 0 21 899 1649 227
p 2 0 13 907 248 208
p 2 0 14 906 1594 222
p 2 4 92 824 11008 413
p 2 0 74 846 1820 285
p 2 0 93 827 9503 369
p 2 0 85 835 1953 298
p 2 0 92 828 10260 379
p 2 0 76 844 1863 288
p 2 0 38 882 315 232
p 2 0 27 893 1503 229
p 2 0 23 897 281 218
p 2 2 103 815 11663 414
p 2 0 79 841 509 276
p 2 1 99 820 10912 395
p 2 0 68 852 474 269
p 2 1 94 825 10268 389
p 2 0 75 845 502 273
p 2 0 99 821 10334 385
p 2 0 72 848 500 271
p 2 0 35 885 1535 240
p 2 0 17 903 265 211
p 2 0 21 899 1631 225
p 2 0 10 910 230 206
p 2 0 17 903 1577 223
p 2 0 11 909 253 209
p 2 0 16 904 1658 225
p 2 0 9 911 226 205
p 2 0 15 905 1591 220
p 2 0 8 912 227 203
p 2 0 15 905 1491 221
p 2 0 11 909 246 207
p 2 0 14 906 1573 220
p 2 0 11 909 239 207
p 2 0 14 906 1566 218
i 2 920 0 0 45083 4206
p 2 0 379 541 684 548
p 2 9 663 248 31469 1344
p 2 0 378 542 1337 584
p 2 9 510 401 29736 1191
p 2 0 314 606 1225 523
p 2 5 399 516 27071 1029
p 2 0 283 637 1202 491
p 2 1 366 553 23635 881
p 2 0 271 649 1204 482
p 2 1 370 549 23567 868
p 2 0 258 662 1116 462
p 2 0 128 792 549 316
p 2 0 71 849 343 261
p 2 0 46 874 284 234
p 2 0 34 886 267 225
p 2 0 70 850 829 276
p 2 0 34 886 282 227
p 2 0 43 877 563 248
p 2 0 25 895 241 215
p 2 0 65 855 362 254
p 2 0 35 885 282 225
p 2 0 19 901 238 212
p 2 0 20 900 248 213
p 2 0 48 872 350 243
p 2 0 17 903 233 211
p 2 0 15 905 223 208
p 2 0 16 904 236 211
p 2 0 14 906 233 209
p 2 0 9 911 213 205
p 2 3 22 895 1010 238
p 2 0 28 892 253 219
p 2 0 7 913 210 202
p 2 0 14 906 524 227
p 2 0 14 906 222 209
p 2 0 10 910 212 206
p 2 3 7 910 983 228
p 2 0 5 915 210 202
p 2 0 2 918 203 199
p 2 0 14 906 670 222
p 2 0 11 909 218 207
p 2 0 4 916 203 200
p 2 1 12 907 963 222
p 2 0 7 913 218 203
p 2 0 2 918 202 199
p 2 0 1 919 198 198
p 2 0 2 918 201 200
p 2 0 4 916 204 200
p 2 0 2 918 201 198
p 2 0 2 918 201 199
p 2 0 1 919 200 198
p 2 0 7 913 211 203
p 2 0 10 910 668 218
p 2 0 10 910 216 206
p 2 0 11 909 471 215
p 2 0 5 915 202 202
p 2 0 7 913 205 203
p 2 0 3 917 199 199
p 2 0 5 915 201 201
p 2 0 4 916 201 201
p 2 0 3 917 199 199
p 2 0 1 919 198 198
p 2 0 3 917 199 199
p 2 0 0 920 197 197
p 2 0 0 920 197 197
p 2 0 0 920 197 197
p 2 0 0 920 197 197
p 2 0 0 920 197 197
p 2 0 0 920 197 197
p 2 0 0 920 197 197
p 2 0 0 920 197 197
i 2 920 0 0 2668 2668
p 2 0 0 920 197 197
p 2 0 0 920 197 197
p 2 0 0 920 197 197
p 2 0 0 920 197 197
p 2 0 0 920 197 197
p 2 920 0 0 5070 3388
p 2 771 149 0 9733 3597
p 2 618 302 0 14268 3610
p 2 478 442 0 17787 3405
p 2 444 476 0 21074 3364
p 2 375 545 0 22687 3201
p 2 349 571 0 24286 3107
p 2 299 621 0 25788 2995
p 2 286 634 0 25170 2871
p 2 252 668 0 28570 2874
p 2 251 669 0 26716 2760
p 2 211 709 0 28890 2733
p 2 211 709 0 26541 2579
p 2 171 749 0 30015 2589
p 2 170 750 0 27266 2458
p 2 154 766 0 30011 2535
p 2 151 769 0 27371 2398
p 2 134 786 0 29958 2470
p 2 135 785 0 27963 2387
p 2 115 805 0 30151 2403
p 2 123 797 0 26692 2339
p 2 100 820 0 27809 2320
p 2 100 820 0 28394 2279
p 2 88 832 0 29477 2303
p 2 88 832 0 26784 2233
p 2 0 789 131 3701 1064
p 2 0 702 218 2894 944
p 2 0 296 624 985 474
p 2 0 450 470 1577 640
p 2 0 288 632 1005 469
p 2 0 150 770 564 333
p 2 0 64 856 354 253
p 2 0 31 889 270 223
p 2 0 20 900 247 214
p 2 0 74 846 407 265
p 2 0 40 880 298 231
p 2 0 27 893 268 220
p 2 0 27 893 264 221
p 2 0 70 850 376 260
p 2 0 30 890 273 222
p 2 0 34 886 279 227
p 2 0 22 898 252 216
p 2 0 454 466 1693 664
p 2 0 469 451 1701 673
p 2 0 359 561 1219 541
p 2 0 183 737 677 368
p 2 0 186 734 703 370
p 2 0 172 748 685 359
p 2 0 56 864 326 246
p 2 0 29 891 267 221
p 2 0 39 881 292 230
p 2 0 14 906 227 209
p 2 0 18 902 239 211
p 2 0 15 905 233 209
p 2 0 13 907 227 208
p 2 0 10 910 218 204
p 2 0 6 914 209 202
p 2 0 29 891 255 219
p 2 0 13 907 227 207
p 2 0 11 909 223 206
p 2 0 15 905 227 209
p 2 0 16 904 229 210
p 2 0 5 915 209 201
p 2 0 6 914 206 202
p 2 0 9 911 215 205
p 2 0 8 912 216 203
p 2 0 10 910 219 206
p 2 0 15 905 232 209
p 2 0 15 905 232 208
p 2 0 13 907 226 208
p 2 0 11 909 218 205
p 2 0 6 914 209 201
i 2 920 0 0 79055 4545
p 2 0 105 815 358 292
p 2 0 24 896 220 218
p 2 0 4 916 202 202
p 2 0 7 913 207 205
p 2 0 2 918 200 199
p 2 0 3 917 210 202
p 2 0 2 918 200 199
p 2 0 1 919 199 199
p 2 0 1 919 198 198
p 2 0 2 918 200 199
p 2 0 3 917 201 200
p 2 0 2 918 200 199
p 2 0 0 920 197 197
p 2 0 0 920 197 197
p 2 0 1 919 198 198
p 2 0 0 920 197 197
p 2 0 1 919 198 198
p 2 0 0 920 197 197
p 2 0 0 920 197 197
p 2 0 3 917 200 199
p 2 0 2 918 199 198
p 2 0 5 915 204 200
p 2 0 1 919 198 198
p 2 0 8 912 211 203
p 2 0 3 917 202 199
p 2 0 5 915 206 201
p 2 0 12 908 214 205
p 2 0 4 916 201 200
p 2 0 1 919 198 198
p 2 0 3 917 202 201
p 2 0 3 917 202 199
p 2 0 2 918 201 199
p 2 0 2 918 200 199
p 2 0 4 916 203 200
p 2 0 3 917 204 200
p 2 0 4 916 204 201
p 2 0 1 919 199 198
p 2 0 6 914 207 201
p 2 0 3 917 204 199
p 2 0 8 912 211 203
p 2 0 5 915 206 202
p 2 0 4 916 204 200
p 2 0 1 919 198 198
p 2 0 7 913 209 201
p 2 0 2 918 202 199
p 2 0 0 920 197 197
p 2 0 2 918 200 199
p 2 0 6 914 205 201
p 2 0 0 920 197 197
p 2 0 4 916 204 200
p 2 0 7 913 210 202
p 2 0 3 917 201 199
p 2 0 2 918 200 199
p 2 0 1 919 198 198
p 2 0 1 919 199 198
p 2 0 4 916 205 200
p 2 0 5 915 204 200
p 2 0 3 917 203 200
p 2 0 6 914 207 201
p 2 0 0 920 197 197
p 2 0 3 917 203 199
p 2 0 0 920 197 197
p 2 0 0 920 197 197
p 2 0 2 918 201 199
p 2 0 0 920 197 197
p 2 0 0 920 197 197
p 2 0 1 919 199 198
p 2 0 1 919 199 198
p 2 0 2 918 201 199
p 2 0 2 918 201 199
p 2 0 3 917 201 199
p 2 0 4 916 202 200
p 2 0 3 917 202 200
p 2 0 4 916 204 200
p 2 0 2 918 200 198
p 2 0 3 917 202 201
p 2 0 2 918 200 199
p 2 0 0 920 197 197
p 2 0 1 919 199 199
p 2 0 1 919 198 198
p 2 0 1 919 199 198
p 2 0 2 918 200 198
p 2 0 1 919 199 198
p 2 0 3 917 202 199
p 2 0 0 920 197 197
p 2 0 0 920 197 197
p 2 0 1 919 199 198
p 2 0 4 916 202 200
p 2 0 1 919 198 198
p 2 0 1 919 199 199
p 2 0 1 919 199 198
p 2 0 4 916 205 200
p 2 0 1 919 198 198
p 2 0 1 919 199 198
p 2 0 1 919 199 198
p 2 0 0 920 197 197
p 2 0 1 919 199 198
p 2 0 0 920 197 197
p 2 0 3 917 202 199
p 2 0 1 919 198 198
p 2 0 2 918 201 199
p 2 0 1 919 199 198
p 2 0 1 919 199 198
p 2 0 2 918 201 200
p 2 0 2 918 200 199
p 2 0 0 920 197 197
p 2 0 1 919 199 198
p 2 0 2 918 200 199
p 2 0 2 918 200 198
p 2 0 0 920 197 197
p 2 0 4 916 302 199
p 2 0 0 920 197 197
p 2 0 0 920 197 197
p 2 0 3 917 289 199
p 2 0 2 918 203 199
p 2 0 0 920 197 197
p 2 0 2 918 290 199
p 2 0 2 918 203 199
p 2 0 3 917 204 200
p 2 0 2 918 289 199
p 2 0 0 920 197 197
p 2 0 0 920 197 197
p 2 0 3 917 289 200
p 2 0 4 916 204 200
p 2 0 2 918 201 200
p 2 0 2 918 287 199
p 2 0 1 919 199 198
p 2 0 4 916 205 201
p 2 0 2 918 288 199
p 2 0 0 920 197 197
p 2 0 0 920 197 197
p 2 0 3 917 289 200
p 2 0 1 919 201 198
p 2 0 0 920 197 197
p 2 0 3 917 288 199
p 2 0 0 920 197 197
p 2 0 0 920 197 197
p 2 0 2 918 285 199
p 2 0 1 919 199 198
p 2 0 2 918 200 199
p 2 0 2 918 288 199
p 2 0 2 918 202 198
p 2 0 0 920 197 197
p 2 0 2 918 288 199
p 2 0 1 919 200 198
p 2 0 0 920 197 197
p 2 0 2 918 287 198
p 2 0 1 919 199 198
p 2 0 0 920 197 197
p 2 0 0 920 197 197
p 2 0 0 920 197 197
p 2 0 0 920 197 197
p 2 0 3 917 289 200
p 2 0 1 919 199 198
i 2 920 0 0 84701 5082
p 2 0 164 756 418 344
p 2 0 142 778 337 313
p 2 0 45 875 380 237
p 2 0 78 842 280 258
p 2 0 24 896 234 216
p 2 0 33 887 366 222
p 2 0 7 913 212 203
p 2 0 7 913 209 202
p 2 0 10 910 367 207
p 2 0 3 917 202 200
p 2 0 3 917 203 200
p 2 0 5 915 343 202
p 2 0 4 916 209 201
p 2 0 10 910 210 203
p 2 1 5 914 300 208
p 2 0 1 919 200 198
p 2 0 2 918 199 199
p 2 0 9 911 395 205
p 2 0 3 917 200 200
p 2 0 4 916 204 202
p 2 0 5 915 361 203
p 2 0 5 915 211 202
p 2 0 2 918 200 199
p 2 0 12 908 361 208
p 2 0 4 916 212 201
p 2 0 4 916 206 200
p 2 1 14 905 311 214
p 2 0 12 908 214 207
p 2 0 9 911 206 205
p 2 0 10 910 391 206
p 2 0 10 910 215 205
p 2 0 4 916 206 201
p 2 0 8 912 361 204
p 2 0 2 918 202 199
p 2 0 1 919 198 198
p 2 0 4 916 344 201
p 2 0 2 918 201 199
p 2 0 2 918 200 199
p 2 0 3 917 361 201
p 2 0 4 916 206 202
p 2 0 2 918 199 199
p 2 1 1 918 296 206
p 2 0 0 920 197 197
p 2 0 0 920 197 197
p 2 0 2 918 380 200
p 2 0 1 919 198 198
p 2 0 0 920 197 197
p 2 1 3 916 299 207
p 2 0 2 918 201 199
p 2 0 5 915 205 201
p 2 0 4 916 372 202
p 2 0 1 919 199 198
p 2 0 0 920 197 197
p 2 0 4 916 363 202
p 2 0 2 918 200 199
p 2 0 0 920 197 197
p 2 0 3 917 341 201
p 2 0 0 920 197 197
p 2 0 2 918 202 199
p 2 0 2 918 201 198
p 2 0 2 918 201 200
p 2 0 0 920 197 197
p 2 0 0 920 197 197
p 2 0 3 917 363 201
p 2 0 2 918 203 198
p 2 1 3 916 612 210
p 2 0 2 918 206 199
p 2 0 1 919 199 198
p 2 0 3 917 558 202
p 2 0 4 916 209 201
p 2 0 2 918 202 199
p 2 0 5 915 541 205
p 2 0 3 917 206 200
p 2 0 2 918 199 198
p 2 0 4 916 529 201
p 2 0 4 916 211 201
p 2 0 4 916 207 201
p 2 0 6 914 494 207
p 2 0 2 918 203 199
p 2 0 1 919 200 198
p 2 0 3 917 597 202
p 2 0 1 919 201 199
p 2 0 1 919 201 198
p 2 0 4 916 547 204
p 2 0 3 917 208 201
p 2 0 2 918 201 198
p 2 0 3 917 531 202
p 2 0 3 917 207 200
p 2 0 1 919 198 198
p 2 0 3 917 489 204
p 2 0 2 918 203 199
p 2 0 1 919 198 198
p 2 0 3 917 597 202
p 2 0 2 918 206 200
p 2 0 2 918 199 199
p 2 12 124 784 13579 506
p 2 0 93 827 585 297
p 2 0 45 875 307 235
p 2 20 141 759 15179 586
p 2 0 112 808 637 315
p 2 0 41 879 279 232
p 2 14 137 769 14156 554
p 2 0 116 804 684 319
p 2 0 63 857 342 255
p 2 9 144 767 12739 509
p 2 0 99 821 621 302
p 2 0 67 853 347 255
p 2 5 150 765 13563 502
p 2 0 125 795 686 326
p 2 0 56 864 345 247
p 2 0 16 904 234 211
p 2 0 22 898 578 216
p 2 0 16 904 232 211
p 2 0 33 887 673 228
p 2 0 21 899 240 214
p 2 0 19 901 247 212
p 2 0 18 902 474 211
p 2 0 10 910 216 204
p 2 0 12 908 212 205
p 2 0 36 884 520 229
p 2 0 15 905 228 208
p 2 0 22 898 242 213
p 2 3 84 833 5780 363
p 2 0 65 855 428 264
p 2 0 32 888 288 226
p 2 5 83 832 5456 356
p 2 0 47 873 358 244
p 2 0 34 886 276 227
p 2 3 81 836 5693 345
p 2 0 62 858 399 254
p 2 0 42 878 276 231
p 2 3 85 832 5652 345
p 2 0 60 860 382 253
p 2 0 48 872 313 241
p 2 0 35 885 524 227
p 2 0 18 902 243 213
p 2 0 11 909 222 207
p 2 0 10 910 407 205
p 2 0 10 910 218 204
p 2 0 11 909 228 207
p 2 0 16 904 448 211
p 2 0 23 897 253 217
p 2 0 9 911 211 203
p 2 0 12 908 223 207
p 2 0 37 883 289 227
p 2 0 25 895 269 221
p 2 0 11 909 223 206
p 2 0 18 902 425 212
p 2 0 19 901 244 213
p 2 0 14 906 420 210
p 2 0 6 914 212 203
p 2 0 8 912 213 203
p 2 0 7 913 216 203
p 2 0 11 909 227 206
p 2 0 11 909 224 206
p 2 0 11 909 296 206
p 2 0 5 915 213 202
p 2 0 1 919 201 199
p 2 0 4 916 350 202
p 2 0 6 914 207 202
p 2 0 4 916 204 200
p 2 0 6 914 307 203
p 2 0 4 916 212 201
p 2 0 4 916 206 201
p 2 0 4 916 334 202
p 2 0 5 915 209 201
p 2 0 4 916 213 201
p 2 0 5 915 314 201
p 2 0 5 915 212 201
p 2 0 7 913 208 202
p 2 0 7 913 373 203
p 2 0 8 912 226 204
p 2 0 5 915 213 202
p 2 0 9 911 317 206
p 2 0 6 914 211 201
p 2 0 5 915 211 201
p 2 0 3 917 328 201
p 2 0 2 918 205 199
p 2 0 0 920 197 197
p 2 3 73 844 6653 372
p 2 0 53 867 398 249
p 2 10 116 794 15668 497
p 2 1 179 740 9762 489
p 2 6 176 738 16410 563
p 2 0 129 791 713 329
p 2 17 334 569 38931 1029
p 2 0 271 649 1323 491
p 2 13 178 729 15101 599
p 2 5 290 625 23003 748
p 2 0 236 684 1184 453
p 2 0 114 806 537 301
p 2 6 318 596 24468 781
p 2 0 195 725 1000 404
p 2 0 86 834 429 275
p 2 7 268 645 20424 698
p 2 0 200 720 944 406
p 2 0 127 793 568 318
p 2 0 34 886 285 225
p 2 0 62 858 454 254
p 2 0 86 834 430 275
p 2 0 63 857 471 255
p 2 0 55 865 335 245
p 2 0 14 906 224 207
p 2 0 22 898 320 215
p 2 0 28 892 273 219
p 2 0 40 880 312 233
p 2 0 19 901 379 215
p 2 0 17 903 235 211
p 2 0 16 904 239 211
p 2 0 30 890 370 224
p 2 0 23 897 275 217
p 2 0 13 907 226 208
p 2 0 6 914 338 204
p 2 0 3 917 209 200
p 2 0 1 919 199 198
p 2 0 47 873 420 240
p 2 0 31 889 255 222
p 2 0 26 894 261 219
p 2 0 30 890 436 224
p 2 0 44 876 320 237
p 2 0 43 877 325 236
p 2 0 20 900 348 215
p 2 0 8 912 216 203
p 2 0 7 913 213 203
p 2 0 8 912 339 204
p 2 0 4 916 206 201
p 2 0 5 915 207 200
p 2 0 9 911 324 204
p 2 0 3 917 204 200
p 2 0 5 915 206 201
p 2 0 5 915 369 203
p 2 0 14 906 234 210
p 2 0 1 919 200 198
p 2 0 6 914 307 202
p 2 0 7 913 214 203
p 2 0 6 914 210 201
p 2 0 8 912 336 204
p 2 0 2 918 207 199
p 2 0 2 918 201 199
p 2 0 4 916 297 201
p 2 0 12 908 224 208
p 2 0 10 910 222 206
p 2 0 6 914 293 202
p 2 0 3 917 207 201
p 2 0 5 915 208 201
p 2 0 17 903 316 212
p 2 0 7 913 217 203
p 2 0 0 920 197 197
p 2 0 2 918 336 200
p 2 0 481 439 2530 744
p 2 0 162 758 654 348
p 2 0 41 879 374 234
p 2 0 20 900 239 213
p 2 0 15 905 235 209
p 2 0 13 907 350 208
p 2 0 15 905 239 210
p 2 0 14 906 229 209
p 2 0 21 899 353 214
p 2 0 6 914 207 203
p 2 0 11 909 219 206
p 2 0 8 912 372 203
p 2 0 23 897 263 216
p 2 0 16 904 233 211
p 2 0 31 889 369 223
p 2 0 19 901 237 211
p 2 0 12 908 221 205
p 2 0 22 898 369 216
p 2 0 31 889 272 224
p 2 0 13 907 216 208
p 2 0 17 903 345 213
p 2 0 15 905 244 209
p 2 0 13 907 223 207
p 2 0 5 915 369 203
p 2 0 4 916 209 201
p 2 0 4 916 206 200
p 2 0 13 907 321 207
p 2 0 12 908 223 206
p 2 0 10 910 218 204
p 2 0 11 909 344 206
p 2 0 5 915 211 201
p 2 0 4 916 207 200
p 2 0 7 913 210 203
p 2 0 1 919 199 198
p 2 0 121 799 11468 408
p 2 0 85 835 590 288
p 2 0 111 809 9823 377
p 2 0 99 821 630 305
p 2 0 155 765 9215 413
p 2 0 120 800 666 319
p 2 0 76 844 389 263
p 2 0 44 876 308 235
p 2 0 60 860 333 245
p 2 0 13 907 228 208
p 2 0 23 897 250 215
p 2 0 20 900 237 213
p 2 0 26 894 258 217
p 2 0 23 897 252 216
p 2 0 21 899 256 214
p 2 0 7 913 210 204
p 2 0 8 912 219 203
p 2 0 5 915 210 201
p 2 0 22 898 256 216
p 2 0 14 906 236 207
p 2 0 11 909 230 207
p 2 0 3 917 202 199
p 2 0 1 919 199 198
p 2 0 5 915 208 202
p 2 0 5 915 208 200
p 2 0 6 914 211 203
p 2 0 3 917 202 199
p 2 0 2 918 202 199
p 2 0 8 912 215 202
p 2 0 9 911 206 204
p 2 0 7 913 206 202
p 2 0 3 917 204 200
p 2 0 6 914 208 202
p 2 0 3 917 205 200
p 2 0 8 912 214 203
p 2 0 5 915 209 202
p 2 0 4 916 206 200
p 2 0 5 915 206 201
p 2 0 1 919 199 198
p 2 0 5 915 214 201
p 2 0 4 916 209 200
p 2 0 1 919 201 198
p 2 0 1 919 201 198
p 2 0 2 918 203 200
p 2 0 2 918 201 199
p 2 0 0 920 197 197
p 2 0 0 920 197 197
p 2 0 0 920 197 197
p 2 0 0 920 197 197
p 2 0 0 920 197 197
p 2 0 0 920 197 197
i 2 920 0 0 75508 4932
p 2 0 67 853 306 259
p 2 3 82 835 5954 338
p 2 0 57 863 414 256
p 2 8 69 843 4941 358
p 2 0 47 873 360 246
p 2 6 60 854 6183 347
p 2 0 42 878 330 236
p 2 0 67 853 5201 307
p 2 0 51 869 884 250
p 2 0 69 851 5913 311
p 2 0 58 862 406 253
p 2 0 39 881 549 236
p 2 0 13 907 241 208
p 2 0 14 906 232 209
p 2 0 13 907 729 214
p 2 0 18 902 254 213
p 2 0 16 904 246 209
p 2 0 15 905 383 223
p 2 0 8 912 219 206
p 2 0 11 909 224 205
p 2 1 11 908 813 221
p 2 0 12 908 248 209
p 2 0 6 914 218 202
p 2 0 16 904 502 217
p 2 0 7 913 218 203
p 2 0 6 914 214 201
p 2 0 17 903 736 218
p 2 0 14 906 239 208
p 2 0 7 913 215 203
p 2 0 12 908 366 219
p 2 0 6 914 210 204
p 2 0 4 916 206 201
p 2 1 9 910 812 219
p 2 0 9 911 233 206
p 2 0 9 911 216 204
p 2 0 10 910 486 215
p 2 0 7 913 226 204
p 2 0 5 915 210 201
p 2 0 9 911 718 212
p 2 0 8 912 231 204
p 2 0 7 913 216 202
p 2 0 8 912 490 213
p 2 0 6 914 217 203
p 2 0 5 915 210 201
p 2 0 8 912 351 214
p 2 0 2 918 204 199
p 2 0 9 911 209 204
p 2 0 7 913 619 210
p 2 0 13 907 221 206
p 2 0 4 916 208 201
p 2 0 9 911 721 211
p 2 0 6 914 228 204
p 2 0 2 918 204 199
p 2 0 8 912 484 210
p 2 0 5 915 214 202
p 2 0 3 917 207 201
p 2 0 8 912 724 211
p 2 0 10 910 230 205
p 2 0 3 917 205 200
p 2 0 7 913 358 215
p 2 0 4 916 205 202
p 2 0 4 916 206 201
p 2 1 6 913 799 217
p 2 0 4 916 217 201
p 2 0 3 917 209 200
p 2 0 7 913 495 210
p 2 0 8 912 221 205
p 2 0 4 916 205 200
p 2 0 6 914 709 209
p 2 0 5 915 209 201
p 2 0 2 918 200 198
p 2 0 5 915 348 210
p 2 0 7 913 209 205
p 2 0 2 918 198 198
p 2 1 6 913 796 217
p 2 0 5 915 211 202
p 2 0 3 917 202 200
p 2 0 9 911 485 214
p 2 0 6 914 214 203
p 2 0 4 916 207 200
p 2 0 6 914 715 209
p 2 0 7 913 218 203
p 2 0 3 917 205 199
p 2 0 6 914 480 209
p 2 0 4 916 205 201
p 2 0 1 919 198 198
p 2 0 6 914 338 209
p 2 0 3 917 199 199
p 2 0 4 916 202 200
p 2 0 6 914 604 208
p 2 0 4 916 209 200
p 2 0 2 918 200 199
p 2 0 8 912 716 210
p 2 0 5 915 215 202
p 2 0 1 919 199 198
p 2 0 7 913 472 210
p 2 0 4 916 206 201
p 2 0 2 918 200 199
p 2 0 8 912 715 210
p 2 0 5 915 214 202
p 2 0 5 915 208 200
p 2 0 6 914 351 212
p 2 0 6 914 205 203
p 2 0 3 917 199 199
p 2 1 6 913 797 216
p 2 0 3 917 212 201
p 2 0 3 917 207 200
p 2 0 6 914 480 210
p 2 0 7 913 218 204
p 2 0 4 916 204 201
p 2 0 9 911 717 211
p 2 0 3 917 212 201
p 2 0 5 915 206 201
p 2 0 6 914 351 213
p 2 0 6 914 210 206
p 2 0 4 916 202 200
p 2 1 6 913 796 217
p 2 0 3 917 206 200
p 2 0 1 919 198 198
p 2 0 5 915 478 209
p 2 0 6 914 215 203
p 2 0 2 918 200 199
p 2 0 8 912 706 210
p 2 0 5 915 219 202
p 2 0 3 917 203 200
p 2 0 6 914 351 215
p 2 0 6 914 208 204
p 2 0 3 917 199 199
p 2 1 5 914 794 216
p 2 0 3 917 210 200
p 2 0 0 920 197 197
p 2 0 6 914 478 211
p 2 0 4 916 207 201
p 2 0 2 918 200 199
p 2 0 7 913 715 210
p 2 0 3 917 209 200
p 2 0 1 919 198 198
p 2 0 0 920 197 197
p 2 0 1 919 198 198
p 2 0 1 919 199 198
p 2 0 0 920 197 197
p 2 0 0 920 197 197
p 2 0 5 915 476 208
p 2 0 5 915 215 202
p 2 0 4 916 205 201
p 2 0 6 914 339 210
p 2 0 1 919 200 198
p 2 0 5 915 203 201
i 2 920 0 0 84947 5050
p 2 14 882 24 43716 1900
p 2 9 898 13 34083 1777
p 2 7 903 10 34187 1733
p 2 7 902 11 41241 1854
p 2 9 900 11 45751 1853
p 2 12 898 10 35996 1734
p 2 6 905 9 27504 1583
p 2 5 910 5 19391 1502
p 2 3 915 2 9646 1402
p 2 1 917 2 8342 1339
p 2 2 917 1 11262 1328
p 2 6 912 2 15121 1408
p 2 5 915 0 16155 1405
p 2 5 913 2 13299 1365
p 2 4 916 0 9060 1317
p 2 1 917 2 8728 1291
p 2 6 914 0 16995 1407
p 2 4 914 2 26630 1543
p 2 8 909 3 34546 1690
p 2 11 906 3 39742 1825
p 2 10 902 8 42579 1872
p 2 4 914 2 43859 1893
p 2 5 911 4 43174 1890
p 2 12 904 4 43583 1949
p 2 20 895 5 42930 1908
p 2 13 901 6 42622 1896
p 2 6 904 10 39834 1784
p 2 8 902 10 34119 1716
p 2 19 900 1 21251 1687
p 2 7 908 5 15156 1620
p 2 8 900 12 32135 1674
p 2 4 901 15 39903 1779
p 2 4 903 13 41553 1809
p 2 10 894 16 41281 1854
p 2 10 895 15 40087 1820
p 2 10 898 12 32494 1675
p 2 6 905 9 19830 1565
p 2 3 909 8 13297 1479
p 2 7 901 12 35849 1746
p 2 6 909 5 39312 1831
p 2 2 914 4 39956 1851
p 2 9 900 11 38579 1812
p 2 3 899 18 22497 1673
p 2 9 898 13 22692 1654
p 2 18 896 6 37863 1843
p 2 12 891 17 39500 1860
p 2 4 892 24 33222 1676
p 2 13 897 10 10252 1453
p 2 14 900 6 32050 1667
p 2 15 885 20 37807 1801
p 2 12 896 12 32327 1700
p 2 8 902 10 18447 1584
p 2 2 909 9 35993 1744
p 2 9 897 14 35305 1726
p 2 12 889 19 17115 1524
p 2 22 877 21 35667 1779
p 2 18 882 20 24988 1623
p 2 17 877 26 36426 1737
p 2 8 834 78 28622 1515
p 2 5 657 258 6481 1082
p 2 7 481 432 5233 889
p 2 6 359 555 4664 767
p 2 9 373 538 4822 788
p 2 6 289 625 4557 694
p 2 13 290 617 4514 709
p 2 23 286 611 5666 771
p 2 17 337 566 5316 811
p 2 10 273 637 4798 703
p 2 16 289 615 4478 721
p 2 19 273 628 4704 725
p 2 20 300 600 5575 773
p 2 17 290 613 4913 736
p 2 11 277 632 4385 691
p 2 4 245 671 4233 636
p 2 9 248 663 4509 662
p 2 11 241 668 4333 662
p 2 21 243 656 4511 685
p 2 22 237 661 4469 691
p 2 15 227 678 4518 672
p 2 9 229 682 4247 637
p 2 4 237 679 4850 641
p 2 8 269 643 4463 676
p 2 7 257 656 4177 659
p 2 9 228 683 4535 631
p 2 6 244 670 4307 639
p 2 12 240 668 4493 670
p 2 24 247 649 5108 729
p 2 15 229 676 5028 699
p 2 10 240 670 4488 666
p 2 17 244 659 4343 677
p 2 20 239 661 4550 690
p 2 20 222 678 5399 696
p 2 16 241 663 4472 687
p 2 10 235 675 4278 656
p 2 5 234 681 4237 624
p 2 9 230 681 4593 637
p 2 14 222 684 4180 644
p 2 20 217 683 4464 658
p 2 18 230 672 4594 670
p 2 15 223 682 4471 657
p 2 8 232 680 4266 636
p 2 4 250 666 4900 655
p 2 7 240 673 4290 647
p 2 7 223 690 4279 633
p 2 8 235 677 4381 635
p 2 6 228 686 4353 629
p 2 11 223 686 4311 639
p 2 12 226 682 4826 658
p 2 21 216 683 4910 679
p 2 18 217 685 4924 689
p 2 10 229 681 4395 650
p 2 17 216 687 4044 649
p 2 14 225 681 4655 660
p 2 16 222 682 5557 686
p 2 15 221 684 4356 652
p 2 10 225 685 4251 633
p 2 4 225 691 4094 611
p 2 11 209 700 4282 630
p 2 12 877 31 35115 1708
p 2 375 537 8 97200 4251
i 2 920 0 0 84747 5193
p 2 532 380 8 103526 4579
p 2 525 388 7 104626 4552
p 2 412 491 17 100115 4160
p 2 92 820 8 47420 2440
p 2 19 563 338 6295 1170
p 2 11 434 475 4763 917
p 2 14 356 550 4375 843
p 2 10 415 495 5378 940
p 2 5 339 576 4986 887
p 2 8 331 581 5015 899
p 2 11 313 596 5810 894
p 2 8 370 542 4834 885
p 2 8 338 574 5180 851
p 2 14 335 571 6231 877
p 2 8 304 608 4893 807
p 2 16 293 611 4991 820
p 2 17 295 608 6195 860
p 2 7 292 621 4159 770
p 2 3 289 628 4232 747
p 2 9 300 611 5310 822
p 2 10 291 619 4424 783
p 2 7 284 629 4518 769
p 2 13 284 623 5490 831
p 2 10 296 614 4445 805
p 2 15 304 601 4708 822
p 2 14 290 616 5135 819
p 2 9 285 626 4249 760
p 2 14 281 625 4128 767
p 2 11 285 624 4778 787
p 2 2 296 622 4503 800
p 2 12 279 629 4936 852
p 2 11 277 632 4759 855
p 2 12 271 637 4406 815
p 2 117 795 8 24206 2128
p 2 72 842 6 33191 2028
p 2 60 857 3 35820 1978
p 2 58 856 6 37428 1921
p 2 59 854 7 38586 1922
p 2 65 848 7 39175 1921
p 2 57 857 6 40045 1914
p 2 60 853 7 39811 1940
p 2 61 852 7 40650 1983
p 2 61 854 5 39317 1982
p 2 75 840 5 39336 2055
p 2 94 822 4 38014 2157
p 2 121 793 6 37754 2231
p 2 5 897 18 37817 1839
p 2 44 864 12 46780 2212
p 2 35 879 6 53159 2304
p 2 37 871 12 56932 2355
p 2 22 886 12 56542 2228
p 2 40 866 14 56179 2307
p 2 48 855 17 54432 2364
p 2 23 885 12 53749 2198
p 2 20 890 10 49807 2142
p 2 8 910 2 43260 1957
p 2 0 916 4 36595 1721
p 2 0 637 283 2511 887
p 2 0 261 659 815 445
p 2 0 82 838 327 270
p 2 0 194 726 635 374
p 2 0 92 828 391 279
p 2 0 109 811 449 292
p 2 0 86 834 384 274
p 2 0 117 803 499 305
p 2 0 63 857 342 252
p 2 0 42 878 292 234
p 2 0 29 891 267 223
p 2 0 122 798 524 312
p 2 0 44 876 312 234
p 2 0 58 862 348 250
p 2 0 43 877 307 235
p 2 0 134 786 565 321
p 2 0 54 866 325 244
p 2 0 59 861 347 250
p 2 0 62 858 335 253
p 2 0 74 846 383 266
p 2 0 26 894 264 220
p 2 0 23 897 247 215
p 2 0 19 901 237 210
p 2 0 16 904 242 211
p 2 0 14 906 241 210
p 2 0 15 905 232 208
p 2 0 11 909 219 207
p 2 0 9 911 216 204
p 2 0 5 915 205 201
p 2 0 7 913 211 202
p 2 0 1 919 200 198
p 2 0 2 918 201 199
p 2 0 0 920 197 197
p 2 0 2 918 200 198
p 2 0 1 919 199 198
i 2 920 0 0 21271 3578
p 2 2 499 419 6293 744
p 2 0 609 311 8813 779
p 2 0 609 311 8990 799
p 2 11 662 247 3787 792
p 2 9 647 264 8412 841
p 2 0 691 229 9268 869
p 2 5 659 256 8090 872
p 2 0 716 204 8418 892
p 2 4 629 287 9597 832
p 2 1 677 242 9755 889
p 2 1 588 331 9357 826
p 2 4 670 246 7797 884
p 2 4 618 298 8144 865
p 2 8 640 272 5878 897
p 2 6 596 318 3256 811
p 2 0 616 304 3022 791
p 2 0 573 347 2588 729
p 2 3 631 286 3230 811
p 2 0 613 307 4116 766
p 2 17 612 291 3513 879
p 2 12 635 273 3878 887
p 2 0 645 275 3227 848
p 2 0 630 290 2700 792
p 2 16 693 211 7202 928
p 2 3 690 227 12752 903
p 2 4 708 208 8692 957
p 2 0 645 275 10105 977
p 2 1 694 225 12883 996
p 2 19 608 293 13423 1005
p 2 2 723 195 14916 1038
p 2 4 671 245 13253 1085
p 2 34 652 234 13895 1183
p 2 0 692 228 15280 1091
p 2 0 713 207 17547 1104
p 2 1 744 175 13895 1133
p 2 8 701 211 15930 1139
p 2 0 697 223 12629 1156
p 2 8 664 248 13247 1154
p 2 0 685 235 16005 1160
p 2 17 635 268 16661 1194
p 2 0 696 224 14443 1033
p 2 17 680 223 14234 1102
p 2 1 702 217 10015 1021
p 2 13 647 260 6625 972
p 2 0 709 211 4700 930
p 2 7 659 254 6518 929
p 2 3 693 224 11188 967
p 2 11 663 246 17315 1058
p 2 22 655 243 25988 1290
p 2 61 677 182 31527 1541
p 2 67 648 205 30214 1655
p 2 63 647 210 31780 1632
p 2 21 698 201 30603 1514
p 2 4 640 276 19459 1161
p 2 4 682 234 15993 1107
p 2 5 645 270 14272 1046
p 2 7 562 351 8544 945
p 2 5 614 301 8045 1020
p 2 2 593 325 12080 1041
p 2 0 612 308 17167 1091
p 2 11 568 341 14776 1094
p 2 0 627 293 15764 1110
p 2 16 604 300 14441 1084
p 2 0 574 346 15423 1041
p 2 0 627 293 13030 981
p 2 0 615 305 9851 977
p 2 0 606 314 7077 952
p 2 0 590 330 13136 967
p 2 1 639 280 17792 1168
p 2 0 635 285 18640 1183
p 2 0 669 251 17234 1189
p 2 0 653 267 24368 1211
p 2 2 686 232 13881 1191
p 2 0 656 264 6327 1076
p 2 0 640 280 16542 1176
p 2 0 621 299 15672 1190
p 2 31 595 294 15679 1231
p 2 1 612 307 18717 1154
p 2 32 589 299 11141 1050
p 2 0 575 345 7808 885
p 2 0 615 305 18275 1073
p 2 31 561 328 13505 1091
p 2 0 604 316 15898 1038
p 2 2 542 376 11445 957
p 2 0 571 349 7559 910
p 2 0 543 377 14329 955
p 2 1 532 387 12649 946
p 2 0 485 435 11574 823
p 2 0 502 418 5472 762
p 2 12 445 463 16348 917
p 2 55 446 419 20363 1214
p 2 90 474 356 25831 1500
p 2 136 484 300 36475 1880
p 2 106 528 286 43032 1913
p 2 10 603 307 25632 1268
p 2 0 374 546 1302 577
p 2 0 183 737 518 363
p 2 0 171 749 551 353
p 2 0 103 817 362 286
p 2 0 140 780 479 323
p 2 0 60 860 303 247
p 2 0 47 873 277 238
p 2 0 35 885 254 225
p 2 0 50 870 307 240
p 2 0 31 889 247 223
p 2 0 32 888 235 222
p 2 0 58 862 284 246
p 2 0 49 871 252 234
p 2 0 52 868 349 244
p 2 0 23 897 250 218
p 2 0 24 896 255 219
p 2 0 43 877 287 232
p 2 0 28 892 267 222
p 2 0 7 913 215 203
p 2 0 12 908 220 208
p 2 0 6 914 210 202
p 2 0 7 913 213 202
p 2 0 15 905 239 210
p 2 0 8 912 220 204
p 2 0 6 914 211 202
p 2 0 17 903 247 211
p 2 0 10 910 221 205
p 2 0 11 909 232 207
p 2 0 6 914 217 203
p 2 0 4 916 210 201
p 2 0 2 918 205 199
p 2 0 3 917 205 200
p 2 0 1 919 201 198
p 2 0 3 917 208 200
p 2 0 1 919 201 198
p 2 0 1 919 204 199
p 2 0 2 918 201 198
p 2 0 3 917 206 200
p 2 0 1 919 199 198
p 2 0 1 919 202 198
p 2 0 1 919 201 198
p 2 0 1 919 201 198
p 2 0 2 918 201 199
p 2 0 2 918 203 199
p 2 0 1 919 202 198
p 2 0 1 919 200 198
p 2 0 1 919 204 199
i 2 920 0 0 42018 4330
p 2 0 220 700 511 419
p 2 0 208 712 423 384
p 2 0 75 845 272 262
p 2 0 85 835 283 274
p 2 0 28 892 231 224
p 2 2 29 889 723 235
p 2 0 6 914 210 204
p 2 0 6 914 207 203
p 2 0 17 903 969 221
p 2 0 9 911 228 206
p 2 0 7 913 204 201
p 2 0 15 905 460 218
p 2 0 7 913 205 203
p 2 0 3 917 199 199
p 2 3 7 910 917 223
p 2 0 3 917 205 200
p 2 0 1 919 200 198
p 2 0 12 908 679 217
p 2 0 8 912 222 205
p 2 0 5 915 207 201
p 2 0 15 905 940 221
p 2 0 4 916 208 201
p 2 0 1 919 198 198
p 2 0 11 909 456 215
p 2 0 2 918 203 199
p 2 0 0 920 197 197
p 2 3 8 909 920 224
p 2 0 3 917 205 200
p 2 0 2 918 201 199
p 2 0 13 907 458 217
p 2 0 2 918 201 199
p 2 0 4 916 199 199
p 2 3 6 911 920 223
p 2 0 4 916 209 200
p 2 0 0 920 197 197
p 2 0 11 909 678 217
p 2 0 6 914 220 203
p 2 0 0 920 197 197
p 2 0 15 905 957 219
p 2 0 8 912 220 204
p 2 0 5 915 205 202
p 2 0 2 918 198 198
p 2 0 1 919 198 198
p 2 0 0 920 197 197
p 2 0 0 920 197 197
p 2 0 0 920 197 197
p 2 0 1 919 198 198
p 2 0 10 910 666 216
p 2 0 9 911 214 206
p 2 0 11 909 457 214
p 2 0 7 913 210 203
p 2 0 0 920 197 197
i 2 920 0 0 38115 4319
p 2 0 316 604 629 497
p 2 236 381 303 35220 2257
p 2 0 233 687 811 435
p 2 176 274 470 30642 1848
p 2 0 231 689 883 442
p 2 159 254 507 24295 1671
p 2 0 221 699 811 452
p 2 129 239 552 29269 1530
p 2 0 233 687 808 443
p 2 199 234 487 33505 1919
p 2 0 212 708 845 434
p 2 126 300 494 33511 1745
p 2 0 244 676 948 462
p 2 141 310 469 32945 1787
p 2 0 256 664 958 467
p 2 238 233 449 34849 2127
p 2 0 187 733 773 392
p 2 175 252 493 30599 1821
p 2 0 231 689 798 432
p 2 157 255 508 24271 1688
p 2 0 219 701 811 471
p 2 131 253 536 29308 1551
p 2 0 212 708 808 428
p 2 199 217 504 33528 1895
p 2 0 209 711 863 428
p 2 124 294 502 33371 1738
p 2 0 255 665 993 464
p 2 142 306 472 32921 1799
p 2 0 251 669 924 468
i 2 920 0 0 39506 4361
p 2 0 270 650 550 448
p 2 176 384 360 30652 1953
p 2 0 264 656 892 472
p 2 159 286 475 24285 1698
p 2 0 232 688 777 468
p 2 131 238 551 29205 1539
p 2 0 253 667 849 457
p 2 202 219 499 33430 1913
p 2 0 201 719 873 424
p 2 127 302 491 33603 1747
p 2 0 224 696 923 445
p 2 142 296 482 32947 1779
p 2 0 262 658 950 473
p 2 237 215 468 34798 2112
p 2 0 225 695 827 425
p 2 175 233 512 30711 1805
p 2 0 229 691 856 440
p 2 158 248 514 24232 1670
p 2 0 225 695 792 457
p 2 129 235 556 29231 1522
p 2 0 208 712 805 417
p 2 201 212 507 33378 1898
p 2 0 205 715 851 421
p 2 130 296 494 33515 1756
p 2 0 219 701 976 446
p 2 142 298 480 33048 1785
p 2 0 242 678 896 452
i 2 920 0 0 39474 4363
p 2 0 278 642 573 460
p 2 175 364 381 30707 1933
p 2 0 252 668 905 468
p 2 161 284 475 24195 1720
p 2 0 215 705 816 461
p 2 131 247 542 29223 1540
p 2 0 249 671 880 469
p 2 198 225 497 33536 1895
p 2 0 203 717 807 409
p 2 125 294 501 33330 1727
p 2 0 238 682 983 456
p 2 142 294 484 32813 1758
p 2 0 240 680 911 455
i 2 920 0 0 84303 4796
p 2 0 104 816 354 291
p 2 0 48 872 251 239
p 2 0 24 896 665 220
p 2 0 22 898 237 218
p 2 0 9 911 211 202
p 2 0 8 912 752 208
p 2 0 8 912 212 203
p 2 0 8 912 208 204
p 2 0 15 905 697 215
p 2 0 5 915 212 202
p 2 0 10 910 214 204
p 2 0 19 901 737 217
p 2 0 9 911 219 205
p 2 0 10 910 215 205
p 2 1 10 909 497 220
p 2 0 3 917 203 200
p 2 0 0 920 197 197
p 2 1 4 915 742 211
p 2 0 7 913 213 203
p 2 0 0 920 197 197
p 2 0 5 915 701 207
p 2 0 9 911 226 205
p 2 0 6 914 208 202
p 2 0 15 905 738 215
p 2 0 18 902 240 210
p 2 0 7 913 215 203
p 2 1 11 908 503 221
p 2 0 9 911 217 204
p 2 0 4 916 202 201
p 2 1 15 904 750 218
p 2 0 9 911 213 205
p 2 0 10 910 212 205
p 2 0 10 910 710 211
p 2 0 6 914 223 202
p 2 0 2 918 201 199
p 2 0 4 916 715 206
p 2 0 5 915 220 201
p 2 0 6 914 209 201
p 2 0 12 908 706 212
p 2 0 7 913 219 204
p 2 0 0 920 197 197
p 2 2 4 914 502 219
p 2 0 1 919 200 198
p 2 0 3 917 203 201
p 2 0 6 914 643 205
p 2 0 6 914 219 204
p 2 0 3 917 202 199
p 2 0 9 911 740 209
p 2 0 5 915 212 202
p 2 0 5 915 207 202
p 2 1 5 914 503 217
p 2 0 6 914 211 201
p 2 0 5 915 207 201
p 2 1 5 914 739 210
p 2 0 4 916 207 200
p 2 0 5 915 702 207
p 2 0 5 915 213 202
p 2 0 3 917 206 200
p 2 0 4 916 206 201
p 2 0 4 916 723 206
p 2 0 4 916 213 201
p 2 0 4 916 204 201
p 2 0 1 919 198 198
p 2 0 1 919 199 198
p 2 0 0 920 197 197
p 2 0 0 920 197 197
p 2 0 4 916 681 206
p 2 0 3 917 210 201
p 2 2 2 916 482 218
p 2 0 0 920 197 197
p 2 0 0 920 197 197
p 2 96 651 173 17207 1703
p 2 258 509 153 44358 2503
p 2 153 606 161 48638 2187
p 2 107 657 156 48414 2012
p 2 89 688 143 49163 2002
p 2 64 703 153 45715 1888
p 2 32 694 194 38942 1717
p 2 37 661 222 41300 1707
p 2 44 681 195 39250 1754
p 2 51 667 202 38604 1765
p 2 116 559 245 33479 1815
p 2 140 605 175 29114 1845
p 2 0 489 431 2297 751
p 2 0 227 693 838 413
p 2 0 194 726 747 380
p 2 0 69 851 366 257
p 2 0 72 848 394 262
p 2 0 61 859 340 248
p 2 0 55 865 347 246
p 2 0 139 781 638 331
p 2 0 51 869 337 241
p 2 0 60 860 367 252
p 2 0 58 862 362 249
p 2 0 129 791 588 321
p 2 0 48 872 323 239
p 2 0 37 883 295 228
p 2 0 55 865 357 246
p 2 0 56 864 359 247
p 2 0 78 842 424 270
p 2 0 39 881 300 232
p 2 0 43 877 311 233
p 2 0 31 889 284 222
p 2 0 33 887 287 227
p 2 0 16 904 241 210
p 2 0 150 770 632 338
p 2 0 41 879 304 231
p 2 23 433 464 48363 1232
p 2 0 351 569 1618 572
p 2 0 178 742 693 361
p 2 0 137 783 578 326
p 2 0 41 879 286 231
p 2 0 49 871 325 239
p 2 0 51 869 322 243
p 2 0 88 832 438 279
p 2 0 42 878 291 231
p 2 0 32 888 268 223
p 2 0 23 897 259 217
p 2 0 28 892 285 221
p 2 0 18 902 247 212
p 2 0 35 885 295 227
p 2 0 8 912 223 204
p 2 0 13 907 237 208
p 2 0 10 910 225 205
p 2 0 37 883 315 231
p 2 0 12 908 237 207
p 2 0 7 913 213 202
p 2 0 4 916 213 200
p 2 0 14 906 227 208
p 2 0 3 917 203 199
p 2 0 4 916 207 200
p 2 0 16 904 231 211
p 2 0 17 903 233 211
p 2 34 338 548 52502 1309
p 2 0 281 639 1432 511
p 2 13 360 547 48740 1125
p 2 0 282 638 1471 511
p 2 14 413 493 54263 1220
p 2 0 322 598 1560 550
p 2 3 243 674 5001 518
p 2 2 100 818 1543 312
p 2 2 138 780 4328 403
p 2 0 100 820 515 293
p 2 6 118 796 5477 411
p 2 0 65 855 411 260
p 2 2 90 828 4183 354
p 2 2 62 856 1481 280
p 2 3 108 809 4447 383
p 2 0 61 859 390 257
p 2 4 88 828 5274 373
p 2 0 69 851 433 269
p 2 3 87 830 4327 362
p 2 2 59 859 1378 270
p 2 2 79 839 4152 347
p 2 3 412 505 27087 944
p 2 149 284 487 55825 1985
p 2 96 338 486 45820 1632
p 2 56 331 533 33738 1283
p 2 34 308 578 21104 1035
p 2 40 270 610 13651 922
p 2 8 208 704 6165 577
p 2 11 601 308 41682 1465
p 2 0 437 483 1761 665
p 2 0 191 729 662 380
p 2 2 591 327 34386 1232
p 2 0 394 526 1675 609
p 2 0 186 734 650 368
p 2 2 552 366 35500 1218
p 2 0 415 505 1792 625
p 2 0 140 780 567 327
p 2 0 162 758 626 343
p 2 0 116 804 490 301
p 2 0 89 831 459 283
p 2 0 75 845 429 266
p 2 0 28 892 283 223
p 2 0 24 896 257 218
p 2 0 24 896 267 219
p 2 0 36 884 309 230
p 2 0 15 905 234 209
p 2 0 28 892 281 221
p 2 0 13 907 237 208
p 2 0 19 901 246 214
p 2 0 12 908 230 206
p 2 0 12 908 233 206
p 2 0 7 913 219 203
i 2 920 0 0 68081 5018
p 2 0 90 830 337 276
p 2 0 26 894 227 220
p 2 0 11 909 210 206
p 2 0 5 915 205 200
p 2 0 2 918 200 199
p 2 0 2 918 199 199
p 2 0 4 916 204 200
p 2 0 5 915 204 201
p 2 0 2 918 200 198
p 2 0 1 919 198 198
p 2 0 1 919 198 198
p 2 0 5 915 318 203
p 2 0 10 910 214 203
p 2 0 4 916 203 200
p 2 0 8 912 402 207
p 2 0 6 914 210 202
p 2 0 5 915 209 201
p 2 0 8 912 312 208
p 2 0 5 915 209 202
p 2 0 0 920 197 197
p 2 0 8 912 402 208
p 2 0 4 916 208 201
p 2 0 5 915 204 200
p 2 0 8 912 301 210
p 2 0 5 915 205 201
p 2 0 6 914 212 203
p 2 0 8 912 494 208
p 2 0 5 915 206 201
p 2 0 1 919 200 199
p 2 0 8 912 309 207
p 2 0 4 916 204 200
p 2 0 4 916 205 201
p 2 0 7 913 403 206
p 2 0 2 918 201 199
p 2 0 0 920 197 197
p 2 14 137 769 14603 596
p 2 0 102 818 642 310
p 2 0 40 880 295 231
p 2 1 154 765 12238 516
p 2 0 128 792 662 331
p 2 0 41 879 308 235
p 2 6 155 759 13861 553
p 2 0 127 793 666 328
p 2 0 73 847 396 265
p 2 0 40 880 379 238
p 2 0 50 870 313 239
p 2 0 27 893 255 219
p 2 0 84 836 679 277
p 2 0 39 881 294 232
p 2 0 31 889 269 222
p 2 0 35 885 364 229
p 2 0 28 892 268 220
p 2 0 13 907 222 206
p 2 0 23 897 445 221
p 2 0 21 899 245 214
p 2 0 14 906 232 209
p 2 0 7 913 213 204
p 2 0 4 916 205 201
p 2 0 4 916 204 200
p 2 0 15 905 335 214
p 2 0 6 914 206 202
p 2 0 10 910 277 208
p 2 0 11 909 218 205
p 2 0 23 897 240 215
p 2 0 6 914 211 201
p 2 0 10 910 470 210
p 2 0 12 908 232 207
p 2 0 8 912 220 204
p 2 0 6 914 598 208
p 2 0 4 916 208 200
p 2 0 5 915 211 201
p 2 0 16 904 486 217
p 2 0 6 914 213 202
p 2 0 12 908 221 206
p 2 0 13 907 607 214
p 2 0 15 905 241 209
p 2 0 15 905 243 211
p 2 0 8 912 440 212
p 2 0 7 913 213 203
p 2 0 3 917 217 200
p 2 0 8 912 669 210
p 2 0 6 914 216 202
p 2 0 5 915 209 201
p 2 0 7 913 473 211
p 2 0 3 917 209 200
p 2 0 2 918 203 199
p 2 0 6 914 595 208
p 2 0 5 915 218 203
p 2 0 5 915 206 200
p 2 0 5 915 439 211
p 2 0 3 917 208 200
p 2 0 8 912 228 204
p 2 0 6 914 665 208
p 2 0 5 915 209 200
p 2 0 6 914 214 202
p 2 0 7 913 483 211
p 2 0 6 914 212 201
p 2 0 1 919 198 198
p 2 0 8 912 589 209
p 2 0 6 914 216 202
p 2 0 4 916 206 200
p 2 0 6 914 476 211
p 2 0 12 908 226 207
p 2 0 1 919 199 198
p 2 0 5 915 347 207
p 2 0 3 917 202 199
p 2 0 2 918 201 199
p 2 0 6 914 455 206
p 2 0 2 918 206 199
p 2 0 1 919 199 198
p 2 0 4 916 596 207
p 2 0 2 918 203 199
p 2 0 0 920 197 197
p 2 0 6 914 475 210
p 2 0 3 917 209 200
p 2 0 2 918 202 199
p 2 0 4 916 588 206
p 2 0 5 915 208 201
p 2 0 1 919 199 199
p 2 0 5 915 442 211
p 2 0 4 916 211 202
p 2 0 4 916 223 202
p 2 0 5 915 663 208
p 2 0 6 914 212 202
p 2 0 2 918 201 199
p 2 0 4 916 469 208
p 2 0 1 919 203 199
p 2 0 2 918 199 198
p 2 0 4 916 590 208
p 2 0 2 918 208 199
p 2 0 3 917 207 200
p 2 0 4 916 441 210
p 2 0 5 915 207 202
p 2 0 1 919 198 198
p 2 0 4 916 653 207
p 2 0 4 916 208 200
p 2 0 1 919 199 198
p 2 0 4 916 466 209
p 2 0 3 917 209 200
p 2 0 1 919 199 198
p 2 0 4 916 592 207
p 2 0 1 919 204 198
p 2 0 1 919 201 198
p 2 0 6 914 472 211
p 2 0 5 915 209 201
p 2 0 2 918 201 199
p 2 0 5 915 348 207
p 2 0 3 917 203 200
p 2 0 0 920 197 197
p 2 0 5 915 452 205
p 2 0 2 918 206 199
p 2 0 2 918 201 198
p 2 0 7 913 602 209
p 2 0 4 916 214 201
p 2 0 2 918 201 198
p 2 0 4 916 427 209
p 2 0 4 916 212 202
p 2 0 3 917 204 201
p 2 0 4 916 654 207
p 2 0 3 917 207 200
p 2 0 0 920 197 197
p 2 0 4 916 467 209
p 2 0 5 915 212 202
p 2 0 3 917 204 199
p 2 0 4 916 582 207
p 2 0 4 916 214 201
p 2 0 3 917 203 200
p 2 0 1 919 199 199
p 2 0 0 920 197 197
p 2 0 12 908 221 206
p 2 0 3 917 202 199
p 2 0 6 914 471 211
p 2 0 6 914 216 203
p 2 0 5 915 591 208
p 2 0 4 916 209 201
p 2 0 1 919 199 198
p 2 0 5 915 441 210
p 2 0 4 916 221 201
p 2 0 2 918 202 199
p 2 0 6 914 658 208
p 2 0 3 917 205 200
p 2 0 0 920 197 197
p 2 0 5 915 470 209
p 2 0 6 914 212 202
p 2 0 4 916 209 202
p 2 0 4 916 586 206
p 2 0 3 917 205 199
p 2 0 2 918 201 198
p 2 0 4 916 464 208
p 2 0 4 916 212 201
p 2 0 1 919 199 198
p 2 0 4 916 346 207
p 2 0 2 918 200 199
p 2 0 1 919 198 198
p 2 0 6 914 453 207
p 2 0 3 917 207 200
p 2 0 1 919 199 198
p 2 0 4 916 595 206
p 2 0 2 918 204 198
p 2 0 7 913 209 201
p 2 0 8 912 434 212
p 2 21 159 740 16668 748
p 2 0 135 785 733 344
p 2 15 168 737 14296 713
p 2 0 125 795 682 336
p 2 25 173 722 14144 766
p 2 0 126 794 710 339
p 2 24 192 704 13440 789
p 2 0 141 779 755 358
p 2 0 85 835 445 280
p 2 0 58 862 327 253
p 2 0 56 864 351 249
p 2 0 32 888 271 226
p 2 0 40 880 298 233
p 2 0 30 890 266 224
p 2 0 90 830 438 282
p 2 0 56 864 321 246
p 2 0 37 883 290 230
p 2 0 41 879 539 234
p 2 0 39 881 312 232
p 2 0 18 902 240 212
p 2 0 14 906 393 207
p 2 0 10 910 222 206
p 2 0 19 901 246 214
p 2 0 10 910 452 206
p 2 0 5 915 214 202
p 2 0 3 917 205 200
p 2 0 10 910 315 208
p 2 0 5 915 213 202
p 2 0 6 914 206 201
p 2 0 4 916 449 201
p 2 0 18 902 235 212
p 2 0 21 899 250 216
p 2 0 8 912 378 206
p 2 0 2 918 205 199
p 2 0 4 916 205 200
p 2 0 4 916 443 200
p 2 0 12 908 227 207
p 2 0 12 908 225 207
p 2 0 10 910 379 208
p 2 0 8 912 226 205
p 2 0 10 910 216 204
p 2 0 11 909 283 209
p 2 0 6 914 209 202
p 2 0 3 917 204 199
p 2 0 6 914 334 203
p 2 0 5 915 206 200
p 2 0 2 918 202 199
p 2 0 3 917 433 201
p 2 0 401 519 1676 632
p 2 0 87 833 408 277
p 2 0 24 896 406 220
p 2 0 4 916 205 201
p 2 0 7 913 212 203
p 2 0 2 918 432 200
p 2 0 5 915 204 200
p 2 0 2 918 201 199
p 2 0 5 915 301 202
p 2 0 8 912 211 203
p 2 0 9 911 214 205
p 2 0 3 917 446 200
p 2 0 5 915 211 201
p 2 0 3 917 203 199
p 2 0 19 901 398 215
p 2 0 4 916 211 202
p 2 0 5 915 207 200
p 2 0 7 913 443 205
p 2 0 26 894 264 219
p 2 0 17 903 230 210
p 2 0 8 912 213 203
p 2 0 2 918 202 199
p 2 0 1 919 201 198
p 2 0 4 916 375 202
p 2 0 7 913 209 201
p 2 0 0 920 197 197
p 2 0 4 916 273 202
p 2 0 1 919 199 198
p 2 0 3 917 204 200
p 2 0 2 918 204 199
p 2 0 2 918 201 199
p 2 0 1 919 199 198
p 2 0 0 920 197 197
p 2 0 1 919 198 198
p 2 0 1 919 200 198
p 2 0 0 920 197 197
p 2 0 0 920 197 197
p 2 0 1 919 198 198
p 2 0 2 918 200 198
p 2 0 0 920 197 197
p 2 0 0 920 197 197
p 2 0 0 920 197 197
p 2 0 0 920 197 197
i 2 920 0 0 60784 4397
p 2 13 907 0 32641 1939
p 2 11 909 0 35394 1916
p 2 12 908 0 29294 1808
p 2 9 911 0 32089 1831
p 2 5 914 1 26512 1687
p 2 2 917 1 29159 1712
p 2 5 915 0 26359 1722
p 2 11 909 0 28369 1708
p 2 3 917 0 25214 1590
p 2 7 912 1 25244 1646
p 2 2 918 0 24081 1540
p 2 1 918 1 24581 1520
p 2 0 919 1 22531 1494
p 2 1 917 2 22554 1469
p 2 1 917 2 23074 1423
p 2 0 919 1 22695 1411
p 2 0 897 23 19307 1304
p 2 0 494 426 1941 677
p 2 0 146 774 580 326
p 2 0 260 660 870 433
p 2 0 75 845 437 262
p 2 0 150 770 544 330
p 2 0 123 797 487 303
p 2 0 438 482 1492 614
p 2 0 103 817 426 287
p 2 0 26 894 252 221
p 2 0 266 654 938 441
p 2 0 341 579 1094 510
p 2 0 231 689 807 405
p 2 0 73 847 442 260
p 2 0 131 789 529 314
p 2 0 123 797 481 303
p 2 0 43 877 366 233
p 2 0 54 866 312 241
p 2 0 31 889 264 222
p 2 0 68 852 445 258
p 2 0 26 894 249 216
p 2 0 29 891 259 219
p 2 0 34 886 340 226
p 2 0 38 882 290 230
p 2 0 8 912 217 203
p 2 0 22 898 305 213
p 2 0 21 899 245 214
p 2 0 29 891 275 222
p 2 0 41 879 355 233
p 2 0 23 897 252 216
p 2 0 23 897 240 216
p 2 0 59 861 371 249
p 2 0 52 868 310 244
p 2 0 17 903 236 211
p 2 0 20 900 313 214
p 2 0 32 888 268 223
p 2 0 18 902 232 212
p 2 0 16 904 292 210
p 2 0 11 909 222 208
p 2 0 28 892 256 219
p 2 0 20 900 299 212
p 2 0 27 893 251 220
p 2 0 12 908 221 207
p 2 0 9 911 302 204
p 2 0 6 914 210 202
p 2 0 3 917 206 199
p 2 0 8 912 302 204
p 2 0 5 915 212 202
p 2 0 6 914 209 202
p 2 0 7 913 277 202
p 2 0 4 916 204 199
p 2 0 1 919 199 198
p 2 0 6 914 276 202
p 2 0 9 911 220 204
p 2 0 8 912 218 204
p 2 0 21 899 331 215
p 2 0 12 908 217 207
p 2 0 8 912 217 204
p 2 0 13 907 307 208
p 2 0 6 914 207 201
p 2 0 7 913 210 203
p 2 0 7 913 277 203
p 2 0 2 918 200 198
p 2 0 2 918 201 199
p 2 0 2 918 265 199
p 2 0 9 911 216 203
p 2 0 16 904 234 210
p 2 0 10 910 278 204
p 2 0 6 914 209 201
p 2 0 8 912 216 203
p 2 0 2 918 266 199
p 2 0 1 919 205 198
p 2 0 5 915 209 201
p 2 0 5 915 297 202
p 2 0 11 909 220 205
p 2 0 5 915 203 199
p 2 0 3 917 289 200
p 2 0 4 916 206 200
p 2 0 5 915 208 201
p 2 0 7 913 298 203
p 2 0 4 916 206 201
p 2 0 3 917 204 200
p 2 0 4 916 269 200
p 2 0 5 915 206 202
p 2 0 1 919 199 198
p 2 0 3 917 268 200
p 2 0 3 917 205 199
p 2 0 1 919 201 198
p 2 0 1 919 199 198
p 2 0 2 918 201 199
p 2 0 1 919 199 198
p 2 1 68 851 5568 303
p 2 0 43 877 390 242
p 2 0 94 826 6622 322
p 2 0 80 840 481 276
p 2 0 63 857 5436 310
p 2 0 57 863 417 255
p 2 1 73 846 5206 329
p 2 0 72 848 458 268
p 2 0 29 891 287 225
p 2 0 23 897 251 216
p 2 0 16 904 231 210
p 2 0 48 872 317 237
p 2 0 35 885 284 226
p 2 0 37 883 280 229
p 2 0 44 876 300 235
p 2 0 32 888 272 225
p 2 0 18 902 233 210
p 2 0 10 910 225 205
p 2 0 8 912 222 205
p 2 0 8 912 218 203
p 2 0 4 916 206 200
p 2 0 7 913 213 203
p 2 0 7 913 215 203
p 2 0 3 917 204 201
p 2 0 2 918 200 199
p 2 0 1 919 199 198
p 2 0 4 916 205 202
p 2 0 3 917 205 199
p 2 0 2 918 204 199
p 2 0 2 918 200 199
p 2 0 0 920 197 197
p 2 0 0 920 197 197
p 2 0 1 919 199 198
p 2 0 0 920 197 197
p 2 0 0 920 197 197
i 2 920 0 0 30786 3976
p 2 0 355 565 631 519
p 2 3 559 358 12229 991
p 2 0 275 645 852 470
p 2 5 340 575 13129 796
p 2 0 190 730 771 395
p 2 7 252 661 13776 758
p 2 0 174 746 769 387
p 2 7 226 687 15386 724
p 2 0 158 762 792 370
p 2 2 78 840 571 285
p 2 0 30 890 261 226
p 2 1 49 870 831 251
p 2 0 35 885 263 227
p 2 0 37 883 263 227
p 2 0 20 900 668 221
p 2 0 11 909 217 207
p 2 0 7 913 208 204
p 2 0 33 887 788 234
p 2 0 12 908 225 207
p 2 0 8 912 216 204
p 2 2 8 910 406 219
p 2 0 19 901 245 213
p 2 0 8 912 215 205
p 2 1 14 905 758 217
p 2 0 9 911 219 205
p 2 0 9 911 213 204
p 2 2 18 900 429 228
p 2 0 10 910 212 206
p 2 0 7 913 207 202
p 2 1 10 909 744 216
p 2 0 5 915 207 202
p 2 0 6 914 211 202
p 2 0 14 906 654 218
p 2 0 4 916 208 202
p 2 0 3 917 203 200
p 2 0 8 912 705 210
p 2 0 7 913 220 204
p 2 0 2 918 201 199
p 2 0 1 919 200 198
p 2 0 0 920 197 197
p 2 0 0 920 197 197
p 2 0 10 910 644 214
p 2 0 12 908 218 206
p 2 14 294 612 20991 895
p 2 0 204 716 964 419
p 2 23 320 577 19355 958
p 2 0 253 667 1041 459
p 2 10 338 572 17628 897
p 2 0 250 670 1122 462
p 2 10 337 573 18400 897
p 2 0 247 673 1070 457
p 2 1 146 773 767 347
p 2 0 61 859 348 251
p 2 1 43 876 901 246
p 2 0 26 894 247 219
p 2 0 23 897 228 215
p 2 0 19 901 633 222
p 2 0 44 876 315 237
p 2 0 27 893 243 218
p 2 0 25 895 742 226
p 2 0 46 874 320 238
p 2 0 11 909 222 206
p 2 1 17 902 440 224
p 2 0 7 913 233 203
p 2 0 11 909 224 206
p 2 1 18 901 837 226
p 2 0 14 906 230 208
p 2 0 9 911 218 204
p 2 0 11 909 614 215
p 2 0 7 913 216 202
p 2 0 7 913 203 202
p 2 0 9 911 688 212
p 2 0 12 908 231 208
p 2 0 6 914 209 202
p 2 0 11 909 636 215
p 2 0 5 915 216 201
p 2 0 4 916 207 201
p 2 0 7 913 691 210
p 2 0 4 916 209 201
p 2 0 5 915 211 201
p 2 0 10 910 502 216
p 2 0 9 911 231 206
p 2 0 6 914 229 203
p 2 1 23 896 868 231
p 2 0 7 913 215 204
p 2 0 4 916 208 201
p 2 0 14 906 644 217
p 2 0 10 910 232 206
p 2 0 6 914 213 203
p 2 0 9 911 694 212
p 2 0 7 913 222 203
p 2 0 4 916 206 201
p 2 0 1 919 199 198
p 2 0 5 915 208 201
p 2 0 1 919 198 198
p 2 0 1 919 199 199
p 2 0 6 914 627 211
p 2 0 5 915 221 203
p 2 0 9 911 512 215
p 2 0 7 913 238 206
p 2 0 2 918 201 199
p 2 0 2 918 208 199
p 2 0 2 918 202 199
p 2 0 6 914 215 202
p 2 5 151 764 8224 491
p 2 0 104 816 540 301
p 2 0 71 849 336 259
p 2 3 153 764 9287 510
p 2 0 126 794 609 325
p 2 0 62 858 330 254
p 2 11 149 760 8817 569
p 2 0 88 832 486 289
p 2 0 30 890 259 222
p 2 2 162 756 8012 503
p 2 0 88 832 502 285
p 2 0 332 588 13453 730
p 2 1 235 684 1460 455
p 2 0 206 714 4745 459
p 2 0 83 837 480 281
p 2 0 60 860 543 255
p 2 0 79 841 423 269
p 2 0 28 892 244 220
p 2 0 120 800 4171 372
p 2 0 59 861 370 256
p 2 0 27 893 254 218
p 2 1 320 599 13112 714
p 2 0 200 720 877 397
p 2 0 75 845 396 271
p 2 0 29 891 475 227
p 2 0 18 902 242 214
p 2 0 10 910 219 204
p 2 0 34 886 623 231
p 2 0 14 906 235 207
p 2 0 8 912 216 204
p 2 1 3 916 277 209
p 2 0 4 916 204 201
p 2 0 3 917 204 200
p 2 1 6 913 613 212
p 2 0 6 914 213 203
p 2 0 4 916 208 200
p 2 0 7 913 429 207
p 2 0 3 917 203 199
p 2 0 2 918 201 199
p 2 0 16 904 591 215
p 2 0 9 911 224 205
p 2 0 8 912 211 203
p 2 1 7 912 286 212
p 2 0 5 915 209 201
p 2 0 4 916 203 201
p 2 1 5 914 611 210
p 2 0 5 915 211 201
p 2 0 1 919 200 198
p 2 0 4 916 423 204
p 2 0 4 916 210 201
p 2 0 1 919 201 198
p 2 0 5 915 556 205
p 2 0 4 916 207 200
p 2 0 2 918 200 199
p 2 0 1 919 198 198
p 2 0 2 918 201 199
p 2 0 1 919 199 199
p 2 0 0 920 197 197
p 2 0 4 916 436 206
p 2 0 2 918 206 199
p 2 0 4 916 340 206
p 2 0 3 917 203 201
p 2 0 2 918 200 199
p 2 0 2 918 199 199
p 2 0 0 920 197 197
p 2 18 321 581 21880 999
p 2 0 241 679 1100 460
p 2 36 318 566 21999 1085
p 2 0 244 676 1050 460
p 2 47 307 566 22300 1149
p 2 0 245 675 1075 469
p 2 11 322 587 19216 918
p 2 0 238 682 1059 454
p 2 12 314 594 19525 908
p 2 0 256 664 1066 462
p 2 1 135 784 816 342
p 2 0 63 857 316 253
p 2 0 37 883 280 231
p 2 1 34 885 813 239
p 2 0 29 891 270 223
p 2 0 17 903 235 212
p 2 0 26 894 627 232
p 2 0 11 909 240 207
p 2 0 13 907 238 208
p 2 0 15 905 740 219
p 2 0 36 884 296 228
p 2 0 14 906 240 210
p 2 1 18 901 509 232
p 2 0 18 902 250 215
p 2 0 43 877 326 239
p 2 1 21 898 802 227
p 2 0 16 904 253 210
p 2 0 8 912 225 204
p 2 0 16 904 614 222
p 2 0 11 909 249 208
p 2 0 11 909 235 208
p 2 0 14 906 740 218
p 2 0 10 910 245 207
p 2 0 6 914 223 202
p 2 0 11 909 593 217
p 2 0 11 909 245 207
p 2 0 4 916 228 203
p 2 0 7 913 420 212
p 2 0 7 913 232 205
p 2 0 5 915 224 202
p 2 1 6 913 607 213
p 2 0 5 915 227 202
p 2 0 1 919 211 199
p 2 0 9 911 735 213
p 2 0 8 912 244 207
p 2 0 4 916 217 200
p 2 1 9 910 493 224
p 2 0 5 915 225 202
p 2 0 5 915 229 203
p 2 1 10 909 779 218
p 2 0 9 911 244 208
p 2 0 1 919 210 199
p 2 1 8 911 485 222
p 2 0 5 915 229 203
p 2 0 4 916 221 202
p 2 1 9 910 771 216
p 2 0 6 914 231 204
p 2 0 8 912 228 205
p 2 0 9 911 594 217
p 2 0 9 911 241 207
p 2 0 6 914 228 205
p 2 0 10 910 727 215
p 2 0 5 915 234 204
p 2 0 4 916 216 201
p 2 0 3 917 215 201
p 2 0 1 919 210 199
p 2 0 9 911 599 217
p 2 0 5 915 229 203
p 2 0 8 912 430 214
p 2 0 5 915 220 203
p 2 0 4 916 216 202
p 2 0 3 917 214 201
p 2 0 2 918 212 200
p 2 1 6 913 598 213
p 2 0 6 914 233 204
p 2 0 4 916 229 202
p 2 0 10 910 738 217
p 2 0 7 913 236 205
p 2 0 2 918 214 200
p 2 0 9 911 593 215
p 2 0 335 585 1290 549
p 2 0 148 772 462 326
p 2 0 90 830 811 278
p 2 0 29 891 270 226
p 2 0 34 886 246 226
p 2 1 14 905 492 228
p 2 0 22 898 250 218
p 2 0 7 913 231 206
p 2 1 11 908 774 221
p 2 0 7 913 239 206
p 2 0 11 909 230 209
p 2 0 12 908 601 217
p 2 0 6 914 242 204
p 2 0 7 913 221 203
p 2 0 12 908 722 216
p 2 0 16 904 253 213
p 2 0 3 917 215 201
p 2 1 10 909 490 224
p 2 0 8 912 232 205
p 2 0 9 911 232 205
p 2 1 27 892 799 233
p 2 0 15 905 251 211
p 2 0 13 907 228 208
p 2 0 14 906 597 219
p 2 0 7 913 233 205
p 2 0 5 915 217 203
p 2 0 12 908 725 217
p 2 0 7 913 234 204
p 2 0 7 913 226 203
p 2 0 16 904 615 221
p 2 0 14 906 248 210
p 2 0 6 914 236 204
p 2 0 14 906 434 216
p 2 0 12 908 238 208
p 2 0 4 916 216 201
p 2 1 6 913 597 213
p 2 0 7 913 227 204
p 2 0 4 916 215 201
p 2 0 17 903 752 220
p 2 0 17 903 267 214
p 2 0 3 917 217 200
p 2 0 13 907 600 219
p 2 0 7 913 237 205
p 2 0 5 915 225 203
p 2 0 10 910 710 215
p 2 0 10 910 248 209
p 2 0 3 917 216 201
p 2 1 9 910 488 224
p 2 0 8 912 238 207
p 2 0 5 915 224 201
p 2 1 7 912 602 213
p 2 0 10 910 224 204
p 2 0 7 913 214 202
p 2 0 13 907 740 218
p 2 0 12 908 236 208
p 2 0 9 911 217 204
p 2 1 8 911 485 222
p 2 0 6 914 217 203
p 2 0 4 916 220 202
p 2 1 10 909 778 218
p 2 0 7 913 231 205
p 2 0 2 918 211 200
p 2 0 9 911 604 217
p 2 0 6 914 230 204
p 2 0 5 915 229 203
p 2 0 9 911 719 215
p 2 0 6 914 233 205
p 2 0 1 919 210 199
p 2 0 3 917 216 201
p 2 0 2 918 212 200
p 2 0 821 99 11695 1196
p 2 2 908 10 6104 1238
p 2 5 914 1 14144 1511
p 2 14 904 2 13471 1487
p 2 29 890 1 12225 1512
p 2 43 877 0 24100 1779
p 2 51 868 1 30707 1932
p 2 41 868 11 31644 1917
p 2 59 601 260 26442 1610
p 2 62 498 360 24028 1417
p 2 69 463 388 25625 1474
p 2 55 490 375 25648 1436
p 2 1 459 460 14703 900
p 2 2 455 463 16302 908
p 2 0 459 461 15392 900
p 2 0 435 485 16069 884
p 2 2 405 513 15110 857
p 2 1 411 508 16436 880
p 2 0 414 506 15625 855
p 2 1 404 515 16393 867
p 2 1 387 532 15151 843
p 2 2 384 534 16449 836
p 2 3 398 519 15072 848
p 2 3 391 526 16560 864
p 2 2 405 513 15397 845
p 2 2 382 536 16705 828
p 2 0 388 532 15697 835
p 2 3 382 535 16677 846
p 2 2 386 532 15835 855
p 2 0 386 534 16775 853
p 2 0 388 532 15723 841
p 2 0 383 537 16709 839
p 2 1 382 537 15747 827
p 2 1 384 535 17160 838
p 2 1 390 529 16028 847
p 2 3 380 537 16897 840
p 2 1 388 531 15846 843
p 2 1 388 531 17339 854
p 2 1 388 531 15905 842
p 2 1 385 534 16526 812
i 2 920 0 0 51015 4194
p 2 7 913 0 19974 1590
p 2 12 908 0 20736 1607
p 2 4 916 0 21304 1632
p 2 9 911 0 21456 1648
p 2 18 902 0 21520 1665
p 2 1 919 0 22107 1647
p 2 17 903 0 21531 1687
p 2 19 901 0 20855 1675
p 2 31 889 0 20176 1697
p 2 28 892 0 21832 1727
p 2 3 917 0 22716 1651
p 2 0 920 0 22700 1609
p 2 5 915 0 24906 1692
p 2 30 890 0 24558 1751
p 2 20 900 0 25762 1724
p 2 15 905 0 27132 1733
p 2 24 896 0 27275 1754
p 2 10 910 0 28453 1727
p 2 10 910 0 29399 1714
p 2 18 902 0 30270 1716
p 2 11 909 0 30408 1682
p 2 24 896 0 30986 1752
p 2 26 894 0 29971 1716
p 2 7 913 0 29831 1677
p 2 6 914 0 29825 1664
p 2 8 912 0 30093 1669
p 2 8 912 0 29083 1705
p 2 11 909 0 30281 1712
p 2 28 892 0 29869 1723
p 2 8 912 0 29469 1668
p 2 13 907 0 29281 1673
p 2 10 910 0 28968 1640
p 2 2 918 0 29193 1614
p 2 2 918 0 29135 1611
p 2 1 918 1 29170 1621
p 2 3 917 0 29467 1629
p 2 3 916 1 30097 1627
p 2 11 909 0 30739 1630
p 2 3 916 1 30594 1672
p 2 1 918 1 31201 1654
p 2 24 895 1 30787 1665
p 2 6 914 0 30966 1643
p 2 13 904 3 32094 1729
p 2 9 909 2 31439 1647
p 2 12 908 0 31410 1694
p 2 3 912 5 31033 1654
p 2 2 916 2 31101 1614
p 2 8 908 4 30676 1646
p 2 11 905 4 31117 1668
p 2 8 905 7 31323 1641
p 2 12 908 0 30592 1664
p 2 6 914 0 31454 1696
p 2 3 914 3 29760 1647
p 2 2 911 7 30102 1635
p 2 3 913 4 29749 1648
p 2 2 908 10 29164 1610
p 2 5 911 4 29678 1662
p 2 8 908 4 29503 1619
i 2 920 0 0 63817 3975
p 2 0 897 23 21513 1282
p 2 0 898 22 23783 1280
p 2 1 907 12 26389 1340
p 2 0 914 6 24308 1302
p 2 0 910 10 24429 1310
p 2 1 910 9 26705 1330
p 2 0 909 11 24506 1302
p 2 0 907 13 24614 1310
p 2 0 915 5 26684 1334
p 2 0 910 10 24453 1318
p 2 0 915 5 24398 1311
p 2 0 911 9 27130 1328
p 2 0 910 10 24391 1312
p 2 0 913 7 24580 1317
p 2 0 915 5 27000 1328
p 2 0 913 7 24557 1315
p 2 0 914 6 24737 1316
p 2 1 912 7 27281 1327
p 2 0 914 6 24446 1297
p 2 0 909 11 24367 1311
p 2 0 915 5 26906 1329
p 2 0 915 5 24400 1301
p 2 0 915 5 24785 1301
p 2 0 911 9 27170 1334
p 2 0 913 7 24665 1314
p 2 0 909 11 24685 1308
p 2 1 909 10 26743 1337
p 2 0 910 10 24223 1309
p 2 0 912 8 24493 1314
p 2 0 909 11 27062 1352
p 2 0 913 7 24577 1323
p 2 0 904 16 24791 1318
p 2 2 908 10 27033 1368
p 2 0 916 4 24489 1317
p 2 0 914 6 24450 1332
p 2 1 914 5 27128 1357
p 2 0 916 4 24496 1306
p 2 0 912 8 24634 1331
p 2 0 919 1 27479 1371
p 2 0 909 11 24281 1323
p 2 0 915 5 24675 1323
p 2 0 913 7 27005 1342
p 2 0 915 5 24361 1321
p 2 0 914 6 24832 1331
p 2 1 917 2 27088 1376
p 2 0 914 6 24601 1324
p 2 0 916 4 24881 1329
p 2 3 911 6 27575 1371
p 2 0 912 8 24903 1317
p 2 0 914 6 24932 1345
p 2 0 917 3 28046 1373
p 2 0 916 4 25235 1332
p 2 0 914 6 25135 1330
p 2 1 909 10 28834 1365
p 2 0 912 8 25109 1338
p 2 0 908 12 25252 1333
p 2 0 913 7 28243 1367
p 2 0 907 13 25079 1320
p 2 0 910 10 25645 1341
p 2 0 907 13 27991 1375
p 2 0 914 6 25229 1338
p 2 0 912 8 25323 1325
p 2 1 910 9 27883 1371
p 2 0 916 4 25223 1338
p 2 0 913 7 25011 1337
p 2 0 913 7 28492 1385
p 2 0 913 7 25356 1349
p 2 0 915 5 25293 1340
p 2 0 915 5 29026 1381
p 2 0 915 5 24751 1335
p 2 0 916 4 25068 1339
p 2 0 918 2 28321 1387
p 2 0 914 6 25085 1345
p 2 0 916 4 25438 1347
p 2 0 910 10 27878 1372
p 2 0 912 8 24780 1342
p 2 0 919 1 24788 1332
p 2 0 914 6 27458 1372
p 2 0 916 4 25060 1344
p 2 0 902 18 24839 1326
p 2 0 915 5 27473 1370
p 2 0 913 7 24934 1326
p 2 0 914 6 24683 1332
p 2 1 913 6 27661 1379
p 2 0 905 15 24553 1330
p 2 0 916 4 24649 1336
p 2 1 911 8 27545 1376
p 2 0 913 7 24361 1335
p 2 0 916 4 24915 1341
p 2 0 916 4 27233 1368
p 2 0 908 12 24718 1341
p 2 0 915 5 24927 1343
p 2 0 917 3 27324 1376
p 2 0 910 10 24663 1343
p 2 0 909 11 24400 1346
p 2 0 915 5 26880 1352
p 2 0 905 15 24708 1335
p 2 0 911 9 24322 1345
p 2 1 914 5 27539 1379
p 2 0 914 6 24565 1345
p 2 0 909 11 24603 1342
p 2 0 916 4 27663 1372
p 2 0 912 8 24427 1324
p 2 0 912 8 24845 1330
p 2 0 913 7 27144 1366
p 2 0 918 2 24700 1345
p 2 0 917 3 25013 1340
p 2 0 917 3 27915 1382
p 2 0 919 1 25056 1343
p 2 0 914 6 24893 1347
p 2 1 907 12 27352 1374
p 2 0 916 4 24989 1340
p 2 0 915 5 24868 1342
p 2 0 913 7 27843 1380
p 2 0 913 7 24699 1341
p 2 0 915 5 25052 1331
p 2 0 912 8 27464 1368
p 2 0 913 7 24615 1329
p 2 0 907 13 24897 1335
p 2 3 912 5 27133 1380
p 2 0 913 7 24892 1340
p 2 0 918 2 25239 1354
p 2 0 911 9 27388 1377
p 2 0 913 7 24764 1347
p 2 0 915 5 24954 1351
p 2 0 913 7 27486 1389
p 2 0 910 10 24609 1337
p 2 0 915 5 24720 1342
p 2 0 912 8 27201 1370
p 2 0 912 8 24230 1345
p 2 0 915 5 24387 1337
p 2 0 913 7 26605 1354
p 2 0 914 6 24242 1317
p 2 0 914 6 24419 1333
p 2 0 913 7 26615 1370
p 2 0 918 2 24249 1342
p 2 0 915 5 24417 1341
p 2 1 916 3 26599 1376
p 2 0 917 3 24359 1334
p 2 0 916 4 24434 1338
p 2 0 909 11 26697 1356
p 2 0 911 9 24440 1324
p 2 0 913 7 24473 1329
p 2 0 914 6 26919 1370
p 2 0 913 7 24302 1336
p 2 0 914 6 24451 1345
p 2 0 910 10 26859 1362
p 2 0 911 9 24127 1335
p 2 0 914 6 24370 1341
p 2 0 914 6 26655 1372
p 2 0 916 4 24423 1344
p 2 0 908 12 24457 1334
p 2 0 907 13 26767 1376
p 2 0 917 3 24565 1346
p 2 0 914 6 24121 1334
p 2 0 911 9 26876 1371
p 2 0 914 6 24216 1340
p 2 0 911 9 24281 1345
p 2 1 918 1 26687 1377
p 2 0 915 5 24123 1345
p 2 0 915 5 24198 1332
p 2 0 917 3 26742 1369
p 2 0 914 6 24046 1340
p 2 0 915 5 24522 1350
p 2 1 911 8 27000 1391
p 2 0 907 13 24848 1342
p 2 0 918 2 24463 1338
p 2 0 913 7 26886 1378
p 2 0 917 3 24458 1344
p 2 0 915 5 24401 1357
p 2 0 916 4 26754 1374
p 2 0 912 8 24216 1343
p 2 0 915 5 24213 1334
p 2 0 916 4 26482 1373
p 2 0 913 7 24426 1349
p 2 0 912 8 24346 1341
p 2 1 911 8 26530 1386
p 2 0 910 10 24049 1351
p 2 0 914 6 24657 1350
p 2 1 911 8 26215 1383
p 2 0 917 3 24227 1337
p 2 0 917 3 24208 1355
p 2 0 916 4 26538 1374
p 2 0 908 12 24491 1343
p 2 0 914 6 24623 1355
p 2 0 914 6 26240 1380
p 2 0 910 10 24403 1346
p 2 0 911 9 24224 1344
p 2 0 914 6 26303 1378
p 2 0 913 7 23991 1346
p 2 0 913 7 24540 1357
p 2 0 916 4 26313 1379
p 2 0 914 6 24335 1359
p 2 0 911 9 24256 1362
p 2 0 912 8 26248 1376
p 2 0 918 2 24183 1360
p 2 0 915 5 24246 1354
p 2 0 913 7 26850 1382
p 2 0 919 1 24370 1353
p 2 0 910 10 24547 1360
p 2 0 920 0 26454 1393
p 2 0 915 5 24370 1360
i 2 920 0 0 5581 2892
p 2 275 645 0 12197 2689
p 2 125 795 0 16781 2683
p 2 68 852 0 19048 2530
p 2 40 880 0 23618 2628
p 2 50 870 0 26557 2532
p 2 41 879 0 34530 2577
p 2 46 819 55 21778 1773
p 2 21 759 140 19708 1485
p 2 14 682 224 19078 1332
p 2 10 683 227 17492 1288
p 2 2 677 241 16588 1170
p 2 1 474 445 13820 903
p 2 0 575 345 4688 884
p 2 0 494 426 4356 798
p 2 0 460 460 4596 761
p 2 0 327 593 3793 631
p 2 0 374 546 3780 685
p 2 0 424 496 4525 730
p 2 0 516 404 4345 833
p 2 0 403 517 3979 722
p 2 0 315 605 4396 645
p 2 0 325 595 3988 663
p 2 0 330 590 3971 665
p 2 1 540 379 5008 896
p 2 0 451 469 4440 781
p 2 0 444 476 4100 775
p 2 2 417 501 4910 772
p 2 0 408 512 4062 744
p 2 0 299 621 3906 641
p 2 0 341 579 4514 694
p 2 0 368 552 4353 710
p 2 0 351 569 4090 695
p 2 0 306 614 4663 655
p 2 0 335 585 4090 693
p 2 0 318 602 4624 683
p 2 1 333 586 4727 712
p 2 0 309 611 4407 656
p 2 1 318 601 4542 679
p 2 2 328 590 4957 671
p 2 0 323 597 4089 648
p 2 0 263 657 3443 559
p 2 0 294 626 3944 601
p 2 0 260 660 3302 546
p 2 0 252 668 2956 525
p 2 0 215 705 3571 499
p 2 0 213 707 2814 491
p 2 0 210 710 3101 492
p 2 0 314 606 3416 597
p 2 0 274 646 3078 560
p 2 0 267 653 3017 547
p 2 0 270 650 3608 558
p 2 0 244 676 2784 528
p 2 0 200 720 2891 491
p 2 0 225 695 3371 514
p 2 0 244 676 3448 548
p 2 0 254 666 3235 550
p 2 0 224 696 4009 537
p 2 0 242 678 3510 550
p 2 0 251 669 3844 573
p 2 0 260 660 4079 569
p 2 0 241 679 3667 558
p 2 0 245 675 3648 559
p 2 0 249 671 4310 563
p 2 0 255 665 3617 573
p 2 0 248 672 3849 575
p 2 1 265 654 4292 601
p 2 0 256 664 3732 568
p 2 0 273 647 3577 581
p 2 2 246 672 4265 579
p 2 0 259 661 3582 574
p 2 0 258 662 3672 571
p 2 0 304 616 4395 626
p 2 0 247 673 4108 570
p 2 0 298 622 3976 609
p 2 0 295 625 4536 600
p 2 0 277 643 3517 582
p 2 0 262 658 3746 570
p 2 1 261 658 3927 574
p 2 0 264 656 3799 571
p 2 0 269 651 3509 570
p 2 0 270 650 4062 581
p 2 0 268 652 3367 581
p 2 0 271 649 3631 585
p 2 0 283 637 4057 605
p 2 0 269 651 3523 598
p 2 0 276 644 3725 612
p 2 1 274 645 4270 633
p 2 0 279 641 3700 614
p 2 0 272 648 3855 607
p 2 2 285 633 4313 639
p 2 0 283 637 3894 625
p 2 0 280 640 3648 617
p 2 0 282 638 4334 626
p 2 0 286 634 3628 628
p 2 0 279 641 4002 628
p 2 0 290 630 4338 640
p 2 0 288 632 3982 640
p 2 0 285 635 3908 638
p 2 5 290 625 5437 681
p 2 22 289 609 6664 752
p 2 23 334 563 8501 836
p 2 33 383 504 10868 1001
p 2 38 418 464 14696 1175
p 2 38 512 370 17696 1342
p 2 15 529 376 15620 1183
p 2 6 580 334 14320 1148
p 2 0 534 386 13701 1067
p 2 1 482 437 12454 978
p 2 2 428 490 10109 863
p 2 0 483 437 8651 846
p 2 2 412 506 3139 686
p 2 0 375 545 2324 605
p 2 0 211 709 1965 452
p 2 1 258 661 2599 500
p 2 0 237 683 2210 475
p 2 0 301 619 2166 532
p 2 2 200 718 1982 445
p 2 0 146 774 1647 377
p 2 0 200 720 2074 441
p 2 1 196 723 2522 439
p 2 0 192 728 2056 437
p 2 0 172 748 2120 414
p 2 1 163 756 2342 423
p 2 0 148 772 2109 400
p 2 0 154 766 1999 409
p 2 0 160 760 2688 426
p 2 0 170 750 2174 435
p 2 0 141 779 2259 408
p 2 0 151 769 2231 425
p 2 0 157 763 2487 435
p 2 0 160 760 2361 438
p 2 0 155 765 2504 432
p 2 0 147 773 2380 426
p 2 0 158 762 2538 443
p 2 0 165 755 2516 443
p 2 0 157 763 2648 440
i 2 920 0 0 32009 3985
p 2 0 502 418 768 627
p 2 0 502 418 631 602
p 2 0 203 717 368 359
p 2 0 201 719 366 358
p 2 0 72 848 259 254
p 2 0 85 835 262 261
p 2 0 13 907 207 207
p 2 0 29 891 224 220
p 2 0 5 915 202 201
p 2 0 22 898 215 213
p 2 0 7 913 204 203
p 2 45 238 637 12474 1004
p 2 0 224 696 647 414
p 2 0 160 760 440 345
p 2 78 206 636 12553 1104
p 2 0 212 708 711 417
p 2 0 159 761 413 333
p 2 36 232 652 13867 966
p 2 0 199 721 672 401
p 2 0 124 796 397 308
p 2 32 172 716 13435 852
p 2 0 165 755 599 368
p 2 0 95 825 375 285
p 2 18 183 719 8503 695
p 2 0 137 783 487 329
p 2 0 139 781 456 319
p 2 27 150 743 9007 651
p 2 0 119 801 491 314
p 2 0 71 849 317 259
p 2 31 75 814 6894 545
p 2 0 73 847 375 270
p 2 0 64 856 296 251
p 2 36 67 817 4697 498
p 2 0 75 845 342 263
p 2 0 38 882 255 229
p 2 24 51 845 5939 430
p 2 0 40 880 298 231
p 2 0 32 888 247 222
p 2 18 57 845 7976 441
p 2 0 39 881 321 236
p 2 0 14 906 225 208
p 2 18 74 828 10375 485
p 2 0 50 870 373 249
p 2 0 23 897 249 216
p 2 32 73 815 11952 572
p 2 0 70 850 421 271
p 2 0 38 882 257 228
p 2 33 97 790 14166 640
p 2 0 79 841 451 282
p 2 0 33 887 267 222
p 2 50 99 771 16595 729
p 2 0 84 836 476 283
p 2 0 43 877 268 232
p 2 48 126 746 19525 798
p 2 0 96 824 499 296
p 2 0 42 878 264 233
p 2 54 135 731 23859 880
p 2 0 117 803 626 322
p 2 0 47 873 304 240
p 2 70 153 697 27648 1066
p 2 0 143 777 705 346
p 2 0 39 881 277 233
p 2 86 166 668 30641 1186
p 2 0 153 767 759 361
p 2 0 83 837 412 275
p 2 86 214 620 35935 1333
p 2 0 192 728 873 409
p 2 0 80 840 350 269
p 2 101 228 591 41450 1454
p 2 0 193 727 911 417
p 2 0 93 827 386 282
p 2 118 251 551 42189 1604
p 2 0 227 693 941 437
p 2 0 112 808 407 299
p 2 101 293 526 44292 1585
p 2 0 221 699 1028 438
p 2 0 91 829 393 280
p 2 50 330 540 43133 1341
p 2 0 263 657 1270 484
p 2 0 154 766 594 343
p 2 30 288 602 34067 1055
p 2 0 227 693 1075 442
p 2 0 107 813 501 300
p 2 46 203 671 20914 904
p 2 0 148 772 733 352
p 2 0 76 844 384 265
p 2 27 209 684 21949 834
p 2 0 156 764 773 364
p 2 0 57 863 330 248
p 2 0 35 885 281 228
p 2 0 12 908 229 206
p 2 0 23 897 264 217
p 2 0 10 910 222 204
i 2 920 0 0 50828 3556
p 2 2 917 1 20536 1400
p 2 0 920 0 19911 1456
p 2 0 920 0 19238 1457
p 2 0 920 0 18903 1419
p 2 1 919 0 18441 1433
p 2 0 920 0 18124 1438
p 2 0 920 0 17258 1410
p 2 0 920 0 17180 1408
p 2 0 920 0 17229 1404
p 2 0 920 0 17347 1442
p 2 0 918 2 15388 1387
p 2 0 920 0 15257 1392
p 2 0 920 0 14856 1381
p 2 0 920 0 14283 1387
p 2 0 920 0 14344 1359
p 2 0 920 0 13469 1353
p 2 0 920 0 13195 1355
p 2 1 919 0 12660 1434
p 2 0 920 0 12253 1372
p 2 0 920 0 11301 1378
p 2 0 920 0 10801 1374
p 2 0 920 0 11051 1357
p 2 0 920 0 11432 1376
p 2 0 920 0 11005 1419
p 2 0 920 0 10479 1380
p 2 0 920 0 11069 1418
p 2 0 920 0 10446 1401
p 2 0 920 0 10310 1434
p 2 0 920 0 10727 1387
p 2 0 920 0 10790 1372
p 2 14 906 0 11272 1404
p 2 0 920 0 10385 1383
p 2 0 920 0 10462 1311
p 2 0 919 1 10058 1366
p 2 0 917 3 10261 1323
p 2 0 919 1 9918 1322
p 2 0 920 0 10054 1297
p 2 0 920 0 10284 1324
p 2 0 919 1 10408 1315
p 2 2 918 0 10724 1306
p 2 0 920 0 10174 1325
p 2 0 920 0 11722 1349
p 2 0 920 0 10208 1290
p 2 0 920 0 10361 1286
p 2 0 920 0 10016 1296
p 2 0 920 0 10822 1356
p 2 0 920 0 11696 1365
p 2 0 919 1 10505 1360
p 2 0 920 0 11176 1354
p 2 0 920 0 10999 1421
p 2 0 920 0 11551 1393
p 2 0 920 0 10894 1391
p 2 46 874 0 17643 2113
p 2 37 883 0 21302 2258
p 2 39 880 1 23981 2304
p 2 41 879 0 25490 2281
p 2 41 876 3 28174 2332
p 2 40 880 0 29034 2337
p 2 51 869 0 34718 2369
p 2 63 856 1 32938 2410
p 2 60 860 0 34016 2344
p 2 51 868 1 33464 2315
p 2 38 882 0 34084 2317
p 2 50 868 2 34678 2286
p 2 36 875 9 39288 2232
p 2 56 863 1 34777 2227
p 2 51 863 6 35271 2199
p 2 41 878 1 34608 2130
p 2 44 874 2 34760 2118
p 2 48 871 1 34743 2106
p 2 41 873 6 40168 2075
p 2 0 902 18 29047 1639
p 2 0 900 20 29527 1625
p 2 0 905 15 29365 1625
p 2 0 891 29 29980 1612
p 2 0 895 25 29389 1536
p 2 3 884 33 35765 1610
p 2 0 889 31 29688 1513
p 2 0 892 28 30168 1509
p 2 0 889 31 30709 1517
p 2 0 889 31 30229 1510
p 2 0 905 15 30697 1485
p 2 3 899 18 36567 1576
p 2 0 900 20 30440 1499
p 2 0 901 19 30679 1509
p 2 0 897 23 30672 1517
p 2 0 900 20 30934 1526
p 2 0 883 37 31474 1510
p 2 2 900 18 38125 1595
p 2 0 891 29 31279 1517
p 2 0 893 27 31450 1533
p 2 0 915 5 31878 1552
p 2 0 911 9 31610 1560
p 2 0 914 6 31909 1564
p 2 5 906 9 38616 1657
p 2 0 915 5 31753 1558
p 2 0 917 3 32026 1559
p 2 0 919 1 31989 1555
p 2 0 915 5 32050 1550
p 2 0 919 1 32113 1566
p 2 3 912 5 38681 1627
p 2 0 912 8 32130 1539
p 2 0 909 11 32505 1552
p 2 0 918 2 32657 1547
p 2 0 913 7 33161 1546
p 2 0 915 5 32881 1538
p 2 4 908 8 39576 1649
p 2 0 914 6 32242 1543
p 2 0 916 4 32924 1566
p 2 0 914 6 32643 1564
p 2 0 902 18 32692 1536
p 2 0 907 13 32591 1559
p 2 0 913 7 40783 1637
p 2 0 911 9 33133 1574
p 2 0 907 13 33012 1560
p 2 2 914 4 33504 1550
p 2 0 913 7 33799 1557
p 2 0 919 1 33731 1562
p 2 3 911 6 40734 1617
p 2 0 916 4 33861 1565
p 2 0 901 19 33870 1549
p 2 0 914 6 33910 1576
p 2 0 889 31 34189 1558
i 2 920 0 0 50181 3657
p 2 0 214 706 470 383
p 2 0 131 789 329 312
p 2 0 74 846 264 256
p 2 0 56 864 248 244
p 2 0 42 878 246 232
p 2 0 16 904 215 210
p 2 0 22 898 220 215
p 2 0 18 902 216 211
p 2 0 22 898 222 213
p 2 0 3 917 205 200
p 2 0 4 916 204 201
p 2 0 2 918 201 199
p 2 0 7 913 210 203
p 2 0 1 919 203 198
p 2 0 2 918 205 199
p 2 0 1 919 202 199
p 2 0 4 916 209 201
p 2 26 421 473 36712 1267
p 2 0 270 650 1280 493
p 2 0 121 799 576 312
p 2 27 428 465 37492 1281
p 2 0 302 618 1369 512
p 2 0 92 828 431 281
p 2 35 424 461 39542 1335
p 2 0 304 616 1379 519
p 2 0 163 757 637 351
p 2 22 438 460 41161 1294
p 2 0 298 622 1461 518
p 2 0 123 797 552 316
p 2 25 407 488 34680 1190
p 2 0 873 47 19942 1306
p 2 0 896 24 21416 1335
p 2 27 871 22 40606 1803
p 2 0 912 8 26848 1433
p 2 1 915 4 25377 1413
p 2 61 856 3 44494 1987
p 2 2 906 12 24591 1453
p 2 0 919 1 23017 1467
p 2 60 858 2 48200 2095
p 2 26 860 34 25837 1598
p 2 3 916 1 24468 1486
p 2 16 895 9 44236 1766
p 2 6 911 3 24673 1484
p 2 2 917 1 25408 1458
p 2 16 897 7 42163 1766
p 2 0 908 12 22040 1371
p 2 0 883 37 22013 1345
p 2 0 681 239 8002 941
p 2 0 460 460 1327 627
p 2 0 237 683 535 405
p 2 0 238 682 6333 471
p 2 0 219 701 731 394
p 2 0 99 821 355 285
p 2 0 165 755 6234 411
p 2 0 87 833 470 281
p 2 0 76 844 385 266
p 2 0 132 788 6587 381
p 2 0 83 837 483 279
p 2 0 54 866 316 242
p 2 1 126 793 7642 415
p 2 0 119 801 507 312
p 2 0 49 871 284 241
p 2 0 104 816 6393 357
p 2 0 81 839 514 279
p 2 0 41 879 313 233
p 2 1 98 821 6738 362
p 2 0 58 862 432 254
p 2 0 32 888 267 223
p 2 0 85 835 6322 336
p 2 0 61 859 438 258
p 2 0 32 888 272 223
p 2 0 117 803 6119 365
p 2 0 99 821 535 294
p 2 0 51 869 317 241
p 2 0 110 810 6060 359
p 2 0 92 828 497 286
p 2 0 51 869 311 239
p 2 0 119 801 6525 368
p 2 0 67 853 460 267
p 2 0 43 877 291 235
p 2 5 260 655 24264 752
p 2 0 212 708 1065 420
p 2 0 109 811 485 294
p 2 11 249 660 24733 765
p 2 0 179 741 956 386
p 2 0 87 833 439 275
p 2 5 248 667 24645 750
p 2 0 222 698 1175 432
p 2 0 101 819 476 287
p 2 2 264 654 21487 680
p 2 0 208 712 1044 416
p 2 0 81 839 420 271
p 2 3 258 659 21800 691
p 2 0 221 699 1207 431
p 2 0 115 805 521 306
p 2 0 156 764 778 343
p 2 0 71 849 340 259
p 2 0 30 890 259 221
p 2 0 46 874 460 239
p 2 0 63 857 337 251
p 2 0 84 836 406 272
p 2 0 27 893 261 220
p 2 0 33 887 279 226
p 2 0 50 870 319 242
p 2 0 19 901 242 211
p 2 0 25 895 251 216
p 2 0 15 905 227 210
p 2 0 29 891 428 226
p 2 0 26 894 259 218
p 2 0 21 899 343 219
p 2 0 7 913 216 204
p 2 0 7 913 210 202
p 2 0 4 916 205 200
p 2 0 15 905 393 211
p 2 0 16 904 235 211
p 2 0 10 910 220 205
p 2 0 6 914 397 206
p 2 0 9 911 223 204
p 2 0 9 911 219 204
p 2 0 10 910 335 210
p 2 0 4 916 205 201
p 2 0 2 918 200 199
p 2 0 6 914 422 202
p 2 0 17 903 249 214
p 2 0 7 913 212 203
p 2 0 12 908 394 210
p 2 0 10 910 219 205
p 2 0 3 917 203 199
p 2 0 10 910 392 207
p 2 0 9 911 216 202
p 2 0 2 918 203 199
p 2 0 7 913 341 208
p 2 0 6 914 216 201
p 2 0 4 916 206 200
p 2 0 5 915 426 203
p 2 0 3 917 207 199
p 2 0 2 918 201 198
p 2 0 8 912 342 210
p 2 0 3 917 202 200
p 2 0 1 919 198 198
p 2 0 5 915 426 204
p 2 0 3 917 211 200
p 2 0 1 919 204 199
p 2 0 5 915 372 205
p 2 0 5 915 210 201
p 2 0 2 918 202 199
p 2 0 4 916 383 203
p 2 0 4 916 208 201
p 2 0 1 919 198 198
p 2 0 1 919 198 198
p 2 0 0 920 197 197
p 2 0 6 914 363 205
p 2 0 4 916 204 201
p 2 0 3 917 288 203
i 2 920 0 0 71034 4128
p 2 0 83 837 316 270
p 2 0 26 894 220 219
p 2 0 21 899 1209 221
p 2 0 24 896 244 219
p 2 0 6 914 206 202
p 2 0 33 887 1744 237
p 2 0 22 898 251 216
p 2 0 16 904 224 210
p 2 0 34 886 1733 242
p 2 0 22 898 265 216
p 2 0 11 909 224 206
p 2 1 23 896 1662 235
p 2 0 13 907 261 210
p 2 0 7 913 216 202
p 2 1 31 888 1676 244
p 2 0 16 904 246 213
p 2 0 18 902 239 212
p 2 0 16 904 237 210
p 2 0 18 902 236 212
p 2 0 13 907 217 205
p 2 0 10 910 211 204
p 2 0 6 914 206 201
p 2 0 5 915 204 200
p 2 0 22 898 236 214
p 2 0 16 904 230 210
p 2 0 22 898 233 215
p 2 0 19 901 234 213
p 2 0 15 905 225 209
p 2 0 7 913 204 202
p 2 0 17 903 225 211
p 2 0 14 906 217 206
p 2 0 7 913 209 202
p 2 0 5 915 205 200
p 2 0 8 912 212 204
p 2 0 3 917 203 199
p 2 0 8 912 212 203
p 2 0 6 914 209 201
p 2 0 5 915 205 201
p 2 0 6 914 209 202
p 2 0 6 914 210 202
p 2 0 5 915 208 201
p 2 0 4 916 204 200
p 2 0 4 916 203 200
p 2 0 5 915 205 200
p 2 0 1 919 198 198
p 2 0 0 920 197 197
p 2 0 3 917 202 199
p 2 0 6 914 206 201
p 2 0 3 917 201 199
p 2 0 3 917 202 199
p 2 0 5 915 205 200
p 2 0 4 916 205 201
p 2 0 8 912 213 202
p 2 0 4 916 206 200
p 2 0 7 913 208 202
p 2 0 1 919 200 198
p 2 0 3 917 203 200
p 2 0 4 916 204 200
p 2 0 2 918 201 198
p 2 0 2 918 202 199
p 2 0 2 918 200 199
p 2 0 0 920 197 197
p 2 0 2 918 200 198
p 2 0 1 919 198 198
p 2 0 2 918 201 199
p 2 0 1 919 198 198
p 2 0 3 917 203 199
p 2 0 0 920 197 197
p 2 0 2 918 201 199
p 2 0 1 919 200 198
p 2 0 2 918 201 199
p 2 0 2 918 200 199
p 2 0 2 918 200 199
p 2 0 1 919 199 198
p 2 0 5 915 207 201
p 2 0 8 912 212 204
p 2 0 1 919 198 198
p 2 0 1 919 198 198
p 2 0 0 920 197 197
p 2 0 12 908 219 205
p 2 5 25 890 2416 261
p 2 55 40 825 8668 586
p 2 106 110 704 15915 953
p 2 144 187 589 27632 1351
p 2 152 177 591 34224 1554
p 2 55 330 535 33872 1300
p 2 0 272 648 1148 484
p 2 0 159 761 600 343
p 2 0 59 861 317 248
p 2 0 76 844 382 264
p 2 0 77 843 365 264
p 2 0 83 837 411 272
p 2 0 26 894 257 219
p 2 0 30 890 274 223
p 2 0 27 893 259 220
p 2 0 97 823 475 286
p 2 0 84 836 416 274
p 2 0 57 863 340 249
p 2 0 50 870 335 241
p 2 0 60 860 352 250
p 2 0 21 899 244 214
p 2 0 24 896 256 218
p 2 0 22 898 250 215
p 2 0 31 889 271 222
p 2 0 20 900 246 214
p 2 0 25 895 261 218
p 2 0 12 908 223 207
p 2 0 5 915 210 202
p 2 0 7 913 213 203
p 2 0 8 912 213 204
p 2 0 8 912 215 203
p 2 0 8 912 213 203
p 2 0 5 915 209 202
p 2 0 2 918 202 200
p 2 0 3 917 205 200
p 2 0 6 914 210 202
p 2 0 4 916 212 201
p 2 0 11 909 223 206
p 2 0 9 911 217 204
p 2 0 15 905 229 208
p 2 0 11 909 219 206
p 2 0 9 911 219 204
p 2 0 13 907 227 207
p 2 0 12 908 222 205
p 2 0 6 914 210 202
p 2 0 5 915 205 200
p 2 0 5 915 209 201
p 2 0 8 912 219 204
p 2 0 4 916 204 200
p 2 0 6 914 208 202
p 2 0 7 913 213 202
p 2 0 8 912 212 203
p 2 0 1 919 199 198
p 2 0 4 916 205 201
p 2 0 1 919 198 198
p 2 0 9 911 218 204
p 2 0 6 914 209 201
p 2 0 1 919 200 198
p 2 0 3 917 204 200
p 2 0 10 910 214 205
p 2 0 4 916 206 200
p 2 0 3 917 202 200
p 2 0 6 914 209 202
p 2 0 13 907 224 207
p 2 0 7 913 212 201
p 2 0 7 913 209 201
p 2 0 5 915 210 201
p 2 0 1 919 199 198
p 2 0 1 919 198 198
p 2 0 1 919 198 198
p 2 0 2 918 201 199
p 2 0 4 916 204 201
p 2 0 1 919 200 198
p 2 0 1 919 199 198
p 2 0 4 916 203 199
p 2 0 1 919 200 198
p 2 0 0 920 197 197
p 2 0 0 920 197 197
p 2 0 0 920 197 197
p 2 0 4 916 207 201
p 2 0 1 919 199 198
p 2 0 0 920 197 197
p 2 0 1 919 199 198
p 2 28 100 792 17636 635
p 2 0 85 835 523 282
p 2 9 126 785 16045 546
p 2 2 794 124 31401 1326
p 2 204 714 2 94064 3024
p 2 211 690 19 66638 2879
p 2 185 709 26 64316 2803
p 2 51 836 33 36727 1870
p 2 31 856 33 54574 1962
p 2 33 856 31 52374 2011
p 2 67 851 2 59105 2295
p 2 16 889 15 38163 1698
p 2 11 876 33 39505 1526
p 2 5 892 23 37340 1593
p 2 30 870 20 40932 1773
p 2 0 889 31 26727 1404
p 2 17 903 0 60134 1804
p 2 0 910 10 38756 1601
p 2 28 881 11 33124 1721
p 2 0 885 35 23995 1327
p 2 0 901 19 38157 1500
p 2 1 891 28 39964 1658
p 2 43 872 5 56327 1965
p 2 0 909 11 23956 1421
p 2 0 901 19 45706 1554
p 2 0 897 23 27663 1395
p 2 25 868 27 41510 1752
p 2 0 890 30 28497 1490
p 2 17 899 4 64031 1900
p 2 0 902 18 36472 1525
p 2 31 875 14 35923 1704
p 2 0 896 24 22734 1355
p 2 0 895 25 35466 1480
p 2 1 889 30 41556 1620
p 2 44 874 2 57166 2099
p 2 0 912 8 36985 1618
p 2 0 898 22 36013 1414
p 2 0 896 24 25206 1396
p 2 29 871 20 42390 1817
p 2 0 846 74 9932 1144
p 2 11 905 4 57240 1781
p 2 0 907 13 35729 1494
p 2 36 864 20 34379 1610
p 2 0 884 36 20893 1352
p 2 0 898 22 36577 1512
p 2 0 832 88 11032 1148
p 2 43 876 1 49420 1943
p 2 1 909 10 28646 1534
p 2 0 893 27 36292 1477
p 2 0 892 28 19993 1324
p 2 31 861 28 33918 1590
p 2 0 859 61 22273 1302
p 2 14 902 4 62549 1815
p 2 0 905 15 34493 1526
p 2 23 878 19 35456 1706
p 2 0 896 24 23613 1394
p 2 0 886 34 42822 1485
p 2 0 885 35 33568 1500
p 2 46 866 8 48279 1916
p 2 0 906 14 26426 1472
p 2 0 903 17 43327 1504
p 2 0 897 23 32604 1480
p 2 19 874 27 41496 1760
p 2 0 864 56 21242 1305
p 2 10 903 7 53797 1773
p 2 0 809 111 7781 1102
p 2 34 867 19 34040 1665
p 2 0 885 35 18876 1323
p 2 0 887 33 35470 1414
p 2 0 893 27 34328 1559
p 2 31 885 4 56547 2059
p 2 0 904 16 13730 1309
p 2 0 899 21 43156 1595
p 2 0 899 21 29416 1459
p 2 30 866 24 36578 1718
p 2 0 900 20 33062 1551
p 2 16 903 1 62815 1941
p 2 0 904 16 30099 1515
p 2 30 864 26 32930 1654
p 2 0 841 79 16685 1217
p 2 0 892 28 39009 1503
p 2 0 889 31 34645 1538
p 2 43 873 4 59165 2075
p 2 0 910 10 32729 1591
p 2 0 892 28 36182 1387
p 2 0 895 25 36972 1462
p 2 31 879 10 40263 1692
i 2 920 0 0 43813 3975
p 2 0 435 485 662 571
p 2 0 349 571 502 485
p 2 93 264 563 27089 1187
p 2 0 283 637 723 450
p 2 0 131 789 359 305
p 2 92 267 561 33035 1331
p 2 0 154 766 690 353
p 2 0 102 818 385 289
p 2 105 235 580 37812 1391
p 2 0 200 720 805 401
p 2 0 85 835 347 270
p 2 85 283 552 37675 1383
p 2 0 198 722 939 406
p 2 0 102 818 375 285
p 2 78 319 523 41851 1440
p 2 0 229 691 995 439
p 2 0 91 829 370 275
p 2 102 279 539 43275 1562
p 2 0 203 717 916 413
p 2 0 89 831 368 274
p 2 100 285 535 46653 1598
p 2 0 227 693 1076 442
p 2 0 87 833 388 274
p 2 121 308 491 48548 1737
p 2 0 241 679 1037 453
p 2 0 127 793 484 313
p 2 75 286 559 38199 1362
p 2 0 237 683 943 437
p 2 0 88 832 450 282
p 2 30 239 651 23774 931
p 2 0 183 737 804 387
p 2 0 128 792 505 313
p 2 39 233 648 25026 995
p 2 0 185 735 850 410
p 2 0 92 828 418 281
p 2 1 220 699 14644 517
p 2 0 132 788 659 333
p 2 0 89 831 401 275
p 2 3 162 755 16405 496
p 2 0 154 766 825 354
p 2 0 71 849 387 258
p 2 1 163 756 17887 529
p 2 0 114 806 704 318
p 2 0 56 864 359 247
p 2 4 167 749 19019 545
p 2 0 173 747 909 387
p 2 0 103 817 453 290
p 2 1 106 813 667 299
p 2 0 53 867 309 241
p 2 0 36 884 262 227
p 2 0 34 886 579 226
p 2 0 51 869 317 241
p 2 0 42 878 283 232
p 2 1 23 896 458 224
p 2 0 13 907 218 207
p 2 0 11 909 222 205
p 2 0 12 908 545 208
p 2 0 7 913 214 202
p 2 0 5 915 206 202
p 2 0 19 901 481 216
p 2 0 8 912 215 203
p 2 0 9 911 215 203
p 2 0 8 912 484 205
p 2 0 4 916 210 199
p 2 0 4 916 206 201
p 2 0 4 916 205 200
p 2 0 3 917 202 199
p 2 0 7 913 209 202
p 2 0 0 920 197 197
p 2 0 0 920 197 197
p 2 0 1 919 199 198
p 2 0 0 920 197 197
p 2 0 1 919 199 198
p 2 0 0 920 197 197
p 2 0 0 920 197 197
p 2 0 1 919 199 198
i 2 920 0 0 78640 4554
p 2 0 129 791 402 316
p 2 0 52 868 260 243
p 2 4 81 835 10632 371
p 2 0 67 853 438 265
p 2 0 29 891 260 224
p 2 1 90 829 10037 351
p 2 0 54 866 448 256
p 2 0 36 884 280 229
p 2 5 83 832 10201 370
p 2 0 55 865 464 258
p 2 0 25 895 257 218
p 2 3 98 819 11178 383
p 2 0 82 838 535 281
p 2 5 44 871 3703 287
p 2 13 106 801 12269 459
p 2 14 121 785 8291 446
p 2 0 91 829 483 281
p 2 25 155 740 23170 652
p 2 0 125 795 778 333
p 2 45 100 775 13854 651
p 2 2 148 770 10507 418
p 2 39 148 733 13968 690
p 2 0 95 825 503 282
p 2 37 196 687 27981 845
p 2 0 127 793 773 332
p 2 22 140 758 14927 587
p 2 7 210 703 14118 572
p 2 21 210 689 14615 682
p 2 0 139 781 657 330
p 2 26 198 696 25002 794
p 2 0 125 795 726 328
p 2 0 69 851 375 257
p 2 17 196 707 22019 698
p 2 0 191 729 890 388
p 2 0 61 859 351 254
p 2 29 221 670 27732 848
p 2 0 208 712 976 407
p 2 0 113 807 507 301
p 2 26 247 647 29448 871
p 2 0 182 738 938 387
p 2 0 75 845 398 262
p 2 12 211 697 20011 656
p 2 0 135 785 776 337
p 2 0 93 827 437 281
p 2 12 207 701 22192 682
p 2 0 216 704 1054 416
p 2 0 99 821 447 283
p 2 12 296 612 22788 774
p 2 0 178 742 918 384
p 2 0 116 804 487 304
p 2 15 142 763 9932 508
p 2 0 131 789 602 320
p 2 0 80 840 401 267
p 2 10 163 747 9867 500
p 2 0 84 836 479 278
p 2 0 69 851 378 257
p 2 11 129 780 9439 482
p 2 0 115 805 589 309
p 2 0 54 866 344 247
p 2 6 160 754 10610 494
p 2 0 79 841 522 278
p 2 0 69 851 387 261
p 2 11 105 804 9352 442
p 2 0 96 824 570 293
p 2 0 66 854 373 256
p 2 9 110 801 8628 431
p 2 0 66 854 462 265
p 2 0 60 860 362 251
p 2 3 96 821 7884 392
p 2 0 87 833 522 285
p 2 0 50 870 325 241
p 2 4 147 769 7982 431
p 2 0 109 811 583 306
p 2 0 57 863 335 245
p 2 0 41 879 459 232
p 2 0 48 872 327 240
p 2 0 43 877 305 234
p 2 0 42 878 864 236
p 2 0 29 891 271 221
p 2 0 33 887 283 225
p 2 0 33 887 2158 239
p 2 0 23 897 279 218
p 2 0 16 904 229 207
p 2 8 54 858 4450 334
p 2 0 42 878 337 235
p 2 0 31 889 278 223
p 2 17 42 861 6248 378
p 2 0 50 870 365 243
p 2 0 27 893 266 220
p 2 23 66 831 8005 455
p 2 0 47 873 378 243
p 2 0 22 898 255 215
p 2 18 85 817 10487 495
p 2 0 73 847 463 274
p 2 0 35 885 288 229
p 2 26 112 782 12639 604
p 2 0 79 841 461 276
p 2 0 34 886 271 226
p 2 14 119 787 12678 526
p 2 0 111 809 628 313
p 2 0 53 867 327 242
p 2 14 133 773 12697 555
p 2 0 103 817 594 303
p 2 4 118 798 8659 400
p 2 16 187 717 13739 630
p 2 4 183 733 7971 461
p 2 0 121 799 622 315
p 2 8 204 708 21197 681
p 2 0 174 746 840 375
p 2 1 133 786 7255 397
p 2 0 107 813 582 298
p 2 0 45 875 303 239
p 2 0 47 873 301 236
p 2 0 36 884 292 228
p 2 0 57 863 366 248
p 2 0 32 888 271 222
p 2 0 37 883 281 227
p 2 0 36 884 291 227
p 2 0 112 808 540 302
p 2 0 92 828 440 284
p 2 0 46 874 319 239
p 2 0 46 874 305 237
p 2 0 35 885 292 228
p 2 0 12 908 224 207
p 2 0 20 900 240 212
p 2 0 20 900 246 213
p 2 0 21 899 261 215
p 2 0 11 909 230 208
p 2 0 4 916 205 201
p 2 0 5 915 210 202
p 2 0 3 917 207 200
p 2 0 4 916 209 201
p 2 0 3 917 205 200
p 2 0 4 916 209 202
p 2 0 2 918 204 199
p 2 0 1 919 199 198
p 2 0 3 917 205 200
p 2 0 5 915 210 202
p 2 0 4 916 207 201
p 2 0 4 916 206 200
p 2 0 3 917 206 200
p 2 0 2 918 199 198
i 2 920 0 0 83929 5034
p 2 0 104 816 352 292
p 2 0 54 866 252 240
p 2 9 229 682 22407 719
p 2 0 156 764 867 368
p 2 0 78 842 367 262
p 2 10 236 674 22561 720
p 2 0 154 766 801 354
p 2 0 75 845 372 263
p 2 7 214 699 22496 680
p 2 0 151 769 847 360
p 2 0 60 860 369 252
p 2 5 202 713 22634 637
p 2 0 184 736 986 397
p 2 0 115 805 562 307
p 2 0 55 865 873 250
p 2 0 49 871 325 239
p 2 0 44 876 312 235
p 2 0 70 850 623 265
p 2 0 27 893 267 221
p 2 0 50 870 319 238
p 2 1 47 872 839 248
p 2 0 41 879 305 234
p 2 0 50 870 326 242
p 2 0 65 855 631 263
p 2 0 45 875 302 234
p 2 0 40 880 277 230
p 2 1 42 877 844 243
p 2 0 54 866 333 246
p 2 0 23 897 251 216
p 2 0 23 897 669 223
p 2 0 16 904 231 209
p 2 0 3 917 204 200
p 2 0 7 913 755 208
p 2 0 6 914 210 202
p 2 0 9 911 213 204
p 2 0 2 918 200 199
p 2 0 2 918 201 199
p 2 0 8 912 212 203
p 2 0 6 914 622 208
p 2 0 5 915 214 201
p 2 1 8 911 461 216
p 2 0 2 918 204 199
p 2 0 2 918 202 199
p 2 37 158 725 25934 832
p 2 0 126 794 762 331
p 2 22 164 734 23948 759
p 2 0 153 767 857 363
p 2 38 162 720 23624 827
p 2 0 121 799 724 329
p 2 30 161 729 22132 753
p 2 0 152 768 766 353
p 2 2 107 811 7546 370
p 2 0 71 849 470 269
p 2 0 87 833 7659 336
p 2 0 67 853 455 267
p 2 0 37 883 281 228
p 2 0 14 906 531 210
p 2 0 15 905 232 208
p 2 0 15 905 231 211
p 2 37 138 745 22230 752
p 2 0 105 815 659 307
p 2 19 162 739 24684 732
p 2 0 132 788 791 341
p 2 33 150 737 25033 791
p 2 0 138 782 784 343
p 2 37 152 731 25731 827
p 2 0 128 792 726 333
p 2 0 123 797 6896 370
p 2 1 74 845 690 283
p 2 0 78 842 7141 318
p 2 0 72 848 482 271
p 2 0 107 813 593 302
p 2 0 70 850 400 260
p 2 0 41 879 303 232
p 2 0 33 887 274 223
p 2 0 32 888 293 226
p 2 0 16 904 228 209
p 2 0 17 903 252 212
p 2 0 23 897 255 217
p 2 0 31 889 286 225
p 2 0 13 907 229 208
p 2 0 18 902 246 211
p 2 0 8 912 220 205
p 2 0 15 905 239 208
p 2 0 13 907 231 208
p 2 0 12 908 237 206
p 2 0 14 906 236 208
p 2 0 16 904 246 211
p 2 0 15 905 228 208
p 2 1 15 904 786 221
p 2 0 6 914 217 203
p 2 0 3 917 207 200
p 2 0 8 912 630 211
p 2 0 5 915 213 201
p 2 0 3 917 202 199
p 2 0 16 904 777 216
p 2 0 13 907 232 208
p 2 0 11 909 221 204
p 2 0 10 910 471 216
p 2 0 8 912 216 204
p 2 0 1 919 199 198
p 2 1 5 914 734 214
p 2 0 8 912 216 204
p 2 0 7 913 214 203
p 2 0 9 911 469 215
p 2 0 8 912 219 204
p 2 0 2 918 202 199
p 2 1 7 912 738 214
p 2 0 4 916 209 201
p 2 0 5 915 207 201
p 2 0 6 914 641 209
p 2 0 4 916 213 200
p 2 0 2 918 200 199
p 2 0 8 912 761 210
p 2 0 5 915 218 202
p 2 0 2 918 201 199
p 2 0 1 919 200 198
p 2 0 1 919 200 198
p 2 0 1 919 199 198
p 2 3 81 836 7472 350
p 2 0 51 869 409 249
p 2 1 35 884 530 243
p 2 0 66 854 5223 298
p 2 0 64 856 466 264
p 2 0 24 896 275 220
p 2 1 81 838 5787 328
p 2 0 49 871 391 249
p 2 0 19 901 241 212
p 2 0 20 900 617 216
p 2 0 16 904 238 210
p 2 0 12 908 226 206
p 2 0 12 908 558 209
p 2 0 4 916 210 201
p 2 0 6 914 214 203
p 2 0 7 913 562 205
p 2 0 9 911 226 205
p 2 0 5 915 210 201
p 2 1 13 906 449 214
p 2 0 10 910 229 205
p 2 0 6 914 212 202
p 2 1 7 912 510 211
p 2 0 5 915 208 201
p 2 0 4 916 207 200
p 2 0 13 907 565 209
p 2 0 6 914 213 203
p 2 0 17 903 235 211
p 2 0 11 909 569 207
p 2 0 30 890 268 223
p 2 0 29 891 265 221
p 2 1 16 903 464 216
p 2 0 17 903 238 212
p 2 0 15 905 233 209
p 2 1 6 913 508 211
p 2 0 4 916 207 200
p 2 0 0 920 197 197
p 2 0 5 915 539 204
p 2 0 2 918 201 199
p 2 0 1 919 199 198
p 2 0 5 915 560 203
p 2 0 5 915 214 202
p 2 0 4 916 208 200
p 2 0 20 900 579 217
p 2 0 11 909 224 207
p 2 0 6 914 208 201
p 2 1 7 912 368 209
p 2 0 3 917 203 200
p 2 0 1 919 199 198
p 2 0 11 909 461 205
p 2 0 6 914 212 202
p 2 0 6 914 214 202
p 2 0 7 913 570 204
p 2 0 8 912 219 204
p 2 0 3 917 204 200
p 2 0 3 917 529 202
p 2 0 3 917 209 199
p 2 0 5 915 209 201
p 2 0 4 916 549 202
p 2 0 2 918 209 200
p 2 0 4 916 208 200
p 2 1 5 914 436 208
p 2 0 0 920 197 197
p 2 0 2 918 204 199
p 2 1 3 916 501 208
p 2 0 3 917 205 200
p 2 0 2 918 202 199
p 2 0 4 916 538 202
p 2 0 4 916 210 201
p 2 0 3 917 203 199
p 2 0 4 916 556 201
p 2 0 6 914 210 202
p 2 0 0 920 197 197
p 2 1 4 915 427 207
p 2 0 5 915 209 202
p 2 0 4 916 202 199
p 2 1 3 916 498 208
p 2 0 2 918 202 199
p 2 0 0 920 197 197
p 2 1 4 915 426 208
p 2 0 1 919 201 198
p 2 0 1 919 199 198
p 2 1 2 917 494 207
p 2 0 1 919 199 198
p 2 0 0 920 197 197
p 2 0 3 917 531 202
p 2 0 3 917 205 200
p 2 0 1 919 203 199
p 2 0 4 916 551 202
p 2 0 1 919 199 198
p 2 0 0 920 197 197
p 2 0 0 920 197 197
p 2 0 0 920 197 197
p 2 0 3 917 529 201
p 2 0 3 917 207 200
p 2 1 2 917 359 205
i 2 920 0 0 98322 4607
p 2 0 71 849 308 259
p 2 0 16 904 216 212
p 2 1 64 855 3922 286
p 2 0 39 881 333 237
p 2 0 18 902 232 212
p 2 1 74 845 4470 304
p 2 0 44 876 360 240
p 2 0 16 904 234 211
p 2 19 152 749 16968 608
p 2 0 97 823 571 290
p 2 0 66 854 345 251
p 2 11 195 714 17476 600
p 2 0 148 772 713 341
p 2 0 27 893 275 220
p 2 8 167 745 15478 549
p 2 0 113 807 620 310
p 2 0 100 820 441 285
p 2 38 321 561 29083 1024
p 2 0 247 673 1077 452
p 2 0 63 857 360 254
p 2 14 303 603 27120 845
p 2 0 251 669 1169 452
p 2 0 134 786 543 317
p 2 3 348 569 22855 760
p 2 0 224 696 1099 429
p 2 0 165 755 607 347
p 2 4 374 542 23174 795
p 2 0 239 681 1120 439
p 2 0 118 802 491 301
p 2 16 332 572 27448 924
p 2 0 208 712 991 410
p 2 0 96 824 427 284
p 2 18 380 522 28314 988
p 2 0 267 653 1200 479
p 2 0 129 791 525 313
p 2 10 366 544 26849 923
p 2 0 217 703 1072 427
p 2 0 165 755 598 347
p 2 1 392 527 22607 836
p 2 0 270 650 1246 471
p 2 0 77 843 380 264
p 2 2 326 592 22650 777
p 2 0 285 635 1218 481
p 2 0 177 743 708 363
p 2 0 49 871 424 239
p 2 0 98 822 418 282
p 2 0 82 838 401 267
p 2 0 257 663 999 440
p 2 0 253 667 973 434
p 2 0 108 812 456 290
p 2 0 87 833 526 274
p 2 0 70 850 379 258
p 2 0 52 868 416 241
p 2 0 47 873 324 238
p 2 0 41 879 309 231
p 2 0 39 881 300 230
p 2 0 16 904 308 208
p 2 0 26 894 251 217
p 2 0 10 910 219 205
p 2 0 17 903 343 212
p 2 0 5 915 213 201
p 2 0 12 908 220 207
p 2 0 12 908 328 207
p 2 0 17 903 232 209
p 2 0 15 905 228 208
p 2 0 22 898 366 216
p 2 0 13 907 228 204
p 2 0 9 911 216 204
p 2 0 8 912 328 204
p 2 0 63 857 340 249
p 2 0 11 909 223 207
p 2 0 15 905 348 207
p 2 0 36 884 286 228
p 2 0 51 869 321 240
p 2 0 42 878 392 232
p 2 0 12 908 221 206
p 2 0 23 897 250 215
p 2 0 23 897 347 215
p 2 0 16 904 243 209
p 2 0 9 911 217 204
p 2 0 16 904 342 209
p 2 0 11 909 223 207
p 2 0 18 902 237 210
p 2 0 11 909 327 207
p 2 0 11 909 222 204
p 2 0 7 913 213 202
p 2 0 17 903 332 211
p 2 0 6 914 212 202
p 2 0 5 915 208 200
p 2 0 8 912 312 204
p 2 0 16 904 237 209
p 2 0 5 915 209 202
p 2 0 6 914 306 202
p 2 0 3 917 204 200
p 2 0 29 891 262 220
p 2 0 17 903 320 213
p 2 0 10 910 221 204
p 2 0 22 898 236 212
p 2 0 8 912 333 203
p 2 0 6 914 209 202
p 2 0 1 919 199 198
p 2 0 3 917 204 199
p 2 0 9 911 214 204
p 2 0 3 917 202 199
p 2 0 4 916 205 200
p 2 0 3 917 203 200
p 2 0 5 915 205 200
p 2 0 2 918 202 199
p 2 0 3 917 202 199
p 2 0 1 919 199 198
p 2 0 0 920 197 197
p 2 0 1 919 200 198
p 2 0 3 917 203 200
p 2 0 3 917 204 199
p 2 0 1 919 199 198
p 2 0 1 919 302 198
p 2 0 3 917 208 199
p 2 0 2 918 288 199
i 2 920 0 0 52545 4402
p 2 0 195 725 477 381
p 2 0 154 766 372 338
p 2 0 60 860 263 248
p 2 0 79 841 279 264
p 2 0 21 899 224 216
p 2 0 40 880 565 231
p 2 0 9 911 220 206
p 2 0 11 909 218 208
p 2 0 10 910 670 212
p 2 0 11 909 222 205
p 2 0 3 917 211 200
p 2 0 7 913 410 212
p 2 0 8 912 214 204
p 2 0 2 918 204 198
p 2 2 6 912 655 218
p 2 0 9 911 222 206
p 2 0 6 914 213 203
p 2 0 8 912 411 212
p 2 0 5 915 216 204
p 2 0 2 918 207 200
p 2 2 5 913 660 219
p 2 0 5 915 213 201
p 2 0 7 913 216 202
p 2 0 6 914 571 210
p 2 0 4 916 226 202
p 2 0 5 915 209 201
p 2 0 6 914 636 209
p 2 0 6 914 217 204
p 2 0 17 903 217 209
p 2 0 0 920 197 197
p 2 0 1 919 198 198
p 2 0 7 913 550 209
p 2 0 6 914 211 202
p 2 0 7 913 372 211
p 2 0 6 914 205 203
p 2 0 2 918 200 200
p 2 0 5 915 203 200
p 2 0 1 919 199 198
p 2 0 44 876 3974 274
p 2 0 40 880 527 244
p 2 1 37 882 3374 266
p 2 0 40 880 2942 266
p 2 0 34 886 289 235
p 2 0 23 897 242 217
p 2 0 14 906 663 214
p 2 0 15 905 231 211
p 2 0 12 908 221 208
p 2 0 26 894 441 231
p 2 0 9 911 210 205
p 2 0 16 904 223 211
p 2 2 16 902 666 224
p 2 0 17 903 228 212
p 2 0 11 909 219 208
p 2 0 14 906 549 214
p 2 0 5 915 205 202
p 2 0 2 918 199 199
p 2 0 5 915 639 207
p 2 0 9 911 222 206
p 2 0 4 916 204 201
p 2 0 8 912 405 211
p 2 0 4 916 205 202
p 2 0 5 915 205 200
p 2 2 5 913 646 217
p 2 0 4 916 202 200
p 2 0 2 918 200 200
p 2 0 5 915 530 208
p 2 0 4 916 222 202
p 2 0 0 920 197 197
p 2 0 4 916 631 206
p 2 0 4 916 217 200
p 2 0 1 919 200 198
p 2 0 4 916 526 206
p 2 0 7 913 231 204
p 2 0 2 918 200 198
p 2 0 5 915 371 209
p 2 0 3 917 203 200
p 2 0 5 915 205 201
p 2 0 5 915 528 204
p 2 0 6 914 210 201
p 2 0 1 919 199 198
p 2 0 4 916 651 207
p 2 0 2 918 202 199
p 2 0 2 918 201 199
p 2 0 7 913 526 209
p 2 0 4 916 207 201
p 2 0 4 916 203 201
p 2 0 4 916 636 206
p 2 0 2 918 205 199
p 2 0 1 919 200 198
p 2 0 4 916 400 208
p 2 0 3 917 204 200
p 2 0 1 919 198 198
p 2 2 2 916 638 215
p 2 0 2 918 201 199
p 2 0 1 919 198 198
p 2 0 8 912 405 210
p 2 0 7 913 211 204
p 2 0 2 918 199 199
p 2 2 3 915 639 216
p 2 0 5 915 207 200
p 2 0 1 919 198 198
p 2 0 4 916 531 207
p 2 0 3 917 217 201
p 2 0 3 917 201 199
p 2 0 6 914 639 208
p 2 0 3 917 207 200
p 2 0 1 919 199 198
p 2 0 0 920 197 197
p 2 0 0 920 197 197
p 2 0 0 920 197 197
p 2 0 0 920 197 197
p 2 0 5 915 530 207
p 2 0 4 916 209 201
p 2 0 4 916 371 210
p 2 0 3 917 203 200
p 2 0 1 919 198 198
p 2 0 4 916 201 200
p 2 0 2 918 198 198
p 2 0 1 919 198 198
p 2 0 1 919 199 198
p 2 0 3 917 199 199
p 2 0 0 920 197 197
p 2 0 0 920 197 197
p 2 0 0 920 197 197
p 2 0 0 920 197 197
p 2 0 0 920 197 197
p 2 0 0 920 197 197
p 2 0 0 920 197 197
p 2 0 0 920 197 197
p 2 3 36 881 4787 287
p 2 0 24 896 301 222
p 2 0 42 878 4419 269
p 2 0 29 891 315 227
p 2 0 39 881 3117 248
p 2 0 34 886 358 232
p 2 0 20 900 260 214
p 2 0 10 910 220 204
p 2 0 5 915 210 201
p 2 0 0 920 197 197
p 2 0 0 920 197 197
p 2 0 0 920 197 197
p 2 0 0 920 197 197
i 2 920 0 0 88227 4961
p 2 0 138 782 386 321
p 2 0 81 839 278 262
p 2 0 47 873 625 238
p 2 0 42 878 262 234
p 2 0 15 905 226 210
p 2 0 18 902 618 215
p 2 0 7 913 225 205
p 2 0 8 912 215 205
p 2 0 10 910 567 209
p 2 0 9 911 225 205
p 2 0 6 914 210 202
p 2 0 16 904 575 214
p 2 0 12 908 224 208
p 2 0 6 914 209 202
p 2 0 8 912 613 209
p 2 0 5 915 218 202
p 2 0 3 917 208 201
p 2 0 8 912 658 208
p 2 0 5 915 209 202
p 2 0 2 918 203 199
p 2 0 6 914 567 205
p 2 0 5 915 222 203
p 2 0 5 915 208 202
p 2 0 18 902 583 212
p 2 0 13 907 229 208
p 2 0 9 911 216 205
p 2 0 11 909 624 211
p 2 0 8 912 223 205
p 2 0 4 916 203 200
p 2 0 11 909 657 210
p 2 0 11 909 225 208
p 2 0 5 915 209 201
p 2 0 5 915 552 205
p 2 0 4 916 212 201
p 2 0 5 915 207 201
p 2 0 6 914 552 206
p 2 0 7 913 224 204
p 2 0 2 918 200 199
p 2 0 6 914 539 205
p 2 0 6 914 216 204
p 2 0 2 918 201 199
p 2 0 5 915 571 205
p 2 0 5 915 218 203
p 2 0 3 917 204 200
p 2 0 5 915 575 204
p 2 0 4 916 213 202
p 2 0 5 915 209 203
p 2 0 7 913 588 206
p 2 0 5 915 217 202
p 2 0 4 916 208 201
p 2 0 7 913 549 206
p 2 0 5 915 211 202
p 2 0 2 918 204 199
p 2 0 9 911 559 208
p 2 0 8 912 221 204
p 2 0 4 916 207 201
p 2 0 5 915 607 206
p 2 0 3 917 207 201
p 2 0 4 916 206 201
p 2 0 7 913 650 207
p 2 0 5 915 215 202
p 2 0 3 917 203 200
p 2 0 7 913 559 206
p 2 0 5 915 213 203
p 2 0 4 916 209 201
p 2 0 5 915 552 205
p 2 0 5 915 218 203
p 2 0 3 917 204 200
p 2 0 8 912 609 208
p 2 0 8 912 226 206
p 2 0 3 917 208 200
p 2 0 6 914 641 207
p 2 0 4 916 207 201
p 2 0 6 914 207 203
p 2 0 4 916 553 204
p 2 0 6 914 213 202
p 2 0 1 919 199 198
p 2 0 4 916 556 203
p 2 0 2 918 207 199
p 2 0 2 918 200 199
p 2 0 6 914 554 204
p 2 0 1 919 200 198
p 2 0 1 919 198 198
p 2 0 7 913 569 206
p 2 0 4 916 213 201
p 2 0 3 917 206 200
p 2 0 4 916 652 205
p 2 0 3 917 207 201
p 2 0 1 919 200 198
p 2 0 4 916 556 204
p 2 0 3 917 216 201
p 2 0 4 916 208 201
p 2 0 4 916 554 203
p 2 0 3 917 207 201
p 2 0 3 917 203 199
p 2 0 2 918 200 199
p 2 0 0 920 197 197
p 2 0 0 920 197 197
p 2 0 0 920 197 197
p 2 0 6 914 558 206
p 2 0 4 916 210 201
p 2 15 105 800 13636 552
p 2 0 88 832 532 290
p 2 20 92 808 13458 562
p 2 0 70 850 475 270
p 2 14 111 795 14932 557
p 2 0 98 822 550 296
p 2 29 90 801 15731 609
p 2 0 85 835 515 279
p 2 16 128 776 15990 582
p 2 0 97 823 628 301
p 2 10 108 802 16945 545
p 2 0 105 815 641 308
p 2 0 64 856 357 255
p 2 0 16 904 227 210
p 2 22 113 785 18091 617
p 2 0 94 826 600 296
p 2 0 60 860 372 254
p 2 25 126 769 20419 667
p 2 0 105 815 690 310
p 2 0 37 883 305 228
p 2 26 139 755 21959 697
p 2 0 112 808 709 319
p 2 0 39 881 314 232
p 2 46 140 734 25297 856
p 2 0 114 806 686 322
p 2 0 47 873 320 239
p 2 45 137 738 22832 862
p 2 0 122 798 687 331
p 2 10 148 762 16796 629
p 2 0 115 805 678 328
p 2 12 334 574 29744 951
p 2 0 268 652 1135 476
p 2 12 324 584 25963 927
p 2 0 253 667 1096 465
p 2 8 315 597 22675 846
p 2 0 239 681 1059 442
p 2 43 152 725 8625 670
p 2 0 92 828 469 298
p 2 16 55 849 2146 359
p 2 0 46 874 300 245
p 2 0 34 886 249 228
i 2 920 0 0 43550 3915
p 2 158 274 488 8359 1192
p 2 0 276 644 505 447
p 2 462 162 296 33226 2649
p 2 0 176 744 584 368
p 2 402 236 282 48392 2906
p 2 0 202 718 873 416
p 2 524 250 146 68384 3631
p 2 0 243 677 1018 452
p 2 0 114 806 502 303
p 2 331 435 154 69618 3219
p 2 0 360 560 1440 576
p 2 0 193 727 601 371
p 2 300 361 259 59998 2824
p 2 0 323 597 1215 540
p 2 0 125 795 497 310
p 2 267 296 357 48618 2443
p 2 0 287 633 1043 489
p 2 0 155 765 500 341
p 2 102 349 469 38770 1676
p 2 0 310 610 1379 530
p 2 0 164 756 548 349
p 2 82 288 550 33015 1349
i 2 920 0 0 37949 3645
p 2 10 908 2 17917 1604
p 2 6 914 0 19622 1637
p 2 2 918 0 20103 1644
p 2 15 905 0 17064 1604
p 2 7 912 1 18188 1595
p 2 8 912 0 18208 1605
p 2 4 916 0 17899 1612
p 2 9 911 0 18677 1663
p 2 16 904 0 19731 1719
p 2 6 914 0 18805 1707
p 2 11 908 1 19235 1687
p 2 5 914 1 19009 1649
p 2 7 912 1 17252 1639
p 2 7 910 3 16953 1637
p 2 11 907 2 16914 1687
p 2 12 907 1 16435 1716
p 2 22 896 2 16072 1758
p 2 12 908 0 15872 1706
p 2 12 908 0 16930 1703
p 2 8 912 0 17434 1713
p 2 7 913 0 19220 1755
p 2 17 901 2 19588 1782
p 2 4 914 2 21193 1732
p 2 22 898 0 20691 1774
p 2 7 911 2 20205 1762
p 2 4 915 1 19933 1757
p 2 7 910 3 20339 1777
p 2 5 913 2 20279 1809
p 2 7 909 4 19788 1781
p 2 29 889 2 17723 1833
p 2 13 905 2 16879 1792
p 2 11 908 1 16446 1770
p 2 1 915 4 15960 1706
p 2 2 916 2 17989 1746
p 2 11 908 1 19479 1796
p 2 26 893 1 18907 1817
p 2 30 890 0 18675 1859
p 2 22 898 0 17376 1778
p 2 9 910 1 16134 1697
p 2 6 914 0 14510 1593
p 2 8 912 0 12289 1549
p 2 14 904 2 11984 1522
p 2 33 887 0 14423 1600
p 2 25 895 0 17990 1644
p 2 5 914 1 20035 1611
p 2 16 904 0 20025 1688
p 2 3 914 3 19027 1636
p 2 2 917 1 18859 1630
p 2 2 915 3 20279 1611
p 2 5 915 0 20724 1638
p 2 11 906 3 18477 1641
p 2 4 914 2 18238 1562
p 2 4 915 1 15289 1529
p 2 6 912 2 15518 1487
p 2 12 903 5 18950 1558
p 2 17 896 7 18461 1573
p 2 16 900 4 19403 1612
p 2 21 896 3 17435 1662
p 2 2 915 3 18489 1606
p 2 0 917 3 18479 1542
p 2 5 914 1 17076 1517
p 2 2 913 5 13274 1463
p 2 9 906 5 15583 1496
p 2 9 906 5 19677 1602
p 2 8 909 3 19797 1673
p 2 5 914 1 19287 1635
p 2 2 915 3 20593 1580
p 2 22 898 0 16617 1616
p 2 18 897 5 13366 1559
p 2 0 918 2 16716 1491
p 2 0 920 0 17152 1523
p 2 2 918 0 18048 1577
p 2 0 917 3 18893 1530
p 2 0 915 5 12271 1398
p 2 0 916 4 11170 1394
p 2 0 918 2 16916 1514
p 2 0 911 9 16355 1538
p 2 0 912 8 18128 1508
p 2 0 911 9 10444 1421
p 2 0 915 5 13670 1466
p 2 0 916 4 14459 1495
p 2 0 914 6 16716 1524
p 2 0 911 9 8959 1360
p 2 0 913 7 14760 1447
p 2 0 907 13 13456 1402
p 2 0 909 11 12353 1391
p 2 0 894 26 11072 1325
p 2 0 880 40 12536 1357
p 2 0 790 130 10652 1207
p 2 0 524 396 5732 901
p 2 0 409 511 5198 755
p 2 0 341 579 5317 703
p 2 1 369 550 5362 736
p 2 0 340 580 5483 710
p 2 0 348 572 5381 711
p 2 0 307 613 5435 668
p 2 0 328 592 5470 704
p 2 0 315 605 5893 709
p 2 0 323 597 5687 715
p 2 0 316 604 5920 724
p 2 0 324 596 5897 732
p 2 0 337 583 6041 756
p 2 0 319 601 5282 711
p 2 0 309 611 4887 699
p 2 0 284 636 4295 622
p 2 0 282 638 4369 624
i 2 920 0 0 85276 4821
p 2 0 121 799 386 309
p 2 3 101 816 6937 358
p 2 0 81 839 448 277
p 2 4 72 844 6546 339
p 2 0 55 865 404 253
p 2 11 92 817 7797 402
p 2 0 72 848 464 267
p 2 5 66 849 7001 332
p 2 0 50 870 367 247
p 2 4 77 839 6577 335
p 2 0 54 866 384 252
p 2 6 132 782 12858 454
p 2 0 108 812 614 309
p 2 9 79 832 6155 353
p 2 0 76 844 2194 284
p 2 5 74 841 7024 343
p 2 0 51 869 373 244
p 2 7 119 794 10846 428
p 2 0 104 816 615 301
p 2 4 77 839 6536 342
p 2 0 69 851 1433 267
p 2 8 87 825 6376 362
p 2 0 79 841 480 274
p 2 8 109 803 9641 406
p 2 0 92 828 513 283
p 2 3 89 828 6660 342
p 2 0 51 869 389 246
p 2 4 59 857 6506 325
p 2 0 47 873 379 246
p 2 10 78 832 7711 388
p 2 0 52 868 424 249
p 2 5 70 845 6995 336
p 2 0 47 873 365 242
p 2 3 63 854 6607 318
p 2 0 42 878 366 238
p 2 6 76 838 7946 363
p 2 0 52 868 397 248
p 2 8 51 861 6148 329
p 2 0 36 884 349 235
p 2 5 57 858 6961 325
p 2 0 41 879 368 239
p 2 6 82 832 8102 371
p 2 0 50 870 401 249
p 2 4 53 863 6469 322
p 2 0 41 879 373 242
p 2 8 47 865 6109 325
i 2 920 0 0 28861 4545
p 2 0 199 721 530 396
p 2 32 144 744 4842 545
p 2 45 96 779 6518 624
p 2 66 99 755 8588 731
p 2 0 71 849 381 273
p 2 0 37 883 265 232
p 2 87 101 732 11500 898
p 2 0 79 841 442 282
p 2 90 160 670 12528 994
p 2 0 111 809 528 308
p 2 47 202 671 10022 838
p 2 0 135 785 602 325
p 2 18 209 693 6698 646
p 2 17 299 604 9097 878
p 2 13 395 512 7634 906
p 2 14 450 456 7507 897
p 2 644 269 7 72304 4363
p 2 19 397 504 4682 741
p 2 280 401 239 49163 2590
p 2 4 458 458 6545 731
p 2 197 500 223 57912 2502
p 2 5 476 439 6369 811
p 2 167 546 207 56938 2464
p 2 14 520 386 7254 921
p 2 201 515 204 55117 2465
p 2 0 409 511 2288 650
p 2 160 501 259 56686 2320
p 2 0 396 524 1658 617
p 2 185 514 221 57910 2473
p 2 0 396 524 1672 611
p 2 242 454 224 49610 2529
p 2 2 368 550 2930 611
p 2 248 447 225 52369 2553
p 2 0 377 543 1514 590
p 2 263 404 253 49480 2522
p 2 0 347 573 1461 563
p 2 252 394 274 53054 2471
p 2 20 363 537 6797 764
p 2 203 482 235 52223 2401
p 2 0 374 546 1464 586
p 2 306 449 165 54051 2881
p 2 0 368 552 1534 586
p 2 284 386 250 52107 2651
p 2 34 413 473 9189 917
p 2 201 509 210 59199 2595
p 2 0 407 513 1683 621
p 2 169 553 198 62765 2558
p 2 0 449 471 1929 679
p 2 178 505 237 56145 2351
p 2 21 443 456 13610 884
p 2 193 531 196 58446 2505
p 2 0 417 503 1695 633
p 2 185 540 195 64727 2571
p 2 0 435 485 1837 651
p 2 174 499 247 60025 2384
p 2 37 452 431 17209 1033
p 2 210 481 229 56345 2509
p 2 0 400 520 1716 617
p 2 341 362 217 53516 2864
p 2 0 349 571 1411 558
p 2 318 357 245 52186 2716
p 2 12 385 523 9070 708
p 2 231 455 234 59308 2596
p 2 0 364 556 1510 582
p 2 197 518 205 62207 2588
p 2 0 427 493 1790 647
p 2 202 475 243 55443 2398
p 2 19 401 500 11219 844
p 2 223 456 241 53388 2430
p 2 0 374 546 1475 579
p 2 261 473 186 62887 2831
p 2 0 399 521 1596 607
p 2 219 447 254 56180 2525
p 2 16 422 482 7932 851
p 2 213 481 226 57964 2504
p 2 0 368 552 1559 590
p 2 207 472 241 57013 2452
p 2 0 385 535 1606 601
p 2 171 472 277 58428 2334
p 2 4 388 528 5955 694
p 2 261 404 255 47211 2420
p 2 0 339 581 1424 557
p 2 311 390 219 52178 2730
p 2 0 359 561 1372 570
p 2 226 472 222 59955 2623
p 2 0 413 507 2311 644
p 2 216 449 255 54636 2505
p 2 0 404 516 1579 616
p 2 305 450 165 48835 2739
p 2 0 392 528 1556 599
p 2 271 453 196 52607 2603
p 2 0 417 503 1657 628
p 2 138 571 211 46416 2176
p 2 11 483 426 5367 813
p 2 144 432 344 36761 1899
p 2 10 430 480 5993 776
p 2 78 426 416 26589 1446
p 2 3 381 536 5063 660
p 2 59 436 425 18981 1202
p 2 7 344 569 5566 652
p 2 69 366 485 13780 1093
p 2 22 275 623 5822 659
p 2 54 305 561 9651 904
p 2 12 292 616 5402 640
p 2 8 329 583 4973 665
p 2 0 260 660 1003 459
p 2 5 242 673 10450 529
p 2 0 131 789 556 323
p 2 0 121 799 442 305
p 2 5 174 741 10434 462
p 2 0 214 706 877 407
p 2 0 142 778 522 325
p 2 1 279 640 10801 537
p 2 0 139 781 644 333
p 2 0 155 765 522 334
p 2 1 215 704 12185 495
p 2 0 202 718 822 393
p 2 0 66 854 325 253
p 2 0 70 850 1835 267
p 2 0 49 871 322 241
p 2 0 62 858 335 249
p 2 0 45 875 1736 244
p 2 0 53 867 352 243
p 2 0 39 881 288 230
p 2 0 58 862 1867 258
p 2 0 45 875 327 237
p 2 0 32 888 265 222
p 2 0 31 889 1551 227
p 2 0 20 900 265 215
p 2 0 19 901 238 213
p 2 0 17 903 233 212
p 2 0 12 908 222 206
p 2 0 16 904 226 209
p 2 6 108 806 14076 472
p 2 0 97 823 594 297
p 2 0 46 874 305 238
p 2 3 154 763 13446 477
p 2 0 116 804 644 315
p 2 0 65 855 345 254
p 2 6 146 768 11983 458
p 2 0 108 812 604 306
p 2 0 52 868 333 244
p 2 1 163 756 13323 455
p 2 0 121 799 685 325
p 2 0 73 847 392 265
p 2 0 54 866 2101 256
p 2 0 65 855 369 254
p 2 0 33 887 272 224
p 2 0 45 875 2067 249
p 2 0 25 895 279 221
p 2 0 20 900 246 214
p 2 0 26 894 2076 234
p 2 0 28 892 295 223
p 2 0 9 911 220 205
p 2 0 23 897 2016 229
p 2 0 15 905 251 211
p 2 0 7 913 219 203
p 2 0 20 900 1884 225
p 2 0 29 891 282 222
p 2 0 7 913 219 203
p 2 0 42 878 2040 245
p 2 0 32 888 290 224
p 2 0 10 910 217 204
p 2 0 25 895 2071 229
p 2 0 16 904 246 211
p 2 0 12 908 234 207
p 2 0 27 893 2020 233
p 2 0 17 903 267 212
p 2 16 147 757 18341 621
p 2 0 108 812 610 308
p 2 2 156 762 17250 524
p 2 0 146 774 756 350
p 2 10 148 762 18030 567
p 2 0 120 800 713 328
p 2 6 141 773 17124 521
p 2 0 123 797 689 328
p 2 8 128 784 15888 505
p 2 0 95 825 590 296
p 2 7 132 781 16034 512
p 2 0 114 806 614 311
p 2 13 126 781 18581 556
p 2 0 109 811 608 311
p 2 9 132 779 16713 528
p 2 0 108 812 625 311
p 2 4 137 779 16690 511
p 2 0 105 815 647 309
p 2 16 130 774 18543 573
p 2 0 108 812 584 308
p 2 7 117 796 16486 496
p 2 0 90 830 585 295
p 2 22 108 790 18050 594
p 2 0 96 824 576 297
p 2 12 120 788 18713 542
p 2 0 94 826 592 299
p 2 7 127 786 16840 508
p 2 0 100 820 605 300
p 2 4 127 789 16659 500
p 2 0 91 829 579 291
p 2 17 109 794 18275 557
p 2 0 83 837 546 284
p 2 8 109 803 16469 497
p 2 0 92 828 613 294
p 2 23 104 793 18022 603
p 2 0 83 837 524 285
p 2 12 117 791 18695 538
p 2 0 95 825 618 299
p 2 7 122 791 16813 499
i 2 920 0 0 77477 4753
p 2 0 80 840 324 270
p 2 0 9 911 213 204
p 2 0 7 913 203 203
p 2 0 2 918 200 199
p 2 0 4 916 202 200
p 2 0 0 920 197 197
p 2 0 3 917 199 199
p 2 0 0 920 197 197
p 2 0 9 911 211 204
p 2 0 0 920 197 197
p 2 0 1 919 199 199
p 2 0 2 918 199 198
p 2 14 59 847 7362 383
p 2 0 43 877 338 238
p 2 22 46 852 10619 465
p 2 0 44 876 367 241
p 2 33 89 798 12748 577
p 2 0 69 851 434 263
p 2 41 64 815 13836 614
p 2 0 52 868 414 250
p 2 46 91 783 14180 659
p 2 0 90 830 480 281
p 2 0 69 851 344 257
p 2 36 116 768 14515 643
p 2 0 78 842 504 277
p 2 0 60 860 340 248
p 2 39 96 785 15152 655
p 2 0 62 858 426 260
p 2 0 19 901 250 212
p 2 32 94 794 15831 615
p 2 0 89 831 500 284
p 2 0 43 877 292 233
p 2 33 79 808 16203 617
p 2 0 85 835 499 281
p 2 0 51 869 320 241
p 2 0 53 867 451 243
p 2 0 52 868 315 241
p 2 0 27 893 270 221
p 2 0 23 897 379 217
p 2 0 20 900 244 214
p 2 0 14 906 223 209
p 2 0 20 900 370 214
p 2 0 19 901 243 212
p 2 0 20 900 238 214
p 2 0 9 911 337 204
p 2 0 8 912 216 203
p 2 0 14 906 225 208
p 2 0 47 873 430 237
p 2 0 33 887 279 225
p 2 0 24 896 255 216
p 2 0 25 895 371 216
p 2 0 29 891 265 221
p 2 0 12 908 224 207
p 2 0 25 895 367 219
p 2 0 3 917 200 199
p 2 0 14 906 224 206
p 2 0 11 909 221 204
p 2 0 5 915 211 201
p 2 0 0 920 197 197
p 2 0 2 918 201 199
p 2 0 1 919 199 198
p 2 0 3 917 202 200
p 2 0 8 912 347 203
p 2 0 6 914 213 201
p 2 0 0 920 197 197
p 2 0 4 916 322 201
p 2 0 6 914 210 202
p 2 0 7 913 210 202
p 2 0 13 907 343 208
p 2 0 4 916 208 200
p 2 0 4 916 206 201
p 2 0 9 911 347 204
p 2 0 7 913 212 203
p 2 0 3 917 200 198
p 2 0 7 913 344 204
p 2 0 12 908 219 206
p 2 0 16 904 228 209
p 2 0 7 913 325 202
p 2 0 2 918 203 199
p 2 0 1 919 198 198
p 2 0 3 917 319 199
p 2 0 11 909 224 207
p 2 0 5 915 207 201
p 2 0 9 911 352 204
p 2 0 4 916 205 200
p 2 0 1 919 198 198
p 2 0 5 915 338 201
p 2 0 5 915 211 201
p 2 0 5 915 212 201
p 2 0 4 916 320 200
p 2 0 1 919 200 198
p 2 0 0 920 197 197
p 2 0 3 917 317 200
p 2 0 3 917 201 199
p 2 0 4 916 205 201
p 2 0 3 917 204 200
p 2 0 2 918 201 199
p 2 0 1 919 200 198
p 2 0 8 912 330 204
p 2 0 5 915 208 201
p 2 0 7 913 208 201
p 2 0 8 912 325 205
p 2 0 10 910 216 205
p 2 0 7 913 210 201
p 2 0 0 920 197 197
p 2 0 2 918 203 200
p 2 0 3 917 200 198
p 2 0 4 916 209 201
p 2 0 2 918 201 199
p 2 0 0 920 197 197
p 2 0 4 916 341 201
p 2 0 2 918 201 198
p 2 0 1 919 199 198
p 2 0 3 917 324 200
p 2 0 3 917 203 199
p 2 0 2 918 203 199
p 2 0 4 916 322 201
p 2 0 0 920 197 197
p 2 0 1 919 199 198
p 2 0 5 915 342 201
p 2 0 2 918 203 199
p 2 0 1 919 198 198
p 2 0 7 913 342 204
p 2 0 15 905 230 209
p 2 0 6 914 209 201
p 2 120 67 733 14278 1005
p 2 0 84 836 452 276
p 2 0 63 857 353 253
p 2 0 47 873 435 238
p 2 0 38 882 282 228
p 2 0 19 901 241 213
p 2 0 22 898 380 215
p 2 0 20 900 235 212
p 2 0 12 908 231 207
p 2 0 14 906 365 207
p 2 0 40 880 305 230
p 2 0 20 900 248 213
p 2 107 82 731 10225 851
p 2 0 70 850 400 262
p 2 0 77 843 382 265
p 2 0 25 895 368 216
p 2 0 29 891 256 220
p 2 0 28 892 260 220
p 2 0 100 820 591 289
p 2 0 55 865 322 242
p 2 0 19 901 240 211
p 2 0 54 866 459 243
p 2 0 56 864 347 246
p 2 0 67 853 369 255
p 2 0 39 881 414 228
p 2 0 14 906 230 207
p 2 0 16 904 236 211
p 2 0 17 903 351 211
p 2 0 18 902 235 212
p 2 0 10 910 222 205
p 2 0 14 906 366 208
p 2 0 9 911 222 205
p 2 0 6 914 213 201
p 2 0 9 911 351 204
p 2 0 7 913 216 203
p 2 0 11 909 216 205
p 2 0 5 915 333 202
p 2 0 6 914 210 202
p 2 0 8 912 223 203
p 2 0 8 912 333 204
p 2 0 6 914 212 202
p 2 0 2 918 204 199
p 2 0 11 909 363 206
p 2 0 8 912 219 204
p 2 0 8 912 217 203
p 2 0 9 911 336 203
p 2 0 15 905 232 208
p 2 0 12 908 227 207
p 2 0 9 911 337 204
p 2 0 8 912 219 203
p 2 0 3 917 205 200
p 2 0 7 913 348 203
p 2 0 4 916 203 199
p 2 0 4 916 210 201
p 2 0 6 914 348 203
p 2 0 6 914 212 201
p 2 0 5 915 211 200
p 2 0 4 916 328 200
p 2 0 5 915 212 203
p 2 0 2 918 206 200
p 2 0 6 914 328 202
p 2 0 4 916 209 200
p 2 0 3 917 207 200
p 2 0 6 914 347 201
p 2 0 4 916 208 200
p 2 0 3 917 206 200
p 2 0 5 915 342 201
p 2 0 5 915 212 202
p 2 0 4 916 210 201
p 2 0 11 909 340 205
p 2 0 4 916 208 200
p 2 0 4 916 208 201
p 2 0 7 913 331 204
p 2 0 9 911 220 204
p 2 0 2 918 204 199
p 2 0 8 912 352 203
p 2 0 4 916 212 201
p 2 0 5 915 207 201
p 2 0 3 917 337 199
p 2 0 1 919 199 198
p 2 0 1 919 200 198
p 2 0 5 915 328 201
p 2 0 3 917 207 200
p 2 0 0 920 197 197
p 2 0 2 918 320 199
p 2 0 0 920 197 197
p 2 0 1 919 198 198
p 2 0 3 917 338 201
p 2 0 3 917 205 200
p 2 0 1 919 199 198
p 2 0 3 917 334 200
p 2 0 1 919 198 198
p 2 0 0 920 197 197
p 2 0 1 919 200 198
p 2 0 1 919 200 198
p 2 0 5 915 206 201
p 2 13 213 694 26759 826
p 2 0 165 755 888 375
p 2 13 226 681 26321 857
p 2 0 179 741 1072 386
p 2 16 232 672 26534 875
p 2 0 173 747 928 392
p 2 21 233 666 26239 926
p 2 0 182 738 966 390
p 2 0 217 703 10022 551
p 2 0 128 792 1120 329
p 2 0 190 730 10796 538
p 2 0 145 775 721 340
p 2 236 320 364 21749 1765
p 2 0 205 715 854 431
p 2 197 336 387 43025 1978
p 2 0 307 613 1321 537
p 2 76 465 379 36675 1534
p 2 0 301 619 1419 526
p 2 34 363 523 14400 959
p 2 0 156 764 793 368
p 2 2 227 691 5958 500
p 2 0 196 724 1161 393
p 2 1 177 742 2585 400
p 2 0 146 774 649 339
p 2 0 128 792 1540 331
p 2 0 59 861 348 250
p 2 0 50 870 310 241
p 2 0 43 877 875 238
p 2 0 565 355 2725 820
p 2 0 148 772 636 337
p 2 0 59 861 893 254
p 2 0 18 902 248 212
p 2 0 16 904 234 210
p 2 0 14 906 807 217
p 2 0 67 853 365 258
p 2 0 48 872 311 240
p 2 0 36 884 698 232
p 2 0 32 888 279 225
p 2 0 44 876 294 234
p 2 0 27 893 691 221
p 2 0 23 897 262 218
p 2 0 24 896 258 218
p 2 0 36 884 271 226
p 2 0 14 906 227 209
p 2 43 108 769 17067 707
p 2 0 90 830 532 287
p 2 53 107 760 16615 765
p 2 0 83 837 487 285
p 2 44 125 751 18831 745
p 2 0 118 802 608 316
p 2 47 116 757 19225 771
p 2 0 79 841 494 280
p 2 66 120 734 20901 872
p 2 0 103 817 547 302
p 2 63 131 726 21045 860
p 2 0 123 797 658 318
p 2 201 372 347 59108 2317
p 2 0 262 658 1180 475
p 2 121 379 420 55686 1902
p 2 0 279 641 1358 495
p 2 121 400 399 62025 1963
p 2 0 292 628 1367 510
p 2 0 138 782 539 325
p 2 0 82 838 634 272
p 2 0 173 747 695 356
p 2 0 90 830 429 279
p 2 0 106 814 728 298
p 2 0 28 892 281 223
p 2 0 51 869 334 238
p 2 0 45 875 534 237
p 2 0 52 868 343 243
p 2 0 24 896 253 216
p 2 0 37 883 534 229
p 2 0 37 883 306 230
p 2 0 52 868 343 242
p 2 0 44 876 522 238
p 2 0 25 895 262 217
p 2 0 9 911 222 205
p 2 0 17 903 477 212
p 2 0 6 914 216 204
p 2 0 75 845 397 263
p 2 0 50 870 555 245
p 2 0 41 879 304 232
p 2 0 41 879 305 233
p 2 0 21 899 474 217
p 2 0 16 904 240 211
p 2 0 22 898 260 216
p 2 0 6 914 213 202
p 2 0 7 913 217 204
p 2 0 6 914 211 203
p 2 10 18 892 2308 290
p 2 23 40 857 4380 425
p 2 36 68 816 5525 560
p 2 39 90 791 8555 676
p 2 57 109 754 10626 844
p 2 48 147 725 11944 892
p 2 6 235 679 9049 769
p 2 6 260 654 9332 780
p 2 7 286 627 8757 802
p 2 6 311 603 9425 819
p 2 11 341 568 9952 869
p 2 6 358 556 11251 918
p 2 33 597 290 52885 1545
p 2 0 434 486 1766 657
p 2 0 254 666 766 436
p 2 25 535 360 54730 1469
p 2 0 426 494 1814 642
p 2 0 198 722 653 378
p 2 34 480 406 54387 1451
p 2 0 365 555 1624 588
p 2 0 176 744 631 367
p 2 33 441 446 53858 1381
p 2 0 425 495 2269 676
p 2 0 176 744 682 364
p 2 0 160 760 667 347
p 2 0 142 778 649 331
p 2 0 155 765 679 346
p 2 0 51 869 320 240
p 2 0 103 817 472 290
p 2 0 76 844 404 267
p 2 0 108 812 538 299
p 2 0 72 848 392 260
p 2 0 56 864 350 245
p 2 0 20 900 237 213
p 2 0 24 896 247 215
p 2 0 19 901 250 214
p 2 2 67 851 698 277
p 2 0 50 870 327 242
p 2 0 93 827 618 288
p 2 0 35 885 275 225
p 2 1 61 858 480 260
p 2 0 58 862 355 248
p 2 2 51 867 701 256
p 2 0 18 902 236 211
p 2 0 35 885 496 230
p 2 0 20 900 246 213
p 2 0 47 873 516 243
p 2 0 15 905 232 210
p 2 1 25 894 397 230
p 2 0 11 909 229 206
p 2 2 31 887 650 240
p 2 0 21 899 263 215
p 2 0 30 890 484 225
p 2 0 5 915 212 202
p 2 0 19 901 442 219
p 2 0 9 911 214 205
p 2 0 23 897 448 221
p 2 0 9 911 219 203
p 2 1 16 903 372 220
p 2 0 2 918 209 200
p 2 2 9 909 517 219
p 2 0 2 918 200 198
p 2 0 27 893 447 224
p 2 0 7 913 215 203
p 2 0 23 897 444 221
p 2 0 10 910 221 205
p 2 0 42 878 489 238
p 2 0 13 907 232 208
p 2 1 20 899 387 224
p 2 0 13 907 219 206
p 2 2 26 892 655 236
p 2 0 17 903 252 212
p 2 0 29 891 468 225
p 2 0 9 911 220 203
p 2 0 18 902 439 218
p 2 0 4 916 209 201
p 2 1 18 901 395 223
p 2 0 6 914 210 202
p 2 2 15 903 609 225
p 2 0 4 916 210 200
p 2 0 15 905 433 214
p 2 0 7 913 216 204
p 2 0 17 903 438 217
p 2 0 8 912 216 206
p 2 0 17 903 433 217
p 2 0 8 912 225 206
p 2 1 15 904 371 219
p 2 0 3 917 203 200
p 2 2 10 908 520 220
p 2 0 4 916 204 201
p 2 0 24 896 432 223
p 2 0 12 908 226 207
p 2 0 22 898 445 220
p 2 0 3 917 208 199
p 2 0 17 903 427 218
p 2 0 8 912 220 203
p 2 1 14 905 373 221
p 2 0 7 913 206 202
p 2 2 10 908 594 221
p 2 0 3 917 210 201
p 2 0 17 903 435 216
p 2 0 3 917 210 200
p 2 0 19 901 442 217
p 2 0 6 914 209 202
p 2 1 15 904 372 220
p 2 0 5 915 210 202
p 2 2 10 908 593 218
p 2 0 5 915 215 201
p 2 0 17 903 444 216
p 2 0 6 914 217 203
p 2 0 18 902 441 217
p 2 0 5 915 208 201
p 2 0 1 919 198 198
p 2 0 1 919 198 198
p 2 0 1 919 200 198
p 2 0 0 920 197 197
p 2 0 16 904 432 216
p 2 0 6 914 213 202
p 2 1 13 906 372 219
i 2 920 0 0 47772 3904
p 2 0 137 783 406 327
p 2 51 272 597 20803 1070
p 2 0 160 760 789 371
p 2 76 254 590 26809 1263
p 2 0 166 754 790 372
p 2 67 266 587 30084 1261
p 2 0 203 717 1004 429
p 2 69 279 572 37753 1372
p 2 0 228 692 1099 451
p 2 135 298 487 44371 1775
p 2 0 253 667 1100 465
p 2 94 366 460 47122 1717
p 2 0 275 645 1236 504
p 2 155 392 373 51506 2068
p 2 0 321 599 1388 570
p 2 40 477 403 31965 1282
p 2 0 320 600 1333 522
p 2 20 418 482 28069 1037
p 2 0 310 610 1235 510
p 2 0 193 727 717 380
p 2 0 140 780 1340 337
p 2 0 132 788 535 317
p 2 0 43 877 289 233
p 2 1 41 878 1028 249
p 2 0 38 882 289 231
p 2 0 70 850 387 259
p 2 2 50 868 843 262
p 2 0 40 880 279 229
p 2 0 36 884 271 227
p 2 4 58 858 1235 278
p 2 0 26 894 266 221
p 2 0 21 899 248 214
p 2 0 25 895 1047 231
p 2 0 77 843 406 267
p 2 0 29 891 253 221
p 2 1 39 880 1024 248
p 2 0 33 887 278 224
p 2 0 39 881 309 232
p 2 2 29 889 800 244
p 2 0 25 895 260 219
p 2 0 19 901 243 213
p 2 4 36 880 1172 258
p 2 0 24 896 267 218
p 2 0 17 903 237 212
p 2 0 18 902 1030 224
p 2 0 23 897 262 218
p 2 0 8 912 214 204
p 2 1 13 906 968 225
p 2 0 11 909 243 209
p 2 0 10 910 222 205
p 2 0 7 913 213 203
p 2 0 3 917 204 199
p 2 0 2 918 201 199
p 2 0 19 901 1014 225
p 2 0 17 903 257 214
p 2 0 12 908 233 207
p 2 2 18 900 583 232
p 2 0 10 910 223 205
p 2 0 7 913 213 203
p 2 0 9 911 222 205
p 2 0 5 915 210 201
p 2 0 12 908 223 206
p 2 0 8 912 216 203
p 2 0 3 917 205 200
p 2 0 2 918 205 199
p 2 4 13 903 1103 235
p 2 0 11 909 227 206
p 2 0 14 906 232 208
p 2 0 14 906 992 222
p 2 0 9 911 229 206
p 2 0 4 916 207 201
p 2 1 9 910 954 221
p 2 0 11 909 243 207
p 2 0 6 914 211 201
p 2 2 9 909 749 226
p 2 0 8 912 216 204
p 2 0 4 916 214 201
p 2 4 9 907 1092 234
p 2 0 6 914 220 202
p 2 0 2 918 201 198
p 2 0 12 908 1004 219
p 2 0 7 913 217 204
p 2 0 5 915 208 201
p 2 1 12 907 956 223
p 2 0 7 913 231 204
p 2 0 6 914 214 202
p 2 2 8 910 746 226
p 2 0 3 917 205 200
p 2 0 1 919 199 198
p 2 4 7 909 1075 232
p 2 0 5 915 216 201
p 2 0 3 917 203 200
p 2 0 12 908 1009 219
p 2 0 6 914 214 202
p 2 0 1 919 199 199
p 2 2 6 912 568 223
p 2 0 5 915 212 201
p 2 0 1 919 200 198
p 2 0 0 920 197 197
p 2 0 0 920 197 197
p 2 4 6 910 1071 231
p 2 0 6 914 224 203
p 2 0 3 917 206 200
p 2 56 411 453 37389 1388
p 2 0 287 633 1292 527
p 2 68 402 450 37675 1406
p 2 0 307 613 1356 541
p 2 70 391 459 37003 1411
p 2 0 285 635 1221 495
p 2 68 360 492 34697 1342
p 2 0 277 643 1158 489
p 2 71 339 510 39813 1394
p 2 0 261 659 1166 475
p 2 52 359 509 36897 1255
p 2 0 265 655 1224 475
p 2 55 348 517 37394 1286
p 2 0 258 662 1154 468
p 2 2 150 768 1273 357
p 2 0 79 841 414 268
p 2 1 67 852 771 275
p 2 0 30 890 286 225
p 2 141 307 472 39754 1795
p 2 0 252 668 1078 486
p 2 16 367 537 24728 989
p 2 0 255 665 1066 467
p 2 16 381 523 27305 1020
p 2 0 289 631 1218 503
p 2 62 365 493 39737 1438
p 2 0 283 637 1298 526
p 2 92 382 446 40524 1672
p 2 0 322 598 1312 545
p 2 75 384 461 39088 1569
p 2 0 277 643 1216 504
p 2 0 112 808 443 303
p 2 63 337 520 36442 1343
p 2 0 276 644 1190 492
p 2 65 325 530 39413 1468
p 2 0 246 674 1036 468
p 2 73 357 490 43138 1585
p 2 0 253 667 1142 487
p 2 0 119 801 477 312
p 2 0 125 795 514 315
i 2 920 0 0 66388 5060
p 2 169 192 559 27101 1536
p 2 147 346 427 45837 1847
p 2 83 393 444 35542 1605
p 2 22 479 419 35906 1271
p 2 0 443 477 16861 884
p 2 0 289 631 1247 501
p 2 0 203 717 1076 393
p 2 0 73 847 382 261
p 2 0 68 852 363 255
p 2 0 52 868 616 244
p 2 0 146 774 637 338
p 2 0 38 882 298 229
p 2 0 69 851 646 260
p 2 0 53 867 355 243
p 2 0 81 839 419 270
p 2 0 34 886 668 229
p 2 0 34 886 293 227
p 2 0 35 885 302 228
p 2 0 37 883 572 233
p 2 0 17 903 247 213
p 2 0 5 915 213 201
p 2 0 17 903 531 210
p 2 0 15 905 245 209
p 2 0 68 852 370 260
p 2 0 45 875 597 237
p 2 0 21 899 254 215
p 2 0 23 897 251 217
p 2 0 44 876 649 239
p 2 0 25 895 265 219
p 2 0 21 899 245 214
p 2 0 16 904 237 210
p 2 0 21 899 252 217
p 2 0 9 911 219 204
p 2 0 9 911 497 206
p 2 0 15 905 237 210
p 2 0 18 902 242 210
p 2 0 9 911 435 207
p 2 0 4 916 212 201
p 2 0 4 916 208 201
p 2 0 12 908 601 209
p 2 0 4 916 213 200
p 2 0 2 918 202 199
p 2 0 3 917 482 201
p 2 0 18 902 250 213
p 2 0 17 903 243 212
p 2 0 18 902 549 215
p 2 0 8 912 216 202
p 2 0 4 916 208 201
p 2 0 4 916 477 203
p 2 0 7 913 218 202
p 2 0 5 915 208 201
p 2 0 8 912 596 206
p 2 0 4 916 209 200
p 2 0 2 918 202 199
p 2 0 6 914 482 205
p 2 0 7 913 218 202
p 2 0 3 917 205 200
p 2 0 3 917 501 201
p 2 0 6 914 212 201
p 2 0 5 915 207 201
p 2 0 3 917 478 202
p 2 0 4 916 210 199
p 2 0 2 918 206 200
p 2 0 12 908 616 209
p 2 0 3 917 212 200
p 2 0 3 917 203 199
p 2 0 4 916 482 203
p 2 0 4 916 212 201
p 2 0 2 918 201 199
p 2 0 4 916 508 202
p 2 0 3 917 210 201
p 2 0 8 912 215 203
p 2 0 6 914 483 205
p 2 0 6 914 213 202
p 2 0 5 915 209 201
p 2 0 7 913 581 204
p 2 0 3 917 209 200
p 2 0 2 918 200 199
p 2 0 2 918 472 200
p 2 0 2 918 206 200
p 2 0 4 916 206 201
p 2 0 3 917 405 202
p 2 0 2 918 204 199
p 2 0 2 918 201 199
p 2 0 4 916 575 203
p 2 0 2 918 206 199
p 2 0 1 919 199 198
p 2 0 3 917 202 199
p 2 0 1 919 199 198
p 2 0 1 919 199 198
p 2 0 2 918 201 198
p 2 0 7 913 212 202
p 2 0 4 916 206 200
p 2 11 177 732 18356 697
p 2 0 131 789 743 338
p 2 3 205 712 16815 647
p 2 0 149 771 1031 368
p 2 13 207 700 18231 706
p 2 0 162 758 877 375
p 2 1 204 715 15106 576
p 2 0 146 774 818 357
p 2 10 80 830 2012 361
p 2 1 102 817 5820 399
p 2 0 93 827 479 288
p 2 0 40 880 296 234
p 2 0 110 810 5835 388
p 2 0 67 853 399 264
p 2 0 42 878 509 239
p 2 1 86 833 5374 367
p 2 0 87 833 489 287
p 2 0 31 889 267 226
p 2 0 69 851 4214 329
p 2 0 69 851 443 269
p 2 0 41 879 291 232
p 2 0 79 841 4240 339
p 2 0 49 871 407 252
p 2 0 16 904 249 212
p 2 1 71 848 5882 373
p 2 0 53 867 387 250
p 2 0 26 894 263 219
p 2 2 64 854 6021 354
p 2 0 51 869 367 249
p 2 0 21 899 247 216
p 2 4 67 849 5765 360
p 2 0 50 870 372 249
p 2 0 19 901 242 214
p 2 1 68 851 5485 346
p 2 0 49 871 391 250
p 2 0 16 904 234 211
p 2 4 60 856 5175 355
p 2 0 46 874 404 252
p 2 0 12 908 225 209
p 2 2 60 858 5740 359
i 2 920 0 0 88579 5043
p 2 0 130 790 389 317
p 2 0 54 866 254 247
p 2 0 35 885 239 229
p 2 0 28 892 227 222
p 2 0 19 901 220 214
p 2 0 10 910 207 205
p 2 0 10 910 207 205
p 2 0 7 913 203 203
p 2 0 3 917 202 200
p 2 0 1 919 199 198
p 2 0 8 912 209 205
p 2 0 3 917 201 200
p 2 0 0 920 197 197
p 2 0 3 917 202 200
p 2 0 9 911 210 204
p 2 0 4 916 200 200
p 2 0 0 920 197 197
p 2 0 2 918 198 198
p 2 0 1 919 199 198
p 2 0 3 917 200 198
p 2 0 6 914 205 202
p 2 0 7 913 205 203
p 2 0 3 917 201 200
p 2 0 9 911 207 203
p 2 0 5 915 202 202
p 2 0 4 916 203 201
p 2 0 0 920 197 197
p 2 0 0 920 197 197
p 2 0 0 920 197 197
p 2 0 1 919 200 198
p 2 0 1 919 199 198
p 2 0 2 918 201 199
p 2 0 3 917 202 199
p 2 0 1 919 198 198
p 2 0 1 919 198 198
p 2 0 1 919 199 198
p 2 0 0 920 197 197
p 2 0 0 920 197 197
p 2 0 6 914 203 201
p 2 0 1 919 198 198
i 2 920 0 0 38299 4532
p 2 331 589 0 39635 3945
p 2 225 695 0 28355 3377
p 2 154 766 0 19912 2994
p 2 95 825 0 15073 2657
p 2 39 880 1 11345 2399
p 2 365 555 0 30790 3564
p 2 0 619 301 1272 827
p 2 0 498 422 751 625
p 2 0 354 566 552 496
p 2 0 361 559 565 513
p 2 0 353 567 585 508
p 2 0 337 583 509 481
p 2 0 238 682 438 404
p 2 0 265 655 456 415
p 2 0 188 732 390 354
p 2 0 191 729 362 347
p 2 0 155 765 331 315
p 2 0 180 740 355 336
p 2 0 160 760 324 315
p 2 0 125 795 293 290
p 2 0 86 834 266 260
p 2 0 51 869 240 236
p 2 0 56 864 240 238
p 2 0 118 802 297 284
p 2 0 127 793 309 292
p 2 0 80 840 262 253
p 2 0 48 872 242 231
p 2 0 14 906 218 209
p 2 0 20 900 216 212
p 2 0 37 883 227 225
p 2 0 6 914 201 201
p 2 0 10 910 216 205
p 2 69 851 0 13312 2289
p 2 57 863 0 16290 2330
p 2 60 860 0 17091 2322
p 2 86 834 0 19970 2462
p 2 68 852 0 18168 2340
p 2 80 840 0 18599 2356
p 2 92 828 0 23438 2504
p 2 84 836 0 19567 2385
p 2 85 835 0 19734 2329
p 2 115 805 0 25627 2621
p 2 111 809 0 18844 2393
p 2 134 786 0 18909 2454
p 2 207 713 0 22378 2618
p 2 0 675 245 2359 967
p 2 0 421 499 1094 649
p 2 0 652 268 8235 1075
p 2 0 418 502 1095 614
p 2 0 297 623 712 476
p 2 1 509 410 8244 899
p 2 0 388 532 1017 567
p 2 0 226 694 527 400
p 2 1 448 471 7860 838
p 2 0 300 620 841 494
p 2 0 198 722 483 364
p 2 4 384 532 11056 841
p 2 0 279 641 847 478
p 2 0 132 788 388 312
p 2 1 372 547 11213 812
p 2 0 246 674 808 461
p 2 0 114 806 391 297
p 2 3 340 577 11276 790
p 2 0 207 713 732 406
p 2 0 121 799 353 294
p 2 1 316 603 10286 811
p 2 354 498 68 23167 2660
i 2 920 0 0 29895 3862
p 2 422 494 4 30737 3799
p 2 455 465 0 34018 3997
p 2 446 474 0 39005 4145
p 2 340 579 1 84998 4011
p 2 0 492 428 2224 787
p 2 0 129 791 494 333
p 2 0 161 759 569 353
p 2 0 89 831 696 289
p 2 0 81 839 356 273
p 2 0 50 870 281 241
p 2 0 100 820 701 292
p 2 0 35 885 266 228
p 2 0 43 877 276 233
p 2 0 44 876 664 234
p 2 0 86 834 440 277
p 2 0 74 846 372 261
p 2 0 64 856 627 255
p 2 0 26 894 275 221
p 2 0 29 891 270 221
p 2 0 23 897 549 216
p 2 0 38 882 314 232
p 2 0 13 907 226 208
p 2 0 7 913 484 206
p 2 0 14 906 235 209
p 2 0 9 911 217 203
p 2 0 40 880 662 231
p 2 0 19 901 244 213
p 2 0 17 903 237 212
p 2 0 8 912 482 206
p 2 0 7 913 221 204
p 2 0 24 896 251 217
p 2 0 8 912 519 205
p 2 0 8 912 230 206
p 2 0 10 910 225 206
p 2 0 12 908 232 206
p 2 0 8 912 215 204
p 2 0 5 915 210 200
p 2 0 4 916 204 201
p 2 0 4 916 487 202
p 2 0 2 918 207 199
p 2 81 305 534 39168 1461
p 2 0 224 696 1040 441
p 2 25 327 568 31993 1084
p 2 0 234 686 1150 452
p 2 31 313 576 33786 1124
p 2 0 310 610 7251 593
p 2 195 282 443 45652 2082
p 2 4 403 513 20802 912
p 2 54 370 496 30909 1342
p 2 5 339 576 20836 883
p 2 37 365 518 35651 1259
p 2 4 363 553 20719 887
p 2 10 335 575 24011 955
p 2 6 309 605 22882 878
p 2 55 321 544 33831 1323
p 2 7 328 585 23334 906
p 2 7 309 604 24422 899
p 2 3 334 583 21334 850
p 2 9 316 595 26535 949
p 2 5 301 614 23293 848
p 2 9 314 597 27160 949
p 2 6 317 597 23270 870
p 2 10 322 588 23081 945
p 2 10 283 627 24354 873
p 2 10 274 636 23757 899
p 2 7 299 614 20955 852
p 2 6 307 607 22724 897
p 2 9 297 614 21880 861
p 2 10 266 644 23884 888
p 2 11 262 647 23367 853
p 2 9 272 639 23078 885
p 2 11 274 635 22033 882
p 2 5 266 649 24183 847
p 2 6 265 649 22543 832
p 2 11 246 663 23487 868
p 2 6 264 650 22663 837
p 2 9 267 644 23221 869
p 2 8 260 652 22673 836
p 2 7 250 663 20877 808
p 2 8 258 654 23437 834
p 2 7 255 658 23204 837
p 2 9 259 652 20819 821
p 2 9 251 660 21799 831
p 2 9 260 651 23057 861
p 2 6 259 655 24012 850
p 2 9 264 647 21018 839
p 2 10 246 664 21439 821
i 2 920 0 0 50148 3954
p 2 0 171 749 446 358
p 2 208 295 417 36254 2003
p 2 0 222 698 864 429
p 2 191 306 423 39798 1964
p 2 0 261 659 1039 479
p 2 165 318 437 40432 1888
p 2 0 254 666 960 455
p 2 217 310 393 46072 2227
p 2 0 284 636 1064 495
p 2 112 413 395 48908 1882
p 2 0 309 611 1281 529
p 2 187 407 326 51508 2229
p 2 0 327 593 1281 563
p 2 128 441 351 50684 1911
p 2 0 347 573 1456 567
p 2 128 422 370 45122 1854
p 2 0 343 577 1394 562
p 2 109 390 421 47590 1709
p 2 0 294 626 1257 507
p 2 67 426 427 39697 1464
p 2 0 315 605 1289 523
p 2 60 469 391 37738 1461
p 2 0 310 610 1258 524
p 2 0 195 725 1328 386
p 2 0 104 816 432 290
p 2 1 135 784 801 333
p 2 0 46 874 297 237
p 2 0 83 837 372 269
p 2 0 44 876 287 234
p 2 1 84 835 1010 286
p 2 0 53 867 327 245
p 2 0 33 887 283 227
p 2 1 32 887 935 239
p 2 0 60 860 363 250
p 2 0 21 899 247 215
p 2 0 41 879 918 240
p 2 0 32 888 289 226
p 2 0 50 870 335 241
p 2 2 22 896 837 232
p 2 0 20 900 262 214
p 2 0 23 897 251 216
p 2 1 33 886 673 240
p 2 0 12 908 227 207
p 2 0 7 913 218 203
p 2 2 18 900 1035 231
p 2 0 51 869 318 243
p 2 0 25 895 242 217
p 2 0 34 886 913 235
p 2 0 38 882 303 230
p 2 0 29 891 266 220
p 2 1 27 892 915 231
p 2 0 20 900 245 214
p 2 0 17 903 230 211
p 2 1 28 891 667 236
p 2 0 18 902 237 212
p 2 0 17 903 245 209
p 2 2 15 903 1030 227
p 2 0 20 900 245 213
p 2 0 10 910 218 206
p 2 0 11 909 855 216
p 2 0 18 902 251 213
p 2 0 13 907 222 209
p 2 2 15 903 822 227
p 2 0 7 913 226 204
p 2 0 8 912 212 204
p 2 0 14 906 845 218
p 2 0 20 900 270 214
p 2 0 13 907 226 208
p 2 1 12 907 497 220
p 2 0 18 902 236 211
p 2 0 13 907 224 207
p 2 1 10 909 837 220
p 2 0 11 909 221 207
p 2 0 5 915 207 202
p 2 2 16 902 839 226
p 2 0 8 912 221 205
p 2 0 7 913 217 204
p 2 0 8 912 846 213
p 2 0 8 912 218 204
p 2 0 1 919 199 198
p 2 2 5 913 801 217
p 2 0 5 915 222 202
p 2 0 9 911 850 213
p 2 0 5 915 214 202
p 2 0 5 915 223 202
p 2 2 6 912 811 219
p 2 0 5 915 214 202
p 2 106 340 474 44223 1638
p 2 0 271 649 1211 487
p 2 70 331 519 33338 1307
p 2 0 248 672 1174 482
p 2 26 332 562 27396 1052
p 2 0 242 678 1108 462
p 2 17 372 531 24362 1005
p 2 0 249 671 1075 460
p 2 16 372 532 27611 1023
p 2 0 272 648 1200 493
p 2 59 369 492 39672 1439
p 2 0 273 647 1208 507
p 2 85 399 436 40713 1653
p 2 0 310 610 1340 542
p 2 76 379 465 39262 1559
p 2 0 286 634 1228 501
p 2 0 168 752 599 358
p 2 59 351 510 36890 1335
p 2 0 282 638 1262 502
p 2 68 324 528 39683 1489
p 2 0 242 678 1096 462
p 2 72 345 503 42901 1558
p 2 0 261 659 1201 497
p 2 193 369 358 52911 2276
p 2 0 309 611 1263 537
i 2 920 0 0 70754 4494
p 2 0 110 810 373 298
p 2 0 13 907 212 208
p 2 0 3 917 201 201
p 2 0 7 913 206 204
p 2 0 1 919 198 198
p 2 0 2 918 198 198
p 2 0 0 920 197 197
p 2 0 2 918 198 198
p 2 0 0 920 197 197
p 2 0 1 919 198 198
p 2 0 0 920 197 197
p 2 0 1 919 198 198
p 2 0 0 920 197 197
p 2 0 1 919 198 198
p 2 116 265 539 29522 1560
p 2 0 235 685 1135 436
p 2 0 75 845 384 264
p 2 73 320 527 26584 1332
p 2 0 245 675 1123 446
p 2 0 77 843 406 266
p 2 75 319 526 28273 1396
p 2 0 265 655 1221 469
p 2 0 97 823 441 284
p 2 23 412 485 18292 961
p 2 0 264 656 1131 456
p 2 0 137 783 554 321
p 2 0 48 872 311 240
p 2 0 57 863 321 246
p 2 0 22 898 242 214
p 2 0 17 903 233 210
p 2 0 20 900 239 212
p 2 0 27 893 254 219
p 2 0 11 909 228 206
p 2 0 5 915 207 202
p 2 0 5 915 207 200
p 2 111 282 527 30348 1531
p 2 0 243 677 1182 448
p 2 0 64 856 358 253
p 2 110 282 528 30178 1526
p 2 0 262 658 1249 469
p 2 0 115 805 514 301
p 2 0 48 872 321 238
p 2 0 43 877 300 232
p 2 0 80 840 397 266
p 2 0 18 902 240 212
p 2 0 14 906 230 208
p 2 0 24 896 244 216
p 2 0 187 733 703 370
p 2 0 173 747 638 354
p 2 0 72 848 379 260
p 2 0 49 871 308 239
p 2 0 30 890 261 222
p 2 0 32 888 261 222
p 2 0 27 893 260 217
p 2 0 9 911 217 203
p 2 0 2 918 201 198
p 2 0 1 919 199 198
p 2 0 2 918 201 199
p 2 0 5 915 207 201
p 2 0 11 909 220 206
p 2 0 7 913 211 202
p 2 0 12 908 221 206
p 2 0 8 912 213 203
p 2 0 7 913 210 201
p 2 0 10 910 217 205
p 2 147 253 520 34898 1742
p 2 0 235 685 1119 444
p 2 157 248 515 35525 1736
p 2 0 227 693 1109 434
p 2 160 246 514 36007 1752
p 2 0 224 696 1106 429
p 2 213 293 414 41029 2152
p 2 0 279 641 1209 475
p 2 182 313 425 41878 2048
p 2 0 264 656 1174 468
p 2 140 354 426 44118 1996
p 2 0 315 605 1425 517
p 2 224 295 401 48643 2348
p 2 0 258 662 1219 466
p 2 219 320 381 51497 2345
p 2 0 300 620 1328 505
p 2 177 365 378 40961 1978
p 2 0 310 610 1338 509
p 2 209 336 375 49927 2350
p 2 0 295 625 1408 506
p 2 35 501 384 32607 1324
p 2 0 380 540 1634 579
p 2 109 427 384 47822 1893
p 2 0 346 574 1649 553
p 2 225 327 368 55497 2515
p 2 0 293 627 1425 501
p 2 218 347 355 56559 2501
p 2 0 314 606 1479 525
i 2 920 0 0 62904 4381
p 2 0 80 840 318 267
p 2 301 403 216 39667 2497
p 2 0 331 589 1011 519
p 2 166 627 127 32179 2119
p 2 0 370 550 1019 572
p 2 82 738 100 28470 1812
i 2 920 0 0 74548 5143
p 2 41 872 7 34369 2014
p 2 36 882 2 38305 2057
p 2 40 868 12 38155 2059
p 2 42 868 10 35097 1999
p 2 55 854 11 38491 2117
p 2 56 855 9 40706 2118
p 2 57 856 7 39385 2128
p 2 61 851 8 35744 2144
p 2 50 866 4 38574 2085
p 2 40 870 10 37109 2086
p 2 37 871 12 38672 2070
p 2 48 858 14 36517 2090
p 2 41 870 9 39801 2108
p 2 42 871 7 38395 2087
p 2 25 883 12 35925 1967
p 2 41 870 9 34979 2018
p 2 62 845 13 38720 2139
p 2 58 855 7 39465 2131
p 2 48 863 9 38275 2071
p 2 40 870 10 40885 2110
p 2 39 870 11 36652 2011
p 2 39 873 8 37737 2064
p 2 29 882 9 37809 2038
p 2 31 879 10 38048 2039
p 2 49 860 11 34681 2054
p 2 24 891 5 37680 1949
p 2 24 883 13 36736 1928
p 2 31 884 5 36024 1969
i 2 920 0 0 46305 4427
p 2 54 865 1 33707 2225
p 2 64 856 0 35837 2384
p 2 72 846 2 37993 2446
p 2 60 859 1 43630 2452
p 2 78 842 0 47786 2494
p 2 76 844 0 56352 2519
p 2 79 841 0 61530 2542
p 2 83 836 1 64712 2504
p 2 88 832 0 66981 2596
p 2 66 853 1 62408 2512
p 2 30 890 0 53769 2265
p 2 0 741 179 3153 981
p 2 0 276 644 849 451
p 2 0 90 830 339 275
p 2 0 190 730 694 366
p 2 0 80 840 349 268
p 2 0 78 842 347 263
p 2 0 97 823 421 280
p 2 0 146 774 553 326
p 2 0 70 850 354 255
p 2 0 63 857 382 253
p 2 0 50 870 307 240
p 2 0 144 776 554 325
p 2 0 49 871 374 239
p 2 0 57 863 339 245
p 2 0 66 854 353 258
p 2 0 69 851 441 259
p 2 0 36 884 281 227
p 2 0 46 874 302 236
p 2 0 44 876 337 235
p 2 0 76 844 398 265
p 2 0 38 882 285 228
p 2 0 21 899 275 214
p 2 0 21 899 247 215
p 2 0 136 784 539 317
p 2 0 76 844 442 268
p 2 0 66 854 347 252
p 2 0 62 858 350 252
p 2 0 69 851 412 255
p 2 0 36 884 273 227
p 2 0 40 880 285 231
p 2 0 42 878 320 231
p 2 0 53 867 353 242
p 2 0 45 875 306 236
p 2 0 35 885 307 224
p 2 0 19 901 239 211
p 2 0 18 902 236 212
p 2 0 5 915 207 201
p 2 0 12 908 226 207
p 2 0 12 908 222 204
p 2 0 98 822 2317 300
p 2 0 37 883 300 231
p 2 0 57 863 325 244
p 2 0 66 854 2282 277
p 2 0 65 855 362 254
p 2 0 13 907 226 206
p 2 1 54 865 2089 265
p 2 0 48 872 322 240
p 2 0 138 782 540 323
p 2 0 134 786 1903 332
p 2 0 65 855 376 255
p 2 0 40 880 296 229
p 2 0 79 841 1747 275
p 2 0 40 880 307 233
p 2 0 30 890 268 221
p 2 0 19 901 247 213
p 2 0 32 888 277 222
p 2 0 17 903 240 208
p 2 0 15 905 232 208
p 2 0 13 907 225 207
p 2 0 17 903 238 211
p 2 0 6 914 211 202
p 2 0 5 915 207 201
p 2 0 11 909 220 205
p 2 0 48 872 312 239
p 2 0 25 895 255 215
p 2 0 22 898 251 215
p 2 3 131 786 12182 458
p 2 0 125 795 647 321
p 2 0 78 842 424 269
p 2 1 247 672 10638 532
p 2 0 113 807 611 305
p 2 0 107 813 480 290
p 2 0 264 656 8698 503
p 2 0 166 754 749 357
p 2 0 90 830 451 277
p 2 0 168 752 8729 420
p 2 0 103 817 594 301
p 2 0 58 862 344 246
p 2 14 138 768 14451 573
p 2 0 134 786 648 324
p 2 17 172 731 15737 623
p 2 0 148 772 698 345
p 2 32 125 763 15906 674
p 2 0 86 834 543 286
p 2 36 130 754 15714 683
p 2 0 122 798 597 316
p 2 45 142 733 14606 731
p 2 0 139 781 611 335
p 2 20 125 775 10830 549
p 2 0 168 752 744 367
p 2 30 195 695 23801 750
p 2 0 183 737 876 386
p 2 8 217 695 18805 594
p 2 0 151 769 781 352
p 2 0 146 774 13918 434
p 2 0 120 800 716 324
p 2 0 134 786 14241 424
p 2 0 112 808 683 317
p 2 0 44 876 457 237
p 2 0 22 898 252 214
p 2 0 10 910 325 206
p 2 0 3 917 203 199
p 2 0 5 915 296 202
p 2 0 3 917 207 199
p 2 0 5 915 289 201
p 2 0 3 917 205 199
p 2 0 1 919 200 198
i 2 920 0 0 74497 5161
p 2 1 908 11 22686 1627
p 2 0 910 10 26707 1670
p 2 0 910 10 27991 1675
p 2 0 904 16 26834 1670
p 2 0 906 14 27541 1682
p 2 0 903 17 28124 1691
p 2 0 908 12 27870 1671
p 2 0 904 16 27262 1687
p 2 0 906 14 28615 1686
p 2 0 903 17 27305 1682
p 2 0 909 11 27832 1667
p 2 0 899 21 28705 1686
p 2 0 902 18 28088 1667
p 2 0 900 20 27400 1679
p 2 0 896 24 28042 1674
p 2 0 901 19 27044 1678
p 2 0 893 27 27955 1660
p 2 0 904 16 27670 1688
p 2 0 896 24 26859 1652
p 2 0 893 27 27454 1652
p 2 0 901 19 28867 1663
p 2 0 905 15 26992 1669
p 2 0 909 11 27806 1672
p 2 0 900 20 28242 1647
p 2 0 898 22 27952 1650
p 2 0 902 18 27385 1645
p 2 0 902 18 28738 1680
p 2 0 902 18 27293 1658
p 2 1 903 16 27957 1670
p 2 0 903 17 28427 1662
p 2 0 900 20 27580 1656
p 2 1 899 20 27170 1648
p 2 0 895 25 28931 1651
p 2 0 901 19 27714 1659
p 2 0 897 23 28173 1652
p 2 1 903 16 28670 1677
p 2 1 898 21 28492 1658
p 2 1 904 15 27870 1679
p 2 1 906 13 28819 1681
p 2 0 908 12 27147 1665
p 2 0 905 15 27354 1663
p 2 0 896 24 27255 1662
p 2 0 900 20 26598 1645
p 2 0 909 11 26576 1648
p 2 0 904 16 27351 1645
p 2 0 907 13 26446 1651
p 2 0 906 14 27142 1659
p 2 0 906 14 27843 1660
p 2 0 910 10 27047 1640
p 2 0 905 15 26020 1638
p 2 0 897 23 27115 1630
p 2 0 907 13 26222 1643
p 2 0 907 13 26948 1651
p 2 0 906 14 27076 1655
p 2 0 905 15 26795 1662
p 2 1 900 19 26538 1673
p 2 1 905 14 28254 1677
p 2 1 900 19 26631 1675
p 2 1 903 16 26915 1664
p 2 0 908 12 27679 1670
p 2 0 903 17 27242 1672
p 2 0 905 15 27169 1674
p 2 0 903 17 28078 1677
p 2 0 906 14 27054 1680
p 2 1 901 18 26977 1685
p 2 1 910 9 28487 1706
p 2 0 900 20 26654 1676
p 2 0 903 17 26823 1662
p 2 0 900 20 27644 1673
p 2 2 905 13 27383 1685
p 2 0 908 12 26536 1673
p 2 0 912 8 27833 1681
p 2 0 905 15 26723 1680
p 2 0 911 9 27611 1685
p 2 0 909 11 27717 1685
p 2 0 902 18 27427 1673
i 2 920 0 0 80672 5049
p 2 0 117 803 368 302
p 2 5 166 749 11436 508
p 2 0 102 818 519 301
p 2 4 136 780 10210 440
p 2 0 94 826 557 292
p 2 6 99 815 10893 424
p 2 0 76 844 524 279
p 2 12 88 820 10751 433
p 2 0 73 847 476 271
p 2 6 101 813 11209 455
p 2 0 88 832 563 287
p 2 4 103 813 10076 411
p 2 0 68 852 486 268
p 2 6 100 814 10893 427
p 2 0 68 852 511 272
p 2 11 88 821 10716 435
p 2 0 68 852 473 268
p 2 5 102 813 11224 451
p 2 0 79 841 518 280
p 2 10 220 690 24255 738
p 2 0 160 760 848 368
p 2 29 213 678 26943 862
p 2 0 172 748 878 380
p 2 152 419 349 57894 2237
p 2 0 358 562 1543 588
p 2 14 331 575 25473 899
p 2 73 465 382 29800 1618
p 2 7 472 441 25645 992
p 2 0 277 643 1192 490
p 2 91 502 327 58429 1964
p 2 0 437 483 1909 671
p 2 18 316 586 30902 903
p 2 66 475 379 32588 1546
p 2 5 440 475 12960 838
p 2 0 205 715 843 400
p 2 72 442 406 44019 1635
p 2 0 365 555 1589 588
p 2 8 298 614 11365 641
p 2 42 382 496 31847 1262
p 2 11 384 525 12011 746
p 2 0 241 679 970 442
p 2 59 470 391 44555 1586
p 2 0 327 593 1424 548
p 2 6 214 700 10457 528
p 2 0 157 763 968 361
p 2 8 262 650 11207 591
p 2 0 98 822 565 297
p 2 11 198 711 11749 536
p 2 0 168 752 739 358
p 2 5 167 748 11601 509
p 2 0 110 810 964 310
p 2 6 136 778 10279 451
p 2 0 108 812 599 307
p 2 8 160 752 11384 493
p 2 0 86 834 512 284
p 2 11 128 781 11136 466
p 2 0 107 813 961 310
p 2 5 145 770 11552 488
p 2 0 82 838 517 282
p 2 6 121 793 10515 443
p 2 0 80 840 522 277
p 2 8 132 780 10899 465
p 2 0 85 835 965 290
p 2 11 110 799 11130 451
p 2 0 84 836 514 282
p 2 5 131 784 11848 479
p 2 0 89 831 533 286
p 2 6 112 802 10226 427
p 2 0 69 851 835 268
p 2 8 108 804 10818 446
p 2 0 75 845 498 274
p 2 11 100 809 11040 445
p 2 0 75 845 489 272
p 2 4 107 809 11509 450
p 2 0 83 837 560 286
p 2 6 94 820 10528 416
p 2 0 74 846 541 278
p 2 9 100 811 11100 450
p 2 0 67 853 476 266
p 2 11 83 826 10986 427
p 2 0 71 849 765 274
p 2 5 118 797 11476 466
p 2 0 84 836 527 286
p 2 6 103 811 10480 422
p 2 0 74 846 513 276
p 2 8 98 814 10798 436
p 2 0 72 848 752 275
p 2 12 87 821 11089 431
p 2 0 62 858 462 261
p 2 5 107 808 11751 459
p 2 0 83 837 527 285
p 2 6 94 820 10175 411
p 2 1 73 846 698 280
p 2 8 113 799 10862 449
p 2 0 78 842 497 278
p 2 11 96 813 11368 442
p 2 0 79 841 542 280
p 2 5 108 807 11505 453
p 2 0 80 840 765 280
p 2 6 98 816 10171 414
p 2 0 66 854 502 266
p 2 8 102 810 11101 442
p 2 0 67 853 480 267
p 2 11 84 825 11043 429
p 2 1 68 851 679 275
p 2 4 111 805 11532 453
p 2 0 83 837 534 285
p 2 6 96 818 10489 414
p 2 0 64 856 455 264
p 2 8 94 818 10834 431
p 2 0 75 845 772 277
p 2 11 86 823 10996 428
p 2 0 65 855 478 265
p 2 4 111 805 11788 455
p 2 0 86 834 561 286
p 2 6 95 819 10137 410
p 2 0 68 852 756 271
p 2 8 94 818 10853 431
p 2 0 65 855 489 266
p 2 12 82 826 11198 434
p 2 0 64 856 472 267
p 2 5 107 808 11451 453
p 2 0 82 838 792 283
p 2 6 98 816 10201 417
p 2 0 62 858 456 259
p 2 8 103 809 11081 444
p 2 0 69 851 485 269
p 2 11 81 828 11034 426
p 2 0 69 851 765 270
p 2 5 101 814 11466 450
p 2 0 76 844 488 276
p 2 6 93 821 10459 412
p 2 0 70 850 514 272
p 2 8 97 815 10805 436
p 2 1 62 857 666 270
p 2 11 81 828 11027 426
p 2 0 64 856 495 265
p 2 4 103 813 11800 446
p 2 0 76 844 522 278
p 2 6 92 822 10164 410
p 2 0 63 857 705 265
p 2 8 106 806 10825 446
p 2 0 69 851 482 270
p 2 11 83 826 11273 429
p 2 0 61 859 481 262
p 2 4 103 813 11533 452
p 2 1 82 837 742 289
p 2 6 98 816 10194 418
p 2 0 67 853 484 268
p 2 8 93 819 11169 434
p 2 0 69 851 452 265
p 2 11 79 830 10997 424
p 2 0 62 858 740 265
p 2 4 101 815 11483 447
p 2 0 76 844 524 281
p 2 6 94 820 10446 413
p 2 0 63 857 514 267
p 2 8 94 818 10801 435
p 2 0 71 849 512 275
p 2 11 83 826 11015 430
p 2 0 60 860 477 262
p 2 4 100 816 11506 447
p 2 0 74 846 529 279
p 2 6 97 817 10425 419
p 2 0 67 853 470 267
p 2 9 99 812 11044 444
i 2 920 0 0 72264 4980
p 2 0 257 663 525 436
p 2 21 216 683 8371 571
p 2 18 350 552 28499 957
p 2 12 315 593 8321 635
p 2 19 315 586 29038 941
p 2 9 340 571 10093 670
p 2 12 354 554 28621 916
p 2 16 257 647 8952 626
p 2 18 296 606 28118 873
p 2 12 292 616 9622 634
p 2 0 131 789 1066 334
p 2 16 136 768 10967 541
p 2 0 133 787 1057 338
p 2 20 156 744 8964 527
p 2 1 94 825 1994 321
p 2 15 118 787 8022 453
p 2 0 106 814 861 309
p 2 10 139 771 8333 459
p 2 0 120 800 868 320
p 2 16 129 775 8678 490
p 2 0 74 846 689 281
p 2 13 92 815 8652 440
p 2 1 70 849 563 271
p 2 16 110 794 9127 491
p 2 0 66 854 415 265
p 2 20 81 819 8316 444
p 2 0 62 858 563 256
p 2 15 85 820 7590 412
p 2 0 44 876 337 238
p 2 10 71 839 8003 384
p 2 0 64 856 425 262
p 2 15 84 821 8153 430
p 2 0 65 855 579 261
p 2 12 85 823 8263 414
p 2 0 46 874 373 244
p 2 15 70 835 9070 438
p 2 0 52 868 405 250
p 2 20 57 843 8278 421
p 2 0 44 876 594 242
p 2 15 59 846 7488 386
p 2 0 41 879 345 238
p 2 11 68 841 8065 389
p 2 0 53 867 405 251
p 2 16 60 844 8026 413
p 2 0 45 875 553 244
p 2 12 81 827 8172 409
p 2 0 47 873 349 240
p 2 14 68 838 9209 437
p 2 0 53 867 368 249
p 2 20 61 839 8282 425
p 2 0 36 884 562 237
p 2 15 58 847 7477 388
p 2 0 41 879 354 236
p 2 11 67 842 8023 388
p 2 0 49 871 382 246
p 2 17 53 850 7851 408
p 2 0 44 876 590 240
p 2 13 65 842 8090 398
p 2 0 43 877 365 240
p 2 14 58 848 9268 428
p 2 0 50 870 408 249
p 2 20 57 843 8249 423
p 2 0 44 876 556 245
p 2 15 57 848 7516 385
p 2 0 45 875 356 237
p 2 10 61 849 7973 379
p 2 0 48 872 386 245
p 2 17 56 847 7819 412
p 2 0 39 881 341 236
p 2 13 61 846 8080 396
p 2 0 43 877 364 241
p 2 14 53 853 8991 419
p 2 0 36 884 341 234
p 2 20 50 850 8245 418
p 2 0 33 887 341 233
p 2 15 54 851 7656 386
p 2 0 39 881 337 235
p 2 10 60 850 7978 375
p 2 0 50 870 369 247
p 2 16 50 854 7876 400
p 2 0 35 885 337 231
p 2 14 60 846 7992 401
p 2 0 36 884 335 233
p 2 15 204 701 21705 731
p 2 0 148 772 813 348
p 2 20 207 693 19291 685
p 2 0 153 767 787 349
p 2 17 230 673 20203 714
p 2 0 160 760 771 360
p 2 12 151 757 9303 496
p 2 0 110 810 568 303
p 2 18 115 787 9213 491
p 2 0 86 834 494 286
p 2 15 166 739 10055 536
p 2 0 92 828 494 292
p 2 37 189 694 22840 800
p 2 0 199 721 931 397
p 2 19 140 761 10856 523
p 2 0 85 835 476 280
p 2 13 126 781 10597 456
p 2 0 83 837 472 279
p 2 13 103 804 9631 455
p 2 0 74 846 467 273
p 2 12 99 809 10024 449
p 2 0 72 848 474 271
p 2 15 90 815 10685 464
p 2 0 66 854 441 264
p 2 29 272 619 33729 986
p 2 0 216 704 1074 424
p 2 34 293 593 34796 1046
p 2 0 225 695 1086 427
p 2 26 278 616 34196 966
p 2 0 226 694 1131 434
p 2 32 282 606 37354 1042
p 2 0 230 690 1175 442
p 2 15 200 705 10697 572
p 2 0 104 816 550 298
p 2 16 130 774 11498 497
p 2 0 117 803 601 310
p 2 19 167 734 11144 562
p 2 0 95 825 526 293
p 2 17 134 769 11588 511
p 2 0 124 796 622 321
p 2 11 125 784 11281 458
p 2 0 107 813 577 301
p 2 10 116 794 10079 455
p 2 0 87 833 495 280
p 2 14 87 819 9770 445
p 2 0 63 857 830 262
p 2 16 68 836 10819 434
p 2 0 56 864 439 256
p 2 21 87 812 10650 486
p 2 0 77 843 471 273
p 2 17 90 813 10959 466
p 2 0 64 856 907 267
p 2 11 84 825 10711 418
p 2 0 62 858 442 258
p 2 10 82 828 10008 422
p 2 0 66 854 450 264
p 2 13 81 826 9813 440
p 2 0 54 866 823 256
p 2 16 74 830 10870 442
p 2 0 52 868 427 251
p 2 21 72 827 10621 470
p 2 0 57 863 425 259
p 2 17 73 830 10938 451
p 2 0 62 858 851 266
p 2 11 97 812 10710 427
p 2 0 69 851 488 271
p 2 10 83 827 9898 427
p 2 0 63 857 432 257
p 2 13 89 818 9835 447
p 2 0 58 862 803 260
p 2 15 66 839 10924 437
p 2 0 52 868 423 251
p 2 19 73 828 10742 464
p 2 0 63 857 444 268
p 2 17 70 833 10933 449
p 2 0 52 868 805 254
p 2 11 77 832 10707 410
p 2 0 63 857 458 262
p 2 10 82 828 9839 422
p 2 0 63 857 477 263
p 2 14 78 828 9771 443
p 2 0 72 848 886 275
p 2 16 88 816 10887 452
p 2 0 58 862 449 256
p 2 19 83 818 10851 476
p 2 0 62 858 479 265
p 2 17 75 828 10954 454
p 2 0 59 861 857 263
p 2 11 76 833 10728 408
p 2 0 55 865 461 257
p 2 10 84 826 9861 422
p 2 0 46 874 388 242
p 2 14 90 816 9798 454
p 2 0 59 861 838 258
p 2 16 72 832 10815 439
p 2 0 52 868 416 251
p 2 19 70 831 10794 462
p 2 0 51 869 412 251
p 2 17 65 838 10911 441
p 2 0 53 867 812 255
p 2 11 73 836 10681 406
p 2 0 57 863 429 257
p 2 10 80 830 9899 417
p 2 0 63 857 443 261
p 2 13 89 818 9769 447
p 2 0 64 856 824 263
p 2 16 70 834 10838 440
p 2 0 50 870 419 251
p 2 20 68 832 10692 467
p 2 0 61 859 426 258
p 2 17 66 837 10932 445
p 2 0 51 869 814 255
p 2 12 71 837 10627 409
p 2 0 55 865 439 257
p 2 10 81 829 9912 420
p 2 0 57 863 452 256
p 2 13 78 829 9797 438
p 2 0 60 860 838 259
p 2 16 63 841 10771 430
p 2 0 47 873 396 247
p 2 19 69 832 10701 460
p 2 0 50 870 392 250
p 2 17 68 835 10907 447
p 2 0 62 858 894 268
p 2 11 74 835 10716 409
p 2 0 67 853 455 266
p 2 10 82 828 9963 422
p 2 0 58 862 450 258
p 2 15 71 834 9685 437
p 2 0 62 858 835 262
p 2 16 79 825 10859 447
p 2 0 53 867 428 254
p 2 19 72 829 10748 466
p 2 0 60 860 417 258
p 2 17 73 830 10919 449
p 2 0 49 871 403 247
p 2 11 70 839 10695 404
p 2 0 54 866 440 254
p 2 10 82 828 9906 420
p 2 0 61 859 452 261
p 2 16 223 681 25682 804
p 2 0 174 746 871 374
p 2 17 209 694 23003 728
p 2 0 167 753 906 370
p 2 19 213 688 22870 756
p 2 0 167 753 895 372
p 2 17 135 768 11514 514
p 2 0 81 839 480 278
p 2 11 101 808 10730 431
p 2 0 93 827 540 291
p 2 18 163 739 13959 601
p 2 0 115 805 598 310
p 2 19 152 749 14809 602
p 2 0 120 800 644 315
p 2 22 170 728 16662 658
p 2 0 111 809 656 319
p 2 17 166 737 15077 628
p 2 0 139 781 1160 344
p 2 18 166 736 15988 627
p 2 0 119 801 1055 324
p 2 11 113 796 10714 442
p 2 0 107 813 1021 303
p 2 9 92 819 8890 412
p 2 0 73 847 854 273
p 2 17 85 818 9444 450
p 2 0 54 866 844 251
p 2 15 474 431 12690 870
p 2 0 217 703 1164 406
p 2 17 105 798 10549 480
p 2 0 103 817 894 302
p 2 17 89 814 10960 467
p 2 0 80 840 476 277
p 2 11 91 818 10588 421
p 2 24 134 762 8220 557
p 2 6 141 773 7175 414
p 2 3 166 751 6964 473
p 2 12 130 778 8193 465
p 2 6 120 794 6594 432
p 2 14 145 761 10922 508
p 2 4 157 759 4326 414
p 2 20 146 754 12473 569
p 2 1 134 785 4969 389
p 2 11 149 760 10861 501
p 2 4 143 773 3960 394
p 2 7 122 791 8760 430
p 2 1 121 798 4406 366
p 2 1 132 787 8529 406
p 2 4 123 793 5468 387
p 2 11 111 798 8755 448
p 2 0 99 821 3632 331
p 2 12 124 784 10324 466
p 2 2 104 814 4299 353
p 2 21 113 786 12128 543
p 2 1 105 814 4447 353
p 2 13 113 794 11272 487
p 2 5 98 817 3741 355
p 2 7 99 814 8534 408
p 2 1 92 827 4326 338
p 2 4 108 808 9023 396
p 2 3 100 817 5748 367
p 2 11 102 807 8989 449
p 2 1 91 828 3440 331
p 2 14 103 803 10928 462
i 2 920 0 0 18565 3520
p 2 0 513 407 742 664
p 2 0 489 431 645 626
p 2 0 225 695 395 389
p 2 0 187 733 353 350
p 2 0 70 850 264 258
p 2 0 65 855 249 249
p 2 0 27 893 217 216
p 2 0 29 891 219 219
p 2 0 11 909 207 205
p 2 0 9 911 206 204
p 2 0 3 917 200 200
p 2 0 5 915 203 202
p 2 0 13 907 210 208
p 2 0 2 918 199 199
p 2 0 3 917 202 200
p 2 0 8 912 208 203
p 2 0 6 914 201 201
p 2 0 5 915 201 201
p 2 0 1 919 198 198
p 2 0 5 915 203 202
p 2 0 3 917 200 199
p 2 0 9 911 204 204
p 2 0 7 913 202 202
p 2 0 7 913 205 204
p 2 0 3 917 201 200
p 2 0 4 916 200 200
p 2 0 3 917 199 199
p 2 0 7 913 203 203
p 2 0 15 905 209 209
p 2 0 1 919 198 198
p 2 0 3 917 201 199
p 2 0 1 919 198 198
p 2 0 2 918 198 198
p 2 0 6 914 202 202
p 2 0 4 916 200 200
p 2 0 1 919 198 198
p 2 0 1 919 198 198
p 2 0 2 918 200 200
p 2 0 1 919 198 198
p 2 0 3 917 200 200
p 2 0 3 917 201 200
p 2 0 1 919 198 198
p 2 0 4 916 200 200
p 2 0 2 918 199 199
p 2 0 3 917 199 199
p 2 0 3 917 200 200
p 2 0 2 918 198 198
p 2 0 1 919 198 198
p 2 0 9 911 204 204
p 2 0 4 916 199 199
p 2 0 4 916 200 200
p 2 0 7 913 202 202
p 2 0 2 918 198 198
p 2 0 7 913 202 202
p 2 0 2 918 199 199
p 2 0 7 913 203 203
p 2 0 3 917 200 200
p 2 0 10 910 204 204
i 2 920 0 0 58786 4229
p 2 0 195 725 456 387
p 2 0 217 703 435 397
p 2 0 61 859 264 251
p 2 0 77 843 274 262
p 2 0 21 899 229 214
p 2 0 29 891 224 217
p 2 0 14 906 218 210
p 2 0 14 906 216 210
p 2 0 3 917 201 199
p 2 0 5 915 203 201
p 2 0 2 918 200 199
p 2 0 4 916 204 201
p 2 0 3 917 202 200
p 2 0 1 919 198 198
p 2 0 1 919 198 198
p 2 0 6 914 203 201
p 2 0 2 918 201 199
p 2 0 3 917 201 200
p 2 0 2 918 199 199
p 2 0 1 919 198 198
p 2 0 4 916 203 200
p 2 0 2 918 200 198
p 2 0 6 914 204 203
p 2 0 4 916 201 201
p 2 0 4 916 203 200
p 2 0 2 918 199 199
p 2 0 2 918 199 199
p 2 0 3 917 200 200
p 2 0 1 919 199 198
p 2 0 3 917 202 200
p 2 0 6 914 204 201
p 2 0 2 918 199 199
p 2 0 4 916 205 200
p 2 0 1 919 198 198
p 2 0 4 916 200 200
p 2 0 0 920 197 197
p 2 0 1 919 199 198
p 2 0 3 917 201 199
p 2 0 3 917 199 199
p 2 0 2 918 199 199
p 2 0 2 918 200 199
p 2 0 1 919 198 198
p 2 0 2 918 201 199
p 2 0 3 917 200 200
p 2 0 1 919 198 198
p 2 0 1 919 198 198
p 2 0 3 917 204 200
p 2 0 3 917 199 199
p 2 0 4 916 200 200
p 2 0 0 920 197 197
p 2 0 1 919 199 198
p 2 0 1 919 198 198
i 2 920 0 0 36812 3574
p 2 0 269 651 565 456
p 2 0 277 643 483 453
p 2 0 92 828 288 279
p 2 0 94 826 281 277
p 2 0 32 888 233 225
p 2 0 26 894 221 219
p 2 0 9 911 209 205
p 2 0 8 912 205 204
p 2 0 1 919 198 198
p 2 0 1 919 198 198
p 2 0 5 915 204 201
p 2 0 3 917 330 200
p 2 0 2 918 203 199
p 2 0 2 918 200 198
p 2 0 3 917 405 201
p 2 0 3 917 203 200
p 2 0 1 919 198 198
p 2 0 3 917 392 200
p 2 0 7 913 206 202
p 2 0 3 917 201 200
p 2 0 3 917 200 200
p 2 0 2 918 200 199
p 2 0 1 919 198 198
p 2 0 5 915 204 200
p 2 0 5 915 203 201
p 2 0 1 919 198 198
p 2 0 3 917 201 200
p 2 0 6 914 205 202
p 2 0 3 917 201 201
p 2 0 0 920 197 197
p 2 0 2 918 200 198
p 2 0 3 917 200 200
p 2 0 3 917 391 200
p 2 0 5 915 203 200
p 2 0 4 916 202 201
p 2 0 4 916 393 201
p 2 0 4 916 207 200
p 2 0 3 917 199 199
p 2 0 2 918 389 199
p 2 0 2 918 205 199
p 2 0 2 918 200 199
p 2 0 1 919 385 199
p 2 0 2 918 203 199
p 2 0 2 918 201 199
p 2 0 5 915 333 202
p 2 0 4 916 204 200
p 2 0 13 907 213 209
p 2 0 4 916 324 202
p 2 0 2 918 202 200
p 2 0 0 920 197 197
p 2 0 4 916 398 201
p 2 0 6 914 209 203
p 2 0 6 914 205 203
p 2 0 5 915 389 201
p 2 0 5 915 204 201
p 2 0 4 916 202 200
p 2 0 3 917 390 200
p 2 0 1 919 199 198
p 2 0 1 919 198 198
p 2 0 1 919 390 198
p 2 0 1 919 198 198
p 2 0 1 919 198 198
p 2 0 1 919 388 198
p 2 0 1 919 203 199
p 2 0 2 918 202 198
p 2 0 3 917 397 200
p 2 0 3 917 208 201
p 2 0 4 916 203 201
p 2 0 2 918 391 199
p 2 0 3 917 202 200
p 2 0 1 919 198 198
p 2 0 1 919 391 198
p 2 0 4 916 205 201
p 2 0 3 917 200 200
p 2 0 2 918 390 199
p 2 0 0 920 197 197
p 2 0 0 920 197 197
p 2 0 2 918 391 200
p 2 0 2 918 200 199
p 2 0 2 918 201 199
p 2 0 1 919 389 198
p 2 0 1 919 200 198
p 2 0 1 919 198 198
p 2 0 3 917 394 200
p 2 0 1 919 199 198
p 2 0 1 919 200 199
p 2 0 2 918 391 199
p 2 0 3 917 203 200
p 2 0 1 919 198 198
p 2 0 1 919 198 198
p 2 0 0 920 197 197
p 2 0 1 919 386 198
p 2 0 1 919 199 198
p 2 0 1 919 327 199
i 2 920 0 0 55522 3871
p 2 0 136 784 401 320
p 2 0 107 813 322 291
p 2 0 51 869 245 238
p 2 0 25 895 219 218
p 2 0 14 906 211 206
p 2 0 9 911 206 205
p 2 0 9 911 208 204
p 2 0 7 913 208 202
p 2 0 3 917 200 199
p 2 0 6 914 205 202
p 2 0 5 915 206 202
p 2 0 11 909 213 206
p 2 0 7 913 210 203
p 2 0 1 919 198 198
p 2 0 4 916 203 200
p 2 0 7 913 207 202
p 2 0 5 915 205 201
p 2 0 3 917 202 200
p 2 0 1 919 198 198
p 2 0 1 919 198 198
p 2 0 6 914 206 202
p 2 0 5 915 205 200
p 2 0 8 912 209 204
p 2 0 9 911 211 205
p 2 0 2 918 199 199
p 2 0 5 915 205 200
p 2 0 7 913 209 203
p 2 0 7 913 210 202
p 2 0 1 919 198 198
p 2 0 3 917 201 200
p 2 0 3 917 201 198
p 2 0 6 914 207 202
p 2 0 2 918 202 199
p 2 0 5 915 207 202
p 2 0 6 914 208 203
p 2 0 2 918 201 200
p 2 0 1 919 199 198
p 2 0 3 917 203 200
p 2 0 3 917 200 199
p 2 0 2 918 199 198
p 2 0 1 919 199 198
p 2 0 2 918 200 198
p 2 0 2 918 201 199
p 2 0 0 920 197 197
p 2 0 2 918 201 200
p 2 0 0 920 197 197
p 2 0 1 919 199 198
p 2 0 5 915 205 201
p 2 0 2 918 200 199
p 2 0 2 918 200 198
p 2 11 31 878 3464 317
p 2 0 26 894 276 221
p 2 0 7 913 211 203
p 2 37 39 844 6559 521
p 2 0 38 882 292 230
p 2 0 16 904 233 210
p 2 46 66 808 9819 629
p 2 0 49 871 354 249
p 2 0 23 897 243 218
p 2 47 120 753 12730 751
p 2 0 89 831 444 286
p 2 0 48 872 295 238
p 2 57 122 741 15348 851
p 2 0 98 822 491 294
p 2 0 56 864 297 245
p 2 47 191 682 20426 907
p 2 0 126 794 621 327
p 2 0 58 862 351 251
p 2 90 232 598 30314 1254
p 2 0 192 728 902 405
p 2 0 83 837 404 272
p 2 66 257 597 29649 1201
p 2 0 197 723 884 420
p 2 0 108 812 433 302
p 2 70 260 590 30140 1226
p 2 0 204 716 973 424
p 2 0 81 839 368 272
p 2 55 222 643 21509 1043
p 2 0 196 724 824 408
p 2 0 89 831 407 280
p 2 57 202 661 19653 971
p 2 0 138 782 601 343
p 2 0 71 849 353 263
p 2 40 213 667 20928 928
p 2 0 152 768 674 356
p 2 0 88 832 385 278
p 2 45 174 701 20916 893
p 2 0 144 776 676 340
p 2 0 82 838 382 273
p 2 4 196 720 16831 601
p 2 0 127 793 664 330
p 2 0 73 847 342 260
p 2 7 176 737 16002 607
p 2 0 159 761 786 369
p 2 0 70 850 359 263
p 2 30 247 643 29615 932
p 2 0 173 747 927 383
p 2 1 128 791 8863 393
p 2 25 236 659 21680 779
p 2 7 206 707 8355 524
p 2 0 97 823 525 291
p 2 23 230 667 29301 840
p 2 0 192 728 991 409
p 2 0 139 781 590 324
p 2 0 60 860 340 251
p 2 0 43 877 288 235
p 2 0 24 896 252 217
p 2 0 52 868 349 244
p 2 0 53 867 327 241
p 2 0 24 896 259 217
p 2 0 17 903 239 211
p 2 0 14 906 228 208
p 2 0 8 912 213 203
p 2 1 183 736 16084 535
p 2 0 124 796 720 328
p 2 0 49 871 326 239
p 2 1 164 755 14995 507
p 2 0 145 775 821 352
p 2 0 89 831 430 278
p 2 4 187 729 15489 555
p 2 0 132 788 725 341
p 2 0 75 845 371 261
p 2 1 180 739 15456 527
p 2 0 161 759 818 366
p 2 0 73 847 398 266
p 2 0 45 875 296 237
p 2 0 22 898 237 214
p 2 0 40 880 308 231
p 2 0 15 905 229 209
p 2 0 11 909 219 205
p 2 0 11 909 227 206
p 2 1 83 836 7736 362
p 2 0 62 858 439 262
p 2 0 33 887 278 223
p 2 0 64 856 6602 312
p 2 0 67 853 487 268
p 2 0 26 894 268 220
p 2 0 68 852 6121 312
p 2 0 48 872 436 249
p 2 0 37 883 317 230
p 2 0 11 909 224 204
p 2 0 17 903 249 211
p 2 0 11 909 224 207
p 2 10 163 747 18891 607
p 2 0 111 809 657 315
p 2 0 52 868 349 245
p 2 5 160 755 17838 571
p 2 0 124 796 742 335
p 2 0 51 869 328 243
p 2 25 198 697 23862 820
p 2 0 164 756 859 379
p 2 0 69 851 399 260
p 2 12 227 681 24363 767
p 2 0 191 729 1034 422
p 2 0 79 841 440 279
p 2 11 251 658 25650 788
p 2 0 188 732 915 393
p 2 0 105 815 552 301
p 2 26 191 703 19495 777
p 2 0 128 792 658 329
p 2 0 47 873 300 238
p 2 16 193 711 19513 708
p 2 0 119 801 675 323
p 2 0 77 843 389 267
p 2 46 179 695 24099 876
p 2 0 155 765 819 362
p 2 0 70 850 386 259
p 2 22 204 694 22954 773
p 2 0 136 784 704 339
p 2 0 76 844 388 265
p 2 27 217 676 26987 836
p 2 0 165 755 861 374
p 2 0 71 849 377 260
p 2 20 216 684 25270 811
p 2 0 164 756 874 373
p 2 0 71 849 377 262
p 2 16 193 711 23813 756
p 2 0 185 735 1007 400
p 2 0 77 843 397 269
p 2 60 148 712 27373 966
p 2 0 142 778 775 354
p 2 0 92 828 482 284
p 2 58 140 722 24458 904
p 2 0 115 805 652 320
p 2 0 67 853 373 258
p 2 19 192 709 21186 742
p 2 0 166 754 845 365
p 2 0 53 867 319 245
p 2 11 149 760 19532 633
p 2 0 134 786 702 331
p 2 0 78 842 404 269
p 2 11 188 721 16603 620
p 2 0 126 794 697 327
p 2 0 82 838 395 269
p 2 8 174 738 14804 581
p 2 0 128 792 654 325
p 2 0 56 864 347 250
p 2 21 150 749 15293 647
p 2 0 110 810 574 312
p 2 0 67 853 343 256
p 2 12 142 766 14273 591
p 2 0 122 798 649 326
p 2 0 44 876 295 236
p 2 4 134 782 11369 492
p 2 0 110 810 582 312
p 2 0 94 826 436 284
p 2 2 147 771 11066 486
p 2 0 101 819 631 308
p 2 0 51 869 329 244
p 2 0 27 893 261 224
p 2 0 22 898 245 215
p 2 0 32 888 278 225
p 2 0 31 889 271 223
p 2 0 23 897 255 218
p 2 0 21 899 259 215
p 2 2 102 816 9034 400
p 2 0 70 850 457 267
p 2 1 87 832 8880 357
p 2 0 73 847 494 272
p 2 0 92 828 8580 355
p 2 0 67 853 474 264
p 2 0 100 820 8253 358
p 2 0 74 846 482 270
p 2 0 88 832 7868 342
p 2 0 71 849 520 271
p 2 0 84 836 7592 341
p 2 0 69 851 481 268
p 2 1 61 858 534 263
p 2 0 26 894 272 220
p 2 0 23 897 248 214
p 2 0 17 903 514 211
p 2 0 21 899 260 214
p 2 0 9 911 215 203
p 2 0 10 910 436 205
p 2 0 17 903 240 211
p 2 0 25 895 266 218
p 2 0 10 910 448 206
p 2 0 16 904 234 210
p 2 0 15 905 237 209
p 2 0 37 883 285 228
p 2 0 24 896 271 219
p 2 0 23 897 258 216
p 2 0 13 907 229 207
p 2 0 18 902 464 214
p 2 0 7 913 223 204
p 2 1 10 909 310 210
p 2 0 12 908 226 207
p 2 1 64 855 7452 332
p 2 0 49 871 414 248
p 2 1 432 487 7430 714
p 2 0 175 745 761 369
p 2 0 105 815 5635 345
p 2 0 77 843 480 272
p 2 0 33 887 267 225
p 2 1 96 823 7513 357
p 2 0 109 811 582 305
p 2 0 31 889 287 224
p 2 0 88 832 6216 328
p 2 0 68 852 435 262
p 2 0 41 879 301 234
p 2 0 81 839 5896 324
p 2 0 59 861 448 258
p 2 0 32 888 278 224
p 2 0 14 906 235 208
p 2 0 28 892 263 219
p 2 0 11 909 220 206
p 2 0 4 916 207 200
p 2 0 9 911 214 204
p 2 0 4 916 205 201
p 2 0 4 916 208 201
p 2 0 0 920 197 197
p 2 0 3 917 204 200
p 2 0 4 916 205 201
p 2 0 2 918 201 199
i 2 920 0 0 58639 4510
p 2 0 169 751 415 349
p 2 40 523 357 32909 1489
p 2 0 312 608 1185 509
p 2 6 465 449 22872 1079
p 2 0 349 571 1397 563
p 2 6 447 467 23955 1066
p 2 0 321 599 1333 532
p 2 0 206 714 746 389
p 2 0 92 828 1429 296
p 2 0 68 852 372 255
p 2 0 67 853 338 254
p 2 1 113 806 815 330
p 2 0 37 883 275 232
p 2 0 32 888 251 222
p 2 4 33 883 1269 256
p 2 0 55 865 372 246
p 2 0 24 896 265 218
p 2 1 31 888 820 249
p 2 0 26 894 269 219
p 2 0 87 833 421 277
p 2 0 39 881 1304 247
p 2 0 34 886 283 226
p 2 0 23 897 262 216
p 2 1 76 843 717 293
p 2 0 32 888 264 228
p 2 0 26 894 248 217
p 2 4 32 884 1282 256
p 2 0 31 889 281 224
p 2 0 20 900 252 215
p 2 0 27 893 798 241
p 2 0 20 900 242 216
p 2 0 8 912 217 204
p 2 0 26 894 1306 241
p 2 0 22 898 263 217
p 2 0 9 911 218 204
p 2 0 21 899 795 238
p 2 0 14 906 229 212
p 2 0 14 906 232 209
p 2 0 24 896 516 235
p 2 0 16 904 220 210
p 2 0 11 909 214 206
p 2 2 12 906 834 224
p 2 0 3 917 215 200
p 2 0 12 908 221 205
p 2 0 24 896 1268 239
p 2 0 13 907 243 208
p 2 0 10 910 224 204
p 2 0 24 896 808 239
p 2 0 17 903 239 213
p 2 0 8 912 216 204
p 2 0 23 897 1305 237
p 2 0 18 902 251 213
p 2 0 9 911 214 204
p 2 1 18 901 551 236
p 2 0 15 905 222 213
p 2 0 8 912 210 204
p 2 4 12 904 1218 240
p 2 0 8 912 237 205
p 2 0 4 916 211 201
p 2 0 20 900 794 238
p 2 0 11 909 231 209
p 2 0 5 915 212 202
p 2 0 20 900 1310 236
p 2 0 11 909 239 207
p 2 0 3 917 207 200
p 2 0 3 917 203 199
p 2 0 1 919 203 198
p 2 0 18 902 808 236
p 2 0 11 909 231 211
p 2 3 408 509 25343 1074
p 2 0 308 612 1356 532
p 2 6 417 497 25966 1122
p 2 0 286 634 1311 509
p 2 8 409 503 22518 1104
p 2 0 300 620 1314 531
p 2 2 401 517 21652 1028
p 2 0 293 627 1265 508
p 2 1 153 766 875 369
p 2 0 92 828 411 285
p 2 0 76 844 364 263
p 2 6 36 878 1146 268
p 2 0 48 872 320 239
p 2 0 31 889 278 224
p 2 0 66 854 900 275
p 2 0 35 885 284 232
p 2 0 26 894 253 217
p 2 1 38 881 1079 251
p 2 0 47 873 345 241
p 2 0 31 889 274 225
p 2 1 30 889 518 249
p 2 0 16 904 244 219
p 2 0 18 902 241 213
p 2 6 14 900 1114 250
p 2 0 12 908 227 207
p 2 0 8 912 215 202
p 2 0 34 886 802 249
p 2 0 20 900 254 217
p 2 0 16 904 220 210
p 2 1 21 898 1036 234
p 2 0 11 909 236 207
p 2 0 7 913 214 202
p 2 0 6 914 220 203
p 2 0 6 914 213 202
p 2 0 12 908 228 205
p 2 0 9 911 223 205
p 2 0 27 893 783 236
p 2 0 18 902 242 217
p 2 0 31 889 495 232
p 2 0 20 900 242 215
p 2 0 21 899 252 215
p 2 0 10 910 224 207
p 2 13 91 816 8045 461
p 2 0 61 859 445 261
p 2 2 109 809 8420 417
p 2 0 97 823 892 308
p 2 1 124 795 9527 432
p 2 0 77 843 478 277
p 2 0 37 883 291 230
p 2 0 24 896 256 217
p 2 0 10 910 225 205
p 2 0 1 919 205 199
p 2 0 3 917 209 200
p 2 0 9 911 223 203
p 2 0 4 916 209 200
p 2 0 2 918 202 199
p 2 0 1 919 204 198
p 2 0 4 916 212 201
p 2 0 4 916 215 202
p 2 0 1 919 205 199
p 2 0 1 919 205 199
i 2 920 0 0 66963 4505
p 2 0 133 787 730 336
p 2 0 92 828 682 293
p 2 0 51 869 646 262
p 2 0 70 850 696 276
p 2 0 43 877 665 258
p 2 0 57 863 675 265
p 2 0 54 866 703 265
p 2 0 37 883 291 231
p 2 0 7 913 220 204
p 2 0 13 907 247 210
p 2 0 7 913 218 203
p 2 0 11 909 224 206
p 2 0 14 906 232 208
p 2 0 15 905 232 211
p 2 0 6 914 215 203
p 2 0 3 917 208 201
p 2 0 11 909 213 205
p 2 0 6 914 210 203
p 2 0 2 918 204 200
p 2 0 3 917 203 198
p 2 0 3 917 215 199
p 2 0 2 918 200 199
p 2 0 4 916 211 201
p 2 0 5 915 209 201
p 2 0 4 916 203 200
p 2 0 2 918 202 199
p 2 0 2 918 199 199
p 2 0 1 919 198 198
p 2 0 2 918 201 199
p 2 0 3 917 202 200
p 2 0 2 918 200 199
p 2 0 1 919 199 198
p 2 0 0 920 197 197
p 2 0 1 919 199 198
p 2 0 2 918 200 199
p 2 0 2 918 200 199
p 2 0 1 919 198 198
p 2 0 1 919 198 198
p 2 0 6 914 201 201
p 2 0 0 920 197 197
p 2 0 0 920 197 197
p 2 0 1 919 199 198
p 2 0 2 918 202 199
p 2 0 0 920 197 197
p 2 0 1 919 201 199
p 2 0 1 919 204 199
p 2 0 1 919 201 199
p 2 0 68 852 3392 285
p 2 0 41 879 364 236
p 2 0 13 907 234 208
p 2 0 62 858 3074 281
p 2 0 40 880 346 235
p 2 0 13 907 232 208
p 2 0 63 857 3824 296
p 2 0 37 883 329 232
p 2 0 16 904 238 211
p 2 0 62 858 2962 284
p 2 11 209 700 11415 646
p 2 0 145 775 706 352
p 2 1 241 678 12241 609
p 2 0 166 754 808 371
p 2 3 192 725 9701 563
p 2 0 190 730 4250 431
p 2 8 294 618 17829 838
p 2 0 208 712 993 429
p 2 0 303 617 18524 764
p 2 0 202 718 973 409
p 2 0 107 813 491 298
p 2 0 36 884 272 228
p 2 0 31 889 269 223
p 2 0 25 895 258 219
p 2 0 133 787 3600 352
p 2 0 71 849 428 261
p 2 0 49 871 324 243
p 2 0 87 833 3122 302
p 2 0 78 842 446 268
p 2 0 32 888 290 225
p 2 0 92 828 3876 325
p 2 0 64 856 418 257
p 2 0 48 872 327 238
p 2 0 71 849 2966 291
p 2 0 57 863 387 250
p 2 0 29 891 274 222
p 2 0 76 844 2775 293
p 2 0 39 881 346 231
p 2 0 19 901 243 213
p 2 0 70 850 3774 303
p 2 0 47 873 347 239
p 2 0 20 900 249 213
p 2 0 71 849 3858 304
p 2 0 43 877 350 236
p 2 0 19 901 247 213
p 2 0 69 851 3409 293
p 2 0 49 871 360 243
p 2 0 23 897 257 216
p 2 0 68 852 3097 284
p 2 0 40 880 326 234
p 2 0 18 902 239 212
p 2 0 69 851 3797 301
p 2 0 41 879 329 235
p 2 0 18 902 243 212
p 2 0 61 859 2959 285
p 2 0 39 881 315 232
p 2 0 14 906 232 209
p 2 0 55 865 2721 272
p 2 0 33 887 320 228
p 2 0 8 912 222 203
p 2 0 62 858 3723 297
p 2 0 35 885 313 233
p 2 0 24 896 267 217
p 2 0 69 851 3871 305
p 2 0 40 880 356 237
p 2 0 15 905 238 210
p 2 0 66 854 3385 291
p 2 0 40 880 349 235
p 2 0 19 901 241 212
p 2 0 60 860 3069 279
p 2 0 43 877 362 237
p 2 0 22 898 278 216
p 2 0 10 910 224 204
p 2 0 9 911 222 205
p 2 14 254 652 24131 759
p 2 0 166 754 916 374
p 2 6 215 699 21191 658
p 2 0 150 770 792 350
p 2 1 222 697 17746 573
p 2 0 170 750 832 363
p 2 1 223 696 17882 576
p 2 0 177 743 889 375
p 2 0 83 837 449 272
p 2 0 46 874 325 238
p 2 0 63 857 371 253
p 2 0 15 905 238 210
p 2 0 33 887 289 224
p 2 0 22 898 261 216
p 2 0 27 893 290 222
p 2 0 28 892 300 222
p 2 0 26 894 272 219
p 2 0 20 900 254 216
p 2 0 12 908 231 207
p 2 0 9 911 224 204
p 2 0 8 912 221 202
p 2 0 21 899 247 214
p 2 0 3 917 208 200
p 2 0 5 915 214 200
p 2 0 10 910 224 205
p 2 0 5 915 211 202
p 2 0 29 891 294 223
p 2 0 7 913 220 204
p 2 6 146 768 11568 510
p 2 0 99 821 515 294
p 2 0 63 857 349 253
p 2 20 125 775 11740 560
p 2 0 86 834 481 282
p 2 0 44 876 303 235
p 2 5 172 743 12399 560
p 2 0 97 823 572 302
p 2 0 57 863 340 248
p 2 6 163 751 12872 591
p 2 0 112 808 558 317
p 2 0 60 860 348 255
p 2 0 43 877 360 237
p 2 0 19 901 230 211
p 2 0 11 909 215 206
p 2 0 10 910 383 206
p 2 0 18 902 237 211
p 2 0 13 907 245 209
p 2 0 9 911 313 206
p 2 0 11 909 231 208
p 2 0 11 909 222 207
p 2 0 10 910 342 208
p 2 0 14 906 236 209
p 2 0 5 915 206 202
p 2 0 7 913 214 203
p 2 0 4 916 205 201
p 2 14 247 659 20128 823
p 2 0 186 734 928 395
p 2 56 276 588 23173 1140
p 2 0 202 718 910 427
p 2 12 196 712 12285 598
p 2 0 108 812 548 305
p 2 10 125 785 9164 484
p 2 0 110 810 591 310
p 2 10 126 784 8445 487
p 2 0 81 839 509 281
p 2 0 60 860 345 250
p 2 0 18 902 245 213
p 2 0 29 891 267 222
p 2 0 9 911 207 203
p 2 0 5 915 210 202
p 2 0 6 914 213 204
p 2 0 29 891 261 221
p 2 0 13 907 233 208
p 2 0 14 906 232 209
p 2 0 16 904 622 212
p 2 1 22 897 836 227
p 2 0 18 902 882 227
p 2 1 17 902 1223 238
p 2 0 24 896 1750 244
p 2 0 29 891 1983 254
p 2 1 35 884 1679 261
p 2 0 35 885 1660 252
p 2 0 48 872 2071 266
p 2 14 298 608 32963 941
p 2 0 234 686 3219 468
p 2 0 135 785 2986 364
p 2 19 313 588 32206 982
p 2 0 246 674 3529 486
p 2 0 149 771 2890 377
p 2 19 307 594 30725 924
p 2 0 219 701 2961 444
p 2 0 109 811 2147 313
p 2 20 280 620 26626 874
p 2 0 211 709 960 407
p 2 0 138 782 609 326
p 2 0 110 810 3339 328
p 2 0 61 859 414 255
p 2 0 54 866 336 242
p 2 0 85 835 2919 296
p 2 0 80 840 479 272
p 2 0 49 871 329 239
p 2 0 89 831 3752 315
p 2 0 42 878 328 235
p 2 0 27 893 263 221
p 2 0 73 847 2719 287
p 2 0 60 860 414 254
p 2 0 35 885 288 226
p 2 0 61 859 2477 272
p 2 0 42 878 356 235
p 2 0 19 901 248 214
p 2 0 56 864 3440 287
p 2 0 33 887 311 226
p 2 0 14 906 230 209
p 2 0 59 861 3615 291
p 2 0 37 883 342 231
p 2 0 17 903 237 211
p 2 0 53 867 3083 277
p 2 0 42 878 345 238
p 2 0 12 908 221 206
p 2 0 56 864 2793 268
p 2 0 37 883 331 232
p 2 0 18 902 243 213
p 2 0 5 915 213 202
p 2 0 4 916 211 200
p 2 0 3 917 205 200
p 2 12 262 646 29943 849
p 2 0 187 733 899 385
p 2 22 241 657 28077 864
p 2 0 185 735 977 394
p 2 11 489 420 31058 1098
p 2 0 310 610 1252 508
p 2 8 314 598 30545 925
p 2 0 220 700 1042 426
p 2 0 173 747 686 359
p 2 0 65 855 878 261
p 2 0 61 859 365 250
p 2 0 44 876 309 236
p 2 0 84 836 809 277
p 2 0 19 901 241 213
p 2 0 25 895 248 218
p 2 0 36 884 794 236
p 2 0 64 856 406 256
p 2 0 49 871 326 239
p 2 0 47 873 623 246
p 2 0 18 902 237 212
p 2 0 14 906 228 208
p 2 1 30 889 804 236
p 2 0 32 888 284 223
p 2 0 35 885 276 224
p 2 0 32 888 688 234
p 2 0 17 903 240 212
p 2 0 14 906 230 208
p 2 0 17 903 747 218
p 2 0 10 910 227 206
p 2 0 8 912 219 205
p 2 0 18 902 519 219
p 2 0 8 912 217 202
p 2 0 2 918 200 199
p 2 1 7 912 749 214
p 2 0 10 910 222 207
p 2 0 2 918 201 199
p 2 0 9 911 512 213
p 2 0 6 914 218 202
p 2 0 3 917 203 199
p 2 1 6 913 743 215
p 2 0 7 913 216 204
p 2 0 2 918 200 198
p 2 0 12 908 639 214
p 2 0 5 915 209 202
p 2 0 5 915 206 201
p 2 0 12 908 722 213
p 2 0 6 914 214 203
p 2 0 6 914 209 201
p 2 0 3 917 204 199
p 2 0 2 918 201 199
p 2 0 1 919 199 198
p 2 0 4 916 205 200
p 2 0 7 913 610 211
p 2 0 6 914 215 202
p 2 0 5 915 453 209
p 2 0 1 919 198 198
p 2 0 3 917 205 200
p 2 0 4 916 208 200
p 2 3 130 787 15532 493
p 2 0 101 819 592 301
p 2 0 132 788 13481 436
p 2 0 113 807 702 315
p 2 0 141 779 11890 425
p 2 0 102 818 687 308
p 2 0 54 866 371 246
p 2 0 26 894 263 218
p 2 0 56 864 350 247
p 2 0 20 900 246 213
p 2 0 31 889 274 223
p 2 0 19 901 244 212
p 2 0 17 903 236 211
p 2 0 13 907 229 207
p 2 0 37 883 2161 241
p 2 0 25 895 400 224
p 2 0 27 893 1903 231
p 2 0 23 897 290 220
p 2 0 12 908 231 207
p 2 0 22 898 238 213
p 2 0 8 912 213 203
p 2 0 4 916 205 201
p 2 0 2 918 201 198
p 2 0 3 917 203 200
p 2 0 5 915 207 201
p 2 0 10 910 223 206
p 2 0 7 913 213 203
p 2 0 8 912 216 204
p 2 0 4 916 205 199
p 2 0 1 919 199 198
p 2 0 0 920 197 197
p 2 0 3 917 202 199
p 2 0 10 910 225 206
p 2 0 4 916 206 201
p 2 0 4 916 206 200
p 2 0 4 916 206 200
p 2 0 4 916 205 200
p 2 0 2 918 204 199
p 2 0 3 917 204 199
p 2 0 1 919 199 199
p 2 0 0 920 197 197
p 2 0 0 920 197 197
p 2 0 1 919 199 198
p 2 0 2 918 201 198
p 2 0 20 900 245 213
p 2 0 19 901 244 213
p 2 103 258 559 31367 1409
p 2 0 201 719 919 408
p 2 64 277 579 29189 1270
p 2 0 216 704 989 443
p 2 53 291 576 31827 1283
p 2 0 211 709 991 425
p 2 16 331 573 29313 1071
p 2 0 230 690 1086 449
p 2 20 316 584 30302 1058
p 2 0 259 661 1207 473
p 2 0 168 752 665 355
p 2 0 53 867 333 246
p 2 0 75 845 367 261
p 2 0 64 856 352 253
p 2 0 92 828 485 286
p 2 0 26 894 273 219
p 2 0 60 860 369 254
p 2 0 58 862 372 250
p 2 0 43 877 313 236
p 2 0 17 903 244 212
p 2 0 20 900 253 214
p 2 0 13 907 238 208
p 2 0 16 904 243 211
p 2 0 16 904 247 211
p 2 0 11 909 229 205
p 2 0 7 913 218 203
p 2 0 7 913 220 203
p 2 0 5 915 217 201
p 2 0 5 915 217 202
p 2 0 7 913 220 203
p 2 0 4 916 212 200
p 2 0 5 915 216 201
p 2 0 4 916 213 200
i 2 920 0 0 27040 3843
p 2 433 392 95 45224 3335
p 2 367 475 78 61132 3334
p 2 340 552 28 73833 3444
p 2 494 404 22 69533 3576
p 2 467 444 9 74087 3621
p 2 8 888 24 29672 1488
p 2 0 899 21 29040 1386
p 2 3 897 20 31096 1481
p 2 0 897 23 30316 1417
p 2 2 904 14 30779 1427
p 2 0 906 14 29437 1379
p 2 2 903 15 31482 1437
p 2 0 900 20 29123 1364
p 2 4 899 17 31221 1464
p 2 0 895 25 29979 1376
p 2 2 899 19 30928 1457
p 2 0 903 17 28913 1372
p 2 0 903 17 31326 1430
p 2 0 904 16 29506 1373
p 2 1 901 18 31824 1441
p 2 0 898 22 29193 1362
p 2 2 900 18 31352 1442
p 2 0 901 19 30628 1367
p 2 0 769 151 7063 1123
p 2 0 430 490 1774 643
p 2 1 285 634 3198 532
p 2 2 231 687 2222 433
p 2 4 309 607 2967 565
p 2 0 109 811 453 300
p 2 1 172 747 3962 431
p 2 0 146 774 634 336
p 2 1 244 675 3033 486
p 2 0 160 760 1917 358
p 2 4 137 779 2542 400
p 2 0 94 826 436 285
p 2 1 117 802 3772 379
p 2 0 64 856 431 262
p 2 1 72 847 3498 325
p 2 2 71 847 891 278
p 2 4 88 828 3210 361
p 2 0 48 872 348 245
p 2 1 79 840 3691 340
p 2 0 48 872 345 245
p 2 1 68 851 2547 317
p 2 0 57 863 1702 257
p 2 4 67 849 2331 339
p 2 0 49 871 335 242
p 2 1 148 771 7206 449
p 2 0 85 835 472 283
p 2 1 99 820 2609 343
p 2 0 120 800 4279 343
p 2 4 117 799 2476 384
p 2 0 89 831 451 282
p 2 2 129 789 6550 424
p 2 0 66 854 404 261
p 2 1 82 837 2587 332
p 2 0 100 820 3813 313
p 2 4 100 816 2433 369
p 2 0 67 853 393 262
p 2 1 107 812 5820 389
p 2 0 73 847 443 274
p 2 1 63 856 2540 312
p 2 0 42 878 318 236
p 2 4 73 843 2308 340
p 2 0 40 880 311 236
p 2 1 56 863 2384 313
p 2 0 48 872 336 245
p 2 1 57 862 2508 307
p 2 0 49 871 324 243
p 2 4 53 863 2303 324
p 2 0 43 877 327 239
p 2 3 66 851 2910 342
p 2 0 42 878 327 240
p 2 1 50 869 2502 304
p 2 0 30 890 287 226
p 2 4 49 867 2260 318
p 2 0 33 887 285 231
p 2 1 46 873 2368 310
p 2 0 43 877 323 240
p 2 1 51 868 2513 306
p 2 0 37 883 331 236
p 2 4 56 860 2282 328
p 2 0 33 887 290 228
p 2 2 135 783 12660 470
p 2 0 101 819 588 301
p 2 3 95 822 7755 394
p 2 0 110 810 4447 343
p 2 4 120 796 6889 419
p 2 0 75 845 498 276
p 2 4 108 808 7399 432
p 2 0 63 857 422 265
p 2 1 65 854 3506 319
p 2 0 56 864 632 253
p 2 4 82 834 3228 355
p 2 0 55 865 393 251
p 2 3 202 715 12705 547
p 2 0 140 780 731 345
p 2 0 153 767 10391 432
p 2 0 144 776 1830 345
p 2 1 148 771 11137 440
p 2 0 96 824 539 296
p 2 1 132 787 12390 443
p 2 0 108 812 600 307
p 2 5 129 786 10086 437
p 2 0 99 821 1537 302
p 2 3 120 797 9625 412
p 2 0 102 818 575 300
p 2 5 126 789 9241 413
p 2 0 71 849 503 269
p 2 0 54 866 1313 249
p 2 0 35 885 545 227
p 2 0 67 853 1216 260
p 2 0 33 887 287 225
p 2 0 36 884 1282 231
p 2 0 27 893 269 221
p 2 0 40 880 302 232
p 2 0 32 888 1352 230
p 2 0 14 906 234 210
p 2 0 26 894 254 218
p 2 0 31 889 1056 225
p 2 0 21 899 254 215
p 2 0 11 909 223 207
p 2 0 15 905 962 212
p 2 0 16 904 485 210
p 2 0 15 905 229 210
p 2 1 16 903 1138 221
p 2 0 6 914 213 202
p 2 0 20 900 1203 218
p 2 0 11 909 226 206
p 2 0 13 907 1070 213
p 2 0 6 914 217 202
p 2 0 13 907 967 210
p 2 0 12 908 230 207
p 2 0 5 915 212 201
p 2 0 14 906 1064 213
p 2 0 7 913 220 204
i 2 920 0 0 42101 4284
p 2 2 892 26 17965 1500
p 2 399 506 15 48583 3702
p 2 14 886 20 26629 1955
p 2 155 734 31 48844 2925
p 2 35 850 35 33779 2188
p 2 113 770 37 46897 2703
p 2 30 870 20 35334 2078
p 2 23 887 10 46134 2138
p 2 58 841 21 39093 2204
p 2 31 877 12 47412 2171
p 2 39 862 19 35089 2079
p 2 33 876 11 38395 2103
p 2 44 850 26 34521 2089
p 2 36 869 15 40937 2106
p 2 31 883 6 35332 2033
p 2 36 877 7 47758 2218
p 2 28 880 12 34764 2031
p 2 52 844 24 38311 2120
p 2 25 882 13 31825 1972
p 2 34 876 10 42261 2106
p 2 26 866 28 35371 1981
p 2 32 879 9 45575 2165
p 2 26 877 17 34381 1993
p 2 48 845 27 38429 2181
p 2 28 873 19 36405 2034
p 2 30 877 13 39991 2052
p 2 34 869 17 34464 2030
p 2 31 875 14 46676 2140
p 2 28 889 3 35678 1990
p 2 50 856 14 37681 2126
p 2 26 890 4 32745 1968
p 2 32 879 9 41725 2094
p 2 44 872 4 32783 2025
p 2 33 865 22 42026 2063
p 2 22 865 33 32345 1877
p 2 47 856 17 37338 2104
p 2 27 868 25 31743 1968
p 2 22 879 19 38038 1942
p 2 41 871 8 31622 1988
p 2 33 870 17 43583 2051
i 2 920 0 0 79398 4615
p 2 0 747 173 14894 1101
p 2 0 750 170 15998 1112
p 2 3 917 0 53543 1780
p 2 0 877 43 17373 1351
p 2 0 808 112 16496 1231
p 2 4 914 2 53589 1792
p 2 0 887 33 17271 1359
p 2 0 819 101 17203 1272
p 2 1 918 1 55044 1771
p 2 1 873 46 18047 1353
p 2 0 786 134 16587 1213
p 2 4 916 0 56605 1789
p 2 0 886 34 18201 1366
p 2 0 811 109 17425 1228
p 2 6 909 5 56290 1768
p 2 0 874 46 17900 1331
p 2 0 790 130 16932 1213
p 2 5 915 0 54962 1800
p 2 0 877 43 17717 1340
p 2 0 809 111 16591 1202
p 2 5 914 1 52881 1761
p 2 0 879 41 16964 1336
p 2 0 817 103 17106 1234
p 2 11 907 2 55171 1798
p 2 0 872 48 16769 1337
p 2 0 800 120 16295 1215
p 2 1 919 0 53602 1752
p 2 1 886 33 17986 1344
p 2 0 832 88 17206 1250
p 2 6 913 1 55929 1819
p 2 0 886 34 16938 1321
p 2 0 788 132 16733 1192
p 2 4 916 0 54019 1781
p 2 0 878 42 17390 1331
p 2 0 819 101 16838 1234
p 2 5 914 1 53344 1758
p 2 0 879 41 18847 1337
p 2 0 812 108 17301 1230
p 2 2 918 0 55350 1756
p 2 0 886 34 18496 1365
p 2 0 791 129 17268 1205
p 2 5 914 1 56140 1792
p 2 0 888 32 17712 1372
p 2 0 817 103 17597 1245
p 2 7 908 5 56098 1778
p 2 0 877 43 18805 1343
p 2 0 807 113 16845 1239
p 2 6 913 1 55331 1800
p 2 0 882 38 17639 1324
p 2 0 808 112 16866 1213
p 2 6 911 3 53677 1772
p 2 0 878 42 17709 1360
p 2 0 817 103 18072 1243
p 2 14 905 1 55205 1825
p 2 0 876 44 18100 1338
p 2 0 813 107 16332 1218
p 2 1 918 1 53426 1740
p 2 0 882 38 17910 1356
p 2 0 841 79 17005 1248
p 2 6 914 0 55758 1821
p 2 0 892 28 17421 1354
p 2 0 805 115 16747 1221
p 2 3 917 0 54193 1800
p 2 0 875 45 17244 1341
p 2 0 829 91 16304 1259
p 2 3 916 1 52618 1771
p 2 1 869 50 17347 1327
p 2 0 787 133 16273 1189
p 2 2 916 2 55017 1764
p 2 0 880 40 17344 1337
p 2 0 786 134 16668 1194
p 2 6 913 1 56082 1802
p 2 0 887 33 18881 1353
p 2 0 816 104 17798 1253
p 2 6 910 4 56228 1775
p 2 0 884 36 18643 1331
p 2 0 801 119 17208 1207
p 2 5 914 1 55139 1781
p 2 0 880 40 17157 1341
p 2 0 797 123 16368 1207
p 2 5 914 1 53382 1751
p 2 0 884 36 18401 1355
p 2 0 838 82 17540 1270
p 2 12 907 1 54992 1819
p 2 1 880 39 18035 1348
p 2 1 796 123 16574 1209
p 2 3 917 0 53165 1747
p 2 0 875 45 17926 1337
p 2 0 815 105 18054 1238
p 2 3 916 1 55723 1798
p 2 0 882 38 17827 1342
p 2 0 803 117 17358 1203
p 2 4 915 1 54232 1787
p 2 0 882 38 17637 1342
p 2 0 819 101 16930 1228
p 2 4 915 1 52668 1754
p 2 0 877 43 17883 1317
p 2 0 802 118 16682 1208
p 2 3 917 0 54917 1767
p 2 0 871 49 16848 1321
p 2 0 783 137 16042 1179
p 2 4 915 1 55838 1774
p 2 0 891 29 17630 1361
p 2 0 826 94 16618 1245
p 2 7 908 5 55847 1776
p 2 0 885 35 18189 1341
p 2 1 793 126 17481 1225
p 2 6 914 0 55406 1800
p 2 0 892 28 17671 1334
p 2 0 791 129 17151 1200
p 2 5 913 2 53752 1769
p 2 0 874 46 17939 1334
p 2 0 825 95 17351 1241
p 2 8 910 2 55201 1812
p 2 0 877 43 18245 1341
p 2 0 797 123 17344 1218
p 2 2 918 0 54135 1759
p 2 0 874 46 18252 1341
p 2 0 828 92 17369 1258
p 2 8 909 3 55847 1827
p 2 0 886 34 18029 1342
p 2 0 811 109 17071 1236
p 2 4 916 0 54135 1785
p 2 0 881 39 17785 1359
p 2 0 818 102 17067 1244
p 2 5 913 2 53073 1776
p 2 0 880 40 17731 1339
p 2 0 808 112 17090 1214
p 2 1 919 0 54753 1756
p 2 0 889 31 17810 1347
i 2 920 0 0 7207 2908
p 2 44 663 213 10104 1095
p 2 72 674 174 17152 1328
p 2 94 370 456 27159 1321
p 2 114 616 190 36718 1778
p 2 103 394 423 36730 1532
p 2 81 583 256 36497 1575
p 2 67 538 315 36523 1537
p 2 47 637 236 33773 1489
p 2 36 674 210 35549 1546
p 2 11 717 192 35850 1477
p 2 4 721 195 33469 1415
p 2 12 720 188 26895 1421
p 2 1 699 220 22404 1206
p 2 7 773 140 36395 1490
p 2 2 668 250 29963 1265
p 2 4 727 189 32195 1398
p 2 0 673 247 23272 1239
p 2 35 666 219 37452 1531
p 2 6 692 222 25784 1261
p 2 12 679 229 28582 1314
p 2 1 666 253 28942 1231
p 2 3 679 238 35165 1375
p 2 1 623 296 30348 1204
p 2 3 664 253 33056 1344
p 2 0 625 295 21797 1161
p 2 40 623 257 42568 1571
p 2 8 643 269 29987 1293
p 2 11 608 301 29238 1270
p 2 2 634 284 30894 1253
p 2 3 629 288 35234 1333
i 2 920 0 0 61749 3964
p 2 0 111 809 357 297
p 2 0 65 855 276 256
p 2 0 88 832 6457 321
p 2 0 53 867 343 248
p 2 0 23 897 248 215
p 2 0 74 846 6138 304
p 2 0 39 881 340 234
p 2 0 35 885 259 225
p 2 0 83 837 6004 315
p 2 0 61 859 368 256
p 2 0 38 882 276 230
p 2 1 77 842 6043 318
p 2 0 39 881 320 236
p 2 0 26 894 248 218
p 2 0 29 891 2071 228
p 2 0 38 882 287 231
p 2 0 21 899 253 216
p 2 0 25 895 2041 225
p 2 0 13 907 238 209
p 2 0 6 914 213 202
p 2 0 17 903 2027 218
p 2 0 22 898 243 216
p 2 0 8 912 207 203
p 2 0 30 890 2034 230
p 2 0 20 900 246 212
p 2 0 17 903 237 211
p 2 0 26 894 2039 226
p 2 0 31 889 273 223
p 2 0 13 907 220 208
p 2 0 16 904 2003 220
p 2 0 12 908 237 208
p 2 0 5 915 208 201
p 2 0 12 908 2037 214
p 2 0 11 909 237 206
p 2 0 1 919 199 198
p 2 0 16 904 2005 217
p 2 0 6 914 221 203
p 2 0 2 918 205 199
p 2 0 11 909 1735 214
p 2 0 16 904 242 211
p 2 0 6 914 208 202
p 2 2 46 872 5105 286
p 2 0 32 888 314 229
p 2 0 16 904 237 211
p 2 0 51 869 4435 280
p 2 0 32 888 309 228
p 2 0 14 906 227 208
p 2 3 56 861 5592 306
p 2 0 40 880 328 232
p 2 0 30 890 1610 231
p 2 0 21 899 528 217
p 2 0 24 896 1188 221
p 2 0 11 909 226 206
p 2 0 18 902 1307 216
p 2 0 6 914 213 202
p 2 0 12 908 232 207
p 2 0 17 903 1408 217
p 2 0 7 913 219 203
p 2 0 5 915 211 201
p 2 0 21 899 1372 219
p 2 0 14 906 240 210
p 2 0 3 917 204 199
p 2 0 18 902 1372 218
p 2 0 8 912 229 204
p 2 0 4 916 206 200
p 2 0 14 906 1273 214
p 2 0 13 907 236 208
p 2 0 11 909 1303 211
p 2 0 8 912 221 204
p 2 0 11 909 1163 211
p 2 0 6 914 216 202
p 2 0 12 908 1015 212
p 2 0 10 910 488 208
p 2 0 9 911 229 205
p 2 1 14 905 1319 219
p 2 0 5 915 216 202
i 2 920 0 0 13257 3869
p 2 0 914 6 3701 1445
p 2 0 916 4 4292 1503
p 2 0 915 5 5025 1546
p 2 0 914 6 4656 1574
p 2 0 915 5 4555 1582
p 2 0 910 10 4966 1586
p 2 0 912 8 4416 1572
p 2 0 912 8 4568 1579
p 2 0 915 5 4986 1601
p 2 0 915 5 4531 1578
p 2 1 915 4 4634 1602
p 2 0 917 3 5165 1586
p 2 1 914 5 4718 1602
p 2 0 915 5 4803 1592
p 2 1 908 11 5172 1607
p 2 0 913 7 4574 1558
p 2 3 906 11 4680 1587
p 2 1 915 4 5364 1597
p 2 0 917 3 4645 1575
p 2 0 915 5 4667 1598
p 2 0 910 10 5152 1594
p 2 0 919 1 4789 1631
p 2 0 909 11 4375 1568
p 2 0 915 5 5496 1610
p 2 0 915 5 4464 1591
p 2 0 911 9 4491 1591
p 2 0 915 5 5221 1611
p 2 0 909 11 4318 1538
p 2 0 912 8 4452 1566
p 2 0 916 4 4798 1550
p 2 0 917 3 4513 1578
p 2 0 918 2 4365 1556
p 2 0 911 9 4846 1563
p 2 0 913 7 4585 1591
p 2 0 917 3 4598 1593
p 2 472 448 0 136483 4364
p 2 0 500 420 2276 742
p 2 0 235 685 919 406
p 2 11 407 502 16141 803
p 2 0 290 630 1506 488
p 2 0 148 772 567 335
p 2 14 302 604 14752 707
p 2 0 191 729 790 387
p 2 0 95 825 742 287
p 2 9 296 615 14827 672
p 2 0 216 704 1336 421
p 2 0 135 785 546 323
p 2 13 279 628 14960 686
p 2 0 174 746 773 376
p 2 0 117 803 824 309
p 2 9 258 653 14966 643
p 2 0 201 719 1273 411
p 2 0 119 801 463 304
p 2 13 238 669 14778 631
p 2 0 157 763 711 361
p 2 0 108 812 813 303
p 2 9 232 679 14590 614
p 2 0 181 739 1175 381
p 2 0 85 835 391 272
p 2 13 241 666 14882 644
p 2 0 150 770 701 354
p 2 0 143 777 4841 353
p 2 9 250 661 14745 625
p 2 0 197 723 4650 416
p 2 0 134 786 574 328
p 2 14 223 683 17809 639
p 2 0 159 761 761 361
p 2 0 119 801 518 309
p 2 10 205 705 14656 589
p 2 0 176 744 770 376
p 2 0 112 808 468 301
p 2 13 234 673 15097 639
p 2 0 170 750 746 368
p 2 25 242 653 17623 667
p 2 10 353 557 15484 751
p 2 14 365 541 19455 782
p 2 0 268 652 1245 469
p 2 26 415 479 36767 1041
p 2 0 312 608 1484 530
p 2 27 289 604 24297 792
p 2 9 385 526 15281 778
p 2 23 387 510 21577 867
p 2 0 271 649 1285 475
p 2 32 408 480 34647 1060
p 2 0 288 632 1781 508
p 2 0 133 787 646 328
p 2 15 385 520 24215 888
p 2 0 293 627 1311 495
p 2 0 238 682 1021 426
p 2 21 377 522 23481 906
p 2 0 293 627 2247 505
p 2 0 207 713 3289 425
p 2 10 379 531 22520 851
p 2 0 320 600 2709 541
p 2 0 327 593 3386 535
p 2 8 369 543 19212 811
p 2 0 278 642 3555 503
p 2 0 188 732 2908 395
p 2 0 326 594 15701 695
p 2 0 294 626 3020 517
p 2 0 265 655 3338 481
p 2 0 335 585 11483 674
p 2 0 278 642 1210 483
p 2 0 162 758 644 347
p 2 4 253 663 9128 595
p 2 0 150 770 668 350
p 2 0 113 807 437 296
p 2 5 220 695 8930 570
p 2 0 153 767 632 351
p 2 0 91 829 393 279
p 2 1 165 754 7153 469
p 2 0 120 800 575 320
p 2 0 72 848 379 267
p 2 0 129 791 6552 431
p 2 0 113 807 533 313
p 2 0 55 865 288 246
p 2 0 121 799 6612 426
p 2 0 100 820 560 308
i 2 920 0 0 41610 3850
p 2 0 133 787 370 310
p 2 0 84 836 277 263
p 2 17 195 708 12056 624
p 2 0 113 807 514 302
p 2 0 39 881 261 230
p 2 3 180 737 10850 546
p 2 0 135 785 597 327
p 2 0 71 849 296 251
p 2 25 139 756 12631 646
p 2 0 87 833 543 292
p 2 0 48 872 324 241
p 2 14 146 760 12179 611
p 2 0 108 812 577 315
p 2 0 66 854 309 251
p 2 9 196 715 9502 582
p 2 0 92 828 491 295
p 2 0 64 856 294 249
p 2 5 192 723 8912 572
p 2 0 134 786 572 337
p 2 0 195 725 4250 425
p 2 0 110 810 485 303
p 2 0 177 743 3666 397
p 2 0 90 830 395 276
p 2 0 204 716 3824 418
p 2 0 102 818 447 287
p 2 0 140 780 3679 374
p 2 0 89 831 417 275
p 2 0 178 742 3818 398
p 2 0 111 809 465 291
p 2 0 89 831 3687 341
p 2 0 66 854 437 263
p 2 0 191 729 3840 407
p 2 0 73 847 444 270
p 2 0 92 828 3681 346
p 2 0 63 857 417 259
p 2 0 151 769 3795 381
p 2 0 62 858 401 257
p 2 0 88 832 3645 340
p 2 0 62 858 436 260
p 2 0 165 755 3805 387
p 2 0 57 863 397 255
p 2 0 86 834 3662 342
p 2 0 59 861 379 255
p 2 0 147 773 3772 377
p 2 0 60 860 389 253
p 2 0 115 805 3686 357
p 2 0 52 868 367 248
p 2 0 196 724 3822 408
p 2 0 61 859 402 258
p 2 0 116 804 3655 357
p 2 0 53 867 384 250
p 2 0 174 746 3804 396
i 2 920 0 0 83486 4980
p 2 0 108 812 363 296
p 2 0 46 874 247 233
p 2 0 52 868 2261 259
p 2 0 39 881 284 231
p 2 0 27 893 245 219
p 2 0 40 880 2149 246
p 2 0 27 893 292 223
p 2 0 30 890 255 221
p 2 0 38 882 2057 242
p 2 0 29 891 288 224
p 2 0 13 907 229 208
p 2 0 37 883 1900 241
p 2 0 24 896 276 220
p 2 0 12 908 226 208
p 2 0 33 887 1983 240
p 2 0 23 897 261 217
p 2 0 14 906 225 208
p 2 0 41 879 2286 250
p 2 0 28 892 286 224
p 2 0 11 909 218 205
p 2 0 34 886 2123 239
p 2 0 24 896 278 219
p 2 0 22 898 250 217
p 2 0 39 881 2073 243
p 2 0 28 892 286 223
p 2 0 14 906 224 209
p 2 0 38 882 1529 238
p 2 0 22 898 261 217
p 2 0 11 909 220 206
p 2 0 32 888 1613 235
p 2 0 24 896 278 220
p 2 0 17 903 236 211
p 2 0 83 837 8572 349
p 2 0 60 860 439 257
p 2 0 32 888 544 226
p 2 0 87 833 8707 353
p 2 0 58 862 427 254
p 2 0 19 901 243 212
p 2 4 94 822 9003 388
p 2 0 67 853 442 262
p 2 0 23 897 244 215
p 2 1 97 822 10562 386
p 2 0 73 847 459 269
p 2 0 46 874 338 237
p 2 0 19 901 429 212
p 2 0 25 895 255 217
p 2 0 16 904 227 207
p 2 0 46 874 477 239
p 2 0 26 894 261 217
p 2 0 29 891 275 222
p 2 0 48 872 407 239
p 2 0 23 897 268 220
p 2 0 24 896 251 217
p 2 0 89 831 3050 302
p 2 0 40 880 341 237
p 2 0 22 898 252 215
p 2 0 75 845 2696 285
p 2 0 44 876 339 238
p 2 0 28 892 260 220
p 2 0 63 857 2689 275
p 2 0 35 885 331 228
p 2 0 24 896 257 219
p 2 0 59 861 2723 272
p 2 0 55 865 371 248
p 2 0 29 891 276 221
p 2 0 120 800 4632 334
p 2 0 69 851 431 259
p 2 0 27 893 272 220
p 2 0 135 785 4064 342
p 2 0 68 852 400 256
p 2 0 19 901 250 214
p 2 0 111 809 4067 316
p 2 0 54 866 375 245
p 2 0 23 897 245 215
p 2 0 106 814 3982 312
p 2 0 53 867 361 243
p 2 0 24 896 247 215
p 2 0 104 816 4027 311
p 2 0 53 867 392 246
p 2 0 15 905 232 208
p 2 0 103 817 3970 309
p 2 0 59 861 390 248
p 2 0 16 904 236 210
p 2 0 105 815 4063 313
p 2 0 49 871 350 239
p 2 0 11 909 223 206
p 2 0 104 816 3990 313
p 2 0 52 868 373 241
i 2 920 0 0 14495 3132
p 2 0 271 649 486 450
p 2 0 333 587 488 481
p 2 16 332 572 8868 681
p 2 0 262 658 647 446
p 2 106 247 567 17242 1200
p 2 0 151 769 556 347
p 2 25 352 543 13972 947
p 2 0 218 702 712 416
p 2 1 380 539 12356 814
p 2 0 215 705 715 415
p 2 4 394 522 13375 826
p 2 0 218 702 788 425
p 2 10 195 715 7918 595
p 2 0 134 786 528 337
p 2 0 84 836 330 271
p 2 7 162 751 7960 534
p 2 0 89 831 465 287
p 2 0 49 871 289 243
p 2 8 131 781 7555 492
p 2 0 90 830 431 286
p 2 0 38 882 269 233
p 2 10 124 786 8846 515
p 2 0 81 839 450 282
p 2 0 37 883 271 230
p 2 0 20 900 225 215
p 2 0 25 895 243 217
p 2 0 14 906 222 209
p 2 0 10 910 219 206
p 2 0 5 915 207 201
p 2 1 33 886 1205 248
p 2 0 17 903 281 215
p 2 0 13 907 1279 218
p 2 0 22 898 252 218
p 2 0 17 903 1393 221
p 2 0 16 904 252 212
p 2 0 14 906 1182 223
p 2 0 14 906 250 212
p 2 0 18 902 1275 222
p 2 0 10 910 232 206
p 2 0 11 909 1377 214
p 2 0 11 909 238 208
p 2 0 2 918 201 199
p 2 0 0 920 197 197
p 2 0 2 918 199 199
p 2 0 3 917 204 199
p 2 0 1 919 198 198
p 2 0 1 919 198 198
p 2 0 0 920 197 197
p 2 0 0 920 197 197
p 2 0 1 919 199 198
p 2 0 2 918 201 199
p 2 0 0 920 197 197
i 2 920 0 0 69309 4176
p 2 0 108 812 363 294
p 2 0 60 860 268 249
p 2 0 43 877 1262 247
p 2 0 32 888 285 229
p 2 0 22 898 235 214
p 2 1 29 890 1089 241
p 2 0 19 901 239 216
p 2 0 10 910 226 206
p 2 0 24 896 1289 231
p 2 0 23 897 272 218
p 2 0 19 901 232 211
p 2 1 21 898 1098 235
p 2 0 13 907 231 209
p 2 0 3 917 203 200
p 2 0 17 903 1277 228
p 2 0 15 905 249 213
p 2 0 7 913 213 204
p 2 1 14 905 1045 230
p 2 0 12 908 250 211
p 2 0 4 916 205 201
p 2 0 13 907 1288 223
p 2 0 17 903 257 215
p 2 0 4 916 204 200
p 2 1 17 902 1082 231
p 2 0 11 909 229 207
p 2 0 9 911 214 204
p 2 0 18 902 1272 226
p 2 0 16 904 255 213
p 2 0 12 908 215 206
p 2 1 16 903 1059 229
p 2 0 9 911 225 206
p 2 0 9 911 215 206
p 2 0 11 909 1030 221
p 2 0 6 914 226 204
p 2 0 3 917 204 200
p 2 3 80 837 9981 366
p 2 0 60 860 491 264
p 2 4 85 831 9909 383
p 2 0 81 839 592 284
p 2 2 98 820 10503 394
p 2 0 80 840 576 285
p 2 1 98 821 11365 383
p 2 0 88 832 578 290
p 2 1 81 838 5242 313
p 2 0 58 862 1314 278
p 2 1 64 855 4335 286
p 2 0 55 865 381 250
p 2 0 81 839 5290 323
p 2 0 50 870 405 246
p 2 4 56 860 5057 302
p 2 0 60 860 1273 280
p 2 1 73 846 4429 296
p 2 0 46 874 329 241
p 2 0 61 859 6069 308
p 2 0 46 874 405 247
p 2 1 50 869 4187 270
p 2 0 45 875 1249 265
p 2 1 48 871 4135 272
p 2 0 32 888 308 228
p 2 4 54 862 6079 325
p 2 0 38 882 351 237
p 2 0 39 881 3983 256
p 2 0 48 872 1578 270
p 2 0 51 869 4711 274
p 2 0 32 888 293 228
p 2 1 48 871 5184 295
p 2 0 42 878 381 241
p 2 0 40 880 3793 256
p 2 1 42 877 1568 271
p 2 3 46 871 4747 289
p 2 0 25 895 301 224
p 2 1 52 867 5298 303
p 2 0 35 885 356 234
p 2 0 42 878 4686 263
p 2 1 44 875 1570 273
p 2 1 54 865 3919 277
p 2 0 30 890 294 225
p 2 0 49 871 5185 291
p 2 0 36 884 338 234
p 2 3 35 882 4696 274
p 2 0 44 876 1577 267
p 2 0 47 873 4030 268
p 2 0 26 894 297 224
p 2 1 47 872 5975 301
p 2 0 34 886 353 233
p 2 1 32 887 3824 252
p 2 1 35 884 1525 264
p 2 0 42 878 3781 259
p 2 0 30 890 315 226
p 2 3 47 870 6001 313
p 2 0 29 891 325 227
p 2 0 35 885 3999 253
p 2 0 43 877 1590 267
p 2 0 46 874 4710 269
p 2 0 23 897 293 221
p 2 1 43 876 4866 290
p 2 0 29 891 327 228
p 2 0 34 886 3747 248
p 2 0 37 883 1216 257
p 2 3 40 877 4721 281
i 2 920 0 0 42817 4285
p 2 0 71 849 293 259
p 2 356 473 91 46888 3309
p 2 0 392 528 1129 607
p 2 84 745 91 38713 2219
p 2 0 415 505 1385 665
p 2 77 747 96 33433 2010
p 2 0 388 532 1157 620
p 2 0 199 721 450 360
p 2 0 175 745 379 331
p 2 0 145 775 389 311
p 2 0 98 822 291 266
p 2 0 78 842 280 253
p 2 0 75 845 278 250
p 2 0 92 828 315 262
p 2 0 13 907 237 209
p 2 0 59 861 272 239
p 2 0 10 910 222 207
p 2 0 15 905 228 209
p 2 0 6 914 213 202
p 2 0 3 917 212 200
p 2 0 11 909 221 206
p 2 0 15 905 217 209
p 2 0 1 919 199 198
p 2 9 138 773 4780 405
p 2 0 48 872 310 239
p 2 17 219 684 6721 626
p 2 0 92 828 383 279
p 2 16 198 706 6161 594
p 2 0 165 755 462 334
p 2 11 251 658 4956 593
p 2 0 116 804 387 298
i 2 920 0 0 46150 4519
p 2 14 175 731 4758 618
p 2 517 373 30 57930 4227
p 2 16 575 329 12098 1435
p 2 438 479 3 58504 4291
p 2 17 751 152 17344 1925
p 2 25 713 182 18765 1902
p 2 161 746 13 45217 3237
p 2 34 822 64 19336 2206
p 2 19 787 114 15958 1998
p 2 84 831 5 38576 2770
p 2 12 879 29 16271 2017
p 2 20 832 68 16997 2023
p 2 23 881 16 31225 2318
p 2 11 889 20 15593 1960
p 2 5 859 56 12131 1738
p 2 37 877 6 31171 2315
p 2 2 631 287 3918 1044
p 2 10 575 335 14330 1181
p 2 7 605 308 7203 1257
p 2 12 548 360 13331 1151
p 2 0 473 447 3281 781
p 2 14 616 290 15407 1411
p 2 1 457 462 3035 766
p 2 13 435 472 12427 975
p 2 4 460 456 6592 1062
p 2 11 490 419 12609 1045
p 2 2 440 478 2950 737
p 2 17 544 359 15927 1384
p 2 1 396 523 3120 705
p 2 13 486 421 13040 1045
p 2 4 456 460 5965 991
p 2 14 484 422 12957 1077
p 2 2 377 541 2984 691
p 2 8 515 397 14807 1252
p 2 3 406 511 3125 743
p 2 11 424 485 13069 981
p 2 9 407 504 6089 979
p 2 11 449 460 12967 1019
p 2 2 354 564 3087 660
p 2 17 481 422 15947 1317
p 2 2 376 542 3112 719
p 2 10 440 470 13157 1017
p 2 7 424 489 6622 1031
p 2 11 472 437 13256 1077
i 2 920 0 0 81930 4434
p 2 0 156 764 422 339
p 2 0 73 847 435 260
p 2 2 51 867 2128 260
p 2 0 43 877 485 238
p 2 0 21 899 249 214
p 2 2 36 882 2276 245
p 2 0 27 893 257 219
p 2 0 18 902 425 214
p 2 2 23 895 2039 237
p 2 0 31 889 459 226
p 2 0 23 897 244 215
p 2 2 18 900 2228 232
p 2 0 13 907 242 211
p 2 0 16 904 432 212
p 2 2 24 894 2030 234
p 2 0 22 898 451 218
p 2 0 21 899 242 214
p 2 2 22 896 2228 234
p 2 0 11 909 237 208
p 2 0 8 912 391 206
p 2 2 17 901 2011 230
p 2 0 16 904 420 213
p 2 0 13 907 235 208
p 2 2 34 884 2222 244
p 2 0 20 900 256 216
p 2 0 15 905 358 210
p 2 2 33 885 2034 242
p 2 0 18 902 440 215
p 2 0 26 894 251 219
p 2 2 27 891 2236 239
p 2 0 20 900 256 216
p 2 0 9 911 390 206
p 2 2 18 900 2014 232
p 2 0 17 903 470 215
p 2 0 12 908 227 207
p 2 2 16 902 2248 232
p 2 0 13 907 247 210
p 2 0 8 912 411 207
p 2 2 15 903 2009 229
p 2 0 20 900 458 216
p 2 0 11 909 233 208
p 2 2 16 902 2237 229
p 2 0 14 906 242 210
p 2 0 7 913 388 204
p 2 2 20 898 2020 232
p 2 0 16 904 252 211
p 2 0 11 909 216 206
p 2 2 23 895 2054 234
p 2 0 16 904 237 212
p 2 0 7 913 206 202
p 2 2 17 901 2007 229
p 2 0 11 909 329 207
p 2 0 14 906 218 208
p 2 2 20 898 2127 234
p 2 0 10 910 230 207
p 2 0 5 915 204 202
p 2 2 17 901 2076 230
p 2 0 14 906 237 209
p 2 0 8 912 212 203
p 2 2 18 900 2126 231
p 2 0 8 912 220 204
p 2 0 3 917 203 199
p 2 2 16 902 2084 229
p 2 0 12 908 240 209
p 2 0 3 917 205 200
p 2 2 18 900 2113 230
p 2 0 9 911 222 205
p 2 0 2 918 202 199
p 2 2 16 902 2072 229
p 2 0 9 911 229 205
p 2 0 7 913 210 204
p 2 2 20 898 2140 233
p 2 0 11 909 236 209
p 2 0 5 915 205 202
p 2 2 16 902 2082 230
p 2 0 14 906 239 208
p 2 0 10 910 215 203
p 2 2 16 902 2107 230
p 2 0 7 913 226 205
p 2 0 4 916 205 200
p 2 2 16 902 2063 229
p 2 0 13 907 238 209
p 2 0 4 916 208 201
p 2 2 15 903 2102 228
p 2 0 13 907 228 207
p 2 0 3 917 202 200
p 2 2 17 901 2085 230
p 2 0 7 913 223 203
p 2 0 4 916 205 200
p 2 2 14 904 2105 227
p 2 0 8 912 228 205
p 2 0 4 916 206 200
p 2 2 14 904 2084 228
p 2 0 9 911 227 206
p 2 0 1 919 199 198
p 2 2 46 872 6287 283
p 2 0 34 886 328 229
p 2 0 40 880 4248 258
p 2 2 49 869 2150 264
p 2 0 47 873 4227 267
p 2 0 50 870 372 244
p 2 2 38 880 3553 259
p 2 0 24 896 489 221
p 2 2 34 884 3344 252
p 2 0 24 896 664 222
p 2 0 88 832 8485 349
p 2 0 65 855 468 262
p 2 3 95 822 9461 368
p 2 0 96 824 745 299
p 2 0 61 859 581 257
p 2 0 44 876 1599 245
p 2 0 34 886 523 235
p 2 0 37 883 536 235
p 2 0 64 856 1921 264
p 2 0 42 878 592 240
p 2 0 37 883 591 235
p 2 0 50 870 1905 252
p 2 0 38 882 626 239
p 2 0 27 893 270 220
p 2 0 36 884 2394 249
p 2 0 15 905 244 210
p 2 0 5 915 210 202
p 2 0 26 894 2337 241
p 2 0 22 898 274 219
p 2 0 6 914 213 202
p 2 0 26 894 2370 240
p 2 0 18 902 260 215
p 2 0 4 916 204 200
p 2 0 25 895 2584 243
p 2 0 20 900 397 216
p 2 0 8 912 226 204
i 2 920 0 0 71459 4775
p 2 0 181 739 451 366
p 2 0 96 824 302 279
p 2 0 52 868 701 245
p 2 0 40 880 243 233
p 2 0 11 909 205 205
p 2 0 30 890 796 227
p 2 0 12 908 224 206
p 2 0 15 905 218 209
p 2 0 12 908 783 211
p 2 0 6 914 214 203
p 2 0 3 917 204 200
p 2 0 11 909 636 210
p 2 0 7 913 211 201
p 2 0 4 916 202 201
p 2 0 10 910 668 209
p 2 0 5 915 219 203
p 2 0 3 917 207 200
p 2 0 13 907 693 215
p 2 0 6 914 214 202
p 2 0 2 918 201 199
p 2 0 12 908 835 215
p 2 0 7 913 224 204
p 2 0 5 915 205 201
p 2 0 8 912 740 210
p 2 0 6 914 220 202
p 2 0 0 920 197 197
p 2 0 11 909 674 211
p 2 0 8 912 215 203
p 2 0 2 918 202 199
p 2 0 10 910 540 211
p 2 0 8 912 215 204
p 2 0 4 916 218 201
p 2 0 5 915 452 206
p 2 0 3 917 203 200
p 2 0 6 914 205 203
p 2 0 2 918 342 202
p 2 0 1 919 201 198
p 2 0 2 918 202 199
p 2 0 4 916 383 203
p 2 0 6 914 217 203
p 2 0 3 917 204 199
p 2 0 4 916 342 203
p 2 0 4 916 206 200
p 2 0 1 919 198 198
p 2 0 3 917 254 203
p 2 0 1 919 200 198
p 2 0 2 918 200 199
p 2 0 3 917 381 203
p 2 0 3 917 205 199
p 2 0 4 916 209 201
p 2 0 3 917 389 202
p 2 0 5 915 205 201
p 2 0 3 917 203 199
p 2 0 2 918 248 202
p 2 0 2 918 202 199
p 2 0 2 918 213 199
p 2 0 2 918 453 203
p 2 0 1 919 200 198
p 2 0 1 919 199 198
p 2 0 4 916 338 204
p 2 0 1 919 200 198
p 2 0 1 919 200 198
p 2 0 3 917 385 203
p 2 0 2 918 204 199
p 2 0 0 920 197 197
p 2 0 0 920 197 197
p 2 0 2 918 199 199
p 2 0 0 920 197 197
p 2 0 0 920 197 197
p 2 0 4 916 344 203
p 2 0 4 916 208 201
p 2 2 215 703 17142 715
p 2 0 166 754 878 385
p 2 0 84 836 422 276
p 2 2 230 688 13763 659
p 2 0 183 737 931 393
p 2 0 73 847 396 270
p 2 1 211 708 12717 618
p 2 0 173 747 918 387
p 2 0 113 807 557 313
p 2 0 40 880 571 236
p 2 0 54 866 347 248
p 2 0 54 866 316 244
p 2 0 64 856 529 261
p 2 0 23 897 245 218
p 2 0 28 892 271 222
p 2 0 19 901 503 216
p 2 0 16 904 238 210
p 2 0 16 904 229 208
p 2 0 21 899 485 219
p 2 0 23 897 257 217
p 2 0 10 910 225 206
p 2 0 9 911 494 207
p 2 0 4 916 207 200
p 2 0 8 912 213 202
p 2 0 41 879 463 239
p 2 0 23 897 247 217
p 2 0 18 902 230 212
p 2 0 23 897 526 216
p 2 0 22 898 249 215
p 2 0 21 899 248 214
p 2 0 16 904 455 212
p 2 0 4 916 215 201
p 2 0 8 912 215 203
p 2 0 6 914 478 205
p 2 0 7 913 213 203
p 2 0 3 917 204 201
p 2 0 5 915 432 204
p 2 0 6 914 212 202
p 2 0 11 909 223 205
p 2 0 15 905 335 214
p 2 0 9 911 227 206
p 2 0 3 917 202 200
p 2 0 5 915 489 204
p 2 0 4 916 206 200
p 2 0 22 898 244 215
p 2 0 11 909 379 213
p 2 0 11 909 222 206
p 2 0 15 905 227 209
p 2 0 15 905 504 211
p 2 0 16 904 235 211
p 2 0 11 909 219 206
p 2 0 8 912 439 206
p 2 0 12 908 220 206
p 2 0 9 911 211 202
p 2 0 10 910 485 208
p 2 0 9 911 219 203
p 2 0 2 918 201 199
p 2 0 4 916 204 200
p 2 0 2 918 200 200
p 2 0 4 916 208 200
p 2 0 4 916 427 203
p 2 0 2 918 201 199
p 2 0 4 916 312 207
p 2 0 3 917 204 199
p 2 12 277 631 21539 882
p 2 0 228 692 1090 446
p 2 21 312 587 26226 1025
p 2 0 228 692 1145 447
p 2 16 316 588 28359 1004
p 2 0 251 669 1226 483
p 2 8 315 597 23188 864
p 2 0 253 667 1198 476
p 2 10 301 609 22345 871
p 2 0 251 669 1152 460
p 2 0 153 767 700 348
p 2 1 90 829 638 294
p 2 0 61 859 354 250
p 2 0 17 903 239 212
p 2 1 19 900 746 224
p 2 0 13 907 232 208
p 2 0 62 858 360 253
p 2 1 31 888 493 239
p 2 0 24 896 258 219
p 2 0 16 904 233 211
p 2 1 35 884 792 241
p 2 0 23 897 257 215
p 2 0 23 897 607 223
p 2 0 14 906 238 210
p 2 1 16 903 658 222
p 2 0 12 908 228 206
p 2 0 14 906 237 209
p 2 0 7 913 213 203
p 2 0 40 880 296 230
p 2 9 174 737 17678 603
p 2 0 141 779 758 347
p 2 3 211 706 16364 623
p 2 0 211 709 1321 419
p 2 1 211 708 14986 594
p 2 0 198 722 1028 404
p 2 2 247 671 15296 652
p 2 0 177 743 907 387
p 2 0 98 822 457 289
p 2 0 84 836 563 277
p 2 0 28 892 244 220
p 2 0 32 888 263 223
p 2 0 32 888 604 227
p 2 0 50 870 346 242
p 2 0 29 891 266 224
p 2 0 28 892 481 221
p 2 0 22 898 246 217
p 2 0 21 899 240 212
p 2 0 21 899 511 219
p 2 0 16 904 243 209
p 2 0 7 913 213 203
p 2 0 9 911 378 206
p 2 0 15 905 236 209
p 2 0 25 895 263 217
p 2 0 14 906 560 211
p 2 0 10 910 226 205
p 2 0 11 909 225 205
p 2 0 28 892 423 222
p 2 0 16 904 225 210
p 2 0 11 909 219 206
p 2 0 47 873 657 241
p 2 0 23 897 255 216
p 2 0 12 908 225 207
p 2 0 7 913 442 206
p 2 0 5 915 210 202
p 2 0 2 918 200 199
p 2 0 12 908 475 209
p 2 0 3 917 202 200
p 2 0 6 914 209 201
p 2 0 2 918 201 198
p 2 0 10 910 225 205
p 2 0 3 917 204 200
p 2 0 2 918 200 198
p 2 0 3 917 429 202
p 2 0 4 916 207 201
p 2 0 4 916 275 202
p 2 0 3 917 202 200
p 2 0 0 920 197 197
p 2 0 7 913 209 202
p 2 0 3 917 201 199
i 2 920 0 0 78926 4844
p 2 0 89 831 332 278
p 2 17 230 673 19090 742
p 2 0 156 764 776 360
p 2 9 225 686 17858 677
p 2 0 160 760 791 363
p 2 9 223 688 17212 670
p 2 0 141 779 720 341
p 2 27 209 684 18603 761
p 2 0 138 782 717 341
p 2 10 224 686 19286 731
p 2 0 144 776 741 349
p 2 13 224 683 19048 722
p 2 0 161 759 820 364
p 2 12 214 694 17949 693
p 2 0 169 751 832 376
p 2 17 218 685 17306 703
p 2 0 149 771 743 348
p 2 15 211 694 18385 718
p 2 0 143 777 733 345
p 2 12 222 686 19577 735
p 2 0 147 773 766 356
p 2 10 215 695 18936 707
p 2 0 144 776 741 348
p 2 9 221 690 17707 671
p 2 0 155 765 768 367
p 2 10 212 698 16672 659
p 2 0 145 775 723 348
p 2 18 213 689 18313 729
p 2 0 157 763 754 356
p 2 9 218 693 19383 727
p 2 0 155 765 747 355
p 2 13 216 691 19018 711
p 2 0 156 764 762 360
p 2 11 214 695 17975 685
p 2 0 160 760 793 366
p 2 16 208 696 17421 689
p 2 0 141 779 724 339
p 2 15 209 696 18334 716
p 2 0 126 794 667 326
p 2 11 219 690 19521 729
p 2 0 147 773 722 351
p 2 16 210 694 19186 736
p 2 0 153 767 771 358
p 2 19 206 695 18140 707
p 2 0 141 779 745 344
p 2 4 219 697 16946 648
p 2 0 139 781 730 343
p 2 17 210 693 18380 720
p 2 0 137 783 712 338
p 2 9 218 693 19393 727
p 2 0 145 775 758 348
p 2 14 220 686 18796 723
p 2 0 155 765 794 358
p 2 13 211 696 17529 682
p 2 0 143 777 747 355
p 2 6 214 700 17198 646
p 2 0 146 774 706 340
p 2 15 207 698 18238 716
p 2 0 142 778 759 349
p 2 13 216 691 19347 739
p 2 0 142 778 768 350
p 2 17 209 694 19193 730
p 2 0 155 765 777 367
p 2 19 207 694 18133 706
p 2 0 140 780 751 346
p 2 4 215 701 17025 642
p 2 0 144 776 792 348
p 2 18 205 697 18219 722
p 2 0 144 776 718 345
p 2 14 210 696 19612 745
p 2 0 147 773 757 350
p 2 23 211 686 19347 754
p 2 0 140 780 746 346
p 2 6 215 699 17760 664
p 2 0 150 770 773 354
p 2 6 215 699 17083 645
p 2 0 149 771 720 345
p 2 16 204 700 18232 710
p 2 0 147 773 726 347
p 2 12 218 690 19123 734
p 2 0 145 775 705 347
p 2 16 209 695 18777 711
p 2 0 146 774 724 347
p 2 10 216 694 17915 675
p 2 0 143 777 772 348
p 2 9 210 701 17176 664
p 2 0 144 776 753 348
p 2 27 194 699 18659 750
p 2 0 134 786 703 334
p 2 10 212 698 19323 721
p 2 0 155 765 796 363
p 2 13 214 693 19022 711
p 2 0 148 772 754 350
p 2 4 195 721 15201 587
p 2 0 149 771 717 346
p 2 11 245 664 21087 739
p 2 0 165 755 776 366
p 2 14 198 708 15691 650
p 2 2 183 735 7062 477
p 2 11 222 687 16713 693
p 2 0 140 780 690 346
p 2 9 250 661 23426 773
p 2 0 170 750 787 372
p 2 6 196 718 15101 596
p 2 3 178 739 6471 466
p 2 2 222 696 14444 595
p 2 0 140 780 718 338
p 2 17 232 671 21602 774
p 2 0 154 766 799 363
p 2 8 195 717 16690 655
p 2 5 172 743 7802 483
p 2 10 228 682 16511 672
p 2 0 141 779 681 342
p 2 5 242 673 21613 723
p 2 0 177 743 871 387
p 2 4 199 717 14308 577
p 2 2 171 747 7232 455
p 2 13 206 701 15787 659
i 2 920 0 0 72620 4704
p 2 0 189 731 476 375
p 2 0 109 811 325 298
p 2 35 100 785 10541 600
p 2 0 89 831 441 286
p 2 0 53 867 302 248
p 2 42 132 746 14577 709
p 2 0 97 823 478 292
p 2 0 40 880 274 233
p 2 43 122 755 18790 801
p 2 0 111 809 595 316
p 2 0 49 871 301 239
p 2 56 155 709 23075 951
p 2 0 123 797 642 327
p 2 0 51 869 326 246
p 2 59 155 706 26638 1029
p 2 0 130 790 743 337
p 2 0 48 872 347 242
p 2 68 192 660 30770 1158
p 2 0 174 746 865 387
p 2 0 63 857 375 256
p 2 70 211 639 32485 1253
p 2 0 181 739 888 392
p 2 0 76 844 416 273
p 2 96 227 597 32585 1407
p 2 0 164 756 823 374
p 2 0 71 849 397 265
p 2 96 229 595 34832 1421
p 2 0 179 741 930 392
p 2 0 78 842 423 274
p 2 79 260 581 36057 1406
p 2 0 222 698 1068 436
p 2 0 78 842 403 272
p 2 84 259 577 36388 1469
p 2 0 217 703 1005 436
p 2 0 145 775 565 337
p 2 93 301 526 36215 1548
p 2 0 217 703 1012 427
p 2 0 107 813 462 297
p 2 1 48 871 433 250
p 2 0 28 892 243 219
p 2 0 36 884 258 227
p 2 0 61 859 487 256
p 2 0 28 892 271 224
p 2 0 20 900 234 214
p 2 0 18 902 426 217
p 2 0 51 869 322 244
p 2 0 41 879 295 233
p 2 0 98 822 629 293
p 2 0 58 862 346 249
p 2 0 36 884 297 230
p 2 0 44 876 493 239
p 2 0 55 865 342 247
p 2 0 30 890 269 223
p 2 1 15 904 410 218
p 2 0 12 908 225 207
p 2 0 29 891 254 218
p 2 0 15 905 431 212
p 2 0 15 905 234 211
p 2 0 7 913 210 202
p 2 0 17 903 426 213
p 2 0 8 912 212 202
p 2 0 9 911 215 204
p 2 0 9 911 394 206
p 2 0 35 885 290 228
p 2 0 24 896 253 216
p 2 1 11 908 389 215
p 2 0 8 912 218 204
p 2 0 9 911 219 205
p 2 0 9 911 419 205
p 2 0 3 917 205 200
p 2 0 5 915 210 201
p 2 0 24 896 444 222
p 2 0 8 912 213 203
p 2 0 8 912 213 205
p 2 0 15 905 405 213
p 2 0 6 914 210 202
p 2 0 3 917 205 200
p 2 0 11 909 405 208
p 2 0 7 913 216 204
p 2 0 2 918 202 199
p 2 1 9 910 343 213
p 2 0 14 906 224 208
p 2 0 9 911 212 204
p 2 0 7 913 348 205
p 2 0 0 920 197 197
p 2 0 2 918 200 199
p 2 0 6 914 405 205
p 2 0 7 913 211 202
p 2 0 2 918 198 198
p 2 1 5 914 383 210
p 2 0 6 914 201 201
p 2 0 3 917 204 200
p 2 0 6 914 415 204
p 2 0 6 914 213 202
p 2 0 6 914 210 202
p 2 0 17 903 421 216
p 2 0 4 916 209 202
p 2 0 8 912 210 205
p 2 0 7 913 396 207
p 2 0 15 905 226 208
p 2 0 6 914 207 201
p 2 0 4 916 203 200
p 2 0 4 916 199 199
p 2 0 1 919 198 198
p 2 0 3 917 201 200
p 2 0 0 920 197 197
p 2 0 2 918 199 199
p 2 0 6 914 392 205
p 2 0 5 915 209 202
p 2 1 9 910 342 212
p 2 0 8 912 210 203
p 2 0 4 916 212 201
p 2 0 2 918 202 199
p 2 0 9 911 356 206
p 2 0 0 920 197 197
p 2 0 1 919 199 198
p 2 0 5 915 396 203
p 2 0 3 917 212 200
p 2 0 2 918 204 199
p 2 0 8 912 381 206
p 2 0 8 912 224 204
p 2 0 5 915 208 200
p 2 0 5 915 425 202
p 2 0 19 901 234 212
p 2 0 7 913 207 202
p 2 0 6 914 381 206
p 2 0 3 917 204 199
p 2 0 1 919 198 198
p 2 0 6 914 420 204
p 2 0 4 916 207 201
p 2 0 7 913 227 203
p 2 0 6 914 349 204
p 2 0 4 916 207 201
p 2 0 3 917 202 199
p 2 0 6 914 371 204
p 2 0 12 908 236 209
p 2 0 3 917 203 200
p 2 0 6 914 213 202
p 2 0 3 917 205 199
p 2 0 1 919 198 198
p 2 0 1 919 200 198
p 2 0 2 918 203 198
p 2 0 1 919 199 198
p 2 0 5 915 342 203
p 2 0 3 917 206 200
p 2 0 4 916 343 203
p 2 0 2 918 205 199
p 2 0 2 918 205 199
p 2 0 2 918 200 198
p 2 0 1 919 199 198
p 2 0 5 915 209 201
p 2 0 1 919 199 198
p 2 0 0 920 197 197
p 2 0 0 920 197 197
i 2 920 0 0 47161 4488
p 2 0 340 580 625 516
p 2 0 282 638 479 450
p 2 0 108 812 299 287
p 2 0 148 772 332 321
p 2 0 59 861 253 245
p 2 0 68 852 260 253
p 2 0 22 898 222 216
p 2 0 29 891 224 219
p 2 0 14 906 216 209
p 2 0 11 909 207 206
p 2 0 9 911 213 204
p 2 0 5 915 204 202
p 2 0 5 915 208 201
p 2 0 2 918 199 199
p 2 0 0 920 197 197
p 2 0 1 919 198 198
p 2 0 4 916 201 201
p 2 0 2 918 199 199
p 2 0 0 920 197 197
p 2 0 1 919 198 198
p 2 0 0 920 197 197
p 2 0 1 919 198 198
p 2 0 1 919 198 198
p 2 0 3 917 201 200
p 2 0 2 918 199 199
p 2 0 1 919 198 198
p 2 0 1 919 199 198
p 2 0 0 920 197 197
p 2 0 1 919 199 198
p 2 0 1 919 199 198
p 2 0 6 914 202 202
p 2 0 1 919 198 198
p 2 0 1 919 198 198
p 2 0 0 920 197 197
i 2 920 0 0 69383 4601
p 2 0 222 698 491 398
p 2 1 248 671 10097 503
p 2 10 434 476 31844 1052
p 2 0 382 538 10415 643
p 2 0 222 698 836 411
p 2 5 414 501 38980 1050
p 2 0 318 602 1483 531
p 2 2 156 762 729 357
p 2 8 377 535 29377 959
p 2 0 288 632 1279 496
p 2 0 140 780 516 322
p 2 7 340 573 29770 932
p 2 0 252 668 1088 456
p 2 0 106 814 458 297
p 2 0 57 863 329 246
p 2 0 87 833 612 276
p 2 0 50 870 327 239
p 2 0 56 864 526 247
p 2 0 29 891 262 221
p 2 0 38 882 266 223
p 2 0 24 896 256 217
p 2 0 68 852 378 256
p 2 0 50 870 281 238
p 2 0 33 887 453 224
p 2 0 46 874 282 233
p 2 0 40 880 291 231
p 2 0 16 904 415 210
p 2 0 9 911 223 204
p 2 0 13 907 236 207
p 2 9 290 621 29525 862
p 2 0 189 731 974 394
p 2 0 66 854 368 253
p 2 5 293 622 30261 871
p 2 0 229 691 1116 439
p 2 0 79 841 411 269
p 2 9 290 621 29536 902
p 2 0 220 700 1013 427
p 2 0 68 852 358 259
p 2 4 305 611 32594 884
p 2 0 266 654 1204 477
p 2 0 131 789 572 316
p 2 0 54 866 511 247
p 2 0 33 887 278 227
p 2 0 22 898 261 215
p 2 0 21 899 435 216
p 2 0 20 900 255 214
p 2 0 8 912 225 204
p 2 7 321 592 30216 912
p 2 0 234 686 1051 439
p 2 0 75 845 375 264
p 2 4 303 613 29219 881
p 2 0 215 705 1038 423
p 2 0 109 811 509 298
p 2 6 309 605 30019 904
p 2 0 222 698 1045 426
p 2 0 90 830 417 277
p 2 7 299 614 29928 890
p 2 0 221 699 1047 433
p 2 0 86 834 415 277
p 2 0 39 881 283 230
p 2 0 24 896 266 221
p 2 0 30 890 261 220
p 2 0 15 905 227 210
p 2 33 257 630 34957 1086
p 2 0 205 715 959 412
p 2 36 258 626 34356 1087
p 2 0 217 703 1073 429
p 2 39 264 617 30271 1090
p 2 0 235 685 1015 436
p 2 25 295 600 29829 1035
p 2 0 210 710 970 426
p 2 0 134 786 524 328
p 2 0 66 854 346 256
p 2 0 89 831 426 277
p 2 0 37 883 275 231
p 2 0 32 888 263 226
p 2 0 34 886 265 223
p 2 0 36 884 272 228
p 2 0 12 908 224 208
p 2 0 10 910 218 204
p 2 0 5 915 209 202
p 2 0 9 911 220 205
p 2 0 7 913 210 203
p 2 28 259 633 30988 1088
p 2 0 200 720 999 429
p 2 4 289 627 23924 878
p 2 0 225 695 1051 453
p 2 6 286 628 25088 863
p 2 0 209 711 1036 422
p 2 0 177 743 962 372
p 2 0 49 871 326 243
p 2 0 74 846 375 260
p 2 0 72 848 755 266
p 2 0 82 838 422 276
p 2 0 44 876 312 236
p 2 0 68 852 612 264
p 2 0 35 885 270 227
p 2 0 26 894 251 219
p 2 0 27 893 658 225
p 2 0 50 870 345 245
p 2 0 26 894 268 218
p 2 0 30 890 518 226
p 2 0 10 910 229 206
p 2 0 6 914 215 201
p 2 0 11 909 490 209
p 2 0 8 912 226 205
p 2 0 5 915 206 201
p 2 0 7 913 215 205
p 2 0 9 911 216 205
p 2 0 3 917 202 199
p 2 0 4 916 209 201
p 2 0 7 913 212 203
p 2 0 5 915 208 201
p 2 2 84 834 10492 368
p 2 0 73 847 474 273
p 2 3 100 817 9897 391
p 2 0 78 842 529 281
p 2 1 89 830 9748 373
p 2 0 75 845 520 276
p 2 1 102 817 9490 374
p 2 0 81 839 539 282
p 2 3 96 821 10213 399
p 2 0 89 831 539 291
p 2 2 99 819 11136 429
p 2 0 76 844 499 281
p 2 6 100 814 11292 444
p 2 0 79 841 505 279
p 2 1 94 825 11408 413
p 2 0 82 838 552 285
p 2 6 99 815 12188 446
p 2 0 77 843 529 281
p 2 7 121 792 12592 477
p 2 0 85 835 490 283
p 2 4 102 814 12675 426
p 2 0 82 838 563 284
p 2 5 101 814 13760 457
p 2 0 93 827 541 291
p 2 3 100 817 12086 429
p 2 0 90 830 567 294
p 2 6 103 811 13080 467
p 2 0 79 841 524 282
p 2 5 103 812 12636 463
p 2 0 83 837 535 289
p 2 4 112 804 12530 462
p 2 0 86 834 553 285
p 2 12 94 814 13617 505
p 2 0 80 840 551 285
p 2 9 114 797 13939 519
p 2 0 88 832 539 288
p 2 5 123 792 13995 485
p 2 0 96 824 611 305
p 2 6 119 795 14917 514
p 2 0 82 838 551 287
p 2 4 111 805 12814 460
p 2 0 87 833 574 293
p 2 6 112 802 14373 508
p 2 0 84 836 538 290
p 2 9 111 800 14535 523
p 2 0 107 813 566 311
p 2 9 119 792 14081 518
p 2 0 94 826 597 296
p 2 15 107 798 15541 555
p 2 0 88 832 552 293
p 2 10 109 801 15081 545
p 2 0 93 827 569 291
p 2 8 120 792 15198 531
p 2 0 98 822 579 301
p 2 12 121 787 16139 566
p 2 0 98 822 569 301
p 2 10 129 781 14057 529
p 2 0 103 817 628 308
p 2 13 111 796 15714 578
i 2 920 0 0 63294 4807
p 2 0 201 719 484 382
p 2 44 365 511 32120 1203
p 2 0 239 681 969 442
p 2 14 328 578 27344 981
p 2 0 202 718 971 410
p 2 7 332 581 28292 903
p 2 0 245 675 1099 449
p 2 0 107 813 443 295
p 2 1 57 862 823 264
p 2 0 48 872 292 238
p 2 0 47 873 284 235
p 2 0 65 855 579 268
p 2 0 28 892 255 223
p 2 0 33 887 273 227
p 2 1 28 891 882 231
p 2 0 65 855 367 254
p 2 0 28 892 267 221
p 2 0 24 896 481 230
p 2 0 19 901 242 214
p 2 0 38 882 310 230
p 2 1 19 900 897 227
p 2 0 14 906 245 211
p 2 0 10 910 221 204
p 2 0 57 863 681 258
p 2 0 39 881 303 233
p 2 0 32 888 258 224
p 2 1 26 893 739 235
p 2 0 31 889 306 223
p 2 0 16 904 230 212
p 2 0 16 904 228 209
p 2 0 6 914 210 202
p 2 0 11 909 216 206
p 2 0 13 907 572 219
p 2 0 9 911 216 206
p 2 0 10 910 431 217
p 2 0 4 916 216 203
p 2 0 5 915 220 203
p 2 0 5 915 216 203
p 2 0 5 915 211 202
p 2 0 3 917 208 200
p 2 0 2 918 204 199
p 2 13 262 645 31218 956
p 2 0 206 714 986 419
p 2 19 269 632 31057 977
p 2 0 206 714 978 415
p 2 17 264 639 31289 956
p 2 0 201 719 1008 413
p 2 5 280 635 30944 883
p 2 0 214 706 1026 423
p 2 0 104 816 453 292
p 2 3 194 723 14641 575
p 2 0 162 758 837 365
p 2 0 94 826 461 287
p 2 3 183 734 13455 562
p 2 0 132 788 705 334
p 2 0 52 868 326 243
p 2 7 159 754 14486 552
p 2 0 132 788 761 340
p 2 0 73 847 401 264
p 2 3 169 748 13740 534
p 2 0 119 801 724 328
p 2 0 92 828 465 285
p 2 0 46 874 979 247
p 2 0 60 860 392 255
p 2 0 34 886 293 227
p 2 1 22 897 425 232
p 2 0 18 902 238 214
p 2 0 43 877 312 237
p 2 2 18 900 872 230
p 2 0 15 905 243 209
p 2 0 11 909 226 205
p 2 0 41 879 619 239
p 2 0 15 905 238 211
p 2 0 35 885 308 229
p 2 0 32 888 972 236
p 2 0 24 896 270 220
p 2 0 24 896 264 218
p 2 0 13 907 540 216
p 2 0 8 912 222 205
p 2 0 6 914 211 203
p 2 0 7 913 380 207
p 2 0 8 912 218 205
p 2 0 4 916 209 200
p 2 2 5 913 829 219
p 2 0 3 917 214 201
p 2 0 1 919 200 198
p 2 0 6 914 533 210
p 2 0 4 916 221 202
p 2 0 4 916 209 202
p 2 0 6 914 893 212
p 2 0 4 916 218 203
p 2 0 3 917 203 200
p 2 0 0 920 197 197
p 2 0 0 920 197 197
p 2 0 7 913 212 202
p 2 0 3 917 204 200
p 2 0 6 914 527 210
p 2 0 3 917 212 201
p 2 0 5 915 375 208
p 2 0 4 916 206 201
i 2 920 0 0 6503 3285
p 2 0 916 4 2965 1286
p 2 0 918 2 2932 1299
p 2 0 919 1 3207 1327
p 2 0 918 2 3063 1351
p 2 0 920 0 3580 1419
p 2 0 919 1 3431 1415
p 2 0 920 0 3713 1425
p 2 0 917 3 3779 1444
p 2 0 918 2 4087 1513
p 2 0 920 0 4101 1483
p 2 0 918 2 4462 1530
p 2 0 919 1 4480 1522
p 2 0 918 2 4918 1567
p 2 0 920 0 5207 1594
p 2 0 920 0 5644 1621
p 2 0 919 1 6026 1637
p 2 0 920 0 7012 1705
p 2 0 920 0 7811 1727
p 2 0 920 0 9055 1746
p 2 0 920 0 10305 1729
p 2 0 919 1 12726 1691
p 2 0 920 0 16456 1629
p 2 3 915 2 22602 1631
p 2 0 920 0 33078 1541
p 2 4 916 0 10275 1491
p 2 4 916 0 8004 1421
p 2 5 915 0 7356 1405
p 2 4 916 0 6718 1382
p 2 1 919 0 6436 1336
p 2 6 914 0 6435 1353
p 2 4 916 0 7096 1387
p 2 3 917 0 7056 1369
p 2 5 915 0 6798 1374
p 2 4 916 0 6983 1371
p 2 4 916 0 7466 1398
p 2 0 920 0 6974 1365
p 2 3 917 0 6595 1366
p 2 4 916 0 6281 1359
p 2 1 919 0 6318 1351
p 2 2 918 0 6028 1336
p 2 5 915 0 5864 1329
p 2 1 919 0 5848 1293
p 2 2 918 0 6019 1314
p 2 1 919 0 5775 1273
p 2 3 917 0 6253 1331
p 2 4 916 0 6437 1322
p 2 3 917 0 7220 1362
p 2 2 918 0 7675 1371
p 2 2 918 0 9572 1402
p 2 1 919 0 9719 1406
p 2 8 912 0 10440 1443
p 2 6 914 0 12192 1457
p 2 1 919 0 12641 1419
p 2 3 917 0 12921 1430
p 2 5 915 0 12826 1454
p 2 0 920 0 14380 1460
p 2 5 915 0 14077 1460
p 2 1 919 0 14825 1469
p 2 1 919 0 14536 1471
p 2 3 917 0 15382 1506
p 2 2 918 0 14520 1490
p 2 3 917 0 15942 1546
p 2 3 917 0 14783 1514
p 2 2 918 0 15697 1544
p 2 1 919 0 15036 1519
p 2 3 917 0 15219 1549
p 2 3 917 0 14966 1556
p 2 2 918 0 15290 1561
p 2 3 917 0 15152 1557
p 2 2 918 0 15904 1567
p 2 0 920 0 16093 1557
p 2 5 915 0 17013 1582
p 2 2 918 0 17854 1588
p 2 1 919 0 18141 1581
p 2 7 913 0 19397 1649
p 2 3 917 0 19276 1590
p 2 2 918 0 20743 1598
p 2 5 915 0 20725 1584
p 2 5 915 0 21045 1586
p 2 3 917 0 22271 1592
p 2 5 915 0 22485 1612
p 2 6 914 0 22565 1600
p 2 2 918 0 22593 1591
p 2 7 913 0 22996 1623
p 2 4 916 0 22779 1585
p 2 6 914 0 23547 1623
p 2 2 918 0 24450 1606
p 2 5 915 0 24851 1618
p 2 5 915 0 25139 1620
p 2 6 914 0 24929 1611
p 2 3 917 0 25067 1606
p 2 7 913 0 26459 1626
p 2 3 917 0 26293 1618
p 2 7 913 0 26896 1627
p 2 2 918 0 27559 1620
p 2 4 916 0 27447 1619
p 2 3 917 0 27447 1618
p 2 3 917 0 27803 1619
p 2 8 912 0 27991 1628
p 2 3 917 0 27900 1594
p 2 3 917 0 28281 1588
p 2 4 916 0 28202 1583
p 2 3 917 0 28253 1579
p 2 4 916 0 28713 1550
p 2 6 914 0 29821 1578
p 2 1 919 0 27148 1483
p 2 1 919 0 28142 1463
p 2 5 915 0 25706 1472
p 2 2 918 0 26450 1477
p 2 3 917 0 20306 1400
p 2 2 918 0 23196 1410
p 2 3 917 0 20191 1364
p 2 5 915 0 17413 1307
p 2 2 918 0 18141 1280
p 2 2 918 0 14881 1289
p 2 3 917 0 14007 1291
p 2 0 920 0 15354 1306
p 2 2 918 0 14565 1358
p 2 0 920 0 14289 1318
p 2 1 919 0 15677 1373
p 2 3 917 0 17463 1427
p 2 0 920 0 21935 1495
p 2 1 919 0 24690 1527
p 2 2 918 0 29668 1571
p 2 1 919 0 30651 1573
p 2 1 919 0 33125 1594
p 2 0 920 0 33417 1584
p 2 2 918 0 34885 1609
p 2 0 920 0 33250 1573
p 2 0 920 0 35768 1571
p 2 0 920 0 33967 1576
p 2 0 920 0 32541 1569
p 2 1 919 0 33840 1568
p 2 0 920 0 33527 1560
p 2 0 920 0 34050 1588
p 2 0 920 0 33866 1604
p 2 0 920 0 34571 1606
p 2 0 920 0 34200 1609
p 2 0 920 0 31570 1582
p 2 0 920 0 31252 1555
p 2 0 920 0 25831 1503
p 2 0 920 0 27557 1504
p 2 0 920 0 22142 1490
p 2 0 920 0 16515 1453
p 2 0 920 0 14374 1479
p 2 0 920 0 16603 1479
p 2 0 920 0 23836 1536
p 2 0 920 0 30099 1555
p 2 0 920 0 32202 1589
p 2 0 920 0 31980 1580
p 2 0 920 0 30870 1558
p 2 0 920 0 34869 1553
p 2 0 920 0 34034 1554
p 2 0 920 0 32465 1569
p 2 0 920 0 35211 1562
p 2 0 917 3 37695 1571
p 2 0 916 4 31612 1480
p 2 0 918 2 32384 1580
p 2 0 903 17 19617 1355
p 2 0 903 17 15138 1284
p 2 0 840 80 6816 1154
p 2 0 762 158 3808 1000
p 2 0 610 310 2351 810
p 2 0 194 726 697 374
p 2 0 368 552 1206 545
p 2 0 393 527 1296 570
p 2 0 726 194 3315 968
p 2 0 507 413 2275 726
p 2 0 330 590 1156 516
p 2 0 211 709 818 398
p 2 0 258 662 925 444
p 2 0 217 703 783 397
p 2 0 189 731 707 370
p 2 0 72 848 362 258
p 2 0 109 811 442 293
p 2 0 114 806 467 300
p 2 0 92 828 422 279
p 2 0 97 823 427 285
p 2 0 90 830 404 276
p 2 0 38 882 285 232
p 2 0 67 853 341 257
p 2 0 77 843 382 267
p 2 0 68 852 330 254
p 2 0 41 879 281 232
p 2 0 58 862 317 247
p 2 0 52 868 315 244
p 2 0 42 878 289 235
p 2 0 49 871 305 241
p 2 0 25 895 242 216
p 2 0 23 897 244 217
i 2 920 0 0 26174 4290
p 2 0 647 273 2686 992
p 2 1 694 225 3519 1103
p 2 0 635 285 3148 1014
p 2 2 700 218 3788 1116
p 2 4 659 257 4094 1137
p 2 0 686 234 3529 1095
p 2 2 607 311 4104 1061
p 2 0 670 250 3621 1080
p 2 5 655 260 4244 1119
p 2 2 624 294 3339 1006
p 2 2 612 306 3820 1038
p 2 12 586 322 5137 1071
p 2 3 613 304 4017 1047
p 2 2 613 305 4204 1042
p 2 15 543 362 6119 1086
p 2 0 572 348 3899 968
p 2 0 580 340 4164 1003
p 2 9 557 354 6559 1097
p 2 1 562 357 3791 978
p 2 5 563 352 3882 987
p 2 3 579 338 6322 1075
p 2 0 599 321 3374 980
p 2 4 608 308 4055 1029
p 2 4 628 288 4064 1054
p 2 2 637 281 3988 1041
p 2 0 617 303 4125 1037
p 2 0 559 361 3517 941
p 2 2 617 301 3794 1039
p 2 0 634 286 3846 1040
p 2 1 651 268 3957 1081
p 2 1 627 292 4052 1049
p 2 2 644 274 4300 1099
p 2 1 653 266 4404 1105
p 2 5 659 256 4977 1153
p 2 3 647 270 4945 1126
p 2 2 675 243 5133 1176
p 2 1 667 252 4940 1142
p 2 1 667 252 4659 1146
p 2 1 640 279 4907 1114
p 2 0 665 255 4268 1113
p 2 3 644 273 4260 1097
p 2 0 632 288 4238 1082
p 2 0 616 304 3915 1025
p 2 2 613 305 3549 1026
p 2 3 624 293 4291 1078
p 2 0 625 295 3563 1031
p 2 5 607 308 4096 1038
p 2 1 659 260 4299 1099
p 2 5 645 270 4775 1118
p 2 0 647 273 4314 1090
p 2 0 620 300 3888 1034
p 2 1 620 299 4327 1096
p 2 1 655 264 4205 1115
p 2 0 670 250 4341 1099
p 2 1 651 268 4146 1109
p 2 1 645 274 3917 1066
p 2 0 656 264 3604 1064
p 2 3 665 252 4022 1086
p 2 2 616 302 3584 1030
p 2 0 598 322 3102 964
p 2 0 606 314 3235 997
p 2 2 591 327 3539 1006
p 2 4 598 318 4003 1044
p 2 0 610 310 3819 1032
p 2 1 625 294 3620 1021
p 2 2 627 291 3878 1060
p 2 0 575 345 3360 966
p 2 1 596 323 3582 1000
p 2 6 601 313 3864 1041
p 2 0 585 335 3015 945
p 2 2 509 409 3410 891
p 2 0 558 362 3022 912
p 2 0 574 346 3143 941
p 2 0 493 427 2665 830
p 2 1 509 410 3223 875
p 2 0 492 428 3410 870
p 2 1 542 377 3632 928
p 2 1 573 346 4208 993
p 2 0 586 334 4203 1013
p 2 0 584 336 3781 987
p 2 1 613 306 4399 1059
p 2 6 626 288 4841 1121
p 2 0 593 327 4005 1041
p 2 3 624 293 4321 1085
p 2 0 616 304 4387 1055
p 2 0 632 288 3906 1062
p 2 2 606 312 4447 1068
p 2 6 626 288 4214 1090
p 2 2 656 262 4523 1102
p 2 0 649 271 4311 1077
p 2 0 646 274 4123 1084
p 2 2 692 226 4334 1160
p 2 0 683 237 4153 1119
p 2 1 708 211 4699 1212
p 2 0 647 273 4334 1096
p 2 3 702 215 4765 1202
p 2 1 656 263 4911 1140
p 2 4 678 238 5431 1181
p 2 4 677 239 5554 1197
p 2 1 677 242 5503 1186
p 2 2 659 259 5512 1162
p 2 2 648 270 5164 1134
p 2 4 636 280 5259 1147
p 2 1 598 321 4674 1076
p 2 3 610 307 4642 1094
p 2 3 657 260 4897 1158
p 2 1 596 323 4254 1031
p 2 3 585 332 4185 1030
p 2 6 577 337 4644 1053
p 2 0 631 289 4009 1031
p 2 3 586 331 4065 994
p 2 5 545 370 4039 962
p 2 5 557 358 4780 1020
p 2 0 606 314 4030 1005
p 2 1 520 399 3789 946
p 2 0 505 415 4009 913
p 2 2 494 424 3975 926
p 2 1 563 356 4608 999
p 2 0 557 363 4320 964
p 2 1 523 396 4193 950
p 2 2 584 334 4275 998
p 2 4 539 377 4085 972
p 2 1 610 309 3772 1016
p 2 1 560 359 3173 953
p 2 1 628 291 3446 1009
p 2 2 574 344 3493 981
p 2 3 626 291 4134 1081
p 2 1 585 334 3865 1009
p 2 0 647 273 3831 1067
p 2 0 605 315 3833 1018
i 2 920 0 0 58366 4863
p 2 0 141 779 424 331
p 2 0 372 548 21719 799
p 2 0 261 659 1101 467
p 2 0 345 575 20426 777
p 2 0 293 627 1179 493
p 2 0 383 537 22320 808
p 2 0 263 657 1178 476
p 2 1 362 557 22825 804
p 2 0 308 612 1293 520
p 2 0 219 701 753 404
p 2 0 184 736 642 374
p 2 0 175 745 640 363
p 2 0 86 834 367 273
p 2 0 146 774 502 329
p 2 0 157 763 533 343
p 2 0 132 788 487 318
p 2 0 86 834 355 274
p 2 0 116 804 431 298
p 2 0 128 792 460 315
p 2 0 116 804 448 304
p 2 0 127 793 483 319
p 2 0 145 775 485 329
p 2 0 80 840 357 271
p 2 0 112 808 436 302
p 2 0 129 791 464 318
p 2 0 128 792 459 317
p 2 0 349 571 25247 819
p 2 0 254 666 1192 465
p 2 0 224 696 724 404
p 2 0 405 515 22529 828
p 2 0 296 624 1328 511
p 2 0 190 730 645 377
p 2 6 324 590 24910 830
p 2 0 331 589 1366 537
p 2 0 206 714 708 397
p 2 10 404 506 27028 951
p 2 0 296 624 1271 515
p 2 0 205 715 705 393
p 2 5 429 486 26292 936
p 2 0 314 606 1367 527
p 2 0 213 707 765 402
p 2 13 427 480 28717 1018
p 2 0 291 629 1265 499
p 2 16 482 422 37501 1270
p 2 0 402 518 1553 613
p 2 7 480 433 32952 1122
p 2 0 345 575 1438 558
p 2 2 496 422 33657 1121
p 2 0 400 520 1641 623
p 2 0 287 633 1347 479
p 2 2 265 653 9941 593
p 2 0 243 677 1186 441
p 2 0 203 717 696 391
p 2 0 321 599 8134 592
p 2 0 179 741 722 376
p 2 0 167 753 877 351
p 2 2 303 615 8671 590
p 2 0 280 640 1277 474
p 2 0 109 811 440 297
p 2 0 169 751 1144 360
p 2 0 179 741 611 362
p 2 0 186 734 920 377
p 2 0 105 815 792 297
p 2 0 138 782 819 337
p 2 0 153 767 552 341
p 2 0 163 757 1033 359
p 2 0 105 815 425 296
p 2 0 126 794 751 309
p 2 0 148 772 943 343
p 2 0 171 749 866 361
p 2 0 95 825 392 284
p 2 0 144 776 1197 332
p 2 0 176 744 599 361
p 2 0 151 769 833 337
p 2 0 108 812 439 300
p 2 0 111 809 737 302
p 2 0 113 807 450 302
p 2 0 156 764 845 343
p 2 0 62 858 329 253
p 2 0 95 825 688 286
p 2 0 101 819 401 289
p 2 0 125 795 758 311
p 2 0 88 832 383 281
p 2 0 124 796 973 317
p 2 0 113 807 435 301
p 2 0 93 827 861 290
p 2 0 88 832 382 280
p 2 0 102 818 682 287
p 2 0 84 836 366 274
p 2 0 361 559 3288 533
p 2 0 721 199 21608 1174
p 2 0 884 36 17941 1443
p 2 0 902 18 16513 1555
p 2 0 911 9 13413 1634
p 2 0 911 9 12750 1684
p 2 0 916 4 10577 1715
p 2 0 914 6 8476 1657
p 2 0 917 3 8486 1722
p 2 0 919 1 7298 1728
p 2 0 918 2 7142 1728
p 2 0 920 0 5861 1684
p 2 0 914 6 5662 1672
p 2 0 915 5 5236 1658
p 2 0 916 4 5043 1656
p 2 0 914 6 4525 1625
p 2 0 915 5 4429 1631
p 2 0 913 7 4196 1590
p 2 0 917 3 4060 1600
p 2 0 914 6 3872 1568
p 2 0 916 4 3703 1564
p 2 0 917 3 3654 1534
p 2 0 911 9 3442 1493
i 2 920 0 0 70803 4600
p 2 0 240 680 496 407
p 2 0 215 705 5076 433
p 2 0 111 809 399 294
p 2 1 116 803 4789 346
p 2 0 54 866 347 248
p 2 0 97 823 5088 322
p 2 0 51 869 379 249
p 2 0 76 844 4937 300
p 2 0 53 867 390 248
p 2 0 58 862 312 249
p 2 0 47 873 264 234
p 2 0 25 895 244 218
p 2 0 15 905 231 211
p 2 0 19 901 224 211
p 2 0 20 900 228 212
p 2 0 9 911 205 204
p 2 0 14 906 220 206
p 2 0 4 916 204 201
p 2 0 7 913 256 202
p 2 0 9 911 224 204
p 2 0 6 914 280 203
p 2 0 17 903 221 210
p 2 0 13 907 218 207
p 2 0 39 881 254 228
p 2 0 13 907 218 209
p 2 0 14 906 216 208
p 2 0 29 891 292 219
p 2 0 15 905 227 209
p 2 0 16 904 227 209
p 2 0 10 910 262 206
p 2 0 16 904 219 210
p 2 0 3 917 201 199
p 2 0 6 914 239 202
p 2 0 1 919 199 198
p 2 0 2 918 200 199
p 2 0 4 916 242 200
p 2 0 6 914 217 203
p 2 0 4 916 204 200
p 2 0 5 915 290 201
p 2 0 4 916 207 200
p 2 0 3 917 199 199
p 2 0 2 918 277 199
p 2 0 3 917 201 200
p 2 0 1 919 198 198
p 2 0 16 904 249 209
p 2 0 1 919 199 198
p 2 0 1 919 198 198
p 2 0 8 912 243 204
p 2 0 22 898 215 211
p 2 0 6 914 204 203
p 2 0 17 903 294 210
p 2 0 9 911 209 205
p 2 0 5 915 202 201
p 2 0 18 902 288 209
p 2 0 3 917 200 199
p 2 0 20 900 215 211
p 2 0 5 915 282 202
p 2 0 5 915 205 200
p 2 0 0 920 197 197
p 2 0 3 917 281 199
p 2 0 0 920 197 197
p 2 0 3 917 204 201
p 2 0 3 917 240 199
p 2 0 6 914 212 202
p 2 0 17 903 217 210
p 2 0 5 915 242 201
p 2 0 7 913 207 202
p 2 0 2 918 201 199
p 2 0 0 920 197 197
p 2 0 3 917 204 200
p 2 0 3 917 199 199
p 2 0 4 916 207 200
p 2 0 1 919 199 198
p 2 0 3 917 204 200
p 2 0 3 917 202 200
p 2 0 8 912 250 203
p 2 0 5 915 203 201
p 2 0 5 915 272 202
p 2 0 3 917 202 199
p 2 0 3 917 204 200
p 2 0 3 917 200 200
p 2 0 2 918 199 199
p 2 0 1 919 198 198
p 2 0 0 920 197 197
p 2 0 0 920 197 197
p 2 0 0 920 197 197
p 2 0 2 918 256 199
p 2 0 2 918 202 198
p 2 0 0 920 197 197
p 2 0 2 918 247 199
p 2 0 2 918 202 199
p 2 0 2 918 202 199
p 2 0 3 917 284 199
p 2 0 5 915 206 202
p 2 0 4 916 201 200
p 2 0 4 916 284 201
p 2 0 11 909 207 206
p 2 0 1 919 199 198
p 2 0 4 916 280 200
p 2 0 11 909 210 205
p 2 0 5 915 200 200
p 2 0 2 918 279 200
p 2 0 5 915 203 202
p 2 0 0 920 197 197
p 2 0 8 912 245 203
p 2 0 6 914 207 202
p 2 0 7 913 207 203
p 2 0 2 918 236 199
p 2 0 3 917 201 200
p 2 0 6 914 202 202
p 2 0 1 919 199 198
p 2 0 0 920 197 197
p 2 0 1 919 198 198
p 2 0 0 920 197 197
p 2 0 0 920 197 197
p 2 0 2 918 201 199
p 2 0 2 918 236 199
p 2 0 2 918 202 199
p 2 0 2 918 266 199
p 2 0 2 918 201 199
p 2 0 5 915 200 200
p 2 0 13 907 208 206
p 2 0 35 885 3352 251
p 2 0 34 886 328 231
p 2 0 34 886 2898 245
p 2 0 36 884 325 229
p 2 0 38 882 2985 251
p 2 0 30 890 316 226
p 2 0 15 905 259 208
p 2 0 2 918 208 199
p 2 0 3 917 206 199
p 2 0 11 909 257 208
p 2 0 6 914 209 201
p 2 0 4 916 205 200
p 2 0 9 911 248 203
p 2 0 5 915 214 202
p 2 0 3 917 206 200
p 2 0 2 918 234 198
p 2 0 4 916 207 199
p 2 0 8 912 215 203
p 2 0 3 917 225 200
p 2 0 5 915 207 201
p 2 0 2 918 200 199
p 2 0 9 911 240 204
p 2 0 9 911 214 203
p 2 0 3 917 206 199
p 2 0 3 917 237 200
p 2 0 8 912 213 203
p 2 0 1 919 200 198
p 2 0 5 915 241 201
p 2 0 3 917 204 199
p 2 0 2 918 205 200
p 2 0 2 918 223 199
p 2 0 11 909 210 205
p 2 0 1 919 198 198
p 2 0 2 918 221 199
p 2 0 1 919 198 198
p 2 0 2 918 199 199
p 2 0 0 920 197 197
p 2 0 1 919 198 198
p 2 0 2 918 199 199
p 2 0 21 899 2531 228
p 2 0 17 903 250 213
p 2 1 24 895 2604 238
p 2 0 17 903 261 214
p 2 1 21 898 2463 236
p 2 0 17 903 274 215
p 2 0 23 897 2487 228
p 2 0 19 901 268 216
p 2 0 8 912 215 205
p 2 0 4 916 206 201
p 2 0 3 917 202 200
p 2 0 5 915 209 201
p 2 0 3 917 201 199
p 2 0 1 919 200 198
p 2 0 0 920 197 197
p 2 0 0 920 197 197
p 2 0 1 919 198 198
p 2 0 0 920 197 197
p 2 0 0 920 197 197
p 2 0 0 920 197 197
p 2 0 1 919 199 198
p 2 0 0 920 197 197
p 2 0 1 919 198 198
p 2 0 0 920 197 197
p 2 0 0 920 197 197
p 2 0 0 920 197 197
p 2 0 2 918 199 199
p 2 0 0 920 197 197
p 2 0 1 919 198 198
p 2 0 1 919 198 198
p 2 0 0 920 197 197
p 2 0 0 920 197 197
i 2 920 0 0 90299 5097
p 2 0 884 36 23717 1412
p 2 0 877 43 30382 1493
p 2 0 885 35 30859 1489
p 2 0 890 30 32343 1523
p 2 0 889 31 32151 1524
p 2 0 889 31 32467 1534
p 2 0 888 32 32204 1523
p 2 0 895 25 32455 1530
p 2 0 889 31 32778 1534
p 2 0 886 34 32367 1530
p 2 0 889 31 32724 1547
p 2 0 891 29 32287 1529
p 2 0 899 21 32587 1550
p 2 0 903 17 32523 1540
p 2 0 899 21 32608 1563
p 2 0 902 18 32496 1543
p 2 0 902 18 32871 1556
p 2 0 901 19 32888 1551
p 2 0 898 22 32830 1544
p 2 0 902 18 32901 1556
p 2 0 905 15 32845 1561
p 2 0 907 13 32738 1558
p 2 0 908 12 32625 1568
p 2 0 905 15 32862 1565
p 2 0 905 15 32760 1561
p 2 0 905 15 32644 1553
p 2 0 909 11 32688 1568
p 2 0 906 14 33038 1573
p 2 0 911 9 32536 1571
p 2 0 904 16 32836 1556
p 2 0 901 19 32409 1550
p 2 0 907 13 32797 1571
p 2 0 909 11 33051 1568
p 2 0 897 23 33188 1575
p 2 0 911 9 33092 1584
i 2 920 0 0 76153 4496
p 2 0 320 600 557 470
p 2 0 240 680 420 397
p 2 0 120 800 300 293
p 2 0 158 762 330 318
p 2 0 47 873 238 234
p 2 0 56 864 240 238
p 2 0 14 906 207 206
p 2 0 30 890 222 219
p 2 0 8 912 203 202
p 2 0 6 914 203 202
p 2 0 7 913 205 202
p 2 2 13 905 1588 227
p 2 0 17 903 236 211
p 2 4 35 881 5158 297
p 2 0 46 874 326 237
p 2 17 40 863 7943 405
p 2 0 43 877 345 237
p 2 19 94 807 11522 493
p 2 0 74 846 422 269
p 2 24 116 780 13765 571
p 2 0 79 841 455 276
p 2 34 126 760 17025 648
p 2 0 118 802 524 308
p 2 45 169 706 18367 789
p 2 0 106 814 502 306
p 2 39 166 715 23175 827
p 2 0 150 770 658 348
p 2 40 218 662 23122 872
p 2 0 139 781 685 344
p 2 31 169 720 19780 756
p 2 0 148 772 672 352
p 2 39 165 716 15990 723
p 2 0 129 791 595 332
p 2 31 191 698 17083 742
p 2 0 154 766 637 350
p 2 24 212 684 18068 727
p 2 0 163 757 673 362
p 2 5 169 746 7320 468
p 2 10 164 746 8220 520
p 2 1 208 711 6526 473
p 2 0 126 794 494 321
p 2 4 185 731 13008 539
p 2 0 129 791 579 328
p 2 2 129 789 5799 376
p 2 3 141 776 7454 433
p 2 2 178 740 6021 429
p 2 0 126 794 465 312
p 2 2 181 737 7730 455
p 2 0 115 805 468 304
p 2 0 107 813 400 289
p 2 5 127 788 6679 411
p 2 0 124 796 502 317
p 2 0 88 832 395 275
p 2 0 79 841 342 267
p 2 0 24 896 234 217
p 2 0 25 895 239 218
p 2 0 25 895 241 217
p 2 0 40 880 279 228
p 2 0 29 891 251 221
p 2 0 45 875 1497 245
p 2 0 26 894 286 224
p 2 0 23 897 251 217
p 2 0 29 891 1191 229
p 2 0 26 894 282 222
p 2 0 20 900 238 212
p 2 0 21 899 1286 223
p 2 0 11 909 243 208
p 2 0 12 908 229 208
p 2 0 1 919 198 198
p 2 0 5 915 209 202
p 2 0 3 917 205 200
p 2 0 76 844 382 267
p 2 0 40 880 257 230
p 2 0 12 908 213 208
p 2 0 63 857 320 252
p 2 0 67 853 357 257
p 2 0 55 865 312 244
p 2 0 44 876 352 233
p 2 0 13 907 218 207
p 2 0 18 902 235 212
p 2 0 23 897 275 216
p 2 0 13 907 219 206
p 2 0 22 898 227 214
p 2 0 27 893 277 219
p 2 0 3 917 202 201
p 2 0 21 899 218 212
p 2 0 11 909 221 206
p 2 0 16 904 218 210
p 2 0 3 917 202 200
p 2 0 8 912 244 203
p 2 0 5 915 202 201
p 2 0 2 918 200 199
p 2 0 5 915 247 201
p 2 0 2 918 200 199
p 2 0 3 917 199 199
p 2 0 18 902 287 212
p 2 0 14 906 230 209
p 2 0 11 909 218 206
p 2 0 7 913 261 203
p 2 0 10 910 208 204
p 2 0 7 913 213 203
p 2 0 22 898 276 213
p 2 0 8 912 210 202
p 2 0 2 918 200 199
p 2 0 4 916 240 201
p 2 0 1 919 199 198
p 2 0 0 920 197 197
p 2 0 4 916 242 201
p 2 0 4 916 206 200
p 2 0 5 915 207 202
p 2 0 8 912 262 204
p 2 0 7 913 206 202
p 2 0 5 915 208 201
p 2 0 4 916 259 202
p 2 0 0 920 197 197
p 2 0 0 920 197 197
p 2 0 2 918 239 198
p 2 0 2 918 201 198
p 2 0 2 918 201 199
p 2 0 8 912 247 204
p 2 0 5 915 206 202
p 2 0 6 914 206 202
p 2 0 12 908 218 208
p 2 0 9 911 208 203
p 2 0 7 913 203 203
p 2 0 6 914 241 203
p 2 0 6 914 203 201
p 2 0 6 914 204 202
p 2 0 3 917 245 200
p 2 0 4 916 204 201
p 2 0 0 920 197 197
p 2 0 2 918 200 199
p 2 0 4 916 203 200
p 2 0 6 914 209 202
p 2 0 3 917 206 201
p 2 0 2 918 199 199
p 2 0 1 919 198 198
p 2 0 1 919 200 198
p 2 0 1 919 200 198
p 2 0 3 917 202 200
p 2 0 1 919 253 199
p 2 0 1 919 199 198
p 2 0 0 920 197 197
p 2 0 10 910 244 204
p 2 0 3 917 204 201
p 2 0 0 920 197 197
p 2 0 6 914 243 202
p 2 0 3 917 203 199
p 2 0 7 913 215 204
p 2 0 5 915 256 203
p 2 0 1 919 198 198
p 2 0 1 919 199 198
p 2 0 1 919 249 198
p 2 0 2 918 201 199
p 2 0 1 919 198 198
p 2 0 2 918 242 200
p 2 0 3 917 203 201
p 2 0 2 918 201 199
p 2 0 1 919 237 198
p 2 0 0 920 197 197
p 2 0 0 920 197 197
p 2 0 1 919 251 198
p 2 0 0 920 197 197
p 2 0 1 919 200 198
p 2 0 3 917 252 199
p 2 0 1 919 201 198
p 2 0 0 920 197 197
p 2 0 0 920 197 197
p 2 0 3 917 199 199
p 2 0 1 919 198 198
p 2 0 1 919 236 198
p 2 0 1 919 199 198
p 2 0 1 919 199 198
p 2 0 1 919 237 198
p 2 0 0 920 197 197
p 2 0 0 920 197 197
p 2 0 0 920 197 197
p 2 0 0 920 197 197
i 2 920 0 0 71856 4986
p 2 0 191 729 445 368
p 2 0 128 792 308 298
p 2 7 305 608 23043 780
p 2 0 218 702 971 424
p 2 0 84 836 387 271
p 2 3 278 639 23041 755
p 2 0 208 712 1030 421
p 2 0 78 842 395 271
p 2 3 277 640 24741 769
p 2 0 195 725 943 405
p 2 0 64 856 365 256
p 2 2 282 636 24964 771
p 2 0 224 696 1148 437
p 2 0 94 826 444 282
p 2 1 82 837 711 281
p 2 0 38 882 290 232
p 2 0 75 845 440 267
p 2 1 78 841 3232 312
p 2 0 71 849 450 264
p 2 0 65 855 385 254
p 2 1 135 784 3264 371
p 2 0 53 867 380 250
p 2 0 54 866 346 246
p 2 5 325 590 24567 841
p 2 0 235 685 1118 448
p 2 0 114 806 483 301
p 2 2 276 642 20764 730
p 2 0 213 707 1097 422
p 2 0 89 831 438 280
p 2 9 279 632 22140 774
p 2 0 227 693 1183 443
p 2 0 102 818 473 294
p 2 0 108 812 3032 332
p 2 0 81 839 457 273
p 2 0 57 863 337 244
p 2 0 64 856 3126 290
p 2 0 43 877 367 239
p 2 0 32 888 279 223
p 2 0 66 854 2478 281
p 2 0 50 870 379 245
p 2 0 18 902 242 213
p 2 0 51 869 2516 273
p 2 0 40 880 346 237
p 2 0 25 895 631 222
p 2 0 48 872 2044 263
p 2 1 45 874 633 249
i 2 920 0 0 10236 3319
p 2 0 402 518 653 553
p 2 0 415 505 595 553
p 2 0 260 660 435 408
p 2 0 263 657 447 418
p 2 0 113 807 304 295
p 2 6 186 728 1095 390
p 2 17 114 789 3140 441
p 2 21 223 676 6328 607
p 2 42 213 665 8758 753
p 2 48 403 469 12149 986
p 2 63 448 409 16420 1167
p 2 7 632 281 9982 959
p 2 0 353 567 11814 712
p 2 0 392 528 12993 748
p 2 0 546 374 15544 883
p 2 0 537 383 15422 869
p 2 0 612 308 17463 924
p 2 0 400 520 14933 767
p 2 0 449 471 15156 786
p 2 0 411 509 14144 762
p 2 0 369 551 12927 715
p 2 0 392 528 12054 727
p 2 0 349 571 12411 697
p 2 0 457 463 13207 795
p 2 0 390 530 12982 729
p 2 0 469 451 13541 770
p 2 0 422 498 14943 765
p 2 0 416 504 13971 776
p 2 0 415 505 18350 770
p 2 0 285 635 2208 517
p 2 0 217 703 1664 431
p 2 0 266 654 1774 454
p 2 0 213 707 1834 428
p 2 0 210 710 2117 434
p 2 0 184 736 1956 408
p 2 0 182 738 2067 408
p 2 0 192 728 2250 425
p 2 0 175 745 2440 416
p 2 0 173 747 1646 386
p 2 0 191 729 2189 422
p 2 0 209 711 2396 440
p 2 0 186 734 2411 425
p 2 0 154 766 1792 382
p 2 0 166 754 2231 411
p 2 0 163 757 2452 409
p 2 0 166 754 2500 412
p 2 0 162 758 2049 392
p 2 0 167 753 2397 411
p 2 0 171 749 2592 420
p 2 0 168 752 2803 416
p 2 0 158 762 2052 394
p 2 0 166 754 2539 418
p 2 0 169 751 2728 419
p 2 0 167 753 2499 411
p 2 0 161 759 2166 396
p 2 0 163 757 2464 408
p 2 0 166 754 2694 411
p 2 0 159 761 2091 378
p 2 0 155 765 2138 369
i 2 920 0 0 69391 4529
p 2 0 186 734 440 367
p 2 0 167 753 368 342
p 2 2 186 732 11073 509
p 2 0 178 742 652 365
p 2 0 61 859 297 248
p 2 7 183 730 14490 553
p 2 0 139 781 802 353
p 2 1 181 738 7814 465
p 2 1 118 801 941 321
p 2 0 86 834 2715 302
p 2 0 98 822 3677 335
p 2 0 77 843 2742 291
p 2 0 72 848 390 262
p 2 1 93 826 3483 315
p 2 0 69 851 823 261
p 2 0 48 872 300 235
p 2 0 35 885 269 225
p 2 0 35 885 684 226
p 2 0 35 885 289 225
p 2 0 28 892 242 219
p 2 4 36 880 2754 269
p 2 0 46 874 327 237
p 2 0 28 892 273 219
p 2 1 40 879 2383 257
p 2 0 38 882 307 228
p 2 0 20 900 243 213
p 2 1 39 880 2311 263
p 2 0 40 880 300 230
p 2 0 15 905 235 208
p 2 9 160 751 15464 573
p 2 0 124 796 730 329
p 2 0 64 856 344 255
p 2 6 157 757 11880 525
p 2 0 136 784 664 341
p 2 0 58 862 303 246
p 2 1 156 763 11582 481
p 2 0 122 798 609 325
p 2 0 63 857 316 250
p 2 0 154 766 10458 451
p 2 0 119 801 667 321
p 2 0 57 863 344 246
p 2 0 119 801 9157 413
p 2 0 94 826 619 300
p 2 0 42 878 325 237
p 2 0 29 891 594 220
p 2 0 26 894 260 218
p 2 0 18 902 250 211
p 2 0 42 878 658 234
p 2 0 20 900 234 212
p 2 0 13 907 222 207
p 2 0 12 908 224 207
p 2 0 16 904 243 211
p 2 0 12 908 217 206
p 2 0 11 909 233 208
p 2 0 7 913 555 205
p 2 0 7 913 220 203
p 2 0 10 910 522 207
p 2 0 6 914 218 204
p 2 0 3 917 199 199
p 2 0 2 918 198 198
p 2 0 2 918 198 198
p 2 0 4 916 202 200
p 2 2 156 762 13059 526
p 2 0 112 808 568 305
p 2 0 40 880 307 231
p 2 4 178 738 13202 533
p 2 0 92 828 565 290
p 2 0 58 862 645 255
p 2 6 170 744 13173 556
p 2 0 123 797 692 325
p 2 0 66 854 337 255
p 2 11 178 731 13675 593
p 2 0 110 810 601 313
p 2 0 61 859 547 254
p 2 12 152 756 12151 579
p 2 0 140 780 1006 349
p 2 0 75 845 371 265
p 2 13 148 759 11571 554
p 2 0 131 789 581 322
p 2 0 77 843 601 270
p 2 12 170 738 11405 555
p 2 0 122 798 752 320
p 2 0 68 852 343 254
p 2 16 132 772 11688 536
p 2 0 86 834 496 285
p 2 0 67 853 737 263
p 2 0 51 869 414 241
p 2 0 60 860 679 261
p 2 0 37 883 283 231
p 2 0 34 886 559 232
p 2 0 18 902 244 213
p 2 0 34 886 484 233
p 2 0 22 898 325 214
p 2 0 27 893 564 228
p 2 0 22 898 248 219
p 2 0 38 882 680 240
p 2 0 21 899 253 217
p 2 0 21 899 566 224
p 2 0 14 906 227 211
p 2 0 25 895 540 227
p 2 2 153 765 9899 463
p 2 0 131 789 959 335
p 2 1 126 793 8417 418
p 2 0 116 804 1323 334
p 2 0 151 769 7993 410
p 2 0 97 823 812 300
p 2 0 38 882 299 231
p 2 0 54 866 855 259
p 2 0 25 895 268 222
p 2 0 49 871 486 248
p 2 0 26 894 481 228
p 2 0 24 896 415 224
p 2 0 15 905 232 212
p 2 0 24 896 805 232
p 2 0 18 902 238 212
p 2 0 22 898 510 223
p 2 0 30 890 541 224
p 2 0 30 890 477 228
p 2 0 11 909 225 206
p 2 0 36 884 704 239
p 2 0 19 901 251 215
p 2 0 32 888 427 231
p 2 0 20 900 457 219
p 2 0 30 890 499 231
p 2 0 16 904 235 212
p 2 0 29 891 841 235
p 2 0 21 899 246 216
p 2 0 27 893 478 227
p 2 0 18 902 525 214
p 2 0 23 897 414 224
p 2 0 12 908 223 209
p 2 0 22 898 686 225
p 2 0 13 907 227 209
p 2 0 20 900 469 221
p 2 0 16 904 528 214
p 2 0 23 897 515 225
p 2 0 14 906 239 211
p 2 0 27 893 666 232
p 2 0 18 902 235 212
p 2 0 20 900 402 218
p 2 0 15 905 494 215
p 2 0 18 902 409 219
p 2 0 17 903 229 213
p 2 0 18 902 749 224
p 2 0 17 903 247 212
p 2 0 18 902 501 221
p 2 0 17 903 529 216
p 2 0 21 899 470 222
p 2 0 7 913 216 204
p 2 0 17 903 659 219
p 2 0 15 905 237 211
p 2 0 19 901 408 220
p 2 0 11 909 231 208
p 2 0 14 906 465 218
p 2 0 8 912 219 205
p 2 0 24 896 803 231
p 2 0 11 909 222 206
p 2 0 18 902 646 225
p 2 0 13 907 232 210
p 2 0 16 904 395 218
p 2 0 6 914 212 203
p 2 13 124 783 11202 532
p 2 0 78 842 476 275
p 2 0 47 873 641 246
p 2 16 99 805 11289 506
p 2 0 78 842 893 289
p 2 0 43 877 320 236
p 2 15 116 789 11657 537
p 2 0 86 834 481 283
p 2 0 40 880 462 238
p 2 24 275 621 25690 913
p 2 0 195 725 1040 401
p 2 0 70 850 352 259
p 2 9 196 715 13336 600
p 2 0 115 805 619 312
p 2 0 62 858 670 260
p 2 8 176 736 12355 555
p 2 0 114 806 866 316
p 2 0 59 861 373 253
p 2 8 191 721 12548 589
p 2 0 102 818 569 304
p 2 0 77 843 535 270
p 2 0 38 882 295 233
p 2 0 54 866 517 247
p 2 0 32 888 268 224
p 2 0 29 891 545 226
p 2 0 22 898 265 219
p 2 0 40 880 539 238
p 2 0 15 905 234 210
p 2 0 12 908 336 210
p 2 0 13 907 248 207
p 2 0 23 897 370 217
p 2 0 36 884 316 231
p 2 0 21 899 437 217
p 2 0 15 905 237 209
p 2 0 21 899 526 220
p 2 0 10 910 234 207
p 2 0 25 895 497 222
p 2 0 16 904 243 211
p 2 0 13 907 336 209
p 2 0 6 914 226 204
p 2 0 11 909 365 207
p 2 0 6 914 216 203
p 2 0 16 904 433 213
p 2 0 12 908 241 207
p 2 0 15 905 514 214
p 2 0 9 911 222 204
p 2 0 15 905 468 212
p 2 0 9 911 233 205
p 2 0 9 911 318 205
p 2 0 7 913 221 202
p 2 0 12 908 351 208
p 2 0 12 908 234 208
p 2 0 10 910 419 207
p 2 0 6 914 212 202
p 2 0 13 907 511 212
p 2 0 6 914 221 204
p 2 0 13 907 469 212
p 2 0 10 910 233 206
p 2 0 10 910 332 207
p 2 0 6 914 218 202
p 2 0 9 911 351 207
p 2 0 6 914 217 202
p 2 0 12 908 425 209
p 2 0 7 913 221 203
p 2 0 12 908 528 212
p 2 0 6 914 216 203
p 2 0 13 907 466 212
p 2 0 6 914 221 204
p 2 0 9 911 324 206
p 2 0 4 916 214 201
p 2 0 10 910 353 206
i 2 920 0 0 6491 2860
p 2 577 343 0 12293 3163
p 2 465 455 0 16634 3228
p 2 375 545 0 19256 3219
p 2 304 616 0 22240 3218
p 2 257 663 0 24310 3216
p 2 192 728 0 25650 3169
p 2 166 754 0 25908 3072
p 2 139 781 0 28558 3111
p 2 132 788 0 28904 3031
p 2 131 789 0 30831 3046
p 2 143 777 0 31878 3060
p 2 127 793 0 33809 3023
p 2 0 784 136 14104 1421
p 2 0 603 317 13511 1144
p 2 0 580 340 13461 1040
p 2 0 605 315 13523 1055
p 2 0 480 440 12973 898
p 2 1 523 396 13158 953
p 2 0 493 427 13067 929
p 2 0 506 414 12719 939
p 2 0 455 465 12509 871
p 2 0 460 460 12980 876
p 2 0 491 429 13071 910
p 2 0 548 372 12997 984
p 2 0 496 424 12773 923
p 2 0 487 433 12616 909
p 2 0 524 396 13105 948
p 2 1 485 434 13113 910
p 2 0 460 460 12785 878
p 2 0 470 450 13000 885
p 2 0 476 444 13009 905
p 2 0 446 474 12768 875
p 2 0 427 493 12940 850
p 2 0 459 461 13126 880
p 2 0 468 452 13435 889
p 2 0 479 441 13607 911
p 2 0 413 507 13413 840
p 2 0 433 487 13691 868
p 2 0 462 458 13677 891
p 2 0 454 466 14088 881
p 2 0 420 500 14270 847
p 2 0 443 477 14188 875
p 2 0 459 461 14553 892
p 2 0 445 475 14373 885
p 2 0 458 462 14359 896
p 2 0 469 451 14270 908
p 2 0 433 487 14208 873
p 2 0 441 479 13665 867
p 2 0 474 446 14078 914
p 2 0 456 464 13110 869
p 2 0 411 509 13867 838
p 2 0 437 483 13071 845
p 2 0 434 486 13824 838
p 2 0 435 485 12965 830
p 2 0 420 500 13388 817
p 2 0 427 493 12614 821
p 2 0 426 494 12587 828
p 2 0 450 470 11704 853
p 2 0 410 510 11770 811
p 2 0 424 496 10704 816
p 2 0 432 488 10984 827
p 2 0 438 482 10009 828
p 2 0 408 512 9830 785
p 2 0 436 484 10011 823
p 2 0 440 480 10979 841
p 2 0 445 475 12159 845
p 2 0 399 521 12579 796
p 2 0 430 490 13581 835
p 2 0 445 475 14048 861
p 2 0 461 459 14558 884
p 2 0 415 505 14731 836
p 2 0 452 468 14775 865
p 2 0 471 449 14896 896
p 2 0 449 471 15095 874
p 2 0 408 512 15697 828
p 2 0 426 494 14854 845
p 2 0 429 491 14966 844
p 2 0 441 479 14549 863
p 2 0 394 526 14177 813
p 2 0 432 488 13741 843
p 2 0 441 479 13815 860
p 2 0 453 467 14003 876
p 2 0 388 532 13851 800
p 2 0 423 497 14074 840
p 2 0 424 496 14372 844
p 2 0 424 496 14543 849
p 2 0 387 533 14509 803
p 2 0 419 501 13720 833
p 2 0 427 493 14064 838
p 2 0 411 509 12582 803
p 2 0 401 519 13680 788
p 2 0 411 509 11867 779
p 2 0 406 514 12262 785
p 2 0 434 486 10084 803
p 2 0 378 542 9908 746
p 2 0 421 499 8629 786
p 2 0 436 484 8762 800
p 2 0 404 516 9640 773
p 2 0 375 545 10908 744
p 2 0 403 517 12463 787
p 2 0 401 519 12500 785
p 2 0 391 529 12445 779
p 2 0 393 527 12394 767
p 2 0 406 514 13617 781
p 2 0 393 527 11650 766
p 2 0 371 549 12362 741
p 2 0 391 529 11142 760
p 2 0 385 535 11321 755
p 2 0 378 542 10449 741
p 2 0 384 536 11082 746
p 2 0 378 542 11549 736
p 2 0 392 528 12318 743
p 2 0 365 555 10021 678
p 2 0 340 580 9881 682
p 2 0 342 578 7589 617
p 2 0 336 584 8942 614
p 2 0 325 595 5540 567
p 2 0 313 607 5521 550
p 2 0 266 654 1733 468
p 2 0 247 673 1437 441
p 2 70 155 695 3709 651
i 2 920 0 0 52923 4506
i 2 920 0 0 30736 3982
p 2 264 587 69 40059 2843
p 2 195 671 54 41244 2830
p 2 227 625 68 30590 2649
p 2 0 458 462 948 677
p 2 0 229 691 417 364
p 2 0 241 679 415 373
p 2 0 173 747 384 332
p 2 0 258 662 419 385
p 2 0 223 697 419 365
p 2 0 121 799 308 282
p 2 0 90 830 271 262
p 2 0 66 854 256 244
p 2 0 35 885 237 224
p 2 0 48 872 244 231
p 2 0 67 853 257 244
p 2 0 34 886 232 224
p 2 0 39 881 232 224
p 2 0 15 905 212 208
p 2 0 8 912 206 204
p 2 0 3 917 201 200
p 2 0 8 912 205 203
p 2 0 6 914 208 202
p 2 0 4 916 203 200
p 2 0 3 917 200 200
p 2 0 2 918 200 200
p 2 0 2 918 199 199
p 2 0 1 919 200 198
p 2 0 0 920 197 197
p 2 0 0 920 197 197
p 2 0 0 920 197 197
p 2 0 3 917 203 200
p 2 0 2 918 204 200
p 2 0 1 919 200 198
p 2 0 0 920 197 197
p 2 0 0 920 197 197
p 2 0 0 920 197 197
p 2 0 0 920 197 197
p 2 0 3 917 206 200
p 2 0 0 920 197 197
p 2 0 0 920 197 197
p 2 0 0 920 197 197
p 2 0 0 920 197 197
p 2 0 0 920 197 197
p 2 0 0 920 197 197
p 2 0 0 920 197 197
p 2 0 1 919 198 198
p 2 0 0 920 197 197
p 2 0 0 920 197 197
p 2 0 0 920 197 197
i 2 920 0 0 43825 4628
p 2 0 149 771 401 333
p 2 0 146 774 340 319
p 2 18 538 364 26358 1467
p 2 0 345 575 1223 559
p 2 0 146 774 503 329
p 2 44 500 376 25451 1556
p 2 0 304 616 1123 534
p 2 0 139 781 434 322
p 2 50 466 404 29659 1590
p 2 0 307 613 1133 522
p 2 0 125 795 471 313
p 2 49 465 406 31883 1550
p 2 0 311 609 1270 544
p 2 0 130 790 471 320
p 2 0 70 850 335 259
p 2 0 51 869 286 242
p 2 0 80 840 384 269
p 2 0 56 864 286 243
p 2 0 23 897 247 217
p 2 0 28 892 241 220
p 2 0 50 870 316 241
p 2 0 16 904 223 209
p 2 0 15 905 228 211
p 2 0 31 889 383 237
p 2 0 26 894 240 217
p 2 0 57 863 336 248
p 2 1 29 890 830 235
p 2 0 11 909 224 208
p 2 0 36 884 309 230
p 2 0 20 900 360 227
p 2 0 14 906 213 209
p 2 0 12 908 216 207
p 2 1 21 898 811 226
p 2 0 11 909 225 207
p 2 0 21 899 231 212
p 2 0 19 901 568 225
p 2 0 12 908 219 207
p 2 0 6 914 205 202
p 2 1 11 908 664 218
p 2 0 7 913 223 206
p 2 0 1 919 199 198
p 2 0 0 920 197 197
p 2 0 1 919 199 198
p 2 0 13 907 561 218
p 2 0 8 912 213 204
p 2 0 12 908 346 214
i 2 920 0 0 46087 4106
p 2 0 306 614 532 442
p 2 2 399 519 11316 663
p 2 0 182 738 678 365
p 2 4 176 740 11003 481
p 2 0 129 791 600 323
p 2 3 178 739 13711 497
p 2 0 123 797 734 326
p 2 3 64 853 3145 288
p 2 0 61 859 369 250
p 2 0 31 889 3212 247
p 2 0 41 879 295 231
p 2 0 8 912 212 204
p 2 0 6 914 209 202
p 2 0 18 902 213 209
p 2 0 3 917 205 200
p 2 0 5 915 207 202
p 2 0 4 916 204 200
p 2 0 6 914 212 202
p 2 0 0 920 197 197
p 2 0 1 919 199 199
p 2 0 1 919 198 198
p 2 0 0 920 197 197
p 2 0 0 920 197 197
p 2 6 118 796 14244 513
p 2 0 80 840 547 282
p 2 8 111 801 12209 507
p 2 0 92 828 545 295
p 2 8 142 770 11768 529
p 2 0 102 818 586 305
p 2 11 113 796 10571 509
p 2 0 86 834 509 285
p 2 0 45 875 309 237
p 2 0 18 902 230 212
p 2 0 8 912 211 204
p 2 0 14 906 223 209
p 2 0 18 902 241 211
p 2 0 12 908 216 206
p 2 0 7 913 213 202
p 2 0 4 916 208 201
p 2 0 4 916 207 200
p 2 0 5 915 207 201
p 2 0 8 912 216 204
p 2 0 4 916 204 200
p 2 0 2 918 201 199
p 2 0 8 912 211 204
p 2 0 8 912 211 204
p 2 0 2 918 199 199
p 2 0 1 919 198 198
p 2 0 1 919 200 198
p 2 0 1 919 199 198
p 2 0 2 918 201 200
p 2 0 6 914 210 203
p 2 0 2 918 205 200
p 2 0 6 914 203 201
p 2 0 4 916 199 199
p 2 0 1 919 198 198
p 2 0 5 915 200 200
p 2 0 0 920 197 197
p 2 0 3 917 201 200
p 2 4 108 808 13013 472
p 2 0 88 832 586 290
p 2 6 117 797 13872 505
p 2 0 79 841 552 281
p 2 5 114 801 15097 496
p 2 0 89 831 605 293
p 2 9 131 780 17038 589
p 2 0 157 763 729 346
p 2 2 89 829 2767 339
p 2 0 53 867 360 250
p 2 3 66 851 2739 326
p 2 0 39 881 323 236
p 2 3 61 856 2586 314
p 2 0 42 878 317 240
p 2 3 62 855 2717 319
p 2 0 37 883 326 237
p 2 3 60 857 2572 316
p 2 0 37 883 327 235
p 2 3 59 858 2711 314
p 2 0 31 889 296 227
p 2 3 55 862 2563 309
p 2 0 41 879 304 236
p 2 3 52 865 2683 307
p 2 0 36 884 309 234
p 2 3 47 870 2548 298
p 2 0 39 881 316 238
p 2 2 52 866 2740 300
p 2 0 33 887 297 232
p 2 3 45 872 2527 298
p 2 0 36 884 301 235
p 2 2 51 867 2691 302
p 2 0 34 886 304 232
p 2 3 48 869 2528 301
p 2 0 38 882 290 235
p 2 3 53 864 2668 308
p 2 0 38 882 306 234
p 2 3 46 871 2546 297
p 2 0 33 887 282 229
p 2 2 49 869 2693 298
p 2 0 25 895 262 225
p 2 3 45 872 2518 299
p 2 0 30 890 278 228
p 2 3 46 871 2669 301
p 2 0 27 893 293 228
p 2 3 49 868 2542 302
p 2 0 37 883 297 234
p 2 3 48 869 2719 303
p 2 0 26 894 284 226
p 2 3 46 871 2542 302
p 2 0 32 888 269 228
p 2 2 50 868 2687 296
p 2 0 27 893 283 225
p 2 3 45 872 2525 300
i 2 920 0 0 106458 5563
p 2 0 124 796 379 309
p 2 0 56 864 258 247
p 2 0 29 891 229 223
p 2 0 32 888 230 224
p 2 0 22 898 214 213
p 2 0 8 912 216 206
p 2 0 11 909 208 205
p 2 0 15 905 211 209
p 2 0 11 909 214 206
p 2 0 3 917 202 200
p 2 0 7 913 203 203
p 2 0 18 902 217 211
p 2 0 3 917 201 200
p 2 0 2 918 200 199
p 2 0 8 912 208 203
p 2 0 3 917 202 200
p 2 0 2 918 200 199
p 2 0 2 918 199 199
p 2 0 4 916 204 201
p 2 0 3 917 202 200
p 2 0 3 917 204 200
p 2 0 2 918 200 199
p 2 0 2 918 199 198
p 2 0 3 917 203 199
p 2 0 10 910 209 204
p 2 0 8 912 205 202
p 2 0 6 914 207 201
p 2 0 2 918 200 199
p 2 0 4 916 201 199
p 2 0 2 918 201 199
p 2 0 2 918 199 198
p 2 0 6 914 208 202
p 2 0 6 914 206 201
p 2 0 4 916 203 199
p 2 0 325 595 6009 578
p 2 3 687 230 27542 1278
p 2 19 697 204 39776 1636
p 2 99 630 191 49172 2358
p 2 263 443 214 53157 3147
p 2 191 437 292 54694 2484
p 2 262 373 285 33946 2565
p 2 193 461 266 51301 2858
p 2 70 837 13 66957 2623
p 2 19 897 4 58222 2251
p 2 5 911 4 44802 1960
p 2 10 899 11 36314 1779
p 2 2 877 41 19417 1563
p 2 2 905 13 19729 1627
p 2 4 869 47 19047 1539
p 2 0 833 87 16679 1442
p 2 0 804 116 16203 1419
p 2 1 825 94 14732 1399
p 2 0 728 192 13506 1283
p 2 0 789 131 12355 1306
p 2 0 799 121 12136 1320
p 2 0 772 148 10859 1270
p 2 0 681 239 10053 1151
p 2 0 743 177 9641 1207
p 2 0 755 165 10093 1218
p 2 0 747 173 9170 1197
p 2 0 649 271 8708 1062
p 2 0 692 228 8413 1119
p 2 0 711 209 8589 1130
p 2 0 691 229 7702 1099
p 2 0 560 360 6878 927
p 2 0 655 265 6519 1025
p 2 0 668 252 6675 1036
p 2 0 623 297 5844 974
p 2 0 486 434 4882 792
p 2 0 564 356 4870 873
p 2 0 588 332 5048 904
p 2 0 659 261 4734 968
p 2 0 604 316 4694 909
p 2 0 494 426 3405 768
p 2 0 456 464 3315 716
p 2 0 440 480 2833 689
p 2 0 240 680 2012 469
p 2 0 330 590 2162 561
p 2 0 362 558 2255 596
p 2 0 333 587 1847 557
p 2 0 170 750 1263 382
p 2 0 267 653 1464 481
p 2 0 245 675 1386 459
p 2 0 225 695 1195 432
p 2 0 110 810 777 313
p 2 0 157 763 788 358
p 2 0 172 748 895 373
p 2 0 149 771 704 348
p 2 0 128 792 727 332
p 2 0 219 701 945 419
p 2 0 160 760 609 350
p 2 0 90 830 407 278
p 2 0 75 845 375 266
p 2 0 27 893 249 220
p 2 0 27 893 252 219
p 2 0 24 896 249 222
p 2 0 15 905 231 210
p 2 0 13 907 223 208
p 2 0 6 914 209 201
p 2 0 14 906 222 206
p 2 0 8 912 213 203
p 2 0 8 912 213 202
p 2 0 12 908 225 207
p 2 0 6 914 207 202
p 2 0 4 916 206 200
p 2 0 6 914 208 202
p 2 0 6 914 211 202
i 2 920 0 0 43521 4568
p 2 0 398 522 812 598
p 2 0 317 603 608 496
p 2 0 199 721 456 381
p 2 0 147 773 390 334
p 2 0 117 803 361 306
p 2 0 64 856 265 252
p 2 0 39 881 242 229
p 2 0 65 855 278 250
p 2 0 31 889 241 225
p 2 0 22 898 228 216
p 2 0 29 891 237 223
p 2 0 9 911 208 205
p 2 0 8 912 211 204
p 2 0 18 902 228 213
p 2 0 22 898 223 217
p 2 0 4 916 202 201
p 2 0 4 916 201 201
p 2 0 1 919 198 198
p 2 0 9 911 211 205
p 2 0 44 876 258 236
p 2 0 20 900 216 214
p 2 0 23 897 222 217
p 2 0 36 884 260 229
p 2 0 31 889 240 226
p 2 0 8 912 207 203
p 2 0 3 917 201 200
p 2 0 8 912 210 204
p 2 0 4 916 202 202
p 2 0 13 907 212 209
p 2 0 4 916 209 201
p 2 0 14 906 211 208
p 2 0 17 903 212 209
p 2 0 8 912 205 204
p 2 0 8 912 204 202
p 2 0 187 733 3229 462
p 2 4 768 148 12256 1355
p 2 26 807 87 19947 1766
p 2 55 777 88 31155 2245
p 2 215 583 122 41032 3113
p 2 285 419 216 36169 2641
p 2 359 330 231 24525 2817
p 2 250 509 161 40900 3165
p 2 97 815 8 53363 2893
p 2 43 875 2 46361 2493
p 2 13 898 9 33914 2153
p 2 20 879 21 24075 1913
p 2 14 843 63 13222 1660
p 2 9 864 47 12969 1669
p 2 3 783 134 12159 1513
p 2 0 813 107 11609 1497
p 2 3 811 106 11366 1490
p 2 0 824 96 10649 1456
p 2 0 716 204 9366 1317
p 2 0 753 167 8543 1303
p 2 0 776 144 8228 1316
p 2 1 763 156 7621 1295
p 2 0 645 275 6747 1107
p 2 0 728 192 6922 1209
p 2 0 736 184 7156 1206
p 2 2 715 203 6684 1210
p 2 1 596 323 6107 1034
p 2 1 659 260 6012 1116
p 2 0 691 229 6222 1119
p 2 0 673 247 5734 1126
p 2 0 535 385 5014 921
p 2 0 596 324 4764 982
p 2 0 618 302 4923 988
p 2 0 643 277 4667 1036
p 2 0 481 439 3804 810
p 2 0 422 498 3279 756
p 2 0 512 408 3169 810
p 2 0 567 353 3441 880
p 2 0 461 459 2606 729
p 2 0 328 592 2064 596
p 2 0 416 504 2264 675
p 2 0 396 524 2019 651
p 2 0 243 677 1524 476
p 2 0 291 629 1510 532
p 2 0 253 667 1348 476
p 2 0 276 644 1297 505
p 2 0 168 752 981 383
p 2 0 208 712 940 420
p 2 0 182 738 898 386
p 2 0 201 719 889 414
p 2 0 112 808 636 318
p 2 0 136 784 612 337
p 2 0 137 783 603 337
p 2 0 203 717 707 406
p 2 0 168 752 618 362
p 2 0 138 782 533 339
p 2 0 111 809 467 305
p 2 0 83 837 347 274
p 2 0 29 891 238 224
p 2 0 33 887 262 227
p 2 0 30 890 255 225
p 2 0 33 887 245 226
p 2 0 12 908 222 207
p 2 0 19 901 239 216
p 2 0 14 906 226 209
p 2 0 14 906 227 211
p 2 0 11 909 221 207
p 2 0 11 909 216 207
p 2 0 7 913 210 203
p 2 0 7 913 216 205
p 2 0 5 915 203 200
p 2 0 5 915 207 202
p 2 0 3 917 202 200
i 2 920 0 0 84607 4879
p 2 0 909 11 23107 1484
p 2 0 913 7 27898 1535
p 2 0 911 9 28853 1555
p 2 0 916 4 29252 1568
p 2 0 914 6 29617 1587
p 2 0 913 7 29158 1568
p 2 0 912 8 29245 1591
p 2 0 913 7 29445 1588
p 2 0 917 3 30019 1596
p 2 0 915 5 29369 1585
p 2 0 913 7 29589 1588
p 2 0 912 8 29535 1580
p 2 0 911 9 30018 1588
p 2 0 912 8 29455 1579
p 2 0 909 11 29475 1588
p 2 0 916 4 29771 1601
p 2 0 909 11 30202 1594
p 2 0 916 4 29736 1593
p 2 0 910 10 29906 1586
p 2 0 912 8 29960 1594
p 2 0 915 5 30624 1613
p 2 0 912 8 30096 1606
p 2 0 912 8 29948 1610
p 2 0 915 5 30594 1621
p 2 0 913 7 30122 1620
p 2 0 913 7 30357 1605
p 2 0 910 10 29940 1601
p 2 0 915 5 29965 1599
p 2 0 912 8 29852 1587
p 2 0 912 8 30525 1600
p 2 0 913 7 29947 1593
p 2 0 914 6 30143 1601
p 2 0 912 8 29988 1604
p 2 0 916 4 30501 1608
p 2 0 915 5 30014 1600
p 2 0 913 7 30441 1604
p 2 0 895 25 30257 1597
p 2 0 917 3 30260 1603
p 2 0 913 7 30117 1607
p 2 0 914 6 30290 1609
p 2 0 912 8 30218 1596
p 2 0 911 9 30382 1599
p 2 0 914 6 30099 1601
p 2 0 909 11 29899 1592
p 2 0 914 6 30041 1591
p 2 0 912 8 29632 1593
p 2 0 914 6 30222 1601
p 2 0 910 10 29723 1591
p 2 0 914 6 30191 1606
p 2 0 912 8 29736 1603
p 2 0 911 9 30391 1583
p 2 0 907 13 30000 1591
p 2 0 910 10 30056 1600
p 2 0 910 10 29522 1578
p 2 0 909 11 30198 1584
p 2 0 912 8 29890 1595
p 2 0 916 4 29649 1584
p 2 0 913 7 29941 1590
p 2 0 913 7 30211 1595
p 2 0 918 2 29481 1589
p 2 0 909 11 29997 1607
p 2 0 908 12 29703 1578
p 2 0 915 5 30183 1596
p 2 0 915 5 29277 1584
p 2 0 912 8 29452 1598
i 2 920 0 0 64883 4726
p 2 0 184 736 413 350
p 2 1 116 803 3022 336
p 2 0 80 840 340 264
p 2 0 68 852 2604 281
p 2 0 34 886 304 229
p 2 0 48 872 2559 264
p 2 0 23 897 274 219
p 2 1 32 887 2491 259
p 2 0 25 895 278 219
p 2 1 33 886 2342 255
p 2 0 26 894 283 224
p 2 1 34 885 3029 266
p 2 0 25 895 296 222
p 2 0 28 892 2565 248
p 2 0 24 896 468 222
p 2 0 31 889 2531 253
p 2 0 26 894 298 222
p 2 1 33 886 2616 261
p 2 0 29 891 294 225
p 2 1 30 889 2332 253
p 2 0 27 893 464 226
p 2 1 33 886 2878 264
p 2 0 26 894 298 222
p 2 0 32 888 2644 255
p 2 0 24 896 283 218
p 2 0 30 890 2522 251
p 2 0 27 893 531 226
p 2 1 33 886 2504 259
p 2 0 22 898 268 219
p 2 0 34 886 2522 256
p 2 0 27 893 298 222
p 2 1 28 891 2889 260
p 2 0 21 899 439 219
p 2 0 26 894 2602 245
p 2 0 21 899 276 218
p 2 0 30 890 2615 253
p 2 0 24 896 294 221
p 2 1 29 890 2484 255
p 2 0 26 894 538 225
p 2 0 31 889 2399 251
p 2 0 24 896 280 221
p 2 1 31 888 3007 263
p 2 0 26 894 297 222
p 2 0 29 891 2587 248
p 2 0 24 896 460 222
p 2 0 27 893 2552 248
p 2 0 21 899 281 217
p 2 1 30 889 2626 259
p 2 0 25 895 291 222
p 2 0 30 890 2367 250
p 2 0 26 894 351 225
p 2 1 31 888 2916 261
p 2 0 26 894 297 221
p 2 0 27 893 2794 252
p 2 0 26 894 295 224
p 2 0 29 891 2529 248
p 2 0 23 897 351 220
p 2 1 28 891 2489 253
p 2 0 20 900 279 217
p 2 0 31 889 2630 254
p 2 0 23 897 271 219
p 2 1 29 890 2893 260
p 2 0 18 902 389 216
p 2 0 28 892 2569 250
p 2 0 19 901 268 216
p 2 0 30 890 2713 253
p 2 0 23 897 296 221
p 2 1 29 890 2484 254
p 2 0 21 899 350 222
p 2 0 30 890 2388 248
p 2 0 28 892 418 226
p 2 0 33 887 3394 264
p 2 0 23 897 291 221
p 2 0 10 910 223 205
p 2 3 28 889 3125 283
p 2 0 24 896 295 223
p 2 0 8 912 220 204
p 2 1 33 886 2879 275
p 2 0 26 894 301 225
p 2 0 17 903 250 214
p 2 0 35 885 3163 274
p 2 0 28 892 310 228
p 2 0 13 907 227 207
p 2 0 7 913 326 207
p 2 0 5 915 212 202
p 2 0 5 915 271 204
p 2 9 319 592 19884 934
p 2 0 237 683 1067 451
p 2 0 100 820 423 291
p 2 69 431 420 31317 1509
p 2 0 348 572 1412 568
p 2 60 203 657 13782 921
p 2 3 422 495 18467 968
p 2 32 344 544 11423 914
p 2 0 234 686 845 430
p 2 57 407 456 34119 1412
p 2 0 313 607 1444 548
p 2 111 256 553 27784 1423
p 2 3 232 685 3164 507
p 2 52 350 518 25425 1247
p 2 0 219 701 930 434
p 2 64 319 537 30138 1327
p 2 0 252 668 1041 458
p 2 0 176 744 644 363
p 2 0 86 834 1551 299
p 2 0 105 815 477 299
p 2 0 63 857 346 253
p 2 0 94 826 520 294
p 2 0 32 888 268 225
p 2 0 68 852 369 258
p 2 1 43 876 597 244
p 2 0 61 859 343 251
p 2 0 33 887 277 225
p 2 0 32 888 487 230
p 2 0 13 907 222 208
p 2 0 9 911 220 204
p 2 0 10 910 512 209
p 2 0 67 853 377 256
p 2 0 34 886 287 228
p 2 0 58 862 404 255
p 2 0 28 892 261 221
p 2 0 30 890 263 220
p 2 1 27 892 561 230
p 2 0 28 892 257 220
p 2 0 13 907 223 207
p 2 0 21 899 449 220
p 2 0 12 908 223 206
p 2 0 14 906 232 208
p 2 0 7 913 511 208
p 2 0 8 912 218 204
p 2 0 6 914 209 202
p 2 0 15 905 435 213
p 2 0 6 914 210 202
p 2 0 8 912 211 204
p 2 0 7 913 250 205
p 2 0 5 915 208 202
p 2 0 8 912 212 203
p 2 0 8 912 458 204
p 2 0 4 916 207 200
p 2 0 4 916 206 200
p 2 0 6 914 506 206
p 2 0 3 917 208 200
p 2 0 1 919 200 198
p 2 0 13 907 431 215
p 2 0 10 910 223 205
p 2 0 5 915 208 201
p 2 0 9 911 511 208
p 2 0 7 913 221 203
p 2 0 8 912 218 204
p 2 0 12 908 280 215
p 2 0 8 912 210 203
p 2 0 3 917 203 199
p 2 1 4 915 504 210
p 2 0 4 916 210 201
p 2 0 3 917 203 199
p 2 0 6 914 265 209
p 2 0 3 917 202 201
p 2 0 3 917 201 200
p 2 1 3 916 499 210
p 2 0 1 919 199 198
p 2 0 3 917 203 200
p 2 0 5 915 413 207
p 2 0 2 918 211 199
p 2 0 1 919 199 198
p 2 0 6 914 510 207
p 2 0 4 916 206 201
p 2 0 1 919 199 198
p 2 0 1 919 198 198
p 2 0 0 920 197 197
p 2 0 1 919 200 198
p 2 0 1 919 198 198
p 2 0 5 915 415 209
p 2 0 4 916 208 201
p 2 0 3 917 242 202
p 2 0 1 919 198 198
p 2 0 1 919 198 198
p 2 0 1 919 198 198
p 2 0 0 920 197 197
i 2 920 0 0 54383 4729
p 2 0 216 704 507 398
p 2 54 379 487 27207 1307
p 2 0 246 674 949 460
p 2 14 326 580 22038 993
p 2 0 256 664 998 462
p 2 17 361 542 23502 1077
p 2 0 229 691 981 450
p 2 10 245 665 14150 702
p 2 1 160 759 876 373
p 2 12 245 663 14698 737
p 2 0 147 773 727 360
p 2 0 102 818 957 297
p 2 0 48 872 298 240
p 2 0 65 855 362 257
p 2 1 49 870 501 260
p 2 0 15 905 233 212
p 2 0 11 909 218 207
p 2 0 25 895 733 226
p 2 0 8 912 213 204
p 2 0 44 876 309 235
p 2 0 24 896 563 226
p 2 0 13 907 229 209
p 2 0 29 891 265 224
p 2 0 25 895 733 219
p 2 0 45 875 322 240
p 2 0 9 911 218 204
p 2 0 6 914 209 203
p 2 0 15 905 230 209
p 2 0 18 902 240 211
p 2 0 24 896 257 216
p 2 0 7 913 212 203
p 2 0 10 910 219 206
p 2 0 10 910 222 206
p 2 0 13 907 221 207
p 2 0 9 911 218 204
p 2 0 13 907 224 209
p 2 0 16 904 544 217
p 2 0 10 910 215 206
p 2 1 14 905 311 221
p 2 0 12 908 220 208
p 2 0 8 912 213 206
p 2 0 9 911 226 206
p 2 0 5 915 208 201
p 2 0 3 917 205 199
p 2 0 5 915 208 201
p 2 0 1 919 200 198
p 2 0 3 917 203 199
p 2 0 3 917 205 201
p 2 0 0 920 197 197
p 2 0 1 919 200 198
p 2 0 2 918 202 199
p 2 0 0 920 197 197
p 2 0 0 920 197 197
p 2 0 0 920 197 197
p 2 0 1 919 200 198
p 2 0 1 919 199 198
p 2 0 1 919 200 198
p 2 0 1 919 199 198
p 2 0 2 918 203 199
p 2 0 3 917 203 199
p 2 0 0 920 197 197
p 2 0 0 920 197 197
p 2 0 0 920 197 197
p 2 0 1 919 199 198
p 2 0 1 919 199 198
p 2 0 0 920 197 197
p 2 0 1 919 200 198
p 2 0 0 920 197 197
p 2 0 0 920 197 197
p 2 0 0 920 197 197
p 2 0 1 919 198 198
p 2 5 42 873 1790 290
p 2 0 23 897 254 219
p 2 4 44 872 3010 285
p 2 0 27 893 267 220
p 2 3 41 876 2986 280
p 2 0 21 899 272 218
p 2 0 8 912 214 204
p 2 0 1 919 199 198
p 2 0 2 918 200 199
p 2 0 1 919 198 198
p 2 0 1 919 200 198
p 2 0 1 919 199 198
p 2 0 0 920 197 197
p 2 0 2 918 202 199
p 2 0 1 919 199 198
p 2 0 0 920 197 197
p 2 0 0 920 197 197
p 2 0 1 919 199 198
p 2 0 0 920 197 197
p 2 0 0 920 197 197
p 2 0 1 919 199 198
p 2 0 3 917 203 199
p 2 0 2 918 201 199
p 2 0 0 920 197 197
p 2 0 1 919 198 198
p 2 0 0 920 197 197
p 2 0 1 919 198 198
p 2 0 0 920 197 197
p 2 0 0 920 197 197
p 2 0 0 920 197 197
p 2 0 0 920 197 197
p 2 0 0 920 197 197
p 2 0 0 920 197 197
p 2 0 0 920 197 197
p 2 0 0 920 197 197
p 2 0 0 920 197 197
p 2 0 0 920 197 197
p 2 0 0 920 197 197
p 2 0 0 920 197 197
p 2 0 0 920 197 197
p 2 0 0 920 197 197
p 2 0 0 920 197 197
p 2 0 0 920 197 197
p 2 0 0 920 197 197
p 2 0 0 920 197 197
p 2 0 0 920 197 197
p 2 0 0 920 197 197
p 2 0 0 920 197 197
i 2 920 0 0 82285 4601
p 2 0 298 622 542 451
p 2 0 178 742 366 348
p 2 0 107 813 516 289
p 2 0 94 826 298 276
p 2 0 37 883 232 228
p 2 0 76 844 560 256
p 2 0 36 884 241 225
p 2 0 23 897 223 215
p 2 0 38 882 539 227
p 2 0 19 901 243 212
p 2 0 11 909 219 207
p 2 0 25 895 432 216
p 2 0 13 907 225 207
p 2 0 9 911 206 203
p 2 0 15 905 490 210
p 2 0 8 912 217 204
p 2 0 7 913 203 202
p 2 0 10 910 403 206
p 2 0 5 915 215 202
p 2 0 6 914 210 202
p 2 0 9 911 513 206
p 2 0 9 911 221 204
p 2 0 3 917 204 200
p 2 0 21 899 558 215
p 2 0 21 899 223 213
p 2 0 7 913 204 202
p 2 0 29 891 465 220
p 2 0 15 905 224 208
p 2 0 11 909 211 205
p 2 0 17 903 519 212
p 2 0 5 915 214 201
p 2 0 6 914 208 202
p 2 0 9 911 435 206
p 2 0 5 915 211 201
p 2 0 3 917 203 200
p 2 0 9 911 543 208
p 2 0 7 913 221 202
p 2 0 16 904 217 210
p 2 0 8 912 538 206
p 2 0 11 909 215 205
p 2 0 2 918 202 199
p 2 0 9 911 439 206
p 2 0 4 916 213 201
p 2 0 1 919 199 198
p 2 0 7 913 515 204
p 2 0 3 917 210 201
p 2 0 2 918 201 200
p 2 0 9 911 436 206
p 2 0 3 917 209 200
p 2 0 6 914 215 203
p 2 0 12 908 542 209
p 2 0 9 911 213 205
p 2 0 21 899 214 212
p 2 0 11 909 537 207
p 2 0 7 913 215 204
p 2 0 16 904 214 209
p 2 0 12 908 455 208
p 2 0 8 912 217 203
p 2 0 2 918 202 198
p 2 0 10 910 521 208
p 2 0 6 914 220 202
p 2 0 12 908 210 206
p 2 0 12 908 431 209
p 2 0 11 909 214 206
p 2 0 7 913 207 202
p 2 0 9 911 523 207
p 2 0 6 914 215 202
p 2 0 2 918 202 199
p 2 0 8 912 534 206
p 2 0 5 915 216 202
p 2 0 2 918 200 199
p 2 0 9 911 410 205
p 2 0 5 915 208 201
p 2 0 6 914 212 202
p 2 0 20 900 490 214
p 2 0 6 914 213 203
p 2 0 5 915 209 201
p 2 0 8 912 428 205
p 2 0 7 913 214 203
p 2 0 7 913 236 202
p 2 0 11 909 506 208
p 2 0 7 913 217 204
p 2 0 4 916 205 201
p 2 0 9 911 494 206
p 2 0 8 912 217 204
p 2 0 8 912 212 205
p 2 0 11 909 436 206
p 2 0 6 914 210 202
p 2 0 2 918 233 199
p 2 0 7 913 479 204
p 2 0 4 916 214 202
p 2 0 4 916 201 200
p 2 0 14 906 394 208
p 2 0 7 913 216 204
p 2 0 7 913 241 202
p 2 0 8 912 493 206
p 2 0 4 916 210 201
p 2 0 4 916 241 200
p 2 0 11 909 499 207
p 2 0 5 915 223 202
p 2 0 4 916 206 200
p 2 0 9 911 420 206
p 2 0 4 916 208 200
p 2 0 1 919 200 198
p 2 0 7 913 483 204
p 2 0 5 915 219 201
p 2 0 2 918 201 199
p 2 0 18 902 410 211
p 2 0 5 915 215 202
p 2 0 1 919 198 198
p 2 0 7 913 489 205
p 2 0 6 914 212 203
p 2 0 2 918 204 199
p 2 0 8 912 490 205
p 2 0 5 915 211 201
p 2 0 1 919 199 198
p 2 0 8 912 402 203
i 2 920 0 0 121100 5503
p 2 0 94 826 387 282
p 2 0 26 894 287 221
p 2 0 14 906 264 212
p 2 0 13 907 263 211
p 2 0 6 914 244 204
p 2 0 2 918 212 200
p 2 0 0 920 197 197
p 2 0 0 920 197 197
p 2 0 3 917 206 199
p 2 0 1 919 198 198
p 2 0 3 917 213 200
p 2 12 900 8 19386 1652
p 2 9 910 1 22284 1714
p 2 4 911 5 24458 1730
p 2 4 915 1 26632 1750
p 2 4 916 0 26832 1769
p 2 0 920 0 29000 1767
p 2 0 920 0 27287 1784
p 2 0 920 0 28997 1790
p 2 1 919 0 27170 1826
p 2 3 917 0 29290 1867
p 2 19 901 0 26884 1972
p 2 28 892 0 26847 2053
p 2 79 841 0 24317 2128
p 2 0 891 29 12947 1647
p 2 0 911 9 12238 1587
p 2 0 901 19 12998 1618
p 2 0 905 15 11986 1578
p 2 0 890 30 12642 1602
p 2 0 890 30 11500 1552
p 2 0 893 27 12465 1612
p 2 0 874 46 11451 1541
p 2 0 887 33 11962 1601
p 2 0 869 51 11123 1531
p 2 0 889 31 11681 1576
p 2 0 864 56 10553 1509
p 2 0 753 167 2844 1068
p 2 0 304 616 830 493
p 2 0 462 458 1204 637
p 2 0 382 538 1134 566
p 2 0 450 470 1273 618
p 2 0 190 730 587 369
p 2 0 274 646 815 456
p 2 0 355 565 987 526
p 2 0 207 713 648 390
p 2 0 185 735 533 359
i 2 920 0 0 2668 2668
p 2 0 0 920 197 197
p 2 0 0 920 197 197
p 2 0 0 920 197 197
p 2 0 0 920 197 197
p 2 0 0 920 197 197
p 2 37 535 348 3005 835
p 2 9 858 53 5040 1153
p 2 0 913 7 5689 1277
p 2 2 872 46 6197 1305
p 2 0 914 6 6700 1408
p 2 0 866 54 7224 1434
p 2 2 875 43 6720 1421
p 2 2 853 65 7692 1420
p 2 2 877 41 7596 1424
p 2 2 884 34 9450 1431
p 2 2 889 29 9887 1429
p 2 6 900 14 10888 1462
p 2 1 896 23 11066 1477
p 2 3 887 30 12280 1546
p 2 0 905 15 13055 1590
p 2 5 872 43 13347 1563
p 2 1 864 55 13780 1497
p 2 1 897 22 14506 1530
p 2 16 902 2 17269 1841
p 2 26 891 3 18407 1973
p 2 32 888 0 19244 2024
p 2 36 882 2 22702 2062
p 2 32 888 0 22721 1954
p 2 34 877 9 24564 1957
p 2 35 884 1 27230 1985
p 2 2 914 4 23514 1680
p 2 5 910 5 23569 1793
p 2 1 917 2 24494 1702
p 2 3 917 0 24132 1713
p 2 4 910 6 22346 1623
p 2 2 916 2 21501 1643
p 2 2 910 8 16274 1529
p 2 1 916 3 17214 1643
p 2 4 909 7 23166 1595
p 2 3 914 3 27996 1712
p 2 26 890 4 31596 1810
p 2 3 916 1 32351 1756
p 2 8 910 2 32021 1706
p 2 4 914 2 33447 1767
p 2 2 914 4 33241 1724
p 2 3 912 5 34549 1708
p 2 3 914 3 38350 1732
p 2 9 911 0 36897 1797
p 2 10 910 0 30790 1644
p 2 8 912 0 28621 1651
p 2 9 910 1 17408 1535
p 2 10 910 0 15524 1608
p 2 35 885 0 26891 1673
p 2 6 914 0 39549 1722
p 2 38 882 0 41440 1895
p 2 4 916 0 38940 1746
p 2 7 912 1 39800 1791
p 2 8 912 0 39079 1730
p 2 24 896 0 40345 1758
p 2 30 890 0 36633 1772
p 2 3 911 6 18993 1497
p 2 3 908 9 16061 1465
p 2 2 910 8 30350 1533
p 2 3 905 12 32797 1541
p 2 2 912 6 35674 1552
p 2 2 910 8 34855 1599
p 2 0 917 3 41225 1611
p 2 3 914 3 25033 1429
p 2 0 914 6 15497 1327
p 2 4 913 3 14551 1279
p 2 1 916 3 37187 1568
p 2 0 917 3 37313 1551
p 2 2 914 4 33869 1565
p 2 0 917 3 39827 1609
p 2 1 910 9 23615 1470
p 2 2 917 1 15971 1433
p 2 2 914 4 38694 1548
p 2 2 914 4 36414 1515
p 2 0 914 6 38770 1534
p 2 1 918 1 27448 1416
p 2 1 918 1 12311 1348
p 2 0 913 7 29721 1431
p 2 0 912 8 33121 1491
p 2 0 917 3 40078 1526
p 2 0 909 11 22623 1448
p 2 1 911 8 23744 1446
p 2 0 912 8 35148 1499
p 2 0 915 5 41715 1557
p 2 0 917 3 14057 1374
p 2 0 918 2 29413 1457
p 2 0 916 4 35069 1494
p 2 0 916 4 30853 1450
p 2 0 915 5 24050 1435
p 2 0 910 10 35078 1502
p 2 0 848 72 21190 1300
p 2 0 802 118 5728 1149
p 2 0 392 528 1460 575
p 2 0 231 689 875 417
p 2 0 129 791 579 316
p 2 0 137 783 562 321
p 2 0 95 825 441 280
p 2 0 101 819 493 287
p 2 0 49 871 310 237
p 2 0 34 886 280 224
p 2 0 33 887 280 224
p 2 0 74 846 425 268
p 2 0 62 858 391 253
p 2 0 35 885 305 229
p 2 0 19 901 245 213
p 2 0 21 899 250 214
p 2 0 16 904 240 211
p 2 0 9 911 228 204
p 2 0 13 907 225 209
p 2 0 14 906 238 208
p 2 0 10 910 225 204
p 2 0 9 911 221 205
p 2 0 5 915 207 201
p 2 0 9 911 216 203
p 2 0 13 907 232 207
p 2 16 569 335 31148 1220
p 2 0 272 648 1216 482
p 2 0 248 672 968 439
p 2 14 522 384 30387 1141
p 2 0 364 556 1573 579
p 2 0 197 723 749 381
p 2 10 449 461 30356 1030
p 2 0 242 678 1214 460
p 2 0 188 732 710 374
p 2 3 385 532 25500 837
p 2 0 337 583 1555 551
p 2 0 112 808 516 303
p 2 1 336 583 25907 796
p 2 0 292 628 1325 504
p 2 0 268 652 1143 464
p 2 0 97 823 469 283
p 2 0 113 807 506 299
p 2 0 103 817 478 291
p 2 0 253 667 1026 443
p 2 0 225 695 925 417
p 2 0 99 821 447 284
p 2 0 81 839 413 266
p 2 0 89 831 427 279
p 2 0 75 845 397 264
p 2 0 32 888 284 222
p 2 0 21 899 254 214
p 2 0 40 880 308 234
p 2 5 524 391 35823 1195
p 2 0 285 635 1347 505
p 2 0 97 823 448 284
p 2 10 462 448 34998 1121
p 2 0 420 500 1778 640
p 2 0 343 577 1214 532
p 2 13 449 458 36615 1187
p 2 0 320 600 1452 546
p 2 0 133 787 546 325
p 2 22 642 256 37519 1430
p 2 0 469 451 1963 697
p 2 0 253 667 881 441
p 2 0 181 739 674 369
p 2 0 75 845 365 263
p 2 0 80 840 387 267
p 2 0 57 863 332 246
p 2 0 128 792 569 317
p 2 0 58 862 674 252
p 2 0 70 850 381 260
p 2 0 77 843 672 272
p 2 0 91 829 452 278
p 2 0 37 883 281 228
p 2 0 16 904 243 211
p 2 0 43 877 316 234
p 2 0 46 874 628 241
p 2 0 66 854 377 254
p 2 0 32 888 273 225
p 2 0 28 892 679 225
p 2 0 23 897 253 216
p 2 0 31 889 272 223
p 2 1 19 900 479 225
p 2 0 19 901 244 212
p 2 0 17 903 238 210
p 2 0 135 785 962 327
p 2 0 77 843 408 268
p 2 0 72 848 390 262
p 2 0 90 830 774 283
p 2 0 55 865 336 243
p 2 0 28 892 261 221
p 2 0 27 893 634 224
p 2 0 37 883 284 228
p 2 0 38 882 291 229
p 2 1 12 907 461 217
p 2 0 61 859 365 250
p 2 0 29 891 276 222
p 2 0 19 901 657 218
p 2 0 11 909 228 206
p 2 0 23 897 247 216
p 2 0 18 902 594 216
p 2 0 5 915 211 200
p 2 0 9 911 220 204
p 2 0 13 907 596 212
p 2 0 8 912 215 204
p 2 0 7 913 214 203
p 2 0 4 916 210 201
p 2 0 2 918 205 200
p 2 0 737 183 4108 1066
p 2 0 248 672 895 430
p 2 0 39 881 295 231
p 2 0 18 902 553 216
p 2 0 11 909 224 204
p 2 0 8 912 492 209
i 2 920 0 0 69599 5362
p 2 0 90 830 343 277
p 2 39 475 406 46034 1625
p 2 0 344 576 1609 578
p 2 19 495 406 41229 1448
p 2 0 345 575 1527 565
p 2 12 517 391 42493 1409
p 2 0 364 556 1656 590
p 2 0 151 769 594 339
p 2 15 327 578 22222 920
p 2 0 237 683 976 441
p 2 0 114 806 497 304
p 2 13 313 594 21461 883
p 2 0 220 700 947 427
p 2 0 76 844 384 268
p 2 11 297 612 21377 861
p 2 0 228 692 1018 441
p 2 0 108 812 467 296
p 2 13 304 603 24611 879
p 2 0 218 702 981 423
p 2 0 153 767 635 338
p 2 0 73 847 376 263
p 2 0 51 869 311 242
p 2 0 29 891 254 221
p 2 144 459 317 59636 2296
p 2 0 340 580 1518 586
p 2 50 538 332 53468 1900
p 2 0 387 533 1738 670
p 2 81 528 311 54492 1972
p 2 0 369 551 1698 620
p 2 160 480 280 64000 2512
p 2 0 359 561 1530 607
p 2 135 513 272 65930 2389
p 2 0 373 547 1662 616
p 2 46 583 291 56309 1867
p 2 0 418 502 1775 654
p 2 26 590 304 46696 1635
p 2 0 377 543 1617 600
p 2 35 560 325 47754 1614
p 2 0 385 535 1633 610
p 2 2 228 690 1307 448
p 2 5 346 569 22661 944
p 2 7 247 666 2289 501
p 2 0 145 775 581 334
p 2 8 345 567 21511 936
p 2 0 217 703 1630 435
p 2 0 120 800 608 312
p 2 11 335 574 22805 993
p 2 0 306 614 2349 534
p 2 0 102 818 468 293
p 2 8 334 578 23356 945
p 2 0 238 682 992 439
p 2 0 104 816 583 294
p 2 0 97 823 450 285
p 2 0 43 877 414 236
p 2 0 29 891 268 222
p 2 0 33 887 381 225
p 2 0 48 872 339 238
p 2 0 28 892 382 221
p 2 0 23 897 258 215
p 2 0 18 902 356 213
p 2 0 29 891 274 221
p 2 0 19 901 355 214
p 2 0 14 906 216 207
p 2 0 20 900 336 213
p 2 0 15 905 235 209
p 2 0 11 909 334 207
p 2 0 2 918 202 199
p 2 0 8 912 324 204
p 2 0 3 917 206 200
p 2 0 8 912 330 205
i 2 920 0 0 106193 6035
p 2 0 85 835 335 273
p 2 0 9 911 213 206
p 2 6 128 786 10655 480
p 2 0 88 832 555 291
p 2 0 50 870 304 241
p 2 4 154 762 10988 492
p 2 0 115 805 669 328
p 2 0 83 837 389 274
p 2 3 135 782 11102 474
p 2 0 88 832 581 297
p 2 0 31 889 284 226
p 2 9 134 777 10742 495
p 2 0 128 792 653 328
p 2 0 96 824 468 288
p 2 0 27 893 420 221
p 2 0 36 884 279 226
p 2 0 51 869 309 242
p 2 0 51 869 484 244
p 2 0 30 890 270 223
p 2 0 26 894 257 218
p 2 0 11 909 447 208
p 2 0 14 906 221 206
p 2 0 11 909 220 206
p 2 0 97 823 685 291
p 2 0 74 846 398 267
p 2 0 28 892 264 221
p 2 0 49 871 453 239
p 2 0 51 869 315 241
p 2 0 38 882 281 229
p 2 0 40 880 439 232
p 2 0 8 912 215 204
p 2 0 7 913 210 202
p 2 0 24 896 370 214
p 2 0 21 899 228 212
p 2 0 10 910 219 206
p 2 0 8 912 420 205
p 2 0 14 906 226 208
p 2 0 6 914 211 202
p 2 0 11 909 410 208
p 2 0 4 916 206 201
p 2 0 3 917 205 200
p 2 0 7 913 367 204
p 2 0 3 917 205 200
p 2 0 6 914 208 202
p 2 0 7 913 351 204
p 2 0 12 908 223 206
p 2 0 2 918 202 199
p 2 0 5 915 344 202
p 2 0 19 901 232 212
p 2 0 8 912 215 202
p 2 0 14 906 455 209
p 2 0 8 912 218 204
p 2 0 8 912 215 203
p 2 0 14 906 430 209
p 2 0 10 910 216 205
p 2 0 2 918 200 198
p 2 0 4 916 354 202
p 2 0 4 916 209 201
p 2 0 3 917 205 200
p 2 0 5 915 348 202
p 2 0 3 917 208 201
p 2 0 4 916 204 200
p 2 0 5 915 349 202
p 2 0 4 916 209 200
p 2 0 3 917 203 199
p 2 0 5 915 407 202
p 2 0 3 917 204 200
p 2 0 2 918 202 199
p 2 0 7 913 394 203
p 2 0 4 916 210 200
p 2 0 1 919 200 198
p 2 0 5 915 362 202
p 2 0 3 917 207 200
p 2 0 1 919 199 198
p 2 0 4 916 341 201
p 2 0 66 854 368 255
p 2 0 161 759 658 344
p 2 0 919 1 33218 1682
p 2 0 919 1 11639 1468
p 2 0 919 1 17822 1576
p 2 3 916 1 33126 1662
p 2 5 914 1 28989 1664
p 2 3 916 1 39766 1761
p 2 30 890 0 25466 1711
p 2 5 915 0 41423 1740
p 2 59 860 1 48716 2134
p 2 2 916 2 27101 1599
p 2 72 846 2 54650 2239
p 2 0 919 1 37777 1658
p 2 75 843 2 62169 2306
p 2 0 671 249 3072 951
p 2 0 593 327 2407 816
p 2 58 487 375 29830 1356
p 2 0 460 460 1698 657
p 2 0 325 595 1178 512
p 2 25 626 269 27636 1308
p 2 0 367 553 1431 565
p 2 0 355 565 1256 544
p 2 51 472 397 26096 1227
p 2 0 535 385 2114 754
p 2 0 362 558 1310 560
p 2 61 512 347 25740 1338
p 2 0 533 387 2041 750
p 2 0 237 683 844 424
p 2 0 71 849 561 262
p 2 0 72 848 359 258
p 2 0 87 833 408 276
p 2 0 98 822 558 287
p 2 0 29 891 266 221
p 2 0 44 876 300 233
p 2 0 25 895 365 217
p 2 0 28 892 256 220
p 2 0 9 911 217 204
p 2 1 19 900 723 220
p 2 0 14 906 233 210
p 2 0 27 893 259 217
p 2 7 62 851 3246 317
p 2 0 71 849 394 262
p 2 0 40 880 471 234
p 2 31 207 682 27498 857
p 2 0 185 735 906 389
p 2 32 211 677 23745 839
p 2 16 174 730 9538 559
p 2 36 234 650 25113 921
p 2 0 214 706 944 413
p 2 69 400 451 50465 1569
p 2 0 267 653 1382 501
p 2 2 110 808 708 310
p 2 33 272 615 23459 906
p 2 0 235 685 1415 443
p 2 0 209 711 813 396
p 2 41 248 631 24602 933
p 2 0 187 733 902 392
p 2 0 162 758 1026 350
p 2 31 351 538 23823 1015
p 2 2 322 596 1576 544
p 2 0 151 769 601 335
p 2 22 282 616 15462 778
p 2 0 114 806 570 309
p 2 0 122 798 520 310
p 2 12 266 642 12863 653
p 2 0 198 722 869 395
p 2 0 119 801 528 308
p 2 13 244 663 13224 654
p 2 0 99 821 556 298
p 2 0 84 836 414 273
p 2 6 221 693 12800 588
p 2 0 282 638 1172 484
p 2 0 109 811 478 297
p 2 17 280 623 12886 711
p 2 0 288 632 1104 483
p 2 0 96 824 454 284
p 2 0 53 867 724 247
p 2 0 27 893 274 221
p 2 0 38 882 284 229
p 2 0 57 863 722 248
p 2 0 53 867 346 244
p 2 0 42 878 321 234
p 2 0 15 905 605 211
p 2 0 23 897 253 215
p 2 0 12 908 227 206
p 2 0 25 895 258 219
p 2 0 16 904 243 210
p 2 0 41 879 300 232
p 2 0 16 904 245 209
p 2 11 177 732 16483 659
p 2 0 153 767 759 354
p 2 10 262 648 18057 738
p 2 0 128 792 677 329
p 2 14 268 638 20609 773
p 2 0 230 690 1061 439
p 2 12 348 560 18164 817
p 2 0 186 734 904 392
p 2 3 363 554 19096 793
p 2 0 386 534 1515 598
p 2 0 190 730 738 379
p 2 1 157 762 911 351
p 2 0 97 823 452 284
p 2 0 29 891 262 219
p 2 0 43 877 683 237
p 2 0 37 883 287 228
p 2 0 68 852 365 257
p 2 0 56 864 700 247
p 2 0 34 886 280 227
p 2 0 10 910 218 204
p 2 0 16 904 621 212
p 2 0 14 906 245 209
p 2 0 26 894 274 217
p 2 1 14 905 510 216
p 2 0 9 911 216 204
p 2 0 13 907 224 208
p 2 0 26 894 653 222
p 2 0 15 905 238 210
p 2 0 9 911 216 204
p 2 0 12 908 591 210
p 2 0 10 910 225 205
p 2 0 7 913 214 203
p 2 0 41 879 681 235
p 2 0 18 902 245 212
p 2 0 13 907 227 208
p 2 0 11 909 219 204
p 2 0 13 907 229 207
p 2 0 12 908 226 207
p 2 0 10 910 573 209
p 2 0 15 905 241 209
p 2 21 316 583 27526 956
p 2 0 168 752 911 380
p 2 8 343 569 23378 838
p 2 0 313 607 1370 520
p 2 1 219 700 19753 631
p 2 0 245 675 1103 448
p 2 2 313 605 20966 719
p 2 0 229 691 1181 443
p 2 0 95 825 456 284
p 2 0 77 843 390 266
p 2 0 84 836 412 270
p 2 0 231 689 870 421
p 2 0 60 860 344 249
p 2 0 178 742 681 367
p 2 0 197 723 721 383
p 2 0 75 845 387 266
p 2 0 22 898 243 214
p 2 0 27 893 259 217
p 2 0 24 896 261 217
p 2 0 33 887 286 226
p 2 0 15 905 234 209
p 2 0 13 907 231 208
p 2 0 13 907 228 206
p 2 0 27 893 268 220
p 2 0 3 917 203 200
p 2 0 3 917 203 200
p 2 0 1 919 199 198
p 2 0 5 915 207 201
p 2 0 5 915 208 201
p 2 0 2 918 200 198
p 2 0 2 918 202 199
p 2 0 0 920 197 197
p 2 0 1 919 199 198
p 2 0 0 920 197 197
i 2 920 0 0 79822 4979
p 2 0 181 739 808 382
p 2 0 154 766 867 353
p 2 0 106 814 1002 319
p 2 0 102 818 898 316
p 2 0 337 583 3550 609
p 2 16 657 247 25601 1452
p 2 3 651 266 27145 1393
p 2 1 663 256 25286 1351
p 2 0 909 11 28267 1746
p 2 2 914 4 26979 1750
p 2 0 909 11 27301 1736
p 2 1 913 6 26017 1752
p 2 3 906 11 27014 1773
p 2 0 917 3 25066 1734
p 2 0 908 12 25415 1718
p 2 0 918 2 24401 1715
p 2 0 910 10 25013 1702
p 2 0 915 5 23907 1712
p 2 0 901 19 24417 1697
p 2 0 913 7 23927 1722
p 2 0 907 13 24508 1689
p 2 0 912 8 23619 1716
p 2 0 908 12 24206 1715
p 2 0 916 4 23800 1723
p 2 0 910 10 24631 1727
p 2 0 903 17 23742 1711
p 2 0 912 8 24165 1710
p 2 0 912 8 23598 1732
p 2 0 903 17 24165 1703
p 2 0 908 12 23511 1722
p 2 0 902 18 24035 1707
p 2 0 906 14 23704 1726
p 2 0 902 18 24162 1712
p 2 0 904 16 23508 1699
p 2 0 901 19 23891 1692
p 2 0 905 15 23862 1693
p 2 0 892 28 24253 1684
p 2 0 900 20 23668 1680
p 2 0 895 25 24026 1687
p 2 0 901 19 23870 1688
p 2 0 894 26 23933 1679
p 2 0 905 15 23722 1691
p 2 0 895 25 23575 1665
p 2 0 906 14 23966 1692
p 2 0 904 16 24041 1687
p 2 0 907 13 23922 1695
p 2 0 893 27 23658 1678
p 2 0 905 15 24105 1715
p 2 0 886 34 23706 1681
p 2 0 904 16 24538 1711
p 2 0 892 28 23858 1701
p 2 0 902 18 24389 1728
p 2 0 887 33 24165 1703
p 2 0 893 27 24412 1708
p 2 0 884 36 24016 1697
p 2 0 893 27 24350 1702
p 2 0 888 32 24317 1698
p 2 0 892 28 24846 1703
p 2 0 887 33 24362 1698
p 2 0 895 25 24661 1699
p 2 0 888 32 24198 1703
p 2 0 895 25 24721 1712
p 2 0 890 30 24431 1715
p 2 0 893 27 24748 1699
p 2 0 893 27 24509 1708
p 2 0 898 22 24935 1699
p 2 0 895 25 24458 1723
p 2 0 901 19 24555 1706
p 2 0 899 21 24566 1716
p 2 0 905 15 24694 1713
p 2 0 900 20 24758 1710
p 2 0 905 15 24897 1713
p 2 0 903 17 24862 1716
p 2 0 908 12 25100 1728
p 2 0 904 16 24757 1730
p 2 0 907 13 24656 1709
p 2 0 903 17 24731 1730
p 2 0 908 12 24964 1721
p 2 0 908 12 24777 1726
p 2 0 909 11 25212 1746
p 2 0 911 9 25001 1736
p 2 0 908 12 25172 1732
i 2 920 0 0 76499 4928
p 2 0 745 175 11298 1130
p 2 0 761 159 15551 1240
p 2 1 865 54 33845 1508
p 2 0 843 77 16661 1365
p 2 0 809 111 16663 1326
p 2 1 878 41 34287 1566
p 2 0 850 70 16629 1383
p 2 0 802 118 16310 1322
p 2 0 870 50 32920 1532
p 2 0 863 57 16685 1398
p 2 0 812 108 16230 1337
p 2 0 873 47 32959 1545
p 2 0 832 88 16612 1371
p 2 0 788 132 16166 1314
p 2 0 876 44 33345 1560
p 2 0 863 57 17016 1413
p 2 0 826 94 17169 1382
p 2 1 868 51 35542 1583
p 2 0 843 77 16896 1398
p 2 0 774 146 16651 1322
p 2 0 873 47 34196 1557
p 2 0 861 59 17214 1440
p 2 0 824 96 17475 1386
p 2 0 875 45 34861 1578
p 2 0 841 79 17108 1386
p 2 0 772 148 16927 1324
p 2 0 865 55 34634 1567
p 2 0 867 53 17262 1434
p 2 0 808 112 17373 1351
p 2 0 876 44 33699 1565
p 2 0 852 68 17079 1410
p 2 0 788 132 16750 1335
p 2 0 874 46 32579 1547
p 2 0 854 66 17156 1401
p 2 0 801 119 16921 1336
p 2 0 873 47 35665 1566
p 2 0 837 83 17047 1394
p 2 0 767 153 16769 1318
p 2 0 863 57 36428 1565
p 2 0 844 76 17613 1414
p 2 0 786 134 17212 1322
p 2 0 861 59 35773 1572
p 2 0 832 88 17630 1376
p 2 0 808 112 17550 1344
p 2 0 866 54 35486 1574
p 2 0 854 66 17773 1419
p 2 0 780 140 17060 1317
p 2 1 870 49 35579 1565
p 2 0 833 87 17575 1386
p 2 0 778 142 17319 1314
p 2 0 874 46 34310 1548
p 2 0 827 93 17711 1362
p 2 0 796 124 17791 1322
p 2 1 870 49 36879 1585
p 2 0 843 77 17854 1373
p 2 0 776 144 17838 1321
p 2 1 871 48 36259 1580
p 2 0 860 60 18565 1425
p 2 0 826 94 18520 1375
p 2 0 885 35 36012 1590
p 2 0 857 63 18497 1416
p 2 0 781 139 18243 1335
p 2 0 873 47 36433 1586
p 2 0 855 65 18788 1423
p 2 0 823 97 18737 1381
p 2 0 886 34 36039 1587
p 2 0 853 67 18235 1415
p 2 0 784 136 18309 1328
p 2 1 887 32 34476 1587
p 2 0 858 62 18868 1429
p 2 0 809 111 18629 1361
p 2 0 879 41 37360 1603
p 2 0 858 62 18368 1424
p 2 0 812 108 18251 1362
p 2 1 879 40 37475 1609
p 2 0 854 66 18652 1434
p 2 0 838 82 18929 1409
p 2 0 881 39 36747 1603
p 2 0 866 54 18416 1424
p 2 0 780 140 18321 1358
p 2 0 889 31 36064 1626
p 2 0 859 61 18658 1444
p 2 0 834 86 18927 1409
p 2 0 881 39 35905 1594
p 2 0 855 65 18511 1439
p 2 0 777 143 18209 1355
p 2 0 884 36 36561 1609
p 2 0 859 61 18560 1449
p 2 0 825 95 18975 1404
p 2 1 877 42 38659 1644
p 2 0 872 48 18768 1465
p 2 0 797 123 18560 1373
p 2 4 879 37 37420 1636
p 2 0 855 65 19125 1465
p 2 0 821 99 19405 1420
p 2 1 880 39 37563 1633
p 2 0 854 66 19130 1448
p 2 0 794 126 18889 1389
p 2 0 878 42 37602 1627
p 2 0 858 62 19349 1467
p 2 0 837 83 19708 1438
p 2 0 883 37 36600 1626
p 2 0 860 60 19404 1455
p 2 0 798 122 18939 1381
p 2 2 881 37 35865 1630
p 2 0 869 51 19486 1474
p 2 0 829 91 19528 1422
p 2 0 887 33 38853 1648
p 2 0 871 49 19400 1486
p 2 0 797 123 19083 1380
p 2 4 879 37 39468 1682
p 2 0 868 52 19549 1479
p 2 0 821 99 19380 1412
p 2 1 884 35 38495 1659
p 2 0 847 73 19466 1458
p 2 0 820 100 19703 1421
p 2 2 880 38 37206 1659
p 2 0 861 59 19544 1447
p 2 0 805 115 19171 1375
p 2 3 882 35 38387 1649
p 2 0 867 53 19873 1464
p 2 0 813 107 19723 1401
p 2 1 877 42 36401 1615
p 2 0 859 61 20039 1462
p 2 0 816 104 20004 1399
p 2 2 890 28 39458 1669
p 2 0 852 68 19724 1455
p 2 0 791 129 19648 1367
p 2 1 885 34 38572 1657
p 2 0 865 55 20012 1477
p 2 0 810 110 20343 1415
p 2 1 887 32 38453 1657
p 2 0 847 73 19772 1451
p 2 0 792 128 19482 1381
p 2 0 876 44 38038 1644
p 2 0 864 56 20147 1482
p 2 0 826 94 19961 1426
p 2 3 883 34 37454 1658
p 2 0 852 68 19394 1457
p 2 0 782 138 19277 1360
p 2 1 880 39 35758 1624
p 2 0 849 71 19707 1449
p 2 0 813 107 19887 1416
p 2 3 877 40 39509 1638
p 2 0 849 71 19885 1463
p 2 0 785 135 19554 1373
p 2 1 883 36 39362 1663
p 2 0 854 66 20191 1463
p 2 0 833 87 20434 1452
p 2 0 877 43 39053 1652
p 2 0 853 67 20123 1462
p 2 0 777 143 19704 1382
p 2 1 890 29 37956 1663
p 2 0 851 69 20377 1476
p 2 0 780 140 19701 1381
p 2 1 883 36 38047 1637
p 2 0 859 61 19988 1465
p 2 0 788 132 19730 1388
p 2 4 878 38 37881 1663
p 2 0 855 65 20207 1456
p 2 0 821 99 20352 1416
p 2 2 891 27 40155 1688
p 2 0 863 57 20224 1466
p 2 0 792 128 19781 1389
p 2 0 883 37 38895 1659
p 2 0 867 53 20495 1493
p 2 0 817 103 20832 1431
p 2 2 894 24 38881 1670
p 2 0 873 47 20632 1481
p 2 0 813 107 20173 1419
p 2 0 888 32 38929 1660
p 2 0 864 56 20024 1484
p 2 0 810 110 18416 1373
i 2 920 0 0 48796 4191
p 2 27 648 245 29713 1508
p 2 7 687 226 22687 1290
p 2 10 486 424 19588 1053
p 2 8 593 319 20797 1172
p 2 6 519 395 19308 1081
p 2 4 609 307 19851 1181
p 2 4 514 402 13732 979
p 2 0 344 576 1422 562
p 2 0 256 664 1093 461
p 2 0 250 670 625 425
p 2 0 164 756 487 337
p 2 4 146 770 1441 364
p 2 0 158 762 587 342
p 2 0 99 821 480 288
p 2 0 57 863 972 271
p 2 0 50 870 334 243
p 2 0 21 899 271 216
p 2 0 40 880 1273 250
p 2 0 35 885 277 227
p 2 0 23 897 236 216
p 2 0 10 910 218 205
p 2 0 14 906 234 210
p 2 0 11 909 271 208
p 2 0 35 885 321 227
p 2 0 36 884 344 228
p 2 33 788 99 44006 1823
p 2 0 772 148 7816 1114
p 2 37 861 22 42992 1984
p 2 0 770 150 6471 1124
p 2 117 802 1 49236 2552
p 2 0 758 162 6005 1182
p 2 88 826 6 49805 2377
p 2 4 753 163 8777 1257
p 2 39 878 3 44495 2117
p 2 4 784 132 8853 1316
p 2 33 879 8 46621 2092
p 2 5 794 121 7719 1311
p 2 29 889 2 43580 2093
p 2 3 798 119 8736 1292
p 2 25 887 8 41128 2001
p 2 2 779 139 9222 1298
p 2 65 852 3 48362 2308
p 2 1 747 172 6676 1205
p 2 74 835 11 47051 2265
p 2 0 762 158 9450 1213
p 2 32 863 25 41178 1944
p 2 0 756 164 8648 1193
p 2 33 829 58 42768 1913
p 2 0 584 336 1913 788
p 2 0 389 531 899 549
p 2 1 313 606 880 478
p 2 0 282 638 683 438
p 2 0 149 771 511 325
p 2 3 187 730 1547 383
p 2 0 119 801 429 296
p 2 0 131 789 477 309
p 2 0 63 857 893 265
p 2 0 41 879 289 234
p 2 0 73 847 315 254
p 2 1 36 883 1145 246
p 2 0 55 865 361 245
p 2 0 35 885 339 229
p 2 0 30 890 274 221
p 2 0 15 905 249 210
p 2 0 17 903 247 210
p 2 0 13 907 233 208
p 2 0 9 911 229 205
p 2 0 14 906 258 208
p 2 0 10 910 276 207
p 2 0 11 909 269 208
p 2 0 16 904 283 210
i 2 920 0 0 63630 4507
p 2 0 761 159 18011 1347
p 2 0 736 184 19579 1338
p 2 0 776 144 20280 1401
p 2 0 756 164 19542 1394
p 2 0 785 135 18641 1423
p 2 0 786 134 18247 1405
p 2 0 794 126 20816 1452
p 2 0 792 128 22031 1460
p 2 4 788 128 22735 1498
p 2 5 787 128 22545 1531
p 2 8 787 125 21002 1550
p 2 7 795 118 22470 1557
p 2 4 811 105 23870 1567
p 2 8 808 104 23562 1566
p 2 4 869 47 20621 1609
p 2 4 828 88 19688 1566
p 2 1 861 58 24265 1642
p 2 2 846 72 23717 1622
p 2 1 853 66 22750 1641
p 2 2 852 66 21704 1649
p 2 4 863 53 25927 1702
p 2 8 860 52 25607 1738
p 2 12 881 27 21570 1763
p 2 3 885 32 25032 1770
p 2 1 885 34 25942 1731
p 2 0 886 34 24348 1759
p 2 4 897 19 23648 1819
p 2 9 884 27 22727 1818
p 2 12 893 15 25318 1826
p 2 7 897 16 27497 1897
p 2 8 904 8 23999 1887
p 2 16 895 9 24832 1919
p 2 3 913 4 23348 1878
p 2 2 916 2 23347 1965
p 2 11 904 5 23943 1940
p 2 18 901 1 25477 2010
p 2 20 897 3 25727 2093
p 2 18 901 1 24471 2066
p 2 20 898 2 24883 2100
p 2 26 894 0 24811 2080
p 2 40 880 0 23925 2080
p 2 25 895 0 23721 2087
p 2 25 895 0 23596 2124
p 2 10 909 1 23142 2085
p 2 11 909 0 22547 2142
p 2 5 915 0 20682 2070
p 2 14 906 0 22886 2212
p 2 17 903 0 23281 2197
p 2 28 892 0 24909 2327
p 2 1 919 0 26219 2194
p 2 67 853 0 27143 2379
p 2 43 877 0 22088 2179
p 2 7 913 0 23490 2093
p 2 1 919 0 22082 1946
p 2 6 914 0 21695 1939
p 2 1 919 0 20736 1910
p 2 32 887 1 22574 2031
p 2 66 854 0 22879 2150
p 2 40 880 0 23808 2099
p 2 34 886 0 23822 2130
p 2 39 881 0 27559 2195
p 2 76 842 2 26117 2286
p 2 71 848 1 30818 2415
p 2 38 882 0 32554 2412
p 2 18 901 1 29861 2229
p 2 30 890 0 32198 2240
p 2 66 854 0 35978 2432
p 2 145 773 2 39285 2800
p 2 157 763 0 46397 2889
p 2 60 860 0 46771 2606
p 2 92 828 0 45524 2663
p 2 71 848 1 47306 2663
p 2 130 788 2 46849 2792
p 2 123 796 1 53948 2921
p 2 111 808 1 55527 2805
p 2 125 795 0 53690 2869
p 2 120 800 0 54017 2883
p 2 83 837 0 47998 2727
p 2 59 854 7 43916 2498
p 2 52 864 4 41744 2415
p 2 129 787 4 44127 2713
p 2 103 815 2 40462 2784
p 2 57 846 17 42476 2545
p 2 144 776 0 46880 2923
p 2 125 786 9 53025 2925
p 2 114 806 0 54911 2884
p 2 103 813 4 57526 2923
p 2 86 834 0 58174 2885
p 2 169 749 2 53684 3054
p 2 175 744 1 60682 3198
p 2 113 805 2 60504 3041
p 2 73 844 3 60185 2913
p 2 139 781 0 57838 3065
p 2 126 794 0 56512 3035
p 2 91 829 0 56334 2896
p 2 86 834 0 55296 2924
p 2 139 781 0 55965 3085
p 2 133 787 0 57644 3128
p 2 90 830 0 57981 3065
p 2 37 883 0 55559 2711
p 2 91 829 0 52224 2774
p 2 124 796 0 51841 2868
p 2 46 869 5 49161 2693
p 2 111 807 2 47937 2793
p 2 77 824 19 46123 2742
p 2 39 862 19 45056 2496
p 2 28 840 52 42523 2341
p 2 45 860 15 42712 2456
p 2 82 812 26 46391 2688
p 2 72 826 22 45554 2628
p 2 87 808 25 44226 2629
p 2 88 818 14 43934 2635
p 2 82 819 19 44096 2616
p 2 98 816 6 45797 2693
p 2 111 793 16 46654 2808
p 2 143 773 4 51502 3076
p 2 83 837 0 54241 2950
p 2 120 797 3 48605 2959
p 2 162 758 0 53427 3143
i 2 920 0 0 43831 4338
p 2 0 831 89 8123 1026
p 2 0 872 48 10309 1043
p 2 0 784 136 10393 988
p 2 0 841 79 10625 1019
p 2 0 816 104 10626 1016
p 2 0 843 77 10884 1048
p 2 0 808 112 10476 1031
p 2 0 853 67 10657 1079
p 2 0 849 71 10188 1056
p 2 0 849 71 11196 1079
p 2 0 836 84 10524 1046
p 2 1 842 77 10681 1075
p 2 2 826 92 10602 1056
p 2 1 859 60 10280 1077
p 2 1 840 79 10198 1053
p 2 0 865 55 10935 1087
p 2 0 870 50 10140 1067
p 2 0 868 52 10129 1082
p 2 0 848 72 9734 1055
p 2 0 850 70 10429 1062
p 2 1 832 87 10733 1053
p 2 0 845 75 10094 1069
p 2 0 849 71 10478 1068
p 2 0 857 63 10727 1089
p 2 0 854 66 10378 1077
p 2 0 867 53 10238 1079
p 2 2 860 58 10616 1094
p 2 0 862 58 10420 1077
p 2 0 855 65 10390 1062
p 2 1 846 73 10431 1073
p 2 0 850 70 9939 1061
p 2 0 874 46 10181 1090
p 2 5 850 65 11096 1120
p 2 0 854 66 10149 1075
p 2 0 872 48 10359 1084
p 2 0 874 46 10855 1109
p 2 0 844 76 10374 1066
p 2 0 855 65 10685 1085
p 2 1 855 64 11692 1119
p 2 0 851 69 10832 1099
p 2 0 841 79 10614 1069
p 2 0 867 53 11812 1114
p 2 0 860 60 10712 1082
p 2 1 883 36 11104 1120
p 2 1 854 65 10628 1101
p 2 0 870 50 11400 1105
p 2 0 847 73 11992 1110
p 2 2 862 56 11713 1130
p 2 0 850 70 11234 1091
p 2 0 876 44 11358 1120
p 2 1 844 75 12142 1125
p 2 0 872 48 11279 1121
p 2 0 859 61 11354 1108
p 2 0 876 44 12057 1150
p 2 0 859 61 11585 1120
p 2 0 876 44 11419 1136
p 2 0 866 54 11548 1142
p 2 0 874 46 11405 1133
p 2 0 875 45 11226 1124
p 2 0 877 43 11079 1113
p 2 0 882 38 11450 1137
p 2 1 876 43 11348 1130
p 2 0 865 55 11410 1129
p 2 0 856 64 11745 1153
p 2 0 858 62 11318 1135
p 2 0 881 39 11306 1147
p 2 0 885 35 11493 1159
p 2 5 866 49 12298 1187
p 2 0 878 42 11362 1140
p 2 0 879 41 11582 1147
p 2 0 875 45 11712 1144
p 2 2 860 58 11662 1168
p 2 0 870 50 11541 1128
p 2 0 869 51 11479 1141
p 2 5 873 42 12392 1181
p 2 0 886 34 11665 1160
p 2 0 881 39 11631 1144
p 2 0 889 31 12336 1182
p 2 2 889 29 11683 1167
p 2 0 899 21 11787 1175
p 2 1 860 59 12431 1151
p 2 0 876 44 11506 1128
p 2 0 878 42 11742 1139
p 2 0 891 29 12215 1181
p 2 0 888 32 11571 1155
p 2 0 895 25 11407 1171
p 2 1 895 24 11783 1185
p 2 0 892 28 11660 1169
p 2 0 891 29 11323 1169
p 2 2 889 29 12120 1196
p 2 0 882 38 11190 1174
p 2 0 895 25 11227 1167
p 2 2 892 26 12235 1207
p 2 0 893 27 11424 1165
p 2 0 903 17 11570 1182
p 2 0 882 38 11981 1189
p 2 0 868 52 11781 1152
p 2 0 900 20 11686 1178
p 2 1 886 33 12660 1187
p 2 0 888 32 11648 1175
p 2 0 889 31 11906 1190
p 2 1 900 19 12118 1199
p 2 0 890 30 11821 1155
p 2 0 898 22 11665 1176
p 2 5 887 28 12831 1195
p 2 0 897 23 11963 1186
p 2 0 895 25 12113 1180
p 2 0 897 23 12453 1200
p 2 0 884 36 11867 1179
p 2 0 900 20 12237 1199
p 2 2 902 16 13337 1225
p 2 0 894 26 12190 1209
p 2 0 896 24 12317 1195
p 2 0 895 25 12110 1184
p 2 0 892 28 12188 1192
p 2 0 897 23 12323 1200
p 2 0 895 25 12355 1203
p 2 0 889 31 12449 1199
p 2 0 882 38 12600 1209
p 2 0 907 13 13179 1244
p 2 0 887 33 12540 1213
p 2 0 900 20 12633 1223
p 2 0 902 18 12576 1232
p 2 0 896 24 12582 1241
i 2 920 0 0 85897 4842
p 2 0 120 800 385 308
p 2 0 65 855 399 253
p 2 0 39 881 320 234
p 2 0 36 884 372 227
p 2 0 30 890 340 223
p 2 0 41 879 732 235
p 2 0 33 887 369 228
p 2 0 44 876 496 237
p 2 0 39 881 715 233
p 2 0 34 886 421 227
p 2 0 37 883 326 232
p 2 1 43 876 647 242
p 2 0 26 894 310 220
p 2 0 32 888 408 225
p 2 0 35 885 609 226
p 2 0 33 887 424 226
p 2 0 20 900 307 211
p 2 0 33 887 755 227
p 2 0 32 888 365 226
p 2 0 38 882 410 229
p 2 0 28 892 616 222
p 2 0 31 889 400 224
p 2 0 36 884 340 230
p 2 0 49 871 769 246
p 2 0 35 885 357 231
p 2 0 35 885 433 231
p 2 1 40 879 583 239
p 2 0 29 891 372 222
p 2 0 20 900 255 214
p 2 0 23 897 620 217
p 2 0 25 895 266 216
p 2 0 30 890 349 223
p 2 0 18 902 566 213
p 2 0 30 890 376 222
p 2 0 24 896 287 217
p 2 0 31 889 697 224
p 2 0 27 893 324 221
p 2 0 35 885 447 226
p 2 0 35 885 685 229
p 2 0 36 884 454 228
p 2 0 30 890 355 220
p 2 0 29 891 717 224
p 2 0 27 893 348 223
p 2 0 32 888 394 225
p 2 1 24 895 501 224
p 2 0 34 886 379 225
p 2 0 24 896 292 216
p 2 0 37 883 685 230
p 2 0 32 888 326 224
p 2 0 26 894 393 217
p 2 0 29 891 638 222
p 2 0 24 896 396 219
p 2 0 25 895 305 219
p 2 1 25 894 636 226
p 2 0 28 892 306 222
p 2 0 27 893 406 221
p 2 5 279 636 23130 788
p 2 0 206 714 1173 416
p 2 0 81 839 453 271
p 2 5 290 625 22560 788
p 2 0 225 695 1113 441
p 2 0 139 781 663 329
p 2 4 267 649 21845 768
p 2 0 206 714 1121 419
p 2 0 75 845 408 267
p 2 5 252 663 20930 742
p 2 0 218 702 1093 430
p 2 0 182 738 1137 380
p 2 0 64 856 406 254
p 2 1 96 823 748 292
p 2 0 85 835 520 277
p 2 0 120 800 933 311
p 2 0 88 832 545 282
p 2 0 61 859 529 252
p 2 0 66 854 486 259
p 2 0 91 829 624 282
p 2 0 42 878 373 236
p 2 0 58 862 674 250
p 2 0 45 875 350 238
p 2 13 205 702 16890 635
p 2 0 113 807 694 309
p 2 5 183 732 15752 557
p 2 0 159 761 851 359
p 2 3 205 712 15296 571
p 2 0 131 789 750 337
p 2 1 196 723 12506 515
p 2 0 162 758 1081 369
p 2 2 221 697 13386 553
p 2 0 141 779 743 340
p 2 0 89 831 668 278
p 2 0 67 853 407 260
p 2 0 103 817 485 290
p 2 0 45 875 564 239
p 2 0 57 863 360 249
p 2 0 49 871 332 239
p 2 1 105 814 650 302
p 2 0 63 857 381 254
p 2 0 60 860 362 248
p 2 0 73 847 628 261
p 2 0 86 834 484 275
p 2 0 52 868 419 245
p 2 0 57 863 610 247
p 2 0 56 864 424 246
p 2 0 55 865 439 247
p 2 0 46 874 640 240
p 2 0 49 871 402 243
p 2 0 39 881 390 233
p 2 1 45 874 523 245
p 2 0 37 883 310 229
p 2 0 31 889 293 222
p 2 0 29 891 522 220
p 2 0 42 878 366 236
p 2 0 21 899 305 215
p 2 0 28 892 554 225
p 2 0 26 894 327 222
p 2 0 34 886 326 229
p 2 0 26 894 533 222
p 2 0 26 894 305 222
p 2 0 30 890 337 225
p 2 0 57 863 610 251
p 2 0 51 869 408 244
p 2 0 50 870 375 243
p 2 1 56 863 526 254
p 2 0 45 875 322 235
p 2 0 21 899 258 215
p 2 0 27 893 482 219
p 2 0 25 895 266 218
p 2 0 29 891 263 220
p 2 0 21 899 495 217
p 2 0 28 892 281 222
p 2 0 21 899 283 216
p 2 0 43 877 546 237
p 2 0 31 889 336 223
p 2 0 33 887 357 226
p 2 0 30 890 570 225
p 2 0 40 880 375 233
p 2 0 38 882 374 230
p 2 1 35 884 492 235
p 2 0 28 892 305 222
p 2 0 22 898 292 218
p 2 0 20 900 514 216
p 2 0 24 896 286 218
p 2 0 24 896 299 220
p 2 1 36 883 495 235
p 2 0 34 886 348 226
p 2 0 27 893 326 221
p 2 0 28 892 556 223
p 2 0 32 888 319 225
p 2 0 31 889 315 224
p 2 0 30 890 551 226
p 2 0 29 891 338 225
p 2 0 25 895 339 222
p 2 0 24 896 568 222
p 2 0 27 893 299 220
p 2 0 23 897 289 218
p 2 0 18 902 251 212
p 2 0 17 903 249 211
p 2 0 14 906 237 208
p 2 0 11 909 235 207
p 2 0 8 912 222 204
p 2 0 10 910 233 205
p 2 0 15 905 455 211
p 2 0 19 901 281 214
p 2 1 22 897 461 224
p 2 0 23 897 343 218
p 2 0 28 892 347 220
p 2 0 26 894 345 219
i 2 920 0 0 56755 3876
p 2 10 910 0 20329 1557
p 2 3 917 0 18251 1439
p 2 2 918 0 15591 1411
p 2 1 919 0 13510 1338
p 2 1 919 0 10999 1351
p 2 2 918 0 15355 1366
p 2 0 920 0 18763 1491
p 2 2 918 0 20613 1488
p 2 1 919 0 20075 1499
p 2 2 918 0 20545 1502
p 2 2 918 0 20294 1474
p 2 0 920 0 21713 1524
p 2 1 919 0 21457 1587
p 2 0 920 0 21717 1589
p 2 2 918 0 21033 1581
p 2 3 917 0 21323 1541
p 2 5 915 0 21788 1561
p 2 6 914 0 21016 1551
p 2 4 916 0 20455 1529
p 2 5 915 0 18810 1517
p 2 10 910 0 18803 1522
p 2 8 912 0 17218 1533
p 2 9 911 0 17371 1553
p 2 8 912 0 17352 1539
p 2 11 909 0 16047 1541
p 2 10 910 0 16188 1548
p 2 12 908 0 15956 1560
p 2 10 910 0 15003 1543
p 2 7 913 0 15829 1537
p 2 6 914 0 15479 1530
p 2 8 912 0 16375 1546
p 2 11 909 0 16065 1568
p 2 15 905 0 17161 1595
p 2 10 910 0 17849 1589
p 2 8 912 0 18493 1567
p 2 6 914 0 19137 1565
p 2 6 914 0 20328 1580
p 2 7 913 0 20907 1597
p 2 7 913 0 22082 1615
p 2 6 914 0 22156 1637
p 2 6 914 0 24015 1699
p 2 13 907 0 24478 1705
p 2 15 905 0 24441 1716
p 2 10 910 0 24058 1768
p 2 14 906 0 24239 1823
p 2 12 908 0 22559 1803
p 2 13 907 0 23572 1801
p 2 9 911 0 23098 1766
p 2 11 909 0 22719 1751
p 2 12 908 0 24007 1758
p 2 9 911 0 22957 1744
p 2 4 916 0 23676 1694
p 2 7 913 0 23049 1707
p 2 5 915 0 22517 1687
p 2 4 916 0 22332 1679
p 2 2 918 0 21635 1668
p 2 2 918 0 21586 1660
p 2 2 918 0 21086 1676
p 2 0 920 0 21268 1636
p 2 1 919 0 21473 1648
p 2 3 917 0 20929 1638
p 2 2 918 0 21703 1656
p 2 7 913 0 21005 1673
p 2 3 917 0 19085 1664
p 2 2 918 0 19189 1645
p 2 4 916 0 16575 1552
p 2 5 915 0 16262 1527
p 2 2 918 0 16041 1513
p 2 6 914 0 14956 1513
p 2 3 917 0 12684 1515
p 2 1 919 0 12099 1495
p 2 5 915 0 8886 1443
p 2 7 913 0 8428 1421
p 2 6 914 0 8127 1311
p 2 3 917 0 10009 1311
p 2 6 914 0 14073 1447
p 2 3 917 0 16482 1540
p 2 3 917 0 17915 1614
p 2 6 914 0 17131 1640
p 2 13 907 0 17380 1605
p 2 10 910 0 17652 1584
p 2 10 910 0 17560 1600
p 2 8 912 0 17219 1600
p 2 11 909 0 16512 1595
p 2 16 904 0 15852 1579
p 2 10 910 0 15679 1546
p 2 8 912 0 15653 1540
p 2 7 913 0 15051 1559
p 2 5 915 0 13963 1508
p 2 9 911 0 12844 1514
p 2 6 914 0 11952 1469
p 2 6 914 0 11159 1462
p 2 5 915 0 9375 1442
p 2 4 916 0 8114 1423
p 2 4 916 0 7558 1396
p 2 3 917 0 9160 1419
p 2 4 916 0 11740 1496
p 2 3 917 0 11352 1488
p 2 1 919 0 11902 1522
p 2 4 916 0 12024 1504
p 2 3 917 0 12105 1525
p 2 1 919 0 12361 1492
p 2 1 919 0 13229 1528
p 2 1 919 0 13315 1495
p 2 0 920 0 11632 1468
p 2 0 920 0 11749 1473
p 2 0 920 0 8306 1400
p 2 0 920 0 6871 1315
p 2 0 920 0 5064 1233
p 2 0 920 0 3999 1180
p 2 0 920 0 7256 1345
p 2 0 920 0 11463 1532
p 2 0 920 0 10936 1462
p 2 0 920 0 11011 1544
p 2 0 920 0 11673 1545
p 2 0 920 0 11974 1556
p 2 0 920 0 12844 1527
p 2 0 920 0 11071 1538
p 2 0 920 0 10877 1504
p 2 0 920 0 8247 1455
p 2 0 920 0 5860 1393
p 2 0 920 0 6838 1411
p 2 0 920 0 11059 1502
p 2 0 920 0 11582 1500
p 2 0 920 0 10707 1505
p 2 0 920 0 11872 1491
p 2 0 920 0 13262 1514
p 2 0 920 0 8932 1413
p 2 0 920 0 7082 1318
p 2 0 920 0 4450 1234
p 2 0 920 0 4643 1238
p 2 0 920 0 11285 1442
p 2 0 920 0 12589 1469
p 2 0 920 0 11355 1482
p 2 0 920 0 11995 1441
p 2 0 920 0 9166 1437
p 2 0 918 2 6911 1359
p 2 0 920 0 5402 1303
p 2 0 919 1 10675 1434
p 2 0 904 16 10657 1405
p 2 0 886 34 11383 1390
p 2 0 854 66 7952 1221
i 2 920 0 0 84335 5001
p 2 0 114 806 374 303
p 2 0 50 870 270 243
p 2 117 387 416 52562 1968
p 2 0 314 606 1399 542
p 2 0 115 805 465 304
p 2 81 458 381 55638 1900
p 2 0 339 581 1596 576
p 2 0 153 767 607 346
p 2 58 490 372 55801 1750
p 2 0 385 535 1724 620
p 2 0 173 747 627 362
p 2 94 524 302 61248 2029
p 2 0 385 535 1727 633
p 2 0 191 729 685 381
p 2 26 319 575 17507 837
p 2 0 163 757 673 356
p 2 0 167 753 602 352
p 2 24 283 613 20375 835
p 2 0 263 657 1118 467
p 2 0 73 847 368 263
p 2 24 241 655 21294 806
p 2 0 219 701 916 421
p 2 0 145 775 554 330
p 2 0 140 780 590 326
p 2 0 56 864 328 247
p 2 0 78 842 794 275
p 2 0 69 851 381 260
p 2 1 84 835 552 283
p 2 0 30 890 273 225
p 2 0 53 867 602 245
p 2 0 42 878 300 232
p 2 0 73 847 421 264
p 2 0 37 883 763 233
p 2 0 67 853 380 256
p 2 0 32 888 281 225
p 2 0 137 783 965 330
p 2 0 63 857 344 249
p 2 0 64 856 346 254
p 2 0 68 852 845 261
p 2 0 60 860 355 252
p 2 0 34 886 260 222
p 2 1 44 875 542 245
p 2 0 26 894 258 218
p 2 0 32 888 272 222
p 2 0 15 905 662 210
p 2 0 20 900 242 214
p 2 0 13 907 225 207
p 2 0 20 900 643 219
p 2 0 12 908 231 208
p 2 0 10 910 220 203
p 2 0 13 907 704 214
p 2 0 35 885 303 228
p 2 0 19 901 243 212
p 2 1 9 910 464 218
p 2 0 6 914 215 201
p 2 0 8 912 216 204
p 2 0 9 911 645 209
p 2 0 9 911 215 203
p 2 0 4 916 208 201
p 2 1 25 894 488 230
p 2 0 20 900 242 214
p 2 0 7 913 214 204
p 2 0 7 913 636 205
p 2 0 15 905 235 210
p 2 0 13 907 233 207
p 2 0 15 905 622 214
p 2 0 8 912 218 204
p 2 0 5 915 210 201
p 2 0 8 912 698 210
p 2 0 10 910 232 204
p 2 0 9 911 219 205
p 2 0 4 916 207 201
p 2 0 1 919 200 199
p 2 0 1 919 199 198
p 2 0 2 918 201 199
p 2 0 2 918 202 199
p 2 0 2 918 204 199
p 2 0 6 914 636 207
p 2 0 7 913 220 204
p 2 1 17 902 370 220
p 2 0 4 916 206 200
p 2 0 22 898 252 215
p 2 0 0 920 197 197
p 2 9 177 734 19061 643
p 2 0 135 785 819 347
p 2 0 62 858 376 256
p 2 9 185 726 17764 644
p 2 0 139 781 735 340
p 2 0 54 866 341 249
p 2 18 154 748 18407 652
p 2 0 132 788 734 340
p 2 0 78 842 421 274
p 2 11 161 748 15446 567
p 2 0 121 799 713 328
p 2 0 44 876 312 238
p 2 9 153 758 15630 565
p 2 0 135 785 738 339
p 2 0 87 833 448 280
p 2 0 47 873 316 240
p 2 0 46 874 311 238
p 2 0 12 908 224 207
p 2 0 16 904 236 210
p 2 0 19 901 245 213
p 2 0 23 897 282 219
p 2 0 12 908 231 207
p 2 0 16 904 245 210
p 2 0 9 911 214 203
p 2 52 347 521 30238 1260
p 2 0 232 688 1095 448
p 2 35 318 567 23601 1030
p 2 0 274 646 1213 492
p 2 26 344 550 22038 1030
p 2 0 235 685 1115 453
p 2 22 332 566 25799 989
p 2 0 283 637 1227 497
p 2 0 181 739 721 367
p 2 0 103 817 789 293
p 2 0 75 845 385 262
p 2 0 56 864 323 248
p 2 0 88 832 744 283
p 2 0 55 865 333 245
p 2 0 28 892 264 222
p 2 0 27 893 615 222
p 2 0 47 873 335 239
p 2 0 37 883 282 228
p 2 1 22 897 431 227
p 2 0 11 909 221 207
p 2 0 11 909 221 206
p 2 1 8 911 643 217
p 2 0 18 902 250 212
p 2 0 11 909 224 206
p 2 0 56 864 665 252
p 2 0 26 894 267 219
p 2 0 40 880 299 230
p 2 0 35 885 645 231
p 2 0 18 902 247 212
p 2 0 9 911 217 204
p 2 1 12 907 408 217
p 2 0 11 909 225 206
p 2 0 11 909 225 206
p 2 1 6 913 638 214
p 2 0 23 897 251 217
p 2 0 4 916 207 200
p 2 63 158 699 27691 1067
p 2 0 146 774 778 353
p 2 0 51 869 336 246
p 2 57 204 659 27096 1052
p 2 0 144 776 761 351
p 2 0 89 831 435 282
p 2 80 200 640 26815 1159
p 2 0 132 788 688 342
p 2 0 72 848 402 267
p 2 71 193 656 27187 1120
p 2 0 162 758 806 373
p 2 0 90 830 430 281
p 2 129 388 403 52569 1932
p 2 0 309 611 1442 541
p 2 0 125 795 523 318
p 2 137 416 367 56099 2124
p 2 0 316 604 1517 546
p 2 0 124 796 540 317
p 2 130 416 374 55322 2080
p 2 0 329 591 1470 558
p 2 0 135 785 540 325
p 2 169 398 353 54426 2226
p 2 0 316 604 1376 542
i 2 920 0 0 45279 4022
p 2 0 143 777 371 320
p 2 0 125 795 330 306
p 2 0 64 856 820 257
p 2 0 68 852 290 255
p 2 0 31 889 234 222
p 2 11 48 861 3131 315
p 2 0 20 900 241 215
p 2 0 21 899 228 214
p 2 25 95 800 9707 514
p 2 0 82 838 542 281
p 2 0 33 887 274 227
p 2 32 111 777 15073 693
p 2 24 330 566 25313 1079
p 2 0 223 697 1073 443
p 2 88 333 499 35843 1575
p 2 0 238 682 1139 472
p 2 18 323 579 23651 1002
p 2 0 223 697 1088 445
p 2 7 305 608 20153 856
p 2 0 235 685 1122 451
p 2 18 417 485 33779 1284
p 2 0 320 600 1461 556
p 2 0 125 795 549 320
p 2 18 292 610 19219 861
p 2 0 218 702 1037 428
p 2 17 151 752 5984 564
p 2 8 221 691 14871 655
p 2 19 249 652 7063 701
p 2 0 136 784 637 334
p 2 54 229 637 21604 1057
p 2 0 183 737 969 395
p 2 8 184 728 5368 552
p 2 39 179 702 11873 742
p 2 0 177 743 4134 501
p 2 0 96 824 519 300
p 2 17 342 561 23977 1117
p 2 0 263 657 1113 481
p 2 16 332 572 20391 991
p 2 0 241 679 1034 450
p 2 12 324 584 20023 935
p 2 0 233 687 985 451
p 2 17 292 611 21892 929
p 2 0 196 724 946 415
p 2 2 131 787 1883 358
p 2 1 106 813 3949 341
p 2 5 149 766 1841 409
p 2 0 91 829 436 291
p 2 13 126 781 5054 442
p 2 0 70 850 428 267
p 2 3 67 850 2032 304
p 2 1 90 829 3807 323
p 2 2 103 815 1756 332
p 2 0 64 856 381 260
p 2 6 89 825 4484 389
p 2 0 52 868 369 253
p 2 12 34 874 1898 300
p 2 1 47 872 3718 285
p 2 3 71 846 2146 310
p 2 0 48 872 342 242
p 2 3 67 850 4470 347
p 2 0 40 880 369 238
p 2 3 35 882 1942 275
p 2 1 48 871 3704 287
p 2 2 61 857 819 292
p 2 0 26 894 250 220
p 2 7 44 869 4272 329
p 2 0 36 884 345 233
p 2 2 59 859 1671 290
p 2 1 47 872 3689 284
p 2 3 59 858 2099 300
p 2 0 25 895 268 219
p 2 3 64 853 4507 346
p 2 0 43 877 350 242
p 2 5 39 876 1476 297
p 2 1 43 876 3696 285
p 2 6 34 880 1419 271
p 2 0 17 903 253 213
p 2 3 63 854 4539 346
p 2 0 43 877 354 245
p 2 3 41 876 1947 283
p 2 1 45 874 3672 282
p 2 2 57 861 812 281
p 2 0 26 894 253 219
p 2 13 43 864 4792 358
p 2 0 33 887 306 229
p 2 3 35 882 1995 272
p 2 1 44 875 3667 281
p 2 2 53 865 1615 285
p 2 0 25 895 270 220
p 2 4 54 862 4878 341
p 2 0 34 886 323 232
p 2 2 24 894 676 251
p 2 1 41 878 3648 275
p 2 6 32 882 1405 270
p 2 0 22 898 248 215
p 2 3 63 854 4487 344
p 2 0 40 880 342 239
p 2 3 42 875 1954 281
p 2 1 47 872 3721 285
p 2 2 53 865 1624 290
p 2 0 24 896 264 218
p 2 6 55 859 4422 356
p 2 0 43 877 348 245
p 2 12 15 893 1847 282
p 2 1 37 882 3680 274
p 2 3 42 875 1995 284
p 2 0 24 896 259 218
p 2 3 57 860 4434 338
p 2 0 35 885 326 233
p 2 5 27 888 1441 281
p 2 1 42 877 3694 283
p 2 12 34 874 1940 302
p 2 0 21 899 253 216
p 2 4 53 863 4863 342
p 2 0 35 885 320 233
p 2 2 29 889 1470 261
p 2 1 44 875 3672 282
p 2 3 47 870 2027 291
p 2 0 22 898 256 216
p 2 3 46 871 3622 319
p 2 0 29 891 306 228
p 2 6 20 894 1331 258
p 2 1 30 889 3633 267
p 2 2 52 866 1625 288
p 2 0 21 899 256 217
p 2 4 55 861 4897 344
p 2 0 33 887 320 231
p 2 2 34 884 1568 269
p 2 1 46 873 3719 283
p 2 5 46 869 1511 306
p 2 0 22 898 258 226
p 2 13 38 869 4779 355
p 2 0 31 889 328 230
p 2 3 27 890 1974 264
p 2 1 41 878 3661 277
p 2 2 44 874 1632 279
p 2 0 19 901 248 214
p 2 6 48 866 4373 351
p 2 0 31 889 301 234
p 2 12 19 889 1839 286
p 2 1 38 881 3678 275
p 2 3 44 873 2003 288
p 2 0 27 893 265 221
p 2 3 51 866 4498 335
p 2 0 37 883 338 235
p 2 0 16 904 232 210
p 2 1 28 891 3687 266
p 2 0 21 899 297 220
p 2 0 6 914 214 203
p 2 4 50 866 4842 340
p 2 0 34 886 327 233
p 2 2 24 894 668 251
p 2 1 35 884 3640 271
p 2 0 29 891 302 226
p 2 0 14 906 224 209
p 2 53 191 676 22540 1000
p 2 0 159 761 789 366
p 2 10 237 673 19607 807
p 2 0 175 745 815 386
p 2 13 229 678 18883 811
p 2 0 166 754 810 377
p 2 3 94 823 1222 304
p 2 0 32 888 282 227
p 2 2 68 850 1632 287
p 2 0 56 864 346 247
p 2 2 68 850 1478 291
p 2 0 21 899 239 215
p 2 7 42 871 1514 282
p 2 0 42 878 306 235
p 2 0 54 866 1523 264
p 2 0 21 899 262 217
p 2 2 28 890 1491 248
p 2 0 21 899 261 216
p 2 3 36 881 1402 260
p 2 0 20 900 243 214
p 2 7 28 885 1485 268
p 2 0 13 907 231 208
p 2 0 36 884 1479 249
p 2 0 25 895 278 220
p 2 2 26 892 1483 245
p 2 0 15 905 244 212
p 2 0 20 900 1428 231
p 2 0 22 898 277 221
p 2 0 21 899 955 231
p 2 0 16 904 247 216
p 2 3 13 904 1015 230
p 2 0 3 917 202 199
p 2 2 19 899 1481 239
p 2 0 15 905 237 209
p 2 0 19 901 1425 230
p 2 0 12 908 243 210
p 2 2 29 889 1499 249
p 2 0 19 901 253 216
p 2 3 17 900 1350 243
p 2 0 11 909 234 208
p 2 7 12 901 1454 254
p 2 0 7 913 214 204
p 2 3 15 902 1337 240
p 2 0 14 906 238 211
p 2 7 11 902 1452 253
p 2 0 11 909 233 208
p 2 0 18 902 1426 230
p 2 0 16 904 244 213
p 2 2 15 903 1466 238
p 2 0 15 905 245 212
p 2 0 6 914 210 203
p 2 0 2 918 201 200
p 2 0 0 920 197 197
p 2 0 1 919 198 198
p 2 0 1 919 201 198
p 2 0 0 920 197 197
p 2 0 17 903 1422 230
p 2 0 14 906 246 213
p 2 0 15 905 1000 226
p 2 0 13 907 230 209
p 2 1 10 909 271 216
p 2 0 9 911 208 206
p 2 42 182 696 22642 935
p 2 0 148 772 813 363
p 2 13 234 673 20583 843
p 2 0 178 742 894 397
p 2 23 246 651 23124 917
p 2 0 195 725 966 411
p 2 15 187 718 11396 623
p 2 0 110 810 601 311
p 2 28 139 753 10090 614
p 2 0 104 816 535 300
p 2 28 129 763 11274 609
p 2 0 89 831 552 288
p 2 21 121 778 10602 573
p 2 0 84 836 538 291
p 2 14 124 782 11069 557
p 2 0 100 820 524 294
p 2 27 103 790 9958 570
p 2 0 85 835 507 282
p 2 27 120 773 11194 594
p 2 0 87 833 549 289
p 2 21 110 789 10521 558
p 2 0 76 844 515 281
p 2 14 127 779 11003 560
p 2 0 83 837 543 285
p 2 22 106 792 10569 561
p 2 0 74 846 494 272
p 2 17 103 800 10072 538
p 2 0 85 835 507 286
p 2 25 85 810 10324 537
p 2 0 66 854 453 264
p 2 15 104 801 10973 546
p 2 0 77 843 510 279
p 2 21 423 476 11756 900
p 2 0 195 725 781 390
p 2 14 152 754 11058 588
p 2 0 103 817 574 304
p 2 27 117 776 9971 582
p 2 0 90 830 492 291
p 2 27 119 774 11125 590
p 2 0 78 842 546 281
p 2 21 125 774 10504 567
p 2 0 72 848 477 276
p 2 14 123 783 10936 553
p 2 0 89 831 561 290
p 2 28 109 783 9941 576
p 2 0 86 834 484 283
p 2 27 110 783 11125 579
p 2 0 80 840 532 282
p 2 21 106 793 10511 552
p 2 0 93 827 505 287
p 2 14 118 788 10946 548
p 2 0 90 830 519 286
p 2 21 98 801 10452 548
p 2 0 73 847 491 273
p 2 16 96 808 10123 526
p 2 0 80 840 473 282
p 2 24 88 808 10279 540
p 2 0 76 844 518 281
p 2 15 111 794 10911 548
p 2 0 74 846 493 273
p 2 22 98 800 10540 546
p 2 0 64 856 451 265
p 2 14 108 798 10870 539
p 2 0 74 846 497 278
p 2 27 93 800 9905 558
p 2 0 82 838 500 283
p 2 27 89 804 11131 564
p 2 0 71 849 482 272
p 2 22 98 800 10503 552
p 2 0 85 835 499 280
p 2 14 113 793 10853 541
p 2 0 75 845 509 278
p 2 17 75 828 9239 477
p 2 0 63 857 453 263
p 2 12 78 830 9645 476
i 2 920 0 0 97214 5267
p 2 0 106 814 386 297
p 2 8 263 649 23714 760
p 2 0 181 739 916 391
p 2 12 232 676 23336 747
p 2 0 228 692 1009 435
p 2 6 265 649 22888 747
p 2 0 167 753 862 369
p 2 10 245 665 22197 743
p 2 0 221 699 995 429
p 2 0 162 758 1074 357
p 2 0 86 834 415 274
p 2 0 75 845 699 268
p 2 0 30 890 266 222
p 2 0 38 882 292 228
p 2 0 41 879 648 235
p 2 0 45 875 329 239
p 2 0 31 889 284 223
p 2 0 31 889 654 226
p 2 0 26 894 268 218
p 2 0 60 860 375 249
p 2 0 29 891 553 226
p 2 0 28 892 267 218
p 2 0 28 892 257 218
p 2 1 127 792 964 330
p 2 0 66 854 366 258
p 2 0 61 859 345 251
p 2 0 63 857 647 258
p 2 0 57 863 345 251
p 2 0 40 880 297 233
p 2 1 20 899 637 225
p 2 0 9 911 221 205
p 2 0 8 912 220 203
p 2 0 7 913 588 206
p 2 0 3 917 206 200
p 2 0 3 917 204 200
p 2 0 12 908 595 209
p 2 0 6 914 210 202
p 2 0 11 909 219 206
p 2 0 9 911 216 204
p 2 3 13 904 1480 235
p 2 32 49 839 7313 473
p 2 55 76 789 14112 687
p 2 56 76 788 14955 700
p 2 50 116 754 16043 720
p 2 0 92 828 554 288
p 2 24 94 802 12962 522
p 2 0 82 838 498 278
p 2 2 246 672 17802 695
p 2 41 232 647 15214 790
p 2 0 128 792 639 329
p 2 2 435 483 36056 1049
p 2 50 404 466 15393 1026
p 2 0 205 715 853 398
p 2 3 403 514 33395 978
p 2 25 380 515 14216 853
p 2 0 231 689 968 428
p 2 1 267 652 20204 644
p 2 41 348 531 15664 913
p 2 0 162 758 761 359
p 2 3 292 625 21154 721
p 2 53 296 571 14536 899
p 2 0 269 651 1152 470
p 2 0 75 845 401 267
p 2 24 182 714 13281 610
p 2 0 192 728 829 381
p 2 0 179 741 745 367
p 2 42 231 647 14967 783
p 2 0 130 790 660 326
p 2 0 37 883 305 231
p 2 50 108 762 13907 681
p 2 0 84 836 486 282
p 2 0 139 781 620 330
p 2 26 189 705 13191 627
p 2 0 131 789 676 327
p 2 0 102 818 474 293
p 2 41 153 726 14685 694
p 2 0 109 811 590 306
p 2 0 62 858 364 251
p 2 51 107 762 13854 688
p 2 0 87 833 507 285
p 2 0 24 896 260 216
p 2 24 90 806 12999 519
p 2 0 88 832 527 288
p 2 0 46 874 295 237
p 2 42 95 783 14489 643
p 2 0 77 843 493 277
p 2 0 31 889 280 224
p 2 51 68 801 13740 649
p 2 0 59 861 432 260
p 2 0 28 892 289 227
p 2 25 88 807 12967 528
p 2 0 77 843 498 275
p 2 0 24 896 255 217
p 2 41 78 801 14492 624
p 2 0 60 860 478 261
p 2 0 54 866 336 243
p 2 51 97 772 13822 675
p 2 0 84 836 488 283
p 2 0 42 878 323 237
p 2 24 99 797 13043 534
p 2 0 88 832 539 287
p 2 0 45 875 305 239
p 2 42 87 791 14467 639
p 2 0 68 852 519 270
p 2 0 31 889 290 226
p 2 52 82 786 13718 661
p 2 0 57 863 421 258
p 2 0 38 882 304 232
p 2 25 80 815 12951 517
p 2 0 67 853 491 271
p 2 0 21 899 247 215
p 2 41 65 814 14455 615
p 2 0 63 857 481 268
p 2 0 32 888 287 223
p 2 53 73 794 13693 659
p 2 0 68 852 450 267
p 2 0 19 901 241 213
p 2 25 82 813 12927 519
p 2 0 69 851 466 271
p 2 0 51 869 304 240
p 2 41 98 781 14483 644
p 2 0 86 834 505 283
p 2 0 38 882 302 231
p 2 51 89 780 13758 662
p 2 0 66 854 465 267
p 2 0 44 876 314 238
p 2 25 79 816 12905 515
p 2 0 66 854 476 267
p 2 0 38 882 317 232
p 2 40 84 796 14489 626
p 2 0 72 848 487 272
p 2 0 29 891 277 223
p 2 53 68 799 13645 653
p 2 0 55 865 444 260
p 2 0 24 896 267 220
p 2 25 74 821 12922 510
p 2 0 60 860 460 262
p 2 0 33 887 270 225
p 2 41 79 800 14459 624
p 2 0 67 853 484 269
p 2 0 19 901 262 216
p 2 52 60 808 13693 645
p 2 0 56 864 410 256
p 2 0 25 895 264 220
p 2 25 83 812 12944 520
p 2 0 76 844 498 274
p 2 0 41 879 329 238
p 2 41 72 807 14421 621
p 2 0 67 853 459 267
p 2 0 27 893 275 220
p 2 52 67 801 13686 649
p 2 0 53 867 445 254
p 2 0 21 899 258 215
p 2 24 74 822 13018 507
p 2 0 66 854 473 268
p 2 0 28 892 269 224
p 2 42 73 805 14456 622
p 2 0 59 861 464 264
p 2 0 30 890 272 224
p 2 52 65 803 13696 646
p 2 0 46 874 400 248
p 2 0 21 899 258 215
p 2 25 72 823 12914 508
p 2 0 74 846 485 273
p 2 0 20 900 258 214
p 2 42 66 812 14398 616
p 2 0 61 859 459 263
p 2 0 34 886 289 226
p 2 53 72 795 13634 657
p 2 0 56 864 426 254
p 2 0 32 888 294 227
p 2 25 92 803 13002 525
p 2 0 68 852 479 267
p 2 0 30 890 278 223
p 2 35 81 804 12168 585
p 2 0 77 843 496 281
p 2 7 103 810 10093 461
p 2 0 89 831 868 300
p 2 0 83 837 1161 290
p 2 14 105 801 9248 499
p 2 0 88 832 1546 299
p 2 0 110 810 2271 325
p 2 1 112 807 3199 331
p 2 0 84 836 2571 305
p 2 0 88 832 2787 304
p 2 2 121 797 6139 376
p 2 0 116 804 2746 338
p 2 0 96 824 4718 345
p 2 1 104 815 3630 336
p 2 4 106 810 5817 374
p 2 0 115 805 2963 337
p 2 2 94 824 3630 330
p 2 0 116 804 2755 334
p 2 0 107 813 2776 323
p 2 1 85 834 3586 313
p 2 0 80 840 2762 302
p 2 0 81 839 2713 302
p 2 2 60 858 3106 293
p 2 0 73 847 2064 283
p 2 0 63 857 2002 275
p 2 1 55 864 2752 273
p 2 0 57 863 1135 264
p 2 0 52 868 624 250
p 2 2 36 882 1413 251
p 2 0 54 866 890 251
p 2 0 56 864 1719 264
p 2 1 67 852 3093 294
p 2 0 62 858 2379 274
p 2 0 61 859 2472 281
p 2 2 58 860 3245 294
p 2 0 60 860 2507 280
p 2 0 61 859 2592 281
p 2 0 65 855 3417 289
p 2 0 62 858 2730 287
i 2 920 0 0 30217 4077
p 2 3 847 70 9557 1384
p 2 9 844 67 14415 1543
p 2 0 823 97 10169 1346
p 2 1 864 55 11569 1417
p 2 0 787 133 9119 1269
p 2 2 844 74 12967 1373
p 2 0 810 110 9687 1292
p 2 5 807 108 14824 1451
p 2 3 838 79 11062 1342
p 2 8 811 101 14948 1486
p 2 0 854 66 9607 1281
p 2 4 836 80 15601 1433
p 2 0 843 77 9719 1250
p 2 4 843 73 16559 1442
p 2 0 860 60 11163 1297
p 2 5 846 69 18476 1531
p 2 0 842 78 11346 1329
p 2 5 864 51 18713 1524
p 2 0 845 75 11405 1324
p 2 8 860 52 19229 1554
p 2 0 830 90 11846 1313
p 2 1 865 54 16566 1460
p 2 0 846 74 10996 1333
p 2 5 864 51 18039 1529
p 2 0 867 53 11690 1379
p 2 0 889 31 11334 1368
p 2 2 844 74 19292 1527
p 2 0 876 44 12149 1413
p 2 0 887 33 12517 1392
p 2 7 884 29 19159 1591
p 2 0 836 84 13421 1393
p 2 0 884 36 13544 1439
p 2 6 856 58 23136 1645
p 2 0 889 31 14560 1498
p 2 1 875 44 14274 1443
p 2 9 874 37 25935 1789
p 2 1 828 91 15411 1508
p 2 0 880 40 18072 1579
p 2 6 830 84 22770 1694
p 2 36 824 60 17277 1706
p 2 0 844 76 14259 1470
p 2 47 819 54 25535 1959
p 2 3 874 43 14212 1491
p 2 2 895 23 20384 1674
p 2 6 857 57 19141 1651
p 2 0 894 26 20784 1674
p 2 0 874 46 15414 1526
p 2 6 873 41 19767 1670
p 2 3 887 30 14798 1560
p 2 0 876 44 14531 1539
p 2 4 876 40 19185 1632
p 2 0 895 25 14362 1541
p 2 0 871 49 14811 1493
p 2 4 872 44 17510 1582
p 2 0 866 54 14366 1487
p 2 0 900 20 14326 1523
p 2 3 854 63 18301 1573
p 2 0 886 34 14675 1522
p 2 0 859 61 14679 1479
p 2 8 873 39 20140 1680
p 2 0 875 45 14532 1496
p 2 0 888 32 14578 1512
p 2 0 881 39 14284 1479
p 2 0 894 26 13943 1508
p 2 0 871 49 14168 1472
p 2 0 895 25 13684 1493
p 2 0 888 32 13232 1463
p 2 0 901 19 13417 1480
p 2 0 873 47 13364 1456
p 2 0 897 23 13374 1487
p 2 0 878 42 14078 1464
p 2 0 881 39 13692 1475
p 2 2 867 51 13629 1489
p 2 1 875 44 13747 1508
p 2 0 879 41 13775 1426
p 2 0 873 47 13793 1425
p 2 0 868 52 14449 1434
p 2 0 882 38 14019 1427
p 2 0 849 71 14152 1424
p 2 0 888 32 14606 1458
p 2 0 885 35 14524 1461
p 2 0 873 47 14829 1466
i 2 920 0 0 51616 4569
p 2 0 146 774 428 331
p 2 13 176 731 7242 533
p 2 0 93 827 440 288
p 2 9 98 813 6043 431
p 2 0 59 861 436 260
p 2 6 85 829 6003 412
p 2 0 57 863 418 260
p 2 24 50 846 6899 471
p 2 0 41 879 346 238
p 2 7 63 850 6175 385
p 2 0 45 875 407 248
p 2 7 69 844 5842 378
p 2 0 63 857 410 256
p 2 0 29 891 279 226
p 2 0 8 912 215 204
p 2 0 16 904 224 209
p 2 0 7 913 210 203
p 2 0 10 910 218 206
p 2 0 0 920 197 197
p 2 0 9 911 214 204
p 2 0 1 919 199 198
p 2 0 8 912 207 204
p 2 0 1 919 199 199
p 2 131 138 651 21373 1287
p 2 93 763 64 31551 2245
p 2 269 595 56 52543 3593
p 2 204 653 63 43468 3099
p 2 196 676 48 40770 2990
p 2 232 639 49 39820 3089
p 2 261 632 27 44470 3317
p 2 285 599 36 47178 3354
p 2 299 600 21 53817 3546
p 2 255 631 34 58311 3375
p 2 128 784 8 45891 2704
p 2 59 845 16 43682 2363
p 2 4 641 275 7313 1181
p 2 20 479 421 23928 1180
p 2 7 498 415 20190 1058
p 2 1 470 449 5637 859
p 2 11 486 423 19768 1062
p 2 0 357 563 1334 577
p 2 31 531 358 27373 1445
p 2 11 485 424 18450 1086
p 2 0 365 555 1287 565
p 2 7 339 574 19677 878
p 2 0 270 650 1076 473
p 2 21 306 593 23664 982
p 2 11 346 563 19663 917
p 2 0 219 701 966 427
p 2 11 285 624 19168 848
p 2 0 244 676 1039 458
p 2 29 295 596 22414 996
p 2 9 280 631 18089 857
p 2 0 222 698 996 437
p 2 7 330 583 19681 869
p 2 0 267 653 2118 517
p 2 22 247 651 23565 935
p 2 8 306 606 19666 879
p 2 0 222 698 1016 439
p 2 9 264 647 19233 821
p 2 0 234 686 2174 497
p 2 29 237 654 22319 951
p 2 10 244 666 18050 819
p 2 0 194 726 959 415
p 2 7 253 660 19600 808
p 2 0 190 730 919 400
p 2 21 252 647 23559 936
p 2 0 178 742 961 396
p 2 9 239 672 19548 787
p 2 0 187 733 950 407
p 2 9 241 670 19323 797
p 2 0 201 719 1010 426
p 2 30 232 658 22056 946
p 2 9 253 658 18139 825
p 2 0 184 736 913 405
p 2 7 239 674 19563 782
p 2 0 172 748 894 389
p 2 23 227 670 23232 918
p 2 9 252 659 19520 825
p 2 0 190 730 981 417
p 2 10 236 674 19250 798
p 2 0 194 726 973 414
p 2 31 215 674 21985 932
p 2 9 240 671 17997 810
p 2 0 168 752 878 381
p 2 7 235 678 19331 784
p 2 0 181 739 919 398
p 2 22 229 669 23306 911
p 2 13 238 669 19537 821
p 2 0 169 751 861 383
p 2 10 228 682 19233 789
p 2 0 168 752 887 385
p 2 29 215 676 21985 927
p 2 10 241 669 17970 834
p 2 0 171 749 860 388
p 2 7 875 38 28418 1615
i 2 920 0 0 47821 4434
p 2 494 419 7 41728 3917
i 2 920 0 0 40129 4290
p 2 409 490 21 52693 3850
p 2 348 538 34 60309 3820
p 2 47 521 352 26821 1480
p 2 0 335 585 1329 589
p 2 61 333 526 27016 1283
p 2 0 269 651 1009 473
p 2 205 208 507 30314 1819
p 2 116 283 521 26940 1471
p 2 51 454 415 29521 1540
p 2 0 333 587 1293 563
p 2 55 308 557 25601 1199
p 2 4 371 545 5759 834
p 2 144 342 434 28889 1668
p 2 146 287 487 29880 1643
p 2 82 494 344 33353 1877
p 2 0 348 572 1335 581
p 2 80 357 483 26928 1384
p 2 0 218 702 927 427
p 2 206 277 437 30490 1898
p 2 111 308 501 25923 1467
p 2 52 280 588 23777 1120
p 2 0 187 733 855 397
p 2 47 234 639 24673 1063
p 2 0 170 750 852 379
p 2 138 169 613 28101 1432
p 2 145 198 577 29608 1556
p 2 72 253 595 26248 1239
p 2 0 177 743 897 397
p 2 79 218 623 26707 1234
p 2 0 181 739 869 401
i 2 920 0 0 52341 4605
p 2 95 300 525 26088 1385
p 2 51 324 545 23835 1157
p 2 0 191 729 873 399
p 2 50 256 614 24414 1095
p 2 0 167 753 817 374
p 2 140 189 591 28127 1465
p 2 147 200 573 29591 1560
p 2 71 249 600 26403 1230
p 2 0 170 750 845 387
p 2 79 222 619 26764 1241
p 2 0 174 746 870 388
p 2 205 161 554 30204 1771
p 2 112 197 611 25645 1358
p 2 47 249 624 23764 1074
p 2 0 157 763 824 366
p 2 49 220 651 24545 1063
p 2 0 158 762 786 365
p 2 139 160 621 27983 1431
p 2 149 190 581 29586 1561
p 2 74 238 608 26122 1235
p 2 0 165 755 839 380
p 2 78 217 625 26672 1230
p 2 0 163 757 813 378
p 2 204 149 567 30258 1772
p 2 111 195 614 25716 1352
p 2 49 228 643 23713 1068
p 2 0 166 754 814 372
p 2 50 221 649 24459 1056
p 2 0 156 764 835 369
p 2 139 154 627 28035 1423
p 2 146 181 593 29514 1544
p 2 73 229 618 26170 1227
p 2 0 162 758 823 379
p 2 78 209 633 26560 1227
p 2 0 159 761 846 376
i 2 920 0 0 52353 4604
p 2 94 297 529 26184 1387
p 2 51 320 549 23696 1161
p 2 0 213 707 880 411
p 2 47 244 629 24652 1076
p 2 0 179 741 871 390
p 2 140 165 615 27996 1435
p 2 147 197 576 29671 1565
p 2 69 234 617 26185 1209
p 2 0 161 759 773 371
p 2 78 210 632 26711 1226
p 2 0 151 769 805 368
p 2 203 147 570 30231 1765
p 2 112 196 612 25695 1366
p 2 50 223 647 23562 1058
p 2 0 167 753 838 380
p 2 47 208 665 24613 1038
p 2 0 159 761 830 371
p 2 138 158 624 27990 1418
p 2 145 190 585 29721 1542
p 2 70 238 612 26393 1216
p 2 0 169 751 829 386
p 2 80 209 631 26495 1230
p 2 0 155 765 770 363
p 2 206 147 567 30283 1761
p 2 112 198 610 25701 1367
p 2 50 225 645 23729 1066
p 2 0 155 765 758 360
p 2 51 208 661 24416 1057
p 2 0 153 767 794 369
p 2 138 158 624 27907 1430
p 2 146 186 588 29551 1553
p 2 74 236 610 25950 1231
p 2 0 154 766 783 367
p 2 82 202 636 26572 1229
p 2 0 161 759 820 378
i 2 920 0 0 52289 4609
p 2 96 295 529 26179 1384
p 2 51 325 544 23889 1154
p 2 0 186 734 825 393
p 2 49 277 594 24598 1104
p 2 0 839 81 15456 1399
p 2 429 451 40 48549 3905
p 2 499 388 33 44754 4013
i 2 920 0 0 40100 4219
p 2 441 435 44 60803 4031
p 2 212 668 40 50812 3075
p 2 100 553 267 26556 1689
p 2 56 398 466 26458 1315
p 2 0 305 615 1146 515
p 2 74 513 333 31018 1759
p 2 0 336 584 1246 595
p 2 0 177 743 552 363
p 2 25 389 506 12202 1024
p 2 0 297 623 929 496
p 2 24 325 571 9227 751
p 2 7 362 551 6013 805
p 2 0 271 649 841 467
p 2 26 289 605 8898 740
p 2 8 316 596 7337 655
p 2 0 190 730 660 377
p 2 8 186 726 5980 506
p 2 0 123 797 1349 332
p 2 0 88 832 386 274
p 2 21 122 777 6524 531
p 2 0 123 797 1310 322
p 2 24 131 765 8508 566
p 2 0 99 821 485 293
p 2 30 128 762 8805 612
p 2 4 171 745 6181 493
p 2 0 78 842 454 276
p 2 13 121 786 6636 483
p 2 0 73 847 443 272
p 2 0 46 874 309 238
p 2 22 92 806 7292 530
p 2 0 61 859 402 258
p 2 24 115 781 8436 547
p 2 1 123 796 1439 336
p 2 0 56 864 344 249
p 2 27 112 781 8414 572
p 2 6 106 808 6666 447
p 2 0 82 838 492 282
p 2 4 95 821 5810 421
p 2 1 85 834 700 296
p 2 0 24 896 245 218
p 2 21 77 822 6460 491
p 2 2 52 866 879 267
p 2 25 114 781 8441 554
p 2 0 90 830 761 303
p 2 27 109 784 9340 586
p 2 4 115 801 5939 431
p 2 0 78 842 466 279
p 2 8 91 821 6544 444
p 2 0 46 874 377 247
p 2 0 16 904 243 212
p 2 22 82 816 7298 513
p 2 0 67 853 404 263
p 2 25 106 789 8407 545
p 2 3 70 847 806 298
p 2 0 34 886 268 225
p 2 27 98 795 8359 558
p 2 8 103 809 6775 460
p 2 0 86 834 474 282
p 2 8 81 831 5704 421
p 2 1 65 854 1201 284
p 2 0 24 896 256 219
p 2 21 86 813 6476 502
p 2 0 60 860 1276 270
p 2 25 104 791 8433 547
p 2 0 73 847 442 272
p 2 30 101 789 8801 591
p 2 4 98 818 5876 414
p 2 0 67 853 411 267
p 2 12 84 824 6585 444
p 2 0 56 864 390 255
p 2 0 18 902 238 214
p 2 22 94 804 7269 525
p 2 0 70 850 416 268
p 2 25 102 793 8393 544
p 2 0 68 852 1328 282
p 2 0 33 887 299 230
p 2 27 95 798 8352 556
p 2 8 106 806 6199 454
p 2 0 65 855 420 265
p 2 7 78 835 5716 410
p 2 4 51 865 1246 279
p 2 0 20 900 256 216
p 2 21 73 826 6483 492
p 2 1 55 864 1166 271
p 2 24 102 794 8436 537
p 2 0 68 852 450 268
p 2 28 96 796 9223 574
p 2 4 104 812 6016 431
p 2 0 64 856 403 261
p 2 7 79 834 5736 413
p 2 0 50 870 368 249
p 2 0 20 900 242 214
p 2 21 70 829 6468 489
p 2 0 39 881 342 238
p 2 25 93 802 8358 533
i 2 920 0 0 91479 5106
p 2 0 131 789 405 317
p 2 1 209 710 17679 554
p 2 2 156 762 2945 403
p 2 2 238 680 17439 591
p 2 0 240 680 1057 441
p 2 6 254 660 20951 659
p 2 0 151 769 927 364
p 2 4 221 695 17452 594
p 2 2 261 657 3051 501
p 2 0 169 751 1273 363
p 2 0 126 794 529 314
p 2 4 135 781 3143 367
p 2 0 60 860 392 254
p 2 0 66 854 1054 260
p 2 2 83 835 2337 309
p 2 0 76 844 985 269
p 2 0 31 889 281 223
p 2 4 69 847 2912 306
p 2 0 50 870 357 243
p 2 0 45 875 939 241
p 2 2 51 867 2371 279
p 2 0 45 875 931 242
p 2 0 31 889 290 223
p 2 4 164 752 3203 402
p 2 0 128 792 571 320
p 2 0 39 881 820 232
p 2 2 75 843 2390 301
p 2 0 87 833 1066 284
p 2 0 33 887 287 227
p 2 4 81 835 2955 315
p 2 0 52 868 351 243
p 2 0 36 884 860 229
p 2 2 43 875 2339 273
p 2 0 40 880 842 235
p 2 0 24 896 262 218
p 2 4 57 859 2885 292
p 2 0 31 889 314 228
p 2 0 23 897 821 217
p 2 2 37 881 2301 267
p 2 0 50 870 921 247
p 2 0 36 884 291 228
p 2 4 41 875 2851 279
p 2 0 24 896 273 218
p 2 0 14 906 847 213
p 2 2 36 882 2328 265
p 2 0 30 890 880 228
p 2 0 18 902 248 214
p 2 4 48 868 2876 286
p 2 0 33 887 296 228
p 2 0 33 887 788 224
p 2 2 56 862 2329 282
p 2 0 37 883 917 233
p 2 0 14 906 240 209
p 2 4 46 870 2837 285
p 2 0 34 886 293 228
p 2 0 23 897 804 217
p 2 2 31 887 2290 261
p 2 0 30 890 825 228
p 2 0 13 907 241 208
p 2 4 39 877 2847 276
p 2 0 24 896 302 223
p 2 0 18 902 807 214
p 2 2 40 878 2320 266
p 2 0 25 895 825 221
p 2 0 9 911 228 206
p 2 3 34 883 2855 268
p 2 0 24 896 280 220
p 2 0 19 901 846 215
p 2 2 37 881 2316 267
p 2 0 29 891 876 228
p 2 0 11 909 232 206
p 2 4 42 874 2860 278
p 2 0 30 890 295 225
p 2 0 13 907 763 211
p 2 2 36 882 2288 266
p 2 0 28 892 895 225
p 2 0 13 907 234 209
p 2 4 34 882 2709 274
p 2 0 27 893 276 221
p 2 0 15 905 792 211
p 2 2 33 885 2180 261
p 2 0 22 898 806 221
p 2 0 11 909 234 207
p 2 3 68 849 3704 314
p 2 0 36 884 2140 248
p 2 0 46 874 472 239
p 2 0 59 861 2356 266
p 2 0 39 881 442 238
p 2 0 41 879 485 241
p 2 0 34 886 1242 235
p 2 0 21 899 707 220
p 2 0 29 891 856 229
p 2 0 26 894 1359 229
p 2 0 36 884 968 240
p 2 0 35 885 964 235
p 2 0 53 867 1528 254
p 2 0 44 876 1018 242
p 2 0 50 870 1053 247
p 2 0 61 859 1498 261
p 2 0 41 879 1001 241
p 2 0 30 890 1011 231
p 2 0 36 884 1470 237
p 2 0 28 892 883 227
p 2 0 40 880 906 239
p 2 0 29 891 1426 233
p 2 0 26 894 765 225
p 2 0 25 895 803 225
p 2 0 23 897 1258 227
p 2 0 18 902 555 219
p 2 0 20 900 277 216
p 2 0 18 902 1035 218
p 2 0 30 890 364 222
p 2 0 29 891 532 224
p 2 0 22 898 1324 225
p 2 0 29 891 696 223
p 2 0 25 895 883 225
p 2 0 17 903 1347 222
p 2 0 16 904 899 218
p 2 0 19 901 912 220
p 2 0 54 866 1465 250
p 2 0 28 892 955 227
p 2 0 31 889 1003 230
p 2 0 34 886 1441 237
p 2 0 29 891 915 228
p 2 0 23 897 962 224
p 2 0 21 899 1385 225
p 2 0 25 895 900 225
p 2 0 27 893 897 227
p 2 0 20 900 1324 225
p 2 0 24 896 685 223
p 2 0 25 895 771 225
p 2 0 25 895 1159 225
p 2 0 15 905 497 216
p 2 0 15 905 257 209
p 2 0 22 898 945 222
p 2 0 20 900 385 217
p 2 0 17 903 567 216
p 2 0 21 899 1204 222
p 2 0 18 902 764 218
p 2 0 19 901 830 221
p 2 0 16 904 1317 220
p 2 0 15 905 915 218
p 2 0 17 903 944 221
p 2 0 27 893 1415 229
p 2 0 19 901 932 221
p 2 0 20 900 992 222
p 2 0 27 893 1441 229
p 2 0 20 900 986 222
p 2 0 22 898 976 226
p 2 8 32 880 4253 300
p 2 0 31 889 492 230
p 2 0 38 882 989 235
p 2 0 26 894 1401 228
p 2 0 22 898 1336 226
p 2 0 33 887 1361 233
p 2 0 94 826 5874 328
p 2 0 63 857 1532 272
p 2 0 48 872 1447 249
p 2 0 98 822 5177 328
p 2 0 82 838 1599 289
p 2 0 54 866 1504 255
p 2 0 92 828 5406 329
p 2 0 72 848 1600 279
p 2 0 63 857 1124 263
p 2 0 86 834 7865 326
p 2 0 88 832 665 286
p 2 0 58 862 423 251
p 2 0 140 780 7870 384
p 2 0 102 818 1333 302
p 2 0 79 841 1392 279
p 2 0 116 804 7296 360
p 2 0 112 808 1628 318
p 2 0 82 838 1583 282
p 2 0 92 828 7007 340
p 2 0 61 859 1540 268
p 2 0 56 864 1428 256
p 2 0 83 837 8575 346
p 2 0 80 840 1543 287
p 2 0 70 850 1391 269
p 2 0 93 827 7806 346
p 2 0 68 852 841 275
p 2 0 40 880 339 235
p 2 0 83 837 7466 338
p 2 0 80 840 1308 283
p 2 0 52 868 1253 251
p 2 0 77 843 7424 327
p 2 0 65 855 1509 274
p 2 0 46 874 1413 245
p 2 2 82 836 9240 372
p 2 0 61 859 1529 270
p 2 0 43 877 1461 243
p 2 7 87 826 9695 414
p 2 0 64 856 1506 273
p 2 0 52 868 1509 250
p 2 14 103 803 12382 493
p 2 0 90 830 951 295
p 2 0 53 867 1104 254
p 2 7 97 816 9080 420
p 2 0 68 852 1459 275
p 2 0 50 870 1552 251
p 2 10 99 811 10148 450
p 2 0 95 825 1643 302
p 2 0 52 868 1298 251
p 2 10 129 781 14417 501
p 2 0 94 826 1465 304
p 2 1 111 808 7617 386
p 2 6 121 793 7012 406
p 2 0 131 789 7382 395
p 2 0 73 847 1316 279
p 2 8 133 779 13005 491
p 2 0 115 805 1584 322
p 2 7 114 799 7171 393
p 2 0 66 854 1592 271
p 2 4 114 802 7254 383
p 2 0 77 843 1455 280
p 2 6 113 801 9394 404
p 2 0 82 838 1198 281
p 2 10 111 799 11434 443
p 2 11 113 796 5198 402
p 2 11 145 764 13334 525
p 2 0 91 829 1530 299
p 2 22 114 784 13878 562
p 2 0 85 835 1558 295
p 2 25 107 788 13833 580
p 2 0 99 821 2456 308
p 2 23 117 780 13829 601
p 2 0 89 831 1504 298
p 2 24 157 739 21215 712
p 2 0 132 788 1075 343
p 2 26 167 727 19290 698
p 2 0 120 800 2435 335
p 2 28 155 737 20864 713
p 2 0 145 775 1723 359
p 2 22 187 711 15969 660
p 2 0 132 788 1743 341
p 2 21 166 733 15152 634
p 2 0 131 789 2551 345
p 2 24 156 740 13872 621
p 2 0 111 809 1587 320
p 2 29 173 718 14817 686
p 2 0 86 834 742 288
p 2 23 155 742 13674 640
p 2 17 155 748 5563 484
p 2 17 177 726 11613 605
p 2 0 124 796 1745 330
p 2 13 105 802 9735 493
p 2 0 68 852 1767 278
p 2 17 77 826 5499 430
p 2 1 80 839 2610 296
p 2 2 546 372 4906 835
p 2 0 148 772 1719 348
p 2 0 76 844 2406 286
p 2 0 43 877 768 239
p 2 4 156 760 9025 464
p 2 1 87 832 2614 308
p 2 0 126 794 7079 377
p 2 0 124 796 1966 334
p 2 1 167 752 7895 433
p 2 0 78 842 1709 291
p 2 0 84 836 1522 289
p 2 1 73 846 2309 283
p 2 0 91 829 526 282
p 2 0 83 837 1389 281
p 2 0 164 756 2653 373
p 2 0 112 808 1770 314
p 2 0 82 838 1715 281
p 2 1 96 823 2638 313
p 2 0 89 831 1725 293
p 2 0 79 841 1599 279
p 2 0 76 844 2444 282
p 2 0 42 878 343 236
p 2 0 53 867 1194 252
p 2 1 35 884 2293 253
p 2 0 39 881 1550 242
p 2 0 27 893 1573 235
p 2 0 33 887 2464 248
p 2 0 34 886 1571 242
p 2 0 38 882 1484 241
p 2 19 29 872 4839 368
p 2 0 38 882 712 234
p 2 0 44 876 536 237
p 2 0 52 868 1562 254
p 2 0 34 886 1327 235
p 2 0 36 884 1242 238
p 2 0 36 884 1770 242
p 2 0 40 880 1296 245
p 2 0 43 877 1327 245
p 2 0 62 858 1810 264
p 2 0 38 882 1060 239
p 2 7 104 809 7557 418
p 2 0 82 838 1827 292
p 2 1 112 807 7342 380
p 2 0 70 850 1542 281
p 2 1 102 817 8826 385
p 2 0 86 834 1570 294
p 2 0 97 823 1591 302
p 2 0 85 835 1840 284
p 2 0 39 881 1246 242
p 2 0 44 876 536 244
p 2 0 48 872 1491 251
p 2 0 31 889 1132 232
p 2 0 30 890 1351 235
p 2 0 36 884 1771 242
p 2 0 44 876 1306 247
p 2 0 41 879 1410 244
p 2 0 28 892 1819 236
p 2 0 21 899 1176 227
p 2 0 27 893 577 229
p 2 0 27 893 1269 232
p 2 0 31 889 1081 233
p 2 0 27 893 1309 229
p 2 0 58 862 1779 260
p 2 0 33 887 1345 237
p 2 0 42 878 1379 243
p 2 0 45 875 1689 247
p 2 0 39 881 1205 242
p 2 0 35 885 1057 234
p 2 0 28 892 1049 227
p 2 0 24 896 1092 227
p 2 0 25 895 1230 229
p 2 0 21 899 1631 229
p 2 0 26 894 1227 229
p 2 0 23 897 1321 229
p 2 0 156 764 14768 465
p 2 0 125 795 1757 342
p 2 2 141 777 8251 413
p 2 0 87 833 1155 292
p 2 2 120 798 8029 387
p 2 0 111 809 1535 321
p 2 0 123 797 7632 369
p 2 0 79 841 1556 293
p 2 0 116 804 7595 366
p 2 0 103 817 2044 315
p 2 0 101 819 1634 307
p 2 0 79 841 1322 279
p 2 0 135 785 1636 337
p 2 0 90 830 826 286
p 2 0 88 832 1189 285
p 2 0 78 842 1889 279
p 2 0 61 859 1293 262
p 2 0 63 857 1397 262
p 2 0 46 874 1907 250
p 2 0 33 887 1348 238
p 2 0 30 890 1244 235
p 2 0 40 880 1570 244
p 2 0 40 880 490 236
p 2 0 40 880 1052 238
p 2 0 34 886 1738 239
p 2 0 23 897 1335 230
p 2 0 23 897 1338 230
p 2 0 30 890 1848 235
p 2 0 33 887 1368 235
p 2 0 34 886 1264 237
p 2 0 36 884 1655 242
p 2 0 23 897 392 221
p 2 0 20 900 1035 223
p 2 0 24 896 1593 231
p 2 0 24 896 1306 228
p 2 0 20 900 1211 226
p 2 0 43 877 1833 248
p 2 0 33 887 1377 238
p 2 0 42 878 1378 245
p 2 0 46 874 1713 253
p 2 0 43 877 571 239
p 2 0 32 888 775 230
p 2 0 36 884 1510 240
p 2 0 32 888 1349 235
p 2 0 28 892 1337 233
p 2 0 26 894 1819 234
p 2 0 21 899 1274 228
p 2 0 22 898 1257 228
p 2 0 23 897 1667 229
p 2 0 21 899 1029 224
p 2 0 20 900 337 219
p 2 0 22 898 1533 227
p 2 0 21 899 1152 225
p 2 0 24 896 1247 228
p 2 0 24 896 1753 233
p 2 0 23 897 1300 229
p 2 0 20 900 1382 226
p 2 0 22 898 1717 230
p 2 0 24 896 1137 228
p 2 0 17 903 289 216
p 2 0 33 887 1449 236
p 2 0 26 894 1172 230
p 2 0 23 897 1367 230
p 2 0 22 898 1634 229
p 2 0 25 895 1393 232
p 2 0 20 900 1313 226
p 2 0 26 894 1701 233
p 2 0 24 896 1162 230
p 2 0 27 893 676 226
p 2 0 20 900 1022 223
p 2 0 19 901 1012 223
p 2 0 19 901 1276 223
p 2 2 155 763 18495 533
p 2 0 129 791 1786 349
p 2 1 160 759 19190 547
p 2 0 131 789 1813 349
p 2 0 173 747 19111 544
p 2 0 136 784 1421 350
p 2 1 169 750 18673 527
p 2 0 149 771 960 362
p 2 0 116 804 1632 316
p 2 0 46 874 884 246
p 2 0 71 849 1682 267
p 2 0 76 844 1188 272
p 2 0 159 761 2151 364
p 2 0 126 794 1494 324
p 2 7 100 813 4083 362
p 2 0 108 812 1513 304
p 2 6 81 833 3792 335
p 2 0 35 885 1321 236
p 2 7 54 859 3825 314
p 2 0 57 863 1426 258
p 2 0 54 866 1737 256
p 2 0 33 887 1368 233
p 2 6 51 863 3768 305
p 2 0 43 877 1388 246
p 2 0 47 873 1785 247
p 2 0 33 887 1324 233
p 2 0 34 886 1689 235
p 2 0 40 880 1356 239
p 2 0 42 878 1534 242
p 2 0 27 893 1023 227
p 2 0 31 889 1086 230
p 2 0 29 891 368 222
p 2 0 25 895 1097 222
p 2 0 23 897 869 222
p 2 0 25 895 1482 227
p 2 0 20 900 1160 223
p 2 0 28 892 1697 227
p 2 0 19 901 1278 223
p 2 0 30 890 1811 235
p 2 0 27 893 1407 229
p 2 0 26 894 1885 229
p 2 0 23 897 1401 228
p 2 0 21 899 1864 228
p 2 0 22 898 1385 225
p 2 2 149 769 19067 525
p 2 0 133 787 1926 351
p 2 3 149 768 18633 530
p 2 0 132 788 1720 347
p 2 0 161 759 19303 530
p 2 0 118 802 1383 334
p 2 1 164 755 18346 538
p 2 0 150 770 1140 359
p 2 0 134 786 3904 352
p 2 0 67 853 429 263
p 2 0 68 852 1038 264
p 2 0 58 862 648 252
p 2 0 123 797 1373 320
p 2 0 104 816 1451 302
p 2 0 67 853 1358 263
p 2 0 55 865 1254 253
p 2 0 55 865 1642 256
p 2 0 24 896 1113 224
p 2 0 35 885 1369 239
p 2 0 30 890 1125 229
p 2 0 24 896 1421 228
p 2 0 18 902 1165 221
p 2 0 20 900 1477 226
p 2 0 22 898 1285 225
p 2 0 27 893 1447 231
p 2 0 19 901 1361 225
p 2 0 19 901 1479 226
p 2 0 18 902 1249 223
p 2 0 19 901 1443 222
p 2 0 15 905 1235 220
p 2 0 17 903 1305 223
p 2 0 17 903 1103 219
i 2 920 0 0 21796 3610
p 2 0 737 183 4766 1110
p 2 0 764 156 5141 1163
p 2 0 688 232 5007 1110
p 2 0 696 224 3367 1004
p 2 0 710 210 2691 976
p 2 0 705 215 1803 894
p 2 0 723 197 1754 899
p 2 0 681 239 2680 912
p 2 0 723 197 3360 980
p 2 0 684 236 3488 977
p 2 0 769 151 3396 1032
p 2 0 719 201 3527 992
p 2 0 752 168 3800 1048
p 2 0 712 208 4069 1022
p 2 0 719 201 4041 1024
p 2 0 717 203 4067 1011
p 2 0 748 172 3902 1034
p 2 0 762 158 3772 1048
p 2 0 681 239 3761 976
p 2 0 730 190 3719 1000
p 2 0 721 199 3538 1007
p 2 0 708 212 3525 973
p 2 0 697 223 3593 975
p 2 0 655 265 3605 952
p 2 0 719 201 3497 989
p 2 0 710 210 3488 960
p 2 0 704 216 3440 956
p 2 0 637 283 3472 908
p 2 0 713 207 3423 967
p 2 0 715 205 3340 935
p 2 0 702 218 3190 919
p 2 0 650 270 2956 895
p 2 0 701 219 3090 936
p 2 0 624 296 2725 856
p 2 0 739 181 2886 946
p 2 0 692 228 2576 901
p 2 0 705 215 2531 892
p 2 0 703 217 2391 881
p 2 0 752 168 2343 905
p 2 0 720 200 2304 884
p 2 0 693 227 2001 858
p 2 0 709 211 2197 870
p 2 0 730 190 1961 894
p 2 0 701 219 1772 832
p 2 0 665 255 1643 823
p 2 0 742 178 1542 855
p 2 0 759 161 1394 855
p 2 0 691 229 1220 791
p 2 0 677 243 1268 799
p 2 0 716 204 1312 818
p 2 0 728 192 1497 839
p 2 0 724 196 1724 837
p 2 0 693 227 1809 832
p 2 0 719 201 1711 829
p 2 0 658 262 1637 792
p 2 0 731 189 1592 827
p 2 0 678 242 1664 810
p 2 0 761 159 1793 858
p 2 0 676 244 1681 800
p 2 0 739 181 1760 835
p 2 0 712 208 1613 825
p 2 0 680 240 1478 772
p 2 0 673 247 1513 791
p 2 0 706 214 1586 805
p 2 0 727 193 1576 816
p 2 0 729 191 1669 808
p 2 0 735 185 1611 829
p 2 0 708 212 1462 784
p 2 0 737 183 1431 817
p 2 0 743 177 1427 809
p 2 0 757 163 1374 822
p 2 0 704 216 1338 783
p 2 0 690 230 1116 776
p 2 0 778 142 1131 827
p 2 0 699 221 1109 782
p 2 0 748 172 1407 823
p 2 0 659 261 1408 757
p 2 0 689 231 1376 777
p 2 0 729 191 1412 822
p 2 0 772 148 1673 843
p 2 0 760 160 1571 840
p 2 0 762 158 1486 826
p 2 0 753 167 1472 829
p 2 0 714 206 1577 788
p 2 0 757 163 1496 807
p 2 0 765 155 1510 813
p 2 0 788 132 1212 828
p 2 0 755 165 1167 791
p 2 0 711 209 1017 766
p 2 0 722 198 986 766
p 2 0 756 164 1278 800
p 2 0 703 217 1375 762
p 2 0 713 207 1553 785
p 2 0 651 269 1388 735
p 2 0 654 266 1318 762
p 2 0 757 163 1813 905
p 2 358 506 56 4743 2266
p 2 184 734 2 5078 2155
p 2 57 835 28 5072 1960
p 2 32 861 27 5045 1849
p 2 34 838 48 4688 1821
p 2 8 890 22 5158 1817
p 2 10 848 62 4578 1703
p 2 10 869 41 4677 1713
p 2 12 861 47 4389 1665
p 2 8 867 45 4417 1659
p 2 3 829 88 3861 1556
p 2 1 795 124 2481 1341
p 2 3 889 28 3445 1558
p 2 0 902 18 3755 1648
p 2 1 909 10 3277 1643
p 2 1 903 16 4036 1706
p 2 0 904 16 3455 1662
p 2 1 912 7 3961 1678
p 2 3 895 22 3706 1698
p 2 0 911 9 3723 1710
p 2 0 904 16 3651 1684
p 2 0 910 10 3768 1675
p 2 1 896 23 3832 1709
p 2 1 900 19 3963 1720
p 2 2 905 13 3649 1677
p 2 8 882 30 4080 1732
p 2 3 893 24 3631 1687
p 2 5 899 16 4113 1778
p 2 5 889 26 3803 1762
p 2 5 894 21 3860 1759
p 2 2 904 14 3869 1789
p 2 0 905 15 3898 1775
p 2 4 904 12 3950 1755
p 2 3 905 12 4137 1796
p 2 2 906 12 4105 1800
p 2 4 908 8 4322 1832
p 2 7 895 18 4068 1792
p 2 3 901 16 4261 1785
p 2 2 903 15 4050 1808
p 2 2 894 24 4123 1797
p 2 0 913 7 4032 1772
p 2 1 904 15 3834 1714
p 2 0 900 20 3927 1746
p 2 0 911 9 3902 1798
p 2 1 902 17 3871 1755
p 2 0 905 15 3876 1732
p 2 0 902 18 3629 1706
p 2 0 915 5 4120 1768
p 2 2 899 19 3742 1727
p 2 1 910 9 4087 1808
p 2 6 897 17 3862 1813
p 2 2 891 27 4040 1817
p 2 0 899 21 3676 1744
p 2 0 911 9 3699 1714
p 2 3 900 17 3676 1752
p 2 9 897 14 4004 1806
p 2 14 893 13 3657 1821
p 2 16 882 22 3890 1837
p 2 4 903 13 3490 1736
p 2 0 897 23 3593 1725
p 2 0 900 20 3254 1697
p 2 0 903 17 3339 1658
p 2 1 899 20 3328 1665
p 2 3 894 23 3226 1661
p 2 4 899 17 3233 1650
p 2 1 894 25 3291 1614
p 2 1 901 18 2952 1566
p 2 0 874 46 3073 1534
p 2 1 875 44 2882 1496
p 2 0 889 31 3246 1559
p 2 1 894 25 3016 1573
p 2 3 892 25 3065 1589
p 2 0 898 22 2983 1565
p 2 1 890 29 2911 1522
p 2 0 892 28 3079 1555
p 2 2 898 20 3327 1590
p 2 14 891 15 3111 1632
p 2 8 887 25 3806 1695
p 2 3 894 23 3065 1589
p 2 0 897 23 3338 1583
p 2 0 908 12 2925 1524
p 2 0 913 7 3567 1586
p 2 0 910 10 3236 1543
p 2 1 846 73 2187 1284
p 2 34 834 52 4200 1634
p 2 11 844 65 3893 1620
p 2 14 836 70 4257 1664
p 2 10 823 87 4089 1672
p 2 9 827 84 4314 1656
p 2 30 812 78 4320 1812
p 2 18 813 89 4481 1751
p 2 8 805 107 4436 1745
p 2 19 789 112 4573 1719
p 2 5 829 86 4404 1757
p 2 6 790 124 4352 1642
p 2 0 824 96 1164 1006
p 2 0 795 125 1509 935
p 2 0 891 29 1469 975
p 2 0 884 36 1817 1016
p 2 0 898 22 2231 1087
p 2 0 904 16 2438 1118
p 2 0 908 12 2535 1158
p 2 0 904 16 2828 1154
p 2 1 910 9 2816 1181
p 2 0 911 9 3002 1182
p 2 1 907 12 2835 1223
p 2 1 911 8 3014 1212
p 2 2 915 3 3164 1210
p 2 1 915 4 3200 1216
p 2 0 912 8 3074 1203
p 2 0 917 3 2898 1183
p 2 0 910 10 3084 1217
p 2 0 918 2 2965 1218
p 2 0 917 3 2959 1219
p 2 0 916 4 2870 1228
p 2 0 918 2 2719 1220
p 2 0 917 3 2546 1191
p 2 0 918 2 2706 1167
p 2 0 918 2 2688 1190
p 2 0 918 2 2582 1205
p 2 0 918 2 2687 1195
p 2 0 919 1 2933 1232
p 2 0 919 1 2897 1210
p 2 0 917 3 2586 1217
p 2 0 918 2 2724 1219
p 2 0 919 1 2871 1228
p 2 0 918 2 3018 1226
p 2 0 920 0 2676 1235
p 2 0 919 1 2604 1197
p 2 0 920 0 2614 1192
p 2 0 919 1 2994 1241
p 2 0 919 1 2598 1231
p 2 0 918 2 2640 1210
p 2 0 919 1 2391 1186
p 2 0 920 0 2581 1180
p 2 0 919 1 2431 1164
p 2 0 920 0 2458 1209
p 2 0 918 2 2525 1201
p 2 0 917 3 2588 1187
p 2 0 920 0 2529 1237
p 2 0 918 2 2524 1228
p 2 0 919 1 2573 1196
p 2 0 919 1 2551 1213
p 2 0 920 0 2549 1205
p 2 0 917 3 2580 1181
p 2 0 918 2 2679 1222
p 2 0 918 2 2705 1229
p 2 0 919 1 2572 1201
p 2 0 912 8 2735 1188
p 2 0 919 1 2750 1183
p 2 0 919 1 2906 1193
p 2 0 914 6 2712 1180
p 2 0 918 2 2971 1206
p 2 1 918 1 2887 1214
p 2 3 913 4 2813 1193
p 2 2 914 4 2750 1174
p 2 0 915 5 2932 1206
p 2 0 917 3 2729 1193
p 2 0 912 8 2326 1132
p 2 1 912 7 2388 1135
p 2 1 913 6 2445 1133
p 2 1 914 5 2564 1134
p 2 1 910 9 2773 1164
p 2 1 912 7 2832 1149
p 2 1 895 24 2981 1149
p 2 2 897 21 3342 1186
p 2 1 825 94 3312 1117
p 2 3 806 111 3508 1095
p 2 3 780 137 3980 1068
p 2 1 813 106 4037 1113
p 2 3 756 161 4031 1061
p 2 1 810 109 3573 1094
p 2 2 734 184 3354 1023
p 2 1 830 89 3279 1091
p 2 3 677 240 2996 975
p 2 2 784 134 3175 1059
p 2 2 674 244 2961 950
p 2 0 773 147 2904 1002
p 2 0 684 236 2907 928
p 2 0 781 139 3160 1023
p 2 1 709 210 3322 988
p 2 2 748 170 3485 1038
p 2 2 693 225 3632 1007
p 2 0 779 141 3642 1075
p 2 2 747 171 3486 1042
p 2 1 830 89 3932 1125
p 2 2 744 174 3998 1082
p 2 3 819 98 3915 1131
p 2 5 753 162 3970 1075
p 2 0 820 100 3478 1090
p 2 1 698 221 3293 978
p 2 0 841 79 3405 1119
p 2 1 713 206 3577 1043
p 2 4 790 126 3719 1106
p 2 4 714 202 3803 1055
p 2 2 810 108 3688 1109
p 2 4 683 233 3772 1022
p 2 2 808 110 3953 1112
p 2 1 728 191 4316 1043
p 2 1 800 119 4762 1157
p 2 2 744 174 5284 1154
p 2 4 795 121 5521 1250
p 2 5 735 180 5891 1251
p 2 6 803 111 5946 1310
p 2 6 733 181 5792 1245
p 2 4 827 89 5930 1328
p 2 2 768 150 5849 1300
p 2 5 847 68 5178 1387
p 2 2 777 141 5199 1257
p 2 0 849 71 5159 1298
p 2 4 792 124 5048 1242
p 2 4 864 52 5225 1321
p 2 5 780 135 5016 1243
p 2 7 841 72 5167 1293
p 2 6 768 146 5092 1230
i 2 920 0 0 59606 4861
p 2 1 764 155 11683 1226
p 2 11 904 5 34226 1874
p 2 0 871 49 14013 1440
p 2 13 900 7 35122 1894
p 2 0 886 34 14063 1465
p 2 3 909 8 33121 1846
p 2 0 876 44 13643 1479
p 2 4 906 10 32417 1803
p 2 0 880 40 13857 1473
p 2 10 901 9 32197 1808
p 2 0 874 46 14321 1469
p 2 5 905 10 34832 1850
p 2 2 872 46 14275 1480
p 2 3 911 6 32646 1814
p 2 0 876 44 14036 1491
p 2 5 905 10 34025 1852
p 2 0 877 43 14366 1498
p 2 9 904 7 31261 1850
p 2 1 861 58 14277 1481
p 2 3 908 9 32934 1803
p 2 0 890 30 14134 1495
p 2 9 900 11 33447 1845
p 2 0 881 39 14578 1488
p 2 7 907 6 34947 1867
p 2 0 877 43 15796 1485
p 2 8 905 7 34408 1834
p 2 0 874 46 15184 1481
p 2 5 901 14 32542 1790
p 2 0 882 38 14312 1498
p 2 5 903 12 32347 1808
p 2 0 879 41 14217 1489
p 2 6 906 8 33884 1855
p 2 0 879 41 14288 1480
p 2 15 894 11 34318 1916
p 2 0 878 42 14290 1505
p 2 2 904 14 34543 1834
p 2 1 884 35 14170 1503
p 2 4 906 10 32321 1797
p 2 1 878 41 14419 1511
p 2 7 906 7 33777 1837
p 2 1 881 38 14339 1500
p 2 9 899 12 34322 1839
p 2 0 882 38 13941 1493
p 2 4 908 8 34486 1829
p 2 0 886 34 14124 1481
p 2 3 909 8 33157 1818
p 2 0 879 41 13797 1492
p 2 9 900 11 33617 1829
p 2 0 881 39 14999 1498
p 2 7 903 10 32440 1829
p 2 0 880 40 13980 1484
p 2 11 901 8 35337 1880
p 2 0 877 43 13991 1494
i 2 920 0 0 58852 4165
p 2 2 423 495 2283 619
p 2 0 382 538 2188 554
p 2 19 332 569 7680 672
p 2 0 372 548 2312 553
p 2 0 323 597 2248 493
p 2 16 347 557 8195 666
p 2 0 310 610 1987 490
p 2 0 322 598 1897 498
p 2 16 315 589 8686 663
p 2 0 288 632 1899 478
p 2 0 248 672 1809 438
p 2 16 317 587 8951 667
p 2 0 304 616 2358 493
p 2 0 303 617 2292 477
p 2 11 306 603 9119 636
p 2 0 314 606 2233 497
p 2 1 248 671 2009 435
p 2 10 293 617 9813 609
p 2 2 280 638 2489 479
p 2 1 286 633 1946 466
p 2 14 279 627 9551 612
p 2 0 298 622 2137 479
p 2 0 276 644 1912 468
p 2 18 362 540 9148 729
p 2 0 356 564 2059 543
p 2 0 349 571 2280 522
p 2 11 349 560 9963 679
p 2 0 361 559 2690 542
p 2 0 328 592 2285 505
p 2 7 371 542 9838 681
p 2 0 377 543 2680 574
p 2 1 362 557 2451 561
p 2 9 388 523 10079 705
p 2 0 410 510 2933 602
p 2 0 362 558 2943 543
p 2 8 394 518 10225 685
p 2 1 349 570 3103 548
p 2 0 364 556 2730 545
p 2 16 362 542 9688 717
p 2 0 409 511 2985 586
p 2 0 319 601 2592 493
p 2 10 376 534 9011 677
p 2 1 304 615 2351 498
p 2 0 316 604 2038 492
p 2 11 288 621 8339 598
p 2 0 293 627 1770 477
p 2 0 270 650 1676 456
p 2 11 322 587 7975 621
p 2 0 294 626 1989 478
p 2 0 299 621 1869 468
p 2 11 316 593 7951 616
p 2 0 281 639 1750 459
p 2 0 241 679 1595 420
p 2 10 287 623 7169 599
p 2 1 260 659 2179 457
p 2 0 282 638 2149 466
p 2 11 292 617 7049 592
p 2 0 301 619 2128 484
p 2 1 245 674 2006 425
p 2 7 273 640 6931 557
p 2 0 264 656 1964 453
p 2 1 288 631 2458 492
p 2 12 276 632 7801 606
p 2 1 311 608 2657 516
i 2 920 0 0 68714 4985
p 2 0 231 689 1094 416
p 2 1 349 570 13515 613
p 2 0 229 691 1570 433
p 2 0 298 622 13169 563
p 2 0 244 676 1649 449
p 2 0 456 464 24618 841
p 2 0 341 579 2177 553
p 2 0 297 623 13108 564
p 2 1 398 521 11693 714
p 2 0 291 629 1813 492
p 2 0 195 725 1292 384
p 2 0 319 601 11841 614
p 2 0 238 682 1523 444
p 2 1 182 737 1130 372
p 2 0 292 628 11380 580
p 2 0 278 642 1712 480
p 2 2 167 751 1257 369
p 2 0 123 797 1001 315
p 2 0 116 804 913 303
p 2 0 125 795 900 313
p 2 0 110 810 855 301
p 2 0 109 811 803 296
p 2 0 91 829 794 279
p 2 0 103 817 856 296
p 2 0 101 819 875 288
p 2 0 105 815 875 293
p 2 0 110 810 951 299
p 2 0 106 814 986 300
i 2 920 0 0 45866 4058
p 2 0 316 604 1549 509
p 2 0 238 682 1397 429
p 2 0 203 717 1400 395
p 2 0 229 691 1582 420
p 2 0 244 676 1720 430
p 2 1 232 687 1978 434
p 2 1 241 678 2244 447
p 2 0 252 668 2199 449
p 2 0 241 679 2338 434
p 2 0 220 700 1402 420
p 2 0 204 716 1606 401
p 2 2 235 683 4633 471
p 2 1 244 675 2331 449
p 2 2 215 703 2228 423
p 2 10 234 676 8437 533
p 2 0 247 673 2291 455
p 2 0 243 677 2458 446
p 2 20 268 632 11708 645
p 2 0 254 666 2067 463
p 2 0 239 681 1897 430
p 2 28 259 633 11870 701
p 2 0 266 654 1923 459
p 2 0 217 703 1800 406
p 2 38 301 581 16696 846
p 2 0 337 583 2546 545
p 2 0 274 646 2391 478
p 2 46 291 583 18776 931
p 2 0 284 636 2347 494
p 2 0 247 673 1706 437
p 2 40 320 560 20678 945
p 2 0 302 618 1961 505
p 2 0 240 680 1890 436
p 2 49 337 534 26729 1085
p 2 0 309 611 2758 526
p 2 0 257 663 2625 459
p 2 72 348 500 30555 1273
p 2 0 338 582 2850 556
p 2 1 285 634 2802 494
p 2 76 389 455 37289 1380
p 2 0 372 548 3233 606
p 2 18 316 586 15208 743
p 2 28 388 504 23349 1033
p 2 9 388 523 13738 761
p 2 2 315 603 2811 541
p 2 34 402 484 33956 1161
p 2 1 378 541 3247 624
p 2 7 308 605 13778 652
p 2 1 386 533 3227 611
p 2 5 370 545 13345 693
p 2 2 340 578 3349 571
p 2 5 347 568 13734 673
p 2 1 323 596 3018 543
p 2 0 244 676 1605 440
p 2 2 256 662 2869 475
p 2 0 271 649 2212 474
p 2 0 306 614 3086 518
p 2 0 250 670 1985 445
p 2 1 276 643 10420 541
p 2 0 259 661 2124 464
p 2 0 263 657 8991 512
p 2 0 209 711 1878 420
p 2 0 260 660 9104 511
p 2 0 249 671 2271 460
p 2 0 275 645 2809 480
p 2 1 238 681 2820 455
p 2 0 234 686 2347 446
p 2 0 256 664 2484 456
p 2 0 257 663 2540 457
p 2 0 215 705 1959 406
p 2 0 212 708 1832 409
p 2 0 212 708 1907 410
p 2 1 233 686 2051 441
p 2 0 212 708 1918 408
p 2 1 209 710 2214 409
p 2 0 196 724 1877 392
p 2 0 236 684 1859 432
p 2 1 208 711 1791 409
p 2 0 177 743 1332 368
p 2 0 197 723 1428 390
p 2 0 200 720 1903 395
p 2 0 177 743 2191 381
p 2 0 199 721 2139 400
p 2 0 205 715 2305 405
p 2 0 225 695 2292 427
p 2 0 218 702 2321 422
p 2 0 215 705 2649 421
p 2 0 211 709 2689 420
p 2 0 222 698 2654 436
p 2 0 202 718 2428 413
p 2 0 201 719 2198 410
p 2 0 218 702 2251 422
p 2 0 244 676 2577 449
p 2 0 242 678 2455 446
p 2 0 227 693 2025 422
p 2 0 192 728 1697 385
p 2 21 407 492 7183 1036
p 2 0 341 579 1867 533
p 2 0 278 642 2078 459
p 2 1 406 513 5934 870
p 2 2 344 574 2520 571
p 2 3 290 627 2756 511
p 2 2 424 494 6118 887
p 2 0 360 560 2234 568
p 2 0 344 576 2383 547
p 2 0 257 663 2103 457
p 2 0 204 716 1951 402
p 2 0 216 704 2359 415
p 2 1 232 687 2371 441
p 2 2 216 702 2146 426
p 2 1 220 699 2233 427
p 2 1 185 734 1831 390
p 2 0 201 719 1814 393
p 2 0 182 738 2047 374
p 2 0 180 740 1910 382
p 2 0 190 730 2129 398
p 2 0 186 734 2106 391
p 2 0 177 743 1837 379
p 2 0 167 753 1604 358
p 2 0 168 752 1540 356
p 2 0 171 749 1446 362
p 2 0 160 760 1526 350
p 2 0 148 772 1878 347
p 2 1 166 753 2018 377
p 2 3 204 713 2177 427
p 2 2 218 700 2420 435
p 2 2 205 713 2073 410
p 2 2 178 740 1975 388
p 2 2 161 757 1927 371
p 2 0 170 750 1745 363
p 2 0 195 725 2252 398
p 2 2 207 711 3202 438
p 2 3 217 700 3172 446
p 2 2 203 715 3064 431
p 2 6 204 710 3065 461
p 2 4 205 711 2626 444
p 2 0 241 679 2707 453
p 2 1 243 676 3051 463
p 2 1 227 692 2600 440
p 2 3 217 700 2454 443
p 2 21 341 558 22609 869
p 2 2 288 630 2554 510
p 2 24 339 557 25261 931
p 2 1 294 625 2317 519
p 2 18 358 544 23458 911
p 2 0 278 642 2048 494
p 2 10 321 589 24502 831
p 2 0 302 618 2002 518
p 2 0 259 661 1618 447
p 2 1 186 733 1429 384
p 2 2 198 720 2656 415
p 2 0 185 735 1554 382
p 2 0 188 732 1572 383
p 2 0 156 764 2157 354
p 2 0 161 759 1449 359
p 2 0 156 764 1615 354
p 2 0 190 730 2423 395
p 2 1 191 728 2188 402
p 2 1 173 746 2117 379
p 2 3 166 751 2086 382
p 2 7 304 609 16182 693
p 2 0 272 648 2419 496
p 2 13 357 550 23511 859
p 2 0 338 582 2951 566
p 2 8 334 578 19852 756
p 2 0 303 617 2674 528
p 2 2 315 603 19314 695
p 2 0 337 583 2763 561
p 2 0 810 110 15479 1169
p 2 0 920 0 17950 1432
p 2 0 920 0 15669 1418
p 2 5 914 1 22317 1586
p 2 14 906 0 23479 1672
p 2 26 894 0 22088 1733
p 2 17 903 0 26365 1792
p 2 16 904 0 21808 1800
p 2 29 891 0 24865 1828
p 2 22 898 0 21445 1741
p 2 32 888 0 25720 1855
p 2 36 884 0 22255 1796
p 2 28 891 1 23268 1782
p 2 29 891 0 20849 1765
p 2 26 894 0 14980 1634
p 2 29 889 2 20570 1741
p 2 24 896 0 21686 1689
p 2 46 874 0 24801 1794
i 2 920 0 0 72227 4547
p 2 3 917 0 16038 1372
p 2 0 920 0 19758 1449
p 2 0 920 0 19065 1431
p 2 0 920 0 19410 1389
p 2 0 920 0 20138 1452
p 2 0 920 0 19609 1426
p 2 0 920 0 19289 1429
p 2 0 920 0 19073 1436
p 2 0 920 0 18902 1425
p 2 2 918 0 18557 1415
p 2 0 920 0 19499 1440
p 2 0 920 0 19959 1442
p 2 0 920 0 20058 1423
p 2 4 916 0 19782 1456
p 2 0 920 0 19525 1423
p 2 0 920 0 19536 1438
p 2 1 919 0 19940 1447
p 2 3 917 0 19672 1458
p 2 0 920 0 19683 1446
p 2 0 920 0 19138 1433
p 2 0 920 0 19825 1439
p 2 2 918 0 19789 1454
p 2 1 919 0 19846 1450
p 2 0 920 0 20047 1447
p 2 0 920 0 20629 1454
p 2 0 920 0 20912 1452
p 2 1 919 0 21270 1464
p 2 1 919 0 20507 1468
p 2 0 920 0 20614 1451
p 2 0 920 0 21076 1459
p 2 0 920 0 21924 1494
p 2 0 920 0 21741 1479
p 2 0 920 0 22169 1476
p 2 0 920 0 22136 1470
p 2 2 918 0 22098 1484
p 2 0 920 0 21864 1484
p 2 0 920 0 22151 1504
p 2 2 918 0 22172 1509
p 2 0 920 0 23144 1501
p 2 0 920 0 23715 1533
p 2 1 919 0 24291 1531
p 2 2 918 0 24300 1537
p 2 3 917 0 25007 1557
p 2 4 916 0 24056 1558
p 2 2 918 0 24081 1535
p 2 1 919 0 23740 1552
p 2 1 919 0 23875 1539
p 2 1 919 0 23641 1550
p 2 0 920 0 24594 1565
p 2 0 920 0 25042 1571
p 2 1 919 0 25231 1600
p 2 1 919 0 24566 1566
p 2 2 918 0 24283 1566
p 2 0 920 0 24549 1572
p 2 0 920 0 25042 1583
p 2 0 920 0 24669 1564
p 2 1 919 0 25149 1575
p 2 1 919 0 25606 1582
p 2 1 919 0 23921 1547
i 2 920 0 0 69166 4807
p 2 2 286 632 3840 495
p 2 0 274 646 3965 477
p 2 154 371 395 52969 2015
p 2 0 392 528 4289 616
p 2 0 311 609 3853 507
p 2 215 394 311 64530 2472
p 2 0 410 510 4409 638
p 2 0 325 595 3800 532
p 2 214 423 283 65855 2548
p 2 0 382 538 3964 617
p 2 0 350 570 4084 559
p 2 197 455 268 68369 2513
p 2 0 414 506 4873 647
p 2 2 297 621 3869 509
p 2 48 394 478 32329 1156
p 2 0 385 535 4131 606
p 2 0 252 668 3679 453
p 2 47 385 488 30250 1140
p 2 2 388 530 3754 609
p 2 0 288 632 2826 476
p 2 84 386 450 40907 1442
p 2 0 386 534 3759 594
p 2 0 335 585 3681 529
p 2 93 436 391 46400 1585
p 2 0 357 563 4384 588
p 2 0 332 588 4197 545
p 2 74 404 442 28068 1291
p 2 0 326 594 3810 533
p 2 0 246 674 3831 456
p 2 33 436 451 28545 1098
p 2 1 437 482 4582 660
p 2 0 391 529 4332 596
p 2 51 454 415 30137 1266
p 2 0 386 534 4719 624
p 2 1 333 586 4298 555
p 2 42 424 454 30329 1178
p 2 0 377 543 4730 605
p 2 0 326 594 4293 537
p 2 54 433 433 28792 1242
p 2 0 380 540 4855 608
p 2 1 291 628 4196 505
p 2 3 290 627 7579 550
p 2 0 272 648 2755 468
p 2 0 263 657 2294 458
p 2 0 273 647 6271 498
p 2 0 234 686 3245 431
p 2 0 222 698 3457 420
p 2 1 298 621 7446 553
p 2 2 274 644 4038 494
p 2 0 245 675 3732 451
p 2 0 224 696 3799 430
p 2 0 220 700 3099 423
i 2 920 0 0 81860 4882
p 2 2 911 7 12716 1390
p 2 1 914 5 13158 1408
p 2 1 911 8 15570 1435
p 2 0 913 7 13270 1414
p 2 0 910 10 13934 1431
p 2 0 913 7 15402 1419
p 2 0 911 9 13370 1404
p 2 1 915 4 13391 1414
p 2 1 912 7 16087 1440
p 2 1 914 5 13348 1415
p 2 2 910 8 14294 1436
p 2 3 914 3 16948 1457
p 2 3 908 9 13861 1418
p 2 1 910 9 13684 1406
p 2 0 900 20 13879 1392
p 2 1 913 6 13531 1390
p 2 0 908 12 13453 1392
p 2 0 914 6 12939 1401
p 2 0 910 10 13178 1406
p 2 0 909 11 12793 1391
p 2 0 912 8 12590 1376
p 2 0 909 11 12960 1373
p 2 0 910 10 12774 1368
p 2 0 911 9 13613 1398
p 2 0 910 10 14113 1396
p 2 0 910 10 13995 1412
p 2 0 912 8 13843 1423
p 2 1 908 11 13201 1403
p 2 0 908 12 13202 1398
p 2 0 904 16 13609 1382
p 2 0 908 12 13707 1406
p 2 4 908 8 13393 1409
p 2 0 907 13 13364 1395
p 2 0 913 7 13315 1382
p 2 0 913 7 13457 1388
p 2 0 914 6 13502 1396
p 2 0 914 6 13613 1400
p 2 0 915 5 13406 1400
p 2 0 905 15 15609 1402
p 2 0 915 5 13255 1385
p 2 0 906 14 13696 1395
p 2 0 913 7 15361 1405
p 2 1 912 7 12730 1400
p 2 2 911 7 12754 1394
p 2 0 914 6 13829 1385
p 2 0 911 9 11974 1372
p 2 0 911 9 11813 1344
p 2 0 914 6 14050 1365
p 2 0 913 7 12768 1364
p 2 0 913 7 13175 1393
p 2 4 907 9 15295 1432
p 2 0 912 8 12344 1372
p 2 0 911 9 12438 1364
p 2 0 907 13 15138 1374
p 2 0 910 10 12794 1387
p 2 2 910 8 12583 1374
p 2 2 905 13 14617 1371
p 2 0 914 6 12267 1365
p 2 0 915 5 12674 1381
p 2 0 916 4 14467 1399
p 2 0 907 13 11784 1363
p 2 1 912 7 12139 1358
p 2 0 912 8 14892 1391
p 2 0 914 6 13020 1397
p 2 1 911 8 12575 1393
p 2 1 915 4 14504 1403
p 2 0 912 8 12059 1362
p 2 0 915 5 12155 1368
p 2 0 916 4 14548 1386
p 2 2 911 7 12392 1383
p 2 0 913 7 11931 1356
p 2 0 912 8 14911 1387
p 2 1 906 13 11987 1363
p 2 0 914 6 11840 1344
p 2 0 909 11 12112 1350
p 2 0 917 3 12497 1346
p 2 0 913 7 13050 1351
p 2 3 911 6 12873 1373
p 2 0 911 9 12577 1359
p 2 0 908 12 12440 1355
p 2 0 914 6 12289 1378
p 2 1 911 8 12182 1352
p 2 0 914 6 12392 1357
p 2 0 914 6 12333 1345
p 2 0 908 12 12215 1339
p 2 0 908 12 12578 1354
p 2 0 916 4 12952 1387
p 2 0 911 9 13135 1377
p 2 0 913 7 12509 1379
p 2 0 914 6 12360 1360
p 2 0 913 7 12442 1366
p 2 0 913 7 12587 1353
p 2 0 908 12 12287 1364
p 2 0 908 12 12190 1358
p 2 0 913 7 11560 1333
p 2 0 908 12 11773 1345
p 2 0 909 11 11745 1326
p 2 0 919 1 11607 1329
p 2 0 909 11 13849 1334
p 2 0 911 9 12282 1341
p 2 0 916 4 12858 1369
p 2 0 911 9 14318 1376
p 2 0 907 13 11750 1349
p 2 0 913 7 11981 1344
p 2 0 907 13 14150 1358
p 2 0 912 8 12303 1339
p 2 0 910 10 12149 1346
p 2 0 913 7 13716 1372
p 2 0 909 11 11628 1351
p 2 0 914 6 11599 1344
p 2 0 912 8 14116 1365
p 2 0 915 5 11832 1358
p 2 0 910 10 12315 1363
p 2 0 916 4 15195 1391
p 2 4 901 15 12285 1357
p 2 1 915 4 12102 1371
p 2 0 908 12 13675 1371
p 2 1 911 8 11465 1364
p 2 0 907 13 10878 1360
p 2 2 917 1 12884 1372
p 2 0 904 16 11076 1337
p 2 0 915 5 11204 1326
p 2 0 909 11 13859 1342
p 2 0 914 6 12002 1330
p 2 0 912 8 12369 1347
p 2 0 913 7 13813 1357
p 2 0 915 5 11474 1364
p 2 0 914 6 11345 1344
p 2 0 906 14 13449 1352
p 2 0 909 11 11695 1336
p 2 1 909 10 12492 1361
p 2 0 913 7 15065 1375
p 2 0 909 11 11853 1337
p 2 0 913 7 11975 1338
p 2 0 909 11 12180 1345
p 2 0 912 8 11996 1339
p 2 0 905 15 12205 1334
p 2 0 905 15 12318 1361
p 2 0 909 11 12330 1376
p 2 0 917 3 12022 1374
p 2 0 911 9 11093 1354
p 2 0 911 9 11063 1339
p 2 0 906 14 11210 1343
p 2 0 907 13 11007 1332
p 2 0 913 7 11018 1343
p 2 0 914 6 11090 1340
p 2 0 912 8 11447 1356
p 2 0 909 11 11421 1340
p 2 0 916 4 11762 1347
p 2 0 915 5 11951 1347
p 2 0 911 9 12296 1358
p 2 0 911 9 12417 1336
p 2 0 911 9 12696 1364
p 2 0 905 15 12583 1366
p 2 1 898 21 12654 1350
p 2 0 910 10 12276 1339
p 2 0 913 7 12232 1346
p 2 0 912 8 11699 1332
p 2 0 908 12 14063 1362
p 2 0 905 15 11594 1329
p 2 0 910 10 12068 1373
p 2 1 911 8 14419 1386
p 2 0 912 8 11865 1362
p 2 0 914 6 11938 1352
p 2 0 905 15 13633 1355
p 2 0 911 9 11570 1342
p 2 0 907 13 11962 1328
p 2 1 908 11 14237 1379
p 2 0 912 8 12110 1384
p 2 1 909 10 11495 1387
p 2 0 910 10 13451 1366
p 2 1 910 9 11003 1346
p 2 0 908 12 10829 1333
p 2 1 916 3 14175 1359
p 2 0 909 11 11735 1327
p 2 0 907 13 11688 1339
p 2 0 911 9 13727 1355
p 2 0 915 5 11447 1352
p 2 1 907 12 11472 1357
p 2 0 909 11 13729 1354
p 2 0 909 11 12297 1344
p 2 0 912 8 12445 1345
p 2 1 912 7 15007 1396
p 2 1 912 7 11857 1374
p 2 0 912 8 12000 1349
p 2 0 912 8 13935 1372
p 2 0 910 10 12324 1369
p 2 0 912 8 12588 1372
p 2 0 902 18 14850 1379
p 2 1 904 15 12938 1365
p 2 3 911 6 12669 1377
p 2 0 912 8 14890 1377
p 2 0 912 8 12069 1360
p 2 0 915 5 12341 1359
p 2 0 915 5 12046 1386
p 2 2 912 6 11465 1382
p 2 0 904 16 12143 1351
p 2 0 913 7 12876 1356
p 2 1 906 13 12949 1388
p 2 2 913 5 12653 1402
p 2 2 911 7 12086 1404
p 2 1 914 5 11980 1363
p 2 0 908 12 11597 1346
p 2 0 915 5 11808 1356
p 2 0 909 11 12475 1367
p 2 0 916 4 12301 1371
p 2 0 909 11 12289 1383
p 2 0 916 4 11810 1364
p 2 0 913 7 12116 1358
i 2 920 0 0 53369 4958
p 2 0 466 454 5325 720
p 2 1 460 459 5471 720
p 2 3 452 465 5915 729
p 2 1 476 443 6517 762
p 2 1 501 418 6300 774
p 2 11 494 415 7432 833
p 2 0 468 452 6083 741
p 2 1 452 467 5781 728
p 2 19 459 442 8892 874
p 2 3 453 464 5622 740
p 2 1 433 486 5176 692
p 2 73 441 406 14642 1201
p 2 1 420 499 4788 676
p 2 0 392 528 4669 627
p 2 118 389 413 20241 1450
p 2 0 408 512 4711 650
p 2 4 382 534 4626 656
p 2 69 518 333 24874 1495
p 2 2 486 432 4453 761
p 2 1 422 497 4025 671
p 2 84 534 302 29451 1681
p 2 0 467 453 3962 729
p 2 0 378 542 3496 612
p 2 0 410 510 3927 650
p 2 1 396 523 3837 638
p 2 2 376 542 4314 625
p 2 4 373 543 5154 658
p 2 5 378 537 4684 654
p 2 0 384 536 4411 631
p 2 0 356 564 4196 595
p 2 0 365 555 3933 601
p 2 1 352 567 4056 596
p 2 3 332 585 4544 583
p 2 0 324 596 4150 563
p 2 0 343 577 4062 574
p 2 1 353 566 4071 598
p 2 1 337 582 3603 564
p 2 0 319 601 3509 536
p 2 1 331 588 4014 571
p 2 0 358 562 4202 597
p 2 1 350 569 4512 619
p 2 1 353 566 4285 621
p 2 2 368 550 4311 624
p 2 0 378 542 3751 603
p 2 0 347 573 3539 568
p 2 0 349 571 3654 583
p 2 0 341 579 3804 568
p 2 0 388 532 3962 609
p 2 0 374 546 3483 597
p 2 1 346 573 3449 572
p 2 1 365 554 3241 589
p 2 0 338 582 3299 560
p 2 0 351 569 3773 582
p 2 1 366 553 4330 616
p 2 0 411 509 4868 673
p 2 1 399 520 5143 666
p 2 0 423 497 5117 685
p 2 2 418 500 4689 678
p 2 3 419 498 4625 682
p 2 0 393 527 4188 632
p 2 0 385 535 3898 610
p 2 0 360 560 4260 599
p 2 0 407 513 5089 664
p 2 3 391 526 5745 686
p 2 1 402 517 5930 699
p 2 5 379 536 5270 673
p 2 4 340 576 4199 605
p 2 0 330 590 3573 556
p 2 0 308 612 3468 540
p 2 1 318 601 3618 560
p 2 1 339 580 3862 590
i 2 920 0 0 30472 3663
p 2 0 708 212 2631 927
p 2 97 638 185 9250 1335
p 2 0 500 420 2047 698
p 2 205 502 213 31012 2061
p 2 0 435 485 2043 659
p 2 94 568 258 30492 1773
p 2 0 456 464 2099 670
p 2 99 527 294 31835 1779
p 2 0 481 439 1930 701
p 2 41 605 274 28684 1507
p 2 0 507 413 2269 735
p 2 18 641 261 23677 1348
p 2 2 562 356 2660 817
p 2 9 643 268 23082 1291
p 2 2 539 379 2697 783
p 2 3 533 384 2478 767
p 2 0 411 509 1834 617
p 2 4 424 492 2537 656
p 2 0 398 522 1582 591
p 2 0 418 502 1490 606
p 2 0 367 553 1857 579
p 2 0 356 564 1527 547
p 2 0 352 568 1711 560
p 2 0 395 525 2479 608
p 2 0 350 570 1812 566
p 2 1 374 545 2080 601
p 2 5 382 533 2360 672
p 2 1 395 524 1994 624
p 2 0 364 556 1894 576
p 2 4 374 542 2292 601
p 2 0 335 585 1442 537
p 2 0 382 538 1600 585
p 2 3 347 570 2012 586
p 2 0 380 540 1911 581
p 2 0 316 604 1614 520
p 2 4 351 565 2289 578
p 2 0 320 600 1439 524
p 2 0 350 570 1627 550
p 2 0 364 556 2280 607
p 2 0 387 533 1921 592
p 2 0 369 551 1991 571
p 2 0 393 527 2581 610
p 2 0 360 560 1671 560
p 2 0 365 555 1451 554
p 2 0 329 591 1262 525
p 2 0 351 569 1286 535
p 2 0 290 630 1364 485
p 2 0 310 610 1488 505
p 2 1 293 626 1980 532
p 2 0 337 583 1588 573
p 2 1 342 577 2107 586
p 2 0 355 565 2009 558
p 2 0 298 622 1562 505
p 2 0 308 612 1287 495
p 2 0 292 628 1187 493
p 2 0 336 584 1409 526
p 2 54 492 374 24977 1422
p 2 0 498 422 2178 717
p 2 0 365 555 1572 561
p 2 58 553 309 26389 1517
p 2 0 470 450 2284 695
p 2 0 427 493 2052 637
p 2 47 584 289 27608 1522
p 2 0 534 386 3163 793
p 2 0 421 499 2714 660
p 2 43 642 235 29826 1606
p 2 0 557 363 2967 804
p 2 0 480 440 1967 679
i 2 920 0 0 43608 4069
p 2 0 519 401 1929 716
p 2 0 453 467 1605 638
p 2 228 523 169 36278 2402
p 2 0 511 409 2034 711
p 2 0 342 578 1309 532
p 2 254 477 189 37013 2466
p 2 0 432 488 1990 665
p 2 0 386 534 1618 582
p 2 415 350 155 32584 2961
p 2 1 511 408 1800 716
p 2 0 389 531 1216 580
p 2 262 425 233 20224 2174
p 2 0 484 436 1564 691
p 2 0 470 450 1390 656
p 2 198 372 350 14782 1741
p 2 0 459 461 1879 658
p 2 0 405 515 1896 604
p 2 96 473 351 8229 1305
p 2 0 492 428 2279 738
p 2 0 538 382 2390 753
p 2 7 485 428 5705 802
p 2 0 488 432 2031 679
p 2 0 407 513 1948 613
p 2 5 443 472 5271 729
p 2 0 407 513 1749 611
i 2 920 0 0 52010 4395
p 2 3 461 456 4028 684
p 2 0 458 462 3906 657
p 2 0 410 510 4154 613
p 2 0 440 480 4697 645
p 2 0 403 517 4383 607
p 2 2 375 543 3657 587
p 2 3 340 577 3211 551
p 2 0 378 542 3456 580
p 2 1 342 577 3717 543
p 2 0 362 558 4166 567
p 2 2 361 557 4313 584
p 2 1 365 554 4624 591
p 2 0 393 527 4816 626
p 2 4 406 510 5232 683
p 2 5 387 528 4122 639
p 2 3 362 555 4920 621
p 2 0 366 554 3949 583
p 2 3 368 549 5491 626
p 2 0 395 525 4376 611
p 2 0 401 519 6058 658
p 2 1 393 526 4458 607
p 2 14 415 491 6707 742
p 2 0 442 478 5002 662
p 2 0 494 426 5429 716
p 2 0 685 235 7345 924
p 2 0 712 208 7964 977
p 2 1 751 168 8396 1031
p 2 7 807 106 11552 1193
p 2 4 794 122 9878 1134
p 2 37 808 75 15903 1478
p 2 0 820 100 11046 1230
p 2 71 778 71 19041 1748
p 2 3 794 123 8080 1153
p 2 60 791 69 19816 1721
p 2 3 782 135 8298 1161
p 2 47 637 236 15899 1338
p 2 1 537 382 3221 806
p 2 51 537 332 21766 1366
p 2 0 495 425 3037 736
p 2 76 571 273 27023 1652
p 2 3 520 397 3463 798
p 2 95 551 274 31132 1745
p 2 1 472 447 2944 754
p 2 96 514 310 33398 1773
p 2 2 448 470 2444 735
p 2 104 494 322 35581 1810
p 2 0 411 509 2290 668
p 2 97 527 296 33470 1789
p 2 0 429 491 3037 701
p 2 104 492 324 34488 1832
p 2 0 445 475 2867 686
p 2 101 522 297 35689 1878
p 2 1 472 447 2776 744
p 2 89 543 288 37868 1854
p 2 0 478 442 3173 737
p 2 113 542 265 32707 1891
p 2 5 514 401 3498 838
p 2 77 504 339 24078 1552
p 2 0 464 456 2812 724
p 2 53 516 351 22751 1390
p 2 0 476 444 3428 760
p 2 98 479 343 22444 1583
p 2 0 476 444 4020 766
p 2 102 556 262 28522 1828
p 2 0 536 384 4225 842
p 2 129 582 209 30195 2045
p 2 4 502 414 3212 834
p 2 123 605 192 26854 1934
p 2 1 546 373 3578 869
p 2 84 513 323 21818 1547
p 2 0 474 446 3256 744
p 2 78 511 331 27187 1616
p 2 1 437 482 2440 685
p 2 59 511 350 24868 1476
p 2 0 454 466 2782 717
p 2 49 495 376 23019 1367
p 2 1 468 451 3464 748
p 2 32 547 341 21346 1325
p 2 3 486 431 3632 814
p 2 44 531 345 19308 1316
p 2 1 475 444 2945 732
p 2 46 491 383 16448 1255
p 2 1 425 494 2428 663
p 2 36 486 398 13303 1116
p 2 7 400 513 2797 683
p 2 33 443 444 8831 990
p 2 1 392 527 2879 639
p 2 22 419 479 6581 867
i 2 920 0 0 76998 5135
p 2 0 290 630 2920 510
p 2 0 248 672 2354 458
p 2 0 215 705 2199 417
p 2 1 217 702 2397 441
p 2 2 223 695 2599 449
p 2 0 235 685 2906 454
p 2 1 256 663 3687 494
p 2 0 276 644 4276 508
p 2 0 283 637 4060 529
p 2 0 272 648 3680 504
p 2 2 262 656 3405 499
p 2 1 289 630 3699 524
p 2 0 280 640 3790 517
p 2 0 285 635 4080 530
p 2 1 269 650 4474 526
p 2 2 262 656 3789 525
p 2 2 255 663 3354 508
p 2 4 248 668 3195 502
p 2 0 239 681 3081 472
p 2 0 275 645 3452 497
p 2 1 282 637 4072 527
p 2 0 319 601 3425 561
p 2 0 311 609 3322 544
p 2 0 314 606 3097 538
p 2 0 311 609 3105 535
p 2 0 308 612 3284 528
p 2 0 281 639 3469 508
p 2 1 253 666 2974 482
p 2 0 250 670 3028 466
p 2 0 266 654 3274 489
p 2 1 274 645 3451 504
p 2 0 286 634 3584 518
p 2 0 301 619 3770 539
p 2 0 272 648 3600 502
p 2 0 260 660 3392 483
p 2 1 256 663 3749 496
p 2 2 270 648 3955 508
p 2 0 261 659 4022 503
p 2 0 263 657 3867 495
p 2 0 253 667 3244 463
p 2 0 234 686 2881 439
p 2 0 242 678 2884 447
p 2 0 242 678 2638 453
p 2 0 248 672 3331 471
p 2 1 260 659 3540 494
p 2 0 304 616 4093 541
p 2 0 303 617 4037 533
p 2 0 297 623 3787 524
p 2 0 293 627 3648 505
p 2 0 300 620 3482 530
p 2 0 298 622 3684 526
p 2 0 296 624 3132 532
p 2 2 282 636 3059 516
p 2 0 252 668 3069 475
p 2 0 229 691 2713 438
p 2 0 255 665 2857 468
p 2 0 260 660 3243 473
p 2 0 279 641 3200 500
p 2 1 270 649 3015 494
p 2 0 312 608 3657 538
p 2 0 307 613 3618 529
p 2 1 288 631 3486 514
p 2 1 276 643 3661 512
p 2 1 264 655 3550 510
i 2 920 0 0 94008 5041
p 2 0 405 515 4330 626
p 2 0 414 506 4597 631
p 2 0 386 534 4674 611
p 2 1 397 522 4453 627
p 2 0 464 456 5032 687
p 2 0 451 469 5366 667
p 2 0 395 525 5341 615
p 2 0 427 493 5161 640
p 2 1 473 446 5171 707
p 2 3 434 483 4999 683
p 2 1 487 432 5627 737
p 2 3 477 440 5670 730
p 2 0 431 489 5701 664
p 2 1 432 487 5730 667
p 2 1 459 460 5829 700
p 2 1 437 482 5729 673
p 2 0 370 550 5134 584
p 2 0 394 526 5217 617
p 2 0 412 508 5201 642
p 2 0 374 546 3771 586
p 2 1 322 597 3275 540
p 2 0 333 587 3274 537
p 2 0 398 522 3564 614
p 2 0 396 524 3590 599
p 2 0 397 523 4601 612
p 2 0 429 491 5640 659
p 2 2 451 467 5733 708
p 2 4 422 494 5145 679
p 2 1 404 515 5495 638
p 2 1 411 508 5886 638
p 2 1 468 451 5912 703
p 2 0 463 457 4171 675
p 2 0 390 530 3840 601
p 2 0 383 537 3775 596
p 2 0 404 516 3663 620
p 2 0 394 526 4026 612
p 2 0 358 562 3290 571
p 2 0 356 564 4011 571
p 2 0 405 515 3695 612
p 2 0 405 515 4620 618
p 2 1 371 548 4023 600
p 2 1 368 551 4549 593
p 2 1 399 520 3869 630
p 2 0 382 538 4266 602
p 2 2 329 589 2675 552
p 2 0 315 605 3183 519
p 2 0 326 594 2423 521
p 2 0 345 575 3881 552
p 2 0 364 556 3401 567
p 2 2 370 548 5254 606
p 2 0 404 516 3855 610
p 2 0 395 525 5354 628
p 2 0 342 578 3409 551
p 2 0 378 542 6174 612
p 2 1 409 510 4477 639
p 2 0 424 496 7395 666
p 2 2 403 515 4740 622
p 2 0 444 476 7297 687
p 2 0 446 474 4288 661
p 2 2 449 469 7738 710
p 2 2 412 506 4554 637
p 2 4 431 485 8113 721
p 2 2 452 466 5120 708
p 2 3 467 450 8145 747
p 2 1 412 507 4473 636
p 2 2 466 452 7863 735
p 2 1 450 469 4392 675
p 2 1 410 509 8186 678
p 2 3 378 539 4041 610
p 2 3 410 507 7385 697
p 2 1 442 477 4058 673
p 2 2 434 484 7583 715
p 2 0 417 503 3737 625
p 2 2 386 532 7992 672
p 2 0 441 479 4037 657
p 2 1 454 465 8648 737
p 2 1 416 503 4341 633
p 2 1 433 486 8785 709
p 2 0 449 471 4772 679
p 2 1 464 455 9062 755
p 2 0 415 505 3751 636
p 2 1 431 488 9378 713
p 2 0 444 476 3970 665
p 2 1 434 485 10049 730
p 2 1 382 537 3819 609
p 2 4 413 503 9831 744
p 2 0 432 488 4078 657
p 2 3 425 492 9960 742
p 2 0 363 557 3602 579
p 2 0 396 524 9375 712
p 2 0 413 507 3857 633
p 2 3 470 447 9974 806
p 2 0 465 455 4435 689
p 2 1 517 402 10356 846
p 2 0 452 468 4333 679
p 2 5 426 489 9599 758
p 2 1 374 545 3327 577
p 2 3 432 485 10345 765
p 2 0 393 527 3654 602
p 2 4 435 481 11124 787
p 2 0 439 481 4669 651
p 2 4 479 437 11414 832
p 2 0 462 458 4542 690
p 2 2 472 446 12122 812
p 2 0 429 491 4492 656
p 2 2 494 424 12742 859
p 2 1 444 475 4253 660
p 2 5 476 439 12276 829
p 2 0 425 495 4280 626
p 2 3 463 454 11411 798
p 2 0 405 515 4257 617
p 2 1 448 471 11471 791
i 2 920 0 0 28663 3208
p 2 6 258 656 3007 530
p 2 2 243 675 2727 513
p 2 96 278 546 13007 1070
p 2 1 323 596 3382 604
p 2 138 354 428 20128 1485
p 2 1 411 508 3777 698
p 2 53 486 381 18601 1344
p 2 7 432 481 4570 775
p 2 39 460 421 15450 1178
p 2 1 430 489 5122 758
p 2 28 438 454 14698 1089
p 2 2 430 488 4212 728
p 2 10 439 471 14176 989
p 2 0 368 552 3280 634
p 2 2 302 616 2847 542
p 2 16 401 503 13617 971
p 2 1 382 537 3364 658
p 2 0 309 611 2780 560
p 2 14 372 534 13467 936
p 2 0 341 579 3069 595
p 2 0 276 644 2789 517
p 2 21 389 510 14485 1023
p 2 1 373 546 3910 660
p 2 2 328 590 3921 626
p 2 179 300 441 17687 1618
p 2 1 351 568 3661 669
p 2 58 371 491 14279 1244
p 2 0 369 551 3288 637
p 2 41 380 499 12481 1074
p 2 0 334 586 3096 596
p 2 69 307 544 10031 1037
p 2 1 296 623 2983 561
p 2 24 284 612 5897 743
p 2 2 252 666 2252 500
i 2 920 0 0 59020 4351
p 2 2 461 457 5346 713
p 2 3 499 418 5924 771
p 2 0 517 403 5499 750
p 2 1 557 362 6565 810
p 2 0 553 367 5672 793
p 2 2 544 374 6542 814
p 2 2 559 359 5904 815
p 2 3 597 320 7042 885
p 2 2 563 355 6246 822
p 2 3 545 372 6975 827
p 2 1 555 364 6504 816
p 2 3 593 324 8039 896
p 2 2 586 332 6631 867
p 2 6 563 351 8600 890
p 2 1 543 376 5374 810
p 2 20 525 375 9992 925
p 2 3 563 354 5426 824
p 2 26 521 373 13589 1011
p 2 0 497 423 4639 715
p 2 34 511 375 16788 1080
p 2 2 549 369 5146 794
p 2 41 553 326 18518 1218
p 2 0 510 410 5097 763
p 2 44 503 373 18168 1195
p 2 1 548 371 5110 794
p 2 62 527 331 21358 1320
p 2 0 518 402 4998 753
p 2 69 563 288 26434 1461
p 2 0 579 341 5665 825
p 2 68 592 260 31595 1552
p 2 3 585 332 5400 868
p 2 70 570 280 33982 1580
p 2 0 531 389 4950 781
p 2 93 593 234 37466 1777
p 2 0 555 365 5267 809
p 2 109 556 255 41341 1892
p 2 0 549 371 5296 819
p 2 117 532 271 41963 1877
p 2 1 562 357 4756 828
p 2 111 566 243 42259 1947
p 2 0 583 337 4905 844
p 2 115 570 235 44302 1954
p 2 1 575 344 5428 849
p 2 117 613 190 44117 2000
p 2 2 539 379 4624 807
p 2 109 609 202 42487 1911
p 2 0 575 345 4472 817
p 2 104 548 268 41903 1857
p 2 0 531 389 4679 775
p 2 123 527 270 43248 1886
p 2 0 585 335 5273 845
p 2 139 563 218 42260 2036
p 2 0 554 366 5041 800
p 2 103 591 226 43839 1875
p 2 3 590 327 5996 867
p 2 112 547 261 41521 1872
p 2 0 562 358 5693 831
p 2 99 558 263 39640 1836
p 2 0 549 371 5578 818
p 2 92 541 287 36231 1713
p 2 2 579 339 6333 866
p 2 82 550 288 33326 1607
p 2 0 547 373 5783 811
p 2 63 533 324 30642 1470
i 2 920 0 0 91299 5171
p 2 0 331 589 3857 535
p 2 0 314 606 3835 518
p 2 74 616 230 52184 1921
p 2 0 528 392 4732 805
p 2 0 371 549 3718 579
p 2 22 659 239 48338 1593
p 2 0 587 333 4352 845
p 2 0 385 535 3200 595
p 2 18 642 260 47842 1460
p 2 2 562 356 4479 832
p 2 0 389 531 3524 596
p 2 69 673 178 52180 1897
p 2 5 543 372 4665 848
p 2 1 366 553 3448 592
p 2 29 464 427 33951 1136
p 2 0 440 480 3676 670
p 2 0 379 541 3266 588
p 2 8 456 456 32031 959
p 2 0 419 501 3847 647
p 2 1 335 584 3324 538
p 2 16 456 448 33576 1010
p 2 2 461 457 4917 708
p 2 3 379 538 4537 602
p 2 3 350 567 4545 573
p 2 1 357 562 5028 581
p 2 4 361 555 5141 604
p 2 1 366 553 5323 587
p 2 2 349 569 5129 584
i 2 920 0 0 37098 3889
p 2 7 538 375 7612 898
p 2 3 559 358 7766 897
p 2 1 560 359 8470 899
p 2 9 569 342 8192 960
p 2 3 545 372 8018 901
p 2 7 549 364 8936 941
p 2 2 515 403 7029 844
p 2 8 520 392 8360 907
p 2 3 504 413 7075 836
p 2 3 497 420 8034 857
p 2 2 483 435 7058 808
p 2 0 490 430 9854 860
p 2 5 519 396 8157 876
p 2 13 509 398 9947 945
p 2 9 509 402 8263 896
p 2 2 525 393 9264 895
p 2 5 494 421 7063 839
p 2 3 523 394 9520 899
p 2 5 504 411 7149 836
p 2 4 504 412 9517 904
p 2 2 533 385 8541 882
p 2 0 543 377 10252 953
p 2 3 552 365 8527 941
p 2 7 605 308 11956 1089
p 2 3 625 292 10552 1060
p 2 11 638 271 13327 1168
p 2 9 655 256 11044 1155
p 2 13 641 266 12144 1170
p 2 7 641 272 10203 1076
p 2 10 626 284 12506 1130
p 2 5 621 294 9577 1040
p 2 7 615 298 10656 1064
p 2 5 585 330 9340 993
p 2 5 620 295 9834 1054
p 2 6 589 325 7841 972
p 2 3 599 318 9420 1014
p 2 7 553 360 7352 895
p 2 5 566 349 9274 965
p 2 5 585 330 8495 959
p 2 3 575 342 8916 980
p 2 6 564 350 8231 954
p 2 3 598 319 9997 1023
p 2 2 587 331 8054 944
p 2 4 615 301 9066 1019
p 2 3 588 329 7749 966
p 2 5 540 375 8201 928
p 2 3 543 374 7467 880
p 2 9 573 338 10056 998
p 2 6 537 377 8249 913
p 2 9 540 371 9721 971
p 2 6 543 371 8861 935
p 2 5 572 343 9769 981
p 2 3 553 364 7949 904
p 2 6 537 377 9605 942
p 2 3 509 408 7024 833
p 2 3 563 354 9773 963
p 2 5 548 367 8520 917
p 2 4 546 370 9624 958
p 2 3 528 389 7416 872
p 2 4 554 362 10364 980
p 2 2 555 363 8005 912
p 2 3 586 331 11611 1020
p 2 1 604 315 10235 996
p 2 4 620 296 12238 1076
i 2 920 0 0 55969 4170
p 2 4 567 349 6113 820
p 2 2 594 324 5851 827
p 2 6 620 294 10250 1027
p 2 7 593 320 8915 904
p 2 2 542 376 7458 844
p 2 11 621 288 12433 1105
p 2 0 595 325 6556 839
p 2 8 557 355 9846 893
p 2 8 578 334 10754 999
p 2 22 626 272 13599 1057
p 2 3 587 330 9795 875
p 2 54 606 260 19328 1374
p 2 1 599 320 8884 903
p 2 41 545 334 18610 1197
p 2 7 608 305 13331 1101
p 2 26 635 259 15024 1161
p 2 0 634 286 8595 907
p 2 31 726 163 21390 1403
p 2 2 664 254 11128 993
p 2 86 673 161 22907 1578
p 2 6 702 212 13958 1201
p 2 39 760 121 27212 1578
p 2 5 722 193 12224 1117
p 2 76 746 98 36083 1866
p 2 3 755 162 14444 1156
p 2 58 718 144 30978 1691
p 2 3 798 119 15888 1272
p 2 15 783 122 24598 1445
p 2 5 745 170 11729 1133
p 2 17 761 142 24922 1444
p 2 3 675 242 10980 1047
p 2 14 725 181 19618 1249
p 2 3 728 189 13914 1215
p 2 11 737 172 16831 1235
p 2 1 704 215 12790 1088
p 2 15 715 190 17421 1326
p 2 4 734 182 12994 1131
p 2 6 705 209 13507 1091
p 2 6 724 190 13710 1176
p 2 0 709 211 12405 1024
p 2 1 671 248 11850 1030
p 2 9 684 227 15198 1181
p 2 2 711 207 10993 1053
p 2 0 682 238 13043 1028
p 2 3 684 233 15034 1162
p 2 14 667 239 13679 1139
p 2 4 624 292 11521 1005
p 2 4 669 247 15460 1159
p 2 0 629 291 9175 949
p 2 5 632 283 12103 1008
p 2 1 662 257 13281 1100
p 2 1 654 265 10544 1018
i 2 920 0 0 53382 3929
p 2 1 707 212 6430 1049
p 2 1 695 224 8799 1055
p 2 2 660 258 10040 1037
p 2 0 700 220 10000 1078
p 2 0 660 260 9743 1031
p 2 2 668 250 10529 1062
p 2 0 658 262 10694 1045
p 2 1 708 211 10515 1114
p 2 2 654 264 10866 1053
p 2 0 665 255 10192 1054
p 2 2 633 285 10377 1044
p 2 4 704 212 11830 1133
p 2 2 666 252 11227 1077
p 2 0 671 249 11034 1068
p 2 4 634 282 11451 1032
p 2 1 660 259 10994 1059
p 2 2 631 287 10962 1003
p 2 2 656 262 11159 1013
p 2 0 616 304 10712 979
p 2 2 643 275 10858 1022
p 2 0 595 325 11118 983
p 2 0 638 282 10252 998
p 2 1 598 321 9687 946
p 2 4 650 266 7852 1019
p 2 1 654 265 6406 995
p 2 1 646 273 10183 1024
p 2 1 616 303 12555 1029
p 2 0 653 267 12129 1035
p 2 0 648 272 12581 1049
p 2 1 658 261 12897 1077
p 2 1 631 288 13468 1064
p 2 0 661 259 13861 1072
p 2 0 619 301 15368 1061
p 2 1 671 248 14222 1092
p 2 2 647 271 14053 1083
p 2 3 661 256 15196 1111
p 2 0 666 254 14042 1087
p 2 1 664 255 14355 1100
p 2 3 698 219 16774 1173
p 2 0 694 226 15107 1122
p 2 0 683 237 14508 1087
p 2 1 676 243 16095 1101
p 2 0 655 265 14152 1056
p 2 0 645 275 14164 1043
p 2 4 642 274 16111 1094
p 2 0 643 277 13589 1033
p 2 0 633 287 12859 1027
p 2 14 651 255 14107 1138
p 2 16 667 237 13972 1218
p 2 40 656 224 22781 1421
p 2 75 632 213 29018 1609
p 2 64 670 186 30184 1632
p 2 80 659 181 31470 1713
p 2 80 682 158 32299 1782
p 2 83 666 171 32261 1784
p 2 60 714 146 31831 1752
p 2 29 723 168 25362 1510
p 2 43 728 149 29134 1625
p 2 1 739 180 21825 1339
p 2 31 717 172 27212 1469
p 2 1 711 208 18647 1223
p 2 31 708 181 28912 1533
p 2 5 713 202 21554 1293
p 2 40 694 186 28302 1560
p 2 0 729 191 22091 1306
p 2 29 724 167 28081 1517
p 2 1 745 174 20531 1321
p 2 27 729 164 24593 1466
p 2 6 731 183 18884 1298
p 2 43 691 186 23743 1458
p 2 3 713 204 17744 1237
p 2 26 717 177 23060 1413
p 2 0 758 162 15050 1236
p 2 25 721 174 25405 1450
p 2 4 719 197 21326 1305
p 2 26 721 173 25691 1461
p 2 2 765 153 20832 1332
p 2 21 733 166 26741 1473
p 2 2 746 172 22648 1335
p 2 35 707 178 27056 1510
p 2 13 716 191 24803 1388
p 2 57 689 174 29726 1638
p 2 32 713 175 25302 1505
p 2 39 712 169 34559 1672
p 2 19 739 162 27589 1493
p 2 94 653 173 38015 1925
p 2 3 729 188 26075 1398
p 2 66 691 163 36961 1827
p 2 5 743 172 24714 1400
p 2 41 728 151 34611 1684
p 2 0 741 179 23139 1332
p 2 58 708 154 33590 1757
p 2 0 742 178 21560 1335
p 2 64 695 161 32914 1736
p 2 4 735 181 21706 1305
p 2 43 714 163 31515 1619
p 2 1 734 185 19115 1257
p 2 72 688 160 36062 1808
p 2 0 743 177 23083 1292
p 2 69 685 166 34717 1785
p 2 6 714 200 25686 1418
p 2 36 722 162 33564 1658
p 2 4 743 173 25759 1414
p 2 74 687 159 34024 1808
p 2 0 756 164 22595 1368
p 2 67 706 147 33135 1796
i 2 920 0 0 71011 5284
p 2 0 920 0 5845 1222
p 2 0 920 0 6507 1251
p 2 0 920 0 8081 1320
p 2 0 920 0 9070 1344
p 2 3 917 0 9343 1373
p 2 2 918 0 10797 1421
p 2 1 919 0 10458 1420
p 2 1 919 0 9548 1406
p 2 0 920 0 10693 1400
p 2 0 920 0 10227 1394
p 2 2 918 0 10467 1415
p 2 0 920 0 9837 1401
p 2 4 916 0 10124 1431
p 2 1 919 0 10425 1440
p 2 1 919 0 10769 1446
p 2 1 919 0 10924 1441
p 2 5 915 0 10472 1455
p 2 0 920 0 10782 1436
p 2 1 919 0 10175 1404
p 2 2 918 0 11096 1443
p 2 1 919 0 10282 1438
p 2 2 918 0 11038 1466
p 2 3 917 0 10611 1441
p 2 0 920 0 10873 1424
p 2 2 917 1 10889 1448
p 2 1 919 0 11188 1451
p 2 1 919 0 11572 1445
p 2 0 920 0 12507 1465
p 2 0 920 0 12494 1473
p 2 2 918 0 12270 1507
p 2 7 913 0 11325 1514
p 2 1 919 0 11740 1493
p 2 2 918 0 11077 1463
p 2 1 919 0 12263 1487
p 2 1 919 0 11740 1474
p 2 0 920 0 11573 1476
p 2 1 919 0 11267 1458
p 2 2 918 0 11250 1456
p 2 2 918 0 11280 1483
p 2 0 920 0 11411 1489
p 2 11 909 0 11672 1538
p 2 4 916 0 12184 1499
p 2 5 915 0 11958 1506
p 2 3 917 0 11611 1491
p 2 1 919 0 12136 1492
p 2 1 919 0 12143 1490
p 2 1 919 0 11822 1456
p 2 2 918 0 11839 1477
p 2 0 920 0 12056 1461
p 2 5 915 0 12271 1506
p 2 4 916 0 12564 1484
p 2 5 915 0 12428 1481
p 2 8 912 0 11594 1456
p 2 1 919 0 11484 1450
p 2 2 918 0 11588 1457
p 2 3 917 0 11352 1475
p 2 1 919 0 11378 1441
p 2 4 916 0 11633 1461
p 2 1 919 0 11431 1432
p 2 3 917 0 11433 1452
p 2 0 920 0 10935 1413
p 2 1 919 0 11200 1432
p 2 3 917 0 11546 1465
p 2 1 919 0 12352 1500
p 2 3 917 0 12189 1510
p 2 1 918 1 12232 1482
p 2 2 918 0 11185 1455
p 2 1 919 0 11889 1475
p 2 3 917 0 11801 1485
p 2 3 917 0 11967 1515
p 2 2 918 0 11524 1486
p 2 0 920 0 11985 1483
p 2 4 916 0 12931 1550
p 2 2 918 0 12231 1523
p 2 3 917 0 11791 1513
p 2 1 919 0 11854 1512
p 2 11 909 0 12365 1566
p 2 4 916 0 12957 1573
p 2 3 916 1 12503 1554
p 2 4 916 0 12293 1540
p 2 0 920 0 11870 1512
p 2 6 914 0 11909 1520
p 2 3 917 0 11564 1499
p 2 1 919 0 11810 1470
p 2 0 920 0 12119 1479
p 2 4 916 0 12858 1530
p 2 5 914 1 13062 1530
p 2 5 915 0 13206 1542
p 2 4 916 0 13106 1507
p 2 4 916 0 13616 1525
p 2 4 916 0 13660 1538
p 2 0 920 0 14475 1516
p 2 1 918 1 14901 1500
p 2 1 919 0 15620 1495
p 2 2 918 0 16208 1515
p 2 0 920 0 17021 1516
p 2 3 916 1 17178 1507
p 2 1 919 0 17620 1472
p 2 1 919 0 18699 1489
p 2 2 918 0 18875 1491
p 2 2 918 0 19498 1497
p 2 4 916 0 20938 1546
p 2 0 920 0 19172 1479
p 2 1 919 0 19062 1468
p 2 2 918 0 19028 1471
p 2 3 917 0 18916 1492
p 2 3 916 1 18875 1481
p 2 6 914 0 20030 1522
p 2 2 918 0 20258 1486
p 2 2 918 0 20440 1502
p 2 4 915 1 20889 1510
p 2 2 918 0 20808 1519
p 2 1 918 1 21062 1502
p 2 8 912 0 21429 1532
p 2 4 915 1 20986 1515
p 2 7 913 0 20852 1561
p 2 8 911 1 21258 1525
p 2 5 915 0 19889 1494
p 2 0 918 2 20340 1462
p 2 4 916 0 21144 1521
p 2 4 916 0 20737 1487
p 2 2 918 0 21528 1489
p 2 2 916 2 22998 1475
p 2 1 919 0 22189 1489
p 2 1 919 0 23011 1488
p 2 5 915 0 23695 1487
p 2 2 917 1 21668 1449
p 2 2 918 0 21694 1466
p 2 1 919 0 23653 1495
p 2 2 916 2 21692 1470
p 2 4 914 2 21462 1489
p 2 2 918 0 23156 1495
p 2 2 917 1 20673 1449
p 2 2 918 0 21487 1495
p 2 1 919 0 23550 1470
p 2 1 914 5 21395 1449
p 2 4 915 1 22293 1492
p 2 9 911 0 24884 1532
p 2 5 913 2 22305 1488
p 2 2 917 1 22409 1470
p 2 1 919 0 24727 1479
p 2 1 918 1 22768 1497
p 2 2 916 2 22917 1500
p 2 0 920 0 26289 1511
p 2 6 914 0 24448 1527
p 2 0 920 0 23926 1511
p 2 1 919 0 26180 1493
p 2 0 920 0 24000 1501
p 2 5 915 0 24496 1540
p 2 7 913 0 26809 1572
p 2 3 916 1 24679 1515
p 2 1 919 0 24394 1524
p 2 1 919 0 27546 1521
p 2 1 919 0 24072 1510
p 2 0 920 0 23830 1515
p 2 1 919 0 26839 1533
p 2 2 918 0 23664 1502
p 2 4 916 0 24364 1547
p 2 1 918 1 27892 1581
p 2 1 918 1 24137 1544
p 2 1 919 0 24050 1511
p 2 4 916 0 28323 1594
p 2 4 915 1 23991 1531
p 2 1 919 0 24432 1536
p 2 4 916 0 28886 1582
p 2 2 917 1 25691 1551
p 2 4 916 0 25239 1529
p 2 4 915 1 28739 1569
p 2 6 913 1 24789 1543
p 2 5 915 0 25516 1535
p 2 3 917 0 28024 1539
p 2 1 918 1 25520 1532
p 2 2 917 1 24535 1507
p 2 1 919 0 29190 1556
p 2 0 920 0 24088 1515
p 2 2 917 1 25307 1526
p 2 0 920 0 28320 1524
p 2 2 918 0 25588 1536
p 2 0 918 2 23929 1499
p 2 5 915 0 30655 1620
p 2 1 919 0 23227 1505
p 2 0 920 0 25038 1521
p 2 2 917 1 27917 1552
p 2 2 918 0 25853 1565
p 2 1 919 0 24121 1494
p 2 1 918 1 30227 1572
p 2 1 919 0 24720 1524
p 2 3 916 1 26296 1550
p 2 3 916 1 25668 1540
p 2 1 919 0 26103 1530
p 2 1 918 1 14285 1453
i 2 920 0 0 56780 4752
p 2 4 899 17 20133 1531
p 2 8 897 15 21870 1585
p 2 7 898 15 22304 1591
p 2 7 901 12 21835 1566
p 2 4 901 15 22101 1590
p 2 6 900 14 21818 1622
p 2 2 895 23 21999 1592
p 2 6 893 21 22299 1630
p 2 4 892 24 22398 1608
p 2 5 897 18 22354 1642
p 2 0 902 18 22601 1606
p 2 0 894 26 22556 1590
p 2 2 895 23 22705 1606
p 2 1 906 13 22608 1621
p 2 0 910 10 22836 1604
p 2 0 916 4 22539 1586
p 2 1 906 13 22663 1626
p 2 4 899 17 22768 1656
p 2 0 904 16 23087 1639
p 2 6 902 12 22484 1652
p 2 3 905 12 22461 1621
p 2 0 902 18 22448 1617
p 2 0 900 20 22833 1620
p 2 1 903 16 22457 1623
p 2 3 898 19 23372 1648
p 2 1 906 13 22759 1633
p 2 1 900 19 23177 1650
p 2 1 912 7 23482 1674
p 2 2 907 11 23834 1677
p 2 1 903 16 23408 1666
p 2 1 885 34 23289 1643
p 2 1 903 16 23356 1635
p 2 0 887 33 23258 1617
p 2 2 902 16 23373 1626
p 2 1 885 34 24061 1608
p 2 16 884 20 24139 1675
p 2 14 881 25 23975 1651
p 2 0 899 21 22986 1592
p 2 2 895 23 23149 1589
p 2 1 889 30 23208 1584
p 2 8 892 20 23390 1624
p 2 3 897 20 23102 1652
p 2 7 877 36 23372 1662
p 2 5 890 25 22866 1670
p 2 2 888 30 23005 1625
p 2 2 904 14 22940 1655
p 2 2 899 19 23845 1630
p 2 3 906 11 23841 1652
p 2 6 889 25 24271 1662
p 2 8 899 13 23962 1695
p 2 6 897 17 24171 1661
p 2 5 905 10 23979 1659
p 2 9 892 19 24058 1654
p 2 4 903 13 23444 1671
p 2 0 901 19 23061 1623
p 2 0 900 20 22990 1619
p 2 1 907 12 23012 1628
p 2 1 908 11 23154 1605
p 2 2 902 16 23233 1603
p 2 0 910 10 22703 1609
p 2 2 903 15 23676 1612
p 2 5 890 25 23829 1636
p 2 7 893 20 24145 1650
p 2 9 895 16 24355 1672
p 2 10 890 20 24700 1705
p 2 14 897 9 24349 1727
p 2 11 881 28 24714 1685
p 2 1 909 10 23923 1661
p 2 1 891 28 24481 1677
p 2 0 905 15 23536 1668
p 2 0 897 23 23867 1668
i 2 920 0 0 61384 4461
p 2 0 356 564 4732 580
p 2 0 354 566 4635 575
p 2 4 533 383 8111 823
p 2 2 428 490 5152 662
p 2 2 363 555 4619 595
p 2 0 530 390 7606 800
p 2 4 425 491 4492 662
p 2 0 393 527 4219 594
p 2 2 516 402 7277 784
p 2 1 422 497 4577 629
p 2 3 515 402 6824 779
p 2 3 438 479 6361 692
p 2 6 518 396 7689 823
p 2 5 395 520 5081 663
p 2 7 515 398 7738 852
p 2 6 422 492 3982 672
p 2 2 333 585 3333 552
p 2 5 486 429 6751 773
p 2 2 419 499 3934 624
p 2 1 385 534 3748 591
p 2 1 483 436 6891 750
p 2 0 428 492 3867 635
p 2 1 349 570 3572 558
p 2 4 522 394 6978 803
p 2 1 430 489 4142 644
p 2 1 514 405 6499 788
p 2 4 436 480 5933 704
p 2 5 534 381 6595 833
p 2 6 425 489 4855 677
p 2 4 549 367 8531 843
p 2 0 453 467 5139 667
p 2 0 416 504 5032 630
p 2 7 546 367 8185 858
p 2 3 487 430 5408 714
p 2 1 453 466 5027 664
p 2 0 591 329 8233 869
p 2 6 463 451 5294 720
p 2 1 403 516 5215 624
p 2 4 579 337 9026 887
p 2 0 488 432 5713 719
p 2 3 549 368 6772 822
p 2 0 450 470 5486 672
p 2 1 543 376 6595 819
p 2 2 436 482 4622 669
p 2 1 521 398 7823 806
p 2 2 425 493 4125 639
p 2 1 345 574 3850 554
p 2 2 546 372 8034 840
p 2 4 434 482 5310 678
p 2 4 417 499 5148 652
p 2 7 503 410 7709 811
p 2 8 437 475 4439 687
p 2 4 371 545 4248 605
p 2 0 518 402 8063 784
p 2 1 446 473 5385 668
p 2 2 539 379 7384 833
p 2 3 464 453 5717 737
p 2 4 553 363 6410 845
p 2 1 446 473 4305 665
p 2 2 552 366 8249 844
p 2 6 438 476 4667 683
p 2 2 376 542 4853 597
p 2 5 546 369 8495 857
p 2 3 456 461 5467 687
p 2 7 412 501 5177 670
p 2 8 523 389 7613 862
p 2 4 431 485 4389 666
p 2 1 415 504 4142 627
p 2 1 527 392 7492 787
p 2 0 472 448 5069 683
p 2 5 541 374 7043 818
p 2 3 441 476 5413 679
p 2 0 501 419 6048 750
p 2 1 402 517 4034 604
p 2 1 517 402 7816 790
p 2 0 380 540 3697 583
p 2 0 324 596 3644 524
p 2 1 525 394 7582 788
p 2 3 395 522 4401 618
p 2 1 352 567 4007 552
p 2 1 502 417 7790 768
p 2 1 429 490 5123 643
p 2 2 385 533 4840 617
p 2 3 565 352 7990 847
p 2 2 418 500 4929 633
p 2 0 538 382 6701 791
p 2 2 480 438 6334 726
p 2 1 562 357 7795 860
p 2 1 478 441 5984 735
p 2 4 600 316 8939 904
p 2 4 467 449 5063 707
p 2 3 418 499 5023 667
p 2 4 542 374 8516 875
p 2 8 482 430 5641 748
p 2 7 402 511 4806 653
p 2 5 552 363 7398 844
p 2 2 452 466 4559 672
p 2 0 429 491 4957 635
p 2 1 581 338 8208 840
p 2 0 460 460 5056 675
p 2 0 547 373 6755 797
p 2 1 514 405 6346 735
p 2 7 568 345 7393 866
p 2 5 474 441 5075 710
p 2 0 583 337 8648 863
p 2 1 499 420 5403 721
p 2 2 434 484 4821 660
p 2 2 620 298 7964 903
p 2 1 456 463 4599 667
p 2 0 390 530 4083 598
p 2 2 534 384 7506 810
p 2 2 445 473 4846 656
p 2 4 398 518 4611 623
p 2 1 560 359 7484 818
p 2 1 439 480 4873 654
p 2 3 522 395 6317 781
p 2 2 428 490 4879 652
p 2 0 541 379 6158 777
p 2 0 405 515 4446 608
p 2 0 539 381 7892 799
p 2 3 403 514 4362 632
p 2 0 376 544 4035 579
p 2 1 506 413 7480 796
p 2 0 441 479 4767 668
p 2 1 376 543 4497 632
p 2 5 497 418 7321 835
p 2 2 406 512 4077 643
p 2 6 376 538 3477 602
p 2 3 461 456 6595 745
p 2 1 387 532 3909 599
p 2 0 478 442 5569 736
p 2 0 433 487 5030 638
p 2 1 502 417 6463 760
p 2 2 415 503 4226 627
p 2 0 510 410 8054 782
p 2 0 458 462 4513 653
p 2 0 404 516 4736 596
p 2 1 527 392 8318 810
p 2 4 455 461 5576 698
p 2 8 403 509 5059 669
p 2 7 524 389 7670 863
p 2 6 455 459 4623 709
p 2 0 382 538 4516 603
p 2 1 574 345 7982 844
p 2 0 442 478 5093 663
p 2 0 538 382 6448 782
p 2 2 445 473 5958 678
p 2 5 570 345 7491 837
p 2 1 449 470 5742 689
p 2 0 601 319 9252 893
p 2 2 482 436 6032 718
p 2 3 484 433 14156 798
p 2 2 621 297 9310 941
p 2 6 511 403 13716 831
p 2 5 415 500 5354 667
p 2 3 581 336 16449 943
p 2 0 496 424 5174 706
p 2 2 459 459 12405 753
p 2 5 569 346 7824 896
p 2 5 462 453 7135 734
p 2 1 528 391 7038 808
p 2 4 489 427 8352 762
p 2 7 510 403 7472 834
p 2 2 445 473 6203 696
p 2 11 500 409 7715 846
p 2 0 446 474 6057 677
p 2 1 369 550 4257 582
p 2 3 567 350 9961 859
p 2 3 444 473 4971 675
p 2 3 405 512 7125 645
p 2 0 501 419 8003 798
p 2 1 443 476 5496 665
p 2 1 339 580 3566 553
p 2 1 545 374 8330 803
p 2 1 403 516 4333 613
p 2 4 521 395 7500 785
p 2 3 397 520 5463 629
p 2 1 524 395 8539 773
p 2 4 428 488 4601 655
p 2 5 595 320 10560 899
p 2 1 457 462 5335 673
p 2 1 432 487 6653 660
p 2 2 604 314 9205 897
p 2 2 478 440 6867 705
p 2 2 430 488 5449 657
p 2 0 591 329 10009 865
p 2 1 478 441 5700 701
p 2 2 480 438 7983 720
p 2 0 611 309 9397 880
p 2 3 494 423 7986 766
p 2 7 564 349 7425 866
p 2 5 499 416 7365 754
p 2 2 555 363 7123 826
p 2 1 439 480 5990 657
p 2 0 539 381 8257 811
p 2 1 446 473 6494 682
i 2 920 0 0 72072 4860
p 2 1 874 45 19821 1379
p 2 0 892 28 25504 1451
p 2 1 882 37 28913 1521
p 2 0 895 25 25388 1487
p 2 0 888 32 24322 1484
p 2 0 891 29 30252 1539
p 2 0 870 50 24367 1461
p 2 0 895 25 26189 1508
p 2 1 886 33 30343 1544
p 2 1 891 28 26245 1527
p 2 0 881 39 24807 1476
p 2 0 890 30 31105 1543
p 2 0 875 45 24669 1476
p 2 0 886 34 26309 1493
p 2 2 886 32 30276 1556
p 2 0 884 36 25945 1498
p 2 0 877 43 24959 1489
p 2 0 896 24 30904 1550
p 2 0 883 37 24266 1488
p 2 0 885 35 26222 1495
p 2 0 894 26 30367 1556
p 2 0 877 43 26898 1506
p 2 1 887 32 25671 1525
p 2 6 895 19 31775 1608
p 2 1 881 38 25060 1509
p 2 1 887 32 26877 1506
p 2 1 888 31 30186 1559
p 2 1 893 26 26495 1514
p 2 0 889 31 25650 1512
p 2 3 891 26 31579 1562
p 2 0 887 33 24996 1506
p 2 0 893 27 26585 1500
p 2 1 895 24 29793 1542
p 2 0 889 31 26112 1499
p 2 0 878 42 25320 1485
p 2 3 898 19 32287 1594
p 2 0 880 40 25643 1508
p 2 0 889 31 28310 1502
p 2 1 892 27 31661 1585
p 2 0 894 26 27694 1532
p 2 2 887 31 26062 1536
p 2 0 896 24 31574 1561
p 2 0 885 35 25308 1506
p 2 0 897 23 27038 1508
p 2 0 882 38 30251 1533
p 2 0 890 30 26961 1504
p 2 2 884 34 25903 1510
p 2 1 887 32 32096 1547
p 2 0 893 27 25144 1497
p 2 0 891 29 27146 1508
p 2 0 887 33 29759 1530
p 2 0 897 23 26027 1491
p 2 0 876 44 24850 1472
p 2 1 894 25 31747 1554
p 2 0 889 31 24768 1485
p 2 0 896 24 26727 1507
p 2 2 885 33 30882 1552
p 2 0 889 31 26220 1490
p 2 0 882 38 25430 1488
p 2 0 907 13 32076 1565
p 2 0 889 31 25427 1494
p 2 0 897 23 27304 1506
p 2 0 897 23 30386 1564
p 2 1 902 17 27115 1526
p 2 0 896 24 25752 1506
p 2 0 896 24 32797 1559
p 2 5 885 30 25327 1531
p 2 1 898 21 26701 1507
p 2 0 895 25 30532 1540
p 2 0 890 30 26719 1495
i 2 920 0 0 101785 5383
p 2 1 886 33 36826 1591
p 2 0 896 24 42627 1582
p 2 1 890 29 42489 1615
p 2 0 887 33 43156 1626
p 2 1 894 25 43456 1652
p 2 0 898 22 41992 1643
p 2 0 886 34 42624 1622
p 2 0 899 21 42882 1632
p 2 0 888 32 42374 1621
p 2 0 898 22 42118 1621
p 2 0 888 32 42627 1603
p 2 4 890 26 42056 1644
p 2 2 891 27 42154 1618
p 2 0 893 27 42133 1629
p 2 1 888 31 42198 1633
p 2 0 893 27 42079 1626
p 2 0 889 31 42291 1603
p 2 0 888 32 41563 1611
p 2 0 893 27 42299 1608
p 2 0 891 29 41106 1610
p 2 0 889 31 41854 1620
p 2 0 893 27 41893 1628
p 2 0 891 29 42236 1618
p 2 1 894 25 42096 1636
p 2 0 895 25 43215 1633
p 2 2 895 23 42786 1653
p 2 3 891 26 42516 1674
p 2 1 891 28 41905 1670
p 2 0 888 32 42766 1636
p 2 0 895 25 41547 1626
p 2 0 895 25 42114 1631
p 2 0 891 29 41910 1629
p 2 0 893 27 42678 1621
p 2 2 896 22 42216 1640
p 2 1 893 26 42183 1633
p 2 0 896 24 41648 1621
p 2 0 895 25 42508 1619
p 2 0 900 20 41569 1619
p 2 2 897 21 41636 1630
p 2 0 899 21 41712 1620
p 2 1 902 17 42093 1650
p 2 1 901 18 41433 1649
p 2 0 906 14 41445 1631
p 2 0 897 23 41440 1625
p 2 2 899 19 41639 1644
p 2 0 903 17 39941 1627
p 2 0 899 21 40999 1624
p 2 4 902 14 41123 1639
p 2 3 889 28 42330 1640
p 2 3 901 16 41180 1672
p 2 0 889 31 40786 1649
p 2 0 898 22 40539 1640
p 2 0 888 32 40805 1615
p 2 1 894 25 40106 1617
p 2 2 889 29 40695 1625
p 2 0 903 17 40478 1635
p 2 1 893 26 41135 1630
p 2 0 900 20 39677 1619
p 2 0 893 27 39719 1602
p 2 0 891 29 39449 1594
p 2 0 898 22 40144 1619
p 2 0 892 28 40019 1610
p 2 2 893 25 40730 1631
p 2 1 899 20 40144 1646
p 2 5 895 20 40678 1672
p 2 0 898 22 39540 1662
p 2 0 889 31 39877 1615
p 2 2 901 17 39059 1634
p 2 0 887 33 39071 1605
p 2 2 895 23 39731 1636
p 2 1 890 29 37788 1600
p 2 0 885 35 38230 1583
p 2 0 884 36 37502 1596
p 2 0 890 30 37859 1591
p 2 0 885 35 37184 1584
p 2 0 882 38 37320 1587
p 2 0 888 32 36530 1587
p 2 1 887 32 38258 1589
p 2 3 895 22 35449 1612
p 2 0 901 19 36273 1615
p 2 0 886 34 35298 1563
p 2 0 896 24 35699 1573
p 2 0 876 44 32414 1524
p 2 0 898 22 33488 1547
p 2 0 873 47 32386 1504
p 2 1 883 36 32486 1530
p 2 2 872 46 30111 1480
p 2 2 877 41 28606 1457
p 2 0 867 53 26817 1428
p 2 0 872 48 23826 1376
p 2 0 863 57 24087 1372
p 2 3 839 78 20128 1308
p 2 2 858 60 47772 1686
p 2 0 826 94 11425 1212
p 2 3 795 122 40446 1564
p 2 0 621 299 3948 904
p 2 5 737 178 40791 1503
p 2 0 540 380 3499 808
p 2 14 683 223 44251 1529
p 2 1 619 300 4630 896
p 2 2 614 304 7608 917
p 2 0 389 531 4092 628
p 2 5 438 477 6608 721
p 2 0 440 480 3991 670
p 2 1 455 464 4163 686
p 2 3 308 609 3311 538
p 2 3 336 581 3230 558
p 2 0 355 565 3103 561
p 2 0 338 582 2800 535
p 2 0 233 687 2424 440
p 2 2 253 665 2263 468
p 2 0 241 679 2328 454
p 2 0 314 606 3110 528
p 2 0 266 654 3248 486
p 2 0 282 638 3659 499
p 2 1 303 616 3752 536
p 2 1 345 574 3232 567
p 2 0 266 654 2461 473
p 2 0 251 669 2437 454
p 2 0 275 645 2552 485
p 2 0 254 666 2513 460
p 2 1 205 714 2759 419
p 2 0 242 678 3512 453
p 2 6 247 667 4131 505
p 2 3 237 680 3397 478
p 2 1 192 727 2049 418
p 2 1 169 750 1525 377
p 2 0 164 756 1462 360
p 2 0 159 761 1617 356
p 2 2 145 773 1789 355
p 2 3 126 791 1584 343
p 2 0 151 769 1281 348
p 2 0 126 794 1000 317
p 2 0 117 803 1128 309
p 2 1 125 794 1685 330
p 2 1 162 757 1994 375
p 2 2 170 748 2012 388
p 2 0 162 758 1944 372
p 2 2 165 753 1559 377
p 2 0 168 752 1560 388
p 2 1 170 749 1475 389
p 2 0 197 723 2011 398
p 2 0 187 733 2463 382
p 2 0 209 711 2918 420
p 2 5 214 701 2904 463
p 2 0 211 709 2568 429
p 2 0 196 724 2059 412
p 2 0 191 729 1916 397
p 2 0 197 723 1984 396
p 2 0 169 751 1990 372
p 2 0 202 718 2221 404
p 2 0 214 706 2569 423
p 2 1 222 697 2937 434
p 2 3 216 701 3477 455
p 2 10 221 689 3577 504
p 2 1 232 687 3775 475
p 2 6 230 684 3202 489
p 2 5 208 707 2624 452
p 2 0 213 707 2606 422
p 2 1 221 698 3160 447
p 2 2 225 693 3464 458
p 2 7 209 704 3414 475
p 2 5 190 725 2564 435
p 2 3 180 737 1750 392
p 2 0 184 736 1506 377
p 2 0 171 749 1684 369
p 2 1 181 738 2070 397
p 2 2 200 718 2735 441
p 2 5 177 738 2320 429
p 2 5 168 747 1708 399
p 2 0 136 784 1220 345
p 2 0 151 769 1289 353
p 2 1 127 792 1267 325
p 2 1 112 807 1222 315
p 2 0 117 803 1263 312
p 2 0 125 795 1316 327
p 2 0 141 779 1479 335
p 2 0 136 784 1947 338
p 2 0 143 777 2323 357
p 2 4 178 738 2966 419
p 2 2 206 712 3528 444
p 2 8 213 699 3576 480
p 2 2 225 693 3021 438
p 2 3 207 710 2451 431
p 2 3 158 759 1817 374
p 2 0 176 744 1869 374
p 2 1 171 748 1993 369
p 2 0 198 722 2390 405
p 2 0 214 706 2939 421
p 2 0 226 694 3231 443
p 2 2 223 695 3356 454
p 2 1 234 685 3147 467
p 2 5 209 706 2857 457
p 2 1 219 700 2886 452
p 2 4 208 708 2503 444
p 2 2 228 690 2918 470
p 2 0 235 685 3508 458
p 2 0 269 651 3432 484
p 2 4 247 669 3188 487
p 2 1 250 669 3279 478
p 2 1 213 706 2558 427
p 2 7 170 743 1758 407
p 2 0 155 765 1577 355
p 2 1 154 765 1595 360
p 2 0 154 766 1702 349
p 2 0 159 761 1891 355
p 2 1 165 754 1894 370
p 2 0 144 776 1629 343
p 2 0 124 796 1457 317
p 2 0 135 785 1423 329
p 2 1 115 804 1369 319
p 2 0 135 785 1510 334
p 2 0 145 775 1701 345
p 2 1 130 789 1525 334
p 2 0 131 789 1677 324
p 2 0 145 775 1813 346
p 2 0 155 765 1790 356
p 2 0 166 754 2279 374
p 2 1 185 734 2618 400
p 2 0 194 726 2746 405
p 2 0 198 722 2606 409
p 2 1 192 727 2114 416
p 2 0 174 746 2291 387
p 2 0 169 751 2538 386
p 2 1 198 721 2294 420
p 2 1 185 734 2135 395
p 2 0 163 757 1854 366
p 2 1 177 742 1731 390
p 2 0 157 763 1605 355
p 2 0 163 757 1595 360
p 2 1 159 760 1837 367
p 2 0 190 730 2246 397
p 2 1 184 735 2431 403
p 2 0 191 729 2310 399
p 2 0 197 723 2694 413
p 2 1 246 673 3286 476
p 2 2 232 686 3297 462
p 2 2 217 701 2985 436
p 2 5 183 732 2395 417
p 2 1 180 739 2044 383
p 2 0 144 776 1695 338
p 2 0 151 769 1975 346
p 2 1 144 775 2240 351
p 2 2 158 760 2152 368
i 2 920 0 0 37542 4389
p 2 1 869 50 10947 1443
p 2 0 866 54 12192 1427
p 2 3 866 51 12448 1449
p 2 0 847 73 12651 1417
p 2 2 863 55 12792 1434
p 2 1 832 87 12442 1415
p 2 2 852 66 12002 1412
p 2 3 858 59 12099 1425
p 2 1 846 73 11835 1416
p 2 1 844 75 12038 1414
p 2 0 833 87 12445 1396
p 2 2 852 66 12960 1422
p 2 4 863 53 13098 1455
p 2 3 845 72 12958 1465
p 2 3 849 68 12100 1430
p 2 2 873 45 12078 1448
p 2 1 868 51 12072 1437
p 2 0 859 61 11767 1424
p 2 2 861 57 12040 1452
p 2 0 871 49 11851 1430
p 2 3 854 63 11650 1429
p 2 0 851 69 11310 1414
p 2 1 851 68 11440 1410
p 2 1 868 51 11733 1416
p 2 3 859 58 12383 1446
p 2 3 844 73 12535 1465
p 2 4 850 66 12315 1479
p 2 5 872 43 11822 1486
p 2 3 861 56 11585 1441
p 2 0 876 44 11778 1441
p 2 2 848 70 12031 1440
p 2 2 865 53 12004 1499
p 2 1 867 52 11989 1451
p 2 0 864 56 12197 1443
p 2 4 855 61 11920 1440
p 2 1 862 57 11657 1434
p 2 0 863 57 10899 1408
p 2 0 869 51 11178 1435
p 2 2 858 60 11257 1412
p 2 1 833 86 11489 1402
p 2 1 848 71 11379 1424
p 2 1 868 51 11395 1425
p 2 0 867 53 11112 1422
p 2 2 872 46 10662 1444
p 2 0 865 55 10615 1401
p 2 0 880 40 10403 1397
p 2 0 874 46 10606 1404
p 2 1 867 52 10789 1383
p 2 1 873 46 11390 1405
p 2 3 859 58 11699 1432
p 2 1 852 67 10944 1413
p 2 0 865 55 10647 1390
i 2 920 0 0 67856 4772
p 2 0 796 124 11258 1095
p 2 1 865 54 21301 1307
p 2 1 835 84 17474 1250
p 2 2 848 70 22312 1342
p 2 0 850 70 17563 1299
p 2 2 847 71 23524 1382
p 2 0 836 84 17100 1276
p 2 2 855 63 22919 1418
p 2 0 849 71 19570 1330
p 2 2 857 61 23925 1413
p 2 3 857 60 18017 1369
p 2 4 867 49 24955 1451
p 2 1 851 68 16993 1335
p 2 0 856 64 21894 1371
p 2 1 852 67 18747 1341
p 2 3 865 52 22917 1413
p 2 0 849 71 17302 1324
p 2 0 873 47 22716 1399
p 2 0 831 89 16908 1303
p 2 0 856 64 16773 1315
p 2 0 861 59 22767 1383
p 2 0 850 70 16691 1338
p 2 0 851 69 17211 1322
p 2 0 866 54 23077 1405
p 2 0 856 64 18153 1349
p 2 1 859 60 18078 1334
p 2 1 860 59 24059 1406
p 2 0 863 57 18032 1358
p 2 1 872 47 17945 1373
p 2 0 877 43 18676 1379
p 2 0 844 76 16982 1310
p 2 0 866 54 16990 1343
p 2 0 860 60 19244 1334
p 2 0 846 74 16961 1312
p 2 1 839 80 17370 1314
p 2 0 849 71 18919 1334
p 2 0 864 56 17286 1340
p 2 1 857 62 17012 1335
p 2 0 842 78 18910 1313
p 2 0 861 59 17503 1338
p 2 0 840 80 17650 1322
p 2 0 852 68 18953 1338
p 2 0 843 77 17603 1308
p 2 0 853 67 17889 1332
p 2 0 853 67 19508 1326
p 2 0 855 65 18326 1340
p 2 0 845 75 18731 1337
p 2 0 853 67 20090 1356
p 2 0 846 74 19128 1340
p 2 0 872 48 18555 1369
p 2 1 862 57 20079 1358
p 2 0 861 59 18534 1350
p 2 2 855 63 19118 1387
p 2 0 864 56 20348 1379
p 2 2 854 64 18342 1370
p 2 2 872 46 17828 1375
p 2 0 859 61 19524 1351
p 2 0 874 46 17393 1365
p 2 0 852 68 17710 1342
p 2 0 873 47 19355 1373
p 2 1 843 76 17779 1327
p 2 2 871 47 17856 1371
p 2 0 839 81 19526 1351
p 2 0 861 59 17421 1374
p 2 0 861 59 17935 1355
p 2 2 870 48 19309 1379
p 2 1 852 67 17821 1347
p 2 0 861 59 18189 1362
p 2 1 853 66 20283 1372
p 2 3 862 55 18012 1371
p 2 1 866 53 18309 1364
p 2 1 874 45 19513 1400
p 2 0 867 53 18199 1369
p 2 1 865 54 17568 1368
p 2 0 851 69 18864 1334
p 2 0 872 48 17413 1363
p 2 1 865 54 18078 1377
p 2 4 872 44 18847 1398
p 2 0 866 54 17188 1349
p 2 0 851 69 17085 1333
p 2 0 865 55 18839 1361
p 2 0 880 40 16218 1366
p 2 0 848 72 16783 1319
p 2 1 874 45 18897 1369
p 2 1 859 60 18248 1363
p 2 0 872 48 17849 1386
p 2 1 861 58 19132 1365
p 2 0 876 44 17737 1371
p 2 1 865 54 18126 1362
p 2 1 869 50 19532 1370
p 2 0 859 61 18169 1365
p 2 1 869 50 18371 1367
p 2 1 865 54 20164 1388
p 2 1 866 53 18188 1370
p 2 0 855 65 18267 1364
p 2 0 880 40 19658 1381
p 2 3 862 55 19271 1387
p 2 7 870 43 18959 1418
p 2 4 868 48 20080 1419
p 2 1 870 49 18038 1385
p 2 1 875 44 18516 1396
p 2 4 888 28 22540 1464
p 2 1 864 55 17196 1359
p 2 0 873 47 16966 1352
p 2 1 870 49 22294 1413
p 2 0 867 53 16350 1356
p 2 0 868 52 17001 1345
p 2 1 876 43 22820 1448
p 2 0 875 45 17570 1383
p 2 2 870 48 17200 1376
p 2 3 859 58 22609 1430
p 2 2 878 40 16877 1381
p 2 0 862 58 17080 1355
p 2 2 878 40 18745 1384
p 2 0 873 47 17257 1369
p 2 3 870 47 17190 1383
p 2 1 882 37 19132 1388
p 2 1 873 46 17237 1368
p 2 0 863 57 17207 1346
p 2 3 877 40 23313 1460
p 2 0 869 51 17069 1346
p 2 4 867 49 17981 1385
p 2 4 869 47 22764 1430
p 2 0 867 53 17544 1358
p 2 0 841 79 16877 1332
p 2 0 883 37 22066 1430
p 2 2 853 65 16727 1350
p 2 0 866 54 17321 1356
p 2 0 867 53 22219 1408
p 2 2 869 49 17501 1400
p 2 2 859 59 16712 1363
p 2 0 871 49 21343 1389
p 2 0 863 57 16905 1348
p 2 1 881 38 17988 1385
p 2 2 869 49 22208 1420
p 2 3 877 40 18316 1420
p 2 1 848 71 18495 1364
p 2 3 881 36 23900 1475
p 2 5 856 59 18472 1386
p 2 0 864 56 18457 1370
p 2 2 879 39 22900 1447
p 2 0 871 49 17948 1375
p 2 0 856 64 17284 1359
p 2 0 879 41 22105 1412
p 2 0 879 41 17962 1385
p 2 3 885 32 19036 1415
p 2 6 864 50 22778 1440
p 2 0 882 38 18112 1386
p 2 0 857 63 17871 1346
p 2 0 879 41 19558 1396
p 2 0 857 63 17714 1362
p 2 1 878 41 18432 1382
p 2 0 870 50 19470 1374
p 2 1 878 41 18023 1379
p 2 0 862 58 16795 1353
p 2 0 882 38 18523 1378
p 2 0 858 62 16188 1341
p 2 0 881 39 16970 1363
p 2 1 850 69 18527 1339
p 2 3 862 55 16924 1361
p 2 0 863 57 16933 1346
p 2 1 866 53 18940 1374
p 2 0 842 78 16735 1320
p 2 0 871 49 17296 1354
p 2 3 846 71 18801 1346
p 2 0 871 49 17734 1367
i 2 920 0 0 71080 4968
p 2 2 550 368 10853 888
p 2 12 690 218 29675 1377
p 2 2 651 267 14150 1040
p 2 14 688 218 27283 1332
p 2 2 645 273 12843 1021
p 2 6 585 329 19278 1049
p 2 1 703 216 21354 1196
p 2 6 650 264 20497 1112
p 2 0 560 360 11809 871
p 2 14 679 227 27872 1321
p 2 1 633 286 10333 957
p 2 10 675 235 24812 1256
p 2 4 638 278 12152 991
p 2 9 718 193 29335 1350
p 2 5 673 242 15673 1083
p 2 12 740 168 31019 1435
p 2 2 700 218 15362 1089
p 2 7 743 170 29663 1366
p 2 3 709 208 14910 1122
p 2 5 637 278 21312 1118
p 2 3 707 210 23056 1233
p 2 5 682 233 21378 1169
p 2 1 655 264 14028 1032
p 2 14 725 181 29228 1406
p 2 3 684 233 13341 1085
p 2 7 765 148 29263 1438
p 2 4 715 201 16093 1154
p 2 7 759 154 28604 1415
p 2 4 693 223 14565 1106
p 2 13 757 150 30135 1469
p 2 7 681 232 15105 1098
p 2 11 735 174 30696 1389
p 2 10 687 223 13766 1106
p 2 7 694 219 20806 1189
p 2 4 705 211 18107 1183
p 2 6 648 266 16355 1080
p 2 2 569 349 10408 873
p 2 14 702 204 29390 1390
p 2 3 653 264 13964 1042
p 2 9 729 182 28479 1378
p 2 2 687 231 13770 1087
p 2 5 755 160 28992 1396
p 2 5 674 241 13300 1077
p 2 15 728 177 29261 1432
p 2 1 666 253 14223 1035
p 2 7 737 176 27899 1340
p 2 0 655 265 13827 1005
p 2 9 621 290 20773 1096
p 2 6 714 200 22255 1235
p 2 7 716 197 21933 1233
p 2 1 655 264 15352 1046
p 2 15 757 148 30583 1481
p 2 2 696 222 14345 1097
p 2 6 755 159 28667 1375
p 2 3 676 241 14734 1089
p 2 7 738 175 29464 1392
p 2 4 690 226 13305 1081
p 2 12 709 199 28790 1389
i 2 920 0 0 53213 4781
p 2 3 528 389 5648 823
p 2 3 535 382 5656 820
p 2 13 640 267 20950 1157
p 2 0 636 284 6617 921
p 2 1 576 343 6244 855
p 2 17 623 280 20881 1185
p 2 0 568 352 5694 838
p 2 0 539 381 5135 791
p 2 11 603 306 21283 1151
p 2 1 592 327 5660 871
p 2 1 521 398 5945 777
p 2 12 644 264 21301 1196
p 2 4 606 310 6671 913
p 2 0 568 352 6227 847
p 2 4 648 268 20806 1151
p 2 0 609 311 6057 885
p 2 0 575 345 5882 848
p 2 6 641 273 19947 1150
p 2 4 637 279 6161 934
p 2 2 569 349 5663 837
p 2 4 645 271 19513 1129
p 2 0 637 283 5853 923
p 2 0 561 359 5748 810
p 2 8 670 242 20819 1211
p 2 3 631 286 6721 941
p 2 1 603 316 6836 898
p 2 3 602 315 6693 918
p 2 2 606 312 6192 904
p 2 1 587 332 6245 870
p 2 1 556 363 6228 846
p 2 1 551 368 6213 832
p 2 2 583 335 6351 880
p 2 8 688 224 18433 1189
p 2 1 673 246 6985 971
p 2 2 595 323 6293 871
p 2 4 700 216 18033 1157
p 2 3 667 250 6337 975
p 2 1 583 336 5965 865
p 2 1 659 260 18443 1119
p 2 1 670 249 6778 986
p 2 1 614 305 6128 895
p 2 1 683 236 17587 1142
p 2 0 628 292 5773 916
p 2 4 574 342 5127 848
p 2 0 537 383 4793 780
p 2 0 524 396 4588 782
p 2 1 540 379 5005 799
p 2 2 537 381 5911 808
p 2 2 527 391 6666 816
p 2 2 555 363 6628 854
p 2 0 564 356 6271 845
p 2 1 545 374 5502 812
p 2 0 505 415 5311 755
p 2 1 506 413 5505 748
p 2 1 498 421 5783 763
p 2 1 520 399 6034 791
p 2 2 481 437 5710 777
p 2 0 473 447 5372 759
p 2 2 476 442 5084 748
i 2 920 0 0 70163 4999
p 2 27 677 216 31228 1501
p 2 10 722 188 29950 1423
p 2 8 724 188 34022 1510
p 2 9 733 178 30397 1431
p 2 2 722 196 29364 1347
p 2 7 717 196 35005 1510
p 2 2 725 193 29748 1375
p 2 3 735 182 29006 1401
p 2 10 719 191 36524 1547
p 2 1 764 155 31948 1474
p 2 6 772 142 31903 1479
p 2 12 763 145 38975 1649
p 2 14 712 194 26108 1365
p 2 9 650 261 25399 1236
p 2 16 759 145 45969 1737
p 2 6 715 199 26346 1331
p 2 2 602 316 24089 1153
p 2 19 789 112 49269 1793
p 2 7 712 201 15720 1228
p 2 1 557 362 14746 993
p 2 53 750 117 59053 2105
p 2 6 721 193 17267 1270
p 2 4 530 386 15342 1011
p 2 56 788 76 61821 2281
p 2 8 742 170 17566 1313
p 2 5 617 298 16949 1138
p 2 18 749 153 37076 1586
p 2 0 616 304 6109 900
p 2 2 524 394 5098 769
p 2 41 687 192 39506 1675
p 2 1 656 263 5430 967
p 2 0 432 488 3670 668
p 2 22 591 307 23481 1292
p 2 0 574 346 4731 824
p 2 1 459 460 3907 681
p 2 27 512 381 23190 1223
p 2 4 481 435 4231 737
p 2 1 410 509 3772 640
p 2 20 583 317 23995 1282
p 2 0 487 433 4374 738
p 2 4 415 501 4547 649
p 2 4 380 536 4359 634
p 2 0 490 430 3936 701
p 2 0 355 565 3217 556
p 2 2 447 471 3537 653
p 2 1 459 460 3249 682
p 2 1 361 558 2883 563
p 2 3 266 651 3202 503
p 2 2 291 627 3243 519
p 2 0 303 617 3024 518
p 2 2 331 587 3087 551
p 2 1 268 651 2666 483
p 2 0 268 652 2601 470
p 2 1 279 640 2991 505
p 2 2 273 645 3119 501
p 2 3 242 675 3231 477
p 2 0 254 666 3349 475
p 2 1 249 670 2836 471
p 2 1 227 692 2220 434
p 2 1 207 712 2191 420
p 2 2 209 709 2682 435
p 2 5 214 701 3081 460
p 2 2 240 678 3544 480
p 2 0 249 671 3533 474
p 2 2 285 633 3755 513
p 2 2 323 595 4147 570
p 2 0 345 575 3949 566
p 2 1 306 613 3506 534
p 2 0 332 588 3992 539
p 2 2 330 588 3720 567
p 2 1 283 636 3477 499
p 2 2 264 654 3528 488
p 2 0 248 672 2954 449
p 2 0 272 648 3108 484
p 2 1 278 641 3622 497
p 2 1 269 650 3213 486
p 2 3 277 640 3452 505
p 2 1 304 615 4062 533
p 2 1 320 599 3619 538
p 2 1 289 630 3258 506
p 2 0 268 652 3204 469
p 2 0 254 666 2611 457
p 2 1 241 678 2478 448
p 2 1 222 697 2990 441
p 2 6 222 692 3143 462
p 2 4 242 674 3278 490
p 2 4 222 694 2918 455
p 2 0 216 704 2586 419
p 2 0 224 696 2851 438
p 2 0 237 683 3470 456
p 2 4 261 655 3580 503
p 2 3 271 646 3728 493
p 2 1 263 656 3672 479
p 2 0 273 647 3242 487
p 2 3 255 662 2958 478
p 2 4 231 685 2866 467
p 2 0 212 708 2291 410
p 2 3 206 711 2372 429
p 2 1 210 709 3331 437
p 2 4 238 678 3353 473
p 2 0 256 664 3420 473
p 2 0 272 648 3891 496
p 2 2 273 645 3341 492
p 2 1 260 659 3242 483
p 2 3 244 673 3340 470
p 2 2 247 671 3522 481
p 2 0 251 669 3187 467
p 2 0 231 689 3019 447
p 2 1 225 694 3358 456
p 2 0 225 695 3350 466
p 2 3 227 690 3629 470
p 2 1 240 679 3641 459
i 2 920 0 0 62508 4987
p 2 0 416 504 4537 653
p 2 0 700 220 24619 1240
p 2 1 609 310 7266 903
p 2 3 702 215 25955 1271
p 2 0 615 305 7365 893
p 2 1 698 221 25711 1273
p 2 1 619 300 8190 925
p 2 0 720 200 26853 1272
p 2 0 626 294 8578 931
p 2 0 500 420 10345 818
p 2 1 443 476 7508 726
p 2 4 515 401 10839 841
p 2 0 449 471 8078 727
p 2 1 471 448 11271 783
p 2 0 491 429 8879 800
p 2 1 519 400 11021 840
p 2 2 465 453 8302 775
p 2 4 479 437 11041 817
p 2 0 497 423 8586 791
p 2 0 537 383 11169 848
p 2 1 508 411 9005 832
p 2 1 509 410 10416 844
p 2 1 499 420 7203 800
p 2 1 536 383 9302 842
p 2 0 467 453 5244 721
p 2 0 444 476 8245 714
p 2 0 473 447 6765 738
p 2 1 479 440 10383 784
p 2 1 453 466 6876 722
p 2 1 443 476 9094 760
p 2 1 438 481 6954 724
p 2 1 460 459 9386 764
p 2 0 428 492 7253 711
p 2 1 448 471 10296 765
p 2 0 433 487 7513 707
p 2 2 420 498 9886 734
p 2 1 421 498 7242 691
p 2 1 414 505 9587 703
p 2 1 421 498 7510 713
p 2 0 438 482 10003 743
p 2 5 448 467 7844 747
p 2 1 456 463 10505 761
p 2 1 461 458 8544 761
p 2 1 496 423 10682 829
p 2 0 482 438 7662 757
p 2 1 461 458 9944 771
p 2 1 432 487 6376 711
p 2 1 435 484 8348 712
p 2 0 384 536 4484 623
p 2 3 391 526 8026 670
p 2 0 414 506 6109 672
p 2 2 433 485 9939 741
p 2 2 432 486 6266 702
p 2 2 437 481 9678 746
p 2 0 451 469 6768 722
p 2 0 453 467 10474 747
p 2 0 460 460 7970 739
p 2 3 460 457 10715 786
p 2 3 435 482 8245 745
p 2 0 472 448 10697 785
p 2 2 438 480 8115 728
p 2 1 446 473 10098 742
p 2 0 457 463 8608 754
p 2 2 461 457 11110 778
p 2 0 453 467 9190 753
p 2 2 464 454 11864 814
p 2 2 447 471 9280 761
p 2 0 459 461 11052 767
p 2 1 456 463 8094 738
p 2 4 479 437 10992 811
p 2 1 458 461 7379 744
p 2 1 456 463 9476 763
p 2 0 442 478 5374 703
p 2 0 477 443 8305 761
p 2 0 437 483 6028 688
p 2 0 434 486 9001 724
i 2 920 0 0 83622 4883
p 2 0 300 620 3228 523
p 2 0 289 631 5335 526
p 2 2 264 654 4325 511
p 2 0 266 654 4822 499
p 2 1 290 629 3686 521
p 2 0 273 647 5272 497
p 2 0 230 690 3238 451
p 2 0 243 677 3369 458
p 2 0 293 627 4530 514
p 2 0 303 617 4114 529
p 2 0 261 659 3990 495
p 2 0 276 644 4515 502
p 2 0 296 624 3412 522
p 2 1 262 657 3370 496
p 2 0 218 702 3888 452
p 2 0 235 685 3145 455
p 2 1 252 667 3136 481
p 2 1 248 671 4218 479
p 2 0 218 702 2732 426
p 2 1 221 698 2586 433
p 2 1 220 699 3792 449
p 2 0 257 663 2508 473
p 2 1 253 666 2957 476
p 2 1 258 661 4736 496
p 2 6 290 624 3945 555
p 2 0 271 649 4074 504
p 2 5 287 628 4665 555
p 2 0 278 642 3778 507
p 2 0 304 616 4323 534
p 2 1 275 644 5076 513
p 2 1 257 662 3918 491
p 2 0 265 655 3810 495
p 2 0 278 642 4514 512
p 2 1 265 654 3554 497
p 2 0 265 655 3784 500
p 2 1 274 645 4737 514
p 2 0 275 645 3557 503
p 2 0 290 630 3976 522
p 2 0 290 630 4913 524
p 2 0 324 596 4331 560
p 2 0 281 639 3862 515
p 2 0 293 627 4377 528
p 2 0 256 664 2669 474
p 2 0 264 656 2279 489
p 2 157 763 0 43400 2487
p 2 0 920 0 26858 1606
p 2 1 913 6 39488 1898
p 2 1 919 0 35794 1684
p 2 0 910 10 23714 1648
p 2 0 919 1 35640 1586
p 2 2 917 1 28185 1671
p 2 0 914 6 21883 1537
p 2 0 919 1 45353 1755
p 2 0 919 1 24196 1490
p 2 0 905 15 25244 1623
p 2 2 918 0 43404 1634
p 2 0 912 8 27942 1575
p 2 1 918 1 34302 1657
p 2 1 915 4 38986 1747
p 2 1 919 0 33274 1577
p 2 0 914 6 32415 1651
p 2 1 919 0 22386 1573
p 2 2 895 23 21704 1540
p 2 0 907 13 29321 1502
p 2 1 913 6 36081 1745
p 2 0 917 3 22154 1543
p 2 3 908 9 30598 1699
p 2 1 906 13 24302 1499
p 2 0 917 3 25723 1572
p 2 2 836 82 10954 1300
p 2 0 914 6 25592 1649
p 2 0 916 4 34619 1566
p 2 0 913 7 27120 1587
i 2 920 0 0 46075 4480
p 2 7 474 439 4892 770
p 2 2 527 391 6679 820
p 2 8 557 355 10070 1030
p 2 1 547 372 7142 880
p 2 0 479 441 5307 734
p 2 11 578 331 12189 1084
p 2 56 484 380 12262 1137
p 2 94 481 345 21305 1474
p 2 158 482 280 30214 1965
p 2 175 550 195 37406 2284
p 2 225 516 179 42698 2551
p 2 8 737 175 22118 1510
p 2 0 704 216 18734 1309
p 2 12 699 209 18776 1418
p 2 7 732 181 24305 1521
p 2 4 706 210 19868 1355
p 2 0 681 239 17548 1191
p 2 14 617 289 10149 1093
p 2 2 519 399 3601 752
p 2 2 430 488 5079 687
p 2 8 360 552 6030 721
p 2 0 418 502 5249 677
p 2 1 378 541 3565 598
p 2 7 517 396 8892 922
p 2 3 438 479 4244 691
p 2 2 460 458 6173 752
p 2 3 516 401 8512 908
p 2 2 520 398 6521 807
p 2 4 420 496 4779 681
p 2 7 453 460 7774 838
p 2 5 399 516 4916 680
p 2 2 405 513 4203 652
p 2 8 392 520 7993 792
p 2 1 373 546 4056 617
p 2 1 373 546 4179 611
p 2 4 415 501 6976 758
p 2 2 335 583 3521 575
p 2 3 324 593 3508 556
p 2 7 372 541 7770 753
p 2 4 442 474 5945 751
p 2 1 377 542 4456 634
p 2 8 456 456 8835 847
p 2 4 402 514 3934 665
p 2 2 408 510 4897 665
p 2 1 398 521 6568 731
p 2 0 397 523 4665 647
p 2 0 329 591 3057 548
p 2 18 418 484 9435 872
p 2 1 392 527 3875 635
p 2 1 405 514 5045 666
p 2 9 428 483 7347 813
p 2 1 390 529 3757 640
p 2 0 342 578 3438 569
p 2 11 368 541 6556 751
p 2 3 317 600 3182 562
p 2 2 321 597 3305 550
p 2 3 346 571 6518 701
p 2 2 297 621 2783 533
p 2 0 265 655 2382 475
p 2 6 386 528 8594 803
p 2 7 372 541 8773 766
p 2 6 359 555 8463 748
p 2 14 399 507 11937 914
p 2 5 413 502 7405 769
p 2 7 382 531 6320 708
p 2 11 439 470 9718 886
p 2 4 415 501 5982 744
p 2 3 412 505 4945 703
p 2 5 426 489 8625 830
p 2 2 402 516 4728 687
p 2 1 365 554 4177 635
p 2 6 417 497 7061 804
p 2 7 396 517 4485 694
p 2 4 392 524 4327 669
p 2 6 418 496 7654 826
p 2 3 430 487 4501 713
p 2 1 402 517 4539 684
p 2 12 426 482 8091 884
p 2 2 412 506 4347 709
p 2 2 392 526 4422 695
p 2 19 399 502 7222 878
p 2 1 408 511 4040 706
p 2 0 392 528 3982 688
p 2 8 408 504 6579 839
p 2 3 417 500 4895 745
p 2 6 429 485 5040 766
p 2 5 432 483 6299 824
p 2 1 421 498 4494 730
p 2 1 424 495 4734 735
p 2 5 445 470 7018 869
p 2 4 420 496 5410 779
p 2 8 425 487 5520 782
p 2 8 430 482 7028 825
p 2 2 414 504 4715 723
p 2 3 383 534 4334 694
p 2 5 387 528 5484 758
p 2 2 334 584 3564 605
p 2 5 360 555 3621 647
p 2 2 386 532 5359 708
p 2 5 399 516 4459 695
p 2 3 378 539 4302 646
p 2 3 403 514 4823 705
p 2 4 372 544 3948 630
p 2 3 376 541 4036 639
p 2 2 367 551 4720 624
p 2 1 356 563 4093 605
p 2 1 344 575 3812 584
p 2 2 359 559 4064 622
p 2 2 326 592 3464 562
p 2 0 329 591 3587 574
p 2 1 316 603 4646 584
p 2 2 349 569 4307 618
p 2 3 364 553 4894 654
p 2 5 400 515 5128 700
p 2 2 378 540 4799 638
p 2 0 363 557 5122 646
p 2 1 377 542 5628 674
p 2 0 381 539 4403 653
p 2 2 350 568 4011 611
p 2 0 337 583 3993 579
p 2 2 327 591 3684 588
p 2 2 337 581 3762 587
p 2 1 332 587 4724 595
p 2 4 359 557 4942 646
p 2 5 343 572 4362 624
p 2 2 367 551 4426 636
p 2 0 366 554 4171 602
p 2 3 346 571 4391 611
p 2 2 336 582 4398 584
p 2 36 381 503 12183 911
p 2 113 372 435 20257 1383
p 2 107 413 400 25969 1588
p 2 116 429 375 31682 1787
p 2 29 502 389 24195 1370
p 2 3 408 509 3645 681
p 2 2 283 635 2444 512
p 2 0 249 671 2251 458
p 2 0 298 622 2709 506
p 2 0 223 697 2423 439
p 2 4 233 683 2441 465
p 2 3 235 682 3039 471
p 2 2 273 645 2476 493
p 2 2 202 716 2441 427
p 2 1 234 685 2738 474
p 2 2 221 697 2394 449
p 2 0 263 657 2765 462
p 2 7 212 701 3678 464
p 2 0 227 693 2970 435
p 2 1 232 687 3080 458
p 2 0 291 629 3904 531
p 2 5 248 667 3575 528
p 2 2 262 656 3846 504
p 2 5 297 618 4783 586
p 2 1 324 595 3925 578
p 2 1 278 641 3477 520
p 2 2 289 629 3489 533
p 2 1 240 679 2904 477
p 2 0 258 662 2835 476
p 2 9 223 688 3500 495
p 2 1 271 648 3166 506
p 2 0 272 648 3560 506
p 2 0 288 632 3796 515
p 2 0 240 680 2740 468
p 2 0 236 684 2503 456
p 2 3 213 704 3167 452
p 2 3 234 683 2779 460
p 2 1 198 721 2682 418
p 2 1 207 712 2416 432
p 2 0 198 722 2172 414
p 2 19 529 372 30241 1365
p 2 0 441 479 3293 678
p 2 18 514 388 30074 1342
p 2 0 457 463 3235 721
p 2 16 530 374 30390 1329
p 2 0 424 496 3225 671
p 2 26 524 370 30562 1382
p 2 0 464 456 3239 710
p 2 1 352 567 2980 579
p 2 1 260 659 2736 473
p 2 1 238 681 2911 453
p 2 1 256 663 2918 486
p 2 9 351 560 9941 730
p 2 2 342 576 2721 556
p 2 14 329 577 6942 678
p 2 0 275 645 2564 503
p 2 1 335 584 4642 573
p 2 1 347 572 3196 584
p 2 0 256 664 3160 491
p 2 1 282 637 3469 511
p 2 4 312 604 3471 561
p 2 4 314 602 3743 577
p 2 2 292 626 3499 535
p 2 6 257 657 3177 510
p 2 1 290 629 2840 507
p 2 1 265 654 2910 476
p 2 1 254 665 2672 473
p 2 2 253 665 3012 483
p 2 2 319 599 3628 546
p 2 2 283 635 3389 517
p 2 2 291 627 3236 516
p 2 0 256 664 3384 481
p 2 1 290 629 3553 532
p 2 1 247 672 3205 480
p 2 3 229 688 2755 455
p 2 3 202 715 2436 416
p 2 0 229 691 2566 445
p 2 2 220 698 2728 445
p 2 2 220 698 2685 451
p 2 1 186 733 2442 408
p 2 0 203 717 2379 417
p 2 1 200 719 2225 410
p 2 4 209 707 2467 442
p 2 1 177 742 2289 391
p 2 1 207 712 2293 425
p 2 0 187 733 2008 392
p 2 0 209 711 1984 412
p 2 0 195 725 2108 402
p 2 36 554 330 33144 1519
p 2 1 498 421 3608 756
p 2 16 591 313 30098 1441
p 2 1 503 416 3089 763
p 2 19 592 309 29708 1459
p 2 3 484 433 4207 763
p 2 27 594 299 29300 1483
p 2 1 516 403 3734 781
p 2 1 397 522 3628 635
p 2 3 342 575 3390 582
p 2 6 430 484 6729 744
p 2 2 329 589 3047 555
p 2 3 338 579 5206 598
p 2 4 268 648 2751 506
p 2 0 324 596 4212 561
p 2 0 219 701 1923 428
p 2 0 252 668 2710 462
p 2 1 231 688 2490 452
p 2 2 275 643 5721 560
p 2 3 251 666 2896 498
p 2 4 311 605 5727 601
p 2 0 242 678 2398 461
p 2 2 241 677 2512 460
p 2 4 245 671 5592 529
p 2 1 269 650 2935 490
p 2 4 250 666 5497 525
p 2 0 243 677 2532 454
p 2 1 248 671 4915 502
p 2 3 280 637 3200 513
p 2 1 228 691 2203 441
p 2 0 257 663 2266 462
p 2 6 274 640 6098 576
p 2 5 650 265 4599 965
p 2 5 376 539 6083 661
p 2 0 262 658 2956 490
p 2 3 216 701 2452 456
p 2 3 261 656 5615 572
p 2 0 266 654 2876 496
p 2 5 284 631 5104 560
p 2 0 266 654 2329 474
p 2 1 284 635 4742 537
p 2 0 273 647 2357 474
p 2 5 272 643 2684 489
p 2 2 236 682 3337 460
p 2 4 301 615 6080 577
p 2 2 268 650 2849 502
p 2 5 317 598 6697 629
p 2 4 252 664 2830 487
p 2 0 233 687 2519 437
p 2 3 248 669 5808 543
p 2 3 248 669 2498 478
p 2 3 186 731 4445 441
p 2 1 196 723 1910 412
p 2 0 215 705 4380 460
p 2 2 238 680 2840 480
p 2 2 202 716 2204 427
p 2 0 202 718 2052 424
i 2 920 0 0 57468 4839
p 2 0 386 534 3199 614
p 2 1 358 561 3147 586
p 2 2 342 576 4054 581
p 2 3 375 542 3989 623
p 2 2 363 555 3980 608
p 2 2 381 537 4487 631
p 2 1 390 529 4102 619
p 2 0 401 519 4052 621
p 2 4 383 533 3775 640
p 2 0 369 551 3266 590
p 2 1 332 587 3048 545
p 2 3 342 575 3941 578
p 2 1 362 557 3927 591
p 2 0 394 526 5050 653
p 2 5 395 520 5353 689
p 2 0 402 518 4922 671
p 2 1 375 544 4083 632
p 2 2 389 529 4455 647
p 2 1 407 512 4131 648
p 2 0 429 491 4621 662
p 2 3 412 505 5089 694
p 2 0 413 507 4527 673
p 2 0 379 541 3956 617
p 2 1 405 514 4162 660
p 2 0 382 538 3528 621
p 2 0 363 557 3771 597
p 2 1 371 548 4625 617
p 2 1 395 524 5432 638
p 2 2 401 517 5998 687
p 2 2 411 507 6286 722
p 2 3 387 530 5416 680
p 2 1 373 546 5620 662
p 2 1 377 542 5358 650
p 2 0 391 529 5068 668
p 2 2 373 545 4941 662
p 2 4 375 541 5913 665
p 2 1 376 543 5204 632
p 2 0 373 547 5602 636
p 2 2 392 526 5889 692
p 2 0 388 532 5813 666
p 2 6 409 505 6290 718
p 2 3 447 470 7182 768
p 2 1 439 480 7294 760
p 2 1 474 445 7708 792
p 2 5 453 462 7996 790
p 2 0 447 473 7196 755
p 2 3 418 499 6682 729
p 2 6 414 500 6948 755
p 2 0 385 535 6369 692
p 2 3 375 542 6950 697
p 2 3 411 506 9648 758
p 2 3 455 462 7258 796
p 2 1 409 510 8092 745
p 2 5 409 506 9019 766
p 2 0 420 500 8364 737
p 2 3 430 487 8464 765
p 2 2 442 476 9911 793
p 2 3 436 481 6759 767
p 2 1 419 500 8317 745
p 2 4 430 486 8402 807
p 2 1 410 509 7483 711
p 2 0 440 480 6638 740
p 2 4 423 493 9058 755
p 2 2 425 493 7579 734
p 2 1 428 491 8182 755
p 2 3 444 473 10131 808
p 2 1 442 477 8249 761
p 2 0 435 485 8300 750
p 2 2 430 488 9776 766
p 2 4 442 474 8705 772
p 2 1 425 494 8283 756
p 2 2 434 484 8321 788
p 2 0 401 519 7588 724
p 2 1 429 490 8109 770
p 2 0 415 505 8331 747
p 2 1 414 505 7461 726
i 2 920 0 0 84189 4924
p 2 0 292 628 2536 510
p 2 0 273 647 3048 483
p 2 2 262 656 4277 506
p 2 0 237 683 3161 453
p 2 1 281 638 3403 503
p 2 0 256 664 3946 472
p 2 0 229 691 3214 444
p 2 0 237 683 3346 450
p 2 0 276 644 4524 500
p 2 0 273 647 4051 502
p 2 0 282 638 4037 520
p 2 0 269 651 4549 498
p 2 0 238 682 3160 464
p 2 1 232 687 3251 465
p 2 1 261 658 4069 499
p 2 0 240 680 3231 454
p 2 1 203 716 3311 430
p 2 1 238 681 4318 465
p 2 0 247 673 3310 461
p 2 1 211 708 2919 425
p 2 1 205 714 3795 428
p 2 1 216 703 2646 430
p 2 1 251 668 3008 478
p 2 1 284 635 4797 524
p 2 7 288 625 3071 546
p 2 0 306 614 3454 531
p 2 5 318 597 4775 586
p 2 0 302 618 3794 526
p 2 0 266 654 3921 495
p 2 1 271 648 4934 506
p 2 1 293 626 4061 533
p 2 0 287 633 3791 508
p 2 1 263 656 4372 494
p 2 1 278 641 3428 507
p 2 0 290 630 3914 527
p 2 0 300 620 4983 544
p 2 0 286 634 3528 519
p 2 0 314 606 3731 539
p 2 0 332 588 5157 574
p 2 0 330 590 4306 563
p 2 0 326 594 4217 569
p 2 0 295 625 4500 523
p 2 0 276 644 3576 508
p 2 0 256 664 3130 476
p 2 0 290 630 4091 525
p 2 0 256 664 2946 476
p 2 1 290 629 3591 538
p 2 2 311 607 4709 563
p 2 0 307 613 3253 532
p 2 0 290 630 3268 507
p 2 0 298 622 4327 528
p 2 0 267 653 3220 484
p 2 0 242 678 3342 470
p 2 0 255 665 3963 479
p 2 0 282 638 3787 519
p 2 1 254 665 3726 492
p 2 0 243 677 4140 474
p 2 1 231 688 2921 455
p 2 0 261 659 3246 485
p 2 0 277 643 4433 502
p 2 1 275 644 3511 506
p 2 1 269 650 3642 521
p 2 2 290 628 4302 548
p 2 0 295 625 3904 530
p 2 0 301 619 4572 538
p 2 0 307 613 5380 550
p 2 1 274 645 4188 521
p 2 1 256 663 3478 496
p 2 0 232 688 4323 467
p 2 1 238 681 2951 461
p 2 0 245 675 2909 463
p 2 0 236 684 3899 459
p 2 0 248 672 2604 460
p 2 1 250 669 3093 484
p 2 2 267 651 4552 515
p 2 1 244 675 3676 477
p 2 0 217 703 3469 441
p 2 0 215 705 4372 443
p 2 0 238 682 3407 459
p 2 0 250 670 6429 503
p 2 0 248 672 4281 479
p 2 0 273 647 6161 525
p 2 0 292 628 3798 530
p 2 0 315 605 6716 560
p 2 2 293 625 3823 537
p 2 1 291 628 6033 550
p 2 0 332 588 5014 572
p 2 1 328 591 5740 577
p 2 0 312 608 4396 566
p 2 0 282 638 6030 530
p 2 1 302 617 4218 550
p 2 0 304 616 5088 539
p 2 1 278 641 4462 526
p 2 0 295 625 4565 533
p 2 1 297 622 3223 530
p 2 0 296 624 5360 533
p 2 0 275 645 2911 504
p 2 1 314 605 5227 572
p 2 3 327 590 5250 601
p 2 3 314 603 5306 578
p 2 0 321 599 4301 565
p 2 1 326 593 6543 592
p 2 1 335 584 4765 595
p 2 0 338 582 5581 594
p 2 0 320 600 4738 566
p 2 0 319 601 5184 565
p 2 0 310 610 4061 548
p 2 0 297 623 5986 546
p 2 0 259 661 3460 490
p 2 1 292 627 5138 534
p 2 1 323 596 5075 582
p 2 2 331 587 5648 601
p 2 2 304 614 4230 563
p 2 5 328 587 12783 683
p 2 1 312 607 4089 570
p 2 3 321 596 10220 627
p 2 0 273 647 4031 515
p 2 1 268 651 9033 545
p 2 0 281 639 2818 515
p 2 0 303 617 10170 595
p 2 0 292 628 2555 517
p 2 0 284 636 3075 501
p 2 3 287 630 4317 541
p 2 0 288 632 3461 521
p 2 1 258 661 3562 493
p 2 0 253 667 4560 487
p 2 0 267 653 3878 495
p 2 0 245 675 3038 457
p 2 0 208 712 3617 423
p 2 0 220 700 3032 438
p 2 0 266 654 3760 498
p 2 0 251 669 4321 475
p 2 0 227 693 3407 449
p 2 1 262 657 3917 490
p 2 0 280 640 5393 513
p 2 4 297 619 4941 562
p 2 4 296 620 4893 555
p 2 2 285 633 4999 539
p 2 0 268 652 4036 506
p 2 0 276 644 3552 497
p 2 0 228 692 4252 462
p 2 1 239 680 3216 466
p 2 0 244 676 3216 466
p 2 0 261 659 4446 496
p 2 1 242 677 2740 469
p 2 1 232 687 3187 465
p 2 0 224 696 4112 463
p 2 1 252 667 3401 483
p 2 1 260 659 3770 495
p 2 0 272 648 4806 505
p 2 0 275 645 4386 511
p 2 0 265 655 4311 506
p 2 0 266 654 4650 509
p 2 0 253 667 3606 489
i 2 920 0 0 3311 2669
p 2 0 0 920 197 197
p 2 0 38 882 221 221
p 2 620 300 0 17865 3374
p 2 289 631 0 28430 3379
p 2 160 760 0 34167 3045
p 2 86 834 0 38137 2822
p 2 64 856 0 40794 2636
p 2 28 892 0 43417 2469
p 2 15 905 0 45418 2337
p 2 0 919 1 19594 1664
p 2 0 914 6 21281 1616
p 2 0 919 1 20767 1603
p 2 0 920 0 21656 1633
p 2 0 915 5 21043 1616
p 2 0 916 4 21429 1607
p 2 0 919 1 21423 1598
p 2 0 919 1 21729 1594
p 2 0 918 2 21410 1599
p 2 0 914 6 21477 1590
p 2 0 917 3 21632 1592
p 2 0 920 0 21685 1596
p 2 0 916 4 21577 1597
p 2 0 919 1 21614 1616
p 2 0 917 3 21443 1624
p 2 0 915 5 21801 1616
p 2 0 918 2 21537 1613
p 2 0 919 1 21551 1602
p 2 0 918 2 21389 1616
p 2 0 917 3 21677 1607
p 2 0 919 1 21265 1607
p 2 0 917 3 21511 1612
p 2 0 918 2 21328 1613
p 2 0 916 4 21938 1618
p 2 0 916 4 21267 1606
p 2 0 918 2 21399 1620
p 2 0 917 3 21385 1636
p 2 0 918 2 21467 1635
p 2 0 918 2 21448 1652
p 2 0 918 2 21480 1653
p 2 0 917 3 21141 1668
p 2 0 915 5 21431 1648
p 2 0 918 2 21596 1645
p 2 0 918 2 21796 1657
p 2 0 920 0 22322 1659
p 2 0 917 3 22128 1657
p 2 0 919 1 22270 1665
p 2 0 917 3 21791 1649
p 2 0 916 4 21992 1645
p 2 0 916 4 21622 1633
p 2 0 918 2 22428 1613
p 2 0 918 2 22000 1638
p 2 0 920 0 21812 1623
p 2 0 920 0 21854 1599
p 2 0 917 3 22495 1612
p 2 0 920 0 21681 1582
p 2 0 916 4 22160 1600
p 2 0 916 4 21836 1592
p 2 0 914 6 22139 1607
p 2 0 919 1 21769 1590
p 2 0 919 1 22020 1606
p 2 0 913 7 21858 1598
p 2 0 915 5 22263 1605
p 2 0 915 5 21981 1609
p 2 0 910 10 21915 1603
p 2 0 912 8 21732 1606
p 2 0 914 6 22054 1604
p 2 0 914 6 22017 1611
p 2 0 918 2 22138 1621
p 2 0 914 6 22113 1616
p 2 0 917 3 22322 1621
p 2 0 917 3 22483 1623
p 2 0 914 6 22671 1627
p 2 0 914 6 22187 1626
p 2 0 915 5 22574 1647
i 2 920 0 0 17590 3607
p 2 0 794 126 5647 1301
p 2 0 808 112 6773 1344
p 2 2 739 179 6684 1306
p 2 9 763 148 6394 1360
p 2 0 726 194 6448 1322
p 2 1 770 149 6535 1359
p 2 0 729 191 6545 1319
p 2 0 790 130 7312 1409
p 2 0 834 86 8262 1507
p 2 0 824 96 8678 1503
p 2 0 811 109 8759 1506
p 2 0 817 103 8779 1494
p 2 0 795 125 8595 1478
p 2 2 818 100 8389 1491
p 2 0 770 150 8611 1435
p 2 18 807 95 12191 1567
p 2 0 803 117 8189 1437
p 2 1 800 119 8039 1433
p 2 34 749 137 17084 1602
p 2 8 775 137 7393 1419
p 2 0 736 184 6563 1279
p 2 94 676 150 22469 1822
p 2 0 677 243 5912 1183
p 2 1 671 248 5537 1155
p 2 107 616 197 21917 1823
p 2 0 670 250 5143 1124
p 2 1 646 273 5499 1117
p 2 118 689 113 24159 2110
p 2 48 800 72 15689 1946
p 2 52 789 79 18584 2025
p 2 34 788 98 21686 2111
p 2 27 803 90 23749 2138
p 2 31 813 76 26269 2229
p 2 23 831 66 27412 2235
p 2 17 847 56 28249 2256
p 2 13 858 49 27821 2223
p 2 13 863 44 26860 2229
i 2 920 0 0 57328 4571
p 2 0 159 761 424 343
p 2 0 102 818 292 280
p 2 0 39 881 241 231
p 2 0 62 858 257 247
p 2 110 554 256 51449 2307
p 2 0 412 508 1600 646
p 2 0 145 775 498 326
p 2 105 608 207 49990 2320
p 2 0 415 505 1622 635
p 2 0 172 748 608 361
p 2 89 606 225 48728 2225
p 2 0 424 496 1677 651
p 2 0 163 757 586 345
p 2 105 616 199 52312 2328
p 2 0 420 500 1637 692
p 2 0 157 763 508 344
p 2 0 113 807 377 293
p 2 0 68 852 285 257
p 2 0 73 847 341 258
p 2 0 26 894 239 221
p 2 0 22 898 233 216
p 2 0 75 845 369 263
p 2 0 16 904 238 211
p 2 0 19 901 243 214
p 2 0 13 907 227 208
p 2 0 5 915 208 200
p 2 0 3 917 205 199
p 2 0 1 919 198 198
i 2 920 0 0 40244 3930
p 2 7 711 202 9413 1371
p 2 54 800 66 31726 2115
p 2 7 769 144 16324 1623
p 2 59 799 62 33717 2226
p 2 7 799 114 19337 1711
p 2 76 790 54 35669 2338
p 2 14 789 117 21060 1804
p 2 51 826 43 35372 2255
p 2 3 820 97 20522 1780
p 2 1 762 157 20530 1703
p 2 1 783 136 20706 1710
p 2 2 788 130 20136 1716
p 2 1 784 135 19552 1686
p 2 0 779 141 18714 1623
p 2 1 781 138 18479 1632
p 2 2 768 150 17902 1619
i 2 920 0 0 22430 3635
p 2 17 725 178 10511 1283
p 2 31 737 152 19978 1420
p 2 56 676 188 27220 1602
p 2 61 684 175 32681 1700
p 2 95 704 121 32379 1961
p 2 96 740 84 32628 2130
p 2 46 817 57 30843 2176
p 2 19 836 65 24423 1948
p 2 2 857 61 17660 1683
p 2 1 849 70 19225 1685
p 2 7 850 63 20958 1761
p 2 7 861 52 22974 1784
p 2 7 860 53 23907 1840
p 2 6 857 57 24334 1809
p 2 4 853 63 24791 1806
p 2 7 862 51 24317 1841
p 2 599 321 0 66578 4365
p 2 0 488 432 1664 743
p 2 0 238 682 748 443
p 2 0 196 724 638 390
p 2 0 148 772 523 343
p 2 0 116 804 441 310
p 2 0 106 814 455 301
p 2 0 176 744 770 379
p 2 0 182 738 933 403
p 2 0 224 696 1312 458
p 2 0 253 667 1737 514
p 2 0 318 602 2459 600
p 2 0 338 582 3658 662
p 2 0 373 547 4122 704
p 2 1 387 532 5381 777
p 2 0 479 441 6518 882
p 2 1 493 426 7218 955
p 2 0 539 381 8334 1027
p 2 4 561 355 9651 1129
p 2 1 624 295 11709 1201
p 2 6 641 273 11480 1266
p 2 8 689 223 13263 1363
p 2 3 756 161 14811 1490
p 2 13 760 147 14917 1522
p 2 17 812 91 16619 1713
p 2 18 817 85 17046 1739
p 2 23 840 57 18376 1932
p 2 25 842 53 19129 1984
p 2 15 864 41 20462 2097
p 2 15 870 35 21268 2100
p 2 18 880 22 21589 2174
p 2 20 876 24 21781 2217
p 2 18 894 8 22843 2304
p 2 19 890 11 22952 2310
p 2 11 898 11 23374 2303
p 2 10 898 12 22991 2258
p 2 16 891 13 23791 2324
p 2 16 893 11 24385 2299
p 2 12 890 18 24093 2265
p 2 16 900 4 24630 2285
p 2 14 890 16 21616 2305
p 2 10 886 24 17546 2277
p 2 3 901 16 14224 2245
p 2 8 908 4 11419 2203
p 2 2 863 55 9169 2099
p 2 0 906 14 7757 2048
p 2 0 859 61 6409 1904
p 2 1 871 48 5637 1888
i 2 920 0 0 31676 4168
p 2 69 827 24 15686 2194
p 2 28 884 8 17132 2276
p 2 18 886 16 15338 2157
p 2 22 881 17 17720 2307
p 2 23 885 12 16726 2232
p 2 27 886 7 18916 2404
p 2 11 897 12 16667 2270
p 2 25 886 9 18126 2356
p 2 49 854 17 16614 2362
p 2 16 894 10 18156 2299
p 2 27 891 2 16807 2334
p 2 32 885 3 17240 2351
p 2 42 863 15 17367 2383
p 2 83 823 14 20148 2609
p 2 80 827 13 21174 2635
p 2 113 799 8 23141 2931
p 2 58 849 13 21301 2662
p 2 110 809 1 24478 2925
p 2 64 851 5 21827 2690
p 2 58 861 1 22754 2768
p 2 64 852 4 20432 2683
p 2 57 863 0 18927 2737
p 2 53 860 7 15097 2526
p 2 40 872 8 15500 2657
p 2 31 873 16 14712 2622
p 2 53 857 10 16517 2696
p 2 73 836 11 17009 2897
p 2 41 874 5 16739 2816
p 2 34 877 9 15388 2638
p 2 20 894 6 14442 2538
p 2 15 891 14 13945 2437
p 2 8 905 7 14090 2404
p 2 20 889 11 14913 2420
p 2 6 909 5 15351 2408
p 2 19 885 16 16320 2443
p 2 15 904 1 16460 2489
p 2 18 896 6 17853 2497
p 2 39 877 4 18804 2634
p 2 45 868 7 18574 2599
p 2 27 879 14 19200 2552
p 2 18 883 19 18577 2421
p 2 21 895 4 19254 2492
p 2 20 883 17 18352 2463
p 2 24 891 5 17849 2492
p 2 22 875 23 17095 2412
p 2 19 892 9 18265 2454
p 2 32 861 27 18215 2435
p 2 30 881 9 18320 2515
p 2 37 868 15 17672 2432
p 2 32 878 10 17784 2490
p 2 15 889 16 16344 2348
p 2 34 877 9 17938 2514
p 2 12 889 19 14922 2308
p 2 14 903 3 17084 2469
p 2 17 891 12 14838 2372
p 2 31 886 3 15776 2493
p 2 17 890 13 13412 2335
p 2 20 889 11 13683 2473
p 2 15 873 32 11663 2271
p 2 23 895 2 12233 2416
p 2 12 879 29 11526 2206
p 2 56 845 19 12931 2456
p 2 45 831 44 12547 2310
p 2 53 852 15 13638 2490
p 2 43 839 38 13225 2393
p 2 72 832 16 14965 2620
p 2 59 832 29 13580 2438
p 2 53 858 9 14936 2547
p 2 83 810 27 12929 2454
p 2 77 808 35 13651 2528
p 2 65 813 42 12380 2361
p 2 75 811 34 14557 2582
p 2 49 818 53 11921 2278
p 2 49 826 45 15120 2499
p 2 22 831 67 11122 2125
p 2 60 839 21 15021 2461
p 2 11 811 98 10213 1982
p 2 30 866 24 15137 2357
p 2 10 830 80 10509 1973
p 2 40 855 25 15844 2393
p 2 21 843 56 11275 1990
p 2 45 837 38 15321 2366
p 2 35 815 70 11790 2062
p 2 56 830 34 15029 2353
p 2 28 845 47 12139 2089
p 2 53 845 22 14387 2367
p 2 29 812 79 11906 2072
p 2 50 834 36 14300 2353
p 2 40 813 67 12091 2190
p 2 49 833 38 14171 2369
p 2 39 792 89 12177 2187
p 2 51 854 15 13132 2365
p 2 46 822 52 11951 2173
p 2 76 828 16 14377 2521
p 2 52 828 40 12932 2272
p 2 109 780 31 18919 2718
p 2 81 806 33 22061 2489
p 2 183 716 21 30079 3146
p 2 140 731 49 32129 2790
p 2 222 666 32 37807 3247
p 2 106 778 36 31859 2755
p 2 173 726 21 32563 3182
p 2 100 808 12 27403 2760
p 2 170 737 13 29501 3094
p 2 99 808 13 25704 2791
i 2 920 0 0 16200 3720
p 2 70 780 70 12533 2180
p 2 107 793 20 17698 2694
p 2 33 846 41 14338 2270
p 2 41 840 39 17312 2520
p 2 49 844 27 14631 2498
p 2 97 806 17 22308 2878
p 2 76 835 9 23811 2751
p 2 88 828 4 29365 2893
p 2 72 837 11 29801 2686
p 2 110 803 7 37413 3002
p 2 111 800 9 34807 2872
p 2 31 877 12 28182 2464
p 2 3 890 27 12663 1947
p 2 14 901 5 26449 2340
p 2 7 877 36 10944 1867
p 2 11 908 1 23807 2256
p 2 11 874 35 11778 1950
p 2 20 898 2 26008 2374
p 2 29 849 42 13398 2045
p 2 22 897 1 27139 2378
p 2 14 857 49 13377 2019
p 2 22 898 0 27582 2426
p 2 5 851 64 10773 1859
p 2 23 897 0 32406 2484
p 2 9 825 86 10818 1799
p 2 66 851 3 43448 2821
p 2 7 826 87 11891 1858
p 2 100 819 1 47157 3119
p 2 12 825 83 13126 1944
p 2 132 786 2 45550 3213
p 2 21 806 93 12290 2026
p 2 122 796 2 44109 3191
p 2 24 794 102 11345 2025
p 2 123 797 0 41562 3174
p 2 26 795 99 11133 2031
p 2 152 767 1 41988 3303
p 2 24 795 101 11307 1939
p 2 63 856 1 36927 2765
p 2 16 826 78 10233 1938
p 2 111 809 0 39140 2992
p 2 25 806 89 11510 2013
p 2 154 766 0 41306 3284
p 2 18 801 101 11030 1971
p 2 161 759 0 37193 3283
p 2 15 806 99 9670 1947
p 2 216 700 4 36400 3383
p 2 12 792 116 9794 1865
p 2 305 614 1 44180 3689
p 2 8 753 159 9995 1662
p 2 260 659 1 57012 3663
p 2 12 770 138 11879 1808
p 2 238 681 1 51115 3569
p 2 15 806 99 13286 2064
p 2 175 741 4 35280 3180
p 2 28 828 64 13912 2272
p 2 123 795 2 33431 3073
p 2 24 840 56 15278 2339
p 2 88 830 2 31490 2892
p 2 20 872 28 16224 2363
p 2 71 848 1 28329 2823
p 2 11 879 30 16220 2366
p 2 69 850 1 30703 2855
p 2 18 871 31 15339 2325
p 2 62 858 0 32177 2807
p 2 25 861 34 16382 2329
p 2 75 845 0 29433 2884
p 2 27 866 27 16140 2409
p 2 83 837 0 30580 2926
p 2 21 856 43 15243 2336
p 2 93 827 0 27377 3005
p 2 22 866 32 15211 2302
p 2 59 860 1 31038 2785
p 2 17 864 39 15441 2274
p 2 81 839 0 29343 2889
p 2 16 869 35 15442 2311
p 2 61 857 2 30317 2802
p 2 16 872 32 15220 2303
p 2 82 831 7 27538 2889
p 2 19 863 38 14558 2304
p 2 69 851 0 30369 2840
p 2 21 865 34 14428 2335
p 2 96 824 0 28647 2865
p 2 26 843 51 12340 2199
p 2 82 834 4 31012 2727
p 2 22 828 70 11216 2014
p 2 136 774 10 31500 2937
p 2 22 783 115 11735 1974
p 2 211 702 7 41111 3292
p 2 18 714 188 11193 1810
p 2 199 713 8 40680 3252
p 2 25 737 158 10228 1854
p 2 183 728 9 39529 3189
p 2 29 747 144 11749 1910
p 2 196 703 21 38788 3212
p 2 20 747 153 11224 1883
p 2 181 739 0 41579 3366
p 2 24 746 150 11613 1919
p 2 105 815 0 38078 3005
p 2 18 771 131 11589 1873
p 2 96 824 0 36067 2903
p 2 44 756 120 11401 1866
p 2 125 792 3 33816 2925
p 2 41 766 113 11389 1861
p 2 126 792 2 31756 2817
p 2 70 700 150 11084 1844
p 2 118 800 2 32170 2740
p 2 83 705 132 12179 1907
p 2 170 744 6 33718 2938
p 2 105 685 130 11097 1989
i 2 920 0 0 48096 4726
p 2 193 499 228 13185 2177
p 2 694 226 0 28620 4099
p 2 138 756 26 16869 2616
p 2 77 771 72 10055 2016
p 2 527 388 5 52321 4269
p 2 181 738 1 52504 3416
p 2 139 781 0 46221 3180
p 2 148 768 4 49382 3337
p 2 91 821 8 38447 2945
p 2 79 841 0 44062 3044
p 2 40 873 7 32101 2601
p 2 45 875 0 35650 2744
p 2 33 875 12 26921 2544
p 2 35 884 1 32227 2685
p 2 33 869 18 24082 2467
p 2 26 894 0 29532 2551
p 2 29 868 23 22257 2380
p 2 23 897 0 28830 2534
p 2 22 881 17 21886 2388
p 2 33 886 1 27887 2536
p 2 17 872 31 20680 2262
p 2 20 899 1 27180 2467
p 2 24 859 37 19290 2265
p 2 16 897 7 25687 2365
p 2 17 872 31 18444 2181
p 2 16 904 0 25530 2364
p 2 17 872 31 18819 2230
p 2 16 902 2 24528 2369
p 2 16 873 31 17612 2201
p 2 23 896 1 24240 2416
p 2 28 863 29 17758 2255
p 2 28 892 0 23569 2424
p 2 21 868 31 17326 2264
p 2 14 905 1 22557 2426
p 2 21 879 20 16568 2307
p 2 19 898 3 21893 2368
p 2 25 860 35 15948 2244
p 2 17 901 2 21187 2336
p 2 14 864 42 15104 2146
p 2 22 891 7 20523 2315
p 2 34 852 34 14795 2208
p 2 24 889 7 21253 2349
p 2 24 866 30 14622 2181
p 2 19 889 12 19872 2309
p 2 9 864 47 13777 2151
p 2 15 897 8 20242 2345
p 2 13 871 36 14113 2206
p 2 25 892 3 19472 2408
p 2 16 861 43 13206 2193
p 2 8 902 10 18195 2231
p 2 22 864 34 13231 2129
p 2 16 900 4 18368 2252
p 2 16 860 44 13739 2108
p 2 15 898 7 18646 2247
p 2 16 865 39 14573 2154
p 2 26 884 10 18279 2284
p 2 26 859 35 14703 2178
p 2 17 893 10 17413 2264
p 2 67 853 0 19496 2625
p 2 79 837 4 20112 2677
p 2 76 842 2 19250 2682
p 2 102 813 5 19018 2731
p 2 77 838 5 17284 2690
p 2 79 839 2 16502 2726
p 2 79 836 5 15330 2679
p 2 84 830 6 14449 2710
p 2 68 838 14 13111 2715
p 2 144 764 12 11253 2812
p 2 149 755 16 9019 2800
p 2 279 625 16 5590 2501
p 2 0 764 156 1388 1227
i 2 920 0 0 21519 3990
p 2 8 912 0 16216 2126
p 2 1 919 0 17089 2146
p 2 3 917 0 17177 2185
p 2 6 914 0 17775 2193
p 2 10 910 0 17857 2282
p 2 3 916 1 17917 2260
p 2 6 914 0 17765 2299
p 2 11 909 0 18215 2281
p 2 17 903 0 18780 2406
p 2 27 893 0 19756 2457
p 2 47 873 0 19855 2568
p 2 35 885 0 19605 2471
p 2 42 878 0 19233 2514
p 2 58 862 0 18620 2549
p 2 64 856 0 18364 2602
p 2 61 859 0 18937 2570
p 2 18 901 1 19975 2487
p 2 8 911 1 18811 2305
p 2 6 909 5 19308 2293
p 2 11 908 1 18992 2279
p 2 23 896 1 20117 2362
p 2 18 901 1 19975 2323
p 2 23 889 8 21842 2340
p 2 126 790 4 29804 2877
p 2 172 741 7 30979 3091
p 2 105 814 1 28790 2996
p 2 136 777 7 32990 3338
p 2 141 777 2 37027 3445
p 2 179 741 0 35931 3528
p 2 168 751 1 36371 3578
p 2 112 808 0 34540 3314
p 2 95 824 1 33284 3232
p 2 76 844 0 31293 3061
p 2 55 865 0 28348 2881
p 2 46 873 1 27140 2734
p 2 53 867 0 25312 2737
p 2 25 894 1 22502 2575
p 2 45 872 3 22936 2650
p 2 46 869 5 23615 2671
p 2 31 888 1 21817 2585
p 2 51 865 4 20876 2647
p 2 60 856 4 20526 2659
p 2 93 824 3 18404 2718
p 2 93 822 5 17186 2671
p 2 36 880 4 16687 2565
p 2 19 898 3 15196 2442
p 2 11 904 5 13539 2349
p 2 12 905 3 13676 2366
p 2 16 902 2 12587 2323
p 2 15 904 1 11796 2189
p 2 8 912 0 10886 2224
p 2 23 896 1 10851 2245
p 2 20 899 1 10140 2290
p 2 25 892 3 10340 2292
p 2 19 896 5 9660 2345
p 2 33 884 3 9603 2375
p 2 33 883 4 8994 2459
p 2 51 864 5 9059 2473
p 2 29 889 2 8730 2500
p 2 66 850 4 8568 2491
p 2 109 810 1 7916 2685
p 2 273 643 4 6160 2583
i 2 920 0 0 102208 5487
p 2 18 881 21 67998 2205
p 2 9 901 10 69524 2158
p 2 11 883 26 67316 2170
p 2 16 894 10 66727 2216
p 2 12 889 19 65642 2181
p 2 9 891 20 65930 2144
p 2 19 888 13 65470 2211
p 2 12 893 15 65982 2182
p 2 12 896 12 63763 2138
p 2 12 904 4 63642 2151
p 2 9 900 11 62245 2101
p 2 10 909 1 60528 2134
p 2 6 912 2 60004 2140
p 2 6 912 2 60576 2142
p 2 8 909 3 58844 2179
p 2 16 903 1 60596 2207
p 2 9 907 4 60797 2188
p 2 14 906 0 61780 2192
p 2 16 903 1 61443 2198
p 2 15 902 3 61991 2216
p 2 13 906 1 61336 2183
p 2 12 908 0 60179 2217
p 2 12 907 1 59721 2202
p 2 9 907 4 59240 2188
p 2 14 905 1 60624 2230
i 2 920 0 0 90964 5216
p 2 11 907 2 48302 2021
p 2 17 903 0 54550 2165
p 2 31 889 0 58120 2335
p 2 31 889 0 63411 2418
p 2 23 895 2 62429 2372
p 2 26 893 1 61712 2404
p 2 24 894 2 62309 2420
p 2 20 900 0 64214 2414
p 2 21 899 0 59930 2362
p 2 10 910 0 55566 2236
p 2 15 904 1 54694 2190
i 2 920 0 0 89619 5284
p 2 4 914 2 50323 1848
p 2 7 909 4 56038 1968
p 2 9 891 20 59393 1998
p 2 9 901 10 56936 2030
p 2 15 892 13 55141 2058
p 2 18 896 6 54543 2085
p 2 15 894 11 56477 2092
p 2 13 903 4 56817 2109
p 2 28 878 14 57632 2203
p 2 16 898 6 61627 2252
p 2 51 850 19 66463 2472
i 2 920 0 0 83538 5192
p 2 103 808 9 66586 2781
p 2 48 866 6 66715 2581
p 2 79 837 4 63820 2681
p 2 48 867 5 59818 2517
p 2 22 897 1 57091 2342
p 2 56 864 0 61227 2517
p 2 133 787 0 66519 2929
p 2 73 845 2 65590 2601
p 2 48 867 5 59978 2482
p 2 35 881 4 55541 2369
p 2 31 889 0 52727 2248
i 2 920 0 0 84342 4952
p 2 14 906 0 53884 2190
p 2 9 911 0 53506 2130
p 2 4 916 0 53552 2095
p 2 4 916 0 53190 2102
p 2 6 914 0 53605 2084
p 2 9 911 0 53286 2086
p 2 5 915 0 53253 2057
p 2 2 918 0 53523 2026
p 2 5 914 1 54202 2030
p 2 3 917 0 54544 2012
p 2 2 918 0 55132 2007
p 2 6 913 1 56175 2052
p 2 5 915 0 57241 2056
p 2 4 916 0 57113 2065
p 2 2 918 0 58230 2081
p 2 4 916 0 58959 2095
p 2 1 919 0 59645 2076
p 2 6 914 0 59091 2092
p 2 2 918 0 60540 2072
p 2 2 918 0 61452 2084
p 2 1 919 0 61952 2070
p 2 3 917 0 61014 2094
p 2 3 917 0 61558 2063
p 2 1 919 0 60767 2040
p 2 5 915 0 62640 2101
p 2 8 912 0 60518 2104
p 2 6 914 0 60698 2091
p 2 5 915 0 59695 2082
p 2 5 915 0 59758 2070
p 2 4 916 0 58893 2074
p 2 4 916 0 59678 2104
p 2 4 916 0 59754 2074
p 2 7 913 0 62453 2094
p 2 2 918 0 62144 2060
p 2 6 914 0 63497 2117
p 2 4 916 0 63187 2079
p 2 4 916 0 64861 2116
p 2 8 912 0 62467 2116
p 2 2 918 0 62451 2088
p 2 6 914 0 60809 2124
p 2 3 917 0 62064 2102
p 2 2 917 1 60713 2104
p 2 6 914 0 61428 2093
p 2 6 914 0 60146 2103
p 2 6 912 2 60344 2103
p 2 3 916 1 59106 2085
p 2 3 917 0 59433 2092
p 2 2 913 5 58832 2074
p 2 3 909 8 59536 2070
p 2 5 907 8 60184 2093
p 2 11 899 10 60551 2141
p 2 10 903 7 60459 2172
p 2 13 898 9 60192 2167
p 2 10 908 2 60372 2190
p 2 16 899 5 59886 2210
p 2 8 909 3 59501 2189
p 2 11 907 2 58776 2153
p 2 4 911 5 57983 2114
p 2 9 909 2 58314 2133
p 2 7 909 4 58154 2110
p 2 9 911 0 58412 2116
p 2 14 904 2 58644 2156
p 2 9 905 6 60104 2154
p 2 7 910 3 59935 2126
p 2 11 909 0 60719 2161
i 2 920 0 0 85437 5387
p 2 45 872 3 68086 2305
p 2 35 885 0 68303 2288
p 2 41 873 6 66647 2279
p 2 21 897 2 66828 2219
p 2 15 898 7 68812 2285
p 2 12 907 1 66225 2210
p 2 24 884 12 67976 2237
p 2 26 893 1 68211 2279
p 2 34 881 5 67350 2311
p 2 38 881 1 67433 2360
p 2 29 882 9 69436 2342
p 2 42 877 1 67421 2379
p 2 44 873 3 67715 2373
p 2 30 889 1 69641 2391
p 2 30 887 3 69264 2384
p 2 33 885 2 70924 2414
p 2 28 885 7 71254 2382
p 2 33 886 1 71529 2414
p 2 19 901 0 72015 2357
p 2 41 879 0 71436 2402
p 2 29 891 0 72246 2356
p 2 22 896 2 73259 2363
p 2 17 901 2 71678 2294
p 2 11 907 2 71572 2286
p 2 13 906 1 71899 2250
p 2 24 895 1 71805 2296
p 2 32 887 1 70810 2333
p 2 22 898 0 69746 2307
p 2 10 909 1 69178 2217
p 2 21 898 1 69378 2310
p 2 19 900 1 70326 2292
p 2 18 902 0 71541 2307
p 2 12 907 1 72000 2260
p 2 16 904 0 73725 2308
p 2 17 901 2 73338 2311
p 2 17 900 3 72684 2298
p 2 18 901 1 72319 2311
p 2 23 897 0 72876 2353
p 2 15 904 1 71908 2315
p 2 8 912 0 69289 2251
p 2 12 908 0 66712 2191
p 2 10 909 1 63385 2197
p 2 8 912 0 62051 2180
p 2 10 909 1 62549 2177
p 2 24 896 0 63524 2249
i 2 920 0 0 84188 5142
p 2 260 660 0 86102 3589
p 2 201 719 0 86224 3427
p 2 162 758 0 85713 3310
p 2 135 785 0 85999 3254
p 2 130 790 0 87744 3239
p 2 97 823 0 85863 3089
p 2 106 814 0 89250 3131
p 2 269 651 0 100897 3880
p 2 319 601 0 102343 4018
p 2 285 635 0 103277 3902
p 2 232 688 0 99533 3671
p 2 129 791 0 88504 3274
p 2 54 866 0 83286 2838
p 2 43 877 0 79105 2698
p 2 32 888 0 75758 2588
p 2 32 888 0 73616 2552
p 2 25 895 0 72943 2481
p 2 31 889 0 71418 2421
p 2 22 897 1 69851 2357
p 2 20 900 0 69580 2324
p 2 31 889 0 68608 2348
i 2 920 0 0 78032 5282
p 2 108 812 0 62534 2809
p 2 62 857 1 60989 2555
p 2 22 897 1 57791 2347
p 2 29 889 2 55884 2309
p 2 53 867 0 59125 2518
p 2 66 854 0 62303 2544
p 2 101 819 0 59744 2649
p 2 61 859 0 58875 2461
p 2 45 875 0 54573 2436
p 2 22 897 1 52337 2325
p 2 30 890 0 50623 2368
p 2 34 886 0 52154 2380
p 2 34 886 0 54917 2416
p 2 48 872 0 57142 2540
p 2 59 858 3 57249 2627
p 2 505 415 0 108732 4768
p 2 77 843 0 79921 2749
p 2 66 854 0 74861 2715
p 2 43 877 0 73140 2571
p 2 42 878 0 72368 2604
p 2 50 870 0 72008 2572
p 2 69 851 0 74103 2663
p 2 46 874 0 71620 2557
p 2 55 865 0 70062 2565
p 2 26 894 0 68124 2404
p 2 24 896 0 63203 2378
p 2 48 872 0 67019 2524
p 2 38 882 0 65787 2476
p 2 26 894 0 66374 2420
p 2 596 324 0 104773 4768
p 2 103 817 0 83857 2905
p 2 40 880 0 80281 2591
p 2 27 893 0 79482 2522
p 2 31 889 0 76355 2464
p 2 15 905 0 75491 2398
p 2 16 904 0 75877 2371
p 2 49 871 0 75579 2473
p 2 38 882 0 76505 2406
p 2 38 882 0 73515 2403
p 2 31 889 0 72902 2377
p 2 15 905 0 73789 2321
p 2 13 907 0 72126 2307
p 2 28 892 0 70734 2333
p 2 21 899 0 69891 2302
p 2 21 898 1 67683 2272
p 2 7 913 0 64441 2177
p 2 26 893 1 63633 2203
p 2 28 892 0 64806 2200
p 2 14 906 0 63252 2141
p 2 29 891 0 61684 2202
p 2 22 898 0 61226 2162
p 2 3 917 0 56360 2015
p 2 0 920 0 54116 1973
p 2 27 893 0 55532 2070
p 2 2 918 0 55144 1975
p 2 2 918 0 53646 1958
p 2 2 918 0 53348 1967
p 2 1 919 0 53270 1985
p 2 6 914 0 53733 2024
p 2 5 915 0 53588 2013
p 2 3 917 0 53790 2023
p 2 2 918 0 52666 2001
p 2 1 919 0 52248 1993
p 2 1 918 1 52143 1977
p 2 1 917 2 52410 1977
p 2 3 917 0 51051 1968
p 2 0 915 5 50658 1925
p 2 0 916 4 49460 1906
p 2 0 916 4 49279 1903
p 2 0 918 2 48257 1890
p 2 1 915 4 48728 1873
p 2 0 918 2 49280 1891
p 2 2 916 2 49442 1889
p 2 3 915 2 49454 1920
p 2 1 917 2 49913 1906
p 2 0 917 3 49175 1912
p 2 2 917 1 49575 1920
p 2 1 917 2 49067 1918
p 2 3 916 1 50178 1920
p 2 3 913 4 49035 1909
p 2 1 910 9 49130 1872
p 2 1 911 8 48827 1881
p 2 0 903 17 48595 1856
p 2 0 908 12 47806 1857
p 2 0 901 19 49189 1856
p 2 1 909 10 49666 1883
p 2 1 909 10 50154 1887
p 2 3 904 13 49930 1899
p 2 4 900 16 49898 1873
p 2 2 902 16 49198 1865
p 2 0 908 12 49355 1869
p 2 0 912 8 48769 1858
p 2 0 911 9 48874 1857
p 2 0 912 8 48122 1837
p 2 0 910 10 49530 1828
p 2 0 913 7 48779 1839
p 2 1 913 6 49265 1871
p 2 0 916 4 49652 1859
p 2 0 913 7 50108 1855
p 2 0 913 7 49364 1862
p 2 0 915 5 49448 1844
p 2 0 919 1 49133 1849
p 2 0 916 4 48915 1844
p 2 0 914 6 47579 1843
p 2 0 915 5 48129 1816
p 2 0 918 2 48198 1811
p 2 0 911 9 48244 1809
p 2 0 918 2 49202 1827
p 2 0 918 2 48273 1835
p 2 1 918 1 47810 1845
p 2 1 916 3 46899 1854
p 2 0 919 1 46963 1865
p 2 0 918 2 46045 1873
p 2 0 917 3 47345 1868
p 2 0 919 1 48056 1863
p 2 0 918 2 50191 1859
p 2 0 920 0 49582 1838
p 2 0 917 3 49410 1835
p 2 1 917 2 48331 1853
p 2 0 919 1 46854 1867
p 2 0 917 3 40275 1823
p 2 0 918 2 40060 1822
p 2 2 916 2 49122 1877
p 2 1 916 3 48661 1885
p 2 2 916 2 43045 1873
p 2 1 918 1 41395 1853
p 2 2 917 1 50029 1940
p 2 6 913 1 54586 1988
p 2 8 912 0 54692 2060
p 2 14 906 0 56511 2111
p 2 41 879 0 66182 2331
p 2 28 892 0 65031 2385
p 2 108 812 0 75345 2905
i 2 920 0 0 84831 4975
i 2 920 0 0 84502 4801
i 2 920 0 0 73018 4739
p 2 579 341 0 101972 4601
p 2 521 399 0 110108 4593
p 2 332 588 0 106403 3945
p 2 179 741 0 89785 3298
p 2 101 819 0 82718 2885
p 2 56 864 0 70916 2491
p 2 16 904 0 53487 2099
p 2 6 914 0 55250 2048
p 2 7 911 2 58687 2046
p 2 9 911 0 55512 2027
p 2 11 906 3 46980 1978
p 2 2 916 2 52296 1950
p 2 1 918 1 52871 1944
p 2 1 917 2 52658 1935
p 2 1 919 0 50512 1898
p 2 0 916 4 44629 1837
p 2 0 916 4 44894 1829
p 2 1 910 9 47522 1837
p 2 1 912 7 51793 1901
p 2 2 917 1 54890 1946
p 2 3 916 1 55741 1956
p 2 1 916 3 54504 1921
p 2 1 918 1 51577 1922
p 2 1 919 0 53148 1936
p 2 0 919 1 53663 1933
p 2 1 917 2 54708 1951
p 2 5 914 1 57261 1985
p 2 3 916 1 58306 1985
p 2 7 911 2 57792 2030
p 2 2 917 1 57899 1981
p 2 0 916 4 57030 1960
p 2 0 915 5 59065 1992
p 2 0 916 4 59406 2017
p 2 5 914 1 60246 2057
p 2 3 915 2 59528 2036
p 2 2 916 2 59689 2014
p 2 9 907 4 59639 2027
p 2 11 907 2 60363 2021
p 2 10 907 3 61065 2034
p 2 7 911 2 60142 2020
p 2 4 911 5 56534 1958
p 2 0 918 2 55085 1934
p 2 0 914 6 50960 1886
p 2 0 918 2 50479 1876
p 2 1 916 3 49375 1896
p 2 1 919 0 50472 1885
p 2 4 913 3 51321 1908
p 2 2 916 2 50284 1894
p 2 0 919 1 48613 1861
p 2 3 917 0 49890 1890
p 2 1 915 4 49603 1863
p 2 2 915 3 50257 1882
p 2 0 916 4 49711 1876
p 2 0 920 0 49143 1881
p 2 1 919 0 49158 1873
p 2 0 920 0 49181 1875
p 2 1 918 1 49342 1864
p 2 1 915 4 51325 1888
p 2 1 917 2 52195 1914
p 2 2 918 0 53167 1915
p 2 2 917 1 53287 1920
p 2 5 915 0 54248 1948
p 2 6 914 0 54819 1965
p 2 1 918 1 55054 1963
p 2 1 916 3 53615 1950
p 2 2 916 2 53952 1956
p 2 2 915 3 53688 1951
p 2 6 912 2 55996 1983
p 2 6 912 2 55302 1989
p 2 9 910 1 56458 2016
p 2 12 907 1 56926 2017
p 2 28 892 0 57757 2081
p 2 9 908 3 55842 1995
p 2 9 909 2 55407 1981
p 2 20 898 2 54722 1989
p 2 9 910 1 54068 1964
p 2 8 911 1 53585 1940
p 2 7 912 1 53746 1931
p 2 3 917 0 53953 1919
p 2 2 918 0 54678 1903
p 2 3 917 0 54007 1906
p 2 1 918 1 52251 1884
p 2 0 918 2 50853 1855
p 2 0 920 0 50476 1873
p 2 0 918 2 48929 1842
p 2 1 919 0 49519 1841
p 2 0 919 1 49193 1819
p 2 0 919 1 49126 1837
p 2 1 918 1 49655 1837
p 2 0 919 1 50084 1847
p 2 0 919 1 49464 1825
p 2 0 919 1 50174 1836
p 2 0 920 0 51247 1845
p 2 0 919 1 50838 1847
p 2 0 920 0 51185 1846
p 2 4 913 3 52434 1856
p 2 4 916 0 53442 1852
p 2 3 917 0 52270 1855
p 2 5 915 0 50235 1847
p 2 8 912 0 51075 1834
p 2 11 909 0 52047 1852
p 2 17 903 0 53025 1878
p 2 24 896 0 53698 1920
p 2 19 900 1 52686 1915
p 2 15 905 0 56044 1918
p 2 11 909 0 57094 1937
p 2 8 912 0 56036 1927
p 2 0 920 0 55260 1893
p 2 1 919 0 54712 1904
i 2 920 0 0 99503 5368
p 2 59 861 0 74076 2559
p 2 39 881 0 72595 2483
p 2 43 877 0 72544 2469
p 2 62 858 0 74186 2604
p 2 54 866 0 76342 2629
p 2 44 876 0 74166 2516
p 2 39 880 1 71418 2461
p 2 41 879 0 70569 2425
p 2 46 874 0 72937 2475
p 2 61 859 0 74042 2551
p 2 67 853 0 78049 2581
p 2 59 860 1 81007 2606
p 2 60 859 1 79398 2635
p 2 44 876 0 79019 2562
p 2 62 858 0 77622 2626
p 2 37 883 0 76533 2521
p 2 41 879 0 75211 2530
p 2 28 892 0 72443 2430
p 2 30 890 0 70895 2428
i 2 920 0 0 87321 5352
p 2 50 867 3 69291 2555
p 2 25 895 0 66661 2482
p 2 33 886 1 70514 2543
p 2 21 899 0 71999 2501
p 2 19 899 2 72174 2518
p 2 22 898 0 73414 2528
p 2 25 895 0 72176 2522
p 2 23 897 0 70465 2494
p 2 18 902 0 68705 2477
p 2 23 896 1 67940 2494
p 2 15 905 0 67639 2400
p 2 27 893 0 66939 2466
p 2 19 901 0 68229 2452
p 2 19 900 1 68021 2449
p 2 19 899 2 66248 2402
p 2 16 904 0 67852 2399
p 2 22 896 2 67775 2415
p 2 24 893 3 68199 2422
p 2 22 895 3 67692 2395
p 2 23 894 3 67402 2381
p 2 23 895 2 67219 2369
p 2 28 890 2 68674 2379
p 2 11 903 6 71114 2319
p 2 24 889 7 74294 2424
p 2 13 902 5 77157 2433
i 2 920 0 0 73654 5274
p 2 41 870 9 61006 2508
p 2 22 890 8 57344 2437
p 2 21 892 7 54320 2404
p 2 20 894 6 54827 2414
p 2 36 882 2 54789 2463
p 2 63 856 1 57260 2573
p 2 66 852 2 63423 2650
p 2 74 846 0 70409 2833
p 2 96 822 2 69077 2919
p 2 80 840 0 69815 2945
p 2 52 864 4 67537 2800
p 2 39 878 3 65887 2708
p 2 43 870 7 64033 2632
p 2 30 888 2 61958 2538
p 2 48 868 4 62554 2549
p 2 49 864 7 60780 2547
p 2 35 877 8 59164 2444
p 2 39 872 9 62136 2589
p 2 62 851 7 61861 2700
p 2 62 857 1 64184 2756
p 2 53 859 8 66877 2715
p 2 612 308 0 93028 4910
p 2 24 894 2 59131 2436
p 2 7 913 0 56212 2329
p 2 11 909 0 54261 2226
p 2 10 908 2 51868 2148
p 2 13 905 2 51808 2143
p 2 4 915 1 50985 2079
p 2 6 913 1 51068 2110
p 2 14 905 1 51905 2136
p 2 15 904 1 53614 2122
p 2 17 901 2 55640 2191
p 2 23 897 0 56556 2236
p 2 16 904 0 57301 2233
p 2 18 901 1 58225 2284
p 2 6 914 0 59442 2231
p 2 23 897 0 60642 2323
p 2 20 900 0 65329 2364
p 2 35 885 0 65064 2432
p 2 41 879 0 67850 2561
p 2 33 887 0 67813 2506
p 2 38 882 0 70197 2508
p 2 48 872 0 71494 2561
p 2 56 864 0 73497 2610
p 2 46 872 2 70828 2517
p 2 36 883 1 71186 2440
p 2 31 889 0 70773 2416
p 2 22 894 4 69124 2368
p 2 27 890 3 67234 2333
p 2 26 894 0 66152 2327
p 2 7 910 3 63222 2165
p 2 10 906 4 62871 2147
p 2 6 912 2 63460 2109
p 2 9 909 2 61539 2117
p 2 4 915 1 63085 2096
p 2 3 917 0 63086 2080
p 2 5 914 1 64042 2100
p 2 4 916 0 63499 2076
p 2 13 906 1 64317 2108
p 2 4 915 1 64195 2079
p 2 10 910 0 65147 2126
p 2 10 910 0 64307 2101
p 2 7 913 0 64939 2104
p 2 19 901 0 65086 2140
p 2 12 908 0 63917 2117
p 2 6 914 0 65258 2107
p 2 6 914 0 67011 2116
p 2 7 913 0 68215 2130
p 2 14 906 0 67825 2171
p 2 10 910 0 69542 2178
p 2 13 907 0 68819 2215
p 2 14 906 0 67183 2167
p 2 6 914 0 67860 2110
i 2 920 0 0 86107 5358
p 2 35 885 0 75644 2462
p 2 24 896 0 73860 2370
p 2 29 886 5 71511 2379
p 2 23 895 2 69195 2324
p 2 35 885 0 68846 2399
p 2 24 896 0 67771 2340
p 2 19 899 2 66698 2295
p 2 15 905 0 65478 2262
p 2 19 901 0 66886 2293
p 2 15 904 1 67062 2293
p 2 23 892 5 66459 2341
p 2 21 899 0 65754 2365
p 2 21 899 0 66677 2388
p 2 32 888 0 64421 2370
p 2 27 888 5 64718 2336
p 2 32 888 0 64290 2379
p 2 33 886 1 63839 2343
p 2 33 887 0 63703 2346
p 2 23 894 3 61790 2240
p 2 22 896 2 61424 2217
p 2 17 901 2 60496 2197
p 2 23 896 1 59994 2210
p 2 17 898 5 58822 2147
p 2 19 897 4 57948 2177
p 2 13 906 1 57653 2158
p 2 15 902 3 56770 2146
p 2 15 903 2 58382 2159
p 2 11 903 6 59394 2167
p 2 15 902 3 59515 2195
p 2 14 903 3 60282 2197
p 2 8 904 8 61273 2181
p 2 17 897 6 61405 2207
p 2 17 896 7 61750 2221
i 2 920 0 0 96176 5225
p 2 6 906 8 54184 1888
p 2 3 912 5 59051 1935
p 2 1 912 7 58331 1897
p 2 5 907 8 58898 1897
p 2 4 911 5 58519 1918
p 2 2 912 6 58247 1916
p 2 2 912 6 57623 1912
p 2 7 906 7 57196 1944
p 2 2 915 3 57893 1928
p 2 25 889 6 58831 2046
p 2 10 905 5 59226 1983
p 2 5 908 7 58900 1950
p 2 13 903 4 61610 2011
p 2 6 910 4 62047 1984
p 2 19 896 5 61971 2047
p 2 5 911 4 60602 1976
p 2 4 911 5 60135 1966
p 2 5 910 5 60045 1963
p 2 5 912 3 59556 1982
p 2 3 913 4 59804 1969
p 2 3 914 3 59825 1961
p 2 5 911 4 58769 2034
p 2 4 915 1 57947 1973
p 2 8 908 4 58523 2011
p 2 13 903 4 59374 2030
p 2 9 905 6 58792 2016
p 2 3 912 5 59306 1993
p 2 6 911 3 60199 2038
p 2 6 907 7 60689 2002
p 2 10 908 2 60029 2026
p 2 9 908 3 59166 1991
p 2 7 906 7 59108 2016
p 2 18 896 6 60334 2035
p 2 7 908 5 58833 1972
p 2 8 903 9 60264 1986
p 2 15 901 4 59486 2007
p 2 4 909 7 58900 1957
p 2 7 907 6 59316 2004
p 2 7 904 9 59041 1992
p 2 3 912 5 57742 1970
p 2 8 904 8 57726 1982
p 2 3 910 7 57491 1979
p 2 2 912 6 56957 1969
p 2 11 901 8 56717 2004
p 2 4 911 5 57302 1983
p 2 4 909 7 55916 1995
p 2 5 908 7 55898 2000
p 2 3 914 3 56010 1993
p 2 2 913 5 56984 1997
p 2 2 915 3 55523 1958
p 2 6 909 5 56510 1979
p 2 3 912 5 55382 1950
p 2 3 911 6 56859 1978
p 2 4 910 6 57154 1968
p 2 8 909 3 56909 1987
p 2 12 899 9 57679 1983
p 2 13 904 3 58025 2010
p 2 20 895 5 57833 2044
p 2 14 902 4 57472 2026
p 2 10 902 8 58519 2004
p 2 18 899 3 61772 2106
p 2 16 899 5 62048 2078
p 2 15 901 4 62924 2093
p 2 9 908 3 61276 2047
p 2 13 906 1 59940 2049
p 2 9 905 6 58804 2019
p 2 8 907 5 60444 2041
p 2 9 906 5 61444 2073
p 2 16 900 4 61079 2116
p 2 10 905 5 60094 2037
p 2 11 903 6 60835 2026
p 2 9 906 5 61408 2031
p 2 9 902 9 60129 2007
p 2 3 909 8 61044 1992
p 2 10 900 10 61656 2011
p 2 12 900 8 62914 2043
p 2 16 894 10 63336 2067
p 2 28 883 9 65251 2156
p 2 28 881 11 65699 2140
p 2 19 892 9 65976 2170
p 2 22 888 10 64563 2146
p 2 17 894 9 64074 2101
p 2 14 897 9 61858 2092
p 2 20 894 6 61388 2079
p 2 3 907 10 61081 2019
p 2 10 903 7 61939 2065
p 2 10 903 7 61076 2079
p 2 10 905 5 60498 2087
p 2 8 904 8 59403 2041
p 2 4 908 8 59318 1998
p 2 4 905 11 59445 2023
p 2 3 909 8 60727 2023
p 2 12 900 8 62887 2124
p 2 14 901 5 64036 2132
p 2 16 893 11 63051 2138
p 2 15 900 5 63828 2146
p 2 16 901 3 65749 2203
p 2 15 897 8 66804 2191
p 2 13 902 5 64389 2193
p 2 5 913 2 63174 2112
p 2 8 907 5 62689 2130
p 2 14 901 5 65375 2234
p 2 18 896 6 64651 2238
p 2 11 907 2 62724 2166
p 2 12 908 0 61108 2180
p 2 8 911 1 60839 2139
p 2 9 911 0 59806 2153
p 2 7 912 1 58975 2109
p 2 4 915 1 59650 2082
p 2 4 914 2 61763 2083
p 2 8 907 5 63862 2126
p 2 4 915 1 64125 2054
p 2 11 901 8 66197 2099
i 2 920 0 0 60041 4958
p 2 5 909 6 19343 1679
p 2 10 901 9 21537 1652
p 2 5 899 16 21425 1650
p 2 0 904 16 21384 1553
p 2 0 900 20 21261 1586
p 2 1 902 17 22672 1636
p 2 0 903 17 21506 1612
p 2 0 919 1 22085 1641
p 2 3 907 10 22361 1677
p 2 1 915 4 22069 1674
p 2 0 913 7 21038 1653
p 2 0 917 3 22032 1658
p 2 0 909 11 21363 1653
p 2 0 918 2 21601 1617
p 2 0 908 12 22305 1652
p 2 0 911 9 21737 1589
p 2 0 901 19 21123 1574
p 2 3 899 18 22446 1618
p 2 0 900 20 21554 1602
p 2 1 914 5 22431 1623
p 2 1 886 33 22997 1630
p 2 2 914 4 22856 1630
p 2 0 902 18 23264 1694
p 2 1 911 8 23990 1706
p 2 1 905 14 23807 1721
p 2 1 907 12 24022 1693
p 2 3 896 21 24712 1707
p 2 4 901 15 24944 1700
p 2 2 894 24 24917 1686
p 2 5 908 7 25655 1710
p 2 0 895 25 24709 1660
p 2 0 908 12 24955 1659
p 2 1 887 32 25828 1670
p 2 0 914 6 25430 1642
i 2 920 0 0 24611 3784
p 2 0 867 53 5174 1149
p 2 2 889 29 6591 1206
p 2 1 825 94 6128 1111
p 2 0 865 55 6385 1143
p 2 0 834 86 6228 1097
p 2 0 865 55 6702 1145
p 2 0 848 72 6446 1105
p 2 4 871 45 6791 1176
p 2 2 851 67 6540 1126
p 2 2 873 45 6831 1177
p 2 0 865 55 5538 1101
p 2 0 885 35 5827 1108
p 2 0 854 66 5808 1087
p 2 0 882 38 6162 1124
p 2 2 872 46 6155 1155
p 2 0 870 50 6596 1145
p 2 1 874 45 6206 1160
p 2 0 892 28 6887 1181
p 2 0 870 50 6642 1136
p 2 4 879 37 7062 1190
p 2 0 875 45 7021 1177
p 2 2 885 33 7404 1201
p 2 0 854 66 7007 1163
p 2 1 893 26 7694 1225
p 2 1 866 53 7581 1202
p 2 2 873 45 7909 1205
p 2 1 835 84 8130 1191
p 2 3 873 44 8993 1249
p 2 3 863 54 8886 1247
p 2 2 875 43 9198 1257
p 2 0 867 53 8872 1230
p 2 0 887 33 9326 1250
p 2 0 870 50 9245 1244
p 2 1 886 33 9593 1276
p 2 4 844 72 9489 1269
p 2 6 890 24 9691 1330
p 2 6 864 50 9291 1336
p 2 0 882 38 9426 1274
p 2 6 861 53 9272 1288
p 2 5 882 33 9766 1323
p 2 5 843 72 9278 1286
p 2 11 874 35 9789 1372
p 2 0 844 76 9425 1266
p 2 1 886 33 10014 1320
p 2 0 831 89 9681 1262
p 2 1 878 41 10313 1331
i 2 920 0 0 85137 5180
p 2 27 893 0 62174 2432
p 2 14 906 0 60212 2351
p 2 9 911 0 58671 2278
p 2 7 913 0 59170 2282
p 2 6 914 0 60296 2294
p 2 13 907 0 59739 2316
p 2 8 912 0 61517 2310
p 2 13 906 1 61488 2353
p 2 10 910 0 61133 2324
p 2 11 909 0 60103 2311
p 2 9 911 0 59788 2295
p 2 7 913 0 59602 2244
p 2 12 907 1 58510 2286
p 2 10 910 0 56783 2220
p 2 8 911 1 56560 2223
p 2 6 914 0 57592 2239
p 2 5 915 0 58285 2221
p 2 15 905 0 58061 2288
p 2 11 908 1 59683 2286
p 2 17 903 0 60189 2324
p 2 6 913 1 61689 2276
p 2 21 899 0 62821 2323
p 2 13 907 0 63781 2322
p 2 11 909 0 65155 2300
p 2 13 907 0 64106 2328
p 2 22 898 0 64384 2362
p 2 29 891 0 64726 2436
p 2 25 895 0 62305 2358
p 2 14 904 2 60534 2347
p 2 12 907 1 58309 2308
p 2 6 912 2 56644 2266
p 2 11 907 2 56506 2297
p 2 10 909 1 55455 2263
p 2 3 917 0 54864 2196
p 2 9 911 0 55765 2223
p 2 15 904 1 55174 2206
p 2 9 911 0 55639 2168
p 2 15 905 0 56221 2216
p 2 15 905 0 56650 2191
p 2 13 907 0 55241 2174
p 2 13 907 0 54545 2204
p 2 6 913 1 53170 2123
p 2 10 907 3 53827 2155
p 2 6 912 2 53761 2125
p 2 7 911 2 54754 2142
p 2 7 911 2 54763 2141
p 2 4 914 2 55070 2165
p 2 4 916 0 54512 2109
p 2 3 917 0 53732 2099
p 2 2 918 0 54729 2082
p 2 2 918 0 54085 2100
p 2 3 917 0 54313 2097
p 2 4 916 0 54443 2116
p 2 7 913 0 54985 2101
p 2 6 913 1 55484 2134
p 2 8 910 2 55962 2162
p 2 4 915 1 56604 2123
p 2 4 915 1 57048 2116
p 2 7 911 2 57358 2137
p 2 6 914 0 56419 2133
p 2 3 915 2 56889 2091
p 2 10 910 0 56440 2121
p 2 6 914 0 58824 2120
p 2 14 906 0 59202 2176
p 2 11 909 0 60071 2179
p 2 8 912 0 59843 2167
p 2 13 906 1 60726 2192
p 2 5 914 1 62322 2167
p 2 7 912 1 62456 2164
i 2 920 0 0 80836 5110
p 2 20 895 5 53235 2180
p 2 10 908 2 56503 2211
p 2 14 906 0 56376 2232
p 2 22 898 0 57000 2273
p 2 15 900 5 54121 2193
p 2 14 903 3 48937 2078
p 2 15 905 0 49487 2103
p 2 6 913 1 48468 2038
p 2 9 910 1 47756 2043
p 2 2 910 8 46199 1969
p 2 3 916 1 46008 1977
p 2 0 917 3 45436 1977
p 2 6 911 3 44662 1991
p 2 1 919 0 43374 1941
p 2 10 909 1 43862 1983
p 2 5 914 1 42795 1951
p 2 9 905 6 43015 1958
p 2 7 911 2 43873 1976
p 2 3 908 9 43962 1962
p 2 1 913 6 44642 1959
p 2 1 901 18 44436 1925
p 2 0 910 10 43926 1931
p 2 7 903 10 44543 1980
p 2 4 906 10 45155 1952
p 2 7 905 8 45408 1991
p 2 2 912 6 46295 1991
p 2 6 911 3 49094 2046
p 2 6 908 6 52126 2102
p 2 10 894 16 53362 2154
p 2 4 912 4 54372 2146
p 2 8 907 5 54918 2174
p 2 6 913 1 53700 2165
p 2 10 909 1 53959 2194
p 2 10 907 3 55979 2202
p 2 27 890 3 58078 2279
p 2 32 885 3 54201 2258
p 2 38 881 1 53813 2284
p 2 50 869 1 52285 2316
p 2 49 866 5 51655 2323
p 2 31 887 2 49593 2225
p 2 14 900 6 47256 2112
p 2 15 900 5 45840 2117
p 2 5 907 8 44233 2006
p 2 7 903 10 43350 1979
p 2 4 907 9 42839 1955
p 2 10 907 3 43160 2031
p 2 6 908 6 45925 2048
p 2 28 883 9 48052 2188
p 2 32 872 16 50888 2190
p 2 31 884 5 52165 2245
p 2 19 891 10 52702 2188
p 2 26 893 1 55394 2234
p 2 11 905 4 53930 2150
p 2 11 906 3 52639 2123
p 2 3 912 5 51252 2062
p 2 2 916 2 49267 2020
p 2 3 913 4 48331 2015
p 2 1 919 0 47479 2018
p 2 1 918 1 46621 1985
p 2 1 918 1 44911 1961
p 2 0 911 9 43824 1931
p 2 0 915 5 44480 1948
p 2 1 912 7 47737 1976
p 2 4 911 5 50699 2067
p 2 2 909 9 49882 2019
p 2 5 911 4 49462 2060
p 2 10 902 8 52316 2123
p 2 16 899 5 54842 2178
p 2 17 898 5 53723 2165
p 2 15 904 1 52908 2173
p 2 12 903 5 52937 2130
p 2 9 909 2 51132 2155
p 2 7 911 2 51567 2138
p 2 2 916 2 51051 2117
p 2 10 910 0 52303 2181
p 2 13 906 1 52420 2179
p 2 10 909 1 53598 2165
p 2 6 914 0 51652 2151
p 2 7 913 0 49053 2096
p 2 6 913 1 52055 2146
p 2 4 913 3 51358 2124
p 2 11 906 3 51253 2143
p 2 10 906 4 49626 2067
p 2 23 895 2 57004 2272
p 2 18 896 6 55063 2225
p 2 11 906 3 53416 2163
p 2 8 906 6 51296 2084
p 2 8 909 3 49405 2058
p 2 5 904 11 52066 2114
p 2 4 915 1 50713 2104
p 2 4 910 6 48860 2074
p 2 11 901 8 48856 2083
p 2 5 907 8 47859 2062
p 2 7 908 5 48040 2049
p 2 1 911 8 49393 2016
p 2 3 907 10 50668 2078
p 2 11 898 11 52354 2153
p 2 12 902 6 53299 2189
p 2 13 896 11 55217 2199
p 2 14 904 2 54700 2230
p 2 11 905 4 53103 2202
p 2 8 910 2 51429 2148
p 2 11 907 2 52525 2167
p 2 8 910 2 52404 2180
p 2 11 906 3 51405 2178
p 2 7 911 2 49711 2134
p 2 9 908 3 46785 2087
p 2 5 915 0 46401 2077
p 2 5 913 2 46400 2074
p 2 9 910 1 45862 2086
p 2 8 909 3 44732 2064
p 2 3 914 3 44162 2034
p 2 3 912 5 43741 1979
p 2 5 914 1 43983 1994
p 2 4 913 3 44567 1990
i 2 920 0 0 86396 5627
p 2 20 900 0 62849 2193
p 2 17 900 3 63556 2194
p 2 6 913 1 61995 2158
p 2 6 911 3 61739 2116
p 2 7 909 4 63080 2080
p 2 7 912 1 62181 2083
p 2 10 902 8 62617 2111
p 2 11 909 0 62242 2099
p 2 22 890 8 61687 2150
p 2 14 905 1 62604 2131
p 2 16 901 3 65572 2217
p 2 11 907 2 67113 2214
p 2 9 905 6 69930 2277
p 2 23 897 0 71848 2368
p 2 29 887 4 73409 2391
p 2 30 889 1 75635 2460
p 2 23 890 7 75632 2376
p 2 37 881 2 76329 2479
p 2 33 884 3 77207 2456
p 2 39 878 3 76404 2490
p 2 41 878 1 77501 2507
p 2 39 873 8 75571 2467
p 2 50 864 6 75436 2550
p 2 40 880 0 76787 2515
p 2 38 878 4 75171 2507
p 2 38 878 4 74993 2500
p 2 45 875 0 77326 2593
p 2 68 846 6 81052 2724
p 2 48 872 0 81720 2721
p 2 51 869 0 82118 2723
p 2 49 871 0 78927 2690
p 2 35 884 1 77865 2635
p 2 39 880 1 78538 2630
p 2 48 872 0 79472 2658
p 2 32 888 0 77094 2553
p 2 35 885 0 77220 2562
p 2 39 881 0 76107 2599
p 2 38 882 0 73962 2494
p 2 18 900 2 71391 2333
p 2 11 905 4 66852 2238
p 2 9 906 5 65300 2213
p 2 26 894 0 65918 2333
p 2 25 895 0 67758 2324
p 2 37 883 0 68632 2407
p 2 44 875 1 68276 2495
p 2 34 886 0 64966 2380
p 2 17 903 0 63984 2281
p 2 15 905 0 61858 2250
p 2 16 904 0 62250 2244
p 2 20 899 1 61870 2244
p 2 17 902 1 62620 2215
p 2 11 909 0 63495 2177
p 2 23 897 0 63884 2229
p 2 17 902 1 61955 2182
p 2 17 901 2 60032 2140
p 2 18 902 0 58825 2096
p 2 17 901 2 58824 2089
p 2 29 890 1 60476 2148
p 2 38 881 1 62217 2234
p 2 38 882 0 65476 2263
p 2 31 889 0 66438 2300
p 2 26 893 1 64864 2222
p 2 11 905 4 65775 2161
p 2 10 910 0 64348 2136
p 2 15 905 0 64963 2175
p 2 33 885 2 66724 2300
p 2 49 868 3 68069 2408
p 2 31 885 4 69639 2367
p 2 51 868 1 69651 2432
p 2 58 862 0 72960 2527
p 2 51 865 4 71281 2485
p 2 52 865 3 73034 2499
p 2 52 865 3 73142 2491
p 2 46 871 3 70913 2485
p 2 61 858 1 72157 2563
p 2 70 849 1 72410 2627
p 2 64 855 1 74085 2632
p 2 58 862 0 73289 2610
p 2 41 879 0 73769 2581
p 2 41 878 1 75033 2594
p 2 32 886 2 74048 2489
p 2 35 885 0 74279 2547
p 2 33 885 2 73954 2495
p 2 39 881 0 76826 2560
p 2 42 878 0 76134 2549
p 2 47 873 0 75892 2580
p 2 46 873 1 75189 2495
p 2 68 852 0 78722 2675
p 2 38 882 0 76473 2464
p 2 39 880 1 76656 2479
p 2 33 887 0 76362 2456
p 2 28 892 0 77696 2438
p 2 37 882 1 75732 2427
p 2 36 884 0 73735 2412
p 2 36 880 4 72946 2389
p 2 17 903 0 72891 2280
p 2 18 900 2 68639 2244
p 2 11 908 1 68195 2197
p 2 13 906 1 68562 2238
p 2 14 906 0 68183 2232
p 2 27 889 4 68681 2292
p 2 15 905 0 67976 2234
p 2 14 905 1 67905 2203
p 2 9 911 0 67971 2213
p 2 13 906 1 66654 2177
p 2 7 912 1 66470 2156
p 2 8 909 3 63718 2109
p 2 6 913 1 63528 2062
p 2 6 911 3 62887 2060
p 2 9 909 2 61754 2045
p 2 15 898 7 61173 2061
p 2 5 915 0 58370 1985
p 2 5 911 4 57496 1981
p 2 4 915 1 57488 1948
p 2 3 917 0 57398 1925
i 2 920 0 0 95199 5208
p 2 11 909 0 62402 2146
p 2 21 899 0 66123 2220
p 2 25 895 0 67366 2292
p 2 29 891 0 68169 2355
p 2 31 889 0 68577 2366
p 2 26 894 0 66707 2319
p 2 26 894 0 67420 2332
p 2 13 907 0 68198 2271
p 2 10 910 0 66930 2236
p 2 16 904 0 69098 2270
p 2 31 889 0 72114 2383
p 2 29 891 0 70272 2381
p 2 39 881 0 71162 2407
p 2 33 887 0 72063 2393
p 2 23 897 0 70677 2331
p 2 30 890 0 72173 2391
p 2 21 899 0 67518 2273
p 2 13 907 0 66992 2204
p 2 22 898 0 68226 2282
p 2 30 889 1 69557 2353
p 2 20 899 1 68850 2244
p 2 17 902 1 69310 2237
p 2 13 907 0 68663 2195
p 2 6 914 0 66272 2158
p 2 4 916 0 65459 2122
p 2 5 915 0 64399 2142
p 2 5 915 0 64537 2169
p 2 7 913 0 63314 2127
p 2 12 908 0 64808 2182
p 2 5 915 0 63506 2157
p 2 16 902 2 63466 2237
p 2 15 905 0 63463 2184
p 2 9 911 0 63097 2159
p 2 14 906 0 64657 2254
p 2 21 899 0 70361 2335
p 2 37 883 0 75395 2446
p 2 52 868 0 76918 2561
p 2 52 868 0 77336 2522
p 2 36 884 0 74672 2480
p 2 46 874 0 73630 2513
p 2 39 881 0 76571 2490
p 2 33 887 0 75873 2480
p 2 24 896 0 73256 2398
p 2 17 903 0 70014 2312
p 2 29 891 0 74867 2429
p 2 30 890 0 75646 2407
p 2 46 874 0 76200 2543
p 2 58 862 0 78086 2609
p 2 70 850 0 78218 2682
p 2 62 858 0 76337 2630
p 2 62 858 0 70652 2598
p 2 64 856 0 69340 2589
p 2 48 872 0 65392 2491
p 2 25 895 0 63314 2417
p 2 50 870 0 61037 2517
p 2 28 892 0 59761 2459
p 2 28 892 0 57514 2406
p 2 26 894 0 54443 2445
p 2 29 890 1 52063 2446
p 2 26 894 0 49844 2400
p 2 23 897 0 49117 2479
p 2 22 898 0 50397 2474
p 2 26 894 0 50198 2444
p 2 20 900 0 50708 2454
p 2 28 890 2 48570 2475
p 2 42 878 0 49117 2568
p 2 41 878 1 45331 2572
p 2 40 873 7 41488 2576
p 2 27 890 3 38081 2548
p 2 14 901 5 37350 2510
p 2 25 888 7 37795 2551
p 2 45 875 0 38719 2723
p 2 43 876 1 35559 2586
p 2 43 877 0 36394 2694
p 2 40 880 0 34064 2588
p 2 54 866 0 32505 2781
p 2 32 885 3 27963 2539
p 2 31 888 1 28068 2667
p 2 18 901 1 24533 2493
p 2 32 888 0 25923 2673
p 2 18 902 0 23031 2432
p 2 15 905 0 23793 2540
p 2 11 903 6 19848 2189
p 2 17 902 1 23052 2431
p 2 14 903 3 22402 2342
p 2 27 892 1 26030 2627
p 2 35 885 0 25525 2504
p 2 85 835 0 30899 2952
p 2 47 870 3 28888 2562
p 2 50 870 0 32153 2742
p 2 39 881 0 33682 2608
p 2 31 889 0 36061 2653
p 2 46 874 0 38791 2662
p 2 34 886 0 40515 2675
p 2 26 893 1 41051 2582
p 2 36 884 0 42890 2671
p 2 25 894 1 45391 2581
p 2 26 892 2 45826 2608
p 2 36 882 2 47406 2592
p 2 28 892 0 54139 2603
p 2 62 855 3 59514 2754
p 2 68 851 1 65020 2859
p 2 72 847 1 66647 2809
p 2 47 873 0 67790 2698
p 2 46 873 1 69201 2657
p 2 47 872 1 71763 2681
p 2 34 886 0 71106 2598
p 2 40 880 0 68792 2552
p 2 25 895 0 68461 2447
p 2 41 879 0 71952 2582
p 2 33 887 0 70107 2492
p 2 41 879 0 69705 2526
p 2 36 884 0 66684 2471
p 2 40 880 0 66772 2462
p 2 47 873 0 68849 2459
p 2 53 867 0 70233 2467
p 2 36 884 0 71002 2404
p 2 30 890 0 72676 2348
p 2 16 904 0 71323 2285
p 2 46 874 0 71234 2319
p 2 32 888 0 71832 2271
p 2 30 890 0 68936 2249
p 2 29 891 0 68985 2232
p 2 27 893 0 69744 2176
p 2 19 901 0 66694 2111
p 2 20 900 0 65542 2082
p 2 9 911 0 61777 1974
p 2 1 919 0 62358 1906
p 2 6 914 0 59758 1913
p 2 4 916 0 56590 1867
p 2 2 918 0 60597 1907
p 2 18 902 0 67449 2096
p 2 13 907 0 71952 2187
p 2 27 893 0 73888 2354
p 2 17 903 0 75384 2334
p 2 18 902 0 78016 2388
p 2 41 879 0 77414 2578
p 2 46 874 0 79496 2604
p 2 35 885 0 78384 2610
p 2 46 873 1 77159 2588
p 2 43 877 0 76696 2613
p 2 33 887 0 73075 2485
p 2 86 834 0 72388 2684
p 2 64 856 0 71638 2621
p 2 47 873 0 70095 2578
p 2 120 800 0 70289 3038
p 2 91 827 2 56747 2962
p 2 62 851 7 48075 2815
p 2 70 839 11 39999 2718
p 2 50 840 30 34262 2508
p 2 55 818 47 31904 2402
p 2 61 813 46 29606 2277
p 2 73 768 79 27963 2214
p 2 12 818 90 20805 1750
p 2 14 771 135 19163 1695
p 2 7 806 107 17475 1679
p 2 8 762 150 17226 1604
p 2 8 818 94 18489 1705
p 2 18 784 118 18522 1787
p 2 9 865 46 21161 1895
p 2 10 851 59 24193 1973
p 2 12 875 33 26098 2076
p 2 9 855 56 25007 2049
p 2 19 866 35 27734 2154
p 2 32 839 49 32149 2200
p 2 31 861 28 37121 2323
p 2 38 851 31 39090 2380
p 2 30 869 21 39391 2394
i 2 920 0 0 122292 5909
p 2 43 877 0 99114 2493
p 2 26 894 0 96017 2410
p 2 25 895 0 93221 2389
p 2 18 902 0 92404 2365
p 2 15 905 0 89164 2345
p 2 9 911 0 88748 2315
p 2 18 902 0 85354 2359
p 2 17 903 0 83657 2310
p 2 8 912 0 80893 2275
p 2 16 904 0 78140 2308
p 2 12 908 0 75612 2310
p 2 10 910 0 74392 2261
p 2 14 906 0 73914 2279
p 2 13 907 0 74997 2292
p 2 13 907 0 73663 2295
p 2 13 907 0 74535 2302
p 2 16 904 0 71290 2289
p 2 10 910 0 70819 2279
p 2 10 910 0 69799 2270
p 2 12 908 0 69375 2279
p 2 18 902 0 68375 2307
p 2 12 908 0 68265 2273
p 2 13 907 0 67375 2273
p 2 9 911 0 68400 2243
p 2 8 911 1 68183 2244
p 2 8 912 0 66666 2229
p 2 13 907 0 65459 2248
p 2 14 906 0 66092 2273
p 2 13 907 0 64771 2286
p 2 7 912 1 65021 2243
p 2 10 910 0 64095 2250
p 2 10 910 0 63738 2243
p 2 13 906 1 64715 2277
p 2 5 915 0 65694 2246
p 2 12 907 1 66050 2285
p 2 15 905 0 66893 2269
p 2 10 910 0 66829 2252
p 2 6 914 0 67912 2246
p 2 10 902 8 67954 2245
p 2 6 911 3 67845 2232
p 2 9 909 2 66705 2275
p 2 12 908 0 67616 2291
p 2 15 905 0 67158 2299
p 2 12 908 0 66174 2260
p 2 10 910 0 66693 2287
p 2 11 909 0 66974 2305
p 2 11 909 0 65253 2296
p 2 10 909 1 65466 2318
p 2 4 916 0 65187 2281
p 2 11 909 0 64715 2303
p 2 8 912 0 62788 2295
p 2 11 909 0 60631 2286
p 2 11 909 0 62155 2305
p 2 7 913 0 62762 2290
p 2 7 913 0 60486 2237
p 2 7 913 0 59051 2218
p 2 3 917 0 58366 2205
p 2 2 917 1 59994 2204
p 2 4 916 0 57875 2198
p 2 10 910 0 56524 2191
p 2 11 909 0 57976 2182
p 2 12 908 0 56742 2191
p 2 9 911 0 57288 2209
p 2 2 918 0 55277 2149
p 2 1 919 0 56431 2150
p 2 6 913 1 56747 2160
p 2 5 915 0 54810 2157
p 2 10 909 1 54837 2208
p 2 6 913 1 55445 2166
p 2 15 904 1 55099 2181
p 2 14 906 0 56455 2210
p 2 10 910 0 54660 2182
p 2 8 912 0 55760 2172
p 2 5 915 0 55090 2134
p 2 7 913 0 55164 2119
p 2 3 917 0 54343 2087
p 2 3 917 0 55168 2120
p 2 1 919 0 54232 2105
p 2 2 917 1 54662 2104
p 2 2 918 0 55021 2052
p 2 14 906 0 56228 2143
p 2 3 917 0 56308 2068
p 2 4 916 0 55802 2076
p 2 11 909 0 54838 2118
p 2 11 909 0 55301 2105
p 2 5 914 1 53922 2041
p 2 3 916 1 53482 2035
p 2 6 914 0 51597 2028
p 2 6 913 1 51515 2043
p 2 2 918 0 50611 2004
p 2 0 917 3 51504 1964
p 2 1 919 0 50596 1961
p 2 2 918 0 50995 1964
p 2 2 918 0 51331 1981
p 2 2 918 0 52516 1992
p 2 3 917 0 51967 1992
p 2 2 918 0 52344 1988
p 2 3 917 0 51974 1980
p 2 4 916 0 51935 1980
p 2 4 916 0 51703 1979
p 2 0 920 0 51172 1943
p 2 1 919 0 51395 1941
p 2 1 919 0 50470 1939
p 2 1 919 0 50516 1925
p 2 0 920 0 50797 1925
p 2 0 920 0 51724 1953
p 2 1 919 0 52315 1932
p 2 2 918 0 53080 1947
p 2 3 916 1 53258 1952
p 2 2 918 0 54180 1965
p 2 5 915 0 52629 1979
p 2 2 918 0 52935 1961
p 2 4 916 0 52947 1984
p 2 0 920 0 54273 1959
p 2 2 918 0 53610 1959
p 2 1 919 0 53765 1942
p 2 1 919 0 53323 1948
p 2 1 919 0 53875 1930
p 2 3 917 0 52774 1943
p 2 2 918 0 53221 1905
p 2 1 919 0 52981 1914
p 2 2 918 0 53460 1931
p 2 1 918 1 53585 1926
p 2 4 916 0 55006 1951
p 2 5 915 0 54261 1936
p 2 3 915 2 54914 1944
p 2 2 918 0 54976 1956
p 2 5 915 0 56237 1977
p 2 5 915 0 57057 1984
p 2 4 915 1 57496 1984
p 2 3 917 0 56800 1970
p 2 7 913 0 56544 1978
p 2 3 916 1 55537 1965
p 2 7 913 0 56324 1968
i 2 920 0 0 88705 5289
p 2 44 876 0 67710 2360
p 2 11 906 3 65260 2142
p 2 15 903 2 64505 2139
p 2 9 911 0 63349 2105
p 2 6 912 2 63340 2097
p 2 3 917 0 64710 2080
p 2 8 912 0 64965 2123
p 2 10 910 0 65669 2128
p 2 8 912 0 65697 2138
p 2 7 913 0 67253 2151
p 2 6 913 1 67535 2173
p 2 9 911 0 66534 2163
p 2 10 909 1 66365 2184
p 2 11 909 0 65161 2148
p 2 16 903 1 64940 2188
p 2 10 910 0 63267 2154
p 2 14 904 2 63497 2179
p 2 13 907 0 64111 2172
p 2 15 903 2 65459 2195
p 2 9 911 0 65011 2155
p 2 4 915 1 65546 2147
p 2 9 911 0 65769 2205
p 2 4 916 0 67031 2165
p 2 11 909 0 66855 2211
p 2 12 908 0 67667 2211
p 2 12 908 0 67287 2194
p 2 11 909 0 69232 2205
p 2 6 914 0 68355 2179
p 2 8 909 3 67301 2134
p 2 9 911 0 65419 2153
p 2 5 910 5 65604 2092
p 2 6 913 1 65946 2115
p 2 11 908 1 65411 2180
p 2 7 913 0 63007 2135
p 2 8 909 3 62374 2125
p 2 11 907 2 62110 2141
p 2 10 908 2 62436 2127
p 2 8 909 3 62654 2125
p 2 3 917 0 62802 2096
p 2 7 912 1 61984 2093
p 2 9 910 1 65351 2169
p 2 3 916 1 64582 2133
p 2 7 911 2 64641 2145
p 2 7 911 2 64229 2143
p 2 4 914 2 63599 2106
p 2 8 911 1 62495 2127
p 2 1 916 3 61728 2069
p 2 2 918 0 60833 2065
p 2 5 912 3 61418 2074
p 2 3 915 2 62066 2091
p 2 2 914 4 61064 2065
p 2 2 917 1 59499 2060
p 2 3 915 2 59520 2075
p 2 3 917 0 59146 2064
p 2 6 914 0 59856 2089
p 2 4 916 0 60050 2070
p 2 9 911 0 61484 2170
i 2 920 0 0 76777 4843
p 2 237 683 0 81553 3453
p 2 163 757 0 83976 3253
p 2 120 800 0 74974 2897
p 2 75 845 0 71689 2695
p 2 63 857 0 77503 2699
p 2 45 875 0 74364 2459
p 2 7 912 1 61746 2151
p 2 14 906 0 61956 2114
p 2 26 894 0 62242 2126
p 2 18 902 0 62444 2106
p 2 20 900 0 64168 2166
p 2 15 905 0 63915 2153
p 2 7 913 0 63739 2101
p 2 7 913 0 64079 2108
p 2 8 912 0 66680 2132
p 2 22 898 0 68291 2265
p 2 18 901 1 67676 2265
p 2 25 895 0 67666 2211
p 2 42 878 0 67808 2305
p 2 28 892 0 67262 2247
p 2 25 895 0 66149 2260
p 2 14 906 0 65035 2199
p 2 22 896 2 65550 2241
p 2 18 902 0 67146 2212
p 2 20 900 0 68027 2279
p 2 31 889 0 67557 2324
p 2 28 892 0 68331 2325
p 2 22 898 0 67154 2218
p 2 21 899 0 66645 2240
p 2 21 899 0 65715 2217
p 2 14 905 1 66077 2209
p 2 17 903 0 67556 2213
p 2 19 901 0 67231 2240
p 2 11 909 0 66970 2198
p 2 27 893 0 69819 2330
p 2 25 895 0 68534 2261
p 2 29 891 0 69176 2290
p 2 28 891 1 67952 2275
p 2 13 907 0 66495 2203
p 2 13 907 0 65637 2214
p 2 20 900 0 66397 2260
p 2 20 900 0 68360 2268
p 2 35 885 0 69914 2390
p 2 49 871 0 68132 2444
p 2 46 873 1 66104 2387
p 2 26 894 0 65504 2288
p 2 61 859 0 64868 2471
p 2 45 875 0 68691 2399
p 2 67 853 0 68393 2476
p 2 86 834 0 66616 2523
p 2 89 830 1 68861 2541
p 2 125 795 0 69594 2710
p 2 141 779 0 74589 2842
p 2 131 787 2 73650 2770
p 2 111 809 0 75266 2776
p 2 104 816 0 72027 2742
p 2 118 802 0 69728 2781
p 2 101 819 0 68629 2645
p 2 75 845 0 67784 2504
p 2 87 833 0 68679 2549
p 2 63 857 0 73041 2522
p 2 43 876 1 71251 2438
p 2 44 874 2 67986 2412
p 2 36 881 3 65407 2348
p 2 34 886 0 62649 2307
p 2 41 879 0 61163 2305
p 2 31 888 1 59128 2233
p 2 30 889 1 58999 2196
p 2 19 900 1 60275 2154
p 2 17 903 0 58552 2153
p 2 15 905 0 59860 2205
p 2 12 906 2 59025 2183
p 2 16 904 0 57266 2214
p 2 15 903 2 57685 2215
i 2 920 0 0 38175 4833
p 2 27 893 0 20974 2175
p 2 34 885 1 19516 2175
p 2 30 890 0 18059 2137
p 2 19 898 3 19587 2108
p 2 30 890 0 21122 2215
p 2 34 885 1 22342 2299
p 2 30 890 0 24862 2347
p 2 43 877 0 27543 2412
p 2 59 861 0 31327 2479
p 2 48 872 0 33412 2440
p 2 45 875 0 34775 2422
p 2 22 898 0 37821 2336
p 2 24 896 0 37055 2316
p 2 11 909 0 35637 2238
p 2 12 908 0 36470 2212
p 2 9 911 0 37322 2166
p 2 22 898 0 37649 2206
p 2 18 902 0 37534 2173
p 2 12 908 0 39449 2153
p 2 28 891 1 40342 2251
p 2 9 911 0 43253 2189
p 2 17 903 0 44218 2265
p 2 17 903 0 47026 2299
p 2 26 894 0 48434 2358
i 2 920 0 0 77736 5367
p 2 19 901 0 51073 2247
p 2 8 912 0 50919 2190
p 2 1 919 0 49635 2164
p 2 7 913 0 49368 2175
p 2 7 913 0 49746 2181
p 2 12 908 0 49619 2229
p 2 12 907 1 48666 2205
p 2 13 905 2 46490 2156
p 2 2 917 1 46171 2115
p 2 6 914 0 45070 2111
p 2 8 911 1 45050 2155
p 2 7 913 0 43345 2125
p 2 5 914 1 42639 2136
p 2 10 910 0 42237 2168
p 2 12 908 0 41831 2180
p 2 6 914 0 42029 2173
p 2 13 906 1 42423 2246
p 2 7 913 0 42511 2202
p 2 14 905 1 43371 2287
p 2 7 913 0 43596 2252
p 2 9 906 5 43757 2269
p 2 9 905 6 42638 2211
p 2 8 910 2 42531 2242
i 2 920 0 0 71847 5395
p 2 11 909 0 47176 2144
p 2 10 910 0 49158 2169
p 2 12 908 0 48834 2208
p 2 11 907 2 49264 2224
p 2 11 909 0 47476 2201
p 2 15 905 0 47126 2239
p 2 10 910 0 46879 2253
p 2 6 913 1 47236 2259
p 2 13 907 0 46908 2290
p 2 8 912 0 47194 2307
p 2 9 910 1 46499 2268
p 2 8 909 3 45677 2235
p 2 9 910 1 45209 2191
p 2 11 907 2 44476 2232
p 2 8 911 1 44660 2182
p 2 9 911 0 43606 2218
p 2 7 912 1 43785 2235
p 2 2 917 1 43401 2174
p 2 9 910 1 42572 2205
p 2 4 915 1 41874 2210
p 2 4 915 1 44263 2188
p 2 2 916 2 45070 2234
p 2 5 913 2 44816 2186
i 2 920 0 0 66961 5276
p 2 39 880 1 55011 2637
p 2 23 897 0 52727 2524
p 2 17 903 0 52741 2480
p 2 25 895 0 50359 2481
p 2 20 900 0 49569 2445
p 2 14 906 0 49196 2413
p 2 14 906 0 49921 2396
p 2 16 904 0 49067 2356
p 2 7 912 1 47495 2279
p 2 6 914 0 48233 2292
p 2 4 916 0 48233 2287
p 2 8 911 1 47865 2280
p 2 7 913 0 46399 2256
p 2 6 914 0 46607 2268
p 2 8 912 0 48485 2294
p 2 10 907 3 47689 2321
p 2 7 913 0 46163 2285
p 2 8 912 0 43428 2274
p 2 1 919 0 42042 2252
p 2 3 915 2 41234 2189
p 2 1 919 0 40723 2252
p 2 2 918 0 40579 2259
p 2 2 918 0 40755 2234
i 2 920 0 0 93716 5573
p 2 50 870 0 73206 2555
p 2 26 894 0 75421 2523
p 2 29 891 0 75481 2512
p 2 39 881 0 77080 2578
p 2 41 879 0 78593 2641
p 2 52 868 0 74147 2647
p 2 48 872 0 75911 2718
p 2 69 851 0 74595 2846
p 2 75 845 0 71116 2843
p 2 52 868 0 70779 2729
p 2 31 889 0 68040 2565
p 2 21 899 0 62355 2509
p 2 15 905 0 55983 2352
p 2 16 904 0 53384 2385
p 2 22 898 0 48599 2354
p 2 20 900 0 43484 2267
p 2 21 899 0 37684 2138
p 2 7 913 0 36233 2077
p 2 4 915 1 35512 2034
p 2 5 915 0 33399 2041
p 2 19 900 1 32578 2105
p 2 6 914 0 31150 2066
p 2 6 913 1 31513 2031
p 2 3 917 0 30059 2004
p 2 3 915 2 29443 1999
p 2 5 915 0 28961 1999
p 2 1 919 0 29559 2003
p 2 0 917 3 28352 1994
p 2 3 915 2 28504 2003
p 2 4 915 1 27465 1994
p 2 2 915 3 27779 1991
p 2 2 915 3 26574 1990
p 2 0 917 3 26993 1965
p 2 3 915 2 25968 1934
p 2 3 909 8 26396 1947
i 2 920 0 0 62076 5238
p 2 236 684 0 62653 3680
p 2 168 752 0 62084 3464
p 2 191 729 0 63871 3580
p 2 198 722 0 63549 3528
p 2 187 733 0 62152 3483
p 2 194 726 0 63033 3564
p 2 224 696 0 64440 3698
p 2 195 725 0 65580 3599
p 2 172 748 0 66063 3548
p 2 201 719 0 66071 3638
p 2 196 724 0 63981 3614
p 2 234 686 0 63059 3781
p 2 265 655 0 61694 3885
p 2 252 668 0 61543 3849
p 2 267 653 0 60034 3841
p 2 243 677 0 58178 3783
p 2 240 680 0 59010 3825
p 2 251 669 0 61476 3846
p 2 214 706 0 62160 3730
p 2 229 691 0 59364 3789
p 2 243 677 0 58020 3843
p 2 220 700 0 57516 3723
p 2 227 693 0 58849 3760
p 2 243 677 0 60521 3788
p 2 221 699 0 62125 3721
p 2 214 706 0 59474 3579
p 2 172 748 0 52715 3405
p 2 186 734 0 49391 3358
p 2 172 748 0 47472 3327
p 2 126 794 0 44372 3165
p 2 88 832 0 39092 2970
p 2 93 826 1 37033 2954
p 2 93 827 0 38243 3055
p 2 141 779 0 43203 3260
p 2 174 746 0 57224 3321
p 2 107 813 0 66174 3138
p 2 147 773 0 73832 3238
p 2 118 802 0 76828 3085
p 2 165 755 0 71385 3244
p 2 249 671 0 76755 3572
p 2 170 750 0 79914 3324
p 2 146 774 0 84441 3291
p 2 263 657 0 78462 3598
p 2 116 804 0 71883 3049
p 2 103 817 0 69646 3035
p 2 217 703 0 65976 3381
p 2 67 853 0 57742 2838
p 2 74 846 0 56711 2818
p 2 207 713 0 55886 3313
p 2 53 863 4 49461 2662
p 2 32 885 3 50306 2599
p 2 160 758 2 51334 3052
p 2 43 872 5 44118 2574
p 2 42 874 4 45876 2547
p 2 127 790 3 47326 2889
p 2 36 883 1 42085 2439
p 2 17 899 4 42021 2291
p 2 71 847 2 42276 2569
p 2 23 889 8 37829 2265
p 2 25 894 1 38682 2270
p 2 92 823 5 42049 2632
p 2 45 871 4 39978 2457
p 2 34 873 13 37550 2335
p 2 51 863 6 32594 2392
p 2 15 901 4 29203 2195
p 2 32 880 8 28727 2282
p 2 42 867 11 26030 2264
p 2 38 864 18 25273 2259
p 2 53 826 41 20970 2242
p 2 31 850 39 17567 2161
p 2 27 838 55 15118 2071
p 2 22 869 29 12662 1947
p 2 22 851 47 11041 1917
p 2 25 895 0 11177 2073
p 2 18 805 97 7910 1746
p 2 20 892 8 6824 1822
p 2 14 739 167 4879 1572
p 2 11 888 21 4065 1620
p 2 1 710 209 2594 1298
i 2 920 0 0 26879 3660
p 2 192 728 0 22272 3088
p 2 150 769 1 16009 2773
p 2 44 871 5 12245 2305
p 2 2 914 4 11103 2089
p 2 2 915 3 10691 2011
p 2 7 897 16 10861 1955
p 2 9 900 11 9744 1908
p 2 0 904 16 9045 1790
p 2 0 908 12 9130 1743
p 2 0 906 14 9394 1716
p 2 0 916 4 9829 1782
p 2 0 912 8 10044 1775
p 2 0 916 4 10149 1763
p 2 2 915 3 10470 1785
p 2 0 919 1 10601 1792
p 2 0 917 3 10746 1791
p 2 0 916 4 11076 1811
p 2 0 916 4 11321 1782
p 2 0 916 4 11642 1826
p 2 0 917 3 12183 1835
p 2 0 920 0 13742 1927
p 2 0 919 1 14106 1946
p 2 1 916 3 15019 1984
p 2 1 917 2 16460 2042
p 2 0 919 1 18144 2096
p 2 4 915 1 18727 2117
p 2 1 919 0 19651 2145
p 2 9 910 1 20453 2186
p 2 4 915 1 21998 2188
p 2 4 916 0 23338 2281
p 2 2 918 0 24691 2302
p 2 10 909 1 26317 2362
p 2 11 909 0 27571 2425
p 2 12 908 0 27774 2417
p 2 13 907 0 28629 2479
p 2 18 902 0 28989 2517
p 2 19 901 0 29341 2533
p 2 14 905 1 28430 2505
p 2 16 904 0 29097 2515
p 2 14 906 0 29430 2496
p 2 17 903 0 28395 2495
p 2 24 894 2 29139 2493
p 2 15 905 0 29984 2478
p 2 15 904 1 30070 2445
p 2 17 903 0 28525 2366
p 2 11 909 0 27241 2312
p 2 15 905 0 27223 2304
p 2 17 903 0 26370 2285
p 2 9 911 0 26174 2207
p 2 11 909 0 24622 2122
p 2 11 909 0 26363 2174
p 2 14 906 0 25367 2152
p 2 7 909 4 24051 2019
p 2 26 894 0 24194 2109
p 2 15 897 8 24364 2041
p 2 9 909 2 23282 1970
p 2 9 910 1 23017 1952
p 2 11 906 3 22532 1968
p 2 5 915 0 23028 1936
p 2 9 909 2 22234 1913
p 2 12 908 0 21849 1944
p 2 10 907 3 21469 1880
p 2 22 894 4 21799 1928
p 2 8 912 0 21563 1862
p 2 13 905 2 21353 1888
p 2 8 910 2 21814 1897
p 2 12 906 2 21634 1901
p 2 12 898 10 22106 1874
p 2 5 909 6 21821 1844
p 2 8 897 15 20576 1816
p 2 8 904 8 19724 1765
p 2 8 907 5 20021 1769
p 2 7 910 3 20921 1799
p 2 9 909 2 19868 1767
p 2 8 902 10 18363 1689
p 2 6 908 6 19984 1691
p 2 11 887 22 15436 1582
i 2 920 0 0 39749 4140
p 2 272 648 0 45162 3622
p 2 269 651 0 46149 3561
p 2 225 695 0 45895 3496
p 2 204 716 0 47642 3407
p 2 208 712 0 50211 3405
p 2 159 761 0 51822 3308
p 2 183 737 0 53296 3391
p 2 213 707 0 54409 3471
p 2 184 736 0 53326 3345
p 2 161 759 0 53976 3332
p 2 186 734 0 48993 3224
p 2 155 765 0 44787 3114
p 2 142 777 1 44268 3017
p 2 122 796 2 42339 2971
p 2 178 741 1 43244 3076
p 2 212 707 1 45206 3249
p 2 166 746 8 46044 3080
p 2 153 764 3 47220 3033
p 2 124 796 0 49373 3021
p 2 112 808 0 51988 3066
p 2 130 790 0 55254 3150
p 2 150 770 0 57198 3250
p 2 131 787 2 58390 3175
p 2 114 806 0 58924 3098
p 2 96 823 1 58210 3073
p 2 151 768 1 59229 3222
p 2 136 784 0 58079 3181
p 2 102 818 0 56550 3146
p 2 154 766 0 54098 3261
p 2 220 700 0 56152 3470
p 2 281 639 0 54745 3611
i 2 920 0 0 34840 4360
i 2 920 0 0 6510 2913
p 2 55 287 578 2498 840
p 2 388 332 200 8778 2362
i 2 920 0 0 24276 3920
i 2 920 0 0 36621 4429
p 2 377 543 0 37249 3492
p 2 166 749 5 34262 2971
p 2 80 835 5 31203 2592
p 2 58 858 4 31859 2528
p 2 96 814 10 32468 2625
p 2 48 867 5 29750 2392
p 2 40 868 12 29854 2367
p 2 37 879 4 28725 2289
p 2 41 865 14 29110 2313
p 2 41 876 3 28362 2276
p 2 38 876 6 28465 2246
p 2 47 870 3 27543 2290
p 2 44 869 7 27420 2202
p 2 41 874 5 26957 2211
p 2 31 880 9 26844 2156
p 2 55 854 11 27409 2184
p 2 51 860 9 27400 2223
p 2 54 856 10 27677 2199
p 2 82 823 15 27756 2328
p 2 54 857 9 27902 2281
p 2 55 855 10 28362 2309
p 2 50 865 5 26964 2211
i 2 920 0 0 20426 3964
p 2 5 895 20 7980 1602
p 2 14 884 22 9950 1775
p 2 7 867 46 8698 1609
p 2 13 889 18 9266 1714
p 2 8 875 37 8364 1631
p 2 15 877 28 7980 1645
p 2 11 877 32 8145 1642
p 2 8 886 26 8486 1674
p 2 11 877 32 8875 1681
p 2 42 837 41 10055 1782
p 2 36 849 35 10531 1816
p 2 10 891 19 10127 1735
p 2 13 875 32 10547 1780
p 2 3 892 25 9974 1718
p 2 10 876 34 9970 1712
p 2 1 892 27 9033 1659
p 2 0 891 29 8456 1618
p 2 2 889 29 8301 1623
p 2 3 901 16 8623 1640
p 2 6 879 35 9084 1663
p 2 7 888 25 8594 1623
p 2 6 886 28 8307 1584
p 2 5 897 18 8786 1615
p 2 1 888 31 8790 1622
p 2 7 900 13 8977 1676
p 2 4 884 32 9014 1680
p 2 26 877 17 10189 1787
p 2 11 881 28 10005 1729
p 2 11 890 19 9889 1733
p 2 11 878 31 9736 1710
p 2 7 894 19 9707 1683
p 2 2 890 28 9460 1613
p 2 20 875 25 9859 1702
p 2 5 894 21 9746 1659
p 2 22 898 0 13443 2247
i 2 920 0 0 16428 3660
p 2 125 708 87 12086 2097
p 2 9 713 198 6083 1215
p 2 272 364 284 17228 2253
p 2 373 405 142 23346 2901
p 2 232 617 71 21857 2775
p 2 160 629 131 20754 2514
p 2 78 746 96 22541 2391
p 2 81 785 54 27341 2659
p 2 81 786 53 31057 2777
p 2 64 838 18 33798 2722
p 2 41 853 26 34694 2629
p 2 50 864 6 35768 2659
p 2 50 852 18 37388 2599
p 2 46 854 20 35004 2544
p 2 44 871 5 34757 2528
p 2 46 866 8 33770 2504
p 2 58 850 12 34465 2507
p 2 39 871 10 32593 2384
p 2 37 876 7 32448 2333
p 2 7 897 16 29527 2100
p 2 2 898 20 26991 1809
p 2 1 905 14 25564 1820
p 2 1 894 25 25306 1750
p 2 2 901 17 24943 1745
p 2 11 885 24 25504 1847
p 2 17 882 21 25199 1966
p 2 4 891 25 24751 1812
p 2 1 900 19 22628 1753
p 2 0 895 25 22635 1700
p 2 0 894 26 21877 1632
p 2 2 882 36 23491 1634
p 2 2 891 27 22645 1605
p 2 0 869 51 22930 1565
p 2 0 887 33 22923 1584
p 2 1 873 46 23601 1580
p 2 0 883 37 23549 1585
p 2 0 867 53 24944 1591
p 2 0 882 38 25122 1619
p 2 3 872 45 26800 1726
p 2 5 893 22 28767 1851
p 2 7 883 30 31147 1891
p 2 18 878 24 38137 2099
p 2 19 873 28 40227 2140
p 2 26 878 16 44047 2277
p 2 103 805 12 56766 2803
p 2 91 812 17 53755 2754
p 2 95 805 20 54942 2815
p 2 92 816 12 56958 2909
p 2 89 824 7 58532 2970
p 2 112 808 0 57200 3095
p 2 105 815 0 53749 3079
p 2 67 853 0 49756 2921
p 2 213 706 1 50768 3446
p 2 281 635 4 51679 3662
p 2 363 557 0 56237 4027
p 2 294 626 0 58251 3766
p 2 123 784 13 49137 3091
p 2 83 831 6 47648 2862
p 2 88 826 6 43824 2786
p 2 33 876 11 30024 2187
p 2 43 852 25 29502 2107
p 2 23 881 16 27034 2000
p 2 29 848 43 22892 1828
p 2 11 887 22 20690 1758
p 2 11 849 60 20705 1682
p 2 7 883 30 20052 1691
p 2 2 863 55 20595 1653
p 2 0 892 28 20034 1668
p 2 5 851 64 19408 1630
p 2 3 878 39 18269 1615
p 2 3 834 83 17110 1531
i 2 920 0 0 37780 4565
p 2 158 761 1 27044 2657
p 2 201 719 0 25471 2723
p 2 127 793 0 22822 2539
p 2 66 854 0 20797 2375
p 2 45 875 0 19762 2324
p 2 41 879 0 19782 2299
p 2 9 911 0 16700 2045
p 2 17 903 0 17332 2136
p 2 9 911 0 15464 1874
p 2 14 906 0 16990 2053
p 2 12 908 0 16336 1980
p 2 3 917 0 15416 1885
p 2 16 904 0 15042 1937
p 2 16 904 0 16449 2015
p 2 10 910 0 15529 1934
p 2 3 917 0 14512 1837
p 2 10 910 0 14501 1858
p 2 21 899 0 16354 2066
p 2 6 914 0 14980 1873
p 2 2 918 0 14518 1796
p 2 2 918 0 15526 1846
p 2 2 918 0 15521 1842
p 2 8 912 0 16635 1931
p 2 3 917 0 15601 1859
p 2 4 916 0 14545 1805
p 2 5 914 1 14025 1820
p 2 14 906 0 14061 1849
p 2 7 913 0 14503 1811
p 2 0 920 0 13936 1743
p 2 4 915 1 14286 1782
p 2 0 920 0 13060 1712
p 2 5 915 0 12487 1717
p 2 0 920 0 13296 1709
p 2 1 919 0 13299 1699
p 2 4 916 0 13331 1714
p 2 0 920 0 11801 1631
p 2 7 913 0 13578 1754
p 2 1 918 1 11072 1577
p 2 0 920 0 10773 1598
p 2 0 919 1 9882 1558
p 2 0 915 5 10712 1618
p 2 2 903 15 11714 1605
p 2 12 905 3 13380 1688
p 2 18 886 16 14286 1733
p 2 13 896 11 16229 1778
p 2 17 871 32 18674 1874
p 2 30 889 1 24033 2403
p 2 44 876 0 25131 2507
p 2 42 878 0 26542 2518
p 2 32 887 1 26670 2459
p 2 27 893 0 26616 2437
p 2 30 890 0 28537 2454
p 2 25 895 0 28210 2425
p 2 37 883 0 29773 2468
p 2 54 866 0 35572 2661
p 2 54 866 0 37070 2649
p 2 51 869 0 36795 2571
p 2 37 883 0 34980 2424
p 2 24 896 0 34064 2364
p 2 16 904 0 31999 2241
p 2 28 892 0 30992 2288
p 2 32 888 0 30518 2271
p 2 32 888 0 30195 2258
p 2 42 878 0 30113 2320
p 2 23 897 0 28874 2226
p 2 14 905 1 27673 2016
p 2 16 904 0 28548 2054
p 2 9 910 1 27398 1980
p 2 6 912 2 28434 1890
p 2 8 912 0 28201 1898
p 2 8 909 3 28265 1911
p 2 9 907 4 27433 1878
p 2 8 909 3 29118 1909
p 2 5 913 2 25879 1738
p 2 6 911 3 27467 1755
p 2 4 912 4 26938 1771
p 2 3 913 4 27437 1734
p 2 4 907 9 27892 1747
p 2 8 908 4 28729 1765
p 2 2 905 13 27995 1712
p 2 4 912 4 28306 1704
p 2 0 915 5 28165 1695
p 2 1 916 3 28304 1690
p 2 4 906 10 27713 1686
p 2 1 913 6 28003 1647
p 2 1 899 20 26786 1601
p 2 6 904 10 28314 1623
p 2 25 876 19 31298 1695
p 2 75 837 8 38844 1981
p 2 3 877 40 32927 1631
p 2 11 869 40 36178 1696
p 2 25 863 32 35966 1779
p 2 32 845 43 37028 1805
p 2 44 822 54 37510 1863
p 2 36 852 32 38260 1867
p 2 24 853 43 35813 1782
p 2 35 846 39 37300 1871
p 2 25 856 39 37749 1850
p 2 27 857 36 38043 1899
p 2 32 840 48 38319 1913
p 2 33 873 14 38438 1964
p 2 39 843 38 38564 1962
p 2 36 855 29 39905 1969
p 2 38 862 20 40044 1974
p 2 18 887 15 39882 1893
p 2 21 889 10 40138 1925
p 2 60 845 15 40425 2077
p 2 92 825 3 44428 2347
p 2 158 762 0 47570 2718
p 2 101 819 0 48144 2663
p 2 84 836 0 47624 2595
p 2 59 861 0 44645 2495
p 2 44 876 0 44247 2484
p 2 60 860 0 41950 2476
p 2 39 881 0 40310 2473
p 2 39 881 0 38629 2394
p 2 44 876 0 39002 2507
p 2 68 852 0 39450 2577
p 2 54 866 0 39196 2528
p 2 49 870 1 35346 2470
p 2 45 875 0 35244 2501
p 2 59 861 0 33280 2548
p 2 57 863 0 33570 2592
p 2 69 851 0 32427 2619
p 2 54 866 0 31142 2606
p 2 64 856 0 29583 2553
p 2 54 865 1 27473 2582
p 2 74 846 0 25503 2587
p 2 49 870 1 24126 2540
p 2 47 873 0 21755 2450
p 2 52 868 0 21745 2540
p 2 52 868 0 19493 2479
p 2 45 875 0 18626 2489
p 2 30 890 0 17330 2475
p 2 41 879 0 16305 2529
p 2 39 880 1 14822 2431
p 2 42 877 1 13853 2528
p 2 71 848 1 13414 2637
p 2 48 872 0 11507 2556
p 2 60 856 4 10382 2489
p 2 78 841 1 9067 2562
p 2 36 880 4 7219 2280
p 2 44 873 3 6708 2459
i 2 920 0 0 7311 2992
i 2 920 0 0 11747 3218
i 2 920 0 0 16001 3448
i 2 920 0 0 19962 3656
i 2 920 0 0 23751 3828
i 2 920 0 0 27347 4015
p 2 650 270 0 30934 4015
p 2 43 872 5 23246 2508
p 2 3 917 0 17942 2056
p 2 0 915 5 17293 1909
p 2 4 914 2 16347 1820
p 2 17 895 8 22924 2056
p 2 42 875 3 28012 2371
p 2 49 870 1 30415 2334
p 2 79 829 12 33053 2526
p 2 74 842 4 33895 2647
p 2 64 851 5 30434 2466
p 2 65 845 10 29207 2341
p 2 76 807 37 31211 2419
p 2 89 826 5 34184 2584
p 2 100 798 22 35848 2664
p 2 87 827 6 35480 2608
p 2 86 822 12 35942 2643
p 2 81 831 8 36020 2719
p 2 77 837 6 36824 2712
p 2 60 858 2 36622 2596
p 2 87 832 1 36243 2733
p 2 86 827 7 34765 2651
p 2 79 840 1 34960 2631
p 2 71 843 6 35856 2617
p 2 59 860 1 36394 2663
p 2 65 851 4 37485 2713
p 2 58 860 2 38328 2719
p 2 77 839 4 40447 2824
p 2 88 832 0 40576 2873
p 2 62 855 3 39248 2775
p 2 68 852 0 39471 2813
p 2 55 860 5 41521 2770
p 2 69 845 6 42192 2849
p 2 66 848 6 44042 2856
p 2 80 839 1 43899 2944
p 2 66 850 4 44701 2867
p 2 78 839 3 46209 2941
p 2 81 837 2 47661 2934
p 2 80 840 0 50286 2993
p 2 89 827 4 52737 3040
p 2 88 828 4 51972 3058
p 2 86 832 2 52695 3106
p 2 76 842 2 52982 3012
p 2 72 847 1 52011 2969
p 2 69 851 0 50041 2943
p 2 67 852 1 47495 2885
p 2 75 843 2 50289 2919
p 2 61 859 0 50555 2857
p 2 67 852 1 52976 2927
p 2 77 843 0 52835 2952
p 2 53 863 4 52734 2843
p 2 48 872 0 52783 2820
p 2 68 851 1 54750 2947
p 2 62 858 0 54733 2901
p 2 89 827 4 55493 2986
p 2 91 828 1 58382 3076
p 2 91 829 0 56831 3082
p 2 99 821 0 57006 3081
p 2 96 824 0 54912 3080
p 2 75 845 0 54789 2938
p 2 78 841 1 53939 2923
p 2 86 834 0 54689 2957
p 2 60 857 3 54284 2864
p 2 67 852 1 53506 2892
p 2 100 818 2 52538 3001
p 2 76 844 0 50212 2883
p 2 81 838 1 49522 2938
p 2 92 828 0 50286 2987
p 2 84 836 0 50127 2969
p 2 83 837 0 54361 2960
p 2 78 842 0 57414 2965
p 2 104 815 1 60565 3050
p 2 90 830 0 65091 2962
p 2 113 806 1 68883 3056
p 2 113 806 1 71718 3062
p 2 92 827 1 72423 2936
p 2 79 840 1 71640 2771
p 2 57 861 2 70013 2593
p 2 47 873 0 70742 2488
p 2 42 878 0 70643 2425
p 2 54 866 0 71395 2442
p 2 26 893 1 70910 2357
p 2 29 891 0 72218 2378
p 2 30 890 0 73704 2375
p 2 32 888 0 72753 2399
p 2 17 903 0 72534 2287
p 2 17 902 1 74064 2289
p 2 23 894 3 75261 2319
p 2 29 891 0 76605 2392
p 2 30 890 0 78190 2388
p 2 28 892 0 78006 2355
p 2 29 890 1 78614 2380
p 2 31 889 0 79835 2418
p 2 31 888 1 82022 2426
p 2 25 895 0 81952 2406
p 2 30 890 0 81579 2422
p 2 34 886 0 81394 2433
p 2 32 888 0 84003 2457
p 2 33 887 0 82666 2455
p 2 25 895 0 82854 2459
p 2 23 897 0 84420 2483
p 2 29 891 0 84587 2502
p 2 34 886 0 82557 2529
p 2 40 880 0 84088 2580
p 2 46 874 0 85135 2619
p 2 37 883 0 86497 2547
p 2 43 877 0 86563 2634
p 2 49 871 0 86537 2618
p 2 44 876 0 87012 2632
p 2 69 851 0 88263 2734
p 2 79 841 0 86154 2808
p 2 53 867 0 85834 2668
p 2 66 854 0 83673 2737
p 2 61 858 1 82408 2746
p 2 55 865 0 79284 2702
p 2 50 869 1 77718 2649
p 2 42 878 0 76078 2599
p 2 40 877 3 75491 2576
p 2 29 889 2 74413 2510
p 2 30 888 2 71356 2459
p 2 25 895 0 69451 2435
p 2 28 890 2 68672 2391
p 2 32 887 1 65430 2412
p 2 21 898 1 65819 2409
p 2 32 887 1 65751 2492
p 2 42 875 3 66255 2534
p 2 73 847 0 68589 2698
p 2 75 844 1 70567 2735
p 2 69 851 0 72148 2776
p 2 69 849 2 73808 2790
p 2 59 860 1 74369 2795
p 2 61 859 0 74675 2780
p 2 72 848 0 74648 2832
p 2 73 847 0 76625 2852
p 2 82 837 1 75955 2953
p 2 88 832 0 76225 2939
p 2 80 838 2 75968 2925
p 2 79 841 0 76550 2881
p 2 83 835 2 75946 2852
p 2 76 843 1 75420 2882
p 2 87 832 1 74868 2932
p 2 80 840 0 71223 2820
p 2 64 856 0 69036 2769
p 2 72 846 2 68837 2750
p 2 64 855 1 70209 2719
p 2 65 853 2 71983 2767
p 2 75 840 5 72429 2782
p 2 63 856 1 73002 2759
p 2 54 866 0 72708 2720
p 2 57 862 1 72127 2725
p 2 71 849 0 72285 2797
p 2 62 854 4 73149 2786
p 2 67 853 0 72669 2813
p 2 54 866 0 71565 2666
p 2 52 868 0 71135 2662
p 2 67 851 2 71367 2715
p 2 103 817 0 72176 2900
p 2 63 857 0 70579 2697
p 2 72 848 0 70513 2738
p 2 129 790 1 73455 3044
p 2 107 812 1 73633 3015
p 2 83 837 0 72614 2888
p 2 98 822 0 74775 2964
p 2 119 801 0 78417 3118
p 2 138 782 0 84917 3342
p 2 190 730 0 89481 3607
p 2 222 698 0 90358 3724
p 2 190 730 0 83205 3519
p 2 135 784 1 72916 3205
p 2 108 812 0 69992 3069
p 2 72 848 0 62459 2910
p 2 67 852 1 56861 2852
p 2 43 877 0 52663 2668
p 2 37 883 0 49768 2649
p 2 48 872 0 48730 2603
p 2 33 887 0 46723 2579
p 2 29 891 0 45289 2518
p 2 22 898 0 44285 2442
p 2 29 889 2 42805 2463
p 2 24 896 0 41359 2352
p 2 22 898 0 40569 2328
p 2 34 886 0 44348 2416
p 2 42 878 0 47113 2529
p 2 29 891 0 47346 2499
p 2 39 881 0 48199 2587
p 2 35 885 0 51014 2607
p 2 39 880 1 51812 2681
p 2 84 836 0 56425 2905
i 2 920 0 0 65263 5363
p 2 112 807 1 56638 3030
p 2 81 838 1 50611 2807
p 2 85 834 1 50279 2856
p 2 68 850 2 49279 2804
p 2 69 851 0 49131 2870
p 2 60 858 2 49913 2844
p 2 74 846 0 51128 2909
p 2 54 866 0 51438 2854
p 2 56 864 0 51453 2906
p 2 71 849 0 53001 2983
p 2 65 855 0 54474 2932
p 2 89 831 0 58872 3120
p 2 95 825 0 59635 3183
p 2 112 808 0 57004 3113
p 2 56 862 2 56166 2924
p 2 44 874 2 54471 2801
p 2 40 879 1 54945 2804
p 2 40 879 1 57009 2754
p 2 37 881 2 60232 2814
p 2 44 876 0 63369 2871
p 2 82 838 0 70641 3134
p 2 101 818 1 74075 3211
p 2 112 808 0 69580 3174
p 2 425 495 0 87694 4714
p 2 154 766 0 68502 3409
p 2 131 789 0 62915 3310
p 2 109 811 0 60734 3163
p 2 74 846 0 60551 3085
p 2 65 855 0 61382 3015
p 2 76 844 0 58807 3024
p 2 92 827 1 60652 3090
p 2 108 812 0 65956 3183
p 2 182 738 0 68568 3484
p 2 186 734 0 70153 3559
p 2 257 663 0 84321 4067
p 2 288 632 0 92842 4251
p 2 303 617 0 91721 4209
p 2 310 608 2 87383 4260
p 2 323 596 1 81658 4306
p 2 271 645 4 76455 4040
p 2 230 688 2 71338 3863
p 2 144 764 12 65276 3355
p 2 74 837 9 59687 2892
p 2 70 836 14 59392 2805
p 2 59 855 6 59498 2779
p 2 63 848 9 57411 2736
p 2 78 831 11 54945 2765
p 2 61 843 16 54710 2706
p 2 45 864 11 53353 2578
p 2 48 852 20 52361 2599
p 2 51 842 27 50964 2586
p 2 56 851 13 50584 2643
p 2 46 863 11 47413 2627
p 2 48 860 12 45309 2569
p 2 65 843 12 43880 2685
p 2 69 843 8 41715 2741
p 2 70 840 10 39226 2674
p 2 71 838 11 35612 2688
p 2 64 839 17 32634 2577
p 2 58 853 9 30158 2640
p 2 58 862 0 27489 2561
p 2 60 853 7 24845 2575
p 2 64 823 33 22637 2572
p 2 48 868 4 20391 2527
p 2 64 832 24 18239 2562
p 2 85 819 16 16425 2641
p 2 83 810 27 13884 2632
p 2 99 815 6 11908 2741
p 2 94 812 14 9601 2712
i 2 920 0 0 76714 5659
p 2 112 808 0 58945 3042
p 2 69 851 0 54137 2859
p 2 63 857 0 53740 2818
p 2 57 863 0 53272 2734
p 2 57 862 1 53723 2684
p 2 57 863 0 52338 2680
p 2 43 876 1 54495 2630
p 2 40 880 0 55643 2642
p 2 40 880 0 56547 2636
p 2 30 889 1 55243 2601
p 2 34 885 1 54439 2586
p 2 27 891 2 55586 2553
p 2 26 893 1 56518 2594
p 2 44 876 0 54783 2621
p 2 34 886 0 54871 2567
p 2 26 894 0 57758 2584
p 2 51 869 0 58771 2713
p 2 33 887 0 56838 2607
p 2 32 888 0 54702 2592
p 2 20 899 1 52665 2476
p 2 22 898 0 51882 2509
p 2 27 893 0 49304 2458
p 2 25 894 1 48855 2397
p 2 23 896 1 49260 2403
p 2 19 900 1 50364 2351
p 2 27 893 0 51497 2443
p 2 21 898 1 52619 2432
p 2 14 905 1 52886 2423
p 2 9 910 1 52259 2407
p 2 15 905 0 51586 2403
p 2 18 900 2 51397 2402
p 2 11 909 0 52647 2382
p 2 21 896 3 53217 2405
p 2 20 900 0 54590 2369
p 2 24 896 0 54981 2419
p 2 24 896 0 56217 2411
p 2 19 901 0 57656 2403
p 2 21 899 0 58734 2414
p 2 17 903 0 59095 2390
p 2 16 904 0 58078 2323
p 2 14 906 0 58156 2296
p 2 20 900 0 58012 2306
p 2 14 906 0 58232 2303
p 2 9 911 0 59974 2305
p 2 11 909 0 60994 2303
p 2 10 910 0 60451 2382
p 2 15 905 0 59929 2320
p 2 13 907 0 61001 2357
p 2 9 911 0 62851 2343
p 2 11 909 0 62401 2366
p 2 13 907 0 62611 2385
p 2 9 911 0 62505 2369
p 2 12 908 0 63567 2349
p 2 13 907 0 63049 2402
p 2 9 911 0 62167 2319
p 2 12 908 0 61140 2367
p 2 15 905 0 58448 2328
p 2 17 903 0 58001 2304
p 2 9 911 0 56308 2295
p 2 10 910 0 54953 2276
p 2 7 913 0 55709 2279
p 2 6 914 0 54459 2268
p 2 12 908 0 54337 2276
p 2 15 905 0 54259 2348
p 2 10 910 0 53757 2326
p 2 12 908 0 54048 2335
p 2 17 903 0 52911 2339
p 2 13 907 0 51831 2331
p 2 10 910 0 53799 2327
p 2 13 907 0 53216 2328
p 2 19 901 0 54088 2354
p 2 12 908 0 53643 2350
p 2 17 903 0 53495 2386
p 2 20 900 0 52715 2402
p 2 33 887 0 51885 2469
p 2 16 903 1 51152 2390
p 2 5 915 0 50353 2334
p 2 16 904 0 49428 2407
p 2 20 900 0 49481 2407
p 2 18 902 0 48274 2420
p 2 17 903 0 48938 2423
p 2 15 905 0 47794 2393
p 2 16 904 0 47339 2452
p 2 19 901 0 47584 2445
p 2 22 898 0 47247 2446
p 2 21 899 0 46304 2428
p 2 25 894 1 45563 2421
p 2 16 904 0 43468 2406
p 2 19 898 3 42893 2427
p 2 16 904 0 42092 2455
p 2 14 906 0 41606 2364
p 2 12 908 0 39911 2359
p 2 15 905 0 38918 2362
p 2 10 909 1 38180 2303
p 2 11 909 0 36921 2295
p 2 10 910 0 35778 2256
p 2 5 915 0 35808 2236
p 2 5 914 1 34508 2207
p 2 4 916 0 34326 2186
p 2 9 910 1 34018 2199
p 2 14 905 1 34794 2244
p 2 13 907 0 34474 2279
p 2 14 906 0 35536 2311
p 2 17 901 2 35861 2352
p 2 15 904 1 36760 2412
p 2 23 896 1 37051 2486
p 2 21 899 0 37450 2465
p 2 22 897 1 37432 2512
p 2 23 897 0 38008 2500
p 2 33 887 0 38984 2582
p 2 33 887 0 40395 2592
p 2 20 900 0 41790 2574
p 2 38 882 0 40975 2617
p 2 29 891 0 40699 2601
p 2 30 890 0 40187 2565
p 2 37 882 1 38854 2584
p 2 19 900 1 36968 2456
p 2 29 891 0 35206 2395
p 2 37 883 0 33863 2438
p 2 24 896 0 32190 2372
p 2 22 898 0 32221 2349
p 2 14 906 0 31328 2324
p 2 20 900 0 30961 2277
p 2 27 893 0 31707 2332
p 2 27 892 1 31826 2364
p 2 28 892 0 32791 2403
p 2 34 885 1 32202 2388
p 2 24 896 0 34761 2381
p 2 27 892 1 36713 2438
p 2 32 887 1 37929 2508
p 2 41 878 1 39596 2570
p 2 50 870 0 40435 2656
p 2 41 877 2 40433 2625
p 2 26 894 0 40493 2569
p 2 28 885 7 40281 2498
p 2 23 894 3 39237 2484
p 2 26 893 1 35952 2419
p 2 28 891 1 34459 2436
p 2 16 902 2 37209 2429
p 2 20 900 0 37891 2469
p 2 22 898 0 37079 2489
p 2 25 895 0 37748 2484
p 2 18 901 1 38351 2480
p 2 29 891 0 37309 2534
i 2 920 0 0 58550 5148
p 2 15 905 0 41878 2221
p 2 7 912 1 43586 2202
p 2 11 909 0 43420 2180
p 2 6 914 0 42217 2135
p 2 15 904 1 41286 2176
p 2 11 908 1 41693 2194
p 2 12 908 0 43192 2183
p 2 14 906 0 42344 2184
p 2 10 910 0 42754 2166
p 2 5 914 1 41477 2113
p 2 9 910 1 40711 2144
p 2 2 918 0 40825 2126
p 2 11 909 0 41888 2173
p 2 5 913 2 41233 2142
p 2 6 914 0 42233 2149
p 2 4 914 2 42679 2194
p 2 7 913 0 42848 2166
p 2 8 912 0 41156 2152
p 2 5 915 0 41697 2121
p 2 10 910 0 41155 2165
p 2 7 913 0 40008 2129
p 2 3 917 0 38914 2074
p 2 6 914 0 37932 2052
p 2 9 911 0 37847 2072
p 2 6 914 0 38402 2047
p 2 9 910 1 38074 2065
p 2 5 915 0 38923 2089
p 2 2 917 1 38695 2070
p 2 4 912 4 39321 2089
p 2 2 917 1 39529 2102
p 2 1 917 2 40206 2091
p 2 3 917 0 40584 2073
p 2 3 915 2 41550 2100
p 2 4 914 2 42557 2115
p 2 4 916 0 42443 2106
p 2 1 919 0 41589 2078
p 2 3 917 0 41836 2078
p 2 3 916 1 41856 2074
p 2 4 916 0 41965 2095
p 2 3 916 1 41038 2074
p 2 7 913 0 40291 2069
p 2 9 911 0 40586 2127
p 2 7 913 0 40687 2105
p 2 4 916 0 40490 2113
p 2 6 914 0 40462 2130
p 2 6 912 2 39071 2117
p 2 12 906 2 39495 2139
p 2 9 911 0 39601 2142
p 2 11 906 3 39825 2135
p 2 8 912 0 39202 2122
p 2 5 914 1 38790 2091
p 2 5 915 0 38391 2087
p 2 1 918 1 37806 2041
p 2 5 913 2 37500 2053
p 2 5 915 0 37617 2026
p 2 6 914 0 36993 1998
p 2 8 912 0 35972 1987
p 2 4 915 1 34709 1964
p 2 11 906 3 35175 1972
p 2 1 918 1 36130 1937
p 2 3 917 0 36321 1925
p 2 5 914 1 35987 1951
p 2 2 918 0 37864 1993
i 2 920 0 0 69676 5178
p 2 23 897 0 48250 2230
p 2 22 897 1 50043 2270
p 2 16 903 1 49345 2201
p 2 14 906 0 49536 2238
p 2 9 911 0 50013 2196
p 2 11 909 0 48870 2180
p 2 7 913 0 49974 2153
p 2 7 913 0 50270 2149
p 2 7 913 0 51499 2162
p 2 5 915 0 51498 2159
p 2 14 906 0 52235 2203
p 2 8 912 0 51840 2211
p 2 7 913 0 50879 2175
p 2 8 912 0 51259 2146
p 2 5 915 0 53860 2187
p 2 14 906 0 55609 2275
p 2 10 908 2 55531 2213
p 2 19 901 0 55681 2315
p 2 17 902 1 55431 2263
p 2 23 897 0 54095 2295
p 2 18 902 0 54011 2235
p 2 14 906 0 53189 2202
p 2 5 915 0 52925 2135
p 2 16 904 0 56685 2227
p 2 12 908 0 58038 2266
p 2 24 896 0 57082 2293
p 2 18 902 0 56353 2253
p 2 18 902 0 55276 2252
p 2 21 899 0 53443 2242
p 2 22 898 0 52422 2212
p 2 20 900 0 51368 2202
p 2 18 902 0 52430 2202
p 2 19 901 0 53785 2266
p 2 24 896 0 53350 2313
p 2 23 897 0 54537 2289
i 2 920 0 0 66604 5445
p 2 58 862 0 62670 2873
p 2 58 862 0 59453 2844
p 2 42 878 0 57475 2766
p 2 44 876 0 57004 2768
p 2 47 873 0 59870 2814
p 2 96 824 0 68959 3125
p 2 104 816 0 68068 3196
p 2 96 824 0 64662 3088
p 2 77 843 0 63493 3005
p 2 75 844 1 63082 3063
p 2 75 845 0 62008 3035
p 2 75 845 0 59573 2962
p 2 95 825 0 58670 2996
p 2 82 838 0 57953 2924
p 2 107 813 0 59472 3112
p 2 137 783 0 60862 3203
p 2 104 816 0 63081 3107
p 2 113 807 0 59788 3117
p 2 79 841 0 56629 2987
p 2 69 851 0 52586 2865
p 2 78 842 0 51225 2883
i 2 920 0 0 69932 5451
p 2 264 656 0 86247 4002
p 2 266 654 0 86353 3899
p 2 176 744 0 83071 3532
p 2 81 839 0 77874 3067
p 2 87 832 1 77851 3071
p 2 99 821 0 73675 3088
p 2 69 851 0 66462 2839
p 2 61 859 0 62158 2785
p 2 58 862 0 62455 2806
p 2 49 871 0 64196 2775
p 2 62 858 0 60959 2831
p 2 42 878 0 58505 2704
p 2 102 818 0 63418 3089
p 2 81 839 0 61495 3027
p 2 68 852 0 61046 2943
i 2 920 0 0 53073 5000
p 2 31 887 2 42763 2430
p 2 23 897 0 43687 2438
p 2 36 880 4 43284 2483
p 2 24 895 1 42404 2460
p 2 35 883 2 42742 2518
p 2 26 890 4 42774 2536
p 2 27 892 1 43446 2557
p 2 26 891 3 41803 2508
p 2 18 900 2 41374 2472
p 2 20 897 3 42783 2483
p 2 23 895 2 41537 2505
p 2 19 899 2 42581 2480
p 2 15 905 0 42445 2436
p 2 12 908 0 42412 2432
p 2 21 899 0 41358 2464
p 2 23 895 2 42845 2508
p 2 24 895 1 43347 2462
p 2 24 896 0 43139 2438
p 2 25 895 0 44455 2476
p 2 14 906 0 43441 2452
p 2 18 902 0 42127 2432
p 2 27 893 0 41349 2466
p 2 20 900 0 42041 2431
p 2 30 890 0 43429 2509
p 2 22 898 0 44668 2481
p 2 27 893 0 44553 2490
p 2 35 885 0 46137 2575
p 2 35 880 5 47552 2612
p 2 36 884 0 47912 2628
p 2 34 886 0 47847 2632
p 2 36 884 0 46589 2615
p 2 30 889 1 44951 2523
p 2 38 882 0 44000 2533
p 2 36 884 0 43466 2521
p 2 29 890 1 41270 2467
p 2 13 907 0 40157 2372
p 2 19 898 3 40038 2383
p 2 28 892 0 40521 2406
p 2 19 897 4 41308 2414
p 2 30 890 0 40517 2444
p 2 19 895 6 40305 2397
p 2 17 903 0 41016 2395
p 2 15 904 1 40045 2392
p 2 17 903 0 40499 2434
p 2 24 894 2 41018 2457
p 2 21 899 0 40932 2438
p 2 26 885 9 42786 2469
p 2 26 894 0 43160 2543
p 2 29 887 4 44793 2538
p 2 38 882 0 47441 2625
p 2 49 870 1 48590 2715
p 2 33 887 0 48545 2651
p 2 31 889 0 49737 2640
p 2 39 881 0 50490 2673
p 2 45 874 1 51456 2702
p 2 48 872 0 51318 2665
p 2 48 869 3 50486 2686
p 2 52 868 0 50998 2710
p 2 51 869 0 50547 2687
p 2 43 877 0 47446 2618
p 2 20 900 0 45309 2477
p 2 29 891 0 42492 2459
p 2 11 909 0 41409 2358
p 2 25 895 0 40628 2380
p 2 15 900 5 39361 2294
p 2 10 910 0 37285 2259
p 2 6 911 3 36860 2229
p 2 7 913 0 35147 2201
p 2 5 915 0 34692 2196
p 2 0 920 0 33781 2167
p 2 6 914 0 33187 2201
p 2 12 907 1 33201 2214
p 2 9 908 3 33871 2202
p 2 12 907 1 36580 2267
p 2 23 896 1 37324 2317
p 2 32 886 2 37394 2311
p 2 23 897 0 38957 2336
p 2 23 896 1 39874 2366
p 2 24 894 2 41327 2386
p 2 18 901 1 41526 2421
p 2 18 901 1 41622 2400
p 2 33 887 0 40927 2470
p 2 23 895 2 41228 2378
p 2 30 890 0 41523 2445
p 2 22 898 0 41519 2412
p 2 21 899 0 41317 2414
p 2 16 901 3 41362 2391
p 2 20 899 1 40330 2474
p 2 17 901 2 41198 2419
p 2 30 887 3 40298 2458
p 2 25 894 1 39188 2452
p 2 19 900 1 37616 2395
p 2 21 899 0 36270 2402
p 2 27 892 1 34722 2380
p 2 15 904 1 33496 2289
p 2 11 909 0 31871 2188
p 2 4 913 3 31692 2148
p 2 5 914 1 31819 2117
p 2 9 908 3 33069 2172
p 2 16 903 1 33101 2204
p 2 7 908 5 33722 2229
p 2 11 907 2 33833 2253
p 2 9 908 3 33128 2266
p 2 13 907 0 34708 2323
p 2 13 907 0 35159 2309
p 2 12 908 0 35946 2315
p 2 10 910 0 37240 2338
p 2 15 905 0 38699 2408
p 2 12 908 0 38518 2412
p 2 16 904 0 39677 2423
p 2 21 898 1 39748 2417
p 2 17 903 0 40075 2447
p 2 17 899 4 39348 2402
p 2 19 901 0 39519 2421
p 2 23 897 0 39853 2445
p 2 27 893 0 39021 2438
p 2 22 897 1 38085 2413
p 2 13 906 1 36316 2348
p 2 13 907 0 36885 2325
p 2 20 899 1 34455 2324
p 2 10 907 3 36184 2260
p 2 10 910 0 34971 2228
p 2 17 900 3 35209 2252
p 2 43 876 1 35395 2352
p 2 31 888 1 36458 2336
p 2 23 893 4 37141 2341
p 2 15 903 2 37893 2337
p 2 18 902 0 37820 2411
p 2 11 906 3 39508 2332
i 2 920 0 0 67926 5634
p 2 15 904 1 41537 2115
p 2 12 905 3 41651 2160
p 2 11 907 2 41262 2141
p 2 23 891 6 42596 2229
p 2 17 900 3 42850 2202
p 2 10 905 5 43575 2193
p 2 10 910 0 43361 2150
p 2 20 894 6 43839 2227
p 2 12 888 20 44210 2161
p 2 23 895 2 42950 2224
p 2 21 892 7 43703 2206
p 2 13 893 14 43880 2198
p 2 30 885 5 43801 2275
p 2 21 893 6 45006 2271
p 2 14 900 6 45668 2224
p 2 18 893 9 45122 2240
p 2 12 898 10 46679 2256
p 2 17 895 8 47799 2282
p 2 25 889 6 46904 2326
p 2 22 894 4 45026 2286
p 2 15 898 7 43801 2246
p 2 15 904 1 43089 2236
p 2 14 903 3 43838 2235
p 2 13 901 6 46200 2274
p 2 16 901 3 46612 2287
p 2 23 890 7 47867 2343
p 2 18 896 6 49120 2343
p 2 19 895 6 48384 2337
p 2 20 895 5 46868 2314
p 2 3 907 10 47443 2216
p 2 20 898 2 49511 2276
p 2 11 906 3 49818 2235
p 2 15 903 2 51667 2215
p 2 11 899 10 52265 2242
p 2 16 902 2 53961 2271
p 2 8 912 0 54918 2242
p 2 13 904 3 53705 2231
p 2 13 900 7 54744 2224
p 2 10 898 12 55399 2191
p 2 13 904 3 55622 2224
p 2 7 913 0 54375 2160
p 2 9 909 2 55791 2219
p 2 3 916 1 54917 2206
p 2 2 918 0 54625 2192
p 2 7 913 0 56686 2251
p 2 31 887 2 57174 2382
p 2 27 892 1 57689 2372
p 2 28 892 0 57402 2401
p 2 27 893 0 56868 2373
p 2 15 905 0 56391 2330
p 2 15 905 0 57569 2317
p 2 20 900 0 56615 2387
p 2 15 905 0 57922 2366
p 2 12 908 0 56623 2359
p 2 16 904 0 54823 2368
p 2 18 902 0 52469 2368
p 2 14 906 0 53012 2356
p 2 13 907 0 52931 2361
p 2 22 898 0 54407 2385
p 2 22 898 0 54842 2440
p 2 22 898 0 54897 2425
p 2 28 892 0 52745 2449
p 2 10 910 0 53574 2357
i 2 920 0 0 80770 5822
p 2 157 759 4 76774 3419
p 2 102 817 1 75584 3100
p 2 133 786 1 80977 3332
p 2 149 769 2 76916 3376
p 2 104 816 0 72910 3095
p 2 104 816 0 69665 3112
p 2 99 819 2 68660 3038
p 2 90 829 1 73868 3116
p 2 96 823 1 76899 3184
p 2 107 811 2 81111 3270
p 2 105 812 3 80683 3270
p 2 108 812 0 79494 3239
p 2 124 796 0 80764 3356
p 2 104 816 0 79826 3188
p 2 92 828 0 80320 3181
p 2 94 825 1 77108 3120
p 2 70 850 0 75577 3019
p 2 70 850 0 73670 3007
p 2 58 862 0 72343 2867
p 2 31 889 0 72036 2748
p 2 40 880 0 69808 2751
p 2 38 881 1 69768 2706
p 2 34 886 0 66739 2666
p 2 37 883 0 65839 2641
p 2 36 884 0 65197 2636
p 2 34 886 0 62090 2573
p 2 20 900 0 62323 2514
p 2 24 896 0 62124 2514
p 2 27 893 0 61669 2501
p 2 30 890 0 63862 2565
p 2 19 901 0 64178 2476
p 2 35 884 1 68069 2649
p 2 28 892 0 68679 2601
p 2 32 887 1 67321 2643
p 2 33 887 0 67304 2635
p 2 35 885 0 66411 2623
p 2 41 879 0 65250 2614
p 2 37 883 0 63549 2628
p 2 26 894 0 61821 2541
p 2 19 900 1 57949 2465
p 2 19 901 0 57051 2441
p 2 25 895 0 56142 2477
p 2 26 894 0 56899 2450
p 2 38 882 0 56450 2504
p 2 35 885 0 55330 2500
p 2 36 884 0 55114 2463
p 2 41 879 0 54328 2470
p 2 37 883 0 53521 2408
p 2 35 885 0 54127 2449
p 2 40 879 1 54131 2486
p 2 32 888 0 53689 2477
p 2 23 897 0 53649 2380
p 2 26 891 3 53931 2426
p 2 27 892 1 54471 2418
p 2 21 899 0 54617 2432
p 2 12 906 2 53777 2385
p 2 23 895 2 53581 2439
p 2 31 889 0 54740 2456
p 2 27 893 0 54411 2446
p 2 18 902 0 54826 2372
p 2 19 901 0 53457 2346
p 2 20 900 0 52152 2288
p 2 16 904 0 50853 2241
p 2 8 912 0 49692 2162
p 2 14 906 0 50237 2162
p 2 11 909 0 52608 2156
p 2 16 904 0 54256 2201
p 2 24 896 0 56968 2294
p 2 28 892 0 57164 2307
i 2 920 0 0 82527 5767
p 2 68 852 0 70643 2806
p 2 41 878 1 68097 2670
p 2 66 853 1 65619 2792
p 2 59 860 1 64558 2733
p 2 59 859 2 62985 2712
p 2 43 877 0 61908 2604
p 2 25 894 1 62261 2529
p 2 36 884 0 60583 2556
p 2 20 900 0 60202 2433
p 2 20 900 0 58377 2414
p 2 28 892 0 57985 2446
p 2 30 890 0 56198 2443
p 2 23 897 0 53696 2346
p 2 14 905 1 52813 2326
p 2 13 907 0 51780 2292
p 2 11 909 0 50244 2267
p 2 9 911 0 49991 2225
p 2 8 912 0 49614 2206
p 2 20 900 0 50481 2246
p 2 19 900 1 49060 2272
p 2 11 909 0 48572 2244
p 2 7 913 0 46551 2225
p 2 6 914 0 45858 2190
i 2 920 0 0 64667 5249
p 2 12 908 0 41176 2148
p 2 15 905 0 44107 2235
p 2 12 908 0 43746 2222
p 2 2 918 0 43349 2168
p 2 11 909 0 44061 2217
p 2 12 908 0 46156 2225
p 2 6 913 1 46599 2224
p 2 8 912 0 46762 2222
p 2 20 900 0 48524 2310
p 2 29 891 0 49201 2363
p 2 18 902 0 49395 2307
p 2 20 900 0 49995 2296
p 2 17 903 0 50789 2295
p 2 20 900 0 49373 2275
p 2 27 893 0 49617 2300
p 2 16 904 0 49725 2254
p 2 16 904 0 51167 2276
p 2 16 904 0 50796 2288
p 2 22 898 0 52141 2302
p 2 12 908 0 51380 2280
p 2 14 906 0 51451 2283
p 2 15 905 0 51074 2301
p 2 20 900 0 53069 2354
p 2 26 894 0 52902 2412
p 2 24 896 0 53452 2384
p 2 22 898 0 54431 2408
p 2 15 905 0 54654 2368
p 2 18 902 0 54658 2330
p 2 25 895 0 54363 2377
p 2 13 907 0 53548 2320
p 2 19 901 0 53303 2324
p 2 10 910 0 51960 2267
p 2 9 911 0 52753 2246
p 2 13 907 0 51586 2250
p 2 24 896 0 52041 2302
p 2 19 901 0 53055 2250
p 2 13 907 0 52573 2225
p 2 18 902 0 51692 2241
p 2 16 904 0 51201 2244
p 2 22 898 0 50317 2251
p 2 13 907 0 51501 2233
p 2 12 908 0 47937 2185
p 2 13 907 0 46982 2189
i 2 920 0 0 33079 4279
p 2 5 912 3 18881 1892
p 2 6 912 2 20931 1880
p 2 6 912 2 22146 1990
p 2 9 908 3 23637 2021
p 2 13 905 2 24803 2034
p 2 12 905 3 26347 2047
p 2 26 893 1 27480 2126
p 2 14 902 4 28299 2085
p 2 9 910 1 29652 2088
p 2 9 910 1 30352 2083
p 2 10 910 0 31210 2107
p 2 13 906 1 30724 2136
p 2 11 908 1 30878 2127
p 2 8 911 1 30251 2152
p 2 11 908 1 31213 2152
p 2 15 905 0 29709 2185
p 2 9 911 0 29961 2145
p 2 10 909 1 29868 2132
p 2 19 899 2 30977 2168
p 2 12 908 0 30784 2162
p 2 9 911 0 30648 2150
p 2 12 907 1 29959 2192
p 2 9 911 0 30287 2192
p 2 7 913 0 30153 2196
p 2 5 915 0 30311 2192
p 2 6 914 0 30081 2216
p 2 6 914 0 30959 2220
p 2 11 909 0 32095 2313
p 2 15 905 0 32668 2289
p 2 12 908 0 32613 2276
p 2 8 912 0 32601 2223
p 2 6 914 0 31598 2217
p 2 6 914 0 31514 2210
p 2 5 915 0 30908 2154
p 2 7 913 0 30874 2163
p 2 15 905 0 31565 2201
p 2 10 908 2 32377 2185
p 2 8 912 0 32530 2206
p 2 13 907 0 33671 2246
p 2 11 909 0 34204 2256
p 2 12 908 0 35006 2291
p 2 10 910 0 35535 2289
p 2 10 910 0 36984 2299
p 2 15 905 0 36103 2299
p 2 10 910 0 37478 2281
p 2 5 915 0 38059 2251
p 2 5 915 0 39109 2273
p 2 4 916 0 37984 2252
p 2 8 912 0 38346 2269
p 2 6 914 0 38194 2267
p 2 8 912 0 37622 2239
p 2 10 910 0 37622 2231
p 2 10 910 0 37412 2255
p 2 8 912 0 37069 2195
p 2 10 909 1 37778 2241
p 2 12 908 0 38279 2224
p 2 16 904 0 38137 2263
p 2 9 910 1 36743 2203
p 2 17 902 1 39879 2339
p 2 17 903 0 39576 2360
p 2 13 907 0 39396 2339
p 2 15 905 0 39712 2336
p 2 9 911 0 41971 2335
p 2 10 910 0 43841 2363
p 2 12 908 0 44990 2383
p 2 12 908 0 44448 2343
p 2 6 914 0 44299 2333
i 2 920 0 0 56753 5260
p 2 127 792 1 55838 3259
p 2 80 840 0 52555 2928
p 2 63 857 0 53025 2805
p 2 90 830 0 56263 2954
p 2 89 830 1 55914 2987
p 2 76 843 1 50358 2862
p 2 63 857 0 48812 2798
p 2 117 802 1 50208 3118
p 2 118 802 0 49830 3170
p 2 92 828 0 49398 3014
p 2 106 813 1 52170 3026
p 2 166 754 0 55036 3292
p 2 145 775 0 59266 3242
p 2 110 810 0 60137 3107
p 2 76 842 2 55137 2880
p 2 114 806 0 57595 3085
p 2 177 743 0 59925 3469
p 2 151 768 1 57554 3346
p 2 120 799 1 52925 3151
p 2 87 831 2 50170 2964
p 2 107 813 0 56159 3097
p 2 83 837 0 54874 2923
p 2 55 858 7 49517 2710
p 2 40 878 2 41918 2519
p 2 122 792 6 53800 3101
p 2 101 819 0 52220 3054
p 2 79 838 3 51562 2958
p 2 103 815 2 54872 3031
p 2 136 783 1 60606 3147
p 2 173 745 2 67521 3442
p 2 130 790 0 65358 3228
p 2 110 809 1 63411 3091
p 2 160 760 0 69051 3436
p 2 148 772 0 69356 3341
p 2 125 795 0 67690 3289
p 2 122 798 0 64746 3248
p 2 95 825 0 63291 3064
p 2 120 800 0 63054 3193
p 2 110 810 0 60526 3106
p 2 115 805 0 62922 3203
p 2 114 806 0 59932 3146
p 2 113 807 0 55383 3003
p 2 96 824 0 50773 2872
p 2 67 851 2 45992 2727
p 2 69 850 1 43331 2672
p 2 71 846 3 44028 2685
p 2 82 838 0 44853 2826
p 2 100 820 0 52123 2989
p 2 90 830 0 53051 2934
p 2 71 849 0 51177 2862
p 2 46 873 1 46277 2638
p 2 44 876 0 44176 2618
p 2 46 874 0 47697 2695
p 2 35 885 0 48590 2650
p 2 50 870 0 47482 2677
p 2 49 870 1 45260 2694
p 2 39 881 0 48738 2685
p 2 59 861 0 52294 2842
p 2 53 867 0 54681 2796
p 2 63 857 0 56848 2818
p 2 62 857 1 58304 2857
p 2 71 849 0 58723 2883
p 2 77 843 0 60287 2946
p 2 57 863 0 60135 2917
p 2 35 885 0 57841 2832
i 2 920 0 0 64299 5294
p 2 24 884 12 43940 2233
p 2 21 896 3 46137 2312
p 2 17 881 22 43520 2255
p 2 17 899 4 42656 2288
p 2 18 888 14 40940 2262
p 2 24 893 3 40648 2303
p 2 10 898 12 40062 2216
p 2 17 899 4 39894 2255
p 2 17 894 9 41035 2281
p 2 18 898 4 42872 2348
p 2 15 894 11 43353 2335
p 2 27 890 3 44098 2374
p 2 23 885 12 45120 2351
p 2 30 886 4 45266 2399
p 2 20 899 1 44890 2346
p 2 26 894 0 43080 2376
p 2 22 896 2 42851 2358
p 2 20 897 3 42739 2349
p 2 24 895 1 45319 2426
p 2 25 895 0 48030 2458
p 2 31 887 2 50667 2503
p 2 28 888 4 52181 2460
p 2 30 890 0 52073 2456
p 2 26 891 3 53110 2413
p 2 22 896 2 55544 2417
p 2 28 891 1 56130 2448
p 2 22 898 0 58449 2385
p 2 28 892 0 60320 2431
p 2 27 893 0 61128 2438
p 2 27 892 1 62575 2424
p 2 34 886 0 61510 2461
p 2 18 902 0 60273 2354
p 2 15 905 0 60178 2336
p 2 17 902 1 59389 2344
p 2 15 905 0 58672 2350
p 2 12 908 0 58559 2349
p 2 25 894 1 56911 2380
p 2 13 907 0 56910 2313
p 2 9 910 1 55358 2267
p 2 6 914 0 54064 2199
p 2 5 914 1 53255 2185
p 2 9 911 0 52392 2217
p 2 9 911 0 51354 2193
p 2 7 913 0 49880 2180
p 2 10 910 0 48262 2181
p 2 13 907 0 47835 2205
p 2 13 907 0 49296 2195
p 2 9 911 0 49249 2230
p 2 9 911 0 48084 2200
p 2 5 914 1 46746 2225
p 2 8 912 0 47594 2226
p 2 4 916 0 47456 2241
p 2 7 913 0 47398 2269
p 2 9 911 0 46907 2259
p 2 11 909 0 47549 2307
p 2 9 911 0 47301 2297
p 2 12 908 0 47873 2286
p 2 7 913 0 47589 2275
p 2 10 910 0 48219 2282
p 2 8 912 0 47274 2286
p 2 6 913 1 46712 2228
p 2 6 914 0 44606 2201
p 2 8 912 0 44584 2186
p 2 9 910 1 44199 2188
p 2 8 912 0 44503 2197
p 2 7 913 0 44494 2200
p 2 4 916 0 44962 2202
p 2 4 916 0 43607 2182
p 2 7 913 0 44349 2197
i 2 920 0 0 79707 5792
p 2 131 789 0 70544 3193
p 2 81 839 0 69710 3038
p 2 70 850 0 69300 2988
p 2 65 855 0 69291 2912
p 2 62 858 0 67713 2864
p 2 50 870 0 66805 2766
p 2 49 871 0 67293 2750
p 2 66 854 0 68349 2841
p 2 57 863 0 68528 2766
p 2 49 871 0 66466 2748
p 2 45 875 0 64680 2662
p 2 43 877 0 65102 2697
p 2 44 876 0 64359 2624
p 2 39 881 0 65274 2616
p 2 40 880 0 63922 2655
p 2 50 870 0 64033 2700
p 2 56 864 0 64726 2699
p 2 50 870 0 64863 2688
p 2 66 854 0 64327 2735
p 2 52 868 0 62296 2700
p 2 42 878 0 62041 2657
p 2 34 886 0 59855 2622
p 2 32 888 0 58065 2535
p 2 22 898 0 56620 2476
p 2 20 900 0 54920 2416
p 2 20 900 0 51347 2369
p 2 27 893 0 50038 2398
p 2 23 897 0 47946 2378
p 2 21 899 0 48070 2313
p 2 27 893 0 47267 2332
p 2 23 897 0 46765 2300
p 2 34 886 0 46193 2336
p 2 35 885 0 46998 2332
p 2 26 894 0 47637 2301
p 2 27 893 0 48275 2307
p 2 29 891 0 49338 2347
p 2 20 900 0 51275 2340
p 2 37 883 0 50866 2431
p 2 32 887 1 52147 2455
p 2 37 882 1 52354 2457
p 2 31 889 0 52571 2404
p 2 20 900 0 51351 2341
p 2 21 898 1 51511 2354
p 2 18 898 4 49571 2291
p 2 16 904 0 49456 2279
p 2 10 910 0 47236 2184
p 2 8 912 0 46607 2169
p 2 10 910 0 45300 2151
p 2 1 919 0 45657 2096
p 2 3 917 0 44601 2127
p 2 2 918 0 45424 2108
p 2 7 913 0 44892 2147
p 2 10 910 0 45825 2161
p 2 12 908 0 46166 2155
p 2 15 905 0 47104 2167
p 2 17 903 0 47296 2141
p 2 11 909 0 47794 2148
p 2 8 912 0 47656 2128
p 2 10 910 0 47113 2161
p 2 20 900 0 46838 2216
p 2 12 908 0 47598 2185
p 2 18 902 0 47279 2236
p 2 9 911 0 45773 2208
p 2 9 911 0 43423 2208
p 2 8 912 0 43215 2183
p 2 4 916 0 42964 2175
p 2 6 914 0 43144 2189
p 2 6 914 0 41440 2131
p 2 6 914 0 41894 2134
p 2 13 907 0 41794 2151
p 2 11 909 0 43167 2176
p 2 6 914 0 43563 2149
p 2 7 913 0 45232 2187
p 2 7 913 0 44600 2178
p 2 4 916 0 45411 2176
p 2 4 916 0 45551 2138
p 2 6 914 0 44853 2136
p 2 5 915 0 42724 2105
p 2 7 913 0 41974 2099
p 2 4 916 0 39725 2039
p 2 2 918 0 39431 2006
p 2 1 918 1 37628 1976
p 2 1 917 2 37626 1951
p 2 3 917 0 36055 1948
p 2 2 917 1 37151 1951
p 2 2 918 0 35856 1938
p 2 1 919 0 36225 1940
p 2 2 917 1 35794 1936
p 2 7 912 1 37179 2000
p 2 6 914 0 38412 2010
p 2 8 910 2 40300 2055
p 2 11 909 0 40438 2115
p 2 12 908 0 42504 2146
p 2 7 912 1 42063 2129
p 2 15 905 0 43049 2157
p 2 19 901 0 42515 2180
p 2 12 908 0 43658 2165
p 2 9 911 0 42794 2146
p 2 14 906 0 42472 2160
p 2 13 907 0 41820 2181
p 2 11 909 0 41689 2147
p 2 14 905 1 41031 2188
p 2 15 905 0 40788 2190
p 2 8 912 0 40827 2220
p 2 12 908 0 40768 2193
p 2 9 911 0 39990 2191
p 2 7 913 0 40720 2168
p 2 5 914 1 40674 2191
p 2 9 911 0 40580 2172
p 2 6 914 0 39734 2158
p 2 6 914 0 38492 2147
p 2 2 917 1 39141 2122
p 2 2 917 1 38190 2125
p 2 5 915 0 38212 2115
p 2 8 911 1 38037 2108
p 2 4 915 1 38649 2117
p 2 10 910 0 37332 2147
p 2 4 916 0 37696 2111
p 2 12 907 1 36929 2142
p 2 13 906 1 38205 2154
i 2 920 0 0 43427 4731
p 2 0 910 10 14640 1503
p 2 0 911 9 15967 1513
p 2 1 911 8 15943 1547
p 2 6 909 5 16323 1554
p 2 5 906 9 16120 1558
p 2 2 911 7 15965 1533
p 2 2 915 3 16026 1518
p 2 1 915 4 16908 1522
p 2 1 898 21 16603 1549
p 2 1 912 7 17115 1551
p 2 0 916 4 16974 1519
p 2 0 916 4 17004 1509
p 2 2 911 7 17012 1547
p 2 0 913 7 16757 1519
p 2 0 917 3 17189 1521
p 2 0 913 7 16835 1537
p 2 0 916 4 16794 1565
p 2 2 911 7 16942 1559
p 2 2 915 3 16580 1546
p 2 2 915 3 16156 1522
p 2 1 912 7 16221 1504
p 2 1 916 3 16043 1519
p 2 1 918 1 16613 1530
p 2 1 913 6 16027 1493
p 2 0 917 3 16264 1516
p 2 0 918 2 15681 1477
p 2 0 917 3 16195 1501
p 2 0 909 11 15528 1499
p 2 0 918 2 16043 1529
p 2 1 917 2 15405 1518
p 2 1 913 6 15752 1512
p 2 0 908 12 14815 1491
p 2 0 917 3 15234 1499
p 2 0 919 1 14209 1484
p 2 1 917 2 14395 1486
p 2 1 917 2 14033 1514
p 2 0 919 1 13398 1488
p 2 3 914 3 13095 1528
p 2 0 920 0 12625 1478
p 2 1 913 6 11861 1497
p 2 0 917 3 11681 1444
p 2 4 913 3 12367 1467
p 2 2 912 6 12579 1471
p 2 0 915 5 13436 1466
p 2 1 918 1 13348 1464
p 2 0 917 3 13860 1481
p 2 1 916 3 13397 1465
p 2 6 904 10 14172 1481
p 2 0 919 1 14398 1486
p 2 0 918 2 14411 1475
p 2 2 918 0 14934 1526
p 2 0 908 12 14514 1504
p 2 1 913 6 14838 1528
p 2 1 919 0 13940 1520
p 2 5 915 0 14117 1571
p 2 3 905 12 13420 1547
p 2 2 911 7 13635 1542
p 2 1 916 3 13401 1509
p 2 2 915 3 13825 1564
p 2 0 918 2 13296 1554
p 2 0 911 9 13130 1530
p 2 0 907 13 12785 1507
p 2 1 916 3 12814 1520
p 2 0 917 3 12579 1495
p 2 1 915 4 12376 1504
p 2 0 918 2 11644 1497
p 2 0 909 11 10857 1479
p 2 0 911 9 10389 1465
p 2 2 914 4 10690 1485
p 2 2 914 4 11616 1497
p 2 0 917 3 13075 1489
p 2 0 911 9 12703 1489
p 2 1 910 9 13239 1523
p 2 1 916 3 13236 1512
p 2 2 909 9 13860 1510
p 2 0 915 5 13547 1495
p 2 2 913 5 13660 1544
p 2 2 911 7 13107 1506
p 2 2 910 8 13272 1493
p 2 2 912 6 13560 1503
p 2 3 912 5 13527 1507
p 2 3 914 3 12485 1478
p 2 1 916 3 12088 1445
p 2 0 917 3 11658 1410
p 2 0 912 8 11440 1371
p 2 0 915 5 10672 1368
p 2 1 909 10 10222 1367
p 2 0 917 3 10528 1364
p 2 0 912 8 11768 1400
p 2 0 917 3 11774 1432
p 2 0 911 9 11919 1437
p 2 0 918 2 11699 1448
p 2 1 910 9 12094 1450
p 2 2 914 4 11578 1458
p 2 1 910 9 11203 1449
p 2 0 914 6 11434 1450
p 2 0 915 5 11901 1451
p 2 0 916 4 10872 1443
p 2 0 916 4 10912 1441
p 2 0 913 7 10016 1423
p 2 2 915 3 9289 1437
p 2 3 909 8 8808 1425
p 2 1 911 8 9335 1433
p 2 3 900 17 9926 1431
p 2 0 907 13 9928 1384
p 2 4 893 23 9045 1369
p 2 4 891 25 9376 1334
p 2 1 882 37 9138 1321
p 2 0 891 29 9827 1305
p 2 0 816 104 8949 1211
p 2 0 842 78 9265 1292
p 2 1 738 181 7166 1113
p 2 0 726 194 6752 1087
p 2 0 569 351 5797 898
p 2 0 521 399 5669 865
p 2 0 521 399 5551 854
p 2 0 538 382 5881 894
p 2 0 577 343 5896 931
p 2 0 512 408 5970 908
p 2 1 525 394 6017 875
p 2 0 584 336 6437 954
p 2 0 508 412 6175 882
p 2 0 503 417 6116 871
p 2 0 528 392 6359 901
p 2 0 516 404 6356 901
p 2 0 528 392 6286 913
p 2 0 461 459 6234 862
p 2 0 503 417 6470 907
p 2 0 497 423 6711 917
p 2 0 481 439 6330 878
p 2 0 429 491 6221 819
p 2 0 467 453 6300 866
p 2 3 462 455 6384 868
p 2 1 489 430 6352 888
p 2 0 432 488 6266 819
p 2 0 469 451 6454 856
p 2 0 474 446 6906 862
p 2 1 502 417 6720 898
p 2 1 463 456 6892 870
p 2 1 496 423 6708 903
p 2 0 496 424 7086 905
p 2 0 515 405 6531 875
p 2 0 480 440 6781 852
p 2 0 519 401 6904 916
p 2 0 536 384 7283 941
p 2 0 527 393 6943 951
p 2 1 473 446 6933 885
p 2 0 519 401 7156 944
p 2 0 496 424 7363 889
p 2 0 517 403 7236 919
p 2 0 469 451 7084 868
p 2 0 522 398 7025 919
p 2 0 517 403 7063 926
p 2 0 550 370 6573 944
p 2 0 481 439 6788 892
p 2 1 547 372 6944 974
p 2 4 523 393 7187 958
p 2 1 548 371 6523 956
p 2 2 470 448 6501 887
p 2 0 529 391 6460 933
p 2 0 524 396 6692 916
p 2 0 552 368 6708 969
p 2 0 468 452 6872 896
p 2 1 541 378 6897 987
p 2 1 534 385 7175 997
p 2 1 577 342 7240 1050
p 2 0 497 423 6831 950
p 2 2 538 380 6437 969
p 2 2 524 394 6034 910
p 2 2 529 389 5758 904
p 2 1 443 476 5292 780
p 2 1 512 407 5300 846
p 2 0 447 473 5228 776
p 2 0 502 418 5167 826
p 2 0 407 513 5233 737
p 2 1 485 434 5245 832
p 2 0 469 451 5723 825
p 2 0 510 410 5537 843
p 2 0 437 483 5772 802
p 2 0 484 436 5648 837
p 2 0 455 465 6013 813
p 2 0 487 433 6000 852
p 2 1 447 472 6376 848
p 2 1 472 447 6287 838
p 2 0 483 437 6697 863
p 2 0 524 396 6474 898
p 2 0 436 484 6545 812
p 2 0 508 412 6644 885
p 2 0 483 437 6776 883
p 2 0 492 428 6900 902
p 2 0 452 468 7001 873
p 2 1 527 392 7251 966
p 2 2 534 384 7608 977
p 2 1 495 424 7171 937
p 2 0 454 466 6713 851
p 2 0 478 442 6937 891
p 2 3 484 433 6925 911
p 2 2 498 420 6895 930
p 2 0 445 475 6752 854
p 2 1 470 449 6676 888
p 2 1 495 424 7079 925
p 2 1 501 418 6733 918
p 2 0 480 440 6777 891
p 2 2 499 419 6465 913
p 2 0 475 445 6849 887
p 2 0 512 408 6457 884
p 2 0 481 439 6642 855
p 2 0 487 433 6699 882
p 2 0 498 422 6987 908
p 2 0 511 409 6670 930
p 2 1 461 458 6706 873
p 2 0 489 431 6912 914
p 2 0 493 427 7162 890
p 2 0 520 400 7025 914
p 2 0 486 434 6959 880
p 2 0 521 399 6893 913
p 2 1 520 399 6939 917
p 2 0 520 400 6459 908
p 2 0 493 427 6796 895
p 2 1 519 400 6976 947
p 2 2 523 395 7046 944
p 2 2 538 380 6501 946
p 2 2 473 445 6497 883
p 2 0 537 383 6607 934
p 2 0 527 393 6737 920
p 2 0 545 375 6722 961
p 2 0 496 424 6856 928
p 2 1 524 395 7054 978
p 2 1 544 375 7213 1014
p 2 2 572 346 7107 1061
p 2 1 510 409 6603 964
p 2 1 530 389 6232 961
p 2 1 516 403 5971 908
p 2 3 545 372 5763 930
p 2 1 500 419 5481 848
p 2 1 514 405 5341 864
p 2 0 480 440 5316 805
p 2 0 489 431 5032 810
p 2 0 464 456 5424 803
p 2 0 495 425 5359 835
p 2 0 464 456 5657 817
p 2 0 486 434 5547 834
p 2 0 503 417 5883 867
p 2 0 486 434 5847 834
p 2 0 484 436 6175 867
p 2 0 489 431 6138 866
p 2 1 486 433 6437 892
p 2 1 494 425 6343 860
p 2 1 495 424 6626 872
p 2 0 705 215 7486 1128
p 2 0 477 443 6560 868
i 2 920 0 0 60473 4503
p 2 0 895 25 10265 1361
p 2 1 905 14 14471 1412
p 2 0 893 27 18806 1474
p 2 0 910 10 18666 1484
p 2 0 881 39 19768 1531
p 2 0 899 21 19224 1527
p 2 1 892 27 19631 1526
p 2 3 903 14 19838 1547
p 2 0 886 34 19913 1535
p 2 1 908 11 20412 1542
p 2 0 889 31 21517 1530
p 2 0 907 13 21519 1551
p 2 0 906 14 22201 1561
p 2 0 912 8 21645 1571
p 2 1 899 20 21349 1552
p 2 1 911 8 21210 1551
p 2 0 899 21 21316 1565
p 2 0 913 7 21531 1574
p 2 0 901 19 21719 1555
p 2 0 912 8 22469 1582
p 2 2 902 16 23442 1605
p 2 4 912 4 23441 1611
p 2 2 899 19 23223 1588
p 2 1 913 6 23240 1597
p 2 2 900 18 23998 1602
p 2 4 912 4 23731 1598
p 2 0 898 22 23760 1551
p 2 0 913 7 23144 1582
p 2 0 898 22 23021 1558
p 2 1 910 9 22351 1566
p 2 1 912 7 22657 1570
p 2 1 912 7 22607 1588
p 2 1 907 12 23299 1603
p 2 2 914 4 23452 1593
p 2 1 900 19 23096 1578
p 2 0 911 9 22861 1576
p 2 0 894 26 22759 1566
p 2 0 914 6 22422 1575
p 2 0 900 20 22750 1562
p 2 0 908 12 22950 1596
p 2 0 907 13 22484 1580
p 2 1 913 6 22941 1572
p 2 0 904 16 23222 1582
p 2 0 913 7 22725 1589
p 2 3 899 18 22182 1584
p 2 0 913 7 22751 1581
p 2 0 901 19 22114 1573
p 2 5 906 9 21595 1588
p 2 0 911 9 21820 1588
p 2 2 905 13 21737 1585
p 2 7 896 17 21817 1612
p 2 8 904 8 21246 1620
p 2 3 909 8 20827 1587
p 2 0 912 8 20764 1575
p 2 2 913 5 21175 1627
p 2 3 915 2 21621 1630
p 2 26 887 7 22110 1651
p 2 0 917 3 21854 1567
p 2 0 913 7 21811 1565
p 2 2 915 3 21926 1556
p 2 1 911 8 21809 1549
p 2 1 917 2 21349 1546
p 2 0 912 8 21908 1542
p 2 1 915 4 20692 1536
p 2 0 911 9 20623 1539
p 2 0 912 8 19361 1520
p 2 0 916 4 19223 1528
p 2 1 917 2 17871 1507
p 2 1 913 6 17966 1504
p 2 1 917 2 16909 1476
p 2 1 911 8 16021 1454
p 2 3 912 5 15280 1467
p 2 2 911 7 14603 1457
p 2 0 913 7 13595 1440
p 2 1 908 11 12486 1434
p 2 0 909 11 11980 1419
p 2 1 906 13 11352 1413
p 2 3 909 8 10187 1404
p 2 0 914 6 9844 1369
p 2 0 912 8 10070 1387
p 2 1 911 8 10356 1389
p 2 0 914 6 12195 1397
p 2 0 913 7 12836 1416
p 2 0 917 3 13848 1422
p 2 0 912 8 15273 1388
p 2 1 912 7 16958 1435
p 2 0 909 11 17857 1440
p 2 2 909 9 18399 1460
p 2 0 905 15 18552 1473
p 2 0 912 8 19111 1509
p 2 1 908 11 18737 1505
p 2 1 911 8 19186 1529
p 2 0 907 13 19746 1528
p 2 0 910 10 20334 1544
p 2 1 909 10 20833 1552
p 2 1 910 9 20857 1554
p 2 0 910 10 21084 1508
p 2 1 909 10 21441 1538
p 2 1 905 14 21294 1521
p 2 0 914 6 21109 1514
p 2 1 903 16 21416 1537
p 2 1 904 15 21312 1540
p 2 0 907 13 21135 1553
p 2 1 908 11 20751 1574
p 2 3 906 11 20173 1559
p 2 1 907 12 20439 1540
p 2 0 910 10 20504 1537
p 2 1 898 21 20741 1513
p 2 0 903 17 21062 1527
p 2 0 896 24 21028 1526
p 2 2 874 44 19167 1507
p 2 0 878 42 18943 1490
p 2 1 874 45 16681 1443
p 2 0 870 50 17482 1427
p 2 0 846 74 14672 1327
p 2 0 853 67 15186 1333
p 2 0 828 92 10814 1233
p 2 1 815 104 11324 1231
i 2 920 0 0 47930 4311
p 2 2 409 509 2709 666
p 2 16 663 241 23653 1388
p 2 0 504 416 3715 783
p 2 10 623 287 23941 1396
p 2 0 516 404 3833 825
p 2 10 644 266 24686 1406
p 2 0 516 404 3734 820
p 2 6 636 278 25444 1412
p 2 1 532 387 3613 852
p 2 0 505 415 3531 758
p 2 1 439 480 3422 680
p 2 1 462 457 3894 713
p 2 0 431 489 3692 689
p 2 3 465 452 3304 730
p 2 0 398 522 3123 650
p 2 3 426 491 2550 662
p 2 1 322 597 2523 559
p 2 4 564 352 18441 1094
p 2 1 495 424 3103 776
p 2 0 495 425 2625 729
p 2 3 523 394 17636 1059
p 2 0 519 401 2854 803
p 2 0 394 526 2390 640
p 2 4 588 328 17581 1130
p 2 1 510 409 3289 797
p 2 3 492 425 3274 771
p 2 4 554 362 17404 1090
p 2 0 593 327 3665 868
p 2 0 450 470 3287 726
p 2 2 544 374 4769 835
p 2 0 463 457 3221 718
p 2 1 511 408 3249 772
p 2 0 437 483 3173 712
p 2 10 711 199 24922 1462
p 2 2 585 333 4200 921
p 2 19 688 213 25353 1524
p 2 2 578 340 4136 921
p 2 18 713 189 26851 1520
p 2 0 612 308 4321 954
p 2 11 710 199 23963 1376
p 2 4 569 347 4020 900
p 2 14 663 243 23363 1327
p 2 0 548 372 3422 823
p 2 0 520 400 2922 746
p 2 0 390 530 2746 622
p 2 0 489 431 2537 710
p 2 0 372 548 2371 601
p 2 4 452 464 3198 711
p 2 2 408 510 3164 681
p 2 4 475 441 3500 749
p 2 2 399 519 2864 658
p 2 1 438 481 2986 681
p 2 0 360 560 2691 609
p 2 0 431 489 3239 679
p 2 1 371 548 2935 642
p 2 2 449 469 3582 717
p 2 2 379 539 3039 663
p 2 1 452 467 2745 697
p 2 1 369 550 2522 619
p 2 1 409 510 2545 641
p 2 2 366 552 2613 608
p 2 1 452 467 3130 711
p 2 4 422 494 3361 719
p 2 2 570 348 9586 968
p 2 3 469 448 3633 780
p 2 2 543 375 9350 921
p 2 1 458 461 2762 703
p 2 0 496 424 8317 797
p 2 1 420 499 2836 678
p 2 1 438 481 2677 693
p 2 0 457 463 8598 800
p 2 0 456 464 2645 722
p 2 1 363 556 2112 607
p 2 0 481 439 7468 777
p 2 0 365 555 2372 618
p 2 1 422 497 2544 687
p 2 0 408 512 7763 732
p 2 0 463 457 2934 714
p 2 0 414 506 2499 667
p 2 0 429 491 2240 675
p 2 0 398 522 2635 641
p 2 2 432 486 2848 715
i 2 920 0 0 42499 3673
p 2 0 280 640 905 439
p 2 21 590 309 21894 1144
p 2 0 354 566 2231 570
p 2 2 549 369 17945 986
p 2 0 329 591 2320 557
p 2 3 504 413 19986 998
p 2 0 325 595 1938 549
p 2 351 217 352 17045 2064
p 2 14 301 605 2243 643
p 2 111 458 351 17442 1530
p 2 30 405 485 4067 1021
p 2 76 500 344 17084 1663
p 2 14 514 392 3909 1145
p 2 7 647 266 10510 1336
p 2 9 570 341 3641 1178
p 2 10 633 277 10042 1330
p 2 6 532 382 2728 1065
p 2 2 486 432 2141 945
p 2 0 660 260 9088 1171
p 2 0 540 380 1725 929
p 2 0 428 492 1162 758
p 2 3 655 262 8359 1084
i 2 920 0 0 20663 3452
p 2 0 292 628 450 421
p 2 0 311 609 441 436
p 2 11 565 344 13380 1066
p 2 0 427 493 1070 592
p 2 0 254 666 539 400
p 2 1 525 394 11356 941
p 2 0 312 608 892 484
p 2 0 173 747 487 343
p 2 0 504 416 10875 919
p 2 0 293 627 865 470
p 2 0 121 799 388 296
p 2 0 409 511 6761 663
p 2 0 211 709 774 390
p 2 0 63 857 331 254
p 2 52 341 527 14122 1124
p 2 0 215 705 769 426
p 2 27 418 475 14632 1071
p 2 0 226 694 1110 438
p 2 42 385 493 16541 1133
p 2 0 246 674 936 464
p 2 0 137 783 1606 354
p 2 0 115 805 467 306
p 2 0 90 830 1170 307
p 2 0 78 842 428 272
p 2 0 115 805 1236 317
p 2 0 52 868 312 247
p 2 0 82 838 1179 294
p 2 0 34 886 317 235
i 2 920 0 0 73793 4766
p 2 2 798 120 18199 1239
p 2 3 866 51 22592 1313
p 2 1 794 125 22341 1237
p 2 1 845 74 23279 1327
p 2 3 785 132 23867 1311
p 2 2 847 71 24121 1370
p 2 3 820 97 24169 1339
p 2 7 853 60 24274 1398
p 2 8 810 102 24782 1391
p 2 6 851 63 24731 1403
p 2 2 845 73 25491 1411
p 2 8 857 55 25342 1452
p 2 5 835 80 26092 1433
p 2 7 857 56 25620 1463
p 2 7 826 87 24981 1415
p 2 1 868 51 24256 1388
p 2 1 826 93 24252 1384
p 2 2 853 65 24617 1403
p 2 3 835 82 25310 1429
p 2 8 846 66 24854 1436
p 2 5 827 88 25021 1426
p 2 4 857 59 24339 1407
p 2 10 837 73 24275 1426
p 2 4 856 60 23846 1400
p 2 5 837 78 24112 1400
p 2 2 861 57 23971 1384
p 2 0 817 103 24026 1350
p 2 2 827 91 23872 1355
p 2 4 826 90 24999 1402
p 2 3 833 84 24676 1406
p 2 5 825 90 24454 1408
p 2 1 857 62 24642 1399
p 2 6 804 110 24328 1365
p 2 4 836 80 23808 1366
p 2 0 786 134 23949 1298
p 2 0 815 105 23871 1336
p 2 2 800 118 24700 1357
p 2 6 811 103 24473 1368
p 2 4 811 105 24082 1334
p 2 4 817 99 23643 1342
p 2 2 809 109 24683 1345
p 2 2 833 85 24983 1397
p 2 4 816 100 24988 1383
p 2 8 854 58 24701 1439
p 2 9 838 73 25498 1443
p 2 6 855 59 24237 1419
p 2 3 821 96 24096 1342
p 2 3 854 63 24059 1389
p 2 2 831 87 24111 1357
p 2 0 848 72 24536 1403
p 2 8 823 89 24670 1420
p 2 9 832 79 24771 1440
p 2 5 835 80 25272 1426
p 2 3 861 56 24361 1421
p 2 0 826 94 24294 1369
p 2 0 859 61 24510 1407
p 2 2 797 121 24753 1350
p 2 2 849 69 24182 1391
p 2 2 802 116 24492 1350
p 2 43 808 69 49047 1831
p 2 0 809 111 21395 1305
p 2 0 811 109 26329 1345
p 2 11 790 119 30113 1438
p 2 1 814 105 23226 1344
p 2 1 806 113 23612 1333
p 2 14 814 92 31319 1531
p 2 4 827 89 23922 1414
p 2 4 853 63 24639 1458
p 2 14 839 67 31119 1564
p 2 8 864 48 23706 1474
p 2 12 822 86 23481 1431
p 2 17 853 50 31181 1584
p 2 3 835 82 24561 1425
p 2 2 859 59 24776 1436
p 2 17 823 80 31632 1599
p 2 5 866 49 24694 1465
p 2 10 825 85 24562 1412
p 2 18 845 57 31529 1587
p 2 0 829 91 23699 1356
p 2 4 850 66 24369 1396
p 2 14 829 77 30912 1543
p 2 1 848 71 23019 1395
p 2 1 828 91 23752 1341
p 2 16 854 50 30683 1533
p 2 0 845 75 23182 1341
p 2 2 872 46 23814 1403
p 2 15 822 83 30622 1531
p 2 0 859 61 23652 1393
p 2 2 821 97 24810 1378
p 2 9 849 62 32223 1552
p 2 3 812 105 24146 1350
p 2 10 852 58 24781 1458
p 2 16 833 71 31396 1589
p 2 2 864 54 23149 1425
p 2 4 835 81 23763 1382
p 2 12 844 64 30940 1522
p 2 6 798 116 22906 1343
p 2 1 843 76 23150 1329
p 2 15 813 92 30102 1490
p 2 3 849 68 23199 1380
p 2 5 812 103 23492 1363
p 2 12 846 62 30875 1560
p 2 4 819 97 23359 1425
p 2 0 857 63 24012 1425
p 2 19 793 108 29577 1505
p 2 2 836 82 22923 1379
p 2 8 812 100 23833 1395
p 2 14 821 85 31072 1560
p 2 5 829 86 23928 1412
p 2 3 848 69 24192 1426
p 2 17 821 82 31127 1553
p 2 5 844 71 24286 1434
p 2 4 830 86 24240 1393
p 2 8 835 77 31047 1510
p 2 2 803 115 22724 1321
p 2 2 847 71 23458 1384
p 2 21 785 114 29813 1505
p 2 2 819 99 23052 1342
p 2 2 804 114 23280 1325
p 2 10 817 93 31335 1510
p 2 1 795 124 22830 1345
p 2 0 832 88 23532 1362
p 2 13 820 87 29955 1536
p 2 4 825 91 23478 1392
p 2 1 819 100 23321 1383
p 2 15 836 69 31199 1584
p 2 1 833 86 22987 1390
p 2 0 852 68 23421 1404
p 2 13 820 87 30141 1552
p 2 1 853 66 22891 1406
p 2 3 816 101 23298 1365
p 2 11 833 76 30606 1522
p 2 4 804 112 22502 1345
p 2 0 842 78 23407 1342
p 2 14 792 114 29175 1487
p 2 3 831 86 22801 1382
p 2 8 792 120 23088 1371
p 2 11 811 98 30613 1493
p 2 1 806 113 23332 1377
p 2 6 807 107 23791 1380
p 2 22 802 96 31091 1598
p 2 4 821 95 24335 1452
p 2 11 814 95 24428 1457
p 2 22 829 69 31909 1652
p 2 6 842 72 23448 1477
p 2 5 849 66 24275 1445
p 2 13 845 62 30811 1621
p 2 5 882 33 23066 1496
p 2 6 859 55 24463 1475
p 2 14 878 28 31650 1640
p 2 11 855 54 23286 1481
p 2 10 870 40 24584 1521
p 2 19 843 58 30608 1655
p 2 4 875 41 23565 1506
p 2 5 837 78 23600 1437
p 2 15 857 48 31385 1600
p 2 7 840 73 23793 1440
p 2 4 864 52 24085 1436
p 2 11 841 68 29951 1537
p 2 2 864 54 22828 1406
p 2 1 817 102 22878 1349
p 2 11 844 65 30631 1518
p 2 5 815 100 22391 1360
p 2 3 861 56 23222 1383
p 2 11 806 103 28831 1454
p 2 0 846 74 22515 1343
i 2 920 0 0 4541 2867
p 2 0 307 613 550 441
p 2 0 409 511 503 497
p 2 0 238 682 406 385
p 2 8 208 704 2715 403
p 2 16 177 727 6390 467
p 2 30 316 574 8807 673
p 2 34 126 760 10035 587
p 2 33 227 660 11349 691
p 2 35 212 673 13239 735
p 2 28 241 651 14325 751
p 2 0 318 602 6033 616
p 2 0 309 611 907 458
p 2 5 94 821 4999 339
p 2 29 164 727 8482 542
p 2 38 75 807 11174 593
p 2 35 189 696 12479 697
p 2 35 140 745 12865 695
p 2 27 177 716 13082 683
p 2 10 156 754 10882 557
p 2 0 155 765 589 346
p 2 0 56 864 286 245
p 2 0 61 859 267 243
p 2 0 32 888 263 224
p 2 17 381 522 22832 1014
p 2 0 238 682 1083 466
p 2 0 110 810 466 300
p 2 21 330 569 23718 1000
p 2 0 265 655 1006 472
p 2 0 106 814 387 285
p 2 17 467 436 22882 1044
p 2 0 236 684 990 453
p 2 0 131 789 461 315
p 2 11 426 483 22039 987
p 2 0 218 702 959 428
p 2 0 103 817 418 295
p 2 11 408 501 21125 1001
p 2 0 242 678 1000 467
p 2 0 121 799 444 310
p 2 0 405 515 16783 861
p 2 0 271 649 1095 477
p 2 0 108 812 446 296
p 2 0 502 418 16636 901
p 2 0 284 636 1060 485
p 2 0 107 813 422 295
p 2 11 221 688 9583 610
p 2 0 125 795 602 324
p 2 0 44 876 278 235
p 2 13 174 733 10075 613
p 2 0 118 802 559 325
p 2 0 71 849 323 258
p 2 24 346 550 18683 939
p 2 0 212 708 946 415
p 2 0 119 801 443 305
p 2 15 183 722 13038 667
p 2 0 135 785 636 339
p 2 0 78 842 334 265
p 2 113 283 524 28025 1473
p 2 0 210 710 782 411
p 2 0 87 833 374 277
p 2 133 355 432 29828 1605
p 2 0 326 594 871 486
p 2 0 252 668 492 391
p 2 117 400 403 27739 1536
p 2 0 248 672 789 451
p 2 0 126 794 374 304
p 2 40 429 451 25744 1194
p 2 0 322 598 1005 524
p 2 0 193 727 462 352
p 2 61 365 494 26096 1208
p 2 0 311 609 896 488
i 2 920 0 0 48316 4422
p 2 0 219 701 559 412
p 2 0 201 719 462 373
p 2 33 573 314 38314 1606
p 2 0 358 562 1359 580
p 2 0 132 788 503 322
p 2 32 529 359 36465 1592
p 2 0 340 580 1397 560
p 2 0 130 790 445 312
p 2 26 497 397 37145 1481
p 2 0 350 570 1382 580
p 2 0 136 784 502 325
p 2 35 471 414 37007 1505
p 2 0 325 595 1299 552
p 2 0 185 735 631 369
p 2 4 84 832 1212 302
p 2 0 92 828 375 278
p 2 0 46 874 279 236
p 2 1 60 859 930 278
p 2 0 44 876 304 239
p 2 0 65 855 342 256
p 2 1 35 884 1186 241
p 2 0 20 900 244 214
p 2 0 14 906 222 209
p 2 3 36 881 618 261
p 2 0 22 898 239 218
p 2 0 15 905 223 211
p 2 4 28 888 1104 249
p 2 0 19 901 249 212
p 2 0 51 869 364 248
p 2 1 44 875 935 260
p 2 0 21 899 255 217
p 2 0 9 911 215 203
p 2 1 18 901 1145 229
p 2 0 13 907 242 210
p 2 0 7 913 216 203
p 2 1 15 904 855 235
p 2 0 10 910 221 206
p 2 0 3 917 205 199
p 2 0 14 906 436 217
p 2 0 6 914 212 207
p 2 0 5 915 204 202
p 2 4 12 904 1083 237
p 2 0 6 914 215 203
p 2 0 4 916 204 199
p 2 1 11 908 842 230
p 2 0 9 911 219 207
p 2 0 8 912 215 204
p 2 1 14 905 1130 229
p 2 0 7 913 219 204
p 2 0 3 917 202 199
p 2 0 2 918 200 199
p 2 0 1 919 199 198
p 2 0 0 920 197 197
p 2 0 0 920 197 197
p 2 0 0 920 197 197
p 2 1 12 907 842 232
p 2 0 9 911 213 205
p 2 0 10 910 414 216
i 2 920 0 0 42213 4284
p 2 0 351 569 1523 584
p 2 9 782 129 33216 1558
p 2 0 474 446 2308 752
p 2 11 679 230 26897 1382
p 2 0 496 424 3948 817
p 2 6 653 261 26151 1345
p 2 1 437 482 2094 743
p 2 1 355 564 1301 577
p 2 0 241 679 980 461
p 2 1 213 706 820 442
p 2 0 288 632 1481 519
p 2 0 292 628 1662 571
p 2 3 251 666 1557 536
p 2 2 337 581 1626 628
p 2 2 306 612 1580 580
p 2 3 312 605 1588 583
p 2 1 254 665 1622 527
p 2 0 337 583 1831 621
p 2 6 297 617 1953 595
p 2 4 352 564 1785 625
p 2 1 275 644 1523 500
p 2 0 323 597 1396 544
p 2 0 266 654 1333 504
p 2 0 295 625 1422 530
p 2 0 242 678 1699 503
p 2 1 307 612 1983 607
p 2 1 263 656 1865 559
p 2 1 301 618 1801 592
p 2 1 269 650 1581 570
p 2 1 328 591 1379 599
p 2 1 247 672 1223 485
p 2 4 288 628 1304 511
p 2 1 235 684 1396 456
p 2 3 265 652 1522 501
p 2 1 190 729 1279 404
p 2 0 241 679 1313 444
p 2 2 161 757 1393 404
p 2 2 233 685 1488 484
p 2 1 189 730 1192 445
p 2 1 265 654 1250 493
p 2 2 192 726 1089 439
p 2 4 243 673 962 486
p 2 3 172 745 813 404
p 2 0 265 655 910 458
p 2 0 173 747 825 378
p 2 0 229 691 876 413
i 2 920 0 0 57419 4391
p 2 0 917 3 18751 1557
p 2 0 917 3 21678 1561
p 2 0 917 3 22573 1574
p 2 0 917 3 22509 1567
p 2 1 913 6 22510 1556
p 2 0 916 4 22854 1563
p 2 0 915 5 22631 1564
p 2 0 920 0 22246 1560
p 2 1 911 8 22292 1559
p 2 0 918 2 22259 1555
p 2 1 915 4 22376 1568
p 2 1 916 3 23061 1572
p 2 0 916 4 23749 1575
p 2 1 917 2 23581 1607
p 2 3 910 7 23368 1608
p 2 1 917 2 23451 1590
p 2 2 913 5 23524 1604
p 2 0 915 5 23552 1592
p 2 1 909 10 23884 1574
p 2 1 914 5 24084 1597
p 2 0 911 9 24139 1596
p 2 0 919 1 24280 1581
p 2 1 917 2 24735 1610
p 2 0 919 1 25917 1618
p 2 3 914 3 25317 1628
p 2 0 916 4 25493 1629
p 2 0 916 4 27017 1626
p 2 0 919 1 25468 1614
p 2 0 919 1 25309 1645
p 2 4 914 2 26083 1647
p 2 17 899 4 24429 1680
p 2 10 907 3 24030 1622
p 2 0 916 4 26164 1625
p 2 2 915 3 24472 1620
p 2 5 908 7 24464 1619
p 2 0 914 6 23841 1591
p 2 0 913 7 23534 1584
p 2 0 913 7 24360 1589
p 2 1 911 8 24342 1585
p 2 0 916 4 24003 1574
p 2 0 911 9 23543 1580
p 2 1 910 9 23477 1584
p 2 0 906 14 23661 1563
p 2 1 904 15 23552 1581
p 2 0 906 14 23482 1589
p 2 0 907 13 23069 1574
p 2 1 899 20 22908 1569
p 2 0 913 7 23293 1589
p 2 1 903 16 23656 1585
p 2 1 904 15 23508 1593
p 2 1 908 11 23290 1581
p 2 0 907 13 22611 1540
p 2 3 909 8 22959 1589
p 2 0 911 9 22722 1553
p 2 0 912 8 23191 1565
p 2 1 912 7 23823 1594
p 2 3 903 14 24078 1624
p 2 0 915 5 24338 1603
p 2 0 901 19 24505 1592
p 2 0 910 10 24225 1599
p 2 1 906 13 23695 1607
p 2 1 909 10 23491 1615
p 2 1 904 15 24131 1634
p 2 2 905 13 23669 1604
p 2 0 903 17 22990 1584
p 2 0 907 13 23047 1593
p 2 0 907 13 23022 1603
p 2 1 910 9 22924 1596
p 2 0 909 11 22621 1575
p 2 0 910 10 22603 1579
p 2 0 906 14 22231 1562
p 2 0 909 11 22032 1552
p 2 2 903 15 22646 1579
p 2 1 907 12 22526 1589
p 2 1 912 7 22278 1586
p 2 0 912 8 22466 1614
i 2 920 0 0 10293 3055
p 2 6 860 54 6169 1336
p 2 2 849 69 6253 1291
p 2 7 770 143 6046 1228
p 2 5 808 107 6195 1234
p 2 5 758 157 6003 1209
p 2 6 811 103 5979 1237
p 2 9 746 165 5694 1192
p 2 3 815 102 6148 1239
p 2 8 740 172 6314 1189
p 2 9 789 122 5912 1248
p 2 7 732 181 5712 1181
p 2 10 775 135 5231 1188
p 2 30 801 89 6718 1725
p 2 21 800 99 6779 1726
p 2 14 809 97 6419 1671
p 2 12 807 101 6384 1625
p 2 9 783 128 6249 1584
p 2 7 817 96 6455 1625
p 2 9 797 114 6159 1604
p 2 5 830 85 6320 1591
p 2 4 784 132 6309 1543
p 2 6 807 107 6646 1566
p 2 8 796 116 6516 1532
p 2 4 815 101 6066 1354
p 2 3 916 1 7542 1731
p 2 5 894 21 6868 1551
p 2 10 904 6 7011 1632
p 2 3 895 22 7085 1567
p 2 3 912 5 7073 1630
p 2 4 900 16 6761 1587
p 2 3 911 6 6169 1576
p 2 6 901 13 6429 1635
p 2 11 904 5 6062 1647
p 2 15 878 27 6197 1686
p 2 14 890 16 6114 1745
p 2 8 897 15 6111 1707
p 2 5 906 9 5859 1707
p 2 1 895 24 5937 1653
p 2 0 913 7 5640 1724
p 2 3 902 15 5910 1720
p 2 2 898 20 5491 1740
p 2 1 904 15 5720 1799
p 2 2 908 10 5616 1789
p 2 7 896 17 5789 1859
p 2 6 908 6 5750 1887
p 2 2 908 10 5605 1890
p 2 3 911 6 5279 1878
p 2 2 905 13 5206 1857
p 2 1 910 9 5068 1842
p 2 8 904 8 4859 1784
p 2 8 905 7 4763 1753
p 2 0 904 16 4852 1754
p 2 5 908 7 4538 1713
p 2 1 902 17 4404 1704
p 2 2 907 11 4218 1650
p 2 0 906 14 4288 1613
p 2 0 907 13 4149 1562
p 2 1 895 24 4107 1606
p 2 0 904 16 4087 1636
p 2 2 903 15 4312 1657
p 2 11 888 21 3901 1642
p 2 10 887 23 3778 1616
p 2 6 898 16 3801 1641
p 2 13 889 18 4196 1715
p 2 4 898 18 4239 1707
p 2 1 899 20 3923 1646
p 2 0 889 31 3692 1612
p 2 0 900 20 3687 1649
p 2 1 880 39 3565 1663
p 2 7 904 9 3535 1618
p 2 3 899 18 3627 1645
p 2 0 897 23 3670 1585
p 2 0 898 22 3431 1578
p 2 2 885 33 3485 1554
p 2 3 903 14 3198 1527
p 2 3 869 48 3310 1478
p 2 1 904 15 3077 1497
p 2 0 873 47 2976 1432
p 2 0 900 20 2707 1431
p 2 0 872 48 2610 1353
p 2 1 884 35 2536 1370
p 2 0 854 66 2586 1310
p 2 0 886 34 2284 1303
p 2 16 843 61 2629 1403
p 2 2 909 9 4593 1649
p 2 0 903 17 4372 1667
p 2 3 912 5 4625 1721
p 2 0 908 12 4834 1710
p 2 4 908 8 5040 1709
p 2 2 901 17 5003 1696
p 2 7 899 14 5666 1787
p 2 8 902 10 5477 1733
p 2 12 877 31 5731 1724
p 2 22 866 32 5768 1682
p 2 29 839 52 5493 1642
p 2 0 814 106 2184 1082
p 2 0 661 259 1746 877
p 2 0 636 284 1683 836
p 2 0 568 352 1656 777
p 2 0 615 305 1637 815
p 2 0 508 412 1586 715
p 2 0 452 468 906 626
p 2 0 359 561 839 543
p 2 0 395 525 1197 583
p 2 0 365 555 1280 576
p 2 0 343 577 1291 541
p 2 0 301 619 1323 524
p 2 0 335 585 1483 546
p 2 0 449 471 1723 702
p 2 0 532 388 2542 883
p 2 0 550 370 2763 908
p 2 0 597 323 2615 958
p 2 0 599 321 2912 950
p 2 0 561 359 2571 957
p 2 0 548 372 2792 943
p 2 0 608 312 2617 1006
p 2 0 610 310 2731 1003
p 2 0 606 314 2769 1037
p 2 0 590 330 2872 1017
p 2 0 572 348 2515 983
p 2 0 528 392 2481 931
p 2 0 570 350 2341 963
p 2 0 555 365 2570 965
p 2 0 602 318 2508 1013
p 2 0 549 371 2590 953
p 2 0 543 377 2542 965
p 2 0 520 400 2742 957
p 2 0 584 336 2524 986
p 2 0 561 359 2691 980
p 2 0 564 356 2481 975
p 2 0 542 378 2808 981
p 2 0 562 358 2762 1017
p 2 0 537 383 2789 980
p 2 0 579 341 2629 1010
p 2 0 587 333 2931 1018
p 2 0 599 321 2598 1019
p 2 0 582 338 2776 1001
p 2 0 531 389 1765 804
p 2 0 381 539 1017 604
p 2 0 387 533 1078 612
p 2 0 233 687 957 463
p 2 0 337 583 1198 561
p 2 0 258 662 1150 488
p 2 0 285 635 1128 515
p 2 0 200 720 1029 433
p 2 0 253 667 1201 488
p 2 0 202 718 1130 438
p 2 0 236 684 1222 483
p 2 0 238 682 1232 471
p 2 0 237 683 1276 483
p 2 0 203 717 1246 442
p 2 0 233 687 1343 483
p 2 0 188 732 1160 438
p 2 0 212 708 1287 471
p 2 0 196 724 1232 447
i 2 920 0 0 78096 5408
p 2 0 885 35 20735 1532
p 2 0 897 23 26094 1536
p 2 0 884 36 26740 1522
p 2 0 888 32 27147 1551
p 2 0 896 24 27775 1549
p 2 0 893 27 27271 1570
p 2 0 886 34 28002 1544
p 2 0 904 16 27810 1572
p 2 0 895 25 28305 1556
p 2 0 903 17 28069 1576
p 2 0 889 31 28033 1559
p 2 0 900 20 28038 1576
p 2 0 900 20 28441 1563
p 2 0 889 31 28308 1580
p 2 0 905 15 28347 1576
p 2 0 888 32 28584 1581
p 2 0 897 23 28782 1552
p 2 0 892 28 28736 1571
p 2 0 893 27 28435 1565
p 2 0 886 34 28598 1573
p 2 0 879 41 28905 1552
p 2 0 887 33 29066 1584
p 2 0 884 36 28785 1554
p 2 0 888 32 29230 1590
p 2 0 876 44 29304 1555
p 2 0 899 21 29126 1581
p 2 0 895 25 29523 1569
p 2 0 885 35 29199 1579
p 2 0 878 42 29660 1560
p 2 0 882 38 29513 1582
p 2 0 884 36 29543 1548
p 2 0 885 35 30057 1586
p 2 0 894 26 29943 1546
p 2 0 880 40 30053 1568
p 2 0 888 32 30438 1561
p 2 0 876 44 30076 1562
p 2 0 889 31 30453 1553
p 2 0 890 30 30399 1574
p 2 0 895 25 29861 1551
p 2 0 884 36 29666 1549
p 2 0 887 33 29841 1537
p 2 0 902 18 29705 1559
p 2 0 896 24 29406 1546
p 2 0 877 43 29903 1553
p 2 0 883 37 29925 1540
p 2 0 877 43 29646 1548
p 2 0 882 38 29523 1538
p 2 0 886 34 29232 1543
p 2 0 881 39 29532 1543
p 2 0 891 29 29243 1549
p 2 0 889 31 29232 1520
p 2 0 892 28 29066 1539
p 2 0 892 28 29376 1535
p 2 0 884 36 29070 1542
p 2 0 873 47 29263 1511
p 2 0 878 42 29387 1546
p 2 0 874 46 29653 1523
p 2 0 881 39 29359 1541
p 2 0 884 36 29500 1531
p 2 0 867 53 29260 1525
p 2 0 885 35 29895 1541
p 2 0 880 40 29506 1536
p 2 0 883 37 29397 1527
p 2 0 886 34 29722 1542
p 2 0 888 32 29914 1534
p 2 0 878 42 29554 1543
p 2 0 885 35 29772 1533
p 2 0 880 40 29234 1540
p 2 0 888 32 29891 1525
p 2 0 877 43 29142 1535
p 2 0 884 36 29042 1518
i 2 920 0 0 33933 3997
p 2 0 856 64 9533 1095
p 2 0 842 78 8744 1097
p 2 1 878 41 9455 1132
p 2 0 870 50 10966 1154
p 2 0 882 38 9785 1123
p 2 0 903 17 9771 1129
p 2 0 900 20 6764 1080
p 2 0 905 15 5626 1066
p 2 0 900 20 3772 1051
p 2 0 909 11 2997 998
p 2 0 899 21 4132 1028
p 2 0 908 12 6581 1039
p 2 0 898 22 7702 1051
p 2 0 911 9 9433 1082
p 2 0 904 16 10125 1098
p 2 0 901 19 10861 1105
p 2 0 893 27 11243 1090
p 2 0 906 14 12165 1110
p 2 0 907 13 12353 1135
p 2 0 909 11 12844 1127
p 2 0 907 13 12513 1121
p 2 0 906 14 13390 1156
p 2 0 911 9 12942 1166
p 2 0 899 21 13789 1163
p 2 0 911 9 12825 1147
p 2 0 901 19 13036 1153
p 2 0 914 6 12835 1170
p 2 0 898 22 12273 1122
p 2 0 911 9 12770 1147
p 2 0 910 10 12304 1139
p 2 0 909 11 12279 1136
p 2 0 909 11 10844 1124
p 2 2 909 9 11350 1146
p 2 0 910 10 10578 1114
p 2 0 915 5 10318 1115
p 2 0 911 9 8876 1097
p 2 0 911 9 8898 1109
p 2 0 915 5 6964 1099
p 2 0 914 6 6818 1099
p 2 0 905 15 5233 1074
p 2 0 915 5 4516 1059
p 2 0 913 7 3632 1045
p 2 0 916 4 3335 1022
p 2 0 918 2 4538 1016
p 2 0 913 7 6830 1060
p 2 0 918 2 8745 1080
p 2 0 912 8 9438 1087
p 2 0 916 4 11349 1133
p 2 0 911 9 11668 1133
p 2 0 913 7 13402 1194
p 2 0 908 12 12798 1183
p 2 0 905 15 14201 1214
p 2 0 915 5 13617 1187
p 2 0 913 7 14610 1235
p 2 0 911 9 15603 1234
p 2 0 901 19 15221 1233
p 2 0 917 3 15342 1253
p 2 0 917 3 15438 1257
p 2 0 914 6 14775 1250
p 2 0 912 8 14904 1252
p 2 0 913 7 14632 1249
p 2 0 916 4 14829 1245
p 2 0 916 4 14674 1224
p 2 0 916 4 14674 1243
p 2 1 913 6 15101 1228
p 2 0 912 8 15833 1238
p 2 0 917 3 15693 1258
p 2 0 913 7 14915 1258
p 2 0 905 15 14846 1239
p 2 0 908 12 13138 1224
p 2 1 912 7 13216 1204
p 2 1 911 8 10697 1184
p 2 0 913 7 10063 1159
p 2 0 917 3 7161 1141
p 2 0 912 8 6042 1120
p 2 1 912 7 7483 1146
p 2 1 914 5 10045 1155
p 2 1 910 9 13669 1203
p 2 1 909 10 13915 1197
p 2 0 909 11 14816 1227
p 2 0 909 11 15162 1235
p 2 0 915 5 15032 1225
p 2 1 911 8 14836 1251
p 2 0 907 13 14375 1253
p 2 0 905 15 14244 1250
p 2 0 909 11 14208 1249
p 2 0 905 15 15085 1256
p 2 2 904 14 15410 1254
p 2 1 907 12 13379 1216
p 2 1 907 12 12251 1182
p 2 0 906 14 9179 1114
p 2 1 909 10 6921 1107
p 2 0 909 11 3848 1060
p 2 0 906 14 5562 1066
p 2 1 906 13 10452 1123
p 2 0 908 12 13650 1203
p 2 0 890 30 14236 1198
p 2 1 883 36 13976 1198
p 2 0 894 26 13469 1205
p 2 0 896 24 13052 1213
p 2 0 899 21 13918 1214
p 2 0 896 24 13882 1216
p 2 0 892 28 12665 1165
p 2 0 886 34 8542 1123
p 2 0 879 41 4588 1077
p 2 0 870 50 7111 1077
p 2 0 844 76 12994 1111
p 2 0 843 77 13410 1132
p 2 0 852 68 12808 1154
p 2 0 786 134 12722 1107
p 2 0 815 105 14563 1133
p 2 0 593 327 8241 853
p 2 0 518 402 5224 713
p 2 0 354 566 1462 521
p 2 0 154 766 509 327
p 2 0 136 784 621 312
p 2 0 96 824 410 279
p 2 0 118 802 619 301
p 2 0 69 851 293 250
p 2 0 96 824 555 280
p 2 0 56 864 318 244
p 2 0 76 844 505 260
p 2 0 38 882 281 228
p 2 0 38 882 426 226
p 2 0 23 897 244 216
p 2 0 43 877 458 232
p 2 0 14 906 222 206
p 2 0 24 896 402 217
p 2 0 16 904 231 210
p 2 0 29 891 252 219
p 2 0 13 907 214 207
p 2 0 14 906 227 209
p 2 0 8 912 212 203
p 2 0 24 896 236 216
p 2 0 12 908 221 207
p 2 0 37 883 457 231
p 2 0 22 898 245 215
p 2 0 18 902 395 212
p 2 0 9 911 218 205
p 2 0 19 901 386 212
p 2 0 5 915 215 201
p 2 0 17 903 387 210
p 2 0 4 916 207 200
p 2 0 19 901 389 212
p 2 0 7 913 213 202
p 2 0 17 903 382 210
p 2 0 4 916 207 201
p 2 0 2 918 205 200
p 2 0 2 918 201 199
p 2 0 2 918 202 199
p 2 0 1 919 200 198
p 2 0 17 903 394 213
p 2 0 7 913 223 203
p 2 0 14 906 374 208
p 2 0 8 912 216 203
p 2 0 14 906 376 208
p 2 0 6 914 207 202
p 2 0 13 907 373 208
p 2 0 7 913 216 204
p 2 0 14 906 374 209
p 2 0 7 913 211 203
p 2 0 14 906 373 208
p 2 0 5 915 210 201
p 2 0 15 905 375 209
p 2 0 6 914 215 202
p 2 0 13 907 372 208
p 2 0 6 914 212 202
i 2 920 0 0 15131 3780
p 2 0 903 17 3429 1275
p 2 0 915 5 3343 1214
p 2 0 904 16 3627 1239
p 2 0 916 4 3705 1264
p 2 0 915 5 3922 1276
p 2 0 917 3 3672 1269
p 2 0 913 7 3899 1277
p 2 0 917 3 3664 1273
p 2 0 916 4 3972 1310
p 2 0 915 5 3770 1286
p 2 0 914 6 4065 1322
p 2 0 916 4 3845 1302
p 2 0 916 4 3986 1307
p 2 0 918 2 3824 1302
p 2 0 917 3 3879 1308
p 2 0 919 1 3760 1307
p 2 0 915 5 3962 1315
p 2 0 918 2 3640 1308
p 2 0 914 6 3728 1302
p 2 0 919 1 3747 1315
p 2 0 918 2 3831 1308
p 2 0 920 0 3838 1309
p 2 0 920 0 4210 1346
p 2 0 920 0 3905 1318
p 2 0 918 2 4164 1347
p 2 0 919 1 3925 1321
p 2 0 917 3 4340 1357
p 2 0 920 0 3871 1340
p 2 0 920 0 4237 1369
p 2 0 920 0 4074 1337
p 2 0 918 2 4360 1355
p 2 0 920 0 4041 1350
p 2 0 918 2 4290 1346
p 2 0 920 0 3981 1329
p 2 0 918 2 4329 1368
p 2 0 918 2 3997 1326
p 2 0 919 1 4234 1351
p 2 0 920 0 4118 1329
p 2 0 920 0 4535 1343
p 2 0 920 0 4246 1333
p 2 0 920 0 4511 1339
p 2 0 920 0 4249 1330
p 2 0 920 0 4786 1366
p 2 0 920 0 4432 1345
p 2 0 919 1 4787 1368
p 2 0 920 0 4497 1357
p 2 0 919 1 4967 1373
p 2 0 919 1 4420 1350
p 2 0 920 0 4722 1341
p 2 0 919 1 4350 1331
p 2 0 918 2 4720 1359
p 2 0 920 0 4259 1322
p 2 0 920 0 4657 1369
p 2 0 920 0 4235 1345
p 2 0 916 4 4407 1345
p 2 0 920 0 4075 1338
p 2 0 920 0 4505 1365
p 2 0 920 0 4249 1343
p 2 0 919 1 4633 1360
p 2 0 920 0 4245 1350
p 2 0 916 4 4510 1372
p 2 0 920 0 4212 1343
p 2 0 917 3 4624 1368
p 2 0 920 0 4266 1350
p 2 0 917 3 4684 1373
p 2 0 920 0 4380 1356
p 2 0 919 1 4794 1385
p 2 0 920 0 4389 1350
p 2 0 919 1 4740 1383
p 2 0 919 1 4415 1337
p 2 0 918 2 4751 1377
p 2 0 917 3 4496 1356
p 2 0 917 3 4735 1380
p 2 0 919 1 4518 1341
p 2 0 918 2 4845 1364
p 2 0 919 1 4606 1355
p 2 0 917 3 4775 1374
p 2 0 918 2 4409 1330
p 2 0 916 4 4830 1359
p 2 0 916 4 4538 1366
p 2 0 913 7 4528 1341
p 2 0 916 4 4300 1340
p 2 0 915 5 4675 1357
p 2 0 919 1 4244 1347
p 2 0 920 0 4471 1359
p 2 0 919 1 4094 1333
p 2 0 914 6 4593 1368
p 2 0 917 3 4151 1344
p 2 0 915 5 4438 1353
p 2 0 917 3 4285 1344
p 2 0 903 17 4334 1336
p 2 0 915 5 4054 1324
p 2 0 903 17 4525 1343
p 2 0 915 5 4113 1326
p 2 0 911 9 4589 1366
p 2 0 910 10 4093 1332
p 2 0 899 21 4542 1338
p 2 0 919 1 4130 1315
p 2 0 909 11 4655 1332
p 2 0 911 9 4335 1315
p 2 0 906 14 4714 1342
p 2 0 916 4 4384 1329
p 2 0 909 11 4840 1338
p 2 0 907 13 4435 1324
p 2 0 900 20 4594 1318
p 2 0 907 13 4419 1300
p 2 0 919 1 6941 1652
p 2 3 917 0 7352 1741
p 2 0 920 0 7577 1814
p 2 0 919 1 7672 1810
p 2 0 919 1 7775 1850
p 2 0 918 2 7824 1817
p 2 0 918 2 7935 1892
p 2 0 919 1 7975 1854
p 2 0 919 1 8084 1906
p 2 1 918 1 8149 1895
p 2 0 919 1 8226 1945
p 2 0 915 5 8192 1880
p 2 0 919 1 8153 1922
p 2 2 916 2 8251 1898
p 2 0 916 4 8209 1918
p 2 2 917 1 8187 1930
p 2 0 919 1 8148 1957
p 2 2 917 1 8244 1912
p 2 0 916 4 8241 1930
p 2 2 915 3 8248 1902
p 2 0 917 3 8245 1935
p 2 1 917 2 8333 1878
p 2 0 916 4 8371 1893
p 2 3 914 3 8496 1888
p 2 0 918 2 8558 1908
p 2 3 913 4 8448 1876
p 2 0 919 1 8401 1885
p 2 7 911 2 8343 1858
p 2 1 917 2 8385 1860
p 2 3 917 0 8396 1851
p 2 1 919 0 8436 1882
p 2 8 910 2 8200 1838
p 2 2 918 0 8344 1867
p 2 9 910 1 8399 1837
p 2 0 919 1 8070 1828
p 2 11 907 2 8104 1798
p 2 5 913 2 8281 1817
p 2 0 813 107 2841 1156
p 2 0 532 388 1553 786
p 2 0 364 556 1053 561
p 2 0 299 621 961 504
p 2 0 178 742 734 374
p 2 0 163 757 649 350
p 2 0 82 838 615 278
p 2 0 67 853 622 266
p 2 0 44 876 631 244
p 2 0 41 879 668 241
p 2 0 32 888 685 233
p 2 0 25 895 701 228
p 2 0 595 325 2856 896
p 2 0 875 45 3867 1196
p 2 0 914 6 4375 1267
p 2 0 915 5 4876 1298
p 2 0 918 2 4817 1274
p 2 0 920 0 5344 1294
p 2 0 920 0 5185 1323
p 2 0 920 0 5526 1361
p 2 0 919 1 5360 1346
p 2 0 920 0 5152 1328
p 2 0 920 0 4844 1317
p 2 0 920 0 4502 1301
p 2 0 920 0 4475 1294
p 2 0 920 0 4832 1298
p 2 0 920 0 5449 1354
p 2 0 919 1 6008 1383
p 2 0 920 0 5693 1389
p 2 0 920 0 5980 1393
p 2 0 920 0 5808 1407
p 2 0 920 0 6186 1406
p 2 0 920 0 6186 1393
p 2 0 920 0 6131 1388
p 2 0 920 0 6010 1379
p 2 0 920 0 6314 1391
p 2 1 919 0 6458 1451
p 2 0 919 1 6594 1426
p 2 0 920 0 6394 1444
p 2 0 920 0 6738 1450
p 2 0 920 0 6377 1437
p 2 0 920 0 6481 1435
p 2 1 919 0 6221 1440
p 2 0 920 0 6343 1446
p 2 0 920 0 5833 1412
p 2 0 919 1 6324 1417
p 2 0 920 0 5888 1409
p 2 0 920 0 6148 1407
p 2 0 920 0 6006 1391
p 2 0 920 0 5952 1399
p 2 0 920 0 5955 1417
p 2 0 920 0 5984 1379
p 2 0 920 0 5753 1380
p 2 1 919 0 6060 1398
p 2 1 919 0 5742 1367
p 2 1 919 0 5798 1365
p 2 1 919 0 5673 1352
p 2 0 920 0 5340 1351
p 2 0 920 0 5137 1347
p 2 0 920 0 5042 1318
p 2 2 918 0 4993 1340
p 2 0 920 0 5218 1327
p 2 0 920 0 5445 1343
p 2 0 920 0 5752 1390
p 2 0 920 0 6037 1395
p 2 1 919 0 6464 1441
p 2 0 920 0 6717 1421
p 2 0 920 0 6921 1425
p 2 0 920 0 6707 1413
p 2 0 920 0 7025 1446
i 2 920 0 0 39166 3781
p 2 27 891 2 9453 1329
p 2 0 920 0 10594 1218
p 2 7 913 0 12194 1288
p 2 0 920 0 9752 1236
p 2 2 917 1 6901 1199
p 2 0 920 0 6566 1183
p 2 0 920 0 9929 1221
p 2 2 918 0 12235 1267
p 2 1 919 0 11987 1278
p 2 1 918 1 11945 1294
p 2 0 920 0 12858 1328
p 2 1 919 0 12745 1294
p 2 1 919 0 12694 1300
p 2 2 918 0 12643 1294
p 2 1 919 0 13075 1336
p 2 0 920 0 12698 1312
p 2 1 919 0 12927 1303
p 2 0 920 0 12831 1286
p 2 0 920 0 12807 1294
p 2 0 920 0 12923 1288
p 2 0 920 0 13054 1294
p 2 0 920 0 13076 1299
p 2 0 920 0 13489 1305
p 2 0 920 0 13532 1285
p 2 0 920 0 13876 1303
p 2 0 920 0 13922 1299
p 2 0 920 0 13876 1307
p 2 0 920 0 13756 1293
p 2 0 920 0 12983 1302
p 2 1 919 0 12863 1308
p 2 0 920 0 11683 1278
p 2 1 918 1 12609 1303
p 2 0 920 0 10943 1247
p 2 1 919 0 11154 1251
p 2 0 920 0 9763 1241
p 2 0 920 0 9112 1209
p 2 0 920 0 7386 1205
p 2 0 920 0 5959 1183
p 2 0 920 0 5466 1155
p 2 1 919 0 6953 1183
p 2 2 918 0 8950 1205
p 2 1 919 0 12061 1255
p 2 2 917 1 12395 1271
p 2 0 920 0 12465 1262
p 2 1 919 0 12842 1253
p 2 1 919 0 13595 1282
p 2 0 920 0 13235 1282
p 2 0 920 0 13270 1272
p 2 0 920 0 12735 1265
p 2 0 920 0 12634 1272
p 2 1 918 1 13185 1293
p 2 1 919 0 13727 1287
p 2 1 919 0 11609 1271
p 2 1 919 0 11444 1265
p 2 0 919 1 9047 1183
p 2 0 920 0 7162 1162
p 2 1 917 2 4519 1105
p 2 1 919 0 3593 1050
p 2 0 918 2 6762 1132
p 2 0 920 0 11323 1219
p 2 3 917 0 11707 1237
p 2 0 919 1 11927 1238
p 2 0 918 2 11849 1238
p 2 0 919 1 11750 1258
p 2 0 918 2 11891 1255
p 2 0 920 0 12499 1280
p 2 0 919 1 10434 1263
p 2 0 920 0 8951 1197
p 2 0 920 0 6561 1161
p 2 0 920 0 4976 1120
p 2 0 920 0 9256 1164
p 2 0 919 1 10714 1203
p 2 0 920 0 11606 1207
p 2 1 919 0 11193 1211
p 2 0 920 0 11420 1199
p 2 1 919 0 10072 1207
p 2 1 919 0 8033 1162
p 2 0 920 0 4394 1079
p 2 1 918 1 5431 1102
p 2 1 919 0 9260 1166
p 2 1 915 4 10343 1196
p 2 0 918 2 9517 1185
p 2 0 915 5 9767 1189
p 2 0 918 2 6453 1126
p 2 0 909 11 4278 1058
p 2 0 871 49 8916 1129
p 2 0 808 112 8979 1084
p 2 0 673 247 9557 979
p 2 0 596 324 3356 793
p 2 0 316 604 901 487
p 2 0 115 805 377 295
p 2 0 100 820 380 282
p 2 0 98 822 383 280
p 2 0 114 806 442 298
p 2 0 53 867 283 243
p 2 0 113 807 401 293
p 2 0 103 817 385 289
p 2 0 83 837 318 266
p 2 0 42 878 254 229
p 2 0 19 901 232 215
p 2 0 13 907 215 207
p 2 0 14 906 221 208
p 2 0 4 916 205 200
p 2 0 42 878 270 230
p 2 7 371 542 19597 942
p 2 0 258 662 1002 458
p 2 0 157 763 531 340
p 2 8 350 562 18409 887
p 2 0 241 679 955 440
p 2 0 128 792 443 311
p 2 12 349 559 18736 883
p 2 0 264 656 1034 464
p 2 0 139 781 469 327
p 2 0 353 567 16765 773
p 2 0 225 695 976 432
p 2 0 117 803 427 305
p 2 1 320 599 16043 748
p 2 0 248 672 1029 450
p 2 0 296 624 1125 492
p 2 0 157 763 469 330
p 2 0 102 818 394 288
p 2 0 78 842 346 266
p 2 0 56 864 319 246
p 2 0 33 887 272 225
p 2 0 44 876 307 238
p 2 0 16 904 236 211
p 2 0 19 901 236 214
p 2 0 3 917 201 200
p 2 0 11 909 221 206
p 2 0 9 911 212 205
p 2 0 4 916 206 200
p 2 0 9 911 216 204
p 2 0 10 910 218 205
p 2 0 2 918 201 199
p 2 0 3 917 204 199
p 2 0 6 914 210 201
p 2 0 5 915 207 200
p 2 0 7 913 211 202
p 2 0 3 917 205 200
p 2 0 5 915 206 201
p 2 0 1 919 199 198
p 2 0 3 917 204 200
i 2 920 0 0 33557 4607
p 2 0 865 55 5217 1238
p 2 0 856 64 6058 1236
p 2 0 843 77 6695 1245
p 2 0 822 98 6572 1249
p 2 0 814 106 7049 1249
p 2 0 835 85 6558 1272
p 2 0 807 113 6886 1239
p 2 0 838 82 6841 1289
p 2 0 827 93 7079 1278
p 2 0 829 91 6742 1269
p 2 0 817 103 6934 1278
p 2 0 841 79 6660 1286
p 2 0 826 94 7021 1270
p 2 0 829 91 6748 1271
p 2 0 792 128 6881 1252
p 2 0 826 94 6552 1260
p 2 0 817 103 6945 1258
p 2 0 826 94 6664 1285
p 2 0 833 87 6788 1294
p 2 0 841 79 6585 1286
p 2 0 821 99 6881 1264
p 2 0 823 97 6622 1275
p 2 0 834 86 6788 1286
p 2 0 832 88 6575 1282
p 2 0 824 96 6823 1274
p 2 0 840 80 6443 1298
p 2 0 826 94 6667 1287
p 2 0 825 95 6448 1276
p 2 0 808 112 6602 1246
p 2 0 820 100 6245 1261
p 2 0 826 94 6579 1275
p 2 0 817 103 6339 1279
p 2 0 808 112 6609 1260
p 2 0 843 77 6339 1299
p 2 0 821 99 6537 1276
p 2 0 836 84 6238 1284
p 2 0 817 103 6736 1265
p 2 0 810 110 6209 1262
p 2 0 822 98 6434 1264
p 2 0 834 86 6232 1264
p 2 0 838 82 6536 1282
p 2 0 828 92 6221 1278
p 2 0 820 100 6272 1251
p 2 0 817 103 6182 1253
p 2 0 822 98 6425 1273
p 2 0 834 86 6119 1273
p 2 0 805 115 6275 1245
p 2 0 841 79 6190 1283
p 2 0 832 88 6522 1269
p 2 0 812 108 6025 1242
p 2 0 829 91 6224 1276
p 2 0 829 91 6134 1268
p 2 0 824 96 6212 1257
p 2 0 843 77 6108 1283
p 2 0 798 122 6278 1247
p 2 0 827 93 6007 1275
p 2 0 818 102 6193 1253
p 2 0 836 84 6066 1283
p 2 0 828 92 5934 1243
p 2 0 823 97 6128 1268
p 2 0 823 97 6300 1269
p 2 0 824 96 5919 1259
p 2 0 815 105 6085 1252
p 2 0 827 93 5996 1269
p 2 0 835 85 6210 1302
p 2 0 806 114 5864 1242
p 2 0 825 95 5956 1278
p 2 0 819 101 5740 1258
p 2 0 841 79 6124 1285
p 2 0 847 73 5890 1275
p 2 0 828 92 5641 1239
p 2 0 842 78 5940 1289
p 2 0 812 108 5775 1239
p 2 0 845 75 5982 1283
p 2 0 850 70 5607 1277
p 2 0 817 103 5810 1250
p 2 0 837 83 5550 1250
p 2 0 820 100 5846 1248
p 2 0 835 85 5575 1239
p 2 0 843 77 5703 1260
p 2 0 847 73 5619 1272
p 2 0 819 101 5784 1229
p 2 0 822 98 5526 1252
p 2 0 850 70 5642 1281
p 2 0 818 102 5552 1230
p 2 0 844 76 5810 1265
p 2 0 826 94 5521 1252
p 2 0 813 107 5630 1247
p 2 0 831 89 5478 1238
p 2 0 825 95 5671 1239
p 2 0 828 92 5450 1244
p 2 0 813 107 5463 1226
p 2 0 837 83 5401 1247
p 2 0 840 80 5766 1259
p 2 0 834 86 5271 1232
p 2 0 822 98 5515 1241
p 2 0 825 95 5489 1235
p 2 0 834 86 5623 1258
p 2 0 835 85 5407 1250
p 2 0 846 74 5648 1264
p 2 0 819 101 5258 1218
p 2 0 844 76 5600 1254
p 2 0 844 76 5504 1268
p 2 0 839 81 5527 1250
p 2 0 836 84 5273 1219
p 2 0 803 117 5467 1198
i 2 920 0 0 93303 4093
p 2 0 368 552 12382 605
p 2 0 370 550 16683 609
p 2 0 262 658 14068 521
p 2 0 290 630 13602 535
p 2 0 258 662 11579 513
p 2 0 403 517 6984 610
p 2 0 749 171 7449 956
p 2 0 424 496 4820 624
p 2 0 306 614 12371 537
p 2 0 339 581 13566 581
p 2 0 402 518 14356 637
p 2 0 314 606 14202 564
p 2 0 303 617 16812 552
p 2 0 292 628 13391 550
p 2 0 346 574 12375 591
p 2 0 272 648 10411 516
p 2 0 243 677 11398 488
p 2 0 246 674 11953 499
p 2 0 297 623 12419 540
p 2 0 206 714 12853 469
p 2 0 209 711 7871 446
p 2 0 213 707 11786 460
p 2 0 244 676 12889 486
p 2 0 246 674 13678 508
p 2 0 271 649 13914 522
p 2 0 253 667 16193 528
p 2 0 312 608 14478 568
p 2 0 222 698 13665 483
p 2 0 234 686 11433 480
p 2 0 157 763 5888 392
p 2 0 199 721 5971 410
p 2 0 185 735 4193 403
p 2 0 516 404 22268 866
p 2 5 634 281 35223 1214
p 2 19 636 265 38085 1332
p 2 16 650 254 38155 1381
p 2 27 623 270 40312 1468
p 2 20 686 214 41649 1575
p 2 23 661 236 41733 1557
p 2 32 612 276 45184 1558
p 2 34 684 202 51588 1665
p 2 44 606 270 47648 1636
p 2 23 604 293 45110 1522
p 2 21 669 230 44163 1561
p 2 27 625 268 43041 1554
p 2 28 590 302 43951 1542
p 2 20 650 250 44595 1568
p 2 12 684 224 44605 1569
p 2 5 688 227 44672 1482
p 2 3 666 251 39033 1328
p 2 0 635 285 30662 1186
p 2 0 660 260 29547 1171
p 2 0 549 371 24297 999
p 2 0 611 309 18956 1016
p 2 0 609 311 17599 1006
p 2 0 580 340 15361 988
p 2 1 514 405 20478 912
p 2 0 569 351 22643 977
p 2 1 566 353 22566 967
p 2 1 555 364 22578 947
p 2 0 505 415 26884 900
p 2 0 551 369 22574 934
p 2 0 550 370 23165 938
p 2 0 553 367 20239 924
p 2 0 476 444 20049 836
p 2 0 505 415 21093 862
p 2 0 541 379 21902 915
p 2 0 526 394 22388 912
p 2 0 474 446 22870 867
p 2 0 496 424 17540 865
p 2 0 500 420 18178 865
p 2 0 526 394 22091 907
p 2 0 469 451 21791 841
p 2 0 538 382 24736 918
p 2 0 531 389 21522 921
p 2 1 492 427 22014 873
p 2 1 473 446 20827 859
p 2 0 499 421 15762 876
p 2 0 499 421 15574 867
p 2 0 518 402 12705 867
p 2 12 510 398 41890 1077
p 2 0 486 434 25785 887
p 2 0 539 381 27234 943
p 2 0 526 394 26734 946
p 2 0 542 378 24521 966
p 2 1 531 388 28756 997
p 2 0 543 377 30576 1042
p 2 1 575 344 32370 1117
p 2 1 602 317 33087 1168
p 2 3 571 346 34007 1181
p 2 1 576 343 33312 1183
p 2 1 590 329 33981 1188
p 2 0 586 334 32667 1199
p 2 1 586 333 32870 1242
p 2 1 610 309 32685 1288
p 2 2 681 237 36825 1376
p 2 0 747 173 34038 1427
p 2 0 670 250 34931 1337
p 2 0 624 296 34307 1282
p 2 1 675 244 34503 1378
p 2 1 681 238 33544 1348
p 2 1 657 262 32056 1305
p 2 3 620 297 32768 1235
p 2 0 677 243 33098 1292
p 2 0 691 229 33789 1333
p 2 2 681 237 34967 1351
p 2 0 610 310 33678 1255
p 2 0 670 250 31013 1298
p 2 1 677 242 35092 1318
p 2 2 686 232 36393 1365
p 2 0 622 298 36521 1305
p 2 0 673 247 36810 1317
p 2 0 674 246 35141 1285
p 2 1 687 232 32987 1280
p 2 0 616 304 34117 1230
p 2 1 651 268 35493 1300
p 2 0 657 263 35120 1309
p 2 0 657 263 35946 1308
p 2 0 642 278 31519 1240
p 2 0 638 282 34063 1256
p 2 0 755 165 36457 1401
p 2 3 660 257 36020 1299
p 2 0 639 281 36206 1245
p 2 2 640 278 36297 1228
p 2 3 635 282 32153 1210
p 2 3 639 278 33898 1254
p 2 2 596 322 35283 1236
p 2 1 649 270 37366 1284
p 2 0 650 270 37981 1300
p 2 1 657 262 37459 1320
p 2 2 651 267 33221 1318
p 2 0 661 259 36957 1325
p 2 4 606 310 37946 1270
p 2 1 649 270 39085 1302
p 2 1 650 269 38164 1296
p 2 0 660 260 38178 1297
p 2 0 627 293 36343 1257
p 2 2 646 272 38018 1284
p 2 1 649 270 37469 1256
p 2 1 652 267 37210 1251
p 2 2 615 303 36498 1210
p 2 2 652 266 33542 1236
p 2 1 652 267 36217 1269
p 2 3 671 246 37711 1317
p 2 2 661 257 38652 1310
p 2 2 671 247 39092 1299
p 2 3 689 228 38495 1280
p 2 2 682 236 35218 1231
p 2 1 621 298 35023 1138
p 2 0 659 261 35972 1174
p 2 0 677 243 37193 1235
p 2 2 669 249 38013 1271
p 2 3 612 305 36869 1219
p 2 6 663 251 34012 1300
p 2 3 649 268 38197 1263
p 2 1 662 257 39156 1295
p 2 5 617 298 39741 1259
p 2 1 672 247 40864 1309
p 2 1 678 241 39339 1316
p 2 2 679 239 37089 1312
p 2 2 628 290 37949 1255
p 2 0 657 263 38067 1248
p 2 2 659 259 38768 1281
p 2 1 656 263 38802 1286
p 2 0 616 304 34123 1251
p 2 1 645 274 35930 1289
p 2 0 637 283 36018 1231
p 2 3 673 244 35948 1278
p 2 0 744 176 38317 1387
p 2 1 668 251 38987 1303
p 2 0 621 299 34823 1229
p 2 0 662 258 36193 1242
p 2 1 668 251 36152 1248
p 2 0 659 261 37235 1249
p 2 4 665 251 38472 1310
p 2 1 650 269 38004 1311
p 2 0 596 324 33129 1206
p 2 0 645 275 39222 1267
p 2 1 671 248 38181 1290
p 2 1 657 262 38797 1291
p 2 3 605 312 39381 1269
p 2 1 650 269 40048 1316
p 2 0 658 262 37672 1301
p 2 0 661 259 39467 1298
p 2 3 659 258 49410 1338
p 2 2 663 255 38951 1307
p 2 2 622 296 39709 1285
p 2 0 667 253 34557 1278
p 2 1 665 254 37271 1288
p 2 1 662 257 37056 1263
p 2 1 651 268 37588 1255
p 2 2 679 239 39948 1318
p 2 0 683 237 41965 1349
p 2 3 679 238 39999 1358
p 2 2 706 212 42487 1405
p 2 4 681 235 43144 1378
p 2 2 697 221 42148 1401
p 2 1 677 242 42749 1379
p 2 2 627 291 43011 1301
p 2 3 660 257 39254 1292
p 2 0 696 224 41967 1304
p 2 2 671 247 42948 1308
p 2 2 684 234 44629 1377
p 2 11 692 217 44664 1434
p 2 3 724 193 44866 1418
p 2 1 734 185 43030 1422
p 2 0 696 224 43458 1356
p 2 0 720 200 44400 1391
p 2 1 693 226 43032 1362
p 2 1 653 266 42906 1313
p 2 0 675 245 40343 1310
p 2 0 691 229 41004 1296
p 2 1 679 240 41473 1290
p 2 1 695 224 42777 1341
p 2 3 659 258 42363 1300
p 2 1 660 259 42624 1291
p 2 143 622 155 51885 2156
p 2 0 696 224 37722 1222
p 2 3 656 261 37672 1182
p 2 0 692 228 38481 1225
p 2 0 661 259 41916 1208
p 2 3 628 289 39231 1202
p 2 1 632 287 35810 1172
p 2 0 707 213 40588 1261
p 2 0 634 286 40097 1175
p 2 1 687 232 40804 1237
p 2 4 631 285 41452 1221
p 2 2 618 300 40540 1202
p 2 0 656 264 38593 1216
p 2 0 673 247 39752 1217
p 2 0 635 285 41201 1173
p 2 0 608 312 41229 1148
p 2 0 616 304 42365 1156
p 2 1 649 270 41422 1214
p 2 5 609 306 41034 1175
p 2 0 595 325 40230 1129
p 2 0 620 300 39538 1144
p 2 0 639 281 39999 1159
p 2 0 615 305 40448 1147
p 2 0 640 280 42141 1185
p 2 0 633 287 40369 1160
p 2 0 723 197 42072 1263
p 2 0 641 279 41140 1174
p 2 1 604 315 41362 1143
p 2 1 601 318 40305 1152
p 2 1 650 269 38974 1196
p 2 0 591 329 39785 1097
p 2 0 583 337 41103 1114
p 2 0 578 342 42062 1105
p 2 4 750 166 42895 1357
p 2 0 664 256 40562 1198
p 2 21 632 267 58149 1391
p 2 0 647 273 37923 1139
p 2 1 663 256 42071 1166
p 2 0 674 246 43872 1202
p 2 0 692 228 46818 1250
p 2 1 660 259 43718 1219
p 2 4 654 262 38470 1192
p 2 0 590 330 39627 1108
p 2 1 635 284 43736 1186
p 2 0 648 272 44695 1209
p 2 0 628 292 44532 1165
p 2 0 653 267 43157 1178
p 2 1 608 311 37351 1081
p 2 0 642 278 38630 1144
p 2 1 636 283 37718 1139
p 2 0 582 338 38401 1074
p 2 0 662 258 37857 1160
p 2 0 579 341 30509 1039
p 2 135 648 137 85376 2419
p 2 2 680 238 44642 1372
p 2 0 678 242 44328 1273
p 2 0 689 231 42276 1270
p 2 0 647 273 40229 1200
p 2 0 664 256 42867 1240
p 2 0 687 233 41956 1223
p 2 0 654 266 41722 1178
p 2 5 620 295 43112 1179
p 2 1 647 272 42049 1222
p 2 0 678 242 43512 1243
p 2 0 659 261 44969 1213
p 2 2 634 284 45786 1241
p 2 4 702 214 47434 1375
p 2 7 675 238 47884 1371
p 2 1 703 216 52969 1380
p 2 3 700 217 54990 1401
p 2 0 709 211 55949 1381
p 2 1 715 204 54709 1391
p 2 6 732 182 54995 1434
p 2 3 706 211 53401 1400
p 2 2 716 202 50769 1407
p 2 3 672 245 46782 1324
p 2 0 708 212 47178 1335
p 2 0 720 200 45817 1306
p 2 0 756 164 46502 1374
p 2 2 703 215 37712 1274
p 2 3 652 265 42760 1237
p 2 0 687 233 43229 1239
p 2 4 685 231 44691 1276
p 2 3 686 231 45392 1275
p 2 2 634 284 46691 1234
p 2 1 675 244 40392 1243
p 2 1 661 258 47658 1247
p 2 9 712 199 48833 1388
p 2 6 656 258 48460 1320
p 2 2 647 271 47560 1286
p 2 3 698 219 42907 1342
p 2 1 686 233 47863 1315
p 2 3 693 224 52639 1389
p 2 4 673 243 56806 1376
p 2 5 700 215 58769 1435
p 2 8 665 247 57701 1381
p 2 6 675 239 56743 1388
p 2 4 658 258 56856 1355
p 2 6 627 287 55607 1319
p 2 1 654 265 50141 1273
p 2 1 706 213 50515 1331
p 2 2 694 224 48435 1304
p 2 1 672 247 46506 1246
p 2 6 694 220 47287 1285
p 2 0 697 223 47619 1268
p 2 0 673 247 49398 1256
p 2 1 649 270 50448 1246
p 2 1 667 252 46666 1239
p 2 0 710 210 50128 1302
p 2 4 673 243 51914 1283
p 2 5 733 182 52073 1364
p 2 1 685 234 51696 1292
p 2 1 628 291 49981 1213
p 2 2 697 221 48934 1264
p 2 1 672 247 53045 1241
p 2 0 716 204 56875 1304
p 2 0 666 254 59226 1259
p 2 2 643 275 60071 1294
p 2 4 668 248 59763 1339
p 2 2 702 216 60571 1375
p 2 3 696 221 61445 1370
p 2 5 731 184 57300 1384
p 2 2 732 186 54127 1365
p 2 4 705 211 57010 1357
p 2 1 642 277 47279 1240
p 2 5 681 234 52574 1301
p 2 6 712 202 54678 1328
p 2 0 708 212 53211 1282
p 2 0 645 275 55713 1235
p 2 2 735 183 55482 1362
p 2 1 668 251 48538 1293
p 2 7 674 239 71822 1452
p 2 5 730 185 63864 1419
p 2 1 717 202 65056 1390
p 2 9 677 234 65322 1414
p 2 0 719 201 64387 1375
p 2 4 725 191 61858 1418
p 2 0 724 196 64944 1403
p 2 2 744 174 67010 1447
p 2 266 544 110 84220 2776
p 2 26 716 178 63479 1623
p 2 35 709 176 46570 1639
p 2 34 720 166 46655 1683
p 2 7 690 223 44568 1466
p 2 20 749 151 64156 1730
p 2 21 729 170 65457 1682
p 2 15 740 165 65658 1655
p 2 17 745 158 66193 1631
p 2 9 723 188 62932 1552
p 2 10 744 166 62190 1517
p 2 14 742 164 61509 1558
p 2 30 739 151 63310 1670
p 2 41 728 151 66405 1761
p 2 13 734 173 61854 1614
p 2 5 709 206 61514 1486
p 2 10 728 182 62465 1585
p 2 22 728 170 61938 1621
p 2 17 732 171 59398 1589
p 2 18 685 217 58944 1509
p 2 8 732 180 61333 1509
p 2 4 746 170 59153 1488
p 2 16 726 178 58603 1520
p 2 39 722 159 60087 1604
p 2 41 714 165 46191 1617
p 2 17 736 167 47841 1554
p 2 15 657 248 46444 1466
p 2 32 698 190 62465 1634
p 2 36 705 179 64004 1661
p 2 26 651 243 62963 1514
p 2 14 719 187 63294 1522
p 2 11 720 189 64161 1538
p 2 19 706 195 66228 1555
p 2 29 691 200 66291 1636
p 2 42 682 196 68258 1731
p 2 42 696 182 68800 1751
p 2 21 722 177 67088 1635
p 2 23 689 208 68399 1581
p 2 34 714 172 68988 1685
p 2 31 725 164 68471 1695
p 2 31 717 172 68899 1731
p 2 19 740 161 69067 1659
p 2 9 751 160 67289 1580
p 2 8 684 228 68096 1513
p 2 13 730 177 54123 1562
p 2 11 723 186 54532 1522
p 2 12 687 221 60902 1477
p 2 7 707 206 67576 1459
p 2 5 752 163 66776 1461
p 2 7 787 126 68080 1574
p 2 4 799 117 66847 1591
p 2 2 766 152 66235 1537
p 2 3 750 167 68657 1570
p 2 6 749 165 70796 1622
p 2 13 770 137 70451 1660
p 2 31 754 135 72686 1782
p 2 54 735 131 70384 1902
p 2 33 731 156 70594 1787
p 2 14 722 184 69631 1666
p 2 10 740 170 71530 1684
p 2 6 764 150 70196 1658
p 2 10 769 141 72453 1716
p 2 11 752 157 72171 1711
p 2 17 737 166 74589 1762
p 2 30 716 174 72977 1809
p 2 31 747 142 73910 1815
p 2 13 724 183 58938 1624
p 2 29 718 173 82561 1844
p 2 20 723 177 75529 1820
p 2 24 746 150 76601 1863
p 2 38 731 151 77280 1891
p 2 71 733 116 78139 2089
p 2 61 809 50 75579 2163
p 2 48 738 134 70477 1995
p 2 28 753 139 72246 1880
p 2 27 759 134 69548 1861
p 2 27 753 140 69915 1810
p 2 20 761 139 69400 1768
p 2 44 757 119 67469 1926
p 2 44 734 142 66918 1976
p 2 22 772 126 70343 1885
p 2 13 759 148 67611 1753
p 2 12 766 142 67651 1703
p 2 12 765 143 61829 1678
p 2 29 742 149 65991 1733
p 2 34 757 129 71238 1854
p 2 31 716 173 71030 1810
p 2 27 677 216 71510 1767
p 2 43 778 99 99080 2139
p 2 21 757 142 81263 1864
p 2 20 757 143 79720 1823
p 2 21 751 148 79557 1819
p 2 15 771 134 77636 1740
p 2 24 734 162 73246 1694
p 2 18 734 168 69899 1653
p 2 274 579 67 88445 2712
p 2 3 776 141 61946 1489
p 2 1 769 150 61488 1467
p 2 0 762 158 60993 1445
p 2 0 709 211 60315 1392
p 2 0 732 188 62519 1429
p 2 1 770 149 62358 1489
p 2 0 731 189 62756 1433
p 2 1 691 228 62563 1358
p 2 0 684 236 55112 1275
p 2 1 698 221 55535 1307
p 2 0 752 168 59733 1412
p 2 0 714 206 59102 1380
p 2 1 656 263 59198 1322
p 2 0 740 180 59829 1398
p 2 0 721 199 58619 1391
p 2 2 730 188 59828 1425
p 2 0 704 216 60761 1395
p 2 4 729 187 62027 1441
p 2 1 717 202 61086 1368
p 2 1 713 206 59495 1335
p 2 0 657 263 49713 1242
p 2 0 686 234 57444 1301
p 2 6 725 189 59304 1407
p 2 0 701 219 58741 1332
p 2 1 681 238 60254 1354
p 2 3 742 175 61463 1440
p 2 3 708 209 58632 1385
p 2 0 668 252 60634 1324
p 2 0 694 226 60945 1332
p 2 0 725 195 61639 1386
p 2 6 706 208 58646 1387
p 2 1 658 261 50414 1273
p 2 0 691 229 55757 1313
p 2 1 706 213 55965 1320
p 2 0 680 240 56109 1287
p 2 0 639 281 57283 1246
p 2 0 677 243 59093 1279
p 2 3 686 231 57561 1308
p 2 226 612 82 84317 2617
p 2 0 739 181 60035 1324
p 2 0 734 186 60242 1317
p 2 1 703 216 59505 1300
p 2 0 747 173 59279 1327
p 2 2 684 234 56612 1260
p 2 2 735 183 60353 1349
p 2 9 743 168 63550 1423
p 2 8 736 176 68246 1465
p 2 13 730 177 68050 1532
p 2 6 794 120 68261 1594
p 2 4 732 184 64807 1477
p 2 3 744 173 68129 1487
p 2 2 758 160 66635 1479
p 2 1 740 179 66170 1435
p 2 1 699 220 63096 1395
p 2 0 720 200 63266 1431
p 2 3 736 181 66675 1537
p 2 8 700 212 69388 1586
p 2 7 741 172 70342 1630
p 2 13 696 211 72169 1607
p 2 3 734 183 66891 1503
p 2 1 769 150 67093 1515
p 2 3 806 111 69640 1595
p 2 1 727 192 69311 1485
p 2 0 725 195 67692 1449
p 2 2 744 174 67976 1456
p 2 1 711 208 58799 1389
p 2 5 726 189 64416 1478
p 2 5 744 171 66789 1524
p 2 5 731 184 68486 1524
p 2 10 694 216 66000 1471
p 2 2 722 196 65640 1411
p 2 0 740 180 61097 1417
p 2 0 714 206 62556 1377
p 2 1 696 223 67078 1386
p 2 0 732 188 63204 1351
p 2 1 735 184 62514 1345
p 2 0 728 192 62782 1328
p 2 2 684 234 62401 1288
p 2 1 710 209 60161 1296
p 2 1 729 190 61623 1301
p 2 0 699 221 61609 1260
p 2 0 708 212 60290 1264
p 2 264 556 100 85456 2680
p 2 3 723 194 46267 1385
p 2 2 638 280 45486 1267
p 2 0 646 274 43507 1264
p 2 0 732 188 61153 1437
p 2 1 740 179 62740 1465
p 2 0 789 131 62685 1512
p 2 0 763 157 63559 1448
p 2 1 729 190 61295 1416
p 2 5 747 168 63617 1468
p 2 2 776 142 64236 1505
p 2 1 753 166 62920 1456
p 2 0 716 204 64021 1387
p 2 4 743 173 57978 1395
p 2 1 765 154 60411 1444
p 2 2 738 180 60246 1431
p 2 1 761 158 59898 1456
p 2 3 750 167 59297 1428
p 2 12 691 217 58122 1367
p 2 1 738 181 60096 1391
p 2 2 754 164 58931 1427
p 2 3 763 154 60114 1441
p 2 6 719 195 59514 1408
p 2 0 678 242 44323 1277
p 2 3 638 279 45739 1214
p 2 4 659 257 45143 1254
p 2 5 726 189 58545 1390
p 2 3 690 227 59403 1369
p 2 0 727 193 60616 1394
p 2 3 706 211 60099 1355
p 2 0 666 254 61593 1326
p 2 0 695 225 62307 1359
p 2 2 712 206 61452 1391
p 2 4 693 223 61645 1358
p 2 0 660 260 60040 1263
p 2 0 682 238 60497 1289
p 2 4 702 214 63009 1373
p 2 1 678 241 63264 1344
p 2 1 687 232 61582 1325
p 2 237 565 118 79256 2400
p 2 0 727 193 66960 1321
p 2 2 719 199 60115 1334
p 2 0 695 225 59438 1296
p 2 0 711 209 44468 1247
p 2 3 701 216 44216 1232
p 2 0 664 256 43538 1157
p 2 1 706 213 58299 1325
p 2 15 700 205 61503 1441
p 2 44 696 180 66194 1599
p 2 18 703 199 64071 1518
p 2 0 757 163 63531 1438
p 2 1 711 208 65482 1382
p 2 2 730 188 67019 1426
p 2 2 715 203 65914 1409
p 2 15 765 140 67827 1628
p 2 33 706 181 67540 1699
p 2 40 701 179 69127 1747
p 2 27 722 171 67937 1703
p 2 5 769 146 67419 1564
p 2 11 754 155 67566 1533
p 2 9 730 181 66461 1515
p 2 9 739 172 66243 1573
p 2 5 770 145 66573 1565
p 2 5 764 151 66760 1663
p 2 25 787 108 68003 1816
p 2 31 731 158 53842 1762
p 2 19 731 170 55541 1640
p 2 7 712 201 53677 1484
p 2 10 742 168 65718 1590
p 2 4 771 145 68736 1572
p 2 9 775 136 69291 1636
p 2 9 757 154 68872 1614
p 2 19 767 134 73088 1794
p 2 28 736 156 74275 1807
p 2 34 716 170 71003 1860
p 2 25 707 188 63596 1739
p 2 8 725 187 58186 1592
p 2 22 690 208 65939 1626
p 2 10 708 202 70961 1620
p 2 5 713 202 73252 1645
p 2 3 750 167 71200 1664
p 2 2 728 190 68010 1605
p 2 3 732 185 64415 1577
p 2 2 728 190 62374 1576
p 2 2 741 177 61912 1585
p 2 7 727 186 61963 1562
p 2 5 676 239 61334 1466
p 2 2 744 174 58748 1500
p 2 1 830 89 62639 1659
p 2 86 690 144 71364 2008
p 2 67 707 146 67674 2018
p 2 83 684 153 72176 2071
p 2 12 751 157 69523 1794
p 2 21 742 157 66607 1781
p 2 30 732 158 70519 1864
p 2 33 715 172 67951 1835
p 2 14 766 140 66722 1853
p 2 16 733 171 65612 1791
p 2 29 729 162 69581 1892
p 2 16 754 150 64406 1810
p 2 13 770 137 67981 1827
p 2 24 747 149 69054 1817
p 2 14 768 138 67409 1756
p 2 20 734 166 63431 1728
p 2 10 745 165 61895 1636
p 2 7 723 190 60800 1558
p 2 3 820 97 63056 1631
p 2 9 784 127 61936 1598
p 2 5 759 156 61621 1506
p 2 3 729 188 62978 1430
p 2 9 718 193 59035 1433
p 2 4 733 183 58412 1433
p 2 1 747 172 59093 1431
p 2 2 701 217 59230 1395
p 2 5 722 193 58150 1416
p 2 5 734 181 58036 1423
p 2 3 707 210 57033 1349
p 2 5 674 241 57397 1317
p 2 5 719 196 56803 1372
p 2 2 701 217 56416 1333
p 2 0 688 232 59032 1307
p 2 2 675 243 57760 1303
p 2 0 708 212 55006 1292
p 2 0 703 217 58659 1292
p 2 0 702 218 58180 1289
p 2 1 690 229 58574 1294
p 2 297 519 104 74101 2433
p 2 1 645 274 50089 1133
p 2 24 567 329 50668 1154
p 2 48 604 268 53282 1328
p 2 263 512 145 73803 2377
p 2 28 734 158 55339 1601
p 2 8 731 181 55887 1530
p 2 7 746 167 53804 1516
p 2 8 770 142 54594 1529
p 2 15 728 177 55546 1534
p 2 0 672 248 51840 1222
p 2 0 677 243 51434 1182
p 2 9 701 210 52927 1278
p 2 27 609 284 52289 1279
p 2 41 633 246 52795 1379
p 2 255 565 100 76348 2427
p 2 16 750 154 58288 1534
p 2 5 760 155 59459 1506
p 2 5 757 158 60092 1518
p 2 10 754 156 59446 1523
p 2 29 743 148 61976 1628
p 2 38 709 173 59253 1550
p 2 176 568 176 65906 2117
p 2 66 671 183 72013 1877
p 2 30 741 149 65463 1746
p 2 13 752 155 67195 1648
p 2 5 783 132 65515 1588
p 2 20 747 153 78187 1710
p 2 3 736 181 63069 1494
p 2 3 736 181 67463 1526
p 2 6 756 158 67177 1598
p 2 11 756 153 68632 1645
p 2 4 817 99 69828 1672
p 2 10 745 165 65881 1599
p 2 15 733 172 69054 1646
p 2 15 748 157 70055 1718
p 2 14 770 136 70881 1734
p 2 14 736 170 70688 1666
p 2 22 753 145 70857 1696
p 2 18 738 164 64010 1593
p 2 7 756 157 64886 1551
p 2 7 733 180 63097 1479
p 2 17 753 150 64663 1592
p 2 20 726 174 65528 1622
p 2 16 715 189 62274 1639
p 2 18 714 188 61158 1637
p 2 29 721 170 61082 1685
p 2 301 526 93 70703 2513
p 2 6 726 188 47715 1373
p 2 5 658 257 46537 1280
p 2 5 661 254 47047 1283
p 2 1 686 233 47545 1278
p 2 28 754 138 75358 1683
p 2 20 737 163 71689 1576
p 2 24 774 122 67513 1599
p 2 24 774 122 63259 1567
p 2 28 789 103 60910 1630
p 2 15 723 182 54735 1441
p 2 15 797 108 50116 1532
p 2 9 775 136 49064 1439
p 2 3 794 123 46437 1422
p 2 2 725 193 43983 1255
p 2 5 630 285 42630 1140
p 2 0 719 201 40697 1194
p 2 2 678 240 38645 1141
p 2 0 683 237 37919 1132
p 2 0 635 285 38245 1088
p 2 0 638 282 38400 1085
p 2 0 596 324 38248 1022
p 2 0 604 316 39063 1034
p 2 252 581 87 69300 2708
p 2 24 648 248 54155 1584
p 2 10 647 263 53030 1503
p 2 3 624 293 51444 1372
p 2 2 683 235 49813 1392
p 2 4 686 230 47239 1315
p 2 1 662 257 45278 1196
p 2 4 574 342 43863 1095
p 2 1 611 308 43133 1135
p 2 4 654 262 50831 1326
p 2 18 661 241 58969 1583
p 2 22 691 207 65186 1767
p 2 36 687 197 65543 1861
p 2 42 632 246 65270 1872
p 2 18 693 209 62727 1705
p 2 8 730 182 58112 1651
p 2 9 678 233 54474 1512
p 2 8 671 241 54531 1460
p 2 287 540 93 70448 2611
p 2 7 656 257 43834 1344
p 2 8 801 111 46779 1572
p 2 8 743 169 47393 1513
p 2 11 669 240 45678 1388
p 2 6 673 241 45079 1306
p 2 5 666 249 41952 1248
p 2 4 590 326 44163 1162
p 2 3 648 269 40978 1153
p 2 1 648 271 39920 1106
p 2 0 618 302 41926 1079
p 2 1 648 271 42607 1129
p 2 2 607 311 40207 1057
p 2 4 571 345 40831 1067
p 2 9 599 312 39838 1141
p 2 3 653 264 39376 1207
p 2 7 619 294 39147 1223
p 2 7 574 339 42739 1208
p 2 2 624 294 42753 1232
p 2 0 647 273 41041 1214
p 2 0 643 277 36853 1194
p 2 0 580 340 37746 1106
p 2 0 589 331 40479 1140
p 2 2 593 325 40315 1175
p 2 2 657 261 41542 1253
p 2 7 628 285 43268 1264
p 2 9 597 314 42140 1235
p 2 0 569 351 38405 1053
p 2 1 607 312 36248 1055
p 2 0 634 286 35359 1049
p 2 0 606 314 35154 1041
p 2 1 630 289 36227 1075
p 2 0 610 310 37867 1064
p 2 0 555 365 37388 992
p 2 0 599 321 36961 1017
p 2 0 609 311 38278 1042
p 2 4 593 323 39441 1047
p 2 0 559 361 37439 993
p 2 0 590 330 37908 1048
p 2 0 602 318 39243 1074
p 2 0 609 311 40066 1102
p 2 0 573 347 39876 1073
p 2 0 599 321 37505 1112
p 2 1 622 297 41834 1160
p 2 9 583 328 41002 1181
p 2 11 562 347 41527 1199
p 2 4 603 313 42773 1261
p 2 7 634 279 42265 1318
p 2 4 624 292 41547 1313
p 2 7 622 291 42353 1267
p 2 2 601 317 39069 1199
p 2 3 620 297 38038 1215
p 2 0 642 278 35236 1171
p 2 0 622 298 36027 1140
p 2 0 639 281 36750 1141
p 2 0 608 312 34746 1045
p 2 0 559 361 35885 1013
p 2 0 566 354 35831 1029
p 2 1 576 343 38327 1084
p 2 3 619 298 34770 1122
p 2 0 608 312 35432 1144
p 2 0 572 348 35288 1083
p 2 1 599 320 35744 1121
p 2 0 624 296 34572 1158
p 2 0 597 323 31900 1112
p 2 0 565 355 34184 1065
p 2 1 582 337 34172 1085
p 2 0 618 302 33189 1134
p 2 1 595 324 34504 1138
p 2 0 576 344 34076 1083
p 2 0 597 323 33169 1048
p 2 0 646 274 32634 1069
p 2 0 597 323 30425 1013
p 2 0 526 394 29675 941
p 2 2 567 351 27318 964
p 2 1 582 337 29193 978
p 2 0 577 343 31246 997
p 2 2 581 337 32817 1038
p 2 0 575 345 33716 1039
p 2 0 600 320 34710 1063
p 2 0 588 332 35302 1072
p 2 1 552 367 33053 1013
p 2 0 579 341 35162 1048
p 2 4 596 320 35188 1094
p 2 6 589 325 34993 1091
p 2 3 560 357 34382 1069
p 2 0 571 349 32217 1071
p 2 2 593 325 34006 1073
p 2 3 560 357 34982 1039
p 2 2 591 327 36128 1103
p 2 313 385 222 57731 2403
p 2 12 603 305 34854 1178
p 2 0 560 360 32757 1007
p 2 0 565 355 31946 986
p 2 0 575 345 30332 964
p 2 0 605 315 30342 1011
p 2 0 500 420 28690 863
p 2 0 566 354 31096 952
p 2 0 572 348 30289 957
p 2 2 551 367 31948 1007
p 2 1 540 379 34492 1031
p 2 15 617 288 37554 1226
p 2 18 583 319 37912 1227
p 2 24 546 350 36433 1248
p 2 24 610 286 37104 1288
p 2 10 596 314 35399 1211
p 2 3 563 354 33863 1120
p 2 0 621 299 33649 1140
p 2 0 610 310 30202 1104
p 2 0 616 304 32473 1179
p 2 0 588 332 34383 1133
p 2 5 643 272 35780 1299
p 2 5 623 292 36460 1282
p 2 2 595 323 34522 1211
p 2 2 555 363 32860 1119
p 2 0 615 305 31913 1154
p 2 0 626 294 27811 1111
p 2 0 589 331 27950 1032
p 2 0 566 354 26757 1030
p 2 0 591 329 27765 1029
p 2 0 615 305 27932 1046
p 2 1 579 340 28002 1011
p 2 0 510 410 28023 954
p 2 1 573 346 28459 1020
p 2 0 597 323 29528 1047
p 2 0 528 392 28327 978
p 2 0 513 407 29425 967
p 2 1 538 381 29920 1000
p 2 1 558 361 29026 1011
p 2 0 527 393 28030 973
p 2 0 526 394 24460 956
p 2 1 524 395 27762 971
p 2 0 525 395 27108 958
p 2 294 424 202 48800 2192
p 2 2 616 302 31220 1115
p 2 3 534 383 31141 1020
p 2 4 533 383 32844 1036
p 2 0 565 355 28799 1024
p 2 0 608 312 28476 1035
p 2 2 568 350 28472 990
p 2 3 529 388 27813 942
p 2 0 560 360 29734 967
p 2 0 567 353 30754 980
p 2 1 541 378 31236 970
p 2 4 569 347 31362 1033
p 2 0 559 361 30682 1039
p 2 1 528 391 30723 1034
p 2 0 581 339 28582 1072
p 2 0 573 347 31379 1069
p 2 3 499 418 31455 1005
p 2 1 584 335 32452 1061
p 2 2 517 401 31559 987
p 2 7 524 389 30778 1008
p 2 0 537 383 27252 956
p 2 5 560 355 31664 1009
p 2 0 522 398 33340 955
p 2 1 554 365 34295 998
p 2 0 560 360 34704 1013
p 2 2 528 390 35864 1033
p 2 4 543 373 35191 1101
p 2 6 583 331 33552 1149
p 2 3 504 413 30732 1038
p 2 4 563 353 34410 1125
p 2 0 551 369 35105 1104
p 2 0 515 405 34664 1052
p 2 0 580 340 33760 1098
p 2 0 534 386 32974 1021
p 2 5 497 418 29531 976
p 2 0 540 380 32421 999
p 2 0 527 393 33071 965
p 2 195 462 263 49901 1874
p 2 5 596 319 37832 1116
p 2 2 605 313 37696 1092
p 2 2 594 324 41159 1099
p 2 0 595 325 41556 1088
p 2 5 585 330 38833 1109
p 2 1 532 387 39338 1033
p 2 7 566 347 41474 1131
p 2 5 581 334 41908 1152
p 2 7 586 327 37935 1147
p 2 2 577 341 39996 1095
p 2 3 547 370 40828 1041
p 2 5 612 303 37336 1100
p 2 8 557 355 37826 1042
p 2 4 603 313 41205 1133
p 2 6 531 383 43162 1118
p 2 7 565 348 43059 1173
p 2 7 548 365 42767 1145
p 2 5 593 322 41929 1158
p 2 3 559 358 38740 1067
p 2 5 521 394 37828 1031
p 2 2 513 405 36494 971
p 2 0 571 349 33438 984
p 2 0 504 416 30096 905
p 2 0 535 385 31148 928
p 2 0 535 385 32391 937
p 2 0 473 447 31350 888
p 2 0 535 385 29827 948
p 2 1 563 356 32556 1008
p 2 0 532 388 31867 993
p 2 0 526 394 31423 985
p 2 1 537 382 28329 985
p 2 3 532 385 28843 961
p 2 1 555 364 28057 952
p 2 2 480 438 28301 870
p 2 0 469 451 29303 874
p 2 3 627 290 29855 1092
p 2 0 519 401 33544 1000
p 2 1 522 397 34340 1026
p 2 1 528 391 35612 1011
p 2 1 549 370 35634 1015
p 2 0 525 395 35702 980
p 2 0 531 389 35959 992
p 2 2 527 391 35790 982
p 2 3 468 449 34633 930
p 2 0 496 424 33386 939
p 2 0 517 403 32018 954
p 2 0 493 427 33312 957
p 2 0 471 449 33357 935
p 2 0 468 452 31818 923
p 2 1 504 415 31317 968
p 2 1 529 390 31075 988
p 2 0 519 401 31692 986
p 2 1 495 424 31371 965
p 2 1 546 373 29980 1018
p 2 1 521 398 28372 963
p 2 0 515 405 29316 958
p 2 0 500 420 30781 944
p 2 0 462 458 30313 914
p 2 4 443 473 28967 915
p 2 0 584 336 32931 1052
p 2 0 529 391 34698 971
p 2 1 465 454 33819 885
p 2 0 489 431 34282 895
p 2 0 513 407 35079 925
p 2 2 500 418 35464 937
p 2 3 450 467 35269 924
p 2 1 476 443 33899 951
p 2 2 509 409 33699 972
p 2 2 486 432 29951 944
p 2 0 509 411 31432 962
p 2 0 474 446 32247 941
p 2 1 530 389 31679 1002
p 2 0 497 423 28725 944
p 2 1 465 454 29853 924
p 2 0 513 407 30278 957
p 2 0 467 453 29393 907
p 2 0 485 435 25437 891
p 2 0 530 390 25792 932
p 2 0 460 460 25060 826
p 2 0 414 506 24162 796
p 2 2 382 536 24477 788
p 2 1 678 241 27042 1156
p 2 0 581 339 29779 1019
p 2 0 611 309 30577 1056
p 2 3 562 355 31896 1018
p 2 2 583 335 32734 1043
p 2 0 578 342 32238 1018
p 2 0 488 432 31561 944
p 2 0 506 414 30771 914
p 2 0 577 343 30485 975
p 2 0 517 403 28195 913
p 2 0 545 375 27823 956
p 2 0 517 403 29622 951
p 2 2 469 449 29866 938
p 2 0 512 408 28171 930
p 2 0 529 391 26807 910
p 2 0 519 401 28065 901
p 2 1 535 384 26990 929
p 2 0 541 379 26677 924
p 2 3 538 379 25280 937
p 2 0 540 380 24720 895
p 2 0 482 438 24085 825
p 2 0 491 429 24912 850
p 2 0 544 376 25941 893
p 2 2 506 412 25223 864
p 2 2 519 399 28684 902
p 2 0 455 465 30806 826
p 2 1 620 299 32360 1014
p 2 0 512 408 31682 896
p 2 0 536 384 32405 919
p 2 0 551 369 33902 922
p 2 0 511 409 34376 895
p 2 7 513 400 33177 928
p 2 0 548 372 32720 929
p 2 0 534 386 30215 910
p 2 0 483 437 30977 877
p 2 0 525 395 31109 909
p 2 1 533 386 31060 927
p 2 0 522 398 29708 876
p 2 0 517 403 31296 882
p 2 3 533 384 32125 925
p 2 0 572 348 31444 946
p 2 0 521 399 27105 881
p 2 0 490 430 26844 850
p 2 0 526 394 26956 871
p 2 0 561 359 27808 922
p 2 0 506 414 26666 856
p 2 0 539 381 26979 878
p 2 0 536 384 31971 905
p 2 0 547 373 33252 944
p 2 0 516 404 33135 914
p 2 3 601 316 34211 1025
p 2 3 538 379 34514 941
p 2 5 516 399 37617 946
p 2 1 556 363 33643 924
p 2 5 537 378 33710 950
p 2 0 557 363 32994 933
p 2 0 470 450 32210 861
p 2 1 516 403 31480 907
p 2 1 532 387 32092 949
p 2 0 520 400 32387 917
p 2 2 502 416 31190 888
p 2 0 498 422 30817 868
p 2 170 466 284 52656 1887
p 2 0 551 369 32216 958
p 2 0 568 352 32689 1015
p 2 0 519 401 32245 974
p 2 0 578 342 33184 1045
p 2 1 545 374 31718 978
p 2 0 538 382 29887 958
p 2 0 499 421 28231 887
p 2 0 483 437 32040 866
p 2 0 516 404 31519 896
p 2 1 512 407 31707 890
p 2 1 499 420 32852 883
p 2 281 383 256 41992 2001
p 2 258 425 237 44063 2022
p 2 29 668 223 41471 1565
p 2 8 616 296 37762 1290
p 2 37 605 278 38538 1442
p 2 193 458 269 41012 1808
p 2 198 485 237 42519 1866
p 2 204 480 236 43699 1863
p 2 194 488 238 46655 1853
p 2 3 666 251 41107 1239
p 2 3 638 279 41481 1230
p 2 12 578 330 39655 1199
p 2 2 628 290 35118 1193
p 2 0 660 260 35158 1224
p 2 1 609 310 33777 1163
p 2 1 618 301 33897 1166
p 2 0 635 285 39371 1188
p 2 0 622 298 39418 1171
p 2 1 576 343 40938 1125
p 2 1 634 285 40306 1184
p 2 2 664 254 40179 1229
p 2 6 628 286 43719 1228
p 2 8 572 340 43345 1173
p 2 3 608 309 41563 1182
p 2 5 652 263 44722 1246
p 2 5 622 293 45930 1235
p 2 9 626 285 45102 1256
p 2 7 629 284 43989 1253
p 2 3 576 341 44206 1146
p 2 1 582 337 44823 1130
p 2 5 640 275 43413 1191
p 2 9 588 323 45029 1153
p 2 5 604 311 44799 1150
p 2 328 400 192 68861 2474
p 2 19 632 269 54135 1477
p 2 13 642 265 52426 1447
p 2 6 678 236 50488 1434
p 2 5 655 260 49544 1390
p 2 5 631 284 47701 1331
p 2 4 646 270 47281 1304
p 2 4 662 254 40976 1307
p 2 4 644 272 42795 1327
p 2 3 677 240 43843 1371
p 2 9 647 264 42311 1400
p 2 6 672 242 41607 1387
p 2 1 662 257 40864 1337
p 2 2 693 225 42024 1363
p 2 1 661 258 38714 1290
p 2 2 599 319 37377 1236
p 2 2 640 278 38322 1301
p 2 4 664 252 36957 1305
p 2 0 647 273 36598 1247
p 2 0 609 311 38585 1200
p 2 1 641 278 38813 1213
p 2 1 670 249 39415 1264
p 2 0 629 291 40049 1207
p 2 0 624 296 41996 1205
p 2 0 655 265 39215 1230
p 2 6 753 161 39142 1334
p 2 0 663 257 37407 1198
p 2 0 683 237 38081 1214
p 2 0 650 270 36658 1145
p 2 0 608 312 33403 1112
p 2 0 637 283 35369 1112
p 2 5 681 234 40628 1222
p 2 149 488 283 44517 1818
p 2 1 664 255 42350 1232
p 2 2 642 276 43572 1223
p 2 4 608 308 44150 1234
p 2 7 628 285 41077 1264
p 2 6 629 285 38990 1278
p 2 3 634 283 38475 1261
p 2 8 639 273 37137 1295
p 2 4 636 280 37315 1249
p 2 1 656 263 38695 1252
p 2 3 623 294 40489 1237
p 2 3 651 266 39806 1273
p 2 2 639 279 39526 1259
p 2 7 677 236 40835 1323
p 2 1 651 268 38252 1264
p 2 1 642 277 38125 1229
p 2 5 640 275 39169 1277
p 2 0 739 181 40018 1391
p 2 0 679 241 39090 1290
p 2 2 686 232 35324 1304
p 2 0 652 268 39326 1222
p 2 0 666 254 39669 1241
p 2 0 643 277 38746 1189
p 2 0 602 318 39410 1160
p 2 0 640 280 39867 1189
p 2 1 660 259 41193 1236
p 2 1 649 270 38974 1251
p 2 1 609 310 38382 1190
p 2 0 648 272 37805 1182
p 2 1 662 257 37480 1215
p 2 1 613 306 38155 1134
p 2 1 589 330 39065 1115
p 2 0 622 298 38178 1132
p 2 0 645 275 38129 1166
p 2 1 622 297 38574 1145
p 2 141 508 271 46931 1888
p 2 0 652 268 36909 1157
p 2 0 681 239 38575 1191
p 2 0 651 269 40710 1169
p 2 2 658 260 40559 1245
p 2 2 664 254 38554 1278
p 2 3 714 203 36932 1348
p 2 3 648 269 39030 1280
p 2 0 622 298 38462 1183
p 2 0 640 280 38204 1225
p 2 1 679 240 39294 1286
p 2 2 643 275 39663 1265
p 2 0 659 261 43392 1278
p 2 0 651 269 38020 1253
p 2 0 607 313 36651 1173
p 2 2 626 292 37694 1231
p 2 6 652 262 38195 1296
p 2 9 617 294 38885 1250
p 2 1 603 316 38180 1186
p 2 2 616 302 36408 1159
p 2 2 646 272 34567 1143
p 2 0 604 316 35694 1097
p 2 3 599 318 36442 1139
p 2 0 594 326 34637 1128
p 2 1 641 278 36798 1187
p 2 0 601 319 37490 1154
p 2 0 590 330 37235 1127
p 2 3 591 326 36475 1140
p 2 0 627 293 32175 1124
p 2 0 605 315 34702 1102
p 2 0 613 307 35576 1103
p 2 0 609 311 35774 1095
p 2 0 639 281 36108 1114
p 2 0 622 298 36285 1110
p 2 1 581 338 37084 1097
p 2 1 592 327 35697 1116
p 2 5 614 301 33713 1202
p 2 3 602 315 32719 1169
p 2 1 642 277 31559 1176
p 2 0 606 314 32764 1112
p 2 0 581 339 34406 1120
p 2 0 599 321 32204 1102
p 2 0 627 293 32485 1129
p 2 3 576 341 31158 1117
p 2 1 562 357 32326 1104
p 2 0 601 319 30959 1122
p 2 0 646 274 33439 1156
p 2 0 656 264 35301 1178
p 2 0 602 318 32103 1052
p 2 0 562 358 33603 1039
p 2 3 591 326 30101 1084
p 2 0 601 319 32103 1078
p 2 0 567 353 31166 1011
p 2 1 539 380 32471 983
p 2 1 548 371 33712 997
p 2 0 550 370 33071 1005
p 2 0 614 306 34671 1097
p 2 1 580 339 32852 1067
p 2 1 566 353 31430 1067
p 2 0 563 357 30540 1074
p 2 1 595 324 29999 1109
p 2 0 581 339 33147 1099
p 2 289 403 228 53224 2368
p 2 0 667 253 37466 1242
p 2 3 636 281 40196 1253
p 2 2 641 277 38618 1275
p 2 4 647 269 42761 1350
p 2 14 613 293 41793 1461
p 2 27 609 284 40883 1529
p 2 9 656 255 39270 1465
p 2 2 642 276 36100 1322
p 2 0 595 325 34909 1189
p 2 0 620 300 31346 1181
p 2 0 632 288 33004 1159
p 2 0 625 295 32623 1126
p 2 0 648 272 33617 1154
p 2 0 762 158 34962 1300
p 2 0 665 255 31590 1202
p 2 0 683 237 30961 1269
p 2 0 640 280 30968 1229
p 2 0 606 314 30324 1234
p 2 0 597 323 29443 1198
p 2 0 678 242 28540 1273
p 2 0 602 318 27877 1125
p 2 0 568 352 25394 1048
p 2 0 579 341 24566 1000
i 2 920 0 0 91679 4407
p 2 4 590 326 27229 1103
p 2 2 528 390 27304 1044
p 2 0 482 438 27039 998
p 2 1 533 386 33389 1127
p 2 1 548 371 31717 1135
p 2 1 640 279 33702 1230
p 2 0 584 336 32851 1120
p 2 1 537 382 30601 1054
p 2 2 554 364 33432 1057
p 2 0 607 313 33682 1112
p 2 0 558 362 32291 1049
p 2 2 532 386 32228 1032
p 2 3 581 336 31371 1079
p 2 306 407 207 56845 2398
p 2 8 579 333 31905 1109
p 2 1 602 317 31085 1083
p 2 3 602 315 31445 1122
p 2 4 546 370 29947 1068
p 2 1 642 277 29801 1145
p 2 4 605 311 30199 1138
p 2 4 547 369 33421 1097
p 2 12 619 289 33717 1210
p 2 6 600 314 33202 1184
p 2 7 559 354 32527 1140
p 2 4 530 386 30624 1086
p 2 4 589 327 29321 1127
p 2 0 622 298 27580 1113
p 2 1 600 319 25926 1091
p 2 1 616 303 27646 1097
p 2 2 587 331 27520 1095
p 2 0 558 362 27609 1047
p 2 2 588 330 28089 1091
p 2 3 602 315 29117 1113
p 2 1 597 322 28772 1093
p 2 0 561 359 26449 1041
p 2 0 613 307 27098 1087
p 2 1 600 319 26188 1071
p 2 0 578 342 26207 1031
p 2 0 588 332 27206 1037
p 2 1 626 293 28252 1105
p 2 0 593 327 28242 1045
p 2 7 543 370 27159 1028
p 2 0 595 325 28012 1040
p 2 3 567 350 30051 1072
p 2 0 592 328 29857 1085
p 2 0 581 339 31094 1076
p 2 0 603 317 31704 1086
p 2 1 586 333 31164 1087
p 2 1 569 350 29342 1054
p 2 3 582 335 26906 1072
p 2 0 604 316 28451 1074
p 2 1 584 335 28828 1067
p 2 0 590 330 28929 1077
p 2 0 594 326 30061 1089
p 2 1 570 349 29790 1064
p 2 0 586 334 29848 1074
p 2 0 611 309 30249 1101
p 2 3 576 341 28446 1064
p 2 3 558 359 27891 1022
p 2 1 580 339 27979 1045
p 2 0 599 321 29504 1067
p 2 5 613 302 31333 1119
p 2 8 667 245 31580 1170
p 2 1 597 322 30839 1070
p 2 1 615 304 29807 1058
p 2 1 630 289 30987 1100
p 2 0 563 357 29636 1013
p 2 0 593 327 30910 1041
p 2 0 621 299 31004 1067
p 2 1 596 323 31313 1055
p 2 0 567 353 30474 1006
p 2 0 567 353 29314 1019
p 2 0 601 319 29757 1074
p 2 0 584 336 29822 1053
p 2 1 545 374 29875 1009
p 2 3 579 338 31253 1059
p 2 0 611 309 31169 1070
p 2 0 583 337 31680 1058
p 2 1 593 326 29891 1062
p 2 0 581 339 28597 1052
p 2 0 542 378 26984 985
p 2 0 570 350 26735 1005
p 2 0 598 322 27841 1033
p 2 0 598 322 28913 1021
p 2 0 574 346 28859 1011
p 2 0 562 358 28834 1014
p 2 0 668 252 29402 1126
p 2 0 587 333 28530 1043
p 2 0 556 364 29361 1008
p 2 0 574 346 29930 1032
p 2 1 577 342 30313 1036
p 2 0 575 345 30440 1024
p 2 1 525 394 29702 983
p 2 1 566 353 28132 1032
p 2 0 577 343 28943 1058
p 2 0 570 350 28833 1038
p 2 0 595 325 29638 1077
p 2 0 585 335 29636 1075
p 2 0 543 377 29329 1025
p 2 1 590 329 29643 1081
p 2 1 597 322 27895 1091
p 2 0 566 354 26624 1066
p 2 0 549 371 26487 1039
p 2 1 578 341 25741 1048
p 2 0 605 315 26206 1045
p 2 0 582 338 26380 1016
p 2 0 539 381 26605 985
p 2 1 558 361 26905 1022
p 2 2 565 353 26326 1034
p 2 0 600 320 27289 1073
p 2 0 624 296 28030 1104
p 2 0 570 350 29249 1058
p 2 0 648 272 30792 1140
p 2 0 603 317 30601 1106
p 2 2 567 351 30185 1067
p 2 1 584 335 29539 1106
p 2 2 617 301 29397 1133
p 2 0 593 327 30364 1108
p 2 4 554 362 30373 1089
p 2 1 586 333 30419 1102
p 2 1 610 309 30750 1114
p 2 0 600 320 31975 1121
p 2 0 584 336 30561 1091
p 2 0 589 331 29146 1090
p 2 7 617 296 28772 1124
p 2 0 590 330 27872 1042
p 2 5 561 354 28956 1055
p 2 1 601 318 29376 1086
p 2 0 618 302 30942 1098
p 2 0 595 325 31482 1089
p 2 0 558 362 31546 1073
p 2 4 589 327 31946 1126
p 2 0 614 306 31488 1129
p 2 0 611 309 32160 1139
p 2 1 606 313 32568 1138
p 2 1 617 302 33041 1142
p 2 0 656 264 32672 1168
p 2 1 612 307 30460 1148
p 2 2 574 344 32708 1103
p 2 6 619 295 34866 1186
p 2 0 611 309 34786 1145
p 2 0 613 307 34657 1183
p 2 0 622 298 34472 1197
p 2 1 602 317 35681 1203
p 2 0 630 290 35701 1252
p 2 0 622 298 34349 1218
p 2 1 561 358 34713 1156
p 2 0 595 325 35352 1174
p 2 0 649 271 35462 1217
p 2 0 593 327 34870 1135
p 2 0 615 305 34738 1134
p 2 1 615 304 34349 1137
p 2 3 574 343 35317 1110
p 2 2 605 313 39069 1176
p 2 1 627 292 36001 1186
p 2 1 598 321 36712 1205
p 2 0 618 302 37166 1242
p 2 4 609 307 36355 1267
p 2 6 690 224 35710 1347
p 2 4 629 287 37168 1281
p 2 2 583 335 39074 1204
p 2 6 603 311 40994 1254
p 2 3 620 297 40083 1229
p 2 3 609 308 38223 1206
p 2 2 624 294 37680 1224
p 2 1 629 290 38683 1235
p 2 1 594 325 38781 1192
p 2 1 626 293 40246 1229
p 2 2 638 280 40087 1225
p 2 0 622 298 39910 1211
p 2 1 586 333 38902 1152
p 2 0 620 300 36075 1162
p 2 1 646 273 35931 1179
p 2 1 611 308 34664 1125
p 2 1 587 332 32613 1103
p 2 4 613 303 33413 1135
p 2 4 620 296 33609 1145
p 2 0 601 319 32642 1112
p 2 1 568 351 31984 1085
p 2 1 590 329 33550 1123
p 2 3 627 290 35750 1178
p 2 7 644 269 42407 1280
p 2 14 683 223 47885 1391
p 2 28 712 180 62716 1627
p 2 21 703 196 57528 1552
p 2 14 706 200 58049 1566
p 2 14 757 149 58250 1648
p 2 7 751 162 53591 1616
p 2 4 732 184 50820 1550
p 2 1 756 163 51731 1561
p 2 1 769 150 50496 1521
p 2 0 767 153 50612 1496
p 2 0 725 195 46496 1380
p 2 0 743 177 39947 1334
p 2 0 756 164 31268 1285
p 2 0 733 187 30960 1260
p 2 0 732 188 31283 1258
p 2 1 760 159 33280 1334
p 2 1 763 156 34245 1384
p 2 5 703 212 32602 1348
p 2 4 667 249 36240 1356
p 2 5 697 218 39321 1412
p 2 4 713 203 41991 1443
p 2 2 705 213 43105 1438
p 2 5 683 232 48899 1414
p 2 5 727 188 45178 1444
p 2 0 736 184 49305 1450
p 2 0 721 199 52808 1463
p 2 2 690 228 53293 1482
p 2 7 711 202 51566 1533
p 2 3 729 188 50397 1529
p 2 270 642 8 97883 3035
p 2 57 796 67 87829 2035
p 2 31 754 135 83341 1845
p 2 20 808 92 83435 1815
p 2 17 805 98 73931 1711
p 2 19 783 118 69913 1662
p 2 8 807 105 65753 1600
p 2 9 790 121 62000 1572
p 2 6 784 130 58759 1518
p 2 2 780 138 57600 1507
p 2 4 785 131 57562 1546
p 2 3 755 162 57991 1519
p 2 12 743 165 58000 1546
p 2 3 729 188 57730 1486
p 2 1 763 156 56602 1494
p 2 13 743 164 79266 1689
p 2 4 772 144 70693 1625
p 2 2 746 172 69399 1574
p 2 1 757 162 68949 1604
p 2 5 775 140 72202 1670
p 2 9 766 145 77461 1654
p 2 1 786 133 71563 1599
p 2 6 752 162 68110 1591
p 2 6 787 127 69839 1676
p 2 6 832 82 70915 1740
p 2 5 879 36 74347 1750
p 2 2 811 107 71366 1624
p 2 5 806 109 71208 1622
p 2 7 839 74 69012 1703
p 2 2 801 117 69036 1599
p 2 1 768 151 70199 1579
p 2 3 767 150 71701 1589
p 2 3 746 171 72114 1565
p 2 1 777 142 71897 1591
p 2 2 752 166 69672 1572
p 2 3 745 172 71968 1506
p 2 12 751 157 71505 1514
p 2 1 762 157 70270 1510
p 2 2 751 167 70768 1512
p 2 2 739 179 69811 1543
p 2 2 744 174 68791 1544
p 2 0 761 159 71579 1542
p 2 0 741 179 73239 1532
p 2 4 759 157 73098 1575
p 2 2 739 179 73953 1552
p 2 3 737 180 69957 1517
p 2 1 729 190 67734 1440
p 2 1 756 163 67431 1452
p 2 1 812 107 70076 1544
p 2 0 879 41 73419 1646
p 2 0 789 131 70005 1519
p 2 0 789 131 68208 1517
p 2 6 764 150 68982 1545
p 2 1 774 145 71145 1554
p 2 8 761 151 71907 1575
p 2 1 778 141 70788 1531
p 2 3 742 175 69796 1475
p 2 1 758 161 66523 1486
p 2 0 755 165 67824 1485
p 2 4 769 147 67044 1524
p 2 6 749 165 65806 1485
p 2 0 750 170 65193 1437
p 2 5 745 170 66550 1455
p 2 3 748 169 66714 1462
p 2 3 737 180 69471 1456
p 2 2 758 160 70783 1491
p 2 3 724 193 71232 1468
p 2 10 723 187 69378 1493
p 2 2 720 198 63299 1402
p 2 0 740 180 63370 1378
p 2 0 688 232 62681 1306
p 2 1 670 249 62394 1261
p 2 0 847 73 64720 1471
p 2 0 833 87 65379 1473
p 2 0 792 128 63891 1449
p 2 3 727 190 64340 1408
p 2 7 755 158 65508 1488
p 2 3 777 140 68659 1502
p 2 2 750 168 68137 1465
p 2 1 731 188 65449 1446
p 2 3 744 173 61330 1425
p 2 1 750 169 62100 1414
p 2 1 750 169 60570 1408
p 2 0 779 141 62325 1420
p 2 0 754 166 63160 1388
p 2 0 713 207 63859 1343
p 2 5 742 173 62427 1432
p 2 3 763 154 63714 1450
p 2 3 727 190 63423 1396
p 2 2 704 214 62095 1339
p 2 3 731 186 59639 1347
p 2 2 757 161 56856 1350
p 2 1 734 185 56809 1348
p 2 1 716 203 57084 1313
p 2 1 720 199 56851 1296
p 2 0 742 178 57781 1308
p 2 1 745 174 60230 1343
p 2 2 773 145 59118 1390
p 2 3 712 205 60616 1348
p 2 1 711 208 61378 1352
p 2 1 721 198 60419 1338
p 2 2 691 227 60810 1315
p 2 0 712 208 61640 1345
p 2 0 769 151 63972 1456
p 2 0 762 158 66547 1491
p 2 4 730 186 67645 1531
p 2 3 774 143 65065 1561
p 2 10 775 135 59058 1621
p 2 7 757 156 58204 1567
p 2 17 688 215 54705 1531
p 2 16 731 173 59858 1586
p 2 11 756 153 61024 1629
p 2 6 746 168 58561 1544
p 2 11 696 213 53756 1505
p 2 4 729 187 47146 1331
p 2 0 708 212 44592 1298
p 2 0 721 199 43939 1315
p 2 2 720 198 45639 1345
p 2 1 736 183 46648 1357
p 2 0 755 165 48579 1391
p 2 1 760 159 47448 1383
p 2 3 766 151 51164 1413
p 2 0 721 199 50566 1358
p 2 0 737 183 50981 1363
p 2 0 743 177 51474 1371
p 2 0 714 206 55050 1366
p 2 1 730 189 61903 1453
p 2 2 747 171 64185 1530
p 2 7 744 169 62784 1551
p 2 17 689 214 56616 1510
p 2 6 728 186 50616 1432
p 2 13 733 174 60720 1477
p 2 8 716 196 67683 1495
p 2 3 707 210 71359 1442
p 2 2 796 122 71038 1540
p 2 2 743 175 69261 1435
p 2 1 738 181 64519 1393
p 2 2 754 164 60343 1402
p 2 0 797 123 60124 1460
p 2 2 746 172 60913 1410
p 2 1 717 202 61433 1391
p 2 2 763 155 63282 1461
p 2 0 733 187 63838 1405
p 2 0 708 212 62275 1373
p 2 4 743 173 62216 1429
p 2 3 797 120 64591 1473
p 2 5 732 183 62688 1387
p 2 2 694 224 65196 1341
p 2 1 739 180 70757 1429
p 2 2 725 193 74092 1473
p 2 7 722 191 72542 1514
p 2 17 675 228 65468 1477
p 2 5 703 212 58974 1355
p 2 18 709 193 64610 1470
p 2 7 694 219 70811 1427
p 2 2 680 238 74159 1407
p 2 3 717 200 71863 1415
p 2 3 739 178 68637 1398
p 2 3 710 207 64904 1351
p 2 0 685 235 62516 1290
p 2 3 700 217 61597 1329
p 2 0 716 204 61539 1356
p 2 0 714 206 61487 1339
p 2 0 686 234 61631 1301
p 2 2 690 228 60087 1321
p 2 0 715 205 57554 1315
p 2 2 674 244 58100 1257
p 2 0 674 246 58866 1249
p 2 3 717 200 59226 1329
p 2 0 770 150 60560 1385
p 2 2 725 193 60517 1360
p 2 0 674 246 62078 1307
p 2 0 716 204 60976 1334
p 2 0 725 195 60641 1341
p 2 0 702 218 59492 1307
p 2 0 671 249 58379 1236
p 2 0 694 226 53014 1240
p 2 5 720 195 56068 1300
p 2 1 694 225 56115 1247
p 2 1 713 206 56702 1283
p 2 0 701 219 55353 1246
p 2 0 668 252 55755 1230
p 2 0 692 228 54048 1236
p 2 3 689 228 55423 1261
p 2 1 694 225 56158 1268
p 2 0 666 254 56850 1241
p 2 0 695 225 63537 1322
p 2 1 716 203 56897 1283
p 2 0 692 228 54424 1246
p 2 0 722 198 53002 1279
p 2 0 668 252 49453 1206
p 2 1 681 238 49279 1240
p 2 0 696 224 49464 1253
p 2 5 757 158 58721 1381
p 2 0 711 209 44279 1250
p 2 0 646 274 48770 1187
p 2 0 692 228 50554 1262
p 2 0 703 217 51246 1254
p 2 1 680 239 48739 1214
p 2 1 629 290 48534 1160
p 2 0 691 229 43396 1205
p 2 0 713 207 46489 1251
p 2 4 689 227 47637 1228
p 2 2 657 261 48623 1187
p 2 3 661 256 47572 1188
p 2 2 687 231 43592 1217
p 2 1 675 244 47685 1208
p 2 0 653 267 51478 1212
p 2 0 685 235 54927 1254
p 2 0 686 234 57392 1295
p 2 0 675 245 57374 1280
p 2 0 692 228 58849 1314
p 2 0 687 233 57582 1302
p 2 0 663 257 56583 1260
p 2 1 688 231 52228 1266
p 2 0 696 224 51683 1252
p 2 0 715 205 49833 1294
p 2 1 754 165 50149 1345
p 2 1 701 218 52126 1305
p 2 1 642 277 51239 1224
p 2 0 675 245 51409 1244
p 2 0 709 211 49354 1256
p 2 2 670 248 46093 1208
p 2 0 638 282 45953 1160
p 2 0 687 233 47347 1229
p 2 2 691 227 49198 1257
p 2 2 667 251 49147 1203
p 2 1 663 256 47298 1209
p 2 0 680 240 45837 1186
p 2 2 709 209 49819 1264
p 2 4 662 254 54286 1233
p 2 0 650 270 57026 1222
p 2 3 666 251 58392 1287
p 2 3 700 217 58037 1320
p 2 2 685 233 57113 1292
p 2 1 717 202 56353 1328
p 2 0 678 242 53981 1254
p 2 4 671 245 52437 1281
p 2 1 683 236 53088 1289
p 2 1 686 233 45034 1276
p 2 2 718 200 48049 1305
p 2 0 721 199 50104 1270
p 2 0 668 252 48608 1178
p 2 7 685 228 56480 1253
p 2 0 678 242 49735 1199
p 2 0 648 272 42218 1134
p 2 0 684 236 46767 1188
p 2 1 702 217 50509 1238
p 2 0 685 235 49730 1215
p 2 1 652 267 50492 1191
p 2 1 698 221 42892 1223
p 2 2 693 225 46018 1216
p 2 2 677 241 51642 1234
p 2 6 678 236 55121 1270
p 2 0 710 210 57736 1280
p 2 1 649 270 58929 1234
p 2 3 682 235 58227 1274
p 2 0 704 216 58947 1289
p 2 0 686 234 59396 1271
p 2 0 653 267 58131 1254
p 2 4 674 242 58400 1314
p 2 2 728 190 59178 1374
p 2 2 668 250 52140 1306
p 2 0 678 242 53830 1293
p 2 0 694 226 54729 1285
p 2 0 778 142 56130 1366
p 2 2 698 220 56384 1299
p 2 3 664 253 56529 1275
p 2 0 713 207 53687 1354
p 2 12 741 167 70668 1553
p 2 6 724 190 59873 1445
p 2 3 718 199 59638 1440
p 2 3 731 186 54765 1449
p 2 4 751 165 56249 1536
p 2 4 740 176 58388 1544
p 2 6 726 188 55728 1553
p 2 19 730 171 51203 1583
p 2 9 757 154 45632 1568
p 2 6 791 123 47048 1622
p 2 1 724 195 43673 1379
p 2 2 702 216 45301 1356
p 2 3 713 204 44388 1371
p 2 1 715 204 44983 1364
p 2 1 678 241 44669 1351
p 2 6 713 201 45117 1445
p 2 5 728 187 50723 1489
p 2 2 727 191 57656 1482
p 2 2 743 175 55430 1444
p 2 1 777 142 56442 1489
p 2 1 783 136 58531 1535
p 2 0 746 174 59518 1478
p 2 2 745 173 58739 1444
p 2 1 744 175 56730 1408
p 2 1 721 198 55682 1370
p 2 2 732 186 58510 1461
p 2 2 739 179 56464 1458
p 2 1 784 135 60629 1564
p 2 2 758 160 65592 1523
p 2 3 738 179 60792 1507
p 2 11 741 168 58062 1571
p 2 3 771 146 60272 1561
p 2 4 753 163 64400 1570
p 2 0 750 170 65367 1519
p 2 2 739 179 63767 1442
p 2 0 778 142 67036 1522
p 2 0 729 191 68516 1491
p 2 6 711 203 67838 1522
p 2 6 753 161 67491 1563
p 2 3 739 178 72662 1557
p 2 5 704 211 69865 1474
p 2 4 727 189 67741 1463
p 2 4 744 172 65715 1496
p 2 3 746 171 65468 1489
p 2 0 813 107 67865 1546
p 2 1 744 175 65530 1401
p 2 4 728 188 64234 1427
p 2 0 741 179 65574 1432
p 2 0 706 214 62344 1380
p 2 5 733 182 65757 1458
p 2 0 760 160 69130 1464
p 2 0 726 194 68063 1409
p 2 3 693 224 63692 1372
p 2 0 694 226 64261 1363
p 2 0 712 208 60973 1382
p 2 0 740 180 65245 1406
p 2 7 735 178 73602 1486
p 2 1 742 177 67754 1428
p 2 2 748 170 65055 1458
p 2 0 726 194 66303 1406
p 2 0 699 221 63670 1385
p 2 3 719 198 65506 1401
p 2 0 746 174 66960 1428
p 2 3 723 194 65461 1414
p 2 1 714 205 63686 1426
p 2 1 725 194 63678 1421
p 2 0 742 178 66784 1458
p 2 0 745 175 69195 1457
p 2 1 784 135 70545 1514
p 2 5 721 194 66385 1448
p 2 9 718 193 80529 1575
p 2 5 739 176 64610 1442
p 2 1 699 220 62486 1326
p 2 0 723 197 64445 1351
p 2 0 743 177 64377 1374
p 2 0 712 208 63048 1327
p 2 0 687 233 61974 1310
p 2 3 682 235 63479 1357
p 2 1 704 215 68006 1412
p 2 6 755 159 71407 1528
p 2 4 712 204 71053 1491
p 2 32 735 153 71177 1757
p 2 32 749 139 69197 1772
p 2 30 736 154 67390 1749
p 2 13 736 171 60593 1620
p 2 5 753 162 56884 1507
p 2 6 725 189 56339 1462
p 2 3 730 187 49422 1417
p 2 5 666 249 45367 1316
p 2 5 691 224 42414 1319
p 2 3 675 242 36796 1298
p 2 10 703 207 33199 1364
p 2 5 683 232 30315 1259
p 2 2 640 278 30579 1197
p 2 11 633 276 34696 1306
p 2 15 691 214 61259 1576
p 2 14 739 167 56872 1574
p 2 10 733 177 57638 1564
p 2 10 713 197 61241 1603
p 2 24 696 200 73014 1762
p 2 47 731 142 68372 1881
p 2 29 738 153 71306 1843
p 2 40 714 166 71848 1841
p 2 29 757 134 76068 1878
p 2 2 756 162 77077 1656
p 2 7 739 174 75077 1619
p 2 4 744 172 73523 1558
p 2 6 756 158 71107 1568
p 2 4 743 173 69341 1586
p 2 3 732 185 70951 1600
p 2 5 741 174 71889 1618
p 2 2 754 164 71309 1609
p 2 2 796 122 72296 1649
p 2 2 862 56 74252 1752
p 2 3 785 132 70067 1648
p 2 7 765 148 70207 1621
p 2 2 774 144 69420 1556
p 2 2 790 128 67628 1533
p 2 8 764 148 70014 1605
p 2 3 784 133 70236 1656
p 2 3 759 158 68242 1603
p 2 2 776 142 68806 1604
p 2 1 756 163 70177 1563
p 2 6 753 161 70303 1589
p 2 2 762 156 71664 1612
p 2 2 770 148 67016 1603
p 2 2 733 185 66459 1523
p 2 2 748 170 63886 1469
p 2 1 750 169 65157 1457
p 2 2 751 167 66306 1484
p 2 0 734 186 67275 1489
p 2 5 724 191 63997 1518
p 2 1 740 179 66488 1513
p 2 3 752 165 68911 1559
p 2 150 706 64 85310 2550
p 2 3 780 137 65578 1548
p 2 1 742 177 64762 1492
p 2 1 739 180 60399 1447
p 2 1 754 165 59846 1433
p 2 0 730 190 59192 1371
p 2 0 747 173 62766 1397
p 2 0 776 144 63986 1464
p 2 2 750 168 64025 1446
p 2 2 770 148 61684 1441
p 2 0 746 174 62304 1396
p 2 1 737 182 60083 1381
p 2 0 734 186 60618 1374
p 2 0 756 164 59368 1378
p 2 0 731 189 55965 1348
p 2 0 704 216 56236 1303
p 2 0 723 197 58087 1334
p 2 0 744 176 58483 1367
p 2 0 720 200 60205 1360
p 2 0 746 174 59594 1396
p 2 0 724 196 58669 1390
p 2 2 701 217 57798 1368
p 2 1 702 217 59826 1370
p 2 2 724 194 63225 1437
p 2 1 763 156 64888 1472
p 2 1 850 69 64990 1565
p 2 1 751 168 58528 1400
p 2 2 744 174 59003 1379
p 2 0 752 168 62223 1397
p 2 0 723 197 62921 1399
p 2 1 731 188 64787 1455
p 2 1 744 175 65345 1494
p 2 0 717 203 65594 1474
p 2 0 723 197 63174 1431
p 2 1 693 226 62763 1382
p 2 1 736 183 67082 1482
p 2 0 683 237 67206 1419
p 2 1 694 225 65932 1394
p 2 0 793 127 67174 1507
p 2 1 846 73 70077 1583
p 2 2 767 151 65963 1497
p 2 2 744 174 67882 1496
p 2 1 739 180 69009 1475
p 2 0 739 181 67965 1472
p 2 6 729 185 67841 1510
p 2 4 697 219 51388 1435
p 2 6 706 208 49145 1456
p 2 4 673 243 46230 1403
p 2 9 728 183 61488 1557
p 2 0 778 142 67066 1569
p 2 3 717 200 66194 1474
p 2 2 703 215 66637 1459
p 2 1 717 202 64136 1457
p 2 161 673 86 87136 2588
p 2 3 723 194 58288 1431
p 2 1 760 159 58677 1460
p 2 0 711 209 59692 1401
p 2 1 726 193 55650 1401
p 2 1 742 177 55215 1426
p 2 0 728 192 54511 1389
p 2 1 685 234 54399 1356
p 2 0 716 204 54440 1391
p 2 0 738 182 53839 1391
p 2 2 721 197 55484 1370
p 2 0 694 226 54578 1340
p 2 0 720 200 53351 1379
p 2 0 736 184 51903 1390
p 2 2 720 198 36033 1318
p 2 0 672 248 35509 1216
p 2 0 671 249 34160 1217
p 2 1 725 194 48976 1345
p 2 4 723 193 53774 1384
p 2 4 688 228 53492 1343
p 2 1 716 203 52622 1346
p 2 2 715 203 51426 1354
p 2 0 730 190 53876 1372
p 2 0 745 175 52649 1407
p 2 0 705 215 51941 1354
p 2 0 715 205 52905 1349
p 2 0 721 199 51521 1328
p 2 2 674 244 52818 1295
p 2 0 709 211 52761 1327
p 2 1 728 191 51362 1361
p 2 1 717 202 49683 1328
p 2 0 687 233 50414 1295
p 2 1 715 204 50135 1323
p 2 0 737 183 51115 1356
p 2 3 703 214 35286 1275
p 2 0 622 298 28356 1122
p 2 0 595 325 27617 1075
p 2 0 681 239 43686 1239
p 2 1 688 231 48119 1241
p 2 2 671 247 49628 1253
p 2 1 704 215 48719 1283
p 2 1 705 214 47180 1272
p 2 1 678 241 47034 1245
p 2 0 684 236 48117 1252
p 2 169 629 122 72581 2453
p 2 0 733 187 51970 1381
p 2 0 752 168 51006 1376
p 2 0 720 200 49724 1329
p 2 0 747 173 49131 1357
p 2 1 737 182 47864 1340
p 2 0 753 167 47647 1339
p 2 0 691 229 47604 1269
p 2 0 709 211 47051 1282
p 2 0 733 187 47509 1331
p 2 0 705 215 46428 1263
p 2 0 689 231 45609 1241
p 2 0 702 218 30236 1191
p 2 1 671 248 29437 1161
p 2 0 663 257 31220 1153
p 2 0 666 254 44524 1232
p 2 0 718 202 49557 1307
p 2 0 726 194 50952 1351
p 2 0 732 188 51085 1347
p 2 0 749 171 53087 1377
p 2 0 720 200 53378 1375
p 2 1 734 185 53105 1413
p 2 1 731 188 51596 1392
p 2 1 691 228 51018 1348
p 2 0 711 209 51738 1360
p 2 0 742 178 51842 1405
p 2 0 697 223 51779 1328
p 2 0 700 220 47903 1306
p 2 0 815 105 50573 1462
p 2 0 729 191 49918 1325
p 2 1 710 209 49747 1310
p 2 3 737 180 50737 1371
p 2 0 708 212 34122 1266
p 2 1 647 272 29709 1171
p 2 1 622 297 27356 1119
p 2 0 724 196 45017 1295
p 2 263 527 130 71487 2609
p 2 0 696 224 44278 1216
p 2 0 685 235 46590 1229
p 2 1 687 232 43071 1234
p 2 1 714 205 42865 1227
p 2 0 671 249 43313 1203
p 2 0 696 224 42739 1203
p 2 0 721 199 45787 1263
p 2 3 694 223 39590 1214
p 2 2 654 264 33449 1151
p 2 0 656 264 33188 1144
p 2 8 695 217 40836 1262
p 2 3 706 211 33267 1221
p 2 2 647 271 34693 1143
p 2 0 695 225 34341 1213
p 2 1 701 218 32704 1225
p 2 1 682 237 35922 1220
p 2 0 693 227 38370 1252
p 2 4 683 233 38762 1274
p 2 0 648 272 38372 1212
p 2 0 672 248 37129 1219
p 2 0 699 221 36293 1242
p 2 0 682 238 35718 1215
p 2 0 666 254 36142 1191
p 2 0 676 244 36444 1203
p 2 0 754 166 37554 1307
p 2 0 682 238 34665 1208
p 2 0 661 259 33295 1178
p 2 0 688 232 35153 1208
p 2 0 698 222 36564 1245
p 2 1 677 242 35987 1219
p 2 0 636 284 36478 1161
p 2 0 658 262 36277 1199
p 2 1 682 237 34463 1209
p 2 0 650 270 34679 1165
p 2 0 637 283 35739 1165
p 2 2 658 260 34751 1182
p 2 0 665 255 34190 1176
p 2 0 657 263 35648 1185
p 2 0 639 281 35957 1177
p 2 0 682 238 37059 1223
p 2 1 691 228 38000 1260
p 2 0 687 233 38278 1262
p 2 1 636 283 37947 1221
p 2 2 659 259 36745 1217
p 2 0 680 240 35673 1227
p 2 0 650 270 36008 1199
p 2 0 642 278 36537 1224
p 2 0 671 249 35668 1266
p 2 1 738 181 38055 1361
p 2 1 679 240 34976 1274
p 2 2 623 295 33897 1219
p 2 0 670 250 36531 1261
p 2 1 681 238 37918 1243
p 2 1 652 267 38355 1237
p 2 1 617 302 38033 1178
p 2 0 646 274 37233 1198
p 2 0 654 266 35656 1199
p 2 0 636 284 35353 1169
p 2 0 633 287 47152 1292
p 2 1 651 268 41041 1254
p 2 0 674 246 39722 1254
p 2 0 656 264 40271 1249
p 2 0 612 308 40612 1198
p 2 0 640 280 39770 1248
p 2 0 659 261 40254 1255
p 2 0 626 294 40065 1208
p 2 1 592 327 39316 1176
p 2 0 634 286 33478 1192
p 2 0 642 278 36682 1207
p 2 0 633 287 38124 1211
p 2 4 650 266 43931 1281
p 2 2 658 260 39469 1259
p 2 0 672 248 40492 1256
p 2 0 657 263 37883 1215
p 2 0 651 269 39018 1220
p 2 0 624 296 29896 1165
p 2 0 585 335 28974 1106
p 2 0 610 310 29332 1132
p 2 2 631 287 29564 1177
p 2 1 590 329 28388 1123
p 2 1 621 298 28115 1144
p 2 2 625 293 29731 1184
p 2 3 636 281 40412 1242
p 2 0 660 260 47950 1321
p 2 8 671 241 54620 1430
p 2 14 654 252 51801 1443
p 2 25 589 306 45058 1395
p 2 6 592 322 37940 1232
p 2 23 629 268 45605 1384
p 2 9 678 233 54245 1410
p 2 3 665 252 55609 1398
p 2 4 634 282 53226 1354
p 2 2 623 295 48387 1312
p 2 0 656 264 45804 1335
p 2 2 695 223 44059 1365
p 2 0 661 259 41740 1280
p 2 1 675 244 40277 1266
p 2 0 650 270 38961 1214
p 2 0 670 250 34378 1206
p 2 0 662 258 35070 1182
p 2 0 625 295 34826 1129
p 2 0 638 282 33130 1122
p 2 0 661 259 32506 1131
p 2 0 668 252 23328 1122
p 2 0 580 340 20944 1015
p 2 0 635 285 21236 1069
p 2 0 641 279 21697 1088
p 2 0 632 288 21831 1086
p 2 1 538 381 22792 997
p 2 0 606 314 23788 1090
p 2 1 640 279 24382 1146
p 2 0 611 309 24005 1114
p 2 0 523 397 25745 1007
p 2 0 590 330 25009 1079
p 2 0 617 303 25358 1111
p 2 0 599 321 24592 1095
p 2 0 513 407 25111 996
p 2 2 579 339 23962 1067
p 2 1 615 304 24674 1106
p 2 0 610 310 23569 1106
p 2 2 577 341 24179 1050
p 2 2 524 394 22589 1001
p 2 2 586 332 23984 1071
p 2 2 641 277 24307 1125
p 2 1 568 351 23808 1030
p 2 0 499 421 23114 966
p 2 0 561 359 22902 1022
p 2 0 591 329 21833 1051
p 2 1 537 382 21306 988
p 2 1 484 435 21834 952
p 2 1 528 391 21824 968
p 2 1 583 336 21456 1039
p 2 0 532 388 21550 986
p 2 0 559 361 22736 1019
p 2 2 664 254 24105 1142
p 2 0 694 226 23172 1179
p 2 1 615 304 20310 1055
p 2 0 526 394 19206 939
p 2 0 546 374 19120 934
p 2 0 566 354 18655 946
p 2 0 501 419 17710 876
p 2 0 486 434 17327 866
p 2 0 497 423 17201 867
p 2 0 532 388 16229 903
p 2 0 463 457 15686 830
p 2 0 459 461 15514 824
p 2 0 447 473 16174 816
p 2 0 463 457 15406 829
p 2 0 424 496 14942 771
p 2 0 413 507 15030 763
i 2 920 0 0 45165 3979
p 2 0 290 630 678 463
p 2 0 300 620 473 439
p 2 0 138 782 361 320
p 2 0 133 787 297 292
p 2 0 34 886 225 222
p 2 0 43 877 518 231
p 2 0 9 911 209 205
p 2 0 16 904 211 210
p 2 0 26 894 424 218
p 2 0 7 913 204 202
p 2 0 3 917 200 200
p 2 0 4 916 413 202
p 2 0 3 917 204 199
p 2 0 6 914 208 203
p 2 0 2 918 412 201
p 2 0 5 915 201 200
p 2 0 13 907 208 208
p 2 0 5 915 260 206
p 2 0 4 916 204 201
p 2 0 4 916 485 202
p 2 0 5 915 207 202
p 2 0 1 919 198 198
p 2 0 1 919 198 198
p 2 0 1 919 198 198
p 2 0 1 919 198 198
p 2 0 1 919 198 198
p 2 0 2 918 407 201
p 2 0 2 918 207 200
p 2 0 1 919 200 198
p 2 0 2 918 254 202
p 2 0 2 918 200 199
p 2 0 1 919 199 198
p 2 0 1 919 198 198
p 2 0 1 919 199 198
i 2 920 0 0 44887 4543
p 2 0 241 679 501 412
p 2 20 400 500 17913 966
p 2 0 253 667 879 446
p 2 60 383 477 29587 1331
p 2 0 255 665 1042 459
p 2 47 311 562 24861 1126
p 2 0 253 667 972 457
p 2 0 143 777 447 329
p 2 10 360 550 19993 932
p 2 0 254 666 1073 457
p 2 0 142 778 501 325
p 2 9 353 558 20337 924
p 2 0 289 631 1232 497
p 2 0 102 818 420 288
p 2 0 88 832 402 272
p 2 0 106 814 424 290
p 2 0 172 748 649 356
p 2 0 83 837 380 271
p 2 0 62 858 332 248
p 2 0 63 857 348 255
p 2 0 53 867 346 244
p 2 0 46 874 986 250
p 2 0 73 847 1209 272
p 2 0 52 868 1267 257
p 2 0 50 870 1357 256
p 2 0 35 885 1420 242
p 2 0 38 882 1449 245
p 2 0 36 884 1515 248
p 2 0 36 884 1446 245
p 2 0 36 884 1473 246
p 2 0 34 886 1471 245
p 2 0 34 886 1443 249
p 2 1 30 889 1333 249
p 2 1 29 890 1292 248
i 2 920 0 0 50682 4477
p 2 0 278 642 592 465
p 2 0 215 705 433 393
p 2 0 102 818 325 290
p 2 0 122 798 334 304
p 2 0 50 870 248 237
p 2 6 68 846 1257 294
p 2 0 21 899 236 218
p 2 0 33 887 238 226
p 2 0 24 896 796 237
p 2 0 22 898 245 215
p 2 2 16 902 1135 237
p 2 0 7 913 220 203
p 2 0 5 915 207 202
p 2 3 12 905 438 240
p 2 0 12 908 211 206
p 2 0 8 912 211 204
p 2 6 17 897 1222 253
p 2 0 9 911 220 206
p 2 0 4 916 201 201
p 2 0 20 900 793 235
p 2 0 16 904 222 211
p 2 0 2 918 201 199
p 2 2 15 903 1136 238
p 2 0 10 910 234 206
p 2 0 4 916 208 201
p 2 3 10 907 438 237
p 2 0 10 910 210 204
p 2 0 4 916 206 201
p 2 2 9 909 971 229
p 2 0 4 916 212 202
p 2 0 1 919 199 198
p 2 0 10 910 425 218
p 2 0 7 913 211 204
p 2 0 1 919 199 198
p 2 6 16 898 1216 252
p 2 0 5 915 212 201
p 2 0 1 919 199 198
p 2 0 13 907 773 226
p 2 0 8 912 215 204
p 2 2 13 905 1145 233
p 2 0 8 912 223 205
p 2 0 5 915 213 202
p 2 0 15 905 819 230
p 2 0 8 912 233 207
p 2 0 3 917 208 200
p 2 2 13 905 1090 231
p 2 0 10 910 229 206
p 2 0 1 919 199 198
p 2 0 0 920 197 197
p 2 0 0 920 197 197
p 2 0 0 920 197 197
p 2 0 0 920 197 197
p 2 0 0 920 197 197
p 2 0 14 906 843 230
p 2 0 7 913 217 206
p 2 0 1 919 199 198
p 2 2 14 904 1102 232
p 2 0 8 912 221 205
p 2 0 1 919 199 198
p 2 0 14 906 817 229
p 2 0 7 913 216 203
p 2 0 1 919 199 198
p 2 2 13 905 1106 231
i 2 920 0 0 69389 4764
p 2 0 153 767 402 340
p 2 0 126 794 325 309
p 2 0 58 862 259 244
p 2 0 64 856 280 252
p 2 0 43 877 246 232
p 2 1 30 889 830 232
p 2 0 28 892 251 221
p 2 0 29 891 258 220
p 2 0 30 890 801 234
p 2 0 14 906 229 211
p 2 0 22 898 239 217
p 2 0 48 872 878 246
p 2 0 23 897 243 215
p 2 0 10 910 208 206
p 2 1 12 907 670 224
p 2 0 12 908 217 206
p 2 1 12 907 796 217
p 2 0 22 898 237 214
p 2 0 20 900 233 214
p 2 0 19 901 763 223
p 2 0 13 907 232 209
p 2 0 4 916 204 200
p 2 0 16 904 832 216
p 2 0 20 900 237 214
p 2 0 23 897 235 216
p 2 0 6 914 206 202
p 2 1 18 901 683 226
p 2 0 15 905 222 209
p 2 0 17 903 223 211
p 2 1 30 889 835 232
p 2 0 25 895 254 220
p 2 7 93 820 7158 434
p 2 0 81 839 1003 288
p 2 1 117 802 7644 452
p 2 0 76 844 480 274
p 2 6 96 818 7540 439
p 2 0 77 843 454 279
p 2 1 103 816 7610 441
p 2 1 76 843 948 291
p 2 6 91 823 7045 427
p 2 0 75 845 468 280
p 2 0 100 820 7826 431
p 2 0 75 845 498 279
p 2 0 26 894 263 222
p 2 0 17 903 540 221
p 2 0 6 914 209 202
p 2 0 8 912 227 204
p 2 1 9 910 817 216
p 2 0 10 910 226 206
p 2 7 88 825 7076 431
p 2 0 69 851 974 278
p 2 0 99 821 7644 431
p 2 0 64 856 439 266
p 2 6 91 823 7461 434
p 2 0 70 850 421 273
p 2 1 95 824 7609 425
p 2 0 70 850 468 275
i 2 920 0 0 58526 4713
p 2 9 466 445 20220 1088
p 2 5 458 457 19344 1056
p 2 8 423 489 22444 1061
p 2 3 450 467 16363 939
p 2 0 445 475 19150 995
p 2 4 424 492 13537 948
p 2 2 419 499 18917 983
p 2 1 444 475 17632 946
p 2 1 319 600 2250 555
p 2 0 220 700 796 409
p 2 1 143 776 1113 352
p 2 0 148 772 616 337
p 2 0 44 876 300 236
p 2 1 72 847 1246 286
p 2 0 59 861 347 247
p 2 0 99 821 478 290
p 2 1 57 862 905 274
p 2 0 49 871 311 239
p 2 0 46 874 322 237
p 2 1 94 825 1338 307
p 2 0 28 892 274 223
p 2 0 51 869 310 241
p 2 0 33 887 270 225
p 2 0 28 892 260 219
p 2 0 12 908 223 205
p 2 0 9 911 215 204
p 2 0 6 914 210 202
p 2 0 8 912 213 204
p 2 0 2 918 200 198
p 2 1 14 905 810 237
p 2 0 12 908 227 210
p 2 1 12 907 437 224
p 2 0 6 914 205 202
p 2 0 4 916 202 202
p 2 0 7 913 204 203
p 2 0 3 917 201 200
p 2 0 3 917 200 200
p 2 0 4 916 202 200
p 2 0 2 918 201 199
p 2 0 1 919 199 198
i 2 920 0 0 50665 4860
p 2 0 247 673 715 442
p 2 0 276 644 2262 481
p 2 12 233 675 8762 616
p 2 0 221 699 4397 467
p 2 0 218 702 5664 500
p 2 12 198 710 9449 589
p 2 0 191 729 6142 484
p 2 0 194 726 6895 487
p 2 12 174 734 9637 570
p 2 0 193 727 6419 483
p 2 0 184 736 6635 476
p 2 12 186 722 9486 581
p 2 0 185 735 6417 477
p 2 0 196 724 6609 486
p 2 10 191 719 17223 738
p 2 0 194 726 5460 491
p 2 0 182 738 6385 476
p 2 11 199 710 16193 748
p 2 0 190 730 5943 490
p 2 0 191 729 4887 451
p 2 11 200 709 16200 761
p 2 0 199 721 3769 455
p 2 0 186 734 2881 416
p 2 11 205 704 17455 759
p 2 0 189 731 1276 421
p 2 0 190 730 2801 425
p 2 13 190 717 8646 581
p 2 0 191 729 4983 454
p 2 0 198 722 6062 494
p 2 13 187 720 9341 589
p 2 0 207 713 6252 502
p 2 0 193 727 6856 492
p 2 10 198 712 9833 593
p 2 0 197 723 6589 501
i 2 920 0 0 62814 4737
p 2 6 895 19 28367 1660
p 2 1 908 11 28884 1632
p 2 2 909 9 29258 1688
p 2 0 914 6 29511 1637
p 2 0 912 8 29934 1674
p 2 0 909 11 30001 1677
p 2 1 917 2 30296 1712
p 2 1 917 2 29973 1689
p 2 2 913 5 27793 1713
p 2 0 912 8 25751 1606
p 2 1 912 7 24223 1607
p 2 0 917 3 25816 1622
p 2 1 915 4 26903 1640
p 2 1 915 4 26034 1636
p 2 0 912 8 25925 1600
p 2 0 914 6 22648 1577
p 2 1 916 3 20102 1482
p 2 1 914 5 16987 1416
p 2 2 912 6 18334 1465
p 2 2 915 3 17067 1489
p 2 1 915 4 18302 1498
p 2 4 911 5 15670 1486
p 2 1 909 10 17729 1457
p 2 0 913 7 21091 1493
p 2 0 915 5 22185 1516
p 2 0 912 8 19723 1447
i 2 920 0 0 64188 4809
p 2 0 906 14 20428 1484
p 2 0 910 10 23248 1530
p 2 2 882 36 36079 1684
p 2 0 892 28 21930 1532
p 2 0 893 27 23647 1545
p 2 0 896 24 35213 1703
p 2 0 885 35 22311 1503
p 2 0 894 26 23352 1529
p 2 2 893 25 36274 1736
p 2 0 888 32 23179 1544
p 2 0 894 26 23688 1526
p 2 0 898 22 36369 1731
p 2 0 896 24 23256 1539
p 2 0 897 23 23774 1545
p 2 0 898 22 23534 1540
p 2 0 896 24 23740 1554
p 2 0 898 22 23486 1550
p 2 0 898 22 23597 1557
p 2 0 898 22 23592 1563
p 2 0 898 22 23627 1557
p 2 0 896 24 23532 1550
p 2 0 905 15 23702 1552
p 2 0 887 33 23581 1534
p 2 0 900 20 23735 1555
p 2 0 889 31 23767 1543
p 2 0 887 33 23771 1553
p 2 0 884 36 23966 1521
p 2 0 891 29 23568 1546
p 2 0 877 43 23533 1522
p 2 0 892 28 23515 1546
p 2 0 883 37 23442 1523
p 2 0 897 23 23420 1527
p 2 0 879 41 23488 1516
p 2 0 892 28 23473 1546
p 2 0 895 25 23464 1532
p 2 0 903 17 23797 1540
p 2 0 895 25 23892 1534
p 2 0 898 22 24054 1556
p 2 0 881 39 23994 1530
p 2 0 878 42 23777 1538
p 2 0 888 32 23792 1545
p 2 0 893 27 23689 1542
p 2 0 891 29 23828 1542
i 2 920 0 0 90783 5609
p 2 0 199 721 587 388
p 2 0 216 704 2090 414
p 2 3 202 715 7470 476
p 2 0 217 703 4617 446
p 2 0 181 739 5637 439
p 2 5 179 736 8339 473
p 2 0 185 735 5950 454
p 2 0 187 733 6389 449
p 2 5 188 727 8973 507
p 2 0 186 734 6374 456
p 2 0 181 739 6537 451
p 2 6 186 728 8873 507
p 2 0 182 738 6219 458
p 2 0 197 723 6483 467
p 2 3 180 737 8917 499
p 2 0 184 736 6460 457
p 2 0 171 749 6536 450
p 2 4 182 734 8899 495
p 2 0 174 746 6108 446
p 2 0 179 741 4971 432
p 2 5 166 749 7545 470
p 2 0 170 750 4012 405
p 2 0 163 757 3627 393
p 2 4 147 769 4738 407
p 2 0 105 815 582 298
p 2 0 147 773 1662 349
p 2 5 158 757 5928 430
p 2 0 169 751 4987 421
p 2 0 169 751 5442 418
i 2 920 0 0 34057 4180
p 2 1 417 502 3813 643
p 2 12 401 507 9092 739
p 2 27 378 515 14295 866
p 2 25 428 467 16365 945
p 2 39 384 497 20564 1064
p 2 67 412 441 27830 1351
p 2 60 424 436 30867 1394
p 2 48 507 365 30593 1479
p 2 33 522 365 28759 1396
p 2 12 599 309 26620 1317
p 2 1 589 330 23181 1174
p 2 5 515 400 9260 864
p 2 0 366 554 6392 629
p 2 0 375 545 6333 634
p 2 6 292 622 8194 635
p 2 0 326 594 5878 592
p 2 0 264 656 5699 541
p 2 1 307 612 8241 626
p 2 0 258 662 5976 543
p 2 0 269 651 6437 542
p 2 5 224 691 6687 530
p 2 0 220 700 3847 448
p 2 0 182 738 1996 392
p 2 2 153 765 3911 413
p 2 0 202 718 2522 411
p 2 0 251 669 5466 501
p 2 90 213 617 24119 1355
p 2 0 278 642 5581 576
p 2 0 296 624 6064 569
p 2 22 280 618 18703 977
p 2 0 307 613 5481 593
p 2 0 278 642 6291 551
p 2 27 260 633 20139 986
p 2 0 273 647 5478 563
p 2 0 284 636 6275 552
i 2 920 0 0 33219 4060
p 2 0 536 384 1254 779
p 2 0 468 452 3391 898
p 2 3 352 565 3985 860
p 2 2 383 535 4643 925
p 2 5 315 600 5114 917
p 2 3 310 607 5808 931
p 2 6 320 594 6328 982
p 2 6 354 560 6344 1041
p 2 5 371 544 6844 1044
p 2 3 361 556 7787 1053
p 2 5 374 541 8935 1079
p 2 3 383 534 10212 1057
p 2 6 391 523 10026 1022
p 2 1 391 528 9631 962
p 2 0 419 501 9768 974
p 2 0 391 529 8968 918
p 2 0 408 512 7962 894
p 2 0 401 519 6178 819
p 2 0 365 555 2041 698
p 2 0 350 570 1888 683
p 2 0 316 604 1806 633
p 2 0 317 603 1818 637
p 2 0 308 612 1829 623
p 2 0 317 603 1806 627
p 2 0 294 626 1796 613
p 2 0 301 619 1694 614
p 2 0 306 614 1781 620
p 2 0 305 615 1576 604
p 2 0 295 625 1769 606
p 2 0 297 623 1636 608
p 2 0 295 625 1668 614
p 2 0 296 624 1602 616
p 2 0 286 634 1706 601
i 2 920 0 0 55790 4735
p 2 0 168 752 424 356
p 2 0 114 806 336 301
p 2 6 97 817 4755 390
p 2 0 67 853 346 261
p 2 0 29 891 237 222
p 2 8 77 835 4824 370
p 2 0 36 884 304 233
p 2 0 17 903 236 212
p 2 10 69 841 6231 398
p 2 0 52 868 491 250
p 2 0 17 903 241 212
p 2 19 73 828 8097 469
p 2 0 55 865 411 253
p 2 0 21 899 244 216
p 2 18 80 822 9164 488
p 2 0 54 866 393 254
p 2 0 28 892 265 221
p 2 0 8 912 214 204
p 2 0 6 914 213 202
p 2 0 5 915 207 202
p 2 0 7 913 211 203
p 2 0 3 917 201 201
p 2 0 1 919 198 198
p 2 0 4 916 528 204
p 2 0 1 919 206 199
p 2 0 1 919 200 198
i 2 920 0 0 39158 4406
p 2 54 257 609 11584 867
p 2 163 194 563 26786 1494
p 2 255 188 477 33415 2110
p 2 224 254 442 34224 2022
p 2 122 393 405 34130 1743
p 2 1 295 624 2221 523
p 2 0 106 814 409 300
p 2 0 116 804 1780 325
p 2 0 77 843 347 265
p 2 2 95 823 1585 310
p 2 0 41 879 286 233
p 2 0 57 863 1963 270
p 2 0 28 892 258 221
p 2 2 54 864 1495 270
p 2 0 26 894 408 224
p 2 0 31 889 1612 245
p 2 0 21 899 259 218
p 2 2 43 875 1819 261
p 2 0 26 894 264 222
p 2 0 31 889 1627 244
p 2 0 35 885 594 231
p 2 2 34 884 1467 255
p 2 0 16 904 241 210
p 2 0 23 897 1908 238
p 2 0 20 900 262 216
p 2 2 16 902 1409 237
p 2 0 17 903 537 215
p 2 0 21 899 1616 235
p 2 0 12 908 228 208
p 2 2 20 898 1743 243
p 2 0 14 906 236 209
p 2 0 20 900 1588 234
p 2 0 14 906 477 215
p 2 2 16 902 1407 237
p 2 0 10 910 230 207
i 2 920 0 0 37061 4622
p 2 380 540 0 43240 3737
p 2 197 723 0 45447 3269
p 2 115 805 0 44632 2892
p 2 56 863 1 41584 2537
p 2 2 914 4 28262 1973
p 2 17 814 89 15895 1536
p 2 0 733 187 4603 1022
p 2 14 660 246 13575 1205
p 2 1 505 414 5901 794
p 2 18 600 302 12616 1137
p 2 0 608 312 3977 879
p 2 24 478 418 13596 1059
p 2 0 537 383 3377 792
p 2 16 548 356 12938 1068
p 2 4 552 364 5468 857
p 2 13 470 437 13313 990
p 2 0 468 452 2988 721
p 2 19 517 384 13264 1069
p 2 0 501 419 3659 776
p 2 20 426 474 11943 946
p 2 7 414 499 5817 747
p 2 14 502 404 12525 1025
p 2 0 486 434 3765 764
p 2 15 500 405 14860 1075
p 2 0 424 496 3211 682
p 2 17 411 492 11954 940
p 2 1 433 486 5968 740
p 2 22 427 471 11862 970
p 2 0 372 548 3031 626
p 2 15 408 497 12368 915
p 2 0 390 530 3441 667
p 2 13 426 481 12877 947
p 2 2 384 534 4965 689
p 2 18 421 481 12112 954
p 2 0 382 538 3498 656
p 2 17 394 509 12726 927
p 2 0 387 533 3081 653
p 2 14 397 509 12285 912
p 2 0 375 545 3478 651
p 2 16 385 519 12966 928
p 2 0 364 556 3101 614
i 2 920 0 0 42973 3832
p 2 0 920 0 9451 1357
p 2 0 920 0 7737 1347
p 2 0 920 0 8774 1353
p 2 0 920 0 7873 1337
p 2 0 920 0 7808 1337
p 2 0 920 0 6643 1316
p 2 0 920 0 8004 1316
p 2 0 920 0 4938 1259
p 2 0 920 0 4584 1254
p 2 0 919 1 5633 1264
p 2 0 920 0 5791 1301
p 2 0 920 0 7372 1307
p 2 0 920 0 7718 1324
p 2 0 920 0 7213 1323
p 2 0 920 0 7260 1349
p 2 0 920 0 7328 1323
p 2 0 920 0 7927 1349
p 2 0 920 0 8100 1318
p 2 1 919 0 8878 1347
p 2 0 920 0 9927 1353
p 2 1 919 0 10158 1372
p 2 1 919 0 8713 1335
p 2 0 920 0 7873 1243
p 2 1 919 0 7033 1239
p 2 0 920 0 5825 1157
p 2 0 920 0 4631 1122
p 2 0 920 0 4605 1112
p 2 0 920 0 6750 1219
p 2 0 920 0 8619 1297
p 2 0 920 0 9245 1324
p 2 0 920 0 9487 1337
p 2 0 920 0 8477 1317
p 2 0 920 0 8444 1319
p 2 0 920 0 9891 1324
p 2 0 920 0 8655 1287
p 2 2 918 0 9443 1272
p 2 0 920 0 7395 1185
p 2 0 920 0 4381 1123
p 2 0 918 2 6438 1149
p 2 0 910 10 7371 1190
p 2 0 895 25 7318 1194
p 2 0 886 34 7188 1187
p 2 0 857 63 9760 1249
p 2 0 575 345 4510 896
p 2 0 518 402 3003 769
p 2 0 305 615 998 504
p 2 0 118 802 471 307
p 2 0 51 869 288 244
p 2 0 28 892 249 222
p 2 0 104 816 451 296
p 2 0 29 891 250 222
p 2 0 12 908 214 208
p 2 0 5 915 205 200
p 2 0 3 917 202 200
i 2 920 0 0 32347 3750
p 2 395 525 0 13352 2697
p 2 426 494 0 14388 2826
p 2 179 741 0 31888 2621
p 2 378 542 0 15245 2741
p 2 209 711 0 15848 2259
p 2 173 747 0 29739 2630
p 2 343 577 0 15382 2641
p 2 163 757 0 17277 2244
p 2 164 756 0 28102 2544
p 2 349 571 0 15811 2731
p 2 192 728 0 15943 2246
p 2 141 779 0 18315 2315
p 2 395 525 0 15021 2755
p 2 174 746 0 16598 2290
p 2 384 536 0 15452 2768
p 2 285 635 0 16268 2662
p 2 376 544 0 14740 2789
p 2 379 541 0 15177 2864
p 2 265 655 0 15882 2798
p 2 230 690 0 15337 2520
p 2 401 519 0 14862 2905
p 2 356 564 0 14510 2830
p 2 212 708 0 15052 2468
p 2 354 566 0 15036 2913
p 2 0 695 225 2357 944
p 2 0 745 175 1507 899
p 2 0 340 580 732 515
p 2 0 457 463 800 608
p 2 0 217 703 554 400
p 2 0 329 591 718 500
p 2 0 158 762 454 348
p 2 0 161 759 426 342
p 2 0 81 839 335 268
p 2 0 144 776 460 325
p 2 0 67 853 298 251
p 2 0 55 865 306 244
p 2 0 40 880 291 236
p 2 0 58 862 313 250
p 2 0 23 897 242 217
p 2 0 36 884 259 230
p 2 0 19 901 257 213
p 2 0 54 866 331 246
p 2 0 35 885 264 230
p 2 0 13 907 216 209
p 2 0 3 917 202 200
p 2 0 8 912 212 205
p 2 0 7 913 210 203
p 2 0 14 906 221 208
p 2 0 9 911 211 205
p 2 0 7 913 204 202
p 2 0 14 906 244 210
p 2 0 27 893 245 220
p 2 0 17 903 238 211
p 2 0 24 896 234 216
p 2 0 5 915 208 202
p 2 0 9 911 213 204
p 2 0 6 914 223 204
p 2 0 6 914 222 203
p 2 0 9 911 221 205
p 2 0 3 917 201 200
p 2 0 3 917 201 199
p 2 0 8 912 210 206
p 2 0 3 917 202 200
p 2 0 4 916 203 201
p 2 0 2 918 202 200
p 2 0 1 919 198 198
p 2 0 0 920 197 197
p 2 0 1 919 199 198
p 2 0 0 920 197 197
p 2 0 0 920 197 197
p 2 0 0 920 197 197
p 2 0 1 919 199 198
p 2 0 0 920 197 197
p 2 0 0 920 197 197
p 2 0 1 919 199 198
p 2 0 4 916 205 201
p 2 0 7 913 207 204
p 2 0 10 910 208 204
p 2 0 9 911 209 205
p 2 0 11 909 212 205
p 2 0 6 914 202 202
p 2 0 10 910 205 205
p 2 0 4 916 201 201
p 2 0 2 918 199 199
p 2 0 1 919 198 198
p 2 0 0 920 197 197
p 2 0 0 920 197 197
p 2 0 4 916 207 200
p 2 0 4 916 211 202
p 2 0 6 914 208 201
p 2 0 3 917 210 201
p 2 0 3 917 200 199
p 2 0 5 915 202 202
p 2 0 2 918 199 199
p 2 0 0 920 197 197
p 2 0 0 920 197 197
p 2 0 2 918 199 199
p 2 0 1 919 199 199
p 2 0 3 917 202 199
p 2 0 1 919 199 198
p 2 0 0 920 197 197
p 2 0 0 920 197 197
p 2 0 0 920 197 197
p 2 0 0 920 197 197
p 2 0 0 920 197 197
p 2 0 1 919 198 198
p 2 0 1 919 198 198
p 2 0 0 920 197 197
p 2 0 0 920 197 197
p 2 0 0 920 197 197
p 2 0 0 920 197 197
p 2 0 0 920 197 197
p 2 0 0 920 197 197
p 2 0 0 920 197 197
p 2 0 0 920 197 197
p 2 0 0 920 197 197
p 2 0 0 920 197 197
p 2 0 0 920 197 197
p 2 0 0 920 197 197
i 2 920 0 0 2668 2668
p 2 0 0 920 197 197
p 2 0 0 920 197 197
p 2 0 0 920 197 197
p 2 0 0 920 197 197
p 2 0 0 920 197 197
p 2 0 0 920 197 197
p 2 0 0 920 197 197
p 2 0 0 920 197 197
p 2 0 0 920 197 197
p 2 0 0 920 197 197
p 2 0 0 920 197 197
p 2 0 0 920 197 197
p 2 0 0 920 197 197
p 2 0 0 920 197 197
p 2 0 0 920 197 197
p 2 0 0 920 197 197
p 2 0 0 920 197 197
p 2 0 0 920 197 197
p 2 0 0 920 197 197
p 2 0 0 920 197 197
p 2 0 0 920 197 197
p 2 0 0 920 197 197
p 2 0 0 920 197 197
