# XviD 2pass stat file (core version 1.4.-127)
# Please do not modify this file

i 2 920 0 0 66374 4899
p 2 4 911 5 15197 1445
p 2 7 910 3 18615 1510
p 2 9 905 6 18244 1525
p 2 2 911 7 19227 1507
p 2 2 916 2 19290 1542
p 2 2 914 4 19196 1529
p 2 4 914 2 19117 1533
p 2 2 916 2 19967 1556
p 2 8 912 0 19533 1564
p 2 8 912 0 19878 1545
p 2 5 913 2 20235 1579
p 2 5 915 0 20067 1538
p 2 4 912 4 20697 1543
p 2 5 915 0 20407 1537
p 2 8 911 1 20513 1566
p 2 6 914 0 20230 1539
p 2 3 917 0 20342 1547
p 2 4 916 0 20563 1562
p 2 7 913 0 20731 1595
p 2 9 910 1 20627 1589
p 2 7 912 1 21048 1581
p 2 9 910 1 20852 1539
p 2 11 904 5 21092 1610
p 2 10 906 4 20962 1575
p 2 7 908 5 21128 1565
p 2 4 913 3 20739 1578
p 2 7 911 2 20844 1602
p 2 4 914 2 20658 1571
p 2 9 911 0 20798 1577
p 2 5 913 2 20462 1566
p 2 9 911 0 20977 1595
p 2 9 911 0 20113 1609
p 2 6 913 1 20042 1593
p 2 4 914 2 19572 1583
p 2 7 909 4 19574 1603
p 2 6 914 0 19911 1585
p 2 4 914 2 19847 1573
p 2 7 913 0 19585 1575
p 2 11 907 2 19958 1639
p 2 11 907 2 19826 1620
p 2 4 915 1 20128 1611
p 2 11 908 1 19394 1566
p 2 5 915 0 19840 1577
p 2 4 916 0 18979 1554
p 2 8 912 0 19399 1589
p 2 6 913 1 19230 1593
p 2 12 907 1 19982 1600
p 2 6 913 1 19814 1604
p 2 7 912 1 19574 1618
p 2 4 915 1 19215 1605
p 2 9 911 0 19281 1622
p 2 6 914 0 19353 1604
p 2 3 914 3 19600 1605
p 2 8 911 1 19400 1566
p 2 11 909 0 19490 1621
p 2 7 913 0 19207 1575
p 2 12 908 0 19752 1631
p 2 21 899 0 20330 1651
p 2 12 907 1 20887 1665
p 2 9 911 0 21776 1625
p 2 10 908 2 21633 1624
p 2 11 907 2 21959 1637
p 2 10 908 2 22963 1667
p 2 12 904 4 22405 1653
p 2 15 904 1 23110 1718
p 2 13 907 0 22698 1654
p 2 25 895 0 22574 1722
p 2 14 906 0 22314 1716
p 2 16 904 0 23056 1714
p 2 15 905 0 21811 1697
p 2 10 910 0 21449 1673
p 2 6 914 0 21634 1642
p 2 8 912 0 20879 1669
p 2 7 913 0 20440 1646
p 2 5 915 0 21170 1661
p 2 6 914 0 19928 1644
p 2 4 916 0 11290 1441
p 2 0 593 327 5752 847
p 2 0 221 699 2542 443
p 2 0 272 648 2884 485
p 2 0 303 617 4164 534
p 2 0 222 698 2877 438
p 2 0 126 794 2454 360
p 2 0 155 765 4407 394
p 2 0 136 784 2584 364
p 2 0 200 720 3045 425
p 2 0 152 768 3961 395
p 2 1 114 805 3018 356
p 2 0 140 780 3017 374
p 2 0 157 763 4960 409
p 2 0 123 797 3021 375
p 2 1 98 821 2975 350
p 2 1 112 807 4230 384
p 2 1 87 832 3478 348
p 2 0 87 833 3473 347
p 2 0 97 823 5656 375
p 2 0 90 830 3617 346
p 2 0 84 836 4315 357
p 2 2 93 825 6238 384
p 2 2 93 825 5399 380
i 2 920 0 0 38047 4372
p 2 0 174 746 445 365
p 2 0 131 789 334 314
p 2 41 121 758 17414 729
p 2 0 99 821 536 301
p 2 0 39 881 283 231
p 2 46 113 761 21116 821
p 2 8 93 819 2330 344
p 2 11 75 834 3910 372
p 2 64 156 700 26914 1042
p 2 39 154 727 7991 651
p 2 51 147 722 10436 754
p 2 118 189 613 30586 1404
p 2 46 212 662 12275 861
p 2 32 212 676 11127 757
p 2 139 248 533 35145 1690
p 2 91 274 555 15770 1161
p 2 105 253 562 12951 1180
p 2 169 343 408 40257 2002
p 2 43 362 515 13749 1102
p 2 66 331 523 15296 1175
p 2 206 357 357 40886 2228
p 2 97 331 492 11210 1190
p 2 80 235 605 7621 940
p 2 174 369 377 35244 2059
p 2 18 363 539 6223 760
p 2 11 298 611 5836 666
p 2 88 421 411 38384 1756
p 2 23 371 526 5463 841
p 2 7 234 679 4465 564
p 2 132 423 365 39391 1947
p 2 34 347 539 6485 908
p 2 39 239 642 4390 683
p 2 91 394 435 36218 1651
p 2 0 294 626 1293 531
p 2 0 151 769 529 344
p 2 67 410 443 37102 1506
p 2 0 243 677 1024 464
p 2 0 139 781 465 325
p 2 0 91 829 398 281
p 2 0 40 880 263 234
p 2 0 47 873 294 236
p 2 0 26 894 243 220
p 2 0 27 893 247 220
p 2 0 15 905 227 210
p 2 0 13 907 223 208
p 2 0 13 907 230 208
p 2 0 8 912 213 204
p 2 0 9 911 219 204
p 2 0 10 910 220 206
p 2 0 4 916 206 200
p 2 0 7 913 211 203
p 2 0 2 918 201 199
p 2 0 2 918 201 198
p 2 0 2 918 202 199
p 2 0 9 911 217 205
p 2 0 0 920 197 197
p 2 0 1 919 199 198
p 2 0 2 918 201 199
i 2 920 0 0 56672 4488
p 2 5 245 670 3401 505
p 2 2 215 703 2933 445
p 2 1 114 805 3242 369
p 2 0 137 783 3755 382
p 2 0 100 820 3519 344
p 2 2 78 840 3765 343
p 2 3 84 833 3206 339
p 2 2 76 842 3430 324
p 2 0 64 856 3045 313
p 2 0 70 850 3260 318
p 2 2 65 853 3014 317
p 2 1 80 839 3264 327
p 2 0 84 836 3221 334
p 2 1 78 841 3576 325
p 2 0 67 853 2974 315
p 2 0 63 857 2718 307
p 2 0 69 851 2630 303
p 2 3 55 862 2242 301
p 2 0 60 860 2064 289
p 2 0 56 864 2053 282
p 2 0 57 863 2067 292
p 2 0 48 872 2161 279
p 2 1 47 872 1885 275
p 2 1 74 845 1859 299
p 2 0 55 865 1713 268
p 2 0 62 858 1605 276
p 2 0 36 884 1597 249
p 2 0 55 865 1242 260
p 2 1 46 873 1326 258
p 2 1 31 888 1274 249
p 2 0 31 889 1008 238
p 2 0 29 891 993 235
p 2 0 27 893 735 232
p 2 0 21 899 810 225
p 2 0 19 901 670 223
p 2 0 16 904 629 217
p 2 0 15 905 514 217
p 2 0 15 905 482 217
p 2 0 12 908 348 216
p 2 0 17 903 374 218
p 2 0 11 909 358 213
p 2 0 11 909 353 210
p 2 0 11 909 288 206
p 2 0 33 887 291 227
p 2 0 14 906 255 209
p 2 0 40 880 296 232
p 2 0 16 904 240 210
p 2 0 807 113 9896 1146
p 2 0 917 3 7400 1214
p 2 0 918 2 10103 1237
p 2 0 919 1 5051 1167
p 2 0 920 0 10935 1300
p 2 0 920 0 7436 1261
p 2 0 920 0 12655 1314
p 2 0 920 0 11963 1284
p 2 0 920 0 8645 1225
p 2 0 920 0 12135 1279
p 2 0 920 0 7045 1255
p 2 0 920 0 14357 1333
p 2 5 915 0 14709 1365
p 2 3 916 1 7892 1232
p 2 0 920 0 12521 1287
p 2 2 918 0 13003 1309
p 2 0 919 1 13064 1290
p 2 1 919 0 7908 1246
p 2 1 919 0 16271 1324
p 2 1 919 0 15414 1339
p 2 1 919 0 14517 1267
p 2 3 917 0 7153 1155
p 2 2 918 0 13322 1277
p 2 2 918 0 14271 1335
p 2 3 917 0 17521 1348
p 2 1 919 0 12947 1331
p 2 1 919 0 9238 1267
p 2 1 919 0 14520 1312
p 2 0 920 0 13663 1349
p 2 0 920 0 15573 1374
p 2 0 920 0 17737 1401
p 2 1 919 0 11915 1278
p 2 1 919 0 8868 1257
p 2 1 919 0 14512 1298
p 2 4 916 0 16872 1411
p 2 4 916 0 19009 1414
p 2 5 915 0 18727 1440
p 2 1 919 0 20401 1453
p 2 1 919 0 17108 1426
p 2 4 916 0 12453 1426
p 2 4 916 0 9635 1394
p 2 1 919 0 15594 1436
p 2 1 919 0 17509 1391
p 2 0 920 0 19710 1475
p 2 0 920 0 18508 1451
p 2 1 919 0 19726 1508
p 2 6 914 0 22960 1557
p 2 0 920 0 20825 1462
p 2 3 917 0 22208 1569
p 2 4 916 0 16738 1468
p 2 7 913 0 15077 1425
p 2 8 912 0 11987 1403
p 2 4 916 0 10725 1331
p 2 5 915 0 12627 1349
p 2 5 915 0 16173 1404
p 2 8 912 0 20883 1547
p 2 2 918 0 23276 1574
p 2 7 913 0 24641 1590
p 2 5 915 0 25994 1582
p 2 9 911 0 27184 1634
p 2 10 910 0 25614 1609
p 2 6 914 0 25511 1583
p 2 7 913 0 22154 1533
p 2 9 911 0 20732 1493
p 2 8 912 0 21168 1474
p 2 7 913 0 26000 1613
p 2 10 910 0 26152 1634
p 2 3 917 0 27195 1602
p 2 7 913 0 19586 1574
p 2 4 916 0 26438 1605
p 2 4 916 0 20598 1554
p 2 1 919 0 23405 1566
p 2 0 920 0 12841 1447
p 2 1 919 0 13394 1439
p 2 1 919 0 14215 1451
p 2 1 919 0 14877 1461
p 2 0 920 0 14462 1435
p 2 0 920 0 12878 1381
p 2 1 919 0 15378 1469
p 2 0 920 0 20238 1494
p 2 1 919 0 20053 1526
p 2 0 920 0 19978 1526
p 2 0 920 0 20317 1525
p 2 0 920 0 20742 1523
p 2 1 919 0 20123 1520
p 2 1 919 0 20430 1529
p 2 0 920 0 20078 1517
p 2 1 919 0 12238 1453
p 2 0 920 0 11616 1435
p 2 0 920 0 12533 1416
p 2 2 918 0 13464 1435
p 2 0 920 0 13992 1422
p 2 1 919 0 13867 1433
p 2 0 920 0 14178 1427
p 2 1 919 0 14787 1449
p 2 0 920 0 14521 1422
p 2 0 920 0 14448 1418
p 2 0 920 0 14660 1403
p 2 1 919 0 14924 1430
p 2 0 920 0 15187 1404
p 2 0 920 0 14971 1417
p 2 4 916 0 15198 1444
p 2 1 919 0 15624 1420
p 2 2 918 0 15705 1424
p 2 3 917 0 15483 1420
p 2 2 918 0 15969 1419
p 2 1 919 0 16430 1429
p 2 3 917 0 16443 1444
p 2 1 919 0 15966 1401
p 2 2 918 0 16715 1417
p 2 4 916 0 16837 1432
p 2 0 920 0 16956 1402
p 2 4 916 0 16599 1443
p 2 2 918 0 16806 1423
p 2 1 919 0 16953 1433
p 2 1 919 0 16767 1413
p 2 2 918 0 17665 1434
p 2 2 918 0 15363 1418
p 2 3 917 0 17608 1443
p 2 0 920 0 16766 1413
p 2 0 920 0 17094 1424
p 2 1 919 0 16600 1420
p 2 0 920 0 16995 1416
p 2 1 919 0 17124 1436
p 2 1 919 0 17445 1413
p 2 2 918 0 16922 1423
p 2 1 919 0 17015 1419
p 2 0 920 0 17301 1421
p 2 0 920 0 17214 1414
p 2 2 918 0 17150 1433
p 2 0 920 0 16794 1416
p 2 0 920 0 17363 1421
p 2 0 920 0 17150 1410
p 2 3 917 0 17443 1445
p 2 2 918 0 16916 1426
p 2 2 918 0 17294 1430
p 2 1 919 0 16652 1405
p 2 1 919 0 16946 1439
p 2 1 919 0 16187 1419
p 2 0 920 0 17035 1431
p 2 1 919 0 15606 1417
i 2 920 0 0 26873 3378
p 2 0 425 495 666 589
p 2 192 728 0 29561 2665
p 2 0 685 235 1433 911
p 2 52 867 1 24648 2183
p 2 0 748 172 1680 976
p 2 55 865 0 25323 2233
p 2 14 763 143 4701 1081
p 2 116 804 0 25778 2449
p 2 46 873 1 18342 2013
p 2 26 894 0 14072 1706
p 2 52 868 0 21411 1941
p 2 7 913 0 12955 1584
p 2 6 914 0 8925 1481
p 2 23 896 1 19452 1735
p 2 5 914 1 9348 1411
p 2 2 918 0 9754 1366
p 2 45 875 0 20776 1800
p 2 0 920 0 8458 1384
p 2 3 917 0 10167 1302
p 2 48 871 1 20384 1801
p 2 1 918 1 10789 1338
p 2 0 920 0 9049 1271
p 2 23 890 7 17360 1510
p 2 0 667 253 1348 852
p 2 0 402 518 674 575
p 2 3 396 521 13650 798
p 2 0 355 565 994 545
p 2 0 241 679 570 416
p 2 4 320 596 13234 735
p 2 0 212 708 805 406
p 2 0 114 806 393 300
p 2 0 66 854 279 251
p 2 0 97 823 407 285
p 2 0 41 879 265 231
p 2 0 23 897 229 217
p 2 0 16 904 224 211
p 2 0 28 892 238 218
p 2 0 10 910 212 206
p 2 0 13 907 223 208
p 2 0 3 917 204 200
p 2 0 8 912 210 202
p 2 0 12 908 220 206
p 2 0 11 909 210 205
p 2 0 6 914 205 202
p 2 0 3 917 202 200
p 2 0 13 907 214 207
i 2 920 0 0 55519 4577
p 2 1 915 4 11056 1354
p 2 0 918 2 12925 1326
p 2 1 918 1 15566 1393
p 2 0 920 0 15204 1386
p 2 3 915 2 15496 1410
p 2 1 918 1 13432 1384
p 2 1 919 0 11636 1338
p 2 2 916 2 10107 1325
p 2 6 913 1 9202 1326
p 2 0 920 0 8683 1261
p 2 0 918 2 9495 1267
p 2 0 919 1 11432 1283
p 2 0 920 0 13220 1354
p 2 0 920 0 13967 1333
p 2 0 920 0 13603 1331
p 2 0 920 0 13927 1338
p 2 0 920 0 13807 1347
p 2 0 920 0 14384 1380
p 2 1 918 1 14687 1391
p 2 1 919 0 15019 1379
p 2 0 920 0 15790 1398
p 2 0 920 0 16282 1417
p 2 0 920 0 16396 1415
p 2 0 920 0 16734 1431
p 2 0 919 1 17080 1429
p 2 0 920 0 16825 1420
p 2 0 920 0 17971 1437
p 2 0 919 1 17443 1448
p 2 0 920 0 17961 1473
p 2 4 916 0 17440 1474
p 2 0 920 0 18080 1460
p 2 0 920 0 18168 1466
p 2 0 920 0 18318 1460
p 2 1 918 1 18070 1472
p 2 0 920 0 18254 1445
p 2 1 919 0 18549 1464
p 2 0 919 1 18597 1464
p 2 0 920 0 18467 1438
p 2 1 919 0 18778 1451
p 2 2 918 0 18915 1516
p 2 0 920 0 19070 1447
p 2 1 919 0 18518 1460
p 2 1 918 1 18348 1455
p 2 1 919 0 17502 1445
p 2 0 920 0 17916 1448
p 2 0 920 0 17053 1441
p 2 1 919 0 17409 1431
p 2 3 917 0 16118 1423
p 2 0 920 0 15982 1407
p 2 3 917 0 15246 1410
p 2 3 917 0 15427 1382
p 2 0 920 0 14240 1330
p 2 2 917 1 14100 1305
p 2 1 919 0 14471 1310
p 2 1 918 1 14462 1346
p 2 1 919 0 14768 1337
p 2 1 919 0 15606 1346
p 2 3 916 1 16197 1390
p 2 1 919 0 16802 1413
p 2 2 918 0 15603 1407
p 2 2 917 1 16011 1434
p 2 0 920 0 15095 1474
p 2 1 919 0 13767 1398
p 2 0 920 0 15013 1442
p 2 0 919 1 15205 1462
p 2 1 918 1 17015 1488
p 2 0 920 0 18113 1479
p 2 0 920 0 20340 1526
p 2 0 920 0 21661 1515
p 2 3 917 0 22637 1570
p 2 0 920 0 23024 1555
p 2 1 919 0 23125 1562
p 2 1 919 0 22860 1571
p 2 1 918 1 23095 1576
p 2 2 918 0 23019 1578
p 2 2 918 0 23783 1601
p 2 0 920 0 23761 1575
p 2 0 920 0 24264 1570
p 2 2 918 0 24521 1569
p 2 2 918 0 23798 1550
p 2 12 908 0 26184 1615
p 2 0 920 0 24717 1548
p 2 8 912 0 25141 1599
p 2 2 918 0 24685 1570
p 2 3 917 0 24611 1586
p 2 3 917 0 24718 1587
p 2 2 918 0 25272 1576
p 2 1 919 0 25309 1568
p 2 3 917 0 26613 1588
p 2 2 918 0 26164 1559
p 2 1 919 0 26033 1563
p 2 3 917 0 24248 1548
p 2 0 920 0 23106 1517
p 2 2 918 0 21621 1501
p 2 1 919 0 21344 1509
p 2 0 920 0 18896 1438
p 2 1 919 0 19571 1415
p 2 2 918 0 16042 1372
p 2 2 918 0 17196 1373
p 2 0 920 0 14697 1345
p 2 1 919 0 13635 1341
p 2 3 916 1 11580 1277
p 2 2 918 0 12106 1275
p 2 0 920 0 14970 1279
p 2 4 916 0 18663 1354
p 2 1 918 1 22992 1469
p 2 0 920 0 22208 1447
p 2 0 920 0 23209 1498
p 2 3 917 0 23073 1488
p 2 2 918 0 23624 1509
p 2 1 918 1 26041 1521
p 2 1 917 2 24566 1507
p 2 1 919 0 24921 1519
p 2 0 918 2 23159 1502
p 2 1 917 2 23323 1511
p 2 0 919 1 23113 1491
p 2 2 917 1 23561 1503
p 2 0 920 0 25066 1511
p 2 1 917 2 24584 1530
p 2 1 919 0 22995 1530
p 2 1 919 0 22424 1504
p 2 0 919 1 19711 1433
p 2 0 920 0 18016 1415
p 2 3 917 0 16325 1413
p 2 1 916 3 12101 1395
p 2 3 916 1 9917 1349
p 2 0 918 2 12330 1354
p 2 1 917 2 18296 1387
p 2 1 919 0 22151 1443
p 2 2 918 0 21122 1472
p 2 2 918 0 22308 1471
p 2 0 920 0 22553 1430
p 2 2 917 1 22675 1474
p 2 1 919 0 21571 1456
p 2 6 911 3 28119 1571
p 2 0 919 1 22196 1462
p 2 2 916 2 25070 1503
p 2 2 918 0 29019 1524
p 2 0 919 1 21242 1474
p 2 0 919 1 16647 1354
p 2 3 913 4 21794 1378
p 2 2 917 1 8811 1271
p 2 2 917 1 6845 1192
p 2 1 918 1 18630 1290
p 2 0 919 1 19154 1388
p 2 0 913 7 19207 1392
p 2 0 915 5 27356 1476
p 2 1 910 9 20950 1432
p 2 0 910 10 20233 1447
p 2 1 905 14 20520 1442
p 2 0 910 10 23143 1454
p 2 0 914 6 18833 1436
p 2 0 909 11 18743 1408
p 2 0 911 9 12940 1354
p 2 0 910 10 7115 1315
p 2 0 916 4 9092 1308
p 2 0 916 4 19626 1405
p 2 0 916 4 18814 1396
p 2 0 906 14 18750 1371
p 2 0 908 12 18797 1386
p 2 0 897 23 21399 1413
p 2 0 869 51 17830 1252
p 2 0 858 62 15986 1199
p 2 0 800 120 8080 1060
p 2 19 641 260 14823 1079
p 2 0 302 618 1209 485
p 2 0 434 486 1724 629
p 2 6 572 342 12658 916
p 2 0 268 652 1280 464
p 2 0 102 818 501 293
p 2 5 480 435 10761 781
p 2 0 495 425 1988 687
p 2 0 323 597 1264 499
p 2 5 264 651 10765 590
p 2 0 292 628 1413 497
p 2 0 263 657 1232 459
p 2 0 152 768 689 340
p 2 0 198 722 920 384
p 2 0 191 729 994 386
p 2 0 195 725 966 387
p 2 0 117 803 649 314
p 2 0 164 756 848 360
p 2 0 158 762 862 352
p 2 0 182 738 884 374
p 2 0 124 796 686 318
p 2 0 149 771 772 343
p 2 0 158 762 874 357
p 2 0 157 763 761 351
p 2 11 316 593 18161 743
p 2 0 288 632 1395 495
p 2 0 210 710 1003 406
p 2 7 274 639 10027 614
p 2 0 180 740 954 384
p 2 0 161 759 811 357
p 2 1 244 675 10296 548
p 2 0 212 708 1092 417
p 2 0 116 804 671 309
p 2 4 302 614 18132 707
p 2 0 269 651 1292 471
p 2 0 190 730 919 389
p 2 0 126 794 702 320
p 2 0 145 775 753 335
p 2 0 140 780 793 336
p 2 0 115 805 680 307
p 2 0 112 808 721 309
p 2 0 102 818 605 294
p 2 0 96 824 608 289
i 2 920 0 0 61085 4754
p 2 0 208 712 479 397
p 2 0 151 769 350 331
p 2 0 77 843 278 264
p 2 0 66 854 261 252
p 2 0 22 898 217 216
p 2 0 14 906 210 210
p 2 0 2 918 199 198
p 2 0 7 913 204 202
p 2 0 4 916 201 201
p 2 0 2 918 199 199
p 2 0 2 918 199 199
p 2 0 4 916 200 200
p 2 0 1 919 198 198
p 2 0 1 919 198 198
p 2 0 0 920 197 197
p 2 0 1 919 199 198
p 2 0 3 917 201 200
p 2 0 2 918 199 199
p 2 0 2 918 199 199
p 2 0 1 919 198 198
p 2 0 3 917 200 200
p 2 0 2 918 199 199
p 2 0 2 918 199 199
p 2 2 66 852 6304 353
p 2 0 46 874 369 247
p 2 0 17 903 229 212
p 2 11 70 839 7893 419
p 2 0 51 869 389 248
p 2 0 14 906 228 209
p 2 12 84 824 7685 460
p 2 0 64 856 428 260
p 2 0 32 888 263 226
p 2 8 87 825 8292 425
p 2 0 76 844 510 276
p 2 0 36 884 291 228
p 2 8 147 765 14061 568
p 2 0 118 802 649 317
p 2 3 140 777 10992 479
p 2 0 120 800 695 322
p 2 2 144 774 11058 478
p 2 0 124 796 700 324
p 2 2 89 829 680 291
p 2 0 31 889 277 224
p 2 0 36 884 281 228
p 2 1 20 899 508 220
p 2 0 17 903 238 211
p 2 0 25 895 582 221
p 2 0 53 867 346 245
p 2 0 12 908 218 207
p 2 0 29 891 265 223
p 2 0 33 887 278 225
p 2 0 21 899 249 216
p 2 0 4 916 203 200
p 2 1 9 910 491 212
p 2 0 7 913 213 202
p 2 1 13 906 413 214
p 2 0 11 909 219 207
p 2 0 6 914 207 202
p 2 0 3 917 203 200
p 2 1 15 904 484 216
p 2 0 6 914 211 202
p 2 0 5 915 205 201
p 2 0 11 909 539 209
p 2 0 7 913 219 202
p 2 0 3 917 205 199
p 2 2 6 912 427 212
p 2 0 4 916 206 201
p 2 0 3 917 206 200
p 2 1 5 914 536 210
p 2 0 8 912 218 205
p 2 0 7 913 216 202
p 2 1 12 907 508 215
p 2 0 10 910 223 206
p 2 0 4 916 204 200
p 2 0 10 910 523 209
p 2 0 14 906 239 208
p 2 0 9 911 217 205
p 2 2 6 912 423 212
p 2 0 1 919 199 198
p 2 0 0 920 197 197
p 2 1 6 913 532 210
p 2 0 3 917 208 200
p 2 0 0 920 197 197
p 2 1 5 914 489 208
p 2 0 3 917 211 200
p 2 0 2 918 201 198
p 2 0 6 914 515 207
p 2 0 3 917 207 200
p 2 0 2 918 201 198
p 2 0 0 920 197 197
p 2 0 2 918 202 199
p 2 0 0 920 197 197
p 2 0 2 918 200 200
p 2 0 0 920 197 197
p 2 0 2 918 199 199
p 2 0 0 920 197 197
p 2 0 0 920 197 197
p 2 0 0 920 197 197
p 2 0 0 920 197 197
p 2 0 0 920 197 197
i 2 920 0 0 55179 4918
p 2 0 153 767 426 346
p 2 0 72 848 281 264
p 2 0 29 891 612 223
p 2 0 22 898 229 215
p 2 0 9 911 208 204
p 2 0 9 911 612 211
p 2 0 12 908 223 208
p 2 0 6 914 207 201
p 2 2 4 914 484 218
p 2 0 8 912 213 204
p 2 0 9 911 213 204
p 2 1 6 913 687 213
p 2 0 8 912 214 204
p 2 0 7 913 207 203
p 2 2 6 912 488 218
p 2 0 4 916 203 200
p 2 0 5 915 204 201
p 2 1 8 911 688 214
p 2 0 5 915 212 202
p 2 0 3 917 206 200
p 2 0 9 911 578 208
p 2 0 5 915 208 201
p 2 0 3 917 202 200
p 2 0 13 907 612 213
p 2 0 11 909 227 209
p 2 0 14 906 217 208
p 2 0 18 902 221 211
p 2 0 10 910 213 207
p 2 0 13 907 213 206
p 2 0 3 917 199 199
p 2 0 0 920 197 197
p 2 0 3 917 199 199
p 2 0 2 918 199 198
p 2 0 5 915 559 206
p 2 0 5 915 224 202
p 2 1 4 915 486 212
p 2 0 3 917 203 200
p 2 0 0 920 197 197
p 2 5 267 648 22036 774
p 2 0 203 717 1056 422
p 2 0 70 850 400 262
p 2 1 281 638 20869 763
p 2 0 210 710 1070 424
p 2 0 154 766 588 341
p 2 1 306 613 20154 777
p 2 0 216 704 1059 428
p 2 0 99 821 424 286
p 2 5 290 625 21634 794
p 2 0 229 691 1047 434
p 2 0 130 790 556 317
p 2 1 72 847 709 277
p 2 0 31 889 270 224
p 2 0 23 897 248 215
p 2 1 26 893 715 228
p 2 0 51 869 322 242
p 2 0 23 897 244 215
p 2 0 28 892 748 229
p 2 0 29 891 263 221
p 2 0 36 884 294 229
p 2 0 34 886 825 232
p 2 0 17 903 250 211
p 2 0 14 906 239 209
p 2 1 37 882 620 241
p 2 0 33 887 263 224
p 2 0 17 903 232 209
p 2 1 14 905 685 218
p 2 0 5 915 211 201
p 2 0 4 916 207 201
p 2 0 18 902 716 219
p 2 0 8 912 218 202
p 2 0 24 896 252 217
p 2 0 25 895 784 222
p 2 0 12 908 225 208
p 2 0 12 908 223 207
p 2 0 18 902 719 219
p 2 0 11 909 232 207
p 2 0 6 914 207 202
p 2 1 12 907 392 215
p 2 0 4 916 209 200
p 2 0 1 919 199 198
p 2 1 7 912 677 212
p 2 0 5 915 214 203
p 2 0 2 918 200 199
p 2 0 8 912 686 212
p 2 0 5 915 213 201
p 2 0 2 918 202 199
p 2 0 8 912 746 209
p 2 0 6 914 212 203
p 2 0 2 918 201 199
p 2 0 0 920 197 197
p 2 0 0 920 197 197
p 2 0 7 913 694 209
p 2 0 3 917 207 200
p 2 1 3 916 372 208
i 2 920 0 0 61360 4741
p 2 0 201 719 464 386
p 2 0 150 770 344 332
p 2 1 70 849 575 268
p 2 0 58 862 258 244
p 2 0 21 899 214 213
p 2 0 27 893 571 226
p 2 0 9 911 217 205
p 2 0 14 906 212 209
p 2 0 11 909 391 214
p 2 0 7 913 208 203
p 2 0 4 916 201 201
p 2 1 7 912 612 213
p 2 0 7 913 211 203
p 2 0 7 913 204 202
p 2 1 7 912 490 214
p 2 0 3 917 203 200
p 2 0 0 920 197 197
p 2 0 6 914 542 209
p 2 0 3 917 215 200
p 2 0 4 916 203 201
p 2 0 7 913 387 212
p 2 0 5 915 205 203
p 2 0 6 914 204 201
p 2 1 7 912 618 214
p 2 0 4 916 210 201
p 2 0 4 916 206 202
p 2 1 4 915 489 212
p 2 0 3 917 213 201
p 2 0 2 918 200 199
p 2 0 7 913 543 209
p 2 0 5 915 212 203
p 2 0 3 917 201 200
p 2 0 0 920 197 197
p 2 0 0 920 197 197
p 2 0 2 918 199 199
p 2 0 0 920 197 197
p 2 0 0 920 197 197
p 2 0 1 919 198 198
p 2 0 0 920 197 197
p 2 0 0 920 197 197
i 2 920 0 0 54443 4888
p 2 0 144 776 410 337
p 2 2 334 584 20750 809
p 2 0 212 708 954 414
p 2 0 297 623 20552 772
p 2 0 221 699 1093 432
p 2 1 295 624 21387 790
p 2 0 211 709 1073 424
p 2 1 296 623 23125 800
p 2 0 231 689 1127 447
p 2 2 155 763 949 363
p 2 3 172 745 11139 524
p 2 1 171 748 1235 379
p 2 0 200 720 8502 487
p 2 0 173 747 801 372
p 2 0 148 772 9520 446
p 2 0 155 765 762 356
p 2 0 126 794 526 315
p 2 0 82 838 802 278
p 2 0 56 864 330 247
p 2 0 38 882 294 232
p 2 2 30 888 537 236
p 2 0 19 901 239 215
p 2 0 19 901 232 210
p 2 1 110 809 976 314
p 2 0 30 890 272 222
p 2 0 53 867 330 245
p 2 0 64 856 724 260
p 2 0 69 851 384 260
p 2 0 46 874 303 237
p 2 0 27 893 653 226
p 2 0 10 910 222 205
p 2 0 10 910 215 203
p 2 0 3 917 204 200
p 2 0 9 911 218 203
p 2 0 5 915 204 201
p 2 0 6 914 209 202
p 2 0 8 912 569 209
p 2 0 16 904 238 210
p 2 1 13 906 506 218
p 2 0 12 908 225 207
p 2 0 5 915 207 202
p 2 0 2 918 200 199
p 2 0 4 916 205 201
p 2 0 4 916 205 201
p 2 0 10 910 600 209
p 2 0 8 912 215 203
p 2 0 4 916 204 200
p 2 0 15 905 639 217
p 2 0 17 903 228 212
p 2 0 9 911 215 206
p 2 0 9 911 568 209
p 2 0 14 906 234 209
p 2 0 14 906 233 210
p 2 0 9 911 609 208
p 2 0 8 912 218 204
p 2 0 6 914 209 202
p 2 2 7 911 492 220
p 2 0 5 915 215 201
p 2 0 1 919 199 198
p 2 1 8 911 696 215
p 2 0 4 916 208 201
p 2 0 4 916 205 200
p 2 0 7 913 578 209
p 2 0 7 913 221 202
p 2 0 4 916 208 200
p 2 0 7 913 607 209
p 2 0 4 916 217 201
p 2 0 5 915 213 202
p 2 2 5 913 490 218
p 2 0 3 917 207 200
p 2 0 0 920 197 197
p 2 1 8 911 703 216
p 2 0 3 917 207 200
p 2 0 0 920 197 197
p 2 0 6 914 559 210
p 2 0 4 916 213 201
p 2 0 2 918 201 199
p 2 0 5 915 603 206
p 2 0 6 914 215 203
p 2 0 1 919 199 198
p 2 0 1 919 199 198
p 2 0 1 919 199 198
p 2 0 0 920 197 197
p 2 0 0 920 197 197
p 2 0 5 915 566 205
p 2 0 5 915 214 202
p 2 1 4 915 485 212
p 2 0 4 916 207 201
i 2 920 0 0 54794 4315
p 2 0 174 746 408 354
p 2 30 437 453 30163 1181
p 2 0 301 619 1222 519
p 2 9 386 525 23836 1000
p 2 0 272 648 1134 491
p 2 19 357 544 25380 988
p 2 0 272 648 1190 491
p 2 0 178 742 641 364
p 2 0 73 847 334 259
p 2 0 85 835 366 271
p 2 0 53 867 303 242
p 2 0 70 850 363 261
p 2 0 31 889 250 222
p 2 6 55 859 1973 306
p 2 0 56 864 309 249
p 2 0 40 880 280 231
p 2 0 28 892 245 219
p 2 0 16 904 226 209
p 2 0 17 903 220 210
p 2 0 12 908 216 206
p 2 0 2 918 200 199
p 2 0 12 908 219 206
p 2 0 7 913 211 204
p 2 54 266 600 31161 1231
p 2 0 189 731 869 397
p 2 45 283 592 31630 1191
p 2 0 205 715 973 425
p 2 25 305 590 30178 1067
p 2 0 244 676 1161 462
p 2 22 337 561 30356 1149
p 2 0 252 668 1100 472
p 2 25 346 549 29422 1158
p 2 0 265 655 1189 489
p 2 26 360 534 31824 1186
p 2 0 260 660 1157 483
p 2 0 141 779 539 330
p 2 0 62 858 324 251
p 2 0 51 869 315 243
p 2 0 27 893 250 221
p 2 0 31 889 265 225
p 2 0 25 895 257 219
p 2 0 37 883 510 234
p 2 0 17 903 238 212
p 2 0 14 906 370 215
p 2 0 16 904 231 211
p 2 0 18 902 247 213
p 2 0 10 910 225 205
p 2 17 333 570 32173 1088
p 2 0 255 665 1225 477
p 2 0 361 559 26081 934
p 2 0 256 664 1255 480
p 2 3 362 555 25843 935
p 2 0 254 666 1205 466
p 2 0 129 791 899 331
p 2 0 60 860 344 252
p 2 0 109 811 474 296
p 2 5 67 848 2073 321
p 2 0 56 864 359 247
p 2 0 37 883 292 230
p 2 3 83 834 2086 333
p 2 0 41 879 336 240
p 2 0 54 866 342 242
p 2 1 62 857 1965 292
p 2 0 40 880 326 237
p 2 0 21 899 247 216
p 2 0 60 860 892 275
p 2 0 45 875 322 242
p 2 0 46 874 295 235
p 2 0 20 900 572 220
p 2 0 18 902 241 213
p 2 0 11 909 222 207
p 2 0 18 902 245 212
p 2 0 7 913 205 202
p 2 0 5 915 217 201
p 2 0 4 916 204 201
p 2 0 5 915 210 201
p 2 0 6 914 211 202
p 2 0 14 906 427 214
p 2 0 10 910 217 207
p 2 0 8 912 330 211
p 2 0 4 916 212 203
p 2 0 2 918 203 199
p 2 0 2 918 210 200
p 2 0 2 918 203 199
p 2 0 1 919 200 198
p 2 0 0 920 197 197
p 2 0 0 920 197 197
p 2 0 1 919 199 198
i 2 920 0 0 86338 5107
p 2 0 121 799 369 309
p 2 0 60 860 265 252
p 2 0 22 898 227 218
p 2 0 25 895 219 219
p 2 0 12 908 211 208
p 2 0 9 911 208 206
p 2 0 10 910 212 206
p 2 0 11 909 210 207
p 2 0 17 903 218 211
p 2 0 13 907 212 209
p 2 0 5 915 204 200
p 2 0 3 917 201 200
p 2 0 9 911 209 205
p 2 0 8 912 205 202
p 2 0 3 917 200 199
p 2 0 1 919 199 199
p 2 0 7 913 208 203
p 2 0 7 913 205 202
p 2 0 7 913 203 202
p 2 0 1 919 198 198
p 2 0 13 907 215 207
p 2 0 5 915 205 201
p 2 0 6 914 204 201
p 2 0 8 912 208 204
p 2 0 15 905 222 207
p 2 0 4 916 203 201
p 2 0 1 919 198 198
p 2 0 4 916 203 201
p 2 0 3 917 202 200
p 2 0 3 917 201 200
p 2 0 3 917 201 200
p 2 0 1 919 198 198
p 2 0 3 917 199 199
p 2 0 2 918 199 199
p 2 0 0 920 197 197
p 2 0 2 918 200 199
p 2 0 2 918 199 199
p 2 0 0 920 197 197
p 2 0 1 919 198 198
p 2 0 1 919 198 198
p 2 0 1 919 198 198
p 2 0 0 920 197 197
p 2 0 1 919 198 198
p 2 0 1 919 198 198
p 2 0 1 919 198 198
i 2 920 0 0 47456 4167
p 2 0 194 726 454 377
p 2 0 149 771 351 319
p 2 0 118 802 2494 330
p 2 0 110 810 356 286
p 2 0 51 869 269 240
p 2 0 72 848 1962 302
p 2 0 42 878 294 236
p 2 0 13 907 223 211
p 2 2 43 875 2300 271
p 2 0 27 893 276 222
p 2 0 18 902 248 212
p 2 0 44 876 2065 270
p 2 0 26 894 267 219
p 2 0 5 915 210 203
p 2 0 41 879 2322 263
p 2 0 25 895 304 221
p 2 0 17 903 242 212
p 2 0 36 884 1412 255
p 2 0 18 902 250 213
p 2 0 3 917 206 200
p 2 0 36 884 1610 250
p 2 0 19 901 253 214
p 2 0 8 912 217 203
p 2 0 43 877 2035 271
p 2 0 21 899 265 216
p 2 6 38 876 3086 319
p 2 0 24 896 276 220
p 2 4 41 875 2393 299
p 2 0 22 898 277 220
p 2 53 476 391 30408 1497
p 2 0 297 623 1177 512
p 2 37 522 361 28342 1467
p 2 0 325 595 1156 540
p 2 43 494 383 26182 1422
p 2 0 373 547 1182 593
p 2 31 492 397 25727 1307
p 2 0 336 584 1000 525
p 2 8 292 620 5110 565
p 2 0 203 717 573 383
p 2 9 205 706 4695 490
p 2 0 119 801 420 308
p 2 0 136 784 338 305
p 2 0 119 801 313 289
p 2 3 84 833 2260 322
p 2 0 83 837 307 265
p 2 5 73 842 2302 328
p 2 0 46 874 274 241
p 2 55 397 468 30770 1385
p 2 0 256 664 1037 471
p 2 72 391 457 29519 1488
p 2 0 268 652 1044 478
p 2 71 398 451 28557 1538
p 2 0 247 673 1042 469
p 2 56 429 435 26797 1497
p 2 0 290 630 1055 513
p 2 5 242 673 4650 514
p 2 0 158 762 502 344
p 2 4 186 730 4767 464
p 2 0 108 812 370 290
p 2 0 53 867 253 237
p 2 0 63 857 280 249
p 2 1 68 851 2167 299
p 2 0 65 855 320 252
p 2 1 44 875 1797 276
p 2 0 26 894 264 224
p 2 48 495 377 30049 1497
p 2 0 280 640 1117 484
p 2 71 413 436 34588 1566
p 2 0 268 652 1143 481
p 2 66 441 413 33127 1569
p 2 0 255 665 1011 466
p 2 45 452 423 34396 1482
p 2 0 260 660 1132 480
p 2 8 227 685 7379 547
p 2 0 131 789 499 320
p 2 4 225 691 7054 524
p 2 0 84 836 442 278
p 2 0 62 858 351 252
p 2 0 24 896 244 218
p 2 10 81 829 2805 370
p 2 0 49 871 335 248
p 2 3 64 853 2714 314
p 2 0 27 893 282 221
p 2 102 431 387 37600 1747
p 2 0 272 648 1104 481
p 2 67 475 378 36778 1686
p 2 0 305 615 1280 536
p 2 77 437 406 34892 1690
p 2 0 311 609 1176 553
p 2 88 415 417 31275 1695
p 2 0 306 614 1093 525
p 2 6 210 704 6616 549
p 2 0 159 761 495 350
p 2 9 166 745 6515 488
p 2 0 110 810 466 303
p 2 0 79 841 353 268
p 2 0 54 866 284 244
p 2 0 45 875 292 239
p 2 0 23 897 246 219
p 2 0 23 897 249 220
p 2 0 21 899 249 217
p 2 0 16 904 237 211
p 2 0 10 910 225 208
p 2 108 409 403 34491 1772
p 2 0 297 623 1044 498
p 2 87 431 402 36666 1733
p 2 0 327 593 1162 540
p 2 83 440 397 34764 1759
p 2 4 359 557 3020 659
p 2 85 467 368 35713 1771
p 2 4 355 561 3474 653
p 2 10 307 603 10389 666
p 2 4 224 692 3046 475
p 2 15 239 666 10012 629
p 2 10 174 736 3176 462
p 2 6 151 763 4108 450
p 2 6 137 777 2190 390
p 2 7 124 789 3102 390
p 2 7 74 839 2511 343
p 2 9 98 813 3828 400
p 2 4 62 854 2742 324
p 2 10 81 829 3409 392
p 2 10 67 843 2931 371
p 2 2 81 837 2571 343
p 2 6 62 852 2054 325
p 2 11 68 841 3213 368
p 2 7 65 848 2508 334
p 2 5 42 873 2623 312
p 2 4 57 859 3934 342
p 2 10 54 856 2188 341
p 2 10 50 860 2859 342
p 2 5 73 842 3649 364
p 2 0 63 857 384 260
p 2 7 64 849 2532 342
p 2 0 32 888 281 232
p 2 3 63 854 2079 310
p 2 0 30 890 266 227
p 2 4 54 862 2059 299
p 2 0 29 891 250 220
p 2 0 24 896 231 214
p 2 0 4 916 204 200
p 2 0 10 910 209 203
i 2 920 0 0 29419 3692
p 2 0 430 490 725 586
p 2 0 340 580 504 483
p 2 0 221 699 388 376
p 2 0 185 735 3381 375
p 2 0 135 785 384 303
p 2 0 85 835 3218 291
p 2 0 48 872 316 240
p 2 0 64 856 3535 276
p 2 0 42 878 322 236
p 2 0 65 855 3455 271
p 2 0 20 900 290 218
p 2 0 26 894 336 220
p 2 0 18 902 216 211
p 2 0 18 902 294 212
p 2 0 12 908 209 206
p 2 0 9 911 284 205
p 2 0 10 910 206 205
p 2 0 5 915 269 201
p 2 0 2 918 202 199
p 2 0 10 910 205 205
p 2 0 5 915 202 202
p 2 0 8 912 203 203
p 2 0 4 916 200 200
p 2 0 20 900 217 211
p 2 0 2 918 204 199
p 2 0 16 904 280 209
p 2 0 8 912 205 204
p 2 0 9 911 279 205
p 2 0 5 915 212 202
p 2 0 4 916 203 200
p 2 0 3 917 204 199
p 2 0 2 918 199 199
p 2 0 2 918 260 200
p 2 0 1 919 199 199
p 2 0 1 919 199 198
p 2 0 15 905 283 208
p 2 0 4 916 203 199
p 2 0 13 907 209 207
p 2 0 4 916 277 200
p 2 0 8 912 205 203
p 2 0 1 919 199 198
p 2 0 11 909 279 207
p 2 0 1 919 199 198
p 2 0 2 918 200 199
p 2 0 3 917 280 200
p 2 0 12 908 209 207
p 2 0 0 920 197 197
p 2 0 3 917 276 200
p 2 0 1 919 199 198
p 2 0 1 919 198 198
p 2 0 2 918 270 198
p 2 0 0 920 197 197
p 2 0 0 920 197 197
p 2 0 2 918 271 199
p 2 0 1 919 198 198
p 2 0 0 920 197 197
p 2 0 2 918 275 198
p 2 0 2 918 201 198
p 2 0 1 919 200 198
p 2 0 2 918 279 199
p 2 0 0 920 197 197
p 2 0 1 919 201 199
p 2 0 2 918 276 199
p 2 0 1 919 200 198
p 2 0 2 918 201 199
p 2 0 4 916 281 200
p 2 0 2 918 203 199
p 2 0 1 919 199 198
p 2 0 2 918 271 199
p 2 0 1 919 199 198
p 2 0 3 917 205 200
p 2 0 2 918 268 198
p 2 0 1 919 201 198
p 2 0 0 920 197 197
p 2 0 0 920 197 197
p 2 0 11 909 205 205
p 2 0 4 916 200 200
p 2 0 2 918 270 199
p 2 0 0 920 197 197
p 2 0 5 915 266 201
p 2 0 1 919 201 198
p 2 0 0 920 197 197
p 2 0 4 916 202 201
p 2 0 4 916 201 200
p 2 0 1 919 198 198
p 2 0 0 920 197 197
p 2 0 0 920 197 197
p 2 0 0 920 197 197
p 2 0 2 918 199 199
p 2 0 1 919 198 198
p 2 0 0 920 197 197
p 2 0 0 920 197 197
p 2 0 21 899 212 212
p 2 0 1 919 198 198
p 2 0 2 918 199 199
p 2 0 0 920 197 197
p 2 0 0 920 197 197
p 2 0 1 919 199 198
p 2 0 0 920 197 197
p 2 0 1 919 199 198
p 2 0 0 920 197 197
p 2 0 7 913 203 203
p 2 0 0 920 197 197
p 2 0 0 920 197 197
p 2 0 0 920 197 197
p 2 0 0 920 197 197
p 2 0 0 920 197 197
p 2 0 0 920 197 197
p 2 0 0 920 197 197
p 2 0 0 920 197 197
p 2 0 0 920 197 197
p 2 2 31 887 3829 263
p 2 0 22 898 276 219
p 2 1 41 878 4109 269
p 2 0 31 889 320 226
p 2 0 38 882 2918 255
p 2 0 27 893 313 223
p 2 0 13 907 234 208
p 2 0 4 916 207 200
p 2 0 2 918 201 199
p 2 0 1 919 199 198
p 2 0 1 919 199 198
p 2 0 0 920 197 197
p 2 0 0 920 197 197
p 2 0 0 920 197 197
p 2 0 0 920 197 197
p 2 0 0 920 197 197
p 2 0 0 920 197 197
p 2 0 0 920 197 197
p 2 0 0 920 197 197
p 2 0 0 920 197 197
p 2 0 0 920 197 197
p 2 0 0 920 197 197
p 2 0 0 920 197 197
p 2 0 0 920 197 197
p 2 0 0 920 197 197
i 2 920 0 0 53428 4476
p 2 175 707 38 59566 2868
p 2 57 857 6 29577 1931
p 2 39 859 22 23564 1734
p 2 37 859 24 20853 1720
p 2 27 865 28 21554 1626
p 2 13 886 21 19712 1602
p 2 0 785 135 14579 1281
p 2 0 840 80 14995 1227
p 2 0 777 143 14389 1181
p 2 0 817 103 15174 1186
p 2 0 781 139 14791 1113
p 2 1 752 167 15543 1118
p 2 0 748 172 14429 1083
p 2 0 740 180 14709 1090
p 2 0 768 152 15187 1114
p 2 0 749 171 14798 1093
p 2 0 736 184 14585 1089
p 2 4 735 181 15111 1130
p 2 0 732 188 14601 1089
p 2 0 762 158 14458 1113
p 2 2 732 186 15488 1104
p 2 0 741 179 14593 1094
p 2 0 749 171 14547 1091
p 2 0 727 193 15130 1093
p 2 0 754 166 14509 1095
p 2 0 740 180 14639 1089
p 2 0 744 176 15325 1101
p 2 0 722 198 14596 1071
p 2 0 778 142 14688 1111
p 2 0 746 174 15377 1115
p 2 0 760 160 14598 1105
p 2 0 755 165 14714 1095
p 2 4 745 171 15689 1122
p 2 0 756 164 14948 1091
p 2 0 758 162 14881 1090
p 2 0 748 172 15530 1094
p 2 0 755 165 14933 1098
p 2 0 745 175 15058 1072
p 2 0 698 222 16044 1057
p 2 0 729 191 15311 1064
p 2 0 714 206 15218 1061
p 2 0 730 190 15194 1073
p 2 0 733 187 15242 1068
p 2 0 720 200 15182 1052
p 2 0 671 249 15091 1022
p 2 0 728 192 14909 1048
p 2 0 660 260 14714 1016
p 2 0 694 226 14508 1028
p 2 0 694 226 14137 1024
p 2 0 668 252 13408 999
p 2 0 681 239 13790 1013
p 2 0 661 259 13710 1006
p 2 0 707 213 13314 1029
p 2 1 641 278 13497 1004
p 2 0 688 232 13118 999
p 2 0 673 247 12451 983
p 2 0 680 240 12665 973
p 2 0 636 284 12852 947
p 2 0 669 251 11986 955
p 2 0 611 309 12084 905
p 2 0 598 322 12020 881
p 2 0 629 291 11494 904
p 2 0 604 316 11558 867
p 2 0 542 378 10277 798
p 2 0 590 330 10391 852
p 2 0 584 336 8799 822
p 2 0 529 391 8645 781
p 2 0 554 366 7701 787
p 2 0 482 438 6005 714
p 2 0 461 459 4939 676
p 2 0 301 619 1331 482
p 2 105 674 141 47097 2298
p 2 40 798 82 42014 2074
p 2 33 820 67 37265 1935
p 2 36 800 84 36422 1886
p 2 35 621 264 17117 1295
p 2 4 465 451 13782 934
p 2 10 440 470 14606 929
p 2 0 282 638 1313 492
p 2 0 170 750 527 356
p 2 2 153 765 1703 376
p 2 0 92 828 357 279
p 2 0 45 875 260 237
p 2 2 84 834 1777 312
p 2 0 45 875 291 236
p 2 0 40 880 283 231
p 2 2 39 879 1444 266
p 2 0 34 886 294 228
p 2 0 35 885 262 225
p 2 0 41 879 1540 255
p 2 0 50 870 324 240
p 2 0 13 907 227 209
p 2 0 4 916 206 201
p 2 0 25 895 264 219
p 2 0 9 911 221 204
p 2 0 14 906 242 210
p 2 0 10 910 221 206
p 2 0 22 898 230 213
p 2 0 7 913 209 204
p 2 0 16 904 212 208
i 2 920 0 0 24728 3583
p 2 0 418 502 670 559
p 2 0 350 570 587 511
p 2 3 232 685 4200 473
p 2 0 208 712 518 387
p 2 0 80 840 306 264
p 2 6 148 766 5410 444
p 2 0 82 838 402 279
p 2 0 50 870 276 244
p 2 25 102 793 7857 534
p 2 0 74 846 461 281
p 2 0 40 880 267 233
p 2 39 114 767 9198 654
p 2 0 101 819 452 305
p 2 23 141 756 9268 627
p 2 0 111 809 496 313
p 2 3 167 750 7621 536
p 2 0 102 818 559 310
p 2 3 164 753 7936 527
p 2 0 112 808 554 322
p 2 1 152 767 8703 519
p 2 0 96 824 551 312
p 2 7 134 779 9298 555
p 2 0 95 825 525 312
p 2 0 41 879 295 243
p 2 0 18 902 234 216
p 2 0 6 914 208 205
p 2 60 206 654 15719 1005
p 2 0 210 710 787 437
p 2 0 116 804 426 314
p 2 16 275 629 13808 857
p 2 0 208 712 831 427
p 2 0 138 782 428 321
p 2 13 287 620 16193 885
p 2 0 242 678 897 461
p 2 0 120 800 424 310
p 2 89 271 560 22315 1369
p 2 0 220 700 900 466
p 2 0 146 774 503 342
p 2 114 267 539 22131 1436
p 2 0 217 703 842 443
p 2 0 139 781 467 329
p 2 0 88 832 313 270
p 2 0 77 843 302 260
p 2 0 43 877 242 232
p 2 0 29 891 220 218
p 2 0 23 897 226 217
i 2 920 0 0 49386 4410
p 2 0 217 703 494 404
p 2 0 191 729 409 356
p 2 0 68 852 263 255
p 2 0 100 820 277 274
p 2 0 22 898 219 216
p 2 0 55 865 245 242
p 2 0 8 912 204 203
p 2 0 10 910 210 206
p 2 0 7 913 206 202
p 2 0 4 916 203 201
p 2 0 0 920 197 197
p 2 0 4 916 205 201
p 2 0 3 917 202 200
p 2 0 1 919 198 198
p 2 0 4 916 203 201
p 2 0 1 919 198 198
p 2 0 0 920 197 197
p 2 0 1 919 199 198
p 2 0 4 916 202 200
p 2 0 2 918 199 199
p 2 0 0 920 197 197
p 2 0 0 920 197 197
p 2 0 0 920 197 197
p 2 0 0 920 197 197
p 2 0 1 919 198 198
p 2 0 0 920 197 197
p 2 0 0 920 197 197
p 2 0 0 920 197 197
p 2 0 0 920 197 197
p 2 0 1 919 204 199
p 2 0 0 920 197 197
p 2 0 0 920 197 197
p 2 0 0 920 197 197
p 2 0 0 920 197 197
p 2 0 0 920 197 197
p 2 0 0 920 197 197
p 2 0 0 920 197 197
p 2 0 0 920 197 197
i 2 920 0 0 50616 4147
p 2 0 306 614 552 469
p 2 0 294 626 459 442
p 2 0 129 791 846 304
p 2 0 112 808 303 291
p 2 0 42 878 236 232
p 2 0 49 871 773 240
p 2 0 22 898 231 212
p 2 0 21 899 219 213
p 2 0 7 913 690 207
p 2 0 14 906 223 209
p 2 0 8 912 207 203
p 2 0 13 907 732 210
p 2 0 11 909 220 206
p 2 0 4 916 203 201
p 2 1 9 910 741 215
p 2 0 7 913 207 203
p 2 0 5 915 207 202
p 2 1 6 913 753 213
p 2 0 9 911 217 206
p 2 0 12 908 207 206
p 2 0 5 915 697 206
p 2 0 13 907 223 208
p 2 0 4 916 213 200
p 2 0 18 902 736 216
p 2 0 14 906 234 210
p 2 0 13 907 214 208
p 2 1 9 910 735 216
p 2 0 12 908 218 205
p 2 0 1 919 198 198
p 2 1 9 910 764 216
p 2 0 4 916 208 201
p 2 0 5 915 206 201
p 2 1 4 915 722 212
p 2 0 8 912 215 204
p 2 0 3 917 202 200
p 2 1 7 912 755 214
p 2 0 5 915 211 202
p 2 0 0 920 197 197
p 2 0 8 912 710 209
p 2 0 6 914 211 203
p 2 0 4 916 200 200
p 2 0 5 915 720 205
p 2 0 4 916 211 200
p 2 0 3 917 202 200
p 2 0 2 918 200 199
p 2 0 12 908 209 207
p 2 0 4 916 201 201
p 2 0 1 919 198 198
p 2 0 1 919 198 198
p 2 0 5 915 691 206
p 2 0 4 916 213 201
p 2 0 16 904 691 215
p 2 0 11 909 215 205
p 2 112 279 529 43997 1643
p 2 0 216 704 939 412
p 2 118 306 496 42070 1666
p 2 0 206 714 884 416
p 2 110 284 526 34485 1575
p 2 0 221 699 924 426
p 2 116 303 501 33097 1630
p 2 0 257 663 843 460
p 2 20 356 544 27047 1062
p 2 0 318 602 1101 522
p 2 5 356 559 22082 891
p 2 0 259 661 1002 462
p 2 4 373 543 21951 887
p 2 0 271 649 1059 474
p 2 0 121 799 404 298
p 2 79 258 583 33945 1381
p 2 0 215 705 931 419
p 2 0 105 815 406 295
p 2 82 269 569 38000 1438
p 2 0 193 727 937 413
p 2 100 278 542 41257 1580
p 2 0 223 697 995 439
p 2 109 287 524 45350 1702
p 2 0 232 688 998 448
p 2 45 342 533 38746 1242
p 2 0 253 667 1149 470
p 2 8 374 538 35817 971
p 2 0 282 638 1281 490
p 2 15 359 546 36593 987
p 2 0 293 627 1326 503
p 2 0 140 780 576 330
p 2 0 73 847 344 260
p 2 0 59 861 316 247
p 2 0 37 883 272 229
p 2 7 75 838 6824 393
p 2 0 59 861 413 258
p 2 2 107 811 6503 377
p 2 0 79 841 434 274
p 2 1 81 838 6742 337
p 2 0 67 853 430 265
p 2 2 80 838 5716 337
p 2 0 63 857 400 259
p 2 2 72 846 5963 340
p 2 0 56 864 391 257
p 2 0 28 892 261 223
p 2 18 320 582 31895 966
p 2 0 221 699 1137 435
p 2 0 116 804 509 308
p 2 37 312 571 33839 1080
p 2 0 242 678 1149 450
p 2 0 92 828 446 284
p 2 8 350 562 31541 948
p 2 0 226 694 1107 437
p 2 0 115 805 494 303
p 2 9 332 579 32501 937
p 2 0 251 669 1272 465
p 2 0 110 810 480 298
p 2 0 50 870 305 239
p 2 0 50 870 298 239
p 2 0 66 854 411 258
p 2 0 49 871 849 244
p 2 0 26 894 275 220
p 2 0 19 901 829 216
p 2 0 60 860 365 251
p 2 0 23 897 784 224
p 2 0 32 888 278 222
p 2 0 18 902 909 218
p 2 0 31 889 280 223
p 2 0 11 909 742 214
p 2 0 15 905 250 210
p 2 0 19 901 911 220
p 2 0 51 869 322 242
p 2 0 34 886 853 231
p 2 0 30 890 263 222
p 2 0 25 895 827 222
p 2 0 34 886 302 226
p 2 0 20 900 240 213
p 2 0 8 912 215 203
p 2 0 10 910 226 205
p 2 0 9 911 218 206
p 2 0 8 912 216 203
p 2 0 5 915 210 203
p 2 0 2 918 210 199
p 2 0 7 913 211 202
p 2 0 11 909 213 204
p 2 0 4 916 216 200
p 2 0 12 908 814 212
p 2 0 9 911 235 206
p 2 1 6 913 651 215
p 2 0 8 912 236 205
p 2 0 4 916 204 201
p 2 0 7 913 217 203
p 2 0 2 918 203 199
p 2 0 4 916 214 201
p 2 0 2 918 202 200
i 2 920 0 0 49165 4337
p 2 0 117 803 371 314
p 2 0 80 840 310 274
p 2 0 48 872 263 241
p 2 0 32 888 240 227
p 2 0 25 895 227 216
p 2 0 17 903 224 212
p 2 0 7 913 217 205
p 2 0 3 917 206 201
p 2 0 3 917 205 200
p 2 0 3 917 207 200
p 2 0 5 915 209 202
p 2 0 1 919 201 199
p 2 0 1 919 199 198
p 2 0 1 919 199 198
p 2 0 1 919 198 198
p 2 0 1 919 203 199
p 2 0 1 919 202 199
p 2 0 2 918 199 199
p 2 0 2 918 200 199
p 2 0 2 918 200 199
p 2 0 1 919 198 198
p 2 0 0 920 197 197
p 2 0 1 919 199 198
p 2 0 1 919 199 198
p 2 0 1 919 200 198
p 2 0 1 919 199 198
p 2 0 1 919 204 199
p 2 0 0 920 197 197
p 2 0 0 920 197 197
p 2 0 0 920 197 197
p 2 0 0 920 197 197
p 2 0 0 920 197 197
p 2 12 848 60 35742 1670
p 2 0 487 433 1727 693
p 2 0 173 747 574 361
p 2 7 832 81 34175 1617
p 2 0 494 426 1913 703
p 2 0 253 667 772 436
p 2 3 826 91 32032 1510
p 2 0 530 390 1942 737
p 2 0 211 709 696 392
p 2 0 832 88 31212 1510
p 2 0 463 457 1785 673
p 2 0 289 631 981 487
p 2 0 109 811 464 302
p 2 0 96 824 440 287
p 2 0 96 824 406 281
p 2 0 133 787 531 318
p 2 0 89 831 421 277
p 2 0 87 833 465 280
p 2 0 45 875 321 237
p 2 0 18 902 261 215
p 2 0 12 908 248 209
p 2 0 25 895 273 220
p 2 0 17 903 264 213
p 2 0 24 896 272 217
p 2 0 18 902 248 212
p 2 0 10 910 236 206
p 2 0 15 905 236 211
p 2 0 13 907 243 209
p 2 0 3 917 208 201
p 2 0 5 915 219 203
p 2 0 4 916 215 202
p 2 0 8 912 224 206
p 2 0 2 918 210 200
p 2 0 5 915 217 203
p 2 0 5 915 212 202
p 2 0 7 913 219 204
p 2 0 8 912 221 205
p 2 0 6 914 215 204
p 2 0 3 917 209 201
p 2 172 688 60 53921 2912
p 2 0 516 404 1882 822
p 2 71 816 33 48771 2479
p 2 0 552 368 1996 860
p 2 61 819 40 44675 2392
p 2 0 532 388 1869 814
p 2 73 777 70 42457 2325
p 2 0 492 428 1769 806
p 2 1 265 654 3937 536
p 2 0 186 734 531 373
p 2 0 228 692 615 406
p 2 0 174 746 433 346
p 2 0 90 830 358 277
p 2 0 61 859 317 252
p 2 0 74 846 387 269
p 2 0 43 877 286 237
p 2 0 60 860 323 250
p 2 4 111 805 3662 402
p 2 0 119 801 562 315
p 2 7 84 829 2597 378
p 2 0 76 844 362 268
p 2 0 68 852 350 257
p 2 0 56 864 299 245
p 2 0 18 902 247 214
p 2 10 78 832 3450 376
p 2 0 46 874 343 247
p 2 0 27 893 284 223
p 2 5 74 841 3731 366
p 2 0 54 866 367 255
p 2 0 37 883 285 231
p 2 4 81 835 3622 372
p 2 0 43 877 346 240
p 2 0 26 894 261 222
p 2 5 67 848 3646 358
p 2 0 45 875 348 250
p 2 0 22 898 262 219
p 2 14 66 840 3139 398
p 2 0 61 859 331 248
p 2 0 40 880 257 229
p 2 21 39 860 4027 411
p 2 0 31 889 323 230
p 2 0 13 907 244 212
p 2 4 70 846 3649 362
p 2 0 43 877 350 242
p 2 0 19 901 252 215
p 2 5 65 850 3674 352
p 2 0 46 874 350 244
p 2 0 10 910 231 208
p 2 15 52 853 3109 390
p 2 0 61 859 331 252
p 2 0 39 881 248 228
p 2 21 55 844 4042 418
p 2 0 32 888 312 233
p 2 0 16 904 248 215
p 2 15 55 850 3090 391
p 2 0 48 872 304 240
p 2 0 28 892 238 221
p 2 19 37 864 4125 397
p 2 0 25 895 286 225
p 2 0 9 911 229 208
p 2 4 61 855 3581 350
p 2 0 33 887 306 231
p 2 0 20 900 254 216
p 2 5 56 859 3658 346
p 2 0 38 882 337 241
p 2 0 12 908 240 210
p 2 0 4 916 216 204
p 2 0 4 916 219 203
p 2 0 4 916 219 203
p 2 0 4 916 216 204
p 2 0 4 916 217 203
p 2 0 3 917 215 202
p 2 4 66 850 3579 356
p 2 0 44 876 355 240
p 2 6 61 853 2571 352
p 2 0 38 882 300 233
p 2 0 24 896 235 216
i 2 920 0 0 19701 3522
p 2 0 842 78 2352 1094
p 2 0 828 92 2601 1055
p 2 0 753 167 2557 1000
p 2 0 826 94 2681 1049
p 2 0 771 149 2772 1001
p 2 0 780 140 2676 1027
p 2 0 806 114 3026 1061
p 2 0 830 90 3054 1091
p 2 0 789 131 2957 1023
p 2 0 836 84 3040 1092
p 2 0 792 128 2930 1035
p 2 0 842 78 2977 1088
p 2 0 774 146 2951 1022
p 2 0 805 115 3048 1061
p 2 0 783 137 3007 1021
p 2 0 814 106 3045 1076
p 2 0 793 127 2988 1039
p 2 0 820 100 2908 1076
p 2 0 794 126 2997 1045
p 2 0 800 120 2987 1066
p 2 0 798 122 3014 1039
p 2 0 809 111 2820 1057
p 2 0 815 105 3030 1063
p 2 0 779 141 3037 1032
p 2 0 792 128 3007 1024
p 2 0 799 121 2798 1047
p 2 0 794 126 2960 1037
p 2 0 838 82 3083 1074
p 2 0 803 117 3007 1034
p 2 0 809 111 3026 1071
p 2 0 756 164 2971 1001
p 2 0 831 89 3035 1081
p 2 0 789 131 2983 1027
p 2 0 817 103 3067 1065
p 2 0 760 160 3009 1018
p 2 0 814 106 3045 1068
p 2 0 790 130 2916 1024
p 2 0 790 130 2983 1051
p 2 0 744 176 2942 1003
p 2 0 806 114 3031 1071
p 2 0 800 120 3109 1049
p 2 0 818 102 3045 1063
p 2 0 785 135 2998 1017
p 2 0 816 104 3014 1057
p 2 0 746 174 2840 988
p 2 0 836 84 2953 1073
p 2 0 775 145 3048 1031
p 2 0 832 88 3104 1090
p 2 0 789 131 3010 1035
p 2 0 787 133 2892 1040
p 2 0 793 127 2975 1025
p 2 0 814 106 3064 1055
p 2 0 760 160 3039 1009
p 2 0 798 122 2883 1040
p 2 0 773 147 2937 1013
p 2 0 780 140 2973 1031
p 2 0 774 146 2968 1013
p 2 0 821 99 3019 1065
p 2 0 781 139 2946 1022
p 2 0 822 98 2975 1064
p 2 0 805 115 2953 1029
p 2 0 819 101 3002 1058
p 2 0 767 153 2944 999
p 2 0 829 91 2945 1055
p 2 0 770 150 2823 1014
p 2 0 825 95 2955 1061
p 2 0 770 150 2932 1001
p 2 0 807 113 2963 1049
p 2 0 785 135 2982 1019
p 2 0 827 93 2937 1054
p 2 0 758 162 2861 993
p 2 0 815 105 2954 1050
p 2 0 774 146 2979 996
p 2 0 825 95 2984 1061
p 2 0 774 146 2808 1004
p 2 0 837 83 2968 1063
p 2 0 766 154 2963 991
p 2 0 790 130 2920 1025
p 2 0 782 138 2822 999
p 2 0 841 79 2987 1062
p 2 0 772 148 2909 992
p 2 0 781 139 2865 1019
p 2 0 784 136 2931 1007
p 2 0 809 111 2891 1040
i 2 920 0 0 35325 3948
p 2 0 900 20 6338 1225
p 2 0 910 10 7545 1249
p 2 0 901 19 8097 1252
p 2 0 909 11 7603 1216
p 2 0 910 10 7754 1241
p 2 0 912 8 7848 1242
p 2 0 910 10 7915 1236
p 2 0 900 20 8079 1240
p 2 0 907 13 7891 1247
p 2 0 911 9 7988 1264
p 2 0 912 8 7895 1240
p 2 0 907 13 7820 1237
p 2 0 906 14 7980 1249
p 2 0 902 18 7873 1224
p 2 0 909 11 8081 1225
p 2 0 912 8 7843 1229
p 2 0 912 8 7919 1236
p 2 0 915 5 7718 1224
p 2 0 906 14 7882 1231
p 2 0 909 11 7809 1239
p 2 0 908 12 7957 1242
p 2 0 912 8 7921 1234
p 2 0 910 10 7990 1244
p 2 0 913 7 7864 1239
p 2 0 910 10 7850 1245
p 2 0 900 20 7704 1219
p 2 0 907 13 7817 1240
p 2 0 914 6 7830 1228
p 2 0 910 10 8020 1235
p 2 0 911 9 7706 1233
p 2 0 910 10 7876 1236
p 2 0 911 9 7706 1231
p 2 0 912 8 7744 1236
p 2 0 909 11 7779 1235
p 2 0 907 13 7825 1242
p 2 0 909 11 7865 1229
p 2 0 907 13 7872 1238
p 2 0 905 15 7680 1217
p 2 0 911 9 7657 1237
p 2 0 911 9 7602 1237
p 2 0 908 12 7706 1231
p 2 0 910 10 7629 1223
p 2 0 908 12 7624 1219
p 2 0 908 12 7556 1232
p 2 0 910 10 7574 1231
p 2 0 912 8 7376 1237
p 2 0 909 11 7279 1220
p 2 0 911 9 7410 1234
p 2 0 909 11 7503 1244
p 2 0 910 10 7290 1232
p 2 0 908 12 7411 1237
p 2 0 907 13 7053 1212
p 2 0 910 10 7142 1242
p 2 0 911 9 6933 1219
p 2 0 906 14 7026 1215
p 2 0 913 7 6948 1218
p 2 0 913 7 6892 1215
p 2 0 910 10 6745 1211
p 2 0 913 7 6829 1215
p 2 0 914 6 6619 1213
p 2 0 911 9 6621 1228
p 2 0 906 14 6664 1217
p 2 0 908 12 6633 1220
p 2 0 903 17 6694 1217
p 2 0 906 14 6620 1230
p 2 0 911 9 6746 1231
p 2 0 910 10 6447 1220
p 2 0 905 15 6377 1213
p 2 0 910 10 6412 1212
p 2 0 904 16 6626 1227
p 2 0 910 10 5948 1182
p 2 0 913 7 6456 1217
p 2 0 908 12 6118 1191
p 2 0 909 11 6069 1196
p 2 0 909 11 6264 1217
p 2 0 910 10 6222 1217
p 2 0 912 8 6113 1213
p 2 0 915 5 6284 1223
p 2 0 908 12 6158 1199
p 2 0 910 10 5720 1201
p 2 0 914 6 6219 1230
p 2 0 913 7 5741 1224
p 2 0 913 7 5923 1212
p 2 0 913 7 6202 1213
p 2 0 910 10 5701 1197
p 2 0 907 13 5805 1202
p 2 0 905 15 5731 1188
p 2 0 911 9 5597 1207
p 2 0 912 8 5805 1203
p 2 0 907 13 5715 1215
p 2 0 911 9 5789 1215
p 2 0 908 12 5911 1213
p 2 0 910 10 5701 1206
p 2 0 913 7 5854 1220
p 2 0 909 11 5497 1206
p 2 0 905 15 5615 1225
p 2 0 912 8 5514 1205
p 2 0 909 11 5589 1199
p 2 0 906 14 5608 1199
p 2 0 912 8 5573 1202
p 2 0 909 11 5518 1193
p 2 0 911 9 5549 1208
p 2 0 908 12 5523 1207
p 2 0 908 12 5570 1202
p 2 0 904 16 5584 1208
p 2 0 913 7 5755 1212
p 2 0 895 25 5626 1201
p 2 0 912 8 5669 1207
p 2 0 913 7 5604 1225
p 2 0 911 9 5618 1213
p 2 0 913 7 5548 1202
p 2 0 915 5 5630 1200
p 2 0 910 10 5763 1214
p 2 0 915 5 5627 1200
p 2 0 915 5 5621 1206
p 2 0 915 5 5659 1198
p 2 0 913 7 5665 1224
p 2 0 913 7 5666 1226
i 2 920 0 0 17604 3439
p 2 0 583 337 808 702
p 2 0 539 381 686 661
p 2 0 264 656 431 416
p 2 0 341 579 481 466
p 2 0 138 782 315 311
p 2 0 164 756 330 327
p 2 0 79 841 259 258
p 2 0 116 804 282 282
p 2 0 30 890 221 220
p 2 0 49 871 238 235
p 2 0 26 894 216 216
p 2 0 20 900 213 212
p 2 0 4 916 201 201
p 2 0 12 908 207 207
p 2 0 2 918 199 199
p 2 0 6 914 202 202
p 2 0 3 917 200 200
p 2 0 9 911 206 205
p 2 0 12 908 207 207
p 2 0 6 914 204 204
p 2 0 1 919 198 198
p 2 0 9 911 205 204
p 2 0 1 919 198 198
p 2 0 14 906 211 206
p 2 0 22 898 217 215
p 2 0 7 913 204 204
p 2 0 13 907 208 208
p 2 0 47 873 230 229
p 2 0 14 906 208 207
p 2 0 36 884 226 223
p 2 0 4 916 201 200
p 2 0 20 900 213 212
p 2 0 10 910 205 205
p 2 0 37 883 225 224
p 2 0 27 893 220 219
p 2 0 39 881 226 225
p 2 0 21 899 212 212
p 2 0 39 881 224 224
p 2 0 14 906 206 206
p 2 0 32 888 221 221
p 2 0 15 905 207 207
p 2 0 20 900 210 210
p 2 0 0 920 197 197
p 2 0 10 910 203 203
p 2 0 0 920 197 197
p 2 0 11 909 204 204
p 2 0 0 920 197 197
p 2 0 1 919 198 198
p 2 0 0 920 197 197
p 2 0 1 919 198 198
p 2 0 0 920 197 197
p 2 0 2 918 199 199
p 2 0 4 916 200 200
p 2 0 0 920 197 197
p 2 0 0 920 197 197
p 2 0 0 920 197 197
p 2 0 0 920 197 197
p 2 0 0 920 197 197
p 2 0 0 920 197 197
p 2 0 0 920 197 197
p 2 0 0 920 197 197
p 2 0 0 920 197 197
p 2 0 0 920 197 197
p 2 0 0 920 197 197
p 2 0 1 919 198 198
p 2 0 10 910 204 204
p 2 0 2 918 199 199
p 2 0 1 919 198 198
p 2 0 1 919 198 198
p 2 0 0 920 197 197
p 2 0 0 920 197 197
p 2 0 8 912 206 204
p 2 0 1 919 198 198
p 2 0 3 917 199 199
p 2 0 0 920 197 197
p 2 0 8 912 202 202
p 2 0 2 918 198 198
p 2 0 0 920 197 197
p 2 0 0 920 197 197
p 2 0 1 919 198 198
p 2 0 2 918 199 199
p 2 0 0 920 197 197
p 2 0 1 919 198 198
p 2 0 4 916 200 200
p 2 0 2 918 199 199
p 2 0 10 910 204 204
p 2 0 4 916 200 200
p 2 0 1 919 198 198
p 2 0 0 920 197 197
p 2 0 0 920 197 197
p 2 0 0 920 197 197
p 2 0 0 920 197 197
p 2 0 0 920 197 197
p 2 0 0 920 197 197
p 2 0 1 919 198 198
p 2 0 1 919 198 198
p 2 0 0 920 197 197
p 2 0 0 920 197 197
p 2 0 0 920 197 197
p 2 0 0 920 197 197
p 2 0 22 898 212 212
p 2 0 1 919 198 198
p 2 0 0 920 197 197
p 2 0 0 920 197 197
p 2 0 1 919 198 198
p 2 0 6 914 202 202
p 2 0 0 920 197 197
p 2 0 0 920 197 197
p 2 0 0 920 197 197
p 2 0 0 920 197 197
p 2 0 0 920 197 197
p 2 0 0 920 197 197
p 2 0 0 920 197 197
p 2 0 0 920 197 197
p 2 0 0 920 197 197
p 2 0 0 920 197 197
p 2 0 0 920 197 197
p 2 0 0 920 197 197
p 2 0 0 920 197 197
p 2 0 0 920 197 197
p 2 0 0 920 197 197
p 2 0 0 920 197 197
p 2 0 0 920 197 197
p 2 0 0 920 197 197
p 2 0 0 920 197 197
p 2 0 0 920 197 197
p 2 0 37 883 222 222
p 2 0 0 920 197 197
p 2 0 5 915 201 201
p 2 0 0 920 197 197
p 2 0 0 920 197 197
p 2 0 0 920 197 197
p 2 0 0 920 197 197
p 2 0 0 920 197 197
p 2 0 0 920 197 197
p 2 0 0 920 197 197
p 2 0 0 920 197 197
p 2 0 0 920 197 197
p 2 0 1 919 198 198
p 2 0 0 920 197 197
p 2 0 0 920 197 197
p 2 0 0 920 197 197
p 2 0 0 920 197 197
p 2 0 1 919 198 198
p 2 0 7 913 201 201
p 2 0 8 912 202 202
p 2 0 0 920 197 197
p 2 0 9 911 205 204
p 2 0 0 920 197 197
p 2 0 1 919 198 198
p 2 0 0 920 197 197
p 2 0 2 918 199 199
p 2 0 0 920 197 197
p 2 0 0 920 197 197
p 2 0 0 920 197 197
p 2 0 0 920 197 197
p 2 0 0 920 197 197
p 2 0 0 920 197 197
p 2 0 0 920 197 197
p 2 0 0 920 197 197
p 2 0 0 920 197 197
p 2 0 0 920 197 197
p 2 0 0 920 197 197
p 2 0 0 920 197 197
p 2 0 0 920 197 197
p 2 0 0 920 197 197
p 2 0 0 920 197 197
p 2 0 0 920 197 197
p 2 0 0 920 197 197
p 2 0 0 920 197 197
p 2 0 0 920 197 197
p 2 0 0 920 197 197
i 2 920 0 0 21175 3613
p 2 0 545 375 828 707
p 2 0 502 418 680 634
p 2 0 267 653 428 417
p 2 0 259 661 427 414
p 2 0 127 793 303 295
p 2 0 100 820 278 275
p 2 0 60 860 244 242
p 2 0 32 888 223 222
p 2 0 15 905 209 209
p 2 0 20 900 213 212
p 2 0 6 914 202 202
p 2 0 11 909 207 205
p 2 0 11 909 207 206
p 2 0 11 909 205 205
p 2 4 17 899 1192 244
p 2 0 19 901 228 213
p 2 0 8 912 209 203
p 2 0 18 902 906 232
p 2 0 12 908 232 210
p 2 0 8 912 214 205
p 2 1 17 902 932 235
p 2 0 16 904 252 212
p 2 0 8 912 219 203
p 2 0 18 902 890 232
p 2 0 16 904 238 212
p 2 0 8 912 217 205
p 2 1 15 904 932 233
p 2 0 13 907 234 207
p 2 0 3 917 209 201
p 2 2 12 906 723 232
p 2 0 8 912 221 207
p 2 0 7 913 216 204
p 2 0 5 915 202 201
p 2 0 5 915 211 202
p 2 0 3 917 202 199
p 2 4 12 904 1196 242
p 2 0 7 913 213 203
p 2 0 2 918 201 199
p 2 0 15 905 901 230
p 2 0 12 908 249 211
p 2 0 6 914 210 202
p 2 1 14 905 937 232
p 2 0 10 910 238 208
p 2 0 4 916 207 201
p 2 2 12 906 714 232
p 2 0 16 904 235 217
p 2 0 5 915 213 202
p 2 4 10 906 1191 240
p 2 0 8 912 224 204
p 2 0 3 917 201 200
p 2 0 16 904 899 231
p 2 0 12 908 231 208
p 2 0 3 917 210 200
p 2 1 13 906 935 233
p 2 0 8 912 231 205
p 2 0 1 919 200 198
p 2 2 12 906 718 233
p 2 0 11 909 234 209
p 2 0 9 911 219 205
p 2 4 12 904 1209 242
p 2 0 12 908 222 207
p 2 0 6 914 212 203
p 2 0 14 906 891 228
p 2 0 12 908 245 210
p 2 0 6 914 211 203
p 2 1 15 904 991 233
p 2 0 10 910 233 208
p 2 0 4 916 203 201
p 2 2 14 904 734 237
p 2 0 13 907 234 211
p 2 0 11 909 223 208
p 2 4 11 905 1191 241
p 2 0 8 912 225 205
p 2 0 3 917 201 200
p 2 0 1 919 198 198
p 2 0 0 920 197 197
p 2 0 0 920 197 197
p 2 0 15 905 905 230
p 2 0 12 908 244 211
p 2 0 4 916 210 201
p 2 1 12 907 717 227
p 2 0 10 910 231 208
p 2 0 4 916 203 201
p 2 0 3 917 200 200
p 2 0 2 918 199 199
p 2 0 0 920 197 197
p 2 0 0 920 197 197
p 2 0 0 920 197 197
i 2 920 0 0 35494 4132
p 2 0 189 731 448 376
p 2 0 152 768 352 330
p 2 0 46 874 250 240
p 2 0 46 874 238 235
p 2 0 4 916 203 201
p 2 0 13 907 207 207
p 2 0 8 912 208 204
p 2 0 10 910 207 206
p 2 0 3 917 199 199
p 2 0 5 915 202 202
p 2 0 4 916 202 201
p 2 0 3 917 201 201
p 2 0 1 919 198 198
p 2 0 7 913 203 201
p 2 0 3 917 203 199
p 2 0 8 912 203 203
p 2 0 2 918 201 200
p 2 0 1 919 198 198
p 2 0 2 918 200 199
p 2 0 2 918 200 199
p 2 0 3 917 201 199
p 2 0 1 919 198 198
p 2 0 2 918 199 199
p 2 0 2 918 200 199
p 2 0 3 917 200 200
p 2 0 2 918 199 199
p 2 0 5 915 204 201
p 2 0 6 914 201 201
p 2 0 1 919 198 198
p 2 0 4 916 199 199
p 2 0 3 917 201 199
p 2 0 3 917 202 200
p 2 0 1 919 199 199
p 2 0 3 917 202 199
p 2 0 2 918 199 198
p 2 0 2 918 201 199
p 2 0 1 919 198 198
p 2 0 1 919 199 198
p 2 0 1 919 198 198
p 2 0 1 919 198 198
p 2 0 0 920 197 197
p 2 0 1 919 198 198
p 2 0 1 919 198 198
p 2 0 0 920 197 197
p 2 0 1 919 198 198
p 2 0 4 916 203 201
p 2 0 4 916 203 201
p 2 0 4 916 202 201
p 2 0 6 914 200 200
p 2 0 3 917 200 199
p 2 0 2 918 199 198
p 2 0 4 916 206 201
p 2 0 2 918 199 199
p 2 0 1 919 198 198
p 2 0 0 920 197 197
p 2 0 1 919 199 198
p 2 0 0 920 197 197
p 2 0 0 920 197 197
p 2 0 0 920 197 197
p 2 0 2 918 198 198
p 2 0 0 920 197 197
p 2 0 3 917 199 199
p 2 0 0 920 197 197
p 2 0 0 920 197 197
p 2 0 0 920 197 197
p 2 0 0 920 197 197
p 2 0 1 919 198 198
p 2 0 1 919 198 198
p 2 0 0 920 197 197
p 2 0 0 920 197 197
p 2 0 1 919 198 198
p 2 0 0 920 197 197
p 2 0 1 919 198 198
p 2 0 0 920 197 197
p 2 0 0 920 197 197
p 2 0 1 919 198 198
i 2 920 0 0 76855 5211
p 2 0 917 3 14333 1337
p 2 0 916 4 18735 1373
p 2 0 918 2 19916 1416
p 2 0 916 4 19763 1417
p 2 0 917 3 20928 1434
p 2 0 919 1 20336 1429
p 2 0 917 3 20583 1433
p 2 0 918 2 20651 1432
p 2 0 920 0 20868 1444
p 2 0 919 1 20603 1447
p 2 0 918 2 20657 1436
p 2 0 915 5 20647 1437
p 2 0 917 3 20848 1440
p 2 0 916 4 20696 1447
p 2 0 919 1 20707 1436
p 2 0 917 3 20911 1445
p 2 0 920 0 20913 1453
p 2 0 920 0 20652 1450
p 2 0 920 0 20739 1452
p 2 0 917 3 20883 1442
p 2 0 920 0 20934 1454
p 2 0 920 0 21271 1463
p 2 0 920 0 20643 1456
p 2 0 919 1 21260 1453
p 2 0 920 0 20928 1448
p 2 0 919 1 21152 1450
p 2 0 919 1 20802 1453
p 2 0 918 2 21109 1452
p 2 0 920 0 21208 1452
p 2 0 920 0 21220 1454
p 2 0 919 1 20998 1462
p 2 0 917 3 21002 1444
p 2 0 919 1 21349 1448
p 2 0 919 1 21256 1446
p 2 0 919 1 21243 1461
p 2 0 919 1 21220 1439
p 2 0 920 0 21353 1448
p 2 0 918 2 21408 1446
p 2 0 918 2 21551 1450
p 2 0 918 2 21111 1453
p 2 0 919 1 21533 1443
p 2 0 917 3 21254 1447
p 2 0 918 2 21884 1457
p 2 0 919 1 21439 1462
p 2 0 918 2 21598 1452
p 2 0 919 1 21296 1448
p 2 0 916 4 21659 1453
p 2 0 920 0 21569 1456
p 2 0 919 1 21594 1454
p 2 0 920 0 21586 1460
p 2 0 918 2 21516 1448
p 2 0 918 2 21539 1449
p 2 0 920 0 21502 1460
p 2 0 919 1 21542 1460
p 2 0 918 2 21684 1457
p 2 0 918 2 21701 1450
p 2 0 920 0 21636 1453
i 2 920 0 0 86051 5136
p 2 0 107 813 363 296
p 2 38 233 649 25288 949
p 2 0 164 756 794 367
p 2 8 231 681 21930 750
p 2 0 218 702 1017 427
p 2 2 250 668 17857 674
p 2 0 155 765 832 362
p 2 0 248 672 17462 658
p 2 0 228 692 1001 431
p 2 0 160 760 665 349
p 2 0 44 876 309 236
p 2 0 80 840 520 272
p 2 0 88 832 421 279
p 2 0 80 840 416 271
p 2 0 34 886 388 225
p 2 0 51 869 313 240
p 2 0 41 879 306 233
p 2 0 73 847 528 267
p 2 0 59 861 345 250
p 2 0 36 884 299 228
p 2 0 16 904 349 210
p 2 0 14 906 240 209
p 2 0 14 906 239 209
p 2 0 84 836 482 276
p 2 0 66 854 351 256
p 2 0 47 873 315 239
p 2 0 48 872 372 239
p 2 0 61 859 357 251
p 2 0 57 863 338 248
p 2 0 26 894 370 216
p 2 0 7 913 215 203
p 2 0 12 908 221 207
p 2 0 11 909 332 206
p 2 0 16 904 230 209
p 2 0 10 910 220 205
p 2 0 20 900 349 214
p 2 0 11 909 225 206
p 2 0 11 909 216 206
p 2 0 9 911 322 205
p 2 0 10 910 218 205
p 2 0 8 912 210 203
p 2 0 4 916 266 200
p 2 0 2 918 201 199
p 2 0 5 915 207 201
p 2 0 14 906 277 208
p 2 0 9 911 214 203
p 2 0 11 909 222 206
p 2 0 18 902 234 212
p 2 0 10 910 217 204
p 2 0 11 909 224 207
p 2 0 12 908 228 207
p 2 0 23 897 298 215
p 2 0 20 900 245 214
p 2 0 10 910 328 206
p 2 0 7 913 215 203
p 2 0 10 910 221 204
p 2 0 8 912 483 206
p 2 0 5 915 207 200
p 2 0 2 918 205 199
p 2 0 9 911 487 206
p 2 0 6 914 213 203
p 2 0 8 912 217 204
p 2 0 3 917 423 202
p 2 0 5 915 216 202
p 2 0 5 915 206 201
p 2 0 8 912 474 205
p 2 0 3 917 203 199
p 2 0 2 918 200 198
p 2 1 3 916 352 209
p 2 0 7 913 213 202
p 2 0 8 912 208 201
p 2 0 15 905 532 211
p 2 0 8 912 218 204
p 2 0 4 916 204 201
p 2 0 9 911 442 206
p 2 0 19 901 243 211
p 2 0 5 915 208 201
p 2 0 7 913 471 204
p 2 0 6 914 217 203
p 2 0 3 917 203 199
p 2 1 3 916 354 208
p 2 0 3 917 203 199
p 2 0 1 919 198 198
p 2 0 7 913 518 205
p 2 0 6 914 210 202
p 2 0 5 915 203 200
p 2 1 4 915 365 210
p 2 0 0 920 197 197
p 2 0 1 919 199 198
p 2 0 5 915 513 203
p 2 0 4 916 210 201
p 2 0 3 917 203 200
p 2 0 4 916 432 204
p 2 0 2 918 202 199
p 2 0 3 917 203 199
p 2 0 10 910 477 206
p 2 0 6 914 209 202
p 2 0 4 916 203 201
p 2 0 4 916 203 200
p 2 0 7 913 211 202
p 2 0 9 911 212 203
p 2 0 2 918 201 199
p 2 0 8 912 438 205
p 2 0 4 916 205 201
p 2 1 5 914 358 210
p 2 0 8 912 212 204
p 2 0 2 918 200 198
p 2 0 3 917 204 200
p 2 0 2 918 200 199
p 2 0 5 915 207 201
p 2 0 2 918 201 199
p 2 0 6 914 206 203
p 2 0 3 917 203 199
p 2 0 2 918 312 198
p 2 0 3 917 203 200
p 2 0 1 919 198 198
p 2 0 0 920 197 197
p 2 0 0 920 197 197
p 2 0 1 919 199 199
p 2 0 6 914 208 203
p 2 0 3 917 200 199
p 2 0 2 918 199 198
p 2 0 6 914 208 202
p 2 0 7 913 270 202
p 2 0 5 915 208 201
p 2 0 5 915 313 201
p 2 0 3 917 204 200
p 2 0 1 919 199 198
p 2 0 0 920 197 197
p 2 0 3 917 202 199
p 2 0 3 917 204 200
p 2 0 3 917 303 199
p 2 0 3 917 202 200
p 2 0 2 918 201 199
p 2 0 4 916 266 201
p 2 0 4 916 208 200
p 2 0 4 916 204 200
p 2 0 5 915 322 201
p 2 0 2 918 204 199
p 2 0 2 918 201 199
p 2 0 3 917 312 199
p 2 0 2 918 199 198
p 2 0 0 920 197 197
p 2 0 3 917 262 200
p 2 0 6 914 208 202
p 2 0 8 912 216 204
p 2 0 7 913 267 202
p 2 0 6 914 207 202
p 2 0 0 920 197 197
p 2 0 2 918 314 199
p 2 0 2 918 201 199
p 2 0 1 919 200 198
p 2 0 2 918 312 199
p 2 0 3 917 206 200
p 2 0 1 919 199 198
p 2 0 4 916 266 200
p 2 0 1 919 200 198
p 2 0 1 919 198 198
p 2 0 2 918 255 199
p 2 0 1 919 199 198
p 2 0 0 920 197 197
p 2 0 0 920 197 197
p 2 0 1 919 198 198
p 2 0 0 920 197 197
p 2 0 1 919 199 198
p 2 0 0 920 197 197
p 2 0 0 920 197 197
p 2 0 1 919 199 199
p 2 0 10 910 219 205
p 2 0 9 911 269 204
p 2 0 2 918 201 199
p 2 0 5 915 314 201
p 2 0 3 917 202 199
p 2 0 0 920 197 197
p 2 0 0 920 197 197
p 2 0 0 920 197 197
p 2 0 0 920 197 197
p 2 0 0 920 197 197
i 2 920 0 0 44045 4788
p 2 0 189 731 446 377
p 2 33 445 442 26241 1324
p 2 0 285 635 1133 499
p 2 21 414 485 29724 1269
p 2 0 301 619 1296 519
p 2 34 398 488 30580 1359
p 2 0 299 621 1325 527
p 2 32 425 463 33508 1401
p 2 0 329 591 1457 555
p 2 1 206 713 1006 417
p 2 0 57 863 326 247
p 2 1 93 826 850 296
p 2 0 63 857 342 254
p 2 0 75 845 924 273
p 2 0 24 896 250 217
p 2 0 33 887 263 224
p 2 0 39 881 278 230
p 2 0 51 869 784 254
p 2 0 30 890 270 223
p 2 0 36 884 567 237
p 2 0 15 905 228 209
p 2 0 16 904 239 210
p 2 0 21 899 252 214
p 2 1 79 840 816 282
p 2 0 40 880 277 229
p 2 0 24 896 255 216
p 2 0 37 883 840 239
p 2 0 56 864 347 249
p 2 0 31 889 270 222
p 2 0 20 900 698 223
p 2 0 11 909 220 206
p 2 0 6 914 216 203
p 2 0 17 903 793 222
p 2 0 13 907 238 207
p 2 0 7 913 215 203
p 2 1 16 903 482 223
p 2 0 3 917 218 200
p 2 0 0 920 197 197
p 2 2 9 909 776 223
p 2 0 16 904 237 210
p 2 0 3 917 203 200
p 2 0 12 908 684 218
p 2 0 11 909 225 207
p 2 0 3 917 204 200
p 2 0 18 902 781 222
p 2 0 8 912 225 204
p 2 0 3 917 203 200
p 2 1 15 904 467 223
p 2 0 8 912 231 204
p 2 0 11 909 219 204
p 2 2 8 910 756 221
p 2 0 7 913 222 204
p 2 0 3 917 205 200
p 2 0 7 913 671 213
p 2 0 9 911 228 204
p 2 0 2 918 201 199
p 2 0 7 913 779 213
p 2 0 6 914 214 202
p 2 0 3 917 207 201
p 2 0 2 918 200 198
p 2 0 0 920 197 197
p 2 0 0 920 197 197
p 2 0 2 918 201 198
p 2 0 8 912 673 213
p 2 0 6 914 227 203
p 2 81 351 488 34148 1604
p 2 0 292 628 1310 519
p 2 0 134 786 535 327
p 2 71 353 496 33157 1555
p 2 0 302 618 1181 526
p 2 0 107 813 422 300
p 2 70 364 486 35255 1609
p 2 0 298 622 1261 526
p 2 0 111 809 453 307
p 2 93 385 442 36212 1822
p 2 0 306 614 1285 538
p 2 0 130 790 507 325
p 2 6 209 705 7235 492
p 2 0 99 821 477 294
p 2 3 137 780 5338 400
p 2 0 80 840 699 282
p 2 5 100 815 5571 372
p 2 0 82 838 431 273
p 2 0 87 833 794 281
p 2 0 19 901 234 213
p 2 0 27 893 253 218
p 2 0 40 880 478 242
p 2 0 44 876 304 236
p 2 0 34 886 270 226
p 2 1 78 841 775 276
p 2 0 22 898 246 215
p 2 0 36 884 275 228
p 2 0 57 863 603 255
p 2 0 38 882 296 232
p 2 0 16 904 226 211
p 2 0 19 901 643 217
p 2 0 14 906 228 209
p 2 0 31 889 280 224
p 2 0 39 881 481 241
p 2 0 24 896 246 217
p 2 0 8 912 214 204
p 2 1 9 910 612 214
p 2 0 3 917 204 199
p 2 0 8 912 209 204
p 2 0 14 906 488 216
p 2 0 8 912 215 205
p 2 0 2 918 200 199
p 2 0 14 906 628 212
p 2 0 11 909 226 206
p 2 0 3 917 202 200
p 2 0 11 909 478 215
p 2 0 4 916 208 201
p 2 0 1 919 199 198
p 2 0 28 892 372 226
p 2 0 12 908 226 208
p 2 0 13 907 224 207
p 2 1 11 908 465 216
p 2 0 16 904 232 212
p 2 0 17 903 235 211
p 2 0 14 906 627 211
p 2 0 5 915 211 201
p 2 0 6 914 209 201
p 2 0 10 910 478 214
p 2 0 6 914 212 202
p 2 0 3 917 203 200
p 2 0 11 909 610 208
p 2 0 4 916 210 200
p 2 0 4 916 209 201
p 2 0 11 909 414 215
p 2 0 4 916 202 201
p 2 0 1 919 198 198
p 2 1 4 915 600 208
p 2 0 2 918 203 199
p 2 0 2 918 199 199
p 2 0 10 910 484 213
p 2 0 1 919 205 198
p 2 0 2 918 202 199
p 2 0 7 913 603 207
p 2 0 10 910 221 206
p 2 0 3 917 204 199
p 2 0 10 910 411 213
p 2 0 4 916 204 200
p 2 0 4 916 206 200
p 2 1 4 915 598 209
p 2 0 4 916 211 201
p 2 0 3 917 203 199
p 2 0 11 909 492 216
p 2 0 5 915 211 200
p 2 0 1 919 198 198
p 2 0 8 912 613 207
p 2 0 4 916 212 200
p 2 0 2 918 202 199
p 2 0 8 912 475 211
p 2 0 1 919 206 199
p 2 0 3 917 201 200
p 2 0 6 914 328 208
p 2 0 2 918 200 199
p 2 0 1 919 198 198
p 2 1 3 916 440 209
p 2 0 2 918 202 198
p 2 0 1 919 199 198
p 2 0 8 912 619 207
p 2 0 6 914 216 201
p 2 0 6 914 211 201
p 2 0 9 911 410 214
p 2 0 2 918 200 199
p 2 0 1 919 198 198
p 2 1 4 915 590 208
p 2 0 3 917 206 200
p 2 0 5 915 210 202
p 2 0 8 912 409 212
p 2 0 5 915 206 202
p 2 0 3 917 202 200
p 2 1 7 912 600 210
p 2 0 4 916 208 201
p 2 0 3 917 206 200
p 2 0 8 912 474 212
p 2 0 3 917 205 199
p 2 0 0 920 197 197
p 2 0 7 913 608 207
p 2 0 4 916 209 201
p 2 0 1 919 200 198
p 2 0 0 920 197 197
p 2 0 1 919 198 198
p 2 0 0 920 197 197
p 2 0 8 912 483 211
p 2 0 4 916 210 200
p 2 7 42 871 5020 324
p 2 0 25 895 284 221
p 2 2 44 874 5463 305
p 2 0 30 890 317 228
p 2 4 52 864 6274 343
p 2 0 37 883 335 235
p 2 134 327 459 37105 1934
p 2 0 267 653 1128 483
p 2 61 381 478 31438 1575
p 2 0 271 649 1182 497
p 2 48 393 479 31472 1520
p 2 0 286 634 1248 512
p 2 0 141 779 525 339
p 2 0 70 850 914 269
p 2 0 132 788 548 321
p 2 0 43 877 281 237
p 2 1 67 852 617 272
p 2 0 48 872 296 239
p 2 0 56 864 332 246
p 2 2 25 893 755 234
p 2 0 24 896 248 216
p 2 0 23 897 244 216
p 2 0 48 872 744 247
p 2 0 17 903 245 213
p 2 0 17 903 239 213
p 2 0 18 902 815 219
p 2 0 24 896 268 216
p 2 0 31 889 277 225
p 2 1 40 879 564 244
p 2 0 20 900 238 214
p 2 0 15 905 229 208
p 2 2 18 900 732 227
p 2 0 30 890 277 225
p 2 0 17 903 236 211
p 2 0 8 912 642 215
p 2 0 3 917 207 200
p 2 0 3 917 208 200
p 2 0 8 912 771 211
p 2 0 6 914 217 203
p 2 0 1 919 200 198
p 2 0 3 917 202 200
p 2 0 3 917 202 200
p 2 0 1 919 200 198
p 2 0 1 919 199 198
p 2 0 0 920 197 197
p 2 0 2 918 201 199
p 2 0 6 914 632 211
p 2 0 8 912 218 205
p 2 1 6 913 325 211
p 2 0 1 919 198 198
p 2 0 1 919 198 198
i 2 920 0 0 62032 5030
p 2 0 112 808 355 301
p 2 0 59 861 274 252
p 2 0 28 892 232 225
p 2 0 21 899 219 217
p 2 0 9 911 209 204
p 2 1 16 903 482 218
p 2 0 9 911 212 204
p 2 1 13 906 586 216
p 2 0 6 914 210 201
p 2 1 11 908 375 217
p 2 0 9 911 212 205
p 2 0 3 917 201 200
p 2 0 6 914 204 203
p 2 1 8 911 608 213
p 2 0 5 915 207 200
p 2 0 9 911 506 209
p 2 0 6 914 213 203
p 2 1 5 914 578 212
p 2 0 1 919 200 198
p 2 0 2 918 202 199
p 2 0 2 918 199 199
p 2 0 0 920 197 197
p 2 0 0 920 197 197
p 2 0 2 918 200 199
p 2 0 3 917 202 201
p 2 0 1 919 199 198
p 2 0 1 919 198 198
p 2 0 9 911 509 209
p 2 0 4 916 209 202
p 2 10 300 610 19683 931
p 2 0 221 699 1005 433
p 2 0 312 608 15696 805
p 2 0 235 685 1035 444
p 2 4 318 598 16737 858
p 2 0 236 684 1051 445
p 2 239 227 454 34284 2242
p 2 0 216 704 879 427
p 2 0 99 821 393 293
p 2 260 278 382 40527 2463
p 2 0 262 658 1082 478
p 2 0 124 796 477 319
p 2 265 305 350 43632 2573
p 2 0 272 648 1161 496
p 2 0 104 816 403 298
p 2 305 275 340 44712 2690
p 2 0 278 642 1004 484
p 2 0 114 806 415 301
p 2 4 223 693 11898 626
p 2 0 154 766 671 350
p 2 0 62 858 307 249
p 2 3 169 748 12429 583
p 2 0 124 796 662 329
i 2 920 0 0 47922 4942
p 2 76 844 0 26376 2237
p 2 55 865 0 20962 2014
p 2 29 891 0 20729 1975
p 2 26 894 0 19222 1914
p 2 28 892 0 20662 1987
p 2 32 888 0 21822 1989
p 2 39 881 0 21384 1990
p 2 33 885 2 19334 1930
p 2 28 892 0 19574 1898
p 2 39 881 0 20070 1962
p 2 30 889 1 15916 1817
p 2 30 884 6 15596 1853
p 2 29 887 4 14689 1829
p 2 18 899 3 13207 1824
p 2 13 907 0 13474 1776
p 2 16 904 0 13153 1816
p 2 17 903 0 12578 1795
p 2 17 903 0 13311 1753
p 2 20 900 0 15597 1836
p 2 23 897 0 14115 1806
p 2 28 892 0 14664 1826
p 2 24 896 0 15868 1797
p 2 18 902 0 13706 1747
p 2 12 908 0 14319 1671
p 2 17 903 0 16884 1745
p 2 10 910 0 20971 1767
p 2 20 900 0 19361 1761
p 2 12 908 0 20209 1746
p 2 14 906 0 17502 1619
p 2 0 911 9 10631 1329
p 2 0 914 6 10935 1323
p 2 0 909 11 11345 1345
p 2 0 904 16 11644 1343
p 2 0 905 15 11464 1344
p 2 0 909 11 11644 1361
p 2 0 902 18 11677 1362
p 2 0 902 18 11703 1367
p 2 0 911 9 11792 1369
p 2 0 906 14 11590 1377
p 2 0 908 12 11546 1368
p 2 0 906 14 11816 1377
p 2 0 904 16 11508 1366
p 2 0 902 18 11655 1365
p 2 0 906 14 11801 1370
p 2 0 906 14 11778 1364
p 2 0 897 23 11437 1367
p 2 0 906 14 11755 1372
p 2 0 907 13 11795 1370
p 2 0 907 13 11858 1377
p 2 0 909 11 11341 1359
p 2 0 907 13 11681 1367
p 2 0 900 20 11647 1370
p 2 0 909 11 11924 1383
p 2 0 907 13 11555 1374
p 2 0 907 13 11566 1370
p 2 0 900 20 11597 1377
p 2 0 906 14 11796 1374
p 2 0 893 27 11626 1367
p 2 0 908 12 11505 1371
p 2 0 907 13 11711 1369
p 2 0 906 14 11743 1383
p 2 0 894 26 11749 1374
p 2 0 906 14 11729 1396
p 2 0 905 15 11573 1361
p 2 0 906 14 11689 1377
p 2 0 911 9 11480 1369
p 2 0 907 13 11662 1382
p 2 0 901 19 11682 1371
p 2 0 910 10 11598 1383
p 2 0 904 16 11563 1366
p 2 0 906 14 11440 1365
p 2 0 908 12 11562 1362
p 2 0 908 12 11622 1367
p 2 0 900 20 11459 1365
p 2 0 911 9 11764 1380
p 2 0 895 25 11624 1356
p 2 0 909 11 11757 1367
p 2 0 910 10 11708 1374
p 2 0 910 10 11426 1364
p 2 0 901 19 11526 1357
p 2 0 902 18 11473 1349
p 2 0 902 18 11762 1353
p 2 0 908 12 11722 1379
p 2 0 901 19 11504 1361
p 2 0 908 12 11497 1373
p 2 0 906 14 11741 1380
p 2 0 901 19 11612 1374
p 2 0 912 8 11473 1374
p 2 0 911 9 11502 1373
p 2 0 908 12 11555 1367
p 2 0 901 19 11565 1368
p 2 0 905 15 11553 1369
p 2 0 904 16 11710 1370
p 2 0 910 10 11531 1373
p 2 0 910 10 11391 1360
p 2 0 905 15 11609 1363
p 2 0 903 17 11659 1356
p 2 0 906 14 11616 1357
p 2 0 912 8 11474 1368
p 2 0 900 20 11593 1367
p 2 0 905 15 11827 1370
p 2 0 901 19 11807 1359
p 2 0 910 10 11524 1372
p 2 0 909 11 11576 1369
p 2 0 911 9 11532 1372
p 2 0 902 18 11714 1370
p 2 0 910 10 11511 1374
p 2 0 908 12 11349 1347
p 2 0 901 19 11480 1361
p 2 0 899 21 11431 1351
p 2 0 912 8 11437 1365
p 2 0 909 11 11456 1363
p 2 0 906 14 11424 1372
p 2 0 900 20 11359 1356
p 2 0 913 7 11528 1363
p 2 0 897 23 11388 1359
p 2 0 908 12 11472 1362
p 2 0 905 15 11377 1365
i 2 920 0 0 26564 4029
p 2 0 387 533 617 537
p 2 0 393 527 566 535
p 2 0 255 665 447 412
p 2 0 223 697 418 389
p 2 0 128 792 323 306
p 2 0 183 737 361 347
p 2 0 141 779 336 317
p 2 0 140 780 328 306
p 2 0 101 819 292 277
p 2 0 83 837 285 265
p 2 0 56 864 264 242
p 2 0 61 859 258 247
p 2 0 40 880 249 230
p 2 0 47 873 255 238
p 2 0 43 877 236 231
p 2 0 25 895 229 217
p 2 0 21 899 217 214
p 2 0 9 911 208 205
p 2 0 14 906 210 207
p 2 0 29 891 222 220
p 2 0 28 892 225 218
p 2 0 53 867 249 239
p 2 0 46 874 240 234
p 2 0 41 879 245 230
p 2 0 15 905 214 210
p 2 0 13 907 210 208
p 2 0 12 908 209 207
p 2 0 15 905 215 209
p 2 0 5 915 203 201
p 2 0 6 914 203 202
p 2 0 3 917 203 200
p 2 0 3 917 205 200
p 2 0 6 914 203 202
p 2 0 3 917 205 200
p 2 0 1 919 199 198
p 2 0 10 910 206 205
p 2 0 1 919 198 198
p 2 0 2 918 204 200
p 2 0 2 918 201 199
p 2 0 5 915 201 201
p 2 0 1 919 198 198
i 2 920 0 0 12115 3661
p 2 287 599 34 13830 3098
p 2 350 566 4 20215 3527
p 2 415 498 7 34517 3684
p 2 96 821 3 20731 2416
p 2 25 878 17 15895 2058
p 2 21 869 30 14461 1893
p 2 16 888 16 10756 1840
p 2 13 861 46 9082 1687
p 2 5 849 66 6564 1471
p 2 1 844 75 4649 1354
p 2 1 856 63 4899 1393
i 2 920 0 0 70026 4629
p 2 0 896 24 21902 1471
p 2 0 906 14 27319 1558
p 2 0 895 25 30100 1578
p 2 1 897 22 31446 1586
p 2 0 909 11 31649 1587
p 2 1 904 15 32139 1618
p 2 2 898 20 32003 1609
p 2 0 915 5 32161 1615
p 2 3 896 21 29156 1630
p 2 2 903 15 28384 1632
p 2 2 901 17 28770 1625
p 2 0 909 11 28974 1615
p 2 1 910 9 28671 1612
p 2 0 903 17 28002 1596
p 2 3 899 18 29279 1617
p 2 1 899 20 28261 1585
p 2 1 899 20 29001 1595
p 2 1 910 9 28690 1605
p 2 0 902 18 28421 1581
p 2 0 912 8 28275 1593
p 2 4 904 12 29457 1608
p 2 1 912 7 28866 1619
p 2 0 902 18 29009 1591
p 2 0 913 7 29566 1615
p 2 1 908 11 29769 1606
p 2 0 912 8 29021 1603
p 2 3 895 22 29781 1605
p 2 1 907 12 29121 1610
p 2 4 903 13 29721 1633
p 2 5 909 6 29418 1653
p 2 1 906 13 29284 1616
p 2 0 908 12 29108 1600
p 2 0 890 30 30344 1612
p 2 0 916 4 29391 1623
p 2 3 903 14 30041 1619
p 2 2 909 9 29994 1635
p 2 4 905 11 30163 1635
p 2 2 912 6 29732 1628
p 2 2 903 15 30570 1636
p 2 0 909 11 29955 1616
p 2 1 905 14 30624 1635
p 2 3 907 10 30157 1639
p 2 0 908 12 30469 1613
p 2 0 907 13 30213 1617
p 2 1 905 14 31191 1624
p 2 0 913 7 30388 1629
p 2 0 902 18 30953 1612
p 2 0 908 12 31109 1627
p 2 0 910 10 31456 1630
p 2 0 911 9 30333 1612
p 2 0 914 6 31222 1606
p 2 0 908 12 30967 1614
p 2 1 907 12 31513 1628
p 2 1 918 1 31450 1645
p 2 0 904 16 31096 1613
p 2 0 913 7 31239 1635
p 2 0 907 13 31790 1630
p 2 11 909 0 34416 1903
p 2 5 915 0 35122 1892
p 2 6 914 0 36016 1917
p 2 8 911 1 37267 1921
p 2 7 913 0 37899 1941
p 2 2 918 0 39241 1926
p 2 2 918 0 40168 1935
p 2 1 919 0 41559 1942
p 2 1 919 0 41814 1925
p 2 2 918 0 42070 1941
p 2 3 917 0 41437 1960
p 2 2 918 0 41125 1954
p 2 8 912 0 40020 1961
p 2 7 913 0 39713 1977
p 2 14 906 0 39473 2000
p 2 12 908 0 39074 2031
p 2 14 906 0 37090 2001
p 2 13 907 0 36973 2018
p 2 11 909 0 38604 1989
p 2 0 920 0 30301 1711
p 2 0 920 0 30591 1672
p 2 0 920 0 30847 1697
p 2 0 920 0 30436 1674
p 2 0 920 0 31748 1709
p 2 0 919 1 30559 1691
p 2 0 920 0 31192 1700
p 2 0 920 0 30056 1699
p 2 0 920 0 30423 1705
p 2 0 920 0 29251 1700
p 2 0 920 0 30470 1714
p 2 0 920 0 29603 1692
p 2 0 920 0 30608 1720
p 2 0 920 0 30065 1695
p 2 0 920 0 31904 1727
p 2 0 920 0 31225 1726
p 2 2 918 0 31268 1725
p 2 0 919 1 30142 1719
p 2 1 919 0 30912 1751
p 2 0 919 1 29584 1734
p 2 2 918 0 29404 1766
p 2 3 915 2 27236 1751
p 2 5 915 0 27477 1753
p 2 5 915 0 32693 1973
p 2 0 920 0 25907 1739
p 2 0 917 3 24504 1726
p 2 0 920 0 25469 1722
p 2 0 917 3 24418 1733
p 2 0 920 0 24531 1735
p 2 0 920 0 23699 1739
p 2 0 920 0 25603 1738
p 2 0 920 0 24938 1750
p 2 0 920 0 24891 1751
p 2 0 920 0 23412 1744
p 2 30 890 0 24674 1818
p 2 18 902 0 22998 1817
p 2 0 919 1 23522 1835
p 2 0 919 1 21311 1759
p 2 3 917 0 22954 1879
p 2 0 920 0 21403 1874
p 2 0 920 0 22650 1787
p 2 0 920 0 20835 1769
p 2 0 920 0 20694 1789
p 2 0 920 0 20053 1795
p 2 0 920 0 20242 1790
p 2 0 920 0 19694 1819
p 2 0 920 0 19296 1818
p 2 2 918 0 18130 1910
p 2 0 920 0 18549 1828
p 2 0 920 0 16670 1792
p 2 0 920 0 16768 1800
p 2 0 920 0 16101 1818
p 2 0 920 0 16671 1832
p 2 0 920 0 15172 1833
p 2 0 920 0 14938 1876
p 2 0 920 0 15009 1922
p 2 0 920 0 26293 1955
p 2 41 879 0 19359 2180
p 2 72 848 0 25940 2337
p 2 87 833 0 32176 2458
p 2 100 820 0 38568 2616
p 2 152 768 0 42650 2806
p 2 172 748 0 45683 2923
p 2 171 749 0 47897 2945
p 2 174 746 0 50731 3000
p 2 179 741 0 53364 3072
p 2 172 748 0 54270 3131
p 2 164 756 0 56023 3127
p 2 197 723 0 54025 3240
p 2 166 754 0 53145 3148
p 2 38 857 25 48271 2486
p 2 51 851 18 49461 2547
p 2 92 802 26 51485 2808
p 2 92 811 17 55495 2877
p 2 100 818 2 57955 2849
p 2 76 844 0 58796 2815
p 2 44 876 0 58785 2653
p 2 52 868 0 59673 2721
p 2 117 803 0 62510 2960
p 2 129 791 0 61528 3075
p 2 69 851 0 62432 2885
p 2 62 858 0 61128 2732
p 2 52 867 1 62740 2766
p 2 58 862 0 64696 2756
p 2 72 848 0 63694 2847
p 2 79 839 2 65051 2885
p 2 93 827 0 64894 2915
p 2 153 767 0 59675 3034
p 2 89 831 0 63847 2865
p 2 62 856 2 58834 2728
p 2 67 853 0 57092 2713
p 2 69 849 2 54970 2702
p 2 66 854 0 49472 2620
p 2 59 854 7 46508 2549
p 2 67 853 0 46156 2558
p 2 63 853 4 49823 2656
p 2 51 869 0 49451 2600
p 2 48 866 6 51227 2483
p 2 47 868 5 54111 2542
p 2 59 858 3 57171 2600
p 2 71 849 0 58011 2708
p 2 66 854 0 57982 2649
p 2 96 823 1 57951 2764
p 2 112 808 0 54138 2787
p 2 93 827 0 55151 2742
p 2 50 870 0 50022 2531
p 2 32 886 2 47624 2489
p 2 84 836 0 45637 2679
p 2 116 801 3 46285 2783
p 2 76 843 1 45723 2615
p 2 38 881 1 37940 2367
p 2 34 884 2 33062 2264
p 2 21 898 1 31679 2279
p 2 80 840 0 30515 2383
p 2 70 850 0 29180 2378
p 2 44 872 4 32040 2338
p 2 20 900 0 26834 2219
p 2 4 916 0 23699 2066
p 2 2 918 0 24360 2079
p 2 11 909 0 23013 2013
p 2 3 917 0 22505 1959
p 2 0 920 0 24195 1935
p 2 5 915 0 25184 2021
p 2 19 901 0 26164 2062
p 2 13 907 0 27017 2129
p 2 17 903 0 29136 2238
p 2 25 895 0 30366 2364
p 2 12 908 0 28055 2207
p 2 12 908 0 26193 2264
p 2 11 909 0 27506 2227
p 2 10 910 0 27940 2226
p 2 5 915 0 27368 2119
p 2 18 902 0 30199 2231
p 2 14 906 0 31092 2205
p 2 11 909 0 30855 2171
p 2 17 903 0 30139 2140
p 2 17 903 0 29089 2082
p 2 5 915 0 27567 2001
p 2 15 903 2 29105 2028
p 2 14 902 4 30176 2022
p 2 6 911 3 29820 2022
p 2 6 910 4 30947 2021
p 2 8 909 3 28228 1964
p 2 6 911 3 30990 1995
p 2 10 909 1 28594 1954
p 2 3 913 4 31212 2013
p 2 1 918 1 28064 1947
p 2 3 913 4 32660 1943
p 2 4 915 1 31120 1919
p 2 2 914 4 28840 1854
p 2 2 912 6 27015 1803
p 2 1 902 17 30423 1821
p 2 5 906 9 31441 1833
p 2 2 887 31 31033 1799
p 2 3 892 25 24980 1749
p 2 2 896 22 28519 1719
p 2 4 894 22 28156 1748
p 2 0 889 31 24256 1674
p 2 0 898 22 23135 1678
p 2 1 883 36 25887 1658
p 2 1 895 24 26279 1670
p 2 0 874 46 21413 1610
p 2 1 886 33 21141 1610
p 2 2 849 69 24119 1591
p 2 1 877 42 25628 1635
p 2 2 845 73 24207 1574
p 2 3 897 20 22653 1624
p 2 0 815 105 23169 1516
p 2 0 890 30 23756 1572
p 2 0 876 44 25253 1544
p 2 0 894 26 22117 1539
p 2 0 828 92 20094 1473
p 2 0 890 30 19765 1514
p 2 0 772 148 21143 1427
p 2 0 867 53 21607 1473
p 2 0 788 132 22059 1406
p 2 0 877 43 23212 1480
p 2 0 748 172 22691 1379
p 2 0 882 38 21240 1466
p 2 0 782 138 20093 1402
p 2 0 873 47 20195 1466
p 2 0 744 176 20321 1359
p 2 0 844 76 21178 1428
p 2 0 731 189 21760 1332
p 2 0 850 70 22768 1418
p 2 0 770 150 23416 1346
p 2 0 830 90 21771 1383
p 2 0 732 188 20043 1292
p 2 0 828 92 17124 1298
p 2 0 695 225 13594 1148
i 2 920 0 0 79362 4595
p 2 0 521 399 16284 902
p 2 0 473 447 16857 846
p 2 0 381 539 21519 805
p 2 0 405 515 16416 794
p 2 3 455 462 26207 882
p 2 0 404 516 22239 826
p 2 0 440 480 19434 824
p 2 0 428 492 20074 812
p 2 0 360 560 23742 779
p 2 0 408 512 20121 798
p 2 0 402 518 19119 788
p 2 0 368 552 22399 780
p 2 0 349 571 18243 726
p 2 0 355 565 18740 740
p 2 0 390 530 23277 806
p 2 0 379 541 18023 754
p 2 0 330 590 18108 713
p 2 0 355 565 22247 769
p 2 0 381 539 17343 759
p 2 0 339 581 17502 722
p 2 0 316 604 21627 719
p 2 0 329 591 17238 697
p 2 0 353 567 17645 728
p 2 0 368 552 20963 778
p 2 0 355 565 17922 724
p 2 0 337 583 17862 716
p 2 0 341 579 20617 740
p 2 0 349 571 17769 722
p 2 0 324 596 18703 695
p 2 0 301 619 1877 527
p 2 0 437 483 3602 651
p 2 6 521 393 15089 893
p 2 4 509 407 24731 978
p 2 0 542 378 28059 1049
p 2 0 539 381 28761 1062
p 2 0 555 365 31191 1119
p 2 3 528 389 37944 1226
p 2 23 539 358 45999 1520
p 2 116 468 336 54023 2039
p 2 139 429 352 24046 1854
p 2 13 438 469 6830 1011
p 2 0 395 525 2053 648
p 2 0 380 540 1947 613
p 2 0 424 496 2226 673
p 2 4 353 563 10376 707
p 2 0 431 489 2320 684
p 2 0 409 511 2352 654
p 2 0 346 574 1894 578
p 2 0 274 646 1737 507
p 2 0 290 630 1809 531
p 2 0 283 637 1859 516
p 2 0 277 643 1832 519
p 2 0 266 654 1923 507
p 2 5 370 545 11141 732
p 2 0 367 553 5053 635
p 2 10 369 541 11513 775
p 2 66 358 496 23176 1198
p 2 49 495 376 31411 1401
p 2 20 766 134 32667 1559
p 2 8 842 70 38733 1613
p 2 1 855 64 41237 1631
p 2 0 861 59 38001 1601
p 2 3 852 65 39426 1657
p 2 1 871 48 38785 1625
p 2 1 866 53 43205 1730
p 2 16 866 38 47016 1960
p 2 102 781 37 49783 2357
p 2 109 781 30 30076 2216
p 2 11 822 87 15197 1454
p 2 0 682 238 7579 1049
p 2 0 684 236 7398 1037
p 2 0 661 259 7618 1014
p 2 0 758 162 10268 1139
p 2 0 654 266 6959 1002
p 2 0 691 229 6703 1045
p 2 0 711 209 8984 1082
p 2 0 712 208 6208 1059
p 2 0 589 331 5789 918
p 2 0 655 265 5590 986
p 2 0 673 247 5789 1011
p 2 0 646 274 7100 1005
p 2 0 492 428 4369 793
p 2 13 595 312 7323 1044
p 2 0 633 287 6814 973
p 2 23 650 247 8130 1228
p 2 0 535 385 4504 848
p 2 5 690 225 12581 1273
p 2 26 676 218 14093 1340
p 2 0 656 264 5193 1004
p 2 16 548 356 9024 1021
p 2 0 500 420 4547 809
p 2 0 627 293 5904 977
p 2 0 650 270 7591 1010
p 2 0 592 328 8981 969
p 2 0 530 390 9920 891
p 2 24 624 272 20783 1264
p 2 2 628 290 9486 1045
p 2 2 617 301 7750 1024
p 2 1 525 394 6330 885
p 2 1 604 315 6163 972
p 2 1 624 295 6110 987
p 2 0 588 332 4872 934
p 2 0 594 326 5139 949
p 2 0 569 351 4736 910
p 2 0 493 427 4490 819
p 2 0 528 392 4694 859
p 2 0 545 375 4985 874
p 2 0 580 340 5157 915
p 2 0 482 438 4511 802
p 2 0 529 391 5082 858
p 2 0 538 382 4890 869
p 2 0 536 384 5075 864
p 2 0 480 440 4491 798
p 2 0 505 415 4607 833
p 2 0 518 402 4841 845
p 2 2 591 327 19007 1074
p 2 0 580 340 10280 943
p 2 0 549 371 9889 904
p 2 17 622 281 14619 1133
p 2 0 599 321 10438 969
p 2 32 619 269 15152 1244
p 2 0 621 299 5221 973
p 2 5 683 232 9557 1194
p 2 26 664 230 14085 1351
p 2 0 561 359 4613 878
p 2 16 621 283 9748 1115
p 2 0 607 313 5736 942
p 2 1 623 296 7079 1022
p 2 1 516 403 6391 841
p 2 4 441 475 7799 791
p 2 4 554 362 11190 963
p 2 9 599 312 14494 1065
p 2 14 572 334 15342 1073
p 2 35 581 304 25777 1323
p 2 14 579 327 15624 1087
p 2 7 564 349 16868 1023
p 2 12 575 333 19545 1091
p 2 12 561 347 21867 1077
p 2 12 596 312 23717 1147
p 2 12 655 253 25918 1247
p 2 11 626 283 22664 1190
p 2 14 523 383 23967 1089
p 2 26 687 207 30844 1423
p 2 14 612 294 27650 1228
p 2 45 666 209 31065 1532
p 2 7 680 233 26308 1242
p 2 23 649 248 28678 1443
p 2 28 679 213 30772 1481
p 2 0 695 225 21232 1166
p 2 17 715 188 23971 1304
p 2 0 589 331 4780 921
p 2 1 642 277 5847 992
p 2 0 623 297 4989 942
p 2 0 638 282 5134 978
p 2 0 458 462 4054 748
p 2 0 589 331 4609 896
p 2 0 593 327 4704 908
p 2 0 580 340 4569 894
p 2 0 421 499 3871 714
p 2 0 544 376 4418 859
p 2 0 573 347 4711 890
p 2 0 604 316 4805 936
p 2 0 445 475 4096 738
p 2 0 569 351 4481 879
p 2 0 650 270 5241 980
p 2 0 543 377 4189 848
p 2 0 445 475 3924 735
p 2 0 515 405 4130 810
p 2 0 537 383 4403 842
p 2 0 531 389 4148 837
p 2 0 417 503 3738 700
p 2 0 486 434 4081 789
p 2 0 514 406 4482 815
p 2 0 480 440 4038 783
p 2 0 497 423 4459 806
p 2 0 496 424 4051 800
p 2 0 408 512 3711 698
p 2 0 449 471 3924 750
p 2 0 480 440 4211 783
p 2 0 477 443 3934 779
p 2 0 400 520 3745 686
p 2 0 465 455 3787 750
p 2 0 498 422 4372 800
p 2 0 566 354 5345 879
p 2 0 504 416 5701 813
p 2 0 573 347 6505 889
p 2 0 693 227 9166 1070
p 2 0 737 183 13234 1172
p 2 0 641 279 15769 1092
p 2 0 737 183 17035 1224
p 2 0 753 167 18704 1276
p 2 0 710 210 19741 1296
p 2 2 657 261 23118 1308
p 2 21 668 231 28087 1510
p 2 95 623 202 23705 1777
p 2 44 629 247 11536 1337
p 2 1 715 204 8874 1178
p 2 0 675 245 7427 1069
p 2 0 600 320 7321 989
p 2 0 644 276 7448 1030
p 2 8 685 227 12484 1189
p 2 11 650 259 14911 1183
p 2 14 617 289 16477 1160
p 2 13 711 196 20102 1317
p 2 16 733 171 21301 1366
p 2 5 753 162 22381 1349
p 2 3 744 173 22974 1311
p 2 4 740 176 24281 1327
p 2 7 744 169 23827 1365
p 2 32 737 151 36255 1592
p 2 8 792 120 24008 1428
p 2 7 790 123 22933 1416
p 2 11 734 175 24278 1345
p 2 6 612 302 24832 1156
p 2 7 779 134 24360 1388
p 2 22 752 146 28919 1546
p 2 6 749 165 24786 1359
p 2 3 720 197 17720 1247
p 2 1 691 228 23915 1241
p 2 0 714 206 18335 1181
p 2 0 734 186 14867 1170
p 2 0 666 254 5202 1006
p 2 0 560 360 4539 858
p 2 0 645 275 5295 979
p 2 0 559 361 4382 877
p 2 0 470 450 4142 762
p 2 0 520 400 4239 815
p 2 0 520 400 4590 830
p 2 0 458 462 3742 726
p 2 0 426 494 3757 697
i 2 920 0 0 116281 5831
p 2 0 895 25 57940 1737
p 2 0 892 28 63862 1779
p 2 3 885 32 85056 1986
p 2 0 895 25 64603 1772
p 2 0 899 21 66556 1783
p 2 1 902 17 83610 1999
p 2 0 896 24 64373 1787
p 2 0 895 25 66543 1798
p 2 2 894 24 80425 1944
p 2 0 902 18 66014 1799
p 2 0 904 16 66335 1810
p 2 1 901 18 80010 1943
p 2 0 899 21 67663 1797
p 2 0 906 14 66551 1816
p 2 21 884 15 98018 2256
p 2 0 900 20 65670 1790
p 2 0 910 10 66732 1823
p 2 10 895 15 96660 2172
p 2 0 918 2 65693 1836
p 2 0 909 11 65405 1815
p 2 20 888 12 98635 2273
p 2 0 904 16 62555 1802
p 2 0 906 14 63578 1787
p 2 7 902 11 87481 2062
p 2 0 901 19 58155 1758
p 2 0 906 14 56281 1764
p 2 0 902 18 78962 1944
p 2 0 909 11 54389 1757
p 2 0 901 19 57889 1774
p 2 1 906 13 74392 1887
p 2 0 907 13 60169 1795
p 2 0 900 20 61435 1774
p 2 0 907 13 70745 1830
p 2 0 909 11 59235 1762
p 2 0 906 14 57831 1738
p 2 0 905 15 74404 1853
p 2 0 902 18 50862 1689
p 2 0 905 15 56896 1694
i 2 920 0 0 43302 4050
p 2 0 275 645 609 437
p 2 1 661 258 24978 1194
p 2 1 562 357 24193 1120
p 2 0 562 358 23307 1117
p 2 14 568 338 22293 1149
p 2 0 539 381 23735 1012
p 2 0 416 504 5488 638
p 2 0 508 412 23044 963
p 2 0 402 518 5642 618
p 2 0 511 409 24324 984
p 2 1 681 238 27013 1380
p 2 0 683 237 24330 1261
p 2 0 480 440 1612 683
p 2 1 640 279 26840 1256
p 2 0 407 513 1526 612
p 2 1 584 335 25261 1167
p 2 0 503 417 1735 703
p 2 3 532 385 24782 1132
p 2 0 492 428 23406 1066
p 2 0 376 544 1404 589
p 2 0 493 427 19779 954
p 2 0 401 519 1596 617
p 2 0 649 271 22643 1222
p 2 0 507 413 1824 718
p 2 0 538 382 19334 987
p 2 0 407 513 1425 601
p 2 0 486 434 20144 944
p 2 0 497 423 24147 1040
p 2 0 359 561 1377 569
p 2 1 481 438 23720 1041
p 2 0 348 572 1343 560
p 2 251 363 306 39516 2344
p 2 0 339 581 1009 521
p 2 35 499 386 33747 1372
p 2 0 667 253 4916 1042
p 2 36 593 291 33888 1461
p 2 0 519 401 1681 708
p 2 36 539 345 34120 1410
p 2 0 474 446 1637 672
p 2 35 449 436 33562 1330
p 2 0 387 533 1368 599
p 2 35 468 417 33130 1323
p 2 10 457 453 29248 1079
p 2 0 391 529 3137 649
p 2 3 411 506 29043 1001
p 2 0 311 609 1295 527
p 2 38 582 300 36315 1588
p 2 0 567 353 2098 804
p 2 35 531 354 33800 1410
p 2 6 468 446 13603 777
p 2 38 503 379 33997 1357
p 2 12 468 440 29380 1105
p 2 0 389 531 3276 646
p 2 3 427 490 29084 1006
p 2 0 407 513 1454 607
p 2 37 456 427 33706 1289
p 2 0 391 529 1335 587
p 2 37 403 480 33764 1286
p 2 0 561 359 4614 934
p 2 132 557 231 41030 1999
p 2 0 442 478 1628 660
p 2 265 430 225 50780 2591
p 2 127 566 227 38332 2111
p 2 0 433 487 1418 656
p 2 197 538 185 47331 2380
p 2 1 439 480 5829 706
p 2 16 400 504 24415 1010
p 2 0 371 549 5314 632
p 2 4 426 490 22153 937
p 2 0 369 551 5303 629
p 2 4 568 348 25624 1194
p 2 5 566 349 23532 1088
p 2 0 410 510 5689 686
p 2 0 349 571 5162 603
p 2 4 437 479 22236 934
p 2 0 357 563 5268 613
p 2 18 336 566 20230 916
p 2 0 289 631 5205 548
p 2 14 329 577 24183 958
p 2 0 269 651 5138 528
p 2 4 316 600 22037 815
p 2 0 275 645 5119 550
p 2 3 553 364 25468 1176
p 2 0 458 462 5772 748
p 2 2 455 463 23122 944
p 2 0 448 472 5599 699
p 2 4 401 515 22272 886
p 2 0 333 587 5188 606
p 2 16 314 590 24415 937
p 2 0 287 633 5175 546
p 2 15 294 611 24307 911
p 2 0 253 667 5116 500
p 2 4 344 572 23463 866
p 2 0 281 639 7372 576
p 2 4 574 342 28449 1233
p 2 0 464 456 8629 783
p 2 2 455 463 25932 969
p 2 3 405 512 9593 726
p 2 18 424 478 27872 1074
p 2 29 385 506 12499 939
p 2 64 374 482 31899 1401
p 2 6 731 183 25856 1453
i 2 920 0 0 37276 4362
p 2 257 661 2 39424 3602
p 2 148 771 1 37976 3072
p 2 21 882 17 57236 2356
p 2 85 805 30 45007 2449
p 2 1 757 162 12612 1322
p 2 9 620 291 27403 1307
p 2 1 612 307 3760 922
p 2 5 601 314 22749 1172
p 2 0 611 309 3842 882
p 2 6 468 446 23525 1023
p 2 1 478 441 3329 732
p 2 3 622 295 26137 1238
p 2 0 511 409 7641 786
p 2 3 498 419 27364 1055
p 2 0 483 437 8683 763
p 2 0 680 240 13509 1181
p 2 8 715 197 33751 1503
p 2 0 488 432 2246 752
p 2 13 551 356 28470 1259
p 2 0 459 461 1876 689
p 2 5 529 386 23919 1111
p 2 0 412 508 1894 650
p 2 7 437 476 25031 1026
p 2 0 352 568 1441 575
p 2 3 467 450 24074 1040
p 2 0 339 581 1308 553
p 2 3 384 533 23718 932
p 2 4 888 28 11864 1524
p 2 18 783 119 29484 1626
p 2 15 744 161 10715 1223
p 2 23 682 215 28930 1526
p 2 14 704 202 14632 1198
p 2 17 588 315 28922 1353
p 2 24 741 155 21254 1400
p 2 25 727 168 32137 1624
p 2 9 700 211 16545 1235
p 2 19 705 196 26017 1529
p 2 13 705 202 17846 1302
p 2 13 761 146 25230 1544
p 2 15 825 80 25303 1703
p 2 23 791 106 28478 1764
p 2 12 674 234 17457 1295
p 2 30 760 130 27807 1775
p 2 10 768 142 20888 1475
p 2 21 782 117 23000 1624
p 2 17 752 151 23521 1520
p 2 13 811 96 21966 1614
p 2 7 737 176 20125 1413
p 2 15 820 85 27182 1754
p 2 1 675 244 16797 1240
p 2 6 655 259 20836 1380
p 2 22 767 131 23638 1716
p 2 4 700 216 20701 1443
p 2 0 630 290 15979 1164
p 2 26 621 273 22156 1513
p 2 0 612 308 12567 1094
p 2 3 608 309 18915 1261
p 2 25 592 303 21239 1347
p 2 5 641 274 21690 1330
p 2 0 540 380 14046 1008
p 2 20 611 289 23601 1454
p 2 1 564 355 10481 1016
p 2 4 607 309 13516 1195
p 2 29 753 138 21348 1641
p 2 11 702 207 20943 1478
p 2 0 591 329 15353 1075
p 2 31 673 216 27103 1660
p 2 0 541 379 15354 1039
p 2 3 644 273 19758 1314
p 2 27 584 309 22982 1338
p 2 5 647 268 22099 1325
p 2 0 554 366 15692 1046
p 2 26 590 304 26215 1499
p 2 0 565 355 13180 1021
p 2 3 609 308 15199 1222
p 2 26 539 355 23078 1299
p 2 8 495 417 11034 1094
p 2 0 597 323 6528 1095
i 2 920 0 0 87489 4979
p 2 8 868 44 42012 1799
p 2 32 854 34 44211 1953
p 2 4 887 29 38453 1753
p 2 54 828 38 41154 1993
p 2 2 859 59 35831 1668
p 2 42 835 43 38789 1914
p 2 7 862 51 34236 1655
p 2 16 849 55 35746 1768
p 2 3 800 117 30929 1600
p 2 35 818 67 32482 1802
p 2 2 840 78 25697 1507
p 2 18 794 108 25424 1557
p 2 1 777 142 20754 1382
p 2 23 757 140 20258 1457
p 2 3 748 169 16452 1355
p 2 2 750 168 14834 1282
p 2 1 710 209 11904 1229
p 2 1 740 179 9665 1209
p 2 0 674 246 8653 1134
p 2 0 653 267 7638 1089
p 2 6 719 195 8283 1133
p 2 2 786 132 8801 1203
p 2 107 669 144 13264 1562
p 2 102 627 191 17349 1587
p 2 100 645 175 20325 1657
p 2 112 569 239 23575 1689
p 2 107 527 286 26239 1675
p 2 105 568 247 28923 1728
p 2 146 764 10 24268 2104
p 2 167 752 1 27719 2454
p 2 159 760 1 30448 2587
p 2 132 787 1 33145 2737
p 2 103 817 0 35437 2728
p 2 104 816 0 37229 2805
p 2 111 809 0 38903 2800
p 2 113 807 0 40984 2889
p 2 131 789 0 43444 2993
p 2 121 799 0 41040 2924
p 2 60 860 0 32873 2606
p 2 63 857 0 33476 2561
p 2 67 853 0 34188 2567
p 2 62 858 0 34851 2555
p 2 61 859 0 36016 2547
p 2 54 866 0 38553 2526
p 2 41 879 0 40206 2444
p 2 1 919 0 31186 1804
p 2 0 920 0 32636 1808
p 2 0 920 0 34436 1814
p 2 2 918 0 34687 1868
p 2 1 919 0 34919 1819
p 2 0 920 0 34813 1836
p 2 0 920 0 35044 1792
p 2 0 920 0 35142 1777
p 2 1 919 0 34448 1751
p 2 2 918 0 34866 1754
p 2 0 920 0 34565 1733
p 2 0 920 0 35321 1755
p 2 0 920 0 34816 1772
p 2 1 919 0 35276 1780
p 2 0 920 0 35000 1780
p 2 0 920 0 35545 1821
p 2 0 920 0 35389 1815
p 2 3 917 0 35625 1844
p 2 5 914 1 36044 1852
p 2 2 917 1 35813 1856
p 2 6 914 0 36543 1861
p 2 3 917 0 36110 1842
p 2 1 919 0 35543 1797
p 2 9 911 0 35904 1851
p 2 6 914 0 35073 1788
p 2 2 917 1 35827 1797
p 2 4 915 1 34720 1760
p 2 3 917 0 35170 1745
p 2 3 917 0 34368 1712
p 2 1 919 0 35214 1730
p 2 1 919 0 34771 1697
p 2 2 918 0 35239 1722
p 2 1 918 1 35285 1725
p 2 0 920 0 35071 1704
p 2 1 917 2 35824 1692
p 2 0 920 0 35175 1700
p 2 1 919 0 35599 1717
p 2 0 920 0 36432 1730
i 2 920 0 0 55390 5109
p 2 2 913 5 16654 1784
p 2 7 913 0 27849 1920
p 2 8 907 5 26170 1961
p 2 4 915 1 37129 1899
p 2 2 911 7 32393 1791
p 2 3 917 0 37276 1860
p 2 6 911 3 31242 1810
p 2 6 912 2 39892 1865
p 2 5 912 3 21536 1781
p 2 6 909 5 29350 1873
p 2 6 911 3 22250 1804
p 2 2 916 2 28927 1850
p 2 2 913 5 21988 1777
p 2 5 910 5 30092 1872
p 2 1 917 2 22855 1820
p 2 5 915 0 29569 1886
p 2 6 909 5 22317 1796
p 2 2 914 4 29541 1868
p 2 2 916 2 22976 1824
p 2 9 905 6 30698 1923
p 2 3 912 5 22484 1824
p 2 6 912 2 28917 1875
p 2 4 915 1 22833 1826
p 2 3 915 2 29400 1862
p 2 2 915 3 23457 1810
p 2 4 914 2 30262 1854
p 2 9 908 3 23316 1825
p 2 4 915 1 30159 1867
p 2 8 906 6 23708 1824
p 2 6 907 7 30314 1847
p 2 4 914 2 23415 1792
p 2 12 906 2 30561 1886
p 2 4 908 8 22452 1771
p 2 2 912 6 28687 1809
p 2 2 915 3 22390 1789
p 2 4 911 5 28949 1835
p 2 3 906 11 21578 1742
p 2 3 911 6 29351 1820
p 2 2 915 3 21887 1764
p 2 1 918 1 27680 1805
p 2 3 908 9 21211 1737
p 2 1 913 6 27207 1771
p 2 0 918 2 20914 1741
p 2 2 918 0 28891 1848
p 2 6 907 7 21956 1771
p 2 1 917 2 27862 1807
p 2 1 918 1 21582 1773
p 2 2 912 6 28287 1818
p 2 6 908 6 21800 1772
p 2 7 911 2 29288 1857
p 2 1 915 4 21516 1778
p 2 2 912 6 27953 1867
p 2 3 910 7 21410 1821
p 2 5 913 2 28165 1868
p 2 1 915 4 21281 1766
p 2 4 912 4 29093 1834
p 2 3 912 5 21934 1768
p 2 7 910 3 28684 1840
p 2 3 915 2 22153 1786
p 2 5 909 6 28329 1840
p 2 4 914 2 22279 1800
p 2 3 913 4 28795 1829
p 2 1 911 8 20977 1718
p 2 2 915 3 28027 1768
i 2 920 0 0 58921 4806
p 2 264 656 0 53785 3809
p 2 79 841 0 48241 2675
p 2 47 873 0 47768 2375
p 2 25 895 0 45608 2186
p 2 19 901 0 45511 2061
p 2 7 913 0 45561 1918
p 2 7 912 1 48020 1840
p 2 6 913 1 49497 1808
p 2 0 918 2 46149 1686
p 2 0 920 0 39029 1625
p 2 0 916 4 50664 1727
p 2 0 919 1 37623 1577
p 2 0 917 3 36302 1528
p 2 0 916 4 38575 1530
p 2 0 919 1 39033 1531
p 2 0 918 2 39325 1553
p 2 0 920 0 36360 1533
p 2 0 919 1 35033 1517
p 2 0 917 3 33555 1512
p 2 0 917 3 31001 1519
p 2 1 918 1 25531 1474
p 2 6 910 4 22823 1501
p 2 0 918 2 18846 1416
p 2 0 919 1 19419 1439
p 2 0 920 0 16868 1398
p 2 0 916 4 17528 1370
p 2 0 919 1 17097 1390
p 2 0 915 5 16626 1378
p 2 0 917 3 16895 1402
p 2 0 919 1 16543 1374
p 2 0 916 4 17102 1364
p 2 0 914 6 14226 1340
p 2 0 919 1 15761 1373
p 2 0 918 2 16876 1380
p 2 0 917 3 15750 1355
p 2 0 915 5 14911 1375
p 2 0 915 5 15808 1381
p 2 0 918 2 17265 1412
p 2 0 916 4 15305 1363
p 2 0 914 6 15249 1347
p 2 0 918 2 15610 1365
p 2 0 920 0 16278 1372
p 2 0 918 2 14294 1339
p 2 0 917 3 15269 1351
p 2 0 920 0 16780 1366
p 2 0 916 4 15552 1364
p 2 0 917 3 16559 1384
p 2 0 915 5 17970 1381
p 2 0 915 5 30477 1418
i 2 920 0 0 39387 4124
p 2 89 274 557 5916 948
p 2 290 616 14 43106 3331
p 2 106 574 240 12366 1521
p 2 258 648 14 47500 3237
p 2 110 697 113 16479 1845
p 2 234 681 5 48748 3157
p 2 113 768 39 30713 2407
p 2 521 396 3 53971 4088
p 2 65 761 94 19005 2135
p 2 331 576 13 48503 3676
p 2 80 794 46 24312 2417
p 2 359 553 8 51660 3814
p 2 98 775 47 26355 2437
p 2 314 602 4 54630 3859
p 2 97 752 71 27854 2551
p 2 285 631 4 59183 3800
p 2 91 752 77 27853 2437
p 2 296 623 1 59250 3822
p 2 59 781 80 21946 2216
p 2 120 796 4 54219 3190
p 2 39 799 82 20813 2071
p 2 68 848 4 49735 2891
p 2 58 807 55 20940 2189
p 2 61 855 4 51126 2838
p 2 36 818 66 19845 2064
i 2 920 0 0 52178 4709
p 2 22 812 86 18241 1897
p 2 490 430 0 50974 4461
p 2 79 838 3 31829 2717
p 2 399 521 0 50934 4099
p 2 139 780 1 37601 2987
p 2 391 529 0 56691 4104
p 2 234 686 0 44936 3214
p 2 401 519 0 66920 4161
p 2 207 713 0 55241 3328
p 2 298 622 0 73207 3918
p 2 184 736 0 54925 3221
p 2 168 752 0 64072 3316
p 2 111 808 1 45930 2911
p 2 138 782 0 61581 3197
p 2 78 841 1 43518 2737
p 2 174 746 0 64372 3364
p 2 112 804 4 47215 2930
p 2 84 833 3 45690 2833
p 2 95 825 0 61944 2986
p 2 65 854 1 43538 2725
p 2 53 866 1 41888 2592
p 2 48 872 0 56561 2671
p 2 41 879 0 41135 2483
p 2 36 883 1 38242 2413
p 2 43 877 0 53320 2597
p 2 37 883 0 34939 2262
p 2 34 885 1 33822 2267
i 2 920 0 0 39684 3722
p 2 12 469 439 3383 828
p 2 6 497 417 3970 804
p 2 19 340 561 4526 731
p 2 105 681 134 28293 2319
p 2 8 561 351 6017 1036
p 2 95 720 105 34778 2458
p 2 11 599 310 8306 1128
p 2 128 700 92 45735 2806
p 2 19 615 286 10940 1284
p 2 170 672 78 53418 3051
p 2 13 632 275 11776 1322
p 2 306 590 24 61943 3682
p 2 27 626 267 15389 1459
p 2 204 679 37 64412 3277
p 2 27 706 187 20225 1647
p 2 250 640 30 61880 3516
p 2 65 771 84 36237 2325
p 2 138 762 20 60707 3191
p 2 57 801 62 37614 2405
p 2 104 810 6 57843 2980
p 2 25 812 83 29271 2146
p 2 62 854 4 56196 2763
p 2 16 826 78 29885 2082
p 2 250 667 3 66861 3479
p 2 18 818 84 30925 1981
p 2 111 793 16 61250 2835
p 2 21 830 69 30273 2005
p 2 325 595 0 64466 3675
p 2 36 861 23 33601 2280
p 2 80 826 14 39575 2716
p 2 39 863 18 37771 2461
p 2 187 730 3 61063 3464
p 2 51 848 21 38322 2474
p 2 156 761 3 60347 3269
p 2 49 834 37 36943 2352
p 2 135 783 2 55656 3172
p 2 56 848 16 41107 2434
p 2 246 674 0 82405 3732
p 2 65 841 14 49603 2542
p 2 269 651 0 76730 3793
p 2 65 846 9 50407 2658
p 2 205 715 0 71243 3406
p 2 42 865 13 47685 2446
p 2 184 736 0 68870 3277
p 2 63 847 10 46871 2568
p 2 145 775 0 67683 3092
p 2 48 856 16 45948 2448
p 2 59 861 0 67362 2741
p 2 32 884 4 45559 2374
p 2 60 860 0 64612 2696
p 2 33 886 1 42095 2274
p 2 54 866 0 61446 2552
p 2 28 890 2 41813 2231
i 2 920 0 0 48869 4408
p 2 19 402 499 9892 1011
p 2 348 554 18 59900 3795
p 2 28 633 259 20588 1589
p 2 277 631 12 64029 3540
p 2 36 659 225 27990 1709
p 2 235 672 13 72429 3442
p 2 41 677 202 30297 1772
p 2 189 709 22 72871 3288
p 2 32 715 173 28355 1798
p 2 89 808 23 66379 2806
p 2 38 737 145 29179 1884
p 2 124 769 27 65568 3029
p 2 42 730 148 30022 1926
p 2 316 604 0 75228 3726
p 2 44 706 170 32265 1991
p 2 218 697 5 78673 3508
p 2 33 756 131 32181 2093
p 2 323 596 1 77799 3809
p 2 113 764 43 44861 2652
p 2 333 586 1 72695 3762
p 2 95 808 17 42264 2726
p 2 238 682 0 64774 3600
p 2 59 845 16 35079 2573
p 2 182 738 0 56152 3317
p 2 36 877 7 33703 2451
p 2 558 362 0 74631 4117
p 2 72 779 69 44225 2500
p 2 101 813 6 69808 3072
p 2 41 852 27 45750 2453
i 2 920 0 0 75979 4759
p 2 73 750 97 43700 2247
p 2 372 548 0 75296 3956
p 2 143 777 0 58211 3140
p 2 179 741 0 73629 3542
p 2 82 838 0 57575 2892
p 2 234 686 0 75068 3684
p 2 70 850 0 55340 2794
p 2 156 764 0 71250 3329
p 2 29 886 5 54223 2585
p 2 110 808 2 70410 3174
p 2 26 891 3 53325 2548
p 2 116 804 0 67708 3082
p 2 23 876 21 48585 2454
p 2 104 816 0 66202 3040
p 2 35 866 19 48385 2471
p 2 64 856 0 63970 2792
p 2 38 879 3 49629 2523
p 2 54 866 0 63496 2723
p 2 41 872 7 48568 2538
p 2 52 868 0 58704 2653
p 2 45 874 1 44615 2514
p 2 60 860 0 55848 2700
p 2 32 888 0 45661 2518
i 2 920 0 0 45636 4602
p 2 474 443 3 46819 4296
p 2 344 573 3 47317 4005
p 2 317 603 0 47045 3862
p 2 273 647 0 49227 3735
p 2 257 663 0 51219 3740
p 2 203 717 0 52792 3497
p 2 273 647 0 50875 3596
p 2 222 698 0 50296 3487
p 2 240 680 0 52127 3561
p 2 252 668 0 53414 3685
p 2 269 651 0 55703 3735
p 2 205 715 0 66961 3669
p 2 156 764 0 56430 3211
p 2 123 796 1 62185 3104
p 2 118 802 0 51448 2897
p 2 108 811 1 55436 2822
p 2 48 871 1 39818 2357
p 2 64 855 1 52069 2579
p 2 36 883 1 34719 2132
p 2 91 827 2 53515 2652
p 2 47 868 5 38559 2266
p 2 86 830 4 49052 2610
p 2 34 866 20 29996 2038
p 2 103 803 14 51447 2699
p 2 59 830 31 32333 2238
p 2 183 737 0 64114 3163
p 2 74 824 22 30914 2422
p 2 121 799 0 62219 3042
p 2 69 842 9 31617 2450
p 2 261 655 4 66752 3401
p 2 98 805 17 31172 2552
p 2 136 779 5 70307 3204
p 2 92 805 23 31392 2521
p 2 120 797 3 71579 3153
p 2 96 805 19 32491 2553
p 2 233 687 0 81405 3660
p 2 92 811 17 44387 2629
p 2 177 743 0 73178 3347
p 2 53 855 12 41810 2499
p 2 114 806 0 70152 3120
p 2 58 845 17 38941 2434
p 2 180 740 0 64010 3327
p 2 70 808 42 35893 2499
p 2 133 786 1 67874 3199
p 2 53 822 45 29674 2412
p 2 93 827 0 65144 3060
p 2 45 829 46 28164 2331
p 2 65 813 42 41096 2558
p 2 62 780 78 28604 2325
p 2 69 797 54 36975 2488
p 2 68 751 101 28845 2337
p 2 67 780 73 38621 2515
p 2 61 756 103 29073 2309
i 2 920 0 0 48009 4832
p 2 550 370 0 58394 4701
p 2 487 433 0 59957 4581
p 2 390 530 0 57036 4157
p 2 400 520 0 51008 3939
p 2 298 622 0 49022 3627
p 2 302 618 0 48657 3689
p 2 294 626 0 48421 3819
p 2 321 599 0 49108 3846
p 2 261 659 0 59357 3712
p 2 111 809 0 53010 3036
p 2 95 824 1 49606 2857
p 2 112 805 3 56772 3036
p 2 108 812 0 50323 2952
p 2 111 809 0 57794 3089
p 2 106 814 0 48807 2976
p 2 85 833 2 51776 2952
p 2 80 839 1 47146 2859
p 2 83 836 1 46758 2905
p 2 60 859 1 38008 2626
p 2 57 863 0 44952 2753
p 2 53 865 2 35766 2566
p 2 46 873 1 43964 2660
p 2 53 865 2 39550 2618
p 2 76 843 1 45447 2817
p 2 61 858 1 40922 2725
i 2 920 0 0 66146 5269
p 2 66 850 4 41547 2423
p 2 77 843 0 43350 2539
p 2 68 852 0 43367 2556
p 2 71 845 4 43774 2575
p 2 55 865 0 42505 2486
p 2 44 875 1 42182 2473
p 2 169 751 0 64585 3455
p 2 88 830 2 47450 2728
p 2 273 647 0 70596 3962
p 2 62 857 1 43753 2589
p 2 142 777 1 51669 3122
p 2 190 730 0 64351 3568
p 2 106 814 0 54173 2967
p 2 72 848 0 50273 2842
p 2 64 856 0 49217 2773
p 2 60 859 1 44418 2631
p 2 190 730 0 63086 3463
p 2 155 765 0 64387 3289
p 2 93 827 0 63097 3047
p 2 53 867 0 46887 2585
p 2 80 840 0 54174 2887
p 2 51 869 0 50809 2679
p 2 57 863 0 51516 2753
p 2 57 863 0 43531 2596
p 2 43 876 1 43057 2555
i 2 920 0 0 34597 4019
p 2 70 779 71 14536 2028
p 2 155 764 1 25016 2910
p 2 382 507 31 12862 3138
p 2 373 547 0 33870 3872
p 2 304 567 49 27532 3400
p 2 690 230 0 40394 4393
p 2 647 273 0 44441 4154
p 2 160 490 270 17165 1876
p 2 531 378 11 58832 4201
p 2 237 487 196 24359 2529
p 2 355 554 11 57985 3892
p 2 132 640 148 28939 2532
p 2 306 611 3 60306 3938
p 2 137 643 140 28448 2622
p 2 90 629 201 26769 2487
p 2 406 514 0 58151 4014
p 2 65 735 120 32674 2365
p 2 398 522 0 67987 4109
p 2 134 776 10 54556 3051
p 2 232 688 0 74707 3733
p 2 124 790 6 55259 2973
p 2 181 739 0 74443 3405
p 2 143 777 0 65860 3187
p 2 130 784 6 61394 3113
p 2 134 779 7 58257 3137
p 2 153 748 19 45167 2912
p 2 245 633 42 44678 3065
i 2 920 0 0 74412 4702
p 2 202 537 181 36519 2526
p 2 538 381 1 66958 4378
p 2 143 676 101 34747 2646
p 2 375 535 10 60943 3948
p 2 148 653 119 31978 2586
p 2 465 455 0 70957 4335
p 2 187 651 82 33607 2733
p 2 269 650 1 68961 3774
p 2 164 725 31 39308 2946
p 2 270 650 0 63805 3766
p 2 143 752 25 34994 2883
p 2 486 434 0 62879 4569
p 2 49 835 36 30691 2467
p 2 248 672 0 52978 3701
p 2 104 797 19 31983 2883
p 2 194 725 1 39615 3518
p 2 87 810 23 25686 2802
p 2 157 743 20 27930 3036
p 2 236 681 3 39522 3612
p 2 198 716 6 31607 3304
p 2 101 801 18 28189 2910
p 2 46 858 16 26273 2660
p 2 42 842 36 18938 2367
p 2 131 729 60 23993 2757
p 2 49 806 65 19746 2299
i 2 920 0 0 58178 4699
p 2 82 795 43 27955 2439
p 2 299 618 3 45802 3764
p 2 83 804 33 26408 2533
p 2 70 839 11 30112 2606
p 2 187 719 14 35400 3284
p 2 60 834 26 28238 2618
p 2 117 770 33 25951 2831
p 2 191 727 2 44488 3455
p 2 243 676 1 48934 3432
p 2 40 806 74 19862 2348
i 2 920 0 0 52201 4121
p 2 42 636 242 10256 1777
p 2 569 351 0 46232 4132
p 2 41 690 189 13107 1786
p 2 463 457 0 51667 3967
p 2 417 503 0 57459 3893
p 2 36 680 204 13817 1679
p 2 30 573 317 11206 1458
p 2 488 431 1 72042 4324
p 2 515 405 0 71981 4179
p 2 60 663 197 16133 1829
p 2 59 576 285 14079 1714
p 2 299 621 0 64862 3710
p 2 65 720 135 18712 2144
p 2 150 770 0 64204 3292
p 2 102 817 1 56557 3090
p 2 58 859 3 47548 2766
p 2 72 847 1 48579 2818
p 2 42 827 51 20666 2221
p 2 83 737 100 19705 2257
p 2 328 589 3 64961 3861
p 2 45 714 161 16253 1950
p 2 330 587 3 72221 3885
p 2 39 668 213 13450 1753
p 2 43 589 288 13587 1621
i 2 920 0 0 60021 4441
p 2 281 639 0 56332 3681
p 2 44 690 186 12862 1763
p 2 51 539 330 11349 1574
p 2 386 534 0 62618 4031
p 2 25 707 188 10472 1740
p 2 19 601 300 9014 1475
p 2 114 803 3 56805 3034
p 2 42 759 119 13567 1924
p 2 234 686 0 58694 3555
p 2 74 842 4 48224 2848
p 2 48 866 6 49216 2678
p 2 49 781 90 16109 2078
p 2 274 643 3 61595 3673
p 2 270 647 3 65480 3678
p 2 34 686 200 14183 1724
p 2 34 611 275 13952 1595
i 2 920 0 0 60026 4370
p 2 12 478 430 6792 917
i 2 920 0 0 64710 4468
p 2 15 364 541 7818 765
p 2 612 295 13 75091 4343
p 2 370 535 15 80561 3865
p 2 36 732 152 28562 1813
p 2 429 491 0 94961 4206
p 2 52 761 107 44895 2269
p 2 253 667 0 93966 3661
p 2 30 824 66 44595 2230
p 2 118 787 15 63628 2778
p 2 12 867 41 44003 2083
p 2 45 832 43 55990 2421
p 2 24 842 54 55140 2278
p 2 29 838 53 55610 2278
p 2 17 836 67 40317 1952
i 2 920 0 0 58358 4654
p 2 6 481 433 6101 858
p 2 526 391 3 46070 4305
p 2 94 797 29 31951 2687
p 2 72 829 19 34775 2607
p 2 474 439 7 43957 3938
p 2 60 693 167 30764 1998
p 2 244 667 9 44838 3571
p 2 67 790 63 33721 2449
p 2 149 752 19 36569 3134
p 2 64 808 48 31585 2603
p 2 448 462 10 37462 3609
p 2 42 789 89 17154 2148
i 2 920 0 0 30591 3582
p 2 292 616 12 22874 2966
p 2 3 768 149 4979 1308
i 2 920 0 0 34469 3704
i 2 920 0 0 51257 4441
p 2 506 413 1 70792 4374
p 2 24 647 249 20551 1549
p 2 163 740 17 56340 3077
p 2 4 779 137 16334 1461
p 2 203 708 9 59048 3197
p 2 1 730 189 11874 1239
p 2 3 612 305 11300 1036
p 2 1 623 296 11574 1046
i 2 920 0 0 87791 4518
p 2 20 891 9 29398 1978
p 2 147 773 0 59003 2886
p 2 135 782 3 45346 2668
p 2 135 785 0 69632 2903
p 2 90 808 22 42032 2429
p 2 167 749 4 79389 3033
p 2 43 826 51 32744 2118
p 2 178 742 0 82338 3165
p 2 33 818 69 23461 1940
p 2 294 626 0 93785 3595
p 2 20 828 72 17526 1800
p 2 415 505 0 83455 3903
p 2 15 786 119 11377 1721
p 2 486 434 0 79065 3959
p 2 46 750 124 10238 1774
p 2 319 600 1 70232 3534
p 2 18 651 251 4801 1172
p 2 248 660 12 76330 3305
p 2 25 620 275 7519 1282
p 2 384 534 2 78986 3848
p 2 25 609 286 11726 1213
p 2 367 541 12 82415 3687
p 2 31 596 293 11882 1186
p 2 320 590 10 101944 3664
p 2 8 584 328 7936 1016
p 2 310 602 8 115420 3726
p 2 46 585 289 10936 1207
p 2 169 734 17 106912 3156
p 2 21 698 201 13031 1304
p 2 145 771 4 113043 3076
p 2 22 713 185 13019 1318
p 2 151 765 4 110807 3071
p 2 29 714 177 13019 1297
p 2 94 824 2 104954 2712
p 2 21 749 150 13329 1307
p 2 83 832 5 109828 2624
p 2 11 746 163 10943 1233
p 2 181 738 1 123891 3280
p 2 19 697 204 14692 1227
p 2 158 761 1 124177 3206
p 2 30 730 160 19103 1326
p 2 151 768 1 123226 3211
p 2 26 749 145 16478 1393
p 2 77 838 5 110922 2714
p 2 25 780 115 16943 1412
p 2 77 840 3 106090 2702
p 2 33 776 111 16689 1470
p 2 391 529 0 132749 4158
p 2 22 610 288 18062 1194
p 2 396 524 0 142440 4174
p 2 31 628 261 19018 1302
p 2 461 459 0 140546 4377
p 2 46 617 257 20730 1463
p 2 445 475 0 141458 4346
p 2 46 642 232 22568 1508
p 2 419 501 0 144242 4274
p 2 45 621 254 23103 1423
p 2 472 448 0 135573 4444
p 2 123 607 190 27088 1943
p 2 451 469 0 135714 4423
p 2 115 595 210 28640 1850
p 2 464 456 0 131958 4431
p 2 72 576 272 28007 1492
p 2 463 456 1 127765 4414
p 2 113 606 201 29504 1839
p 2 424 496 0 121201 4210
p 2 114 623 183 28876 1930
i 2 920 0 0 118494 5651
p 2 121 379 420 29787 1680
p 2 524 396 0 130853 4666
p 2 97 560 263 28401 1722
p 2 465 455 0 130316 4417
p 2 100 593 227 32072 1894
p 2 521 399 0 121838 4581
p 2 169 616 135 41576 2384
p 2 477 443 0 126836 4515
p 2 156 600 164 37714 2158
p 2 474 446 0 141666 4449
p 2 95 593 232 27617 1666
p 2 443 477 0 133437 4303
p 2 74 598 248 20147 1598
p 2 467 453 0 113024 4419
p 2 110 610 200 30292 1920
i 2 920 0 0 107388 5447
p 2 192 440 288 42066 2292
p 2 412 508 0 113749 4207
p 2 146 611 163 39052 2282
p 2 407 513 0 106003 4208
p 2 218 612 90 66278 2899
p 2 384 536 0 110725 4155
p 2 268 594 58 66356 3092
p 2 580 340 0 97579 4773
p 2 336 502 82 55747 3362
p 2 492 428 0 95938 4663
p 2 290 581 49 60740 3427
p 2 529 391 0 89275 4654
p 2 151 602 167 43724 2522
p 2 391 529 0 91016 4303
p 2 215 583 122 46793 2772
p 2 455 465 0 86881 4494
p 2 218 592 110 54744 3088
p 2 417 503 0 84742 4450
p 2 231 571 118 41902 3058
p 2 389 531 0 77970 4346
p 2 241 575 104 46905 3188
p 2 530 390 0 50059 4057
i 2 920 0 0 25912 4064
p 2 405 515 0 25471 3858
p 2 298 622 0 15126 3461
p 2 419 501 0 117977 4335
i 2 920 0 0 42873 4250
i 2 920 0 0 45951 4298
p 2 537 383 0 143120 4983
p 2 545 375 0 83434 3877
p 2 467 453 0 145390 4669
p 2 165 755 0 147978 3205
p 2 167 753 0 150191 3356
p 2 114 806 0 147026 3113
p 2 149 771 0 147900 3302
p 2 121 799 0 147240 3093
p 2 158 762 0 149678 3347
p 2 125 794 1 147767 3187
p 2 176 744 0 148096 3513
p 2 139 781 0 153435 3250
p 2 178 742 0 151192 3556
p 2 160 760 0 146973 3380
p 2 169 751 0 145671 3521
p 2 159 761 0 145543 3443
p 2 176 744 0 143595 3590
p 2 196 724 0 140698 3569
p 2 213 707 0 142489 3711
p 2 195 725 0 142778 3551
p 2 230 690 0 141821 3804
p 2 218 702 0 136843 3666
p 2 242 678 0 136982 3892
p 2 234 686 0 137238 3827
i 2 920 0 0 71542 4920
p 2 0 886 34 9382 1447
p 2 0 890 30 12198 1470
p 2 1 883 36 23847 1670
p 2 0 902 18 15157 1530
p 2 1 911 8 16860 1587
p 2 0 908 12 24359 1656
p 2 1 897 22 17319 1560
p 2 1 905 14 18004 1559
p 2 1 915 4 25900 1746
p 2 0 912 8 17806 1559
p 2 1 897 22 18272 1559
p 2 1 906 13 25202 1667
p 2 0 911 9 17882 1574
p 2 0 911 9 18516 1553
p 2 1 893 26 26613 1716
p 2 1 913 6 18660 1579
p 2 2 911 7 19349 1591
p 2 0 915 5 27289 1693
p 2 0 904 16 19305 1562
p 2 1 909 10 19814 1560
p 2 2 912 6 31272 1823
p 2 0 917 3 19377 1585
p 2 1 908 11 20115 1586
p 2 6 907 7 30923 1811
p 2 0 915 5 20405 1609
p 2 0 915 5 20588 1611
p 2 1 899 20 31841 1819
p 2 0 914 6 20595 1594
p 2 0 913 7 21476 1623
p 2 1 914 5 31367 1807
p 2 2 903 15 21396 1631
p 2 0 909 11 21908 1599
p 2 1 913 6 30732 1803
p 2 0 914 6 22237 1620
p 2 0 904 16 22220 1591
p 2 0 915 5 31900 1782
p 2 0 915 5 22364 1600
p 2 0 916 4 22906 1616
p 2 3 908 9 32933 1827
p 2 0 913 7 23123 1622
p 2 0 911 9 23931 1603
p 2 4 915 1 35089 1873
p 2 1 907 12 23599 1657
p 2 0 914 6 24635 1660
p 2 7 909 4 34106 1904
p 2 1 916 3 24442 1689
p 2 2 911 7 25189 1681
p 2 6 909 5 36078 1950
p 2 3 916 1 25609 1732
p 2 4 913 3 26084 1745
p 2 1 916 3 35079 1916
p 2 3 914 3 25553 1723
p 2 1 914 5 26124 1726
p 2 6 909 5 36478 1946
p 2 1 917 2 25634 1730
p 2 0 918 2 26077 1730
p 2 8 909 3 34951 1964
p 2 1 916 3 26018 1794
p 2 3 912 5 26111 1786
p 2 8 909 3 39079 2074
p 2 1 917 2 24741 1723
p 2 1 916 3 25419 1680
p 2 8 906 6 39201 2060
p 2 2 915 3 24788 1696
p 2 0 919 1 25947 1707
p 2 6 911 3 39765 2049
p 2 0 918 2 25642 1681
p 2 0 917 3 26078 1671
p 2 0 916 4 37381 1949
p 2 0 918 2 25993 1669
p 2 0 918 2 26440 1641
p 2 1 918 1 37886 1958
p 2 0 917 3 26922 1684
p 2 0 917 3 26640 1680
p 2 1 915 4 37517 1928
p 2 0 918 2 28674 1689
p 2 0 919 1 29649 1686
p 2 7 911 2 42663 2019
p 2 0 920 0 30508 1700
p 2 0 919 1 30369 1705
p 2 6 911 3 43022 2063
p 2 0 918 2 27942 1709
p 2 1 918 1 26688 1724
p 2 1 916 3 36828 2005
p 2 1 916 3 21892 1674
p 2 1 916 3 22408 1674
p 2 3 915 2 37223 2016
p 2 0 917 3 20651 1665
p 2 0 916 4 21950 1685
p 2 4 916 0 35756 1967
p 2 0 918 2 20422 1682
p 2 2 918 0 20890 1668
p 2 2 917 1 38337 2049
p 2 2 916 2 19547 1689
p 2 0 916 4 20193 1654
p 2 6 912 2 35365 1984
p 2 1 917 2 19459 1664
p 2 2 917 1 19229 1666
p 2 13 903 4 41561 2236
p 2 0 918 2 18257 1655
p 2 1 916 3 18681 1659
p 2 9 910 1 40656 2262
p 2 0 919 1 18340 1672
p 2 3 915 2 18678 1686
p 2 6 911 3 40915 2215
p 2 2 913 5 18826 1693
p 2 1 915 4 19818 1673
p 2 3 909 8 37624 2098
p 2 0 915 5 20106 1680
p 2 1 913 6 21704 1705
p 2 4 915 1 37023 2092
p 2 0 915 5 21504 1732
p 2 1 913 6 22546 1726
p 2 2 916 2 36807 2053
p 2 0 915 5 22828 1761
p 2 2 917 1 23607 1773
p 2 5 913 2 39624 2187
p 2 8 909 3 25226 1839
p 2 1 916 3 24942 1769
p 2 6 913 1 40523 2197
p 2 3 913 4 23988 1779
p 2 4 915 1 24067 1760
p 2 5 910 5 38041 2075
p 2 3 909 8 22657 1728
p 2 3 910 7 24088 1721
p 2 5 912 3 37837 2056
p 2 0 915 5 23193 1717
p 2 0 914 6 24154 1705
p 2 10 905 5 44973 2166
p 2 0 912 8 25054 1715
p 2 1 914 5 26492 1713
p 2 4 912 4 43000 2133
p 2 4 910 6 25799 1742
p 2 3 908 9 26301 1741
p 2 5 911 4 38282 2071
p 2 4 910 6 24426 1751
p 2 5 911 4 24919 1751
p 2 26 893 1 45433 2359
p 2 1 916 3 23778 1736
p 2 1 915 4 23714 1725
p 2 14 898 8 44861 2268
p 2 0 911 9 22367 1687
p 2 4 911 5 22394 1696
p 2 18 898 4 44840 2325
p 2 1 907 12 20979 1672
p 2 2 908 10 21575 1675
p 2 5 908 7 38532 2107
p 2 1 915 4 21060 1710
p 2 1 911 8 22695 1733
p 2 4 913 3 37924 2118
p 2 2 911 7 23436 1796
p 2 6 908 6 24095 1787
p 2 11 903 6 37330 2106
p 2 12 903 5 23286 1822
p 2 2 905 13 24893 1766
p 2 11 904 5 40643 2210
p 2 6 900 14 24265 1799
p 2 11 901 8 25610 1836
p 2 26 889 5 39374 2260
p 2 35 877 8 27876 1996
p 2 61 847 12 30653 2132
p 2 119 797 4 39356 2590
p 2 144 766 10 33029 2497
p 2 208 706 6 37285 2789
i 2 920 0 0 52338 4631
p 2 61 837 22 13552 1991
p 2 9 891 20 12580 1781
p 2 1 871 48 11202 1559
p 2 0 868 52 11704 1559
p 2 1 869 50 11697 1573
p 2 2 878 40 12296 1603
p 2 1 866 53 11739 1573
p 2 2 863 55 12465 1562
p 2 0 859 61 12207 1570
p 2 1 864 55 12807 1580
p 2 3 852 65 12388 1563
p 2 5 861 54 12611 1601
p 2 1 870 49 12314 1602
p 2 2 878 40 12669 1631
p 2 0 877 43 11738 1563
p 2 0 847 73 11696 1521
p 2 0 872 48 11177 1515
p 2 0 854 66 11650 1500
p 2 0 869 51 11043 1485
p 2 0 847 73 11347 1464
p 2 0 862 58 10941 1483
p 2 0 858 62 10799 1459
i 2 920 0 0 79381 5141
p 2 7 551 362 11655 1299
p 2 1 551 368 11681 1284
p 2 1 525 394 11691 1246
p 2 0 525 395 11620 1260
p 2 1 519 400 11502 1259
p 2 0 871 49 38218 1846
p 2 0 885 35 40614 1856
p 2 2 883 35 44376 1924
p 2 1 830 89 13405 1649
p 2 2 670 248 12046 1435
p 2 267 646 7 69591 3355
p 2 38 836 46 33623 2113
p 2 44 837 39 35989 2199
p 2 37 852 31 35281 2304
p 2 39 867 14 33926 2381
p 2 22 889 9 32611 2336
p 2 39 878 3 31782 2422
p 2 21 893 6 30760 2324
p 2 19 892 9 30191 2256
p 2 14 900 6 29292 2238
p 2 14 899 7 28336 2187
p 2 5 897 18 28136 2114
p 2 6 889 25 27712 2076
p 2 9 889 22 27520 2065
p 2 8 886 26 26453 2063
p 2 12 884 24 25520 2062
p 2 7 886 27 24840 2039
p 2 6 885 29 24983 2076
i 2 920 0 0 63242 4820
p 2 8 687 225 15658 1630
p 2 0 688 232 11943 1464
p 2 20 890 10 43697 2157
p 2 0 844 76 12707 1627
p 2 1 740 179 12664 1498
p 2 25 890 5 44477 2198
p 2 0 855 65 12723 1652
p 2 0 744 176 12234 1487
p 2 29 883 8 45551 2198
p 2 0 850 70 13996 1627
p 2 0 720 200 12908 1478
p 2 33 881 6 46197 2229
p 2 1 846 73 13630 1608
p 2 0 810 110 13275 1552
p 2 0 708 212 12610 1456
p 2 0 715 205 12480 1441
p 2 0 715 205 12889 1451
p 2 3 913 4 45094 2180
p 2 0 852 68 13211 1634
p 2 0 711 209 11921 1445
p 2 3 911 6 42288 2149
p 2 1 849 70 12300 1627
p 2 0 707 213 11604 1445
p 2 12 903 5 51849 2383
p 2 0 858 62 12217 1647
p 2 0 767 153 11663 1485
p 2 251 668 1 71743 3592
p 2 1 784 135 11334 1523
p 2 0 645 275 10224 1317
p 2 27 889 4 51436 2310
p 2 0 852 68 11623 1599
p 2 0 723 197 10933 1416
p 2 14 902 4 50959 2307
p 2 0 861 59 11606 1594
p 2 0 763 157 10926 1466
p 2 19 896 5 50369 2323
p 2 1 859 60 11687 1605
p 2 0 739 181 10768 1445
p 2 19 894 7 48985 2320
p 2 0 873 47 12325 1644
p 2 0 746 174 11311 1452
p 2 0 762 158 11071 1450
p 2 0 745 175 11286 1430
p 2 10 738 172 16219 1515
p 2 0 705 215 11197 1393
p 2 0 685 235 10827 1363
p 2 0 680 240 11128 1381
i 2 920 0 0 43051 4476
p 2 0 414 506 818 633
p 2 0 416 504 6266 609
p 2 0 219 701 525 402
p 2 0 194 726 440 378
p 2 0 68 852 281 260
p 2 0 75 845 283 262
p 2 0 11 909 210 207
p 2 0 12 908 211 208
i 2 920 0 0 46119 4654
p 2 0 529 391 937 736
p 2 0 432 488 668 597
p 2 0 239 681 471 419
p 2 0 207 713 413 381
p 2 0 109 811 327 297
p 2 0 84 836 286 270
p 2 0 31 889 228 223
p 2 0 9 911 206 206
i 2 920 0 0 65967 4989
p 2 0 275 645 628 479
p 2 0 194 726 460 387
p 2 0 80 840 310 275
p 2 499 403 18 73424 4264
p 2 0 440 480 1647 690
p 2 229 626 65 83417 3417
p 2 0 529 391 2206 785
p 2 298 533 89 96053 3675
p 2 0 492 428 2302 760
p 2 0 229 691 833 433
i 2 920 0 0 93902 5376
p 2 0 158 762 428 348
p 2 0 94 826 314 285
p 2 495 425 0 109649 4666
p 2 0 491 429 2060 734
p 2 335 566 19 98014 3936
p 2 0 521 399 2223 772
p 2 25 634 261 37541 1488
p 2 0 453 467 1915 689
p 2 0 330 590 1040 517
p 2 8 468 444 31641 1126
p 2 0 423 497 1801 649
p 2 11 498 411 34589 1207
p 2 0 376 544 1761 610
p 2 0 168 752 652 360
p 2 0 73 847 370 265
p 2 0 46 874 307 241
i 2 920 0 0 62783 4754
p 2 17 405 498 7540 957
p 2 200 708 12 66161 3324
p 2 102 802 16 61921 2935
p 2 20 701 199 10351 1465
p 2 17 649 254 10967 1359
p 2 453 463 4 70869 4166
p 2 113 796 11 60900 2903
p 2 87 736 97 25070 2084
p 2 74 840 6 53159 2611
p 2 70 769 81 20994 2026
p 2 69 844 7 52156 2558
p 2 38 780 102 15675 1751
i 2 920 0 0 6211 2718
p 2 740 180 0 13434 3418
p 2 358 562 0 24419 3354
p 2 297 623 0 32123 3141
p 2 240 680 0 35944 2944
p 2 214 706 0 41565 2822
p 2 195 725 0 45787 2749
p 2 184 736 0 50713 2691
p 2 166 754 0 56292 2680
p 2 160 760 0 61365 2640
p 2 136 784 0 66574 2567
p 2 133 787 0 71527 2596
p 2 110 810 0 76324 2497
p 2 104 816 0 80507 2495
p 2 4 916 0 63182 1849
p 2 3 917 0 64938 1830
p 2 2 918 0 64733 1826
p 2 2 917 1 65193 1833
p 2 2 918 0 65728 1818
p 2 0 920 0 67699 1820
p 2 3 917 0 67171 1816
p 2 3 916 1 67801 1835
p 2 2 918 0 67644 1822
p 2 2 917 1 68471 1809
p 2 1 919 0 68432 1815
p 2 2 917 1 68690 1809
p 2 2 918 0 68738 1816
p 2 3 916 1 69583 1827
p 2 0 920 0 69392 1816
p 2 4 916 0 70677 1837
p 2 0 920 0 70712 1819
p 2 3 917 0 71203 1828
p 2 0 920 0 70658 1818
p 2 0 919 1 71247 1826
p 2 1 919 0 71200 1828
p 2 0 919 1 72345 1831
p 2 0 919 1 71994 1804
p 2 1 918 1 72243 1824
p 2 0 920 0 72094 1810
p 2 1 919 0 72072 1811
p 2 2 918 0 71868 1819
p 2 0 920 0 71860 1823
p 2 0 920 0 71407 1807
p 2 1 919 0 72241 1825
p 2 0 920 0 71556 1802
p 2 1 919 0 72053 1812
p 2 1 919 0 72387 1801
p 2 3 917 0 72274 1818
p 2 2 918 0 71841 1813
p 2 1 919 0 73747 1814
p 2 1 918 1 72499 1798
p 2 3 917 0 73160 1817
p 2 0 920 0 72658 1788
p 2 1 919 0 73118 1789
p 2 3 916 1 72199 1797
p 2 0 920 0 72961 1770
p 2 0 920 0 72605 1785
p 2 1 919 0 73293 1788
p 2 0 920 0 72852 1786
p 2 2 918 0 73673 1808
p 2 2 918 0 72451 1786
p 2 1 919 0 73129 1790
p 2 0 920 0 72940 1766
p 2 0 919 1 73457 1769
p 2 1 919 0 73284 1777
p 2 1 918 1 73602 1770
p 2 1 919 0 73152 1791
p 2 0 920 0 73935 1794
p 2 0 920 0 73301 1785
p 2 0 920 0 73492 1785
p 2 0 920 0 73473 1785
p 2 0 920 0 73348 1793
p 2 0 920 0 72858 1772
p 2 1 919 0 73871 1793
p 2 2 918 0 73009 1795
p 2 0 920 0 73054 1781
p 2 0 920 0 71920 1776
p 2 0 920 0 72023 1775
p 2 0 920 0 71773 1772
p 2 0 920 0 72842 1765
p 2 1 919 0 72268 1774
p 2 0 920 0 73026 1770
p 2 1 919 0 72641 1783
p 2 0 920 0 73056 1786
p 2 1 919 0 71734 1768
p 2 0 920 0 72247 1754
p 2 0 920 0 71658 1755
p 2 1 918 1 71955 1767
p 2 0 920 0 71381 1762
p 2 1 919 0 71023 1778
p 2 1 919 0 70199 1755
p 2 1 918 1 70769 1747
p 2 1 919 0 69858 1752
p 2 1 919 0 70071 1746
p 2 1 919 0 69500 1740
p 2 1 919 0 69644 1745
p 2 0 920 0 69124 1729
p 2 1 919 0 70462 1753
p 2 1 919 0 69143 1740
p 2 1 919 0 69894 1749
p 2 2 918 0 68996 1762
p 2 3 917 0 69321 1765
p 2 0 920 0 68983 1752
p 2 0 920 0 69561 1748
p 2 0 919 1 69164 1729
p 2 0 920 0 69192 1740
p 2 0 920 0 69180 1731
p 2 0 920 0 69757 1736
p 2 0 920 0 69149 1740
p 2 1 919 0 69371 1740
p 2 1 919 0 68715 1742
p 2 0 920 0 69026 1737
p 2 0 920 0 67770 1731
p 2 2 918 0 67415 1731
p 2 2 918 0 66735 1740
p 2 0 920 0 66535 1734
p 2 0 920 0 65639 1723
p 2 0 919 1 65813 1722
p 2 1 919 0 65507 1729
p 2 0 920 0 66107 1723
p 2 0 920 0 65469 1713
p 2 0 920 0 66677 1736
p 2 1 919 0 64679 1725
p 2 0 920 0 65614 1720
p 2 0 919 1 64546 1716
p 2 1 919 0 64863 1720
p 2 0 920 0 64121 1714
p 2 0 919 1 64712 1707
p 2 0 920 0 64319 1710
p 2 0 918 2 64836 1712
p 2 0 920 0 64603 1729
p 2 0 920 0 65054 1716
p 2 1 919 0 64664 1733
p 2 0 920 0 64555 1709
p 2 0 920 0 63962 1720
p 2 0 920 0 64619 1717
p 2 0 920 0 63360 1703
p 2 0 920 0 63829 1712
p 2 0 920 0 62783 1701
p 2 0 920 0 63631 1712
p 2 0 920 0 62156 1700
p 2 0 920 0 62644 1710
p 2 0 920 0 61979 1703
p 2 0 920 0 63213 1702
p 2 0 920 0 61841 1693
p 2 212 708 0 53127 2229
i 2 920 0 0 58527 4221
p 2 38 750 132 22280 1565
p 2 0 678 242 9227 926
p 2 4 712 204 17448 1142
p 2 0 574 346 9124 841
p 2 135 683 102 25228 1820
p 2 109 660 151 25806 1933
p 2 0 559 361 6229 861
p 2 274 568 78 45475 2860
p 2 399 468 53 74202 3634
p 2 278 578 64 65646 3107
p 2 284 592 44 63240 3162
p 2 278 601 41 40124 2586
p 2 0 646 274 4596 934
p 2 119 736 65 24489 2024
p 2 79 716 125 13249 1766
p 2 57 715 148 5011 1421
p 2 303 534 83 55301 3038
p 2 238 492 190 66915 2704
p 2 50 565 305 20143 1390
p 2 36 457 427 19347 1153
p 2 36 639 245 18118 1309
p 2 0 508 412 2234 745
p 2 34 251 635 9594 747
p 2 0 369 551 1434 566
p 2 14 409 497 8174 794
p 2 13 219 688 5310 542
p 2 3 217 700 3795 481
p 2 2 215 703 3968 483
p 2 12 132 776 5541 478
p 2 3 203 714 5793 505
p 2 2 215 703 6981 544
p 2 33 261 626 10031 816
p 2 5 346 569 10288 766
p 2 4 301 615 11025 740
p 2 24 330 566 15014 948
p 2 16 391 513 15263 995
p 2 16 375 529 15972 968
p 2 2 468 450 14566 973
p 2 5 388 527 14647 885
p 2 97 389 434 20205 1455
p 2 104 445 371 22800 1668
p 2 12 549 359 17465 1261
p 2 3 508 409 16796 1128
p 2 5 535 380 15717 1136
p 2 7 548 365 15206 1110
p 2 11 432 477 15386 1018
p 2 0 535 385 13128 982
p 2 9 529 382 15054 1048
p 2 26 508 386 18893 1233
p 2 4 448 468 16989 1034
p 2 4 457 459 16293 1098
p 2 0 517 403 13082 985
p 2 2 505 413 16130 1057
p 2 186 474 260 17836 1777
p 2 203 455 262 22246 1939
p 2 193 463 264 18639 1796
p 2 167 498 255 15725 1696
p 2 30 595 295 10189 1434
i 2 920 0 0 72232 5201
p 2 219 535 166 57397 2971
p 2 70 661 189 47740 2102
p 2 4 612 304 26942 1239
p 2 0 776 144 19504 1297
p 2 1 711 208 8627 1102
p 2 0 511 409 3259 754
p 2 20 272 628 7249 631
p 2 23 307 590 9341 710
p 2 28 368 524 10431 825
p 2 47 335 538 14204 918
p 2 50 351 519 13945 973
p 2 37 343 540 13441 905
p 2 37 195 688 13037 731
p 2 26 285 609 13010 749
p 2 24 320 576 12070 767
p 2 30 277 613 11372 761
p 2 30 315 575 11729 790
p 2 41 221 658 12035 751
p 2 24 288 608 12301 761
p 2 27 452 441 14590 936
p 2 23 326 571 14014 796
p 2 28 377 515 12303 853
p 2 31 386 503 12039 876
p 2 14 264 642 10819 651
p 2 8 266 646 9543 609
p 2 3 189 728 8842 519
p 2 13 196 711 7789 564
p 2 10 132 778 7060 477
p 2 8 135 777 6617 454
p 2 14 130 776 6415 480
p 2 9 66 845 5543 380
p 2 7 110 803 4805 400
p 2 3 138 779 4682 406
p 2 2 217 701 4552 473
p 2 3 480 437 13704 911
p 2 1 518 401 7324 853
p 2 1 539 380 9268 903
p 2 1 583 336 8347 930
p 2 0 409 511 8915 734
p 2 0 549 371 8317 878
p 2 0 603 317 9335 945
p 2 0 532 388 7910 856
p 2 0 546 374 7740 889
p 2 0 416 504 2431 679
p 2 0 709 211 5205 1028
p 2 0 520 400 2469 751
p 2 0 867 53 7073 1323
p 2 0 562 358 2630 814
p 2 0 430 490 1980 667
p 2 0 518 402 2426 771
p 2 0 414 506 1805 641
p 2 0 464 456 2089 700
p 2 0 540 380 2546 805
p 2 0 432 488 2155 684
p 2 0 183 737 1039 397
p 2 0 370 550 1813 604
p 2 0 387 533 1866 628
p 2 0 194 726 771 389
p 2 0 175 745 659 363
p 2 0 104 816 460 292
p 2 0 84 836 407 273
p 2 0 59 861 349 249
p 2 0 56 864 329 248
p 2 0 38 882 284 229
p 2 0 14 906 232 210
p 2 0 16 904 230 211
p 2 0 25 895 251 218
p 2 0 402 518 1434 597
p 2 0 436 484 1631 639
p 2 0 183 737 673 367
p 2 0 152 768 612 342
p 2 0 99 821 420 284
p 2 0 35 885 268 226
p 2 0 25 895 250 217
p 2 0 48 872 305 236
p 2 0 49 871 303 239
p 2 0 49 871 312 236
p 2 0 23 897 248 216
p 2 0 24 896 248 217
p 2 0 27 893 255 219
p 2 0 16 904 230 208
p 2 0 15 905 229 208
p 2 0 17 903 238 211
p 2 0 15 905 232 210
p 2 0 45 875 303 235
p 2 0 50 870 312 240
p 2 0 19 901 234 211
p 2 0 21 899 241 215
p 2 0 8 912 213 203
p 2 0 1 919 199 198
p 2 0 1 919 201 198
p 2 0 2 918 201 199
p 2 0 2 918 199 198
p 2 0 1 919 199 198
p 2 0 1 919 198 198
p 2 0 2 918 201 199
p 2 0 2 918 201 198
p 2 0 1 919 198 198
p 2 0 1 919 199 198
p 2 0 4 916 204 199
p 2 0 3 917 202 199
i 2 920 0 0 84902 4726
p 2 0 240 680 672 447
p 2 0 168 752 475 367
p 2 0 85 835 312 274
p 2 0 76 844 292 264
p 2 0 23 897 231 219
p 2 0 35 885 231 225
p 2 0 5 915 203 202
p 2 0 20 900 224 214
p 2 0 18 902 224 213
p 2 0 53 867 263 239
p 2 0 9 911 206 204
p 2 0 218 702 3780 477
p 2 0 229 691 5893 490
p 2 0 191 729 6496 456
p 2 0 261 659 7093 519
p 2 0 301 619 7465 553
p 2 0 272 648 7431 527
p 2 0 198 722 7424 465
p 2 0 273 647 7644 527
p 2 0 310 610 7822 561
p 2 0 299 621 8674 557
p 2 0 205 715 6980 465
p 2 0 175 745 6521 440
p 2 0 296 624 9062 554
p 2 0 339 581 1819 577
p 2 0 197 723 1022 398
p 2 0 95 825 457 285
p 2 0 87 833 462 277
p 2 0 80 840 411 272
p 2 0 77 843 421 265
p 2 0 29 891 266 222
p 2 0 53 867 318 242
p 2 0 56 864 323 244
p 2 0 85 835 459 277
p 2 0 40 880 300 231
p 2 0 37 883 289 230
p 2 0 35 885 298 228
p 2 0 43 877 320 237
p 2 0 21 899 250 215
p 2 0 27 893 265 223
p 2 0 21 899 268 218
p 2 0 29 891 280 224
p 2 0 11 909 223 207
p 2 0 24 896 273 220
p 2 0 18 902 238 212
p 2 0 21 899 248 215
p 2 0 15 905 240 210
p 2 0 89 831 450 283
p 2 0 66 854 361 257
p 2 0 41 879 315 236
p 2 0 37 883 293 232
p 2 0 43 877 316 237
p 2 0 50 870 367 241
p 2 0 22 898 254 216
p 2 0 9 911 215 205
p 2 0 14 906 235 210
p 2 0 12 908 222 206
p 2 0 20 900 239 213
p 2 0 13 907 220 208
p 2 0 5 915 206 200
p 2 0 12 908 221 208
p 2 0 9 911 220 204
p 2 0 8 912 215 203
p 2 0 12 908 221 207
p 2 0 9 911 214 204
p 2 0 19 901 249 216
p 2 0 17 903 245 211
p 2 0 7 913 213 203
p 2 0 2 918 201 199
p 2 0 0 920 197 197
p 2 0 1 919 198 198
p 2 0 33 887 269 223
p 2 0 23 897 247 217
p 2 0 16 904 242 212
p 2 0 26 894 255 221
p 2 0 39 881 307 232
p 2 0 46 874 311 238
p 2 0 22 898 247 215
p 2 0 10 910 218 205
p 2 0 17 903 233 210
p 2 0 9 911 215 204
p 2 0 11 909 213 206
p 2 0 12 908 218 208
p 2 0 6 914 204 202
p 2 0 4 916 204 201
p 2 0 8 912 214 204
p 2 0 7 913 215 203
p 2 0 7 913 210 202
p 2 0 2 918 199 199
p 2 0 2 918 201 199
p 2 0 6 914 211 203
p 2 0 4 916 205 201
p 2 0 3 917 204 201
p 2 0 4 916 204 201
p 2 0 8 912 209 204
p 2 0 21 899 240 213
p 2 0 22 898 245 216
p 2 0 11 909 223 205
p 2 0 10 910 218 205
p 2 0 6 914 208 204
p 2 0 10 910 220 205
p 2 0 3 917 202 199
p 2 0 2 918 201 199
p 2 0 0 920 197 197
p 2 0 3 917 204 200
p 2 0 1 919 199 198
p 2 0 1 919 199 198
p 2 0 2 918 200 199
p 2 0 0 920 197 197
p 2 0 2 918 200 200
p 2 0 1 919 199 199
p 2 0 0 920 197 197
p 2 0 0 920 197 197
p 2 0 0 920 197 197
p 2 0 1 919 198 198
p 2 0 1 919 198 198
p 2 0 0 920 197 197
p 2 0 0 920 197 197
p 2 0 0 920 197 197
i 2 920 0 0 26738 3320
p 2 0 226 694 471 402
p 2 0 183 737 413 367
p 2 3 288 629 6821 582
p 2 0 184 736 488 368
p 2 0 83 837 298 265
p 2 1 254 665 7398 552
p 2 0 129 791 469 320
p 2 0 54 866 284 246
p 2 1 256 663 8020 567
p 2 0 100 820 469 302
p 2 0 43 877 288 237
p 2 4 434 482 13366 881
p 2 0 208 712 846 419
p 2 0 221 699 6286 525
p 2 7 379 534 12821 794
p 2 0 207 713 823 415
p 2 0 84 836 404 276
p 2 2 437 481 11655 795
p 2 0 229 691 955 434
p 2 0 261 659 6320 550
p 2 1 420 499 11316 754
p 2 0 222 698 806 414
p 2 0 141 779 418 314
p 2 7 430 483 12710 840
p 2 0 207 713 798 407
p 2 0 250 670 6266 531
p 2 7 387 526 12375 789
p 2 0 181 739 800 389
p 2 0 102 818 415 290
p 2 7 413 500 13431 856
p 2 0 214 706 793 407
p 2 0 210 710 6288 503
p 2 2 412 506 11404 742
p 2 0 229 691 852 423
p 2 0 119 801 431 299
p 2 0 445 475 12064 793
p 2 0 188 732 821 401
p 2 0 235 685 6089 518
p 2 3 413 504 12482 775
p 2 0 199 721 832 406
p 2 0 106 814 383 284
p 2 7 427 486 12751 839
p 2 0 174 746 842 391
p 2 0 225 695 6267 519
p 2 7 385 528 12823 798
p 2 0 185 735 846 396
i 2 920 0 0 59358 4061
p 2 0 130 790 392 315
p 2 0 69 851 849 263
p 2 0 27 893 238 218
p 2 0 29 891 747 224
p 2 0 13 907 223 208
p 2 0 16 904 892 217
p 2 0 16 904 233 210
p 2 1 11 908 857 217
p 2 0 8 912 226 204
p 2 0 10 910 642 211
p 2 0 13 907 220 207
p 2 0 14 906 699 211
p 2 0 12 908 224 207
p 2 0 17 903 774 216
p 2 0 10 910 230 206
p 2 0 17 903 737 213
p 2 0 9 911 223 206
p 2 0 11 909 869 214
p 2 0 9 911 220 205
p 2 1 16 903 869 218
p 2 0 10 910 217 205
p 2 0 11 909 644 212
p 2 0 5 915 210 201
p 2 0 12 908 696 209
p 2 0 10 910 221 205
p 2 0 15 905 769 214
p 2 0 8 912 213 204
p 2 0 15 905 735 213
p 2 0 6 914 211 201
p 2 0 17 903 890 218
p 2 0 10 910 222 205
p 2 1 15 904 868 218
p 2 0 5 915 214 201
p 2 0 10 910 631 211
p 2 0 7 913 211 203
p 2 0 11 909 701 210
p 2 0 7 913 220 204
p 2 0 3 917 205 200
p 2 0 53 867 3876 274
p 2 0 39 881 346 234
p 2 0 24 896 252 215
p 2 0 33 887 2384 245
p 2 0 21 899 262 216
p 2 0 11 909 224 205
p 2 0 31 889 2391 245
p 2 0 18 902 272 215
p 2 0 11 909 231 208
p 2 0 26 894 2145 236
p 2 0 21 899 281 217
p 2 0 11 909 227 206
p 2 0 26 894 2198 238
p 2 0 18 902 279 216
p 2 0 9 911 228 205
p 2 0 4 916 206 201
p 2 0 2 918 200 199
p 2 0 2 918 200 199
p 2 0 2 918 202 199
p 2 0 1 919 198 198
p 2 0 1 919 199 198
p 2 0 0 920 197 197
p 2 0 1 919 200 198
p 2 0 0 920 197 197
p 2 0 0 920 197 197
p 2 0 0 920 197 197
i 2 920 0 0 54044 4540
p 2 0 179 741 447 361
p 2 90 204 626 14312 1049
p 2 0 117 803 470 314
p 2 49 179 692 11697 792
p 2 0 87 833 421 292
p 2 43 117 760 11626 718
p 2 0 73 847 413 276
p 2 68 48 804 7528 714
p 2 0 37 883 296 240
p 2 14 49 857 1410 338
p 2 0 38 882 283 236
p 2 16 30 874 1821 330
p 2 0 24 896 232 218
p 2 0 15 905 225 210
p 2 0 7 913 206 203
i 2 920 0 0 51648 4465
p 2 0 193 727 433 364
p 2 425 391 104 46392 3413
p 2 0 396 524 1160 593
p 2 273 558 89 41818 2977
p 2 0 428 492 1314 666
i 2 920 0 0 28106 3662
p 2 0 302 618 591 471
p 2 247 435 238 11737 1966
p 2 0 379 541 875 616
p 2 0 429 491 644 547
p 2 0 277 643 480 418
p 2 0 263 657 459 410
p 2 0 91 829 288 267
p 2 74 278 568 6941 896
p 2 0 225 695 497 388
p 2 43 308 569 7086 801
p 2 0 148 772 434 325
p 2 37 242 641 7516 749
p 2 0 147 773 477 326
p 2 60 217 643 6430 755
p 2 0 179 741 442 345
p 2 0 187 733 382 339
p 2 33 116 771 1555 460
p 2 0 129 791 334 304
i 2 920 0 0 33835 3744
p 2 0 418 502 666 554
p 2 11 404 505 11057 699
p 2 0 251 669 560 405
p 2 6 235 679 10024 539
p 2 0 197 723 521 367
p 2 3 194 723 10838 488
p 2 0 107 813 470 297
p 2 6 154 760 10718 479
p 2 0 102 818 464 292
p 2 19 126 775 10638 516
p 2 0 67 853 385 262
p 2 12 114 794 10762 473
p 2 0 89 831 423 278
p 2 9 116 795 10682 476
p 2 0 64 856 402 264
p 2 13 134 773 11061 524
p 2 0 88 832 439 283
p 2 13 143 764 11653 525
p 2 0 66 854 452 272
p 2 11 132 777 12715 508
p 2 0 83 837 487 283
p 2 23 139 758 14051 600
p 2 0 97 823 511 293
p 2 13 160 747 14700 568
p 2 0 107 813 523 303
p 2 7 145 768 15275 535
p 2 0 112 808 577 316
p 2 10 157 753 16192 594
p 2 0 133 787 591 332
p 2 11 182 727 16880 625
p 2 0 145 775 670 340
p 2 4 189 727 16923 608
p 2 0 132 788 675 340
p 2 11 170 739 17230 608
p 2 0 120 800 617 325
p 2 7 177 736 19546 632
p 2 0 128 792 692 332
p 2 12 179 729 21765 700
p 2 0 151 769 723 358
p 2 9 187 724 22048 665
p 2 0 153 767 807 355
p 2 11 184 725 20911 656
p 2 0 142 778 739 344
p 2 13 189 718 23750 719
p 2 0 161 759 820 366
p 2 13 193 714 22611 730
p 2 0 160 760 802 361
p 2 11 211 698 23601 756
p 2 0 165 755 863 375
p 2 23 203 694 25905 858
p 2 0 183 737 795 382
p 2 19 219 682 24920 836
p 2 0 177 743 779 377
p 2 25 221 674 24485 907
p 2 0 193 727 784 387
p 2 22 248 650 24403 893
p 2 0 196 724 798 396
p 2 79 221 620 26332 1173
p 2 0 192 728 695 388
p 2 77 240 603 26821 1209
p 2 0 216 704 733 405
p 2 63 278 579 26941 1224
p 2 0 226 694 822 429
p 2 80 296 544 24071 1352
p 2 0 254 666 796 448
p 2 90 335 495 23689 1460
p 2 0 272 648 806 481
p 2 80 375 465 27363 1489
p 2 0 269 651 852 479
p 2 91 385 444 27125 1559
p 2 0 283 637 949 502
p 2 110 433 377 29550 1749
p 2 0 318 602 1089 541
p 2 176 489 255 34353 2208
p 2 0 266 654 993 527
p 2 179 597 144 27446 2213
p 2 0 359 561 996 587
p 2 109 653 158 21810 1800
p 2 0 237 683 792 477
p 2 96 732 92 18585 1761
p 2 0 344 576 3170 587
i 2 920 0 0 10715 3047
p 2 0 296 624 1675 438
i 2 920 0 0 9887 3069
p 2 0 494 426 2066 630
i 2 920 0 0 7931 3060
p 2 0 551 369 1419 632
p 2 730 181 9 2875 2854
p 2 0 168 752 307 307
p 2 0 103 817 262 262
p 2 0 74 846 244 244
p 2 0 50 870 229 229
p 2 0 49 871 228 228
p 2 0 1 919 198 198
i 2 920 0 0 12859 2617
p 2 0 920 0 6647 1443
p 2 0 920 0 4582 1294
p 2 0 918 2 3867 1225
p 2 0 920 0 3623 1238
p 2 0 920 0 3150 1168
p 2 0 919 1 3222 1178
p 2 0 920 0 3288 1169
p 2 0 920 0 3362 1183
p 2 0 920 0 3260 1137
p 2 0 918 2 3330 1181
p 2 0 920 0 3103 1130
p 2 0 920 0 3371 1172
p 2 14 906 0 4395 1249
p 2 13 907 0 6237 1295
p 2 21 899 0 10616 1374
p 2 57 863 0 15811 1567
p 2 38 882 0 17811 1592
p 2 42 876 2 25504 1696
p 2 31 889 0 18902 1661
p 2 24 896 0 18557 1628
p 2 29 890 1 31846 1791
p 2 10 906 4 18844 1638
p 2 2 918 0 16288 1609
p 2 19 896 5 34869 1889
p 2 17 903 0 9852 1595
p 2 1 919 0 12944 1559
p 2 21 898 1 35717 1876
p 2 1 919 0 12380 1545
p 2 1 917 2 11588 1450
p 2 10 910 0 33459 1751
p 2 0 880 40 6972 1307
p 2 2 805 113 6750 1198
p 2 17 902 1 31494 1645
p 2 1 882 37 5999 1239
p 2 1 806 113 5115 1139
p 2 14 904 2 34934 1677
p 2 0 879 41 5458 1249
p 2 3 798 119 5180 1146
p 2 8 911 1 32218 1640
p 2 8 872 40 6757 1298
p 2 6 802 112 6453 1179
p 2 19 897 4 31498 1688
p 2 10 865 45 6022 1262
p 2 6 817 97 6329 1206
p 2 30 890 0 30807 1749
p 2 2 868 50 5823 1313
p 2 9 792 119 5056 1193
p 2 22 895 3 32451 1763
p 2 6 873 41 5562 1339
p 2 2 799 119 4590 1160
p 2 26 890 4 32379 1734
p 2 6 861 53 5102 1222
p 2 4 816 100 5058 1160
p 2 17 902 1 32880 1687
p 2 2 875 43 4608 1253
p 2 5 814 101 4070 1169
p 2 15 905 0 30299 1617
p 2 0 871 49 3868 1175
p 2 0 788 132 3331 1099
p 2 13 906 1 33864 1638
p 2 0 876 44 3794 1195
p 2 0 811 109 3276 1092
p 2 8 911 1 30841 1615
p 2 0 884 36 3925 1187
p 2 0 823 97 3066 1114
p 2 16 903 1 29693 1652
p 2 0 873 47 3463 1176
p 2 0 794 126 2924 1080
p 2 22 898 0 29839 1653
p 2 0 872 48 3594 1181
p 2 0 802 118 3046 1083
p 2 15 904 1 31411 1652
p 2 0 878 42 3823 1205
p 2 0 805 115 3255 1101
p 2 22 897 1 31978 1694
p 2 0 879 41 4061 1221
i 2 920 0 0 29194 3793
p 2 0 447 473 690 591
p 2 0 404 516 550 532
p 2 5 352 563 11220 700
p 2 0 304 616 734 469
p 2 0 113 807 361 294
p 2 8 254 658 12577 644
p 2 0 152 768 635 351
p 2 0 82 838 321 266
p 2 7 161 752 12256 553
p 2 0 132 788 610 327
p 2 0 57 863 301 243
p 2 3 171 746 10858 527
p 2 0 142 778 698 344
p 2 0 74 846 369 268
p 2 4 161 755 10909 530
p 2 0 106 814 597 310
p 2 0 60 860 339 252
p 2 10 150 760 10222 558
p 2 0 119 801 577 322
p 2 0 43 877 273 236
p 2 4 157 759 11005 532
p 2 0 116 804 587 315
p 2 0 47 873 295 237
p 2 11 208 701 16457 662
p 2 0 144 776 668 339
p 2 0 64 856 325 250
p 2 43 196 681 22628 892
p 2 0 154 766 747 356
p 2 0 68 852 344 257
p 2 58 239 623 27932 1075
p 2 0 175 745 866 380
p 2 0 85 835 385 273
p 2 84 263 573 34069 1303
p 2 0 220 700 957 427
p 2 0 115 805 468 301
p 2 95 315 510 35397 1459
p 2 0 239 681 962 451
p 2 0 115 805 397 299
p 2 97 326 497 37976 1519
p 2 0 272 648 1080 479
p 2 0 128 792 479 317
p 2 116 341 463 41453 1646
p 2 0 280 640 1176 490
p 2 0 171 749 495 350
p 2 116 345 459 39997 1634
p 2 0 291 629 1139 500
p 2 0 184 736 571 364
p 2 100 338 482 36878 1526
p 2 0 266 654 1041 474
p 2 0 128 792 422 309
p 2 103 289 528 36223 1497
p 2 0 241 679 954 446
p 2 0 142 778 563 336
p 2 127 235 558 31445 1502
p 2 0 205 715 752 404
p 2 0 121 799 376 303
p 2 92 237 591 32250 1318
p 2 0 206 714 819 407
p 2 0 113 807 387 299
p 2 87 218 615 33518 1286
p 2 0 193 727 832 396
p 2 0 127 793 407 310
p 2 97 214 609 36708 1345
p 2 0 193 727 825 396
p 2 0 89 831 383 276
p 2 95 238 587 37403 1409
p 2 0 208 712 918 417
p 2 0 96 824 393 284
p 2 39 312 569 35851 1171
p 2 0 265 655 1161 483
p 2 16 261 643 24827 844
p 2 18 380 522 33358 1131
p 2 0 301 619 1217 511
p 2 23 305 592 25579 952
p 2 2 333 585 10945 707
p 2 0 296 624 12662 643
p 2 0 203 717 750 401
p 2 7 319 594 22568 819
p 2 0 244 676 1019 449
p 2 1 222 697 10982 536
p 2 3 277 640 12031 664
p 2 0 233 687 889 419
p 2 0 135 785 509 321
p 2 4 248 668 11461 615
p 2 0 180 740 732 376
p 2 0 164 756 527 342
p 2 4 262 654 11496 639
p 2 0 166 754 602 355
p 2 0 77 843 327 263
p 2 7 197 716 10867 594
p 2 0 163 757 639 350
p 2 0 108 812 427 294
p 2 1 224 695 11034 571
p 2 0 161 759 666 356
p 2 0 84 836 351 269
p 2 12 170 738 13025 611
p 2 0 124 796 614 321
p 2 0 69 851 306 256
p 2 5 170 745 12321 560
p 2 0 149 771 687 354
p 2 0 70 850 326 256
p 2 12 158 750 11514 571
p 2 0 126 794 566 324
p 2 0 70 850 319 257
p 2 5 167 748 11795 529
p 2 0 123 797 595 321
p 2 0 54 866 296 244
p 2 6 186 728 10769 553
p 2 0 156 764 604 355
p 2 0 83 837 337 270
p 2 11 175 734 11873 579
p 2 0 117 803 552 314
i 2 920 0 0 48254 4217
p 2 23 376 521 8146 967
p 2 243 661 16 52782 3002
p 2 40 608 272 10286 1396
p 2 216 695 9 57177 3038
p 2 12 731 177 10275 1436
p 2 234 671 15 46159 2840
p 2 3 765 152 8750 1428
p 2 298 618 4 53627 3193
p 2 0 622 298 7017 1132
p 2 404 514 2 60686 3533
p 2 0 517 403 4127 881
p 2 188 723 9 72464 3143
p 2 0 565 355 4238 968
p 2 167 738 15 73978 3053
p 2 0 637 283 4688 1048
p 2 219 695 6 71534 3213
p 2 0 578 342 4955 957
p 2 212 694 14 78096 3313
p 2 0 519 401 1955 784
p 2 0 237 683 702 430
p 2 119 577 224 46176 2139
p 2 0 430 490 1625 690
p 2 0 285 635 1034 501
p 2 117 551 252 45239 2081
p 2 0 406 514 1591 649
p 2 0 169 751 552 351
p 2 140 491 289 42569 2146
p 2 0 367 553 1463 592
i 2 920 0 0 40736 4086
p 2 0 371 549 670 530
p 2 8 468 444 14240 841
p 2 0 274 646 829 460
p 2 6 320 594 13131 680
p 2 0 185 735 650 373
p 2 4 198 718 12581 556
p 2 0 142 778 672 341
p 2 0 114 806 434 295
p 2 0 193 727 10348 493
p 2 0 123 797 646 320
p 2 0 47 873 305 238
p 2 0 161 759 10577 463
p 2 0 113 807 686 318
p 2 0 57 863 434 247
p 2 0 85 835 388 271
p 2 0 34 886 248 222
p 2 0 21 899 300 213
p 2 0 36 884 262 226
p 2 0 18 902 326 212
p 2 0 13 907 222 208
p 2 0 19 901 224 211
p 2 0 14 906 228 209
p 2 0 7 913 213 204
p 2 0 1 919 198 198
p 2 0 5 915 206 201
p 2 0 3 917 203 199
p 2 0 3 917 200 200
p 2 0 1 919 198 198
p 2 0 3 917 204 199
i 2 920 0 0 30822 3959
p 2 0 410 510 720 570
p 2 433 340 147 11841 2738
p 2 0 435 485 792 600
i 2 920 0 0 13743 3602
p 2 0 433 487 643 554
p 2 288 596 36 15151 2922
p 2 0 624 296 1065 828
p 2 121 741 58 13446 2402
p 2 0 600 320 1125 838
p 2 102 768 50 12152 2303
i 2 920 0 0 28780 3754
p 2 0 476 444 722 617
p 2 0 454 466 593 578
p 2 2 226 692 6266 444
p 2 6 231 683 3335 455
p 2 0 84 836 326 268
p 2 27 249 644 22136 821
p 2 0 172 748 765 367
p 2 50 142 728 15720 738
p 2 2 240 678 13900 602
p 2 78 212 630 22180 1042
p 2 0 142 778 634 335
p 2 103 271 546 40196 1487
p 2 0 230 690 1057 444
p 2 0 75 845 387 267
p 2 64 313 543 37662 1320
p 2 0 243 677 1067 448
p 2 0 103 817 457 292
p 2 64 300 556 35864 1287
p 2 0 242 678 1060 447
p 2 0 136 784 499 320
p 2 54 283 583 30303 1131
p 2 0 203 717 856 407
p 2 0 137 783 546 324
p 2 62 287 571 29478 1194
p 2 0 195 725 794 400
p 2 12 219 689 14138 615
p 2 0 173 747 702 364
p 2 1 244 675 13402 580
p 2 0 172 748 1433 381
p 2 2 168 750 12937 502
p 2 0 165 755 773 361
p 2 0 112 808 453 299
p 2 0 93 827 424 282
p 2 0 43 877 470 235
p 2 0 24 896 253 217
p 2 0 29 891 458 223
p 2 0 24 896 246 214
p 2 0 48 872 303 240
p 2 0 15 905 286 211
p 2 0 12 908 223 206
p 2 0 23 897 249 215
p 2 0 19 901 299 214
p 2 0 13 907 223 206
p 2 0 5 915 208 201
p 2 0 12 908 279 207
p 2 0 28 892 271 219
p 2 0 41 879 287 231
p 2 0 7 913 293 204
p 2 0 30 890 258 223
p 2 0 8 912 213 204
p 2 0 14 906 296 208
p 2 0 31 889 272 227
p 2 0 19 901 231 212
p 2 0 26 894 282 215
p 2 0 8 912 215 204
p 2 0 4 916 204 200
p 2 0 6 914 264 201
p 2 0 9 911 223 204
p 2 0 10 910 219 205
p 2 0 4 916 287 201
p 2 0 1 919 200 198
p 2 0 1 919 200 198
p 2 0 3 917 279 199
p 2 0 2 918 204 199
p 2 0 6 914 210 201
p 2 0 4 916 255 201
p 2 0 5 915 206 201
p 2 0 2 918 199 199
p 2 0 2 918 250 199
p 2 0 5 915 207 201
p 2 0 0 920 197 197
p 2 0 5 915 259 201
p 2 0 6 914 209 202
p 2 0 2 918 201 199
p 2 0 2 918 255 199
p 2 0 3 917 205 199
p 2 0 3 917 202 200
p 2 0 6 914 281 201
p 2 0 2 918 204 199
p 2 0 0 920 197 197
p 2 0 2 918 253 199
p 2 0 1 919 201 198
p 2 0 2 918 201 198
p 2 0 2 918 252 198
p 2 0 0 920 197 197
p 2 0 0 920 197 197
p 2 0 0 920 197 197
p 2 2 136 782 13779 467
p 2 0 104 816 659 306
p 2 0 120 800 9559 395
p 2 0 99 821 561 294
p 2 0 126 794 9990 400
p 2 0 86 834 538 279
p 2 1 117 802 11529 413
p 2 0 95 825 594 292
p 2 0 145 775 14324 466
p 2 0 126 794 735 331
p 2 0 49 871 331 242
p 2 2 134 784 13313 452
p 2 0 113 807 673 310
p 2 0 47 873 316 240
p 2 0 119 801 9738 395
p 2 0 89 831 568 288
p 2 0 39 881 289 230
p 2 0 123 797 9996 398
p 2 0 94 826 548 290
p 2 0 37 883 284 228
p 2 0 26 894 502 221
p 2 0 16 904 236 210
p 2 0 6 914 212 203
p 2 0 12 908 477 208
p 2 0 20 900 263 216
p 2 0 19 901 243 212
p 2 0 16 904 474 211
p 2 0 10 910 221 204
p 2 0 20 900 244 213
p 2 0 8 912 455 206
p 2 0 7 913 210 202
p 2 0 4 916 205 200
p 2 0 8 912 455 205
p 2 0 13 907 226 206
p 2 0 1 919 200 198
p 2 0 7 913 437 204
p 2 0 10 910 212 205
p 2 0 5 915 207 201
p 2 0 9 911 438 206
p 2 0 5 915 216 201
p 2 0 5 915 209 201
p 2 0 47 873 3763 269
p 2 0 30 890 324 228
p 2 0 11 909 222 207
p 2 0 45 875 3654 265
p 2 0 32 888 323 228
p 2 0 42 878 507 235
p 2 0 49 871 4114 276
p 2 0 39 881 376 236
p 2 0 17 903 239 212
p 2 1 47 872 5454 296
p 2 0 36 884 361 237
p 2 0 22 898 264 218
p 2 0 12 908 228 208
p 2 0 9 911 224 207
p 2 0 10 910 231 207
p 2 5 41 874 4863 309
p 2 0 32 888 309 229
p 2 0 42 878 4770 282
p 2 0 36 884 345 235
p 2 3 60 857 4879 307
p 2 0 39 881 324 237
p 2 0 12 908 222 207
p 2 0 8 912 212 205
p 2 0 5 915 207 202
p 2 6 53 861 5497 335
p 2 0 35 885 325 234
p 2 0 23 897 244 217
p 2 6 48 866 5129 326
p 2 0 45 875 349 245
p 2 0 26 894 255 222
p 2 8 48 864 5238 327
p 2 0 38 882 328 233
p 2 0 25 895 240 218
p 2 3 44 873 5170 293
p 2 0 39 881 317 234
p 2 0 15 905 225 209
p 2 0 9 911 312 205
p 2 0 15 905 225 209
p 2 0 46 874 300 235
p 2 0 18 902 303 211
p 2 0 27 893 242 219
p 2 0 11 909 220 205
p 2 0 12 908 312 207
p 2 0 4 916 202 199
p 2 0 6 914 209 202
p 2 0 6 914 301 202
p 2 0 5 915 210 202
p 2 0 6 914 209 202
p 2 0 4 916 284 200
p 2 0 3 917 202 200
p 2 0 3 917 203 200
p 2 0 3 917 277 199
p 2 0 1 919 199 198
p 2 0 2 918 200 199
p 2 0 1 919 198 198
p 2 0 1 919 198 198
p 2 0 0 920 197 197
p 2 0 0 920 197 197
p 2 0 2 918 278 199
p 2 0 1 919 199 198
p 2 0 1 919 248 198
p 2 0 1 919 200 198
i 2 920 0 0 47509 4665
p 2 50 409 461 9562 1388
p 2 576 338 6 59570 4125
p 2 17 371 532 4727 818
p 2 409 478 33 66353 3728
p 2 6 463 451 4584 905
p 2 409 488 23 70495 3992
p 2 17 476 427 5176 1012
p 2 26 413 481 10959 1063
p 2 16 324 580 5189 833
p 2 61 314 545 11444 1127
p 2 31 283 606 4843 845
p 2 38 338 544 10609 1040
p 2 28 277 615 5764 862
p 2 14 308 598 10478 909
p 2 18 264 638 5478 781
p 2 37 305 578 11016 991
p 2 19 253 648 5352 780
p 2 63 257 600 12440 1121
p 2 29 242 649 5918 842
p 2 12 230 678 4517 698
p 2 56 264 600 11363 1095
p 2 40 238 642 5574 848
p 2 15 234 671 5379 707
p 2 37 294 589 11148 959
p 2 17 244 659 4845 715
p 2 9 220 691 4601 649
p 2 22 291 607 10247 909
p 2 32 226 662 4654 794
p 2 29 206 685 4443 757
p 2 33 269 618 10444 947
p 2 26 249 645 5711 829
p 2 10 229 681 5030 707
p 2 40 272 608 11395 997
p 2 18 252 650 5048 742
p 2 20 215 685 5232 729
p 2 58 243 619 12433 1090
p 2 29 219 672 5874 819
p 2 13 216 691 4601 701
p 2 39 261 620 10741 1002
p 2 40 216 664 5613 824
p 2 15 212 693 5144 684
p 2 14 285 621 10054 834
p 2 14 246 660 4692 705
p 2 9 221 690 4600 648
p 2 15 202 703 4734 688
p 2 33 181 706 4505 749
p 2 30 174 716 4419 728
p 2 33 176 711 4843 744
p 2 28 182 710 5336 772
p 2 10 193 717 5066 681
p 2 19 185 716 4996 695
p 2 18 184 718 5008 672
p 2 20 184 716 5008 705
p 2 37 168 715 5924 801
p 2 28 174 718 5562 771
p 2 13 187 720 4510 669
p 2 36 171 713 5245 794
p 2 40 165 715 5346 773
p 2 15 190 715 5043 659
p 2 10 193 717 4536 622
p 2 16 185 719 4507 651
p 2 11 189 720 4644 631
p 2 16 180 724 4579 675
p 2 30 169 721 4509 723
i 2 920 0 0 18933 3449
p 2 0 544 376 782 688
p 2 0 486 434 659 632
p 2 0 232 688 406 395
p 2 0 213 707 381 376
p 2 0 51 869 241 240
p 2 0 58 862 244 244
p 2 0 8 912 205 205
p 2 0 13 907 207 207
p 2 0 5 915 202 202
p 2 0 3 917 199 199
p 2 0 1 919 198 198
p 2 0 1 919 199 198
p 2 0 0 920 197 197
p 2 0 0 920 197 197
p 2 0 0 920 197 197
p 2 0 2 918 199 199
p 2 0 2 918 199 199
p 2 0 0 920 197 197
p 2 0 0 920 197 197
p 2 0 0 920 197 197
p 2 0 0 920 197 197
p 2 0 0 920 197 197
p 2 0 0 920 197 197
p 2 0 0 920 197 197
p 2 0 1 919 199 199
p 2 0 0 920 197 197
p 2 0 0 920 197 197
p 2 0 0 920 197 197
i 2 920 0 0 16587 2839
p 2 32 221 667 3916 618
p 2 47 260 613 6909 756
p 2 61 172 687 10351 816
p 2 73 193 654 12351 917
p 2 67 203 650 12728 960
p 2 54 201 665 12855 895
p 2 27 247 646 13008 868
p 2 10 256 654 10244 731
p 2 0 286 634 8448 688
p 2 1 270 649 6448 632
p 2 1 242 677 5725 554
p 2 0 173 747 650 361
p 2 0 73 847 333 260
p 2 0 97 823 394 282
p 2 0 53 867 284 241
p 2 0 35 885 265 227
p 2 0 19 901 236 214
p 2 0 27 893 267 220
p 2 0 14 906 228 210
p 2 0 23 897 236 215
p 2 0 17 903 236 210
p 2 12 24 884 2497 300
p 2 0 14 906 232 209
p 2 46 71 803 6262 555
p 2 0 43 877 299 236
p 2 0 30 890 267 226
p 2 24 94 802 7123 520
p 2 0 52 868 352 250
p 2 0 31 889 284 227
p 2 11 88 821 6122 444
p 2 0 74 846 456 276
p 2 0 52 868 318 241
p 2 4 84 832 6087 410
p 2 0 68 852 404 272
p 2 0 26 894 261 222
p 2 0 95 825 4805 357
p 2 0 71 849 406 266
p 2 0 35 885 262 228
p 2 0 85 835 4383 348
p 2 0 64 856 398 257
p 2 0 13 907 226 208
p 2 0 16 904 223 210
p 2 0 6 914 207 203
p 2 0 12 908 223 208
p 2 0 3 917 202 200
p 2 0 5 915 206 201
p 2 0 4 916 204 201
p 2 2 92 826 3552 369
p 2 0 64 856 363 258
p 2 0 26 894 253 220
p 2 1 84 835 3139 319
p 2 0 48 872 338 243
p 2 0 15 905 235 212
p 2 42 258 620 18136 1000
p 2 0 172 748 777 387
p 2 0 80 840 368 270
p 2 83 237 600 19446 1209
p 2 0 176 744 680 385
p 2 0 93 827 437 296
p 2 81 212 627 17488 1132
p 2 0 163 757 680 381
p 2 0 107 813 391 297
p 2 66 194 660 11578 952
p 2 0 168 752 647 392
p 2 0 78 842 352 272
p 2 65 124 731 8675 770
p 2 0 106 814 471 319
p 2 0 52 868 288 246
p 2 55 65 800 4310 597
p 2 0 72 848 366 274
p 2 22 61 837 835 390
p 2 0 40 880 264 240
p 2 0 28 892 231 225
p 2 0 18 902 221 216
p 2 0 7 913 208 206
p 2 0 5 915 204 203
i 2 920 0 0 28461 4569
p 2 305 611 4 32858 3642
p 2 186 729 5 35982 3246
p 2 189 714 17 38012 3143
p 2 160 750 10 39382 2916
p 2 151 759 10 41209 2946
p 2 155 746 19 39649 2825
p 2 138 768 14 39216 2818
p 2 96 808 16 39644 2595
p 2 56 829 35 42245 2479
p 2 39 830 51 39297 2254
p 2 58 792 70 35377 2258
p 2 84 567 269 10335 1577
p 2 75 388 457 7258 1329
p 2 57 356 507 8532 1202
p 2 33 322 565 7054 1049
p 2 31 333 556 7684 1077
p 2 57 279 584 7494 1129
p 2 78 255 587 9232 1219
p 2 65 244 611 6633 1131
p 2 63 243 614 7656 1103
p 2 30 263 627 6900 993
p 2 34 266 620 7782 990
p 2 58 228 634 7342 1073
p 2 78 247 595 8421 1197
p 2 67 383 470 7096 1276
p 2 66 303 551 6803 1134
p 2 36 305 579 8452 1073
p 2 28 294 598 6559 986
p 2 54 259 607 7426 1086
p 2 80 226 614 8680 1185
p 2 69 224 627 6594 1124
p 2 61 228 631 6726 1056
p 2 30 258 632 8031 979
p 2 30 254 636 6579 950
p 2 59 219 642 7290 1070
p 2 77 210 633 8628 1155
p 2 66 220 634 6586 1117
p 2 60 224 636 6647 1056
p 2 31 255 634 7350 988
p 2 31 249 640 6589 949
p 2 58 214 648 7312 1071
p 2 78 211 631 8690 1158
p 2 74 204 642 6526 1127
p 2 65 210 645 6616 1047
p 2 31 254 635 8059 977
p 2 28 251 641 6514 940
p 2 61 209 650 7320 1076
p 2 75 215 630 8644 1154
p 2 72 212 636 6566 1126
p 2 58 211 651 6642 1025
p 2 29 255 636 8145 981
p 2 28 251 641 6472 942
p 2 60 207 653 7421 1085
p 2 75 209 636 8399 1154
p 2 68 215 637 6448 1115
p 2 64 211 645 6577 1046
p 2 33 252 635 8205 1002
p 2 33 251 636 6628 958
p 2 59 208 653 7349 1072
p 2 80 205 635 8424 1160
p 2 69 209 642 6490 1097
p 2 65 210 645 6617 1049
p 2 33 251 636 8343 1002
p 2 31 249 640 6777 968
p 2 62 212 646 7494 1087
p 2 77 212 631 8619 1164
p 2 65 216 639 6463 1101
p 2 59 215 646 6691 1038
p 2 26 262 632 8048 970
p 2 28 250 642 6526 947
p 2 57 220 643 7461 1080
p 2 77 192 651 7572 1120
p 2 69 200 651 6408 1087
p 2 58 208 654 6631 1025
p 2 27 238 655 6615 934
p 2 29 236 655 6587 931
p 2 57 208 655 7437 1058
p 2 71 196 653 7588 1116
p 2 63 202 655 6482 1072
p 2 58 208 654 6742 1029
p 2 28 237 655 6593 940
p 2 29 236 655 6473 929
i 2 920 0 0 42672 3946
p 2 0 889 31 14547 1358
p 2 0 911 9 12174 1257
p 2 0 909 11 8058 1169
p 2 0 908 12 8829 1190
p 2 1 905 14 9235 1200
p 2 0 907 13 12743 1211
p 2 0 906 14 14541 1234
p 2 0 894 26 14660 1269
p 2 0 891 29 15219 1269
p 2 1 901 18 14852 1290
p 2 2 903 15 15208 1279
p 2 0 913 7 15743 1307
p 2 1 900 19 15157 1275
p 2 1 906 13 16342 1289
p 2 1 904 15 15504 1269
p 2 2 896 22 14953 1269
p 2 0 893 27 15204 1257
p 2 1 909 10 14542 1260
p 2 1 903 16 13928 1241
p 2 1 891 28 14015 1211
p 2 0 879 41 13754 1188
p 2 0 908 12 13963 1200
p 2 1 898 21 13859 1200
p 2 0 896 24 14331 1196
p 2 2 906 12 13271 1189
p 2 5 905 10 10879 1156
p 2 4 901 15 11589 1146
p 2 1 894 25 9704 1092
p 2 0 896 24 11122 1091
p 2 2 904 14 11105 1123
p 2 0 912 8 9577 1137
p 2 1 894 25 8878 1131
p 2 1 895 24 9683 1128
p 2 2 909 9 11586 1170
p 2 2 905 13 13556 1188
p 2 2 906 12 14189 1191
p 2 0 890 30 13933 1183
p 2 2 903 15 13662 1174
p 2 0 893 27 13425 1163
p 2 0 894 26 12926 1167
p 2 0 890 30 12307 1173
p 2 1 888 31 12666 1162
p 2 0 899 21 10961 1144
p 2 0 899 21 9655 1141
p 2 0 886 34 7934 1123
p 2 0 894 26 7571 1124
p 2 0 898 22 8192 1125
p 2 0 900 20 12772 1146
p 2 0 906 14 12336 1150
p 2 0 907 13 12991 1143
p 2 0 901 19 12508 1161
p 2 0 904 16 12236 1146
p 2 0 902 18 10362 1099
p 2 0 906 14 7280 1060
p 2 0 893 27 4685 1033
p 2 0 896 24 9122 1067
p 2 0 906 14 11711 1112
p 2 0 908 12 11536 1101
p 2 0 887 33 11765 1091
p 2 0 886 34 9108 1092
p 2 0 882 38 4697 1036
p 2 0 857 63 10662 1062
p 2 0 772 148 10394 1009
p 2 0 535 385 12217 825
p 2 0 535 385 4629 733
p 2 0 413 507 1106 566
p 2 0 143 777 861 324
p 2 0 94 826 371 278
p 2 0 89 831 351 274
p 2 0 138 782 753 320
p 2 0 110 810 383 290
p 2 0 134 786 486 321
p 2 0 56 864 282 244
p 2 0 45 875 274 237
p 2 0 34 886 263 224
p 2 0 50 870 286 238
p 2 0 17 903 231 210
p 2 0 40 880 273 232
p 2 0 10 910 214 205
p 2 0 9 911 208 205
p 2 0 13 907 581 211
p 2 0 12 908 231 207
p 2 0 7 913 207 203
p 2 0 11 909 627 209
p 2 0 8 912 218 205
p 2 0 8 912 220 204
p 2 1 7 912 529 214
p 2 0 3 917 214 200
p 2 0 3 917 203 200
p 2 0 9 911 649 208
p 2 0 8 912 220 205
p 2 0 6 914 213 202
p 2 0 5 915 610 207
p 2 0 4 916 213 201
p 2 0 3 917 205 200
p 2 0 6 914 617 206
p 2 0 7 913 216 203
p 2 0 1 919 198 198
p 2 1 3 916 521 210
p 2 0 2 918 208 199
p 2 0 2 918 201 199
p 2 0 5 915 626 205
p 2 0 5 915 212 202
p 2 0 0 920 197 197
p 2 1 6 913 518 213
p 2 0 2 918 201 199
p 2 0 0 920 197 197
p 2 0 4 916 645 204
p 2 0 3 917 210 200
p 2 0 0 920 197 197
p 2 0 4 916 612 204
p 2 0 2 918 204 199
p 2 0 2 918 205 199
p 2 0 4 916 612 205
p 2 0 3 917 208 200
p 2 0 2 918 200 199
p 2 0 0 920 197 197
p 2 0 0 920 197 197
p 2 0 0 920 197 197
p 2 0 4 916 596 205
p 2 0 3 917 213 201
p 2 0 4 916 525 203
p 2 0 3 917 207 200
p 2 0 0 920 197 197
i 2 920 0 0 36069 3723
p 2 0 397 523 646 550
p 2 0 372 548 542 518
p 2 0 177 743 358 346
p 2 0 140 780 327 315
p 2 0 69 851 252 251
p 2 0 81 839 377 261
p 2 0 24 896 220 217
p 2 0 37 883 241 228
p 2 0 29 891 401 218
p 2 0 24 896 224 215
p 2 0 7 913 207 204
p 2 0 9 911 402 205
p 2 0 9 911 212 206
p 2 0 6 914 202 202
p 2 0 10 910 399 204
p 2 0 9 911 203 203
p 2 0 6 914 207 203
p 2 0 9 911 360 206
p 2 0 6 914 211 202
p 2 0 7 913 205 203
p 2 0 8 912 356 205
p 2 0 10 910 210 206
p 2 0 2 918 199 199
p 2 0 6 914 202 201
p 2 0 12 908 212 208
p 2 0 11 909 204 204
p 2 0 7 913 208 204
p 2 0 14 906 208 207
p 2 0 6 914 201 201
p 2 0 16 904 208 208
p 2 0 5 915 201 201
p 2 0 14 906 357 208
p 2 0 8 912 206 204
p 2 0 8 912 202 202
p 2 0 2 918 199 199
p 2 0 9 911 203 203
p 2 0 4 916 351 201
p 2 0 3 917 203 200
p 2 0 5 915 203 201
p 2 0 3 917 395 201
p 2 0 2 918 200 199
p 2 0 2 918 199 199
p 2 0 3 917 389 200
p 2 0 3 917 206 200
p 2 0 3 917 201 199
p 2 0 4 916 350 202
p 2 0 1 919 201 199
p 2 0 0 920 197 197
p 2 0 9 911 353 205
p 2 0 3 917 204 200
p 2 0 1 919 198 198
p 2 0 1 919 198 198
p 2 0 0 920 197 197
p 2 0 0 920 197 197
p 2 0 13 907 207 207
p 2 0 2 918 198 198
p 2 0 5 915 201 201
p 2 0 2 918 199 199
p 2 0 0 920 197 197
p 2 0 0 920 197 197
p 2 0 0 920 197 197
p 2 0 2 918 198 198
p 2 0 2 918 199 199
p 2 0 1 919 198 198
p 2 0 0 920 197 197
p 2 0 2 918 198 198
p 2 0 1 919 198 198
p 2 0 1 919 198 198
p 2 0 1 919 198 198
p 2 0 0 920 197 197
i 2 920 0 0 11696 3365
p 2 687 233 0 22458 4050
p 2 537 383 0 30796 3954
p 2 450 470 0 37301 3799
p 2 384 536 0 43889 3702
p 2 339 581 0 49330 3650
p 2 268 652 0 55240 3535
p 2 1 919 0 20533 1660
p 2 0 920 0 21567 1627
p 2 0 920 0 21801 1631
p 2 4 916 0 22894 1689
p 2 6 914 0 23201 1701
p 2 2 918 0 23140 1690
p 2 0 920 0 23722 1692
p 2 1 919 0 23669 1722
p 2 3 917 0 24020 1717
p 2 6 914 0 23567 1734
p 2 4 916 0 24016 1734
p 2 3 917 0 23739 1731
p 2 2 918 0 24303 1707
p 2 3 917 0 24052 1732
p 2 1 919 0 24847 1704
p 2 3 917 0 24987 1735
p 2 2 918 0 26141 1720
p 2 2 918 0 26448 1747
p 2 3 917 0 26289 1730
p 2 4 916 0 26511 1754
p 2 0 920 0 26224 1762
p 2 3 917 0 26658 1775
p 2 4 916 0 25862 1780
p 2 5 915 0 26221 1766
p 2 5 915 0 26229 1738
p 2 5 915 0 25573 1734
p 2 2 918 0 25469 1711
p 2 5 915 0 26108 1737
p 2 2 918 0 27355 1735
p 2 1 919 0 26729 1740
p 2 4 916 0 28092 1768
p 2 9 911 0 27655 1767
p 2 8 912 0 27832 1760
p 2 2 918 0 26627 1691
p 2 5 915 0 26997 1702
p 2 4 916 0 26716 1698
p 2 1 919 0 27406 1671
p 2 1 919 0 26582 1658
p 2 0 920 0 26723 1650
p 2 1 919 0 26220 1671
p 2 1 919 0 27611 1669
p 2 0 920 0 26944 1675
p 2 0 920 0 28026 1690
p 2 1 919 0 28065 1701
p 2 1 919 0 28642 1698
p 2 1 919 0 28482 1711
p 2 0 920 0 29192 1725
p 2 0 920 0 29521 1724
p 2 3 916 1 30506 1780
p 2 3 917 0 29647 1766
p 2 1 919 0 30455 1763
p 2 1 919 0 29971 1777
p 2 3 917 0 30128 1787
p 2 2 918 0 28891 1750
p 2 0 920 0 29828 1728
p 2 2 918 0 28202 1752
p 2 2 918 0 28359 1753
p 2 6 914 0 26023 1751
p 2 5 915 0 24833 1747
p 2 4 916 0 22920 1711
p 2 1 919 0 22521 1681
p 2 0 919 1 24119 1670
p 2 1 919 0 26668 1683
p 2 0 920 0 31589 1717
p 2 0 920 0 31076 1712
p 2 2 918 0 32249 1739
p 2 2 918 0 31747 1734
p 2 5 915 0 31834 1744
p 2 5 915 0 34616 1768
p 2 4 916 0 32753 1723
p 2 3 917 0 33793 1725
p 2 2 918 0 32605 1728
p 2 1 918 1 33433 1733
p 2 4 916 0 33125 1738
p 2 7 912 1 34076 1737
p 2 4 916 0 35626 1751
p 2 8 912 0 35531 1768
p 2 8 912 0 31196 1721
p 2 5 915 0 32601 1719
p 2 0 920 0 27267 1654
p 2 1 919 0 25211 1576
p 2 0 920 0 24617 1548
p 2 0 920 0 20602 1523
p 2 1 919 0 17803 1483
p 2 0 920 0 20336 1495
p 2 1 919 0 26560 1557
p 2 3 917 0 30851 1638
p 2 1 919 0 29007 1600
p 2 1 919 0 29664 1650
p 2 1 919 0 31330 1649
p 2 1 919 0 31504 1652
p 2 1 919 0 31044 1656
p 2 0 920 0 32730 1668
p 2 0 920 0 32656 1714
p 2 5 915 0 30993 1729
p 2 7 913 0 26290 1701
p 2 8 912 0 22071 1632
p 2 2 917 1 18343 1589
p 2 2 918 0 18605 1572
p 2 2 917 1 28452 1637
p 2 1 917 2 26679 1630
p 2 0 913 7 26180 1574
p 2 0 917 3 26999 1581
p 2 0 911 9 29185 1592
p 2 0 901 19 25622 1534
p 2 0 870 50 22715 1457
p 2 0 865 55 14160 1374
p 2 0 786 134 10235 1209
p 2 0 722 198 8979 1127
p 2 2 480 438 8104 879
p 2 3 564 353 8306 978
p 2 4 589 327 8718 1022
p 2 4 719 197 9867 1188
p 2 1 611 308 9583 1031
p 2 0 606 314 9780 1024
p 2 2 567 351 10419 1019
p 2 3 541 376 10475 997
p 2 2 429 489 10760 905
p 2 0 491 429 10336 937
p 2 1 482 437 10683 946
p 2 2 449 469 10156 916
p 2 3 417 500 10518 898
p 2 7 440 473 10580 942
p 2 4 444 472 10830 924
p 2 2 456 462 9848 905
p 2 3 430 487 10338 894
p 2 3 433 484 10038 899
p 2 3 425 492 10666 910
p 2 1 430 489 9987 878
p 2 0 421 499 10432 867
p 2 1 410 509 10405 852
p 2 1 417 502 10784 866
p 2 2 410 508 9625 855
p 2 1 421 498 9604 852
p 2 2 406 512 9287 836
p 2 0 396 524 9303 812
i 2 920 0 0 58815 4409
p 2 0 706 214 7848 917
p 2 0 788 132 23979 1179
p 2 0 691 229 11142 965
p 2 0 724 196 23912 1133
p 2 0 647 273 11847 940
p 2 0 703 217 24673 1143
p 2 0 656 264 11966 960
p 2 0 681 239 24750 1129
p 2 0 653 267 12008 943
p 2 0 694 226 24788 1152
p 2 0 631 289 11703 937
p 2 0 684 236 24937 1124
p 2 0 642 278 11643 944
p 2 0 693 227 25016 1150
p 2 0 627 293 11839 932
p 2 0 613 307 13412 928
p 2 0 652 268 13971 960
p 2 0 613 307 14045 942
p 2 0 623 297 13991 945
p 2 0 635 285 14176 961
p 2 0 621 299 14258 942
p 2 0 685 235 25097 1133
p 2 0 627 293 11778 938
p 2 0 703 217 24893 1152
p 2 0 622 298 11521 936
p 2 0 698 222 24976 1156
p 2 0 648 272 12286 947
p 2 0 671 249 25043 1138
p 2 0 618 302 11942 929
p 2 0 694 226 24826 1144
p 2 0 639 281 11582 937
p 2 0 674 246 24977 1144
p 2 0 601 319 11998 918
p 2 0 672 248 24490 1134
p 2 0 644 276 11995 950
p 2 0 665 255 24899 1128
p 2 0 594 326 11766 918
p 2 0 602 318 13479 928
p 2 0 579 341 13984 897
p 2 0 602 318 13981 937
p 2 0 596 324 14167 920
p 2 0 611 309 14079 932
p 2 0 607 313 14085 929
p 2 0 575 345 14021 897
p 2 0 616 304 14325 942
p 2 0 689 231 24818 1135
p 2 0 626 294 11667 935
p 2 0 701 219 24649 1151
p 2 0 664 256 11804 981
p 2 0 671 249 24488 1134
p 2 0 636 284 12305 945
p 2 0 654 266 24673 1117
p 2 0 636 284 11921 952
p 2 0 645 275 24608 1108
p 2 0 616 304 11567 940
p 2 0 655 265 24648 1121
p 2 0 622 298 12003 943
p 2 0 680 240 24610 1140
p 2 0 616 304 12101 936
p 2 0 658 262 24819 1117
p 2 0 640 280 11931 947
p 2 0 582 338 13376 908
p 2 0 632 288 14112 943
p 2 0 570 350 13879 895
p 2 0 609 311 14253 932
p 2 0 661 259 25193 1132
p 2 0 644 276 11267 957
p 2 0 647 273 24705 1110
p 2 0 639 281 11891 958
p 2 0 681 239 24695 1153
p 2 0 657 263 12151 970
p 2 0 698 222 24952 1161
p 2 0 641 279 11838 950
p 2 0 672 248 24817 1145
p 2 0 638 282 11753 957
p 2 0 656 264 24752 1126
p 2 0 652 268 11892 957
p 2 0 607 313 13655 937
p 2 0 622 298 14169 938
p 2 0 611 309 13926 936
p 2 0 640 280 14096 949
p 2 0 599 321 14213 933
p 2 0 641 279 14259 968
p 2 0 658 262 25240 1130
p 2 0 613 307 11533 928
p 2 0 679 241 24432 1136
p 2 0 632 288 12013 953
p 2 0 643 277 24747 1106
p 2 0 662 258 12067 965
p 2 0 677 243 24675 1139
p 2 0 656 264 12164 968
p 2 0 665 255 24983 1126
p 2 0 617 303 11847 933
p 2 0 646 274 24509 1107
p 2 0 624 296 11790 942
p 2 0 612 308 13812 933
p 2 0 630 290 14318 955
p 2 0 599 321 13896 930
p 2 0 629 291 14166 951
p 2 0 601 319 14327 944
p 2 0 640 280 14139 968
p 2 0 660 260 25268 1126
p 2 0 609 311 11713 916
p 2 0 661 259 24513 1126
p 2 0 614 306 12051 939
p 2 0 665 255 24755 1122
p 2 0 631 289 11829 935
p 2 0 638 282 24709 1108
p 2 0 622 298 11996 934
p 2 0 657 263 24772 1122
p 2 0 657 263 11815 974
p 2 0 674 246 24747 1143
p 2 0 619 301 11770 934
p 2 0 592 328 13644 924
p 2 0 623 297 14320 953
p 2 0 583 337 13706 915
p 2 0 605 315 14026 932
p 2 0 600 320 14287 939
p 2 0 606 314 14179 945
p 2 0 665 255 25507 1129
p 2 0 628 292 11640 944
p 2 0 670 250 24440 1144
p 2 0 666 254 12021 978
p 2 0 677 243 25072 1120
p 2 0 646 274 11967 973
p 2 0 662 258 24661 1128
p 2 0 595 325 12107 928
p 2 0 663 257 25068 1131
p 2 0 654 266 11821 967
p 2 0 679 241 24775 1137
p 2 0 623 297 11819 950
p 2 0 652 268 24866 1120
p 2 0 647 273 12255 967
p 2 0 663 257 24583 1122
p 2 0 667 253 12215 986
p 2 0 596 324 13548 919
p 2 0 623 297 13947 951
p 2 0 626 294 13967 950
p 2 0 635 285 14363 968
p 2 0 629 291 14121 960
p 2 0 592 328 14134 928
p 2 0 594 326 14121 933
p 2 0 610 310 14362 947
p 2 0 708 212 25253 1172
p 2 0 625 295 11882 952
p 2 0 676 244 24893 1143
p 2 0 614 306 11805 938
p 2 0 675 245 24901 1137
p 2 0 642 278 12194 968
p 2 0 660 260 25010 1114
p 2 0 635 285 12047 950
p 2 0 666 254 24866 1128
p 2 0 661 259 11756 964
p 2 0 665 255 25289 1132
p 2 0 638 282 11992 962
p 2 0 602 318 13415 917
p 2 0 641 279 14049 961
p 2 0 569 351 13985 899
p 2 0 613 307 14168 935
p 2 0 688 232 25746 1166
p 2 0 647 273 11529 952
p 2 0 680 240 24598 1131
p 2 0 671 249 11917 979
p 2 0 661 259 24915 1114
p 2 0 665 255 12521 971
p 2 0 665 255 25133 1125
p 2 0 650 270 11461 964
p 2 0 684 236 24836 1138
p 2 0 681 239 11921 992
p 2 0 673 247 25038 1139
p 2 0 822 98 13451 1165
p 2 390 505 25 73281 3862
i 2 920 0 0 62594 4501
p 2 627 284 9 75438 4358
p 2 611 297 12 69856 4299
p 2 439 465 16 69246 3773
p 2 17 873 30 31266 1865
p 2 0 728 192 10270 1159
p 2 0 732 188 12282 1025
p 2 0 710 210 13004 999
p 2 0 695 225 13341 1003
p 2 0 636 284 13503 941
p 2 0 664 256 13367 969
p 2 0 646 274 13588 960
p 2 0 652 268 13573 963
p 2 0 638 282 13932 963
p 2 0 647 273 13369 954
p 2 0 624 296 13634 947
p 2 0 670 250 13815 990
p 2 0 640 280 13957 957
p 2 0 619 301 13376 944
p 2 0 606 314 13261 925
p 2 0 647 273 13834 970
p 2 0 646 274 14076 956
p 2 0 598 322 13215 924
p 2 0 594 326 13447 936
p 2 0 637 283 13886 964
p 2 0 630 290 13884 958
p 2 0 605 315 13453 944
p 2 0 599 321 13386 928
p 2 0 632 288 13572 957
p 2 0 631 289 13804 955
p 2 0 603 317 13489 933
p 2 0 589 331 13563 918
p 2 0 623 297 13622 945
p 2 0 652 268 13960 971
p 2 0 611 309 13562 945
p 2 0 573 347 13313 901
p 2 0 646 274 13631 976
p 2 0 635 285 14026 956
p 2 0 590 330 13547 927
p 2 0 596 324 13304 929
p 2 0 611 309 13822 942
p 2 0 622 298 13917 949
p 2 0 606 314 13373 933
p 2 0 569 351 13305 896
p 2 0 622 298 13796 953
p 2 0 610 310 13960 929
p 2 0 596 324 13626 938
p 2 0 616 304 13526 937
p 2 0 638 282 13939 974
p 2 0 602 318 13898 943
p 2 0 595 325 13617 920
p 2 0 601 319 13818 931
p 2 0 636 284 13803 972
p 2 0 608 312 13797 951
p 2 0 591 329 13626 925
p 2 0 606 314 13605 935
p 2 0 643 277 13665 974
p 2 0 594 326 13898 926
p 2 0 579 341 13581 910
p 2 0 582 338 13686 916
p 2 0 637 283 13768 965
p 2 0 628 292 14153 952
p 2 0 567 353 13709 904
p 2 0 591 329 13606 922
p 2 0 635 285 13806 967
p 2 0 591 329 13853 925
p 2 0 599 321 13829 939
p 2 10 610 300 20971 1112
p 2 0 645 275 13390 968
p 2 0 609 311 13822 936
p 2 9 611 300 21768 1122
p 2 0 594 326 13415 938
p 2 0 633 287 13690 963
p 2 12 631 277 21006 1144
p 2 0 597 323 13657 935
p 2 0 601 319 13854 918
p 2 6 620 294 20150 1097
p 2 0 684 236 15056 1045
p 2 0 646 274 13317 959
p 2 3 613 304 19479 1063
p 2 0 606 314 13132 944
p 2 0 624 296 13521 940
p 2 17 646 257 21788 1229
p 2 0 609 311 12781 936
p 2 0 640 280 13609 964
p 2 24 646 250 22802 1268
p 2 0 636 284 13495 976
p 2 0 605 315 13417 949
p 2 26 614 280 29527 1332
p 2 0 645 275 12338 971
p 2 0 635 285 13212 975
p 2 30 595 295 27648 1294
p 2 0 633 287 12122 960
p 2 0 674 246 13158 992
p 2 44 601 275 25098 1312
p 2 0 610 310 11865 935
p 2 0 612 308 12268 933
p 2 21 621 278 22096 1192
p 2 0 630 290 11924 950
p 2 0 579 341 12547 910
p 2 12 586 322 15703 1037
p 2 0 629 291 12643 956
p 2 0 610 310 12856 937
p 2 16 571 333 13659 1011
p 2 0 586 334 12105 915
p 2 0 621 299 12336 928
p 2 3 594 323 12447 942
p 2 0 545 375 12261 862
p 2 0 581 339 12288 904
p 2 0 595 325 12311 916
p 2 0 572 348 12230 885
p 2 0 557 363 12412 882
p 2 0 550 370 12025 872
p 2 0 598 322 12115 913
p 2 0 582 338 12189 902
p 2 0 538 382 12297 850
p 2 0 550 370 11826 871
p 2 0 576 344 12158 903
p 2 0 609 311 12172 919
p 2 0 542 378 12229 853
p 2 0 563 357 11882 880
p 2 0 592 328 12211 916
p 2 0 580 340 12342 905
p 2 0 554 366 12000 862
p 2 0 600 320 18794 988
p 2 0 630 290 11448 944
p 2 0 603 317 11994 927
p 2 1 541 378 18189 933
p 2 0 599 321 11420 922
p 2 0 626 294 11982 938
p 2 0 593 327 18745 995
p 2 0 554 366 11738 877
p 2 0 583 337 11842 902
p 2 0 612 308 17788 996
p 2 0 607 313 11540 916
p 2 0 557 363 12158 874
p 2 0 598 322 17764 967
p 2 0 622 298 11545 945
p 2 0 599 321 12075 922
p 2 0 564 356 12353 875
p 2 0 559 361 11960 876
p 2 0 563 357 12409 887
p 2 0 616 304 12472 940
p 2 0 596 324 12489 919
p 2 0 552 368 12084 879
p 2 0 563 357 12289 883
p 2 0 611 309 12491 937
p 2 0 595 325 12368 906
p 2 0 554 366 11985 876
p 2 0 533 387 12216 853
i 2 920 0 0 21331 3472
p 2 0 117 803 306 283
p 2 583 278 59 32402 3388
p 2 0 214 706 706 405
p 2 307 516 97 33079 2755
p 2 0 328 592 902 532
p 2 191 600 129 32410 2379
p 2 0 349 571 1015 591
p 2 0 321 599 2265 482
p 2 0 242 678 518 391
p 2 0 255 665 1942 412
p 2 0 192 728 433 340
p 2 0 128 792 1845 316
p 2 0 101 819 418 280
p 2 0 77 843 1828 286
p 2 0 37 883 309 233
p 2 0 64 856 1763 271
p 2 0 46 874 345 239
p 2 0 48 872 1779 261
p 2 0 31 889 311 225
p 2 0 47 873 1768 257
p 2 0 22 898 281 218
p 2 0 55 865 1838 267
p 2 0 35 885 308 229
p 2 0 54 866 1780 265
p 2 0 29 891 302 225
p 2 0 51 869 1803 264
p 2 0 31 889 307 224
p 2 0 49 871 1766 260
p 2 0 23 897 282 217
p 2 0 48 872 1785 263
p 2 0 26 894 286 221
p 2 0 43 877 1761 255
p 2 0 35 885 327 229
p 2 0 47 873 1766 259
p 2 0 26 894 288 222
p 2 0 50 870 1769 260
p 2 0 30 890 308 225
p 2 0 44 876 1770 259
p 2 0 28 892 315 224
p 2 0 46 874 1735 256
p 2 0 27 893 314 222
i 2 920 0 0 39971 4050
p 2 0 163 757 775 396
p 2 429 432 59 53902 3464
p 2 1 443 476 2670 796
p 2 378 530 12 61325 3650
p 2 10 515 395 4189 1007
p 2 127 778 15 53877 2720
p 2 16 610 294 4210 1162
p 2 83 831 6 50380 2555
p 2 9 644 267 4671 1246
p 2 194 718 8 55968 3035
p 2 39 625 256 7676 1370
p 2 87 817 16 49585 2588
p 2 0 701 219 5309 1247
p 2 177 730 13 45779 2797
p 2 0 622 298 4356 1086
p 2 339 574 7 58801 3411
p 2 0 447 473 1492 684
p 2 25 508 387 21656 1332
p 2 0 345 575 1127 561
p 2 32 442 446 22895 1323
p 2 0 304 616 1084 553
p 2 1 204 715 1303 400
p 2 0 110 810 370 291
p 2 0 128 792 1391 329
p 2 0 79 841 337 267
p 2 0 107 813 433 293
p 2 1 79 840 983 289
p 2 0 30 890 256 224
p 2 0 27 893 245 222
p 2 2 20 898 1256 242
p 2 0 20 900 251 215
p 2 0 29 891 272 222
p 2 1 15 904 925 227
p 2 0 10 910 232 206
p 2 0 10 910 223 205
p 2 0 19 901 1221 227
p 2 0 36 884 312 228
p 2 0 11 909 226 206
p 2 1 16 903 930 228
p 2 0 21 899 282 216
p 2 0 17 903 244 211
p 2 0 24 896 584 227
p 2 0 11 909 224 207
p 2 0 3 917 206 200
p 2 1 10 909 757 220
p 2 0 16 904 249 211
p 2 0 7 913 213 203
p 2 0 13 907 1221 222
p 2 0 9 911 233 206
p 2 0 16 904 235 210
p 2 1 12 907 914 225
p 2 0 9 911 239 206
p 2 0 10 910 219 206
p 2 0 10 910 1196 219
p 2 0 24 896 278 216
p 2 0 10 910 223 205
p 2 1 14 905 833 232
p 2 0 21 899 266 217
p 2 0 8 912 214 203
p 2 2 15 903 1244 238
p 2 0 7 913 221 203
p 2 0 2 918 199 199
p 2 1 9 910 916 222
p 2 0 9 911 228 205
p 2 0 3 917 201 199
p 2 0 12 908 1190 220
p 2 0 7 913 221 204
p 2 0 3 917 207 200
p 2 3 8 909 1126 228
p 2 4 20 896 2268 260
p 2 9 28 883 3708 318
p 2 28 48 844 6182 449
p 2 40 68 812 9437 591
p 2 8 104 808 7167 436
p 2 0 92 828 2628 319
p 2 0 51 869 2050 271
p 2 0 51 869 1892 271
p 2 0 29 891 265 223
p 2 0 38 882 1805 259
p 2 0 22 898 322 219
p 2 0 27 893 2220 252
p 2 1 32 887 2346 268
p 2 1 36 883 2335 269
p 2 0 28 892 286 222
p 2 2 37 881 2072 277
p 2 0 26 894 290 222
p 2 2 30 888 2111 268
p 2 3 33 884 2069 268
p 2 0 32 888 2462 265
p 2 199 610 111 65557 2954
p 2 2 486 432 3486 765
p 2 78 733 109 56516 2334
p 2 1 572 347 3726 885
p 2 78 712 130 59987 2297
p 2 5 560 355 4400 850
p 2 172 592 156 61631 2715
p 2 3 510 407 4772 805
p 2 107 634 179 59826 2404
p 2 1 487 432 3881 758
p 2 104 386 430 33356 1560
p 2 2 335 583 3262 564
p 2 130 284 506 28076 1447
p 2 3 259 658 2875 500
p 2 53 288 579 21301 1011
p 2 0 221 699 2733 446
p 2 118 240 562 32423 1444
p 2 1 197 722 3057 435
p 2 131 198 591 27401 1363
p 2 4 177 739 3416 429
p 2 52 209 659 21391 926
p 2 1 154 765 2809 387
p 2 119 198 603 32148 1400
p 2 2 175 743 2902 423
p 2 130 195 595 27786 1367
p 2 3 211 706 2778 452
p 2 52 200 668 21167 924
p 2 0 183 737 2661 424
p 2 118 196 606 32332 1397
p 2 1 181 738 3061 420
p 2 131 189 600 27395 1346
p 2 4 164 752 3379 418
p 2 52 194 674 21321 911
p 2 1 143 776 2793 381
p 2 120 179 621 32056 1393
p 2 2 169 749 2910 409
p 2 130 181 609 27701 1342
p 2 3 177 740 2694 424
p 2 51 202 667 21185 920
p 2 0 150 770 2640 394
p 2 118 180 622 32255 1381
p 2 1 156 763 2997 397
p 2 129 166 625 27513 1318
p 2 4 150 766 3334 405
p 2 53 170 697 21202 896
p 2 1 134 785 2801 376
p 2 120 165 635 32001 1374
p 2 2 144 774 2850 389
p 2 130 165 625 27691 1330
p 2 3 157 760 2660 410
p 2 52 186 682 21080 913
p 2 0 155 765 2612 397
p 2 119 174 627 32292 1380
p 2 1 144 775 2958 384
p 2 131 158 631 27296 1319
p 2 4 143 773 3292 395
p 2 0 66 854 355 258
p 2 270 478 172 69034 3045
p 2 14 410 496 10343 844
p 2 19 281 620 8953 735
i 2 920 0 0 50960 4402
p 2 11 242 667 4688 549
p 2 133 684 103 48805 2421
p 2 1 432 487 1898 685
p 2 199 566 155 44491 2506
p 2 0 337 583 1256 534
p 2 348 499 73 57820 3303
p 2 0 363 557 1357 576
p 2 29 439 452 21868 1287
p 2 0 290 630 997 506
p 2 32 419 469 22112 1292
p 2 0 288 632 1072 523
p 2 2 129 789 1476 342
p 2 0 132 788 426 316
p 2 0 73 847 307 262
p 2 1 112 807 1108 317
p 2 0 65 855 329 256
p 2 0 49 871 302 239
p 2 0 39 881 1248 245
p 2 0 61 859 359 253
p 2 0 22 898 254 215
p 2 0 20 900 245 216
p 2 0 17 903 233 212
p 2 0 31 889 290 224
p 2 0 12 908 231 208
p 2 0 9 911 223 205
p 2 0 16 904 239 210
p 2 0 15 905 235 209
p 2 0 25 895 289 221
p 2 0 7 913 218 202
p 2 0 11 909 221 206
p 2 0 13 907 234 208
p 2 0 9 911 219 204
p 2 0 7 913 223 204
p 2 0 7 913 215 203
p 2 0 8 912 223 203
p 2 0 9 911 223 204
p 2 0 6 914 216 202
p 2 0 1 919 205 199
p 2 0 1 919 206 198
p 2 0 1 919 206 198
p 2 0 2 918 207 200
p 2 0 1 919 207 199
p 2 0 1 919 202 198
p 2 0 1 919 206 199
p 2 0 2 918 202 199
p 2 0 1 919 205 199
i 2 920 0 0 45477 3951
p 2 0 360 560 607 512
p 2 22 505 393 26596 1033
p 2 0 292 628 861 470
p 2 17 360 543 22155 837
p 2 0 255 665 881 441
p 2 17 282 621 20394 749
p 2 0 203 717 840 398
p 2 24 238 658 25256 817
p 2 0 169 751 745 363
p 2 24 221 675 23014 769
p 2 0 189 731 796 387
p 2 10 230 680 22061 675
p 2 0 204 716 827 397
p 2 9 211 700 23787 679
p 2 0 189 731 893 394
p 2 0 131 789 716 319
p 2 0 89 831 309 270
p 2 0 44 876 478 235
p 2 0 38 882 266 229
p 2 0 53 867 316 241
p 2 0 37 883 414 228
p 2 0 20 900 244 215
p 2 0 18 902 235 213
p 2 0 72 848 536 262
p 2 0 52 868 293 242
p 2 0 46 874 268 233
p 2 0 62 858 489 249
p 2 0 57 863 316 245
p 2 0 31 889 277 224
p 2 0 32 888 447 225
p 2 0 14 906 218 209
p 2 0 16 904 223 210
p 2 0 7 913 370 203
p 2 0 16 904 235 210
p 2 0 8 912 215 204
p 2 0 14 906 401 210
p 2 0 9 911 214 205
p 2 0 2 918 200 199
p 2 0 10 910 372 206
p 2 0 9 911 223 206
p 2 0 3 917 212 200
p 2 0 16 904 344 210
p 2 0 16 904 218 209
p 2 0 3 917 202 200
p 2 0 7 913 321 204
p 2 0 4 916 204 201
p 2 0 10 910 205 205
p 2 0 6 914 374 203
p 2 0 11 909 214 206
p 2 0 13 907 208 206
p 2 0 6 914 366 203
p 2 0 9 911 206 203
p 2 0 3 917 202 200
p 2 0 16 904 378 211
p 2 0 10 910 212 204
p 2 0 17 903 223 211
p 2 0 10 910 405 206
p 2 0 7 913 203 202
p 2 0 3 917 203 199
p 2 0 8 912 402 206
p 2 0 3 917 204 200
p 2 0 5 915 205 201
p 2 0 8 912 371 204
p 2 0 5 915 206 200
p 2 0 2 918 201 199
p 2 0 10 910 380 207
p 2 0 5 915 208 201
p 2 0 1 919 200 198
p 2 0 5 915 406 203
p 2 0 2 918 201 199
p 2 0 3 917 204 199
p 2 0 4 916 396 202
p 2 0 3 917 205 200
p 2 0 2 918 198 198
p 2 0 5 915 373 203
p 2 0 6 914 211 202
p 2 0 1 919 199 198
p 2 0 5 915 364 203
p 2 0 3 917 207 200
p 2 0 2 918 203 199
p 2 0 4 916 367 201
p 2 0 1 919 199 198
p 2 0 1 919 198 198
p 2 0 2 918 322 200
p 2 0 2 918 201 199
p 2 0 4 916 204 201
p 2 0 3 917 319 201
p 2 0 1 919 198 198
p 2 0 0 920 197 197
p 2 0 5 915 380 203
p 2 0 1 919 200 198
p 2 0 0 920 197 197
p 2 0 5 915 365 202
p 2 0 8 912 218 203
p 2 0 4 916 210 200
p 2 0 7 913 376 204
p 2 0 2 918 200 199
p 2 0 5 915 201 201
p 2 0 6 914 404 205
p 2 0 2 918 201 199
p 2 0 1 919 198 198
p 2 0 6 914 398 204
p 2 0 4 916 206 201
p 2 0 0 920 197 197
p 2 0 4 916 373 202
p 2 0 2 918 202 199
p 2 0 0 920 197 197
p 2 0 4 916 370 202
p 2 0 8 912 568 209
p 2 0 9 911 1129 216
p 2 1 15 904 1566 232
p 2 0 20 900 1533 233
p 2 0 13 907 1655 224
p 2 1 22 897 1706 241
p 2 0 19 901 1271 232
p 2 0 22 898 1879 245
p 2 0 16 904 413 216
p 2 0 33 887 2379 243
p 2 0 16 904 243 211
p 2 0 35 885 2390 245
p 2 0 20 900 245 215
p 2 0 12 908 225 208
p 2 0 18 902 387 212
p 2 0 9 911 210 204
p 2 0 9 911 217 205
p 2 0 6 914 334 204
p 2 0 4 916 204 201
p 2 0 3 917 203 200
p 2 0 5 915 322 202
p 2 0 0 920 197 197
p 2 0 2 918 202 199
p 2 0 4 916 374 201
p 2 0 1 919 199 198
p 2 0 1 919 199 198
p 2 0 4 916 363 201
p 2 0 2 918 203 199
p 2 0 2 918 199 199
p 2 1 30 889 2453 255
p 2 0 15 905 248 210
p 2 3 25 892 2716 254
p 2 0 18 902 439 213
p 2 0 32 888 3214 258
p 2 0 22 898 280 220
p 2 3 32 885 3044 269
p 2 0 14 906 248 209
p 2 0 17 903 1676 224
p 2 0 19 901 425 215
p 2 0 24 896 1599 230
p 2 0 15 905 246 210
p 2 0 22 898 1711 228
p 2 0 13 907 250 208
p 2 0 22 898 1602 229
p 2 0 16 904 451 213
p 2 0 19 901 1589 223
p 2 0 9 911 229 204
p 2 0 27 893 1824 234
p 2 0 12 908 233 208
p 2 0 16 904 1607 223
p 2 0 13 907 260 209
p 2 0 15 905 1498 222
p 2 0 11 909 248 207
p 2 0 15 905 1593 222
p 2 0 9 911 220 205
p 2 0 16 904 1586 223
p 2 0 11 909 228 206
p 2 0 15 905 1653 225
p 2 0 11 909 231 207
p 2 0 17 903 1607 223
p 2 0 9 911 236 205
p 2 0 14 906 1506 221
p 2 0 8 912 231 204
p 2 0 15 905 1570 223
p 2 0 13 907 238 209
p 2 0 17 903 1581 223
p 2 0 12 908 229 207
p 2 0 16 904 1609 222
p 2 0 8 912 225 205
p 2 0 17 903 1613 225
p 2 0 11 909 238 207
p 2 0 21 899 1649 227
p 2 0 13 907 248 208
p 2 0 14 906 1594 222
p 2 4 92 824 11008 413
p 2 0 74 846 1820 285
p 2 0 93 827 9503 369
p 2 0 85 835 1953 298
p 2 0 92 828 10260 379
p 2 0 76 844 1863 288
p 2 0 38 882 315 232
p 2 0 27 893 1503 229
p 2 0 23 897 281 218
p 2 2 103 815 11663 414
p 2 0 79 841 509 276
p 2 1 99 820 10912 395
p 2 0 68 852 474 269
p 2 1 94 825 10268 389
p 2 0 75 845 502 273
p 2 0 99 821 10334 385
p 2 0 72 848 500 271
p 2 0 35 885 1535 240
p 2 0 17 903 265 211
p 2 0 21 899 1631 225
p 2 0 10 910 230 206
p 2 0 17 903 1577 223
p 2 0 11 909 253 209
p 2 0 16 904 1658 225
p 2 0 9 911 226 205
p 2 0 15 905 1591 220
p 2 0 8 912 227 203
p 2 0 15 905 1491 221
p 2 0 11 909 246 207
p 2 0 14 906 1573 220
p 2 0 11 909 239 207
p 2 0 14 906 1566 218
i 2 920 0 0 45083 4206
p 2 0 379 541 684 548
p 2 9 663 248 31469 1344
p 2 0 378 542 1337 584
p 2 9 510 401 29736 1191
p 2 0 314 606 1225 523
p 2 5 399 516 27071 1029
p 2 0 283 637 1202 491
p 2 1 366 553 23635 881
p 2 0 271 649 1204 482
p 2 1 370 549 23567 868
p 2 0 258 662 1116 462
p 2 0 128 792 549 316
p 2 0 71 849 343 261
p 2 0 46 874 284 234
p 2 0 34 886 267 225
p 2 0 70 850 829 276
p 2 0 34 886 282 227
p 2 0 43 877 563 248
p 2 0 25 895 241 215
p 2 0 65 855 362 254
p 2 0 35 885 282 225
p 2 0 19 901 238 212
p 2 0 20 900 248 213
p 2 0 48 872 350 243
p 2 0 17 903 233 211
p 2 0 15 905 223 208
p 2 0 16 904 236 211
p 2 0 14 906 233 209
p 2 0 9 911 213 205
p 2 3 22 895 1010 238
p 2 0 28 892 253 219
p 2 0 7 913 210 202
p 2 0 14 906 524 227
p 2 0 14 906 222 209
p 2 0 10 910 212 206
p 2 3 7 910 983 228
p 2 0 5 915 210 202
p 2 0 2 918 203 199
p 2 0 14 906 670 222
p 2 0 11 909 218 207
p 2 0 4 916 203 200
p 2 1 12 907 963 222
p 2 0 7 913 218 203
p 2 0 2 918 202 199
p 2 0 1 919 198 198
p 2 0 2 918 201 200
p 2 0 4 916 204 200
p 2 0 2 918 201 198
p 2 0 2 918 201 199
p 2 0 1 919 200 198
p 2 0 7 913 211 203
p 2 0 10 910 668 218
p 2 0 10 910 216 206
p 2 0 11 909 471 215
p 2 0 5 915 202 202
p 2 0 7 913 205 203
p 2 0 3 917 199 199
p 2 0 5 915 201 201
p 2 0 4 916 201 201
p 2 0 3 917 199 199
p 2 0 1 919 198 198
p 2 0 3 917 199 199
p 2 0 0 920 197 197
p 2 0 0 920 197 197
p 2 0 0 920 197 197
p 2 0 0 920 197 197
p 2 0 0 920 197 197
p 2 0 0 920 197 197
p 2 0 0 920 197 197
p 2 0 0 920 197 197
i 2 920 0 0 2668 2668
p 2 0 0 920 197 197
p 2 0 0 920 197 197
p 2 0 0 920 197 197
p 2 0 0 920 197 197
p 2 0 0 920 197 197
p 2 920 0 0 5070 3388
p 2 763 157 0 9749 3592
p 2 622 298 0 14257 3608
p 2 483 437 0 17771 3403
p 2 444 476 0 21064 3362
p 2 373 547 0 22744 3204
p 2 352 568 0 24332 3112
p 2 301 619 0 25841 2996
p 2 288 632 0 25228 2871
p 2 254 666 0 28589 2873
p 2 250 670 0 26657 2758
p 2 212 708 0 28912 2739
p 2 211 709 0 26397 2575
p 2 170 750 0 29976 2593
p 2 169 751 0 27188 2451
p 2 154 766 0 30018 2533
p 2 151 769 0 27354 2397
p 2 137 783 0 29964 2475
p 2 133 787 0 27891 2383
p 2 115 805 0 30224 2400
p 2 123 797 0 26817 2343
p 2 101 819 0 27775 2323
p 2 100 820 0 28375 2280
p 2 88 832 0 29407 2304
p 2 87 833 0 26749 2238
p 2 0 781 139 3724 1064
p 2 0 700 220 2890 941
p 2 0 292 628 976 473
p 2 0 448 472 1577 640
p 2 0 283 637 990 468
p 2 0 143 777 545 327
p 2 0 68 852 361 256
p 2 0 32 888 270 225
p 2 0 22 898 249 214
p 2 0 78 842 411 269
p 2 0 36 884 291 226
p 2 0 26 894 262 218
p 2 0 31 889 275 223
p 2 0 72 848 382 262
p 2 0 33 887 277 224
p 2 0 31 889 272 225
p 2 0 21 899 247 215
p 2 0 446 474 1672 656
p 2 0 466 454 1686 671
p 2 0 360 560 1220 542
p 2 0 187 733 690 373
p 2 0 182 738 701 366
p 2 0 167 753 674 356
p 2 0 58 862 347 250
p 2 0 36 884 285 227
p 2 0 43 877 300 233
p 2 0 14 906 226 209
p 2 0 14 906 231 207
p 2 0 17 903 237 211
p 2 0 18 902 238 212
p 2 0 7 913 211 202
p 2 0 7 913 211 203
p 2 0 28 892 251 218
p 2 0 14 906 227 207
p 2 0 8 912 215 204
p 2 0 14 906 226 210
p 2 0 15 905 225 209
p 2 0 5 915 209 201
p 2 0 5 915 204 201
p 2 0 11 909 218 205
p 2 0 6 914 213 202
p 2 0 9 911 216 204
p 2 0 13 907 227 207
p 2 0 17 903 236 208
p 2 0 14 906 228 208
p 2 0 11 909 218 205
p 2 0 6 914 209 201
i 2 920 0 0 79055 4545
p 2 0 105 815 358 292
p 2 0 24 896 220 218
p 2 0 4 916 202 202
p 2 0 7 913 207 205
p 2 0 2 918 200 199
p 2 0 3 917 210 202
p 2 0 2 918 200 199
p 2 0 1 919 199 199
p 2 0 1 919 198 198
p 2 0 2 918 200 199
p 2 0 3 917 201 200
p 2 0 2 918 200 199
p 2 0 0 920 197 197
p 2 0 0 920 197 197
p 2 0 1 919 198 198
p 2 0 0 920 197 197
p 2 0 1 919 198 198
p 2 0 0 920 197 197
p 2 0 0 920 197 197
p 2 0 3 917 200 199
p 2 0 2 918 199 198
p 2 0 5 915 204 200
p 2 0 1 919 198 198
p 2 0 8 912 211 203
p 2 0 3 917 202 199
p 2 0 5 915 206 201
p 2 0 12 908 214 205
p 2 0 4 916 201 200
p 2 0 1 919 198 198
p 2 0 3 917 202 201
p 2 0 3 917 202 199
p 2 0 2 918 201 199
p 2 0 2 918 200 199
p 2 0 4 916 203 200
p 2 0 3 917 204 200
p 2 0 4 916 204 201
p 2 0 1 919 199 198
p 2 0 6 914 207 201
p 2 0 3 917 204 199
p 2 0 8 912 211 203
p 2 0 5 915 206 202
p 2 0 4 916 204 200
p 2 0 1 919 198 198
p 2 0 7 913 209 201
p 2 0 2 918 202 199
p 2 0 0 920 197 197
p 2 0 2 918 200 199
p 2 0 6 914 205 201
p 2 0 0 920 197 197
p 2 0 4 916 204 200
p 2 0 7 913 210 202
p 2 0 3 917 201 199
p 2 0 2 918 200 199
p 2 0 1 919 198 198
p 2 0 1 919 199 198
p 2 0 4 916 205 200
p 2 0 5 915 204 200
p 2 0 3 917 203 200
p 2 0 6 914 207 201
p 2 0 0 920 197 197
p 2 0 3 917 203 199
p 2 0 0 920 197 197
p 2 0 0 920 197 197
p 2 0 2 918 201 199
p 2 0 0 920 197 197
p 2 0 0 920 197 197
p 2 0 1 919 199 198
p 2 0 1 919 199 198
p 2 0 2 918 201 199
p 2 0 2 918 201 199
p 2 0 3 917 201 199
p 2 0 4 916 202 200
p 2 0 3 917 202 200
p 2 0 4 916 204 200
p 2 0 2 918 200 198
p 2 0 3 917 202 201
p 2 0 2 918 200 199
p 2 0 0 920 197 197
p 2 0 1 919 199 199
p 2 0 1 919 198 198
p 2 0 1 919 199 198
p 2 0 2 918 200 198
p 2 0 1 919 199 198
p 2 0 3 917 202 199
p 2 0 0 920 197 197
p 2 0 0 920 197 197
p 2 0 1 919 199 198
p 2 0 4 916 202 200
p 2 0 1 919 198 198
p 2 0 1 919 199 199
p 2 0 1 919 199 198
p 2 0 4 916 205 200
p 2 0 1 919 198 198
p 2 0 1 919 199 198
p 2 0 1 919 199 198
p 2 0 0 920 197 197
p 2 0 1 919 199 198
p 2 0 0 920 197 197
p 2 0 3 917 202 199
p 2 0 1 919 198 198
p 2 0 2 918 201 199
p 2 0 1 919 199 198
p 2 0 1 919 199 198
p 2 0 2 918 201 200
p 2 0 2 918 200 199
p 2 0 0 920 197 197
p 2 0 1 919 199 198
p 2 0 2 918 200 199
p 2 0 2 918 200 198
p 2 0 0 920 197 197
p 2 0 4 916 302 199
p 2 0 0 920 197 197
p 2 0 0 920 197 197
p 2 0 3 917 289 199
p 2 0 2 918 203 199
p 2 0 0 920 197 197
p 2 0 2 918 290 199
p 2 0 2 918 203 199
p 2 0 3 917 204 200
p 2 0 2 918 289 199
p 2 0 0 920 197 197
p 2 0 0 920 197 197
p 2 0 3 917 289 200
p 2 0 4 916 204 200
p 2 0 2 918 201 200
p 2 0 2 918 287 199
p 2 0 1 919 199 198
p 2 0 4 916 205 201
p 2 0 2 918 288 199
p 2 0 0 920 197 197
p 2 0 0 920 197 197
p 2 0 3 917 289 200
p 2 0 1 919 201 198
p 2 0 0 920 197 197
p 2 0 3 917 288 199
p 2 0 0 920 197 197
p 2 0 0 920 197 197
p 2 0 2 918 285 199
p 2 0 1 919 199 198
p 2 0 2 918 200 199
p 2 0 2 918 288 199
p 2 0 2 918 202 198
p 2 0 0 920 197 197
p 2 0 2 918 288 199
p 2 0 1 919 200 198
p 2 0 0 920 197 197
p 2 0 2 918 287 198
p 2 0 1 919 199 198
p 2 0 0 920 197 197
p 2 0 0 920 197 197
p 2 0 0 920 197 197
p 2 0 0 920 197 197
p 2 0 3 917 289 200
p 2 0 1 919 199 198
i 2 920 0 0 84701 5082
p 2 0 164 756 418 344
p 2 0 142 778 337 313
p 2 0 45 875 380 237
p 2 0 78 842 280 258
p 2 0 24 896 234 216
p 2 0 33 887 366 222
p 2 0 7 913 212 203
p 2 0 7 913 209 202
p 2 0 10 910 367 207
p 2 0 3 917 202 200
p 2 0 3 917 203 200
p 2 0 5 915 343 202
p 2 0 4 916 209 201
p 2 0 10 910 210 203
p 2 1 5 914 300 208
p 2 0 1 919 200 198
p 2 0 2 918 199 199
p 2 0 9 911 395 205
p 2 0 3 917 200 200
p 2 0 4 916 204 202
p 2 0 5 915 361 203
p 2 0 5 915 211 202
p 2 0 2 918 200 199
p 2 0 12 908 361 208
p 2 0 4 916 212 201
p 2 0 4 916 206 200
p 2 1 14 905 311 214
p 2 0 12 908 214 207
p 2 0 9 911 206 205
p 2 0 10 910 391 206
p 2 0 10 910 215 205
p 2 0 4 916 206 201
p 2 0 8 912 361 204
p 2 0 2 918 202 199
p 2 0 1 919 198 198
p 2 0 4 916 344 201
p 2 0 2 918 201 199
p 2 0 2 918 200 199
p 2 0 3 917 361 201
p 2 0 4 916 206 202
p 2 0 2 918 199 199
p 2 1 1 918 296 206
p 2 0 0 920 197 197
p 2 0 0 920 197 197
p 2 0 2 918 380 200
p 2 0 1 919 198 198
p 2 0 0 920 197 197
p 2 1 3 916 299 207
p 2 0 2 918 201 199
p 2 0 5 915 205 201
p 2 0 4 916 372 202
p 2 0 1 919 199 198
p 2 0 0 920 197 197
p 2 0 4 916 363 202
p 2 0 2 918 200 199
p 2 0 0 920 197 197
p 2 0 3 917 341 201
p 2 0 0 920 197 197
p 2 0 2 918 202 199
p 2 0 2 918 201 198
p 2 0 2 918 201 200
p 2 0 0 920 197 197
p 2 0 0 920 197 197
p 2 0 3 917 363 201
p 2 0 2 918 203 198
p 2 1 3 916 612 210
p 2 0 2 918 206 199
p 2 0 1 919 199 198
p 2 0 3 917 558 202
p 2 0 4 916 209 201
p 2 0 2 918 202 199
p 2 0 5 915 541 205
p 2 0 3 917 206 200
p 2 0 2 918 199 198
p 2 0 4 916 529 201
p 2 0 4 916 211 201
p 2 0 4 916 207 201
p 2 0 6 914 494 207
p 2 0 2 918 203 199
p 2 0 1 919 200 198
p 2 0 3 917 597 202
p 2 0 1 919 201 199
p 2 0 1 919 201 198
p 2 0 4 916 547 204
p 2 0 3 917 208 201
p 2 0 2 918 201 198
p 2 0 3 917 531 202
p 2 0 3 917 207 200
p 2 0 1 919 198 198
p 2 0 3 917 489 204
p 2 0 2 918 203 199
p 2 0 1 919 198 198
p 2 0 3 917 597 202
p 2 0 2 918 206 200
p 2 0 2 918 199 199
p 2 12 124 784 13579 506
p 2 0 93 827 585 297
p 2 0 45 875 307 235
p 2 20 141 759 15179 586
p 2 0 112 808 637 315
p 2 0 41 879 279 232
p 2 14 137 769 14156 554
p 2 0 116 804 684 319
p 2 0 63 857 342 255
p 2 9 144 767 12739 509
p 2 0 99 821 621 302
p 2 0 67 853 347 255
p 2 5 150 765 13563 502
p 2 0 125 795 686 326
p 2 0 56 864 345 247
p 2 0 16 904 234 211
p 2 0 22 898 578 216
p 2 0 16 904 232 211
p 2 0 33 887 673 228
p 2 0 21 899 240 214
p 2 0 19 901 247 212
p 2 0 18 902 474 211
p 2 0 10 910 216 204
p 2 0 12 908 212 205
p 2 0 36 884 520 229
p 2 0 15 905 228 208
p 2 0 22 898 242 213
p 2 3 84 833 5780 363
p 2 0 65 855 428 264
p 2 0 32 888 288 226
p 2 5 83 832 5456 356
p 2 0 47 873 358 244
p 2 0 34 886 276 227
p 2 3 81 836 5693 345
p 2 0 62 858 399 254
p 2 0 42 878 276 231
p 2 3 85 832 5652 345
p 2 0 60 860 382 253
p 2 0 48 872 313 241
p 2 0 35 885 524 227
p 2 0 18 902 243 213
p 2 0 11 909 222 207
p 2 0 10 910 407 205
p 2 0 10 910 218 204
p 2 0 11 909 228 207
p 2 0 16 904 448 211
p 2 0 23 897 253 217
p 2 0 9 911 211 203
p 2 0 12 908 223 207
p 2 0 37 883 289 227
p 2 0 25 895 269 221
p 2 0 11 909 223 206
p 2 0 18 902 425 212
p 2 0 19 901 244 213
p 2 0 14 906 420 210
p 2 0 6 914 212 203
p 2 0 8 912 213 203
p 2 0 7 913 216 203
p 2 0 11 909 227 206
p 2 0 11 909 224 206
p 2 0 11 909 296 206
p 2 0 5 915 213 202
p 2 0 1 919 201 199
p 2 0 4 916 350 202
p 2 0 6 914 207 202
p 2 0 4 916 204 200
p 2 0 6 914 307 203
p 2 0 4 916 212 201
p 2 0 4 916 206 201
p 2 0 4 916 334 202
p 2 0 5 915 209 201
p 2 0 4 916 213 201
p 2 0 5 915 314 201
p 2 0 5 915 212 201
p 2 0 7 913 208 202
p 2 0 7 913 373 203
p 2 0 8 912 226 204
p 2 0 5 915 213 202
p 2 0 9 911 317 206
p 2 0 6 914 211 201
p 2 0 5 915 211 201
p 2 0 3 917 328 201
p 2 0 2 918 205 199
p 2 0 0 920 197 197
p 2 3 73 844 6653 372
p 2 0 53 867 398 249
p 2 10 116 794 15668 497
p 2 1 179 740 9762 489
p 2 6 176 738 16410 563
p 2 0 129 791 713 329
p 2 17 334 569 38931 1029
p 2 0 271 649 1323 491
p 2 13 178 729 15101 599
p 2 5 290 625 23003 748
p 2 0 236 684 1184 453
p 2 0 114 806 537 301
p 2 6 318 596 24468 781
p 2 0 195 725 1000 404
p 2 0 86 834 429 275
p 2 7 268 645 20424 698
p 2 0 200 720 944 406
p 2 0 127 793 568 318
p 2 0 34 886 285 225
p 2 0 62 858 454 254
p 2 0 86 834 430 275
p 2 0 63 857 471 255
p 2 0 55 865 335 245
p 2 0 14 906 224 207
p 2 0 22 898 320 215
p 2 0 28 892 273 219
p 2 0 40 880 312 233
p 2 0 19 901 379 215
p 2 0 17 903 235 211
p 2 0 16 904 239 211
p 2 0 30 890 370 224
p 2 0 23 897 275 217
p 2 0 13 907 226 208
p 2 0 6 914 338 204
p 2 0 3 917 209 200
p 2 0 1 919 199 198
p 2 0 47 873 420 240
p 2 0 31 889 255 222
p 2 0 26 894 261 219
p 2 0 30 890 436 224
p 2 0 44 876 320 237
p 2 0 43 877 325 236
p 2 0 20 900 348 215
p 2 0 8 912 216 203
p 2 0 7 913 213 203
p 2 0 8 912 339 204
p 2 0 4 916 206 201
p 2 0 5 915 207 200
p 2 0 9 911 324 204
p 2 0 3 917 204 200
p 2 0 5 915 206 201
p 2 0 5 915 369 203
p 2 0 14 906 234 210
p 2 0 1 919 200 198
p 2 0 6 914 307 202
p 2 0 7 913 214 203
p 2 0 6 914 210 201
p 2 0 8 912 336 204
p 2 0 2 918 207 199
p 2 0 2 918 201 199
p 2 0 4 916 297 201
p 2 0 12 908 224 208
p 2 0 10 910 222 206
p 2 0 6 914 293 202
p 2 0 3 917 207 201
p 2 0 5 915 208 201
p 2 0 17 903 316 212
p 2 0 7 913 217 203
p 2 0 0 920 197 197
p 2 0 2 918 336 200
p 2 0 481 439 2530 744
p 2 0 162 758 654 348
p 2 0 41 879 374 234
p 2 0 20 900 239 213
p 2 0 15 905 235 209
p 2 0 13 907 350 208
p 2 0 15 905 239 210
p 2 0 14 906 229 209
p 2 0 21 899 353 214
p 2 0 6 914 207 203
p 2 0 11 909 219 206
p 2 0 8 912 372 203
p 2 0 23 897 263 216
p 2 0 16 904 233 211
p 2 0 31 889 369 223
p 2 0 19 901 237 211
p 2 0 12 908 221 205
p 2 0 22 898 369 216
p 2 0 31 889 272 224
p 2 0 13 907 216 208
p 2 0 17 903 345 213
p 2 0 15 905 244 209
p 2 0 13 907 223 207
p 2 0 5 915 369 203
p 2 0 4 916 209 201
p 2 0 4 916 206 200
p 2 0 13 907 321 207
p 2 0 12 908 223 206
p 2 0 10 910 218 204
p 2 0 11 909 344 206
p 2 0 5 915 211 201
p 2 0 4 916 207 200
p 2 0 7 913 210 203
p 2 0 1 919 199 198
p 2 0 121 799 11468 408
p 2 0 85 835 590 288
p 2 0 111 809 9823 377
p 2 0 99 821 630 305
p 2 0 155 765 9215 413
p 2 0 120 800 666 319
p 2 0 76 844 389 263
p 2 0 44 876 308 235
p 2 0 60 860 333 245
p 2 0 13 907 228 208
p 2 0 23 897 250 215
p 2 0 20 900 237 213
p 2 0 26 894 258 217
p 2 0 23 897 252 216
p 2 0 21 899 256 214
p 2 0 7 913 210 204
p 2 0 8 912 219 203
p 2 0 5 915 210 201
p 2 0 22 898 256 216
p 2 0 14 906 236 207
p 2 0 11 909 230 207
p 2 0 3 917 202 199
p 2 0 1 919 199 198
p 2 0 5 915 208 202
p 2 0 5 915 208 200
p 2 0 6 914 211 203
p 2 0 3 917 202 199
p 2 0 2 918 202 199
p 2 0 8 912 215 202
p 2 0 9 911 206 204
p 2 0 7 913 206 202
p 2 0 3 917 204 200
p 2 0 6 914 208 202
p 2 0 3 917 205 200
p 2 0 8 912 214 203
p 2 0 5 915 209 202
p 2 0 4 916 206 200
p 2 0 5 915 206 201
p 2 0 1 919 199 198
p 2 0 5 915 214 201
p 2 0 4 916 209 200
p 2 0 1 919 201 198
p 2 0 1 919 201 198
p 2 0 2 918 203 200
p 2 0 2 918 201 199
p 2 0 0 920 197 197
p 2 0 0 920 197 197
p 2 0 0 920 197 197
p 2 0 0 920 197 197
p 2 0 0 920 197 197
p 2 0 0 920 197 197
i 2 920 0 0 75508 4932
p 2 0 67 853 306 259
p 2 3 82 835 5954 338
p 2 0 57 863 414 256
p 2 8 69 843 4941 358
p 2 0 47 873 360 246
p 2 6 60 854 6183 347
p 2 0 42 878 330 236
p 2 0 67 853 5201 307
p 2 0 51 869 884 250
p 2 0 69 851 5913 311
p 2 0 58 862 406 253
p 2 0 39 881 549 236
p 2 0 13 907 241 208
p 2 0 14 906 232 209
p 2 0 13 907 729 214
p 2 0 18 902 254 213
p 2 0 16 904 246 209
p 2 0 15 905 383 223
p 2 0 8 912 219 206
p 2 0 11 909 224 205
p 2 1 11 908 813 221
p 2 0 12 908 248 209
p 2 0 6 914 218 202
p 2 0 16 904 502 217
p 2 0 7 913 218 203
p 2 0 6 914 214 201
p 2 0 17 903 736 218
p 2 0 14 906 239 208
p 2 0 7 913 215 203
p 2 0 12 908 366 219
p 2 0 6 914 210 204
p 2 0 4 916 206 201
p 2 1 9 910 812 219
p 2 0 9 911 233 206
p 2 0 9 911 216 204
p 2 0 10 910 486 215
p 2 0 7 913 226 204
p 2 0 5 915 210 201
p 2 0 9 911 718 212
p 2 0 8 912 231 204
p 2 0 7 913 216 202
p 2 0 8 912 490 213
p 2 0 6 914 217 203
p 2 0 5 915 210 201
p 2 0 8 912 351 214
p 2 0 2 918 204 199
p 2 0 9 911 209 204
p 2 0 7 913 619 210
p 2 0 13 907 221 206
p 2 0 4 916 208 201
p 2 0 9 911 721 211
p 2 0 6 914 228 204
p 2 0 2 918 204 199
p 2 0 8 912 484 210
p 2 0 5 915 214 202
p 2 0 3 917 207 201
p 2 0 8 912 724 211
p 2 0 10 910 230 205
p 2 0 3 917 205 200
p 2 0 7 913 358 215
p 2 0 4 916 205 202
p 2 0 4 916 206 201
p 2 1 6 913 799 217
p 2 0 4 916 217 201
p 2 0 3 917 209 200
p 2 0 7 913 495 210
p 2 0 8 912 221 205
p 2 0 4 916 205 200
p 2 0 6 914 709 209
p 2 0 5 915 209 201
p 2 0 2 918 200 198
p 2 0 5 915 348 210
p 2 0 7 913 209 205
p 2 0 2 918 198 198
p 2 1 6 913 796 217
p 2 0 5 915 211 202
p 2 0 3 917 202 200
p 2 0 9 911 485 214
p 2 0 6 914 214 203
p 2 0 4 916 207 200
p 2 0 6 914 715 209
p 2 0 7 913 218 203
p 2 0 3 917 205 199
p 2 0 6 914 480 209
p 2 0 4 916 205 201
p 2 0 1 919 198 198
p 2 0 6 914 338 209
p 2 0 3 917 199 199
p 2 0 4 916 202 200
p 2 0 6 914 604 208
p 2 0 4 916 209 200
p 2 0 2 918 200 199
p 2 0 8 912 716 210
p 2 0 5 915 215 202
p 2 0 1 919 199 198
p 2 0 7 913 472 210
p 2 0 4 916 206 201
p 2 0 2 918 200 199
p 2 0 8 912 715 210
p 2 0 5 915 214 202
p 2 0 5 915 208 200
p 2 0 6 914 351 212
p 2 0 6 914 205 203
p 2 0 3 917 199 199
p 2 1 6 913 797 216
p 2 0 3 917 212 201
p 2 0 3 917 207 200
p 2 0 6 914 480 210
p 2 0 7 913 218 204
p 2 0 4 916 204 201
p 2 0 9 911 717 211
p 2 0 3 917 212 201
p 2 0 5 915 206 201
p 2 0 6 914 351 213
p 2 0 6 914 210 206
p 2 0 4 916 202 200
p 2 1 6 913 796 217
p 2 0 3 917 206 200
p 2 0 1 919 198 198
p 2 0 5 915 478 209
p 2 0 6 914 215 203
p 2 0 2 918 200 199
p 2 0 8 912 706 210
p 2 0 5 915 219 202
p 2 0 3 917 203 200
p 2 0 6 914 351 215
p 2 0 6 914 208 204
p 2 0 3 917 199 199
p 2 1 5 914 794 216
p 2 0 3 917 210 200
p 2 0 0 920 197 197
p 2 0 6 914 478 211
p 2 0 4 916 207 201
p 2 0 2 918 200 199
p 2 0 7 913 715 210
p 2 0 3 917 209 200
p 2 0 1 919 198 198
p 2 0 0 920 197 197
p 2 0 1 919 198 198
p 2 0 1 919 199 198
p 2 0 0 920 197 197
p 2 0 0 920 197 197
p 2 0 5 915 476 208
p 2 0 5 915 215 202
p 2 0 4 916 205 201
p 2 0 6 914 339 210
p 2 0 1 919 200 198
p 2 0 5 915 203 201
i 2 920 0 0 84947 5050
p 2 14 882 24 43716 1900
p 2 10 897 13 34075 1779
p 2 7 903 10 34183 1733
p 2 7 902 11 41234 1852
p 2 9 900 11 45755 1852
p 2 12 898 10 35984 1731
p 2 6 905 9 27504 1582
p 2 5 910 5 19395 1502
p 2 3 915 2 9648 1402
p 2 1 917 2 8345 1339
p 2 2 917 1 11262 1327
p 2 6 912 2 15120 1408
p 2 5 915 0 16156 1405
p 2 5 913 2 13300 1365
p 2 4 916 0 9060 1317
p 2 1 917 2 8728 1291
p 2 6 914 0 16995 1407
p 2 4 914 2 26630 1543
p 2 8 909 3 34546 1690
p 2 11 906 3 39742 1825
p 2 10 902 8 42579 1872
p 2 4 914 2 43859 1893
p 2 5 911 4 43174 1890
p 2 12 904 4 43583 1949
p 2 20 895 5 42930 1908
p 2 13 901 6 42622 1896
p 2 6 904 10 39834 1784
p 2 8 902 10 34119 1716
p 2 19 900 1 21251 1687
p 2 7 908 5 15156 1620
p 2 8 900 12 32135 1674
p 2 4 901 15 39903 1779
p 2 4 903 13 41553 1809
p 2 10 894 16 41281 1854
p 2 10 895 15 40087 1820
p 2 10 898 12 32494 1675
p 2 6 905 9 19830 1565
p 2 3 909 8 13297 1479
p 2 7 901 12 35849 1746
p 2 6 909 5 39312 1831
p 2 2 914 4 39956 1851
p 2 9 900 11 38579 1812
p 2 3 899 18 22497 1673
p 2 9 898 13 22692 1654
p 2 18 896 6 37863 1843
p 2 12 891 17 39500 1860
p 2 4 892 24 33222 1676
p 2 13 897 10 10252 1453
p 2 14 900 6 32050 1667
p 2 15 885 20 37807 1801
p 2 12 896 12 32327 1700
p 2 8 902 10 18447 1584
p 2 2 909 9 35993 1744
p 2 9 897 14 35305 1726
p 2 12 889 19 17115 1524
p 2 22 877 21 35667 1779
p 2 17 883 20 24997 1619
p 2 17 877 26 36416 1740
p 2 8 834 78 28628 1517
p 2 5 657 258 6476 1082
p 2 7 481 432 5237 890
p 2 6 359 555 4664 766
p 2 9 373 538 4824 788
p 2 6 289 625 4561 694
p 2 13 290 617 4508 708
p 2 23 286 611 5673 773
p 2 17 337 566 5315 810
p 2 10 273 637 4802 702
p 2 16 289 615 4474 721
p 2 19 273 628 4699 726
p 2 20 300 600 5579 774
p 2 17 290 613 4913 736
p 2 11 277 632 4372 690
p 2 4 245 671 4218 634
p 2 9 248 663 4509 661
p 2 11 241 668 4365 663
p 2 21 243 656 4512 684
p 2 22 237 661 4468 692
p 2 15 227 678 4519 671
p 2 9 229 682 4246 637
p 2 5 236 679 4841 645
p 2 8 269 643 4462 676
p 2 7 257 656 4168 660
p 2 9 228 683 4538 634
p 2 6 244 670 4312 640
p 2 12 240 668 4489 669
p 2 24 247 649 5129 731
p 2 15 229 676 5028 699
p 2 10 240 670 4483 663
p 2 17 244 659 4341 676
p 2 20 239 661 4541 690
p 2 20 222 678 5395 695
p 2 17 240 663 4461 688
p 2 10 235 675 4284 654
p 2 5 234 681 4227 622
p 2 9 230 681 4591 635
p 2 14 222 684 4183 644
p 2 20 217 683 4459 658
p 2 17 231 672 4610 667
p 2 15 223 682 4468 659
p 2 8 232 680 4270 636
p 2 4 250 666 4904 656
p 2 7 240 673 4284 648
p 2 7 223 690 4269 632
p 2 8 235 677 4382 638
p 2 6 228 686 4357 630
p 2 11 223 686 4306 636
p 2 12 226 682 4824 657
p 2 21 216 683 4902 678
p 2 18 217 685 4925 689
p 2 10 229 681 4389 650
p 2 17 216 687 4040 649
p 2 14 225 681 4651 660
p 2 16 222 682 5561 686
p 2 14 222 684 4369 650
p 2 10 225 685 4257 638
p 2 4 225 691 4094 612
p 2 11 209 700 4285 630
p 2 12 877 31 35119 1708
p 2 375 537 8 97212 4252
i 2 920 0 0 84747 5193
p 2 532 380 8 103526 4579
p 2 525 388 7 104626 4552
p 2 412 491 17 100115 4160
p 2 92 820 8 47420 2440
p 2 19 563 338 6295 1170
p 2 11 434 475 4763 917
p 2 14 356 550 4375 843
p 2 10 415 495 5378 940
p 2 5 339 576 4986 887
p 2 8 331 581 5015 899
p 2 11 313 596 5810 894
p 2 8 370 542 4834 885
p 2 8 338 574 5180 851
p 2 14 335 571 6231 877
p 2 8 304 608 4893 807
p 2 16 293 611 4991 820
p 2 17 295 608 6195 860
p 2 7 292 621 4159 770
p 2 3 289 628 4232 747
p 2 9 300 611 5310 822
p 2 10 291 619 4424 783
p 2 7 284 629 4518 769
p 2 13 284 623 5490 831
p 2 10 296 614 4445 805
p 2 15 304 601 4708 822
p 2 14 290 616 5135 819
p 2 9 285 626 4249 760
p 2 14 281 625 4128 767
p 2 11 285 624 4778 787
p 2 2 296 622 4503 800
p 2 12 279 629 4936 852
p 2 11 277 632 4759 855
p 2 12 271 637 4406 815
p 2 117 795 8 24206 2128
p 2 72 842 6 33191 2028
p 2 60 857 3 35820 1978
p 2 58 856 6 37428 1921
p 2 59 854 7 38586 1922
p 2 65 848 7 39175 1921
p 2 56 858 6 39998 1910
p 2 60 853 7 39811 1940
p 2 61 852 7 40650 1983
p 2 61 854 5 39317 1982
p 2 75 840 5 39336 2055
p 2 94 822 4 38014 2157
p 2 121 793 6 37754 2231
p 2 5 897 18 37817 1839
p 2 44 864 12 46780 2212
p 2 35 879 6 53159 2304
p 2 37 871 12 56932 2355
p 2 22 886 12 56542 2228
p 2 40 866 14 56179 2307
p 2 48 855 17 54432 2364
p 2 23 885 12 53749 2198
p 2 20 890 10 49807 2142
p 2 8 910 2 43260 1957
p 2 0 916 4 36595 1721
p 2 0 637 283 2511 887
p 2 0 261 659 815 445
p 2 0 82 838 327 270
p 2 0 194 726 635 374
p 2 0 92 828 391 279
p 2 0 109 811 449 292
p 2 0 86 834 384 274
p 2 0 117 803 499 305
p 2 0 63 857 342 252
p 2 0 42 878 292 234
p 2 0 29 891 267 223
p 2 0 122 798 524 312
p 2 0 44 876 312 234
p 2 0 58 862 348 250
p 2 0 43 877 307 235
p 2 0 134 786 565 321
p 2 0 54 866 325 244
p 2 0 59 861 347 250
p 2 0 62 858 335 253
p 2 0 74 846 383 266
p 2 0 26 894 264 220
p 2 0 23 897 247 215
p 2 0 19 901 237 210
p 2 0 16 904 242 211
p 2 0 14 906 241 210
p 2 0 15 905 232 208
p 2 0 11 909 219 207
p 2 0 9 911 216 204
p 2 0 5 915 205 201
p 2 0 7 913 211 202
p 2 0 1 919 200 198
p 2 0 2 918 201 199
p 2 0 0 920 197 197
p 2 0 2 918 200 198
p 2 0 1 919 199 198
i 2 920 0 0 21271 3578
p 2 2 499 419 6293 744
p 2 0 609 311 8813 779
p 2 0 609 311 8990 799
p 2 11 662 247 3787 792
p 2 9 647 264 8412 841
p 2 0 691 229 9268 869
p 2 5 659 256 8090 872
p 2 0 716 204 8418 892
p 2 4 629 287 9597 832
p 2 1 677 242 9755 889
p 2 1 588 331 9357 826
p 2 4 670 246 7797 884
p 2 4 618 298 8144 865
p 2 8 640 272 5878 897
p 2 6 596 318 3256 811
p 2 0 616 304 3022 791
p 2 0 573 347 2588 729
p 2 3 631 286 3230 811
p 2 0 613 307 4116 766
p 2 17 612 291 3513 879
p 2 12 635 273 3878 887
p 2 0 645 275 3227 848
p 2 0 630 290 2700 792
p 2 16 693 211 7202 928
p 2 3 690 227 12752 903
p 2 4 708 208 8692 957
p 2 0 645 275 10105 977
p 2 1 694 225 12883 996
p 2 19 608 293 13423 1005
p 2 2 723 195 14916 1038
p 2 4 671 245 13253 1085
p 2 34 652 234 13895 1183
p 2 0 692 228 15280 1091
p 2 0 713 207 17547 1104
p 2 1 744 175 13895 1133
p 2 8 701 211 15930 1139
p 2 0 697 223 12629 1156
p 2 8 664 248 13247 1154
p 2 0 685 235 16005 1160
p 2 17 635 268 16661 1194
p 2 0 696 224 14443 1033
p 2 17 680 223 14234 1102
p 2 1 702 217 10015 1021
p 2 13 647 260 6625 972
p 2 0 709 211 4700 930
p 2 7 659 254 6518 929
p 2 3 693 224 11188 967
p 2 11 663 246 17315 1058
p 2 22 655 243 25988 1290
p 2 61 677 182 31527 1541
p 2 67 648 205 30214 1655
p 2 63 647 210 31780 1632
p 2 21 698 201 30603 1514
p 2 4 640 276 19459 1161
p 2 4 682 234 15993 1107
p 2 5 645 270 14272 1046
p 2 7 562 351 8544 945
p 2 5 614 301 8045 1020
p 2 2 593 325 12080 1041
p 2 0 612 308 17167 1091
p 2 11 568 341 14776 1094
p 2 0 627 293 15764 1110
p 2 16 604 300 14441 1084
p 2 0 574 346 15423 1041
p 2 0 627 293 13030 981
p 2 0 615 305 9851 977
p 2 0 606 314 7077 952
p 2 0 590 330 13136 967
p 2 1 639 280 17792 1168
p 2 0 635 285 18640 1183
p 2 0 669 251 17234 1189
p 2 0 653 267 24368 1211
p 2 2 686 232 13881 1191
p 2 0 656 264 6327 1076
p 2 0 640 280 16542 1176
p 2 0 621 299 15672 1190
p 2 31 595 294 15679 1231
p 2 1 612 307 18717 1154
p 2 32 589 299 11141 1050
p 2 0 575 345 7808 885
p 2 0 615 305 18275 1073
p 2 31 561 328 13505 1091
p 2 0 604 316 15898 1038
p 2 2 542 376 11445 957
p 2 0 571 349 7559 910
p 2 0 543 377 14329 955
p 2 1 532 387 12649 946
p 2 0 485 435 11574 823
p 2 0 502 418 5472 762
p 2 12 445 463 16348 917
p 2 55 446 419 20363 1214
p 2 90 474 356 25831 1500
p 2 136 484 300 36475 1880
p 2 106 528 286 43032 1913
p 2 10 603 307 25632 1268
p 2 0 374 546 1302 577
p 2 0 183 737 518 363
p 2 0 171 749 551 353
p 2 0 103 817 362 286
p 2 0 140 780 479 323
p 2 0 60 860 303 247
p 2 0 47 873 277 238
p 2 0 35 885 254 225
p 2 0 50 870 307 240
p 2 0 31 889 247 223
p 2 0 32 888 235 222
p 2 0 58 862 284 246
p 2 0 49 871 252 234
p 2 0 52 868 349 244
p 2 0 23 897 250 218
p 2 0 24 896 255 219
p 2 0 43 877 287 232
p 2 0 28 892 267 222
p 2 0 7 913 215 203
p 2 0 12 908 220 208
p 2 0 6 914 210 202
p 2 0 7 913 213 202
p 2 0 15 905 239 210
p 2 0 8 912 220 204
p 2 0 6 914 211 202
p 2 0 17 903 247 211
p 2 0 10 910 221 205
p 2 0 11 909 232 207
p 2 0 6 914 217 203
p 2 0 4 916 210 201
p 2 0 2 918 205 199
p 2 0 3 917 205 200
p 2 0 1 919 201 198
p 2 0 3 917 208 200
p 2 0 1 919 201 198
p 2 0 1 919 204 199
p 2 0 2 918 201 198
p 2 0 3 917 206 200
p 2 0 1 919 199 198
p 2 0 1 919 202 198
p 2 0 1 919 201 198
p 2 0 1 919 201 198
p 2 0 2 918 201 199
p 2 0 2 918 203 199
p 2 0 1 919 202 198
p 2 0 1 919 200 198
p 2 0 1 919 204 199
i 2 920 0 0 42018 4330
p 2 0 220 700 511 419
p 2 0 208 712 423 384
p 2 0 75 845 272 262
p 2 0 85 835 283 274
p 2 0 28 892 231 224
p 2 2 29 889 723 235
p 2 0 6 914 210 204
p 2 0 6 914 207 203
p 2 0 17 903 969 221
p 2 0 9 911 228 206
p 2 0 7 913 204 201
p 2 0 15 905 460 218
p 2 0 7 913 205 203
p 2 0 3 917 199 199
p 2 3 7 910 917 223
p 2 0 3 917 205 200
p 2 0 1 919 200 198
p 2 0 12 908 679 217
p 2 0 8 912 222 205
p 2 0 5 915 207 201
p 2 0 15 905 940 221
p 2 0 4 916 208 201
p 2 0 1 919 198 198
p 2 0 11 909 456 215
p 2 0 2 918 203 199
p 2 0 0 920 197 197
p 2 3 8 909 920 224
p 2 0 3 917 205 200
p 2 0 2 918 201 199
p 2 0 13 907 458 217
p 2 0 2 918 201 199
p 2 0 4 916 199 199
p 2 3 6 911 920 223
p 2 0 4 916 209 200
p 2 0 0 920 197 197
p 2 0 11 909 678 217
p 2 0 6 914 220 203
p 2 0 0 920 197 197
p 2 0 15 905 957 219
p 2 0 8 912 220 204
p 2 0 5 915 205 202
p 2 0 2 918 198 198
p 2 0 1 919 198 198
p 2 0 0 920 197 197
p 2 0 0 920 197 197
p 2 0 0 920 197 197
p 2 0 1 919 198 198
p 2 0 10 910 666 216
p 2 0 9 911 214 206
p 2 0 11 909 457 214
p 2 0 7 913 210 203
p 2 0 0 920 197 197
i 2 920 0 0 38115 4319
p 2 0 316 604 629 497
p 2 236 381 303 35220 2257
p 2 0 233 687 811 435
p 2 176 274 470 30642 1848
p 2 0 231 689 883 442
p 2 161 252 507 24252 1675
p 2 0 219 701 804 450
p 2 129 239 552 29269 1530
p 2 0 233 687 806 442
p 2 199 234 487 33505 1920
p 2 0 211 709 847 435
p 2 126 300 494 33528 1745
p 2 0 246 674 956 466
p 2 141 310 469 32932 1787
p 2 0 257 663 961 470
p 2 238 233 449 34851 2128
p 2 0 188 732 779 394
p 2 176 251 493 30588 1824
p 2 0 232 688 799 434
p 2 157 255 508 24268 1687
p 2 0 221 699 815 473
p 2 131 252 537 29308 1547
p 2 0 212 708 799 427
p 2 199 217 504 33540 1898
p 2 0 209 711 872 429
p 2 124 294 502 33368 1737
p 2 0 254 666 989 465
p 2 142 305 473 32923 1800
p 2 0 249 671 911 464
i 2 920 0 0 39506 4361
p 2 0 270 650 550 448
p 2 176 384 360 30652 1953
p 2 0 264 656 892 472
p 2 161 284 475 24233 1702
p 2 0 230 690 766 466
p 2 131 238 551 29203 1538
p 2 0 253 667 849 457
p 2 202 219 499 33429 1913
p 2 0 201 719 866 423
p 2 127 302 491 33604 1746
p 2 0 222 698 915 443
p 2 143 295 482 32920 1781
p 2 0 262 658 947 471
p 2 237 215 468 34768 2113
p 2 0 226 694 825 424
p 2 177 230 513 30633 1811
p 2 0 227 693 856 438
p 2 157 249 514 24258 1667
p 2 0 223 697 789 456
p 2 129 236 555 29219 1529
p 2 0 206 714 787 413
p 2 201 212 507 33369 1897
p 2 0 205 715 847 421
p 2 130 296 494 33517 1755
p 2 0 223 697 995 450
p 2 141 299 480 33076 1782
p 2 0 241 679 912 453
i 2 920 0 0 39474 4363
p 2 0 278 642 573 460
p 2 175 364 381 30707 1933
p 2 0 252 668 905 468
p 2 160 285 475 24220 1716
p 2 0 218 702 836 467
p 2 131 247 542 29228 1539
p 2 0 248 672 866 466
p 2 198 225 497 33536 1895
p 2 0 203 717 807 409
p 2 125 294 501 33330 1727
p 2 0 238 682 983 456
p 2 143 293 484 32703 1759
p 2 0 239 681 908 454
i 2 920 0 0 84303 4796
p 2 0 104 816 354 291
p 2 0 48 872 251 239
p 2 0 24 896 665 220
p 2 0 22 898 237 218
p 2 0 9 911 211 202
p 2 0 8 912 752 208
p 2 0 8 912 212 203
p 2 0 8 912 208 204
p 2 0 15 905 697 215
p 2 0 5 915 212 202
p 2 0 10 910 214 204
p 2 0 19 901 737 217
p 2 0 9 911 219 205
p 2 0 10 910 215 205
p 2 1 10 909 497 220
p 2 0 3 917 203 200
p 2 0 0 920 197 197
p 2 1 4 915 742 211
p 2 0 7 913 213 203
p 2 0 0 920 197 197
p 2 0 5 915 701 207
p 2 0 9 911 226 205
p 2 0 6 914 208 202
p 2 0 15 905 738 215
p 2 0 18 902 240 210
p 2 0 7 913 215 203
p 2 1 11 908 503 221
p 2 0 9 911 217 204
p 2 0 4 916 202 201
p 2 1 15 904 750 218
p 2 0 9 911 213 205
p 2 0 10 910 212 205
p 2 0 10 910 710 211
p 2 0 6 914 223 202
p 2 0 2 918 201 199
p 2 0 4 916 715 206
p 2 0 5 915 220 201
p 2 0 6 914 209 201
p 2 0 12 908 706 212
p 2 0 7 913 219 204
p 2 0 0 920 197 197
p 2 2 4 914 502 219
p 2 0 1 919 200 198
p 2 0 3 917 203 201
p 2 0 6 914 643 205
p 2 0 6 914 219 204
p 2 0 3 917 202 199
p 2 0 9 911 740 209
p 2 0 5 915 212 202
p 2 0 5 915 207 202
p 2 1 5 914 503 217
p 2 0 6 914 211 201
p 2 0 5 915 207 201
p 2 1 5 914 739 210
p 2 0 4 916 207 200
p 2 0 5 915 702 207
p 2 0 5 915 213 202
p 2 0 3 917 206 200
p 2 0 4 916 206 201
p 2 0 4 916 723 206
p 2 0 4 916 213 201
p 2 0 4 916 204 201
p 2 0 1 919 198 198
p 2 0 1 919 199 198
p 2 0 0 920 197 197
p 2 0 0 920 197 197
p 2 0 4 916 681 206
p 2 0 3 917 210 201
p 2 2 2 916 482 218
p 2 0 0 920 197 197
p 2 0 0 920 197 197
p 2 96 651 173 17207 1703
p 2 260 507 153 44365 2506
p 2 153 606 161 48639 2187
p 2 107 657 156 48415 2011
p 2 89 688 143 49160 2001
p 2 64 703 153 45720 1888
p 2 32 694 194 38947 1717
p 2 37 661 222 41318 1708
p 2 43 682 195 39221 1752
p 2 51 666 203 38579 1764
p 2 116 559 245 33485 1815
p 2 140 605 175 29128 1847
p 2 0 489 431 2305 753
p 2 0 232 688 847 418
p 2 0 196 724 752 381
p 2 0 75 845 380 262
p 2 0 76 844 403 265
p 2 0 62 858 342 249
p 2 0 56 864 350 247
p 2 0 139 781 636 330
p 2 0 48 872 329 238
p 2 0 62 858 368 253
p 2 0 57 863 358 247
p 2 0 127 793 579 319
p 2 0 50 870 328 239
p 2 0 34 886 288 226
p 2 0 56 864 361 248
p 2 0 58 862 363 249
p 2 0 82 838 434 273
p 2 0 40 880 303 233
p 2 0 43 877 311 232
p 2 0 29 891 280 221
p 2 0 31 889 282 225
p 2 0 15 905 238 210
p 2 0 147 773 617 335
p 2 0 38 882 299 229
p 2 23 430 467 48352 1230
p 2 0 351 569 1611 573
p 2 0 178 742 692 362
p 2 0 140 780 589 330
p 2 0 41 879 288 231
p 2 0 51 869 329 240
p 2 0 47 873 313 240
p 2 0 86 834 429 276
p 2 0 42 878 293 231
p 2 0 32 888 268 223
p 2 0 23 897 259 217
p 2 0 29 891 288 222
p 2 0 20 900 252 213
p 2 0 34 886 292 226
p 2 0 8 912 223 204
p 2 0 13 907 237 208
p 2 0 10 910 225 205
p 2 0 37 883 315 231
p 2 0 12 908 237 207
p 2 0 7 913 213 202
p 2 0 4 916 213 200
p 2 0 16 904 233 210
p 2 0 4 916 205 199
p 2 0 4 916 207 200
p 2 0 17 903 233 211
p 2 0 16 904 231 211
p 2 34 338 548 52500 1309
p 2 0 280 640 1430 510
p 2 13 361 546 48741 1125
p 2 0 284 636 1476 512
p 2 14 413 493 54262 1220
p 2 0 322 598 1559 550
p 2 3 243 674 5000 518
p 2 2 100 818 1543 312
p 2 2 139 779 4324 403
p 2 0 101 819 520 294
p 2 6 116 798 5470 409
p 2 0 66 854 413 261
p 2 2 90 828 4185 354
p 2 2 62 856 1479 280
p 2 3 108 809 4446 383
p 2 0 61 859 390 257
p 2 4 89 827 5274 375
p 2 0 69 851 434 269
p 2 3 87 830 4327 362
p 2 2 58 860 1376 269
p 2 2 79 839 4151 347
p 2 3 412 505 27089 945
p 2 149 285 486 55827 1986
p 2 97 338 485 45796 1638
p 2 56 331 533 33748 1283
p 2 34 307 579 21075 1033
p 2 40 270 610 13654 923
p 2 8 209 703 6168 578
p 2 11 602 307 41687 1466
p 2 0 432 488 1722 658
p 2 0 189 731 658 378
p 2 2 590 328 34355 1232
p 2 0 394 526 1674 611
p 2 0 185 735 656 368
p 2 2 554 364 35496 1221
p 2 0 424 496 1840 637
p 2 0 139 781 567 326
p 2 0 167 753 633 349
p 2 0 123 797 506 307
p 2 0 89 831 466 283
p 2 0 76 844 433 266
p 2 0 30 890 287 225
p 2 0 25 895 260 219
p 2 0 25 895 270 220
p 2 0 34 886 299 226
p 2 0 13 907 231 208
p 2 0 28 892 281 221
p 2 0 14 906 237 208
p 2 0 18 902 244 213
p 2 0 13 907 233 207
p 2 0 13 907 235 207
p 2 0 7 913 219 203
i 2 920 0 0 68081 5018
p 2 0 90 830 337 276
p 2 0 26 894 227 220
p 2 0 11 909 210 206
p 2 0 5 915 205 200
p 2 0 2 918 200 199
p 2 0 2 918 199 199
p 2 0 4 916 204 200
p 2 0 5 915 204 201
p 2 0 2 918 200 198
p 2 0 1 919 198 198
p 2 0 1 919 198 198
p 2 0 5 915 318 203
p 2 0 10 910 214 203
p 2 0 4 916 203 200
p 2 0 8 912 402 207
p 2 0 6 914 210 202
p 2 0 5 915 209 201
p 2 0 8 912 312 208
p 2 0 5 915 209 202
p 2 0 0 920 197 197
p 2 0 8 912 402 208
p 2 0 4 916 208 201
p 2 0 5 915 204 200
p 2 0 8 912 301 210
p 2 0 5 915 205 201
p 2 0 6 914 212 203
p 2 0 8 912 494 208
p 2 0 5 915 206 201
p 2 0 1 919 200 199
p 2 0 8 912 309 207
p 2 0 4 916 204 200
p 2 0 4 916 205 201
p 2 0 7 913 403 206
p 2 0 2 918 201 199
p 2 0 0 920 197 197
p 2 14 137 769 14603 596
p 2 0 102 818 642 310
p 2 0 40 880 295 231
p 2 1 154 765 12238 516
p 2 0 128 792 662 331
p 2 0 41 879 308 235
p 2 6 155 759 13861 553
p 2 0 127 793 666 328
p 2 0 73 847 396 265
p 2 0 40 880 379 238
p 2 0 50 870 313 239
p 2 0 27 893 255 219
p 2 0 84 836 679 277
p 2 0 39 881 294 232
p 2 0 31 889 269 222
p 2 0 35 885 364 229
p 2 0 28 892 268 220
p 2 0 13 907 222 206
p 2 0 23 897 445 221
p 2 0 21 899 245 214
p 2 0 14 906 232 209
p 2 0 7 913 213 204
p 2 0 4 916 205 201
p 2 0 4 916 204 200
p 2 0 15 905 335 214
p 2 0 6 914 206 202
p 2 0 10 910 277 208
p 2 0 11 909 218 205
p 2 0 23 897 240 215
p 2 0 6 914 211 201
p 2 0 10 910 470 210
p 2 0 12 908 232 207
p 2 0 8 912 220 204
p 2 0 6 914 598 208
p 2 0 4 916 208 200
p 2 0 5 915 211 201
p 2 0 16 904 486 217
p 2 0 6 914 213 202
p 2 0 12 908 221 206
p 2 0 13 907 607 214
p 2 0 15 905 241 209
p 2 0 15 905 243 211
p 2 0 8 912 440 212
p 2 0 7 913 213 203
p 2 0 3 917 217 200
p 2 0 8 912 669 210
p 2 0 6 914 216 202
p 2 0 5 915 209 201
p 2 0 7 913 473 211
p 2 0 3 917 209 200
p 2 0 2 918 203 199
p 2 0 6 914 595 208
p 2 0 5 915 218 203
p 2 0 5 915 206 200
p 2 0 5 915 439 211
p 2 0 3 917 208 200
p 2 0 8 912 228 204
p 2 0 6 914 665 208
p 2 0 5 915 209 200
p 2 0 6 914 214 202
p 2 0 7 913 483 211
p 2 0 6 914 212 201
p 2 0 1 919 198 198
p 2 0 8 912 589 209
p 2 0 6 914 216 202
p 2 0 4 916 206 200
p 2 0 6 914 476 211
p 2 0 12 908 226 207
p 2 0 1 919 199 198
p 2 0 5 915 347 207
p 2 0 3 917 202 199
p 2 0 2 918 201 199
p 2 0 6 914 455 206
p 2 0 2 918 206 199
p 2 0 1 919 199 198
p 2 0 4 916 596 207
p 2 0 2 918 203 199
p 2 0 0 920 197 197
p 2 0 6 914 475 210
p 2 0 3 917 209 200
p 2 0 2 918 202 199
p 2 0 4 916 588 206
p 2 0 5 915 208 201
p 2 0 1 919 199 199
p 2 0 5 915 442 211
p 2 0 4 916 211 202
p 2 0 4 916 223 202
p 2 0 5 915 663 208
p 2 0 6 914 212 202
p 2 0 2 918 201 199
p 2 0 4 916 469 208
p 2 0 1 919 203 199
p 2 0 2 918 199 198
p 2 0 4 916 590 208
p 2 0 2 918 208 199
p 2 0 3 917 207 200
p 2 0 4 916 441 210
p 2 0 5 915 207 202
p 2 0 1 919 198 198
p 2 0 4 916 653 207
p 2 0 4 916 208 200
p 2 0 1 919 199 198
p 2 0 4 916 466 209
p 2 0 3 917 209 200
p 2 0 1 919 199 198
p 2 0 4 916 592 207
p 2 0 1 919 204 198
p 2 0 1 919 201 198
p 2 0 6 914 472 211
p 2 0 5 915 209 201
p 2 0 2 918 201 199
p 2 0 5 915 348 207
p 2 0 3 917 203 200
p 2 0 0 920 197 197
p 2 0 5 915 452 205
p 2 0 2 918 206 199
p 2 0 2 918 201 198
p 2 0 7 913 602 209
p 2 0 4 916 214 201
p 2 0 2 918 201 198
p 2 0 4 916 427 209
p 2 0 4 916 212 202
p 2 0 3 917 204 201
p 2 0 4 916 654 207
p 2 0 3 917 207 200
p 2 0 0 920 197 197
p 2 0 4 916 467 209
p 2 0 5 915 212 202
p 2 0 3 917 204 199
p 2 0 4 916 582 207
p 2 0 4 916 214 201
p 2 0 3 917 203 200
p 2 0 1 919 199 199
p 2 0 0 920 197 197
p 2 0 12 908 221 206
p 2 0 3 917 202 199
p 2 0 6 914 471 211
p 2 0 6 914 216 203
p 2 0 5 915 591 208
p 2 0 4 916 209 201
p 2 0 1 919 199 198
p 2 0 5 915 441 210
p 2 0 4 916 221 201
p 2 0 2 918 202 199
p 2 0 6 914 658 208
p 2 0 3 917 205 200
p 2 0 0 920 197 197
p 2 0 5 915 470 209
p 2 0 6 914 212 202
p 2 0 4 916 209 202
p 2 0 4 916 586 206
p 2 0 3 917 205 199
p 2 0 2 918 201 198
p 2 0 4 916 464 208
p 2 0 4 916 212 201
p 2 0 1 919 199 198
p 2 0 4 916 346 207
p 2 0 2 918 200 199
p 2 0 1 919 198 198
p 2 0 6 914 453 207
p 2 0 3 917 207 200
p 2 0 1 919 199 198
p 2 0 4 916 595 206
p 2 0 2 918 204 198
p 2 0 7 913 209 201
p 2 0 8 912 434 212
p 2 21 159 740 16668 748
p 2 0 135 785 733 344
p 2 15 168 737 14296 713
p 2 0 125 795 682 336
p 2 25 173 722 14144 766
p 2 0 126 794 710 339
p 2 24 192 704 13440 789
p 2 0 141 779 755 358
p 2 0 85 835 445 280
p 2 0 58 862 327 253
p 2 0 56 864 351 249
p 2 0 32 888 271 226
p 2 0 40 880 298 233
p 2 0 30 890 266 224
p 2 0 90 830 438 282
p 2 0 56 864 321 246
p 2 0 37 883 290 230
p 2 0 41 879 539 234
p 2 0 39 881 312 232
p 2 0 18 902 240 212
p 2 0 14 906 393 207
p 2 0 10 910 222 206
p 2 0 19 901 246 214
p 2 0 10 910 452 206
p 2 0 5 915 214 202
p 2 0 3 917 205 200
p 2 0 10 910 315 208
p 2 0 5 915 213 202
p 2 0 6 914 206 201
p 2 0 4 916 449 201
p 2 0 18 902 235 212
p 2 0 21 899 250 216
p 2 0 8 912 378 206
p 2 0 2 918 205 199
p 2 0 4 916 205 200
p 2 0 4 916 443 200
p 2 0 12 908 227 207
p 2 0 12 908 225 207
p 2 0 10 910 379 208
p 2 0 8 912 226 205
p 2 0 10 910 216 204
p 2 0 11 909 283 209
p 2 0 6 914 209 202
p 2 0 3 917 204 199
p 2 0 6 914 334 203
p 2 0 5 915 206 200
p 2 0 2 918 202 199
p 2 0 3 917 433 201
p 2 0 401 519 1676 632
p 2 0 87 833 408 277
p 2 0 24 896 406 220
p 2 0 4 916 205 201
p 2 0 7 913 212 203
p 2 0 2 918 432 200
p 2 0 5 915 204 200
p 2 0 2 918 201 199
p 2 0 5 915 301 202
p 2 0 8 912 211 203
p 2 0 9 911 214 205
p 2 0 3 917 446 200
p 2 0 5 915 211 201
p 2 0 3 917 203 199
p 2 0 19 901 398 215
p 2 0 4 916 211 202
p 2 0 5 915 207 200
p 2 0 7 913 443 205
p 2 0 26 894 264 219
p 2 0 17 903 230 210
p 2 0 8 912 213 203
p 2 0 2 918 202 199
p 2 0 1 919 201 198
p 2 0 4 916 375 202
p 2 0 7 913 209 201
p 2 0 0 920 197 197
p 2 0 4 916 273 202
p 2 0 1 919 199 198
p 2 0 3 917 204 200
p 2 0 2 918 204 199
p 2 0 2 918 201 199
p 2 0 1 919 199 198
p 2 0 0 920 197 197
p 2 0 1 919 198 198
p 2 0 1 919 200 198
p 2 0 0 920 197 197
p 2 0 0 920 197 197
p 2 0 1 919 198 198
p 2 0 2 918 200 198
p 2 0 0 920 197 197
p 2 0 0 920 197 197
p 2 0 0 920 197 197
p 2 0 0 920 197 197
i 2 920 0 0 60784 4397
p 2 13 907 0 32641 1939
p 2 11 909 0 35394 1916
p 2 12 908 0 29294 1808
p 2 9 911 0 32089 1831
p 2 5 914 1 26512 1687
p 2 2 917 1 29159 1712
p 2 5 915 0 26359 1722
p 2 11 909 0 28369 1708
p 2 3 917 0 25214 1590
p 2 7 912 1 25244 1646
p 2 2 918 0 24081 1540
p 2 1 918 1 24581 1520
p 2 0 919 1 22531 1494
p 2 1 917 2 22554 1469
p 2 1 917 2 23074 1423
p 2 0 919 1 22695 1411
p 2 0 897 23 19307 1304
p 2 0 494 426 1941 677
p 2 0 146 774 580 326
p 2 0 260 660 870 433
p 2 0 75 845 437 262
p 2 0 150 770 544 330
p 2 0 123 797 487 303
p 2 0 438 482 1492 614
p 2 0 103 817 426 287
p 2 0 26 894 252 221
p 2 0 266 654 938 441
p 2 0 341 579 1094 510
p 2 0 231 689 807 405
p 2 0 73 847 442 260
p 2 0 131 789 529 314
p 2 0 123 797 481 303
p 2 0 43 877 366 233
p 2 0 54 866 312 241
p 2 0 31 889 264 222
p 2 0 68 852 445 258
p 2 0 26 894 249 216
p 2 0 29 891 259 219
p 2 0 34 886 340 226
p 2 0 38 882 290 230
p 2 0 8 912 217 203
p 2 0 22 898 305 213
p 2 0 21 899 245 214
p 2 0 29 891 275 222
p 2 0 41 879 355 233
p 2 0 23 897 252 216
p 2 0 23 897 240 216
p 2 0 59 861 371 249
p 2 0 52 868 310 244
p 2 0 17 903 236 211
p 2 0 20 900 313 214
p 2 0 32 888 268 223
p 2 0 18 902 232 212
p 2 0 16 904 292 210
p 2 0 11 909 222 208
p 2 0 28 892 256 219
p 2 0 20 900 299 212
p 2 0 27 893 251 220
p 2 0 12 908 221 207
p 2 0 9 911 302 204
p 2 0 6 914 210 202
p 2 0 3 917 206 199
p 2 0 8 912 302 204
p 2 0 5 915 212 202
p 2 0 6 914 209 202
p 2 0 7 913 277 202
p 2 0 4 916 204 199
p 2 0 1 919 199 198
p 2 0 6 914 276 202
p 2 0 9 911 220 204
p 2 0 8 912 218 204
p 2 0 21 899 331 215
p 2 0 12 908 217 207
p 2 0 8 912 217 204
p 2 0 13 907 307 208
p 2 0 6 914 207 201
p 2 0 7 913 210 203
p 2 0 7 913 277 203
p 2 0 2 918 200 198
p 2 0 2 918 201 199
p 2 0 2 918 265 199
p 2 0 9 911 216 203
p 2 0 16 904 234 210
p 2 0 10 910 278 204
p 2 0 6 914 209 201
p 2 0 8 912 216 203
p 2 0 2 918 266 199
p 2 0 1 919 205 198
p 2 0 5 915 209 201
p 2 0 5 915 297 202
p 2 0 11 909 220 205
p 2 0 5 915 203 199
p 2 0 3 917 289 200
p 2 0 4 916 206 200
p 2 0 5 915 208 201
p 2 0 7 913 298 203
p 2 0 4 916 206 201
p 2 0 3 917 204 200
p 2 0 4 916 269 200
p 2 0 5 915 206 202
p 2 0 1 919 199 198
p 2 0 3 917 268 200
p 2 0 3 917 205 199
p 2 0 1 919 201 198
p 2 0 1 919 199 198
p 2 0 2 918 201 199
p 2 0 1 919 199 198
p 2 1 68 851 5568 303
p 2 0 43 877 390 242
p 2 0 94 826 6622 322
p 2 0 80 840 481 276
p 2 0 63 857 5436 310
p 2 0 57 863 417 255
p 2 1 73 846 5206 329
p 2 0 72 848 458 268
p 2 0 29 891 287 225
p 2 0 23 897 251 216
p 2 0 16 904 231 210
p 2 0 48 872 317 237
p 2 0 35 885 284 226
p 2 0 37 883 280 229
p 2 0 44 876 300 235
p 2 0 32 888 272 225
p 2 0 18 902 233 210
p 2 0 10 910 225 205
p 2 0 8 912 222 205
p 2 0 8 912 218 203
p 2 0 4 916 206 200
p 2 0 7 913 213 203
p 2 0 7 913 215 203
p 2 0 3 917 204 201
p 2 0 2 918 200 199
p 2 0 1 919 199 198
p 2 0 4 916 205 202
p 2 0 3 917 205 199
p 2 0 2 918 204 199
p 2 0 2 918 200 199
p 2 0 0 920 197 197
p 2 0 0 920 197 197
p 2 0 1 919 199 198
p 2 0 0 920 197 197
p 2 0 0 920 197 197
i 2 920 0 0 30786 3976
p 2 0 355 565 631 519
p 2 3 559 358 12229 991
p 2 0 275 645 852 470
p 2 6 339 575 13125 798
p 2 0 189 731 769 394
p 2 7 252 661 13775 758
p 2 0 174 746 764 386
p 2 7 226 687 15388 725
p 2 0 159 761 800 372
p 2 2 78 840 571 285
p 2 0 30 890 261 226
p 2 1 49 870 830 251
p 2 0 35 885 263 227
p 2 0 38 882 266 228
p 2 0 20 900 668 221
p 2 0 11 909 217 207
p 2 0 7 913 208 204
p 2 0 32 888 785 233
p 2 0 12 908 225 207
p 2 0 7 913 214 203
p 2 2 8 910 406 219
p 2 0 19 901 245 213
p 2 0 8 912 215 205
p 2 1 15 904 762 219
p 2 0 9 911 219 205
p 2 0 9 911 213 204
p 2 2 18 900 429 228
p 2 0 10 910 212 206
p 2 0 7 913 207 202
p 2 1 10 909 744 216
p 2 0 5 915 207 202
p 2 0 6 914 211 202
p 2 0 14 906 654 218
p 2 0 4 916 208 202
p 2 0 3 917 203 200
p 2 0 8 912 705 210
p 2 0 7 913 220 204
p 2 0 2 918 201 199
p 2 0 1 919 200 198
p 2 0 0 920 197 197
p 2 0 0 920 197 197
p 2 0 10 910 644 214
p 2 0 12 908 218 206
p 2 14 294 612 20997 895
p 2 0 205 715 968 420
p 2 23 320 577 19350 957
p 2 0 250 670 1036 457
p 2 10 338 572 17623 897
p 2 0 251 669 1134 464
p 2 10 337 573 18396 896
p 2 0 247 673 1092 461
p 2 1 148 771 774 349
p 2 0 60 860 343 250
p 2 1 44 875 904 247
p 2 0 26 894 247 219
p 2 0 22 898 226 214
p 2 0 18 902 630 222
p 2 0 44 876 318 237
p 2 0 28 892 244 218
p 2 0 25 895 742 226
p 2 0 47 873 323 240
p 2 0 11 909 222 206
p 2 1 17 902 440 224
p 2 0 7 913 233 203
p 2 0 11 909 224 206
p 2 1 18 901 836 225
p 2 0 14 906 226 208
p 2 0 9 911 219 204
p 2 0 10 910 613 213
p 2 0 7 913 216 202
p 2 0 7 913 203 202
p 2 0 9 911 688 212
p 2 0 12 908 231 208
p 2 0 5 915 207 202
p 2 0 11 909 636 215
p 2 0 5 915 216 201
p 2 0 4 916 207 201
p 2 0 8 912 693 211
p 2 0 4 916 209 201
p 2 0 6 914 215 202
p 2 0 8 912 497 214
p 2 0 8 912 229 205
p 2 0 7 913 231 204
p 2 1 25 894 873 234
p 2 0 7 913 215 204
p 2 0 6 914 211 202
p 2 0 13 907 642 217
p 2 0 9 911 230 205
p 2 0 6 914 213 203
p 2 0 9 911 694 212
p 2 0 7 913 222 203
p 2 0 4 916 206 201
p 2 0 1 919 199 198
p 2 0 5 915 208 201
p 2 0 1 919 198 198
p 2 0 1 919 199 199
p 2 0 6 914 627 211
p 2 0 5 915 221 203
p 2 0 9 911 512 215
p 2 0 7 913 238 206
p 2 0 2 918 201 199
p 2 0 2 918 208 199
p 2 0 2 918 202 199
p 2 0 6 914 215 202
p 2 5 151 764 8226 491
p 2 0 105 815 550 302
p 2 0 70 850 334 258
p 2 3 153 764 9296 511
p 2 0 126 794 607 326
p 2 0 62 858 329 254
p 2 11 149 760 8816 568
p 2 0 91 829 493 292
p 2 0 29 891 256 221
p 2 2 162 756 8016 502
p 2 0 87 833 496 283
p 2 0 332 588 13443 730
p 2 1 232 687 1448 450
p 2 0 209 711 4749 462
p 2 0 84 836 480 283
p 2 0 63 857 549 258
p 2 0 79 841 419 269
p 2 0 28 892 244 220
p 2 0 121 799 4169 372
p 2 0 60 860 372 257
p 2 0 28 892 256 219
p 2 1 320 599 13104 713
p 2 0 202 718 872 397
p 2 0 76 844 402 272
p 2 0 29 891 474 228
p 2 0 18 902 242 214
p 2 0 10 910 219 204
p 2 0 34 886 622 231
p 2 0 13 907 233 206
p 2 0 8 912 216 204
p 2 1 3 916 277 209
p 2 0 4 916 204 201
p 2 0 3 917 204 200
p 2 1 6 913 613 212
p 2 0 6 914 213 203
p 2 0 5 915 209 200
p 2 0 7 913 429 207
p 2 0 3 917 203 199
p 2 0 2 918 201 199
p 2 0 16 904 591 215
p 2 0 8 912 222 204
p 2 0 7 913 210 202
p 2 1 7 912 286 212
p 2 0 5 915 209 201
p 2 0 4 916 204 201
p 2 1 5 914 611 210
p 2 0 4 916 209 200
p 2 0 1 919 200 198
p 2 0 4 916 423 204
p 2 0 3 917 208 200
p 2 0 1 919 201 198
p 2 0 5 915 559 205
p 2 0 3 917 205 200
p 2 0 1 919 198 198
p 2 0 0 920 197 197
p 2 0 2 918 201 199
p 2 0 1 919 199 199
p 2 0 0 920 197 197
p 2 0 4 916 436 206
p 2 0 2 918 206 199
p 2 0 4 916 340 206
p 2 0 3 917 203 201
p 2 0 2 918 200 199
p 2 0 2 918 199 199
p 2 0 0 920 197 197
p 2 18 321 581 21870 1000
p 2 0 242 678 1107 461
p 2 36 318 566 21994 1083
p 2 0 241 679 1023 457
p 2 47 307 566 22307 1148
p 2 0 250 670 1098 476
p 2 11 322 587 19229 918
p 2 0 238 682 1069 455
p 2 12 314 594 19526 906
p 2 0 256 664 1057 462
p 2 1 141 778 828 347
p 2 0 65 855 320 254
p 2 0 37 883 280 230
p 2 1 34 885 815 240
p 2 0 27 893 268 220
p 2 0 15 905 231 210
p 2 0 24 896 625 230
p 2 0 12 908 244 208
p 2 0 13 907 237 208
p 2 0 14 906 744 219
p 2 0 37 883 301 231
p 2 0 13 907 237 210
p 2 1 18 901 510 232
p 2 0 19 901 252 216
p 2 0 40 880 320 236
p 2 1 25 894 810 230
p 2 0 17 903 258 213
p 2 0 8 912 225 204
p 2 0 16 904 615 222
p 2 0 10 910 245 208
p 2 0 13 907 241 210
p 2 0 13 907 739 217
p 2 0 9 911 243 207
p 2 0 6 914 223 202
p 2 0 11 909 594 218
p 2 0 11 909 246 207
p 2 0 4 916 228 203
p 2 0 7 913 420 212
p 2 0 7 913 232 205
p 2 0 5 915 224 202
p 2 1 6 913 604 213
p 2 0 5 915 229 202
p 2 0 1 919 211 199
p 2 0 9 911 733 214
p 2 0 8 912 245 207
p 2 0 4 916 217 200
p 2 1 9 910 493 224
p 2 0 5 915 225 202
p 2 0 5 915 229 203
p 2 1 10 909 779 218
p 2 0 9 911 246 208
p 2 0 2 918 212 200
p 2 1 8 911 485 222
p 2 0 5 915 229 203
p 2 0 4 916 221 202
p 2 1 9 910 770 216
p 2 0 6 914 235 205
p 2 0 8 912 228 205
p 2 0 9 911 591 216
p 2 0 9 911 239 206
p 2 0 6 914 229 205
p 2 0 10 910 727 216
p 2 0 5 915 233 203
p 2 0 4 916 216 201
p 2 0 3 917 215 201
p 2 0 1 919 210 199
p 2 0 9 911 595 216
p 2 0 5 915 230 202
p 2 0 8 912 430 214
p 2 0 5 915 220 203
p 2 0 4 916 216 202
p 2 0 3 917 214 201
p 2 0 2 918 212 200
p 2 1 6 913 597 213
p 2 0 6 914 233 204
p 2 0 4 916 229 202
p 2 0 10 910 742 217
p 2 0 7 913 236 205
p 2 0 2 918 214 200
p 2 0 9 911 594 216
p 2 0 337 583 1293 554
p 2 0 149 771 464 329
p 2 0 94 826 817 280
p 2 0 29 891 271 226
p 2 0 35 885 249 227
p 2 1 14 905 492 228
p 2 0 22 898 251 218
p 2 0 7 913 231 206
p 2 1 11 908 774 222
p 2 0 7 913 237 206
p 2 0 11 909 229 208
p 2 0 11 909 597 217
p 2 0 6 914 242 204
p 2 0 7 913 221 203
p 2 0 12 908 723 215
p 2 0 15 905 249 212
p 2 0 3 917 215 201
p 2 1 8 911 484 223
p 2 0 10 910 238 207
p 2 0 8 912 230 204
p 2 1 24 895 793 230
p 2 0 16 904 252 212
p 2 0 14 906 230 209
p 2 0 14 906 601 220
p 2 0 7 913 233 205
p 2 0 4 916 215 202
p 2 0 12 908 726 218
p 2 0 7 913 234 205
p 2 0 7 913 226 203
p 2 0 16 904 616 221
p 2 0 14 906 248 210
p 2 0 6 914 233 203
p 2 0 14 906 434 216
p 2 0 13 907 241 209
p 2 0 3 917 214 201
p 2 1 5 914 594 212
p 2 0 6 914 225 204
p 2 0 3 917 213 201
p 2 0 17 903 751 220
p 2 0 18 902 271 215
p 2 0 4 916 219 201
p 2 0 13 907 602 219
p 2 0 7 913 236 204
p 2 0 6 914 225 202
p 2 0 10 910 710 215
p 2 0 10 910 244 208
p 2 0 2 918 214 200
p 2 1 9 910 487 223
p 2 0 8 912 238 207
p 2 0 5 915 224 201
p 2 1 7 912 600 213
p 2 0 9 911 222 204
p 2 0 7 913 214 202
p 2 0 13 907 737 217
p 2 0 13 907 239 209
p 2 0 9 911 217 204
p 2 1 8 911 485 222
p 2 0 6 914 217 203
p 2 0 4 916 220 202
p 2 1 9 910 776 217
p 2 0 7 913 231 205
p 2 0 2 918 211 200
p 2 0 9 911 603 216
p 2 0 5 915 229 204
p 2 0 4 916 228 202
p 2 0 9 911 719 214
p 2 0 7 913 238 207
p 2 0 1 919 210 199
p 2 0 2 918 215 201
p 2 0 2 918 212 200
p 2 0 822 98 11695 1202
p 2 2 908 10 6098 1237
p 2 2 917 1 13787 1496
p 2 14 904 2 13533 1486
p 2 29 890 1 12228 1511
p 2 43 877 0 24100 1778
p 2 51 868 1 30697 1933
p 2 41 868 11 31632 1915
p 2 59 600 261 26455 1611
p 2 62 493 365 23992 1409
p 2 69 454 397 25612 1465
p 2 55 503 362 25676 1449
p 2 1 469 450 14730 908
p 2 2 450 468 16298 903
p 2 0 458 462 15387 899
p 2 0 439 481 16079 888
p 2 2 406 512 15111 858
p 2 1 413 506 16439 881
p 2 0 412 508 15620 853
p 2 1 404 515 16395 868
p 2 1 388 531 15152 844
p 2 2 382 536 16445 834
p 2 3 397 520 15069 847
p 2 3 395 522 16569 868
p 2 2 405 513 15395 845
p 2 2 380 538 16700 827
p 2 0 387 533 15693 833
p 2 3 382 535 16677 846
p 2 2 385 533 15832 853
p 2 0 386 534 16778 854
p 2 0 388 532 15723 841
p 2 0 384 536 16711 840
p 2 1 383 536 15749 827
p 2 1 384 535 17160 838
p 2 1 390 529 16027 847
p 2 3 381 536 16899 841
p 2 1 388 531 15846 843
p 2 1 388 531 17339 854
p 2 1 388 531 15905 842
p 2 1 385 534 16526 812
i 2 920 0 0 51015 4194
p 2 7 913 0 19974 1590
p 2 12 908 0 20736 1607
p 2 4 916 0 21304 1632
p 2 9 911 0 21456 1648
p 2 18 902 0 21520 1665
p 2 1 919 0 22107 1647
p 2 17 903 0 21531 1687
p 2 19 901 0 20855 1675
p 2 31 889 0 20176 1697
p 2 28 892 0 21832 1727
p 2 3 917 0 22716 1651
p 2 0 920 0 22700 1609
p 2 5 915 0 24906 1692
p 2 30 890 0 24558 1751
p 2 20 900 0 25762 1724
p 2 15 905 0 27132 1733
p 2 24 896 0 27275 1754
p 2 10 910 0 28453 1727
p 2 10 910 0 29399 1714
p 2 18 902 0 30270 1716
p 2 11 909 0 30408 1682
p 2 24 896 0 30986 1752
p 2 26 894 0 29971 1716
p 2 7 913 0 29831 1677
p 2 6 914 0 29825 1664
p 2 8 912 0 30093 1669
p 2 8 912 0 29083 1705
p 2 11 909 0 30281 1712
p 2 28 892 0 29869 1723
p 2 8 912 0 29469 1668
p 2 13 907 0 29281 1673
p 2 10 910 0 28968 1640
p 2 2 918 0 29193 1614
p 2 2 918 0 29135 1611
p 2 1 918 1 29170 1621
p 2 3 917 0 29467 1629
p 2 3 916 1 30097 1627
p 2 11 909 0 30739 1630
p 2 3 916 1 30594 1672
p 2 1 918 1 31201 1654
p 2 24 895 1 30787 1665
p 2 6 914 0 30966 1643
p 2 13 904 3 32094 1729
p 2 9 909 2 31439 1647
p 2 12 908 0 31410 1694
p 2 3 912 5 31033 1654
p 2 2 916 2 31101 1614
p 2 8 908 4 30676 1646
p 2 11 905 4 31117 1668
p 2 8 905 7 31323 1641
p 2 12 908 0 30592 1664
p 2 6 914 0 31454 1696
p 2 3 914 3 29760 1647
p 2 2 911 7 30102 1635
p 2 3 913 4 29749 1648
p 2 2 908 10 29164 1610
p 2 5 911 4 29678 1662
p 2 8 908 4 29503 1619
i 2 920 0 0 63817 3975
p 2 0 897 23 21513 1282
p 2 0 898 22 23783 1280
p 2 1 907 12 26389 1340
p 2 0 914 6 24308 1302
p 2 0 910 10 24429 1310
p 2 1 910 9 26705 1330
p 2 0 909 11 24506 1302
p 2 0 907 13 24614 1310
p 2 0 915 5 26684 1334
p 2 0 910 10 24453 1318
p 2 0 915 5 24398 1311
p 2 0 911 9 27130 1328
p 2 0 910 10 24391 1312
p 2 0 913 7 24580 1317
p 2 0 915 5 27000 1328
p 2 0 913 7 24557 1315
p 2 0 914 6 24737 1316
p 2 1 912 7 27281 1327
p 2 0 914 6 24446 1297
p 2 0 909 11 24367 1311
p 2 0 915 5 26906 1329
p 2 0 915 5 24400 1301
p 2 0 915 5 24785 1301
p 2 0 911 9 27170 1334
p 2 0 913 7 24665 1314
p 2 0 909 11 24685 1308
p 2 1 909 10 26743 1337
p 2 0 910 10 24223 1309
p 2 0 912 8 24493 1314
p 2 0 909 11 27062 1352
p 2 0 913 7 24577 1323
p 2 0 904 16 24791 1318
p 2 2 908 10 27033 1368
p 2 0 916 4 24489 1317
p 2 0 914 6 24450 1332
p 2 1 914 5 27128 1357
p 2 0 916 4 24496 1306
p 2 0 912 8 24634 1331
p 2 0 919 1 27479 1371
p 2 0 909 11 24281 1323
p 2 0 915 5 24675 1323
p 2 0 913 7 27005 1342
p 2 0 915 5 24361 1321
p 2 0 914 6 24832 1331
p 2 1 917 2 27088 1376
p 2 0 914 6 24601 1324
p 2 0 916 4 24881 1329
p 2 3 911 6 27575 1371
p 2 0 912 8 24903 1317
p 2 0 914 6 24932 1345
p 2 0 917 3 28046 1373
p 2 0 916 4 25235 1332
p 2 0 914 6 25135 1330
p 2 1 909 10 28834 1365
p 2 0 912 8 25109 1338
p 2 0 908 12 25252 1333
p 2 0 913 7 28243 1367
p 2 0 907 13 25079 1320
p 2 0 910 10 25645 1341
p 2 0 907 13 27991 1375
p 2 0 914 6 25229 1338
p 2 0 912 8 25323 1325
p 2 1 910 9 27883 1371
p 2 0 916 4 25223 1338
p 2 0 913 7 25011 1337
p 2 0 913 7 28492 1385
p 2 0 913 7 25356 1349
p 2 0 915 5 25293 1340
p 2 0 915 5 29026 1381
p 2 0 915 5 24751 1335
p 2 0 916 4 25068 1339
p 2 0 918 2 28321 1387
p 2 0 914 6 25085 1345
p 2 0 916 4 25438 1347
p 2 0 910 10 27878 1372
p 2 0 912 8 24780 1342
p 2 0 919 1 24788 1332
p 2 0 914 6 27458 1372
p 2 0 916 4 25060 1344
p 2 0 902 18 24839 1326
p 2 0 915 5 27473 1370
p 2 0 913 7 24934 1326
p 2 0 914 6 24683 1332
p 2 1 913 6 27661 1379
p 2 0 905 15 24553 1330
p 2 0 916 4 24649 1336
p 2 1 911 8 27545 1376
p 2 0 913 7 24361 1335
p 2 0 916 4 24915 1341
p 2 0 916 4 27233 1368
p 2 0 908 12 24718 1341
p 2 0 915 5 24927 1343
p 2 0 917 3 27324 1376
p 2 0 910 10 24663 1343
p 2 0 909 11 24400 1346
p 2 0 915 5 26880 1352
p 2 0 905 15 24708 1335
p 2 0 911 9 24322 1345
p 2 1 914 5 27539 1379
p 2 0 914 6 24565 1345
p 2 0 909 11 24603 1342
p 2 0 916 4 27663 1372
p 2 0 912 8 24427 1324
p 2 0 912 8 24845 1330
p 2 0 913 7 27144 1366
p 2 0 918 2 24700 1345
p 2 0 917 3 25013 1340
p 2 0 917 3 27915 1382
p 2 0 919 1 25056 1343
p 2 0 914 6 24893 1347
p 2 1 907 12 27352 1374
p 2 0 916 4 24989 1340
p 2 0 915 5 24868 1342
p 2 0 913 7 27843 1380
p 2 0 913 7 24699 1341
p 2 0 915 5 25052 1331
p 2 0 912 8 27464 1368
p 2 0 913 7 24615 1329
p 2 0 907 13 24897 1335
p 2 3 912 5 27133 1380
p 2 0 913 7 24892 1340
p 2 0 918 2 25239 1354
p 2 0 911 9 27388 1377
p 2 0 913 7 24764 1347
p 2 0 915 5 24954 1351
p 2 0 913 7 27486 1389
p 2 0 910 10 24609 1337
p 2 0 915 5 24720 1342
p 2 0 912 8 27201 1370
p 2 0 912 8 24230 1345
p 2 0 915 5 24387 1337
p 2 0 913 7 26605 1354
p 2 0 914 6 24242 1317
p 2 0 914 6 24419 1333
p 2 0 913 7 26615 1370
p 2 0 918 2 24249 1342
p 2 0 915 5 24417 1341
p 2 1 916 3 26599 1376
p 2 0 917 3 24359 1334
p 2 0 916 4 24434 1338
p 2 0 909 11 26697 1356
p 2 0 911 9 24440 1324
p 2 0 913 7 24473 1329
p 2 0 914 6 26919 1370
p 2 0 913 7 24302 1336
p 2 0 914 6 24451 1345
p 2 0 910 10 26859 1362
p 2 0 911 9 24127 1335
p 2 0 914 6 24370 1341
p 2 0 914 6 26655 1372
p 2 0 916 4 24423 1344
p 2 0 908 12 24457 1334
p 2 0 907 13 26767 1376
p 2 0 917 3 24565 1346
p 2 0 914 6 24121 1334
p 2 0 911 9 26876 1371
p 2 0 914 6 24216 1340
p 2 0 911 9 24281 1345
p 2 1 918 1 26687 1377
p 2 0 915 5 24123 1345
p 2 0 915 5 24198 1332
p 2 0 917 3 26742 1369
p 2 0 914 6 24046 1340
p 2 0 915 5 24522 1350
p 2 1 911 8 27000 1391
p 2 0 907 13 24848 1342
p 2 0 918 2 24463 1338
p 2 0 913 7 26886 1378
p 2 0 917 3 24458 1344
p 2 0 915 5 24401 1357
p 2 0 916 4 26754 1374
p 2 0 912 8 24216 1343
p 2 0 915 5 24213 1334
p 2 0 916 4 26482 1373
p 2 0 913 7 24426 1349
p 2 0 912 8 24346 1341
p 2 1 911 8 26530 1386
p 2 0 910 10 24049 1351
p 2 0 914 6 24657 1350
p 2 1 911 8 26215 1383
p 2 0 917 3 24227 1337
p 2 0 917 3 24208 1355
p 2 0 916 4 26538 1374
p 2 0 908 12 24491 1343
p 2 0 914 6 24623 1355
p 2 0 914 6 26240 1380
p 2 0 910 10 24403 1346
p 2 0 911 9 24224 1344
p 2 0 914 6 26303 1378
p 2 0 913 7 23991 1346
p 2 0 913 7 24540 1357
p 2 0 916 4 26313 1379
p 2 0 914 6 24335 1359
p 2 0 911 9 24256 1362
p 2 0 912 8 26248 1376
p 2 0 918 2 24183 1360
p 2 0 915 5 24246 1354
p 2 0 913 7 26850 1382
p 2 0 919 1 24370 1353
p 2 0 910 10 24547 1360
p 2 0 920 0 26454 1393
p 2 0 915 5 24370 1360
i 2 920 0 0 5581 2892
p 2 279 641 0 12182 2690
p 2 130 790 0 16791 2685
p 2 69 851 0 18993 2522
p 2 43 877 0 23611 2636
p 2 52 868 0 26667 2527
p 2 41 879 0 34524 2589
p 2 46 824 50 21776 1781
p 2 21 757 142 19709 1491
p 2 16 673 231 19588 1326
p 2 10 678 232 16883 1266
p 2 2 673 245 16934 1172
p 2 1 475 444 13812 905
p 2 0 577 343 4675 886
p 2 0 501 419 4360 799
p 2 0 461 459 4601 766
p 2 0 317 603 3777 621
p 2 0 384 536 3784 693
p 2 0 429 491 4524 732
p 2 0 503 417 4333 825
p 2 0 403 517 3960 721
p 2 0 317 603 4408 648
p 2 0 329 591 4012 668
p 2 0 330 590 3975 663
p 2 1 544 375 5014 898
p 2 0 453 467 4435 786
p 2 0 448 472 4116 780
p 2 2 420 498 4907 773
p 2 0 405 515 4076 738
p 2 0 295 625 3917 636
p 2 0 343 577 4510 692
p 2 0 361 559 4307 704
p 2 0 359 561 4105 699
p 2 0 311 609 4670 664
p 2 0 331 589 4093 692
p 2 0 320 600 4597 683
p 2 1 338 581 4729 709
p 2 0 303 617 4413 651
p 2 1 315 604 4523 677
p 2 2 333 585 5011 681
p 2 0 321 599 4084 643
p 2 0 258 662 3443 556
p 2 0 282 638 3917 586
p 2 0 267 653 3305 553
p 2 0 250 670 2963 525
p 2 0 208 712 3539 489
p 2 0 218 702 2817 492
p 2 0 210 710 3099 491
p 2 0 320 600 3442 600
p 2 0 276 644 3096 562
p 2 0 270 650 3053 556
p 2 0 282 638 3626 575
p 2 0 253 667 2810 536
p 2 0 201 719 2876 490
p 2 0 229 691 3392 516
p 2 0 236 684 3420 537
p 2 0 251 669 3249 547
p 2 0 224 696 4000 536
p 2 0 244 676 3508 553
p 2 0 246 674 3807 571
p 2 0 255 665 4077 569
p 2 0 241 679 3668 556
p 2 0 247 673 3647 559
p 2 0 256 664 4345 569
p 2 0 256 664 3625 576
p 2 0 245 675 3845 570
p 2 1 261 658 4250 597
p 2 0 249 671 3750 565
p 2 0 271 649 3584 583
p 2 2 246 672 4283 578
p 2 0 267 653 3583 577
p 2 0 268 652 3747 584
p 2 0 304 616 4373 623
p 2 0 248 672 4091 572
p 2 0 302 618 3949 614
p 2 0 299 621 4572 607
p 2 0 286 634 3565 592
p 2 0 256 664 3672 565
p 2 1 260 659 3947 571
p 2 0 267 653 3773 570
p 2 0 263 657 3477 562
p 2 0 266 654 4067 578
p 2 0 269 651 3375 584
p 2 0 264 656 3625 576
p 2 0 285 635 4046 605
p 2 0 268 652 3573 600
p 2 0 275 645 3758 611
p 2 1 275 644 4290 633
p 2 0 267 653 3693 599
p 2 0 263 657 3850 605
p 2 2 278 640 4308 637
p 2 0 283 637 3882 628
p 2 0 280 640 3736 628
p 2 0 279 641 4321 619
p 2 0 286 634 3638 629
p 2 0 280 640 3990 629
p 2 0 287 633 4375 638
p 2 0 285 635 3984 638
p 2 0 283 637 3940 639
p 2 5 293 622 5461 688
p 2 22 289 609 6649 752
p 2 23 341 556 8483 840
p 2 33 390 497 10842 1003
p 2 41 416 463 14598 1155
p 2 35 511 374 17763 1317
p 2 13 525 382 16077 1171
p 2 8 572 340 14102 1135
p 2 1 547 372 13840 1073
p 2 0 486 434 12673 968
p 2 2 432 486 10115 863
p 2 0 489 431 8597 850
p 2 2 389 529 3077 657
p 2 0 375 545 2303 610
p 2 0 195 725 1934 435
p 2 1 250 669 2592 492
p 2 0 245 675 2237 484
p 2 0 327 593 2212 555
p 2 2 180 738 1955 425
p 2 0 166 754 1704 391
p 2 0 213 707 2113 450
p 2 1 218 701 2528 456
p 2 0 208 712 2055 451
p 2 0 186 734 2100 424
p 2 1 162 757 2364 423
p 2 0 148 772 2074 402
p 2 0 153 767 2048 412
p 2 0 155 765 2613 418
p 2 0 177 743 2184 434
p 2 0 151 769 2289 414
p 2 0 156 764 2241 432
p 2 0 165 755 2461 437
p 2 0 163 757 2380 439
p 2 0 156 764 2488 430
p 2 0 152 768 2396 437
p 2 0 158 762 2516 439
p 2 0 162 758 2478 438
p 2 0 156 764 2689 440
i 2 920 0 0 32009 3985
p 2 0 502 418 768 627
p 2 0 502 418 631 602
p 2 0 203 717 368 359
p 2 0 201 719 366 358
p 2 0 72 848 259 254
p 2 0 85 835 262 261
p 2 0 13 907 207 207
p 2 0 29 891 224 220
p 2 0 5 915 202 201
p 2 0 22 898 215 213
p 2 0 7 913 204 203
p 2 45 238 637 12474 1004
p 2 0 224 696 647 414
p 2 0 160 760 440 345
p 2 78 206 636 12553 1104
p 2 0 212 708 711 417
p 2 0 159 761 413 333
p 2 37 231 652 13858 969
p 2 0 198 722 676 399
p 2 0 122 798 391 306
p 2 32 171 717 13433 851
p 2 0 164 756 596 367
p 2 0 95 825 375 285
p 2 18 183 719 8503 695
p 2 0 137 783 487 329
p 2 0 139 781 456 319
p 2 27 150 743 9007 651
p 2 0 119 801 491 314
p 2 0 71 849 317 259
p 2 31 75 814 6894 545
p 2 0 73 847 375 270
p 2 0 64 856 296 251
p 2 36 67 817 4697 498
p 2 0 75 845 342 263
p 2 0 38 882 255 229
p 2 24 51 845 5939 430
p 2 0 40 880 298 231
p 2 0 32 888 247 222
p 2 18 57 845 7976 441
p 2 0 39 881 321 236
p 2 0 14 906 225 208
p 2 18 74 828 10375 485
p 2 0 50 870 373 249
p 2 0 23 897 249 216
p 2 32 73 815 11952 572
p 2 0 70 850 421 271
p 2 0 38 882 257 228
p 2 32 98 790 14262 633
p 2 0 80 840 455 283
p 2 0 31 889 262 221
p 2 50 99 771 16596 730
p 2 0 84 836 471 282
p 2 0 43 877 268 232
p 2 48 126 746 19525 799
p 2 0 96 824 500 297
p 2 0 42 878 264 233
p 2 54 135 731 23857 880
p 2 0 116 804 625 322
p 2 0 47 873 304 240
p 2 70 153 697 27647 1066
p 2 0 143 777 709 346
p 2 0 39 881 277 233
p 2 86 166 668 30644 1186
p 2 0 153 767 760 362
p 2 0 83 837 408 274
p 2 85 215 620 36014 1329
p 2 0 193 727 871 408
p 2 0 79 841 351 268
p 2 101 228 591 41448 1453
p 2 0 194 726 920 418
p 2 0 96 824 395 286
p 2 118 251 551 42191 1605
p 2 0 226 694 936 436
p 2 0 111 809 402 298
p 2 101 293 526 44285 1584
p 2 0 221 699 1021 438
p 2 0 93 827 399 282
p 2 50 330 540 43133 1340
p 2 0 263 657 1269 484
p 2 0 156 764 600 346
p 2 30 288 602 34067 1055
p 2 0 227 693 1079 443
p 2 0 111 809 509 303
p 2 46 202 672 20922 901
p 2 0 149 771 740 354
p 2 0 78 842 393 268
p 2 27 209 684 21939 833
p 2 0 156 764 786 366
p 2 0 59 861 333 248
p 2 0 34 886 274 226
p 2 0 9 911 218 204
p 2 0 22 898 262 216
p 2 0 9 911 218 203
i 2 920 0 0 50828 3556
p 2 2 917 1 20536 1400
p 2 0 920 0 19911 1456
p 2 0 920 0 19238 1457
p 2 0 920 0 18903 1419
p 2 1 919 0 18441 1433
p 2 0 920 0 18124 1438
p 2 0 920 0 17258 1410
p 2 0 920 0 17180 1408
p 2 0 920 0 17229 1404
p 2 0 920 0 17347 1442
p 2 0 918 2 15388 1387
p 2 0 920 0 15257 1392
p 2 0 920 0 14856 1381
p 2 0 920 0 14283 1387
p 2 0 920 0 14344 1359
p 2 0 920 0 13469 1353
p 2 0 920 0 13195 1355
p 2 1 919 0 12660 1434
p 2 0 920 0 12253 1372
p 2 0 920 0 11301 1378
p 2 0 920 0 10801 1374
p 2 0 920 0 11051 1357
p 2 0 920 0 11432 1376
p 2 0 920 0 11005 1419
p 2 0 920 0 10479 1380
p 2 0 920 0 11069 1418
p 2 0 920 0 10446 1401
p 2 0 920 0 10310 1434
p 2 0 920 0 10727 1387
p 2 0 920 0 10790 1372
p 2 14 906 0 11272 1404
p 2 0 920 0 10385 1383
p 2 0 920 0 10462 1311
p 2 0 919 1 10058 1366
p 2 0 917 3 10261 1323
p 2 0 919 1 9918 1322
p 2 0 920 0 10054 1297
p 2 0 920 0 10284 1324
p 2 0 919 1 10408 1315
p 2 2 918 0 10724 1306
p 2 0 920 0 10174 1325
p 2 0 920 0 11722 1349
p 2 0 920 0 10208 1290
p 2 0 920 0 10361 1286
p 2 0 920 0 10016 1296
p 2 0 920 0 10822 1356
p 2 0 920 0 11696 1365
p 2 0 919 1 10505 1360
p 2 0 920 0 11176 1354
p 2 0 920 0 10999 1421
p 2 0 920 0 11551 1393
p 2 0 920 0 10894 1391
p 2 46 874 0 17643 2113
p 2 37 883 0 21302 2258
p 2 40 879 1 24002 2308
p 2 40 880 0 25493 2279
p 2 41 876 3 28171 2332
p 2 40 880 0 29017 2336
p 2 53 867 0 34715 2370
p 2 63 856 1 32934 2410
p 2 60 860 0 34012 2344
p 2 51 868 1 33461 2313
p 2 37 883 0 34105 2312
p 2 50 868 2 34703 2287
p 2 35 876 9 39243 2230
p 2 56 863 1 34793 2229
p 2 49 865 6 35305 2200
p 2 41 878 1 34592 2129
p 2 44 874 2 34833 2113
p 2 46 873 1 34765 2105
p 2 41 873 6 40197 2074
p 2 0 903 17 29054 1643
p 2 0 903 17 29506 1640
p 2 0 900 20 29348 1608
p 2 0 890 30 30003 1609
p 2 0 894 26 29407 1536
p 2 3 883 34 35781 1608
p 2 0 889 31 29714 1511
p 2 0 887 33 30051 1502
p 2 0 885 35 30712 1505
p 2 0 888 32 30132 1503
p 2 0 906 14 30638 1483
p 2 3 895 22 36555 1574
p 2 0 898 22 30433 1493
p 2 0 897 23 30675 1501
p 2 0 900 20 30629 1509
p 2 0 899 21 30903 1526
p 2 0 885 35 31539 1521
p 2 2 894 24 38145 1593
p 2 0 895 25 31299 1519
p 2 0 898 22 31445 1531
p 2 0 914 6 31835 1559
p 2 0 910 10 31630 1558
p 2 0 913 7 31886 1572
p 2 5 906 9 38526 1664
p 2 0 912 8 31799 1572
p 2 0 916 4 32028 1565
p 2 0 918 2 32010 1570
p 2 0 914 6 32104 1567
p 2 0 914 6 32142 1567
p 2 3 913 4 38691 1649
p 2 0 916 4 32070 1551
p 2 0 912 8 32483 1545
p 2 0 918 2 32618 1549
p 2 0 914 6 33180 1542
p 2 0 915 5 32827 1529
p 2 5 904 11 39482 1661
p 2 0 917 3 32287 1566
p 2 0 914 6 32895 1551
p 2 0 907 13 32772 1584
p 2 0 912 8 32712 1559
p 2 0 909 11 32615 1553
p 2 0 907 13 40834 1641
p 2 0 907 13 33107 1574
p 2 0 908 12 33045 1550
p 2 2 913 5 33394 1549
p 2 0 913 7 33914 1554
p 2 0 919 1 33627 1553
p 2 3 911 6 40647 1623
p 2 0 915 5 33836 1549
p 2 0 908 12 33926 1546
p 2 0 906 14 33817 1557
p 2 0 887 33 34097 1542
i 2 920 0 0 50181 3657
p 2 0 214 706 470 383
p 2 0 131 789 329 312
p 2 0 74 846 264 256
p 2 0 56 864 248 244
p 2 0 42 878 246 232
p 2 0 16 904 215 210
p 2 0 22 898 220 215
p 2 0 18 902 216 211
p 2 0 22 898 222 213
p 2 0 3 917 205 200
p 2 0 4 916 204 201
p 2 0 2 918 201 199
p 2 0 7 913 210 203
p 2 0 1 919 203 198
p 2 0 2 918 205 199
p 2 0 1 919 202 199
p 2 0 4 916 209 201
p 2 26 421 473 36712 1267
p 2 0 270 650 1280 493
p 2 0 121 799 576 312
p 2 27 428 465 37492 1281
p 2 0 302 618 1369 512
p 2 0 92 828 431 281
p 2 35 424 461 39542 1335
p 2 0 304 616 1379 519
p 2 0 163 757 637 351
p 2 22 438 460 41161 1294
p 2 0 298 622 1461 518
p 2 0 123 797 552 316
p 2 25 407 488 34680 1190
p 2 0 873 47 19942 1306
p 2 0 896 24 21416 1335
p 2 27 871 22 40606 1803
p 2 0 912 8 26848 1433
p 2 1 915 4 25377 1413
p 2 61 856 3 44494 1987
p 2 2 906 12 24591 1453
p 2 0 919 1 23017 1467
p 2 60 858 2 48200 2095
p 2 26 860 34 25837 1598
p 2 3 916 1 24468 1486
p 2 16 895 9 44236 1766
p 2 6 911 3 24673 1484
p 2 2 917 1 25408 1458
p 2 16 897 7 42163 1766
p 2 0 908 12 22040 1371
p 2 0 883 37 22013 1345
p 2 0 681 239 8002 941
p 2 0 460 460 1327 627
p 2 0 237 683 535 405
p 2 0 238 682 6333 471
p 2 0 219 701 731 394
p 2 0 99 821 355 285
p 2 0 165 755 6234 411
p 2 0 87 833 470 281
p 2 0 76 844 385 266
p 2 0 132 788 6587 381
p 2 0 83 837 483 279
p 2 0 54 866 316 242
p 2 1 126 793 7642 415
p 2 0 119 801 507 312
p 2 0 49 871 284 241
p 2 0 104 816 6393 357
p 2 0 81 839 514 279
p 2 0 41 879 313 233
p 2 1 98 821 6738 362
p 2 0 58 862 432 254
p 2 0 32 888 267 223
p 2 0 85 835 6322 336
p 2 0 61 859 438 258
p 2 0 32 888 272 223
p 2 0 117 803 6119 365
p 2 0 99 821 535 294
p 2 0 51 869 317 241
p 2 0 110 810 6060 359
p 2 0 92 828 497 286
p 2 0 51 869 311 239
p 2 0 119 801 6525 368
p 2 0 67 853 460 267
p 2 0 43 877 291 235
p 2 5 260 655 24264 752
p 2 0 212 708 1065 420
p 2 0 109 811 485 294
p 2 11 249 660 24733 765
p 2 0 179 741 956 386
p 2 0 87 833 439 275
p 2 5 248 667 24645 750
p 2 0 222 698 1175 432
p 2 0 101 819 476 287
p 2 2 264 654 21487 680
p 2 0 208 712 1044 416
p 2 0 81 839 420 271
p 2 3 258 659 21800 691
p 2 0 221 699 1207 431
p 2 0 115 805 521 306
p 2 0 156 764 778 343
p 2 0 71 849 340 259
p 2 0 30 890 259 221
p 2 0 46 874 460 239
p 2 0 63 857 337 251
p 2 0 84 836 406 272
p 2 0 27 893 261 220
p 2 0 33 887 279 226
p 2 0 50 870 319 242
p 2 0 19 901 242 211
p 2 0 25 895 251 216
p 2 0 15 905 227 210
p 2 0 29 891 428 226
p 2 0 26 894 259 218
p 2 0 21 899 343 219
p 2 0 7 913 216 204
p 2 0 7 913 210 202
p 2 0 4 916 205 200
p 2 0 15 905 393 211
p 2 0 16 904 235 211
p 2 0 10 910 220 205
p 2 0 6 914 397 206
p 2 0 9 911 223 204
p 2 0 9 911 219 204
p 2 0 10 910 335 210
p 2 0 4 916 205 201
p 2 0 2 918 200 199
p 2 0 6 914 422 202
p 2 0 17 903 249 214
p 2 0 7 913 212 203
p 2 0 12 908 394 210
p 2 0 10 910 219 205
p 2 0 3 917 203 199
p 2 0 10 910 392 207
p 2 0 9 911 216 202
p 2 0 2 918 203 199
p 2 0 7 913 341 208
p 2 0 6 914 216 201
p 2 0 4 916 206 200
p 2 0 5 915 426 203
p 2 0 3 917 207 199
p 2 0 2 918 201 198
p 2 0 8 912 342 210
p 2 0 3 917 202 200
p 2 0 1 919 198 198
p 2 0 5 915 426 204
p 2 0 3 917 211 200
p 2 0 1 919 204 199
p 2 0 5 915 372 205
p 2 0 5 915 210 201
p 2 0 2 918 202 199
p 2 0 4 916 383 203
p 2 0 4 916 208 201
p 2 0 1 919 198 198
p 2 0 1 919 198 198
p 2 0 0 920 197 197
p 2 0 6 914 363 205
p 2 0 4 916 204 201
p 2 0 3 917 288 203
i 2 920 0 0 71034 4128
p 2 0 83 837 316 270
p 2 0 26 894 220 219
p 2 0 21 899 1209 221
p 2 0 24 896 244 219
p 2 0 6 914 206 202
p 2 0 33 887 1744 237
p 2 0 22 898 251 216
p 2 0 16 904 224 210
p 2 0 34 886 1733 242
p 2 0 22 898 265 216
p 2 0 11 909 224 206
p 2 1 23 896 1662 235
p 2 0 13 907 261 210
p 2 0 7 913 216 202
p 2 1 31 888 1676 244
p 2 0 16 904 246 213
p 2 0 18 902 239 212
p 2 0 16 904 237 210
p 2 0 18 902 236 212
p 2 0 13 907 217 205
p 2 0 10 910 211 204
p 2 0 6 914 206 201
p 2 0 5 915 204 200
p 2 0 22 898 236 214
p 2 0 16 904 230 210
p 2 0 22 898 233 215
p 2 0 19 901 234 213
p 2 0 15 905 225 209
p 2 0 7 913 204 202
p 2 0 17 903 225 211
p 2 0 14 906 217 206
p 2 0 7 913 209 202
p 2 0 5 915 205 200
p 2 0 8 912 212 204
p 2 0 3 917 203 199
p 2 0 8 912 212 203
p 2 0 6 914 209 201
p 2 0 5 915 205 201
p 2 0 6 914 209 202
p 2 0 6 914 210 202
p 2 0 5 915 208 201
p 2 0 4 916 204 200
p 2 0 4 916 203 200
p 2 0 5 915 205 200
p 2 0 1 919 198 198
p 2 0 0 920 197 197
p 2 0 3 917 202 199
p 2 0 6 914 206 201
p 2 0 3 917 201 199
p 2 0 3 917 202 199
p 2 0 5 915 205 200
p 2 0 4 916 205 201
p 2 0 8 912 213 202
p 2 0 4 916 206 200
p 2 0 7 913 208 202
p 2 0 1 919 200 198
p 2 0 3 917 203 200
p 2 0 4 916 204 200
p 2 0 2 918 201 198
p 2 0 2 918 202 199
p 2 0 2 918 200 199
p 2 0 0 920 197 197
p 2 0 2 918 200 198
p 2 0 1 919 198 198
p 2 0 2 918 201 199
p 2 0 1 919 198 198
p 2 0 3 917 203 199
p 2 0 0 920 197 197
p 2 0 2 918 201 199
p 2 0 1 919 200 198
p 2 0 2 918 201 199
p 2 0 2 918 200 199
p 2 0 2 918 200 199
p 2 0 1 919 199 198
p 2 0 5 915 207 201
p 2 0 8 912 212 204
p 2 0 1 919 198 198
p 2 0 1 919 198 198
p 2 0 0 920 197 197
p 2 0 12 908 219 205
p 2 5 25 890 2416 261
p 2 55 40 825 8668 586
p 2 106 110 704 15915 953
p 2 144 187 589 27632 1351
p 2 152 177 591 34224 1554
p 2 55 330 535 33872 1300
p 2 0 272 648 1148 484
p 2 0 159 761 600 343
p 2 0 59 861 317 248
p 2 0 76 844 382 264
p 2 0 77 843 365 264
p 2 0 83 837 411 272
p 2 0 26 894 257 219
p 2 0 30 890 274 223
p 2 0 27 893 259 220
p 2 0 97 823 475 286
p 2 0 84 836 416 274
p 2 0 57 863 340 249
p 2 0 50 870 335 241
p 2 0 60 860 352 250
p 2 0 21 899 244 214
p 2 0 24 896 256 218
p 2 0 22 898 250 215
p 2 0 31 889 271 222
p 2 0 20 900 246 214
p 2 0 25 895 261 218
p 2 0 12 908 223 207
p 2 0 5 915 210 202
p 2 0 7 913 213 203
p 2 0 8 912 213 204
p 2 0 8 912 215 203
p 2 0 8 912 213 203
p 2 0 5 915 209 202
p 2 0 2 918 202 200
p 2 0 3 917 205 200
p 2 0 6 914 210 202
p 2 0 4 916 212 201
p 2 0 11 909 223 206
p 2 0 9 911 217 204
p 2 0 15 905 229 208
p 2 0 11 909 219 206
p 2 0 9 911 219 204
p 2 0 13 907 227 207
p 2 0 12 908 222 205
p 2 0 6 914 210 202
p 2 0 5 915 205 200
p 2 0 5 915 209 201
p 2 0 8 912 219 204
p 2 0 4 916 204 200
p 2 0 6 914 208 202
p 2 0 7 913 213 202
p 2 0 8 912 212 203
p 2 0 1 919 199 198
p 2 0 4 916 205 201
p 2 0 1 919 198 198
p 2 0 9 911 218 204
p 2 0 6 914 209 201
p 2 0 1 919 200 198
p 2 0 3 917 204 200
p 2 0 10 910 214 205
p 2 0 4 916 206 200
p 2 0 3 917 202 200
p 2 0 6 914 209 202
p 2 0 13 907 224 207
p 2 0 7 913 212 201
p 2 0 7 913 209 201
p 2 0 5 915 210 201
p 2 0 1 919 199 198
p 2 0 1 919 198 198
p 2 0 1 919 198 198
p 2 0 2 918 201 199
p 2 0 4 916 204 201
p 2 0 1 919 200 198
p 2 0 1 919 199 198
p 2 0 4 916 203 199
p 2 0 1 919 200 198
p 2 0 0 920 197 197
p 2 0 0 920 197 197
p 2 0 0 920 197 197
p 2 0 4 916 207 201
p 2 0 1 919 199 198
p 2 0 0 920 197 197
p 2 0 1 919 199 198
p 2 28 100 792 17636 635
p 2 0 85 835 523 282
p 2 9 126 785 16045 546
p 2 2 794 124 31401 1326
p 2 204 714 2 94064 3024
p 2 211 690 19 66638 2879
p 2 185 709 26 64316 2803
p 2 51 836 33 36727 1870
p 2 31 856 33 54574 1962
p 2 33 856 31 52374 2011
p 2 67 851 2 59105 2295
p 2 16 889 15 38163 1698
p 2 11 876 33 39505 1526
p 2 5 892 23 37340 1593
p 2 30 870 20 40932 1773
p 2 0 889 31 26727 1404
p 2 17 903 0 60134 1804
p 2 0 910 10 38756 1601
p 2 28 881 11 33124 1721
p 2 0 885 35 23995 1327
p 2 0 901 19 38157 1500
p 2 1 891 28 39964 1658
p 2 43 872 5 56327 1965
p 2 0 909 11 23956 1421
p 2 0 901 19 45706 1554
p 2 0 897 23 27663 1395
p 2 25 868 27 41510 1752
p 2 0 890 30 28497 1490
p 2 17 899 4 64031 1900
p 2 0 902 18 36472 1525
p 2 31 875 14 35923 1704
p 2 0 896 24 22734 1355
p 2 0 895 25 35466 1480
p 2 1 889 30 41556 1620
p 2 44 874 2 57166 2099
p 2 0 912 8 36985 1618
p 2 0 898 22 36013 1414
p 2 0 896 24 25206 1396
p 2 29 871 20 42390 1817
p 2 0 846 74 9932 1144
p 2 11 905 4 57240 1781
p 2 0 907 13 35729 1494
p 2 36 864 20 34379 1610
p 2 0 884 36 20893 1352
p 2 0 898 22 36577 1512
p 2 0 832 88 11032 1148
p 2 43 876 1 49420 1943
p 2 1 909 10 28646 1534
p 2 0 893 27 36292 1477
p 2 0 892 28 19993 1324
p 2 31 861 28 33918 1590
p 2 0 859 61 22273 1302
p 2 14 902 4 62549 1815
p 2 0 905 15 34493 1526
p 2 24 877 19 35446 1709
p 2 0 896 24 23606 1393
p 2 0 886 34 42819 1486
p 2 0 885 35 33582 1499
p 2 46 866 8 48284 1916
p 2 0 906 14 26410 1470
p 2 0 903 17 43318 1504
p 2 0 897 23 32628 1481
p 2 19 874 27 41484 1763
p 2 0 864 56 21232 1305
p 2 10 903 7 53770 1773
p 2 0 809 111 7785 1104
p 2 33 868 19 34015 1661
p 2 0 885 35 18870 1324
p 2 0 887 33 35483 1413
p 2 0 893 27 34320 1559
p 2 30 885 5 56615 2061
p 2 0 906 14 13735 1310
p 2 0 900 20 43162 1600
p 2 0 900 20 29450 1457
p 2 30 868 22 36678 1720
p 2 0 899 21 33132 1547
p 2 16 903 1 62877 1940
p 2 0 903 17 29980 1516
p 2 30 865 25 32988 1655
p 2 0 844 76 16687 1216
p 2 0 892 28 38996 1507
p 2 0 890 30 34661 1535
p 2 43 873 4 59301 2085
p 2 0 910 10 32932 1592
p 2 0 892 28 36136 1380
p 2 0 896 24 37027 1461
p 2 31 878 11 40310 1697
i 2 920 0 0 43813 3975
p 2 0 435 485 662 571
p 2 0 349 571 502 485
p 2 93 264 563 27089 1187
p 2 0 283 637 723 450
p 2 0 131 789 359 305
p 2 92 267 561 33035 1331
p 2 0 154 766 690 353
p 2 0 102 818 385 289
p 2 105 235 580 37812 1391
p 2 0 200 720 805 401
p 2 0 85 835 347 270
p 2 84 284 552 37763 1376
p 2 0 199 721 944 407
p 2 0 102 818 375 285
p 2 78 319 523 41849 1440
p 2 0 229 691 997 440
p 2 0 92 828 373 276
p 2 102 279 539 43276 1562
p 2 0 203 717 920 413
p 2 0 91 829 373 276
p 2 100 285 535 46657 1598
p 2 0 227 693 1069 442
p 2 0 88 832 390 274
p 2 121 308 491 48542 1736
p 2 0 242 678 1032 453
p 2 0 126 794 478 312
p 2 74 287 559 38262 1360
p 2 0 238 682 931 438
p 2 0 86 834 441 282
p 2 30 239 651 23775 932
p 2 0 182 738 803 386
p 2 0 127 793 501 312
p 2 39 233 648 25029 994
p 2 0 185 735 853 411
p 2 0 93 827 418 281
p 2 1 219 700 14636 518
p 2 0 135 785 673 337
p 2 0 88 832 400 274
p 2 3 163 754 16409 496
p 2 0 154 766 817 354
p 2 0 71 849 384 259
p 2 1 164 755 17884 530
p 2 0 114 806 709 318
p 2 0 59 861 370 250
p 2 4 166 750 19016 541
p 2 0 177 743 944 392
p 2 0 99 821 443 285
p 2 1 103 816 664 296
p 2 0 54 866 306 242
p 2 0 34 886 255 225
p 2 0 34 886 580 226
p 2 0 49 871 316 240
p 2 0 40 880 276 229
p 2 1 26 893 471 228
p 2 0 11 909 213 205
p 2 0 12 908 222 206
p 2 0 10 910 539 206
p 2 0 5 915 211 201
p 2 0 5 915 206 202
p 2 0 19 901 482 217
p 2 0 8 912 215 203
p 2 0 8 912 213 203
p 2 0 8 912 484 205
p 2 0 5 915 214 200
p 2 0 4 916 205 201
p 2 0 3 917 203 199
p 2 0 3 917 202 199
p 2 0 7 913 209 202
p 2 0 0 920 197 197
p 2 0 0 920 197 197
p 2 0 1 919 199 198
p 2 0 0 920 197 197
p 2 0 1 919 199 198
p 2 0 0 920 197 197
p 2 0 0 920 197 197
p 2 0 1 919 199 198
i 2 920 0 0 78640 4554
p 2 0 129 791 402 316
p 2 0 52 868 260 243
p 2 4 81 835 10632 371
p 2 0 67 853 438 265
p 2 0 29 891 260 224
p 2 1 90 829 10037 351
p 2 0 54 866 448 256
p 2 0 36 884 280 229
p 2 5 83 832 10201 370
p 2 0 55 865 464 258
p 2 0 25 895 257 218
p 2 3 98 819 11178 383
p 2 0 82 838 535 281
p 2 5 44 871 3703 287
p 2 13 106 801 12269 459
p 2 14 121 785 8291 446
p 2 0 91 829 483 281
p 2 25 155 740 23170 652
p 2 0 125 795 778 333
p 2 45 100 775 13854 651
p 2 2 148 770 10507 418
p 2 39 148 733 13968 690
p 2 0 95 825 503 282
p 2 36 197 687 28026 839
p 2 0 127 793 776 332
p 2 22 140 758 14927 587
p 2 7 210 703 14123 573
p 2 21 209 690 14615 682
p 2 0 138 782 654 329
p 2 26 198 696 24996 794
p 2 0 125 795 726 328
p 2 0 68 852 372 256
p 2 17 196 707 21995 698
p 2 0 189 731 897 389
p 2 0 59 861 345 252
p 2 29 221 670 27708 849
p 2 0 206 714 974 403
p 2 0 113 807 508 301
p 2 25 248 647 29541 873
p 2 0 185 735 957 391
p 2 0 72 848 387 259
p 2 12 211 697 20012 656
p 2 0 134 786 753 335
p 2 0 95 825 437 282
p 2 12 207 701 22185 681
p 2 0 215 705 1057 415
p 2 0 97 823 440 282
p 2 12 296 612 22758 774
p 2 0 177 743 939 384
p 2 0 117 803 493 306
p 2 15 142 763 9932 508
p 2 0 132 788 607 321
p 2 0 80 840 401 267
p 2 10 162 748 9863 498
p 2 0 83 837 478 278
p 2 0 67 853 371 254
p 2 11 125 784 9434 479
p 2 0 118 802 594 312
p 2 0 54 866 350 247
p 2 6 162 752 10612 496
p 2 0 79 841 522 278
p 2 0 68 852 383 260
p 2 11 105 804 9351 442
p 2 0 95 825 568 293
p 2 0 65 855 369 256
p 2 9 112 799 8635 433
p 2 0 68 852 469 267
p 2 0 59 861 360 250
p 2 3 95 822 7881 391
p 2 0 87 833 518 285
p 2 0 50 870 326 241
p 2 4 147 769 7986 431
p 2 0 110 810 583 306
p 2 0 57 863 335 245
p 2 0 40 880 458 232
p 2 0 48 872 325 239
p 2 0 43 877 303 234
p 2 0 42 878 863 234
p 2 0 28 892 269 220
p 2 0 33 887 282 224
p 2 0 33 887 2158 239
p 2 0 23 897 279 218
p 2 0 16 904 229 207
p 2 7 57 856 4494 332
p 2 0 45 875 357 238
p 2 0 32 888 283 225
p 2 17 42 861 6248 378
p 2 0 50 870 365 243
p 2 0 27 893 266 220
p 2 23 67 830 8008 457
p 2 0 46 874 378 242
p 2 0 22 898 258 215
p 2 18 85 817 10485 496
p 2 0 74 846 467 274
p 2 0 35 885 286 229
p 2 26 112 782 12639 604
p 2 0 79 841 461 276
p 2 0 34 886 271 226
p 2 14 119 787 12678 526
p 2 0 111 809 628 313
p 2 0 53 867 327 242
p 2 14 134 772 12699 555
p 2 0 102 818 591 302
p 2 4 118 798 8659 400
p 2 16 190 714 13746 633
p 2 4 182 734 7968 460
p 2 0 120 800 621 315
p 2 8 202 710 21192 679
p 2 0 174 746 840 375
p 2 1 133 786 7255 397
p 2 0 108 812 585 300
p 2 0 45 875 303 239
p 2 0 48 872 303 236
p 2 0 35 885 290 227
p 2 0 56 864 365 247
p 2 0 33 887 274 224
p 2 0 37 883 279 227
p 2 0 36 884 291 227
p 2 0 113 807 541 302
p 2 0 92 828 440 284
p 2 0 46 874 320 239
p 2 0 46 874 307 237
p 2 0 37 883 297 229
p 2 0 12 908 224 207
p 2 0 20 900 239 212
p 2 0 20 900 246 212
p 2 0 21 899 261 215
p 2 0 11 909 231 208
p 2 0 4 916 205 201
p 2 0 5 915 210 202
p 2 0 3 917 207 200
p 2 0 4 916 209 201
p 2 0 3 917 205 200
p 2 0 4 916 209 202
p 2 0 2 918 204 199
p 2 0 1 919 199 198
p 2 0 3 917 205 200
p 2 0 5 915 210 202
p 2 0 4 916 207 201
p 2 0 4 916 206 200
p 2 0 3 917 206 200
p 2 0 2 918 199 198
i 2 920 0 0 83929 5034
p 2 0 104 816 352 292
p 2 0 54 866 252 240
p 2 9 229 682 22407 719
p 2 0 156 764 867 368
p 2 0 78 842 367 262
p 2 10 236 674 22561 720
p 2 0 154 766 801 354
p 2 0 75 845 372 263
p 2 7 214 699 22496 680
p 2 0 151 769 847 360
p 2 0 60 860 369 252
p 2 5 202 713 22634 637
p 2 0 184 736 986 397
p 2 0 115 805 562 307
p 2 0 55 865 873 250
p 2 0 49 871 325 239
p 2 0 44 876 312 235
p 2 0 70 850 623 265
p 2 0 27 893 267 221
p 2 0 50 870 319 238
p 2 1 47 872 839 248
p 2 0 41 879 305 234
p 2 0 50 870 326 242
p 2 0 65 855 631 263
p 2 0 45 875 302 234
p 2 0 40 880 277 230
p 2 1 42 877 844 243
p 2 0 54 866 333 246
p 2 0 23 897 251 216
p 2 0 23 897 669 223
p 2 0 16 904 231 209
p 2 0 3 917 204 200
p 2 0 7 913 755 208
p 2 0 6 914 210 202
p 2 0 9 911 213 204
p 2 0 2 918 200 199
p 2 0 2 918 201 199
p 2 0 8 912 212 203
p 2 0 6 914 622 208
p 2 0 5 915 214 201
p 2 1 8 911 461 216
p 2 0 2 918 204 199
p 2 0 2 918 202 199
p 2 37 158 725 25934 832
p 2 0 126 794 762 331
p 2 22 164 734 23948 759
p 2 0 153 767 857 363
p 2 38 162 720 23624 827
p 2 0 121 799 724 329
p 2 30 161 729 22132 753
p 2 0 152 768 766 353
p 2 2 107 811 7546 370
p 2 0 71 849 470 269
p 2 0 87 833 7659 336
p 2 0 67 853 455 267
p 2 0 37 883 281 228
p 2 0 14 906 531 210
p 2 0 15 905 232 208
p 2 0 15 905 231 211
p 2 37 138 745 22230 752
p 2 0 105 815 659 307
p 2 19 162 739 24684 732
p 2 0 132 788 791 341
p 2 33 150 737 25033 791
p 2 0 138 782 784 343
p 2 37 152 731 25731 827
p 2 0 128 792 726 333
p 2 0 123 797 6896 370
p 2 1 74 845 690 283
p 2 0 78 842 7141 318
p 2 0 72 848 482 271
p 2 0 107 813 593 302
p 2 0 70 850 400 260
p 2 0 41 879 303 232
p 2 0 33 887 274 223
p 2 0 32 888 293 226
p 2 0 16 904 228 209
p 2 0 17 903 252 212
p 2 0 23 897 255 217
p 2 0 31 889 286 225
p 2 0 13 907 229 208
p 2 0 18 902 246 211
p 2 0 8 912 220 205
p 2 0 15 905 239 208
p 2 0 13 907 231 208
p 2 0 12 908 237 206
p 2 0 14 906 236 208
p 2 0 16 904 246 211
p 2 0 15 905 228 208
p 2 1 15 904 786 221
p 2 0 6 914 217 203
p 2 0 3 917 207 200
p 2 0 8 912 630 211
p 2 0 5 915 213 201
p 2 0 3 917 202 199
p 2 0 16 904 777 216
p 2 0 13 907 232 208
p 2 0 11 909 221 204
p 2 0 10 910 471 216
p 2 0 8 912 216 204
p 2 0 1 919 199 198
p 2 1 5 914 734 214
p 2 0 8 912 216 204
p 2 0 7 913 214 203
p 2 0 9 911 469 215
p 2 0 8 912 219 204
p 2 0 2 918 202 199
p 2 1 7 912 738 214
p 2 0 4 916 209 201
p 2 0 5 915 207 201
p 2 0 6 914 641 209
p 2 0 4 916 213 200
p 2 0 2 918 200 199
p 2 0 8 912 761 210
p 2 0 5 915 218 202
p 2 0 2 918 201 199
p 2 0 1 919 200 198
p 2 0 1 919 200 198
p 2 0 1 919 199 198
p 2 3 81 836 7472 350
p 2 0 51 869 409 249
p 2 1 35 884 530 243
p 2 0 66 854 5223 298
p 2 0 64 856 466 264
p 2 0 24 896 275 220
p 2 1 81 838 5787 328
p 2 0 49 871 391 249
p 2 0 19 901 241 212
p 2 0 20 900 617 216
p 2 0 16 904 238 210
p 2 0 12 908 226 206
p 2 0 12 908 558 209
p 2 0 4 916 210 201
p 2 0 6 914 214 203
p 2 0 7 913 562 205
p 2 0 9 911 226 205
p 2 0 5 915 210 201
p 2 1 13 906 449 214
p 2 0 10 910 229 205
p 2 0 6 914 212 202
p 2 1 7 912 510 211
p 2 0 5 915 208 201
p 2 0 4 916 207 200
p 2 0 13 907 565 209
p 2 0 6 914 213 203
p 2 0 17 903 235 211
p 2 0 11 909 569 207
p 2 0 30 890 268 223
p 2 0 29 891 265 221
p 2 1 16 903 464 216
p 2 0 17 903 238 212
p 2 0 15 905 233 209
p 2 1 6 913 508 211
p 2 0 4 916 207 200
p 2 0 0 920 197 197
p 2 0 5 915 539 204
p 2 0 2 918 201 199
p 2 0 1 919 199 198
p 2 0 5 915 560 203
p 2 0 5 915 214 202
p 2 0 4 916 208 200
p 2 0 20 900 579 217
p 2 0 11 909 224 207
p 2 0 6 914 208 201
p 2 1 7 912 368 209
p 2 0 3 917 203 200
p 2 0 1 919 199 198
p 2 0 11 909 461 205
p 2 0 6 914 212 202
p 2 0 6 914 214 202
p 2 0 7 913 570 204
p 2 0 8 912 219 204
p 2 0 3 917 204 200
p 2 0 3 917 529 202
p 2 0 3 917 209 199
p 2 0 5 915 209 201
p 2 0 4 916 549 202
p 2 0 2 918 209 200
p 2 0 4 916 208 200
p 2 1 5 914 436 208
p 2 0 0 920 197 197
p 2 0 2 918 204 199
p 2 1 3 916 501 208
p 2 0 3 917 205 200
p 2 0 2 918 202 199
p 2 0 4 916 538 202
p 2 0 4 916 210 201
p 2 0 3 917 203 199
p 2 0 4 916 556 201
p 2 0 6 914 210 202
p 2 0 0 920 197 197
p 2 1 4 915 427 207
p 2 0 5 915 209 202
p 2 0 4 916 202 199
p 2 1 3 916 498 208
p 2 0 2 918 202 199
p 2 0 0 920 197 197
p 2 1 4 915 426 208
p 2 0 1 919 201 198
p 2 0 1 919 199 198
p 2 1 2 917 494 207
p 2 0 1 919 199 198
p 2 0 0 920 197 197
p 2 0 3 917 531 202
p 2 0 3 917 205 200
p 2 0 1 919 203 199
p 2 0 4 916 551 202
p 2 0 1 919 199 198
p 2 0 0 920 197 197
p 2 0 0 920 197 197
p 2 0 0 920 197 197
p 2 0 3 917 529 201
p 2 0 3 917 207 200
p 2 1 2 917 359 205
i 2 920 0 0 98322 4607
p 2 0 71 849 308 259
p 2 0 16 904 216 212
p 2 1 64 855 3922 286
p 2 0 39 881 333 237
p 2 0 18 902 232 212
p 2 1 74 845 4470 304
p 2 0 44 876 360 240
p 2 0 16 904 234 211
p 2 19 152 749 16968 608
p 2 0 97 823 571 290
p 2 0 66 854 345 251
p 2 11 195 714 17476 600
p 2 0 148 772 713 341
p 2 0 27 893 275 220
p 2 8 167 745 15478 549
p 2 0 113 807 620 310
p 2 0 100 820 441 285
p 2 38 321 561 29083 1024
p 2 0 247 673 1077 452
p 2 0 63 857 360 254
p 2 14 303 603 27120 845
p 2 0 251 669 1169 452
p 2 0 134 786 543 317
p 2 3 348 569 22855 760
p 2 0 224 696 1099 429
p 2 0 165 755 607 347
p 2 4 374 542 23174 795
p 2 0 239 681 1120 439
p 2 0 118 802 491 301
p 2 16 332 572 27448 924
p 2 0 208 712 991 410
p 2 0 96 824 427 284
p 2 18 380 522 28314 988
p 2 0 267 653 1200 479
p 2 0 129 791 525 313
p 2 10 366 544 26849 923
p 2 0 217 703 1072 427
p 2 0 165 755 598 347
p 2 1 392 527 22607 836
p 2 0 270 650 1246 471
p 2 0 77 843 380 264
p 2 2 326 592 22650 777
p 2 0 285 635 1218 481
p 2 0 177 743 708 363
p 2 0 49 871 424 239
p 2 0 98 822 418 282
p 2 0 82 838 401 267
p 2 0 257 663 999 440
p 2 0 253 667 973 434
p 2 0 108 812 456 290
p 2 0 87 833 526 274
p 2 0 70 850 379 258
p 2 0 52 868 416 241
p 2 0 47 873 324 238
p 2 0 41 879 309 231
p 2 0 39 881 300 230
p 2 0 16 904 308 208
p 2 0 26 894 251 217
p 2 0 10 910 219 205
p 2 0 17 903 343 212
p 2 0 5 915 213 201
p 2 0 12 908 220 207
p 2 0 12 908 328 207
p 2 0 17 903 232 209
p 2 0 15 905 228 208
p 2 0 22 898 366 216
p 2 0 13 907 228 204
p 2 0 9 911 216 204
p 2 0 8 912 328 204
p 2 0 63 857 340 249
p 2 0 11 909 223 207
p 2 0 15 905 348 207
p 2 0 36 884 286 228
p 2 0 51 869 321 240
p 2 0 42 878 392 232
p 2 0 12 908 221 206
p 2 0 23 897 250 215
p 2 0 23 897 347 215
p 2 0 16 904 243 209
p 2 0 9 911 217 204
p 2 0 16 904 342 209
p 2 0 11 909 223 207
p 2 0 18 902 237 210
p 2 0 11 909 327 207
p 2 0 11 909 222 204
p 2 0 7 913 213 202
p 2 0 17 903 332 211
p 2 0 6 914 212 202
p 2 0 5 915 208 200
p 2 0 8 912 312 204
p 2 0 16 904 237 209
p 2 0 5 915 209 202
p 2 0 6 914 306 202
p 2 0 3 917 204 200
p 2 0 29 891 262 220
p 2 0 17 903 320 213
p 2 0 10 910 221 204
p 2 0 22 898 236 212
p 2 0 8 912 333 203
p 2 0 6 914 209 202
p 2 0 1 919 199 198
p 2 0 3 917 204 199
p 2 0 9 911 214 204
p 2 0 3 917 202 199
p 2 0 4 916 205 200
p 2 0 3 917 203 200
p 2 0 5 915 205 200
p 2 0 2 918 202 199
p 2 0 3 917 202 199
p 2 0 1 919 199 198
p 2 0 0 920 197 197
p 2 0 1 919 200 198
p 2 0 3 917 203 200
p 2 0 3 917 204 199
p 2 0 1 919 199 198
p 2 0 1 919 302 198
p 2 0 3 917 208 199
p 2 0 2 918 288 199
i 2 920 0 0 52545 4402
p 2 0 195 725 477 381
p 2 0 154 766 372 338
p 2 0 60 860 263 248
p 2 0 79 841 279 264
p 2 0 21 899 224 216
p 2 0 40 880 565 231
p 2 0 9 911 220 206
p 2 0 11 909 218 208
p 2 0 10 910 670 212
p 2 0 11 909 222 205
p 2 0 3 917 211 200
p 2 0 7 913 410 212
p 2 0 8 912 214 204
p 2 0 2 918 204 198
p 2 2 6 912 655 218
p 2 0 9 911 222 206
p 2 0 6 914 213 203
p 2 0 8 912 411 212
p 2 0 5 915 216 204
p 2 0 2 918 207 200
p 2 2 5 913 660 219
p 2 0 5 915 213 201
p 2 0 7 913 216 202
p 2 0 6 914 571 210
p 2 0 4 916 226 202
p 2 0 5 915 209 201
p 2 0 6 914 636 209
p 2 0 6 914 217 204
p 2 0 17 903 217 209
p 2 0 0 920 197 197
p 2 0 1 919 198 198
p 2 0 7 913 550 209
p 2 0 6 914 211 202
p 2 0 7 913 372 211
p 2 0 6 914 205 203
p 2 0 2 918 200 200
p 2 0 5 915 203 200
p 2 0 1 919 199 198
p 2 0 44 876 3974 274
p 2 0 40 880 527 244
p 2 1 37 882 3374 266
p 2 0 40 880 2942 266
p 2 0 34 886 289 235
p 2 0 23 897 242 217
p 2 0 14 906 663 214
p 2 0 15 905 231 211
p 2 0 12 908 221 208
p 2 0 26 894 441 231
p 2 0 9 911 210 205
p 2 0 16 904 223 211
p 2 2 16 902 666 224
p 2 0 17 903 228 212
p 2 0 11 909 219 208
p 2 0 14 906 549 214
p 2 0 5 915 205 202
p 2 0 2 918 199 199
p 2 0 5 915 639 207
p 2 0 9 911 222 206
p 2 0 4 916 204 201
p 2 0 8 912 405 211
p 2 0 4 916 205 202
p 2 0 5 915 205 200
p 2 2 5 913 646 217
p 2 0 4 916 202 200
p 2 0 2 918 200 200
p 2 0 5 915 530 208
p 2 0 4 916 222 202
p 2 0 0 920 197 197
p 2 0 4 916 631 206
p 2 0 4 916 217 200
p 2 0 1 919 200 198
p 2 0 4 916 526 206
p 2 0 7 913 231 204
p 2 0 2 918 200 198
p 2 0 5 915 371 209
p 2 0 3 917 203 200
p 2 0 5 915 205 201
p 2 0 5 915 528 204
p 2 0 6 914 210 201
p 2 0 1 919 199 198
p 2 0 4 916 651 207
p 2 0 2 918 202 199
p 2 0 2 918 201 199
p 2 0 7 913 526 209
p 2 0 4 916 207 201
p 2 0 4 916 203 201
p 2 0 4 916 636 206
p 2 0 2 918 205 199
p 2 0 1 919 200 198
p 2 0 4 916 400 208
p 2 0 3 917 204 200
p 2 0 1 919 198 198
p 2 2 2 916 638 215
p 2 0 2 918 201 199
p 2 0 1 919 198 198
p 2 0 8 912 405 210
p 2 0 7 913 211 204
p 2 0 2 918 199 199
p 2 2 3 915 639 216
p 2 0 5 915 207 200
p 2 0 1 919 198 198
p 2 0 4 916 531 207
p 2 0 3 917 217 201
p 2 0 3 917 201 199
p 2 0 6 914 639 208
p 2 0 3 917 207 200
p 2 0 1 919 199 198
p 2 0 0 920 197 197
p 2 0 0 920 197 197
p 2 0 0 920 197 197
p 2 0 0 920 197 197
p 2 0 5 915 530 207
p 2 0 4 916 209 201
p 2 0 4 916 371 210
p 2 0 3 917 203 200
p 2 0 1 919 198 198
p 2 0 4 916 201 200
p 2 0 2 918 198 198
p 2 0 1 919 198 198
p 2 0 1 919 199 198
p 2 0 3 917 199 199
p 2 0 0 920 197 197
p 2 0 0 920 197 197
p 2 0 0 920 197 197
p 2 0 0 920 197 197
p 2 0 0 920 197 197
p 2 0 0 920 197 197
p 2 0 0 920 197 197
p 2 0 0 920 197 197
p 2 3 36 881 4787 287
p 2 0 24 896 301 222
p 2 0 42 878 4419 269
p 2 0 29 891 315 227
p 2 0 39 881 3117 248
p 2 0 34 886 358 232
p 2 0 20 900 260 214
p 2 0 10 910 220 204
p 2 0 5 915 210 201
p 2 0 0 920 197 197
p 2 0 0 920 197 197
p 2 0 0 920 197 197
p 2 0 0 920 197 197
i 2 920 0 0 88227 4961
p 2 0 138 782 386 321
p 2 0 81 839 278 262
p 2 0 47 873 625 238
p 2 0 42 878 262 234
p 2 0 15 905 226 210
p 2 0 18 902 618 215
p 2 0 7 913 225 205
p 2 0 8 912 215 205
p 2 0 10 910 567 209
p 2 0 9 911 225 205
p 2 0 6 914 210 202
p 2 0 16 904 575 214
p 2 0 12 908 224 208
p 2 0 6 914 209 202
p 2 0 8 912 613 209
p 2 0 5 915 218 202
p 2 0 3 917 208 201
p 2 0 8 912 658 208
p 2 0 5 915 209 202
p 2 0 2 918 203 199
p 2 0 6 914 567 205
p 2 0 5 915 222 203
p 2 0 5 915 208 202
p 2 0 18 902 583 212
p 2 0 13 907 229 208
p 2 0 9 911 216 205
p 2 0 11 909 624 211
p 2 0 8 912 223 205
p 2 0 4 916 203 200
p 2 0 11 909 657 210
p 2 0 11 909 225 208
p 2 0 5 915 209 201
p 2 0 5 915 552 205
p 2 0 4 916 212 201
p 2 0 5 915 207 201
p 2 0 6 914 552 206
p 2 0 7 913 224 204
p 2 0 2 918 200 199
p 2 0 6 914 539 205
p 2 0 6 914 216 204
p 2 0 2 918 201 199
p 2 0 5 915 571 205
p 2 0 5 915 218 203
p 2 0 3 917 204 200
p 2 0 5 915 575 204
p 2 0 4 916 213 202
p 2 0 5 915 209 203
p 2 0 7 913 588 206
p 2 0 5 915 217 202
p 2 0 4 916 208 201
p 2 0 7 913 549 206
p 2 0 5 915 211 202
p 2 0 2 918 204 199
p 2 0 9 911 559 208
p 2 0 8 912 221 204
p 2 0 4 916 207 201
p 2 0 5 915 607 206
p 2 0 3 917 207 201
p 2 0 4 916 206 201
p 2 0 7 913 650 207
p 2 0 5 915 215 202
p 2 0 3 917 203 200
p 2 0 7 913 559 206
p 2 0 5 915 213 203
p 2 0 4 916 209 201
p 2 0 5 915 552 205
p 2 0 5 915 218 203
p 2 0 3 917 204 200
p 2 0 8 912 609 208
p 2 0 8 912 226 206
p 2 0 3 917 208 200
p 2 0 6 914 641 207
p 2 0 4 916 207 201
p 2 0 6 914 207 203
p 2 0 4 916 553 204
p 2 0 6 914 213 202
p 2 0 1 919 199 198
p 2 0 4 916 556 203
p 2 0 2 918 207 199
p 2 0 2 918 200 199
p 2 0 6 914 554 204
p 2 0 1 919 200 198
p 2 0 1 919 198 198
p 2 0 7 913 569 206
p 2 0 4 916 213 201
p 2 0 3 917 206 200
p 2 0 4 916 652 205
p 2 0 3 917 207 201
p 2 0 1 919 200 198
p 2 0 4 916 556 204
p 2 0 3 917 216 201
p 2 0 4 916 208 201
p 2 0 4 916 554 203
p 2 0 3 917 207 201
p 2 0 3 917 203 199
p 2 0 2 918 200 199
p 2 0 0 920 197 197
p 2 0 0 920 197 197
p 2 0 0 920 197 197
p 2 0 6 914 558 206
p 2 0 4 916 210 201
p 2 15 105 800 13636 552
p 2 0 88 832 532 290
p 2 20 92 808 13458 562
p 2 0 70 850 475 270
p 2 14 111 795 14932 557
p 2 0 98 822 550 296
p 2 29 90 801 15731 609
p 2 0 85 835 515 279
p 2 16 128 776 15990 582
p 2 0 97 823 628 301
p 2 10 108 802 16945 545
p 2 0 105 815 641 308
p 2 0 64 856 357 255
p 2 0 16 904 227 210
p 2 22 113 785 18091 617
p 2 0 94 826 600 296
p 2 0 60 860 372 254
p 2 25 126 769 20419 667
p 2 0 105 815 690 310
p 2 0 37 883 305 228
p 2 26 139 755 21959 697
p 2 0 112 808 709 319
p 2 0 39 881 314 232
p 2 46 140 734 25297 856
p 2 0 114 806 686 322
p 2 0 47 873 320 239
p 2 45 137 738 22832 862
p 2 0 122 798 687 331
p 2 10 148 762 16796 629
p 2 0 115 805 678 328
p 2 12 334 574 29744 951
p 2 0 268 652 1135 476
p 2 12 324 584 25963 927
p 2 0 253 667 1096 465
p 2 8 315 597 22675 846
p 2 0 239 681 1059 442
p 2 43 152 725 8625 670
p 2 0 92 828 469 298
p 2 16 55 849 2146 359
p 2 0 46 874 300 245
p 2 0 34 886 249 228
i 2 920 0 0 43550 3915
p 2 158 274 488 8359 1192
p 2 0 276 644 505 447
p 2 462 162 296 33226 2649
p 2 0 176 744 584 368
p 2 402 236 282 48392 2906
p 2 0 202 718 873 416
p 2 524 250 146 68384 3631
p 2 0 243 677 1018 452
p 2 0 114 806 502 303
p 2 331 435 154 69618 3219
p 2 0 360 560 1440 576
p 2 0 193 727 601 371
p 2 300 361 259 59998 2824
p 2 0 323 597 1215 540
p 2 0 125 795 497 310
p 2 267 296 357 48618 2443
p 2 0 287 633 1043 489
p 2 0 155 765 500 341
p 2 102 349 469 38770 1676
p 2 0 310 610 1379 530
p 2 0 164 756 548 349
p 2 82 288 550 33015 1349
i 2 920 0 0 37949 3645
p 2 9 909 2 17877 1598
p 2 6 914 0 19613 1639
p 2 2 918 0 20097 1646
p 2 15 905 0 17080 1606
p 2 7 912 1 18188 1596
p 2 8 912 0 18197 1606
p 2 4 916 0 17893 1611
p 2 9 911 0 18683 1663
p 2 16 904 0 19739 1717
p 2 6 914 0 18802 1707
p 2 11 908 1 19232 1687
p 2 5 914 1 19003 1648
p 2 7 912 1 17258 1641
p 2 7 910 3 16951 1637
p 2 11 907 2 16907 1686
p 2 12 907 1 16431 1717
p 2 22 896 2 16071 1756
p 2 12 908 0 15867 1705
p 2 12 908 0 16944 1703
p 2 8 912 0 17437 1717
p 2 7 913 0 19206 1754
p 2 17 901 2 19591 1780
p 2 4 914 2 21198 1733
p 2 22 898 0 20690 1774
p 2 7 911 2 20199 1762
p 2 4 915 1 19921 1756
p 2 7 910 3 20345 1778
p 2 5 913 2 20282 1811
p 2 7 909 4 19767 1783
p 2 29 889 2 17746 1835
p 2 13 905 2 16857 1792
p 2 11 908 1 16469 1770
p 2 1 915 4 15955 1702
p 2 2 916 2 18016 1753
p 2 11 908 1 19472 1796
p 2 26 893 1 18906 1815
p 2 30 890 0 18664 1860
p 2 22 898 0 17380 1781
p 2 9 910 1 16140 1698
p 2 6 914 0 14492 1592
p 2 8 912 0 12207 1549
p 2 14 904 2 11955 1521
p 2 33 887 0 14359 1597
p 2 26 894 0 17987 1650
p 2 5 914 1 20060 1612
p 2 16 904 0 20039 1686
p 2 3 914 3 19007 1633
p 2 2 917 1 18881 1630
p 2 2 915 3 20286 1615
p 2 5 915 0 20718 1641
p 2 11 906 3 18478 1641
p 2 4 914 2 18151 1562
p 2 4 915 1 15279 1531
p 2 6 912 2 15509 1501
p 2 12 903 5 18935 1554
p 2 17 896 7 18503 1575
p 2 16 900 4 19410 1616
p 2 16 901 3 17472 1654
p 2 2 914 4 18492 1608
p 2 0 916 4 18431 1527
p 2 5 912 3 17145 1518
p 2 3 912 5 13169 1442
p 2 8 908 4 15549 1495
p 2 9 907 4 19605 1606
p 2 6 910 4 19833 1649
p 2 5 913 2 19259 1646
p 2 2 915 3 20689 1583
p 2 22 894 4 16539 1599
p 2 18 897 5 13263 1545
p 2 0 916 4 16730 1492
p 2 0 919 1 17212 1522
p 2 2 918 0 18032 1564
p 2 0 920 0 18859 1543
p 2 0 917 3 12276 1390
p 2 0 918 2 11114 1392
p 2 0 913 7 16841 1496
p 2 0 915 5 16290 1545
p 2 0 912 8 18063 1516
p 2 0 911 9 10364 1432
p 2 0 914 6 13659 1462
p 2 0 914 6 14461 1486
p 2 0 915 5 16854 1538
p 2 0 910 10 8875 1335
p 2 0 914 6 14720 1447
p 2 0 907 13 13381 1395
p 2 0 909 11 12363 1390
p 2 0 898 22 11086 1310
p 2 0 867 53 12440 1334
p 2 0 802 118 10611 1222
p 2 0 529 391 5737 888
p 2 0 412 508 5173 755
p 2 0 346 574 5348 718
p 2 1 370 549 5372 742
p 2 0 338 582 5509 708
p 2 0 342 578 5388 695
p 2 0 315 605 5428 681
p 2 0 318 602 5508 691
p 2 0 323 597 5873 716
p 2 0 317 603 5700 709
p 2 0 319 601 5799 721
p 2 0 328 592 5943 734
p 2 0 340 580 6092 763
p 2 0 324 596 5343 723
p 2 0 301 619 4830 684
p 2 0 273 647 4362 615
p 2 0 281 639 4363 620
i 2 920 0 0 85276 4821
p 2 0 121 799 386 309
p 2 3 101 816 6937 358
p 2 0 81 839 448 277
p 2 4 72 844 6546 339
p 2 0 55 865 404 253
p 2 11 92 817 7797 402
p 2 0 72 848 464 267
p 2 5 66 849 7001 332
p 2 0 50 870 367 247
p 2 4 77 839 6577 335
p 2 0 54 866 384 252
p 2 6 132 782 12858 454
p 2 0 108 812 614 309
p 2 9 79 832 6155 353
p 2 0 76 844 2194 284
p 2 5 74 841 7024 343
p 2 0 51 869 373 244
p 2 7 119 794 10846 428
p 2 0 104 816 615 301
p 2 4 77 839 6536 342
p 2 0 69 851 1433 267
p 2 8 87 825 6376 362
p 2 0 79 841 480 274
p 2 8 109 803 9641 406
p 2 0 92 828 513 283
p 2 3 89 828 6660 342
p 2 0 51 869 389 246
p 2 4 59 857 6506 325
p 2 0 47 873 379 246
p 2 10 78 832 7711 388
p 2 0 52 868 424 249
p 2 5 70 845 6995 336
p 2 0 47 873 365 242
p 2 3 63 854 6607 318
p 2 0 42 878 366 238
p 2 6 76 838 7946 363
p 2 0 52 868 397 248
p 2 8 51 861 6148 329
p 2 0 36 884 349 235
p 2 5 57 858 6961 325
p 2 0 41 879 368 239
p 2 6 82 832 8102 371
p 2 0 50 870 401 249
p 2 4 53 863 6469 322
p 2 0 41 879 373 242
p 2 8 47 865 6109 325
i 2 920 0 0 28861 4545
p 2 0 199 721 530 396
p 2 32 144 744 4842 545
p 2 45 96 779 6518 624
p 2 66 99 755 8588 731
p 2 0 71 849 381 273
p 2 0 37 883 265 232
p 2 87 101 732 11500 898
p 2 0 79 841 442 282
p 2 89 161 670 12557 992
p 2 0 112 808 546 311
p 2 47 203 670 10025 840
p 2 0 135 785 602 325
p 2 18 209 693 6698 646
p 2 17 299 604 9097 878
p 2 13 395 512 7635 907
p 2 14 450 456 7507 897
p 2 646 267 7 72273 4365
p 2 19 397 504 4681 740
p 2 280 401 239 49161 2590
p 2 4 457 459 6539 731
p 2 198 499 223 57854 2505
p 2 5 476 439 6362 811
p 2 168 545 207 56934 2465
p 2 14 517 389 7251 919
p 2 201 516 203 55123 2467
p 2 0 409 511 2300 650
p 2 160 501 259 56690 2323
p 2 0 400 520 1664 622
p 2 184 515 221 57975 2473
p 2 0 394 526 1659 606
p 2 242 454 224 49594 2526
p 2 2 371 547 2942 614
p 2 248 447 225 52374 2552
p 2 0 381 539 1521 595
p 2 262 405 253 49528 2519
p 2 0 351 569 1463 564
p 2 254 392 274 52930 2476
p 2 20 359 541 6790 766
p 2 201 483 236 52294 2397
p 2 0 370 550 1481 586
p 2 306 449 165 54017 2877
p 2 0 372 548 1550 592
p 2 287 379 254 51960 2650
p 2 34 410 476 9193 910
p 2 205 505 210 59045 2603
p 2 0 399 521 1654 614
p 2 168 554 198 62764 2563
p 2 0 454 466 1969 685
p 2 179 501 240 56046 2340
p 2 20 442 458 13574 879
p 2 194 532 194 58479 2505
p 2 0 427 493 1668 640
p 2 185 538 197 64752 2566
p 2 0 437 483 1808 649
p 2 174 503 243 60072 2387
p 2 37 456 427 17211 1028
p 2 211 484 225 56260 2508
p 2 0 409 511 1713 628
p 2 341 360 219 53498 2861
p 2 0 347 573 1391 552
p 2 316 356 248 52240 2708
p 2 12 381 527 9054 703
p 2 229 457 234 59409 2585
p 2 0 360 560 1499 577
p 2 197 517 206 62328 2585
p 2 0 422 498 1769 642
p 2 201 476 243 55457 2397
p 2 18 405 497 11233 847
p 2 222 457 241 53398 2427
p 2 0 373 547 1479 579
p 2 259 475 186 62878 2828
p 2 0 397 523 1583 601
p 2 220 450 250 56216 2530
p 2 16 419 485 7924 845
p 2 210 479 231 58015 2495
p 2 0 380 540 1620 604
p 2 208 468 244 56887 2451
p 2 0 382 538 1596 599
p 2 170 475 275 58391 2329
p 2 4 398 518 6027 704
p 2 263 403 254 47197 2427
p 2 0 341 579 1405 558
p 2 311 392 217 52164 2731
p 2 0 371 549 1415 583
p 2 227 474 219 59898 2626
p 2 0 406 514 2245 635
p 2 216 450 254 54612 2508
p 2 0 401 519 1600 613
p 2 307 448 165 48756 2745
p 2 0 392 528 1558 600
p 2 273 451 196 52612 2601
p 2 0 423 497 1675 636
p 2 139 563 218 46374 2170
p 2 11 479 430 5372 813
p 2 144 432 344 36772 1901
p 2 10 428 482 5962 770
p 2 80 428 412 26524 1452
p 2 3 381 536 5063 657
p 2 58 432 430 18940 1198
p 2 7 349 564 5530 652
p 2 69 366 485 13774 1095
p 2 22 271 627 5799 657
p 2 54 296 570 9691 896
p 2 12 298 610 5328 640
p 2 8 326 586 4964 657
p 2 0 257 663 1035 457
p 2 5 240 675 10458 527
p 2 0 138 782 577 333
p 2 0 123 797 439 306
p 2 5 169 746 10426 459
p 2 0 213 707 865 406
p 2 0 144 776 526 326
p 2 1 283 636 10826 543
p 2 0 132 788 623 328
p 2 0 148 772 506 326
p 2 1 213 706 12205 495
p 2 0 205 715 832 398
p 2 0 78 842 351 264
p 2 0 67 853 1816 263
p 2 0 53 867 318 242
p 2 0 69 851 343 256
p 2 0 49 871 1748 245
p 2 0 53 867 344 244
p 2 0 35 885 285 227
p 2 0 53 867 1848 253
p 2 0 39 881 315 230
p 2 0 29 891 261 221
p 2 0 31 889 1554 228
p 2 0 16 904 256 214
p 2 0 13 907 226 207
p 2 0 12 908 223 208
p 2 0 13 907 220 207
p 2 0 20 900 228 210
p 2 6 110 804 14080 470
p 2 0 96 824 551 298
p 2 0 41 879 287 231
p 2 3 171 746 13484 492
p 2 0 127 793 664 326
p 2 0 73 847 358 262
p 2 6 149 765 11961 461
p 2 0 110 810 589 308
p 2 0 61 859 334 248
p 2 1 162 757 13317 457
p 2 0 113 807 684 312
p 2 0 82 838 397 270
p 2 0 64 856 2118 265
p 2 0 64 856 378 254
p 2 0 38 882 287 230
p 2 0 51 869 2083 253
p 2 0 23 897 268 218
p 2 0 15 905 232 209
p 2 0 28 892 2062 235
p 2 0 27 893 280 219
p 2 0 7 913 215 203
p 2 0 22 898 2028 229
p 2 0 17 903 251 212
p 2 0 8 912 218 203
p 2 0 21 899 1913 228
p 2 0 31 889 308 225
p 2 0 10 910 228 206
p 2 0 39 881 2042 245
p 2 0 31 889 310 226
p 2 0 8 912 219 204
p 2 0 24 896 2077 229
p 2 0 23 897 267 219
p 2 0 13 907 226 206
p 2 0 30 890 2036 236
p 2 0 14 906 248 210
p 2 16 148 756 18440 621
p 2 0 104 816 621 306
p 2 2 152 766 17170 514
p 2 0 141 779 749 346
p 2 10 152 758 18017 567
p 2 0 127 793 711 329
p 2 7 139 774 17083 526
p 2 0 117 803 682 319
p 2 8 128 784 15905 505
p 2 0 99 821 606 297
p 2 7 130 783 16122 511
p 2 0 113 807 635 313
p 2 12 134 774 18658 563
p 2 0 107 813 635 311
p 2 9 130 781 16769 521
p 2 0 105 815 630 305
p 2 4 137 779 16596 511
p 2 0 106 814 662 308
p 2 17 124 779 18430 569
p 2 0 105 815 592 306
p 2 8 114 798 16484 503
p 2 0 88 832 572 292
p 2 23 104 793 17950 597
p 2 0 96 824 591 296
p 2 12 117 791 18710 540
p 2 0 98 822 594 300
p 2 7 124 789 16861 503
p 2 0 97 823 622 300
p 2 4 122 794 16495 493
p 2 0 89 831 597 293
p 2 17 109 794 18320 560
p 2 0 81 839 548 282
p 2 8 108 804 16453 498
p 2 0 91 829 609 295
p 2 24 101 795 17972 599
p 2 0 78 842 496 277
p 2 12 121 787 18702 541
p 2 0 90 830 566 292
p 2 9 119 792 16728 512
i 2 920 0 0 77477 4753
p 2 0 80 840 324 270
p 2 0 9 911 213 204
p 2 0 7 913 203 203
p 2 0 2 918 200 199
p 2 0 4 916 202 200
p 2 0 0 920 197 197
p 2 0 3 917 199 199
p 2 0 0 920 197 197
p 2 0 9 911 211 204
p 2 0 0 920 197 197
p 2 0 1 919 199 199
p 2 0 2 918 199 198
p 2 14 59 847 7362 383
p 2 0 43 877 338 238
p 2 22 46 852 10619 465
p 2 0 44 876 367 241
p 2 33 89 798 12748 577
p 2 0 69 851 434 263
p 2 41 64 815 13836 614
p 2 0 52 868 414 250
p 2 46 91 783 14180 659
p 2 0 90 830 480 281
p 2 0 69 851 344 257
p 2 36 116 768 14515 643
p 2 0 78 842 504 277
p 2 0 60 860 340 248
p 2 39 96 785 15152 655
p 2 0 62 858 426 260
p 2 0 19 901 250 212
p 2 32 94 794 15831 615
p 2 0 89 831 500 284
p 2 0 43 877 292 233
p 2 33 79 808 16203 617
p 2 0 85 835 499 281
p 2 0 51 869 320 241
p 2 0 53 867 451 243
p 2 0 52 868 315 241
p 2 0 27 893 270 221
p 2 0 23 897 379 217
p 2 0 20 900 244 214
p 2 0 14 906 223 209
p 2 0 20 900 370 214
p 2 0 19 901 243 212
p 2 0 20 900 238 214
p 2 0 9 911 337 204
p 2 0 8 912 216 203
p 2 0 14 906 225 208
p 2 0 47 873 430 237
p 2 0 33 887 279 225
p 2 0 24 896 255 216
p 2 0 25 895 371 216
p 2 0 29 891 265 221
p 2 0 12 908 224 207
p 2 0 25 895 367 219
p 2 0 3 917 200 199
p 2 0 14 906 224 206
p 2 0 11 909 221 204
p 2 0 5 915 211 201
p 2 0 0 920 197 197
p 2 0 2 918 201 199
p 2 0 1 919 199 198
p 2 0 3 917 202 200
p 2 0 8 912 347 203
p 2 0 6 914 213 201
p 2 0 0 920 197 197
p 2 0 4 916 322 201
p 2 0 6 914 210 202
p 2 0 7 913 210 202
p 2 0 13 907 343 208
p 2 0 4 916 208 200
p 2 0 4 916 206 201
p 2 0 9 911 347 204
p 2 0 7 913 212 203
p 2 0 3 917 200 198
p 2 0 7 913 344 204
p 2 0 12 908 219 206
p 2 0 16 904 228 209
p 2 0 7 913 325 202
p 2 0 2 918 203 199
p 2 0 1 919 198 198
p 2 0 3 917 319 199
p 2 0 11 909 224 207
p 2 0 5 915 207 201
p 2 0 9 911 352 204
p 2 0 4 916 205 200
p 2 0 1 919 198 198
p 2 0 5 915 338 201
p 2 0 5 915 211 201
p 2 0 5 915 212 201
p 2 0 4 916 320 200
p 2 0 1 919 200 198
p 2 0 0 920 197 197
p 2 0 3 917 317 200
p 2 0 3 917 201 199
p 2 0 4 916 205 201
p 2 0 3 917 204 200
p 2 0 2 918 201 199
p 2 0 1 919 200 198
p 2 0 8 912 330 204
p 2 0 5 915 208 201
p 2 0 7 913 208 201
p 2 0 8 912 325 205
p 2 0 10 910 216 205
p 2 0 7 913 210 201
p 2 0 0 920 197 197
p 2 0 2 918 203 200
p 2 0 3 917 200 198
p 2 0 4 916 209 201
p 2 0 2 918 201 199
p 2 0 0 920 197 197
p 2 0 4 916 341 201
p 2 0 2 918 201 198
p 2 0 1 919 199 198
p 2 0 3 917 324 200
p 2 0 3 917 203 199
p 2 0 2 918 203 199
p 2 0 4 916 322 201
p 2 0 0 920 197 197
p 2 0 1 919 199 198
p 2 0 5 915 342 201
p 2 0 2 918 203 199
p 2 0 1 919 198 198
p 2 0 7 913 342 204
p 2 0 15 905 230 209
p 2 0 6 914 209 201
p 2 120 67 733 14278 1005
p 2 0 84 836 452 276
p 2 0 63 857 353 253
p 2 0 47 873 435 238
p 2 0 38 882 282 228
p 2 0 19 901 241 213
p 2 0 22 898 380 215
p 2 0 20 900 235 212
p 2 0 12 908 231 207
p 2 0 14 906 365 207
p 2 0 40 880 305 230
p 2 0 20 900 248 213
p 2 107 82 731 10225 851
p 2 0 70 850 400 262
p 2 0 77 843 382 265
p 2 0 25 895 368 216
p 2 0 29 891 256 220
p 2 0 28 892 260 220
p 2 0 100 820 591 289
p 2 0 55 865 322 242
p 2 0 19 901 240 211
p 2 0 54 866 459 243
p 2 0 56 864 347 246
p 2 0 67 853 369 255
p 2 0 39 881 414 228
p 2 0 14 906 230 207
p 2 0 16 904 236 211
p 2 0 17 903 351 211
p 2 0 18 902 235 212
p 2 0 10 910 222 205
p 2 0 14 906 366 208
p 2 0 9 911 222 205
p 2 0 6 914 213 201
p 2 0 9 911 351 204
p 2 0 7 913 216 203
p 2 0 11 909 216 205
p 2 0 5 915 333 202
p 2 0 6 914 210 202
p 2 0 8 912 223 203
p 2 0 8 912 333 204
p 2 0 6 914 212 202
p 2 0 2 918 204 199
p 2 0 11 909 363 206
p 2 0 8 912 219 204
p 2 0 8 912 217 203
p 2 0 9 911 336 203
p 2 0 15 905 232 208
p 2 0 12 908 227 207
p 2 0 9 911 337 204
p 2 0 8 912 219 203
p 2 0 3 917 205 200
p 2 0 7 913 348 203
p 2 0 4 916 203 199
p 2 0 4 916 210 201
p 2 0 6 914 348 203
p 2 0 6 914 212 201
p 2 0 5 915 211 200
p 2 0 4 916 328 200
p 2 0 5 915 212 203
p 2 0 2 918 206 200
p 2 0 6 914 328 202
p 2 0 4 916 209 200
p 2 0 3 917 207 200
p 2 0 6 914 347 201
p 2 0 4 916 208 200
p 2 0 3 917 206 200
p 2 0 5 915 342 201
p 2 0 5 915 212 202
p 2 0 4 916 210 201
p 2 0 11 909 340 205
p 2 0 4 916 208 200
p 2 0 4 916 208 201
p 2 0 7 913 331 204
p 2 0 9 911 220 204
p 2 0 2 918 204 199
p 2 0 8 912 352 203
p 2 0 4 916 212 201
p 2 0 5 915 207 201
p 2 0 3 917 337 199
p 2 0 1 919 199 198
p 2 0 1 919 200 198
p 2 0 5 915 328 201
p 2 0 3 917 207 200
p 2 0 0 920 197 197
p 2 0 2 918 320 199
p 2 0 0 920 197 197
p 2 0 1 919 198 198
p 2 0 3 917 338 201
p 2 0 3 917 205 200
p 2 0 1 919 199 198
p 2 0 3 917 334 200
p 2 0 1 919 198 198
p 2 0 0 920 197 197
p 2 0 1 919 200 198
p 2 0 1 919 200 198
p 2 0 5 915 206 201
p 2 13 213 694 26759 826
p 2 0 165 755 888 375
p 2 13 226 681 26321 857
p 2 0 179 741 1072 386
p 2 16 232 672 26534 875
p 2 0 173 747 928 392
p 2 21 233 666 26239 926
p 2 0 182 738 966 390
p 2 0 217 703 10022 551
p 2 0 128 792 1120 329
p 2 0 190 730 10796 538
p 2 0 145 775 721 340
p 2 237 319 364 21736 1763
p 2 0 205 715 854 431
p 2 197 336 387 43025 1978
p 2 0 307 613 1321 537
p 2 74 467 379 36713 1534
p 2 0 302 618 1421 527
p 2 34 364 522 14403 959
p 2 0 157 763 794 369
p 2 2 229 689 5964 503
p 2 0 196 724 1165 394
p 2 1 179 740 2592 403
p 2 0 147 773 652 340
p 2 0 127 793 1538 330
p 2 0 59 861 348 250
p 2 0 49 871 308 240
p 2 0 42 878 873 237
p 2 0 565 355 2726 820
p 2 0 148 772 636 337
p 2 0 59 861 893 254
p 2 0 18 902 248 212
p 2 0 16 904 234 210
p 2 0 14 906 807 217
p 2 0 67 853 365 258
p 2 0 49 871 314 241
p 2 0 35 885 696 232
p 2 0 32 888 279 225
p 2 0 44 876 294 234
p 2 0 27 893 691 221
p 2 0 23 897 262 218
p 2 0 24 896 258 218
p 2 0 36 884 271 226
p 2 0 14 906 227 209
p 2 43 109 768 17071 709
p 2 0 90 830 532 287
p 2 53 107 760 16615 765
p 2 0 84 836 491 285
p 2 46 123 751 18704 752
p 2 0 115 805 598 312
p 2 47 115 758 19220 771
p 2 0 78 842 489 278
p 2 66 120 734 20899 872
p 2 0 104 816 551 302
p 2 63 133 724 21048 862
p 2 0 122 798 658 317
p 2 202 371 347 59038 2322
p 2 0 262 658 1181 475
p 2 121 380 419 55686 1903
p 2 0 278 642 1350 495
p 2 121 399 400 62018 1962
p 2 0 293 627 1377 512
p 2 0 139 781 541 326
p 2 0 82 838 633 271
p 2 0 170 750 687 354
p 2 0 91 829 429 280
p 2 0 105 815 726 297
p 2 0 28 892 281 223
p 2 0 51 869 333 238
p 2 0 45 875 534 236
p 2 0 51 869 337 241
p 2 0 23 897 251 216
p 2 0 38 882 536 229
p 2 0 35 885 301 228
p 2 0 52 868 343 242
p 2 0 44 876 522 238
p 2 0 25 895 262 217
p 2 0 9 911 222 205
p 2 0 17 903 477 212
p 2 0 6 914 216 204
p 2 0 75 845 399 264
p 2 0 50 870 555 245
p 2 0 41 879 304 232
p 2 0 41 879 306 233
p 2 0 21 899 474 217
p 2 0 16 904 240 211
p 2 0 22 898 263 217
p 2 0 5 915 209 202
p 2 0 6 914 214 203
p 2 0 5 915 206 202
p 2 10 19 891 2310 290
p 2 23 40 857 4382 424
p 2 36 68 816 5525 560
p 2 39 90 791 8555 676
p 2 57 109 754 10590 842
p 2 48 147 725 11932 892
p 2 6 235 679 9065 771
p 2 6 258 656 9318 779
p 2 9 284 627 8738 809
p 2 7 305 608 9350 816
p 2 12 341 567 9904 876
p 2 6 358 556 11373 921
p 2 33 589 298 52877 1540
p 2 0 426 494 1752 652
p 2 0 241 679 745 423
p 2 25 531 364 54720 1468
p 2 0 422 498 1825 639
p 2 0 203 717 668 382
p 2 34 479 407 54372 1450
p 2 0 368 552 1643 593
p 2 0 178 742 638 369
p 2 33 440 447 53842 1380
p 2 0 425 495 2266 676
p 2 0 178 742 687 367
p 2 0 157 763 661 344
p 2 0 146 774 671 335
p 2 0 153 767 673 344
p 2 0 52 868 322 241
p 2 0 103 817 476 291
p 2 0 81 839 418 272
p 2 0 107 813 522 296
p 2 0 75 845 397 265
p 2 0 56 864 350 245
p 2 0 21 899 239 214
p 2 0 23 897 245 214
p 2 0 15 905 240 211
p 2 2 70 848 702 277
p 2 0 48 872 326 240
p 2 0 94 826 620 288
p 2 0 31 889 269 220
p 2 1 61 858 482 260
p 2 0 58 862 353 248
p 2 2 51 867 699 258
p 2 0 17 903 233 211
p 2 0 34 886 497 231
p 2 0 22 898 249 215
p 2 0 48 872 517 243
p 2 0 15 905 232 210
p 2 1 24 895 393 226
p 2 0 11 909 227 205
p 2 2 31 887 652 239
p 2 0 23 897 270 216
p 2 0 30 890 482 224
p 2 0 5 915 217 203
p 2 0 19 901 446 220
p 2 0 8 912 209 203
p 2 0 23 897 450 221
p 2 0 9 911 219 203
p 2 1 16 903 374 220
p 2 0 2 918 206 199
p 2 2 9 909 517 219
p 2 0 3 917 202 199
p 2 0 25 895 446 225
p 2 0 8 912 216 203
p 2 0 23 897 443 221
p 2 0 10 910 221 205
p 2 0 43 877 490 239
p 2 0 13 907 231 208
p 2 1 20 899 390 225
p 2 0 7 913 216 202
p 2 2 27 891 659 237
p 2 0 17 903 254 212
p 2 0 26 894 462 223
p 2 0 8 912 220 203
p 2 0 18 902 441 219
p 2 0 5 915 213 202
p 2 1 19 900 397 223
p 2 0 6 914 211 202
p 2 2 14 904 609 224
p 2 0 4 916 210 201
p 2 0 16 904 441 216
p 2 0 7 913 217 203
p 2 0 18 902 447 220
p 2 0 6 914 211 203
p 2 0 16 904 431 217
p 2 0 8 912 224 206
p 2 1 15 904 374 219
p 2 0 2 918 201 199
p 2 2 10 908 521 220
p 2 0 3 917 203 200
p 2 0 26 894 441 226
p 2 0 13 907 232 209
p 2 0 24 896 450 222
p 2 0 3 917 208 199
p 2 0 17 903 430 216
p 2 0 8 912 216 203
p 2 1 13 906 375 221
p 2 0 3 917 203 200
p 2 2 11 907 597 222
p 2 0 2 918 207 199
p 2 0 17 903 437 216
p 2 0 6 914 219 203
p 2 0 20 900 447 220
p 2 0 5 915 209 201
p 2 1 14 905 372 220
p 2 0 5 915 210 202
p 2 2 10 908 593 220
p 2 0 4 916 212 201
p 2 0 17 903 443 216
p 2 0 6 914 214 202
p 2 0 18 902 441 218
p 2 0 4 916 208 201
p 2 0 1 919 198 198
p 2 0 1 919 198 198
p 2 0 1 919 200 198
p 2 0 0 920 197 197
p 2 0 16 904 433 216
p 2 0 5 915 210 202
p 2 1 13 906 370 219
i 2 920 0 0 47772 3904
p 2 0 137 783 406 327
p 2 51 272 597 20803 1070
p 2 0 160 760 789 371
p 2 76 254 590 26809 1263
p 2 0 166 754 790 372
p 2 67 266 587 30084 1261
p 2 0 203 717 1004 429
p 2 69 279 572 37753 1372
p 2 0 228 692 1099 451
p 2 135 298 487 44371 1775
p 2 0 253 667 1100 465
p 2 94 366 460 47122 1717
p 2 0 275 645 1236 504
p 2 155 392 373 51506 2068
p 2 0 321 599 1388 570
p 2 40 477 403 31965 1282
p 2 0 320 600 1333 522
p 2 20 418 482 28069 1037
p 2 0 310 610 1235 510
p 2 0 193 727 717 380
p 2 0 140 780 1340 337
p 2 0 132 788 535 317
p 2 0 43 877 289 233
p 2 1 41 878 1028 249
p 2 0 38 882 289 231
p 2 0 70 850 387 259
p 2 2 50 868 843 262
p 2 0 40 880 279 229
p 2 0 36 884 271 227
p 2 4 58 858 1235 278
p 2 0 26 894 266 221
p 2 0 21 899 248 214
p 2 0 25 895 1047 231
p 2 0 77 843 406 267
p 2 0 29 891 253 221
p 2 1 39 880 1024 248
p 2 0 33 887 278 224
p 2 0 39 881 309 232
p 2 2 29 889 800 244
p 2 0 25 895 260 219
p 2 0 19 901 243 213
p 2 4 36 880 1172 258
p 2 0 24 896 267 218
p 2 0 17 903 237 212
p 2 0 18 902 1030 224
p 2 0 23 897 262 218
p 2 0 8 912 214 204
p 2 1 13 906 968 225
p 2 0 11 909 243 209
p 2 0 10 910 222 205
p 2 0 7 913 213 203
p 2 0 3 917 204 199
p 2 0 2 918 201 199
p 2 0 19 901 1014 225
p 2 0 17 903 257 214
p 2 0 12 908 233 207
p 2 2 18 900 583 232
p 2 0 10 910 223 205
p 2 0 7 913 213 203
p 2 0 9 911 222 205
p 2 0 5 915 210 201
p 2 0 12 908 223 206
p 2 0 8 912 216 203
p 2 0 3 917 205 200
p 2 0 2 918 205 199
p 2 4 13 903 1103 235
p 2 0 11 909 227 206
p 2 0 14 906 232 208
p 2 0 14 906 992 222
p 2 0 9 911 229 206
p 2 0 4 916 207 201
p 2 1 9 910 954 221
p 2 0 11 909 243 207
p 2 0 6 914 211 201
p 2 2 9 909 749 226
p 2 0 8 912 216 204
p 2 0 4 916 214 201
p 2 4 9 907 1092 234
p 2 0 6 914 220 202
p 2 0 2 918 201 198
p 2 0 12 908 1004 219
p 2 0 7 913 217 204
p 2 0 5 915 208 201
p 2 1 12 907 956 223
p 2 0 7 913 231 204
p 2 0 6 914 214 202
p 2 2 8 910 746 226
p 2 0 3 917 205 200
p 2 0 1 919 199 198
p 2 4 7 909 1075 232
p 2 0 5 915 216 201
p 2 0 3 917 203 200
p 2 0 12 908 1009 219
p 2 0 6 914 214 202
p 2 0 1 919 199 199
p 2 2 6 912 568 223
p 2 0 5 915 212 201
p 2 0 1 919 200 198
p 2 0 0 920 197 197
p 2 0 0 920 197 197
p 2 4 6 910 1071 231
p 2 0 6 914 224 203
p 2 0 3 917 206 200
p 2 56 411 453 37389 1388
p 2 0 287 633 1292 527
p 2 68 402 450 37675 1406
p 2 0 307 613 1356 541
p 2 70 391 459 37003 1411
p 2 0 285 635 1221 495
p 2 68 360 492 34697 1342
p 2 0 277 643 1158 489
p 2 71 339 510 39813 1394
p 2 0 261 659 1166 475
p 2 52 359 509 36897 1255
p 2 0 265 655 1224 475
p 2 55 348 517 37394 1286
p 2 0 258 662 1154 468
p 2 2 150 768 1273 357
p 2 0 79 841 414 268
p 2 1 67 852 771 275
p 2 0 30 890 286 225
p 2 141 307 472 39754 1795
p 2 0 252 668 1078 486
p 2 16 367 537 24728 989
p 2 0 255 665 1066 467
p 2 16 381 523 27305 1020
p 2 0 289 631 1218 503
p 2 62 365 493 39737 1438
p 2 0 283 637 1298 526
p 2 92 382 446 40524 1672
p 2 0 322 598 1312 545
p 2 75 384 461 39088 1569
p 2 0 277 643 1216 504
p 2 0 112 808 443 303
p 2 63 337 520 36442 1343
p 2 0 276 644 1190 492
p 2 65 325 530 39413 1468
p 2 0 246 674 1036 468
p 2 73 357 490 43138 1585
p 2 0 253 667 1142 487
p 2 0 119 801 477 312
p 2 0 125 795 514 315
i 2 920 0 0 66388 5060
p 2 170 191 559 27051 1540
p 2 147 346 427 45839 1846
p 2 83 393 444 35539 1605
p 2 22 480 418 35906 1272
p 2 0 444 476 16867 885
p 2 0 290 630 1251 503
p 2 0 202 718 1076 393
p 2 0 72 848 379 259
p 2 0 68 852 363 255
p 2 0 52 868 616 244
p 2 0 146 774 637 338
p 2 0 38 882 298 229
p 2 0 69 851 646 260
p 2 0 53 867 355 243
p 2 0 81 839 419 270
p 2 0 34 886 668 229
p 2 0 34 886 293 227
p 2 0 35 885 302 228
p 2 0 37 883 572 233
p 2 0 17 903 247 213
p 2 0 5 915 213 201
p 2 0 17 903 532 210
p 2 0 15 905 245 209
p 2 0 67 853 368 259
p 2 0 45 875 597 237
p 2 0 21 899 254 215
p 2 0 23 897 251 217
p 2 0 44 876 649 239
p 2 0 25 895 265 219
p 2 0 21 899 245 214
p 2 0 16 904 237 210
p 2 0 21 899 252 217
p 2 0 9 911 219 204
p 2 0 9 911 497 206
p 2 0 15 905 237 210
p 2 0 18 902 242 210
p 2 0 9 911 435 207
p 2 0 4 916 212 201
p 2 0 4 916 208 201
p 2 0 12 908 601 209
p 2 0 4 916 213 200
p 2 0 2 918 202 199
p 2 0 3 917 482 201
p 2 0 18 902 250 213
p 2 0 17 903 243 212
p 2 0 18 902 549 215
p 2 0 8 912 216 202
p 2 0 4 916 208 201
p 2 0 4 916 477 203
p 2 0 7 913 218 202
p 2 0 5 915 208 201
p 2 0 8 912 596 206
p 2 0 4 916 209 200
p 2 0 2 918 202 199
p 2 0 6 914 482 205
p 2 0 7 913 218 202
p 2 0 2 918 203 199
p 2 0 3 917 501 201
p 2 0 6 914 212 201
p 2 0 5 915 207 201
p 2 0 3 917 478 202
p 2 0 4 916 210 199
p 2 0 2 918 206 200
p 2 0 12 908 616 209
p 2 0 3 917 212 200
p 2 0 3 917 203 199
p 2 0 4 916 482 203
p 2 0 4 916 212 201
p 2 0 2 918 201 199
p 2 0 4 916 508 202
p 2 0 3 917 210 201
p 2 0 8 912 215 203
p 2 0 6 914 483 205
p 2 0 6 914 213 202
p 2 0 5 915 209 201
p 2 0 7 913 581 204
p 2 0 3 917 209 200
p 2 0 2 918 200 199
p 2 0 2 918 472 200
p 2 0 2 918 206 200
p 2 0 4 916 206 201
p 2 0 3 917 405 202
p 2 0 2 918 204 199
p 2 0 2 918 201 199
p 2 0 4 916 575 203
p 2 0 2 918 206 199
p 2 0 1 919 199 198
p 2 0 3 917 202 199
p 2 0 1 919 199 198
p 2 0 1 919 199 198
p 2 0 2 918 201 198
p 2 0 7 913 212 202
p 2 0 4 916 206 200
p 2 11 177 732 18358 697
p 2 0 131 789 742 339
p 2 3 205 712 16816 648
p 2 0 149 771 1031 367
p 2 13 207 700 18231 707
p 2 0 161 759 873 374
p 2 1 204 715 15108 575
p 2 0 146 774 816 356
p 2 10 81 829 2011 362
p 2 1 102 817 5817 399
p 2 0 93 827 473 287
p 2 0 41 879 300 235
p 2 0 110 810 5829 388
p 2 0 67 853 410 264
p 2 0 45 875 518 243
p 2 1 86 833 5380 367
p 2 0 88 832 490 287
p 2 0 31 889 264 225
p 2 0 69 851 4219 329
p 2 0 69 851 441 269
p 2 0 42 878 300 233
p 2 0 79 841 4248 338
p 2 0 50 870 420 251
p 2 0 17 903 253 212
p 2 1 72 847 5878 372
p 2 0 53 867 378 249
p 2 0 24 896 256 218
p 2 2 64 854 6018 354
p 2 0 52 868 387 252
p 2 0 22 898 249 218
p 2 4 69 847 5738 367
p 2 0 49 871 360 248
p 2 0 17 903 233 212
p 2 1 68 851 5498 346
p 2 0 54 866 406 256
p 2 0 17 903 238 212
p 2 4 60 856 5196 358
p 2 0 47 873 399 251
p 2 0 16 904 241 213
p 2 2 60 858 5757 361
i 2 920 0 0 88579 5043
p 2 0 130 790 389 317
p 2 0 54 866 254 247
p 2 0 35 885 239 229
p 2 0 28 892 227 222
p 2 0 19 901 220 214
p 2 0 10 910 207 205
p 2 0 10 910 207 205
p 2 0 7 913 203 203
p 2 0 3 917 202 200
p 2 0 1 919 199 198
p 2 0 8 912 209 205
p 2 0 3 917 201 200
p 2 0 0 920 197 197
p 2 0 3 917 202 200
p 2 0 9 911 210 204
p 2 0 4 916 200 200
p 2 0 0 920 197 197
p 2 0 2 918 198 198
p 2 0 1 919 199 198
p 2 0 3 917 200 198
p 2 0 6 914 205 202
p 2 0 7 913 205 203
p 2 0 3 917 201 200
p 2 0 9 911 207 203
p 2 0 5 915 202 202
p 2 0 4 916 203 201
p 2 0 0 920 197 197
p 2 0 0 920 197 197
p 2 0 0 920 197 197
p 2 0 1 919 200 198
p 2 0 1 919 199 198
p 2 0 2 918 201 199
p 2 0 3 917 202 199
p 2 0 1 919 198 198
p 2 0 1 919 198 198
p 2 0 1 919 199 198
p 2 0 0 920 197 197
p 2 0 0 920 197 197
p 2 0 6 914 203 201
p 2 0 1 919 198 198
i 2 920 0 0 38299 4532
p 2 330 590 0 39641 3942
p 2 225 695 0 28357 3379
p 2 154 766 0 19923 2997
p 2 93 827 0 15080 2661
p 2 39 881 0 11336 2388
p 2 366 554 0 30727 3573
p 2 0 613 307 1258 818
p 2 0 491 429 742 618
p 2 0 343 577 539 483
p 2 0 362 558 555 506
p 2 0 352 568 574 500
p 2 0 319 601 489 461
p 2 0 278 642 463 427
p 2 0 245 675 449 404
p 2 0 218 702 409 372
p 2 0 162 758 345 331
p 2 0 189 731 358 342
p 2 0 180 740 357 337
p 2 0 125 795 302 293
p 2 0 133 787 296 294
p 2 0 90 830 271 265
p 2 0 114 806 281 276
p 2 0 55 865 239 235
p 2 0 106 814 288 276
p 2 0 102 818 289 272
p 2 0 124 796 297 286
p 2 0 76 844 260 251
p 2 0 110 810 289 277
p 2 0 53 867 240 236
p 2 0 29 891 222 220
p 2 0 29 891 218 218
p 2 0 21 899 225 213
p 2 69 851 0 13321 2294
p 2 59 861 0 16274 2331
p 2 60 860 0 17073 2329
p 2 86 834 0 19962 2467
p 2 68 852 0 18195 2340
p 2 79 841 0 18646 2358
p 2 93 827 0 23457 2526
p 2 84 836 0 19605 2411
p 2 85 835 0 19769 2350
p 2 110 810 0 25666 2616
p 2 107 813 0 18804 2380
p 2 129 791 0 18939 2421
p 2 207 713 0 22390 2625
p 2 0 667 253 2288 963
p 2 0 403 517 1045 626
p 2 0 662 258 8345 1085
p 2 0 401 519 1076 602
p 2 0 325 595 788 514
p 2 1 515 404 8314 897
p 2 0 402 518 1058 585
p 2 0 215 705 505 386
p 2 0 449 471 7857 840
p 2 0 318 602 882 516
p 2 0 207 713 494 375
p 2 4 399 517 11135 852
p 2 0 276 644 834 472
p 2 0 156 764 400 332
p 2 1 359 560 11166 811
p 2 0 231 689 822 446
p 2 0 112 808 386 295
p 2 3 332 585 11414 800
p 2 0 230 690 784 429
p 2 0 113 807 355 293
p 2 1 321 598 10304 816
p 2 356 527 37 23302 2690
i 2 920 0 0 29895 3862
p 2 419 497 4 30776 3797
p 2 455 465 0 34010 4000
p 2 445 475 0 39007 4139
p 2 339 580 1 85015 4010
p 2 0 491 429 2215 784
p 2 0 129 791 494 334
p 2 0 162 758 572 354
p 2 0 87 833 692 287
p 2 0 80 840 348 271
p 2 0 49 871 281 240
p 2 0 101 819 704 294
p 2 0 36 884 267 229
p 2 0 43 877 276 233
p 2 0 44 876 665 234
p 2 0 86 834 438 277
p 2 0 74 846 372 261
p 2 0 64 856 627 255
p 2 0 26 894 275 221
p 2 0 30 890 275 223
p 2 0 24 896 550 217
p 2 0 38 882 314 232
p 2 0 13 907 226 208
p 2 0 7 913 484 206
p 2 0 14 906 235 209
p 2 0 9 911 217 203
p 2 0 40 880 662 231
p 2 0 20 900 247 214
p 2 0 18 902 239 213
p 2 0 8 912 482 206
p 2 0 8 912 223 205
p 2 0 24 896 251 217
p 2 0 8 912 519 205
p 2 0 8 912 230 206
p 2 0 10 910 225 206
p 2 0 12 908 232 206
p 2 0 8 912 215 204
p 2 0 5 915 210 200
p 2 0 4 916 204 201
p 2 0 4 916 487 202
p 2 0 2 918 207 199
p 2 81 306 533 39204 1462
p 2 0 220 700 1031 438
p 2 25 325 570 31981 1080
p 2 0 234 686 1145 453
p 2 31 314 575 33771 1125
p 2 0 309 611 7234 590
p 2 195 282 443 45659 2083
p 2 4 404 512 20814 912
p 2 54 370 496 30910 1343
p 2 5 339 576 20914 882
p 2 37 365 518 35641 1261
p 2 4 363 553 20721 884
p 2 10 335 575 24038 959
p 2 6 309 605 22890 876
p 2 56 320 544 33602 1331
p 2 7 330 583 23411 912
p 2 8 308 604 24855 913
p 2 3 333 584 21438 852
p 2 9 315 596 26653 949
p 2 5 301 614 23070 849
p 2 8 315 597 27260 941
p 2 6 316 598 22606 855
p 2 10 322 588 23111 937
p 2 12 281 627 24663 892
p 2 10 274 636 23936 902
p 2 9 298 613 22121 891
p 2 6 307 607 22867 895
p 2 7 299 614 22325 856
p 2 10 268 642 23337 883
p 2 10 264 646 23915 867
p 2 10 270 640 22678 879
p 2 9 276 635 21647 861
p 2 5 268 647 23559 848
p 2 7 266 647 22767 858
p 2 9 249 662 23224 866
p 2 8 262 650 22949 849
p 2 9 267 644 23368 877
p 2 7 261 652 21159 816
p 2 5 251 664 20487 791
p 2 9 257 654 23808 846
p 2 6 256 658 23336 836
p 2 7 261 652 21180 815
p 2 9 251 660 22421 851
p 2 8 262 650 22104 842
p 2 6 260 654 23446 846
p 2 7 267 646 20992 831
p 2 9 248 663 21264 820
i 2 920 0 0 50148 3954
p 2 0 171 749 446 358
p 2 208 295 417 36254 2003
p 2 0 222 698 864 429
p 2 190 307 423 39862 1961
p 2 0 261 659 1042 479
p 2 165 318 437 40432 1887
p 2 0 254 666 961 456
p 2 217 310 393 46073 2228
p 2 0 284 636 1069 497
p 2 114 411 395 48892 1893
p 2 0 303 617 1265 522
p 2 188 407 325 51468 2228
p 2 0 324 596 1282 560
p 2 129 440 351 50681 1915
p 2 0 350 570 1473 574
p 2 128 422 370 45013 1854
p 2 0 340 580 1394 561
p 2 110 389 421 47532 1720
p 2 0 291 629 1248 503
p 2 68 425 427 39718 1461
p 2 0 316 604 1293 524
p 2 57 471 392 37922 1449
p 2 0 315 605 1264 525
p 2 0 198 722 1336 391
p 2 0 107 813 437 292
p 2 2 131 787 720 333
p 2 0 43 877 296 234
p 2 0 83 837 379 271
p 2 0 44 876 293 235
p 2 1 83 836 996 285
p 2 0 51 869 317 241
p 2 0 32 888 273 226
p 2 1 33 886 937 239
p 2 0 55 865 346 244
p 2 0 24 896 254 217
p 2 0 37 883 906 238
p 2 0 29 891 280 223
p 2 0 51 869 336 242
p 2 2 23 895 837 233
p 2 0 20 900 246 213
p 2 0 22 898 247 216
p 2 1 32 887 674 239
p 2 0 11 909 232 206
p 2 0 7 913 208 203
p 2 2 19 899 1039 231
p 2 0 51 869 320 242
p 2 0 23 897 240 215
p 2 0 33 887 917 236
p 2 0 39 881 306 233
p 2 0 27 893 262 219
p 2 1 25 894 917 230
p 2 0 22 898 251 217
p 2 0 18 902 241 213
p 2 1 28 891 678 239
p 2 0 17 903 238 210
p 2 0 17 903 241 210
p 2 2 12 906 1026 225
p 2 0 20 900 250 213
p 2 0 11 909 218 207
p 2 0 11 909 865 218
p 2 0 19 901 247 213
p 2 0 12 908 231 206
p 2 2 15 903 818 226
p 2 0 11 909 222 206
p 2 0 10 910 218 205
p 2 0 15 905 852 219
p 2 0 19 901 261 212
p 2 0 15 905 233 212
p 2 1 12 907 504 220
p 2 0 15 905 227 209
p 2 0 12 908 229 207
p 2 1 8 911 822 218
p 2 0 6 914 217 202
p 2 0 6 914 210 202
p 2 2 12 906 842 223
p 2 0 9 911 227 206
p 2 0 6 914 212 202
p 2 0 8 912 846 213
p 2 0 8 912 226 205
p 2 0 3 917 205 200
p 2 2 6 912 810 219
p 2 0 5 915 218 202
p 2 0 9 911 848 215
p 2 0 7 913 222 203
p 2 0 5 915 223 202
p 2 2 7 911 810 219
p 2 0 4 916 215 202
p 2 105 341 474 44302 1627
p 2 0 268 652 1203 486
p 2 70 332 518 33459 1311
p 2 0 253 667 1172 485
p 2 26 333 561 27400 1053
p 2 0 234 686 1071 452
p 2 17 373 530 24493 1008
p 2 0 246 674 1072 458
p 2 16 372 532 27599 1021
p 2 0 275 645 1168 488
p 2 59 367 494 39684 1435
p 2 0 270 650 1227 511
p 2 85 394 441 40551 1644
p 2 0 311 609 1341 546
p 2 76 379 465 39049 1552
p 2 0 280 640 1208 495
p 2 0 161 759 591 351
p 2 60 350 510 36740 1337
p 2 0 280 640 1227 497
p 2 67 326 527 39579 1484
p 2 0 247 673 1128 466
p 2 72 347 501 42902 1555
p 2 0 261 659 1150 496
p 2 196 366 358 52738 2296
p 2 0 302 618 1249 533
i 2 920 0 0 70754 4494
p 2 0 110 810 373 298
p 2 0 13 907 212 208
p 2 0 3 917 201 201
p 2 0 7 913 206 204
p 2 0 1 919 198 198
p 2 0 2 918 198 198
p 2 0 0 920 197 197
p 2 0 2 918 198 198
p 2 0 0 920 197 197
p 2 0 1 919 198 198
p 2 0 0 920 197 197
p 2 0 1 919 198 198
p 2 0 0 920 197 197
p 2 0 1 919 198 198
p 2 116 265 539 29522 1560
p 2 0 235 685 1135 436
p 2 0 75 845 384 264
p 2 75 318 527 26657 1336
p 2 0 245 675 1120 446
p 2 0 77 843 406 266
p 2 76 318 526 28222 1393
p 2 0 265 655 1224 469
p 2 0 97 823 441 284
p 2 23 412 485 18304 961
p 2 0 265 655 1134 458
p 2 0 136 784 551 320
p 2 0 48 872 311 240
p 2 0 57 863 321 245
p 2 0 20 900 238 213
p 2 0 17 903 233 210
p 2 0 20 900 239 212
p 2 0 27 893 254 219
p 2 0 11 909 228 206
p 2 0 5 915 207 202
p 2 0 5 915 207 200
p 2 111 282 527 30333 1527
p 2 0 241 679 1175 445
p 2 0 64 856 357 252
p 2 109 283 528 30186 1527
p 2 0 264 656 1266 471
p 2 0 116 804 517 302
p 2 0 48 872 321 238
p 2 0 43 877 300 232
p 2 0 80 840 398 266
p 2 0 19 901 242 213
p 2 0 14 906 230 208
p 2 0 24 896 241 215
p 2 0 186 734 697 369
p 2 0 174 746 643 356
p 2 0 71 849 377 259
p 2 0 49 871 307 239
p 2 0 30 890 261 222
p 2 0 32 888 261 222
p 2 0 27 893 260 217
p 2 0 8 912 215 203
p 2 0 2 918 201 198
p 2 0 1 919 199 198
p 2 0 2 918 201 199
p 2 0 5 915 207 201
p 2 0 11 909 220 206
p 2 0 8 912 214 203
p 2 0 14 906 227 207
p 2 0 9 911 216 204
p 2 0 6 914 208 200
p 2 0 10 910 217 205
p 2 148 252 520 34888 1744
p 2 0 234 686 1114 443
p 2 157 248 515 35476 1734
p 2 0 226 694 1101 431
p 2 161 245 514 36003 1754
p 2 0 224 696 1093 427
p 2 213 293 414 41026 2151
p 2 0 281 639 1211 478
p 2 182 313 425 41885 2046
p 2 0 263 657 1162 466
p 2 141 353 426 44127 2004
p 2 0 315 605 1422 516
p 2 223 296 401 48667 2344
p 2 0 254 666 1220 464
p 2 218 321 381 51501 2348
p 2 0 301 619 1345 507
p 2 177 365 378 40976 1977
p 2 0 306 614 1328 506
p 2 210 335 375 49926 2357
p 2 0 295 625 1408 506
p 2 35 501 384 32573 1324
p 2 0 378 542 1638 577
p 2 105 430 385 47832 1872
p 2 0 352 568 1686 563
p 2 224 328 368 55516 2517
p 2 0 295 625 1451 505
p 2 220 345 355 56603 2493
p 2 0 314 606 1471 525
i 2 920 0 0 62904 4381
p 2 0 80 840 318 267
p 2 302 402 216 39624 2501
p 2 0 331 589 1011 519
p 2 166 627 127 32179 2119
p 2 0 370 550 1019 572
p 2 83 737 100 28445 1818
i 2 920 0 0 74548 5143
p 2 41 872 7 34369 2014
p 2 36 882 2 38305 2057
p 2 40 868 12 38155 2059
p 2 42 868 10 35097 1999
p 2 55 854 11 38491 2117
p 2 56 855 9 40706 2118
p 2 57 856 7 39385 2128
p 2 61 851 8 35744 2144
p 2 50 866 4 38574 2085
p 2 40 870 10 37109 2086
p 2 37 871 12 38672 2070
p 2 48 858 14 36517 2090
p 2 41 870 9 39801 2108
p 2 42 871 7 38395 2087
p 2 25 883 12 35925 1967
p 2 41 870 9 34979 2018
p 2 62 845 13 38720 2139
p 2 58 855 7 39465 2131
p 2 48 863 9 38275 2071
p 2 40 870 10 40885 2110
p 2 39 870 11 36652 2011
p 2 40 872 8 37724 2064
p 2 29 882 9 37812 2038
p 2 31 879 10 38052 2040
p 2 49 860 11 34680 2053
p 2 24 891 5 37683 1949
p 2 24 883 13 36735 1928
p 2 31 884 5 36025 1970
i 2 920 0 0 46305 4427
p 2 54 865 1 33707 2225
p 2 64 856 0 35837 2384
p 2 72 846 2 37993 2446
p 2 60 859 1 43630 2452
p 2 78 842 0 47786 2494
p 2 76 844 0 56352 2519
p 2 79 841 0 61530 2542
p 2 83 836 1 64712 2504
p 2 88 832 0 66981 2596
p 2 66 853 1 62408 2512
p 2 30 890 0 53769 2265
p 2 0 741 179 3153 981
p 2 0 276 644 849 451
p 2 0 90 830 339 275
p 2 0 190 730 694 366
p 2 0 80 840 349 268
p 2 0 78 842 347 263
p 2 0 97 823 421 280
p 2 0 146 774 553 326
p 2 0 70 850 354 255
p 2 0 63 857 382 253
p 2 0 50 870 307 240
p 2 0 144 776 554 325
p 2 0 49 871 374 239
p 2 0 57 863 339 245
p 2 0 66 854 353 258
p 2 0 69 851 441 259
p 2 0 36 884 281 227
p 2 0 46 874 302 236
p 2 0 44 876 337 235
p 2 0 76 844 398 265
p 2 0 38 882 285 228
p 2 0 21 899 275 214
p 2 0 21 899 247 215
p 2 0 136 784 539 317
p 2 0 76 844 442 268
p 2 0 66 854 347 252
p 2 0 62 858 350 252
p 2 0 69 851 412 255
p 2 0 36 884 273 227
p 2 0 40 880 285 231
p 2 0 42 878 320 231
p 2 0 53 867 353 242
p 2 0 45 875 306 236
p 2 0 35 885 307 224
p 2 0 19 901 239 211
p 2 0 18 902 236 212
p 2 0 5 915 207 201
p 2 0 12 908 226 207
p 2 0 12 908 222 204
p 2 0 98 822 2317 300
p 2 0 37 883 300 231
p 2 0 57 863 325 244
p 2 0 66 854 2282 277
p 2 0 65 855 362 254
p 2 0 13 907 226 206
p 2 1 54 865 2089 265
p 2 0 48 872 322 240
p 2 0 138 782 540 323
p 2 0 134 786 1903 332
p 2 0 65 855 376 255
p 2 0 40 880 296 229
p 2 0 79 841 1747 275
p 2 0 40 880 307 233
p 2 0 30 890 268 221
p 2 0 19 901 247 213
p 2 0 32 888 277 222
p 2 0 17 903 240 208
p 2 0 15 905 232 208
p 2 0 13 907 225 207
p 2 0 17 903 238 211
p 2 0 6 914 211 202
p 2 0 5 915 207 201
p 2 0 11 909 220 205
p 2 0 48 872 312 239
p 2 0 25 895 255 215
p 2 0 22 898 251 215
p 2 3 131 786 12182 458
p 2 0 125 795 647 321
p 2 0 78 842 424 269
p 2 1 247 672 10638 532
p 2 0 113 807 611 305
p 2 0 107 813 480 290
p 2 0 264 656 8698 503
p 2 0 166 754 749 357
p 2 0 90 830 451 277
p 2 0 168 752 8729 420
p 2 0 103 817 594 301
p 2 0 58 862 344 246
p 2 14 138 768 14451 573
p 2 0 134 786 648 324
p 2 17 172 731 15737 623
p 2 0 148 772 698 345
p 2 32 125 763 15906 674
p 2 0 86 834 543 286
p 2 36 130 754 15714 683
p 2 0 122 798 597 316
p 2 44 143 733 14685 726
p 2 0 139 781 611 335
p 2 20 125 775 10830 549
p 2 0 168 752 744 368
p 2 30 195 695 23801 750
p 2 0 183 737 876 386
p 2 8 217 695 18806 594
p 2 0 151 769 782 353
p 2 0 146 774 13918 434
p 2 0 120 800 716 324
p 2 0 135 785 14242 425
p 2 0 114 806 686 319
p 2 0 44 876 457 237
p 2 0 22 898 252 214
p 2 0 9 911 324 205
p 2 0 3 917 203 199
p 2 0 5 915 296 202
p 2 0 3 917 207 199
p 2 0 5 915 289 201
p 2 0 3 917 205 199
p 2 0 1 919 200 198
i 2 920 0 0 74497 5161
p 2 1 908 11 22686 1627
p 2 0 910 10 26707 1670
p 2 0 910 10 27991 1675
p 2 0 904 16 26834 1670
p 2 0 906 14 27541 1682
p 2 0 903 17 28124 1691
p 2 0 908 12 27870 1671
p 2 0 904 16 27262 1687
p 2 0 906 14 28615 1686
p 2 0 903 17 27305 1682
p 2 0 909 11 27832 1667
p 2 0 899 21 28705 1686
p 2 0 902 18 28088 1667
p 2 0 900 20 27400 1679
p 2 0 896 24 28042 1674
p 2 0 901 19 27044 1678
p 2 0 893 27 27955 1660
p 2 0 904 16 27670 1688
p 2 0 896 24 26859 1652
p 2 0 893 27 27454 1652
p 2 0 901 19 28867 1663
p 2 0 905 15 26992 1669
p 2 0 909 11 27806 1672
p 2 0 900 20 28242 1647
p 2 0 898 22 27952 1650
p 2 0 902 18 27385 1645
p 2 0 902 18 28738 1680
p 2 0 902 18 27293 1658
p 2 1 903 16 27957 1670
p 2 0 903 17 28427 1662
p 2 0 900 20 27580 1656
p 2 1 899 20 27170 1648
p 2 0 895 25 28931 1651
p 2 0 901 19 27714 1659
p 2 0 897 23 28173 1652
p 2 1 903 16 28670 1677
p 2 1 898 21 28492 1658
p 2 1 904 15 27870 1679
p 2 1 906 13 28819 1681
p 2 0 908 12 27147 1665
p 2 0 905 15 27354 1663
p 2 0 896 24 27255 1662
p 2 0 900 20 26598 1645
p 2 0 909 11 26576 1648
p 2 0 904 16 27351 1645
p 2 0 907 13 26446 1651
p 2 0 906 14 27142 1659
p 2 0 906 14 27843 1660
p 2 0 910 10 27047 1640
p 2 0 905 15 26020 1638
p 2 0 897 23 27115 1630
p 2 0 907 13 26222 1643
p 2 0 907 13 26948 1651
p 2 0 906 14 27076 1655
p 2 0 905 15 26795 1662
p 2 1 900 19 26538 1673
p 2 1 905 14 28254 1677
p 2 1 900 19 26631 1675
p 2 1 903 16 26915 1664
p 2 0 908 12 27679 1670
p 2 0 903 17 27242 1672
p 2 0 905 15 27169 1674
p 2 0 903 17 28078 1677
p 2 0 906 14 27054 1680
p 2 1 901 18 26977 1685
p 2 1 910 9 28487 1706
p 2 0 900 20 26654 1676
p 2 0 903 17 26823 1662
p 2 0 900 20 27644 1673
p 2 2 905 13 27383 1685
p 2 0 908 12 26536 1673
p 2 0 912 8 27833 1681
p 2 0 905 15 26723 1680
p 2 0 911 9 27611 1685
p 2 0 909 11 27717 1685
p 2 0 902 18 27427 1673
i 2 920 0 0 80672 5049
p 2 0 117 803 368 302
p 2 5 166 749 11436 508
p 2 0 102 818 519 301
p 2 4 136 780 10210 440
p 2 0 94 826 557 292
p 2 6 99 815 10893 424
p 2 0 76 844 524 279
p 2 12 88 820 10751 433
p 2 0 73 847 476 271
p 2 6 101 813 11209 455
p 2 0 88 832 563 287
p 2 4 103 813 10076 411
p 2 0 68 852 486 268
p 2 6 100 814 10893 427
p 2 0 68 852 511 272
p 2 11 88 821 10716 435
p 2 0 68 852 473 268
p 2 5 102 813 11224 451
p 2 0 79 841 518 280
p 2 10 220 690 24255 738
p 2 0 160 760 848 368
p 2 29 213 678 26943 862
p 2 0 172 748 878 380
p 2 152 419 349 57894 2237
p 2 0 358 562 1543 588
p 2 14 331 575 25473 899
p 2 73 465 382 29800 1618
p 2 7 472 441 25645 992
p 2 0 277 643 1192 490
p 2 91 502 327 58429 1964
p 2 0 437 483 1909 671
p 2 18 316 586 30902 903
p 2 65 476 379 32619 1546
p 2 5 441 474 12963 838
p 2 0 206 714 845 401
p 2 72 442 406 44019 1635
p 2 0 365 555 1589 588
p 2 8 298 614 11365 641
p 2 42 382 496 31847 1262
p 2 11 384 525 12011 746
p 2 0 241 679 970 442
p 2 59 470 391 44555 1586
p 2 0 327 593 1424 548
p 2 6 214 700 10457 528
p 2 0 157 763 968 361
p 2 8 262 650 11207 591
p 2 0 98 822 565 297
p 2 11 198 711 11749 536
p 2 0 168 752 739 358
p 2 5 167 748 11601 509
p 2 0 110 810 964 310
p 2 6 136 778 10279 451
p 2 0 108 812 599 307
p 2 8 160 752 11384 493
p 2 0 86 834 512 284
p 2 11 128 781 11136 466
p 2 0 107 813 961 310
p 2 5 145 770 11552 488
p 2 0 82 838 517 282
p 2 6 121 793 10515 443
p 2 0 80 840 522 277
p 2 8 132 780 10899 465
p 2 0 85 835 965 290
p 2 11 110 799 11130 451
p 2 0 84 836 514 282
p 2 5 131 784 11848 479
p 2 0 89 831 533 286
p 2 6 112 802 10226 427
p 2 0 69 851 835 268
p 2 8 108 804 10818 446
p 2 0 75 845 498 274
p 2 11 100 809 11040 445
p 2 0 75 845 489 272
p 2 4 107 809 11509 450
p 2 0 83 837 560 286
p 2 6 94 820 10528 416
p 2 0 74 846 541 278
p 2 9 100 811 11100 450
p 2 0 67 853 476 266
p 2 11 83 826 10986 427
p 2 0 71 849 765 274
p 2 5 118 797 11476 466
p 2 0 84 836 527 286
p 2 6 103 811 10480 422
p 2 0 74 846 513 276
p 2 8 98 814 10798 436
p 2 0 72 848 752 275
p 2 12 87 821 11089 431
p 2 0 62 858 462 261
p 2 5 107 808 11751 459
p 2 0 83 837 527 285
p 2 6 94 820 10175 411
p 2 1 73 846 698 280
p 2 8 113 799 10862 449
p 2 0 78 842 497 278
p 2 11 96 813 11368 442
p 2 0 79 841 542 280
p 2 5 108 807 11505 453
p 2 0 80 840 765 280
p 2 6 98 816 10171 414
p 2 0 66 854 502 266
p 2 8 102 810 11101 442
p 2 0 67 853 480 267
p 2 11 84 825 11043 429
p 2 1 68 851 679 275
p 2 4 111 805 11532 453
p 2 0 83 837 534 285
p 2 6 96 818 10489 414
p 2 0 64 856 455 264
p 2 8 94 818 10834 431
p 2 0 75 845 772 277
p 2 11 86 823 10996 428
p 2 0 65 855 478 265
p 2 4 111 805 11788 455
p 2 0 86 834 561 286
p 2 6 95 819 10137 410
p 2 0 68 852 756 271
p 2 8 94 818 10853 431
p 2 0 65 855 489 266
p 2 12 82 826 11198 434
p 2 0 64 856 472 267
p 2 5 107 808 11451 453
p 2 0 82 838 792 283
p 2 6 98 816 10201 417
p 2 0 62 858 456 259
p 2 8 103 809 11081 444
p 2 0 69 851 485 269
p 2 11 81 828 11034 426
p 2 0 69 851 765 270
p 2 5 101 814 11466 450
p 2 0 76 844 488 276
p 2 6 93 821 10459 412
p 2 0 70 850 514 272
p 2 8 97 815 10805 436
p 2 1 62 857 666 270
p 2 11 81 828 11027 426
p 2 0 64 856 495 265
p 2 4 103 813 11800 446
p 2 0 76 844 522 278
p 2 6 92 822 10164 410
p 2 0 63 857 705 265
p 2 8 106 806 10825 446
p 2 0 69 851 482 270
p 2 11 83 826 11273 429
p 2 0 61 859 481 262
p 2 4 103 813 11533 452
p 2 1 82 837 742 289
p 2 6 98 816 10194 418
p 2 0 67 853 484 268
p 2 8 93 819 11169 434
p 2 0 69 851 452 265
p 2 11 79 830 10997 424
p 2 0 62 858 740 265
p 2 4 101 815 11483 447
p 2 0 76 844 524 281
p 2 6 94 820 10446 413
p 2 0 63 857 514 267
p 2 8 94 818 10801 435
p 2 0 71 849 512 275
p 2 11 83 826 11015 430
p 2 0 60 860 477 262
p 2 4 100 816 11506 447
p 2 0 74 846 529 279
p 2 6 97 817 10425 419
p 2 0 67 853 470 267
p 2 9 99 812 11044 444
i 2 920 0 0 72264 4980
p 2 0 257 663 525 436
p 2 21 216 683 8371 571
p 2 18 350 552 28499 957
p 2 12 315 593 8321 635
p 2 19 315 586 29038 941
p 2 9 340 571 10093 670
p 2 12 354 554 28621 916
p 2 16 257 647 8952 626
p 2 18 296 606 28118 873
p 2 12 292 616 9622 634
p 2 0 131 789 1066 334
p 2 16 136 768 10967 541
p 2 0 133 787 1057 338
p 2 20 156 744 8964 527
p 2 1 94 825 1994 321
p 2 15 118 787 8022 453
p 2 0 106 814 861 309
p 2 10 139 771 8333 459
p 2 0 120 800 868 320
p 2 16 129 775 8678 490
p 2 0 74 846 689 281
p 2 13 92 815 8652 440
p 2 1 70 849 563 271
p 2 16 110 794 9127 491
p 2 0 66 854 415 265
p 2 20 81 819 8316 444
p 2 0 62 858 563 256
p 2 15 85 820 7590 412
p 2 0 44 876 337 238
p 2 10 71 839 8003 384
p 2 0 64 856 425 262
p 2 15 84 821 8153 430
p 2 0 65 855 579 261
p 2 12 85 823 8263 414
p 2 0 46 874 373 244
p 2 14 71 835 9116 432
p 2 0 53 867 412 251
p 2 20 57 843 8278 421
p 2 0 44 876 594 242
p 2 15 59 846 7488 386
p 2 0 41 879 345 238
p 2 11 68 841 8065 389
p 2 0 53 867 405 251
p 2 16 60 844 8026 413
p 2 0 45 875 553 244
p 2 12 81 827 8172 409
p 2 0 47 873 349 240
p 2 13 69 838 9250 430
p 2 0 54 866 371 250
p 2 20 61 839 8282 425
p 2 0 36 884 562 237
p 2 15 58 847 7477 388
p 2 0 41 879 354 236
p 2 11 67 842 8023 388
p 2 0 49 871 382 246
p 2 17 53 850 7851 408
p 2 0 44 876 590 240
p 2 13 65 842 8090 398
p 2 0 43 877 365 240
p 2 14 58 848 9268 428
p 2 0 50 870 408 249
p 2 20 57 843 8249 423
p 2 0 44 876 556 245
p 2 15 57 848 7516 385
p 2 0 45 875 356 237
p 2 10 61 849 7973 379
p 2 0 48 872 386 245
p 2 17 56 847 7819 412
p 2 0 39 881 341 236
p 2 13 61 846 8080 396
p 2 0 43 877 364 241
p 2 14 53 853 8991 419
p 2 0 36 884 341 234
p 2 20 50 850 8245 418
p 2 0 33 887 341 233
p 2 15 54 851 7656 386
p 2 0 39 881 337 235
p 2 10 60 850 7978 375
p 2 0 50 870 369 247
p 2 16 50 854 7876 400
p 2 0 35 885 337 231
p 2 14 60 846 7992 401
p 2 0 36 884 335 233
p 2 15 204 701 21705 731
p 2 0 148 772 813 348
p 2 20 207 693 19291 685
p 2 0 153 767 787 349
p 2 17 230 673 20203 714
p 2 0 160 760 771 360
p 2 12 151 757 9303 496
p 2 0 110 810 568 303
p 2 18 115 787 9213 491
p 2 0 86 834 494 286
p 2 15 166 739 10055 536
p 2 0 92 828 494 292
p 2 37 189 694 22840 800
p 2 0 199 721 931 397
p 2 19 140 761 10856 523
p 2 0 85 835 476 280
p 2 13 126 781 10597 456
p 2 0 83 837 472 279
p 2 13 103 804 9631 455
p 2 0 74 846 467 273
p 2 12 99 809 10024 449
p 2 0 72 848 474 271
p 2 15 90 815 10685 464
p 2 0 66 854 441 264
p 2 29 272 619 33729 986
p 2 0 216 704 1074 424
p 2 34 293 593 34796 1046
p 2 0 225 695 1086 427
p 2 25 279 616 34234 964
p 2 0 227 693 1134 436
p 2 32 282 606 37349 1042
p 2 0 228 692 1177 441
p 2 15 201 704 10700 573
p 2 0 103 817 550 298
p 2 16 129 775 11498 497
p 2 0 117 803 601 311
p 2 19 167 734 11144 562
p 2 0 96 824 527 294
p 2 17 134 769 11588 511
p 2 0 125 795 623 322
p 2 11 125 784 11281 458
p 2 0 107 813 579 301
p 2 10 116 794 10079 455
p 2 0 87 833 495 280
p 2 13 88 819 9816 446
p 2 0 64 856 832 263
p 2 16 69 835 10824 436
p 2 0 57 863 442 256
p 2 21 87 812 10650 487
p 2 0 77 843 474 273
p 2 17 90 813 10957 467
p 2 0 64 856 906 267
p 2 11 84 825 10709 417
p 2 0 63 857 442 259
p 2 10 83 827 9984 423
p 2 0 66 854 453 263
p 2 13 81 826 9813 442
p 2 0 53 867 820 255
p 2 16 75 829 10872 443
p 2 0 52 868 424 252
p 2 21 71 828 10621 470
p 2 0 57 863 419 258
p 2 17 73 830 10944 451
p 2 0 62 858 843 265
p 2 11 97 812 10706 426
p 2 0 69 851 487 270
p 2 10 83 827 9895 427
p 2 0 64 856 435 258
p 2 13 89 818 9839 448
p 2 0 58 862 791 258
p 2 15 67 838 10929 437
p 2 0 52 868 419 250
p 2 19 72 829 10742 463
p 2 0 63 857 445 268
p 2 17 70 833 10937 448
p 2 0 51 869 794 252
p 2 11 77 832 10707 408
p 2 0 64 856 460 263
p 2 10 82 828 9836 422
p 2 0 63 857 476 264
p 2 14 78 828 9776 443
p 2 0 71 849 883 275
p 2 16 88 816 10889 453
p 2 0 58 862 442 255
p 2 19 82 819 10847 476
p 2 0 61 859 483 265
p 2 17 75 828 10957 453
p 2 0 59 861 854 263
p 2 11 76 833 10726 407
p 2 0 54 866 449 255
p 2 10 84 826 9862 421
p 2 0 46 874 373 242
p 2 15 89 816 9726 452
p 2 0 58 862 835 256
p 2 16 72 832 10812 438
p 2 0 52 868 412 251
p 2 19 69 832 10794 462
p 2 0 51 869 417 251
p 2 17 65 838 10907 441
p 2 0 51 869 808 252
p 2 11 73 836 10681 405
p 2 0 58 862 429 258
p 2 10 80 830 9909 418
p 2 0 62 858 439 260
p 2 13 89 818 9795 446
p 2 0 64 856 814 261
p 2 16 69 835 10836 439
p 2 0 50 870 414 250
p 2 20 68 832 10690 467
p 2 0 61 859 424 258
p 2 17 66 837 10932 446
p 2 0 51 869 801 253
p 2 12 71 837 10625 409
p 2 0 55 865 437 255
p 2 10 80 830 9886 419
p 2 0 57 863 445 257
p 2 13 78 829 9798 438
p 2 0 61 859 843 260
p 2 16 64 840 10777 431
p 2 0 47 873 400 248
p 2 19 69 832 10701 460
p 2 0 50 870 390 249
p 2 17 68 835 10905 447
p 2 0 62 858 892 270
p 2 11 74 835 10724 408
p 2 0 67 853 457 265
p 2 10 82 828 9938 423
p 2 0 57 863 440 256
p 2 14 72 834 9725 438
p 2 0 61 859 835 261
p 2 16 78 826 10859 447
p 2 0 53 867 416 252
p 2 19 72 829 10749 466
p 2 0 59 861 418 258
p 2 17 74 829 10935 448
p 2 0 49 871 412 249
p 2 11 70 839 10697 404
p 2 0 54 866 447 255
p 2 10 82 828 9910 420
p 2 0 63 857 466 263
p 2 16 223 681 25683 803
p 2 0 174 746 866 374
p 2 17 210 693 23006 728
p 2 0 169 751 908 372
p 2 19 214 687 22880 756
p 2 0 166 754 885 370
p 2 17 135 768 11520 513
p 2 0 81 839 475 277
p 2 11 101 808 10729 430
p 2 0 93 827 540 291
p 2 18 163 739 13971 603
p 2 0 115 805 606 310
p 2 19 152 749 14844 602
p 2 0 122 798 652 318
p 2 22 170 728 16652 659
p 2 0 108 812 640 314
p 2 17 166 737 15083 627
p 2 0 140 780 1170 346
p 2 18 167 735 15999 629
p 2 0 117 803 1042 323
p 2 11 113 796 10713 442
p 2 0 105 815 1014 300
p 2 9 91 820 8868 413
p 2 0 73 847 848 271
p 2 17 84 819 9468 449
p 2 0 55 865 861 254
p 2 15 474 431 12689 869
p 2 0 213 707 1163 403
p 2 17 105 798 10554 481
p 2 0 103 817 889 302
p 2 17 88 815 10955 465
p 2 0 79 841 474 276
p 2 11 91 818 10590 421
p 2 24 133 763 8215 556
p 2 6 142 772 7173 415
p 2 3 167 750 6976 476
p 2 12 129 779 8182 465
p 2 6 120 794 6576 432
p 2 14 145 761 10920 508
p 2 4 159 757 4343 417
p 2 20 145 755 12467 567
p 2 1 130 789 4975 384
p 2 11 149 760 10845 498
p 2 4 143 773 3956 395
p 2 7 122 791 8753 430
p 2 1 124 795 4418 366
p 2 1 133 786 8541 408
p 2 4 123 793 5467 384
p 2 11 109 800 8750 444
p 2 0 99 821 3634 332
p 2 12 124 784 10340 468
p 2 2 105 813 4284 354
p 2 21 114 785 12123 544
p 2 1 103 816 4456 353
p 2 13 113 794 11281 488
p 2 5 98 817 3737 356
p 2 7 100 813 8539 408
p 2 1 92 827 4347 340
p 2 4 108 808 9026 396
p 2 3 99 818 5776 366
p 2 11 102 807 8970 446
p 2 1 91 828 3411 327
p 2 14 103 803 10896 463
i 2 920 0 0 18565 3520
p 2 0 513 407 742 664
p 2 0 489 431 645 626
p 2 0 225 695 395 389
p 2 0 187 733 353 350
p 2 0 70 850 264 258
p 2 0 65 855 249 249
p 2 0 27 893 217 216
p 2 0 29 891 219 219
p 2 0 11 909 207 205
p 2 0 9 911 206 204
p 2 0 3 917 200 200
p 2 0 5 915 203 202
p 2 0 13 907 210 208
p 2 0 2 918 199 199
p 2 0 3 917 202 200
p 2 0 8 912 208 203
p 2 0 6 914 201 201
p 2 0 5 915 201 201
p 2 0 1 919 198 198
p 2 0 5 915 203 202
p 2 0 3 917 200 199
p 2 0 9 911 204 204
p 2 0 7 913 202 202
p 2 0 7 913 205 204
p 2 0 3 917 201 200
p 2 0 4 916 200 200
p 2 0 3 917 199 199
p 2 0 7 913 203 203
p 2 0 15 905 209 209
p 2 0 1 919 198 198
p 2 0 3 917 201 199
p 2 0 1 919 198 198
p 2 0 2 918 198 198
p 2 0 6 914 202 202
p 2 0 4 916 200 200
p 2 0 1 919 198 198
p 2 0 1 919 198 198
p 2 0 2 918 200 200
p 2 0 1 919 198 198
p 2 0 3 917 200 200
p 2 0 3 917 201 200
p 2 0 1 919 198 198
p 2 0 4 916 200 200
p 2 0 2 918 199 199
p 2 0 3 917 199 199
p 2 0 3 917 200 200
p 2 0 2 918 198 198
p 2 0 1 919 198 198
p 2 0 9 911 204 204
p 2 0 4 916 199 199
p 2 0 4 916 200 200
p 2 0 7 913 202 202
p 2 0 2 918 198 198
p 2 0 7 913 202 202
p 2 0 2 918 199 199
p 2 0 7 913 203 203
p 2 0 3 917 200 200
p 2 0 10 910 204 204
i 2 920 0 0 58786 4229
p 2 0 195 725 456 387
p 2 0 217 703 435 397
p 2 0 61 859 264 251
p 2 0 77 843 274 262
p 2 0 21 899 229 214
p 2 0 29 891 224 217
p 2 0 14 906 218 210
p 2 0 14 906 216 210
p 2 0 3 917 201 199
p 2 0 5 915 203 201
p 2 0 2 918 200 199
p 2 0 4 916 204 201
p 2 0 3 917 202 200
p 2 0 1 919 198 198
p 2 0 1 919 198 198
p 2 0 6 914 203 201
p 2 0 2 918 201 199
p 2 0 3 917 201 200
p 2 0 2 918 199 199
p 2 0 1 919 198 198
p 2 0 4 916 203 200
p 2 0 2 918 200 198
p 2 0 6 914 204 203
p 2 0 4 916 201 201
p 2 0 4 916 203 200
p 2 0 2 918 199 199
p 2 0 2 918 199 199
p 2 0 3 917 200 200
p 2 0 1 919 199 198
p 2 0 3 917 202 200
p 2 0 6 914 204 201
p 2 0 2 918 199 199
p 2 0 4 916 205 200
p 2 0 1 919 198 198
p 2 0 4 916 200 200
p 2 0 0 920 197 197
p 2 0 1 919 199 198
p 2 0 3 917 201 199
p 2 0 3 917 199 199
p 2 0 2 918 199 199
p 2 0 2 918 200 199
p 2 0 1 919 198 198
p 2 0 2 918 201 199
p 2 0 3 917 200 200
p 2 0 1 919 198 198
p 2 0 1 919 198 198
p 2 0 3 917 204 200
p 2 0 3 917 199 199
p 2 0 4 916 200 200
p 2 0 0 920 197 197
p 2 0 1 919 199 198
p 2 0 1 919 198 198
i 2 920 0 0 36812 3574
p 2 0 269 651 565 456
p 2 0 277 643 483 453
p 2 0 92 828 288 279
p 2 0 94 826 281 277
p 2 0 32 888 233 225
p 2 0 26 894 221 219
p 2 0 9 911 209 205
p 2 0 8 912 205 204
p 2 0 1 919 198 198
p 2 0 1 919 198 198
p 2 0 5 915 204 201
p 2 0 3 917 330 200
p 2 0 2 918 203 199
p 2 0 2 918 200 198
p 2 0 3 917 405 201
p 2 0 3 917 203 200
p 2 0 1 919 198 198
p 2 0 3 917 392 200
p 2 0 7 913 206 202
p 2 0 3 917 201 200
p 2 0 3 917 200 200
p 2 0 2 918 200 199
p 2 0 1 919 198 198
p 2 0 5 915 204 200
p 2 0 5 915 203 201
p 2 0 1 919 198 198
p 2 0 3 917 201 200
p 2 0 6 914 205 202
p 2 0 3 917 201 201
p 2 0 0 920 197 197
p 2 0 2 918 200 198
p 2 0 3 917 200 200
p 2 0 3 917 391 200
p 2 0 5 915 203 200
p 2 0 4 916 202 201
p 2 0 4 916 393 201
p 2 0 4 916 207 200
p 2 0 3 917 199 199
p 2 0 2 918 389 199
p 2 0 2 918 205 199
p 2 0 2 918 200 199
p 2 0 1 919 385 199
p 2 0 2 918 203 199
p 2 0 2 918 201 199
p 2 0 5 915 333 202
p 2 0 4 916 204 200
p 2 0 13 907 213 209
p 2 0 4 916 324 202
p 2 0 2 918 202 200
p 2 0 0 920 197 197
p 2 0 4 916 398 201
p 2 0 6 914 209 203
p 2 0 6 914 205 203
p 2 0 5 915 389 201
p 2 0 5 915 204 201
p 2 0 4 916 202 200
p 2 0 3 917 390 200
p 2 0 1 919 199 198
p 2 0 1 919 198 198
p 2 0 1 919 390 198
p 2 0 1 919 198 198
p 2 0 1 919 198 198
p 2 0 1 919 388 198
p 2 0 1 919 203 199
p 2 0 2 918 202 198
p 2 0 3 917 397 200
p 2 0 3 917 208 201
p 2 0 4 916 203 201
p 2 0 2 918 391 199
p 2 0 3 917 202 200
p 2 0 1 919 198 198
p 2 0 1 919 391 198
p 2 0 4 916 205 201
p 2 0 3 917 200 200
p 2 0 2 918 390 199
p 2 0 0 920 197 197
p 2 0 0 920 197 197
p 2 0 2 918 391 200
p 2 0 2 918 200 199
p 2 0 2 918 201 199
p 2 0 1 919 389 198
p 2 0 1 919 200 198
p 2 0 1 919 198 198
p 2 0 3 917 394 200
p 2 0 1 919 199 198
p 2 0 1 919 200 199
p 2 0 2 918 391 199
p 2 0 3 917 203 200
p 2 0 1 919 198 198
p 2 0 1 919 198 198
p 2 0 0 920 197 197
p 2 0 1 919 386 198
p 2 0 1 919 199 198
p 2 0 1 919 327 199
i 2 920 0 0 55522 3871
p 2 0 136 784 401 320
p 2 0 107 813 322 291
p 2 0 51 869 245 238
p 2 0 25 895 219 218
p 2 0 14 906 211 206
p 2 0 9 911 206 205
p 2 0 9 911 208 204
p 2 0 7 913 208 202
p 2 0 3 917 200 199
p 2 0 6 914 205 202
p 2 0 5 915 206 202
p 2 0 11 909 213 206
p 2 0 7 913 210 203
p 2 0 1 919 198 198
p 2 0 4 916 203 200
p 2 0 7 913 207 202
p 2 0 5 915 205 201
p 2 0 3 917 202 200
p 2 0 1 919 198 198
p 2 0 1 919 198 198
p 2 0 6 914 206 202
p 2 0 5 915 205 200
p 2 0 8 912 209 204
p 2 0 9 911 211 205
p 2 0 2 918 199 199
p 2 0 5 915 205 200
p 2 0 7 913 209 203
p 2 0 7 913 210 202
p 2 0 1 919 198 198
p 2 0 3 917 201 200
p 2 0 3 917 201 198
p 2 0 6 914 207 202
p 2 0 2 918 202 199
p 2 0 5 915 207 202
p 2 0 6 914 208 203
p 2 0 2 918 201 200
p 2 0 1 919 199 198
p 2 0 3 917 203 200
p 2 0 3 917 200 199
p 2 0 2 918 199 198
p 2 0 1 919 199 198
p 2 0 2 918 200 198
p 2 0 2 918 201 199
p 2 0 0 920 197 197
p 2 0 2 918 201 200
p 2 0 0 920 197 197
p 2 0 1 919 199 198
p 2 0 5 915 205 201
p 2 0 2 918 200 199
p 2 0 2 918 200 198
p 2 11 31 878 3464 317
p 2 0 26 894 276 221
p 2 0 7 913 211 203
p 2 37 39 844 6559 521
p 2 0 38 882 292 230
p 2 0 16 904 233 210
p 2 46 66 808 9819 629
p 2 0 49 871 354 249
p 2 0 23 897 243 218
p 2 47 120 753 12730 751
p 2 0 89 831 444 286
p 2 0 48 872 295 238
p 2 57 122 741 15348 851
p 2 0 98 822 491 294
p 2 0 56 864 297 245
p 2 47 191 682 20426 907
p 2 0 126 794 621 327
p 2 0 58 862 351 251
p 2 90 232 598 30314 1254
p 2 0 192 728 902 405
p 2 0 83 837 404 272
p 2 66 257 597 29649 1201
p 2 0 197 723 884 420
p 2 0 108 812 433 302
p 2 69 261 590 30206 1225
p 2 0 206 714 982 426
p 2 0 81 839 368 271
p 2 56 220 644 21505 1045
p 2 0 199 721 829 411
p 2 0 88 832 404 278
p 2 57 202 661 19652 970
p 2 0 136 784 598 341
p 2 0 72 848 354 264
p 2 41 214 665 20881 936
p 2 0 149 771 671 353
p 2 0 87 833 384 277
p 2 44 175 701 20880 883
p 2 0 145 775 680 341
p 2 0 82 838 387 273
p 2 4 196 720 16851 600
p 2 0 131 789 670 334
p 2 0 74 846 344 261
p 2 7 175 738 15999 606
p 2 0 160 760 793 371
p 2 0 69 851 353 261
p 2 30 248 642 29620 934
p 2 0 176 744 926 383
p 2 1 129 790 8864 395
p 2 25 237 658 21684 780
p 2 7 207 706 8357 525
p 2 0 97 823 521 292
p 2 23 231 666 29297 841
p 2 0 190 730 989 407
p 2 0 138 782 586 323
p 2 0 57 863 340 250
p 2 0 40 880 284 231
p 2 0 23 897 250 216
p 2 0 51 869 343 243
p 2 0 52 868 323 240
p 2 0 25 895 260 218
p 2 0 18 902 241 212
p 2 0 14 906 228 208
p 2 0 8 912 213 203
p 2 1 183 736 16083 535
p 2 0 123 797 707 326
p 2 0 47 873 319 238
p 2 1 164 755 15000 506
p 2 0 146 774 824 353
p 2 0 92 828 433 281
p 2 4 187 729 15488 555
p 2 0 131 789 711 339
p 2 0 74 846 369 260
p 2 1 181 738 15453 528
p 2 0 162 758 827 367
p 2 0 75 845 403 268
p 2 0 45 875 298 237
p 2 0 21 899 238 213
p 2 0 39 881 307 230
p 2 0 15 905 229 209
p 2 0 11 909 221 206
p 2 0 12 908 230 207
p 2 1 83 836 7736 361
p 2 0 62 858 439 262
p 2 0 35 885 288 225
p 2 0 64 856 6602 312
p 2 0 68 852 489 269
p 2 0 26 894 268 220
p 2 0 69 851 6123 313
p 2 0 49 871 438 250
p 2 0 36 884 315 229
p 2 0 10 910 221 203
p 2 0 16 904 248 210
p 2 0 11 909 223 207
p 2 10 163 747 18890 608
p 2 0 110 810 653 313
p 2 0 53 867 352 247
p 2 5 160 755 17838 571
p 2 0 124 796 737 337
p 2 0 52 868 330 244
p 2 25 198 697 23856 821
p 2 0 167 753 864 382
p 2 0 71 849 403 262
p 2 12 228 680 24361 767
p 2 0 188 732 978 414
p 2 0 74 846 420 273
p 2 11 252 657 25676 789
p 2 0 187 733 929 394
p 2 0 110 810 562 305
p 2 26 190 704 19475 772
p 2 0 125 795 655 328
p 2 0 53 867 321 246
p 2 16 193 711 19506 706
p 2 0 119 801 678 325
p 2 0 74 846 388 264
p 2 46 180 694 24124 877
p 2 0 153 767 807 359
p 2 0 67 853 376 258
p 2 22 205 693 22958 775
p 2 0 136 784 693 337
p 2 0 81 839 402 269
p 2 27 216 677 26996 834
p 2 0 162 758 853 370
p 2 0 76 844 380 265
p 2 20 215 685 25251 808
p 2 0 166 754 863 376
p 2 0 67 853 363 258
p 2 16 193 711 23847 755
p 2 0 185 735 973 396
p 2 0 68 852 370 259
p 2 60 149 711 27377 966
p 2 0 138 782 753 350
p 2 0 89 831 461 280
p 2 58 139 723 24458 905
p 2 0 111 809 635 314
p 2 0 69 851 377 260
p 2 18 194 708 21089 734
p 2 0 164 756 825 361
p 2 0 47 873 302 239
p 2 11 148 761 19543 634
p 2 0 135 785 722 333
p 2 0 75 845 398 266
p 2 11 189 720 16534 617
p 2 0 126 794 697 327
p 2 0 85 835 403 272
p 2 8 173 739 14784 583
p 2 0 129 791 660 325
p 2 0 54 866 337 248
p 2 18 155 747 15097 637
p 2 0 109 811 577 311
p 2 0 67 853 346 258
p 2 11 144 765 14308 589
p 2 0 128 792 644 330
p 2 0 39 881 287 232
p 2 6 133 781 11321 501
p 2 0 112 808 565 312
p 2 0 92 828 424 281
p 2 2 144 774 11087 480
p 2 0 103 817 605 303
p 2 0 47 873 317 238
p 2 0 27 893 254 220
p 2 0 13 907 225 206
p 2 0 28 892 260 220
p 2 0 28 892 266 222
p 2 0 24 896 260 220
p 2 0 23 897 272 216
p 2 2 103 815 9032 400
p 2 0 75 845 462 272
p 2 1 90 829 8858 360
p 2 0 79 841 521 280
p 2 0 89 831 8600 353
p 2 0 66 854 469 266
p 2 0 103 817 8307 361
p 2 0 76 844 486 274
p 2 0 91 829 7904 346
p 2 0 68 852 467 265
p 2 0 86 834 7602 343
p 2 0 69 851 491 270
p 2 1 57 862 529 260
p 2 0 27 893 267 220
p 2 0 16 904 232 208
p 2 0 14 906 506 211
p 2 0 23 897 271 217
p 2 0 8 912 213 204
p 2 0 16 904 450 211
p 2 0 18 902 247 213
p 2 0 28 892 267 220
p 2 0 8 912 440 205
p 2 0 16 904 240 210
p 2 0 13 907 228 207
p 2 0 43 877 323 237
p 2 0 24 896 256 218
p 2 0 17 903 236 210
p 2 0 11 909 226 204
p 2 0 20 900 461 215
p 2 0 6 914 218 204
p 2 1 10 909 315 211
p 2 0 12 908 226 208
p 2 1 64 855 7452 333
p 2 0 50 870 417 249
p 2 1 436 483 7452 714
p 2 0 181 739 770 373
p 2 0 104 816 5638 345
p 2 0 68 852 463 266
p 2 0 34 886 269 225
p 2 1 98 821 7516 360
p 2 0 108 812 572 303
p 2 0 31 889 284 224
p 2 0 86 834 6213 327
p 2 0 71 849 446 265
p 2 0 41 879 303 232
p 2 0 83 837 5900 325
p 2 0 59 861 449 259
p 2 0 32 888 278 224
p 2 0 15 905 236 210
p 2 0 31 889 269 221
p 2 0 11 909 220 207
p 2 0 4 916 207 200
p 2 0 10 910 216 205
p 2 0 5 915 207 202
p 2 0 2 918 202 199
p 2 0 0 920 197 197
p 2 0 2 918 202 200
p 2 0 5 915 208 202
p 2 0 2 918 201 199
i 2 920 0 0 58639 4510
p 2 0 169 751 415 349
p 2 40 523 357 32909 1489
p 2 0 312 608 1185 509
p 2 6 465 449 22872 1079
p 2 0 349 571 1397 563
p 2 6 447 467 23955 1066
p 2 0 321 599 1333 532
p 2 0 206 714 746 389
p 2 0 92 828 1429 296
p 2 0 68 852 372 255
p 2 0 67 853 338 254
p 2 1 113 806 815 330
p 2 0 37 883 275 232
p 2 0 32 888 251 222
p 2 4 33 883 1269 256
p 2 0 55 865 372 246
p 2 0 24 896 265 218
p 2 1 31 888 820 249
p 2 0 26 894 269 219
p 2 0 87 833 421 277
p 2 0 39 881 1304 247
p 2 0 34 886 283 226
p 2 0 23 897 262 216
p 2 1 76 843 717 293
p 2 0 32 888 264 228
p 2 0 26 894 248 217
p 2 4 32 884 1282 256
p 2 0 31 889 281 224
p 2 0 20 900 252 215
p 2 0 27 893 798 241
p 2 0 20 900 242 216
p 2 0 8 912 217 204
p 2 0 26 894 1306 241
p 2 0 22 898 263 217
p 2 0 9 911 218 204
p 2 0 21 899 795 238
p 2 0 14 906 229 212
p 2 0 14 906 232 209
p 2 0 24 896 516 235
p 2 0 16 904 220 210
p 2 0 11 909 214 206
p 2 2 12 906 834 224
p 2 0 3 917 215 200
p 2 0 12 908 221 205
p 2 0 24 896 1268 239
p 2 0 13 907 243 208
p 2 0 10 910 224 204
p 2 0 24 896 808 239
p 2 0 17 903 239 213
p 2 0 8 912 216 204
p 2 0 23 897 1305 237
p 2 0 18 902 251 213
p 2 0 9 911 214 204
p 2 1 18 901 551 236
p 2 0 15 905 222 213
p 2 0 8 912 210 204
p 2 4 12 904 1218 240
p 2 0 8 912 237 205
p 2 0 4 916 211 201
p 2 0 20 900 794 238
p 2 0 11 909 231 209
p 2 0 5 915 212 202
p 2 0 20 900 1310 236
p 2 0 11 909 239 207
p 2 0 3 917 207 200
p 2 0 3 917 203 199
p 2 0 1 919 203 198
p 2 0 18 902 808 236
p 2 0 11 909 231 211
p 2 3 408 509 25343 1074
p 2 0 308 612 1356 532
p 2 6 417 497 25966 1122
p 2 0 286 634 1311 509
p 2 8 409 503 22518 1104
p 2 0 300 620 1314 531
p 2 2 401 517 21652 1028
p 2 0 293 627 1265 508
p 2 1 153 766 875 369
p 2 0 92 828 411 285
p 2 0 76 844 364 263
p 2 6 36 878 1146 268
p 2 0 48 872 320 239
p 2 0 31 889 278 224
p 2 0 66 854 900 275
p 2 0 35 885 284 232
p 2 0 26 894 253 217
p 2 1 38 881 1079 251
p 2 0 47 873 345 241
p 2 0 31 889 274 225
p 2 1 30 889 518 249
p 2 0 16 904 244 219
p 2 0 18 902 241 213
p 2 6 14 900 1114 250
p 2 0 12 908 227 207
p 2 0 8 912 215 202
p 2 0 34 886 802 249
p 2 0 20 900 254 217
p 2 0 16 904 220 210
p 2 1 21 898 1036 234
p 2 0 11 909 236 207
p 2 0 7 913 214 202
p 2 0 6 914 220 203
p 2 0 6 914 213 202
p 2 0 12 908 228 205
p 2 0 9 911 223 205
p 2 0 27 893 783 236
p 2 0 18 902 242 217
p 2 0 31 889 495 232
p 2 0 20 900 242 215
p 2 0 21 899 252 215
p 2 0 10 910 224 207
p 2 13 91 816 8045 461
p 2 0 61 859 445 261
p 2 2 109 809 8420 417
p 2 0 97 823 892 308
p 2 1 124 795 9527 432
p 2 0 77 843 478 277
p 2 0 37 883 291 230
p 2 0 24 896 256 217
p 2 0 10 910 225 205
p 2 0 1 919 205 199
p 2 0 3 917 209 200
p 2 0 9 911 223 203
p 2 0 4 916 209 200
p 2 0 2 918 202 199
p 2 0 1 919 204 198
p 2 0 4 916 212 201
p 2 0 4 916 215 202
p 2 0 1 919 205 199
p 2 0 1 919 205 199
i 2 920 0 0 66963 4505
p 2 0 133 787 730 336
p 2 0 92 828 682 293
p 2 0 51 869 646 262
p 2 0 70 850 696 276
p 2 0 43 877 665 258
p 2 0 57 863 675 265
p 2 0 54 866 703 265
p 2 0 37 883 291 231
p 2 0 7 913 220 204
p 2 0 13 907 247 210
p 2 0 7 913 218 203
p 2 0 11 909 224 206
p 2 0 14 906 232 208
p 2 0 15 905 232 211
p 2 0 6 914 215 203
p 2 0 3 917 208 201
p 2 0 11 909 213 205
p 2 0 6 914 210 203
p 2 0 2 918 204 200
p 2 0 3 917 203 198
p 2 0 3 917 215 199
p 2 0 2 918 200 199
p 2 0 4 916 211 201
p 2 0 5 915 209 201
p 2 0 4 916 203 200
p 2 0 2 918 202 199
p 2 0 2 918 199 199
p 2 0 1 919 198 198
p 2 0 2 918 201 199
p 2 0 3 917 202 200
p 2 0 2 918 200 199
p 2 0 1 919 199 198
p 2 0 0 920 197 197
p 2 0 1 919 199 198
p 2 0 2 918 200 199
p 2 0 2 918 200 199
p 2 0 1 919 198 198
p 2 0 1 919 198 198
p 2 0 6 914 201 201
p 2 0 0 920 197 197
p 2 0 0 920 197 197
p 2 0 1 919 199 198
p 2 0 2 918 202 199
p 2 0 0 920 197 197
p 2 0 1 919 201 199
p 2 0 1 919 204 199
p 2 0 1 919 201 199
p 2 0 68 852 3392 285
p 2 0 41 879 364 236
p 2 0 13 907 234 208
p 2 0 62 858 3074 281
p 2 0 40 880 346 235
p 2 0 13 907 232 208
p 2 0 63 857 3824 296
p 2 0 37 883 329 232
p 2 0 16 904 238 211
p 2 0 62 858 2962 284
p 2 11 209 700 11415 646
p 2 0 145 775 706 352
p 2 1 241 678 12241 609
p 2 0 166 754 808 371
p 2 3 192 725 9701 563
p 2 0 190 730 4250 431
p 2 8 294 618 17829 838
p 2 0 208 712 993 429
p 2 0 303 617 18524 764
p 2 0 202 718 973 409
p 2 0 107 813 491 298
p 2 0 36 884 272 228
p 2 0 31 889 269 223
p 2 0 25 895 258 219
p 2 0 133 787 3600 352
p 2 0 71 849 428 261
p 2 0 49 871 324 243
p 2 0 87 833 3122 302
p 2 0 78 842 446 268
p 2 0 32 888 290 225
p 2 0 92 828 3876 325
p 2 0 64 856 418 257
p 2 0 48 872 327 238
p 2 0 71 849 2966 291
p 2 0 57 863 387 250
p 2 0 29 891 274 222
p 2 0 76 844 2775 293
p 2 0 39 881 346 231
p 2 0 19 901 243 213
p 2 0 70 850 3774 303
p 2 0 47 873 347 239
p 2 0 20 900 249 213
p 2 0 71 849 3858 304
p 2 0 43 877 350 236
p 2 0 19 901 247 213
p 2 0 69 851 3409 293
p 2 0 49 871 360 243
p 2 0 23 897 257 216
p 2 0 68 852 3097 284
p 2 0 40 880 326 234
p 2 0 18 902 239 212
p 2 0 69 851 3797 301
p 2 0 41 879 329 235
p 2 0 18 902 243 212
p 2 0 61 859 2959 285
p 2 0 39 881 315 232
p 2 0 14 906 232 209
p 2 0 55 865 2721 272
p 2 0 33 887 320 228
p 2 0 8 912 222 203
p 2 0 62 858 3723 297
p 2 0 35 885 313 233
p 2 0 24 896 267 217
p 2 0 69 851 3871 305
p 2 0 40 880 356 237
p 2 0 15 905 238 210
p 2 0 66 854 3385 291
p 2 0 40 880 349 235
p 2 0 19 901 241 212
p 2 0 60 860 3069 279
p 2 0 43 877 362 237
p 2 0 22 898 278 216
p 2 0 10 910 224 204
p 2 0 9 911 222 205
p 2 14 254 652 24131 759
p 2 0 166 754 916 374
p 2 6 215 699 21191 658
p 2 0 150 770 792 350
p 2 1 222 697 17746 573
p 2 0 170 750 832 363
p 2 1 223 696 17882 576
p 2 0 177 743 889 375
p 2 0 83 837 449 272
p 2 0 46 874 325 238
p 2 0 63 857 371 253
p 2 0 15 905 238 210
p 2 0 33 887 289 224
p 2 0 22 898 261 216
p 2 0 27 893 290 222
p 2 0 28 892 300 222
p 2 0 26 894 272 219
p 2 0 20 900 254 216
p 2 0 12 908 231 207
p 2 0 9 911 224 204
p 2 0 8 912 221 202
p 2 0 21 899 247 214
p 2 0 3 917 208 200
p 2 0 5 915 214 200
p 2 0 10 910 224 205
p 2 0 5 915 211 202
p 2 0 29 891 294 223
p 2 0 7 913 220 204
p 2 6 146 768 11568 510
p 2 0 99 821 515 294
p 2 0 63 857 349 253
p 2 20 125 775 11740 560
p 2 0 86 834 481 282
p 2 0 44 876 303 235
p 2 5 172 743 12399 560
p 2 0 97 823 572 302
p 2 0 57 863 340 248
p 2 6 163 751 12872 591
p 2 0 112 808 558 317
p 2 0 60 860 348 255
p 2 0 43 877 360 237
p 2 0 19 901 230 211
p 2 0 11 909 215 206
p 2 0 10 910 383 206
p 2 0 18 902 237 211
p 2 0 13 907 245 209
p 2 0 9 911 313 206
p 2 0 11 909 231 208
p 2 0 11 909 222 207
p 2 0 10 910 342 208
p 2 0 14 906 236 209
p 2 0 5 915 206 202
p 2 0 7 913 214 203
p 2 0 4 916 205 201
p 2 14 247 659 20128 823
p 2 0 186 734 928 395
p 2 56 276 588 23173 1140
p 2 0 202 718 910 427
p 2 12 196 712 12285 598
p 2 0 108 812 548 305
p 2 10 125 785 9164 484
p 2 0 110 810 591 310
p 2 10 126 784 8445 487
p 2 0 81 839 509 281
p 2 0 60 860 345 250
p 2 0 18 902 245 213
p 2 0 29 891 267 222
p 2 0 9 911 207 203
p 2 0 5 915 210 202
p 2 0 6 914 213 204
p 2 0 29 891 261 221
p 2 0 13 907 233 208
p 2 0 14 906 232 209
p 2 0 16 904 622 212
p 2 1 22 897 836 227
p 2 0 18 902 882 227
p 2 1 17 902 1223 238
p 2 0 24 896 1750 244
p 2 0 29 891 1983 254
p 2 1 35 884 1679 261
p 2 0 35 885 1660 252
p 2 0 48 872 2071 266
p 2 14 298 608 32963 941
p 2 0 234 686 3219 468
p 2 0 135 785 2986 364
p 2 19 313 588 32206 982
p 2 0 246 674 3529 486
p 2 0 149 771 2890 377
p 2 19 307 594 30725 924
p 2 0 219 701 2961 444
p 2 0 109 811 2147 313
p 2 20 280 620 26626 874
p 2 0 211 709 960 407
p 2 0 138 782 609 326
p 2 0 110 810 3339 328
p 2 0 61 859 414 255
p 2 0 54 866 336 242
p 2 0 85 835 2919 296
p 2 0 80 840 479 272
p 2 0 49 871 329 239
p 2 0 89 831 3752 315
p 2 0 42 878 328 235
p 2 0 27 893 263 221
p 2 0 73 847 2719 287
p 2 0 60 860 414 254
p 2 0 35 885 288 226
p 2 0 61 859 2477 272
p 2 0 42 878 356 235
p 2 0 19 901 248 214
p 2 0 56 864 3440 287
p 2 0 33 887 311 226
p 2 0 14 906 230 209
p 2 0 59 861 3615 291
p 2 0 37 883 342 231
p 2 0 17 903 237 211
p 2 0 53 867 3083 277
p 2 0 42 878 345 238
p 2 0 12 908 221 206
p 2 0 56 864 2793 268
p 2 0 37 883 331 232
p 2 0 18 902 243 213
p 2 0 5 915 213 202
p 2 0 4 916 211 200
p 2 0 3 917 205 200
p 2 12 262 646 29943 849
p 2 0 187 733 899 385
p 2 22 241 657 28077 864
p 2 0 185 735 977 394
p 2 11 489 420 31058 1098
p 2 0 310 610 1252 508
p 2 8 314 598 30545 925
p 2 0 220 700 1042 426
p 2 0 173 747 686 359
p 2 0 65 855 878 261
p 2 0 61 859 365 250
p 2 0 44 876 309 236
p 2 0 84 836 809 277
p 2 0 19 901 241 213
p 2 0 25 895 248 218
p 2 0 36 884 794 236
p 2 0 64 856 406 256
p 2 0 49 871 326 239
p 2 0 47 873 623 246
p 2 0 18 902 237 212
p 2 0 14 906 228 208
p 2 1 30 889 804 236
p 2 0 32 888 284 223
p 2 0 35 885 276 224
p 2 0 32 888 688 234
p 2 0 17 903 240 212
p 2 0 14 906 230 208
p 2 0 17 903 747 218
p 2 0 10 910 227 206
p 2 0 8 912 219 205
p 2 0 18 902 519 219
p 2 0 8 912 217 202
p 2 0 2 918 200 199
p 2 1 7 912 749 214
p 2 0 10 910 222 207
p 2 0 2 918 201 199
p 2 0 9 911 512 213
p 2 0 6 914 218 202
p 2 0 3 917 203 199
p 2 1 6 913 743 215
p 2 0 7 913 216 204
p 2 0 2 918 200 198
p 2 0 12 908 639 214
p 2 0 5 915 209 202
p 2 0 5 915 206 201
p 2 0 12 908 722 213
p 2 0 6 914 214 203
p 2 0 6 914 209 201
p 2 0 3 917 204 199
p 2 0 2 918 201 199
p 2 0 1 919 199 198
p 2 0 4 916 205 200
p 2 0 7 913 610 211
p 2 0 6 914 215 202
p 2 0 5 915 453 209
p 2 0 1 919 198 198
p 2 0 3 917 205 200
p 2 0 4 916 208 200
p 2 3 130 787 15532 493
p 2 0 101 819 592 301
p 2 0 132 788 13481 436
p 2 0 113 807 702 315
p 2 0 141 779 11890 425
p 2 0 102 818 687 308
p 2 0 54 866 371 246
p 2 0 26 894 263 218
p 2 0 56 864 350 247
p 2 0 20 900 246 213
p 2 0 31 889 274 223
p 2 0 19 901 244 212
p 2 0 17 903 236 211
p 2 0 13 907 229 207
p 2 0 37 883 2161 241
p 2 0 25 895 400 224
p 2 0 27 893 1903 231
p 2 0 23 897 290 220
p 2 0 12 908 231 207
p 2 0 22 898 238 213
p 2 0 8 912 213 203
p 2 0 4 916 205 201
p 2 0 2 918 201 198
p 2 0 3 917 203 200
p 2 0 5 915 207 201
p 2 0 10 910 223 206
p 2 0 7 913 213 203
p 2 0 8 912 216 204
p 2 0 4 916 205 199
p 2 0 1 919 199 198
p 2 0 0 920 197 197
p 2 0 3 917 202 199
p 2 0 10 910 225 206
p 2 0 4 916 206 201
p 2 0 4 916 206 200
p 2 0 4 916 206 200
p 2 0 4 916 205 200
p 2 0 2 918 204 199
p 2 0 3 917 204 199
p 2 0 1 919 199 199
p 2 0 0 920 197 197
p 2 0 0 920 197 197
p 2 0 1 919 199 198
p 2 0 2 918 201 198
p 2 0 20 900 245 213
p 2 0 19 901 244 213
p 2 103 258 559 31367 1409
p 2 0 201 719 919 408
p 2 64 277 579 29189 1270
p 2 0 216 704 989 443
p 2 53 291 576 31827 1283
p 2 0 211 709 991 425
p 2 16 331 573 29313 1071
p 2 0 230 690 1086 449
p 2 20 316 584 30302 1058
p 2 0 259 661 1207 473
p 2 0 168 752 665 355
p 2 0 53 867 333 246
p 2 0 75 845 367 261
p 2 0 64 856 352 253
p 2 0 92 828 485 286
p 2 0 26 894 273 219
p 2 0 60 860 369 254
p 2 0 58 862 372 250
p 2 0 43 877 313 236
p 2 0 17 903 244 212
p 2 0 20 900 253 214
p 2 0 13 907 238 208
p 2 0 16 904 243 211
p 2 0 16 904 247 211
p 2 0 11 909 229 205
p 2 0 7 913 218 203
p 2 0 7 913 220 203
p 2 0 5 915 217 201
p 2 0 5 915 217 202
p 2 0 7 913 220 203
p 2 0 4 916 212 200
p 2 0 5 915 216 201
p 2 0 4 916 213 200
i 2 920 0 0 27040 3843
p 2 433 392 95 45224 3335
p 2 367 475 78 61132 3334
p 2 340 552 28 73833 3444
p 2 486 412 22 69535 3570
p 2 462 449 9 74089 3615
p 2 8 888 24 29859 1536
p 2 0 899 21 29047 1386
p 2 3 897 20 31105 1483
p 2 0 897 23 30315 1416
p 2 2 904 14 30770 1427
p 2 0 906 14 29428 1381
p 2 2 903 15 31493 1439
p 2 0 900 20 29126 1365
p 2 4 899 17 31220 1463
p 2 0 895 25 29988 1377
p 2 2 899 19 30924 1458
p 2 0 903 17 28932 1376
p 2 0 903 17 31302 1429
p 2 0 904 16 29511 1372
p 2 1 901 18 31833 1440
p 2 0 898 22 29187 1359
p 2 2 900 18 31333 1440
p 2 0 901 19 30602 1366
p 2 0 772 148 7060 1124
p 2 0 433 487 1793 645
p 2 1 285 634 3204 531
p 2 2 230 688 2221 431
p 2 4 307 609 2963 564
p 2 0 106 814 445 296
p 2 1 172 747 3960 430
p 2 0 139 781 611 330
p 2 1 239 680 3021 480
p 2 0 160 760 1915 357
p 2 4 131 785 2527 394
p 2 0 99 821 444 288
p 2 1 113 806 3765 375
p 2 0 62 858 429 261
p 2 1 73 846 3502 327
p 2 2 72 846 893 279
p 2 4 88 828 3209 360
p 2 0 49 871 351 245
p 2 1 79 840 3691 340
p 2 0 48 872 345 245
p 2 1 70 849 2550 318
p 2 0 57 863 1702 257
p 2 4 67 849 2331 339
p 2 0 49 871 334 242
p 2 1 150 769 7210 450
p 2 0 85 835 472 283
p 2 1 99 820 2607 342
p 2 0 119 801 4278 341
p 2 4 117 799 2477 385
p 2 0 89 831 451 281
p 2 2 129 789 6551 424
p 2 0 65 855 403 260
p 2 1 84 835 2590 333
p 2 0 99 821 3808 312
p 2 4 101 815 2433 369
p 2 0 68 852 396 263
p 2 1 107 812 5820 389
p 2 0 72 848 442 273
p 2 1 63 856 2539 312
p 2 0 43 877 320 237
p 2 4 73 843 2309 341
p 2 0 39 881 310 235
p 2 1 56 863 2384 313
p 2 0 49 871 337 246
p 2 1 58 861 2515 308
p 2 0 50 870 326 244
p 2 4 54 862 2304 325
p 2 0 42 878 325 238
p 2 3 69 848 2918 343
p 2 0 42 878 327 240
p 2 1 51 868 2504 305
p 2 0 31 889 290 228
p 2 4 48 868 2259 317
p 2 0 32 888 284 230
p 2 1 47 872 2370 311
p 2 0 43 877 323 240
p 2 1 51 868 2513 306
p 2 0 37 883 331 236
p 2 4 56 860 2282 328
p 2 0 34 886 291 229
p 2 2 135 783 12667 470
p 2 0 100 820 590 301
p 2 3 95 822 7753 393
p 2 0 115 805 4444 346
p 2 4 120 796 6884 420
p 2 0 74 846 490 273
p 2 4 113 803 7396 433
p 2 0 63 857 421 264
p 2 1 66 853 3513 320
p 2 0 55 865 622 251
p 2 4 80 836 3218 352
p 2 0 55 865 389 250
p 2 3 207 710 12722 551
p 2 0 131 789 701 336
p 2 0 148 772 10380 427
p 2 0 146 774 1833 348
p 2 1 144 775 11114 435
p 2 0 94 826 531 295
p 2 1 129 790 12381 439
p 2 0 105 815 590 303
p 2 5 132 783 10094 439
p 2 0 99 821 1536 303
p 2 3 122 795 9633 415
p 2 0 104 816 577 299
p 2 6 124 790 9189 416
p 2 0 72 848 507 269
p 2 0 54 866 1316 249
p 2 0 35 885 550 227
p 2 0 68 852 1219 262
p 2 0 33 887 289 225
p 2 0 35 885 1281 229
p 2 0 26 894 266 219
p 2 0 43 877 308 235
p 2 0 33 887 1362 231
p 2 0 15 905 233 210
p 2 0 25 895 251 217
p 2 0 31 889 1053 225
p 2 0 21 899 257 215
p 2 0 11 909 221 205
p 2 0 15 905 962 212
p 2 0 15 905 487 209
p 2 0 15 905 231 210
p 2 1 16 903 1139 221
p 2 0 7 913 217 203
p 2 0 19 901 1198 216
p 2 0 10 910 224 206
p 2 0 13 907 1070 213
p 2 0 6 914 217 202
p 2 0 14 906 970 212
p 2 0 13 907 233 208
p 2 0 4 916 210 200
p 2 0 14 906 1064 213
p 2 0 8 912 222 205
i 2 920 0 0 42101 4284
p 2 2 892 26 17965 1500
p 2 399 506 15 48583 3702
p 2 14 886 20 26629 1955
p 2 155 734 31 48844 2925
p 2 35 850 35 33779 2188
p 2 113 770 37 46897 2703
p 2 30 870 20 35334 2078
p 2 23 887 10 46134 2138
p 2 58 841 21 39093 2204
p 2 31 877 12 47412 2171
p 2 39 862 19 35089 2079
p 2 33 876 11 38395 2103
p 2 44 850 26 34521 2089
p 2 36 869 15 40937 2106
p 2 31 883 6 35332 2033
p 2 36 877 7 47758 2218
p 2 28 880 12 34764 2031
p 2 52 844 24 38311 2120
p 2 25 882 13 31825 1972
p 2 34 876 10 42261 2106
p 2 26 866 28 35371 1981
p 2 33 878 9 45455 2169
p 2 27 876 17 34354 1997
p 2 48 845 27 38434 2180
p 2 28 873 19 36419 2034
p 2 31 876 13 39761 2058
p 2 34 869 17 34457 2032
p 2 31 875 14 46669 2140
p 2 27 890 3 35683 1986
p 2 50 856 14 37671 2128
p 2 26 890 4 32750 1968
p 2 32 879 9 41744 2093
p 2 44 872 4 32774 2025
p 2 31 867 22 42260 2056
p 2 21 866 33 32399 1875
p 2 47 856 17 37374 2104
p 2 28 867 25 31845 1972
p 2 22 879 19 38227 1947
p 2 42 870 8 32031 2002
p 2 33 870 17 43666 2048
i 2 920 0 0 79398 4615
p 2 0 747 173 14894 1101
p 2 0 750 170 15998 1112
p 2 3 917 0 53543 1780
p 2 0 877 43 17373 1351
p 2 0 808 112 16496 1231
p 2 4 914 2 53589 1792
p 2 0 887 33 17271 1359
p 2 0 819 101 17203 1272
p 2 1 918 1 55044 1771
p 2 1 873 46 18047 1353
p 2 0 786 134 16587 1213
p 2 4 916 0 56605 1789
p 2 0 886 34 18201 1366
p 2 0 811 109 17425 1228
p 2 6 909 5 56290 1768
p 2 0 874 46 17900 1331
p 2 0 790 130 16932 1213
p 2 5 915 0 54962 1800
p 2 0 877 43 17717 1340
p 2 0 809 111 16591 1202
p 2 5 914 1 52881 1761
p 2 0 879 41 16964 1336
p 2 0 817 103 17106 1234
p 2 11 907 2 55171 1798
p 2 0 872 48 16769 1337
p 2 0 800 120 16295 1215
p 2 1 919 0 53602 1752
p 2 1 886 33 17986 1344
p 2 0 832 88 17206 1250
p 2 6 913 1 55929 1819
p 2 0 886 34 16938 1321
p 2 0 788 132 16733 1192
p 2 4 916 0 54019 1781
p 2 0 878 42 17390 1331
p 2 0 819 101 16838 1234
p 2 5 914 1 53344 1758
p 2 0 879 41 18847 1337
p 2 0 812 108 17301 1230
p 2 2 918 0 55350 1756
p 2 0 886 34 18496 1365
p 2 0 791 129 17268 1205
p 2 5 914 1 56140 1792
p 2 0 888 32 17712 1372
p 2 0 817 103 17597 1245
p 2 7 908 5 56098 1778
p 2 0 877 43 18805 1343
p 2 0 807 113 16845 1239
p 2 6 913 1 55331 1800
p 2 0 882 38 17639 1324
p 2 0 808 112 16866 1213
p 2 6 911 3 53677 1772
p 2 0 878 42 17709 1360
p 2 0 817 103 18072 1243
p 2 14 905 1 55205 1825
p 2 0 876 44 18100 1338
p 2 0 813 107 16332 1218
p 2 1 918 1 53426 1740
p 2 0 882 38 17910 1356
p 2 0 841 79 17005 1248
p 2 6 914 0 55758 1821
p 2 0 892 28 17421 1354
p 2 0 805 115 16747 1221
p 2 3 917 0 54193 1800
p 2 0 875 45 17244 1341
p 2 0 829 91 16304 1259
p 2 3 916 1 52618 1771
p 2 1 869 50 17347 1327
p 2 0 787 133 16273 1189
p 2 2 916 2 55017 1764
p 2 0 880 40 17344 1337
p 2 0 786 134 16668 1194
p 2 6 913 1 56082 1802
p 2 0 887 33 18881 1353
p 2 0 816 104 17798 1253
p 2 6 910 4 56228 1775
p 2 0 884 36 18643 1331
p 2 0 801 119 17208 1207
p 2 5 914 1 55139 1781
p 2 0 880 40 17157 1341
p 2 0 797 123 16368 1207
p 2 5 914 1 53382 1751
p 2 0 884 36 18401 1355
p 2 0 838 82 17540 1270
p 2 12 907 1 54992 1819
p 2 1 880 39 18035 1348
p 2 1 796 123 16574 1209
p 2 3 917 0 53165 1747
p 2 0 875 45 17926 1337
p 2 0 815 105 18054 1238
p 2 3 916 1 55723 1798
p 2 0 882 38 17827 1342
p 2 0 803 117 17358 1203
p 2 4 915 1 54232 1787
p 2 0 882 38 17637 1342
p 2 0 819 101 16930 1228
p 2 4 915 1 52668 1754
p 2 0 877 43 17883 1317
p 2 0 802 118 16682 1208
p 2 3 917 0 54917 1767
p 2 0 871 49 16848 1321
p 2 0 783 137 16042 1179
p 2 4 915 1 55838 1774
p 2 0 891 29 17630 1361
p 2 0 826 94 16618 1245
p 2 7 908 5 55847 1776
p 2 0 885 35 18189 1341
p 2 1 793 126 17481 1225
p 2 6 914 0 55406 1800
p 2 0 892 28 17671 1334
p 2 0 791 129 17151 1200
p 2 5 913 2 53752 1769
p 2 0 874 46 17939 1334
p 2 0 825 95 17351 1241
p 2 8 910 2 55201 1812
p 2 0 877 43 18245 1341
p 2 0 797 123 17344 1218
p 2 2 918 0 54135 1759
p 2 0 874 46 18252 1341
p 2 0 828 92 17369 1258
p 2 8 909 3 55847 1827
p 2 0 886 34 18029 1342
p 2 0 811 109 17071 1236
p 2 4 916 0 54135 1785
p 2 0 881 39 17785 1359
p 2 0 818 102 17067 1244
p 2 5 913 2 53073 1776
p 2 0 880 40 17731 1339
p 2 0 808 112 17090 1214
p 2 1 919 0 54753 1756
p 2 0 889 31 17810 1347
i 2 920 0 0 7207 2908
p 2 44 663 213 10104 1095
p 2 72 674 174 17152 1328
p 2 94 370 456 27159 1321
p 2 114 616 190 36718 1778
p 2 103 394 423 36730 1532
p 2 81 583 256 36497 1575
p 2 67 538 315 36523 1537
p 2 47 637 236 33773 1489
p 2 36 674 210 35549 1546
p 2 11 717 192 35850 1477
p 2 4 721 195 33469 1415
p 2 12 720 188 26895 1421
p 2 1 699 220 22404 1206
p 2 7 773 140 36395 1490
p 2 2 668 250 29963 1265
p 2 4 727 189 32195 1398
p 2 0 673 247 23272 1239
p 2 35 666 219 37452 1531
p 2 6 692 222 25784 1261
p 2 12 679 229 28582 1314
p 2 1 666 253 28942 1231
p 2 3 679 238 35165 1375
p 2 1 623 296 30348 1204
p 2 3 664 253 33056 1344
p 2 0 625 295 21797 1161
p 2 40 623 257 42568 1571
p 2 8 643 269 29987 1293
p 2 11 608 301 29238 1270
p 2 2 634 284 30894 1253
p 2 3 629 288 35234 1333
i 2 920 0 0 61749 3964
p 2 0 111 809 357 297
p 2 0 65 855 276 256
p 2 0 88 832 6457 321
p 2 0 53 867 343 248
p 2 0 23 897 248 215
p 2 0 74 846 6138 304
p 2 0 39 881 340 234
p 2 0 35 885 259 225
p 2 0 83 837 6004 315
p 2 0 61 859 368 256
p 2 0 38 882 276 230
p 2 1 77 842 6043 318
p 2 0 39 881 320 236
p 2 0 26 894 248 218
p 2 0 29 891 2071 228
p 2 0 38 882 287 231
p 2 0 21 899 253 216
p 2 0 25 895 2041 225
p 2 0 13 907 238 209
p 2 0 6 914 213 202
p 2 0 17 903 2027 218
p 2 0 22 898 243 216
p 2 0 8 912 207 203
p 2 0 30 890 2034 230
p 2 0 20 900 246 212
p 2 0 17 903 237 211
p 2 0 26 894 2039 226
p 2 0 31 889 273 223
p 2 0 13 907 220 208
p 2 0 16 904 2003 220
p 2 0 12 908 237 208
p 2 0 5 915 208 201
p 2 0 12 908 2037 214
p 2 0 11 909 237 206
p 2 0 1 919 199 198
p 2 0 16 904 2005 217
p 2 0 6 914 221 203
p 2 0 2 918 205 199
p 2 0 11 909 1735 214
p 2 0 16 904 242 211
p 2 0 6 914 208 202
p 2 2 46 872 5105 286
p 2 0 32 888 314 229
p 2 0 16 904 237 211
p 2 0 51 869 4435 280
p 2 0 32 888 309 228
p 2 0 14 906 227 208
p 2 3 56 861 5592 306
p 2 0 40 880 328 232
p 2 0 30 890 1610 231
p 2 0 21 899 528 217
p 2 0 24 896 1188 221
p 2 0 11 909 226 206
p 2 0 18 902 1307 216
p 2 0 6 914 213 202
p 2 0 12 908 232 207
p 2 0 17 903 1408 217
p 2 0 7 913 219 203
p 2 0 5 915 211 201
p 2 0 21 899 1372 219
p 2 0 14 906 240 210
p 2 0 3 917 204 199
p 2 0 18 902 1372 218
p 2 0 8 912 229 204
p 2 0 4 916 206 200
p 2 0 14 906 1273 214
p 2 0 13 907 236 208
p 2 0 11 909 1303 211
p 2 0 8 912 221 204
p 2 0 11 909 1163 211
p 2 0 6 914 216 202
p 2 0 12 908 1015 212
p 2 0 10 910 488 208
p 2 0 9 911 229 205
p 2 1 14 905 1319 219
p 2 0 5 915 216 202
i 2 920 0 0 13257 3869
p 2 0 914 6 3701 1445
p 2 0 916 4 4292 1503
p 2 0 915 5 5025 1546
p 2 0 914 6 4656 1574
p 2 0 915 5 4555 1582
p 2 0 910 10 4966 1586
p 2 0 912 8 4416 1572
p 2 0 912 8 4568 1579
p 2 0 915 5 4986 1601
p 2 0 915 5 4531 1578
p 2 1 915 4 4634 1602
p 2 0 917 3 5165 1586
p 2 1 914 5 4718 1602
p 2 0 915 5 4803 1592
p 2 1 908 11 5172 1607
p 2 0 913 7 4574 1558
p 2 3 906 11 4680 1587
p 2 1 915 4 5364 1597
p 2 0 917 3 4645 1575
p 2 0 915 5 4667 1598
p 2 0 910 10 5152 1594
p 2 0 919 1 4789 1631
p 2 0 909 11 4375 1568
p 2 0 915 5 5496 1610
p 2 0 915 5 4464 1591
p 2 0 911 9 4491 1591
p 2 0 915 5 5221 1611
p 2 0 909 11 4318 1538
p 2 0 912 8 4452 1566
p 2 0 916 4 4798 1550
p 2 0 917 3 4513 1578
p 2 0 918 2 4365 1556
p 2 0 911 9 4846 1563
p 2 0 913 7 4585 1591
p 2 0 917 3 4598 1593
p 2 473 447 0 136422 4367
p 2 0 500 420 2276 742
p 2 0 235 685 919 406
p 2 11 407 502 16141 803
p 2 0 290 630 1506 488
p 2 0 148 772 567 335
p 2 14 302 604 14752 707
p 2 0 191 729 790 387
p 2 0 95 825 742 287
p 2 10 295 615 14741 675
p 2 0 215 705 1331 419
p 2 0 134 786 543 322
p 2 13 279 628 14959 686
p 2 0 174 746 770 376
p 2 0 116 804 821 308
p 2 9 258 653 14967 644
p 2 0 201 719 1267 410
p 2 0 119 801 465 304
p 2 13 237 670 14774 629
p 2 0 157 763 711 362
p 2 0 106 814 807 301
p 2 10 231 679 14502 617
p 2 0 180 740 1176 379
p 2 0 85 835 391 273
p 2 13 241 666 14881 643
p 2 0 150 770 702 355
p 2 0 143 777 4839 353
p 2 9 250 661 14744 624
p 2 0 198 722 4656 417
p 2 0 134 786 574 328
p 2 14 223 683 17813 640
p 2 0 158 762 752 360
p 2 0 117 803 512 306
p 2 11 203 706 14570 591
p 2 0 175 745 770 375
p 2 0 111 809 465 299
p 2 13 234 673 15102 639
p 2 0 170 750 742 367
p 2 25 243 652 17628 668
p 2 11 352 557 15395 755
p 2 14 364 542 19451 781
p 2 0 271 649 1254 472
p 2 26 415 479 36764 1040
p 2 0 312 608 1483 529
p 2 27 288 605 24295 791
p 2 9 385 526 15283 778
p 2 23 387 510 21576 867
p 2 0 272 648 1287 476
p 2 32 408 480 34647 1060
p 2 0 288 632 1785 508
p 2 0 134 786 649 329
p 2 15 385 520 24216 888
p 2 0 293 627 1301 494
p 2 0 238 682 1015 427
p 2 21 376 523 23481 906
p 2 0 292 628 2249 504
p 2 0 207 713 3285 424
p 2 10 378 532 22518 850
p 2 0 320 600 2706 542
p 2 0 327 593 3381 534
p 2 8 369 543 19212 812
p 2 0 278 642 3558 503
p 2 0 188 732 2906 395
p 2 0 326 594 15702 695
p 2 0 294 626 3021 518
p 2 0 265 655 3340 481
p 2 0 335 585 11477 675
p 2 0 278 642 1204 482
p 2 0 162 758 643 347
p 2 4 253 663 9129 595
p 2 0 151 769 670 350
p 2 0 112 808 434 294
p 2 5 220 695 8929 570
p 2 0 155 765 640 352
p 2 0 89 831 384 278
p 2 1 165 754 7153 469
p 2 0 120 800 575 320
p 2 0 72 848 379 267
p 2 0 129 791 6552 431
p 2 0 113 807 533 313
p 2 0 55 865 288 246
p 2 0 121 799 6612 426
p 2 0 100 820 560 308
i 2 920 0 0 41610 3850
p 2 0 133 787 370 310
p 2 0 84 836 277 263
p 2 17 195 708 12056 624
p 2 0 113 807 514 302
p 2 0 39 881 261 230
p 2 3 180 737 10850 546
p 2 0 135 785 597 327
p 2 0 71 849 296 251
p 2 25 139 756 12631 646
p 2 0 87 833 543 292
p 2 0 48 872 324 241
p 2 14 146 760 12179 611
p 2 0 108 812 577 315
p 2 0 66 854 309 251
p 2 9 196 715 9502 582
p 2 0 92 828 491 295
p 2 0 64 856 294 249
p 2 5 192 723 8912 572
p 2 0 134 786 572 337
p 2 0 195 725 4250 425
p 2 0 110 810 485 303
p 2 0 177 743 3666 397
p 2 0 90 830 395 276
p 2 0 204 716 3824 418
p 2 0 102 818 447 287
p 2 0 140 780 3679 374
p 2 0 89 831 417 275
p 2 0 178 742 3818 398
p 2 0 111 809 465 291
p 2 0 89 831 3687 341
p 2 0 66 854 437 263
p 2 0 191 729 3840 407
p 2 0 73 847 444 270
p 2 0 92 828 3681 346
p 2 0 63 857 417 259
p 2 0 151 769 3795 381
p 2 0 62 858 401 257
p 2 0 88 832 3645 340
p 2 0 62 858 436 260
p 2 0 165 755 3805 387
p 2 0 57 863 397 255
p 2 0 86 834 3662 342
p 2 0 59 861 379 255
p 2 0 147 773 3772 377
p 2 0 60 860 389 253
p 2 0 115 805 3686 357
p 2 0 52 868 367 248
p 2 0 196 724 3822 408
p 2 0 61 859 402 258
p 2 0 116 804 3655 357
p 2 0 53 867 384 250
p 2 0 174 746 3804 396
i 2 920 0 0 83486 4980
p 2 0 108 812 363 296
p 2 0 46 874 247 233
p 2 0 52 868 2261 259
p 2 0 39 881 284 231
p 2 0 27 893 245 219
p 2 0 40 880 2149 246
p 2 0 27 893 292 223
p 2 0 30 890 255 221
p 2 0 38 882 2057 242
p 2 0 29 891 288 224
p 2 0 13 907 229 208
p 2 0 37 883 1900 241
p 2 0 24 896 276 220
p 2 0 12 908 226 208
p 2 0 33 887 1983 240
p 2 0 23 897 261 217
p 2 0 14 906 225 208
p 2 0 41 879 2286 250
p 2 0 28 892 286 224
p 2 0 11 909 218 205
p 2 0 34 886 2123 239
p 2 0 24 896 278 219
p 2 0 22 898 250 217
p 2 0 39 881 2073 243
p 2 0 28 892 286 223
p 2 0 14 906 224 209
p 2 0 38 882 1529 238
p 2 0 22 898 261 217
p 2 0 11 909 220 206
p 2 0 32 888 1613 235
p 2 0 24 896 278 220
p 2 0 17 903 236 211
p 2 0 83 837 8572 349
p 2 0 60 860 439 257
p 2 0 32 888 544 226
p 2 0 87 833 8707 353
p 2 0 58 862 427 254
p 2 0 19 901 243 212
p 2 4 94 822 9003 388
p 2 0 67 853 442 262
p 2 0 23 897 244 215
p 2 1 97 822 10562 386
p 2 0 73 847 459 269
p 2 0 46 874 338 237
p 2 0 19 901 429 212
p 2 0 25 895 255 217
p 2 0 16 904 227 207
p 2 0 46 874 477 239
p 2 0 26 894 261 217
p 2 0 29 891 275 222
p 2 0 48 872 407 239
p 2 0 23 897 268 220
p 2 0 24 896 251 217
p 2 0 89 831 3050 302
p 2 0 40 880 341 237
p 2 0 22 898 252 215
p 2 0 75 845 2696 285
p 2 0 44 876 339 238
p 2 0 28 892 260 220
p 2 0 63 857 2689 275
p 2 0 35 885 331 228
p 2 0 24 896 257 219
p 2 0 59 861 2723 272
p 2 0 55 865 371 248
p 2 0 29 891 276 221
p 2 0 120 800 4632 334
p 2 0 69 851 431 259
p 2 0 27 893 272 220
p 2 0 135 785 4064 342
p 2 0 68 852 400 256
p 2 0 19 901 250 214
p 2 0 111 809 4067 316
p 2 0 54 866 375 245
p 2 0 23 897 245 215
p 2 0 106 814 3982 312
p 2 0 53 867 361 243
p 2 0 24 896 247 215
p 2 0 104 816 4027 311
p 2 0 53 867 392 246
p 2 0 15 905 232 208
p 2 0 103 817 3970 309
p 2 0 59 861 390 248
p 2 0 16 904 236 210
p 2 0 105 815 4063 313
p 2 0 49 871 350 239
p 2 0 11 909 223 206
p 2 0 104 816 3990 313
p 2 0 52 868 373 241
i 2 920 0 0 14495 3132
p 2 0 271 649 486 450
p 2 0 333 587 488 481
p 2 16 332 572 8868 681
p 2 0 262 658 647 446
p 2 106 247 567 17242 1200
p 2 0 151 769 556 347
p 2 25 352 543 13972 947
p 2 0 218 702 712 416
p 2 1 380 539 12356 814
p 2 0 215 705 715 415
p 2 4 394 522 13375 826
p 2 0 218 702 788 425
p 2 10 195 715 7918 595
p 2 0 134 786 528 337
p 2 0 84 836 330 271
p 2 7 162 751 7960 534
p 2 0 89 831 465 287
p 2 0 49 871 289 243
p 2 8 131 781 7555 492
p 2 0 90 830 431 286
p 2 0 38 882 269 233
p 2 10 124 786 8846 515
p 2 0 81 839 450 282
p 2 0 37 883 271 230
p 2 0 20 900 225 215
p 2 0 25 895 243 217
p 2 0 14 906 222 209
p 2 0 10 910 219 206
p 2 0 5 915 207 201
p 2 1 33 886 1205 248
p 2 0 17 903 281 215
p 2 0 13 907 1279 218
p 2 0 22 898 252 218
p 2 0 17 903 1393 221
p 2 0 16 904 252 212
p 2 0 14 906 1182 223
p 2 0 14 906 250 212
p 2 0 18 902 1275 222
p 2 0 10 910 232 206
p 2 0 11 909 1377 214
p 2 0 11 909 238 208
p 2 0 2 918 201 199
p 2 0 0 920 197 197
p 2 0 2 918 199 199
p 2 0 3 917 204 199
p 2 0 1 919 198 198
p 2 0 1 919 198 198
p 2 0 0 920 197 197
p 2 0 0 920 197 197
p 2 0 1 919 199 198
p 2 0 2 918 201 199
p 2 0 0 920 197 197
i 2 920 0 0 69309 4176
p 2 0 108 812 363 294
p 2 0 60 860 268 249
p 2 0 43 877 1262 247
p 2 0 32 888 285 229
p 2 0 22 898 235 214
p 2 1 29 890 1089 241
p 2 0 19 901 239 216
p 2 0 10 910 226 206
p 2 0 24 896 1289 231
p 2 0 23 897 272 218
p 2 0 19 901 232 211
p 2 1 21 898 1098 235
p 2 0 13 907 231 209
p 2 0 3 917 203 200
p 2 0 17 903 1277 228
p 2 0 15 905 249 213
p 2 0 7 913 213 204
p 2 1 14 905 1045 230
p 2 0 12 908 250 211
p 2 0 4 916 205 201
p 2 0 13 907 1288 223
p 2 0 17 903 257 215
p 2 0 4 916 204 200
p 2 1 17 902 1082 231
p 2 0 11 909 229 207
p 2 0 9 911 214 204
p 2 0 18 902 1272 226
p 2 0 16 904 255 213
p 2 0 12 908 215 206
p 2 1 16 903 1059 229
p 2 0 9 911 225 206
p 2 0 9 911 215 206
p 2 0 11 909 1030 221
p 2 0 6 914 226 204
p 2 0 3 917 204 200
p 2 3 80 837 9981 366
p 2 0 60 860 491 264
p 2 4 85 831 9909 383
p 2 0 81 839 592 284
p 2 2 98 820 10503 394
p 2 0 80 840 576 285
p 2 1 98 821 11365 383
p 2 0 88 832 578 290
p 2 1 81 838 5242 313
p 2 0 58 862 1314 278
p 2 1 64 855 4335 286
p 2 0 55 865 381 250
p 2 0 81 839 5290 323
p 2 0 50 870 405 246
p 2 4 56 860 5057 302
p 2 0 60 860 1273 280
p 2 1 73 846 4429 296
p 2 0 46 874 329 241
p 2 0 61 859 6069 308
p 2 0 46 874 405 247
p 2 1 50 869 4187 270
p 2 0 45 875 1249 265
p 2 1 48 871 4135 272
p 2 0 32 888 308 228
p 2 4 54 862 6079 325
p 2 0 38 882 351 237
p 2 0 39 881 3983 256
p 2 0 48 872 1578 270
p 2 0 51 869 4711 274
p 2 0 32 888 293 228
p 2 1 48 871 5184 295
p 2 0 42 878 381 241
p 2 0 40 880 3793 256
p 2 1 42 877 1568 271
p 2 3 46 871 4747 289
p 2 0 25 895 301 224
p 2 1 52 867 5298 303
p 2 0 35 885 356 234
p 2 0 42 878 4686 263
p 2 1 44 875 1570 273
p 2 1 54 865 3919 277
p 2 0 30 890 294 225
p 2 0 49 871 5185 291
p 2 0 36 884 338 234
p 2 3 35 882 4696 274
p 2 0 44 876 1577 267
p 2 0 47 873 4030 268
p 2 0 26 894 297 224
p 2 1 47 872 5975 301
p 2 0 34 886 353 233
p 2 1 32 887 3824 252
p 2 1 35 884 1525 264
p 2 0 42 878 3781 259
p 2 0 30 890 315 226
p 2 3 47 870 6001 313
p 2 0 29 891 325 227
p 2 0 35 885 3999 253
p 2 0 43 877 1590 267
p 2 0 46 874 4710 269
p 2 0 23 897 293 221
p 2 1 43 876 4866 290
p 2 0 29 891 327 228
p 2 0 34 886 3747 248
p 2 0 37 883 1216 257
p 2 3 40 877 4721 281
i 2 920 0 0 42817 4285
p 2 0 71 849 293 259
p 2 356 473 91 46888 3309
p 2 0 392 528 1129 607
p 2 84 745 91 38713 2219
p 2 0 415 505 1385 665
p 2 77 747 96 33433 2010
p 2 0 388 532 1157 620
p 2 0 199 721 450 360
p 2 0 175 745 379 331
p 2 0 145 775 389 311
p 2 0 98 822 291 266
p 2 0 78 842 280 253
p 2 0 75 845 278 250
p 2 0 92 828 315 262
p 2 0 13 907 237 209
p 2 0 59 861 272 239
p 2 0 10 910 222 207
p 2 0 15 905 228 209
p 2 0 6 914 213 202
p 2 0 3 917 212 200
p 2 0 11 909 221 206
p 2 0 15 905 217 209
p 2 0 1 919 199 198
p 2 9 138 773 4780 405
p 2 0 48 872 310 239
p 2 17 219 684 6721 626
p 2 0 92 828 383 279
p 2 16 198 706 6161 594
p 2 0 165 755 462 334
p 2 11 251 658 4956 593
p 2 0 116 804 387 298
i 2 920 0 0 46150 4519
p 2 14 175 731 4758 618
p 2 516 374 30 57957 4221
p 2 16 576 328 12100 1438
p 2 439 478 3 58432 4295
p 2 17 751 152 17342 1924
p 2 25 712 183 18768 1900
p 2 161 746 13 45210 3238
p 2 34 822 64 19344 2208
p 2 19 788 113 15955 1999
p 2 84 831 5 38614 2775
p 2 12 879 29 16273 2016
p 2 20 831 69 17003 2024
p 2 23 881 16 31259 2316
p 2 11 889 20 15561 1954
p 2 5 860 55 12131 1736
p 2 37 877 6 31212 2319
p 2 2 620 298 3876 1028
p 2 10 576 334 14353 1190
p 2 7 601 312 7191 1252
p 2 12 546 362 13330 1153
p 2 0 467 453 3268 778
p 2 14 625 281 15424 1428
p 2 1 453 466 3021 762
p 2 12 439 469 12432 976
p 2 4 459 457 6584 1062
p 2 11 487 422 12614 1038
p 2 2 431 487 2929 728
p 2 17 546 357 15921 1388
p 2 1 395 524 3128 706
p 2 13 492 415 13045 1048
p 2 4 454 462 5978 998
p 2 14 478 428 12930 1063
p 2 2 376 542 2980 683
p 2 9 514 397 14758 1255
p 2 3 398 519 3122 736
p 2 12 417 491 13029 980
p 2 9 399 512 6058 965
p 2 11 442 467 12950 1015
p 2 2 342 576 3050 647
p 2 17 481 422 15904 1311
p 2 2 372 546 3127 716
p 2 10 438 472 13098 1015
p 2 7 430 483 6603 1035
p 2 11 474 435 13217 1073
i 2 920 0 0 81930 4434
p 2 0 156 764 422 339
p 2 0 73 847 435 260
p 2 2 51 867 2128 260
p 2 0 43 877 485 238
p 2 0 21 899 249 214
p 2 2 36 882 2276 245
p 2 0 27 893 257 219
p 2 0 18 902 425 214
p 2 2 23 895 2039 237
p 2 0 31 889 459 226
p 2 0 23 897 244 215
p 2 2 18 900 2228 232
p 2 0 13 907 242 211
p 2 0 16 904 432 212
p 2 2 24 894 2030 234
p 2 0 22 898 451 218
p 2 0 21 899 242 214
p 2 2 22 896 2228 234
p 2 0 11 909 237 208
p 2 0 8 912 391 206
p 2 2 17 901 2011 230
p 2 0 16 904 420 213
p 2 0 13 907 235 208
p 2 2 34 884 2222 244
p 2 0 20 900 256 216
p 2 0 15 905 358 210
p 2 2 33 885 2034 242
p 2 0 18 902 440 215
p 2 0 26 894 251 219
p 2 2 27 891 2236 239
p 2 0 20 900 256 216
p 2 0 9 911 390 206
p 2 2 18 900 2014 232
p 2 0 17 903 470 215
p 2 0 12 908 227 207
p 2 2 16 902 2248 232
p 2 0 13 907 247 210
p 2 0 8 912 411 207
p 2 2 15 903 2009 229
p 2 0 20 900 458 216
p 2 0 11 909 233 208
p 2 2 16 902 2237 229
p 2 0 14 906 242 210
p 2 0 7 913 388 204
p 2 2 20 898 2020 232
p 2 0 16 904 252 211
p 2 0 11 909 216 206
p 2 2 23 895 2054 234
p 2 0 16 904 237 212
p 2 0 7 913 206 202
p 2 2 17 901 2007 229
p 2 0 11 909 329 207
p 2 0 14 906 218 208
p 2 2 20 898 2127 234
p 2 0 10 910 230 207
p 2 0 5 915 204 202
p 2 2 17 901 2076 230
p 2 0 14 906 237 209
p 2 0 8 912 212 203
p 2 2 18 900 2126 231
p 2 0 8 912 220 204
p 2 0 3 917 203 199
p 2 2 16 902 2084 229
p 2 0 12 908 240 209
p 2 0 3 917 205 200
p 2 2 18 900 2113 230
p 2 0 9 911 222 205
p 2 0 2 918 202 199
p 2 2 16 902 2072 229
p 2 0 9 911 229 205
p 2 0 7 913 210 204
p 2 2 20 898 2140 233
p 2 0 11 909 236 209
p 2 0 5 915 205 202
p 2 2 16 902 2082 230
p 2 0 14 906 239 208
p 2 0 10 910 215 203
p 2 2 16 902 2107 230
p 2 0 7 913 226 205
p 2 0 4 916 205 200
p 2 2 16 902 2063 229
p 2 0 13 907 238 209
p 2 0 4 916 208 201
p 2 2 15 903 2102 228
p 2 0 13 907 228 207
p 2 0 3 917 202 200
p 2 2 17 901 2085 230
p 2 0 7 913 223 203
p 2 0 4 916 205 200
p 2 2 14 904 2105 227
p 2 0 8 912 228 205
p 2 0 4 916 206 200
p 2 2 14 904 2084 228
p 2 0 9 911 227 206
p 2 0 1 919 199 198
p 2 2 46 872 6287 283
p 2 0 34 886 328 229
p 2 0 40 880 4248 258
p 2 2 49 869 2150 264
p 2 0 47 873 4227 267
p 2 0 50 870 372 244
p 2 2 38 880 3553 259
p 2 0 24 896 489 221
p 2 2 34 884 3344 252
p 2 0 24 896 664 222
p 2 0 88 832 8485 349
p 2 0 65 855 468 262
p 2 3 95 822 9461 368
p 2 0 96 824 745 299
p 2 0 61 859 581 257
p 2 0 44 876 1599 245
p 2 0 34 886 523 235
p 2 0 37 883 536 235
p 2 0 64 856 1921 264
p 2 0 42 878 592 240
p 2 0 37 883 591 235
p 2 0 50 870 1905 252
p 2 0 38 882 626 239
p 2 0 27 893 270 220
p 2 0 36 884 2394 249
p 2 0 15 905 244 210
p 2 0 5 915 210 202
p 2 0 26 894 2337 241
p 2 0 22 898 274 219
p 2 0 6 914 213 202
p 2 0 26 894 2370 240
p 2 0 18 902 260 215
p 2 0 4 916 204 200
p 2 0 25 895 2584 243
p 2 0 20 900 397 216
p 2 0 8 912 226 204
i 2 920 0 0 71459 4775
p 2 0 181 739 451 366
p 2 0 96 824 302 279
p 2 0 52 868 701 245
p 2 0 40 880 243 233
p 2 0 11 909 205 205
p 2 0 30 890 796 227
p 2 0 12 908 224 206
p 2 0 15 905 218 209
p 2 0 12 908 783 211
p 2 0 6 914 214 203
p 2 0 3 917 204 200
p 2 0 11 909 636 210
p 2 0 7 913 211 201
p 2 0 4 916 202 201
p 2 0 10 910 668 209
p 2 0 5 915 219 203
p 2 0 3 917 207 200
p 2 0 13 907 693 215
p 2 0 6 914 214 202
p 2 0 2 918 201 199
p 2 0 12 908 835 215
p 2 0 7 913 224 204
p 2 0 5 915 205 201
p 2 0 8 912 740 210
p 2 0 6 914 220 202
p 2 0 0 920 197 197
p 2 0 11 909 674 211
p 2 0 8 912 215 203
p 2 0 2 918 202 199
p 2 0 10 910 540 211
p 2 0 8 912 215 204
p 2 0 4 916 218 201
p 2 0 5 915 452 206
p 2 0 3 917 203 200
p 2 0 6 914 205 203
p 2 0 2 918 342 202
p 2 0 1 919 201 198
p 2 0 2 918 202 199
p 2 0 4 916 383 203
p 2 0 6 914 217 203
p 2 0 3 917 204 199
p 2 0 4 916 342 203
p 2 0 4 916 206 200
p 2 0 1 919 198 198
p 2 0 3 917 254 203
p 2 0 1 919 200 198
p 2 0 2 918 200 199
p 2 0 3 917 381 203
p 2 0 3 917 205 199
p 2 0 4 916 209 201
p 2 0 3 917 389 202
p 2 0 5 915 205 201
p 2 0 3 917 203 199
p 2 0 2 918 248 202
p 2 0 2 918 202 199
p 2 0 2 918 213 199
p 2 0 2 918 453 203
p 2 0 1 919 200 198
p 2 0 1 919 199 198
p 2 0 4 916 338 204
p 2 0 1 919 200 198
p 2 0 1 919 200 198
p 2 0 3 917 385 203
p 2 0 2 918 204 199
p 2 0 0 920 197 197
p 2 0 0 920 197 197
p 2 0 2 918 199 199
p 2 0 0 920 197 197
p 2 0 0 920 197 197
p 2 0 4 916 344 203
p 2 0 4 916 208 201
p 2 2 215 703 17142 715
p 2 0 166 754 878 385
p 2 0 84 836 422 276
p 2 2 230 688 13763 659
p 2 0 183 737 931 393
p 2 0 73 847 396 270
p 2 1 211 708 12717 618
p 2 0 173 747 918 387
p 2 0 113 807 557 313
p 2 0 40 880 571 236
p 2 0 54 866 347 248
p 2 0 54 866 316 244
p 2 0 64 856 529 261
p 2 0 23 897 245 218
p 2 0 28 892 271 222
p 2 0 19 901 503 216
p 2 0 16 904 238 210
p 2 0 16 904 229 208
p 2 0 21 899 485 219
p 2 0 23 897 257 217
p 2 0 10 910 225 206
p 2 0 9 911 494 207
p 2 0 4 916 207 200
p 2 0 8 912 213 202
p 2 0 41 879 463 239
p 2 0 23 897 247 217
p 2 0 18 902 230 212
p 2 0 23 897 526 216
p 2 0 22 898 249 215
p 2 0 21 899 248 214
p 2 0 16 904 455 212
p 2 0 4 916 215 201
p 2 0 8 912 215 203
p 2 0 6 914 478 205
p 2 0 7 913 213 203
p 2 0 3 917 204 201
p 2 0 5 915 432 204
p 2 0 6 914 212 202
p 2 0 11 909 223 205
p 2 0 15 905 335 214
p 2 0 9 911 227 206
p 2 0 3 917 202 200
p 2 0 5 915 489 204
p 2 0 4 916 206 200
p 2 0 22 898 244 215
p 2 0 11 909 379 213
p 2 0 11 909 222 206
p 2 0 15 905 227 209
p 2 0 15 905 504 211
p 2 0 16 904 235 211
p 2 0 11 909 219 206
p 2 0 8 912 439 206
p 2 0 12 908 220 206
p 2 0 9 911 211 202
p 2 0 10 910 485 208
p 2 0 9 911 219 203
p 2 0 2 918 201 199
p 2 0 4 916 204 200
p 2 0 2 918 200 200
p 2 0 4 916 208 200
p 2 0 4 916 427 203
p 2 0 2 918 201 199
p 2 0 4 916 312 207
p 2 0 3 917 204 199
p 2 12 277 631 21539 882
p 2 0 228 692 1090 446
p 2 21 312 587 26226 1025
p 2 0 228 692 1145 447
p 2 16 316 588 28359 1004
p 2 0 251 669 1226 483
p 2 8 315 597 23188 864
p 2 0 253 667 1198 476
p 2 10 301 609 22345 871
p 2 0 251 669 1152 460
p 2 0 153 767 700 348
p 2 1 90 829 638 294
p 2 0 61 859 354 250
p 2 0 17 903 239 212
p 2 1 19 900 746 224
p 2 0 13 907 232 208
p 2 0 62 858 360 253
p 2 1 31 888 493 239
p 2 0 24 896 258 219
p 2 0 16 904 233 211
p 2 1 35 884 792 241
p 2 0 23 897 257 215
p 2 0 23 897 607 223
p 2 0 14 906 238 210
p 2 1 16 903 658 222
p 2 0 12 908 228 206
p 2 0 14 906 237 209
p 2 0 7 913 213 203
p 2 0 40 880 296 230
p 2 9 174 737 17678 603
p 2 0 141 779 758 347
p 2 3 211 706 16364 623
p 2 0 211 709 1321 419
p 2 1 211 708 14986 594
p 2 0 198 722 1028 404
p 2 2 247 671 15296 652
p 2 0 177 743 907 387
p 2 0 98 822 457 289
p 2 0 84 836 563 277
p 2 0 28 892 244 220
p 2 0 32 888 263 223
p 2 0 32 888 604 227
p 2 0 50 870 346 242
p 2 0 29 891 266 224
p 2 0 28 892 481 221
p 2 0 22 898 246 217
p 2 0 21 899 240 212
p 2 0 21 899 511 219
p 2 0 16 904 243 209
p 2 0 7 913 213 203
p 2 0 9 911 378 206
p 2 0 15 905 236 209
p 2 0 25 895 263 217
p 2 0 14 906 560 211
p 2 0 10 910 226 205
p 2 0 11 909 225 205
p 2 0 28 892 423 222
p 2 0 16 904 225 210
p 2 0 11 909 219 206
p 2 0 47 873 657 241
p 2 0 23 897 255 216
p 2 0 12 908 225 207
p 2 0 7 913 442 206
p 2 0 5 915 210 202
p 2 0 2 918 200 199
p 2 0 12 908 475 209
p 2 0 3 917 202 200
p 2 0 6 914 209 201
p 2 0 2 918 201 198
p 2 0 10 910 225 205
p 2 0 3 917 204 200
p 2 0 2 918 200 198
p 2 0 3 917 429 202
p 2 0 4 916 207 201
p 2 0 4 916 275 202
p 2 0 3 917 202 200
p 2 0 0 920 197 197
p 2 0 7 913 209 202
p 2 0 3 917 201 199
i 2 920 0 0 78926 4844
p 2 0 89 831 332 278
p 2 17 230 673 19090 742
p 2 0 156 764 776 360
p 2 10 224 686 17853 680
p 2 0 160 760 787 363
p 2 9 223 688 17212 670
p 2 0 141 779 720 341
p 2 27 209 684 18603 761
p 2 0 138 782 717 341
p 2 10 224 686 19286 731
p 2 0 144 776 741 349
p 2 13 224 683 19048 722
p 2 0 161 759 820 364
p 2 12 214 694 17949 693
p 2 0 169 751 832 376
p 2 16 219 685 17312 700
p 2 0 149 771 747 348
p 2 15 211 694 18385 718
p 2 0 143 777 733 345
p 2 11 223 686 19587 732
p 2 0 147 773 769 356
p 2 10 215 695 18936 707
p 2 0 144 776 741 348
p 2 9 221 690 17707 671
p 2 0 155 765 768 367
p 2 10 212 698 16672 659
p 2 0 145 775 723 348
p 2 19 212 689 18305 731
p 2 0 156 764 751 355
p 2 9 218 693 19383 727
p 2 0 155 765 747 355
p 2 14 215 691 19010 713
p 2 0 155 765 758 359
p 2 11 214 695 17975 685
p 2 0 160 760 793 366
p 2 17 207 696 17413 691
p 2 0 140 780 721 339
p 2 15 209 696 18334 716
p 2 0 126 794 667 326
p 2 11 219 690 19521 729
p 2 0 147 773 722 351
p 2 16 210 694 19186 736
p 2 0 153 767 771 358
p 2 19 206 695 18140 707
p 2 0 141 779 745 344
p 2 4 219 697 16946 648
p 2 0 139 781 730 343
p 2 18 209 693 18372 723
p 2 0 137 783 713 338
p 2 9 218 693 19391 726
p 2 0 146 774 760 348
p 2 13 221 686 18804 721
p 2 0 156 764 796 360
p 2 13 211 696 17529 682
p 2 0 143 777 745 355
p 2 7 213 700 17191 648
p 2 0 145 775 702 340
p 2 15 207 698 18238 715
p 2 0 142 778 756 349
p 2 13 216 691 19346 739
p 2 0 143 777 769 350
p 2 17 209 694 19191 730
p 2 0 155 765 778 366
p 2 19 207 694 18132 706
p 2 0 139 781 746 345
p 2 4 215 701 17023 643
p 2 0 146 774 792 349
p 2 19 204 697 18207 724
p 2 0 143 777 714 344
p 2 14 210 696 19610 743
p 2 0 146 774 754 349
p 2 24 210 686 19342 757
p 2 0 140 780 744 346
p 2 6 215 699 17758 664
p 2 0 149 771 771 353
p 2 6 215 699 17083 644
p 2 0 150 770 726 346
p 2 16 204 700 18231 709
p 2 0 148 772 729 348
p 2 13 217 690 19109 736
p 2 0 144 776 708 346
p 2 16 209 695 18775 711
p 2 0 143 777 717 345
p 2 9 217 694 17927 673
p 2 0 144 776 773 349
p 2 9 210 701 17178 664
p 2 0 143 777 748 346
p 2 28 193 699 18648 752
p 2 0 133 787 695 332
p 2 10 212 698 19325 721
p 2 0 154 766 795 361
p 2 14 213 693 19009 715
p 2 0 148 772 755 350
p 2 4 195 721 15202 587
p 2 0 149 771 718 346
p 2 11 245 664 21091 738
p 2 0 165 755 775 366
p 2 14 198 708 15693 651
p 2 2 181 737 7056 475
p 2 11 222 687 16714 692
p 2 0 141 779 691 347
p 2 9 250 661 23424 772
p 2 0 171 749 793 374
p 2 7 195 718 15087 598
p 2 3 179 738 6477 468
p 2 2 222 696 14446 596
p 2 0 138 782 714 336
p 2 17 232 671 21601 774
p 2 0 154 766 795 362
p 2 8 195 717 16689 654
p 2 5 172 743 7799 483
p 2 11 227 682 16499 675
p 2 0 139 781 674 340
p 2 5 242 673 21613 723
p 2 0 176 744 865 385
p 2 4 199 717 14302 578
p 2 2 172 746 7236 456
p 2 13 206 701 15784 658
i 2 920 0 0 72620 4704
p 2 0 189 731 476 375
p 2 0 109 811 325 298
p 2 35 100 785 10541 600
p 2 0 89 831 441 286
p 2 0 53 867 302 248
p 2 42 132 746 14577 709
p 2 0 97 823 478 292
p 2 0 40 880 274 233
p 2 43 122 755 18790 801
p 2 0 111 809 595 316
p 2 0 49 871 301 239
p 2 56 155 709 23075 951
p 2 0 123 797 642 327
p 2 0 51 869 326 246
p 2 59 155 706 26638 1029
p 2 0 130 790 743 337
p 2 0 48 872 347 242
p 2 68 192 660 30770 1158
p 2 0 174 746 865 387
p 2 0 63 857 375 256
p 2 70 211 639 32485 1253
p 2 0 181 739 888 392
p 2 0 76 844 416 273
p 2 96 227 597 32585 1407
p 2 0 164 756 823 374
p 2 0 71 849 397 265
p 2 96 229 595 34832 1421
p 2 0 179 741 930 392
p 2 0 78 842 423 274
p 2 79 260 581 36057 1406
p 2 0 222 698 1068 436
p 2 0 78 842 403 272
p 2 84 259 577 36388 1469
p 2 0 217 703 1005 436
p 2 0 145 775 565 337
p 2 93 301 526 36215 1548
p 2 0 217 703 1012 427
p 2 0 107 813 462 297
p 2 1 48 871 433 250
p 2 0 28 892 243 219
p 2 0 36 884 258 227
p 2 0 61 859 487 256
p 2 0 28 892 271 224
p 2 0 20 900 234 214
p 2 0 18 902 426 217
p 2 0 51 869 322 244
p 2 0 41 879 295 233
p 2 0 98 822 629 293
p 2 0 58 862 346 249
p 2 0 36 884 297 230
p 2 0 44 876 493 239
p 2 0 55 865 342 247
p 2 0 30 890 269 223
p 2 1 15 904 410 218
p 2 0 12 908 225 207
p 2 0 29 891 254 218
p 2 0 15 905 431 212
p 2 0 15 905 234 211
p 2 0 7 913 210 202
p 2 0 17 903 426 213
p 2 0 8 912 212 202
p 2 0 9 911 215 204
p 2 0 9 911 394 206
p 2 0 35 885 290 228
p 2 0 24 896 253 216
p 2 1 11 908 389 215
p 2 0 8 912 218 204
p 2 0 9 911 219 205
p 2 0 9 911 419 205
p 2 0 3 917 205 200
p 2 0 5 915 210 201
p 2 0 24 896 444 222
p 2 0 8 912 213 203
p 2 0 8 912 213 205
p 2 0 15 905 405 213
p 2 0 6 914 210 202
p 2 0 3 917 205 200
p 2 0 11 909 405 208
p 2 0 7 913 216 204
p 2 0 2 918 202 199
p 2 1 9 910 343 213
p 2 0 14 906 224 208
p 2 0 9 911 212 204
p 2 0 7 913 348 205
p 2 0 0 920 197 197
p 2 0 2 918 200 199
p 2 0 6 914 405 205
p 2 0 7 913 211 202
p 2 0 2 918 198 198
p 2 1 5 914 383 210
p 2 0 6 914 201 201
p 2 0 3 917 204 200
p 2 0 6 914 415 204
p 2 0 6 914 213 202
p 2 0 6 914 210 202
p 2 0 17 903 421 216
p 2 0 4 916 209 202
p 2 0 8 912 210 205
p 2 0 7 913 396 207
p 2 0 15 905 226 208
p 2 0 6 914 207 201
p 2 0 4 916 203 200
p 2 0 4 916 199 199
p 2 0 1 919 198 198
p 2 0 3 917 201 200
p 2 0 0 920 197 197
p 2 0 2 918 199 199
p 2 0 6 914 392 205
p 2 0 5 915 209 202
p 2 1 9 910 342 212
p 2 0 8 912 210 203
p 2 0 4 916 212 201
p 2 0 2 918 202 199
p 2 0 9 911 356 206
p 2 0 0 920 197 197
p 2 0 1 919 199 198
p 2 0 5 915 396 203
p 2 0 3 917 212 200
p 2 0 2 918 204 199
p 2 0 8 912 381 206
p 2 0 8 912 224 204
p 2 0 5 915 208 200
p 2 0 5 915 425 202
p 2 0 19 901 234 212
p 2 0 7 913 207 202
p 2 0 6 914 381 206
p 2 0 3 917 204 199
p 2 0 1 919 198 198
p 2 0 6 914 420 204
p 2 0 4 916 207 201
p 2 0 7 913 227 203
p 2 0 6 914 349 204
p 2 0 4 916 207 201
p 2 0 3 917 202 199
p 2 0 6 914 371 204
p 2 0 12 908 236 209
p 2 0 3 917 203 200
p 2 0 6 914 213 202
p 2 0 3 917 205 199
p 2 0 1 919 198 198
p 2 0 1 919 200 198
p 2 0 2 918 203 198
p 2 0 1 919 199 198
p 2 0 5 915 342 203
p 2 0 3 917 206 200
p 2 0 4 916 343 203
p 2 0 2 918 205 199
p 2 0 2 918 205 199
p 2 0 2 918 200 198
p 2 0 1 919 199 198
p 2 0 5 915 209 201
p 2 0 1 919 199 198
p 2 0 0 920 197 197
p 2 0 0 920 197 197
i 2 920 0 0 47161 4488
p 2 0 340 580 625 516
p 2 0 282 638 479 450
p 2 0 108 812 299 287
p 2 0 148 772 332 321
p 2 0 59 861 253 245
p 2 0 68 852 260 253
p 2 0 22 898 222 216
p 2 0 29 891 224 219
p 2 0 14 906 216 209
p 2 0 11 909 207 206
p 2 0 9 911 213 204
p 2 0 5 915 204 202
p 2 0 5 915 208 201
p 2 0 2 918 199 199
p 2 0 0 920 197 197
p 2 0 1 919 198 198
p 2 0 4 916 201 201
p 2 0 2 918 199 199
p 2 0 0 920 197 197
p 2 0 1 919 198 198
p 2 0 0 920 197 197
p 2 0 1 919 198 198
p 2 0 1 919 198 198
p 2 0 3 917 201 200
p 2 0 2 918 199 199
p 2 0 1 919 198 198
p 2 0 1 919 199 198
p 2 0 0 920 197 197
p 2 0 1 919 199 198
p 2 0 1 919 199 198
p 2 0 6 914 202 202
p 2 0 1 919 198 198
p 2 0 1 919 198 198
p 2 0 0 920 197 197
i 2 920 0 0 69383 4601
p 2 0 222 698 491 398
p 2 1 248 671 10097 503
p 2 10 434 476 31844 1052
p 2 0 382 538 10415 643
p 2 0 222 698 836 411
p 2 5 414 501 38980 1050
p 2 0 318 602 1483 531
p 2 2 156 762 729 357
p 2 8 377 535 29377 959
p 2 0 288 632 1279 496
p 2 0 140 780 516 322
p 2 7 340 573 29770 932
p 2 0 252 668 1088 456
p 2 0 106 814 458 297
p 2 0 57 863 329 246
p 2 0 87 833 612 276
p 2 0 50 870 327 239
p 2 0 56 864 526 247
p 2 0 29 891 262 221
p 2 0 38 882 266 223
p 2 0 24 896 256 217
p 2 0 68 852 378 256
p 2 0 50 870 281 238
p 2 0 33 887 453 224
p 2 0 46 874 282 233
p 2 0 40 880 291 231
p 2 0 16 904 415 210
p 2 0 9 911 223 204
p 2 0 13 907 236 207
p 2 9 290 621 29525 862
p 2 0 189 731 974 394
p 2 0 66 854 368 253
p 2 5 293 622 30261 871
p 2 0 229 691 1116 439
p 2 0 79 841 411 269
p 2 9 290 621 29536 902
p 2 0 220 700 1013 427
p 2 0 68 852 358 259
p 2 4 305 611 32594 884
p 2 0 266 654 1204 477
p 2 0 131 789 572 316
p 2 0 54 866 511 247
p 2 0 33 887 278 227
p 2 0 22 898 261 215
p 2 0 21 899 435 216
p 2 0 20 900 255 214
p 2 0 8 912 225 204
p 2 7 321 592 30216 912
p 2 0 234 686 1051 439
p 2 0 75 845 375 264
p 2 4 303 613 29219 881
p 2 0 215 705 1038 423
p 2 0 109 811 509 298
p 2 6 309 605 30019 904
p 2 0 222 698 1045 426
p 2 0 90 830 417 277
p 2 7 299 614 29928 890
p 2 0 221 699 1047 433
p 2 0 86 834 415 277
p 2 0 39 881 283 230
p 2 0 24 896 266 221
p 2 0 30 890 261 220
p 2 0 15 905 227 210
p 2 33 257 630 34957 1086
p 2 0 205 715 959 412
p 2 36 258 626 34356 1087
p 2 0 217 703 1073 429
p 2 39 264 617 30271 1090
p 2 0 235 685 1015 436
p 2 25 295 600 29829 1035
p 2 0 210 710 970 426
p 2 0 134 786 524 328
p 2 0 66 854 346 256
p 2 0 89 831 426 277
p 2 0 37 883 275 231
p 2 0 32 888 263 226
p 2 0 34 886 265 223
p 2 0 36 884 272 228
p 2 0 12 908 224 208
p 2 0 10 910 218 204
p 2 0 5 915 209 202
p 2 0 9 911 220 205
p 2 0 7 913 210 203
p 2 28 259 633 30988 1088
p 2 0 200 720 999 429
p 2 4 289 627 23924 878
p 2 0 225 695 1051 453
p 2 6 286 628 25088 863
p 2 0 209 711 1036 422
p 2 0 177 743 962 372
p 2 0 49 871 326 243
p 2 0 74 846 375 260
p 2 0 72 848 755 266
p 2 0 82 838 422 276
p 2 0 44 876 312 236
p 2 0 68 852 612 264
p 2 0 35 885 270 227
p 2 0 26 894 251 219
p 2 0 27 893 658 225
p 2 0 50 870 345 245
p 2 0 26 894 268 218
p 2 0 30 890 518 226
p 2 0 10 910 229 206
p 2 0 6 914 215 201
p 2 0 11 909 490 209
p 2 0 8 912 226 205
p 2 0 5 915 206 201
p 2 0 7 913 215 205
p 2 0 9 911 216 205
p 2 0 3 917 202 199
p 2 0 4 916 209 201
p 2 0 7 913 212 203
p 2 0 5 915 208 201
p 2 2 84 834 10492 368
p 2 0 73 847 474 273
p 2 3 100 817 9897 391
p 2 0 78 842 529 281
p 2 1 89 830 9748 373
p 2 0 75 845 520 276
p 2 1 102 817 9490 374
p 2 0 81 839 539 282
p 2 3 96 821 10213 399
p 2 0 89 831 539 291
p 2 2 99 819 11136 429
p 2 0 76 844 499 281
p 2 6 100 814 11292 444
p 2 0 79 841 505 279
p 2 1 94 825 11408 413
p 2 0 82 838 552 285
p 2 6 99 815 12188 446
p 2 0 77 843 529 281
p 2 6 122 792 12888 475
p 2 0 85 835 499 283
p 2 4 102 814 12647 427
p 2 0 82 838 554 282
p 2 5 101 814 13753 457
p 2 0 92 828 543 292
p 2 3 100 817 12010 427
p 2 0 90 830 578 296
p 2 6 103 811 13068 467
p 2 0 81 839 538 284
p 2 5 103 812 12634 464
p 2 0 82 838 528 287
p 2 4 112 804 12532 462
p 2 0 87 833 579 289
p 2 12 95 813 13635 509
p 2 0 77 843 537 280
p 2 9 115 796 13931 520
p 2 0 90 830 542 288
p 2 5 123 792 14022 483
p 2 0 96 824 612 306
p 2 6 119 795 14930 515
p 2 0 88 832 565 292
p 2 4 110 806 12811 459
p 2 0 86 834 547 288
p 2 6 111 803 14377 509
p 2 0 91 829 562 296
p 2 9 111 800 14346 523
p 2 0 105 815 592 314
p 2 9 122 789 14089 527
p 2 0 92 828 594 295
p 2 15 107 798 15472 553
p 2 0 81 839 529 282
p 2 10 114 796 15221 556
p 2 0 97 823 580 295
p 2 8 119 793 15081 521
p 2 0 92 828 547 295
p 2 12 123 785 16149 566
p 2 0 95 825 552 296
p 2 10 125 785 13926 517
p 2 0 103 817 603 309
p 2 13 110 797 15727 567
i 2 920 0 0 63294 4807
p 2 0 201 719 484 382
p 2 44 365 511 32120 1203
p 2 0 239 681 969 442
p 2 14 328 578 27344 981
p 2 0 202 718 971 410
p 2 7 332 581 28292 903
p 2 0 245 675 1099 449
p 2 0 107 813 443 295
p 2 1 57 862 823 264
p 2 0 48 872 292 238
p 2 0 47 873 284 235
p 2 0 65 855 579 268
p 2 0 28 892 255 223
p 2 0 33 887 273 227
p 2 1 28 891 882 231
p 2 0 65 855 367 254
p 2 0 28 892 267 221
p 2 0 24 896 481 230
p 2 0 19 901 242 214
p 2 0 38 882 310 230
p 2 1 19 900 897 227
p 2 0 14 906 245 211
p 2 0 10 910 221 204
p 2 0 57 863 681 258
p 2 0 39 881 303 233
p 2 0 32 888 258 224
p 2 1 26 893 739 235
p 2 0 31 889 306 223
p 2 0 16 904 230 212
p 2 0 16 904 228 209
p 2 0 6 914 210 202
p 2 0 11 909 216 206
p 2 0 13 907 572 219
p 2 0 9 911 216 206
p 2 0 10 910 431 217
p 2 0 4 916 216 203
p 2 0 5 915 220 203
p 2 0 5 915 216 203
p 2 0 5 915 211 202
p 2 0 3 917 208 200
p 2 0 2 918 204 199
p 2 13 262 645 31218 956
p 2 0 206 714 986 419
p 2 19 269 632 31057 977
p 2 0 206 714 978 415
p 2 17 264 639 31289 956
p 2 0 201 719 1008 413
p 2 5 280 635 30944 883
p 2 0 214 706 1026 423
p 2 0 104 816 453 292
p 2 3 194 723 14641 575
p 2 0 162 758 837 365
p 2 0 94 826 461 287
p 2 3 183 734 13455 562
p 2 0 132 788 705 334
p 2 0 52 868 326 243
p 2 7 159 754 14486 552
p 2 0 132 788 761 340
p 2 0 73 847 401 264
p 2 3 169 748 13740 534
p 2 0 119 801 724 328
p 2 0 92 828 465 285
p 2 0 46 874 979 247
p 2 0 60 860 392 255
p 2 0 34 886 293 227
p 2 1 22 897 425 232
p 2 0 18 902 238 214
p 2 0 43 877 312 237
p 2 2 18 900 872 230
p 2 0 15 905 243 209
p 2 0 11 909 226 205
p 2 0 41 879 619 239
p 2 0 15 905 238 211
p 2 0 35 885 308 229
p 2 0 32 888 972 236
p 2 0 24 896 270 220
p 2 0 24 896 264 218
p 2 0 13 907 540 216
p 2 0 8 912 222 205
p 2 0 6 914 211 203
p 2 0 7 913 380 207
p 2 0 8 912 218 205
p 2 0 4 916 209 200
p 2 2 5 913 829 219
p 2 0 3 917 214 201
p 2 0 1 919 200 198
p 2 0 6 914 533 210
p 2 0 4 916 221 202
p 2 0 4 916 209 202
p 2 0 6 914 893 212
p 2 0 4 916 218 203
p 2 0 3 917 203 200
p 2 0 0 920 197 197
p 2 0 0 920 197 197
p 2 0 7 913 212 202
p 2 0 3 917 204 200
p 2 0 6 914 527 210
p 2 0 3 917 212 201
p 2 0 5 915 375 208
p 2 0 4 916 206 201
i 2 920 0 0 6503 3285
p 2 0 916 4 2965 1286
p 2 0 918 2 2932 1299
p 2 0 919 1 3207 1327
p 2 0 918 2 3063 1351
p 2 0 920 0 3580 1419
p 2 0 919 1 3431 1415
p 2 0 920 0 3713 1425
p 2 0 917 3 3779 1444
p 2 0 918 2 4087 1513
p 2 0 920 0 4101 1483
p 2 0 918 2 4462 1530
p 2 0 919 1 4480 1522
p 2 0 918 2 4918 1567
p 2 0 920 0 5207 1594
p 2 0 920 0 5644 1621
p 2 0 919 1 6026 1637
p 2 0 920 0 7012 1705
p 2 0 920 0 7811 1727
p 2 0 920 0 9055 1746
p 2 0 920 0 10305 1729
p 2 0 919 1 12726 1691
p 2 0 920 0 16456 1629
p 2 3 915 2 22602 1631
p 2 0 920 0 33078 1541
p 2 4 916 0 10275 1491
p 2 4 916 0 8004 1421
p 2 5 915 0 7356 1405
p 2 4 916 0 6718 1382
p 2 1 919 0 6436 1336
p 2 6 914 0 6435 1353
p 2 4 916 0 7096 1387
p 2 3 917 0 7056 1369
p 2 5 915 0 6798 1374
p 2 4 916 0 6983 1371
p 2 4 916 0 7466 1398
p 2 0 920 0 6974 1365
p 2 3 917 0 6595 1366
p 2 4 916 0 6281 1359
p 2 1 919 0 6318 1351
p 2 2 918 0 6028 1336
p 2 5 915 0 5864 1329
p 2 1 919 0 5848 1293
p 2 2 918 0 6019 1314
p 2 1 919 0 5775 1273
p 2 3 917 0 6253 1331
p 2 4 916 0 6437 1322
p 2 3 917 0 7220 1362
p 2 2 918 0 7675 1371
p 2 2 918 0 9572 1402
p 2 1 919 0 9719 1406
p 2 8 912 0 10440 1443
p 2 6 914 0 12192 1457
p 2 1 919 0 12641 1419
p 2 3 917 0 12921 1430
p 2 5 915 0 12826 1454
p 2 0 920 0 14380 1460
p 2 5 915 0 14077 1460
p 2 1 919 0 14825 1469
p 2 1 919 0 14536 1471
p 2 3 917 0 15382 1506
p 2 2 918 0 14520 1490
p 2 3 917 0 15942 1546
p 2 3 917 0 14783 1514
p 2 2 918 0 15697 1544
p 2 1 919 0 15036 1519
p 2 3 917 0 15219 1549
p 2 3 917 0 14966 1556
p 2 2 918 0 15290 1561
p 2 3 917 0 15152 1557
p 2 2 918 0 15904 1567
p 2 0 920 0 16093 1557
p 2 5 915 0 17013 1582
p 2 2 918 0 17854 1588
p 2 1 919 0 18141 1581
p 2 7 913 0 19397 1649
p 2 3 917 0 19276 1590
p 2 2 918 0 20743 1598
p 2 5 915 0 20725 1584
p 2 5 915 0 21045 1586
p 2 3 917 0 22271 1592
p 2 5 915 0 22485 1612
p 2 6 914 0 22565 1600
p 2 2 918 0 22593 1591
p 2 7 913 0 22996 1623
p 2 4 916 0 22779 1585
p 2 6 914 0 23547 1623
p 2 2 918 0 24450 1606
p 2 5 915 0 24851 1618
p 2 5 915 0 25139 1620
p 2 6 914 0 24929 1611
p 2 3 917 0 25067 1606
p 2 7 913 0 26459 1626
p 2 3 917 0 26293 1618
p 2 7 913 0 26896 1627
p 2 2 918 0 27559 1620
p 2 4 916 0 27447 1619
p 2 3 917 0 27447 1618
p 2 3 917 0 27803 1619
p 2 8 912 0 27991 1628
p 2 3 917 0 27900 1594
p 2 3 917 0 28281 1588
p 2 4 916 0 28202 1583
p 2 3 917 0 28253 1579
p 2 4 916 0 28713 1550
p 2 6 914 0 29821 1578
p 2 1 919 0 27148 1483
p 2 1 919 0 28142 1463
p 2 5 915 0 25706 1472
p 2 2 918 0 26450 1477
p 2 3 917 0 20306 1400
p 2 2 918 0 23196 1410
p 2 3 917 0 20191 1364
p 2 5 915 0 17413 1307
p 2 2 918 0 18141 1280
p 2 2 918 0 14881 1289
p 2 3 917 0 14007 1291
p 2 0 920 0 15354 1306
p 2 2 918 0 14565 1358
p 2 0 920 0 14289 1318
p 2 1 919 0 15677 1373
p 2 3 917 0 17463 1427
p 2 0 920 0 21935 1495
p 2 1 919 0 24690 1527
p 2 2 918 0 29668 1571
p 2 1 919 0 30651 1573
p 2 1 919 0 33125 1594
p 2 0 920 0 33417 1584
p 2 2 918 0 34885 1609
p 2 0 920 0 33250 1573
p 2 0 920 0 35768 1571
p 2 0 920 0 33967 1576
p 2 0 920 0 32541 1569
p 2 1 919 0 33840 1568
p 2 0 920 0 33527 1560
p 2 0 920 0 34050 1588
p 2 0 920 0 33866 1604
p 2 0 920 0 34571 1606
p 2 0 920 0 34200 1609
p 2 0 920 0 31570 1582
p 2 0 920 0 31252 1555
p 2 0 920 0 25831 1503
p 2 0 920 0 27557 1504
p 2 0 920 0 22142 1490
p 2 0 920 0 16515 1453
p 2 0 920 0 14374 1479
p 2 0 920 0 16603 1479
p 2 0 920 0 23836 1536
p 2 0 920 0 30099 1555
p 2 0 920 0 32202 1589
p 2 0 920 0 31980 1580
p 2 0 920 0 30870 1558
p 2 0 920 0 34869 1553
p 2 0 920 0 34034 1554
p 2 0 920 0 32465 1569
p 2 0 920 0 35211 1562
p 2 0 917 3 37695 1571
p 2 0 916 4 31612 1480
p 2 0 918 2 32384 1580
p 2 0 903 17 19617 1355
p 2 0 903 17 15138 1284
p 2 0 840 80 6816 1154
p 2 0 762 158 3808 1000
p 2 0 610 310 2351 810
p 2 0 194 726 697 374
p 2 0 368 552 1206 545
p 2 0 393 527 1296 570
p 2 0 726 194 3315 968
p 2 0 507 413 2275 726
p 2 0 330 590 1156 516
p 2 0 211 709 818 398
p 2 0 258 662 925 444
p 2 0 217 703 783 397
p 2 0 189 731 707 370
p 2 0 72 848 362 258
p 2 0 109 811 442 293
p 2 0 114 806 467 300
p 2 0 92 828 422 279
p 2 0 97 823 427 285
p 2 0 90 830 404 276
p 2 0 38 882 285 232
p 2 0 67 853 341 257
p 2 0 77 843 382 267
p 2 0 68 852 330 254
p 2 0 41 879 281 232
p 2 0 58 862 317 247
p 2 0 52 868 315 244
p 2 0 42 878 289 235
p 2 0 49 871 305 241
p 2 0 25 895 242 216
p 2 0 23 897 244 217
i 2 920 0 0 26174 4290
p 2 0 647 273 2686 992
p 2 1 694 225 3519 1103
p 2 0 635 285 3148 1014
p 2 2 700 218 3788 1116
p 2 4 659 257 4094 1137
p 2 0 686 234 3529 1095
p 2 2 607 311 4104 1061
p 2 0 670 250 3621 1080
p 2 5 655 260 4244 1119
p 2 2 624 294 3339 1006
p 2 2 612 306 3820 1038
p 2 12 586 322 5137 1071
p 2 3 613 304 4017 1047
p 2 2 613 305 4204 1042
p 2 15 543 362 6119 1086
p 2 0 572 348 3899 968
p 2 0 580 340 4164 1003
p 2 9 557 354 6559 1097
p 2 1 562 357 3791 978
p 2 5 563 352 3882 987
p 2 3 579 338 6322 1075
p 2 0 599 321 3374 980
p 2 4 608 308 4055 1029
p 2 4 628 288 4064 1054
p 2 2 637 281 3988 1041
p 2 0 617 303 4125 1037
p 2 0 559 361 3517 941
p 2 2 617 301 3794 1039
p 2 0 634 286 3846 1040
p 2 1 651 268 3957 1081
p 2 1 627 292 4052 1049
p 2 2 644 274 4300 1099
p 2 1 653 266 4404 1105
p 2 5 659 256 4977 1153
p 2 3 647 270 4945 1126
p 2 2 675 243 5133 1176
p 2 1 667 252 4940 1142
p 2 1 667 252 4659 1146
p 2 1 640 279 4907 1114
p 2 0 665 255 4268 1113
p 2 3 644 273 4260 1097
p 2 0 632 288 4238 1082
p 2 0 616 304 3915 1025
p 2 2 613 305 3549 1026
p 2 3 624 293 4291 1078
p 2 0 625 295 3563 1031
p 2 5 607 308 4096 1038
p 2 1 659 260 4299 1099
p 2 5 645 270 4775 1118
p 2 0 647 273 4314 1090
p 2 0 620 300 3888 1034
p 2 1 620 299 4327 1096
p 2 1 655 264 4205 1115
p 2 0 670 250 4341 1099
p 2 1 651 268 4146 1109
p 2 1 645 274 3917 1066
p 2 0 656 264 3604 1064
p 2 3 665 252 4022 1086
p 2 2 616 302 3584 1030
p 2 0 598 322 3102 964
p 2 0 606 314 3235 997
p 2 2 591 327 3539 1006
p 2 4 598 318 4003 1044
p 2 0 610 310 3819 1032
p 2 1 625 294 3620 1021
p 2 2 627 291 3878 1060
p 2 0 575 345 3360 966
p 2 1 596 323 3582 1000
p 2 6 601 313 3864 1041
p 2 0 585 335 3015 945
p 2 2 509 409 3410 891
p 2 0 558 362 3022 912
p 2 0 574 346 3143 941
p 2 0 493 427 2665 830
p 2 1 509 410 3223 875
p 2 0 492 428 3410 870
p 2 1 542 377 3632 928
p 2 1 573 346 4208 993
p 2 0 586 334 4203 1013
p 2 0 584 336 3781 987
p 2 1 613 306 4399 1059
p 2 6 626 288 4841 1121
p 2 0 593 327 4005 1041
p 2 3 624 293 4321 1085
p 2 0 616 304 4387 1055
p 2 0 632 288 3906 1062
p 2 2 606 312 4447 1068
p 2 6 626 288 4214 1090
p 2 2 656 262 4523 1102
p 2 0 649 271 4311 1077
p 2 0 646 274 4123 1084
p 2 2 692 226 4334 1160
p 2 0 683 237 4153 1119
p 2 1 708 211 4699 1212
p 2 0 647 273 4334 1096
p 2 3 702 215 4765 1202
p 2 1 656 263 4911 1140
p 2 4 678 238 5431 1181
p 2 4 677 239 5554 1197
p 2 1 677 242 5503 1186
p 2 2 659 259 5512 1162
p 2 2 648 270 5164 1134
p 2 4 636 280 5259 1147
p 2 1 598 321 4674 1076
p 2 3 610 307 4642 1094
p 2 3 657 260 4897 1158
p 2 1 596 323 4254 1031
p 2 3 585 332 4185 1030
p 2 6 577 337 4644 1053
p 2 0 631 289 4009 1031
p 2 3 586 331 4065 994
p 2 5 545 370 4039 962
p 2 5 557 358 4780 1020
p 2 0 606 314 4030 1005
p 2 1 520 399 3789 946
p 2 0 505 415 4009 913
p 2 2 494 424 3975 926
p 2 1 563 356 4608 999
p 2 0 557 363 4320 964
p 2 1 523 396 4193 950
p 2 2 584 334 4275 998
p 2 4 539 377 4085 972
p 2 1 610 309 3772 1016
p 2 1 560 359 3173 953
p 2 1 628 291 3446 1009
p 2 2 574 344 3493 981
p 2 3 626 291 4134 1081
p 2 1 585 334 3865 1009
p 2 0 647 273 3831 1067
p 2 0 605 315 3833 1018
i 2 920 0 0 58366 4863
p 2 0 141 779 424 331
p 2 0 372 548 21719 799
p 2 0 261 659 1101 467
p 2 0 345 575 20426 777
p 2 0 293 627 1179 493
p 2 0 383 537 22320 808
p 2 0 263 657 1178 476
p 2 1 362 557 22825 804
p 2 0 308 612 1293 520
p 2 0 219 701 753 404
p 2 0 184 736 642 374
p 2 0 175 745 640 363
p 2 0 86 834 367 273
p 2 0 146 774 502 329
p 2 0 157 763 533 343
p 2 0 132 788 487 318
p 2 0 86 834 355 274
p 2 0 116 804 431 298
p 2 0 128 792 460 315
p 2 0 116 804 448 304
p 2 0 127 793 483 319
p 2 0 145 775 485 329
p 2 0 80 840 357 271
p 2 0 112 808 436 302
p 2 0 129 791 464 318
p 2 0 128 792 459 317
p 2 0 349 571 25247 819
p 2 0 254 666 1192 465
p 2 0 224 696 724 404
p 2 0 405 515 22529 828
p 2 0 296 624 1328 511
p 2 0 190 730 645 377
p 2 6 324 590 24910 830
p 2 0 331 589 1366 537
p 2 0 206 714 708 397
p 2 10 404 506 27028 951
p 2 0 296 624 1271 515
p 2 0 205 715 705 393
p 2 5 429 486 26292 936
p 2 0 314 606 1367 527
p 2 0 213 707 765 402
p 2 13 427 480 28717 1018
p 2 0 291 629 1265 499
p 2 16 482 422 37501 1270
p 2 0 402 518 1553 613
p 2 7 480 433 32952 1122
p 2 0 345 575 1438 558
p 2 2 496 422 33657 1121
p 2 0 400 520 1641 623
p 2 0 287 633 1347 479
p 2 2 265 653 9941 593
p 2 0 243 677 1186 441
p 2 0 203 717 696 391
p 2 0 321 599 8134 592
p 2 0 179 741 722 376
p 2 0 167 753 877 351
p 2 2 303 615 8671 590
p 2 0 280 640 1277 474
p 2 0 109 811 440 297
p 2 0 169 751 1144 360
p 2 0 179 741 611 362
p 2 0 186 734 920 377
p 2 0 105 815 792 297
p 2 0 138 782 819 337
p 2 0 153 767 552 341
p 2 0 163 757 1033 359
p 2 0 105 815 425 296
p 2 0 126 794 751 309
p 2 0 148 772 943 343
p 2 0 171 749 866 361
p 2 0 95 825 392 284
p 2 0 144 776 1197 332
p 2 0 176 744 599 361
p 2 0 151 769 833 337
p 2 0 108 812 439 300
p 2 0 111 809 737 302
p 2 0 113 807 450 302
p 2 0 156 764 845 343
p 2 0 62 858 329 253
p 2 0 95 825 688 286
p 2 0 101 819 401 289
p 2 0 125 795 758 311
p 2 0 88 832 383 281
p 2 0 124 796 973 317
p 2 0 113 807 435 301
p 2 0 93 827 861 290
p 2 0 88 832 382 280
p 2 0 102 818 682 287
p 2 0 84 836 366 274
p 2 0 361 559 3288 533
p 2 0 721 199 21608 1174
p 2 0 884 36 17941 1443
p 2 0 902 18 16513 1555
p 2 0 911 9 13413 1634
p 2 0 911 9 12750 1684
p 2 0 916 4 10577 1715
p 2 0 914 6 8476 1657
p 2 0 917 3 8486 1722
p 2 0 919 1 7298 1728
p 2 0 918 2 7142 1728
p 2 0 920 0 5861 1684
p 2 0 914 6 5662 1672
p 2 0 915 5 5236 1658
p 2 0 916 4 5043 1656
p 2 0 914 6 4525 1625
p 2 0 915 5 4429 1631
p 2 0 913 7 4196 1590
p 2 0 917 3 4060 1600
p 2 0 914 6 3872 1568
p 2 0 916 4 3703 1564
p 2 0 917 3 3654 1534
p 2 0 911 9 3442 1493
i 2 920 0 0 70803 4600
p 2 0 240 680 496 407
p 2 0 215 705 5076 433
p 2 0 111 809 399 294
p 2 1 116 803 4789 346
p 2 0 54 866 347 248
p 2 0 97 823 5088 322
p 2 0 51 869 379 249
p 2 0 76 844 4937 300
p 2 0 53 867 390 248
p 2 0 58 862 312 249
p 2 0 47 873 264 234
p 2 0 25 895 244 218
p 2 0 15 905 231 211
p 2 0 19 901 224 211
p 2 0 20 900 228 212
p 2 0 9 911 205 204
p 2 0 14 906 220 206
p 2 0 4 916 204 201
p 2 0 7 913 256 202
p 2 0 9 911 224 204
p 2 0 6 914 280 203
p 2 0 17 903 221 210
p 2 0 13 907 218 207
p 2 0 39 881 254 228
p 2 0 13 907 218 209
p 2 0 14 906 216 208
p 2 0 29 891 292 219
p 2 0 15 905 227 209
p 2 0 16 904 227 209
p 2 0 10 910 262 206
p 2 0 16 904 219 210
p 2 0 3 917 201 199
p 2 0 6 914 239 202
p 2 0 1 919 199 198
p 2 0 2 918 200 199
p 2 0 4 916 242 200
p 2 0 6 914 217 203
p 2 0 4 916 204 200
p 2 0 5 915 290 201
p 2 0 4 916 207 200
p 2 0 3 917 199 199
p 2 0 2 918 277 199
p 2 0 3 917 201 200
p 2 0 1 919 198 198
p 2 0 16 904 249 209
p 2 0 1 919 199 198
p 2 0 1 919 198 198
p 2 0 8 912 243 204
p 2 0 22 898 215 211
p 2 0 6 914 204 203
p 2 0 17 903 294 210
p 2 0 9 911 209 205
p 2 0 5 915 202 201
p 2 0 18 902 288 209
p 2 0 3 917 200 199
p 2 0 20 900 215 211
p 2 0 5 915 282 202
p 2 0 5 915 205 200
p 2 0 0 920 197 197
p 2 0 3 917 281 199
p 2 0 0 920 197 197
p 2 0 3 917 204 201
p 2 0 3 917 240 199
p 2 0 6 914 212 202
p 2 0 17 903 217 210
p 2 0 5 915 242 201
p 2 0 7 913 207 202
p 2 0 2 918 201 199
p 2 0 0 920 197 197
p 2 0 3 917 204 200
p 2 0 3 917 199 199
p 2 0 4 916 207 200
p 2 0 1 919 199 198
p 2 0 3 917 204 200
p 2 0 3 917 202 200
p 2 0 8 912 250 203
p 2 0 5 915 203 201
p 2 0 5 915 272 202
p 2 0 3 917 202 199
p 2 0 3 917 204 200
p 2 0 3 917 200 200
p 2 0 2 918 199 199
p 2 0 1 919 198 198
p 2 0 0 920 197 197
p 2 0 0 920 197 197
p 2 0 0 920 197 197
p 2 0 2 918 256 199
p 2 0 2 918 202 198
p 2 0 0 920 197 197
p 2 0 2 918 247 199
p 2 0 2 918 202 199
p 2 0 2 918 202 199
p 2 0 3 917 284 199
p 2 0 5 915 206 202
p 2 0 4 916 201 200
p 2 0 4 916 284 201
p 2 0 11 909 207 206
p 2 0 1 919 199 198
p 2 0 4 916 280 200
p 2 0 11 909 210 205
p 2 0 5 915 200 200
p 2 0 2 918 279 200
p 2 0 5 915 203 202
p 2 0 0 920 197 197
p 2 0 8 912 245 203
p 2 0 6 914 207 202
p 2 0 7 913 207 203
p 2 0 2 918 236 199
p 2 0 3 917 201 200
p 2 0 6 914 202 202
p 2 0 1 919 199 198
p 2 0 0 920 197 197
p 2 0 1 919 198 198
p 2 0 0 920 197 197
p 2 0 0 920 197 197
p 2 0 2 918 201 199
p 2 0 2 918 236 199
p 2 0 2 918 202 199
p 2 0 2 918 266 199
p 2 0 2 918 201 199
p 2 0 5 915 200 200
p 2 0 13 907 208 206
p 2 0 35 885 3352 251
p 2 0 34 886 328 231
p 2 0 34 886 2898 245
p 2 0 36 884 325 229
p 2 0 38 882 2985 251
p 2 0 30 890 316 226
p 2 0 15 905 259 208
p 2 0 2 918 208 199
p 2 0 3 917 206 199
p 2 0 11 909 257 208
p 2 0 6 914 209 201
p 2 0 4 916 205 200
p 2 0 9 911 248 203
p 2 0 5 915 214 202
p 2 0 3 917 206 200
p 2 0 2 918 234 198
p 2 0 4 916 207 199
p 2 0 8 912 215 203
p 2 0 3 917 225 200
p 2 0 5 915 207 201
p 2 0 2 918 200 199
p 2 0 9 911 240 204
p 2 0 9 911 214 203
p 2 0 3 917 206 199
p 2 0 3 917 237 200
p 2 0 8 912 213 203
p 2 0 1 919 200 198
p 2 0 5 915 241 201
p 2 0 3 917 204 199
p 2 0 2 918 205 200
p 2 0 2 918 223 199
p 2 0 11 909 210 205
p 2 0 1 919 198 198
p 2 0 2 918 221 199
p 2 0 1 919 198 198
p 2 0 2 918 199 199
p 2 0 0 920 197 197
p 2 0 1 919 198 198
p 2 0 2 918 199 199
p 2 0 21 899 2531 228
p 2 0 17 903 250 213
p 2 1 24 895 2604 238
p 2 0 17 903 261 214
p 2 1 21 898 2463 236
p 2 0 17 903 274 215
p 2 0 23 897 2487 228
p 2 0 19 901 268 216
p 2 0 8 912 215 205
p 2 0 4 916 206 201
p 2 0 3 917 202 200
p 2 0 5 915 209 201
p 2 0 3 917 201 199
p 2 0 1 919 200 198
p 2 0 0 920 197 197
p 2 0 0 920 197 197
p 2 0 1 919 198 198
p 2 0 0 920 197 197
p 2 0 0 920 197 197
p 2 0 0 920 197 197
p 2 0 1 919 199 198
p 2 0 0 920 197 197
p 2 0 1 919 198 198
p 2 0 0 920 197 197
p 2 0 0 920 197 197
p 2 0 0 920 197 197
p 2 0 2 918 199 199
p 2 0 0 920 197 197
p 2 0 1 919 198 198
p 2 0 1 919 198 198
p 2 0 0 920 197 197
p 2 0 0 920 197 197
i 2 920 0 0 90299 5097
p 2 0 884 36 23717 1412
p 2 0 877 43 30382 1493
p 2 0 885 35 30859 1489
p 2 0 890 30 32343 1523
p 2 0 889 31 32151 1524
p 2 0 889 31 32467 1534
p 2 0 888 32 32204 1523
p 2 0 895 25 32455 1530
p 2 0 889 31 32778 1534
p 2 0 886 34 32367 1530
p 2 0 889 31 32724 1547
p 2 0 891 29 32287 1529
p 2 0 899 21 32587 1550
p 2 0 903 17 32523 1540
p 2 0 899 21 32608 1563
p 2 0 902 18 32496 1543
p 2 0 902 18 32871 1556
p 2 0 901 19 32888 1551
p 2 0 898 22 32830 1544
p 2 0 902 18 32901 1556
p 2 0 905 15 32845 1561
p 2 0 907 13 32738 1558
p 2 0 908 12 32625 1568
p 2 0 905 15 32862 1565
p 2 0 905 15 32760 1561
p 2 0 905 15 32644 1553
p 2 0 909 11 32688 1568
p 2 0 906 14 33038 1573
p 2 0 911 9 32536 1571
p 2 0 904 16 32836 1556
p 2 0 901 19 32409 1550
p 2 0 907 13 32797 1571
p 2 0 909 11 33051 1568
p 2 0 897 23 33188 1575
p 2 0 911 9 33092 1584
i 2 920 0 0 76153 4496
p 2 0 320 600 557 470
p 2 0 240 680 420 397
p 2 0 120 800 300 293
p 2 0 158 762 330 318
p 2 0 47 873 238 234
p 2 0 56 864 240 238
p 2 0 14 906 207 206
p 2 0 30 890 222 219
p 2 0 8 912 203 202
p 2 0 6 914 203 202
p 2 0 7 913 205 202
p 2 2 13 905 1588 227
p 2 0 17 903 236 211
p 2 4 35 881 5158 297
p 2 0 46 874 326 237
p 2 17 40 863 7943 405
p 2 0 43 877 345 237
p 2 19 94 807 11522 493
p 2 0 74 846 422 269
p 2 24 116 780 13765 571
p 2 0 79 841 455 276
p 2 33 127 760 17051 646
p 2 0 118 802 524 308
p 2 45 169 706 18374 789
p 2 0 106 814 507 306
p 2 39 166 715 23178 828
p 2 0 152 768 663 350
p 2 40 218 662 23118 871
p 2 0 141 779 685 345
p 2 30 170 720 19781 754
p 2 0 149 771 679 353
p 2 40 166 714 15936 728
p 2 0 126 794 587 328
p 2 31 191 698 17082 744
p 2 0 150 770 647 349
p 2 22 223 675 18145 732
p 2 0 165 755 667 366
p 2 5 168 747 7325 467
p 2 9 164 747 8284 523
p 2 1 194 725 6521 464
p 2 0 134 786 502 328
p 2 3 188 729 13062 536
p 2 0 137 783 598 340
p 2 2 131 787 5808 377
p 2 3 156 761 7477 449
p 2 2 180 738 6017 432
p 2 0 140 780 484 326
p 2 2 173 745 7733 447
p 2 0 112 808 473 304
p 2 0 101 819 398 285
p 2 3 129 788 6738 405
p 2 0 129 791 497 314
p 2 0 99 821 402 284
p 2 0 68 852 340 261
p 2 0 25 895 234 218
p 2 0 22 898 240 215
p 2 0 26 894 251 219
p 2 0 36 884 279 227
p 2 0 23 897 247 216
p 2 0 42 878 1493 241
p 2 0 29 891 287 226
p 2 0 26 894 252 219
p 2 0 31 889 1192 232
p 2 0 25 895 282 221
p 2 0 19 901 235 211
p 2 0 21 899 1285 223
p 2 0 11 909 243 208
p 2 0 12 908 229 208
p 2 0 0 920 197 197
p 2 0 5 915 209 202
p 2 0 3 917 205 200
p 2 0 75 845 376 265
p 2 0 42 878 264 232
p 2 0 12 908 213 208
p 2 0 69 851 330 255
p 2 0 65 855 351 255
p 2 0 59 861 320 248
p 2 0 48 872 354 236
p 2 0 13 907 218 207
p 2 0 17 903 232 210
p 2 0 27 893 282 219
p 2 0 12 908 217 205
p 2 0 19 901 225 213
p 2 0 26 894 279 218
p 2 0 12 908 208 207
p 2 0 21 899 218 212
p 2 0 13 907 222 207
p 2 0 14 906 216 208
p 2 0 2 918 200 199
p 2 0 8 912 244 203
p 2 0 8 912 204 203
p 2 0 3 917 201 200
p 2 0 5 915 247 201
p 2 0 6 914 204 203
p 2 0 4 916 200 200
p 2 0 17 903 285 212
p 2 0 15 905 229 209
p 2 0 12 908 219 207
p 2 0 6 914 260 203
p 2 0 12 908 212 205
p 2 0 17 903 229 211
p 2 0 12 908 268 206
p 2 0 8 912 213 202
p 2 0 6 914 205 202
p 2 0 4 916 240 201
p 2 0 1 919 199 198
p 2 0 0 920 197 197
p 2 0 3 917 239 200
p 2 0 4 916 206 200
p 2 0 5 915 207 202
p 2 0 9 911 263 205
p 2 0 7 913 205 203
p 2 0 5 915 208 201
p 2 0 4 916 259 202
p 2 0 0 920 197 197
p 2 0 0 920 197 197
p 2 0 2 918 239 198
p 2 0 4 916 202 199
p 2 0 2 918 201 199
p 2 0 13 907 253 208
p 2 0 5 915 204 201
p 2 0 4 916 204 200
p 2 0 11 909 216 207
p 2 0 5 915 207 201
p 2 0 3 917 201 201
p 2 0 4 916 240 202
p 2 0 2 918 201 199
p 2 0 11 909 213 206
p 2 0 8 912 250 203
p 2 0 3 917 202 200
p 2 0 0 920 197 197
p 2 0 2 918 200 199
p 2 0 4 916 203 200
p 2 0 5 915 207 202
p 2 0 2 918 204 200
p 2 0 2 918 199 199
p 2 0 3 917 200 200
p 2 0 1 919 200 198
p 2 0 1 919 200 198
p 2 0 4 916 202 200
p 2 0 1 919 253 199
p 2 0 1 919 199 198
p 2 0 0 920 197 197
p 2 0 9 911 247 204
p 2 0 4 916 205 201
p 2 0 6 914 203 202
p 2 0 2 918 241 200
p 2 0 3 917 203 199
p 2 0 7 913 215 204
p 2 0 5 915 256 203
p 2 0 1 919 198 198
p 2 0 2 918 201 199
p 2 0 1 919 249 198
p 2 0 1 919 199 198
p 2 0 1 919 198 198
p 2 0 1 919 241 199
p 2 0 2 918 202 200
p 2 0 2 918 201 199
p 2 0 1 919 237 198
p 2 0 0 920 197 197
p 2 0 0 920 197 197
p 2 0 1 919 251 198
p 2 0 0 920 197 197
p 2 0 1 919 200 198
p 2 0 3 917 252 199
p 2 0 1 919 201 198
p 2 0 0 920 197 197
p 2 0 0 920 197 197
p 2 0 3 917 199 199
p 2 0 1 919 198 198
p 2 0 1 919 236 198
p 2 0 1 919 199 198
p 2 0 1 919 199 198
p 2 0 1 919 237 198
p 2 0 0 920 197 197
p 2 0 0 920 197 197
p 2 0 0 920 197 197
p 2 0 0 920 197 197
i 2 920 0 0 71856 4986
p 2 0 191 729 445 368
p 2 0 128 792 308 298
p 2 7 305 608 23043 780
p 2 0 218 702 971 424
p 2 0 84 836 387 271
p 2 4 277 639 23026 757
p 2 0 208 712 1029 421
p 2 0 78 842 393 271
p 2 3 275 642 24736 765
p 2 0 195 725 948 406
p 2 0 63 857 363 255
p 2 2 282 636 24955 772
p 2 0 221 699 1137 433
p 2 0 95 825 448 285
p 2 1 82 837 716 281
p 2 0 40 880 297 234
p 2 0 74 846 438 266
p 2 1 79 840 3227 313
p 2 0 74 846 451 266
p 2 0 67 853 388 256
p 2 1 136 783 3275 374
p 2 0 56 864 381 252
p 2 0 55 865 349 247
p 2 5 325 590 24570 841
p 2 0 235 685 1118 446
p 2 0 113 807 481 299
p 2 2 275 643 20771 728
p 2 0 213 707 1095 422
p 2 0 86 834 427 277
p 2 9 277 634 22131 772
p 2 0 228 692 1183 442
p 2 0 103 817 476 295
p 2 0 109 811 3029 333
p 2 0 79 841 447 271
p 2 0 53 867 324 240
p 2 0 64 856 3123 291
p 2 0 44 876 353 238
p 2 0 33 887 274 224
p 2 0 65 855 2475 280
p 2 0 50 870 379 246
p 2 0 18 902 242 213
p 2 0 51 869 2524 272
p 2 0 38 882 331 233
p 2 0 24 896 630 223
p 2 0 48 872 2038 262
p 2 1 44 875 620 248
i 2 920 0 0 10236 3319
p 2 0 402 518 653 553
p 2 0 415 505 595 553
p 2 0 260 660 435 408
p 2 0 263 657 447 418
p 2 0 113 807 304 295
p 2 6 186 728 1095 390
p 2 17 114 789 3140 441
p 2 21 223 676 6328 607
p 2 42 213 665 8758 753
p 2 48 403 469 12149 986
p 2 63 448 409 16420 1167
p 2 7 632 281 9982 959
p 2 0 353 567 11814 712
p 2 0 392 528 12993 748
p 2 0 546 374 15544 883
p 2 0 537 383 15422 869
p 2 0 612 308 17463 924
p 2 0 400 520 14933 767
p 2 0 449 471 15156 786
p 2 0 411 509 14144 762
p 2 0 369 551 12927 715
p 2 0 392 528 12054 727
p 2 0 349 571 12411 697
p 2 0 457 463 13207 795
p 2 0 390 530 12982 729
p 2 0 469 451 13541 770
p 2 0 422 498 14943 765
p 2 0 416 504 13971 776
p 2 0 415 505 18350 770
p 2 0 285 635 2208 517
p 2 0 217 703 1664 431
p 2 0 266 654 1774 454
p 2 0 213 707 1834 428
p 2 0 210 710 2117 434
p 2 0 184 736 1956 408
p 2 0 182 738 2067 408
p 2 0 192 728 2250 425
p 2 0 175 745 2440 416
p 2 0 173 747 1646 386
p 2 0 191 729 2189 422
p 2 0 209 711 2396 440
p 2 0 186 734 2411 425
p 2 0 154 766 1792 382
p 2 0 166 754 2231 411
p 2 0 163 757 2452 409
p 2 0 166 754 2500 412
p 2 0 162 758 2049 392
p 2 0 167 753 2397 411
p 2 0 171 749 2592 420
p 2 0 168 752 2803 416
p 2 0 158 762 2052 394
p 2 0 166 754 2539 418
p 2 0 169 751 2728 419
p 2 0 167 753 2499 411
p 2 0 161 759 2166 396
p 2 0 163 757 2464 408
p 2 0 166 754 2694 411
p 2 0 159 761 2091 378
p 2 0 155 765 2138 369
i 2 920 0 0 69391 4529
p 2 0 186 734 440 367
p 2 0 167 753 368 342
p 2 2 186 732 11073 509
p 2 0 178 742 652 365
p 2 0 61 859 297 248
p 2 7 183 730 14490 553
p 2 0 139 781 802 353
p 2 1 181 738 7814 465
p 2 1 118 801 941 321
p 2 0 86 834 2715 302
p 2 0 98 822 3677 335
p 2 0 77 843 2742 291
p 2 0 72 848 390 262
p 2 1 93 826 3483 315
p 2 0 69 851 823 261
p 2 0 48 872 300 235
p 2 0 35 885 269 225
p 2 0 35 885 684 226
p 2 0 35 885 289 225
p 2 0 28 892 242 219
p 2 4 36 880 2754 269
p 2 0 46 874 327 237
p 2 0 28 892 273 219
p 2 1 40 879 2383 257
p 2 0 38 882 307 228
p 2 0 20 900 243 213
p 2 1 39 880 2311 263
p 2 0 40 880 300 230
p 2 0 15 905 235 208
p 2 9 160 751 15464 573
p 2 0 124 796 730 329
p 2 0 64 856 344 255
p 2 6 157 757 11880 525
p 2 0 136 784 664 341
p 2 0 58 862 303 246
p 2 1 156 763 11582 481
p 2 0 122 798 609 325
p 2 0 63 857 316 250
p 2 0 154 766 10458 451
p 2 0 119 801 667 321
p 2 0 57 863 344 246
p 2 0 119 801 9157 413
p 2 0 94 826 619 300
p 2 0 42 878 325 237
p 2 0 29 891 594 220
p 2 0 26 894 260 218
p 2 0 18 902 250 211
p 2 0 42 878 658 234
p 2 0 20 900 234 212
p 2 0 13 907 222 207
p 2 0 12 908 224 207
p 2 0 16 904 243 211
p 2 0 12 908 217 206
p 2 0 11 909 233 208
p 2 0 7 913 555 205
p 2 0 7 913 220 203
p 2 0 10 910 522 207
p 2 0 6 914 218 204
p 2 0 3 917 199 199
p 2 0 2 918 198 198
p 2 0 2 918 198 198
p 2 0 4 916 202 200
p 2 2 156 762 13059 526
p 2 0 112 808 568 305
p 2 0 40 880 307 231
p 2 4 178 738 13202 533
p 2 0 92 828 565 290
p 2 0 58 862 645 255
p 2 6 170 744 13173 556
p 2 0 123 797 692 325
p 2 0 66 854 337 255
p 2 11 178 731 13675 593
p 2 0 110 810 601 313
p 2 0 61 859 547 254
p 2 12 152 756 12151 579
p 2 0 140 780 1006 349
p 2 0 75 845 371 265
p 2 13 148 759 11571 554
p 2 0 131 789 581 322
p 2 0 77 843 601 270
p 2 12 170 738 11405 555
p 2 0 122 798 752 320
p 2 0 68 852 343 254
p 2 16 132 772 11688 536
p 2 0 86 834 496 285
p 2 0 67 853 737 263
p 2 0 51 869 414 241
p 2 0 60 860 679 261
p 2 0 37 883 283 231
p 2 0 34 886 559 232
p 2 0 18 902 244 213
p 2 0 34 886 484 233
p 2 0 22 898 325 214
p 2 0 27 893 564 228
p 2 0 22 898 248 219
p 2 0 38 882 680 240
p 2 0 21 899 253 217
p 2 0 21 899 566 224
p 2 0 14 906 227 211
p 2 0 25 895 540 227
p 2 2 153 765 9899 463
p 2 0 131 789 959 335
p 2 1 126 793 8417 418
p 2 0 116 804 1323 334
p 2 0 151 769 7993 410
p 2 0 97 823 812 300
p 2 0 38 882 299 231
p 2 0 54 866 855 259
p 2 0 25 895 268 222
p 2 0 49 871 486 248
p 2 0 26 894 481 228
p 2 0 24 896 415 224
p 2 0 15 905 232 212
p 2 0 24 896 805 232
p 2 0 18 902 238 212
p 2 0 22 898 510 223
p 2 0 30 890 541 224
p 2 0 30 890 477 228
p 2 0 11 909 225 206
p 2 0 36 884 704 239
p 2 0 19 901 251 215
p 2 0 32 888 427 231
p 2 0 20 900 457 219
p 2 0 30 890 499 231
p 2 0 16 904 235 212
p 2 0 29 891 841 235
p 2 0 21 899 246 216
p 2 0 27 893 478 227
p 2 0 18 902 525 214
p 2 0 23 897 414 224
p 2 0 12 908 223 209
p 2 0 22 898 686 225
p 2 0 13 907 227 209
p 2 0 20 900 469 221
p 2 0 16 904 528 214
p 2 0 23 897 515 225
p 2 0 14 906 239 211
p 2 0 27 893 666 232
p 2 0 18 902 235 212
p 2 0 20 900 402 218
p 2 0 15 905 494 215
p 2 0 18 902 409 219
p 2 0 17 903 229 213
p 2 0 18 902 749 224
p 2 0 17 903 247 212
p 2 0 18 902 501 221
p 2 0 17 903 529 216
p 2 0 21 899 470 222
p 2 0 7 913 216 204
p 2 0 17 903 659 219
p 2 0 15 905 237 211
p 2 0 19 901 408 220
p 2 0 11 909 231 208
p 2 0 14 906 465 218
p 2 0 8 912 219 205
p 2 0 24 896 803 231
p 2 0 11 909 222 206
p 2 0 18 902 646 225
p 2 0 13 907 232 210
p 2 0 16 904 395 218
p 2 0 6 914 212 203
p 2 13 124 783 11202 532
p 2 0 78 842 476 275
p 2 0 47 873 641 246
p 2 16 99 805 11289 506
p 2 0 78 842 893 289
p 2 0 43 877 320 236
p 2 15 116 789 11657 537
p 2 0 86 834 481 283
p 2 0 40 880 462 238
p 2 24 275 621 25690 913
p 2 0 195 725 1040 401
p 2 0 70 850 352 259
p 2 9 196 715 13336 600
p 2 0 115 805 619 312
p 2 0 62 858 670 260
p 2 8 176 736 12355 555
p 2 0 114 806 866 316
p 2 0 59 861 373 253
p 2 8 191 721 12548 589
p 2 0 102 818 569 304
p 2 0 77 843 535 270
p 2 0 38 882 295 233
p 2 0 54 866 517 247
p 2 0 32 888 268 224
p 2 0 29 891 545 226
p 2 0 22 898 265 219
p 2 0 40 880 539 238
p 2 0 15 905 234 210
p 2 0 12 908 336 210
p 2 0 13 907 248 207
p 2 0 23 897 370 217
p 2 0 36 884 316 231
p 2 0 21 899 437 217
p 2 0 15 905 237 209
p 2 0 21 899 526 220
p 2 0 10 910 234 207
p 2 0 25 895 497 222
p 2 0 16 904 243 211
p 2 0 13 907 336 209
p 2 0 6 914 226 204
p 2 0 11 909 365 207
p 2 0 6 914 216 203
p 2 0 16 904 433 213
p 2 0 12 908 241 207
p 2 0 15 905 514 214
p 2 0 9 911 222 204
p 2 0 15 905 468 212
p 2 0 9 911 233 205
p 2 0 9 911 318 205
p 2 0 7 913 221 202
p 2 0 12 908 351 208
p 2 0 12 908 234 208
p 2 0 10 910 419 207
p 2 0 6 914 212 202
p 2 0 13 907 511 212
p 2 0 6 914 221 204
p 2 0 13 907 469 212
p 2 0 10 910 233 206
p 2 0 10 910 332 207
p 2 0 6 914 218 202
p 2 0 9 911 351 207
p 2 0 6 914 217 202
p 2 0 12 908 425 209
p 2 0 7 913 221 203
p 2 0 12 908 528 212
p 2 0 6 914 216 203
p 2 0 13 907 466 212
p 2 0 6 914 221 204
p 2 0 9 911 324 206
p 2 0 4 916 214 201
p 2 0 10 910 353 206
i 2 920 0 0 6491 2860
p 2 577 343 0 12293 3163
p 2 467 453 0 16604 3227
p 2 376 544 0 19258 3218
p 2 300 620 0 22256 3206
p 2 251 669 0 24275 3167
p 2 196 724 0 25937 3179
p 2 170 750 0 26025 3088
p 2 136 784 0 28574 3077
p 2 141 779 0 28934 3073
p 2 129 791 0 30734 3023
p 2 142 778 0 31854 3058
p 2 124 796 0 33813 3031
p 2 0 785 135 14109 1415
p 2 0 612 308 13565 1157
p 2 0 587 333 13476 1049
p 2 0 608 312 13506 1060
p 2 0 484 436 13027 917
p 2 1 534 385 13160 958
p 2 0 500 420 13073 925
p 2 0 529 391 12757 958
p 2 0 464 456 12555 885
p 2 0 481 439 13031 901
p 2 0 474 446 13076 897
p 2 0 554 366 12999 991
p 2 0 498 422 12771 933
p 2 0 489 431 12588 910
p 2 0 522 398 13102 948
p 2 1 484 435 13180 911
p 2 0 447 473 12823 863
p 2 0 469 451 13024 892
p 2 0 472 448 13006 898
p 2 0 440 480 12761 872
p 2 0 421 499 12940 849
p 2 0 429 491 13088 851
p 2 0 461 459 13396 881
p 2 0 463 457 13502 880
p 2 0 410 510 13428 842
p 2 0 431 489 13650 857
p 2 0 460 460 13770 892
p 2 0 449 471 14112 874
p 2 0 419 501 14298 833
p 2 0 427 493 14128 862
p 2 0 470 450 14493 901
p 2 0 437 483 14386 872
p 2 0 461 459 14360 902
p 2 0 471 449 14229 903
p 2 0 427 493 14161 859
p 2 0 442 478 13632 862
p 2 0 474 446 14115 918
p 2 0 458 462 13152 886
p 2 0 407 513 13842 833
p 2 0 418 502 13115 829
p 2 0 440 480 13820 849
p 2 0 430 490 12967 828
p 2 0 420 500 13431 819
p 2 0 423 497 12664 821
p 2 0 437 483 12573 839
p 2 0 440 480 11605 837
p 2 0 396 524 11680 797
p 2 0 430 490 10707 820
p 2 0 426 494 10852 825
p 2 0 440 480 10051 840
p 2 0 409 511 9846 797
p 2 0 424 496 9987 809
p 2 0 459 461 10956 856
p 2 0 440 480 12163 842
p 2 0 411 509 12626 810
p 2 0 425 495 13565 835
p 2 0 429 491 13988 840
p 2 0 461 459 14526 883
p 2 0 409 511 14681 826
p 2 0 456 464 14936 872
p 2 0 489 431 14891 920
p 2 0 449 471 15187 881
p 2 0 413 507 15737 840
p 2 0 438 482 14879 858
p 2 0 435 485 14940 854
p 2 0 434 486 14469 846
p 2 0 388 532 14209 810
p 2 0 426 494 13763 842
p 2 0 440 480 13826 861
p 2 0 443 477 13971 867
p 2 0 392 528 13791 806
p 2 0 431 489 14081 845
p 2 0 424 496 14362 832
p 2 0 430 490 14554 847
p 2 0 403 517 14682 833
p 2 0 412 508 13633 822
p 2 0 424 496 14134 846
p 2 0 427 493 12602 815
p 2 0 406 514 13768 795
p 2 0 406 514 11759 772
p 2 0 423 497 12191 800
p 2 0 432 488 10225 810
p 2 0 389 531 9908 750
p 2 0 416 504 8572 780
p 2 0 433 487 8594 797
p 2 0 418 502 9694 787
p 2 0 373 547 10944 746
p 2 0 405 515 12442 787
p 2 0 403 517 12499 787
p 2 0 379 541 12370 763
p 2 0 399 521 12405 776
p 2 0 390 530 13630 774
p 2 0 386 534 11636 754
p 2 0 375 545 12348 749
p 2 0 374 546 11084 743
p 2 0 384 536 11302 757
p 2 0 364 556 10438 735
p 2 0 371 549 11112 737
p 2 0 367 553 11449 725
p 2 0 402 518 12378 766
p 2 0 357 563 9937 675
p 2 0 341 579 9824 673
p 2 0 343 577 7565 622
p 2 0 341 579 9058 618
p 2 0 306 614 5578 549
p 2 0 301 619 5472 543
p 2 0 272 648 1751 473
p 2 0 238 682 1402 431
p 2 70 157 693 3715 653
i 2 920 0 0 52923 4506
i 2 920 0 0 30736 3982
p 2 263 588 69 40088 2835
p 2 195 671 54 41244 2830
p 2 227 625 68 30590 2649
p 2 0 458 462 948 677
p 2 0 229 691 417 364
p 2 0 241 679 415 373
p 2 0 173 747 384 332
p 2 0 258 662 419 385
p 2 0 223 697 419 365
p 2 0 121 799 308 282
p 2 0 90 830 271 262
p 2 0 66 854 256 244
p 2 0 35 885 237 224
p 2 0 48 872 244 231
p 2 0 67 853 257 244
p 2 0 34 886 232 224
p 2 0 39 881 232 224
p 2 0 15 905 212 208
p 2 0 8 912 206 204
p 2 0 3 917 201 200
p 2 0 8 912 205 203
p 2 0 6 914 208 202
p 2 0 4 916 203 200
p 2 0 3 917 200 200
p 2 0 2 918 200 200
p 2 0 2 918 199 199
p 2 0 1 919 200 198
p 2 0 0 920 197 197
p 2 0 0 920 197 197
p 2 0 0 920 197 197
p 2 0 3 917 203 200
p 2 0 2 918 204 200
p 2 0 1 919 200 198
p 2 0 0 920 197 197
p 2 0 0 920 197 197
p 2 0 0 920 197 197
p 2 0 0 920 197 197
p 2 0 3 917 206 200
p 2 0 0 920 197 197
p 2 0 0 920 197 197
p 2 0 0 920 197 197
p 2 0 0 920 197 197
p 2 0 0 920 197 197
p 2 0 0 920 197 197
p 2 0 0 920 197 197
p 2 0 1 919 198 198
p 2 0 0 920 197 197
p 2 0 0 920 197 197
p 2 0 0 920 197 197
i 2 920 0 0 43825 4628
p 2 0 149 771 401 333
p 2 0 146 774 340 319
p 2 18 538 364 26358 1467
p 2 0 345 575 1223 559
p 2 0 146 774 503 329
p 2 44 500 376 25451 1556
p 2 0 304 616 1123 534
p 2 0 139 781 434 322
p 2 50 466 404 29659 1590
p 2 0 307 613 1133 522
p 2 0 125 795 471 313
p 2 49 465 406 31883 1550
p 2 0 311 609 1270 544
p 2 0 130 790 471 320
p 2 0 70 850 335 259
p 2 0 51 869 286 242
p 2 0 80 840 384 269
p 2 0 56 864 286 243
p 2 0 23 897 247 217
p 2 0 28 892 241 220
p 2 0 50 870 316 241
p 2 0 16 904 223 209
p 2 0 15 905 228 211
p 2 0 31 889 383 237
p 2 0 26 894 240 217
p 2 0 57 863 336 248
p 2 1 29 890 830 235
p 2 0 11 909 224 208
p 2 0 36 884 309 230
p 2 0 20 900 360 227
p 2 0 14 906 213 209
p 2 0 12 908 216 207
p 2 1 21 898 811 226
p 2 0 11 909 225 207
p 2 0 21 899 231 212
p 2 0 19 901 568 225
p 2 0 12 908 219 207
p 2 0 6 914 205 202
p 2 1 11 908 664 218
p 2 0 7 913 223 206
p 2 0 1 919 199 198
p 2 0 0 920 197 197
p 2 0 1 919 199 198
p 2 0 13 907 561 218
p 2 0 8 912 213 204
p 2 0 12 908 346 214
i 2 920 0 0 46087 4106
p 2 0 306 614 532 442
p 2 2 399 519 11316 663
p 2 0 182 738 678 365
p 2 4 176 740 11003 481
p 2 0 129 791 600 323
p 2 3 178 739 13711 497
p 2 0 123 797 734 326
p 2 3 64 853 3145 288
p 2 0 61 859 369 250
p 2 0 31 889 3212 247
p 2 0 41 879 295 231
p 2 0 8 912 212 204
p 2 0 6 914 209 202
p 2 0 18 902 213 209
p 2 0 3 917 205 200
p 2 0 5 915 207 202
p 2 0 4 916 204 200
p 2 0 6 914 212 202
p 2 0 0 920 197 197
p 2 0 1 919 199 199
p 2 0 1 919 198 198
p 2 0 0 920 197 197
p 2 0 0 920 197 197
p 2 6 118 796 14244 513
p 2 0 80 840 547 282
p 2 8 111 801 12209 507
p 2 0 92 828 545 295
p 2 8 142 770 11768 529
p 2 0 102 818 586 305
p 2 11 113 796 10571 509
p 2 0 86 834 509 285
p 2 0 45 875 309 237
p 2 0 18 902 230 212
p 2 0 8 912 211 204
p 2 0 14 906 223 209
p 2 0 18 902 241 211
p 2 0 12 908 216 206
p 2 0 7 913 213 202
p 2 0 4 916 208 201
p 2 0 4 916 207 200
p 2 0 5 915 207 201
p 2 0 8 912 216 204
p 2 0 4 916 204 200
p 2 0 2 918 201 199
p 2 0 8 912 211 204
p 2 0 8 912 211 204
p 2 0 2 918 199 199
p 2 0 1 919 198 198
p 2 0 1 919 200 198
p 2 0 1 919 199 198
p 2 0 2 918 201 200
p 2 0 6 914 210 203
p 2 0 2 918 205 200
p 2 0 6 914 203 201
p 2 0 4 916 199 199
p 2 0 1 919 198 198
p 2 0 5 915 200 200
p 2 0 0 920 197 197
p 2 0 3 917 201 200
p 2 4 108 808 13013 472
p 2 0 88 832 586 290
p 2 6 117 797 13872 505
p 2 0 79 841 552 281
p 2 5 114 801 15097 496
p 2 0 89 831 605 293
p 2 9 131 780 17038 589
p 2 0 157 763 729 346
p 2 2 89 829 2767 339
p 2 0 53 867 360 250
p 2 3 66 851 2739 326
p 2 0 39 881 323 236
p 2 3 61 856 2586 314
p 2 0 42 878 317 240
p 2 3 62 855 2717 319
p 2 0 37 883 326 237
p 2 3 60 857 2572 316
p 2 0 37 883 327 235
p 2 3 59 858 2711 314
p 2 0 31 889 296 227
p 2 3 55 862 2563 309
p 2 0 41 879 304 236
p 2 3 52 865 2683 307
p 2 0 36 884 309 234
p 2 3 47 870 2548 298
p 2 0 39 881 316 238
p 2 2 52 866 2740 300
p 2 0 33 887 297 232
p 2 3 45 872 2527 298
p 2 0 36 884 301 235
p 2 2 51 867 2691 302
p 2 0 34 886 304 232
p 2 3 48 869 2528 301
p 2 0 38 882 290 235
p 2 3 53 864 2668 308
p 2 0 38 882 306 234
p 2 3 46 871 2546 297
p 2 0 33 887 282 229
p 2 2 49 869 2693 298
p 2 0 25 895 262 225
p 2 3 45 872 2518 299
p 2 0 30 890 278 228
p 2 3 46 871 2669 301
p 2 0 27 893 293 228
p 2 3 49 868 2542 302
p 2 0 37 883 297 234
p 2 3 48 869 2719 303
p 2 0 26 894 284 226
p 2 3 46 871 2542 302
p 2 0 32 888 269 228
p 2 2 50 868 2687 296
p 2 0 27 893 283 225
p 2 3 45 872 2525 300
i 2 920 0 0 106458 5563
p 2 0 124 796 379 309
p 2 0 56 864 258 247
p 2 0 29 891 229 223
p 2 0 32 888 230 224
p 2 0 22 898 214 213
p 2 0 8 912 216 206
p 2 0 11 909 208 205
p 2 0 15 905 211 209
p 2 0 11 909 214 206
p 2 0 3 917 202 200
p 2 0 7 913 203 203
p 2 0 18 902 217 211
p 2 0 3 917 201 200
p 2 0 2 918 200 199
p 2 0 8 912 208 203
p 2 0 3 917 202 200
p 2 0 2 918 200 199
p 2 0 2 918 199 199
p 2 0 4 916 204 201
p 2 0 3 917 202 200
p 2 0 3 917 204 200
p 2 0 2 918 200 199
p 2 0 2 918 199 198
p 2 0 3 917 203 199
p 2 0 10 910 209 204
p 2 0 8 912 205 202
p 2 0 6 914 207 201
p 2 0 2 918 200 199
p 2 0 4 916 201 199
p 2 0 2 918 201 199
p 2 0 2 918 199 198
p 2 0 6 914 208 202
p 2 0 6 914 206 201
p 2 0 4 916 203 199
p 2 0 325 595 6009 578
p 2 3 687 230 27542 1278
p 2 19 697 204 39776 1636
p 2 99 630 191 49172 2358
p 2 263 443 214 53157 3147
p 2 190 438 292 54724 2479
p 2 262 373 285 33948 2565
p 2 192 462 266 51320 2853
p 2 70 837 13 66959 2623
p 2 19 897 4 58225 2251
p 2 5 911 4 44799 1962
p 2 10 899 11 36315 1781
p 2 2 877 41 19427 1559
p 2 2 905 13 19721 1627
p 2 4 869 47 19068 1539
p 2 0 833 87 16659 1446
p 2 0 804 116 16202 1419
p 2 2 824 94 14718 1403
p 2 0 727 193 13479 1280
p 2 0 790 130 12323 1301
p 2 0 799 121 12128 1322
p 2 0 772 148 10833 1272
p 2 0 682 238 9998 1151
p 2 0 743 177 9648 1211
p 2 0 754 166 10140 1220
p 2 0 748 172 9135 1199
p 2 0 649 271 8718 1064
p 2 0 695 225 8439 1123
p 2 0 715 205 8579 1136
p 2 0 691 229 7701 1106
p 2 0 555 365 6896 926
p 2 0 653 267 6545 1021
p 2 0 669 251 6685 1036
p 2 0 618 302 5824 975
p 2 0 481 439 4869 787
p 2 0 569 351 4869 876
p 2 0 596 324 5058 911
p 2 0 664 256 4750 976
p 2 0 606 314 4689 907
p 2 0 490 430 3362 760
p 2 0 461 459 3335 722
p 2 0 441 479 2836 687
p 2 0 246 674 2026 477
p 2 0 334 586 2177 564
p 2 0 358 562 2253 594
p 2 0 332 588 1845 554
p 2 0 168 752 1256 379
p 2 0 254 666 1411 464
p 2 0 233 687 1357 449
p 2 0 224 696 1181 429
p 2 0 114 806 779 315
p 2 0 157 763 788 356
p 2 0 160 760 881 363
p 2 0 147 773 707 349
p 2 0 128 792 734 333
p 2 0 223 697 952 423
p 2 0 167 753 618 356
p 2 0 92 828 391 279
p 2 0 80 840 371 270
p 2 0 26 894 253 222
p 2 0 35 885 260 226
p 2 0 19 901 239 215
p 2 0 20 900 236 214
p 2 0 21 899 234 216
p 2 0 8 912 211 203
p 2 0 16 904 226 208
p 2 0 10 910 215 205
p 2 0 9 911 213 203
p 2 0 14 906 230 209
p 2 0 16 904 230 210
p 2 0 9 911 212 203
p 2 0 6 914 208 202
p 2 0 7 913 213 203
i 2 920 0 0 43521 4568
p 2 0 398 522 812 598
p 2 0 317 603 608 496
p 2 0 199 721 456 381
p 2 0 147 773 390 334
p 2 0 117 803 361 306
p 2 0 64 856 265 252
p 2 0 39 881 242 229
p 2 0 65 855 278 250
p 2 0 31 889 241 225
p 2 0 22 898 228 216
p 2 0 29 891 237 223
p 2 0 9 911 208 205
p 2 0 8 912 211 204
p 2 0 18 902 228 213
p 2 0 22 898 223 217
p 2 0 4 916 202 201
p 2 0 4 916 201 201
p 2 0 1 919 198 198
p 2 0 9 911 211 205
p 2 0 44 876 258 236
p 2 0 20 900 216 214
p 2 0 23 897 222 217
p 2 0 36 884 260 229
p 2 0 31 889 240 226
p 2 0 8 912 207 203
p 2 0 3 917 201 200
p 2 0 8 912 210 204
p 2 0 4 916 202 202
p 2 0 13 907 212 209
p 2 0 4 916 209 201
p 2 0 14 906 211 208
p 2 0 17 903 212 209
p 2 0 8 912 205 204
p 2 0 8 912 204 202
p 2 0 187 733 3229 462
p 2 4 768 148 12256 1355
p 2 26 807 87 19947 1766
p 2 55 777 88 31155 2245
p 2 214 584 122 41061 3110
p 2 286 419 215 36167 2644
p 2 360 330 230 24524 2820
p 2 251 509 160 40846 3167
p 2 97 815 8 53407 2897
p 2 41 877 2 46349 2487
p 2 13 898 9 33844 2155
p 2 20 879 21 24041 1914
p 2 13 846 61 13235 1661
p 2 10 863 47 12937 1675
p 2 3 785 132 12087 1514
p 2 0 814 106 11601 1499
p 2 3 821 96 11407 1500
p 2 0 823 97 10686 1460
p 2 0 716 204 9368 1317
p 2 0 760 160 8559 1311
p 2 0 781 139 8269 1319
p 2 1 761 158 7622 1290
p 2 0 641 279 6722 1101
p 2 0 724 196 6910 1203
p 2 0 747 173 7220 1219
p 2 2 717 201 6669 1208
p 2 1 601 318 6107 1045
p 2 1 657 262 6045 1114
p 2 0 693 227 6257 1124
p 2 0 670 250 5761 1123
p 2 0 539 381 5004 928
p 2 0 598 322 4795 997
p 2 0 623 297 4918 995
p 2 0 649 271 4725 1041
p 2 0 488 432 3857 815
p 2 0 420 500 3324 758
p 2 0 516 404 3202 814
p 2 0 567 353 3446 877
p 2 0 471 449 2672 748
p 2 0 333 587 2079 599
p 2 0 414 506 2273 676
p 2 0 399 521 2023 651
p 2 0 239 681 1539 474
p 2 0 297 623 1540 540
p 2 0 258 662 1396 486
p 2 0 279 641 1318 511
p 2 0 167 753 1003 386
p 2 0 198 722 938 412
p 2 0 191 729 928 396
p 2 0 208 712 894 421
p 2 0 125 795 664 331
p 2 0 135 785 618 339
p 2 0 136 784 616 334
p 2 0 202 718 712 406
p 2 0 184 736 654 382
p 2 0 150 770 545 347
p 2 0 115 805 444 307
p 2 0 85 835 344 273
p 2 0 33 887 241 227
p 2 0 38 882 263 230
p 2 0 33 887 261 229
p 2 0 39 881 259 230
p 2 0 18 902 227 213
p 2 0 23 897 240 219
p 2 0 20 900 237 215
p 2 0 11 909 215 206
p 2 0 10 910 216 205
p 2 0 9 911 214 207
p 2 0 10 910 213 206
p 2 0 5 915 215 203
p 2 0 7 913 206 203
p 2 0 5 915 206 201
p 2 0 4 916 203 201
i 2 920 0 0 84607 4879
p 2 0 909 11 23107 1484
p 2 0 913 7 27898 1535
p 2 0 911 9 28853 1555
p 2 0 916 4 29252 1568
p 2 0 914 6 29617 1587
p 2 0 913 7 29158 1568
p 2 0 912 8 29245 1591
p 2 0 913 7 29445 1588
p 2 0 917 3 30019 1596
p 2 0 915 5 29369 1585
p 2 0 913 7 29589 1588
p 2 0 912 8 29535 1580
p 2 0 911 9 30018 1588
p 2 0 912 8 29455 1579
p 2 0 909 11 29475 1588
p 2 0 916 4 29771 1601
p 2 0 909 11 30202 1594
p 2 0 916 4 29736 1593
p 2 0 910 10 29906 1586
p 2 0 912 8 29960 1594
p 2 0 915 5 30624 1613
p 2 0 912 8 30096 1606
p 2 0 912 8 29948 1610
p 2 0 915 5 30594 1621
p 2 0 913 7 30122 1620
p 2 0 913 7 30357 1605
p 2 0 910 10 29940 1601
p 2 0 915 5 29965 1599
p 2 0 912 8 29852 1587
p 2 0 912 8 30525 1600
p 2 0 913 7 29947 1593
p 2 0 914 6 30143 1601
p 2 0 912 8 29988 1604
p 2 0 916 4 30501 1608
p 2 0 915 5 30014 1600
p 2 0 913 7 30441 1604
p 2 0 895 25 30257 1597
p 2 0 917 3 30260 1603
p 2 0 913 7 30117 1607
p 2 0 914 6 30290 1609
p 2 0 912 8 30218 1596
p 2 0 911 9 30382 1599
p 2 0 914 6 30099 1601
p 2 0 909 11 29899 1592
p 2 0 914 6 30041 1591
p 2 0 912 8 29632 1593
p 2 0 914 6 30222 1601
p 2 0 910 10 29723 1591
p 2 0 914 6 30191 1606
p 2 0 912 8 29736 1603
p 2 0 911 9 30391 1583
p 2 0 907 13 30000 1591
p 2 0 910 10 30056 1600
p 2 0 910 10 29522 1578
p 2 0 909 11 30198 1584
p 2 0 912 8 29890 1595
p 2 0 916 4 29649 1584
p 2 0 913 7 29941 1590
p 2 0 913 7 30211 1595
p 2 0 918 2 29481 1589
p 2 0 909 11 29997 1607
p 2 0 908 12 29703 1578
p 2 0 915 5 30183 1596
p 2 0 915 5 29277 1584
p 2 0 912 8 29452 1598
i 2 920 0 0 64883 4726
p 2 0 184 736 413 350
p 2 1 116 803 3022 336
p 2 0 80 840 340 264
p 2 0 68 852 2604 281
p 2 0 34 886 304 229
p 2 0 48 872 2559 264
p 2 0 23 897 274 219
p 2 1 32 887 2491 259
p 2 0 25 895 278 219
p 2 1 33 886 2342 255
p 2 0 26 894 283 224
p 2 1 34 885 3029 266
p 2 0 25 895 296 222
p 2 0 28 892 2565 248
p 2 0 24 896 468 222
p 2 0 31 889 2531 253
p 2 0 26 894 298 222
p 2 1 33 886 2616 261
p 2 0 29 891 294 225
p 2 1 30 889 2332 253
p 2 0 27 893 464 226
p 2 1 33 886 2878 264
p 2 0 26 894 298 222
p 2 0 32 888 2644 255
p 2 0 24 896 283 218
p 2 0 30 890 2522 251
p 2 0 27 893 531 226
p 2 1 33 886 2504 259
p 2 0 22 898 268 219
p 2 0 34 886 2522 256
p 2 0 27 893 298 222
p 2 1 28 891 2889 260
p 2 0 21 899 439 219
p 2 0 26 894 2602 245
p 2 0 21 899 276 218
p 2 0 30 890 2615 253
p 2 0 24 896 294 221
p 2 1 29 890 2484 255
p 2 0 26 894 538 225
p 2 0 31 889 2399 251
p 2 0 24 896 280 221
p 2 1 31 888 3007 263
p 2 0 26 894 297 222
p 2 0 29 891 2587 248
p 2 0 24 896 460 222
p 2 0 27 893 2552 248
p 2 0 21 899 281 217
p 2 1 30 889 2626 259
p 2 0 25 895 291 222
p 2 0 30 890 2367 250
p 2 0 26 894 351 225
p 2 1 31 888 2916 261
p 2 0 26 894 297 221
p 2 0 27 893 2794 252
p 2 0 26 894 295 224
p 2 0 29 891 2529 248
p 2 0 23 897 351 220
p 2 1 28 891 2489 253
p 2 0 20 900 279 217
p 2 0 31 889 2630 254
p 2 0 23 897 271 219
p 2 1 29 890 2893 260
p 2 0 18 902 389 216
p 2 0 28 892 2569 250
p 2 0 19 901 268 216
p 2 0 30 890 2713 253
p 2 0 23 897 296 221
p 2 1 29 890 2484 254
p 2 0 21 899 350 222
p 2 0 30 890 2388 248
p 2 0 28 892 418 226
p 2 0 33 887 3394 264
p 2 0 23 897 291 221
p 2 0 10 910 223 205
p 2 3 28 889 3125 283
p 2 0 24 896 295 223
p 2 0 8 912 220 204
p 2 1 33 886 2879 275
p 2 0 26 894 301 225
p 2 0 17 903 250 214
p 2 0 35 885 3163 274
p 2 0 28 892 310 228
p 2 0 13 907 227 207
p 2 0 7 913 326 207
p 2 0 5 915 212 202
p 2 0 5 915 271 204
p 2 9 319 592 19884 934
p 2 0 237 683 1067 451
p 2 0 100 820 423 291
p 2 69 431 420 31317 1509
p 2 0 348 572 1412 568
p 2 60 203 657 13782 921
p 2 3 422 495 18467 968
p 2 32 344 544 11423 914
p 2 0 234 686 845 430
p 2 57 407 456 34119 1412
p 2 0 313 607 1444 548
p 2 111 256 553 27784 1423
p 2 3 232 685 3164 507
p 2 52 350 518 25425 1247
p 2 0 219 701 930 434
p 2 64 319 537 30138 1327
p 2 0 252 668 1041 458
p 2 0 176 744 644 363
p 2 0 86 834 1551 299
p 2 0 105 815 477 299
p 2 0 63 857 346 253
p 2 0 94 826 520 294
p 2 0 32 888 268 225
p 2 0 68 852 369 258
p 2 1 43 876 597 244
p 2 0 61 859 343 251
p 2 0 33 887 277 225
p 2 0 32 888 487 230
p 2 0 13 907 222 208
p 2 0 9 911 220 204
p 2 0 10 910 512 209
p 2 0 67 853 377 256
p 2 0 34 886 287 228
p 2 0 58 862 404 255
p 2 0 28 892 261 221
p 2 0 30 890 263 220
p 2 1 27 892 561 230
p 2 0 28 892 257 220
p 2 0 13 907 223 207
p 2 0 21 899 449 220
p 2 0 12 908 223 206
p 2 0 14 906 232 208
p 2 0 7 913 511 208
p 2 0 8 912 218 204
p 2 0 6 914 209 202
p 2 0 15 905 435 213
p 2 0 6 914 210 202
p 2 0 8 912 211 204
p 2 0 7 913 250 205
p 2 0 5 915 208 202
p 2 0 8 912 212 203
p 2 0 8 912 458 204
p 2 0 4 916 207 200
p 2 0 4 916 206 200
p 2 0 6 914 506 206
p 2 0 3 917 208 200
p 2 0 1 919 200 198
p 2 0 13 907 431 215
p 2 0 10 910 223 205
p 2 0 5 915 208 201
p 2 0 9 911 511 208
p 2 0 7 913 221 203
p 2 0 8 912 218 204
p 2 0 12 908 280 215
p 2 0 8 912 210 203
p 2 0 3 917 203 199
p 2 1 4 915 504 210
p 2 0 4 916 210 201
p 2 0 3 917 203 199
p 2 0 6 914 265 209
p 2 0 3 917 202 201
p 2 0 3 917 201 200
p 2 1 3 916 499 210
p 2 0 1 919 199 198
p 2 0 3 917 203 200
p 2 0 5 915 413 207
p 2 0 2 918 211 199
p 2 0 1 919 199 198
p 2 0 6 914 510 207
p 2 0 4 916 206 201
p 2 0 1 919 199 198
p 2 0 1 919 198 198
p 2 0 0 920 197 197
p 2 0 1 919 200 198
p 2 0 1 919 198 198
p 2 0 5 915 415 209
p 2 0 4 916 208 201
p 2 0 3 917 242 202
p 2 0 1 919 198 198
p 2 0 1 919 198 198
p 2 0 1 919 198 198
p 2 0 0 920 197 197
i 2 920 0 0 54383 4729
p 2 0 216 704 507 398
p 2 54 379 487 27207 1307
p 2 0 246 674 949 460
p 2 14 326 580 22038 993
p 2 0 256 664 998 462
p 2 17 361 542 23502 1077
p 2 0 229 691 981 450
p 2 10 245 665 14150 702
p 2 1 160 759 876 373
p 2 12 245 663 14698 737
p 2 0 147 773 727 360
p 2 0 102 818 957 297
p 2 0 48 872 298 240
p 2 0 65 855 362 257
p 2 1 49 870 501 260
p 2 0 15 905 233 212
p 2 0 11 909 218 207
p 2 0 25 895 733 226
p 2 0 8 912 213 204
p 2 0 44 876 309 235
p 2 0 24 896 563 226
p 2 0 13 907 229 209
p 2 0 29 891 265 224
p 2 0 25 895 733 219
p 2 0 45 875 322 240
p 2 0 9 911 218 204
p 2 0 6 914 209 203
p 2 0 15 905 230 209
p 2 0 18 902 240 211
p 2 0 24 896 257 216
p 2 0 7 913 212 203
p 2 0 10 910 219 206
p 2 0 10 910 222 206
p 2 0 13 907 221 207
p 2 0 9 911 218 204
p 2 0 13 907 224 209
p 2 0 16 904 544 217
p 2 0 10 910 215 206
p 2 1 14 905 311 221
p 2 0 12 908 220 208
p 2 0 8 912 213 206
p 2 0 9 911 226 206
p 2 0 5 915 208 201
p 2 0 3 917 205 199
p 2 0 5 915 208 201
p 2 0 1 919 200 198
p 2 0 3 917 203 199
p 2 0 3 917 205 201
p 2 0 0 920 197 197
p 2 0 1 919 200 198
p 2 0 2 918 202 199
p 2 0 0 920 197 197
p 2 0 0 920 197 197
p 2 0 0 920 197 197
p 2 0 1 919 200 198
p 2 0 1 919 199 198
p 2 0 1 919 200 198
p 2 0 1 919 199 198
p 2 0 2 918 203 199
p 2 0 3 917 203 199
p 2 0 0 920 197 197
p 2 0 0 920 197 197
p 2 0 0 920 197 197
p 2 0 1 919 199 198
p 2 0 1 919 199 198
p 2 0 0 920 197 197
p 2 0 1 919 200 198
p 2 0 0 920 197 197
p 2 0 0 920 197 197
p 2 0 0 920 197 197
p 2 0 1 919 198 198
p 2 5 42 873 1790 290
p 2 0 23 897 254 219
p 2 4 44 872 3010 285
p 2 0 27 893 267 220
p 2 3 41 876 2986 280
p 2 0 21 899 272 218
p 2 0 8 912 214 204
p 2 0 1 919 199 198
p 2 0 2 918 200 199
p 2 0 1 919 198 198
p 2 0 1 919 200 198
p 2 0 1 919 199 198
p 2 0 0 920 197 197
p 2 0 2 918 202 199
p 2 0 1 919 199 198
p 2 0 0 920 197 197
p 2 0 0 920 197 197
p 2 0 1 919 199 198
p 2 0 0 920 197 197
p 2 0 0 920 197 197
p 2 0 1 919 199 198
p 2 0 3 917 203 199
p 2 0 2 918 201 199
p 2 0 0 920 197 197
p 2 0 1 919 198 198
p 2 0 0 920 197 197
p 2 0 1 919 198 198
p 2 0 0 920 197 197
p 2 0 0 920 197 197
p 2 0 0 920 197 197
p 2 0 0 920 197 197
p 2 0 0 920 197 197
p 2 0 0 920 197 197
p 2 0 0 920 197 197
p 2 0 0 920 197 197
p 2 0 0 920 197 197
p 2 0 0 920 197 197
p 2 0 0 920 197 197
p 2 0 0 920 197 197
p 2 0 0 920 197 197
p 2 0 0 920 197 197
p 2 0 0 920 197 197
p 2 0 0 920 197 197
p 2 0 0 920 197 197
p 2 0 0 920 197 197
p 2 0 0 920 197 197
p 2 0 0 920 197 197
p 2 0 0 920 197 197
i 2 920 0 0 82285 4601
p 2 0 298 622 542 451
p 2 0 178 742 366 348
p 2 0 107 813 516 289
p 2 0 94 826 298 276
p 2 0 37 883 232 228
p 2 0 76 844 560 256
p 2 0 36 884 241 225
p 2 0 23 897 223 215
p 2 0 38 882 539 227
p 2 0 19 901 243 212
p 2 0 11 909 219 207
p 2 0 25 895 432 216
p 2 0 13 907 225 207
p 2 0 9 911 206 203
p 2 0 15 905 490 210
p 2 0 8 912 217 204
p 2 0 7 913 203 202
p 2 0 10 910 403 206
p 2 0 5 915 215 202
p 2 0 6 914 210 202
p 2 0 9 911 513 206
p 2 0 9 911 221 204
p 2 0 3 917 204 200
p 2 0 21 899 558 215
p 2 0 21 899 223 213
p 2 0 7 913 204 202
p 2 0 29 891 465 220
p 2 0 15 905 224 208
p 2 0 11 909 211 205
p 2 0 17 903 519 212
p 2 0 5 915 214 201
p 2 0 6 914 208 202
p 2 0 9 911 435 206
p 2 0 5 915 211 201
p 2 0 3 917 203 200
p 2 0 9 911 543 208
p 2 0 7 913 221 202
p 2 0 16 904 217 210
p 2 0 8 912 538 206
p 2 0 11 909 215 205
p 2 0 2 918 202 199
p 2 0 9 911 439 206
p 2 0 4 916 213 201
p 2 0 1 919 199 198
p 2 0 7 913 515 204
p 2 0 3 917 210 201
p 2 0 2 918 201 200
p 2 0 9 911 436 206
p 2 0 3 917 209 200
p 2 0 6 914 215 203
p 2 0 12 908 542 209
p 2 0 9 911 213 205
p 2 0 21 899 214 212
p 2 0 11 909 537 207
p 2 0 7 913 215 204
p 2 0 16 904 214 209
p 2 0 12 908 455 208
p 2 0 8 912 217 203
p 2 0 2 918 202 198
p 2 0 10 910 521 208
p 2 0 6 914 220 202
p 2 0 12 908 210 206
p 2 0 12 908 431 209
p 2 0 11 909 214 206
p 2 0 7 913 207 202
p 2 0 9 911 523 207
p 2 0 6 914 215 202
p 2 0 2 918 202 199
p 2 0 8 912 534 206
p 2 0 5 915 216 202
p 2 0 2 918 200 199
p 2 0 9 911 410 205
p 2 0 5 915 208 201
p 2 0 6 914 212 202
p 2 0 20 900 490 214
p 2 0 6 914 213 203
p 2 0 5 915 209 201
p 2 0 8 912 428 205
p 2 0 7 913 214 203
p 2 0 7 913 236 202
p 2 0 11 909 506 208
p 2 0 7 913 217 204
p 2 0 4 916 205 201
p 2 0 9 911 494 206
p 2 0 8 912 217 204
p 2 0 8 912 212 205
p 2 0 11 909 436 206
p 2 0 6 914 210 202
p 2 0 2 918 233 199
p 2 0 7 913 479 204
p 2 0 4 916 214 202
p 2 0 4 916 201 200
p 2 0 14 906 394 208
p 2 0 7 913 216 204
p 2 0 7 913 241 202
p 2 0 8 912 493 206
p 2 0 4 916 210 201
p 2 0 4 916 241 200
p 2 0 11 909 499 207
p 2 0 5 915 223 202
p 2 0 4 916 206 200
p 2 0 9 911 420 206
p 2 0 4 916 208 200
p 2 0 1 919 200 198
p 2 0 7 913 483 204
p 2 0 5 915 219 201
p 2 0 2 918 201 199
p 2 0 18 902 410 211
p 2 0 5 915 215 202
p 2 0 1 919 198 198
p 2 0 7 913 489 205
p 2 0 6 914 212 203
p 2 0 2 918 204 199
p 2 0 8 912 490 205
p 2 0 5 915 211 201
p 2 0 1 919 199 198
p 2 0 8 912 402 203
i 2 920 0 0 121100 5503
p 2 0 94 826 387 282
p 2 0 26 894 287 221
p 2 0 14 906 264 212
p 2 0 13 907 263 211
p 2 0 6 914 244 204
p 2 0 2 918 212 200
p 2 0 0 920 197 197
p 2 0 0 920 197 197
p 2 0 3 917 206 199
p 2 0 1 919 198 198
p 2 0 3 917 213 200
p 2 12 900 8 19386 1652
p 2 11 908 1 22301 1722
p 2 4 911 5 24454 1730
p 2 4 915 1 26632 1750
p 2 4 916 0 26830 1770
p 2 0 920 0 28998 1766
p 2 0 920 0 27289 1784
p 2 0 920 0 28986 1790
p 2 1 919 0 27184 1825
p 2 3 917 0 29298 1867
p 2 18 902 0 26879 1967
p 2 28 892 0 26855 2054
p 2 80 840 0 24300 2128
p 2 0 891 29 12946 1645
p 2 0 912 8 12229 1587
p 2 0 900 20 12986 1613
p 2 0 905 15 11989 1577
p 2 0 890 30 12658 1602
p 2 0 892 28 11506 1554
p 2 0 874 46 12471 1602
p 2 0 877 43 11465 1547
p 2 0 890 30 11962 1604
p 2 0 856 64 11088 1518
p 2 0 883 37 11665 1566
p 2 0 861 59 10600 1512
p 2 0 757 163 2854 1075
p 2 0 300 620 826 489
p 2 0 462 458 1214 639
p 2 0 403 517 1146 582
p 2 0 436 484 1272 611
p 2 0 185 735 573 362
p 2 0 285 635 825 464
p 2 0 332 588 977 514
p 2 0 208 712 654 390
p 2 0 168 752 521 349
i 2 920 0 0 2668 2668
p 2 0 0 920 197 197
p 2 0 0 920 197 197
p 2 0 0 920 197 197
p 2 0 0 920 197 197
p 2 0 0 920 197 197
p 2 37 535 348 3005 835
p 2 9 858 53 5040 1153
p 2 0 913 7 5689 1277
p 2 2 872 46 6197 1305
p 2 0 914 6 6700 1408
p 2 0 866 54 7224 1434
p 2 2 875 43 6720 1421
p 2 2 853 65 7692 1420
p 2 2 877 41 7596 1424
p 2 2 884 34 9450 1431
p 2 2 889 29 9887 1429
p 2 6 900 14 10888 1462
p 2 1 896 23 11066 1477
p 2 3 887 30 12280 1546
p 2 0 905 15 13055 1590
p 2 5 872 43 13347 1563
p 2 1 864 55 13780 1497
p 2 1 897 22 14506 1530
p 2 16 902 2 17269 1841
p 2 26 891 3 18407 1973
p 2 32 888 0 19244 2024
p 2 35 883 2 22702 2059
p 2 31 889 0 22726 1951
p 2 34 877 9 24567 1958
p 2 35 884 1 27232 1984
p 2 2 914 4 23512 1680
p 2 5 910 5 23569 1791
p 2 1 917 2 24492 1701
p 2 3 917 0 24139 1713
p 2 4 910 6 22339 1620
p 2 2 916 2 21495 1642
p 2 2 910 8 16278 1531
p 2 1 916 3 17211 1641
p 2 4 909 7 23178 1595
p 2 3 914 3 27982 1711
p 2 24 892 4 31605 1802
p 2 3 916 1 32336 1755
p 2 8 910 2 32013 1708
p 2 4 914 2 33451 1767
p 2 2 914 4 33217 1720
p 2 3 912 5 34512 1704
p 2 3 914 3 38361 1730
p 2 9 911 0 36896 1797
p 2 10 910 0 30794 1647
p 2 8 912 0 28604 1648
p 2 8 912 0 17434 1529
p 2 10 910 0 15521 1609
p 2 35 885 0 26901 1672
p 2 6 914 0 39613 1724
p 2 38 882 0 41437 1897
p 2 5 915 0 38906 1747
p 2 7 912 1 39771 1790
p 2 8 912 0 39106 1728
p 2 23 897 0 40396 1769
p 2 29 891 0 36702 1803
p 2 3 911 6 19002 1506
p 2 3 908 9 16057 1471
p 2 0 913 7 30352 1532
p 2 3 907 10 32794 1540
p 2 2 913 5 35625 1548
p 2 1 911 8 35006 1594
p 2 0 917 3 41303 1616
p 2 3 914 3 25064 1430
p 2 0 914 6 15428 1326
p 2 4 913 3 14569 1279
p 2 1 916 3 37248 1566
p 2 0 917 3 37308 1551
p 2 2 914 4 33867 1565
p 2 0 916 4 39831 1607
p 2 1 910 9 23613 1471
p 2 2 917 1 15980 1433
p 2 2 914 4 38692 1550
p 2 2 914 4 36415 1515
p 2 0 914 6 38766 1535
p 2 1 918 1 27461 1417
p 2 1 918 1 12310 1347
p 2 0 913 7 29726 1431
p 2 0 912 8 33126 1491
p 2 0 917 3 40077 1526
p 2 0 909 11 22633 1448
p 2 1 911 8 23739 1446
p 2 0 912 8 35121 1500
p 2 0 915 5 41716 1557
p 2 0 917 3 14053 1374
p 2 0 918 2 29400 1458
p 2 0 916 4 35061 1493
p 2 0 916 4 30849 1449
p 2 0 916 4 24049 1436
p 2 0 910 10 35081 1499
p 2 0 848 72 21193 1299
p 2 0 802 118 5733 1150
p 2 0 392 528 1464 576
p 2 0 230 690 876 416
p 2 0 132 788 584 320
p 2 0 140 780 566 324
p 2 0 95 825 438 279
p 2 0 101 819 493 287
p 2 0 49 871 311 238
p 2 0 33 887 278 223
p 2 0 33 887 280 224
p 2 0 72 848 421 266
p 2 0 62 858 391 253
p 2 0 35 885 307 230
p 2 0 19 901 245 213
p 2 0 21 899 250 214
p 2 0 15 905 238 210
p 2 0 9 911 228 204
p 2 0 13 907 225 209
p 2 0 14 906 238 208
p 2 0 10 910 225 204
p 2 0 9 911 221 205
p 2 0 5 915 207 201
p 2 0 9 911 216 203
p 2 0 13 907 232 207
p 2 16 570 334 31154 1223
p 2 0 270 650 1217 480
p 2 0 248 672 971 439
p 2 14 522 384 30391 1141
p 2 0 361 559 1562 575
p 2 0 196 724 746 380
p 2 10 450 460 30356 1030
p 2 0 242 678 1215 461
p 2 0 190 730 713 376
p 2 3 384 533 25496 836
p 2 0 338 582 1554 549
p 2 0 109 811 509 300
p 2 1 337 582 25908 796
p 2 0 289 631 1310 502
p 2 0 269 651 1149 466
p 2 0 97 823 474 283
p 2 0 112 808 505 298
p 2 0 104 816 477 291
p 2 0 254 666 1031 444
p 2 0 225 695 927 417
p 2 0 98 822 448 285
p 2 0 82 838 414 267
p 2 0 91 829 431 281
p 2 0 76 844 399 265
p 2 0 32 888 284 222
p 2 0 22 898 256 215
p 2 0 41 879 311 235
p 2 5 525 390 35823 1195
p 2 0 286 634 1352 508
p 2 0 98 822 453 286
p 2 10 463 447 34998 1123
p 2 0 420 500 1773 639
p 2 0 343 577 1217 532
p 2 13 448 459 36625 1186
p 2 0 324 596 1448 550
p 2 0 136 784 545 328
p 2 22 642 256 37512 1432
p 2 0 472 448 1975 700
p 2 0 256 664 892 443
p 2 0 183 737 681 371
p 2 0 76 844 368 264
p 2 0 80 840 389 268
p 2 0 60 860 340 249
p 2 0 134 786 587 325
p 2 0 59 861 678 253
p 2 0 74 846 389 264
p 2 0 79 841 675 273
p 2 0 91 829 453 278
p 2 0 38 882 283 229
p 2 0 16 904 243 211
p 2 0 41 879 312 233
p 2 0 46 874 627 241
p 2 0 66 854 376 254
p 2 0 32 888 273 225
p 2 0 29 891 682 226
p 2 0 24 896 258 217
p 2 0 31 889 272 223
p 2 1 19 900 479 225
p 2 0 19 901 244 212
p 2 0 17 903 238 210
p 2 0 134 786 964 327
p 2 0 77 843 410 268
p 2 0 74 846 392 264
p 2 0 90 830 774 283
p 2 0 56 864 338 243
p 2 0 28 892 261 221
p 2 0 26 894 632 223
p 2 0 38 882 286 229
p 2 0 37 883 291 229
p 2 1 12 907 461 217
p 2 0 61 859 364 250
p 2 0 29 891 276 222
p 2 0 19 901 657 218
p 2 0 11 909 228 206
p 2 0 21 899 243 214
p 2 0 17 903 591 215
p 2 0 5 915 211 200
p 2 0 9 911 220 204
p 2 0 13 907 596 212
p 2 0 7 913 213 203
p 2 0 6 914 213 203
p 2 0 4 916 210 201
p 2 0 2 918 205 200
p 2 0 737 183 4087 1064
p 2 0 250 670 905 433
p 2 0 40 880 298 232
p 2 0 18 902 553 216
p 2 0 11 909 224 204
p 2 0 8 912 492 209
i 2 920 0 0 69599 5362
p 2 0 90 830 343 277
p 2 39 475 406 46034 1625
p 2 0 344 576 1609 578
p 2 19 495 406 41229 1448
p 2 0 345 575 1527 565
p 2 12 517 391 42493 1409
p 2 0 364 556 1656 590
p 2 0 151 769 594 339
p 2 15 327 578 22222 920
p 2 0 237 683 976 441
p 2 0 114 806 497 304
p 2 13 313 594 21461 883
p 2 0 220 700 947 427
p 2 0 76 844 384 268
p 2 11 297 612 21377 861
p 2 0 228 692 1018 441
p 2 0 108 812 467 296
p 2 13 304 603 24611 879
p 2 0 218 702 981 423
p 2 0 153 767 635 338
p 2 0 73 847 376 263
p 2 0 51 869 311 242
p 2 0 29 891 254 221
p 2 143 460 317 59654 2295
p 2 0 341 579 1519 587
p 2 50 538 332 53415 1897
p 2 0 386 534 1741 671
p 2 80 529 311 54514 1972
p 2 0 368 552 1671 615
p 2 160 480 280 63991 2511
p 2 0 359 561 1522 606
p 2 134 514 272 65991 2388
p 2 0 367 553 1652 607
p 2 46 584 290 56309 1870
p 2 0 415 505 1772 652
p 2 26 590 304 46749 1635
p 2 0 383 537 1613 606
p 2 35 559 326 47758 1611
p 2 0 376 544 1613 603
p 2 2 242 676 1310 457
p 2 5 350 565 22665 947
p 2 7 258 655 2299 508
p 2 0 138 782 576 328
p 2 8 342 570 21466 935
p 2 0 219 701 1640 437
p 2 0 119 801 603 310
p 2 11 336 573 22807 994
p 2 0 299 621 2343 526
p 2 0 99 821 460 290
p 2 8 340 572 23356 952
p 2 0 235 685 977 434
p 2 0 100 820 567 290
p 2 0 93 827 437 281
p 2 0 43 877 408 235
p 2 0 25 895 258 218
p 2 0 34 886 376 225
p 2 0 48 872 345 240
p 2 0 28 892 376 221
p 2 0 25 895 262 217
p 2 0 17 903 349 212
p 2 0 30 890 273 221
p 2 0 18 902 352 213
p 2 0 15 905 220 209
p 2 0 12 908 329 206
p 2 0 22 898 241 215
p 2 0 9 911 324 206
p 2 0 11 909 212 205
p 2 0 7 913 320 203
p 2 0 3 917 209 200
p 2 0 7 913 317 203
i 2 920 0 0 106193 6035
p 2 0 85 835 335 273
p 2 0 9 911 213 206
p 2 6 128 786 10655 480
p 2 0 88 832 555 291
p 2 0 50 870 304 241
p 2 4 154 762 10988 492
p 2 0 115 805 669 328
p 2 0 83 837 389 274
p 2 3 135 782 11102 474
p 2 0 88 832 581 297
p 2 0 31 889 284 226
p 2 9 134 777 10742 495
p 2 0 128 792 653 328
p 2 0 96 824 468 288
p 2 0 27 893 420 221
p 2 0 36 884 279 226
p 2 0 51 869 309 242
p 2 0 51 869 484 244
p 2 0 30 890 270 223
p 2 0 26 894 257 218
p 2 0 11 909 447 208
p 2 0 14 906 221 206
p 2 0 11 909 220 206
p 2 0 97 823 685 291
p 2 0 74 846 398 267
p 2 0 28 892 264 221
p 2 0 49 871 453 239
p 2 0 51 869 315 241
p 2 0 38 882 281 229
p 2 0 40 880 439 232
p 2 0 8 912 215 204
p 2 0 7 913 210 202
p 2 0 24 896 370 214
p 2 0 21 899 228 212
p 2 0 10 910 219 206
p 2 0 8 912 420 205
p 2 0 14 906 226 208
p 2 0 6 914 211 202
p 2 0 11 909 410 208
p 2 0 4 916 206 201
p 2 0 3 917 205 200
p 2 0 7 913 367 204
p 2 0 3 917 205 200
p 2 0 6 914 208 202
p 2 0 7 913 351 204
p 2 0 12 908 223 206
p 2 0 2 918 202 199
p 2 0 5 915 344 202
p 2 0 19 901 232 212
p 2 0 8 912 215 202
p 2 0 14 906 455 209
p 2 0 8 912 218 204
p 2 0 8 912 215 203
p 2 0 14 906 430 209
p 2 0 10 910 216 205
p 2 0 2 918 200 198
p 2 0 4 916 354 202
p 2 0 4 916 209 201
p 2 0 3 917 205 200
p 2 0 5 915 348 202
p 2 0 3 917 208 201
p 2 0 4 916 204 200
p 2 0 5 915 349 202
p 2 0 4 916 209 200
p 2 0 3 917 203 199
p 2 0 5 915 407 202
p 2 0 3 917 204 200
p 2 0 2 918 202 199
p 2 0 7 913 394 203
p 2 0 4 916 210 200
p 2 0 1 919 200 198
p 2 0 5 915 362 202
p 2 0 3 917 207 200
p 2 0 1 919 199 198
p 2 0 4 916 341 201
p 2 0 66 854 368 255
p 2 0 161 759 658 344
p 2 0 919 1 33218 1682
p 2 0 919 1 11639 1468
p 2 0 919 1 17822 1576
p 2 3 916 1 33126 1662
p 2 5 914 1 28989 1664
p 2 3 916 1 39766 1761
p 2 30 890 0 25466 1711
p 2 5 915 0 41423 1740
p 2 59 860 1 48716 2134
p 2 2 916 2 27101 1599
p 2 72 846 2 54650 2239
p 2 0 919 1 37777 1658
p 2 75 843 2 62169 2306
p 2 0 671 249 3072 951
p 2 0 593 327 2407 816
p 2 60 485 375 29814 1367
p 2 0 459 461 1687 655
p 2 0 325 595 1178 512
p 2 25 626 269 27637 1307
p 2 0 369 551 1460 567
p 2 0 355 565 1254 544
p 2 51 472 397 26122 1227
p 2 0 533 387 2123 755
p 2 0 362 558 1311 561
p 2 59 514 347 25780 1333
p 2 0 535 385 2073 756
p 2 0 241 679 857 427
p 2 0 71 849 565 262
p 2 0 73 847 363 259
p 2 0 86 834 406 275
p 2 0 99 821 559 289
p 2 0 28 892 262 221
p 2 0 46 874 305 234
p 2 0 24 896 362 217
p 2 0 27 893 253 220
p 2 0 9 911 217 204
p 2 1 19 900 723 220
p 2 0 14 906 233 210
p 2 0 26 894 258 217
p 2 7 62 851 3246 317
p 2 0 71 849 394 261
p 2 0 40 880 471 234
p 2 31 205 684 27508 857
p 2 0 187 733 925 393
p 2 32 210 678 23737 837
p 2 16 173 731 9531 561
p 2 33 240 647 25275 914
p 2 0 217 703 957 418
p 2 70 398 452 50367 1572
p 2 0 264 656 1373 498
p 2 2 110 808 712 312
p 2 33 272 615 23449 906
p 2 0 235 685 1418 444
p 2 0 205 715 811 392
p 2 41 249 630 24611 933
p 2 0 191 729 911 396
p 2 0 164 756 1038 352
p 2 31 349 540 23809 1013
p 2 2 313 605 1550 535
p 2 0 149 771 595 332
p 2 22 280 618 15450 775
p 2 0 115 805 571 309
p 2 0 124 796 528 312
p 2 12 262 646 12847 651
p 2 0 203 717 887 399
p 2 0 116 804 528 306
p 2 15 244 661 13131 667
p 2 0 96 824 554 297
p 2 0 82 838 408 271
p 2 6 221 693 12805 587
p 2 0 285 635 1176 485
p 2 0 100 820 460 289
p 2 17 285 618 12915 716
p 2 0 289 631 1091 480
p 2 0 93 827 443 280
p 2 0 54 866 724 247
p 2 0 27 893 274 222
p 2 0 39 881 286 229
p 2 0 57 863 718 247
p 2 0 53 867 345 244
p 2 0 42 878 313 235
p 2 0 14 906 602 209
p 2 0 23 897 259 216
p 2 0 11 909 228 207
p 2 0 21 899 251 216
p 2 0 18 902 247 212
p 2 0 41 879 300 232
p 2 0 20 900 251 212
p 2 10 177 733 16556 658
p 2 0 150 770 760 352
p 2 10 259 651 18048 733
p 2 0 128 792 674 330
p 2 14 266 640 20607 770
p 2 0 231 689 1069 440
p 2 12 349 559 18171 820
p 2 0 179 741 884 385
p 2 3 372 545 19110 798
p 2 0 388 532 1512 598
p 2 0 194 726 748 383
p 2 1 164 755 935 358
p 2 0 96 824 452 284
p 2 0 30 890 267 221
p 2 0 40 880 681 235
p 2 0 35 885 284 226
p 2 0 72 848 374 261
p 2 0 56 864 700 247
p 2 0 33 887 283 227
p 2 0 12 908 221 205
p 2 0 15 905 619 212
p 2 0 13 907 242 208
p 2 0 27 893 277 219
p 2 1 13 906 508 215
p 2 0 10 910 218 205
p 2 0 12 908 222 207
p 2 0 25 895 651 221
p 2 0 15 905 238 210
p 2 0 9 911 216 204
p 2 0 12 908 591 210
p 2 0 10 910 225 205
p 2 0 8 912 217 204
p 2 0 34 886 664 229
p 2 0 18 902 245 212
p 2 0 16 904 234 210
p 2 0 12 908 221 205
p 2 0 13 907 230 207
p 2 0 13 907 229 208
p 2 0 10 910 572 209
p 2 0 15 905 240 210
p 2 21 314 585 27549 954
p 2 0 172 748 911 384
p 2 8 348 564 23405 844
p 2 0 309 611 1393 516
p 2 1 213 706 19752 624
p 2 0 245 675 1100 447
p 2 2 316 602 20960 722
p 2 0 232 688 1196 448
p 2 0 91 829 448 283
p 2 0 74 846 388 262
p 2 0 88 832 428 275
p 2 0 241 679 906 432
p 2 0 63 857 353 253
p 2 0 180 740 688 369
p 2 0 196 724 731 384
p 2 0 76 844 384 265
p 2 0 22 898 242 213
p 2 0 24 896 250 214
p 2 0 21 899 246 213
p 2 0 29 891 271 223
p 2 0 12 908 227 207
p 2 0 13 907 229 208
p 2 0 10 910 221 204
p 2 0 25 895 264 219
p 2 0 4 916 205 200
p 2 0 5 915 209 201
p 2 0 2 918 201 199
p 2 0 3 917 204 199
p 2 0 4 916 207 201
p 2 0 5 915 207 200
p 2 0 1 919 200 198
p 2 0 0 920 197 197
p 2 0 1 919 199 198
p 2 0 0 920 197 197
i 2 920 0 0 79822 4979
p 2 0 181 739 808 382
p 2 0 154 766 867 353
p 2 0 106 814 1002 319
p 2 0 102 818 898 316
p 2 0 337 583 3550 609
p 2 16 657 247 25601 1452
p 2 3 651 266 27145 1393
p 2 1 663 256 25286 1351
p 2 0 909 11 28267 1746
p 2 2 914 4 26979 1750
p 2 0 909 11 27301 1736
p 2 1 913 6 26017 1752
p 2 3 906 11 27014 1773
p 2 0 917 3 25066 1734
p 2 0 908 12 25415 1718
p 2 0 918 2 24401 1715
p 2 0 910 10 25013 1702
p 2 0 915 5 23907 1712
p 2 0 901 19 24417 1697
p 2 0 913 7 23927 1722
p 2 0 907 13 24508 1689
p 2 0 912 8 23619 1716
p 2 0 908 12 24206 1715
p 2 0 916 4 23800 1723
p 2 0 910 10 24631 1727
p 2 0 903 17 23742 1711
p 2 0 912 8 24165 1710
p 2 0 912 8 23598 1732
p 2 0 903 17 24165 1703
p 2 0 908 12 23511 1722
p 2 0 902 18 24035 1707
p 2 0 906 14 23704 1726
p 2 0 902 18 24162 1712
p 2 0 904 16 23508 1699
p 2 0 901 19 23891 1692
p 2 0 905 15 23862 1693
p 2 0 892 28 24253 1684
p 2 0 900 20 23668 1680
p 2 0 895 25 24026 1687
p 2 0 901 19 23870 1688
p 2 0 894 26 23933 1679
p 2 0 905 15 23722 1691
p 2 0 895 25 23575 1665
p 2 0 906 14 23966 1692
p 2 0 904 16 24041 1687
p 2 0 907 13 23922 1695
p 2 0 893 27 23658 1678
p 2 0 905 15 24105 1715
p 2 0 886 34 23706 1681
p 2 0 904 16 24538 1711
p 2 0 892 28 23858 1701
p 2 0 902 18 24389 1728
p 2 0 887 33 24165 1703
p 2 0 893 27 24412 1708
p 2 0 884 36 24016 1697
p 2 0 893 27 24350 1702
p 2 0 888 32 24317 1698
p 2 0 892 28 24846 1703
p 2 0 887 33 24362 1698
p 2 0 895 25 24661 1699
p 2 0 888 32 24198 1703
p 2 0 895 25 24721 1712
p 2 0 890 30 24431 1715
p 2 0 893 27 24748 1699
p 2 0 893 27 24509 1708
p 2 0 898 22 24935 1699
p 2 0 895 25 24458 1723
p 2 0 901 19 24555 1706
p 2 0 899 21 24566 1716
p 2 0 905 15 24694 1713
p 2 0 900 20 24758 1710
p 2 0 905 15 24897 1713
p 2 0 903 17 24862 1716
p 2 0 908 12 25100 1728
p 2 0 904 16 24757 1730
p 2 0 907 13 24656 1709
p 2 0 903 17 24731 1730
p 2 0 908 12 24964 1721
p 2 0 908 12 24777 1726
p 2 0 909 11 25212 1746
p 2 0 911 9 25001 1736
p 2 0 908 12 25172 1732
i 2 920 0 0 76499 4928
p 2 0 745 175 11298 1130
p 2 0 761 159 15551 1240
p 2 1 865 54 33845 1508
p 2 0 843 77 16661 1365
p 2 0 809 111 16663 1326
p 2 1 878 41 34287 1566
p 2 0 850 70 16629 1383
p 2 0 802 118 16310 1322
p 2 0 870 50 32920 1532
p 2 0 863 57 16685 1398
p 2 0 812 108 16230 1337
p 2 0 873 47 32959 1545
p 2 0 832 88 16612 1371
p 2 0 788 132 16166 1314
p 2 0 876 44 33345 1560
p 2 0 863 57 17016 1413
p 2 0 826 94 17169 1382
p 2 1 868 51 35542 1583
p 2 0 843 77 16896 1398
p 2 0 774 146 16651 1322
p 2 0 873 47 34196 1557
p 2 0 861 59 17214 1440
p 2 0 824 96 17475 1386
p 2 0 875 45 34861 1578
p 2 0 841 79 17108 1386
p 2 0 772 148 16927 1324
p 2 0 865 55 34634 1567
p 2 0 867 53 17262 1434
p 2 0 808 112 17373 1351
p 2 0 876 44 33699 1565
p 2 0 852 68 17079 1410
p 2 0 788 132 16750 1335
p 2 0 874 46 32579 1547
p 2 0 854 66 17156 1401
p 2 0 801 119 16921 1336
p 2 0 873 47 35665 1566
p 2 0 837 83 17047 1394
p 2 0 767 153 16769 1318
p 2 0 863 57 36428 1565
p 2 0 844 76 17613 1414
p 2 0 786 134 17212 1322
p 2 0 861 59 35773 1572
p 2 0 832 88 17630 1376
p 2 0 808 112 17550 1344
p 2 0 866 54 35486 1574
p 2 0 854 66 17773 1419
p 2 0 780 140 17060 1317
p 2 1 870 49 35579 1565
p 2 0 833 87 17575 1386
p 2 0 778 142 17319 1314
p 2 0 874 46 34310 1548
p 2 0 827 93 17711 1362
p 2 0 796 124 17791 1322
p 2 1 870 49 36879 1585
p 2 0 843 77 17854 1373
p 2 0 776 144 17838 1321
p 2 1 871 48 36259 1580
p 2 0 860 60 18565 1425
p 2 0 826 94 18520 1375
p 2 0 885 35 36012 1590
p 2 0 857 63 18497 1416
p 2 0 781 139 18243 1335
p 2 0 873 47 36433 1586
p 2 0 855 65 18788 1423
p 2 0 823 97 18737 1381
p 2 0 886 34 36039 1587
p 2 0 853 67 18235 1415
p 2 0 784 136 18309 1328
p 2 1 887 32 34476 1587
p 2 0 858 62 18868 1429
p 2 0 809 111 18629 1361
p 2 0 879 41 37360 1603
p 2 0 858 62 18368 1424
p 2 0 812 108 18251 1362
p 2 1 879 40 37475 1609
p 2 0 854 66 18652 1434
p 2 0 838 82 18929 1409
p 2 0 881 39 36747 1603
p 2 0 866 54 18416 1424
p 2 0 780 140 18321 1358
p 2 0 889 31 36064 1626
p 2 0 859 61 18658 1444
p 2 0 834 86 18927 1409
p 2 0 881 39 35905 1594
p 2 0 855 65 18511 1439
p 2 0 777 143 18209 1355
p 2 0 884 36 36561 1609
p 2 0 859 61 18560 1449
p 2 0 825 95 18975 1404
p 2 1 877 42 38659 1644
p 2 0 872 48 18768 1465
p 2 0 797 123 18560 1373
p 2 4 879 37 37420 1636
p 2 0 855 65 19125 1465
p 2 0 821 99 19405 1420
p 2 1 880 39 37563 1633
p 2 0 854 66 19130 1448
p 2 0 794 126 18889 1389
p 2 0 878 42 37602 1627
p 2 0 858 62 19349 1467
p 2 0 837 83 19708 1438
p 2 0 883 37 36600 1626
p 2 0 860 60 19404 1455
p 2 0 798 122 18939 1381
p 2 2 881 37 35865 1630
p 2 0 869 51 19486 1474
p 2 0 829 91 19528 1422
p 2 0 887 33 38853 1648
p 2 0 871 49 19400 1486
p 2 0 797 123 19083 1380
p 2 4 879 37 39468 1682
p 2 0 868 52 19549 1479
p 2 0 821 99 19380 1412
p 2 1 884 35 38495 1659
p 2 0 847 73 19466 1458
p 2 0 820 100 19703 1421
p 2 2 880 38 37206 1659
p 2 0 861 59 19544 1447
p 2 0 805 115 19171 1375
p 2 3 882 35 38387 1649
p 2 0 867 53 19873 1464
p 2 0 813 107 19723 1401
p 2 1 877 42 36401 1615
p 2 0 859 61 20039 1462
p 2 0 816 104 20004 1399
p 2 2 890 28 39458 1669
p 2 0 852 68 19724 1455
p 2 0 791 129 19648 1367
p 2 1 885 34 38572 1657
p 2 0 865 55 20012 1477
p 2 0 810 110 20343 1415
p 2 1 887 32 38453 1657
p 2 0 847 73 19772 1451
p 2 0 792 128 19482 1381
p 2 0 876 44 38038 1644
p 2 0 864 56 20147 1482
p 2 0 826 94 19961 1426
p 2 3 883 34 37454 1658
p 2 0 852 68 19394 1457
p 2 0 782 138 19277 1360
p 2 1 880 39 35758 1624
p 2 0 849 71 19707 1449
p 2 0 813 107 19887 1416
p 2 3 877 40 39509 1638
p 2 0 849 71 19885 1463
p 2 0 785 135 19554 1373
p 2 1 883 36 39362 1663
p 2 0 854 66 20191 1463
p 2 0 833 87 20434 1452
p 2 0 877 43 39053 1652
p 2 0 853 67 20123 1462
p 2 0 777 143 19704 1382
p 2 1 890 29 37956 1663
p 2 0 851 69 20377 1476
p 2 0 780 140 19701 1381
p 2 1 883 36 38047 1637
p 2 0 859 61 19988 1465
p 2 0 788 132 19730 1388
p 2 4 878 38 37881 1663
p 2 0 855 65 20207 1456
p 2 0 821 99 20352 1416
p 2 2 891 27 40155 1688
p 2 0 863 57 20224 1466
p 2 0 792 128 19781 1389
p 2 0 883 37 38895 1659
p 2 0 867 53 20495 1493
p 2 0 817 103 20832 1431
p 2 2 894 24 38881 1670
p 2 0 873 47 20632 1481
p 2 0 813 107 20173 1419
p 2 0 888 32 38929 1660
p 2 0 864 56 20024 1484
p 2 0 810 110 18416 1373
i 2 920 0 0 48796 4191
p 2 27 648 245 29713 1508
p 2 7 687 226 22687 1290
p 2 10 486 424 19588 1053
p 2 8 593 319 20797 1172
p 2 6 519 395 19308 1081
p 2 4 609 307 19851 1181
p 2 4 514 402 13732 979
p 2 0 344 576 1422 562
p 2 0 256 664 1093 461
p 2 0 250 670 625 425
p 2 0 164 756 487 337
p 2 4 146 770 1441 364
p 2 0 158 762 587 342
p 2 0 99 821 480 288
p 2 0 57 863 972 271
p 2 0 50 870 334 243
p 2 0 21 899 271 216
p 2 0 40 880 1273 250
p 2 0 35 885 277 227
p 2 0 23 897 236 216
p 2 0 10 910 218 205
p 2 0 14 906 234 210
p 2 0 11 909 271 208
p 2 0 35 885 321 227
p 2 0 36 884 344 228
p 2 33 788 99 44006 1823
p 2 0 772 148 7816 1114
p 2 38 860 22 42950 1987
p 2 0 770 150 6466 1123
p 2 117 802 1 49236 2552
p 2 0 758 162 6005 1182
p 2 88 826 6 49805 2377
p 2 4 753 163 8777 1257
p 2 39 878 3 44495 2117
p 2 4 784 132 8853 1316
p 2 33 879 8 46621 2092
p 2 5 794 121 7719 1311
p 2 29 889 2 43580 2093
p 2 3 798 119 8736 1292
p 2 25 887 8 41128 2001
p 2 2 779 139 9222 1298
p 2 65 852 3 48362 2308
p 2 1 747 172 6676 1205
p 2 74 835 11 47051 2265
p 2 0 762 158 9450 1213
p 2 32 863 25 41178 1944
p 2 0 756 164 8648 1193
p 2 33 829 58 42768 1913
p 2 0 584 336 1913 788
p 2 0 389 531 899 549
p 2 1 313 606 880 478
p 2 0 282 638 683 438
p 2 0 149 771 511 325
p 2 3 187 730 1547 383
p 2 0 119 801 429 296
p 2 0 131 789 477 309
p 2 0 63 857 893 265
p 2 0 41 879 289 234
p 2 0 73 847 315 254
p 2 1 36 883 1145 246
p 2 0 55 865 361 245
p 2 0 35 885 339 229
p 2 0 30 890 274 221
p 2 0 15 905 249 210
p 2 0 17 903 247 210
p 2 0 13 907 233 208
p 2 0 9 911 229 205
p 2 0 14 906 258 208
p 2 0 10 910 276 207
p 2 0 11 909 269 208
p 2 0 16 904 283 210
i 2 920 0 0 63630 4507
p 2 0 761 159 18011 1347
p 2 0 736 184 19579 1338
p 2 0 776 144 20280 1401
p 2 0 756 164 19542 1394
p 2 0 785 135 18641 1423
p 2 0 786 134 18247 1405
p 2 0 794 126 20816 1452
p 2 0 792 128 22031 1460
p 2 4 788 128 22735 1498
p 2 5 787 128 22545 1531
p 2 8 787 125 21002 1550
p 2 7 795 118 22470 1557
p 2 4 811 105 23870 1567
p 2 8 808 104 23562 1566
p 2 4 869 47 20621 1609
p 2 4 828 88 19688 1566
p 2 1 861 58 24265 1642
p 2 2 846 72 23717 1622
p 2 1 853 66 22750 1641
p 2 2 852 66 21704 1649
p 2 4 863 53 25927 1702
p 2 8 860 52 25607 1738
p 2 12 881 27 21570 1763
p 2 3 885 32 25032 1770
p 2 1 885 34 25942 1731
p 2 0 886 34 24348 1759
p 2 4 897 19 23648 1819
p 2 9 884 27 22727 1818
p 2 12 893 15 25318 1826
p 2 7 897 16 27497 1897
p 2 8 904 8 23999 1887
p 2 16 895 9 24832 1919
p 2 3 913 4 23348 1878
p 2 2 916 2 23347 1965
p 2 11 904 5 23943 1940
p 2 18 901 1 25477 2010
p 2 20 897 3 25727 2093
p 2 18 901 1 24471 2066
p 2 20 898 2 24883 2100
p 2 26 894 0 24811 2080
p 2 40 880 0 23925 2080
p 2 25 895 0 23721 2087
p 2 25 895 0 23596 2124
p 2 10 909 1 23142 2085
p 2 11 909 0 22547 2142
p 2 5 915 0 20682 2070
p 2 14 906 0 22886 2212
p 2 17 903 0 23281 2197
p 2 28 892 0 24909 2327
p 2 1 919 0 26219 2194
p 2 67 853 0 27143 2379
p 2 43 877 0 22088 2179
p 2 7 913 0 23490 2093
p 2 1 919 0 22082 1946
p 2 6 914 0 21695 1939
p 2 1 919 0 20736 1910
p 2 32 887 1 22574 2031
p 2 66 854 0 22879 2150
p 2 40 880 0 23808 2099
p 2 34 886 0 23822 2130
p 2 39 881 0 27559 2195
p 2 76 842 2 26117 2286
p 2 71 848 1 30818 2415
p 2 38 882 0 32554 2412
p 2 18 901 1 29861 2229
p 2 30 890 0 32198 2240
p 2 66 854 0 35978 2432
p 2 145 773 2 39285 2800
p 2 156 764 0 46425 2883
p 2 60 860 0 46767 2607
p 2 92 828 0 45527 2662
p 2 71 848 1 47316 2664
p 2 130 788 2 46845 2791
p 2 123 796 1 53971 2923
p 2 111 808 1 55527 2804
p 2 125 795 0 53714 2866
p 2 120 800 0 54020 2881
p 2 83 837 0 47995 2727
p 2 60 853 7 43853 2499
p 2 52 864 4 41755 2414
p 2 129 787 4 44117 2711
p 2 103 815 2 40402 2787
p 2 57 846 17 42515 2548
p 2 144 776 0 46907 2924
p 2 125 786 9 53046 2924
p 2 114 806 0 54944 2887
p 2 103 813 4 57490 2924
p 2 86 834 0 58194 2886
p 2 169 749 2 53644 3054
p 2 174 745 1 60672 3194
p 2 110 808 2 60424 3027
p 2 76 841 3 60385 2929
p 2 139 781 0 57864 3068
p 2 127 793 0 56480 3032
p 2 92 828 0 56330 2900
p 2 87 833 0 55304 2923
p 2 137 783 0 56078 3077
p 2 133 787 0 57729 3129
p 2 90 830 0 58219 3064
p 2 41 879 0 56179 2761
p 2 95 825 0 52221 2803
p 2 129 791 0 51996 2878
p 2 45 870 5 49285 2695
p 2 113 805 2 48019 2805
p 2 77 824 19 46008 2741
p 2 39 858 23 44937 2497
p 2 28 837 55 42735 2353
p 2 45 860 15 42735 2460
p 2 82 813 25 46445 2693
p 2 70 826 24 45999 2637
p 2 89 789 42 43848 2616
p 2 87 823 10 44076 2629
p 2 88 814 18 44491 2662
p 2 94 819 7 46323 2696
p 2 113 793 14 47066 2781
p 2 145 771 4 51566 3064
p 2 94 826 0 55132 2996
p 2 119 800 1 48648 2926
p 2 171 748 1 53565 3176
i 2 920 0 0 43831 4338
p 2 0 831 89 8123 1026
p 2 0 872 48 10309 1043
p 2 0 784 136 10393 988
p 2 0 841 79 10625 1019
p 2 0 816 104 10626 1016
p 2 0 843 77 10884 1048
p 2 0 808 112 10476 1031
p 2 0 853 67 10657 1079
p 2 0 849 71 10188 1056
p 2 0 849 71 11196 1079
p 2 0 836 84 10524 1046
p 2 1 842 77 10681 1075
p 2 2 826 92 10602 1056
p 2 1 859 60 10280 1077
p 2 1 840 79 10198 1053
p 2 0 865 55 10935 1087
p 2 0 870 50 10140 1067
p 2 0 868 52 10129 1082
p 2 0 848 72 9734 1055
p 2 0 850 70 10429 1062
p 2 1 832 87 10733 1053
p 2 0 845 75 10094 1069
p 2 0 849 71 10478 1068
p 2 0 857 63 10727 1089
p 2 0 854 66 10378 1077
p 2 0 867 53 10238 1079
p 2 2 860 58 10616 1094
p 2 0 862 58 10420 1077
p 2 0 855 65 10390 1062
p 2 1 846 73 10431 1073
p 2 0 850 70 9939 1061
p 2 0 874 46 10181 1090
p 2 5 850 65 11096 1120
p 2 0 854 66 10149 1075
p 2 0 872 48 10359 1084
p 2 0 874 46 10855 1109
p 2 0 844 76 10374 1066
p 2 0 855 65 10685 1085
p 2 1 855 64 11692 1119
p 2 0 851 69 10832 1099
p 2 0 841 79 10614 1069
p 2 0 867 53 11812 1114
p 2 0 860 60 10712 1082
p 2 1 883 36 11104 1120
p 2 1 854 65 10628 1101
p 2 0 870 50 11400 1105
p 2 0 847 73 11992 1110
p 2 2 862 56 11713 1130
p 2 0 850 70 11234 1091
p 2 0 876 44 11358 1120
p 2 1 844 75 12142 1125
p 2 0 872 48 11279 1121
p 2 0 859 61 11354 1108
p 2 0 876 44 12057 1150
p 2 0 859 61 11585 1120
p 2 0 876 44 11419 1136
p 2 0 866 54 11548 1142
p 2 0 874 46 11405 1133
p 2 0 875 45 11226 1124
p 2 0 877 43 11079 1113
p 2 0 882 38 11450 1137
p 2 1 876 43 11348 1130
p 2 0 865 55 11410 1129
p 2 0 856 64 11745 1153
p 2 0 858 62 11318 1135
p 2 0 881 39 11306 1147
p 2 0 885 35 11493 1159
p 2 5 866 49 12298 1187
p 2 0 878 42 11362 1140
p 2 0 879 41 11582 1147
p 2 0 875 45 11712 1144
p 2 2 860 58 11662 1168
p 2 0 870 50 11541 1128
p 2 0 869 51 11479 1141
p 2 5 873 42 12392 1181
p 2 0 886 34 11665 1160
p 2 0 881 39 11631 1144
p 2 0 889 31 12336 1182
p 2 2 889 29 11683 1167
p 2 0 899 21 11787 1175
p 2 1 860 59 12431 1151
p 2 0 876 44 11506 1128
p 2 0 878 42 11742 1139
p 2 0 891 29 12215 1181
p 2 0 888 32 11571 1155
p 2 0 895 25 11407 1171
p 2 1 895 24 11783 1185
p 2 0 892 28 11660 1169
p 2 0 891 29 11323 1169
p 2 2 889 29 12120 1196
p 2 0 882 38 11190 1174
p 2 0 895 25 11227 1167
p 2 2 892 26 12235 1207
p 2 0 893 27 11424 1165
p 2 0 903 17 11570 1182
p 2 0 882 38 11981 1189
p 2 0 868 52 11781 1152
p 2 0 900 20 11686 1178
p 2 1 886 33 12660 1187
p 2 0 888 32 11648 1175
p 2 0 889 31 11906 1190
p 2 1 900 19 12118 1199
p 2 0 890 30 11821 1155
p 2 0 898 22 11665 1176
p 2 5 887 28 12831 1195
p 2 0 897 23 11963 1186
p 2 0 895 25 12113 1180
p 2 0 897 23 12453 1200
p 2 0 884 36 11867 1179
p 2 0 900 20 12237 1199
p 2 2 902 16 13337 1225
p 2 0 894 26 12190 1209
p 2 0 896 24 12317 1195
p 2 0 895 25 12110 1184
p 2 0 892 28 12188 1192
p 2 0 897 23 12323 1200
p 2 0 895 25 12355 1203
p 2 0 889 31 12449 1199
p 2 0 882 38 12600 1209
p 2 0 907 13 13179 1244
p 2 0 887 33 12540 1213
p 2 0 900 20 12633 1223
p 2 0 902 18 12576 1232
p 2 0 896 24 12582 1241
i 2 920 0 0 85897 4842
p 2 0 120 800 385 308
p 2 0 65 855 399 253
p 2 0 39 881 320 234
p 2 0 36 884 372 227
p 2 0 30 890 340 223
p 2 0 41 879 732 235
p 2 0 33 887 369 228
p 2 0 44 876 496 237
p 2 0 39 881 715 233
p 2 0 34 886 421 227
p 2 0 37 883 326 232
p 2 1 43 876 647 242
p 2 0 26 894 310 220
p 2 0 32 888 408 225
p 2 0 35 885 609 226
p 2 0 33 887 424 226
p 2 0 20 900 307 211
p 2 0 33 887 755 227
p 2 0 32 888 365 226
p 2 0 38 882 410 229
p 2 0 28 892 616 222
p 2 0 31 889 400 224
p 2 0 36 884 340 230
p 2 0 49 871 769 246
p 2 0 35 885 357 231
p 2 0 35 885 433 231
p 2 1 40 879 583 239
p 2 0 29 891 372 222
p 2 0 20 900 255 214
p 2 0 23 897 620 217
p 2 0 25 895 266 216
p 2 0 30 890 349 223
p 2 0 18 902 566 213
p 2 0 30 890 376 222
p 2 0 24 896 287 217
p 2 0 31 889 697 224
p 2 0 27 893 324 221
p 2 0 35 885 447 226
p 2 0 35 885 685 229
p 2 0 36 884 454 228
p 2 0 30 890 355 220
p 2 0 29 891 717 224
p 2 0 27 893 348 223
p 2 0 32 888 394 225
p 2 1 24 895 501 224
p 2 0 34 886 379 225
p 2 0 24 896 292 216
p 2 0 37 883 685 230
p 2 0 32 888 326 224
p 2 0 26 894 393 217
p 2 0 29 891 638 222
p 2 0 24 896 396 219
p 2 0 25 895 305 219
p 2 1 25 894 636 226
p 2 0 28 892 306 222
p 2 0 27 893 406 221
p 2 5 279 636 23130 788
p 2 0 206 714 1173 416
p 2 0 81 839 453 271
p 2 5 290 625 22560 788
p 2 0 225 695 1113 441
p 2 0 139 781 663 329
p 2 4 267 649 21845 768
p 2 0 206 714 1121 419
p 2 0 75 845 408 267
p 2 5 252 663 20930 742
p 2 0 218 702 1093 430
p 2 0 182 738 1137 380
p 2 0 64 856 406 254
p 2 1 96 823 748 292
p 2 0 85 835 520 277
p 2 0 120 800 933 311
p 2 0 88 832 545 282
p 2 0 61 859 529 252
p 2 0 66 854 486 259
p 2 0 91 829 624 282
p 2 0 42 878 373 236
p 2 0 58 862 674 250
p 2 0 45 875 350 238
p 2 13 205 702 16890 635
p 2 0 113 807 694 309
p 2 5 183 732 15752 557
p 2 0 159 761 851 359
p 2 3 205 712 15296 571
p 2 0 131 789 750 337
p 2 1 196 723 12506 515
p 2 0 162 758 1081 369
p 2 2 221 697 13386 553
p 2 0 141 779 743 340
p 2 0 89 831 668 278
p 2 0 67 853 407 260
p 2 0 103 817 485 290
p 2 0 45 875 564 239
p 2 0 57 863 360 249
p 2 0 49 871 332 239
p 2 1 105 814 650 302
p 2 0 63 857 381 254
p 2 0 60 860 362 248
p 2 0 73 847 628 261
p 2 0 86 834 484 275
p 2 0 52 868 419 245
p 2 0 57 863 610 247
p 2 0 56 864 424 246
p 2 0 55 865 439 247
p 2 0 46 874 640 240
p 2 0 49 871 402 243
p 2 0 39 881 390 233
p 2 1 45 874 523 245
p 2 0 37 883 310 229
p 2 0 31 889 293 222
p 2 0 29 891 522 220
p 2 0 42 878 366 236
p 2 0 21 899 305 215
p 2 0 28 892 554 225
p 2 0 26 894 327 222
p 2 0 34 886 326 229
p 2 0 26 894 533 222
p 2 0 26 894 305 222
p 2 0 30 890 337 225
p 2 0 57 863 610 251
p 2 0 51 869 408 244
p 2 0 50 870 375 243
p 2 1 56 863 526 254
p 2 0 45 875 322 235
p 2 0 21 899 258 215
p 2 0 27 893 482 219
p 2 0 25 895 266 218
p 2 0 29 891 263 220
p 2 0 21 899 495 217
p 2 0 28 892 281 222
p 2 0 21 899 283 216
p 2 0 43 877 546 237
p 2 0 31 889 336 223
p 2 0 33 887 357 226
p 2 0 30 890 570 225
p 2 0 40 880 375 233
p 2 0 38 882 374 230
p 2 1 35 884 492 235
p 2 0 28 892 305 222
p 2 0 22 898 292 218
p 2 0 20 900 514 216
p 2 0 24 896 286 218
p 2 0 24 896 299 220
p 2 1 36 883 495 235
p 2 0 34 886 348 226
p 2 0 27 893 326 221
p 2 0 28 892 556 223
p 2 0 32 888 319 225
p 2 0 31 889 315 224
p 2 0 30 890 551 226
p 2 0 29 891 338 225
p 2 0 25 895 339 222
p 2 0 24 896 568 222
p 2 0 27 893 299 220
p 2 0 23 897 289 218
p 2 0 18 902 251 212
p 2 0 17 903 249 211
p 2 0 14 906 237 208
p 2 0 11 909 235 207
p 2 0 8 912 222 204
p 2 0 10 910 233 205
p 2 0 15 905 455 211
p 2 0 19 901 281 214
p 2 1 22 897 461 224
p 2 0 23 897 343 218
p 2 0 28 892 347 220
p 2 0 26 894 345 219
i 2 920 0 0 56755 3876
p 2 10 910 0 20329 1557
p 2 3 917 0 18251 1439
p 2 2 918 0 15591 1411
p 2 1 919 0 13510 1338
p 2 1 919 0 10999 1351
p 2 2 918 0 15355 1366
p 2 0 920 0 18763 1491
p 2 2 918 0 20613 1488
p 2 1 919 0 20075 1499
p 2 2 918 0 20545 1502
p 2 2 918 0 20294 1474
p 2 0 920 0 21713 1524
p 2 1 919 0 21457 1587
p 2 0 920 0 21717 1589
p 2 2 918 0 21033 1581
p 2 3 917 0 21323 1541
p 2 5 915 0 21788 1561
p 2 6 914 0 21016 1551
p 2 4 916 0 20455 1529
p 2 5 915 0 18810 1517
p 2 10 910 0 18803 1522
p 2 8 912 0 17218 1533
p 2 9 911 0 17371 1553
p 2 8 912 0 17352 1539
p 2 11 909 0 16047 1541
p 2 10 910 0 16188 1548
p 2 12 908 0 15956 1560
p 2 10 910 0 15003 1543
p 2 7 913 0 15829 1537
p 2 6 914 0 15479 1530
p 2 8 912 0 16375 1546
p 2 11 909 0 16065 1568
p 2 15 905 0 17161 1595
p 2 10 910 0 17849 1589
p 2 8 912 0 18493 1567
p 2 6 914 0 19137 1565
p 2 6 914 0 20328 1580
p 2 7 913 0 20907 1597
p 2 7 913 0 22082 1615
p 2 6 914 0 22156 1637
p 2 6 914 0 24015 1699
p 2 13 907 0 24478 1705
p 2 15 905 0 24441 1716
p 2 10 910 0 24058 1768
p 2 14 906 0 24239 1823
p 2 12 908 0 22559 1803
p 2 13 907 0 23572 1801
p 2 9 911 0 23098 1766
p 2 11 909 0 22719 1751
p 2 12 908 0 24007 1758
p 2 9 911 0 22957 1744
p 2 4 916 0 23676 1694
p 2 7 913 0 23049 1707
p 2 5 915 0 22517 1687
p 2 4 916 0 22332 1679
p 2 2 918 0 21635 1668
p 2 2 918 0 21586 1660
p 2 2 918 0 21086 1676
p 2 0 920 0 21268 1636
p 2 1 919 0 21473 1648
p 2 3 917 0 20929 1638
p 2 2 918 0 21703 1656
p 2 7 913 0 21005 1673
p 2 3 917 0 19085 1664
p 2 2 918 0 19189 1645
p 2 4 916 0 16575 1552
p 2 5 915 0 16262 1527
p 2 2 918 0 16041 1513
p 2 6 914 0 14956 1513
p 2 3 917 0 12684 1515
p 2 1 919 0 12099 1495
p 2 5 915 0 8886 1443
p 2 7 913 0 8428 1421
p 2 6 914 0 8127 1311
p 2 3 917 0 10009 1311
p 2 6 914 0 14073 1447
p 2 3 917 0 16482 1540
p 2 3 917 0 17915 1614
p 2 6 914 0 17131 1640
p 2 13 907 0 17380 1605
p 2 10 910 0 17652 1584
p 2 10 910 0 17560 1600
p 2 8 912 0 17219 1600
p 2 11 909 0 16512 1595
p 2 16 904 0 15852 1579
p 2 10 910 0 15679 1546
p 2 8 912 0 15653 1540
p 2 7 913 0 15051 1559
p 2 5 915 0 13963 1508
p 2 9 911 0 12844 1514
p 2 6 914 0 11952 1469
p 2 6 914 0 11159 1462
p 2 5 915 0 9375 1442
p 2 4 916 0 8114 1423
p 2 4 916 0 7558 1396
p 2 3 917 0 9160 1419
p 2 4 916 0 11740 1496
p 2 3 917 0 11352 1488
p 2 1 919 0 11902 1522
p 2 4 916 0 12024 1504
p 2 3 917 0 12105 1525
p 2 1 919 0 12361 1492
p 2 1 919 0 13229 1528
p 2 1 919 0 13315 1495
p 2 0 920 0 11632 1468
p 2 0 920 0 11749 1473
p 2 0 920 0 8306 1400
p 2 0 920 0 6871 1315
p 2 0 920 0 5064 1233
p 2 0 920 0 3999 1180
p 2 0 920 0 7256 1345
p 2 0 920 0 11463 1532
p 2 0 920 0 10936 1462
p 2 0 920 0 11011 1544
p 2 0 920 0 11673 1545
p 2 0 920 0 11974 1556
p 2 0 920 0 12844 1527
p 2 0 920 0 11071 1538
p 2 0 920 0 10877 1504
p 2 0 920 0 8247 1455
p 2 0 920 0 5860 1393
p 2 0 920 0 6838 1411
p 2 0 920 0 11059 1502
p 2 0 920 0 11582 1500
p 2 0 920 0 10707 1505
p 2 0 920 0 11872 1491
p 2 0 920 0 13262 1514
p 2 0 920 0 8932 1413
p 2 0 920 0 7082 1318
p 2 0 920 0 4450 1234
p 2 0 920 0 4643 1238
p 2 0 920 0 11285 1442
p 2 0 920 0 12589 1469
p 2 0 920 0 11355 1482
p 2 0 920 0 11995 1441
p 2 0 920 0 9166 1437
p 2 0 918 2 6911 1359
p 2 0 920 0 5402 1303
p 2 0 919 1 10675 1434
p 2 0 904 16 10657 1405
p 2 0 886 34 11383 1390
p 2 0 854 66 7952 1221
i 2 920 0 0 84335 5001
p 2 0 114 806 374 303
p 2 0 50 870 270 243
p 2 118 386 416 52535 1972
p 2 0 313 607 1395 540
p 2 0 114 806 461 303
p 2 81 458 381 55640 1900
p 2 0 339 581 1595 575
p 2 0 154 766 609 348
p 2 58 490 372 55802 1750
p 2 0 384 536 1722 618
p 2 0 173 747 627 362
p 2 94 524 302 61247 2029
p 2 0 385 535 1724 632
p 2 0 189 731 681 379
p 2 26 318 576 17502 836
p 2 0 163 757 673 356
p 2 0 166 754 600 351
p 2 24 283 613 20375 835
p 2 0 262 658 1116 466
p 2 0 73 847 368 263
p 2 24 241 655 21294 806
p 2 0 219 701 916 421
p 2 0 146 774 556 331
p 2 0 140 780 590 326
p 2 0 56 864 328 247
p 2 0 78 842 794 275
p 2 0 69 851 381 260
p 2 1 84 835 552 283
p 2 0 30 890 273 225
p 2 0 53 867 602 245
p 2 0 42 878 300 232
p 2 0 73 847 421 264
p 2 0 37 883 763 233
p 2 0 67 853 380 256
p 2 0 32 888 281 225
p 2 0 137 783 965 330
p 2 0 63 857 344 249
p 2 0 64 856 346 254
p 2 0 68 852 845 261
p 2 0 60 860 355 252
p 2 0 34 886 260 222
p 2 1 44 875 542 245
p 2 0 26 894 258 218
p 2 0 32 888 272 222
p 2 0 15 905 662 210
p 2 0 20 900 242 214
p 2 0 13 907 225 207
p 2 0 20 900 643 219
p 2 0 12 908 231 208
p 2 0 10 910 220 203
p 2 0 13 907 704 214
p 2 0 35 885 303 228
p 2 0 19 901 243 212
p 2 1 9 910 464 218
p 2 0 6 914 215 201
p 2 0 8 912 216 204
p 2 0 9 911 645 209
p 2 0 9 911 215 203
p 2 0 4 916 208 201
p 2 1 25 894 488 230
p 2 0 20 900 242 214
p 2 0 7 913 214 204
p 2 0 7 913 636 205
p 2 0 15 905 235 210
p 2 0 13 907 233 207
p 2 0 15 905 622 214
p 2 0 8 912 218 204
p 2 0 5 915 210 201
p 2 0 8 912 698 210
p 2 0 10 910 232 204
p 2 0 9 911 219 205
p 2 0 4 916 207 201
p 2 0 1 919 200 199
p 2 0 1 919 199 198
p 2 0 2 918 201 199
p 2 0 2 918 202 199
p 2 0 2 918 204 199
p 2 0 6 914 636 207
p 2 0 7 913 220 204
p 2 1 17 902 370 220
p 2 0 4 916 206 200
p 2 0 22 898 252 215
p 2 0 0 920 197 197
p 2 9 177 734 19061 643
p 2 0 135 785 819 347
p 2 0 62 858 376 256
p 2 9 185 726 17764 644
p 2 0 139 781 735 340
p 2 0 54 866 341 249
p 2 18 154 748 18407 652
p 2 0 132 788 734 340
p 2 0 78 842 421 274
p 2 12 160 748 15410 575
p 2 0 121 799 709 329
p 2 0 42 878 304 236
p 2 9 152 759 15627 563
p 2 0 135 785 741 339
p 2 0 89 831 453 281
p 2 0 47 873 316 240
p 2 0 48 872 312 239
p 2 0 14 906 228 209
p 2 0 15 905 235 209
p 2 0 19 901 249 214
p 2 0 25 895 286 220
p 2 0 12 908 231 207
p 2 0 16 904 245 210
p 2 0 9 911 214 203
p 2 52 349 519 30246 1262
p 2 0 234 686 1103 450
p 2 35 318 567 23602 1030
p 2 0 272 648 1208 490
p 2 26 347 547 22044 1033
p 2 0 235 685 1115 453
p 2 22 330 568 25796 987
p 2 0 283 637 1227 496
p 2 0 181 739 718 366
p 2 0 104 816 792 294
p 2 0 75 845 382 262
p 2 0 56 864 323 248
p 2 0 87 833 741 281
p 2 0 55 865 333 245
p 2 0 29 891 267 222
p 2 0 27 893 615 222
p 2 0 47 873 335 239
p 2 0 37 883 282 228
p 2 1 21 898 429 226
p 2 0 11 909 221 207
p 2 0 11 909 221 206
p 2 1 8 911 643 217
p 2 0 18 902 250 212
p 2 0 11 909 224 206
p 2 0 56 864 665 252
p 2 0 26 894 267 219
p 2 0 40 880 299 230
p 2 0 35 885 645 231
p 2 0 18 902 247 212
p 2 0 9 911 217 204
p 2 1 12 907 408 217
p 2 0 11 909 225 206
p 2 0 11 909 225 206
p 2 1 5 914 637 213
p 2 0 23 897 251 217
p 2 0 4 916 207 200
p 2 63 159 698 27660 1067
p 2 0 147 773 780 354
p 2 0 51 869 337 244
p 2 57 205 658 27172 1055
p 2 0 140 780 754 350
p 2 0 88 832 426 279
p 2 81 199 640 26785 1161
p 2 0 136 784 698 345
p 2 0 72 848 401 267
p 2 71 193 656 27157 1120
p 2 0 160 760 789 370
p 2 0 87 833 427 279
p 2 130 386 404 52519 1932
p 2 0 311 609 1430 539
p 2 0 126 794 525 317
p 2 137 413 370 56095 2121
p 2 0 318 602 1529 551
p 2 0 124 796 537 317
p 2 130 417 373 55340 2080
p 2 0 330 590 1476 559
p 2 0 136 784 543 327
p 2 169 398 353 54424 2226
p 2 0 316 604 1379 542
i 2 920 0 0 45279 4022
p 2 0 143 777 371 320
p 2 0 125 795 330 306
p 2 0 64 856 820 257
p 2 0 68 852 290 255
p 2 0 31 889 234 222
p 2 11 48 861 3131 315
p 2 0 20 900 241 215
p 2 0 21 899 228 214
p 2 25 95 800 9707 514
p 2 0 82 838 542 281
p 2 0 33 887 274 227
p 2 32 111 777 15073 693
p 2 24 330 566 25313 1079
p 2 0 223 697 1073 443
p 2 88 333 499 35843 1575
p 2 0 238 682 1139 472
p 2 18 323 579 23651 1002
p 2 0 223 697 1088 445
p 2 7 305 608 20153 856
p 2 0 235 685 1122 451
p 2 18 417 485 33779 1284
p 2 0 320 600 1461 556
p 2 0 125 795 549 320
p 2 18 292 610 19219 861
p 2 0 218 702 1037 428
p 2 17 151 752 5984 564
p 2 8 221 691 14871 655
p 2 19 249 652 7063 701
p 2 0 136 784 637 334
p 2 54 229 637 21604 1057
p 2 0 183 737 969 395
p 2 8 184 728 5368 552
p 2 39 179 702 11873 742
p 2 0 177 743 4134 501
p 2 0 96 824 519 300
p 2 17 342 561 23977 1117
p 2 0 263 657 1113 481
p 2 16 332 572 20391 991
p 2 0 241 679 1034 450
p 2 12 324 584 20023 935
p 2 0 233 687 985 451
p 2 17 292 611 21892 929
p 2 0 196 724 946 415
p 2 2 131 787 1883 358
p 2 1 106 813 3949 341
p 2 5 149 766 1841 409
p 2 0 91 829 436 291
p 2 13 126 781 5054 442
p 2 0 70 850 428 267
p 2 3 67 850 2032 304
p 2 1 90 829 3807 323
p 2 2 103 815 1756 332
p 2 0 64 856 381 260
p 2 6 89 825 4484 389
p 2 0 52 868 369 253
p 2 12 34 874 1898 300
p 2 1 47 872 3718 285
p 2 3 71 846 2146 310
p 2 0 48 872 342 242
p 2 3 67 850 4470 347
p 2 0 40 880 369 238
p 2 3 35 882 1942 275
p 2 1 48 871 3704 287
p 2 2 61 857 819 292
p 2 0 26 894 250 220
p 2 7 44 869 4272 329
p 2 0 36 884 345 233
p 2 2 59 859 1671 290
p 2 1 47 872 3689 284
p 2 3 59 858 2099 300
p 2 0 25 895 268 219
p 2 3 64 853 4507 346
p 2 0 43 877 350 242
p 2 5 39 876 1476 297
p 2 1 43 876 3696 285
p 2 6 34 880 1419 271
p 2 0 17 903 253 213
p 2 3 63 854 4539 346
p 2 0 43 877 354 245
p 2 3 41 876 1947 283
p 2 1 45 874 3672 282
p 2 2 57 861 812 281
p 2 0 26 894 253 219
p 2 13 43 864 4792 358
p 2 0 33 887 306 229
p 2 3 35 882 1995 272
p 2 1 44 875 3667 281
p 2 2 53 865 1615 285
p 2 0 25 895 270 220
p 2 4 54 862 4878 341
p 2 0 34 886 323 232
p 2 2 24 894 676 251
p 2 1 41 878 3648 275
p 2 6 32 882 1405 270
p 2 0 22 898 248 215
p 2 3 63 854 4487 344
p 2 0 40 880 342 239
p 2 3 42 875 1954 281
p 2 1 47 872 3721 285
p 2 2 53 865 1624 290
p 2 0 24 896 264 218
p 2 6 55 859 4422 356
p 2 0 43 877 348 245
p 2 12 15 893 1847 282
p 2 1 37 882 3680 274
p 2 3 42 875 1995 284
p 2 0 24 896 259 218
p 2 3 57 860 4434 338
p 2 0 35 885 326 233
p 2 5 27 888 1441 281
p 2 1 42 877 3694 283
p 2 12 34 874 1940 302
p 2 0 21 899 253 216
p 2 4 53 863 4863 342
p 2 0 35 885 320 233
p 2 2 29 889 1470 261
p 2 1 44 875 3672 282
p 2 3 47 870 2027 291
p 2 0 22 898 256 216
p 2 3 46 871 3622 319
p 2 0 29 891 306 228
p 2 6 20 894 1331 258
p 2 1 30 889 3633 267
p 2 2 52 866 1625 288
p 2 0 21 899 256 217
p 2 4 55 861 4897 344
p 2 0 33 887 320 231
p 2 2 34 884 1568 269
p 2 1 46 873 3719 283
p 2 5 46 869 1511 306
p 2 0 22 898 258 226
p 2 13 38 869 4779 355
p 2 0 31 889 328 230
p 2 3 27 890 1974 264
p 2 1 41 878 3661 277
p 2 2 44 874 1632 279
p 2 0 19 901 248 214
p 2 6 48 866 4373 351
p 2 0 31 889 301 234
p 2 12 19 889 1839 286
p 2 1 38 881 3678 275
p 2 3 44 873 2003 288
p 2 0 27 893 265 221
p 2 3 51 866 4498 335
p 2 0 37 883 338 235
p 2 0 16 904 232 210
p 2 1 28 891 3687 266
p 2 0 21 899 297 220
p 2 0 6 914 214 203
p 2 4 50 866 4842 340
p 2 0 34 886 327 233
p 2 2 24 894 668 251
p 2 1 35 884 3640 271
p 2 0 29 891 302 226
p 2 0 14 906 224 209
p 2 53 191 676 22540 1000
p 2 0 159 761 789 366
p 2 10 237 673 19607 807
p 2 0 175 745 815 386
p 2 13 229 678 18883 811
p 2 0 166 754 810 377
p 2 3 94 823 1222 304
p 2 0 32 888 282 227
p 2 2 68 850 1632 287
p 2 0 56 864 346 247
p 2 2 68 850 1478 291
p 2 0 21 899 239 215
p 2 7 42 871 1514 282
p 2 0 42 878 306 235
p 2 0 54 866 1523 264
p 2 0 21 899 262 217
p 2 2 28 890 1491 248
p 2 0 21 899 261 216
p 2 3 36 881 1402 260
p 2 0 20 900 243 214
p 2 7 28 885 1485 268
p 2 0 13 907 231 208
p 2 0 36 884 1479 249
p 2 0 25 895 278 220
p 2 2 26 892 1483 245
p 2 0 15 905 244 212
p 2 0 20 900 1428 231
p 2 0 22 898 277 221
p 2 0 21 899 955 231
p 2 0 16 904 247 216
p 2 3 13 904 1015 230
p 2 0 3 917 202 199
p 2 2 19 899 1481 239
p 2 0 15 905 237 209
p 2 0 19 901 1425 230
p 2 0 12 908 243 210
p 2 2 29 889 1499 249
p 2 0 19 901 253 216
p 2 3 17 900 1350 243
p 2 0 11 909 234 208
p 2 7 12 901 1454 254
p 2 0 7 913 214 204
p 2 3 15 902 1337 240
p 2 0 14 906 238 211
p 2 7 11 902 1452 253
p 2 0 11 909 233 208
p 2 0 18 902 1426 230
p 2 0 16 904 244 213
p 2 2 15 903 1466 238
p 2 0 15 905 245 212
p 2 0 6 914 210 203
p 2 0 2 918 201 200
p 2 0 0 920 197 197
p 2 0 1 919 198 198
p 2 0 1 919 201 198
p 2 0 0 920 197 197
p 2 0 17 903 1422 230
p 2 0 14 906 246 213
p 2 0 15 905 1000 226
p 2 0 13 907 230 209
p 2 1 10 909 271 216
p 2 0 9 911 208 206
p 2 42 182 696 22642 935
p 2 0 148 772 813 363
p 2 14 233 673 20534 844
p 2 0 177 743 892 395
p 2 23 246 651 23130 917
p 2 0 193 727 961 410
p 2 15 187 718 11396 624
p 2 0 109 811 600 310
p 2 28 141 751 10094 615
p 2 0 104 816 536 300
p 2 28 129 763 11271 608
p 2 0 89 831 547 288
p 2 21 122 777 10603 575
p 2 0 84 836 536 291
p 2 14 126 780 11077 558
p 2 0 102 818 528 295
p 2 27 103 790 9960 570
p 2 0 82 838 500 278
p 2 27 120 773 11195 596
p 2 0 85 835 542 286
p 2 21 108 791 10521 556
p 2 0 77 843 515 282
p 2 14 126 780 10997 559
p 2 0 83 837 546 285
p 2 22 106 792 10566 560
p 2 0 75 845 502 275
p 2 17 102 801 10070 538
p 2 0 84 836 506 286
p 2 25 85 810 10320 537
p 2 0 66 854 451 263
p 2 15 105 800 10968 546
p 2 0 76 844 511 277
p 2 21 425 474 11768 902
p 2 0 198 722 787 392
p 2 14 153 753 11064 589
p 2 0 102 818 572 305
p 2 27 118 775 9979 584
p 2 0 90 830 499 291
p 2 27 119 774 11131 590
p 2 0 78 842 538 279
p 2 21 124 775 10503 566
p 2 0 72 848 481 277
p 2 14 120 786 10931 550
p 2 0 87 833 563 288
p 2 28 109 783 9948 576
p 2 0 86 834 484 285
p 2 27 111 782 11132 580
p 2 0 80 840 526 282
p 2 21 105 794 10511 552
p 2 0 95 825 509 290
p 2 14 117 789 10944 549
p 2 0 88 832 516 285
p 2 21 97 802 10452 546
p 2 0 75 845 494 275
p 2 16 96 808 10129 526
p 2 0 80 840 467 282
p 2 24 88 808 10279 539
p 2 0 77 843 516 283
p 2 15 110 795 10902 547
p 2 0 75 845 489 275
p 2 22 97 801 10535 544
p 2 0 64 856 440 264
p 2 14 107 799 10873 539
p 2 0 73 847 492 276
p 2 27 93 800 9903 558
p 2 0 82 838 497 283
p 2 27 89 804 11132 564
p 2 0 70 850 480 271
p 2 22 97 801 10501 550
p 2 0 84 836 497 280
p 2 14 112 794 10850 540
p 2 0 75 845 509 279
p 2 17 75 828 9240 477
p 2 0 64 856 463 265
p 2 12 78 830 9640 475
i 2 920 0 0 97214 5267
p 2 0 106 814 386 297
p 2 8 263 649 23714 760
p 2 0 181 739 916 391
p 2 12 232 676 23336 747
p 2 0 228 692 1009 435
p 2 6 265 649 22888 747
p 2 0 167 753 862 369
p 2 10 245 665 22197 743
p 2 0 221 699 995 429
p 2 0 162 758 1074 357
p 2 0 86 834 415 274
p 2 0 75 845 699 268
p 2 0 30 890 266 222
p 2 0 38 882 292 228
p 2 0 41 879 648 235
p 2 0 45 875 329 239
p 2 0 31 889 284 223
p 2 0 31 889 654 226
p 2 0 26 894 268 218
p 2 0 60 860 375 249
p 2 0 29 891 553 226
p 2 0 28 892 267 218
p 2 0 28 892 257 218
p 2 1 127 792 964 330
p 2 0 66 854 366 258
p 2 0 61 859 345 251
p 2 0 63 857 647 258
p 2 0 57 863 345 251
p 2 0 40 880 297 233
p 2 1 20 899 637 225
p 2 0 9 911 221 205
p 2 0 8 912 220 203
p 2 0 7 913 588 206
p 2 0 3 917 206 200
p 2 0 3 917 204 200
p 2 0 12 908 595 209
p 2 0 6 914 210 202
p 2 0 11 909 219 206
p 2 0 9 911 216 204
p 2 3 13 904 1480 235
p 2 32 49 839 7313 473
p 2 55 76 789 14112 687
p 2 56 76 788 14955 700
p 2 50 116 754 16043 720
p 2 0 92 828 554 288
p 2 24 94 802 12962 522
p 2 0 82 838 498 278
p 2 2 246 672 17802 695
p 2 40 233 647 15263 789
p 2 0 129 791 640 329
p 2 2 436 482 36059 1050
p 2 50 404 466 15396 1026
p 2 0 205 715 867 398
p 2 3 401 516 33386 976
p 2 25 380 515 14218 853
p 2 0 231 689 963 428
p 2 1 267 652 20204 645
p 2 41 348 531 15667 914
p 2 0 162 758 759 358
p 2 3 292 625 21154 721
p 2 53 296 571 14537 899
p 2 0 268 652 1152 470
p 2 0 75 845 403 268
p 2 24 182 714 13280 610
p 2 0 193 727 838 383
p 2 0 179 741 745 367
p 2 42 231 647 14966 783
p 2 0 129 791 655 325
p 2 0 37 883 305 231
p 2 50 108 762 13908 681
p 2 0 83 837 482 282
p 2 0 138 782 616 329
p 2 26 189 705 13188 627
p 2 0 131 789 666 326
p 2 0 102 818 470 292
p 2 41 153 726 14685 694
p 2 0 111 809 595 308
p 2 0 62 858 364 251
p 2 51 107 762 13854 688
p 2 0 87 833 508 285
p 2 0 24 896 260 216
p 2 24 90 806 13004 520
p 2 0 88 832 528 288
p 2 0 45 875 294 236
p 2 41 96 783 14537 641
p 2 0 78 842 495 278
p 2 0 32 888 282 225
p 2 51 68 801 13746 649
p 2 0 60 860 427 259
p 2 0 29 891 287 227
p 2 25 88 807 12966 528
p 2 0 77 843 496 276
p 2 0 24 896 255 217
p 2 41 78 801 14492 624
p 2 0 60 860 478 261
p 2 0 54 866 336 243
p 2 50 98 772 13849 672
p 2 0 85 835 488 284
p 2 0 44 876 328 239
p 2 24 99 797 13042 531
p 2 0 88 832 533 287
p 2 0 46 874 308 239
p 2 41 88 791 14514 638
p 2 0 69 851 529 271
p 2 0 32 888 293 227
p 2 52 82 786 13721 661
p 2 0 57 863 423 258
p 2 0 39 881 308 233
p 2 25 80 815 12948 518
p 2 0 67 853 487 272
p 2 0 22 898 249 216
p 2 41 65 814 14456 614
p 2 0 63 857 483 267
p 2 0 32 888 287 223
p 2 53 73 794 13693 659
p 2 0 65 855 448 265
p 2 0 22 898 252 216
p 2 25 82 813 12932 518
p 2 0 69 851 471 271
p 2 0 50 870 301 239
p 2 41 98 781 14501 645
p 2 0 87 833 507 283
p 2 0 37 883 304 230
p 2 52 88 780 13730 666
p 2 0 65 855 458 264
p 2 0 42 878 309 237
p 2 25 79 816 12921 516
p 2 0 68 852 473 268
p 2 0 40 880 310 233
p 2 40 84 796 14485 627
p 2 0 72 848 490 273
p 2 0 30 890 281 224
p 2 52 69 799 13677 649
p 2 0 54 866 429 257
p 2 0 21 899 256 216
p 2 25 74 821 12914 509
p 2 0 61 859 457 263
p 2 0 38 882 283 229
p 2 41 79 800 14459 623
p 2 0 66 854 463 267
p 2 0 19 901 260 216
p 2 52 60 808 13688 644
p 2 0 57 863 423 259
p 2 0 26 894 266 221
p 2 25 83 812 12945 521
p 2 0 77 843 499 276
p 2 0 40 880 326 236
p 2 41 72 807 14415 621
p 2 0 68 852 475 270
p 2 0 25 895 271 219
p 2 52 67 801 13686 648
p 2 0 52 868 432 253
p 2 0 18 902 248 213
p 2 24 74 822 13008 506
p 2 0 67 853 476 270
p 2 0 24 896 260 221
p 2 42 73 805 14442 622
p 2 0 60 860 456 264
p 2 0 30 890 273 224
p 2 51 66 803 13711 642
p 2 0 45 875 394 246
p 2 0 20 900 256 215
p 2 25 72 823 12904 508
p 2 0 75 845 482 273
p 2 0 21 899 250 215
p 2 41 67 812 14482 613
p 2 0 62 858 477 265
p 2 0 32 888 285 225
p 2 53 72 795 13681 658
p 2 0 56 864 431 254
p 2 0 32 888 294 227
p 2 25 92 803 13000 527
p 2 0 68 852 486 266
p 2 0 29 891 265 221
p 2 36 80 804 12088 587
p 2 0 77 843 499 282
p 2 7 103 810 10106 461
p 2 0 89 831 865 301
p 2 0 82 838 1166 291
p 2 14 105 801 9230 499
p 2 0 88 832 1541 299
p 2 0 111 809 2280 328
p 2 1 114 805 3223 333
p 2 0 84 836 2541 304
p 2 0 88 832 2784 305
p 2 2 120 798 6145 376
p 2 0 114 806 2726 335
p 2 0 97 823 4728 347
p 2 1 104 815 3634 337
p 2 4 107 809 5803 374
p 2 0 117 803 2983 339
p 2 2 95 823 3632 332
p 2 0 114 806 2744 331
p 2 0 106 814 2752 323
p 2 1 88 831 3613 317
p 2 0 81 839 2756 305
p 2 0 79 841 2741 300
p 2 2 59 859 3095 292
p 2 0 73 847 2032 281
p 2 0 63 857 1986 275
p 2 1 57 862 2749 275
p 2 0 58 862 1117 263
p 2 0 49 871 626 247
p 2 2 33 885 1401 246
p 2 0 53 867 880 250
p 2 0 55 865 1694 263
p 2 1 69 850 3095 295
p 2 0 62 858 2339 274
p 2 0 59 861 2498 281
p 2 2 58 860 3270 292
p 2 0 60 860 2508 282
p 2 0 60 860 2601 281
p 2 0 65 855 3416 290
p 2 0 62 858 2730 284
i 2 920 0 0 30217 4077
p 2 3 847 70 9557 1384
p 2 9 844 67 14415 1543
p 2 0 823 97 10169 1346
p 2 1 864 55 11569 1417
p 2 0 787 133 9119 1269
p 2 2 844 74 12967 1373
p 2 0 810 110 9687 1292
p 2 5 807 108 14824 1451
p 2 3 838 79 11062 1342
p 2 8 811 101 14948 1486
p 2 0 854 66 9607 1281
p 2 4 836 80 15601 1433
p 2 0 843 77 9719 1250
p 2 4 843 73 16559 1442
p 2 0 860 60 11163 1297
p 2 5 846 69 18476 1531
p 2 0 842 78 11346 1329
p 2 5 864 51 18713 1524
p 2 0 845 75 11405 1324
p 2 8 860 52 19229 1554
p 2 0 830 90 11846 1313
p 2 1 865 54 16566 1460
p 2 0 846 74 10996 1333
p 2 5 864 51 18039 1529
p 2 0 867 53 11690 1379
p 2 0 889 31 11334 1368
p 2 2 844 74 19292 1527
p 2 0 876 44 12149 1413
p 2 0 887 33 12517 1392
p 2 7 884 29 19159 1591
p 2 0 836 84 13421 1393
p 2 0 884 36 13544 1439
p 2 6 856 58 23136 1645
p 2 0 889 31 14560 1498
p 2 1 875 44 14274 1443
p 2 9 874 37 25935 1789
p 2 1 828 91 15411 1508
p 2 0 880 40 18072 1579
p 2 6 830 84 22770 1694
p 2 36 824 60 17277 1706
p 2 0 844 76 14259 1470
p 2 47 819 54 25535 1959
p 2 3 874 43 14212 1491
p 2 2 895 23 20384 1674
p 2 6 857 57 19141 1651
p 2 0 894 26 20784 1674
p 2 0 874 46 15414 1526
p 2 6 873 41 19767 1670
p 2 3 887 30 14798 1560
p 2 0 876 44 14531 1539
p 2 4 876 40 19185 1632
p 2 0 895 25 14362 1541
p 2 0 871 49 14811 1493
p 2 4 872 44 17510 1582
p 2 0 866 54 14366 1487
p 2 0 900 20 14326 1523
p 2 3 854 63 18301 1573
p 2 0 886 34 14675 1522
p 2 0 859 61 14679 1479
p 2 8 873 39 20140 1680
p 2 0 875 45 14532 1496
p 2 0 888 32 14578 1512
p 2 0 881 39 14284 1479
p 2 0 894 26 13943 1508
p 2 0 871 49 14168 1472
p 2 0 895 25 13684 1493
p 2 0 888 32 13232 1463
p 2 0 901 19 13417 1480
p 2 0 873 47 13364 1456
p 2 0 897 23 13374 1487
p 2 0 878 42 14078 1464
p 2 0 881 39 13692 1475
p 2 2 867 51 13629 1489
p 2 1 875 44 13747 1508
p 2 0 879 41 13775 1426
p 2 0 873 47 13793 1425
p 2 0 868 52 14449 1434
p 2 0 882 38 14019 1427
p 2 0 849 71 14152 1424
p 2 0 888 32 14606 1458
p 2 0 885 35 14524 1461
p 2 0 873 47 14829 1466
i 2 920 0 0 51616 4569
p 2 0 146 774 428 331
p 2 13 176 731 7242 533
p 2 0 93 827 440 288
p 2 9 98 813 6043 431
p 2 0 59 861 436 260
p 2 6 85 829 6003 412
p 2 0 57 863 418 260
p 2 24 50 846 6899 471
p 2 0 41 879 346 238
p 2 7 63 850 6175 385
p 2 0 45 875 407 248
p 2 7 69 844 5842 378
p 2 0 63 857 410 256
p 2 0 29 891 279 226
p 2 0 8 912 215 204
p 2 0 16 904 224 209
p 2 0 7 913 210 203
p 2 0 10 910 218 206
p 2 0 0 920 197 197
p 2 0 9 911 214 204
p 2 0 1 919 199 198
p 2 0 8 912 207 204
p 2 0 1 919 199 199
p 2 131 138 651 21373 1287
p 2 93 763 64 31551 2245
p 2 269 595 56 52543 3593
p 2 204 653 63 43468 3099
p 2 196 676 48 40770 2990
p 2 232 639 49 39820 3089
p 2 260 633 27 44492 3313
p 2 284 600 36 47174 3348
p 2 299 600 21 53777 3546
p 2 255 631 34 58310 3376
p 2 128 784 8 45884 2704
p 2 59 845 16 43683 2363
p 2 4 641 275 7310 1180
p 2 20 478 422 23927 1179
p 2 7 496 417 20189 1058
p 2 1 470 449 5634 858
p 2 11 488 421 19771 1063
p 2 0 357 563 1338 579
p 2 31 528 361 27370 1443
p 2 11 488 421 18455 1089
p 2 0 363 557 1287 564
p 2 7 337 576 19674 876
p 2 0 268 652 1073 472
p 2 21 306 593 23664 982
p 2 11 347 562 19666 919
p 2 0 219 701 965 426
p 2 11 284 625 19165 847
p 2 0 244 676 1043 458
p 2 29 296 595 22410 998
p 2 9 281 630 18093 859
p 2 0 222 698 997 437
p 2 7 328 585 19674 866
p 2 0 267 653 2116 517
p 2 22 246 652 23560 933
p 2 8 308 604 19670 882
p 2 0 225 695 1025 442
p 2 9 264 647 19238 822
p 2 0 233 687 2166 496
p 2 29 238 653 22321 952
p 2 10 244 666 18054 819
p 2 0 194 726 957 414
p 2 7 251 662 19590 804
p 2 0 189 731 920 398
p 2 21 252 647 23559 937
p 2 0 178 742 960 397
p 2 9 242 669 19556 791
p 2 0 188 732 956 408
p 2 9 241 670 19329 797
p 2 0 196 724 1003 421
p 2 30 231 659 22060 946
p 2 9 254 657 18133 825
p 2 0 186 734 929 410
p 2 7 236 677 19555 778
p 2 0 170 750 889 387
p 2 23 225 672 23225 913
p 2 9 252 659 19517 825
p 2 0 187 733 991 417
p 2 10 236 674 19231 801
p 2 0 195 725 959 411
p 2 30 216 674 21851 928
p 2 9 241 670 17966 812
p 2 0 173 747 883 385
p 2 7 236 677 19315 786
p 2 0 181 739 914 398
p 2 22 230 668 23380 911
p 2 13 238 669 19540 820
p 2 0 170 750 852 381
p 2 10 229 681 19151 790
p 2 0 166 754 866 383
p 2 29 215 676 21951 926
p 2 10 240 670 17973 832
p 2 0 170 750 861 389
p 2 7 875 38 28403 1619
i 2 920 0 0 47821 4434
p 2 494 419 7 41728 3917
i 2 920 0 0 40129 4290
p 2 407 492 21 52721 3847
p 2 348 538 34 60309 3820
p 2 47 521 352 26818 1481
p 2 0 335 585 1333 589
p 2 61 333 526 27015 1282
p 2 0 269 651 1009 473
p 2 205 208 507 30314 1819
p 2 116 283 521 26940 1471
p 2 51 454 415 29521 1540
p 2 0 333 587 1293 563
p 2 55 308 557 25601 1199
p 2 4 371 545 5759 834
p 2 143 343 434 28902 1670
p 2 146 287 487 29880 1643
p 2 82 494 344 33353 1877
p 2 0 348 572 1335 581
p 2 80 357 483 26928 1384
p 2 0 218 702 927 427
p 2 206 277 437 30490 1898
p 2 111 308 501 25923 1467
p 2 52 280 588 23777 1120
p 2 0 187 733 855 397
p 2 47 234 639 24673 1063
p 2 0 170 750 852 379
p 2 138 169 613 28101 1432
p 2 145 198 577 29608 1556
p 2 72 253 595 26248 1239
p 2 0 177 743 897 397
p 2 79 218 623 26707 1234
p 2 0 181 739 869 401
i 2 920 0 0 52341 4605
p 2 95 300 525 26088 1385
p 2 51 324 545 23835 1157
p 2 0 191 729 873 399
p 2 50 256 614 24414 1095
p 2 0 167 753 817 374
p 2 140 189 591 28127 1465
p 2 147 200 573 29591 1560
p 2 71 249 600 26403 1230
p 2 0 170 750 845 387
p 2 79 222 619 26764 1241
p 2 0 174 746 870 388
p 2 205 161 554 30204 1771
p 2 112 197 611 25645 1358
p 2 47 249 624 23764 1074
p 2 0 157 763 824 366
p 2 49 220 651 24545 1063
p 2 0 158 762 786 365
p 2 139 160 621 27983 1431
p 2 149 190 581 29586 1561
p 2 74 238 608 26122 1235
p 2 0 165 755 839 380
p 2 78 217 625 26672 1230
p 2 0 163 757 813 378
p 2 204 149 567 30258 1772
p 2 111 195 614 25716 1352
p 2 49 228 643 23713 1068
p 2 0 166 754 814 372
p 2 50 221 649 24459 1056
p 2 0 156 764 835 369
p 2 139 154 627 28035 1423
p 2 146 181 593 29514 1544
p 2 73 229 618 26170 1227
p 2 0 162 758 823 379
p 2 78 209 633 26560 1227
p 2 0 159 761 846 376
i 2 920 0 0 52353 4604
p 2 94 297 529 26184 1387
p 2 51 320 549 23696 1161
p 2 0 213 707 880 411
p 2 47 244 629 24652 1076
p 2 0 179 741 871 390
p 2 139 166 615 28009 1437
p 2 147 197 576 29671 1565
p 2 69 234 617 26185 1209
p 2 0 161 759 773 371
p 2 78 210 632 26711 1226
p 2 0 151 769 805 368
p 2 203 147 570 30231 1765
p 2 112 196 612 25695 1366
p 2 50 223 647 23562 1058
p 2 0 167 753 838 380
p 2 47 208 665 24613 1038
p 2 0 159 761 830 371
p 2 137 159 624 28002 1419
p 2 145 190 585 29721 1542
p 2 70 238 612 26393 1216
p 2 0 169 751 829 386
p 2 80 209 631 26495 1230
p 2 0 155 765 770 363
p 2 206 147 567 30283 1761
p 2 112 198 610 25701 1367
p 2 50 225 645 23729 1066
p 2 0 155 765 758 360
p 2 51 208 661 24416 1057
p 2 0 153 767 794 369
p 2 138 158 624 27907 1430
p 2 146 186 588 29551 1553
p 2 74 236 610 25950 1231
p 2 0 154 766 783 367
p 2 82 202 636 26572 1229
p 2 0 161 759 820 378
i 2 920 0 0 52289 4609
p 2 96 295 529 26179 1384
p 2 51 325 544 23889 1154
p 2 0 186 734 825 393
p 2 49 277 594 24598 1104
p 2 0 839 81 15456 1399
p 2 429 451 40 48549 3905
p 2 499 388 33 44754 4013
i 2 920 0 0 40100 4219
p 2 441 435 44 60803 4031
p 2 212 668 40 50812 3075
p 2 100 553 267 26556 1689
p 2 56 398 466 26458 1315
p 2 0 305 615 1146 515
p 2 74 513 333 31018 1759
p 2 0 336 584 1246 595
p 2 0 177 743 552 363
p 2 25 389 506 12202 1024
p 2 0 297 623 929 496
p 2 24 325 571 9227 751
p 2 7 362 551 6013 805
p 2 0 271 649 841 467
p 2 26 289 605 8898 740
p 2 8 316 596 7337 655
p 2 0 190 730 660 377
p 2 8 186 726 5980 506
p 2 0 123 797 1349 332
p 2 0 88 832 386 274
p 2 21 122 777 6524 531
p 2 0 123 797 1310 322
p 2 24 131 765 8508 566
p 2 0 99 821 485 293
p 2 30 128 762 8805 612
p 2 4 171 745 6181 493
p 2 0 78 842 454 276
p 2 13 121 786 6636 483
p 2 0 73 847 443 272
p 2 0 46 874 309 238
p 2 22 92 806 7292 530
p 2 0 61 859 402 258
p 2 24 115 781 8436 547
p 2 1 123 796 1439 336
p 2 0 56 864 344 249
p 2 27 112 781 8414 572
p 2 6 106 808 6666 447
p 2 0 82 838 492 282
p 2 4 95 821 5810 421
p 2 1 85 834 700 296
p 2 0 24 896 245 218
p 2 21 77 822 6460 491
p 2 2 52 866 879 267
p 2 25 114 781 8441 554
p 2 0 90 830 761 303
p 2 27 109 784 9340 586
p 2 4 115 801 5939 431
p 2 0 78 842 466 279
p 2 8 91 821 6544 444
p 2 0 46 874 377 247
p 2 0 16 904 243 212
p 2 22 82 816 7298 513
p 2 0 67 853 404 263
p 2 25 106 789 8407 545
p 2 3 70 847 806 298
p 2 0 34 886 268 225
p 2 27 98 795 8359 558
p 2 8 103 809 6775 460
p 2 0 86 834 474 282
p 2 8 81 831 5704 421
p 2 1 65 854 1201 284
p 2 0 24 896 256 219
p 2 21 86 813 6476 502
p 2 0 60 860 1276 270
p 2 25 104 791 8433 547
p 2 0 73 847 442 272
p 2 30 101 789 8801 591
p 2 4 98 818 5876 414
p 2 0 67 853 411 267
p 2 12 84 824 6585 444
p 2 0 56 864 390 255
p 2 0 18 902 238 214
p 2 22 94 804 7269 525
p 2 0 70 850 416 268
p 2 25 102 793 8393 544
p 2 0 68 852 1328 282
p 2 0 33 887 299 230
p 2 27 95 798 8352 556
p 2 8 106 806 6199 454
p 2 0 65 855 420 265
p 2 7 78 835 5716 410
p 2 4 51 865 1246 279
p 2 0 20 900 256 216
p 2 21 73 826 6483 492
p 2 1 55 864 1166 271
p 2 24 102 794 8436 537
p 2 0 68 852 450 268
p 2 28 96 796 9223 574
p 2 4 104 812 6016 431
p 2 0 64 856 403 261
p 2 7 79 834 5736 413
p 2 0 50 870 368 249
p 2 0 20 900 242 214
p 2 21 70 829 6468 489
p 2 0 39 881 342 238
p 2 25 93 802 8358 533
i 2 920 0 0 91479 5106
p 2 0 131 789 405 317
p 2 1 209 710 17679 554
p 2 2 156 762 2945 403
p 2 2 238 680 17439 591
p 2 0 240 680 1057 441
p 2 6 254 660 20951 659
p 2 0 151 769 927 364
p 2 4 221 695 17452 594
p 2 2 261 657 3051 501
p 2 0 169 751 1273 363
p 2 0 126 794 529 314
p 2 4 135 781 3143 367
p 2 0 60 860 392 254
p 2 0 66 854 1054 260
p 2 2 83 835 2337 309
p 2 0 76 844 985 269
p 2 0 31 889 281 223
p 2 4 69 847 2912 306
p 2 0 50 870 357 243
p 2 0 45 875 939 241
p 2 2 51 867 2371 279
p 2 0 45 875 931 242
p 2 0 31 889 290 223
p 2 4 164 752 3203 402
p 2 0 128 792 571 320
p 2 0 39 881 820 232
p 2 2 75 843 2390 301
p 2 0 87 833 1066 284
p 2 0 33 887 287 227
p 2 4 81 835 2955 315
p 2 0 52 868 351 243
p 2 0 36 884 860 229
p 2 2 43 875 2339 273
p 2 0 40 880 842 235
p 2 0 24 896 262 218
p 2 4 57 859 2885 292
p 2 0 31 889 314 228
p 2 0 23 897 821 217
p 2 2 37 881 2301 267
p 2 0 50 870 921 247
p 2 0 36 884 291 228
p 2 4 41 875 2851 279
p 2 0 24 896 273 218
p 2 0 14 906 847 213
p 2 2 36 882 2328 265
p 2 0 30 890 880 228
p 2 0 18 902 248 214
p 2 4 48 868 2876 286
p 2 0 33 887 296 228
p 2 0 33 887 788 224
p 2 2 56 862 2329 282
p 2 0 37 883 917 233
p 2 0 14 906 240 209
p 2 4 46 870 2837 285
p 2 0 34 886 293 228
p 2 0 23 897 804 217
p 2 2 31 887 2290 261
p 2 0 30 890 825 228
p 2 0 13 907 241 208
p 2 4 39 877 2847 276
p 2 0 24 896 302 223
p 2 0 18 902 807 214
p 2 2 40 878 2320 266
p 2 0 25 895 825 221
p 2 0 9 911 228 206
p 2 3 34 883 2855 268
p 2 0 24 896 280 220
p 2 0 19 901 846 215
p 2 2 37 881 2316 267
p 2 0 29 891 876 228
p 2 0 11 909 232 206
p 2 4 42 874 2860 278
p 2 0 30 890 295 225
p 2 0 13 907 763 211
p 2 2 36 882 2288 266
p 2 0 28 892 895 225
p 2 0 13 907 234 209
p 2 4 34 882 2709 274
p 2 0 27 893 276 221
p 2 0 15 905 792 211
p 2 2 33 885 2180 261
p 2 0 22 898 806 221
p 2 0 11 909 234 207
p 2 3 68 849 3704 314
p 2 0 36 884 2140 248
p 2 0 46 874 472 239
p 2 0 59 861 2356 266
p 2 0 39 881 442 238
p 2 0 41 879 485 241
p 2 0 34 886 1242 235
p 2 0 21 899 707 220
p 2 0 29 891 856 229
p 2 0 26 894 1359 229
p 2 0 36 884 968 240
p 2 0 35 885 964 235
p 2 0 53 867 1528 254
p 2 0 44 876 1018 242
p 2 0 50 870 1053 247
p 2 0 61 859 1498 261
p 2 0 41 879 1001 241
p 2 0 30 890 1011 231
p 2 0 36 884 1470 237
p 2 0 28 892 883 227
p 2 0 40 880 906 239
p 2 0 29 891 1426 233
p 2 0 26 894 765 225
p 2 0 25 895 803 225
p 2 0 23 897 1258 227
p 2 0 18 902 555 219
p 2 0 20 900 277 216
p 2 0 18 902 1035 218
p 2 0 30 890 364 222
p 2 0 29 891 532 224
p 2 0 22 898 1324 225
p 2 0 29 891 696 223
p 2 0 25 895 883 225
p 2 0 17 903 1347 222
p 2 0 16 904 899 218
p 2 0 19 901 912 220
p 2 0 54 866 1465 250
p 2 0 28 892 955 227
p 2 0 31 889 1003 230
p 2 0 34 886 1441 237
p 2 0 29 891 915 228
p 2 0 23 897 962 224
p 2 0 21 899 1385 225
p 2 0 25 895 900 225
p 2 0 27 893 897 227
p 2 0 20 900 1324 225
p 2 0 24 896 685 223
p 2 0 25 895 771 225
p 2 0 25 895 1159 225
p 2 0 15 905 497 216
p 2 0 15 905 257 209
p 2 0 22 898 945 222
p 2 0 20 900 385 217
p 2 0 17 903 567 216
p 2 0 21 899 1204 222
p 2 0 18 902 764 218
p 2 0 19 901 830 221
p 2 0 16 904 1317 220
p 2 0 15 905 915 218
p 2 0 17 903 944 221
p 2 0 27 893 1415 229
p 2 0 19 901 932 221
p 2 0 20 900 992 222
p 2 0 27 893 1441 229
p 2 0 20 900 986 222
p 2 0 22 898 976 226
p 2 8 32 880 4253 300
p 2 0 31 889 492 230
p 2 0 38 882 989 235
p 2 0 26 894 1401 228
p 2 0 22 898 1336 226
p 2 0 33 887 1361 233
p 2 0 94 826 5874 328
p 2 0 63 857 1532 272
p 2 0 48 872 1447 249
p 2 0 98 822 5177 328
p 2 0 82 838 1599 289
p 2 0 54 866 1504 255
p 2 0 92 828 5406 329
p 2 0 72 848 1600 279
p 2 0 63 857 1124 263
p 2 0 86 834 7865 326
p 2 0 88 832 665 286
p 2 0 58 862 423 251
p 2 0 140 780 7870 384
p 2 0 102 818 1333 302
p 2 0 79 841 1392 279
p 2 0 116 804 7296 360
p 2 0 112 808 1628 318
p 2 0 82 838 1583 282
p 2 0 92 828 7007 340
p 2 0 61 859 1540 268
p 2 0 56 864 1428 256
p 2 0 83 837 8575 346
p 2 0 80 840 1543 287
p 2 0 70 850 1391 269
p 2 0 93 827 7806 346
p 2 0 68 852 841 275
p 2 0 40 880 339 235
p 2 0 83 837 7466 338
p 2 0 80 840 1308 283
p 2 0 52 868 1253 251
p 2 0 77 843 7424 327
p 2 0 65 855 1509 274
p 2 0 46 874 1413 245
p 2 2 82 836 9240 372
p 2 0 61 859 1529 270
p 2 0 43 877 1461 243
p 2 7 87 826 9695 414
p 2 0 64 856 1506 273
p 2 0 52 868 1509 250
p 2 14 103 803 12382 493
p 2 0 90 830 951 295
p 2 0 53 867 1104 254
p 2 7 97 816 9080 420
p 2 0 68 852 1459 275
p 2 0 50 870 1552 251
p 2 10 99 811 10148 450
p 2 0 95 825 1643 302
p 2 0 52 868 1298 251
p 2 10 129 781 14417 501
p 2 0 94 826 1465 304
p 2 1 111 808 7617 386
p 2 6 121 793 7012 406
p 2 0 131 789 7382 395
p 2 0 73 847 1316 279
p 2 8 133 779 13005 491
p 2 0 115 805 1584 322
p 2 7 114 799 7171 393
p 2 0 66 854 1592 271
p 2 4 114 802 7254 383
p 2 0 77 843 1455 280
p 2 6 113 801 9394 404
p 2 0 82 838 1198 281
p 2 10 111 799 11434 443
p 2 11 113 796 5198 402
p 2 11 145 764 13334 525
p 2 0 91 829 1530 299
p 2 22 114 784 13878 562
p 2 0 85 835 1558 295
p 2 25 107 788 13833 580
p 2 0 99 821 2456 308
p 2 23 117 780 13829 601
p 2 0 89 831 1504 298
p 2 24 157 739 21215 712
p 2 0 132 788 1075 343
p 2 26 167 727 19290 698
p 2 0 120 800 2435 335
p 2 28 155 737 20864 713
p 2 0 145 775 1723 359
p 2 22 187 711 15969 660
p 2 0 132 788 1743 341
p 2 21 166 733 15152 634
p 2 0 131 789 2551 345
p 2 24 156 740 13872 621
p 2 0 111 809 1587 320
p 2 29 173 718 14817 686
p 2 0 86 834 742 288
p 2 23 155 742 13674 640
p 2 17 155 748 5563 484
p 2 17 177 726 11613 605
p 2 0 124 796 1745 330
p 2 13 105 802 9735 493
p 2 0 68 852 1767 278
p 2 17 77 826 5499 430
p 2 1 80 839 2610 296
p 2 2 546 372 4906 835
p 2 0 148 772 1719 348
p 2 0 76 844 2406 286
p 2 0 43 877 768 239
p 2 4 156 760 9025 464
p 2 1 87 832 2614 308
p 2 0 126 794 7079 377
p 2 0 124 796 1966 334
p 2 1 167 752 7895 433
p 2 0 78 842 1709 291
p 2 0 84 836 1522 289
p 2 1 73 846 2309 283
p 2 0 91 829 526 282
p 2 0 83 837 1389 281
p 2 0 164 756 2653 373
p 2 0 112 808 1770 314
p 2 0 82 838 1715 281
p 2 1 96 823 2638 313
p 2 0 89 831 1725 293
p 2 0 79 841 1599 279
p 2 0 76 844 2444 282
p 2 0 42 878 343 236
p 2 0 53 867 1194 252
p 2 1 35 884 2293 253
p 2 0 39 881 1550 242
p 2 0 27 893 1573 235
p 2 0 33 887 2464 248
p 2 0 34 886 1571 242
p 2 0 38 882 1484 241
p 2 19 29 872 4839 368
p 2 0 38 882 712 234
p 2 0 44 876 536 237
p 2 0 52 868 1562 254
p 2 0 34 886 1327 235
p 2 0 36 884 1242 238
p 2 0 36 884 1770 242
p 2 0 40 880 1296 245
p 2 0 43 877 1327 245
p 2 0 62 858 1810 264
p 2 0 38 882 1060 239
p 2 6 105 809 7584 412
p 2 0 83 837 1836 293
p 2 1 112 807 7340 379
p 2 0 70 850 1540 281
p 2 1 102 817 8825 385
p 2 0 86 834 1571 294
p 2 0 97 823 1588 301
p 2 0 85 835 1840 284
p 2 0 39 881 1246 242
p 2 0 44 876 536 244
p 2 0 48 872 1491 251
p 2 0 31 889 1132 232
p 2 0 30 890 1351 235
p 2 0 36 884 1771 242
p 2 0 44 876 1306 247
p 2 0 41 879 1410 244
p 2 0 28 892 1819 236
p 2 0 21 899 1176 227
p 2 0 27 893 577 229
p 2 0 27 893 1269 232
p 2 0 31 889 1081 233
p 2 0 27 893 1309 229
p 2 0 58 862 1779 260
p 2 0 33 887 1345 237
p 2 0 42 878 1379 243
p 2 0 45 875 1689 247
p 2 0 39 881 1205 242
p 2 0 35 885 1057 234
p 2 0 28 892 1049 227
p 2 0 24 896 1092 227
p 2 0 25 895 1230 229
p 2 0 21 899 1631 229
p 2 0 26 894 1227 229
p 2 0 23 897 1321 229
p 2 0 156 764 14764 465
p 2 0 125 795 1760 342
p 2 2 141 777 8253 412
p 2 0 87 833 1158 293
p 2 2 120 798 8028 388
p 2 0 112 808 1536 323
p 2 0 123 797 7638 370
p 2 0 79 841 1553 293
p 2 0 116 804 7598 369
p 2 0 102 818 2046 315
p 2 0 99 821 1632 305
p 2 0 79 841 1322 279
p 2 0 134 786 1627 335
p 2 0 89 831 825 285
p 2 0 89 831 1194 286
p 2 0 77 843 1887 279
p 2 0 62 858 1296 264
p 2 0 63 857 1397 262
p 2 0 45 875 1904 249
p 2 0 32 888 1346 237
p 2 0 30 890 1244 235
p 2 0 40 880 1570 244
p 2 0 40 880 490 236
p 2 0 40 880 1052 238
p 2 0 34 886 1738 239
p 2 0 23 897 1335 230
p 2 0 23 897 1338 230
p 2 0 30 890 1848 235
p 2 0 33 887 1368 235
p 2 0 34 886 1264 237
p 2 0 36 884 1655 242
p 2 0 23 897 392 221
p 2 0 20 900 1035 223
p 2 0 24 896 1593 231
p 2 0 24 896 1306 228
p 2 0 20 900 1211 226
p 2 0 44 876 1835 249
p 2 0 33 887 1377 238
p 2 0 41 879 1374 244
p 2 0 46 874 1713 253
p 2 0 44 876 573 241
p 2 0 32 888 775 230
p 2 0 37 883 1513 242
p 2 0 33 887 1351 235
p 2 0 28 892 1339 233
p 2 0 26 894 1819 234
p 2 0 21 899 1274 228
p 2 0 23 897 1258 228
p 2 0 23 897 1667 229
p 2 0 21 899 1029 224
p 2 0 20 900 337 219
p 2 0 22 898 1533 227
p 2 0 21 899 1152 225
p 2 0 24 896 1247 228
p 2 0 24 896 1753 233
p 2 0 23 897 1300 229
p 2 0 20 900 1382 226
p 2 0 22 898 1717 230
p 2 0 24 896 1137 228
p 2 0 17 903 289 216
p 2 0 33 887 1449 236
p 2 0 26 894 1172 230
p 2 0 23 897 1367 230
p 2 0 22 898 1634 229
p 2 0 25 895 1393 232
p 2 0 20 900 1313 226
p 2 0 26 894 1701 233
p 2 0 24 896 1162 230
p 2 0 27 893 676 226
p 2 0 20 900 1022 223
p 2 0 19 901 1012 223
p 2 0 19 901 1276 223
p 2 2 155 763 18492 533
p 2 0 132 788 1793 349
p 2 1 160 759 19214 543
p 2 0 133 787 1817 351
p 2 0 173 747 19106 545
p 2 0 136 784 1408 350
p 2 1 169 750 18673 527
p 2 0 152 768 982 366
p 2 0 115 805 1629 315
p 2 0 45 875 882 244
p 2 0 69 851 1676 266
p 2 0 77 843 1184 273
p 2 0 157 763 2144 363
p 2 0 126 794 1496 325
p 2 7 100 813 4081 361
p 2 0 104 816 1508 300
p 2 6 79 835 3787 332
p 2 0 35 885 1320 236
p 2 7 53 860 3821 312
p 2 0 58 862 1427 258
p 2 0 54 866 1736 256
p 2 0 33 887 1368 233
p 2 6 51 863 3768 305
p 2 0 42 878 1386 245
p 2 0 48 872 1788 248
p 2 0 34 886 1327 234
p 2 0 35 885 1693 236
p 2 0 41 879 1356 239
p 2 0 44 876 1543 244
p 2 0 27 893 1023 227
p 2 0 30 890 1084 229
p 2 0 29 891 368 222
p 2 0 26 894 1100 223
p 2 0 23 897 869 222
p 2 0 25 895 1483 227
p 2 0 21 899 1162 224
p 2 0 28 892 1697 227
p 2 0 19 901 1278 223
p 2 0 29 891 1809 235
p 2 0 27 893 1407 229
p 2 0 26 894 1885 229
p 2 0 23 897 1401 228
p 2 0 21 899 1864 228
p 2 0 22 898 1385 225
p 2 2 149 769 19083 525
p 2 0 129 791 1923 349
p 2 3 149 768 18629 530
p 2 0 132 788 1695 345
p 2 0 160 760 19306 529
p 2 0 121 799 1380 336
p 2 1 164 755 18323 541
p 2 0 149 771 1151 363
p 2 0 125 795 3875 343
p 2 0 65 855 423 259
p 2 0 71 849 1049 268
p 2 0 59 861 649 253
p 2 0 125 795 1401 323
p 2 0 100 820 1432 299
p 2 0 64 856 1362 261
p 2 0 53 867 1238 250
p 2 0 53 867 1635 254
p 2 0 23 897 1110 223
p 2 0 34 886 1363 237
p 2 0 29 891 1125 229
p 2 0 24 896 1420 228
p 2 0 19 901 1168 223
p 2 0 21 899 1480 227
p 2 0 23 897 1287 226
p 2 0 28 892 1448 231
p 2 0 19 901 1361 225
p 2 0 19 901 1479 226
p 2 0 18 902 1249 223
p 2 0 19 901 1443 222
p 2 0 15 905 1235 220
p 2 0 17 903 1305 223
p 2 0 17 903 1103 219
i 2 920 0 0 21796 3610
p 2 0 737 183 4766 1110
p 2 0 764 156 5141 1163
p 2 0 688 232 5007 1110
p 2 0 696 224 3367 1004
p 2 0 710 210 2691 976
p 2 0 705 215 1803 894
p 2 0 723 197 1754 899
p 2 0 681 239 2680 912
p 2 0 723 197 3360 980
p 2 0 684 236 3488 977
p 2 0 769 151 3396 1032
p 2 0 719 201 3527 992
p 2 0 752 168 3800 1048
p 2 0 712 208 4069 1022
p 2 0 719 201 4041 1024
p 2 0 717 203 4067 1011
p 2 0 748 172 3902 1034
p 2 0 762 158 3772 1048
p 2 0 681 239 3761 976
p 2 0 730 190 3719 1000
p 2 0 721 199 3538 1007
p 2 0 708 212 3525 973
p 2 0 697 223 3593 975
p 2 0 655 265 3605 952
p 2 0 719 201 3497 989
p 2 0 710 210 3488 960
p 2 0 704 216 3440 956
p 2 0 637 283 3472 908
p 2 0 713 207 3423 967
p 2 0 715 205 3340 935
p 2 0 702 218 3190 919
p 2 0 650 270 2956 895
p 2 0 701 219 3090 936
p 2 0 624 296 2725 856
p 2 0 739 181 2886 946
p 2 0 692 228 2576 901
p 2 0 705 215 2531 892
p 2 0 703 217 2391 881
p 2 0 752 168 2343 905
p 2 0 720 200 2304 884
p 2 0 693 227 2001 858
p 2 0 709 211 2197 870
p 2 0 730 190 1961 894
p 2 0 701 219 1772 832
p 2 0 665 255 1643 823
p 2 0 742 178 1542 855
p 2 0 759 161 1394 855
p 2 0 691 229 1220 791
p 2 0 677 243 1268 799
p 2 0 716 204 1312 818
p 2 0 728 192 1497 839
p 2 0 724 196 1724 837
p 2 0 693 227 1809 832
p 2 0 719 201 1711 829
p 2 0 658 262 1637 792
p 2 0 731 189 1592 827
p 2 0 678 242 1664 810
p 2 0 761 159 1793 858
p 2 0 676 244 1681 800
p 2 0 739 181 1760 835
p 2 0 712 208 1613 825
p 2 0 680 240 1478 772
p 2 0 673 247 1513 791
p 2 0 706 214 1586 805
p 2 0 727 193 1576 816
p 2 0 729 191 1669 808
p 2 0 735 185 1611 829
p 2 0 708 212 1462 784
p 2 0 737 183 1431 817
p 2 0 743 177 1427 809
p 2 0 757 163 1374 822
p 2 0 704 216 1338 783
p 2 0 690 230 1116 776
p 2 0 778 142 1131 827
p 2 0 699 221 1109 782
p 2 0 748 172 1407 823
p 2 0 659 261 1408 757
p 2 0 689 231 1376 777
p 2 0 729 191 1412 822
p 2 0 772 148 1673 843
p 2 0 760 160 1571 840
p 2 0 762 158 1486 826
p 2 0 753 167 1472 829
p 2 0 714 206 1577 788
p 2 0 757 163 1496 807
p 2 0 765 155 1510 813
p 2 0 788 132 1212 828
p 2 0 755 165 1167 791
p 2 0 711 209 1017 766
p 2 0 722 198 986 766
p 2 0 756 164 1278 800
p 2 0 703 217 1375 762
p 2 0 713 207 1553 785
p 2 0 651 269 1388 735
p 2 0 654 266 1318 762
p 2 0 757 163 1813 905
p 2 355 509 56 4762 2259
p 2 185 733 2 5059 2141
p 2 58 834 28 5053 1963
p 2 32 861 27 5038 1847
p 2 27 839 54 4640 1781
p 2 17 884 19 5084 1819
p 2 13 846 61 4483 1697
p 2 11 871 38 4610 1723
p 2 14 848 58 4435 1669
p 2 8 863 49 4463 1654
p 2 3 863 54 3979 1611
p 2 1 778 141 2393 1296
p 2 3 888 29 3443 1574
p 2 0 906 14 3729 1666
p 2 1 908 11 3268 1643
p 2 1 905 14 4033 1723
p 2 0 901 19 3392 1658
p 2 1 912 7 4087 1692
p 2 3 894 23 3857 1714
p 2 0 911 9 3828 1712
p 2 0 904 16 3734 1705
p 2 0 910 10 3766 1686
p 2 1 896 23 3760 1703
p 2 1 899 20 3900 1717
p 2 2 908 10 3653 1691
p 2 7 884 29 4015 1719
p 2 3 894 23 3770 1702
p 2 5 897 18 4177 1777
p 2 4 891 25 3762 1740
p 2 7 889 24 3851 1770
p 2 2 902 16 3882 1795
p 2 0 905 15 4063 1779
p 2 5 901 14 4067 1802
p 2 3 905 12 4210 1798
p 2 2 906 12 4153 1811
p 2 4 899 17 4315 1791
p 2 8 899 13 4060 1780
p 2 4 900 16 4237 1815
p 2 2 900 18 3907 1760
p 2 2 900 18 4137 1796
p 2 1 914 5 4061 1767
p 2 1 907 12 3815 1710
p 2 0 908 12 3982 1790
p 2 0 903 17 3786 1769
p 2 1 904 15 3767 1742
p 2 0 901 19 3767 1713
p 2 1 902 17 3544 1693
p 2 0 915 5 4050 1774
p 2 2 909 9 3698 1741
p 2 1 910 9 4067 1815
p 2 6 894 20 3848 1822
p 2 2 902 16 4037 1815
p 2 0 898 22 3786 1786
p 2 0 911 9 3686 1743
p 2 4 897 19 3654 1765
p 2 10 901 9 3970 1848
p 2 13 883 24 3689 1832
p 2 7 883 30 3879 1844
p 2 1 903 16 3492 1767
p 2 0 897 23 3614 1742
p 2 0 899 21 3302 1688
p 2 0 911 9 3327 1687
p 2 1 897 22 3296 1669
p 2 2 896 22 3176 1638
p 2 4 894 22 3143 1620
p 2 1 886 33 3250 1624
p 2 1 890 29 2862 1541
p 2 0 892 28 3087 1581
p 2 1 888 31 2973 1552
p 2 0 893 27 3241 1601
p 2 1 896 23 2980 1600
p 2 3 890 27 3046 1583
p 2 0 897 23 3002 1557
p 2 2 899 19 2983 1528
p 2 0 894 26 3145 1575
p 2 3 900 17 3409 1622
p 2 13 897 10 3048 1613
p 2 10 877 33 3731 1669
p 2 3 896 21 3063 1575
p 2 0 890 30 3349 1566
p 2 0 906 14 2951 1513
p 2 0 907 13 3555 1569
p 2 0 908 12 3286 1561
p 2 1 849 70 2209 1308
p 2 38 840 42 4309 1679
p 2 10 838 72 4020 1627
p 2 20 826 74 4307 1700
p 2 11 820 89 4068 1661
p 2 5 819 96 4353 1653
p 2 26 793 101 4313 1788
p 2 13 818 89 4480 1729
p 2 9 802 109 4450 1752
p 2 9 811 100 4596 1712
p 2 9 798 113 4450 1754
p 2 5 785 130 4583 1671
p 2 0 796 124 1155 972
p 2 0 780 140 1492 922
p 2 0 882 38 1423 962
p 2 0 889 31 1800 1025
p 2 0 888 32 2189 1080
p 2 0 901 19 2417 1124
p 2 0 893 27 2447 1134
p 2 0 902 18 2900 1158
p 2 1 908 11 2816 1160
p 2 0 917 3 3150 1197
p 2 1 912 7 2931 1224
p 2 1 915 4 3267 1228
p 2 2 913 5 3451 1242
p 2 1 915 4 3189 1215
p 2 0 917 3 3153 1221
p 2 0 920 0 3113 1232
p 2 0 918 2 3111 1232
p 2 0 918 2 3075 1252
p 2 0 918 2 2987 1205
p 2 0 918 2 2948 1239
p 2 0 917 3 3009 1225
p 2 0 920 0 2661 1205
p 2 0 920 0 2632 1188
p 2 0 917 3 2560 1209
p 2 0 918 2 2833 1242
p 2 0 917 3 2862 1206
p 2 0 919 1 2616 1207
p 2 0 920 0 2622 1204
p 2 0 918 2 2552 1225
p 2 0 919 1 2682 1197
p 2 0 918 2 2711 1195
p 2 0 920 0 2770 1191
p 2 0 920 0 2617 1219
p 2 0 918 2 2752 1197
p 2 0 919 1 2754 1201
p 2 0 917 3 2797 1215
p 2 0 919 1 2907 1275
p 2 0 918 2 2822 1272
p 2 0 920 0 2509 1225
p 2 0 920 0 2589 1205
p 2 0 919 1 2612 1213
p 2 0 918 2 2671 1211
p 2 0 920 0 2822 1236
p 2 0 917 3 2770 1234
p 2 0 919 1 2631 1220
p 2 0 918 2 2595 1211
p 2 0 919 1 2466 1169
p 2 0 917 3 2518 1183
p 2 0 918 2 2172 1168
p 2 0 918 2 2239 1148
p 2 0 918 2 2534 1184
p 2 0 915 5 2578 1166
p 2 0 919 1 2542 1168
p 2 0 917 3 2759 1184
p 2 0 919 1 2604 1162
p 2 0 917 3 2805 1173
p 2 0 918 2 2778 1188
p 2 1 915 4 3036 1219
p 2 1 915 4 2727 1190
p 2 3 910 7 2850 1195
p 2 2 916 2 2498 1156
p 2 0 915 5 2730 1185
p 2 0 915 5 2659 1175
p 2 0 914 6 2468 1157
p 2 1 915 4 2278 1127
p 2 0 915 5 2482 1147
p 2 1 912 7 2589 1145
p 2 2 908 10 2772 1143
p 2 1 912 7 2909 1155
p 2 2 891 27 3009 1159
p 2 2 902 16 3341 1187
p 2 1 807 112 3289 1071
p 2 2 813 105 3461 1084
p 2 4 741 175 3944 1048
p 2 3 810 107 4023 1114
p 2 2 747 171 4035 1069
p 2 1 816 103 3600 1113
p 2 4 724 192 3372 1025
p 2 1 808 111 3320 1090
p 2 1 720 199 2976 1000
p 2 2 805 113 3162 1065
p 2 2 685 233 2945 952
p 2 0 798 122 2911 1033
p 2 0 689 231 2889 943
p 2 0 791 129 3176 1032
p 2 2 685 233 3313 974
p 2 4 770 146 3425 1067
p 2 2 733 185 3689 1026
p 2 1 780 139 3636 1083
p 2 1 708 211 3467 990
p 2 1 804 115 3941 1129
p 2 1 761 158 4032 1088
p 2 4 823 93 3905 1133
p 2 3 749 168 3889 1053
p 2 1 818 101 3392 1078
p 2 1 723 196 3330 999
p 2 0 810 110 3328 1086
p 2 2 705 213 3572 1038
p 2 3 823 94 3772 1148
p 2 2 709 209 3819 1033
p 2 3 810 107 3713 1107
p 2 5 708 207 3748 1048
p 2 2 798 120 3904 1106
p 2 0 730 190 4313 1047
p 2 1 787 132 4757 1147
p 2 3 759 158 5244 1168
p 2 5 776 139 5503 1232
p 2 5 751 164 5919 1258
p 2 6 826 88 5874 1331
p 2 6 792 122 5799 1304
p 2 5 841 74 6023 1372
p 2 5 786 129 5851 1326
p 2 6 851 63 5227 1376
p 2 2 788 130 5245 1247
p 2 1 861 58 5103 1318
p 2 5 790 125 5032 1230
p 2 4 860 56 5197 1304
p 2 5 798 117 5006 1251
p 2 7 850 63 5216 1323
p 2 8 759 153 5185 1237
i 2 920 0 0 59606 4861
p 2 1 764 155 11683 1226
p 2 11 904 5 34226 1874
p 2 0 871 49 14013 1440
p 2 13 900 7 35122 1894
p 2 0 886 34 14063 1465
p 2 3 909 8 33121 1846
p 2 0 876 44 13643 1479
p 2 4 906 10 32417 1803
p 2 0 880 40 13857 1473
p 2 10 901 9 32197 1808
p 2 0 874 46 14321 1469
p 2 5 905 10 34832 1850
p 2 2 872 46 14275 1480
p 2 3 911 6 32646 1814
p 2 0 876 44 14036 1491
p 2 5 905 10 34025 1852
p 2 0 877 43 14366 1498
p 2 9 904 7 31261 1850
p 2 1 861 58 14277 1481
p 2 3 908 9 32934 1803
p 2 0 890 30 14134 1495
p 2 9 900 11 33447 1845
p 2 0 881 39 14578 1488
p 2 7 907 6 34947 1867
p 2 0 877 43 15796 1485
p 2 8 905 7 34408 1834
p 2 0 874 46 15184 1481
p 2 5 901 14 32542 1790
p 2 0 882 38 14312 1498
p 2 5 903 12 32347 1808
p 2 0 879 41 14217 1489
p 2 6 906 8 33884 1855
p 2 0 879 41 14288 1480
p 2 15 894 11 34318 1916
p 2 0 878 42 14290 1505
p 2 2 904 14 34543 1834
p 2 1 884 35 14170 1503
p 2 4 906 10 32321 1797
p 2 1 878 41 14419 1511
p 2 7 906 7 33777 1837
p 2 1 881 38 14339 1500
p 2 9 899 12 34322 1839
p 2 0 882 38 13941 1493
p 2 4 908 8 34486 1829
p 2 0 886 34 14124 1481
p 2 3 909 8 33157 1818
p 2 0 879 41 13797 1492
p 2 9 900 11 33617 1829
p 2 0 881 39 14999 1498
p 2 7 903 10 32440 1829
p 2 0 880 40 13980 1484
p 2 11 901 8 35337 1880
p 2 0 877 43 13991 1494
i 2 920 0 0 58852 4165
p 2 2 423 495 2283 619
p 2 0 382 538 2188 554
p 2 19 332 569 7680 672
p 2 0 372 548 2312 553
p 2 0 323 597 2248 493
p 2 16 347 557 8195 666
p 2 0 310 610 1987 490
p 2 0 322 598 1897 498
p 2 16 315 589 8686 663
p 2 0 288 632 1899 478
p 2 0 248 672 1809 438
p 2 16 317 587 8951 667
p 2 0 304 616 2358 493
p 2 0 303 617 2292 477
p 2 11 306 603 9119 636
p 2 0 314 606 2233 497
p 2 1 248 671 2009 435
p 2 10 293 617 9813 609
p 2 2 280 638 2489 479
p 2 1 286 633 1946 466
p 2 14 279 627 9551 612
p 2 0 298 622 2137 479
p 2 0 276 644 1912 468
p 2 18 362 540 9148 729
p 2 0 356 564 2059 543
p 2 0 349 571 2280 522
p 2 11 349 560 9963 679
p 2 0 361 559 2690 542
p 2 0 328 592 2285 505
p 2 7 371 542 9838 681
p 2 0 377 543 2680 574
p 2 1 362 557 2451 561
p 2 9 388 523 10079 705
p 2 0 410 510 2933 602
p 2 0 362 558 2943 543
p 2 8 394 518 10225 685
p 2 1 349 570 3103 548
p 2 0 364 556 2730 545
p 2 16 362 542 9688 717
p 2 0 409 511 2985 586
p 2 0 319 601 2592 493
p 2 9 377 534 9069 672
p 2 1 304 615 2355 498
p 2 0 316 604 2039 492
p 2 11 288 621 8339 598
p 2 0 293 627 1770 477
p 2 0 270 650 1676 456
p 2 10 323 587 8013 620
p 2 0 294 626 1983 478
p 2 0 299 621 1872 468
p 2 12 315 593 7938 619
p 2 0 280 640 1741 458
p 2 0 240 680 1593 419
p 2 10 287 623 7167 599
p 2 1 260 659 2179 457
p 2 0 282 638 2148 467
p 2 11 292 617 7036 592
p 2 0 301 619 2126 484
p 2 1 245 674 2009 425
p 2 7 273 640 6935 558
p 2 0 265 655 1965 453
p 2 1 287 632 2453 491
p 2 12 276 632 7803 606
p 2 1 311 608 2652 515
i 2 920 0 0 68714 4985
p 2 0 231 689 1094 416
p 2 1 349 570 13515 613
p 2 0 229 691 1570 433
p 2 0 298 622 13169 563
p 2 0 244 676 1649 449
p 2 0 456 464 24618 841
p 2 0 341 579 2177 553
p 2 0 297 623 13108 564
p 2 1 398 521 11693 714
p 2 0 291 629 1813 492
p 2 0 195 725 1292 384
p 2 0 319 601 11841 614
p 2 0 238 682 1523 444
p 2 1 182 737 1130 372
p 2 0 292 628 11380 580
p 2 0 278 642 1712 480
p 2 2 167 751 1257 369
p 2 0 123 797 1001 315
p 2 0 116 804 913 303
p 2 0 125 795 900 313
p 2 0 110 810 855 301
p 2 0 109 811 803 296
p 2 0 91 829 794 279
p 2 0 103 817 856 296
p 2 0 101 819 875 288
p 2 0 105 815 875 293
p 2 0 110 810 951 299
p 2 0 106 814 986 300
i 2 920 0 0 45866 4058
p 2 0 316 604 1549 509
p 2 0 238 682 1397 429
p 2 0 203 717 1400 395
p 2 0 229 691 1582 420
p 2 0 244 676 1720 430
p 2 1 232 687 1978 434
p 2 1 241 678 2244 447
p 2 0 252 668 2199 449
p 2 0 241 679 2338 434
p 2 0 220 700 1402 420
p 2 0 204 716 1606 401
p 2 2 235 683 4633 471
p 2 1 244 675 2331 449
p 2 2 215 703 2228 423
p 2 10 234 676 8437 533
p 2 0 247 673 2291 455
p 2 0 243 677 2458 446
p 2 20 268 632 11708 645
p 2 0 254 666 2067 463
p 2 0 239 681 1897 430
p 2 28 259 633 11870 701
p 2 0 266 654 1923 459
p 2 0 217 703 1800 406
p 2 38 301 581 16696 846
p 2 0 337 583 2546 545
p 2 0 274 646 2391 478
p 2 46 291 583 18776 931
p 2 0 284 636 2347 494
p 2 0 247 673 1706 437
p 2 40 320 560 20678 945
p 2 0 302 618 1961 505
p 2 0 240 680 1890 436
p 2 49 337 534 26729 1085
p 2 0 309 611 2758 526
p 2 0 257 663 2625 459
p 2 72 348 500 30555 1273
p 2 0 338 582 2850 556
p 2 1 285 634 2802 494
p 2 76 389 455 37289 1380
p 2 0 372 548 3233 606
p 2 18 316 586 15208 743
p 2 28 388 504 23349 1033
p 2 9 388 523 13738 761
p 2 2 315 603 2811 541
p 2 34 402 484 33956 1161
p 2 1 378 541 3247 624
p 2 7 308 605 13778 652
p 2 1 386 533 3227 611
p 2 5 370 545 13345 693
p 2 2 340 578 3349 571
p 2 5 347 568 13734 673
p 2 1 323 596 3018 543
p 2 0 244 676 1605 440
p 2 2 256 662 2869 475
p 2 0 271 649 2212 474
p 2 0 306 614 3086 518
p 2 0 250 670 1985 445
p 2 1 276 643 10420 541
p 2 0 259 661 2124 464
p 2 0 263 657 8991 512
p 2 0 209 711 1878 420
p 2 0 260 660 9104 511
p 2 0 249 671 2271 460
p 2 0 275 645 2809 480
p 2 1 238 681 2820 455
p 2 0 234 686 2347 446
p 2 0 256 664 2484 456
p 2 0 257 663 2540 457
p 2 0 215 705 1959 406
p 2 0 212 708 1832 409
p 2 0 212 708 1907 410
p 2 1 233 686 2051 441
p 2 0 212 708 1918 408
p 2 1 209 710 2214 409
p 2 0 196 724 1877 392
p 2 0 236 684 1859 432
p 2 1 208 711 1791 409
p 2 0 177 743 1332 368
p 2 0 197 723 1428 390
p 2 0 200 720 1903 395
p 2 0 177 743 2191 381
p 2 0 199 721 2139 400
p 2 0 205 715 2305 405
p 2 0 225 695 2292 427
p 2 0 218 702 2321 422
p 2 0 215 705 2649 421
p 2 0 211 709 2689 420
p 2 0 222 698 2654 436
p 2 0 202 718 2428 413
p 2 0 201 719 2198 410
p 2 0 218 702 2251 422
p 2 0 244 676 2577 449
p 2 0 242 678 2455 446
p 2 0 227 693 2025 422
p 2 0 192 728 1697 385
p 2 21 407 492 7183 1036
p 2 0 341 579 1867 533
p 2 0 278 642 2078 459
p 2 1 406 513 5934 870
p 2 2 344 574 2520 571
p 2 3 290 627 2756 511
p 2 2 424 494 6118 887
p 2 0 360 560 2234 568
p 2 0 344 576 2383 547
p 2 0 257 663 2103 457
p 2 0 204 716 1951 402
p 2 0 216 704 2359 415
p 2 1 232 687 2371 441
p 2 2 216 702 2146 426
p 2 1 220 699 2233 427
p 2 1 185 734 1831 390
p 2 0 201 719 1814 393
p 2 0 182 738 2047 374
p 2 0 180 740 1910 382
p 2 0 190 730 2129 398
p 2 0 186 734 2106 391
p 2 0 177 743 1837 379
p 2 0 167 753 1604 358
p 2 0 168 752 1540 356
p 2 0 171 749 1446 362
p 2 0 160 760 1526 350
p 2 0 148 772 1878 347
p 2 1 166 753 2018 377
p 2 3 204 713 2177 427
p 2 2 218 700 2420 435
p 2 2 205 713 2073 410
p 2 2 178 740 1975 388
p 2 2 161 757 1927 371
p 2 0 170 750 1745 363
p 2 0 195 725 2252 398
p 2 2 207 711 3202 438
p 2 3 217 700 3172 446
p 2 2 203 715 3064 431
p 2 6 204 710 3065 461
p 2 4 205 711 2626 444
p 2 0 241 679 2707 453
p 2 1 243 676 3051 463
p 2 1 227 692 2600 440
p 2 3 217 700 2454 443
p 2 21 341 558 22609 869
p 2 2 288 630 2554 510
p 2 24 339 557 25261 931
p 2 1 294 625 2317 519
p 2 18 358 544 23458 911
p 2 0 278 642 2048 494
p 2 10 321 589 24502 831
p 2 0 302 618 2002 518
p 2 0 259 661 1618 447
p 2 1 186 733 1429 384
p 2 2 198 720 2656 415
p 2 0 185 735 1554 382
p 2 0 188 732 1572 383
p 2 0 156 764 2157 354
p 2 0 161 759 1449 359
p 2 0 156 764 1615 354
p 2 0 190 730 2423 395
p 2 1 191 728 2188 402
p 2 1 173 746 2117 379
p 2 3 166 751 2086 382
p 2 7 304 609 16182 693
p 2 0 272 648 2419 496
p 2 13 357 550 23511 859
p 2 0 338 582 2951 566
p 2 8 334 578 19852 756
p 2 0 303 617 2674 528
p 2 2 315 603 19314 695
p 2 0 337 583 2763 561
p 2 0 810 110 15479 1169
p 2 0 920 0 17950 1432
p 2 0 920 0 15669 1418
p 2 5 914 1 22317 1586
p 2 14 906 0 23479 1672
p 2 26 894 0 22088 1733
p 2 17 903 0 26365 1792
p 2 16 904 0 21808 1800
p 2 29 891 0 24865 1828
p 2 22 898 0 21445 1741
p 2 32 888 0 25720 1855
p 2 36 884 0 22255 1796
p 2 28 891 1 23268 1782
p 2 29 891 0 20849 1765
p 2 26 894 0 14980 1634
p 2 29 889 2 20570 1741
p 2 24 896 0 21686 1689
p 2 47 873 0 24786 1798
i 2 920 0 0 72227 4547
p 2 3 917 0 16038 1372
p 2 0 920 0 19758 1449
p 2 0 920 0 19065 1431
p 2 0 920 0 19410 1389
p 2 0 920 0 20138 1452
p 2 0 920 0 19609 1426
p 2 0 920 0 19289 1429
p 2 0 920 0 19073 1436
p 2 0 920 0 18902 1425
p 2 2 918 0 18557 1415
p 2 0 920 0 19499 1440
p 2 0 920 0 19959 1442
p 2 0 920 0 20058 1423
p 2 4 916 0 19782 1456
p 2 0 920 0 19525 1423
p 2 0 920 0 19536 1438
p 2 1 919 0 19940 1447
p 2 3 917 0 19672 1458
p 2 0 920 0 19683 1446
p 2 0 920 0 19138 1433
p 2 0 920 0 19825 1439
p 2 2 918 0 19789 1454
p 2 1 919 0 19846 1450
p 2 0 920 0 20047 1447
p 2 0 920 0 20629 1454
p 2 0 920 0 20912 1452
p 2 1 919 0 21270 1464
p 2 1 919 0 20507 1468
p 2 0 920 0 20614 1451
p 2 0 920 0 21076 1459
p 2 0 920 0 21924 1494
p 2 0 920 0 21741 1479
p 2 0 920 0 22169 1476
p 2 0 920 0 22136 1470
p 2 2 918 0 22098 1484
p 2 0 920 0 21864 1484
p 2 0 920 0 22151 1504
p 2 2 918 0 22172 1509
p 2 0 920 0 23144 1501
p 2 0 920 0 23715 1533
p 2 1 919 0 24291 1531
p 2 2 918 0 24300 1537
p 2 3 917 0 25007 1557
p 2 4 916 0 24056 1558
p 2 2 918 0 24081 1535
p 2 1 919 0 23740 1552
p 2 1 919 0 23875 1539
p 2 1 919 0 23641 1550
p 2 0 920 0 24594 1565
p 2 0 920 0 25042 1571
p 2 1 919 0 25231 1600
p 2 1 919 0 24566 1566
p 2 2 918 0 24283 1566
p 2 0 920 0 24549 1572
p 2 0 920 0 25042 1583
p 2 0 920 0 24669 1564
p 2 1 919 0 25149 1575
p 2 1 919 0 25606 1582
p 2 1 919 0 23921 1547
i 2 920 0 0 69166 4807
p 2 2 286 632 3840 495
p 2 0 274 646 3965 477
p 2 154 371 395 52969 2015
p 2 0 392 528 4289 616
p 2 0 311 609 3853 507
p 2 215 394 311 64530 2472
p 2 0 410 510 4409 638
p 2 0 325 595 3800 532
p 2 214 423 283 65855 2548
p 2 0 382 538 3964 617
p 2 0 350 570 4084 559
p 2 196 456 268 68392 2510
p 2 0 414 506 4878 647
p 2 2 297 621 3872 510
p 2 48 394 478 32322 1156
p 2 0 385 535 4129 606
p 2 0 253 667 3682 454
p 2 47 385 488 30250 1140
p 2 2 388 530 3754 609
p 2 0 288 632 2826 476
p 2 84 386 450 40917 1442
p 2 0 386 534 3755 594
p 2 0 336 584 3686 530
p 2 93 436 391 46401 1585
p 2 0 357 563 4383 588
p 2 0 332 588 4197 544
p 2 75 403 442 28035 1295
p 2 0 327 593 3810 534
p 2 0 245 675 3829 456
p 2 33 436 451 28534 1098
p 2 1 437 482 4591 661
p 2 0 391 529 4332 596
p 2 51 453 416 30134 1265
p 2 0 387 533 4717 625
p 2 1 333 586 4293 554
p 2 42 424 454 30329 1177
p 2 0 377 543 4727 606
p 2 0 325 595 4289 535
p 2 54 434 432 28799 1242
p 2 0 379 541 4846 607
p 2 1 291 628 4198 505
p 2 3 290 627 7571 549
p 2 0 273 647 2756 469
p 2 0 265 655 2297 459
p 2 0 274 646 6276 500
p 2 0 234 686 3249 431
p 2 0 224 696 3461 421
p 2 1 298 621 7449 553
p 2 2 274 644 4039 495
p 2 0 245 675 3731 450
p 2 0 224 696 3797 430
p 2 0 220 700 3099 423
i 2 920 0 0 81860 4882
p 2 2 911 7 12716 1390
p 2 1 914 5 13158 1408
p 2 1 911 8 15570 1435
p 2 0 913 7 13270 1414
p 2 0 910 10 13934 1431
p 2 0 913 7 15402 1419
p 2 0 911 9 13370 1404
p 2 1 915 4 13391 1414
p 2 1 912 7 16087 1440
p 2 1 914 5 13348 1415
p 2 2 910 8 14294 1436
p 2 3 914 3 16948 1457
p 2 3 908 9 13861 1418
p 2 1 910 9 13684 1406
p 2 0 900 20 13879 1392
p 2 1 913 6 13531 1390
p 2 0 908 12 13453 1392
p 2 0 914 6 12939 1401
p 2 0 910 10 13178 1406
p 2 0 909 11 12793 1391
p 2 0 912 8 12590 1376
p 2 0 909 11 12960 1373
p 2 0 910 10 12774 1368
p 2 0 911 9 13613 1398
p 2 0 910 10 14113 1396
p 2 0 910 10 13995 1412
p 2 0 912 8 13843 1423
p 2 1 908 11 13201 1403
p 2 0 908 12 13202 1398
p 2 0 904 16 13609 1382
p 2 0 908 12 13707 1406
p 2 4 908 8 13393 1409
p 2 0 907 13 13364 1395
p 2 0 913 7 13315 1382
p 2 0 913 7 13457 1388
p 2 0 914 6 13502 1396
p 2 0 914 6 13613 1400
p 2 0 915 5 13406 1400
p 2 0 905 15 15609 1402
p 2 0 915 5 13255 1385
p 2 0 906 14 13696 1395
p 2 0 913 7 15361 1405
p 2 1 912 7 12730 1400
p 2 2 911 7 12754 1394
p 2 0 914 6 13829 1385
p 2 0 911 9 11974 1372
p 2 0 911 9 11813 1344
p 2 0 914 6 14050 1365
p 2 0 913 7 12768 1364
p 2 0 913 7 13175 1393
p 2 4 907 9 15295 1432
p 2 0 912 8 12344 1372
p 2 0 911 9 12438 1364
p 2 0 907 13 15138 1374
p 2 0 910 10 12794 1387
p 2 2 910 8 12583 1374
p 2 2 905 13 14617 1371
p 2 0 914 6 12267 1365
p 2 0 915 5 12674 1381
p 2 0 916 4 14467 1399
p 2 0 907 13 11784 1363
p 2 1 912 7 12139 1358
p 2 0 912 8 14892 1391
p 2 0 914 6 13020 1397
p 2 1 911 8 12575 1393
p 2 1 915 4 14504 1403
p 2 0 912 8 12059 1362
p 2 0 915 5 12155 1368
p 2 0 916 4 14548 1386
p 2 2 911 7 12392 1383
p 2 0 913 7 11931 1356
p 2 0 912 8 14911 1387
p 2 1 906 13 11987 1363
p 2 0 914 6 11840 1344
p 2 0 909 11 12112 1350
p 2 0 917 3 12497 1346
p 2 0 913 7 13050 1351
p 2 3 911 6 12873 1373
p 2 0 911 9 12577 1359
p 2 0 908 12 12440 1355
p 2 0 914 6 12289 1378
p 2 1 911 8 12182 1352
p 2 0 914 6 12392 1357
p 2 0 914 6 12333 1345
p 2 0 908 12 12215 1339
p 2 0 908 12 12578 1354
p 2 0 916 4 12952 1387
p 2 0 911 9 13135 1377
p 2 0 913 7 12509 1379
p 2 0 914 6 12360 1360
p 2 0 913 7 12442 1366
p 2 0 913 7 12587 1353
p 2 0 908 12 12287 1364
p 2 0 908 12 12190 1358
p 2 0 913 7 11560 1333
p 2 0 908 12 11773 1345
p 2 0 909 11 11745 1326
p 2 0 919 1 11607 1329
p 2 0 909 11 13849 1334
p 2 0 911 9 12282 1341
p 2 0 916 4 12858 1369
p 2 0 911 9 14318 1376
p 2 0 907 13 11750 1349
p 2 0 913 7 11981 1344
p 2 0 907 13 14150 1358
p 2 0 912 8 12303 1339
p 2 0 910 10 12149 1346
p 2 0 913 7 13716 1372
p 2 0 909 11 11628 1351
p 2 0 914 6 11599 1344
p 2 0 912 8 14116 1365
p 2 0 915 5 11832 1358
p 2 0 910 10 12315 1363
p 2 0 916 4 15195 1391
p 2 4 901 15 12285 1357
p 2 1 915 4 12102 1371
p 2 0 908 12 13675 1371
p 2 1 911 8 11465 1364
p 2 0 907 13 10878 1360
p 2 2 917 1 12884 1372
p 2 0 904 16 11076 1337
p 2 0 915 5 11204 1326
p 2 0 909 11 13859 1342
p 2 0 914 6 12002 1330
p 2 0 912 8 12369 1347
p 2 0 913 7 13813 1357
p 2 0 915 5 11474 1364
p 2 0 914 6 11345 1344
p 2 0 906 14 13449 1352
p 2 0 909 11 11695 1336
p 2 1 909 10 12492 1361
p 2 0 913 7 15065 1375
p 2 0 909 11 11853 1337
p 2 0 913 7 11975 1338
p 2 0 909 11 12180 1345
p 2 0 912 8 11996 1339
p 2 0 905 15 12205 1334
p 2 0 905 15 12318 1361
p 2 0 909 11 12330 1376
p 2 0 917 3 12022 1374
p 2 0 911 9 11093 1354
p 2 0 911 9 11063 1339
p 2 0 906 14 11210 1343
p 2 0 907 13 11007 1332
p 2 0 913 7 11018 1343
p 2 0 914 6 11090 1340
p 2 0 912 8 11447 1356
p 2 0 909 11 11421 1340
p 2 0 916 4 11762 1347
p 2 0 915 5 11951 1347
p 2 0 911 9 12296 1358
p 2 0 911 9 12417 1336
p 2 0 911 9 12696 1364
p 2 0 905 15 12583 1366
p 2 1 898 21 12654 1350
p 2 0 910 10 12276 1339
p 2 0 913 7 12232 1346
p 2 0 912 8 11699 1332
p 2 0 908 12 14063 1362
p 2 0 905 15 11594 1329
p 2 0 910 10 12068 1373
p 2 1 911 8 14419 1386
p 2 0 912 8 11865 1362
p 2 0 914 6 11938 1352
p 2 0 905 15 13633 1355
p 2 0 911 9 11570 1342
p 2 0 907 13 11962 1328
p 2 1 908 11 14237 1379
p 2 0 912 8 12110 1384
p 2 1 909 10 11495 1387
p 2 0 910 10 13451 1366
p 2 1 910 9 11003 1346
p 2 0 908 12 10829 1333
p 2 1 916 3 14175 1359
p 2 0 909 11 11735 1327
p 2 0 907 13 11688 1339
p 2 0 911 9 13727 1355
p 2 0 915 5 11447 1352
p 2 1 907 12 11472 1357
p 2 0 909 11 13729 1354
p 2 0 909 11 12297 1344
p 2 0 912 8 12445 1345
p 2 1 912 7 15007 1396
p 2 1 912 7 11857 1374
p 2 0 912 8 12000 1349
p 2 0 912 8 13935 1372
p 2 0 910 10 12324 1369
p 2 0 912 8 12588 1372
p 2 0 902 18 14850 1379
p 2 1 904 15 12938 1365
p 2 3 911 6 12669 1377
p 2 0 912 8 14890 1377
p 2 0 912 8 12069 1360
p 2 0 915 5 12341 1359
p 2 0 915 5 12046 1386
p 2 2 912 6 11465 1382
p 2 0 904 16 12143 1351
p 2 0 913 7 12876 1356
p 2 1 906 13 12949 1388
p 2 2 913 5 12653 1402
p 2 2 911 7 12086 1404
p 2 1 914 5 11980 1363
p 2 0 908 12 11597 1346
p 2 0 915 5 11808 1356
p 2 0 909 11 12475 1367
p 2 0 916 4 12301 1371
p 2 0 909 11 12289 1383
p 2 0 916 4 11810 1364
p 2 0 913 7 12116 1358
i 2 920 0 0 53369 4958
p 2 0 466 454 5325 720
p 2 1 460 459 5471 720
p 2 3 452 465 5915 729
p 2 1 476 443 6517 762
p 2 1 501 418 6300 774
p 2 11 494 415 7432 833
p 2 0 468 452 6083 741
p 2 1 452 467 5781 728
p 2 19 459 442 8892 874
p 2 3 453 464 5622 740
p 2 1 433 486 5176 692
p 2 73 441 406 14642 1201
p 2 1 420 499 4788 676
p 2 0 392 528 4669 627
p 2 118 389 413 20241 1450
p 2 0 408 512 4711 650
p 2 4 382 534 4626 656
p 2 69 518 333 24874 1495
p 2 2 486 432 4453 761
p 2 1 422 497 4025 671
p 2 84 534 302 29451 1681
p 2 0 467 453 3962 729
p 2 0 378 542 3496 612
p 2 0 410 510 3927 650
p 2 1 396 523 3837 638
p 2 2 376 542 4314 625
p 2 4 373 543 5154 658
p 2 5 378 537 4684 654
p 2 0 384 536 4411 631
p 2 0 356 564 4196 595
p 2 0 365 555 3933 601
p 2 1 352 567 4056 596
p 2 3 332 585 4544 583
p 2 0 324 596 4150 563
p 2 0 343 577 4062 574
p 2 1 353 566 4071 598
p 2 1 337 582 3603 564
p 2 0 319 601 3509 536
p 2 1 331 588 4014 571
p 2 0 358 562 4202 597
p 2 1 350 569 4512 619
p 2 1 353 566 4285 621
p 2 2 368 550 4311 624
p 2 0 378 542 3751 603
p 2 0 347 573 3539 568
p 2 0 349 571 3654 583
p 2 0 341 579 3804 568
p 2 0 388 532 3962 609
p 2 0 374 546 3483 597
p 2 1 346 573 3449 572
p 2 1 365 554 3241 589
p 2 0 338 582 3299 560
p 2 0 351 569 3773 582
p 2 1 366 553 4330 616
p 2 0 411 509 4868 673
p 2 1 399 520 5143 666
p 2 0 423 497 5117 685
p 2 2 418 500 4689 678
p 2 3 419 498 4625 682
p 2 0 393 527 4188 632
p 2 0 385 535 3898 610
p 2 0 360 560 4260 599
p 2 0 407 513 5089 664
p 2 3 391 526 5745 686
p 2 1 402 517 5930 699
p 2 5 379 536 5270 673
p 2 4 340 576 4199 605
p 2 0 330 590 3573 556
p 2 0 308 612 3468 540
p 2 1 318 601 3618 560
p 2 1 339 580 3862 590
i 2 920 0 0 30472 3663
p 2 0 708 212 2631 927
p 2 97 638 185 9250 1335
p 2 0 500 420 2047 698
p 2 205 502 213 31012 2061
p 2 0 435 485 2043 659
p 2 94 568 258 30492 1773
p 2 0 456 464 2099 670
p 2 99 527 294 31835 1779
p 2 0 481 439 1930 701
p 2 41 605 274 28684 1507
p 2 0 507 413 2269 735
p 2 18 641 261 23677 1348
p 2 2 562 356 2660 817
p 2 9 643 268 23082 1291
p 2 2 539 379 2697 783
p 2 3 533 384 2478 767
p 2 0 411 509 1834 617
p 2 4 424 492 2537 656
p 2 0 398 522 1582 591
p 2 0 418 502 1490 606
p 2 0 367 553 1857 579
p 2 0 356 564 1527 547
p 2 0 352 568 1711 560
p 2 0 395 525 2479 608
p 2 0 350 570 1812 566
p 2 1 374 545 2080 601
p 2 5 382 533 2360 672
p 2 1 395 524 1994 624
p 2 0 364 556 1894 576
p 2 4 374 542 2292 601
p 2 0 335 585 1442 537
p 2 0 382 538 1600 585
p 2 3 347 570 2012 586
p 2 0 380 540 1911 581
p 2 0 316 604 1614 520
p 2 4 351 565 2289 578
p 2 0 320 600 1439 524
p 2 0 350 570 1627 550
p 2 0 364 556 2280 607
p 2 0 387 533 1921 592
p 2 0 369 551 1991 571
p 2 0 393 527 2581 610
p 2 0 360 560 1671 560
p 2 0 365 555 1451 554
p 2 0 329 591 1262 525
p 2 0 351 569 1286 535
p 2 0 290 630 1364 485
p 2 0 310 610 1488 505
p 2 1 293 626 1980 532
p 2 0 337 583 1588 573
p 2 1 342 577 2107 586
p 2 0 355 565 2009 558
p 2 0 298 622 1562 505
p 2 0 308 612 1287 495
p 2 0 292 628 1187 493
p 2 0 336 584 1409 526
p 2 53 493 374 24997 1418
p 2 0 498 422 2178 717
p 2 0 365 555 1572 561
p 2 58 553 309 26389 1518
p 2 0 470 450 2284 695
p 2 0 427 493 2052 637
p 2 47 584 289 27607 1521
p 2 0 534 386 3163 792
p 2 0 422 498 2716 661
p 2 43 642 235 29826 1606
p 2 0 556 364 2972 806
p 2 0 479 441 1964 676
i 2 920 0 0 43608 4069
p 2 0 519 401 1929 716
p 2 0 453 467 1605 638
p 2 228 523 169 36278 2402
p 2 0 511 409 2034 711
p 2 0 342 578 1309 532
p 2 254 477 189 37013 2466
p 2 0 432 488 1990 665
p 2 0 386 534 1618 582
p 2 413 352 155 32613 2960
p 2 1 513 406 1809 723
p 2 0 392 528 1221 583
p 2 262 425 233 20220 2174
p 2 0 484 436 1565 692
p 2 0 470 450 1390 656
p 2 198 372 350 14784 1741
p 2 0 458 462 1873 657
p 2 0 405 515 1896 604
p 2 96 473 351 8229 1305
p 2 0 492 428 2279 738
p 2 0 538 382 2390 753
p 2 7 485 428 5705 802
p 2 0 488 432 2031 679
p 2 0 407 513 1948 613
p 2 5 443 472 5271 729
p 2 0 407 513 1749 611
i 2 920 0 0 52010 4395
p 2 3 461 456 4028 684
p 2 0 458 462 3906 657
p 2 0 410 510 4154 613
p 2 0 440 480 4697 645
p 2 0 403 517 4383 607
p 2 2 375 543 3657 587
p 2 3 340 577 3211 551
p 2 0 378 542 3456 580
p 2 1 342 577 3717 543
p 2 0 362 558 4166 567
p 2 2 361 557 4313 584
p 2 1 365 554 4624 591
p 2 0 393 527 4816 626
p 2 4 406 510 5232 683
p 2 5 387 528 4122 639
p 2 3 362 555 4920 621
p 2 0 366 554 3949 583
p 2 3 368 549 5491 626
p 2 0 395 525 4376 611
p 2 0 401 519 6058 658
p 2 1 393 526 4458 607
p 2 14 415 491 6707 742
p 2 0 442 478 5002 662
p 2 0 494 426 5429 716
p 2 0 685 235 7345 924
p 2 0 712 208 7964 977
p 2 1 751 168 8396 1031
p 2 7 807 106 11552 1193
p 2 4 794 122 9878 1134
p 2 37 808 75 15903 1478
p 2 0 820 100 11046 1230
p 2 71 778 71 19041 1748
p 2 3 794 123 8080 1153
p 2 61 790 69 19764 1727
p 2 3 782 135 8285 1160
p 2 47 637 236 15899 1337
p 2 1 536 383 3219 805
p 2 52 536 332 21699 1370
p 2 0 494 426 3025 734
p 2 76 571 273 27020 1653
p 2 3 521 396 3472 800
p 2 95 551 274 31141 1744
p 2 1 468 451 2936 752
p 2 96 514 310 33395 1773
p 2 2 447 471 2442 735
p 2 106 491 323 35571 1823
p 2 0 413 507 2289 670
p 2 98 526 296 33396 1788
p 2 0 426 494 3025 695
p 2 104 496 320 34498 1839
p 2 0 447 473 2858 689
p 2 101 518 301 35684 1876
p 2 1 473 446 2788 743
p 2 89 546 285 37884 1858
p 2 0 480 440 3170 737
p 2 113 542 265 32698 1890
p 2 5 510 405 3494 834
p 2 77 504 339 24059 1549
p 2 0 469 451 2815 726
p 2 53 523 344 22773 1402
p 2 0 480 440 3440 764
p 2 98 486 336 22475 1592
p 2 0 480 440 4003 768
p 2 102 558 260 28521 1823
p 2 0 534 386 4221 839
p 2 129 583 208 30210 2048
p 2 4 503 413 3206 834
p 2 123 603 194 26843 1930
p 2 1 542 377 3567 867
p 2 84 508 328 21823 1541
p 2 0 471 449 3251 742
p 2 78 514 328 27179 1616
p 2 1 439 480 2454 685
p 2 59 507 354 24858 1470
p 2 0 452 468 2774 712
p 2 50 498 372 23018 1376
p 2 1 472 447 3461 750
p 2 32 544 344 21336 1320
p 2 3 482 435 3644 812
p 2 44 529 347 19296 1312
p 2 1 470 449 2959 730
p 2 46 487 387 16459 1254
p 2 1 423 496 2415 661
p 2 36 483 401 13289 1108
p 2 7 402 511 2800 683
p 2 33 441 446 8833 989
p 2 1 388 531 2875 637
p 2 23 424 473 6559 876
i 2 920 0 0 76998 5135
p 2 0 290 630 2920 510
p 2 0 248 672 2354 458
p 2 0 215 705 2199 417
p 2 1 217 702 2397 441
p 2 2 223 695 2599 449
p 2 0 235 685 2906 454
p 2 1 256 663 3687 494
p 2 0 276 644 4276 508
p 2 0 283 637 4060 529
p 2 0 272 648 3680 504
p 2 2 262 656 3405 499
p 2 1 289 630 3699 524
p 2 0 280 640 3790 517
p 2 0 285 635 4080 530
p 2 1 269 650 4474 526
p 2 2 262 656 3789 525
p 2 3 254 663 3348 512
p 2 4 247 669 3190 500
p 2 0 239 681 3081 472
p 2 0 275 645 3452 497
p 2 1 282 637 4072 527
p 2 0 319 601 3424 561
p 2 0 311 609 3325 544
p 2 0 314 606 3099 539
p 2 0 312 608 3107 537
p 2 0 308 612 3298 530
p 2 0 281 639 3471 508
p 2 1 253 666 2975 483
p 2 0 249 671 3026 464
p 2 0 266 654 3272 488
p 2 1 275 644 3453 505
p 2 0 286 634 3583 518
p 2 0 301 619 3768 539
p 2 0 271 649 3599 501
p 2 0 260 660 3392 483
p 2 1 257 662 3751 497
p 2 2 271 647 3957 509
p 2 0 260 660 4020 502
p 2 0 263 657 3862 495
p 2 0 253 667 3247 463
p 2 0 233 687 2880 438
p 2 0 242 678 2882 447
p 2 0 242 678 2636 453
p 2 0 248 672 3331 472
p 2 1 260 659 3545 494
p 2 0 304 616 4093 540
p 2 0 303 617 4036 533
p 2 0 296 624 3788 524
p 2 0 293 627 3651 506
p 2 0 300 620 3482 530
p 2 0 297 623 3683 525
p 2 0 295 625 3131 531
p 2 2 282 636 3057 516
p 2 0 252 668 3072 476
p 2 0 230 690 2717 439
p 2 0 255 665 2862 469
p 2 0 260 660 3244 473
p 2 0 279 641 3199 501
p 2 1 271 648 3015 494
p 2 0 313 607 3658 539
p 2 0 307 613 3619 528
p 2 1 289 630 3489 515
p 2 1 276 643 3663 512
p 2 1 264 655 3546 510
i 2 920 0 0 94008 5041
p 2 0 405 515 4330 626
p 2 0 414 506 4597 631
p 2 0 386 534 4674 611
p 2 1 397 522 4453 627
p 2 0 464 456 5032 687
p 2 0 451 469 5366 667
p 2 0 395 525 5341 615
p 2 0 427 493 5161 640
p 2 1 473 446 5171 707
p 2 3 434 483 4999 683
p 2 1 487 432 5627 737
p 2 3 477 440 5670 730
p 2 0 431 489 5701 664
p 2 1 432 487 5730 667
p 2 1 459 460 5829 700
p 2 1 437 482 5729 673
p 2 0 370 550 5134 584
p 2 0 394 526 5217 617
p 2 0 412 508 5201 642
p 2 0 374 546 3771 586
p 2 1 322 597 3275 540
p 2 0 333 587 3274 537
p 2 0 398 522 3564 614
p 2 0 396 524 3590 599
p 2 0 397 523 4601 612
p 2 0 429 491 5640 659
p 2 2 451 467 5733 708
p 2 4 422 494 5145 679
p 2 1 404 515 5495 638
p 2 1 411 508 5886 638
p 2 1 468 451 5912 703
p 2 0 463 457 4171 675
p 2 0 390 530 3840 601
p 2 0 383 537 3775 596
p 2 0 404 516 3663 620
p 2 0 394 526 4026 612
p 2 0 358 562 3290 571
p 2 0 356 564 4011 571
p 2 0 405 515 3695 612
p 2 0 405 515 4620 618
p 2 1 371 548 4023 600
p 2 1 368 551 4549 593
p 2 1 399 520 3869 630
p 2 0 382 538 4266 602
p 2 1 330 589 2667 547
p 2 0 315 605 3184 520
p 2 0 326 594 2423 521
p 2 0 345 575 3881 552
p 2 0 364 556 3401 567
p 2 2 370 548 5254 606
p 2 0 404 516 3855 610
p 2 0 395 525 5354 628
p 2 0 342 578 3409 551
p 2 0 378 542 6174 612
p 2 1 409 510 4477 639
p 2 0 424 496 7395 666
p 2 2 403 515 4740 622
p 2 0 444 476 7297 687
p 2 0 446 474 4292 661
p 2 2 449 469 7738 709
p 2 2 412 506 4554 637
p 2 4 431 485 8113 721
p 2 2 452 466 5120 708
p 2 3 467 450 8145 747
p 2 1 412 507 4478 636
p 2 2 466 452 7866 735
p 2 1 450 469 4395 675
p 2 1 410 509 8171 678
p 2 3 378 539 4049 610
p 2 3 408 509 7379 694
p 2 1 442 477 4061 674
p 2 2 435 483 7582 714
p 2 0 418 502 3739 626
p 2 2 385 533 7989 671
p 2 0 439 481 4034 655
p 2 1 452 467 8647 734
p 2 1 416 503 4342 632
p 2 1 433 486 8785 709
p 2 0 449 471 4766 678
p 2 1 464 455 9066 755
p 2 0 414 506 3750 637
p 2 1 431 488 9381 715
p 2 0 443 477 3966 664
p 2 1 434 485 10051 731
p 2 1 384 535 3822 611
p 2 4 413 503 9827 743
p 2 0 433 487 4082 659
p 2 3 425 492 9962 743
p 2 0 363 557 3609 579
p 2 0 395 525 9369 711
p 2 0 410 510 3848 629
p 2 3 471 446 9972 808
p 2 0 465 455 4431 688
p 2 1 518 401 10367 848
p 2 0 453 467 4338 679
p 2 5 426 489 9602 758
p 2 1 375 544 3323 578
p 2 3 433 484 10354 765
p 2 0 393 527 3651 602
p 2 2 437 481 11145 775
p 2 0 441 479 4675 653
p 2 4 479 437 11409 832
p 2 0 462 458 4555 692
p 2 3 470 447 12178 817
p 2 0 430 490 4502 659
p 2 2 493 425 12726 855
p 2 1 447 472 4266 664
p 2 5 474 441 12288 825
p 2 0 425 495 4281 626
p 2 3 463 454 11421 799
p 2 0 409 511 4261 622
p 2 1 448 471 11454 792
i 2 920 0 0 28663 3208
p 2 6 258 656 3007 530
p 2 2 243 675 2727 513
p 2 96 278 546 13007 1070
p 2 1 323 596 3382 604
p 2 138 354 428 20128 1485
p 2 1 411 508 3777 698
p 2 53 486 381 18601 1344
p 2 7 432 481 4570 775
p 2 39 460 421 15450 1178
p 2 1 430 489 5122 758
p 2 27 439 454 14689 1086
p 2 2 432 486 4219 730
p 2 10 439 471 14179 989
p 2 0 369 551 3287 636
p 2 2 302 616 2848 542
p 2 16 402 502 13615 973
p 2 1 382 537 3361 658
p 2 0 308 612 2774 559
p 2 14 371 535 13475 935
p 2 0 341 579 3068 595
p 2 0 278 642 2795 518
p 2 20 389 511 14491 1018
p 2 1 372 547 3904 660
p 2 2 329 589 3923 627
p 2 179 300 441 17691 1618
p 2 1 348 571 3644 663
p 2 58 369 493 14273 1242
p 2 0 368 552 3272 634
p 2 40 380 500 12496 1070
p 2 0 335 585 3114 600
p 2 69 307 544 10028 1037
p 2 1 294 625 2978 558
p 2 22 283 615 5904 736
p 2 2 253 665 2259 502
i 2 920 0 0 59020 4351
p 2 2 461 457 5346 713
p 2 3 499 418 5924 771
p 2 0 517 403 5499 750
p 2 1 557 362 6565 810
p 2 0 553 367 5672 793
p 2 2 544 374 6542 814
p 2 2 559 359 5904 815
p 2 3 597 320 7042 885
p 2 2 563 355 6246 822
p 2 3 545 372 6975 827
p 2 1 555 364 6504 816
p 2 3 593 324 8039 896
p 2 2 586 332 6631 867
p 2 6 563 351 8600 890
p 2 1 543 376 5374 810
p 2 20 525 375 9992 925
p 2 3 563 354 5426 824
p 2 26 521 373 13589 1011
p 2 0 497 423 4639 715
p 2 34 511 375 16788 1080
p 2 2 549 369 5146 794
p 2 43 551 326 18437 1226
p 2 0 509 411 5085 762
p 2 44 503 373 18159 1194
p 2 1 548 371 5107 793
p 2 62 527 331 21361 1319
p 2 0 516 404 4990 750
p 2 69 563 288 26442 1461
p 2 0 579 341 5672 825
p 2 68 593 259 31600 1553
p 2 3 586 331 5400 871
p 2 69 571 280 34000 1578
p 2 0 530 390 4932 777
p 2 92 594 234 37488 1778
p 2 0 553 367 5266 808
p 2 110 556 254 41289 1894
p 2 0 549 371 5294 817
p 2 116 534 270 41972 1876
p 2 1 561 358 4759 827
p 2 111 566 243 42256 1947
p 2 0 582 338 4898 841
p 2 114 571 235 44365 1953
p 2 1 578 341 5462 853
p 2 116 614 190 44170 1995
p 2 2 539 379 4635 810
p 2 107 612 201 42713 1902
p 2 0 578 342 4463 817
p 2 106 547 267 41796 1868
p 2 0 529 391 4649 771
p 2 123 526 271 43249 1884
p 2 0 585 335 5265 843
p 2 139 562 219 42251 2035
p 2 0 553 367 5054 801
p 2 103 595 222 43833 1879
p 2 3 584 333 5991 864
p 2 112 548 260 41521 1872
p 2 0 561 359 5708 832
p 2 99 557 264 39597 1833
p 2 0 548 372 5588 821
p 2 92 537 291 36216 1711
p 2 2 579 339 6339 865
p 2 82 554 284 33332 1612
p 2 0 545 375 5774 811
p 2 65 529 326 30614 1476
i 2 920 0 0 91299 5171
p 2 0 331 589 3857 535
p 2 0 314 606 3835 518
p 2 74 616 230 52184 1921
p 2 0 528 392 4732 805
p 2 0 371 549 3718 579
p 2 22 659 239 48338 1593
p 2 0 587 333 4352 845
p 2 0 385 535 3200 595
p 2 18 642 260 47842 1460
p 2 2 562 356 4479 832
p 2 0 389 531 3524 596
p 2 69 673 178 52180 1897
p 2 5 543 372 4665 848
p 2 1 366 553 3448 592
p 2 29 464 427 33951 1136
p 2 0 440 480 3676 670
p 2 0 379 541 3266 588
p 2 8 456 456 32031 959
p 2 0 419 501 3847 647
p 2 1 335 584 3324 538
p 2 16 456 448 33576 1010
p 2 2 461 457 4917 708
p 2 3 379 538 4537 602
p 2 3 350 567 4545 573
p 2 1 357 562 5028 581
p 2 4 361 555 5141 604
p 2 1 366 553 5323 587
p 2 2 349 569 5129 584
i 2 920 0 0 37098 3889
p 2 7 538 375 7612 898
p 2 3 559 358 7766 897
p 2 1 560 359 8470 899
p 2 9 569 342 8192 960
p 2 3 545 372 8018 901
p 2 8 548 364 8922 947
p 2 2 515 403 7027 843
p 2 8 520 392 8360 907
p 2 3 504 413 7074 834
p 2 3 497 420 8035 856
p 2 2 483 435 7054 806
p 2 0 493 427 9863 863
p 2 5 518 397 8154 875
p 2 13 507 400 9947 944
p 2 9 507 404 8256 894
p 2 2 525 393 9260 893
p 2 5 495 420 7062 838
p 2 3 522 395 9521 898
p 2 5 502 413 7151 836
p 2 4 505 411 9514 904
p 2 2 536 382 8550 885
p 2 0 544 376 10251 955
p 2 3 553 364 8531 943
p 2 7 603 310 11954 1088
p 2 3 623 294 10548 1056
p 2 11 632 277 13318 1161
p 2 9 655 256 11033 1152
p 2 13 637 270 12132 1165
p 2 7 645 268 10208 1083
p 2 10 628 282 12517 1133
p 2 5 622 293 9577 1041
p 2 7 613 300 10662 1062
p 2 5 586 329 9340 995
p 2 5 621 294 9837 1054
p 2 6 587 327 7825 966
p 2 3 600 317 9417 1013
p 2 7 557 356 7359 900
p 2 6 566 348 9262 971
p 2 4 590 326 8506 957
p 2 3 574 343 8940 979
p 2 6 561 353 8211 948
p 2 3 599 318 9980 1028
p 2 2 591 327 8064 951
p 2 4 608 308 9058 1013
p 2 3 589 328 7748 968
p 2 6 543 371 8208 930
p 2 3 538 379 7473 875
p 2 9 575 336 10063 999
p 2 6 541 373 8262 919
p 2 9 542 369 9730 968
p 2 6 539 375 8852 927
p 2 5 569 346 9758 980
p 2 3 561 356 7959 914
p 2 6 531 383 9597 937
p 2 3 510 407 7021 837
p 2 3 556 361 9754 953
p 2 5 549 366 8545 917
p 2 4 545 371 9595 956
p 2 3 529 388 7446 874
p 2 4 554 362 10371 981
p 2 2 552 366 8021 909
p 2 3 590 327 11592 1021
p 2 2 609 309 10248 1009
p 2 4 615 301 12229 1072
i 2 920 0 0 55969 4170
p 2 4 567 349 6113 820
p 2 2 594 324 5851 827
p 2 6 620 294 10250 1027
p 2 7 593 320 8915 904
p 2 2 542 376 7458 844
p 2 11 621 288 12433 1105
p 2 0 595 325 6556 839
p 2 8 557 355 9846 893
p 2 8 578 334 10754 999
p 2 22 626 272 13599 1057
p 2 3 587 330 9795 875
p 2 54 606 260 19328 1374
p 2 1 599 320 8884 903
p 2 41 545 334 18610 1197
p 2 7 608 305 13331 1101
p 2 26 635 259 15024 1161
p 2 0 634 286 8595 907
p 2 31 726 163 21390 1403
p 2 2 664 254 11128 993
p 2 86 673 161 22907 1578
p 2 6 702 212 13958 1201
p 2 39 760 121 27212 1578
p 2 5 722 193 12224 1117
p 2 76 746 98 36083 1866
p 2 3 755 162 14444 1156
p 2 58 718 144 30978 1691
p 2 3 798 119 15888 1272
p 2 14 784 122 24618 1443
p 2 5 745 170 11735 1134
p 2 17 761 142 24921 1444
p 2 3 675 242 10977 1047
p 2 14 724 182 19614 1249
p 2 3 728 189 13912 1214
p 2 11 737 172 16831 1235
p 2 1 704 215 12787 1089
p 2 15 715 190 17424 1325
p 2 4 734 182 12996 1132
p 2 6 705 209 13506 1091
p 2 6 724 190 13704 1175
p 2 0 709 211 12403 1025
p 2 1 671 248 11849 1030
p 2 9 684 227 15195 1180
p 2 2 711 207 10992 1053
p 2 0 682 238 13043 1028
p 2 3 684 233 15033 1163
p 2 14 667 239 13683 1139
p 2 4 624 292 11523 1006
p 2 4 669 247 15459 1158
p 2 0 628 292 9173 948
p 2 5 632 283 12103 1008
p 2 1 662 257 13281 1101
p 2 1 654 265 10545 1018
i 2 920 0 0 53382 3929
p 2 1 707 212 6430 1049
p 2 1 695 224 8799 1055
p 2 2 660 258 10040 1037
p 2 0 700 220 10000 1078
p 2 0 660 260 9743 1031
p 2 2 668 250 10529 1062
p 2 0 658 262 10694 1045
p 2 1 708 211 10515 1114
p 2 2 654 264 10866 1053
p 2 0 665 255 10192 1054
p 2 2 633 285 10377 1044
p 2 4 704 212 11830 1133
p 2 2 666 252 11227 1077
p 2 0 671 249 11034 1068
p 2 4 634 282 11451 1032
p 2 1 660 259 10994 1059
p 2 2 631 287 10962 1003
p 2 2 656 262 11159 1013
p 2 0 616 304 10712 979
p 2 2 643 275 10858 1022
p 2 0 595 325 11118 983
p 2 0 638 282 10252 998
p 2 1 598 321 9687 946
p 2 4 650 266 7852 1019
p 2 1 654 265 6406 995
p 2 1 646 273 10183 1024
p 2 1 616 303 12555 1029
p 2 0 653 267 12129 1035
p 2 0 648 272 12581 1049
p 2 1 658 261 12897 1077
p 2 1 631 288 13468 1064
p 2 0 661 259 13861 1072
p 2 0 619 301 15368 1061
p 2 1 671 248 14222 1092
p 2 2 647 271 14053 1083
p 2 3 661 256 15196 1111
p 2 0 666 254 14042 1087
p 2 1 664 255 14355 1100
p 2 3 698 219 16774 1173
p 2 0 694 226 15107 1122
p 2 0 683 237 14508 1087
p 2 1 676 243 16095 1101
p 2 0 655 265 14152 1056
p 2 0 645 275 14164 1043
p 2 4 642 274 16111 1094
p 2 0 643 277 13589 1033
p 2 0 633 287 12859 1027
p 2 14 651 255 14107 1138
p 2 16 667 237 13972 1218
p 2 40 656 224 22781 1421
p 2 75 632 213 29018 1609
p 2 64 670 186 30184 1632
p 2 80 659 181 31470 1713
p 2 80 682 158 32299 1782
p 2 83 666 171 32261 1784
p 2 60 714 146 31831 1752
p 2 29 723 168 25362 1510
p 2 43 728 149 29134 1625
p 2 1 739 180 21825 1339
p 2 31 717 172 27212 1469
p 2 1 711 208 18647 1223
p 2 31 708 181 28912 1533
p 2 5 713 202 21554 1293
p 2 40 694 186 28302 1560
p 2 0 729 191 22091 1306
p 2 29 724 167 28081 1517
p 2 1 745 174 20531 1321
p 2 27 729 164 24593 1466
p 2 6 731 183 18884 1298
p 2 43 691 186 23743 1458
p 2 3 713 204 17744 1237
p 2 26 717 177 23060 1413
p 2 0 758 162 15050 1236
p 2 25 721 174 25405 1450
p 2 4 719 197 21326 1305
p 2 26 721 173 25691 1461
p 2 2 765 153 20832 1332
p 2 21 733 166 26741 1473
p 2 2 746 172 22648 1335
p 2 35 707 178 27056 1510
p 2 13 716 191 24803 1388
p 2 57 689 174 29726 1638
p 2 32 713 175 25302 1505
p 2 39 712 169 34559 1672
p 2 19 739 162 27589 1493
p 2 94 653 173 38015 1925
p 2 3 729 188 26075 1398
p 2 66 691 163 36961 1827
p 2 5 743 172 24714 1400
p 2 41 728 151 34611 1684
p 2 0 741 179 23139 1332
p 2 58 708 154 33590 1757
p 2 0 742 178 21560 1335
p 2 64 695 161 32914 1736
p 2 4 735 181 21706 1305
p 2 43 714 163 31515 1619
p 2 1 734 185 19115 1257
p 2 72 688 160 36062 1808
p 2 0 743 177 23083 1292
p 2 69 685 166 34717 1785
p 2 6 714 200 25686 1418
p 2 36 722 162 33564 1658
p 2 4 743 173 25759 1414
p 2 74 687 159 34024 1808
p 2 0 756 164 22595 1368
p 2 67 706 147 33135 1796
i 2 920 0 0 71011 5284
p 2 0 920 0 5845 1222
p 2 0 920 0 6507 1251
p 2 0 920 0 8081 1320
p 2 0 920 0 9070 1344
p 2 3 917 0 9343 1373
p 2 2 918 0 10797 1421
p 2 1 919 0 10458 1420
p 2 1 919 0 9548 1406
p 2 0 920 0 10693 1400
p 2 0 920 0 10227 1394
p 2 2 918 0 10467 1415
p 2 0 920 0 9837 1401
p 2 4 916 0 10124 1431
p 2 1 919 0 10425 1440
p 2 1 919 0 10769 1446
p 2 1 919 0 10924 1441
p 2 5 915 0 10472 1455
p 2 0 920 0 10782 1436
p 2 1 919 0 10175 1404
p 2 2 918 0 11096 1443
p 2 1 919 0 10282 1438
p 2 2 918 0 11038 1466
p 2 3 917 0 10611 1441
p 2 0 920 0 10873 1424
p 2 2 917 1 10889 1448
p 2 1 919 0 11188 1451
p 2 1 919 0 11572 1445
p 2 0 920 0 12507 1465
p 2 0 920 0 12494 1473
p 2 2 918 0 12270 1507
p 2 7 913 0 11325 1514
p 2 1 919 0 11740 1493
p 2 2 918 0 11077 1463
p 2 1 919 0 12263 1487
p 2 1 919 0 11740 1474
p 2 0 920 0 11573 1476
p 2 1 919 0 11267 1458
p 2 2 918 0 11250 1456
p 2 2 918 0 11280 1483
p 2 0 920 0 11411 1489
p 2 11 909 0 11672 1538
p 2 4 916 0 12184 1499
p 2 5 915 0 11958 1506
p 2 3 917 0 11611 1491
p 2 1 919 0 12136 1492
p 2 1 919 0 12143 1490
p 2 1 919 0 11822 1456
p 2 2 918 0 11839 1477
p 2 0 920 0 12056 1461
p 2 5 915 0 12271 1506
p 2 4 916 0 12564 1484
p 2 5 915 0 12428 1481
p 2 8 912 0 11594 1456
p 2 1 919 0 11484 1450
p 2 2 918 0 11588 1457
p 2 3 917 0 11352 1475
p 2 1 919 0 11378 1441
p 2 4 916 0 11633 1461
p 2 1 919 0 11431 1432
p 2 3 917 0 11433 1452
p 2 0 920 0 10935 1413
p 2 1 919 0 11200 1432
p 2 3 917 0 11546 1465
p 2 1 919 0 12352 1500
p 2 3 917 0 12189 1510
p 2 1 918 1 12232 1482
p 2 2 918 0 11185 1455
p 2 1 919 0 11889 1475
p 2 3 917 0 11801 1485
p 2 3 917 0 11967 1515
p 2 2 918 0 11524 1486
p 2 0 920 0 11985 1483
p 2 4 916 0 12931 1550
p 2 2 918 0 12231 1523
p 2 3 917 0 11791 1513
p 2 1 919 0 11854 1512
p 2 11 909 0 12365 1566
p 2 4 916 0 12957 1573
p 2 3 916 1 12503 1554
p 2 4 916 0 12293 1540
p 2 0 920 0 11870 1512
p 2 6 914 0 11909 1520
p 2 3 917 0 11564 1499
p 2 1 919 0 11810 1470
p 2 0 920 0 12119 1479
p 2 4 916 0 12858 1530
p 2 5 914 1 13062 1530
p 2 5 915 0 13206 1542
p 2 4 916 0 13106 1507
p 2 4 916 0 13616 1525
p 2 4 916 0 13660 1538
p 2 0 920 0 14475 1516
p 2 1 918 1 14901 1500
p 2 1 919 0 15620 1495
p 2 2 918 0 16208 1515
p 2 0 920 0 17021 1516
p 2 2 917 1 17177 1500
p 2 1 919 0 17620 1472
p 2 1 919 0 18699 1489
p 2 2 918 0 18872 1490
p 2 2 918 0 19498 1497
p 2 4 916 0 20933 1546
p 2 0 920 0 19174 1479
p 2 1 919 0 19062 1468
p 2 2 918 0 19026 1472
p 2 3 917 0 18920 1492
p 2 3 916 1 18871 1482
p 2 6 914 0 20028 1522
p 2 2 918 0 20259 1486
p 2 2 918 0 20443 1499
p 2 4 915 1 20893 1511
p 2 2 918 0 20804 1518
p 2 1 918 1 21064 1499
p 2 8 912 0 21430 1534
p 2 4 915 1 20988 1514
p 2 7 913 0 20856 1562
p 2 8 911 1 21257 1527
p 2 6 914 0 19893 1496
p 2 0 918 2 20341 1466
p 2 4 916 0 21144 1519
p 2 4 916 0 20754 1485
p 2 2 918 0 21512 1489
p 2 2 916 2 23009 1475
p 2 1 919 0 22190 1490
p 2 1 919 0 23013 1487
p 2 5 915 0 23692 1488
p 2 2 917 1 21666 1450
p 2 2 918 0 21716 1468
p 2 1 919 0 23656 1494
p 2 2 916 2 21687 1471
p 2 4 914 2 21477 1493
p 2 2 918 0 23159 1492
p 2 0 919 1 20711 1448
p 2 2 918 0 21494 1494
p 2 1 919 0 23535 1467
p 2 1 914 5 21409 1449
p 2 4 915 1 22295 1492
p 2 9 911 0 24896 1533
p 2 5 913 2 22316 1490
p 2 2 917 1 22422 1473
p 2 1 919 0 24732 1478
p 2 1 918 1 22780 1499
p 2 2 916 2 22914 1498
p 2 0 920 0 26278 1509
p 2 6 914 0 24455 1530
p 2 0 920 0 23940 1515
p 2 1 919 0 26177 1495
p 2 1 919 0 23979 1505
p 2 5 915 0 24505 1540
p 2 7 913 0 26804 1571
p 2 3 916 1 24688 1517
p 2 1 919 0 24401 1526
p 2 1 919 0 27552 1520
p 2 1 919 0 24072 1510
p 2 0 920 0 23827 1514
p 2 1 919 0 26833 1532
p 2 2 918 0 23660 1501
p 2 4 916 0 24357 1545
p 2 1 918 1 27895 1581
p 2 1 918 1 24137 1543
p 2 1 919 0 24051 1511
p 2 4 916 0 28323 1594
p 2 4 915 1 23991 1532
p 2 1 919 0 24423 1534
p 2 4 916 0 28892 1583
p 2 2 917 1 25690 1552
p 2 4 916 0 25235 1529
p 2 4 915 1 28741 1568
p 2 6 913 1 24787 1543
p 2 5 915 0 25517 1535
p 2 3 917 0 28004 1538
p 2 1 918 1 25519 1533
p 2 2 917 1 24539 1506
p 2 1 919 0 29200 1558
p 2 0 920 0 24095 1515
p 2 2 917 1 25307 1525
p 2 0 920 0 28307 1522
p 2 2 918 0 25611 1537
p 2 0 918 2 23929 1499
p 2 6 914 0 30642 1620
p 2 1 919 0 23223 1502
p 2 0 920 0 25039 1521
p 2 2 917 1 27915 1553
p 2 2 918 0 25854 1564
p 2 1 919 0 24123 1494
p 2 1 918 1 30213 1572
p 2 1 919 0 24723 1523
p 2 3 916 1 26296 1549
p 2 3 916 1 25659 1540
p 2 1 919 0 26107 1531
p 2 1 918 1 14285 1453
i 2 920 0 0 56780 4752
p 2 4 899 17 20133 1531
p 2 8 897 15 21870 1585
p 2 7 898 15 22304 1591
p 2 7 901 12 21835 1566
p 2 4 901 15 22101 1590
p 2 6 900 14 21818 1622
p 2 2 895 23 21999 1592
p 2 6 893 21 22299 1630
p 2 4 892 24 22398 1608
p 2 5 897 18 22354 1642
p 2 0 902 18 22601 1606
p 2 0 894 26 22556 1590
p 2 2 895 23 22705 1606
p 2 1 906 13 22608 1621
p 2 0 910 10 22836 1604
p 2 0 916 4 22539 1586
p 2 1 906 13 22663 1626
p 2 4 899 17 22768 1656
p 2 0 904 16 23087 1639
p 2 6 902 12 22484 1652
p 2 3 905 12 22461 1621
p 2 0 902 18 22448 1617
p 2 0 900 20 22833 1620
p 2 1 903 16 22457 1623
p 2 3 898 19 23372 1648
p 2 1 906 13 22759 1633
p 2 1 900 19 23177 1650
p 2 1 912 7 23482 1674
p 2 2 907 11 23834 1677
p 2 1 903 16 23408 1666
p 2 1 885 34 23289 1643
p 2 1 903 16 23356 1635
p 2 0 887 33 23258 1617
p 2 2 902 16 23373 1626
p 2 1 885 34 24061 1608
p 2 16 884 20 24139 1675
p 2 14 881 25 23975 1651
p 2 0 899 21 22986 1592
p 2 2 895 23 23149 1589
p 2 1 889 30 23208 1584
p 2 8 892 20 23390 1624
p 2 3 897 20 23102 1652
p 2 7 877 36 23372 1662
p 2 5 890 25 22866 1670
p 2 2 888 30 23005 1625
p 2 2 904 14 22940 1655
p 2 2 899 19 23845 1630
p 2 3 906 11 23841 1652
p 2 6 889 25 24271 1662
p 2 8 899 13 23962 1695
p 2 6 897 17 24171 1661
p 2 5 905 10 23979 1659
p 2 9 892 19 24058 1654
p 2 4 903 13 23444 1671
p 2 0 901 19 23061 1623
p 2 0 900 20 22990 1619
p 2 1 907 12 23012 1628
p 2 1 908 11 23154 1605
p 2 2 902 16 23233 1603
p 2 0 910 10 22703 1609
p 2 2 903 15 23676 1612
p 2 5 890 25 23829 1636
p 2 7 893 20 24145 1650
p 2 9 895 16 24355 1672
p 2 10 890 20 24700 1705
p 2 14 897 9 24349 1727
p 2 11 881 28 24714 1685
p 2 1 909 10 23923 1661
p 2 1 891 28 24481 1677
p 2 0 905 15 23536 1668
p 2 0 897 23 23867 1668
i 2 920 0 0 61384 4461
p 2 0 356 564 4732 580
p 2 0 354 566 4635 575
p 2 4 533 383 8111 823
p 2 2 428 490 5152 662
p 2 2 363 555 4619 595
p 2 0 530 390 7606 800
p 2 4 425 491 4492 662
p 2 0 393 527 4219 594
p 2 2 516 402 7277 784
p 2 1 422 497 4577 629
p 2 3 515 402 6824 779
p 2 3 438 479 6361 692
p 2 6 518 396 7689 823
p 2 5 395 520 5081 663
p 2 7 515 398 7738 852
p 2 6 422 492 3982 672
p 2 2 333 585 3333 552
p 2 5 486 429 6751 773
p 2 2 419 499 3934 624
p 2 1 385 534 3748 591
p 2 1 483 436 6891 750
p 2 0 428 492 3867 635
p 2 1 349 570 3572 558
p 2 4 522 394 6978 803
p 2 1 430 489 4142 644
p 2 1 514 405 6499 788
p 2 4 436 480 5933 704
p 2 5 534 381 6595 833
p 2 6 425 489 4855 677
p 2 4 549 367 8531 843
p 2 0 453 467 5139 667
p 2 0 416 504 5032 630
p 2 7 546 367 8185 858
p 2 3 487 430 5408 714
p 2 1 453 466 5027 664
p 2 0 591 329 8233 869
p 2 6 463 451 5294 720
p 2 1 403 516 5215 624
p 2 4 579 337 9026 887
p 2 0 488 432 5713 719
p 2 3 549 368 6772 822
p 2 0 450 470 5486 672
p 2 1 543 376 6595 819
p 2 2 436 482 4622 669
p 2 1 521 398 7823 806
p 2 2 425 493 4125 639
p 2 1 345 574 3850 554
p 2 2 546 372 8034 840
p 2 4 434 482 5310 678
p 2 4 417 499 5148 652
p 2 7 503 410 7709 811
p 2 8 437 475 4439 687
p 2 4 371 545 4248 605
p 2 0 518 402 8063 784
p 2 1 446 473 5385 668
p 2 2 539 379 7384 833
p 2 3 464 453 5717 737
p 2 4 553 363 6410 845
p 2 1 446 473 4305 665
p 2 2 552 366 8249 844
p 2 6 438 476 4667 683
p 2 2 376 542 4853 597
p 2 5 546 369 8495 857
p 2 3 456 461 5467 687
p 2 8 409 503 5154 671
p 2 8 523 389 7615 862
p 2 4 430 486 4389 665
p 2 1 413 506 4139 625
p 2 1 528 391 7494 787
p 2 0 472 448 5064 683
p 2 5 542 373 7045 820
p 2 3 439 478 5412 676
p 2 0 503 417 6048 750
p 2 1 404 515 4035 605
p 2 1 512 407 7813 787
p 2 0 384 536 3701 587
p 2 0 328 592 3648 528
p 2 1 524 395 7581 787
p 2 3 394 523 4398 615
p 2 1 346 573 4001 546
p 2 1 504 415 7790 770
p 2 1 431 488 5122 642
p 2 3 384 533 4845 620
p 2 3 562 355 7984 842
p 2 2 416 502 4922 630
p 2 0 537 383 6695 792
p 2 2 478 440 6321 724
p 2 1 565 354 7797 861
p 2 1 473 446 5977 732
p 2 4 598 318 8933 903
p 2 4 466 450 5056 706
p 2 3 415 502 5020 662
p 2 4 539 377 8515 866
p 2 8 488 424 5645 753
p 2 7 407 506 4818 658
p 2 6 549 365 7392 845
p 2 2 452 466 4562 672
p 2 0 432 488 4960 637
p 2 1 579 340 8193 839
p 2 0 467 453 5067 681
p 2 0 551 369 6737 797
p 2 1 510 409 6349 730
p 2 7 571 342 7387 871
p 2 5 477 438 5064 712
p 2 0 590 330 8658 874
p 2 1 502 417 5370 721
p 2 2 438 480 4829 666
p 2 2 617 301 7954 900
p 2 1 458 461 4597 669
p 2 0 389 531 4084 593
p 2 2 535 383 7534 810
p 2 2 444 474 4853 657
p 2 4 399 517 4599 623
p 2 1 558 361 7491 817
p 2 1 431 488 4864 650
p 2 3 525 392 6313 785
p 2 2 418 500 4851 641
p 2 0 542 378 6145 776
p 2 0 402 518 4440 604
p 2 0 547 373 7919 810
p 2 2 407 511 4371 632
p 2 0 373 547 4020 580
p 2 1 498 421 7460 790
p 2 0 438 482 4770 662
p 2 1 371 548 4493 631
p 2 5 500 415 7335 837
p 2 3 411 506 4073 651
p 2 5 386 529 3504 607
p 2 3 462 455 6604 745
p 2 1 396 523 3912 604
p 2 0 480 440 5571 739
p 2 0 445 475 5047 650
p 2 1 504 415 6465 761
p 2 2 427 491 4246 635
p 2 0 512 408 8062 785
p 2 0 454 466 4503 652
p 2 0 399 521 4719 590
p 2 1 535 384 8302 816
p 2 4 450 466 5608 695
p 2 7 403 510 5054 666
p 2 6 525 389 7675 856
p 2 5 459 456 4626 707
p 2 0 382 538 4517 607
p 2 1 574 345 8009 838
p 2 0 446 474 5120 668
p 2 0 538 382 6468 782
p 2 2 442 476 5947 676
p 2 5 570 345 7534 844
p 2 1 454 465 5753 695
p 2 0 600 320 9244 888
p 2 2 490 428 6048 722
p 2 3 481 436 14145 790
p 2 2 634 284 9311 954
p 2 6 504 410 13716 824
p 2 6 417 497 5357 674
p 2 3 580 337 16463 940
p 2 0 499 421 5174 711
p 2 2 460 458 12408 748
p 2 4 558 358 7792 882
p 2 4 458 458 7146 723
p 2 1 524 395 7015 798
p 2 4 474 442 8314 742
p 2 8 508 404 7508 832
p 2 2 444 474 6197 691
p 2 11 501 408 7701 841
p 2 0 446 474 6067 671
p 2 1 370 549 4252 585
p 2 3 564 353 9973 858
p 2 3 450 467 4986 682
p 2 3 406 511 7133 650
p 2 0 509 411 7992 797
p 2 1 446 473 5529 670
p 2 1 361 558 3598 568
p 2 1 547 372 8308 802
p 2 1 412 507 4344 621
p 2 4 514 402 7519 772
p 2 3 397 520 5442 631
p 2 1 530 389 8572 777
p 2 4 412 504 4601 644
p 2 4 584 332 10561 886
p 2 0 466 454 5366 680
p 2 1 443 476 6680 672
p 2 2 609 309 9225 905
p 2 2 486 432 6909 721
p 2 2 428 490 5452 654
p 2 0 582 338 10020 856
p 2 1 486 433 5724 711
p 2 2 468 450 7949 712
p 2 0 597 323 9369 869
p 2 3 483 434 7960 749
p 2 7 563 350 7460 866
p 2 5 482 433 7346 738
p 2 3 549 368 7105 827
p 2 1 458 461 6003 676
p 2 0 543 377 8286 815
p 2 1 452 467 6515 687
i 2 920 0 0 72072 4860
p 2 1 874 45 19821 1379
p 2 0 892 28 25504 1451
p 2 1 882 37 28913 1521
p 2 0 895 25 25388 1487
p 2 0 888 32 24322 1484
p 2 0 891 29 30252 1539
p 2 0 870 50 24367 1461
p 2 0 895 25 26189 1508
p 2 1 886 33 30343 1544
p 2 1 891 28 26245 1527
p 2 0 881 39 24807 1476
p 2 0 890 30 31105 1543
p 2 0 875 45 24669 1476
p 2 0 886 34 26309 1493
p 2 2 886 32 30276 1556
p 2 0 884 36 25945 1498
p 2 0 877 43 24959 1489
p 2 0 896 24 30904 1550
p 2 0 883 37 24266 1488
p 2 0 885 35 26222 1495
p 2 0 894 26 30367 1556
p 2 0 877 43 26898 1506
p 2 1 887 32 25671 1525
p 2 6 895 19 31775 1608
p 2 1 881 38 25060 1509
p 2 1 887 32 26877 1506
p 2 1 888 31 30186 1559
p 2 1 893 26 26495 1514
p 2 0 889 31 25650 1512
p 2 3 891 26 31579 1562
p 2 0 887 33 24996 1506
p 2 0 893 27 26585 1500
p 2 1 895 24 29793 1542
p 2 0 889 31 26112 1499
p 2 0 878 42 25320 1485
p 2 3 898 19 32287 1594
p 2 0 880 40 25643 1508
p 2 0 889 31 28310 1502
p 2 1 892 27 31661 1585
p 2 0 894 26 27694 1532
p 2 2 887 31 26062 1536
p 2 0 896 24 31574 1561
p 2 0 885 35 25308 1506
p 2 0 897 23 27038 1508
p 2 0 882 38 30251 1533
p 2 0 890 30 26961 1504
p 2 2 884 34 25903 1510
p 2 1 887 32 32096 1547
p 2 0 893 27 25144 1497
p 2 0 891 29 27146 1508
p 2 0 887 33 29759 1530
p 2 0 897 23 26027 1491
p 2 0 876 44 24850 1472
p 2 1 894 25 31747 1554
p 2 0 889 31 24768 1485
p 2 0 896 24 26727 1507
p 2 2 885 33 30882 1552
p 2 0 889 31 26220 1490
p 2 0 882 38 25430 1488
p 2 0 907 13 32076 1565
p 2 0 889 31 25427 1494
p 2 0 897 23 27304 1506
p 2 0 897 23 30386 1564
p 2 1 902 17 27115 1526
p 2 0 896 24 25752 1506
p 2 0 896 24 32797 1559
p 2 5 885 30 25327 1531
p 2 1 898 21 26701 1507
p 2 0 895 25 30532 1540
p 2 0 890 30 26719 1495
i 2 920 0 0 101785 5383
p 2 1 886 33 36826 1591
p 2 0 896 24 42627 1582
p 2 1 890 29 42489 1615
p 2 0 887 33 43156 1626
p 2 1 894 25 43456 1652
p 2 0 898 22 41992 1643
p 2 0 886 34 42624 1622
p 2 0 899 21 42882 1632
p 2 0 888 32 42374 1621
p 2 0 898 22 42118 1621
p 2 0 888 32 42627 1603
p 2 4 890 26 42056 1644
p 2 2 891 27 42154 1618
p 2 0 893 27 42133 1629
p 2 1 888 31 42198 1633
p 2 0 893 27 42079 1626
p 2 0 889 31 42291 1603
p 2 0 888 32 41563 1611
p 2 0 893 27 42299 1608
p 2 0 891 29 41106 1610
p 2 0 889 31 41854 1620
p 2 0 893 27 41893 1628
p 2 0 891 29 42236 1618
p 2 1 894 25 42096 1636
p 2 0 895 25 43215 1633
p 2 2 895 23 42786 1653
p 2 3 891 26 42516 1674
p 2 1 891 28 41905 1670
p 2 0 888 32 42766 1636
p 2 0 895 25 41547 1626
p 2 0 895 25 42114 1631
p 2 0 891 29 41910 1629
p 2 0 893 27 42678 1621
p 2 2 896 22 42216 1640
p 2 1 893 26 42183 1633
p 2 0 896 24 41648 1621
p 2 0 895 25 42508 1619
p 2 0 900 20 41569 1619
p 2 2 897 21 41636 1630
p 2 0 899 21 41712 1620
p 2 1 902 17 42093 1650
p 2 1 901 18 41433 1649
p 2 0 906 14 41445 1631
p 2 0 897 23 41440 1625
p 2 2 899 19 41639 1644
p 2 0 903 17 39941 1627
p 2 0 899 21 40999 1624
p 2 4 902 14 41123 1639
p 2 3 889 28 42330 1640
p 2 3 901 16 41180 1672
p 2 0 889 31 40786 1649
p 2 0 898 22 40539 1640
p 2 0 888 32 40805 1615
p 2 1 894 25 40106 1617
p 2 2 889 29 40695 1625
p 2 0 903 17 40478 1635
p 2 1 893 26 41135 1630
p 2 0 900 20 39677 1619
p 2 0 893 27 39719 1602
p 2 0 891 29 39449 1594
p 2 0 898 22 40144 1619
p 2 0 892 28 40019 1610
p 2 2 893 25 40730 1631
p 2 1 899 20 40144 1646
p 2 5 895 20 40678 1672
p 2 0 898 22 39540 1662
p 2 0 889 31 39877 1615
p 2 2 901 17 39059 1634
p 2 0 887 33 39071 1605
p 2 2 895 23 39731 1636
p 2 1 890 29 37788 1600
p 2 0 885 35 38230 1583
p 2 0 884 36 37502 1596
p 2 0 890 30 37859 1591
p 2 0 885 35 37184 1584
p 2 0 882 38 37320 1587
p 2 0 888 32 36530 1587
p 2 1 887 32 38258 1589
p 2 3 895 22 35449 1612
p 2 0 901 19 36273 1615
p 2 0 886 34 35298 1563
p 2 0 896 24 35699 1573
p 2 0 876 44 32414 1524
p 2 0 898 22 33488 1547
p 2 0 873 47 32386 1504
p 2 1 883 36 32486 1530
p 2 2 872 46 30111 1480
p 2 2 877 41 28606 1457
p 2 0 867 53 26817 1428
p 2 0 872 48 23826 1376
p 2 0 863 57 24087 1372
p 2 3 839 78 20128 1308
p 2 2 858 60 47772 1686
p 2 0 826 94 11425 1212
p 2 3 795 122 40446 1564
p 2 0 621 299 3948 904
p 2 5 737 178 40791 1503
p 2 0 540 380 3499 808
p 2 14 683 223 44251 1529
p 2 1 619 300 4630 896
p 2 2 614 304 7608 917
p 2 0 389 531 4092 628
p 2 5 438 477 6608 721
p 2 0 440 480 3991 670
p 2 1 455 464 4163 686
p 2 3 308 609 3311 538
p 2 3 336 581 3230 558
p 2 0 355 565 3103 561
p 2 0 338 582 2800 535
p 2 0 233 687 2424 440
p 2 2 253 665 2263 468
p 2 0 241 679 2328 454
p 2 0 314 606 3110 528
p 2 0 266 654 3248 486
p 2 0 282 638 3659 499
p 2 1 303 616 3752 536
p 2 1 345 574 3232 567
p 2 0 266 654 2461 473
p 2 0 251 669 2437 454
p 2 0 275 645 2552 485
p 2 0 254 666 2513 460
p 2 1 205 714 2759 419
p 2 0 242 678 3512 453
p 2 6 247 667 4131 505
p 2 3 237 680 3397 478
p 2 1 192 727 2049 418
p 2 1 169 750 1525 377
p 2 0 164 756 1462 360
p 2 0 159 761 1617 356
p 2 2 145 773 1789 355
p 2 3 126 791 1584 343
p 2 0 151 769 1281 348
p 2 0 126 794 1000 317
p 2 0 117 803 1128 309
p 2 1 125 794 1685 330
p 2 1 162 757 1994 375
p 2 2 170 748 2012 388
p 2 0 162 758 1944 372
p 2 2 165 753 1559 377
p 2 0 168 752 1560 388
p 2 1 170 749 1475 389
p 2 0 197 723 2011 398
p 2 0 187 733 2463 382
p 2 0 209 711 2918 420
p 2 5 214 701 2904 463
p 2 0 211 709 2568 429
p 2 0 196 724 2059 412
p 2 0 191 729 1916 397
p 2 0 197 723 1984 396
p 2 0 169 751 1990 372
p 2 0 202 718 2221 404
p 2 0 214 706 2569 423
p 2 1 222 697 2937 434
p 2 3 216 701 3477 455
p 2 10 221 689 3577 504
p 2 1 232 687 3775 475
p 2 6 230 684 3202 489
p 2 5 208 707 2624 452
p 2 0 213 707 2606 422
p 2 1 221 698 3160 447
p 2 2 225 693 3464 458
p 2 7 209 704 3414 475
p 2 5 190 725 2564 435
p 2 3 180 737 1750 392
p 2 0 184 736 1506 377
p 2 0 171 749 1684 369
p 2 1 181 738 2070 397
p 2 2 200 718 2735 441
p 2 5 177 738 2320 429
p 2 5 168 747 1708 399
p 2 0 136 784 1220 345
p 2 0 151 769 1289 353
p 2 1 127 792 1267 325
p 2 1 112 807 1222 315
p 2 0 117 803 1263 312
p 2 0 125 795 1316 327
p 2 0 141 779 1479 335
p 2 0 136 784 1947 338
p 2 0 143 777 2323 357
p 2 4 178 738 2966 419
p 2 2 206 712 3528 444
p 2 8 213 699 3576 480
p 2 2 225 693 3021 438
p 2 3 207 710 2451 431
p 2 3 158 759 1817 374
p 2 0 176 744 1869 374
p 2 1 171 748 1993 369
p 2 0 198 722 2390 405
p 2 0 214 706 2939 421
p 2 0 226 694 3231 443
p 2 2 223 695 3356 454
p 2 1 234 685 3147 467
p 2 5 209 706 2857 457
p 2 1 219 700 2886 452
p 2 4 208 708 2503 444
p 2 2 228 690 2918 470
p 2 0 235 685 3508 458
p 2 0 269 651 3432 484
p 2 4 247 669 3188 487
p 2 1 250 669 3279 478
p 2 1 213 706 2558 427
p 2 6 172 742 1771 403
p 2 0 155 765 1579 355
p 2 1 153 766 1595 359
p 2 0 154 766 1702 349
p 2 0 162 758 1894 358
p 2 1 162 757 1891 367
p 2 0 144 776 1629 343
p 2 0 127 793 1460 320
p 2 0 135 785 1424 330
p 2 1 118 801 1371 321
p 2 0 136 784 1511 335
p 2 0 148 772 1703 347
p 2 1 128 791 1524 333
p 2 0 131 789 1677 324
p 2 0 145 775 1813 346
p 2 0 155 765 1790 356
p 2 0 166 754 2279 374
p 2 1 185 734 2618 400
p 2 0 194 726 2746 405
p 2 0 198 722 2606 409
p 2 1 192 727 2114 415
p 2 0 173 747 2290 386
p 2 0 169 751 2538 386
p 2 1 199 720 2295 421
p 2 1 185 734 2135 395
p 2 0 166 754 1858 369
p 2 1 179 740 1733 392
p 2 0 157 763 1605 355
p 2 0 163 757 1595 360
p 2 1 159 760 1837 367
p 2 0 190 730 2246 397
p 2 1 184 735 2431 403
p 2 0 191 729 2310 399
p 2 0 197 723 2694 413
p 2 1 246 673 3286 476
p 2 2 232 686 3297 462
p 2 2 217 701 2985 436
p 2 5 183 732 2395 417
p 2 1 180 739 2044 383
p 2 0 144 776 1695 338
p 2 0 151 769 1975 346
p 2 1 144 775 2240 351
p 2 2 158 760 2152 368
i 2 920 0 0 37542 4389
p 2 1 869 50 10947 1443
p 2 0 866 54 12192 1427
p 2 3 866 51 12448 1449
p 2 0 847 73 12651 1417
p 2 2 863 55 12792 1434
p 2 1 832 87 12442 1415
p 2 2 852 66 12002 1412
p 2 3 858 59 12099 1425
p 2 1 846 73 11835 1416
p 2 1 844 75 12038 1414
p 2 0 833 87 12445 1396
p 2 2 852 66 12960 1422
p 2 3 864 53 13136 1452
p 2 3 845 72 12957 1465
p 2 3 850 67 12103 1431
p 2 2 873 45 12076 1448
p 2 1 868 51 12075 1437
p 2 0 859 61 11768 1425
p 2 2 861 57 12045 1453
p 2 0 872 48 11849 1430
p 2 3 854 63 11652 1429
p 2 0 852 68 11309 1415
p 2 1 851 68 11441 1410
p 2 1 867 52 11732 1417
p 2 3 861 56 12388 1448
p 2 3 845 72 12534 1466
p 2 4 849 67 12315 1481
p 2 5 874 41 11826 1488
p 2 3 864 53 11598 1446
p 2 0 874 46 11762 1437
p 2 2 850 68 12039 1443
p 2 2 869 49 12008 1503
p 2 1 867 52 11998 1450
p 2 0 869 51 12199 1447
p 2 4 855 61 11922 1440
p 2 1 862 57 11675 1437
p 2 0 864 56 10905 1409
p 2 0 871 49 11160 1434
p 2 2 861 57 11264 1416
p 2 1 832 87 11491 1401
p 2 1 850 69 11381 1422
p 2 1 870 49 11398 1429
p 2 0 868 52 11117 1421
p 2 2 871 47 10644 1435
p 2 0 870 50 10618 1402
p 2 0 879 41 10387 1398
p 2 0 872 48 10604 1404
p 2 1 867 52 10769 1385
p 2 1 866 53 11401 1402
p 2 3 859 58 11707 1434
p 2 1 850 69 10966 1416
p 2 0 861 59 10682 1384
i 2 920 0 0 67856 4772
p 2 0 796 124 11258 1095
p 2 1 865 54 21301 1307
p 2 1 835 84 17474 1250
p 2 2 848 70 22312 1342
p 2 0 850 70 17563 1299
p 2 2 847 71 23524 1382
p 2 0 836 84 17100 1276
p 2 2 855 63 22919 1418
p 2 0 849 71 19570 1330
p 2 2 857 61 23925 1413
p 2 3 857 60 18017 1369
p 2 4 867 49 24955 1451
p 2 1 851 68 16993 1335
p 2 0 856 64 21894 1371
p 2 1 852 67 18747 1341
p 2 3 865 52 22917 1413
p 2 0 849 71 17302 1324
p 2 0 873 47 22716 1399
p 2 0 831 89 16908 1303
p 2 0 856 64 16773 1315
p 2 0 861 59 22767 1383
p 2 0 850 70 16691 1338
p 2 0 851 69 17211 1322
p 2 0 866 54 23077 1405
p 2 0 856 64 18153 1349
p 2 1 859 60 18078 1334
p 2 1 860 59 24059 1406
p 2 0 863 57 18032 1358
p 2 1 872 47 17945 1373
p 2 0 877 43 18676 1379
p 2 0 844 76 16982 1310
p 2 0 866 54 16990 1343
p 2 0 860 60 19244 1334
p 2 0 846 74 16961 1312
p 2 1 839 80 17370 1314
p 2 0 849 71 18919 1334
p 2 0 864 56 17286 1340
p 2 1 857 62 17012 1335
p 2 0 842 78 18910 1313
p 2 0 861 59 17503 1338
p 2 0 840 80 17650 1322
p 2 0 852 68 18953 1338
p 2 0 843 77 17603 1308
p 2 0 853 67 17889 1332
p 2 0 853 67 19508 1326
p 2 0 855 65 18326 1340
p 2 0 845 75 18731 1337
p 2 0 853 67 20090 1356
p 2 0 846 74 19128 1340
p 2 0 872 48 18555 1369
p 2 1 862 57 20079 1358
p 2 0 861 59 18534 1350
p 2 3 854 63 19094 1390
p 2 0 863 57 20345 1377
p 2 2 854 64 18340 1369
p 2 2 872 46 17826 1373
p 2 0 859 61 19522 1350
p 2 0 874 46 17391 1364
p 2 0 852 68 17711 1341
p 2 0 873 47 19357 1374
p 2 1 843 76 17777 1327
p 2 2 871 47 17856 1371
p 2 0 838 82 19534 1352
p 2 0 861 59 17405 1374
p 2 0 861 59 17935 1354
p 2 2 870 48 19297 1378
p 2 1 852 67 17806 1345
p 2 0 861 59 18177 1361
p 2 1 852 67 20285 1373
p 2 3 862 55 18009 1372
p 2 1 866 53 18318 1365
p 2 1 874 45 19494 1400
p 2 0 867 53 18199 1371
p 2 1 865 54 17567 1365
p 2 0 851 69 18851 1331
p 2 0 873 47 17433 1366
p 2 1 865 54 18089 1377
p 2 4 871 45 18828 1397
p 2 0 867 53 17211 1351
p 2 0 852 68 17087 1335
p 2 0 865 55 18854 1362
p 2 0 879 41 16197 1362
p 2 0 849 71 16806 1324
p 2 1 873 46 18848 1367
p 2 1 859 60 18278 1364
p 2 0 872 48 17855 1384
p 2 1 861 58 19098 1362
p 2 0 876 44 17768 1375
p 2 1 863 56 18123 1361
p 2 1 870 49 19522 1370
p 2 0 859 61 18173 1366
p 2 1 868 51 18363 1369
p 2 1 866 53 20175 1392
p 2 1 865 54 18175 1369
p 2 0 856 64 18270 1367
p 2 0 879 41 19679 1382
p 2 3 865 52 19296 1387
p 2 7 869 44 18947 1418
p 2 4 867 49 20083 1418
p 2 1 875 44 18044 1393
p 2 1 876 43 18532 1398
p 2 4 887 29 22513 1463
p 2 1 863 56 17241 1361
p 2 0 874 46 16945 1352
p 2 1 870 49 22317 1416
p 2 0 867 53 16347 1361
p 2 0 867 53 17010 1345
p 2 1 877 42 22854 1446
p 2 0 874 46 17557 1383
p 2 2 872 46 17221 1383
p 2 3 861 56 22590 1432
p 2 2 877 41 16867 1379
p 2 0 862 58 17042 1354
p 2 2 879 39 18732 1382
p 2 0 872 48 17286 1371
p 2 3 874 43 17191 1387
p 2 1 884 35 19136 1389
p 2 1 874 45 17252 1369
p 2 0 862 58 17185 1344
p 2 3 877 40 23318 1461
p 2 0 872 48 17100 1353
p 2 4 867 49 17975 1386
p 2 4 871 45 22732 1429
p 2 0 865 55 17605 1362
p 2 0 841 79 16805 1333
p 2 0 887 33 22083 1434
p 2 2 855 63 16696 1351
p 2 1 862 57 17355 1355
p 2 0 867 53 22211 1406
p 2 2 869 49 17464 1401
p 2 2 855 63 16718 1362
p 2 0 869 51 21371 1393
p 2 0 863 57 16881 1346
p 2 1 877 42 18012 1385
p 2 2 864 54 22173 1419
p 2 3 878 39 18306 1421
p 2 1 847 72 18509 1364
p 2 3 881 36 23917 1474
p 2 5 856 59 18446 1384
p 2 0 868 52 18510 1379
p 2 2 878 40 22846 1445
p 2 0 873 47 17946 1373
p 2 0 850 70 17299 1351
p 2 0 878 42 22124 1413
p 2 0 879 41 17953 1383
p 2 3 886 31 19038 1414
p 2 6 869 45 22826 1449
p 2 0 884 36 18110 1384
p 2 0 863 57 17880 1356
p 2 0 880 40 19545 1391
p 2 0 853 67 17722 1355
p 2 1 878 41 18390 1384
p 2 0 867 53 19450 1372
p 2 1 881 38 18065 1388
p 2 0 861 59 16758 1349
p 2 0 880 40 18539 1379
p 2 0 862 58 16179 1341
p 2 0 874 46 16949 1354
p 2 1 851 68 18559 1341
p 2 3 868 49 16890 1371
p 2 0 864 56 16963 1348
p 2 1 868 51 18907 1376
p 2 0 846 74 16739 1324
p 2 0 872 48 17357 1360
p 2 3 842 75 18803 1344
p 2 0 869 51 17759 1369
i 2 920 0 0 71080 4968
p 2 2 550 368 10853 888
p 2 12 690 218 29675 1377
p 2 2 651 267 14150 1040
p 2 14 688 218 27283 1332
p 2 2 645 273 12843 1021
p 2 6 585 329 19278 1049
p 2 1 703 216 21354 1196
p 2 6 650 264 20497 1112
p 2 0 560 360 11809 871
p 2 14 679 227 27872 1321
p 2 1 633 286 10333 957
p 2 10 675 235 24812 1256
p 2 4 638 278 12152 991
p 2 8 719 193 29331 1345
p 2 5 673 242 15675 1083
p 2 12 740 168 31018 1435
p 2 2 700 218 15361 1088
p 2 7 743 170 29662 1365
p 2 3 709 208 14913 1123
p 2 5 637 278 21313 1119
p 2 3 707 210 23058 1234
p 2 5 682 233 21377 1169
p 2 1 655 264 14036 1033
p 2 14 725 181 29229 1406
p 2 3 684 233 13341 1086
p 2 7 765 148 29264 1438
p 2 4 715 201 16095 1155
p 2 7 759 154 28604 1414
p 2 4 693 223 14565 1105
p 2 13 757 150 30134 1469
p 2 7 681 232 15105 1099
p 2 11 735 174 30693 1389
p 2 10 687 223 13764 1105
p 2 7 695 218 20805 1188
p 2 4 705 211 18107 1183
p 2 6 649 265 16361 1082
p 2 2 569 349 10407 873
p 2 14 702 204 29393 1390
p 2 3 653 264 13963 1042
p 2 9 729 182 28481 1378
p 2 2 688 230 13770 1086
p 2 5 755 160 28994 1397
p 2 5 674 241 13302 1077
p 2 15 727 178 29260 1431
p 2 1 667 252 14227 1037
p 2 7 737 176 27900 1339
p 2 0 656 264 13826 1004
p 2 9 622 289 20774 1096
p 2 6 714 200 22255 1235
p 2 7 717 196 21935 1233
p 2 1 655 264 15351 1045
p 2 15 757 148 30590 1480
p 2 2 696 222 14344 1097
p 2 6 756 158 28673 1376
p 2 3 677 240 14735 1090
p 2 7 739 174 29461 1393
p 2 4 690 226 13306 1082
p 2 12 709 199 28791 1389
i 2 920 0 0 53213 4781
p 2 3 528 389 5648 823
p 2 3 535 382 5656 820
p 2 13 640 267 20950 1157
p 2 0 636 284 6617 921
p 2 1 576 343 6244 855
p 2 17 623 280 20881 1185
p 2 0 568 352 5694 838
p 2 0 539 381 5135 791
p 2 11 603 306 21283 1151
p 2 1 592 327 5660 871
p 2 1 521 398 5945 777
p 2 12 644 264 21301 1196
p 2 4 606 310 6671 913
p 2 0 568 352 6227 847
p 2 4 648 268 20806 1151
p 2 0 609 311 6057 885
p 2 0 575 345 5882 848
p 2 6 641 273 19947 1150
p 2 4 637 279 6161 934
p 2 2 569 349 5663 837
p 2 4 645 271 19513 1129
p 2 0 637 283 5853 923
p 2 0 561 359 5748 810
p 2 8 670 242 20819 1211
p 2 3 631 286 6721 941
p 2 1 603 316 6836 898
p 2 3 602 315 6693 918
p 2 2 606 312 6192 904
p 2 1 587 332 6245 870
p 2 1 556 363 6228 846
p 2 1 551 368 6213 832
p 2 2 583 335 6351 880
p 2 8 688 224 18433 1189
p 2 1 673 246 6985 971
p 2 2 595 323 6293 871
p 2 4 700 216 18033 1157
p 2 3 667 250 6337 975
p 2 1 583 336 5965 865
p 2 1 659 260 18443 1119
p 2 1 670 249 6778 986
p 2 1 614 305 6128 895
p 2 1 683 236 17587 1142
p 2 0 628 292 5773 916
p 2 4 574 342 5127 848
p 2 0 537 383 4793 780
p 2 0 524 396 4588 782
p 2 1 540 379 5005 799
p 2 2 537 381 5911 808
p 2 2 527 391 6666 816
p 2 2 555 363 6628 854
p 2 0 564 356 6271 845
p 2 1 545 374 5502 812
p 2 0 505 415 5311 755
p 2 1 506 413 5505 748
p 2 1 498 421 5783 763
p 2 1 520 399 6034 791
p 2 2 481 437 5710 777
p 2 0 473 447 5372 759
p 2 2 476 442 5084 748
i 2 920 0 0 70163 4999
p 2 27 677 216 31228 1501
p 2 10 722 188 29950 1423
p 2 8 724 188 34022 1510
p 2 10 732 178 30406 1436
p 2 2 722 196 29360 1347
p 2 7 717 196 35008 1511
p 2 2 725 193 29753 1375
p 2 3 735 182 29000 1399
p 2 10 719 191 36534 1551
p 2 1 764 155 31934 1476
p 2 6 772 142 31902 1479
p 2 12 763 145 39080 1650
p 2 14 711 195 26101 1363
p 2 9 647 264 25392 1235
p 2 16 759 145 45962 1738
p 2 6 716 198 26330 1334
p 2 2 597 321 24084 1150
p 2 22 786 112 49210 1803
p 2 7 711 202 15723 1228
p 2 1 552 367 14729 986
p 2 53 752 115 59035 2110
p 2 6 722 192 17266 1268
p 2 4 530 386 15342 1010
p 2 56 788 76 61809 2281
p 2 8 742 170 17557 1311
p 2 5 613 302 16933 1136
p 2 19 746 155 37023 1584
p 2 0 621 299 6125 903
p 2 2 518 400 5077 763
p 2 41 692 187 39526 1680
p 2 1 657 262 5421 964
p 2 0 428 492 3663 662
p 2 22 592 306 23481 1292
p 2 0 578 342 4714 827
p 2 1 460 459 3911 680
p 2 27 513 380 23180 1223
p 2 4 483 433 4234 741
p 2 1 407 512 3763 638
p 2 20 583 317 24013 1285
p 2 0 483 437 4360 733
p 2 4 418 498 4566 656
p 2 4 375 541 4355 630
p 2 0 492 428 3917 699
p 2 0 360 560 3230 560
p 2 2 451 467 3559 660
p 2 1 468 451 3269 691
p 2 1 361 558 2878 564
p 2 3 270 647 3211 507
p 2 2 291 627 3244 518
p 2 0 304 616 3017 518
p 2 2 335 583 3095 554
p 2 1 267 652 2663 483
p 2 0 265 655 2602 467
p 2 1 273 646 2966 499
p 2 2 275 643 3125 501
p 2 3 244 673 3243 479
p 2 0 251 669 3338 472
p 2 1 247 672 2829 469
p 2 1 229 690 2227 436
p 2 1 208 711 2195 420
p 2 2 206 712 2681 434
p 2 5 216 699 3085 462
p 2 2 238 680 3536 479
p 2 0 250 670 3527 474
p 2 2 286 632 3751 514
p 2 2 324 594 4147 571
p 2 0 345 575 3965 566
p 2 1 307 612 3514 533
p 2 0 334 586 3979 539
p 2 2 330 588 3725 568
p 2 1 286 633 3495 502
p 2 2 265 653 3530 491
p 2 0 248 672 2950 449
p 2 0 272 648 3103 482
p 2 1 278 641 3632 500
p 2 1 270 649 3212 487
p 2 3 274 643 3440 502
p 2 1 305 614 4073 534
p 2 1 322 597 3617 540
p 2 1 292 627 3260 508
p 2 0 268 652 3206 469
p 2 0 258 662 2630 464
p 2 1 244 675 2495 450
p 2 1 224 695 2998 443
p 2 6 226 688 3149 465
p 2 4 243 673 3276 491
p 2 4 223 693 2925 458
p 2 0 219 701 2593 423
p 2 0 224 696 2845 436
p 2 0 236 684 3468 456
p 2 4 261 655 3580 505
p 2 3 272 645 3727 494
p 2 1 262 657 3663 477
p 2 0 276 644 3259 491
p 2 3 257 660 2962 480
p 2 4 231 685 2871 467
p 2 0 213 707 2283 409
p 2 3 205 712 2377 430
p 2 1 210 709 3324 437
p 2 4 238 678 3348 471
p 2 0 256 664 3405 472
p 2 0 273 647 3899 500
p 2 1 273 646 3309 488
p 2 1 257 662 3254 481
p 2 3 245 672 3357 470
p 2 2 250 668 3520 482
p 2 0 253 667 3199 470
p 2 0 234 686 3035 453
p 2 1 226 693 3366 458
p 2 0 225 695 3346 465
p 2 3 225 692 3623 468
p 2 1 239 680 3630 459
i 2 920 0 0 62508 4987
p 2 0 416 504 4537 653
p 2 0 700 220 24619 1240
p 2 1 609 310 7266 903
p 2 3 702 215 25955 1271
p 2 0 615 305 7365 893
p 2 1 698 221 25711 1273
p 2 1 619 300 8190 925
p 2 0 720 200 26853 1272
p 2 0 626 294 8578 931
p 2 0 500 420 10345 818
p 2 1 443 476 7508 726
p 2 4 515 401 10839 841
p 2 0 449 471 8078 727
p 2 1 471 448 11271 783
p 2 0 491 429 8879 800
p 2 1 519 400 11021 840
p 2 2 465 453 8302 775
p 2 4 479 437 11041 817
p 2 0 497 423 8586 791
p 2 0 537 383 11169 848
p 2 1 508 411 9005 832
p 2 1 509 410 10416 844
p 2 1 499 420 7203 800
p 2 1 536 383 9302 842
p 2 0 467 453 5244 721
p 2 0 444 476 8245 714
p 2 0 473 447 6765 738
p 2 1 479 440 10383 784
p 2 1 453 466 6876 722
p 2 1 443 476 9094 760
p 2 1 438 481 6954 724
p 2 1 460 459 9386 764
p 2 0 428 492 7253 711
p 2 1 448 471 10296 765
p 2 0 433 487 7513 707
p 2 2 420 498 9886 734
p 2 1 421 498 7242 691
p 2 1 414 505 9587 703
p 2 1 421 498 7510 713
p 2 0 438 482 10003 743
p 2 5 448 467 7844 747
p 2 1 456 463 10505 761
p 2 1 461 458 8544 761
p 2 1 496 423 10682 829
p 2 0 482 438 7662 757
p 2 1 461 458 9944 771
p 2 1 432 487 6376 711
p 2 1 435 484 8348 712
p 2 0 384 536 4484 623
p 2 3 391 526 8026 670
p 2 0 414 506 6109 672
p 2 2 433 485 9939 741
p 2 2 432 486 6266 702
p 2 2 437 481 9678 746
p 2 0 451 469 6768 722
p 2 0 453 467 10474 747
p 2 0 460 460 7970 739
p 2 3 460 457 10715 786
p 2 3 435 482 8245 745
p 2 0 472 448 10697 785
p 2 2 438 480 8115 728
p 2 1 446 473 10098 742
p 2 0 457 463 8608 754
p 2 2 461 457 11110 778
p 2 0 453 467 9190 753
p 2 2 464 454 11864 814
p 2 2 447 471 9280 761
p 2 0 459 461 11052 767
p 2 1 456 463 8094 738
p 2 4 479 437 10992 811
p 2 1 458 461 7379 744
p 2 1 456 463 9476 763
p 2 0 442 478 5374 703
p 2 0 477 443 8305 761
p 2 0 437 483 6028 688
p 2 0 434 486 9001 724
i 2 920 0 0 83622 4883
p 2 0 300 620 3228 523
p 2 0 289 631 5335 526
p 2 2 264 654 4325 511
p 2 0 266 654 4822 499
p 2 1 290 629 3686 521
p 2 0 273 647 5272 497
p 2 0 230 690 3238 451
p 2 0 243 677 3369 458
p 2 0 293 627 4530 514
p 2 0 303 617 4114 529
p 2 0 261 659 3990 495
p 2 0 276 644 4515 502
p 2 0 296 624 3412 522
p 2 1 262 657 3370 496
p 2 0 218 702 3888 452
p 2 0 235 685 3145 455
p 2 1 252 667 3136 481
p 2 1 248 671 4218 479
p 2 0 218 702 2732 426
p 2 1 221 698 2586 433
p 2 1 220 699 3792 449
p 2 0 257 663 2508 473
p 2 1 253 666 2957 476
p 2 1 258 661 4736 496
p 2 6 290 624 3945 555
p 2 0 271 649 4074 504
p 2 5 287 628 4665 555
p 2 0 278 642 3778 507
p 2 0 304 616 4323 534
p 2 1 275 644 5076 513
p 2 1 257 662 3918 491
p 2 0 265 655 3810 495
p 2 0 278 642 4514 512
p 2 1 265 654 3554 497
p 2 0 265 655 3784 500
p 2 1 274 645 4737 514
p 2 0 275 645 3557 503
p 2 0 290 630 3976 522
p 2 0 290 630 4913 524
p 2 0 324 596 4331 560
p 2 0 281 639 3862 515
p 2 0 293 627 4377 528
p 2 0 256 664 2669 474
p 2 0 264 656 2279 489
p 2 156 764 0 43432 2485
p 2 0 920 0 26850 1605
p 2 1 913 6 39487 1898
p 2 1 919 0 35791 1684
p 2 0 910 10 23710 1645
p 2 0 919 1 35637 1586
p 2 2 917 1 28178 1672
p 2 0 914 6 21889 1537
p 2 0 919 1 45374 1754
p 2 0 918 2 24169 1487
p 2 0 904 16 25210 1620
p 2 2 918 0 43393 1636
p 2 0 913 7 27979 1580
p 2 1 918 1 34283 1658
p 2 1 914 5 38950 1741
p 2 1 919 0 33320 1577
p 2 0 914 6 32392 1652
p 2 1 919 0 22408 1571
p 2 2 895 23 21726 1538
p 2 0 906 14 29308 1501
p 2 1 915 4 36022 1733
p 2 0 918 2 22110 1545
p 2 3 909 8 30580 1695
p 2 1 906 13 24293 1504
p 2 0 916 4 25630 1563
p 2 2 843 75 10976 1304
p 2 0 913 7 25628 1646
p 2 0 918 2 34599 1567
p 2 0 912 8 27084 1590
i 2 920 0 0 46075 4480
p 2 7 474 439 4892 770
p 2 2 527 391 6679 820
p 2 8 557 355 10070 1030
p 2 1 547 372 7142 880
p 2 0 479 441 5307 734
p 2 11 578 331 12189 1084
p 2 56 484 380 12262 1137
p 2 94 481 345 21305 1474
p 2 158 482 280 30214 1965
p 2 175 550 195 37406 2284
p 2 225 516 179 42698 2551
p 2 8 737 175 22118 1510
p 2 0 704 216 18734 1309
p 2 12 699 209 18776 1418
p 2 7 732 181 24305 1521
p 2 4 706 210 19868 1355
p 2 0 681 239 17548 1191
p 2 14 617 289 10149 1093
p 2 2 519 399 3601 752
p 2 2 430 488 5079 687
p 2 8 360 552 6030 721
p 2 0 418 502 5249 677
p 2 1 378 541 3565 598
p 2 7 517 396 8892 922
p 2 3 438 479 4244 691
p 2 2 460 458 6173 752
p 2 3 516 401 8512 908
p 2 2 520 398 6521 807
p 2 4 420 496 4779 681
p 2 7 453 460 7774 838
p 2 5 399 516 4916 680
p 2 2 405 513 4203 652
p 2 8 392 520 7993 792
p 2 1 373 546 4056 617
p 2 1 373 546 4179 611
p 2 4 415 501 6976 758
p 2 2 335 583 3521 575
p 2 3 324 593 3508 556
p 2 7 372 541 7770 753
p 2 4 442 474 5945 751
p 2 1 377 542 4456 634
p 2 8 456 456 8835 847
p 2 4 402 514 3934 665
p 2 2 408 510 4897 665
p 2 1 398 521 6568 731
p 2 0 397 523 4665 647
p 2 0 329 591 3057 548
p 2 18 418 484 9435 872
p 2 1 392 527 3875 635
p 2 1 405 514 5045 666
p 2 9 428 483 7347 813
p 2 1 390 529 3757 640
p 2 0 342 578 3438 569
p 2 11 368 541 6556 751
p 2 3 317 600 3182 562
p 2 2 321 597 3305 550
p 2 3 346 571 6518 701
p 2 2 297 621 2783 533
p 2 0 265 655 2382 475
p 2 6 386 528 8594 803
p 2 7 372 541 8773 766
p 2 6 359 555 8463 748
p 2 14 399 507 11937 914
p 2 5 413 502 7405 769
p 2 7 382 531 6320 708
p 2 11 439 470 9718 886
p 2 4 415 501 5982 744
p 2 3 412 505 4945 703
p 2 5 426 489 8625 830
p 2 2 402 516 4728 687
p 2 1 365 554 4177 635
p 2 6 417 497 7061 804
p 2 7 396 517 4485 694
p 2 4 392 524 4327 669
p 2 6 418 496 7654 826
p 2 3 430 487 4501 713
p 2 1 402 517 4539 684
p 2 12 426 482 8091 884
p 2 2 412 506 4347 709
p 2 2 392 526 4422 695
p 2 19 399 502 7222 878
p 2 1 408 511 4040 706
p 2 0 392 528 3982 688
p 2 8 408 504 6579 839
p 2 3 417 500 4895 745
p 2 6 429 485 5040 766
p 2 5 432 483 6299 824
p 2 1 421 498 4494 730
p 2 1 424 495 4734 735
p 2 5 445 470 7018 869
p 2 4 420 496 5410 779
p 2 8 425 487 5520 782
p 2 8 430 482 7028 825
p 2 2 414 504 4715 723
p 2 3 383 534 4334 694
p 2 5 387 528 5484 758
p 2 2 334 584 3564 605
p 2 5 360 555 3621 647
p 2 2 386 532 5359 708
p 2 5 399 516 4459 695
p 2 3 378 539 4302 646
p 2 3 403 514 4823 705
p 2 4 372 544 3948 630
p 2 3 376 541 4036 639
p 2 2 367 551 4720 624
p 2 1 356 563 4093 605
p 2 1 344 575 3812 584
p 2 2 359 559 4064 622
p 2 2 326 592 3464 562
p 2 0 329 591 3587 574
p 2 1 316 603 4646 584
p 2 2 349 569 4307 618
p 2 3 364 553 4894 654
p 2 5 400 515 5128 700
p 2 2 378 540 4799 638
p 2 0 363 557 5122 646
p 2 1 377 542 5628 674
p 2 0 381 539 4403 653
p 2 2 350 568 4011 611
p 2 0 337 583 3993 579
p 2 2 327 591 3684 588
p 2 2 337 581 3762 587
p 2 1 332 587 4724 595
p 2 4 359 557 4942 646
p 2 5 343 572 4362 624
p 2 2 367 551 4426 636
p 2 0 366 554 4171 602
p 2 3 346 571 4391 611
p 2 2 336 582 4398 584
p 2 36 381 503 12183 911
p 2 113 372 435 20257 1383
p 2 106 414 400 25992 1584
p 2 116 429 375 31679 1786
p 2 29 502 389 24194 1370
p 2 3 408 509 3647 682
p 2 2 284 634 2446 513
p 2 0 250 670 2256 460
p 2 0 298 622 2709 506
p 2 0 224 696 2427 440
p 2 4 235 681 2447 468
p 2 3 235 682 3039 471
p 2 2 272 646 2474 492
p 2 2 202 716 2441 427
p 2 1 234 685 2738 474
p 2 2 221 697 2392 449
p 2 0 263 657 2765 462
p 2 7 212 701 3678 464
p 2 0 227 693 2970 435
p 2 1 232 687 3080 458
p 2 0 291 629 3904 531
p 2 5 248 667 3574 527
p 2 2 262 656 3846 504
p 2 5 296 619 4776 585
p 2 1 325 594 3927 579
p 2 1 278 641 3475 519
p 2 2 288 630 3486 532
p 2 1 239 680 2903 477
p 2 0 257 663 2832 476
p 2 9 223 688 3498 495
p 2 1 271 648 3163 504
p 2 0 272 648 3562 506
p 2 0 288 632 3791 514
p 2 0 240 680 2740 468
p 2 0 236 684 2503 456
p 2 3 213 704 3167 452
p 2 3 234 683 2779 460
p 2 1 198 721 2682 418
p 2 1 207 712 2416 432
p 2 0 198 722 2172 414
p 2 19 531 370 30245 1367
p 2 0 441 479 3293 678
p 2 18 515 387 30076 1343
p 2 0 457 463 3235 721
p 2 16 530 374 30390 1329
p 2 0 424 496 3225 671
p 2 26 524 370 30562 1382
p 2 0 464 456 3239 710
p 2 1 352 567 2980 579
p 2 1 260 659 2736 473
p 2 1 238 681 2911 453
p 2 1 256 663 2918 486
p 2 9 351 560 9940 730
p 2 2 343 575 2725 557
p 2 14 329 577 6939 679
p 2 0 276 644 2565 503
p 2 1 335 584 4644 573
p 2 1 347 572 3214 583
p 2 0 256 664 3155 490
p 2 1 282 637 3467 511
p 2 4 312 604 3480 563
p 2 4 314 602 3737 574
p 2 2 292 626 3503 535
p 2 6 257 657 3174 511
p 2 1 292 627 2845 510
p 2 1 266 653 2913 477
p 2 1 254 665 2672 473
p 2 2 252 666 3010 482
p 2 2 321 597 3632 548
p 2 2 284 634 3391 518
p 2 2 291 627 3236 516
p 2 0 256 664 3384 481
p 2 1 290 629 3553 532
p 2 1 247 672 3205 480
p 2 3 229 688 2755 455
p 2 3 202 715 2436 416
p 2 0 229 691 2566 445
p 2 2 220 698 2728 445
p 2 2 220 698 2685 451
p 2 1 186 733 2442 408
p 2 0 203 717 2379 417
p 2 1 200 719 2225 410
p 2 4 209 707 2467 442
p 2 1 177 742 2289 391
p 2 1 207 712 2293 425
p 2 0 187 733 2009 391
p 2 0 209 711 1984 412
p 2 0 195 725 2108 402
p 2 36 554 330 33144 1519
p 2 1 498 421 3608 756
p 2 16 591 313 30098 1441
p 2 1 503 416 3090 763
p 2 19 592 309 29708 1459
p 2 3 484 433 4205 764
p 2 27 594 299 29298 1483
p 2 1 516 403 3729 780
p 2 1 397 522 3625 634
p 2 3 342 575 3389 581
p 2 6 430 484 6727 744
p 2 2 329 589 3047 555
p 2 3 338 579 5206 598
p 2 4 268 648 2751 506
p 2 0 324 596 4212 561
p 2 0 219 701 1923 428
p 2 0 251 669 2709 461
p 2 1 231 688 2490 452
p 2 2 275 643 5721 560
p 2 3 251 666 2896 498
p 2 4 311 605 5727 601
p 2 0 242 678 2398 461
p 2 2 241 677 2512 460
p 2 4 245 671 5592 529
p 2 1 269 650 2933 489
p 2 4 250 666 5499 525
p 2 0 243 677 2535 454
p 2 1 247 672 4914 501
p 2 3 280 637 3199 513
p 2 1 228 691 2203 441
p 2 0 257 663 2266 462
p 2 6 274 640 6097 576
p 2 5 652 263 4602 966
p 2 5 376 539 6083 661
p 2 0 262 658 2956 490
p 2 3 217 700 2449 457
p 2 3 261 656 5624 571
p 2 0 265 655 2876 496
p 2 5 287 628 5103 562
p 2 0 266 654 2329 474
p 2 1 284 635 4742 537
p 2 0 273 647 2357 474
p 2 5 272 643 2684 489
p 2 2 235 683 3333 459
p 2 4 301 615 6078 577
p 2 2 268 650 2849 502
p 2 5 317 598 6699 628
p 2 4 252 664 2830 487
p 2 0 233 687 2518 437
p 2 3 248 669 5808 543
p 2 3 248 669 2498 478
p 2 3 187 730 4448 443
p 2 1 196 723 1910 412
p 2 0 215 705 4380 460
p 2 2 238 680 2840 480
p 2 2 202 716 2204 427
p 2 0 202 718 2052 424
i 2 920 0 0 57468 4839
p 2 0 386 534 3199 614
p 2 1 358 561 3147 586
p 2 2 342 576 4054 581
p 2 3 375 542 3989 623
p 2 2 363 555 3980 608
p 2 2 381 537 4487 631
p 2 1 390 529 4102 619
p 2 0 401 519 4052 621
p 2 4 383 533 3775 640
p 2 0 369 551 3266 590
p 2 1 332 587 3048 545
p 2 3 342 575 3941 578
p 2 1 362 557 3927 591
p 2 0 394 526 5050 653
p 2 5 395 520 5353 689
p 2 0 402 518 4922 671
p 2 1 375 544 4083 632
p 2 2 389 529 4455 647
p 2 1 407 512 4131 648
p 2 0 429 491 4621 662
p 2 3 412 505 5089 694
p 2 0 413 507 4527 673
p 2 0 379 541 3956 617
p 2 1 405 514 4162 660
p 2 0 382 538 3528 621
p 2 0 363 557 3771 597
p 2 1 371 548 4625 617
p 2 1 395 524 5432 638
p 2 2 401 517 5998 687
p 2 2 411 507 6286 722
p 2 3 387 530 5416 680
p 2 1 373 546 5620 662
p 2 1 377 542 5358 650
p 2 0 391 529 5068 668
p 2 2 373 545 4941 662
p 2 4 375 541 5913 665
p 2 1 376 543 5204 632
p 2 0 373 547 5602 636
p 2 2 392 526 5889 692
p 2 0 388 532 5813 666
p 2 6 409 505 6290 718
p 2 3 447 470 7182 768
p 2 1 439 480 7294 760
p 2 1 474 445 7708 792
p 2 5 453 462 7996 790
p 2 0 447 473 7196 755
p 2 3 418 499 6682 729
p 2 6 414 500 6948 755
p 2 0 385 535 6369 692
p 2 3 375 542 6950 697
p 2 3 411 506 9648 758
p 2 3 455 462 7258 796
p 2 1 409 510 8092 745
p 2 5 409 506 9019 766
p 2 0 420 500 8364 737
p 2 3 430 487 8464 765
p 2 2 442 476 9911 793
p 2 3 436 481 6759 767
p 2 1 419 500 8317 745
p 2 4 430 486 8402 807
p 2 1 410 509 7483 711
p 2 0 440 480 6638 740
p 2 4 423 493 9058 755
p 2 2 425 493 7579 734
p 2 1 428 491 8182 755
p 2 3 444 473 10131 808
p 2 1 442 477 8249 761
p 2 0 435 485 8300 750
p 2 2 430 488 9776 766
p 2 4 442 474 8705 772
p 2 1 425 494 8283 756
p 2 2 434 484 8321 788
p 2 0 401 519 7588 724
p 2 1 429 490 8109 770
p 2 0 415 505 8331 747
p 2 1 414 505 7461 726
i 2 920 0 0 84189 4924
p 2 0 292 628 2536 510
p 2 0 273 647 3048 483
p 2 2 262 656 4277 506
p 2 0 237 683 3161 453
p 2 1 281 638 3403 503
p 2 0 256 664 3946 472
p 2 0 229 691 3214 444
p 2 0 237 683 3346 450
p 2 0 276 644 4524 500
p 2 0 273 647 4051 502
p 2 0 282 638 4037 520
p 2 0 269 651 4549 498
p 2 0 238 682 3160 464
p 2 1 232 687 3251 465
p 2 1 261 658 4069 499
p 2 0 240 680 3231 454
p 2 1 203 716 3311 430
p 2 1 238 681 4318 465
p 2 0 247 673 3310 461
p 2 1 211 708 2919 425
p 2 1 205 714 3795 428
p 2 1 216 703 2646 430
p 2 1 251 668 3008 478
p 2 1 284 635 4797 524
p 2 7 288 625 3071 546
p 2 0 306 614 3454 531
p 2 5 318 597 4775 586
p 2 0 302 618 3794 526
p 2 0 266 654 3921 495
p 2 1 271 648 4934 506
p 2 1 293 626 4061 533
p 2 0 287 633 3791 508
p 2 2 262 656 4367 498
p 2 1 278 641 3430 507
p 2 0 290 630 3915 526
p 2 0 299 621 4982 543
p 2 0 285 635 3528 519
p 2 0 314 606 3731 539
p 2 0 332 588 5156 574
p 2 0 331 589 4308 563
p 2 0 325 595 4215 567
p 2 0 296 624 4501 524
p 2 0 277 643 3581 510
p 2 0 256 664 3129 475
p 2 0 291 629 4091 525
p 2 0 254 666 2942 474
p 2 1 292 627 3592 539
p 2 2 309 609 4705 561
p 2 0 307 613 3248 530
p 2 0 291 629 3270 509
p 2 0 298 622 4328 528
p 2 0 267 653 3220 483
p 2 0 240 680 3335 467
p 2 0 254 666 3961 478
p 2 0 282 638 3787 518
p 2 1 254 665 3726 492
p 2 0 242 678 4139 473
p 2 1 232 687 2923 457
p 2 0 261 659 3245 484
p 2 0 277 643 4433 502
p 2 1 273 646 3508 504
p 2 1 269 650 3643 521
p 2 2 289 629 4301 548
p 2 0 294 626 3902 529
p 2 0 300 620 4569 536
p 2 0 306 614 5379 549
p 2 1 274 645 4187 522
p 2 1 255 664 3472 494
p 2 0 234 686 4326 468
p 2 1 239 680 2953 463
p 2 0 245 675 2909 463
p 2 0 236 684 3904 459
p 2 0 250 670 2611 462
p 2 1 249 670 3094 484
p 2 2 266 652 4555 514
p 2 1 241 678 3674 475
p 2 0 216 704 3468 440
p 2 0 214 706 4369 442
p 2 0 239 681 3408 459
p 2 0 249 671 6427 502
p 2 0 247 673 4281 479
p 2 0 273 647 6161 525
p 2 0 292 628 3798 530
p 2 0 315 605 6713 560
p 2 2 294 624 3823 538
p 2 1 291 628 6033 550
p 2 0 332 588 5014 571
p 2 1 329 590 5741 578
p 2 0 313 607 4397 567
p 2 0 282 638 6030 530
p 2 1 302 617 4219 550
p 2 0 305 615 5090 540
p 2 1 278 641 4462 526
p 2 0 295 625 4565 533
p 2 1 297 622 3223 530
p 2 0 296 624 5360 532
p 2 0 275 645 2909 503
p 2 1 313 606 5226 572
p 2 3 326 591 5244 599
p 2 3 314 603 5306 577
p 2 0 320 600 4299 564
p 2 1 326 593 6540 591
p 2 1 335 584 4768 595
p 2 0 339 581 5586 595
p 2 0 318 602 4728 563
p 2 0 321 599 5185 567
p 2 0 311 609 4060 547
p 2 0 298 622 5984 547
p 2 0 259 661 3460 489
p 2 1 294 625 5142 535
p 2 1 325 594 5076 584
p 2 2 331 587 5646 601
p 2 2 305 613 4231 563
p 2 5 330 585 12791 686
p 2 1 313 606 4091 572
p 2 3 320 597 10218 626
p 2 0 271 649 4030 513
p 2 1 267 652 9036 545
p 2 0 281 639 2817 515
p 2 0 304 616 10168 594
p 2 0 291 629 2551 516
p 2 0 284 636 3075 501
p 2 3 287 630 4318 541
p 2 0 285 635 3450 515
p 2 1 257 662 3561 491
p 2 0 254 666 4550 491
p 2 0 266 654 3876 493
p 2 0 246 674 3039 457
p 2 0 207 713 3616 422
p 2 0 219 701 3031 437
p 2 0 265 655 3757 497
p 2 0 250 670 4318 473
p 2 0 227 693 3400 448
p 2 1 261 658 3913 488
p 2 0 280 640 5396 512
p 2 4 296 620 4936 561
p 2 4 296 620 4879 555
p 2 2 285 633 4986 543
p 2 0 268 652 4027 506
p 2 0 276 644 3555 499
p 2 0 227 693 4243 458
p 2 1 238 681 3215 465
p 2 0 243 677 3214 464
p 2 0 261 659 4450 497
p 2 1 241 678 2735 467
p 2 1 231 688 3186 465
p 2 0 225 695 4113 464
p 2 1 252 667 3400 483
p 2 1 260 659 3772 496
p 2 0 271 649 4802 504
p 2 0 274 646 4384 512
p 2 0 266 654 4315 508
p 2 0 265 655 4648 508
p 2 0 254 666 3608 490
i 2 920 0 0 3311 2669
p 2 0 0 920 197 197
p 2 0 38 882 221 221
p 2 612 308 0 17887 3357
p 2 290 630 0 28465 3396
p 2 161 759 0 34277 3054
p 2 85 835 0 38164 2822
p 2 63 857 0 40817 2637
p 2 27 893 0 43404 2465
p 2 14 906 0 45398 2335
p 2 0 918 2 19624 1660
p 2 0 914 6 21266 1614
p 2 0 919 1 20827 1605
p 2 0 919 1 21573 1634
p 2 0 915 5 21128 1621
p 2 0 917 3 21444 1609
p 2 0 917 3 21468 1601
p 2 0 918 2 21697 1589
p 2 0 917 3 21430 1598
p 2 0 915 5 21542 1594
p 2 0 915 5 21588 1587
p 2 0 920 0 21717 1600
p 2 0 916 4 21501 1602
p 2 0 918 2 21671 1608
p 2 0 918 2 21473 1626
p 2 0 918 2 21795 1619
p 2 0 919 1 21517 1623
p 2 0 918 2 21544 1607
p 2 0 919 1 21429 1619
p 2 0 917 3 21671 1607
p 2 0 917 3 21275 1613
p 2 0 917 3 21421 1609
p 2 0 917 3 21398 1622
p 2 0 915 5 21872 1617
p 2 0 918 2 21339 1611
p 2 0 919 1 21445 1615
p 2 0 918 2 21421 1633
p 2 0 919 1 21385 1642
p 2 0 918 2 21389 1637
p 2 0 914 6 21705 1645
p 2 0 917 3 21200 1653
p 2 0 919 1 21548 1658
p 2 0 915 5 21472 1649
p 2 0 917 3 21833 1667
p 2 0 920 0 22547 1675
p 2 0 916 4 22150 1645
p 2 0 919 1 22334 1671
p 2 0 917 3 21687 1645
p 2 0 917 3 22053 1644
p 2 0 914 6 21513 1628
p 2 0 919 1 22490 1627
p 2 0 915 5 21676 1620
p 2 0 919 1 22070 1626
p 2 0 920 0 21529 1604
p 2 0 919 1 22579 1619
p 2 0 919 1 21554 1569
p 2 0 918 2 22357 1621
p 2 0 918 2 21669 1599
p 2 0 917 3 22215 1604
p 2 0 917 3 21710 1604
p 2 0 919 1 22025 1624
p 2 0 917 3 21886 1617
p 2 0 918 2 22471 1613
p 2 0 916 4 21804 1611
p 2 0 917 3 22063 1615
p 2 0 911 9 21568 1596
p 2 0 917 3 22163 1630
p 2 0 915 5 21788 1607
p 2 0 918 2 22262 1622
p 2 0 917 3 21787 1611
p 2 0 918 2 22521 1617
p 2 0 917 3 22287 1627
p 2 0 916 4 22820 1637
p 2 0 917 3 22073 1610
p 2 0 917 3 22859 1647
i 2 920 0 0 17590 3607
p 2 0 794 126 5647 1301
p 2 0 808 112 6773 1344
p 2 2 739 179 6684 1306
p 2 9 763 148 6394 1360
p 2 0 726 194 6448 1322
p 2 1 770 149 6535 1359
p 2 0 729 191 6545 1319
p 2 0 790 130 7312 1409
p 2 0 834 86 8262 1507
p 2 0 824 96 8678 1503
p 2 0 811 109 8759 1506
p 2 0 817 103 8779 1494
p 2 0 795 125 8595 1478
p 2 2 818 100 8389 1491
p 2 0 770 150 8611 1435
p 2 18 807 95 12191 1567
p 2 0 803 117 8189 1437
p 2 1 800 119 8039 1433
p 2 34 749 137 17084 1602
p 2 8 775 137 7393 1419
p 2 0 736 184 6563 1279
p 2 94 676 150 22469 1822
p 2 0 677 243 5912 1183
p 2 1 671 248 5537 1155
p 2 107 616 197 21917 1823
p 2 0 670 250 5143 1124
p 2 1 646 273 5499 1117
p 2 118 689 113 24159 2110
p 2 48 800 72 15689 1946
p 2 52 789 79 18584 2025
p 2 34 788 98 21686 2111
p 2 25 805 90 23738 2131
p 2 31 813 76 26264 2229
p 2 22 832 66 27422 2234
p 2 17 847 56 28261 2257
p 2 14 857 49 27843 2224
p 2 13 863 44 26911 2224
i 2 920 0 0 57328 4571
p 2 0 159 761 424 343
p 2 0 102 818 292 280
p 2 0 39 881 241 231
p 2 0 62 858 257 247
p 2 110 554 256 51449 2307
p 2 0 412 508 1600 646
p 2 0 145 775 498 326
p 2 105 608 207 49990 2320
p 2 0 415 505 1622 635
p 2 0 172 748 608 361
p 2 89 606 225 48728 2225
p 2 0 424 496 1677 651
p 2 0 163 757 586 345
p 2 105 616 199 52312 2328
p 2 0 420 500 1637 692
p 2 0 157 763 508 344
p 2 0 113 807 377 293
p 2 0 68 852 285 257
p 2 0 73 847 341 258
p 2 0 26 894 239 221
p 2 0 22 898 233 216
p 2 0 75 845 369 263
p 2 0 16 904 238 211
p 2 0 19 901 243 214
p 2 0 13 907 227 208
p 2 0 5 915 208 200
p 2 0 3 917 205 199
p 2 0 1 919 198 198
i 2 920 0 0 40244 3930
p 2 7 711 202 9413 1371
p 2 55 799 66 31722 2118
p 2 7 769 144 16322 1623
p 2 59 799 62 33733 2227
p 2 7 799 114 19334 1709
p 2 76 790 54 35664 2335
p 2 14 789 117 21077 1804
p 2 52 825 43 35369 2260
p 2 2 821 97 20506 1779
p 2 1 761 158 20538 1702
p 2 1 783 136 20719 1715
p 2 2 786 132 20161 1717
p 2 1 785 134 19549 1689
p 2 0 784 136 18750 1631
p 2 1 781 138 18481 1635
p 2 2 768 150 17867 1620
i 2 920 0 0 22430 3635
p 2 17 725 178 10511 1283
p 2 31 737 152 19978 1420
p 2 57 675 188 27177 1606
p 2 61 684 175 32680 1700
p 2 95 704 121 32381 1962
p 2 96 739 85 32635 2128
p 2 48 815 57 30759 2182
p 2 19 835 66 24412 1947
p 2 2 857 61 17630 1685
p 2 1 849 70 19203 1683
p 2 7 850 63 20950 1763
p 2 7 861 52 22998 1786
p 2 7 860 53 23895 1847
p 2 6 857 57 24334 1815
p 2 4 853 63 24783 1811
p 2 7 862 51 24317 1844
p 2 599 321 0 66586 4365
p 2 0 486 434 1644 739
p 2 0 236 684 741 440
p 2 0 195 725 630 388
p 2 0 149 771 530 345
p 2 0 117 803 446 312
p 2 0 106 814 456 302
p 2 0 177 743 764 377
p 2 0 181 739 935 404
p 2 0 224 696 1315 457
p 2 0 254 666 1736 514
p 2 0 318 602 2456 599
p 2 0 338 582 3637 664
p 2 0 373 547 4122 703
p 2 1 386 533 5377 777
p 2 0 478 442 6507 882
p 2 1 493 426 7240 957
p 2 0 539 381 8334 1027
p 2 4 561 355 9646 1129
p 2 1 624 295 11714 1200
p 2 6 641 273 11478 1266
p 2 8 689 223 13263 1364
p 2 3 756 161 14805 1490
p 2 13 760 147 14926 1522
p 2 17 812 91 16619 1713
p 2 18 817 85 17030 1738
p 2 23 840 57 18365 1932
p 2 24 843 53 19160 1979
p 2 15 864 41 20464 2095
p 2 16 869 35 21256 2111
p 2 18 880 22 21592 2175
p 2 20 876 24 21781 2214
p 2 18 894 8 22844 2300
p 2 17 893 10 23024 2295
p 2 11 900 9 23500 2309
p 2 9 900 11 23112 2265
p 2 16 887 17 23763 2316
p 2 16 896 8 24444 2296
p 2 11 898 11 24085 2276
p 2 16 898 6 24784 2279
p 2 14 887 19 21718 2308
p 2 13 887 20 17386 2271
p 2 5 900 15 14135 2227
p 2 8 903 9 11510 2233
p 2 2 881 37 9144 2086
p 2 2 884 34 7666 2019
p 2 0 874 46 6536 1911
p 2 1 875 44 5546 1869
i 2 920 0 0 31676 4168
p 2 69 827 24 15686 2194
p 2 28 884 8 17132 2276
p 2 18 886 16 15338 2157
p 2 22 881 17 17720 2307
p 2 23 885 12 16726 2232
p 2 27 886 7 18916 2404
p 2 11 897 12 16667 2270
p 2 26 885 9 18207 2365
p 2 49 854 17 16649 2363
p 2 16 894 10 18177 2298
p 2 27 891 2 16814 2334
p 2 32 885 3 17240 2356
p 2 43 862 15 17359 2386
p 2 87 819 14 20185 2619
p 2 80 827 13 21213 2624
p 2 113 799 8 23117 2925
p 2 57 850 13 21247 2660
p 2 105 814 1 24466 2916
p 2 64 851 5 21913 2694
p 2 54 865 1 22810 2749
p 2 70 846 4 20546 2710
p 2 56 864 0 18873 2716
p 2 52 858 10 15039 2531
p 2 43 867 10 15432 2641
p 2 35 868 17 14695 2605
p 2 55 854 11 16650 2740
p 2 70 846 4 16911 2893
p 2 33 882 5 16864 2829
p 2 42 869 9 15236 2649
p 2 18 893 9 14486 2539
p 2 15 886 19 13810 2439
p 2 7 903 10 14009 2397
p 2 13 894 13 14865 2400
p 2 5 912 3 15429 2428
p 2 21 885 14 16387 2470
p 2 12 903 5 16509 2492
p 2 16 895 9 17928 2470
p 2 40 879 1 18824 2631
p 2 42 868 10 18396 2568
p 2 25 886 9 19129 2563
p 2 16 886 18 18595 2418
p 2 18 895 7 19314 2492
p 2 23 876 21 18361 2464
p 2 19 887 14 17961 2444
p 2 22 886 12 17043 2442
p 2 18 895 7 18549 2476
p 2 28 866 26 18483 2444
p 2 26 882 12 18209 2481
p 2 33 877 10 17966 2416
p 2 38 875 7 17723 2542
p 2 16 892 12 16734 2419
p 2 33 883 4 18125 2515
p 2 19 877 24 15117 2318
p 2 17 899 4 17227 2492
p 2 13 889 18 14640 2328
p 2 29 887 4 15691 2479
p 2 13 891 16 13456 2300
p 2 17 895 8 13646 2459
p 2 11 877 32 11652 2242
p 2 21 896 3 12343 2412
p 2 16 887 17 11595 2252
p 2 60 842 18 12884 2444
p 2 44 834 42 12696 2313
p 2 51 860 9 13963 2472
p 2 44 840 36 13075 2406
p 2 65 842 13 14938 2609
p 2 57 841 22 13538 2460
p 2 58 847 15 14809 2551
p 2 79 813 28 13088 2463
p 2 69 830 21 13597 2546
p 2 61 815 44 12569 2350
p 2 79 815 26 14796 2606
p 2 54 825 41 12047 2308
p 2 47 853 20 15187 2525
p 2 21 840 59 11047 2129
p 2 57 834 29 15154 2473
p 2 14 804 102 10220 1978
p 2 34 856 30 15081 2371
p 2 13 815 92 10801 1991
p 2 43 850 27 15959 2409
p 2 14 827 79 11295 1995
p 2 37 873 10 15219 2370
p 2 32 839 49 11823 2083
p 2 53 841 26 15189 2356
p 2 30 827 63 12230 2098
p 2 50 825 45 14253 2349
p 2 30 804 86 11918 2087
p 2 50 837 33 14249 2352
p 2 41 788 91 12100 2174
p 2 49 840 31 14231 2384
p 2 42 785 93 12169 2208
p 2 59 806 55 13135 2321
p 2 46 802 72 11956 2153
p 2 76 820 24 14332 2493
p 2 52 821 47 12783 2250
p 2 119 793 8 19072 2801
p 2 81 787 52 22004 2517
p 2 179 717 24 30054 3149
p 2 127 745 48 32396 2740
p 2 204 695 21 36793 3223
p 2 88 797 35 29009 2648
p 2 161 743 16 30036 3055
p 2 86 812 22 25926 2668
p 2 173 739 8 28203 3086
p 2 107 803 10 24758 2786
i 2 920 0 0 16200 3720
p 2 70 780 70 12533 2180
p 2 107 793 20 17698 2694
p 2 33 846 41 14338 2270
p 2 40 841 39 17324 2515
p 2 49 844 27 14633 2498
p 2 97 806 17 22304 2877
p 2 76 835 9 23812 2752
p 2 88 828 4 29365 2893
p 2 70 839 11 29805 2673
p 2 108 805 7 37424 2995
p 2 108 803 9 34844 2868
p 2 31 877 12 28247 2465
p 2 3 889 28 12631 1944
p 2 14 901 5 26517 2337
p 2 7 881 32 10893 1874
p 2 11 908 1 23832 2257
p 2 12 864 44 11806 1933
p 2 20 898 2 25976 2376
p 2 30 849 41 13523 2053
p 2 22 897 1 27041 2376
p 2 14 852 54 13397 2021
p 2 23 897 0 27664 2430
p 2 6 843 71 10742 1850
p 2 22 898 0 31940 2450
p 2 9 832 79 10723 1804
p 2 69 848 3 43346 2826
p 2 7 833 80 11942 1881
p 2 104 815 1 47553 3159
p 2 12 823 85 13040 1928
p 2 130 788 2 45743 3203
p 2 22 807 91 12401 2021
p 2 142 778 0 45918 3288
p 2 20 782 118 11432 2009
p 2 120 800 0 41860 3176
p 2 22 795 103 11225 2030
p 2 156 763 1 41827 3271
p 2 26 792 102 11187 1962
p 2 63 855 2 37186 2767
p 2 18 818 84 10155 1945
p 2 102 817 1 38835 2941
p 2 24 817 79 11455 2009
p 2 137 783 0 41314 3195
p 2 21 786 113 11018 1969
p 2 159 760 1 37281 3286
p 2 11 800 109 9637 1919
p 2 217 699 4 36439 3346
p 2 12 783 125 9597 1825
p 2 300 620 0 44348 3705
p 2 13 741 166 9861 1676
p 2 258 662 0 57068 3628
p 2 12 767 141 11898 1806
p 2 231 687 2 51071 3551
p 2 14 815 91 13333 2044
p 2 175 742 3 35062 3209
p 2 35 825 60 13702 2285
p 2 124 794 2 33378 3039
p 2 19 846 55 15388 2306
p 2 88 830 2 31440 2911
p 2 19 876 25 16237 2374
p 2 65 853 2 28583 2830
p 2 18 879 23 16310 2411
p 2 60 860 0 30687 2833
p 2 18 875 27 15412 2319
p 2 68 852 0 32069 2849
p 2 26 867 27 16571 2377
p 2 76 844 0 29197 2899
p 2 25 869 26 16153 2401
p 2 81 839 0 30648 2904
p 2 25 857 38 15382 2350
p 2 88 832 0 27688 2964
p 2 20 871 29 15059 2322
p 2 64 854 2 31013 2779
p 2 24 856 40 15338 2280
p 2 78 841 1 29268 2885
p 2 17 868 35 15580 2309
p 2 67 852 1 30070 2826
p 2 22 865 33 15282 2319
p 2 86 828 6 27421 2873
p 2 21 859 40 14574 2315
p 2 75 842 3 30326 2888
p 2 21 864 35 14323 2324
p 2 93 826 1 28681 2839
p 2 25 843 52 12448 2169
p 2 86 828 6 31039 2751
p 2 20 824 76 11224 2014
p 2 133 777 10 31725 2954
p 2 19 786 115 11725 1970
p 2 202 711 7 41180 3242
p 2 19 726 175 11299 1830
p 2 201 712 7 40773 3291
p 2 24 730 166 10215 1852
p 2 184 725 11 39473 3177
p 2 25 757 138 11591 1897
p 2 192 707 21 38960 3202
p 2 25 733 162 11063 1881
p 2 179 741 0 41361 3345
p 2 24 756 140 11438 1914
p 2 105 814 1 37875 2990
p 2 18 766 136 11537 1853
p 2 71 849 0 36223 2819
p 2 39 763 118 11380 1864
p 2 107 810 3 34071 2874
p 2 43 752 125 11353 1869
p 2 133 786 1 31485 2826
p 2 71 729 120 11104 1900
p 2 115 803 2 32252 2735
p 2 85 705 130 12134 1922
p 2 169 747 4 33435 2920
p 2 109 687 124 11151 2012
i 2 920 0 0 48096 4726
p 2 193 499 228 13185 2177
p 2 694 226 0 28620 4099
p 2 138 756 26 16869 2616
p 2 77 771 72 10055 2016
p 2 526 389 5 52317 4268
p 2 182 737 1 52494 3419
p 2 140 780 0 46161 3185
p 2 148 768 4 49391 3340
p 2 92 820 8 38433 2950
p 2 79 841 0 44093 3048
p 2 40 873 7 32084 2596
p 2 45 875 0 35641 2739
p 2 33 875 12 26926 2546
p 2 34 885 1 32270 2678
p 2 33 869 18 24038 2474
p 2 26 894 0 29581 2549
p 2 28 869 23 22319 2363
p 2 25 895 0 28823 2542
p 2 22 881 17 21874 2393
p 2 30 889 1 27949 2534
p 2 17 875 28 20693 2263
p 2 20 898 2 27287 2464
p 2 25 860 35 19255 2277
p 2 18 895 7 25821 2356
p 2 13 877 30 18467 2183
p 2 16 903 1 25517 2371
p 2 15 875 30 18821 2235
p 2 16 901 3 24542 2382
p 2 15 868 37 17553 2176
p 2 22 897 1 24185 2396
p 2 26 864 30 17865 2273
p 2 26 894 0 23523 2417
p 2 20 873 27 17370 2266
p 2 16 902 2 22457 2417
p 2 23 872 25 16562 2308
p 2 16 903 1 21785 2381
p 2 21 862 37 16045 2229
p 2 16 902 2 21336 2323
p 2 15 862 43 14938 2149
p 2 21 894 5 20475 2297
p 2 29 847 44 14852 2180
p 2 25 889 6 21288 2352
p 2 25 857 38 14641 2183
p 2 24 890 6 19927 2317
p 2 10 860 50 13852 2151
p 2 15 899 6 20343 2370
p 2 15 865 40 14161 2209
p 2 23 895 2 19621 2377
p 2 15 862 43 13223 2177
p 2 8 904 8 18262 2244
p 2 25 861 34 13283 2134
p 2 16 899 5 18275 2243
p 2 16 855 49 13662 2075
p 2 13 902 5 18662 2223
p 2 15 864 41 14517 2126
p 2 22 882 16 18139 2273
p 2 23 851 46 14575 2153
p 2 17 894 9 17400 2266
p 2 71 848 1 19498 2645
p 2 78 839 3 20038 2658
p 2 69 848 3 19323 2664
p 2 90 827 3 19087 2731
p 2 65 852 3 17460 2672
p 2 73 847 0 16564 2679
p 2 70 848 2 15455 2718
p 2 83 834 3 14279 2701
p 2 66 847 7 12964 2695
p 2 128 782 10 11322 2781
p 2 128 783 9 9261 2756
p 2 252 653 15 5751 2508
p 2 0 753 167 1360 1232
i 2 920 0 0 21519 3990
p 2 8 912 0 16216 2126
p 2 1 919 0 17089 2146
p 2 3 917 0 17177 2185
p 2 6 914 0 17775 2193
p 2 10 910 0 17857 2282
p 2 3 916 1 17917 2260
p 2 6 914 0 17765 2299
p 2 11 909 0 18215 2281
p 2 16 904 0 18782 2403
p 2 27 893 0 19756 2460
p 2 47 873 0 19877 2574
p 2 36 884 0 19613 2475
p 2 42 878 0 19216 2512
p 2 58 862 0 18619 2551
p 2 65 855 0 18377 2606
p 2 65 855 0 18877 2569
p 2 18 901 1 19981 2498
p 2 8 911 1 18998 2318
p 2 7 908 5 19352 2309
p 2 12 907 1 18997 2292
p 2 22 897 1 20210 2386
p 2 18 901 1 20008 2343
p 2 22 893 5 21974 2335
p 2 125 792 3 29833 2865
p 2 170 743 7 30974 3088
p 2 101 818 1 28668 2995
p 2 132 783 5 32864 3343
p 2 145 774 1 37188 3466
p 2 174 746 0 36018 3514
p 2 155 764 1 36465 3488
p 2 109 811 0 34851 3360
p 2 83 836 1 33196 3152
p 2 78 841 1 31334 3040
p 2 45 875 0 28332 2855
p 2 49 871 0 27034 2738
p 2 52 868 0 25305 2743
p 2 21 898 1 22384 2540
p 2 41 878 1 22888 2635
p 2 62 854 4 23546 2702
p 2 29 889 2 21823 2597
p 2 48 870 2 20815 2636
p 2 63 855 2 20480 2650
p 2 99 818 3 18335 2704
p 2 93 824 3 17406 2662
p 2 43 872 5 16541 2577
p 2 24 892 4 15153 2488
p 2 11 904 5 13584 2326
p 2 10 907 3 13694 2327
p 2 15 903 2 12690 2338
p 2 13 906 1 11653 2181
p 2 14 906 0 10926 2228
p 2 17 901 2 10735 2220
p 2 19 895 6 10101 2260
p 2 22 893 5 10375 2316
p 2 20 898 2 9705 2379
p 2 30 889 1 9632 2401
p 2 34 885 1 8959 2465
p 2 58 858 4 8840 2478
p 2 39 877 4 8630 2495
p 2 83 833 4 8519 2519
p 2 98 817 5 7785 2657
p 2 286 626 8 6010 2572
i 2 920 0 0 102208 5487
p 2 18 881 21 67998 2205
p 2 9 901 10 69524 2158
p 2 11 883 26 67316 2170
p 2 16 894 10 66727 2216
p 2 12 889 19 65642 2181
p 2 9 891 20 65930 2144
p 2 18 889 13 65491 2206
p 2 12 893 15 65985 2183
p 2 12 896 12 63763 2138
p 2 12 904 4 63642 2150
p 2 9 900 11 62244 2101
p 2 10 909 1 60528 2134
p 2 6 912 2 60004 2141
p 2 6 912 2 60577 2143
p 2 8 909 3 58843 2180
p 2 16 903 1 60600 2209
p 2 9 907 4 60798 2188
p 2 14 906 0 61781 2192
p 2 16 903 1 61442 2199
p 2 15 902 3 61992 2216
p 2 13 906 1 61338 2184
p 2 12 908 0 60182 2218
p 2 12 907 1 59723 2203
p 2 9 907 4 59241 2188
p 2 14 905 1 60622 2231
i 2 920 0 0 90964 5216
p 2 11 907 2 48302 2021
p 2 17 903 0 54550 2165
p 2 31 889 0 58120 2335
p 2 31 889 0 63411 2418
p 2 23 895 2 62429 2372
p 2 26 893 1 61712 2404
p 2 24 894 2 62309 2420
p 2 20 900 0 64214 2414
p 2 21 899 0 59930 2362
p 2 10 910 0 55566 2236
p 2 15 904 1 54694 2190
i 2 920 0 0 89619 5284
p 2 4 914 2 50323 1848
p 2 7 909 4 56038 1968
p 2 9 891 20 59393 1998
p 2 9 901 10 56936 2030
p 2 15 892 13 55141 2058
p 2 18 896 6 54543 2085
p 2 15 894 11 56477 2092
p 2 13 903 4 56817 2109
p 2 28 878 14 57632 2203
p 2 16 898 6 61627 2252
p 2 51 850 19 66463 2472
i 2 920 0 0 83538 5192
p 2 103 808 9 66586 2781
p 2 49 865 6 66668 2584
p 2 81 835 4 63783 2684
p 2 48 867 5 59860 2518
p 2 19 900 1 57186 2333
p 2 59 861 0 61191 2521
p 2 133 787 0 66523 2930
p 2 73 845 2 65585 2601
p 2 48 867 5 59995 2483
p 2 34 882 4 55558 2364
p 2 31 889 0 52634 2243
i 2 920 0 0 84342 4952
p 2 14 906 0 53884 2190
p 2 9 911 0 53506 2130
p 2 4 916 0 53552 2095
p 2 4 916 0 53190 2102
p 2 6 914 0 53605 2084
p 2 9 911 0 53286 2086
p 2 5 915 0 53253 2057
p 2 2 918 0 53523 2026
p 2 5 914 1 54202 2030
p 2 3 917 0 54544 2012
p 2 2 918 0 55132 2007
p 2 6 913 1 56175 2052
p 2 5 915 0 57241 2056
p 2 4 916 0 57113 2065
p 2 2 918 0 58230 2081
p 2 4 916 0 58959 2095
p 2 1 919 0 59645 2076
p 2 6 914 0 59091 2092
p 2 2 918 0 60540 2072
p 2 2 918 0 61452 2084
p 2 1 919 0 61952 2070
p 2 3 917 0 61014 2094
p 2 3 917 0 61558 2063
p 2 1 919 0 60767 2040
p 2 5 915 0 62640 2101
p 2 8 912 0 60518 2104
p 2 6 914 0 60698 2091
p 2 5 915 0 59695 2082
p 2 5 915 0 59758 2070
p 2 4 916 0 58893 2074
p 2 4 916 0 59678 2104
p 2 4 916 0 59754 2074
p 2 7 913 0 62453 2094
p 2 2 918 0 62144 2060
p 2 6 914 0 63497 2117
p 2 4 916 0 63187 2079
p 2 4 916 0 64861 2116
p 2 8 912 0 62467 2116
p 2 2 918 0 62451 2088
p 2 6 914 0 60809 2124
p 2 3 917 0 62064 2102
p 2 2 917 1 60713 2104
p 2 6 914 0 61428 2093
p 2 6 914 0 60146 2103
p 2 6 912 2 60344 2103
p 2 3 916 1 59106 2085
p 2 3 917 0 59433 2092
p 2 2 913 5 58832 2074
p 2 3 909 8 59536 2070
p 2 5 907 8 60184 2093
p 2 11 899 10 60551 2141
p 2 10 903 7 60459 2172
p 2 13 898 9 60192 2167
p 2 10 908 2 60372 2190
p 2 16 899 5 59886 2210
p 2 8 909 3 59501 2189
p 2 11 907 2 58776 2153
p 2 4 911 5 57983 2114
p 2 9 909 2 58314 2133
p 2 7 909 4 58154 2110
p 2 9 911 0 58412 2116
p 2 14 904 2 58644 2156
p 2 9 905 6 60104 2154
p 2 7 910 3 59935 2126
p 2 11 909 0 60719 2161
i 2 920 0 0 85437 5387
p 2 45 872 3 68086 2305
p 2 35 885 0 68303 2288
p 2 41 873 6 66647 2279
p 2 21 897 2 66828 2219
p 2 15 898 7 68812 2285
p 2 12 907 1 66225 2210
p 2 24 884 12 67976 2237
p 2 26 893 1 68211 2279
p 2 34 881 5 67350 2311
p 2 38 881 1 67433 2360
p 2 29 882 9 69436 2342
p 2 42 877 1 67421 2379
p 2 44 873 3 67715 2373
p 2 30 889 1 69641 2391
p 2 30 887 3 69264 2384
p 2 33 885 2 70924 2414
p 2 28 885 7 71254 2382
p 2 33 886 1 71529 2414
p 2 19 901 0 72015 2357
p 2 41 879 0 71436 2402
p 2 29 891 0 72246 2356
p 2 22 896 2 73259 2363
p 2 17 901 2 71678 2294
p 2 11 907 2 71572 2286
p 2 13 906 1 71899 2250
p 2 24 895 1 71805 2296
p 2 32 887 1 70810 2333
p 2 22 898 0 69746 2307
p 2 10 909 1 69178 2217
p 2 21 898 1 69378 2310
p 2 19 900 1 70326 2292
p 2 18 902 0 71541 2307
p 2 12 907 1 72000 2260
p 2 16 904 0 73725 2308
p 2 17 901 2 73338 2311
p 2 17 900 3 72684 2298
p 2 18 901 1 72319 2311
p 2 23 897 0 72876 2353
p 2 15 904 1 71908 2315
p 2 8 912 0 69289 2251
p 2 12 908 0 66712 2191
p 2 10 909 1 63385 2197
p 2 8 912 0 62051 2180
p 2 10 909 1 62549 2177
p 2 23 897 0 63583 2244
i 2 920 0 0 84188 5142
p 2 260 660 0 86102 3589
p 2 201 719 0 86224 3427
p 2 162 758 0 85713 3310
p 2 135 785 0 85999 3254
p 2 130 790 0 87744 3239
p 2 97 823 0 85863 3089
p 2 106 814 0 89250 3131
p 2 267 653 0 100805 3875
p 2 322 598 0 102259 4026
p 2 285 635 0 103269 3901
p 2 232 688 0 99475 3673
p 2 127 793 0 88587 3268
p 2 54 866 0 83333 2839
p 2 43 877 0 79101 2700
p 2 32 888 0 75669 2585
p 2 32 888 0 73528 2551
p 2 27 893 0 72861 2490
p 2 31 889 0 71377 2416
p 2 22 897 1 69859 2356
p 2 19 901 0 69498 2316
p 2 32 888 0 68605 2351
i 2 920 0 0 78032 5282
p 2 108 812 0 62534 2809
p 2 62 857 1 60989 2555
p 2 23 896 1 57770 2349
p 2 29 889 2 55884 2309
p 2 53 867 0 59125 2518
p 2 66 854 0 62303 2544
p 2 99 821 0 59636 2635
p 2 61 859 0 58877 2461
p 2 45 875 0 54497 2428
p 2 24 895 1 52296 2337
p 2 31 889 0 50707 2375
p 2 35 885 0 52354 2380
p 2 40 880 0 54891 2444
p 2 48 872 0 57173 2537
p 2 65 852 3 57379 2651
p 2 509 411 0 108545 4769
p 2 77 843 0 80071 2755
p 2 66 854 0 74956 2716
p 2 43 877 0 73164 2569
p 2 42 878 0 72327 2604
p 2 50 870 0 72050 2572
p 2 69 851 0 74054 2660
p 2 46 874 0 71598 2554
p 2 55 865 0 70016 2565
p 2 26 894 0 68127 2404
p 2 24 896 0 63196 2378
p 2 48 872 0 66980 2525
p 2 38 882 0 65785 2475
p 2 27 893 0 66435 2423
p 2 594 326 0 104875 4767
p 2 103 817 0 84032 2914
p 2 41 879 0 80541 2604
p 2 26 894 0 79721 2517
p 2 31 889 0 76366 2467
p 2 16 904 0 75504 2398
p 2 16 904 0 75826 2364
p 2 49 871 0 75673 2479
p 2 37 883 0 76628 2407
p 2 38 882 0 73619 2403
p 2 31 889 0 72999 2380
p 2 15 905 0 73779 2331
p 2 13 905 2 72093 2304
p 2 28 891 1 70754 2328
p 2 21 899 0 70041 2309
p 2 21 899 0 67629 2274
p 2 7 913 0 64458 2183
p 2 28 891 1 63403 2189
p 2 28 891 1 64872 2201
p 2 14 905 1 63423 2141
p 2 28 892 0 61645 2195
p 2 22 898 0 61222 2167
p 2 3 917 0 56407 2007
p 2 0 920 0 54170 1970
p 2 27 893 0 55406 2063
p 2 2 918 0 55292 1973
p 2 2 918 0 53689 1960
p 2 2 917 1 53416 1965
p 2 1 919 0 53353 1988
p 2 3 917 0 53886 2020
p 2 6 914 0 53523 2014
p 2 3 916 1 53805 2033
p 2 1 919 0 52766 2003
p 2 1 919 0 52270 1996
p 2 1 919 0 52199 1975
p 2 1 919 0 52348 1978
p 2 3 916 1 51036 1956
p 2 0 916 4 50784 1925
p 2 0 919 1 49547 1907
p 2 0 916 4 49273 1903
p 2 0 917 3 48311 1884
p 2 1 912 7 48872 1872
p 2 0 919 1 49254 1893
p 2 2 911 7 49444 1884
p 2 3 917 0 49375 1916
p 2 1 917 2 49962 1908
p 2 0 918 2 49228 1920
p 2 2 914 4 49588 1915
p 2 1 917 2 49114 1929
p 2 3 915 2 50267 1922
p 2 3 914 3 48972 1910
p 2 1 902 17 49213 1871
p 2 1 915 4 48785 1878
p 2 0 906 14 48714 1868
p 2 0 908 12 47585 1860
p 2 0 903 17 49221 1849
p 2 1 907 12 49634 1885
p 2 1 909 10 50043 1880
p 2 3 906 11 49863 1899
p 2 4 895 21 49874 1867
p 2 2 902 16 49205 1864
p 2 0 910 10 49441 1866
p 2 0 912 8 48747 1865
p 2 0 905 15 49111 1857
p 2 0 912 8 48188 1848
p 2 0 912 8 49555 1837
p 2 0 910 10 48675 1843
p 2 1 916 3 49330 1869
p 2 0 913 7 49578 1860
p 2 0 914 6 50222 1858
p 2 0 916 4 49409 1859
p 2 0 910 10 49523 1838
p 2 0 912 8 49124 1831
p 2 0 917 3 49037 1839
p 2 1 915 4 47483 1836
p 2 0 912 8 48279 1818
p 2 0 919 1 48219 1801
p 2 0 916 4 48199 1810
p 2 0 916 4 49192 1828
p 2 0 914 6 48274 1825
p 2 1 915 4 47753 1846
p 2 1 917 2 47018 1856
p 2 0 915 5 46951 1853
p 2 0 917 3 45869 1869
p 2 0 920 0 47473 1878
p 2 0 919 1 48046 1861
p 2 0 917 3 50139 1854
p 2 0 916 4 49610 1840
p 2 0 915 5 49579 1840
p 2 1 918 1 48362 1839
p 2 0 920 0 47115 1860
p 2 0 919 1 40725 1829
p 2 0 919 1 40396 1830
p 2 2 917 1 49034 1872
p 2 1 917 2 48429 1889
p 2 2 918 0 42997 1867
p 2 1 918 1 41577 1863
p 2 2 918 0 50074 1938
p 2 6 913 1 54554 1991
p 2 9 911 0 54683 2068
p 2 14 906 0 56575 2113
p 2 53 867 0 65721 2368
p 2 30 890 0 65316 2395
p 2 109 811 0 76278 2926
i 2 920 0 0 84831 4975
i 2 920 0 0 84502 4801
i 2 920 0 0 73018 4739
p 2 575 345 0 102128 4592
p 2 521 399 0 110108 4594
p 2 333 587 0 106379 3951
p 2 179 741 0 89798 3299
p 2 101 819 0 82718 2885
p 2 57 863 0 70915 2496
p 2 16 904 0 53381 2099
p 2 6 914 0 55250 2047
p 2 7 911 2 58684 2047
p 2 9 911 0 55516 2028
p 2 11 906 3 46973 1977
p 2 2 916 2 52319 1953
p 2 1 918 1 52841 1941
p 2 1 917 2 52701 1933
p 2 1 919 0 50530 1894
p 2 1 915 4 44562 1843
p 2 0 916 4 44848 1830
p 2 1 910 9 47474 1838
p 2 1 912 7 51796 1903
p 2 2 917 1 54889 1944
p 2 3 916 1 55718 1955
p 2 1 916 3 54513 1918
p 2 1 918 1 51717 1920
p 2 1 919 0 53109 1930
p 2 0 919 1 53670 1928
p 2 1 917 2 54685 1950
p 2 5 914 1 57263 1990
p 2 3 916 1 58409 1986
p 2 7 911 2 57796 2029
p 2 2 917 1 57894 1978
p 2 0 916 4 57003 1958
p 2 0 915 5 59144 1991
p 2 0 916 4 59318 2021
p 2 5 914 1 60347 2060
p 2 3 915 2 59477 2038
p 2 2 916 2 59584 2006
p 2 9 907 4 59570 2032
p 2 11 907 2 60475 2020
p 2 10 907 3 61242 2044
p 2 7 910 3 60076 2016
p 2 4 912 4 56659 1961
p 2 0 917 3 55021 1932
p 2 0 914 6 50983 1888
p 2 0 919 1 50519 1875
p 2 1 916 3 49363 1898
p 2 1 919 0 50519 1892
p 2 3 914 3 51250 1897
p 2 2 916 2 50181 1890
p 2 0 919 1 48697 1863
p 2 3 917 0 50019 1881
p 2 1 914 5 49569 1863
p 2 2 916 2 50301 1885
p 2 0 916 4 49818 1871
p 2 0 920 0 49171 1870
p 2 1 919 0 49197 1868
p 2 0 920 0 49264 1874
p 2 1 917 2 49305 1873
p 2 1 917 2 51219 1895
p 2 1 918 1 52281 1919
p 2 2 918 0 53007 1923
p 2 2 917 1 53375 1924
p 2 5 915 0 54113 1942
p 2 6 914 0 54734 1965
p 2 1 919 0 54957 1958
p 2 1 917 2 53603 1953
p 2 2 917 1 53953 1949
p 2 2 916 2 53471 1955
p 2 7 912 1 56053 1977
p 2 6 913 1 55343 1987
p 2 9 910 1 56410 2006
p 2 13 904 3 56940 2020
p 2 28 892 0 57816 2087
p 2 9 909 2 55777 1992
p 2 9 910 1 55366 1997
p 2 20 897 3 54655 1990
p 2 9 911 0 54131 1972
p 2 8 911 1 53553 1944
p 2 7 912 1 53823 1941
p 2 3 917 0 53975 1926
p 2 2 918 0 54735 1906
p 2 3 915 2 54061 1912
p 2 1 918 1 52409 1889
p 2 0 918 2 50899 1858
p 2 0 918 2 50462 1869
p 2 0 919 1 48894 1837
p 2 1 918 1 49599 1845
p 2 0 918 2 49023 1814
p 2 0 917 3 49244 1835
p 2 1 917 2 49610 1833
p 2 0 920 0 50095 1844
p 2 0 920 0 49319 1822
p 2 0 920 0 50290 1844
p 2 0 919 1 51332 1847
p 2 0 920 0 50893 1847
p 2 0 919 1 51196 1838
p 2 4 915 1 52596 1853
p 2 3 916 1 53375 1868
p 2 3 917 0 52439 1867
p 2 5 915 0 50214 1845
p 2 7 913 0 50987 1845
p 2 11 909 0 52110 1846
p 2 17 903 0 52962 1882
p 2 24 896 0 53576 1924
p 2 19 901 0 52592 1909
p 2 16 904 0 55975 1925
p 2 11 909 0 56954 1941
p 2 7 913 0 56194 1918
p 2 0 919 1 55246 1896
p 2 1 919 0 54836 1897
i 2 920 0 0 99503 5368
p 2 58 862 0 74112 2554
p 2 39 881 0 72600 2483
p 2 43 877 0 72553 2469
p 2 62 858 0 74183 2604
p 2 54 866 0 76370 2630
p 2 44 876 0 74181 2514
p 2 39 880 1 71413 2460
p 2 41 879 0 70586 2424
p 2 46 874 0 72948 2476
p 2 61 859 0 74044 2551
p 2 67 853 0 78068 2580
p 2 59 860 1 80992 2610
p 2 59 860 1 79473 2630
p 2 46 874 0 78939 2575
p 2 61 859 0 77613 2622
p 2 37 883 0 76605 2528
p 2 39 881 0 75278 2528
p 2 28 892 0 72541 2432
p 2 30 890 0 71122 2433
i 2 920 0 0 87321 5352
p 2 50 867 3 69291 2555
p 2 25 895 0 66661 2482
p 2 33 886 1 70514 2543
p 2 21 899 0 71999 2501
p 2 19 899 2 72174 2518
p 2 22 898 0 73414 2528
p 2 25 895 0 72176 2522
p 2 23 897 0 70465 2494
p 2 18 902 0 68705 2477
p 2 23 896 1 67940 2494
p 2 15 905 0 67639 2400
p 2 27 893 0 66939 2466
p 2 19 901 0 68229 2452
p 2 19 900 1 68021 2449
p 2 19 899 2 66248 2402
p 2 16 904 0 67852 2399
p 2 22 896 2 67775 2415
p 2 24 893 3 68199 2422
p 2 22 895 3 67692 2395
p 2 23 894 3 67402 2381
p 2 23 895 2 67219 2369
p 2 28 890 2 68674 2379
p 2 11 903 6 71114 2319
p 2 24 889 7 74294 2424
p 2 13 902 5 77157 2433
i 2 920 0 0 73654 5274
p 2 41 870 9 61006 2508
p 2 22 890 8 57344 2437
p 2 21 892 7 54320 2404
p 2 20 894 6 54827 2414
p 2 36 882 2 54789 2463
p 2 63 856 1 57260 2573
p 2 66 852 2 63423 2650
p 2 74 846 0 70409 2833
p 2 96 822 2 69077 2919
p 2 80 840 0 69815 2945
p 2 52 864 4 67537 2800
p 2 39 878 3 65887 2708
p 2 43 870 7 64033 2632
p 2 30 888 2 61958 2538
p 2 48 868 4 62554 2549
p 2 49 864 7 60780 2547
p 2 35 877 8 59164 2444
p 2 39 872 9 62136 2589
p 2 62 851 7 61936 2705
p 2 62 857 1 64231 2757
p 2 54 858 8 66836 2723
p 2 614 306 0 92992 4915
p 2 23 895 2 59186 2434
p 2 7 913 0 56292 2327
p 2 11 909 0 54255 2230
p 2 10 908 2 51866 2156
p 2 14 904 2 51842 2149
p 2 6 913 1 51152 2092
p 2 6 913 1 50992 2110
p 2 14 905 1 51867 2129
p 2 15 904 1 53593 2123
p 2 17 902 1 55635 2196
p 2 23 897 0 56555 2241
p 2 17 903 0 57376 2238
p 2 19 901 0 58141 2297
p 2 8 912 0 59469 2245
p 2 20 900 0 60735 2320
p 2 22 898 0 65042 2369
p 2 33 887 0 65086 2413
p 2 40 880 0 67813 2554
p 2 31 889 0 67633 2508
p 2 36 884 0 70182 2506
p 2 50 870 0 71620 2583
p 2 54 866 0 73773 2596
p 2 44 874 2 71067 2515
p 2 35 884 1 71179 2428
p 2 31 889 0 71118 2418
p 2 21 895 4 69002 2353
p 2 28 889 3 67217 2341
p 2 26 894 0 66248 2327
p 2 7 910 3 63367 2167
p 2 10 906 4 62981 2150
p 2 6 912 2 63189 2108
p 2 9 909 2 61531 2117
p 2 4 913 3 63134 2095
p 2 3 917 0 63008 2086
p 2 6 914 0 64217 2108
p 2 4 916 0 63457 2085
p 2 13 906 1 64367 2106
p 2 4 915 1 64309 2082
p 2 10 910 0 65122 2126
p 2 10 910 0 64120 2090
p 2 7 913 0 64751 2108
p 2 19 901 0 65068 2134
p 2 14 906 0 64355 2121
p 2 6 914 0 65239 2109
p 2 6 913 1 66999 2116
p 2 7 913 0 68166 2128
p 2 14 906 0 67883 2163
p 2 9 910 1 69526 2164
p 2 12 907 1 68795 2208
p 2 11 908 1 67289 2158
p 2 6 912 2 67942 2107
i 2 920 0 0 86107 5358
p 2 35 885 0 75644 2462
p 2 24 896 0 73860 2370
p 2 29 886 5 71511 2379
p 2 23 895 2 69195 2324
p 2 35 885 0 68846 2399
p 2 24 896 0 67771 2340
p 2 19 899 2 66698 2295
p 2 15 905 0 65478 2262
p 2 19 901 0 66886 2293
p 2 15 904 1 67062 2293
p 2 23 892 5 66459 2341
p 2 21 899 0 65754 2365
p 2 21 899 0 66677 2388
p 2 32 888 0 64421 2370
p 2 27 888 5 64718 2336
p 2 32 888 0 64290 2379
p 2 33 886 1 63839 2343
p 2 33 887 0 63703 2346
p 2 22 895 3 61818 2236
p 2 22 896 2 61418 2218
p 2 17 901 2 60496 2196
p 2 23 896 1 60003 2209
p 2 17 898 5 58816 2145
p 2 19 897 4 57944 2176
p 2 13 906 1 57653 2159
p 2 15 902 3 56793 2146
p 2 15 903 2 58391 2161
p 2 11 903 6 59391 2166
p 2 15 902 3 59515 2195
p 2 14 903 3 60282 2195
p 2 8 904 8 61249 2180
p 2 17 897 6 61416 2207
p 2 17 896 7 61751 2220
i 2 920 0 0 96176 5225
p 2 6 906 8 54184 1888
p 2 3 912 5 59051 1935
p 2 1 912 7 58331 1897
p 2 5 907 8 58898 1897
p 2 4 911 5 58519 1918
p 2 2 912 6 58247 1916
p 2 2 912 6 57623 1912
p 2 7 906 7 57196 1944
p 2 2 915 3 57893 1928
p 2 25 889 6 58831 2046
p 2 10 905 5 59226 1983
p 2 5 908 7 58900 1950
p 2 13 903 4 61610 2011
p 2 6 910 4 62047 1984
p 2 19 896 5 61971 2047
p 2 5 911 4 60602 1976
p 2 4 911 5 60135 1966
p 2 5 910 5 60045 1963
p 2 5 912 3 59556 1982
p 2 3 913 4 59804 1969
p 2 3 914 3 59825 1961
p 2 5 911 4 58769 2034
p 2 4 915 1 57947 1973
p 2 8 908 4 58523 2011
p 2 13 903 4 59374 2030
p 2 9 905 6 58792 2016
p 2 3 912 5 59306 1993
p 2 6 911 3 60199 2038
p 2 6 907 7 60689 2002
p 2 10 908 2 60029 2026
p 2 9 908 3 59166 1991
p 2 7 906 7 59108 2016
p 2 18 896 6 60334 2035
p 2 7 908 5 58833 1972
p 2 8 903 9 60264 1986
p 2 15 901 4 59486 2007
p 2 4 909 7 58900 1957
p 2 7 907 6 59316 2004
p 2 7 904 9 59041 1992
p 2 3 912 5 57742 1970
p 2 8 904 8 57726 1982
p 2 3 910 7 57491 1979
p 2 2 912 6 56957 1969
p 2 11 901 8 56717 2004
p 2 4 911 5 57302 1983
p 2 4 909 7 55916 1995
p 2 5 908 7 55898 2000
p 2 3 914 3 56010 1993
p 2 2 913 5 56984 1997
p 2 2 915 3 55523 1958
p 2 6 909 5 56510 1979
p 2 3 912 5 55382 1950
p 2 3 911 6 56859 1978
p 2 4 910 6 57154 1968
p 2 8 909 3 56909 1987
p 2 12 899 9 57679 1983
p 2 13 904 3 58025 2010
p 2 20 895 5 57833 2044
p 2 14 902 4 57472 2026
p 2 10 902 8 58519 2004
p 2 18 899 3 61772 2106
p 2 16 899 5 62048 2078
p 2 16 900 4 62896 2099
p 2 9 908 3 61282 2047
p 2 13 906 1 59935 2049
p 2 9 905 6 58801 2020
p 2 8 907 5 60447 2043
p 2 9 906 5 61446 2074
p 2 16 900 4 61086 2117
p 2 9 906 5 60029 2033
p 2 11 903 6 60846 2028
p 2 9 907 4 61413 2033
p 2 9 902 9 60137 2010
p 2 4 908 8 61032 1992
p 2 10 899 11 61593 2010
p 2 11 901 8 63014 2039
p 2 16 894 10 63300 2066
p 2 28 882 10 65257 2152
p 2 28 881 11 65786 2145
p 2 20 891 9 66012 2176
p 2 19 891 10 64659 2140
p 2 18 893 9 63971 2108
p 2 13 898 9 61899 2088
p 2 20 895 5 61420 2079
p 2 3 906 11 60967 2013
p 2 10 904 6 61912 2069
p 2 10 903 7 61140 2079
p 2 9 906 5 60311 2084
p 2 8 903 9 59335 2038
p 2 4 907 9 59318 1993
p 2 4 905 11 59502 2027
p 2 3 908 9 60652 2017
p 2 10 900 10 62984 2120
p 2 13 896 11 64072 2124
p 2 17 894 9 62877 2140
p 2 15 896 9 63788 2140
p 2 19 898 3 65717 2213
p 2 16 899 5 66987 2205
p 2 14 900 6 64267 2183
p 2 5 912 3 62971 2102
p 2 9 905 6 62809 2126
p 2 13 901 6 65373 2222
p 2 17 898 5 64505 2238
p 2 11 909 0 62508 2166
p 2 12 906 2 61147 2176
p 2 9 910 1 60711 2160
p 2 9 911 0 59955 2145
p 2 6 914 0 59007 2112
p 2 4 914 2 59817 2074
p 2 4 912 4 61791 2066
p 2 7 908 5 63999 2121
p 2 3 915 2 63922 2050
p 2 11 903 6 66638 2099
i 2 920 0 0 60041 4958
p 2 6 906 8 19334 1681
p 2 10 902 8 21538 1653
p 2 5 899 16 21425 1650
p 2 0 904 16 21384 1553
p 2 0 900 20 21261 1586
p 2 1 902 17 22672 1636
p 2 0 903 17 21506 1612
p 2 0 920 0 22085 1641
p 2 3 907 10 22361 1677
p 2 1 915 4 22069 1674
p 2 0 913 7 21038 1653
p 2 0 917 3 22032 1658
p 2 0 909 11 21363 1653
p 2 0 918 2 21600 1616
p 2 0 908 12 22305 1652
p 2 0 911 9 21737 1589
p 2 0 900 20 21122 1573
p 2 3 899 18 22446 1618
p 2 0 900 20 21554 1602
p 2 1 914 5 22431 1623
p 2 1 887 32 22999 1632
p 2 2 914 4 22856 1630
p 2 0 900 20 23263 1693
p 2 1 911 8 23990 1706
p 2 1 906 13 23809 1723
p 2 1 905 14 24020 1691
p 2 3 894 23 24710 1705
p 2 4 903 13 24945 1701
p 2 2 893 25 24917 1686
p 2 5 906 9 25654 1709
p 2 0 895 25 24709 1660
p 2 0 906 14 24954 1657
p 2 1 887 32 25828 1670
p 2 0 913 7 25428 1643
i 2 920 0 0 24611 3784
p 2 0 867 53 5174 1149
p 2 2 889 29 6591 1206
p 2 1 825 94 6128 1111
p 2 0 865 55 6385 1143
p 2 0 834 86 6228 1097
p 2 0 865 55 6702 1145
p 2 0 848 72 6446 1105
p 2 4 871 45 6791 1176
p 2 2 851 67 6540 1126
p 2 2 873 45 6831 1177
p 2 0 865 55 5538 1101
p 2 0 885 35 5827 1108
p 2 0 854 66 5808 1087
p 2 0 882 38 6162 1124
p 2 2 872 46 6155 1155
p 2 0 870 50 6596 1145
p 2 1 874 45 6206 1160
p 2 0 892 28 6887 1181
p 2 0 870 50 6642 1136
p 2 4 879 37 7062 1190
p 2 0 875 45 7021 1177
p 2 2 885 33 7404 1201
p 2 0 854 66 7007 1163
p 2 1 893 26 7694 1225
p 2 1 866 53 7581 1202
p 2 2 873 45 7909 1205
p 2 1 835 84 8130 1191
p 2 3 873 44 8993 1249
p 2 3 863 54 8886 1247
p 2 2 875 43 9198 1257
p 2 0 867 53 8872 1230
p 2 0 887 33 9326 1250
p 2 0 870 50 9245 1244
p 2 1 886 33 9593 1276
p 2 4 844 72 9489 1269
p 2 6 890 24 9691 1330
p 2 6 864 50 9291 1336
p 2 0 882 38 9426 1274
p 2 6 861 53 9272 1288
p 2 5 882 33 9766 1323
p 2 5 843 72 9278 1286
p 2 11 874 35 9789 1372
p 2 0 844 76 9425 1266
p 2 1 886 33 10014 1320
p 2 0 831 89 9681 1262
p 2 1 878 41 10313 1331
i 2 920 0 0 85137 5180
p 2 27 893 0 62174 2432
p 2 14 906 0 60212 2351
p 2 9 911 0 58671 2278
p 2 7 913 0 59170 2282
p 2 7 913 0 60276 2297
p 2 13 907 0 59734 2316
p 2 8 912 0 61513 2311
p 2 13 906 1 61493 2354
p 2 10 910 0 61135 2325
p 2 11 909 0 60076 2308
p 2 9 911 0 59785 2295
p 2 7 913 0 59552 2244
p 2 12 907 1 58521 2286
p 2 10 910 0 56789 2220
p 2 8 911 1 56589 2228
p 2 7 913 0 57637 2239
p 2 6 914 0 58295 2224
p 2 15 905 0 58061 2286
p 2 11 908 1 59747 2287
p 2 17 903 0 60189 2324
p 2 6 913 1 61728 2278
p 2 22 898 0 62795 2324
p 2 13 907 0 63918 2324
p 2 12 908 0 65091 2303
p 2 16 904 0 64079 2336
p 2 23 897 0 64462 2369
p 2 29 891 0 64789 2437
p 2 24 896 0 62359 2350
p 2 14 905 1 60525 2347
p 2 11 908 1 58440 2304
p 2 6 911 3 56634 2256
p 2 11 909 0 56525 2291
p 2 10 909 1 55465 2266
p 2 3 916 1 54755 2196
p 2 9 911 0 55745 2222
p 2 15 905 0 55300 2203
p 2 8 911 1 55818 2160
p 2 15 905 0 56225 2205
p 2 15 905 0 56668 2195
p 2 13 907 0 55214 2172
p 2 14 906 0 54575 2210
p 2 6 914 0 53222 2123
p 2 9 911 0 53918 2158
p 2 5 912 3 53680 2117
p 2 7 910 3 54780 2145
p 2 7 911 2 54673 2140
p 2 5 913 2 55040 2161
p 2 5 915 0 54512 2114
p 2 3 917 0 53778 2096
p 2 2 918 0 54713 2083
p 2 2 918 0 54085 2102
p 2 3 917 0 54286 2101
p 2 4 916 0 54481 2125
p 2 7 913 0 55073 2100
p 2 6 914 0 55591 2137
p 2 10 910 0 55801 2163
p 2 4 915 1 56558 2120
p 2 4 916 0 57058 2109
p 2 7 909 4 57488 2135
p 2 4 916 0 56390 2122
p 2 3 915 2 56956 2093
p 2 10 910 0 56652 2119
p 2 6 913 1 58755 2124
p 2 14 906 0 59288 2187
p 2 11 909 0 60122 2191
p 2 7 913 0 59841 2165
p 2 13 907 0 60847 2201
p 2 5 915 0 62657 2185
p 2 7 912 1 62394 2167
i 2 920 0 0 80836 5110
p 2 20 895 5 53235 2180
p 2 10 908 2 56503 2211
p 2 14 906 0 56376 2232
p 2 22 898 0 57000 2273
p 2 15 900 5 54121 2193
p 2 14 903 3 48937 2078
p 2 15 905 0 49487 2103
p 2 6 913 1 48468 2038
p 2 9 910 1 47756 2043
p 2 2 910 8 46199 1969
p 2 3 916 1 46008 1977
p 2 0 917 3 45436 1977
p 2 6 911 3 44662 1991
p 2 1 919 0 43374 1941
p 2 10 909 1 43862 1983
p 2 5 914 1 42795 1951
p 2 9 905 6 43015 1958
p 2 7 911 2 43873 1976
p 2 3 908 9 43962 1962
p 2 1 913 6 44642 1959
p 2 1 901 18 44436 1925
p 2 0 910 10 43926 1931
p 2 7 903 10 44543 1980
p 2 4 906 10 45155 1952
p 2 7 905 8 45408 1991
p 2 2 912 6 46295 1991
p 2 6 911 3 49094 2046
p 2 6 908 6 52126 2102
p 2 10 894 16 53362 2154
p 2 4 912 4 54372 2146
p 2 8 907 5 54918 2174
p 2 6 913 1 53700 2165
p 2 10 909 1 53959 2194
p 2 10 907 3 55979 2202
p 2 27 890 3 58078 2279
p 2 32 885 3 54201 2258
p 2 36 883 1 53812 2275
p 2 50 869 1 52279 2316
p 2 50 865 5 51685 2324
p 2 32 886 2 49534 2232
p 2 14 900 6 47244 2110
p 2 15 899 6 45849 2114
p 2 5 907 8 44258 2003
p 2 7 904 9 43348 1978
p 2 4 908 8 42851 1957
p 2 10 905 5 43134 2028
p 2 6 908 6 45918 2052
p 2 27 882 11 48068 2181
p 2 32 872 16 50956 2193
p 2 33 877 10 52115 2247
p 2 20 887 13 52605 2182
p 2 25 893 2 55343 2228
p 2 11 902 7 53989 2145
p 2 11 906 3 52634 2123
p 2 3 911 6 51257 2061
p 2 3 913 4 49294 2020
p 2 3 911 6 48311 2014
p 2 1 917 2 47499 2014
p 2 1 916 3 46570 1987
p 2 1 917 2 44991 1969
p 2 0 914 6 43895 1930
p 2 0 915 5 44395 1947
p 2 1 912 7 47664 1968
p 2 4 912 4 50688 2063
p 2 2 908 10 49982 2017
p 2 5 912 3 49366 2048
p 2 11 901 8 52427 2127
p 2 16 897 7 54877 2178
p 2 18 897 5 53707 2167
p 2 15 903 2 52911 2167
p 2 12 905 3 52916 2142
p 2 10 908 2 51159 2163
p 2 7 913 0 51552 2136
p 2 1 916 3 51119 2116
p 2 11 908 1 52138 2186
p 2 13 907 0 52646 2180
p 2 10 909 1 53764 2165
p 2 6 914 0 51586 2143
p 2 5 915 0 49002 2085
p 2 6 913 1 52106 2147
p 2 4 914 2 51243 2120
p 2 11 907 2 51181 2147
p 2 11 905 4 49820 2066
p 2 23 895 2 56640 2262
p 2 17 899 4 55044 2223
p 2 8 910 2 53037 2142
p 2 8 904 8 51513 2093
p 2 9 907 4 49331 2063
p 2 6 903 11 52069 2108
p 2 5 914 1 50856 2104
p 2 6 909 5 48874 2085
p 2 10 903 7 48928 2087
p 2 5 907 8 47866 2077
p 2 8 907 5 48188 2052
p 2 2 913 5 49349 2038
p 2 2 912 6 50940 2083
p 2 11 900 9 52404 2166
p 2 9 906 5 53330 2174
p 2 13 900 7 55117 2200
p 2 15 902 3 54697 2231
p 2 12 902 6 53079 2207
p 2 8 908 4 51150 2153
p 2 12 906 2 52469 2178
p 2 9 910 1 51990 2185
p 2 10 908 2 51474 2170
p 2 10 908 2 49967 2158
p 2 9 907 4 46594 2086
p 2 5 914 1 46450 2071
p 2 5 911 4 46707 2092
p 2 9 907 4 45750 2090
p 2 8 907 5 44921 2053
p 2 3 915 2 44062 2026
p 2 2 911 7 43861 1982
p 2 4 913 3 43883 1986
p 2 4 912 4 44627 1996
i 2 920 0 0 86396 5627
p 2 20 900 0 62849 2193
p 2 17 900 3 63556 2194
p 2 6 913 1 61995 2158
p 2 6 911 3 61739 2116
p 2 7 909 4 63080 2080
p 2 7 912 1 62181 2083
p 2 10 902 8 62617 2111
p 2 11 909 0 62242 2099
p 2 22 890 8 61687 2150
p 2 14 905 1 62604 2131
p 2 16 901 3 65572 2217
p 2 11 907 2 67113 2214
p 2 9 905 6 69930 2277
p 2 23 897 0 71848 2368
p 2 29 887 4 73409 2391
p 2 30 889 1 75635 2460
p 2 23 890 7 75632 2376
p 2 37 881 2 76329 2479
p 2 33 884 3 77207 2456
p 2 38 879 3 76496 2485
p 2 41 878 1 77500 2507
p 2 39 873 8 75573 2468
p 2 50 864 6 75437 2551
p 2 40 880 0 76784 2516
p 2 38 878 4 75173 2506
p 2 38 878 4 74986 2500
p 2 46 874 0 77314 2596
p 2 70 844 6 81171 2734
p 2 48 872 0 81820 2720
p 2 51 869 0 82183 2726
p 2 47 873 0 79018 2655
p 2 35 885 0 77803 2608
p 2 40 879 1 78407 2629
p 2 47 873 0 79439 2662
p 2 31 889 0 77174 2545
p 2 35 885 0 77253 2574
p 2 37 883 0 76221 2605
p 2 39 881 0 73871 2504
p 2 18 900 2 71429 2325
p 2 11 907 2 66832 2237
p 2 10 907 3 65315 2218
p 2 25 894 1 66033 2332
p 2 25 892 3 67837 2330
p 2 37 883 0 68906 2417
p 2 43 877 0 68291 2489
p 2 34 886 0 64946 2392
p 2 18 900 2 63908 2285
p 2 14 906 0 61747 2241
p 2 16 904 0 61950 2227
p 2 20 900 0 61890 2246
p 2 17 903 0 62781 2221
p 2 12 908 0 63458 2165
p 2 23 897 0 63870 2223
p 2 17 903 0 62101 2172
p 2 15 905 0 60130 2156
p 2 18 902 0 58981 2094
p 2 18 900 2 58995 2093
p 2 29 891 0 60471 2150
p 2 38 882 0 62298 2247
p 2 38 882 0 65470 2263
p 2 32 886 2 66389 2284
p 2 27 891 2 64829 2226
p 2 8 909 3 65991 2155
p 2 8 911 1 64410 2129
p 2 14 906 0 64793 2174
p 2 33 886 1 66652 2291
p 2 48 869 3 68320 2414
p 2 41 874 5 70735 2422
p 2 63 856 1 70759 2506
p 2 63 855 2 74127 2568
p 2 49 867 4 71382 2471
p 2 51 867 2 73018 2503
p 2 51 867 2 73000 2492
p 2 44 875 1 70973 2490
p 2 63 856 1 71898 2592
p 2 63 855 2 72463 2605
p 2 65 854 1 74051 2630
p 2 50 870 0 73174 2570
p 2 41 879 0 73909 2584
p 2 45 873 2 75882 2643
p 2 32 888 0 75217 2524
p 2 36 883 1 74815 2550
p 2 38 880 2 74139 2520
p 2 37 883 0 76786 2560
p 2 42 878 0 75705 2528
p 2 47 872 1 75889 2573
p 2 43 876 1 75297 2473
p 2 62 857 1 78373 2636
p 2 41 878 1 75981 2467
p 2 40 879 1 76364 2489
p 2 36 884 0 76377 2470
p 2 30 890 0 77687 2454
p 2 36 884 0 75860 2443
p 2 34 886 0 73840 2396
p 2 31 887 2 73087 2366
p 2 17 903 0 72718 2273
p 2 18 900 2 69324 2265
p 2 12 908 0 68188 2202
p 2 13 907 0 68527 2230
p 2 14 905 1 68119 2232
p 2 29 890 1 68640 2298
p 2 15 905 0 67899 2214
p 2 13 906 1 67846 2212
p 2 9 911 0 67961 2197
p 2 13 907 0 66808 2179
p 2 9 910 1 66474 2151
p 2 8 909 3 63687 2096
p 2 6 914 0 63617 2071
p 2 5 912 3 62646 2038
p 2 9 908 3 61740 2041
p 2 15 904 1 61238 2068
p 2 5 914 1 58382 1980
p 2 8 910 2 57470 1980
p 2 4 914 2 57429 1942
p 2 3 912 5 57430 1927
i 2 920 0 0 95199 5208
p 2 11 909 0 62402 2146
p 2 21 899 0 66123 2220
p 2 26 894 0 67410 2294
p 2 29 891 0 68179 2356
p 2 31 889 0 68575 2365
p 2 26 894 0 66710 2318
p 2 26 894 0 67437 2332
p 2 13 907 0 68194 2271
p 2 10 910 0 66942 2235
p 2 17 903 0 69072 2272
p 2 31 889 0 72102 2380
p 2 29 891 0 70242 2384
p 2 38 882 0 71160 2402
p 2 33 887 0 72121 2391
p 2 23 897 0 70614 2332
p 2 30 890 0 72091 2392
p 2 22 898 0 67490 2282
p 2 13 907 0 66945 2201
p 2 23 897 0 68238 2290
p 2 29 890 1 69660 2349
p 2 20 899 1 68799 2243
p 2 17 902 1 69340 2235
p 2 13 907 0 68611 2199
p 2 6 914 0 66245 2151
p 2 4 916 0 65402 2120
p 2 4 916 0 64391 2139
p 2 5 915 0 64507 2165
p 2 7 913 0 63304 2125
p 2 12 908 0 64710 2182
p 2 5 915 0 63420 2150
p 2 16 902 2 63308 2229
p 2 15 905 0 63565 2187
p 2 9 910 1 63122 2161
p 2 14 906 0 64668 2258
p 2 21 899 0 70450 2340
p 2 38 882 0 75308 2456
p 2 51 869 0 77017 2562
p 2 52 868 0 77395 2528
p 2 36 884 0 74662 2482
p 2 49 871 0 73492 2528
p 2 39 881 0 76503 2480
p 2 36 884 0 76079 2491
p 2 24 896 0 72721 2386
p 2 17 903 0 69830 2303
p 2 29 891 0 74973 2427
p 2 29 891 0 75284 2392
p 2 47 873 0 76208 2544
p 2 60 860 0 77915 2621
p 2 70 850 0 77948 2669
p 2 62 858 0 76324 2629
p 2 63 857 0 70628 2603
p 2 65 855 0 69203 2596
p 2 50 870 0 65168 2505
p 2 27 893 0 63426 2430
p 2 52 868 0 61007 2520
p 2 29 891 0 59968 2465
p 2 29 891 0 57586 2418
p 2 26 894 0 54487 2445
p 2 28 892 0 52225 2453
p 2 28 892 0 49619 2406
p 2 22 898 0 49287 2479
p 2 23 897 0 50502 2461
p 2 25 895 0 50412 2451
p 2 20 900 0 50992 2502
p 2 28 890 2 48402 2493
p 2 42 878 0 49062 2596
p 2 44 875 1 45117 2583
p 2 42 873 5 41582 2580
p 2 29 886 5 37804 2522
p 2 18 899 3 37451 2532
p 2 25 889 6 37787 2561
p 2 46 874 0 38654 2717
p 2 42 877 1 35353 2584
p 2 41 879 0 36243 2700
p 2 43 877 0 34099 2612
p 2 59 860 1 32999 2814
p 2 33 887 0 27547 2511
p 2 29 889 2 27871 2651
p 2 15 905 0 24601 2489
p 2 35 884 1 26012 2671
p 2 15 903 2 23288 2399
p 2 17 901 2 24290 2543
p 2 12 902 6 19982 2181
p 2 13 904 3 23072 2398
p 2 16 900 4 22498 2314
p 2 24 896 0 26282 2599
p 2 38 882 0 25687 2512
p 2 94 826 0 31277 2996
p 2 45 872 3 29252 2558
p 2 51 869 0 32291 2728
p 2 38 882 0 33612 2610
p 2 35 885 0 36390 2676
p 2 49 871 0 38805 2669
p 2 32 887 1 40692 2677
p 2 29 890 1 41273 2581
p 2 34 886 0 42765 2662
p 2 26 893 1 45616 2592
p 2 31 887 2 45680 2613
p 2 34 884 2 47443 2598
p 2 29 891 0 53774 2616
p 2 53 866 1 58975 2710
p 2 60 860 0 64568 2812
p 2 67 852 1 66336 2788
p 2 52 868 0 67190 2724
p 2 43 876 1 69042 2651
p 2 48 872 0 71806 2681
p 2 35 885 0 71044 2599
p 2 38 882 0 68607 2562
p 2 26 894 0 68287 2457
p 2 43 877 0 71828 2592
p 2 33 887 0 69756 2503
p 2 39 881 0 69406 2515
p 2 37 883 0 66408 2480
p 2 40 880 0 66328 2427
p 2 48 872 0 68529 2467
p 2 52 868 0 69994 2458
p 2 37 883 0 70939 2399
p 2 31 889 0 72627 2352
p 2 16 904 0 71401 2285
p 2 46 874 0 70958 2321
p 2 32 888 0 71675 2274
p 2 30 890 0 69118 2251
p 2 29 891 0 68990 2232
p 2 27 893 0 69655 2179
p 2 20 900 0 66793 2117
p 2 20 900 0 65546 2089
p 2 9 911 0 61902 1976
p 2 1 919 0 62414 1913
p 2 6 913 1 59836 1922
p 2 4 916 0 56583 1856
p 2 2 918 0 60827 1904
p 2 18 902 0 67481 2101
p 2 13 907 0 71918 2182
p 2 27 893 0 73991 2360
p 2 18 902 0 75264 2345
p 2 17 903 0 77964 2391
p 2 41 879 0 77364 2586
p 2 47 873 0 79766 2605
p 2 32 888 0 78402 2583
p 2 45 874 1 77017 2585
p 2 42 878 0 77039 2613
p 2 30 890 0 73196 2483
p 2 87 833 0 72245 2679
p 2 69 851 0 71705 2634
p 2 45 875 0 70266 2571
p 2 119 801 0 70326 3040
p 2 89 829 2 56691 2951
p 2 64 843 13 48044 2758
p 2 69 831 20 40129 2722
p 2 46 849 25 34296 2506
p 2 55 817 48 31964 2387
p 2 54 824 42 29496 2269
p 2 69 792 59 27993 2237
p 2 12 833 75 21416 1804
p 2 13 779 128 19451 1727
p 2 9 824 87 17782 1698
p 2 9 775 136 17324 1611
p 2 10 831 79 18437 1714
p 2 16 783 121 18393 1745
p 2 10 861 49 21080 1894
p 2 10 837 73 24283 1980
p 2 13 875 32 26215 2100
p 2 7 869 44 24839 2062
p 2 20 862 38 27581 2147
p 2 30 854 36 32126 2218
p 2 37 850 33 37041 2341
p 2 36 847 37 39207 2390
p 2 30 869 21 39237 2381
i 2 920 0 0 122292 5909
p 2 43 877 0 99114 2493
p 2 26 894 0 96017 2410
p 2 25 895 0 93221 2389
p 2 18 902 0 92404 2365
p 2 15 905 0 89164 2345
p 2 9 911 0 88748 2315
p 2 18 902 0 85354 2359
p 2 17 903 0 83657 2310
p 2 8 912 0 80893 2275
p 2 16 904 0 78140 2308
p 2 12 908 0 75612 2310
p 2 10 910 0 74392 2261
p 2 14 906 0 73914 2279
p 2 13 907 0 74997 2292
p 2 13 907 0 73663 2295
p 2 13 907 0 74535 2302
p 2 16 904 0 71290 2289
p 2 10 910 0 70819 2279
p 2 10 910 0 69799 2270
p 2 12 908 0 69375 2279
p 2 18 902 0 68375 2307
p 2 12 908 0 68265 2273
p 2 13 907 0 67375 2273
p 2 9 911 0 68400 2243
p 2 8 911 1 68183 2244
p 2 8 912 0 66666 2229
p 2 12 908 0 65485 2245
p 2 13 907 0 66097 2266
p 2 13 907 0 64735 2286
p 2 7 912 1 65024 2244
p 2 10 910 0 64096 2249
p 2 10 910 0 63717 2241
p 2 13 906 1 64685 2275
p 2 5 915 0 65703 2247
p 2 13 906 1 66224 2291
p 2 16 904 0 67037 2275
p 2 10 910 0 67105 2253
p 2 7 913 0 68005 2254
p 2 10 902 8 67953 2246
p 2 6 911 3 67844 2233
p 2 9 909 2 66717 2275
p 2 12 908 0 67627 2291
p 2 15 905 0 67178 2300
p 2 12 908 0 66176 2261
p 2 10 910 0 66684 2287
p 2 11 909 0 66952 2305
p 2 11 909 0 65233 2298
p 2 10 909 1 65439 2317
p 2 4 916 0 65183 2283
p 2 11 909 0 64717 2304
p 2 8 912 0 62787 2293
p 2 11 909 0 60645 2284
p 2 11 909 0 62128 2304
p 2 7 913 0 62726 2290
p 2 7 913 0 60495 2237
p 2 7 913 0 59022 2219
p 2 3 917 0 58367 2204
p 2 2 917 1 60030 2202
p 2 4 916 0 57840 2195
p 2 10 910 0 56477 2191
p 2 11 909 0 57969 2186
p 2 12 908 0 56725 2189
p 2 9 911 0 57312 2209
p 2 2 918 0 55417 2151
p 2 1 919 0 56538 2150
p 2 6 913 1 56874 2159
p 2 5 915 0 54999 2159
p 2 10 909 1 54850 2210
p 2 6 913 1 55462 2164
p 2 15 904 1 55148 2185
p 2 13 907 0 56450 2207
p 2 10 910 0 54619 2186
p 2 8 912 0 55867 2178
p 2 6 914 0 55071 2137
p 2 7 913 0 55064 2124
p 2 5 915 0 54176 2091
p 2 3 917 0 55231 2122
p 2 1 919 0 54188 2104
p 2 2 917 1 54632 2100
p 2 2 918 0 54763 2048
p 2 14 906 0 56365 2141
p 2 3 917 0 56292 2063
p 2 4 916 0 55678 2076
p 2 12 908 0 54840 2086
p 2 10 910 0 55421 2101
p 2 5 915 0 54006 2050
p 2 3 916 1 53366 2035
p 2 6 914 0 51648 2030
p 2 6 914 0 51451 2040
p 2 2 918 0 50582 2003
p 2 1 917 2 51592 1985
p 2 1 918 1 50815 1968
p 2 2 918 0 51070 1966
p 2 2 918 0 51387 1969
p 2 2 918 0 52521 1988
p 2 3 917 0 51766 1984
p 2 2 918 0 52285 1980
p 2 3 917 0 51771 1977
p 2 4 916 0 51961 1973
p 2 4 916 0 51928 1976
p 2 0 920 0 51225 1952
p 2 1 919 0 51478 1941
p 2 1 919 0 50523 1944
p 2 1 919 0 50527 1933
p 2 0 920 0 50754 1929
p 2 0 920 0 51851 1954
p 2 1 918 1 52368 1925
p 2 2 918 0 52885 1962
p 2 3 917 0 53405 1947
p 2 2 918 0 54033 1966
p 2 5 915 0 52585 1978
p 2 2 918 0 52906 1961
p 2 4 916 0 53152 1982
p 2 0 920 0 54131 1959
p 2 2 918 0 53697 1950
p 2 1 919 0 53663 1949
p 2 1 919 0 53272 1943
p 2 1 919 0 53841 1935
p 2 4 916 0 52841 1951
p 2 2 918 0 53191 1921
p 2 1 919 0 53141 1909
p 2 3 916 1 53318 1940
p 2 1 919 0 53776 1932
p 2 4 916 0 54933 1948
p 2 5 915 0 54183 1934
p 2 3 915 2 55112 1952
p 2 2 918 0 54966 1963
p 2 5 913 2 56297 1981
p 2 5 915 0 56883 1989
p 2 7 913 0 57465 2003
p 2 3 917 0 56543 1974
p 2 7 913 0 56487 1973
p 2 3 917 0 55542 1964
p 2 7 913 0 56246 1965
i 2 920 0 0 88705 5289
p 2 44 876 0 67710 2360
p 2 11 906 3 65260 2142
p 2 15 903 2 64505 2139
p 2 9 911 0 63349 2105
p 2 6 912 2 63340 2097
p 2 3 917 0 64710 2080
p 2 8 912 0 64965 2123
p 2 10 910 0 65669 2128
p 2 8 912 0 65697 2138
p 2 7 913 0 67253 2151
p 2 6 913 1 67535 2173
p 2 9 911 0 66534 2163
p 2 10 909 1 66365 2184
p 2 11 909 0 65161 2148
p 2 16 903 1 64940 2188
p 2 10 910 0 63267 2154
p 2 14 904 2 63497 2179
p 2 13 907 0 64111 2172
p 2 15 903 2 65459 2195
p 2 9 911 0 65011 2155
p 2 4 915 1 65546 2147
p 2 9 911 0 65769 2205
p 2 4 916 0 67031 2165
p 2 11 909 0 66855 2211
p 2 12 908 0 67667 2211
p 2 12 908 0 67287 2194
p 2 11 909 0 69232 2205
p 2 6 914 0 68355 2179
p 2 8 909 3 67301 2134
p 2 9 911 0 65419 2153
p 2 5 910 5 65604 2092
p 2 6 913 1 65946 2115
p 2 12 907 1 65407 2182
p 2 7 913 0 63013 2132
p 2 8 909 3 62378 2125
p 2 11 907 2 62105 2141
p 2 10 908 2 62434 2126
p 2 8 909 3 62643 2125
p 2 3 917 0 62807 2096
p 2 7 912 1 61992 2092
p 2 9 910 1 65374 2170
p 2 3 916 1 64574 2132
p 2 7 911 2 64645 2144
p 2 7 911 2 64237 2142
p 2 4 914 2 63602 2110
p 2 8 911 1 62498 2132
p 2 1 916 3 61703 2072
p 2 2 918 0 60837 2064
p 2 5 912 3 61398 2074
p 2 2 916 2 62084 2087
p 2 3 913 4 61060 2070
p 2 2 917 1 59471 2058
p 2 3 915 2 59487 2072
p 2 3 917 0 59138 2065
p 2 6 913 1 59853 2088
p 2 4 916 0 60024 2069
p 2 9 911 0 61487 2172
i 2 920 0 0 76777 4843
p 2 237 683 0 81553 3453
p 2 163 757 0 83976 3253
p 2 120 800 0 74974 2897
p 2 75 845 0 71689 2695
p 2 63 857 0 77503 2699
p 2 45 875 0 74364 2459
p 2 7 912 1 61746 2151
p 2 14 906 0 61956 2114
p 2 26 894 0 62242 2126
p 2 18 902 0 62444 2106
p 2 20 900 0 64168 2166
p 2 15 905 0 63915 2153
p 2 7 913 0 63739 2101
p 2 7 913 0 64079 2108
p 2 8 912 0 66680 2132
p 2 21 899 0 68298 2261
p 2 18 901 1 67675 2265
p 2 25 895 0 67661 2212
p 2 42 878 0 67806 2305
p 2 29 891 0 67230 2252
p 2 25 895 0 66155 2261
p 2 14 906 0 65049 2198
p 2 22 896 2 65543 2242
p 2 18 902 0 67155 2212
p 2 20 900 0 68036 2278
p 2 29 891 0 67625 2312
p 2 26 894 0 68405 2318
p 2 22 898 0 67284 2221
p 2 21 899 0 66668 2240
p 2 22 898 0 65614 2223
p 2 14 905 1 66059 2213
p 2 17 903 0 67485 2209
p 2 18 902 0 67349 2244
p 2 11 909 0 66952 2194
p 2 26 894 0 69942 2320
p 2 22 898 0 68669 2251
p 2 31 889 0 69052 2298
p 2 28 891 1 67869 2272
p 2 13 907 0 66547 2203
p 2 13 907 0 65716 2214
p 2 19 901 0 66429 2258
p 2 18 902 0 68255 2251
p 2 33 887 0 70057 2380
p 2 47 873 0 67996 2433
p 2 51 868 1 66781 2425
p 2 25 895 0 65478 2288
p 2 61 859 0 64856 2474
p 2 48 872 0 68454 2409
p 2 66 854 0 68568 2468
p 2 74 846 0 66958 2475
p 2 90 829 1 68891 2543
p 2 125 795 0 69505 2703
p 2 141 779 0 74579 2831
p 2 132 787 1 73663 2772
p 2 120 800 0 75262 2815
p 2 96 824 0 72199 2707
p 2 114 806 0 69717 2758
p 2 100 820 0 69038 2640
p 2 76 844 0 67955 2513
p 2 83 837 0 68493 2531
p 2 65 855 0 72863 2534
p 2 52 868 0 71517 2475
p 2 40 880 0 67593 2392
p 2 37 882 1 65244 2357
p 2 36 883 1 62698 2310
p 2 41 879 0 60945 2319
p 2 31 887 2 59181 2215
p 2 30 889 1 59000 2178
p 2 18 900 2 60074 2156
p 2 17 902 1 58516 2149
p 2 15 905 0 59750 2206
p 2 11 908 1 59308 2188
p 2 14 904 2 57193 2191
p 2 16 903 1 57650 2211
i 2 920 0 0 38175 4833
p 2 27 893 0 20974 2175
p 2 36 883 1 19524 2183
p 2 30 890 0 18101 2148
p 2 19 898 3 19590 2105
p 2 30 890 0 21130 2213
p 2 34 885 1 22339 2296
p 2 30 890 0 24856 2346
p 2 43 877 0 27470 2409
p 2 57 863 0 31385 2469
p 2 47 873 0 33286 2438
p 2 45 875 0 34816 2432
p 2 22 898 0 37921 2335
p 2 24 896 0 37142 2320
p 2 11 909 0 35645 2239
p 2 12 908 0 36448 2212
p 2 9 911 0 37278 2160
p 2 21 899 0 37640 2207
p 2 18 902 0 37568 2166
p 2 12 908 0 39469 2150
p 2 28 892 0 40270 2254
p 2 8 912 0 43262 2186
p 2 18 902 0 44259 2266
p 2 17 903 0 47075 2298
p 2 26 894 0 48470 2348
i 2 920 0 0 77736 5367
p 2 19 901 0 51073 2247
p 2 8 912 0 50919 2190
p 2 1 919 0 49635 2164
p 2 7 913 0 49368 2175
p 2 7 913 0 49746 2181
p 2 12 908 0 49619 2229
p 2 12 907 1 48666 2205
p 2 13 905 2 46490 2156
p 2 2 917 1 46171 2115
p 2 6 914 0 45070 2111
p 2 8 911 1 45050 2155
p 2 7 913 0 43345 2125
p 2 5 914 1 42639 2136
p 2 10 910 0 42237 2168
p 2 12 908 0 41831 2180
p 2 6 914 0 42029 2173
p 2 13 906 1 42423 2246
p 2 7 913 0 42511 2202
p 2 14 905 1 43371 2287
p 2 7 913 0 43596 2252
p 2 9 906 5 43757 2269
p 2 9 905 6 42638 2211
p 2 8 910 2 42531 2242
i 2 920 0 0 71847 5395
p 2 11 909 0 47176 2144
p 2 10 910 0 49158 2169
p 2 12 908 0 48834 2208
p 2 11 907 2 49264 2224
p 2 11 909 0 47476 2201
p 2 15 905 0 47126 2239
p 2 10 910 0 46879 2253
p 2 6 913 1 47236 2259
p 2 13 907 0 46908 2290
p 2 8 912 0 47194 2307
p 2 9 910 1 46499 2268
p 2 8 909 3 45677 2235
p 2 9 910 1 45209 2191
p 2 11 907 2 44476 2232
p 2 8 911 1 44660 2182
p 2 9 911 0 43606 2218
p 2 7 912 1 43785 2235
p 2 2 917 1 43401 2174
p 2 9 910 1 42572 2205
p 2 4 915 1 41874 2210
p 2 4 915 1 44263 2188
p 2 2 916 2 45070 2234
p 2 5 913 2 44816 2186
i 2 920 0 0 66961 5276
p 2 39 880 1 55011 2637
p 2 23 897 0 52727 2524
p 2 17 903 0 52741 2480
p 2 25 895 0 50359 2481
p 2 20 900 0 49569 2445
p 2 14 906 0 49196 2413
p 2 14 906 0 49921 2396
p 2 16 904 0 49067 2356
p 2 7 912 1 47495 2279
p 2 6 914 0 48233 2292
p 2 4 916 0 48233 2287
p 2 8 911 1 47865 2280
p 2 7 913 0 46399 2256
p 2 6 914 0 46607 2268
p 2 8 912 0 48485 2294
p 2 10 907 3 47689 2321
p 2 7 913 0 46163 2285
p 2 8 912 0 43428 2274
p 2 1 919 0 42042 2252
p 2 3 915 2 41234 2189
p 2 1 919 0 40723 2252
p 2 2 918 0 40579 2259
p 2 2 918 0 40755 2234
i 2 920 0 0 93716 5573
p 2 50 870 0 73206 2555
p 2 27 893 0 75419 2529
p 2 29 891 0 75473 2514
p 2 39 881 0 77074 2579
p 2 41 879 0 78576 2640
p 2 52 868 0 74129 2642
p 2 48 872 0 75879 2717
p 2 71 849 0 74533 2848
p 2 75 845 0 71060 2841
p 2 52 868 0 70788 2730
p 2 31 889 0 68046 2564
p 2 21 899 0 62375 2510
p 2 15 905 0 56120 2345
p 2 16 904 0 53298 2384
p 2 22 898 0 48647 2350
p 2 21 899 0 43396 2269
p 2 19 901 0 37611 2135
p 2 7 913 0 36133 2064
p 2 4 915 1 35383 2022
p 2 5 915 0 33360 2042
p 2 19 900 1 32550 2112
p 2 6 914 0 31081 2060
p 2 6 913 1 31573 2041
p 2 3 917 0 30011 1999
p 2 2 916 2 29449 2006
p 2 5 915 0 28917 2003
p 2 1 919 0 29588 2010
p 2 0 917 3 28322 2000
p 2 3 915 2 28508 2020
p 2 4 915 1 27402 1989
p 2 2 915 3 27845 1992
p 2 2 916 2 26638 1986
p 2 0 917 3 27068 1967
p 2 3 914 3 26109 1945
p 2 3 912 5 26438 1951
i 2 920 0 0 62076 5238
p 2 236 684 0 62653 3680
p 2 170 750 0 62022 3473
p 2 194 726 0 63820 3588
p 2 198 722 0 63574 3527
p 2 185 735 0 62244 3473
p 2 194 726 0 63023 3567
p 2 223 697 0 64437 3694
p 2 194 726 0 65598 3597
p 2 173 747 0 66058 3547
p 2 204 716 0 66020 3646
p 2 198 722 0 63994 3625
p 2 234 686 0 63014 3786
p 2 257 663 0 61779 3857
p 2 245 675 0 61668 3834
p 2 262 658 0 60135 3830
p 2 248 672 0 58125 3806
p 2 242 678 0 58953 3835
p 2 249 671 0 61413 3828
p 2 221 699 0 62143 3731
p 2 230 690 0 59215 3781
p 2 242 678 0 57536 3818
p 2 222 698 0 57266 3714
p 2 233 687 0 58514 3768
p 2 241 679 0 60205 3784
p 2 211 709 0 62220 3690
p 2 216 704 0 59384 3563
p 2 165 755 0 52227 3364
p 2 170 750 0 49469 3297
p 2 181 739 0 47840 3380
p 2 120 800 0 44156 3157
p 2 79 841 0 39301 2955
p 2 93 826 1 37091 2980
p 2 89 831 0 38231 3051
p 2 135 785 0 43432 3275
p 2 164 756 0 57904 3296
p 2 115 805 0 66883 3159
p 2 128 792 0 73710 3179
p 2 106 814 0 76912 3034
p 2 162 758 0 71373 3251
p 2 239 681 0 77009 3518
p 2 169 751 0 79290 3347
p 2 137 783 0 83380 3238
p 2 239 681 0 77578 3499
p 2 91 829 0 70138 2932
p 2 78 842 0 66972 2901
p 2 209 711 0 65177 3335
p 2 62 858 0 56584 2808
p 2 72 847 1 55475 2810
p 2 195 725 0 55819 3280
p 2 49 870 1 49197 2628
p 2 35 878 7 50220 2599
p 2 163 755 2 51559 3059
p 2 44 872 4 44046 2556
p 2 43 873 4 45849 2500
p 2 112 804 4 47566 2843
p 2 36 884 0 41998 2425
p 2 16 901 3 41916 2283
p 2 71 847 2 42177 2551
p 2 23 896 1 37771 2254
p 2 25 893 2 38562 2260
p 2 91 821 8 42028 2623
p 2 45 874 1 40118 2452
p 2 34 882 4 37551 2353
p 2 49 860 11 32681 2397
p 2 15 893 12 29010 2184
p 2 30 877 13 28609 2266
p 2 42 855 23 26113 2259
p 2 41 870 9 25000 2272
p 2 57 838 25 20858 2245
p 2 32 874 14 17623 2203
p 2 25 841 54 14969 2053
p 2 21 828 71 12605 1917
p 2 20 826 74 11075 1891
p 2 23 897 0 11145 2053
p 2 15 807 98 8049 1766
p 2 18 894 8 6798 1812
p 2 13 761 146 4851 1568
p 2 16 883 21 4044 1641
p 2 2 731 187 2603 1308
i 2 920 0 0 26879 3660
p 2 197 723 0 22225 3096
p 2 151 768 1 16011 2773
p 2 44 871 5 12244 2305
p 2 2 914 4 11103 2089
p 2 2 915 3 10688 2014
p 2 7 897 16 10841 1955
p 2 9 900 11 9749 1907
p 2 0 904 16 9043 1789
p 2 0 908 12 9140 1742
p 2 0 906 14 9400 1716
p 2 0 916 4 9825 1779
p 2 0 912 8 10047 1774
p 2 0 916 4 10148 1765
p 2 2 915 3 10475 1786
p 2 0 919 1 10601 1793
p 2 0 917 3 10747 1791
p 2 0 916 4 11074 1811
p 2 0 916 4 11348 1784
p 2 0 916 4 11644 1827
p 2 0 917 3 12192 1835
p 2 0 920 0 13731 1926
p 2 0 919 1 14083 1944
p 2 1 916 3 15013 1989
p 2 1 917 2 16485 2046
p 2 0 919 1 18121 2094
p 2 4 915 1 18719 2114
p 2 1 919 0 19635 2150
p 2 9 910 1 20467 2191
p 2 4 915 1 21971 2185
p 2 4 916 0 23385 2305
p 2 2 918 0 24703 2293
p 2 10 909 1 26350 2359
p 2 11 909 0 27475 2417
p 2 15 905 0 27780 2420
p 2 13 907 0 28670 2469
p 2 18 902 0 28967 2516
p 2 19 901 0 29322 2541
p 2 14 905 1 28555 2513
p 2 17 903 0 29120 2523
p 2 14 906 0 29542 2496
p 2 13 907 0 28421 2490
p 2 22 896 2 29040 2481
p 2 16 904 0 29976 2469
p 2 19 900 1 30089 2419
p 2 15 905 0 28509 2365
p 2 9 911 0 27046 2309
p 2 16 904 0 27199 2310
p 2 18 902 0 26298 2261
p 2 9 911 0 26132 2203
p 2 10 910 0 24683 2113
p 2 14 906 0 26379 2194
p 2 13 907 0 25250 2130
p 2 8 906 6 24164 2029
p 2 26 894 0 24092 2104
p 2 15 900 5 24400 2068
p 2 9 911 0 23291 1992
p 2 9 911 0 23163 1952
p 2 11 907 2 22486 1958
p 2 5 915 0 22952 1935
p 2 9 907 4 22252 1900
p 2 9 908 3 21808 1932
p 2 9 910 1 21295 1869
p 2 22 892 6 21405 1904
p 2 7 910 3 21574 1864
p 2 11 907 2 21312 1895
p 2 7 911 2 21851 1895
p 2 12 906 2 21566 1913
p 2 11 904 5 22047 1872
p 2 5 910 5 22021 1851
p 2 8 897 15 20648 1807
p 2 8 903 9 19658 1750
p 2 7 904 9 20074 1769
p 2 8 907 5 20873 1798
p 2 8 909 3 19874 1766
p 2 8 906 6 18392 1695
p 2 6 905 9 20003 1697
p 2 11 895 14 15568 1588
i 2 920 0 0 39749 4140
p 2 273 647 0 45151 3622
p 2 265 655 0 46184 3550
p 2 226 694 0 45873 3500
p 2 203 717 0 47633 3403
p 2 212 708 0 50174 3403
p 2 162 758 0 51753 3315
p 2 181 739 0 53291 3384
p 2 217 703 0 54362 3481
p 2 186 734 0 53398 3356
p 2 161 759 0 54003 3334
p 2 188 732 0 48999 3237
p 2 157 763 0 44855 3119
p 2 142 777 1 44478 3039
p 2 120 798 2 42286 2955
p 2 174 746 0 43133 3052
p 2 215 705 0 45224 3255
p 2 151 761 8 46005 3049
p 2 156 760 4 46977 3070
p 2 130 779 11 49126 3041
p 2 115 804 1 52157 3073
p 2 131 789 0 55081 3169
p 2 152 768 0 56776 3233
p 2 128 792 0 58438 3149
p 2 107 812 1 58730 3097
p 2 107 813 0 57944 3080
p 2 147 772 1 59057 3221
p 2 128 792 0 57787 3157
p 2 107 813 0 56348 3173
p 2 153 767 0 54365 3270
p 2 227 692 1 55951 3499
p 2 283 637 0 54514 3648
i 2 920 0 0 34840 4360
i 2 920 0 0 6510 2913
p 2 55 287 578 2498 840
p 2 385 335 200 8794 2353
i 2 920 0 0 24276 3920
i 2 920 0 0 36621 4429
p 2 378 542 0 37254 3497
p 2 169 746 5 34240 2973
p 2 80 835 5 31202 2595
p 2 57 855 8 31867 2512
p 2 93 818 9 32531 2622
p 2 48 866 6 29752 2397
p 2 39 870 11 29845 2355
p 2 35 875 10 28755 2288
p 2 41 869 10 29107 2321
p 2 42 874 4 28312 2284
p 2 38 877 5 28451 2252
p 2 46 869 5 27496 2274
p 2 44 870 6 27335 2208
p 2 40 877 3 27096 2218
p 2 31 878 11 26819 2151
p 2 55 856 9 27386 2186
p 2 49 868 3 27393 2229
p 2 55 856 9 27656 2194
p 2 84 826 10 27772 2335
p 2 52 859 9 27957 2274
p 2 52 866 2 28562 2301
p 2 51 861 8 26840 2205
i 2 920 0 0 20426 3964
p 2 5 895 20 7980 1602
p 2 14 884 22 9950 1775
p 2 7 867 46 8698 1609
p 2 13 889 18 9266 1714
p 2 8 875 37 8364 1631
p 2 15 877 28 7980 1645
p 2 11 877 32 8145 1642
p 2 8 886 26 8486 1674
p 2 11 877 32 8875 1681
p 2 42 837 41 10055 1782
p 2 36 849 35 10531 1816
p 2 10 891 19 10127 1735
p 2 13 875 32 10547 1780
p 2 3 892 25 9974 1718
p 2 10 876 34 9970 1712
p 2 1 892 27 9033 1659
p 2 0 891 29 8456 1618
p 2 2 889 29 8301 1623
p 2 3 901 16 8623 1640
p 2 6 879 35 9084 1663
p 2 7 888 25 8594 1623
p 2 6 886 28 8307 1584
p 2 6 896 18 8790 1619
p 2 1 888 31 8790 1620
p 2 7 900 13 8974 1676
p 2 4 884 32 9009 1680
p 2 26 877 17 10189 1786
p 2 11 881 28 10013 1730
p 2 11 890 19 9883 1736
p 2 11 878 31 9732 1711
p 2 8 893 19 9689 1684
p 2 2 891 27 9449 1613
p 2 20 875 25 9860 1705
p 2 5 894 21 9733 1656
p 2 21 899 0 13482 2240
i 2 920 0 0 16428 3660
p 2 125 708 87 12086 2097
p 2 9 713 198 6083 1215
p 2 272 364 284 17228 2253
p 2 372 406 142 23349 2899
p 2 233 616 71 21855 2778
p 2 160 629 131 20754 2514
p 2 79 745 96 22542 2394
p 2 81 785 54 27339 2658
p 2 83 784 53 31037 2785
p 2 64 838 18 33794 2719
p 2 40 854 26 34715 2629
p 2 52 862 6 35751 2664
p 2 50 852 18 37407 2597
p 2 47 853 20 34969 2546
p 2 45 870 5 34746 2529
p 2 46 866 8 33722 2505
p 2 57 851 12 34427 2508
p 2 39 871 10 32569 2384
p 2 39 874 7 32413 2334
p 2 6 898 16 29428 2096
p 2 2 897 21 27052 1816
p 2 1 905 14 25619 1821
p 2 1 894 25 25303 1756
p 2 2 900 18 24857 1739
p 2 10 886 24 25601 1841
p 2 16 883 21 25230 1958
p 2 4 892 24 24692 1820
p 2 1 898 21 22636 1737
p 2 0 892 28 22637 1695
p 2 0 893 27 21882 1632
p 2 2 882 36 23492 1627
p 2 2 890 28 22668 1586
p 2 0 869 51 22930 1572
p 2 0 881 39 22873 1578
p 2 1 864 55 23575 1573
p 2 0 878 42 23489 1577
p 2 0 872 48 24955 1599
p 2 0 877 43 25155 1613
p 2 1 878 41 26924 1727
p 2 5 888 27 28710 1855
p 2 5 887 28 31198 1899
p 2 17 882 21 38010 2086
p 2 19 868 33 40321 2138
p 2 27 873 20 44050 2264
p 2 104 801 15 56756 2791
p 2 91 811 18 53582 2762
p 2 97 806 17 54954 2834
p 2 88 820 12 57084 2891
p 2 88 826 6 58888 2984
p 2 109 811 0 56656 3098
p 2 100 820 0 53665 3075
p 2 56 864 0 49775 2894
p 2 210 709 1 51011 3457
p 2 292 624 4 51561 3669
i 2 920 0 0 48805 4676
p 2 393 524 3 60546 4081
p 2 114 800 6 48090 3069
p 2 78 830 12 45974 2795
p 2 79 838 3 42068 2696
p 2 35 860 25 29917 2171
p 2 41 861 18 29232 2102
p 2 24 861 35 26860 1978
p 2 28 870 22 22707 1830
p 2 11 871 38 20594 1725
p 2 11 850 59 20682 1701
p 2 5 865 50 20053 1669
p 2 3 881 36 20591 1669
p 2 0 854 66 19924 1618
p 2 4 872 44 19399 1649
p 2 3 843 74 18396 1592
p 2 3 851 66 17054 1535
i 2 920 0 0 37780 4565
p 2 158 761 1 27044 2657
p 2 201 719 0 25471 2723
p 2 130 790 0 22785 2539
p 2 66 854 0 20802 2373
p 2 44 876 0 19762 2318
p 2 41 879 0 19783 2301
p 2 9 911 0 16683 2042
p 2 17 903 0 17347 2136
p 2 9 911 0 15463 1873
p 2 14 906 0 16946 2054
p 2 12 908 0 16229 1975
p 2 3 917 0 15418 1897
p 2 15 905 0 15015 1942
p 2 16 904 0 16421 2022
p 2 11 909 0 15516 1932
p 2 3 917 0 14478 1811
p 2 7 913 0 14542 1870
p 2 22 898 0 16298 2061
p 2 6 914 0 14942 1877
p 2 2 918 0 14444 1801
p 2 2 918 0 15510 1849
p 2 2 918 0 15435 1833
p 2 8 912 0 16737 1946
p 2 3 917 0 15723 1871
p 2 3 917 0 14481 1809
p 2 6 913 1 13994 1848
p 2 14 906 0 13970 1856
p 2 11 909 0 14403 1836
p 2 1 919 0 13964 1745
p 2 4 914 2 14399 1786
p 2 0 920 0 13066 1715
p 2 4 916 0 12539 1705
p 2 0 920 0 13169 1691
p 2 1 918 1 13289 1689
p 2 3 917 0 13361 1724
p 2 0 919 1 11711 1617
p 2 7 913 0 13561 1747
p 2 1 919 0 11147 1581
p 2 0 920 0 10661 1602
p 2 0 918 2 9881 1543
p 2 0 915 5 10689 1628
p 2 2 902 16 11627 1600
p 2 13 899 8 13353 1682
p 2 18 883 19 14382 1745
p 2 14 892 14 16299 1768
p 2 17 871 32 18475 1883
p 2 28 891 1 24163 2416
p 2 35 885 0 25124 2460
p 2 39 881 0 26571 2505
p 2 34 886 0 26792 2476
p 2 26 894 0 26723 2445
p 2 25 895 0 28563 2443
p 2 26 894 0 28381 2428
p 2 35 885 0 29882 2431
p 2 64 856 0 35334 2704
p 2 62 858 0 37093 2648
p 2 44 876 0 37051 2584
p 2 39 881 0 35064 2463
p 2 29 891 0 34027 2394
p 2 19 901 0 31948 2271
p 2 32 888 0 31108 2311
p 2 36 884 0 30282 2295
p 2 32 888 0 30248 2268
p 2 36 884 0 30221 2279
p 2 22 898 0 28779 2257
p 2 12 907 1 27470 2003
p 2 17 903 0 28469 2018
p 2 7 913 0 27579 1973
p 2 7 912 1 28534 1912
p 2 4 916 0 28207 1879
p 2 9 907 4 28327 1904
p 2 9 908 3 27586 1867
p 2 7 911 2 29040 1901
p 2 5 911 4 25997 1751
p 2 7 910 3 27553 1766
p 2 5 910 5 26974 1763
p 2 3 914 3 27623 1729
p 2 4 906 10 27840 1756
p 2 8 905 7 28859 1765
p 2 2 907 11 27936 1721
p 2 4 909 7 28161 1699
p 2 0 912 8 28082 1692
p 2 1 916 3 28436 1701
p 2 4 905 11 27747 1686
p 2 1 917 2 27987 1656
p 2 2 905 13 26877 1618
p 2 6 903 11 28158 1619
p 2 24 879 17 31236 1702
p 2 76 823 21 38774 1970
p 2 3 882 35 33024 1635
p 2 11 884 25 36273 1702
p 2 25 847 48 36138 1762
p 2 32 855 33 37052 1802
p 2 45 829 46 37469 1861
p 2 34 836 50 38378 1855
p 2 24 843 53 35565 1773
p 2 35 850 35 37282 1875
p 2 25 868 27 37896 1862
p 2 27 866 27 38112 1903
p 2 30 862 28 38435 1943
p 2 33 863 24 38455 1955
p 2 39 854 27 38646 1970
p 2 36 852 32 40152 1952
p 2 38 853 29 39898 1960
p 2 18 883 19 39945 1901
p 2 21 884 15 40247 1927
p 2 59 850 11 40515 2074
p 2 93 827 0 44236 2353
p 2 160 760 0 47470 2715
p 2 109 811 0 47961 2652
p 2 85 835 0 47779 2619
p 2 52 868 0 44886 2478
p 2 42 878 0 44262 2475
p 2 61 859 0 42095 2466
p 2 36 884 0 40266 2469
p 2 42 877 1 38349 2360
p 2 43 877 0 39106 2488
p 2 69 851 0 39460 2597
p 2 48 872 0 39206 2550
p 2 53 867 0 35146 2497
p 2 47 872 1 35117 2530
p 2 58 862 0 33286 2531
p 2 62 857 1 33825 2630
p 2 66 854 0 32419 2620
p 2 52 868 0 31129 2604
p 2 58 862 0 29366 2532
p 2 45 875 0 27403 2542
p 2 77 843 0 25610 2592
p 2 61 859 0 23950 2569
p 2 55 864 1 21699 2446
p 2 54 866 0 21678 2549
p 2 47 873 0 19451 2470
p 2 43 877 0 18362 2549
p 2 33 887 0 17214 2495
p 2 43 877 0 16323 2540
p 2 38 881 1 14796 2417
p 2 45 874 1 13872 2495
p 2 98 822 0 13328 2602
p 2 48 872 0 11389 2530
p 2 66 853 1 10241 2491
p 2 106 813 1 8872 2607
p 2 29 888 3 7152 2274
p 2 42 877 1 6618 2448
i 2 920 0 0 7311 2992
i 2 920 0 0 11747 3218
i 2 920 0 0 16001 3448
i 2 920 0 0 19962 3656
i 2 920 0 0 23751 3828
i 2 920 0 0 27347 4015
p 2 650 270 0 30934 4015
p 2 43 872 5 23246 2508
p 2 3 917 0 17942 2056
p 2 0 915 5 17293 1909
p 2 4 914 2 16347 1820
p 2 17 895 8 22924 2056
p 2 42 875 3 28012 2371
p 2 50 869 1 30405 2337
p 2 77 831 12 33076 2527
p 2 74 842 4 33863 2647
p 2 64 851 5 30437 2465
p 2 66 844 10 29177 2341
p 2 76 807 37 31206 2421
p 2 89 826 5 34174 2583
p 2 100 799 21 35847 2667
p 2 89 823 8 35418 2609
p 2 84 826 10 36001 2638
p 2 80 833 7 36032 2719
p 2 75 841 4 36933 2705
p 2 59 859 2 36549 2598
p 2 87 832 1 36004 2724
p 2 81 837 2 34583 2637
p 2 78 842 0 35076 2625
p 2 71 847 2 35816 2614
p 2 56 863 1 36352 2639
p 2 69 847 4 37359 2713
p 2 61 859 0 38335 2724
p 2 77 837 6 40367 2814
p 2 82 838 0 40445 2852
p 2 61 856 3 39189 2748
p 2 69 849 2 39389 2797
p 2 58 858 4 41356 2775
p 2 72 845 3 42261 2833
p 2 68 847 5 43853 2862
p 2 84 834 2 43781 2927
p 2 56 863 1 44801 2830
p 2 79 840 1 46105 2933
p 2 82 838 0 47371 2938
p 2 77 842 1 50091 2999
p 2 91 828 1 52230 3038
p 2 86 833 1 51909 3057
p 2 87 833 0 53074 3106
p 2 75 842 3 52931 2993
p 2 68 849 3 51691 2943
p 2 64 856 0 50150 2920
p 2 67 853 0 47398 2889
p 2 72 846 2 49980 2896
p 2 65 855 0 50565 2865
p 2 62 858 0 53114 2894
p 2 75 844 1 52890 2921
p 2 54 866 0 52834 2853
p 2 47 873 0 52610 2814
p 2 63 856 1 54372 2890
p 2 57 862 1 54591 2892
p 2 91 827 2 55430 2998
p 2 97 823 0 58418 3097
p 2 105 815 0 56781 3145
p 2 101 819 0 57532 3095
p 2 94 825 1 55227 3059
p 2 75 845 0 54824 2961
p 2 82 837 1 54112 2931
p 2 85 835 0 54710 2963
p 2 63 854 3 54156 2870
p 2 71 848 1 53341 2916
p 2 101 816 3 52470 2994
p 2 72 848 0 50375 2876
p 2 80 840 0 49486 2950
p 2 89 831 0 50358 2979
p 2 79 840 1 50422 2930
p 2 84 836 0 54182 2957
p 2 72 847 1 57502 2942
p 2 109 810 1 60549 3035
p 2 81 839 0 64902 2876
p 2 111 809 0 68875 3051
p 2 108 809 3 71877 3049
p 2 92 828 0 72443 2930
p 2 83 836 1 71567 2798
p 2 56 862 2 70040 2591
p 2 47 873 0 70708 2490
p 2 42 877 1 70613 2410
p 2 54 865 1 71514 2445
p 2 28 892 0 70841 2366
p 2 29 891 0 72334 2398
p 2 29 890 1 73829 2387
p 2 33 887 0 72870 2404
p 2 20 900 0 72254 2287
p 2 17 902 1 74155 2293
p 2 23 895 2 75332 2320
p 2 30 889 1 76620 2394
p 2 31 889 0 78164 2389
p 2 29 891 0 77937 2370
p 2 28 891 1 78604 2376
p 2 31 889 0 79803 2411
p 2 33 886 1 82005 2428
p 2 25 895 0 81891 2400
p 2 29 891 0 81581 2418
p 2 33 887 0 81530 2444
p 2 31 889 0 84045 2457
p 2 32 888 0 82799 2452
p 2 23 897 0 83030 2466
p 2 23 897 0 84452 2472
p 2 28 892 0 84480 2494
p 2 31 889 0 82703 2516
p 2 42 878 0 84020 2595
p 2 46 874 0 85351 2621
p 2 38 882 0 86602 2591
p 2 43 877 0 86021 2589
p 2 51 868 1 86506 2656
p 2 38 882 0 86967 2569
p 2 74 846 0 88208 2789
p 2 74 846 0 86200 2759
p 2 55 865 0 85876 2687
p 2 69 851 0 83532 2742
p 2 62 858 0 82234 2738
p 2 56 864 0 79022 2701
p 2 49 870 1 77757 2649
p 2 43 877 0 75800 2604
p 2 40 878 2 75527 2581
p 2 27 890 3 74135 2494
p 2 31 885 4 71514 2469
p 2 25 890 5 69482 2429
p 2 27 885 8 68572 2389
p 2 31 879 10 65446 2384
p 2 22 897 1 65792 2417
p 2 35 882 3 65821 2507
p 2 41 874 5 66464 2537
p 2 75 844 1 68540 2699
p 2 75 845 0 70536 2733
p 2 65 855 0 72251 2750
p 2 68 852 0 73822 2796
p 2 57 861 2 74463 2772
p 2 59 860 1 74877 2772
p 2 64 856 0 74748 2796
p 2 68 852 0 76742 2825
p 2 81 838 1 76207 2950
p 2 88 832 0 76303 2958
p 2 76 844 0 76214 2918
p 2 74 846 0 76468 2865
p 2 83 837 0 76013 2856
p 2 78 840 2 75633 2916
p 2 86 834 0 74956 2923
p 2 81 838 1 71223 2834
p 2 65 853 2 68983 2768
p 2 73 847 0 68934 2753
p 2 63 856 1 70204 2722
p 2 63 855 2 71984 2755
p 2 72 845 3 72283 2781
p 2 60 859 1 73064 2761
p 2 55 865 0 72817 2732
p 2 64 856 0 71872 2759
p 2 72 848 0 72366 2792
p 2 61 857 2 73402 2801
p 2 68 852 0 72655 2823
p 2 55 865 0 71740 2684
p 2 51 869 0 70862 2661
p 2 67 851 2 71386 2721
p 2 106 814 0 72122 2913
p 2 62 858 0 70550 2686
p 2 71 848 1 70410 2736
p 2 138 778 4 73369 3089
p 2 110 809 1 73671 3017
p 2 84 836 0 72496 2869
p 2 99 820 1 74831 2981
p 2 111 809 0 78589 3089
p 2 136 784 0 84851 3313
p 2 196 724 0 89703 3620
p 2 218 702 0 90691 3691
p 2 196 724 0 83247 3551
p 2 141 779 0 73070 3213
p 2 117 803 0 69638 3108
p 2 75 845 0 62461 2927
p 2 65 854 1 56917 2833
p 2 56 864 0 52602 2710
p 2 42 878 0 49486 2613
p 2 48 871 1 48471 2604
p 2 33 887 0 46625 2563
p 2 30 890 0 45291 2518
p 2 21 899 0 44150 2447
p 2 31 889 0 42600 2469
p 2 24 896 0 41608 2365
p 2 24 896 0 40274 2338
p 2 34 886 0 44115 2401
p 2 44 876 0 47193 2532
p 2 27 892 1 47372 2482
p 2 37 883 0 48400 2573
p 2 33 886 1 50865 2594
p 2 40 879 1 51847 2679
p 2 86 833 1 56259 2927
i 2 920 0 0 65263 5363
p 2 112 807 1 56638 3030
p 2 81 838 1 50611 2807
p 2 84 835 1 50302 2854
p 2 68 850 2 49284 2804
p 2 69 851 0 49133 2871
p 2 60 858 2 49920 2843
p 2 74 846 0 51134 2911
p 2 55 865 0 51447 2855
p 2 55 865 0 51471 2901
p 2 71 849 0 52988 2983
p 2 64 856 0 54488 2925
p 2 88 832 0 58718 3115
p 2 96 824 0 59584 3180
p 2 112 808 0 57003 3121
p 2 57 861 2 56306 2932
p 2 44 874 2 53729 2791
p 2 42 877 1 54831 2802
p 2 41 878 1 57013 2755
p 2 36 882 2 60296 2814
p 2 44 876 0 63333 2870
p 2 83 837 0 70756 3144
p 2 99 820 1 74027 3197
p 2 114 806 0 69570 3181
p 2 419 501 0 87784 4703
p 2 167 753 0 69586 3495
p 2 132 788 0 62756 3312
p 2 111 809 0 60814 3172
p 2 72 848 0 60432 3075
p 2 64 856 0 61804 3035
p 2 79 841 0 59243 3042
p 2 89 831 0 60839 3077
p 2 110 810 0 65904 3185
p 2 176 744 0 68473 3462
p 2 174 746 0 70588 3529
p 2 259 661 0 84288 4040
p 2 290 630 0 92999 4248
p 2 306 614 0 91524 4223
p 2 309 609 2 87232 4262
p 2 328 592 0 81653 4333
p 2 287 628 5 76558 4148
p 2 224 694 2 71311 3799
p 2 142 769 9 65002 3360
p 2 76 835 9 59660 2892
p 2 70 827 23 59326 2794
p 2 61 844 15 59608 2781
p 2 63 840 17 57504 2733
p 2 77 824 19 54888 2744
p 2 62 850 8 54684 2702
p 2 42 855 23 53528 2564
p 2 47 856 17 52242 2593
p 2 52 851 17 51066 2588
p 2 57 854 9 50756 2668
p 2 46 856 18 47360 2622
p 2 48 861 11 45329 2555
p 2 67 847 6 43809 2718
p 2 68 838 14 41788 2739
p 2 70 836 14 39151 2668
p 2 67 842 11 35843 2639
p 2 68 836 16 32660 2640
p 2 63 846 11 30044 2655
p 2 59 861 0 27652 2563
p 2 62 853 5 24853 2594
p 2 64 836 20 22660 2581
p 2 48 865 7 20415 2535
p 2 64 830 26 18096 2558
p 2 84 822 14 16262 2648
p 2 82 821 17 13883 2641
p 2 100 808 12 11852 2730
p 2 87 807 26 9604 2683
i 2 920 0 0 76714 5659
p 2 112 808 0 58945 3042
p 2 68 852 0 54145 2858
p 2 63 857 0 53740 2818
p 2 57 863 0 53275 2734
p 2 57 862 1 53719 2684
p 2 57 863 0 52335 2682
p 2 43 876 1 54477 2631
p 2 40 880 0 55653 2641
p 2 41 879 0 56531 2648
p 2 30 889 1 55286 2602
p 2 34 885 1 54420 2584
p 2 26 892 2 55607 2554
p 2 26 893 1 56516 2590
p 2 44 876 0 54762 2613
p 2 34 886 0 54894 2569
p 2 26 894 0 57697 2570
p 2 52 868 0 58696 2705
p 2 33 887 0 56791 2603
p 2 32 888 0 54683 2604
p 2 20 899 1 52617 2478
p 2 22 898 0 51707 2507
p 2 28 892 0 49275 2467
p 2 25 894 1 48833 2404
p 2 23 896 1 49140 2403
p 2 20 900 0 50365 2357
p 2 27 893 0 51603 2441
p 2 20 899 1 52630 2424
p 2 13 906 1 52804 2406
p 2 9 911 0 52014 2401
p 2 15 905 0 51474 2400
p 2 17 901 2 51381 2389
p 2 11 909 0 52660 2370
p 2 21 898 1 53035 2408
p 2 20 900 0 54634 2369
p 2 25 895 0 55052 2428
p 2 24 896 0 56182 2406
p 2 19 901 0 57711 2389
p 2 21 899 0 58724 2416
p 2 17 903 0 59139 2385
p 2 17 902 1 58117 2315
p 2 14 906 0 58195 2297
p 2 20 900 0 58030 2305
p 2 14 906 0 58102 2299
p 2 9 911 0 59979 2300
p 2 11 909 0 61023 2308
p 2 11 909 0 60382 2382
p 2 15 905 0 60012 2316
p 2 13 907 0 61019 2348
p 2 9 911 0 62717 2339
p 2 11 909 0 62323 2363
p 2 13 907 0 62653 2388
p 2 9 911 0 62452 2376
p 2 12 908 0 63541 2357
p 2 13 907 0 63047 2398
p 2 10 910 0 62152 2328
p 2 12 908 0 61046 2366
p 2 15 905 0 58490 2330
p 2 17 903 0 58018 2311
p 2 9 911 0 56357 2303
p 2 10 910 0 54807 2286
p 2 7 913 0 55636 2265
p 2 6 914 0 54353 2276
p 2 12 908 0 54369 2273
p 2 16 904 0 54243 2350
p 2 10 910 0 53794 2332
p 2 12 908 0 53986 2339
p 2 17 903 0 52926 2341
p 2 13 907 0 51771 2333
p 2 11 909 0 53609 2331
p 2 13 907 0 53231 2326
p 2 19 901 0 54035 2350
p 2 13 907 0 53552 2356
p 2 17 903 0 53540 2384
p 2 20 900 0 52954 2415
p 2 32 888 0 51981 2468
p 2 16 903 1 50993 2388
p 2 5 915 0 50435 2336
p 2 16 904 0 49243 2403
p 2 20 900 0 49447 2412
p 2 18 902 0 48262 2424
p 2 16 904 0 48858 2420
p 2 15 905 0 47758 2397
p 2 17 903 0 47420 2460
p 2 19 900 1 47554 2436
p 2 23 897 0 47259 2446
p 2 20 899 1 46214 2422
p 2 26 893 1 45696 2423
p 2 15 905 0 43513 2402
p 2 19 901 0 42678 2439
p 2 16 904 0 42072 2451
p 2 13 907 0 41615 2354
p 2 13 907 0 40128 2362
p 2 13 906 1 38891 2358
p 2 11 909 0 38061 2323
p 2 10 910 0 36960 2290
p 2 10 910 0 35875 2257
p 2 5 915 0 35732 2229
p 2 5 915 0 34544 2218
p 2 4 916 0 34551 2181
p 2 9 909 2 33921 2198
p 2 12 908 0 34662 2235
p 2 12 906 2 34422 2276
p 2 13 907 0 35527 2328
p 2 17 902 1 35919 2369
p 2 15 904 1 36781 2427
p 2 23 896 1 36985 2485
p 2 21 898 1 37431 2470
p 2 24 895 1 37620 2521
p 2 24 896 0 38164 2505
p 2 29 891 0 38737 2559
p 2 34 886 0 40455 2605
p 2 18 902 0 41724 2568
p 2 36 884 0 41034 2603
p 2 31 889 0 40669 2594
p 2 33 887 0 40381 2579
p 2 40 879 1 38841 2593
p 2 21 898 1 37006 2457
p 2 30 890 0 35226 2415
p 2 38 882 0 33947 2443
p 2 20 900 0 32339 2366
p 2 21 899 0 32282 2333
p 2 13 907 0 31146 2297
p 2 21 899 0 30733 2269
p 2 27 892 1 31634 2349
p 2 27 893 0 31796 2333
p 2 28 892 0 32881 2411
p 2 33 887 0 32342 2377
p 2 26 892 2 34724 2410
p 2 26 893 1 36954 2455
p 2 32 888 0 37991 2506
p 2 43 875 2 39453 2586
p 2 55 863 2 40535 2687
p 2 43 876 1 40476 2637
p 2 30 890 0 40522 2574
p 2 27 893 0 40180 2502
p 2 22 897 1 39299 2479
p 2 24 893 3 35812 2423
p 2 25 894 1 34215 2403
p 2 16 904 0 37053 2418
p 2 18 902 0 37803 2450
p 2 22 896 2 36892 2479
p 2 23 897 0 38263 2503
p 2 19 900 1 38549 2490
p 2 27 893 0 37347 2514
i 2 920 0 0 58550 5148
p 2 15 905 0 41878 2221
p 2 7 912 1 43586 2202
p 2 11 909 0 43420 2180
p 2 6 914 0 42217 2135
p 2 15 904 1 41286 2176
p 2 11 908 1 41693 2194
p 2 12 908 0 43192 2183
p 2 14 906 0 42344 2184
p 2 10 910 0 42754 2166
p 2 5 914 1 41477 2113
p 2 9 910 1 40711 2144
p 2 2 918 0 40825 2126
p 2 13 907 0 41749 2174
p 2 5 913 2 41218 2142
p 2 6 914 0 42244 2150
p 2 4 914 2 42681 2195
p 2 7 913 0 42840 2167
p 2 8 912 0 41150 2151
p 2 5 915 0 41674 2123
p 2 10 910 0 41147 2166
p 2 7 913 0 40020 2127
p 2 3 917 0 38906 2068
p 2 6 914 0 37920 2051
p 2 9 911 0 37819 2064
p 2 6 914 0 38363 2045
p 2 9 911 0 38056 2062
p 2 5 915 0 38936 2088
p 2 2 917 1 38685 2066
p 2 3 913 4 39287 2080
p 2 2 917 1 39496 2103
p 2 1 918 1 40118 2090
p 2 3 917 0 40570 2075
p 2 4 915 1 41541 2108
p 2 4 915 1 42539 2122
p 2 4 916 0 42419 2103
p 2 1 919 0 41610 2074
p 2 3 917 0 41869 2081
p 2 3 916 1 41832 2075
p 2 4 916 0 42012 2102
p 2 3 916 1 41039 2073
p 2 7 913 0 40203 2070
p 2 9 911 0 40597 2125
p 2 7 913 0 40691 2110
p 2 4 916 0 40538 2108
p 2 6 914 0 40484 2122
p 2 6 912 2 39200 2120
p 2 12 906 2 39510 2136
p 2 10 909 1 39516 2148
p 2 10 907 3 39891 2133
p 2 8 911 1 39195 2128
p 2 5 914 1 38855 2087
p 2 6 914 0 38434 2091
p 2 1 918 1 37712 2042
p 2 5 913 2 37555 2058
p 2 5 915 0 37725 2034
p 2 6 913 1 37037 2004
p 2 8 912 0 36047 1994
p 2 4 916 0 34732 1959
p 2 11 907 2 35296 1973
p 2 1 918 1 36096 1925
p 2 3 917 0 36378 1939
p 2 5 914 1 35905 1951
p 2 2 918 0 37918 1997
i 2 920 0 0 69676 5178
p 2 23 897 0 48250 2230
p 2 22 897 1 50043 2270
p 2 16 903 1 49345 2201
p 2 14 906 0 49536 2238
p 2 9 911 0 50013 2196
p 2 11 909 0 48870 2180
p 2 7 913 0 49974 2153
p 2 7 913 0 50270 2149
p 2 7 913 0 51499 2162
p 2 5 915 0 51498 2159
p 2 14 906 0 52235 2203
p 2 8 912 0 51840 2211
p 2 7 913 0 50879 2175
p 2 8 912 0 51259 2146
p 2 5 915 0 53860 2187
p 2 14 906 0 55609 2275
p 2 10 908 2 55531 2213
p 2 19 901 0 55681 2315
p 2 17 902 1 55431 2263
p 2 23 897 0 54095 2295
p 2 18 902 0 54011 2235
p 2 14 906 0 53189 2202
p 2 5 915 0 52925 2135
p 2 16 904 0 56685 2227
p 2 12 908 0 58038 2266
p 2 24 896 0 57082 2293
p 2 18 902 0 56353 2253
p 2 18 902 0 55276 2252
p 2 21 899 0 53443 2242
p 2 22 898 0 52422 2212
p 2 21 899 0 51372 2205
p 2 18 902 0 52445 2201
p 2 19 901 0 53783 2267
p 2 24 896 0 53357 2312
p 2 23 897 0 54537 2288
i 2 920 0 0 66604 5445
p 2 58 862 0 62670 2873
p 2 60 860 0 59428 2854
p 2 42 878 0 57475 2765
p 2 44 876 0 57002 2768
p 2 47 873 0 59853 2814
p 2 97 823 0 68927 3132
p 2 103 817 0 68070 3193
p 2 96 824 0 64653 3088
p 2 77 843 0 63532 3003
p 2 73 846 1 63136 3051
p 2 73 847 0 62172 3036
p 2 75 845 0 59669 2974
p 2 97 823 0 58695 3007
p 2 83 837 0 58094 2937
p 2 107 813 0 59515 3106
p 2 138 782 0 60712 3207
p 2 106 814 0 63084 3106
p 2 115 805 0 59781 3120
p 2 80 840 0 56511 2985
p 2 68 852 0 52620 2860
p 2 77 843 0 51326 2879
i 2 920 0 0 69932 5451
p 2 264 656 0 86247 4002
p 2 268 652 0 86348 3903
p 2 179 741 0 83041 3542
p 2 81 839 0 77872 3068
p 2 87 832 1 77747 3071
p 2 100 820 0 73691 3091
p 2 69 851 0 66484 2840
p 2 61 859 0 62157 2787
p 2 57 863 0 62536 2798
p 2 47 873 0 64272 2763
p 2 62 858 0 60931 2833
p 2 42 878 0 58425 2706
p 2 102 818 0 63439 3086
p 2 82 838 0 61582 3021
p 2 66 854 0 60749 2930
i 2 920 0 0 53073 5000
p 2 31 887 2 42763 2430
p 2 23 897 0 43687 2438
p 2 36 880 4 43284 2483
p 2 24 895 1 42404 2460
p 2 35 883 2 42742 2518
p 2 27 889 4 42751 2536
p 2 27 892 1 43446 2557
p 2 26 891 3 41804 2509
p 2 18 900 2 41373 2471
p 2 21 896 3 42722 2484
p 2 24 894 2 41507 2507
p 2 19 899 2 42589 2482
p 2 15 905 0 42439 2436
p 2 12 908 0 42428 2433
p 2 22 898 0 41325 2466
p 2 23 895 2 42847 2504
p 2 23 896 1 43356 2457
p 2 24 896 0 43138 2439
p 2 23 897 0 44482 2466
p 2 14 906 0 43398 2455
p 2 17 903 0 42137 2433
p 2 27 893 0 41355 2463
p 2 19 901 0 42134 2430
p 2 30 890 0 43446 2510
p 2 22 898 0 44664 2479
p 2 27 893 0 44557 2485
p 2 35 885 0 46138 2576
p 2 35 880 5 47466 2603
p 2 36 884 0 47826 2625
p 2 34 886 0 47692 2625
p 2 37 883 0 46507 2617
p 2 29 890 1 44924 2513
p 2 40 880 0 43964 2531
p 2 36 884 0 43534 2518
p 2 29 890 1 41229 2460
p 2 12 908 0 40127 2361
p 2 18 899 3 40048 2377
p 2 28 892 0 40518 2418
p 2 19 897 4 41359 2423
p 2 31 889 0 40409 2448
p 2 19 896 5 40390 2391
p 2 17 903 0 41150 2404
p 2 15 904 1 40069 2392
p 2 18 902 0 40531 2434
p 2 23 895 2 41012 2463
p 2 21 899 0 40845 2444
p 2 27 883 10 42749 2482
p 2 25 895 0 43057 2530
p 2 29 887 4 44715 2537
p 2 39 881 0 47500 2626
p 2 48 871 1 48467 2718
p 2 35 885 0 48468 2648
p 2 30 890 0 49683 2627
p 2 39 881 0 50380 2678
p 2 51 868 1 51517 2718
p 2 48 872 0 51252 2680
p 2 50 867 3 50343 2703
p 2 52 868 0 50851 2712
p 2 52 868 0 50488 2695
p 2 43 877 0 47488 2619
p 2 19 901 0 45191 2490
p 2 30 890 0 42480 2473
p 2 10 910 0 41409 2369
p 2 28 892 0 40775 2387
p 2 16 898 6 39343 2293
p 2 9 911 0 37336 2247
p 2 7 911 2 36684 2220
p 2 7 913 0 35294 2198
p 2 5 915 0 34656 2218
p 2 0 920 0 33699 2161
p 2 6 914 0 33220 2197
p 2 11 907 2 33305 2209
p 2 9 908 3 33895 2196
p 2 12 907 1 36493 2263
p 2 23 894 3 37336 2327
p 2 31 888 1 37476 2309
p 2 23 894 3 39000 2338
p 2 22 898 0 40018 2375
p 2 22 896 2 41391 2393
p 2 18 901 1 41386 2417
p 2 17 902 1 41554 2398
p 2 27 893 0 40795 2458
p 2 21 897 2 41126 2373
p 2 33 887 0 41681 2465
p 2 22 898 0 41457 2411
p 2 22 897 1 41236 2406
p 2 20 899 1 41409 2440
p 2 20 900 0 40402 2474
p 2 16 903 1 41017 2352
p 2 31 888 1 40530 2454
p 2 25 894 1 39079 2439
p 2 18 902 0 37611 2384
p 2 21 898 1 36345 2398
p 2 25 894 1 34829 2385
p 2 15 903 2 33481 2297
p 2 10 908 2 31876 2192
p 2 4 915 1 31657 2155
p 2 5 915 0 31814 2149
p 2 10 909 1 32987 2186
p 2 15 904 1 33200 2208
p 2 7 912 1 33811 2242
p 2 12 904 4 33934 2240
p 2 9 906 5 33122 2245
p 2 14 905 1 34659 2301
p 2 14 906 0 35300 2338
p 2 13 906 1 35949 2320
p 2 10 910 0 37375 2342
p 2 16 904 0 38559 2404
p 2 14 906 0 38570 2411
p 2 17 903 0 39880 2429
p 2 24 894 2 39758 2416
p 2 14 904 2 40189 2423
p 2 17 902 1 39329 2403
p 2 18 902 0 39553 2428
p 2 24 896 0 39840 2440
p 2 27 892 1 39116 2433
p 2 20 899 1 38123 2398
p 2 15 904 1 36311 2346
p 2 13 905 2 36781 2328
p 2 18 901 1 34781 2310
p 2 10 909 1 36062 2250
p 2 11 909 0 34840 2226
p 2 18 900 2 35218 2262
p 2 41 878 1 35345 2329
p 2 34 883 3 36624 2342
p 2 23 894 3 37142 2333
p 2 15 902 3 37913 2344
p 2 15 905 0 37811 2415
p 2 11 905 4 39407 2337
i 2 920 0 0 67926 5634
p 2 15 904 1 41537 2115
p 2 12 905 3 41651 2160
p 2 11 907 2 41262 2141
p 2 23 891 6 42596 2229
p 2 17 900 3 42850 2202
p 2 10 905 5 43575 2193
p 2 10 910 0 43361 2150
p 2 19 895 6 43860 2221
p 2 12 888 20 44212 2161
p 2 23 895 2 42951 2225
p 2 21 892 7 43701 2205
p 2 13 893 14 43882 2197
p 2 30 885 5 43803 2274
p 2 21 893 6 44999 2271
p 2 13 901 6 45669 2220
p 2 19 892 9 45098 2243
p 2 12 898 10 46660 2256
p 2 17 895 8 47787 2284
p 2 25 889 6 46885 2328
p 2 22 894 4 45020 2285
p 2 15 898 7 43788 2244
p 2 15 904 1 43086 2237
p 2 14 903 3 43780 2237
p 2 13 901 6 46194 2275
p 2 17 900 3 46604 2296
p 2 24 889 7 47831 2349
p 2 18 896 6 49103 2339
p 2 20 894 6 48447 2342
p 2 21 894 5 46849 2313
p 2 3 907 10 47365 2212
p 2 20 898 2 49462 2276
p 2 11 906 3 49737 2225
p 2 16 901 3 51628 2223
p 2 11 900 9 52279 2232
p 2 15 903 2 53823 2253
p 2 8 912 0 54981 2238
p 2 13 904 3 53747 2232
p 2 13 900 7 54732 2221
p 2 10 898 12 55478 2189
p 2 13 904 3 55644 2230
p 2 7 913 0 54241 2165
p 2 9 909 2 55772 2212
p 2 3 916 1 54987 2206
p 2 2 918 0 54620 2195
p 2 6 914 0 56871 2243
p 2 31 887 2 57164 2369
p 2 27 892 1 57923 2375
p 2 27 893 0 57470 2393
p 2 28 892 0 56725 2380
p 2 17 903 0 56454 2336
p 2 15 905 0 57539 2321
p 2 20 900 0 56670 2393
p 2 15 905 0 57925 2376
p 2 12 908 0 56623 2368
p 2 16 904 0 54879 2368
p 2 19 901 0 52499 2374
p 2 16 904 0 53049 2368
p 2 17 903 0 52902 2386
p 2 20 900 0 54574 2386
p 2 21 899 0 54624 2426
p 2 23 897 0 55020 2427
p 2 26 894 0 52687 2430
p 2 13 907 0 53633 2371
i 2 920 0 0 80770 5822
p 2 157 759 4 76774 3419
p 2 102 817 1 75584 3100
p 2 133 786 1 80977 3332
p 2 149 769 2 76916 3376
p 2 104 816 0 72910 3095
p 2 104 816 0 69665 3112
p 2 99 819 2 68660 3038
p 2 90 829 1 73868 3116
p 2 97 822 1 76865 3188
p 2 107 811 2 81113 3271
p 2 105 812 3 80686 3269
p 2 110 810 0 79573 3240
p 2 125 795 0 80756 3359
p 2 102 818 0 79790 3181
p 2 92 828 0 80372 3182
p 2 95 824 1 77141 3124
p 2 71 849 0 75316 3029
p 2 65 855 0 73610 2973
p 2 56 864 0 72287 2863
p 2 32 888 0 72003 2755
p 2 41 879 0 69796 2754
p 2 38 881 1 69842 2710
p 2 36 884 0 66810 2678
p 2 38 882 0 65823 2651
p 2 36 884 0 65199 2634
p 2 34 886 0 61948 2572
p 2 20 900 0 62397 2511
p 2 24 896 0 62097 2513
p 2 26 894 0 61741 2496
p 2 30 890 0 63726 2564
p 2 19 901 0 64280 2475
p 2 35 884 1 68017 2644
p 2 29 891 0 68557 2600
p 2 30 889 1 67405 2637
p 2 35 885 0 67227 2645
p 2 31 889 0 66533 2603
p 2 41 879 0 65066 2609
p 2 36 884 0 63596 2624
p 2 24 896 0 61741 2536
p 2 18 902 0 57834 2469
p 2 19 901 0 56997 2438
p 2 25 895 0 56136 2483
p 2 24 896 0 57015 2443
p 2 36 884 0 56646 2509
p 2 33 887 0 55513 2506
p 2 36 884 0 55232 2472
p 2 42 878 0 54409 2479
p 2 37 883 0 53687 2413
p 2 32 888 0 54139 2446
p 2 39 881 0 54098 2493
p 2 36 884 0 53684 2494
p 2 22 898 0 53543 2370
p 2 24 895 1 53994 2423
p 2 27 893 0 54468 2422
p 2 22 897 1 54544 2429
p 2 12 908 0 53783 2382
p 2 23 896 1 53718 2448
p 2 31 888 1 54860 2452
p 2 27 893 0 54431 2446
p 2 19 901 0 54724 2372
p 2 22 898 0 53215 2356
p 2 20 900 0 52183 2287
p 2 16 904 0 50731 2242
p 2 10 910 0 49876 2173
p 2 14 906 0 50285 2165
p 2 12 908 0 52497 2171
p 2 17 903 0 54229 2208
p 2 24 896 0 56923 2291
p 2 27 893 0 57166 2312
i 2 920 0 0 82527 5767
p 2 68 852 0 70643 2806
p 2 41 878 1 68097 2670
p 2 66 853 1 65619 2792
p 2 59 860 1 64558 2733
p 2 59 859 2 62985 2712
p 2 43 877 0 61908 2604
p 2 25 894 1 62261 2529
p 2 36 884 0 60583 2556
p 2 20 900 0 60202 2433
p 2 20 900 0 58377 2414
p 2 29 891 0 57944 2448
p 2 30 890 0 56209 2441
p 2 23 897 0 53711 2345
p 2 14 905 1 52830 2325
p 2 13 907 0 51784 2290
p 2 10 910 0 50250 2265
p 2 9 911 0 50013 2224
p 2 7 913 0 49564 2202
p 2 20 900 0 50469 2250
p 2 19 900 1 49066 2276
p 2 11 909 0 48558 2246
p 2 7 913 0 46531 2223
p 2 6 914 0 45845 2189
i 2 920 0 0 64667 5249
p 2 12 908 0 41176 2148
p 2 15 905 0 44107 2235
p 2 12 908 0 43746 2222
p 2 2 918 0 43349 2168
p 2 11 909 0 44061 2217
p 2 12 908 0 46156 2225
p 2 6 913 1 46599 2224
p 2 8 912 0 46762 2222
p 2 20 900 0 48524 2310
p 2 29 891 0 49201 2363
p 2 19 901 0 49392 2311
p 2 20 900 0 49992 2296
p 2 17 903 0 50789 2294
p 2 20 900 0 49370 2275
p 2 27 893 0 49621 2299
p 2 16 904 0 49750 2255
p 2 16 904 0 51184 2276
p 2 16 904 0 50814 2289
p 2 23 897 0 52103 2304
p 2 12 908 0 51325 2280
p 2 14 906 0 51437 2280
p 2 15 905 0 51089 2299
p 2 20 900 0 53068 2353
p 2 26 894 0 52924 2418
p 2 24 896 0 53485 2386
p 2 22 898 0 54385 2406
p 2 15 905 0 54650 2367
p 2 18 902 0 54618 2328
p 2 24 896 0 54301 2369
p 2 12 908 0 53473 2309
p 2 19 901 0 53296 2329
p 2 10 910 0 51966 2265
p 2 9 911 0 52739 2246
p 2 12 908 0 51552 2252
p 2 24 896 0 52075 2307
p 2 20 900 0 53089 2256
p 2 12 908 0 52668 2218
p 2 19 901 0 51681 2247
p 2 16 904 0 51187 2248
p 2 23 897 0 50432 2258
p 2 13 907 0 51461 2232
p 2 13 907 0 47969 2176
p 2 12 908 0 46992 2187
i 2 920 0 0 33079 4279
p 2 5 912 3 18881 1892
p 2 6 912 2 20931 1880
p 2 6 912 2 22146 1990
p 2 9 908 3 23637 2021
p 2 13 905 2 24803 2034
p 2 12 905 3 26347 2047
p 2 26 893 1 27480 2126
p 2 14 902 4 28299 2085
p 2 9 910 1 29652 2088
p 2 9 910 1 30352 2083
p 2 10 910 0 31210 2107
p 2 13 906 1 30724 2136
p 2 11 908 1 30878 2127
p 2 8 911 1 30251 2152
p 2 11 908 1 31213 2152
p 2 15 905 0 29709 2185
p 2 9 911 0 29961 2145
p 2 10 909 1 29868 2132
p 2 19 899 2 30977 2168
p 2 12 908 0 30784 2162
p 2 9 911 0 30648 2150
p 2 12 907 1 29959 2192
p 2 10 910 0 30308 2198
p 2 7 913 0 30151 2196
p 2 5 915 0 30304 2191
p 2 6 914 0 30077 2216
p 2 6 914 0 30968 2221
p 2 11 909 0 32094 2312
p 2 15 905 0 32663 2288
p 2 12 908 0 32612 2277
p 2 8 912 0 32595 2221
p 2 6 914 0 31601 2216
p 2 6 914 0 31511 2209
p 2 5 915 0 30874 2154
p 2 7 913 0 30890 2162
p 2 15 905 0 31556 2202
p 2 10 908 2 32353 2181
p 2 8 912 0 32539 2206
p 2 13 907 0 33663 2248
p 2 11 909 0 34201 2255
p 2 12 908 0 34980 2288
p 2 10 910 0 35556 2291
p 2 10 910 0 36993 2297
p 2 15 905 0 36115 2301
p 2 10 910 0 37495 2283
p 2 5 915 0 38021 2252
p 2 5 915 0 39126 2274
p 2 4 916 0 37919 2253
p 2 8 912 0 38346 2279
p 2 6 914 0 38168 2266
p 2 8 912 0 37623 2235
p 2 10 910 0 37587 2227
p 2 10 910 0 37424 2244
p 2 8 912 0 37051 2191
p 2 10 909 1 37792 2243
p 2 12 908 0 38265 2224
p 2 16 904 0 38140 2267
p 2 9 910 1 36734 2206
p 2 17 902 1 39876 2336
p 2 17 903 0 39575 2363
p 2 13 907 0 39353 2340
p 2 15 905 0 39757 2338
p 2 9 911 0 41909 2330
p 2 10 910 0 43822 2362
p 2 12 908 0 44981 2384
p 2 12 908 0 44461 2343
p 2 6 914 0 44302 2328
i 2 920 0 0 56753 5260
p 2 127 792 1 55838 3259
p 2 80 840 0 52555 2928
p 2 63 857 0 53025 2805
p 2 90 830 0 56263 2954
p 2 89 830 1 55914 2987
p 2 76 843 1 50358 2862
p 2 63 857 0 48812 2798
p 2 117 802 1 50208 3118
p 2 118 802 0 49830 3170
p 2 92 828 0 49398 3014
p 2 106 813 1 52170 3026
p 2 167 753 0 55007 3295
p 2 148 772 0 59179 3254
p 2 110 810 0 60136 3107
p 2 76 842 2 55133 2883
p 2 114 806 0 57611 3091
p 2 176 744 0 59950 3467
p 2 148 771 1 57545 3324
p 2 122 797 1 52855 3155
p 2 94 823 3 50437 2994
p 2 109 811 0 56058 3102
p 2 85 835 0 54868 2935
p 2 55 858 7 49567 2715
p 2 40 879 1 41958 2525
p 2 123 792 5 54064 3103
p 2 100 820 0 52371 3059
p 2 79 839 2 51582 2968
p 2 102 817 1 54580 3034
p 2 138 781 1 60470 3170
p 2 172 746 2 67248 3427
p 2 122 798 0 65024 3177
p 2 108 812 0 63287 3084
p 2 165 755 0 69040 3479
p 2 156 764 0 68652 3387
p 2 127 793 0 67257 3291
p 2 123 797 0 64503 3256
p 2 91 829 0 63782 3071
p 2 117 803 0 62867 3180
p 2 108 812 0 60527 3113
p 2 109 811 0 62968 3163
p 2 110 809 1 60160 3117
p 2 114 806 0 55307 3030
p 2 92 828 0 51014 2884
p 2 70 848 2 45985 2754
p 2 68 852 0 43219 2672
p 2 77 843 0 43707 2729
p 2 82 837 1 45293 2818
p 2 108 812 0 51636 3016
p 2 93 827 0 53164 2953
p 2 76 844 0 51426 2903
p 2 47 872 1 46197 2643
p 2 43 877 0 44301 2604
p 2 45 875 0 47620 2697
p 2 29 891 0 48472 2615
p 2 48 872 0 47097 2677
p 2 52 867 1 45434 2704
p 2 41 879 0 48630 2714
p 2 62 858 0 52167 2856
p 2 53 866 1 54649 2800
p 2 58 862 0 56847 2823
p 2 63 855 2 57817 2887
p 2 69 851 0 58712 2911
p 2 76 844 0 60591 2945
p 2 53 867 0 60537 2900
p 2 39 881 0 57746 2807
i 2 920 0 0 64299 5294
p 2 24 884 12 43940 2233
p 2 21 896 3 46137 2312
p 2 17 881 22 43520 2255
p 2 17 899 4 42656 2288
p 2 18 888 14 40940 2262
p 2 24 893 3 40648 2303
p 2 10 898 12 40062 2216
p 2 17 899 4 39894 2255
p 2 17 894 9 41035 2281
p 2 18 898 4 42872 2348
p 2 15 894 11 43353 2335
p 2 27 890 3 44098 2374
p 2 23 885 12 45120 2351
p 2 30 886 4 45266 2399
p 2 20 899 1 44890 2346
p 2 26 894 0 43080 2376
p 2 21 897 2 42822 2354
p 2 20 897 3 42752 2349
p 2 24 895 1 45320 2427
p 2 25 895 0 48032 2457
p 2 31 887 2 50657 2503
p 2 28 888 4 52189 2459
p 2 30 890 0 52172 2456
p 2 26 891 3 53140 2413
p 2 22 896 2 55607 2415
p 2 28 891 1 56221 2451
p 2 22 898 0 58373 2387
p 2 28 892 0 60307 2433
p 2 27 893 0 61191 2442
p 2 27 892 1 62592 2426
p 2 34 886 0 61499 2460
p 2 18 902 0 60260 2353
p 2 15 905 0 60184 2336
p 2 17 902 1 59382 2345
p 2 15 905 0 58705 2350
p 2 12 908 0 58585 2350
p 2 25 895 0 56925 2382
p 2 13 907 0 56986 2319
p 2 9 911 0 55384 2268
p 2 6 914 0 54108 2201
p 2 5 914 1 53311 2188
p 2 9 910 1 52428 2214
p 2 9 911 0 51385 2186
p 2 7 913 0 49931 2189
p 2 10 910 0 48210 2186
p 2 13 907 0 47863 2212
p 2 13 907 0 49305 2198
p 2 9 911 0 49213 2225
p 2 9 911 0 48015 2199
p 2 5 915 0 46710 2214
p 2 8 912 0 47645 2232
p 2 4 916 0 47510 2243
p 2 7 913 0 47278 2268
p 2 9 911 0 46887 2263
p 2 11 909 0 47541 2302
p 2 9 911 0 47333 2290
p 2 12 908 0 47813 2281
p 2 7 913 0 47599 2275
p 2 10 910 0 48135 2275
p 2 8 912 0 47196 2274
p 2 6 913 1 46771 2225
p 2 7 913 0 44586 2199
p 2 8 912 0 44540 2186
p 2 9 910 1 44238 2192
p 2 8 912 0 44588 2200
p 2 7 913 0 44506 2199
p 2 5 915 0 45007 2208
p 2 4 916 0 43638 2183
p 2 7 913 0 44285 2193
i 2 920 0 0 79707 5792
p 2 130 790 0 70570 3190
p 2 81 839 0 69710 3038
p 2 70 850 0 69302 2988
p 2 65 855 0 69290 2913
p 2 62 858 0 67711 2864
p 2 50 870 0 66802 2766
p 2 49 871 0 67288 2749
p 2 66 854 0 68353 2842
p 2 57 863 0 68534 2766
p 2 49 871 0 66473 2750
p 2 45 875 0 64687 2662
p 2 42 878 0 65102 2692
p 2 44 876 0 64366 2625
p 2 39 881 0 65264 2613
p 2 40 880 0 63894 2656
p 2 50 870 0 64019 2698
p 2 57 863 0 64702 2705
p 2 50 870 0 64883 2686
p 2 66 854 0 64323 2735
p 2 52 868 0 62322 2700
p 2 42 878 0 62068 2655
p 2 35 885 0 59866 2630
p 2 32 888 0 58058 2536
p 2 22 898 0 56651 2475
p 2 20 900 0 54908 2414
p 2 20 900 0 51333 2367
p 2 27 893 0 50064 2402
p 2 23 897 0 47984 2379
p 2 21 899 0 48078 2314
p 2 27 893 0 47163 2329
p 2 23 897 0 46799 2303
p 2 34 886 0 46183 2338
p 2 36 884 0 47026 2337
p 2 26 894 0 47653 2302
p 2 28 892 0 48310 2310
p 2 29 891 0 49430 2343
p 2 20 900 0 51318 2347
p 2 37 883 0 50946 2429
p 2 32 887 1 52101 2453
p 2 37 883 0 52367 2454
p 2 32 888 0 52532 2403
p 2 20 900 0 51281 2336
p 2 21 899 0 51540 2359
p 2 18 898 4 49540 2295
p 2 16 904 0 49484 2274
p 2 10 910 0 47213 2181
p 2 8 912 0 46630 2163
p 2 10 910 0 45231 2148
p 2 1 919 0 45644 2098
p 2 3 917 0 44539 2117
p 2 2 918 0 45555 2103
p 2 7 913 0 44846 2153
p 2 10 910 0 45767 2167
p 2 12 908 0 46275 2159
p 2 16 904 0 47097 2170
p 2 17 903 0 47210 2141
p 2 10 910 0 47594 2141
p 2 8 912 0 47823 2132
p 2 10 910 0 47073 2167
p 2 21 899 0 46895 2214
p 2 11 909 0 47682 2170
p 2 19 901 0 47392 2228
p 2 10 910 0 45847 2213
p 2 9 911 0 43485 2188
p 2 9 911 0 43298 2170
p 2 5 915 0 42955 2168
p 2 6 914 0 43315 2170
p 2 6 914 0 41285 2131
p 2 6 914 0 42000 2122
p 2 13 907 0 41841 2162
p 2 11 909 0 43082 2162
p 2 6 914 0 43679 2152
p 2 6 914 0 45112 2173
p 2 7 913 0 44592 2170
p 2 6 914 0 45502 2174
p 2 3 917 0 45426 2131
p 2 6 914 0 44792 2136
p 2 5 915 0 42762 2093
p 2 6 914 0 42091 2097
p 2 2 918 0 39835 2024
p 2 2 917 1 39424 2005
p 2 1 919 0 37649 1987
p 2 1 919 0 37677 1951
p 2 3 917 0 36179 1950
p 2 2 918 0 37167 1959
p 2 2 916 2 35950 1937
p 2 1 917 2 36054 1947
p 2 2 913 5 35865 1943
p 2 6 912 2 37238 1995
p 2 6 913 1 38422 2008
p 2 8 912 0 40109 2050
p 2 8 912 0 40378 2094
p 2 12 906 2 42391 2139
p 2 7 913 0 42062 2124
p 2 14 905 1 43053 2149
p 2 19 901 0 42606 2183
p 2 13 907 0 43684 2164
p 2 8 912 0 42611 2131
p 2 12 908 0 42382 2150
p 2 15 905 0 41975 2176
p 2 12 908 0 41724 2152
p 2 13 907 0 41110 2181
p 2 14 906 0 40902 2198
p 2 7 913 0 40767 2223
p 2 10 910 0 40993 2201
p 2 10 910 0 39876 2192
p 2 7 913 0 40687 2175
p 2 4 916 0 40712 2204
p 2 7 913 0 40846 2184
p 2 6 914 0 39631 2166
p 2 8 912 0 38641 2158
p 2 2 918 0 38982 2111
p 2 2 918 0 38201 2108
p 2 5 914 1 38342 2119
p 2 8 911 1 38051 2118
p 2 4 916 0 38859 2120
p 2 11 907 2 37423 2143
p 2 6 914 0 37683 2120
p 2 12 907 1 36870 2139
p 2 14 905 1 38262 2170
i 2 920 0 0 43427 4731
p 2 0 910 10 14640 1503
p 2 0 911 9 15967 1513
p 2 1 911 8 15943 1547
p 2 6 909 5 16323 1554
p 2 5 906 9 16120 1558
p 2 2 911 7 15965 1533
p 2 2 915 3 16026 1518
p 2 1 915 4 16908 1522
p 2 1 898 21 16603 1549
p 2 1 912 7 17115 1551
p 2 0 916 4 16974 1519
p 2 0 916 4 17004 1509
p 2 2 911 7 17012 1547
p 2 0 913 7 16757 1519
p 2 0 917 3 17189 1521
p 2 0 913 7 16835 1537
p 2 0 916 4 16794 1565
p 2 2 911 7 16942 1559
p 2 2 915 3 16580 1546
p 2 2 915 3 16156 1522
p 2 1 912 7 16221 1504
p 2 1 916 3 16043 1519
p 2 1 918 1 16613 1530
p 2 1 913 6 16027 1493
p 2 0 917 3 16264 1516
p 2 0 918 2 15681 1477
p 2 0 917 3 16195 1501
p 2 0 909 11 15528 1499
p 2 0 918 2 16043 1529
p 2 1 917 2 15405 1518
p 2 1 913 6 15752 1512
p 2 0 908 12 14815 1491
p 2 0 917 3 15234 1499
p 2 0 919 1 14209 1484
p 2 1 917 2 14395 1486
p 2 1 917 2 14033 1514
p 2 0 919 1 13398 1488
p 2 3 914 3 13095 1528
p 2 0 920 0 12625 1478
p 2 1 913 6 11861 1497
p 2 0 917 3 11681 1444
p 2 4 913 3 12367 1467
p 2 2 912 6 12579 1471
p 2 0 915 5 13436 1466
p 2 1 918 1 13348 1464
p 2 0 917 3 13860 1481
p 2 1 916 3 13397 1465
p 2 6 904 10 14172 1481
p 2 0 919 1 14398 1486
p 2 0 918 2 14411 1475
p 2 2 918 0 14934 1526
p 2 0 908 12 14514 1504
p 2 1 913 6 14838 1528
p 2 1 919 0 13940 1520
p 2 5 915 0 14117 1571
p 2 3 905 12 13420 1547
p 2 2 911 7 13635 1542
p 2 1 916 3 13401 1509
p 2 2 915 3 13825 1564
p 2 0 918 2 13296 1554
p 2 0 911 9 13130 1530
p 2 0 907 13 12785 1507
p 2 1 916 3 12814 1520
p 2 0 917 3 12579 1495
p 2 1 915 4 12376 1504
p 2 0 918 2 11644 1497
p 2 0 909 11 10857 1479
p 2 0 911 9 10389 1465
p 2 2 914 4 10690 1485
p 2 2 914 4 11616 1497
p 2 0 917 3 13075 1489
p 2 0 911 9 12703 1489
p 2 1 910 9 13239 1523
p 2 1 916 3 13236 1512
p 2 2 909 9 13860 1510
p 2 0 915 5 13547 1495
p 2 2 913 5 13660 1544
p 2 2 911 7 13107 1506
p 2 2 910 8 13272 1493
p 2 2 912 6 13560 1503
p 2 3 912 5 13527 1507
p 2 3 914 3 12485 1478
p 2 1 916 3 12088 1445
p 2 0 917 3 11658 1410
p 2 0 912 8 11440 1371
p 2 0 915 5 10672 1368
p 2 1 909 10 10222 1367
p 2 0 917 3 10528 1364
p 2 0 912 8 11768 1400
p 2 0 917 3 11774 1432
p 2 0 911 9 11919 1437
p 2 0 918 2 11699 1448
p 2 1 910 9 12094 1450
p 2 2 914 4 11578 1458
p 2 1 910 9 11203 1449
p 2 0 914 6 11434 1450
p 2 0 915 5 11901 1451
p 2 0 916 4 10872 1443
p 2 0 916 4 10912 1441
p 2 0 913 7 10016 1423
p 2 2 915 3 9289 1437
p 2 3 909 8 8808 1425
p 2 1 911 8 9335 1433
p 2 3 900 17 9926 1431
p 2 0 907 13 9928 1384
p 2 4 893 23 9045 1369
p 2 4 891 25 9376 1334
p 2 1 882 37 9138 1321
p 2 0 891 29 9827 1305
p 2 0 816 104 8949 1211
p 2 0 842 78 9265 1292
p 2 1 738 181 7166 1113
p 2 0 726 194 6752 1087
p 2 0 569 351 5797 898
p 2 0 521 399 5669 865
p 2 0 521 399 5551 854
p 2 0 538 382 5881 894
p 2 0 577 343 5896 931
p 2 0 512 408 5970 908
p 2 1 525 394 6017 875
p 2 0 584 336 6437 954
p 2 0 508 412 6175 882
p 2 0 503 417 6116 871
p 2 0 528 392 6359 901
p 2 0 516 404 6356 901
p 2 0 528 392 6286 913
p 2 0 461 459 6234 862
p 2 0 503 417 6470 907
p 2 0 497 423 6711 917
p 2 0 481 439 6330 878
p 2 0 429 491 6221 819
p 2 0 467 453 6300 866
p 2 3 462 455 6384 868
p 2 1 489 430 6352 888
p 2 0 432 488 6266 819
p 2 0 469 451 6454 856
p 2 0 474 446 6906 862
p 2 1 502 417 6720 898
p 2 1 463 456 6892 870
p 2 1 496 423 6708 903
p 2 0 496 424 7086 905
p 2 0 515 405 6531 875
p 2 0 480 440 6781 852
p 2 0 519 401 6904 916
p 2 0 536 384 7283 941
p 2 0 527 393 6943 951
p 2 1 473 446 6933 885
p 2 0 519 401 7156 944
p 2 0 496 424 7363 889
p 2 0 517 403 7236 919
p 2 0 469 451 7084 868
p 2 0 522 398 7025 919
p 2 0 517 403 7063 926
p 2 0 550 370 6573 944
p 2 0 481 439 6788 892
p 2 1 547 372 6944 974
p 2 4 523 393 7187 958
p 2 1 548 371 6523 956
p 2 2 470 448 6501 887
p 2 0 529 391 6460 933
p 2 0 524 396 6692 916
p 2 0 552 368 6708 969
p 2 0 468 452 6872 896
p 2 1 541 378 6897 987
p 2 1 534 385 7175 997
p 2 1 577 342 7240 1050
p 2 0 497 423 6831 950
p 2 2 538 380 6437 969
p 2 2 524 394 6034 910
p 2 2 529 389 5758 904
p 2 1 443 476 5292 780
p 2 1 512 407 5300 846
p 2 0 447 473 5228 776
p 2 0 502 418 5167 826
p 2 0 407 513 5233 737
p 2 1 485 434 5245 832
p 2 0 469 451 5723 825
p 2 0 510 410 5537 843
p 2 0 437 483 5772 802
p 2 0 484 436 5648 837
p 2 0 455 465 6013 813
p 2 0 487 433 6000 852
p 2 1 447 472 6376 848
p 2 1 472 447 6287 838
p 2 0 483 437 6697 863
p 2 0 524 396 6474 898
p 2 0 436 484 6545 812
p 2 0 508 412 6644 885
p 2 0 483 437 6776 883
p 2 0 492 428 6900 902
p 2 0 452 468 7001 873
p 2 1 527 392 7251 966
p 2 2 534 384 7608 977
p 2 1 495 424 7171 937
p 2 0 454 466 6713 851
p 2 0 478 442 6937 891
p 2 3 484 433 6925 911
p 2 2 498 420 6895 930
p 2 0 445 475 6752 854
p 2 1 470 449 6676 888
p 2 1 495 424 7079 925
p 2 1 501 418 6733 918
p 2 0 480 440 6777 891
p 2 2 499 419 6465 913
p 2 0 475 445 6849 887
p 2 0 512 408 6457 884
p 2 0 481 439 6642 855
p 2 0 487 433 6699 882
p 2 0 498 422 6987 908
p 2 0 511 409 6670 930
p 2 1 461 458 6706 873
p 2 0 489 431 6912 914
p 2 0 493 427 7162 890
p 2 0 520 400 7025 914
p 2 0 486 434 6959 880
p 2 0 521 399 6893 913
p 2 1 520 399 6939 917
p 2 0 520 400 6459 908
p 2 0 493 427 6796 895
p 2 1 519 400 6976 947
p 2 2 523 395 7046 944
p 2 2 538 380 6501 946
p 2 2 473 445 6497 883
p 2 0 537 383 6607 934
p 2 0 527 393 6737 920
p 2 0 545 375 6722 961
p 2 0 496 424 6856 928
p 2 1 524 395 7054 978
p 2 1 544 375 7213 1014
p 2 2 572 346 7107 1061
p 2 1 510 409 6603 964
p 2 1 530 389 6232 961
p 2 1 516 403 5971 908
p 2 3 545 372 5763 930
p 2 1 500 419 5481 848
p 2 1 514 405 5341 864
p 2 0 480 440 5316 805
p 2 0 489 431 5032 810
p 2 0 464 456 5424 803
p 2 0 495 425 5359 835
p 2 0 464 456 5657 817
p 2 0 486 434 5547 834
p 2 0 503 417 5883 867
p 2 0 486 434 5847 834
p 2 0 484 436 6175 867
p 2 0 489 431 6138 866
p 2 1 486 433 6437 892
p 2 1 494 425 6343 860
p 2 1 495 424 6626 872
p 2 0 705 215 7486 1128
p 2 0 477 443 6560 868
i 2 920 0 0 60473 4503
p 2 0 895 25 10265 1361
p 2 1 905 14 14471 1412
p 2 0 893 27 18806 1474
p 2 0 910 10 18666 1484
p 2 0 881 39 19768 1531
p 2 0 899 21 19224 1527
p 2 1 892 27 19631 1526
p 2 3 903 14 19838 1547
p 2 0 886 34 19913 1535
p 2 1 908 11 20412 1542
p 2 0 889 31 21517 1530
p 2 0 907 13 21519 1551
p 2 0 906 14 22201 1561
p 2 0 912 8 21645 1571
p 2 1 899 20 21349 1552
p 2 1 911 8 21210 1551
p 2 0 899 21 21316 1565
p 2 0 913 7 21531 1574
p 2 0 901 19 21719 1555
p 2 0 912 8 22469 1582
p 2 2 902 16 23442 1605
p 2 4 912 4 23441 1611
p 2 2 899 19 23223 1588
p 2 1 913 6 23240 1597
p 2 2 900 18 23998 1602
p 2 4 912 4 23731 1598
p 2 0 898 22 23760 1551
p 2 0 913 7 23144 1582
p 2 0 898 22 23021 1558
p 2 1 910 9 22351 1566
p 2 1 912 7 22657 1570
p 2 1 912 7 22607 1588
p 2 1 907 12 23299 1603
p 2 2 914 4 23452 1593
p 2 1 900 19 23096 1578
p 2 0 911 9 22861 1576
p 2 0 894 26 22759 1566
p 2 0 914 6 22422 1575
p 2 0 900 20 22750 1562
p 2 0 908 12 22950 1596
p 2 0 907 13 22484 1580
p 2 1 913 6 22941 1572
p 2 0 904 16 23222 1582
p 2 0 913 7 22725 1589
p 2 3 899 18 22182 1584
p 2 0 913 7 22751 1581
p 2 0 901 19 22114 1573
p 2 5 906 9 21595 1588
p 2 0 911 9 21820 1588
p 2 2 905 13 21737 1585
p 2 7 896 17 21817 1612
p 2 8 904 8 21246 1620
p 2 3 909 8 20827 1587
p 2 0 912 8 20764 1575
p 2 2 913 5 21175 1627
p 2 3 915 2 21621 1630
p 2 26 887 7 22110 1651
p 2 0 917 3 21854 1567
p 2 0 913 7 21811 1565
p 2 2 915 3 21926 1556
p 2 1 911 8 21809 1549
p 2 1 917 2 21349 1546
p 2 0 912 8 21908 1542
p 2 1 915 4 20692 1536
p 2 0 911 9 20623 1539
p 2 0 912 8 19361 1520
p 2 0 916 4 19223 1528
p 2 1 917 2 17871 1507
p 2 1 913 6 17966 1504
p 2 1 917 2 16909 1476
p 2 1 911 8 16021 1454
p 2 3 912 5 15280 1467
p 2 2 911 7 14603 1457
p 2 0 913 7 13595 1440
p 2 1 908 11 12486 1434
p 2 0 909 11 11980 1419
p 2 1 906 13 11352 1413
p 2 3 909 8 10187 1404
p 2 0 914 6 9844 1369
p 2 0 912 8 10070 1387
p 2 1 911 8 10356 1389
p 2 0 914 6 12195 1397
p 2 0 913 7 12836 1416
p 2 0 917 3 13848 1422
p 2 0 912 8 15273 1388
p 2 1 912 7 16958 1435
p 2 0 909 11 17857 1440
p 2 2 909 9 18399 1460
p 2 0 905 15 18552 1473
p 2 0 912 8 19111 1509
p 2 1 908 11 18737 1505
p 2 1 911 8 19186 1529
p 2 0 907 13 19746 1528
p 2 0 910 10 20334 1544
p 2 1 909 10 20833 1552
p 2 1 910 9 20857 1554
p 2 0 910 10 21084 1508
p 2 1 909 10 21441 1538
p 2 1 905 14 21294 1521
p 2 0 914 6 21109 1514
p 2 1 903 16 21416 1537
p 2 1 904 15 21312 1540
p 2 0 907 13 21135 1553
p 2 1 908 11 20751 1574
p 2 3 906 11 20173 1559
p 2 1 907 12 20439 1540
p 2 0 910 10 20504 1537
p 2 1 898 21 20741 1513
p 2 0 903 17 21062 1527
p 2 0 896 24 21028 1526
p 2 2 874 44 19167 1507
p 2 0 878 42 18943 1490
p 2 1 874 45 16681 1443
p 2 0 870 50 17482 1427
p 2 0 846 74 14672 1327
p 2 0 853 67 15186 1333
p 2 0 828 92 10814 1233
p 2 1 815 104 11324 1231
i 2 920 0 0 47930 4311
p 2 2 409 509 2709 666
p 2 16 663 241 23653 1388
p 2 0 504 416 3715 783
p 2 10 623 287 23941 1396
p 2 0 516 404 3833 825
p 2 10 644 266 24686 1406
p 2 0 516 404 3734 820
p 2 5 637 278 25456 1410
p 2 1 533 386 3617 853
p 2 0 505 415 3531 758
p 2 1 440 479 3426 681
p 2 1 462 457 3894 713
p 2 0 431 489 3692 689
p 2 3 465 452 3304 730
p 2 0 399 521 3127 651
p 2 3 426 491 2550 662
p 2 1 323 596 2525 560
p 2 4 564 352 18443 1095
p 2 1 495 424 3107 776
p 2 0 495 425 2627 729
p 2 3 523 394 17635 1059
p 2 0 519 401 2854 803
p 2 0 394 526 2390 640
p 2 4 589 327 17586 1131
p 2 1 510 409 3290 797
p 2 3 492 425 3276 770
p 2 4 555 361 17416 1090
p 2 0 593 327 3672 869
p 2 0 450 470 3295 728
p 2 2 544 374 4771 835
p 2 0 462 458 3218 716
p 2 1 511 408 3238 772
p 2 0 439 481 3177 713
p 2 10 711 199 24903 1461
p 2 2 584 334 4191 921
p 2 19 688 213 25350 1523
p 2 2 578 340 4133 922
p 2 17 714 189 26844 1515
p 2 0 613 307 4322 955
p 2 11 710 199 23939 1376
p 2 4 567 349 3999 895
p 2 14 663 243 23376 1325
p 2 0 549 371 3409 825
p 2 0 518 402 2915 743
p 2 0 392 528 2758 625
p 2 0 488 432 2534 710
p 2 0 373 547 2373 601
p 2 4 452 464 3199 712
p 2 2 407 511 3159 678
p 2 4 475 441 3501 747
p 2 2 400 518 2853 655
p 2 1 438 481 2971 681
p 2 0 358 562 2676 606
p 2 0 435 485 3249 683
p 2 1 373 546 2940 643
p 2 2 450 468 3572 717
p 2 2 376 542 3033 662
p 2 1 449 470 2735 693
p 2 1 371 548 2528 620
p 2 1 410 509 2536 641
p 2 2 371 547 2627 613
p 2 1 455 464 3139 715
p 2 4 424 492 3363 720
p 2 2 569 349 9579 966
p 2 3 472 445 3646 781
p 2 2 546 372 9351 923
p 2 1 457 462 2766 703
p 2 0 497 423 8321 798
p 2 1 420 499 2840 680
p 2 1 439 480 2669 693
p 2 0 459 461 8600 804
p 2 0 458 462 2646 724
p 2 1 367 552 2118 610
p 2 0 483 437 7467 777
p 2 0 367 553 2378 620
p 2 1 420 499 2543 685
p 2 0 408 512 7760 731
p 2 0 463 457 2936 713
p 2 0 414 506 2498 665
p 2 0 429 491 2241 675
p 2 0 401 519 2635 644
p 2 2 432 486 2848 714
i 2 920 0 0 42499 3673
p 2 0 280 640 905 439
p 2 21 590 309 21894 1144
p 2 0 354 566 2231 570
p 2 2 549 369 17945 986
p 2 0 329 591 2320 557
p 2 3 504 413 19986 998
p 2 0 325 595 1938 549
p 2 351 217 352 17045 2064
p 2 14 301 605 2243 643
p 2 111 458 351 17442 1530
p 2 30 405 485 4067 1021
p 2 76 500 344 17084 1663
p 2 14 514 392 3909 1145
p 2 7 647 266 10510 1336
p 2 9 570 341 3641 1178
p 2 10 633 277 10042 1330
p 2 6 532 382 2728 1065
p 2 2 486 432 2141 945
p 2 0 660 260 9088 1171
p 2 0 540 380 1725 929
p 2 0 428 492 1162 758
p 2 3 655 262 8359 1084
i 2 920 0 0 20663 3452
p 2 0 292 628 450 421
p 2 0 311 609 441 436
p 2 11 565 344 13380 1066
p 2 0 427 493 1070 592
p 2 0 254 666 539 400
p 2 1 525 394 11356 941
p 2 0 312 608 892 484
p 2 0 173 747 487 343
p 2 0 504 416 10875 919
p 2 0 293 627 865 470
p 2 0 121 799 388 296
p 2 0 409 511 6761 663
p 2 0 211 709 774 390
p 2 0 63 857 331 254
p 2 52 341 527 14122 1124
p 2 0 215 705 769 426
p 2 27 418 475 14632 1071
p 2 0 226 694 1110 438
p 2 42 385 493 16541 1133
p 2 0 246 674 936 464
p 2 0 137 783 1606 354
p 2 0 115 805 467 306
p 2 0 90 830 1170 307
p 2 0 78 842 428 272
p 2 0 115 805 1236 317
p 2 0 52 868 312 247
p 2 0 82 838 1179 294
p 2 0 34 886 317 235
i 2 920 0 0 73793 4766
p 2 2 798 120 18199 1239
p 2 3 866 51 22592 1313
p 2 1 794 125 22341 1237
p 2 1 845 74 23279 1327
p 2 3 785 132 23867 1311
p 2 2 847 71 24121 1370
p 2 3 820 97 24169 1339
p 2 7 853 60 24274 1398
p 2 8 810 102 24782 1391
p 2 6 851 63 24731 1403
p 2 2 845 73 25491 1411
p 2 8 857 55 25342 1452
p 2 5 835 80 26092 1433
p 2 7 857 56 25620 1463
p 2 7 826 87 24981 1415
p 2 1 868 51 24256 1388
p 2 1 826 93 24252 1384
p 2 2 853 65 24617 1403
p 2 4 834 82 25300 1433
p 2 8 846 66 24853 1436
p 2 5 827 88 25023 1427
p 2 4 857 59 24337 1406
p 2 10 836 74 24274 1425
p 2 4 857 59 23848 1402
p 2 5 838 77 24115 1402
p 2 2 859 59 23969 1382
p 2 0 818 102 24028 1351
p 2 2 826 92 23869 1354
p 2 4 827 89 24999 1402
p 2 3 833 84 24682 1406
p 2 5 827 88 24456 1412
p 2 1 858 61 24646 1403
p 2 6 803 111 24332 1364
p 2 4 836 80 23779 1361
p 2 0 786 134 23954 1297
p 2 0 815 105 23875 1335
p 2 2 802 116 24713 1361
p 2 6 809 105 24447 1366
p 2 4 812 104 24099 1335
p 2 4 816 100 23636 1340
p 2 2 807 111 24673 1342
p 2 2 831 87 24993 1395
p 2 4 817 99 24999 1386
p 2 8 855 57 24703 1441
p 2 9 837 74 25508 1441
p 2 6 856 58 24228 1420
p 2 3 822 95 24097 1342
p 2 3 852 65 24041 1387
p 2 2 832 86 24121 1359
p 2 0 850 70 24534 1406
p 2 8 823 89 24683 1420
p 2 9 832 79 24827 1445
p 2 5 836 79 25245 1429
p 2 3 862 55 24373 1426
p 2 0 825 95 24262 1366
p 2 0 860 60 24541 1410
p 2 2 798 120 24732 1350
p 2 2 850 68 24231 1392
p 2 2 801 117 24462 1349
p 2 43 806 71 49056 1825
p 2 0 811 109 21390 1307
p 2 0 810 110 26348 1345
p 2 11 789 120 30102 1431
p 2 1 815 104 23231 1347
p 2 1 807 112 23614 1333
p 2 14 813 93 31327 1531
p 2 4 826 90 23930 1413
p 2 4 853 63 24663 1458
p 2 15 837 68 31059 1561
p 2 8 864 48 23724 1476
p 2 12 824 84 23500 1435
p 2 17 853 50 31182 1584
p 2 3 835 82 24543 1424
p 2 2 859 59 24800 1435
p 2 17 823 80 31601 1598
p 2 5 865 50 24711 1468
p 2 10 825 85 24553 1412
p 2 18 844 58 31538 1586
p 2 0 829 91 23692 1357
p 2 4 851 65 24370 1398
p 2 14 828 78 30929 1539
p 2 1 849 70 22966 1399
p 2 1 828 91 23776 1339
p 2 15 858 47 30844 1534
p 2 0 845 75 23187 1341
p 2 2 871 47 23803 1403
p 2 15 819 86 30621 1528
p 2 0 861 59 23638 1395
p 2 2 821 97 24808 1382
p 2 10 850 60 32165 1557
p 2 3 813 104 24164 1352
p 2 9 854 57 24788 1455
p 2 16 834 70 31429 1580
p 2 2 861 57 23151 1422
p 2 5 837 78 23783 1387
p 2 13 839 68 30852 1527
p 2 6 803 111 22896 1348
p 2 1 841 78 23142 1324
p 2 15 813 92 30033 1487
p 2 3 849 68 23261 1381
p 2 5 805 110 23507 1353
p 2 11 849 60 30917 1559
p 2 4 816 100 23332 1421
p 2 0 856 64 24056 1428
p 2 19 795 106 29573 1510
p 2 2 839 79 22924 1384
p 2 8 811 101 23837 1396
p 2 14 821 85 31080 1562
p 2 6 829 85 23882 1423
p 2 3 848 69 24229 1427
p 2 19 820 81 31058 1566
p 2 5 845 70 24313 1439
p 2 4 820 96 24236 1382
p 2 8 829 83 31085 1499
p 2 2 802 116 22702 1320
p 2 2 853 65 23546 1385
p 2 21 784 115 29827 1509
p 2 2 814 104 23018 1335
p 2 3 802 115 23292 1321
p 2 10 816 94 31335 1512
p 2 1 791 128 22894 1341
p 2 0 835 85 23484 1354
p 2 13 802 105 29964 1522
p 2 4 838 78 23420 1398
p 2 1 820 99 23291 1369
p 2 14 845 61 31266 1593
p 2 1 835 84 22916 1382
p 2 0 850 70 23448 1397
p 2 13 822 85 30173 1545
p 2 1 854 65 22963 1408
p 2 3 806 111 23307 1370
p 2 11 832 77 30617 1533
p 2 0 804 116 22564 1323
p 2 0 844 76 23365 1350
p 2 15 793 112 29144 1484
p 2 3 827 90 22722 1380
p 2 8 792 120 23195 1359
p 2 11 812 97 30734 1497
p 2 1 804 115 23339 1380
p 2 5 809 106 23863 1391
p 2 20 809 91 31126 1579
p 2 4 832 84 24315 1439
p 2 15 813 92 24443 1455
p 2 21 835 64 31906 1642
p 2 3 833 84 23469 1480
p 2 5 859 56 24304 1471
p 2 13 848 59 30839 1611
p 2 6 869 45 22975 1484
p 2 6 849 65 24430 1472
p 2 13 878 29 31645 1634
p 2 13 858 49 23359 1503
p 2 9 871 40 24537 1515
p 2 16 852 52 30707 1648
p 2 4 876 40 23470 1508
p 2 4 830 86 23512 1411
p 2 15 858 47 31519 1602
p 2 6 826 88 23821 1412
p 2 3 874 43 24103 1425
p 2 11 824 85 29910 1511
p 2 1 860 59 22845 1392
p 2 1 823 96 22895 1359
p 2 11 853 56 30602 1538
p 2 6 828 86 22452 1378
p 2 2 867 51 23088 1384
p 2 12 805 103 28830 1448
p 2 0 858 62 22490 1360
i 2 920 0 0 4541 2867
p 2 0 307 613 550 441
p 2 0 409 511 503 497
p 2 0 238 682 406 385
p 2 8 208 704 2715 403
p 2 16 177 727 6390 467
p 2 30 316 574 8807 673
p 2 34 126 760 10035 587
p 2 33 227 660 11349 691
p 2 35 212 673 13239 735
p 2 28 241 651 14325 751
p 2 0 318 602 6033 616
p 2 0 309 611 907 458
p 2 5 94 821 4999 339
p 2 29 164 727 8482 542
p 2 38 75 807 11174 593
p 2 35 189 696 12479 697
p 2 35 140 745 12865 695
p 2 27 177 716 13082 683
p 2 10 156 754 10882 557
p 2 0 155 765 589 346
p 2 0 56 864 286 245
p 2 0 61 859 267 243
p 2 0 32 888 263 224
p 2 17 381 522 22832 1014
p 2 0 238 682 1083 466
p 2 0 110 810 466 300
p 2 21 330 569 23718 1000
p 2 0 265 655 1006 472
p 2 0 106 814 387 285
p 2 17 467 436 22882 1044
p 2 0 236 684 990 453
p 2 0 131 789 461 315
p 2 11 426 483 22039 987
p 2 0 218 702 959 428
p 2 0 103 817 418 295
p 2 11 408 501 21125 1001
p 2 0 242 678 1000 467
p 2 0 121 799 444 310
p 2 0 405 515 16783 861
p 2 0 271 649 1095 477
p 2 0 108 812 446 296
p 2 0 502 418 16636 901
p 2 0 284 636 1060 485
p 2 0 107 813 422 295
p 2 11 221 688 9583 610
p 2 0 125 795 602 324
p 2 0 44 876 278 235
p 2 13 174 733 10075 613
p 2 0 118 802 559 325
p 2 0 71 849 323 258
p 2 24 346 550 18683 939
p 2 0 212 708 946 415
p 2 0 119 801 443 305
p 2 15 183 722 13038 667
p 2 0 135 785 636 339
p 2 0 78 842 334 265
p 2 113 283 524 28025 1473
p 2 0 210 710 782 411
p 2 0 87 833 374 277
p 2 133 355 432 29828 1605
p 2 0 326 594 871 486
p 2 0 252 668 492 391
p 2 117 400 403 27739 1536
p 2 0 248 672 789 451
p 2 0 126 794 374 304
p 2 40 429 451 25744 1194
p 2 0 322 598 1005 524
p 2 0 193 727 462 352
p 2 61 365 494 26096 1208
p 2 0 311 609 896 488
i 2 920 0 0 48316 4422
p 2 0 219 701 559 412
p 2 0 201 719 462 373
p 2 33 573 314 38314 1606
p 2 0 358 562 1359 580
p 2 0 132 788 503 322
p 2 32 529 359 36465 1592
p 2 0 340 580 1397 560
p 2 0 130 790 445 312
p 2 26 497 397 37145 1481
p 2 0 350 570 1382 580
p 2 0 136 784 502 325
p 2 35 471 414 37007 1505
p 2 0 325 595 1299 552
p 2 0 185 735 631 369
p 2 4 84 832 1212 302
p 2 0 92 828 375 278
p 2 0 46 874 279 236
p 2 1 60 859 930 278
p 2 0 44 876 304 239
p 2 0 65 855 342 256
p 2 1 35 884 1186 241
p 2 0 20 900 244 214
p 2 0 14 906 222 209
p 2 3 36 881 618 261
p 2 0 22 898 239 218
p 2 0 15 905 223 211
p 2 4 28 888 1104 249
p 2 0 19 901 249 212
p 2 0 51 869 364 248
p 2 1 44 875 935 260
p 2 0 21 899 255 217
p 2 0 9 911 215 203
p 2 1 18 901 1145 229
p 2 0 13 907 242 210
p 2 0 7 913 216 203
p 2 1 15 904 855 235
p 2 0 10 910 221 206
p 2 0 3 917 205 199
p 2 0 14 906 436 217
p 2 0 6 914 212 207
p 2 0 5 915 204 202
p 2 4 12 904 1083 237
p 2 0 6 914 215 203
p 2 0 4 916 204 199
p 2 1 11 908 842 230
p 2 0 9 911 219 207
p 2 0 8 912 215 204
p 2 1 14 905 1130 229
p 2 0 7 913 219 204
p 2 0 3 917 202 199
p 2 0 2 918 200 199
p 2 0 1 919 199 198
p 2 0 0 920 197 197
p 2 0 0 920 197 197
p 2 0 0 920 197 197
p 2 1 12 907 842 232
p 2 0 9 911 213 205
p 2 0 10 910 414 216
i 2 920 0 0 42213 4284
p 2 0 351 569 1523 584
p 2 9 782 129 33216 1558
p 2 0 474 446 2308 752
p 2 11 679 230 26897 1382
p 2 0 496 424 3948 817
p 2 6 653 261 26151 1345
p 2 1 437 482 2094 743
p 2 1 355 564 1301 577
p 2 0 241 679 980 461
p 2 1 213 706 820 442
p 2 0 288 632 1481 519
p 2 0 292 628 1662 571
p 2 3 251 666 1557 536
p 2 2 337 581 1626 628
p 2 2 306 612 1580 580
p 2 3 312 605 1588 583
p 2 1 254 665 1622 527
p 2 0 337 583 1831 621
p 2 6 297 617 1953 595
p 2 4 352 564 1785 625
p 2 1 275 644 1523 500
p 2 0 323 597 1396 544
p 2 0 266 654 1333 504
p 2 0 295 625 1422 530
p 2 0 242 678 1699 503
p 2 1 307 612 1983 607
p 2 1 263 656 1865 559
p 2 1 301 618 1801 592
p 2 2 268 650 1570 574
p 2 1 327 592 1372 597
p 2 1 247 672 1222 484
p 2 4 286 630 1302 509
p 2 1 235 684 1396 456
p 2 3 264 653 1519 499
p 2 1 187 732 1276 401
p 2 0 241 679 1313 444
p 2 2 161 757 1393 404
p 2 2 231 687 1486 483
p 2 1 188 731 1191 444
p 2 1 265 654 1250 493
p 2 2 192 726 1089 439
p 2 4 244 672 963 487
p 2 3 172 745 813 404
p 2 0 265 655 908 456
p 2 0 173 747 824 379
p 2 0 228 692 878 413
i 2 920 0 0 57419 4391
p 2 0 917 3 18751 1557
p 2 0 917 3 21678 1561
p 2 0 917 3 22573 1574
p 2 0 917 3 22509 1567
p 2 1 913 6 22510 1556
p 2 0 916 4 22854 1563
p 2 0 915 5 22631 1564
p 2 0 920 0 22246 1560
p 2 1 911 8 22292 1559
p 2 0 918 2 22259 1555
p 2 1 915 4 22376 1568
p 2 1 916 3 23061 1572
p 2 0 916 4 23749 1575
p 2 1 917 2 23581 1607
p 2 3 910 7 23368 1608
p 2 1 917 2 23451 1590
p 2 2 913 5 23524 1604
p 2 0 915 5 23552 1592
p 2 1 909 10 23884 1574
p 2 1 914 5 24084 1597
p 2 0 911 9 24139 1596
p 2 0 919 1 24280 1581
p 2 1 917 2 24735 1610
p 2 0 919 1 25917 1618
p 2 3 914 3 25317 1628
p 2 0 916 4 25493 1629
p 2 0 916 4 27017 1626
p 2 0 919 1 25468 1614
p 2 0 919 1 25309 1645
p 2 4 914 2 26083 1647
p 2 17 899 4 24429 1680
p 2 10 907 3 24030 1622
p 2 0 916 4 26164 1625
p 2 2 915 3 24472 1620
p 2 5 908 7 24464 1619
p 2 0 914 6 23841 1591
p 2 0 913 7 23534 1584
p 2 0 913 7 24360 1589
p 2 1 911 8 24342 1585
p 2 0 916 4 24003 1574
p 2 0 911 9 23543 1580
p 2 1 910 9 23477 1584
p 2 0 906 14 23661 1563
p 2 1 904 15 23552 1581
p 2 0 906 14 23482 1589
p 2 0 907 13 23069 1574
p 2 1 899 20 22908 1569
p 2 0 913 7 23293 1589
p 2 1 903 16 23656 1585
p 2 1 904 15 23508 1593
p 2 1 908 11 23290 1581
p 2 0 907 13 22611 1540
p 2 3 909 8 22959 1589
p 2 0 911 9 22722 1553
p 2 0 912 8 23191 1565
p 2 1 912 7 23823 1594
p 2 3 903 14 24078 1624
p 2 0 915 5 24338 1603
p 2 0 901 19 24505 1592
p 2 0 910 10 24225 1599
p 2 1 906 13 23695 1607
p 2 1 909 10 23491 1615
p 2 1 904 15 24131 1634
p 2 2 905 13 23669 1604
p 2 0 903 17 22990 1584
p 2 0 907 13 23047 1593
p 2 0 907 13 23022 1603
p 2 1 910 9 22924 1596
p 2 0 909 11 22621 1575
p 2 0 910 10 22603 1579
p 2 0 906 14 22231 1562
p 2 0 909 11 22032 1552
p 2 2 903 15 22646 1579
p 2 1 907 12 22526 1589
p 2 1 912 7 22278 1586
p 2 0 912 8 22466 1614
i 2 920 0 0 10293 3055
p 2 6 860 54 6169 1336
p 2 2 849 69 6253 1291
p 2 7 770 143 6046 1228
p 2 5 808 107 6195 1234
p 2 5 758 157 6003 1209
p 2 6 811 103 5979 1237
p 2 9 746 165 5694 1192
p 2 3 815 102 6148 1239
p 2 8 740 172 6314 1189
p 2 9 789 122 5912 1248
p 2 7 732 181 5712 1181
p 2 10 775 135 5231 1188
p 2 31 800 89 6715 1726
p 2 21 800 99 6789 1725
p 2 13 810 97 6431 1667
p 2 11 808 101 6392 1621
p 2 9 783 128 6257 1584
p 2 7 817 96 6459 1629
p 2 9 797 114 6163 1614
p 2 6 829 85 6322 1601
p 2 4 784 132 6322 1549
p 2 6 807 107 6642 1568
p 2 9 795 116 6513 1535
p 2 4 815 101 6060 1352
p 2 3 916 1 7550 1734
p 2 5 894 21 6868 1553
p 2 8 906 6 7018 1628
p 2 3 895 22 7064 1572
p 2 3 912 5 7037 1626
p 2 4 900 16 6764 1585
p 2 3 911 6 6159 1571
p 2 6 901 13 6470 1637
p 2 12 903 5 6056 1645
p 2 14 879 27 6200 1680
p 2 14 891 15 6132 1738
p 2 8 899 13 6074 1703
p 2 5 906 9 5832 1704
p 2 1 894 25 5943 1656
p 2 0 915 5 5582 1725
p 2 4 902 14 5879 1729
p 2 2 903 15 5469 1731
p 2 1 904 15 5734 1810
p 2 2 907 11 5638 1803
p 2 6 901 13 5762 1872
p 2 5 913 2 5748 1913
p 2 2 908 10 5666 1880
p 2 3 908 9 5277 1863
p 2 2 895 23 5157 1802
p 2 1 909 10 5052 1817
p 2 11 898 11 4986 1793
p 2 7 903 10 4783 1742
p 2 0 902 18 4850 1757
p 2 2 913 5 4609 1732
p 2 2 904 14 4393 1708
p 2 2 908 10 4259 1669
p 2 0 897 23 4287 1612
p 2 0 900 20 4194 1553
p 2 1 894 25 4161 1629
p 2 0 909 11 4083 1633
p 2 2 899 19 4323 1638
p 2 9 898 13 3889 1639
p 2 10 881 29 3804 1608
p 2 6 879 35 3757 1599
p 2 12 889 19 4205 1697
p 2 4 889 27 4279 1705
p 2 1 902 17 3955 1674
p 2 1 898 21 3668 1652
p 2 0 903 17 3706 1657
p 2 2 888 30 3575 1637
p 2 8 889 23 3519 1610
p 2 2 894 24 3579 1632
p 2 0 905 15 3658 1608
p 2 0 893 27 3363 1543
p 2 1 888 31 3418 1519
p 2 7 894 19 3239 1523
p 2 1 882 37 3382 1507
p 2 1 905 14 3106 1504
p 2 0 868 52 2894 1408
p 2 1 891 28 2753 1436
p 2 0 869 51 2573 1331
p 2 0 887 33 2576 1363
p 2 0 886 34 2613 1320
p 2 0 893 27 2239 1302
p 2 15 843 62 2619 1401
p 2 1 908 11 4597 1661
p 2 0 908 12 4486 1702
p 2 2 909 9 4634 1730
p 2 0 899 21 4806 1736
p 2 1 912 7 5097 1770
p 2 0 899 21 5133 1739
p 2 5 908 7 5703 1835
p 2 7 898 15 5591 1793
p 2 12 890 18 5759 1750
p 2 13 859 48 5784 1690
p 2 13 852 55 5587 1641
p 2 0 800 120 2168 1068
p 2 0 657 263 1789 882
p 2 0 678 242 1756 883
p 2 0 555 365 1645 769
p 2 0 627 293 1679 817
p 2 0 506 414 1566 711
p 2 0 495 425 972 665
p 2 0 384 536 885 563
p 2 0 451 469 1267 625
p 2 0 391 529 1269 594
p 2 0 398 522 1317 580
p 2 0 382 538 1426 581
p 2 0 332 588 1398 544
p 2 0 468 452 1773 708
p 2 0 561 359 2500 897
p 2 0 571 349 2802 913
p 2 0 632 288 2695 981
p 2 0 564 356 2955 935
p 2 0 612 308 2660 1003
p 2 0 598 322 2801 967
p 2 0 542 378 2577 954
p 2 0 558 362 2788 962
p 2 0 623 297 2751 1021
p 2 0 575 345 2892 974
p 2 0 596 324 2600 982
p 2 0 544 376 2590 933
p 2 0 544 376 2340 926
p 2 0 563 357 2579 936
p 2 0 553 367 2430 922
p 2 0 587 333 2699 964
p 2 0 537 383 2518 930
p 2 0 559 361 2818 978
p 2 0 529 391 2504 935
p 2 0 535 385 2622 932
p 2 0 570 350 2570 972
p 2 0 529 391 2874 951
p 2 0 579 341 2770 1000
p 2 0 525 395 2766 945
p 2 0 538 382 2637 960
p 2 0 610 310 2946 1014
p 2 0 514 406 2456 941
p 2 0 582 338 2751 989
p 2 0 532 388 1719 793
p 2 0 390 530 1013 608
p 2 0 430 490 1135 644
p 2 0 313 607 1049 535
p 2 0 328 592 1142 551
p 2 0 273 647 1141 501
p 2 0 307 613 1166 530
p 2 0 205 715 1045 437
p 2 0 269 651 1185 496
p 2 0 256 664 1244 483
p 2 0 244 676 1241 490
p 2 0 254 666 1234 479
p 2 0 217 703 1238 470
p 2 0 219 701 1280 466
p 2 0 221 699 1289 478
p 2 0 209 711 1236 464
p 2 0 227 693 1298 484
p 2 0 213 707 1313 473
i 2 920 0 0 78096 5408
p 2 0 885 35 20735 1532
p 2 0 897 23 26094 1536
p 2 0 884 36 26740 1522
p 2 0 888 32 27147 1551
p 2 0 896 24 27775 1549
p 2 0 893 27 27271 1570
p 2 0 886 34 28002 1544
p 2 0 904 16 27810 1572
p 2 0 895 25 28305 1556
p 2 0 903 17 28069 1576
p 2 0 889 31 28033 1559
p 2 0 900 20 28038 1576
p 2 0 900 20 28441 1563
p 2 0 889 31 28308 1580
p 2 0 905 15 28347 1576
p 2 0 888 32 28584 1581
p 2 0 897 23 28782 1552
p 2 0 892 28 28736 1571
p 2 0 893 27 28435 1565
p 2 0 886 34 28598 1573
p 2 0 879 41 28905 1552
p 2 0 887 33 29066 1584
p 2 0 884 36 28785 1554
p 2 0 888 32 29230 1590
p 2 0 876 44 29304 1555
p 2 0 899 21 29126 1581
p 2 0 895 25 29523 1569
p 2 0 885 35 29199 1579
p 2 0 878 42 29660 1560
p 2 0 882 38 29513 1582
p 2 0 884 36 29543 1548
p 2 0 885 35 30057 1586
p 2 0 894 26 29943 1546
p 2 0 880 40 30053 1568
p 2 0 888 32 30438 1561
p 2 0 876 44 30076 1562
p 2 0 889 31 30453 1553
p 2 0 890 30 30399 1574
p 2 0 895 25 29861 1551
p 2 0 884 36 29666 1549
p 2 0 887 33 29841 1537
p 2 0 902 18 29705 1559
p 2 0 896 24 29406 1546
p 2 0 877 43 29903 1553
p 2 0 883 37 29925 1540
p 2 0 877 43 29646 1548
p 2 0 882 38 29523 1538
p 2 0 886 34 29232 1543
p 2 0 881 39 29532 1543
p 2 0 891 29 29243 1549
p 2 0 889 31 29232 1520
p 2 0 892 28 29066 1539
p 2 0 892 28 29376 1535
p 2 0 884 36 29070 1542
p 2 0 873 47 29263 1511
p 2 0 878 42 29387 1546
p 2 0 874 46 29653 1523
p 2 0 881 39 29359 1541
p 2 0 884 36 29500 1531
p 2 0 867 53 29260 1525
p 2 0 885 35 29895 1541
p 2 0 880 40 29506 1536
p 2 0 883 37 29397 1527
p 2 0 886 34 29722 1542
p 2 0 888 32 29914 1534
p 2 0 878 42 29554 1543
p 2 0 885 35 29772 1533
p 2 0 880 40 29234 1540
p 2 0 888 32 29891 1525
p 2 0 877 43 29142 1535
p 2 0 884 36 29042 1518
i 2 920 0 0 33933 3997
p 2 0 856 64 9533 1095
p 2 0 842 78 8744 1097
p 2 1 878 41 9455 1132
p 2 0 870 50 10966 1154
p 2 0 882 38 9785 1123
p 2 0 903 17 9771 1129
p 2 0 900 20 6764 1080
p 2 0 905 15 5626 1066
p 2 0 900 20 3772 1051
p 2 0 909 11 2997 998
p 2 0 899 21 4132 1028
p 2 0 908 12 6581 1039
p 2 0 898 22 7702 1051
p 2 0 911 9 9433 1082
p 2 0 904 16 10125 1098
p 2 0 901 19 10861 1105
p 2 0 893 27 11243 1090
p 2 0 906 14 12165 1110
p 2 0 907 13 12353 1135
p 2 0 909 11 12844 1127
p 2 0 907 13 12513 1121
p 2 0 906 14 13390 1156
p 2 0 911 9 12942 1166
p 2 0 899 21 13789 1163
p 2 0 911 9 12825 1147
p 2 0 901 19 13036 1153
p 2 0 914 6 12835 1170
p 2 0 898 22 12273 1122
p 2 0 911 9 12770 1147
p 2 0 910 10 12304 1139
p 2 0 909 11 12279 1136
p 2 0 909 11 10844 1124
p 2 2 909 9 11350 1146
p 2 0 910 10 10578 1114
p 2 0 915 5 10318 1115
p 2 0 911 9 8876 1097
p 2 0 911 9 8898 1109
p 2 0 915 5 6964 1099
p 2 0 914 6 6818 1099
p 2 0 905 15 5233 1074
p 2 0 915 5 4516 1059
p 2 0 913 7 3632 1045
p 2 0 916 4 3335 1022
p 2 0 918 2 4538 1016
p 2 0 913 7 6830 1060
p 2 0 918 2 8745 1080
p 2 0 912 8 9438 1087
p 2 0 916 4 11349 1133
p 2 0 911 9 11668 1133
p 2 0 913 7 13402 1194
p 2 0 908 12 12798 1183
p 2 0 905 15 14201 1214
p 2 0 915 5 13617 1187
p 2 0 913 7 14610 1235
p 2 0 911 9 15603 1234
p 2 0 901 19 15221 1233
p 2 0 917 3 15342 1253
p 2 0 917 3 15438 1257
p 2 0 914 6 14775 1250
p 2 0 912 8 14904 1252
p 2 0 913 7 14632 1249
p 2 0 916 4 14829 1245
p 2 0 916 4 14674 1224
p 2 0 916 4 14674 1243
p 2 1 913 6 15101 1228
p 2 0 912 8 15833 1238
p 2 0 917 3 15693 1258
p 2 0 913 7 14915 1258
p 2 0 905 15 14846 1239
p 2 0 908 12 13138 1224
p 2 1 912 7 13216 1204
p 2 1 911 8 10697 1184
p 2 0 913 7 10063 1159
p 2 0 917 3 7161 1141
p 2 0 912 8 6042 1120
p 2 1 912 7 7483 1146
p 2 1 914 5 10045 1155
p 2 1 910 9 13669 1203
p 2 1 909 10 13915 1197
p 2 0 909 11 14816 1227
p 2 0 909 11 15162 1235
p 2 0 915 5 15032 1225
p 2 1 911 8 14836 1251
p 2 0 907 13 14375 1253
p 2 0 905 15 14244 1250
p 2 0 909 11 14208 1249
p 2 0 905 15 15085 1256
p 2 2 904 14 15410 1254
p 2 1 907 12 13379 1216
p 2 1 907 12 12251 1182
p 2 0 906 14 9179 1114
p 2 1 909 10 6921 1107
p 2 0 909 11 3848 1060
p 2 0 906 14 5562 1066
p 2 1 906 13 10452 1123
p 2 0 908 12 13650 1203
p 2 0 890 30 14236 1198
p 2 1 883 36 13976 1198
p 2 0 894 26 13469 1205
p 2 0 896 24 13052 1213
p 2 0 899 21 13918 1214
p 2 0 896 24 13882 1216
p 2 0 892 28 12665 1165
p 2 0 886 34 8542 1123
p 2 0 879 41 4588 1077
p 2 0 870 50 7111 1077
p 2 0 844 76 12994 1111
p 2 0 843 77 13410 1132
p 2 0 852 68 12808 1154
p 2 0 786 134 12722 1107
p 2 0 815 105 14563 1133
p 2 0 593 327 8241 853
p 2 0 518 402 5224 713
p 2 0 354 566 1462 521
p 2 0 154 766 509 327
p 2 0 136 784 621 312
p 2 0 96 824 410 279
p 2 0 118 802 619 301
p 2 0 69 851 293 250
p 2 0 96 824 555 280
p 2 0 56 864 318 244
p 2 0 76 844 505 260
p 2 0 38 882 281 228
p 2 0 38 882 426 226
p 2 0 23 897 244 216
p 2 0 43 877 458 232
p 2 0 14 906 222 206
p 2 0 24 896 402 217
p 2 0 16 904 231 210
p 2 0 29 891 252 219
p 2 0 13 907 214 207
p 2 0 14 906 227 209
p 2 0 8 912 212 203
p 2 0 24 896 236 216
p 2 0 12 908 221 207
p 2 0 37 883 457 231
p 2 0 22 898 245 215
p 2 0 18 902 395 212
p 2 0 9 911 218 205
p 2 0 19 901 386 212
p 2 0 5 915 215 201
p 2 0 17 903 387 210
p 2 0 4 916 207 200
p 2 0 19 901 389 212
p 2 0 7 913 213 202
p 2 0 17 903 382 210
p 2 0 4 916 207 201
p 2 0 2 918 205 200
p 2 0 2 918 201 199
p 2 0 2 918 202 199
p 2 0 1 919 200 198
p 2 0 17 903 394 213
p 2 0 7 913 223 203
p 2 0 14 906 374 208
p 2 0 8 912 216 203
p 2 0 14 906 376 208
p 2 0 6 914 207 202
p 2 0 13 907 373 208
p 2 0 7 913 216 204
p 2 0 14 906 374 209
p 2 0 7 913 211 203
p 2 0 14 906 373 208
p 2 0 5 915 210 201
p 2 0 15 905 375 209
p 2 0 6 914 215 202
p 2 0 13 907 372 208
p 2 0 6 914 212 202
i 2 920 0 0 15131 3780
p 2 0 903 17 3429 1275
p 2 0 915 5 3343 1214
p 2 0 904 16 3627 1239
p 2 0 916 4 3705 1264
p 2 0 915 5 3922 1276
p 2 0 917 3 3672 1269
p 2 0 913 7 3899 1277
p 2 0 917 3 3664 1273
p 2 0 916 4 3972 1310
p 2 0 915 5 3770 1286
p 2 0 914 6 4065 1322
p 2 0 916 4 3845 1302
p 2 0 916 4 3986 1307
p 2 0 918 2 3824 1302
p 2 0 917 3 3879 1308
p 2 0 919 1 3760 1307
p 2 0 915 5 3962 1315
p 2 0 918 2 3640 1308
p 2 0 914 6 3728 1302
p 2 0 919 1 3747 1315
p 2 0 918 2 3831 1308
p 2 0 920 0 3838 1309
p 2 0 920 0 4210 1346
p 2 0 920 0 3905 1318
p 2 0 918 2 4164 1347
p 2 0 919 1 3925 1321
p 2 0 917 3 4340 1357
p 2 0 920 0 3871 1340
p 2 0 920 0 4237 1369
p 2 0 920 0 4074 1337
p 2 0 918 2 4360 1355
p 2 0 920 0 4041 1350
p 2 0 918 2 4290 1346
p 2 0 920 0 3981 1329
p 2 0 918 2 4329 1368
p 2 0 918 2 3997 1326
p 2 0 919 1 4234 1351
p 2 0 920 0 4118 1329
p 2 0 920 0 4535 1343
p 2 0 920 0 4246 1333
p 2 0 920 0 4511 1339
p 2 0 920 0 4249 1330
p 2 0 920 0 4786 1366
p 2 0 920 0 4432 1345
p 2 0 919 1 4787 1368
p 2 0 920 0 4497 1357
p 2 0 919 1 4967 1373
p 2 0 919 1 4420 1350
p 2 0 920 0 4722 1341
p 2 0 919 1 4350 1331
p 2 0 918 2 4720 1359
p 2 0 920 0 4259 1322
p 2 0 920 0 4657 1369
p 2 0 920 0 4235 1345
p 2 0 916 4 4407 1345
p 2 0 920 0 4075 1338
p 2 0 920 0 4505 1365
p 2 0 920 0 4249 1343
p 2 0 919 1 4633 1360
p 2 0 920 0 4245 1350
p 2 0 916 4 4510 1372
p 2 0 920 0 4212 1343
p 2 0 917 3 4624 1368
p 2 0 920 0 4266 1350
p 2 0 917 3 4684 1373
p 2 0 920 0 4380 1356
p 2 0 919 1 4794 1385
p 2 0 920 0 4389 1350
p 2 0 919 1 4740 1383
p 2 0 919 1 4415 1337
p 2 0 918 2 4751 1377
p 2 0 917 3 4496 1356
p 2 0 917 3 4735 1380
p 2 0 919 1 4518 1341
p 2 0 918 2 4845 1364
p 2 0 919 1 4606 1355
p 2 0 917 3 4775 1374
p 2 0 918 2 4409 1330
p 2 0 916 4 4830 1359
p 2 0 916 4 4538 1366
p 2 0 913 7 4528 1341
p 2 0 916 4 4300 1340
p 2 0 915 5 4675 1357
p 2 0 919 1 4244 1347
p 2 0 920 0 4471 1359
p 2 0 919 1 4094 1333
p 2 0 914 6 4593 1368
p 2 0 917 3 4151 1344
p 2 0 915 5 4438 1353
p 2 0 917 3 4285 1344
p 2 0 903 17 4334 1336
p 2 0 915 5 4054 1324
p 2 0 903 17 4525 1343
p 2 0 915 5 4113 1326
p 2 0 911 9 4589 1366
p 2 0 910 10 4093 1332
p 2 0 899 21 4542 1338
p 2 0 919 1 4130 1315
p 2 0 909 11 4655 1332
p 2 0 911 9 4335 1315
p 2 0 906 14 4714 1342
p 2 0 916 4 4384 1329
p 2 0 909 11 4840 1338
p 2 0 907 13 4435 1324
p 2 0 900 20 4594 1318
p 2 0 907 13 4419 1300
p 2 0 919 1 6941 1652
p 2 3 917 0 7352 1741
p 2 0 920 0 7577 1814
p 2 0 919 1 7672 1810
p 2 0 919 1 7775 1850
p 2 0 918 2 7824 1817
p 2 0 918 2 7935 1892
p 2 0 919 1 7975 1854
p 2 0 919 1 8084 1906
p 2 1 918 1 8149 1895
p 2 0 919 1 8226 1945
p 2 0 915 5 8192 1880
p 2 0 919 1 8153 1922
p 2 2 916 2 8251 1898
p 2 0 916 4 8209 1918
p 2 2 917 1 8187 1930
p 2 0 919 1 8148 1957
p 2 2 917 1 8244 1912
p 2 0 916 4 8241 1930
p 2 2 915 3 8248 1902
p 2 0 917 3 8245 1935
p 2 1 917 2 8333 1878
p 2 0 916 4 8371 1893
p 2 3 914 3 8496 1888
p 2 0 918 2 8558 1908
p 2 3 913 4 8448 1876
p 2 0 919 1 8401 1885
p 2 7 911 2 8343 1858
p 2 1 917 2 8385 1860
p 2 3 917 0 8396 1851
p 2 1 919 0 8436 1882
p 2 8 910 2 8200 1838
p 2 2 918 0 8344 1867
p 2 9 910 1 8399 1837
p 2 0 919 1 8070 1828
p 2 11 907 2 8104 1798
p 2 5 913 2 8281 1817
p 2 0 813 107 2841 1156
p 2 0 532 388 1553 786
p 2 0 364 556 1053 561
p 2 0 299 621 961 504
p 2 0 178 742 734 374
p 2 0 163 757 649 350
p 2 0 82 838 615 278
p 2 0 67 853 622 266
p 2 0 44 876 631 244
p 2 0 41 879 668 241
p 2 0 32 888 685 233
p 2 0 25 895 701 228
p 2 0 595 325 2856 896
p 2 0 875 45 3867 1196
p 2 0 914 6 4375 1267
p 2 0 915 5 4876 1298
p 2 0 918 2 4817 1274
p 2 0 920 0 5344 1294
p 2 0 920 0 5185 1323
p 2 0 920 0 5526 1361
p 2 0 919 1 5360 1346
p 2 0 920 0 5152 1328
p 2 0 920 0 4844 1317
p 2 0 920 0 4502 1301
p 2 0 920 0 4475 1294
p 2 0 920 0 4832 1298
p 2 0 920 0 5449 1354
p 2 0 919 1 6008 1383
p 2 0 920 0 5693 1389
p 2 0 920 0 5980 1393
p 2 0 920 0 5808 1407
p 2 0 920 0 6186 1406
p 2 0 920 0 6186 1393
p 2 0 920 0 6131 1388
p 2 0 920 0 6010 1379
p 2 0 920 0 6314 1391
p 2 1 919 0 6458 1451
p 2 0 919 1 6594 1426
p 2 0 920 0 6394 1444
p 2 0 920 0 6738 1450
p 2 0 920 0 6377 1437
p 2 0 920 0 6481 1435
p 2 1 919 0 6221 1440
p 2 0 920 0 6343 1446
p 2 0 920 0 5833 1412
p 2 0 919 1 6324 1417
p 2 0 920 0 5888 1409
p 2 0 920 0 6148 1407
p 2 0 920 0 6006 1391
p 2 0 920 0 5952 1399
p 2 0 920 0 5955 1417
p 2 0 920 0 5984 1379
p 2 0 920 0 5753 1380
p 2 1 919 0 6060 1398
p 2 1 919 0 5742 1367
p 2 1 919 0 5798 1365
p 2 1 919 0 5673 1352
p 2 0 920 0 5340 1351
p 2 0 920 0 5137 1347
p 2 0 920 0 5042 1318
p 2 2 918 0 4993 1340
p 2 0 920 0 5218 1327
p 2 0 920 0 5445 1343
p 2 0 920 0 5752 1390
p 2 0 920 0 6037 1395
p 2 1 919 0 6464 1441
p 2 0 920 0 6717 1421
p 2 0 920 0 6921 1425
p 2 0 920 0 6707 1413
p 2 0 920 0 7025 1446
i 2 920 0 0 39166 3781
p 2 27 891 2 9453 1329
p 2 0 920 0 10594 1218
p 2 7 913 0 12194 1288
p 2 0 920 0 9752 1236
p 2 2 917 1 6901 1199
p 2 0 920 0 6566 1183
p 2 0 920 0 9929 1221
p 2 2 918 0 12235 1267
p 2 1 919 0 11987 1278
p 2 1 918 1 11945 1294
p 2 0 920 0 12858 1328
p 2 1 919 0 12745 1294
p 2 1 919 0 12694 1300
p 2 2 918 0 12643 1294
p 2 1 919 0 13075 1336
p 2 0 920 0 12698 1312
p 2 1 919 0 12927 1303
p 2 0 920 0 12831 1286
p 2 0 920 0 12807 1294
p 2 0 920 0 12923 1288
p 2 0 920 0 13054 1294
p 2 0 920 0 13076 1299
p 2 0 920 0 13489 1305
p 2 0 920 0 13532 1285
p 2 0 920 0 13876 1303
p 2 0 920 0 13922 1299
p 2 0 920 0 13876 1307
p 2 0 920 0 13756 1293
p 2 0 920 0 12983 1302
p 2 1 919 0 12863 1308
p 2 0 920 0 11683 1278
p 2 1 918 1 12609 1303
p 2 0 920 0 10943 1247
p 2 1 919 0 11154 1251
p 2 0 920 0 9763 1241
p 2 0 920 0 9112 1209
p 2 0 920 0 7386 1205
p 2 0 920 0 5959 1183
p 2 0 920 0 5466 1155
p 2 1 919 0 6953 1183
p 2 2 918 0 8950 1205
p 2 1 919 0 12061 1255
p 2 2 917 1 12395 1271
p 2 0 920 0 12465 1262
p 2 1 919 0 12842 1253
p 2 1 919 0 13595 1282
p 2 0 920 0 13235 1282
p 2 0 920 0 13270 1272
p 2 0 920 0 12735 1265
p 2 0 920 0 12634 1272
p 2 1 918 1 13185 1293
p 2 1 919 0 13727 1287
p 2 1 919 0 11609 1271
p 2 1 919 0 11444 1265
p 2 0 919 1 9047 1183
p 2 0 920 0 7162 1162
p 2 1 917 2 4519 1105
p 2 1 919 0 3593 1050
p 2 0 918 2 6762 1132
p 2 0 920 0 11323 1219
p 2 3 917 0 11707 1237
p 2 0 919 1 11927 1238
p 2 0 918 2 11849 1238
p 2 0 919 1 11750 1258
p 2 0 918 2 11891 1255
p 2 0 920 0 12499 1280
p 2 0 919 1 10434 1263
p 2 0 920 0 8951 1197
p 2 0 920 0 6561 1161
p 2 0 920 0 4976 1120
p 2 0 920 0 9256 1164
p 2 0 919 1 10714 1203
p 2 0 920 0 11606 1207
p 2 1 919 0 11193 1211
p 2 0 920 0 11420 1199
p 2 1 919 0 10072 1207
p 2 1 919 0 8033 1162
p 2 0 920 0 4394 1079
p 2 1 918 1 5431 1102
p 2 1 919 0 9260 1166
p 2 1 915 4 10343 1196
p 2 0 918 2 9517 1185
p 2 0 915 5 9767 1189
p 2 0 918 2 6453 1126
p 2 0 909 11 4278 1058
p 2 0 871 49 8916 1129
p 2 0 808 112 8979 1084
p 2 0 673 247 9557 979
p 2 0 596 324 3356 793
p 2 0 316 604 901 487
p 2 0 115 805 377 295
p 2 0 100 820 380 282
p 2 0 98 822 383 280
p 2 0 114 806 442 298
p 2 0 53 867 283 243
p 2 0 113 807 401 293
p 2 0 103 817 385 289
p 2 0 83 837 318 266
p 2 0 42 878 254 229
p 2 0 19 901 232 215
p 2 0 13 907 215 207
p 2 0 14 906 221 208
p 2 0 4 916 205 200
p 2 0 42 878 270 230
p 2 7 371 542 19597 942
p 2 0 258 662 1002 458
p 2 0 157 763 531 340
p 2 8 350 562 18409 887
p 2 0 241 679 955 440
p 2 0 128 792 443 311
p 2 12 349 559 18736 883
p 2 0 264 656 1034 464
p 2 0 139 781 469 327
p 2 0 353 567 16765 773
p 2 0 225 695 976 432
p 2 0 117 803 427 305
p 2 1 320 599 16043 748
p 2 0 248 672 1029 450
p 2 0 296 624 1125 492
p 2 0 157 763 469 330
p 2 0 102 818 394 288
p 2 0 78 842 346 266
p 2 0 56 864 319 246
p 2 0 33 887 272 225
p 2 0 44 876 307 238
p 2 0 16 904 236 211
p 2 0 19 901 236 214
p 2 0 3 917 201 200
p 2 0 11 909 221 206
p 2 0 9 911 212 205
p 2 0 4 916 206 200
p 2 0 9 911 216 204
p 2 0 10 910 218 205
p 2 0 2 918 201 199
p 2 0 3 917 204 199
p 2 0 6 914 210 201
p 2 0 5 915 207 200
p 2 0 7 913 211 202
p 2 0 3 917 205 200
p 2 0 5 915 206 201
p 2 0 1 919 199 198
p 2 0 3 917 204 200
i 2 920 0 0 33557 4607
p 2 0 865 55 5217 1238
p 2 0 856 64 6058 1236
p 2 0 843 77 6695 1245
p 2 0 822 98 6572 1249
p 2 0 814 106 7049 1249
p 2 0 835 85 6558 1272
p 2 0 807 113 6886 1239
p 2 0 838 82 6841 1289
p 2 0 827 93 7079 1278
p 2 0 829 91 6742 1269
p 2 0 817 103 6934 1278
p 2 0 841 79 6660 1286
p 2 0 826 94 7021 1270
p 2 0 829 91 6748 1271
p 2 0 792 128 6881 1252
p 2 0 826 94 6552 1260
p 2 0 817 103 6945 1258
p 2 0 826 94 6664 1285
p 2 0 833 87 6788 1294
p 2 0 841 79 6585 1286
p 2 0 821 99 6881 1264
p 2 0 823 97 6622 1275
p 2 0 834 86 6788 1286
p 2 0 832 88 6575 1282
p 2 0 824 96 6823 1274
p 2 0 840 80 6443 1298
p 2 0 826 94 6667 1287
p 2 0 825 95 6448 1276
p 2 0 808 112 6602 1246
p 2 0 820 100 6245 1261
p 2 0 826 94 6579 1275
p 2 0 817 103 6339 1279
p 2 0 808 112 6609 1260
p 2 0 843 77 6339 1299
p 2 0 821 99 6537 1276
p 2 0 836 84 6238 1284
p 2 0 817 103 6736 1265
p 2 0 810 110 6209 1262
p 2 0 822 98 6434 1264
p 2 0 834 86 6232 1264
p 2 0 838 82 6536 1282
p 2 0 828 92 6221 1278
p 2 0 820 100 6272 1251
p 2 0 817 103 6182 1253
p 2 0 822 98 6425 1273
p 2 0 834 86 6119 1273
p 2 0 805 115 6275 1245
p 2 0 841 79 6190 1283
p 2 0 832 88 6522 1269
p 2 0 812 108 6025 1242
p 2 0 829 91 6224 1276
p 2 0 829 91 6134 1268
p 2 0 824 96 6212 1257
p 2 0 843 77 6108 1283
p 2 0 798 122 6278 1247
p 2 0 827 93 6007 1275
p 2 0 818 102 6193 1253
p 2 0 836 84 6066 1283
p 2 0 828 92 5934 1243
p 2 0 823 97 6128 1268
p 2 0 823 97 6300 1269
p 2 0 824 96 5919 1259
p 2 0 815 105 6085 1252
p 2 0 827 93 5996 1269
p 2 0 835 85 6210 1302
p 2 0 806 114 5864 1242
p 2 0 825 95 5956 1278
p 2 0 819 101 5740 1258
p 2 0 841 79 6124 1285
p 2 0 847 73 5890 1275
p 2 0 828 92 5641 1239
p 2 0 842 78 5940 1289
p 2 0 812 108 5775 1239
p 2 0 845 75 5982 1283
p 2 0 850 70 5607 1277
p 2 0 817 103 5810 1250
p 2 0 837 83 5550 1250
p 2 0 820 100 5846 1248
p 2 0 835 85 5575 1239
p 2 0 843 77 5703 1260
p 2 0 847 73 5619 1272
p 2 0 819 101 5784 1229
p 2 0 822 98 5526 1252
p 2 0 850 70 5642 1281
p 2 0 818 102 5552 1230
p 2 0 844 76 5810 1265
p 2 0 826 94 5521 1252
p 2 0 813 107 5630 1247
p 2 0 831 89 5478 1238
p 2 0 825 95 5671 1239
p 2 0 828 92 5450 1244
p 2 0 813 107 5463 1226
p 2 0 837 83 5401 1247
p 2 0 840 80 5766 1259
p 2 0 834 86 5271 1232
p 2 0 822 98 5515 1241
p 2 0 825 95 5489 1235
p 2 0 834 86 5623 1258
p 2 0 835 85 5407 1250
p 2 0 846 74 5648 1264
p 2 0 819 101 5258 1218
p 2 0 844 76 5600 1254
p 2 0 844 76 5504 1268
p 2 0 839 81 5527 1250
p 2 0 836 84 5273 1219
p 2 0 803 117 5467 1198
i 2 920 0 0 93303 4093
p 2 0 368 552 12382 605
p 2 0 370 550 16683 609
p 2 0 262 658 14068 521
p 2 0 290 630 13602 535
p 2 0 258 662 11579 513
p 2 0 403 517 6984 610
p 2 0 749 171 7449 956
p 2 0 424 496 4820 624
p 2 0 306 614 12371 537
p 2 0 339 581 13566 581
p 2 0 402 518 14356 637
p 2 0 314 606 14202 564
p 2 0 303 617 16812 552
p 2 0 292 628 13391 550
p 2 0 346 574 12375 591
p 2 0 272 648 10411 516
p 2 0 243 677 11398 488
p 2 0 246 674 11953 499
p 2 0 297 623 12419 540
p 2 0 206 714 12853 469
p 2 0 209 711 7871 446
p 2 0 213 707 11786 460
p 2 0 244 676 12889 486
p 2 0 246 674 13678 508
p 2 0 271 649 13914 522
p 2 0 253 667 16193 528
p 2 0 312 608 14478 568
p 2 0 222 698 13665 483
p 2 0 234 686 11433 480
p 2 0 157 763 5888 392
p 2 0 199 721 5971 410
p 2 0 185 735 4193 403
p 2 0 516 404 22268 866
p 2 5 634 281 35223 1214
p 2 19 636 265 38085 1332
p 2 16 650 254 38155 1381
p 2 27 623 270 40312 1468
p 2 20 686 214 41649 1575
p 2 23 661 236 41733 1557
p 2 32 612 276 45184 1558
p 2 34 684 202 51588 1665
p 2 44 606 270 47648 1636
p 2 23 604 293 45110 1522
p 2 21 669 230 44163 1561
p 2 27 625 268 43041 1554
p 2 28 590 302 43951 1542
p 2 20 650 250 44595 1568
p 2 12 684 224 44605 1569
p 2 5 688 227 44672 1482
p 2 3 666 251 39033 1328
p 2 0 635 285 30662 1186
p 2 0 660 260 29547 1171
p 2 0 549 371 24297 999
p 2 0 611 309 18956 1016
p 2 0 609 311 17599 1006
p 2 0 580 340 15361 988
p 2 1 514 405 20478 912
p 2 0 569 351 22643 977
p 2 1 566 353 22566 967
p 2 1 555 364 22578 947
p 2 0 505 415 26884 900
p 2 0 551 369 22574 934
p 2 0 550 370 23165 938
p 2 0 553 367 20239 924
p 2 0 476 444 20049 836
p 2 0 505 415 21093 862
p 2 0 541 379 21902 915
p 2 0 526 394 22388 912
p 2 0 474 446 22870 867
p 2 0 496 424 17540 865
p 2 0 500 420 18178 865
p 2 0 526 394 22091 907
p 2 0 469 451 21791 841
p 2 0 538 382 24736 918
p 2 0 531 389 21522 921
p 2 1 492 427 22014 873
p 2 1 473 446 20827 859
p 2 0 499 421 15762 876
p 2 0 499 421 15574 867
p 2 0 518 402 12705 867
p 2 12 510 398 41890 1077
p 2 0 486 434 25785 887
p 2 0 539 381 27234 943
p 2 0 526 394 26734 946
p 2 0 542 378 24521 966
p 2 1 531 388 28756 997
p 2 0 543 377 30576 1042
p 2 1 575 344 32370 1117
p 2 1 602 317 33087 1168
p 2 3 571 346 34007 1181
p 2 1 576 343 33312 1183
p 2 1 590 329 33981 1188
p 2 0 586 334 32667 1199
p 2 1 586 333 32870 1242
p 2 1 610 309 32685 1288
p 2 2 681 237 36825 1376
p 2 0 747 173 34038 1427
p 2 0 670 250 34931 1337
p 2 0 624 296 34307 1282
p 2 1 675 244 34503 1378
p 2 1 681 238 33544 1348
p 2 1 657 262 32056 1305
p 2 3 620 297 32768 1235
p 2 0 677 243 33098 1292
p 2 0 691 229 33789 1333
p 2 2 681 237 34967 1351
p 2 0 610 310 33678 1255
p 2 0 670 250 31013 1298
p 2 1 677 242 35092 1318
p 2 2 686 232 36393 1365
p 2 0 622 298 36521 1305
p 2 0 673 247 36810 1317
p 2 0 674 246 35141 1285
p 2 1 687 232 32987 1280
p 2 0 616 304 34117 1230
p 2 1 651 268 35493 1300
p 2 0 657 263 35120 1309
p 2 0 657 263 35946 1308
p 2 0 642 278 31519 1240
p 2 0 638 282 34063 1256
p 2 0 755 165 36457 1401
p 2 3 660 257 36020 1299
p 2 0 639 281 36206 1245
p 2 2 640 278 36297 1228
p 2 3 635 282 32153 1210
p 2 3 639 278 33898 1254
p 2 2 596 322 35283 1236
p 2 1 649 270 37366 1284
p 2 0 650 270 37981 1300
p 2 1 657 262 37459 1320
p 2 2 651 267 33221 1318
p 2 0 661 259 36957 1325
p 2 4 606 310 37946 1270
p 2 1 649 270 39085 1302
p 2 1 650 269 38164 1296
p 2 0 660 260 38178 1297
p 2 0 627 293 36343 1257
p 2 2 646 272 38018 1284
p 2 1 649 270 37469 1256
p 2 1 652 267 37210 1251
p 2 2 615 303 36498 1210
p 2 2 652 266 33542 1236
p 2 1 652 267 36217 1269
p 2 3 671 246 37711 1317
p 2 2 661 257 38652 1310
p 2 2 671 247 39092 1299
p 2 3 689 228 38495 1280
p 2 2 682 236 35218 1231
p 2 1 621 298 35023 1138
p 2 0 659 261 35972 1174
p 2 0 677 243 37193 1235
p 2 2 669 249 38013 1271
p 2 3 612 305 36869 1219
p 2 6 663 251 34012 1300
p 2 3 649 268 38197 1263
p 2 1 662 257 39156 1295
p 2 5 617 298 39741 1259
p 2 1 672 247 40864 1309
p 2 1 678 241 39339 1316
p 2 2 679 239 37089 1312
p 2 2 628 290 37949 1255
p 2 0 657 263 38067 1248
p 2 2 659 259 38768 1281
p 2 1 656 263 38802 1286
p 2 0 616 304 34123 1251
p 2 1 645 274 35930 1289
p 2 0 637 283 36018 1231
p 2 3 673 244 35948 1278
p 2 0 744 176 38317 1387
p 2 1 668 251 38987 1303
p 2 0 621 299 34823 1229
p 2 0 662 258 36193 1242
p 2 1 668 251 36152 1248
p 2 0 659 261 37235 1249
p 2 4 665 251 38472 1310
p 2 1 650 269 38004 1311
p 2 0 596 324 33129 1206
p 2 0 645 275 39222 1267
p 2 1 671 248 38181 1290
p 2 1 657 262 38797 1291
p 2 3 605 312 39381 1269
p 2 1 650 269 40048 1316
p 2 0 658 262 37672 1301
p 2 0 661 259 39467 1298
p 2 3 659 258 49410 1338
p 2 2 663 255 38951 1307
p 2 2 622 296 39709 1285
p 2 0 667 253 34557 1278
p 2 1 665 254 37271 1288
p 2 1 662 257 37056 1263
p 2 1 651 268 37588 1255
p 2 2 679 239 39948 1318
p 2 0 683 237 41965 1349
p 2 3 679 238 39999 1358
p 2 2 706 212 42487 1405
p 2 4 681 235 43144 1378
p 2 2 697 221 42148 1401
p 2 1 677 242 42749 1379
p 2 2 627 291 43011 1301
p 2 3 660 257 39254 1292
p 2 0 696 224 41967 1304
p 2 2 671 247 42948 1308
p 2 2 684 234 44629 1377
p 2 11 692 217 44664 1434
p 2 3 724 193 44866 1418
p 2 1 734 185 43030 1422
p 2 0 696 224 43458 1356
p 2 0 720 200 44400 1391
p 2 1 693 226 43032 1362
p 2 1 653 266 42906 1313
p 2 0 675 245 40343 1310
p 2 0 691 229 41004 1296
p 2 1 679 240 41473 1290
p 2 1 695 224 42777 1341
p 2 3 659 258 42363 1300
p 2 1 660 259 42624 1291
p 2 143 622 155 51885 2156
p 2 0 696 224 37722 1222
p 2 3 656 261 37672 1182
p 2 0 692 228 38481 1225
p 2 0 661 259 41916 1208
p 2 3 628 289 39231 1202
p 2 1 632 287 35810 1172
p 2 0 707 213 40588 1261
p 2 0 634 286 40097 1175
p 2 1 687 232 40804 1237
p 2 4 631 285 41452 1221
p 2 2 618 300 40540 1202
p 2 0 656 264 38593 1216
p 2 0 673 247 39752 1217
p 2 0 635 285 41201 1173
p 2 0 608 312 41229 1148
p 2 0 616 304 42365 1156
p 2 1 649 270 41422 1214
p 2 5 609 306 41034 1175
p 2 0 595 325 40230 1129
p 2 0 620 300 39538 1144
p 2 0 639 281 39999 1159
p 2 0 615 305 40448 1147
p 2 0 640 280 42141 1185
p 2 0 633 287 40369 1160
p 2 0 723 197 42072 1263
p 2 0 641 279 41140 1174
p 2 1 604 315 41362 1143
p 2 1 601 318 40305 1152
p 2 1 650 269 38974 1196
p 2 0 591 329 39785 1097
p 2 0 583 337 41103 1114
p 2 0 578 342 42062 1105
p 2 4 750 166 42895 1357
p 2 0 664 256 40562 1198
p 2 21 632 267 58149 1391
p 2 0 647 273 37923 1139
p 2 1 663 256 42071 1166
p 2 0 674 246 43872 1202
p 2 0 692 228 46818 1250
p 2 1 660 259 43718 1219
p 2 4 654 262 38470 1192
p 2 0 590 330 39627 1108
p 2 1 635 284 43736 1186
p 2 0 648 272 44695 1209
p 2 0 628 292 44532 1165
p 2 0 653 267 43157 1178
p 2 1 608 311 37351 1081
p 2 0 642 278 38630 1144
p 2 1 636 283 37718 1139
p 2 0 582 338 38401 1074
p 2 0 662 258 37857 1160
p 2 0 579 341 30509 1039
p 2 135 648 137 85376 2419
p 2 2 680 238 44642 1372
p 2 0 678 242 44328 1273
p 2 0 689 231 42276 1270
p 2 0 647 273 40229 1200
p 2 0 664 256 42867 1240
p 2 0 687 233 41956 1223
p 2 0 654 266 41722 1178
p 2 5 620 295 43112 1179
p 2 1 647 272 42049 1222
p 2 0 678 242 43512 1243
p 2 0 659 261 44969 1213
p 2 2 634 284 45786 1241
p 2 4 702 214 47434 1375
p 2 7 675 238 47884 1371
p 2 1 703 216 52969 1380
p 2 3 700 217 54990 1401
p 2 0 709 211 55949 1381
p 2 1 715 204 54709 1391
p 2 6 732 182 54995 1434
p 2 3 706 211 53401 1400
p 2 2 716 202 50769 1407
p 2 3 672 245 46782 1324
p 2 0 708 212 47178 1335
p 2 0 720 200 45817 1306
p 2 0 756 164 46502 1374
p 2 2 703 215 37712 1274
p 2 3 652 265 42760 1237
p 2 0 687 233 43229 1239
p 2 4 685 231 44691 1276
p 2 3 686 231 45392 1275
p 2 2 634 284 46691 1234
p 2 1 675 244 40392 1243
p 2 1 661 258 47658 1247
p 2 9 712 199 48833 1388
p 2 6 656 258 48460 1320
p 2 2 647 271 47560 1286
p 2 3 698 219 42907 1342
p 2 1 686 233 47863 1315
p 2 3 693 224 52639 1389
p 2 4 673 243 56806 1376
p 2 5 700 215 58769 1435
p 2 8 665 247 57701 1381
p 2 6 675 239 56743 1388
p 2 4 658 258 56856 1355
p 2 6 627 287 55607 1319
p 2 1 654 265 50141 1273
p 2 1 706 213 50515 1331
p 2 2 694 224 48435 1304
p 2 1 672 247 46506 1246
p 2 6 694 220 47287 1285
p 2 0 697 223 47619 1268
p 2 0 673 247 49398 1256
p 2 1 649 270 50448 1246
p 2 1 667 252 46666 1239
p 2 0 710 210 50128 1302
p 2 4 673 243 51914 1283
p 2 5 733 182 52073 1364
p 2 1 685 234 51696 1292
p 2 1 628 291 49981 1213
p 2 2 697 221 48934 1264
p 2 1 672 247 53045 1241
p 2 0 716 204 56875 1304
p 2 0 666 254 59226 1259
p 2 2 643 275 60071 1294
p 2 4 668 248 59763 1339
p 2 2 702 216 60571 1375
p 2 3 696 221 61445 1370
p 2 5 731 184 57300 1384
p 2 2 732 186 54127 1365
p 2 4 705 211 57010 1357
p 2 1 642 277 47279 1240
p 2 4 682 234 52594 1296
p 2 6 712 202 54668 1330
p 2 0 708 212 53205 1282
p 2 0 645 275 55715 1234
p 2 2 736 182 55480 1364
p 2 1 668 251 48529 1293
p 2 7 674 239 71835 1449
p 2 5 730 185 63865 1420
p 2 1 717 202 65050 1390
p 2 9 677 234 65305 1415
p 2 0 719 201 64381 1377
p 2 4 725 191 61887 1418
p 2 0 724 196 64924 1401
p 2 2 744 174 67024 1449
p 2 266 544 110 84220 2777
p 2 26 716 178 63498 1621
p 2 35 710 175 46571 1642
p 2 34 720 166 46642 1683
p 2 7 690 223 44578 1461
p 2 20 750 150 64170 1729
p 2 22 726 172 65451 1683
p 2 15 740 165 65657 1653
p 2 17 749 154 66202 1638
p 2 9 723 188 62908 1551
p 2 10 744 166 62185 1515
p 2 14 746 160 61462 1554
p 2 30 740 150 63385 1670
p 2 41 733 146 66453 1763
p 2 12 742 166 61868 1618
p 2 6 704 210 61512 1484
p 2 10 724 186 62467 1578
p 2 22 729 169 61948 1625
p 2 17 733 170 59477 1590
p 2 18 686 216 58949 1509
p 2 8 731 181 61444 1509
p 2 4 747 169 59089 1486
p 2 16 728 176 58656 1519
p 2 39 718 163 60090 1597
p 2 40 711 169 46131 1612
p 2 18 735 167 47946 1555
p 2 15 654 251 46442 1458
p 2 33 691 196 62479 1639
p 2 35 703 182 63965 1665
p 2 26 654 240 62915 1509
p 2 14 717 189 63289 1520
p 2 11 720 189 64072 1533
p 2 20 702 198 66064 1554
p 2 30 689 201 66276 1641
p 2 43 683 194 68125 1749
p 2 41 697 182 68861 1751
p 2 21 722 177 67146 1634
p 2 23 687 210 68385 1586
p 2 35 714 171 68786 1682
p 2 31 720 169 68375 1688
p 2 30 722 168 68949 1730
p 2 18 740 162 69085 1652
p 2 9 753 158 67296 1577
p 2 9 678 233 67958 1501
p 2 13 720 187 53934 1551
p 2 11 709 200 54425 1505
p 2 13 701 206 60968 1491
p 2 7 717 196 67346 1468
p 2 5 750 165 66615 1472
p 2 7 783 130 67871 1561
p 2 4 789 127 66849 1580
p 2 2 764 154 66314 1554
p 2 3 742 175 68571 1564
p 2 5 751 164 70868 1628
p 2 13 771 136 70372 1664
p 2 32 753 135 72636 1775
p 2 54 737 129 70467 1896
p 2 33 732 155 70649 1782
p 2 14 722 184 69461 1669
p 2 10 742 168 71506 1686
p 2 6 760 154 70032 1646
p 2 13 769 138 72316 1742
p 2 9 753 158 72058 1697
p 2 14 738 168 74622 1741
p 2 28 720 172 72984 1806
p 2 32 748 140 73554 1821
p 2 13 722 185 58940 1615
p 2 28 721 171 82330 1831
p 2 21 721 178 75560 1806
p 2 22 747 151 76369 1835
p 2 35 734 151 77256 1888
p 2 71 737 112 77961 2100
p 2 57 812 51 75581 2153
p 2 48 736 136 70461 1986
p 2 24 758 138 72203 1871
p 2 23 765 132 69643 1850
p 2 28 752 140 69985 1821
p 2 23 755 142 69617 1784
p 2 45 753 122 67433 1923
p 2 39 744 137 66927 1959
p 2 22 771 127 70424 1878
p 2 12 762 146 67238 1733
p 2 12 764 144 67650 1703
p 2 11 765 144 61859 1668
p 2 29 738 153 65972 1723
p 2 35 754 131 71196 1859
p 2 35 715 170 70917 1823
p 2 27 673 220 71515 1758
p 2 40 780 100 99105 2124
p 2 21 756 143 81210 1857
p 2 20 758 142 79855 1824
p 2 21 753 146 79614 1824
p 2 16 766 138 77604 1736
p 2 24 733 163 73317 1697
p 2 20 733 167 69834 1654
p 2 273 580 67 88394 2712
p 2 2 775 143 61711 1481
p 2 0 767 153 61506 1462
p 2 0 768 152 60924 1451
p 2 0 708 212 60399 1398
p 2 0 731 189 62426 1420
p 2 1 769 150 62264 1483
p 2 0 728 192 62729 1420
p 2 1 691 228 62596 1358
p 2 0 675 245 55335 1271
p 2 1 702 217 55449 1306
p 2 0 754 166 59896 1418
p 2 0 703 217 59117 1367
p 2 1 667 252 59283 1337
p 2 0 738 182 59751 1394
p 2 0 728 192 58725 1393
p 2 2 730 188 59725 1419
p 2 0 706 214 60829 1397
p 2 3 729 188 62008 1435
p 2 1 715 204 61037 1363
p 2 1 713 206 59482 1335
p 2 0 652 268 49717 1233
p 2 0 694 226 57352 1300
p 2 6 727 187 59314 1405
p 2 0 698 222 58688 1336
p 2 1 688 231 60288 1347
p 2 4 740 176 61418 1441
p 2 3 711 206 58556 1386
p 2 0 671 249 60580 1338
p 2 0 688 232 60958 1342
p 2 0 719 201 61422 1379
p 2 6 699 215 58671 1370
p 2 0 653 267 50453 1265
p 2 0 696 224 55722 1312
p 2 1 698 221 55993 1310
p 2 0 675 245 56254 1279
p 2 0 639 281 57163 1236
p 2 0 676 244 59205 1268
p 2 3 677 240 57486 1303
p 2 224 613 83 84303 2614
p 2 0 743 177 59951 1325
p 2 0 736 184 60271 1319
p 2 1 705 214 59451 1304
p 2 0 750 170 59079 1331
p 2 2 688 230 56702 1267
p 2 2 740 178 60352 1351
p 2 9 737 174 63495 1422
p 2 9 734 177 68155 1469
p 2 13 733 174 68142 1532
p 2 7 800 113 68246 1607
p 2 6 741 173 64747 1490
p 2 3 745 172 68220 1493
p 2 2 757 161 66559 1468
p 2 1 732 187 66191 1424
p 2 1 701 218 62997 1392
p 2 0 720 200 63263 1431
p 2 3 740 177 66826 1541
p 2 8 711 201 69486 1601
p 2 7 738 175 70130 1620
p 2 13 705 202 72128 1622
p 2 3 728 189 66668 1491
p 2 2 772 146 67278 1520
p 2 3 807 110 69498 1586
p 2 0 715 205 69417 1469
p 2 0 729 191 67850 1447
p 2 2 740 178 67995 1457
p 2 1 713 206 58810 1392
p 2 6 722 192 64342 1466
p 2 6 746 168 66769 1531
p 2 5 732 183 68429 1527
p 2 9 700 211 66096 1483
p 2 2 719 199 65592 1407
p 2 0 758 162 61081 1424
p 2 0 719 201 62713 1385
p 2 1 692 227 67007 1387
p 2 0 728 192 63154 1348
p 2 1 742 177 62729 1362
p 2 0 722 198 62751 1322
p 2 2 661 257 62347 1269
p 2 1 707 212 60222 1282
p 2 1 727 192 61704 1306
p 2 0 703 217 61539 1254
p 2 0 700 220 60360 1258
p 2 262 559 99 85770 2679
p 2 3 722 195 46310 1390
p 2 2 650 268 45443 1264
p 2 0 655 265 43403 1270
p 2 0 729 191 61262 1430
p 2 2 748 170 62749 1478
p 2 1 785 134 62858 1500
p 2 0 757 163 63602 1440
p 2 1 731 188 61186 1410
p 2 6 744 170 63590 1468
p 2 2 767 151 64111 1504
p 2 1 758 161 63147 1462
p 2 0 728 192 63999 1390
p 2 4 731 185 57978 1384
p 2 0 765 155 60333 1439
p 2 2 734 184 60256 1413
p 2 1 752 167 59847 1435
p 2 3 743 174 59332 1426
p 2 12 690 218 58016 1374
p 2 1 734 185 60019 1390
p 2 2 761 157 59045 1432
p 2 2 758 160 60060 1441
p 2 6 708 206 59599 1401
p 2 0 692 228 44118 1290
p 2 3 634 283 45838 1221
p 2 4 653 263 45413 1250
p 2 5 732 183 58669 1394
p 2 3 686 231 59434 1353
p 2 1 721 198 60550 1384
p 2 3 706 211 60148 1352
p 2 0 681 239 61695 1336
p 2 0 694 226 62444 1357
p 2 2 719 199 61473 1393
p 2 4 702 214 61680 1359
p 2 0 660 260 59977 1259
p 2 0 677 243 60606 1293
p 2 4 699 217 62868 1371
p 2 1 681 238 63256 1335
p 2 0 697 223 61716 1328
p 2 238 565 117 79317 2396
p 2 0 720 200 67019 1324
p 2 2 728 190 60149 1348
p 2 0 691 229 59286 1295
p 2 0 718 202 44680 1261
p 2 3 700 217 44066 1233
p 2 0 662 258 43460 1157
p 2 1 702 217 58201 1319
p 2 15 705 200 61608 1446
p 2 43 703 174 66157 1605
p 2 20 701 199 63947 1523
p 2 0 756 164 63622 1430
p 2 1 701 218 65500 1366
p 2 2 731 187 66919 1421
p 2 2 719 199 65994 1410
p 2 12 764 144 67926 1615
p 2 32 710 178 67603 1703
p 2 41 699 180 69129 1769
p 2 23 730 167 67986 1703
p 2 4 772 144 67431 1550
p 2 9 750 161 67445 1528
p 2 9 732 179 66581 1529
p 2 9 736 175 66162 1565
p 2 5 762 153 66647 1553
p 2 7 761 152 66578 1659
p 2 25 784 111 68084 1810
p 2 33 728 159 53820 1755
p 2 20 736 164 55530 1647
p 2 8 709 203 53649 1492
p 2 10 744 166 65667 1595
p 2 4 770 146 68860 1584
p 2 8 779 133 69263 1642
p 2 9 763 148 69014 1618
p 2 20 768 132 73015 1798
p 2 26 736 158 74243 1816
p 2 32 716 172 70847 1840
p 2 27 701 192 63632 1743
p 2 5 730 185 58092 1569
p 2 22 697 201 66021 1641
p 2 11 700 209 70876 1621
p 2 6 710 204 73271 1646
p 2 4 750 166 71107 1665
p 2 3 725 192 68049 1606
p 2 3 729 188 64071 1582
p 2 2 729 189 62576 1585
p 2 1 738 181 61730 1555
p 2 9 733 178 62114 1588
p 2 6 674 240 61274 1490
p 2 2 747 171 58886 1504
p 2 1 831 88 62652 1661
p 2 86 696 138 71522 2031
p 2 67 706 147 67644 2004
p 2 88 683 149 71955 2086
p 2 12 747 161 69533 1791
p 2 21 746 153 66597 1800
p 2 30 729 161 70614 1866
p 2 26 726 168 68107 1818
p 2 13 767 140 66699 1854
p 2 18 733 169 65466 1794
p 2 29 731 160 69569 1883
p 2 15 751 154 64210 1788
p 2 11 766 143 68128 1785
p 2 21 747 152 68999 1796
p 2 15 764 141 67420 1744
p 2 23 732 165 63471 1726
p 2 11 752 157 62030 1659
p 2 9 721 190 60707 1550
p 2 2 822 96 63020 1628
p 2 10 770 140 61917 1598
p 2 5 750 165 61733 1513
p 2 3 718 199 63017 1424
p 2 9 719 192 58748 1426
p 2 4 740 176 58297 1438
p 2 1 747 172 59120 1431
p 2 2 704 214 59186 1409
p 2 5 721 194 58154 1407
p 2 5 738 177 58195 1428
p 2 2 719 199 57225 1355
p 2 4 684 232 57465 1324
p 2 5 729 186 56886 1388
p 2 2 693 225 56319 1319
p 2 0 689 231 58953 1299
p 2 2 672 246 57796 1305
p 2 0 720 200 54930 1304
p 2 0 712 208 58615 1300
p 2 0 703 217 58191 1291
p 2 1 700 219 58637 1307
p 2 290 524 106 74349 2441
p 2 1 634 285 49964 1133
p 2 24 583 313 50645 1169
p 2 48 581 291 53208 1308
p 2 263 513 144 73899 2383
p 2 28 737 155 55405 1600
p 2 8 728 184 55649 1521
p 2 7 744 169 53922 1517
p 2 8 764 148 54538 1531
p 2 15 730 175 55435 1534
p 2 0 665 255 51868 1195
p 2 0 689 231 51408 1191
p 2 9 691 220 52865 1277
p 2 27 606 287 52194 1279
p 2 41 636 243 52794 1390
p 2 254 565 101 76288 2419
p 2 17 743 160 58152 1531
p 2 5 764 151 59564 1509
p 2 4 757 159 59984 1505
p 2 9 754 157 59374 1527
p 2 29 744 147 61999 1633
p 2 38 715 167 59230 1564
p 2 179 567 174 65981 2121
p 2 66 678 176 72226 1886
p 2 32 743 145 65221 1752
p 2 13 749 158 67177 1637
p 2 5 788 127 65551 1597
p 2 19 743 158 78279 1713
p 2 2 740 178 63145 1491
p 2 4 740 176 67538 1529
p 2 7 751 162 67199 1597
p 2 12 753 155 68590 1643
p 2 5 823 92 69872 1702
p 2 10 734 176 65914 1590
p 2 15 738 167 69196 1665
p 2 16 747 157 69962 1731
p 2 14 760 146 71087 1721
p 2 14 745 161 70739 1677
p 2 20 757 143 70897 1698
p 2 18 744 158 63770 1598
p 2 6 763 151 65034 1549
p 2 7 742 171 63149 1485
p 2 18 757 145 64773 1601
p 2 21 732 167 65638 1643
p 2 16 732 172 62282 1664
p 2 20 710 190 61139 1647
p 2 30 727 163 61243 1695
p 2 298 530 92 70987 2493
p 2 6 729 185 47659 1372
p 2 5 653 262 46587 1271
p 2 5 661 254 47018 1278
p 2 1 676 243 47611 1270
p 2 27 754 139 75664 1665
p 2 21 732 167 71974 1566
p 2 25 775 120 67407 1605
p 2 24 769 127 63237 1564
p 2 29 782 109 60846 1628
p 2 15 716 189 54756 1425
p 2 14 795 111 50079 1530
p 2 9 772 139 48951 1442
p 2 3 794 123 46372 1412
p 2 2 730 188 43962 1266
p 2 4 623 293 42502 1124
p 2 0 739 181 40826 1222
p 2 2 688 230 38659 1155
p 2 0 688 232 37905 1135
p 2 0 627 293 38349 1069
p 2 0 642 278 38414 1096
p 2 0 572 348 37989 1002
p 2 0 599 321 38889 1021
p 2 255 583 82 69163 2715
p 2 25 645 250 54139 1581
p 2 10 663 247 53178 1531
p 2 3 627 290 51579 1378
p 2 2 684 234 49832 1390
p 2 4 695 221 47169 1321
p 2 1 663 256 45429 1195
p 2 4 574 342 43757 1094
p 2 1 619 300 43229 1139
p 2 4 637 279 50734 1298
p 2 19 650 251 59002 1574
p 2 23 673 224 65439 1755
p 2 35 680 205 65686 1875
p 2 39 639 242 64932 1861
p 2 18 679 223 62776 1684
p 2 6 732 182 57912 1641
p 2 8 668 244 54458 1492
p 2 8 675 237 54692 1459
p 2 290 542 88 70193 2618
p 2 7 648 265 43787 1345
p 2 9 803 108 46766 1582
p 2 8 735 177 47203 1508
p 2 11 660 249 45764 1378
p 2 6 676 238 44868 1296
p 2 6 663 251 42178 1253
p 2 4 583 333 44184 1162
p 2 3 657 260 40927 1173
p 2 1 657 262 40091 1117
p 2 0 635 285 41861 1098
p 2 1 639 280 42683 1109
p 2 2 611 307 40035 1058
p 2 4 571 345 40679 1063
p 2 9 614 297 39803 1168
p 2 4 653 263 39478 1213
p 2 8 618 294 39168 1227
p 2 7 563 350 42642 1201
p 2 4 618 298 42575 1217
p 2 1 654 265 41148 1230
p 2 0 629 291 36876 1172
p 2 0 571 349 37667 1080
p 2 0 581 339 40428 1129
p 2 2 597 321 40310 1172
p 2 2 659 259 41458 1251
p 2 6 646 268 43359 1289
p 2 10 593 317 41901 1240
p 2 0 551 369 38377 1035
p 2 1 593 326 36055 1027
p 2 0 637 283 35385 1053
p 2 0 605 315 35082 1036
p 2 1 604 315 36152 1056
p 2 0 609 311 37884 1053
p 2 0 555 365 37192 984
p 2 0 593 327 37015 1015
p 2 0 633 287 38203 1070
p 2 4 597 319 39513 1048
p 2 0 567 353 37387 1005
p 2 0 602 318 37882 1052
p 2 0 606 314 39012 1069
p 2 0 614 306 39985 1102
p 2 0 579 341 39944 1083
p 2 0 601 319 37469 1116
p 2 1 610 309 41925 1164
p 2 9 584 327 40834 1180
p 2 11 565 344 41700 1210
p 2 4 601 315 42668 1266
p 2 7 641 272 42436 1326
p 2 3 630 287 41598 1298
p 2 7 615 298 42202 1268
p 2 2 605 313 39081 1211
p 2 3 622 295 37879 1212
p 2 1 657 262 35365 1186
p 2 0 617 303 36124 1134
p 2 0 643 277 36789 1145
p 2 0 594 326 34638 1030
p 2 0 564 356 35872 1011
p 2 0 563 357 35945 1027
p 2 1 584 335 38446 1100
p 2 3 634 283 34617 1143
p 2 0 606 314 35438 1130
p 2 0 579 341 35213 1069
p 2 1 595 324 35869 1123
p 2 0 620 300 34608 1151
p 2 0 596 324 31919 1122
p 2 0 569 351 34105 1058
p 2 1 584 335 34426 1093
p 2 0 605 315 33292 1121
p 2 1 594 325 34498 1133
p 2 0 587 333 34070 1097
p 2 0 607 313 33418 1082
p 2 0 634 286 32541 1057
p 2 0 591 329 30340 997
p 2 0 536 384 29818 946
p 2 2 560 358 27406 957
p 2 1 568 351 29149 967
p 2 0 577 343 31322 1006
p 2 2 576 342 32760 1035
p 2 0 581 339 33634 1031
p 2 0 597 323 34678 1065
p 2 0 571 349 35291 1062
p 2 1 553 366 33014 1019
p 2 0 579 341 35212 1062
p 2 4 589 327 35074 1085
p 2 6 598 316 35137 1105
p 2 3 561 356 34440 1065
p 2 2 575 343 32113 1071
p 2 2 586 332 34027 1072
p 2 3 565 352 34870 1042
p 2 2 581 337 36097 1083
p 2 314 382 224 57696 2409
p 2 12 596 312 34798 1172
p 2 0 562 358 32632 1013
p 2 0 578 342 31922 996
p 2 0 591 329 30386 976
p 2 0 603 317 30372 1010
p 2 0 506 414 28688 868
p 2 0 553 367 31073 935
p 2 0 566 354 30182 946
p 2 2 563 355 31954 1014
p 2 1 541 378 34533 1028
p 2 15 614 291 37579 1224
p 2 17 572 331 38058 1219
p 2 24 549 347 36637 1264
p 2 24 607 289 37031 1295
p 2 10 601 309 35494 1212
p 2 1 568 351 33816 1116
p 2 0 624 296 33950 1143
p 2 0 625 295 30074 1135
p 2 0 617 303 32490 1186
p 2 0 592 328 34394 1155
p 2 5 646 269 35822 1294
p 2 5 624 291 36439 1277
p 2 2 582 336 34326 1208
p 2 2 551 367 32834 1128
p 2 0 617 303 31951 1148
p 2 0 631 289 27798 1110
p 2 0 585 335 27915 1026
p 2 0 572 348 26867 1036
p 2 0 602 318 27844 1030
p 2 0 589 331 27833 1013
p 2 1 571 348 27949 1011
p 2 0 518 402 27916 955
p 2 1 555 364 28404 1002
p 2 0 594 326 29546 1037
p 2 0 555 365 28322 996
p 2 0 509 411 29328 952
p 2 1 524 395 29871 988
p 2 1 542 377 28977 1001
p 2 0 534 386 28067 974
p 2 0 512 408 24456 944
p 2 1 548 371 27826 992
p 2 0 518 402 27077 949
p 2 295 425 200 48796 2197
p 2 2 606 312 31127 1101
p 2 3 538 379 31082 1027
p 2 4 521 395 32821 1023
p 2 0 570 350 28801 1032
p 2 0 599 321 28463 1022
p 2 2 548 370 28506 965
p 2 3 523 394 27832 939
p 2 0 553 367 29722 959
p 2 0 569 351 30682 984
p 2 1 538 381 31258 975
p 2 4 575 341 31251 1040
p 2 0 550 370 30681 1033
p 2 1 518 401 30726 1013
p 2 0 564 356 28421 1051
p 2 0 561 359 31287 1059
p 2 2 500 418 31545 1008
p 2 1 597 322 32534 1080
p 2 2 521 397 31674 988
p 2 7 524 389 30843 1020
p 2 0 526 394 27291 948
p 2 5 570 345 31810 1013
p 2 0 514 406 33230 938
p 2 1 550 369 34335 1005
p 2 0 556 364 34666 1019
p 2 1 527 392 35818 1019
p 2 4 524 392 35323 1068
p 2 6 581 333 33503 1141
p 2 3 511 406 30837 1057
p 2 4 547 369 34386 1113
p 2 0 530 390 35142 1074
p 2 0 512 408 34581 1039
p 2 0 569 351 33703 1065
p 2 2 533 385 33067 1020
p 2 5 496 419 29549 966
p 2 0 552 368 32569 1006
p 2 0 550 370 32908 985
p 2 195 468 257 49973 1891
p 2 5 598 317 37961 1114
p 2 2 597 321 37788 1083
p 2 2 595 323 41115 1094
p 2 0 587 333 41593 1084
p 2 5 585 330 38784 1109
p 2 2 541 377 39112 1052
p 2 6 565 349 41540 1127
p 2 5 579 336 41892 1155
p 2 8 574 338 38397 1141
p 2 1 564 355 40193 1067
p 2 4 532 384 40744 1028
p 2 6 621 293 37789 1121
p 2 8 552 360 37755 1032
p 2 4 583 333 41441 1119
p 2 6 540 374 43140 1125
p 2 8 564 348 42936 1179
p 2 7 557 356 42778 1161
p 2 5 596 319 41955 1174
p 2 3 543 374 38670 1048
p 2 5 526 389 37844 1023
p 2 2 528 390 36576 986
p 2 0 542 378 33443 966
p 2 0 521 399 30108 917
p 2 0 536 384 31143 920
p 2 0 523 397 32305 928
p 2 0 471 449 31249 886
p 2 0 517 403 29909 937
p 2 1 562 357 32613 1010
p 2 0 528 392 31953 980
p 2 0 524 396 31450 978
p 2 1 529 390 28294 965
p 2 3 522 395 28835 944
p 2 1 542 377 28076 936
p 2 2 510 408 28288 899
p 2 0 455 465 29248 859
p 2 3 618 299 29883 1089
p 2 0 534 386 33403 1019
p 2 1 512 407 34317 1016
p 2 1 516 403 35586 989
p 2 1 542 377 35678 1015
p 2 0 504 416 35693 971
p 2 0 534 386 35888 985
p 2 2 507 411 35771 967
p 2 3 470 447 34534 936
p 2 0 495 425 33390 936
p 2 0 515 405 31998 951
p 2 0 486 434 33291 949
p 2 0 466 454 33364 934
p 2 0 482 438 31901 932
p 2 0 497 423 31343 954
p 2 1 520 399 31083 970
p 2 1 528 391 31829 998
p 2 1 492 427 31312 958
p 2 1 520 399 30052 998
p 2 1 512 407 28265 961
p 2 0 513 407 29290 955
p 2 0 498 422 30624 926
p 2 0 471 449 30413 905
p 2 4 427 489 28881 898
p 2 0 575 345 32966 1051
p 2 0 524 396 34597 968
p 2 0 470 450 33796 882
p 2 0 491 429 34207 887
p 2 0 509 411 35100 923
p 2 2 480 438 35423 919
p 2 3 450 467 35227 930
p 2 1 484 435 33873 959
p 2 2 524 394 33844 991
p 2 2 486 432 30087 944
p 2 0 517 403 31342 971
p 2 0 468 452 32228 933
p 2 1 525 394 31682 1003
p 2 0 506 414 28699 955
p 2 1 471 448 29788 943
p 2 0 513 407 30266 949
p 2 0 483 437 29444 933
p 2 0 477 443 25350 886
p 2 0 522 398 25722 932
p 2 0 444 476 25119 821
p 2 0 430 490 24166 808
p 2 2 394 524 24488 807
p 2 1 689 230 27076 1165
p 2 0 567 353 29783 1005
p 2 0 606 314 30644 1061
p 2 2 556 362 31775 1015
p 2 2 582 336 32817 1046
p 2 0 570 350 32252 1014
p 2 0 507 413 31496 947
p 2 0 510 410 30962 920
p 2 0 565 355 30399 962
p 2 0 518 402 28311 919
p 2 0 533 387 27827 940
p 2 0 529 391 29728 966
p 2 2 494 424 29746 950
p 2 0 520 400 28173 948
p 2 0 530 390 26803 912
p 2 0 539 381 28149 925
p 2 1 531 388 27035 918
p 2 0 545 375 26649 925
p 2 2 549 369 25350 941
p 2 0 532 388 24756 890
p 2 0 448 472 24064 813
p 2 0 523 397 24868 858
p 2 0 555 365 25846 899
p 2 2 516 402 25368 887
p 2 2 527 391 28702 906
p 2 0 485 435 30867 854
p 2 2 624 294 32434 1028
p 2 0 546 374 31629 916
p 2 0 547 373 32367 916
p 2 0 552 368 33956 930
p 2 0 518 402 34273 899
p 2 7 499 414 33182 917
p 2 0 559 361 32925 951
p 2 0 539 381 30219 918
p 2 0 487 433 30900 882
p 2 0 517 403 31119 902
p 2 1 531 388 31031 925
p 2 0 547 373 29739 913
p 2 0 502 418 31339 877
p 2 3 555 362 32127 946
p 2 0 584 336 31555 960
p 2 0 540 380 27156 895
p 2 0 497 423 26765 854
p 2 0 524 396 27045 875
p 2 0 532 388 27713 889
p 2 0 532 388 26703 869
p 2 0 543 377 26964 890
p 2 0 520 400 31857 891
p 2 0 523 397 33296 914
p 2 0 541 379 33228 935
p 2 3 594 323 34217 1016
p 2 3 542 375 34524 942
p 2 5 508 407 37638 940
p 2 1 572 347 33564 953
p 2 4 541 375 33586 950
p 2 0 542 378 32847 915
p 2 0 484 436 32307 879
p 2 1 525 394 31433 907
p 2 1 525 394 32036 945
p 2 0 525 395 32396 909
p 2 2 470 448 31164 869
p 2 0 498 422 30856 871
p 2 166 471 283 52767 1885
p 2 0 551 369 32286 967
p 2 0 573 347 32525 1020
p 2 1 506 413 32299 956
p 2 0 581 339 33169 1056
p 2 1 548 371 31735 980
p 2 0 543 377 29916 958
p 2 0 510 410 28238 903
p 2 0 460 460 31950 859
p 2 0 499 421 31549 884
p 2 1 496 423 31685 875
p 2 1 494 425 32728 865
p 2 279 379 262 42007 1994
p 2 253 421 246 44063 2004
p 2 31 655 234 41520 1571
p 2 8 620 292 37740 1292
p 2 37 607 276 38474 1426
p 2 190 461 269 41110 1819
p 2 198 491 231 42385 1873
p 2 204 486 230 43626 1874
p 2 194 486 240 46647 1853
p 2 3 676 241 40992 1256
p 2 3 642 275 41600 1236
p 2 11 570 339 39569 1191
p 2 2 627 291 35032 1195
p 2 0 658 262 35281 1218
p 2 1 588 331 33720 1138
p 2 1 617 302 33900 1169
p 2 0 630 290 39466 1183
p 2 0 638 282 39458 1180
p 2 1 577 342 40880 1127
p 2 1 619 300 40499 1164
p 2 2 650 268 39985 1227
p 2 6 623 291 43960 1228
p 2 8 575 337 43312 1174
p 2 3 621 296 41516 1186
p 2 4 623 293 44571 1210
p 2 5 604 311 45672 1217
p 2 8 636 276 45179 1257
p 2 8 618 294 43943 1238
p 2 3 567 350 44185 1134
p 2 1 590 329 44787 1127
p 2 5 643 272 43442 1200
p 2 9 597 314 45010 1164
p 2 5 597 318 44703 1150
p 2 330 383 207 68714 2454
p 2 19 639 262 53864 1480
p 2 13 642 265 52288 1448
p 2 7 666 247 50352 1430
p 2 5 658 257 49390 1404
p 2 5 629 286 47643 1330
p 2 6 642 272 47363 1305
p 2 5 654 261 40685 1312
p 2 5 651 264 42720 1335
p 2 2 691 227 43954 1374
p 2 9 652 259 42302 1408
p 2 7 668 245 41629 1383
p 2 1 666 253 40921 1345
p 2 2 679 239 41978 1356
p 2 1 667 252 38807 1297
p 2 2 587 331 37302 1217
p 2 2 644 274 38353 1298
p 2 4 657 259 36844 1314
p 2 0 652 268 36704 1250
p 2 0 615 305 38554 1205
p 2 1 643 276 38973 1227
p 2 1 652 267 39461 1245
p 2 0 626 294 40119 1205
p 2 0 625 295 42046 1203
p 2 0 662 258 39130 1240
p 2 5 751 164 39070 1331
p 2 0 649 271 37435 1183
p 2 0 668 252 37906 1182
p 2 0 651 269 36675 1162
p 2 0 604 316 33363 1101
p 2 0 618 302 35478 1090
p 2 5 671 244 40366 1207
p 2 149 485 286 44405 1812
p 2 1 673 246 42342 1248
p 2 2 630 288 43589 1221
p 2 5 607 308 44074 1240
p 2 5 628 287 41044 1264
p 2 6 627 287 39019 1279
p 2 3 627 290 38560 1259
p 2 6 643 271 37232 1290
p 2 5 630 285 37354 1266
p 2 1 667 252 38795 1255
p 2 3 638 279 40610 1248
p 2 3 651 266 39781 1265
p 2 2 639 279 39482 1260
p 2 8 672 240 40666 1329
p 2 1 656 263 38299 1280
p 2 1 634 285 38237 1228
p 2 5 644 271 39127 1275
p 2 0 734 186 39940 1380
p 2 0 662 258 38971 1266
p 2 2 688 230 35319 1303
p 2 0 656 264 39381 1238
p 2 0 671 249 39765 1246
p 2 0 647 273 38691 1198
p 2 0 601 319 39545 1159
p 2 0 647 273 39820 1199
p 2 1 669 250 41059 1247
p 2 1 656 263 38838 1259
p 2 1 613 306 38427 1194
p 2 0 634 286 37737 1185
p 2 1 662 257 37450 1206
p 2 1 621 298 38074 1135
p 2 1 588 331 39031 1110
p 2 0 629 291 38140 1139
p 2 0 645 275 37974 1163
p 2 1 629 290 38653 1156
p 2 145 501 274 47041 1884
p 2 0 642 278 36901 1139
p 2 0 684 236 38550 1191
p 2 0 658 262 40657 1179
p 2 1 665 254 40715 1239
p 2 2 656 262 38626 1271
p 2 2 732 186 37170 1366
p 2 3 654 263 39113 1266
p 2 0 623 297 38378 1181
p 2 0 654 266 38210 1259
p 2 1 687 232 39430 1301
p 2 2 646 272 39621 1269
p 2 1 664 255 43226 1280
p 2 0 649 271 38150 1240
p 2 2 607 311 36687 1172
p 2 3 625 292 37680 1241
p 2 6 660 254 38128 1291
p 2 9 623 288 38832 1254
p 2 2 598 320 38066 1183
p 2 2 612 306 36495 1165
p 2 2 638 280 34637 1144
p 2 0 606 314 35940 1099
p 2 3 601 316 36468 1143
p 2 0 599 321 34640 1132
p 2 1 652 267 36907 1211
p 2 0 601 319 37428 1142
p 2 0 589 331 37306 1125
p 2 3 602 315 36492 1139
p 2 1 633 286 32255 1131
p 2 0 614 306 34603 1096
p 2 0 618 302 35644 1110
p 2 0 597 323 35656 1079
p 2 1 650 269 36053 1127
p 2 0 601 319 36181 1075
p 2 1 594 325 37093 1107
p 2 1 598 321 35676 1115
p 2 5 617 298 33793 1206
p 2 3 584 333 32623 1150
p 2 1 650 269 31453 1180
p 2 1 606 313 32856 1125
p 2 0 568 352 34202 1099
p 2 0 598 322 32191 1082
p 2 0 630 290 32456 1126
p 2 3 584 333 31213 1117
p 2 0 563 357 32388 1092
p 2 0 594 326 31040 1107
p 2 0 650 270 33407 1149
p 2 0 660 260 35270 1190
p 2 0 610 310 32122 1053
p 2 0 558 362 33542 1030
p 2 3 594 323 30147 1094
p 2 0 571 349 32028 1045
p 2 0 563 357 31269 1009
p 2 1 543 376 32504 981
p 2 1 563 356 33623 1015
p 2 0 551 369 32978 1000
p 2 0 620 300 34666 1096
p 2 1 585 334 32755 1064
p 2 1 561 358 31485 1047
p 2 1 560 359 30355 1066
p 2 1 606 313 30034 1111
p 2 0 564 356 33062 1079
p 2 289 401 230 53034 2364
p 2 0 662 258 37344 1233
p 2 3 630 287 40358 1249
p 2 2 632 286 38576 1274
p 2 4 649 267 42735 1340
p 2 15 617 288 41811 1467
p 2 29 607 284 40890 1521
p 2 9 656 255 39172 1459
p 2 2 629 289 36012 1308
p 2 0 597 323 34878 1199
p 2 0 625 295 31380 1182
p 2 0 639 281 32911 1165
p 2 0 620 300 32668 1123
p 2 0 636 284 33645 1150
p 2 0 747 173 35043 1305
p 2 0 669 251 31813 1213
p 2 0 679 241 31019 1265
p 2 0 648 272 31000 1236
p 2 0 598 322 30301 1219
p 2 0 598 322 29394 1191
p 2 0 673 247 28599 1267
p 2 0 612 308 27952 1146
p 2 0 556 364 25413 1041
p 2 0 586 334 24622 1006
i 2 920 0 0 91679 4407
p 2 4 590 326 27229 1103
p 2 2 528 390 27304 1044
p 2 0 482 438 27039 998
p 2 1 533 386 33389 1127
p 2 1 548 371 31717 1135
p 2 1 640 279 33702 1230
p 2 0 584 336 32851 1120
p 2 1 537 382 30601 1054
p 2 2 554 364 33432 1057
p 2 0 607 313 33682 1112
p 2 0 558 362 32291 1049
p 2 2 532 386 32228 1032
p 2 3 581 336 31371 1079
p 2 306 407 207 56845 2398
p 2 8 579 333 31905 1109
p 2 2 601 317 31035 1090
p 2 3 602 315 31448 1122
p 2 4 546 370 29944 1067
p 2 1 642 277 29825 1144
p 2 4 605 311 30201 1138
p 2 4 547 369 33414 1098
p 2 12 619 289 33708 1209
p 2 6 600 314 33195 1184
p 2 7 559 354 32525 1139
p 2 4 530 386 30625 1088
p 2 4 589 327 29310 1124
p 2 0 622 298 27572 1112
p 2 1 601 318 25927 1089
p 2 1 616 303 27665 1097
p 2 2 587 331 27518 1094
p 2 0 558 362 27622 1046
p 2 2 588 330 28087 1091
p 2 3 602 315 29112 1113
p 2 1 597 322 28775 1095
p 2 0 562 358 26454 1041
p 2 0 613 307 27095 1088
p 2 1 599 320 26195 1070
p 2 0 577 343 26190 1032
p 2 0 588 332 27199 1038
p 2 1 626 293 28242 1106
p 2 0 593 327 28246 1045
p 2 7 543 370 27168 1026
p 2 0 595 325 28018 1038
p 2 3 568 349 30056 1074
p 2 0 592 328 29834 1083
p 2 0 580 340 31091 1075
p 2 0 604 316 31707 1088
p 2 1 586 333 31174 1088
p 2 1 569 350 29336 1053
p 2 3 582 335 26950 1075
p 2 0 605 315 28455 1078
p 2 1 584 335 28812 1068
p 2 0 589 331 28928 1078
p 2 0 594 326 30054 1090
p 2 1 570 349 29731 1060
p 2 0 587 333 29903 1076
p 2 0 611 309 30276 1100
p 2 3 578 339 28455 1066
p 2 3 559 358 27875 1025
p 2 1 581 338 27947 1045
p 2 0 601 319 29483 1069
p 2 5 614 301 31324 1121
p 2 8 668 244 31583 1169
p 2 1 596 323 30831 1070
p 2 1 611 308 29844 1056
p 2 1 631 288 30966 1100
p 2 0 563 357 29673 1015
p 2 0 595 325 30915 1041
p 2 0 619 301 31005 1063
p 2 1 596 323 31294 1054
p 2 0 569 351 30455 1004
p 2 0 565 355 29314 1015
p 2 0 597 323 29719 1069
p 2 0 583 337 29808 1047
p 2 1 545 374 29898 1008
p 2 3 583 334 31309 1066
p 2 0 611 309 31168 1072
p 2 0 581 339 31655 1056
p 2 1 593 326 29897 1063
p 2 0 579 341 28597 1044
p 2 0 543 377 27008 985
p 2 0 569 351 26740 1003
p 2 0 596 324 27840 1033
p 2 0 595 325 28882 1017
p 2 0 572 348 28836 1007
p 2 0 563 357 28794 1014
p 2 0 669 251 29438 1128
p 2 0 587 333 28492 1046
p 2 0 560 360 29351 1010
p 2 0 576 344 29976 1034
p 2 1 581 338 30332 1042
p 2 0 572 348 30402 1020
p 2 1 526 393 29713 978
p 2 1 565 354 28103 1029
p 2 0 576 344 28924 1054
p 2 0 570 350 28815 1042
p 2 0 595 325 29668 1086
p 2 0 585 335 29600 1074
p 2 0 543 377 29346 1019
p 2 0 585 335 29628 1074
p 2 1 599 320 27902 1087
p 2 0 566 354 26605 1069
p 2 0 550 370 26566 1045
p 2 1 580 339 25729 1048
p 2 0 605 315 26169 1047
p 2 0 583 337 26374 1013
p 2 0 539 381 26581 986
p 2 1 562 357 26964 1024
p 2 2 568 350 26317 1036
p 2 0 602 318 27273 1077
p 2 0 618 302 28049 1092
p 2 1 569 350 29304 1062
p 2 0 641 279 30859 1145
p 2 0 598 322 30544 1099
p 2 2 567 351 30263 1074
p 2 1 581 338 29524 1109
p 2 2 615 303 29396 1150
p 2 0 599 321 30379 1111
p 2 4 557 359 30368 1097
p 2 1 583 336 30317 1105
p 2 1 610 309 30766 1118
p 2 0 595 325 32015 1119
p 2 0 581 339 30532 1086
p 2 0 587 333 29178 1086
p 2 7 619 294 28743 1129
p 2 0 589 331 27942 1040
p 2 5 568 347 28939 1065
p 2 1 596 323 29406 1079
p 2 0 613 307 31003 1090
p 2 0 597 323 31579 1086
p 2 0 557 363 31500 1062
p 2 4 588 328 31994 1123
p 2 0 613 307 31419 1119
p 2 0 616 304 32164 1140
p 2 1 599 320 32547 1136
p 2 1 618 301 33023 1149
p 2 0 660 260 32785 1177
p 2 1 610 309 30421 1135
p 2 2 573 345 32743 1097
p 2 6 616 298 34855 1177
p 2 0 615 305 34809 1155
p 2 0 617 303 34637 1192
p 2 0 622 298 34509 1189
p 2 1 604 315 35662 1209
p 2 0 635 285 35683 1238
p 2 0 625 295 34320 1221
p 2 1 561 358 34745 1160
p 2 0 602 318 35321 1176
p 2 0 653 267 35480 1218
p 2 0 593 327 34920 1131
p 2 0 622 298 34765 1141
p 2 1 616 303 34324 1139
p 2 3 573 344 35385 1110
p 2 2 611 307 39170 1185
p 2 1 625 294 35985 1180
p 2 0 596 324 36652 1198
p 2 0 619 301 37204 1251
p 2 4 607 309 36268 1271
p 2 4 693 223 35805 1346
p 2 5 629 286 37140 1289
p 2 2 587 331 39140 1201
p 2 5 606 309 41030 1257
p 2 3 624 293 40082 1238
p 2 3 610 307 38219 1205
p 2 1 624 295 37676 1221
p 2 1 620 299 38537 1226
p 2 2 592 326 38896 1207
p 2 1 624 295 40175 1221
p 2 2 638 280 40538 1237
p 2 0 621 299 40122 1210
p 2 1 583 336 38949 1146
p 2 0 616 304 36011 1151
p 2 1 646 273 35991 1178
p 2 1 609 310 34669 1136
p 2 1 588 331 32584 1092
p 2 4 609 307 33350 1139
p 2 4 617 299 33637 1145
p 2 0 604 316 32545 1117
p 2 1 576 343 32015 1104
p 2 1 594 325 33611 1129
p 2 3 629 288 35851 1182
p 2 7 637 276 42455 1274
p 2 15 679 226 47781 1385
p 2 29 718 173 62740 1625
p 2 19 712 189 57703 1545
p 2 16 702 202 58077 1570
p 2 14 760 146 58262 1650
p 2 8 748 164 53506 1609
p 2 1 737 182 50875 1552
p 2 0 755 165 51611 1554
p 2 1 777 142 50533 1536
p 2 0 766 154 50531 1496
p 2 0 726 194 46567 1377
p 2 0 757 163 39843 1342
p 2 0 754 166 31182 1282
p 2 1 720 199 31060 1243
p 2 0 727 193 31258 1248
p 2 2 764 154 33259 1343
p 2 2 774 144 34134 1398
p 2 6 692 222 32561 1341
p 2 1 668 251 36352 1354
p 2 7 694 219 39259 1410
p 2 4 710 206 41788 1433
p 2 2 706 212 43172 1437
p 2 5 681 234 48831 1420
p 2 5 726 189 45155 1444
p 2 0 737 183 49223 1452
p 2 0 722 198 52762 1479
p 2 2 690 228 53311 1485
p 2 7 714 199 51666 1538
p 2 3 724 193 50327 1518
p 2 271 641 8 97817 3039
p 2 57 795 68 87676 2044
p 2 30 754 136 83306 1840
p 2 22 803 95 83209 1824
p 2 15 802 103 74055 1703
p 2 19 786 115 69841 1658
p 2 7 810 103 65774 1596
p 2 8 789 123 62000 1567
p 2 6 779 135 58705 1515
p 2 2 778 140 57571 1511
p 2 5 780 135 57479 1541
p 2 3 745 172 58004 1505
p 2 14 749 157 58157 1569
p 2 3 733 184 57717 1490
p 2 1 768 151 56590 1486
p 2 15 750 155 79259 1718
p 2 4 773 143 70740 1631
p 2 2 751 167 69175 1584
p 2 1 753 166 68804 1605
p 2 5 773 142 72227 1660
p 2 9 764 147 77460 1655
p 2 1 782 137 71528 1596
p 2 6 751 163 68206 1592
p 2 6 786 128 69793 1681
p 2 6 833 81 70863 1741
p 2 5 875 40 74342 1749
p 2 2 818 100 71310 1626
p 2 5 808 107 71252 1633
p 2 7 842 71 69084 1707
p 2 2 806 112 69051 1619
p 2 1 762 157 70100 1566
p 2 3 760 157 71650 1573
p 2 3 752 165 72091 1566
p 2 0 774 146 72080 1585
p 2 1 744 175 69830 1547
p 2 3 752 165 72017 1510
p 2 12 736 172 71465 1508
p 2 1 762 157 70258 1504
p 2 2 741 177 70806 1506
p 2 2 743 175 69779 1548
p 2 2 745 173 68809 1543
p 2 0 763 157 71559 1538
p 2 0 747 173 73269 1529
p 2 4 760 156 73142 1573
p 2 2 745 173 74129 1554
p 2 3 730 187 69994 1525
p 2 1 733 186 67615 1443
p 2 1 754 165 67409 1444
p 2 2 807 111 70205 1548
p 2 0 876 44 73395 1649
p 2 0 790 130 70059 1525
p 2 0 792 128 68327 1525
p 2 6 768 146 68975 1542
p 2 1 778 141 71160 1553
p 2 8 773 139 71843 1572
p 2 1 781 138 70650 1535
p 2 3 752 165 69805 1497
p 2 1 762 157 66636 1489
p 2 0 758 162 67859 1488
p 2 4 775 141 67117 1532
p 2 6 751 163 65915 1494
p 2 0 747 173 65125 1435
p 2 5 746 169 66463 1458
p 2 3 744 173 66667 1458
p 2 3 734 183 69262 1449
p 2 2 762 156 70837 1500
p 2 2 733 185 71288 1464
p 2 10 725 185 69216 1484
p 2 1 723 196 63510 1397
p 2 0 727 193 63210 1367
p 2 0 694 226 62732 1317
p 2 1 679 240 62412 1266
p 2 0 842 78 64652 1471
p 2 0 829 91 65346 1464
p 2 0 790 130 63901 1447
p 2 3 727 190 64284 1410
p 2 7 757 156 65632 1495
p 2 3 787 130 68642 1508
p 2 2 759 159 68259 1485
p 2 1 732 187 65445 1431
p 2 2 742 176 61217 1418
p 2 1 755 164 62229 1430
p 2 1 745 174 60609 1411
p 2 0 779 141 62314 1420
p 2 0 750 170 63172 1376
p 2 0 714 206 63991 1335
p 2 5 737 178 62482 1423
p 2 3 764 153 63753 1455
p 2 4 729 187 63618 1405
p 2 2 719 199 61917 1349
p 2 3 719 198 59565 1326
p 2 2 749 169 56800 1342
p 2 1 730 189 56803 1341
p 2 1 712 207 56986 1306
p 2 1 736 183 56951 1321
p 2 0 739 181 57872 1305
p 2 1 758 161 60339 1360
p 2 1 776 143 59207 1386
p 2 3 708 209 60744 1343
p 2 1 716 203 61418 1360
p 2 1 726 193 60368 1345
p 2 2 683 235 60801 1311
p 2 0 720 200 61716 1353
p 2 0 762 158 63969 1446
p 2 0 758 162 66400 1496
p 2 4 730 186 67771 1527
p 2 3 779 138 65020 1576
p 2 9 779 132 59095 1627
p 2 7 751 162 58264 1560
p 2 18 681 221 54542 1531
p 2 16 730 174 59922 1584
p 2 11 754 155 61016 1634
p 2 6 748 166 58558 1546
p 2 11 699 210 53872 1514
p 2 4 728 188 47295 1333
p 2 0 713 207 44547 1291
p 2 0 716 204 43915 1310
p 2 2 739 179 45507 1360
p 2 1 727 192 46608 1349
p 2 0 765 155 48625 1398
p 2 1 751 168 47542 1370
p 2 3 764 153 51354 1420
p 2 0 723 197 50492 1345
p 2 0 730 190 50961 1359
p 2 0 729 191 51515 1350
p 2 0 712 208 55015 1366
p 2 1 732 187 61907 1448
p 2 3 762 155 64136 1538
p 2 7 740 173 62849 1543
p 2 17 680 223 56495 1500
p 2 6 722 192 50561 1421
p 2 13 737 170 60813 1484
p 2 8 716 196 67658 1496
p 2 3 697 220 71228 1429
p 2 2 792 126 71069 1532
p 2 2 742 176 69249 1446
p 2 1 736 183 64466 1394
p 2 2 749 169 60305 1390
p 2 0 798 122 60069 1463
p 2 2 743 175 60864 1407
p 2 2 718 200 61522 1395
p 2 2 762 156 63275 1450
p 2 0 735 185 63768 1401
p 2 0 695 225 62308 1351
p 2 4 743 173 62260 1436
p 2 3 799 118 64681 1480
p 2 6 740 174 62743 1393
p 2 2 700 218 65169 1342
p 2 1 732 187 70851 1418
p 2 2 731 187 74210 1480
p 2 8 720 192 72373 1519
p 2 18 660 242 65366 1454
p 2 5 688 227 58825 1337
p 2 18 717 185 64676 1484
p 2 7 696 217 70789 1435
p 2 2 685 233 74174 1407
p 2 3 714 203 71849 1404
p 2 3 744 173 68487 1398
p 2 3 703 214 64850 1346
p 2 0 681 239 62518 1285
p 2 3 708 209 61681 1344
p 2 0 712 208 61623 1351
p 2 0 707 213 61492 1320
p 2 0 676 244 61720 1285
p 2 2 689 229 59926 1316
p 2 0 726 194 57701 1321
p 2 2 683 235 58135 1278
p 2 0 691 229 58996 1274
p 2 3 717 200 59358 1327
p 2 0 784 136 60597 1401
p 2 2 718 200 60391 1354
p 2 0 677 243 62080 1302
p 2 0 708 212 60892 1322
p 2 0 726 194 60553 1344
p 2 0 701 219 59437 1309
p 2 0 667 253 58487 1237
p 2 0 695 225 52976 1223
p 2 5 699 216 55984 1275
p 2 1 695 224 56134 1254
p 2 1 702 217 56624 1269
p 2 0 715 205 55517 1266
p 2 0 673 247 55826 1236
p 2 0 701 219 54035 1254
p 2 3 684 233 55387 1273
p 2 1 701 218 56288 1277
p 2 0 668 252 56781 1242
p 2 0 694 226 63497 1317
p 2 1 705 214 56994 1279
p 2 0 701 219 54395 1253
p 2 0 721 199 53115 1284
p 2 0 659 261 49463 1199
p 2 1 671 248 49308 1226
p 2 0 699 221 49410 1251
p 2 5 760 155 58728 1397
p 2 0 718 202 44373 1264
p 2 0 647 273 48709 1203
p 2 0 710 210 50426 1276
p 2 0 705 215 51298 1255
p 2 0 684 236 48659 1205
p 2 1 628 291 48802 1166
p 2 0 687 233 43642 1223
p 2 0 706 214 46522 1254
p 2 4 685 231 47774 1228
p 2 2 656 262 48569 1192
p 2 3 671 246 47430 1202
p 2 2 699 219 43561 1222
p 2 1 677 242 47603 1203
p 2 0 644 276 51628 1210
p 2 0 682 238 55026 1267
p 2 0 692 228 57385 1295
p 2 0 687 233 57437 1294
p 2 0 700 220 58790 1318
p 2 0 693 227 57638 1303
p 2 0 659 261 56513 1259
p 2 1 693 226 52362 1279
p 2 0 709 211 51632 1270
p 2 0 710 210 49765 1284
p 2 1 755 164 50320 1342
p 2 1 699 220 51835 1289
p 2 1 643 276 51297 1212
p 2 0 673 247 51386 1242
p 2 0 714 206 49263 1241
p 2 2 677 241 46098 1217
p 2 0 630 290 45853 1153
p 2 0 676 244 47174 1215
p 2 2 691 227 49123 1244
p 2 2 669 249 49293 1201
p 2 1 657 262 47170 1202
p 2 0 662 258 45771 1172
p 2 2 701 217 49898 1257
p 2 4 669 247 54300 1237
p 2 0 638 282 57031 1212
p 2 3 654 263 58280 1272
p 2 3 696 221 58001 1314
p 2 2 688 230 57154 1301
p 2 1 700 219 56373 1312
p 2 0 685 235 53951 1259
p 2 4 665 251 52360 1274
p 2 1 688 231 53049 1290
p 2 1 695 224 44974 1287
p 2 2 711 207 48099 1306
p 2 0 701 219 50102 1255
p 2 0 668 252 48662 1186
p 2 7 681 232 56668 1252
p 2 0 690 230 49872 1207
p 2 0 660 260 42211 1133
p 2 0 683 237 46722 1194
p 2 1 707 212 50420 1235
p 2 0 683 237 49721 1213
p 2 1 662 257 50510 1206
p 2 1 682 237 43091 1215
p 2 2 692 226 45894 1210
p 2 2 672 246 51595 1222
p 2 6 691 223 55214 1276
p 2 0 703 217 57803 1272
p 2 1 652 267 58821 1236
p 2 3 689 228 58293 1278
p 2 0 700 220 58978 1279
p 2 0 693 227 59542 1281
p 2 0 662 258 58075 1254
p 2 4 679 237 58447 1326
p 2 2 724 194 59008 1377
p 2 2 668 250 52094 1313
p 2 0 689 231 53952 1313
p 2 0 704 216 54784 1285
p 2 0 774 146 56037 1360
p 2 2 698 220 56726 1312
p 2 3 664 253 56452 1291
p 2 1 716 203 53761 1358
p 2 12 742 166 70462 1556
p 2 6 727 187 59896 1436
p 2 3 720 197 59692 1423
p 2 3 738 179 54834 1463
p 2 4 743 173 56320 1523
p 2 3 748 169 58371 1536
p 2 6 729 185 55770 1540
p 2 16 733 171 51257 1572
p 2 10 755 155 45694 1575
p 2 9 783 128 46935 1621
p 2 1 716 203 43499 1358
p 2 2 702 216 45363 1363
p 2 3 717 200 44386 1370
p 2 1 715 204 45006 1367
p 2 0 676 244 44701 1336
p 2 6 710 204 45126 1440
p 2 5 724 191 50642 1489
p 2 2 732 186 57717 1494
p 2 2 746 172 55252 1441
p 2 1 781 138 56394 1483
p 2 1 790 129 58630 1538
p 2 0 740 180 59531 1471
p 2 2 750 168 58790 1452
p 2 1 745 174 56596 1410
p 2 0 718 202 55780 1357
p 2 2 729 189 58393 1451
p 2 2 739 179 56672 1450
p 2 1 784 135 60491 1554
p 2 2 758 160 65467 1512
p 2 3 741 176 60479 1503
p 2 11 739 170 58038 1566
p 2 3 777 140 60219 1575
p 2 4 757 159 64450 1585
p 2 0 753 167 65800 1535
p 2 2 739 179 63704 1436
p 2 0 778 142 66836 1516
p 2 1 736 183 68691 1495
p 2 6 710 204 67637 1526
p 2 6 761 153 67490 1573
p 2 3 736 181 72789 1559
p 2 5 711 204 69801 1483
p 2 4 727 189 67553 1475
p 2 3 749 168 65758 1495
p 2 3 753 164 65623 1491
p 2 0 815 105 67967 1538
p 2 1 749 170 65626 1404
p 2 4 735 181 64284 1428
p 2 0 740 180 65659 1431
p 2 0 705 215 62567 1388
p 2 4 729 187 65830 1464
p 2 0 755 165 69092 1454
p 2 0 720 200 68173 1400
p 2 3 691 226 63652 1380
p 2 0 690 230 64248 1368
p 2 0 709 211 61065 1375
p 2 0 739 181 65316 1418
p 2 7 723 190 73414 1473
p 2 1 741 178 67761 1438
p 2 2 746 172 65055 1448
p 2 0 720 200 66179 1406
p 2 0 687 233 63596 1367
p 2 3 722 195 65493 1401
p 2 0 746 174 67093 1429
p 2 3 725 192 65339 1419
p 2 1 704 215 63765 1406
p 2 1 713 206 63655 1403
p 2 0 747 173 66712 1456
p 2 0 751 169 69105 1462
p 2 1 782 137 70465 1510
p 2 5 712 203 66392 1435
p 2 9 717 194 80663 1583
p 2 5 744 171 64565 1443
p 2 1 704 215 62453 1324
p 2 0 730 190 64539 1358
p 2 0 740 180 64355 1367
p 2 0 717 203 63015 1337
p 2 0 689 231 62057 1317
p 2 3 685 232 63462 1361
p 2 1 704 215 68038 1402
p 2 6 747 167 71380 1529
p 2 4 712 204 71001 1480
p 2 39 729 152 71251 1769
p 2 27 755 138 69349 1771
p 2 35 730 155 67351 1759
p 2 15 726 179 60361 1592
p 2 6 752 162 56826 1513
p 2 6 735 179 56251 1461
p 2 3 729 188 49456 1410
p 2 5 684 231 45290 1319
p 2 5 701 214 42407 1313
p 2 3 697 220 36921 1308
p 2 12 697 211 33156 1346
p 2 7 678 235 30196 1253
p 2 2 647 271 30600 1193
p 2 12 639 269 34692 1300
p 2 13 703 204 61275 1591
p 2 13 765 142 56992 1600
p 2 12 733 175 57750 1571
p 2 10 717 193 61503 1599
p 2 26 692 202 73027 1759
p 2 48 731 141 68208 1895
p 2 29 733 158 71456 1836
p 2 38 716 166 71930 1844
p 2 28 758 134 76285 1879
p 2 4 757 159 77128 1668
p 2 6 741 173 75143 1616
p 2 4 738 178 73450 1549
p 2 4 758 158 71176 1570
p 2 4 740 176 69301 1581
p 2 4 734 182 70812 1611
p 2 5 742 173 72003 1621
p 2 3 760 157 71145 1614
p 2 2 793 125 72226 1650
p 2 3 862 55 74033 1745
p 2 3 786 131 70005 1643
p 2 7 768 145 70128 1622
p 2 3 780 137 69441 1573
p 2 2 787 131 67508 1527
p 2 8 764 148 70041 1595
p 2 3 782 135 70197 1657
p 2 3 757 160 68265 1598
p 2 2 775 143 68934 1602
p 2 1 753 166 70098 1561
p 2 5 758 157 70141 1586
p 2 2 759 159 71592 1607
p 2 2 772 146 66836 1596
p 2 1 735 184 66403 1518
p 2 2 750 168 63790 1462
p 2 1 743 176 65317 1462
p 2 2 754 164 66207 1492
p 2 0 738 182 67386 1497
p 2 5 725 190 64084 1515
p 2 1 747 172 66549 1545
p 2 3 746 171 68750 1562
p 2 143 707 70 85396 2525
p 2 3 782 135 65677 1546
p 2 1 739 180 64751 1486
p 2 1 735 184 60237 1453
p 2 1 759 160 60001 1444
p 2 1 732 187 59201 1373
p 2 0 745 175 62906 1404
p 2 0 770 150 63998 1450
p 2 2 749 169 64098 1441
p 2 2 767 151 61598 1442
p 2 0 749 171 62299 1395
p 2 1 731 188 60077 1379
p 2 0 721 199 60546 1359
p 2 0 753 167 59313 1380
p 2 0 738 182 56024 1352
p 2 0 712 208 56231 1309
p 2 0 714 206 58155 1320
p 2 0 742 178 58362 1358
p 2 0 719 201 60338 1361
p 2 0 731 189 59482 1380
p 2 1 722 197 58632 1385
p 2 2 698 220 57685 1354
p 2 1 700 219 59787 1368
p 2 2 727 191 63225 1440
p 2 1 756 163 64935 1461
p 2 1 848 71 64885 1565
p 2 1 764 155 58622 1398
p 2 3 741 176 59231 1390
p 2 0 742 178 62045 1379
p 2 0 734 186 62941 1410
p 2 1 731 188 64969 1462
p 2 1 744 175 65164 1493
p 2 1 704 215 65791 1472
p 2 0 718 202 63151 1429
p 2 1 698 221 62757 1388
p 2 1 727 192 67014 1471
p 2 0 682 238 67297 1414
p 2 1 699 220 65887 1404
p 2 0 786 134 67069 1498
p 2 1 839 80 70239 1579
p 2 2 765 153 65792 1495
p 2 2 744 174 67867 1497
p 2 1 743 176 69029 1482
p 2 0 738 182 67978 1470
p 2 5 721 194 67876 1494
p 2 5 697 218 51389 1435
p 2 5 713 202 49157 1463
p 2 4 669 247 46330 1408
p 2 8 736 176 61416 1568
p 2 0 778 142 67063 1564
p 2 3 708 209 66305 1482
p 2 2 698 220 66426 1444
p 2 1 711 208 64187 1450
p 2 160 678 82 87114 2564
p 2 3 726 191 58219 1434
p 2 0 761 159 58733 1459
p 2 1 714 205 59518 1412
p 2 1 726 193 55725 1399
p 2 1 728 191 55258 1401
p 2 0 729 191 54425 1384
p 2 2 677 241 54351 1355
p 2 0 717 203 54470 1387
p 2 0 736 184 53874 1391
p 2 2 726 192 55374 1374
p 2 0 704 216 54549 1352
p 2 0 721 199 53358 1377
p 2 1 728 191 51966 1382
p 2 2 711 207 35978 1306
p 2 0 675 245 35504 1222
p 2 0 665 255 34274 1217
p 2 1 732 187 48858 1348
p 2 4 723 193 53853 1392
p 2 4 690 226 53483 1349
p 2 1 719 200 52678 1347
p 2 2 717 201 51342 1344
p 2 0 737 183 53801 1374
p 2 0 736 184 52683 1397
p 2 0 713 207 51927 1369
p 2 0 722 198 52966 1369
p 2 0 717 203 51575 1326
p 2 2 665 253 52692 1273
p 2 0 712 208 52700 1326
p 2 1 725 194 51331 1358
p 2 1 715 204 49729 1333
p 2 0 695 225 50296 1304
p 2 1 721 198 50055 1326
p 2 0 732 188 51164 1354
p 2 3 700 217 35296 1278
p 2 0 618 302 28328 1125
p 2 0 599 321 27535 1081
p 2 0 693 227 43658 1241
p 2 1 685 234 48010 1246
p 2 2 670 248 49708 1255
p 2 1 704 215 48736 1278
p 2 1 712 207 47201 1281
p 2 1 675 244 47062 1253
p 2 0 681 239 48007 1253
p 2 172 618 130 72461 2440
p 2 0 719 201 52022 1389
p 2 0 743 177 51014 1374
p 2 0 715 205 49663 1313
p 2 0 746 174 49189 1344
p 2 1 738 181 47733 1333
p 2 0 752 168 47701 1340
p 2 0 701 219 47645 1277
p 2 0 717 203 46977 1295
p 2 0 736 184 47584 1334
p 2 0 725 195 46441 1280
p 2 0 697 223 45577 1241
p 2 0 702 218 30335 1205
p 2 0 670 250 29376 1152
p 2 0 659 261 31260 1148
p 2 0 664 256 44327 1234
p 2 0 712 208 49646 1310
p 2 0 718 202 50906 1327
p 2 0 733 187 51096 1348
p 2 0 743 177 53004 1381
p 2 0 721 199 53274 1383
p 2 1 733 186 52983 1392
p 2 0 735 185 51723 1388
p 2 1 689 230 51046 1341
p 2 0 720 200 51601 1367
p 2 0 741 179 51985 1403
p 2 0 695 225 51802 1327
p 2 0 698 222 48086 1312
p 2 0 810 110 50668 1467
p 2 0 741 179 50029 1340
p 2 1 706 213 49646 1302
p 2 2 736 182 50846 1364
p 2 0 707 213 33950 1254
p 2 0 648 272 29759 1162
p 2 1 628 291 27572 1133
p 2 0 720 200 44859 1287
p 2 270 526 124 71436 2616
p 2 0 680 240 44169 1205
p 2 0 681 239 46709 1223
p 2 1 688 231 43128 1242
p 2 1 712 207 42992 1238
p 2 0 678 242 43363 1212
p 2 0 695 225 42884 1205
p 2 0 732 188 45777 1267
p 2 3 703 214 39717 1229
p 2 2 655 263 33387 1155
p 2 0 662 258 33013 1149
p 2 8 698 214 41097 1263
p 2 3 700 217 33087 1214
p 2 2 663 255 35001 1170
p 2 0 693 227 34052 1204
p 2 1 703 216 33036 1239
p 2 1 686 233 35849 1211
p 2 0 715 205 38370 1275
p 2 4 685 231 38623 1266
p 2 0 655 265 38260 1223
p 2 0 685 235 37188 1232
p 2 0 685 235 36066 1218
p 2 0 677 243 35790 1217
p 2 0 684 236 36218 1209
p 2 0 665 255 36617 1195
p 2 1 764 155 37465 1307
p 2 0 679 241 34773 1198
p 2 0 652 268 33288 1169
p 2 0 701 219 35173 1224
p 2 0 708 212 36630 1257
p 2 1 686 233 35923 1225
p 2 0 643 277 36511 1173
p 2 0 650 270 36223 1179
p 2 1 671 248 34369 1198
p 2 0 657 263 34678 1170
p 2 0 624 296 35752 1142
p 2 1 659 260 34774 1187
p 2 0 669 251 34356 1170
p 2 0 669 251 35639 1195
p 2 0 646 274 36075 1195
p 2 0 685 235 37007 1220
p 2 1 686 233 38035 1251
p 2 0 682 238 38324 1254
p 2 1 637 282 38057 1225
p 2 1 671 248 36681 1228
p 2 0 685 235 35833 1233
p 2 0 658 262 35998 1200
p 2 0 652 268 36553 1231
p 2 0 677 243 35791 1267
p 2 1 745 174 37996 1364
p 2 1 675 244 35008 1274
p 2 2 624 294 33881 1214
p 2 1 667 252 36441 1258
p 2 1 687 232 37923 1246
p 2 1 659 260 38204 1245
p 2 1 613 306 37965 1173
p 2 0 646 274 37260 1196
p 2 0 666 254 35682 1214
p 2 0 644 276 35391 1184
p 2 0 625 295 47246 1285
p 2 1 655 264 40938 1253
p 2 0 679 241 39593 1264
p 2 0 663 257 40257 1260
p 2 0 614 306 40606 1211
p 2 0 652 268 39835 1258
p 2 0 649 271 40106 1242
p 2 0 633 287 39958 1203
p 2 1 607 312 39459 1181
p 2 0 643 277 33454 1193
p 2 0 648 272 36815 1215
p 2 0 637 283 38122 1206
p 2 4 642 274 44109 1276
p 2 2 652 266 39344 1249
p 2 0 672 248 40610 1256
p 2 0 655 265 37774 1208
p 2 0 668 252 38949 1240
p 2 0 642 278 30014 1188
p 2 0 584 336 29086 1111
p 2 0 632 288 29428 1163
p 2 2 642 276 29443 1185
p 2 1 592 327 28368 1123
p 2 1 602 317 28247 1137
p 2 2 626 292 29482 1186
p 2 3 627 290 40483 1233
p 2 0 653 267 47826 1312
p 2 8 678 234 54622 1433
p 2 13 656 251 51807 1438
p 2 25 604 291 45150 1399
p 2 7 598 315 38020 1244
p 2 23 623 274 45563 1376
p 2 9 667 244 54323 1394
p 2 3 665 252 55556 1393
p 2 3 636 281 53198 1341
p 2 2 632 286 48444 1329
p 2 0 665 255 45774 1344
p 2 2 695 223 43978 1367
p 2 0 668 252 41699 1286
p 2 1 680 239 40218 1265
p 2 0 653 267 38943 1218
p 2 0 663 257 34166 1201
p 2 0 657 263 35053 1176
p 2 0 626 294 34869 1131
p 2 0 642 278 33265 1124
p 2 0 662 258 32600 1142
p 2 0 662 258 23367 1120
p 2 0 583 337 20920 1011
p 2 0 642 278 21407 1081
p 2 0 655 265 21804 1109
p 2 0 626 294 21723 1081
p 2 1 533 386 22801 989
p 2 0 594 326 23776 1090
p 2 1 648 271 24397 1155
p 2 0 620 300 23942 1117
p 2 0 530 390 25819 1019
p 2 0 589 331 24957 1078
p 2 0 629 291 25324 1126
p 2 0 605 315 24590 1098
p 2 0 522 398 25166 1016
p 2 2 572 346 23906 1058
p 2 1 613 306 24590 1108
p 2 0 624 296 23703 1125
p 2 2 590 328 24247 1056
p 2 2 524 394 22638 1000
p 2 1 593 326 24081 1083
p 2 2 642 276 24438 1117
p 2 1 580 339 23928 1056
p 2 1 502 417 22995 969
p 2 0 568 352 22990 1027
p 2 0 585 335 21811 1057
p 2 1 559 360 21377 1018
p 2 1 488 431 21747 954
p 2 1 520 399 21751 970
p 2 1 591 328 21622 1054
p 2 0 545 375 21632 998
p 2 0 537 383 22714 999
p 2 2 666 252 24077 1143
p 2 0 707 213 23358 1193
p 2 1 604 315 20246 1058
p 2 0 522 398 19176 925
p 2 0 547 373 19248 940
p 2 0 555 365 18677 944
p 2 0 508 412 17793 884
p 2 0 483 437 17283 863
p 2 0 500 420 17230 877
p 2 0 541 379 16410 911
p 2 0 463 457 15678 832
p 2 0 456 464 15589 829
p 2 0 441 479 16099 812
p 2 0 454 466 15497 828
p 2 0 428 492 14832 771
p 2 0 430 490 15093 781
i 2 920 0 0 45165 3979
p 2 0 290 630 678 463
p 2 0 300 620 473 439
p 2 0 138 782 361 320
p 2 0 133 787 297 292
p 2 0 34 886 225 222
p 2 0 43 877 518 231
p 2 0 9 911 209 205
p 2 0 16 904 211 210
p 2 0 26 894 424 218
p 2 0 7 913 204 202
p 2 0 3 917 200 200
p 2 0 4 916 413 202
p 2 0 3 917 204 199
p 2 0 6 914 208 203
p 2 0 2 918 412 201
p 2 0 5 915 201 200
p 2 0 13 907 208 208
p 2 0 5 915 260 206
p 2 0 4 916 204 201
p 2 0 4 916 485 202
p 2 0 5 915 207 202
p 2 0 1 919 198 198
p 2 0 1 919 198 198
p 2 0 1 919 198 198
p 2 0 1 919 198 198
p 2 0 1 919 198 198
p 2 0 2 918 407 201
p 2 0 2 918 207 200
p 2 0 1 919 200 198
p 2 0 2 918 254 202
p 2 0 2 918 200 199
p 2 0 1 919 199 198
p 2 0 1 919 198 198
p 2 0 1 919 199 198
i 2 920 0 0 44887 4543
p 2 0 241 679 501 412
p 2 20 400 500 17913 966
p 2 0 253 667 879 446
p 2 60 383 477 29587 1331
p 2 0 255 665 1042 459
p 2 47 311 562 24861 1126
p 2 0 253 667 972 457
p 2 0 143 777 447 329
p 2 10 360 550 19993 932
p 2 0 254 666 1073 457
p 2 0 142 778 501 325
p 2 9 353 558 20337 924
p 2 0 289 631 1232 497
p 2 0 102 818 420 288
p 2 0 88 832 402 272
p 2 0 106 814 424 290
p 2 0 172 748 649 356
p 2 0 83 837 380 271
p 2 0 62 858 332 248
p 2 0 63 857 348 255
p 2 0 53 867 346 244
p 2 0 46 874 986 250
p 2 0 73 847 1209 272
p 2 0 52 868 1267 257
p 2 0 50 870 1357 256
p 2 0 35 885 1420 242
p 2 0 38 882 1449 245
p 2 0 36 884 1515 248
p 2 0 36 884 1446 245
p 2 0 36 884 1473 246
p 2 0 34 886 1471 245
p 2 0 34 886 1443 249
p 2 1 30 889 1333 249
p 2 1 29 890 1292 248
i 2 920 0 0 50682 4477
p 2 0 278 642 592 465
p 2 0 215 705 433 393
p 2 0 102 818 325 290
p 2 0 122 798 334 304
p 2 0 50 870 248 237
p 2 6 68 846 1257 294
p 2 0 21 899 236 218
p 2 0 33 887 238 226
p 2 0 24 896 796 237
p 2 0 22 898 245 215
p 2 2 16 902 1135 237
p 2 0 7 913 220 203
p 2 0 5 915 207 202
p 2 3 12 905 438 240
p 2 0 12 908 211 206
p 2 0 8 912 211 204
p 2 6 17 897 1222 253
p 2 0 9 911 220 206
p 2 0 4 916 201 201
p 2 0 20 900 793 235
p 2 0 16 904 222 211
p 2 0 2 918 201 199
p 2 2 15 903 1136 238
p 2 0 10 910 234 206
p 2 0 4 916 208 201
p 2 3 10 907 438 237
p 2 0 10 910 210 204
p 2 0 4 916 206 201
p 2 2 9 909 971 229
p 2 0 4 916 212 202
p 2 0 1 919 199 198
p 2 0 10 910 425 218
p 2 0 7 913 211 204
p 2 0 1 919 199 198
p 2 6 16 898 1216 252
p 2 0 5 915 212 201
p 2 0 1 919 199 198
p 2 0 13 907 773 226
p 2 0 8 912 215 204
p 2 2 13 905 1145 233
p 2 0 8 912 223 205
p 2 0 5 915 213 202
p 2 0 15 905 819 230
p 2 0 8 912 233 207
p 2 0 3 917 208 200
p 2 2 13 905 1090 231
p 2 0 10 910 229 206
p 2 0 1 919 199 198
p 2 0 0 920 197 197
p 2 0 0 920 197 197
p 2 0 0 920 197 197
p 2 0 0 920 197 197
p 2 0 0 920 197 197
p 2 0 14 906 843 230
p 2 0 7 913 217 206
p 2 0 1 919 199 198
p 2 2 14 904 1102 232
p 2 0 8 912 221 205
p 2 0 1 919 199 198
p 2 0 14 906 817 229
p 2 0 7 913 216 203
p 2 0 1 919 199 198
p 2 2 13 905 1106 231
i 2 920 0 0 69389 4764
p 2 0 153 767 402 340
p 2 0 126 794 325 309
p 2 0 58 862 259 244
p 2 0 64 856 280 252
p 2 0 43 877 246 232
p 2 1 30 889 830 232
p 2 0 28 892 251 221
p 2 0 29 891 258 220
p 2 0 30 890 801 234
p 2 0 14 906 229 211
p 2 0 22 898 239 217
p 2 0 48 872 878 246
p 2 0 23 897 243 215
p 2 0 10 910 208 206
p 2 1 12 907 670 224
p 2 0 12 908 217 206
p 2 1 12 907 796 217
p 2 0 22 898 237 214
p 2 0 20 900 233 214
p 2 0 19 901 763 223
p 2 0 13 907 232 209
p 2 0 4 916 204 200
p 2 0 16 904 832 216
p 2 0 20 900 237 214
p 2 0 23 897 235 216
p 2 0 6 914 206 202
p 2 1 18 901 683 226
p 2 0 15 905 222 209
p 2 0 17 903 223 211
p 2 1 30 889 835 232
p 2 0 25 895 254 220
p 2 7 93 820 7158 434
p 2 0 81 839 1003 288
p 2 1 117 802 7644 452
p 2 0 76 844 480 274
p 2 6 96 818 7540 439
p 2 0 77 843 454 279
p 2 1 103 816 7610 441
p 2 1 76 843 948 291
p 2 6 91 823 7045 427
p 2 0 75 845 468 280
p 2 0 100 820 7826 431
p 2 0 75 845 498 279
p 2 0 26 894 263 222
p 2 0 17 903 540 221
p 2 0 6 914 209 202
p 2 0 8 912 227 204
p 2 1 9 910 817 216
p 2 0 10 910 226 206
p 2 7 88 825 7076 431
p 2 0 69 851 974 278
p 2 0 99 821 7644 431
p 2 0 64 856 439 266
p 2 6 91 823 7461 434
p 2 0 70 850 421 273
p 2 1 95 824 7609 425
p 2 0 70 850 468 275
i 2 920 0 0 58526 4713
p 2 9 466 445 20220 1088
p 2 5 458 457 19344 1056
p 2 8 423 489 22444 1061
p 2 3 450 467 16363 939
p 2 0 445 475 19150 995
p 2 4 424 492 13537 948
p 2 2 419 499 18917 983
p 2 1 444 475 17632 946
p 2 1 319 600 2250 555
p 2 0 220 700 796 409
p 2 1 143 776 1113 352
p 2 0 148 772 616 337
p 2 0 44 876 300 236
p 2 1 72 847 1246 286
p 2 0 59 861 347 247
p 2 0 99 821 478 290
p 2 1 57 862 905 274
p 2 0 49 871 311 239
p 2 0 46 874 322 237
p 2 1 94 825 1338 307
p 2 0 28 892 274 223
p 2 0 51 869 310 241
p 2 0 33 887 270 225
p 2 0 28 892 260 219
p 2 0 12 908 223 205
p 2 0 9 911 215 204
p 2 0 6 914 210 202
p 2 0 8 912 213 204
p 2 0 2 918 200 198
p 2 1 14 905 810 237
p 2 0 12 908 227 210
p 2 1 12 907 437 224
p 2 0 6 914 205 202
p 2 0 4 916 202 202
p 2 0 7 913 204 203
p 2 0 3 917 201 200
p 2 0 3 917 200 200
p 2 0 4 916 202 200
p 2 0 2 918 201 199
p 2 0 1 919 199 198
i 2 920 0 0 50665 4860
p 2 0 247 673 715 442
p 2 0 276 644 2262 481
p 2 12 233 675 8762 616
p 2 0 221 699 4397 467
p 2 0 218 702 5664 500
p 2 12 198 710 9449 589
p 2 0 191 729 6142 484
p 2 0 194 726 6895 487
p 2 12 174 734 9637 570
p 2 0 193 727 6419 483
p 2 0 184 736 6635 476
p 2 12 186 722 9486 581
p 2 0 185 735 6417 477
p 2 0 196 724 6609 486
p 2 10 191 719 17223 738
p 2 0 194 726 5460 491
p 2 0 182 738 6385 476
p 2 11 199 710 16193 748
p 2 0 190 730 5943 490
p 2 0 191 729 4887 451
p 2 11 200 709 16200 761
p 2 0 199 721 3769 455
p 2 0 186 734 2881 416
p 2 11 205 704 17455 759
p 2 0 189 731 1276 421
p 2 0 190 730 2801 425
p 2 13 190 717 8646 581
p 2 0 191 729 4983 454
p 2 0 198 722 6062 494
p 2 13 187 720 9341 589
p 2 0 207 713 6252 502
p 2 0 193 727 6856 492
p 2 10 198 712 9833 593
p 2 0 197 723 6589 501
i 2 920 0 0 62814 4737
p 2 6 895 19 28367 1660
p 2 1 908 11 28884 1632
p 2 2 909 9 29258 1688
p 2 0 914 6 29511 1637
p 2 0 912 8 29934 1674
p 2 0 909 11 30001 1677
p 2 1 917 2 30296 1712
p 2 1 917 2 29973 1689
p 2 2 913 5 27793 1713
p 2 0 912 8 25751 1606
p 2 1 912 7 24223 1607
p 2 0 917 3 25816 1622
p 2 1 915 4 26903 1640
p 2 1 915 4 26034 1636
p 2 0 912 8 25925 1600
p 2 0 914 6 22648 1577
p 2 1 916 3 20102 1482
p 2 1 914 5 16987 1416
p 2 2 912 6 18334 1465
p 2 2 915 3 17067 1489
p 2 1 915 4 18302 1498
p 2 4 911 5 15670 1486
p 2 1 909 10 17729 1457
p 2 0 913 7 21091 1493
p 2 0 915 5 22185 1516
p 2 0 912 8 19723 1447
i 2 920 0 0 64188 4809
p 2 0 906 14 20428 1484
p 2 0 910 10 23248 1530
p 2 2 882 36 36079 1684
p 2 0 892 28 21930 1532
p 2 0 893 27 23647 1545
p 2 0 896 24 35213 1703
p 2 0 885 35 22311 1503
p 2 0 894 26 23352 1529
p 2 2 893 25 36274 1736
p 2 0 888 32 23179 1544
p 2 0 894 26 23688 1526
p 2 0 898 22 36369 1731
p 2 0 896 24 23256 1539
p 2 0 897 23 23774 1545
p 2 0 898 22 23534 1540
p 2 0 896 24 23740 1554
p 2 0 898 22 23486 1550
p 2 0 898 22 23597 1557
p 2 0 898 22 23592 1563
p 2 0 898 22 23627 1557
p 2 0 896 24 23532 1550
p 2 0 905 15 23702 1552
p 2 0 887 33 23581 1534
p 2 0 900 20 23735 1555
p 2 0 889 31 23767 1543
p 2 0 887 33 23771 1553
p 2 0 884 36 23966 1521
p 2 0 891 29 23568 1546
p 2 0 877 43 23533 1522
p 2 0 892 28 23515 1546
p 2 0 883 37 23442 1523
p 2 0 897 23 23420 1527
p 2 0 879 41 23488 1516
p 2 0 892 28 23473 1546
p 2 0 895 25 23464 1532
p 2 0 903 17 23797 1540
p 2 0 895 25 23892 1534
p 2 0 898 22 24054 1556
p 2 0 881 39 23994 1530
p 2 0 878 42 23777 1538
p 2 0 888 32 23792 1545
p 2 0 893 27 23689 1542
p 2 0 891 29 23828 1542
i 2 920 0 0 90783 5609
p 2 0 199 721 587 388
p 2 0 216 704 2090 414
p 2 3 202 715 7470 476
p 2 0 217 703 4617 446
p 2 0 181 739 5637 439
p 2 5 179 736 8339 473
p 2 0 185 735 5950 454
p 2 0 187 733 6389 449
p 2 5 188 727 8973 507
p 2 0 186 734 6374 456
p 2 0 181 739 6537 451
p 2 6 186 728 8873 507
p 2 0 182 738 6219 458
p 2 0 197 723 6483 467
p 2 3 180 737 8917 499
p 2 0 184 736 6460 457
p 2 0 171 749 6536 450
p 2 4 182 734 8899 495
p 2 0 174 746 6108 446
p 2 0 179 741 4971 432
p 2 5 166 749 7545 470
p 2 0 170 750 4012 405
p 2 0 163 757 3627 393
p 2 4 147 769 4738 407
p 2 0 105 815 582 298
p 2 0 147 773 1662 349
p 2 5 158 757 5928 430
p 2 0 169 751 4987 421
p 2 0 169 751 5442 418
i 2 920 0 0 34057 4180
p 2 1 417 502 3813 643
p 2 12 401 507 9092 739
p 2 27 378 515 14295 866
p 2 25 428 467 16365 945
p 2 39 384 497 20564 1064
p 2 67 412 441 27830 1351
p 2 60 424 436 30867 1394
p 2 49 506 365 30579 1484
p 2 33 522 365 28752 1395
p 2 12 600 308 26622 1319
p 2 1 589 330 23177 1174
p 2 5 515 400 9263 864
p 2 0 366 554 6391 629
p 2 0 377 543 6336 636
p 2 6 292 622 8195 635
p 2 0 327 593 5879 593
p 2 0 263 657 5697 540
p 2 2 308 610 8173 630
p 2 0 261 659 5973 544
p 2 0 269 651 6430 541
p 2 5 224 691 6688 530
p 2 0 221 699 3847 450
p 2 0 182 738 2010 393
p 2 2 153 765 3911 413
p 2 0 203 717 2527 412
p 2 0 251 669 5475 501
p 2 90 212 618 24120 1353
p 2 0 275 645 5567 574
p 2 0 296 624 6061 568
p 2 22 281 617 18703 980
p 2 0 307 613 5481 592
p 2 0 277 643 6287 551
p 2 27 260 633 20135 988
p 2 0 273 647 5477 563
p 2 0 285 635 6279 552
i 2 920 0 0 33219 4060
p 2 0 536 384 1254 779
p 2 0 468 452 3391 898
p 2 3 352 565 3985 860
p 2 2 383 535 4643 925
p 2 5 315 600 5114 917
p 2 3 310 607 5808 931
p 2 6 320 594 6328 982
p 2 6 354 560 6344 1041
p 2 5 371 544 6844 1044
p 2 3 361 556 7787 1053
p 2 5 374 541 8935 1079
p 2 3 383 534 10212 1057
p 2 6 391 523 10026 1022
p 2 1 391 528 9631 962
p 2 0 419 501 9768 974
p 2 0 391 529 8968 918
p 2 0 408 512 7962 894
p 2 0 401 519 6178 819
p 2 0 365 555 2041 698
p 2 0 350 570 1888 683
p 2 0 316 604 1806 633
p 2 0 317 603 1818 637
p 2 0 308 612 1829 623
p 2 0 317 603 1806 627
p 2 0 294 626 1796 613
p 2 0 301 619 1694 614
p 2 0 306 614 1781 620
p 2 0 305 615 1576 604
p 2 0 295 625 1769 606
p 2 0 297 623 1636 608
p 2 0 295 625 1668 614
p 2 0 296 624 1602 616
p 2 0 286 634 1706 601
i 2 920 0 0 55790 4735
p 2 0 168 752 424 356
p 2 0 114 806 336 301
p 2 6 97 817 4755 390
p 2 0 67 853 346 261
p 2 0 29 891 237 222
p 2 8 77 835 4824 370
p 2 0 36 884 304 233
p 2 0 17 903 236 212
p 2 10 69 841 6231 398
p 2 0 52 868 491 250
p 2 0 17 903 241 212
p 2 19 73 828 8097 469
p 2 0 55 865 411 253
p 2 0 21 899 244 216
p 2 18 80 822 9164 488
p 2 0 54 866 393 254
p 2 0 28 892 265 221
p 2 0 8 912 214 204
p 2 0 6 914 213 202
p 2 0 5 915 207 202
p 2 0 7 913 211 203
p 2 0 3 917 201 201
p 2 0 1 919 198 198
p 2 0 4 916 528 204
p 2 0 1 919 206 199
p 2 0 1 919 200 198
i 2 920 0 0 39158 4406
p 2 54 257 609 11584 867
p 2 163 194 563 26786 1494
p 2 255 188 477 33415 2110
p 2 224 254 442 34224 2022
p 2 122 393 405 34130 1743
p 2 1 295 624 2221 523
p 2 0 106 814 409 300
p 2 0 116 804 1780 325
p 2 0 77 843 347 265
p 2 2 95 823 1585 310
p 2 0 41 879 286 233
p 2 0 57 863 1963 270
p 2 0 28 892 258 221
p 2 2 54 864 1495 270
p 2 0 26 894 408 224
p 2 0 31 889 1612 245
p 2 0 21 899 259 218
p 2 2 43 875 1819 261
p 2 0 26 894 264 222
p 2 0 31 889 1627 244
p 2 0 35 885 594 231
p 2 2 34 884 1467 255
p 2 0 16 904 241 210
p 2 0 23 897 1908 238
p 2 0 20 900 262 216
p 2 2 16 902 1409 237
p 2 0 17 903 537 215
p 2 0 21 899 1616 235
p 2 0 12 908 228 208
p 2 2 20 898 1743 243
p 2 0 14 906 236 209
p 2 0 20 900 1588 234
p 2 0 14 906 477 215
p 2 2 16 902 1407 237
p 2 0 10 910 230 207
i 2 920 0 0 37061 4622
p 2 381 539 0 43196 3740
p 2 197 723 0 45456 3270
p 2 115 805 0 44633 2892
p 2 56 863 1 41583 2539
p 2 2 914 4 28288 1973
p 2 17 814 89 15888 1537
p 2 0 734 186 4595 1022
p 2 14 660 246 13583 1205
p 2 1 504 415 5893 793
p 2 18 600 302 12591 1136
p 2 0 608 312 3979 879
p 2 24 478 418 13595 1059
p 2 0 536 384 3345 789
p 2 16 548 356 12943 1067
p 2 4 552 364 5446 857
p 2 13 470 437 13320 992
p 2 0 468 452 2989 720
p 2 19 517 384 13251 1071
p 2 0 501 419 3665 775
p 2 20 426 474 11945 948
p 2 7 415 498 5802 744
p 2 14 502 404 12508 1023
p 2 0 485 435 3762 766
p 2 15 500 405 14846 1080
p 2 0 423 497 3192 683
p 2 15 413 492 12011 935
p 2 1 435 484 5956 744
p 2 22 427 471 11860 969
p 2 0 373 547 3055 628
p 2 15 410 495 12377 918
p 2 0 386 534 3413 662
p 2 13 421 486 12854 945
p 2 2 381 537 4962 687
p 2 18 423 479 12133 953
p 2 0 389 531 3518 660
p 2 18 393 509 12723 932
p 2 0 388 532 3086 654
p 2 14 399 507 12324 917
p 2 0 370 550 3465 645
p 2 13 390 517 12964 914
p 2 0 367 553 3116 623
i 2 920 0 0 42973 3832
p 2 0 920 0 9451 1357
p 2 0 920 0 7737 1347
p 2 0 920 0 8774 1353
p 2 0 920 0 7873 1337
p 2 0 920 0 7808 1337
p 2 0 920 0 6643 1316
p 2 0 920 0 8004 1316
p 2 0 920 0 4938 1259
p 2 0 920 0 4584 1254
p 2 0 919 1 5633 1264
p 2 0 920 0 5791 1301
p 2 0 920 0 7372 1307
p 2 0 920 0 7718 1324
p 2 0 920 0 7213 1323
p 2 0 920 0 7260 1349
p 2 0 920 0 7328 1323
p 2 0 920 0 7927 1349
p 2 0 920 0 8100 1318
p 2 1 919 0 8878 1347
p 2 0 920 0 9927 1353
p 2 1 919 0 10158 1372
p 2 1 919 0 8713 1335
p 2 0 920 0 7873 1243
p 2 1 919 0 7033 1239
p 2 0 920 0 5825 1157
p 2 0 920 0 4631 1122
p 2 0 920 0 4605 1112
p 2 0 920 0 6750 1219
p 2 0 920 0 8619 1297
p 2 0 920 0 9245 1324
p 2 0 920 0 9487 1337
p 2 0 920 0 8477 1317
p 2 0 920 0 8444 1319
p 2 0 920 0 9891 1324
p 2 0 920 0 8655 1287
p 2 2 918 0 9443 1272
p 2 0 920 0 7395 1185
p 2 0 920 0 4381 1123
p 2 0 918 2 6438 1149
p 2 0 910 10 7371 1190
p 2 0 895 25 7318 1194
p 2 0 886 34 7188 1187
p 2 0 857 63 9760 1249
p 2 0 575 345 4510 896
p 2 0 518 402 3003 769
p 2 0 305 615 998 504
p 2 0 118 802 471 307
p 2 0 51 869 288 244
p 2 0 28 892 249 222
p 2 0 104 816 451 296
p 2 0 29 891 250 222
p 2 0 12 908 214 208
p 2 0 5 915 205 200
p 2 0 3 917 202 200
i 2 920 0 0 32347 3750
p 2 396 524 0 13370 2699
p 2 426 494 0 14388 2826
p 2 177 743 0 31898 2616
p 2 377 543 0 15230 2739
p 2 191 729 0 15924 2215
p 2 172 748 0 29751 2627
p 2 345 575 0 15406 2648
p 2 162 758 0 17242 2239
p 2 165 755 0 28105 2545
p 2 333 587 0 15969 2704
p 2 183 737 0 15944 2235
p 2 139 781 0 18304 2297
p 2 396 524 0 15014 2753
p 2 173 747 0 16604 2290
p 2 402 518 0 15308 2806
p 2 293 627 0 16072 2659
p 2 385 535 0 14711 2790
p 2 383 537 0 15163 2865
p 2 273 647 0 15807 2798
p 2 229 691 0 15371 2517
p 2 395 525 0 15006 2911
p 2 360 560 0 14436 2825
p 2 208 712 0 15092 2471
p 2 357 563 0 14999 2928
p 2 0 686 234 2308 928
p 2 0 756 164 1521 911
p 2 0 312 608 692 482
p 2 0 476 444 840 634
p 2 0 212 708 551 392
p 2 0 318 602 671 487
p 2 0 114 806 389 304
p 2 0 174 746 439 352
p 2 0 81 839 344 273
p 2 0 133 787 438 315
p 2 0 68 852 307 254
p 2 0 46 874 298 239
p 2 0 33 887 280 228
p 2 0 42 878 293 234
p 2 0 13 907 232 208
p 2 0 30 890 255 225
p 2 0 17 903 256 212
p 2 0 55 865 333 247
p 2 0 33 887 259 227
p 2 0 25 895 220 217
p 2 0 17 903 213 211
p 2 0 17 903 219 212
p 2 0 9 911 211 205
p 2 0 15 905 222 210
p 2 0 12 908 214 207
p 2 0 14 906 213 209
p 2 0 28 892 258 223
p 2 0 30 890 246 223
p 2 0 25 895 244 217
p 2 0 20 900 218 212
p 2 0 4 916 206 201
p 2 0 9 911 213 204
p 2 0 4 916 220 202
p 2 0 7 913 226 204
p 2 0 10 910 221 205
p 2 0 5 915 203 202
p 2 0 5 915 203 200
p 2 0 8 912 211 206
p 2 0 6 914 205 203
p 2 0 5 915 203 201
p 2 0 2 918 202 200
p 2 0 1 919 198 198
p 2 0 0 920 197 197
p 2 0 1 919 199 198
p 2 0 0 920 197 197
p 2 0 0 920 197 197
p 2 0 1 919 198 198
p 2 0 4 916 201 200
p 2 0 0 920 197 197
p 2 0 0 920 197 197
p 2 0 1 919 199 198
p 2 0 5 915 206 202
p 2 0 8 912 208 204
p 2 0 10 910 208 204
p 2 0 10 910 210 206
p 2 0 13 907 216 207
p 2 0 3 917 200 200
p 2 0 5 915 201 201
p 2 0 4 916 201 201
p 2 0 8 912 203 203
p 2 0 3 917 200 200
p 2 0 4 916 200 200
p 2 0 3 917 199 199
p 2 0 5 915 208 201
p 2 0 3 917 209 200
p 2 0 5 915 208 201
p 2 0 2 918 204 199
p 2 0 1 919 198 198
p 2 0 0 920 197 197
p 2 0 1 919 198 198
p 2 0 0 920 197 197
p 2 0 0 920 197 197
p 2 0 0 920 197 197
p 2 0 1 919 199 199
p 2 0 4 916 203 200
p 2 0 1 919 199 198
p 2 0 0 920 197 197
p 2 0 0 920 197 197
p 2 0 0 920 197 197
p 2 0 2 918 199 199
p 2 0 0 920 197 197
p 2 0 2 918 199 199
p 2 0 1 919 198 198
p 2 0 0 920 197 197
p 2 0 0 920 197 197
p 2 0 0 920 197 197
p 2 0 0 920 197 197
p 2 0 0 920 197 197
p 2 0 0 920 197 197
p 2 0 0 920 197 197
p 2 0 0 920 197 197
p 2 0 0 920 197 197
p 2 0 0 920 197 197
p 2 0 0 920 197 197
p 2 0 0 920 197 197
i 2 920 0 0 2668 2668
p 2 0 0 920 197 197
p 2 0 0 920 197 197
p 2 0 0 920 197 197
p 2 0 0 920 197 197
p 2 0 0 920 197 197
p 2 0 0 920 197 197
p 2 0 0 920 197 197
p 2 0 0 920 197 197
p 2 0 0 920 197 197
p 2 0 0 920 197 197
p 2 0 0 920 197 197
p 2 0 0 920 197 197
p 2 0 0 920 197 197
p 2 0 0 920 197 197
p 2 0 0 920 197 197
p 2 0 0 920 197 197
p 2 0 0 920 197 197
p 2 0 0 920 197 197
p 2 0 0 920 197 197
p 2 0 0 920 197 197
p 2 0 0 920 197 197
p 2 0 0 920 197 197
p 2 0 0 920 197 197
