# XviD 2pass stat file (core version 1.3.7)
# Please do not modify this file

i 2 920 0 0 67760 4476
p 2 0 917 3 18261 1261
p 2 0 918 2 20117 1265
p 2 0 919 1 16438 1220
p 2 0 914 6 21335 1307
p 2 0 918 2 17286 1261
p 2 0 917 3 21575 1329
p 2 0 920 0 17285 1286
p 2 0 919 1 20944 1312
p 2 0 920 0 17143 1280
p 2 0 920 0 20997 1314
p 2 0 918 2 17428 1289
p 2 0 918 2 20714 1321
p 2 0 919 1 17218 1299
p 2 0 919 1 20586 1315
p 2 0 918 2 17069 1280
p 2 0 916 4 20307 1309
p 2 0 917 3 16848 1275
p 2 0 916 4 20191 1311
p 2 0 920 0 17009 1284
p 2 0 920 0 19614 1320
p 2 0 919 1 16613 1277
p 2 0 919 1 19836 1322
p 2 0 918 2 16433 1258
p 2 0 919 1 19569 1307
p 2 0 918 2 16209 1275
p 2 0 920 0 19397 1319
p 2 0 918 2 16704 1286
p 2 0 920 0 19018 1317
p 2 0 920 0 16208 1287
p 2 0 919 1 19003 1321
p 2 0 919 1 16364 1275
p 2 0 918 2 18691 1316
p 2 0 920 0 16155 1294
p 2 0 918 2 18373 1307
p 2 0 919 1 16524 1308
p 2 0 918 2 18229 1303
p 2 0 918 2 16171 1286
p 2 0 918 2 18065 1311
p 2 0 920 0 16368 1282
p 2 0 920 0 17828 1305
p 2 0 919 1 16201 1296
p 2 0 919 1 17759 1311
p 2 0 917 3 16295 1307
p 2 0 918 2 17426 1301
p 2 0 916 4 15818 1283
p 2 0 919 1 17467 1317
p 2 0 919 1 16211 1324
p 2 0 919 1 17225 1303
p 2 0 919 1 15944 1305
p 2 0 918 2 16986 1304
p 2 0 919 1 15910 1287
p 2 0 920 0 16592 1304
p 2 0 915 5 15644 1288
p 2 0 918 2 16641 1305
p 2 0 917 3 15336 1291
p 2 0 918 2 16418 1311
p 2 0 919 1 15227 1299
p 2 0 920 0 15974 1295
p 2 0 919 1 14830 1263
p 2 0 920 0 16072 1300
p 2 0 918 2 15014 1300
p 2 0 917 3 15682 1306
p 2 0 916 4 14709 1274
p 2 0 920 0 15903 1332
p 2 0 919 1 14579 1291
p 2 0 920 0 15655 1308
p 2 0 920 0 14346 1286
p 2 0 918 2 15725 1308
p 2 0 919 1 14142 1288
p 2 0 918 2 15204 1303
p 2 0 917 3 14156 1305
p 2 0 918 2 15158 1299
p 2 0 916 4 13690 1286
p 2 0 919 1 14894 1295
p 2 0 915 5 13875 1285
p 2 0 920 0 14618 1287
p 2 0 920 0 13540 1287
p 2 0 918 2 14641 1296
p 2 0 919 1 13306 1280
p 2 0 920 0 14333 1297
p 2 0 919 1 13276 1284
p 2 0 918 2 14276 1287
p 2 0 917 3 12897 1265
p 2 0 917 3 13802 1283
p 2 0 920 0 12675 1275
p 2 0 918 2 13879 1277
p 2 0 920 0 12711 1283
p 2 0 919 1 13834 1307
p 2 0 912 8 12238 1261
p 2 0 919 1 13622 1294
p 2 0 917 3 11979 1248
p 2 0 918 2 13474 1271
p 2 0 918 2 11875 1258
p 2 0 920 0 13322 1257
i 2 920 0 0 28730 3996
p 2 0 395 525 872 598
p 2 0 383 537 930 587
p 2 3 422 495 9069 896
p 2 0 420 500 1342 647
p 2 0 282 638 1004 506
p 2 1 422 497 6973 835
p 2 0 324 596 1297 555
p 2 0 304 616 1124 525
p 2 0 367 553 6580 777
p 2 0 319 601 1243 547
p 2 0 259 661 1032 481
p 2 0 369 551 5256 698
p 2 0 277 643 1198 513
p 2 0 268 652 1071 491
p 2 0 345 575 5878 708
p 2 0 288 632 1226 510
p 2 0 210 710 873 426
p 2 15 342 563 8277 795
p 2 0 245 675 864 458
p 2 0 189 731 666 388
p 2 35 291 594 11164 924
p 2 0 279 641 1086 508
p 2 0 225 695 758 426
p 2 43 361 516 13989 1138
p 2 0 354 566 1399 600
p 2 0 285 635 1094 510
p 2 8 426 486 11154 960
p 2 0 372 548 1424 619
p 2 0 253 667 985 475
p 2 10 455 455 11317 1005
p 2 0 381 539 1475 611
p 2 0 277 643 1087 503
p 2 2 381 537 7537 770
p 2 0 340 580 1383 580
p 2 0 280 640 1128 501
p 2 2 374 544 7640 746
p 2 0 282 638 981 500
p 2 4 321 595 8943 765
p 2 0 298 622 1111 515
p 2 8 338 574 8544 788
p 2 0 306 614 1156 535
p 2 24 375 521 10353 951
p 2 0 303 617 1129 529
p 2 0 247 673 1002 467
p 2 0 218 702 894 433
p 2 0 244 676 1072 468
p 2 0 193 727 781 397
p 2 0 162 758 737 374
p 2 0 207 713 958 431
p 2 0 211 709 982 436
p 2 0 356 564 7298 712
p 2 0 288 632 1206 517
p 2 0 202 718 798 410
p 2 0 357 563 5996 675
p 2 0 256 664 798 449
p 2 0 174 746 664 379
p 2 0 317 603 5539 612
p 2 0 234 686 978 453
p 2 0 195 725 793 403
p 2 13 380 527 10506 913
p 2 0 313 607 1215 537
p 2 0 254 666 987 475
p 2 4 408 508 9333 841
p 2 0 323 597 1283 560
p 2 0 238 682 1010 460
p 2 0 403 517 7411 786
p 2 0 339 581 1349 571
p 2 0 246 674 1024 480
p 2 0 385 535 7124 757
p 2 0 312 608 1320 557
p 2 0 213 707 921 430
p 2 14 349 557 13061 945
p 2 0 281 639 1153 522
p 2 0 252 668 995 470
p 2 4 354 562 10082 821
p 2 0 322 598 1285 556
p 2 0 257 663 923 468
p 2 0 370 550 8060 753
p 2 0 330 590 1372 563
p 2 0 291 629 1216 511
p 2 0 363 557 8626 777
p 2 0 336 584 1405 585
p 2 0 250 670 1137 475
p 2 67 331 522 12602 1208
p 2 0 316 604 1297 553
p 2 0 288 632 1181 518
p 2 16 348 556 10261 896
p 2 0 331 589 1323 577
p 2 0 285 635 1019 498
p 2 10 314 596 8236 763
p 2 0 223 697 797 444
p 2 0 222 698 717 421
p 2 0 202 718 722 410
p 2 0 184 736 689 383
i 2 920 0 0 59129 4550
p 2 0 113 807 377 299
p 2 0 42 878 254 233
p 2 163 259 498 26809 1795
p 2 0 217 703 922 428
p 2 0 95 825 394 282
p 2 80 372 468 27879 1595
p 2 0 299 621 1238 534
p 2 0 145 775 552 343
p 2 83 399 438 30179 1701
p 2 0 323 597 1294 572
p 2 0 137 783 508 328
p 2 37 464 419 28071 1559
p 2 0 347 573 1428 589
p 2 0 190 730 636 386
p 2 60 452 408 27293 1652
p 2 0 335 585 1228 552
p 2 0 107 813 451 305
p 2 15 467 438 21415 1255
p 2 0 333 587 1281 538
p 2 0 147 773 552 335
p 2 19 463 438 22084 1250
p 2 0 308 612 1249 523
p 2 0 96 824 391 286
p 2 73 433 414 27243 1629
p 2 0 300 620 1205 517
p 2 0 107 813 411 295
p 2 11 458 451 22357 1284
p 2 0 344 576 1330 560
p 2 0 168 752 581 353
p 2 2 484 434 23481 1242
p 2 0 337 583 1386 552
p 2 0 139 781 484 331
p 2 44 450 426 27707 1544
p 2 0 318 602 1276 543
p 2 0 101 819 407 294
p 2 63 430 427 27365 1630
p 2 0 327 593 1324 552
p 2 0 147 773 522 335
p 2 15 460 445 21491 1252
p 2 0 310 610 1243 529
p 2 0 121 799 457 309
p 2 19 437 464 22502 1233
p 2 0 295 625 1164 514
p 2 0 95 825 407 288
p 2 0 44 876 272 237
p 2 0 16 904 229 212
i 2 920 0 0 29985 4141
p 2 0 592 328 1300 802
p 2 0 559 361 1431 760
p 2 16 543 361 10874 1030
p 2 0 549 371 1899 790
p 2 0 443 477 1569 672
p 2 4 576 340 10527 1013
p 2 0 446 474 1917 711
p 2 0 469 451 1804 705
p 2 3 536 381 11446 994
p 2 0 473 447 2008 740
p 2 0 373 547 1726 642
p 2 12 534 374 11138 1069
p 2 0 492 428 2147 778
p 2 0 444 476 1810 706
p 2 5 569 346 11984 1063
p 2 0 518 402 2236 801
p 2 0 427 493 1679 672
p 2 13 534 373 12714 1114
p 2 0 408 512 1470 648
p 2 0 388 532 1256 600
p 2 16 502 402 13937 1127
p 2 0 471 449 1888 723
p 2 0 413 507 1496 639
p 2 96 506 318 20411 1644
p 2 0 459 461 1891 728
p 2 0 419 501 1618 666
p 2 103 511 306 21810 1730
p 2 0 509 411 1969 765
p 2 0 478 442 1974 725
p 2 103 541 276 21281 1742
p 2 0 515 405 1956 785
p 2 0 480 440 1673 721
p 2 0 429 491 1585 659
p 2 18 612 290 16665 1407
p 2 0 522 398 2033 836
p 2 0 439 481 1471 666
p 2 0 379 541 1048 582
p 2 27 566 327 16837 1371
p 2 0 495 425 1674 737
p 2 0 394 526 1317 610
p 2 0 364 556 1279 582
p 2 4 608 308 13738 1192
p 2 0 486 434 1835 739
p 2 0 404 516 1368 630
p 2 2 589 329 11345 1073
p 2 0 495 425 1877 746
p 2 0 411 509 1431 635
p 2 0 605 315 11967 1100
p 2 0 522 398 1931 764
p 2 0 421 499 1572 656
p 2 0 370 550 1372 591
p 2 0 336 584 1319 558
p 2 0 335 585 1394 564
p 2 0 326 594 1148 538
p 2 0 223 697 796 429
p 2 0 271 649 969 476
p 2 0 228 692 955 446
p 2 0 278 642 1081 495
p 2 0 234 686 1001 458
p 2 0 236 684 1057 448
p 2 0 246 674 1091 471
p 2 0 258 662 1174 486
p 2 0 273 647 1172 497
p 2 0 275 645 1147 502
p 2 0 243 677 1198 474
p 2 0 254 666 1188 486
p 2 0 233 687 1163 470
p 2 0 265 655 1187 497
p 2 0 245 675 1222 483
p 2 0 248 672 1190 492
p 2 0 274 646 1262 504
p 2 0 220 700 1031 435
p 2 0 230 690 818 440
p 2 0 191 729 816 405
p 2 0 233 687 889 441
p 2 0 216 704 931 431
p 2 0 215 705 955 436
p 2 0 217 703 1000 429
p 2 0 223 697 1037 448
p 2 0 228 692 1061 452
p 2 0 232 688 1130 461
p 2 0 217 703 1103 450
p 2 0 237 683 1155 468
p 2 0 220 700 1134 455
p 2 0 264 656 1248 492
p 2 0 242 678 1216 482
p 2 0 241 679 1163 476
p 2 0 242 678 1165 469
p 2 0 221 699 1192 451
p 2 0 247 673 1025 470
p 2 0 179 741 685 390
p 2 0 192 728 799 399
p 2 0 199 721 880 412
p 2 0 199 721 1002 419
p 2 0 199 721 915 418
p 2 0 205 715 1016 429
p 2 0 203 717 1005 429
p 2 0 214 706 1094 448
p 2 0 239 681 1146 471
p 2 0 219 701 1056 447
p 2 0 234 686 1092 454
p 2 0 243 677 1174 480
p 2 0 234 686 1128 470
p 2 0 247 673 1153 483
p 2 0 226 694 1217 473
p 2 0 234 686 1160 465
p 2 0 198 722 928 408
p 2 0 136 784 561 344
p 2 0 181 739 721 391
p 2 0 174 746 806 385
p 2 0 198 722 838 413
p 2 0 180 740 888 404
p 2 0 191 729 922 408
p 2 0 204 716 956 429
p 2 0 217 703 1006 444
p 2 0 226 694 1044 453
p 2 0 230 690 1076 455
p 2 0 212 708 1115 448
i 2 920 0 0 28567 3920
p 2 35 885 0 13427 2032
p 2 33 887 0 13388 2016
p 2 15 905 0 12861 1954
p 2 20 900 0 12684 1926
p 2 25 895 0 12669 1930
p 2 23 897 0 12062 1901
p 2 17 903 0 12203 1887
p 2 23 897 0 11803 1885
p 2 17 903 0 12018 1845
p 2 19 901 0 11566 1783
p 2 15 905 0 11523 1847
p 2 0 853 67 4706 1121
p 2 0 836 84 5202 1121
p 2 0 844 76 5033 1144
p 2 0 850 70 5741 1169
p 2 0 855 65 5361 1166
p 2 0 836 84 5445 1139
p 2 0 835 85 5253 1146
p 2 0 838 82 5566 1154
p 2 0 839 81 5385 1143
p 2 0 835 85 5435 1130
p 2 0 830 90 5311 1143
p 2 0 839 81 5732 1161
p 2 0 866 54 5647 1174
p 2 0 827 93 5495 1134
p 2 0 825 95 5336 1132
p 2 0 852 68 5309 1170
p 2 0 852 68 5773 1166
p 2 0 838 82 5463 1158
p 2 0 832 88 5574 1147
p 2 0 830 90 5306 1140
p 2 0 845 75 5861 1183
p 2 0 820 100 5430 1148
p 2 0 844 76 5552 1157
p 2 0 845 75 5477 1180
p 2 0 836 84 5637 1160
p 2 0 850 70 5708 1186
p 2 0 839 81 5608 1163
p 2 0 842 78 5426 1166
p 2 0 864 56 5892 1191
p 2 0 862 58 5748 1205
p 2 0 856 64 5867 1197
p 2 0 846 74 5459 1168
p 2 0 860 60 5908 1197
p 2 0 834 86 5676 1149
p 2 0 862 58 5908 1203
p 2 0 864 56 5967 1218
p 2 0 864 56 6198 1208
p 2 0 857 63 5352 1182
p 2 0 825 95 5655 1140
p 2 0 847 73 5456 1180
p 2 0 842 78 5779 1174
p 2 0 832 88 5615 1169
p 2 0 876 44 5834 1201
p 2 0 822 98 5614 1148
p 2 0 866 54 5848 1191
p 2 0 839 81 5511 1156
p 2 0 854 66 5803 1200
p 2 0 847 73 5476 1155
p 2 0 855 65 5825 1186
p 2 0 854 66 5786 1178
p 2 0 847 73 5845 1172
p 2 0 882 38 5959 1237
p 2 0 851 69 5752 1171
p 2 0 834 86 5596 1148
p 2 0 847 73 5660 1166
p 2 0 829 91 5642 1159
p 2 0 859 61 6108 1195
p 2 0 842 78 5436 1166
p 2 0 844 76 5664 1162
i 2 920 0 0 17114 3497
p 2 0 853 67 4000 1096
p 2 0 864 56 4845 1115
p 2 0 747 173 4559 1001
p 2 0 844 76 4896 1082
p 2 0 783 137 4917 1037
p 2 0 842 78 4897 1086
p 2 0 749 171 4993 1014
p 2 0 834 86 4819 1101
p 2 0 775 145 4862 1029
p 2 0 831 89 4860 1087
p 2 0 754 166 4799 1018
p 2 0 844 76 4832 1090
p 2 0 804 116 5061 1053
p 2 0 858 62 4848 1097
p 2 0 786 134 4961 1040
p 2 0 844 76 4975 1108
p 2 0 751 169 4968 1017
p 2 0 826 94 5040 1074
p 2 0 825 95 5003 1084
p 2 0 815 105 5083 1090
p 2 0 802 118 5187 1056
p 2 0 818 102 4916 1081
p 2 0 783 137 4876 1042
p 2 0 855 65 5057 1109
p 2 0 804 116 5269 1060
p 2 0 828 92 5092 1101
p 2 0 765 155 5009 1017
p 2 0 863 57 5135 1116
p 2 0 782 138 5269 1068
p 2 0 859 61 5017 1098
p 2 0 785 135 5160 1044
p 2 0 872 48 5050 1118
p 2 0 827 93 5063 1069
p 2 0 833 87 5126 1112
p 2 0 780 140 4992 1038
p 2 0 850 70 5087 1106
p 2 0 813 107 5121 1047
p 2 0 846 74 5252 1101
p 2 0 791 129 5263 1047
p 2 0 870 50 5133 1124
p 2 0 788 132 5060 1053
p 2 0 839 81 4868 1082
p 2 0 795 125 5048 1063
p 2 0 820 100 4977 1089
p 2 0 784 136 4927 1048
p 2 0 852 68 4920 1102
i 2 920 0 0 14154 3428
p 2 2 910 8 6170 1333
p 2 2 907 11 6004 1328
p 2 1 914 5 5640 1333
p 2 2 907 11 6149 1363
p 2 0 917 3 5971 1358
p 2 2 913 5 6459 1383
p 2 0 918 2 6017 1357
p 2 0 913 7 6701 1393
p 2 1 917 2 6951 1411
p 2 0 912 8 7431 1419
p 2 0 916 4 7244 1379
p 2 0 910 10 7362 1399
p 2 0 910 10 7263 1361
p 2 1 912 7 7232 1398
p 2 0 914 6 7402 1379
p 2 0 911 9 7402 1392
p 2 0 912 8 7588 1388
p 2 0 914 6 7682 1400
p 2 0 909 11 7608 1367
p 2 0 909 11 8119 1402
p 2 0 915 5 7749 1376
p 2 0 912 8 8532 1403
p 2 1 918 1 8264 1405
p 2 1 907 12 8505 1411
p 2 0 908 12 9051 1387
p 2 1 910 9 8992 1395
p 2 2 912 6 8841 1393
p 2 0 906 14 9051 1388
p 2 0 907 13 9151 1368
p 2 0 904 16 9297 1367
p 2 0 906 14 9245 1384
p 2 0 901 19 9492 1407
p 2 0 905 15 9905 1380
p 2 0 905 15 10261 1421
p 2 1 901 18 9918 1377
p 2 0 913 7 10452 1394
p 2 0 908 12 10232 1410
p 2 0 911 9 10386 1412
p 2 0 900 20 10484 1377
p 2 0 909 11 10686 1411
p 2 1 902 17 10986 1385
p 2 1 907 12 11516 1401
p 2 1 908 11 11811 1412
p 2 0 904 16 12068 1387
p 2 3 905 12 12632 1427
p 2 4 912 4 13234 1445
p 2 4 903 13 13602 1437
p 2 2 911 7 13640 1435
p 2 3 909 8 13663 1439
p 2 2 911 7 14062 1431
p 2 2 914 4 13563 1423
p 2 3 911 6 13953 1438
p 2 3 908 9 14261 1463
p 2 2 910 8 14767 1472
p 2 4 908 8 15205 1487
p 2 2 912 6 15667 1487
p 2 4 913 3 15818 1490
p 2 3 906 11 15999 1533
p 2 2 909 9 16474 1517
p 2 2 911 7 16417 1522
p 2 2 913 5 17092 1517
p 2 1 913 6 16895 1519
p 2 2 915 3 17142 1508
p 2 4 908 8 17589 1492
p 2 2 905 13 18062 1490
p 2 6 909 5 18168 1508
p 2 6 900 14 12234 1441
i 2 920 0 0 64736 4333
p 2 0 218 702 490 390
p 2 0 297 623 6791 559
p 2 0 690 230 34270 1366
p 2 0 518 402 1925 733
p 2 0 367 553 6553 622
p 2 0 678 242 30172 1252
p 2 0 559 361 2040 768
p 2 0 318 602 6218 573
p 2 1 647 272 32026 1286
p 2 0 530 390 2111 750
p 2 0 461 459 7870 738
p 2 0 662 258 29827 1227
p 2 0 501 419 1907 714
p 2 0 332 588 7121 604
p 2 1 661 258 28602 1218
p 2 0 493 427 1893 695
p 2 0 308 612 8032 593
p 2 1 647 272 31969 1265
p 2 0 502 418 1935 713
p 2 0 357 563 7688 640
p 2 0 658 262 30244 1237
p 2 0 507 413 1977 719
p 2 0 399 521 7176 664
p 2 0 661 259 34300 1316
p 2 0 521 399 1993 737
p 2 0 332 588 7211 609
p 2 0 667 253 33093 1314
p 2 0 525 395 1956 727
p 2 0 331 589 6516 591
p 2 0 650 270 30036 1223
p 2 0 505 415 1976 724
p 2 0 334 586 6282 582
p 2 1 650 269 31897 1279
p 2 0 508 412 1959 719
p 2 0 404 516 7669 673
p 2 0 648 272 29862 1222
p 2 0 506 414 1951 713
p 2 0 313 607 7162 590
p 2 1 643 276 28701 1195
p 2 0 497 423 1855 700
p 2 0 328 592 8088 616
p 2 1 642 277 31838 1266
p 2 0 497 423 1879 706
p 2 0 338 582 7637 623
p 2 0 647 273 30446 1238
p 2 0 501 419 1895 718
p 2 0 397 523 7214 670
p 2 0 656 264 34307 1316
p 2 0 498 422 1941 712
p 2 0 344 576 7191 616
p 2 0 646 274 33086 1289
p 2 0 510 410 1985 729
p 2 0 329 591 6464 593
p 2 0 650 270 30001 1231
p 2 0 491 429 1956 711
p 2 0 350 570 6277 601
p 2 1 633 286 31830 1262
p 2 0 487 433 2007 708
p 2 0 395 525 7738 675
p 2 0 647 273 29811 1218
p 2 0 512 408 1968 724
p 2 0 328 592 7121 597
p 2 1 643 276 28717 1200
p 2 0 485 435 1894 689
p 2 0 300 620 7947 588
p 2 1 650 269 31877 1272
p 2 0 489 431 1840 699
p 2 0 330 590 7612 619
p 2 0 641 279 30245 1223
i 2 920 0 0 36420 3983
p 2 1 765 154 10688 1450
p 2 0 710 210 9665 1347
p 2 12 790 118 28910 1888
p 2 0 755 165 10722 1412
p 2 0 723 197 10441 1355
p 2 9 760 151 27960 1800
p 2 2 794 124 11237 1490
p 2 4 714 202 10096 1411
p 2 5 770 145 25522 1754
p 2 3 735 182 9765 1399
p 2 2 704 214 8636 1310
p 2 3 765 152 24150 1693
p 2 1 719 200 8185 1355
p 2 1 698 221 7507 1293
p 2 5 729 186 25155 1573
p 2 0 716 204 9247 1301
p 2 0 648 272 7915 1187
p 2 2 748 170 26668 1578
p 2 0 638 282 9416 1210
p 2 1 667 252 8381 1244
p 2 14 670 236 26037 1682
p 2 0 678 242 9100 1318
p 2 0 629 291 7730 1230
p 2 3 705 212 25778 1646
p 2 0 701 219 8762 1331
p 2 0 645 275 7419 1246
p 2 4 710 206 25053 1677
p 2 0 731 189 7577 1336
p 2 3 652 265 7050 1248
p 2 5 730 185 23424 1655
p 2 1 646 273 8376 1279
p 2 0 671 249 7888 1273
p 2 4 676 240 24931 1508
p 2 0 684 236 8994 1275
p 2 0 571 349 7848 1140
p 2 5 755 160 25804 1634
p 2 0 681 239 8336 1267
p 2 0 680 240 8040 1268
p 2 11 718 191 26583 1763
p 2 0 728 192 9453 1344
p 2 0 650 270 8244 1260
p 2 6 750 164 26620 1782
p 2 0 698 222 10353 1388
p 2 0 698 222 8851 1346
p 2 8 737 175 25341 1785
p 2 1 752 167 10113 1464
p 2 1 723 196 8731 1362
p 2 2 751 167 25518 1696
p 2 1 740 179 9483 1432
p 2 0 730 190 8963 1368
p 2 6 737 177 27822 1658
p 2 1 756 163 11210 1394
p 2 0 680 240 10451 1272
p 2 5 791 124 29196 1698
p 2 1 719 200 11197 1398
p 2 0 703 217 10645 1366
p 2 14 711 195 28420 1772
p 2 1 747 172 10907 1404
i 2 920 0 0 79990 4931
p 2 0 88 832 322 276
p 2 3 41 876 888 254
p 2 9 893 18 69154 2166
p 2 8 681 231 4900 1000
p 2 0 309 611 1028 494
p 2 13 896 11 70758 2176
p 2 0 686 234 2943 944
p 2 18 392 510 5560 733
p 2 7 879 34 67277 2126
p 2 22 684 214 8309 1156
p 2 0 357 563 1365 552
p 2 40 859 21 71872 2332
p 2 0 664 256 3023 935
p 2 45 277 598 9923 839
p 2 14 849 57 64963 2099
p 2 30 697 193 11744 1284
p 2 0 340 580 1285 542
p 2 59 839 22 69370 2447
p 2 0 637 283 2788 898
p 2 44 317 559 14423 903
p 2 10 873 37 64551 2113
p 2 26 677 217 13385 1224
p 2 0 347 573 1264 542
p 2 39 860 21 70000 2293
p 2 0 689 231 3054 965
p 2 29 329 562 11259 763
p 2 7 889 24 69745 2156
p 2 22 691 207 9170 1156
p 2 0 307 613 1085 499
p 2 22 880 18 72510 2231
p 2 0 694 226 3086 967
p 2 27 338 555 10077 771
p 2 6 886 28 67306 2134
p 2 27 684 209 13319 1226
p 2 0 342 578 1298 540
p 2 39 861 20 73188 2331
p 2 0 671 249 3058 941
p 2 26 332 562 13330 798
p 2 14 873 33 67803 2160
p 2 27 697 196 16069 1251
p 2 0 346 574 1285 545
p 2 39 860 21 71180 2372
p 2 0 659 261 2844 914
p 2 30 302 588 12648 809
p 2 5 883 32 65828 2116
p 2 45 676 199 16298 1328
p 2 0 338 582 1320 545
p 2 45 849 26 71523 2354
p 2 0 672 248 2921 950
p 2 19 294 607 6401 649
p 2 9 883 28 68536 2141
p 2 17 706 197 9393 1162
p 2 0 318 602 1164 511
p 2 27 878 15 72404 2247
p 2 0 691 229 3181 970
p 2 27 293 600 10353 745
p 2 6 885 29 66598 2107
p 2 22 711 187 12959 1214
p 2 0 334 586 1212 525
p 2 38 863 19 72291 2314
p 2 0 660 260 2918 926
p 2 10 311 599 6228 618
p 2 17 865 38 68552 2191
p 2 7 688 225 6577 1056
i 2 920 0 0 59427 4462
p 2 0 113 807 373 303
p 2 3 82 835 1677 291
p 2 3 846 71 41803 1803
p 2 18 517 385 7945 895
p 2 0 232 688 735 408
p 2 57 781 82 48075 2082
p 2 0 534 386 2006 752
p 2 41 274 605 15203 862
p 2 4 810 106 36485 1693
p 2 37 597 286 21166 1339
p 2 0 350 570 1226 545
p 2 41 832 47 50037 2096
p 2 0 598 322 2265 843
p 2 11 446 463 21049 1000
p 2 2 837 81 36867 1745
p 2 23 649 248 23808 1339
p 2 0 343 577 1185 540
p 2 83 784 53 59380 2401
p 2 0 576 344 2240 819
p 2 87 347 486 27388 1391
p 2 4 781 135 32764 1623
p 2 87 601 232 29336 1650
p 2 0 362 558 1207 562
p 2 85 786 49 52449 2386
p 2 0 536 384 2098 782
p 2 95 443 382 25362 1503
p 2 3 763 154 34835 1588
p 2 24 640 256 24286 1380
p 2 0 343 577 1273 562
p 2 45 809 66 52345 2197
p 2 0 582 338 2246 828
p 2 180 323 417 29181 1760
p 2 3 739 178 31795 1566
p 2 92 604 224 26205 1728
p 2 0 345 575 1165 553
p 2 84 778 58 50397 2350
p 2 0 535 385 2052 778
p 2 99 331 490 23730 1344
p 2 2 808 110 39657 1769
p 2 44 575 301 15760 1246
p 2 0 309 611 990 501
p 2 23 832 65 45159 2027
p 2 0 581 339 2225 817
p 2 13 261 646 4652 569
p 2 3 848 69 39900 1830
p 2 0 598 322 2750 841
i 2 920 0 0 72257 4823
p 2 0 210 710 429 374
p 2 0 129 791 327 308
p 2 6 527 387 44557 1284
p 2 0 434 486 1788 644
p 2 0 270 650 922 450
p 2 11 477 432 39572 1237
p 2 0 387 533 1810 616
p 2 0 145 775 534 333
p 2 11 446 463 42004 1256
p 2 0 364 556 1797 597
p 2 0 173 747 683 362
p 2 4 446 470 40718 1167
p 2 0 341 579 1628 569
p 2 0 116 804 483 303
p 2 7 431 482 39283 1175
p 2 0 333 587 1628 553
p 2 0 149 771 602 335
p 2 12 431 477 42633 1250
p 2 0 343 577 1670 575
p 2 0 145 775 657 336
p 2 11 418 491 42212 1200
p 2 0 325 595 1633 555
p 2 0 151 769 640 343
p 2 10 425 485 50015 1278
p 2 0 350 570 1759 579
p 2 0 118 802 512 305
p 2 12 435 473 47082 1269
p 2 0 355 565 1741 583
p 2 0 170 750 697 361
p 2 14 450 456 41392 1289
p 2 0 359 561 1793 598
p 2 0 132 788 562 326
p 2 15 462 443 43321 1336
p 2 0 367 553 1740 598
p 2 0 135 785 592 325
p 2 2 442 476 37903 1146
p 2 0 333 587 1593 562
p 2 0 130 790 537 320
p 2 6 419 495 37286 1127
p 2 0 317 603 1537 538
p 2 0 114 806 494 301
p 2 3 470 447 41371 1221
p 2 0 362 558 1748 589
p 2 0 141 779 557 328
p 2 1 447 472 40645 1152
p 2 0 357 563 1791 587
p 2 0 122 798 550 312
p 2 5 451 464 49289 1250
p 2 0 332 588 1601 551
p 2 0 94 826 464 283
p 2 8 437 475 45050 1215
p 2 0 353 567 1726 591
p 2 0 126 794 563 319
p 2 5 430 485 37396 1144
p 2 0 350 570 1717 587
p 2 0 123 797 518 314
p 2 4 423 493 39133 1159
p 2 0 337 583 1669 572
p 2 0 130 790 549 317
p 2 2 436 482 37807 1127
p 2 0 318 602 1573 548
p 2 0 113 807 484 300
p 2 5 419 496 37190 1124
p 2 0 329 591 1657 554
p 2 0 118 802 511 306
p 2 3 427 490 39450 1152
p 2 0 337 583 1670 569
p 2 0 124 796 521 314
p 2 1 418 501 39089 1112
p 2 0 331 589 1706 558
p 2 0 148 772 657 338
p 2 4 442 474 48435 1238
p 2 0 323 597 1613 543
p 2 0 110 810 479 295
p 2 16 442 462 45903 1272
p 2 0 352 568 1712 578
p 2 0 136 784 577 328
p 2 17 461 442 41637 1289
p 2 0 376 544 1879 615
p 2 0 152 768 603 343
p 2 19 627 274 50172 1644
p 2 0 467 453 2066 712
p 2 0 165 755 638 355
p 2 8 661 251 47658 1545
p 2 0 457 463 2019 691
p 2 0 161 759 584 343
p 2 9 658 253 47115 1550
p 2 0 456 464 2056 686
p 2 0 158 762 630 348
p 2 3 474 443 38942 1191
p 2 0 346 574 1647 572
p 2 0 146 774 615 333
p 2 1 460 459 38905 1148
p 2 0 345 575 1623 563
p 2 0 210 710 866 400
p 2 6 438 476 47500 1237
p 2 0 327 593 1593 550
p 2 0 107 813 481 294
p 2 8 427 485 43173 1181
p 2 0 356 564 1761 596
p 2 0 113 807 511 302
p 2 5 424 491 37399 1140
p 2 0 332 588 1660 574
p 2 0 141 779 541 328
p 2 4 420 496 38978 1156
p 2 0 356 564 1733 584
p 2 0 165 755 623 344
p 2 2 427 491 37755 1116
p 2 0 341 579 1651 566
p 2 0 113 807 485 302
p 2 5 420 495 37026 1120
p 2 0 328 592 1632 561
p 2 0 114 806 505 305
p 2 3 427 490 38862 1153
p 2 0 330 590 1626 554
p 2 0 124 796 556 313
p 2 1 419 500 38613 1103
p 2 0 350 570 1748 575
i 2 920 0 0 39112 3929
p 2 0 223 697 443 392
p 2 0 186 734 358 351
p 2 1 506 413 15158 973
p 2 0 344 576 976 520
p 2 0 126 794 414 303
p 2 3 433 484 14940 900
p 2 0 230 690 818 423
p 2 0 81 839 316 263
p 2 2 451 467 15166 912
p 2 0 244 676 862 435
p 2 0 137 783 427 315
p 2 1 451 468 14895 895
p 2 0 249 671 916 445
p 2 0 113 807 400 294
p 2 1 431 488 14816 901
p 2 0 281 639 960 472
p 2 0 106 814 402 291
p 2 34 428 458 15359 1053
p 2 0 228 692 834 421
p 2 0 94 826 346 275
p 2 19 441 460 15402 1016
p 2 0 279 641 945 464
p 2 0 125 795 386 300
p 2 23 434 463 16822 1048
p 2 0 271 649 895 467
p 2 0 106 814 400 292
p 2 32 622 266 29797 1546
p 2 0 411 509 1358 603
p 2 0 176 744 531 354
p 2 24 624 272 32412 1527
p 2 0 393 527 1418 602
p 2 0 155 765 486 335
p 2 56 612 252 40188 1808
p 2 0 415 505 1511 624
p 2 0 219 701 613 393
p 2 22 661 237 38360 1640
p 2 0 446 474 1641 665
p 2 0 219 701 599 385
p 2 8 627 285 34629 1478
p 2 0 402 518 1543 620
p 2 0 159 761 538 340
p 2 15 655 250 34082 1543
p 2 0 419 501 1535 626
p 2 0 180 740 582 358
p 2 5 455 460 15653 949
p 2 0 289 631 1096 484
p 2 0 144 776 489 321
p 2 3 473 444 16941 988
p 2 0 297 623 1042 494
p 2 0 140 780 422 316
p 2 4 446 470 15123 931
p 2 0 269 651 911 456
p 2 0 156 764 436 324
p 2 4 424 492 15168 885
p 2 0 241 679 865 426
p 2 26 388 506 26747 1184
p 2 1 594 325 16440 1108
p 2 21 520 379 25533 1254
p 2 0 342 578 1215 540
p 2 19 644 257 34299 1554
p 2 0 421 499 1563 626
p 2 22 359 539 22670 1050
p 2 2 589 329 16213 1096
p 2 0 332 588 1241 552
p 2 0 170 750 565 354
p 2 2 482 436 15944 990
p 2 0 303 617 1048 496
p 2 0 169 751 504 341
p 2 2 468 450 16278 967
p 2 0 298 622 1081 490
p 2 0 164 756 503 338
p 2 3 489 428 17068 1018
p 2 0 302 618 1084 504
p 2 0 144 776 456 320
p 2 1 491 428 15434 981
p 2 0 330 590 999 515
p 2 0 150 770 449 326
p 2 3 468 449 15651 960
p 2 0 260 660 971 459
p 2 0 123 797 417 303
p 2 1 478 441 15834 961
p 2 0 284 636 1097 485
p 2 0 154 766 473 330
p 2 3 438 479 15851 918
p 2 0 270 650 1021 461
p 2 0 119 801 401 300
p 2 2 457 461 15427 940
p 2 0 286 634 1011 487
p 2 0 112 808 415 295
p 2 2 444 474 15573 942
p 2 0 289 631 1008 480
p 2 0 159 761 482 335
p 2 3 459 458 16084 938
p 2 0 267 653 1029 463
p 2 0 123 797 439 302
p 2 2 475 443 16738 1003
p 2 0 250 670 916 448
p 2 0 100 820 373 285
p 2 1 491 428 15401 990
p 2 0 297 623 943 477
p 2 0 192 728 501 355
p 2 1 493 426 15916 980
p 2 0 259 661 966 452
p 2 0 121 799 414 296
p 2 1 474 445 16012 954
p 2 0 299 621 1062 493
p 2 0 144 776 462 318
p 2 3 447 470 15840 928
p 2 0 300 620 1100 490
p 2 0 113 807 392 294
p 2 1 439 480 15752 918
p 2 0 267 653 964 465
p 2 0 109 811 378 290
p 2 2 442 476 15614 942
p 2 0 289 631 993 474
p 2 0 125 795 431 305
p 2 2 461 457 16193 944
p 2 0 269 651 992 462
p 2 0 133 787 415 307
p 2 5 471 444 16830 1004
p 2 0 302 618 2354 521
p 2 1 143 776 2368 362
p 2 2 485 433 16493 1018
p 2 0 322 598 3185 539
p 2 0 180 740 2668 386
p 2 3 471 446 17063 986
p 2 0 266 654 2963 499
p 2 0 117 803 2141 332
p 2 1 479 440 16539 957
p 2 0 304 616 2632 521
p 2 0 176 744 1640 362
p 2 2 443 475 15102 894
p 2 0 291 629 1010 478
p 2 0 114 806 424 296
p 2 2 430 488 14602 887
p 2 0 282 638 1026 482
p 2 0 121 799 426 304
p 2 2 427 491 14898 902
p 2 0 277 643 1033 479
p 2 0 236 684 9489 535
p 2 2 510 408 15340 985
p 2 0 353 567 9894 663
p 2 0 211 709 770 396
p 2 1 550 369 21369 1130
p 2 0 380 540 1892 601
p 2 0 225 695 8449 516
p 2 2 530 388 14581 1000
p 2 0 331 589 1060 509
p 2 0 132 788 419 305
p 2 5 433 482 15123 931
p 2 0 256 664 957 450
p 2 0 117 803 416 297
p 2 1 447 472 14886 901
p 2 0 273 647 1006 474
p 2 0 140 780 450 318
p 2 2 428 490 14489 865
p 2 0 250 670 949 445
p 2 0 138 782 430 312
p 2 2 420 498 14346 882
p 2 0 267 653 946 460
i 2 920 0 0 49749 4235
p 2 0 752 168 14133 1038
p 2 0 778 142 15686 1088
p 2 0 728 192 14854 1040
p 2 0 729 191 16095 1068
p 2 0 727 193 16415 1062
p 2 3 729 188 17150 1109
p 2 0 726 194 16353 1087
p 2 0 719 201 16228 1085
p 2 1 732 187 17767 1096
p 2 0 746 174 16705 1107
p 2 0 725 195 16812 1091
p 2 5 736 179 16677 1156
p 2 0 727 193 16117 1082
p 2 0 765 155 16416 1121
p 2 7 731 182 18123 1149
p 2 0 730 190 16981 1101
p 2 0 726 194 17093 1098
p 2 4 721 195 16974 1128
p 2 0 712 208 16548 1099
p 2 0 730 190 16323 1093
p 2 6 700 214 18123 1120
p 2 0 730 190 16826 1091
p 2 0 733 187 16602 1092
p 2 2 730 188 17281 1135
p 2 0 707 213 16507 1077
p 2 0 732 188 16528 1108
p 2 0 747 173 18111 1130
p 2 0 732 188 16781 1102
p 2 0 707 213 16758 1095
p 2 0 734 186 16233 1104
p 2 0 732 188 16869 1100
p 2 0 730 190 16685 1105
p 2 0 700 220 17184 1071
p 2 0 737 183 17456 1125
p 2 0 742 178 16952 1113
p 2 4 714 202 16810 1118
p 2 0 735 185 16639 1113
p 2 0 727 193 16485 1085
p 2 0 743 177 16851 1101
p 2 0 710 210 16314 1072
p 2 0 706 214 16132 1075
p 2 3 748 169 17235 1121
p 2 1 712 207 16616 1081
p 2 0 709 211 16655 1074
p 2 1 725 194 17560 1112
p 2 0 744 176 16361 1107
p 2 0 701 219 16780 1072
p 2 0 711 209 17420 1106
p 2 0 730 190 16679 1083
p 2 0 713 207 16706 1075
p 2 2 703 215 17539 1106
p 2 0 704 216 16520 1073
p 2 0 704 216 16782 1065
p 2 6 751 163 17403 1174
p 2 0 712 208 16655 1079
p 2 0 705 215 16719 1077
p 2 6 730 184 17822 1115
p 2 0 750 170 16627 1118
p 2 0 745 175 17212 1112
p 2 1 719 200 17593 1124
p 2 0 717 203 16840 1084
p 2 0 737 183 16578 1106
p 2 2 739 179 17640 1128
p 2 0 713 207 16222 1086
p 2 0 721 199 16646 1073
p 2 6 725 189 17044 1142
p 2 0 711 209 16073 1061
p 2 0 702 218 16303 1083
p 2 6 696 218 17263 1090
p 2 0 728 192 16589 1094
p 2 0 722 198 17053 1076
p 2 0 720 200 17696 1125
p 2 0 721 199 16438 1075
p 2 0 728 192 16246 1094
p 2 3 702 215 17672 1096
p 2 0 702 218 16697 1071
p 2 0 718 202 16816 1067
p 2 2 758 160 17357 1158
p 2 0 708 212 16078 1067
p 2 0 742 178 16149 1109
p 2 2 721 197 16329 1083
p 2 0 737 183 16368 1111
p 2 0 727 193 16040 1072
p 2 4 721 195 17254 1127
p 2 0 719 201 15985 1069
p 2 0 738 182 16702 1127
p 2 3 723 194 17314 1095
p 2 0 737 183 16967 1104
p 2 0 707 213 16889 1077
p 2 1 730 189 17218 1126
p 2 0 723 197 16945 1082
p 2 0 710 210 16959 1082
p 2 2 719 199 17990 1120
p 2 0 726 194 16930 1100
p 2 0 725 195 16753 1093
p 2 4 714 202 16594 1125
p 2 0 731 189 16450 1105
p 2 0 742 178 16206 1119
p 2 7 700 213 17914 1127
p 2 0 712 208 16421 1102
p 2 0 712 208 16478 1090
p 2 1 732 187 16923 1156
p 2 0 717 203 16261 1084
p 2 0 712 208 16174 1091
p 2 1 723 196 17111 1126
p 2 0 707 213 16013 1097
p 2 0 696 224 16110 1079
p 2 4 694 222 16232 1116
p 2 0 723 197 16021 1085
p 2 0 720 200 15945 1082
p 2 5 710 205 17469 1114
p 2 0 706 214 15966 1078
p 2 0 709 211 16042 1070
p 2 1 724 195 16691 1125
p 2 0 691 229 15929 1057
p 2 0 686 234 15902 1059
p 2 1 732 187 16790 1117
p 2 0 716 204 15776 1114
p 2 0 731 189 16206 1120
p 2 0 720 200 17138 1141
p 2 0 724 196 16374 1104
p 2 0 697 223 16177 1093
p 2 1 721 198 16108 1124
p 2 0 746 174 15467 1116
p 2 0 699 221 15769 1065
p 2 3 739 178 16832 1117
p 2 0 726 194 16403 1093
p 2 0 726 194 16016 1087
p 2 2 730 188 17415 1137
p 2 0 739 181 16143 1110
p 2 0 700 220 16342 1085
p 2 4 705 211 16149 1124
p 2 0 712 208 15466 1063
p 2 0 734 186 15199 1094
p 2 6 690 224 16592 1093
p 2 0 685 235 15388 1044
p 2 0 737 183 15649 1079
p 2 0 715 205 16074 1074
p 2 0 745 175 15617 1098
p 2 0 693 227 14511 1040
p 2 1 714 205 16370 1088
p 2 0 724 196 15526 1057
p 2 0 736 184 15683 1072
p 2 0 683 237 15566 1028
p 2 0 721 199 15508 1055
p 2 0 686 234 16166 1055
p 2 0 728 192 15676 1069
p 2 1 700 219 15656 1078
i 2 920 0 0 43893 4074
p 2 0 116 804 341 297
p 2 0 108 812 297 283
p 2 4 265 651 12066 687
p 2 0 206 714 692 388
p 2 0 90 830 350 272
p 2 1 267 652 11203 658
p 2 0 165 755 703 367
p 2 0 71 849 327 255
p 2 5 210 705 10894 630
p 2 0 157 763 685 353
p 2 0 68 852 347 257
p 2 1 233 686 10994 652
p 2 0 143 777 691 344
p 2 0 75 845 336 259
p 2 6 198 716 10851 632
p 2 0 127 793 589 324
p 2 0 38 882 278 230
p 2 2 214 704 10276 598
p 2 0 131 789 628 326
p 2 0 57 863 305 247
p 2 0 224 696 11256 615
p 2 0 144 776 720 349
p 2 0 55 865 338 248
p 2 2 214 704 12210 655
p 2 0 143 777 699 345
p 2 0 52 868 329 244
p 2 3 223 694 11640 648
p 2 0 152 768 678 347
p 2 0 59 861 355 254
p 2 1 228 691 11224 626
p 2 0 140 780 698 349
p 2 0 63 857 331 253
p 2 7 221 692 11100 648
p 2 0 127 793 631 326
p 2 0 51 869 298 241
p 2 0 222 698 10929 621
p 2 0 129 791 711 339
p 2 0 84 836 393 271
p 2 5 199 716 10437 618
p 2 0 121 799 601 322
p 2 0 30 890 268 225
p 2 3 214 703 10224 605
p 2 0 139 781 666 345
p 2 0 71 849 334 259
p 2 0 228 692 11245 619
p 2 0 139 781 673 340
p 2 0 49 871 306 241
p 2 2 229 689 12203 665
p 2 0 148 772 725 351
p 2 0 58 862 319 248
p 2 4 222 694 11776 645
p 2 0 138 782 649 334
p 2 0 51 869 299 242
p 2 1 230 689 11710 652
p 2 0 161 759 737 367
p 2 0 56 864 319 248
p 2 7 205 708 10941 626
p 2 0 139 781 644 341
p 2 0 48 872 293 238
p 2 1 222 697 10916 628
p 2 0 143 777 682 350
p 2 0 49 871 314 245
p 2 5 203 712 10657 625
p 2 0 110 810 571 307
p 2 0 38 882 278 230
p 2 2 204 714 10315 591
p 2 3 152 765 1392 375
p 2 3 58 859 2167 288
p 2 10 218 692 13492 693
p 2 12 141 767 5104 457
p 2 9 84 827 5855 403
p 2 8 206 706 15078 705
p 2 0 145 775 721 348
p 2 15 89 816 6547 431
p 2 2 222 696 10918 608
p 2 20 339 561 20766 896
p 2 0 218 702 992 419
p 2 32 379 509 26071 1135
p 2 0 257 663 1124 466
p 2 0 82 838 373 269
p 2 10 295 615 15412 801
p 2 0 182 738 818 392
p 2 0 89 831 397 276
p 2 42 431 447 30397 1311
p 2 0 282 638 1189 494
p 2 0 110 810 480 306
p 2 65 392 463 31193 1462
p 2 0 300 620 1208 520
p 2 0 87 833 412 281
p 2 31 431 458 27700 1223
p 2 0 319 601 1288 532
p 2 0 115 805 455 306
p 2 10 454 456 25746 1137
p 2 0 324 596 1420 547
p 2 0 135 785 548 326
p 2 9 442 469 24928 1144
p 2 0 310 610 1361 531
p 2 0 172 748 687 366
p 2 6 316 598 15959 807
p 2 0 227 693 909 427
p 2 0 69 851 347 261
p 2 4 290 626 13488 756
p 2 0 217 703 954 425
p 2 0 92 828 402 279
p 2 2 296 622 13726 731
p 2 0 186 734 831 391
p 2 0 81 839 381 270
p 2 5 284 631 13829 777
p 2 0 167 753 798 377
p 2 0 84 836 394 276
p 2 6 252 662 13405 729
p 2 0 175 745 830 383
p 2 0 66 854 338 257
p 2 2 259 659 13344 685
p 2 0 171 749 802 377
p 2 0 76 844 348 267
p 2 2 271 647 13137 728
p 2 0 198 722 851 394
p 2 0 84 836 424 275
p 2 5 275 640 14554 760
p 2 0 162 758 808 374
p 2 0 60 860 343 253
p 2 7 263 650 14021 732
p 2 0 174 746 757 371
p 2 0 56 864 317 247
p 2 4 268 648 13240 712
p 2 0 186 734 813 388
p 2 0 83 837 401 273
p 2 5 268 647 13807 711
p 2 0 177 743 855 391
i 2 920 0 0 64240 4550
p 2 0 247 673 487 419
p 2 0 265 655 434 420
p 2 0 295 625 5949 691
p 2 0 214 706 580 394
p 2 0 81 839 301 265
p 2 0 288 632 6288 675
p 2 0 165 755 594 364
p 2 0 104 816 333 284
p 2 1 240 679 6497 652
p 2 0 175 745 600 368
p 2 0 65 855 292 252
p 2 0 214 706 5785 612
p 2 0 149 771 555 351
p 2 0 56 864 297 251
p 2 2 218 700 5653 609
p 2 0 140 780 527 334
p 2 0 56 864 301 247
p 2 3 190 727 6515 617
p 2 0 122 798 530 325
p 2 0 45 875 276 240
p 2 0 214 706 6200 612
p 2 0 148 772 584 350
p 2 0 62 858 311 250
p 2 0 210 710 6471 613
p 2 0 186 734 604 368
p 2 0 37 883 262 232
p 2 0 208 712 5665 600
p 2 0 140 780 541 340
p 2 0 54 866 283 246
p 2 0 202 718 6192 600
p 2 0 138 782 512 332
p 2 0 47 873 263 237
p 2 1 190 729 6453 609
p 2 0 131 789 558 337
p 2 0 43 877 264 236
p 2 0 221 699 5833 614
p 2 0 177 743 588 374
p 2 0 63 857 288 253
p 2 2 212 706 5620 599
p 2 0 137 783 539 336
p 2 0 40 880 260 231
p 2 3 184 733 6465 616
p 2 0 158 762 564 352
p 2 0 36 884 261 230
p 2 0 191 729 6134 589
p 2 0 132 788 557 334
p 2 0 63 857 318 256
p 2 0 208 712 6452 610
p 2 0 116 804 529 318
p 2 0 42 878 259 231
p 2 0 227 693 5735 617
p 2 0 126 794 505 325
p 2 0 46 874 270 237
p 2 0 200 720 6134 596
p 2 0 138 782 593 352
p 2 0 42 878 271 236
p 2 1 191 728 6397 608
p 2 0 130 790 549 329
p 2 0 52 868 291 242
p 2 0 215 705 5822 611
p 2 0 139 781 569 344
p 2 0 45 875 285 240
p 2 2 232 686 5616 607
p 2 0 145 775 536 340
p 2 0 39 881 255 230
p 2 3 207 710 6572 634
p 2 0 146 774 533 342
p 2 0 40 880 273 236
p 2 0 222 698 6189 614
p 2 0 145 775 564 342
p 2 0 38 882 271 231
p 2 0 200 720 6471 600
p 2 0 130 790 549 330
p 2 0 32 888 262 227
p 2 0 197 723 5718 594
p 2 0 126 794 545 329
p 2 0 40 880 273 233
p 2 0 211 709 6151 604
p 2 0 155 765 581 353
p 2 0 49 871 280 240
p 2 1 193 726 6382 605
p 2 0 149 771 561 346
p 2 0 39 881 265 234
p 2 0 203 717 5902 608
p 2 0 156 764 554 350
p 2 0 54 866 284 247
p 2 2 209 709 5595 596
p 2 0 143 777 537 337
p 2 0 31 889 251 224
p 2 3 183 734 6513 614
p 2 0 137 783 545 341
p 2 0 36 884 264 232
p 2 0 194 726 6130 590
p 2 0 121 799 534 322
p 2 0 39 881 265 232
p 2 0 199 721 6513 602
p 2 0 132 788 567 336
p 2 0 43 877 269 236
p 2 0 224 696 5721 607
p 2 0 132 788 561 336
p 2 0 39 881 256 233
p 2 0 192 728 6116 589
p 2 0 145 775 585 350
p 2 0 50 870 279 240
p 2 1 184 735 6471 601
p 2 0 128 792 520 328
p 2 0 39 881 280 235
p 2 0 231 689 5810 615
p 2 0 184 736 584 368
p 2 0 55 865 283 249
p 2 2 183 735 5456 576
p 2 0 138 782 482 327
p 2 0 26 894 233 221
p 2 3 192 725 6417 622
p 2 0 132 788 565 338
p 2 0 91 829 3463 296
p 2 0 209 711 6142 610
p 2 0 170 750 3127 387
p 2 0 50 870 352 246
p 2 0 222 698 9013 641
p 2 0 150 770 682 354
p 2 0 37 883 582 231
p 2 0 206 714 5599 595
p 2 0 149 771 825 341
p 2 0 35 885 263 227
p 2 0 196 724 6358 590
p 2 0 131 789 579 341
p 2 0 51 869 313 248
p 2 1 193 726 6684 614
p 2 0 137 783 545 337
p 2 0 63 857 292 251
p 2 0 202 718 6073 604
p 2 0 126 794 518 327
p 2 0 61 859 277 249
p 2 2 208 710 5830 595
p 2 0 117 803 486 317
p 2 0 37 883 269 231
p 2 3 191 726 6780 618
p 2 0 140 780 557 344
p 2 0 40 880 271 233
p 2 0 200 720 6394 599
p 2 0 131 789 543 333
p 2 0 52 868 295 245
p 2 0 203 717 6703 609
p 2 0 154 766 606 352
p 2 0 47 873 283 238
p 2 0 200 720 5883 599
p 2 0 137 783 560 338
p 2 0 41 879 268 235
p 2 0 200 720 6376 592
p 2 0 134 786 567 342
p 2 0 60 860 316 252
p 2 1 210 709 6347 621
p 2 0 129 791 572 335
p 2 0 42 878 268 237
p 2 0 204 716 5711 597
p 2 0 172 748 598 364
p 2 0 46 874 281 246
p 2 2 184 734 5477 580
p 2 0 136 784 521 329
p 2 0 55 865 250 236
p 2 3 187 730 6446 617
p 2 0 141 779 594 346
p 2 0 61 859 326 254
p 2 0 191 729 5951 588
p 2 0 138 782 576 341
i 2 920 0 0 26562 4027
p 2 0 351 569 577 506
p 2 0 384 536 560 527
p 2 0 154 766 344 326
p 2 0 229 691 397 386
p 2 0 57 863 248 244
p 2 0 77 843 261 258
p 2 0 7 913 205 205
p 2 0 20 900 214 213
p 2 0 1 919 200 198
p 2 0 10 910 206 205
p 2 0 2 918 199 199
p 2 0 6 914 202 201
p 2 0 7 913 203 203
p 2 0 8 912 203 203
p 2 0 4 916 201 201
p 2 0 4 916 202 201
p 2 0 2 918 200 199
p 2 0 3 917 202 201
p 2 0 12 908 207 205
p 2 0 28 892 224 218
p 2 0 4 916 204 201
p 2 0 30 890 219 219
p 2 0 3 917 200 200
p 2 0 6 914 207 202
p 2 0 8 912 208 204
p 2 0 8 912 206 203
p 2 0 17 903 212 209
p 2 0 2 918 199 199
p 2 0 6 914 204 203
p 2 0 4 916 203 202
p 2 0 3 917 200 200
p 2 0 0 920 197 197
p 2 0 2 918 199 199
p 2 0 1 919 198 198
p 2 0 2 918 199 199
p 2 0 0 920 197 197
p 2 0 4 916 201 201
p 2 0 6 914 204 203
p 2 0 6 914 204 202
p 2 0 3 917 200 200
p 2 0 2 918 199 199
i 2 920 0 0 12140 3661
p 2 283 609 28 13725 3099
p 2 342 574 4 20430 3525
p 2 414 500 6 34438 3715
p 2 93 818 9 20845 2436
p 2 22 878 20 15761 2035
p 2 20 861 39 14568 1878
p 2 15 872 33 10696 1803
p 2 15 851 54 9317 1700
p 2 6 855 59 6519 1506
p 2 4 830 86 4682 1331
p 2 0 871 49 4979 1385
i 2 920 0 0 70023 4627
p 2 0 898 22 21904 1467
p 2 0 902 18 27177 1548
p 2 0 902 18 30258 1581
p 2 0 907 13 31459 1587
p 2 0 907 13 31828 1593
p 2 1 900 19 31872 1606
p 2 2 906 12 32380 1627
p 2 0 906 14 32024 1605
p 2 2 905 13 29205 1642
p 2 2 905 13 28390 1632
p 2 2 908 10 28747 1617
p 2 0 910 10 28778 1615
p 2 1 906 13 28975 1615
p 2 1 906 13 27973 1590
p 2 3 902 15 29236 1640
p 2 0 903 17 28209 1586
p 2 1 893 26 28972 1588
p 2 1 906 13 28561 1612
p 2 0 908 12 28362 1589
p 2 0 907 13 28317 1592
p 2 4 906 10 29445 1616
p 2 1 912 7 28771 1625
p 2 0 901 19 29029 1596
p 2 0 915 5 29608 1626
p 2 1 902 17 29693 1598
p 2 0 914 6 29028 1607
p 2 3 907 10 29908 1620
p 2 1 904 15 29048 1617
p 2 4 903 13 29730 1628
p 2 5 903 12 29259 1626
p 2 1 912 7 29544 1626
p 2 0 905 15 29319 1613
p 2 0 904 16 30024 1622
p 2 0 911 9 29437 1611
p 2 1 903 16 29849 1617
p 2 2 913 5 30117 1637
p 2 4 906 10 30125 1637
p 2 2 915 3 29928 1637
p 2 2 904 14 30616 1646
p 2 1 908 11 30327 1638
p 2 1 908 11 30483 1633
p 2 3 910 7 30067 1639
p 2 0 914 6 30513 1625
p 2 0 908 12 30283 1617
p 2 1 911 8 31111 1650
p 2 0 911 9 30718 1628
p 2 0 911 9 30705 1621
p 2 1 911 8 30991 1624
p 2 0 915 5 31309 1627
p 2 0 909 11 30353 1618
p 2 0 906 14 31266 1607
p 2 0 909 11 30959 1610
p 2 0 904 16 31488 1611
p 2 1 912 7 31300 1635
p 2 0 911 9 31211 1639
p 2 0 909 11 31275 1636
p 2 0 907 13 31720 1613
p 2 6 914 0 34312 1879
p 2 5 915 0 35582 1894
p 2 4 916 0 35901 1926
p 2 8 912 0 37108 1927
p 2 7 913 0 37953 1934
p 2 2 918 0 39255 1924
p 2 4 916 0 40371 1945
p 2 1 919 0 41435 1944
p 2 2 918 0 41832 1940
p 2 1 919 0 41858 1932
p 2 3 917 0 41427 1943
p 2 2 918 0 41173 1945
p 2 10 910 0 39923 1960
p 2 7 913 0 39726 1976
p 2 11 909 0 39400 1988
p 2 11 909 0 39078 2000
p 2 13 907 0 37382 2003
p 2 9 911 0 37646 2003
p 2 12 908 0 38015 1982
p 2 0 920 0 30057 1701
p 2 0 920 0 30904 1674
p 2 0 920 0 31234 1689
p 2 0 920 0 30521 1686
p 2 0 919 1 31012 1686
p 2 0 920 0 30919 1697
p 2 0 920 0 31167 1707
p 2 0 920 0 30024 1706
p 2 0 919 1 30440 1698
p 2 0 919 1 29327 1708
p 2 0 920 0 30596 1723
p 2 0 919 1 29853 1703
p 2 0 920 0 30570 1719
p 2 0 919 1 30092 1692
p 2 0 920 0 31766 1727
p 2 0 918 2 31442 1729
p 2 2 918 0 30972 1724
p 2 0 918 2 30167 1721
p 2 1 919 0 31085 1754
p 2 0 920 0 29467 1755
p 2 2 918 0 29482 1764
p 2 2 916 2 27039 1750
p 2 5 915 0 27523 1765
p 2 4 916 0 32614 1975
p 2 0 920 0 25695 1717
p 2 0 919 1 24562 1726
p 2 0 919 1 25709 1728
p 2 0 916 4 24308 1739
p 2 0 918 2 24354 1736
p 2 0 918 2 23943 1746
p 2 0 920 0 25510 1729
p 2 0 920 0 24949 1754
p 2 0 919 1 25080 1749
p 2 0 920 0 23439 1748
p 2 30 890 0 24741 1824
p 2 17 903 0 22811 1817
p 2 0 920 0 22997 1842
p 2 0 920 0 21700 1765
p 2 3 917 0 23580 1876
p 2 0 920 0 21281 1867
p 2 0 920 0 22162 1781
p 2 0 920 0 21033 1758
p 2 0 920 0 21354 1792
p 2 0 919 1 19779 1871
p 2 0 920 0 19899 1873
p 2 0 920 0 19828 1821
p 2 0 920 0 19854 1822
p 2 1 919 0 18097 1904
p 2 0 920 0 18042 1814
p 2 0 920 0 16874 1800
p 2 0 920 0 17346 1804
p 2 0 920 0 16004 1835
p 2 0 920 0 16218 1821
p 2 0 920 0 14893 1835
p 2 0 920 0 15127 1944
p 2 1 919 0 14735 1921
p 2 0 920 0 26477 1957
p 2 43 877 0 19100 2176
p 2 75 845 0 25918 2330
p 2 86 834 0 32114 2446
p 2 104 816 0 38505 2629
p 2 148 772 0 42521 2801
p 2 166 754 0 45708 2910
p 2 167 753 0 47914 2943
p 2 173 747 0 50680 2964
p 2 179 741 0 53419 3077
p 2 177 743 0 54455 3162
p 2 172 748 0 55654 3121
p 2 191 729 0 54009 3197
p 2 164 756 0 53077 3132
p 2 41 863 16 48428 2479
p 2 54 841 25 49327 2551
p 2 98 798 24 51431 2814
p 2 83 821 16 55331 2829
p 2 84 833 3 58034 2841
p 2 75 845 0 58650 2841
p 2 44 876 0 58336 2662
p 2 54 866 0 59825 2753
p 2 108 812 0 62632 2957
p 2 118 802 0 61365 3057
p 2 67 853 0 62412 2880
p 2 61 859 0 61105 2745
p 2 57 862 1 62489 2750
p 2 57 863 0 64328 2738
p 2 74 846 0 63518 2850
p 2 67 853 0 64892 2871
p 2 76 843 1 65456 2912
p 2 126 793 1 59443 2997
p 2 94 825 1 64777 2945
p 2 71 846 3 58581 2774
p 2 71 848 1 57597 2728
p 2 61 855 4 54962 2660
p 2 67 852 1 49601 2643
p 2 58 848 14 46835 2529
p 2 65 852 3 45893 2567
p 2 64 853 3 50190 2674
p 2 52 867 1 49412 2608
p 2 42 870 8 50865 2464
p 2 55 860 5 54136 2559
p 2 56 860 4 56929 2607
p 2 75 845 0 58114 2724
p 2 60 860 0 57834 2627
p 2 103 817 0 57658 2776
p 2 122 797 1 53602 2824
p 2 99 821 0 55118 2775
p 2 50 870 0 50232 2549
p 2 31 886 3 47977 2480
p 2 77 843 0 45830 2658
p 2 125 793 2 46316 2802
p 2 76 843 1 45925 2633
p 2 41 878 1 37884 2370
p 2 41 878 1 32723 2266
p 2 19 901 0 31397 2269
p 2 71 847 2 30476 2355
p 2 74 846 0 29127 2415
p 2 44 874 2 31638 2325
p 2 21 899 0 26916 2221
p 2 2 918 0 23053 2083
p 2 3 917 0 24569 2089
p 2 8 911 1 22878 1967
p 2 3 917 0 22742 1983
p 2 0 920 0 24295 1933
p 2 6 914 0 25234 2053
p 2 19 901 0 26164 2095
p 2 14 906 0 27011 2184
p 2 17 903 0 28414 2208
p 2 23 897 0 29882 2364
p 2 12 908 0 27945 2223
p 2 16 904 0 26518 2298
p 2 12 908 0 27294 2218
p 2 11 907 2 27687 2213
p 2 5 915 0 27509 2120
p 2 16 904 0 30805 2234
p 2 13 907 0 30707 2196
p 2 9 911 0 30668 2149
p 2 13 907 0 30088 2134
p 2 20 900 0 29075 2082
p 2 6 914 0 27881 2004
p 2 13 906 1 29099 2035
p 2 15 901 4 30037 2043
p 2 5 911 4 30602 2032
p 2 6 910 4 31369 2005
p 2 4 911 5 28556 2042
p 2 7 911 2 30958 2085
p 2 9 909 2 28850 1940
p 2 4 912 4 31045 2014
p 2 7 910 3 28136 1941
p 2 5 909 6 32081 1946
p 2 5 910 5 31324 1904
p 2 2 913 5 28466 1854
p 2 2 910 8 27277 1803
p 2 1 908 11 30530 1843
p 2 3 909 8 31341 1834
p 2 2 895 23 31157 1793
p 2 1 910 9 24817 1741
p 2 3 886 31 28522 1723
p 2 4 906 10 28253 1772
p 2 0 891 29 24658 1672
p 2 1 901 18 23271 1688
p 2 0 883 37 26150 1669
p 2 1 895 24 26264 1677
p 2 1 875 44 21398 1627
p 2 0 889 31 21218 1602
p 2 0 870 50 24297 1611
p 2 1 889 30 25449 1630
p 2 2 841 77 23739 1577
p 2 1 871 48 23069 1593
p 2 0 840 80 23027 1533
p 2 0 889 31 23590 1568
p 2 0 827 93 24973 1502
p 2 0 888 32 22104 1525
p 2 0 836 84 20094 1471
p 2 0 872 48 19605 1494
p 2 0 816 104 21391 1466
p 2 0 872 48 21531 1487
p 2 0 794 126 22234 1413
p 2 0 870 50 23153 1478
p 2 0 738 182 22513 1360
p 2 0 855 65 21269 1447
p 2 0 766 154 19712 1393
p 2 0 841 79 20432 1447
p 2 0 738 182 20085 1357
p 2 0 866 54 21085 1431
p 2 0 737 183 21858 1335
p 2 0 843 77 22435 1411
p 2 0 807 113 23724 1364
p 2 0 823 97 21244 1362
p 2 0 725 195 20808 1295
p 2 0 828 92 16471 1307
p 2 0 704 216 13874 1154
i 2 920 0 0 79370 4593
p 2 0 520 400 16311 912
p 2 0 456 464 17040 830
p 2 0 402 518 21492 822
p 2 0 400 520 16417 782
p 2 4 429 487 26079 863
p 2 0 449 471 22368 863
p 2 0 371 549 19255 756
p 2 0 392 528 20008 782
p 2 0 422 498 23983 838
p 2 0 385 535 19931 769
p 2 0 419 501 19133 804
p 2 0 376 544 22383 786
p 2 0 333 587 18282 715
p 2 0 351 569 18710 737
p 2 0 376 544 23195 798
p 2 0 377 543 17935 755
p 2 0 333 587 18130 709
p 2 0 354 566 22420 763
p 2 0 366 554 17223 743
p 2 0 355 565 17616 730
p 2 0 311 609 21545 718
p 2 0 332 588 17308 703
p 2 0 346 574 17712 724
p 2 0 369 551 20979 772
p 2 0 338 582 17896 703
p 2 0 346 574 18092 722
p 2 0 339 581 20728 731
p 2 0 342 578 17754 714
p 2 0 304 616 18580 681
p 2 0 291 629 1881 517
p 2 0 447 473 3638 660
p 2 6 510 404 15128 874
p 2 4 522 394 24707 988
p 2 0 527 393 28146 1040
p 2 0 537 383 28912 1059
p 2 0 549 371 31285 1109
p 2 3 526 391 37801 1235
p 2 22 543 355 46053 1516
p 2 118 455 347 53714 2036
p 2 139 424 357 24021 1853
p 2 13 442 465 6928 1016
p 2 0 418 502 2027 668
p 2 0 338 582 1794 563
p 2 0 417 503 2179 663
p 2 4 350 566 10303 686
p 2 0 402 518 2248 646
p 2 0 405 515 2316 652
p 2 0 342 578 1875 570
p 2 0 282 638 1742 509
p 2 0 306 614 1835 540
p 2 0 303 617 1898 534
p 2 0 272 648 1735 500
p 2 0 258 662 1881 493
p 2 5 348 567 11055 709
p 2 0 363 557 5004 625
p 2 10 367 543 11604 779
p 2 62 377 481 23638 1215
p 2 45 499 376 31404 1392
p 2 21 771 128 32597 1581
p 2 8 843 69 38734 1604
p 2 1 846 73 41106 1627
p 2 0 862 58 37774 1584
p 2 3 853 64 39311 1652
p 2 0 871 49 38760 1620
p 2 1 855 64 43157 1718
p 2 19 856 45 47020 1958
p 2 103 782 35 49791 2364
p 2 104 783 33 30048 2203
p 2 11 821 88 15114 1443
p 2 0 708 212 7661 1083
p 2 0 693 227 7451 1050
p 2 0 665 255 7687 1038
p 2 0 761 159 10219 1136
p 2 0 662 258 6914 1004
p 2 0 720 200 6856 1075
p 2 0 718 202 8864 1093
p 2 0 710 210 6297 1059
p 2 0 604 316 5764 938
p 2 0 655 265 5579 990
p 2 0 690 230 5812 1035
p 2 0 645 275 7008 985
p 2 0 511 409 4460 826
p 2 13 587 320 7320 1037
p 2 0 608 312 6699 942
p 2 23 663 234 8108 1227
p 2 0 539 381 4621 858
p 2 5 709 206 12642 1274
p 2 28 686 206 14072 1356
p 2 0 633 287 5109 965
p 2 16 564 340 9154 1038
p 2 0 489 431 4396 789
p 2 0 619 301 5985 975
p 2 0 631 289 7638 995
p 2 0 625 295 8948 981
p 2 0 529 391 9812 886
p 2 25 618 277 20864 1263
p 2 2 627 291 9573 1045
p 2 1 629 290 7811 1032
p 2 1 541 378 6465 917
p 2 1 579 340 6106 950
p 2 1 621 298 6125 985
p 2 0 571 349 4729 907
p 2 0 495 425 4538 813
p 2 0 555 365 4803 885
p 2 0 560 360 5063 897
p 2 0 564 356 4732 899
p 2 0 480 440 4494 797
p 2 0 548 372 5090 876
p 2 0 533 387 4973 866
p 2 0 525 395 5066 860
p 2 0 480 440 4471 803
p 2 0 534 386 5072 869
p 2 0 519 401 4799 851
p 2 0 518 402 4618 849
p 2 0 506 414 4843 829
p 2 2 596 322 19015 1085
p 2 0 575 345 10335 945
p 2 0 571 349 9902 925
p 2 17 620 283 14714 1122
p 2 0 583 337 10323 941
p 2 33 614 273 15137 1231
p 2 0 607 313 5071 964
p 2 5 662 253 9461 1184
p 2 27 655 238 14035 1342
p 2 0 564 356 4561 886
p 2 16 618 286 9721 1118
p 2 0 603 317 5718 940
p 2 1 591 328 6666 974
p 2 0 510 410 6743 839
p 2 5 569 346 8501 958
p 2 4 567 349 11403 957
p 2 9 597 314 14401 1063
p 2 14 573 333 15066 1067
p 2 37 578 305 25572 1319
p 2 13 560 347 15313 1055
p 2 5 573 342 16848 1032
p 2 9 580 331 19882 1095
p 2 9 563 348 21716 1059
p 2 11 564 345 23175 1102
p 2 9 668 243 25299 1255
p 2 11 654 255 22713 1226
p 2 15 517 388 23951 1089
p 2 27 683 210 30986 1417
p 2 14 615 291 27715 1242
p 2 45 678 197 31004 1534
p 2 6 669 245 26225 1213
p 2 24 657 239 28427 1456
p 2 26 694 200 30610 1482
p 2 0 691 229 21109 1155
p 2 17 699 204 23719 1282
p 2 0 575 345 4682 899
p 2 1 621 298 5717 964
p 2 0 605 315 4829 910
p 2 0 633 287 5282 974
p 2 0 465 455 4024 755
p 2 0 596 324 4666 912
p 2 0 591 329 4826 898
p 2 0 580 340 4440 891
p 2 0 599 321 4863 926
p 2 0 566 354 4506 896
p 2 0 434 486 3972 731
p 2 0 515 405 4330 817
p 2 0 504 416 4484 814
p 2 0 637 283 4937 976
p 2 0 464 456 4033 751
p 2 0 606 314 4555 915
p 2 0 610 310 4883 935
p 2 0 543 377 4263 852
p 2 0 422 498 3787 710
p 2 0 504 416 4205 811
p 2 0 518 402 4312 821
p 2 0 514 406 4156 820
p 2 0 423 497 3862 711
p 2 0 485 435 4104 784
p 2 0 506 414 4372 808
p 2 0 474 446 4028 776
p 2 0 398 522 3665 681
p 2 0 460 460 3874 756
p 2 0 477 443 4179 783
p 2 0 471 449 3993 781
p 2 0 400 520 3609 680
p 2 0 465 455 3894 764
p 2 0 519 401 4432 821
p 2 0 563 357 5391 878
p 2 0 499 421 5691 806
p 2 0 562 358 6483 875
p 2 0 688 232 9109 1072
p 2 0 728 192 13071 1151
p 2 0 678 242 15793 1132
p 2 0 721 199 17006 1208
p 2 0 763 157 18692 1288
p 2 0 732 188 19774 1322
p 2 3 649 268 23081 1302
p 2 22 698 200 28190 1564
p 2 94 637 189 23721 1785
p 2 42 663 215 11563 1385
p 2 2 604 314 8049 1034
p 2 0 671 249 7415 1060
p 2 0 701 219 8006 1100
p 2 0 669 251 7387 1071
p 2 7 614 299 11956 1077
p 2 10 654 256 15013 1184
p 2 12 696 212 17191 1258
p 2 14 759 147 21079 1414
p 2 14 719 187 20949 1330
p 2 7 708 205 22057 1272
p 2 3 704 213 22172 1246
p 2 5 756 159 24476 1346
p 2 6 709 205 23940 1311
p 2 32 706 182 36153 1552
p 2 9 782 129 23716 1427
p 2 7 729 184 22374 1340
p 2 10 658 252 24018 1251
p 2 5 717 198 25938 1292
p 2 7 758 155 24147 1358
p 2 22 746 152 29075 1541
p 2 6 762 152 24633 1376
p 2 3 723 194 17836 1263
p 2 1 676 243 23698 1216
p 2 0 698 222 18385 1172
p 2 0 735 185 14802 1154
p 2 0 663 257 5152 995
p 2 0 503 417 4181 789
p 2 0 630 290 5343 972
p 2 0 563 357 4363 872
p 2 0 494 426 4265 788
p 2 0 502 418 4251 805
p 2 0 514 406 4493 810
p 2 0 465 455 3819 743
p 2 0 466 454 3824 746
i 2 920 0 0 116275 5830
p 2 1 886 33 57874 1734
p 2 0 891 29 63626 1780
p 2 2 888 30 85055 1983
p 2 0 895 25 64710 1771
p 2 0 897 23 66554 1784
p 2 1 902 17 83578 1996
p 2 0 906 14 64472 1797
p 2 0 899 21 66355 1806
p 2 2 895 23 80240 1955
p 2 0 908 12 66068 1814
p 2 0 900 20 66289 1798
p 2 0 893 27 79932 1928
p 2 0 900 20 67333 1800
p 2 0 903 17 66719 1818
p 2 17 890 13 98571 2245
p 2 0 902 18 65703 1782
p 2 0 908 12 66775 1813
p 2 10 901 9 96648 2189
p 2 0 916 4 65977 1833
p 2 0 903 17 65437 1796
p 2 18 889 13 98945 2254
p 2 0 906 14 62553 1805
p 2 0 904 16 63439 1778
p 2 8 898 14 87264 2063
p 2 0 899 21 58559 1762
p 2 0 904 16 56181 1756
p 2 0 909 11 79066 1944
p 2 0 907 13 54382 1755
p 2 0 904 16 58042 1775
p 2 1 902 17 74329 1884
p 2 0 910 10 60157 1800
p 2 0 905 15 61577 1779
p 2 0 905 15 70517 1838
p 2 0 902 18 59125 1761
p 2 0 905 15 57893 1732
p 2 0 908 12 74405 1854
p 2 0 901 19 50186 1678
p 2 0 905 15 56793 1692
i 2 920 0 0 43303 4050
p 2 0 302 618 644 466
p 2 1 682 237 25093 1225
p 2 1 578 341 23944 1117
p 2 0 575 345 23425 1122
p 2 13 585 322 22339 1152
p 2 0 529 391 23679 1018
p 2 0 455 465 5595 669
p 2 0 497 423 23031 945
p 2 0 364 556 5646 590
p 2 0 497 423 24366 978
p 2 0 737 183 27047 1419
p 2 0 652 268 24081 1235
p 2 0 481 439 1742 684
p 2 1 651 268 26914 1249
p 2 0 456 464 1586 653
p 2 1 545 374 25067 1113
p 2 0 441 479 1660 654
p 2 2 506 412 24735 1093
p 2 0 514 406 23552 1075
p 2 0 381 539 1497 593
p 2 0 457 463 19806 924
p 2 0 410 510 1645 625
p 2 0 678 242 22727 1258
p 2 0 492 428 1908 715
p 2 0 549 371 19347 996
p 2 0 399 521 1455 598
p 2 0 491 429 20060 947
p 2 0 479 441 24076 1029
p 2 0 367 553 1384 576
p 2 2 473 445 24166 1068
p 2 0 365 555 1381 573
p 2 250 320 350 39501 2288
p 2 0 327 593 1002 520
p 2 37 500 383 33756 1380
p 2 0 644 276 4887 1012
p 2 31 635 254 34016 1472
p 2 0 498 422 1672 707
p 2 38 526 356 34112 1386
p 2 0 439 481 1468 638
p 2 36 397 487 33485 1281
p 2 0 336 584 1228 542
p 2 36 386 498 33000 1252
p 2 12 441 467 29372 1071
p 2 0 395 525 3227 652
p 2 2 398 520 29303 994
p 2 0 349 571 1333 551
p 2 38 605 277 36650 1626
p 2 0 521 399 2073 762
p 2 35 519 366 33895 1423
p 2 5 444 471 13655 759
p 2 37 466 417 33918 1303
p 2 10 462 448 29329 1078
p 2 0 446 474 3573 700
p 2 2 425 493 28986 1011
p 2 0 346 574 1357 560
p 2 34 394 492 33865 1224
p 2 0 323 597 1200 526
p 2 33 400 487 33872 1251
p 2 0 571 349 4712 936
p 2 130 531 259 41264 1976
p 2 0 437 483 1697 651
p 2 265 453 202 50972 2591
p 2 124 561 235 38459 2095
p 2 0 465 455 1460 666
p 2 199 565 156 47293 2407
p 2 0 450 470 5895 720
p 2 15 412 493 24355 1021
p 2 0 414 506 5387 661
p 2 4 406 510 21984 912
p 2 0 372 548 5347 644
p 2 5 572 343 25445 1197
p 2 2 542 376 23478 1048
p 2 0 422 498 5762 690
p 2 0 339 581 5113 592
p 2 4 450 466 22288 942
p 2 0 339 581 5244 601
p 2 17 339 564 20400 915
p 2 0 270 650 5100 531
p 2 14 335 571 24504 944
p 2 0 250 670 5156 517
p 2 4 319 597 21905 820
p 2 0 311 609 5088 574
p 2 4 538 378 25398 1170
p 2 0 479 441 5824 774
p 2 2 479 439 23438 976
p 2 0 408 512 5534 662
p 2 4 363 553 22276 852
p 2 0 330 590 5286 613
p 2 15 314 591 24427 925
p 2 0 284 636 5246 544
p 2 14 282 624 24137 905
p 2 0 224 696 5132 491
p 2 4 331 585 23285 864
p 2 0 303 617 7553 602
p 2 4 590 326 28584 1232
p 2 0 468 452 8103 779
p 2 2 456 462 26388 978
p 2 3 401 516 9744 731
p 2 18 469 433 27926 1136
p 2 22 373 525 12530 914
p 2 64 402 454 32108 1416
p 2 5 713 202 25246 1409
p 2 294 626 0 38165 3565
p 2 120 800 0 28984 2943
p 2 138 778 4 37377 3052
p 2 19 895 6 57753 2371
p 2 91 820 9 45532 2525
p 2 0 722 198 12609 1248
p 2 9 652 259 27548 1352
p 2 1 587 332 3793 886
p 2 5 630 285 22696 1213
p 2 0 587 333 3920 859
p 2 6 473 441 23565 1042
p 2 1 438 481 3246 692
p 2 5 638 277 26254 1272
p 2 0 479 441 7718 765
p 2 3 510 407 27500 1081
p 2 0 431 489 8631 718
p 2 0 686 234 13590 1202
p 2 10 675 235 33593 1473
p 2 0 489 431 2143 744
p 2 10 543 367 28200 1239
p 2 0 471 449 1833 699
p 2 6 516 398 23727 1088
p 2 0 480 440 1992 715
p 2 7 404 509 24901 980
p 2 0 349 571 1445 574
p 2 3 501 416 24086 1080
p 2 0 360 560 1435 577
p 2 3 413 504 23744 956
p 2 4 866 50 12096 1478
p 2 18 800 102 29841 1656
p 2 13 720 187 10956 1199
p 2 22 586 312 28741 1408
p 2 13 672 235 14326 1154
p 2 17 728 175 29778 1512
p 2 23 687 210 20554 1329
p 2 25 707 188 32687 1611
p 2 9 708 203 16871 1273
p 2 19 769 132 26111 1576
p 2 13 766 141 18290 1382
p 2 13 721 186 24371 1475
p 2 15 841 64 25438 1724
p 2 23 775 122 28156 1733
p 2 10 709 201 17413 1336
p 2 29 751 140 27873 1773
p 2 11 766 143 20039 1453
p 2 19 781 120 23353 1592
p 2 14 793 113 24228 1586
p 2 13 782 125 21720 1570
p 2 7 751 162 20191 1426
p 2 15 820 85 27066 1747
p 2 2 693 225 16958 1258
p 2 6 660 254 20715 1361
p 2 22 772 126 23283 1694
p 2 4 660 256 20708 1395
p 2 0 586 334 15887 1107
p 2 26 592 302 22003 1470
p 2 0 580 340 12323 1060
p 2 4 652 264 19104 1312
p 2 24 619 277 21308 1364
p 2 5 617 298 21973 1306
p 2 0 547 373 14405 1016
p 2 21 569 330 23191 1394
p 2 1 547 372 10431 977
p 2 4 618 298 13533 1197
p 2 29 772 119 21362 1665
p 2 11 672 237 20926 1443
p 2 0 615 305 15436 1096
p 2 29 644 247 26976 1624
p 2 0 594 326 15469 1084
p 2 4 638 278 19596 1304
p 2 28 587 305 22915 1349
p 2 5 613 302 22086 1321
p 2 0 560 360 16386 1063
p 2 25 583 312 26129 1480
p 2 0 562 358 13483 1021
p 2 3 609 308 15212 1219
p 2 26 538 356 23272 1311
p 2 7 509 404 11026 1109
p 2 0 630 290 6713 1125
i 2 920 0 0 87597 4987
p 2 8 871 41 42306 1795
p 2 36 849 35 44726 1968
p 2 4 883 33 38593 1730
p 2 52 834 34 41049 1978
p 2 3 867 50 36097 1683
p 2 47 837 36 38718 1924
p 2 7 860 53 34259 1639
p 2 26 829 65 36398 1808
p 2 3 863 54 31526 1666
p 2 37 812 71 32602 1786
p 2 2 850 68 25886 1541
p 2 15 818 87 25469 1553
p 2 1 817 102 20864 1403
p 2 23 776 121 20136 1468
p 2 2 784 134 16278 1357
p 2 2 763 155 14693 1295
p 2 3 702 215 11731 1244
p 2 1 752 167 9534 1215
p 2 0 653 267 8607 1109
p 2 0 683 237 8035 1122
p 2 6 637 277 8154 1079
p 2 2 801 117 8777 1209
p 2 107 580 233 13089 1483
p 2 102 634 184 17223 1582
p 2 101 622 197 20276 1649
p 2 112 662 146 23689 1753
p 2 107 543 270 26261 1669
p 2 105 575 240 28967 1733
p 2 156 749 15 24443 2134
p 2 167 753 0 28017 2474
p 2 154 764 2 30545 2569
p 2 130 790 0 33137 2740
p 2 110 810 0 35348 2742
p 2 113 807 0 37007 2808
p 2 118 802 0 38736 2804
p 2 121 799 0 40708 2887
p 2 134 786 0 43055 3007
p 2 115 805 0 41006 2899
p 2 68 852 0 32790 2617
p 2 77 843 0 33172 2572
p 2 70 850 0 33910 2550
p 2 68 852 0 34688 2549
p 2 63 857 0 35773 2551
p 2 54 866 0 38508 2532
p 2 38 882 0 40052 2454
p 2 0 920 0 31240 1849
p 2 0 920 0 32759 1809
p 2 0 920 0 34304 1829
p 2 1 919 0 34811 1853
p 2 0 920 0 34812 1824
p 2 0 920 0 35106 1827
p 2 0 920 0 34965 1779
p 2 1 919 0 35195 1780
p 2 1 918 1 34636 1744
p 2 2 918 0 34813 1758
p 2 0 920 0 34697 1749
p 2 0 920 0 35093 1767
p 2 0 920 0 34811 1766
p 2 0 920 0 35057 1771
p 2 1 918 1 35092 1783
p 2 0 919 1 35777 1820
p 2 0 919 1 35064 1813
p 2 4 916 0 35887 1862
p 2 5 915 0 35851 1856
p 2 2 917 1 36342 1846
p 2 7 913 0 35915 1856
p 2 3 917 0 36608 1848
p 2 2 917 1 35408 1805
p 2 9 911 0 35979 1846
p 2 5 914 1 35093 1780
p 2 3 917 0 35596 1788
p 2 3 916 1 34823 1757
p 2 4 916 0 35307 1756
p 2 3 916 1 34408 1721
p 2 1 919 0 35042 1723
p 2 1 918 1 34606 1699
p 2 2 917 1 35542 1732
p 2 1 919 0 34742 1703
p 2 0 920 0 35768 1712
p 2 1 919 0 34924 1691
p 2 1 919 0 35878 1720
p 2 1 919 0 35160 1718
p 2 0 919 1 36411 1725
i 2 920 0 0 55374 5112
p 2 2 914 4 16726 1782
p 2 7 903 10 27810 1911
p 2 10 908 2 26416 1975
p 2 5 913 2 37190 1905
p 2 2 915 3 32527 1811
p 2 3 915 2 36349 1859
p 2 6 909 5 32033 1802
p 2 6 913 1 39481 1866
p 2 3 913 4 21636 1766
p 2 7 910 3 29722 1879
p 2 6 912 2 21712 1796
p 2 2 916 2 28976 1835
p 2 2 913 5 22286 1793
p 2 4 914 2 30204 1867
p 2 2 912 6 22579 1798
p 2 5 911 4 29729 1873
p 2 6 906 8 22607 1806
p 2 3 914 3 29623 1862
p 2 2 913 5 22678 1803
p 2 8 902 10 30751 1920
p 2 3 914 3 22901 1826
p 2 6 908 6 28877 1867
p 2 5 912 3 22995 1827
p 2 2 915 3 29430 1860
p 2 2 918 0 23649 1799
p 2 5 910 5 30191 1857
p 2 9 908 3 23416 1842
p 2 4 912 4 30062 1862
p 2 8 903 9 23808 1816
p 2 6 911 3 30227 1871
p 2 5 913 2 23646 1792
p 2 12 903 5 30578 1894
p 2 4 904 12 22546 1757
p 2 2 912 6 28701 1806
p 2 3 914 3 22430 1767
p 2 4 911 5 29114 1840
p 2 3 910 7 21646 1747
p 2 3 913 4 29256 1808
p 2 1 917 2 21952 1766
p 2 3 915 2 28120 1820
p 2 3 909 8 21331 1750
p 2 1 915 4 27331 1790
p 2 0 917 3 20639 1733
p 2 1 917 2 28881 1853
p 2 6 907 7 21378 1763
p 2 1 911 8 27955 1810
p 2 0 913 7 21571 1762
p 2 2 915 3 28372 1823
p 2 6 911 3 21768 1776
p 2 6 904 10 28967 1848
p 2 1 915 4 21617 1791
p 2 3 916 1 27967 1859
p 2 3 910 7 21466 1823
p 2 5 903 12 27923 1848
p 2 1 916 3 21333 1757
p 2 4 914 2 29331 1843
p 2 3 912 5 21701 1775
p 2 6 912 2 28574 1848
p 2 3 913 4 22255 1794
p 2 5 914 1 28739 1858
p 2 4 909 7 21989 1786
p 2 2 912 6 28463 1826
p 2 1 916 3 21033 1720
p 2 2 914 4 28085 1772
i 2 920 0 0 58864 4808
p 2 274 646 0 53692 3817
p 2 91 829 0 48436 2704
p 2 51 869 0 48666 2369
p 2 26 894 0 44069 2157
p 2 21 899 0 44785 2034
p 2 6 914 0 45156 1884
p 2 6 914 0 48244 1888
p 2 5 915 0 48742 1808
p 2 0 920 0 46345 1686
p 2 0 919 1 39669 1643
p 2 0 917 3 50522 1722
p 2 0 915 5 37008 1546
p 2 0 914 6 36106 1517
p 2 0 916 4 39211 1548
p 2 0 920 0 38652 1541
p 2 0 917 3 38335 1524
p 2 0 916 4 36628 1524
p 2 0 918 2 35588 1532
p 2 0 919 1 34230 1508
p 2 0 913 7 29944 1477
p 2 1 915 4 26268 1480
p 2 6 910 4 21816 1516
p 2 0 918 2 19212 1441
p 2 0 918 2 18149 1413
p 2 0 920 0 17763 1410
p 2 0 917 3 17216 1387
p 2 0 918 2 17572 1405
p 2 0 915 5 17178 1374
p 2 0 917 3 15466 1363
p 2 0 915 5 15971 1363
p 2 0 917 3 16643 1376
p 2 0 919 1 15989 1382
p 2 0 920 0 16021 1369
p 2 0 918 2 16047 1334
p 2 0 920 0 16218 1374
p 2 0 919 1 14565 1374
p 2 0 919 1 16426 1400
p 2 0 917 3 16115 1360
p 2 0 917 3 15300 1347
p 2 0 919 1 15109 1370
p 2 0 920 0 15529 1371
p 2 0 919 1 16596 1392
p 2 0 916 4 14108 1352
p 2 0 915 5 15880 1351
p 2 0 916 4 15972 1367
p 2 0 916 4 15713 1355
p 2 0 918 2 16779 1387
p 2 0 918 2 18048 1384
p 2 0 917 3 30332 1426
i 2 920 0 0 39308 4125
p 2 87 288 545 5899 957
p 2 287 605 28 43039 3295
p 2 108 532 280 12278 1478
p 2 252 665 3 47152 3230
p 2 108 694 118 16683 1827
p 2 224 669 27 48982 3113
p 2 113 736 71 30506 2372
p 2 509 408 3 53943 4080
p 2 63 765 92 19169 2161
p 2 332 582 6 48674 3706
p 2 81 789 50 24409 2432
p 2 358 553 9 51534 3821
p 2 93 750 77 26429 2415
p 2 310 606 4 55184 3853
p 2 74 785 61 28196 2528
p 2 267 650 3 58314 3744
p 2 86 747 87 27842 2439
p 2 274 645 1 59446 3737
p 2 47 788 85 21995 2173
p 2 120 796 4 54437 3222
p 2 36 807 77 20847 2112
p 2 65 850 5 49837 2908
p 2 54 803 63 21058 2157
p 2 66 849 5 50818 2834
p 2 31 823 66 19788 2035
i 2 920 0 0 52123 4706
p 2 24 813 83 18219 1932
p 2 484 436 0 50920 4436
p 2 81 836 3 31855 2737
p 2 393 527 0 50565 4090
p 2 144 776 0 37928 2986
p 2 400 520 0 56083 4109
p 2 240 680 0 45036 3236
p 2 401 519 0 67048 4154
p 2 197 722 1 54970 3278
p 2 285 635 0 73309 3866
p 2 182 738 0 54819 3246
p 2 162 758 0 64712 3326
p 2 121 798 1 45975 2948
p 2 139 781 0 62098 3204
p 2 68 849 3 43768 2738
p 2 179 741 0 64870 3487
p 2 105 812 3 47641 2937
p 2 93 823 4 45695 2843
p 2 97 823 0 61570 3053
p 2 62 857 1 43180 2689
p 2 52 867 1 41673 2591
p 2 48 872 0 56240 2647
p 2 41 879 0 41171 2470
p 2 41 878 1 38602 2441
p 2 41 879 0 53491 2569
p 2 39 881 0 34973 2279
p 2 31 889 0 34054 2281
i 2 920 0 0 39749 3726
p 2 13 438 469 3324 805
p 2 6 516 398 3967 817
p 2 14 328 578 4496 709
p 2 111 673 136 28249 2317
p 2 11 575 334 6050 1057
p 2 99 697 124 34412 2432
p 2 10 597 313 8295 1125
p 2 122 708 90 46159 2782
p 2 20 622 278 10873 1302
p 2 168 678 74 53383 3061
p 2 14 629 277 11908 1317
p 2 298 590 32 62010 3639
p 2 28 619 273 15466 1460
p 2 198 694 28 64223 3259
p 2 29 696 195 20223 1676
p 2 236 652 32 61723 3405
p 2 66 775 79 36185 2363
p 2 140 757 23 60362 3106
p 2 59 797 64 37969 2388
p 2 113 803 4 58300 2936
p 2 35 801 84 29067 2170
p 2 60 854 6 56022 2753
p 2 17 850 53 29621 2126
p 2 242 673 5 66638 3466
p 2 19 818 83 31092 2009
p 2 111 795 14 61550 2872
p 2 20 826 74 30569 2033
p 2 327 593 0 64572 3695
p 2 33 866 21 33692 2258
p 2 84 823 13 39880 2735
p 2 37 863 20 37736 2436
p 2 203 716 1 60957 3505
p 2 55 839 26 38063 2490
p 2 154 762 4 60393 3252
p 2 46 834 40 36938 2357
p 2 136 783 1 55825 3186
p 2 63 840 17 40697 2480
p 2 251 669 0 82251 3723
p 2 64 841 15 49352 2550
p 2 265 655 0 76763 3765
p 2 59 848 13 50407 2595
p 2 209 711 0 71479 3445
p 2 37 865 18 47510 2457
p 2 175 745 0 69090 3264
p 2 65 841 14 47197 2580
p 2 154 766 0 67384 3133
p 2 55 853 12 45730 2488
p 2 64 856 0 67432 2755
p 2 31 882 7 45884 2382
p 2 65 855 0 64799 2708
p 2 30 888 2 41959 2275
p 2 48 872 0 61569 2527
p 2 25 895 0 41716 2203
i 2 920 0 0 48895 4419
p 2 20 386 514 9807 997
p 2 350 549 21 60007 3805
p 2 34 656 230 20763 1619
p 2 266 645 9 64057 3553
p 2 34 668 218 28391 1720
p 2 237 667 16 72694 3439
p 2 40 683 197 30365 1795
p 2 186 723 11 72703 3274
p 2 39 716 165 28179 1830
p 2 76 827 17 67199 2768
p 2 34 761 125 29623 1899
p 2 122 769 29 65280 3005
p 2 41 750 129 30219 1954
p 2 327 593 0 75293 3750
p 2 45 689 186 32493 1963
p 2 215 699 6 78452 3504
p 2 28 771 121 32192 2081
p 2 334 585 1 77484 3866
p 2 105 768 47 44605 2628
p 2 332 587 1 72424 3724
p 2 91 815 14 42580 2691
p 2 246 673 1 65184 3647
p 2 60 844 16 35188 2533
p 2 181 739 0 56097 3349
p 2 40 873 7 33711 2484
p 2 557 363 0 74805 4120
p 2 61 794 65 44336 2481
p 2 93 825 2 69802 3070
p 2 42 848 30 46002 2563
i 2 920 0 0 75989 4754
p 2 62 767 91 44111 2241
p 2 315 605 0 75835 3811
p 2 128 792 0 57823 3081
p 2 178 742 0 73123 3476
p 2 79 841 0 57889 2864
p 2 232 688 0 75034 3592
p 2 67 853 0 55327 2795
p 2 141 779 0 71953 3225
p 2 39 874 7 54859 2653
p 2 125 795 0 71360 3221
p 2 30 884 6 53511 2600
p 2 115 804 1 68414 3111
p 2 19 884 17 49040 2450
p 2 102 818 0 66638 3026
p 2 37 863 20 48234 2494
p 2 67 853 0 64033 2797
p 2 35 880 5 49410 2510
p 2 54 865 1 63051 2732
p 2 40 875 5 48744 2516
p 2 53 867 0 58809 2650
p 2 39 881 0 44666 2489
p 2 52 866 2 55882 2668
p 2 27 893 0 45755 2518
i 2 920 0 0 45587 4598
p 2 473 441 6 46736 4292
p 2 354 565 1 47449 4048
p 2 316 602 2 46900 3839
p 2 251 669 0 49093 3702
p 2 267 653 0 50397 3706
p 2 189 731 0 52079 3421
p 2 267 653 0 50653 3590
p 2 225 695 0 50349 3503
p 2 244 676 0 52461 3577
p 2 255 665 0 53684 3665
p 2 259 660 1 55268 3683
p 2 204 716 0 66379 3604
p 2 147 773 0 56520 3103
p 2 130 789 1 61815 3128
p 2 117 803 0 51656 2878
p 2 111 807 2 55761 2861
p 2 51 869 0 39471 2352
p 2 72 846 2 51892 2596
p 2 38 880 2 34722 2149
p 2 96 820 4 53511 2639
p 2 49 868 3 38497 2268
p 2 98 818 4 49234 2634
p 2 28 873 19 30261 2054
p 2 102 808 10 51607 2694
p 2 54 833 33 32541 2208
p 2 177 742 1 64493 3158
p 2 69 828 23 30520 2390
p 2 126 791 3 61806 3041
p 2 75 835 10 31063 2441
p 2 256 662 2 66954 3402
p 2 101 806 13 31118 2596
p 2 137 780 3 70039 3205
p 2 84 819 17 31320 2499
p 2 128 791 1 71433 3161
p 2 95 803 22 32251 2544
p 2 230 689 1 81318 3639
p 2 95 809 16 44526 2613
p 2 169 751 0 73661 3319
p 2 53 854 13 41985 2505
p 2 119 800 1 69890 3116
p 2 64 845 11 38998 2462
p 2 171 748 1 63964 3312
p 2 72 809 39 36026 2521
p 2 134 786 0 68001 3199
p 2 51 829 40 29777 2412
p 2 92 828 0 65127 3044
p 2 43 843 34 28301 2331
p 2 61 830 29 41258 2533
p 2 58 785 77 28801 2318
p 2 75 793 52 37050 2505
p 2 67 769 84 29004 2358
p 2 70 774 76 38354 2503
p 2 57 754 109 29026 2292
i 2 920 0 0 48115 4837
p 2 541 379 0 59255 4679
p 2 478 442 0 60168 4547
p 2 389 531 0 57199 4150
p 2 402 518 0 52035 3991
p 2 332 588 0 50654 3770
p 2 316 604 0 49417 3759
p 2 306 614 0 48935 3879
p 2 325 595 0 50374 3891
p 2 234 686 0 59533 3637
p 2 116 804 0 53070 3054
p 2 102 818 0 49821 2919
p 2 112 808 0 56737 3053
p 2 105 815 0 50276 2950
p 2 103 817 0 57475 3048
p 2 104 816 0 48789 2963
p 2 82 838 0 52434 2938
p 2 82 837 1 47121 2853
p 2 98 822 0 47187 2976
p 2 56 863 1 38024 2657
p 2 53 867 0 44792 2788
p 2 49 868 3 35771 2560
p 2 40 879 1 43934 2635
p 2 55 864 1 39393 2620
p 2 70 849 1 45710 2775
p 2 61 859 0 40917 2704
i 2 920 0 0 66202 5271
p 2 70 846 4 41645 2455
p 2 82 835 3 43310 2555
p 2 73 847 0 43163 2540
p 2 71 848 1 43975 2574
p 2 56 862 2 42204 2470
p 2 46 870 4 42158 2475
p 2 166 752 2 64625 3454
p 2 90 830 0 47482 2740
p 2 265 655 0 70206 3931
p 2 63 856 1 43742 2612
p 2 143 777 0 51946 3118
p 2 188 732 0 63421 3549
p 2 114 806 0 54470 2993
p 2 76 844 0 50186 2881
p 2 71 849 0 48633 2798
p 2 62 858 0 44385 2633
p 2 190 729 1 63026 3443
p 2 147 773 0 64689 3265
p 2 99 821 0 63015 3076
p 2 64 856 0 46890 2598
p 2 83 837 0 53917 2901
p 2 53 866 1 50797 2692
p 2 61 859 0 51337 2756
p 2 50 870 0 43614 2589
p 2 40 880 0 43052 2552
i 2 920 0 0 34520 4012
p 2 71 766 83 14505 2030
p 2 147 772 1 24922 2889
p 2 379 505 36 12817 3117
p 2 366 554 0 33717 3860
p 2 301 571 48 27555 3376
p 2 666 254 0 40489 4386
p 2 649 271 0 44114 4176
p 2 159 446 315 17334 1847
p 2 537 379 4 58960 4211
p 2 250 463 207 24531 2519
p 2 361 552 7 57717 3964
p 2 136 636 148 29058 2592
p 2 291 624 5 60157 3884
p 2 137 646 137 28538 2602
p 2 81 661 178 26831 2481
p 2 397 523 0 58384 4057
p 2 60 707 153 32423 2317
p 2 390 530 0 68287 4093
p 2 122 788 10 54701 3067
p 2 225 695 0 74647 3742
p 2 128 787 5 55490 2979
p 2 180 740 0 74203 3377
p 2 140 780 0 65685 3205
p 2 130 789 1 61324 3133
p 2 128 787 5 58371 3062
p 2 155 753 12 45244 2966
p 2 241 644 35 44672 3056
i 2 920 0 0 74545 4699
p 2 200 540 180 36612 2550
p 2 527 391 2 67145 4372
p 2 148 665 107 34594 2621
p 2 360 549 11 61251 3912
p 2 157 651 112 31705 2631
p 2 460 460 0 70452 4335
p 2 180 653 87 33476 2700
p 2 286 634 0 69150 3857
p 2 172 722 26 39696 2982
p 2 267 653 0 63893 3761
p 2 154 747 19 35076 2899
p 2 466 454 0 63444 4523
p 2 51 820 49 30674 2452
p 2 251 667 2 53076 3724
p 2 117 787 16 32034 2935
p 2 181 738 1 39415 3497
p 2 91 805 24 25456 2824
p 2 156 742 22 27824 3088
p 2 228 689 3 39803 3572
p 2 162 755 3 32053 3239
p 2 105 808 7 28568 2936
p 2 53 856 11 26258 2691
p 2 48 834 38 18982 2412
p 2 120 754 46 24108 2770
p 2 44 797 79 19789 2270
i 2 920 0 0 58156 4694
p 2 80 788 52 27975 2427
p 2 287 629 4 45801 3743
p 2 75 821 24 26849 2519
p 2 66 825 29 30570 2580
p 2 193 721 6 35507 3287
p 2 54 844 22 28157 2592
p 2 117 769 34 25973 2871
p 2 198 721 1 44620 3448
p 2 252 666 2 49243 3444
p 2 49 802 69 20024 2370
i 2 920 0 0 52175 4118
p 2 38 640 242 10159 1737
p 2 572 348 0 46244 4144
p 2 46 686 188 12938 1795
p 2 466 453 1 51569 3994
p 2 406 514 0 57123 3857
p 2 33 699 188 13624 1700
p 2 24 636 260 11711 1536
p 2 491 429 0 72063 4309
p 2 494 426 0 72230 4134
p 2 52 678 190 16196 1820
p 2 56 578 286 14078 1688
p 2 280 640 0 64946 3686
p 2 64 720 136 18603 2123
p 2 147 773 0 64520 3246
p 2 102 817 1 56141 3102
p 2 68 844 8 47801 2791
p 2 75 840 5 48621 2822
p 2 52 800 68 20581 2206
p 2 73 680 167 19327 2169
p 2 320 600 0 65119 3854
p 2 43 709 168 16293 1942
p 2 331 587 2 72078 3889
p 2 38 675 207 13542 1746
p 2 45 570 305 13701 1637
i 2 920 0 0 59808 4451
p 2 274 645 1 56860 3690
p 2 45 699 176 13195 1778
p 2 48 635 237 11618 1658
p 2 380 539 1 62732 4026
p 2 23 692 205 10671 1719
p 2 16 606 298 9154 1490
p 2 112 807 1 56614 3059
p 2 41 761 118 13596 1934
p 2 222 696 2 58817 3533
p 2 77 840 3 48659 2836
p 2 49 865 6 48838 2667
p 2 53 761 106 16014 2054
p 2 268 651 1 61742 3698
p 2 274 644 2 65368 3700
p 2 30 732 158 14343 1761
p 2 35 586 299 13912 1592
i 2 920 0 0 59972 4366
p 2 12 457 451 6819 936
i 2 920 0 0 64554 4464
p 2 17 381 522 7830 810
p 2 612 296 12 74339 4354
p 2 380 533 7 79534 3921
p 2 29 729 162 28236 1786
p 2 429 491 0 94709 4232
p 2 42 770 108 44769 2244
p 2 263 657 0 93535 3646
p 2 25 846 49 44564 2220
p 2 116 775 29 63369 2734
p 2 12 863 45 43924 2042
p 2 45 866 9 56160 2437
p 2 22 868 30 55277 2269
p 2 33 840 47 55864 2300
p 2 16 848 56 40530 1969
i 2 920 0 0 58415 4650
p 2 3 467 450 6124 835
p 2 527 390 3 45910 4301
p 2 90 808 22 31977 2705
p 2 70 822 28 34750 2585
p 2 460 449 11 44419 3891
p 2 66 704 150 30780 2055
p 2 252 654 14 44977 3605
p 2 67 798 55 34096 2441
p 2 138 757 25 36714 3084
p 2 69 804 47 31847 2624
p 2 454 459 7 37631 3637
p 2 41 776 103 17287 2154
i 2 920 0 0 30526 3580
p 2 297 611 12 22725 2982
p 2 6 759 155 4977 1300
i 2 920 0 0 34428 3713
i 2 920 0 0 51248 4445
p 2 508 409 3 70936 4373
p 2 24 651 245 20606 1543
p 2 171 734 15 56728 3107
p 2 7 730 183 15800 1409
p 2 205 704 11 58804 3206
p 2 1 734 185 11934 1241
p 2 3 651 266 11447 1109
p 2 2 609 309 11546 1037
i 2 920 0 0 88440 4527
p 2 20 894 6 29543 2006
p 2 149 771 0 58894 2901
p 2 138 778 4 45659 2737
p 2 132 787 1 69775 2914
p 2 86 813 21 42131 2450
p 2 163 756 1 79648 3016
p 2 50 833 37 32536 2164
p 2 183 735 2 82303 3175
p 2 32 823 65 23652 1949
p 2 288 632 0 94362 3573
p 2 19 838 63 17423 1824
p 2 417 502 1 83740 3915
p 2 18 776 126 11565 1739
p 2 488 432 0 79069 3956
p 2 43 735 142 10027 1742
p 2 291 625 4 70654 3437
p 2 16 656 248 4733 1184
p 2 239 668 13 76233 3226
p 2 29 622 269 7613 1300
p 2 376 542 2 79551 3796
p 2 27 587 306 11504 1183
p 2 350 562 8 83169 3637
p 2 32 589 299 11859 1191
p 2 307 604 9 102390 3589
p 2 7 604 309 7906 1039
p 2 315 599 6 115746 3749
p 2 45 604 271 11050 1238
p 2 167 745 8 107670 3166
p 2 22 740 158 13081 1348
p 2 141 773 6 113047 3053
p 2 22 724 174 13187 1342
p 2 147 770 3 111198 3045
p 2 28 730 162 13168 1330
p 2 91 828 1 105452 2712
p 2 21 764 135 13642 1336
p 2 73 843 4 110913 2587
p 2 10 760 150 11204 1250
p 2 183 736 1 122789 3306
p 2 19 700 201 14591 1224
p 2 158 761 1 124629 3206
p 2 31 727 162 19158 1318
p 2 158 760 2 123588 3256
p 2 24 759 137 16566 1386
p 2 75 842 3 111116 2705
p 2 23 791 106 17070 1424
p 2 78 839 3 106449 2717
p 2 34 795 91 16837 1494
p 2 395 525 0 133762 4161
p 2 24 611 285 18208 1205
p 2 394 526 0 143465 4168
p 2 32 628 260 19096 1298
p 2 466 454 0 139840 4386
p 2 44 600 276 20627 1433
p 2 438 482 0 142027 4326
p 2 49 622 249 22279 1483
p 2 424 496 0 144349 4293
p 2 45 606 269 23210 1430
p 2 479 441 0 135915 4456
p 2 124 606 190 26841 1912
p 2 448 472 0 136761 4399
p 2 115 600 205 29271 1854
p 2 467 453 0 132978 4426
p 2 75 567 278 28096 1494
p 2 459 461 0 128285 4384
p 2 107 595 218 29443 1808
p 2 422 498 0 121554 4193
p 2 112 618 190 29022 1918
i 2 920 0 0 118867 5656
p 2 116 402 402 30204 1687
p 2 525 395 0 131267 4673
p 2 94 559 267 29078 1715
p 2 463 457 0 130968 4399
p 2 99 589 232 32120 1872
p 2 528 392 0 121985 4607
p 2 169 597 154 41751 2357
p 2 466 454 0 127508 4492
p 2 149 585 186 38246 2131
p 2 476 444 0 142023 4453
p 2 95 594 231 27676 1675
p 2 458 462 0 132868 4378
p 2 76 573 271 20004 1572
p 2 459 461 0 113464 4375
p 2 112 585 223 29857 1894
p 2 511 409 0 103885 4359
p 2 170 608 142 43634 2393
p 2 367 553 0 114098 4076
p 2 144 634 142 39312 2309
p 2 405 515 0 106549 4193
p 2 222 608 90 66574 2904
p 2 386 534 0 110731 4168
p 2 273 573 74 66447 3079
p 2 575 345 0 98915 4736
p 2 336 511 73 56520 3372
p 2 490 430 0 96741 4694
p 2 309 564 47 60769 3473
i 2 920 0 0 79148 5419
p 2 205 453 262 43052 2569
p 2 429 491 0 91659 4457
p 2 217 557 146 47023 2768
p 2 456 464 0 86849 4515
p 2 211 589 120 54866 3031
p 2 399 521 0 84759 4358
p 2 229 589 102 41961 3042
p 2 380 540 0 77541 4271
p 2 227 595 98 47395 3158
p 2 532 388 0 49754 4062
p 2 632 287 1 23952 3973
p 2 201 719 0 25883 3456
p 2 237 683 0 15075 3320
p 2 368 552 0 118878 4234
i 2 920 0 0 43079 4243
i 2 920 0 0 46126 4296
p 2 542 378 0 143171 4995
p 2 547 373 0 83690 3894
p 2 468 452 0 145078 4674
p 2 161 759 0 147953 3205
p 2 163 757 0 150171 3345
p 2 107 813 0 148047 3081
p 2 152 768 0 148222 3330
p 2 117 803 0 147727 3085
p 2 145 775 0 148852 3300
p 2 125 795 0 148729 3176
p 2 171 749 0 147511 3462
p 2 141 779 0 154013 3267
p 2 169 751 0 150844 3488
p 2 161 758 1 147673 3379
p 2 174 746 0 146521 3552
p 2 159 761 0 145946 3445
p 2 173 747 0 143108 3562
p 2 202 718 0 140959 3588
p 2 212 708 0 143696 3725
p 2 207 713 0 143295 3612
p 2 230 690 0 142039 3822
p 2 222 698 0 136781 3674
p 2 240 680 0 138520 3889
p 2 238 682 0 137753 3828
i 2 920 0 0 71602 4916
p 2 0 882 38 9241 1451
p 2 0 895 25 12107 1473
p 2 1 884 35 23935 1678
p 2 0 898 22 14991 1522
p 2 1 905 14 16876 1577
p 2 0 910 10 24252 1686
p 2 1 887 32 17478 1555
p 2 1 906 13 17926 1569
p 2 1 911 8 25918 1751
p 2 0 913 7 17806 1574
p 2 1 894 25 18151 1569
p 2 1 912 7 25340 1693
p 2 0 908 12 17924 1571
p 2 0 907 13 18610 1544
p 2 1 900 19 26655 1727
p 2 1 906 13 18759 1575
p 2 2 912 6 19350 1590
p 2 0 916 4 27319 1696
p 2 0 899 21 19295 1575
p 2 1 911 8 19732 1578
p 2 4 906 10 31156 1812
p 2 0 916 4 19359 1589
p 2 1 901 18 20026 1557
p 2 5 901 14 30957 1811
p 2 0 915 5 20438 1609
p 2 0 911 9 20368 1576
p 2 0 906 14 31535 1807
p 2 0 913 7 20568 1619
p 2 0 914 6 21539 1610
p 2 1 914 5 31619 1801
p 2 3 901 16 21427 1622
p 2 0 915 5 21983 1601
p 2 1 915 4 30755 1803
p 2 0 913 7 22085 1612
p 2 0 904 16 22256 1592
p 2 0 912 8 31667 1797
p 2 0 913 7 22230 1585
p 2 0 917 3 22997 1600
p 2 2 910 8 32896 1815
p 2 0 918 2 23087 1610
p 2 0 916 4 23912 1611
p 2 4 915 1 35158 1874
p 2 1 913 6 23540 1648
p 2 0 916 4 24705 1665
p 2 8 909 3 33892 1895
p 2 1 912 7 24521 1692
p 2 2 916 2 25123 1690
p 2 4 911 5 35976 1950
p 2 3 916 1 25458 1719
p 2 4 911 5 26129 1747
p 2 1 918 1 35201 1924
p 2 4 913 3 25310 1739
p 2 2 918 0 26191 1735
p 2 7 910 3 36508 1957
p 2 1 912 7 25195 1709
p 2 0 918 2 26020 1722
p 2 6 912 2 35074 1961
p 2 1 915 4 25419 1777
p 2 4 911 5 26161 1765
p 2 9 908 3 39000 2077
p 2 1 915 4 24792 1711
p 2 1 918 1 25360 1679
p 2 8 907 5 38971 2055
p 2 2 916 2 24954 1703
p 2 0 920 0 26110 1704
p 2 4 916 0 39578 2035
p 2 0 918 2 25652 1681
p 2 0 915 5 25961 1646
p 2 0 917 3 37395 1948
p 2 0 916 4 25905 1650
p 2 0 919 1 26480 1664
p 2 2 914 4 37827 1951
p 2 0 916 4 26955 1683
p 2 0 919 1 26767 1685
p 2 1 917 2 37619 1933
p 2 0 917 3 28630 1677
p 2 0 920 0 29718 1687
p 2 6 914 0 42678 2030
p 2 0 917 3 30580 1697
p 2 0 920 0 30339 1702
p 2 4 914 2 43085 2030
p 2 0 920 0 27950 1723
p 2 1 919 0 26202 1706
p 2 2 917 1 36499 2000
p 2 0 918 2 22291 1678
p 2 1 918 1 22237 1677
p 2 3 914 3 37087 2020
p 2 1 917 2 20924 1687
p 2 0 918 2 21877 1677
p 2 4 908 8 35933 1970
p 2 0 917 3 20537 1679
p 2 1 917 2 20815 1674
p 2 2 916 2 38413 2066
p 2 2 917 1 19612 1704
p 2 2 916 2 20491 1689
p 2 5 915 0 35232 2004
p 2 1 916 3 19833 1681
p 2 2 916 2 18964 1645
p 2 10 908 2 41331 2215
p 2 0 918 2 18544 1672
p 2 1 917 2 18374 1645
p 2 11 905 4 40646 2269
p 2 0 917 3 18140 1668
p 2 3 913 4 18567 1684
p 2 6 913 1 41406 2205
p 2 2 913 5 18884 1698
p 2 1 916 3 19504 1681
p 2 3 917 0 37254 2115
p 2 0 918 2 20644 1688
p 2 1 915 4 21531 1676
p 2 2 915 3 37046 2094
p 2 0 920 0 21372 1714
p 2 1 918 1 22470 1726
p 2 2 918 0 37186 2061
p 2 0 916 4 22902 1765
p 2 0 918 2 23891 1781
p 2 5 913 2 40192 2192
p 2 9 906 5 26066 1849
p 2 1 912 7 24657 1770
p 2 9 905 6 39954 2199
p 2 2 914 4 23547 1784
p 2 4 911 5 23936 1754
p 2 5 911 4 37654 2068
p 2 3 915 2 22515 1724
p 2 3 912 5 23971 1723
p 2 5 910 5 37881 2066
p 2 0 913 7 23038 1708
p 2 0 915 5 24004 1711
p 2 10 906 4 45143 2161
p 2 0 916 4 25128 1724
p 2 1 910 9 26604 1719
p 2 3 912 5 42985 2131
p 2 4 907 9 25762 1732
p 2 2 910 8 26376 1733
p 2 5 905 10 38262 2074
p 2 4 911 5 24383 1749
p 2 5 907 8 24867 1734
p 2 28 890 2 45713 2365
p 2 1 915 4 23934 1723
p 2 1 917 2 23580 1712
p 2 13 902 5 44795 2290
p 2 0 912 8 21841 1681
p 2 4 910 6 22091 1693
p 2 17 901 2 44975 2323
p 2 1 914 5 21127 1687
p 2 3 915 2 21755 1688
p 2 6 905 9 38996 2113
p 2 1 913 6 20919 1707
p 2 0 911 9 22544 1715
p 2 3 914 3 37900 2128
p 2 2 912 6 23604 1800
p 2 6 906 8 25105 1799
p 2 13 900 7 37232 2124
p 2 11 901 8 23672 1815
p 2 2 907 11 24420 1750
p 2 8 909 3 40449 2150
p 2 5 909 6 24074 1797
p 2 11 906 3 25815 1853
p 2 27 890 3 39289 2265
p 2 34 880 6 28216 2006
p 2 60 852 8 30205 2116
p 2 121 793 6 39244 2621
p 2 145 760 15 32983 2477
p 2 205 703 12 37178 2781
i 2 920 0 0 52085 4636
p 2 58 838 24 13664 1981
p 2 8 890 22 12324 1765
p 2 0 875 45 11404 1611
p 2 0 877 43 11895 1565
p 2 1 868 51 11525 1559
p 2 2 876 42 12093 1591
p 2 1 883 36 11813 1587
p 2 2 873 45 12644 1589
p 2 1 864 55 12071 1584
p 2 1 865 54 12692 1592
p 2 3 860 57 12173 1590
p 2 5 859 56 12835 1599
p 2 1 854 65 12152 1591
p 2 2 855 63 12299 1602
p 2 0 863 57 11863 1562
p 2 0 868 52 12052 1551
p 2 0 861 59 11181 1512
p 2 0 852 68 11455 1490
p 2 0 848 72 11074 1461
p 2 0 865 55 11563 1494
p 2 0 843 77 10686 1456
p 2 0 854 66 10638 1469
i 2 920 0 0 79351 5139
p 2 7 553 360 11461 1288
p 2 1 558 361 11658 1276
p 2 2 523 395 11860 1254
p 2 0 543 377 11770 1275
p 2 2 536 382 11445 1278
p 2 0 877 43 37927 1852
p 2 0 870 50 40691 1871
p 2 3 884 33 44250 1937
p 2 0 833 87 13279 1637
p 2 2 678 240 12077 1437
p 2 266 650 4 69510 3347
p 2 41 828 51 33553 2100
p 2 40 840 40 35895 2194
p 2 30 857 33 35438 2270
p 2 34 862 24 33986 2332
p 2 27 882 11 32693 2349
p 2 36 882 2 31674 2434
p 2 26 891 3 30647 2346
p 2 18 897 5 30127 2268
p 2 15 904 1 29535 2233
p 2 14 899 7 28426 2175
p 2 6 903 11 28096 2118
p 2 7 893 20 27562 2071
p 2 9 890 21 27736 2082
p 2 9 886 25 26482 2074
p 2 11 882 27 25296 2054
p 2 7 881 32 24876 2027
p 2 7 887 26 24766 2065
i 2 920 0 0 63227 4818
p 2 9 702 209 15779 1644
p 2 0 679 241 12031 1469
p 2 18 901 1 44037 2165
p 2 0 831 89 12476 1610
p 2 1 716 203 12449 1479
p 2 27 887 6 44368 2206
p 2 0 854 66 12517 1628
p 2 0 769 151 12486 1513
p 2 27 886 7 45848 2211
p 2 0 845 75 14064 1617
p 2 0 731 189 12969 1470
p 2 32 881 7 46251 2223
p 2 1 842 77 13671 1606
p 2 0 788 132 13173 1542
p 2 0 707 213 12591 1457
p 2 0 717 203 12558 1459
p 2 0 714 206 12840 1470
p 2 3 910 7 45433 2180
p 2 0 851 69 13201 1628
p 2 0 702 218 11970 1446
p 2 4 908 8 42180 2154
p 2 1 850 69 12454 1653
p 2 0 701 219 11695 1447
p 2 12 906 2 52233 2395
p 2 0 862 58 12032 1613
p 2 0 756 164 11819 1492
p 2 250 669 1 71445 3568
p 2 1 785 134 11255 1537
p 2 0 653 267 10211 1330
p 2 26 884 10 51682 2291
p 2 0 850 70 11615 1599
p 2 0 786 134 11442 1517
p 2 18 900 2 50948 2323
p 2 0 873 47 11748 1612
p 2 1 777 142 10893 1483
p 2 17 895 8 50357 2300
p 2 1 851 68 11709 1605
p 2 0 744 176 10769 1438
p 2 19 896 5 48964 2313
p 2 0 874 46 12503 1641
p 2 0 742 178 11283 1450
p 2 0 742 178 11076 1429
p 2 0 781 139 11412 1460
p 2 11 744 165 16188 1533
p 2 0 701 219 11201 1387
p 2 0 721 199 11176 1408
p 2 0 686 234 11336 1376
i 2 920 0 0 43043 4478
p 2 0 421 499 802 633
p 2 0 390 530 6240 586
p 2 0 228 692 546 412
p 2 0 221 699 437 392
p 2 0 79 841 310 272
p 2 0 74 846 276 261
p 2 0 27 893 228 221
p 2 0 32 888 233 224
i 2 920 0 0 46133 4659
p 2 0 531 389 954 735
p 2 0 432 488 659 593
p 2 0 248 672 488 433
p 2 0 215 705 444 394
p 2 0 113 807 328 298
p 2 0 78 842 290 269
p 2 0 36 884 231 228
p 2 0 15 905 211 210
i 2 920 0 0 65972 4989
p 2 0 276 644 631 486
p 2 0 193 727 461 391
p 2 0 93 827 323 286
p 2 496 399 25 73594 4246
p 2 0 433 487 1635 678
p 2 238 621 61 82937 3472
p 2 0 544 376 2257 806
p 2 295 540 85 96352 3679
p 2 0 489 431 2310 758
p 2 0 249 671 898 454
i 2 920 0 0 93960 5372
p 2 0 156 764 456 349
p 2 0 97 823 337 292
p 2 498 422 0 108956 4683
p 2 0 499 421 2080 747
p 2 328 568 24 98031 3914
p 2 0 537 383 2228 787
p 2 25 648 247 37689 1491
p 2 0 477 443 1943 703
p 2 0 334 586 1040 518
p 2 7 453 460 31627 1116
p 2 0 445 475 1881 668
p 2 10 541 369 34562 1248
p 2 0 352 568 1684 593
p 2 0 184 736 637 368
p 2 0 78 842 340 269
p 2 0 27 893 255 225
i 2 920 0 0 62805 4751
p 2 16 406 498 7697 944
p 2 207 701 12 66202 3345
p 2 110 798 12 61875 2979
p 2 17 680 223 10204 1406
p 2 19 512 389 9954 1194
p 2 445 472 3 71529 4146
p 2 114 786 20 61098 2914
p 2 83 730 107 25068 2080
p 2 76 838 6 53261 2625
p 2 70 757 93 21092 2002
p 2 71 844 5 52303 2578
p 2 38 777 105 15677 1749
i 2 920 0 0 6215 2717
p 2 727 193 0 13387 3388
p 2 371 549 0 24590 3393
p 2 289 631 0 32199 3134
p 2 241 679 0 36123 2950
p 2 211 709 0 41151 2812
p 2 200 720 0 45591 2753
p 2 183 737 0 50648 2689
p 2 172 748 0 56174 2690
p 2 162 758 0 61203 2633
p 2 141 779 0 66173 2578
p 2 133 787 0 71021 2584
p 2 111 809 0 76102 2509
p 2 108 812 0 80269 2507
p 2 4 916 0 63032 1861
p 2 3 917 0 64662 1824
p 2 2 918 0 64454 1831
p 2 2 918 0 65391 1832
p 2 2 918 0 65763 1813
p 2 0 920 0 67584 1818
p 2 3 917 0 67217 1819
p 2 3 916 1 67871 1833
p 2 2 918 0 67760 1825
p 2 2 917 1 68428 1810
p 2 3 916 1 68298 1826
p 2 2 918 0 68857 1804
p 2 2 917 1 68734 1824
p 2 2 918 0 69652 1815
p 2 0 920 0 69483 1830
p 2 4 916 0 70618 1838
p 2 0 920 0 71040 1830
p 2 3 917 0 71294 1836
p 2 0 920 0 70461 1812
p 2 0 920 0 71199 1825
p 2 1 918 1 71235 1831
p 2 0 919 1 72341 1814
p 2 0 920 0 72034 1810
p 2 1 918 1 72238 1828
p 2 0 919 1 72034 1811
p 2 1 918 1 72392 1805
p 2 2 918 0 71767 1821
p 2 0 920 0 72099 1827
p 2 1 919 0 71395 1812
p 2 1 919 0 72210 1816
p 2 0 920 0 71346 1805
p 2 1 919 0 72109 1808
p 2 1 919 0 72495 1803
p 2 3 917 0 72299 1820
p 2 2 917 1 72074 1819
p 2 1 919 0 73434 1808
p 2 1 919 0 72582 1803
p 2 3 917 0 73226 1800
p 2 0 920 0 72822 1785
p 2 1 918 1 73261 1786
p 2 3 917 0 72254 1787
p 2 0 920 0 73223 1782
p 2 0 920 0 72718 1776
p 2 1 919 0 73189 1799
p 2 0 920 0 73058 1794
p 2 0 920 0 73885 1795
p 2 3 917 0 72640 1789
p 2 1 919 0 73077 1786
p 2 0 920 0 72719 1760
p 2 1 919 0 73228 1774
p 2 1 919 0 73179 1782
p 2 0 920 0 73616 1782
p 2 0 920 0 73026 1783
p 2 0 920 0 73739 1787
p 2 1 919 0 73134 1783
p 2 0 920 0 73576 1784
p 2 0 920 0 73273 1776
p 2 1 919 0 73674 1799
p 2 0 920 0 72697 1780
p 2 1 919 0 74011 1791
p 2 2 918 0 72847 1789
p 2 0 920 0 72964 1783
p 2 0 920 0 72008 1771
p 2 0 920 0 72224 1772
p 2 0 920 0 71621 1771
p 2 0 920 0 72902 1763
p 2 1 919 0 72455 1779
p 2 0 920 0 72915 1781
p 2 1 919 0 72443 1786
p 2 0 920 0 73136 1783
p 2 1 919 0 71365 1762
p 2 0 920 0 72276 1761
p 2 0 920 0 71399 1764
p 2 1 918 1 71823 1761
p 2 0 920 0 71417 1769
p 2 1 919 0 70977 1761
p 2 1 919 0 70401 1765
p 2 1 919 0 70730 1753
p 2 1 919 0 69893 1741
p 2 1 919 0 70021 1738
p 2 1 919 0 69349 1736
p 2 1 919 0 69437 1736
p 2 0 920 0 69347 1743
p 2 1 919 0 70221 1741
p 2 1 919 0 69067 1742
p 2 1 919 0 69907 1747
p 2 2 918 0 68805 1753
p 2 3 917 0 69435 1759
p 2 0 920 0 68878 1745
p 2 0 920 0 69780 1739
p 2 0 920 0 68988 1738
p 2 0 920 0 69325 1735
p 2 0 920 0 68884 1728
p 2 0 920 0 69988 1742
p 2 0 919 1 69233 1744
p 2 1 919 0 69382 1754
p 2 1 919 0 68908 1742
p 2 0 920 0 68892 1742
p 2 0 920 0 67594 1726
p 2 2 918 0 67398 1734
p 2 2 918 0 66741 1728
p 2 0 920 0 66475 1731
p 2 0 919 1 65895 1718
p 2 0 919 1 65468 1718
p 2 1 918 1 65577 1724
p 2 0 919 1 66045 1718
p 2 0 920 0 65458 1716
p 2 0 919 1 66537 1718
p 2 1 919 0 64911 1731
p 2 1 919 0 65564 1729
p 2 0 920 0 64623 1721
p 2 1 919 0 64923 1720
p 2 0 920 0 64057 1703
p 2 0 918 2 64647 1714
p 2 0 920 0 64070 1702
p 2 0 919 1 64824 1711
p 2 0 920 0 64405 1729
p 2 0 919 1 64958 1714
p 2 1 918 1 64545 1728
p 2 0 920 0 64848 1710
p 2 0 919 1 64351 1708
p 2 0 920 0 64518 1721
p 2 0 920 0 63480 1703
p 2 0 920 0 63658 1714
p 2 0 920 0 63008 1714
p 2 0 920 0 63329 1701
p 2 0 920 0 62544 1705
p 2 0 919 1 62459 1702
p 2 0 920 0 62211 1693
p 2 0 920 0 63128 1707
p 2 0 920 0 61817 1696
p 2 212 708 0 53270 2233
i 2 920 0 0 58449 4217
p 2 40 785 95 22309 1607
p 2 0 656 264 9283 913
p 2 4 721 195 17392 1150
p 2 0 593 327 9170 855
p 2 139 666 115 25176 1850
p 2 109 685 126 25757 1935
p 2 0 560 360 6174 842
p 2 271 555 94 45671 2862
p 2 402 456 62 74002 3640
p 2 278 574 68 65445 3093
p 2 290 591 39 63093 3153
p 2 283 586 51 39887 2584
p 2 0 662 258 4503 910
p 2 160 694 66 24586 2094
p 2 74 695 151 13410 1751
p 2 61 739 120 4987 1426
p 2 303 497 120 55339 3006
p 2 242 487 191 66686 2692
p 2 46 579 295 20261 1402
p 2 35 448 437 19395 1136
p 2 38 633 249 18032 1306
p 2 0 513 407 2217 743
p 2 34 230 656 9433 720
p 2 0 361 559 1363 553
p 2 14 418 488 8261 804
p 2 13 279 628 5567 612
p 2 3 90 827 3485 367
p 2 0 234 686 4092 492
p 2 12 241 667 5861 587
p 2 3 213 704 5813 514
p 2 2 211 707 6980 537
p 2 29 237 654 10044 774
p 2 6 320 594 10103 753
p 2 5 307 608 10987 746
p 2 23 364 533 15286 976
p 2 14 411 495 15158 994
p 2 14 359 547 15928 930
p 2 3 478 439 14300 979
p 2 3 408 509 14895 901
p 2 96 412 412 20211 1479
p 2 105 477 338 22959 1693
p 2 13 511 396 17274 1232
p 2 8 523 389 16588 1185
p 2 5 417 498 15233 1019
p 2 9 539 372 15109 1112
p 2 12 560 348 15747 1135
p 2 1 478 441 12924 934
p 2 9 461 450 14910 993
p 2 28 476 416 18874 1219
p 2 5 454 461 16925 1040
p 2 7 442 471 16090 1085
p 2 0 513 407 13102 978
p 2 2 525 393 16223 1079
p 2 185 495 240 17903 1808
p 2 206 445 269 22220 1932
p 2 192 468 260 18656 1802
p 2 169 502 249 15798 1720
p 2 32 599 289 10093 1441
i 2 920 0 0 72412 5197
p 2 218 535 167 57421 2959
p 2 65 667 188 47862 2084
p 2 4 629 287 26996 1266
p 2 0 770 150 19547 1286
p 2 1 712 207 8630 1097
p 2 0 489 431 3229 726
p 2 19 442 459 8048 815
p 2 24 395 501 9679 813
p 2 27 185 708 9944 628
p 2 47 217 656 13777 793
p 2 50 352 518 13815 961
p 2 36 403 481 13613 962
p 2 37 224 659 13148 755
p 2 26 299 595 13048 762
p 2 25 305 590 11952 754
p 2 29 299 592 11419 780
p 2 32 325 563 11691 802
p 2 42 226 652 12021 759
p 2 25 288 607 12215 759
p 2 27 440 453 14617 931
p 2 23 271 626 13798 739
p 2 29 354 537 12246 834
p 2 31 411 478 12075 899
p 2 14 275 631 10723 660
p 2 7 304 609 9701 643
p 2 3 211 706 8814 548
p 2 12 217 691 7864 585
p 2 12 204 704 7181 553
p 2 9 90 821 6283 406
p 2 13 100 807 6308 439
p 2 8 146 766 5757 443
p 2 6 131 783 4897 419
p 2 3 135 782 4726 407
p 2 2 202 716 4439 456
p 2 3 467 450 13721 900
p 2 1 516 403 7389 846
p 2 1 532 387 9217 890
p 2 1 594 325 8409 950
p 2 0 421 499 8930 749
p 2 0 529 391 8224 859
p 2 0 565 355 9279 916
p 2 0 531 389 7930 858
p 2 0 574 346 7936 919
p 2 0 407 513 2420 670
p 2 0 704 216 5137 1022
p 2 0 501 419 2407 731
p 2 0 864 56 7179 1327
p 2 0 620 300 2961 888
p 2 0 419 501 1814 649
p 2 0 316 604 1517 545
p 2 0 602 318 2769 869
p 2 0 486 434 2194 727
p 2 0 496 424 2385 751
p 2 0 410 510 2071 651
p 2 0 191 729 1076 401
p 2 0 331 589 1660 563
p 2 0 371 549 1827 608
p 2 0 232 688 861 429
p 2 0 159 761 607 350
p 2 0 102 818 456 290
p 2 0 81 839 388 270
p 2 0 69 851 362 258
p 2 0 64 856 352 253
p 2 0 53 867 315 242
p 2 0 19 901 244 213
p 2 0 18 902 237 212
p 2 0 15 905 238 209
p 2 0 416 504 1432 604
p 2 0 433 487 1614 638
p 2 0 186 734 679 367
p 2 0 152 768 612 342
p 2 0 84 836 395 271
p 2 0 69 851 363 258
p 2 0 78 842 394 268
p 2 0 53 867 321 240
p 2 0 18 902 242 212
p 2 0 14 906 226 209
p 2 0 21 899 241 214
p 2 0 28 892 256 219
p 2 0 19 901 238 213
p 2 0 30 890 260 220
p 2 0 6 914 210 202
p 2 0 5 915 208 201
p 2 0 10 910 219 205
p 2 0 41 879 295 233
p 2 0 28 892 265 222
p 2 0 21 899 237 212
p 2 0 24 896 256 218
p 2 0 9 911 215 203
p 2 0 6 914 208 201
p 2 0 2 918 200 198
p 2 0 1 919 199 198
p 2 0 3 917 203 199
p 2 0 1 919 199 198
p 2 0 2 918 203 199
p 2 0 0 920 197 197
p 2 0 1 919 199 198
p 2 0 2 918 200 199
p 2 0 2 918 200 198
p 2 0 1 919 200 198
p 2 0 2 918 201 199
p 2 0 1 919 199 198
i 2 920 0 0 84999 4733
p 2 0 266 654 664 460
p 2 0 168 752 470 362
p 2 0 74 846 299 266
p 2 0 103 817 312 287
p 2 0 29 891 243 223
p 2 0 48 872 242 233
p 2 0 6 914 210 203
p 2 0 25 895 238 219
p 2 0 22 898 313 220
p 2 0 37 883 315 228
p 2 0 15 905 242 211
p 2 1 182 737 3426 434
p 2 0 211 709 5355 466
p 2 0 174 746 5802 429
p 2 0 231 689 6400 485
p 2 0 294 626 6796 533
p 2 0 239 681 6708 487
p 2 0 189 731 6585 435
p 2 0 233 687 6915 485
p 2 0 277 643 6964 518
p 2 0 279 641 7897 530
p 2 0 198 722 6198 452
p 2 0 176 744 5918 431
p 2 0 325 595 8157 568
p 2 0 313 607 1696 544
p 2 0 200 720 896 402
p 2 0 66 854 405 261
p 2 0 108 812 482 293
p 2 0 113 807 495 294
p 2 0 93 827 477 286
p 2 0 41 879 296 233
p 2 0 53 867 328 245
p 2 0 44 876 310 235
p 2 0 61 859 418 255
p 2 0 23 897 255 218
p 2 0 38 882 281 228
p 2 0 26 894 267 220
p 2 0 38 882 299 230
p 2 0 10 910 219 206
p 2 0 23 897 249 216
p 2 0 27 893 252 219
p 2 0 16 904 229 211
p 2 0 4 916 206 201
p 2 0 10 910 212 204
p 2 0 15 905 233 210
p 2 0 17 903 241 212
p 2 0 15 905 234 210
p 2 0 74 846 413 266
p 2 0 68 852 385 261
p 2 0 51 869 331 243
p 2 0 60 860 357 253
p 2 0 52 868 351 247
p 2 0 54 866 363 248
p 2 0 32 888 278 226
p 2 0 8 912 217 204
p 2 0 3 917 202 200
p 2 0 9 911 214 205
p 2 0 13 907 224 207
p 2 0 2 918 202 199
p 2 0 3 917 201 199
p 2 0 4 916 205 200
p 2 0 11 909 211 205
p 2 0 5 915 210 202
p 2 0 4 916 204 200
p 2 0 3 917 203 200
p 2 0 10 910 206 204
p 2 0 7 913 211 204
p 2 0 6 914 213 201
p 2 0 1 919 199 198
p 2 0 1 919 198 198
p 2 0 0 920 197 197
p 2 0 22 898 248 217
p 2 0 19 901 236 212
p 2 0 16 904 231 210
p 2 0 20 900 238 214
p 2 0 19 901 234 213
p 2 0 15 905 237 211
p 2 0 16 904 233 211
p 2 0 6 914 212 202
p 2 0 11 909 221 206
p 2 0 4 916 206 201
p 2 0 12 908 226 204
p 2 0 2 918 205 198
p 2 0 4 916 206 201
p 2 0 3 917 205 200
p 2 0 6 914 210 202
p 2 0 14 906 226 207
p 2 0 4 916 205 200
p 2 0 1 919 201 198
p 2 0 5 915 205 200
p 2 0 4 916 208 200
p 2 0 6 914 209 202
p 2 0 0 920 197 197
p 2 0 3 917 206 200
p 2 0 3 917 201 199
p 2 0 13 907 228 207
p 2 0 13 907 232 207
p 2 0 13 907 223 208
p 2 0 12 908 224 207
p 2 0 7 913 208 204
p 2 0 6 914 208 201
p 2 0 5 915 206 202
p 2 0 3 917 199 199
p 2 0 6 914 209 202
p 2 0 6 914 203 202
p 2 0 3 917 203 200
p 2 0 3 917 202 200
p 2 0 1 919 198 198
p 2 0 0 920 197 197
p 2 0 1 919 198 198
p 2 0 0 920 197 197
p 2 0 1 919 199 198
p 2 0 0 920 197 197
p 2 0 0 920 197 197
p 2 0 0 920 197 197
p 2 0 2 918 200 199
p 2 0 0 920 197 197
p 2 0 0 920 197 197
p 2 0 0 920 197 197
i 2 920 0 0 85464 4921
p 2 4 916 0 16003 1477
p 2 0 920 0 20993 1507
p 2 4 916 0 23342 1564
p 2 1 919 0 23258 1551
p 2 2 918 0 23577 1561
p 2 0 920 0 23942 1549
p 2 4 916 0 23554 1567
p 2 4 916 0 24152 1568
p 2 0 920 0 23966 1561
p 2 2 918 0 23623 1563
p 2 2 918 0 24417 1577
p 2 0 920 0 24021 1553
p 2 4 916 0 23641 1581
p 2 1 919 0 23943 1554
p 2 4 916 0 23622 1562
p 2 8 912 0 23947 1558
p 2 2 918 0 23602 1556
p 2 1 919 0 23655 1554
p 2 3 917 0 23297 1555
p 2 3 917 0 23684 1553
p 2 2 918 0 23299 1539
p 2 8 912 0 23499 1560
p 2 2 918 0 24833 1569
p 2 1 919 0 24039 1532
p 2 1 919 0 24065 1533
p 2 1 919 0 24253 1529
p 2 1 919 0 24232 1548
p 2 3 917 0 24694 1547
p 2 5 915 0 24344 1571
p 2 2 918 0 24769 1550
p 2 6 914 0 24298 1556
p 2 4 915 1 24568 1568
p 2 1 919 0 25166 1563
p 2 1 919 0 25157 1539
p 2 4 916 0 25114 1568
p 2 3 917 0 25303 1551
p 2 1 919 0 25555 1569
p 2 2 918 0 25731 1561
p 2 3 917 0 24978 1581
p 2 6 914 0 25370 1567
p 2 3 917 0 25186 1577
p 2 4 916 0 25530 1569
p 2 3 917 0 24878 1574
p 2 5 915 0 25552 1594
p 2 0 920 0 25965 1562
p 2 0 920 0 25958 1569
p 2 4 916 0 26147 1576
p 2 2 918 0 25889 1544
p 2 3 917 0 25524 1568
p 2 0 920 0 26528 1560
p 2 4 916 0 26441 1592
p 2 4 916 0 25823 1576
p 2 4 916 0 26513 1579
p 2 1 919 0 25890 1546
p 2 5 915 0 26395 1583
p 2 9 911 0 26078 1600
p 2 5 915 0 26324 1592
p 2 5 915 0 25640 1561
p 2 9 911 0 25840 1581
p 2 6 914 0 26617 1588
p 2 5 915 0 26302 1580
p 2 8 912 0 26279 1579
p 2 10 910 0 26951 1592
p 2 5 915 0 26551 1559
p 2 13 907 0 27029 1621
p 2 7 913 0 27286 1576
p 2 9 911 0 27381 1600
p 2 9 911 0 27329 1586
p 2 9 911 0 27183 1582
p 2 3 917 0 26373 1571
p 2 3 917 0 26390 1561
p 2 1 919 0 26190 1543
p 2 1 919 0 25891 1556
p 2 4 916 0 26058 1569
p 2 3 917 0 26203 1541
p 2 3 917 0 25881 1545
p 2 0 920 0 25928 1534
p 2 7 913 0 25795 1558
p 2 3 917 0 25820 1559
p 2 0 920 0 25177 1516
p 2 14 906 0 25822 1584
p 2 3 917 0 25024 1524
p 2 6 914 0 25210 1536
p 2 2 918 0 25455 1532
p 2 3 917 0 25214 1529
p 2 3 917 0 24496 1516
p 2 4 916 0 24725 1525
p 2 5 915 0 24951 1546
p 2 4 916 0 24675 1537
p 2 7 913 0 24722 1526
p 2 1 919 0 24139 1506
p 2 4 916 0 24787 1524
p 2 4 916 0 23991 1541
p 2 2 918 0 24037 1501
i 2 920 0 0 44557 4257
p 2 0 274 646 511 425
p 2 0 317 603 490 452
p 2 0 108 812 312 287
p 2 0 166 754 343 329
p 2 0 60 860 260 243
p 2 0 86 834 271 259
p 2 0 22 898 221 213
p 2 0 26 894 221 217
p 2 0 11 909 208 205
p 2 0 20 900 218 212
p 2 0 14 906 212 208
p 2 0 14 906 216 208
p 2 0 5 915 202 201
p 2 0 16 904 215 210
p 2 0 9 911 208 204
p 2 0 15 905 217 209
p 2 0 13 907 214 206
p 2 0 11 909 207 206
p 2 0 6 914 202 202
p 2 0 11 909 208 205
p 2 0 0 920 197 197
p 2 0 6 914 204 202
p 2 0 4 916 202 200
p 2 0 5 915 200 200
p 2 0 3 917 199 199
p 2 0 14 906 207 207
p 2 0 1 919 198 198
p 2 0 7 913 202 202
p 2 0 0 920 197 197
p 2 0 6 914 201 201
p 2 0 0 920 197 197
p 2 0 9 911 203 203
p 2 0 0 920 197 197
p 2 0 0 920 197 197
p 2 0 1 919 199 198
p 2 0 837 83 15285 1274
p 2 0 892 28 17342 1458
p 2 0 909 11 18682 1513
p 2 2 897 21 19367 1514
p 2 4 915 1 21805 1620
p 2 3 905 12 22728 1641
p 2 1 909 10 23269 1667
p 2 3 913 4 24993 1706
p 2 8 905 7 24820 1743
p 2 6 891 23 25935 1718
p 2 2 911 7 25407 1714
p 2 4 889 27 27499 1725
p 2 12 903 5 29311 1795
p 2 8 905 7 30020 1789
p 2 6 906 8 28927 1792
p 2 10 899 11 29913 1817
p 2 5 910 5 30714 1768
p 2 10 904 6 28611 1776
p 2 1 910 9 30236 1774
p 2 2 897 21 28976 1744
p 2 12 892 16 29472 1792
p 2 8 885 27 28631 1760
p 2 1 885 34 27724 1707
p 2 0 900 20 27597 1715
p 2 0 895 25 26290 1619
p 2 0 890 30 25877 1616
p 2 0 880 40 26244 1591
p 2 0 878 42 24472 1572
p 2 0 879 41 23764 1494
p 2 0 837 83 24078 1402
p 2 0 583 337 2225 802
p 2 0 327 593 947 508
p 2 0 137 783 413 319
p 2 1 124 795 498 310
p 2 0 101 819 363 284
p 2 0 120 800 451 300
p 2 0 67 853 305 253
p 2 0 56 864 285 243
p 2 0 57 863 291 242
p 2 0 89 831 432 278
p 2 0 35 885 280 226
p 2 0 54 866 304 239
p 2 0 36 884 385 229
p 2 0 48 872 313 237
p 2 0 23 897 243 213
p 2 0 19 901 414 214
p 2 0 22 898 244 215
p 2 0 37 883 291 228
p 2 0 30 890 355 221
p 2 0 15 905 229 209
p 2 0 16 904 233 211
p 2 0 20 900 405 216
p 2 0 14 906 227 208
p 2 0 18 902 237 212
p 2 0 25 895 303 220
p 2 0 13 907 223 209
p 2 0 7 913 214 203
p 2 0 11 909 406 207
p 2 0 11 909 224 206
p 2 0 10 910 225 206
p 2 0 8 912 326 203
p 2 0 7 913 216 203
p 2 0 4 916 205 200
p 2 0 22 898 415 217
p 2 0 13 907 232 208
p 2 0 14 906 228 209
p 2 0 10 910 262 207
p 2 0 4 916 205 202
p 2 0 3 917 201 200
p 2 0 4 916 394 202
p 2 0 5 915 211 201
p 2 0 10 910 225 205
p 2 0 12 908 335 209
p 2 0 5 915 208 201
p 2 0 1 919 198 198
p 2 0 3 917 361 202
p 2 0 2 918 206 198
p 2 0 2 918 202 199
p 2 0 8 912 323 207
p 2 0 4 916 206 201
p 2 0 4 916 201 200
p 2 0 7 913 242 206
p 2 0 6 914 207 203
p 2 0 3 917 204 200
p 2 0 6 914 321 203
p 2 0 3 917 202 200
p 2 0 4 916 205 201
p 2 0 7 913 380 203
p 2 0 4 916 203 201
p 2 0 2 918 207 199
p 2 0 4 916 317 203
p 2 0 2 918 201 200
p 2 0 3 917 200 200
p 2 0 6 914 368 203
p 2 0 2 918 203 199
p 2 0 1 919 199 198
p 2 0 2 918 247 200
p 2 0 6 914 208 203
p 2 0 6 914 207 202
p 2 0 6 914 394 204
p 2 0 10 910 225 205
p 2 0 3 917 205 200
p 2 0 11 909 341 208
p 2 0 6 914 211 203
p 2 0 2 918 200 199
p 2 0 3 917 364 201
p 2 0 2 918 209 199
p 2 0 6 914 209 202
p 2 0 4 916 253 203
p 2 0 4 916 206 201
p 2 0 4 916 203 200
p 2 0 3 917 393 201
p 2 0 8 912 209 203
p 2 0 2 918 204 199
p 2 0 3 917 317 201
p 2 0 4 916 207 201
p 2 0 2 918 202 199
p 2 0 2 918 362 201
p 2 0 0 920 197 197
p 2 0 2 918 200 199
p 2 0 2 918 249 201
p 2 0 3 917 203 201
p 2 0 3 917 201 200
p 2 0 3 917 393 200
p 2 0 3 917 203 200
p 2 0 0 920 197 197
p 2 0 3 917 316 202
p 2 0 2 918 204 200
p 2 0 2 918 206 200
p 2 0 2 918 360 201
p 2 0 1 919 206 198
p 2 0 1 919 199 198
p 2 0 1 919 199 198
p 2 0 1 919 198 198
p 2 0 1 919 198 198
p 2 0 0 920 197 197
p 2 0 2 918 318 201
p 2 0 1 919 198 198
p 2 0 2 918 231 201
p 2 0 0 920 197 197
p 2 0 0 920 197 197
p 2 0 0 920 197 197
p 2 0 0 920 197 197
p 2 0 0 920 197 197
p 2 0 0 920 197 197
p 2 0 1 919 198 198
p 2 0 1 919 199 198
p 2 0 0 920 197 197
p 2 0 0 920 197 197
p 2 0 22 898 250 215
p 2 1 224 695 15333 634
p 2 0 161 759 816 363
p 2 0 237 683 14667 623
p 2 0 184 736 856 394
p 2 1 232 687 15797 642
p 2 0 172 748 824 375
p 2 4 229 687 17251 687
p 2 0 196 724 945 404
p 2 0 119 801 499 308
p 2 0 84 836 766 279
p 2 0 26 894 254 220
p 2 0 31 889 258 223
p 2 0 38 882 475 239
p 2 0 52 868 298 240
p 2 0 53 867 328 244
p 2 0 41 879 702 238
p 2 0 18 902 227 212
p 2 0 12 908 217 207
p 2 0 13 907 441 212
p 2 0 29 891 261 224
p 2 0 5 915 206 202
p 2 0 10 910 594 211
p 2 0 11 909 222 207
p 2 0 9 911 215 204
p 2 0 22 898 419 227
p 2 0 15 905 237 211
p 2 0 11 909 221 207
p 2 0 13 907 643 211
p 2 0 14 906 222 208
p 2 0 13 907 232 208
p 2 0 18 902 464 217
p 2 0 14 906 228 209
p 2 0 14 906 222 209
p 2 0 22 898 603 221
p 2 0 9 911 215 204
p 2 0 7 913 210 203
p 2 0 5 915 204 200
p 2 0 0 920 197 197
p 2 0 2 918 198 198
p 2 0 0 920 197 197
p 2 0 9 911 432 209
p 2 0 6 914 216 204
p 2 2 277 641 21659 797
p 2 0 203 717 961 411
p 2 12 247 661 20302 815
p 2 0 195 725 901 405
p 2 11 264 645 21205 834
p 2 0 191 729 943 406
p 2 19 263 638 20834 862
p 2 0 230 690 1021 436
p 2 0 89 831 739 281
p 2 0 55 865 301 245
p 2 0 43 877 490 243
p 2 0 58 862 344 250
p 2 0 41 879 720 238
p 2 0 33 887 294 227
p 2 0 11 909 231 207
p 2 0 14 906 439 215
p 2 0 18 902 237 212
p 2 0 19 901 253 214
p 2 0 17 903 547 218
p 2 0 12 908 227 208
p 2 0 6 914 208 202
p 2 0 8 912 414 210
p 2 0 504 416 2231 740
p 2 0 172 748 563 351
p 2 0 54 866 443 249
p 2 0 29 891 242 219
p 2 0 9 911 210 206
p 2 0 20 900 680 220
p 2 0 18 902 231 211
p 2 0 9 911 216 205
p 2 0 12 908 408 214
p 2 0 27 893 257 220
p 2 0 21 899 246 214
p 2 0 25 895 684 223
p 2 0 14 906 233 209
p 2 0 7 913 213 203
p 2 0 9 911 413 209
p 2 0 15 905 222 209
p 2 0 13 907 220 207
p 2 0 17 903 529 216
p 2 0 9 911 214 205
p 2 0 9 911 216 205
p 2 0 9 911 416 210
p 2 0 14 906 226 208
p 2 0 6 914 212 202
p 2 0 14 906 671 214
p 2 0 8 912 222 204
p 2 0 18 902 228 211
p 2 0 10 910 420 212
p 2 0 5 915 209 201
p 2 0 4 916 203 200
p 2 0 7 913 508 208
p 2 0 10 910 216 204
p 2 0 9 911 216 203
p 2 0 1 919 199 198
p 2 0 4 916 206 200
p 2 0 2 918 203 199
p 2 0 3 917 203 199
p 2 0 12 908 432 213
p 2 0 16 904 237 211
p 2 25 334 561 32228 1082
p 2 0 239 681 1168 459
p 2 0 144 776 556 329
p 2 27 317 576 30756 1096
p 2 0 238 682 1046 443
p 2 0 95 825 420 286
p 2 30 305 585 32268 1092
p 2 0 244 676 1140 466
p 2 0 102 818 455 291
p 2 7 343 570 29952 942
p 2 0 241 679 1098 449
p 2 0 89 831 420 276
p 2 13 340 567 32332 999
p 2 0 271 649 1218 488
p 2 0 113 807 511 302
p 2 0 53 867 525 254
p 2 0 36 884 282 228
p 2 0 123 797 558 315
p 2 16 262 642 19897 829
p 2 0 192 728 820 393
p 2 0 90 830 421 281
p 2 9 259 652 18199 768
p 2 0 159 761 808 364
p 2 0 92 828 428 277
p 2 0 243 677 16260 638
p 2 0 214 706 1017 420
p 2 0 80 840 401 271
p 2 5 218 697 17044 659
p 2 0 172 748 872 376
p 2 0 142 778 622 332
p 2 0 68 852 578 260
p 2 0 31 889 272 225
p 2 0 46 874 512 238
p 2 0 59 861 358 250
p 2 0 40 880 284 229
p 2 0 25 895 258 218
p 2 0 25 895 254 216
p 2 0 43 877 337 236
p 2 0 25 895 261 221
p 2 0 26 894 576 221
p 2 0 16 904 239 209
p 2 0 55 865 368 246
p 2 0 37 883 636 233
p 2 0 32 888 270 223
p 2 0 27 893 264 218
p 2 0 40 880 537 239
p 2 0 23 897 272 218
p 2 0 23 897 254 215
p 2 0 32 888 588 229
p 2 0 29 891 285 223
p 2 0 24 896 269 220
p 2 0 11 909 456 212
p 2 0 11 909 233 208
p 2 0 8 912 224 205
p 2 0 12 908 704 214
p 2 0 12 908 232 207
p 2 0 18 902 255 211
p 2 0 16 904 486 216
p 2 0 8 912 221 204
p 2 0 6 914 216 203
p 2 0 9 911 554 210
p 2 0 15 905 246 210
p 2 0 9 911 217 204
p 2 0 8 912 445 211
p 2 0 12 908 223 207
p 2 0 4 916 210 202
p 2 0 13 907 686 212
p 2 0 7 913 217 204
p 2 0 5 915 213 202
p 2 0 14 906 471 215
p 2 0 13 907 236 207
p 2 0 8 912 216 203
p 2 0 4 916 541 205
p 2 0 4 916 210 200
p 2 0 0 920 197 197
p 2 0 5 915 444 207
p 2 0 2 918 204 198
p 2 0 3 917 207 199
p 2 0 4 916 442 206
p 2 0 4 916 209 201
p 2 0 3 917 207 200
p 2 0 10 910 545 207
p 2 0 5 915 212 200
p 2 0 4 916 205 201
p 2 0 6 914 559 207
p 2 0 4 916 209 200
p 2 0 3 917 209 200
p 2 0 5 915 441 206
p 2 0 3 917 207 199
p 2 0 1 919 201 198
p 2 0 8 912 557 209
p 2 0 5 915 214 203
p 2 0 3 917 206 200
p 2 0 5 915 434 210
p 2 0 3 917 206 200
p 2 0 5 915 215 202
p 2 0 7 913 544 206
p 2 0 3 917 205 201
p 2 0 2 918 204 199
p 2 0 5 915 555 206
p 2 0 4 916 218 201
p 2 0 2 918 202 199
p 2 0 8 912 443 210
p 2 0 4 916 212 201
p 2 0 3 917 202 199
p 2 0 5 915 686 207
p 2 0 3 917 205 200
p 2 0 3 917 204 200
p 2 0 7 913 453 209
p 2 0 4 916 209 200
p 2 0 0 920 197 197
p 2 0 4 916 540 206
p 2 0 3 917 212 200
p 2 0 3 917 202 199
p 2 0 0 920 197 197
p 2 0 0 920 197 197
p 2 0 2 918 201 199
p 2 0 0 920 197 197
p 2 0 4 916 442 205
p 2 0 3 917 211 200
p 2 0 4 916 435 204
p 2 0 3 917 203 199
p 2 0 1 919 200 198
p 2 0 1 919 203 198
p 2 0 2 918 201 199
p 2 0 1 919 202 198
p 2 0 1 919 203 199
p 2 0 1 919 200 198
p 2 0 0 920 197 197
p 2 0 1 919 201 198
i 2 920 0 0 45923 4271
p 2 0 225 695 477 388
p 2 0 197 723 361 351
p 2 154 425 341 41697 2146
p 2 0 363 557 1244 592
p 2 0 139 781 510 333
p 2 145 440 335 44186 2148
p 2 0 308 612 1185 571
p 2 0 162 758 500 346
p 2 133 448 339 47180 2133
p 2 0 309 611 1188 545
p 2 0 172 748 580 356
p 2 149 439 332 47824 2251
p 2 0 300 620 1233 536
p 2 0 143 777 487 338
p 2 0 86 834 366 278
p 2 9 546 365 32148 1343
p 2 0 390 530 1470 601
p 2 11 542 367 25015 1208
p 2 0 370 550 1340 577
p 2 4 535 381 22433 1120
p 2 0 344 576 1219 550
p 2 1 189 730 854 392
p 2 0 132 788 373 311
p 2 4 81 835 1339 294
p 2 0 46 874 273 237
p 2 0 51 869 325 242
p 2 0 43 877 860 253
p 2 0 24 896 258 220
p 2 0 29 891 245 223
p 2 2 23 895 1155 239
p 2 0 23 897 230 214
p 2 0 4 916 201 201
p 2 130 411 379 41737 2088
p 2 0 375 545 1219 616
p 2 0 190 730 528 362
p 2 158 490 272 57850 2404
p 2 0 384 536 1482 646
p 2 0 206 714 624 390
p 2 149 512 259 42743 2227
p 2 0 476 444 1402 688
p 2 0 230 690 604 404
p 2 63 588 269 42650 1864
p 2 0 383 537 1434 607
p 2 0 249 671 597 419
p 2 70 505 345 44525 1894
p 2 0 395 525 1393 610
p 2 0 244 676 609 412
p 2 79 503 338 45603 1926
p 2 0 355 565 1278 578
p 2 0 210 710 598 391
p 2 0 141 779 394 321
p 2 0 170 750 3608 396
p 2 0 125 795 452 305
p 2 0 134 786 3434 362
p 2 0 80 840 406 269
p 2 0 150 770 3631 382
p 2 0 95 825 413 281
p 2 0 114 806 3061 331
p 2 0 66 854 394 259
p 2 0 111 809 3067 329
p 2 0 57 863 359 248
p 2 0 89 831 3514 323
p 2 0 52 868 363 246
p 2 0 107 813 3423 339
p 2 0 61 859 405 258
p 2 0 42 878 300 232
p 2 0 12 908 236 207
p 2 6 483 431 31038 1194
p 2 0 347 573 1419 562
p 2 14 486 420 27804 1217
p 2 0 329 591 1304 546
p 2 6 479 435 25483 1091
p 2 0 331 589 1326 543
p 2 28 467 425 29963 1274
p 2 0 317 603 1360 534
p 2 5 198 717 964 432
p 2 0 85 835 357 273
p 2 9 72 839 1748 311
p 2 0 62 858 314 252
p 2 0 45 875 298 234
p 2 0 42 878 1145 256
p 2 0 32 888 262 226
p 2 0 22 898 238 216
p 2 1 29 890 1514 251
p 2 0 40 880 329 237
p 2 0 34 886 272 225
p 2 5 36 879 570 278
p 2 0 22 898 218 214
p 2 0 12 908 213 208
p 2 9 19 892 1628 264
p 2 0 10 910 217 205
p 2 0 10 910 224 205
p 2 0 26 894 1082 245
p 2 0 27 893 252 222
p 2 0 10 910 212 204
p 2 1 34 885 1517 256
p 2 0 21 899 261 217
p 2 0 16 904 229 210
p 2 7 510 403 31039 1222
p 2 0 364 556 1361 574
p 2 0 128 792 503 317
p 2 6 489 425 28643 1149
p 2 0 314 606 1382 528
p 2 0 140 780 516 324
p 2 4 488 428 30198 1176
p 2 0 324 596 1417 536
p 2 0 169 751 643 357
p 2 5 509 406 29279 1190
p 2 0 332 588 1449 553
p 2 0 131 789 514 315
p 2 0 51 869 292 239
p 2 53 466 401 39845 1606
p 2 0 304 616 1344 526
p 2 19 499 402 33242 1378
p 2 0 360 560 1469 585
p 2 7 520 393 31150 1287
p 2 0 367 553 1534 610
p 2 0 202 718 658 388
p 2 0 123 797 442 306
p 2 8 505 407 33177 1343
p 2 0 357 563 1434 578
p 2 0 141 779 510 322
p 2 6 527 387 31686 1311
p 2 0 361 559 1456 577
p 2 0 123 797 471 310
p 2 7 496 417 30817 1241
p 2 0 338 582 1388 555
p 2 0 119 801 482 307
p 2 9 500 411 29315 1236
p 2 0 358 562 1419 569
p 2 0 142 778 556 327
p 2 0 75 845 696 271
p 2 0 40 880 259 231
p 2 0 54 866 604 251
p 2 0 34 886 312 228
p 2 0 39 881 541 233
p 2 0 27 893 253 219
p 2 0 29 891 636 234
p 2 0 18 902 226 211
p 2 0 38 882 732 234
p 2 0 11 909 234 206
p 2 52 485 383 45374 1705
p 2 8 563 349 36535 1467
p 2 6 566 348 35809 1448
p 2 0 419 501 1648 688
p 2 0 182 738 609 373
p 2 0 115 805 415 303
p 2 68 512 340 44585 1900
p 2 84 501 335 47619 2036
p 2 23 553 344 38468 1635
p 2 11 553 356 35033 1512
p 2 0 396 524 1454 652
p 2 1 224 695 1750 456
p 2 0 193 727 563 373
p 2 1 116 803 1393 334
p 2 0 89 831 354 277
p 2 1 86 833 1456 310
p 2 0 115 805 466 302
p 2 0 90 830 1167 295
p 2 0 77 843 328 262
p 2 0 67 853 926 271
p 2 0 60 860 320 248
p 2 1 67 852 1577 293
p 2 0 33 887 288 227
p 2 1 54 865 1278 275
p 2 0 53 867 292 241
p 2 1 66 853 1370 287
p 2 0 55 865 287 242
p 2 0 70 850 1092 272
p 2 0 52 868 295 240
p 2 0 65 855 905 264
p 2 0 14 906 245 211
p 2 1 43 876 1533 267
p 2 0 22 898 270 224
p 2 1 49 870 1357 272
p 2 0 42 878 295 236
p 2 1 60 859 1431 294
p 2 0 37 883 270 227
i 2 920 0 0 84386 5073
p 2 0 150 770 399 332
p 2 0 105 815 292 285
p 2 0 42 878 624 231
p 2 0 57 863 256 245
p 2 0 17 903 218 211
p 2 0 29 891 668 221
p 2 0 17 903 227 210
p 2 0 12 908 209 205
p 2 0 10 910 590 205
p 2 0 11 909 220 204
p 2 0 13 907 216 206
p 2 0 10 910 681 209
p 2 0 7 913 211 203
p 2 0 9 911 209 204
p 2 1 15 904 522 217
p 2 0 8 912 214 205
p 2 0 7 913 207 202
p 2 0 12 908 689 208
p 2 0 8 912 214 204
p 2 0 2 918 199 199
p 2 0 6 914 616 203
p 2 0 5 915 212 202
p 2 0 5 915 204 200
p 2 0 14 906 648 209
p 2 0 7 913 223 201
p 2 0 7 913 209 203
p 2 1 8 911 562 212
p 2 0 8 912 216 203
p 2 0 5 915 207 202
p 2 0 10 910 644 207
p 2 0 12 908 229 207
p 2 0 4 916 206 200
p 2 0 6 914 650 204
p 2 0 6 914 211 202
p 2 0 4 916 200 200
p 2 0 7 913 636 205
p 2 0 13 907 215 208
p 2 0 5 915 204 202
p 2 0 8 912 588 206
p 2 0 5 915 216 202
p 2 0 6 914 208 202
p 2 0 6 914 574 203
p 2 0 7 913 211 203
p 2 0 2 918 204 199
p 2 0 5 915 516 203
p 2 0 4 916 205 200
p 2 0 3 917 205 199
p 2 0 10 910 688 206
p 2 0 5 915 210 202
p 2 0 1 919 200 198
p 2 0 11 909 620 207
p 2 0 6 914 216 202
p 2 0 5 915 208 201
p 2 0 8 912 622 205
p 2 0 6 914 208 201
p 2 0 1 919 198 198
p 2 1 5 914 556 211
p 2 0 6 914 215 203
p 2 0 2 918 201 199
p 2 0 6 914 636 204
p 2 0 5 915 212 202
p 2 0 1 919 198 198
p 2 0 8 912 654 205
p 2 0 9 911 220 204
p 2 0 12 908 216 207
p 2 0 6 914 642 202
p 2 0 7 913 216 202
p 2 0 3 917 205 200
p 2 0 10 910 606 207
p 2 0 6 914 216 202
p 2 0 3 917 201 199
p 2 0 5 915 573 203
p 2 0 5 915 211 201
p 2 0 0 920 197 197
p 2 0 6 914 521 203
p 2 0 6 914 223 203
p 2 0 4 916 205 200
p 2 0 6 914 680 202
p 2 0 3 917 211 200
p 2 0 2 918 202 198
p 2 0 5 915 595 204
p 2 0 7 913 218 203
p 2 0 1 919 198 198
p 2 0 5 915 626 203
p 2 0 3 917 208 200
p 2 0 1 919 200 198
p 2 1 4 915 549 209
p 2 0 5 915 214 200
p 2 0 3 917 204 200
p 2 0 5 915 636 202
p 2 0 6 914 214 201
p 2 0 1 919 199 198
p 2 0 5 915 657 203
p 2 0 4 916 212 200
p 2 0 0 920 197 197
p 2 0 5 915 644 203
p 2 0 6 914 216 201
p 2 0 5 915 209 202
p 2 1 6 913 499 210
p 2 0 2 918 204 199
p 2 0 2 918 202 199
p 2 0 6 914 675 203
p 2 0 4 916 211 200
p 2 0 0 920 197 197
p 2 0 5 915 598 203
p 2 0 2 918 215 199
p 2 0 1 919 199 198
p 2 0 5 915 680 203
p 2 0 4 916 206 200
p 2 0 1 919 199 198
p 2 0 6 914 602 202
p 2 0 3 917 205 199
p 2 0 1 919 198 198
p 2 0 5 915 516 201
p 2 0 3 917 205 200
p 2 0 2 918 201 198
p 2 0 5 915 675 203
p 2 0 4 916 211 200
p 2 0 2 918 201 199
p 2 0 5 915 587 203
p 2 0 4 916 210 201
p 2 0 2 918 201 199
p 2 0 5 915 673 202
p 2 0 4 916 218 201
p 2 0 0 920 197 197
p 2 0 5 915 608 204
p 2 0 5 915 212 200
p 2 0 1 919 199 198
p 2 0 5 915 513 202
p 2 0 2 918 207 199
i 2 920 0 0 53696 4570
p 2 0 216 704 469 388
p 2 0 208 712 431 377
p 2 0 91 829 310 277
p 2 0 145 775 336 315
p 2 0 70 850 267 253
p 2 0 77 843 646 269
p 2 0 42 878 245 229
p 2 0 62 858 261 245
p 2 0 24 896 645 222
p 2 0 48 872 260 236
p 2 0 9 911 210 205
p 2 0 23 897 415 224
p 2 0 8 912 222 204
p 2 0 3 917 201 199
p 2 0 16 904 638 217
p 2 0 8 912 211 204
p 2 0 7 913 209 201
p 2 0 9 911 320 211
p 2 0 9 911 212 205
p 2 0 0 920 197 197
p 2 0 9 911 771 211
p 2 0 4 916 213 202
p 2 0 3 917 201 199
p 2 0 25 895 415 220
p 2 0 6 914 218 203
p 2 0 8 912 209 204
p 2 0 10 910 620 210
p 2 0 7 913 213 202
p 2 0 5 915 202 200
p 2 0 9 911 320 211
p 2 0 11 909 214 205
p 2 0 2 918 200 199
p 2 0 9 911 775 212
p 2 0 14 906 222 209
p 2 0 4 916 208 201
p 2 0 24 896 412 221
p 2 0 5 915 209 202
p 2 0 9 911 210 205
p 2 0 11 909 632 211
p 2 0 4 916 209 200
p 2 0 1 919 202 198
p 2 0 9 911 395 209
p 2 0 2 918 201 199
p 2 0 4 916 208 201
p 2 0 9 911 279 210
p 2 0 1 919 199 198
p 2 0 3 917 201 200
p 2 0 9 911 561 210
p 2 0 3 917 208 200
p 2 0 1 919 201 199
p 2 0 9 911 626 209
p 2 0 4 916 222 202
p 2 0 3 917 204 199
p 2 0 8 912 393 208
p 2 0 2 918 202 199
p 2 0 1 919 199 199
p 2 0 10 910 618 211
p 2 0 7 913 214 203
p 2 0 5 915 205 201
p 2 0 11 909 331 213
p 2 0 2 918 200 199
p 2 0 3 917 203 201
p 2 0 10 910 777 213
p 2 0 4 916 216 202
p 2 0 2 918 202 199
p 2 0 8 912 396 209
p 2 0 2 918 204 199
p 2 0 1 919 199 198
p 2 0 9 911 621 209
p 2 0 3 917 205 199
p 2 0 2 918 202 199
p 2 0 8 912 316 211
p 2 0 7 913 210 204
p 2 0 2 918 200 199
p 2 0 9 911 775 212
p 2 0 4 916 218 202
p 2 0 1 919 200 198
p 2 0 8 912 400 208
p 2 0 3 917 207 201
p 2 0 1 919 199 198
p 2 0 9 911 622 209
p 2 0 5 915 212 202
p 2 0 2 918 203 199
p 2 0 9 911 298 213
p 2 0 1 919 199 198
p 2 0 0 920 197 197
p 2 0 9 911 777 212
p 2 0 2 918 206 200
p 2 0 0 920 197 197
p 2 0 8 912 398 208
p 2 0 3 917 205 200
p 2 0 1 919 199 198
p 2 0 9 911 624 210
p 2 0 3 917 207 199
p 2 0 0 920 197 197
p 2 0 9 911 397 210
p 2 0 1 919 200 198
p 2 0 2 918 198 198
p 2 0 11 909 631 211
p 2 0 4 916 220 201
p 2 0 2 918 204 198
p 2 0 8 912 398 209
p 2 0 3 917 207 199
p 2 0 9 911 264 208
p 2 0 1 919 199 198
p 2 0 1 919 199 198
i 2 920 0 0 4434 2784
p 2 525 395 0 8825 3088
p 2 293 627 0 11736 2918
p 2 202 718 0 13194 2899
p 2 168 752 0 13879 2822
p 2 151 769 0 14617 2865
p 2 105 815 0 15072 2751
p 2 0 855 65 2448 1316
p 2 0 823 97 1781 1027
p 2 0 752 168 1520 942
p 2 0 785 135 1463 968
p 2 0 692 228 1285 880
p 2 0 745 175 1328 927
p 2 0 686 234 1257 872
p 2 0 687 233 1200 860
p 2 0 663 257 1212 844
p 2 0 659 261 1136 830
p 2 0 665 255 1174 845
p 2 0 650 270 1083 814
p 2 0 615 305 1027 776
p 2 0 639 281 1058 802
p 2 0 619 301 1007 771
p 2 0 624 296 1019 778
p 2 0 644 276 1057 803
p 2 0 609 311 994 767
p 2 0 634 286 1112 794
p 2 0 585 335 958 740
p 2 0 597 323 992 746
p 2 0 572 348 916 723
p 2 0 562 358 899 712
p 2 0 561 359 916 715
p 2 0 583 337 906 730
p 2 0 557 363 910 707
p 2 0 545 375 934 712
p 2 0 529 391 856 685
p 2 0 545 375 872 690
p 2 0 582 338 916 726
p 2 0 533 387 877 694
p 2 0 559 361 889 712
p 2 0 588 332 889 728
p 2 0 550 370 852 692
p 2 0 530 390 830 673
p 2 0 541 379 853 686
p 2 0 569 351 904 717
p 2 0 545 375 854 692
p 2 0 553 367 889 697
p 2 0 526 394 858 686
p 2 0 525 395 879 677
p 2 0 552 368 870 702
p 2 0 561 359 936 710
p 2 0 539 381 844 685
p 2 0 587 333 907 725
p 2 0 539 381 879 689
p 2 0 540 380 882 689
p 2 0 561 359 890 710
p 2 0 549 371 881 692
p 2 0 554 366 851 695
p 2 0 545 375 904 699
p 2 0 537 383 831 674
p 2 0 530 390 862 683
p 2 0 501 419 813 659
p 2 0 549 371 845 685
p 2 0 539 381 871 686
p 2 0 550 370 844 691
p 2 0 573 347 889 719
p 2 0 507 413 832 657
p 2 0 539 381 829 675
p 2 0 520 400 849 664
p 2 0 503 417 782 646
p 2 0 516 404 860 669
p 2 0 536 384 825 672
p 2 0 549 371 848 688
p 2 0 560 360 878 702
p 2 0 503 417 801 646
p 2 0 499 421 806 647
p 2 0 504 416 806 649
p 2 0 502 418 800 645
p 2 0 551 369 866 686
p 2 0 553 367 865 694
p 2 0 528 392 802 666
p 2 0 520 400 817 673
p 2 0 494 426 807 649
p 2 0 560 360 901 705
p 2 0 535 385 826 679
p 2 0 516 404 823 668
p 2 0 515 405 819 661
p 2 0 497 423 796 645
p 2 0 508 412 802 653
p 2 0 587 333 905 723
i 2 920 0 0 22954 3589
p 2 0 716 204 1327 872
p 2 0 656 264 1135 808
p 2 5 725 190 9372 1076
p 2 0 675 245 1734 836
p 2 0 640 280 1576 790
p 2 1 665 254 8662 971
p 2 0 624 296 1517 784
p 2 0 579 341 1187 724
p 2 6 653 261 9561 977
p 2 0 617 303 1491 772
p 2 0 578 342 1238 720
p 2 8 587 325 9585 940
p 2 0 571 349 1440 722
p 2 0 560 360 1221 701
p 2 16 608 296 10118 1018
p 2 0 579 341 1413 738
p 2 0 545 375 1240 690
p 2 1 568 351 8274 876
p 2 0 553 367 1368 715
p 2 0 586 334 1372 726
p 2 0 600 320 8976 904
p 2 0 579 341 1473 729
p 2 0 539 381 1180 679
p 2 0 572 348 8447 887
p 2 0 552 368 1482 709
p 2 0 571 349 1246 707
p 2 12 555 353 9475 897
p 2 0 548 372 1384 704
p 2 0 547 373 1127 681
p 2 9 566 345 9165 915
p 2 0 546 374 1416 705
p 2 0 558 362 1316 706
p 2 11 591 318 9711 943
p 2 0 562 358 1471 711
p 2 0 502 418 1061 650
p 2 8 543 369 9908 918
p 2 0 522 398 1312 674
p 2 0 452 468 975 604
p 2 8 577 335 8458 920
p 2 0 531 389 1345 691
p 2 0 556 364 1193 693
p 2 12 505 403 9208 872
p 2 0 576 344 1429 719
p 2 0 529 391 1066 665
p 2 4 547 369 8658 875
p 2 0 528 392 1471 694
p 2 0 502 418 1008 638
p 2 0 555 365 8431 856
p 2 0 533 387 1424 695
p 2 0 499 421 1093 640
p 2 6 552 362 9360 879
p 2 0 539 381 1311 689
p 2 0 497 423 1086 627
p 2 8 554 358 9401 890
p 2 0 481 439 1435 646
p 2 0 525 395 1209 666
p 2 16 542 362 10057 952
p 2 0 485 435 1265 643
p 2 0 492 428 977 627
p 2 1 516 403 8159 823
p 2 0 532 388 1330 686
p 2 0 535 385 1278 676
p 2 0 530 390 8916 833
p 2 0 488 432 1383 659
p 2 0 469 451 1162 624
p 2 0 553 367 8256 863
p 2 0 524 396 1291 677
p 2 0 453 467 972 603
p 2 2 531 387 8822 838
p 2 0 503 417 1297 656
p 2 0 566 354 1264 696
p 2 1 535 384 8769 833
p 2 0 549 371 1607 701
p 2 0 462 458 1065 611
p 2 11 540 369 9771 901
p 2 0 502 418 1399 668
p 2 0 475 445 1027 611
p 2 15 512 393 10069 930
p 2 0 480 440 1241 643
p 2 0 483 437 1053 633
p 2 0 561 359 8117 846
p 2 0 510 410 1375 660
p 2 0 470 450 1036 613
p 2 0 560 360 8714 856
p 2 0 487 433 1362 641
p 2 0 538 382 1178 670
p 2 1 538 381 11237 934
p 2 0 499 421 2258 682
p 2 6 529 385 10534 926
p 2 15 560 345 11851 1028
p 2 24 505 391 12893 1080
p 2 0 541 379 1481 693
p 2 5 516 399 11194 944
p 2 0 511 409 1557 673
p 2 21 537 362 12252 1040
p 2 0 499 421 1306 659
p 2 6 597 317 10582 993
p 2 0 596 324 1590 745
p 2 4 573 343 10917 969
p 2 0 530 390 1526 698
p 2 1 521 398 11046 907
p 2 0 581 339 1725 750
p 2 12 532 376 10175 956
p 2 0 534 386 1461 704
p 2 23 486 411 11048 977
p 2 0 539 381 1522 708
p 2 4 549 367 11001 949
p 2 0 513 407 1608 681
p 2 21 530 369 12288 1047
p 2 0 534 386 1411 697
p 2 7 548 365 10403 955
p 2 0 556 364 1593 720
p 2 5 563 352 10932 955
p 2 0 498 422 1422 668
p 2 1 562 357 11133 958
p 2 0 505 415 1429 674
p 2 7 522 391 10188 933
p 2 0 510 410 1453 681
p 2 18 552 350 10814 993
p 2 0 503 417 1367 666
p 2 4 542 374 11329 971
p 2 0 482 438 1588 658
p 2 20 537 363 12279 1032
p 2 0 486 434 1245 653
p 2 5 562 353 10588 946
p 2 0 575 345 1743 735
p 2 5 572 343 10995 974
p 2 0 538 382 1510 697
p 2 1 576 343 10989 949
p 2 0 594 326 1654 752
p 2 12 532 376 10169 952
p 2 0 515 405 1438 676
p 2 21 579 320 11051 1045
p 2 0 515 405 1468 683
p 2 5 573 342 10932 969
p 2 0 504 416 1591 683
p 2 23 553 344 12239 1056
p 2 0 529 391 1414 696
p 2 6 572 342 10597 965
p 2 0 531 389 1545 698
p 2 3 542 375 10968 939
p 2 0 526 394 1550 693
p 2 1 553 366 10999 934
p 2 4 551 365 10584 942
p 2 0 539 381 1553 713
p 2 11 546 363 10215 964
p 2 0 505 415 1415 674
p 2 4 546 370 11100 952
p 2 0 522 398 1602 681
p 2 23 498 399 12229 1028
p 2 0 586 334 1674 740
p 2 6 533 381 10371 920
p 2 0 566 354 1472 735
p 2 4 543 373 10868 942
p 2 0 529 391 1486 685
p 2 1 481 438 11057 872
p 2 0 564 356 1625 708
p 2 6 514 400 10499 919
p 2 0 518 402 1435 675
p 2 12 521 387 10321 946
p 2 0 527 393 1459 682
p 2 4 591 325 11215 1000
p 2 0 522 398 1624 683
p 2 19 655 246 18688 1343
p 2 0 622 298 1895 798
p 2 5 671 244 15989 1192
p 2 0 571 349 1828 757
p 2 4 704 212 17419 1222
p 2 0 581 339 2094 777
p 2 17 581 322 15261 1124
p 2 0 648 272 1761 801
p 2 1 629 290 12697 1022
p 2 0 651 269 1849 806
p 2 4 582 334 12659 1001
p 2 0 585 335 1699 754
p 2 16 555 349 15093 1107
p 2 0 610 310 2031 775
p 2 1 586 333 13347 974
p 2 0 576 344 2790 754
p 2 4 616 300 14298 1024
p 2 0 603 317 1924 762
p 2 17 623 280 14812 1140
p 2 0 549 371 1661 721
p 2 1 581 338 12687 985
p 2 0 622 298 2091 788
p 2 3 591 326 12363 1006
p 2 0 525 395 1581 693
p 2 15 561 344 15209 1120
p 2 0 531 389 1545 711
p 2 0 570 350 13097 957
p 2 0 577 343 2793 757
p 2 3 564 353 14237 990
p 2 0 600 320 1928 753
p 2 18 605 297 14976 1144
p 2 0 555 365 1520 714
p 2 0 612 308 12676 988
p 2 0 564 356 2066 749
p 2 2 571 347 12583 979
p 2 0 546 374 1631 718
p 2 16 570 334 15122 1105
p 2 0 566 354 1498 718
p 2 0 549 371 13183 937
p 2 0 535 385 2794 723
p 2 3 540 377 14177 973
p 2 0 567 353 1814 728
p 2 18 581 321 14902 1136
p 2 0 552 368 1498 718
p 2 1 569 350 12547 969
p 2 0 577 343 1753 741
p 2 3 608 309 12706 1012
p 2 0 582 338 1672 740
p 2 16 561 343 15097 1115
p 2 0 527 393 1635 699
p 2 0 644 276 13207 1019
p 2 22 894 4 10158 1615
p 2 22 892 6 19121 1840
p 2 19 900 1 10986 1726
p 2 45 869 6 17646 1934
p 2 27 892 1 10220 1797
p 2 47 866 7 14105 1934
p 2 40 879 1 9966 1867
p 2 78 834 8 11952 2027
p 2 68 852 0 8900 1986
p 2 111 801 8 10095 2133
p 2 75 843 2 7507 2067
p 2 94 818 8 6417 2088
i 2 920 0 0 48643 4390
p 2 0 229 691 515 405
p 2 0 167 753 359 338
p 2 0 64 856 260 250
p 2 0 65 855 254 248
p 2 0 39 881 236 229
p 2 0 30 890 512 223
p 2 0 18 902 224 213
p 2 0 36 884 247 226
p 2 0 17 903 545 213
p 2 0 14 906 213 209
p 2 0 7 913 206 203
p 2 0 24 896 488 219
p 2 0 10 910 214 206
p 2 0 9 911 210 204
p 2 0 4 916 528 202
p 2 0 5 915 209 202
p 2 0 1 919 198 198
p 2 0 10 910 365 208
p 2 0 3 917 202 199
p 2 0 2 918 199 199
p 2 1 2 917 501 207
p 2 0 9 911 210 204
p 2 0 4 916 203 201
p 2 0 7 913 466 206
p 2 0 2 918 203 199
p 2 0 3 917 201 200
p 2 0 3 917 525 201
p 2 0 10 910 215 206
p 2 0 2 918 200 199
p 2 0 4 916 363 206
p 2 0 2 918 201 199
p 2 0 2 918 199 199
p 2 1 2 917 499 207
p 2 0 5 915 212 203
p 2 0 0 920 197 197
p 2 0 3 917 463 202
p 2 0 3 917 202 200
p 2 0 2 918 201 199
p 2 0 2 918 526 200
p 2 0 1 919 203 198
p 2 0 1 919 199 198
p 2 0 2 918 459 201
p 2 0 4 916 207 201
p 2 0 0 920 197 197
p 2 0 2 918 331 202
p 2 0 2 918 202 198
p 2 0 1 919 200 198
p 2 0 3 917 488 200
p 2 0 2 918 202 199
p 2 0 1 919 199 199
p 2 0 2 918 527 200
p 2 0 1 919 204 199
p 2 0 1 919 198 198
p 2 0 2 918 460 201
p 2 0 5 915 207 202
p 2 0 1 919 199 198
p 2 0 3 917 526 201
p 2 0 3 917 204 200
p 2 0 7 913 203 201
p 2 0 2 918 359 203
p 2 0 3 917 203 200
p 2 0 0 920 197 197
p 2 1 3 916 507 208
p 2 0 2 918 202 199
p 2 0 0 920 197 197
p 2 0 2 918 460 201
p 2 0 1 919 203 198
p 2 0 3 917 199 199
p 2 0 2 918 524 200
p 2 0 0 920 197 197
p 2 0 1 919 198 198
p 2 0 3 917 361 205
p 2 0 2 918 204 200
p 2 0 0 920 197 197
p 2 1 2 917 506 207
p 2 0 1 919 200 198
p 2 0 0 920 197 197
p 2 0 2 918 358 203
p 2 0 2 918 203 199
p 2 0 0 920 197 197
p 2 1 1 918 503 206
p 2 0 0 920 197 197
p 2 0 0 920 197 197
p 2 0 3 917 463 203
p 2 0 2 918 203 199
p 2 0 1 919 198 198
p 2 0 2 918 526 201
p 2 0 2 918 204 199
p 2 0 1 919 200 198
p 2 0 0 920 197 197
p 2 0 1 919 199 198
p 2 0 2 918 361 203
p 2 0 2 918 202 199
p 2 0 0 920 197 197
i 2 920 0 0 77846 4895
p 2 0 152 768 422 341
p 2 0 92 828 299 281
p 2 0 46 874 780 241
p 2 0 38 882 247 231
p 2 0 22 898 221 215
p 2 0 25 895 633 221
p 2 0 18 902 230 212
p 2 0 21 899 224 213
p 2 0 14 906 563 212
p 2 0 9 911 221 205
p 2 0 8 912 212 203
p 2 0 13 907 581 211
p 2 0 14 906 238 209
p 2 0 13 907 215 210
p 2 0 12 908 516 215
p 2 0 12 908 213 206
p 2 0 5 915 203 200
p 2 0 10 910 733 209
p 2 0 13 907 219 207
p 2 0 3 917 202 200
p 2 0 9 911 580 208
p 2 0 10 910 224 205
p 2 0 6 914 208 201
p 2 0 19 901 589 216
p 2 0 15 905 221 209
p 2 0 19 901 227 213
p 2 0 21 899 532 219
p 2 0 21 899 230 213
p 2 0 10 910 208 205
p 2 0 14 906 726 214
p 2 0 12 908 222 207
p 2 0 13 907 216 207
p 2 0 9 911 583 208
p 2 0 12 908 220 207
p 2 0 6 914 208 202
p 2 0 11 909 592 208
p 2 0 6 914 215 203
p 2 0 5 915 209 201
p 2 0 6 914 548 206
p 2 0 8 912 219 205
p 2 0 3 917 202 200
p 2 0 8 912 498 211
p 2 0 4 916 205 201
p 2 0 1 919 199 199
p 2 0 6 914 698 206
p 2 0 3 917 208 200
p 2 0 3 917 203 200
p 2 0 10 910 630 208
p 2 0 6 914 213 202
p 2 0 6 914 205 202
p 2 0 9 911 557 207
p 2 0 8 912 229 206
p 2 0 1 919 200 198
p 2 0 10 910 579 210
p 2 0 5 915 211 201
p 2 0 4 916 203 200
p 2 0 7 913 287 203
p 2 0 2 918 199 198
p 2 0 2 918 200 199
p 2 0 9 911 555 207
p 2 0 6 914 213 202
p 2 0 7 913 415 210
p 2 0 4 916 290 201
p 2 0 3 917 203 200
p 2 0 0 920 197 197
p 2 0 7 913 682 207
p 2 0 6 914 217 203
p 2 0 0 920 197 197
p 2 0 8 912 597 208
p 2 0 5 915 215 202
p 2 0 3 917 204 200
p 2 0 10 910 572 208
p 2 0 7 913 221 204
p 2 0 6 914 207 202
p 2 0 8 912 574 207
p 2 0 4 916 206 200
p 2 0 1 919 198 198
p 2 0 6 914 511 209
p 2 0 1 919 199 198
p 2 0 2 918 201 199
p 2 0 6 914 724 207
p 2 0 10 910 228 206
p 2 0 6 914 209 202
p 2 8 126 786 14201 476
p 2 0 98 822 608 298
p 2 0 40 880 295 231
p 2 3 123 794 14827 454
p 2 0 107 813 684 314
p 2 0 37 883 296 231
p 2 4 125 791 14548 458
p 2 0 111 809 692 313
p 2 0 34 886 299 226
p 2 2 113 805 14615 439
p 2 0 91 829 647 299
p 2 0 42 878 320 236
p 2 0 377 543 14926 662
p 2 0 906 14 31639 1499
p 2 3 916 1 43154 1645
p 2 15 897 8 38827 1719
p 2 8 910 2 31945 1650
p 2 12 908 0 39257 1734
p 2 9 911 0 34820 1706
p 2 17 903 0 39693 1810
p 2 14 906 0 46119 1807
p 2 24 895 1 58700 2005
p 2 17 902 1 52206 1937
p 2 27 893 0 41197 1796
p 2 21 899 0 48975 1908
p 2 16 904 0 48114 1783
p 2 28 892 0 33830 1754
p 2 13 906 1 38129 1752
p 2 15 905 0 34939 1692
p 2 2 918 0 43532 1684
p 2 0 717 203 3203 986
p 2 0 247 673 790 435
p 2 0 286 634 860 466
p 2 0 146 774 1020 337
p 2 0 124 796 450 307
p 2 0 88 832 376 273
p 2 0 134 786 857 327
p 2 0 89 831 457 285
p 2 0 164 756 703 355
p 2 0 59 861 635 254
p 2 0 88 832 440 274
p 2 0 66 854 382 256
p 2 0 80 840 561 268
p 2 0 39 881 311 232
p 2 0 24 896 258 218
p 2 0 22 898 453 216
p 2 0 85 835 555 276
p 2 0 33 887 281 226
p 2 1 19 900 591 222
p 2 0 57 863 332 245
p 2 0 36 884 279 227
p 2 0 72 848 559 262
p 2 0 70 850 364 259
p 2 0 104 816 456 291
p 2 0 53 867 622 245
p 2 0 55 865 350 247
p 2 0 54 866 323 243
p 2 0 89 831 759 281
p 2 0 31 889 277 224
p 2 0 31 889 278 221
p 2 0 18 902 559 215
p 2 0 47 873 318 238
p 2 0 52 868 330 242
p 2 0 32 888 702 228
p 2 0 14 906 234 206
p 2 0 11 909 221 205
p 2 0 15 905 545 215
p 2 0 20 900 244 213
p 2 0 13 907 231 208
p 2 0 13 907 583 209
p 2 0 11 909 236 206
p 2 0 9 911 219 203
p 2 0 11 909 508 209
p 2 0 12 908 223 207
p 2 0 5 915 208 202
p 2 0 16 904 584 214
p 2 0 8 912 218 204
p 2 0 33 887 238 220
p 2 0 13 907 609 212
p 2 0 22 898 241 213
p 2 0 12 908 217 206
p 2 0 34 886 710 226
p 2 0 26 894 268 220
p 2 0 10 910 221 205
p 2 0 11 909 465 207
p 2 0 4 916 210 200
p 2 0 2 918 201 200
p 2 0 38 882 601 231
p 2 0 13 907 228 207
p 2 0 22 898 255 216
p 2 0 16 904 551 214
p 2 0 16 904 250 211
p 2 0 18 902 236 213
p 2 1 7 912 561 212
p 2 0 6 914 214 201
p 2 0 2 918 199 199
p 2 0 6 914 564 204
p 2 0 12 908 233 206
p 2 0 6 914 218 202
p 2 0 11 909 509 207
p 2 0 7 913 217 203
p 2 0 10 910 220 205
p 2 0 18 902 514 216
p 2 0 10 910 224 207
p 2 0 6 914 207 202
p 2 0 7 913 641 205
p 2 0 4 916 207 201
p 2 0 2 918 200 198
p 2 0 7 913 600 206
p 2 0 7 913 214 203
p 2 0 2 918 201 198
p 2 0 6 914 557 205
p 2 0 4 916 214 201
p 2 0 3 917 204 200
p 2 0 3 917 330 200
p 2 0 4 916 206 200
p 2 0 2 918 327 200
p 2 0 5 915 364 201
p 2 1 4 915 302 207
i 2 920 0 0 46500 4268
p 2 0 202 718 446 370
p 2 0 199 721 366 353
p 2 0 60 860 247 242
p 2 0 109 811 291 281
p 2 0 37 883 230 225
p 2 0 51 869 642 239
p 2 0 9 911 209 205
p 2 0 28 892 224 218
p 2 0 13 907 623 213
p 2 0 19 901 228 212
p 2 0 3 917 205 200
p 2 0 22 898 453 219
p 2 0 6 914 222 204
p 2 0 18 902 220 210
p 2 0 15 905 606 216
p 2 0 15 905 234 210
p 2 0 6 914 206 203
p 2 0 10 910 308 214
p 2 0 3 917 203 200
p 2 0 3 917 204 201
p 2 0 10 910 744 211
p 2 0 4 916 210 200
p 2 0 4 916 208 201
p 2 0 12 908 457 212
p 2 0 6 914 209 202
p 2 0 3 917 203 199
p 2 0 8 912 585 209
p 2 0 7 913 221 204
p 2 0 4 916 212 201
p 2 0 5 915 304 211
p 2 0 3 917 204 200
p 2 0 2 918 202 199
p 2 0 10 910 747 211
p 2 0 4 916 216 202
p 2 0 5 915 210 201
p 2 0 9 911 449 209
p 2 0 4 916 210 201
p 2 0 2 918 205 199
p 2 0 10 910 589 212
p 2 0 5 915 213 201
p 2 0 2 918 203 199
p 2 0 9 911 445 210
p 2 0 5 915 218 203
p 2 0 3 917 210 200
p 2 0 13 907 333 215
p 2 0 6 914 208 204
p 2 0 1 919 198 198
p 2 0 9 911 606 207
p 2 0 4 916 215 202
p 2 0 4 916 208 202
p 2 0 8 912 604 209
p 2 0 5 915 214 203
p 2 0 4 916 211 202
p 2 0 5 915 305 210
p 2 0 2 918 205 199
p 2 0 2 918 201 199
p 2 0 10 910 727 210
p 2 0 4 916 208 201
p 2 0 2 918 202 199
p 2 0 9 911 453 210
p 2 0 3 917 210 200
p 2 0 2 918 202 199
p 2 0 8 912 590 210
p 2 0 3 917 211 201
p 2 0 3 917 202 199
p 2 0 1 919 199 198
p 2 0 4 916 211 201
p 2 0 2 918 200 199
p 2 0 2 918 202 199
p 2 0 11 909 447 211
p 2 0 3 917 215 201
p 2 0 4 916 213 201
p 2 0 3 917 205 199
p 2 0 2 918 204 200
p 2 0 1 919 199 198
p 2 0 1 919 200 198
i 2 920 0 0 74447 5007
p 2 0 131 789 382 316
p 2 2 82 836 987 288
p 2 0 36 884 244 226
p 2 1 50 869 1019 256
p 2 0 21 899 246 217
p 2 1 24 895 584 243
p 2 0 9 911 225 206
p 2 2 15 903 1148 237
p 2 0 15 905 235 210
p 2 0 21 899 703 232
p 2 0 9 911 224 205
p 2 1 13 906 968 227
p 2 0 13 907 233 208
p 2 0 11 909 220 206
p 2 0 4 916 205 200
p 2 0 5 915 204 202
p 2 0 16 904 696 230
p 2 0 11 909 237 207
p 2 0 11 909 445 220
p 2 0 7 913 206 205
p 2 2 9 909 918 227
p 2 0 7 913 220 203
p 2 0 4 916 207 200
p 2 1 14 905 974 227
p 2 0 10 910 237 206
p 2 0 2 918 201 199
p 2 0 17 903 689 229
p 2 0 7 913 219 204
p 2 0 5 915 207 200
p 2 1 13 906 966 228
p 2 0 11 909 226 206
p 2 0 7 913 213 202
p 2 1 12 907 542 231
p 2 0 3 917 212 201
p 2 0 4 916 202 201
p 2 2 14 904 1157 234
p 2 0 7 913 218 203
p 2 0 3 917 204 199
p 2 0 14 906 699 228
p 2 0 9 911 227 206
p 2 0 8 912 208 203
p 2 1 12 907 962 227
p 2 0 10 910 223 206
p 2 0 0 920 197 197
p 2 1 12 907 553 231
p 2 0 4 916 214 201
p 2 0 3 917 199 199
p 2 2 13 905 1148 235
p 2 0 8 912 225 206
p 2 0 3 917 201 200
p 2 0 14 906 692 227
p 2 0 5 915 210 202
p 2 0 3 917 201 199
p 2 1 13 906 964 227
p 2 0 9 911 225 205
p 2 0 2 918 200 198
p 2 0 0 920 197 197
p 2 0 0 920 197 197
p 2 0 0 920 197 197
p 2 0 0 920 197 197
p 2 0 13 907 676 227
p 2 0 7 913 222 205
p 2 0 13 907 454 222
p 2 0 9 911 225 207
p 2 0 5 915 205 202
p 2 0 1 919 198 198
p 2 0 3 917 199 199
p 2 0 1 919 198 198
p 2 2 9 909 925 227
p 2 0 5 915 213 203
p 2 0 3 917 204 200
p 2 1 12 907 972 227
p 2 0 8 912 218 204
p 2 0 1 919 198 198
p 2 1 10 909 541 230
p 2 0 3 917 208 200
p 2 0 2 918 201 199
p 2 2 10 908 1135 232
p 2 0 6 914 214 202
p 2 0 2 918 201 199
p 2 0 12 908 686 225
p 2 0 5 915 215 202
p 2 0 1 919 198 198
p 2 1 11 908 952 225
p 2 0 6 914 209 200
p 2 0 1 919 199 199
p 2 1 10 909 531 229
p 2 0 4 916 214 202
p 2 0 0 920 197 197
p 2 2 11 907 1135 232
p 2 0 5 915 218 202
p 2 0 2 918 200 199
p 2 0 13 907 693 225
p 2 0 6 914 221 203
p 2 0 1 919 199 198
p 2 1 13 906 954 227
p 2 0 5 915 212 202
p 2 0 2 918 200 199
p 2 0 1 919 198 198
p 2 0 1 919 199 198
p 2 0 1 919 200 199
p 2 0 1 919 199 198
p 2 0 14 906 671 227
p 2 0 8 912 223 204
p 2 0 9 911 442 219
p 2 0 4 916 213 201
p 2 0 5 915 216 202
p 2 0 4 916 204 201
p 2 0 2 918 201 199
p 2 0 1 919 198 198
p 2 0 1 919 198 198
p 2 0 1 919 198 198
p 2 0 1 919 200 198
p 2 0 0 920 197 197
p 2 0 1 919 198 198
p 2 0 3 917 201 199
p 2 0 7 913 208 203
p 2 7 45 868 5440 329
p 2 0 44 876 331 235
p 2 0 43 877 5139 280
p 2 0 33 887 351 236
p 2 0 47 873 5495 283
p 2 0 40 880 365 238
p 2 0 21 899 258 216
p 2 0 17 903 258 213
p 2 0 6 914 215 202
p 2 0 3 917 204 199
p 2 0 3 917 202 200
p 2 0 3 917 202 199
p 2 0 3 917 202 199
p 2 0 1 919 199 198
p 2 99 120 701 12712 957
p 2 0 128 792 596 334
p 2 82 516 322 43729 1793
p 2 0 423 497 1811 677
p 2 34 571 315 39165 1621
p 2 0 454 466 1830 705
p 2 45 561 314 39486 1647
p 2 0 453 467 1788 694
p 2 97 529 294 40073 1852
p 2 0 371 549 1472 595
p 2 6 280 634 4141 588
p 2 0 159 761 630 355
p 2 0 169 751 612 361
p 2 0 86 834 389 276
p 2 0 80 840 358 272
p 2 0 45 875 295 237
p 2 18 351 551 31749 1136
p 2 0 266 654 1268 497
p 2 19 342 559 32606 1171
p 2 0 257 663 1223 482
p 2 43 326 551 35685 1329
p 2 0 240 680 1165 475
p 2 50 315 555 36051 1375
p 2 0 233 687 1111 467
p 2 107 753 60 52135 2323
p 2 22 888 10 34766 1862
p 2 238 680 2 69570 3401
p 2 74 842 4 47553 2368
p 2 211 698 11 64981 3133
p 2 27 884 9 17960 1723
p 2 207 711 2 62302 3103
p 2 5 903 12 25347 1712
p 2 176 589 155 38980 2288
p 2 0 419 501 1400 652
p 2 108 337 475 19548 1410
p 2 0 217 703 775 422
p 2 59 211 650 9088 833
p 2 0 906 14 17468 1496
p 2 5 912 3 23160 1637
p 2 23 896 1 25049 1831
p 2 9 909 2 21703 1738
p 2 14 905 1 21266 1759
p 2 2 916 2 13018 1473
p 2 2 917 1 22042 1635
p 2 14 904 2 18305 1662
p 2 3 913 4 18769 1616
p 2 7 913 0 22275 1672
p 2 2 914 4 18624 1570
p 2 0 920 0 14597 1495
p 2 0 913 7 7544 1319
p 2 0 915 5 15941 1452
p 2 0 872 48 11775 1303
p 2 0 497 423 1661 710
i 2 920 0 0 74615 4443
p 2 0 107 813 355 293
p 2 5 76 839 6467 364
p 2 1 58 861 1949 263
p 2 1 74 845 6995 338
p 2 0 65 855 423 260
p 2 5 117 798 13671 457
p 2 0 74 846 559 277
p 2 15 126 779 16758 532
p 2 0 129 791 2203 333
p 2 23 134 763 17348 628
p 2 0 105 815 573 301
p 2 25 134 761 18871 625
p 2 0 88 832 596 293
p 2 29 136 755 20778 673
p 2 0 144 776 1971 350
p 2 37 126 757 16672 692
p 2 0 93 827 567 293
p 2 25 153 742 18656 672
p 2 0 118 802 692 319
p 2 29 162 729 18602 706
p 2 0 103 817 1884 311
p 2 27 190 703 20375 745
p 2 0 164 756 774 359
p 2 23 242 655 22196 784
p 2 0 140 780 777 344
p 2 18 206 696 18733 696
p 2 0 220 700 2215 427
p 2 1 196 723 16044 550
p 2 0 117 803 733 323
p 2 3 187 730 16429 555
p 2 0 158 762 814 360
p 2 4 165 751 13314 499
p 2 0 107 813 1955 319
p 2 2 133 785 7508 405
p 2 0 109 811 572 302
p 2 0 107 813 1938 304
p 2 0 43 877 305 234
p 2 0 51 869 316 240
p 2 0 62 858 1598 261
p 2 0 62 858 360 251
p 2 0 14 906 230 208
p 2 0 36 884 1714 239
p 2 0 32 888 283 224
p 2 0 48 872 323 238
p 2 0 50 870 1634 252
p 2 0 47 873 341 238
p 2 0 39 881 294 229
p 2 0 109 811 1984 309
p 2 0 85 835 429 275
p 2 0 50 870 314 238
p 2 0 42 878 1635 243
p 2 0 56 864 355 247
p 2 0 38 882 288 230
p 2 0 39 881 1807 244
p 2 0 32 888 290 226
p 2 0 16 904 236 209
p 2 0 24 896 1663 227
p 2 0 20 900 265 214
p 2 0 12 908 223 207
p 2 0 27 893 1786 232
p 2 0 15 905 252 212
p 2 0 8 912 215 204
p 2 0 17 903 1553 222
p 2 0 22 898 256 215
p 2 0 7 913 207 202
p 2 0 33 887 1790 237
p 2 0 11 909 241 207
p 2 0 10 910 225 204
p 2 0 15 905 1646 220
p 2 0 24 896 279 218
p 2 0 16 904 236 210
p 2 0 33 887 1787 233
p 2 0 24 896 261 217
p 2 0 17 903 231 210
p 2 0 25 895 1579 230
p 2 0 33 887 277 223
p 2 0 17 903 232 211
p 2 0 16 904 1672 222
p 2 0 20 900 255 215
p 2 0 16 904 230 209
p 2 0 14 906 1559 220
p 2 0 17 903 319 214
p 2 0 10 910 221 205
p 2 0 22 898 1757 227
p 2 0 16 904 249 210
p 2 0 13 907 223 205
p 2 0 13 907 1474 219
p 2 0 13 907 234 208
p 2 0 9 911 215 205
p 2 0 15 905 1663 221
p 2 0 12 908 244 208
p 2 0 4 916 206 200
p 2 0 12 908 1535 217
p 2 0 9 911 237 207
p 2 0 3 917 203 199
p 2 0 18 902 1700 223
p 2 0 14 906 233 209
p 2 0 5 915 211 202
p 2 0 13 907 1483 219
p 2 0 16 904 255 212
p 2 0 14 906 233 209
p 2 0 18 902 1682 225
p 2 0 19 901 255 213
p 2 0 5 915 211 202
p 2 0 11 909 1546 216
p 2 0 9 911 230 206
p 2 0 3 917 203 200
p 2 0 8 912 1685 215
p 2 0 13 907 238 209
p 2 0 8 912 215 204
p 2 0 12 908 1469 218
p 2 0 12 908 250 208
p 2 0 4 916 208 201
p 2 0 12 908 1655 219
p 2 0 10 910 241 208
p 2 0 7 913 217 204
p 2 0 18 902 1553 221
p 2 0 13 907 227 208
p 2 0 5 915 208 201
p 2 0 17 903 1699 221
p 2 0 13 907 245 209
p 2 0 12 908 224 208
p 2 0 20 900 1476 223
p 2 0 11 909 239 207
p 2 0 17 903 245 211
p 2 0 16 904 1663 221
p 2 0 8 912 230 205
p 2 0 5 915 207 201
p 2 0 11 909 1544 216
p 2 0 11 909 236 209
p 2 0 13 907 232 207
p 2 0 12 908 1686 216
p 2 0 7 913 227 205
p 2 0 4 916 205 200
p 2 0 12 908 1466 219
p 2 0 7 913 233 203
p 2 0 5 915 208 201
p 2 0 11 909 1650 218
p 2 0 5 915 226 203
p 2 0 3 917 204 199
p 2 0 12 908 1541 218
p 2 0 10 910 239 207
p 2 0 4 916 206 200
p 2 0 9 911 1672 215
p 2 0 10 910 229 206
p 2 0 3 917 203 200
p 2 0 9 911 1467 216
p 2 0 6 914 226 204
p 2 0 1 919 201 198
p 2 0 12 908 1668 218
p 2 0 10 910 234 207
p 2 0 1 919 199 198
p 2 0 8 912 1531 214
p 2 0 9 911 231 206
p 2 0 2 918 203 199
p 2 0 8 912 1671 215
p 2 0 8 912 236 206
p 2 0 6 914 217 202
p 2 0 10 910 1456 217
p 2 0 7 913 230 205
i 2 920 0 0 64401 4386
p 2 0 183 737 454 361
p 2 0 105 815 297 286
p 2 0 38 882 239 230
p 2 0 64 856 258 246
p 2 0 11 909 213 208
p 2 0 46 874 235 231
p 2 0 8 912 206 204
p 2 0 17 903 212 209
p 2 0 5 915 203 201
p 2 0 12 908 208 207
p 2 0 8 912 207 202
p 2 0 4 916 202 200
p 2 0 2 918 200 199
p 2 0 0 920 197 197
p 2 0 3 917 202 199
p 2 0 3 917 201 199
p 2 0 1 919 198 198
p 2 0 1 919 198 198
p 2 0 4 916 203 200
p 2 0 6 914 203 200
p 2 0 0 920 197 197
p 2 0 3 917 200 199
p 2 0 8 912 207 203
p 2 0 7 913 210 203
p 2 0 11 909 212 206
p 2 0 5 915 205 200
p 2 0 7 913 211 203
p 2 0 8 912 211 205
p 2 0 3 917 203 200
p 2 0 8 912 214 204
p 2 0 2 918 204 200
p 2 0 5 915 205 201
p 2 0 1 919 199 198
p 2 0 1 919 198 198
p 2 0 4 916 203 200
p 2 0 3 917 202 199
p 2 0 1 919 199 198
p 2 0 2 918 200 199
p 2 0 3 917 202 200
p 2 0 2 918 201 199
p 2 0 2 918 200 198
p 2 0 0 920 197 197
p 2 0 1 919 198 198
p 2 0 0 920 197 197
p 2 0 0 920 197 197
p 2 0 1 919 198 198
p 2 0 3 917 201 198
p 2 0 1 919 198 198
p 2 0 0 920 197 197
p 2 0 2 918 201 199
p 2 0 5 915 204 201
p 2 0 1 919 199 198
p 2 0 0 920 197 197
p 2 0 1 919 199 198
p 2 0 1 919 199 198
p 2 0 0 920 197 197
p 2 0 0 920 197 197
p 2 0 0 920 197 197
p 2 0 1 919 199 198
p 2 0 0 920 197 197
p 2 0 0 920 197 197
p 2 0 0 920 197 197
p 2 0 0 920 197 197
p 2 0 3 917 202 200
p 2 0 0 920 197 197
p 2 0 0 920 197 197
p 2 0 0 920 197 197
p 2 0 1 919 198 198
p 2 0 1 919 199 198
p 2 0 0 920 197 197
p 2 0 0 920 197 197
p 2 0 1 919 199 198
p 2 0 3 917 202 199
p 2 0 0 920 197 197
p 2 0 1 919 198 198
p 2 0 2 918 199 199
p 2 0 2 918 199 198
p 2 0 1 919 198 198
p 2 0 1 919 198 198
p 2 0 0 920 197 197
p 2 0 3 917 201 200
p 2 0 1 919 198 198
p 2 0 2 918 201 199
p 2 0 0 920 197 197
p 2 0 1 919 198 198
p 2 0 1 919 199 198
p 2 0 1 919 199 199
p 2 0 0 920 197 197
p 2 0 1 919 199 198
p 2 0 0 920 197 197
p 2 0 0 920 197 197
p 2 0 0 920 197 197
p 2 0 1 919 199 199
p 2 0 1 919 199 198
p 2 0 1 919 199 198
p 2 0 0 920 197 197
p 2 0 3 917 202 200
p 2 0 2 918 200 198
p 2 0 1 919 198 198
p 2 0 0 920 197 197
p 2 0 3 917 205 200
p 2 0 1 919 199 198
p 2 0 0 920 197 197
p 2 0 0 920 197 197
p 2 0 0 920 197 197
p 2 0 0 920 197 197
p 2 0 0 920 197 197
p 2 0 0 920 197 197
p 2 0 2 918 200 199
p 2 0 0 920 197 197
p 2 0 0 920 197 197
p 2 0 1 919 198 198
p 2 0 0 920 197 197
p 2 0 0 920 197 197
p 2 0 1 919 199 198
p 2 0 0 920 197 197
p 2 0 0 920 197 197
p 2 0 0 920 197 197
p 2 0 0 920 197 197
p 2 0 17 903 209 209
p 2 0 10 910 204 204
p 2 0 4 916 200 200
p 2 0 0 920 197 197
p 2 35 74 811 8203 515
p 2 0 56 864 386 250
p 2 57 141 722 17813 819
p 2 0 108 812 571 305
p 2 31 123 766 9140 663
p 2 0 101 819 475 301
p 2 8 110 802 4251 419
p 2 0 83 837 393 283
p 2 0 74 846 885 294
p 2 0 37 883 256 233
p 2 0 40 880 253 236
p 2 0 17 903 217 213
p 2 42 24 854 4381 463
p 2 0 20 900 240 217
p 2 174 80 666 21010 1347
p 2 0 86 834 454 282
p 2 210 199 511 32069 1859
p 2 0 201 719 859 416
p 2 30 287 603 22000 987
p 2 0 206 714 916 418
p 2 21 265 634 20871 928
p 2 0 203 717 955 421
p 2 165 165 590 27477 1564
p 2 183 204 533 33057 1799
p 2 134 200 586 22824 1389
p 2 0 185 735 795 397
p 2 91 152 677 13414 1025
p 2 0 143 777 672 343
p 2 60 110 750 8567 735
p 2 0 102 818 1088 316
p 2 22 60 838 1770 391
i 2 920 0 0 33379 3980
p 2 0 372 548 653 522
p 2 0 321 599 661 472
p 2 8 115 797 2318 350
p 2 14 166 740 4244 456
p 2 42 83 795 9560 589
p 2 73 131 716 14145 846
p 2 3 148 769 8969 531
p 2 0 172 748 9263 516
p 2 0 163 757 7889 491
p 2 1 163 756 9141 519
p 2 0 162 758 8527 507
p 2 0 173 747 9897 545
p 2 0 170 750 8824 523
p 2 0 187 733 10000 548
p 2 0 182 738 8990 529
p 2 1 196 723 10675 561
i 2 920 0 0 8688 3035
p 2 51 138 731 9715 707
p 2 0 179 741 534 366
p 2 184 117 619 19973 1445
p 2 0 117 803 489 326
p 2 288 245 387 26346 2164
p 2 11 313 596 2115 645
p 2 128 510 282 23182 1756
p 2 1 358 561 1170 604
p 2 42 568 310 19189 1340
i 2 920 0 0 62086 4854
p 2 0 147 773 418 334
p 2 0 75 845 270 263
p 2 19 252 649 19779 889
p 2 0 222 698 901 428
p 2 0 84 836 387 276
p 2 17 285 618 20927 926
p 2 0 214 706 982 425
p 2 0 117 803 486 312
p 2 3 284 633 17984 784
p 2 0 218 702 1025 429
p 2 0 87 833 378 274
p 2 5 282 633 18105 799
p 2 0 215 705 1064 426
p 2 0 102 818 442 291
p 2 5 272 643 18515 796
p 2 0 211 709 1005 423
p 2 0 79 841 396 271
p 2 3 292 625 19907 829
p 2 0 226 694 1082 442
p 2 0 96 824 430 284
p 2 179 239 502 33971 1870
p 2 0 255 665 1030 470
p 2 222 312 386 39014 2282
p 2 0 335 585 1178 555
p 2 250 334 336 34634 2360
p 2 0 363 557 1133 567
p 2 266 423 231 42605 2768
p 2 0 401 519 1306 639
i 2 920 0 0 43256 4171
p 2 0 242 678 547 415
p 2 297 561 62 48276 3245
p 2 0 505 415 1715 774
p 2 242 626 52 45614 3060
p 2 0 540 380 1949 831
p 2 579 336 5 45590 4093
p 2 0 448 472 1316 652
p 2 182 727 11 36691 2926
p 2 0 545 375 1742 851
i 2 920 0 0 54938 3879
p 2 0 118 802 373 304
p 2 69 58 793 4133 580
p 2 147 150 623 10600 1116
p 2 141 243 536 15947 1386
p 2 0 190 730 718 398
p 2 167 292 461 23568 1712
p 2 0 249 671 946 474
p 2 6 233 681 3767 490
p 2 0 416 504 12579 927
p 2 6 317 597 3719 598
p 2 0 158 762 533 342
p 2 3 412 505 11903 902
p 2 0 247 673 986 457
p 2 0 118 802 425 302
p 2 1 370 549 12874 854
p 2 0 239 681 919 442
p 2 0 137 783 534 324
p 2 2 88 830 1906 310
p 2 0 56 864 345 251
p 2 0 19 901 236 213
p 2 1 43 876 1520 262
p 2 0 22 898 260 218
i 2 920 0 0 26794 3982
p 2 66 849 5 19153 2235
p 2 44 873 3 18698 2052
p 2 24 895 1 19297 2111
p 2 35 883 2 21555 2172
p 2 39 880 1 23591 2203
p 2 42 875 3 24254 2246
p 2 29 891 0 27000 2195
p 2 33 886 1 28654 2183
p 2 34 885 1 31650 2252
p 2 59 861 0 31662 2393
p 2 30 888 2 32014 2206
p 2 50 866 4 34360 2352
p 2 29 890 1 34128 2260
p 2 24 894 2 34969 2240
p 2 36 880 4 35962 2267
p 2 44 876 0 38171 2348
p 2 36 884 0 35255 2234
p 2 38 872 10 38134 2222
p 2 25 888 7 34813 2110
p 2 28 885 7 33286 2127
p 2 26 886 8 34361 2157
p 2 19 894 7 32794 2112
p 2 21 884 15 33696 2094
p 2 7 906 7 34147 2013
p 2 59 850 11 33940 2191
p 2 24 887 9 33126 2116
p 2 24 887 9 35101 2155
p 2 18 897 5 34233 2098
p 2 17 884 19 34247 2112
p 2 22 885 13 33389 2043
p 2 29 875 16 33683 2130
p 2 8 896 16 33145 2111
p 2 10 896 14 34521 2090
p 2 34 876 10 32849 2140
p 2 23 882 15 33840 2092
p 2 28 880 12 34248 2086
p 2 21 886 13 33344 2010
p 2 33 882 5 31913 2081
p 2 10 894 16 31926 2058
p 2 23 890 7 31361 2060
p 2 16 892 12 32515 2080
p 2 26 882 12 32097 2153
p 2 17 895 8 32287 2075
p 2 19 893 8 32249 2084
p 2 13 898 9 31101 1996
p 2 40 872 8 32577 2180
p 2 13 898 9 32009 2060
p 2 41 875 4 31911 2214
p 2 10 896 14 29510 1985
p 2 26 880 14 30781 2053
p 2 24 884 12 30627 2059
p 2 15 889 16 30381 1972
p 2 36 869 15 30983 2049
p 2 27 877 16 31816 2136
p 2 34 875 11 30484 2080
p 2 11 894 15 31143 2035
p 2 26 882 12 31347 2037
p 2 31 875 14 30915 2074
p 2 20 889 11 29913 2029
p 2 15 884 21 30605 1989
p 2 23 882 15 30417 2063
p 2 10 896 14 29485 1985
p 2 13 888 19 31775 2092
p 2 11 882 27 30049 1940
p 2 29 871 20 31629 2070
p 2 25 860 35 31405 2057
p 2 31 868 21 32204 2122
p 2 41 834 45 29901 2065
p 2 31 858 31 30711 2108
p 2 18 856 46 29460 2009
p 2 38 837 45 30303 2154
p 2 20 851 49 28102 1976
p 2 35 839 46 29149 1961
p 2 4 854 62 30386 1947
p 2 14 840 66 29635 1998
p 2 12 821 87 28189 1918
i 2 920 0 0 49831 4327
p 2 5 234 681 1663 450
p 2 24 237 659 6165 581
p 2 19 148 753 10827 520
p 2 25 171 724 13097 607
p 2 8 146 766 12379 503
p 2 5 181 734 11828 501
p 2 0 123 797 9309 379
p 2 1 117 802 5309 366
p 2 0 73 847 455 267
p 2 0 85 835 4135 303
p 2 0 49 871 358 242
p 2 0 53 867 3845 272
p 2 0 36 884 322 229
p 2 2 50 868 4800 301
p 2 0 42 878 379 243
p 2 1 49 870 4882 292
p 2 0 34 886 321 231
p 2 0 58 862 4100 279
p 2 0 40 880 363 240
p 2 0 53 867 3811 275
p 2 0 34 886 333 232
p 2 0 48 872 3913 269
p 2 0 30 890 332 227
p 2 0 49 871 4119 283
p 2 0 33 887 350 231
p 2 0 14 906 237 210
p 2 1 40 879 3903 272
p 2 0 43 877 332 238
p 2 0 8 912 221 205
p 2 0 49 871 3998 273
p 2 0 35 885 330 232
p 2 0 15 905 237 210
p 2 2 41 877 4805 295
p 2 0 32 888 348 231
p 2 0 8 912 216 203
p 2 1 45 874 4833 288
p 2 0 46 874 353 243
p 2 0 21 899 244 213
p 2 0 47 873 4033 268
p 2 0 36 884 330 232
p 2 0 15 905 229 209
p 2 0 48 872 3769 268
p 2 0 31 889 308 225
p 2 0 9 911 219 205
p 2 2 44 874 4820 297
p 2 0 28 892 332 226
p 2 0 14 906 238 210
p 2 1 42 877 3974 276
p 2 0 35 885 342 231
p 2 0 12 908 229 208
p 2 0 43 877 4014 269
p 2 0 35 885 339 231
p 2 0 22 898 259 215
p 2 2 45 873 4816 298
p 2 0 33 887 346 232
p 2 0 13 907 226 207
p 2 1 43 876 4856 286
p 2 0 32 888 338 229
p 2 0 14 906 233 210
p 2 0 44 876 3995 266
p 2 0 31 889 330 229
p 2 0 8 912 218 204
p 2 0 43 877 3773 265
p 2 0 51 869 2253 259
p 2 0 28 892 299 225
p 2 0 25 895 1716 229
p 2 0 18 902 279 214
p 2 0 20 900 1694 225
p 2 0 20 900 280 217
p 2 0 64 856 5573 293
p 2 0 48 872 424 247
p 2 0 62 858 6118 301
p 2 0 45 875 372 244
p 2 0 15 905 233 209
p 2 0 17 903 439 214
p 2 0 16 904 222 209
p 2 0 7 913 214 203
p 2 0 8 912 391 204
p 2 0 7 913 214 203
p 2 0 10 910 214 205
p 2 0 6 914 389 202
p 2 0 3 917 202 200
p 2 0 1 919 198 198
p 2 0 6 914 404 203
p 2 0 4 916 206 200
p 2 0 3 917 209 199
p 2 0 4 916 390 201
p 2 0 5 915 211 201
p 2 0 1 919 200 198
p 2 0 6 914 390 202
p 2 0 7 913 221 203
p 2 0 5 915 206 201
p 2 0 3 917 381 200
p 2 0 2 918 206 199
p 2 0 0 920 197 197
p 2 0 5 915 396 202
p 2 0 1 919 202 198
p 2 0 2 918 201 199
p 2 0 4 916 392 201
p 2 0 1 919 198 198
p 2 0 1 919 198 198
p 2 0 3 917 383 200
p 2 0 3 917 205 199
p 2 0 4 916 205 200
p 2 0 5 915 382 201
p 2 0 6 914 210 203
p 2 0 4 916 204 201
p 2 0 5 915 380 201
p 2 0 7 913 211 203
p 2 0 11 909 227 207
p 2 0 7 913 337 203
p 2 0 2 918 201 199
p 2 0 3 917 199 199
p 2 0 3 917 322 200
p 2 0 3 917 205 200
p 2 0 7 913 205 203
p 2 0 7 913 396 203
p 2 0 8 912 211 202
p 2 0 3 917 204 200
p 2 0 3 917 378 200
p 2 0 4 916 206 199
p 2 0 3 917 202 199
p 2 0 4 916 374 199
p 2 0 5 915 210 202
p 2 0 5 915 206 202
p 2 0 7 913 393 202
p 2 0 6 914 205 201
p 2 0 0 920 197 197
p 2 0 4 916 390 200
p 2 0 3 917 202 200
p 2 0 2 918 201 200
p 2 0 3 917 375 200
p 2 0 3 917 205 200
p 2 0 2 918 201 199
p 2 0 3 917 373 200
p 2 0 1 919 202 199
p 2 0 1 919 200 198
p 2 0 4 916 388 200
p 2 0 0 920 197 197
p 2 0 0 920 197 197
p 2 0 3 917 384 200
p 2 0 5 915 213 201
p 2 0 2 918 200 199
p 2 0 5 915 386 200
p 2 0 2 918 201 198
p 2 0 0 920 197 197
p 2 0 4 916 375 200
p 2 0 1 919 209 199
p 2 0 1 919 201 199
p 2 0 5 915 382 201
p 2 0 0 920 197 197
p 2 0 0 920 197 197
p 2 0 2 918 327 199
p 2 0 1 919 199 198
p 2 0 0 920 197 197
p 2 0 3 917 395 200
p 2 0 1 919 202 198
p 2 0 1 919 199 198
p 2 0 3 917 381 200
p 2 0 5 915 215 202
p 2 0 2 918 203 199
p 2 0 4 916 382 201
p 2 0 3 917 207 200
p 2 0 0 920 197 197
p 2 0 0 920 197 197
p 2 0 0 920 197 197
p 2 0 0 920 197 197
p 2 0 0 920 197 197
p 2 0 0 920 197 197
p 2 0 3 917 380 199
p 2 0 0 920 197 197
p 2 0 2 918 328 199
i 2 920 0 0 49106 4411
p 2 0 225 695 476 395
p 2 0 206 714 393 370
p 2 152 598 170 42143 2309
p 2 0 471 449 1659 699
p 2 0 173 747 564 357
p 2 139 615 166 43948 2273
p 2 0 429 491 1729 662
p 2 0 265 655 781 445
p 2 129 642 149 44575 2254
p 2 0 490 430 1788 716
p 2 0 211 709 641 399
p 2 130 641 149 41492 2238
p 2 0 508 412 1842 738
p 2 0 250 670 674 432
p 2 4 339 577 8963 714
p 2 0 233 687 752 423
p 2 0 138 782 500 325
p 2 5 236 679 8201 609
p 2 0 144 776 598 347
p 2 0 58 862 302 248
p 2 1 212 707 8242 577
p 2 0 156 764 620 354
p 2 0 125 795 488 311
p 2 3 161 756 5847 501
p 2 0 125 795 548 320
p 2 0 58 862 337 252
p 2 2 175 743 6707 499
p 2 0 123 797 598 324
p 2 0 60 860 336 252
p 2 3 168 749 5818 497
p 2 0 122 798 579 320
p 2 0 47 873 291 238
p 2 6 130 784 6250 465
p 2 0 104 816 543 302
p 2 0 49 871 309 240
p 2 4 169 747 8438 557
p 2 0 105 815 573 317
p 2 0 56 864 332 249
p 2 1 166 753 7891 516
p 2 0 105 815 501 303
p 2 0 62 858 338 253
p 2 0 138 782 5208 446
p 2 0 95 825 450 293
p 2 0 54 866 305 246
p 2 0 131 789 5544 441
p 2 1 101 818 1200 320
p 2 0 43 877 294 238
p 2 1 129 790 5728 448
p 2 0 92 828 461 286
p 2 0 39 881 297 229
p 2 4 117 799 5203 434
p 2 0 82 838 457 280
p 2 0 38 882 286 231
p 2 3 143 774 8415 519
p 2 0 93 827 503 291
p 2 0 43 877 267 230
p 2 0 57 863 1404 263
p 2 0 30 890 255 222
p 2 0 17 903 229 212
p 2 3 37 880 712 256
p 2 0 22 898 253 218
p 2 0 12 908 218 207
p 2 2 26 892 1367 240
p 2 0 12 908 221 207
p 2 0 16 904 231 208
p 2 1 15 904 976 230
p 2 0 7 913 223 206
p 2 0 9 911 210 204
p 2 0 18 902 1310 228
p 2 0 23 897 260 218
p 2 0 11 909 220 208
p 2 0 8 912 214 204
p 2 0 4 916 217 203
p 2 0 9 911 218 204
p 2 0 7 913 214 205
p 2 1 22 897 955 235
p 2 0 14 906 230 210
p 2 1 9 910 663 227
p 2 0 8 912 217 205
p 2 0 3 917 203 201
p 2 2 5 913 976 219
p 2 0 7 913 220 204
p 2 0 4 916 205 200
p 2 0 14 906 1303 226
p 2 0 13 907 232 210
p 2 0 8 912 208 202
p 2 3 10 907 657 235
p 2 0 7 913 229 207
p 2 0 7 913 206 203
p 2 2 12 906 979 226
p 2 0 9 911 222 204
p 2 0 4 916 205 200
p 2 0 12 908 1314 226
p 2 0 14 906 239 211
p 2 0 6 914 207 201
p 2 1 16 903 932 231
p 2 0 7 913 224 205
p 2 0 6 914 207 202
p 2 0 12 908 1301 223
p 2 0 11 909 230 208
p 2 0 7 913 208 201
p 2 2 12 906 685 231
p 2 0 11 909 230 209
p 2 0 8 912 213 204
p 2 2 10 908 1328 228
p 2 0 12 908 224 207
p 2 0 3 917 201 199
p 2 0 15 905 977 227
p 2 0 9 911 226 208
p 2 0 6 914 207 204
p 2 0 13 907 1291 224
p 2 0 15 905 242 211
p 2 0 8 912 211 204
p 2 0 8 912 207 204
p 2 0 2 918 200 199
p 2 0 3 917 202 200
p 2 0 1 919 200 198
p 2 1 11 908 928 228
p 2 0 12 908 231 209
p 2 1 8 911 667 226
p 2 0 9 911 223 207
p 2 0 9 911 223 206
p 2 0 6 914 208 202
p 2 0 1 919 198 198
p 2 0 0 920 197 197
p 2 22 653 245 36327 1688
p 2 0 455 465 1780 687
p 2 0 173 747 572 364
p 2 32 657 231 35051 1733
p 2 0 474 446 1806 701
p 2 0 214 706 633 400
p 2 37 659 224 35856 1768
p 2 0 470 450 1855 708
p 2 0 259 661 818 445
p 2 27 675 218 36454 1737
p 2 0 482 438 1727 707
p 2 0 197 723 614 383
p 2 0 187 733 1324 382
p 2 0 89 831 381 280
p 2 0 122 798 476 312
p 2 1 66 853 1232 271
p 2 0 75 845 378 265
p 2 0 28 892 254 224
p 2 0 30 890 1023 235
p 2 0 35 885 295 231
p 2 0 64 856 369 253
p 2 0 36 884 1109 240
p 2 0 63 857 381 260
p 2 0 40 880 304 235
p 2 0 29 891 995 236
p 2 0 17 903 237 215
p 2 0 15 905 228 211
p 2 1 18 901 1126 230
p 2 0 16 904 240 214
p 2 0 11 909 221 207
p 2 0 25 895 1012 230
p 2 0 13 907 237 209
p 2 0 11 909 223 208
p 2 0 16 904 1062 223
p 2 0 19 901 245 214
p 2 0 23 897 261 219
p 2 0 23 897 996 228
p 2 0 16 904 235 212
p 2 0 6 914 210 204
p 2 1 16 903 672 227
p 2 0 15 905 235 212
p 2 0 9 911 214 206
p 2 0 16 904 961 219
p 2 0 18 902 243 214
p 2 0 5 915 207 203
p 2 0 13 907 1070 220
p 2 0 16 904 242 214
p 2 0 11 909 222 209
p 2 0 16 904 968 222
p 2 0 11 909 231 209
p 2 0 6 914 210 203
p 2 0 15 905 1043 224
p 2 0 10 910 230 208
p 2 0 12 908 224 209
p 2 0 14 906 955 221
p 2 0 13 907 241 213
p 2 0 9 911 218 207
p 2 1 12 907 1116 224
p 2 0 30 890 282 225
p 2 0 18 902 240 212
p 2 0 13 907 979 221
p 2 0 14 906 245 211
p 2 0 11 909 227 208
p 2 0 20 900 1074 227
p 2 0 10 910 227 208
p 2 0 10 910 218 206
p 2 0 16 904 962 224
p 2 0 11 909 237 211
p 2 0 8 912 215 206
p 2 1 14 905 1125 224
p 2 0 11 909 225 209
p 2 0 6 914 209 204
p 2 0 12 908 977 219
p 2 0 10 910 232 207
p 2 0 5 915 210 203
p 2 0 12 908 1067 219
p 2 0 11 909 223 209
p 2 0 6 914 210 203
p 2 0 12 908 966 218
p 2 0 12 908 235 210
p 2 0 8 912 213 206
p 2 273 470 177 51806 3053
p 2 0 399 521 1466 659
p 2 0 163 757 545 352
i 2 920 0 0 47829 4336
p 2 0 194 726 421 368
p 2 0 129 791 323 302
p 2 239 538 143 49731 2952
p 2 0 450 470 1467 668
p 2 0 186 734 579 372
p 2 81 690 149 46480 2263
p 2 0 486 434 1738 717
p 2 0 204 716 632 386
p 2 46 712 162 43695 1996
p 2 0 536 384 1895 775
p 2 0 222 698 634 400
p 2 344 449 127 50464 3326
p 2 0 388 532 1310 618
p 2 0 210 710 543 381
p 2 331 439 150 48704 3244
p 2 0 413 507 1294 635
p 2 0 199 721 565 380
p 2 270 493 157 47823 2921
p 2 0 362 558 1324 589
p 2 0 252 668 708 433
p 2 243 472 205 43999 2759
p 2 0 445 475 1420 653
i 2 920 0 0 9437 3468
p 2 392 365 163 16320 3090
p 2 249 627 44 21971 3167
p 2 149 734 37 20466 2844
p 2 62 846 12 21948 2621
p 2 32 853 35 30903 2276
p 2 36 851 33 45462 2217
p 2 36 856 28 29177 1894
p 2 75 841 4 37850 2324
p 2 38 878 4 32014 2029
p 2 32 867 21 40752 2097
p 2 32 868 20 26102 1807
p 2 58 844 18 31959 2083
p 2 42 848 30 49903 2075
p 2 62 856 2 40176 2264
p 2 62 828 30 15969 1804
p 2 47 860 13 59524 2251
p 2 38 864 18 34686 1879
p 2 58 853 9 40169 2002
p 2 40 834 46 31493 1788
p 2 48 861 11 39100 2104
p 2 51 851 18 42349 2005
p 2 48 849 23 29682 1913
p 2 35 781 104 26881 1691
p 2 59 805 56 30771 1870
p 2 52 835 33 31327 1901
p 2 46 843 31 35962 2086
p 2 62 827 31 31011 1879
p 2 48 844 28 35705 1949
p 2 35 835 50 34150 1770
p 2 61 816 43 36946 1977
p 2 49 842 29 29149 1870
p 2 43 852 25 32591 1985
p 2 67 822 31 28642 1870
p 2 43 818 59 36358 1879
p 2 37 859 24 30258 1825
p 2 62 846 12 34204 1985
p 2 43 863 14 35027 1888
p 2 39 823 58 43939 1976
p 2 66 820 34 31000 1862
p 2 47 772 101 40188 1841
p 2 34 851 35 30829 1844
p 2 67 829 24 37037 2026
p 2 45 829 46 29346 1852
p 2 33 806 81 35195 1912
p 2 73 797 50 34131 1897
p 2 49 848 23 33141 1944
p 2 33 846 41 30282 1837
p 2 65 827 28 42062 2026
p 2 51 784 85 30639 1815
p 2 44 845 31 37881 2080
p 2 72 810 38 38742 2030
p 2 55 839 26 37707 2024
p 2 35 846 39 28562 1837
p 2 70 812 38 43473 2067
p 2 59 829 32 30296 1939
p 2 45 798 77 43049 2020
p 2 77 809 34 31430 2034
p 2 59 817 44 33861 2033
i 2 920 0 0 36613 4371
p 2 547 368 5 64966 4239
p 2 471 447 2 70700 4102
p 2 433 485 2 65691 3925
p 2 279 640 1 60297 3570
p 2 242 677 1 54246 3560
p 2 221 699 0 47679 3498
p 2 226 691 3 36506 3302
p 2 167 749 4 35701 3246
p 2 190 728 2 36148 3262
p 2 179 738 3 39597 3256
p 2 168 750 2 38086 3216
p 2 196 723 1 36343 3265
p 2 119 800 1 37227 3093
p 2 158 758 4 34699 3188
p 2 111 806 3 33170 3123
p 2 168 747 5 32692 3181
p 2 107 809 4 29978 2860
p 2 129 790 1 30083 3018
p 2 107 809 4 33029 2973
p 2 138 781 1 35138 3133
p 2 143 774 3 33644 3059
p 2 143 774 3 35066 3185
p 2 159 760 1 33328 3196
p 2 127 791 2 32495 3115
p 2 157 762 1 33567 3182
p 2 158 760 2 33497 3227
p 2 152 765 3 33573 3111
p 2 137 781 2 34565 3129
p 2 131 787 2 33177 3143
p 2 123 796 1 33635 3146
p 2 144 776 0 33961 3089
p 2 105 812 3 33242 3040
p 2 163 753 4 33068 3182
p 2 155 762 3 32876 3159
p 2 133 784 3 31971 3007
p 2 123 795 2 32452 3035
p 2 157 761 2 34403 3164
p 2 149 770 1 33900 3095
p 2 141 777 2 34349 3176
p 2 119 799 2 37475 3076
p 2 147 772 1 36097 3186
p 2 129 790 1 34705 3042
p 2 146 773 1 37799 3166
p 2 105 814 1 35667 3093
p 2 112 808 0 32060 3013
p 2 163 755 2 31764 3167
p 2 129 790 1 29707 3064
p 2 116 802 2 29019 3046
p 2 88 831 1 31631 2974
p 2 119 799 2 33550 3084
p 2 118 801 1 32894 3065
p 2 146 772 2 34021 3210
i 2 920 0 0 33665 4939
p 2 374 546 0 33896 4152
p 2 437 483 0 32424 4308
p 2 375 545 0 37979 4303
p 2 455 465 0 44475 4491
p 2 443 477 0 46829 4537
p 2 473 447 0 38205 4409
p 2 511 409 0 29364 4456
p 2 262 658 0 28979 3577
p 2 325 595 0 33576 4143
p 2 430 490 0 45164 4499
p 2 442 478 0 46524 4467
p 2 430 490 0 43026 4297
p 2 519 401 0 34607 4527
p 2 378 542 0 41558 4110
p 2 306 614 0 46465 3930
p 2 403 517 0 56106 4271
p 2 382 538 0 70343 4308
p 2 449 471 0 73022 4495
p 2 282 635 3 46800 3520
p 2 392 522 6 36591 3570
p 2 269 644 7 32600 3275
p 2 184 732 4 30308 2985
p 2 232 681 7 37248 3276
p 2 280 631 9 42137 3385
p 2 291 624 5 41928 3466
p 2 383 530 7 34292 3550
p 2 280 636 4 31492 3328
p 2 179 731 10 29861 2952
p 2 210 708 2 36912 3203
p 2 279 638 3 42278 3379
p 2 280 637 3 42203 3427
p 2 386 529 5 35455 3534
p 2 274 645 1 33523 3298
p 2 170 746 4 32613 2930
p 2 228 688 4 39923 3285
p 2 279 637 4 45224 3403
p 2 284 633 3 45889 3488
p 2 385 532 3 39546 3580
p 2 276 639 5 37715 3338
p 2 178 737 5 36955 3009
p 2 224 692 4 44065 3304
p 2 279 635 6 49288 3440
p 2 281 636 3 49724 3507
p 2 374 542 4 43023 3562
p 2 281 635 4 40302 3369
p 2 179 737 4 39195 3042
p 2 215 700 5 45779 3306
p 2 275 637 8 50213 3408
p 2 283 634 3 50721 3514
p 2 333 580 7 43230 3499
p 2 305 607 8 38404 3347
p 2 247 662 11 38036 3166
i 2 920 0 0 44756 4788
p 2 551 369 0 67991 4684
p 2 313 607 0 80220 4000
p 2 390 530 0 86384 4206
p 2 232 688 0 82166 3535
p 2 292 628 0 84506 3816
p 2 163 757 0 73485 3246
p 2 188 732 0 70340 3215
p 2 15 905 0 35779 1895
p 2 39 881 0 35141 2000
p 2 40 880 0 35848 1936
p 2 42 878 0 37191 1913
p 2 13 907 0 36151 1832
p 2 33 887 0 37846 1954
p 2 13 907 0 33469 1765
p 2 30 890 0 35265 1889
p 2 18 902 0 35867 1844
p 2 26 894 0 35735 1867
p 2 14 906 0 33146 1756
p 2 31 889 0 34261 1865
p 2 16 904 0 37842 1806
p 2 33 887 0 35956 1881
p 2 14 906 0 32337 1737
p 2 25 894 1 31422 1813
p 2 14 906 0 34082 1707
p 2 22 898 0 33606 1741
p 2 15 905 0 34455 1744
p 2 23 896 1 34758 1786
p 2 3 917 0 31429 1638
p 2 15 904 1 31302 1715
p 2 13 907 0 35041 1752
p 2 17 903 0 34571 1718
p 2 6 914 0 32632 1628
p 2 9 911 0 32949 1630
p 2 5 915 0 32438 1573
p 2 13 907 0 31451 1639
p 2 13 907 0 34361 1641
p 2 16 904 0 30732 1672
p 2 15 905 0 29062 1610
p 2 8 912 0 29894 1602
p 2 7 913 0 32469 1576
p 2 4 914 2 30934 1524
p 2 5 915 0 27772 1515
p 2 10 908 2 27709 1569
p 2 4 916 0 30865 1549
p 2 11 907 2 31807 1592
p 2 6 913 1 28313 1533
p 2 7 913 0 29846 1547
p 2 13 899 8 30030 1529
p 2 7 904 9 28872 1455
p 2 4 910 6 27539 1475
p 2 4 914 2 28638 1479
p 2 4 913 3 29211 1480
p 2 5 910 5 29996 1524
p 2 13 904 3 29765 1543
p 2 6 908 6 29972 1515
i 2 920 0 0 53339 4622
p 2 0 207 713 473 383
p 2 0 178 742 373 347
p 2 1 75 844 763 270
p 2 0 75 845 278 260
p 2 0 34 886 234 226
p 2 0 50 870 662 242
p 2 0 17 903 227 212
p 2 0 19 901 219 214
p 2 0 14 906 603 214
p 2 0 8 912 213 204
p 2 0 3 917 202 199
p 2 0 8 912 594 209
p 2 0 7 913 221 204
p 2 0 3 917 202 200
p 2 0 7 913 491 218
p 2 0 3 917 222 200
p 2 0 1 919 203 199
p 2 1 7 912 798 214
p 2 0 5 915 211 201
p 2 0 2 918 200 198
p 2 0 9 911 628 211
p 2 0 5 915 210 202
p 2 0 1 919 204 199
p 2 0 9 911 594 209
p 2 0 4 916 211 200
p 2 0 4 916 207 201
p 2 0 7 913 500 217
p 2 0 5 915 226 202
p 2 0 3 917 207 200
p 2 1 6 913 801 215
p 2 0 3 917 203 199
p 2 0 1 919 199 198
p 2 0 8 912 492 216
p 2 0 9 911 223 204
p 2 0 4 916 211 201
p 2 1 6 913 805 215
p 2 0 5 915 208 202
p 2 0 0 920 197 197
p 2 0 7 913 499 219
p 2 0 5 915 219 202
p 2 0 3 917 208 200
p 2 1 7 912 803 216
p 2 0 3 917 203 199
p 2 0 0 920 197 197
p 2 0 7 913 625 209
p 2 0 2 918 208 199
p 2 0 1 919 199 198
p 2 0 7 913 593 207
p 2 0 5 915 215 202
p 2 0 2 918 200 199
p 2 0 2 918 201 199
p 2 0 0 920 197 197
i 2 920 0 0 56358 4470
p 2 0 179 741 453 361
p 2 0 81 839 301 268
p 2 1 43 876 672 245
p 2 0 22 898 240 215
p 2 0 8 912 209 204
p 2 0 14 906 760 215
p 2 0 8 912 222 206
p 2 0 0 920 197 197
p 2 0 8 912 682 209
p 2 0 7 913 217 203
p 2 0 4 916 202 200
p 2 0 8 912 716 210
p 2 0 4 916 209 201
p 2 0 6 914 210 203
p 2 1 10 909 486 219
p 2 0 3 917 204 200
p 2 0 4 916 201 200
p 2 2 5 913 736 217
p 2 0 3 917 207 200
p 2 0 2 918 202 199
p 2 0 7 913 680 207
p 2 0 4 916 215 202
p 2 0 12 908 213 207
p 2 0 11 909 731 213
p 2 0 5 915 209 201
p 2 0 4 916 202 199
p 2 1 11 908 493 220
p 2 0 3 917 202 199
p 2 0 2 918 201 199
p 2 2 6 912 739 218
p 2 0 3 917 203 199
p 2 0 0 920 197 197
p 2 0 9 911 690 208
p 2 0 7 913 216 203
p 2 0 5 915 204 201
p 2 0 7 913 720 209
p 2 0 5 915 212 202
p 2 0 0 920 197 197
p 2 0 1 919 200 198
p 2 0 1 919 199 198
p 2 0 0 920 197 197
p 2 0 1 919 198 198
p 2 0 7 913 685 207
p 2 0 8 912 224 205
p 2 1 6 913 391 214
p 2 0 3 917 200 200
i 2 920 0 0 56942 4616
p 2 0 137 783 405 324
p 2 0 99 821 296 283
p 2 1 48 871 1638 265
p 2 0 56 864 295 245
p 2 0 21 899 233 216
p 2 2 43 875 1365 266
p 2 0 24 896 269 219
p 2 0 16 904 235 212
p 2 0 25 895 1153 240
p 2 0 19 901 262 218
p 2 0 13 907 233 210
p 2 2 18 900 1292 245
p 2 0 16 904 244 211
p 2 0 9 911 229 206
p 2 1 20 899 1327 253
p 2 0 13 907 234 217
p 2 0 9 911 212 205
p 2 5 15 900 1730 255
p 2 0 10 910 234 207
p 2 0 5 915 208 201
p 2 0 16 904 1169 232
p 2 0 15 905 251 214
p 2 0 6 914 211 203
p 2 2 17 901 1278 242
p 2 0 14 906 262 210
p 2 0 11 909 223 206
p 2 3 16 901 1217 259
p 2 0 9 911 217 209
p 2 0 6 914 210 203
p 2 6 13 901 1681 260
p 2 0 7 913 224 204
p 2 0 6 914 211 202
p 2 0 18 902 1189 235
p 2 0 15 905 240 213
p 2 0 6 914 212 202
p 2 2 14 904 1277 241
p 2 0 12 908 251 208
p 2 0 3 917 206 200
p 2 0 17 903 1156 235
p 2 0 14 906 245 212
p 2 0 8 912 212 204
p 2 0 18 902 1019 246
p 2 0 15 905 247 219
p 2 0 7 913 211 204
p 2 6 12 902 1682 256
p 2 0 11 909 243 208
p 2 0 5 915 212 202
p 2 3 13 904 1224 255
p 2 0 9 911 230 210
p 2 0 8 912 218 208
p 2 6 11 903 1688 256
p 2 0 9 911 234 207
p 2 0 4 916 209 200
p 2 0 18 902 1194 235
p 2 0 14 906 246 211
p 2 0 4 916 208 201
p 2 2 15 903 1252 240
p 2 0 13 907 251 211
p 2 0 5 915 210 202
p 2 0 2 918 203 199
p 2 0 1 919 201 198
p 2 0 1 919 199 198
p 2 0 2 918 203 199
p 2 0 17 903 1139 233
p 2 0 15 905 252 215
p 2 0 18 902 1041 244
p 2 0 15 905 234 216
p 2 0 6 914 211 204
p 2 1 16 903 1605 241
p 2 0 13 907 245 210
p 2 0 5 915 211 201
p 2 2 15 903 1331 241
p 2 0 14 906 253 211
p 2 0 5 915 211 202
p 2 0 17 903 1159 235
p 2 0 15 905 252 212
p 2 0 6 914 216 203
p 2 2 15 903 1289 241
p 2 0 11 909 246 208
p 2 0 7 913 216 204
p 2 3 15 902 1223 256
p 2 0 11 909 227 212
p 2 0 9 911 219 206
p 2 5 12 903 1733 251
p 2 0 10 910 236 208
p 2 0 7 913 214 203
p 2 3 14 903 1221 258
p 2 0 9 911 223 208
p 2 0 9 911 224 207
p 2 5 12 903 1724 255
p 2 0 9 911 236 207
p 2 0 4 916 205 200
p 2 0 21 899 1179 237
p 2 0 14 906 261 212
p 2 0 7 913 215 204
p 2 2 15 903 1298 241
p 2 0 12 908 249 210
p 2 0 10 910 222 205
p 2 0 2 918 203 199
p 2 0 1 919 202 199
p 2 0 2 918 206 199
p 2 0 2 918 202 199
p 2 0 0 920 197 197
p 2 0 16 904 1156 232
p 2 0 13 907 239 212
p 2 0 17 903 1039 242
i 2 920 0 0 31860 3947
p 2 0 421 499 660 562
p 2 0 407 513 549 535
p 2 48 383 489 27009 1173
p 2 0 344 576 935 516
p 2 0 184 736 427 345
p 2 51 320 549 30974 1198
p 2 0 197 723 844 403
p 2 0 97 823 337 277
p 2 63 262 595 35143 1299
p 2 0 241 679 1039 445
p 2 0 114 806 434 297
p 2 58 351 511 39747 1398
p 2 0 242 678 1109 461
p 2 0 125 795 420 303
p 2 0 44 876 266 234
p 2 10 398 512 31876 1135
p 2 0 271 649 1310 507
p 2 20 356 544 29145 1141
p 2 0 271 649 1294 491
p 2 0 140 780 559 332
p 2 31 372 517 34976 1225
p 2 0 309 611 1276 518
p 2 0 116 804 458 305
p 2 43 376 501 39051 1376
p 2 0 311 609 1298 524
p 2 16 301 603 17630 806
p 2 0 243 677 887 433
p 2 7 232 681 14237 625
p 2 0 166 754 724 365
p 2 3 210 707 13533 587
p 2 0 177 743 829 381
p 2 0 93 827 434 284
p 2 0 77 843 372 268
p 2 0 48 872 276 235
p 2 0 40 880 252 228
p 2 0 26 894 474 222
p 2 0 42 878 292 231
p 2 0 21 899 233 215
p 2 0 19 901 383 213
p 2 0 19 901 231 212
p 2 0 24 896 269 218
p 2 0 22 898 310 220
p 2 0 19 901 250 213
p 2 0 12 908 222 207
p 2 0 10 910 478 210
p 2 0 8 912 219 204
p 2 0 30 890 265 223
p 2 0 15 905 297 214
p 2 0 12 908 225 207
p 2 0 10 910 213 205
p 2 0 14 906 477 211
p 2 0 13 907 230 208
p 2 0 11 909 219 204
p 2 0 5 915 327 204
p 2 0 14 906 235 209
p 2 0 6 914 209 203
p 2 0 18 902 358 210
p 2 0 8 912 215 203
p 2 0 11 909 206 205
p 2 0 7 913 204 203
p 2 0 4 916 206 199
p 2 0 1 919 199 198
p 2 0 2 918 200 198
p 2 0 4 916 317 202
p 2 0 3 917 205 200
p 2 0 14 906 255 210
p 2 0 3 917 204 199
p 2 0 2 918 199 198
p 2 0 0 920 197 197
p 2 0 0 920 197 197
i 2 920 0 0 82732 5172
p 2 0 92 828 346 280
p 2 23 290 607 28738 1085
p 2 0 221 699 1032 439
p 2 7 307 606 26351 965
p 2 0 256 664 1264 485
p 2 3 307 610 22430 829
p 2 0 232 688 1211 458
p 2 0 306 614 22761 804
p 2 0 238 682 1166 455
p 2 0 124 796 526 311
p 2 0 62 858 347 251
p 2 0 62 858 368 253
p 2 0 15 905 243 211
p 2 0 18 902 241 212
p 2 0 10 910 221 206
p 2 0 15 905 230 208
p 2 0 9 911 218 205
p 2 0 4 916 207 200
p 2 0 2 918 199 199
i 2 920 0 0 63683 4773
p 2 0 131 789 374 314
p 2 7 86 827 3451 328
p 2 0 75 845 462 265
p 2 5 59 856 4044 308
p 2 0 27 893 278 223
p 2 0 43 877 3802 264
p 2 0 26 894 304 223
p 2 0 16 904 232 212
p 2 0 5 915 209 202
p 2 0 3 917 201 199
p 2 0 4 916 202 201
p 2 0 7 913 205 202
p 2 0 2 918 200 199
p 2 0 0 920 197 197
p 2 0 3 917 200 199
p 2 0 0 920 197 197
p 2 0 6 914 202 201
p 2 0 0 920 197 197
p 2 0 2 918 199 198
p 2 0 0 920 197 197
p 2 0 0 920 197 197
i 2 920 0 0 61362 4612
p 2 0 160 760 398 340
p 2 0 124 796 310 298
p 2 0 43 877 232 228
p 2 11 96 813 3613 370
p 2 0 38 882 359 237
p 2 9 56 855 4828 338
p 2 0 32 888 318 228
p 2 0 51 869 4411 278
p 2 0 34 886 333 231
p 2 0 15 905 227 209
p 2 0 5 915 207 201
p 2 0 6 914 201 200
p 2 0 6 914 208 202
p 2 0 8 912 202 202
p 2 0 0 920 197 197
p 2 0 3 917 199 199
p 2 0 2 918 200 198
p 2 0 3 917 199 199
p 2 0 3 917 199 199
p 2 0 0 920 197 197
p 2 0 1 919 199 198
p 2 0 0 920 197 197
i 2 920 0 0 41362 4296
p 2 0 235 685 492 404
p 2 0 174 746 362 340
p 2 30 670 220 23390 1420
p 2 0 406 514 1273 598
p 2 0 151 769 482 334
p 2 3 676 241 20924 1253
p 2 0 357 563 1301 562
p 2 0 184 736 576 371
p 2 1 651 268 20194 1258
p 2 0 384 536 1356 584
p 2 0 166 754 528 346
p 2 0 645 275 21466 1243
p 2 0 371 549 1415 595
p 2 0 226 694 677 404
p 2 0 114 806 651 302
p 2 0 61 859 309 250
p 2 0 75 845 372 262
p 2 0 45 875 373 240
p 2 0 19 901 229 211
p 2 0 11 909 221 207
p 2 0 23 897 638 220
p 2 0 45 875 310 236
p 2 0 12 908 222 205
p 2 0 23 897 441 220
p 2 0 10 910 224 206
p 2 0 27 893 264 220
p 2 0 27 893 496 224
p 2 0 11 909 232 209
p 2 0 18 902 233 210
p 2 0 5 915 208 202
p 2 0 7 913 209 202
p 2 0 6 914 210 202
p 2 0 4 916 204 200
p 2 0 17 903 241 212
p 2 0 9 911 218 205
p 2 0 7 913 214 204
p 2 0 7 913 212 202
p 2 0 14 906 407 212
p 2 0 5 915 214 201
p 2 0 15 905 328 217
p 2 0 7 913 211 204
p 2 0 7 913 211 204
p 2 0 6 914 210 204
p 2 0 2 918 202 199
p 2 0 1 919 198 198
p 2 0 1 919 199 198
p 2 0 1 919 199 198
p 2 0 0 920 197 197
p 2 0 1 919 198 198
p 2 0 0 920 197 197
p 2 0 0 920 197 197
p 2 0 0 920 197 197
p 2 0 0 920 197 197
p 2 0 2 918 202 199
p 2 0 1 919 199 198
p 2 0 3 917 203 200
p 2 0 1 919 200 198
p 2 0 1 919 199 198
p 2 0 0 920 197 197
p 2 0 14 906 578 214
p 2 0 5 915 207 202
p 2 0 2 918 202 199
p 2 0 10 910 467 209
p 2 0 2 918 204 200
p 2 0 1 919 199 198
p 2 0 11 909 401 210
p 2 0 4 916 216 201
p 2 0 5 915 207 200
p 2 0 11 909 467 209
p 2 0 3 917 204 200
p 2 0 4 916 208 200
p 2 0 12 908 315 212
p 2 0 3 917 205 200
p 2 0 0 920 197 197
p 2 0 10 910 618 209
p 2 0 4 916 210 201
p 2 0 0 920 197 197
p 2 0 11 909 410 209
p 2 0 2 918 202 199
p 2 0 1 919 199 198
p 2 0 12 908 457 210
p 2 0 4 916 212 201
p 2 0 1 919 199 198
p 2 0 12 908 331 214
p 2 0 7 913 205 202
p 2 0 4 916 203 201
p 2 0 10 910 608 209
p 2 0 4 916 207 201
p 2 0 0 920 197 197
p 2 0 11 909 313 211
p 2 0 0 920 197 197
p 2 0 0 920 197 197
p 2 0 4 916 605 205
p 2 0 3 917 206 200
p 2 0 0 920 197 197
p 2 0 11 909 410 210
p 2 0 2 918 202 199
p 2 0 0 920 197 197
p 2 0 10 910 455 208
p 2 0 3 917 207 200
p 2 0 0 920 197 197
p 2 0 1 919 198 198
p 2 0 0 920 197 197
p 2 0 1 919 198 198
p 2 0 0 920 197 197
p 2 0 12 908 408 211
p 2 0 4 916 214 202
p 2 0 11 909 315 212
p 2 0 1 919 200 198
p 2 0 0 920 197 197
p 2 0 0 920 197 197
p 2 0 0 920 197 197
i 2 920 0 0 87337 5265
p 2 0 87 833 343 275
p 2 0 235 685 17104 615
p 2 2 323 595 12796 727
p 2 0 334 586 14729 677
p 2 0 209 711 964 411
p 2 0 395 525 23859 874
p 2 0 325 595 1500 539
p 2 0 156 764 637 342
p 2 0 276 644 10337 616
p 2 0 159 761 857 373
p 2 0 149 771 625 338
p 2 0 78 842 397 265
p 2 0 92 828 442 280
p 2 0 65 855 374 255
p 2 0 50 870 351 242
p 2 0 19 901 249 212
p 2 0 21 899 241 215
p 2 0 29 891 272 222
p 2 0 62 858 355 252
p 2 0 28 892 263 219
p 2 0 22 898 250 215
p 2 0 14 906 237 207
p 2 0 115 805 521 305
p 2 0 44 876 298 236
p 2 0 61 859 354 252
p 2 0 59 861 346 250
p 2 0 32 888 274 222
p 2 0 21 899 247 213
p 2 0 15 905 234 209
p 2 0 4 916 206 200
p 2 0 3 917 204 200
p 2 0 2 918 202 199
p 2 0 9 911 218 205
p 2 0 3 917 205 200
p 2 0 4 916 207 200
p 2 0 0 920 197 197
p 2 0 4 916 205 200
p 2 0 1 919 198 198
p 2 0 0 920 197 197
p 2 0 0 920 197 197
p 2 0 6 914 209 202
p 2 0 0 920 197 197
p 2 0 0 920 197 197
p 2 0 1 919 199 198
p 2 0 0 920 197 197
p 2 0 0 920 197 197
i 2 920 0 0 73616 4738
p 2 596 324 0 81753 4775
p 2 503 417 0 78712 4490
p 2 404 516 0 66233 3986
p 2 356 564 0 57122 3726
p 2 279 641 0 47800 3298
p 2 201 719 0 38688 2981
p 2 162 758 0 42847 3170
p 2 106 814 0 33388 2651
p 2 63 857 0 24786 2255
p 2 35 885 0 20252 2100
p 2 25 895 0 17420 1957
p 2 24 896 0 16648 1892
p 2 20 900 0 16354 1883
p 2 11 909 0 15651 1759
p 2 9 911 0 15428 1735
p 2 9 911 0 15862 1684
p 2 17 903 0 15266 1734
p 2 21 899 0 15763 1790
p 2 12 908 0 15482 1768
p 2 13 907 0 16224 1788
p 2 10 910 0 15450 1774
p 2 16 903 1 15472 1829
p 2 11 906 3 13942 1750
p 2 19 894 7 13427 1736
p 2 15 902 3 13239 1716
p 2 22 889 9 12540 1711
p 2 13 899 8 13831 1703
p 2 16 898 6 14390 1748
p 2 9 903 8 13818 1703
p 2 11 906 3 14661 1695
p 2 14 894 12 15178 1739
p 2 11 901 8 14873 1706
p 2 12 896 12 14436 1691
p 2 8 898 14 13249 1678
p 2 6 905 9 12383 1641
p 2 10 896 14 12921 1622
p 2 10 895 15 12862 1646
p 2 10 887 23 13111 1612
p 2 12 899 9 13863 1655
p 2 13 887 20 13403 1663
p 2 10 897 13 12189 1623
p 2 10 889 21 12022 1600
p 2 9 899 12 12483 1608
p 2 11 889 20 12600 1595
p 2 8 898 14 12207 1574
p 2 19 878 23 13007 1641
p 2 12 897 11 13329 1629
p 2 21 877 22 13375 1712
p 2 13 895 12 13111 1657
p 2 14 883 23 12780 1670
p 2 14 900 6 12298 1631
p 2 8 887 25 12292 1601
p 2 4 908 8 12247 1585
p 2 10 889 21 12422 1596
p 2 10 891 19 12260 1594
p 2 16 890 14 13169 1613
p 2 7 890 23 13816 1607
p 2 12 884 24 13694 1639
p 2 10 880 30 13627 1693
p 2 7 905 8 14155 1704
p 2 17 883 20 14164 1717
p 2 15 892 13 14132 1721
p 2 5 895 20 13971 1701
p 2 16 887 17 14090 1706
p 2 15 861 44 14062 1674
p 2 11 885 24 14177 1673
p 2 10 879 31 13654 1690
p 2 16 887 17 13864 1681
p 2 16 878 26 14385 1670
p 2 16 887 17 14347 1683
p 2 7 890 23 14340 1676
p 2 9 902 9 13783 1708
p 2 5 892 23 12380 1636
p 2 10 887 23 11946 1608
p 2 9 886 25 11437 1595
p 2 11 885 24 12388 1631
p 2 14 891 15 12723 1662
p 2 10 877 33 13150 1655
p 2 7 885 28 12637 1605
p 2 10 869 41 11502 1562
p 2 14 891 15 11905 1626
p 2 13 881 26 12454 1588
p 2 12 891 17 12313 1599
p 2 8 874 38 12194 1554
p 2 9 884 27 11994 1560
p 2 6 866 48 12098 1556
p 2 11 881 28 12278 1635
p 2 15 873 32 12126 1623
p 2 9 890 21 12338 1574
p 2 14 864 42 12162 1580
p 2 12 882 26 11875 1605
p 2 7 884 29 12272 1586
p 2 8 891 21 11767 1570
p 2 13 879 28 11932 1548
i 2 920 0 0 21646 3596
p 2 0 500 420 639 588
p 2 0 451 469 575 548
p 2 0 244 676 383 378
p 2 0 272 648 403 398
p 2 0 124 796 290 286
p 2 0 169 751 319 315
p 2 0 96 824 260 259
p 2 0 52 868 234 234
p 2 0 22 898 211 211
p 2 0 58 862 237 237
p 2 0 22 898 213 213
p 2 0 8 912 203 203
p 2 0 11 909 205 205
p 2 0 19 901 217 213
p 2 0 16 904 211 211
p 2 0 9 911 204 204
p 2 0 7 913 203 203
p 2 0 11 909 206 205
p 2 0 8 912 203 203
p 2 0 2 918 200 199
p 2 0 19 901 210 210
p 2 0 3 917 200 200
p 2 0 17 903 210 209
p 2 0 1 919 198 198
p 2 0 6 914 201 201
p 2 0 4 916 203 201
p 2 0 0 920 197 197
p 2 0 4 916 200 200
p 2 0 1 919 198 198
p 2 0 3 917 199 199
p 2 0 1 919 198 198
p 2 0 0 920 197 197
p 2 0 0 920 197 197
p 2 0 1 919 198 198
p 2 0 0 920 197 197
p 2 0 0 920 197 197
p 2 0 0 920 197 197
p 2 0 0 920 197 197
p 2 0 0 920 197 197
p 2 0 1 919 198 198
p 2 0 0 920 197 197
p 2 0 0 920 197 197
p 2 0 0 920 197 197
p 2 0 0 920 197 197
i 2 920 0 0 59227 4495
p 2 0 222 698 459 393
p 2 0 184 736 372 356
p 2 0 98 822 283 278
p 2 0 95 825 280 275
p 2 0 52 868 241 237
p 2 0 57 863 331 245
p 2 0 19 901 220 212
p 2 0 33 887 228 223
p 2 0 13 907 285 208
p 2 0 25 895 228 217
p 2 0 14 906 215 208
p 2 0 15 905 267 207
p 2 0 15 905 222 210
p 2 0 12 908 213 207
p 2 0 5 915 258 202
p 2 0 22 898 227 213
p 2 0 13 907 216 206
p 2 0 14 906 300 207
p 2 0 9 911 216 204
p 2 0 8 912 215 204
p 2 0 9 911 290 203
p 2 0 3 917 201 199
p 2 0 7 913 211 203
p 2 0 15 905 272 208
p 2 0 14 906 223 208
p 2 0 5 915 207 200
p 2 0 5 915 260 202
p 2 0 8 912 217 204
p 2 0 6 914 210 203
p 2 0 13 907 300 207
p 2 0 9 911 212 204
p 2 0 5 915 205 202
p 2 0 7 913 295 204
p 2 0 13 907 215 208
p 2 0 7 913 211 203
p 2 0 16 904 269 208
p 2 0 9 911 215 204
p 2 0 12 908 216 206
p 2 0 9 911 268 204
p 2 0 12 908 213 205
p 2 0 6 914 208 202
p 2 0 14 906 266 206
p 2 0 12 908 225 208
p 2 0 11 909 209 205
p 2 0 8 912 291 202
p 2 0 10 910 217 206
p 2 0 4 916 207 200
p 2 0 8 912 283 203
p 2 0 8 912 213 202
p 2 0 8 912 215 204
p 2 0 4 916 268 199
p 2 0 5 915 208 201
p 2 0 5 915 211 202
p 2 0 7 913 264 203
p 2 0 3 917 208 200
p 2 0 6 914 212 202
p 2 0 6 914 259 202
p 2 0 6 914 213 202
p 2 0 5 915 209 201
p 2 0 5 915 254 201
p 2 0 3 917 202 200
p 2 0 5 915 208 201
p 2 0 3 917 249 198
p 2 0 3 917 205 199
p 2 0 4 916 206 200
p 2 0 6 914 259 201
p 2 0 0 920 197 197
p 2 0 4 916 203 200
p 2 0 7 913 259 202
p 2 0 4 916 207 201
p 2 0 5 915 208 201
p 2 0 4 916 293 200
p 2 0 5 915 207 201
p 2 0 4 916 207 200
p 2 0 9 911 301 204
p 2 0 9 911 217 205
p 2 0 2 918 200 199
p 2 0 6 914 293 203
p 2 0 4 916 205 200
p 2 0 5 915 208 201
p 2 0 5 915 290 201
p 2 0 5 915 208 202
p 2 0 4 916 205 201
p 2 0 7 913 267 201
p 2 0 6 914 214 202
p 2 0 3 917 203 199
p 2 0 3 917 251 198
p 2 0 10 910 216 205
p 2 0 6 914 207 202
p 2 0 7 913 203 202
p 2 0 6 914 211 202
p 2 0 4 916 204 201
p 2 0 4 916 206 201
p 2 0 5 915 256 200
p 2 0 4 916 206 200
p 2 0 172 748 17937 563
p 2 0 150 770 854 360
p 2 0 59 861 348 251
p 2 0 173 747 16838 565
p 2 0 159 761 881 369
p 2 0 64 856 363 257
p 2 0 175 745 16709 569
p 2 0 141 779 791 347
p 2 0 57 863 344 248
p 2 0 169 751 13879 509
p 2 0 139 781 846 349
p 2 0 70 850 381 261
p 2 0 166 754 14033 506
p 2 0 141 779 842 352
p 2 0 104 816 560 298
p 2 0 33 887 283 225
p 2 0 40 880 303 232
p 2 0 39 881 287 230
p 2 0 47 873 327 238
p 2 0 15 905 230 209
p 2 0 13 907 226 207
p 2 0 13 907 228 207
p 2 0 39 881 307 234
p 2 0 12 908 220 206
p 2 0 28 892 268 222
p 2 0 28 892 266 221
p 2 0 29 891 276 220
p 2 0 15 905 234 208
p 2 0 12 908 228 207
p 2 0 7 913 211 203
p 2 0 7 913 212 203
p 2 0 2 918 201 199
p 2 0 2 918 200 199
p 2 0 8 912 212 203
p 2 0 11 909 215 205
p 2 0 0 920 197 197
p 2 0 7 913 212 203
p 2 0 5 915 208 201
p 2 0 3 917 200 199
p 2 0 0 920 197 197
p 2 0 2 918 200 198
p 2 0 5 915 207 201
p 2 0 2 918 202 199
p 2 0 1 919 200 198
i 2 920 0 0 67396 4618
p 2 0 184 736 439 359
p 2 0 110 810 307 284
p 2 1 69 850 943 266
p 2 0 72 848 266 252
p 2 0 28 892 233 218
p 2 1 40 879 1079 240
p 2 0 24 896 242 218
p 2 0 33 887 233 221
p 2 0 28 892 1037 228
p 2 0 17 903 250 213
p 2 0 4 916 208 201
p 2 1 13 906 1032 220
p 2 0 7 913 216 203
p 2 0 8 912 210 203
p 2 2 8 910 682 227
p 2 0 7 913 220 206
p 2 0 7 913 211 203
p 2 1 12 907 1102 223
p 2 0 13 907 230 209
p 2 0 5 915 212 201
p 2 0 9 911 1011 214
p 2 0 4 916 216 201
p 2 0 1 919 199 198
p 2 1 8 911 1033 217
p 2 0 23 897 244 215
p 2 0 3 917 203 198
p 2 2 6 912 687 225
p 2 0 5 915 221 202
p 2 0 2 918 200 199
p 2 1 8 911 1068 217
p 2 0 7 913 219 205
p 2 0 1 919 203 199
p 2 0 8 912 979 212
p 2 0 7 913 224 204
p 2 0 2 918 201 199
p 2 1 11 908 1029 218
p 2 0 6 914 217 202
p 2 0 2 918 202 199
p 2 0 9 911 1015 215
p 2 0 9 911 227 206
p 2 0 2 918 205 199
p 2 2 7 911 591 224
p 2 0 4 916 210 200
p 2 0 3 917 202 199
p 2 1 7 912 878 216
p 2 0 7 913 216 202
p 2 0 1 919 200 198
p 2 1 9 910 1046 219
p 2 0 6 914 221 203
p 2 0 2 918 202 199
p 2 0 11 909 1022 217
p 2 0 7 913 221 205
p 2 0 2 918 201 200
p 2 1 8 911 1035 218
p 2 0 4 916 218 201
p 2 0 0 920 197 197
p 2 2 6 912 685 225
p 2 0 5 915 223 202
p 2 0 2 918 204 200
p 2 1 10 909 1089 220
p 2 0 8 912 231 206
p 2 0 3 917 203 199
p 2 0 8 912 1015 215
p 2 0 5 915 218 202
p 2 0 2 918 202 199
p 2 1 8 911 1034 219
p 2 0 6 914 227 204
p 2 0 3 917 204 200
p 2 2 6 912 687 226
p 2 0 6 914 225 203
p 2 0 2 918 201 199
p 2 1 7 912 1087 219
p 2 0 6 914 219 203
p 2 0 2 918 201 199
p 2 0 8 912 980 213
p 2 0 7 913 228 204
p 2 0 4 916 210 201
p 2 1 7 912 1035 218
p 2 0 7 913 220 204
p 2 0 1 919 198 198
p 2 0 8 912 1002 213
p 2 0 7 913 227 204
p 2 0 3 917 203 199
p 2 2 5 913 584 221
p 2 0 4 916 207 201
p 2 0 0 920 197 197
p 2 1 7 912 874 215
p 2 0 4 916 213 201
p 2 0 1 919 199 198
p 2 1 7 912 1051 217
p 2 0 6 914 218 202
p 2 0 2 918 202 199
p 2 0 8 912 966 213
p 2 0 7 913 226 205
p 2 0 3 917 206 199
p 2 1 7 912 1031 217
p 2 0 5 915 217 202
p 2 0 4 916 220 202
p 2 2 6 912 670 225
p 2 0 4 916 217 204
p 2 0 1 919 199 198
p 2 1 8 911 1077 219
p 2 0 6 914 226 204
p 2 0 2 918 201 199
p 2 0 8 912 1025 214
p 2 0 7 913 227 205
p 2 0 2 918 202 199
p 2 1 7 912 1017 218
p 2 0 6 914 214 203
p 2 0 1 919 198 198
p 2 0 0 920 197 197
p 2 0 0 920 197 197
p 2 0 0 920 197 197
p 2 0 0 920 197 197
p 2 0 8 912 989 214
p 2 0 7 913 220 204
p 2 2 5 913 608 221
p 2 0 5 915 217 203
p 2 0 0 920 197 197
p 2 11 61 848 5461 400
p 2 0 43 877 346 238
p 2 0 21 899 248 214
p 2 30 348 542 27912 1098
p 2 0 259 661 1194 478
p 2 0 113 807 456 301
p 2 32 354 534 24036 987
p 2 0 260 660 1172 473
p 2 0 121 799 493 309
p 2 26 347 547 23894 967
p 2 0 269 651 1288 489
p 2 0 113 807 505 303
p 2 1 365 554 22106 870
p 2 0 264 656 1261 478
p 2 2 357 561 19377 822
p 2 0 252 668 1144 468
p 2 2 362 556 19781 801
p 2 0 271 649 1269 490
p 2 1 184 735 1294 399
p 2 0 64 856 349 256
p 2 0 72 848 367 261
p 2 1 64 855 1246 270
p 2 0 78 842 412 269
p 2 0 44 876 324 238
p 2 0 123 797 1176 325
p 2 0 52 868 348 243
p 2 0 54 866 350 245
p 2 0 51 869 1217 255
p 2 0 55 865 363 249
p 2 0 50 870 336 242
p 2 1 34 885 801 245
p 2 0 15 905 257 215
p 2 0 15 905 239 209
p 2 1 13 906 1105 224
p 2 0 32 888 308 228
p 2 0 19 901 260 217
p 2 0 22 898 898 227
p 2 0 14 906 249 211
p 2 0 10 910 227 206
p 2 0 13 907 1132 220
p 2 0 17 903 264 215
p 2 0 12 908 237 208
p 2 0 19 901 881 228
p 2 0 11 909 242 210
p 2 0 17 903 254 213
p 2 0 13 907 595 223
p 2 0 10 910 238 207
p 2 0 9 911 234 206
p 2 1 14 905 924 225
p 2 0 12 908 244 208
p 2 0 4 916 220 202
p 2 0 9 911 1114 218
p 2 0 13 907 251 211
p 2 0 6 914 222 203
p 2 0 14 906 869 221
p 2 0 18 902 245 213
p 2 0 7 913 226 203
p 2 0 11 909 1126 218
p 2 0 9 911 245 208
p 2 0 5 915 223 202
p 2 1 10 909 704 226
p 2 0 9 911 238 207
p 2 0 6 914 225 205
p 2 1 13 906 1104 224
p 2 0 7 913 233 204
p 2 0 2 918 216 200
p 2 0 9 911 861 217
p 2 0 8 912 241 205
p 2 0 5 915 222 201
p 2 0 10 910 1114 219
p 2 0 7 913 235 205
p 2 0 2 918 214 200
p 2 1 9 910 736 224
p 2 0 7 913 228 208
p 2 0 6 914 222 203
p 2 1 10 909 1102 222
p 2 0 10 910 246 206
p 2 0 2 918 215 200
p 2 1 10 909 712 225
p 2 0 9 911 234 207
p 2 0 8 912 229 205
p 2 1 10 909 1101 222
p 2 0 8 912 253 207
p 2 0 5 915 228 203
p 2 0 9 911 861 217
p 2 0 6 914 235 205
p 2 0 4 916 220 203
p 2 0 10 910 1123 218
p 2 0 9 911 237 206
p 2 0 2 918 216 200
p 2 0 2 918 216 201
p 2 0 1 919 214 200
p 2 0 1 919 213 199
p 2 0 1 919 214 200
p 2 0 11 909 858 219
p 2 0 7 913 235 206
p 2 0 9 911 592 218
p 2 0 11 909 241 209
p 2 2 168 750 14338 575
p 2 0 132 788 740 335
p 2 0 165 755 11321 494
p 2 0 123 797 732 328
p 2 1 166 753 12179 505
p 2 0 113 807 683 318
p 2 3 162 755 13728 569
p 2 0 133 787 714 338
p 2 2 169 749 14617 559
p 2 0 129 791 748 338
p 2 3 162 755 14134 574
p 2 0 124 796 712 328
p 2 0 171 749 11301 504
p 2 0 112 808 676 316
p 2 1 164 755 12132 500
p 2 0 129 791 694 330
p 2 3 160 757 13728 561
p 2 0 125 795 720 337
p 2 2 163 755 14569 545
p 2 0 119 801 683 326
p 2 0 47 873 317 241
p 2 2 161 757 14146 567
p 2 0 120 800 715 328
p 2 0 51 869 343 246
p 2 0 167 753 11302 498
p 2 0 118 802 681 323
p 2 0 36 884 286 229
p 2 0 170 750 11442 492
p 2 0 120 800 666 315
p 2 1 50 869 1249 260
p 2 0 26 894 280 220
p 2 3 10 907 650 232
p 2 0 439 481 1904 664
p 2 2 143 775 1432 350
p 2 0 35 885 289 231
p 2 1 36 883 943 242
p 2 0 17 903 242 213
p 2 0 17 903 1143 220
p 2 0 9 911 227 206
p 2 0 16 904 234 211
p 2 0 3 917 204 199
p 2 0 3 917 202 199
p 2 0 5 915 208 201
p 2 0 1 919 198 198
p 2 0 0 920 197 197
i 2 920 0 0 66902 4916
p 2 0 214 706 467 389
p 2 0 143 777 336 316
p 2 0 72 848 274 258
p 2 0 67 853 257 253
p 2 0 31 889 224 222
p 2 0 28 892 224 219
p 2 0 19 901 212 210
p 2 0 4 916 201 201
p 2 0 18 902 823 218
p 2 0 4 916 210 201
p 2 0 9 911 212 205
p 2 0 20 900 643 220
p 2 0 7 913 217 203
p 2 0 5 915 208 201
p 2 2 11 907 329 226
p 2 0 2 918 206 200
p 2 0 2 918 201 199
p 2 2 9 909 929 223
p 2 0 5 915 213 201
p 2 0 1 919 198 198
p 2 1 9 910 579 218
p 2 0 4 916 204 201
p 2 0 3 917 200 199
p 2 0 11 909 310 217
p 2 0 6 914 217 203
p 2 0 4 916 202 199
p 2 0 6 914 214 202
p 2 0 1 919 199 198
p 2 0 0 920 197 197
p 2 2 7 911 924 221
p 2 0 3 917 207 199
p 2 0 2 918 201 199
p 2 1 10 909 575 219
p 2 0 6 914 216 203
p 2 0 2 918 200 199
p 2 8 255 657 21814 821
p 2 0 190 730 969 403
p 2 0 66 854 366 259
p 2 2 261 657 18371 726
p 2 0 176 744 899 386
p 2 0 64 856 335 251
p 2 1 255 664 18504 714
p 2 0 187 733 936 393
p 2 0 118 802 526 310
p 2 0 69 851 1007 271
p 2 0 58 862 346 249
p 2 0 22 898 262 216
p 2 0 32 888 683 234
p 2 0 20 900 249 215
p 2 0 17 903 227 210
p 2 2 27 891 397 244
p 2 0 15 905 228 209
p 2 0 9 911 218 204
p 2 2 16 902 959 230
p 2 0 22 898 252 215
p 2 0 5 915 205 201
p 2 1 9 910 578 218
p 2 0 7 913 211 203
p 2 0 16 904 239 211
p 2 0 14 906 619 218
p 2 0 8 912 228 205
p 2 0 4 916 207 200
p 2 0 4 916 208 200
p 2 0 4 916 206 200
p 2 0 1 919 199 198
p 2 0 0 920 197 197
p 2 0 0 920 197 197
p 2 1 9 910 568 218
p 2 0 3 917 202 200
p 2 0 9 911 308 216
i 2 920 0 0 36843 3876
p 2 0 278 642 489 431
p 2 0 290 630 437 422
p 2 0 130 790 309 295
p 2 0 140 780 321 306
p 2 0 67 853 253 244
p 2 0 93 827 286 267
p 2 0 38 882 233 225
p 2 0 16 904 209 209
p 2 0 16 904 212 209
p 2 0 15 905 208 208
p 2 0 3 917 199 199
p 2 0 12 908 520 210
p 2 0 3 917 205 200
p 2 0 10 910 206 206
p 2 0 6 914 629 206
p 2 0 12 908 223 208
p 2 0 3 917 209 201
p 2 0 5 915 459 207
p 2 0 6 914 208 202
p 2 0 5 915 200 200
p 2 0 8 912 622 207
p 2 0 6 914 217 203
p 2 0 5 915 205 202
p 2 0 7 913 374 215
p 2 0 7 913 217 204
p 2 0 5 915 215 202
p 2 1 6 913 671 214
p 2 0 4 916 210 201
p 2 0 2 918 202 200
p 2 0 7 913 477 210
p 2 0 6 914 217 203
p 2 0 4 916 204 199
p 2 0 6 914 622 206
p 2 0 4 916 220 202
p 2 0 2 918 204 199
p 2 0 6 914 370 212
p 2 0 10 910 216 206
p 2 0 4 916 208 202
p 2 1 6 913 669 214
p 2 0 5 915 205 201
p 2 0 2 918 202 199
p 2 0 5 915 369 211
p 2 0 6 914 220 203
p 2 0 4 916 208 200
p 2 1 4 915 664 211
p 2 0 4 916 210 202
p 2 0 3 917 206 201
p 2 0 9 911 373 212
p 2 0 10 910 218 206
p 2 0 2 918 205 199
p 2 1 4 915 667 211
p 2 0 3 917 208 201
p 2 0 1 919 201 198
p 2 0 5 915 467 207
p 2 0 5 915 211 203
p 2 0 2 918 200 199
p 2 0 5 915 620 205
p 2 0 5 915 214 201
p 2 0 3 917 207 200
p 2 0 3 917 204 200
p 2 0 2 918 204 199
p 2 0 1 919 200 198
p 2 0 1 919 199 199
p 2 0 6 914 463 209
p 2 0 7 913 208 203
p 2 0 5 915 369 207
p 2 0 3 917 215 202
p 2 0 4 916 207 201
p 2 13 53 854 6856 384
p 2 0 38 882 348 236
p 2 0 20 900 235 214
p 2 0 66 854 4883 294
p 2 0 36 884 357 235
p 2 0 17 903 242 212
p 2 0 69 851 5629 300
p 2 0 48 872 388 244
p 2 0 14 906 229 209
p 2 0 7 913 626 206
p 2 0 5 915 210 202
p 2 0 4 916 207 201
p 2 0 9 911 467 210
p 2 0 8 912 216 205
p 2 0 6 914 206 202
p 2 0 6 914 620 205
p 2 0 6 914 225 204
p 2 0 6 914 224 202
p 2 0 6 914 374 212
p 2 0 6 914 216 206
p 2 0 4 916 206 200
p 2 1 5 914 668 212
p 2 0 2 918 204 200
p 2 0 1 919 202 199
p 2 0 5 915 468 208
p 2 0 6 914 207 202
p 2 0 4 916 200 200
p 2 0 5 915 620 206
p 2 0 7 913 219 203
p 2 0 7 913 219 203
p 2 0 6 914 372 212
p 2 0 6 914 212 202
p 2 0 1 919 205 199
p 2 1 4 915 665 212
p 2 0 7 913 224 203
p 2 0 4 916 212 201
p 2 0 11 909 482 215
p 2 0 5 915 205 201
p 2 0 6 914 208 202
p 2 0 13 907 644 213
p 2 0 7 913 220 205
p 2 0 11 909 221 206
p 2 0 6 914 461 209
p 2 0 8 912 209 203
p 2 0 4 916 202 200
p 2 0 6 914 379 207
p 2 0 3 917 202 200
p 2 0 1 919 204 199
p 2 0 4 916 530 204
p 2 0 5 915 209 201
p 2 0 1 919 199 198
p 2 0 5 915 627 205
p 2 0 6 914 221 202
p 2 0 5 915 211 203
p 2 0 6 914 468 209
p 2 0 5 915 206 201
p 2 0 3 917 199 199
p 2 0 9 911 629 209
p 2 0 5 915 213 203
p 2 0 1 919 202 199
p 2 0 5 915 373 211
p 2 0 4 916 210 201
p 2 0 4 916 208 201
p 2 1 11 908 677 217
p 2 0 8 912 214 205
p 2 0 1 919 201 198
p 2 0 6 914 371 211
p 2 0 6 914 216 203
p 2 0 4 916 201 200
p 2 1 4 915 668 211
p 2 0 3 917 212 201
p 2 0 3 917 205 201
p 2 0 6 914 458 209
p 2 0 4 916 207 201
p 2 0 1 919 198 198
p 2 0 5 915 622 205
p 2 0 4 916 212 202
p 2 0 2 918 205 200
p 2 0 1 919 201 199
p 2 0 1 919 201 198
p 2 0 1 919 202 199
p 2 0 1 919 202 199
p 2 0 1 919 199 198
p 2 0 1 919 201 199
p 2 0 5 915 460 208
p 2 0 4 916 208 201
p 2 0 6 914 378 206
p 2 0 4 916 208 200
p 2 0 5 915 207 202
p 2 0 1 919 203 198
p 2 0 4 916 205 201
p 2 0 1 919 202 198
p 2 0 1 919 205 199
p 2 0 1 919 200 199
p 2 0 1 919 200 198
p 2 0 1 919 202 198
p 2 0 4 916 533 204
p 2 0 4 916 211 201
p 2 0 0 920 197 197
p 2 0 6 914 626 206
p 2 0 5 915 215 203
p 2 0 2 918 204 200
p 2 0 5 915 462 207
p 2 0 7 913 222 208
p 2 0 4 916 203 201
p 2 0 6 914 618 208
p 2 0 4 916 213 202
p 2 0 2 918 203 199
p 2 1 4 915 346 212
p 2 0 3 917 201 200
p 2 0 4 916 207 201
p 2 1 4 915 662 211
p 2 0 5 915 219 203
p 2 0 2 918 202 199
p 2 0 9 911 466 210
p 2 0 6 914 209 202
p 2 0 2 918 198 198
p 2 0 5 915 623 205
p 2 0 5 915 215 202
p 2 0 0 920 197 197
p 2 0 5 915 370 211
p 2 0 4 916 207 200
p 2 0 4 916 204 200
p 2 0 6 914 513 205
p 2 0 1 919 198 198
p 2 0 0 920 197 197
p 2 0 5 915 626 205
p 2 0 4 916 213 202
p 2 0 3 917 204 200
p 2 0 6 914 371 214
p 2 0 5 915 214 202
p 2 0 4 916 209 201
p 2 1 4 915 665 212
p 2 0 2 918 202 199
p 2 0 1 919 200 198
p 2 0 6 914 475 210
p 2 0 5 915 206 202
p 2 0 1 919 198 198
p 2 0 5 915 624 205
p 2 0 2 918 205 200
p 2 0 2 918 203 199
p 2 0 1 919 201 199
p 2 0 1 919 201 199
p 2 0 5 915 462 208
p 2 0 5 915 206 202
p 2 0 5 915 378 205
i 2 920 0 0 59212 4498
p 2 0 238 682 472 402
p 2 0 177 743 359 349
p 2 0 86 834 337 264
p 2 0 97 823 280 272
p 2 0 31 889 226 223
p 2 0 57 863 309 241
p 2 0 16 904 220 210
p 2 0 33 887 231 223
p 2 0 9 911 257 204
p 2 0 16 904 219 211
p 2 0 6 914 207 203
p 2 0 11 909 278 205
p 2 0 7 913 210 204
p 2 0 10 910 214 206
p 2 0 12 908 271 206
p 2 0 8 912 207 202
p 2 0 10 910 214 204
p 2 0 10 910 276 206
p 2 0 9 911 216 204
p 2 0 4 916 205 201
p 2 0 8 912 260 203
p 2 0 7 913 207 202
p 2 0 8 912 219 204
p 2 0 7 913 271 203
p 2 0 4 916 205 201
p 2 0 9 911 219 205
p 2 0 13 907 273 207
p 2 0 7 913 212 203
p 2 0 9 911 213 205
p 2 0 12 908 271 206
p 2 0 9 911 219 205
p 2 0 3 917 200 200
p 2 0 5 915 253 200
p 2 0 4 916 203 201
p 2 0 9 911 217 204
p 2 0 8 912 255 203
p 2 0 7 913 213 203
p 2 0 6 914 212 202
p 2 0 3 917 204 200
p 2 0 5 915 203 201
p 2 0 5 915 206 200
p 2 0 4 916 206 199
p 2 0 7 913 211 202
p 2 0 5 915 212 201
p 2 0 1 919 200 198
p 2 0 0 920 197 197
i 2 920 0 0 46591 4335
p 2 0 227 693 459 394
p 2 5 713 202 28970 1447
p 2 0 431 489 1539 648
p 2 11 619 290 28679 1400
p 2 0 375 545 1449 594
p 2 4 588 328 28596 1345
p 2 0 390 530 1580 627
p 2 4 582 334 28298 1341
p 2 0 379 541 1529 624
p 2 1 405 514 8532 720
p 2 0 221 699 722 406
p 2 0 292 628 6826 558
p 2 0 149 771 655 346
p 2 0 302 618 6338 559
p 2 0 160 760 617 346
p 2 0 237 683 7967 517
p 2 0 135 785 646 331
p 2 3 269 648 8452 576
p 2 0 142 778 628 334
p 2 0 61 859 347 253
p 2 1 253 666 7773 556
p 2 0 156 764 627 348
p 2 0 83 837 340 266
p 2 0 245 675 6696 508
p 2 0 132 788 571 322
p 2 0 80 840 347 265
p 2 0 230 690 6211 486
p 2 0 138 782 584 322
p 2 0 83 837 336 264
p 2 0 231 689 7912 514
p 2 0 115 805 586 308
p 2 0 44 876 281 235
p 2 3 235 682 8307 537
p 2 0 98 822 546 300
p 2 0 51 869 278 237
p 2 18 561 341 33077 1480
p 2 0 378 542 1520 593
p 2 0 147 773 573 333
p 2 19 564 337 34343 1515
p 2 0 376 544 1478 581
p 2 0 202 718 651 382
p 2 17 546 357 33615 1424
p 2 0 398 522 1554 616
p 2 0 155 765 551 344
p 2 16 572 332 35961 1510
p 2 0 376 544 1513 594
p 2 0 216 704 578 382
p 2 0 84 836 344 270
p 2 0 82 838 374 268
p 2 0 49 871 280 240
p 2 86 494 340 40999 1857
p 2 0 357 563 1482 583
p 2 0 206 714 629 385
p 2 140 491 289 36326 1985
p 2 0 335 585 1345 555
p 2 0 212 708 719 403
p 2 158 496 266 39434 2127
p 2 0 377 543 1467 594
p 2 0 201 719 619 381
p 2 163 503 254 39647 2036
p 2 0 368 552 1459 579
p 2 0 181 739 539 356
p 2 93 538 289 27227 1564
p 2 0 400 520 1461 605
p 2 0 187 733 632 367
p 2 25 549 346 20786 1129
p 2 0 384 536 1436 579
p 2 0 152 768 481 330
p 2 264 401 255 47046 2759
p 2 0 324 596 1112 548
p 2 0 176 744 545 353
p 2 149 534 237 47730 2375
p 2 0 419 501 1372 617
p 2 0 217 703 586 391
p 2 26 633 261 37297 1609
p 2 0 483 437 1676 709
p 2 0 244 676 672 415
p 2 30 637 253 38436 1692
p 2 0 450 470 1642 676
p 2 0 206 714 618 383
p 2 0 157 763 503 341
p 2 0 295 625 986 472
i 2 920 0 0 33493 3724
p 2 0 184 736 392 347
p 2 0 210 710 357 352
p 2 328 417 175 44668 2840
p 2 0 315 605 964 507
p 2 0 136 784 391 311
p 2 373 410 137 48883 3102
p 2 0 272 648 956 477
p 2 0 139 781 449 322
p 2 361 445 114 50654 3093
p 2 0 364 556 1103 561
p 2 0 170 750 477 347
p 2 183 620 117 51293 2654
p 2 0 450 470 1371 678
p 2 0 226 694 527 392
p 2 184 624 112 52715 2697
p 2 0 456 464 1339 658
p 2 0 229 691 624 402
p 2 144 645 131 48737 2469
p 2 0 466 454 1423 665
p 2 0 290 630 602 437
p 2 134 609 177 49277 2309
p 2 0 427 493 1342 637
p 2 0 248 672 522 402
p 2 135 593 192 51832 2321
p 2 0 416 504 1255 605
p 2 0 232 688 569 398
p 2 173 600 147 50369 2467
p 2 0 412 508 1264 623
p 2 0 185 735 491 370
p 2 0 178 742 435 349
p 2 0 175 745 405 331
p 2 6 203 711 3513 438
p 2 0 142 778 441 312
p 2 1 100 819 3961 328
p 2 0 115 805 398 288
p 2 0 82 838 4344 317
p 2 0 67 853 360 254
p 2 0 23 897 256 216
p 2 0 58 862 873 253
p 2 0 28 892 266 222
p 2 0 42 878 325 235
p 2 0 28 892 842 238
p 2 0 28 892 301 223
p 2 0 12 908 236 206
p 2 1 18 901 908 230
p 2 0 46 874 351 242
p 2 0 59 861 313 243
p 2 0 18 902 743 224
p 2 0 40 880 283 227
p 2 0 15 905 245 211
p 2 0 38 882 831 234
p 2 0 16 904 258 212
p 2 0 9 911 231 206
p 2 0 19 901 809 228
p 2 0 6 914 230 204
p 2 0 4 916 216 201
p 2 1 19 900 925 232
p 2 0 13 907 247 209
p 2 0 10 910 225 205
p 2 0 11 909 733 218
p 2 0 11 909 237 206
p 2 0 12 908 235 208
p 2 0 15 905 807 219
p 2 0 15 905 256 210
p 2 0 9 911 220 205
p 2 0 11 909 791 223
p 2 0 17 903 254 212
p 2 0 9 911 225 205
p 2 1 15 904 899 230
p 2 0 8 912 234 205
p 2 0 4 916 219 202
p 2 0 11 909 727 217
p 2 0 9 911 242 207
p 2 0 7 913 231 204
p 2 0 11 909 803 215
p 2 0 7 913 237 204
p 2 0 7 913 225 202
p 2 0 4 916 217 201
p 2 0 3 917 215 201
p 2 0 1 919 211 199
p 2 0 1 919 211 199
p 2 0 10 910 703 217
p 2 0 9 911 245 207
p 2 0 9 911 767 215
p 2 0 8 912 240 206
p 2 0 8 912 229 205
p 2 0 3 917 214 201
p 2 0 5 915 218 202
p 2 0 48 872 3831 281
p 2 0 40 880 358 239
p 2 0 48 872 3490 275
p 2 0 45 875 551 247
p 2 1 51 868 3762 284
p 2 0 45 875 367 243
p 2 0 19 901 248 215
p 2 0 24 896 829 229
p 2 0 12 908 239 207
p 2 0 23 897 247 216
p 2 0 17 903 727 222
p 2 0 16 904 249 212
p 2 0 4 916 216 202
p 2 0 14 906 788 221
p 2 0 14 906 244 211
p 2 0 11 909 224 206
p 2 1 10 909 746 226
p 2 0 11 909 233 208
p 2 0 14 906 227 209
p 2 1 9 910 882 223
p 2 0 9 911 233 205
p 2 0 2 918 213 200
p 2 0 9 911 726 216
p 2 0 11 909 242 207
p 2 0 2 918 213 200
p 2 0 10 910 785 218
p 2 0 8 912 237 206
p 2 0 5 915 222 202
p 2 0 10 910 821 221
p 2 0 7 913 227 205
p 2 0 3 917 216 200
p 2 1 9 910 888 224
p 2 0 8 912 228 205
p 2 0 4 916 217 202
p 2 0 10 910 728 217
p 2 0 7 913 241 204
p 2 0 4 916 220 202
p 2 0 9 911 779 218
p 2 0 8 912 231 204
p 2 0 3 917 214 200
p 2 0 2 918 213 200
p 2 0 2 918 212 199
p 2 0 1 919 211 199
p 2 0 1 919 211 199
p 2 0 10 910 703 217
p 2 0 7 913 240 205
p 2 0 9 911 745 216
p 2 0 8 912 231 205
i 2 920 0 0 46502 4331
p 2 0 229 691 458 394
p 2 0 188 732 367 351
p 2 0 93 827 1410 299
p 2 0 81 839 291 265
p 2 0 40 880 240 225
p 2 2 52 866 1604 272
p 2 0 17 903 240 214
p 2 0 18 902 228 214
p 2 0 25 895 1349 243
p 2 0 23 897 240 217
p 2 0 9 911 210 205
p 2 2 25 893 1584 253
p 2 0 14 906 245 211
p 2 0 22 898 251 215
p 2 0 25 895 829 251
p 2 0 17 903 247 214
p 2 0 13 907 218 208
p 2 3 19 898 1866 248
p 2 0 11 909 228 209
p 2 0 8 912 216 204
p 2 0 21 899 1352 240
p 2 0 19 901 232 214
p 2 0 13 907 236 210
p 2 2 20 898 1569 246
p 2 0 16 904 262 213
p 2 0 7 913 215 203
p 2 0 21 899 836 246
p 2 0 16 904 225 212
p 2 0 5 915 213 201
p 2 3 19 898 1855 249
p 2 0 13 907 247 209
p 2 0 8 912 222 204
p 2 0 21 899 1349 240
p 2 0 13 907 250 211
p 2 0 11 909 226 206
p 2 2 21 897 1569 248
p 2 0 16 904 248 211
p 2 0 5 915 209 202
p 2 0 20 900 1344 240
p 2 0 14 906 247 209
p 2 0 10 910 222 206
p 2 1 19 900 723 246
p 2 0 10 910 228 208
p 2 0 6 914 210 203
p 2 0 20 900 1317 237
p 2 0 10 910 223 206
p 2 0 4 916 212 201
p 2 2 18 900 1569 243
p 2 0 11 909 225 208
p 2 0 3 917 209 199
p 2 0 22 898 1348 241
p 2 0 15 905 243 211
p 2 0 9 911 225 207
p 2 2 18 900 1566 244
p 2 0 18 902 240 212
p 2 0 7 913 234 205
p 2 0 20 900 827 245
p 2 0 13 907 239 209
p 2 0 10 910 213 206
p 2 3 15 902 1859 247
p 2 0 14 906 240 211
p 2 0 5 915 219 202
p 2 0 3 917 211 201
p 2 0 4 916 216 201
p 2 0 2 918 205 199
p 2 0 2 918 208 199
p 2 0 3 917 212 200
p 2 0 3 917 219 201
p 2 0 1 919 203 199
p 2 0 1 919 215 199
p 2 0 1 919 204 199
p 2 0 1 919 215 199
p 2 0 1 919 204 198
p 2 0 2 918 203 200
p 2 0 2 918 216 199
p 2 0 2 918 207 199
p 2 0 4 916 214 200
p 2 0 1 919 204 199
p 2 0 20 900 1363 240
p 2 0 13 907 241 210
p 2 1 18 901 692 241
p 2 0 9 911 227 208
i 2 920 0 0 12755 3206
i 2 920 0 0 23405 3514
p 2 747 173 0 30166 3828
p 2 662 258 0 36404 3873
p 2 551 369 0 42948 3848
p 2 0 625 295 1738 810
p 2 0 437 483 1042 598
p 2 0 267 653 626 433
p 2 0 137 783 440 322
p 2 0 152 768 440 338
p 2 0 113 807 420 301
p 2 0 56 864 288 246
p 2 0 41 879 273 234
p 2 0 30 890 260 224
p 2 0 57 863 347 250
p 2 0 32 888 259 223
p 2 0 27 893 252 219
p 2 0 25 895 247 217
p 2 0 22 898 247 215
p 2 0 16 904 220 209
p 2 0 14 906 219 207
p 2 0 11 909 218 206
p 2 0 18 902 237 212
p 2 0 11 909 222 205
p 2 0 44 876 284 236
p 2 0 32 888 256 224
p 2 0 18 902 235 212
p 2 0 10 910 217 206
p 2 0 19 901 232 212
p 2 0 18 902 246 212
p 2 0 16 904 220 209
p 2 0 13 907 218 205
p 2 0 11 909 220 206
p 2 0 8 912 212 202
p 2 0 3 917 201 200
p 2 0 6 914 206 202
p 2 0 5 915 204 201
p 2 0 23 897 238 216
p 2 0 7 913 209 202
p 2 0 9 911 211 205
p 2 0 5 915 205 201
p 2 0 8 912 207 203
p 2 0 1 919 199 198
p 2 0 1 919 199 198
p 2 0 1 919 199 198
p 2 0 10 910 215 205
p 2 0 6 914 208 201
p 2 0 7 913 215 204
p 2 0 12 908 221 208
p 2 0 9 911 211 205
p 2 0 6 914 208 201
p 2 0 5 915 205 202
p 2 0 4 916 204 200
p 2 0 11 909 217 207
p 2 0 7 913 206 202
p 2 0 6 914 202 202
p 2 0 2 918 200 199
p 2 0 6 914 205 202
p 2 0 1 919 198 198
p 2 0 2 918 200 199
p 2 0 2 918 198 198
p 2 0 4 916 205 200
p 2 0 1 919 199 198
p 2 0 4 916 201 201
p 2 0 2 918 200 199
p 2 0 1 919 199 198
p 2 0 1 919 198 198
p 2 0 1 919 199 198
p 2 0 0 920 197 197
p 2 0 0 920 197 197
p 2 0 0 920 197 197
i 2 920 0 0 11627 3237
p 2 643 277 0 20250 3385
p 2 633 287 0 22636 3353
p 2 600 320 0 25658 3316
p 2 582 338 0 27749 3285
p 2 0 314 606 1053 492
p 2 0 147 773 455 323
p 2 0 61 859 270 244
p 2 0 40 880 268 228
p 2 0 33 887 283 226
p 2 0 22 898 245 215
p 2 0 6 914 212 203
p 2 0 4 916 204 200
p 2 0 3 917 205 200
p 2 0 15 905 234 210
p 2 0 5 915 211 202
p 2 0 6 914 213 202
p 2 0 4 916 206 201
p 2 0 5 915 210 201
p 2 0 13 907 231 208
p 2 0 14 906 210 207
p 2 0 2 918 204 199
p 2 0 4 916 208 201
p 2 0 5 915 208 200
p 2 0 10 910 223 204
p 2 0 4 916 203 200
p 2 0 6 914 209 202
p 2 0 21 899 228 213
p 2 0 13 907 208 206
p 2 0 2 918 202 199
p 2 0 3 917 204 199
p 2 0 1 919 199 198
p 2 0 8 912 215 204
p 2 0 3 917 203 200
p 2 0 3 917 204 199
p 2 0 4 916 211 202
p 2 0 9 911 218 203
p 2 0 6 914 209 202
p 2 0 4 916 205 200
p 2 0 1 919 199 198
p 2 0 3 917 206 200
p 2 0 5 915 206 199
p 2 0 8 912 214 204
p 2 0 3 917 202 199
p 2 0 2 918 201 199
p 2 0 1 919 199 198
p 2 0 0 920 197 197
p 2 0 1 919 199 198
p 2 0 1 919 200 198
p 2 0 0 920 197 197
p 2 0 0 920 197 197
p 2 0 0 920 197 197
p 2 0 0 920 197 197
p 2 0 0 920 197 197
p 2 0 1 919 204 198
p 2 0 0 920 197 197
p 2 0 0 920 197 197
p 2 0 0 920 197 197
p 2 0 0 920 197 197
p 2 0 0 920 197 197
p 2 0 0 920 197 197
p 2 0 0 920 197 197
p 2 0 0 920 197 197
p 2 0 0 920 197 197
p 2 0 0 920 197 197
i 2 920 0 0 13678 3097
i 2 920 0 0 23448 3434
p 2 747 173 0 31671 3893
p 2 598 322 0 37628 3698
p 2 530 390 0 41504 3640
p 2 0 561 359 1659 740
p 2 0 247 673 631 408
p 2 0 194 726 481 361
p 2 0 140 780 352 312
p 2 0 158 762 374 330
p 2 0 97 823 324 277
p 2 0 114 806 352 293
p 2 0 52 868 266 237
p 2 0 26 894 231 218
p 2 0 27 893 235 217
p 2 0 41 879 284 232
p 2 0 49 871 301 240
p 2 0 28 892 257 223
p 2 0 19 901 231 210
p 2 0 15 905 211 210
p 2 0 5 915 208 201
p 2 0 8 912 208 204
p 2 0 18 902 238 211
p 2 0 6 914 207 203
p 2 0 13 907 221 207
p 2 0 8 912 209 203
p 2 0 9 911 212 203
p 2 0 11 909 220 206
p 2 0 4 916 205 201
p 2 0 3 917 203 200
p 2 0 8 912 211 202
p 2 0 4 916 206 200
p 2 0 1 919 199 198
p 2 0 1 919 199 198
p 2 0 2 918 200 198
p 2 0 9 911 207 204
p 2 0 5 915 207 200
p 2 0 2 918 199 199
p 2 0 0 920 197 197
p 2 0 0 920 197 197
p 2 0 1 919 199 198
p 2 0 1 919 200 198
p 2 0 0 920 197 197
p 2 0 1 919 200 198
p 2 0 1 919 199 198
p 2 0 0 920 197 197
p 2 0 0 920 197 197
i 2 920 0 0 19336 3527
p 2 741 179 0 34947 3974
p 2 652 268 0 39738 3718
p 2 612 308 0 42791 3591
p 2 578 342 0 45892 3494
p 2 0 348 572 1808 584
p 2 0 203 717 842 393
p 2 0 84 836 399 268
p 2 0 56 864 313 242
p 2 0 33 887 290 227
p 2 0 93 827 523 287
p 2 0 48 872 325 239
p 2 0 34 886 297 228
p 2 0 32 888 294 226
p 2 0 85 835 475 279
p 2 0 26 894 269 219
p 2 0 31 889 263 223
p 2 0 48 872 364 245
p 2 0 25 895 272 219
p 2 0 26 894 268 218
p 2 0 12 908 227 208
p 2 0 7 913 214 202
p 2 0 5 915 214 202
p 2 0 3 917 207 199
p 2 0 27 893 293 223
p 2 0 28 892 260 218
p 2 0 23 897 236 215
p 2 0 26 894 284 220
p 2 0 18 902 261 214
p 2 0 11 909 230 208
p 2 0 8 912 222 204
p 2 0 7 913 219 203
p 2 0 5 915 209 201
p 2 0 4 916 210 201
p 2 0 5 915 210 202
p 2 0 3 917 205 200
p 2 0 5 915 214 202
p 2 0 14 906 244 209
p 2 0 5 915 210 202
p 2 0 2 918 206 199
p 2 0 3 917 206 200
p 2 0 2 918 202 199
p 2 0 2 918 205 199
p 2 0 3 917 203 200
p 2 0 1 919 201 198
p 2 0 7 913 213 203
p 2 0 6 914 219 202
p 2 0 5 915 210 202
p 2 0 1 919 202 198
p 2 0 1 919 202 198
p 2 0 2 918 205 199
p 2 0 1 919 202 198
p 2 0 17 903 240 211
p 2 0 8 912 216 204
p 2 29 60 831 6191 458
p 2 0 47 873 334 242
p 2 154 189 577 30158 1512
p 2 0 118 802 626 319
p 2 1 72 847 1383 277
p 2 0 46 874 325 239
p 2 6 66 848 1960 303
p 2 0 23 897 265 218
p 2 0 32 888 279 225
p 2 7 38 875 1574 280
p 2 0 37 883 305 231
p 2 0 19 901 250 213
p 2 0 19 901 1371 226
p 2 0 14 906 248 211
p 2 0 11 909 227 206
p 2 1 16 903 1178 226
p 2 0 22 898 267 216
p 2 0 8 912 218 204
p 2 6 19 895 1817 262
p 2 0 35 885 310 230
p 2 0 11 909 230 208
p 2 7 18 895 1506 258
p 2 0 6 914 215 204
p 2 0 4 916 214 200
p 2 0 16 904 1358 222
p 2 0 10 910 231 206
p 2 0 9 911 220 205
p 2 1 15 904 1189 225
p 2 0 14 906 242 209
p 2 0 7 913 221 203
p 2 0 16 904 1328 223
p 2 0 11 909 240 208
p 2 0 6 914 212 203
p 2 5 12 903 1455 246
p 2 0 13 907 234 208
p 2 0 6 914 216 204
p 2 7 10 903 1487 252
p 2 0 8 912 219 204
p 2 0 7 913 220 203
p 2 0 20 900 1364 226
p 2 0 7 913 231 204
p 2 0 5 915 219 202
p 2 1 12 907 1179 222
p 2 0 11 909 224 206
p 2 0 2 918 204 198
p 2 0 2 918 206 199
p 2 0 2 918 206 199
p 2 0 1 919 200 198
p 2 0 1 919 203 199
p 2 0 1 919 200 198
i 2 920 0 0 40403 3848
p 2 0 341 579 586 493
p 2 0 300 620 461 446
p 2 0 110 810 291 285
p 2 0 130 790 313 304
p 2 0 58 862 244 241
p 2 0 62 858 252 247
p 2 0 42 878 230 230
p 2 0 23 897 213 213
p 2 0 17 903 209 209
p 2 0 23 897 215 215
p 2 0 5 915 202 202
p 2 0 16 904 209 209
p 2 0 3 917 200 200
p 2 0 3 917 199 199
p 2 0 2 918 199 199
p 2 0 3 917 199 199
p 2 0 0 920 197 197
p 2 0 0 920 197 197
p 2 0 2 918 200 199
p 2 0 0 920 197 197
p 2 0 0 920 197 197
p 2 0 2 918 200 199
p 2 0 0 920 197 197
p 2 0 0 920 197 197
p 2 0 0 920 197 197
p 2 0 1 919 198 198
p 2 0 0 920 197 197
p 2 0 1 919 198 198
p 2 0 8 912 202 202
p 2 0 2 918 199 199
p 2 0 1 919 199 198
p 2 0 2 918 199 199
p 2 0 2 918 202 199
p 2 0 1 919 198 198
p 2 0 1 919 198 198
p 2 59 41 820 7500 663
p 2 0 39 881 338 238
p 2 89 120 711 18394 1127
p 2 0 105 815 604 321
p 2 179 123 618 27287 1545
p 2 0 121 799 602 316
p 2 205 153 562 32059 1771
p 2 0 153 767 781 360
p 2 0 71 849 343 257
p 2 117 242 561 29148 1516
p 2 0 196 724 827 407
p 2 0 84 836 365 275
p 2 119 256 545 28242 1480
p 2 0 195 725 835 408
p 2 0 63 857 360 258
p 2 4 346 570 18652 823
p 2 0 240 680 1119 451
p 2 0 112 808 498 298
p 2 15 441 464 25078 1018
p 2 0 307 613 1731 521
p 2 0 189 731 6330 420
p 2 13 456 451 25231 1030
p 2 0 286 634 1252 500
p 2 0 106 814 512 299
p 2 10 340 570 19186 874
p 2 0 226 694 1042 432
p 2 0 105 815 453 295
p 2 0 42 878 307 236
p 2 0 58 862 328 248
p 2 0 19 901 239 215
p 2 0 231 689 18479 582
p 2 0 156 764 880 359
p 2 0 261 659 18133 615
p 2 0 176 744 887 374
p 2 0 217 703 18350 578
p 2 0 187 733 969 389
p 2 1 248 671 19703 593
p 2 0 151 769 862 358
p 2 0 66 854 379 258
p 2 74 161 685 28078 1058
p 2 78 197 645 26752 1127
p 2 68 210 642 25143 1112
p 2 57 220 643 23239 1043
p 2 0 160 760 738 361
p 2 27 202 691 17695 788
p 2 0 158 762 707 355
p 2 4 200 716 14665 619
p 2 0 132 788 674 330
p 2 3 207 710 16460 624
p 2 0 146 774 745 348
p 2 0 182 738 10454 451
p 2 0 131 789 705 331
p 2 0 176 744 9520 435
p 2 0 131 789 660 322
p 2 0 172 748 9472 426
p 2 0 129 791 683 321
p 2 0 181 739 9866 440
p 2 0 117 803 1074 312
p 2 0 173 747 9590 435
p 2 0 127 793 652 321
p 2 0 166 754 9718 425
p 2 0 129 791 682 324
p 2 0 167 753 9879 425
p 2 0 116 804 639 308
p 2 0 162 758 9858 430
p 2 0 109 811 623 304
p 2 0 162 758 9769 422
p 2 0 106 814 632 300
p 2 0 156 764 9789 421
p 2 0 106 814 627 298
p 2 0 163 757 9708 420
p 2 0 113 807 636 305
p 2 0 160 760 9545 421
p 2 0 113 807 647 309
p 2 0 159 761 9629 419
p 2 0 117 803 629 311
p 2 0 158 762 9590 422
p 2 0 114 806 668 314
p 2 0 161 759 9640 418
p 2 0 121 799 673 317
p 2 0 158 762 9543 417
p 2 0 110 810 623 302
p 2 0 158 762 9666 415
p 2 0 115 805 662 308
p 2 0 156 764 9579 419
p 2 0 113 807 634 306
p 2 0 165 755 9659 425
p 2 0 123 797 676 315
p 2 0 158 762 9549 424
p 2 0 109 811 667 305
p 2 0 161 759 9652 415
p 2 0 112 808 616 306
p 2 0 156 764 9546 420
p 2 0 108 812 637 302
p 2 0 161 759 9633 420
p 2 0 107 813 563 295
p 2 0 155 765 9505 419
p 2 0 107 813 625 301
p 2 0 157 763 9642 417
p 2 0 108 812 592 302
p 2 0 156 764 9482 421
p 2 0 112 808 631 306
p 2 0 155 765 9566 415
p 2 0 107 813 604 301
p 2 0 156 764 9506 419
p 2 0 104 816 577 296
p 2 0 156 764 9636 414
p 2 0 109 811 596 302
p 2 0 153 767 9523 416
p 2 0 113 807 649 306
p 2 0 38 882 299 230
p 2 32 306 582 21144 1014
p 2 0 181 739 899 393
p 2 0 80 840 412 272
p 2 29 328 563 21007 1009
p 2 0 227 693 892 426
p 2 0 97 823 371 279
p 2 41 330 549 23007 1101
p 2 0 256 664 982 443
p 2 0 104 816 403 290
p 2 34 359 527 23607 1108
p 2 0 228 692 1009 429
p 2 0 125 795 423 306
p 2 106 368 446 33639 1637
p 2 0 289 631 1069 489
p 2 0 172 748 573 352
p 2 92 404 424 36174 1627
p 2 0 288 632 1100 496
p 2 0 140 780 488 323
p 2 99 433 388 35752 1739
p 2 0 304 616 1291 542
p 2 0 142 778 511 326
p 2 79 438 403 37082 1583
p 2 0 322 598 1276 532
p 2 0 172 748 550 351
p 2 132 412 376 39796 1884
p 2 0 309 611 1243 525
p 2 0 561 359 4983 798
p 2 94 740 86 43157 2156
p 2 0 885 35 10509 1328
p 2 2 892 26 13904 1363
p 2 82 763 75 41784 2103
p 2 35 843 42 26856 1723
p 2 30 858 32 20863 1627
p 2 60 801 59 43377 2127
p 2 20 876 24 18749 1571
p 2 10 891 19 9500 1448
p 2 15 893 12 28175 1771
p 2 19 900 1 20016 1671
p 2 13 902 5 21472 1693
p 2 22 875 23 30723 1846
p 2 15 878 27 20489 1603
p 2 1 876 43 15727 1461
p 2 34 811 75 28004 1781
p 2 18 822 80 17698 1535
p 2 6 838 76 14922 1439
p 2 8 767 145 24106 1559
p 2 4 784 132 14001 1381
p 2 2 764 154 11374 1282
p 2 15 774 131 14575 1293
p 2 3 754 163 11192 1218
p 2 0 648 272 8381 990
p 2 1 524 395 5720 788
p 2 0 239 681 631 405
p 2 0 167 753 473 341
p 2 1 172 747 5255 453
p 2 0 113 807 518 303
p 2 0 51 869 299 241
p 2 6 140 774 6970 519
p 2 0 89 831 496 290
p 2 0 65 855 353 255
p 2 6 105 809 6183 479
p 2 0 76 844 445 276
p 2 0 34 886 259 227
p 2 0 98 822 4311 372
p 2 0 105 815 532 302
p 2 0 48 872 288 238
p 2 0 99 821 4226 372
p 2 0 81 839 492 280
p 2 0 54 866 334 245
p 2 0 125 795 4548 387
p 2 0 68 852 456 266
p 2 0 28 892 273 224
p 2 0 113 807 4952 385
p 2 0 75 845 482 272
p 2 0 47 873 333 240
p 2 1 121 798 5828 431
p 2 0 66 854 451 265
p 2 0 30 890 267 222
p 2 1 93 826 4896 383
p 2 0 73 847 486 274
p 2 0 37 883 300 231
p 2 1 124 795 5181 406
p 2 0 88 832 450 281
p 2 0 27 893 265 220
p 2 6 124 790 6795 494
p 2 0 65 855 449 268
p 2 0 37 883 287 231
p 2 6 85 829 6089 455
p 2 0 70 850 452 272
p 2 0 26 894 251 220
p 2 0 86 834 4289 358
p 2 0 70 850 437 269
p 2 0 29 891 262 222
p 2 0 86 834 4133 360
p 2 0 62 858 444 262
p 2 0 31 889 266 223
p 2 0 103 817 4475 367
p 2 0 73 847 446 268
p 2 0 27 893 274 221
p 2 0 107 813 4927 381
p 2 0 68 852 433 267
p 2 0 22 898 258 217
p 2 1 107 812 5781 424
p 2 0 331 589 1537 558
p 2 0 127 793 472 311
p 2 1 143 776 4973 426
p 2 0 81 839 477 279
p 2 0 41 879 294 234
p 2 1 108 811 5136 392
p 2 0 79 841 453 276
p 2 0 27 893 245 220
p 2 7 115 798 7002 496
p 2 0 75 845 438 272
p 2 0 29 891 261 222
p 2 5 84 831 6050 456
p 2 0 76 844 443 274
p 2 0 32 888 266 226
p 2 0 85 835 4306 361
p 2 0 64 856 428 263
p 2 0 22 898 252 217
p 2 0 89 831 4166 364
p 2 0 70 850 470 270
p 2 0 23 897 245 218
p 2 0 111 809 4501 374
p 2 0 62 858 421 261
p 2 0 25 895 257 219
p 2 0 107 813 4955 380
p 2 0 68 852 439 267
p 2 0 14 906 228 209
p 2 1 114 805 5858 428
p 2 0 79 841 473 279
p 2 0 25 895 265 221
p 2 1 91 828 4870 383
p 2 0 72 848 474 270
p 2 0 28 892 263 221
p 2 1 95 824 5051 384
p 2 0 68 852 469 267
p 2 0 17 903 242 210
p 2 5 96 819 6956 478
p 2 0 61 859 423 262
i 2 920 0 0 49597 4191
p 2 0 122 798 336 302
p 2 0 110 810 303 291
p 2 0 38 882 229 228
p 2 0 71 849 1511 278
p 2 0 37 883 253 229
p 2 0 58 862 1789 268
p 2 0 43 877 286 235
p 2 0 16 904 222 210
p 2 0 31 889 1719 259
p 2 0 23 897 252 223
p 2 0 11 909 214 207
p 2 0 3 917 200 200
p 2 0 4 916 202 201
p 2 0 3 917 203 200
p 2 0 3 917 202 200
p 2 0 2 918 199 198
p 2 0 0 920 197 197
p 2 0 0 920 197 197
p 2 0 2 918 200 199
p 2 0 1 919 198 198
p 2 0 0 920 197 197
p 2 0 1 919 198 198
p 2 0 2 918 201 199
p 2 0 22 898 1472 238
p 2 0 15 905 235 210
p 2 0 23 897 1776 242
p 2 0 13 907 246 213
p 2 0 25 895 1747 253
p 2 0 15 905 239 216
p 2 0 4 916 203 202
p 2 0 25 895 1481 241
p 2 0 21 899 312 221
p 2 0 25 895 1767 244
p 2 0 13 907 244 213
p 2 0 8 912 221 205
p 2 0 24 896 1743 252
p 2 0 14 906 245 214
p 2 0 4 916 204 202
p 2 0 2 918 199 199
p 2 0 0 920 197 197
p 2 0 0 920 197 197
p 2 0 0 920 197 197
p 2 0 0 920 197 197
p 2 0 0 920 197 197
p 2 0 0 920 197 197
p 2 0 0 920 197 197
i 2 920 0 0 66788 4618
p 2 0 180 740 424 350
p 2 0 119 801 311 292
p 2 0 54 866 252 238
p 2 0 59 861 253 241
p 2 0 13 907 209 207
p 2 1 52 867 951 248
p 2 0 11 909 224 207
p 2 0 30 890 235 219
p 2 0 17 903 862 219
p 2 0 23 897 245 217
p 2 0 10 910 217 206
p 2 0 14 906 889 215
p 2 0 7 913 217 205
p 2 0 4 916 205 200
p 2 2 4 914 640 217
p 2 0 4 916 208 200
p 2 0 1 919 199 198
p 2 1 6 913 910 214
p 2 0 7 913 216 203
p 2 0 3 917 206 200
p 2 0 8 912 836 211
p 2 0 4 916 208 201
p 2 0 6 914 203 202
p 2 0 5 915 879 208
p 2 0 4 916 215 202
p 2 0 2 918 200 199
p 2 2 3 915 642 216
p 2 0 3 917 207 200
p 2 0 3 917 200 199
p 2 1 7 912 912 214
p 2 0 5 915 221 203
p 2 0 2 918 211 199
p 2 0 1 919 205 198
p 2 0 1 919 202 198
p 2 0 2 918 208 199
p 2 0 9 911 855 212
p 2 0 7 913 235 204
p 2 0 5 915 217 202
p 2 1 7 912 641 218
p 2 0 3 917 216 201
p 2 0 3 917 218 200
p 2 0 3 917 214 200
p 2 0 2 918 207 200
p 2 0 2 918 209 199
p 2 0 3 917 206 200
p 2 0 4 916 214 201
p 2 0 4 916 213 200
p 2 1 8 911 914 216
p 2 0 6 914 225 203
p 2 0 3 917 207 200
p 2 0 8 912 848 211
p 2 0 8 912 231 204
p 2 0 3 917 213 200
p 2 0 8 912 877 211
p 2 0 9 911 233 205
p 2 0 7 913 237 203
p 2 2 6 912 650 219
p 2 0 4 916 210 200
p 2 0 2 918 211 200
p 2 1 6 913 911 214
p 2 0 4 916 216 202
p 2 0 7 913 220 203
p 2 0 8 912 854 213
p 2 0 7 913 225 204
p 2 0 5 915 215 202
p 2 0 8 912 885 211
p 2 0 8 912 232 205
p 2 0 2 918 206 199
p 2 2 5 913 653 218
p 2 0 3 917 211 200
p 2 0 2 918 206 199
p 2 1 5 914 910 214
p 2 0 8 912 230 206
p 2 0 2 918 203 199
p 2 0 6 914 845 210
p 2 0 6 914 228 205
p 2 0 4 916 210 201
p 2 0 9 911 885 211
p 2 0 8 912 237 205
p 2 0 3 917 207 200
p 2 2 5 913 650 218
p 2 0 5 915 219 202
p 2 0 4 916 214 200
p 2 1 6 913 915 214
p 2 0 5 915 217 202
p 2 0 2 918 210 200
p 2 0 6 914 849 211
p 2 0 6 914 225 204
p 2 0 4 916 210 201
p 2 0 8 912 890 212
p 2 0 6 914 226 204
p 2 0 2 918 207 200
p 2 2 5 913 655 218
p 2 0 5 915 221 202
p 2 0 3 917 215 200
p 2 1 7 912 918 214
p 2 0 6 914 223 203
p 2 0 8 912 215 203
p 2 0 15 905 849 215
p 2 0 8 912 227 205
p 2 0 3 917 212 200
p 2 1 6 913 646 218
p 2 0 6 914 224 203
p 2 0 4 916 222 202
p 2 1 6 913 916 216
p 2 0 6 914 230 204
p 2 0 3 917 201 199
p 2 0 7 913 840 211
p 2 0 8 912 233 204
p 2 0 4 916 209 201
p 2 0 6 914 877 209
p 2 0 6 914 233 204
p 2 0 3 917 213 200
p 2 2 4 914 646 217
p 2 0 4 916 213 201
p 2 0 1 919 203 198
p 2 1 6 913 913 215
p 2 0 5 915 219 203
p 2 0 1 919 206 198
p 2 0 6 914 844 211
p 2 0 8 912 227 206
p 2 0 3 917 213 200
p 2 0 9 911 883 212
p 2 0 7 913 232 205
p 2 0 3 917 206 199
p 2 2 4 914 648 217
p 2 0 3 917 211 201
p 2 0 3 917 210 200
p 2 1 5 914 909 213
p 2 0 3 917 222 201
p 2 0 1 919 203 198
p 2 0 6 914 848 211
p 2 0 5 915 224 203
p 2 0 3 917 209 199
p 2 0 6 914 870 210
p 2 0 7 913 238 205
p 2 0 5 915 216 201
p 2 2 5 913 643 217
p 2 0 3 917 214 200
p 2 0 1 919 201 198
p 2 1 6 913 913 214
p 2 0 4 916 215 201
p 2 0 2 918 208 199
p 2 0 1 919 202 198
p 2 0 3 917 209 200
p 2 0 1 919 201 198
p 2 0 6 914 849 210
p 2 0 6 914 228 204
p 2 0 3 917 209 199
p 2 1 5 914 640 217
p 2 0 5 915 224 202
p 2 0 3 917 209 199
p 2 0 2 918 214 200
p 2 0 1 919 204 198
p 2 0 1 919 207 199
p 2 4 216 700 18938 648
p 2 0 164 756 878 373
p 2 8 216 696 18591 663
p 2 0 171 749 857 381
p 2 1 221 698 18410 625
p 2 0 167 753 907 380
p 2 1 228 691 19314 638
p 2 0 172 748 933 379
p 2 0 121 799 572 310
p 2 0 40 880 289 231
p 2 0 33 887 277 227
p 2 0 42 878 291 233
p 2 1 71 848 1085 272
p 2 0 22 898 244 214
p 2 0 17 903 238 209
p 2 0 52 868 951 250
p 2 0 51 869 313 239
p 2 0 54 866 365 246
p 2 0 23 897 900 225
p 2 0 17 903 256 213
p 2 0 10 910 225 206
p 2 2 29 889 718 239
p 2 0 16 904 238 210
p 2 0 19 901 238 212
p 2 1 16 903 923 221
p 2 0 24 896 267 217
p 2 0 21 899 250 214
p 2 0 19 901 874 222
p 2 0 8 912 228 204
p 2 0 5 915 207 202
p 2 0 13 907 898 213
p 2 0 11 909 238 208
p 2 0 7 913 216 203
p 2 2 5 913 646 217
p 2 0 6 914 213 201
p 2 0 2 918 201 199
p 2 1 8 911 908 216
p 2 0 3 917 211 200
p 2 0 3 917 205 199
p 2 0 9 911 842 213
p 2 0 10 910 235 205
p 2 0 3 917 205 199
p 2 0 9 911 884 213
p 2 0 5 915 216 201
p 2 0 3 917 203 200
p 2 2 7 911 650 220
p 2 0 3 917 203 200
p 2 0 3 917 206 200
p 2 1 7 912 903 215
p 2 0 4 916 215 201
p 2 0 2 918 201 199
p 2 0 7 913 846 212
p 2 0 6 914 221 204
p 2 0 12 908 210 206
p 2 0 7 913 868 210
p 2 0 7 913 228 205
p 2 0 3 917 202 199
p 2 2 3 915 637 216
p 2 0 0 920 197 197
i 2 920 0 0 50363 4508
p 2 0 153 767 387 339
p 2 0 142 778 325 311
p 2 0 76 844 276 256
p 2 0 39 881 236 231
p 2 0 30 890 218 218
p 2 0 12 908 207 207
p 2 0 14 906 206 206
p 2 6 16 898 1224 245
p 2 0 9 911 224 206
p 2 0 38 882 982 245
p 2 0 13 907 255 211
p 2 0 10 910 225 205
p 2 0 15 905 217 209
p 2 0 12 908 208 205
p 2 0 4 916 206 200
p 2 0 1 919 199 199
p 2 0 1 919 199 198
p 2 0 38 882 888 242
p 2 0 14 906 244 215
p 2 2 22 896 585 241
p 2 0 15 905 216 208
p 2 0 5 915 215 202
p 2 0 1 919 200 198
p 2 8 13 899 1374 258
p 2 0 10 910 240 207
p 2 0 4 916 204 200
p 2 0 35 885 889 240
p 2 0 12 908 232 211
p 2 0 3 917 203 200
p 2 0 36 884 962 244
p 2 0 13 907 246 208
p 2 0 9 911 214 205
p 2 0 7 913 212 204
p 2 0 2 918 200 200
p 2 0 1 919 199 198
p 2 0 34 886 961 242
p 2 0 14 906 239 214
p 2 2 23 895 607 241
p 2 0 15 905 230 212
p 2 0 13 907 221 208
p 2 0 3 917 202 200
p 2 6 20 894 1225 249
p 2 0 10 910 222 205
p 2 0 1 919 199 198
p 2 0 34 886 990 243
p 2 0 12 908 248 209
p 2 0 5 915 208 203
p 2 3 32 885 626 256
p 2 0 21 899 262 228
p 2 0 10 910 209 203
p 2 8 20 892 1371 262
p 2 0 8 912 238 206
p 2 0 5 915 220 202
p 2 0 31 889 896 239
p 2 0 13 907 240 214
p 2 0 2 918 206 200
p 2 0 34 886 959 242
p 2 0 11 909 240 209
p 2 0 6 914 209 203
p 2 3 32 885 590 254
p 2 0 16 904 219 213
p 2 0 12 908 215 205
p 2 8 15 897 1369 259
p 2 0 5 915 229 203
p 2 0 1 919 216 198
p 2 3 31 886 618 254
p 2 0 19 901 233 221
p 2 0 7 913 203 202
p 2 8 16 896 1364 260
p 2 0 6 914 237 204
p 2 0 1 919 201 198
p 2 0 33 887 965 242
p 2 0 16 904 241 215
p 2 0 5 915 212 201
p 2 0 33 887 968 241
p 2 0 10 910 230 207
p 2 0 3 917 201 200
p 2 0 2 918 199 199
p 2 0 1 919 198 198
p 2 0 33 887 953 240
p 2 0 13 907 237 212
p 2 2 24 894 580 240
i 2 920 0 0 47980 4489
p 2 0 168 752 417 350
p 2 0 131 789 326 305
p 2 0 66 854 264 251
p 2 0 42 878 232 228
p 2 0 27 893 230 218
p 2 3 40 877 1129 253
p 2 0 25 895 234 216
p 2 0 23 897 224 215
p 2 0 30 890 855 231
p 2 0 23 897 240 215
p 2 0 4 916 205 200
p 2 1 25 894 524 235
p 2 0 9 911 213 205
p 2 0 6 914 209 203
p 2 4 7 909 1195 234
p 2 0 6 914 220 203
p 2 0 7 913 217 203
p 2 1 24 895 527 237
p 2 0 8 912 229 207
p 2 0 6 914 224 205
p 2 4 12 904 1200 237
p 2 0 8 912 219 202
p 2 0 8 912 210 203
p 2 0 21 899 804 226
p 2 0 9 911 234 206
p 2 0 11 909 212 204
p 2 0 22 898 831 226
p 2 0 7 913 219 203
p 2 0 3 917 199 199
p 2 1 19 900 514 232
p 2 0 5 915 208 202
p 2 0 1 919 201 198
p 2 0 2 918 200 199
p 2 0 1 919 198 198
p 2 0 1 919 198 198
p 2 0 0 920 197 197
p 2 0 0 920 197 197
p 2 0 0 920 197 197
p 2 4 10 906 1202 237
p 2 0 6 914 217 202
p 2 0 2 918 201 199
p 2 0 20 900 795 224
p 2 0 7 913 230 204
p 2 0 8 912 206 201
p 2 0 22 898 530 227
p 2 0 9 911 211 207
p 2 0 4 916 204 200
p 2 3 13 904 1098 233
p 2 0 6 914 220 203
p 2 0 3 917 202 199
p 2 0 25 895 853 229
p 2 0 10 910 221 206
p 2 0 1 919 200 198
p 2 0 22 898 777 225
p 2 0 11 909 215 206
p 2 0 4 916 202 200
p 2 0 24 896 833 228
p 2 0 8 912 219 205
p 2 0 3 917 204 200
p 2 1 20 899 520 235
p 2 0 4 916 204 201
p 2 0 2 918 202 199
p 2 4 10 906 1202 236
p 2 0 6 914 213 202
p 2 0 1 919 198 198
p 2 1 19 900 515 231
p 2 0 5 915 206 201
p 2 0 1 919 199 198
p 2 4 11 905 1199 239
p 2 0 3 917 206 200
p 2 0 2 918 199 199
p 2 0 20 900 793 223
p 2 0 7 913 222 205
p 2 0 10 910 206 204
p 2 0 22 898 827 226
p 2 0 6 914 221 203
p 2 0 3 917 205 200
p 2 0 1 919 199 198
p 2 0 0 920 197 197
p 2 0 0 920 197 197
p 2 0 19 901 772 222
p 2 0 6 914 220 203
p 2 0 15 905 531 220
p 2 0 9 911 220 207
p 2 0 1 919 198 198
p 2 0 0 920 197 197
p 2 0 0 920 197 197
p 2 0 0 920 197 197
p 2 0 0 920 197 197
p 2 4 14 902 1198 240
p 2 0 6 914 216 203
p 2 0 0 920 197 197
p 2 0 21 899 801 226
p 2 0 12 908 231 206
p 2 0 3 917 204 200
p 2 0 23 897 826 228
p 2 0 9 911 221 205
p 2 0 5 915 205 200
p 2 1 19 900 517 231
p 2 0 4 916 208 202
p 2 0 2 918 202 200
p 2 4 10 906 1200 236
p 2 0 7 913 212 202
p 2 0 0 920 197 197
p 2 0 20 900 791 224
p 2 0 12 908 229 208
p 2 0 3 917 203 200
p 2 0 23 897 824 226
p 2 0 10 910 224 207
p 2 0 3 917 203 200
p 2 1 20 899 519 232
p 2 0 5 915 206 201
p 2 0 2 918 200 199
p 2 4 10 906 1194 237
p 2 0 7 913 219 204
p 2 0 1 919 200 198
p 2 0 20 900 801 224
p 2 0 11 909 223 206
p 2 0 2 918 202 199
p 2 0 23 897 840 228
p 2 0 11 909 233 207
p 2 0 2 918 200 198
p 2 0 19 901 774 222
p 2 0 6 914 222 204
p 2 0 2 918 202 199
p 2 0 23 897 838 227
p 2 0 8 912 231 205
p 2 0 4 916 208 201
p 2 0 21 899 786 226
p 2 0 13 907 227 210
p 2 0 3 917 204 200
p 2 0 21 899 535 226
p 2 0 9 911 212 206
p 2 0 7 913 203 202
p 2 3 9 908 1103 231
p 2 0 2 918 202 199
p 2 0 0 920 197 197
p 2 0 22 898 841 225
p 2 0 8 912 228 204
p 2 0 3 917 205 200
p 2 1 19 900 517 232
p 2 0 3 917 202 200
p 2 0 2 918 200 199
p 2 4 10 906 1192 236
p 2 0 6 914 222 204
p 2 0 4 916 205 200
p 2 0 20 900 799 223
p 2 0 6 914 222 203
p 2 0 2 918 202 199
p 2 0 23 897 827 226
p 2 0 9 911 226 206
p 2 0 2 918 200 198
p 2 1 19 900 514 231
p 2 0 3 917 204 200
p 2 0 2 918 200 199
p 2 4 10 906 1194 236
p 2 0 6 914 217 203
p 2 0 0 920 197 197
p 2 0 20 900 800 224
p 2 0 7 913 221 204
p 2 0 2 918 203 199
p 2 0 23 897 830 226
p 2 0 6 914 214 202
p 2 0 0 920 197 197
p 2 0 20 900 775 223
p 2 0 7 913 222 204
p 2 0 1 919 199 198
p 2 0 14 906 526 218
p 2 0 7 913 210 206
p 2 0 1 919 199 198
p 2 3 9 908 1102 232
p 2 0 3 917 208 200
p 2 0 1 919 200 198
p 2 0 22 898 842 225
p 2 0 8 912 232 206
p 2 0 2 918 204 199
p 2 0 21 899 784 230
p 2 0 11 909 223 208
p 2 0 2 918 202 199
p 2 0 22 898 827 228
p 2 0 6 914 217 202
p 2 0 3 917 205 200
p 2 1 20 899 520 234
p 2 0 7 913 204 202
p 2 0 2 918 200 199
p 2 4 15 901 1211 240
p 2 0 5 915 212 202
p 2 0 0 920 197 197
p 2 0 22 898 802 231
p 2 0 9 911 224 207
p 2 0 4 916 212 201
p 2 0 23 897 823 227
p 2 0 8 912 234 204
p 2 0 3 917 205 199
p 2 1 19 900 518 233
p 2 0 4 916 205 201
p 2 0 1 919 198 198
p 2 4 10 906 1199 237
p 2 0 4 916 213 201
p 2 0 0 920 197 197
p 2 0 20 900 801 225
p 2 0 9 911 224 208
p 2 0 0 920 197 197
p 2 0 23 897 830 228
p 2 0 8 912 225 204
p 2 0 1 919 199 198
p 2 0 20 900 794 225
p 2 0 11 909 221 208
p 2 0 8 912 208 203
p 2 0 21 899 532 223
p 2 0 6 914 206 205
p 2 0 5 915 202 200
p 2 3 9 908 1100 231
p 2 0 9 911 209 204
p 2 0 1 919 198 198
p 2 0 22 898 846 225
p 2 0 10 910 222 206
p 2 0 1 919 199 198
p 2 1 19 900 517 231
p 2 0 3 917 202 200
p 2 0 2 918 200 200
p 2 4 15 901 1196 240
p 2 0 6 914 214 203
p 2 0 4 916 205 201
p 2 0 20 900 802 225
p 2 0 10 910 222 205
p 2 0 1 919 199 198
p 2 0 23 897 830 226
p 2 0 8 912 222 205
p 2 0 2 918 203 199
p 2 0 1 919 199 198
p 2 0 1 919 200 198
p 2 0 1 919 199 198
p 2 0 0 920 197 197
p 2 0 20 900 783 224
p 2 0 6 914 218 204
p 2 0 14 906 522 221
p 2 0 7 913 212 205
i 2 920 0 0 73588 4651
p 2 0 216 704 457 379
p 2 0 172 748 350 337
p 2 0 74 846 262 255
p 2 0 84 836 275 266
p 2 0 25 895 218 217
p 2 0 72 848 347 253
p 2 0 17 903 217 209
p 2 0 23 897 219 215
p 2 0 12 908 367 207
p 2 0 9 911 209 204
p 2 0 0 920 197 197
p 2 0 10 910 338 207
p 2 0 1 919 200 199
p 2 0 0 920 197 197
p 2 0 8 912 340 204
p 2 0 8 912 210 203
p 2 0 1 919 198 198
p 2 0 6 914 361 204
p 2 0 2 918 201 199
p 2 0 2 918 199 198
p 2 0 5 915 360 202
p 2 0 2 918 203 199
p 2 0 2 918 199 199
p 2 0 6 914 336 203
p 2 0 2 918 200 199
p 2 0 1 919 198 198
p 2 0 7 913 334 203
p 2 0 4 916 203 200
p 2 0 1 919 199 198
p 2 0 6 914 362 203
p 2 0 6 914 206 201
p 2 0 5 915 207 201
p 2 0 3 917 287 200
p 2 0 9 911 207 204
p 2 0 6 914 203 201
p 2 0 10 910 351 205
p 2 0 3 917 200 199
p 2 0 2 918 198 198
p 2 0 5 915 360 202
p 2 0 2 918 200 199
p 2 0 3 917 203 200
p 2 0 7 913 361 204
p 2 0 3 917 202 200
p 2 0 1 919 198 198
p 2 0 9 911 343 206
p 2 0 2 918 200 199
p 2 0 0 920 197 197
p 2 0 4 916 333 200
p 2 0 2 918 201 199
p 2 0 13 907 210 206
p 2 0 9 911 203 203
p 2 0 6 914 202 200
p 2 0 2 918 199 199
p 2 0 4 916 333 201
p 2 0 1 919 199 198
p 2 0 3 917 298 200
p 2 0 1 919 200 198
p 2 0 3 917 200 200
p 2 0 0 920 197 197
p 2 4 120 796 8133 427
p 2 0 82 838 484 278
p 2 10 122 788 9389 469
p 2 0 94 826 556 293
p 2 13 123 784 10528 507
p 2 0 85 835 511 283
p 2 15 121 784 10661 542
p 2 0 103 817 539 299
p 2 75 114 731 15851 933
p 2 0 102 818 519 309
p 2 38 156 726 18355 832
p 2 0 137 783 637 345
p 2 37 864 19 37447 1727
p 2 309 607 4 78414 3445
p 2 97 819 4 45989 2388
p 2 38 880 2 20439 1906
p 2 305 615 0 43138 3311
p 2 216 704 0 33392 3048
p 2 294 626 0 47083 3421
p 2 330 590 0 35537 3337
p 2 362 558 0 46619 3597
p 2 332 588 0 33913 3434
p 2 287 633 0 31355 3373
p 2 197 723 0 28591 3065
p 2 0 894 26 9807 1588
p 2 0 875 45 8941 1483
p 2 0 862 58 8361 1320
p 2 0 826 94 9015 1321
p 2 0 833 87 8817 1319
p 2 0 810 110 8974 1323
p 2 0 847 73 8994 1338
p 2 0 761 159 8876 1272
p 2 0 809 111 8918 1291
p 2 0 827 93 8973 1338
p 2 0 815 105 9017 1312
p 2 0 772 148 9199 1296
p 2 0 804 116 8747 1297
p 2 0 789 131 9189 1292
p 2 0 809 111 8769 1301
p 2 0 819 101 9591 1344
p 2 0 794 126 8776 1274
p 2 0 770 150 9212 1281
p 2 0 817 103 8925 1295
p 2 0 793 127 9260 1306
p 2 0 775 145 8766 1253
p 2 0 770 150 9158 1301
p 2 0 787 133 9115 1275
p 2 0 795 125 9368 1315
p 2 0 738 182 8683 1203
p 2 0 746 174 9104 1268
p 2 0 739 181 8675 1216
p 2 0 795 125 9679 1314
p 2 0 760 160 8712 1241
p 2 0 792 128 9603 1311
p 2 1 805 114 8674 1281
p 2 0 751 169 9228 1263
p 2 0 788 132 8735 1267
p 2 0 767 153 9229 1271
p 2 0 775 145 8827 1274
p 2 0 756 164 8907 1253
p 2 0 769 151 8879 1259
p 2 0 778 142 8852 1294
p 2 0 749 171 8679 1231
p 2 0 775 145 9313 1299
p 2 0 775 145 8566 1259
p 2 0 798 122 9105 1298
p 2 0 794 126 8778 1278
p 2 0 822 98 9235 1324
p 2 0 791 129 8557 1254
p 2 0 787 133 8939 1291
p 2 0 765 155 8551 1252
p 2 0 775 145 9050 1280
p 2 0 804 116 8951 1286
p 2 0 754 166 8578 1265
p 2 0 804 116 8990 1298
p 2 0 788 132 8997 1302
p 2 0 772 148 8481 1232
p 2 0 790 130 8912 1300
p 2 0 755 165 8899 1244
p 2 0 786 134 9172 1289
p 2 0 729 191 8441 1207
p 2 0 778 142 9277 1281
p 2 0 762 158 8407 1228
p 2 0 815 105 9266 1317
p 2 0 812 108 8973 1293
p 2 0 767 153 8921 1275
p 2 0 818 102 8714 1296
p 2 0 771 149 9045 1272
p 2 0 797 123 8905 1283
p 2 0 777 143 8610 1259
p 2 0 787 133 8916 1267
p 2 0 820 100 8874 1321
p 2 0 761 159 8683 1253
p 2 0 789 131 9129 1298
p 2 0 777 143 8510 1245
p 2 0 834 86 9230 1339
p 2 1 780 139 8446 1259
p 2 0 817 103 8899 1311
p 2 0 819 101 8722 1314
p 2 0 774 146 9050 1275
p 2 0 809 111 8643 1292
p 2 0 795 125 8605 1277
p 2 0 814 106 9044 1312
p 2 0 775 145 8431 1245
p 2 0 770 150 8882 1274
p 2 0 782 138 8727 1267
p 2 0 791 129 9018 1290
p 2 0 799 121 8811 1296
p 2 1 760 159 8834 1245
p 2 0 796 124 8878 1288
p 2 0 765 155 8702 1252
p 2 0 782 138 9200 1290
p 2 0 808 112 8890 1294
p 2 0 796 124 8821 1292
p 2 0 817 103 9040 1290
p 2 0 774 146 8704 1268
p 2 0 805 115 9096 1298
p 2 0 780 140 8500 1247
p 2 0 781 139 9025 1277
p 2 0 807 113 8750 1304
p 2 0 769 151 8691 1246
p 2 0 744 176 8497 1246
p 2 0 779 141 8834 1267
p 2 0 784 136 9005 1278
p 2 0 788 132 8583 1261
p 2 0 782 138 8727 1255
p 2 0 827 93 8836 1308
p 2 0 783 137 8750 1260
p 2 0 813 107 8718 1297
p 2 0 753 167 8622 1253
p 2 0 804 116 8825 1283
p 2 0 781 139 8281 1257
p 2 0 779 141 8892 1265
p 2 0 770 150 8341 1267
p 2 0 774 146 8628 1258
p 2 0 823 97 8813 1305
p 2 0 763 157 8387 1237
p 2 0 747 173 8504 1235
p 2 1 764 155 8653 1247
p 2 0 799 121 8709 1278
p 2 0 797 123 8670 1282
p 2 0 773 147 8553 1261
p 2 0 775 145 8535 1246
p 2 0 807 113 8241 1288
p 2 0 776 144 8887 1251
p 2 0 792 128 8013 1264
p 2 0 788 132 8866 1263
p 2 0 775 145 8219 1252
p 2 0 761 159 8471 1239
p 2 0 786 134 8147 1273
p 2 1 787 132 8667 1258
p 2 0 767 153 8285 1257
p 2 0 762 158 8366 1243
p 2 0 799 121 8644 1287
p 2 0 804 116 8535 1271
p 2 0 747 173 8091 1214
p 2 0 795 125 8523 1270
p 2 0 784 136 8135 1265
p 2 0 741 179 8411 1220
p 2 0 780 140 8014 1257
p 2 0 800 120 8562 1275
p 2 0 788 132 7928 1266
p 2 0 765 155 8593 1239
p 2 0 765 155 8280 1259
p 2 0 775 145 8196 1237
p 2 1 748 171 8361 1233
p 2 0 784 136 8331 1255
p 2 0 778 142 8535 1268
p 2 0 817 103 8432 1274
p 2 0 746 174 8211 1224
p 2 0 794 126 8431 1266
p 2 0 740 180 8399 1228
p 2 0 771 149 8533 1250
p 2 0 757 163 8292 1257
p 2 0 778 142 8886 1257
p 2 0 778 142 8238 1258
p 2 0 761 159 8411 1220
p 2 0 778 142 8526 1271
p 2 0 764 156 8549 1269
p 2 0 752 168 8551 1251
p 2 1 765 154 8492 1245
p 2 0 784 136 8448 1275
p 2 0 847 73 8405 1319
p 2 0 731 189 8408 1214
p 2 0 824 96 8397 1300
p 2 0 748 172 8105 1234
p 2 0 788 132 8833 1282
p 2 0 765 155 8179 1235
p 2 0 767 153 8518 1257
p 2 0 806 114 8779 1296
p 2 0 796 124 8764 1301
p 2 13 898 9 13311 1996
i 2 920 0 0 40139 4690
p 2 552 368 0 51991 4573
p 2 336 584 0 55201 3931
p 2 292 628 0 51963 3591
p 2 283 637 0 54999 3497
p 2 315 605 0 53393 3413
p 2 313 607 0 47718 3157
p 2 213 707 0 35324 2760
p 2 0 639 281 2303 953
p 2 0 339 581 862 555
p 2 0 210 710 491 407
p 2 0 267 653 663 439
p 2 0 238 682 519 405
p 2 0 190 730 405 355
p 2 0 164 756 371 332
p 2 0 132 788 403 313
p 2 0 138 782 386 307
p 2 0 112 808 382 292
p 2 0 55 865 256 241
p 2 0 52 868 254 238
p 2 0 50 870 262 238
p 2 0 44 876 248 234
p 2 0 45 875 284 238
p 2 0 38 882 262 228
p 2 0 47 873 254 234
p 2 0 25 895 232 217
p 2 0 21 899 217 212
p 2 0 41 879 271 229
p 2 0 19 901 224 214
p 2 0 17 903 230 211
p 2 0 5 915 204 201
p 2 0 10 910 215 204
p 2 0 8 912 211 204
p 2 0 5 915 208 202
p 2 0 4 916 204 200
i 2 920 0 0 18245 3507
p 2 0 468 452 623 589
p 2 0 510 410 636 622
p 2 0 247 673 410 403
p 2 56 393 471 9400 945
p 2 0 168 752 503 345
p 2 128 261 531 18096 1346
p 2 0 194 726 704 389
p 2 191 337 392 25095 1821
p 2 0 229 691 842 432
p 2 6 530 384 17148 1116
p 2 0 301 619 1039 492
p 2 3 510 407 14509 1022
p 2 0 327 593 1161 521
p 2 4 504 412 15689 1016
p 2 0 299 621 1122 497
p 2 0 212 708 3958 426
p 2 0 109 811 475 293
p 2 0 62 858 359 255
p 2 0 72 848 347 260
p 2 0 10 910 213 205
p 2 0 12 908 227 207
p 2 0 25 895 254 215
p 2 0 16 904 234 209
p 2 0 27 893 262 219
p 2 0 14 906 230 209
p 2 0 18 902 223 210
p 2 0 32 888 258 223
p 2 0 21 899 251 215
p 2 0 21 899 237 215
p 2 0 8 912 209 202
p 2 0 3 917 202 200
p 2 0 7 913 204 202
p 2 0 2 918 205 199
p 2 0 9 911 217 205
p 2 0 10 910 209 204
p 2 0 3 917 203 200
p 2 0 9 911 208 204
p 2 0 9 911 217 205
p 2 0 12 908 213 205
p 2 0 9 911 213 204
p 2 0 5 915 206 201
p 2 0 5 915 206 202
p 2 0 4 916 205 201
p 2 0 8 912 213 204
p 2 0 10 910 211 205
p 2 0 12 908 220 207
p 2 0 11 909 210 207
p 2 0 1 919 199 199
p 2 0 1 919 198 198
p 2 0 2 918 200 199
p 2 0 2 918 201 199
p 2 0 5 915 205 201
p 2 0 6 914 204 202
p 2 0 1 919 199 198
p 2 0 3 917 203 199
p 2 0 1 919 199 199
p 2 0 2 918 202 199
p 2 0 11 909 210 205
p 2 0 2 918 201 199
p 2 0 2 918 201 199
p 2 0 1 919 198 198
p 2 0 2 918 200 199
p 2 0 2 918 201 199
p 2 0 1 919 199 198
p 2 0 5 915 201 201
p 2 0 3 917 205 201
p 2 0 9 911 212 204
p 2 0 2 918 201 198
p 2 0 7 913 211 203
p 2 0 1 919 198 198
p 2 0 2 918 200 199
p 2 0 0 920 197 197
p 2 0 4 916 202 199
p 2 0 6 914 209 201
p 2 0 12 908 220 207
p 2 0 4 916 199 199
p 2 0 7 913 203 203
p 2 0 4 916 205 200
p 2 0 2 918 200 199
p 2 0 2 918 201 199
p 2 0 1 919 199 198
p 2 0 3 917 203 200
p 2 0 1 919 200 198
p 2 0 1 919 198 198
p 2 0 0 920 197 197
p 2 0 0 920 197 197
p 2 0 0 920 197 197
p 2 0 1 919 200 198
p 2 0 1 919 199 198
p 2 0 0 920 197 197
p 2 0 1 919 199 198
p 2 0 0 920 197 197
p 2 0 31 889 241 218
p 2 0 8 912 212 202
p 2 0 49 871 260 238
p 2 0 533 387 5636 751
p 2 0 693 227 7775 972
p 2 0 793 127 9540 1078
p 2 0 789 131 4189 1006
p 2 0 830 90 7894 1086
p 2 0 836 84 8487 1111
p 2 0 848 72 9590 1142
p 2 0 873 47 4337 1061
p 2 0 888 32 6971 1106
p 2 0 878 42 8290 1150
p 2 0 881 39 9886 1185
p 2 0 871 49 7304 1143
p 2 0 885 35 4719 1118
p 2 0 896 24 9280 1178
p 2 0 888 32 9068 1187
p 2 1 886 33 10468 1240
p 2 1 894 25 7179 1145
p 2 2 901 17 3788 1075
p 2 1 888 31 7652 1129
p 2 1 897 22 8289 1193
p 2 1 902 17 9885 1210
p 2 1 905 14 10174 1232
p 2 1 901 18 7779 1200
p 2 0 905 15 4917 1141
p 2 0 900 20 6197 1153
p 2 0 896 24 8883 1184
p 2 1 900 19 9608 1203
p 2 3 908 9 8846 1241
p 2 0 905 15 9521 1242
p 2 0 894 26 9009 1223
p 2 1 901 18 8027 1153
p 2 0 905 15 5649 1108
p 2 0 888 32 4755 1085
p 2 1 900 19 6728 1093
p 2 2 903 15 8269 1152
p 2 0 907 13 8798 1195
p 2 0 897 23 10207 1243
p 2 3 879 38 9955 1241
p 2 1 900 19 9888 1265
p 2 6 887 27 9628 1238
p 2 2 903 15 10252 1279
p 2 3 908 9 10274 1270
p 2 2 897 21 10737 1273
p 2 1 902 17 10215 1254
p 2 1 897 22 11010 1266
p 2 0 898 22 11160 1235
p 2 2 895 23 10948 1234
p 2 0 909 11 11031 1222
p 2 4 901 15 11137 1218
p 2 0 906 14 10529 1201
p 2 1 898 21 11027 1235
p 2 2 897 21 11096 1217
p 2 0 906 14 10756 1196
p 2 1 908 11 10446 1213
p 2 1 885 34 10578 1192
p 2 0 910 10 9927 1189
p 2 0 908 12 9838 1164
p 2 0 910 10 9442 1149
p 2 0 892 28 9621 1157
p 2 0 901 19 10162 1144
p 2 0 907 13 9136 1142
p 2 1 902 17 8373 1108
p 2 0 906 14 6583 1104
p 2 0 897 23 5015 1013
p 2 0 885 35 4526 1032
p 2 0 894 26 8115 1084
p 2 0 910 10 10197 1159
p 2 0 892 28 10486 1155
p 2 0 908 12 10483 1167
p 2 0 906 14 11509 1189
p 2 1 866 53 10378 1148
p 2 0 881 39 7724 1112
p 2 1 892 27 5313 1088
p 2 0 911 9 9747 1163
p 2 0 915 5 10172 1177
p 2 0 910 10 11293 1176
p 2 0 905 15 11742 1186
p 2 0 898 22 7554 1097
p 2 0 905 15 4180 1049
p 2 0 906 14 8726 1123
p 2 0 893 27 9481 1132
p 2 0 886 34 10895 1160
p 2 0 881 39 9870 1138
p 2 0 865 55 4859 1062
p 2 0 898 22 9442 1140
p 2 0 897 23 9854 1139
p 2 0 882 38 11291 1163
p 2 0 882 38 6666 1050
p 2 0 902 18 4884 1041
p 2 0 884 36 9437 1108
p 2 0 852 68 10514 1109
p 2 0 842 78 8284 1052
p 2 0 841 79 5194 1021
p 2 0 836 84 9672 1063
p 2 0 783 137 10033 1035
p 2 0 439 481 3793 660
p 2 0 248 672 1481 433
p 2 0 94 826 394 278
p 2 0 128 792 439 305
p 2 0 72 848 1044 270
p 2 0 70 850 330 252
p 2 0 49 871 329 242
p 2 0 19 901 245 214
p 2 0 10 910 214 207
p 2 0 15 905 241 210
p 2 0 20 900 882 221
p 2 0 18 902 247 213
p 2 0 8 912 217 204
p 2 0 12 908 793 215
p 2 0 15 905 246 212
p 2 0 9 911 219 205
p 2 0 3 917 205 199
p 2 0 3 917 203 200
p 2 0 1 919 199 198
p 2 0 5 915 208 202
p 2 0 2 918 200 198
p 2 0 23 897 256 215
p 2 0 5 915 209 201
p 2 0 2 918 201 198
p 2 0 0 920 197 197
p 2 51 332 537 29413 1349
p 2 0 235 685 1111 476
p 2 12 411 497 25973 1151
p 2 0 268 652 1227 509
p 2 2 426 492 20249 1001
p 2 0 274 646 1275 503
p 2 2 417 501 21288 976
p 2 0 292 628 1355 514
p 2 0 144 776 622 337
p 2 0 79 841 1526 287
p 2 0 58 862 343 249
p 2 0 35 885 285 230
p 2 2 75 843 1031 300
p 2 0 33 887 272 224
p 2 0 46 874 311 237
p 2 2 26 892 1558 246
p 2 0 39 881 331 235
p 2 0 14 906 229 209
p 2 0 8 912 221 204
p 2 0 6 914 217 203
p 2 0 24 896 251 216
p 2 0 5 915 214 202
p 2 0 16 904 236 211
p 2 0 6 914 210 203
p 2 0 21 899 1143 230
p 2 0 10 910 226 204
p 2 0 9 911 217 204
p 2 1 16 903 649 234
p 2 0 25 895 258 218
p 2 0 16 904 240 212
p 2 0 14 906 239 210
p 2 0 9 911 219 205
p 2 0 4 916 202 200
p 2 0 2 918 203 200
p 2 0 296 624 1276 507
p 2 0 97 823 404 284
p 2 0 36 884 252 224
p 2 0 14 906 227 210
p 2 0 21 899 221 213
p 2 2 17 901 1516 236
p 2 0 13 907 229 209
p 2 0 5 915 209 201
p 2 0 21 899 1139 230
p 2 0 15 905 253 211
p 2 0 7 913 217 203
p 2 0 13 907 1370 220
p 2 0 12 908 237 208
p 2 0 6 914 211 202
p 2 2 22 896 851 247
p 2 0 14 906 230 209
p 2 0 6 914 208 201
p 2 2 12 906 1514 233
p 2 0 10 910 224 206
p 2 0 17 903 219 210
p 2 0 22 898 1126 228
p 2 0 17 903 233 210
p 2 0 7 913 212 202
p 2 0 16 904 1371 224
p 2 0 13 907 239 209
p 2 0 7 913 217 203
p 2 0 7 913 206 202
p 2 0 7 913 208 201
p 2 0 1 919 199 198
p 2 0 14 906 1116 223
p 2 0 9 911 232 205
p 2 0 7 913 215 203
p 2 2 14 904 634 235
p 2 0 9 911 229 205
p 2 0 8 912 217 204
p 2 0 5 915 205 201
p 2 0 1 919 198 198
p 2 0 3 917 201 200
p 2 0 4 916 204 200
p 2 0 7 913 214 203
p 2 0 1 919 199 198
p 2 0 4 916 206 201
p 2 0 2 918 204 198
p 2 0 5 915 209 202
p 2 0 2 918 201 199
p 2 0 4 916 205 201
p 2 0 0 920 197 197
p 2 0 1 919 198 198
p 2 0 2 918 202 199
p 2 0 1 919 199 198
p 2 2 12 906 1521 231
p 2 0 6 914 219 203
p 2 0 2 918 208 199
p 2 0 14 906 1123 223
p 2 0 7 913 229 204
p 2 0 3 917 212 200
p 2 0 15 905 1375 222
p 2 0 7 913 221 203
p 2 0 3 917 205 200
p 2 2 11 907 824 242
p 2 0 6 914 217 203
p 2 0 3 917 201 199
p 2 2 11 907 1508 232
p 2 0 8 912 226 205
p 2 0 6 914 211 202
p 2 0 13 907 1122 225
p 2 0 6 914 236 204
p 2 0 2 918 201 199
p 2 0 13 907 1371 221
p 2 0 8 912 232 206
p 2 0 4 916 206 200
p 2 0 11 909 1130 222
p 2 0 7 913 220 205
p 2 0 3 917 208 200
p 2 1 11 908 640 231
p 2 0 9 911 226 205
p 2 0 2 918 200 200
p 2 2 11 907 1516 233
p 2 0 7 913 222 204
p 2 0 3 917 203 200
p 2 2 10 908 820 234
p 2 0 7 913 225 205
p 2 0 2 918 201 199
p 2 2 12 906 1520 234
p 2 0 7 913 222 204
p 2 0 1 919 200 198
p 2 0 13 907 1108 224
p 2 0 8 912 239 206
p 2 0 4 916 208 200
p 2 0 12 908 1374 222
p 2 0 10 910 224 206
p 2 0 2 918 203 199
p 2 0 0 920 197 197
p 2 0 0 920 197 197
p 2 0 0 920 197 197
p 2 0 0 920 197 197
p 2 0 0 920 197 197
p 2 0 0 920 197 197
p 2 0 11 909 1114 222
p 2 0 8 912 227 204
p 2 2 10 908 623 232
p 2 0 6 914 215 203
p 2 0 3 917 201 200
i 2 920 0 0 43767 3878
p 2 0 411 509 608 519
p 2 11 538 371 16405 909
p 2 0 383 537 860 524
p 2 18 381 521 14899 835
p 2 0 254 666 728 418
p 2 17 341 562 16652 807
p 2 0 197 723 733 385
p 2 17 225 678 17794 746
p 2 0 140 780 714 347
p 2 97 158 665 25896 1139
p 2 0 111 809 619 315
p 2 62 189 669 20063 979
p 2 0 166 754 715 366
p 2 58 218 644 17975 960
p 2 0 223 697 821 415
p 2 1 186 733 6644 473
p 2 0 120 800 530 313
p 2 1 138 781 7246 426
p 2 0 97 823 479 296
p 2 0 62 858 364 255
p 2 0 37 883 643 232
p 2 0 26 894 258 219
p 2 0 25 895 240 219
p 2 0 100 820 790 284
p 2 0 67 853 321 250
p 2 0 26 894 247 217
p 2 0 26 894 255 218
p 2 0 49 871 326 241
p 2 0 25 895 235 216
p 2 0 19 901 239 213
p 2 0 28 892 256 219
p 2 0 18 902 237 212
p 2 0 18 902 597 212
p 2 0 21 899 245 214
p 2 0 4 916 208 201
p 2 0 17 903 660 214
p 2 0 8 912 222 204
p 2 0 5 915 207 200
p 2 0 5 915 214 202
p 2 0 6 914 207 203
p 2 0 5 915 200 200
p 2 0 10 910 210 203
p 2 0 0 920 197 197
p 2 0 8 912 209 203
p 2 0 23 897 624 215
p 2 0 10 910 233 206
p 2 0 7 913 213 203
p 2 0 8 912 628 207
p 2 0 6 914 209 202
p 2 0 3 917 204 200
p 2 0 6 914 574 202
p 2 0 3 917 204 200
p 2 0 8 912 205 203
p 2 0 7 913 588 204
p 2 0 50 870 238 232
p 2 0 4 916 203 201
p 2 1 6 913 647 211
p 2 0 4 916 211 201
p 2 0 2 918 207 199
p 2 0 6 914 712 204
p 2 0 3 917 209 201
p 2 0 1 919 199 198
p 2 0 9 911 592 205
p 2 0 7 913 211 203
p 2 0 2 918 202 199
p 2 0 6 914 577 203
p 2 0 3 917 209 200
p 2 0 4 916 205 200
p 2 1 6 913 648 210
p 2 0 4 916 210 200
p 2 0 2 918 205 199
p 2 0 7 913 717 206
p 2 0 28 892 225 217
p 2 0 1 919 198 198
p 2 0 7 913 585 204
p 2 0 6 914 210 202
p 2 0 2 918 201 199
p 2 0 8 912 574 205
p 2 0 2 918 212 200
p 2 0 3 917 201 200
p 2 0 6 914 569 203
p 2 0 8 912 221 204
p 2 0 13 907 214 207
p 2 0 5 915 634 204
p 2 0 5 915 216 202
p 2 0 2 918 201 199
p 2 0 6 914 609 204
p 2 0 6 914 212 203
p 2 0 1 919 199 198
p 2 0 7 913 617 205
p 2 0 4 916 209 200
p 2 0 1 919 198 198
p 2 0 5 915 571 203
p 2 0 3 917 206 200
p 2 0 3 917 206 200
p 2 0 4 916 577 202
p 2 0 4 916 206 200
p 2 0 1 919 198 198
p 2 1 4 915 642 207
p 2 0 2 918 210 199
p 2 0 2 918 201 199
p 2 0 6 914 714 204
p 2 0 2 918 204 199
p 2 0 1 919 200 198
p 2 0 4 916 584 203
p 2 0 4 916 218 202
p 2 0 3 917 206 200
p 2 0 5 915 574 203
p 2 0 2 918 211 199
p 2 0 1 919 200 198
p 2 1 3 916 635 207
p 2 0 2 918 202 198
p 2 0 0 920 197 197
p 2 0 4 916 706 203
p 2 0 3 917 204 199
p 2 0 0 920 197 197
p 2 0 5 915 585 203
p 2 0 4 916 211 201
p 2 0 0 920 197 197
p 2 0 5 915 576 203
p 2 0 5 915 216 201
p 2 0 0 920 197 197
p 2 0 4 916 566 203
p 2 0 3 917 210 200
p 2 0 1 919 199 198
p 2 0 4 916 630 203
p 2 0 4 916 213 201
p 2 0 1 919 200 198
p 2 0 19 901 619 211
p 2 0 4 916 206 200
p 2 0 0 920 197 197
p 2 0 6 914 619 206
p 2 0 4 916 214 201
p 2 0 2 918 202 199
p 2 0 6 914 574 203
p 2 0 3 917 204 200
p 2 0 1 919 200 198
p 2 0 4 916 572 202
p 2 0 4 916 218 201
p 2 0 2 918 203 199
p 2 1 4 915 638 207
p 2 0 2 918 201 199
p 2 0 0 920 197 197
p 2 0 5 915 709 204
p 2 0 3 917 213 199
p 2 0 1 919 202 198
p 2 0 5 915 584 202
p 2 0 5 915 211 201
p 2 0 1 919 200 198
p 2 0 5 915 573 202
p 2 0 3 917 206 200
p 2 0 0 920 197 197
p 2 0 0 920 197 197
p 2 0 0 920 197 197
p 2 0 0 920 197 197
p 2 0 0 920 197 197
p 2 0 0 920 197 197
p 2 0 5 915 573 202
p 2 0 3 917 206 199
p 2 0 4 916 629 202
i 2 920 0 0 71741 5037
p 2 0 129 791 386 322
p 2 0 105 815 315 291
p 2 0 40 880 243 230
p 2 0 24 896 222 217
p 2 0 9 911 207 205
p 2 0 8 912 204 204
p 2 0 1 919 200 198
p 2 0 4 916 200 200
p 2 0 5 915 204 201
p 2 0 7 913 208 203
p 2 0 7 913 209 204
p 2 1 9 910 567 212
p 2 0 13 907 222 206
p 2 0 9 911 210 204
p 2 0 16 904 597 213
p 2 0 8 912 225 204
p 2 0 8 912 217 204
p 2 0 18 902 400 220
p 2 0 9 911 210 204
p 2 0 2 918 201 199
p 2 1 7 912 675 213
p 2 0 7 913 217 203
p 2 0 5 915 210 202
p 2 0 15 905 509 213
p 2 0 12 908 232 208
p 2 0 9 911 212 204
p 2 0 11 909 579 210
p 2 0 7 913 220 204
p 2 0 5 915 212 202
p 2 0 14 906 383 219
p 2 0 12 908 224 213
p 2 0 10 910 210 205
p 2 1 11 908 677 216
p 2 0 7 913 215 203
p 2 0 5 915 207 202
p 2 0 16 904 514 215
p 2 0 11 909 213 206
p 2 0 8 912 209 204
p 2 0 15 905 580 214
p 2 0 8 912 218 204
p 2 0 2 918 202 199
p 2 0 15 905 502 214
p 2 0 11 909 226 211
p 2 0 6 914 208 203
p 2 0 13 907 337 215
p 2 0 11 909 215 206
p 2 0 9 911 210 204
p 2 1 11 908 673 216
p 2 0 5 915 210 201
p 2 0 2 918 200 199
p 2 0 11 909 501 210
p 2 0 8 912 214 204
p 2 0 8 912 207 202
p 2 0 12 908 573 210
p 2 0 4 916 209 200
p 2 0 2 918 200 198
p 2 0 0 920 197 197
p 2 0 1 919 200 198
p 2 0 1 919 198 198
p 2 3 177 740 12466 588
p 2 0 127 793 675 328
p 2 8 176 736 10872 571
p 2 0 130 790 673 331
p 2 0 191 729 8858 523
p 2 0 124 796 643 327
p 2 0 80 840 711 277
p 2 0 23 897 260 220
p 2 0 44 876 300 237
p 2 0 24 896 471 219
p 2 0 29 891 298 225
p 2 0 29 891 270 223
p 2 0 15 905 262 216
p 2 0 9 911 214 205
p 2 0 17 903 239 211
p 2 0 13 907 602 210
p 2 0 24 896 255 217
p 2 0 12 908 232 208
p 2 0 20 900 408 218
p 2 0 11 909 230 207
p 2 0 4 916 208 200
p 2 0 7 913 423 205
p 2 0 5 915 218 202
p 2 0 5 915 211 203
p 2 0 7 913 245 208
p 2 0 3 917 203 200
p 2 0 4 916 201 200
p 2 0 7 913 584 205
p 2 0 8 912 221 204
p 2 0 7 913 211 203
p 2 0 10 910 390 209
p 2 0 4 916 207 202
p 2 0 3 917 204 200
p 2 0 6 914 422 204
p 2 0 5 915 217 202
p 2 0 1 919 199 198
p 2 0 5 915 346 204
p 2 0 3 917 211 200
p 2 0 1 919 202 198
p 2 0 4 916 252 205
p 2 0 1 919 198 198
p 2 0 1 919 198 198
p 2 0 7 913 507 204
p 2 0 1 919 203 199
p 2 0 5 915 209 201
p 2 0 5 915 422 203
p 2 0 2 918 202 198
p 2 0 1 919 199 198
p 2 0 7 913 349 206
p 2 0 5 915 207 201
p 2 0 4 916 205 200
p 2 0 7 913 421 204
p 2 0 17 903 238 211
p 2 0 4 916 205 200
p 2 0 8 912 252 210
p 2 0 5 915 213 201
p 2 0 2 918 202 199
p 2 0 6 914 583 205
p 2 0 3 917 205 200
p 2 0 1 919 199 198
p 2 0 8 912 370 207
p 2 0 1 919 202 199
p 2 0 0 920 197 197
p 2 0 5 915 417 204
p 2 0 2 918 202 199
p 2 0 0 920 197 197
p 2 0 4 916 239 208
p 2 0 3 917 199 199
p 2 0 3 917 199 199
p 2 0 5 915 579 203
p 2 0 3 917 205 199
p 2 0 2 918 201 199
p 2 0 6 914 365 205
p 2 0 4 916 207 200
p 2 0 6 914 207 202
p 2 0 5 915 253 207
p 2 0 5 915 201 201
p 2 0 2 918 201 199
p 2 0 4 916 201 200
p 2 0 0 920 197 197
p 2 0 1 919 198 198
p 2 0 0 920 197 197
p 2 0 0 920 197 197
p 2 0 0 920 197 197
p 2 0 3 917 493 202
p 2 0 2 918 202 198
p 2 0 2 918 203 199
p 2 0 6 914 424 204
p 2 0 3 917 209 200
p 2 0 0 920 197 197
p 2 0 5 915 349 203
p 2 0 3 917 210 200
p 2 0 1 919 201 198
p 2 0 5 915 416 203
p 2 0 3 917 207 200
p 2 0 2 918 201 199
p 2 0 3 917 237 205
p 2 0 2 918 201 200
p 2 0 0 920 197 197
p 2 0 5 915 581 203
p 2 0 3 917 211 200
p 2 0 1 919 200 198
p 2 0 3 917 238 206
p 2 0 2 918 199 198
p 2 0 1 919 200 198
p 2 0 3 917 576 201
p 2 0 1 919 199 198
p 2 0 0 920 197 197
p 2 0 5 915 362 204
p 2 0 1 919 203 198
p 2 0 1 919 200 198
p 2 0 5 915 419 204
p 2 0 4 916 209 200
p 2 0 1 919 200 198
p 2 0 0 920 197 197
p 2 0 0 920 197 197
p 2 0 5 915 352 204
p 2 0 2 918 206 199
p 2 0 3 917 252 205
i 2 920 0 0 46684 4269
p 2 0 237 683 512 408
p 2 49 585 286 31790 1534
p 2 0 309 611 1233 516
p 2 65 474 381 33815 1529
p 2 0 319 601 1240 529
p 2 52 445 423 34682 1460
p 2 0 300 620 1340 517
p 2 61 439 420 38209 1575
p 2 0 307 613 1387 543
p 2 2 211 707 1305 430
p 2 0 131 789 419 319
p 2 4 86 830 1595 305
p 2 0 72 848 329 260
p 2 0 128 792 487 310
p 2 1 85 834 1344 303
p 2 0 50 870 301 239
p 2 0 29 891 246 223
p 2 2 25 893 1447 243
p 2 0 31 889 272 224
p 2 0 47 873 344 240
p 2 2 38 880 834 260
p 2 0 19 901 245 213
p 2 0 33 887 260 225
p 2 4 43 873 1522 265
p 2 0 50 870 340 243
p 2 0 19 901 236 212
p 2 1 27 892 1179 245
p 2 0 22 898 279 220
p 2 0 22 898 241 216
p 2 2 54 864 1524 267
p 2 0 18 902 260 213
p 2 0 14 906 228 209
p 2 1 19 900 1169 239
p 2 0 27 893 285 224
p 2 0 22 898 266 215
p 2 2 23 895 682 241
p 2 0 15 905 243 214
p 2 0 16 904 223 211
p 2 1 12 907 1279 226
p 2 0 24 896 251 219
p 2 0 13 907 221 208
p 2 2 16 902 1448 233
p 2 0 14 906 249 211
p 2 0 12 908 222 206
p 2 1 35 884 1195 251
p 2 0 17 903 253 214
p 2 0 15 905 232 211
p 2 2 14 904 1456 232
p 2 0 16 904 248 212
p 2 0 13 907 226 207
p 2 2 16 902 778 240
p 2 0 13 907 224 210
p 2 0 8 912 217 204
p 2 4 12 904 1450 238
p 2 0 12 908 248 208
p 2 0 13 907 231 210
p 2 1 19 900 1165 239
p 2 0 13 907 255 212
p 2 0 14 906 237 211
p 2 2 14 904 1430 234
p 2 0 15 905 252 212
p 2 0 10 910 215 206
p 2 2 11 907 776 240
p 2 0 10 910 227 208
p 2 0 7 913 210 205
p 2 4 7 909 1437 234
p 2 0 7 913 229 203
p 2 0 3 917 217 200
p 2 1 11 908 1160 232
p 2 0 10 910 250 209
p 2 0 5 915 212 201
p 2 2 10 908 1427 230
p 2 0 13 907 239 210
p 2 0 3 917 206 200
p 2 1 16 903 1158 234
p 2 0 11 909 253 211
p 2 0 8 912 228 205
p 2 2 13 905 630 230
p 2 0 12 908 228 209
p 2 0 9 911 216 206
p 2 1 10 909 1265 224
p 2 0 12 908 233 210
p 2 0 8 912 221 204
p 2 2 15 903 1445 233
p 2 0 7 913 228 205
p 2 0 3 917 204 199
p 2 1 10 909 1152 230
p 2 0 11 909 239 209
p 2 0 3 917 209 200
p 2 2 8 910 1434 228
p 2 0 7 913 229 204
p 2 0 4 916 206 200
p 2 2 11 907 773 234
p 2 0 7 913 213 204
p 2 0 5 915 212 202
p 2 4 7 909 1444 234
p 2 0 6 914 216 202
p 2 0 3 917 203 199
p 2 1 10 909 1148 232
p 2 0 10 910 248 209
p 2 0 5 915 219 202
p 2 2 8 910 1425 228
p 2 0 7 913 219 203
p 2 0 3 917 203 200
p 2 2 10 908 770 233
p 2 0 8 912 214 206
p 2 0 5 915 202 201
p 2 4 6 910 1436 233
p 2 0 5 915 216 202
p 2 0 2 918 200 199
p 2 2 8 910 770 232
p 2 0 6 914 208 202
p 2 0 2 918 200 199
p 2 4 6 910 1436 233
p 2 0 6 914 224 204
p 2 0 2 918 201 199
p 2 1 9 910 1141 230
p 2 0 6 914 224 204
p 2 0 3 917 208 201
p 2 2 8 910 1435 228
p 2 0 9 911 222 205
p 2 0 5 915 203 201
p 2 18 427 475 30854 1213
p 2 0 327 593 1463 551
p 2 1 430 489 25983 1020
p 2 0 375 545 3177 637
p 2 1 443 476 25008 999
p 2 0 320 600 1425 541
p 2 0 171 749 650 356
p 2 0 89 831 411 276
p 2 0 45 875 297 236
p 2 0 24 896 248 216
p 2 0 6 914 210 203
p 2 0 7 913 209 204
p 2 79 354 487 30457 1422
p 2 0 280 640 1265 500
p 2 0 107 813 423 293
p 2 47 370 503 24104 1129
p 2 0 257 663 1242 469
p 2 0 155 765 635 342
p 2 33 365 522 23591 1026
p 2 0 260 660 1178 463
p 2 0 118 802 520 303
p 2 17 376 527 31015 1165
p 2 0 296 624 1302 507
p 2 0 127 793 486 312
p 2 21 365 534 26917 1110
p 2 0 300 620 1310 512
p 2 0 145 775 569 330
p 2 21 394 505 28665 1194
p 2 0 277 643 1145 489
p 2 0 107 813 424 293
p 2 19 402 499 30802 1186
p 2 0 274 646 1309 494
p 2 0 132 788 556 321
p 2 1 97 822 2618 309
p 2 0 52 868 346 245
p 2 0 53 867 353 245
p 2 2 64 854 2030 300
p 2 0 31 889 276 225
p 2 0 22 898 249 217
p 2 3 33 884 2360 267
p 2 0 26 894 290 222
p 2 0 35 885 321 227
p 2 0 38 882 1893 258
p 2 0 26 894 301 222
p 2 0 16 904 248 211
p 2 1 35 884 1977 255
p 2 0 34 886 293 225
p 2 0 23 897 255 215
p 2 2 43 875 2075 272
p 2 0 25 895 272 221
p 2 0 18 902 257 213
p 2 3 28 889 2505 268
p 2 0 24 896 294 218
p 2 0 12 908 239 207
p 2 0 10 910 245 207
p 2 17 400 503 34648 1276
p 2 0 279 641 1342 504
p 2 19 401 500 30135 1201
p 2 0 307 613 1404 538
p 2 19 444 457 32874 1257
p 2 0 320 600 1369 540
p 2 40 272 608 10699 786
p 2 0 149 771 629 339
p 2 35 187 698 10877 702
p 2 0 142 778 644 338
p 2 32 180 708 10969 671
p 2 0 91 829 477 283
p 2 0 60 860 356 253
p 2 2 60 858 1422 288
p 2 0 99 821 490 288
p 2 0 42 878 292 232
p 2 1 50 869 918 267
p 2 0 42 878 317 233
p 2 0 41 879 300 233
p 2 0 26 894 257 217
p 2 0 13 907 226 207
p 2 0 7 913 213 203
p 2 0 15 905 231 208
p 2 0 2 918 203 199
p 2 0 14 906 229 208
p 2 0 3 917 202 200
p 2 0 5 915 210 201
p 2 0 1 919 200 198
p 2 0 4 916 201 200
p 2 167 364 389 44935 2135
p 2 0 278 642 1130 499
p 2 0 132 788 450 318
p 2 157 363 400 40987 2032
p 2 0 302 618 1112 507
p 2 0 158 762 506 342
p 2 126 375 419 37910 1858
p 2 0 323 597 1277 545
p 2 0 197 723 663 393
p 2 26 428 466 30554 1299
p 2 0 299 621 1268 527
p 2 0 127 793 498 317
p 2 20 405 495 29747 1242
p 2 0 316 604 1359 549
p 2 0 152 768 517 339
p 2 61 367 492 34402 1476
p 2 0 267 653 1182 509
p 2 0 137 783 489 323
p 2 49 353 518 34316 1404
p 2 0 264 656 1191 480
p 2 0 115 805 505 309
p 2 66 328 526 34693 1456
p 2 0 246 674 1118 476
p 2 0 119 801 462 311
p 2 67 294 559 33082 1417
p 2 0 223 697 991 433
p 2 0 112 808 452 302
p 2 0 44 876 274 236
p 2 0 34 886 255 224
p 2 0 23 897 230 214
p 2 0 18 902 224 211
p 2 0 10 910 212 205
i 2 920 0 0 42179 4080
p 2 0 158 762 379 330
p 2 0 88 832 273 266
p 2 220 592 108 48180 2798
p 2 0 449 471 1384 690
p 2 0 203 717 546 390
p 2 208 655 57 49475 2824
p 2 0 456 464 1414 665
p 2 0 244 676 613 413
p 2 245 604 71 53947 3025
p 2 0 450 470 1448 692
p 2 0 214 706 583 396
p 2 246 620 54 57775 3060
p 2 0 445 475 1417 666
p 2 0 204 716 522 378
p 2 112 713 95 50063 2444
p 2 0 533 387 1680 743
p 2 0 292 628 766 466
p 2 95 741 84 52590 2440
p 2 0 521 399 1673 734
p 2 0 274 646 654 439
p 2 85 711 124 50071 2312
p 2 0 522 398 1615 732
p 2 0 199 721 539 380
p 2 86 689 145 50074 2250
p 2 0 501 419 1563 711
p 2 0 237 683 637 416
p 2 158 577 185 51453 2469
p 2 0 462 458 1410 668
p 2 0 192 728 507 373
p 2 73 699 148 43950 2039
p 2 0 463 457 1567 672
p 2 64 668 188 41045 1967
p 2 0 432 488 1516 644
p 2 6 325 589 7756 642
p 2 0 201 719 608 378
p 2 0 287 633 8377 564
p 2 0 157 763 598 344
p 2 0 94 826 360 280
p 2 0 83 837 1031 282
p 2 0 62 858 369 255
p 2 0 68 852 323 254
p 2 0 59 861 856 255
p 2 0 47 873 281 237
p 2 0 25 895 248 218
p 2 0 28 892 885 229
p 2 0 35 885 324 230
p 2 0 23 897 249 217
p 2 0 34 886 830 241
p 2 0 13 907 243 211
p 2 0 10 910 221 205
p 2 0 15 905 1169 222
p 2 0 20 900 266 216
p 2 0 26 894 263 219
p 2 0 23 897 864 227
p 2 0 6 914 227 203
p 2 0 9 911 216 205
p 2 0 12 908 838 216
p 2 0 9 911 232 206
p 2 0 9 911 220 204
p 2 0 10 910 763 221
p 2 0 6 914 216 203
p 2 0 4 916 206 201
p 2 0 11 909 1174 222
p 2 0 11 909 244 208
p 2 0 4 916 204 200
p 2 0 10 910 798 214
p 2 0 7 913 232 204
p 2 0 4 916 210 201
p 2 0 8 912 822 214
p 2 0 8 912 220 204
p 2 0 3 917 201 200
p 2 0 1 919 200 198
p 2 0 2 918 202 198
p 2 0 2 918 201 198
p 2 0 1 919 198 198
p 2 0 2 918 202 199
i 2 920 0 0 90137 5232
p 2 8 427 485 5386 769
p 2 19 494 407 10120 1030
p 2 18 537 365 12526 1153
p 2 11 555 354 17589 1202
p 2 31 580 309 17512 1325
p 2 36 556 328 18246 1379
p 2 21 563 336 18953 1302
p 2 31 555 334 18169 1362
p 2 22 568 330 16863 1313
p 2 35 583 302 21524 1448
p 2 49 539 332 16546 1432
p 2 11 563 346 19241 1326
p 2 29 559 332 18729 1328
p 2 37 575 308 21100 1459
p 2 62 548 310 18978 1480
p 2 19 559 342 17557 1253
p 2 17 575 328 18510 1262
p 2 34 558 328 19167 1357
p 2 49 544 327 21758 1483
p 2 29 561 330 19811 1357
p 2 33 576 311 18253 1370
p 2 32 550 338 17626 1295
p 2 45 530 345 17211 1322
p 2 29 556 335 19391 1320
p 2 32 535 353 15767 1312
p 2 25 543 352 15700 1261
p 2 33 543 344 18979 1355
p 2 43 560 317 21989 1484
p 2 31 558 331 19911 1380
p 2 28 542 350 17151 1336
p 2 26 549 345 19749 1344
p 2 45 523 352 19129 1387
p 2 32 533 355 17541 1268
p 2 17 545 358 16999 1251
p 2 22 545 353 16777 1238
p 2 27 556 337 19642 1349
p 2 45 526 349 18135 1399
p 2 21 556 343 20141 1328
p 2 34 532 354 18056 1358
p 2 38 504 378 15081 1291
i 2 920 0 0 45797 4271
p 2 0 338 582 574 502
p 2 0 341 579 501 485
p 2 0 163 757 342 330
p 2 0 115 805 299 290
p 2 0 65 855 254 248
p 2 0 42 878 231 229
p 2 0 25 895 218 215
p 2 0 12 908 209 207
p 2 0 8 912 204 203
p 2 0 7 913 202 202
p 2 0 1 919 198 198
p 2 0 7 913 202 202
p 2 0 1 919 198 198
p 2 0 2 918 199 198
p 2 0 10 910 517 206
p 2 0 5 915 206 202
p 2 0 0 920 197 197
p 2 0 15 905 632 214
p 2 0 8 912 211 203
p 2 0 20 900 212 210
p 2 0 16 904 326 214
p 2 0 13 907 209 209
p 2 0 9 911 203 203
p 2 0 14 906 715 210
p 2 0 11 909 213 205
p 2 0 1 919 199 199
p 2 0 14 906 427 211
p 2 0 2 918 204 199
p 2 0 1 919 199 198
p 2 0 16 904 627 215
p 2 0 16 904 220 209
p 2 0 6 914 217 204
p 2 1 6 913 307 212
p 2 0 5 915 204 204
p 2 0 0 920 197 197
p 2 0 11 909 712 209
p 2 0 4 916 218 202
p 2 0 3 917 202 200
p 2 0 10 910 429 210
p 2 0 3 917 207 200
p 2 0 1 919 200 198
p 2 1 10 909 298 215
p 2 0 2 918 201 199
p 2 0 5 915 202 201
p 2 0 0 920 197 197
p 2 0 2 918 199 199
p 2 0 2 918 199 199
p 2 0 3 917 199 199
p 2 0 0 920 197 197
p 2 0 0 920 197 197
p 2 0 2 918 200 199
p 2 0 4 916 202 201
p 2 0 2 918 199 199
p 2 0 3 917 200 200
p 2 0 1 919 198 198
p 2 0 9 911 521 206
p 2 0 1 919 198 198
p 2 0 14 906 630 213
p 2 0 3 917 213 201
p 2 0 10 910 312 211
p 2 0 11 909 210 208
p 2 0 4 916 202 201
p 2 0 8 912 720 206
p 2 0 4 916 212 202
p 2 0 0 920 197 197
p 2 0 10 910 427 209
p 2 0 3 917 211 200
p 2 0 0 920 197 197
p 2 0 10 910 623 211
p 2 0 10 910 219 204
p 2 0 3 917 202 199
p 2 0 9 911 431 209
p 2 0 5 915 214 201
p 2 0 8 912 288 206
p 2 0 4 916 202 201
p 2 0 5 915 201 201
p 2 0 3 917 199 199
p 2 0 8 912 521 205
p 2 0 3 917 207 200
p 2 0 1 919 199 198
p 2 0 11 909 627 211
p 2 0 3 917 205 200
p 2 0 2 918 201 199
p 2 1 9 910 296 215
p 2 0 4 916 202 202
p 2 0 0 920 197 197
p 2 0 4 916 713 205
p 2 0 4 916 211 201
p 2 0 1 919 199 198
p 2 0 9 911 426 208
p 2 0 2 918 200 198
p 2 0 3 917 201 200
p 2 0 10 910 623 210
p 2 0 3 917 207 200
p 2 0 1 919 199 198
p 2 1 6 913 291 212
p 2 0 6 914 207 204
p 2 0 1 919 200 198
p 2 0 7 913 709 204
p 2 0 4 916 210 201
p 2 0 2 918 204 199
p 2 0 9 911 433 208
p 2 0 1 919 199 198
p 2 0 0 920 197 197
p 2 0 10 910 623 210
p 2 0 3 917 210 201
p 2 0 1 919 200 198
p 2 0 0 920 197 197
p 2 0 0 920 197 197
p 2 0 0 920 197 197
p 2 0 0 920 197 197
p 2 0 0 920 197 197
p 2 0 0 920 197 197
p 2 10 62 848 5382 349
p 2 0 39 881 331 238
p 2 11 344 565 26327 942
p 2 0 236 684 1065 440
p 2 2 368 550 23605 848
p 2 0 285 635 2675 540
p 2 1 331 588 23556 822
p 2 0 238 682 1188 453
p 2 0 109 811 452 295
p 2 0 57 863 367 248
p 2 0 37 883 279 229
p 2 0 30 890 265 222
p 2 0 12 908 246 207
p 2 0 16 904 252 211
p 2 0 7 913 240 203
p 2 0 6 914 221 203
p 2 0 5 915 234 203
i 2 920 0 0 48366 4319
p 2 0 221 699 466 391
p 2 0 270 650 467 421
p 2 11 473 436 29086 1199
p 2 0 406 514 1425 609
p 2 0 162 758 562 344
p 2 15 503 402 28983 1227
p 2 0 321 599 1287 535
p 2 0 115 805 454 302
p 2 1 412 507 28246 1070
p 2 0 306 614 1337 531
p 2 0 155 765 620 344
p 2 7 421 492 29208 1087
p 2 0 272 648 1236 494
p 2 0 145 775 598 333
p 2 0 84 836 1656 293
p 2 0 68 852 360 255
p 2 0 51 869 308 241
p 2 3 63 854 921 287
p 2 0 30 890 265 226
p 2 0 21 899 236 217
p 2 3 28 889 1437 250
p 2 0 58 862 348 252
p 2 0 59 861 321 246
p 2 0 53 867 1326 263
p 2 0 18 902 251 212
p 2 0 24 896 241 217
p 2 0 35 885 1537 247
p 2 0 52 868 337 245
p 2 0 25 895 252 218
p 2 3 30 887 795 255
p 2 0 18 902 244 213
p 2 0 30 890 288 224
p 2 3 24 893 1438 248
p 2 0 22 898 258 215
p 2 0 7 913 213 203
p 2 0 16 904 1208 232
p 2 0 12 908 248 209
p 2 0 22 898 252 214
p 2 0 23 897 1488 233
p 2 0 18 902 244 213
p 2 0 14 906 236 209
p 2 0 12 908 218 206
p 2 0 6 914 212 202
p 2 0 6 914 211 203
p 2 0 2 918 203 199
p 2 0 17 903 1197 234
p 2 0 9 911 237 206
p 2 1 26 893 704 239
p 2 0 13 907 230 213
p 2 0 4 916 204 201
p 2 0 10 910 214 205
p 2 0 5 915 204 201
p 2 0 8 912 213 204
p 2 1 16 903 1130 230
p 2 0 8 912 213 204
p 2 0 3 917 204 200
p 2 0 14 906 1480 226
p 2 0 11 909 238 208
p 2 0 3 917 203 200
p 2 0 17 903 1262 233
p 2 0 11 909 250 210
p 2 0 2 918 200 199
p 2 0 17 903 1494 230
p 2 0 10 910 237 207
p 2 0 4 916 217 201
p 2 0 15 905 1204 232
p 2 0 8 912 232 205
p 2 0 5 915 218 201
p 2 1 10 909 683 228
p 2 0 5 915 208 202
p 2 0 3 917 202 201
p 2 1 9 910 1116 223
p 2 0 9 911 224 205
p 2 0 0 920 197 197
p 2 0 14 906 1493 227
p 2 0 10 910 231 207
p 2 0 5 915 211 202
p 2 2 11 907 812 236
p 2 0 7 913 215 206
p 2 0 3 917 202 200
p 2 3 10 907 1398 233
p 2 0 9 911 233 207
p 2 0 6 914 210 203
p 2 0 16 904 1266 232
p 2 0 11 909 230 206
p 2 0 6 914 209 202
p 2 0 17 903 1497 231
p 2 0 9 911 222 206
p 2 0 6 914 203 201
p 2 0 13 907 1252 230
p 2 0 13 907 246 210
p 2 0 10 910 209 204
p 2 1 12 907 674 230
p 2 0 6 914 212 203
p 2 0 6 914 204 202
p 2 1 10 909 1120 226
p 2 0 5 915 230 204
p 2 0 2 918 201 199
p 2 0 14 906 1493 228
p 2 0 9 911 234 206
p 2 0 3 917 214 200
p 2 0 15 905 1201 234
p 2 0 13 907 246 210
p 2 0 1 919 199 198
p 2 0 14 906 1486 227
p 2 0 11 909 236 209
p 2 0 4 916 205 200
p 2 2 14 904 802 240
p 2 0 6 914 211 205
p 2 0 10 910 207 205
p 2 3 11 906 1394 237
p 2 0 3 917 208 201
p 2 0 3 917 214 200
p 2 0 13 907 1238 230
p 2 0 12 908 245 209
p 2 0 2 918 205 199
p 2 0 14 906 1488 228
p 2 0 9 911 234 207
p 2 0 3 917 214 201
p 2 2 12 906 808 237
p 2 0 12 908 234 210
p 2 0 4 916 204 201
p 2 3 12 905 1396 238
p 2 0 9 911 229 206
p 2 0 3 917 203 200
p 2 0 14 906 1264 231
p 2 0 13 907 245 209
p 2 0 7 913 215 202
p 2 0 15 905 1485 227
p 2 0 10 910 227 207
p 2 0 2 918 212 199
p 2 0 14 906 1202 232
p 2 0 12 908 239 209
p 2 0 5 915 205 200
p 2 0 11 909 688 222
p 2 0 9 911 226 208
p 2 0 5 915 205 202
p 2 2 9 909 1041 229
p 2 0 6 914 223 205
p 2 0 0 920 197 197
p 2 0 14 906 1501 228
p 2 0 9 911 241 207
p 2 0 4 916 208 201
p 2 3 10 907 749 238
p 2 0 8 912 220 207
p 2 0 5 915 203 202
p 2 3 11 906 1397 237
p 2 0 6 914 228 204
p 2 0 1 919 200 198
p 2 2 11 907 798 235
p 2 0 7 913 212 205
p 2 0 5 915 205 202
p 2 3 11 906 1402 235
p 2 0 5 915 214 202
p 2 0 1 919 200 198
p 2 0 13 907 1199 230
p 2 0 8 912 223 205
p 2 0 4 916 204 201
p 2 0 14 906 1475 228
p 2 0 10 910 238 207
p 2 0 4 916 216 201
p 2 0 1 919 201 199
p 2 0 13 907 1259 232
p 2 0 10 910 246 208
p 2 1 9 910 677 225
p 2 0 8 912 219 206
i 2 920 0 0 80709 4865
p 2 0 757 163 33776 1338
p 2 0 815 105 38324 1409
p 2 0 769 151 32597 1329
p 2 0 804 116 34530 1375
p 2 0 804 116 30692 1348
p 2 0 806 114 30328 1334
p 2 0 807 113 25437 1291
p 2 0 813 107 24610 1290
p 2 6 815 99 26099 1348
p 2 0 819 101 20038 1259
p 2 0 786 134 20643 1216
p 2 1 829 90 22836 1294
p 2 0 803 117 19798 1222
p 2 0 834 86 19692 1248
p 2 1 830 89 20666 1260
p 2 0 832 88 19527 1242
p 2 0 826 94 20640 1239
p 2 0 839 81 23578 1281
p 2 0 827 93 22202 1269
p 2 0 832 88 22406 1271
p 2 3 822 95 24724 1329
p 2 0 832 88 24546 1303
p 2 0 836 84 26443 1341
p 2 3 847 70 29710 1413
p 2 0 826 94 28349 1365
p 2 0 853 67 28957 1387
p 2 0 820 100 33526 1415
p 2 0 851 69 31528 1410
p 2 0 838 82 33136 1443
p 2 0 849 71 36969 1434
p 2 0 821 99 35026 1426
p 2 0 840 80 37290 1464
p 2 0 822 98 37974 1480
p 2 0 845 75 35654 1476
p 2 0 834 86 38917 1492
p 2 0 854 66 39330 1514
p 2 0 834 86 39429 1493
p 2 0 866 54 38875 1514
p 2 0 858 62 41118 1512
p 2 0 856 64 40861 1528
p 2 0 866 54 41188 1539
p 2 0 864 56 41143 1536
p 2 0 857 63 39627 1545
p 2 0 865 55 40230 1537
p 2 2 848 70 48465 1667
p 2 0 861 59 39448 1505
p 2 1 864 55 50044 1641
p 2 0 869 51 36468 1497
p 2 4 855 61 48885 1640
p 2 0 869 51 34235 1497
p 2 9 852 59 47174 1642
p 2 0 860 60 29557 1465
p 2 0 865 55 25487 1400
p 2 0 878 42 24914 1391
p 2 0 840 80 22782 1359
p 2 0 865 55 24165 1373
p 2 0 860 60 21061 1392
p 2 0 854 66 20675 1372
p 2 0 870 50 24912 1439
p 2 0 875 45 34802 1479
p 2 0 858 62 37025 1485
p 2 0 856 64 37761 1519
p 2 0 840 80 41243 1525
p 2 0 859 61 40633 1534
p 2 0 840 80 40965 1535
p 2 0 879 41 40646 1562
p 2 0 821 99 41204 1516
p 2 0 814 106 39119 1440
p 2 0 805 115 32083 1343
p 2 0 775 145 30132 1236
p 2 0 710 210 10480 1017
p 2 0 636 284 3870 850
p 2 0 478 442 2034 669
p 2 1 358 561 17137 749
p 2 0 186 734 1152 390
p 2 3 386 531 16608 786
p 2 0 349 571 1477 549
p 2 3 401 516 17540 810
p 2 0 223 697 1038 425
p 2 2 321 597 17979 730
p 2 0 285 635 1182 484
p 2 0 276 644 1088 464
p 2 0 186 734 746 368
p 2 0 179 741 717 364
p 2 0 52 868 324 242
p 2 0 79 841 382 263
p 2 1 79 840 917 273
p 2 0 110 810 555 298
p 2 0 77 843 414 264
p 2 1 76 843 1106 280
p 2 0 53 867 344 243
p 2 0 108 812 494 296
p 2 2 50 868 832 257
p 2 0 27 893 255 219
p 2 0 48 872 321 241
p 2 2 71 847 1022 273
p 2 0 55 865 344 245
p 2 0 29 891 272 220
p 2 0 29 891 1022 231
p 2 0 12 908 231 206
p 2 0 9 911 214 203
p 2 1 8 911 938 215
p 2 0 12 908 226 207
p 2 0 7 913 213 203
p 2 0 9 911 217 203
p 2 0 5 915 208 201
p 2 0 3 917 202 199
p 2 0 5 915 206 201
p 2 0 29 891 224 216
p 2 0 4 916 205 200
p 2 0 4 916 205 199
p 2 0 2 918 203 199
i 2 920 0 0 16396 3366
p 2 236 531 153 33087 2462
p 2 264 568 88 45944 3142
p 2 190 704 26 53172 3145
p 2 153 747 20 58670 3104
p 2 132 781 7 59310 3117
p 2 67 813 40 38321 2280
p 2 67 807 46 37985 2166
p 2 75 783 62 37472 2118
p 2 84 761 75 36521 2152
p 2 63 795 62 35791 2109
p 2 52 791 77 37055 2056
p 2 76 774 70 37497 2179
p 2 52 778 90 37200 1981
p 2 60 802 58 36909 2123
p 2 79 770 71 37068 2165
p 2 69 771 80 36100 2102
p 2 52 781 87 35283 2013
p 2 44 797 79 37749 2024
p 2 63 771 86 34747 2033
p 2 75 775 70 39062 2180
p 2 59 782 79 35988 2047
p 2 56 798 66 37014 2031
p 2 58 783 79 36460 1996
p 2 101 744 75 37909 2257
p 2 83 770 67 33582 2106
p 2 43 810 67 36738 1989
p 2 96 751 73 36973 2209
p 2 61 793 66 39348 2099
p 2 51 792 77 38445 2076
p 2 63 781 76 37712 2138
p 2 46 795 79 37067 2006
p 2 75 779 66 38398 2230
p 2 63 789 68 38559 2151
p 2 71 789 60 36082 2134
p 2 51 765 104 35162 1991
p 2 70 777 73 35771 2051
p 2 45 794 81 36439 1989
p 2 72 790 58 36999 2144
p 2 71 791 58 39432 2209
p 2 73 773 74 37217 2119
p 2 80 773 67 34797 2161
p 2 57 804 59 38904 2126
p 2 60 792 68 35004 2047
p 2 47 803 70 37161 2035
p 2 85 759 76 37535 2196
p 2 48 808 64 37048 2030
p 2 56 794 70 35606 2032
p 2 75 790 55 37662 2167
p 2 66 766 88 35889 2069
p 2 68 759 93 34817 2046
p 2 88 759 73 38240 2134
p 2 46 806 68 37347 2061
p 2 56 782 82 35085 2005
p 2 71 776 73 38550 2177
p 2 71 776 73 38940 2113
p 2 70 775 75 35817 2084
p 2 84 762 74 39373 2247
p 2 78 774 68 40397 2251
p 2 78 764 78 35790 2140
p 2 64 787 69 38389 2106
p 2 45 803 72 36909 2003
p 2 61 781 78 36496 2093
p 2 80 762 78 38329 2182
p 2 71 787 62 37787 2198
p 2 53 790 77 37220 2074
p 2 67 796 57 40531 2241
p 2 72 766 82 35080 2101
p 2 65 795 60 36576 2055
p 2 76 776 68 39466 2196
p 2 80 768 72 38371 2185
p 2 66 772 82 34491 2046
p 2 62 799 59 39199 2140
p 2 71 772 77 35101 2094
p 2 38 804 78 34243 1881
p 2 39 785 96 35850 1976
p 2 54 782 84 38060 2035
p 2 57 774 89 35565 2011
p 2 78 776 66 40208 2237
p 2 70 754 96 37695 2114
p 2 55 800 65 39384 2104
p 2 80 766 74 41001 2236
p 2 78 774 68 38151 2188
p 2 43 800 77 34808 1950
p 2 68 779 73 36240 2150
p 2 63 759 98 35390 2008
p 2 52 792 76 39107 2056
p 2 105 735 80 41035 2267
p 2 60 777 83 39261 2064
p 2 65 759 96 35977 2066
p 2 68 782 70 38506 2225
p 2 61 761 98 37807 2007
p 2 70 772 78 36491 2068
p 2 53 793 74 41319 2122
p 2 78 785 57 39917 2244
p 2 46 785 89 36741 1981
p 2 80 765 75 36584 2159
p 2 53 790 77 36605 2035
p 2 68 783 69 37601 2088
p 2 67 761 92 37224 2127
p 2 60 784 76 37011 2091
i 2 920 0 0 39043 4145
p 2 0 828 92 11397 1173
p 2 0 860 60 13170 1209
p 2 0 847 73 13200 1191
p 2 0 874 46 13480 1231
p 2 0 860 60 13589 1221
p 2 0 864 56 13677 1235
p 2 0 865 55 13526 1215
p 2 0 870 50 13761 1233
p 2 0 852 68 14056 1222
p 2 0 858 62 13982 1232
p 2 0 832 88 13803 1205
p 2 0 861 59 13762 1224
p 2 0 842 78 13841 1211
p 2 0 856 64 13925 1212
p 2 0 855 65 13946 1222
p 2 0 854 66 13762 1240
p 2 0 849 71 13870 1232
p 2 0 846 74 13622 1206
p 2 0 820 100 13897 1207
p 2 0 836 84 13686 1201
p 2 0 826 94 14058 1217
p 2 0 819 101 13977 1195
p 2 0 813 107 14077 1197
p 2 0 836 84 13851 1206
p 2 0 829 91 14020 1206
p 2 0 829 91 13990 1203
p 2 0 829 91 14234 1217
p 2 0 810 110 14062 1200
p 2 0 817 103 14395 1204
p 2 0 822 98 14078 1202
p 2 0 814 106 14313 1212
p 2 0 818 102 13972 1213
p 2 0 834 86 14064 1241
p 2 0 814 106 13870 1213
p 2 0 831 89 14068 1212
p 2 0 835 85 13749 1214
p 2 0 827 93 13943 1210
p 2 0 827 93 13980 1209
p 2 0 841 79 13924 1222
p 2 0 836 84 13898 1216
p 2 0 852 68 14169 1238
p 2 0 842 78 13973 1226
p 2 0 839 81 14184 1245
p 2 0 844 76 13947 1220
p 2 0 842 78 14343 1251
p 2 0 855 65 14148 1242
p 2 0 855 65 14207 1248
p 2 0 857 63 14321 1254
p 2 0 858 62 14023 1236
p 2 0 860 60 14495 1260
p 2 0 868 52 14342 1266
p 2 0 868 52 14523 1244
p 2 0 864 56 14624 1244
p 2 0 861 59 14439 1258
p 2 0 876 44 14847 1265
p 2 0 877 43 14464 1249
p 2 0 872 48 14917 1264
p 2 0 864 56 14480 1261
p 2 0 875 45 14739 1255
p 2 0 872 48 14456 1247
p 2 0 865 55 14402 1249
p 2 0 865 55 14381 1246
p 2 0 866 54 14320 1265
p 2 0 871 49 14293 1259
p 2 0 868 52 14008 1238
p 2 0 871 49 14084 1233
p 2 0 876 44 14231 1256
p 2 0 879 41 14405 1238
p 2 0 870 50 14109 1242
p 2 0 869 51 14277 1233
p 2 0 867 53 14102 1232
p 2 0 879 41 14136 1237
p 2 0 875 45 14177 1250
p 2 0 884 36 13946 1253
p 2 0 864 56 13884 1226
p 2 0 870 50 14000 1227
p 2 0 872 48 13913 1225
p 2 0 874 46 14078 1236
p 2 0 868 52 13917 1218
p 2 0 860 60 13886 1204
p 2 0 857 63 13786 1204
p 2 0 867 53 14002 1218
i 2 920 0 0 93947 5324
p 2 0 153 767 417 334
p 2 0 91 829 297 275
p 2 0 49 871 247 238
p 2 0 35 885 235 226
p 2 0 12 908 211 208
p 2 0 23 897 216 213
p 2 0 14 906 216 208
p 2 0 8 912 205 203
p 2 0 7 913 208 203
p 2 0 7 913 208 203
p 2 0 10 910 215 207
p 2 0 6 914 206 202
p 2 0 4 916 200 200
p 2 0 2 918 199 198
p 2 0 7 913 209 203
p 2 0 1 919 199 198
p 2 0 2 918 200 198
p 2 0 0 920 197 197
p 2 0 6 914 206 202
p 2 0 4 916 202 200
p 2 0 2 918 199 198
p 2 0 6 914 208 202
p 2 0 5 915 204 200
p 2 0 7 913 209 202
p 2 0 7 913 208 203
p 2 0 6 914 206 202
p 2 0 12 908 214 206
p 2 0 3 917 202 201
p 2 0 1 919 200 199
p 2 0 6 914 206 202
p 2 0 3 917 202 200
p 2 0 3 917 203 200
p 2 0 0 920 197 197
p 2 0 2 918 200 199
p 2 0 4 916 201 200
p 2 0 2 918 200 199
p 2 0 0 920 197 197
p 2 0 9 911 206 203
p 2 0 6 914 202 201
p 2 0 12 908 210 206
p 2 0 4 916 207 200
p 2 0 3 917 204 200
p 2 0 2 918 201 199
p 2 0 2 918 201 199
p 2 0 0 920 197 197
p 2 0 3 917 202 199
p 2 0 2 918 201 199
p 2 0 3 917 203 200
p 2 0 1 919 199 198
p 2 0 0 920 197 197
p 2 0 4 916 204 201
p 2 0 3 917 202 200
p 2 0 2 918 200 200
p 2 0 0 920 197 197
p 2 0 2 918 198 198
p 2 0 2 918 200 198
p 2 0 2 918 200 199
p 2 0 4 916 200 200
p 2 0 2 918 202 198
p 2 0 0 920 197 197
p 2 0 0 920 197 197
p 2 0 0 920 197 197
p 2 0 2 918 199 199
p 2 0 1 919 198 198
p 2 0 0 920 197 197
p 2 0 3 917 202 200
p 2 0 2 918 200 198
p 2 0 1 919 199 198
p 2 0 0 920 197 197
p 2 0 0 920 197 197
p 2 0 0 920 197 197
p 2 0 2 918 201 199
p 2 0 0 920 197 197
p 2 0 0 920 197 197
p 2 0 1 919 199 199
p 2 0 0 920 197 197
p 2 0 2 918 201 199
p 2 0 3 917 204 201
p 2 0 1 919 200 198
p 2 0 2 918 201 199
p 2 0 0 920 197 197
p 2 0 1 919 199 199
p 2 0 2 918 201 200
p 2 0 1 919 199 198
p 2 0 0 920 197 197
p 2 0 1 919 198 198
p 2 0 0 920 197 197
p 2 0 0 920 197 197
p 2 0 0 920 197 197
p 2 0 0 920 197 197
p 2 0 1 919 200 198
p 2 0 1 919 199 198
p 2 0 1 919 198 198
p 2 0 1 919 198 198
p 2 0 1 919 199 198
p 2 0 0 920 197 197
p 2 0 1 919 199 198
p 2 0 1 919 198 198
p 2 0 1 919 199 198
p 2 0 1 919 199 198
p 2 0 0 920 197 197
p 2 0 0 920 197 197
p 2 0 0 920 197 197
p 2 0 0 920 197 197
p 2 0 0 920 197 197
p 2 0 0 920 197 197
p 2 0 0 920 197 197
p 2 0 0 920 197 197
p 2 0 0 920 197 197
p 2 0 0 920 197 197
p 2 0 0 920 197 197
p 2 0 0 920 197 197
p 2 0 0 920 197 197
p 2 0 0 920 197 197
p 2 0 0 920 197 197
p 2 0 0 920 197 197
p 2 0 0 920 197 197
p 2 0 0 920 197 197
i 2 920 0 0 39456 4011
p 2 0 757 163 9139 1039
p 2 0 781 139 11275 1079
p 2 0 753 167 11883 1094
p 2 0 714 206 12102 1082
p 2 0 732 188 12282 1114
p 2 0 763 157 12432 1132
p 2 0 756 164 12469 1134
p 2 0 737 183 12505 1125
p 2 0 742 178 12905 1152
p 2 0 748 172 12447 1134
p 2 0 761 159 12709 1152
p 2 0 791 129 12682 1164
p 2 0 752 168 12858 1139
p 2 0 749 171 12797 1139
p 2 0 750 170 12913 1138
p 2 0 746 174 12865 1143
p 2 0 753 167 12647 1136
p 2 0 761 159 12615 1151
p 2 0 744 176 12575 1134
p 2 0 764 156 12484 1146
p 2 0 739 181 12730 1136
p 2 0 740 180 12388 1135
p 2 0 756 164 12514 1155
p 2 0 761 159 12717 1143
p 2 0 738 182 12502 1125
p 2 0 756 164 12378 1142
p 2 0 750 170 12930 1158
p 2 0 778 142 12460 1142
p 2 0 757 163 12637 1159
p 2 0 774 146 12678 1168
p 2 0 754 166 12502 1150
p 2 0 779 141 12275 1141
p 2 0 748 172 12625 1156
p 2 0 772 148 12635 1143
p 2 0 732 188 12519 1129
p 2 0 769 151 12773 1153
p 2 0 744 176 12363 1122
p 2 0 770 150 12500 1150
p 2 0 754 166 12388 1144
p 2 0 746 174 12372 1123
p 2 0 736 184 12429 1127
p 2 0 747 173 12361 1119
p 2 0 732 188 12372 1120
p 2 0 747 173 12111 1112
p 2 0 747 173 12299 1137
p 2 0 758 162 12130 1126
p 2 0 758 162 12213 1142
p 2 0 741 179 12420 1103
p 2 0 739 181 12406 1127
p 2 0 739 181 12150 1112
p 2 0 724 196 12480 1108
p 2 0 740 180 12221 1100
p 2 0 714 206 12388 1105
p 2 0 731 189 12178 1110
p 2 0 719 201 12473 1127
p 2 0 709 211 12189 1095
p 2 0 721 199 12496 1110
p 2 0 705 215 12256 1098
p 2 0 724 196 12503 1128
p 2 0 717 203 12290 1089
p 2 0 693 227 12599 1107
p 2 0 694 226 12324 1094
p 2 0 704 216 12358 1091
p 2 0 702 218 12379 1089
p 2 0 702 218 12516 1117
p 2 0 700 220 12354 1093
p 2 0 676 244 12333 1073
p 2 0 724 196 12446 1117
p 2 0 673 247 12610 1097
p 2 0 722 198 12442 1109
p 2 0 703 217 12756 1139
p 2 0 718 202 12513 1106
p 2 0 696 224 12610 1111
p 2 0 714 206 12682 1119
p 2 0 708 212 12845 1129
p 2 0 730 190 12662 1125
p 2 0 694 226 12690 1116
p 2 0 735 185 13034 1156
p 2 0 701 219 12776 1129
p 2 0 730 190 12816 1126
p 2 0 701 219 12669 1113
p 2 0 715 205 13044 1136
p 2 0 692 228 12834 1130
p 2 0 709 211 12965 1144
p 2 0 678 242 12697 1102
p 2 0 721 199 13096 1151
p 2 0 687 233 12720 1123
p 2 0 729 191 12913 1148
p 2 0 705 215 12735 1134
p 2 0 716 204 13002 1133
p 2 0 700 220 12721 1129
p 2 0 704 216 12847 1114
p 2 0 725 195 12791 1147
p 2 0 708 212 12794 1119
p 2 0 704 216 12790 1129
p 2 0 719 201 12852 1133
p 2 0 694 226 12919 1130
p 2 0 717 203 12976 1136
p 2 0 677 243 13067 1114
p 2 0 710 210 12919 1119
p 2 0 674 246 13036 1113
p 2 0 730 190 13014 1142
p 2 0 686 234 12950 1111
p 2 0 700 220 12999 1107
p 2 0 684 236 12987 1114
p 2 0 720 200 13140 1124
p 2 0 689 231 13027 1105
p 2 0 676 244 13187 1083
p 2 0 698 222 12964 1105
p 2 0 676 244 13160 1078
p 2 0 684 236 12979 1101
p 2 0 718 202 13061 1107
p 2 0 708 212 13026 1118
p 2 0 709 211 13168 1103
p 2 0 718 202 13071 1138
p 2 0 692 228 13068 1094
p 2 0 711 209 13206 1132
p 2 0 726 194 13041 1115
i 2 920 0 0 20206 3094
p 2 4 916 0 7139 1398
p 2 7 913 0 5073 1280
p 2 10 910 0 6022 1326
p 2 10 910 0 7010 1321
p 2 10 910 0 7912 1354
p 2 8 912 0 8253 1361
p 2 8 912 0 7906 1365
p 2 0 920 0 7267 1298
p 2 0 920 0 6788 1300
p 2 6 914 0 6490 1307
p 2 8 912 0 6506 1337
p 2 5 915 0 6419 1335
p 2 5 915 0 7010 1358
p 2 3 917 0 7629 1375
p 2 6 914 0 7951 1369
p 2 8 912 0 7381 1365
p 2 8 912 0 7077 1366
p 2 5 915 0 6371 1323
p 2 8 912 0 6049 1332
p 2 8 912 0 5237 1284
p 2 4 916 0 6213 1330
p 2 2 917 1 7042 1326
p 2 1 919 0 8325 1347
p 2 3 917 0 9950 1352
p 2 2 918 0 11408 1367
p 2 6 914 0 12046 1399
p 2 2 918 0 12118 1388
p 2 13 907 0 12741 1460
p 2 5 915 0 13399 1396
p 2 4 916 0 13135 1407
p 2 3 916 1 13693 1420
p 2 2 918 0 14322 1399
p 2 2 918 0 14468 1395
p 2 2 918 0 11862 1337
p 2 2 918 0 11345 1345
p 2 1 919 0 9668 1281
p 2 5 915 0 6218 1216
p 2 6 914 0 4848 1164
p 2 2 918 0 9075 1250
p 2 4 916 0 14101 1332
p 2 5 915 0 15232 1372
p 2 0 920 0 15516 1357
p 2 0 920 0 13698 1373
p 2 2 918 0 14864 1357
p 2 0 920 0 15268 1403
p 2 0 920 0 12591 1364
p 2 0 920 0 8748 1315
p 2 0 920 0 6586 1282
p 2 1 919 0 13171 1329
p 2 0 920 0 14376 1375
p 2 2 918 0 14081 1360
p 2 0 920 0 14710 1355
p 2 0 920 0 13670 1326
p 2 2 918 0 8934 1232
p 2 0 920 0 3636 1119
p 2 1 919 0 9477 1183
p 2 0 920 0 11559 1282
p 2 0 920 0 12573 1313
p 2 0 920 0 14133 1318
p 2 1 919 0 8092 1249
p 2 0 920 0 7203 1199
p 2 0 920 0 11425 1257
p 2 0 920 0 12065 1247
p 2 0 920 0 9649 1194
p 2 0 920 0 3363 1096
p 2 0 918 2 13187 1245
p 2 0 917 3 11412 1233
p 2 0 917 3 8970 1225
p 2 0 910 10 7350 1172
p 2 0 817 103 9819 1162
p 2 0 654 266 6183 923
p 2 0 350 570 1169 532
p 2 0 196 724 601 374
p 2 0 127 793 434 308
p 2 0 77 843 322 263
p 2 0 33 887 250 224
p 2 0 28 892 231 220
p 2 0 18 902 215 211
p 2 0 51 869 334 241
p 2 0 10 910 217 206
p 2 0 4 916 203 201
p 2 0 0 920 197 197
i 2 920 0 0 77731 5007
p 2 0 171 749 433 354
p 2 0 116 804 300 290
p 2 0 39 881 226 225
p 2 0 34 886 227 225
p 2 0 10 910 208 205
p 2 0 6 914 205 202
p 2 0 10 910 210 205
p 2 0 10 910 213 205
p 2 0 7 913 206 202
p 2 0 10 910 211 206
p 2 0 10 910 208 203
p 2 0 8 912 333 206
p 2 0 6 914 211 203
p 2 0 8 912 209 203
p 2 0 7 913 281 204
p 2 0 4 916 203 201
p 2 0 2 918 203 199
p 2 0 6 914 302 202
p 2 0 6 914 211 202
p 2 0 3 917 202 200
p 2 0 5 915 203 201
p 2 0 3 917 202 199
p 2 0 3 917 201 199
p 2 0 5 915 202 200
p 2 0 4 916 201 201
p 2 0 4 916 203 201
p 2 0 7 913 205 202
p 2 0 5 915 258 202
p 2 0 5 915 202 202
p 2 0 2 918 200 199
p 2 0 2 918 199 198
p 2 0 5 915 205 201
p 2 0 2 918 200 199
p 2 0 2 918 199 199
p 2 0 0 920 197 197
p 2 0 4 916 306 202
p 2 0 2 918 201 199
p 2 0 0 920 197 197
p 2 0 3 917 306 200
p 2 0 3 917 208 200
p 2 0 4 916 202 199
p 2 0 3 917 281 200
p 2 0 2 918 202 199
p 2 0 0 920 197 197
p 2 0 2 918 296 199
p 2 0 0 920 197 197
p 2 0 0 920 197 197
p 2 0 6 914 265 205
p 2 0 3 917 200 200
p 2 0 6 914 210 203
p 2 0 4 916 335 201
p 2 0 6 914 216 203
p 2 0 1 919 198 198
p 2 0 5 915 286 202
p 2 0 4 916 208 201
p 2 0 2 918 198 198
p 2 0 4 916 262 202
p 2 0 4 916 205 201
p 2 0 2 918 199 199
p 2 0 1 919 198 198
p 2 0 0 920 197 197
p 2 0 1 919 198 198
p 2 0 4 916 342 201
p 2 0 2 918 204 200
p 2 0 1 919 198 198
p 2 0 1 919 277 198
p 2 0 2 918 202 200
p 2 0 1 919 199 198
p 2 0 3 917 297 200
p 2 0 3 917 206 200
p 2 0 0 920 197 197
p 2 0 4 916 280 202
p 2 0 3 917 205 200
p 2 0 2 918 201 199
p 2 0 5 915 267 203
p 2 0 2 918 201 200
p 2 0 1 919 198 198
p 2 0 2 918 335 201
p 2 0 2 918 205 199
p 2 0 0 920 197 197
p 2 0 2 918 258 201
p 2 0 2 918 200 199
p 2 0 0 920 197 197
p 2 0 2 918 333 201
p 2 0 1 919 205 199
p 2 0 2 918 199 199
p 2 0 1 919 277 199
p 2 0 2 918 200 199
p 2 0 1 919 198 198
p 2 0 1 919 295 199
p 2 0 1 919 199 199
p 2 0 0 920 197 197
p 2 0 0 920 197 197
p 2 0 0 920 197 197
p 2 0 0 920 197 197
p 2 0 0 920 197 197
p 2 0 1 919 276 199
p 2 0 2 918 205 200
p 2 0 3 917 263 201
p 2 0 4 916 206 201
p 2 0 1 919 198 198
p 2 0 1 919 198 198
p 2 0 2 918 199 199
p 2 0 1 919 198 198
p 2 0 1 919 199 198
p 2 0 1 919 198 198
p 2 0 0 920 197 197
p 2 0 0 920 197 197
p 2 0 0 920 197 197
p 2 0 0 920 197 197
p 2 0 0 920 197 197
p 2 0 0 920 197 197
p 2 0 0 920 197 197
p 2 0 0 920 197 197
p 2 0 0 920 197 197
p 2 0 0 920 197 197
p 2 0 0 920 197 197
p 2 0 0 920 197 197
p 2 0 1 919 199 198
p 2 0 2 918 259 199
p 2 0 2 918 202 199
p 2 0 1 919 199 198
p 2 0 3 917 269 201
p 2 0 1 919 199 198
p 2 0 0 920 197 197
p 2 0 2 918 268 200
p 2 0 4 916 204 200
p 2 0 1 919 199 198
p 2 0 2 918 267 199
p 2 0 2 918 201 199
p 2 0 3 917 202 200
p 2 0 2 918 265 200
p 2 0 1 919 199 198
p 2 0 0 920 197 197
p 2 0 2 918 266 200
p 2 0 0 920 197 197
p 2 0 0 920 197 197
p 2 0 2 918 250 199
p 2 0 1 919 200 198
p 2 0 2 918 201 200
p 2 0 4 916 253 200
p 2 0 0 920 197 197
p 2 0 0 920 197 197
p 2 0 1 919 198 198
p 2 0 0 920 197 197
p 2 0 0 920 197 197
p 2 0 0 920 197 197
p 2 0 0 920 197 197
p 2 0 0 920 197 197
p 2 0 2 918 248 199
p 2 0 1 919 200 198
p 2 0 2 918 261 200
p 2 0 0 920 197 197
p 2 0 0 920 197 197
i 2 920 0 0 37278 3816
p 2 0 902 18 11635 1376
p 2 0 914 6 12145 1374
p 2 0 913 7 11613 1352
p 2 0 918 2 12406 1330
p 2 0 909 11 12349 1350
p 2 0 906 14 12272 1317
p 2 0 907 13 13337 1360
p 2 0 914 6 12987 1392
p 2 0 909 11 12229 1388
p 2 0 911 9 12974 1380
p 2 0 912 8 12864 1385
p 2 0 910 10 12831 1381
p 2 0 906 14 13737 1389
p 2 0 910 10 13153 1413
p 2 0 910 10 13239 1431
p 2 0 910 10 14355 1448
p 2 0 901 19 13473 1422
p 2 0 914 6 13493 1428
p 2 0 914 6 13801 1421
p 2 0 911 9 13766 1436
p 2 0 902 18 13795 1441
p 2 0 906 14 14437 1459
p 2 0 903 17 13755 1449
p 2 0 911 9 14774 1442
p 2 0 909 11 14745 1461
p 2 0 911 9 14232 1453
p 2 0 914 6 14672 1465
p 2 0 911 9 14389 1486
p 2 0 914 6 14011 1476
p 2 0 907 13 15015 1471
p 2 0 907 13 15210 1464
p 2 0 914 6 14611 1469
p 2 0 912 8 15719 1460
p 2 0 912 8 14841 1501
p 2 0 909 11 14195 1489
p 2 0 914 6 14837 1492
p 2 0 907 13 14709 1459
p 2 0 914 6 14765 1470
p 2 0 914 6 15684 1462
p 2 0 912 8 15077 1490
p 2 0 915 5 14613 1506
p 2 0 913 7 14796 1513
p 2 0 912 8 14711 1494
p 2 0 910 10 14695 1480
p 2 0 909 11 15414 1497
p 2 0 913 7 15032 1488
p 2 0 911 9 15178 1482
p 2 0 917 3 15049 1509
p 2 0 906 14 14588 1489
p 2 0 912 8 14785 1473
p 2 0 904 16 14991 1487
p 2 0 913 7 14627 1491
p 2 0 912 8 15175 1481
p 2 0 909 11 14833 1508
p 2 0 913 7 14659 1508
p 2 0 903 17 15160 1477
p 2 0 913 7 15037 1485
p 2 0 906 14 14915 1484
p 2 0 916 4 15115 1478
p 2 0 911 9 14653 1493
p 2 0 914 6 14385 1509
p 2 0 906 14 15297 1490
p 2 0 911 9 14691 1480
p 2 0 911 9 14747 1463
p 2 0 910 10 15031 1479
p 2 0 916 4 14643 1484
p 2 0 908 12 14569 1493
p 2 0 912 8 14482 1510
p 2 0 904 16 14257 1493
p 2 0 912 8 14755 1452
i 2 920 0 0 57732 4780
p 2 0 204 716 565 402
p 2 0 160 760 398 346
p 2 0 66 854 294 258
p 2 0 66 854 276 251
p 2 0 33 887 232 223
p 2 0 24 896 230 217
p 2 0 10 910 222 207
p 2 0 17 903 225 210
p 2 0 15 905 219 208
p 2 0 20 900 224 215
p 2 0 11 909 213 206
p 2 0 9 911 214 205
p 2 0 12 908 217 208
p 2 0 16 904 218 208
p 2 0 8 912 205 204
p 2 0 11 909 208 205
p 2 0 5 915 202 200
p 2 0 4 916 204 201
p 2 0 8 912 209 203
p 2 0 4 916 202 201
p 2 0 2 918 199 199
p 2 0 1 919 198 198
p 2 0 1 919 198 198
p 2 0 4 916 206 201
p 2 0 5 915 203 201
p 2 0 0 920 197 197
p 2 0 6 914 208 203
p 2 0 7 913 206 203
p 2 0 4 916 208 202
p 2 0 5 915 204 201
p 2 0 1 919 202 199
p 2 0 3 917 200 200
p 2 0 2 918 201 199
p 2 0 3 917 200 200
p 2 0 164 756 1133 379
p 2 1 586 333 13803 1123
p 2 18 622 280 20596 1526
p 2 89 551 280 31423 2171
p 2 265 350 305 45000 2891
p 2 191 441 288 55329 2515
p 2 215 396 309 43573 2373
p 2 235 476 209 61522 2966
p 2 136 782 2 74106 3142
p 2 39 881 0 56803 2460
p 2 26 893 1 47594 2251
p 2 29 887 4 40071 2065
p 2 17 884 19 22119 1829
p 2 7 907 6 22344 1797
p 2 9 894 17 21510 1763
p 2 11 873 36 20227 1713
p 2 4 885 31 19449 1704
p 2 5 880 35 18842 1696
p 2 9 862 49 17643 1643
p 2 5 849 66 17215 1612
p 2 3 867 50 16496 1595
p 2 6 858 56 15360 1590
p 2 1 833 86 14182 1498
p 2 3 818 99 13541 1500
p 2 4 838 78 13383 1515
p 2 2 831 87 12844 1476
p 2 1 764 155 11613 1356
p 2 0 807 113 11346 1401
p 2 1 808 111 11174 1384
p 2 0 787 133 10257 1322
p 2 0 665 255 9007 1130
p 2 0 720 200 8680 1186
p 2 1 743 176 8394 1227
p 2 1 699 220 7675 1149
p 2 0 611 309 6668 1019
p 2 1 620 299 6286 1013
p 2 1 644 275 6148 1026
p 2 0 721 199 6371 1126
p 2 0 597 323 5557 948
p 2 0 535 385 4699 847
p 2 0 498 422 4479 800
p 2 2 481 437 3889 777
p 2 1 360 559 3172 625
p 2 0 382 538 2805 642
p 2 0 400 520 2654 650
p 2 0 390 530 2369 638
p 2 0 238 682 1768 478
p 2 0 269 651 1517 499
p 2 0 289 631 1556 514
p 2 0 250 670 1306 467
p 2 0 152 768 1014 371
p 2 0 169 751 927 380
p 2 0 174 746 873 386
p 2 0 142 778 686 355
p 2 0 158 762 686 369
p 2 0 237 683 810 437
p 2 0 141 779 475 332
p 2 0 93 827 358 285
p 2 0 71 849 356 263
p 2 0 68 852 328 263
p 2 0 49 871 293 240
p 2 0 28 892 245 222
p 2 0 10 910 215 208
p 2 0 14 906 217 207
p 2 0 11 909 214 207
p 2 0 8 912 208 205
p 2 0 5 915 206 202
p 2 0 9 911 208 204
p 2 0 8 912 213 205
p 2 0 6 914 207 202
p 2 0 6 914 207 203
p 2 0 3 917 202 200
p 2 0 1 919 198 198
i 2 920 0 0 79877 5405
p 2 7 721 192 30282 1463
p 2 6 717 197 35133 1456
p 2 9 711 200 35223 1464
p 2 10 720 190 35233 1477
p 2 44 695 181 44850 1748
p 2 49 766 105 48937 2050
p 2 37 844 39 46686 2123
p 2 25 891 4 47935 2189
p 2 26 890 4 45953 2144
p 2 16 895 9 44432 2076
p 2 19 881 20 42274 1980
p 2 17 889 14 41252 1945
p 2 10 899 11 41093 1901
p 2 10 895 15 41686 1955
p 2 10 883 27 42261 1907
p 2 14 884 22 42284 1966
p 2 14 889 17 42648 1942
p 2 17 893 10 42818 1955
p 2 9 902 9 43345 1943
p 2 11 898 11 43595 1937
p 2 23 885 12 43416 1953
p 2 23 891 6 44001 1987
p 2 16 894 10 44045 1991
p 2 19 892 9 43107 2022
p 2 15 895 10 43553 1967
p 2 17 892 11 43115 1943
p 2 17 892 11 43481 1981
p 2 16 891 13 43762 2004
p 2 17 894 9 43165 1974
p 2 15 894 11 43308 1948
p 2 22 889 9 43955 1988
p 2 27 887 6 44858 2026
p 2 25 890 5 45751 2059
p 2 24 889 7 46388 2059
p 2 29 883 8 46056 2078
p 2 22 895 3 47034 2103
p 2 23 892 5 47818 2098
p 2 23 894 3 46593 2075
p 2 32 879 9 47175 2104
p 2 28 884 8 46299 2084
p 2 20 891 9 45643 2048
p 2 12 904 4 45910 2014
p 2 13 901 6 46177 2014
p 2 14 904 2 45116 1981
p 2 16 902 2 45432 1987
p 2 16 899 5 45404 2003
p 2 13 901 6 45229 2004
p 2 15 901 4 45935 2024
p 2 18 895 7 47176 2019
p 2 16 895 9 46594 2016
p 2 25 886 9 46608 2025
p 2 18 891 11 45498 1975
p 2 16 894 10 45994 1952
p 2 22 886 12 45490 1956
p 2 18 894 8 46408 1973
p 2 18 899 3 46330 1997
p 2 20 895 5 48608 2025
p 2 18 898 4 47997 2050
p 2 18 900 2 49201 2055
p 2 14 900 6 48856 2029
p 2 7 910 3 49034 2009
p 2 18 899 3 47925 2017
p 2 14 900 6 48419 2035
p 2 13 906 1 47379 2024
p 2 15 903 2 46846 2016
p 2 12 905 3 47315 2035
p 2 12 904 4 47810 2017
p 2 16 897 7 47871 2023
p 2 17 898 5 49259 2031
p 2 18 896 6 48445 2019
p 2 24 891 5 49001 2057
p 2 21 895 4 49229 2036
p 2 15 903 2 48814 2043
p 2 20 899 1 49590 2058
p 2 20 897 3 50337 2086
p 2 20 898 2 50170 2100
p 2 28 890 2 50068 2140
p 2 22 895 3 50603 2104
p 2 25 894 1 49526 2111
p 2 30 887 3 49591 2125
p 2 19 898 3 50301 2064
p 2 17 901 2 49920 2084
p 2 26 892 2 50261 2102
p 2 22 895 3 50021 2099
p 2 26 890 4 49114 2058
p 2 16 899 5 48398 2020
p 2 18 899 3 48488 2003
p 2 17 900 3 48513 1984
p 2 20 895 5 49396 2034
p 2 16 902 2 49619 2046
p 2 25 892 3 49496 2039
p 2 16 900 4 48571 1967
p 2 18 901 1 48591 2000
p 2 19 896 5 49103 1999
p 2 19 897 4 48605 2017
p 2 31 887 2 48512 2057
p 2 34 879 7 49190 2082
p 2 19 897 4 48298 2013
p 2 7 913 0 48388 2012
p 2 15 901 4 46673 1969
p 2 16 903 1 48077 1974
p 2 14 903 3 48543 2002
p 2 18 899 3 49160 2035
p 2 23 894 3 50042 2073
p 2 33 885 2 49321 2084
p 2 17 898 5 48694 1986
p 2 22 892 6 49290 2019
i 2 920 0 0 55255 4910
p 2 51 866 3 39292 2266
p 2 25 889 6 37043 2156
p 2 20 893 7 35145 2061
p 2 9 909 2 35420 1974
p 2 31 885 4 40522 2161
p 2 37 881 2 43332 2228
p 2 42 877 1 47661 2353
p 2 46 872 2 47110 2373
p 2 48 870 2 47073 2368
p 2 37 880 3 47370 2327
p 2 48 869 3 48637 2398
p 2 34 882 4 47848 2339
p 2 29 889 2 46115 2267
p 2 25 893 2 44904 2220
p 2 23 894 3 46474 2235
p 2 29 890 1 45663 2284
p 2 22 894 4 46626 2233
p 2 17 900 3 45197 2158
p 2 12 908 0 44997 2128
p 2 28 892 0 44048 2184
i 2 920 0 0 51599 4660
p 2 35 872 13 40682 2313
p 2 40 873 7 43682 2421
p 2 20 888 12 42737 2267
p 2 23 890 7 44730 2372
p 2 61 849 10 45449 2561
p 2 60 850 10 45796 2561
p 2 53 853 14 46318 2554
p 2 81 838 1 47317 2658
p 2 105 808 7 49958 2777
p 2 102 818 0 46875 2714
p 2 79 836 5 44538 2592
p 2 80 838 2 45639 2644
p 2 70 841 9 45008 2604
p 2 65 851 4 44921 2575
p 2 70 843 7 43514 2600
p 2 74 844 2 43337 2620
p 2 79 837 4 42993 2623
p 2 72 842 6 41313 2491
p 2 36 871 13 38935 2329
p 2 65 850 5 40445 2458
p 2 79 837 4 42459 2566
p 2 93 822 5 41608 2605
p 2 35 879 6 41187 2346
p 2 58 856 6 43316 2482
p 2 43 869 8 43533 2435
p 2 37 882 1 42014 2403
p 2 34 883 3 39259 2380
p 2 15 902 3 38348 2261
p 2 19 895 6 39396 2235
p 2 47 870 3 41699 2393
p 2 42 873 5 41626 2350
p 2 20 898 2 38435 2239
p 2 14 902 4 37119 2183
p 2 21 895 4 37756 2181
p 2 19 895 6 38041 2183
p 2 10 907 3 37345 2130
p 2 21 893 6 39975 2260
p 2 20 896 4 42978 2298
p 2 56 860 4 43582 2435
i 2 920 0 0 68249 5069
p 2 98 822 0 66389 2907
p 2 93 827 0 66009 2887
p 2 77 843 0 64295 2783
p 2 62 855 3 64380 2759
p 2 80 840 0 67539 2885
p 2 109 811 0 71158 3016
p 2 105 814 1 70975 2998
p 2 119 801 0 73265 3077
p 2 93 827 0 73943 3005
p 2 98 822 0 73826 2964
p 2 73 847 0 73742 2885
p 2 79 841 0 74415 2885
p 2 90 830 0 74562 2954
p 2 77 842 1 73831 2848
p 2 91 828 1 74462 2894
p 2 100 820 0 75243 2912
p 2 97 823 0 74253 2878
p 2 79 841 0 73788 2803
p 2 73 847 0 73705 2769
p 2 88 832 0 73183 2859
p 2 88 832 0 73003 2848
p 2 98 822 0 72267 2886
p 2 101 819 0 69403 2924
p 2 67 853 0 65838 2772
p 2 48 872 0 64677 2676
p 2 46 874 0 62829 2619
p 2 40 880 0 59870 2538
p 2 35 885 0 59260 2535
p 2 36 883 1 59481 2549
p 2 51 868 1 58562 2584
p 2 44 875 1 58275 2523
p 2 24 895 1 56050 2388
p 2 24 895 1 54928 2411
p 2 18 902 0 56357 2432
p 2 23 897 0 54838 2378
p 2 47 873 0 59488 2537
p 2 49 871 0 61421 2592
p 2 44 876 0 61958 2595
p 2 34 886 0 60468 2538
i 2 920 0 0 51604 4828
p 2 2 912 6 26244 1842
p 2 3 910 7 28719 1895
p 2 2 901 17 28895 1922
p 2 5 904 11 28840 1925
p 2 2 904 14 29278 1919
p 2 4 900 16 31750 1992
p 2 4 905 11 33470 2054
p 2 11 899 10 31731 2074
p 2 11 898 11 31946 2103
p 2 11 903 6 31334 2068
p 2 19 891 10 33451 2117
p 2 21 893 6 33287 2109
p 2 10 898 12 31419 2025
p 2 4 903 13 28448 1906
p 2 3 908 9 28722 1866
p 2 7 900 13 30259 1910
p 2 15 897 8 32657 1972
p 2 20 894 6 33533 2054
p 2 21 890 9 31482 2042
p 2 12 894 14 30679 1938
p 2 7 906 7 31368 1957
p 2 6 907 7 30469 1925
p 2 6 908 6 29406 1888
p 2 3 913 4 28142 1871
p 2 4 909 7 30102 1871
p 2 3 914 3 30795 1913
p 2 10 908 2 33219 1984
p 2 18 889 13 33596 2045
p 2 14 901 5 33399 2039
p 2 16 899 5 34098 2028
p 2 18 896 6 34146 2054
p 2 20 895 5 31251 2006
p 2 0 913 7 28905 1832
p 2 1 912 7 29362 1862
p 2 3 913 4 30472 1898
p 2 10 906 4 31036 1940
p 2 10 903 7 32745 2014
p 2 10 905 5 31818 2004
p 2 10 892 18 32427 2026
p 2 18 890 12 32411 2017
p 2 5 903 12 32361 1970
p 2 5 902 13 32184 1953
p 2 5 905 10 31397 1971
p 2 4 906 10 29815 1933
p 2 6 907 7 31530 1970
p 2 14 898 8 32600 2005
p 2 5 909 6 34062 2052
p 2 14 899 7 34455 2082
p 2 5 905 10 33916 2037
p 2 12 902 6 35813 2155
p 2 11 901 8 32877 2056
p 2 5 905 10 32717 2031
p 2 8 905 7 31740 1980
p 2 1 905 14 30409 1893
p 2 5 907 8 30907 1886
p 2 5 905 10 31268 1888
p 2 7 902 11 33555 1970
p 2 4 909 7 33504 1984
p 2 12 900 8 32378 2023
p 2 10 901 9 31424 1945
p 2 9 900 11 30138 1923
p 2 9 899 12 31471 1959
p 2 4 905 11 31908 1972
p 2 0 905 15 27630 1851
p 2 0 899 21 27825 1787
p 2 3 906 11 28880 1829
p 2 5 900 15 32761 1953
p 2 10 902 8 33253 2035
p 2 5 905 10 32492 2027
p 2 7 904 9 31259 1986
p 2 5 901 14 32449 1971
p 2 6 905 9 34607 2006
p 2 7 898 15 31590 1987
p 2 0 914 6 28233 1868
p 2 1 904 15 28488 1839
p 2 2 907 11 28844 1874
p 2 11 896 13 33549 2039
p 2 7 902 11 32219 1981
p 2 1 905 14 29651 1965
i 2 920 0 0 69355 5225
p 2 128 791 1 62716 3250
p 2 46 874 0 55382 2767
p 2 33 887 0 49278 2581
p 2 18 900 2 41994 2312
p 2 9 909 2 38085 2150
p 2 16 894 10 35886 2078
p 2 21 899 0 37886 2178
p 2 20 891 9 37719 2183
p 2 25 886 9 36716 2174
p 2 18 901 1 36641 2122
p 2 16 904 0 36336 2124
p 2 13 906 1 35540 2119
p 2 18 902 0 34754 2085
p 2 14 906 0 34184 2024
p 2 7 913 0 32793 1978
p 2 4 916 0 32310 1933
p 2 20 899 1 38305 2233
p 2 10 910 0 37346 2190
p 2 18 901 1 37270 2213
p 2 18 899 3 38503 2205
p 2 34 885 1 37102 2300
p 2 24 894 2 35873 2241
p 2 20 900 0 35181 2213
p 2 13 905 2 35540 2185
p 2 17 900 3 36287 2242
p 2 16 901 3 36437 2233
p 2 18 899 3 36867 2277
p 2 8 909 3 37063 2229
p 2 8 911 1 37032 2202
p 2 13 905 2 35424 2167
p 2 9 911 0 37547 2243
p 2 17 902 1 37543 2232
p 2 8 911 1 34876 2171
p 2 12 905 3 34004 2176
p 2 16 904 0 33996 2182
i 2 920 0 0 55865 4874
p 2 50 848 22 39020 2258
p 2 17 887 16 36932 2119
p 2 3 901 16 30985 1953
p 2 18 886 16 35817 2094
p 2 49 852 19 41533 2329
p 2 41 865 14 41549 2318
p 2 51 851 18 41482 2385
p 2 22 877 21 36881 2221
p 2 28 877 15 37280 2206
p 2 45 861 14 39276 2319
p 2 58 842 20 39805 2363
i 2 920 0 0 63318 4876
p 2 7 907 6 31039 1926
p 2 5 901 14 34359 1862
p 2 21 882 17 42231 2122
p 2 30 877 13 42817 2179
p 2 13 901 6 40866 2131
p 2 2 902 16 36272 1953
p 2 17 898 5 39990 2070
p 2 23 882 15 43202 2153
p 2 18 888 14 42760 2138
p 2 7 905 8 36727 2029
p 2 4 911 5 33847 1915
p 2 5 906 9 33944 1921
p 2 2 907 11 34082 1925
i 2 920 0 0 69965 5127
p 2 3 917 0 42193 1946
p 2 0 919 1 42765 1898
p 2 0 919 1 40406 1858
p 2 0 919 1 41311 1867
p 2 2 917 1 41891 1894
p 2 7 913 0 41051 1899
p 2 5 915 0 42041 1915
p 2 9 911 0 42732 1945
p 2 8 912 0 43756 1975
p 2 5 915 0 45781 2022
p 2 7 913 0 46948 2044
p 2 14 906 0 49051 2107
p 2 11 909 0 50174 2131
i 2 920 0 0 50003 4516
p 2 36 871 13 35928 2103
p 2 51 865 4 37086 2214
p 2 46 860 14 37425 2206
p 2 38 878 4 36124 2180
p 2 37 874 9 36827 2178
p 2 45 865 10 37404 2199
p 2 25 883 12 34739 2146
p 2 14 898 8 31910 2053
p 2 19 890 11 32732 2104
p 2 13 897 10 32475 2056
p 2 22 884 14 32163 2133
p 2 24 888 8 31726 2156
p 2 17 890 13 30284 2095
p 2 14 894 12 30756 2075
p 2 13 893 14 30524 2059
p 2 14 896 10 32463 2096
p 2 20 883 17 32054 2131
p 2 21 883 16 30677 2108
p 2 12 898 10 29140 2046
p 2 8 898 14 29616 2065
p 2 2 907 11 29326 2025
p 2 4 906 10 29198 2010
p 2 2 914 4 28342 2029
p 2 10 901 9 27796 2012
p 2 4 914 2 28012 1973
p 2 9 908 3 27928 1970
p 2 11 905 4 27966 2003
p 2 15 902 3 27900 2040
p 2 9 909 2 28580 2011
p 2 2 914 4 27751 1970
p 2 10 906 4 29693 2012
p 2 6 909 5 30637 2019
p 2 11 906 3 29260 1978
p 2 6 908 6 29227 1969
p 2 6 907 7 29373 1948
p 2 5 907 8 29378 1920
p 2 4 910 6 30811 1948
p 2 2 912 6 31820 1973
p 2 6 907 7 31233 1986
p 2 4 908 8 30298 1975
p 2 10 904 6 28707 1963
p 2 5 908 7 28711 1942
p 2 2 909 9 27999 1897
p 2 3 904 13 28241 1873
p 2 3 906 11 30823 1926
p 2 12 897 11 31798 1977
p 2 8 899 13 31880 1961
p 2 4 909 7 30561 1948
p 2 6 902 12 29708 1935
p 2 3 911 6 28151 1919
p 2 2 911 7 27182 1869
p 2 1 912 7 27031 1837
p 2 0 911 9 25327 1821
p 2 0 917 3 24989 1788
p 2 0 915 5 23635 1733
p 2 0 914 6 22029 1745
p 2 4 910 6 22452 1727
p 2 4 912 4 22110 1743
p 2 1 915 4 22501 1705
p 2 0 915 5 22879 1714
p 2 0 916 4 23893 1733
p 2 0 913 7 23682 1718
p 2 2 912 6 23789 1721
p 2 0 912 8 23308 1708
p 2 0 916 4 23894 1697
p 2 0 915 5 23555 1704
p 2 0 918 2 23757 1707
p 2 0 914 6 22778 1713
p 2 0 916 4 23404 1716
p 2 0 919 1 23599 1717
p 2 0 915 5 24167 1706
p 2 0 918 2 24169 1739
p 2 1 912 7 25199 1719
p 2 1 914 5 25883 1730
p 2 3 905 12 28004 1767
p 2 3 911 6 28692 1807
p 2 6 906 8 29956 1797
p 2 4 911 5 30093 1825
p 2 8 906 6 31138 1849
p 2 9 908 3 30924 1862
p 2 3 898 19 31111 1803
p 2 6 910 4 29280 1819
p 2 7 897 16 29228 1799
p 2 7 908 5 28923 1832
p 2 6 901 13 29634 1830
p 2 6 899 15 29358 1836
p 2 4 906 10 31244 1873
p 2 3 907 10 30397 1848
p 2 4 911 5 30457 1831
p 2 4 910 6 29662 1844
p 2 3 911 6 29824 1843
p 2 3 910 7 29389 1816
p 2 2 902 16 28864 1803
p 2 3 901 16 27391 1783
p 2 3 902 15 27480 1786
p 2 2 911 7 27035 1769
p 2 1 907 12 27121 1752
p 2 1 912 7 27208 1769
p 2 1 914 5 29120 1786
p 2 3 909 8 29453 1800
p 2 5 907 8 31290 1860
p 2 5 911 4 31878 1856
p 2 6 904 10 31259 1861
p 2 10 907 3 31634 1914
p 2 6 907 7 31860 1902
p 2 7 911 2 32100 1899
p 2 7 908 5 34092 1925
p 2 7 911 2 33105 1897
p 2 5 909 6 32323 1889
p 2 1 917 2 32232 1854
p 2 6 912 2 32928 1913
p 2 4 914 2 32046 1864
p 2 4 913 3 32287 1902
p 2 4 909 7 31581 1865
p 2 6 909 5 32106 1868
p 2 5 906 9 31800 1856
p 2 5 906 9 32034 1884
p 2 10 903 7 32381 1891
p 2 12 902 6 33046 1901
p 2 13 902 5 34107 1909
p 2 3 907 10 36152 1905
p 2 8 904 8 36531 1941
p 2 7 901 12 36954 1939
p 2 5 907 8 37279 1941
p 2 11 903 6 36750 1970
p 2 14 894 12 36672 1972
p 2 15 899 6 36231 1958
p 2 10 901 9 35957 1938
p 2 9 900 11 34078 1907
p 2 3 912 5 33757 1879
p 2 1 908 11 32064 1839
p 2 3 908 9 31877 1858
p 2 6 898 16 30088 1811
p 2 1 912 7 30172 1783
p 2 1 900 19 28550 1751
p 2 2 911 7 27812 1728
p 2 1 910 9 27081 1723
p 2 0 914 6 26649 1705
p 2 0 909 11 26020 1726
p 2 0 910 10 25425 1680
p 2 0 905 15 25277 1688
p 2 0 912 8 24221 1688
p 2 0 905 15 24630 1696
p 2 0 914 6 24176 1715
p 2 0 913 7 24801 1703
p 2 0 915 5 24223 1715
p 2 1 913 6 24789 1710
p 2 1 914 5 24489 1705
p 2 1 911 8 24702 1725
p 2 1 916 3 24975 1749
p 2 1 908 11 26687 1763
p 2 1 915 4 28577 1787
p 2 0 915 5 32031 1832
p 2 4 914 2 35553 1964
p 2 3 911 6 33340 1881
p 2 4 913 3 36480 1928
p 2 15 896 9 40579 2041
i 2 920 0 0 49271 4529
p 2 1 909 10 26754 1726
p 2 2 907 11 27393 1726
p 2 1 904 15 27046 1746
p 2 5 896 19 26758 1750
p 2 6 896 18 27196 1797
p 2 6 905 9 26865 1782
p 2 3 902 15 28279 1812
p 2 5 904 11 28908 1795
p 2 3 904 13 29426 1831
p 2 4 907 9 30370 1862
p 2 1 907 12 31213 1871
p 2 2 909 9 30339 1828
p 2 3 904 13 30851 1842
p 2 1 913 6 30584 1881
p 2 2 905 13 30612 1888
p 2 2 910 8 30765 1856
p 2 4 902 14 30364 1863
p 2 2 913 5 29814 1888
p 2 1 910 9 30193 1909
p 2 3 909 8 29985 1918
p 2 3 905 12 30831 1944
p 2 2 913 5 30925 1954
p 2 0 910 10 30607 1907
p 2 2 913 5 29927 1912
p 2 4 908 8 30108 1938
p 2 3 910 7 29161 1903
p 2 3 907 10 29453 1936
p 2 1 917 2 29216 1950
p 2 1 912 7 28895 1926
p 2 1 911 8 28220 1890
p 2 7 905 8 27949 1919
p 2 9 908 3 27300 1921
p 2 3 910 7 26937 1892
p 2 1 917 2 26357 1875
p 2 1 913 6 26593 1879
p 2 3 910 7 25992 1859
p 2 6 906 8 25832 1880
p 2 5 912 3 25981 1858
p 2 4 904 12 27352 1877
p 2 2 916 2 28161 1877
p 2 0 912 8 29744 1909
p 2 1 915 4 30090 1919
p 2 2 914 4 31584 1942
p 2 2 917 1 31671 1912
p 2 1 913 6 33473 1941
p 2 1 915 4 34898 1977
p 2 10 909 1 36951 2067
p 2 7 912 1 36555 2072
p 2 5 911 4 35248 2021
p 2 5 909 6 33030 1964
p 2 1 917 2 32201 1963
p 2 0 915 5 31953 1927
p 2 1 912 7 33035 1981
p 2 11 903 6 34099 2066
p 2 10 901 9 34848 2048
p 2 4 907 9 33070 1992
p 2 3 906 11 32491 1969
p 2 5 912 3 32264 1959
p 2 5 910 5 32408 1966
p 2 1 915 4 31514 1907
p 2 2 914 4 31515 1918
p 2 3 911 6 30311 1909
p 2 0 913 7 29137 1867
p 2 1 914 5 28404 1866
p 2 0 911 9 29373 1871
p 2 0 909 11 29329 1839
p 2 2 905 13 29921 1881
p 2 3 911 6 30022 1875
p 2 3 907 10 29170 1874
p 2 2 911 7 27478 1828
p 2 2 911 7 30128 1860
p 2 2 912 6 29394 1804
p 2 0 913 7 29577 1802
p 2 1 912 7 30626 1822
p 2 2 913 5 31540 1836
p 2 1 917 2 29988 1824
p 2 4 912 4 30427 1849
p 2 7 908 5 31860 1859
p 2 3 912 5 32688 1856
p 2 2 913 5 32340 1833
p 2 6 905 9 32888 1866
p 2 8 902 10 31288 1873
p 2 3 902 15 33294 1862
p 2 7 907 6 34242 1904
p 2 4 909 7 34558 1911
p 2 1 910 9 34652 1924
p 2 13 904 3 37731 2032
p 2 10 904 6 39219 2049
p 2 19 898 3 42331 2116
p 2 18 897 5 42263 2106
p 2 23 895 2 43082 2135
p 2 15 899 6 43710 2135
p 2 14 906 0 43463 2126
p 2 5 913 2 41971 2069
p 2 15 904 1 41604 2073
p 2 19 898 3 42343 2092
p 2 24 896 0 44420 2152
p 2 19 899 2 44232 2119
p 2 23 895 2 44209 2173
p 2 15 904 1 42651 2120
p 2 15 902 3 43114 2115
p 2 13 903 4 42627 2097
p 2 23 895 2 44477 2196
p 2 17 900 3 42545 2153
p 2 6 910 4 42316 2021
p 2 9 908 3 44738 2103
p 2 16 901 3 46339 2148
p 2 24 894 2 47086 2183
p 2 24 892 4 47165 2190
p 2 27 892 1 46036 2208
p 2 17 903 0 44605 2100
p 2 23 895 2 42829 2116
p 2 12 907 1 41697 2006
p 2 9 911 0 40488 2025
p 2 7 913 0 42345 2039
p 2 7 911 2 42766 2065
p 2 24 896 0 45107 2193
p 2 32 887 1 45016 2232
p 2 21 899 0 44757 2190
p 2 34 886 0 43450 2250
p 2 16 903 1 43057 2155
p 2 10 908 2 42455 2117
p 2 13 906 1 42900 2137
p 2 13 907 0 42425 2138
p 2 19 901 0 42355 2141
p 2 17 902 1 43784 2136
p 2 14 906 0 44599 2130
p 2 17 903 0 42910 2117
p 2 8 910 2 41789 2091
p 2 23 897 0 44644 2196
p 2 16 904 0 44261 2163
p 2 19 901 0 43319 2152
p 2 4 913 3 42376 2055
p 2 7 912 1 41629 2068
p 2 8 910 2 43146 2105
p 2 7 913 0 43571 2110
p 2 5 915 0 43900 2137
p 2 12 906 2 44499 2160
p 2 13 906 1 44684 2186
p 2 8 912 0 44157 2174
p 2 11 909 0 43022 2206
p 2 9 911 0 42508 2143
p 2 5 915 0 43424 2156
p 2 4 915 1 42369 2163
p 2 2 918 0 43833 2197
p 2 7 913 0 43140 2238
p 2 7 913 0 43446 2254
p 2 7 912 1 41992 2218
p 2 5 913 2 41380 2172
p 2 6 914 0 40169 2185
p 2 5 913 2 38329 2154
p 2 5 912 3 37661 2141
p 2 4 915 1 37240 2102
p 2 4 915 1 37443 2111
p 2 5 914 1 37179 2103
p 2 5 915 0 36847 2055
p 2 2 918 0 36929 2093
p 2 2 917 1 38652 2078
p 2 5 914 1 39128 2086
p 2 10 910 0 41325 2130
p 2 13 906 1 42742 2186
p 2 19 901 0 43094 2197
i 2 920 0 0 82735 5504
p 2 3 910 7 44665 1854
p 2 1 918 1 49794 1976
p 2 4 915 1 50236 1998
p 2 7 913 0 51978 2079
p 2 8 912 0 53530 2101
p 2 3 917 0 54215 2124
p 2 85 835 0 58669 2579
p 2 71 848 1 56438 2549
p 2 60 860 0 56659 2575
p 2 55 865 0 54960 2529
p 2 37 883 0 53070 2576
p 2 23 897 0 52093 2449
p 2 30 890 0 54146 2511
p 2 44 876 0 55974 2582
p 2 54 865 1 61100 2748
p 2 67 853 0 65050 2812
p 2 69 846 5 63640 2755
p 2 64 856 0 62805 2765
p 2 58 861 1 63459 2742
p 2 77 843 0 62739 2833
p 2 65 855 0 62305 2840
p 2 61 859 0 62433 2853
p 2 70 850 0 62700 2871
p 2 62 857 1 61205 2826
p 2 50 870 0 60026 2725
p 2 42 877 1 59935 2695
p 2 32 887 1 59234 2631
p 2 32 887 1 56906 2583
p 2 23 897 0 52775 2468
p 2 22 898 0 54818 2502
p 2 35 883 2 54981 2461
p 2 43 877 0 57629 2675
p 2 64 853 3 62370 2818
p 2 185 734 1 71134 3495
p 2 228 692 0 74606 3623
p 2 189 729 2 71011 3428
p 2 69 847 4 64069 2883
p 2 24 894 2 54098 2446
p 2 21 898 1 53163 2365
p 2 24 896 0 50293 2455
p 2 17 901 2 46472 2268
p 2 16 903 1 44711 2252
p 2 23 895 2 42869 2232
p 2 15 900 5 40354 2142
p 2 6 902 12 38368 2077
p 2 11 900 9 37886 2060
p 2 15 889 16 36993 2020
p 2 9 899 12 37150 1985
p 2 7 902 11 36415 1988
p 2 7 903 10 37313 2013
p 2 5 896 19 36295 1949
p 2 8 896 16 36934 1930
p 2 5 901 14 36103 1903
p 2 6 907 7 37347 1935
p 2 77 833 10 46698 2429
p 2 89 824 7 49485 2654
i 2 920 0 0 44457 4705
p 2 329 569 22 20923 2881
p 2 243 622 55 29727 2923
p 2 425 485 10 57886 4297
p 2 188 722 10 55622 3503
p 2 173 729 18 54536 3355
p 2 129 750 41 49754 3032
p 2 103 788 29 51573 2956
p 2 99 807 14 50920 2909
p 2 63 841 16 48885 2749
p 2 53 859 8 47455 2644
p 2 51 855 14 46488 2609
p 2 43 871 6 47091 2598
p 2 40 875 5 46792 2540
p 2 40 878 2 48685 2547
p 2 37 878 5 50995 2524
p 2 54 862 4 55641 2631
p 2 85 831 4 60244 2792
p 2 13 905 2 46566 2257
p 2 17 900 3 47115 2257
p 2 9 907 4 45231 2164
p 2 5 912 3 45478 2136
p 2 6 912 2 44312 2099
p 2 7 911 2 43194 2097
p 2 6 913 1 43144 2072
p 2 3 914 3 41347 2036
p 2 1 918 1 41109 2027
p 2 1 918 1 38435 1986
p 2 3 912 5 38804 1966
p 2 2 914 4 37744 1957
p 2 2 913 5 37843 1942
p 2 5 908 7 36032 1945
p 2 0 912 8 35762 1885
i 2 920 0 0 59813 5166
p 2 205 715 0 60666 3490
p 2 173 745 2 60346 3353
p 2 208 712 0 60394 3508
p 2 199 721 0 62263 3482
p 2 160 760 0 59170 3329
p 2 136 784 0 61229 3267
p 2 190 730 0 65706 3522
p 2 190 728 2 65214 3497
p 2 164 756 0 63390 3445
p 2 186 734 0 63002 3470
p 2 188 732 0 61768 3498
p 2 184 736 0 63246 3480
p 2 208 712 0 60752 3593
p 2 197 723 0 58939 3506
p 2 220 700 0 61515 3595
p 2 248 672 0 60284 3682
p 2 199 721 0 58360 3535
p 2 218 702 0 61895 3647
p 2 207 713 0 64130 3609
p 2 237 683 0 59693 3636
p 2 242 678 0 56835 3628
p 2 240 680 0 57062 3644
p 2 233 687 0 58689 3725
p 2 231 689 0 61854 3688
p 2 234 686 0 67283 3718
p 2 240 680 0 64753 3677
p 2 215 705 0 61161 3560
p 2 208 712 0 59370 3480
p 2 167 753 0 54115 3288
p 2 129 791 0 49455 3127
p 2 88 832 0 44606 2963
p 2 96 824 0 44182 2952
p 2 129 791 0 45433 3145
p 2 143 777 0 48303 3210
p 2 100 820 0 50389 3068
p 2 99 821 0 54881 3035
p 2 128 791 1 69802 3186
p 2 78 842 0 77634 3005
p 2 107 813 0 74021 2975
p 2 121 799 0 80657 3042
p 2 126 794 0 83112 3060
p 2 124 796 0 83791 2976
p 2 206 714 0 80236 3321
p 2 128 792 0 73913 3052
p 2 120 800 0 72710 3052
p 2 232 688 0 70500 3477
p 2 76 844 0 63155 2871
p 2 73 847 0 60599 2797
p 2 183 737 0 59066 3312
p 2 62 857 1 51474 2730
p 2 54 866 0 50013 2716
p 2 136 784 0 50205 3080
p 2 48 872 0 45682 2607
p 2 42 876 2 47064 2595
p 2 113 807 0 46277 2910
p 2 40 880 0 42804 2504
p 2 27 893 0 41653 2433
p 2 98 822 0 39530 2712
p 2 24 895 1 36718 2327
p 2 18 902 0 38226 2321
p 2 91 829 0 40335 2753
p 2 50 870 0 40523 2594
p 2 41 879 0 37684 2506
p 2 62 857 1 34839 2526
p 2 25 892 3 30145 2346
p 2 39 874 7 29435 2372
p 2 48 862 10 25917 2376
p 2 30 883 7 22778 2258
p 2 33 866 21 18214 2232
p 2 45 859 16 15612 2203
p 2 24 856 40 12274 2069
p 2 27 861 32 11159 2061
p 2 13 907 0 9810 2048
p 2 0 915 5 7009 1832
p 2 1 802 117 5052 1616
p 2 1 899 20 4291 1596
p 2 1 746 173 3140 1383
p 2 1 889 30 2821 1400
p 2 0 706 214 1742 1107
p 2 0 833 87 1181 1024
p 2 0 562 358 797 720
p 2 0 755 165 953 860
p 2 0 490 430 681 617
p 2 0 694 226 840 767
i 2 920 0 0 26110 3858
p 2 0 857 63 6273 1327
p 2 3 875 42 8668 1400
p 2 2 840 78 9065 1386
p 2 1 852 67 9431 1407
p 2 1 837 82 9616 1411
p 2 1 864 55 9303 1442
p 2 0 858 62 9680 1451
p 2 0 862 58 9278 1423
p 2 2 845 73 9706 1452
p 2 1 873 46 10025 1479
p 2 2 860 58 10642 1477
p 2 0 871 49 9840 1464
p 2 0 855 65 10691 1485
p 2 0 855 65 10603 1499
p 2 2 857 61 11082 1516
p 2 2 882 36 10412 1485
p 2 3 855 62 10840 1487
p 2 4 860 56 11004 1506
p 2 1 854 65 11692 1527
p 2 1 864 55 10964 1512
p 2 3 846 71 11585 1532
p 2 0 882 38 11809 1567
p 2 2 861 57 12663 1570
p 2 2 871 47 12881 1558
p 2 4 848 68 13961 1559
p 2 6 862 52 14146 1596
p 2 12 842 66 14875 1612
p 2 14 860 46 15472 1623
p 2 24 837 59 16788 1675
p 2 31 837 52 18247 1787
p 2 61 797 62 21436 1993
p 2 130 744 46 24470 2310
i 2 920 0 0 40473 4407
p 2 333 557 30 25849 3143
p 2 263 642 15 19869 2763
i 2 920 0 0 14884 3513
p 2 3 783 134 5365 1242
p 2 1 864 55 6427 1321
p 2 33 729 158 10476 1411
p 2 142 652 126 15971 1997
p 2 183 612 125 21246 2315
p 2 236 537 147 27757 2687
p 2 239 587 94 36357 3151
p 2 164 731 25 37726 3107
p 2 88 821 11 34285 2806
p 2 123 774 23 44871 3052
p 2 118 788 14 42396 2961
p 2 277 638 5 46431 3463
p 2 333 583 4 49273 3885
p 2 233 684 3 45731 3571
p 2 268 651 1 40288 3471
p 2 229 689 2 35595 3358
p 2 159 759 2 32699 3193
p 2 122 793 5 32502 3091
p 2 228 690 2 39237 3529
p 2 224 694 2 46780 3568
p 2 279 641 0 56237 3832
p 2 251 667 2 59775 3790
p 2 258 658 4 58831 3746
p 2 155 761 4 55639 3304
p 2 117 799 4 53229 3115
p 2 103 814 3 50687 3024
p 2 95 822 3 47779 2969
p 2 102 816 2 48118 2983
p 2 130 787 3 54224 3294
p 2 202 716 2 50435 3330
p 2 170 746 4 48043 3243
p 2 114 801 5 46362 3025
p 2 67 845 8 41942 2774
p 2 48 869 3 39259 2625
p 2 50 867 3 37533 2634
p 2 43 877 0 35690 2599
p 2 56 860 4 34304 2621
p 2 37 881 2 34550 2525
p 2 52 867 1 33555 2579
p 2 69 851 0 34542 2679
p 2 150 769 1 43225 3225
p 2 241 674 5 45348 3393
p 2 185 734 1 42909 3164
p 2 159 757 4 46793 3226
p 2 23 890 7 28100 1985
p 2 58 856 6 28923 2077
p 2 65 841 14 27601 2134
p 2 78 828 14 22953 2090
p 2 44 870 6 21411 2050
p 2 66 845 9 19885 2111
p 2 31 870 19 17618 1907
p 2 1 896 23 15682 1709
p 2 0 890 30 14048 1586
p 2 1 883 36 12597 1506
p 2 0 853 67 11761 1425
p 2 13 822 85 11919 1492
p 2 42 787 91 12839 1598
p 2 45 772 103 13004 1618
p 2 20 800 100 11729 1515
i 2 920 0 0 16104 3728
p 2 144 763 13 12139 2592
p 2 156 754 10 14346 2770
p 2 118 795 7 18335 2817
p 2 125 776 19 23268 2952
p 2 129 788 3 25939 3021
p 2 64 842 14 25377 2749
p 2 51 854 15 22891 2606
p 2 51 857 12 22732 2486
p 2 49 854 17 22619 2445
p 2 49 835 36 21874 2367
p 2 21 868 31 20305 2174
p 2 29 876 15 19582 2173
p 2 84 818 18 21148 2382
p 2 102 814 4 22566 2595
p 2 163 747 10 22040 2759
p 2 117 802 1 22504 2821
p 2 31 888 1 21925 2613
p 2 48 872 0 23870 2707
p 2 27 893 0 23421 2651
p 2 69 850 1 25990 2901
p 2 32 883 5 24824 2705
p 2 78 840 2 27769 2901
p 2 60 856 4 26068 2745
p 2 79 839 2 28537 2865
p 2 51 865 4 29377 2789
p 2 192 726 2 36186 3396
i 2 920 0 0 36306 4404
p 2 357 562 1 38007 3951
p 2 226 685 9 33941 3508
p 2 167 749 4 31980 3355
p 2 181 738 1 27667 3257
p 2 130 787 3 24749 3048
p 2 124 789 7 22841 2940
p 2 259 653 8 26283 3273
p 2 284 617 19 23970 3018
p 2 312 602 6 30879 3558
p 2 206 703 11 25513 2997
p 2 355 564 1 32639 3713
p 2 255 637 28 22276 3047
p 2 285 635 0 31094 3368
p 2 261 655 4 32954 3142
p 2 316 602 2 34112 3581
p 2 281 635 4 30597 3353
p 2 303 615 2 32753 3567
p 2 210 710 0 34513 3345
p 2 210 705 5 33935 3393
p 2 144 766 10 32977 3170
p 2 116 799 5 31853 3038
p 2 62 851 7 28906 2737
p 2 61 848 11 27804 2615
p 2 32 873 15 23812 2333
p 2 41 865 14 24971 2346
p 2 10 902 8 21761 2145
p 2 40 869 11 22477 2303
p 2 14 893 13 19808 2050
p 2 44 867 9 22281 2317
p 2 7 901 12 17940 1948
p 2 34 877 9 21148 2217
p 2 4 901 15 17125 1923
p 2 26 883 11 19609 2167
p 2 2 906 12 15903 1865
p 2 33 876 11 19617 2162
p 2 121 791 8 32932 2996
p 2 190 721 9 42330 3455
p 2 281 633 6 53681 3801
p 2 410 509 1 68726 4286
i 2 920 0 0 35896 4535
p 2 157 747 16 40589 3245
p 2 235 679 6 55049 3594
p 2 285 634 1 59956 3798
p 2 551 368 1 51035 4528
p 2 388 529 3 48910 4199
p 2 364 545 11 51111 4084
p 2 247 667 6 53104 3907
p 2 152 764 4 52980 3482
p 2 141 776 3 52192 3457
p 2 110 806 4 49770 3224
p 2 117 798 5 46619 3196
p 2 59 860 1 39884 2792
p 2 70 847 3 41012 2953
p 2 38 879 3 35356 2634
p 2 68 841 11 38340 2909
p 2 16 900 4 32546 2475
i 2 920 0 0 31448 3938
p 2 226 684 10 24924 2738
p 2 260 652 8 35135 3076
p 2 253 658 9 43667 3205
p 2 211 701 8 45297 3089
p 2 110 797 13 42042 2704
p 2 61 851 8 34419 2454
p 2 48 867 5 31792 2321
p 2 29 881 10 28395 2223
p 2 25 890 5 28724 2199
p 2 48 869 3 28155 2194
p 2 33 884 3 27902 2250
p 2 37 881 2 27742 2234
p 2 44 873 3 28540 2299
p 2 54 865 1 29063 2387
p 2 38 873 9 27492 2296
p 2 50 867 3 28372 2332
p 2 36 879 5 27575 2343
p 2 28 886 6 26045 2233
p 2 20 895 5 24960 2126
p 2 37 881 2 25592 2159
p 2 121 794 5 27298 2417
p 2 232 683 5 27040 2747
p 2 309 607 4 27259 2995
p 2 324 593 3 29293 3325
p 2 325 594 1 32101 3552
p 2 295 624 1 34914 3675
p 2 285 635 0 39766 3703
p 2 268 652 0 39625 3542
p 2 122 795 3 30129 2872
p 2 136 782 2 30815 2938
p 2 81 838 1 34663 2846
p 2 142 774 4 37020 3145
p 2 127 791 2 38340 3167
p 2 140 778 2 34841 2974
p 2 87 830 3 30022 2653
p 2 68 849 3 30932 2676
p 2 61 855 4 32192 2709
p 2 75 842 3 33616 2825
p 2 83 834 3 37268 2875
p 2 87 833 0 30644 2719
p 2 78 839 3 28990 2605
p 2 52 865 3 30387 2491
p 2 38 874 8 32029 2548
p 2 67 850 3 34254 2718
p 2 53 861 6 33276 2652
p 2 65 848 7 28933 2568
p 2 58 859 3 27309 2457
p 2 42 871 7 27596 2428
p 2 30 884 6 29403 2473
p 2 45 866 9 32591 2562
p 2 49 865 6 30597 2543
p 2 42 871 7 31201 2497
p 2 47 860 13 27868 2412
p 2 51 859 10 27115 2425
p 2 31 867 22 26429 2384
p 2 80 838 2 34594 2791
p 2 151 766 3 40097 3260
p 2 231 688 1 38775 3575
p 2 335 583 2 46190 3803
p 2 271 644 5 50384 3624
p 2 264 653 3 54414 3675
p 2 368 551 1 55798 3920
p 2 294 624 2 51774 3745
p 2 97 820 3 43547 3116
p 2 68 851 1 38123 2881
p 2 40 877 3 33380 2638
p 2 20 898 2 30169 2464
p 2 5 909 6 27240 2249
p 2 7 909 4 23320 2077
p 2 20 887 13 26517 2289
p 2 137 770 13 44294 3250
p 2 277 635 8 51712 3741
p 2 256 651 13 47792 3467
p 2 173 736 11 43853 3192
p 2 132 781 7 40460 2989
p 2 111 796 13 39490 2863
p 2 95 811 14 38047 2890
i 2 920 0 0 40069 4137
p 2 202 715 3 41368 3195
p 2 156 763 1 37780 3066
p 2 243 673 4 41404 3336
p 2 236 683 1 37987 3323
p 2 212 706 2 35235 3214
p 2 94 823 3 33236 2761
p 2 187 732 1 30326 2833
p 2 141 774 5 28396 2667
p 2 104 811 5 26645 2533
p 2 148 766 6 25742 2642
p 2 173 739 8 25601 2635
p 2 178 737 5 24634 2647
p 2 194 723 3 24217 2679
p 2 187 731 2 22332 2668
p 2 122 796 2 21845 2573
p 2 48 870 2 21341 2432
p 2 79 837 4 22504 2509
p 2 78 836 6 18537 2393
p 2 45 869 6 15222 2254
p 2 19 884 17 12506 2065
p 2 42 848 30 13531 2198
p 2 37 859 24 14115 2261
p 2 46 830 44 14537 2214
p 2 46 849 25 14248 2197
p 2 43 817 60 14602 2137
p 2 44 839 37 14956 2183
p 2 50 816 54 15702 2171
p 2 62 815 43 16762 2266
p 2 58 826 36 18322 2267
p 2 48 846 26 18132 2208
p 2 49 856 15 19209 2245
p 2 44 855 21 19437 2229
p 2 51 841 28 20379 2235
p 2 50 859 11 20787 2280
p 2 63 853 4 21917 2386
p 2 0 910 10 14556 1723
p 2 1 888 31 15053 1708
p 2 0 907 13 14984 1721
p 2 2 886 32 15148 1715
p 2 0 895 25 15639 1706
p 2 1 898 21 15326 1706
p 2 0 909 11 15397 1698
p 2 1 893 26 15726 1702
p 2 45 862 13 19318 1916
p 2 98 794 28 22417 2172
p 2 127 782 11 25257 2379
p 2 140 762 18 28766 2510
p 2 169 743 8 30941 2629
p 2 210 694 16 32593 2844
p 2 192 721 7 32910 2778
p 2 76 830 14 28514 2352
p 2 21 897 2 25107 2063
p 2 8 903 9 20555 1914
p 2 15 902 3 22533 1924
p 2 7 905 8 21628 1912
p 2 9 908 3 25357 2108
p 2 8 908 4 27717 2175
p 2 18 902 0 27543 2229
p 2 17 902 1 27149 2292
p 2 23 893 4 27387 2312
p 2 20 894 6 27739 2312
p 2 22 891 7 28401 2350
p 2 29 885 6 30946 2371
p 2 22 892 6 33993 2357
p 2 24 893 3 35154 2375
p 2 29 889 2 34472 2376
p 2 24 896 0 32060 2343
p 2 31 888 1 34378 2365
p 2 27 890 3 32616 2334
p 2 25 894 1 32135 2338
p 2 16 904 0 31708 2243
p 2 16 901 3 31952 2232
p 2 14 906 0 30711 2188
p 2 12 907 1 30014 2154
p 2 7 909 4 32209 2129
p 2 9 909 2 32449 2116
p 2 13 902 5 33172 2141
p 2 6 912 2 33261 2064
p 2 9 903 8 32926 2026
p 2 10 907 3 31920 1988
p 2 11 903 6 29782 1933
p 2 26 892 2 30404 1991
p 2 27 888 5 31490 2021
p 2 45 869 6 36782 2154
p 2 84 828 8 41929 2394
p 2 112 802 6 50239 2622
p 2 82 829 9 55670 2720
p 2 196 718 6 63060 3260
p 2 179 731 10 61928 3283
p 2 144 771 5 61728 3182
p 2 141 776 3 61751 3170
p 2 126 794 0 61803 3122
p 2 157 763 0 66602 3275
p 2 166 754 0 69293 3399
p 2 189 728 3 67839 3379
p 2 195 722 3 72840 3470
p 2 116 801 3 67557 3145
p 2 146 773 1 71896 3329
p 2 94 826 0 65281 3024
p 2 73 846 1 62217 2860
p 2 37 883 0 56450 2607
p 2 21 898 1 50854 2412
p 2 15 904 1 49391 2294
p 2 17 901 2 52716 2377
p 2 63 853 4 58341 2646
p 2 103 815 2 64629 2896
p 2 87 830 3 61836 2794
p 2 86 834 0 61022 2790
p 2 50 867 3 54506 2476
p 2 29 891 0 49679 2289
p 2 52 865 3 48402 2368
p 2 31 887 2 44701 2259
p 2 15 905 0 44408 2189
p 2 16 901 3 41020 2101
p 2 14 903 3 40020 2060
p 2 5 915 0 38311 2006
p 2 2 916 2 33066 1857
p 2 2 917 1 30008 1781
p 2 1 912 7 29734 1770
p 2 0 917 3 31151 1816
p 2 1 913 6 31707 1815
p 2 2 915 3 31895 1828
p 2 7 910 3 35748 1967
p 2 10 908 2 39839 2061
p 2 9 910 1 39993 2104
p 2 9 910 1 38298 2028
p 2 2 915 3 31036 1785
p 2 2 916 2 29398 1751
p 2 2 909 9 29479 1761
p 2 6 913 1 30452 1788
p 2 17 898 5 31936 1880
p 2 17 897 6 35517 1904
p 2 37 877 6 36794 2029
p 2 47 865 8 39112 2119
p 2 28 885 7 38675 2025
p 2 20 893 7 37403 1988
p 2 26 883 11 36345 1988
p 2 4 912 4 34481 1862
p 2 1 915 4 30200 1788
p 2 5 909 6 33428 1885
p 2 0 918 2 32702 1854
p 2 4 914 2 34336 1859
p 2 0 909 11 33034 1821
p 2 7 908 5 35463 1911
p 2 39 876 5 44426 2222
p 2 32 884 4 45734 2200
p 2 39 872 9 45020 2228
p 2 37 879 4 48326 2284
p 2 43 873 4 51728 2428
p 2 61 857 2 56422 2699
p 2 47 873 0 53612 2693
p 2 54 866 0 53422 2716
p 2 57 863 0 53868 2762
p 2 73 845 2 51856 2784
p 2 56 864 0 50362 2717
p 2 53 867 0 49012 2631
p 2 57 863 0 47392 2640
p 2 48 869 3 47002 2663
p 2 75 845 0 51568 2789
p 2 48 868 4 48802 2641
p 2 39 877 4 43674 2525
p 2 28 891 1 41003 2416
p 2 83 834 3 42031 2677
p 2 85 834 1 44139 2814
p 2 40 873 7 41538 2611
p 2 19 895 6 37635 2411
p 2 11 902 7 33195 2254
p 2 7 909 4 29589 2077
p 2 3 898 19 25872 1918
p 2 1 904 15 24036 1854
p 2 0 900 20 22967 1775
p 2 2 903 15 21246 1733
p 2 0 891 29 21136 1651
p 2 0 887 33 19581 1633
p 2 0 886 34 19698 1617
p 2 0 900 20 18706 1608
p 2 0 888 32 19613 1592
p 2 0 888 32 18704 1588
p 2 0 896 24 19524 1602
p 2 0 895 25 19000 1606
p 2 1 889 30 19766 1601
p 2 1 891 28 21024 1646
p 2 0 877 43 19414 1588
p 2 15 867 38 20535 1705
p 2 0 871 49 19457 1563
p 2 0 876 44 18695 1572
p 2 0 889 31 19712 1590
p 2 0 894 26 18932 1609
p 2 0 890 30 19554 1589
p 2 0 889 31 18852 1583
p 2 0 884 36 19325 1574
p 2 0 888 32 19361 1603
p 2 0 878 42 19911 1579
p 2 0 882 38 19137 1600
p 2 0 881 39 19536 1560
p 2 0 896 24 19341 1615
p 2 0 886 34 19806 1586
p 2 0 884 36 18623 1572
p 2 0 886 34 18817 1568
p 2 0 896 24 18621 1586
p 2 0 884 36 19195 1564
p 2 0 886 34 18487 1566
p 2 1 877 42 19084 1541
i 2 920 0 0 8079 3039
i 2 920 0 0 13179 3309
i 2 920 0 0 18112 3548
i 2 920 0 0 22400 3768
i 2 920 0 0 26510 3953
p 2 639 281 0 30764 3872
p 2 532 388 0 34102 3884
p 2 40 880 0 25583 2497
p 2 10 908 2 20610 2104
p 2 9 909 2 19904 1999
p 2 8 910 2 19525 1879
p 2 26 891 3 26210 2163
p 2 44 873 3 31373 2414
p 2 70 847 3 33761 2486
p 2 72 844 4 36746 2552
p 2 85 832 3 36673 2654
p 2 75 840 5 35297 2572
p 2 80 832 8 34729 2465
p 2 76 835 9 36154 2614
p 2 98 813 9 37105 2700
p 2 92 817 11 38422 2693
p 2 91 822 7 39554 2699
p 2 91 821 8 40917 2713
p 2 111 806 3 39741 2794
p 2 100 820 0 40523 2832
p 2 109 806 5 40256 2797
p 2 82 838 0 39201 2749
p 2 65 848 7 37036 2625
p 2 79 836 5 36780 2648
p 2 76 839 5 37125 2636
p 2 81 839 0 37000 2726
p 2 76 842 2 39392 2783
p 2 81 838 1 40124 2841
p 2 86 831 3 40763 2874
p 2 79 841 0 40941 2830
p 2 102 817 1 41014 2900
p 2 85 832 3 43026 2857
p 2 76 844 0 42314 2852
p 2 66 854 0 45218 2781
p 2 86 832 2 46698 2874
p 2 85 834 1 47359 2894
p 2 63 857 0 49090 2833
p 2 87 830 3 48032 2925
p 2 76 836 8 51984 2925
p 2 78 842 0 53640 2957
p 2 79 840 1 56332 3023
p 2 68 851 1 56287 2961
p 2 97 818 5 54390 3043
p 2 77 843 0 55846 2995
p 2 77 841 2 55021 2974
p 2 67 851 2 53826 2908
p 2 70 847 3 52165 2855
p 2 82 838 0 53334 2935
p 2 68 848 4 55016 2896
p 2 68 852 0 56438 2881
p 2 65 855 0 57089 2896
p 2 88 831 1 57653 3001
p 2 88 831 1 56644 2956
p 2 70 850 0 58892 2989
p 2 88 832 0 59059 3015
p 2 88 832 0 59674 2994
p 2 88 832 0 60611 3041
p 2 97 823 0 58548 3063
p 2 108 812 0 58449 3111
p 2 66 853 1 56660 2928
p 2 65 854 1 54747 2892
p 2 61 858 1 54119 2845
p 2 59 861 0 54795 2775
p 2 84 836 0 53673 2871
p 2 74 845 1 54230 2868
p 2 86 834 0 53628 2886
p 2 96 823 1 54783 2957
p 2 94 826 0 54040 3015
p 2 92 828 0 54585 3016
p 2 87 833 0 55208 3004
p 2 112 808 0 57459 3142
p 2 75 845 0 62400 3016
p 2 86 833 1 67170 3035
p 2 84 835 1 70026 2993
p 2 91 828 1 73977 2993
p 2 116 799 5 76374 3061
p 2 96 824 0 78650 2938
p 2 89 830 1 79056 2891
p 2 65 853 2 79390 2731
p 2 49 869 2 78057 2540
p 2 59 858 3 77681 2543
p 2 62 856 2 76877 2499
p 2 44 874 2 77603 2444
p 2 33 887 0 78591 2444
p 2 31 888 1 79794 2430
p 2 33 887 0 79554 2420
p 2 28 891 1 79107 2334
p 2 23 896 1 80990 2343
p 2 39 878 3 82259 2438
p 2 56 863 1 83021 2512
p 2 33 886 1 82803 2445
p 2 27 892 1 82856 2400
p 2 28 890 2 84943 2392
p 2 41 877 2 84181 2468
p 2 23 895 2 85847 2390
p 2 27 892 1 85729 2419
p 2 35 885 0 86905 2475
p 2 27 893 0 86210 2460
p 2 31 887 2 87183 2455
p 2 28 891 1 87096 2410
p 2 27 892 1 87226 2415
p 2 22 897 1 86218 2432
p 2 26 893 1 86326 2451
p 2 33 887 0 85223 2520
p 2 40 879 1 85084 2555
p 2 31 889 0 85789 2555
p 2 34 886 0 87283 2594
p 2 41 879 0 86893 2595
p 2 45 875 0 87889 2663
p 2 33 887 0 87733 2541
p 2 64 854 2 87419 2724
p 2 59 860 1 86395 2693
p 2 70 846 4 86352 2792
p 2 57 858 5 84829 2695
p 2 53 866 1 83841 2718
p 2 45 874 1 81399 2610
p 2 55 864 1 81413 2673
p 2 47 873 0 78233 2618
p 2 55 865 0 78610 2725
p 2 47 872 1 77161 2612
p 2 49 869 2 75667 2650
p 2 48 872 0 74243 2596
p 2 55 864 1 71764 2624
p 2 30 890 0 69932 2518
p 2 45 872 3 69923 2603
p 2 46 874 0 69013 2573
p 2 54 866 0 70343 2549
p 2 61 858 1 71423 2655
p 2 66 852 2 72457 2662
p 2 59 859 2 72771 2718
p 2 66 851 3 74208 2777
p 2 56 863 1 74335 2737
p 2 67 847 6 74929 2808
p 2 68 851 1 74385 2774
p 2 88 829 3 75506 2937
p 2 86 830 4 75997 2945
p 2 66 853 1 75512 2819
p 2 83 836 1 74845 2892
p 2 69 851 0 74424 2826
p 2 65 854 1 74350 2807
p 2 63 857 0 75227 2821
p 2 88 831 1 72251 2905
p 2 78 841 1 71662 2819
p 2 68 852 0 69349 2736
p 2 69 851 0 68400 2790
p 2 54 866 0 68974 2687
p 2 57 860 3 69975 2706
p 2 70 849 1 69912 2777
p 2 56 862 2 69846 2702
p 2 80 835 5 68429 2790
p 2 52 865 3 69432 2672
p 2 71 849 0 68980 2797
p 2 68 850 2 70043 2786
p 2 63 856 1 69952 2777
p 2 66 852 2 69331 2747
p 2 66 854 0 68500 2739
p 2 80 840 0 68982 2830
p 2 99 821 0 69478 2925
p 2 62 857 1 66670 2713
p 2 78 842 0 68054 2778
p 2 121 798 1 71168 3030
p 2 101 819 0 73103 2960
p 2 94 826 0 72760 2963
p 2 90 830 0 74307 2995
p 2 116 804 0 77991 3171
p 2 154 766 0 83703 3456
p 2 200 720 0 89243 3702
p 2 215 705 0 88831 3750
p 2 188 732 0 81085 3554
p 2 159 759 2 72049 3416
p 2 120 799 1 65807 3165
p 2 84 836 0 58837 2986
p 2 76 844 0 52157 2881
p 2 51 867 2 47658 2701
p 2 34 886 0 44952 2614
p 2 42 876 2 43902 2609
p 2 34 884 2 43067 2542
p 2 43 876 1 41779 2574
p 2 41 878 1 40812 2546
p 2 38 882 0 40906 2540
p 2 52 865 3 39467 2573
p 2 35 884 1 39160 2518
p 2 42 877 1 41354 2511
p 2 35 880 5 42050 2558
p 2 31 886 3 41860 2544
p 2 28 889 3 41295 2533
p 2 34 885 1 40789 2623
p 2 30 886 4 41307 2610
p 2 89 824 7 46359 2958
p 2 273 645 2 65868 3959
p 2 85 829 6 49528 2910
p 2 70 844 6 44386 2765
p 2 61 855 4 46675 2767
p 2 66 851 3 47267 2845
p 2 55 862 3 47116 2786
p 2 65 852 3 46921 2830
p 2 73 839 8 47490 2893
p 2 61 856 3 47521 2878
p 2 67 851 2 47988 2945
p 2 95 822 3 49611 3064
p 2 60 854 6 50775 2966
p 2 77 841 2 52740 3064
p 2 86 829 5 55514 3156
p 2 92 824 4 54791 3096
p 2 56 860 4 54348 2912
p 2 52 867 1 54556 2878
p 2 46 873 1 52318 2795
p 2 38 881 1 52486 2764
p 2 36 879 5 55832 2803
p 2 60 858 2 57756 2889
p 2 83 832 5 62223 3054
p 2 101 819 0 62303 3173
p 2 84 836 0 60375 3067
p 2 331 589 0 68303 4213
p 2 117 796 7 56925 3194
p 2 68 847 5 53942 3017
p 2 78 838 4 56223 3066
p 2 108 810 2 59491 3251
p 2 107 807 6 62211 3332
p 2 116 799 5 59309 3284
p 2 104 811 5 57733 3219
p 2 110 810 0 57239 3231
p 2 163 757 0 59873 3456
p 2 172 748 0 61225 3466
p 2 184 736 0 67784 3726
p 2 222 698 0 79714 3946
p 2 273 647 0 81746 4124
p 2 289 631 0 77185 4145
p 2 251 669 0 74686 4073
p 2 241 677 2 70597 3959
p 2 204 715 1 65429 3733
p 2 115 800 5 61840 3245
p 2 83 832 5 56434 2903
p 2 69 840 11 56275 2798
p 2 67 850 3 55850 2825
p 2 53 850 17 54613 2702
p 2 64 831 25 52104 2731
p 2 53 847 20 52112 2617
p 2 80 815 25 50690 2854
p 2 79 822 19 47079 2705
p 2 77 826 17 41955 2712
p 2 61 840 19 39048 2665
p 2 53 844 23 34406 2571
p 2 81 822 17 31396 2728
p 2 93 827 0 28382 2754
p 2 87 831 2 25003 2733
p 2 110 793 17 21030 2770
p 2 166 749 5 17508 2910
p 2 144 752 24 13921 2823
p 2 172 741 7 10185 2798
i 2 920 0 0 75001 5744
p 2 76 844 0 64414 2911
p 2 51 869 0 63709 2866
p 2 58 862 0 63496 2895
p 2 76 844 0 62690 2921
p 2 49 871 0 60722 2790
p 2 60 860 0 59976 2803
p 2 48 872 0 59102 2719
p 2 37 883 0 58830 2616
p 2 31 889 0 56641 2621
p 2 15 905 0 56829 2537
p 2 18 902 0 57257 2568
p 2 23 897 0 57688 2591
p 2 23 897 0 57616 2538
p 2 18 902 0 58173 2509
p 2 16 904 0 55925 2480
p 2 21 899 0 55486 2495
p 2 18 902 0 53715 2441
p 2 24 896 0 53922 2516
p 2 26 894 0 52480 2505
p 2 22 897 1 52451 2482
p 2 27 892 1 52224 2468
p 2 23 896 1 53166 2509
p 2 26 892 2 52854 2519
p 2 33 887 0 51731 2518
p 2 31 889 0 50552 2477
p 2 30 889 1 52063 2506
p 2 25 895 0 51522 2487
p 2 23 897 0 51754 2448
p 2 41 879 0 53017 2555
p 2 36 883 1 55673 2563
p 2 39 880 1 56083 2610
p 2 39 881 0 57109 2626
p 2 61 859 0 56714 2605
p 2 43 876 1 55847 2561
i 2 920 0 0 60944 5415
p 2 25 895 0 47464 2420
p 2 20 900 0 48359 2476
p 2 14 906 0 48863 2418
p 2 17 902 1 49512 2468
p 2 21 899 0 51770 2468
p 2 21 899 0 52538 2577
p 2 16 903 1 52123 2487
p 2 23 897 0 50054 2480
p 2 27 893 0 51694 2597
p 2 27 893 0 52459 2578
p 2 43 877 0 52982 2630
p 2 32 888 0 53939 2626
p 2 32 888 0 53235 2629
p 2 30 890 0 54340 2614
p 2 38 882 0 54731 2655
p 2 39 881 0 54368 2656
p 2 28 892 0 52664 2570
p 2 35 885 0 52144 2614
p 2 42 877 1 55075 2699
p 2 54 866 0 57258 2766
p 2 49 871 0 58792 2787
p 2 41 879 0 58303 2750
p 2 47 869 4 57563 2762
p 2 51 869 0 58642 2805
p 2 51 867 2 59987 2793
p 2 60 860 0 61668 2841
p 2 39 881 0 60654 2777
p 2 48 872 0 59373 2778
p 2 56 864 0 63290 2888
p 2 72 848 0 65065 2992
p 2 78 842 0 64568 3020
p 2 68 852 0 64864 2974
p 2 66 854 0 64942 2996
p 2 91 829 0 63687 3083
p 2 72 848 0 61949 2996
p 2 64 856 0 61693 2950
p 2 59 861 0 59314 2898
p 2 60 860 0 59632 2840
p 2 70 850 0 60790 2925
p 2 56 864 0 63126 2930
p 2 60 860 0 64277 2959
p 2 58 862 0 64849 2900
p 2 62 858 0 63824 2918
p 2 50 870 0 63169 2826
p 2 45 875 0 62976 2790
p 2 50 870 0 63830 2839
p 2 53 867 0 62102 2866
p 2 51 869 0 61941 2807
p 2 57 863 0 63398 2837
p 2 58 862 0 64800 2889
p 2 79 841 0 65142 2967
p 2 50 870 0 64316 2902
p 2 51 869 0 62514 2875
p 2 51 869 0 59327 2814
p 2 49 871 0 59580 2840
p 2 60 860 0 57968 2848
p 2 44 876 0 58028 2782
p 2 53 867 0 57420 2769
p 2 55 865 0 57974 2769
p 2 69 851 0 59760 2863
p 2 58 862 0 62663 2891
p 2 76 844 0 62996 2982
p 2 77 843 0 62315 2948
p 2 75 845 0 62396 2918
p 2 63 857 0 62118 2891
p 2 67 853 0 63687 2921
p 2 59 861 0 64697 2918
p 2 54 866 0 62709 2889
p 2 49 871 0 62539 2820
p 2 59 860 1 63715 2857
p 2 61 859 0 65433 2923
p 2 52 867 1 61851 2867
p 2 49 870 1 58697 2767
p 2 46 874 0 57191 2791
p 2 46 873 1 57965 2770
p 2 38 882 0 55157 2728
p 2 37 883 0 55121 2707
p 2 39 881 0 53486 2645
p 2 34 886 0 52943 2615
p 2 38 882 0 54395 2689
p 2 38 882 0 54284 2712
p 2 42 878 0 52093 2708
p 2 41 879 0 52075 2682
i 2 920 0 0 71939 5526
p 2 39 876 5 55221 2520
p 2 22 894 4 57476 2470
p 2 43 876 1 60530 2644
p 2 34 881 5 61929 2635
p 2 43 877 0 58824 2620
p 2 32 888 0 54913 2519
p 2 26 894 0 53481 2471
p 2 31 889 0 53265 2504
p 2 30 890 0 52935 2489
p 2 21 899 0 52108 2414
p 2 21 899 0 53112 2421
p 2 22 898 0 53168 2452
p 2 23 897 0 54914 2453
p 2 30 889 1 55830 2554
p 2 34 886 0 57456 2564
p 2 37 880 3 58069 2593
p 2 39 881 0 61237 2626
p 2 66 853 1 64933 2817
p 2 64 854 2 66254 2879
p 2 82 837 1 72504 2996
p 2 106 813 1 71313 3079
p 2 87 833 0 67868 2995
p 2 58 862 0 62970 2772
p 2 62 857 1 58920 2733
p 2 49 869 2 58817 2691
p 2 51 868 1 62102 2805
p 2 67 851 2 63195 2866
p 2 65 853 2 66338 2874
p 2 56 864 0 65741 2817
p 2 46 872 2 62322 2736
p 2 42 878 0 60415 2716
p 2 57 863 0 58737 2797
p 2 39 881 0 58242 2718
p 2 41 879 0 58761 2668
p 2 47 873 0 57862 2662
p 2 51 869 0 58294 2715
p 2 68 851 1 56638 2761
i 2 920 0 0 74489 5530
p 2 35 882 3 56001 2417
p 2 34 881 5 57518 2448
p 2 28 891 1 58434 2451
p 2 24 896 0 58032 2421
p 2 34 886 0 59660 2525
p 2 33 887 0 59223 2527
p 2 23 897 0 57884 2442
p 2 28 892 0 58735 2456
p 2 34 886 0 56660 2470
p 2 19 901 0 54464 2406
p 2 15 905 0 53832 2362
p 2 24 896 0 52763 2373
p 2 23 897 0 54214 2384
p 2 23 897 0 53795 2370
p 2 18 902 0 54784 2338
p 2 24 896 0 55148 2370
p 2 31 889 0 54446 2397
p 2 34 886 0 53066 2417
p 2 41 879 0 54811 2514
p 2 62 858 0 57128 2637
p 2 90 830 0 57696 2772
p 2 67 853 0 56994 2679
p 2 61 859 0 56509 2650
p 2 34 886 0 55564 2548
p 2 33 887 0 54961 2562
p 2 43 877 0 53611 2556
p 2 41 879 0 52919 2513
p 2 30 890 0 55372 2543
p 2 46 874 0 56255 2643
p 2 44 876 0 56570 2637
p 2 44 876 0 55722 2639
p 2 50 870 0 54479 2626
p 2 36 884 0 53698 2535
p 2 44 876 0 53278 2582
p 2 41 879 0 51649 2572
p 2 28 892 0 51419 2540
p 2 34 886 0 51912 2619
p 2 33 887 0 50839 2596
p 2 42 878 0 51071 2661
i 2 920 0 0 58787 5194
p 2 51 863 6 49838 2458
p 2 26 893 1 51087 2393
p 2 41 870 9 51136 2485
p 2 54 862 4 50739 2541
p 2 45 869 6 50669 2502
p 2 41 878 1 50673 2466
p 2 52 860 8 50690 2528
p 2 56 864 0 50947 2506
p 2 59 850 11 51036 2544
p 2 43 876 1 51114 2517
p 2 50 864 6 50567 2556
p 2 24 890 6 49902 2430
p 2 38 872 10 50288 2469
p 2 37 883 0 47989 2472
p 2 33 877 10 48675 2419
p 2 43 877 0 47632 2464
p 2 32 876 12 47460 2408
p 2 57 863 0 49410 2609
p 2 69 836 15 47061 2571
p 2 59 855 6 47675 2526
p 2 66 842 12 46874 2556
p 2 70 845 5 44728 2583
p 2 49 862 9 43912 2449
p 2 56 863 1 41803 2455
p 2 45 851 24 42081 2400
p 2 56 864 0 41289 2480
p 2 61 841 18 42139 2493
p 2 63 854 3 44212 2565
p 2 66 832 22 46268 2551
p 2 53 867 0 46600 2552
p 2 48 850 22 47674 2489
p 2 60 858 2 47967 2582
p 2 62 848 10 49701 2613
p 2 73 847 0 51220 2622
p 2 75 834 11 51911 2644
p 2 67 852 1 49756 2572
p 2 55 841 24 49844 2537
p 2 39 879 2 47943 2458
p 2 34 881 5 47247 2434
p 2 51 863 6 47535 2482
p 2 43 873 4 47886 2482
p 2 48 872 0 48202 2522
p 2 47 870 3 49310 2548
p 2 49 869 2 49259 2589
p 2 46 867 7 49094 2551
p 2 60 859 1 50381 2645
p 2 60 846 14 48499 2545
p 2 49 870 1 48004 2477
p 2 42 867 11 49382 2497
p 2 49 871 0 50038 2549
p 2 54 859 7 49085 2558
p 2 64 856 0 49361 2585
p 2 44 864 12 48727 2464
p 2 39 873 8 46760 2422
p 2 50 856 14 46647 2468
p 2 48 866 6 45418 2448
p 2 42 865 13 44779 2433
p 2 24 896 0 42981 2285
p 2 40 875 5 44104 2382
p 2 36 880 4 44984 2391
p 2 38 880 2 45389 2397
p 2 37 880 3 47226 2448
p 2 45 873 2 49173 2567
p 2 50 870 0 48672 2613
p 2 43 876 1 49872 2621
p 2 40 880 0 49259 2665
p 2 38 882 0 48950 2698
p 2 31 889 0 49827 2654
p 2 49 870 1 49511 2767
p 2 37 883 0 49568 2718
p 2 42 878 0 49963 2703
p 2 44 876 0 50000 2669
p 2 24 896 0 49947 2561
p 2 29 891 0 48585 2548
p 2 34 885 1 49315 2560
p 2 36 884 0 49571 2533
p 2 27 892 1 49044 2529
p 2 21 899 0 46548 2478
p 2 31 886 3 45062 2496
p 2 19 901 0 43689 2438
p 2 17 903 0 44240 2436
p 2 16 904 0 44384 2404
p 2 23 897 0 44944 2443
i 2 920 0 0 72006 5641
p 2 48 869 3 52222 2534
p 2 39 881 0 56238 2548
p 2 34 885 1 56458 2547
p 2 24 895 1 56234 2493
p 2 32 887 1 56211 2492
p 2 37 882 1 56582 2526
p 2 37 882 1 58380 2556
p 2 43 876 1 58327 2552
p 2 43 874 3 58083 2581
p 2 34 886 0 57714 2518
p 2 44 875 1 56301 2528
p 2 49 870 1 53589 2572
p 2 35 885 0 55453 2463
p 2 532 388 0 69534 4505
p 2 10 907 3 40767 2157
p 2 12 905 3 45360 2221
p 2 36 873 11 48042 2415
p 2 47 869 4 50402 2516
p 2 53 861 6 51287 2515
p 2 43 873 4 49150 2437
p 2 21 889 10 46216 2289
p 2 15 899 6 43302 2236
p 2 20 885 15 43135 2250
p 2 19 898 3 44253 2293
p 2 26 886 8 46104 2389
p 2 17 898 5 45862 2321
p 2 21 895 4 45585 2399
p 2 21 895 4 44840 2371
p 2 17 899 4 44696 2340
p 2 494 426 0 82763 4790
p 2 34 884 2 52765 2443
p 2 47 873 0 52051 2505
p 2 11 907 2 47413 2188
p 2 20 900 0 45850 2211
p 2 15 903 2 44873 2165
p 2 10 908 2 43089 2116
p 2 9 906 5 43616 2110
p 2 12 908 0 43106 2126
p 2 11 905 4 43951 2134
p 2 11 908 1 44131 2147
p 2 20 898 2 45983 2237
p 2 21 896 3 46222 2255
p 2 26 892 2 46545 2261
i 2 920 0 0 80537 5635
p 2 86 834 0 69047 2889
p 2 87 833 0 72217 2942
p 2 84 836 0 72256 2978
p 2 113 807 0 74109 3174
p 2 107 813 0 74172 3127
p 2 124 796 0 73865 3253
p 2 135 785 0 73406 3283
p 2 123 797 0 69782 3197
p 2 94 824 2 64973 3042
p 2 77 842 1 62385 2945
p 2 76 843 1 58893 2899
p 2 66 853 1 54234 2784
p 2 44 876 0 51974 2684
p 2 40 879 1 51170 2588
p 2 58 860 2 52986 2652
p 2 67 853 0 60122 2862
p 2 93 826 1 67390 3084
p 2 133 787 0 70566 3237
p 2 100 814 6 69146 3091
p 2 67 848 5 66124 2895
p 2 68 852 0 63445 2922
p 2 57 863 0 59387 2836
p 2 55 865 0 55810 2780
p 2 56 864 0 52504 2737
p 2 41 879 0 49152 2605
p 2 31 889 0 47463 2551
p 2 40 878 2 46547 2566
p 2 45 874 1 45355 2589
p 2 44 875 1 45772 2572
p 2 44 876 0 44814 2590
p 2 47 872 1 44671 2546
p 2 38 882 0 44233 2542
p 2 29 891 0 43296 2471
p 2 37 883 0 43877 2541
p 2 35 885 0 45138 2556
p 2 53 867 0 44089 2584
p 2 39 881 0 43787 2517
p 2 28 892 0 43542 2442
p 2 31 888 1 42998 2414
i 2 920 0 0 80001 5186
p 2 9 911 0 44101 2037
p 2 14 906 0 43526 2047
p 2 5 915 0 42540 1975
p 2 5 914 1 40969 1962
p 2 4 914 2 41026 1964
p 2 7 912 1 40645 1951
p 2 10 910 0 41877 1962
p 2 8 911 1 41149 1957
p 2 4 916 0 41676 1932
p 2 10 910 0 41303 1938
p 2 8 912 0 42128 1927
p 2 6 913 1 41570 1916
p 2 16 902 2 43333 1956
p 2 17 903 0 42772 1955
p 2 6 914 0 44378 1913
p 2 13 907 0 43979 1921
p 2 6 913 1 43499 1871
p 2 13 907 0 42017 1868
p 2 12 908 0 42008 1845
p 2 13 905 2 40242 1828
p 2 6 913 1 40555 1800
p 2 2 916 2 39120 1766
p 2 1 919 0 39341 1756
p 2 2 918 0 38213 1763
p 2 6 913 1 39317 1775
p 2 3 916 1 37338 1733
p 2 3 916 1 38688 1749
p 2 0 920 0 37882 1737
p 2 0 920 0 39386 1733
p 2 8 912 0 40839 1788
p 2 8 912 0 42418 1792
p 2 5 915 0 42591 1740
p 2 3 916 1 44520 1767
p 2 6 913 1 44947 1788
p 2 7 913 0 45610 1780
p 2 5 914 1 45656 1787
p 2 9 910 1 47078 1815
p 2 4 916 0 47142 1791
p 2 11 909 0 48356 1818
p 2 18 902 0 45819 1817
p 2 17 903 0 44476 1797
p 2 8 912 0 41604 1741
p 2 4 916 0 40885 1718
p 2 5 915 0 43393 1710
p 2 4 915 1 43356 1693
p 2 0 920 0 42131 1637
p 2 2 896 22 26921 1468
p 2 2 831 87 14821 1258
p 2 2 657 261 12634 1035
p 2 1 376 543 11530 730
p 2 0 468 452 11163 820
p 2 0 446 474 11437 806
p 2 0 432 488 10812 781
p 2 1 314 605 10953 676
p 2 0 379 541 10759 735
p 2 0 364 556 10766 709
p 2 0 402 518 10716 754
p 2 0 302 618 10935 657
p 2 0 337 583 10941 688
p 2 1 339 580 11375 711
p 2 0 341 579 11132 711
p 2 1 253 666 10969 645
p 2 0 328 592 11128 701
p 2 1 296 623 11240 674
p 2 1 316 603 10706 687
p 2 2 244 674 10749 632
p 2 1 289 630 10762 665
p 2 1 278 641 10900 658
p 2 1 362 557 11053 740
p 2 4 264 652 11087 657
p 2 3 322 595 11595 715
p 2 1 384 535 12522 765
p 2 8 313 599 12326 728
p 2 6 232 682 12302 652
p 2 6 284 630 12608 694
p 2 1 270 649 12553 658
p 2 4 256 660 11938 650
p 2 8 233 679 11791 635
p 2 6 240 674 11542 632
p 2 1 248 671 11482 602
p 2 0 241 679 10918 591
p 2 3 226 691 10783 592
p 2 1 228 691 10976 589
p 2 1 232 687 11327 596
p 2 0 233 687 10962 593
p 2 2 221 697 11463 613
p 2 4 220 696 11392 616
p 2 2 221 697 11688 616
p 2 2 223 695 11182 616
p 2 1 220 699 11203 605
p 2 0 222 698 10853 602
p 2 3 218 699 10912 606
p 2 1 223 696 10480 594
p 2 0 221 699 10714 581
i 2 920 0 0 83027 4903
p 2 0 180 740 426 356
p 2 0 109 811 302 289
p 2 5 147 768 11459 511
p 2 0 116 804 510 308
p 2 0 55 865 287 245
p 2 3 157 760 10305 484
p 2 0 97 823 560 298
p 2 0 76 844 361 265
p 2 4 129 787 10413 465
p 2 0 86 834 505 285
p 2 0 27 893 257 220
p 2 2 118 800 9087 417
p 2 0 113 807 635 315
p 2 0 116 804 7937 389
p 2 0 103 817 631 309
p 2 0 119 801 8236 393
p 2 0 102 818 541 298
p 2 0 58 862 357 249
p 2 0 43 877 293 236
p 2 0 42 878 309 232
p 2 0 21 899 232 214
p 2 0 5 915 207 202
p 2 0 19 901 242 215
p 2 0 16 904 459 211
p 2 0 73 847 384 262
p 2 1 43 876 410 238
p 2 0 40 880 264 229
p 2 0 29 891 261 223
p 2 0 20 900 246 213
p 2 13 197 710 22665 698
p 2 0 162 758 819 373
p 2 12 189 719 22494 698
p 2 0 171 749 1114 382
p 2 15 230 675 21781 769
p 2 0 147 773 757 350
p 2 15 201 704 21718 743
p 2 0 193 727 870 394
p 2 0 146 774 567 330
p 2 0 91 829 619 279
p 2 0 72 848 369 259
p 2 0 25 895 251 218
p 2 0 38 882 556 231
p 2 0 24 896 250 220
p 2 0 56 864 337 244
p 2 0 40 880 560 233
p 2 0 29 891 267 219
p 2 0 24 896 244 218
p 2 0 124 796 712 309
p 2 0 89 831 379 270
p 2 0 69 851 366 259
p 2 0 62 858 533 248
p 2 0 83 837 439 275
p 2 0 53 867 326 242
p 2 1 46 873 505 241
p 2 0 8 912 211 203
p 2 0 11 909 221 206
p 2 0 15 905 490 211
p 2 0 14 906 235 209
p 2 0 20 900 244 211
p 2 0 22 898 456 214
p 2 0 8 912 221 204
p 2 0 6 914 207 201
p 2 0 11 909 432 208
p 2 0 7 913 217 204
p 2 0 7 913 213 203
p 2 0 13 907 442 207
p 2 0 2 918 201 199
p 2 0 5 915 210 201
p 2 1 9 910 355 213
p 2 0 12 908 234 206
p 2 0 16 904 237 210
p 2 0 58 862 482 248
p 2 0 20 900 240 212
p 2 0 8 912 218 203
p 2 0 18 902 458 210
p 2 0 20 900 242 212
p 2 0 16 904 236 210
p 2 0 12 908 437 207
p 2 0 19 901 236 212
p 2 0 11 909 217 205
p 2 0 12 908 428 206
p 2 0 5 915 209 201
p 2 0 2 918 202 199
p 2 1 9 910 435 212
p 2 0 10 910 221 204
p 2 0 7 913 211 202
p 2 0 7 913 468 203
p 2 0 1 919 201 198
p 2 0 4 916 205 200
p 2 0 5 915 427 202
p 2 0 11 909 219 207
p 2 0 3 917 204 200
p 2 0 5 915 416 202
p 2 0 3 917 210 201
p 2 0 1 919 199 198
p 2 1 12 907 444 214
p 2 0 5 915 203 201
p 2 0 9 911 214 204
p 2 0 7 913 470 203
p 2 0 18 902 242 212
p 2 0 18 902 214 210
p 2 0 10 910 435 206
p 2 0 9 911 214 205
p 2 0 5 915 203 199
p 2 0 9 911 426 205
p 2 0 24 896 224 214
p 2 0 4 916 203 201
p 2 0 10 910 205 203
p 2 0 6 914 206 202
p 2 0 8 912 213 203
p 2 0 7 913 427 203
p 2 0 4 916 207 201
p 2 1 4 915 339 209
p 2 0 5 915 210 201
p 2 0 1 919 198 198
p 2 0 1 919 199 198
p 2 0 2 918 200 198
p 2 0 4 916 203 200
p 2 0 3 917 204 200
p 2 0 7 913 211 202
p 2 0 5 915 206 202
p 2 0 4 916 205 201
p 2 0 6 914 208 202
p 2 0 9 911 214 204
p 2 0 3 917 202 199
p 2 0 4 916 203 200
p 2 0 1 919 198 198
p 2 0 2 918 200 199
p 2 0 1 919 199 198
p 2 0 5 915 206 201
p 2 0 1 919 198 198
p 2 0 5 915 208 202
p 2 0 0 920 197 197
p 2 0 1 919 198 198
p 2 0 0 920 197 197
p 2 0 2 918 201 199
p 2 0 5 915 201 200
p 2 0 1 919 199 198
p 2 0 2 918 201 199
p 2 0 1 919 199 198
p 2 0 0 920 197 197
p 2 0 0 920 197 197
p 2 0 2 918 201 199
p 2 0 2 918 200 199
p 2 0 4 916 201 200
p 2 0 5 915 207 201
p 2 0 0 920 197 197
p 2 0 2 918 201 198
p 2 0 4 916 205 200
p 2 0 2 918 200 199
p 2 0 1 919 199 198
p 2 0 3 917 203 199
p 2 0 1 919 199 198
p 2 0 1 919 200 198
p 2 0 1 919 199 198
p 2 0 3 917 206 200
p 2 0 2 918 204 200
p 2 0 1 919 202 199
p 2 0 1 919 199 198
p 2 0 2 918 205 200
p 2 0 1 919 200 198
p 2 4 167 749 21400 623
p 2 0 132 788 758 340
p 2 2 173 745 20568 579
p 2 0 137 783 833 346
p 2 2 279 639 29261 776
p 2 0 234 686 1247 453
p 2 1 273 646 27818 752
p 2 0 246 674 1258 465
p 2 0 178 742 4947 415
p 2 0 135 785 659 332
p 2 0 83 837 441 274
p 2 0 35 885 288 226
p 2 0 33 887 274 225
p 2 0 32 888 271 226
p 2 0 56 864 378 249
p 2 0 47 873 327 237
p 2 0 23 897 269 218
p 2 0 11 909 222 207
p 2 0 12 908 231 207
p 2 0 12 908 236 209
p 2 0 17 903 243 211
p 2 0 20 900 247 213
p 2 0 9 911 213 204
p 2 0 15 905 230 210
p 2 0 17 903 249 211
p 2 0 13 907 233 208
p 2 0 14 906 233 208
p 2 0 10 910 221 204
p 2 0 11 909 221 205
p 2 0 6 914 210 202
p 2 0 34 886 275 226
p 2 0 21 899 241 215
p 2 0 32 888 254 221
p 2 0 18 902 237 212
p 2 0 38 882 286 228
p 2 0 23 897 269 219
p 2 0 22 898 240 216
p 2 0 9 911 211 204
p 2 0 9 911 215 205
p 2 0 11 909 219 205
p 2 0 13 907 234 209
p 2 0 6 914 212 200
p 2 0 8 912 215 204
p 2 0 5 915 207 201
p 2 0 0 920 197 197
p 2 0 6 914 210 202
p 2 0 8 912 219 204
p 2 0 3 917 203 199
p 2 0 4 916 205 201
p 2 0 2 918 201 199
p 2 0 11 909 224 205
p 2 0 1 919 199 198
p 2 0 5 915 209 201
p 2 0 10 910 220 204
p 2 0 75 845 411 268
p 2 0 44 876 313 235
p 2 0 29 891 264 222
p 2 0 20 900 252 216
p 2 0 43 877 312 235
p 2 0 18 902 238 211
p 2 0 6 914 211 203
p 2 0 4 916 208 201
p 2 0 10 910 225 206
p 2 0 7 913 209 202
p 2 0 3 917 205 199
p 2 0 5 915 206 201
p 2 0 1 919 199 198
p 2 0 8 912 208 203
p 2 0 7 913 213 202
p 2 0 10 910 216 204
p 2 0 6 914 205 202
p 2 0 5 915 207 202
p 2 0 2 918 201 199
p 2 0 0 920 197 197
p 2 0 3 917 203 200
p 2 0 6 914 207 200
p 2 0 0 920 197 197
p 2 0 4 916 203 199
p 2 0 6 914 208 202
p 2 0 4 916 207 200
p 2 0 5 915 204 200
p 2 0 3 917 206 200
p 2 0 7 913 213 202
p 2 0 3 917 202 199
p 2 0 2 918 201 198
p 2 0 1 919 199 198
p 2 0 1 919 200 198
p 2 0 1 919 200 198
p 2 0 429 491 2032 667
p 2 0 111 809 488 299
p 2 0 23 897 257 216
p 2 0 8 912 214 203
p 2 0 16 904 229 209
p 2 0 15 905 217 207
p 2 0 11 909 220 205
p 2 0 5 915 209 202
p 2 0 14 906 225 207
p 2 0 9 911 217 205
p 2 0 6 914 206 201
p 2 0 3 917 202 199
p 2 0 3 917 201 200
p 2 0 0 920 197 197
p 2 0 9 911 213 203
p 2 0 6 914 210 202
p 2 0 3 917 204 200
p 2 0 5 915 207 201
p 2 0 0 920 197 197
i 2 920 0 0 66578 5157
p 2 0 175 745 455 363
p 2 0 83 837 275 267
p 2 0 28 892 234 224
p 2 0 28 892 220 218
p 2 0 9 911 206 205
p 2 0 15 905 211 210
p 2 0 5 915 203 200
p 2 0 6 914 202 201
p 2 0 3 917 201 200
p 2 0 10 910 207 205
p 2 0 5 915 206 202
p 2 0 5 915 201 201
p 2 0 1 919 199 198
p 2 0 5 915 201 201
p 2 0 1 919 198 198
p 2 0 5 915 203 201
p 2 0 8 912 208 204
p 2 0 3 917 201 199
p 2 0 2 918 200 199
p 2 0 2 918 199 199
p 2 0 2 918 199 199
p 2 0 2 918 200 200
p 2 0 2 918 199 199
p 2 0 0 920 197 197
p 2 0 6 914 202 202
p 2 0 3 917 200 200
p 2 0 1 919 198 198
p 2 0 0 920 197 197
p 2 0 2 918 199 198
p 2 0 1 919 198 198
p 2 0 2 918 201 199
p 2 0 2 918 200 199
p 2 0 2 918 202 200
p 2 0 1 919 198 198
p 2 0 0 920 197 197
p 2 0 0 920 197 197
p 2 0 1 919 198 198
p 2 0 0 920 197 197
p 2 0 0 920 197 197
p 2 0 0 920 197 197
p 2 0 0 920 197 197
p 2 9 426 485 31345 1133
p 2 0 307 613 1389 527
p 2 9 442 469 30111 1157
p 2 0 333 587 1501 568
p 2 22 439 459 31033 1233
p 2 0 339 581 1493 571
p 2 26 459 435 34076 1294
p 2 0 364 556 1481 584
p 2 32 249 639 7835 755
p 2 0 180 740 1698 398
p 2 4 237 679 6195 583
p 2 0 174 746 668 372
p 2 7 220 693 6103 612
p 2 0 143 777 589 352
p 2 0 140 780 502 327
p 2 8 88 824 1558 329
p 2 0 87 833 419 278
p 2 0 61 859 330 249
p 2 0 65 855 1154 282
p 2 0 34 886 288 228
p 2 0 25 895 258 220
p 2 0 35 885 1297 253
p 2 0 38 882 314 235
p 2 0 23 897 268 218
p 2 5 35 880 658 271
p 2 0 16 904 229 215
p 2 0 17 903 231 212
p 2 8 17 895 1390 263
p 2 0 15 905 233 209
p 2 0 14 906 231 208
p 2 0 37 883 1068 260
p 2 0 21 899 255 218
p 2 0 9 911 217 205
p 2 0 30 890 1310 246
p 2 0 35 885 306 233
p 2 0 18 902 242 214
p 2 0 30 890 1080 253
p 2 0 14 906 237 213
p 2 0 25 895 253 218
p 2 2 21 897 544 238
p 2 0 18 902 244 221
p 2 0 16 904 227 210
p 2 3 34 883 1256 261
p 2 0 21 899 260 217
p 2 0 17 903 241 211
p 2 0 23 897 1300 242
p 2 0 17 903 261 216
p 2 0 7 913 208 202
p 2 0 24 896 1049 248
p 2 0 12 908 241 207
p 2 0 7 913 211 204
p 2 0 24 896 1280 245
p 2 0 18 902 253 217
p 2 0 7 913 216 203
p 2 4 19 897 600 255
p 2 0 18 902 232 219
p 2 0 9 911 212 205
p 2 8 20 892 1390 265
p 2 0 17 903 239 211
p 2 0 12 908 222 207
p 2 0 29 891 1029 249
p 2 0 20 900 233 217
p 2 0 12 908 215 207
p 2 0 21 899 1305 238
p 2 0 13 907 242 213
p 2 0 4 916 207 200
p 2 5 12 903 603 254
p 2 0 12 908 218 213
p 2 0 7 913 205 202
p 2 8 10 902 1364 256
p 2 0 6 914 213 204
p 2 0 5 915 207 202
p 2 0 18 902 1009 239
p 2 0 10 910 231 207
p 2 0 11 909 224 208
p 2 0 20 900 1272 240
p 2 0 15 905 238 211
p 2 0 6 914 204 203
p 2 0 22 898 1026 245
p 2 0 35 885 285 229
p 2 0 11 909 223 205
p 2 3 16 901 542 240
p 2 0 8 912 212 207
p 2 0 5 915 205 202
p 2 8 11 901 1381 259
p 2 0 3 917 207 200
p 2 0 0 920 197 197
p 2 5 11 904 634 251
p 2 0 8 912 209 204
p 2 0 8 912 204 203
p 2 8 9 903 1367 257
p 2 0 3 917 207 200
p 2 0 2 918 201 200
p 2 0 16 904 1015 239
p 2 0 10 910 226 207
p 2 0 3 917 203 200
p 2 0 17 903 1292 237
p 2 0 10 910 237 211
p 2 0 6 914 212 203
p 2 0 2 918 202 199
p 2 0 2 918 203 200
i 2 920 0 0 44284 4130
p 2 0 221 699 452 396
p 2 0 185 735 366 353
p 2 0 82 838 693 273
p 2 0 86 834 280 267
p 2 0 19 901 215 212
p 2 0 45 875 819 243
p 2 0 21 899 238 217
p 2 0 16 904 217 211
p 2 0 22 898 595 225
p 2 0 8 912 210 205
p 2 0 4 916 203 201
p 2 0 12 908 793 218
p 2 0 10 910 245 208
p 2 0 14 906 209 207
p 2 0 15 905 500 221
p 2 0 24 896 235 216
p 2 0 10 910 215 207
p 2 0 16 904 909 224
p 2 0 8 912 217 204
p 2 0 2 918 199 199
p 2 0 16 904 620 223
p 2 0 8 912 226 205
p 2 0 6 914 205 202
p 2 0 12 908 803 221
p 2 0 6 914 223 204
p 2 0 4 916 203 201
p 2 0 14 906 502 221
p 2 0 9 911 233 209
p 2 0 10 910 205 204
p 2 0 16 904 898 219
p 2 0 15 905 237 209
p 2 0 4 916 206 201
p 2 0 18 902 625 225
p 2 0 15 905 242 210
p 2 0 4 916 203 201
p 2 0 12 908 792 217
p 2 0 7 913 244 206
p 2 0 2 918 206 199
p 2 0 14 906 495 223
p 2 0 16 904 269 214
p 2 0 9 911 211 205
p 2 0 12 908 915 218
p 2 0 11 909 225 207
p 2 0 8 912 216 204
p 2 0 12 908 611 220
p 2 0 9 911 222 205
p 2 0 3 917 204 200
p 2 0 12 908 805 218
p 2 0 8 912 229 205
p 2 0 9 911 207 204
p 2 0 3 917 200 200
p 2 0 5 915 204 201
p 2 0 5 915 202 201
p 2 0 10 910 582 217
p 2 0 5 915 214 202
p 2 0 11 909 455 218
p 2 0 5 915 207 202
p 2 0 1 919 208 198
p 2 0 1 919 199 198
p 2 0 9 911 617 210
p 2 0 4 916 208 201
p 2 0 3 917 221 200
p 2 0 11 909 801 218
p 2 0 9 911 220 205
p 2 0 2 918 201 199
p 2 0 11 909 598 218
p 2 0 8 912 250 205
p 2 0 4 916 206 201
p 2 0 15 905 802 222
p 2 0 10 910 231 207
p 2 0 8 912 207 203
p 2 0 13 907 498 223
p 2 0 10 910 229 208
p 2 0 4 916 211 201
p 2 0 12 908 900 220
p 2 0 5 915 218 202
p 2 0 2 918 201 199
p 2 0 12 908 623 219
p 2 0 7 913 225 204
p 2 0 5 915 203 201
p 2 0 13 907 803 220
p 2 0 5 915 224 202
p 2 0 3 917 200 199
p 2 0 13 907 508 219
p 2 0 8 912 223 207
p 2 0 2 918 213 200
p 2 0 12 908 892 219
p 2 0 5 915 212 201
p 2 0 3 917 202 200
p 2 0 8 912 607 214
p 2 0 3 917 208 201
p 2 0 1 919 208 198
p 2 0 11 909 794 218
p 2 0 7 913 238 205
p 2 0 5 915 207 202
p 2 0 9 911 581 217
p 2 0 8 912 226 205
p 2 0 3 917 209 200
p 2 0 10 910 467 215
p 2 0 7 913 220 205
p 2 0 6 914 209 203
p 2 0 11 909 621 213
p 2 0 7 913 219 205
p 2 0 0 920 197 197
p 2 0 14 906 799 220
p 2 0 5 915 230 203
p 2 0 1 919 198 198
p 2 0 8 912 577 215
p 2 0 8 912 234 205
p 2 0 3 917 204 199
p 2 0 11 909 794 218
p 2 0 5 915 243 203
p 2 0 3 917 207 200
p 2 0 10 910 498 216
p 2 0 6 914 213 206
p 2 0 1 919 199 198
p 2 0 12 908 895 219
p 2 0 5 915 213 202
p 2 0 1 919 199 198
p 2 0 13 907 613 221
p 2 0 10 910 229 207
p 2 0 7 913 210 204
p 2 0 13 907 789 219
p 2 0 3 917 208 199
p 2 0 2 918 203 199
p 2 0 10 910 507 222
p 2 0 9 911 224 211
p 2 0 3 917 209 200
p 2 0 13 907 895 219
p 2 0 5 915 224 203
p 2 0 2 918 198 198
p 2 0 10 910 614 217
p 2 0 13 907 222 208
p 2 0 2 918 202 199
p 2 0 10 910 800 218
p 2 0 6 914 221 202
p 2 0 3 917 203 200
p 2 0 9 911 581 216
p 2 0 4 916 210 201
p 2 0 3 917 204 200
p 2 0 8 912 449 212
p 2 0 5 915 231 204
p 2 0 4 916 203 200
p 2 0 11 909 613 212
p 2 0 4 916 209 200
p 2 0 1 919 198 198
p 2 0 10 910 808 218
p 2 0 6 914 228 205
p 2 0 4 916 210 201
p 2 0 9 911 579 217
p 2 0 8 912 245 205
p 2 0 4 916 211 201
p 2 0 10 910 795 217
p 2 0 7 913 241 205
p 2 0 3 917 206 200
p 2 0 12 908 503 220
p 2 0 7 913 215 207
p 2 0 1 919 210 199
p 2 0 10 910 884 217
p 2 0 5 915 215 203
p 2 0 1 919 199 198
p 2 0 11 909 590 217
p 2 0 11 909 220 206
p 2 0 5 915 202 201
p 2 0 9 911 793 215
p 2 0 5 915 210 201
p 2 0 1 919 199 198
p 2 0 10 910 508 220
p 2 0 7 913 220 205
p 2 0 1 919 199 198
p 2 0 11 909 886 218
p 2 0 6 914 216 204
p 2 0 3 917 202 200
p 2 0 11 909 616 219
p 2 0 3 917 213 201
p 2 0 4 916 220 202
p 2 0 9 911 795 215
p 2 0 6 914 221 205
p 2 0 2 918 204 199
p 2 0 1 919 198 198
p 2 0 0 920 197 197
p 2 0 0 920 197 197
p 2 0 1 919 198 198
p 2 0 0 920 197 197
p 2 0 1 919 198 198
p 2 0 10 910 585 219
p 2 0 7 913 224 205
p 2 0 8 912 454 214
p 2 0 6 914 216 204
p 2 0 1 919 199 198
i 2 920 0 0 39743 4269
p 2 0 230 690 478 400
p 2 1 677 242 18565 1257
p 2 0 423 497 1179 603
p 2 0 625 295 15197 1065
p 2 0 385 535 1172 570
p 2 2 595 323 16016 1034
p 2 0 379 541 1164 559
p 2 0 213 707 630 389
p 2 0 132 788 383 310
p 2 0 59 861 279 246
p 2 0 76 844 296 255
p 2 0 59 861 286 244
p 2 0 43 877 269 231
p 2 0 44 876 292 233
p 2 0 57 863 320 248
p 2 0 53 867 890 252
p 2 0 26 894 253 220
p 2 1 29 890 528 235
p 2 0 19 901 226 212
p 2 0 27 893 245 219
p 2 0 12 908 208 205
p 2 0 23 897 231 213
p 2 0 16 904 224 209
p 2 0 14 906 214 208
p 2 0 19 901 221 210
p 2 0 2 918 201 200
p 2 0 4 916 201 201
p 2 0 18 902 243 212
p 2 0 20 900 229 213
p 2 0 19 901 232 212
p 2 0 19 901 222 210
p 2 0 5 915 203 201
p 2 2 24 894 1204 235
p 2 0 18 902 225 210
p 2 0 8 912 206 203
p 2 0 18 902 846 225
p 2 0 10 910 226 209
p 2 0 6 914 209 202
p 2 2 13 905 1092 227
p 2 0 10 910 216 206
p 2 0 6 914 207 203
p 2 1 18 901 509 233
p 2 0 3 917 205 200
p 2 0 5 915 205 201
p 2 2 9 909 1197 223
p 2 0 3 917 203 200
p 2 0 2 918 202 199
p 2 0 15 905 828 225
p 2 0 16 904 222 212
p 2 0 5 915 206 202
p 2 2 12 906 1084 225
p 2 0 8 912 218 205
p 2 0 5 915 204 200
p 2 0 2 918 201 199
p 2 0 4 916 205 200
p 2 0 5 915 210 201
p 2 0 5 915 209 202
p 2 0 2 918 201 199
p 2 0 2 918 199 199
p 2 0 19 901 837 231
p 2 0 15 905 220 209
p 2 0 16 904 500 215
p 2 0 12 908 213 207
p 2 2 629 289 23113 1323
p 2 0 437 483 1377 652
p 2 71 602 247 26176 1534
p 2 0 402 518 1319 609
p 2 131 546 243 30062 1754
p 2 0 374 546 1226 587
p 2 58 619 243 28671 1523
p 2 0 420 500 1368 626
p 2 50 607 263 28781 1542
p 2 0 436 484 1449 644
p 2 0 147 773 497 330
p 2 0 126 794 1094 313
p 2 0 104 816 418 286
p 2 0 66 854 304 251
p 2 0 94 826 932 295
p 2 0 47 873 273 235
p 2 0 25 895 254 220
p 2 0 34 886 993 234
p 2 0 15 905 261 212
p 2 0 24 896 269 217
p 2 1 33 886 489 247
p 2 0 17 903 238 213
p 2 0 21 899 240 214
p 2 4 26 890 1064 246
p 2 0 33 887 280 225
p 2 0 17 903 241 212
p 2 0 47 873 792 249
p 2 0 23 897 255 217
p 2 0 16 904 219 208
p 2 0 26 894 967 229
p 2 0 11 909 232 208
p 2 0 5 915 207 201
p 2 1 33 886 481 246
p 2 0 16 904 219 213
p 2 0 18 902 222 210
p 2 4 22 894 1047 243
p 2 0 15 905 243 211
p 2 0 30 890 297 225
p 2 0 36 884 765 238
p 2 0 24 896 265 220
p 2 0 25 895 234 216
p 2 0 23 897 969 229
p 2 0 14 906 246 210
p 2 0 4 916 204 199
p 2 0 23 897 736 227
p 2 0 18 902 233 214
p 2 0 22 898 231 213
p 2 0 16 904 401 219
p 2 0 3 917 203 200
p 2 0 6 914 201 201
p 2 3 10 907 858 227
p 2 0 4 916 207 200
p 2 0 5 915 207 201
p 2 0 24 896 959 228
p 2 0 13 907 236 207
p 2 0 3 917 203 200
p 2 0 19 901 731 224
p 2 0 17 903 233 215
p 2 0 10 910 210 204
p 2 0 20 900 959 224
p 2 0 15 905 250 211
p 2 0 5 915 209 201
p 2 1 29 890 474 244
p 2 0 13 907 216 210
p 2 0 16 904 213 208
p 2 4 8 908 1024 231
p 2 0 6 914 210 202
p 2 0 1 919 199 198
p 2 0 19 901 726 225
p 2 0 12 908 223 209
p 2 0 11 909 212 206
p 2 0 20 900 956 225
p 2 0 28 892 274 223
p 2 0 5 915 214 202
p 2 1 19 900 449 233
p 2 0 9 911 206 206
p 2 0 12 908 204 204
p 2 4 7 909 1020 230
p 2 0 3 917 205 200
p 2 0 5 915 204 202
p 2 1 19 900 449 234
p 2 0 10 910 209 207
p 2 0 12 908 206 206
p 2 4 11 905 1025 233
p 2 0 3 917 205 200
p 2 0 0 920 197 197
p 2 0 21 899 726 224
p 2 0 16 904 229 212
p 2 0 15 905 215 209
p 2 0 20 900 955 224
p 2 0 12 908 239 208
p 2 0 2 918 203 199
p 2 0 3 917 209 201
p 2 0 5 915 209 202
p 2 0 0 920 197 197
p 2 0 0 920 197 197
p 2 0 22 898 743 229
p 2 0 17 903 235 214
p 2 0 20 900 409 223
p 2 0 6 914 210 206
p 2 0 9 911 215 204
p 2 0 2 918 202 199
p 2 0 2 918 201 199
p 2 0 0 920 197 197
p 2 3 3 914 847 222
p 2 0 4 916 204 201
p 2 0 2 918 201 199
p 2 0 19 901 947 223
p 2 0 7 913 216 203
p 2 0 3 917 203 200
p 2 0 19 901 726 223
p 2 0 15 905 224 211
p 2 0 14 906 209 208
p 2 0 19 901 956 223
p 2 0 7 913 228 204
p 2 0 4 916 207 200
p 2 1 21 898 453 234
p 2 0 10 910 209 207
p 2 0 5 915 201 200
p 2 4 11 905 1024 233
p 2 0 4 916 210 201
p 2 0 2 918 203 199
p 2 0 20 900 732 224
p 2 0 15 905 227 213
p 2 0 10 910 211 206
p 2 0 20 900 953 223
p 2 0 5 915 217 202
p 2 0 5 915 214 202
p 2 1 19 900 447 235
p 2 0 11 909 210 208
p 2 0 12 908 204 204
p 2 4 13 903 1023 235
p 2 0 8 912 220 204
p 2 0 1 919 199 198
p 2 0 21 899 730 225
p 2 0 16 904 226 213
p 2 0 11 909 211 206
p 2 0 19 901 951 222
p 2 0 7 913 226 203
p 2 0 3 917 203 199
p 2 0 19 901 733 223
p 2 0 15 905 227 211
p 2 0 12 908 205 205
p 2 0 12 908 388 214
p 2 0 10 910 207 205
p 2 0 2 918 199 199
p 2 3 3 914 849 222
p 2 0 2 918 204 199
p 2 0 1 919 198 198
p 2 0 19 901 953 222
p 2 0 7 913 219 204
p 2 0 0 920 197 197
p 2 0 19 901 732 224
p 2 0 16 904 230 212
p 2 0 5 915 201 201
p 2 0 20 900 959 225
p 2 0 8 912 224 205
p 2 0 1 919 203 199
p 2 1 18 901 447 233
p 2 0 10 910 210 209
p 2 0 11 909 203 203
p 2 4 6 910 1017 230
p 2 0 2 918 203 199
p 2 0 0 920 197 197
p 2 0 20 900 730 225
p 2 0 19 901 237 216
p 2 0 12 908 205 205
p 2 0 22 898 954 225
p 2 0 8 912 227 204
p 2 0 3 917 205 200
p 2 1 18 901 446 233
p 2 0 10 910 210 207
p 2 0 12 908 207 205
p 2 4 10 906 1021 233
p 2 0 2 918 203 199
p 2 0 0 920 197 197
p 2 1 18 901 446 233
p 2 0 10 910 210 208
p 2 0 13 907 211 206
p 2 4 6 910 1020 231
p 2 0 1 919 201 198
p 2 0 0 920 197 197
p 2 0 18 902 728 222
p 2 0 15 905 220 211
p 2 0 14 906 211 208
p 2 0 19 901 947 223
p 2 0 361 559 1583 578
p 2 0 118 802 467 304
p 2 0 39 881 273 230
p 2 0 22 898 227 213
p 2 0 26 894 751 232
p 2 0 23 897 234 217
p 2 0 17 903 401 218
i 2 920 0 0 84134 5371
p 2 12 907 1 57144 2135
p 2 7 913 0 58415 2155
p 2 20 900 0 60514 2203
p 2 9 911 0 61349 2190
p 2 10 910 0 59847 2213
p 2 16 904 0 60564 2246
p 2 14 906 0 60669 2228
p 2 17 903 0 61412 2244
p 2 8 912 0 61119 2240
p 2 14 906 0 62246 2307
p 2 11 909 0 63920 2309
p 2 13 907 0 64202 2325
p 2 23 897 0 66853 2389
p 2 36 884 0 66580 2455
p 2 35 885 0 66017 2423
p 2 38 882 0 67149 2477
p 2 45 875 0 67661 2553
p 2 41 879 0 66436 2530
p 2 28 892 0 65229 2443
p 2 25 895 0 60460 2393
p 2 27 892 1 59661 2399
p 2 26 894 0 58236 2394
p 2 14 906 0 58904 2370
p 2 56 864 0 57424 2491
p 2 49 870 1 58164 2468
p 2 23 897 0 56960 2389
p 2 12 908 0 54414 2293
p 2 7 913 0 54973 2277
p 2 15 905 0 53108 2299
p 2 17 903 0 55988 2314
p 2 22 898 0 57408 2349
p 2 18 901 1 58176 2352
p 2 23 897 0 58471 2365
p 2 22 898 0 60831 2395
p 2 27 893 0 62678 2445
p 2 21 899 0 61052 2361
p 2 8 912 0 59800 2324
p 2 29 891 0 57396 2380
p 2 36 883 1 56419 2364
p 2 9 911 0 55148 2297
p 2 14 906 0 55581 2294
p 2 24 896 0 54376 2324
p 2 25 894 1 53970 2307
p 2 11 909 0 53542 2268
p 2 11 909 0 54057 2298
p 2 7 912 1 54052 2259
p 2 10 909 1 53642 2263
p 2 17 903 0 53990 2317
p 2 16 903 1 56218 2326
p 2 13 906 1 52247 2322
p 2 19 895 6 51973 2330
p 2 34 886 0 54561 2399
p 2 39 878 3 56216 2455
p 2 35 884 1 55690 2462
p 2 42 870 8 54605 2469
p 2 29 888 3 52164 2370
p 2 22 891 7 50032 2348
p 2 12 904 4 45764 2223
p 2 19 896 5 44666 2232
p 2 28 887 5 43140 2270
p 2 31 878 11 43993 2242
p 2 19 891 10 41803 2154
p 2 11 895 14 41408 2116
p 2 10 900 10 37636 2037
p 2 10 894 16 35680 1991
p 2 8 905 7 33748 1938
p 2 5 891 24 33918 1909
p 2 5 901 14 34943 1943
p 2 5 899 16 35607 1966
p 2 5 912 3 39420 2077
p 2 8 900 12 43216 2168
p 2 23 893 4 46395 2295
p 2 18 899 3 49160 2359
i 2 920 0 0 20497 3490
p 2 0 299 621 604 464
p 2 34 789 97 19930 1560
p 2 0 513 407 1168 702
p 2 3 763 154 15775 1331
p 2 0 546 374 1172 700
p 2 8 749 163 16259 1382
p 2 0 551 369 1352 744
p 2 8 468 444 1814 721
p 2 6 691 223 3369 1021
p 2 14 736 170 4605 1208
p 2 22 725 173 4744 1203
p 2 11 708 201 5476 1232
p 2 0 531 389 1001 687
p 2 0 384 536 750 548
p 2 0 367 553 641 516
p 2 0 334 586 637 486
p 2 0 303 617 502 444
p 2 0 194 726 411 360
p 2 0 249 671 504 409
p 2 0 250 670 533 413
p 2 0 288 632 556 436
p 2 0 145 775 363 315
p 2 0 181 739 379 341
p 2 0 187 733 422 353
p 2 0 259 661 539 410
p 2 0 188 732 416 352
p 2 0 187 733 357 341
p 2 0 81 839 267 259
p 2 0 150 770 362 318
p 2 0 170 750 397 339
p 2 0 183 737 399 345
p 2 0 117 803 306 287
p 2 0 84 836 278 265
p 2 0 102 818 307 279
p 2 0 156 764 375 323
p 2 0 86 834 299 268
p 2 0 84 836 275 264
p 2 0 87 833 290 269
p 2 0 117 803 314 288
p 2 0 138 782 351 313
p 2 0 112 808 300 285
p 2 0 76 844 266 257
p 2 0 79 841 267 258
p 2 0 77 843 271 259
p 2 0 112 808 304 283
p 2 0 111 809 304 285
p 2 0 103 817 285 277
p 2 0 71 849 257 252
p 2 0 105 815 278 275
p 2 0 127 793 309 293
p 2 0 96 824 277 273
p 2 0 73 847 262 257
p 2 0 97 823 277 272
p 2 0 113 807 299 286
p 2 0 69 851 258 253
p 2 0 71 849 250 250
p 2 0 56 864 249 241
p 2 0 76 844 262 255
i 2 920 0 0 71219 4652
p 2 0 906 14 19132 1407
p 2 0 905 15 23311 1454
p 2 0 905 15 23478 1471
p 2 0 907 13 24352 1469
p 2 0 904 16 23775 1474
p 2 0 898 22 23559 1470
p 2 0 913 7 23249 1484
p 2 0 906 14 23826 1490
p 2 0 906 14 22799 1480
p 2 0 910 10 22914 1486
p 2 0 901 19 22802 1484
p 2 0 907 13 23052 1484
p 2 0 899 21 22681 1478
p 2 0 904 16 22171 1479
p 2 0 905 15 22383 1480
p 2 0 910 10 22300 1492
p 2 0 897 23 22056 1472
p 2 0 903 17 21911 1469
p 2 0 914 6 21914 1477
p 2 0 907 13 22399 1491
p 2 0 900 20 21751 1475
p 2 0 907 13 21860 1476
p 2 0 905 15 21655 1473
p 2 0 909 11 22334 1486
p 2 0 912 8 21396 1482
p 2 0 908 12 21605 1465
p 2 0 906 14 20987 1463
p 2 0 904 16 21391 1488
p 2 1 908 11 20663 1477
p 2 0 910 10 20905 1482
p 2 0 911 9 20556 1470
p 2 0 908 12 20882 1467
p 2 0 905 15 20149 1457
p 2 0 910 10 20561 1476
p 2 0 903 17 20386 1465
p 2 0 914 6 20878 1484
p 2 0 905 15 20184 1469
p 2 0 910 10 20280 1468
p 2 0 912 8 20207 1474
p 2 0 902 18 20559 1471
p 2 0 909 11 19865 1473
p 2 0 913 7 19963 1476
p 2 0 909 11 19621 1463
p 2 0 910 10 20345 1472
p 2 0 907 13 19313 1468
p 2 0 911 9 20043 1469
i 2 920 0 0 73587 4845
p 2 0 888 32 17503 1393
p 2 0 891 29 22687 1440
p 2 0 890 30 23087 1449
p 2 0 887 33 23763 1440
p 2 0 894 26 24146 1464
p 2 0 896 24 23911 1458
p 2 0 900 20 23933 1467
p 2 0 896 24 24105 1448
p 2 0 899 21 24528 1482
p 2 0 894 26 23850 1466
p 2 0 901 19 24281 1483
p 2 0 901 19 24126 1478
p 2 0 901 19 24724 1488
p 2 0 896 24 23756 1479
p 2 0 903 17 24325 1488
p 2 0 903 17 24164 1482
p 2 0 899 21 24345 1479
p 2 0 901 19 23867 1477
p 2 0 898 22 23971 1481
p 2 0 900 20 23993 1479
p 2 0 906 14 24523 1488
p 2 0 903 17 23848 1470
p 2 0 896 24 24027 1471
p 2 0 902 18 24056 1471
p 2 0 902 18 24652 1476
p 2 0 904 16 23805 1479
p 2 0 901 19 24102 1472
p 2 0 907 13 24019 1473
p 2 0 902 18 24598 1479
p 2 0 909 11 23892 1480
p 2 0 905 15 24269 1496
p 2 0 900 20 24165 1483
p 2 0 901 19 24561 1495
p 2 0 903 17 23991 1475
p 2 0 904 16 24505 1488
p 2 0 899 21 24229 1483
p 2 0 910 10 24678 1500
p 2 0 903 17 24150 1487
p 2 0 903 17 24472 1493
p 2 0 902 18 24242 1485
p 2 0 897 23 24622 1490
p 2 0 904 16 24044 1469
p 2 0 901 19 24232 1495
p 2 0 895 25 24093 1472
p 2 0 900 20 24790 1485
p 2 0 901 19 24083 1480
p 2 0 906 14 24417 1504
p 2 0 899 21 24022 1485
p 2 0 894 26 24693 1486
p 2 0 891 29 23778 1472
p 2 0 903 17 24310 1486
p 2 0 897 23 24048 1481
p 2 0 892 28 24628 1490
p 2 0 895 25 23917 1472
p 2 0 896 24 24219 1476
p 2 0 904 16 24374 1486
p 2 0 898 22 24684 1482
p 2 0 902 18 23975 1480
p 2 0 899 21 24092 1490
p 2 0 893 27 24151 1474
p 2 0 901 19 24506 1484
p 2 0 904 16 23996 1478
p 2 0 902 18 24330 1483
p 2 0 893 27 24068 1471
p 2 0 892 28 24568 1490
p 2 0 895 25 23907 1471
p 2 0 902 18 24352 1497
p 2 0 900 20 23955 1473
p 2 0 903 17 24677 1500
p 2 0 902 18 23956 1486
p 2 0 903 17 24246 1487
p 2 0 898 22 24277 1479
p 2 0 899 21 24569 1486
p 2 0 900 20 23697 1476
p 2 0 898 22 24128 1483
p 2 0 899 21 23925 1470
p 2 0 895 25 24276 1483
p 2 0 897 23 23885 1473
p 2 0 887 33 24158 1471
p 2 0 896 24 23867 1468
p 2 0 890 30 24331 1459
p 2 0 905 15 23820 1469
p 2 0 895 25 23917 1466
p 2 0 901 19 24176 1468
p 2 0 896 24 24269 1464
p 2 0 898 22 23738 1467
p 2 0 894 26 23927 1460
p 2 0 898 22 24043 1476
p 2 0 901 19 24250 1477
p 2 0 899 21 23678 1467
p 2 0 894 26 23986 1469
p 2 0 902 18 23758 1471
p 2 0 893 27 24174 1465
p 2 0 896 24 23504 1457
p 2 0 901 19 23973 1478
p 2 0 899 21 23982 1486
p 2 0 901 19 24478 1480
p 2 0 896 24 23635 1472
p 2 0 878 42 23963 1469
p 2 0 888 32 23747 1463
p 2 0 900 20 24333 1477
p 2 0 901 19 23533 1469
p 2 0 892 28 24097 1491
p 2 0 894 26 23723 1476
p 2 0 895 25 24421 1480
p 2 0 897 23 23501 1473
p 2 0 887 33 23865 1482
p 2 0 897 23 23357 1469
p 2 0 892 28 24193 1469
p 2 0 892 28 23298 1458
p 2 0 897 23 23576 1475
p 2 0 901 19 23353 1478
p 2 0 896 24 23674 1477
p 2 0 902 18 23026 1475
p 2 0 899 21 23367 1478
p 2 0 893 27 23163 1465
p 2 0 892 28 23807 1484
p 2 0 882 38 22786 1445
p 2 0 894 26 23550 1484
p 2 0 887 33 23251 1466
p 2 0 889 31 23816 1478
p 2 0 879 41 22663 1443
p 2 0 886 34 23142 1461
p 2 0 894 26 22935 1460
p 2 0 899 21 23384 1472
p 2 0 873 47 22669 1439
p 2 0 886 34 23212 1465
p 2 0 878 42 22798 1443
p 2 0 872 48 23229 1446
p 2 0 893 27 22569 1450
p 2 0 891 29 22937 1450
p 2 0 868 52 22584 1425
p 2 0 888 32 23113 1464
p 2 0 889 31 22229 1431
p 2 0 867 53 22719 1435
p 2 0 872 48 22295 1417
p 2 0 900 20 23104 1456
p 2 0 877 43 21969 1409
p 2 0 884 36 22792 1443
p 2 0 882 38 22122 1418
p 2 0 890 30 22921 1456
p 2 0 872 48 22094 1405
p 2 0 892 28 22440 1432
p 2 0 877 43 22327 1424
p 2 0 891 29 22844 1452
p 2 0 872 48 21764 1408
p 2 0 883 37 22330 1416
p 2 0 879 41 22018 1433
p 2 0 885 35 22392 1422
p 2 0 877 43 21910 1400
p 2 0 879 41 21982 1417
p 2 0 874 46 21858 1412
p 2 0 888 32 22487 1435
p 2 0 878 42 21487 1417
p 2 0 886 34 22024 1412
p 2 0 893 27 21558 1417
p 2 0 893 27 21958 1424
p 2 0 885 35 21252 1403
p 2 0 857 63 21275 1382
p 2 0 876 44 21207 1410
p 2 0 878 42 21828 1414
p 2 0 858 62 20762 1377
p 2 0 858 62 21166 1381
p 2 0 865 55 20930 1391
p 2 0 878 42 21561 1400
p 2 0 863 57 20649 1382
p 2 0 875 45 21088 1399
p 2 0 854 66 20494 1370
p 2 0 874 46 21659 1395
p 2 0 878 42 20084 1375
p 2 0 871 49 20658 1383
p 2 0 894 26 20184 1396
p 2 0 892 28 21062 1403
p 2 0 891 29 19735 1379
p 2 0 860 60 20200 1375
p 2 0 855 65 19593 1345
p 2 0 878 42 20513 1383
p 2 0 865 55 19287 1358
p 2 0 881 39 20075 1377
p 2 0 855 65 19330 1353
p 2 0 877 43 20435 1382
p 2 0 865 55 18945 1341
p 2 0 864 56 19834 1352
p 2 0 840 80 19413 1339
p 2 0 871 49 20037 1367
p 2 0 846 74 18393 1318
p 2 0 874 46 19307 1349
p 2 0 865 55 18873 1346
p 2 0 863 57 19650 1355
p 2 0 842 78 18211 1312
p 2 0 868 52 19186 1348
p 2 0 842 78 18383 1310
p 2 0 864 56 19535 1343
p 2 0 830 90 18037 1302
p 2 0 862 58 18565 1330
p 2 0 860 60 18217 1325
p 2 0 847 73 18874 1329
p 2 0 846 74 17611 1300
p 2 0 842 78 18271 1303
p 2 0 836 84 17850 1313
p 2 0 851 69 18543 1320
p 2 0 846 74 17358 1300
p 2 0 862 58 17494 1310
p 2 0 818 102 17184 1270
p 2 0 853 67 18318 1314
p 2 0 834 86 16942 1295
p 2 0 836 84 17202 1281
p 2 0 818 102 16847 1252
p 2 0 852 68 17620 1297
p 2 0 826 94 16165 1268
p 2 0 846 74 17353 1304
p 2 0 816 104 16161 1241
p 2 0 854 66 17200 1286
p 2 0 837 83 15998 1266
p 2 0 839 81 16348 1263
p 2 0 830 90 16127 1259
p 2 0 847 73 16615 1272
p 2 0 810 110 15173 1232
p 2 0 838 82 15780 1256
p 2 0 825 95 15296 1238
p 2 0 825 95 15945 1243
p 2 0 787 133 14644 1197
p 2 0 825 95 14950 1232
p 2 0 805 115 14863 1221
p 2 0 815 105 15338 1229
p 2 0 795 125 13841 1202
p 2 0 803 117 14236 1206
p 2 0 838 82 14263 1242
p 2 0 830 90 14641 1238
p 2 0 812 108 13258 1206
p 2 0 812 108 13246 1192
p 2 0 782 138 13284 1175
p 2 0 802 118 13693 1207
p 2 0 782 138 12299 1175
p 2 0 779 141 12215 1153
p 2 0 794 126 12354 1178
p 2 0 800 120 12885 1180
p 2 0 773 147 11216 1145
p 2 0 794 126 11504 1158
p 2 0 820 100 11510 1180
p 2 0 800 120 11805 1177
p 2 0 778 142 10345 1132
p 2 0 779 141 9954 1126
p 2 0 765 155 10002 1115
p 2 0 785 135 10366 1140
p 2 0 751 169 9335 1107
p 2 0 735 185 8678 1057
p 2 0 757 163 8837 1101
p 2 0 751 169 8911 1098
p 2 0 826 94 10327 1239
p 2 0 811 109 7780 1127
p 2 0 699 221 6994 1004
p 2 0 696 224 5835 959
p 2 0 715 205 6227 1001
p 2 0 726 194 6545 1018
p 2 0 720 200 6539 1007
p 2 0 557 363 3030 775
p 2 0 660 260 4508 921
p 2 0 690 230 4684 953
p 2 0 643 277 4041 901
p 2 0 350 570 1323 531
p 2 0 586 334 2691 791
p 2 0 598 322 2889 815
p 2 0 574 346 2282 773
p 2 0 245 675 935 417
p 2 0 262 658 1587 444
p 2 1 231 688 1648 435
p 2 0 190 730 1550 393
p 2 0 163 757 1822 376
p 2 1 173 746 1999 388
p 2 1 104 815 2050 336
p 2 0 122 798 2766 351
p 2 1 140 779 3063 385
p 2 0 179 741 3485 415
p 2 1 202 717 3082 443
p 2 1 172 747 3573 428
p 2 1 127 792 3562 373
p 2 1 131 788 3754 390
p 2 0 134 786 4586 397
p 2 0 203 717 4777 453
p 2 0 144 776 4032 402
p 2 0 169 751 4450 429
p 2 0 170 750 4715 439
p 2 0 188 732 5674 457
p 2 0 179 741 5822 463
p 2 1 152 767 4991 426
p 2 0 210 710 5404 473
p 2 0 200 720 5458 472
p 2 0 310 610 6158 581
p 2 0 215 705 4762 474
p 2 0 184 736 5205 451
p 2 0 263 657 4498 508
p 2 0 239 681 2919 456
p 2 0 178 742 968 375
p 2 0 133 787 592 322
p 2 0 112 808 473 298
p 2 0 54 866 537 246
p 2 0 52 868 328 242
p 2 0 48 872 321 241
p 2 0 68 852 554 259
p 2 0 33 887 272 223
p 2 0 35 885 274 225
p 2 0 41 879 480 231
p 2 0 59 861 352 250
p 2 0 50 870 316 242
p 2 0 38 882 456 230
p 2 0 31 889 261 222
p 2 0 18 902 243 212
p 2 0 27 893 412 226
p 2 0 18 902 244 213
p 2 0 12 908 226 207
p 2 0 75 845 526 263
p 2 0 44 876 292 234
p 2 0 52 868 291 235
p 2 0 41 879 488 235
p 2 0 36 884 271 223
p 2 0 12 908 227 208
p 2 0 25 895 411 219
p 2 0 23 897 248 215
p 2 0 18 902 234 211
p 2 0 10 910 390 206
p 2 0 11 909 224 205
p 2 0 9 911 222 206
p 2 0 20 900 430 218
p 2 0 9 911 218 204
p 2 0 2 918 202 199
p 2 0 9 911 438 207
p 2 0 10 910 221 204
p 2 0 3 917 204 200
p 2 0 10 910 392 206
p 2 0 5 915 211 201
p 2 0 10 910 219 206
p 2 0 9 911 410 204
p 2 0 10 910 222 206
p 2 0 5 915 207 201
p 2 0 12 908 429 213
p 2 0 15 905 231 209
p 2 0 19 901 238 212
p 2 0 14 906 442 210
p 2 0 11 909 219 206
p 2 0 5 915 206 201
p 2 0 12 908 393 207
p 2 0 10 910 221 205
p 2 0 8 912 212 204
p 2 0 16 904 418 211
p 2 0 7 913 217 203
p 2 0 8 912 221 204
p 2 0 2 918 201 199
p 2 0 2 918 202 199
p 2 0 2 918 201 199
p 2 0 4 916 208 201
p 2 0 7 913 392 204
p 2 0 2 918 205 199
p 2 0 10 910 371 210
p 2 0 8 912 214 204
p 2 0 4 916 202 200
p 2 0 3 917 203 199
p 2 0 1 919 199 198
p 2 0 3 917 203 200
p 2 0 21 899 231 212
p 2 0 17 903 217 208
p 2 0 12 908 216 206
p 2 0 4 916 205 202
p 2 0 9 911 220 204
p 2 0 5 915 207 201
p 2 0 13 907 387 208
p 2 0 10 910 214 204
p 2 0 9 911 218 202
p 2 0 6 914 403 203
p 2 0 5 915 210 200
p 2 0 6 914 207 200
p 2 0 9 911 394 206
p 2 0 1 919 199 198
p 2 0 3 917 203 199
p 2 0 5 915 397 203
p 2 0 10 910 224 205
p 2 0 1 919 199 198
p 2 0 7 913 405 209
p 2 0 3 917 208 200
p 2 0 1 919 198 198
p 2 0 4 916 416 202
p 2 0 2 918 203 199
p 2 0 3 917 203 200
p 2 0 10 910 392 207
p 2 0 6 914 215 202
p 2 0 5 915 208 200
p 2 0 10 910 401 206
p 2 0 7 913 213 203
p 2 0 2 918 202 200
p 2 0 5 915 410 207
p 2 0 7 913 214 204
p 2 0 11 909 222 206
p 2 0 9 911 436 207
p 2 0 9 911 223 205
p 2 0 12 908 230 207
p 2 0 7 913 386 205
p 2 0 9 911 212 206
p 2 0 8 912 205 203
p 2 0 7 913 405 205
p 2 0 9 911 219 205
p 2 0 5 915 209 201
p 2 0 7 913 381 205
p 2 0 9 911 217 205
p 2 0 1 919 199 198
p 2 0 4 916 373 206
p 2 0 6 914 210 202
p 2 0 9 911 217 204
p 2 0 14 906 391 211
p 2 0 5 915 209 201
p 2 0 2 918 201 199
p 2 0 7 913 410 204
p 2 0 5 915 207 201
p 2 0 4 916 207 201
p 2 0 12 908 394 209
p 2 0 10 910 221 205
p 2 0 2 918 202 199
p 2 0 5 915 390 202
p 2 0 6 914 212 202
p 2 0 6 914 211 202
p 2 0 4 916 397 206
p 2 0 3 917 205 199
p 2 0 2 918 204 199
p 2 0 7 913 435 205
p 2 0 9 911 211 203
p 2 0 0 920 197 197
p 2 0 7 913 382 204
p 2 0 3 917 208 199
p 2 0 1 919 198 198
p 2 0 6 914 386 203
p 2 0 4 916 207 199
p 2 0 2 918 201 199
p 2 0 10 910 405 209
p 2 0 4 916 217 201
p 2 0 4 916 204 200
p 2 0 9 911 428 205
p 2 0 8 912 218 204
p 2 0 10 910 217 204
p 2 0 19 901 416 214
p 2 0 11 909 228 206
p 2 0 4 916 205 200
p 2 0 4 916 389 202
p 2 0 2 918 205 199
p 2 0 2 918 203 199
p 2 0 7 913 379 205
p 2 0 4 916 210 201
p 2 0 4 916 208 201
p 2 0 5 915 378 206
p 2 0 4 916 208 200
p 2 0 2 918 205 199
p 2 0 8 912 397 205
p 2 0 6 914 214 203
p 2 0 3 917 206 200
p 2 0 6 914 406 204
p 2 0 4 916 209 200
p 2 0 4 916 210 199
p 2 0 5 915 378 202
p 2 0 4 916 205 201
p 2 0 3 917 203 200
p 2 0 6 914 388 204
p 2 0 5 915 210 202
p 2 0 3 917 204 200
p 2 0 4 916 397 205
p 2 0 3 917 205 199
p 2 0 2 918 201 199
p 2 0 5 915 431 203
p 2 0 5 915 210 200
p 2 0 5 915 208 202
p 2 0 4 916 395 205
p 2 0 3 917 206 200
p 2 0 0 920 197 197
p 2 0 4 916 428 203
p 2 0 5 915 213 201
p 2 0 4 916 203 201
p 2 0 6 914 384 204
p 2 0 2 918 205 199
p 2 0 1 919 199 198
p 2 0 5 915 387 202
p 2 0 3 917 204 200
p 2 0 0 920 197 197
p 2 0 2 918 201 199
p 2 0 1 919 198 198
p 2 0 2 918 201 198
p 2 0 0 920 197 197
p 2 0 4 916 376 203
p 2 0 3 917 211 200
p 2 0 4 916 361 206
p 2 0 2 918 203 198
p 2 0 0 920 197 197
p 2 0 0 920 197 197
p 2 0 0 920 197 197
p 2 0 0 920 197 197
p 2 0 201 719 18048 614
p 2 0 160 760 849 364
p 2 0 197 723 16133 596
p 2 0 156 764 851 365
p 2 0 217 703 17624 619
p 2 0 158 762 827 368
p 2 1 219 700 17070 620
p 2 0 167 753 879 378
p 2 0 601 319 3278 893
p 2 0 266 654 937 446
p 2 0 70 850 356 258
p 2 0 41 879 277 232
p 2 0 114 806 550 295
p 2 0 62 858 333 247
p 2 0 47 873 297 236
p 2 0 81 839 439 268
p 2 0 95 825 423 279
p 2 0 40 880 290 232
p 2 0 36 884 374 227
p 2 0 29 891 270 221
p 2 0 32 888 259 223
p 2 1 8 911 245 209
p 2 0 13 907 222 205
p 2 0 24 896 257 217
p 2 0 30 890 371 221
p 2 0 11 909 220 204
p 2 0 15 905 228 208
p 2 0 14 906 309 206
p 2 0 22 898 248 216
p 2 0 19 901 239 213
p 2 0 20 900 336 213
p 2 0 10 910 215 205
p 2 0 11 909 223 206
p 2 1 6 913 246 207
p 2 0 12 908 217 204
p 2 0 9 911 215 204
p 2 0 21 899 349 215
p 2 0 5 915 204 201
p 2 0 9 911 223 203
p 2 0 20 900 320 214
p 2 0 17 903 234 210
p 2 0 6 914 209 202
p 2 0 5 915 302 201
p 2 0 10 910 221 205
p 2 0 16 904 231 211
p 2 0 14 906 304 208
p 2 0 11 909 226 205
p 2 0 8 912 214 203
p 2 0 7 913 255 204
p 2 0 4 916 210 201
p 2 0 7 913 212 202
p 2 0 7 913 315 204
p 2 0 4 916 207 200
p 2 0 3 917 203 200
p 2 1 1 918 236 204
p 2 0 4 916 205 201
p 2 0 10 910 221 206
p 2 0 9 911 325 205
p 2 0 6 914 213 202
p 2 0 6 914 215 203
p 2 0 9 911 294 205
p 2 0 4 916 207 201
p 2 0 2 918 201 199
p 2 0 3 917 300 201
p 2 0 4 916 205 200
p 2 0 5 915 207 201
p 2 0 2 918 201 199
p 2 0 2 918 200 199
p 2 0 0 920 197 197
p 2 0 1 919 199 198
p 2 0 3 917 278 201
p 2 0 2 918 200 199
p 2 0 3 917 248 199
p 2 0 1 919 199 198
p 2 0 1 919 199 198
p 2 0 1 919 199 198
p 2 0 0 920 197 197
i 2 920 0 0 25167 3822
p 2 0 726 194 3299 903
p 2 0 754 166 4266 944
p 2 3 627 290 5599 863
p 2 0 689 231 4756 883
p 2 0 648 272 4801 871
p 2 2 653 265 6174 879
p 2 0 644 276 4838 874
p 2 0 651 269 4957 860
p 2 0 632 288 5773 870
p 2 0 685 235 4981 892
p 2 0 639 281 4994 865
p 2 2 697 221 6273 939
p 2 0 581 339 4909 828
p 2 0 659 261 5032 875
p 2 4 646 270 5371 923
p 2 0 680 240 4931 888
p 2 0 610 310 4802 849
p 2 8 651 261 6306 921
p 2 0 655 265 4933 883
p 2 0 660 260 5092 862
p 2 0 652 268 5855 905
p 2 0 684 236 5024 906
p 2 0 645 275 5097 880
p 2 2 653 265 6407 907
p 2 0 636 284 4977 873
p 2 0 638 282 5053 859
p 2 4 629 287 5275 914
p 2 0 673 247 4914 893
p 2 0 602 318 4821 841
p 2 8 650 262 6354 941
p 2 0 628 292 4877 856
p 2 0 620 300 5001 843
p 2 0 634 286 5936 900
p 2 0 667 253 5072 876
p 2 0 659 261 5053 895
p 2 2 638 280 6275 892
p 2 0 626 294 5118 864
p 2 0 635 285 5076 868
p 2 0 636 284 5840 880
p 2 0 660 260 5055 878
p 2 0 636 284 5214 873
p 2 2 648 270 5379 889
p 2 0 637 283 5022 867
p 2 0 669 251 5025 886
p 2 4 666 250 6337 927
p 2 0 651 269 5170 874
p 2 0 649 271 5269 870
p 2 2 679 239 6485 918
p 2 0 621 299 5184 870
p 2 0 652 268 5274 881
p 2 0 648 272 5995 902
p 2 0 620 300 5110 852
p 2 0 610 310 5099 843
p 2 3 652 265 6686 920
p 2 0 635 285 5272 883
p 2 0 628 292 5212 856
p 2 5 642 273 5557 935
p 2 0 655 265 5119 883
p 2 0 609 311 5099 857
p 2 9 658 253 6703 952
p 2 0 628 292 5257 861
p 2 0 660 260 5328 881
p 2 0 664 256 6392 911
p 2 0 661 259 5251 885
p 2 0 664 256 5320 895
p 2 4 667 249 6566 924
p 2 0 657 263 5387 890
p 2 0 651 269 5252 879
p 2 4 610 306 5662 915
p 2 0 677 243 4963 896
p 2 0 640 280 5121 877
p 2 10 652 258 6704 951
p 2 0 618 302 5416 880
p 2 0 654 266 5135 867
p 2 0 654 266 6084 915
p 2 0 671 249 5151 900
p 2 0 628 292 5325 878
p 2 2 671 247 6517 918
p 2 0 648 272 5201 886
p 2 0 642 278 5104 869
p 2 0 666 254 6245 917
p 2 0 663 257 5134 895
p 2 0 620 300 5159 861
p 2 2 700 218 5488 953
p 2 0 683 237 5229 917
p 2 0 685 235 5114 910
p 2 9 648 263 6608 951
p 2 0 686 234 5232 915
p 2 0 672 248 5368 902
p 2 0 683 237 6113 926
p 2 0 646 274 5200 891
p 2 0 633 287 5187 866
p 2 1 641 278 6692 915
p 2 0 660 260 5201 889
p 2 0 679 241 5301 915
p 2 5 676 239 5507 949
p 2 0 657 263 5092 893
p 2 0 663 257 5111 881
p 2 9 658 253 6751 963
p 2 0 660 260 5178 884
p 2 0 642 278 5322 872
p 2 0 680 240 6094 918
p 2 0 616 304 5305 853
p 2 0 682 238 5393 907
p 2 3 652 265 6655 917
p 2 0 700 220 5275 914
p 2 0 612 308 5327 861
p 2 0 665 255 5252 884
p 2 0 652 268 5472 889
p 2 0 641 279 5178 866
p 2 0 613 307 6168 879
p 2 0 646 274 5239 869
p 2 1 644 275 5665 908
p 2 0 706 214 5201 912
p 2 0 647 273 5130 881
p 2 0 665 255 5171 869
p 2 5 630 285 6534 920
p 2 0 659 261 5248 888
p 2 0 658 262 5427 892
p 2 3 659 258 6663 923
p 2 0 614 306 5402 856
p 2 0 624 296 5444 864
p 2 0 668 252 6330 918
p 2 0 653 267 5382 879
p 2 0 624 296 5398 863
p 2 3 656 261 6840 921
p 2 0 629 291 5426 879
p 2 0 607 313 5387 846
p 2 5 652 263 5644 932
p 2 0 648 272 5473 877
p 2 0 666 254 5300 889
p 2 11 607 302 6758 909
p 2 0 680 240 5517 916
p 2 0 624 296 5458 860
p 2 0 642 278 6346 904
p 2 0 679 241 5427 894
p 2 0 675 245 5478 914
p 2 4 669 247 6904 944
p 2 0 669 251 5461 896
p 2 0 606 314 5516 845
p 2 5 654 261 5732 936
p 2 0 666 254 5264 883
p 2 0 641 279 5261 874
p 2 11 674 235 6984 993
p 2 0 657 263 5456 898
p 2 0 660 260 5530 900
p 2 0 690 230 6258 944
p 2 0 672 248 5439 896
p 2 0 661 259 5374 894
p 2 5 672 243 6929 958
p 2 0 655 265 5352 892
p 2 0 652 268 5621 897
p 2 0 660 260 6414 939
p 2 0 663 257 5481 891
p 2 0 688 232 5481 923
p 2 1 682 237 5811 930
p 2 0 658 262 5311 903
p 2 0 674 246 5350 891
p 2 6 674 240 6541 947
p 2 0 650 270 5461 879
p 2 0 666 254 5528 898
p 2 4 666 250 6938 938
p 2 0 652 268 5426 895
p 2 0 655 265 5478 880
p 2 0 653 267 6352 931
p 2 0 680 240 5483 907
p 2 0 642 278 5488 880
p 2 4 641 275 6812 921
p 2 0 610 310 5467 862
p 2 0 643 277 5585 880
p 2 5 643 272 5885 952
p 2 0 661 259 5372 891
p 2 0 630 290 5337 882
p 2 11 637 272 7112 958
p 2 0 654 266 5484 900
p 2 0 656 264 5586 893
p 2 0 703 217 6512 973
p 2 0 646 274 5597 884
p 2 0 652 268 5638 895
p 2 5 673 242 7033 938
p 2 0 633 287 5522 889
p 2 0 649 271 5646 885
p 2 5 641 274 5898 947
p 2 0 658 262 5327 875
p 2 0 658 262 5346 885
p 2 10 680 230 7109 973
p 2 0 624 296 5499 882
p 2 0 633 287 5613 882
p 2 0 682 238 6426 952
p 2 0 627 293 5601 862
p 2 0 712 208 5540 930
p 2 3 667 250 6967 950
p 2 0 643 277 5442 891
p 2 0 633 287 5655 861
p 2 0 673 247 6440 947
p 2 0 656 264 5543 882
p 2 0 657 263 5575 892
p 2 1 662 257 5992 922
p 2 0 710 210 5403 938
p 2 0 682 238 5293 902
p 2 11 673 236 7180 977
p 2 0 682 238 5688 912
p 2 0 652 268 5595 893
p 2 0 681 239 6519 949
p 2 0 649 271 5518 879
p 2 0 649 271 5733 892
p 2 2 716 202 7260 983
p 2 0 630 290 5698 878
p 2 0 631 289 5630 876
p 2 0 647 273 5772 882
p 2 0 680 240 5706 925
p 2 0 615 305 5678 857
p 2 0 661 259 5738 903
p 2 0 662 258 6640 931
p 2 0 675 245 5653 916
p 2 1 652 267 5985 908
p 2 0 686 234 5419 920
p 2 0 658 262 5520 883
p 2 0 687 233 5310 916
p 2 0 677 243 5519 902
i 2 920 0 0 73556 4592
p 2 0 165 755 412 340
p 2 0 121 799 317 303
p 2 0 264 656 17908 670
p 2 0 215 705 970 424
p 2 0 119 801 472 306
p 2 0 224 696 16062 613
p 2 0 185 735 830 388
p 2 0 78 842 379 269
p 2 2 220 698 18680 662
p 2 0 192 728 945 405
p 2 0 96 824 422 286
p 2 0 61 859 353 253
p 2 0 59 861 322 248
p 2 0 68 852 391 259
p 2 0 31 889 255 221
p 2 0 32 888 271 223
p 2 0 42 878 533 235
p 2 0 80 840 422 272
p 2 0 62 858 375 253
p 2 0 42 878 478 235
p 2 0 19 901 232 211
p 2 0 12 908 219 206
p 2 0 15 905 409 211
p 2 0 67 853 359 255
p 2 0 36 884 268 228
p 2 0 39 881 479 235
p 2 0 33 887 270 224
p 2 0 42 878 293 235
p 2 0 40 880 494 230
p 2 0 33 887 260 223
p 2 0 6 914 215 202
p 2 0 14 906 405 210
p 2 0 14 906 233 207
p 2 0 12 908 222 207
p 2 0 7 913 391 204
p 2 0 8 912 213 204
p 2 0 4 916 205 200
p 2 0 7 913 391 206
p 2 0 8 912 218 203
p 2 0 7 913 215 202
p 2 0 7 913 366 208
p 2 0 5 915 208 202
p 2 0 1 919 200 198
p 2 0 10 910 210 204
p 2 0 8 912 214 203
p 2 0 8 912 210 203
p 2 0 6 914 208 202
p 2 0 7 913 209 202
p 2 0 4 916 202 201
p 2 0 4 916 206 200
p 2 0 8 912 215 203
p 2 0 9 911 216 205
p 2 0 13 907 450 208
p 2 0 6 914 213 203
p 2 0 8 912 211 203
p 2 0 11 909 389 206
p 2 0 9 911 219 204
p 2 0 10 910 216 205
p 2 0 8 912 398 205
p 2 0 7 913 211 203
p 2 0 6 914 210 202
p 2 0 8 912 399 209
p 2 0 5 915 209 201
p 2 0 2 918 202 199
p 2 0 4 916 423 203
p 2 0 5 915 215 201
p 2 0 2 918 201 199
p 2 0 5 915 387 203
p 2 0 5 915 208 202
p 2 0 1 919 200 198
p 2 0 6 914 394 203
p 2 0 10 910 221 206
p 2 0 2 918 201 198
p 2 0 9 911 408 210
p 2 0 7 913 212 203
p 2 0 3 917 201 200
p 2 0 9 911 438 206
p 2 0 5 915 210 202
p 2 0 5 915 208 201
p 2 0 9 911 397 207
p 2 0 3 917 206 200
p 2 0 4 916 204 201
p 2 0 6 914 393 204
p 2 0 7 913 214 203
p 2 0 7 913 210 203
p 2 0 9 911 404 209
p 2 0 5 915 207 200
p 2 0 3 917 204 200
p 2 0 6 914 430 204
p 2 0 3 917 204 199
p 2 0 2 918 203 199
p 2 0 7 913 386 204
p 2 0 2 918 204 200
p 2 0 1 919 202 199
p 2 0 5 915 390 202
p 2 0 8 912 212 202
p 2 0 16 904 229 209
p 2 0 14 906 227 209
p 2 0 11 909 213 205
p 2 0 12 908 214 207
p 2 0 9 911 388 206
p 2 0 7 913 213 202
p 2 0 5 915 206 201
p 2 0 10 910 372 209
p 2 0 8 912 214 204
p 2 0 5 915 205 202
p 2 0 5 915 313 202
p 2 1 26 893 2764 237
p 2 13 31 876 4720 332
p 2 20 41 859 8093 424
p 2 26 58 836 11468 504
p 2 33 100 787 16110 622
p 2 39 104 777 19944 697
p 2 1 137 782 11312 442
p 2 0 142 778 11146 438
p 2 0 143 777 11211 441
p 2 2 133 785 12006 445
p 2 0 139 781 11829 432
p 2 0 157 763 12123 458
p 2 0 163 757 12069 459
p 2 0 148 772 12510 450
p 2 0 153 767 12274 454
p 2 0 159 761 12357 458
p 2 0 184 736 12611 485
p 2 0 154 766 12709 463
p 2 0 163 757 12836 468
p 2 0 158 762 13167 465
p 2 0 162 758 13343 469
p 2 2 157 761 13257 480
p 2 0 172 748 13102 480
p 2 0 169 751 13314 482
p 2 0 177 743 14374 493
p 2 0 161 759 14042 481
p 2 0 172 748 14246 497
p 2 0 178 742 14976 499
p 2 0 179 741 14958 504
p 2 0 175 745 14091 489
p 2 1 150 769 1416 375
p 2 0 79 841 389 266
p 2 0 55 865 341 247
p 2 1 60 859 967 259
p 2 0 61 859 377 252
p 2 0 47 873 331 239
p 2 1 123 796 1104 330
p 2 0 69 851 382 262
p 2 0 63 857 367 251
p 2 1 73 846 1012 273
p 2 0 66 854 390 260
p 2 0 63 857 345 250
p 2 0 41 879 985 239
p 2 0 19 901 251 213
p 2 0 13 907 231 207
p 2 1 19 900 869 222
p 2 0 27 893 261 220
p 2 0 15 905 234 207
p 2 1 18 901 744 224
p 2 0 6 914 216 203
p 2 0 7 913 208 202
p 2 1 9 910 838 213
p 2 0 16 904 240 211
p 2 0 14 906 228 208
p 2 0 14 906 923 216
p 2 0 10 910 230 205
p 2 0 4 916 206 201
p 2 1 9 910 848 215
p 2 0 7 913 227 204
p 2 0 6 914 213 203
p 2 0 25 895 249 216
p 2 0 19 901 235 212
p 2 0 7 913 210 203
p 2 0 6 914 210 201
p 2 0 13 907 221 208
p 2 0 21 899 238 214
p 2 0 13 907 905 215
p 2 0 9 911 225 205
p 2 1 6 913 583 215
p 2 0 4 916 205 201
p 2 0 2 918 200 199
p 2 0 0 920 197 197
p 2 0 1 919 198 198
p 2 0 1 919 199 198
p 2 20 156 744 25526 689
p 2 0 127 793 817 338
p 2 18 132 770 21089 639
p 2 0 119 801 783 330
p 2 13 136 771 20399 587
p 2 0 104 816 676 314
p 2 18 111 791 19504 572
p 2 0 100 820 641 305
p 2 0 85 835 908 283
p 2 0 71 849 397 266
p 2 1 86 833 1097 288
p 2 0 78 842 388 268
p 2 0 44 876 303 235
p 2 0 43 877 930 239
p 2 0 38 882 292 229
p 2 0 11 909 224 207
p 2 0 24 896 849 219
p 2 0 23 897 250 214
p 2 0 45 875 320 236
p 2 0 58 862 764 253
p 2 0 21 899 250 216
p 2 0 8 912 216 204
p 2 1 10 909 841 214
p 2 0 8 912 220 205
p 2 0 10 910 222 205
p 2 0 10 910 835 209
p 2 0 14 906 247 211
p 2 0 8 912 213 203
p 2 0 9 911 817 208
p 2 0 7 913 220 204
p 2 0 11 909 223 207
p 2 0 9 911 821 208
p 2 0 10 910 223 205
p 2 0 3 917 203 199
p 2 0 16 904 467 214
p 2 0 10 910 217 206
p 2 0 12 908 222 206
p 2 0 19 901 757 216
p 2 0 13 907 230 207
p 2 0 5 915 211 201
p 2 0 8 912 825 207
p 2 0 4 916 211 201
p 2 0 2 918 202 199
p 2 0 8 912 816 206
p 2 0 4 916 216 201
p 2 0 4 916 207 200
p 2 0 8 912 820 207
p 2 0 8 912 220 203
p 2 0 4 916 204 201
p 2 0 10 910 632 211
p 2 0 9 911 222 204
p 2 0 3 917 203 200
p 2 1 5 914 823 210
p 2 0 7 913 215 204
p 2 0 3 917 208 200
p 2 0 6 914 822 205
p 2 0 6 914 215 202
p 2 0 2 918 201 200
p 2 0 14 906 828 211
p 2 0 7 913 223 204
p 2 0 2 918 201 199
p 2 0 7 913 622 209
p 2 0 9 911 230 205
p 2 0 7 913 212 203
p 2 0 8 912 732 205
p 2 0 8 912 223 205
p 2 0 4 916 207 201
p 2 0 4 916 815 203
p 2 0 426 494 1891 651
p 2 0 117 803 504 306
p 2 0 24 896 665 224
p 2 0 17 903 225 212
p 2 0 5 915 205 201
p 2 1 5 914 831 210
p 2 0 7 913 213 203
p 2 0 7 913 209 202
p 2 0 13 907 837 211
p 2 0 6 914 219 202
p 2 0 7 913 216 202
p 2 0 8 912 806 206
p 2 0 8 912 220 203
p 2 0 5 915 207 200
p 2 0 11 909 224 206
p 2 0 5 915 206 200
p 2 0 7 913 212 202
p 2 0 4 916 205 201
p 2 0 10 910 829 209
p 2 0 8 912 224 206
p 2 0 7 913 448 209
p 2 0 4 916 210 201
p 2 23 110 787 20918 628
p 2 0 106 814 667 313
p 2 31 153 736 23849 718
p 2 0 118 802 663 322
p 2 19 181 720 27306 734
p 2 0 162 758 932 372
p 2 9 220 691 23763 650
p 2 0 145 775 849 354
p 2 11 208 701 24161 681
p 2 0 169 751 897 376
p 2 3 143 774 5137 403
p 2 0 98 822 520 291
p 2 0 128 792 3533 353
p 2 2 68 850 1092 278
p 2 2 84 834 3613 315
p 2 0 69 851 434 263
p 2 0 139 781 1496 338
p 2 0 85 835 437 273
p 2 0 71 849 366 260
p 2 1 64 855 1143 267
p 2 0 71 849 399 263
p 2 0 62 858 357 250
p 2 2 39 879 907 248
p 2 0 17 903 245 212
p 2 0 18 902 241 214
p 2 2 20 898 915 229
p 2 0 21 899 255 217
p 2 0 20 900 236 214
p 2 0 27 893 1140 227
p 2 0 12 908 245 208
p 2 0 17 903 236 210
p 2 1 12 907 988 217
p 2 0 18 902 251 212
p 2 0 8 912 217 204
p 2 0 11 909 1066 214
p 2 0 11 909 241 208
p 2 0 10 910 216 205
p 2 2 4 914 495 214
p 2 0 13 907 221 206
p 2 0 6 914 205 201
p 2 1 27 892 704 226
p 2 0 14 906 228 207
p 2 0 14 906 231 209
p 2 1 19 900 1012 224
p 2 0 19 901 240 212
p 2 0 5 915 210 201
p 2 0 13 907 1090 216
p 2 0 10 910 231 206
p 2 0 13 907 230 208
p 2 1 15 904 1002 221
p 2 0 6 914 216 202
p 2 0 2 918 202 199
p 2 2 14 904 825 224
p 2 0 6 914 215 202
p 2 0 6 914 215 202
p 2 2 8 910 883 220
p 2 0 9 911 220 204
p 2 0 10 910 221 207
p 2 0 12 908 1094 216
p 2 0 6 914 226 203
p 2 0 3 917 203 199
p 2 1 8 911 978 215
p 2 0 6 914 214 202
p 2 0 8 912 212 203
p 2 2 12 906 819 223
p 2 0 4 916 207 200
p 2 0 9 911 220 205
p 2 2 15 903 895 226
p 2 0 10 910 223 206
p 2 0 3 917 201 200
p 2 0 8 912 1082 211
p 2 0 6 914 225 202
p 2 0 9 911 212 204
p 2 1 8 911 966 214
p 2 0 5 915 216 202
p 2 0 3 917 205 200
p 2 0 14 906 1041 216
p 2 0 9 911 231 206
p 2 0 7 913 215 203
p 2 2 5 913 496 214
p 2 0 5 915 207 201
p 2 0 1 919 199 198
p 2 1 7 912 659 212
p 2 0 4 916 221 201
p 2 0 3 917 204 199
p 2 1 7 912 996 216
p 2 0 9 911 219 205
p 2 0 2 918 201 199
p 2 0 12 908 1094 215
p 2 0 7 913 224 204
p 2 0 4 916 205 200
p 2 1 9 910 987 216
p 2 0 8 912 224 206
p 2 0 13 907 226 209
p 2 2 9 909 813 220
p 2 0 4 916 209 201
p 2 0 4 916 203 199
p 2 2 9 909 888 219
p 2 0 8 912 220 203
p 2 0 5 915 205 202
p 2 0 9 911 1096 212
p 2 0 9 911 222 206
p 2 0 4 916 206 200
p 2 1 10 909 984 216
p 2 0 9 911 228 206
p 2 0 4 916 206 201
p 2 2 5 913 800 216
p 2 0 6 914 216 203
p 2 0 2 918 202 199
p 2 2 7 911 884 218
p 2 0 5 915 216 202
p 2 0 3 917 202 199
p 2 0 9 911 1094 212
p 2 0 7 913 229 205
p 2 0 1 919 201 199
p 2 1 7 912 984 215
p 2 0 5 915 215 202
p 2 0 8 912 207 204
p 2 0 8 912 1086 212
p 2 0 8 912 221 205
p 2 0 3 917 206 200
p 2 2 5 913 491 214
p 2 0 3 917 206 199
p 2 0 0 920 197 197
p 2 2 6 912 886 218
p 2 0 4 916 215 201
p 2 0 2 918 203 199
p 2 0 7 913 1084 211
p 2 0 5 915 216 202
p 2 0 2 918 201 199
p 2 1 7 912 988 214
p 2 0 5 915 210 201
p 2 0 3 917 204 200
p 2 0 0 920 197 197
p 2 0 0 920 197 197
p 2 0 0 920 197 197
p 2 0 7 913 1085 211
p 2 0 6 914 226 202
p 2 28 158 734 25319 731
p 2 0 142 778 843 352
p 2 28 157 735 23429 721
p 2 0 139 781 790 348
p 2 33 146 741 21384 710
p 2 0 112 808 688 317
p 2 25 150 745 23877 729
p 2 0 119 801 743 329
p 2 24 90 806 7310 529
p 2 0 79 841 448 274
p 2 10 97 813 6694 448
p 2 0 84 836 474 282
p 2 0 46 874 308 237
p 2 0 30 890 1046 230
p 2 0 31 889 268 223
p 2 0 11 909 228 207
p 2 0 34 886 1085 233
p 2 0 23 897 250 217
p 2 0 40 880 309 233
p 2 1 45 874 786 253
p 2 0 18 902 244 212
p 2 0 23 897 260 216
p 2 2 52 866 1044 261
p 2 0 16 904 239 211
p 2 0 20 900 247 214
p 2 0 34 886 1062 232
p 2 0 35 885 276 226
p 2 0 24 896 241 216
p 2 0 24 896 1047 225
p 2 0 14 906 235 210
p 2 0 8 912 216 204
p 2 0 21 899 1028 222
p 2 0 12 908 236 209
p 2 0 12 908 222 207
p 2 0 19 901 562 225
p 2 0 11 909 229 207
p 2 0 4 916 208 201
p 2 2 6 912 939 224
p 2 0 4 916 210 201
p 2 0 4 916 207 201
p 2 0 9 911 1000 213
p 2 0 6 914 215 201
p 2 0 5 915 210 202
p 2 0 9 911 1021 212
p 2 0 7 913 221 203
p 2 0 3 917 204 199
p 2 0 3 917 207 201
p 2 0 2 918 204 199
p 2 0 0 920 197 197
p 2 0 0 920 197 197
p 2 0 1 919 200 198
p 2 0 1 919 198 198
p 2 0 1 919 199 198
p 2 0 2 918 200 199
p 2 0 6 914 987 211
p 2 0 5 915 216 202
p 2 0 5 915 517 212
i 2 920 0 0 43785 4536
p 2 0 493 427 917 710
p 2 0 424 496 712 617
p 2 1 769 150 31821 1497
p 2 0 653 267 1949 878
p 2 0 459 461 1099 657
p 2 9 756 155 28022 1481
p 2 0 586 334 1723 808
p 2 0 411 509 916 602
p 2 0 714 206 26355 1366
p 2 0 619 301 1753 838
p 2 0 419 501 871 603
p 2 2 719 199 27152 1361
p 2 0 562 358 1631 782
p 2 0 409 511 907 603
p 2 1 721 198 27912 1358
p 2 0 604 316 1790 823
p 2 0 448 472 1064 641
p 2 0 361 559 743 546
p 2 0 332 588 738 523
p 2 0 379 541 854 567
p 2 0 274 646 587 460
p 2 0 310 610 639 494
p 2 0 292 628 641 482
p 2 0 386 534 826 572
p 2 0 296 624 646 489
p 2 0 304 616 678 496
p 2 0 302 618 638 484
p 2 0 311 609 665 500
p 2 0 281 639 536 455
p 2 0 272 648 587 463
p 2 0 286 634 592 472
p 2 0 276 644 593 458
p 2 0 247 673 520 433
p 2 0 268 652 534 449
p 2 0 245 675 525 435
p 2 0 291 629 597 472
p 2 0 245 675 498 432
p 2 0 271 649 552 457
p 2 0 248 672 543 447
p 2 0 261 659 533 451
p 2 0 270 650 514 450
p 2 0 258 662 512 444
p 2 0 248 672 517 432
p 2 0 275 645 549 453
p 2 0 215 705 459 405
p 2 0 244 676 494 426
p 2 0 270 650 531 446
i 2 920 0 0 12399 3677
p 2 0 753 167 2481 1107
p 2 342 552 26 17399 2973
p 2 2 720 198 2852 1102
p 2 453 454 13 25512 3846
p 2 1 706 213 3636 1311
p 2 174 736 10 25324 3173
p 2 1 776 143 4373 1479
p 2 100 804 16 21291 2771
p 2 0 821 99 4726 1533
p 2 113 799 8 22910 2783
p 2 1 784 135 5129 1489
p 2 53 850 17 22336 2570
p 2 0 798 122 5070 1450
p 2 1 714 205 4666 1314
p 2 73 834 13 23418 2665
p 2 0 818 102 4931 1506
p 2 0 759 161 4633 1370
p 2 163 743 14 24932 2871
p 2 1 774 145 5116 1419
p 2 0 754 166 4909 1354
p 2 151 752 17 31076 2903
p 2 5 822 93 6518 1549
p 2 5 708 207 6605 1421
p 2 7 719 194 6994 1437
p 2 0 721 199 3352 1128
p 2 0 669 251 3520 1094
p 2 2 667 251 3783 1121
p 2 0 675 245 3595 1117
p 2 0 682 238 3566 1108
p 2 0 681 239 3883 1124
p 2 0 678 242 3482 1110
p 2 0 665 255 3561 1115
p 2 0 679 241 3782 1147
p 2 1 652 267 3503 1116
p 2 0 668 252 3445 1110
p 2 0 670 250 3679 1124
p 2 0 677 243 3514 1131
p 2 0 658 262 3545 1119
p 2 0 652 268 3702 1122
p 2 0 660 260 3604 1107
p 2 0 656 264 3632 1108
p 2 0 665 255 3762 1122
p 2 0 648 272 3730 1147
p 2 0 653 267 3686 1134
p 2 0 678 242 3950 1164
p 2 0 667 253 3631 1128
p 2 0 653 267 3591 1123
p 2 0 668 252 3853 1137
p 2 1 662 257 3592 1131
p 2 0 649 271 3611 1107
p 2 0 649 271 3851 1129
p 2 0 661 259 3726 1132
p 2 0 661 259 3697 1123
p 2 0 642 278 3736 1108
p 2 0 642 278 3691 1106
p 2 0 651 269 3846 1114
p 2 0 643 277 3927 1121
p 2 0 654 266 3782 1123
p 2 0 642 278 3698 1104
p 2 0 660 260 3927 1135
p 2 0 654 266 3818 1118
p 2 1 641 278 3843 1129
p 2 2 641 277 4141 1141
p 2 2 650 268 4130 1159
p 2 2 639 279 4320 1164
p 2 0 652 268 4488 1172
p 2 1 645 274 4381 1188
p 2 1 651 268 4518 1183
p 2 0 653 267 4675 1186
p 2 0 659 261 4506 1175
p 2 1 645 274 4302 1175
p 2 16 881 23 19663 2027
p 2 2 838 80 4804 1407
p 2 2 762 156 4508 1288
p 2 13 880 27 19307 2019
p 2 0 834 86 4522 1355
p 2 0 745 175 4154 1249
p 2 13 893 14 18984 1977
p 2 0 848 72 4313 1357
p 2 0 781 139 4037 1262
p 2 3 890 27 14791 1731
p 2 0 856 64 4105 1340
p 2 0 737 183 3495 1169
p 2 1 893 26 14782 1719
p 2 0 842 78 4025 1323
p 2 0 761 159 3609 1210
p 2 0 738 182 3372 1163
p 2 0 746 174 3412 1165
p 2 0 712 208 3200 1141
p 2 0 698 222 3158 1103
p 2 1 676 243 3170 1103
p 2 0 704 216 3290 1113
p 2 1 717 202 3564 1158
p 2 2 680 238 3436 1090
p 2 1 680 239 3472 1099
p 2 0 707 213 3757 1116
p 2 0 697 223 3732 1138
p 2 0 682 238 3673 1097
p 2 0 671 249 3763 1095
p 2 0 681 239 3802 1126
p 2 0 684 236 3736 1104
p 2 0 690 230 3968 1128
p 2 1 670 249 3827 1112
p 2 1 668 251 3981 1139
p 2 20 869 31 15559 1832
p 2 2 829 89 4473 1362
p 2 1 740 179 4107 1228
p 2 15 881 24 16290 1882
p 2 4 850 66 4627 1392
p 2 3 763 154 4262 1286
p 2 38 865 17 19402 2116
p 2 1 839 80 4074 1334
p 2 0 741 179 3754 1248
p 2 32 879 9 17090 2008
p 2 0 833 87 4053 1321
p 2 0 779 141 3882 1256
p 2 12 884 24 13584 1679
p 2 0 844 76 4397 1319
p 2 0 748 172 3960 1214
p 2 8 902 10 14767 1732
p 2 2 833 85 4454 1336
p 2 1 769 150 4004 1251
p 2 0 773 147 4168 1253
p 2 0 761 159 3941 1230
p 2 1 728 191 3832 1213
p 2 0 705 215 3936 1180
p 2 0 714 206 3566 1157
p 2 0 715 205 3487 1148
p 2 0 694 226 3436 1119
p 2 0 688 232 3279 1124
p 2 0 688 232 3213 1098
p 2 0 690 230 3336 1108
p 2 1 696 223 3194 1111
p 2 0 674 246 3179 1100
p 2 0 678 242 2986 1085
p 2 0 686 234 3117 1112
p 2 1 683 236 3199 1105
p 2 0 659 261 3056 1064
p 2 0 666 254 3314 1107
p 2 0 676 244 3103 1091
p 2 56 842 22 22647 2237
p 2 0 824 96 3627 1276
p 2 0 745 175 3464 1188
p 2 61 846 13 24331 2291
p 2 0 808 112 3594 1238
p 2 0 698 222 3232 1096
p 2 97 810 13 24797 2436
p 2 0 814 106 3601 1237
p 2 0 700 220 3318 1135
p 2 14 883 23 19960 1998
p 2 0 830 90 3853 1289
p 2 1 768 151 3574 1209
p 2 13 890 17 20196 1975
p 2 0 841 79 3666 1300
p 2 0 727 193 3165 1133
p 2 0 660 260 3020 1083
p 2 0 712 208 3052 1107
p 2 0 653 267 2884 1065
p 2 0 669 251 3053 1054
p 2 0 647 273 2932 1065
p 2 0 666 254 2883 1060
p 2 0 641 279 3061 1055
p 2 0 643 277 2926 1050
p 2 0 615 305 2914 1019
p 2 2 696 222 3266 1125
p 2 0 646 274 3013 1061
p 2 0 631 289 2884 1028
p 2 0 640 280 3201 1038
p 2 0 625 295 2804 1039
p 2 0 616 304 2882 1007
p 2 0 626 294 3163 1051
p 2 0 631 289 3003 1034
p 2 0 616 304 2994 1010
p 2 1 618 301 3237 1046
p 2 0 601 319 2995 1018
p 2 0 598 322 3013 1027
p 2 0 629 291 3163 1045
p 2 1 603 316 3025 1030
p 2 0 610 310 2898 988
p 2 0 615 305 3101 1028
p 2 0 606 314 2855 995
p 2 0 610 310 2873 1009
p 2 0 608 312 3044 1015
p 2 0 612 308 2755 1007
p 2 0 600 320 2797 990
p 2 0 609 311 2929 1004
p 2 0 600 320 2730 975
p 2 0 608 312 2678 965
p 2 0 617 303 3136 1012
p 2 0 616 304 2857 980
p 2 0 578 342 2806 954
p 2 0 590 330 2883 957
p 2 0 600 320 2755 980
p 2 1 595 324 2720 986
p 2 2 596 322 2978 1000
p 2 0 602 318 2783 992
p 2 0 598 322 2737 996
p 2 0 593 327 3145 1002
p 2 0 598 322 2822 1006
p 2 0 574 346 2769 976
p 2 0 587 333 3028 984
p 2 0 584 336 2797 991
p 2 0 596 324 2911 1000
p 2 0 595 325 3171 1020
p 2 0 596 324 2869 1007
p 2 0 593 327 2922 1019
p 2 1 600 319 3026 1024
p 2 0 598 322 2927 1024
p 2 1 602 317 2903 1015
p 2 0 599 321 3220 1032
p 2 2 598 320 2908 1013
p 2 1 582 337 2983 1017
p 2 0 586 334 3294 1031
p 2 0 600 320 3155 1043
p 2 0 589 331 3213 1034
p 2 1 602 317 3379 1043
p 2 1 585 334 3269 1039
p 2 0 594 326 3304 1047
p 2 0 592 328 3304 1046
p 2 0 592 328 3302 1048
p 2 1 589 330 3327 1063
p 2 1 596 323 3523 1073
p 2 1 589 330 3267 1053
p 2 0 584 336 3177 1048
p 2 0 593 327 3638 1065
p 2 0 584 336 3194 1038
p 2 0 604 316 3267 1041
p 2 90 814 16 25900 2534
p 2 1 793 126 3591 1249
p 2 48 860 12 26252 2451
p 2 0 822 98 4024 1352
p 2 108 803 9 28946 2810
p 2 0 839 81 4611 1436
p 2 52 861 7 23460 2375
p 2 0 843 77 4293 1367
p 2 31 886 3 24101 2305
p 2 1 844 75 4535 1450
p 2 8 794 118 9348 1572
p 2 0 785 135 4381 1343
p 2 11 792 117 9923 1637
p 2 0 769 151 4203 1326
p 2 0 784 136 7593 1445
p 2 0 749 171 4169 1284
p 2 0 772 148 6621 1383
p 2 0 766 154 4083 1294
p 2 0 776 144 6393 1369
p 2 1 745 174 3966 1253
p 2 1 768 151 7336 1412
p 2 0 711 209 4001 1259
p 2 0 855 65 6847 1490
p 2 1 738 181 4093 1292
p 2 0 752 168 5868 1323
p 2 0 714 206 3870 1242
p 2 1 746 173 7117 1403
p 2 0 714 206 3865 1240
p 2 0 737 183 5923 1314
p 2 1 710 209 3833 1232
p 2 0 736 184 5824 1291
p 2 0 702 218 3768 1211
p 2 0 728 192 6875 1361
p 2 0 694 226 3897 1209
p 2 0 733 187 6005 1284
i 2 920 0 0 71327 4260
p 2 0 163 757 430 348
p 2 0 132 788 2213 335
p 2 0 70 850 338 263
p 2 0 59 861 1503 262
p 2 0 35 885 279 226
p 2 0 46 874 1528 251
p 2 0 39 881 304 231
p 2 0 56 864 1946 261
p 2 0 32 888 307 229
p 2 0 39 881 1440 242
p 2 0 27 893 264 220
p 2 0 39 881 1520 244
p 2 0 37 883 306 231
p 2 0 43 877 1940 249
p 2 0 34 886 316 228
p 2 0 37 883 1452 243
p 2 0 25 895 280 220
p 2 0 37 883 1531 244
p 2 0 23 897 282 218
p 2 21 112 787 12096 547
p 2 0 79 841 521 282
p 2 10 102 808 10256 455
p 2 0 84 836 581 289
p 2 10 108 802 8827 448
p 2 0 77 843 502 280
p 2 0 41 879 290 231
p 2 5 105 810 8164 401
p 2 0 97 823 568 296
p 2 6 91 823 8139 403
p 2 0 79 841 517 281
p 2 7 105 808 8755 418
p 2 0 94 826 552 293
p 2 7 82 831 7949 401
p 2 0 66 854 490 268
p 2 0 46 874 321 239
p 2 0 52 868 450 241
p 2 0 19 901 237 213
p 2 0 14 906 224 207
p 2 0 23 897 366 215
p 2 0 33 887 270 225
p 2 0 27 893 261 220
p 2 0 17 903 380 212
p 2 0 10 910 232 206
p 2 0 8 912 210 203
p 2 0 13 907 344 207
p 2 0 4 916 205 201
p 2 0 5 915 204 200
p 2 0 42 878 426 232
p 2 0 35 885 275 227
p 2 0 23 897 245 216
p 2 0 23 897 361 217
p 2 0 19 901 228 212
p 2 0 26 894 250 218
p 2 0 20 900 364 214
p 2 0 17 903 229 212
p 2 0 6 914 209 202
p 2 0 10 910 338 205
p 2 0 11 909 222 206
p 2 0 8 912 212 203
p 2 0 4 916 333 201
p 2 0 3 917 202 200
p 2 0 10 910 217 204
p 2 0 6 914 325 203
p 2 0 7 913 212 202
p 2 0 4 916 203 201
p 2 0 5 915 340 202
p 2 0 4 916 207 200
p 2 0 4 916 205 200
p 2 0 5 915 328 201
p 2 0 3 917 204 200
p 2 0 2 918 201 199
p 2 0 4 916 326 200
p 2 0 15 905 223 209
p 2 0 4 916 203 199
p 2 0 9 911 339 203
p 2 0 9 911 215 204
p 2 0 3 917 202 200
p 2 0 6 914 333 203
p 2 0 2 918 203 199
p 2 0 0 920 197 197
p 2 0 0 920 197 197
p 2 0 0 920 197 197
p 2 0 0 920 197 197
p 2 0 5 915 486 202
p 2 0 8 912 1307 208
p 2 1 22 897 2934 236
p 2 11 30 879 5926 324
p 2 18 67 835 12160 447
p 2 38 78 804 17014 623
p 2 45 142 733 21363 744
p 2 48 147 725 23110 818
p 2 45 232 643 23425 908
p 2 42 253 625 24718 922
p 2 0 211 709 12417 493
p 2 0 157 763 8310 405
p 2 2 212 706 13836 525
p 2 0 240 680 8203 491
p 2 0 183 737 8281 438
p 2 0 140 780 13025 440
p 2 0 181 739 7705 432
p 2 0 165 755 8093 415
p 2 0 144 776 12410 435
p 2 0 140 780 7641 391
p 2 0 142 778 7955 396
p 2 0 147 773 11728 425
p 2 0 154 766 7896 405
p 2 0 154 766 8285 411
p 2 0 139 781 11577 413
p 2 0 131 789 7904 390
p 2 0 134 786 8141 394
p 2 1 143 776 12794 456
p 2 0 144 776 7629 402
p 2 0 136 784 8022 396
p 2 0 147 773 12877 448
p 2 0 144 776 7728 404
p 2 0 145 775 8077 407
p 2 0 139 781 13797 449
p 2 0 136 784 8120 398
p 2 0 139 781 8367 400
p 2 0 162 758 13176 449
p 2 0 149 771 8347 413
p 2 0 150 770 8557 408
p 2 1 147 772 12966 435
p 2 0 147 773 8285 410
p 2 0 141 779 8477 400
p 2 1 204 715 20546 582
p 2 0 199 721 8266 467
p 2 0 156 764 8379 415
p 2 2 208 710 19700 590
p 2 0 197 723 8343 470
p 2 0 168 752 8520 425
p 2 2 206 712 19933 585
p 2 0 197 723 8349 462
p 2 0 156 764 8493 411
p 2 3 197 720 18008 556
p 2 0 198 722 8188 464
p 2 0 162 758 8274 422
p 2 12 256 652 27058 777
p 2 0 234 686 8286 508
p 2 12 256 652 21920 765
p 2 0 240 680 13409 555
p 2 5 271 644 21624 721
p 2 0 243 677 8624 517
p 2 7 270 643 26767 794
p 2 0 245 675 8552 517
p 2 4 246 670 21094 708
p 2 1 234 685 14733 563
p 2 0 253 667 16379 593
p 2 0 228 692 8990 498
p 2 0 232 688 18028 572
p 2 5 235 680 1958 493
p 2 0 165 755 4640 401
p 2 19 232 669 9829 649
p 2 0 176 744 4446 416
p 2 137 201 582 9602 1123
p 2 1 231 688 7597 490
p 2 246 346 328 9517 1809
p 2 0 356 564 760 558
p 2 229 476 215 6909 1824
p 2 0 473 447 827 675
p 2 49 576 295 4161 1170
p 2 0 477 443 697 642
p 2 12 587 321 2511 1011
p 2 0 532 388 735 685
p 2 9 563 348 1978 827
p 2 0 485 435 635 607
p 2 17 507 396 2115 828
p 2 0 557 363 677 634
p 2 11 486 423 2027 780
p 2 0 473 447 645 612
p 2 11 507 402 1846 787
p 2 0 509 411 669 636
p 2 7 502 411 1486 736
p 2 0 513 407 650 627
p 2 7 416 497 1299 632
p 2 0 541 379 619 597
p 2 2 477 441 1355 638
p 2 0 505 415 583 560
i 2 920 0 0 3924 2815
p 2 0 566 354 606 591
p 2 0 547 373 581 578
p 2 89 376 455 2511 1092
p 2 0 675 245 768 745
p 2 0 528 392 583 573
p 2 75 332 513 2392 965
p 2 374 546 0 6054 2317
p 2 152 768 0 7785 2278
p 2 273 647 0 11451 2966
p 2 72 846 2 10984 2281
p 2 124 796 0 12136 2294
p 2 192 728 0 15709 2722
p 2 95 825 0 12089 2036
p 2 87 827 6 15749 2157
p 2 215 683 22 17304 2493
p 2 44 876 0 19700 2204
p 2 52 857 11 12210 1802
p 2 158 762 0 24554 2578
p 2 61 859 0 13050 1830
p 2 65 854 1 23332 2078
p 2 125 795 0 18047 2110
p 2 74 846 0 24160 2153
p 2 77 843 0 13433 1820
p 2 73 843 4 28131 2149
p 2 50 870 0 13452 1719
p 2 68 852 0 28616 2121
p 2 101 819 0 16409 1961
p 2 47 868 5 29851 2021
p 2 47 873 0 13899 1746
p 2 56 863 1 36758 2291
p 2 64 856 0 14043 1775
p 2 36 884 0 34284 1994
p 2 69 837 14 15425 1769
p 2 38 882 0 38986 2039
p 2 52 854 14 14897 1714
p 2 63 856 1 37159 2050
p 2 0 635 285 2388 874
p 2 1 826 93 28472 1475
p 2 0 478 442 1728 698
p 2 3 718 199 29658 1396
p 2 0 503 417 1917 732
p 2 1 743 176 28858 1362
p 2 0 411 509 1493 624
p 2 8 644 268 33328 1465
p 2 0 437 483 1646 652
p 2 3 677 240 28605 1334
p 2 0 467 453 1778 673
p 2 2 579 339 31129 1237
p 2 0 356 564 1468 577
p 2 0 168 752 607 353
p 2 0 586 334 28413 1201
p 2 0 416 504 1614 637
p 2 0 142 778 510 329
p 2 2 580 338 27575 1189
p 2 0 424 496 1607 633
p 2 0 204 716 706 387
p 2 3 617 300 29444 1272
p 2 0 378 542 1500 590
p 2 0 142 778 537 330
p 2 1 560 359 28293 1158
p 2 0 382 538 1496 596
p 2 0 276 644 954 458
p 2 0 67 853 336 255
p 2 0 117 803 473 304
p 2 0 92 828 398 277
p 2 0 90 830 432 280
p 2 0 49 871 316 239
p 2 0 44 876 300 236
p 2 0 20 900 236 213
p 2 0 21 899 239 215
p 2 0 14 906 232 208
p 2 0 22 898 236 213
p 2 0 8 912 213 203
p 2 0 10 910 217 205
p 2 0 11 909 224 206
p 2 0 23 897 247 215
p 2 0 6 914 211 202
p 2 39 517 364 41074 1653
p 2 0 350 570 1530 581
p 2 0 150 770 557 338
p 2 25 554 341 40580 1629
p 2 0 343 577 1452 575
p 2 0 123 797 495 313
p 2 30 538 352 38119 1589
p 2 0 415 505 1684 667
p 2 0 198 722 680 389
p 2 22 528 370 36219 1509
p 2 0 374 546 1520 614
p 2 0 216 704 786 407
p 2 0 107 813 424 293
p 2 0 65 855 337 258
p 2 0 61 859 351 254
p 2 40 514 366 38594 1643
p 2 0 344 576 1376 577
p 2 0 143 777 516 334
p 2 34 517 369 37876 1563
p 2 0 349 571 1434 580
p 2 0 182 738 620 369
p 2 28 520 372 38917 1596
p 2 0 325 595 1345 556
p 2 0 147 773 491 333
p 2 10 532 378 32405 1380
p 2 0 375 545 1519 601
p 2 0 168 752 613 360
p 2 13 538 369 32802 1362
p 2 0 366 554 1409 602
p 2 0 128 792 502 325
p 2 0 80 840 342 270
p 2 0 61 859 337 257
p 2 0 73 847 330 261
p 2 0 23 897 239 217
p 2 0 35 885 242 226
p 2 0 28 892 236 220
p 2 0 40 880 291 230
p 2 0 11 909 214 207
p 2 0 25 895 257 216
p 2 0 18 902 221 210
p 2 0 12 908 225 206
i 2 920 0 0 83988 4497
p 2 0 264 656 532 437
p 2 0 207 713 368 363
p 2 0 77 843 267 262
p 2 0 66 854 256 253
p 2 0 17 903 211 210
p 2 0 17 903 213 211
p 2 0 4 916 201 199
p 2 0 9 911 206 204
p 2 0 4 916 201 201
p 2 0 4 916 200 200
p 2 0 16 904 213 209
p 2 0 2 918 200 200
p 2 0 5 915 203 202
p 2 0 2 918 199 199
p 2 0 3 917 200 200
p 2 4 19 897 1342 244
p 2 0 20 900 245 214
p 2 25 48 847 7791 446
p 2 0 42 878 346 234
p 2 55 95 770 16527 775
p 2 0 83 837 520 284
p 2 82 141 697 24807 1073
p 2 0 126 794 625 335
p 2 137 148 635 31605 1478
p 2 0 146 774 727 350
p 2 170 177 573 42832 1742
p 2 0 163 757 794 369
p 2 214 183 523 46886 2022
p 2 0 194 726 924 404
p 2 276 257 387 52375 2449
p 2 0 208 712 902 418
p 2 0 163 757 621 349
p 2 188 287 445 49683 2093
p 2 0 256 664 1068 463
p 2 0 118 802 453 306
p 2 190 266 464 49715 2060
p 2 0 251 669 1131 475
p 2 0 161 759 579 347
p 2 175 318 427 52397 2101
p 2 0 287 633 1199 508
p 2 0 148 772 515 334
p 2 193 321 406 58152 2259
p 2 0 317 603 1339 530
p 2 0 145 775 498 327
p 2 147 398 375 58950 2203
p 2 0 293 627 1279 513
p 2 0 235 685 972 435
p 2 129 440 351 62753 2204
p 2 0 311 609 1491 566
p 2 0 147 773 597 339
p 2 157 470 293 65110 2327
p 2 0 376 544 1674 607
p 2 0 143 777 549 330
p 2 161 491 268 71721 2442
p 2 0 346 574 1599 572
p 2 0 146 774 588 337
p 2 58 428 434 35918 1320
p 2 0 267 653 1264 478
p 2 0 135 785 572 323
p 2 76 395 449 37046 1419
p 2 0 248 672 1136 458
p 2 0 204 716 845 395
p 2 71 341 508 36998 1309
p 2 0 203 717 963 416
p 2 0 185 735 677 372
p 2 3 380 537 24927 820
p 2 0 319 601 1469 539
p 2 0 91 829 443 280
p 2 6 283 631 24341 764
p 2 0 226 694 1168 444
p 2 0 153 767 613 339
p 2 0 323 597 24839 767
p 2 0 189 731 1057 406
p 2 0 149 771 584 337
p 2 0 339 581 24446 768
p 2 0 260 660 1369 481
p 2 0 168 752 711 358
p 2 0 308 612 1223 504
p 2 0 229 691 887 420
p 2 0 126 794 566 315
p 2 0 120 800 534 306
p 2 0 106 814 494 295
p 2 0 89 831 459 278
p 2 0 73 847 413 264
p 2 0 22 898 250 215
p 2 0 27 893 264 220
p 2 0 27 893 271 218
p 2 0 45 875 321 235
p 2 0 18 902 250 215
p 2 0 15 905 231 209
p 2 0 14 906 228 209
p 2 0 26 894 267 220
p 2 0 17 903 238 211
p 2 0 17 903 241 213
p 2 0 13 907 230 208
p 2 0 17 903 243 211
p 2 0 15 905 234 209
p 2 0 77 843 391 266
p 2 0 28 892 265 219
p 2 0 48 872 319 240
p 2 0 28 892 262 220
p 2 0 11 909 221 205
p 2 0 7 913 211 202
p 2 0 13 907 225 207
p 2 0 1 919 200 198
p 2 0 4 916 208 200
p 2 0 3 917 205 199
p 2 0 4 916 206 201
p 2 0 6 914 211 202
p 2 0 4 916 203 200
p 2 0 3 917 202 199
p 2 0 2 918 201 199
p 2 0 3 917 202 199
p 2 0 0 920 197 197
p 2 0 1 919 199 198
p 2 0 1 919 198 198
p 2 0 1 919 199 198
p 2 0 1 919 199 198
i 2 920 0 0 62600 4765
p 2 0 267 653 572 457
p 2 0 165 755 384 355
p 2 0 88 832 291 277
p 2 0 77 843 286 271
p 2 0 33 887 231 224
p 2 0 34 886 230 226
p 2 0 8 912 210 206
p 2 0 9 911 206 203
p 2 0 12 908 208 207
p 2 0 3 917 200 200
p 2 0 4 916 201 201
p 2 0 2 918 200 200
p 2 0 3 917 200 200
p 2 0 13 907 208 207
p 2 0 3 917 201 199
p 2 0 5 915 203 201
p 2 0 0 920 197 197
p 2 0 0 920 197 197
p 2 0 2 918 199 199
p 2 0 6 914 207 203
p 2 0 0 920 197 197
p 2 0 2 918 199 199
p 2 0 2 918 199 199
p 2 0 4 916 207 203
p 2 0 16 904 213 209
p 2 0 5 915 202 201
p 2 0 12 908 210 208
p 2 0 13 907 210 207
p 2 0 6 914 202 201
p 2 0 14 906 216 209
p 2 0 13 907 219 210
p 2 0 19 901 214 211
p 2 0 2 918 202 201
p 2 0 12 908 206 206
p 2 0 3 917 201 200
p 2 0 9 911 206 204
p 2 0 6 914 203 202
p 2 0 6 914 203 201
p 2 0 8 912 206 205
p 2 0 18 902 210 209
p 2 0 3 917 201 201
p 2 0 8 912 207 205
p 2 0 3 917 201 200
p 2 0 4 916 203 200
p 2 0 4 916 200 200
p 2 0 1 919 198 198
p 2 0 1 919 198 198
p 2 0 1 919 198 198
p 2 0 5 915 201 201
p 2 0 1 919 198 198
p 2 0 0 920 197 197
p 2 0 2 918 198 198
p 2 0 0 920 197 197
p 2 0 0 920 197 197
p 2 0 1 919 199 198
p 2 0 1 919 199 198
p 2 0 1 919 198 198
p 2 0 1 919 198 198
i 2 920 0 0 93229 5150
p 2 0 182 738 422 354
p 2 0 104 816 288 280
p 2 0 39 881 236 229
p 2 0 53 867 239 238
p 2 0 24 896 218 214
p 2 0 21 899 283 214
p 2 0 17 903 212 209
p 2 0 8 912 204 203
p 2 0 9 911 285 205
p 2 0 7 913 205 202
p 2 0 4 916 202 200
p 2 0 3 917 248 199
p 2 0 8 912 209 203
p 2 0 5 915 206 201
p 2 0 8 912 273 203
p 2 0 6 914 212 202
p 2 0 21 899 233 215
p 2 0 4 916 287 201
p 2 0 7 913 204 203
p 2 0 9 911 206 203
p 2 0 6 914 297 202
p 2 0 17 903 216 209
p 2 0 4 916 203 200
p 2 0 27 893 288 218
p 2 0 17 903 229 210
p 2 0 27 893 227 217
p 2 0 15 905 284 210
p 2 0 14 906 224 208
p 2 0 16 904 222 210
p 2 0 11 909 300 205
p 2 0 3 917 204 201
p 2 0 4 916 204 200
p 2 0 5 915 299 201
p 2 0 4 916 204 200
p 2 0 6 914 209 202
p 2 0 7 913 258 202
p 2 0 7 913 211 202
p 2 0 7 913 205 201
p 2 0 6 914 273 202
p 2 0 4 916 207 201
p 2 0 3 917 203 200
p 2 0 5 915 292 203
p 2 0 5 915 207 201
p 2 0 6 914 210 202
p 2 0 5 915 302 201
p 2 0 6 914 207 202
p 2 0 2 918 200 198
p 2 0 4 916 256 201
p 2 0 4 916 203 201
p 2 0 3 917 200 200
p 2 0 3 917 265 199
p 2 0 5 915 207 202
p 2 0 7 913 206 201
p 2 0 4 916 202 201
p 2 0 4 916 203 201
p 2 0 3 917 252 200
p 2 0 0 920 197 197
p 2 0 4 916 277 201
p 2 0 1 919 198 198
p 2 0 8 912 204 204
p 2 0 1 919 198 198
p 2 0 2 918 201 199
p 2 0 3 917 263 200
p 2 0 3 917 203 200
p 2 0 1 919 198 198
p 2 0 4 916 278 201
p 2 0 1 919 198 198
p 2 0 1 919 199 198
p 2 0 2 918 249 200
p 2 0 1 919 200 198
p 2 0 2 918 200 198
p 2 0 3 917 266 199
p 2 0 4 916 205 200
p 2 0 1 919 201 198
p 2 0 4 916 290 201
p 2 0 3 917 200 200
p 2 0 4 916 200 200
p 2 0 11 909 301 206
p 2 0 2 918 200 199
p 2 0 2 918 200 198
p 2 0 4 916 252 201
p 2 0 3 917 202 201
p 2 0 1 919 198 198
p 2 0 7 913 273 204
p 2 0 5 915 205 202
p 2 0 2 918 203 199
p 2 0 5 915 251 202
p 2 0 4 916 202 201
p 2 0 1 919 198 198
p 2 0 3 917 271 200
p 2 0 1 919 198 198
p 2 0 3 917 201 200
p 2 0 2 918 262 200
p 2 0 3 917 206 200
p 2 0 1 919 199 198
p 2 0 3 917 273 200
p 2 0 3 917 202 199
p 2 0 0 920 197 197
p 2 0 2 918 248 199
p 2 0 1 919 198 198
p 2 0 1 919 198 198
p 2 0 2 918 266 199
p 2 0 1 919 198 198
p 2 0 1 919 200 198
p 2 0 3 917 290 201
p 2 0 5 915 205 202
p 2 0 4 916 201 200
p 2 0 2 918 295 200
p 2 0 1 919 198 198
p 2 0 0 920 197 197
p 2 0 2 918 249 199
p 2 0 0 920 197 197
p 2 0 0 920 197 197
p 2 0 2 918 264 199
p 2 0 1 919 201 198
p 2 0 1 919 200 198
p 2 0 2 918 288 200
p 2 0 1 919 198 198
p 2 0 1 919 198 198
p 2 0 2 918 292 199
p 2 0 0 920 197 197
p 2 0 0 920 197 197
p 2 0 2 918 250 199
p 2 0 3 917 202 199
p 2 0 2 918 200 198
p 2 0 8 912 271 204
p 2 0 1 919 198 198
p 2 0 4 916 200 200
p 2 0 5 915 250 201
p 2 0 4 916 204 201
p 2 0 0 920 197 197
p 2 0 4 916 274 200
p 2 0 1 919 198 198
p 2 0 3 917 201 200
p 2 0 2 918 262 199
p 2 0 1 919 199 199
p 2 0 0 920 197 197
p 2 0 3 917 276 199
p 2 0 0 920 197 197
p 2 0 0 920 197 197
p 2 0 3 917 290 200
p 2 0 2 918 199 199
p 2 0 2 918 201 200
p 2 0 6 914 303 203
p 2 0 4 916 207 200
p 2 0 2 918 203 200
p 2 0 3 917 254 201
p 2 0 3 917 205 200
p 2 0 2 918 201 198
p 2 0 4 916 268 200
p 2 0 2 918 205 199
p 2 0 1 919 199 198
p 2 0 1 919 199 198
p 2 0 0 920 197 197
p 2 0 0 920 197 197
p 2 0 5 915 201 201
p 2 0 2 918 251 200
p 2 0 1 919 199 198
p 2 0 3 917 276 200
p 2 0 2 918 203 199
p 2 0 0 920 197 197
p 2 0 1 919 198 198
p 2 0 2 918 199 199
p 2 0 0 920 197 197
p 2 0 2 918 202 199
p 2 0 1 919 201 199
p 2 0 1 919 199 198
p 2 0 4 916 267 201
p 2 0 5 915 209 203
p 2 0 3 917 203 200
p 2 0 3 917 275 200
p 2 0 3 917 205 199
p 2 0 2 918 202 200
p 2 0 4 916 254 202
p 2 0 3 917 200 200
p 2 0 2 918 198 198
p 2 0 4 916 267 201
p 2 0 1 919 200 198
p 2 0 5 915 205 200
p 2 0 2 918 285 199
p 2 0 2 918 199 199
p 2 0 3 917 200 200
p 2 0 4 916 296 201
p 2 0 1 919 198 198
p 2 0 1 919 198 198
p 2 0 2 918 252 200
p 2 0 1 919 200 198
p 2 0 0 920 197 197
p 2 0 2 918 265 198
p 2 0 1 919 201 198
p 2 0 2 918 201 199
p 2 0 5 915 290 201
p 2 0 4 916 204 201
p 2 0 4 916 207 201
p 2 0 6 914 301 202
p 2 0 3 917 203 200
p 2 0 2 918 200 199
p 2 0 4 916 252 201
p 2 0 3 917 203 201
p 2 0 1 919 198 198
p 2 0 2 918 264 198
p 2 0 2 918 199 199
p 2 0 0 920 197 197
p 2 0 1 919 198 198
p 2 0 3 917 203 200
p 2 0 1 919 198 198
p 2 0 1 919 199 198
p 2 0 1 919 200 198
p 2 0 1 919 201 198
p 2 0 3 917 249 200
p 2 0 2 918 200 199
p 2 0 2 918 272 199
p 2 0 2 918 200 199
p 2 0 0 920 197 197
p 2 0 0 920 197 197
p 2 0 4 916 248 200
p 2 0 2 918 203 199
p 2 0 4 916 293 202
p 2 0 3 917 205 199
p 2 0 2 918 204 200
p 2 0 3 917 203 200
p 2 0 0 920 197 197
p 2 0 0 920 197 197
p 2 0 1 919 199 198
p 2 0 2 918 201 199
p 2 0 2 918 283 199
p 2 0 1 919 200 198
p 2 0 2 918 243 199
p 2 0 0 920 197 197
p 2 0 2 918 200 199
p 2 0 1 919 198 198
p 2 0 0 920 197 197
p 2 0 0 920 197 197
p 2 0 2 918 262 199
p 2 0 1 919 199 199
p 2 0 0 920 197 197
p 2 0 2 918 273 199
p 2 0 2 918 204 198
p 2 0 1 919 200 198
p 2 0 4 916 289 202
p 2 0 5 915 206 201
p 2 0 2 918 203 199
p 2 0 4 916 297 202
p 2 0 1 919 202 198
p 2 0 2 918 202 199
p 2 0 4 916 286 201
p 2 0 7 913 207 203
p 2 0 4 916 202 201
p 2 0 4 916 297 202
p 2 0 321 599 940 507
p 2 0 65 855 291 252
p 2 0 20 900 270 213
p 2 0 9 911 206 203
p 2 0 15 905 219 210
p 2 0 12 908 281 207
p 2 0 15 905 224 208
p 2 0 6 914 204 202
p 2 0 8 912 295 202
p 2 0 3 917 200 199
p 2 0 7 913 208 201
p 2 0 5 915 301 201
p 2 0 8 912 216 203
p 2 0 6 914 208 202
p 2 0 20 900 288 214
p 2 0 24 896 236 217
p 2 0 8 912 213 205
p 2 0 14 906 284 210
p 2 0 19 901 227 211
p 2 0 16 904 224 209
p 2 0 12 908 263 207
p 2 0 3 917 203 199
p 2 0 5 915 206 201
p 2 0 3 917 279 201
p 2 0 2 918 200 199
p 2 0 5 915 204 201
p 2 0 8 912 267 203
p 2 0 5 915 202 201
p 2 0 4 916 201 199
p 2 0 9 911 289 205
p 2 0 6 914 212 203
p 2 0 6 914 208 201
p 2 0 4 916 250 201
p 2 0 3 917 199 199
p 2 0 1 919 200 198
p 2 0 2 918 263 200
p 2 0 7 913 211 203
p 2 0 4 916 204 201
p 2 0 7 913 292 202
p 2 0 8 912 209 204
p 2 0 5 915 204 201
p 2 0 7 913 305 204
p 2 0 9 911 212 205
p 2 0 4 916 203 200
p 2 0 4 916 289 201
p 2 0 8 912 212 204
p 2 0 4 916 203 201
p 2 0 5 915 301 202
p 2 0 2 918 202 199
p 2 0 3 917 203 199
p 2 0 6 914 258 203
p 2 0 3 917 202 200
p 2 0 4 916 205 201
p 2 0 3 917 270 201
p 2 0 4 916 205 200
p 2 0 2 918 201 199
p 2 0 2 918 200 199
p 2 0 0 920 197 197
p 2 0 0 920 197 197
p 2 0 4 916 200 200
p 2 0 2 918 249 199
p 2 0 1 919 202 198
p 2 0 4 916 279 201
p 2 0 6 914 207 202
p 2 0 2 918 198 198
p 2 0 5 915 205 201
p 2 0 1 919 198 198
p 2 0 0 920 197 197
p 2 12 113 795 17137 554
p 2 0 100 820 594 303
p 2 0 53 867 338 246
p 2 14 356 550 36702 1045
p 2 0 274 646 1363 496
p 2 0 106 814 457 297
p 2 13 328 579 37529 1003
p 2 0 300 620 1510 527
p 2 0 203 717 786 394
p 2 12 383 525 39760 1039
p 2 0 284 636 1379 504
p 2 0 161 759 627 347
p 2 4 324 592 17677 758
p 2 0 229 691 1104 445
p 2 0 101 819 461 290
p 2 0 96 824 448 286
p 2 0 82 838 394 270
p 2 0 52 868 343 242
p 2 0 18 902 246 213
p 2 0 19 901 238 215
p 2 0 11 909 221 206
p 2 0 19 901 234 214
p 2 0 10 910 215 204
p 2 0 6 914 208 203
p 2 0 7 913 210 203
p 2 0 7 913 212 203
p 2 0 10 910 215 204
p 2 0 1 919 200 198
p 2 0 3 917 204 200
i 2 920 0 0 49899 4399
p 2 0 106 814 339 294
p 2 0 74 846 268 258
p 2 0 32 888 245 226
p 2 0 19 901 220 214
p 2 0 5 915 208 202
p 2 0 9 911 209 205
p 2 0 1 919 202 198
p 2 0 2 918 200 200
p 2 0 1 919 203 198
p 2 0 3 917 206 200
p 2 0 5 915 210 202
p 2 0 1 919 204 199
p 2 0 1 919 201 198
p 2 0 0 920 197 197
p 2 0 1 919 202 198
p 2 0 1 919 204 199
p 2 0 1 919 198 198
p 2 0 2 918 201 199
p 2 0 1 919 203 198
p 2 0 1 919 203 199
p 2 0 1 919 204 199
p 2 0 1 919 204 199
p 2 0 1 919 206 199
p 2 0 2 918 202 199
p 2 0 1 919 201 198
p 2 0 1 919 203 198
p 2 4 88 828 6213 377
p 2 0 65 855 660 270
p 2 2 78 840 5772 360
p 2 6 67 847 3784 350
p 2 0 46 874 330 242
p 2 0 29 891 264 221
p 2 0 13 907 208 207
p 2 0 9 911 206 204
p 2 0 3 917 199 199
p 2 0 3 917 203 199
p 2 0 3 917 208 200
p 2 0 1 919 199 198
p 2 0 1 919 198 198
p 2 0 1 919 198 198
p 2 0 0 920 197 197
p 2 0 0 920 197 197
p 2 0 0 920 197 197
p 2 31 708 181 39274 1951
p 2 0 442 478 1603 663
p 2 56 739 125 45199 2209
p 2 0 456 464 1693 692
p 2 31 800 89 43864 2118
p 2 0 521 399 1958 778
p 2 23 836 61 45805 2048
p 2 0 537 383 2035 785
p 2 64 501 355 15917 1478
p 2 0 297 623 905 510
p 2 10 423 487 12158 1011
p 2 0 290 630 965 494
p 2 29 463 428 15180 1196
p 2 0 263 657 886 474
p 2 0 127 793 615 318
p 2 0 101 819 318 281
p 2 0 54 866 258 240
p 2 6 130 784 1658 360
p 2 0 40 880 271 229
p 2 3 47 870 526 273
p 2 0 51 869 303 241
p 2 6 46 868 1439 279
p 2 0 61 859 356 252
p 2 0 31 889 869 244
p 2 0 18 902 251 216
p 2 1 37 882 1532 254
p 2 0 19 901 270 216
p 2 0 52 868 349 242
p 2 0 15 905 246 210
p 2 0 8 912 223 204
p 2 0 14 906 236 209
p 2 0 8 912 228 205
p 2 0 41 879 311 233
p 2 0 41 879 909 255
p 2 0 52 868 335 243
p 2 0 30 890 507 237
p 2 0 14 906 225 209
p 2 0 8 912 214 204
p 2 0 13 907 233 209
p 2 0 12 908 223 207
p 2 3 13 904 919 230
p 2 0 8 912 227 204
p 2 0 6 914 216 202
p 2 1 18 901 1494 235
p 2 0 20 900 254 215
p 2 0 19 901 257 214
p 2 0 20 900 868 234
p 2 0 18 902 242 214
p 2 0 13 907 225 209
p 2 1 20 899 1496 236
p 2 0 16 904 263 213
p 2 0 6 914 218 203
p 2 3 14 903 473 242
p 2 0 18 902 227 210
p 2 0 10 910 214 205
p 2 6 11 903 1347 250
p 2 0 9 911 224 206
p 2 0 2 918 207 200
p 2 0 17 903 853 230
p 2 0 10 910 221 206
p 2 0 7 913 209 203
p 2 1 17 902 1473 235
p 2 0 14 906 254 210
p 2 0 4 916 213 201
p 2 3 13 904 474 241
p 2 0 10 910 212 205
p 2 0 7 913 207 204
p 2 6 9 905 1351 249
p 2 0 14 906 250 209
p 2 0 4 916 212 202
p 2 0 17 903 850 232
p 2 0 14 906 226 209
p 2 0 10 910 220 207
p 2 1 15 904 1489 235
p 2 0 14 906 250 210
p 2 0 8 912 229 205
p 2 0 18 902 847 233
p 2 0 13 907 233 209
p 2 0 5 915 210 202
p 2 0 15 905 470 224
p 2 0 7 913 213 205
p 2 0 2 918 209 200
p 2 3 6 911 909 227
p 2 0 4 916 216 201
p 2 0 2 918 207 200
p 2 1 14 905 1482 233
p 2 0 11 909 250 209
p 2 0 7 913 223 203
p 2 0 18 902 849 233
p 2 0 12 908 234 209
p 2 0 8 912 216 204
p 2 1 15 904 1493 234
p 2 0 10 910 238 207
p 2 0 5 915 215 202
p 2 3 13 904 465 240
p 2 0 10 910 217 208
p 2 0 8 912 202 202
p 2 6 11 903 1361 250
p 2 0 5 915 221 203
p 2 0 4 916 211 201
p 2 0 22 898 863 234
p 2 0 12 908 235 210
p 2 0 9 911 221 206
p 2 1 16 903 1488 234
p 2 0 11 909 236 207
p 2 0 4 916 212 201
p 2 3 13 904 475 241
p 2 0 8 912 214 204
p 2 0 11 909 213 205
p 2 3 8 909 904 226
p 2 0 4 916 218 201
p 2 0 3 917 212 201
p 2 1 15 904 1486 233
p 2 0 12 908 246 209
p 2 0 3 917 203 200
p 2 3 15 902 480 244
p 2 0 12 908 217 210
p 2 0 12 908 219 207
p 2 6 11 903 1341 248
p 2 0 5 915 218 202
p 2 0 3 917 210 200
p 2 0 16 904 848 231
p 2 0 12 908 244 210
p 2 0 7 913 216 204
p 2 1 14 905 1486 233
p 2 0 11 909 244 209
p 2 0 4 916 214 202
p 2 0 1 919 204 198
p 2 0 1 919 205 199
p 2 0 1 919 204 198
p 2 0 1 919 206 199
p 2 0 1 919 203 199
p 2 0 17 903 851 231
p 2 0 12 908 232 209
p 2 0 12 908 466 223
i 2 920 0 0 93284 5128
p 2 0 129 791 379 316
p 2 0 122 798 306 297
p 2 0 42 878 235 230
p 2 0 57 863 245 242
p 2 0 18 902 219 212
p 2 0 29 891 221 218
p 2 0 16 904 214 209
p 2 0 14 906 211 207
p 2 0 11 909 214 205
p 2 0 13 907 218 207
p 2 0 15 905 214 208
p 2 0 8 912 278 204
p 2 0 6 914 202 201
p 2 0 9 911 205 204
p 2 0 13 907 289 205
p 2 0 3 917 201 200
p 2 0 8 912 208 203
p 2 0 4 916 203 201
p 2 0 5 915 207 201
p 2 0 6 914 204 201
p 2 0 4 916 203 201
p 2 0 0 920 197 197
p 2 0 3 917 202 199
p 2 0 10 910 262 205
p 2 0 14 906 219 208
p 2 0 6 914 282 203
p 2 0 14 906 219 208
p 2 0 15 905 217 208
p 2 0 7 913 204 203
p 2 0 13 907 554 209
p 2 0 10 910 214 205
p 2 0 34 886 229 222
p 2 0 32 888 635 222
p 2 0 11 909 217 205
p 2 0 8 912 210 203
p 2 0 12 908 579 208
p 2 0 9 911 219 205
p 2 0 4 916 204 201
p 2 0 18 902 607 213
p 2 0 6 914 216 203
p 2 0 5 915 207 201
p 2 1 8 911 494 212
p 2 0 0 920 197 197
p 2 0 1 919 199 198
p 2 1 4 915 569 209
p 2 0 5 915 207 201
p 2 0 4 916 205 200
p 2 0 8 912 587 205
p 2 0 5 915 211 202
p 2 0 6 914 211 202
p 2 0 8 912 595 205
p 2 0 8 912 211 204
p 2 0 8 912 215 204
p 2 1 6 913 495 211
p 2 0 3 917 202 200
p 2 0 3 917 201 200
p 2 1 3 916 565 209
p 2 0 4 916 206 200
p 2 0 4 916 201 201
p 2 0 4 916 578 202
p 2 0 6 914 212 202
p 2 0 0 920 197 197
p 2 0 5 915 585 203
p 2 0 4 916 209 201
p 2 0 4 916 206 199
p 2 0 6 914 570 203
p 2 0 3 917 203 200
p 2 0 1 919 199 198
p 2 1 4 915 384 207
p 2 0 2 918 201 199
p 2 0 3 917 204 200
p 2 0 5 915 534 202
p 2 0 2 918 202 199
p 2 0 3 917 201 199
p 2 0 6 914 603 203
p 2 0 3 917 205 200
p 2 0 8 912 209 203
p 2 0 20 900 588 215
p 2 0 6 914 204 203
p 2 0 15 905 210 209
p 2 0 6 914 591 203
p 2 0 11 909 211 205
p 2 0 1 919 198 198
p 2 1 2 917 482 207
p 2 0 2 918 202 199
p 2 0 2 918 199 199
p 2 1 3 916 564 209
p 2 0 2 918 201 199
p 2 0 2 918 202 199
p 2 0 6 914 576 203
p 2 0 4 916 210 201
p 2 0 6 914 205 202
p 2 0 5 915 586 202
p 2 0 3 917 204 199
p 2 0 3 917 199 199
p 2 1 5 914 485 210
p 2 0 2 918 205 199
p 2 0 0 920 197 197
p 2 1 5 914 563 209
p 2 0 5 915 207 201
p 2 0 2 918 198 198
p 2 0 8 912 579 203
p 2 0 6 914 214 203
p 2 0 2 918 200 199
p 2 0 3 917 589 201
p 2 0 3 917 207 200
p 2 0 0 920 197 197
p 2 0 3 917 568 201
p 2 0 1 919 199 198
p 2 0 1 919 198 198
p 2 1 1 918 378 206
p 2 0 2 918 201 199
p 2 0 3 917 204 199
p 2 0 2 918 527 200
p 2 0 4 916 208 200
p 2 0 1 919 199 198
p 2 0 3 917 600 202
p 2 0 1 919 202 199
p 2 0 0 920 197 197
p 2 0 6 914 581 203
p 2 0 8 912 217 204
p 2 0 3 917 205 199
p 2 0 5 915 593 204
p 2 0 4 916 209 201
p 2 0 1 919 198 198
p 2 1 2 917 484 207
p 2 0 1 919 200 198
p 2 0 0 920 197 197
p 2 1 2 917 565 207
p 2 0 3 917 202 199
p 2 0 8 912 202 202
p 2 0 4 916 575 202
p 2 0 2 918 210 199
p 2 0 1 919 199 198
p 2 0 3 917 590 201
p 2 0 3 917 206 200
p 2 0 0 920 197 197
p 2 1 2 917 484 207
p 2 0 0 920 197 197
p 2 0 0 920 197 197
p 2 1 2 917 565 208
p 2 0 1 919 201 198
p 2 0 2 918 200 199
p 2 0 5 915 583 204
p 2 0 5 915 209 201
p 2 0 2 918 202 199
p 2 0 3 917 589 201
p 2 0 2 918 211 199
p 2 0 3 917 201 199
p 2 0 0 920 197 197
p 2 0 0 920 197 197
p 2 0 4 916 204 200
p 2 0 0 920 197 197
p 2 0 4 916 574 202
p 2 0 1 919 201 198
p 2 1 250 669 22060 735
p 2 0 176 744 935 388
p 2 4 249 667 23596 801
p 2 0 202 718 982 415
p 2 5 265 650 24879 822
p 2 0 205 715 1026 420
p 2 3 288 629 28265 822
p 2 0 240 680 1105 458
p 2 0 145 775 614 333
p 2 2 67 851 720 270
p 2 0 62 858 344 250
p 2 0 71 849 375 261
p 2 0 161 759 1237 361
p 2 0 159 761 650 345
p 2 0 87 833 430 275
p 2 0 91 829 921 283
p 2 0 69 851 389 258
p 2 0 79 841 411 267
p 2 0 41 879 774 239
p 2 0 32 888 296 228
p 2 0 14 906 232 208
p 2 2 15 903 581 223
p 2 0 19 901 247 215
p 2 0 17 903 242 212
p 2 0 25 895 787 222
p 2 0 15 905 231 208
p 2 0 12 908 232 206
p 2 0 9 911 716 208
p 2 0 26 894 273 218
p 2 0 8 912 226 204
p 2 0 12 908 713 212
p 2 0 12 908 244 209
p 2 0 7 913 216 204
p 2 0 11 909 712 210
p 2 0 9 911 239 205
p 2 0 10 910 219 206
p 2 2 39 879 577 244
p 2 0 16 904 239 210
p 2 0 19 901 248 213
p 2 0 21 899 634 216
p 2 0 13 907 225 207
p 2 0 7 913 210 202
p 2 0 13 907 715 212
p 2 0 8 912 222 204
p 2 0 8 912 214 203
p 2 0 9 911 705 208
p 2 0 6 914 218 202
p 2 0 4 916 209 200
p 2 0 4 916 692 204
p 2 0 5 915 214 202
p 2 0 4 916 205 200
p 2 2 11 907 570 220
p 2 0 5 915 213 201
p 2 0 4 916 203 199
p 2 1 170 749 14526 501
p 2 0 120 800 684 325
p 2 0 79 841 396 267
p 2 0 168 752 12158 459
p 2 0 136 784 772 338
p 2 0 81 839 449 272
p 2 19 374 527 31667 1028
p 2 0 263 657 1285 479
p 2 0 156 764 691 348
p 2 8 271 641 16377 709
p 2 0 257 663 1156 471
p 2 0 145 775 622 336
p 2 5 282 633 15585 702
p 2 0 171 749 909 381
p 2 0 181 739 731 373
p 2 0 111 809 987 303
p 2 0 124 796 540 313
p 2 0 40 880 303 230
p 2 0 61 859 838 253
p 2 0 64 856 359 253
p 2 0 58 862 360 250
p 2 0 51 869 816 243
p 2 0 43 877 321 232
p 2 0 27 893 272 220
p 2 2 38 880 585 245
p 2 0 19 901 249 214
p 2 0 31 889 265 220
p 2 0 18 902 759 215
p 2 0 17 903 243 213
p 2 0 12 908 222 206
p 2 0 120 800 1021 313
p 2 0 68 852 378 258
p 2 0 68 852 360 257
p 2 0 60 860 840 255
p 2 0 61 859 371 253
p 2 0 53 867 342 242
p 2 0 24 896 252 217
p 2 0 12 908 231 207
p 2 0 16 904 228 209
p 2 0 11 909 226 206
p 2 0 528 392 3036 789
p 2 0 177 743 664 358
p 2 2 81 837 679 281
p 2 0 29 891 264 220
p 2 0 27 893 257 218
p 2 0 20 900 244 214
p 2 0 56 864 335 247
p 2 0 18 902 245 212
p 2 0 21 899 242 214
p 2 0 9 911 217 203
p 2 0 23 897 254 215
p 2 0 21 899 320 214
p 2 0 21 899 251 215
p 2 0 14 906 310 208
p 2 0 40 880 292 230
p 2 0 28 892 361 221
p 2 0 39 881 276 230
p 2 0 34 886 369 225
p 2 0 41 879 301 232
p 2 0 18 902 223 211
p 2 0 18 902 306 212
p 2 0 14 906 229 208
p 2 0 16 904 232 209
p 2 0 5 915 273 201
p 2 0 7 913 213 204
p 2 0 4 916 205 200
p 2 0 3 917 203 199
p 2 0 9 911 214 203
p 2 0 3 917 205 199
p 2 0 6 914 209 202
p 2 0 3 917 203 200
p 2 0 5 915 206 202
p 2 16 295 609 31976 902
p 2 0 184 736 999 401
p 2 13 276 631 31220 855
p 2 0 259 661 1219 466
p 2 28 294 598 36195 994
p 2 0 250 670 1254 468
p 2 23 449 448 38896 1126
p 2 0 269 651 1212 483
p 2 0 144 776 558 327
p 2 0 101 819 1019 295
p 2 0 98 822 481 286
p 2 0 71 849 385 261
p 2 0 88 832 863 283
p 2 0 21 899 246 214
p 2 0 28 892 264 219
p 2 0 29 891 824 229
p 2 0 66 854 375 256
p 2 0 31 889 274 223
p 2 1 49 870 482 252
p 2 0 35 885 303 226
p 2 0 39 881 295 230
p 2 2 20 898 799 230
p 2 0 22 898 250 214
p 2 0 17 903 237 211
p 2 0 35 885 700 233
p 2 0 26 894 273 220
p 2 0 22 898 247 214
p 2 0 11 909 763 215
p 2 0 9 911 225 204
p 2 0 7 913 219 202
p 2 1 40 879 458 245
p 2 0 15 905 235 210
p 2 0 42 878 308 233
p 2 2 31 887 826 238
p 2 0 31 889 266 223
p 2 0 18 902 243 212
p 2 2 15 903 378 226
p 2 0 6 914 216 202
p 2 0 6 914 217 203
p 2 2 8 910 778 221
p 2 0 13 907 232 209
p 2 0 5 915 211 202
p 2 0 9 911 652 213
p 2 0 4 916 220 201
p 2 0 5 915 209 201
p 2 0 8 912 776 212
p 2 0 7 913 212 201
p 2 0 2 918 201 198
p 2 9 208 703 18274 670
p 2 0 154 766 731 349
p 2 0 53 867 338 246
p 2 17 187 716 19011 699
p 2 0 151 769 804 357
p 2 1 62 857 494 261
p 2 21 400 499 42691 1302
p 2 0 324 596 1474 551
p 2 0 115 805 506 305
p 2 44 602 274 75360 1946
p 2 0 491 429 2402 757
p 2 37 383 500 36136 1177
p 2 8 564 348 35890 1337
p 2 33 551 336 34422 1348
p 2 0 430 490 1916 659
p 2 28 594 298 54745 1663
p 2 0 456 464 2061 706
p 2 0 234 686 864 426
p 2 0 250 670 1432 436
p 2 0 97 823 424 286
p 2 0 149 771 576 331
p 2 2 163 755 1097 367
p 2 0 54 866 332 246
p 2 0 79 841 415 270
p 2 1 97 822 922 291
p 2 0 114 806 513 303
p 2 0 107 813 477 295
p 2 0 94 826 899 284
p 2 0 38 882 287 229
p 2 0 24 896 251 217
p 2 0 36 884 753 230
p 2 0 51 869 362 242
p 2 0 41 879 314 234
p 2 2 30 888 726 237
p 2 0 14 906 226 208
p 2 0 15 905 233 209
p 2 1 14 905 710 217
p 2 0 30 890 261 220
p 2 0 21 899 243 214
p 2 0 100 820 943 292
p 2 0 65 855 369 255
p 2 0 46 874 304 236
p 2 0 42 878 771 232
p 2 0 68 852 384 259
p 2 0 56 864 357 248
p 2 0 32 888 733 228
p 2 0 18 902 240 211
p 2 0 17 903 230 211
p 2 2 8 910 514 218
p 2 0 11 909 221 206
p 2 0 14 906 230 208
p 2 0 13 907 539 210
p 2 0 20 900 244 214
p 2 0 15 905 232 209
p 2 0 11 909 707 209
p 2 0 16 904 235 208
p 2 0 4 916 206 200
p 2 0 74 846 849 264
p 2 0 17 903 241 212
p 2 0 12 908 224 206
p 2 0 11 909 709 206
p 2 0 14 906 231 208
p 2 0 5 915 206 200
p 2 2 55 863 764 256
p 2 0 23 897 249 217
p 2 0 27 893 257 218
p 2 1 30 889 756 231
p 2 0 25 895 261 216
p 2 0 5 915 211 201
p 2 0 16 904 716 211
p 2 0 16 904 242 209
p 2 0 10 910 221 205
p 2 0 18 902 719 213
p 2 0 17 903 240 210
p 2 0 4 916 205 200
p 2 2 12 906 672 222
p 2 0 9 911 221 204
p 2 0 4 916 203 200
p 2 1 8 911 694 212
p 2 0 6 914 215 202
p 2 0 3 917 203 199
p 2 0 6 914 691 204
p 2 0 2 918 206 199
p 2 0 7 913 216 203
p 2 0 14 906 701 209
p 2 0 9 911 227 205
p 2 0 9 911 219 204
p 2 0 19 901 698 215
p 2 0 6 914 215 203
p 2 0 9 911 219 205
p 2 2 13 905 530 222
p 2 0 10 910 218 205
p 2 0 9 911 211 203
p 2 0 13 907 532 208
p 2 0 5 915 208 201
p 2 0 6 914 211 202
p 2 0 13 907 719 209
p 2 0 10 910 223 205
p 2 0 6 914 212 203
p 2 0 8 912 674 204
p 2 0 3 917 205 199
p 2 0 2 918 201 198
p 2 0 7 913 689 204
p 2 0 7 913 218 202
p 2 0 1 919 199 198
p 2 2 8 910 659 217
p 2 0 4 916 205 200
p 2 0 2 918 203 199
p 2 1 7 912 686 212
p 2 0 4 916 208 200
p 2 0 5 915 209 202
p 2 0 10 910 697 207
p 2 0 5 915 213 201
p 2 0 4 916 208 201
p 2 0 12 908 699 208
p 2 0 9 911 216 204
p 2 0 9 911 224 204
p 2 2 4 914 651 215
p 2 0 6 914 206 202
p 2 0 2 918 201 199
p 2 1 6 913 684 210
p 2 0 3 917 204 200
p 2 0 3 917 205 200
p 2 0 11 909 700 208
p 2 0 5 915 212 202
p 2 0 3 917 203 200
p 2 0 5 915 678 202
p 2 0 3 917 210 200
p 2 0 2 918 201 199
p 2 0 8 912 669 205
p 2 0 7 913 215 203
p 2 0 3 917 206 199
p 2 2 3 915 508 214
p 2 0 6 914 209 201
p 2 0 4 916 203 200
p 2 0 5 915 514 201
p 2 0 20 900 225 211
p 2 0 1 919 199 198
p 2 0 7 913 700 204
p 2 0 6 914 214 202
p 2 0 1 919 198 198
p 2 0 24 896 687 217
p 2 0 3 917 214 200
p 2 0 2 918 201 199
p 2 0 6 914 694 203
p 2 0 3 917 201 200
p 2 0 0 920 197 197
p 2 0 0 920 197 197
p 2 0 0 920 197 197
p 2 0 0 920 197 197
p 2 0 0 920 197 197
p 2 0 7 913 669 204
p 2 0 3 917 208 200
p 2 2 9 909 519 218
p 2 0 1 919 199 198
i 2 920 0 0 68715 4901
p 2 0 105 815 342 291
p 2 0 82 838 278 266
p 2 0 27 893 220 217
p 2 0 52 868 245 241
p 2 0 12 908 210 207
p 2 0 27 893 221 218
p 2 0 5 915 202 202
p 2 0 15 905 210 208
p 2 0 4 916 203 201
p 2 0 12 908 206 206
p 2 0 3 917 200 200
p 2 0 20 900 313 214
p 2 0 4 916 207 201
p 2 0 18 902 274 213
p 2 0 7 913 206 201
p 2 0 14 906 213 208
p 2 0 0 920 197 197
p 2 0 1 919 198 198
p 2 0 3 917 204 200
p 2 0 6 914 207 202
p 2 0 0 920 197 197
p 2 0 0 920 197 197
p 2 0 1 919 198 198
p 2 0 9 911 340 208
p 2 0 7 913 211 203
p 2 0 5 915 208 201
p 2 0 9 911 399 206
p 2 0 1 919 201 198
p 2 0 0 920 197 197
p 2 0 10 910 305 211
p 2 0 5 915 201 201
p 2 0 4 916 200 200
p 2 0 8 912 465 207
p 2 0 4 916 208 201
p 2 0 3 917 202 199
p 2 0 8 912 296 206
p 2 0 5 915 208 202
p 2 0 3 917 200 200
p 2 0 9 911 375 207
p 2 0 3 917 204 200
p 2 0 0 920 197 197
p 2 0 3 917 204 200
p 2 0 1 919 198 198
p 2 0 6 914 202 201
p 2 0 1 919 198 198
p 2 0 1 919 199 198
p 2 0 1 919 198 198
p 2 0 1 919 198 198
p 2 0 7 913 305 206
p 2 0 3 917 205 201
p 2 0 8 912 267 206
p 2 0 0 920 197 197
p 2 0 3 917 202 200
p 2 0 4 916 202 200
p 2 0 2 918 200 199
p 2 0 4 916 200 199
p 2 0 0 920 197 197
p 2 0 0 920 197 197
p 2 0 0 920 197 197
p 2 0 0 920 197 197
p 2 0 0 920 197 197
p 2 0 0 920 197 197
p 2 0 0 920 197 197
p 2 0 0 920 197 197
p 2 0 0 920 197 197
p 2 50 453 417 35954 1484
p 2 0 295 625 1276 508
p 2 0 140 780 587 329
p 2 35 450 435 35747 1425
p 2 0 308 612 1177 514
p 2 0 111 809 464 300
p 2 66 444 410 37356 1613
p 2 0 293 627 1278 509
p 2 0 130 790 504 317
p 2 20 509 391 34212 1388
p 2 0 333 587 1390 554
p 2 0 140 780 535 327
p 2 20 530 370 39027 1439
p 2 0 377 543 1537 602
p 2 0 186 734 671 372
p 2 0 80 840 377 268
p 2 0 37 883 272 229
p 2 0 68 852 364 258
p 2 0 46 874 492 236
p 2 0 60 860 359 252
p 2 0 27 893 256 220
p 2 0 25 895 513 217
p 2 0 19 901 241 212
p 2 0 17 903 237 212
p 2 0 67 853 523 268
p 2 0 23 897 254 217
p 2 0 20 900 243 212
p 2 0 16 904 533 209
p 2 0 33 887 296 225
p 2 0 11 909 223 205
p 2 0 20 900 482 215
p 2 0 11 909 228 207
p 2 0 22 898 247 216
p 2 0 21 899 512 215
p 2 0 15 905 234 209
p 2 0 12 908 224 207
p 2 0 11 909 214 205
p 2 0 7 913 216 204
p 2 0 14 906 220 208
p 2 0 7 913 217 204
p 2 0 9 911 208 204
p 2 0 3 917 204 200
p 2 0 4 916 206 200
p 2 0 9 911 217 205
p 2 0 5 915 208 202
p 2 0 5 915 211 202
p 2 0 1 919 198 198
p 2 0 37 883 291 228
p 2 0 9 911 216 205
p 2 0 2 918 199 199
p 2 0 0 920 197 197
p 2 0 0 920 197 197
p 2 0 1 919 199 198
i 2 920 0 0 93267 5153
p 2 0 156 764 406 339
p 2 0 114 806 300 288
p 2 0 37 883 230 228
p 2 0 54 866 245 240
p 2 0 20 900 223 216
p 2 0 18 902 216 212
p 2 0 34 886 228 222
p 2 0 13 907 210 207
p 2 0 6 914 205 203
p 2 0 17 903 222 212
p 2 0 16 904 216 208
p 2 0 7 913 203 202
p 2 0 4 916 208 200
p 2 0 7 913 207 201
p 2 0 9 911 211 204
p 2 0 2 918 199 198
p 2 0 3 917 200 199
p 2 0 7 913 206 202
p 2 0 4 916 202 200
p 2 0 4 916 202 200
p 2 0 4 916 201 199
p 2 0 2 918 202 199
p 2 0 18 902 223 213
p 2 0 6 914 205 202
p 2 0 19 901 223 212
p 2 0 5 915 203 200
p 2 0 31 889 245 221
p 2 0 8 912 207 202
p 2 0 3 917 202 200
p 2 0 11 909 215 206
p 2 0 9 911 209 203
p 2 0 8 912 207 203
p 2 0 2 918 200 199
p 2 0 6 914 205 203
p 2 0 4 916 205 200
p 2 0 12 908 206 204
p 2 0 6 914 204 202
p 2 0 13 907 207 207
p 2 0 7 913 208 204
p 2 0 1 919 198 198
p 2 0 5 915 203 202
p 2 0 2 918 199 198
p 2 0 1 919 199 198
p 2 0 2 918 199 199
p 2 0 2 918 200 199
p 2 0 1 919 199 198
p 2 0 2 918 199 199
p 2 0 4 916 202 200
p 2 0 0 920 197 197
p 2 0 3 917 202 200
p 2 0 3 917 203 199
p 2 0 0 920 197 197
p 2 0 1 919 198 198
p 2 0 6 914 201 201
p 2 0 13 907 210 205
p 2 0 0 920 197 197
p 2 0 1 919 199 199
p 2 0 2 918 200 199
p 2 0 1 919 198 198
p 2 0 2 918 199 199
p 2 0 0 920 197 197
p 2 0 1 919 199 198
p 2 0 2 918 200 199
p 2 0 0 920 197 197
p 2 0 0 920 197 197
p 2 0 2 918 200 199
p 2 0 0 920 197 197
p 2 3 188 729 18105 617
p 2 0 149 771 808 357
p 2 1 201 718 13941 555
p 2 0 163 757 865 370
p 2 0 250 670 13922 606
p 2 0 193 727 973 398
p 2 0 134 786 2209 330
p 2 0 76 844 419 269
p 2 0 90 830 2076 295
p 2 0 44 876 346 238
p 2 0 65 855 1938 269
p 2 0 44 876 330 237
p 2 0 68 852 1994 272
p 2 0 44 876 338 240
p 2 0 63 857 1789 264
p 2 0 47 873 357 239
p 2 0 56 864 1963 256
p 2 0 22 898 269 216
p 2 0 46 874 1920 250
p 2 0 30 890 283 223
p 2 0 52 868 1877 254
p 2 0 28 892 304 224
p 2 0 45 875 1918 250
p 2 0 34 886 341 231
p 2 0 41 879 1690 244
p 2 0 25 895 287 222
p 2 0 37 883 1907 242
p 2 0 28 892 302 223
p 2 0 57 863 1935 259
p 2 0 35 885 322 229
p 2 0 49 871 1872 253
p 2 0 37 883 310 229
p 2 0 46 874 1913 248
p 2 0 27 893 285 221
p 2 0 40 880 1698 242
p 2 0 28 892 296 223
p 2 0 31 889 1886 235
p 2 0 27 893 284 223
p 2 0 29 891 1839 236
p 2 0 23 897 263 217
p 2 0 33 887 1827 239
p 2 0 26 894 303 222
p 2 0 39 881 1883 244
p 2 0 29 891 280 223
p 2 0 31 889 1689 236
p 2 0 18 902 264 215
p 2 0 30 890 1886 234
p 2 0 16 904 264 215
p 2 0 29 891 1856 238
p 2 0 27 893 292 224
p 2 0 31 889 1825 238
p 2 0 21 899 272 217
p 2 0 52 868 1936 257
p 2 0 27 893 299 224
p 2 0 37 883 1689 243
p 2 0 32 888 315 225
p 2 0 35 885 1896 240
p 2 0 23 897 289 220
p 2 0 29 891 1844 237
p 2 0 20 900 270 218
p 2 0 32 888 1813 237
p 2 0 25 895 290 222
p 2 0 30 890 1871 236
p 2 0 24 896 268 219
p 2 0 29 891 1660 234
p 2 0 20 900 299 219
p 2 0 27 893 1869 233
p 2 0 22 898 288 219
p 2 0 28 892 1830 233
p 2 0 24 896 298 222
p 2 1 241 678 23701 765
p 2 0 208 712 1005 418
p 2 3 259 658 23798 814
p 2 0 205 715 1049 419
p 2 7 284 629 23695 836
p 2 0 200 720 988 414
p 2 4 302 614 24014 825
p 2 0 283 637 1257 496
p 2 0 150 770 1030 346
p 2 0 51 869 305 242
p 2 1 62 857 491 261
p 2 0 40 880 288 229
p 2 0 60 860 825 254
p 2 0 39 881 295 233
p 2 0 45 875 327 238
p 2 0 27 893 564 224
p 2 0 24 896 265 218
p 2 0 24 896 256 218
p 2 0 65 855 733 258
p 2 0 37 883 305 232
p 2 0 37 883 279 229
p 2 0 17 903 395 218
p 2 0 18 902 240 214
p 2 0 13 907 224 206
p 2 0 25 895 740 221
p 2 0 11 909 222 205
p 2 0 9 911 217 204
p 2 0 12 908 532 208
p 2 0 35 885 295 229
p 2 0 26 894 254 218
p 2 0 23 897 613 220
p 2 0 17 903 241 211
p 2 0 11 909 219 207
p 2 0 8 912 527 208
p 2 0 23 897 254 215
p 2 0 15 905 224 210
p 2 0 11 909 351 212
p 2 0 7 913 213 203
p 2 0 6 914 209 202
p 2 0 4 916 572 205
p 2 0 5 915 216 202
p 2 0 5 915 208 202
p 2 17 525 378 52474 1477
p 2 0 389 531 1794 619
p 2 0 170 750 671 361
p 2 17 505 398 49751 1384
p 2 0 439 481 2012 672
p 2 0 154 766 574 341
p 2 11 488 421 55543 1386
p 2 0 474 446 2132 717
p 2 0 267 653 986 461
p 2 15 601 304 53307 1447
p 2 0 427 493 2039 666
p 2 0 305 615 1056 495
p 2 5 407 508 22462 860
p 2 0 316 604 1441 528
p 2 0 113 807 510 301
p 2 0 130 790 847 318
p 2 0 121 799 475 301
p 2 0 189 731 712 372
p 2 0 72 848 757 262
p 2 0 72 848 378 256
p 2 0 78 842 390 266
p 2 0 98 822 660 297
p 2 0 44 876 298 231
p 2 0 61 859 347 251
p 2 0 47 873 817 242
p 2 0 65 855 406 255
p 2 0 28 892 260 220
p 2 0 28 892 585 223
p 2 0 36 884 291 227
p 2 0 50 870 343 243
p 2 0 56 864 709 248
p 2 0 25 895 266 217
p 2 0 21 899 254 216
p 2 0 142 778 903 336
p 2 0 112 808 480 301
p 2 0 61 859 354 252
p 2 0 80 840 524 275
p 2 0 55 865 336 245
p 2 0 19 901 242 214
p 2 0 39 881 645 233
p 2 0 38 882 284 229
p 2 0 35 885 284 227
p 2 0 43 877 671 237
p 2 0 29 891 275 222
p 2 0 19 901 251 213
p 2 0 19 901 556 217
p 2 0 17 903 225 209
p 2 0 13 907 225 208
p 2 0 11 909 581 210
p 2 0 9 911 221 205
p 2 0 10 910 230 205
p 2 0 15 905 390 216
p 2 0 8 912 214 204
p 2 0 3 917 205 200
p 2 0 10 910 708 209
p 2 0 17 903 248 212
p 2 0 26 894 259 218
p 2 0 41 879 612 238
p 2 0 50 870 285 237
p 2 0 20 900 243 214
p 2 0 30 890 627 224
p 2 0 30 890 266 221
p 2 0 19 901 238 212
p 2 0 16 904 389 217
p 2 0 2 918 202 199
p 2 0 11 909 219 206
p 2 0 14 906 725 214
p 2 0 13 907 238 210
p 2 0 8 912 223 205
p 2 0 10 910 539 210
p 2 0 575 345 3182 861
p 2 0 235 685 791 410
p 2 0 46 874 675 241
p 2 0 17 903 232 212
p 2 0 9 911 213 204
p 2 0 22 898 567 217
p 2 0 17 903 244 209
p 2 0 43 877 323 232
p 2 0 18 902 374 216
p 2 0 13 907 229 208
p 2 0 13 907 220 207
p 2 0 62 858 717 257
p 2 0 29 891 272 222
p 2 0 33 887 267 222
p 2 0 31 889 643 226
p 2 0 30 890 275 223
p 2 0 35 885 282 227
p 2 0 14 906 541 212
p 2 0 16 904 242 211
p 2 0 12 908 228 207
p 2 0 29 891 626 224
p 2 0 10 910 220 206
p 2 0 8 912 214 204
p 2 1 12 907 391 216
p 2 0 14 906 228 209
p 2 0 8 912 215 205
p 2 0 12 908 716 211
p 2 0 9 911 226 205
p 2 0 27 893 253 220
p 2 7 285 628 26606 871
p 2 0 227 693 1089 438
p 2 0 106 814 461 294
p 2 11 279 630 25302 857
p 2 0 216 704 1089 433
p 2 0 93 827 426 283
p 2 15 296 609 25581 903
p 2 0 219 701 1146 438
p 2 0 102 818 456 289
p 2 58 506 356 66935 1841
p 2 0 388 532 1853 626
p 2 0 150 770 617 341
p 2 56 258 606 39140 1164
p 2 14 452 454 30370 1133
p 2 0 307 613 1417 545
p 2 55 503 362 64543 1853
p 2 0 428 492 2109 696
p 2 22 379 519 27911 1089
p 2 52 464 404 33908 1348
p 2 10 462 448 26502 1106
p 2 0 313 607 1406 534
p 2 126 434 360 62601 2160
p 2 0 361 559 1640 590
p 2 122 544 254 75851 2428
p 2 0 465 455 2060 710
p 2 177 538 205 72987 2598
p 2 0 379 541 1663 616
p 2 60 421 439 39963 1351
p 2 0 278 642 1096 479
p 2 21 341 558 29300 953
p 2 0 268 652 1240 486
p 2 24 509 387 52401 1442
p 2 0 399 521 1720 621
p 2 12 459 449 42644 1212
p 2 0 325 595 1590 551
p 2 12 442 466 41621 1178
p 2 0 342 578 1514 564
p 2 0 326 594 1329 528
p 2 0 152 768 1385 340
p 2 0 63 857 354 252
p 2 0 139 781 552 325
p 2 0 109 811 1176 298
p 2 0 101 819 494 290
p 2 0 39 881 305 233
p 2 0 55 865 317 245
p 2 0 32 888 272 224
p 2 0 47 873 329 238
p 2 0 21 899 246 215
p 2 0 19 901 249 212
p 2 0 13 907 219 204
i 2 920 0 0 51632 4288
p 2 0 106 814 336 295
p 2 4 98 818 676 332
p 2 0 35 885 236 230
p 2 0 40 880 231 229
p 2 0 9 911 205 205
p 2 3 26 891 1182 242
p 2 0 9 911 220 204
p 2 0 4 916 205 202
p 2 4 17 899 1389 260
p 2 0 7 913 218 204
p 2 0 3 917 204 200
p 2 4 17 899 586 254
p 2 0 11 909 211 205
p 2 0 4 916 201 201
p 2 11 5 904 1362 268
p 2 0 3 917 207 200
p 2 0 0 920 197 197
p 2 2 21 897 1108 253
p 2 0 13 907 238 211
p 2 0 6 914 207 202
p 2 4 14 902 1362 256
p 2 0 7 913 224 206
p 2 0 3 917 204 200
p 2 0 2 918 202 199
p 2 0 0 920 197 197
p 2 0 2 918 203 199
p 2 0 1 919 199 198
p 2 0 1 919 201 198
i 2 920 0 0 60414 4526
p 2 0 108 812 364 305
p 2 5 70 845 1506 304
p 2 0 45 875 280 238
p 2 0 52 868 1257 264
p 2 0 41 879 276 231
p 2 6 33 881 517 269
p 2 0 20 900 240 218
p 2 0 10 910 219 206
p 2 8 20 892 1631 274
p 2 0 17 903 246 214
p 2 0 11 909 222 207
p 2 0 25 895 1028 237
p 2 0 15 905 236 209
p 2 0 8 912 211 203
p 2 0 28 892 1192 242
p 2 0 15 905 240 211
p 2 0 4 916 208 201
p 2 6 18 896 527 255
p 2 0 12 908 221 211
p 2 0 13 907 213 208
p 2 8 20 892 1637 274
p 2 0 8 912 217 205
p 2 0 8 912 224 203
p 2 12 89 819 6609 461
p 2 0 58 862 388 257
p 2 24 68 828 3350 421
p 2 8 67 845 1744 319
p 2 26 70 824 6645 477
p 2 0 35 885 318 231
p 2 1 112 807 7134 424
p 2 0 74 846 454 278
p 2 0 92 828 4143 318
p 2 0 77 843 1376 293
p 2 0 35 885 305 230
p 2 0 15 905 233 210
p 2 0 5 915 219 202
p 2 0 9 911 230 208
p 2 0 4 916 217 202
p 2 0 2 918 207 199
p 2 0 4 916 211 201
p 2 0 3 917 208 201
p 2 0 2 918 212 199
p 2 0 3 917 207 200
p 2 0 1 919 198 198
p 2 0 1 919 204 199
p 2 0 1 919 202 198
i 2 920 0 0 32276 3962
p 2 0 204 716 441 378
p 2 0 206 714 387 363
p 2 0 88 832 280 267
p 2 0 71 849 269 256
p 2 0 47 873 234 231
p 2 0 21 899 226 215
p 2 0 17 903 212 209
p 2 0 3 917 200 199
p 2 0 6 914 201 201
p 2 0 0 920 197 197
p 2 0 1 919 198 198
p 2 0 1 919 198 198
p 2 0 1 919 198 198
p 2 0 0 920 197 197
p 2 0 15 905 209 207
p 2 0 0 920 197 197
p 2 0 0 920 197 197
p 2 0 0 920 197 197
p 2 0 1 919 198 198
p 2 0 1 919 198 198
p 2 0 1 919 198 198
p 2 0 0 920 197 197
p 2 0 1 919 198 198
p 2 31 313 576 16822 958
p 2 0 169 751 720 378
p 2 99 285 536 10719 1043
p 2 0 213 707 525 388
p 2 70 332 518 18594 1074
p 2 0 215 705 617 380
p 2 30 355 535 18738 965
p 2 0 203 717 719 391
p 2 27 345 548 18476 946
p 2 0 178 742 747 383
p 2 0 127 793 365 300
p 2 0 55 865 291 246
p 2 0 55 865 266 244
p 2 0 25 895 229 218
p 2 0 42 878 262 234
p 2 0 25 895 229 216
p 2 0 19 901 234 214
p 2 0 12 908 219 208
p 2 0 8 912 209 204
p 2 0 20 900 250 214
p 2 0 6 914 210 201
p 2 0 3 917 206 200
p 2 0 7 913 210 203
p 2 0 8 912 210 203
p 2 0 6 914 210 203
p 2 0 2 918 202 199
p 2 0 0 920 197 197
p 2 0 0 920 197 197
p 2 0 9 911 227 206
p 2 0 3 917 203 200
p 2 0 1 919 200 198
p 2 0 3 917 205 199
p 2 0 0 920 197 197
p 2 0 2 918 200 198
p 2 0 4 916 206 201
p 2 0 0 920 197 197
p 2 10 409 501 16701 911
p 2 0 178 742 792 387
p 2 105 328 487 10899 1122
p 2 0 250 670 602 434
p 2 109 705 106 28054 1935
p 2 0 491 429 1267 676
p 2 11 820 89 24069 1574
p 2 0 619 301 2467 844
p 2 0 851 69 15507 1309
p 2 0 467 453 1309 655
p 2 0 309 611 639 463
p 2 0 255 665 640 421
p 2 0 193 727 473 358
p 2 0 120 800 417 306
p 2 0 115 805 354 292
p 2 0 78 842 322 263
p 2 0 69 851 280 250
p 2 0 26 894 242 220
p 2 0 46 874 268 234
p 2 0 16 904 234 214
p 2 0 12 908 226 209
p 2 0 15 905 232 210
p 2 0 10 910 222 207
p 2 0 8 912 225 207
p 2 0 38 882 253 227
p 2 0 8 912 216 206
p 2 0 4 916 211 203
p 2 0 5 915 212 203
p 2 0 3 917 208 202
p 2 0 6 914 214 204
p 2 0 3 917 208 202
p 2 0 8 912 214 206
p 2 0 3 917 209 201
p 2 0 2 918 206 200
p 2 0 1 919 205 200
i 2 920 0 0 86214 4905
p 2 0 206 714 448 374
p 2 24 343 553 30281 981
p 2 0 216 704 936 417
p 2 19 291 610 30807 912
p 2 0 208 712 1005 418
p 2 28 264 628 32063 969
p 2 0 215 705 994 424
p 2 26 272 622 33641 981
p 2 0 213 707 1081 428
p 2 1 146 773 966 354
p 2 0 77 843 347 266
p 2 54 561 305 51978 1694
p 2 0 401 519 1862 626
p 2 0 232 688 855 415
p 2 44 524 352 49938 1590
p 2 0 365 555 1714 593
p 2 0 190 730 721 377
p 2 50 524 346 53167 1672
p 2 0 370 550 1687 600
p 2 0 201 719 799 395
p 2 53 522 345 52103 1641
p 2 0 426 494 1858 645
p 2 0 208 712 755 395
p 2 1 239 680 1248 439
p 2 0 107 813 484 294
p 2 0 67 853 363 256
p 2 0 62 858 694 257
p 2 0 90 830 462 279
p 2 0 53 867 351 244
p 2 25 489 406 48497 1413
p 2 0 352 568 1768 583
p 2 0 173 747 663 362
p 2 27 490 403 45737 1433
p 2 0 410 510 1903 642
p 2 0 225 695 824 415
p 2 16 513 391 46266 1402
p 2 0 389 531 1677 617
p 2 0 153 767 600 348
p 2 11 510 399 40600 1282
p 2 0 420 500 1960 657
p 2 0 161 759 608 353
p 2 2 418 500 21534 878
p 2 0 339 581 1462 556
p 2 0 286 634 1104 482
p 2 0 90 830 768 282
p 2 0 129 791 549 314
p 2 0 120 800 512 305
p 2 0 191 729 1160 380
p 2 0 148 772 632 337
p 2 0 90 830 454 279
p 2 1 28 891 468 229
p 2 0 57 863 311 243
p 2 0 52 868 331 242
p 2 1 175 744 1014 376
p 2 0 138 782 544 327
p 2 0 74 846 382 264
p 2 0 62 858 706 255
p 2 0 92 828 440 276
p 2 0 62 858 357 251
p 2 0 46 874 694 239
p 2 0 24 896 257 217
p 2 0 16 904 245 211
p 2 1 29 890 466 228
p 2 0 39 881 302 230
p 2 0 15 905 228 209
p 2 1 22 897 583 224
p 2 0 20 900 248 214
p 2 0 27 893 262 218
p 2 0 11 909 571 209
p 2 0 13 907 234 207
p 2 0 7 913 213 202
p 2 0 7 913 604 203
p 2 0 7 913 214 202
p 2 0 5 915 208 202
p 2 0 9 911 561 208
p 2 0 11 909 223 204
p 2 0 2 918 202 199
p 2 1 41 878 376 238
p 2 0 20 900 245 214
p 2 0 19 901 231 211
p 2 0 16 904 527 212
p 2 0 20 900 241 214
p 2 0 16 904 236 209
p 2 0 14 906 614 210
p 2 0 14 906 226 209
p 2 0 6 914 210 203
p 2 0 4 916 572 203
p 2 0 9 911 221 205
p 2 0 6 914 212 202
p 2 0 7 913 599 204
p 2 0 6 914 213 203
p 2 0 7 913 213 202
p 2 0 2 918 200 198
p 2 0 6 914 205 201
p 2 0 5 915 208 202
p 2 0 6 914 554 204
p 2 0 9 911 219 204
p 2 1 6 913 311 208
p 2 0 2 918 202 198
p 2 0 2 918 202 199
p 2 0 1 919 199 198
p 2 0 316 604 21011 745
p 2 0 198 722 967 406
p 2 0 103 817 483 294
p 2 1 288 631 18220 687
p 2 0 235 685 1124 447
p 2 0 117 803 542 309
p 2 0 278 642 18644 689
p 2 0 193 727 982 406
p 2 0 101 819 466 291
p 2 3 287 630 18594 706
p 2 0 236 684 1180 450
p 2 0 160 760 627 345
p 2 0 82 838 470 271
p 2 0 35 885 280 226
p 2 0 43 877 291 232
p 2 0 37 883 378 229
p 2 0 79 841 410 267
p 2 0 23 897 254 216
p 2 0 15 905 309 209
p 2 0 22 898 248 214
p 2 0 39 881 311 230
p 2 0 29 891 369 223
p 2 0 20 900 248 214
p 2 0 8 912 215 203
p 2 0 88 832 514 278
p 2 0 66 854 374 257
p 2 0 62 858 352 253
p 2 0 41 879 412 233
p 2 0 70 850 373 259
p 2 0 70 850 368 258
p 2 0 38 882 372 231
p 2 0 26 894 267 218
p 2 0 22 898 261 216
p 2 0 14 906 313 210
p 2 0 6 914 210 202
p 2 0 8 912 218 203
p 2 0 25 895 353 218
p 2 0 13 907 232 207
p 2 0 6 914 214 202
p 2 0 13 907 343 208
p 2 0 13 907 237 206
p 2 0 7 913 217 203
p 2 0 24 896 352 221
p 2 0 13 907 237 207
p 2 0 9 911 223 205
p 2 0 9 911 280 206
p 2 0 5 915 212 202
p 2 0 3 917 203 199
p 2 0 13 907 223 206
p 2 0 15 905 235 211
p 2 0 14 906 227 208
p 2 0 10 910 223 206
p 2 0 7 913 208 202
p 2 0 3 917 202 200
p 2 0 4 916 203 199
p 2 0 2 918 203 199
p 2 0 6 914 207 203
p 2 0 10 910 224 205
p 2 0 25 895 267 219
p 2 0 6 914 211 203
p 2 0 3 917 202 199
p 2 0 1 919 199 198
p 2 0 4 916 204 200
p 2 0 2 918 200 199
p 2 0 0 920 197 197
p 2 0 2 918 200 199
p 2 0 1 919 199 198
p 2 0 1 919 199 198
p 2 0 2 918 201 199
p 2 0 3 917 309 200
p 2 0 5 915 213 200
p 2 0 5 915 207 201
p 2 0 24 896 336 215
p 2 0 16 904 233 211
p 2 0 12 908 224 206
p 2 0 15 905 316 209
p 2 0 13 907 228 207
p 2 0 8 912 215 203
p 2 1 15 904 295 216
p 2 0 8 912 215 204
p 2 0 4 916 206 200
p 2 0 2 918 312 199
p 2 0 3 917 204 199
p 2 0 5 915 208 202
p 2 0 5 915 289 202
p 2 0 4 916 203 201
p 2 0 1 919 199 198
p 2 0 2 918 288 200
p 2 0 5 915 208 201
p 2 0 4 916 205 201
p 2 1 5 914 260 207
p 2 0 5 915 208 202
p 2 0 11 909 220 206
p 2 0 4 916 319 202
p 2 0 7 913 213 202
p 2 0 4 916 207 201
p 2 0 8 912 296 204
p 2 0 4 916 206 201
p 2 0 1 919 199 198
p 2 0 3 917 295 201
p 2 0 11 909 223 207
p 2 0 12 908 223 207
p 2 0 19 901 217 209
p 2 0 6 914 211 202
p 2 0 7 913 203 202
p 2 0 2 918 285 200
p 2 0 1 919 199 198
p 2 0 2 918 201 199
p 2 0 4 916 261 201
p 2 0 5 915 207 201
p 2 0 5 915 207 200
p 2 0 3 917 202 201
p 2 0 5 915 208 201
p 2 0 4 916 206 200
p 2 0 7 913 215 202
p 2 0 6 914 210 201
p 2 0 1 919 199 198
p 2 0 1 919 198 198
p 2 0 5 915 207 201
p 2 0 0 920 197 197
p 2 0 4 916 206 200
p 2 0 2 918 202 199
p 2 0 4 916 206 200
p 2 0 5 915 325 203
p 2 0 10 910 218 205
p 2 0 5 915 207 201
p 2 0 5 915 289 201
p 2 0 3 917 204 200
p 2 0 5 915 209 201
p 2 0 4 916 293 201
p 2 0 5 915 209 201
p 2 0 4 916 205 200
p 2 0 3 917 286 201
p 2 0 0 920 197 197
p 2 0 1 919 199 198
p 2 0 2 918 288 200
p 2 0 4 916 208 201
p 2 0 0 920 197 197
p 2 0 1 919 292 199
p 2 0 4 916 208 200
p 2 0 4 916 207 201
p 2 0 2 918 312 200
p 2 0 3 917 207 200
p 2 0 0 920 197 197
p 2 0 10 910 303 205
p 2 0 2 918 200 199
p 2 0 3 917 204 199
p 2 0 5 915 295 201
p 2 0 533 387 2586 788
p 2 0 188 732 703 371
p 2 0 82 838 484 268
p 2 0 22 898 249 215
p 2 0 21 899 245 214
p 2 0 12 908 295 207
p 2 0 29 891 263 221
p 2 0 35 885 286 227
p 2 0 33 887 373 228
p 2 0 12 908 226 207
p 2 0 13 907 227 207
p 2 0 8 912 314 204
p 2 0 16 904 241 210
p 2 0 12 908 217 206
p 2 0 13 907 336 209
p 2 0 13 907 228 207
p 2 0 19 901 243 213
p 2 0 12 908 306 206
p 2 0 11 909 218 205
p 2 0 15 905 227 209
p 2 0 16 904 321 211
p 2 0 11 909 227 205
p 2 0 8 912 214 203
p 2 0 6 914 209 202
p 2 0 4 916 208 201
p 2 0 7 913 212 202
p 2 0 2 918 203 199
p 2 0 5 915 292 202
p 2 0 4 916 207 201
p 2 0 5 915 266 202
p 2 0 6 914 210 202
p 2 0 6 914 210 203
p 2 0 2 918 201 199
p 2 0 5 915 207 201
p 2 0 2 918 202 199
p 2 0 0 920 197 197
p 2 0 3 917 199 199
i 2 920 0 0 51705 4371
p 2 0 79 841 310 264
p 2 62 797 61 53363 2377
p 2 0 467 453 1742 694
p 2 14 842 64 41053 1894
p 2 0 539 381 2081 796
p 2 8 837 75 42360 1870
p 2 0 525 395 1876 761
p 2 0 233 687 746 413
p 2 2 113 805 608 330
p 2 0 58 862 323 261
p 2 0 77 843 403 270
p 2 6 50 864 1479 284
p 2 0 92 828 492 285
p 2 0 95 825 507 291
p 2 0 93 827 1104 308
p 2 0 37 883 300 235
p 2 0 18 902 248 214
p 2 2 31 887 1550 251
p 2 0 19 901 258 215
p 2 0 33 887 294 228
p 2 2 25 893 460 254
p 2 0 20 900 253 225
p 2 0 14 906 230 209
p 2 6 32 882 1440 269
p 2 0 55 865 345 248
p 2 0 10 910 228 206
p 2 0 32 888 903 249
p 2 0 45 875 299 240
p 2 0 18 902 245 215
p 2 2 53 865 1598 272
p 2 0 35 885 304 231
p 2 0 9 911 228 206
p 2 0 28 892 889 245
p 2 0 28 892 276 230
p 2 0 16 904 230 212
p 2 0 17 903 407 227
p 2 0 10 910 223 209
p 2 0 10 910 226 206
p 2 3 8 909 1029 229
p 2 0 22 898 248 218
p 2 0 3 917 209 201
p 2 2 24 894 1499 246
p 2 0 16 904 257 211
p 2 0 4 916 209 202
p 2 0 27 893 891 243
p 2 0 20 900 252 220
p 2 0 11 909 228 210
p 2 2 30 888 1536 249
p 2 0 25 895 272 219
p 2 0 10 910 234 207
p 2 2 26 892 468 257
p 2 0 22 898 239 222
p 2 0 10 910 223 206
p 2 6 13 901 1408 251
p 2 0 8 912 224 205
p 2 0 7 913 223 205
p 2 2 17 901 448 247
p 2 0 14 906 233 215
p 2 0 7 913 215 204
p 2 6 16 898 1415 253
p 2 0 7 913 220 205
p 2 0 4 916 211 202
p 2 0 20 900 866 239
p 2 0 18 902 250 222
p 2 0 10 910 219 207
p 2 2 17 901 1506 238
p 2 0 8 912 226 206
p 2 0 3 917 207 200
p 2 0 1 919 205 200
p 2 0 1 919 205 200
p 2 0 2 918 207 201
p 2 0 2 918 208 201
p 2 0 3 917 212 201
p 2 0 2 918 208 201
p 2 0 1 919 205 200
p 2 0 20 900 901 239
p 2 0 15 905 251 216
p 2 0 12 908 398 226
p 2 0 9 911 225 207
p 2 0 6 914 214 204
p 2 5 844 71 35581 1733
p 2 0 454 466 1829 699
p 2 10 807 103 35839 1824
p 2 0 465 455 1857 714
p 2 15 832 73 36440 1843
p 2 0 594 326 3785 932
p 2 7 823 90 34878 1740
p 2 0 484 436 1875 748
p 2 0 201 719 658 388
p 2 2 201 717 1712 410
p 2 0 121 799 481 309
p 2 0 53 867 329 247
p 2 0 53 867 1030 267
p 2 0 67 853 379 258
p 2 0 30 890 265 223
p 2 2 34 884 1365 256
p 2 0 52 868 348 244
p 2 0 17 903 239 211
p 2 3 85 832 699 313
p 2 0 31 889 277 230
p 2 0 19 901 248 212
p 2 7 29 884 1651 273
p 2 0 30 890 280 226
p 2 0 53 867 351 245
p 2 0 37 883 1021 256
p 2 0 22 898 266 218
p 2 0 16 904 244 212
p 2 2 29 889 1346 252
p 2 0 34 886 305 229
p 2 0 27 893 283 223
p 2 3 28 889 485 260
p 2 0 19 901 235 213
p 2 0 14 906 222 209
p 2 7 25 888 1641 272
p 2 0 13 907 238 211
p 2 0 9 911 224 204
p 2 0 35 885 1027 255
p 2 0 21 899 252 218
p 2 0 8 912 223 206
p 2 2 22 896 1331 248
p 2 0 12 908 252 210
p 2 0 8 912 220 205
p 2 0 26 894 985 245
p 2 0 18 902 246 218
p 2 0 5 915 212 202
p 2 1 19 900 471 231
p 2 0 14 906 235 212
p 2 0 15 905 227 208
p 2 7 13 900 1620 260
p 2 0 8 912 230 206
p 2 0 6 914 218 204
p 2 0 22 898 998 240
p 2 0 17 903 247 216
p 2 0 11 909 219 208
p 2 2 20 898 1326 247
p 2 0 12 908 246 210
p 2 0 2 918 207 200
p 2 0 3 917 208 200
p 2 0 1 919 204 199
p 2 0 20 900 966 238
p 2 0 11 909 228 208
p 2 1 17 902 463 231
i 2 920 0 0 65561 4889
p 2 0 106 814 358 293
p 2 0 64 856 293 255
p 2 0 25 895 226 220
p 2 0 25 895 236 218
p 2 0 10 910 214 207
p 2 3 21 896 969 234
p 2 0 4 916 210 200
p 2 0 4 916 207 200
p 2 1 29 890 1204 245
p 2 0 11 909 234 208
p 2 0 14 906 228 209
p 2 0 33 887 809 240
p 2 0 17 903 221 212
p 2 0 9 911 212 203
p 2 1 29 890 1213 245
p 2 0 8 912 224 204
p 2 0 10 910 218 205
p 2 2 30 888 498 248
p 2 0 13 907 215 210
p 2 0 2 918 201 199
p 2 6 14 900 1285 251
p 2 0 5 915 207 201
p 2 0 3 917 203 200
p 2 0 33 887 859 240
p 2 0 7 913 219 204
p 2 0 2 918 204 199
p 2 1 19 900 1172 238
p 2 0 9 911 227 207
p 2 0 6 914 210 203
p 2 2 27 891 494 247
p 2 0 11 909 214 209
p 2 0 1 919 199 198
p 2 6 14 900 1271 249
p 2 0 5 915 210 203
p 2 0 3 917 202 199
p 2 0 32 888 823 244
p 2 0 8 912 225 205
p 2 0 2 918 201 199
p 2 1 19 900 1178 236
p 2 0 7 913 224 203
p 2 0 2 918 199 198
p 2 0 26 894 816 238
p 2 0 9 911 225 206
p 2 0 1 919 200 198
p 2 1 20 899 454 230
p 2 0 11 909 210 208
p 2 0 9 911 208 204
p 2 3 7 910 951 224
p 2 0 6 914 217 202
p 2 0 1 919 199 198
p 2 1 19 900 1182 237
p 2 0 6 914 226 205
p 2 0 3 917 202 201
p 2 0 27 893 812 239
p 2 0 7 913 216 204
p 2 0 3 917 201 200
p 2 1 26 893 1180 242
p 2 0 10 910 224 206
p 2 0 2 918 200 199
p 2 2 27 891 496 248
p 2 0 9 911 210 204
p 2 0 6 914 201 201
p 2 6 14 900 1287 250
p 2 0 7 913 214 205
p 2 0 0 920 197 197
p 2 0 31 889 855 240
p 2 0 9 911 219 206
p 2 0 5 915 214 202
p 2 1 26 893 1201 242
p 2 0 8 912 225 205
p 2 0 2 918 201 199
p 2 2 27 891 495 247
p 2 0 8 912 205 203
p 2 0 1 919 199 198
p 2 6 14 900 1277 249
p 2 0 6 914 211 203
p 2 0 1 919 199 198
p 2 0 31 889 806 244
p 2 0 7 913 215 204
p 2 0 2 918 201 199
p 2 1 26 893 1218 243
p 2 0 7 913 222 204
p 2 0 4 916 206 201
p 2 0 2 918 201 199
p 2 0 0 920 197 197
p 2 0 0 920 197 197
p 2 0 0 920 197 197
p 2 0 26 894 808 238
p 2 0 9 911 218 206
p 2 1 22 897 460 236
p 2 0 5 915 204 203
p 2 0 0 920 197 197
p 2 0 0 920 197 197
p 2 0 0 920 197 197
p 2 0 0 920 197 197
p 2 3 11 906 949 226
p 2 0 8 912 229 205
p 2 0 4 916 206 200
p 2 1 26 893 1192 244
p 2 0 9 911 230 206
p 2 0 4 916 206 201
p 2 0 30 890 813 242
p 2 0 7 913 221 205
p 2 0 4 916 209 201
p 2 1 26 893 1179 242
p 2 0 10 910 234 207
p 2 0 2 918 204 199
p 2 2 26 892 493 246
p 2 0 11 909 213 204
p 2 0 8 912 207 203
p 2 6 13 901 1273 248
p 2 0 3 917 204 200
p 2 0 2 918 203 199
p 2 0 25 895 799 236
p 2 0 15 905 226 210
p 2 0 2 918 201 199
p 2 1 26 893 1194 244
p 2 0 12 908 234 209
p 2 0 6 914 212 202
p 2 2 26 892 496 247
p 2 0 8 912 205 203
p 2 0 5 915 200 200
p 2 6 15 899 1283 251
p 2 0 7 913 215 204
p 2 0 2 918 202 199
p 2 2 28 890 499 249
p 2 0 11 909 212 208
p 2 0 1 919 200 198
p 2 6 14 900 1284 251
p 2 0 6 914 210 202
p 2 0 2 918 202 199
p 2 0 29 891 801 240
p 2 0 19 901 233 214
p 2 0 2 918 205 200
p 2 1 28 891 1220 245
p 2 0 9 911 221 205
p 2 0 4 916 208 201
p 2 0 2 918 201 199
p 2 0 0 920 197 197
p 2 0 31 889 823 241
p 2 0 9 911 218 207
p 2 1 21 898 455 230
i 2 920 0 0 117073 5490
p 2 0 120 800 394 310
p 2 0 52 868 251 242
p 2 0 24 896 227 217
p 2 0 13 907 210 208
p 2 0 46 874 300 237
p 2 28 284 608 23800 849
p 2 0 153 767 821 359
p 2 0 64 856 350 253
p 2 2 233 685 19847 630
p 2 0 148 772 831 354
p 2 0 97 823 440 284
p 2 3 264 653 19484 651
p 2 0 174 746 908 376
p 2 0 77 843 387 266
p 2 6 268 646 25727 792
p 2 0 160 760 880 366
p 2 0 68 852 363 259
p 2 10 284 626 26529 850
p 2 0 911 9 18934 1429
p 2 0 920 0 40846 1541
p 2 13 906 1 60472 1867
p 2 1 919 0 28005 1537
p 2 7 913 0 32260 1507
p 2 15 905 0 53457 1831
p 2 1 919 0 33527 1516
p 2 1 919 0 39877 1524
p 2 29 891 0 59458 1901
p 2 1 919 0 41950 1621
p 2 1 919 0 37730 1571
p 2 25 895 0 52566 1916
p 2 3 916 1 34515 1530
p 2 1 919 0 33240 1467
p 2 54 864 2 84360 2364
p 2 1 919 0 37113 1537
p 2 0 920 0 39589 1525
p 2 60 856 4 83304 2388
p 2 0 735 185 3669 1020
p 2 0 366 554 1410 564
p 2 48 809 63 67759 2099
p 2 0 543 377 2399 787
p 2 0 436 484 1568 636
p 2 27 727 166 65206 1817
p 2 0 558 362 2498 803
p 2 0 301 619 1061 488
p 2 23 570 327 28976 1209
p 2 0 261 659 1167 467
p 2 0 312 608 1127 499
p 2 26 534 360 27926 1180
p 2 0 405 515 1597 608
p 2 0 132 788 547 318
p 2 68 358 494 26414 1255
p 2 0 329 591 1347 534
p 2 0 269 651 985 455
p 2 31 421 468 21162 1110
p 2 0 353 567 1420 560
p 2 0 99 821 455 289
p 2 34 325 561 23537 1060
p 2 0 295 625 1267 507
p 2 0 218 702 823 408
p 2 42 382 496 25545 1226
p 2 0 420 500 1603 627
p 2 0 163 757 619 353
p 2 32 439 449 26086 1247
p 2 0 472 448 1735 674
p 2 0 209 711 744 396
p 2 0 64 856 350 256
p 2 0 70 850 353 259
p 2 0 61 859 332 251
p 2 0 128 792 515 315
p 2 0 71 849 359 260
p 2 0 40 880 297 232
p 2 0 37 883 276 226
p 2 0 38 882 309 229
p 2 0 37 883 301 231
p 2 0 89 831 417 277
p 2 0 27 893 258 218
p 2 0 21 899 251 215
p 2 0 16 904 235 211
p 2 0 25 895 258 219
p 2 0 15 905 235 209
p 2 0 22 898 248 214
p 2 0 5 915 206 201
p 2 0 14 906 228 208
p 2 0 3 917 202 199
p 2 0 17 903 236 210
p 2 0 17 903 237 212
p 2 0 66 854 371 256
p 2 0 37 883 287 229
p 2 0 43 877 295 231
p 2 0 46 874 300 236
p 2 0 44 876 295 233
p 2 0 7 913 212 202
p 2 0 38 882 287 228
p 2 0 16 904 235 211
p 2 0 45 875 303 235
p 2 0 20 900 256 216
p 2 0 13 907 227 207
p 2 0 16 904 235 211
p 2 0 20 900 243 214
p 2 0 26 894 260 220
p 2 0 19 901 246 214
p 2 0 7 913 212 202
p 2 0 8 912 213 205
p 2 0 13 907 218 208
p 2 0 10 910 220 205
p 2 0 6 914 213 202
p 2 0 13 907 228 209
p 2 0 7 913 209 202
p 2 0 2 918 202 199
p 2 0 5 915 209 202
p 2 0 27 893 258 219
p 2 0 12 908 222 207
p 2 0 19 901 244 213
p 2 0 9 911 217 204
p 2 0 15 905 236 209
p 2 0 21 899 239 215
p 2 0 13 907 228 209
p 2 0 7 913 212 203
p 2 0 3 917 204 200
p 2 0 5 915 206 201
p 2 0 4 916 208 201
p 2 0 0 920 197 197
p 2 0 0 920 197 197
p 2 0 1 919 200 198
p 2 0 4 916 207 200
p 2 0 7 913 206 201
p 2 0 2 918 201 199
p 2 0 6 914 209 202
p 2 0 6 914 208 201
p 2 0 13 907 231 207
p 2 0 5 915 208 200
p 2 0 4 916 207 200
p 2 0 3 917 205 200
p 2 0 2 918 202 200
p 2 0 4 916 206 200
p 2 0 8 912 215 204
p 2 0 4 916 204 200
p 2 0 3 917 201 199
p 2 0 1 919 199 198
p 2 0 3 917 203 200
p 2 0 0 920 197 197
p 2 0 2 918 202 200
p 2 0 2 918 202 200
p 2 0 3 917 204 200
p 2 0 2 918 200 199
p 2 0 1 919 199 198
p 2 0 0 920 197 197
p 2 0 1 919 198 198
i 2 920 0 0 26063 3808
p 2 0 421 499 799 601
p 2 72 689 159 24911 1724
p 2 0 432 488 1345 686
p 2 72 641 207 28266 1771
p 2 0 432 488 1412 689
p 2 197 477 246 41116 2319
p 2 0 447 473 1679 741
p 2 211 507 202 48775 2592
p 2 0 495 425 2019 827
p 2 111 628 181 49445 2358
p 2 0 549 371 2351 891
p 2 95 675 150 51405 2331
p 2 0 555 365 2724 920
p 2 130 637 153 47932 2582
p 2 0 575 345 2808 955
p 2 48 699 173 41617 2045
p 2 0 601 319 2991 947
p 2 47 713 160 42520 2046
p 2 0 565 355 2159 897
p 2 51 658 211 40323 1888
p 2 0 541 379 2237 849
p 2 64 662 194 43235 2009
p 2 0 545 375 2401 909
p 2 38 690 192 43689 1917
p 2 0 556 364 2637 920
p 2 0 435 485 2192 701
p 2 48 696 176 44940 2053
p 2 0 586 334 2862 919
p 2 0 439 481 2407 713
p 2 0 606 314 13934 1106
p 2 0 516 404 2503 801
p 2 0 472 448 2299 741
p 2 0 595 325 12946 1080
p 2 0 513 407 2421 772
p 2 0 390 530 2069 665
p 2 0 530 390 13774 1047
p 2 0 422 498 2040 699
p 2 3 372 545 2639 647
p 2 0 482 438 14166 1015
p 2 0 478 442 3616 779
p 2 0 362 558 2126 625
p 2 2 555 363 13526 1074
p 2 0 438 482 2266 727
p 2 0 342 578 2051 612
p 2 5 515 400 13530 1033
p 2 0 476 444 2651 778
p 2 0 373 547 2258 661
p 2 0 395 525 3075 701
p 2 0 377 543 2418 669
p 2 0 409 511 2270 686
p 2 0 342 578 3244 643
p 2 0 386 534 2234 660
p 2 0 345 575 2226 638
p 2 2 334 584 2009 632
p 2 0 249 671 1153 482
p 2 0 300 620 1435 540
p 2 5 301 614 2726 586
p 2 0 306 614 1668 562
p 2 0 292 628 1711 552
p 2 0 325 595 2614 610
p 2 0 347 573 1966 611
p 2 0 341 579 2104 624
p 2 0 336 584 3029 617
p 2 0 347 573 2114 618
p 2 0 341 579 2116 617
p 2 0 373 547 2987 672
p 2 0 337 583 2122 617
p 2 0 335 585 2167 613
p 2 0 346 574 2584 644
p 2 0 356 564 2193 635
p 2 0 336 584 2057 611
p 2 3 290 627 2378 559
p 2 0 278 642 1280 507
p 2 0 264 656 1469 510
p 2 0 267 653 2734 536
p 2 0 293 627 1734 557
p 2 0 289 631 1817 552
p 2 2 330 588 2478 643
p 2 0 272 648 1543 516
p 2 0 301 619 1832 573
p 2 5 313 602 3312 631
p 2 0 326 594 2242 615
p 2 0 317 603 2313 604
p 2 0 330 590 2879 629
p 2 0 257 663 1487 509
p 2 0 326 594 2138 607
p 2 0 339 581 3407 644
p 2 0 336 584 2140 621
p 2 0 292 628 1973 565
p 2 0 292 628 1602 556
p 2 0 245 675 1096 477
p 2 0 285 635 1561 529
p 2 0 219 701 1134 449
p 2 0 281 639 1597 535
p 2 0 287 633 1759 549
p 2 0 294 626 2644 584
p 2 0 288 632 1828 551
p 2 0 277 643 2276 569
p 2 0 295 625 1938 573
p 2 0 317 603 2056 586
p 2 0 341 579 2118 613
p 2 0 326 594 2053 599
p 2 0 328 592 2073 605
p 2 0 303 617 2120 582
p 2 0 306 614 2025 579
p 2 0 302 618 2045 569
i 2 920 0 0 37638 4326
p 2 0 321 599 631 493
p 2 0 303 617 548 472
p 2 0 94 826 311 281
p 2 0 125 795 329 303
p 2 0 39 881 240 229
p 2 0 58 862 247 243
p 2 0 21 899 217 213
p 2 0 27 893 229 221
p 2 0 14 906 212 209
p 2 0 15 905 211 209
p 2 0 9 911 209 205
p 2 0 4 916 200 200
p 2 0 7 913 208 204
p 2 0 3 917 201 200
p 2 0 0 920 197 197
p 2 0 1 919 198 198
p 2 0 1 919 198 198
p 2 0 3 917 201 201
p 2 0 2 918 199 199
p 2 0 0 920 197 197
p 2 0 0 920 197 197
p 2 0 0 920 197 197
p 2 0 0 920 197 197
p 2 0 2 918 203 199
p 2 0 1 919 199 198
p 2 0 3 917 201 200
p 2 0 0 920 197 197
p 2 0 0 920 197 197
p 2 0 1 919 198 198
p 2 0 0 920 197 197
p 2 0 2 918 200 199
p 2 0 3 917 199 199
p 2 0 3 917 202 201
p 2 0 2 918 199 199
p 2 0 2 918 204 200
p 2 0 0 920 197 197
p 2 0 2 918 200 199
p 2 0 1 919 198 198
p 2 0 2 918 199 199
p 2 0 0 920 197 197
p 2 0 1 919 198 198
p 2 0 2 918 200 200
p 2 0 3 917 203 200
p 2 0 1 919 198 198
p 2 0 1 919 199 198
p 2 0 1 919 199 198
p 2 0 3 917 199 199
p 2 0 0 920 197 197
p 2 0 0 920 197 197
p 2 0 1 919 198 198
p 2 0 0 920 197 197
p 2 0 0 920 197 197
p 2 0 0 920 197 197
p 2 0 0 920 197 197
i 2 920 0 0 26128 3799
p 2 0 872 48 7246 1239
p 2 0 898 22 8465 1300
p 2 0 889 31 8747 1340
p 2 0 906 14 8581 1361
p 2 0 907 13 8267 1371
p 2 0 891 29 8216 1330
p 2 0 907 13 8380 1369
p 2 0 882 38 8619 1364
p 2 0 909 11 8885 1366
p 2 0 906 14 8875 1342
p 2 0 903 17 8682 1352
p 2 0 902 18 8553 1362
p 2 0 887 33 9067 1360
p 2 0 907 13 8978 1378
p 2 0 887 33 8959 1374
p 2 0 897 23 8279 1350
p 2 0 890 30 8072 1328
p 2 0 888 32 7848 1328
p 2 0 894 26 8095 1354
p 2 0 894 26 7690 1330
p 2 0 901 19 8009 1355
p 2 0 897 23 7844 1357
p 2 0 887 33 8129 1354
p 2 0 898 22 7749 1367
p 2 0 894 26 7994 1364
p 2 0 887 33 7804 1365
p 2 0 889 31 8044 1365
p 2 0 900 20 7722 1359
p 2 0 894 26 7778 1374
p 2 0 898 22 7481 1362
p 2 0 895 25 7738 1356
p 2 0 895 25 7538 1354
p 2 0 891 29 7723 1360
p 2 0 893 27 7466 1366
p 2 0 886 34 7727 1368
p 2 0 899 21 7343 1347
p 2 0 885 35 7952 1382
p 2 0 901 19 7591 1364
p 2 0 891 29 8018 1383
i 2 920 0 0 51803 4541
p 2 0 300 620 585 460
p 2 0 258 662 1320 427
p 2 0 89 831 318 278
p 2 0 131 789 1080 314
p 2 0 64 856 292 250
p 2 0 52 868 1111 253
p 2 0 24 896 259 220
p 2 0 17 903 217 211
p 2 0 21 899 902 228
p 2 0 19 901 245 214
p 2 0 10 910 216 207
p 2 0 21 899 864 224
p 2 0 15 905 231 209
p 2 0 6 914 206 202
p 2 0 16 904 1071 223
p 2 0 15 905 246 211
p 2 0 9 911 216 204
p 2 0 17 903 999 225
p 2 0 12 908 240 209
p 2 0 19 901 929 225
p 2 0 13 907 268 212
p 2 0 14 906 1050 222
p 2 0 10 910 232 207
p 2 0 5 915 204 201
p 2 0 15 905 898 221
p 2 0 12 908 241 211
p 2 0 5 915 211 202
p 2 0 15 905 866 219
p 2 0 10 910 233 206
p 2 0 13 907 1062 221
p 2 0 15 905 252 212
p 2 0 5 915 207 201
p 2 0 6 914 206 201
p 2 0 0 920 197 197
p 2 0 5 915 204 201
p 2 0 142 778 9369 488
p 2 0 121 799 666 327
p 2 0 63 857 344 255
p 2 0 140 780 8422 469
p 2 0 107 813 614 313
p 2 0 51 869 334 248
p 2 3 140 777 8268 480
p 2 0 100 820 544 302
p 2 0 34 886 274 226
p 2 1 135 784 7779 472
p 2 0 112 808 606 311
p 2 0 63 857 312 250
p 2 0 69 851 552 263
p 2 0 71 849 375 263
p 2 0 68 852 322 254
p 2 0 51 869 534 244
p 2 0 43 877 299 237
p 2 0 24 896 237 216
p 2 0 31 889 417 226
p 2 0 22 898 239 215
p 2 0 28 892 246 219
p 2 0 15 905 393 213
p 2 0 14 906 224 209
p 2 0 8 912 213 205
p 2 0 15 905 414 213
p 2 0 11 909 222 205
p 2 0 13 907 212 206
p 2 0 7 913 446 205
p 2 0 8 912 217 204
p 2 0 4 916 203 201
p 2 0 9 911 393 209
p 2 0 5 915 204 202
p 2 0 1 919 199 198
p 2 0 6 914 377 206
p 2 0 4 916 210 200
p 2 0 6 914 216 202
p 2 0 14 906 421 214
p 2 0 11 909 214 205
p 2 0 10 910 207 204
p 2 0 10 910 458 208
p 2 0 14 906 231 209
p 2 0 4 916 203 200
p 2 0 6 914 380 206
p 2 0 5 915 214 202
p 2 0 4 916 206 201
p 2 0 5 915 381 206
p 2 0 3 917 210 201
p 2 0 4 916 205 201
p 2 0 1 919 198 198
p 2 0 0 920 197 197
p 2 0 2 918 202 199
p 2 0 2 918 200 199
p 2 0 1 919 199 198
p 2 0 2 918 200 198
p 2 0 13 907 371 210
p 2 0 10 910 212 205
p 2 0 3 917 384 203
p 2 2 16 902 1276 235
p 2 0 9 911 222 205
p 2 0 7 913 211 203
p 2 20 23 877 3793 378
p 2 0 18 902 243 213
p 2 0 7 913 207 203
p 2 34 43 843 7381 522
p 2 0 39 881 336 236
p 2 0 19 901 232 211
p 2 39 73 808 9282 619
p 2 0 60 860 365 267
p 2 0 31 889 257 231
p 2 42 86 792 12869 699
p 2 0 81 839 452 287
p 2 0 22 898 236 214
p 2 65 88 767 12923 833
p 2 0 84 836 464 297
p 2 0 46 874 277 237
p 2 63 94 763 12398 844
p 2 0 92 828 472 297
p 2 0 40 880 292 234
p 2 81 104 735 13336 922
p 2 0 88 832 448 295
p 2 0 47 873 276 242
p 2 89 195 636 20250 1159
p 2 0 176 744 762 388
p 2 0 102 818 417 292
p 2 47 779 94 26086 1711
p 2 0 872 48 15651 1360
p 2 0 889 31 14094 1369
p 2 46 855 19 27323 1840
p 2 0 904 16 9484 1315
p 2 0 895 25 15334 1419
p 2 34 880 6 25204 1810
p 2 0 897 23 15869 1435
p 2 0 917 3 18441 1466
p 2 18 886 16 17750 1606
p 2 0 913 7 8834 1356
p 2 5 897 18 15508 1474
p 2 34 872 14 22118 1732
p 2 0 898 22 8503 1317
p 2 0 908 12 5075 1178
p 2 49 856 15 25583 1848
p 2 0 910 10 17538 1467
p 2 0 902 18 13708 1386
p 2 17 899 4 25304 1675
p 2 0 908 12 16420 1412
p 2 0 909 11 7612 1329
p 2 23 889 8 23458 1668
p 2 0 898 22 16049 1385
p 2 0 853 67 17385 1336
p 2 17 624 279 15046 1156
p 2 0 327 593 1105 535
p 2 0 228 692 1398 417
p 2 30 255 635 12200 810
p 2 0 205 715 1488 420
p 2 0 105 815 392 288
p 2 31 168 721 9495 693
p 2 0 141 779 1286 349
p 2 86 206 628 13480 972
p 2 0 170 750 628 364
p 2 66 247 607 15534 1000
p 2 0 180 740 646 377
p 2 83 210 627 15653 1012
p 2 0 192 728 1626 403
p 2 0 185 735 561 360
p 2 76 213 631 16185 1010
p 2 0 163 757 1501 374
p 2 63 180 677 15569 928
p 2 0 147 773 1321 356
p 2 0 93 827 408 283
p 2 21 211 688 13433 695
p 2 0 156 764 689 353
p 2 0 118 802 466 306
p 2 21 228 671 12366 692
p 2 0 172 748 688 368
p 2 0 91 829 395 279
p 2 7 220 693 10284 565
p 2 0 142 778 704 346
p 2 0 70 850 337 259
p 2 9 184 727 11771 569
p 2 0 125 795 687 324
p 2 0 79 841 407 271
p 2 0 33 887 1149 240
p 2 0 123 797 5390 376
p 2 0 64 856 1140 271
p 2 0 50 870 336 243
p 2 0 105 815 5838 370
p 2 0 83 837 487 280
p 2 0 37 883 299 231
p 2 0 115 805 6312 389
p 2 0 71 849 418 268
p 2 0 24 896 259 217
p 2 0 115 805 5848 388
p 2 0 64 856 446 263
p 2 0 39 881 318 234
p 2 0 131 789 1461 334
p 2 0 72 848 377 266
p 2 0 838 82 9482 1238
p 2 254 630 36 62584 3391
p 2 324 589 7 67508 3703
p 2 363 553 4 65086 3819
p 2 273 641 6 53046 3308
p 2 152 764 4 47882 2707
p 2 29 879 12 22798 1789
p 2 8 676 236 22424 1291
p 2 0 376 544 1224 580
p 2 0 262 658 657 438
p 2 0 474 446 12677 756
p 2 0 272 648 967 461
p 2 0 128 792 411 312
p 2 1 361 558 12395 635
p 2 0 230 690 914 421
p 2 0 223 697 1639 421
p 2 0 351 569 11753 613
p 2 0 215 705 900 405
p 2 0 127 793 513 310
p 2 0 313 607 11425 573
p 2 0 206 714 823 390
p 2 0 89 831 383 271
p 2 0 288 632 11493 548
p 2 0 186 734 1578 386
p 2 0 103 817 497 289
p 2 1 291 628 12086 561
p 2 0 163 757 824 357
p 2 0 73 847 411 262
p 2 2 280 638 12352 556
p 2 0 161 759 793 350
p 2 0 93 827 442 278
p 2 1 287 632 12101 558
p 2 0 172 748 825 365
p 2 0 63 857 355 252
p 2 2 273 645 12368 556
p 2 0 185 735 874 371
p 2 0 75 845 392 261
p 2 0 279 641 12054 547
p 2 0 179 741 842 368
p 2 0 70 850 395 258
p 2 0 269 651 12243 541
p 2 0 177 743 919 374
p 2 0 95 825 463 282
p 2 0 264 656 12427 538
p 2 0 161 759 781 356
p 2 0 57 863 348 245
p 2 2 256 662 12567 542
p 2 0 164 756 809 356
p 2 0 69 851 383 257
p 2 2 269 649 12493 555
p 2 0 163 757 805 359
p 2 0 62 858 377 250
p 2 0 263 657 12597 539
p 2 0 167 753 853 361
p 2 0 69 851 377 260
p 2 2 259 659 12533 543
p 2 0 162 758 814 356
p 2 0 55 865 346 244
p 2 2 256 662 12617 540
p 2 0 593 327 2817 852
p 2 0 218 702 727 400
p 2 0 310 610 12654 600
p 2 0 201 719 902 394
p 2 0 71 849 387 262
p 2 0 267 653 12578 545
p 2 0 186 734 908 376
p 2 0 73 847 405 263
p 2 2 274 644 12567 558
p 2 0 167 753 858 363
p 2 0 53 867 342 243
p 2 2 255 663 12636 545
p 2 0 168 752 847 363
p 2 0 60 860 347 248
p 2 2 271 647 12514 555
p 2 0 168 752 840 365
p 2 0 59 861 346 252
p 2 2 263 655 12577 546
p 2 0 173 747 883 366
p 2 0 76 844 405 265
p 2 0 272 648 12367 547
p 2 0 171 749 849 363
p 2 0 66 854 386 255
p 2 0 257 663 12481 535
p 2 0 163 757 803 355
p 2 0 55 865 365 247
p 2 0 255 665 11248 518
p 2 0 165 755 824 360
p 2 0 57 863 357 247
p 2 0 254 666 11327 514
p 2 0 144 776 739 335
p 2 0 40 880 297 231
p 2 0 263 657 11284 524
p 2 105 709 106 16696 1977
i 2 920 0 0 53839 4696
p 2 339 432 149 33013 3148
p 2 374 533 13 52103 3844
p 2 240 612 68 25360 3063
p 2 9 725 186 25717 1507
p 2 0 504 416 1745 767
p 2 8 511 401 24192 1184
p 2 0 359 561 1419 603
p 2 0 439 481 13645 799
p 2 0 309 611 1296 527
p 2 0 348 572 11955 686
p 2 0 218 702 971 421
p 2 0 321 599 12285 662
p 2 0 215 705 1027 417
p 2 0 311 609 11913 649
p 2 0 221 699 1071 425
p 2 0 296 624 12336 638
p 2 0 235 685 1118 442
p 2 0 307 613 11925 641
p 2 0 205 715 1003 415
p 2 0 295 625 12243 632
p 2 0 198 722 1052 407
p 2 0 270 650 11865 604
p 2 0 190 730 985 396
p 2 0 268 652 12206 608
p 2 0 182 738 1021 393
p 2 0 265 655 11848 607
p 2 0 191 729 977 395
p 2 0 264 656 12144 602
p 2 0 186 734 1029 395
p 2 0 262 658 11795 599
p 2 0 186 734 993 397
p 2 0 262 658 12146 598
i 2 920 0 0 35209 4369
p 2 0 185 735 454 366
p 2 0 147 773 362 325
p 2 0 55 865 657 251
p 2 0 55 865 266 245
p 2 0 22 898 217 214
p 2 1 25 894 839 233
p 2 0 10 910 219 206
p 2 0 7 913 210 203
p 2 0 31 889 647 235
p 2 0 29 891 259 222
p 2 0 14 906 216 208
p 2 1 19 900 832 230
p 2 0 16 904 225 209
p 2 0 4 916 203 200
p 2 1 27 892 476 241
p 2 0 23 897 254 219
p 2 0 13 907 223 208
p 2 2 8 910 849 225
p 2 0 3 917 203 200
p 2 0 5 915 201 201
p 2 0 23 897 710 235
p 2 0 20 900 236 214
p 2 0 7 913 220 206
p 2 1 13 906 849 224
p 2 0 6 914 221 204
p 2 0 5 915 205 201
p 2 1 20 899 461 233
p 2 0 19 901 252 217
p 2 0 9 911 229 207
p 2 2 9 909 845 227
p 2 0 5 915 214 203
p 2 0 4 916 205 201
p 2 0 20 900 706 230
p 2 0 18 902 223 212
p 2 0 5 915 210 202
p 2 1 10 909 824 223
p 2 0 8 912 228 206
p 2 0 2 918 200 199
p 2 0 23 897 627 230
p 2 0 21 899 256 218
p 2 0 9 911 222 206
p 2 0 19 901 417 225
p 2 0 9 911 239 208
p 2 0 5 915 214 203
p 2 0 7 913 600 210
p 2 0 6 914 215 205
p 2 0 2 918 205 199
p 2 1 13 906 831 224
p 2 0 6 914 219 203
p 2 0 1 919 199 198
p 2 0 21 899 639 228
p 2 0 21 899 236 215
p 2 0 7 913 212 204
p 2 1 9 910 823 221
p 2 0 6 914 218 203
p 2 0 0 920 197 197
p 2 1 21 898 465 234
p 2 0 19 901 241 214
p 2 0 3 917 224 201
p 2 2 15 903 853 231
p 2 0 4 916 207 201
p 2 0 2 918 199 199
p 2 0 20 900 707 233
p 2 0 5 915 225 204
p 2 0 4 916 204 200
p 2 1 22 897 818 229
p 2 0 11 909 220 207
p 2 0 1 919 199 199
p 2 1 19 900 469 233
p 2 0 13 907 232 210
p 2 0 7 913 228 206
p 2 2 20 898 849 233
p 2 0 9 911 211 204
p 2 0 1 919 198 198
p 2 1 22 897 466 237
p 2 0 22 898 250 218
p 2 0 4 916 214 203
p 2 2 16 902 848 232
p 2 0 4 916 203 200
p 2 0 0 920 197 197
p 2 0 20 900 701 232
p 2 0 18 902 238 214
p 2 0 8 912 223 207
p 2 1 11 908 816 224
p 2 0 7 913 218 204
p 2 0 3 917 205 200
p 2 0 0 920 197 197
p 2 0 0 920 197 197
p 2 0 0 920 197 197
p 2 0 1 919 200 198
p 2 0 22 898 646 232
p 2 0 7 913 225 206
p 2 0 9 911 421 218
p 2 0 9 911 237 209
i 2 920 0 0 51760 4670
p 2 0 300 620 621 480
p 2 9 543 368 22295 982
p 2 0 325 595 1256 526
p 2 3 434 483 20075 837
p 2 0 271 649 1077 466
p 2 7 343 570 20455 799
p 2 0 261 659 1208 464
p 2 16 297 607 20619 782
p 2 0 199 721 1054 407
p 2 7 320 593 20417 772
p 2 0 225 695 1171 446
p 2 16 297 607 20599 780
p 2 0 203 717 1074 413
p 2 8 287 625 20387 749
p 2 0 224 696 1246 442
p 2 16 266 638 20609 759
p 2 0 199 721 1039 414
p 2 0 280 640 20887 692
p 2 0 228 692 1193 443
p 2 4 282 634 20013 707
p 2 0 204 716 1062 414
p 2 0 277 643 19606 678
p 2 0 214 706 1177 430
p 2 0 282 638 19380 683
p 2 0 206 714 1070 415
p 2 0 283 637 19596 680
p 2 0 214 706 1152 430
p 2 0 279 641 19417 677
p 2 0 191 729 1064 405
p 2 0 282 638 19444 677
p 2 0 195 725 1077 409
p 2 0 275 645 19302 675
p 2 0 210 710 1149 426
p 2 0 272 648 19584 671
p 2 0 214 706 1163 429
p 2 0 281 639 19382 680
p 2 0 192 728 1116 412
p 2 0 277 643 19549 673
p 2 0 211 709 1092 422
p 2 0 275 645 19348 678
p 2 0 211 709 1141 428
p 2 0 276 644 19532 675
p 2 0 198 722 1091 414
p 2 0 270 650 19412 667
p 2 0 199 721 1092 413
p 2 0 271 649 19492 665
p 2 0 209 711 1154 428
p 2 0 269 651 19369 671
p 2 0 194 726 1094 410
p 2 0 271 649 19494 675
p 2 0 207 713 1110 419
p 2 0 273 647 19332 671
p 2 0 216 704 1074 423
p 2 0 278 642 19541 673
p 2 0 195 725 1107 409
p 2 0 279 641 19395 682
p 2 0 193 727 1011 405
p 2 0 277 643 19474 669
p 2 0 211 709 1124 427
p 2 0 280 640 19245 676
p 2 0 210 710 1134 424
p 2 0 272 648 19532 672
p 2 0 198 722 1112 413
p 2 0 270 650 19387 671
p 2 0 209 711 1112 424
p 2 0 269 651 19490 669
p 2 0 201 719 1121 418
p 2 0 268 652 19325 668
p 2 0 200 720 1093 418
p 2 0 270 650 19454 666
p 2 0 210 710 1130 421
p 2 0 275 645 19274 674
p 2 0 196 724 1081 410
p 2 0 275 645 19532 675
p 2 0 198 722 1049 410
p 2 0 272 648 19312 671
p 2 0 186 734 1011 399
p 2 0 275 645 19446 667
p 2 0 197 723 1075 410
p 2 30 283 607 30588 1105
p 2 0 235 685 1129 454
p 2 7 315 598 24646 935
p 2 0 265 655 1203 488
p 2 5 305 610 24056 912
p 2 0 256 664 1194 485
p 2 0 122 798 511 314
p 2 0 54 866 292 245
p 2 41 278 601 27291 1122
p 2 0 227 693 1038 466
p 2 31 294 595 23742 1048
p 2 0 219 701 931 442
p 2 29 290 601 22042 971
p 2 0 210 710 907 424
p 2 26 258 636 21148 939
p 2 0 186 734 810 390
p 2 0 182 738 1148 380
p 2 0 85 835 361 273
p 2 0 90 830 346 275
p 2 0 83 837 898 271
p 2 0 110 810 418 294
p 2 0 43 877 285 236
p 2 0 58 862 850 252
p 2 0 31 889 252 224
p 2 0 45 875 251 231
p 2 0 25 895 762 223
p 2 0 49 871 284 236
p 2 0 23 897 226 216
p 2 0 24 896 228 214
p 2 0 4 916 204 200
p 2 0 30 890 244 220
p 2 0 15 905 245 210
p 2 0 15 905 224 207
p 2 0 7 913 212 203
p 2 0 14 906 744 213
p 2 0 9 911 227 206
p 2 0 21 899 645 220
p 2 0 11 909 222 207
p 2 0 13 907 224 208
p 2 0 4 916 204 200
p 2 0 14 906 815 212
p 2 0 11 909 221 205
p 2 0 8 912 216 205
p 2 0 22 898 693 217
p 2 0 9 911 214 205
p 2 0 14 906 214 208
p 2 0 9 911 803 209
p 2 0 3 917 204 200
p 2 0 2 918 200 198
p 2 0 9 911 749 209
p 2 0 6 914 214 203
p 2 0 2 918 200 200
p 2 0 8 912 730 211
p 2 0 3 917 212 201
p 2 0 1 919 198 198
p 2 0 8 912 674 208
p 2 0 5 915 218 202
p 2 0 3 917 202 200
p 2 0 7 913 795 207
p 2 0 4 916 208 200
p 2 0 5 915 208 201
p 2 0 7 913 753 208
p 2 0 9 911 224 206
p 2 0 4 916 207 201
p 2 0 7 913 735 209
p 2 0 7 913 220 205
p 2 0 1 919 201 199
p 2 0 7 913 731 210
p 2 0 7 913 216 204
p 2 0 1 919 198 198
p 2 0 8 912 614 209
p 2 0 2 918 202 199
p 2 0 6 914 207 202
p 2 0 5 915 654 205
p 2 0 3 917 208 200
p 2 0 2 918 202 199
p 2 0 11 909 757 213
p 2 0 5 915 215 202
p 2 0 3 917 202 200
p 2 0 8 912 741 208
p 2 0 7 913 211 204
p 2 0 2 918 200 199
p 2 0 8 912 735 211
p 2 0 4 916 210 201
p 2 0 0 920 197 197
p 2 0 10 910 694 209
p 2 0 9 911 216 206
p 2 0 3 917 206 201
p 2 0 6 914 655 205
p 2 0 6 914 211 203
p 2 0 3 917 200 199
p 2 0 4 916 583 204
p 2 0 4 916 208 202
p 2 0 1 919 198 198
p 2 0 7 913 803 206
p 2 0 4 916 213 202
p 2 0 1 919 199 198
p 2 0 7 913 743 209
p 2 0 6 914 215 203
p 2 0 1 919 198 198
p 2 0 7 913 726 209
p 2 0 3 917 205 200
p 2 0 0 920 197 197
p 2 0 0 920 197 197
p 2 0 1 919 199 198
p 2 0 0 920 197 197
p 2 0 7 913 735 209
p 2 0 6 914 211 202
p 2 0 1 919 198 198
p 2 0 4 916 610 205
p 2 0 3 917 205 200
p 2 0 2 918 200 199
p 2 0 17 903 964 223
p 2 0 11 909 234 207
p 2 0 9 911 221 205
p 2 0 20 900 1475 227
p 2 0 11 909 227 209
p 2 0 5 915 207 202
p 2 2 69 849 1659 277
p 2 0 15 905 228 212
p 2 0 38 882 232 227
p 2 0 41 879 2229 257
p 2 0 48 872 293 239
p 2 0 11 909 211 205
p 2 0 15 905 693 214
p 2 0 5 915 209 202
p 2 0 6 914 209 202
p 2 0 8 912 801 207
p 2 0 7 913 222 204
p 2 0 2 918 201 199
p 2 0 9 911 752 210
p 2 0 5 915 210 201
p 2 0 2 918 200 199
p 2 0 7 913 732 209
p 2 0 2 918 203 199
p 2 0 0 920 197 197
p 2 0 7 913 683 207
p 2 0 5 915 207 202
p 2 0 6 914 201 201
p 2 0 7 913 803 206
p 2 0 5 915 212 202
p 2 0 0 920 197 197
p 2 0 7 913 678 207
p 2 0 8 912 219 205
p 2 0 2 918 200 199
p 2 0 7 913 805 207
p 2 0 3 917 208 200
p 2 0 1 919 199 198
p 2 0 7 913 742 209
p 2 0 2 918 201 199
p 2 0 1 919 198 198
p 2 0 7 913 727 209
p 2 0 3 917 204 200
p 2 0 0 920 197 197
p 2 0 0 920 197 197
p 2 0 0 920 197 197
p 2 0 0 920 197 197
p 2 0 0 920 197 197
p 2 0 0 920 197 197
p 2 0 0 920 197 197
p 2 0 7 913 740 209
p 2 0 6 914 211 203
p 2 0 5 915 619 206
p 2 0 4 916 212 202
p 2 0 2 918 201 199
i 2 920 0 0 35259 4369
p 2 0 189 731 455 366
p 2 0 159 761 387 336
p 2 0 60 860 667 255
p 2 0 57 863 272 248
p 2 0 35 885 238 226
p 2 1 38 881 846 247
p 2 0 16 904 233 212
p 2 0 13 907 210 207
p 2 1 36 883 471 243
p 2 0 21 899 238 218
p 2 0 25 895 239 216
p 2 2 13 905 854 230
p 2 0 8 912 211 204
p 2 0 6 914 203 202
p 2 0 23 897 653 229
p 2 0 20 900 259 217
p 2 0 15 905 216 209
p 2 1 20 899 832 229
p 2 0 13 907 223 210
p 2 0 18 902 212 209
p 2 0 1 919 199 198
p 2 0 5 915 200 200
p 2 0 0 920 197 197
p 2 0 24 896 631 228
p 2 0 5 915 228 204
p 2 0 11 909 420 220
p 2 0 6 914 232 206
p 2 0 8 912 225 205
p 2 0 2 918 210 200
p 2 0 7 913 590 211
p 2 0 6 914 217 205
p 2 0 5 915 204 201
p 2 1 20 899 828 230
p 2 0 9 911 222 206
p 2 0 5 915 206 202
p 2 0 19 901 637 226
p 2 0 5 915 224 203
p 2 0 3 917 205 200
p 2 1 14 905 825 225
p 2 0 7 913 217 205
p 2 0 1 919 200 198
p 2 1 18 901 463 231
p 2 0 18 902 243 216
p 2 0 4 916 219 203
p 2 2 7 911 844 225
p 2 0 6 914 220 204
p 2 0 4 916 215 202
p 2 0 20 900 705 230
p 2 0 7 913 225 206
p 2 0 8 912 239 207
p 2 1 11 908 829 223
p 2 0 8 912 234 207
p 2 0 2 918 203 199
p 2 1 19 900 454 232
p 2 0 18 902 241 213
p 2 0 9 911 227 206
p 2 2 18 900 858 231
p 2 0 4 916 210 201
p 2 0 1 919 198 198
p 2 0 21 899 711 229
p 2 0 7 913 228 208
p 2 0 5 915 233 206
p 2 1 19 900 857 228
p 2 0 10 910 222 207
p 2 0 3 917 204 200
p 2 0 23 897 699 232
p 2 0 15 905 239 212
p 2 0 9 911 210 206
p 2 0 18 902 424 224
p 2 0 13 907 236 210
p 2 0 8 912 234 206
p 2 2 22 896 860 234
p 2 0 5 915 210 202
p 2 0 3 917 202 200
p 2 0 20 900 694 229
p 2 0 13 907 223 209
p 2 0 11 909 209 205
p 2 1 21 898 842 231
p 2 0 8 912 216 204
p 2 0 3 917 201 199
p 2 0 1 919 199 198
p 2 0 0 920 197 197
p 2 0 0 920 197 197
p 2 0 20 900 695 228
p 2 0 19 901 259 218
p 2 0 9 911 414 217
p 2 0 14 906 229 210
p 2 0 11 909 214 205
p 2 0 3 917 207 200
p 2 6 441 473 15213 1061
p 2 0 277 643 1056 499
p 2 0 111 809 388 296
p 2 16 422 482 16625 1139
p 2 0 287 633 993 501
p 2 0 104 816 418 295
p 2 19 438 463 17136 1173
p 2 0 270 650 993 497
p 2 0 151 769 467 334
p 2 19 436 465 18168 1204
p 2 0 290 630 1017 514
p 2 0 102 818 408 295
p 2 0 72 848 583 277
p 2 0 44 876 297 238
p 2 0 59 861 337 251
p 2 1 36 883 752 243
p 2 0 34 886 279 228
p 2 0 19 901 242 213
p 2 0 24 896 495 232
p 2 0 13 907 241 210
p 2 0 28 892 281 224
p 2 0 24 896 673 228
p 2 0 19 901 263 216
p 2 0 8 912 215 203
p 2 0 17 903 497 231
p 2 0 15 905 264 215
p 2 0 18 902 223 211
p 2 1 14 905 725 229
p 2 0 11 909 230 207
p 2 0 13 907 242 208
p 2 0 21 899 495 229
p 2 0 8 912 231 207
p 2 0 8 912 213 205
p 2 0 11 909 638 216
p 2 0 7 913 224 203
p 2 0 2 918 201 199
p 2 0 19 901 482 226
p 2 0 5 915 211 201
p 2 0 2 918 199 199
p 2 0 15 905 439 224
p 2 0 14 906 263 213
p 2 0 5 915 225 204
p 2 0 16 904 545 218
p 2 0 8 912 226 205
p 2 0 5 915 213 201
p 2 0 11 909 653 217
p 2 0 9 911 218 205
p 2 0 2 918 202 199
p 2 0 14 906 501 228
p 2 0 10 910 235 209
p 2 0 5 915 213 202
p 2 1 12 907 704 223
p 2 0 6 914 221 202
p 2 0 4 916 208 201
p 2 0 11 909 489 223
p 2 0 9 911 238 207
p 2 0 6 914 223 204
p 2 1 9 910 703 219
p 2 0 6 914 225 204
p 2 0 2 918 202 199
p 2 0 14 906 480 223
p 2 0 6 914 220 204
p 2 0 8 912 243 205
p 2 0 10 910 639 217
p 2 0 3 917 208 200
p 2 0 1 919 200 198
p 2 0 1 919 199 198
p 2 0 0 920 197 197
p 2 0 13 907 472 222
p 2 0 4 916 219 201
p 2 0 12 908 438 221
i 2 920 0 0 13695 3758
p 2 152 768 0 25379 3020
p 2 172 748 0 36111 3288
p 2 251 668 1 45337 3574
p 2 246 674 0 49324 3375
p 2 106 809 5 37203 2697
p 2 70 842 8 35816 2566
p 2 37 808 75 11242 2011
p 2 100 813 7 34170 2534
p 2 35 797 88 10531 1929
p 2 54 852 14 35228 2455
p 2 33 820 67 12306 1998
p 2 54 857 9 34340 2400
p 2 38 797 85 10445 1949
p 2 32 868 20 34886 2361
p 2 27 823 70 11512 1969
p 2 26 885 9 33799 2336
p 2 16 835 69 8863 1911
p 2 16 883 21 31287 2269
p 2 66 786 68 11706 2119
p 2 38 875 7 32305 2371
p 2 35 819 66 10791 1998
p 2 39 859 22 31506 2339
p 2 40 808 72 11287 2005
p 2 57 854 9 33442 2460
p 2 36 811 73 11447 2008
p 2 61 840 19 32224 2424
p 2 41 800 79 11253 1985
p 2 58 848 14 32156 2422
p 2 35 809 76 10889 1984
p 2 43 858 19 33077 2394
p 2 28 815 77 11954 1948
p 2 33 870 17 32584 2348
p 2 35 820 65 10611 1962
p 2 29 878 13 32512 2319
p 2 25 827 68 11123 1930
p 2 17 884 19 31929 2230
p 2 13 835 72 8699 1913
p 2 26 874 20 31127 2315
p 2 62 785 73 12709 2113
p 2 33 873 14 32345 2332
p 2 24 824 72 9916 1920
p 2 57 845 18 33865 2448
p 2 41 806 73 11621 2029
p 2 134 783 3 46675 2941
p 2 42 787 91 9738 1974
p 2 95 822 3 44403 2756
p 2 46 808 66 9931 1997
p 2 104 812 4 47699 2788
p 2 138 718 64 12909 2446
p 2 145 609 166 14125 2390
p 2 154 763 3 48434 3071
p 2 122 736 62 14194 2372
p 2 107 683 130 13638 2240
p 2 137 779 4 44340 2971
p 2 68 780 72 13633 2264
p 2 59 712 149 12643 2052
p 2 90 822 8 38611 2712
p 2 54 794 72 12642 2097
p 2 48 752 120 12038 1931
p 2 18 815 87 30234 1762
p 2 0 640 280 1821 953
p 2 178 520 222 22885 1998
p 2 0 488 432 1111 729
p 2 58 576 286 15358 1321
p 2 0 506 414 1100 705
p 2 11 475 434 10672 929
p 2 0 373 547 878 564
p 2 57 328 535 10257 968
p 2 0 274 646 647 456
p 2 27 239 654 5158 670
p 2 0 749 171 5185 1086
p 2 1 913 6 9229 1457
p 2 1 917 2 8130 1553
p 2 1 915 4 10869 1533
p 2 0 916 4 10394 1595
p 2 1 915 4 11215 1571
p 2 2 915 3 11590 1631
p 2 2 913 5 10227 1513
p 2 0 914 6 10382 1612
p 2 1 914 5 10428 1524
p 2 0 914 6 7877 1546
p 2 0 912 8 10909 1487
p 2 0 912 8 10028 1538
p 2 0 909 11 9118 1478
p 2 0 909 11 8080 1513
p 2 0 906 14 10495 1450
p 2 0 891 29 6106 1339
p 2 0 711 209 1520 937
i 2 920 0 0 28398 3836
p 2 0 404 516 792 595
p 2 0 376 544 754 523
p 2 0 157 763 357 329
p 2 0 192 728 643 357
p 2 0 62 858 271 249
p 2 0 120 800 408 297
p 2 0 37 883 254 226
p 2 0 53 867 554 242
p 2 0 34 886 244 225
p 2 0 34 886 459 229
p 2 0 27 893 230 218
p 2 0 21 899 509 215
p 2 0 13 907 211 207
p 2 0 30 890 228 222
p 2 0 12 908 213 209
p 2 0 19 901 213 212
p 2 0 17 903 215 212
p 2 0 9 911 442 212
p 2 0 5 915 205 201
p 2 0 10 910 295 212
p 2 0 3 917 218 201
p 2 0 7 913 220 205
p 2 0 2 918 205 199
p 2 0 8 912 394 207
p 2 0 3 917 203 200
p 2 0 10 910 207 204
p 2 0 15 905 504 212
p 2 0 9 911 210 205
p 2 0 7 913 211 204
p 2 0 15 905 443 216
p 2 0 5 915 204 202
p 2 0 2 918 199 199
p 2 0 4 916 487 205
p 2 0 3 917 218 201
p 2 0 0 920 197 197
p 2 0 721 199 8852 1085
p 2 0 917 3 9185 1329
p 2 0 918 2 9386 1354
p 2 0 915 5 6278 1264
p 2 0 920 0 8547 1317
p 2 0 920 0 8640 1332
p 2 0 920 0 10471 1385
p 2 0 920 0 9168 1350
p 2 0 919 1 7231 1257
p 2 0 920 0 7633 1304
p 2 0 920 0 5594 1234
p 2 2 918 0 5817 1274
p 2 1 916 3 5692 1279
p 2 0 920 0 5879 1265
p 2 0 918 2 5584 1258
p 2 0 918 2 6898 1277
p 2 0 919 1 6554 1282
p 2 0 918 2 6699 1295
p 2 0 919 1 8110 1325
p 2 33 886 1 8680 1432
p 2 3 917 0 9634 1398
p 2 10 909 1 9404 1382
p 2 5 912 3 10562 1431
p 2 5 904 11 9706 1382
p 2 6 904 10 11743 1404
p 2 16 898 6 10976 1428
p 2 6 913 1 10474 1408
p 2 3 908 9 8240 1285
p 2 4 912 4 7057 1342
p 2 3 916 1 6292 1288
p 2 5 903 12 10175 1352
p 2 1 914 5 10323 1280
p 2 4 906 10 11376 1307
p 2 10 907 3 11976 1342
p 2 16 902 2 12368 1369
p 2 16 897 7 10944 1300
p 2 17 893 10 10160 1319
p 2 14 885 21 7392 1269
p 2 11 901 8 11728 1357
p 2 9 904 7 14008 1358
p 2 12 901 7 15953 1464
p 2 6 913 1 14687 1395
p 2 6 910 4 12760 1340
p 2 3 902 15 8356 1273
p 2 3 914 3 13373 1370
p 2 4 907 9 15204 1382
p 2 5 907 8 15954 1403
p 2 5 889 26 11433 1304
p 2 19 895 6 7768 1257
p 2 1 914 5 14503 1308
p 2 1 899 20 14990 1340
p 2 2 891 27 11653 1285
p 2 0 892 28 11189 1280
p 2 0 912 8 14564 1309
p 2 0 905 15 13562 1297
p 2 0 902 18 8869 1193
p 2 0 898 22 15092 1306
p 2 0 875 45 9168 1180
p 2 0 877 43 14991 1260
p 2 0 631 289 11320 966
p 2 0 421 499 5167 662
p 2 0 293 627 3631 505
p 2 0 201 719 3454 413
p 2 0 136 784 3235 345
p 2 0 124 796 3203 343
p 2 0 92 828 3219 311
p 2 0 114 806 3286 331
p 2 0 131 789 3370 343
p 2 0 92 828 3216 311
p 2 0 82 838 3102 303
p 2 0 80 840 3148 299
p 2 0 89 831 3117 311
p 2 0 88 832 3997 331
p 2 0 92 828 3053 318
p 2 0 98 822 4001 346
p 2 0 98 822 3338 325
p 2 1 84 835 4178 335
p 2 0 76 844 3282 298
p 2 0 105 815 5276 372
p 2 0 92 828 3402 315
p 2 0 79 841 4136 324
p 2 0 73 847 3299 295
p 2 0 79 841 4019 321
p 2 0 82 838 3236 304
p 2 0 78 842 3782 315
p 2 0 71 849 3012 287
p 2 0 64 856 3150 281
p 2 0 64 856 3080 282
p 2 0 54 866 3018 278
p 2 0 56 864 3083 275
p 2 0 79 841 4167 323
p 2 0 65 855 3259 286
p 2 0 75 845 4101 327
p 2 0 72 848 3156 301
p 2 1 75 844 4030 326
p 2 0 77 843 3084 297
p 2 0 76 844 3950 318
p 2 0 63 857 2962 286
p 2 0 58 862 3034 284
p 2 0 56 864 3099 279
p 2 0 54 866 3272 279
p 2 0 54 866 3270 277
p 2 0 52 868 3357 277
p 2 0 57 863 3200 280
p 2 0 68 852 3909 307
p 2 0 64 856 3254 288
p 2 0 72 848 4024 317
i 2 920 0 0 38303 3718
p 2 0 331 589 565 494
p 2 0 327 593 502 484
p 2 0 122 798 311 302
p 2 0 135 785 323 309
p 2 0 42 878 246 235
p 2 0 71 849 262 255
p 2 0 15 905 212 210
p 2 0 32 888 226 221
p 2 0 4 916 201 201
p 2 0 14 906 210 209
p 2 0 8 912 205 203
p 2 0 6 914 202 202
p 2 0 3 917 201 200
p 2 0 11 909 212 206
p 2 0 9 911 207 203
p 2 0 7 913 202 202
p 2 0 9 911 205 204
p 2 0 3 917 200 200
p 2 0 6 914 204 202
p 2 0 3 917 200 200
p 2 0 1 919 198 198
p 2 0 1 919 198 198
p 2 0 6 914 201 201
p 2 0 9 911 204 204
p 2 0 18 902 211 211
p 2 0 7 913 203 203
p 2 0 7 913 207 204
p 2 0 20 900 213 211
p 2 0 6 914 201 201
p 2 0 10 910 206 205
p 2 0 3 917 199 199
p 2 0 6 914 203 201
p 2 0 5 915 204 202
p 2 0 2 918 199 199
p 2 0 0 920 197 197
p 2 0 4 916 203 201
p 2 0 1 919 198 198
p 2 0 8 912 204 203
p 2 0 12 908 206 206
p 2 0 9 911 205 204
p 2 0 7 913 203 203
p 2 0 3 917 200 200
p 2 0 5 915 200 200
p 2 0 7 913 204 203
p 2 0 10 910 205 205
p 2 0 7 913 202 202
p 2 0 9 911 206 204
p 2 0 9 911 204 203
p 2 0 2 918 200 199
p 2 0 5 915 202 202
p 2 0 1 919 198 198
p 2 0 5 915 201 201
p 2 0 5 915 201 201
p 2 0 8 912 202 202
p 2 0 0 920 197 197
p 2 0 5 915 203 203
p 2 0 2 918 199 199
p 2 0 1 919 198 198
i 2 920 0 0 42536 3606
p 2 0 279 641 614 466
p 2 0 203 717 458 389
p 2 0 74 846 328 261
p 2 0 68 852 278 257
p 2 0 36 884 249 228
p 2 0 24 896 298 222
p 2 0 15 905 230 212
p 2 0 11 909 213 207
p 2 0 7 913 262 203
p 2 0 5 915 203 201
p 2 0 4 916 203 201
p 2 0 6 914 268 203
p 2 0 10 910 221 206
p 2 0 7 913 220 206
p 2 0 8 912 264 204
p 2 0 6 914 218 204
p 2 0 10 910 221 206
p 2 0 9 911 265 205
p 2 0 10 910 224 207
p 2 0 11 909 232 207
p 2 0 8 912 273 205
p 2 0 7 913 228 206
p 2 0 7 913 216 203
p 2 0 10 910 272 206
p 2 0 12 908 222 207
p 2 0 3 917 212 201
p 2 0 6 914 257 202
p 2 0 8 912 220 205
p 2 0 8 912 217 205
p 2 0 9 911 263 207
p 2 0 8 912 219 204
p 2 0 4 916 208 201
p 2 0 7 913 248 203
p 2 0 9 911 215 203
p 2 0 7 913 210 204
p 2 0 7 913 253 203
p 2 0 0 920 197 197
p 2 0 6 914 212 203
p 2 0 11 909 248 206
p 2 0 9 911 210 204
p 2 0 5 915 206 202
p 2 0 5 915 251 201
p 2 0 4 916 205 201
p 2 0 2 918 205 200
p 2 0 8 912 259 203
p 2 0 7 913 214 203
p 2 0 4 916 203 200
p 2 0 4 916 257 200
p 2 0 3 917 203 199
p 2 0 3 917 205 201
p 2 0 9 911 260 203
p 2 0 3 917 207 200
p 2 0 3 917 202 199
p 2 0 5 915 259 202
p 2 0 4 916 209 202
p 2 0 5 915 206 202
p 2 0 10 910 258 204
p 2 0 2 918 201 199
p 2 0 2 918 200 199
p 2 0 4 916 245 200
p 2 0 2 918 200 199
p 2 0 7 913 206 204
p 2 0 4 916 261 201
p 2 0 3 917 209 200
i 2 920 0 0 50343 4091
p 2 0 880 40 18223 1333
p 2 0 874 46 18493 1292
p 2 0 830 90 19400 1253
p 2 0 869 51 21881 1298
p 2 0 833 87 22161 1271
p 2 0 880 40 21710 1319
p 2 0 863 57 20489 1304
p 2 0 881 39 20183 1306
p 2 0 883 37 19658 1290
p 2 0 892 28 20178 1304
p 2 0 863 57 19987 1287
p 2 0 878 42 19642 1281
p 2 0 861 59 20398 1277
p 2 0 841 79 20476 1269
p 2 0 878 42 20126 1271
p 2 0 878 42 20319 1285
p 2 0 867 53 20210 1280
p 2 0 874 46 20457 1307
p 2 0 858 62 20606 1286
p 2 0 875 45 20961 1309
p 2 0 869 51 20816 1316
p 2 0 865 55 20359 1290
p 2 0 890 30 21147 1305
p 2 1 871 48 22254 1292
p 2 0 836 84 19746 1250
p 2 0 883 37 19084 1265
p 2 0 854 66 20578 1276
p 2 0 881 39 18184 1282
p 2 0 866 54 17168 1277
p 2 0 862 58 18166 1275
p 2 0 858 62 15926 1234
p 2 0 848 72 16460 1230
p 2 0 834 86 24715 1341
p 2 0 865 55 18836 1301
p 2 0 863 57 20019 1278
p 2 1 856 63 23723 1355
p 2 0 872 48 20831 1325
p 2 0 877 43 20917 1332
p 2 1 868 51 22988 1360
p 2 0 854 66 19413 1284
p 2 0 846 74 19671 1266
p 2 0 862 58 19997 1299
p 2 0 818 102 15885 1208
p 2 0 831 89 13819 1183
p 2 0 838 82 11343 1162
p 2 0 851 69 10225 1159
p 2 0 857 63 10945 1155
p 2 0 850 70 14265 1173
p 2 0 874 46 16182 1209
p 2 0 858 62 15121 1205
p 2 0 857 63 15910 1206
p 2 0 856 64 18488 1224
p 2 0 815 105 20023 1217
p 2 0 832 88 20351 1244
p 2 0 850 70 20127 1275
p 2 0 784 136 20708 1229
p 2 0 716 204 17714 1105
p 2 0 721 199 14607 1039
p 2 0 571 349 6995 823
p 2 0 418 502 1622 589
p 2 0 158 762 595 340
p 2 0 170 750 569 342
p 2 0 87 833 419 274
p 2 0 138 782 489 314
p 2 0 44 876 301 233
p 2 0 80 840 380 264
p 2 0 64 856 384 253
p 2 0 39 881 265 226
p 2 0 23 897 253 216
p 2 0 36 884 274 224
p 2 0 17 903 239 212
p 2 0 32 888 278 224
p 2 0 19 901 236 211
p 2 0 20 900 221 210
p 2 0 18 902 246 213
p 2 0 20 900 228 211
p 2 0 7 913 211 203
p 2 0 1 919 199 198
p 2 0 0 920 197 197
p 2 0 120 800 8168 422
p 2 0 93 827 573 297
p 2 0 118 802 7401 406
p 2 0 81 839 507 284
p 2 0 391 529 9346 686
p 2 4 894 22 16606 1398
p 2 18 891 11 36567 1822
p 2 20 896 4 20249 1653
p 2 22 891 7 20520 1665
p 2 15 899 6 25023 1666
p 2 14 904 2 15072 1537
p 2 9 910 1 10636 1413
p 2 4 910 6 23468 1650
p 2 5 904 11 11274 1493
p 2 1 891 28 12933 1473
p 2 3 860 57 22083 1453
p 2 1 644 275 2277 900
p 2 0 329 591 929 513
p 2 0 306 614 788 475
p 2 0 128 792 636 312
p 2 0 159 761 474 335
p 2 0 101 819 385 287
p 2 0 101 819 591 289
p 2 0 75 845 312 260
p 2 0 66 854 297 249
p 2 0 30 890 426 223
p 2 0 34 886 245 224
p 2 0 10 910 230 206
p 2 0 304 616 18372 740
p 2 0 197 723 970 403
p 2 0 99 821 449 287
p 2 1 254 665 15356 651
p 2 0 205 715 1040 413
p 2 0 93 827 464 284
p 2 0 273 647 15546 663
p 2 0 208 712 1042 420
p 2 0 110 810 519 303
p 2 0 55 865 505 247
p 2 0 49 871 320 240
p 2 0 26 894 261 219
p 2 0 57 863 485 242
p 2 0 29 891 247 220
p 2 0 27 893 256 219
p 2 1 20 899 344 221
p 2 0 55 865 334 245
p 2 0 18 902 241 213
p 2 0 22 898 501 216
p 2 0 12 908 224 206
p 2 0 32 888 271 223
p 2 0 16 904 410 211
p 2 0 19 901 234 214
p 2 0 7 913 213 202
p 2 0 16 904 397 210
p 2 0 13 907 232 209
p 2 0 15 905 231 209
p 2 1 8 911 327 210
p 2 0 4 916 214 202
p 2 0 1 919 199 199
p 2 0 7 913 470 204
p 2 0 2 918 202 199
p 2 0 9 911 218 204
p 2 0 9 911 395 206
p 2 0 17 903 221 209
p 2 0 8 912 218 203
p 2 0 30 890 423 223
p 2 0 17 903 231 212
p 2 0 24 896 250 218
p 2 0 8 912 214 204
p 2 0 6 914 206 201
p 2 0 0 920 197 197
p 2 0 6 914 368 203
p 2 0 2 918 202 198
p 2 1 2 917 309 206
p 2 0 0 920 197 197
p 2 0 3 917 202 199
p 2 0 3 917 205 200
p 2 0 5 915 579 205
p 2 0 5 915 213 202
p 2 0 8 912 618 208
p 2 0 2 918 201 199
p 2 0 12 908 227 205
p 2 0 5 915 209 201
p 2 0 2 918 201 199
p 2 0 2 918 202 199
p 2 0 5 915 204 201
p 2 0 2 918 202 199
p 2 0 4 916 205 201
p 2 0 7 913 211 203
p 2 0 3 917 203 200
p 2 0 1 919 198 198
p 2 0 8 912 558 208
p 2 0 4 916 210 200
p 2 2 3 915 444 211
p 2 0 3 917 202 200
p 2 0 4 916 205 201
p 2 0 3 917 203 200
p 2 0 0 920 197 197
p 2 0 4 916 559 203
p 2 0 3 917 203 200
p 2 0 3 917 203 200
p 2 0 6 914 612 206
p 2 0 2 918 200 199
p 2 0 2 918 201 199
p 2 0 9 911 561 208
p 2 0 5 915 216 203
p 2 0 2 918 202 200
p 2 0 6 914 577 206
p 2 0 3 917 211 200
p 2 0 4 916 206 200
p 2 1 3 916 481 211
p 2 0 11 909 212 205
p 2 0 7 913 203 202
p 2 0 6 914 690 206
p 2 0 3 917 212 200
p 2 0 1 919 200 198
p 2 0 3 917 549 204
p 2 0 3 917 216 200
p 2 0 0 920 197 197
p 2 0 8 912 582 207
p 2 0 3 917 212 200
p 2 0 0 920 197 197
p 2 0 5 915 556 205
p 2 0 3 917 206 200
p 2 0 0 920 197 197
p 2 0 5 915 576 203
p 2 0 2 918 210 200
p 2 0 2 918 202 199
p 2 0 0 920 197 197
p 2 0 0 920 197 197
p 2 0 0 920 197 197
p 2 0 5 915 207 201
p 2 0 2 918 201 199
p 2 0 0 920 197 197
p 2 0 5 915 553 204
p 2 0 3 917 208 199
p 2 0 0 920 197 197
p 2 2 3 915 446 212
p 2 0 3 917 206 200
p 2 0 2 918 201 199
p 2 0 4 916 556 204
p 2 0 4 916 213 201
p 2 0 3 917 204 200
p 2 0 4 916 592 204
p 2 0 3 917 207 200
p 2 0 4 916 205 201
p 2 0 6 914 558 206
p 2 0 4 916 209 202
p 2 0 1 919 200 198
p 2 0 3 917 573 203
p 2 0 1 919 201 198
p 2 0 1 919 199 198
p 2 1 2 917 478 210
p 2 0 2 918 203 199
p 2 0 1 919 201 198
p 2 0 3 917 676 204
p 2 0 2 918 205 200
p 2 0 1 919 199 198
p 2 0 3 917 555 204
p 2 0 2 918 207 199
p 2 0 1 919 198 198
p 2 0 4 916 575 204
p 2 0 4 916 214 201
p 2 0 1 919 201 198
p 2 1 2 917 475 209
p 2 0 1 919 200 198
p 2 0 0 920 197 197
p 2 0 3 917 679 203
p 2 0 2 918 212 200
p 2 0 1 919 199 198
p 2 0 3 917 558 204
p 2 0 441 479 1862 651
p 2 0 163 757 571 344
p 2 0 68 852 693 258
p 2 0 36 884 262 227
p 2 0 22 898 248 216
p 2 0 9 911 563 209
p 2 0 10 910 232 207
p 2 0 3 917 205 200
p 2 2 17 901 473 222
p 2 0 17 903 223 212
p 2 0 16 904 230 209
p 2 0 13 907 585 213
p 2 0 29 891 260 220
p 2 0 18 902 240 213
p 2 0 26 894 634 222
p 2 0 18 902 239 213
p 2 0 7 913 211 204
p 2 0 9 911 557 208
p 2 0 23 897 245 217
p 2 0 9 911 219 206
p 2 0 20 900 607 219
p 2 0 7 913 215 204
p 2 0 10 910 219 206
p 2 1 13 906 500 219
p 2 0 10 910 218 205
p 2 0 9 911 218 205
p 2 0 18 902 701 216
p 2 0 8 912 215 204
p 2 0 11 909 215 206
p 2 0 6 914 551 206
p 2 0 7 913 213 204
p 2 0 5 915 208 201
p 2 0 5 915 580 205
p 2 0 8 912 215 204
p 2 0 8 912 211 204
p 2 0 4 916 549 204
p 2 0 10 910 214 205
p 2 0 2 918 200 198
p 2 2 2 916 442 210
p 2 0 4 916 204 201
p 2 0 3 917 202 199
p 2 0 5 915 561 205
p 2 0 8 912 217 204
p 2 0 5 915 204 201
p 2 0 6 914 598 207
p 2 0 5 915 219 204
p 2 0 6 914 210 203
p 2 0 4 916 551 205
p 2 0 15 905 229 209
p 2 0 6 914 210 202
p 2 2 6 912 450 214
p 2 0 4 916 206 201
p 2 0 2 918 202 199
p 2 0 4 916 693 205
p 2 0 7 913 220 203
p 2 0 4 916 203 200
p 2 1 7 912 490 215
p 2 0 8 912 214 205
p 2 0 7 913 211 203
p 2 0 9 911 690 209
p 2 0 9 911 221 205
p 2 0 10 910 221 207
p 2 0 8 912 565 209
p 2 0 4 916 208 201
p 2 0 3 917 204 200
p 2 0 3 917 577 203
p 2 0 8 912 220 205
p 2 0 7 913 212 202
p 2 0 25 895 216 213
p 2 0 2 918 201 199
p 2 0 9 911 203 203
p 2 0 4 916 555 205
p 2 0 4 916 214 201
p 2 0 2 918 205 199
p 2 2 3 915 447 211
p 2 0 6 914 464 203
p 2 0 1 919 200 198
p 2 0 1 919 199 198
p 2 0 5 915 380 201
p 2 0 2 918 210 199
p 2 0 2 918 203 200
p 2 0 4 916 367 201
p 2 0 4 916 204 200
p 2 0 1 919 199 198
p 2 1 4 915 313 206
p 2 0 5 915 205 201
p 2 0 68 852 5804 340
p 2 0 58 862 693 259
p 2 0 69 851 4525 314
p 2 0 58 862 449 262
p 2 0 72 848 4560 321
p 2 0 51 869 434 254
p 2 0 16 904 249 212
p 2 1 23 896 362 222
p 2 0 8 912 223 204
p 2 0 13 907 233 207
p 2 0 10 910 221 205
p 2 0 2 918 201 199
p 2 0 2 918 202 199
p 2 0 3 917 203 200
p 2 0 0 920 197 197
p 2 0 2 918 202 199
p 2 0 1 919 199 198
p 2 0 1 919 199 198
p 2 0 1 919 199 198
p 2 0 0 920 197 197
p 2 0 0 920 197 197
p 2 0 0 920 197 197
p 2 0 0 920 197 197
i 2 920 0 0 46715 4268
p 2 0 139 781 384 319
p 2 0 116 804 330 296
p 2 26 619 275 34579 1639
p 2 0 416 504 1513 654
p 2 0 171 749 562 357
p 2 19 628 273 33854 1606
p 2 0 391 529 1502 632
p 2 0 178 742 615 368
p 2 27 603 290 37486 1709
p 2 0 394 526 1516 632
p 2 0 190 730 690 385
p 2 13 601 306 30881 1465
p 2 0 412 508 1566 633
p 2 0 190 730 620 377
p 2 11 611 298 31593 1511
p 2 0 379 541 1480 605
p 2 0 169 751 562 358
p 2 0 90 830 361 274
p 2 0 104 816 430 288
p 2 0 37 883 270 229
p 2 0 31 889 241 221
p 2 0 29 891 258 222
p 2 0 16 904 231 211
p 2 0 67 853 384 259
p 2 0 20 900 241 214
p 2 0 29 891 258 221
p 2 0 59 861 357 252
p 2 0 36 884 278 227
p 2 0 9 911 218 204
p 2 0 6 914 205 202
p 2 0 4 916 205 201
p 2 0 12 908 225 208
p 2 0 6 914 206 202
p 2 0 2 918 201 199
p 2 0 7 913 209 202
p 2 18 505 397 31791 1513
p 2 0 359 561 1426 596
p 2 19 524 377 24256 1352
p 2 0 375 545 1350 608
p 2 12 522 386 25044 1333
p 2 0 356 564 1284 596
p 2 0 216 704 2445 412
p 2 0 113 807 453 302
p 2 0 120 800 2047 306
p 2 0 100 820 451 287
p 2 0 135 785 2056 326
p 2 0 55 865 328 241
p 2 0 82 838 1997 276
p 2 0 37 883 320 231
p 2 0 79 841 1934 279
p 2 0 41 879 315 234
p 2 0 65 855 1977 262
p 2 0 31 889 295 227
p 2 0 69 851 1903 263
p 2 0 41 879 324 232
p 2 0 63 857 1966 258
p 2 0 34 886 287 226
p 2 0 60 860 1892 259
p 2 0 33 887 286 226
p 2 0 53 867 1952 251
p 2 0 26 894 278 219
p 2 0 70 850 1887 264
p 2 0 30 890 287 224
p 2 0 63 857 1959 258
p 2 0 27 893 266 221
p 2 0 65 855 1877 262
p 2 0 36 884 298 229
p 2 0 59 861 1935 253
p 2 0 36 884 318 227
p 2 0 54 866 1855 255
p 2 0 41 879 305 231
p 2 0 57 863 1946 253
p 2 0 28 892 273 220
p 2 0 57 863 1871 256
p 2 0 32 888 292 224
p 2 0 55 865 1930 252
p 2 0 27 893 278 220
p 2 0 57 863 1861 255
p 2 0 31 889 296 224
p 2 0 57 863 1931 252
p 2 0 22 898 272 217
p 2 0 51 869 1852 250
p 2 0 26 894 276 220
p 2 0 49 871 1951 247
p 2 0 28 892 269 221
p 2 0 56 864 1854 253
p 2 0 29 891 288 222
p 2 0 62 858 1947 257
p 2 0 31 889 288 222
p 2 0 56 864 1848 253
p 2 0 28 892 273 221
p 2 30 569 321 32231 1635
p 2 0 417 503 1471 653
p 2 16 600 304 29672 1538
p 2 0 417 503 1431 657
p 2 21 615 284 31894 1618
p 2 0 403 517 1496 644
p 2 22 609 289 33127 1609
p 2 0 416 504 1449 657
p 2 7 477 436 18487 1179
p 2 0 338 582 1187 564
p 2 3 447 470 14991 998
p 2 0 281 639 1022 493
p 2 2 414 504 14127 967
p 2 0 284 636 1508 509
p 2 0 102 818 422 296
p 2 0 108 812 415 303
p 2 0 76 844 971 281
p 2 0 97 823 409 286
p 2 0 24 896 244 217
p 2 1 46 873 438 251
p 2 0 44 876 280 242
p 2 0 20 900 243 214
p 2 2 56 862 1167 266
p 2 0 38 882 280 231
p 2 0 45 875 304 237
p 2 0 23 897 719 229
p 2 0 20 900 240 214
p 2 0 15 905 231 209
p 2 0 59 861 968 266
p 2 0 27 893 265 220
p 2 0 12 908 219 206
p 2 0 21 899 767 228
p 2 0 25 895 263 222
p 2 0 18 902 247 214
p 2 0 39 881 515 239
p 2 0 30 890 254 226
p 2 0 13 907 212 208
p 2 1 10 909 854 214
p 2 0 13 907 231 209
p 2 0 11 909 221 207
p 2 0 18 902 872 227
p 2 0 14 906 234 211
p 2 0 4 916 204 200
p 2 0 23 897 727 227
p 2 0 11 909 223 207
p 2 0 9 911 219 205
p 2 0 16 904 872 225
p 2 0 11 909 217 205
p 2 0 3 917 205 200
p 2 1 13 906 419 222
p 2 0 11 909 212 211
p 2 0 7 913 205 203
p 2 2 8 910 1042 222
p 2 0 10 910 217 206
p 2 0 5 915 202 201
p 2 0 20 900 714 227
p 2 0 7 913 223 204
p 2 0 10 910 215 205
p 2 0 15 905 862 226
p 2 0 9 911 213 204
p 2 0 5 915 206 201
p 2 0 15 905 708 222
p 2 0 13 907 232 209
p 2 0 3 917 215 201
p 2 0 13 907 443 218
p 2 0 13 907 211 210
p 2 0 0 920 197 197
p 2 1 5 914 835 211
p 2 0 4 916 217 202
p 2 0 1 919 201 198
p 2 0 16 904 876 224
p 2 0 15 905 230 209
p 2 0 6 914 205 202
p 2 0 13 907 709 219
p 2 0 7 913 218 205
p 2 0 2 918 202 199
p 2 0 11 909 864 221
p 2 0 10 910 220 205
p 2 0 6 914 208 202
p 2 1 13 906 383 227
p 2 0 9 911 206 206
p 2 0 7 913 202 202
p 2 2 11 907 1041 225
p 2 0 8 912 213 205
p 2 0 4 916 200 200
p 2 0 14 906 708 220
p 2 0 5 915 221 202
p 2 0 7 913 207 202
p 2 0 14 906 861 225
p 2 0 12 908 229 207
p 2 0 1 919 199 198
p 2 1 13 906 382 226
p 2 0 9 911 210 210
p 2 0 0 920 197 197
p 2 2 9 909 1036 223
p 2 0 9 911 221 205
p 2 0 6 914 205 202
p 2 0 15 905 719 222
p 2 0 6 914 219 203
p 2 0 1 919 199 198
p 2 0 14 906 868 225
p 2 0 10 910 228 206
p 2 0 2 918 201 198
p 2 0 13 907 657 221
p 2 0 7 913 214 203
p 2 0 4 916 207 201
p 2 0 12 908 448 216
p 2 0 15 905 223 215
p 2 0 5 915 203 201
p 2 2 8 910 1037 221
p 2 0 7 913 208 203
p 2 0 8 912 207 203
p 2 1 12 907 405 221
p 2 0 11 909 210 208
p 2 0 0 920 197 197
p 2 2 6 912 1037 219
p 2 0 9 911 215 204
p 2 0 5 915 201 201
p 2 0 13 907 712 220
p 2 0 10 910 226 206
p 2 0 0 920 197 197
p 2 0 15 905 862 225
p 2 0 9 911 220 205
p 2 0 2 918 202 199
p 2 0 0 920 197 197
p 2 0 0 920 197 197
p 2 0 0 920 197 197
p 2 0 1 919 199 198
p 2 0 1 919 199 198
i 2 920 0 0 34713 3918
p 2 0 201 719 442 373
p 2 0 730 190 18187 1244
p 2 0 376 544 1306 579
p 2 0 686 234 16259 1132
p 2 0 338 582 1235 542
p 2 0 649 271 16030 1101
p 2 0 322 598 1152 524
p 2 0 189 731 619 376
p 2 0 83 837 378 274
p 2 0 65 855 295 252
p 2 0 37 883 251 226
p 2 0 45 875 267 234
p 2 0 26 894 237 217
p 2 0 43 877 305 235
p 2 0 15 905 243 211
p 2 0 24 896 260 220
p 2 0 18 902 241 212
p 2 0 17 903 243 213
p 2 0 6 914 211 203
p 2 0 2 918 201 198
p 2 0 5 915 208 202
p 2 0 11 909 222 207
p 2 0 16 904 228 209
p 2 0 5 915 205 201
p 2 0 4 916 206 201
p 2 18 557 345 29166 1494
p 2 0 354 566 1328 581
p 2 3 591 326 24877 1337
p 2 0 446 474 2645 717
p 2 4 589 327 25457 1388
p 2 0 383 537 1461 610
p 2 0 184 736 542 360
p 2 3 140 777 1283 376
p 2 0 81 839 336 275
p 2 0 43 877 276 238
p 2 8 70 842 2289 322
p 2 0 38 882 288 232
p 2 0 50 870 314 243
p 2 0 42 878 1595 270
p 2 0 46 874 305 246
p 2 0 24 896 246 219
p 2 3 39 878 2127 291
p 2 0 47 873 333 241
p 2 0 19 901 237 215
p 2 0 9 911 214 203
p 2 0 8 912 217 204
p 2 0 15 905 228 209
p 2 0 42 878 289 232
p 2 0 30 890 258 220
p 2 0 69 851 1683 296
p 2 0 43 877 317 242
p 2 4 31 885 912 260
p 2 0 20 900 238 214
p 2 0 20 900 237 213
p 2 0 15 905 218 210
p 2 0 13 907 218 207
p 2 0 8 912 205 204
p 2 0 0 920 197 197
p 2 0 2 918 203 199
p 2 0 29 891 1764 247
p 2 0 26 894 296 222
p 2 0 17 903 247 214
p 2 1 28 891 2498 270
p 2 0 28 892 315 228
p 2 0 16 904 244 211
p 2 0 29 891 1576 259
p 2 0 21 899 264 218
p 2 0 16 904 257 213
p 2 1 34 885 2214 277
p 2 0 20 900 255 216
p 2 0 13 907 230 209
p 2 3 30 887 1026 275
p 2 0 20 900 236 217
p 2 0 12 908 208 206
p 2 9 20 891 2114 275
p 2 0 21 899 251 217
p 2 0 16 904 234 211
p 2 0 29 891 1560 255
p 2 0 23 897 257 222
p 2 0 10 910 219 206
p 2 1 32 887 2449 271
p 2 0 25 895 273 221
p 2 0 13 907 228 210
p 2 3 30 887 1028 274
p 2 0 18 902 237 216
p 2 0 14 906 224 209
p 2 9 21 890 2103 275
p 2 0 14 906 236 210
p 2 0 6 914 214 202
p 2 0 30 890 1570 257
p 2 0 27 893 271 227
p 2 0 17 903 226 213
p 2 3 26 891 2333 272
p 2 0 17 903 247 214
p 2 0 9 911 216 205
p 2 0 28 892 1507 254
p 2 0 25 895 265 226
p 2 0 13 907 219 208
p 2 3 26 891 2075 278
p 2 0 21 899 275 220
p 2 0 10 910 226 207
p 2 0 5 915 207 201
p 2 0 3 917 200 200
p 2 0 5 915 208 202
p 2 0 1 919 199 198
p 2 0 1 919 199 199
p 2 0 0 920 197 197
p 2 0 2 918 199 198
p 2 0 28 892 1486 258
p 2 0 23 897 259 224
p 2 4 26 890 901 257
p 2 0 21 899 234 215
p 2 0 18 902 229 213
p 2 0 2 918 201 200
p 2 0 3 917 204 200
p 2 0 4 916 203 200
p 2 0 2 918 202 200
p 2 0 1 919 200 199
p 2 0 1 919 201 198
p 2 0 1 919 199 198
p 2 0 1 919 199 198
p 2 0 1 919 200 199
p 2 0 3 917 202 199
p 2 0 2 918 202 199
p 2 0 1 919 198 198
p 2 2 561 357 21593 1223
p 2 0 348 572 1339 566
p 2 0 555 365 18699 1077
p 2 0 406 514 2420 661
p 2 0 542 378 17150 1059
p 2 0 341 579 1317 547
p 2 0 174 746 574 356
p 2 0 71 849 327 261
p 2 0 42 878 268 231
p 2 4 582 334 23190 1299
p 2 0 346 574 1366 578
p 2 0 172 748 653 363
p 2 4 582 334 22360 1309
p 2 0 360 560 1408 585
p 2 0 137 783 533 329
p 2 4 573 343 23091 1337
p 2 0 379 541 1500 611
p 2 0 196 724 646 384
p 2 7 564 349 24645 1337
p 2 0 409 511 1505 637
p 2 0 181 739 608 366
p 2 0 126 794 1363 329
p 2 0 82 838 388 273
p 2 0 49 871 275 240
p 2 0 57 863 999 265
p 2 0 70 850 393 264
p 2 0 24 896 250 219
p 2 0 49 871 1284 259
p 2 0 33 887 312 228
p 2 0 15 905 235 210
p 2 0 46 874 961 255
p 2 0 14 906 252 211
p 2 0 10 910 224 206
p 2 0 32 888 1142 245
p 2 0 14 906 244 211
p 2 0 9 911 221 205
p 2 0 25 895 607 230
p 2 0 13 907 237 210
p 2 0 10 910 217 207
p 2 14 548 358 27652 1508
p 2 0 364 556 1453 607
p 2 0 179 741 654 375
p 2 6 589 325 26802 1449
p 2 0 378 542 1421 626
p 2 0 170 750 555 361
p 2 33 553 334 30126 1622
p 2 0 377 543 1541 620
p 2 0 198 722 703 389
p 2 61 585 274 34250 1801
p 2 0 348 572 1526 588
p 2 0 187 733 612 374
p 2 0 114 806 458 308
p 2 69 577 274 35020 1975
p 2 0 401 519 1453 638
p 2 14 642 264 29306 1552
p 2 0 389 531 1464 625
p 2 12 620 288 29229 1540
p 2 0 401 519 1478 623
p 2 1 223 696 1258 437
p 2 0 135 785 418 320
p 2 3 110 807 1939 322
p 2 0 99 821 364 282
p 2 0 87 833 339 271
p 2 0 74 846 1151 281
p 2 0 51 869 285 242
p 2 0 34 886 261 226
p 2 2 41 877 1678 267
p 2 0 53 867 336 244
p 2 0 17 903 230 210
p 2 1 36 883 896 262
p 2 0 27 893 262 220
p 2 0 12 908 217 206
p 2 3 40 877 1877 265
p 2 0 28 892 285 224
p 2 0 28 892 293 223
p 2 0 43 877 1218 259
p 2 0 16 904 265 217
p 2 0 8 912 217 205
p 2 2 22 896 1665 248
p 2 0 16 904 250 213
p 2 0 21 899 256 217
p 2 0 26 894 1091 244
p 2 0 26 894 279 222
p 2 0 15 905 238 210
p 2 1 22 897 765 237
p 2 0 15 905 246 211
p 2 0 6 914 216 204
p 2 3 25 892 1837 252
p 2 0 15 905 237 209
p 2 0 9 911 210 204
p 2 1 23 896 875 250
p 2 0 20 900 231 214
p 2 0 5 915 205 202
p 2 3 21 896 1839 248
p 2 0 14 906 233 210
p 2 0 3 917 204 199
p 2 0 24 896 1085 242
p 2 0 13 907 236 211
p 2 0 3 917 207 200
p 2 2 20 898 1662 250
p 2 0 15 905 247 212
p 2 0 3 917 204 200
p 2 0 3 917 204 199
p 2 0 2 918 202 199
p 2 0 0 920 197 197
p 2 0 0 920 197 197
p 2 0 23 897 1080 241
p 2 0 10 910 234 207
p 2 1 18 901 768 236
p 2 0 11 909 211 205
p 2 0 1 919 199 198
p 2 0 0 920 197 197
p 2 0 0 920 197 197
p 2 0 6 914 211 202
p 2 0 3 917 203 199
p 2 0 3 917 203 201
p 2 0 6 914 208 202
p 2 0 5 915 210 201
p 2 0 1 919 198 198
p 2 0 8 912 203 203
p 2 0 9 911 203 203
p 2 0 442 478 3751 657
p 2 0 612 308 8205 885
p 2 0 662 258 10611 977
p 2 0 745 175 12001 1107
p 2 0 786 134 12787 1143
p 2 0 808 112 13376 1182
p 2 0 815 105 13988 1204
p 2 0 865 55 13526 1239
p 2 0 838 82 13717 1228
p 2 152 724 44 38094 2414
p 2 0 845 75 12857 1321
p 2 119 770 31 40177 2487
p 2 0 860 60 13595 1459
i 2 920 0 0 40078 4099
p 2 0 850 70 12818 1271
p 2 244 655 21 48177 3130
p 2 0 863 57 15156 1444
p 2 178 721 21 47745 2900
p 2 1 850 69 18113 1522
p 2 26 838 56 17048 1629
p 2 0 869 51 15880 1408
p 2 50 817 53 18813 1587
p 2 0 880 40 16182 1381
p 2 12 863 45 18826 1468
p 2 1 870 49 16156 1380
p 2 14 856 50 18199 1453
p 2 1 849 70 15946 1365
p 2 0 866 54 15918 1364
p 2 0 855 65 15617 1359
p 2 0 868 52 15589 1380
p 2 0 863 57 15263 1379
p 2 1 868 51 15046 1386
p 2 0 871 49 14924 1363
p 2 0 875 45 15049 1381
p 2 0 872 48 14808 1384
p 2 0 880 40 14452 1379
p 2 1 870 49 14438 1363
p 2 8 858 54 15548 1412
p 2 5 864 51 13856 1379
p 2 11 865 44 13903 1363
p 2 0 866 54 12898 1314
p 2 9 853 58 15541 1387
p 2 0 875 45 13298 1329
p 2 0 856 64 14524 1322
p 2 11 861 48 13857 1341
p 2 0 863 57 14644 1339
p 2 0 876 44 12990 1321
p 2 1 854 65 13781 1320
p 2 0 867 53 11497 1253
p 2 0 877 43 13298 1288
p 2 0 864 56 10857 1253
p 2 0 839 81 13537 1275
p 2 0 877 43 11126 1273
p 2 0 859 61 13061 1276
p 2 0 846 74 11153 1225
p 2 0 871 49 13198 1265
p 2 0 852 68 11173 1204
p 2 0 849 71 12395 1224
p 2 0 818 102 10869 1183
p 2 0 835 85 11929 1198
p 2 0 833 87 9336 1118
p 2 0 825 95 11175 1129
p 2 0 780 140 9358 1058
p 2 0 671 249 10236 987
p 2 0 419 501 3015 627
p 2 0 365 555 5435 609
p 2 0 181 739 669 360
p 2 0 231 689 4770 488
p 2 0 120 800 547 306
p 2 0 232 688 4792 480
p 2 0 113 807 543 302
p 2 0 206 714 4768 466
p 2 0 132 788 571 321
p 2 0 248 672 4923 504
p 2 0 112 808 581 305
p 2 0 210 710 4821 479
p 2 0 108 812 542 299
p 2 0 226 694 4800 480
p 2 0 109 811 504 297
p 2 0 198 722 4688 462
p 2 0 100 820 520 294
p 2 0 221 699 4848 481
i 2 920 0 0 19663 3878
p 2 4 916 0 4562 1350
p 2 0 918 2 5283 1352
p 2 3 917 0 4002 1309
p 2 4 915 1 5167 1386
p 2 5 914 1 5995 1359
p 2 1 917 2 6052 1361
p 2 5 914 1 5114 1364
p 2 1 918 1 4555 1338
p 2 5 914 1 5279 1363
p 2 7 913 0 6335 1402
p 2 7 913 0 6646 1402
p 2 2 918 0 6552 1387
p 2 12 908 0 6609 1355
p 2 5 914 1 6646 1371
p 2 8 912 0 6895 1422
p 2 4 916 0 6690 1424
p 2 6 914 0 6476 1422
p 2 5 915 0 6189 1385
p 2 12 908 0 6182 1387
p 2 30 890 0 6353 1437
p 2 28 892 0 6107 1402
p 2 34 884 2 6507 1450
p 2 28 892 0 6404 1418
p 2 30 889 1 6633 1457
p 2 28 891 1 6255 1466
p 2 28 891 1 5663 1408
p 2 36 884 0 4990 1421
p 2 33 886 1 4438 1356
p 2 23 897 0 3697 1337
p 2 21 899 0 3741 1315
p 2 1 919 0 4545 1226
p 2 2 917 1 5391 1310
p 2 11 909 0 6372 1318
p 2 25 895 0 9795 1391
p 2 34 886 0 12587 1410
p 2 32 888 0 14222 1473
p 2 28 892 0 14453 1465
p 2 20 900 0 14963 1443
p 2 9 911 0 15654 1413
p 2 11 909 0 10747 1323
p 2 5 914 1 7915 1285
p 2 11 907 2 9460 1272
p 2 23 897 0 17638 1421
p 2 9 911 0 18979 1432
p 2 14 906 0 19075 1514
p 2 9 910 1 19147 1495
p 2 18 902 0 21638 1554
p 2 10 909 1 17384 1456
p 2 15 904 1 11490 1420
p 2 20 899 1 11436 1439
p 2 20 900 0 22599 1560
p 2 3 914 3 21606 1525
p 2 7 913 0 21000 1528
p 2 11 909 0 24058 1542
p 2 4 916 0 13849 1376
p 2 3 916 1 4512 1254
p 2 25 893 2 14720 1420
p 2 17 903 0 20911 1517
p 2 25 895 0 23391 1582
p 2 23 897 0 26468 1640
p 2 7 913 0 16603 1554
p 2 16 904 0 13776 1531
p 2 16 902 2 26390 1608
p 2 6 913 1 24877 1609
p 2 9 911 0 22848 1501
p 2 15 903 2 11788 1482
p 2 17 903 0 20574 1500
p 2 12 906 2 23548 1574
p 2 28 891 1 29913 1669
p 2 14 906 0 10677 1522
p 2 8 912 0 27016 1589
p 2 17 899 4 30279 1668
p 2 8 912 0 14868 1420
p 2 7 911 2 17216 1418
p 2 9 908 3 28278 1599
p 2 9 910 1 18571 1519
p 2 3 913 4 22036 1509
p 2 9 910 1 31312 1621
p 2 2 917 1 8580 1368
p 2 3 912 5 25937 1534
p 2 6 913 1 24693 1571
p 2 0 914 6 26680 1530
p 2 0 885 35 17292 1319
p 2 5 672 243 6832 984
p 2 0 281 639 1481 477
p 2 0 350 570 1636 548
p 2 6 330 584 5723 607
p 2 0 304 616 1559 502
p 2 0 158 762 1144 354
p 2 2 209 709 4926 473
p 2 0 219 701 1383 421
p 2 0 208 712 1258 403
p 2 4 170 746 5034 444
p 2 0 167 753 1193 368
p 2 0 175 745 1196 369
p 2 4 385 531 5657 660
p 2 0 237 683 1451 436
p 2 0 155 765 1047 355
p 2 4 153 763 4851 431
p 2 0 180 740 1171 378
p 2 0 100 820 974 297
p 2 9 140 771 4883 445
p 2 0 139 781 1142 341
p 2 0 126 794 1008 322
p 2 5 130 785 5105 409
p 2 0 112 808 1080 317
p 2 0 101 819 1085 304
p 2 11 147 762 4967 463
p 2 0 99 821 1097 305
p 2 0 103 817 1019 308
p 2 5 129 786 5409 418
p 2 0 155 765 1218 361
p 2 0 111 809 1126 312
p 2 2 129 789 4783 402
p 2 0 107 813 1158 314
p 2 0 87 833 962 292
p 2 3 99 818 5361 378
p 2 0 106 814 1031 311
p 2 0 101 819 1081 302
p 2 4 136 780 4869 418
p 2 0 109 811 1107 310
p 2 0 99 821 955 298
p 2 4 121 795 5110 402
p 2 0 109 811 1081 318
p 2 0 102 818 1113 305
p 2 5 117 798 5030 395
p 2 0 107 813 1164 315
p 2 0 98 822 985 301
p 2 7 119 794 5017 418
p 2 0 107 813 1061 316
p 2 0 90 830 1041 294
p 2 3 120 797 4789 396
p 2 0 117 803 1189 322
p 2 0 94 826 941 296
p 2 7 111 802 4988 410
p 2 0 112 808 1053 317
p 2 0 89 831 1038 289
p 2 8 101 811 4572 410
p 2 0 109 811 1152 318
p 2 0 113 807 1010 312
p 2 6 112 802 4901 397
p 2 0 113 807 1045 321
p 2 0 100 820 1053 300
p 2 11 112 797 5754 434
p 2 0 111 809 1036 312
p 2 0 56 864 961 262
p 2 2 109 809 4750 359
p 2 0 115 805 1175 318
p 2 0 98 822 976 297
p 2 0 100 820 5191 345
p 2 0 104 816 1056 311
p 2 0 84 836 1049 292
p 2 2 95 823 5324 347
p 2 0 85 835 1061 292
p 2 0 70 850 865 271
p 2 0 101 819 5147 344
p 2 0 84 836 974 290
p 2 0 72 848 1019 278
p 2 0 91 829 4856 331
p 2 0 96 824 1126 308
i 2 920 0 0 81949 4995
p 2 0 143 777 393 327
p 2 0 63 857 263 251
p 2 0 36 884 241 228
p 2 0 33 887 228 224
p 2 0 16 904 222 212
p 2 0 12 908 224 208
p 2 0 7 913 210 202
p 2 0 8 912 207 203
p 2 0 6 914 205 201
p 2 0 5 915 208 202
p 2 0 3 917 204 201
p 2 0 4 916 204 200
p 2 0 5 915 206 201
p 2 0 2 918 201 200
p 2 0 3 917 202 200
p 2 0 4 916 204 201
p 2 0 4 916 204 200
p 2 0 2 918 201 199
p 2 0 3 917 203 199
p 2 0 4 916 205 202
p 2 0 7 913 213 204
p 2 0 7 913 211 203
p 2 0 2 918 202 199
p 2 0 1 919 200 199
p 2 0 1 919 199 198
p 2 0 2 918 201 199
p 2 0 2 918 200 199
p 2 0 2 918 200 199
p 2 0 1 919 202 198
p 2 0 2 918 200 200
p 2 0 1 919 198 198
p 2 0 0 920 197 197
p 2 0 0 920 197 197
p 2 0 0 920 197 197
i 2 920 0 0 54824 4811
p 2 0 146 774 417 338
p 2 0 112 808 349 299
p 2 0 47 873 255 237
p 2 0 45 875 246 236
p 2 0 14 906 224 208
p 2 2 25 893 732 233
p 2 0 18 902 238 213
p 2 0 11 909 214 205
p 2 1 24 895 894 228
p 2 0 10 910 234 207
p 2 0 9 911 227 205
p 2 0 25 895 715 228
p 2 0 13 907 230 213
p 2 0 8 912 209 203
p 2 1 20 899 868 225
p 2 0 8 912 229 207
p 2 0 6 914 221 205
p 2 0 20 900 389 220
p 2 0 9 911 234 216
p 2 0 7 913 207 202
p 2 2 18 900 1027 232
p 2 0 6 914 225 204
p 2 0 3 917 213 199
p 2 0 23 897 712 226
p 2 0 7 913 219 208
p 2 0 7 913 206 203
p 2 1 20 899 874 226
p 2 0 10 910 229 206
p 2 0 5 915 219 201
p 2 0 19 901 386 220
p 2 0 7 913 216 212
p 2 0 2 918 199 198
p 2 2 18 900 990 230
p 2 0 7 913 216 202
p 2 0 3 917 215 200
p 2 0 20 900 385 220
p 2 0 7 913 217 209
p 2 0 3 917 205 200
p 2 2 19 899 1013 234
p 2 0 7 913 221 205
p 2 0 4 916 207 200
p 2 0 22 898 705 226
p 2 0 13 907 232 215
p 2 0 10 910 215 205
p 2 1 22 897 876 228
p 2 0 6 914 222 204
p 2 0 6 914 218 204
p 2 0 4 916 206 200
p 2 0 3 917 215 200
p 2 0 22 898 701 225
p 2 0 12 908 225 211
p 2 0 18 902 368 218
i 2 920 0 0 30708 3768
p 2 0 200 720 455 388
p 2 0 163 757 356 343
p 2 0 66 854 266 259
p 2 2 56 862 811 259
p 2 0 22 898 224 214
p 2 2 63 855 2424 301
p 2 0 19 901 257 216
p 2 1 38 881 1157 249
p 2 0 13 907 231 210
p 2 0 30 890 1009 232
p 2 0 9 911 221 205
p 2 0 9 911 216 204
p 2 0 5 915 206 201
p 2 0 5 915 205 202
p 2 0 8 912 207 203
p 2 0 5 915 200 200
p 2 0 2 918 199 199
p 2 0 2 918 199 199
p 2 0 0 920 197 197
p 2 0 0 920 197 197
p 2 0 0 920 197 197
p 2 0 1 919 198 198
p 2 0 1 919 199 198
p 2 0 5 915 204 202
p 2 0 6 914 205 202
p 2 0 1 919 198 198
p 2 0 2 918 199 199
p 2 0 1 919 198 198
p 2 0 0 920 197 197
p 2 0 1 919 199 198
p 2 0 1 919 199 198
p 2 0 2 918 202 199
p 2 0 1 919 199 198
p 2 0 0 920 197 197
p 2 0 0 920 197 197
p 2 0 1 919 200 198
p 2 0 1 919 198 198
p 2 0 4 916 203 201
p 2 0 1 919 198 198
p 2 4 4 912 769 224
p 2 8 13 899 1380 270
p 2 11 29 880 2521 322
p 2 15 56 849 3378 373
p 2 24 78 818 3822 444
p 2 26 94 800 5691 499
p 2 35 94 791 7357 557
p 2 39 119 762 8426 639
p 2 38 160 722 9727 700
p 2 48 175 697 11086 756
p 2 45 226 649 13388 817
p 2 41 242 637 12405 810
p 2 43 258 619 11686 828
p 2 46 218 656 9674 777
p 2 39 221 660 7552 714
p 2 29 196 695 6242 627
p 2 24 250 646 4971 646
p 2 25 150 745 3158 514
p 2 16 161 743 2845 475
p 2 10 124 786 1705 394
p 2 6 146 768 1056 376
p 2 0 66 854 319 255
p 2 0 71 849 289 256
p 2 0 47 873 274 236
p 2 0 84 836 793 274
p 2 0 35 885 261 226
p 2 0 31 889 247 222
p 2 0 39 881 636 230
p 2 0 33 887 275 226
p 2 0 14 906 222 209
p 2 0 25 895 533 224
p 2 0 18 902 235 212
p 2 0 38 882 274 228
p 2 0 31 889 699 225
p 2 0 14 906 232 207
p 2 0 8 912 214 203
p 2 0 20 900 611 215
p 2 0 13 907 230 208
p 2 0 7 913 211 203
p 2 0 11 909 566 208
p 2 0 11 909 233 206
p 2 0 10 910 215 206
p 2 0 16 904 531 220
p 2 0 12 908 223 208
p 2 0 5 915 204 201
p 2 0 15 905 680 212
p 2 0 10 910 225 206
p 2 0 10 910 213 206
p 2 0 18 902 595 214
p 2 0 9 911 214 206
p 2 0 8 912 207 203
p 2 0 19 901 573 217
p 2 0 12 908 227 208
p 2 0 5 915 204 201
p 2 0 15 905 591 210
p 2 0 9 911 216 204
p 2 0 2 918 200 200
p 2 1 5 914 491 213
p 2 0 5 915 217 202
p 2 0 3 917 204 200
p 2 0 9 911 678 207
p 2 0 7 913 214 204
p 2 0 4 916 204 199
p 2 0 8 912 586 206
p 2 0 5 915 215 202
p 2 0 2 918 202 199
p 2 0 7 913 557 204
p 2 0 6 914 215 201
p 2 0 6 914 215 203
p 2 0 1 919 200 198
p 2 0 0 920 197 197
p 2 0 1 919 198 198
p 2 0 0 920 197 197
p 2 0 0 920 197 197
p 2 0 2 918 200 199
p 2 0 7 913 214 203
p 2 0 830 90 10011 1147
p 2 6 472 442 2170 686
p 2 13 425 482 2653 694
p 2 13 181 726 2461 478
p 2 21 270 629 3159 612
p 2 32 243 645 4228 670
p 2 32 235 653 4985 673
p 2 33 177 710 7121 652
p 2 34 201 685 9527 717
p 2 52 184 684 10405 797
p 2 66 241 613 11851 921
p 2 56 190 674 10833 834
p 2 58 230 632 7510 872
p 2 42 256 622 9203 857
p 2 40 318 562 5821 813
p 2 34 187 699 4041 657
p 2 29 285 606 3815 681
p 2 18 274 628 3927 629
p 2 16 263 641 3461 589
p 2 16 172 732 6760 546
p 2 5 225 690 972 448
p 2 0 202 718 598 379
p 2 0 150 770 460 332
p 2 0 84 836 318 275
p 2 0 82 838 332 266
p 2 3 134 783 4146 401
p 2 0 123 797 493 312
p 2 0 72 848 346 262
p 2 134 254 532 29028 1458
p 2 0 154 766 632 349
p 2 0 107 813 429 292
p 2 1 111 808 3191 337
p 2 0 96 824 482 290
p 2 0 38 882 292 230
p 2 0 67 853 698 260
p 2 0 37 883 277 229
p 2 0 26 894 254 220
p 2 1 63 856 2536 295
p 2 0 56 864 357 249
p 2 0 29 891 253 221
p 2 0 29 891 802 224
p 2 0 37 883 286 229
p 2 0 32 888 263 225
p 2 1 50 869 2914 277
p 2 0 47 873 342 240
p 2 0 20 900 256 216
p 2 0 28 892 557 222
p 2 0 25 895 250 218
p 2 0 22 898 239 216
p 2 1 38 881 2483 277
p 2 0 36 884 331 233
p 2 0 29 891 250 221
p 2 0 31 889 790 226
p 2 0 14 906 225 209
p 2 0 1 919 200 198
p 2 1 41 878 2884 270
p 2 0 42 878 329 238
p 2 0 25 895 250 220
p 2 0 15 905 534 214
p 2 0 16 904 228 211
p 2 0 16 904 227 209
p 2 1 47 872 2559 279
p 2 0 37 883 310 231
p 2 0 14 906 229 209
p 2 0 24 896 442 225
p 2 0 17 903 229 210
p 2 0 12 908 218 206
p 2 1 42 877 3075 271
p 2 0 31 889 308 229
p 2 0 19 901 245 214
p 2 0 12 908 543 211
p 2 0 9 911 215 205
p 2 0 4 916 208 201
p 2 1 41 878 2504 272
p 2 0 35 885 304 228
p 2 0 26 894 247 219
p 2 0 24 896 765 222
p 2 0 16 904 233 210
p 2 0 4 916 203 200
p 2 1 36 883 2960 268
p 2 0 41 879 335 237
p 2 0 11 909 222 207
p 2 0 9 911 524 209
p 2 0 6 914 222 203
p 2 0 5 915 208 201
p 2 1 30 889 2302 261
p 2 0 21 899 276 218
p 2 0 9 911 220 205
p 2 0 6 914 208 203
p 2 0 0 920 197 197
p 2 0 3 917 201 200
p 2 1 34 885 2934 265
p 2 0 75 845 437 271
p 2 0 38 882 482 238
p 2 180 243 497 33490 1718
p 2 0 161 759 725 363
p 2 0 87 833 403 279
p 2 3 160 757 4218 419
p 2 0 72 848 411 271
p 2 0 57 863 332 247
p 2 0 101 819 1862 329
p 2 0 98 822 451 290
p 2 0 56 864 352 251
p 2 2 93 825 3460 356
p 2 0 57 863 355 255
p 2 0 34 886 272 228
p 2 4 58 858 2166 309
p 2 0 57 863 369 253
p 2 0 26 894 250 221
p 2 2 83 835 3238 353
p 2 0 59 861 362 256
p 2 0 36 884 282 232
p 2 4 57 859 2125 309
p 2 0 46 874 342 244
p 2 0 22 898 255 219
p 2 0 61 859 3744 311
p 2 0 55 865 369 253
p 2 0 20 900 252 216
p 2 0 46 874 1663 280
p 2 0 31 889 299 231
p 2 0 16 904 241 213
p 2 0 56 864 2730 292
p 2 0 40 880 311 234
p 2 0 19 901 242 216
p 2 0 33 887 864 249
p 2 0 26 894 274 226
p 2 0 14 906 231 210
i 2 920 0 0 68027 4798
p 2 38 462 420 39998 1517
p 2 10 477 433 33715 1281
p 2 10 478 432 32942 1320
p 2 48 459 413 41251 1619
p 2 13 464 443 34446 1326
p 2 4 491 425 35576 1271
p 2 0 340 580 1580 574
p 2 0 181 739 887 376
p 2 0 179 741 1362 401
p 2 0 92 828 519 295
p 2 0 66 854 364 255
p 2 0 116 804 1636 345
p 2 0 126 794 593 324
p 2 0 60 860 344 253
p 2 0 99 821 1370 322
p 2 0 76 844 421 274
p 2 0 84 836 443 280
p 2 0 85 835 1336 313
p 2 0 61 859 384 259
p 2 0 32 888 274 223
p 2 0 104 816 1256 334
p 2 0 60 860 377 258
p 2 0 39 881 304 233
p 2 0 73 847 1508 305
p 2 0 70 850 444 273
p 2 0 34 886 291 232
p 2 0 62 858 1260 292
p 2 0 48 872 351 249
p 2 0 26 894 263 222
p 2 0 72 848 1324 301
p 2 0 37 883 323 240
p 2 0 30 890 273 224
p 2 0 57 863 1158 287
p 2 0 68 852 407 267
p 2 0 27 893 265 223
p 2 0 63 857 1225 295
p 2 0 40 880 339 246
p 2 0 17 903 242 216
p 2 0 53 867 1358 286
p 2 0 40 880 318 240
p 2 0 18 902 251 217
p 2 0 52 868 1260 280
p 2 0 37 883 325 242
p 2 0 25 895 288 224
p 2 0 50 870 1132 278
p 2 0 40 880 313 239
p 2 0 14 906 232 211
p 2 0 53 867 1301 284
p 2 0 43 877 346 247
p 2 0 17 903 243 216
p 2 0 52 868 1251 284
p 2 0 43 877 312 241
p 2 0 22 898 262 219
p 2 0 56 864 1463 291
p 2 0 38 882 348 242
p 2 0 17 903 245 215
p 2 0 51 869 1160 281
p 2 0 36 884 328 240
p 2 0 20 900 246 218
p 2 0 55 865 1307 285
p 2 0 40 880 337 240
p 2 0 18 902 260 218
p 2 0 53 867 1189 289
p 2 0 33 887 333 238
p 2 0 21 899 258 219
p 2 0 53 867 1424 287
p 2 0 33 887 320 236
p 2 0 16 904 240 214
p 2 0 51 869 1148 278
p 2 0 46 874 339 245
p 2 0 20 900 276 220
p 2 0 54 866 1302 286
p 2 0 43 877 369 251
p 2 0 17 903 260 219
p 2 0 52 868 1219 286
p 2 0 41 879 349 247
p 2 0 18 902 247 215
p 2 0 48 872 1140 281
p 2 0 41 879 347 247
p 2 0 17 903 248 214
p 2 0 56 864 1324 287
p 2 0 38 882 318 239
p 2 0 18 902 254 216
p 2 0 58 862 1282 286
p 2 0 40 880 333 244
p 2 0 20 900 261 220
p 2 0 52 868 1237 282
p 2 0 34 886 314 236
p 2 0 19 901 276 220
p 2 0 51 869 1298 282
p 2 0 34 886 331 239
p 2 0 17 903 242 216
p 2 0 50 870 1115 283
p 2 0 37 883 315 240
p 2 0 20 900 277 221
p 2 0 52 868 1431 285
p 2 0 39 881 350 246
p 2 0 16 904 244 215
p 2 0 54 866 1274 284
p 2 0 38 882 342 242
p 2 0 22 898 257 220
p 2 0 52 868 1269 281
p 2 0 41 879 363 247
p 2 0 15 905 229 212
p 2 0 51 869 1114 284
p 2 0 42 878 335 243
p 2 0 24 896 252 222
p 2 0 51 869 1453 283
p 2 0 37 883 328 240
p 2 0 18 902 243 215
p 2 0 53 867 1249 281
p 2 0 37 883 343 243
p 2 0 19 901 251 217
p 2 0 51 869 1285 282
p 2 0 40 880 346 244
p 2 0 18 902 256 217
p 2 0 53 867 1167 281
p 2 0 35 885 302 236
p 2 0 20 900 259 218
p 2 0 51 869 1189 285
p 2 0 40 880 352 245
p 2 0 15 905 253 216
p 2 0 51 869 1477 285
p 2 0 35 885 300 234
p 2 0 19 901 246 217
p 2 0 48 872 1142 284
p 2 0 33 887 326 239
p 2 0 18 902 253 218
p 2 0 50 870 1372 281
p 2 0 37 883 312 237
p 2 0 15 905 251 213
p 2 0 50 870 1195 281
p 2 0 43 877 365 249
p 2 0 13 907 247 213
p 2 0 51 869 1306 280
p 2 0 39 881 325 242
p 2 0 16 904 246 215
p 2 0 44 876 1023 272
p 2 0 32 888 301 233
p 2 0 15 905 222 209
p 2 0 45 875 1006 272
p 2 0 33 887 292 232
p 2 0 14 906 243 213
i 2 920 0 0 54359 4495
p 2 0 258 662 1520 466
p 2 0 179 741 439 355
p 2 4 124 792 2398 377
p 2 0 118 802 396 311
p 2 0 86 834 1385 310
p 2 2 82 836 1807 311
p 2 0 83 837 1404 316
p 2 0 59 861 339 255
p 2 2 78 840 2073 345
p 2 0 65 855 356 263
p 2 0 67 853 1326 298
p 2 2 69 849 1787 299
p 2 0 71 849 1391 301
p 2 0 46 874 308 243
p 2 3 77 840 1902 352
p 2 0 38 882 309 242
p 2 0 66 854 1237 296
p 2 8 56 856 1755 317
p 2 0 71 849 1326 303
p 2 0 49 871 332 250
p 2 2 77 841 2175 341
p 2 0 56 864 350 256
p 2 0 70 850 1314 300
p 2 2 56 862 1763 284
p 2 0 70 850 1258 301
p 2 0 55 865 361 255
p 2 3 75 842 1974 353
p 2 0 44 876 315 248
p 2 0 69 851 1359 293
p 2 8 53 859 1740 310
p 2 0 66 854 1370 295
p 2 0 51 869 329 251
p 2 2 73 845 2098 338
p 2 0 60 860 359 261
p 2 0 71 849 1317 301
p 2 2 61 857 1765 292
p 2 0 62 858 1326 292
p 2 0 47 873 347 247
p 2 2 78 840 2172 348
p 2 0 52 868 354 254
p 2 0 63 857 1241 293
p 2 1 54 865 881 271
p 2 0 66 854 1331 297
p 2 0 53 867 322 252
p 2 4 70 846 2347 328
p 2 0 45 875 337 246
p 2 0 64 856 1342 294
p 2 2 60 858 1802 292
p 2 0 70 850 1267 303
p 2 0 48 872 325 247
p 2 2 78 840 2155 345
p 2 0 54 866 341 254
p 2 0 61 859 1336 288
p 2 2 62 856 1792 291
p 2 0 64 856 1341 298
p 2 0 45 875 318 245
p 2 3 82 835 1853 357
p 2 0 57 863 349 256
p 2 0 68 852 1303 298
p 2 8 55 857 1754 314
p 2 0 67 853 1339 295
p 2 0 44 876 328 245
p 2 2 75 843 2155 341
p 2 0 53 867 343 254
p 2 0 77 843 1297 306
p 2 2 63 855 1774 291
p 2 0 73 847 1337 302
p 2 0 44 876 309 244
p 2 2 77 841 1995 347
p 2 0 54 866 308 251
p 2 0 79 841 1360 305
p 2 8 44 868 1727 305
p 2 0 69 851 1243 300
p 2 0 44 876 326 243
p 2 2 74 844 2174 341
p 2 0 63 857 377 267
p 2 0 59 861 1356 289
p 2 2 61 857 1769 291
p 2 0 65 855 1387 298
p 2 0 40 880 314 241
p 2 1 79 840 2116 339
p 2 0 49 871 356 253
p 2 0 63 857 1321 292
p 2 1 64 855 912 284
p 2 0 66 854 1377 296
p 2 0 37 883 288 232
p 2 4 72 844 2370 337
p 2 0 49 871 329 247
p 2 0 61 859 1240 294
p 2 2 63 855 1803 292
p 2 0 68 852 1362 300
p 2 0 50 870 323 248
p 2 2 73 845 2224 336
p 2 0 52 868 353 255
p 2 0 64 856 1371 298
p 2 2 62 856 1784 292
p 2 0 64 856 1248 298
p 2 0 47 873 353 251
p 2 3 75 842 1940 352
p 2 0 61 859 329 260
p 2 0 65 855 1324 291
p 2 8 48 864 1739 309
p 2 0 66 854 1349 301
p 2 0 43 877 323 243
p 2 2 73 845 2057 336
p 2 0 47 873 331 250
p 2 0 61 859 1307 292
p 2 2 63 855 1795 297
p 2 0 70 850 1400 296
p 2 0 50 870 329 247
p 2 3 77 840 1940 358
p 2 0 44 876 324 248
p 2 0 63 857 1235 292
p 2 8 54 858 1752 313
p 2 0 68 852 1347 300
p 2 0 50 870 340 250
p 2 2 74 844 2210 335
p 2 0 47 873 318 248
p 2 0 63 857 1350 298
p 2 2 53 865 1767 284
p 2 0 67 853 1253 298
p 2 0 45 875 316 246
p 2 2 76 842 2157 345
p 2 0 59 861 373 269
p 2 0 59 861 1332 283
p 2 1 46 873 884 265
p 2 0 67 853 1350 300
p 2 0 46 874 347 248
p 2 4 70 846 2231 337
p 2 0 51 869 336 251
p 2 0 68 852 1324 300
p 2 2 62 856 1800 293
p 2 0 68 852 1358 298
p 2 0 47 873 328 244
p 2 2 77 841 2196 342
p 2 0 52 868 347 253
p 2 0 66 854 1261 298
p 2 2 57 861 1765 286
p 2 0 68 852 1339 301
p 2 0 49 871 332 249
p 2 0 52 868 1333 279
p 2 0 47 873 327 246
p 2 0 58 862 1312 291
p 2 0 41 879 309 240
p 2 0 56 864 1219 288
p 2 0 39 881 303 239
i 2 920 0 0 14250 3651
p 2 0 529 391 852 681
p 2 0 563 357 832 688
p 2 0 259 661 480 417
p 2 227 360 333 20269 1741
p 2 0 238 682 602 412
p 2 188 460 272 30140 2081
p 2 0 257 663 1003 481
p 2 270 479 171 55179 3041
p 2 0 411 509 1543 662
p 2 177 624 119 52717 2983
p 2 0 513 407 1842 772
p 2 53 729 138 43242 2179
p 2 0 511 409 1947 773
p 2 0 346 574 870 533
p 2 70 606 244 41525 2088
p 2 0 542 378 1730 771
p 2 0 326 594 811 500
p 2 126 492 302 38316 2181
p 2 0 431 489 1423 664
p 2 0 272 648 691 458
p 2 42 538 340 30402 1581
p 2 0 419 501 1599 671
p 2 0 262 658 673 447
p 2 6 472 442 24549 1148
p 2 0 356 564 1412 581
p 2 0 269 651 730 440
p 2 2 413 505 24989 1068
p 2 0 312 608 1327 547
p 2 0 181 739 572 370
p 2 0 388 532 21178 939
p 2 0 341 579 1408 574
p 2 0 233 687 764 424
p 2 0 330 590 18990 837
p 2 0 293 627 1265 518
p 2 0 127 793 529 326
p 2 7 298 615 21284 974
p 2 0 230 690 1113 459
p 2 0 135 785 490 328
p 2 2 272 646 20039 899
p 2 0 268 652 1197 497
p 2 0 123 797 512 319
p 2 2 256 662 17354 771
p 2 0 209 711 1030 443
p 2 0 124 796 500 323
p 2 0 243 677 18752 732
p 2 0 237 683 1085 467
i 2 920 0 0 29443 4267
p 2 47 865 8 14299 1706
p 2 156 762 2 24448 2248
p 2 341 575 4 49086 3224
p 2 462 450 8 66198 3888
p 2 352 564 4 60421 3567
p 2 177 731 12 57680 2912
p 2 178 736 6 55242 2837
p 2 145 773 2 43001 2584
p 2 1 842 77 10733 1473
p 2 183 733 4 44843 2679
p 2 0 779 141 10870 1364
p 2 227 690 3 42387 2899
p 2 1 813 106 10257 1381
p 2 197 719 4 42252 2692
p 2 0 800 120 10431 1416
p 2 192 727 1 41783 2687
p 2 1 801 118 9890 1356
p 2 112 796 12 34468 2236
p 2 1 837 82 9633 1361
i 2 920 0 0 34684 4199
p 2 0 630 290 6704 1078
i 2 920 0 0 23556 3611
p 2 2 366 552 4690 691
i 2 920 0 0 23308 3466
p 2 0 113 807 1693 348
p 2 383 389 148 23411 2502
p 2 0 331 589 1142 536
p 2 154 581 185 20791 1838
p 2 0 231 689 744 433
i 2 920 0 0 11631 3093
p 2 0 46 874 238 230
i 2 920 0 0 21788 3489
p 2 0 43 877 252 232
i 2 920 0 0 25831 3598
p 2 0 51 869 269 243
i 2 920 0 0 25092 3679
p 2 295 567 58 37431 2972
p 2 291 576 53 32229 2855
p 2 0 303 617 1020 571
p 2 0 176 744 551 347
p 2 0 125 795 475 303
i 2 920 0 0 29323 3747
p 2 0 253 667 3349 549
i 2 920 0 0 31586 3819
p 2 1 274 645 3647 562
i 2 920 0 0 55426 4432
p 2 0 279 641 3520 612
p 2 323 576 21 63568 3353
p 2 0 502 418 4957 903
p 2 146 754 20 60439 2715
p 2 0 583 337 5915 1039
p 2 174 732 14 56218 2872
p 2 0 630 290 7082 1119
p 2 261 650 9 58447 3114
p 2 2 594 324 6905 1079
p 2 225 669 26 58877 2960
p 2 1 623 296 8270 1150
p 2 501 400 19 65564 3856
p 2 0 476 444 5512 848
p 2 442 458 20 51299 3453
p 2 1 492 427 3548 849
i 2 920 0 0 44651 4040
p 2 0 194 726 1521 444
i 2 920 0 0 49137 4211
p 2 0 158 762 1572 391
p 2 0 128 792 1418 362
p 2 0 124 796 1420 361
i 2 920 0 0 44727 4098
p 2 382 478 60 46994 3277
p 2 348 515 57 51563 3226
p 2 1 431 488 4917 829
p 2 229 626 65 51891 2798
p 2 108 473 339 11966 1329
i 2 920 0 0 22173 3388
i 2 920 0 0 28025 3816
i 2 920 0 0 32129 3930
i 2 920 0 0 24652 3687
p 2 335 462 123 46693 2968
p 2 321 488 111 63042 3340
p 2 382 462 76 68916 3364
p 2 97 513 310 25861 1628
i 2 920 0 0 20716 3105
p 2 0 57 863 1151 256
i 2 920 0 0 56286 4466
p 2 1 258 661 4586 565
p 2 505 324 91 59938 3560
p 2 37 556 327 38910 1534
p 2 387 478 55 62541 3503
p 2 2 482 436 7044 978
p 2 381 532 7 69935 3704
p 2 2 650 268 8070 1173
p 2 1 513 406 7203 993
p 2 228 657 35 72889 3255
p 2 0 702 218 6576 1235
p 2 83 796 41 55202 2340
p 2 41 768 111 24596 1778
p 2 88 818 14 51034 2305
p 2 0 774 146 7563 1297
p 2 36 675 209 19094 1517
p 2 134 780 6 52348 2552
p 2 40 743 137 10093 1753
p 2 471 447 2 69760 4290
p 2 195 599 126 32164 2862
p 2 32 676 212 29108 1802
p 2 133 785 2 80875 2961
p 2 74 769 77 42058 2291
p 2 67 714 139 46387 2197
p 2 139 779 2 96306 3095
p 2 52 810 58 57517 2304
p 2 33 780 107 56546 2169
p 2 62 857 1 91293 2641
p 2 15 871 34 43274 1956
p 2 2 809 109 37085 1600
p 2 77 737 106 51942 1940
p 2 0 397 523 1761 637
p 2 0 441 479 1629 654
p 2 0 169 751 627 361
p 2 0 211 709 740 401
p 2 0 178 742 643 362
p 2 0 178 742 719 370
p 2 0 64 856 375 258
p 2 0 90 830 436 277
p 2 0 93 827 429 281
p 2 0 431 489 1670 645
p 2 0 250 670 963 446
p 2 0 139 781 592 329
p 2 0 117 803 525 306
p 2 0 93 827 456 281
p 2 0 33 887 282 224
p 2 0 34 886 294 226
p 2 0 41 879 316 234
p 2 0 22 898 261 216
p 2 0 17 903 234 211
p 2 0 15 905 229 209
p 2 0 19 901 251 213
p 2 0 18 902 248 212
p 2 0 11 909 226 205
p 2 0 11 909 226 206
p 2 0 1 919 200 198
p 2 0 3 917 207 200
p 2 0 6 914 217 202
p 2 0 4 916 215 201
i 2 920 0 0 50047 4254
p 2 0 648 272 5314 999
p 2 0 635 285 6218 1013
p 2 0 913 7 23600 1542
p 2 0 829 91 6995 1225
p 2 0 709 211 6380 1077
p 2 0 915 5 24310 1568
p 2 0 843 77 7003 1257
p 2 0 719 201 6437 1106
p 2 3 909 8 26543 1651
p 2 0 853 67 7180 1284
p 2 0 723 197 6370 1110
p 2 2 916 2 27351 1692
p 2 0 845 75 7171 1286
p 2 0 724 196 6618 1145
p 2 10 902 8 26396 1710
p 2 0 837 83 6690 1271
p 2 0 703 217 6188 1111
p 2 0 917 3 23773 1575
p 2 0 834 86 6903 1232
p 2 0 711 209 6297 1102
p 2 0 917 3 25494 1621
p 2 0 854 66 7026 1271
p 2 0 752 168 6671 1136
p 2 6 907 7 27623 1696
p 2 0 857 63 6952 1279
p 2 0 723 197 6450 1122
p 2 2 915 3 27405 1677
p 2 0 841 79 7031 1267
p 2 0 712 208 6255 1105
p 2 3 911 6 31065 1713
p 2 0 847 73 7039 1267
p 2 0 726 194 6519 1127
p 2 0 914 6 24170 1580
p 2 0 830 90 6931 1260
p 2 0 696 224 6320 1100
p 2 0 913 7 24194 1578
p 2 0 849 71 7090 1254
p 2 0 754 166 6541 1153
p 2 3 909 8 26691 1659
p 2 0 850 70 6769 1268
p 2 0 721 199 6240 1111
p 2 1 914 5 27104 1676
p 2 0 846 74 6600 1264
p 2 0 726 194 6011 1123
p 2 6 903 11 26267 1693
p 2 0 832 88 6909 1254
i 2 920 0 0 7604 2928
p 2 622 298 0 14263 3397
p 2 548 372 0 17932 3313
p 2 480 440 0 20838 3261
p 2 431 488 1 25293 3221
p 2 3 896 21 13350 1656
p 2 12 877 31 14211 1708
p 2 1 804 115 11982 1564
p 2 51 822 47 11684 1737
p 2 0 796 124 10974 1474
p 2 55 804 61 13379 1720
p 2 2 801 117 11754 1546
p 2 25 835 60 13193 1673
p 2 1 808 111 10999 1478
p 2 14 833 73 13358 1593
p 2 0 826 94 12219 1488
p 2 0 849 71 11657 1479
p 2 0 823 97 11021 1425
p 2 0 861 59 10195 1415
p 2 0 811 109 10196 1353
p 2 0 847 73 10026 1355
p 2 0 814 106 9058 1253
p 2 0 835 85 9481 1239
p 2 0 714 206 6982 1031
p 2 0 524 396 1346 705
p 2 15 339 566 3820 665
p 2 0 317 603 703 487
p 2 16 193 711 2064 521
p 2 0 157 763 395 340
p 2 0 116 804 334 298
p 2 33 128 759 3833 533
p 2 0 89 831 375 279
p 2 0 58 862 277 244
p 2 36 60 824 1836 455
p 2 0 80 840 309 276
p 2 0 27 893 233 218
p 2 33 65 822 3807 478
p 2 0 57 863 326 252
p 2 0 38 882 253 227
p 2 15 67 838 3297 411
p 2 0 58 862 300 249
p 2 0 23 897 225 215
p 2 20 65 835 3346 416
p 2 0 55 865 321 251
p 2 0 32 888 252 227
p 2 12 827 81 21368 1971
p 2 0 619 301 1577 802
p 2 0 355 565 753 535
p 2 11 849 60 20441 1931
p 2 0 598 322 1547 788
p 2 0 348 572 714 518
i 2 920 0 0 26227 3919
p 2 0 438 482 660 584
p 2 0 415 505 592 551
p 2 107 775 38 13987 1798
p 2 0 634 286 1323 817
p 2 0 400 520 663 544
p 2 150 702 68 14891 1911
p 2 0 657 263 1340 822
p 2 0 443 477 714 577
p 2 0 265 655 447 411
p 2 0 226 694 407 383
p 2 0 135 785 310 302
p 2 0 112 808 291 285
p 2 0 110 810 279 276
i 2 920 0 0 42444 4217
p 2 0 396 524 640 552
p 2 0 544 376 6549 780
p 2 0 350 570 1060 503
p 2 0 396 524 5672 640
p 2 0 259 661 712 417
p 2 0 313 607 5980 577
p 2 0 201 719 722 375
p 2 0 291 629 5696 560
p 2 0 167 753 791 349
p 2 0 286 634 5818 557
p 2 0 191 729 727 368
p 2 0 279 641 5830 555
p 2 0 207 713 736 380
p 2 0 261 659 5822 537
p 2 0 216 704 925 389
p 2 0 272 648 5730 549
p 2 0 182 738 669 354
p 2 0 264 656 6051 544
p 2 0 171 749 695 354
p 2 0 264 656 5687 539
p 2 0 152 768 818 340
p 2 0 246 674 5782 524
p 2 0 173 747 709 355
p 2 0 272 648 5832 546
p 2 0 162 758 732 351
p 2 0 107 813 439 292
p 2 0 57 863 478 248
p 2 0 302 618 5966 570
p 2 0 255 665 5607 528
p 2 0 258 662 6032 526
p 2 0 256 664 5639 524
p 2 0 266 654 5789 529
p 2 0 271 649 5775 533
p 2 0 260 660 5801 525
p 2 0 261 659 5577 525
p 2 0 260 660 5946 523
p 2 0 257 663 5624 517
p 2 0 250 670 5772 516
p 2 0 251 669 5620 516
p 2 0 132 788 654 321
p 2 0 52 868 325 241
p 2 0 251 669 5791 516
p 2 0 248 672 5609 514
p 2 0 260 660 5891 521
p 2 0 209 711 1341 402
p 2 0 263 657 5862 536
p 2 0 254 666 5743 515
p 2 0 260 660 5606 526
p 2 0 149 771 697 336
p 2 0 250 670 5901 532
p 2 0 151 769 675 338
p 2 0 272 648 6723 570
p 2 0 170 750 747 358
p 2 1 275 644 6582 578
p 2 0 169 751 770 355
p 2 0 265 655 5734 542
p 2 1 171 748 1577 378
p 2 0 266 654 5841 541
p 2 0 152 768 736 345
p 2 1 272 647 6845 575
p 2 0 166 754 723 353
p 2 0 241 679 5759 522
p 2 2 173 745 1608 395
p 2 0 272 648 5699 552
p 2 0 156 764 678 340
p 2 2 256 662 6949 561
p 2 0 167 753 690 346
p 2 0 264 656 5699 541
p 2 0 211 709 1665 398
p 2 0 257 663 5834 537
p 2 0 205 715 751 378
p 2 1 281 638 6788 582
p 2 0 168 752 737 358
p 2 0 102 818 441 285
p 2 2 89 829 1215 308
p 2 0 62 858 325 248
p 2 0 34 886 262 226
p 2 2 56 862 1506 274
p 2 0 38 882 281 230
p 2 0 32 888 255 220
p 2 0 40 880 1183 248
p 2 0 42 878 295 232
p 2 0 17 903 224 212
p 2 1 23 896 1254 238
p 2 0 17 903 252 213
p 2 0 10 910 217 205
p 2 0 3 917 202 199
p 2 0 2 918 201 199
p 2 0 0 920 197 197
p 2 0 9 911 210 204
p 2 0 2 918 203 199
p 2 0 11 909 209 205
p 2 0 20 900 1119 233
p 2 0 129 791 6528 406
p 2 1 97 822 1242 310
p 2 0 268 652 10650 617
p 2 0 176 744 751 363
p 2 0 156 764 5144 406
p 2 0 236 684 4750 475
p 2 0 127 793 572 315
p 2 0 116 804 406 291
p 2 0 145 775 4926 410
p 2 0 86 834 450 281
p 2 0 40 880 286 232
p 2 0 125 795 4204 370
p 2 0 108 812 536 302
p 2 0 51 869 323 245
p 2 0 47 873 298 238
p 2 0 36 884 273 227
p 2 0 44 876 299 234
p 2 0 34 886 272 225
p 2 0 33 887 288 227
p 2 0 14 906 226 206
p 2 1 34 885 1152 249
p 2 0 20 900 247 215
p 2 0 21 899 251 214
p 2 1 28 891 1406 244
p 2 0 18 902 250 213
p 2 0 10 910 221 206
p 2 0 46 874 1203 254
p 2 0 29 891 280 223
p 2 0 19 901 239 213
p 2 1 30 889 1362 244
p 2 0 39 881 303 233
p 2 0 25 895 255 218
p 2 2 31 887 1157 253
p 2 0 16 904 251 212
p 2 0 8 912 213 202
p 2 2 18 900 1453 240
p 2 0 19 901 250 214
p 2 0 12 908 224 207
p 2 0 22 898 1142 234
p 2 0 9 911 221 205
p 2 0 3 917 202 200
p 2 1 19 900 1330 236
p 2 0 14 906 241 209
p 2 0 5 915 212 201
p 2 2 18 900 1097 247
p 2 0 12 908 239 208
p 2 0 7 913 212 204
p 2 2 17 901 1439 240
p 2 0 61 859 266 240
p 2 0 5 915 210 201
p 2 0 20 900 1153 231
p 2 0 18 902 253 212
p 2 0 8 912 215 204
p 2 1 25 894 1362 243
p 2 0 21 899 258 217
p 2 0 3 917 204 199
p 2 0 22 898 1147 235
p 2 0 16 904 253 211
p 2 0 9 911 213 204
p 2 1 20 899 965 235
p 2 0 14 906 245 208
p 2 0 4 916 205 201
p 2 1 19 900 1100 237
p 2 0 10 910 233 206
p 2 0 6 914 215 203
p 2 1 18 901 1394 236
p 2 0 15 905 244 211
p 2 0 5 915 206 200
p 2 2 17 901 1091 249
p 2 0 9 911 225 206
p 2 0 5 915 206 202
p 2 2 19 899 1452 242
p 2 0 14 906 242 210
p 2 0 6 914 211 202
p 2 0 29 891 1182 242
p 2 0 14 906 243 210
p 2 0 7 913 212 203
p 2 1 20 899 1344 235
p 2 0 16 904 246 210
p 2 0 7 913 212 203
p 2 0 4 916 206 201
p 2 0 0 920 197 197
p 2 0 6 914 208 201
p 2 0 5 915 206 201
p 2 0 30 890 1142 239
p 2 0 11 909 242 207
p 2 1 21 898 978 238
p 2 0 14 906 241 210
p 2 0 11 909 220 206
p 2 0 3 917 205 200
p 2 0 1 919 198 198
p 2 0 1 919 199 198
p 2 1 20 899 1112 237
p 2 0 15 905 240 210
p 2 0 4 916 207 200
p 2 1 17 902 1372 234
p 2 0 17 903 252 213
p 2 0 5 915 207 201
p 2 0 22 898 1158 235
p 2 0 13 907 238 209
p 2 0 3 917 205 199
p 2 1 17 902 1347 234
p 2 0 14 906 249 212
p 2 0 5 915 210 202
p 2 2 22 896 1146 255
p 2 0 13 907 244 209
p 2 0 18 902 222 212
p 2 2 20 898 1469 244
p 2 0 12 908 233 208
p 2 0 4 916 203 200
p 2 0 22 898 1141 234
p 2 0 13 907 241 209
p 2 0 4 916 203 200
p 2 1 19 900 1333 233
p 2 0 15 905 248 211
p 2 0 3 917 202 199
p 2 2 17 901 1118 248
p 2 0 13 907 238 210
p 2 0 4 916 204 201
p 2 2 16 902 1468 238
p 2 0 14 906 247 209
p 2 0 4 916 206 200
p 2 2 20 898 1109 250
p 2 0 19 901 239 214
p 2 0 3 917 203 200
p 2 2 17 901 1458 239
p 2 0 17 903 246 212
p 2 0 5 915 208 201
p 2 0 22 898 1127 237
p 2 0 17 903 247 212
p 2 0 6 914 209 203
p 2 1 17 902 1235 233
p 2 0 12 908 237 208
p 2 0 1 919 199 198
p 2 40 344 536 17386 1187
p 2 0 264 656 914 454
p 2 0 136 784 414 316
p 2 36 370 514 16474 1181
p 2 0 273 647 927 473
p 2 0 124 796 425 311
p 2 140 531 249 27645 1997
p 2 1 808 111 12927 1275
p 2 6 827 87 11697 1444
p 2 60 803 57 26133 2138
p 2 8 859 53 16345 1710
p 2 9 885 26 15791 1717
p 2 18 882 20 18987 1851
p 2 8 894 18 11890 1662
p 2 5 891 24 12027 1625
p 2 6 889 25 19000 1777
p 2 4 880 36 7047 1401
p 2 2 851 67 8206 1248
p 2 0 651 269 1442 815
p 2 6 661 253 15640 1247
p 2 0 505 415 1214 672
p 2 12 575 333 14595 1216
p 2 0 692 228 2479 923
p 2 8 639 273 14806 1246
p 2 0 403 517 1105 613
p 2 16 487 417 14705 1175
p 2 0 376 544 1120 555
p 2 0 258 662 1341 447
p 2 0 256 664 606 423
p 2 0 228 692 573 397
p 2 0 256 664 1579 448
p 2 0 117 803 356 297
p 2 0 141 779 430 323
p 2 0 147 773 1170 341
p 2 0 194 726 552 372
p 2 0 88 832 319 275
p 2 0 198 722 1456 386
p 2 0 219 701 544 381
p 2 0 166 754 423 340
p 2 0 126 794 913 320
p 2 0 106 814 367 286
p 2 0 108 812 345 287
p 2 1 83 836 939 288
p 2 0 77 843 308 259
p 2 0 53 867 274 242
p 2 0 22 898 223 215
p 2 0 36 884 233 225
p 2 0 6 914 210 203
p 2 0 301 619 5905 574
p 2 0 180 740 762 367
p 2 0 307 613 5304 585
p 2 0 151 769 637 337
p 2 0 269 651 5493 559
p 2 0 158 762 698 348
p 2 0 272 648 4778 547
p 2 0 146 774 651 335
p 2 0 269 651 4931 541
p 2 0 148 772 661 337
p 2 0 263 657 4713 533
p 2 0 165 755 681 351
p 2 0 269 651 4907 537
p 2 0 160 760 674 345
p 2 0 288 632 4717 553
p 2 0 172 748 1329 377
p 2 0 268 652 4927 538
p 2 0 147 773 651 335
p 2 1 281 638 5409 575
p 2 0 170 750 737 358
p 2 0 285 635 4934 559
p 2 0 163 757 1253 366
p 2 0 279 641 4773 547
p 2 0 159 761 719 350
p 2 1 257 662 5565 555
p 2 0 152 768 687 341
p 2 0 269 651 4734 538
p 2 0 184 736 1400 390
p 2 0 71 849 351 258
p 2 0 48 872 280 235
p 2 0 57 863 1276 268
p 2 0 24 896 263 220
p 2 0 23 897 239 216
p 2 0 43 877 856 251
p 2 0 51 869 304 241
p 2 0 24 896 235 218
p 2 1 36 883 874 249
p 2 0 31 889 268 222
p 2 0 27 893 231 218
p 2 0 27 893 963 241
p 2 0 15 905 242 211
p 2 0 8 912 213 205
p 2 0 29 891 1202 244
p 2 0 13 907 238 209
p 2 0 7 913 212 203
p 2 0 25 895 800 234
p 2 0 17 903 242 213
p 2 0 3 917 204 199
p 2 1 271 648 5629 562
p 2 0 169 751 733 354
p 2 0 254 666 4744 529
p 2 0 158 762 1230 366
p 2 0 258 662 4945 530
p 2 0 168 752 748 357
p 2 0 269 651 5183 556
p 2 0 156 764 681 345
p 2 0 251 669 4865 524
p 2 0 146 774 1294 353
p 2 0 259 661 4694 534
p 2 0 150 770 658 341
p 2 1 266 653 5544 558
p 2 0 162 758 711 351
p 2 0 252 668 4700 524
p 2 0 167 753 1192 366
p 2 0 263 657 4936 535
p 2 0 127 793 593 314
p 2 1 258 661 5297 551
p 2 0 144 776 627 336
p 2 0 26 894 252 218
p 2 1 308 611 11937 844
p 2 0 221 699 853 430
p 2 0 96 824 378 285
p 2 2 313 605 9218 745
p 2 0 221 699 825 420
p 2 0 101 819 398 296
p 2 0 316 604 9283 749
p 2 0 231 689 826 425
p 2 0 123 797 430 307
p 2 19 311 590 12426 935
p 2 0 231 689 815 416
p 2 21 328 571 12828 961
p 2 0 276 644 842 451
p 2 33 387 500 14112 1121
p 2 0 313 607 906 498
p 2 36 414 470 15690 1249
p 2 0 324 596 962 526
i 2 920 0 0 29620 3858
p 2 0 430 490 628 564
p 2 150 589 181 20266 1980
p 2 0 428 492 921 606
p 2 128 503 289 18958 1777
p 2 0 414 506 913 581
p 2 230 350 340 15918 1880
p 2 0 335 585 674 501
p 2 169 367 384 13814 1519
p 2 0 302 618 635 479
p 2 120 408 392 12631 1302
p 2 0 428 492 875 570
p 2 3 400 517 8509 725
p 2 0 255 665 713 423
p 2 4 312 604 8212 643
p 2 108 717 95 15283 1806
p 2 3 847 70 14066 1706
p 2 0 850 70 12110 1435
p 2 1 836 83 11200 1271
p 2 76 779 65 10896 1728
p 2 7 872 41 19921 1666
p 2 0 862 58 11197 1343
p 2 0 880 40 12871 1275
p 2 92 775 53 13120 1822
p 2 3 871 46 12701 1564
p 2 67 789 64 11477 1735
p 2 0 834 86 9518 1251
p 2 3 820 97 14838 1401
p 2 45 797 78 11083 1464
p 2 0 864 56 9920 1253
p 2 0 784 136 9298 1097
p 2 0 832 88 6254 1103
p 2 0 841 79 12813 1110
p 2 0 755 165 8098 967
p 2 0 582 338 1536 727
p 2 0 432 488 684 555
p 2 0 381 539 580 502
p 2 0 275 645 731 414
p 2 0 200 720 403 360
p 2 0 178 742 363 333
p 2 0 166 754 590 326
p 2 0 129 791 322 291
p 2 0 90 830 287 266
p 2 0 70 850 475 250
p 2 0 73 847 272 253
p 2 0 40 880 227 224
p 2 0 19 901 221 211
p 2 0 34 886 227 221
p 2 0 14 906 419 209
p 2 0 22 898 223 215
p 2 0 14 906 427 210
p 2 0 5 915 211 201
i 2 920 0 0 40474 3846
p 2 0 372 548 593 532
p 2 0 368 552 536 515
p 2 0 219 701 398 385
p 2 0 198 722 385 364
p 2 0 125 795 311 300
p 2 0 93 827 281 274
p 2 0 101 819 289 280
p 2 0 128 792 322 301
p 2 0 123 797 306 292
p 2 0 82 838 259 254
p 2 0 76 844 265 254
p 2 0 59 861 256 245
p 2 0 48 872 240 234
p 2 0 18 902 213 211
p 2 0 40 880 236 229
p 2 0 33 887 238 225
p 2 0 46 874 243 235
p 2 0 17 903 210 208
p 2 0 24 896 228 217
p 2 0 26 894 223 219
p 2 0 33 887 226 223
p 2 0 18 902 215 211
p 2 0 17 903 215 209
p 2 0 50 870 243 233
p 2 0 45 875 236 232
p 2 0 39 881 236 227
p 2 0 34 886 230 222
p 2 0 24 896 218 218
p 2 0 11 909 206 206
p 2 0 21 899 219 213
p 2 0 20 900 224 214
p 2 0 17 903 215 211
p 2 0 30 890 227 223
p 2 0 23 897 215 215
p 2 0 28 892 223 219
p 2 0 37 883 238 230
p 2 0 24 896 220 216
p 2 0 12 908 207 207
p 2 0 11 909 210 208
p 2 0 22 898 216 216
p 2 0 28 892 223 219
p 2 0 6 914 203 202
p 2 0 15 905 214 209
p 2 0 26 894 216 215
p 2 0 23 897 216 215
p 2 0 10 910 204 204
p 2 0 13 907 206 206
p 2 0 8 912 206 205
p 2 0 11 909 205 205
p 2 0 9 911 203 203
p 2 0 6 914 201 201
p 2 0 6 914 205 203
p 2 0 4 916 201 200
p 2 0 1 919 198 198
p 2 0 1 919 198 198
p 2 0 4 916 201 200
p 2 0 0 920 197 197
p 2 0 0 920 197 197
i 2 920 0 0 38276 3872
p 2 0 366 554 589 526
p 2 0 309 611 485 466
p 2 0 199 721 385 365
p 2 0 163 757 328 326
p 2 0 75 845 263 257
p 2 0 62 858 282 247
p 2 0 60 860 252 250
p 2 0 28 892 220 218
p 2 0 47 873 279 236
p 2 0 45 875 242 231
p 2 0 37 883 230 224
p 2 0 26 894 253 219
p 2 0 32 888 226 221
p 2 0 23 897 217 214
p 2 0 27 893 250 219
p 2 0 6 914 203 202
p 2 0 14 906 213 208
p 2 0 7 913 241 202
p 2 0 17 903 212 211
p 2 0 3 917 200 200
p 2 0 9 911 239 204
p 2 0 6 914 205 202
p 2 0 9 911 205 204
p 2 0 21 899 249 213
p 2 0 17 903 211 211
p 2 0 28 892 219 219
p 2 0 39 881 260 226
p 2 0 33 887 224 222
p 2 0 17 903 212 211
p 2 0 17 903 251 209
p 2 0 12 908 211 206
p 2 0 9 911 207 205
p 2 0 11 909 240 206
p 2 0 7 913 204 203
p 2 0 10 910 206 205
p 2 0 4 916 230 199
p 2 0 22 898 214 214
p 2 0 7 913 202 202
p 2 0 14 906 235 206
p 2 0 5 915 204 201
p 2 0 4 916 201 200
p 2 0 1 919 226 198
p 2 0 3 917 201 200
p 2 0 5 915 204 202
p 2 0 4 916 226 201
p 2 0 4 916 202 201
p 2 0 7 913 203 203
p 2 0 18 902 235 212
p 2 0 9 911 207 204
p 2 0 10 910 210 205
p 2 0 10 910 239 204
p 2 0 11 909 208 205
p 2 0 23 897 217 213
p 2 0 10 910 235 204
p 2 0 19 901 215 211
p 2 0 15 905 207 207
p 2 0 3 917 228 200
p 2 0 7 913 202 202
p 2 0 1 919 198 198
p 2 0 2 918 236 198
p 2 0 4 916 205 201
p 2 0 0 920 197 197
p 2 0 3 917 239 200
p 2 0 3 917 202 200
p 2 0 1 919 198 198
p 2 0 4 916 230 201
p 2 0 3 917 201 199
p 2 0 3 917 202 200
p 2 0 2 918 226 199
p 2 0 1 919 199 199
p 2 0 7 913 203 202
p 2 0 5 915 240 201
p 2 0 2 918 199 199
p 2 0 5 915 201 201
p 2 0 2 918 235 199
p 2 0 12 908 209 208
p 2 0 1 919 198 198
p 2 0 7 913 237 202
p 2 0 4 916 201 200
p 2 0 6 914 202 202
p 2 0 11 909 244 208
p 2 0 3 917 200 200
p 2 0 3 917 200 199
p 2 0 4 916 230 201
p 2 0 2 918 201 199
p 2 0 2 918 199 199
p 2 0 3 917 227 200
p 2 0 2 918 200 199
p 2 0 1 919 198 198
p 2 0 0 920 197 197
p 2 0 0 920 197 197
p 2 0 2 918 199 199
p 2 0 1 919 225 198
p 2 0 1 919 198 198
p 2 0 1 919 225 199
p 2 0 2 918 199 198
p 2 0 8 912 203 203
p 2 0 4 916 201 200
p 2 0 6 914 222 201
p 2 0 7 913 207 204
p 2 0 1 919 198 198
p 2 0 9 911 236 204
p 2 0 5 915 200 200
p 2 0 10 910 204 204
p 2 0 1 919 226 198
p 2 0 4 916 203 200
p 2 0 1 919 199 198
p 2 0 4 916 232 201
p 2 0 1 919 199 198
p 2 0 2 918 199 199
p 2 0 2 918 236 200
p 2 0 2 918 200 199
p 2 0 0 920 197 197
p 2 0 2 918 236 199
p 2 0 1 919 200 198
p 2 0 0 920 197 197
p 2 0 2 918 230 199
p 2 0 1 919 201 198
p 2 0 1 919 200 198
p 2 0 13 907 240 208
p 2 0 8 912 204 204
p 2 0 1 919 198 198
p 2 0 11 909 248 205
p 2 0 6 914 206 203
p 2 0 4 916 201 201
p 2 0 6 914 240 201
p 2 0 5 915 206 202
p 2 0 13 907 210 208
p 2 0 7 913 234 203
p 2 0 0 920 197 197
p 2 0 5 915 203 201
p 2 0 5 915 229 201
p 2 0 8 912 203 203
p 2 0 1 919 198 198
p 2 0 3 917 226 199
p 2 0 6 914 202 202
p 2 0 0 920 197 197
p 2 0 2 918 225 199
p 2 0 1 919 200 198
p 2 0 2 918 199 199
p 2 0 1 919 234 198
p 2 0 0 920 197 197
p 2 0 0 920 197 197
p 2 0 38 882 261 228
p 2 0 30 890 226 223
p 2 0 11 909 211 207
p 2 0 13 907 237 207
p 2 0 8 912 205 205
p 2 0 9 911 205 205
p 2 0 8 912 204 204
p 2 0 15 905 209 207
p 2 0 8 912 206 204
p 2 0 7 913 231 203
p 2 0 6 914 205 202
p 2 0 5 915 229 201
p 2 0 12 908 228 206
p 2 0 12 908 208 204
p 2 0 9 911 206 204
p 2 0 5 915 217 202
p 2 0 2 918 200 199
p 2 0 0 920 197 197
p 2 0 3 917 208 200
p 2 0 1 919 200 198
p 2 0 1 919 199 198
p 2 0 1 919 206 198
p 2 0 1 919 199 198
p 2 0 1 919 200 198
p 2 0 2 918 213 199
p 2 0 11 909 205 205
p 2 0 3 917 199 199
p 2 0 1 919 211 198
p 2 0 1 919 198 198
p 2 0 1 919 198 198
p 2 0 3 917 214 200
p 2 0 1 919 199 198
p 2 0 1 919 198 198
p 2 0 1 919 207 198
p 2 0 1 919 201 198
p 2 0 1 919 200 198
p 2 0 1 919 212 198
p 2 0 1 919 198 198
p 2 0 0 920 197 197
p 2 0 2 918 212 198
p 2 0 10 910 206 204
p 2 0 0 920 197 197
p 2 0 6 914 213 201
p 2 0 1 919 200 198
p 2 0 1 919 199 198
p 2 0 3 917 212 200
p 2 0 4 916 199 199
p 2 0 0 920 197 197
p 2 1 66 853 5072 346
p 2 0 45 875 354 238
p 2 0 23 897 235 215
p 2 1 60 859 5058 331
p 2 0 45 875 352 240
p 2 0 20 900 235 214
p 2 1 55 864 4810 327
p 2 0 44 876 349 241
p 2 0 28 892 239 219
p 2 0 58 862 3829 300
p 2 0 48 872 346 242
p 2 0 25 895 248 219
p 2 1 59 860 3780 315
p 2 0 46 874 336 241
p 2 0 19 901 243 213
p 2 0 17 903 270 213
p 2 0 24 896 251 217
p 2 0 15 905 216 208
p 2 0 13 907 242 208
p 2 0 11 909 216 206
p 2 0 15 905 229 209
p 2 0 9 911 255 205
p 2 0 12 908 214 206
p 2 0 10 910 214 204
p 2 0 19 901 285 213
p 2 0 4 916 203 201
p 2 0 7 913 213 202
p 2 0 10 910 242 205
p 2 0 10 910 212 205
p 2 0 8 912 210 204
p 2 0 5 915 224 201
p 2 0 25 895 222 215
p 2 0 12 908 206 205
p 2 0 5 915 248 201
p 2 0 1 919 200 198
p 2 0 0 920 197 197
p 2 0 6 914 247 201
p 2 0 6 914 204 202
p 2 0 6 914 205 203
p 2 0 7 913 231 202
p 2 0 5 915 205 202
p 2 0 1 919 198 198
p 2 0 5 915 235 201
p 2 0 4 916 209 201
p 2 0 2 918 200 199
p 2 0 41 879 3427 263
p 2 0 34 886 337 232
p 2 0 15 905 235 209
p 2 0 40 880 3320 265
p 2 0 27 893 295 223
p 2 0 7 913 212 203
p 2 0 37 883 3115 260
p 2 0 26 894 285 222
p 2 0 13 907 223 207
p 2 0 38 882 2804 256
p 2 0 25 895 308 222
p 2 0 9 911 209 204
p 2 0 3 917 221 200
p 2 0 294 626 953 474
p 2 0 99 821 347 279
p 2 0 41 879 275 228
p 2 0 24 896 233 218
p 2 0 9 911 207 204
p 2 0 13 907 210 206
p 2 0 12 908 256 207
p 2 0 26 894 227 214
p 2 0 7 913 251 203
p 2 0 15 905 213 207
p 2 0 7 913 210 203
p 2 0 32 888 266 221
p 2 0 8 912 204 204
p 2 0 23 897 219 214
p 2 0 21 899 248 213
p 2 0 19 901 220 211
p 2 0 8 912 207 203
p 2 0 19 901 266 212
p 2 0 7 913 210 203
p 2 0 11 909 208 205
p 2 0 13 907 252 207
p 2 0 3 917 201 199
p 2 0 4 916 205 201
p 2 0 12 908 229 206
p 2 0 3 917 202 199
p 2 0 2 918 201 199
p 2 0 3 917 220 200
p 2 0 7 913 206 203
p 2 0 0 920 197 197
p 2 0 1 919 198 198
p 2 0 1 919 200 198
p 2 0 2 918 199 199
p 2 0 0 920 197 197
p 2 0 1 919 217 198
p 2 0 0 920 197 197
p 2 0 1 919 239 199
p 2 0 0 920 197 197
i 2 920 0 0 29594 3884
p 2 0 434 486 657 581
p 2 0 357 563 541 507
p 2 66 667 187 29470 2010
p 2 0 494 426 1369 721
p 2 0 296 624 653 466
p 2 17 680 223 25251 1615
p 2 0 423 497 1267 630
p 2 0 288 632 626 453
p 2 24 594 302 28788 1654
p 2 0 434 486 1393 623
p 2 0 270 650 704 445
p 2 20 641 259 22635 1487
p 2 0 418 502 1313 612
p 2 0 229 691 544 397
p 2 19 597 304 23879 1494
p 2 0 467 453 1364 649
p 2 0 234 686 619 411
p 2 6 611 303 23853 1455
p 2 0 406 514 1313 605
p 2 0 200 720 549 385
p 2 6 587 327 24382 1441
p 2 0 507 413 1663 703
p 2 0 230 690 623 409
p 2 0 285 635 751 455
p 2 0 279 641 734 450
p 2 0 221 699 602 389
p 2 0 78 842 297 261
p 2 0 99 821 360 280
p 2 0 109 811 395 290
p 2 0 114 806 464 298
p 2 0 66 854 350 253
p 2 0 51 869 327 240
p 2 0 17 903 228 212
p 2 0 25 895 241 215
p 2 0 19 901 243 213
p 2 0 34 886 266 223
p 2 0 34 886 261 225
p 2 0 25 895 234 216
p 2 0 13 907 217 207
p 2 0 15 905 221 209
p 2 0 9 911 213 204
p 2 0 19 901 235 212
p 2 0 4 916 211 201
p 2 0 9 911 214 204
p 2 0 5 915 204 201
p 2 0 37 883 262 227
p 2 0 36 884 237 228
p 2 0 26 894 242 217
p 2 0 49 871 257 231
p 2 0 33 887 245 223
p 2 0 39 881 237 225
p 2 0 17 903 233 210
p 2 0 13 907 219 208
p 2 0 17 903 228 210
p 2 0 11 909 223 206
p 2 0 13 907 217 207
p 2 0 7 913 212 204
p 2 0 9 911 222 205
p 2 0 6 914 212 202
p 2 0 3 917 212 201
p 2 0 5 915 208 202
p 2 0 8 912 221 204
p 2 0 2 918 203 198
p 2 0 2 918 211 200
p 2 0 2 918 203 200
p 2 1 608 311 21866 1363
p 2 0 408 512 1384 606
p 2 0 158 762 507 346
p 2 1 606 313 19669 1273
p 2 0 394 526 1325 588
p 2 0 245 675 649 415
p 2 1 566 353 19205 1285
p 2 0 427 493 1403 632
p 2 0 199 721 535 379
p 2 0 572 348 19379 1245
p 2 0 402 518 1276 612
p 2 0 242 678 642 417
p 2 0 188 732 540 359
p 2 0 83 837 314 268
p 2 0 82 838 370 272
p 2 0 65 855 326 253
p 2 0 62 858 316 251
p 2 0 33 887 245 225
p 2 0 28 892 249 219
p 2 0 34 886 262 225
p 2 0 23 897 245 216
p 2 0 20 900 233 214
p 2 0 12 908 221 207
p 2 0 6 914 208 202
p 2 0 12 908 214 206
p 2 0 11 909 212 205
p 2 0 7 913 212 202
p 2 0 3 917 202 199
p 2 0 3 917 203 200
p 2 0 3 917 203 199
p 2 0 2 918 201 199
p 2 0 1 919 198 198
p 2 0 2 918 201 199
p 2 0 9 911 209 203
p 2 0 4 916 201 200
p 2 139 770 11 14887 2153
p 2 116 790 14 15229 2165
p 2 104 796 20 16587 2221
p 2 100 804 16 15602 2221
p 2 111 806 3 16721 2383
p 2 129 778 13 15641 2390
p 2 138 778 4 15992 2479
p 2 141 766 13 14866 2496
p 2 165 755 0 13602 2579
p 2 200 715 5 12460 2636
p 2 190 726 4 10288 2668
p 2 240 680 0 7336 2613
i 2 920 0 0 66289 5068
p 2 0 889 31 15991 1512
p 2 0 907 13 19503 1537
p 2 0 905 15 20215 1551
p 2 0 909 11 20897 1568
p 2 0 907 13 20589 1581
p 2 0 914 6 21033 1587
p 2 0 913 7 21005 1592
p 2 0 912 8 20901 1601
p 2 0 913 7 20999 1602
p 2 0 916 4 20912 1586
p 2 0 918 2 21117 1616
p 2 0 914 6 20915 1609
p 2 0 913 7 20938 1601
p 2 0 911 9 20777 1584
p 2 0 915 5 20818 1586
p 2 0 911 9 20592 1607
p 2 0 914 6 20602 1588
p 2 0 916 4 21063 1606
p 2 0 916 4 20878 1596
p 2 0 915 5 20717 1623
p 2 0 915 5 20795 1619
p 2 0 916 4 20621 1620
p 2 0 915 5 20955 1617
p 2 0 916 4 20744 1636
p 2 0 911 9 20542 1639
p 2 0 913 7 20800 1631
p 2 0 917 3 20531 1618
p 2 0 915 5 20611 1641
p 2 0 914 6 20519 1631
p 2 0 917 3 20444 1646
p 2 0 916 4 20748 1638
p 2 0 913 7 20643 1629
p 2 0 915 5 20471 1630
p 2 0 913 7 20721 1627
p 2 0 914 6 20762 1624
p 2 0 916 4 20594 1617
p 2 0 914 6 20484 1595
p 2 0 918 2 20597 1619
p 2 0 913 7 20615 1606
p 2 0 914 6 20709 1621
p 2 0 912 8 20355 1604
p 2 0 912 8 20616 1589
p 2 0 914 6 20686 1605
p 2 0 913 7 20378 1614
p 2 0 913 7 20366 1610
p 2 0 913 7 20293 1603
p 2 0 916 4 20450 1601
p 2 0 915 5 20574 1599
p 2 0 915 5 21516 1616
p 2 0 916 4 20830 1595
p 2 0 916 4 21107 1592
p 2 0 916 4 21087 1597
p 2 0 915 5 20949 1600
p 2 0 914 6 20819 1603
p 2 0 913 7 21082 1611
p 2 0 916 4 20984 1623
p 2 0 910 10 20891 1598
p 2 0 913 7 20784 1606
p 2 0 915 5 21010 1605
p 2 0 914 6 20797 1616
p 2 0 916 4 20785 1632
p 2 0 914 6 20666 1596
p 2 0 916 4 20682 1613
p 2 0 911 9 20672 1593
p 2 0 915 5 20677 1607
p 2 0 916 4 20654 1603
p 2 0 911 9 20837 1605
p 2 0 913 7 20631 1611
p 2 0 913 7 20781 1617
p 2 0 911 9 20810 1603
p 2 0 912 8 20848 1581
i 2 920 0 0 17317 3567
p 2 9 776 135 5354 1295
p 2 0 780 140 6388 1323
p 2 1 731 188 6535 1321
p 2 0 744 176 6566 1303
p 2 0 785 135 7248 1401
p 2 0 797 123 8074 1424
p 2 0 797 123 8546 1455
p 2 0 814 106 8774 1487
p 2 0 795 125 8505 1462
p 2 0 804 116 8591 1456
p 2 2 780 138 8181 1452
p 2 0 807 113 8635 1463
p 2 13 763 144 10918 1499
p 2 0 795 125 8268 1433
p 2 0 772 148 7613 1388
p 2 36 770 114 15900 1643
p 2 6 756 158 6798 1336
p 2 0 742 178 6891 1301
p 2 105 674 141 20195 1827
p 2 0 711 209 5881 1209
p 2 14 631 275 5569 1156
p 2 101 641 178 21402 1826
p 2 0 646 274 5053 1089
p 2 0 643 277 5190 1121
p 2 136 683 101 23269 2244
p 2 42 781 97 14887 1886
p 2 37 795 88 17674 2015
p 2 37 792 91 20777 2108
p 2 28 822 70 22949 2171
p 2 24 833 63 25315 2214
p 2 26 835 59 26494 2281
p 2 20 838 62 27213 2270
p 2 12 860 48 26925 2256
p 2 9 862 49 25971 2200
p 2 1 868 51 25840 2167
p 2 4 875 41 24562 2160
p 2 4 877 39 24249 2157
i 2 920 0 0 50331 4558
p 2 0 297 623 730 494
p 2 1 224 695 792 427
p 2 0 124 796 429 316
p 2 4 92 824 1512 329
p 2 0 57 863 301 248
p 2 3 59 858 3196 306
p 2 0 24 896 264 219
p 2 9 40 871 3960 327
p 2 0 25 895 280 221
p 2 16 43 861 4996 382
p 2 0 27 893 292 224
p 2 2 53 865 4312 311
p 2 0 41 879 342 241
p 2 3 50 867 4599 321
p 2 0 35 885 310 233
p 2 0 19 901 228 212
p 2 0 19 901 717 221
p 2 0 17 903 454 216
p 2 0 20 900 546 222
p 2 0 7 913 217 204
p 2 14 39 867 4864 371
p 2 0 27 893 302 224
p 2 0 16 904 243 214
p 2 3 24 893 3089 278
p 2 0 16 904 262 215
p 2 0 5 915 214 202
p 2 6 10 904 1433 256
p 2 0 8 912 227 205
i 2 920 0 0 39842 3948
p 2 9 714 197 11115 1404
p 2 52 800 68 32205 2124
p 2 6 777 137 17933 1638
p 2 63 779 78 33625 2201
p 2 5 784 131 19905 1700
p 2 58 804 58 34204 2272
p 2 6 791 123 20360 1734
p 2 58 811 51 33104 2260
p 2 2 792 126 19969 1725
p 2 1 784 135 20234 1704
p 2 3 776 141 19666 1680
p 2 1 779 140 19291 1653
p 2 0 769 151 18497 1663
p 2 0 774 146 17809 1602
p 2 0 760 160 17393 1576
p 2 4 763 153 17274 1602
i 2 920 0 0 22336 3646
p 2 20 694 206 9922 1226
p 2 36 736 148 18848 1456
p 2 63 659 198 26406 1628
p 2 78 669 173 30871 1783
p 2 89 705 126 32288 1959
p 2 104 702 114 31874 2108
p 2 62 789 69 30269 2225
p 2 16 823 81 23200 1886
p 2 5 847 68 18237 1714
p 2 1 843 76 19202 1656
p 2 6 863 51 21017 1774
p 2 9 858 53 23110 1807
p 2 7 853 60 23530 1836
p 2 6 861 53 24226 1835
p 2 4 836 80 24421 1799
p 2 8 848 64 24104 1837
p 2 605 315 0 64123 4369
p 2 0 491 429 1740 751
p 2 0 243 677 800 452
p 2 0 149 771 518 348
p 2 0 134 786 472 327
p 2 0 113 807 467 310
p 2 0 111 809 491 311
p 2 0 126 794 592 330
p 2 0 151 769 804 370
p 2 0 215 705 1238 453
p 2 0 242 678 1735 525
p 2 0 298 622 2165 587
p 2 2 319 599 3177 671
p 2 2 380 538 3623 725
p 2 3 422 495 4800 842
p 2 0 456 464 5436 865
p 2 1 486 433 6116 980
p 2 0 560 360 7259 1072
p 2 4 579 337 8689 1207
p 2 1 612 307 9416 1217
p 2 5 649 266 10200 1347
p 2 6 722 192 10989 1433
p 2 7 767 146 12009 1571
p 2 13 776 131 12317 1605
p 2 17 802 101 13408 1712
p 2 20 819 81 14473 1786
p 2 18 838 64 16046 1934
p 2 24 849 47 17094 2008
p 2 10 874 36 18339 2129
p 2 15 869 36 19375 2110
p 2 17 884 19 20914 2188
p 2 22 873 25 21927 2232
p 2 15 890 15 23921 2317
p 2 14 900 6 25071 2322
p 2 17 894 9 25156 2332
p 2 17 892 11 24637 2287
p 2 20 876 24 25488 2333
p 2 21 881 18 25956 2341
p 2 10 886 24 25861 2291
p 2 23 879 18 25145 2314
p 2 17 893 10 23891 2366
p 2 12 884 24 18991 2307
p 2 12 884 24 15483 2331
p 2 12 889 19 12466 2257
p 2 2 894 24 9964 2185
p 2 4 890 26 8184 2080
p 2 0 858 62 6747 1931
p 2 1 896 23 5644 1949
p 2 142 756 22 9871 2560
p 2 3 884 33 8113 2158
p 2 3 890 27 7910 2089
p 2 3 883 34 7738 2090
p 2 1 853 66 7616 2039
p 2 3 875 42 7636 2037
p 2 1 859 60 7526 2013
p 2 2 876 42 7579 2035
p 2 41 851 28 10943 2420
p 2 4 907 9 10464 2380
p 2 10 891 19 10519 2330
p 2 5 893 22 10448 2298
p 2 1 885 34 9858 2150
p 2 1 881 38 9531 2221
p 2 2 865 53 9215 2151
p 2 2 884 34 9078 2172
p 2 2 888 30 8876 2083
p 2 3 877 40 8747 2104
p 2 6 850 64 9015 2110
p 2 0 834 86 9051 2058
p 2 5 816 99 8892 2013
p 2 4 878 38 8805 2098
p 2 3 852 65 8889 2051
i 2 920 0 0 31228 4135
p 2 155 732 33 14805 2409
p 2 140 767 13 16322 2489
p 2 157 738 25 15798 2520
p 2 75 838 7 16520 2428
p 2 78 824 18 14644 2310
p 2 35 880 5 18065 2377
p 2 38 874 8 16532 2296
p 2 61 853 6 18707 2577
p 2 40 871 9 16085 2334
p 2 39 873 8 17400 2401
p 2 30 877 13 16329 2305
p 2 25 882 13 17992 2374
p 2 13 889 18 17032 2270
p 2 20 895 5 17957 2359
p 2 27 882 11 18659 2342
p 2 91 828 1 27124 2754
p 2 91 819 10 32981 2819
p 2 130 786 4 31353 3061
p 2 87 821 12 29047 2822
p 2 123 795 2 31917 3073
p 2 75 841 4 29740 2893
p 2 104 816 0 31027 2993
p 2 128 792 0 31108 3114
p 2 194 726 0 23499 3149
p 2 128 791 1 18505 2882
p 2 83 835 2 18795 2886
p 2 70 846 4 18632 2977
p 2 85 829 6 20398 3006
p 2 96 817 7 21619 3131
p 2 53 864 3 19875 2964
p 2 61 849 10 17702 2823
p 2 32 883 5 16848 2676
p 2 21 891 8 15232 2550
p 2 9 908 3 15574 2490
p 2 17 897 6 15717 2520
p 2 10 910 0 15603 2462
p 2 13 899 8 16239 2507
p 2 14 902 4 16731 2505
p 2 13 896 11 17302 2445
p 2 22 896 2 18196 2564
p 2 11 901 8 17376 2474
p 2 18 896 6 18708 2483
p 2 15 894 11 17987 2396
p 2 10 910 0 18993 2408
p 2 17 882 21 17865 2424
p 2 10 903 7 18429 2421
p 2 19 880 21 16824 2385
p 2 19 900 1 18881 2467
p 2 24 880 16 17681 2413
p 2 32 885 3 19187 2487
p 2 30 884 6 18364 2467
p 2 28 889 3 19208 2499
p 2 20 889 11 17684 2395
p 2 35 881 4 20438 2512
p 2 16 877 27 14191 2263
p 2 16 902 2 18403 2415
p 2 19 886 15 13694 2312
p 2 19 898 3 17121 2472
p 2 15 883 22 11404 2261
p 2 18 896 6 13780 2384
p 2 4 882 34 8331 2101
p 2 14 897 9 11318 2286
p 2 35 859 26 7508 2103
p 2 29 878 13 10306 2259
p 2 39 827 54 9260 2217
p 2 53 846 21 11185 2357
p 2 31 855 34 11218 2237
p 2 44 856 20 13265 2421
p 2 44 860 16 12332 2348
p 2 50 859 11 14158 2372
p 2 92 777 51 12424 2320
p 2 46 861 13 13494 2383
p 2 44 821 55 13274 2280
p 2 52 852 16 14802 2456
p 2 44 837 39 12306 2325
p 2 59 847 14 15345 2485
p 2 39 822 59 11565 2214
p 2 61 845 14 15154 2477
p 2 21 831 68 11475 2140
p 2 51 856 13 15321 2435
p 2 13 825 82 11312 2027
p 2 45 843 32 15832 2390
p 2 24 844 52 11226 2064
p 2 35 855 30 14506 2334
p 2 20 842 58 11816 2116
p 2 39 845 36 14893 2322
p 2 28 856 36 11494 2106
p 2 46 849 25 14275 2360
p 2 32 829 59 11835 2132
p 2 51 845 24 13865 2385
p 2 49 822 49 11957 2252
p 2 51 836 33 14134 2353
p 2 45 816 59 12185 2258
p 2 53 832 35 13947 2434
p 2 57 806 57 12134 2251
p 2 75 820 25 15237 2549
p 2 63 834 23 12668 2316
p 2 95 755 70 17733 2696
p 2 61 817 42 19771 2434
p 2 119 746 55 28221 2806
p 2 128 716 76 31512 2648
p 2 130 756 34 31480 2811
p 2 60 830 30 25139 2416
p 2 107 796 17 25918 2681
p 2 62 833 25 21669 2504
p 2 97 815 8 25027 2763
p 2 93 808 19 22890 2657
i 2 920 0 0 15717 3702
p 2 62 824 34 12415 2029
p 2 99 774 47 16115 2447
p 2 54 819 47 13836 2188
p 2 65 818 37 15383 2363
p 2 57 816 47 15691 2384
p 2 125 771 24 21232 2859
p 2 92 817 11 24186 2822
p 2 110 808 2 28103 2947
p 2 77 838 5 29909 2756
p 2 85 828 7 35409 2946
p 2 103 814 3 35348 2858
p 2 34 881 5 31811 2607
p 2 19 866 35 14963 2120
p 2 29 889 2 31393 2514
p 2 17 864 39 12877 2039
p 2 36 883 1 29715 2560
p 2 38 837 45 14484 2159
p 2 48 870 2 31435 2684
p 2 31 843 46 14933 2211
p 2 26 893 1 28602 2524
p 2 31 838 51 13824 2158
p 2 32 888 0 30311 2578
p 2 16 848 56 13289 2042
p 2 63 856 1 35862 2772
p 2 11 837 72 12717 1984
p 2 64 856 0 40106 2866
p 2 10 828 82 13089 1992
p 2 93 826 1 44045 3064
p 2 13 805 102 12561 1981
p 2 123 797 0 44408 3142
p 2 21 825 74 11777 2032
p 2 150 769 1 43318 3270
p 2 11 807 102 11680 2008
p 2 158 762 0 44312 3333
p 2 14 782 124 11341 1913
p 2 145 775 0 41128 3236
p 2 21 797 102 11283 1984
p 2 57 863 0 33145 2723
p 2 14 852 54 11191 2055
p 2 56 862 2 35783 2725
p 2 28 833 59 10703 2010
p 2 92 826 2 38909 2904
p 2 9 824 87 10372 1997
p 2 146 773 1 36976 3137
p 2 14 795 111 9076 1908
p 2 196 722 2 36388 3257
p 2 12 784 124 8239 1882
p 2 223 696 1 37552 3300
p 2 13 775 132 8589 1765
p 2 261 656 3 41152 3445
p 2 11 764 145 9029 1776
p 2 186 732 2 38670 3277
p 2 12 809 99 9399 1958
p 2 118 794 8 28492 2922
p 2 14 860 46 10184 2168
p 2 94 824 2 29215 2823
p 2 14 855 51 11345 2160
p 2 58 860 2 26762 2656
p 2 12 879 29 12446 2198
p 2 66 851 3 24094 2668
p 2 13 879 28 12912 2242
p 2 63 852 5 24868 2643
p 2 8 874 38 12873 2163
p 2 47 862 11 24708 2627
p 2 18 871 31 13903 2273
p 2 36 882 2 25715 2637
p 2 26 882 12 14557 2295
p 2 52 866 2 28383 2661
p 2 25 854 41 14888 2287
p 2 68 848 4 25117 2715
p 2 21 873 26 14626 2304
p 2 59 857 4 27555 2721
p 2 22 860 38 14819 2281
p 2 52 862 6 25863 2700
p 2 20 874 26 16456 2337
p 2 51 863 6 29046 2692
p 2 15 869 36 15775 2272
p 2 74 840 6 26443 2810
p 2 27 865 28 14683 2344
p 2 51 863 6 27214 2739
p 2 22 869 29 14424 2335
p 2 81 838 1 26157 2840
p 2 30 857 33 12822 2214
p 2 89 825 6 28914 2744
p 2 24 835 61 11071 2072
p 2 106 805 9 27639 2847
p 2 28 796 96 12147 2068
p 2 145 771 4 32335 2931
p 2 24 756 140 11826 1922
p 2 153 758 9 29896 3063
p 2 26 767 127 11021 2007
p 2 164 743 13 34673 3085
p 2 24 773 123 12576 1989
p 2 160 750 10 38144 3096
p 2 23 775 122 12500 1993
p 2 177 743 0 44585 3404
p 2 27 762 131 12968 2039
p 2 173 745 2 39103 3196
p 2 27 801 92 12759 2081
p 2 115 805 0 35481 2894
p 2 57 767 96 11867 2027
p 2 125 794 1 33160 2845
p 2 63 777 80 14120 2127
p 2 115 802 3 34835 2874
p 2 107 740 73 14777 2212
p 2 201 717 2 40661 3241
p 2 134 700 86 14796 2233
p 2 297 621 2 45804 3660
p 2 97 710 113 13937 2136
i 2 920 0 0 42264 4505
p 2 178 549 193 14850 2341
p 2 448 471 1 36276 4064
p 2 174 726 20 20700 2909
p 2 126 726 68 18739 2382
p 2 603 317 0 67354 4824
p 2 289 629 2 70300 3863
p 2 195 725 0 59045 3429
p 2 148 772 0 59504 3421
p 2 85 832 3 48921 3012
p 2 107 813 0 50832 3130
p 2 64 854 2 39445 2770
p 2 77 843 0 43906 2916
p 2 60 854 6 33545 2744
p 2 67 853 0 39432 2902
p 2 43 861 16 30341 2588
p 2 41 879 0 35843 2689
p 2 42 867 11 28381 2562
p 2 47 872 1 34477 2738
p 2 34 871 15 27198 2489
p 2 38 882 0 34407 2643
p 2 22 884 14 27135 2431
p 2 34 886 0 33738 2645
p 2 26 877 17 25443 2462
p 2 33 887 0 32842 2631
p 2 32 875 13 25072 2424
p 2 30 890 0 31619 2562
p 2 18 890 12 24818 2394
p 2 35 885 0 30497 2547
p 2 30 884 6 24854 2419
p 2 28 890 2 29180 2448
p 2 42 868 10 23499 2422
p 2 39 878 3 27468 2492
p 2 26 880 14 21686 2362
p 2 30 886 4 26446 2480
p 2 24 885 11 20886 2343
p 2 37 881 2 26683 2466
p 2 43 870 7 20232 2379
p 2 33 885 2 25919 2476
p 2 29 879 12 20129 2360
p 2 48 870 2 26567 2520
p 2 40 864 16 21310 2388
p 2 32 888 0 27028 2528
p 2 38 870 12 21419 2449
p 2 65 851 4 26962 2634
p 2 39 866 15 21087 2468
p 2 22 897 1 26508 2501
p 2 31 879 10 19982 2404
p 2 39 881 0 25321 2518
p 2 24 888 8 19642 2410
p 2 23 897 0 23387 2382
p 2 23 887 10 19342 2307
p 2 30 888 2 23753 2362
p 2 27 882 11 19148 2301
p 2 24 890 6 22494 2369
p 2 26 878 16 19451 2298
p 2 23 895 2 24257 2396
p 2 20 886 14 19811 2332
p 2 27 891 2 22759 2387
p 2 18 887 15 18355 2237
p 2 16 902 2 22107 2322
p 2 24 879 17 18600 2243
p 2 19 898 3 21530 2332
p 2 20 882 18 17733 2220
p 2 30 884 6 22091 2322
p 2 29 876 15 17573 2243
p 2 29 888 3 20837 2297
p 2 39 860 21 18009 2236
p 2 30 887 3 19549 2324
p 2 28 879 13 17481 2259
i 2 920 0 0 27813 4122
p 2 5 915 0 21830 2144
p 2 1 919 0 22136 2150
p 2 3 917 0 21572 2178
p 2 4 916 0 22496 2187
p 2 6 914 0 22489 2213
p 2 3 917 0 23001 2175
p 2 3 917 0 23613 2246
p 2 10 910 0 24608 2236
p 2 9 911 0 24682 2301
p 2 7 910 3 25382 2266
p 2 5 912 3 25375 2284
p 2 8 909 3 25871 2299
p 2 17 902 1 26076 2408
p 2 32 888 0 27384 2479
p 2 40 880 0 27965 2521
p 2 33 887 0 27477 2514
p 2 42 878 0 26751 2553
p 2 51 869 0 25541 2511
p 2 54 866 0 25933 2553
p 2 55 865 0 25263 2563
p 2 20 900 0 25714 2481
p 2 10 909 1 24719 2384
p 2 14 896 10 25785 2349
p 2 16 901 3 25035 2362
p 2 18 900 2 26313 2365
p 2 20 900 0 25180 2343
p 2 14 898 8 25552 2289
p 2 118 798 4 34549 2798
p 2 189 730 1 37263 3164
p 2 84 835 1 36851 2940
p 2 127 793 0 42700 3306
p 2 148 771 1 46666 3554
p 2 196 723 1 45298 3597
p 2 157 763 0 44268 3567
p 2 125 795 0 41481 3388
p 2 91 829 0 38499 3192
p 2 73 846 1 35016 3018
p 2 53 867 0 31961 2834
p 2 48 872 0 30855 2736
p 2 44 874 2 28946 2752
p 2 23 894 3 25957 2553
p 2 56 861 3 26146 2692
p 2 50 869 1 27282 2664
p 2 35 884 1 24967 2622
p 2 50 869 1 24399 2633
p 2 72 848 0 24788 2807
p 2 107 813 0 23002 2861
p 2 97 823 0 22010 2772
p 2 34 886 0 21247 2616
p 2 30 889 1 19825 2596
p 2 17 901 2 18091 2431
p 2 21 899 0 17986 2477
p 2 18 902 0 17100 2450
p 2 23 897 0 16133 2449
p 2 21 899 0 14974 2457
p 2 32 887 1 14698 2500
p 2 27 892 1 13723 2514
p 2 50 870 0 13590 2559
p 2 43 877 0 12579 2600
p 2 70 850 0 12550 2689
p 2 77 843 0 11534 2707
p 2 119 801 0 10887 2727
p 2 124 795 1 9657 2852
p 2 478 442 0 5599 2910
p 2 0 813 107 1229 1116
p 2 0 745 175 942 924
p 2 0 575 345 743 723
p 2 0 641 279 740 725
p 2 0 483 437 580 568
i 2 920 0 0 53293 4562
p 2 1 569 350 3331 849
p 2 0 563 357 3745 816
p 2 3 598 319 5083 912
p 2 0 686 234 4464 966
p 2 0 740 180 4897 1050
p 2 3 759 158 5819 1102
p 2 0 677 243 4354 977
p 2 0 755 165 4908 1081
p 2 0 760 160 5521 1094
p 2 0 748 172 4821 1072
p 2 0 791 129 5236 1145
p 2 0 800 120 5870 1134
p 2 0 685 235 4587 1017
p 2 0 774 146 5000 1088
p 2 0 771 149 6221 1143
p 2 0 791 129 5027 1130
p 2 0 602 318 4406 924
p 2 0 785 135 6198 1093
p 2 1 772 147 5144 1132
p 2 0 769 151 5095 1076
p 2 1 662 257 5754 1024
p 2 0 750 170 4930 1051
p 2 0 749 171 5174 1111
p 2 0 798 122 6330 1140
p 2 0 667 253 4561 1013
p 2 0 780 140 5198 1115
p 2 0 784 136 6784 1178
p 2 0 790 130 5481 1130
p 2 0 671 249 4919 1018
p 2 2 782 136 7143 1131
p 2 0 754 166 5576 1127
p 2 0 774 146 5866 1134
p 2 0 681 239 6516 1031
p 2 0 772 148 5665 1122
p 2 0 775 145 5998 1148
p 2 0 775 145 7012 1154
p 2 0 688 232 5151 1019
p 2 0 768 152 5533 1125
p 2 0 790 130 7288 1152
p 2 0 801 119 5674 1184
p 2 0 689 231 5355 995
p 2 2 770 148 7662 1178
p 2 0 789 131 6046 1134
p 2 0 778 142 6030 1168
p 2 0 699 221 7291 1042
p 2 0 762 158 5846 1137
p 2 0 791 129 6260 1134
p 2 0 802 118 7427 1215
p 2 0 682 238 5626 994
p 2 0 785 135 5852 1160
p 2 0 806 114 8109 1174
p 2 0 776 144 5735 1158
p 2 0 659 261 5553 979
p 2 0 731 189 8063 1111
p 2 0 772 148 6042 1113
p 2 0 782 138 6093 1156
p 2 0 679 241 7526 1011
p 2 0 759 161 5902 1117
p 2 0 789 131 6160 1123
p 2 0 786 134 8031 1169
p 2 0 712 208 5876 1042
p 2 0 793 127 6264 1158
p 2 1 810 109 8951 1200
p 2 0 799 121 6412 1185
p 2 0 766 154 6600 1132
p 2 0 823 97 9598 1243
p 2 0 832 88 6960 1206
p 2 0 839 81 6700 1226
p 2 0 740 180 8674 1122
p 2 0 810 110 6029 1184
p 2 0 818 102 6391 1190
p 2 1 820 99 8754 1248
p 2 0 747 173 5455 1084
p 2 0 793 127 6071 1182
p 2 0 815 105 9806 1230
p 2 0 760 160 5930 1134
p 2 0 656 264 5809 981
p 2 4 727 189 9902 1150
p 2 1 731 188 6387 1075
p 2 0 698 222 6181 1041
p 2 0 641 279 8980 984
p 2 1 721 198 6218 1060
p 2 0 751 169 6807 1096
p 2 0 803 117 9597 1194
p 2 0 726 194 6638 1096
p 2 0 791 129 7182 1154
p 2 6 777 137 11513 1279
p 2 0 781 139 7939 1151
p 2 0 724 196 8042 1140
p 2 1 777 142 12083 1224
p 2 0 772 148 8659 1203
p 2 0 797 123 8831 1216
p 2 0 754 166 11975 1238
p 2 0 802 118 8547 1217
p 2 0 821 99 8709 1290
p 2 0 828 92 11979 1291
p 2 0 795 125 8932 1284
p 2 0 816 104 8607 1236
p 2 2 834 84 13504 1397
p 2 0 824 96 8576 1247
p 2 0 757 163 8631 1231
p 2 1 818 101 13544 1345
p 2 0 813 107 8805 1311
p 2 0 800 120 8432 1224
p 2 0 715 205 11771 1194
p 2 0 766 154 8250 1193
p 2 0 775 145 8577 1236
p 2 3 756 161 11638 1232
p 2 0 637 283 7602 1048
p 2 0 726 194 7367 1122
p 2 5 724 191 13500 1261
p 2 0 698 222 7447 1101
p 2 0 710 210 7800 1109
p 2 1 635 284 13091 1141
p 2 0 591 329 7520 983
p 2 0 600 320 7841 1007
p 2 0 588 332 12342 1068
p 2 1 537 382 7969 931
p 2 0 547 373 7930 948
i 2 920 0 0 73623 4878
p 2 0 914 6 24537 1696
p 2 1 918 1 24142 1614
p 2 1 918 1 24585 1596
p 2 0 918 2 24882 1599
p 2 0 918 2 25408 1618
p 2 0 918 2 25096 1597
p 2 1 919 0 25293 1724
p 2 1 919 0 25398 1629
p 2 2 917 1 25119 1652
p 2 0 919 1 25277 1695
p 2 0 919 1 24563 1720
p 2 0 919 1 24720 1647
p 2 0 920 0 24801 1652
p 2 0 919 1 24684 1637
p 2 0 917 3 25149 1637
p 2 0 919 1 25118 1662
p 2 0 920 0 25236 1624
p 2 0 918 2 25147 1639
p 2 1 916 3 24787 1627
p 2 1 917 2 24493 1661
p 2 0 918 2 24566 1656
p 2 0 918 2 24308 1659
p 2 0 920 0 23883 1622
p 2 0 918 2 23893 1651
p 2 0 919 1 23832 1652
p 2 0 918 2 23781 1639
p 2 0 920 0 23900 1659
p 2 0 918 2 24646 1641
p 2 0 919 1 24231 1660
p 2 0 918 2 23792 1640
p 2 1 919 0 23509 1668
p 2 0 919 1 23331 1661
p 2 0 918 2 23474 1657
p 2 1 919 0 23566 1658
p 2 0 919 1 23464 1655
p 2 0 918 2 23071 1647
p 2 0 918 2 22972 1639
p 2 0 918 2 22782 1648
p 2 0 918 2 22695 1629
p 2 0 919 1 22541 1652
p 2 0 916 4 22903 1631
p 2 0 918 2 22437 1624
p 2 0 920 0 22572 1710
p 2 0 918 2 22658 1660
p 2 1 918 1 22419 1651
p 2 0 918 2 22780 1655
p 2 1 918 1 21909 1652
p 2 1 918 1 22160 1636
p 2 1 917 2 22196 1677
p 2 0 920 0 21872 1622
p 2 0 918 2 21644 1646
p 2 0 918 2 21830 1635
p 2 1 917 2 21864 1644
p 2 0 919 1 21819 1631
p 2 0 913 7 22065 1642
p 2 0 919 1 22141 1709
p 2 0 915 5 22183 1639
p 2 0 919 1 21719 1630
p 2 0 917 3 21713 1701
p 2 0 918 2 21881 1704
p 2 0 916 4 21785 1712
p 2 0 918 2 21581 1657
p 2 0 918 2 21654 1657
p 2 0 919 1 21525 1650
p 2 0 918 2 20950 1630
p 2 0 917 3 20945 1630
p 2 0 919 1 21028 1639
p 2 0 917 3 20998 1629
p 2 0 915 5 21204 1655
p 2 0 916 4 21057 1638
p 2 0 916 4 21240 1660
p 2 0 919 1 21757 1656
p 2 0 915 5 21190 1653
p 2 0 920 0 21514 1648
p 2 0 917 3 21339 1654
p 2 0 919 1 20973 1657
p 2 0 919 1 21086 1724
p 2 1 919 0 21043 1708
p 2 0 917 3 20591 1641
p 2 0 917 3 20262 1644
p 2 0 916 4 20272 1636
p 2 0 913 7 19890 1650
i 2 920 0 0 69769 4726
p 2 0 383 537 1052 585
p 2 0 373 547 1105 564
p 2 0 305 615 5516 545
p 2 0 408 512 1467 613
p 2 0 401 519 1604 618
p 2 0 428 492 5580 674
p 2 0 290 630 1445 521
p 2 0 354 566 1450 566
p 2 0 424 496 6709 684
p 2 1 362 557 1893 609
p 2 0 394 526 1913 639
p 2 0 456 464 6777 729
p 2 0 377 543 1783 617
p 2 0 387 533 1675 620
p 2 0 471 449 6301 723
p 2 0 452 468 1923 706
p 2 0 449 471 1743 687
p 2 0 470 450 6295 731
p 2 0 499 421 1909 737
p 2 0 464 456 1621 687
p 2 1 387 532 6533 657
p 2 0 464 456 1737 703
p 2 0 451 469 1879 687
p 2 0 480 440 7287 759
p 2 0 460 460 1771 691
p 2 0 434 486 1798 669
p 2 0 485 435 6462 762
p 2 1 419 500 2046 671
p 2 0 382 538 1804 620
p 2 0 407 513 5979 695
p 2 0 461 459 2114 714
p 2 0 388 532 1666 629
p 2 0 372 548 7574 668
p 2 0 436 484 1971 705
p 2 0 410 510 1801 652
p 2 0 442 478 7821 740
p 2 0 372 548 1503 607
p 2 0 415 505 1458 633
p 2 0 478 442 6758 750
p 2 0 437 483 1795 671
p 2 0 361 559 1522 586
p 2 0 419 501 6634 687
p 2 0 457 463 2050 709
p 2 0 437 483 1728 660
p 2 2 351 567 8088 675
p 2 1 438 481 2091 684
p 2 0 440 480 2038 677
p 2 0 489 431 8055 783
p 2 0 344 576 1833 597
p 2 0 435 485 1730 662
p 2 0 456 464 7322 744
p 2 0 442 478 1916 696
p 2 0 383 537 1654 614
p 2 0 464 456 6716 750
p 2 0 466 454 1824 713
p 2 0 459 461 1553 680
p 2 0 353 567 5970 617
p 2 0 441 479 1679 664
p 2 0 468 452 1897 700
p 2 0 450 470 6570 709
p 2 0 359 561 1607 595
p 2 0 439 481 1774 664
p 2 0 419 501 2015 654
p 2 1 474 445 2084 712
p 2 0 344 576 1676 580
p 2 0 464 456 1998 700
p 2 0 428 492 2054 680
p 2 0 455 465 1917 702
p 2 0 359 561 1612 589
p 2 0 447 473 1816 685
p 2 0 440 480 1919 692
p 2 0 494 426 1888 733
p 2 0 343 577 1343 579
p 2 0 415 505 1440 622
p 2 0 412 508 1679 645
p 2 0 425 495 1627 663
p 2 0 309 611 1313 531
p 2 0 401 519 1647 631
p 2 0 408 512 1745 648
p 2 0 410 510 1826 647
p 2 0 310 610 1570 537
p 2 1 396 523 1956 643
p 2 0 388 532 1940 635
p 2 0 409 511 1957 653
p 2 0 338 582 1664 580
p 2 0 394 526 1680 624
p 2 0 403 517 1914 651
p 2 0 415 505 1798 668
p 2 0 368 552 1615 621
p 2 0 411 509 1683 649
p 2 0 406 514 1621 657
p 2 0 422 498 1610 650
p 2 0 387 533 1524 618
p 2 0 408 512 1543 632
p 2 0 438 482 1942 690
p 2 0 456 464 1976 699
p 2 0 377 543 1588 614
p 2 0 436 484 1823 662
p 2 0 450 470 2033 693
p 2 1 441 478 2062 690
p 2 0 404 516 1794 641
p 2 0 430 490 2095 683
p 2 0 456 464 2020 711
p 2 0 437 483 1992 694
p 2 0 356 564 1674 594
p 2 0 449 471 1873 710
p 2 0 470 450 2028 731
p 2 0 438 482 1745 677
p 2 0 444 476 1534 679
p 2 0 410 510 1472 628
p 2 0 442 478 1712 686
p 2 0 433 487 1815 681
p 2 0 421 499 1701 654
p 2 0 294 626 1282 509
p 2 0 467 453 1876 711
p 2 0 449 471 1909 694
p 2 0 467 453 2016 714
p 2 1 379 540 1748 609
p 2 0 459 461 1981 712
p 2 0 451 469 2061 697
p 2 0 476 444 2024 722
p 2 0 348 572 1590 585
p 2 0 462 458 1815 703
p 2 0 422 498 1932 681
p 2 0 448 472 1889 699
p 2 0 310 610 1231 537
p 2 0 319 601 1127 541
p 2 0 389 531 1327 605
p 2 0 443 477 1527 663
p 2 0 233 687 895 437
i 2 920 0 0 73611 4875
p 2 0 912 8 18722 1443
p 2 1 915 4 22977 1570
p 2 0 912 8 18810 1455
p 2 0 916 4 24020 1589
p 2 0 919 1 20015 1481
p 2 0 917 3 23980 1572
p 2 0 912 8 20315 1501
p 2 0 918 2 23927 1579
p 2 0 918 2 21565 1533
p 2 0 918 2 23167 1561
p 2 1 915 4 21289 1551
p 2 0 915 5 23391 1595
p 2 0 919 1 21864 1548
p 2 0 916 4 22791 1569
p 2 0 918 2 21778 1563
p 2 0 916 4 22349 1572
p 2 0 917 3 21680 1561
p 2 0 917 3 22223 1580
p 2 0 916 4 21706 1568
p 2 0 917 3 21379 1571
p 2 0 916 4 21285 1549
p 2 0 916 4 22732 1586
p 2 0 920 0 20921 1553
p 2 0 917 3 22178 1576
p 2 0 917 3 21829 1576
p 2 0 915 5 22604 1574
p 2 0 917 3 21488 1551
p 2 0 919 1 22667 1587
p 2 0 915 5 21314 1544
p 2 0 918 2 22335 1578
p 2 0 918 2 21770 1574
p 2 0 919 1 21624 1554
p 2 0 915 5 22301 1579
p 2 0 914 6 21064 1553
p 2 0 917 3 21595 1567
p 2 0 914 6 21763 1569
p 2 0 912 8 21103 1562
p 2 0 917 3 21243 1572
p 2 0 914 6 21386 1560
p 2 0 917 3 20968 1580
i 2 920 0 0 54419 5166
p 2 0 914 6 11097 1327
p 2 0 917 3 13055 1383
p 2 0 920 0 13086 1421
p 2 0 920 0 13539 1438
p 2 0 917 3 13697 1409
p 2 0 919 1 13318 1429
p 2 0 918 2 13659 1421
p 2 0 917 3 13705 1430
p 2 0 920 0 13915 1444
p 2 0 920 0 13338 1420
p 2 0 920 0 13666 1431
p 2 0 919 1 13545 1425
p 2 0 919 1 13633 1435
p 2 0 916 4 13590 1413
p 2 0 918 2 13762 1417
p 2 0 919 1 13723 1442
p 2 0 919 1 13624 1438
p 2 0 920 0 13968 1440
p 2 0 919 1 14114 1436
p 2 0 918 2 13877 1466
p 2 0 918 2 14007 1449
p 2 0 919 1 13714 1438
p 2 0 919 1 14041 1454
p 2 0 919 1 14099 1443
p 2 0 919 1 13890 1444
p 2 0 918 2 13481 1424
p 2 0 918 2 14106 1466
p 2 0 919 1 13909 1460
p 2 0 920 0 13843 1440
p 2 0 919 1 13952 1466
p 2 0 920 0 13717 1451
p 2 0 917 3 13570 1443
p 2 0 916 4 13964 1458
p 2 0 920 0 14036 1463
p 2 0 919 1 13787 1443
p 2 0 920 0 13893 1436
p 2 0 920 0 14055 1418
p 2 0 918 2 13980 1428
p 2 0 916 4 14093 1445
p 2 0 920 0 13570 1442
p 2 0 920 0 13732 1425
p 2 0 920 0 14226 1408
p 2 0 918 2 14106 1407
p 2 0 918 2 13783 1432
p 2 0 919 1 13426 1439
p 2 0 920 0 13632 1436
p 2 0 920 0 13514 1418
p 2 0 917 3 13948 1441
p 2 0 918 2 13622 1406
p 2 0 918 2 13564 1433
p 2 0 918 2 13334 1441
p 2 0 920 0 13570 1446
p 2 0 920 0 13652 1432
p 2 0 920 0 13608 1425
p 2 0 920 0 13541 1439
p 2 0 918 2 13614 1443
p 2 0 917 3 13726 1454
p 2 0 917 3 13676 1444
p 2 0 919 1 13563 1442
p 2 0 919 1 13728 1470
p 2 0 920 0 13473 1433
p 2 0 919 1 13571 1433
p 2 0 918 2 13875 1447
p 2 0 917 3 13534 1439
i 2 920 0 0 77527 4976
p 2 2 910 8 18026 1357
p 2 0 920 0 22984 1428
p 2 0 920 0 22244 1403
p 2 0 920 0 22978 1404
p 2 0 919 1 23556 1435
p 2 0 914 6 23812 1439
p 2 0 919 1 23071 1431
p 2 0 920 0 23490 1435
p 2 0 918 2 23753 1462
p 2 0 917 3 24058 1455
p 2 0 920 0 23367 1454
p 2 0 920 0 22815 1423
p 2 0 919 1 23022 1433
p 2 0 915 5 23623 1443
p 2 0 918 2 23680 1462
p 2 0 920 0 22983 1437
p 2 0 918 2 23228 1448
p 2 0 920 0 23250 1446
p 2 0 920 0 23745 1448
p 2 0 919 1 23177 1441
p 2 0 918 2 24436 1452
p 2 0 917 3 23469 1440
p 2 0 920 0 24192 1465
p 2 0 920 0 23249 1437
p 2 0 919 1 23349 1429
p 2 0 918 2 24594 1468
p 2 0 919 1 22499 1415
p 2 0 916 4 24006 1458
p 2 0 919 1 23524 1429
p 2 0 918 2 23880 1450
p 2 0 920 0 23602 1456
p 2 0 919 1 23986 1460
p 2 0 920 0 23130 1425
p 2 0 920 0 24541 1483
p 2 0 918 2 23129 1454
p 2 0 920 0 23626 1448
p 2 0 918 2 24344 1457
p 2 0 920 0 23088 1438
p 2 0 920 0 24784 1478
p 2 0 915 5 22947 1420
p 2 0 920 0 24337 1459
p 2 0 920 0 23689 1425
p 2 0 920 0 23882 1441
p 2 0 919 1 24677 1465
p 2 0 920 0 23808 1460
p 2 0 920 0 24514 1459
p 2 0 920 0 23996 1445
p 2 0 920 0 23536 1429
p 2 0 918 2 25008 1496
p 2 0 920 0 22674 1419
p 2 0 919 1 24844 1477
p 2 0 916 4 22762 1432
p 2 0 918 2 23638 1456
p 2 0 917 3 24119 1460
p 2 0 919 1 23168 1440
p 2 0 914 6 24546 1452
p 2 0 913 7 23643 1463
p 2 0 919 1 23645 1454
i 2 920 0 0 53084 5005
p 2 0 145 775 465 346
p 2 0 102 818 392 312
p 2 9 330 581 27013 1021
p 2 0 263 657 1290 494
p 2 0 124 796 515 317
p 2 6 316 598 25680 957
p 2 0 249 671 1217 474
p 2 0 124 796 540 323
p 2 9 330 581 25030 1014
p 2 0 277 643 1252 500
p 2 0 108 812 454 299
p 2 3 323 594 25324 944
p 2 0 263 657 1266 499
p 2 0 116 804 476 303
p 2 33 321 566 29236 1198
p 2 0 241 679 1158 467
p 2 19 349 552 29647 1197
p 2 0 276 644 1277 511
p 2 23 342 555 30002 1214
p 2 0 270 650 1201 496
p 2 22 350 548 29905 1191
p 2 0 308 612 1444 546
p 2 0 190 730 688 384
p 2 0 249 671 1172 452
p 2 0 113 807 502 307
p 2 0 97 823 416 286
p 2 0 77 843 690 274
p 2 0 106 814 475 294
p 2 0 57 863 315 245
p 2 0 51 869 564 251
p 2 0 47 873 307 239
p 2 0 52 868 338 245
p 2 0 25 895 583 222
p 2 0 24 896 260 218
p 2 0 20 900 244 213
p 2 0 52 868 473 252
p 2 0 25 895 262 219
p 2 0 16 904 240 212
p 2 1 14 905 586 218
p 2 0 9 911 218 203
p 2 0 4 916 207 200
p 2 0 11 909 355 217
p 2 0 12 908 230 208
p 2 0 16 904 234 209
p 2 1 8 911 574 213
p 2 0 3 917 205 200
p 2 0 2 918 204 200
p 2 0 20 900 496 219
p 2 0 15 905 234 209
p 2 0 14 906 230 208
p 2 0 11 909 541 209
p 2 0 34 886 272 225
p 2 0 11 909 222 208
p 2 0 9 911 216 205
p 2 0 5 915 208 202
p 2 0 17 903 239 210
p 2 0 18 902 237 212
p 2 0 23 897 499 224
p 2 0 13 907 227 207
p 2 0 8 912 312 209
p 2 0 8 912 218 204
p 2 0 7 913 211 203
p 2 0 6 914 210 202
p 2 0 3 917 202 200
p 2 0 0 920 197 197
p 2 0 6 914 492 206
p 2 0 5 915 210 202
p 2 0 1 919 199 198
p 2 0 4 916 530 204
p 2 0 3 917 206 199
p 2 0 2 918 202 199
p 2 0 14 906 464 212
p 2 0 2 918 204 199
p 2 0 3 917 201 198
p 2 0 10 910 543 209
p 2 0 16 904 235 210
p 2 0 9 911 212 204
p 2 0 12 908 349 218
p 2 0 6 914 206 202
p 2 0 3 917 202 200
p 2 1 7 912 568 212
p 2 0 6 914 211 203
p 2 0 9 911 213 204
p 2 0 6 914 455 208
p 2 0 4 916 209 200
p 2 0 1 919 199 198
p 2 0 7 913 543 207
p 2 0 3 917 203 199
p 2 0 3 917 203 199
p 2 0 5 915 337 211
p 2 0 3 917 204 200
p 2 0 2 918 200 199
p 2 0 7 913 490 205
p 2 0 4 916 207 200
p 2 0 2 918 202 199
p 2 0 6 914 543 206
p 2 0 5 915 215 202
p 2 0 6 914 206 202
p 2 0 10 910 349 215
p 2 0 5 915 211 202
p 2 0 3 917 202 200
p 2 1 5 914 568 211
p 2 0 0 920 197 197
p 2 0 0 920 197 197
p 2 0 0 920 197 197
p 2 0 0 920 197 197
p 2 0 5 915 208 201
p 2 0 1 919 199 199
p 2 0 0 920 197 197
p 2 0 1 919 199 198
p 2 0 2 918 202 199
p 2 0 3 917 204 201
p 2 0 0 920 197 197
p 2 0 0 920 197 197
p 2 0 5 915 459 206
p 2 0 4 916 212 202
p 2 0 5 915 306 206
p 2 0 3 917 204 200
i 2 920 0 0 58962 4712
p 2 10 899 11 17434 1656
p 2 1 918 1 24234 1697
p 2 1 918 1 24286 1792
p 2 1 917 2 26765 1850
p 2 0 903 17 26051 1833
p 2 1 913 6 21892 1773
p 2 2 917 1 17722 1672
p 2 3 914 3 19706 1698
p 2 2 910 8 19504 1704
p 2 3 911 6 19684 1699
p 2 2 916 2 20827 1713
p 2 4 908 8 21827 1768
p 2 9 906 5 21399 1827
p 2 1 905 14 21552 1773
p 2 1 917 2 21679 1774
p 2 3 914 3 20894 1765
p 2 1 905 14 20357 1714
p 2 4 904 12 19933 1765
p 2 1 916 3 19234 1748
p 2 4 915 1 17438 1746
p 2 3 909 8 16985 1733
p 2 1 909 10 15396 1707
p 2 5 904 11 16024 1719
p 2 2 917 1 14889 1731
p 2 1 907 12 13456 1666
p 2 2 918 0 12360 1684
p 2 1 918 1 11791 1613
p 2 3 916 1 13250 1668
p 2 1 914 5 13880 1649
p 2 1 916 3 15655 1624
p 2 3 910 7 16336 1699
p 2 2 903 15 17627 1680
p 2 1 902 17 18787 1743
p 2 2 916 2 18700 1709
p 2 0 914 6 19783 1695
p 2 0 914 6 20081 1761
p 2 3 912 5 19646 1739
p 2 1 918 1 18310 1677
p 2 1 911 8 18086 1691
p 2 1 911 8 18802 1690
p 2 4 910 6 20626 1749
p 2 0 920 0 20790 1693
p 2 2 908 10 21344 1710
p 2 0 913 7 20415 1749
p 2 2 905 13 19035 1688
p 2 0 913 7 16837 1722
p 2 2 912 6 14468 1577
p 2 1 909 10 14445 1664
p 2 2 918 0 15725 1644
p 2 0 913 7 15492 1602
p 2 1 912 7 15942 1567
p 2 0 914 6 17903 1672
p 2 3 907 10 18464 1704
p 2 1 911 8 17724 1645
p 2 2 912 6 20045 1693
p 2 0 920 0 20297 1658
p 2 1 918 1 21227 1658
p 2 0 919 1 19095 1656
p 2 2 913 5 18594 1689
p 2 0 920 0 17466 1670
p 2 0 913 7 17896 1650
p 2 0 919 1 16388 1610
p 2 3 916 1 14509 1597
p 2 2 914 4 12471 1572
p 2 0 916 4 17569 1676
p 2 1 905 14 18940 1662
p 2 3 916 1 18235 1671
p 2 0 919 1 16622 1647
p 2 1 918 1 20186 1749
p 2 6 913 1 16225 1652
p 2 3 912 5 12972 1570
p 2 74 846 0 15810 1902
p 2 96 824 0 18506 2079
p 2 94 826 0 19299 2085
p 2 82 836 2 21063 2091
p 2 2 914 4 17428 1764
p 2 2 911 7 15522 1748
p 2 2 907 11 17138 1700
p 2 27 875 18 13756 1771
p 2 31 867 22 14124 1756
p 2 27 848 45 14049 1695
p 2 16 857 47 12372 1630
p 2 15 829 76 10759 1570
p 2 8 804 108 7999 1444
p 2 13 778 129 8657 1465
p 2 5 760 155 7214 1362
p 2 5 686 229 6928 1333
p 2 7 656 257 6768 1286
p 2 0 682 238 6088 1251
p 2 0 620 300 5380 1147
p 2 0 623 297 4775 1116
p 2 0 543 377 4319 1009
p 2 0 516 404 3837 964
p 2 0 505 415 3393 891
p 2 0 471 449 3239 869
p 2 0 431 489 2757 801
p 2 0 405 515 2897 785
p 2 0 405 515 2483 752
p 2 0 358 562 2374 703
p 2 1 343 576 2019 668
p 2 0 298 622 1870 628
p 2 2 272 646 1662 605
p 2 0 229 691 1427 548
p 2 0 224 696 1258 528
p 2 0 198 722 1037 495
p 2 0 172 748 943 459
p 2 0 153 767 789 414
p 2 0 147 773 575 384
p 2 0 117 803 534 364
p 2 0 108 812 483 337
p 2 0 85 835 460 323
p 2 0 100 820 403 308
p 2 0 79 841 384 290
p 2 0 84 836 357 297
p 2 0 66 854 296 268
p 2 0 111 809 338 302
p 2 0 72 848 282 268
p 2 0 79 841 308 273
i 2 920 0 0 77618 5010
p 2 0 914 6 26974 1497
p 2 1 918 1 35144 1676
p 2 0 920 0 35283 1689
p 2 1 919 0 35727 1734
p 2 0 920 0 37648 1740
p 2 0 920 0 39044 1807
p 2 6 914 0 39262 1866
p 2 1 919 0 38429 1848
p 2 2 918 0 40770 1851
p 2 3 917 0 40930 1877
p 2 1 919 0 41382 1861
p 2 2 918 0 40233 1888
p 2 4 916 0 41260 1891
p 2 5 915 0 42284 1920
p 2 4 916 0 43213 1925
p 2 3 917 0 42887 1936
p 2 8 912 0 44356 1979
p 2 4 916 0 43158 1932
p 2 2 918 0 44136 1938
p 2 7 913 0 43922 1987
p 2 2 918 0 43459 1944
p 2 7 913 0 43154 1983
p 2 3 917 0 44023 1965
p 2 8 912 0 45260 2012
p 2 12 908 0 46682 2015
p 2 4 916 0 44830 1953
p 2 7 913 0 44540 1947
p 2 3 917 0 45213 1945
p 2 15 905 0 45192 1978
p 2 3 917 0 42565 1897
p 2 13 905 2 44746 1983
p 2 0 920 0 42515 1921
p 2 4 916 0 43997 1957
p 2 4 916 0 43820 1966
p 2 14 906 0 46014 2015
p 2 1 919 0 43883 1959
p 2 5 915 0 44887 1996
p 2 1 919 0 43656 1956
p 2 6 914 0 45325 2004
p 2 3 917 0 45441 2006
p 2 2 918 0 45212 2001
p 2 3 917 0 46011 2002
p 2 1 919 0 47237 2024
p 2 4 916 0 45951 2028
p 2 2 917 1 46992 2003
p 2 3 917 0 46621 2005
p 2 5 914 1 46557 2014
p 2 15 905 0 46501 2074
p 2 1 919 0 46017 1991
p 2 6 914 0 45117 1998
p 2 14 906 0 47575 2087
p 2 7 913 0 44553 2012
p 2 9 911 0 45570 2041
p 2 8 912 0 45351 2050
p 2 5 915 0 44275 2054
p 2 9 911 0 45060 2081
p 2 11 909 0 44882 2085
p 2 8 912 0 44084 2069
p 2 6 914 0 45030 2055
p 2 9 911 0 44424 2086
p 2 3 917 0 45543 2064
p 2 6 914 0 45302 2046
p 2 7 913 0 45333 2080
p 2 6 914 0 44659 2058
p 2 4 916 0 43906 2030
p 2 8 911 1 45506 2077
p 2 5 915 0 43537 1996
p 2 6 914 0 42867 2023
p 2 5 915 0 43490 2030
p 2 5 915 0 42625 2016
p 2 4 915 1 42808 2014
p 2 7 913 0 41751 2007
p 2 3 916 1 42354 1997
p 2 3 917 0 41491 1979
p 2 2 918 0 41913 1973
p 2 6 914 0 40784 1990
p 2 2 918 0 41394 1968
p 2 5 915 0 40782 1991
p 2 2 918 0 41914 1994
p 2 8 912 0 41604 2060
p 2 15 905 0 42653 2088
p 2 21 899 0 41923 2129
p 2 12 908 0 42320 2120
p 2 14 906 0 41495 2095
p 2 13 907 0 41796 2077
p 2 8 912 0 40581 2025
p 2 7 912 1 41724 2033
p 2 7 913 0 40917 2017
p 2 3 917 0 40717 1980
p 2 3 917 0 40411 1975
p 2 1 919 0 40128 1955
p 2 4 916 0 39688 1981
p 2 3 916 1 39588 1964
p 2 2 917 1 39031 1931
p 2 10 910 0 40383 2008
p 2 5 915 0 38379 1958
p 2 4 915 1 39846 1976
p 2 6 914 0 38509 2004
p 2 9 911 0 40899 2047
p 2 3 916 1 38010 2007
p 2 5 915 0 39515 2036
p 2 5 915 0 38833 2034
p 2 3 917 0 38763 2017
p 2 6 914 0 38963 2032
p 2 1 919 0 38862 2004
p 2 3 917 0 38362 1984
p 2 7 913 0 40327 2054
p 2 3 917 0 39965 2025
p 2 3 917 0 40438 2014
p 2 2 918 0 40573 1998
p 2 2 918 0 41278 2024
p 2 2 918 0 40262 2001
p 2 2 918 0 41143 2004
p 2 1 919 0 40079 1985
p 2 1 919 0 41574 1993
p 2 1 919 0 39817 1975
p 2 3 917 0 41270 2000
p 2 5 915 0 41066 2011
p 2 6 914 0 41139 2020
p 2 9 911 0 40124 2041
p 2 6 914 0 41048 2048
p 2 5 915 0 40555 2029
p 2 7 913 0 39912 2023
p 2 2 918 0 40909 1996
p 2 3 917 0 40765 2026
p 2 22 898 0 41598 2131
p 2 8 912 0 40219 2097
p 2 3 917 0 39490 2038
p 2 19 901 0 40529 2138
p 2 1 919 0 38318 2016
p 2 13 907 0 38563 2083
p 2 9 911 0 39706 2087
p 2 2 918 0 39807 2040
p 2 4 916 0 39812 2039
p 2 1 919 0 40252 2085
p 2 4 916 0 40718 2080
p 2 7 913 0 38927 2092
p 2 12 908 0 40305 2120
p 2 4 916 0 39891 2094
p 2 4 916 0 39546 2067
p 2 13 907 0 39931 2165
p 2 18 902 0 41405 2218
p 2 3 917 0 38872 2108
p 2 14 906 0 40820 2216
p 2 17 903 0 39948 2235
p 2 19 901 0 39473 2228
p 2 8 912 0 39879 2182
p 2 7 913 0 40008 2183
p 2 8 912 0 41238 2168
p 2 11 909 0 43368 2232
i 2 920 0 0 32876 4281
p 2 12 902 6 20043 1969
p 2 51 866 3 23828 2344
p 2 119 799 2 29958 2754
p 2 258 662 0 37241 3348
p 2 189 731 0 39500 3245
p 2 116 804 0 37911 2997
p 2 71 849 0 34304 2707
p 2 50 868 2 30650 2495
p 2 51 865 4 31006 2496
i 2 920 0 0 49685 4985
p 2 64 856 0 36800 2688
p 2 80 840 0 38976 2804
p 2 69 851 0 38299 2824
p 2 35 885 0 37743 2629
p 2 43 877 0 35913 2584
p 2 20 900 0 34334 2412
p 2 25 895 0 34128 2472
p 2 58 862 0 35993 2700
p 2 90 830 0 42765 2937
i 2 920 0 0 60160 4732
p 2 23 897 0 38522 2413
p 2 29 891 0 40458 2455
p 2 34 886 0 42552 2484
p 2 30 890 0 41681 2493
p 2 23 897 0 42117 2479
p 2 20 900 0 42061 2427
p 2 19 901 0 41183 2415
p 2 15 905 0 41456 2423
p 2 13 907 0 41074 2396
p 2 26 894 0 41398 2404
p 2 20 900 0 42202 2426
p 2 25 895 0 42549 2436
p 2 21 899 0 45088 2493
p 2 36 884 0 46074 2572
p 2 33 887 0 47225 2508
p 2 55 865 0 52243 2724
p 2 81 839 0 58042 2940
p 2 84 836 0 61775 2960
p 2 110 810 0 63291 3057
p 2 157 763 0 72629 3364
p 2 187 733 0 76304 3466
p 2 215 705 0 78084 3592
p 2 160 760 0 71062 3308
p 2 192 728 0 71497 3468
p 2 105 815 0 65613 3071
p 2 125 795 0 63160 3144
p 2 69 851 0 59642 2848
p 2 62 858 0 53729 2680
p 2 41 878 1 48411 2456
p 2 23 897 0 47674 2370
p 2 25 894 1 46630 2382
p 2 29 890 1 46823 2396
p 2 18 900 2 43555 2281
p 2 15 904 1 42180 2241
p 2 30 890 0 43649 2402
p 2 35 885 0 42965 2403
p 2 36 884 0 42862 2498
p 2 63 857 0 49402 2728
i 2 920 0 0 57626 4780
p 2 285 634 1 61093 3796
p 2 247 673 0 60246 3654
p 2 221 692 7 57811 3483
p 2 212 708 0 57311 3483
p 2 215 704 1 57247 3567
p 2 143 777 0 53690 3297
p 2 94 826 0 49298 2977
p 2 66 854 0 44101 2769
p 2 55 864 1 43356 2670
p 2 51 869 0 42103 2615
p 2 32 888 0 42218 2535
p 2 28 891 1 41352 2413
p 2 31 889 0 41130 2422
p 2 33 885 2 39538 2420
p 2 28 890 2 39991 2375
p 2 22 898 0 40243 2350
p 2 24 896 0 40317 2358
p 2 28 892 0 40486 2344
p 2 28 892 0 43244 2417
i 2 920 0 0 64099 5065
p 2 158 762 0 60469 3402
p 2 145 775 0 57728 3237
p 2 147 772 1 56956 3221
p 2 91 829 0 54864 3013
p 2 86 834 0 54064 3021
p 2 78 842 0 54729 2966
p 2 91 829 0 57566 3043
p 2 85 835 0 57168 3025
p 2 75 845 0 55441 2937
p 2 84 836 0 55388 2956
p 2 127 793 0 56743 3159
p 2 76 844 0 55232 2899
p 2 55 865 0 54442 2761
p 2 51 869 0 53020 2667
p 2 67 853 0 56405 2802
p 2 52 868 0 56486 2700
p 2 64 856 0 60561 2793
p 2 67 853 0 61310 2819
p 2 66 854 0 61933 2821
p 2 48 872 0 61231 2753
p 2 60 859 1 61020 2797
p 2 62 858 0 60095 2790
p 2 31 889 0 53578 2581
p 2 26 894 0 51177 2477
p 2 35 885 0 51400 2474
p 2 52 868 0 53520 2585
p 2 55 865 0 54322 2598
p 2 44 876 0 53940 2518
p 2 52 868 0 54802 2613
p 2 49 871 0 56651 2630
p 2 50 870 0 55111 2593
p 2 49 871 0 53750 2559
p 2 24 896 0 52518 2415
p 2 18 902 0 51280 2347
p 2 27 893 0 49641 2367
i 2 920 0 0 86993 5214
p 2 71 849 0 54524 2453
p 2 31 889 0 47816 2173
p 2 33 887 0 53102 2264
p 2 16 904 0 48780 2157
p 2 12 908 0 48621 2133
p 2 10 910 0 47501 2114
p 2 7 913 0 46896 2089
p 2 2 918 0 46548 2079
p 2 9 911 0 46989 2127
p 2 8 912 0 47315 2136
p 2 17 903 0 50582 2225
p 2 7 913 0 46574 2075
p 2 8 912 0 46706 2097
p 2 7 913 0 48119 2119
p 2 38 882 0 50873 2295
p 2 18 902 0 48657 2180
p 2 28 891 1 50990 2290
p 2 22 897 1 48988 2214
p 2 31 889 0 48842 2262
p 2 27 893 0 49632 2246
p 2 28 892 0 49702 2267
p 2 21 899 0 53035 2291
p 2 25 895 0 51237 2271
p 2 20 900 0 50474 2246
p 2 25 895 0 53984 2303
p 2 33 887 0 55530 2415
p 2 14 906 0 51708 2267
p 2 10 910 0 49682 2218
p 2 8 912 0 48054 2174
p 2 8 912 0 47645 2173
p 2 15 905 0 46122 2168
p 2 12 908 0 44022 2154
p 2 8 912 0 45165 2120
p 2 7 913 0 45106 2163
p 2 26 894 0 50964 2344
p 2 26 894 0 48907 2343
p 2 25 895 0 49820 2317
p 2 9 911 0 46066 2146
p 2 9 911 0 45392 2131
p 2 12 908 0 46521 2172
p 2 19 901 0 47054 2208
p 2 41 879 0 50058 2408
p 2 2 918 0 45759 2096
p 2 25 895 0 49041 2281
p 2 11 909 0 49415 2222
p 2 23 897 0 49754 2305
p 2 7 913 0 48441 2188
p 2 11 909 0 48418 2176
p 2 4 916 0 48054 2140
p 2 5 915 0 46210 2100
p 2 2 918 0 46892 2076
p 2 4 916 0 46443 2103
p 2 4 916 0 46904 2136
p 2 7 913 0 49035 2179
p 2 8 912 0 48143 2157
p 2 10 910 0 48831 2188
p 2 56 864 0 53595 2518
p 2 49 871 0 53406 2507
p 2 10 910 0 49668 2221
p 2 7 913 0 49077 2175
p 2 41 879 0 52813 2466
p 2 11 909 0 49522 2209
p 2 27 893 0 52311 2316
p 2 9 911 0 51541 2203
p 2 13 907 0 52892 2243
p 2 24 896 0 53636 2376
p 2 31 889 0 55659 2454
p 2 29 891 0 57693 2508
p 2 33 887 0 58059 2571
p 2 39 881 0 56489 2609
p 2 83 837 0 58389 2854
p 2 46 874 0 56816 2739
p 2 64 856 0 58761 2881
p 2 91 829 0 57219 2992
p 2 117 803 0 60984 3123
p 2 79 841 0 59968 3033
p 2 89 831 0 59200 3023
p 2 96 824 0 58183 3064
p 2 113 807 0 57915 3129
p 2 86 834 0 54914 3035
p 2 67 853 0 55611 2991
p 2 119 801 0 54369 3110
p 2 122 798 0 54183 3097
p 2 75 845 0 52933 2874
p 2 151 769 0 57441 3317
i 2 920 0 0 59770 4761
p 2 239 679 2 52624 3569
p 2 160 760 0 50032 3224
p 2 129 791 0 56504 3188
p 2 191 729 0 62362 3319
p 2 157 763 0 59291 3116
p 2 80 840 0 56208 2822
p 2 58 861 1 53285 2620
p 2 46 874 0 52594 2582
p 2 42 878 0 50351 2532
p 2 66 854 0 51354 2594
p 2 92 828 0 53795 2739
p 2 73 846 1 52485 2662
p 2 57 860 3 52369 2569
p 2 81 839 0 54632 2722
p 2 74 845 1 54010 2711
p 2 67 852 1 52378 2658
p 2 26 894 0 48245 2373
p 2 26 893 1 46947 2345
p 2 21 897 2 45789 2296
p 2 38 882 0 47338 2373
p 2 41 878 1 50538 2465
p 2 33 886 1 53062 2461
p 2 60 859 1 59940 2807
p 2 104 816 0 64184 2994
p 2 130 790 0 64610 3154
p 2 100 820 0 65332 3016
p 2 61 859 0 57863 2749
p 2 38 882 0 49268 2454
p 2 23 897 0 44767 2254
p 2 35 885 0 52053 2512
p 2 40 879 1 54243 2537
p 2 50 870 0 57768 2648
p 2 100 820 0 63731 3007
p 2 96 824 0 62361 2913
p 2 41 879 0 55609 2570
p 2 36 884 0 54567 2493
p 2 23 896 1 50515 2363
p 2 24 896 0 48274 2368
p 2 30 889 1 49635 2386
p 2 29 891 0 48116 2382
p 2 34 885 1 46982 2405
i 2 920 0 0 67596 4801
p 2 28 888 4 40091 2159
p 2 23 893 4 40128 2205
p 2 34 879 7 41820 2301
p 2 26 891 3 42116 2297
p 2 22 890 8 41918 2273
p 2 29 889 2 42402 2344
p 2 38 879 3 41033 2396
p 2 24 895 1 41639 2388
p 2 31 884 5 42037 2427
p 2 33 886 1 42567 2465
p 2 24 895 1 43132 2427
p 2 52 868 0 43422 2511
p 2 32 888 0 43924 2480
p 2 36 884 0 45870 2517
p 2 45 875 0 46329 2577
p 2 44 876 0 47908 2584
p 2 56 864 0 48452 2654
p 2 61 858 1 49527 2712
p 2 65 854 1 49051 2732
p 2 75 845 0 50911 2829
p 2 86 834 0 50743 2948
p 2 71 849 0 51098 2892
p 2 84 836 0 50233 2897
p 2 80 840 0 49593 2827
p 2 66 854 0 50712 2812
p 2 82 838 0 52329 2888
p 2 97 823 0 52130 2948
p 2 107 813 0 52586 2911
p 2 116 804 0 54372 2969
p 2 81 839 0 55104 2873
p 2 91 829 0 55961 2870
p 2 87 833 0 56372 2861
p 2 82 838 0 56138 2810
p 2 64 856 0 57301 2779
p 2 65 855 0 57579 2756
p 2 76 844 0 57251 2794
p 2 71 849 0 56854 2736
i 2 920 0 0 65853 4937
p 2 35 885 0 44666 2442
p 2 27 893 0 44408 2409
p 2 35 885 0 42711 2347
p 2 26 894 0 45003 2429
p 2 21 899 0 43396 2284
p 2 20 899 1 42027 2215
p 2 17 903 0 42589 2275
p 2 43 877 0 49085 2585
p 2 34 886 0 47741 2481
p 2 56 864 0 50884 2666
p 2 28 892 0 47033 2413
p 2 20 900 0 45963 2370
p 2 19 901 0 46199 2370
p 2 19 901 0 44364 2308
p 2 21 899 0 43516 2265
p 2 13 907 0 44570 2334
p 2 33 887 0 44821 2358
p 2 41 879 0 44358 2340
p 2 33 887 0 44344 2343
p 2 26 894 0 46060 2390
p 2 41 879 0 45471 2341
p 2 16 904 0 44162 2285
p 2 53 867 0 44284 2358
p 2 21 899 0 44461 2274
p 2 10 910 0 43465 2188
p 2 22 898 0 47183 2318
p 2 6 914 0 46261 2237
p 2 15 905 0 47175 2259
p 2 34 886 0 48631 2348
p 2 21 899 0 49021 2354
p 2 63 857 0 53541 2534
p 2 18 902 0 51778 2372
p 2 86 834 0 60340 2793
p 2 69 851 0 57712 2706
p 2 101 819 0 61908 2976
p 2 59 861 0 56940 2675
p 2 42 878 0 54635 2588
p 2 43 877 0 54265 2595
p 2 51 868 1 51375 2554
p 2 34 886 0 51730 2510
p 2 25 895 0 53223 2497
p 2 34 886 0 53607 2542
p 2 74 846 0 55890 2698
p 2 60 860 0 53915 2623
p 2 54 866 0 55190 2630
p 2 40 880 0 54600 2553
p 2 33 887 0 48443 2415
p 2 26 894 0 47910 2391
p 2 25 895 0 48486 2410
p 2 18 902 0 46653 2404
p 2 82 838 0 52702 2750
p 2 41 879 0 52852 2583
p 2 79 841 0 57093 2827
p 2 42 878 0 54695 2589
p 2 43 877 0 56198 2575
p 2 33 887 0 53662 2498
p 2 17 903 0 50370 2343
p 2 21 899 0 50039 2321
p 2 16 904 0 46042 2247
p 2 20 900 0 44543 2242
p 2 9 911 0 44817 2170
p 2 25 895 0 46726 2228
p 2 20 900 0 48009 2251
p 2 14 906 0 47381 2207
p 2 21 899 0 48199 2292
p 2 51 869 0 49270 2442
p 2 36 884 0 49793 2411
p 2 34 886 0 49544 2381
p 2 29 891 0 47064 2311
p 2 30 890 0 48427 2332
p 2 36 884 0 47186 2343
p 2 15 905 0 41731 2161
p 2 11 909 0 43617 2170
p 2 12 908 0 43618 2146
p 2 11 909 0 41689 2113
p 2 3 917 0 40714 2070
p 2 1 918 1 39995 2030
p 2 2 918 0 39010 1999
p 2 4 916 0 38831 2020
p 2 1 919 0 37588 1968
p 2 2 918 0 37479 1981
p 2 7 913 0 38800 2014
p 2 1 919 0 37847 1942
p 2 2 916 2 37183 1913
p 2 2 918 0 38231 1946
i 2 920 0 0 67886 4888
p 2 3 913 4 29430 1852
p 2 1 919 0 32497 1883
p 2 6 912 2 33751 1949
p 2 4 916 0 34324 2022
p 2 5 914 1 32473 1959
p 2 4 915 1 33804 1963
p 2 2 918 0 34233 2003
p 2 4 915 1 35835 2072
p 2 6 914 0 35955 2121
p 2 10 910 0 37375 2167
p 2 12 908 0 38461 2218
p 2 12 908 0 39836 2241
p 2 9 911 0 37668 2188
p 2 10 910 0 38450 2182
p 2 17 903 0 41651 2271
p 2 15 905 0 41593 2224
p 2 10 910 0 40908 2193
p 2 15 905 0 42987 2217
p 2 17 903 0 44158 2250
p 2 25 895 0 43615 2299
p 2 19 901 0 45028 2300
p 2 18 902 0 43952 2258
p 2 21 899 0 44299 2312
p 2 29 891 0 45130 2300
p 2 32 888 0 47538 2451
p 2 44 876 0 47061 2450
p 2 37 883 0 46300 2480
p 2 31 889 0 48161 2472
p 2 35 885 0 47913 2502
p 2 36 884 0 45429 2493
p 2 47 873 0 46201 2556
p 2 32 888 0 44476 2412
p 2 37 883 0 45674 2528
p 2 59 861 0 46827 2647
p 2 59 861 0 46199 2653
p 2 51 869 0 44564 2616
p 2 56 864 0 43791 2605
p 2 59 861 0 44974 2701
p 2 74 846 0 45157 2786
p 2 75 845 0 46266 2873
p 2 96 824 0 45835 2877
i 2 920 0 0 54266 4726
p 2 1 914 5 18395 1770
p 2 0 917 3 22652 1809
p 2 3 915 2 24356 1905
p 2 2 915 3 24501 1877
p 2 2 917 1 24874 1903
p 2 2 917 1 25962 1929
p 2 2 917 1 25807 1951
p 2 0 920 0 26273 1955
p 2 4 915 1 25637 1998
p 2 4 916 0 25907 1976
p 2 1 919 0 26094 2005
p 2 2 918 0 25999 2025
p 2 4 916 0 25821 2032
p 2 4 916 0 26869 2097
p 2 4 916 0 26846 2074
p 2 7 913 0 26865 2080
p 2 7 912 1 26916 2118
p 2 2 918 0 26958 2103
p 2 6 913 1 26598 2131
p 2 3 916 1 26463 2084
p 2 4 916 0 26293 2109
p 2 2 918 0 27533 2132
p 2 6 914 0 28154 2177
p 2 7 913 0 28811 2178
p 2 6 914 0 29346 2173
p 2 10 910 0 29840 2186
p 2 9 911 0 30450 2225
p 2 17 903 0 31343 2245
p 2 15 905 0 32750 2277
p 2 13 907 0 33547 2264
p 2 14 906 0 33800 2296
p 2 13 907 0 35535 2302
p 2 14 906 0 36970 2384
p 2 19 901 0 39064 2421
p 2 29 891 0 40249 2549
p 2 36 884 0 41636 2549
p 2 36 884 0 44938 2629
p 2 74 846 0 47485 2858
p 2 40 880 0 47113 2666
p 2 47 873 0 46967 2706
p 2 49 871 0 47495 2691
p 2 69 851 0 46954 2772
p 2 60 860 0 50107 2867
p 2 97 823 0 51870 3041
p 2 107 813 0 53476 3147
i 2 920 0 0 58300 4812
p 2 132 785 3 48027 2994
p 2 101 814 5 43449 2832
p 2 90 825 5 44584 2808
p 2 103 814 3 46289 2915
p 2 115 800 5 46196 2981
p 2 91 828 1 46139 2877
p 2 106 811 3 43584 2885
p 2 70 850 0 41178 2699
p 2 81 837 2 41081 2810
p 2 75 844 1 40093 2740
p 2 71 848 1 40651 2726
p 2 62 853 5 39755 2725
p 2 47 868 5 42561 2640
p 2 72 847 1 43571 2770
p 2 59 859 2 44078 2736
p 2 55 865 0 44459 2681
p 2 48 872 0 43910 2677
p 2 30 890 0 44702 2591
p 2 42 876 2 44109 2617
p 2 35 885 0 44282 2537
p 2 47 872 1 45293 2622
p 2 33 887 0 46132 2583
p 2 52 868 0 48003 2660
p 2 67 853 0 47749 2654
p 2 57 863 0 48263 2607
p 2 55 865 0 46532 2601
p 2 40 880 0 46518 2558
p 2 20 900 0 44688 2428
p 2 28 892 0 46989 2453
p 2 42 878 0 52126 2589
p 2 51 869 0 53463 2650
p 2 78 842 0 54499 2768
p 2 63 857 0 54696 2710
p 2 37 883 0 52901 2555
p 2 37 883 0 52222 2537
p 2 50 870 0 53672 2578
p 2 35 885 0 51795 2478
p 2 59 861 0 52328 2565
p 2 26 894 0 51556 2427
p 2 31 889 0 50893 2390
p 2 9 911 0 48671 2270
p 2 26 894 0 49625 2350
p 2 32 888 0 49388 2375
p 2 8 912 0 48976 2277
p 2 16 904 0 49203 2297
p 2 18 902 0 48434 2314
p 2 11 909 0 48226 2323
p 2 17 903 0 47748 2342
p 2 9 911 0 46489 2264
p 2 10 910 0 45752 2262
p 2 10 910 0 46256 2256
p 2 38 882 0 46198 2432
p 2 18 902 0 44527 2306
p 2 17 903 0 45576 2306
p 2 24 896 0 46110 2353
p 2 21 899 0 44667 2315
p 2 4 916 0 43619 2200
p 2 18 902 0 45663 2322
p 2 9 911 0 43281 2226
p 2 15 905 0 42828 2229
p 2 8 912 0 42849 2187
p 2 14 906 0 43747 2218
p 2 34 886 0 45772 2352
p 2 15 905 0 42169 2194
p 2 17 903 0 42622 2221
p 2 17 903 0 44079 2239
p 2 29 891 0 45563 2292
p 2 29 891 0 48148 2328
p 2 15 905 0 48477 2257
p 2 21 899 0 47235 2234
p 2 14 906 0 46909 2196
p 2 12 908 0 47600 2202
p 2 10 910 0 47352 2153
p 2 14 906 0 48597 2219
p 2 18 902 0 47669 2184
p 2 13 907 0 48195 2171
p 2 11 908 1 48252 2151
p 2 19 901 0 48025 2171
p 2 10 910 0 47327 2125
i 2 920 0 0 63195 5021
p 2 165 755 0 63829 3341
p 2 118 802 0 59808 3079
p 2 76 844 0 51264 2783
p 2 98 822 0 52884 2893
p 2 54 866 0 47243 2648
p 2 39 879 2 45564 2484
p 2 17 901 2 42808 2408
p 2 22 896 2 42057 2398
p 2 14 903 3 39150 2302
p 2 8 911 1 37229 2258
p 2 8 912 0 36501 2224
p 2 15 905 0 36354 2219
p 2 20 899 1 35535 2214
p 2 11 909 0 33936 2157
p 2 20 900 0 32184 2177
p 2 20 900 0 31052 2139
p 2 4 916 0 28617 1992
p 2 5 915 0 28778 1936
p 2 11 906 3 29070 2001
p 2 12 907 1 29549 2065
p 2 8 911 1 29828 2026
p 2 10 909 1 30891 2067
p 2 17 902 1 31802 2076
p 2 11 909 0 32580 2102
p 2 31 887 2 34730 2207
p 2 9 909 2 31893 2083
p 2 6 914 0 32163 2046
p 2 8 909 3 34730 2113
p 2 8 912 0 38445 2208
p 2 30 889 1 42904 2440
p 2 24 896 0 45058 2437
p 2 20 899 1 43190 2413
p 2 18 902 0 40272 2257
p 2 26 893 1 43643 2427
p 2 41 879 0 47894 2642
p 2 78 842 0 54476 2995
p 2 97 823 0 60393 3124
p 2 95 825 0 63497 3081
p 2 127 793 0 64679 3167
p 2 192 728 0 67340 3411
p 2 126 794 0 64851 3226
p 2 111 809 0 63433 3098
p 2 69 851 0 62852 2936
p 2 48 872 0 60373 2765
p 2 43 877 0 56555 2698
p 2 30 890 0 50302 2509
p 2 20 899 1 43857 2297
p 2 14 906 0 40489 2255
p 2 15 905 0 40093 2214
p 2 11 909 0 38212 2150
p 2 10 910 0 38244 2184
p 2 19 901 0 36460 2139
p 2 1 919 0 35292 2018
p 2 3 917 0 33810 1999
p 2 5 914 1 34078 2027
p 2 20 900 0 34323 2105
p 2 5 915 0 33671 2034
p 2 9 911 0 33540 2055
p 2 13 906 1 33320 2028
p 2 1 918 1 31327 1918
p 2 3 917 0 33023 1970
p 2 6 914 0 31432 1958
p 2 3 916 1 32045 1966
p 2 2 917 1 30992 1903
p 2 12 907 1 31908 1955
p 2 17 903 0 33699 2041
p 2 10 910 0 33423 2029
p 2 2 918 0 33334 1978
p 2 8 912 0 33848 1993
p 2 12 908 0 33649 2036
p 2 14 906 0 33371 2030
p 2 19 901 0 33918 2068
p 2 6 914 0 34505 2000
p 2 16 903 1 35953 2094
p 2 10 909 1 35459 2048
p 2 19 901 0 34137 2066
p 2 13 906 1 34198 2091
i 2 920 0 0 66899 4782
p 2 47 871 2 39888 2424
p 2 28 892 0 38027 2306
p 2 25 895 0 37597 2257
p 2 24 896 0 38291 2304
p 2 38 882 0 37188 2344
p 2 30 890 0 36189 2323
p 2 31 889 0 38306 2385
p 2 66 854 0 39978 2639
p 2 76 843 1 41505 2665
p 2 46 874 0 37285 2452
p 2 44 875 1 38201 2509
p 2 36 883 1 37927 2462
p 2 53 866 1 37355 2544
p 2 43 877 0 37097 2508
p 2 69 851 0 38732 2596
p 2 60 860 0 39262 2604
p 2 39 880 1 37456 2454
p 2 43 877 0 37164 2463
p 2 51 869 0 37916 2460
p 2 33 887 0 39436 2403
p 2 35 884 1 39281 2427
p 2 38 881 1 40088 2410
p 2 33 886 1 41503 2459
p 2 40 879 1 41868 2483
p 2 35 885 0 43304 2478
p 2 43 876 1 43381 2523
p 2 41 878 1 42470 2470
p 2 27 893 0 44382 2455
p 2 28 889 3 44459 2420
p 2 25 893 2 45047 2434
p 2 30 890 0 44161 2439
p 2 19 900 1 45065 2308
p 2 19 901 0 43685 2281
p 2 11 908 1 43876 2182
p 2 10 908 2 40840 2085
i 2 920 0 0 76655 5142
p 2 0 917 3 34903 1826
p 2 2 918 0 36217 1920
p 2 3 917 0 41130 1957
p 2 30 890 0 41710 2138
p 2 20 900 0 48685 2234
p 2 22 898 0 48836 2276
p 2 21 899 0 47679 2284
p 2 29 891 0 48033 2316
p 2 26 894 0 47617 2328
p 2 29 891 0 50639 2365
p 2 31 889 0 47862 2301
p 2 26 894 0 47974 2303
p 2 3 917 0 43911 2133
p 2 6 914 0 46363 2133
p 2 8 912 0 43532 2120
p 2 12 908 0 45460 2154
i 2 920 0 0 75395 5221
p 2 31 888 1 52936 2342
p 2 20 900 0 51749 2315
p 2 37 881 2 50032 2388
p 2 33 886 1 45509 2319
p 2 25 893 2 47303 2314
p 2 16 903 1 43983 2258
p 2 10 908 2 42067 2167
p 2 18 902 0 46705 2275
p 2 12 907 1 46290 2255
p 2 10 909 1 45004 2246
p 2 12 908 0 44670 2288
p 2 16 904 0 46306 2286
i 2 920 0 0 54866 4780
p 2 72 843 5 40698 2757
p 2 67 848 5 38946 2664
p 2 46 866 8 37768 2605
p 2 40 878 2 36375 2521
p 2 34 885 1 35314 2447
p 2 38 878 4 33382 2378
p 2 24 893 3 34160 2347
p 2 24 894 2 33294 2290
p 2 33 883 4 32056 2243
p 2 18 901 1 30798 2128
p 2 18 897 5 28923 2083
p 2 9 907 4 27020 1982
p 2 3 906 11 27699 1968
p 2 11 903 6 26939 1996
p 2 6 908 6 27687 2044
p 2 5 913 2 26930 2014
p 2 15 894 11 32595 2139
i 2 920 0 0 81449 5276
p 2 131 789 0 55298 2754
p 2 28 891 1 48906 2250
p 2 16 904 0 47642 2188
p 2 31 888 1 48450 2247
p 2 39 881 0 47567 2251
p 2 38 882 0 47373 2256
p 2 38 882 0 48093 2276
p 2 23 897 0 46834 2184
p 2 49 871 0 49634 2372
p 2 32 888 0 49348 2288
p 2 27 893 0 48715 2248
p 2 38 882 0 48967 2286
p 2 13 907 0 47642 2162
p 2 19 901 0 47258 2179
p 2 8 912 0 45978 2065
p 2 9 911 0 46618 2114
p 2 31 889 0 48494 2246
p 2 21 899 0 48013 2234
p 2 26 893 1 48350 2260
p 2 31 889 0 47166 2252
p 2 20 900 0 46070 2190
p 2 30 890 0 46088 2205
p 2 41 879 0 47726 2256
p 2 23 896 1 46507 2189
p 2 29 891 0 47840 2223
p 2 36 883 1 50067 2291
p 2 63 857 0 50497 2415
p 2 41 879 0 50587 2358
p 2 21 899 0 47552 2227
p 2 39 879 2 50119 2333
p 2 24 896 0 48418 2238
p 2 12 907 1 46768 2161
p 2 7 913 0 45421 2067
p 2 12 908 0 46587 2142
p 2 29 891 0 49189 2273
p 2 35 885 0 48735 2295
p 2 29 891 0 48837 2262
p 2 36 882 2 47860 2292
p 2 19 900 1 47178 2204
p 2 29 890 1 47050 2280
p 2 21 898 1 46758 2212
p 2 25 894 1 46987 2190
p 2 36 884 0 48016 2252
i 2 920 0 0 77379 5267
p 2 68 852 0 56866 2752
p 2 69 850 1 57890 2810
p 2 87 833 0 56597 2859
p 2 65 855 0 57206 2809
p 2 82 838 0 55138 2785
p 2 67 853 0 54920 2755
p 2 50 870 0 52460 2621
p 2 27 893 0 50347 2445
p 2 18 901 1 49988 2377
p 2 21 898 1 48953 2388
p 2 21 899 0 47627 2385
p 2 24 896 0 46479 2385
p 2 35 885 0 46841 2486
p 2 24 896 0 44287 2383
p 2 20 899 1 42986 2381
p 2 18 902 0 42606 2366
p 2 13 905 2 42628 2353
p 2 18 902 0 42414 2365
p 2 26 894 0 43182 2393
p 2 30 889 1 43506 2453
p 2 34 886 0 44467 2513
p 2 38 881 1 45273 2543
p 2 41 879 0 47107 2592
p 2 46 874 0 48214 2625
p 2 47 873 0 48858 2585
p 2 75 845 0 51201 2801
p 2 52 868 0 48677 2633
p 2 44 876 0 48616 2598
p 2 66 854 0 52313 2764
p 2 51 869 0 52083 2692
p 2 118 802 0 57189 3070
p 2 59 860 1 54344 2747
p 2 51 869 0 54094 2734
p 2 61 859 0 53643 2712
p 2 54 864 2 52245 2659
i 2 920 0 0 80688 5160
p 2 10 910 0 42903 2131
p 2 9 911 0 47227 2206
p 2 12 908 0 47683 2214
p 2 17 903 0 47123 2260
p 2 24 896 0 46378 2264
p 2 19 901 0 46847 2269
p 2 27 893 0 48044 2360
p 2 31 889 0 47621 2408
p 2 14 906 0 45686 2320
p 2 76 844 0 49303 2539
p 2 34 886 0 48221 2410
p 2 33 887 0 46914 2447
p 2 18 902 0 44829 2306
p 2 16 904 0 43656 2267
p 2 10 910 0 43905 2244
p 2 8 912 0 42051 2194
p 2 10 910 0 41447 2189
p 2 10 910 0 41344 2175
p 2 8 912 0 43263 2196
p 2 15 905 0 44250 2277
p 2 15 905 0 46162 2328
p 2 19 901 0 45260 2368
p 2 24 896 0 45622 2371
p 2 28 892 0 45014 2419
p 2 31 889 0 47068 2444
p 2 22 898 0 46122 2420
p 2 25 895 0 46350 2420
p 2 43 877 0 46520 2505
p 2 38 882 0 46352 2478
p 2 63 857 0 48990 2680
p 2 37 883 0 49923 2599
p 2 23 897 0 46773 2448
p 2 35 885 0 45218 2441
p 2 36 884 0 44716 2514
p 2 47 872 1 45770 2553
p 2 41 879 0 46495 2541
p 2 28 892 0 46927 2494
p 2 24 896 0 47615 2491
p 2 51 869 0 48796 2638
p 2 58 862 0 49537 2644
p 2 69 851 0 52655 2756
p 2 41 878 1 51128 2638
p 2 69 851 0 51766 2734
p 2 69 851 0 54722 2858
p 2 80 840 0 54546 2918
p 2 74 846 0 53618 2864
p 2 82 837 1 51787 2891
p 2 78 842 0 51977 2876
p 2 50 868 2 51151 2685
p 2 51 869 0 49473 2680
p 2 85 835 0 51365 2866
p 2 71 848 1 50329 2793
p 2 28 892 0 48912 2570
p 2 62 855 3 49316 2755
p 2 34 885 1 46174 2621
p 2 84 836 0 47437 2868
p 2 33 887 0 45400 2626
p 2 45 875 0 43144 2600
p 2 39 880 1 42000 2584
p 2 35 884 1 40136 2574
p 2 29 891 0 39672 2553
p 2 52 868 0 40284 2645
p 2 91 829 0 40729 2814
p 2 34 886 0 38667 2613
p 2 39 881 0 39057 2637
p 2 42 878 0 38125 2575
p 2 85 835 0 40104 2834
p 2 51 869 0 38640 2658
p 2 39 881 0 36452 2641
p 2 31 889 0 36183 2587
p 2 52 868 0 36323 2707
p 2 38 882 0 36982 2688
p 2 67 853 0 38584 2844
p 2 100 820 0 40821 2928
p 2 83 837 0 42866 2974
p 2 281 639 0 44016 3421
p 2 423 497 0 46495 3654
p 2 93 827 0 36328 2776
p 2 88 832 0 34123 2711
p 2 82 838 0 31597 2593
p 2 50 870 0 30677 2555
p 2 17 903 0 28824 2374
p 2 32 888 0 29570 2423
p 2 31 889 0 29333 2399
i 2 920 0 0 58397 4867
p 2 10 907 3 20266 1823
p 2 9 910 1 21569 1839
p 2 8 912 0 19629 1755
p 2 3 914 3 20987 1756
p 2 10 910 0 19975 1785
p 2 8 911 1 21148 1790
p 2 6 914 0 20490 1788
p 2 11 909 0 20832 1801
p 2 13 906 1 19625 1763
p 2 4 916 0 20308 1779
p 2 3 917 0 18808 1663
p 2 7 912 1 19830 1767
p 2 5 914 1 18797 1677
p 2 1 919 0 19532 1753
p 2 3 915 2 19589 1755
p 2 5 914 1 19706 1710
p 2 3 916 1 19308 1773
p 2 4 915 1 19217 1786
p 2 2 917 1 20147 1728
p 2 6 913 1 20498 1763
p 2 6 914 0 20532 1808
p 2 4 916 0 20668 1833
p 2 4 915 1 20386 1801
p 2 7 913 0 20805 1854
p 2 3 917 0 20768 1831
p 2 6 913 1 21296 1845
p 2 4 915 1 21251 1811
p 2 8 911 1 21472 1833
p 2 5 914 1 22256 1814
p 2 14 906 0 22809 1853
p 2 12 908 0 23499 1910
p 2 9 910 1 22721 1890
p 2 6 914 0 23959 1931
p 2 11 907 2 23392 1943
p 2 7 912 1 24427 1949
p 2 7 912 1 24081 1944
p 2 7 913 0 24777 1962
p 2 5 914 1 23125 1888
p 2 11 909 0 24641 1941
p 2 17 902 1 24420 1958
p 2 15 903 2 24646 1975
p 2 11 907 2 24428 1970
p 2 8 909 3 24748 1926
p 2 13 906 1 24604 1978
p 2 11 906 3 25195 1990
p 2 12 908 0 24839 1970
p 2 10 907 3 24859 1897
p 2 9 910 1 25026 1960
p 2 12 906 2 24008 1959
p 2 11 908 1 22826 1947
p 2 4 914 2 23184 1881
p 2 7 913 0 23565 1894
p 2 7 910 3 23278 1956
p 2 6 914 0 23310 1948
p 2 6 913 1 22918 1915
p 2 5 915 0 23175 1961
p 2 11 908 1 23770 1986
p 2 10 910 0 23327 1973
p 2 11 905 4 23072 1934
i 2 920 0 0 42083 4204
p 2 0 881 39 13537 1350
p 2 13 887 20 30083 1845
p 2 0 884 36 15208 1408
p 2 8 898 14 25235 1659
p 2 0 884 36 15751 1381
p 2 6 878 36 26074 1668
p 2 0 874 46 15542 1363
p 2 0 896 24 16084 1379
p 2 5 882 33 32355 1804
p 2 0 891 29 16264 1401
p 2 0 885 35 16950 1375
p 2 13 883 24 34242 1862
p 2 0 903 17 17033 1442
p 2 0 881 39 17805 1413
p 2 4 897 19 34945 1878
p 2 0 892 28 17258 1464
p 2 0 882 38 18327 1436
p 2 1 882 37 29762 1716
p 2 0 885 35 17876 1444
p 2 0 883 37 18480 1447
p 2 1 875 44 27195 1590
p 2 0 887 33 17888 1443
p 2 0 874 46 19021 1432
p 2 18 867 35 27845 1663
p 2 0 873 47 18454 1428
p 2 0 864 56 25881 1529
p 2 1 857 62 19525 1431
p 2 0 881 39 25617 1511
p 2 0 862 58 18506 1425
p 2 17 860 43 26387 1588
p 2 0 860 60 18770 1400
p 2 0 875 45 25713 1512
p 2 17 848 55 20524 1479
p 2 0 854 66 25464 1500
p 2 0 852 68 18798 1387
p 2 16 847 57 26393 1566
p 2 0 855 65 18763 1387
p 2 0 870 50 25603 1499
p 2 17 850 53 20630 1458
p 2 0 862 58 25457 1485
p 2 0 852 68 19254 1385
p 2 0 845 75 26557 1471
p 2 0 864 56 19119 1382
p 2 0 865 55 25570 1466
p 2 1 859 60 20665 1429
p 2 0 872 48 25869 1467
p 2 0 862 58 19496 1392
p 2 0 869 51 25783 1484
p 2 0 861 59 19571 1398
p 2 0 869 51 25970 1462
p 2 0 849 71 19500 1381
p 2 0 879 41 25554 1480
p 2 0 851 69 19377 1361
p 2 0 867 53 25485 1473
p 2 0 856 64 19434 1372
p 2 0 868 52 25834 1468
p 2 0 853 67 19531 1368
p 2 0 854 66 26042 1466
p 2 0 851 69 19790 1365
p 2 0 847 73 27668 1496
p 2 0 841 79 19301 1367
p 2 13 840 67 26478 1513
p 2 0 844 76 19309 1370
p 2 0 858 62 25324 1451
p 2 0 836 84 19499 1331
p 2 0 828 92 25496 1410
p 2 0 823 97 19627 1315
p 2 0 841 79 25841 1427
p 2 0 826 94 19689 1319
p 2 0 843 77 25867 1424
i 2 920 0 0 42560 4028
p 2 0 857 63 17775 1318
p 2 0 895 25 18948 1348
p 2 0 854 66 19938 1304
p 2 0 888 32 19767 1354
p 2 0 890 30 20384 1354
p 2 0 894 26 20305 1351
p 2 0 884 36 20362 1361
p 2 0 887 33 20470 1356
p 2 0 873 47 20689 1350
p 2 0 889 31 20900 1384
p 2 1 866 53 21370 1369
p 2 0 880 40 21530 1385
p 2 0 881 39 21480 1356
p 2 0 908 12 21498 1386
p 2 0 892 28 21576 1346
p 2 0 886 34 21608 1362
p 2 0 898 22 21959 1372
p 2 2 890 28 22035 1381
p 2 0 893 27 22116 1364
p 2 0 893 27 22023 1363
p 2 0 892 28 22053 1334
p 2 1 895 24 22397 1358
p 2 0 881 39 21742 1333
p 2 0 896 24 22384 1365
p 2 0 869 51 22100 1356
p 2 0 886 34 21671 1339
p 2 0 881 39 22325 1348
p 2 5 882 33 21339 1362
p 2 0 892 28 22057 1350
p 2 7 877 36 21557 1361
p 2 0 875 45 21500 1331
p 2 0 868 52 20783 1326
p 2 0 898 22 20815 1323
p 2 0 872 48 20653 1322
p 2 0 877 43 20371 1326
p 2 0 876 44 20727 1322
p 2 0 884 36 19958 1315
p 2 0 889 31 19780 1320
p 2 0 879 41 20100 1304
p 2 0 866 54 19672 1297
p 2 0 864 56 20116 1290
p 2 0 885 35 20153 1317
p 2 0 868 52 20383 1307
p 2 0 877 43 21507 1321
p 2 1 875 44 21360 1302
p 2 0 870 50 21405 1311
p 2 0 883 37 22010 1309
p 2 0 877 43 22850 1324
p 2 0 890 30 22354 1330
p 2 0 874 46 22432 1314
p 2 2 884 34 22605 1339
p 2 0 879 41 22201 1326
p 2 0 897 23 22321 1337
p 2 0 871 49 22490 1321
p 2 0 888 32 22403 1345
p 2 0 879 41 22388 1336
p 2 0 883 37 22147 1347
p 2 0 860 60 21525 1304
p 2 0 872 48 21438 1299
p 2 0 857 63 21298 1302
p 2 0 857 63 21623 1296
p 2 0 849 71 21977 1297
p 2 0 824 96 22082 1274
p 2 0 855 65 22353 1298
p 2 0 837 83 21288 1243
p 2 0 814 106 21016 1247
p 2 0 800 120 19655 1193
p 2 0 789 131 17655 1154
p 2 0 765 155 14868 1094
p 2 1 733 186 11039 1014
p 2 0 664 256 5030 863
p 2 0 562 358 1981 735
p 2 0 328 592 854 479
p 2 0 201 719 506 364
p 2 0 228 692 589 383
p 2 0 190 730 536 352
p 2 0 177 743 604 357
p 2 0 153 767 651 319
p 2 0 52 868 288 240
p 2 0 52 868 276 236
p 2 0 45 875 491 232
p 2 0 62 858 303 245
p 2 0 35 885 294 230
p 2 0 38 882 473 231
p 2 0 31 889 256 222
p 2 0 41 879 242 225
p 2 0 22 898 438 214
p 2 0 8 912 221 204
p 2 0 10 910 214 205
p 2 1 22 897 356 218
p 2 0 6 914 210 201
p 2 0 14 906 232 208
p 2 0 13 907 454 207
p 2 0 27 893 229 214
p 2 0 8 912 210 203
p 2 0 5 915 392 202
p 2 0 14 906 234 208
p 2 0 6 914 209 202
p 2 0 5 915 416 202
p 2 0 9 911 211 204
p 2 0 6 914 214 203
p 2 1 13 906 360 214
p 2 0 7 913 214 204
p 2 0 16 904 235 210
p 2 0 16 904 457 210
p 2 0 9 911 221 204
p 2 0 8 912 213 204
p 2 0 19 901 415 213
p 2 0 5 915 214 200
p 2 0 3 917 202 200
p 2 0 7 913 422 203
p 2 0 12 908 227 207
p 2 0 33 887 234 217
p 2 0 19 901 422 213
p 2 0 6 914 212 202
p 2 0 6 914 205 202
p 2 1 2 917 333 204
p 2 0 5 915 202 201
p 2 0 1 919 199 198
p 2 0 21 899 413 210
p 2 0 5 915 208 201
p 2 0 16 904 210 208
p 2 0 6 914 432 203
p 2 0 7 913 211 204
p 2 0 2 918 203 199
p 2 0 2 918 385 201
p 2 0 2 918 206 199
p 2 0 3 917 202 198
p 2 0 3 917 414 200
p 2 0 1 919 205 198
p 2 0 0 920 197 197
p 2 1 3 916 335 206
p 2 0 0 920 197 197
p 2 0 2 918 201 198
p 2 0 2 918 445 199
p 2 0 0 920 197 197
p 2 0 1 919 199 198
p 2 0 3 917 387 200
p 2 0 0 920 197 197
p 2 0 0 920 197 197
p 2 0 1 919 416 200
p 2 0 1 919 198 198
p 2 0 0 920 197 197
p 2 1 1 918 332 205
p 2 0 0 920 197 197
p 2 0 0 920 197 197
p 2 0 1 919 441 199
p 2 0 1 919 201 198
p 2 0 0 920 197 197
p 2 0 1 919 384 199
p 2 0 1 919 208 199
p 2 0 2 918 205 199
p 2 0 1 919 414 198
p 2 0 1 919 198 198
p 2 0 0 920 197 197
p 2 0 0 920 197 197
p 2 0 0 920 197 197
p 2 0 0 920 197 197
p 2 0 0 920 197 197
p 2 0 1 919 381 199
p 2 0 1 919 202 199
p 2 1 0 919 330 203
p 2 0 0 920 197 197
p 2 0 0 920 197 197
p 2 0 0 920 197 197
p 2 0 0 920 197 197
i 2 920 0 0 80085 5165
p 2 101 819 0 59992 2762
p 2 61 859 0 57046 2607
p 2 48 868 4 55420 2611
p 2 48 871 1 55291 2575
p 2 47 873 0 53967 2607
p 2 47 873 0 55745 2631
p 2 44 876 0 54204 2614
p 2 51 869 0 53640 2640
p 2 52 868 0 52048 2658
p 2 48 872 0 50065 2604
p 2 43 877 0 51948 2655
p 2 46 874 0 51933 2654
p 2 82 838 0 56489 2954
p 2 54 866 0 54148 2775
p 2 54 866 0 52665 2757
p 2 38 882 0 52594 2590
p 2 46 874 0 53585 2696
p 2 53 867 0 54538 2716
p 2 35 885 0 53540 2655
p 2 36 884 0 52800 2590
p 2 35 885 0 52820 2660
p 2 39 881 0 52716 2630
p 2 40 880 0 55425 2690
p 2 49 871 0 53568 2701
p 2 57 863 0 56248 2784
p 2 61 859 0 56099 2803
p 2 71 849 0 59146 2924
p 2 68 852 0 59463 2904
p 2 73 847 0 59504 2998
p 2 158 762 0 63568 3407
p 2 167 753 0 62060 3405
p 2 139 781 0 58016 3372
i 2 920 0 0 49620 4642
p 2 101 819 0 39627 2996
p 2 106 814 0 38150 3000
p 2 90 830 0 39251 2991
p 2 79 840 1 42001 2991
p 2 137 783 0 45991 3247
p 2 183 737 0 51321 3571
p 2 235 685 0 55772 3690
p 2 206 714 0 56764 3634
p 2 91 829 0 55280 3166
p 2 106 814 0 53559 3137
p 2 103 817 0 55084 3130
p 2 135 785 0 55644 3246
p 2 106 814 0 54425 3148
p 2 90 830 0 54788 3012
p 2 107 813 0 59384 3151
p 2 129 791 0 61142 3202
p 2 188 732 0 65795 3537
p 2 202 718 0 63817 3595
p 2 163 757 0 60357 3400
p 2 125 795 0 57081 3282
p 2 155 765 0 59893 3406
i 2 920 0 0 64474 4962
p 2 66 839 15 48802 2468
p 2 65 851 4 45943 2486
p 2 37 873 10 42655 2300
p 2 60 858 2 42567 2404
p 2 53 827 40 43047 2384
p 2 59 858 3 43341 2433
p 2 81 816 23 44398 2504
p 2 81 839 0 47064 2609
p 2 91 814 15 48447 2712
p 2 85 834 1 49100 2719
p 2 96 816 8 50490 2686
p 2 91 829 0 51612 2698
p 2 71 848 1 51361 2595
p 2 48 872 0 48479 2491
p 2 24 894 2 44348 2314
p 2 22 897 1 43080 2282
p 2 18 902 0 42182 2275
p 2 29 891 0 42954 2320
p 2 20 900 0 42492 2244
p 2 17 903 0 43696 2258
p 2 23 897 0 43001 2264
p 2 23 897 0 43801 2319
p 2 22 898 0 43526 2343
p 2 28 892 0 46478 2365
p 2 38 882 0 45502 2392
p 2 39 881 0 47726 2436
p 2 51 869 0 48311 2525
p 2 46 874 0 49145 2540
p 2 52 868 0 48499 2536
i 2 920 0 0 72372 4997
p 2 25 894 1 48937 2255
p 2 23 895 2 47534 2195
p 2 11 908 1 45717 2178
p 2 12 908 0 45860 2138
p 2 10 908 2 45569 2128
p 2 7 913 0 46735 2125
p 2 19 898 3 46322 2154
p 2 9 911 0 46616 2134
p 2 13 905 2 46892 2164
p 2 11 908 1 45459 2130
p 2 12 900 8 44987 2101
p 2 14 905 1 43603 2101
p 2 10 904 6 43262 2041
p 2 12 906 2 43755 2061
p 2 13 903 4 44898 2076
p 2 12 906 2 44305 2106
p 2 16 901 3 45206 2122
p 2 16 901 3 44235 2138
p 2 6 910 4 45042 2106
p 2 16 903 1 44892 2163
p 2 13 900 7 45534 2165
p 2 16 904 0 44645 2164
p 2 11 905 4 43553 2150
p 2 17 903 0 43675 2171
p 2 24 889 7 45304 2235
p 2 24 893 3 46209 2258
p 2 27 890 3 47139 2261
i 2 920 0 0 73482 5080
p 2 39 881 0 55292 2422
p 2 11 909 0 52858 2270
p 2 17 903 0 52098 2278
p 2 16 904 0 51700 2261
p 2 15 905 0 50876 2271
p 2 12 908 0 51093 2287
p 2 18 902 0 50411 2280
p 2 12 907 1 48534 2220
p 2 12 908 0 47435 2180
p 2 5 915 0 45605 2134
p 2 10 908 2 43602 2079
p 2 3 917 0 41520 2004
p 2 4 912 4 41896 1995
p 2 3 916 1 42787 2017
p 2 9 910 1 43859 2047
p 2 2 916 2 43532 2009
p 2 3 915 2 43501 2048
p 2 7 912 1 42871 2064
p 2 5 915 0 43333 2061
p 2 4 916 0 42674 2076
p 2 9 908 3 42598 2085
p 2 6 914 0 43504 2079
p 2 11 908 1 44875 2117
p 2 12 907 1 44724 2092
p 2 13 904 3 44639 2087
p 2 9 910 1 44252 2094
p 2 5 909 6 45415 2052
i 2 920 0 0 59162 4896
p 2 38 882 0 50099 2610
p 2 33 887 0 48383 2529
p 2 16 904 0 47308 2446
p 2 21 899 0 45835 2420
p 2 21 899 0 45475 2419
p 2 29 891 0 44242 2391
p 2 13 907 0 44588 2347
p 2 26 894 0 43777 2353
p 2 15 905 0 44040 2287
p 2 40 880 0 45520 2436
p 2 95 825 0 46187 2676
p 2 86 834 0 45269 2691
p 2 63 857 0 44584 2631
p 2 43 877 0 44928 2557
p 2 60 860 0 45829 2619
p 2 89 831 0 47464 2737
p 2 62 858 0 48697 2637
p 2 29 891 0 44408 2436
p 2 12 908 0 44320 2373
p 2 19 901 0 43219 2383
p 2 14 906 0 41179 2298
p 2 9 910 1 39787 2242
p 2 8 912 0 38739 2234
p 2 10 910 0 37320 2229
p 2 7 913 0 36694 2204
p 2 6 914 0 35901 2144
p 2 3 917 0 36249 2162
i 2 920 0 0 74533 5205
p 2 112 808 0 61149 2903
p 2 83 837 0 60939 2796
p 2 69 851 0 60699 2718
p 2 65 855 0 61739 2705
p 2 66 854 0 63282 2749
p 2 68 852 0 62997 2725
p 2 94 826 0 63408 2892
p 2 107 813 0 62834 2932
p 2 102 818 0 59938 2917
p 2 69 851 0 56080 2739
p 2 49 871 0 49601 2557
p 2 28 892 0 45791 2438
p 2 25 895 0 40555 2313
p 2 22 898 0 39052 2334
p 2 43 877 0 38579 2393
p 2 11 909 0 30612 2012
p 2 7 913 0 26817 1900
p 2 5 915 0 26715 1884
p 2 15 905 0 25946 1926
p 2 2 918 0 24978 1883
p 2 11 909 0 24048 1913
p 2 6 914 0 23074 1870
p 2 2 918 0 22169 1831
p 2 10 910 0 22367 1856
p 2 8 912 0 21161 1812
p 2 2 918 0 21139 1802
p 2 3 917 0 19739 1756
p 2 0 920 0 19703 1767
p 2 2 918 0 17862 1697
p 2 0 920 0 18205 1709
p 2 0 920 0 16367 1644
p 2 1 917 2 16705 1676
p 2 1 918 1 15876 1660
p 2 0 919 1 16260 1644
p 2 0 919 1 14328 1620
p 2 1 918 1 14812 1589
p 2 0 905 15 13419 1548
p 2 0 914 6 14336 1578
i 2 920 0 0 57202 4960
p 2 283 637 0 55323 3710
p 2 207 713 0 54990 3518
p 2 207 713 0 55130 3491
p 2 197 723 0 54246 3460
p 2 198 722 0 53212 3445
p 2 231 689 0 52878 3548
p 2 185 735 0 52430 3383
p 2 173 747 0 52058 3368
p 2 151 769 0 54722 3375
p 2 167 753 0 58693 3424
p 2 231 689 0 54140 3563
p 2 235 685 0 52977 3634
p 2 238 682 0 53088 3679
p 2 233 687 0 53345 3673
p 2 244 675 1 53166 3662
p 2 239 681 0 52930 3657
p 2 216 704 0 51739 3565
p 2 232 688 0 51406 3631
p 2 255 665 0 51229 3650
p 2 257 662 1 46862 3628
p 2 256 663 1 47649 3645
p 2 199 721 0 50886 3554
p 2 201 719 0 52239 3460
p 2 216 704 0 52035 3491
p 2 269 651 0 53174 3607
p 2 255 665 0 51494 3574
p 2 177 743 0 48365 3369
p 2 196 724 0 48246 3441
p 2 155 765 0 48518 3257
p 2 139 781 0 44296 3225
p 2 122 798 0 39933 3076
p 2 116 804 0 37476 3042
p 2 117 803 0 36851 3115
p 2 157 763 0 38247 3188
p 2 111 809 0 41002 3091
p 2 152 768 0 45402 3219
p 2 156 764 0 47747 3185
p 2 288 632 0 51859 3538
p 2 118 802 0 51491 3115
p 2 226 694 0 55558 3506
p 2 162 758 0 57561 3357
p 2 157 763 0 59730 3312
p 2 268 652 0 58723 3599
p 2 121 799 0 54132 3087
p 2 113 807 0 54626 3015
p 2 318 602 0 55006 3660
p 2 97 823 0 48245 2901
p 2 50 870 0 47345 2679
p 2 252 668 0 49429 3404
p 2 61 859 0 42408 2689
p 2 57 863 0 43276 2649
p 2 199 721 0 47694 3287
p 2 46 874 0 40143 2579
p 2 38 881 1 39692 2451
p 2 140 775 5 40338 2898
p 2 21 899 0 33956 2363
p 2 24 895 1 33084 2309
p 2 104 812 4 32654 2656
p 2 31 883 6 29389 2258
p 2 30 887 3 29817 2227
p 2 78 839 3 32856 2562
p 2 34 882 4 30851 2373
p 2 28 889 3 28406 2282
p 2 76 839 5 27230 2432
p 2 24 884 12 22521 2134
p 2 21 883 16 21859 2162
p 2 32 865 23 19847 2194
p 2 36 874 10 20795 2300
p 2 18 877 25 17307 2171
p 2 18 869 33 14203 2150
p 2 13 867 40 12149 2047
p 2 19 854 47 9918 1930
p 2 9 846 65 8092 1790
p 2 10 839 71 7099 1696
p 2 11 777 132 5718 1568
p 2 11 781 128 5008 1538
p 2 13 694 213 4032 1435
p 2 11 708 201 3524 1382
p 2 7 654 259 2666 1261
p 2 1 645 274 2224 1141
p 2 0 565 355 826 794
p 2 0 528 392 686 670
i 2 920 0 0 41496 4338
p 2 4 887 29 19687 1696
p 2 11 895 14 21222 1721
p 2 10 905 5 22002 1738
p 2 7 910 3 23342 1842
p 2 11 908 1 23954 1842
p 2 20 899 1 24746 1924
p 2 17 900 3 23892 1889
p 2 5 913 2 23440 1816
p 2 0 917 3 23235 1782
p 2 1 919 0 22762 1778
p 2 3 913 4 23302 1763
p 2 19 900 1 25235 1867
p 2 26 893 1 26808 1933
p 2 45 875 0 28741 2038
p 2 34 886 0 30497 2069
p 2 27 893 0 30813 2076
p 2 22 895 3 32429 2066
p 2 16 903 1 33373 2103
p 2 4 915 1 30597 2026
p 2 6 914 0 27827 1970
p 2 8 912 0 26230 1911
p 2 4 914 2 24537 1866
p 2 5 914 1 23108 1868
p 2 0 916 4 22130 1789
p 2 0 920 0 21411 1718
p 2 0 917 3 20384 1688
p 2 0 920 0 20168 1702
p 2 1 919 0 20674 1727
p 2 0 908 12 20297 1699
p 2 0 919 1 20053 1722
p 2 0 910 10 19090 1669
p 2 2 916 2 19378 1665
p 2 3 901 16 20576 1695
p 2 0 894 26 20474 1672
p 2 8 882 30 32361 1990
p 2 12 901 7 36019 2124
p 2 20 898 2 36605 2259
p 2 17 901 2 36200 2283
p 2 17 902 1 34065 2269
p 2 18 902 0 29786 2179
p 2 5 913 2 25092 1978
p 2 8 912 0 22012 1916
p 2 20 896 4 22580 1929
p 2 24 896 0 24526 2026
p 2 28 889 3 26700 2103
p 2 32 888 0 25513 2132
p 2 19 899 2 25483 2071
p 2 13 907 0 25746 1974
p 2 13 905 2 24716 1934
p 2 25 893 2 29164 2064
p 2 157 763 0 42954 2852
p 2 159 760 1 43734 2990
p 2 247 672 1 48815 3346
p 2 191 729 0 51641 3343
p 2 143 775 2 47854 3142
p 2 90 830 0 41885 2896
p 2 41 877 2 36382 2475
p 2 26 892 2 31751 2276
p 2 30 881 9 29271 2185
p 2 27 891 2 26736 2087
p 2 19 893 8 23001 1962
p 2 9 897 14 21924 1893
p 2 24 878 18 22636 1915
p 2 31 887 2 22806 1993
p 2 21 887 12 22771 1976
p 2 126 794 0 27825 2721
p 2 135 785 0 27474 2817
p 2 221 699 0 29528 3060
p 2 192 728 0 30205 3033
p 2 270 650 0 36393 3404
p 2 259 661 0 43865 3530
p 2 264 656 0 51701 3575
p 2 235 685 0 55638 3558
p 2 125 795 0 56728 3107
p 2 135 785 0 55560 3095
p 2 99 821 0 55468 2887
p 2 167 753 0 58820 3034
p 2 103 817 0 58003 2867
p 2 54 866 0 61170 2790
p 2 35 885 0 63597 2593
p 2 36 884 0 63557 2484
p 2 68 852 0 67310 2719
p 2 73 847 0 68962 2711
p 2 61 859 0 72360 2697
p 2 48 872 0 72264 2542
p 2 36 884 0 73064 2454
p 2 15 905 0 60291 2070
p 2 18 901 1 56608 2026
p 2 16 900 4 51994 1971
i 2 920 0 0 28780 4136
p 2 76 844 0 24114 2550
p 2 40 880 0 21108 2119
p 2 37 883 0 20657 2095
p 2 28 892 0 20844 1933
p 2 29 891 0 21629 1970
p 2 18 902 0 22411 1936
p 2 25 895 0 23315 1940
p 2 26 894 0 24612 1906
p 2 30 890 0 25212 1983
p 2 23 897 0 28220 1956
p 2 34 886 0 29969 2050
p 2 28 892 0 31205 2027
p 2 24 896 0 33253 2066
p 2 28 892 0 32807 1954
p 2 40 880 0 35872 2015
p 2 38 882 0 37318 2022
p 2 42 878 0 38140 1965
p 2 37 883 0 39717 1959
p 2 25 895 0 41854 1921
p 2 32 888 0 38966 1940
p 2 39 881 0 40478 1999
p 2 38 882 0 39294 1960
p 2 32 888 0 44231 1994
p 2 34 886 0 47044 2052
p 2 33 887 0 43369 1952
p 2 32 888 0 49110 1966
p 2 30 890 0 45668 1940
p 2 26 894 0 51765 1991
p 2 28 892 0 54458 2036
p 2 22 898 0 50936 1916
p 2 14 906 0 55243 1893
p 2 15 905 0 54894 1862
p 2 21 899 0 58520 1959
p 2 8 912 0 57806 1923
p 2 25 895 0 59197 1948
p 2 16 904 0 60170 1974
p 2 14 906 0 60472 1926
p 2 11 909 0 58508 1872
p 2 10 910 0 57973 1876
p 2 15 905 0 57782 1868
p 2 12 908 0 60698 1885
p 2 12 908 0 53351 1817
p 2 24 896 0 57945 1905
p 2 15 905 0 51685 1818
p 2 21 899 0 58988 1916
p 2 24 896 0 54003 1915
p 2 46 874 0 62097 2050
p 2 128 790 2 64157 2404
i 2 920 0 0 68464 4846
p 2 238 682 0 79510 3509
p 2 105 815 0 69775 2764
p 2 86 834 0 66081 2566
p 2 101 819 0 63196 2597
p 2 90 829 1 61341 2617
p 2 53 866 1 58180 2411
p 2 51 866 3 58944 2428
p 2 49 869 2 55927 2355
p 2 31 888 1 54247 2245
p 2 25 892 3 50946 2188
p 2 19 899 2 52249 2190
p 2 41 877 2 56551 2438
p 2 63 856 1 60496 2603
p 2 88 832 0 62858 2828
p 2 84 836 0 60949 2866
p 2 82 838 0 55370 2819
p 2 77 842 1 55102 2877
p 2 133 787 0 59943 3203
p 2 205 715 0 65592 3515
p 2 531 389 0 50534 4199
i 2 920 0 0 46184 4904
i 2 920 0 0 36883 4388
p 2 350 569 1 45172 3787
p 2 252 664 4 43562 3535
p 2 201 717 2 42573 3304
p 2 155 763 2 43849 3206
p 2 213 704 3 47095 3357
p 2 218 701 1 45908 3411
p 2 159 761 0 43199 3245
p 2 94 826 0 40611 2987
p 2 93 826 1 40143 2969
p 2 95 824 1 45664 2986
p 2 105 815 0 46809 3007
p 2 75 845 0 44919 2941
p 2 71 845 4 42533 2826
p 2 53 864 3 38922 2649
p 2 43 871 6 36427 2588
p 2 23 888 9 32075 2452
p 2 35 880 5 31945 2588
p 2 11 903 6 29658 2344
p 2 10 907 3 28888 2312
p 2 19 897 4 27690 2391
p 2 14 902 4 26450 2398
p 2 16 899 5 25363 2408
p 2 28 891 1 26731 2506
p 2 23 896 1 24532 2462
p 2 20 899 1 23131 2390
p 2 16 902 2 23701 2486
p 2 20 896 4 22698 2440
p 2 37 882 1 23831 2582
p 2 30 889 1 23154 2525
p 2 30 888 2 22914 2489
p 2 35 884 1 24525 2606
p 2 22 898 0 25228 2569
p 2 47 873 0 26414 2769
p 2 54 866 0 27480 2897
p 2 34 886 0 25361 2709
p 2 56 864 0 25055 2742
p 2 28 891 1 25051 2705
p 2 32 888 0 24755 2725
p 2 52 867 1 25082 2777
p 2 17 902 1 23899 2587
p 2 37 883 0 25028 2720
p 2 41 878 1 25139 2763
p 2 36 884 0 25461 2804
p 2 43 877 0 26404 2789
p 2 49 871 0 25007 2791
p 2 39 881 0 24982 2743
p 2 53 866 1 26847 2827
p 2 33 887 0 27745 2777
p 2 42 877 1 28028 2807
p 2 66 854 0 27621 2877
p 2 36 883 1 26415 2725
p 2 52 868 0 26396 2848
p 2 47 873 0 26000 2816
p 2 38 882 0 25829 2823
p 2 52 868 0 26136 2906
i 2 920 0 0 19344 3677
p 2 2 918 0 9608 1614
p 2 11 895 14 11592 1726
i 2 920 0 0 29060 4108
p 2 262 658 0 29385 3216
p 2 263 657 0 37313 3458
p 2 260 660 0 46749 3555
p 2 296 624 0 43975 3694
p 2 152 708 60 37433 2985
p 2 74 747 99 30172 2482
p 2 67 710 143 26723 2325
p 2 45 750 125 28380 2339
p 2 76 693 151 30522 2428
p 2 53 725 142 29191 2329
p 2 50 729 141 28501 2317
p 2 26 745 149 25288 2186
p 2 38 716 166 23935 2178
p 2 29 706 185 22955 2088
p 2 35 668 217 25169 2034
p 2 31 650 239 27160 1975
p 2 46 667 207 28060 2093
p 2 44 681 195 30050 2162
p 2 53 681 186 33720 2333
p 2 68 740 112 39409 2562
p 2 135 729 56 47234 2964
p 2 204 696 20 50797 3331
p 2 117 799 4 49331 3032
p 2 56 864 0 43914 2727
p 2 49 871 0 41240 2674
p 2 37 883 0 38503 2593
p 2 36 884 0 37845 2562
p 2 20 900 0 35320 2467
p 2 15 903 2 33905 2329
p 2 7 912 1 33132 2261
p 2 17 903 0 32371 2261
p 2 11 908 1 32460 2310
p 2 6 913 1 31830 2243
p 2 19 901 0 31055 2367
p 2 31 887 2 30386 2395
p 2 69 848 3 31805 2424
p 2 99 813 8 32257 2510
p 2 65 853 2 31354 2530
p 2 50 868 2 31751 2578
p 2 35 878 7 29847 2378
p 2 29 885 6 27797 2278
p 2 12 899 9 25439 2130
p 2 41 869 10 26664 2161
p 2 47 859 14 24477 2100
p 2 20 873 27 23494 1989
p 2 19 868 33 24318 1971
p 2 70 806 44 29840 2233
p 2 185 735 0 34843 2938
i 2 920 0 0 37533 4249
i 2 920 0 0 34625 4154
i 2 920 0 0 28150 3908
i 2 920 0 0 23417 3690
i 2 920 0 0 45994 4408
p 2 458 462 0 64748 4063
p 2 270 650 0 72392 3430
p 2 270 650 0 87025 3583
p 2 80 838 2 64919 2628
p 2 79 840 1 64815 2624
p 2 68 852 0 62395 2512
p 2 50 870 0 62137 2415
p 2 48 872 0 59100 2346
p 2 25 894 1 58433 2186
p 2 26 894 0 56446 2199
p 2 19 900 1 55900 2182
p 2 22 898 0 54083 2171
p 2 11 908 1 54750 2160
p 2 20 900 0 53925 2191
p 2 17 901 2 54815 2181
p 2 8 912 0 53286 2112
p 2 7 912 1 53440 2126
p 2 6 914 0 52447 2119
p 2 9 910 1 53110 2114
p 2 5 915 0 51988 2069
p 2 8 910 2 52769 2047
p 2 6 912 2 52133 2021
p 2 3 916 1 53062 2009
p 2 4 916 0 51116 1957
p 2 2 917 1 52470 1960
p 2 0 920 0 50820 1932
p 2 4 916 0 51657 1953
p 2 5 915 0 50529 1939
p 2 7 913 0 53632 2019
p 2 7 913 0 52212 1979
p 2 10 910 0 53056 1984
p 2 11 909 0 51083 1959
p 2 14 906 0 51692 1918
p 2 10 910 0 50128 1883
p 2 5 915 0 50941 1852
p 2 4 916 0 48596 1798
p 2 6 913 1 49063 1783
p 2 5 915 0 44830 1743
p 2 5 915 0 41617 1703
p 2 2 918 0 28004 1615
p 2 2 918 0 22247 1550
p 2 2 918 0 22191 1588
p 2 3 917 0 22293 1576
p 2 1 919 0 21744 1559
p 2 0 788 132 3735 1021
p 2 0 908 12 7839 1304
p 2 0 541 379 2006 716
p 2 0 236 684 869 413
p 2 0 141 779 657 323
p 2 0 121 799 493 304
p 2 0 42 878 292 230
p 2 0 26 894 250 216
p 2 0 35 885 278 225
p 2 189 731 0 43040 2435
p 2 205 715 0 52201 2523
p 2 230 690 0 49879 2570
p 2 255 665 0 52394 2654
p 2 294 626 0 48649 2732
p 2 319 601 0 47862 2853
p 2 366 554 0 42074 2972
i 2 920 0 0 43239 4054
p 2 531 389 0 27527 3398
p 2 696 224 0 17239 3673
p 2 797 123 0 4141 3227
i 2 920 0 0 30213 3898
p 2 31 868 21 17089 1754
p 2 32 880 8 20190 1997
p 2 60 855 5 21911 2338
p 2 50 867 3 23232 2446
p 2 33 885 2 22354 2369
p 2 2 917 1 15545 1857
p 2 0 919 1 14128 1657
p 2 0 918 2 13918 1601
p 2 19 899 2 21022 2024
p 2 45 872 3 26659 2347
p 2 57 862 1 29630 2394
p 2 88 824 8 32208 2501
p 2 92 828 0 32564 2586
p 2 72 844 4 30452 2434
p 2 76 832 12 28060 2359
p 2 71 841 8 29895 2386
p 2 103 810 7 32168 2606
p 2 120 794 6 36077 2793
p 2 116 791 13 35093 2726
p 2 86 828 6 35476 2651
p 2 90 819 11 37078 2647
p 2 133 775 12 37099 2837
p 2 191 720 9 36741 2997
p 2 130 780 10 35505 2767
p 2 115 780 25 33536 2644
p 2 82 807 31 33118 2529
p 2 82 826 12 33396 2537
p 2 78 840 2 35560 2616
p 2 82 838 0 36952 2678
p 2 79 839 2 37976 2770
p 2 78 842 0 38995 2768
p 2 93 827 0 39142 2868
p 2 80 839 1 40079 2865
p 2 79 840 1 38836 2840
p 2 61 859 0 37090 2746
p 2 73 844 3 38525 2724
p 2 80 835 5 39962 2790
p 2 61 858 1 42625 2787
p 2 83 837 0 44577 2838
p 2 93 825 2 45695 2886
p 2 88 829 3 46570 2817
p 2 82 834 4 47722 2815
p 2 79 837 4 48608 2832
p 2 77 841 2 48562 2879
p 2 86 832 2 50114 2940
p 2 102 817 1 52368 3064
p 2 165 755 0 55903 3389
p 2 182 738 0 58766 3528
p 2 192 728 0 55102 3323
p 2 89 829 2 52106 2968
p 2 74 846 0 50293 2841
p 2 84 836 0 49321 2906
p 2 74 846 0 50635 2919
p 2 74 846 0 48001 2848
p 2 80 837 3 47519 2835
p 2 53 867 0 46596 2748
p 2 62 853 5 47942 2774
p 2 67 852 1 48800 2820
p 2 101 818 1 49798 2960
p 2 105 815 0 49467 2918
p 2 114 806 0 52061 2989
p 2 117 803 0 50290 2938
p 2 83 837 0 51488 2871
p 2 93 827 0 52567 2950
p 2 88 831 1 53723 2892
p 2 91 829 0 51660 2886
p 2 80 840 0 51593 2795
p 2 77 843 0 48059 2803
p 2 89 830 1 49479 2897
p 2 98 822 0 49119 2943
p 2 93 826 1 50235 2957
p 2 88 832 0 51197 2960
p 2 91 829 0 55108 2998
p 2 90 830 0 57441 3021
p 2 100 820 0 59987 3075
p 2 106 814 0 64256 3081
p 2 107 813 0 66236 3009
p 2 88 832 0 69902 2912
p 2 126 794 0 72490 3088
p 2 130 790 0 71526 3132
p 2 135 785 0 73152 3130
p 2 102 817 1 70103 2848
p 2 64 852 4 67191 2514
p 2 40 878 2 67690 2424
p 2 42 877 1 68203 2416
p 2 41 878 1 69816 2417
p 2 45 873 2 72356 2422
p 2 42 876 2 73355 2427
p 2 36 881 3 73611 2364
p 2 30 889 1 75720 2372
p 2 29 890 1 76405 2354
p 2 33 886 1 77748 2403
p 2 29 888 3 77112 2346
p 2 22 897 1 77339 2329
p 2 25 891 4 78646 2379
p 2 38 880 2 79810 2427
p 2 26 893 1 81393 2391
p 2 24 896 0 78924 2408
p 2 36 881 3 79797 2465
p 2 38 881 1 80198 2486
p 2 18 901 1 82737 2404
p 2 36 883 1 82290 2470
p 2 36 883 1 81939 2501
p 2 23 897 0 80706 2416
p 2 31 889 0 81207 2486
p 2 34 886 0 81661 2513
p 2 51 869 0 83008 2608
p 2 44 876 0 84150 2568
p 2 49 871 0 85953 2654
p 2 44 876 0 86300 2621
p 2 51 869 0 86592 2651
p 2 54 866 0 86133 2619
p 2 52 868 0 87033 2678
p 2 66 854 0 85501 2706
p 2 61 859 0 86000 2762
p 2 51 869 0 84414 2652
p 2 54 866 0 82013 2647
p 2 54 866 0 80191 2632
p 2 45 875 0 79410 2618
p 2 41 878 1 77622 2589
p 2 43 877 0 78510 2606
p 2 42 877 1 75347 2584
p 2 44 875 1 73645 2571
p 2 49 871 0 73506 2583
p 2 47 873 0 72571 2601
p 2 55 864 1 70632 2635
p 2 45 875 0 70616 2607
p 2 57 863 0 70433 2662
p 2 64 856 0 72292 2671
p 2 90 830 0 74463 2847
p 2 86 834 0 76834 2889
p 2 91 829 0 76309 2936
p 2 81 839 0 76561 2886
p 2 78 842 0 76762 2881
p 2 70 850 0 77514 2886
p 2 80 840 0 77256 2921
p 2 92 828 0 78103 2984
p 2 91 829 0 78319 2985
p 2 94 826 0 77967 2997
p 2 92 828 0 76458 3007
p 2 94 826 0 75945 3029
p 2 88 832 0 74656 2959
p 2 88 832 0 73479 2921
p 2 104 816 0 71292 2992
p 2 91 829 0 70009 2933
p 2 90 830 0 67695 2855
p 2 85 835 0 67656 2789
p 2 89 829 2 67727 2839
p 2 84 836 0 69055 2803
p 2 75 845 0 68285 2808
p 2 78 841 1 67892 2798
p 2 64 856 0 66691 2679
p 2 60 860 0 67307 2698
p 2 66 854 0 67260 2753
p 2 63 857 0 68341 2740
p 2 65 855 0 67183 2756
p 2 60 860 0 66704 2728
p 2 52 868 0 66193 2690
p 2 69 851 0 65622 2753
p 2 81 839 0 65936 2839
p 2 77 843 0 63284 2767
p 2 88 832 0 62897 2810
p 2 103 817 0 66112 2926
p 2 106 814 0 65521 2954
p 2 94 826 0 66119 2905
p 2 94 826 0 68560 2931
p 2 102 818 0 72041 2995
p 2 154 766 0 77532 3321
p 2 175 745 0 82624 3455
p 2 174 745 1 79652 3463
p 2 155 765 0 73756 3352
p 2 129 787 4 65505 3183
p 2 94 826 0 63194 3023
p 2 87 832 1 56871 2931
p 2 76 844 0 50848 2804
p 2 50 870 0 45766 2682
p 2 47 872 1 42572 2591
p 2 40 880 0 40411 2563
p 2 34 886 0 40153 2520
p 2 34 886 0 39098 2501
p 2 33 886 1 38021 2457
p 2 44 876 0 36289 2460
p 2 31 888 1 34623 2360
p 2 37 883 0 33808 2383
p 2 33 887 0 35631 2360
p 2 42 878 0 41011 2465
p 2 43 877 0 39654 2491
p 2 32 888 0 40251 2485
p 2 43 877 0 41724 2610
p 2 43 877 0 44263 2622
p 2 92 828 0 49609 2915
p 2 295 625 0 68885 4119
p 2 107 813 0 53275 3067
p 2 94 826 0 47646 2849
p 2 65 855 0 47679 2731
p 2 58 862 0 47015 2754
p 2 63 857 0 46995 2800
p 2 59 861 0 46858 2821
p 2 81 839 0 46329 2868
p 2 61 859 0 46777 2864
p 2 49 871 0 46240 2828
p 2 52 868 0 47292 2893
p 2 73 847 0 49856 2990
p 2 78 842 0 53326 3098
p 2 82 838 0 54825 3104
p 2 99 821 0 52230 3120
p 2 51 869 0 49973 2870
p 2 29 891 0 45845 2705
p 2 28 892 0 45207 2637
p 2 38 881 1 48463 2715
p 2 35 885 0 50667 2724
p 2 50 870 0 52923 2851
p 2 86 834 0 59210 3036
p 2 120 800 0 64957 3278
p 2 94 825 1 61239 3075
p 2 400 520 0 75875 4513
p 2 199 721 0 62859 3521
p 2 124 796 0 57305 3227
p 2 90 830 0 55218 3100
p 2 81 839 0 53783 3063
p 2 80 840 0 54954 3111
p 2 96 824 0 53318 3141
p 2 98 822 0 52651 3145
p 2 104 816 0 55721 3196
p 2 141 779 0 58993 3343
p 2 162 758 0 58105 3375
p 2 193 727 0 69012 3740
p 2 284 636 0 76236 4101
p 2 221 699 0 80594 3892
p 2 298 622 0 78741 4208
p 2 280 640 0 74335 4164
p 2 244 674 2 69540 3965
p 2 230 689 1 64226 3766
p 2 128 786 6 58474 3265
p 2 83 831 6 54416 2936
p 2 72 840 8 53760 2841
p 2 57 851 12 53243 2761
p 2 63 855 2 51413 2751
p 2 75 843 2 49935 2795
p 2 56 856 8 50207 2664
p 2 52 850 18 48756 2607
p 2 50 862 8 47289 2604
p 2 50 860 10 45984 2556
p 2 37 872 11 45506 2539
p 2 34 870 16 44795 2532
p 2 51 860 9 45275 2635
p 2 56 856 8 43102 2637
p 2 75 840 5 41732 2773
p 2 61 851 8 38444 2616
p 2 66 844 10 35636 2673
p 2 71 839 10 31930 2583
p 2 74 840 6 30104 2661
p 2 63 837 20 26990 2549
p 2 71 848 1 25351 2696
p 2 67 838 15 21970 2578
p 2 60 859 1 20109 2546
p 2 69 834 17 17596 2533
p 2 72 846 2 16102 2628
p 2 77 825 18 13551 2626
p 2 86 822 12 11752 2655
p 2 83 826 11 9523 2679
p 2 309 588 23 5415 2582
i 2 920 0 0 77881 5575
p 2 36 884 0 59166 2455
p 2 29 891 0 60825 2511
p 2 25 895 0 60438 2491
p 2 23 897 0 60016 2534
p 2 14 906 0 60854 2459
p 2 21 899 0 61270 2548
p 2 31 889 0 61608 2537
p 2 28 892 0 61088 2541
p 2 27 893 0 62273 2535
p 2 29 891 0 62518 2600
p 2 27 893 0 63048 2523
p 2 40 880 0 63179 2663
p 2 45 875 0 64684 2650
p 2 48 872 0 66150 2738
p 2 40 880 0 66563 2659
p 2 53 867 0 67988 2793
p 2 57 863 0 69197 2756
p 2 53 867 0 70789 2743
p 2 66 854 0 71882 2831
p 2 65 855 0 70976 2858
p 2 51 867 2 70372 2751
p 2 44 876 0 69865 2718
p 2 43 877 0 69235 2698
p 2 32 888 0 69708 2645
p 2 25 895 0 70951 2635
p 2 39 881 0 69709 2686
p 2 42 878 0 68392 2686
p 2 48 872 0 69135 2726
p 2 44 876 0 68866 2714
p 2 49 871 0 68315 2710
p 2 45 875 0 68733 2714
p 2 65 855 0 68163 2797
p 2 41 879 0 68670 2739
p 2 57 863 0 68577 2769
p 2 61 859 0 69605 2851
p 2 44 876 0 69302 2755
p 2 56 864 0 69506 2806
p 2 58 862 0 68965 2790
p 2 60 860 0 67679 2850
p 2 67 852 1 67165 2826
p 2 57 863 0 67562 2764
p 2 60 860 0 66469 2778
p 2 59 861 0 69032 2756
p 2 64 856 0 68066 2766
p 2 42 878 0 64501 2645
p 2 36 884 0 63075 2612
p 2 45 875 0 62326 2631
p 2 51 869 0 62095 2691
p 2 33 886 1 63436 2611
p 2 36 884 0 63263 2642
p 2 47 873 0 62179 2710
p 2 43 877 0 61544 2664
p 2 39 881 0 61851 2663
p 2 32 888 0 62359 2648
p 2 51 869 0 64043 2772
p 2 48 872 0 64145 2740
p 2 48 872 0 62575 2716
p 2 38 881 1 61181 2664
p 2 40 876 4 60154 2683
p 2 47 873 0 61035 2693
p 2 54 858 8 62812 2697
p 2 65 855 0 62961 2766
p 2 66 854 0 63523 2754
p 2 64 856 0 62636 2773
p 2 77 842 1 61178 2777
p 2 61 859 0 60472 2726
p 2 86 834 0 61770 2880
p 2 77 837 6 60495 2859
p 2 68 850 2 62438 2842
p 2 97 823 0 63044 2972
p 2 85 832 3 63879 2929
p 2 93 827 0 62962 2975
p 2 77 843 0 61785 2889
p 2 89 831 0 61475 2907
p 2 96 824 0 60246 2917
p 2 67 853 0 60365 2805
p 2 77 841 2 60481 2869
p 2 89 831 0 61282 2882
p 2 70 849 1 61601 2843
p 2 66 854 0 62513 2876
p 2 95 824 1 64065 2995
p 2 86 834 0 64203 2888
p 2 73 847 0 64751 2862
i 2 920 0 0 69184 5405
p 2 110 810 0 64644 3137
p 2 92 828 0 62967 3040
p 2 66 851 3 61407 2893
p 2 77 843 0 61519 2972
p 2 91 829 0 64943 3124
p 2 76 844 0 66208 3060
p 2 83 837 0 65812 3051
p 2 116 804 0 66249 3146
p 2 112 808 0 67706 3080
p 2 112 808 0 68690 3114
p 2 88 831 1 66129 3024
p 2 84 836 0 64319 2983
p 2 86 832 2 66467 3042
p 2 93 827 0 65430 3050
p 2 95 824 1 64919 3004
p 2 96 824 0 64893 3053
p 2 78 842 0 63795 2932
p 2 86 833 1 64409 2968
p 2 75 844 1 65431 2934
p 2 92 828 0 66913 3029
p 2 121 799 0 70034 3231
p 2 95 825 0 67311 3079
p 2 72 848 0 63815 2929
p 2 73 846 1 60649 2846
p 2 59 861 0 60645 2797
p 2 72 847 1 59551 2829
p 2 62 858 0 55292 2714
p 2 66 853 1 52837 2665
p 2 50 870 0 50438 2581
p 2 53 865 2 50627 2584
p 2 39 881 0 51035 2493
p 2 28 890 2 51250 2514
p 2 47 873 0 55326 2676
p 2 47 873 0 54430 2631
p 2 58 862 0 54589 2706
p 2 62 857 1 52331 2708
p 2 55 865 0 54857 2623
p 2 73 847 0 57613 2729
p 2 96 824 0 59770 2858
p 2 82 838 0 62186 2860
p 2 101 819 0 65755 3008
p 2 95 825 0 66817 2967
p 2 96 823 1 67746 3007
p 2 95 825 0 66139 2999
p 2 56 864 0 63090 2789
p 2 79 841 0 62559 2932
p 2 83 837 0 62631 2908
p 2 86 833 1 62827 2916
p 2 88 832 0 60556 2890
p 2 78 842 0 60870 2887
p 2 92 828 0 59409 2938
p 2 83 837 0 59622 2920
p 2 78 842 0 61011 2901
p 2 71 849 0 58305 2871
p 2 107 813 0 57580 2996
p 2 86 834 0 56592 2870
p 2 79 841 0 58408 2885
p 2 89 831 0 59652 2913
p 2 91 829 0 59907 2960
p 2 63 857 0 59886 2873
p 2 74 845 1 58539 2865
p 2 48 872 0 54513 2742
p 2 33 886 1 52818 2633
p 2 45 875 0 53646 2661
p 2 45 875 0 53899 2682
p 2 44 876 0 53598 2688
p 2 45 875 0 56189 2796
p 2 56 863 1 58778 2815
p 2 79 841 0 58816 2940
p 2 107 813 0 61625 3111
i 2 920 0 0 84682 5718
p 2 69 851 0 70939 2785
p 2 80 840 0 72471 2882
p 2 102 818 0 71077 2990
p 2 105 815 0 71870 2974
p 2 96 824 0 70266 2869
p 2 68 852 0 70763 2714
p 2 90 830 0 70228 2908
p 2 91 829 0 69734 2897
p 2 79 841 0 71611 2856
p 2 94 826 0 73279 2953
p 2 82 838 0 72276 2911
p 2 93 826 1 74931 3025
i 2 920 0 0 62997 5358
p 2 89 829 2 57180 2923
p 2 70 849 1 55138 2822
p 2 97 822 1 55564 2869
p 2 84 835 1 51247 2830
p 2 44 875 1 47023 2584
p 2 38 882 0 45022 2496
p 2 46 874 0 47083 2597
p 2 73 845 2 50251 2716
p 2 113 806 1 55696 2902
p 2 116 804 0 61257 3026
p 2 114 804 2 63715 3030
p 2 79 838 3 63460 2922
p 2 66 854 0 59810 2810
p 2 53 865 2 58543 2719
p 2 38 879 3 54382 2607
p 2 39 877 4 55475 2571
p 2 37 875 8 52642 2525
p 2 24 891 5 53396 2484
p 2 37 875 8 55040 2607
p 2 51 859 10 55254 2701
p 2 32 881 7 52205 2566
p 2 72 834 14 57549 2768
p 2 76 836 8 58291 2758
p 2 48 855 17 57741 2631
p 2 55 848 17 59286 2707
p 2 56 842 22 60160 2742
p 2 69 835 16 61704 2839
p 2 75 825 20 61797 2906
p 2 101 776 43 61652 3017
p 2 83 814 23 57971 2871
p 2 112 765 43 60737 3037
p 2 93 811 16 59898 2887
p 2 104 776 40 61059 2968
p 2 67 846 7 58611 2785
p 2 65 838 17 56693 2793
p 2 42 877 1 55405 2657
p 2 27 878 15 53694 2588
p 2 35 881 4 52512 2559
p 2 33 871 16 53061 2520
p 2 31 878 11 53831 2559
p 2 32 853 35 52998 2529
p 2 35 877 8 53495 2552
p 2 38 873 9 55837 2579
p 2 32 872 16 57737 2528
p 2 37 880 3 57835 2581
p 2 51 852 17 59345 2659
p 2 58 862 0 60281 2733
p 2 67 847 6 61985 2837
p 2 67 851 2 63371 2879
p 2 92 828 0 64195 3014
p 2 83 837 0 64196 2976
p 2 70 850 0 61857 2950
p 2 69 851 0 62291 2898
p 2 75 845 0 62771 2937
p 2 60 860 0 65123 2831
p 2 65 855 0 65819 2887
p 2 88 832 0 67048 2944
p 2 107 813 0 65828 2953
p 2 95 825 0 66345 2914
p 2 80 839 1 66998 2861
p 2 62 857 1 66153 2821
p 2 76 843 1 66589 2931
p 2 83 835 2 65886 2924
p 2 81 838 1 65400 2902
p 2 88 829 3 67248 2969
p 2 100 818 2 68761 3068
p 2 88 830 2 69244 3061
p 2 101 813 6 68315 3073
p 2 105 810 5 67639 3129
p 2 86 829 5 65481 3004
p 2 68 848 4 64619 2963
p 2 67 853 0 64627 2888
p 2 68 849 3 62483 2863
p 2 63 854 3 61224 2803
p 2 62 855 3 59725 2793
p 2 47 869 4 58591 2679
p 2 45 872 3 57485 2662
i 2 920 0 0 67005 5387
p 2 103 817 0 57102 3034
p 2 86 834 0 53600 2905
p 2 87 833 0 52639 2903
p 2 73 845 2 50367 2836
p 2 67 851 2 51036 2863
p 2 97 818 5 50230 2947
p 2 48 867 5 47986 2689
p 2 48 872 0 48841 2667
p 2 44 876 0 47623 2672
p 2 63 857 0 46906 2755
p 2 72 848 0 48203 2866
p 2 70 850 0 45998 2826
p 2 47 872 1 45605 2743
p 2 74 841 5 44297 2736
p 2 94 822 4 44344 2838
i 2 920 0 0 80180 5442
p 2 192 727 1 73414 3358
p 2 158 762 0 74553 3253
p 2 234 686 0 80703 3603
p 2 258 662 0 83124 3720
p 2 249 670 1 80036 3730
p 2 196 722 2 72476 3479
p 2 146 773 1 67914 3263
p 2 118 799 3 64654 3147
p 2 100 820 0 62571 3061
p 2 107 812 1 61920 3072
p 2 71 848 1 59122 2855
p 2 45 871 4 58574 2718
p 2 30 889 1 57765 2706
p 2 29 891 0 51923 2567
p 2 32 887 1 52128 2564
p 2 35 881 4 55346 2661
p 2 65 852 3 53732 2739
p 2 39 873 8 51961 2640
p 2 45 874 1 55505 2627
p 2 53 865 2 56808 2683
p 2 75 845 0 55090 2737
p 2 62 858 0 55310 2730
p 2 22 895 3 55187 2534
i 2 920 0 0 66229 5369
p 2 46 874 0 50829 2552
p 2 45 875 0 53760 2581
p 2 58 861 1 56520 2681
p 2 83 837 0 59194 2835
p 2 66 854 0 60081 2766
p 2 70 850 0 61082 2809
p 2 86 834 0 61807 2922
p 2 76 844 0 61606 2871
p 2 75 845 0 62110 2852
p 2 87 833 0 62636 2866
p 2 86 834 0 62182 2881
p 2 88 832 0 64627 2907
p 2 93 827 0 66473 2999
p 2 93 827 0 67341 2981
p 2 146 774 0 67243 3242
p 2 97 823 0 66657 3042
p 2 90 830 0 65416 3011
p 2 60 860 0 64041 2808
p 2 54 866 0 60818 2683
p 2 37 883 0 57514 2581
p 2 39 881 0 60836 2591
p 2 44 876 0 62115 2639
p 2 35 885 0 63073 2595
p 2 34 886 0 61886 2600
p 2 37 883 0 61700 2597
p 2 67 853 0 60916 2737
p 2 56 864 0 60858 2705
p 2 57 863 0 60748 2700
p 2 46 874 0 60072 2649
p 2 42 878 0 60506 2672
p 2 53 867 0 60467 2693
p 2 60 860 0 59467 2715
p 2 55 865 0 61001 2694
p 2 61 859 0 62187 2729
p 2 65 855 0 62430 2729
p 2 56 864 0 62170 2690
p 2 58 862 0 62067 2699
p 2 53 867 0 61544 2687
p 2 55 865 0 61203 2706
p 2 43 877 0 62077 2665
p 2 59 861 0 62497 2739
p 2 45 875 0 63160 2697
p 2 43 877 0 63067 2626
i 2 920 0 0 48438 4864
p 2 119 801 0 46377 3145
p 2 106 814 0 47807 3054
p 2 94 826 0 50832 3055
p 2 134 786 0 54509 3258
p 2 110 810 0 54529 3116
p 2 149 771 0 54442 3216
p 2 155 765 0 51573 3170
p 2 130 790 0 46823 3045
p 2 96 824 0 49283 2934
p 2 104 816 0 50367 2974
p 2 80 840 0 51914 2909
p 2 75 845 0 53532 2875
p 2 62 858 0 54878 2861
p 2 56 864 0 55049 2806
p 2 37 883 0 55231 2704
p 2 36 884 0 55699 2708
p 2 49 871 0 58273 2733
p 2 42 878 0 60488 2683
p 2 49 871 0 61972 2741
p 2 66 854 0 63395 2832
p 2 66 854 0 66939 2919
p 2 87 833 0 67874 3021
p 2 102 818 0 66739 3050
p 2 92 828 0 67874 3065
p 2 108 812 0 68386 3042
p 2 104 816 0 67313 3092
p 2 89 831 0 67074 2976
p 2 70 850 0 66432 2946
p 2 90 830 0 65335 2981
p 2 62 858 0 61827 2856
p 2 54 866 0 59388 2772
p 2 68 852 0 57801 2800
p 2 67 853 0 56173 2763
p 2 55 865 0 55344 2692
p 2 59 861 0 54106 2703
p 2 50 870 0 53155 2650
p 2 37 883 0 51464 2564
p 2 37 883 0 50754 2564
p 2 46 874 0 49567 2544
p 2 24 896 0 49708 2456
p 2 24 896 0 51034 2446
p 2 31 889 0 51775 2483
p 2 21 899 0 51831 2421
p 2 39 881 0 53334 2572
p 2 32 888 0 53352 2511
p 2 28 892 0 54480 2516
p 2 60 860 0 54708 2606
p 2 38 882 0 54448 2530
p 2 42 878 0 55429 2594
p 2 45 875 0 54192 2578
p 2 40 880 0 55119 2551
p 2 44 876 0 55231 2574
p 2 41 879 0 56882 2585
p 2 45 875 0 57930 2621
p 2 56 864 0 57307 2663
p 2 74 846 0 58801 2751
p 2 72 848 0 58456 2759
p 2 50 870 0 57702 2654
p 2 56 864 0 58264 2719
p 2 86 834 0 57773 2859
p 2 64 856 0 61942 2811
p 2 71 849 0 62801 2831
p 2 78 842 0 65134 2831
p 2 96 824 0 64897 2880
p 2 108 812 0 62840 2867
p 2 69 851 0 58788 2743
p 2 43 877 0 57647 2597
p 2 39 881 0 57026 2574
p 2 47 873 0 57741 2624
p 2 55 865 0 56928 2688
p 2 66 854 0 59456 2689
p 2 79 841 0 60645 2730
p 2 69 851 0 62067 2757
p 2 42 878 0 61030 2619
p 2 60 860 0 60013 2669
p 2 52 868 0 58787 2667
p 2 56 862 2 57894 2663
p 2 50 869 1 57266 2609
p 2 25 895 0 54814 2486
p 2 29 890 1 55379 2540
p 2 46 873 1 55287 2596
p 2 30 890 0 51757 2478
p 2 27 891 2 52101 2433
p 2 34 885 1 53132 2474
p 2 59 853 8 53043 2615
i 2 920 0 0 71169 5537
p 2 160 760 0 66665 3373
p 2 134 786 0 66235 3210
p 2 108 811 1 65701 3094
p 2 114 806 0 67621 3168
p 2 100 820 0 65401 3122
p 2 112 808 0 63021 3157
p 2 100 819 1 62319 3069
p 2 86 834 0 60736 2933
p 2 90 830 0 60898 2972
p 2 90 830 0 61699 2982
p 2 92 828 0 61190 2988
p 2 95 825 0 62342 2995
p 2 82 838 0 62421 2951
p 2 92 828 0 60706 2937
p 2 85 835 0 60926 2922
p 2 92 828 0 63026 3034
p 2 91 829 0 63137 3016
p 2 103 817 0 64229 3072
p 2 83 837 0 64550 2979
p 2 77 843 0 62295 2962
p 2 80 840 0 64248 3000
p 2 83 837 0 64657 2996
p 2 65 854 1 65568 2990
p 2 99 821 0 66318 3109
p 2 83 837 0 65789 3032
p 2 94 826 0 67438 3103
p 2 121 799 0 68536 3218
p 2 153 767 0 68430 3353
p 2 169 751 0 69173 3439
p 2 116 804 0 72065 3250
p 2 117 803 0 71835 3190
p 2 121 799 0 68566 3194
p 2 131 789 0 68692 3216
p 2 144 776 0 69863 3307
p 2 189 731 0 76781 3528
p 2 189 731 0 76508 3554
p 2 173 747 0 75085 3504
p 2 142 778 0 73584 3417
p 2 144 776 0 75541 3387
i 2 920 0 0 41803 4219
p 2 0 859 61 13651 1285
p 2 0 884 36 15890 1334
p 2 6 882 32 31890 1782
p 2 0 891 29 16119 1439
p 2 0 887 33 16785 1366
p 2 12 892 16 34012 1872
p 2 0 897 23 16920 1461
p 2 0 882 38 17794 1415
p 2 3 889 28 35152 1889
p 2 0 886 34 17632 1490
p 2 0 881 39 18080 1427
p 2 2 900 18 29492 1724
p 2 0 893 27 17884 1450
p 2 0 894 26 18524 1449
p 2 1 889 30 27396 1600
p 2 0 879 41 17940 1438
p 2 0 871 49 19009 1436
p 2 18 867 35 27675 1636
p 2 0 878 42 18412 1437
p 2 0 865 55 25959 1504
p 2 1 848 71 19689 1426
p 2 0 867 53 25579 1502
p 2 0 850 70 18465 1423
p 2 17 847 56 26291 1556
p 2 0 870 50 18514 1401
p 2 0 870 50 25884 1497
p 2 17 851 52 20710 1476
p 2 0 853 67 25519 1491
p 2 0 851 69 18551 1382
p 2 16 861 43 26524 1572
p 2 0 842 78 18447 1367
p 2 0 856 64 25550 1477
p 2 17 829 74 20665 1446
p 2 0 869 51 25411 1479
p 2 0 861 59 19225 1387
p 2 0 854 66 26513 1487
p 2 0 864 56 19074 1382
p 2 0 864 56 25540 1473
p 2 1 850 69 20615 1428
p 2 0 880 40 25869 1488
p 2 0 853 67 19267 1381
p 2 0 872 48 25863 1480
p 2 0 866 54 19678 1396
p 2 0 877 43 25866 1471
p 2 0 859 61 19317 1388
p 2 0 874 46 25537 1468
p 2 0 857 63 19673 1366
p 2 0 854 66 25415 1458
p 2 0 858 62 19408 1369
p 2 0 866 54 25675 1458
p 2 0 851 69 19321 1347
p 2 0 867 53 26152 1471
p 2 0 845 75 19874 1360
p 2 0 860 60 27615 1490
p 2 0 847 73 19408 1358
p 2 13 844 63 26495 1515
p 2 0 841 79 19190 1353
p 2 0 856 64 25254 1446
p 2 0 833 87 19420 1338
p 2 0 854 66 25517 1423
p 2 0 825 95 19750 1318
p 2 0 838 82 25764 1419
p 2 0 828 92 19698 1331
p 2 0 843 77 25638 1420
p 2 0 818 102 18994 1322
i 2 920 0 0 67874 5460
p 2 72 847 1 57167 2870
p 2 63 855 2 55920 2835
p 2 49 870 1 52575 2697
p 2 48 872 0 49723 2605
p 2 44 876 0 47729 2573
p 2 34 886 0 46490 2513
p 2 23 896 1 43899 2435
p 2 19 901 0 42424 2396
p 2 16 903 1 41805 2394
p 2 23 897 0 42718 2476
p 2 24 896 0 43848 2495
p 2 29 891 0 44326 2512
p 2 35 885 0 45720 2565
p 2 31 889 0 46540 2532
p 2 34 886 0 49064 2588
p 2 29 891 0 52465 2615
p 2 51 869 0 56066 2769
p 2 68 852 0 59305 2869
p 2 68 852 0 59341 2872
p 2 98 822 0 59727 3034
p 2 62 858 0 58753 2851
p 2 66 854 0 62047 2944
p 2 71 849 0 62231 2962
p 2 81 839 0 61259 3001
p 2 98 822 0 62007 3065
p 2 86 834 0 61293 3001
p 2 79 841 0 61359 2979
p 2 64 856 0 58671 2884
p 2 48 872 0 56771 2786
p 2 46 874 0 54653 2708
p 2 47 873 0 52234 2680
p 2 62 858 0 53538 2754
p 2 49 871 0 56459 2744
p 2 56 863 1 58309 2764
p 2 71 849 0 61368 2919
p 2 80 840 0 62725 2935
p 2 88 832 0 63636 3021
p 2 80 840 0 61840 2912
p 2 90 830 0 58763 2897
p 2 50 870 0 55364 2692
p 2 36 884 0 51221 2573
p 2 46 874 0 50797 2595
p 2 30 890 0 49182 2480
p 2 38 882 0 48081 2518
p 2 24 896 0 47936 2425
p 2 28 892 0 47870 2485
p 2 34 886 0 48234 2515
p 2 54 866 0 51804 2629
p 2 70 850 0 56066 2738
p 2 71 849 0 59355 2779
p 2 67 853 0 61060 2821
p 2 67 853 0 61874 2870
p 2 76 844 0 64927 2958
p 2 84 836 0 66653 2996
p 2 83 837 0 68669 3046
p 2 105 815 0 69743 3157
p 2 95 825 0 67551 3065
i 2 920 0 0 75981 5432
p 2 56 863 1 63528 2612
p 2 47 873 0 65876 2609
p 2 48 869 3 67189 2621
p 2 43 876 1 66222 2592
p 2 35 885 0 65014 2571
p 2 43 877 0 64821 2611
p 2 42 874 4 64757 2585
p 2 49 871 0 63464 2596
p 2 40 877 3 63777 2564
p 2 46 874 0 64052 2587
p 2 55 864 1 64064 2643
p 2 42 876 2 63468 2576
p 2 44 874 2 63879 2595
p 2 31 888 1 62238 2521
p 2 35 880 5 62216 2489
p 2 22 897 1 62776 2475
p 2 40 877 3 61864 2554
p 2 41 879 0 62252 2611
p 2 35 884 1 63240 2607
p 2 55 865 0 62924 2718
p 2 43 874 3 64990 2706
p 2 47 873 0 64818 2742
p 2 35 885 0 64778 2756
p 2 46 874 0 64806 2767
p 2 39 881 0 66099 2722
p 2 54 865 1 64932 2814
p 2 60 858 2 65142 2860
p 2 72 848 0 65168 2929
p 2 67 850 3 64461 2910
p 2 84 835 1 63179 2978
p 2 76 843 1 63276 2903
p 2 76 842 2 61609 2944
p 2 60 859 1 60788 2859
p 2 71 849 0 58473 2917
p 2 47 872 1 57952 2738
p 2 68 852 0 57942 2889
p 2 87 832 1 58331 2917
p 2 120 800 0 60828 3053
p 2 95 825 0 63424 3021
i 2 920 0 0 65269 5380
p 2 57 857 6 45820 2477
p 2 60 855 5 47144 2555
p 2 39 879 2 48244 2485
p 2 28 892 0 47549 2439
p 2 35 884 1 46020 2447
p 2 37 882 1 48138 2453
p 2 29 888 3 49987 2441
p 2 45 875 0 53268 2588
p 2 45 873 2 58036 2653
p 2 63 857 0 59456 2786
p 2 84 833 3 65270 2965
p 2 110 810 0 69628 3099
p 2 104 816 0 70136 3061
p 2 89 831 0 69306 2996
p 2 74 846 0 68760 2939
p 2 75 845 0 66826 2900
p 2 69 851 0 63843 2854
p 2 76 844 0 60331 2836
p 2 65 855 0 61325 2785
p 2 64 856 0 60627 2823
p 2 71 849 0 61054 2909
p 2 94 826 0 62219 2986
p 2 97 823 0 61866 3031
p 2 94 826 0 61508 3025
p 2 84 836 0 59753 2962
p 2 86 834 0 59742 2992
p 2 101 819 0 59292 3043
p 2 111 809 0 59780 3131
p 2 85 835 0 56650 2985
p 2 83 837 0 56004 2903
p 2 71 849 0 54354 2800
p 2 48 872 0 52435 2683
p 2 40 879 1 51549 2624
p 2 39 881 0 51341 2587
p 2 35 885 0 49267 2551
p 2 45 875 0 49311 2601
p 2 70 849 1 50008 2700
p 2 60 860 0 50755 2695
p 2 93 827 0 54321 2894
p 2 114 806 0 57203 2969
p 2 124 796 0 59709 3120
i 2 920 0 0 70180 5482
p 2 48 872 0 54312 2657
p 2 39 881 0 52361 2549
p 2 58 862 0 55788 2713
p 2 54 866 0 56914 2755
p 2 63 857 0 53383 2787
p 2 59 861 0 51769 2714
p 2 29 891 0 49047 2521
p 2 27 893 0 50435 2555
p 2 47 873 0 50557 2673
p 2 61 859 0 48961 2700
p 2 54 866 0 45715 2580
p 2 478 442 0 75756 4764
p 2 44 876 0 49713 2433
p 2 44 876 0 54922 2501
p 2 38 882 0 54867 2481
p 2 30 890 0 52177 2413
p 2 31 889 0 52503 2413
p 2 29 891 0 50252 2376
p 2 20 900 0 49653 2336
p 2 9 911 0 49074 2259
p 2 17 903 0 49180 2276
p 2 18 902 0 49572 2289
p 2 15 904 1 47167 2230
i 2 920 0 0 74766 5501
p 2 105 815 0 65776 3052
p 2 112 808 0 64385 3041
p 2 93 827 0 61786 2952
p 2 84 836 0 59569 2931
p 2 77 843 0 59112 2856
p 2 67 853 0 57450 2769
p 2 54 866 0 57647 2723
p 2 53 867 0 56061 2683
p 2 49 871 0 53946 2648
i 2 920 0 0 54130 4938
p 2 218 700 2 56716 3602
p 2 196 723 1 56015 3414
p 2 225 691 4 64271 3597
p 2 195 723 2 64216 3546
p 2 115 799 6 57805 3064
p 2 54 862 4 53289 2694
p 2 60 858 2 47749 2620
p 2 52 868 0 45523 2563
p 2 38 882 0 44911 2461
p 2 36 883 1 44643 2421
p 2 53 864 3 47179 2577
p 2 66 852 2 47761 2633
p 2 54 863 3 50023 2644
p 2 48 872 0 51083 2604
p 2 320 600 0 73786 4118
p 2 266 654 0 77830 3931
p 2 222 698 0 81186 3840
p 2 179 741 0 80021 3607
p 2 174 746 0 79476 3569
p 2 123 797 0 74739 3343
p 2 146 774 0 70664 3311
p 2 141 779 0 66729 3326
p 2 200 720 0 69297 3575
p 2 150 770 0 70416 3512
p 2 116 804 0 67889 3295
p 2 103 817 0 67997 3194
p 2 102 818 0 67661 3117
p 2 88 832 0 68863 3054
p 2 76 844 0 70789 3005
p 2 54 866 0 69919 2848
p 2 59 861 0 68093 2847
p 2 43 877 0 67470 2698
p 2 34 886 0 65860 2607
p 2 53 867 0 63963 2641
p 2 59 861 0 63533 2627
p 2 57 863 0 61827 2593
p 2 37 883 0 61265 2507
p 2 29 891 0 59691 2471
p 2 26 894 0 61553 2488
p 2 42 876 2 64085 2547
p 2 60 860 0 65967 2666
p 2 71 849 0 69027 2758
p 2 60 860 0 68569 2711
p 2 55 865 0 69534 2714
p 2 48 872 0 70063 2663
p 2 73 847 0 68732 2716
p 2 59 861 0 67856 2666
p 2 54 866 0 67357 2666
p 2 55 865 0 66340 2621
p 2 41 879 0 65513 2550
p 2 54 866 0 63708 2585
p 2 53 867 0 62469 2535
p 2 31 889 0 60518 2449
p 2 35 883 2 60436 2451
p 2 36 884 0 58639 2418
p 2 21 899 0 58778 2341
p 2 21 899 0 57126 2330
p 2 13 906 1 57519 2292
p 2 14 906 0 57398 2289
p 2 12 908 0 57359 2293
p 2 16 904 0 56568 2314
p 2 8 911 1 57171 2289
p 2 14 906 0 57492 2311
p 2 18 902 0 59058 2325
p 2 22 898 0 57788 2342
p 2 17 903 0 57725 2325
p 2 23 897 0 58692 2374
p 2 22 898 0 59205 2376
p 2 22 898 0 58691 2343
p 2 22 898 0 59811 2362
p 2 31 888 1 60179 2414
p 2 37 883 0 61187 2464
p 2 22 898 0 60636 2432
p 2 24 896 0 60593 2399
p 2 31 889 0 61230 2444
p 2 33 887 0 62025 2428
p 2 31 889 0 62879 2452
p 2 34 886 0 63629 2436
p 2 30 890 0 63284 2461
p 2 33 887 0 63056 2486
p 2 40 880 0 62207 2489
p 2 40 880 0 61916 2450
p 2 30 889 1 60242 2396
p 2 19 901 0 59977 2365
p 2 20 898 2 60205 2331
p 2 34 886 0 58049 2369
p 2 25 894 1 57747 2302
p 2 26 892 2 56842 2305
p 2 12 908 0 55847 2237
p 2 15 904 1 55407 2256
p 2 26 891 3 56403 2274
p 2 22 896 2 54735 2267
p 2 14 905 1 55409 2235
p 2 13 906 1 55795 2277
p 2 21 898 1 56613 2302
p 2 14 904 2 56098 2283
p 2 20 897 3 56707 2305
p 2 27 893 0 57193 2332
p 2 36 883 1 60823 2395
p 2 47 870 3 61734 2449
p 2 33 884 3 63570 2440
p 2 30 887 3 61630 2415
p 2 54 864 2 62788 2563
p 2 47 873 0 62048 2513
p 2 50 869 1 60555 2527
p 2 49 870 1 59720 2522
p 2 66 850 4 58376 2563
p 2 42 877 1 57479 2461
p 2 61 855 4 55753 2521
p 2 50 861 9 55067 2417
p 2 48 859 13 53537 2405
p 2 31 877 12 53585 2289
i 2 920 0 0 59197 4688
p 2 107 813 0 70762 3073
p 2 77 843 0 70271 2971
p 2 60 860 0 77818 3002
p 2 62 858 0 80447 3012
p 2 66 854 0 81573 2985
p 2 75 844 1 84183 3030
p 2 88 831 1 86688 3089
p 2 76 842 2 85935 3062
p 2 90 828 2 84601 3093
p 2 65 853 2 85128 2988
p 2 84 835 1 81896 2985
p 2 85 835 0 82566 2968
p 2 69 850 1 83615 2944
p 2 66 854 0 87357 2921
p 2 58 861 1 87769 2864
p 2 63 857 0 88136 2913
p 2 56 862 2 88947 2871
p 2 52 866 2 90998 2845
p 2 52 867 1 94313 2866
p 2 61 857 2 101249 2931
p 2 66 853 1 104968 3001
p 2 85 834 1 110594 3075
p 2 101 818 1 118378 3170
p 2 113 807 0 124902 3262
p 2 117 803 0 131768 3295
p 2 126 794 0 135964 3363
p 2 124 796 0 145100 3358
p 2 140 780 0 143533 3430
p 2 152 768 0 144028 3447
p 2 150 770 0 144204 3492
p 2 194 726 0 139193 3621
p 2 162 758 0 137116 3490
p 2 175 745 0 135637 3555
p 2 188 732 0 134993 3590
p 2 206 714 0 127513 3618
p 2 179 739 2 120629 3483
p 2 163 757 0 111708 3341
p 2 154 766 0 102297 3218
p 2 148 772 0 93059 3113
p 2 152 768 0 83094 3192
p 2 124 796 0 72912 2872
p 2 111 808 1 65501 2815
p 2 97 823 0 60472 2719
p 2 128 792 0 50464 2841
p 2 108 811 1 43162 2782
p 2 106 814 0 36412 2755
p 2 105 815 0 30324 2795
i 2 920 0 0 16866 4172
p 2 0 778 142 1879 1093
p 2 0 786 134 2226 1099
p 2 0 782 138 2757 1191
p 2 99 821 0 13650 2612
p 2 62 858 0 18294 2660
p 2 43 877 0 21585 2627
p 2 52 868 0 23221 2667
p 2 53 867 0 24835 2668
p 2 60 860 0 25123 2707
p 2 60 860 0 26175 2712
p 2 81 839 0 25733 2760
p 2 93 827 0 26336 2729
p 2 0 873 47 7772 1596
p 2 0 850 70 7109 1437
p 2 0 813 107 6929 1324
p 2 0 824 96 6865 1319
p 2 0 806 114 7157 1318
p 2 0 813 107 6746 1292
p 2 0 770 150 6637 1248
p 2 0 772 148 6648 1238
p 2 0 801 119 6594 1249
p 2 0 799 121 6848 1255
p 2 0 793 127 6714 1263
p 2 0 757 163 6728 1221
p 2 0 785 135 6875 1241
p 2 0 778 142 6740 1222
p 2 0 788 132 6892 1243
p 2 0 778 142 6695 1212
p 2 0 765 155 6705 1214
p 2 0 766 154 6791 1211
p 2 0 772 148 6941 1225
p 2 0 773 147 7038 1231
p 2 0 773 147 6924 1218
p 2 0 759 161 6893 1212
p 2 0 766 154 6756 1204
p 2 0 820 100 7297 1295
p 2 36 883 1 13372 1833
p 2 36 883 1 14609 1923
p 2 29 891 0 14158 1882
p 2 36 883 1 15170 1934
p 2 26 892 2 14803 1895
p 2 35 885 0 15049 1858
p 2 28 892 0 15444 1876
p 2 22 898 0 14661 1825
p 2 23 897 0 15437 1884
p 2 20 900 0 14823 1785
p 2 26 894 0 15794 1874
p 2 22 898 0 15464 1773
p 2 0 823 97 6286 1173
p 2 7 492 421 4840 787
p 2 4 590 326 7594 914
p 2 9 610 301 8256 967
p 2 4 545 371 8862 882
p 2 6 448 466 8278 799
p 2 3 336 581 8503 684
p 2 5 368 547 9241 739
p 2 3 364 553 9326 709
p 2 8 404 508 9510 770
p 2 14 324 582 9907 734
p 2 14 340 566 9927 746
p 2 3 324 593 6607 610
p 2 3 296 621 7120 584
p 2 2 202 716 6922 485
p 2 1 195 724 7976 473
p 2 2 206 712 8323 485
p 2 6 285 629 9107 594
p 2 2 276 642 9276 558
p 2 6 194 720 9348 502
p 2 1 242 677 9650 528
p 2 2 279 639 9645 582
p 2 0 260 660 9526 551
p 2 0 215 705 10464 500
p 2 1 218 701 10007 512
p 2 1 253 666 10302 537
p 2 1 268 651 10913 559
p 2 6 258 656 11064 586
p 2 1 235 684 11689 524
p 2 7 234 679 12067 578
p 2 3 264 653 12250 592
p 2 5 262 653 11656 593
p 2 1 240 679 11968 549
p 2 2 258 660 12166 586
p 2 0 274 646 12101 575
p 2 0 276 644 11942 597
p 2 0 246 674 11861 544
p 2 0 242 678 12816 549
p 2 0 266 654 12433 568
p 2 0 278 642 12036 580
p 2 0 282 638 11647 594
p 2 1 256 663 12809 566
p 2 2 224 694 12581 536
p 2 1 264 655 12476 577
p 2 1 292 627 12540 608
p 2 0 273 647 11862 586
p 2 0 248 672 12186 561
p 2 0 254 666 12913 558
p 2 0 272 648 12365 574
p 2 1 274 645 12662 596
p 2 1 280 639 12701 592
p 2 1 254 665 12437 572
p 2 0 248 672 12229 549
p 2 1 290 629 12845 602
p 2 0 292 628 12416 588
p 2 2 252 666 11765 565
p 2 0 259 661 11909 569
p 2 1 289 630 11584 597
p 2 1 260 659 11806 572
p 2 0 226 694 11567 530
p 2 1 232 687 11087 525
p 2 1 254 665 10641 553
p 2 1 245 674 10648 531
p 2 1 207 712 10385 488
p 2 0 261 659 10208 540
p 2 1 233 686 9753 513
p 2 1 216 703 9275 496
p 2 0 198 722 8314 470
p 2 3 218 699 7999 501
p 2 1 216 703 7140 488
p 2 1 168 751 6663 431
p 2 1 174 745 7107 453
p 2 1 199 720 7113 470
p 2 1 188 731 6683 449
p 2 1 145 774 6554 415
p 2 1 139 780 5653 394
p 2 0 147 773 5443 401
p 2 0 138 782 5338 393
p 2 0 107 813 4818 349
p 2 0 111 809 4874 352
p 2 2 109 809 4193 352
p 2 2 95 823 3363 339
p 2 1 75 844 2954 309
p 2 0 82 838 2772 308
p 2 0 108 812 2518 327
p 2 1 85 834 2231 307
p 2 0 67 853 1711 283
p 2 0 69 851 1455 284
p 2 0 73 847 1217 281
p 2 0 52 868 933 252
p 2 0 36 884 657 237
p 2 0 38 882 506 238
p 2 0 35 885 418 238
p 2 0 45 875 300 245
p 2 0 35 885 246 228
p 2 186 734 0 18012 2525
p 2 198 722 0 17444 2594
p 2 190 730 0 20572 2658
p 2 204 716 0 18536 2689
p 2 197 723 0 20432 2698
p 2 214 706 0 18470 2701
p 2 208 712 0 20434 2768
p 2 229 691 0 18893 2807
p 2 230 690 0 19755 2842
p 2 249 671 0 18607 2871
p 2 242 678 0 19632 2911
p 2 272 648 0 18568 2953
p 2 259 661 0 18987 3020
p 2 311 609 0 18370 3062
p 2 308 612 0 18583 3195
p 2 358 562 0 17869 3316
p 2 349 571 0 17359 3334
p 2 466 454 0 16578 3493
p 2 450 470 0 15831 3536
p 2 476 444 0 14124 3608
p 2 483 437 0 12257 3495
p 2 522 398 0 10324 3433
p 2 687 233 0 6552 3349
p 2 917 3 0 3235 3205
p 2 0 1 919 200 200
p 2 0 0 920 197 197
p 2 0 80 840 247 247
p 2 0 0 920 197 197
p 2 0 0 920 197 197
p 2 0 0 920 197 197
p 2 0 0 920 197 197
p 2 0 0 920 197 197
i 2 920 0 0 75163 4724
p 2 0 915 5 19449 1372
p 2 1 916 3 23456 1410
p 2 1 918 1 23911 1419
p 2 1 919 0 24215 1434
p 2 1 918 1 24323 1444
p 2 2 915 3 24444 1426
p 2 1 917 2 24654 1428
p 2 1 918 1 24650 1439
p 2 2 918 0 24589 1446
p 2 2 917 1 24731 1455
p 2 0 919 1 24951 1435
p 2 2 917 1 25105 1447
p 2 1 919 0 25191 1442
p 2 1 918 1 25107 1434
p 2 2 917 1 24898 1459
p 2 0 919 1 25127 1430
p 2 0 916 4 25200 1440
p 2 1 917 2 25234 1437
p 2 0 919 1 24906 1440
p 2 1 919 0 24872 1454
p 2 1 917 2 25112 1442
p 2 1 914 5 24962 1436
p 2 0 919 1 25095 1432
p 2 0 915 5 24885 1422
p 2 2 916 2 24764 1428
p 2 1 916 3 25109 1446
p 2 2 916 2 24973 1443
p 2 0 919 1 25247 1441
p 2 1 914 5 25520 1433
p 2 1 918 1 25629 1442
p 2 2 917 1 25125 1443
p 2 0 919 1 25156 1443
p 2 0 918 2 25490 1440
p 2 2 917 1 25361 1449
p 2 1 918 1 25716 1449
p 2 1 914 5 25254 1424
p 2 0 917 3 25513 1438
p 2 1 916 3 25726 1428
p 2 5 913 2 25542 1440
p 2 2 916 2 25982 1425
p 2 1 918 1 25984 1445
p 2 0 917 3 25155 1425
p 2 0 917 3 25769 1425
p 2 0 918 2 25775 1432
p 2 0 918 2 25665 1420
p 2 0 917 3 25351 1430
p 2 1 916 3 25696 1434
p 2 0 917 3 25685 1435
p 2 0 916 4 25918 1445
p 2 0 918 2 25672 1428
p 2 0 917 3 25654 1433
p 2 0 917 3 25716 1427
p 2 0 916 4 25658 1425
i 2 920 0 0 48405 4002
p 2 0 175 745 426 358
p 2 0 133 787 335 315
p 2 0 46 874 240 236
p 2 0 45 875 236 231
p 2 0 11 909 207 206
p 2 0 18 902 215 212
p 2 0 7 913 206 203
p 2 0 11 909 211 206
p 2 0 4 916 201 201
p 2 0 4 916 201 200
p 2 0 2 918 199 199
p 2 0 1 919 198 198
p 2 0 1 919 199 199
p 2 0 2 918 199 198
p 2 0 0 920 197 197
p 2 0 0 920 197 197
p 2 0 2 918 199 199
p 2 0 4 916 200 200
p 2 0 5 915 201 201
p 2 0 6 914 201 201
p 2 0 1 919 198 198
p 2 0 1 919 198 198
p 2 0 0 920 197 197
p 2 0 2 918 202 199
p 2 0 15 905 216 207
p 2 0 19 901 215 213
p 2 0 9 911 205 204
p 2 0 19 901 216 211
p 2 0 6 914 203 203
p 2 0 6 914 204 202
p 2 0 5 915 204 203
p 2 0 8 912 210 204
p 2 0 5 915 204 202
p 2 0 2 918 200 199
p 2 0 2 918 200 200
p 2 0 3 917 202 200
p 2 0 2 918 200 199
p 2 0 7 913 205 202
p 2 0 3 917 200 200
p 2 0 3 917 200 200
p 2 0 1 919 198 198
p 2 0 1 919 198 198
p 2 0 0 920 197 197
p 2 0 0 920 197 197
p 2 0 5 915 207 201
p 2 0 9 911 215 204
p 2 0 1 919 199 198
p 2 0 2 918 200 199
p 2 0 0 920 197 197
p 2 0 1 919 198 198
p 2 0 5 915 203 200
p 2 0 5 915 203 201
p 2 0 2 918 199 199
p 2 0 1 919 199 198
p 2 0 2 918 203 199
p 2 0 1 919 199 198
p 2 0 1 919 198 198
p 2 0 5 915 204 200
p 2 0 1 919 199 198
p 2 0 0 920 197 197
p 2 0 3 917 200 199
p 2 0 0 920 197 197
p 2 0 3 917 201 199
p 2 0 0 920 197 197
p 2 0 4 916 202 200
p 2 0 2 918 200 199
p 2 0 1 919 199 199
p 2 0 1 919 198 198
p 2 0 1 919 198 198
p 2 0 0 920 197 197
p 2 0 0 920 197 197
p 2 0 2 918 199 199
p 2 0 5 915 202 201
p 2 0 2 918 201 199
p 2 0 0 920 197 197
p 2 0 1 919 198 198
p 2 0 0 920 197 197
p 2 0 0 920 197 197
p 2 0 2 918 200 199
p 2 0 2 918 201 199
p 2 0 0 920 197 197
p 2 0 0 920 197 197
p 2 0 0 920 197 197
p 2 0 0 920 197 197
p 2 0 0 920 197 197
p 2 0 0 920 197 197
p 2 0 3 917 200 199
p 2 0 0 920 197 197
p 2 0 0 920 197 197
p 2 0 0 920 197 197
p 2 0 2 918 200 199
p 2 0 0 920 197 197
p 2 0 0 920 197 197
p 2 0 0 920 197 197
p 2 0 0 920 197 197
p 2 0 0 920 197 197
p 2 0 0 920 197 197
p 2 0 1 919 198 198
p 2 0 0 920 197 197
p 2 0 1 919 198 198
p 2 0 1 919 198 198
p 2 0 0 920 197 197
p 2 0 0 920 197 197
p 2 0 2 918 200 199
p 2 0 0 920 197 197
p 2 0 0 920 197 197
p 2 0 1 919 198 198
p 2 0 0 920 197 197
p 2 0 0 920 197 197
p 2 0 1 919 199 199
p 2 0 2 918 198 198
p 2 0 1 919 198 198
p 2 0 0 920 197 197
p 2 0 0 920 197 197
p 2 0 0 920 197 197
p 2 0 0 920 197 197
p 2 0 0 920 197 197
p 2 0 1 919 199 198
p 2 0 0 920 197 197
p 2 0 0 920 197 197
p 2 0 5 915 204 202
p 2 0 2 918 199 199
p 2 0 3 917 204 200
p 2 0 4 916 204 201
p 2 0 2 918 201 199
p 2 0 1 919 198 198
p 2 0 0 920 197 197
p 2 0 0 920 197 197
p 2 0 0 920 197 197
p 2 0 2 918 199 199
p 2 0 0 920 197 197
p 2 0 0 920 197 197
p 2 0 0 920 197 197
p 2 0 0 920 197 197
p 2 0 0 920 197 197
p 2 0 0 920 197 197
p 2 0 0 920 197 197
p 2 0 0 920 197 197
p 2 0 0 920 197 197
p 2 0 0 920 197 197
p 2 0 1 919 198 198
p 2 0 0 920 197 197
p 2 0 3 917 201 199
p 2 0 1 919 199 198
p 2 0 4 916 203 200
p 2 0 0 920 197 197
p 2 0 1 919 198 198
p 2 0 0 920 197 197
p 2 0 0 920 197 197
p 2 0 0 920 197 197
p 2 0 2 918 200 199
p 2 0 0 920 197 197
p 2 0 0 920 197 197
p 2 0 0 920 197 197
p 2 0 1 919 198 198
p 2 0 0 920 197 197
p 2 0 0 920 197 197
p 2 0 2 918 202 200
p 2 0 1 919 199 199
p 2 0 0 920 197 197
p 2 0 0 920 197 197
p 2 0 0 920 197 197
p 2 0 1 919 198 198
p 2 0 0 920 197 197
p 2 0 0 920 197 197
p 2 0 0 920 197 197
p 2 0 0 920 197 197
p 2 0 0 920 197 197
p 2 0 0 920 197 197
p 2 0 0 920 197 197
p 2 0 0 920 197 197
p 2 0 0 920 197 197
p 2 0 0 920 197 197
p 2 0 0 920 197 197
p 2 0 0 920 197 197
p 2 0 0 920 197 197
p 2 0 0 920 197 197
p 2 0 0 920 197 197
p 2 0 0 920 197 197
p 2 0 0 920 197 197
p 2 0 0 920 197 197
p 2 0 0 920 197 197
p 2 0 0 920 197 197
p 2 0 0 920 197 197
p 2 0 0 920 197 197
p 2 0 0 920 197 197
p 2 0 0 920 197 197
p 2 0 0 920 197 197
p 2 0 0 920 197 197
p 2 0 0 920 197 197
p 2 0 0 920 197 197
p 2 0 0 920 197 197
p 2 0 0 920 197 197
p 2 0 0 920 197 197
p 2 0 0 920 197 197
p 2 0 1 919 198 198
p 2 0 0 920 197 197
p 2 0 0 920 197 197
p 2 0 0 920 197 197
p 2 0 0 920 197 197
p 2 0 0 920 197 197
p 2 0 0 920 197 197
p 2 0 0 920 197 197
p 2 0 0 920 197 197
p 2 0 1 919 199 198
p 2 0 0 920 197 197
p 2 0 0 920 197 197
p 2 0 0 920 197 197
i 2 920 0 0 64917 4955
p 2 0 214 706 489 401
p 2 0 162 758 358 340
p 2 0 62 858 262 250
p 2 0 74 846 273 260
p 2 0 33 887 232 224
p 2 0 27 893 479 222
p 2 0 11 909 213 207
p 2 0 11 909 209 206
p 2 0 6 914 446 203
p 2 0 5 915 212 203
p 2 0 2 918 202 199
p 2 0 6 914 432 203
p 2 0 4 916 213 202
p 2 0 2 918 200 199
p 2 0 6 914 423 203
p 2 0 6 914 208 202
p 2 0 3 917 202 200
p 2 0 6 914 468 204
p 2 0 5 915 206 201
p 2 0 1 919 200 198
p 2 0 4 916 495 201
p 2 0 5 915 209 201
p 2 0 1 919 199 198
p 2 0 6 914 434 204
p 2 0 5 915 211 201
p 2 0 2 918 202 199
p 2 0 3 917 420 201
p 2 0 1 919 206 199
p 2 0 4 916 207 201
p 2 0 5 915 460 203
p 2 0 2 918 207 199
p 2 0 8 912 205 203
p 2 0 3 917 498 202
p 2 0 9 911 211 205
p 2 0 3 917 202 200
p 2 0 4 916 460 202
p 2 0 3 917 204 200
p 2 0 3 917 200 199
p 2 0 3 917 483 201
p 2 0 2 918 205 200
p 2 0 3 917 202 199
p 2 0 8 912 435 205
p 2 0 6 914 215 203
p 2 0 3 917 201 199
p 2 0 4 916 426 202
p 2 0 3 917 207 200
p 2 0 2 918 200 199
p 2 0 3 917 491 201
p 2 0 2 918 204 199
p 2 0 2 918 202 199
p 2 0 0 920 197 197
p 2 0 0 920 197 197
p 2 0 1 919 198 198
p 2 0 4 916 427 201
p 2 0 4 916 211 201
p 2 0 1 919 200 198
p 2 0 2 918 419 200
p 2 0 5 915 215 203
p 2 0 0 920 197 197
p 2 0 0 920 197 197
p 2 0 0 920 197 197
p 2 0 4 916 204 202
p 2 0 1 919 198 198
p 2 0 1 919 204 198
p 2 0 1 919 200 198
p 2 0 1 919 198 198
p 2 0 1 919 198 198
p 2 0 1 919 198 198
p 2 0 0 920 197 197
p 2 0 1 919 198 198
p 2 0 1 919 198 198
p 2 0 0 920 197 197
p 2 0 1 919 198 198
p 2 0 0 920 197 197
p 2 0 4 916 444 202
p 2 0 1 919 199 198
p 2 0 0 920 197 197
p 2 1 2 917 402 207
p 2 0 5 915 208 203
p 2 0 2 918 200 199
p 2 0 3 917 433 201
p 2 0 2 918 203 199
p 2 0 1 919 199 198
p 2 0 3 917 432 201
p 2 0 4 916 206 200
p 2 0 0 920 197 197
p 2 0 3 917 423 200
p 2 0 2 918 203 199
p 2 0 0 920 197 197
p 2 0 0 920 197 197
p 2 0 0 920 197 197
p 2 0 0 920 197 197
p 2 0 0 920 197 197
p 2 0 0 920 197 197
p 2 0 1 919 198 198
p 2 0 4 916 425 201
p 2 0 2 918 203 199
p 2 0 3 917 358 200
p 2 0 1 919 203 198
p 2 0 1 919 200 198
p 2 0 2 918 199 199
p 2 0 1 919 198 198
p 2 0 1 919 199 198
p 2 0 1 919 198 198
p 2 0 2 918 199 199
p 2 0 1 919 198 198
p 2 0 1 919 199 199
p 2 0 1 919 199 198
p 2 0 0 920 197 197
p 2 0 0 920 197 197
p 2 0 0 920 197 197
p 2 0 2 918 201 199
p 2 0 0 920 197 197
p 2 0 1 919 199 198
p 2 0 0 920 197 197
p 2 0 0 920 197 197
p 2 0 0 920 197 197
p 2 0 0 920 197 197
p 2 0 1 919 199 199
p 2 0 0 920 197 197
p 2 0 1 919 198 198
p 2 0 0 920 197 197
p 2 0 3 917 200 200
p 2 0 1 919 200 198
p 2 0 4 916 201 200
p 2 0 4 916 492 202
p 2 0 4 916 209 201
p 2 0 2 918 201 198
p 2 0 4 916 421 203
p 2 0 4 916 209 202
p 2 0 2 918 199 199
p 2 0 3 917 419 201
p 2 0 3 917 204 200
p 2 0 0 920 197 197
p 2 0 4 916 431 203
p 2 0 4 916 208 201
p 2 0 2 918 201 198
p 2 0 2 918 427 201
p 2 0 2 918 201 199
p 2 0 1 919 200 198
p 2 0 0 920 197 197
p 2 0 0 920 197 197
p 2 0 1 919 198 198
p 2 0 0 920 197 197
p 2 0 0 920 197 197
p 2 0 1 919 198 198
p 2 0 0 920 197 197
p 2 0 0 920 197 197
p 2 0 0 920 197 197
p 2 0 2 918 428 201
p 2 0 2 918 207 200
p 2 0 1 919 198 198
p 2 0 4 916 443 202
p 2 0 3 917 206 200
p 2 0 1 919 199 198
p 2 0 4 916 462 203
p 2 0 3 917 206 200
p 2 0 1 919 199 198
p 2 0 3 917 493 202
p 2 0 2 918 206 200
p 2 0 1 919 200 198
p 2 0 4 916 441 202
p 2 0 3 917 206 200
p 2 0 0 920 197 197
p 2 0 3 917 419 201
p 2 0 2 918 207 199
p 2 0 2 918 202 199
p 2 0 3 917 456 201
p 2 0 3 917 206 200
p 2 0 1 919 200 198
p 2 0 3 917 497 201
p 2 0 2 918 209 200
p 2 0 0 920 197 197
p 2 0 3 917 428 200
p 2 0 2 918 205 199
p 2 0 0 920 197 197
p 2 0 4 916 421 201
p 2 0 2 918 201 199
p 2 0 0 920 197 197
p 2 1 2 917 459 207
p 2 0 1 919 200 198
p 2 0 0 920 197 197
p 2 0 3 917 492 201
p 2 0 2 918 203 199
p 2 0 2 918 201 199
p 2 0 4 916 430 202
p 2 0 4 916 210 201
p 2 0 1 919 198 198
p 2 0 3 917 420 201
p 2 0 2 918 204 200
p 2 0 0 920 197 197
p 2 0 0 920 197 197
p 2 0 1 919 198 198
p 2 0 0 920 197 197
p 2 0 0 920 197 197
p 2 0 3 917 433 201
p 2 0 2 918 205 199
p 2 0 0 920 197 197
p 2 0 3 917 434 201
p 2 0 5 915 210 202
p 2 0 2 918 199 199
p 2 0 0 920 197 197
p 2 0 0 920 197 197
p 2 0 0 920 197 197
p 2 0 0 920 197 197
p 2 0 0 920 197 197
p 2 0 0 920 197 197
p 2 0 1 919 199 198
p 2 0 0 920 197 197
p 2 0 0 920 197 197
p 2 0 0 920 197 197
p 2 0 0 920 197 197
p 2 0 1 919 199 199
p 2 0 1 919 198 198
p 2 0 1 919 199 198
p 2 0 3 917 489 201
p 2 0 2 918 204 199
p 2 0 1 919 200 198
p 2 0 3 917 435 201
p 2 0 2 918 205 200
p 2 0 1 919 201 199
p 2 0 4 916 420 202
p 2 0 2 918 206 199
p 2 0 0 920 197 197
p 2 0 3 917 423 201
p 2 0 3 917 205 200
p 2 0 0 920 197 197
p 2 0 3 917 419 201
p 2 0 1 919 201 198
p 2 0 0 920 197 197
p 2 0 3 917 459 201
p 2 0 2 918 213 200
p 2 0 1 919 198 198
p 2 0 4 916 501 203
p 2 0 3 917 209 200
p 2 0 1 919 200 198
p 2 0 3 917 424 201
p 2 0 2 918 207 200
p 2 0 1 919 200 198
p 2 0 4 916 425 202
p 2 0 3 917 202 200
p 2 0 4 916 203 201
p 2 0 3 917 430 201
p 2 0 1 919 200 198
p 2 0 2 918 200 200
p 2 0 2 918 426 201
p 2 0 2 918 204 199
p 2 0 1 919 201 198
p 2 0 2 918 426 201
p 2 0 224 696 684 410
p 2 0 58 862 276 249
p 2 0 17 903 462 213
p 2 0 15 905 228 210
p 2 0 7 913 210 202
p 2 0 5 915 426 204
p 2 0 5 915 210 201
p 2 0 5 915 204 200
p 2 0 7 913 430 204
p 2 0 12 908 214 205
p 2 0 5 915 206 201
p 2 1 3 916 463 208
p 2 0 7 913 212 203
p 2 0 3 917 201 200
p 2 0 6 914 497 204
p 2 0 11 909 218 206
p 2 0 3 917 203 200
p 2 0 7 913 427 204
p 2 0 4 916 206 201
p 2 0 4 916 205 201
p 2 0 7 913 423 204
p 2 0 8 912 213 204
p 2 0 3 917 202 200
p 2 1 3 916 457 208
p 2 0 2 918 205 198
p 2 0 1 919 199 198
p 2 0 4 916 493 202
p 2 0 2 918 206 198
p 2 0 4 916 205 200
p 2 0 4 916 210 201
p 2 0 0 920 197 197
p 2 0 0 920 197 197
p 2 0 3 917 429 200
p 2 0 5 915 213 202
p 2 0 1 919 199 198
p 2 0 2 918 427 200
p 2 0 3 917 206 200
p 2 0 0 920 197 197
p 2 0 1 919 198 198
p 2 0 3 917 202 200
p 2 0 4 916 202 201
p 2 0 2 918 199 198
p 2 0 2 918 200 200
p 2 0 1 919 199 198
p 2 0 1 919 198 198
p 2 0 1 919 198 198
p 2 0 4 916 200 200
p 2 0 3 917 428 201
p 2 0 2 918 203 199
p 2 0 1 919 200 199
p 2 0 3 917 436 201
p 2 0 3 917 211 200
p 2 0 0 920 197 197
p 2 1 2 917 459 207
p 2 0 3 917 206 199
p 2 0 0 920 197 197
p 2 0 4 916 495 203
p 2 0 2 918 206 199
p 2 0 2 918 204 199
p 2 0 3 917 422 201
p 2 0 3 917 215 201
p 2 0 1 919 199 198
p 2 0 4 916 418 202
p 2 0 5 915 208 202
p 2 0 0 920 197 197
p 2 1 5 914 460 209
p 2 0 2 918 204 200
p 2 0 0 920 197 197
p 2 0 5 915 496 204
p 2 0 3 917 209 200
p 2 0 0 920 197 197
p 2 0 4 916 429 202
p 2 0 2 918 206 200
p 2 0 1 919 199 198
p 2 0 3 917 426 201
p 2 0 2 918 205 199
p 2 0 2 918 202 199
p 2 0 3 917 423 202
p 2 0 2 918 207 199
p 2 0 0 920 197 197
p 2 0 2 918 429 201
p 2 0 2 918 204 199
p 2 0 1 919 199 198
p 2 0 2 918 430 201
p 2 0 2 918 207 200
p 2 0 0 920 197 197
p 2 0 3 917 447 201
p 2 0 2 918 201 199
p 2 0 1 919 199 198
p 2 0 4 916 421 201
p 2 0 4 916 206 200
p 2 0 2 918 200 199
p 2 0 3 917 420 201
p 2 0 3 917 208 201
p 2 0 2 918 200 199
p 2 1 4 915 466 209
p 2 0 2 918 201 199
p 2 0 0 920 197 197
p 2 0 4 916 501 202
p 2 0 2 918 209 199
p 2 0 2 918 200 199
p 2 1 2 917 459 207
p 2 0 2 918 210 200
p 2 0 1 919 198 198
p 2 0 3 917 493 202
p 2 0 4 916 213 201
p 2 0 1 919 199 198
p 2 0 3 917 425 201
p 2 0 2 918 205 199
p 2 0 2 918 201 199
p 2 0 3 917 417 201
p 2 0 3 917 204 200
p 2 0 0 920 197 197
p 2 0 0 920 197 197
p 2 0 0 920 197 197
p 2 0 0 920 197 197
p 2 0 1 919 200 198
p 2 0 0 920 197 197
p 2 0 4 916 418 202
p 2 0 1 919 200 198
p 2 0 3 917 428 201
p 2 0 2 918 205 199
p 2 11 294 615 22125 910
p 2 0 201 719 948 407
p 2 0 294 626 18977 765
p 2 0 230 690 1053 442
p 2 0 296 624 16172 704
p 2 0 207 713 957 409
p 2 1 287 632 16469 691
p 2 0 218 702 998 422
p 2 0 145 775 593 332
p 2 0 80 840 1235 279
p 2 0 65 855 375 257
p 2 0 55 865 315 243
p 2 3 104 813 1125 317
p 2 0 61 859 345 247
p 2 0 43 877 295 233
p 2 1 42 877 1041 243
p 2 0 43 877 319 234
p 2 0 19 901 241 211
p 2 0 31 889 1053 235
p 2 0 23 897 271 219
p 2 0 32 888 288 227
p 2 0 19 901 1062 222
p 2 0 17 903 245 212
p 2 0 11 909 221 205
p 2 3 30 887 902 247
p 2 0 15 905 234 211
p 2 0 11 909 234 206
p 2 0 7 913 213 202
p 2 0 11 909 229 207
p 2 0 5 915 212 202
p 2 0 4 916 207 201
p 2 0 4 916 204 200
p 2 0 7 913 216 202
p 2 1 11 908 981 218
p 2 0 12 908 236 207
p 2 0 10 910 225 205
p 2 0 12 908 998 217
p 2 0 8 912 230 206
p 2 0 10 910 217 204
p 2 2 5 913 690 218
p 2 0 13 907 235 208
p 2 0 7 913 208 203
p 2 1 9 910 750 213
p 2 0 3 917 212 200
p 2 0 5 915 207 201
p 2 0 13 907 1057 215
p 2 0 6 914 223 203
p 2 0 4 916 201 200
p 2 0 11 909 983 217
p 2 0 9 911 225 206
p 2 0 3 917 204 200
p 2 0 8 912 1036 213
p 2 0 7 913 226 205
p 2 0 5 915 211 202
p 2 3 6 911 840 227
p 2 0 4 916 210 201
p 2 0 0 920 197 197
p 2 1 7 912 963 213
p 2 0 6 914 220 203
p 2 0 2 918 204 199
p 2 3 13 904 859 231
p 2 0 12 908 213 205
p 2 0 3 917 203 199
p 2 1 9 910 965 215
p 2 0 8 912 228 205
p 2 0 2 918 201 198
p 2 0 8 912 982 215
p 2 0 7 913 221 203
p 2 0 3 917 203 200
p 2 0 14 906 1040 217
p 2 0 13 907 225 207
p 2 0 1 919 199 198
p 2 0 0 920 197 197
p 2 0 0 920 197 197
p 2 0 0 920 197 197
p 2 0 0 920 197 197
p 2 0 0 920 197 197
p 2 0 0 920 197 197
p 2 0 0 920 197 197
p 2 0 8 912 989 214
p 2 0 6 914 226 203
p 2 2 6 912 684 218
p 2 0 3 917 206 200
p 2 0 0 920 197 197
i 2 920 0 0 47530 4380
p 2 0 146 774 384 329
p 2 0 110 810 320 297
p 2 42 596 282 37359 1834
p 2 0 404 516 1519 641
p 2 0 163 757 547 351
p 2 43 608 269 38307 1873
p 2 0 403 517 1519 670
p 2 0 199 721 591 384
p 2 36 591 293 39594 1815
p 2 0 411 509 1604 654
p 2 0 177 743 601 364
p 2 58 580 282 41958 1964
p 2 0 379 541 1548 621
p 2 0 146 774 521 339
p 2 2 136 782 1050 359
p 2 0 80 840 349 272
p 2 0 131 789 491 318
p 2 2 63 855 1509 281
p 2 0 78 842 400 272
p 2 0 39 881 286 233
p 2 0 79 841 1103 289
p 2 0 35 885 263 228
p 2 0 22 898 227 216
p 2 1 33 886 1077 248
p 2 0 32 888 288 224
p 2 0 62 858 377 254
p 2 0 22 898 240 214
p 2 0 36 884 278 229
p 2 0 25 895 265 219
p 2 0 60 860 1078 271
p 2 0 52 868 346 244
p 2 0 32 888 677 246
p 2 0 17 903 241 215
p 2 0 7 913 214 204
p 2 0 11 909 226 207
p 2 0 18 902 1108 230
p 2 0 23 897 271 220
p 2 0 11 909 226 208
p 2 2 17 901 1046 239
p 2 0 12 908 238 209
p 2 0 4 916 206 200
p 2 0 29 891 996 239
p 2 0 18 902 243 214
p 2 0 11 909 217 206
p 2 1 20 899 1056 238
p 2 0 15 905 260 213
p 2 0 13 907 233 209
p 2 2 23 895 774 251
p 2 0 15 905 241 210
p 2 0 12 908 221 207
p 2 2 17 901 1413 240
p 2 0 12 908 240 209
p 2 0 7 913 210 201
p 2 0 18 902 974 230
p 2 0 14 906 239 212
p 2 0 10 910 216 204
p 2 1 18 901 1044 236
p 2 0 19 901 256 217
p 2 0 9 911 216 206
p 2 2 19 899 770 243
p 2 0 20 900 255 216
p 2 0 11 909 224 206
p 2 2 20 898 1413 242
p 2 0 8 912 231 205
p 2 0 5 915 208 201
p 2 0 20 900 985 232
p 2 0 17 903 239 213
p 2 0 7 913 208 203
p 2 1 18 901 1056 238
p 2 0 10 910 238 208
p 2 0 3 917 204 200
p 2 0 17 903 961 229
p 2 0 12 908 231 208
p 2 0 9 911 217 206
p 2 0 18 902 648 233
p 2 0 10 910 230 211
p 2 0 12 908 219 208
p 2 0 16 904 1100 228
p 2 0 10 910 231 208
p 2 0 5 915 211 200
p 2 2 17 901 1053 239
p 2 0 7 913 222 205
p 2 0 2 918 200 198
p 2 0 19 901 968 233
p 2 0 11 909 221 207
p 2 0 7 913 207 203
p 2 1 16 903 1043 235
p 2 0 7 913 227 205
p 2 0 2 918 200 199
p 2 2 18 900 760 242
p 2 0 16 904 229 212
p 2 0 13 907 216 207
p 2 2 15 903 1401 237
p 2 0 6 914 225 204
p 2 0 4 916 207 201
p 2 0 17 903 984 230
p 2 0 9 911 217 206
p 2 0 5 915 202 201
p 2 1 16 903 1035 235
p 2 0 9 911 233 206
p 2 0 2 918 203 199
p 2 2 15 903 711 241
p 2 0 12 908 224 209
p 2 0 11 909 224 207
p 2 2 15 903 1402 237
p 2 0 6 914 225 204
p 2 0 2 918 200 199
p 2 0 17 903 980 230
p 2 0 12 908 219 209
p 2 0 6 914 206 202
p 2 1 16 903 1036 235
p 2 0 10 910 231 206
p 2 0 5 915 210 202
p 2 0 0 920 197 197
p 2 0 1 919 199 199
p 2 0 18 902 954 230
p 2 0 13 907 220 209
p 2 0 17 903 655 234
i 2 920 0 0 53490 4761
p 2 0 174 746 451 367
p 2 0 132 788 342 315
p 2 0 50 870 248 240
p 2 0 56 864 259 249
p 2 0 27 893 224 221
p 2 0 15 905 209 209
p 2 0 12 908 208 207
p 2 0 3 917 200 200
p 2 0 4 916 202 201
p 2 0 0 920 197 197
p 2 0 2 918 200 200
p 2 1 5 914 584 209
p 2 0 4 916 207 201
p 2 0 1 919 200 199
p 2 1 10 909 1036 217
p 2 0 5 915 209 202
p 2 0 3 917 200 199
p 2 1 12 907 461 223
p 2 0 4 916 203 203
p 2 0 1 919 199 198
p 2 2 10 908 977 223
p 2 0 7 913 207 202
p 2 0 0 920 197 197
p 2 0 12 908 720 217
p 2 0 6 914 208 204
p 2 0 4 916 202 202
p 2 1 9 910 1028 217
p 2 0 6 914 212 201
p 2 0 0 920 197 197
p 2 1 10 909 459 223
p 2 0 5 915 205 203
p 2 0 4 916 204 202
p 2 0 1 919 199 199
p 2 0 2 918 199 199
p 2 0 1 919 198 198
p 2 0 1 919 198 198
p 2 0 0 920 197 197
p 2 0 2 918 199 199
p 2 2 7 911 974 221
p 2 0 3 917 205 200
p 2 0 2 918 199 199
p 2 1 11 908 464 226
p 2 0 5 915 205 204
p 2 0 0 920 197 197
p 2 2 7 911 967 220
p 2 0 3 917 203 199
p 2 0 1 919 198 198
p 2 0 13 907 724 220
p 2 0 9 911 214 207
p 2 0 4 916 202 202
p 2 1 8 911 1020 215
p 2 0 3 917 205 199
p 2 0 0 920 197 197
p 2 0 7 913 201 201
p 2 0 0 920 197 197
p 2 0 0 920 197 197
p 2 0 0 920 197 197
p 2 0 0 920 197 197
p 2 0 0 920 197 197
p 2 0 1 919 201 199
p 2 0 14 906 729 221
p 2 0 10 910 210 206
p 2 0 7 913 441 209
p 2 0 5 915 205 200
p 2 0 0 920 197 197
p 2 0 0 920 197 197
p 2 0 0 920 197 197
p 2 0 0 920 197 197
p 2 0 0 920 197 197
p 2 0 0 920 197 197
i 2 920 0 0 50475 4004
p 2 0 220 700 473 399
p 2 0 172 748 376 352
p 2 0 72 848 266 258
p 2 0 51 869 246 239
p 2 0 16 904 220 212
p 2 0 20 900 220 214
p 2 0 5 915 209 203
p 2 0 5 915 211 203
p 2 0 1 919 203 198
p 2 0 3 917 208 201
p 2 17 31 872 3693 347
p 2 0 26 894 283 223
p 2 0 11 909 229 208
p 2 36 63 821 5866 518
p 2 0 61 859 375 268
p 2 0 32 888 259 225
p 2 44 83 793 8292 643
p 2 0 82 838 451 281
p 2 0 48 872 288 238
p 2 55 119 746 11295 810
p 2 0 85 835 460 291
p 2 0 47 873 278 239
p 2 59 162 699 13263 940
p 2 0 132 788 596 347
p 2 0 54 866 289 250
p 2 51 192 677 15249 1006
p 2 0 131 789 594 352
p 2 0 76 844 342 268
p 2 49 244 627 17113 1084
p 2 0 173 747 759 410
p 2 0 93 827 369 282
p 2 0 60 860 293 249
p 2 0 32 888 247 225
p 2 0 18 902 234 212
p 2 0 12 908 224 207
p 2 0 32 888 291 229
p 2 0 11 909 220 207
p 2 0 10 910 216 205
p 2 0 9 911 224 204
p 2 0 25 895 257 219
p 2 0 11 909 226 207
p 2 0 12 908 221 207
p 2 0 5 915 207 201
p 2 0 18 902 225 212
p 2 0 9 911 211 203
p 2 0 9 911 216 205
p 2 0 4 916 208 200
p 2 0 23 897 245 217
p 2 0 22 898 241 214
p 2 0 31 889 258 224
p 2 0 12 908 239 209
p 2 0 15 905 234 209
p 2 0 6 914 216 202
p 2 0 5 915 214 202
p 2 0 4 916 211 201
p 2 0 3 917 205 200
p 2 0 3 917 208 200
p 2 0 2 918 203 200
p 2 0 3 917 207 199
p 2 0 3 917 205 200
p 2 0 2 918 204 199
p 2 0 1 919 203 199
p 2 0 4 916 207 201
p 2 0 2 918 208 199
p 2 0 2 918 208 200
p 2 0 4 916 208 200
p 2 0 9 911 224 204
p 2 0 3 917 207 199
p 2 0 4 916 211 202
p 2 0 6 914 215 202
p 2 0 5 915 212 201
p 2 0 2 918 204 199
p 2 0 2 918 201 199
p 2 0 4 916 208 201
p 2 0 5 915 209 201
p 2 0 5 915 208 200
p 2 0 3 917 204 200
p 2 0 5 915 206 202
p 2 0 2 918 199 199
p 2 0 3 917 202 200
p 2 0 3 917 200 200
p 2 0 2 918 200 199
p 2 0 0 920 197 197
p 2 0 2 918 201 200
p 2 0 2 918 201 199
p 2 0 2 918 199 198
p 2 0 2 918 201 199
p 2 0 5 915 211 201
p 2 0 2 918 201 199
p 2 0 1 919 198 198
p 2 0 1 919 198 198
p 2 0 1 919 200 198
p 2 0 1 919 198 198
p 2 0 0 920 197 197
p 2 0 0 920 197 197
p 2 0 5 915 203 200
p 2 0 6 914 210 202
p 2 0 6 914 208 203
p 2 0 5 915 204 200
p 2 0 4 916 204 200
p 2 0 0 920 197 197
p 2 0 1 919 198 198
p 2 0 1 919 198 198
p 2 0 0 920 197 197
p 2 0 0 920 197 197
p 2 10 139 771 15559 542
p 2 0 107 813 643 311
p 2 7 155 758 16769 547
p 2 0 128 792 811 336
p 2 16 230 674 23410 767
p 2 0 182 738 966 389
p 2 28 236 656 24913 829
p 2 0 174 746 925 381
p 2 17 233 670 23186 757
p 2 0 209 711 1071 418
p 2 4 243 673 16599 643
p 2 0 172 748 815 371
p 2 8 238 674 16472 641
p 2 0 189 731 906 396
p 2 0 110 810 1063 310
p 2 0 52 868 317 241
p 2 0 42 878 564 234
p 2 0 13 907 226 209
p 2 0 19 901 588 214
p 2 0 22 898 249 214
p 2 0 25 895 259 218
p 2 0 8 912 223 204
p 2 0 8 912 221 204
p 2 0 4 916 206 200
p 2 0 14 906 229 209
p 2 0 10 910 217 205
p 2 0 13 907 231 208
p 2 0 8 912 211 203
p 2 0 1 919 198 198
p 2 0 2 918 203 199
p 2 0 8 912 735 207
p 2 0 3 917 208 199
p 2 0 4 916 498 208
p 2 0 2 918 202 199
i 2 920 0 0 56626 4554
p 2 0 844 76 10761 1086
p 2 0 887 33 12878 1144
p 2 0 857 63 13523 1128
p 2 0 888 32 13521 1148
p 2 0 847 73 14334 1151
p 2 0 858 62 14205 1154
p 2 0 859 61 14363 1166
p 2 0 865 55 14926 1176
p 2 0 866 54 14523 1165
p 2 0 867 53 15057 1176
p 2 0 876 44 15070 1188
p 2 0 869 51 15322 1187
p 2 0 875 45 15363 1198
p 2 0 880 40 15392 1193
p 2 0 879 41 15726 1201
p 2 0 887 33 15747 1209
p 2 0 885 35 15983 1227
p 2 0 892 28 16386 1221
p 2 0 888 32 15336 1197
p 2 0 891 29 16511 1223
p 2 0 885 35 15677 1208
p 2 0 888 32 16274 1221
p 2 0 893 27 16511 1236
p 2 0 892 28 16198 1233
p 2 0 885 35 16929 1248
p 2 0 898 22 16373 1252
p 2 0 889 31 16647 1237
p 2 0 902 18 16883 1259
p 2 0 890 30 16625 1233
p 2 0 899 21 16830 1247
p 2 0 894 26 16690 1248
p 2 0 910 10 17315 1260
p 2 0 893 27 17205 1265
p 2 0 900 20 17009 1266
p 2 0 903 17 17319 1263
p 2 0 888 32 17211 1245
p 2 0 894 26 18167 1257
p 2 0 898 22 17509 1252
p 2 0 888 32 17935 1252
p 2 0 895 25 17958 1253
p 2 0 893 27 18047 1253
p 2 0 900 20 18458 1276
p 2 0 895 25 17798 1272
p 2 0 902 18 17885 1274
p 2 0 905 15 18553 1278
p 2 0 896 24 17534 1259
p 2 0 902 18 18904 1299
p 2 0 901 19 17558 1263
p 2 0 904 16 18776 1279
p 2 0 903 17 18322 1289
p 2 0 898 22 18369 1274
p 2 0 900 20 18927 1284
p 2 0 902 18 18567 1298
p 2 0 900 20 19223 1289
p 2 0 904 16 18673 1290
p 2 0 905 15 18723 1278
p 2 0 902 18 19140 1295
p 2 0 903 17 18889 1288
p 2 0 910 10 19608 1310
p 2 0 904 16 18938 1286
p 2 0 905 15 18726 1298
p 2 0 909 11 19665 1318
p 2 0 899 21 18688 1287
p 2 0 907 13 19399 1305
p 2 0 903 17 18622 1298
p 2 0 903 17 19069 1294
p 2 0 898 22 19373 1301
p 2 0 901 19 19528 1295
p 2 0 888 32 20083 1305
p 2 0 901 19 19569 1317
i 2 920 0 0 29926 4029
p 2 0 898 22 10618 1453
p 2 2 898 20 10569 1413
p 2 1 907 12 10719 1409
p 2 0 908 12 11929 1454
p 2 38 880 2 12073 1546
p 2 40 878 2 11857 1502
p 2 0 920 0 12443 1426
p 2 0 918 2 12514 1417
p 2 0 919 1 11780 1445
p 2 0 920 0 11494 1444
p 2 0 918 2 10347 1411
p 2 0 914 6 10893 1415
p 2 0 914 6 10564 1408
p 2 0 917 3 11337 1425
p 2 0 917 3 10624 1422
p 2 0 911 9 10880 1402
p 2 0 918 2 10851 1441
p 2 0 910 10 11083 1413
p 2 0 915 5 10576 1417
p 2 0 916 4 10721 1399
p 2 0 916 4 10967 1400
p 2 0 914 6 10668 1384
p 2 0 916 4 10635 1403
p 2 0 911 9 9995 1371
p 2 0 919 1 10906 1405
p 2 0 916 4 10184 1381
p 2 0 918 2 10336 1396
p 2 0 917 3 9495 1346
p 2 0 920 0 9373 1358
p 2 0 914 6 9794 1344
p 2 34 885 1 9531 1406
p 2 31 886 3 9192 1394
p 2 29 888 3 9146 1434
p 2 1 916 3 9441 1366
p 2 1 917 2 9078 1379
p 2 4 904 12 9038 1334
p 2 2 915 3 9391 1416
p 2 3 901 16 9904 1393
p 2 3 912 5 10415 1415
p 2 3 913 4 10363 1405
p 2 2 912 6 10851 1402
p 2 3 913 4 10898 1422
p 2 4 913 3 11418 1471
p 2 3 910 7 11106 1388
p 2 3 916 1 12415 1413
p 2 5 914 1 12385 1423
p 2 5 907 8 12991 1480
p 2 5 905 10 12911 1428
p 2 5 914 1 13431 1424
p 2 3 916 1 13595 1398
p 2 1 919 0 13953 1405
p 2 3 914 3 14150 1415
p 2 1 917 2 13980 1399
p 2 2 918 0 14572 1356
p 2 4 916 0 14181 1409
p 2 0 916 4 15070 1432
p 2 0 919 1 13786 1410
p 2 1 916 3 14905 1386
p 2 13 906 1 14554 1412
p 2 20 897 3 15342 1496
p 2 1 916 3 15500 1468
p 2 4 910 6 15486 1427
p 2 3 914 3 16402 1425
p 2 3 910 7 16079 1455
p 2 5 911 4 16996 1504
p 2 2 916 2 16773 1445
p 2 2 916 2 16545 1417
p 2 1 912 7 16430 1409
p 2 1 915 4 17237 1476
p 2 0 916 4 16798 1453
p 2 2 917 1 17035 1442
p 2 0 917 3 17049 1398
p 2 0 917 3 16899 1472
p 2 0 914 6 18122 1450
p 2 0 914 6 17201 1423
p 2 0 917 3 17327 1397
p 2 0 915 5 16508 1395
p 2 0 912 8 16882 1448
p 2 0 920 0 16947 1425
p 2 23 896 1 17361 1473
p 2 1 914 5 17277 1419
p 2 29 887 4 17544 1551
p 2 22 896 2 17516 1506
p 2 15 904 1 17853 1455
p 2 20 897 3 17933 1494
p 2 26 889 5 17588 1512
p 2 29 890 1 17149 1560
p 2 28 890 2 16817 1515
p 2 20 897 3 16584 1476
p 2 22 896 2 16864 1496
p 2 16 903 1 17236 1544
p 2 17 901 2 17258 1517
p 2 7 909 4 16595 1457
p 2 0 913 7 16865 1417
p 2 0 919 1 16696 1449
i 2 920 0 0 76078 5089
p 2 0 148 772 399 336
p 2 4 184 732 3774 457
p 2 0 96 824 377 279
p 2 2 140 778 3128 390
p 2 0 64 856 357 259
p 2 2 120 798 2845 376
p 2 0 61 859 369 259
p 2 0 67 853 290 254
p 2 2 106 812 3973 370
p 2 0 70 850 421 270
p 2 0 40 880 267 231
p 2 1 89 830 3363 343
p 2 0 45 875 344 242
p 2 0 16 904 234 210
p 2 1 79 840 3442 334
p 2 0 51 869 349 246
p 2 0 22 898 247 216
p 2 4 93 823 3630 369
p 2 0 42 878 325 236
p 2 0 22 898 236 217
p 2 0 90 830 3065 338
p 2 0 65 855 369 257
p 2 0 27 893 246 218
p 2 2 100 818 2842 352
p 2 0 60 860 368 256
p 2 0 29 891 251 224
p 2 3 89 828 3936 357
p 2 0 46 874 388 249
p 2 0 20 900 240 216
p 2 2 88 830 3442 347
p 2 0 42 878 339 241
p 2 0 14 906 235 209
p 2 1 80 839 3491 338
p 2 0 50 870 350 248
p 2 0 29 891 267 223
p 2 5 97 818 3641 374
p 2 0 50 870 367 250
p 2 0 21 899 240 219
p 2 0 72 848 3069 323
p 2 0 54 866 367 250
p 2 0 17 903 230 210
p 2 42 299 579 24130 1163
p 2 0 213 707 910 425
p 2 0 90 830 371 281
p 2 30 300 590 23080 1099
p 2 0 205 715 911 416
p 2 0 92 828 417 285
p 2 80 282 558 25625 1388
p 2 0 207 713 883 423
p 2 0 105 815 412 297
p 2 87 295 538 27924 1429
p 2 0 245 675 967 454
p 2 0 110 810 428 298
p 2 33 374 513 25890 1232
p 2 0 231 689 981 450
p 2 0 118 802 412 305
p 2 33 341 546 26084 1219
p 2 0 256 664 1010 468
p 2 0 148 772 519 336
p 2 115 287 518 31382 1537
p 2 0 199 721 910 409
p 2 93 213 614 24822 1259
p 2 2 224 694 4420 505
p 2 86 221 613 20510 1146
p 2 0 149 771 651 347
p 2 76 241 603 20347 1122
p 2 0 170 750 748 375
p 2 79 141 700 11173 910
p 2 2 187 731 3811 450
p 2 29 287 604 18795 951
p 2 0 195 725 829 408
p 2 72 521 327 54136 1985
p 2 0 398 522 1693 647
p 2 79 421 420 40907 1674
p 2 9 465 446 15377 965
p 2 49 484 387 41779 1550
p 2 0 373 547 1438 597
p 2 35 476 409 38186 1490
p 2 0 382 538 1833 617
p 2 0 179 741 584 370
p 2 38 874 8 41592 2075
p 2 26 883 11 37481 1926
p 2 1 910 9 44664 1866
p 2 75 824 21 36021 2171
p 2 2 911 7 39555 1966
p 2 51 855 14 39407 2244
p 2 0 907 13 24449 1728
p 2 4 907 9 37890 1878
p 2 1 893 26 47542 1752
p 2 10 904 6 33137 1699
p 2 2 910 8 34131 1744
p 2 2 912 6 35996 1685
p 2 0 913 7 29520 1555
p 2 0 887 33 28445 1478
p 2 0 910 10 29550 1449
p 2 0 856 64 17822 1374
p 2 0 861 59 18751 1389
p 2 0 863 57 32781 1468
p 2 0 810 110 22888 1306
p 2 0 896 24 20772 1472
p 2 0 854 66 30020 1427
p 2 0 827 93 27961 1361
p 2 0 495 425 2094 721
p 2 0 297 623 1143 480
p 2 0 88 832 395 277
p 2 0 116 804 431 301
p 2 0 61 859 364 255
p 2 0 82 838 400 271
p 2 0 36 884 865 238
p 2 5 40 875 1224 269
p 2 2 43 875 2161 275
p 2 1 106 813 3230 343
p 2 2 76 842 3453 341
p 2 3 217 700 15949 650
p 2 2 170 748 3689 431
p 2 1 124 795 3043 371
p 2 0 218 702 15817 612
p 2 0 185 735 3323 433
p 2 0 145 775 2531 366
p 2 1 231 688 14072 610
p 2 0 138 782 667 337
p 2 0 65 855 350 253
p 2 12 305 603 28450 935
p 2 0 263 657 1251 471
p 2 0 101 819 433 289
p 2 91 406 423 37030 1645
p 2 0 320 600 1194 534
p 2 0 195 725 645 385
p 2 86 419 415 32183 1525
p 2 0 344 576 1198 558
p 2 0 168 752 470 349
p 2 71 329 520 27329 1309
p 2 0 289 631 1021 493
p 2 0 253 667 708 424
p 2 17 277 626 11063 738
p 2 0 256 664 817 440
p 2 0 128 792 409 310
p 2 21 205 694 10399 676
p 2 0 214 706 667 399
p 2 0 201 719 589 373
p 2 0 99 821 553 276
p 2 0 104 816 338 282
p 2 0 73 847 323 257
p 2 0 88 832 618 276
p 2 0 72 848 281 256
p 2 0 61 859 280 247
p 2 0 41 879 472 232
p 2 0 63 857 309 250
p 2 0 50 870 286 238
p 2 0 49 871 533 246
p 2 0 38 882 251 226
p 2 0 33 887 245 223
p 2 0 38 882 492 231
p 2 0 41 879 277 228
p 2 0 18 902 233 211
p 2 0 32 888 503 229
p 2 0 10 910 217 204
p 2 0 13 907 219 208
p 2 0 10 910 397 209
p 2 0 23 897 257 218
p 2 0 17 903 239 211
p 2 0 25 895 407 221
p 2 0 10 910 214 205
p 2 0 7 913 204 203
p 2 0 5 915 442 205
p 2 0 24 896 238 217
p 2 0 1 919 203 199
p 2 0 9 911 440 208
p 2 0 6 914 218 203
p 2 0 4 916 208 201
p 2 0 7 913 436 206
p 2 0 4 916 213 201
p 2 0 2 918 201 199
p 2 0 7 913 448 208
p 2 0 6 914 206 202
p 2 0 11 909 210 205
p 2 0 6 914 414 206
p 2 0 11 909 219 207
p 2 0 3 917 203 200
p 2 0 21 899 453 216
p 2 0 7 913 209 203
p 2 0 0 920 197 197
p 2 0 6 914 436 205
p 2 0 6 914 215 202
p 2 0 2 918 202 199
p 2 0 4 916 441 205
p 2 0 4 916 204 200
p 2 0 6 914 205 203
p 2 0 7 913 419 207
p 2 0 4 916 208 200
p 2 0 6 914 208 203
p 2 0 6 914 439 205
p 2 0 7 913 220 203
p 2 0 5 915 210 201
p 2 0 6 914 435 205
p 2 0 3 917 206 200
p 2 0 4 916 208 200
p 2 0 6 914 436 206
p 2 0 3 917 204 200
p 2 0 1 919 198 198
p 2 0 6 914 384 206
p 2 0 4 916 213 201
p 2 0 1 919 201 198
p 2 0 6 914 431 205
p 2 0 3 917 203 200
p 2 0 1 919 199 198
p 2 0 5 915 439 205
p 2 0 4 916 209 201
p 2 0 3 917 207 200
p 2 0 4 916 428 203
p 2 0 4 916 211 201
p 2 0 3 917 200 199
p 2 0 2 918 200 199
p 2 0 0 920 197 197
p 2 0 0 920 197 197
p 2 0 5 915 434 205
p 2 0 4 916 208 201
p 2 0 4 916 383 204
p 2 0 3 917 204 200
p 2 0 79 841 6618 338
p 2 0 61 859 440 259
p 2 2 83 835 5749 345
p 2 0 59 861 458 261
p 2 0 74 846 5393 325
p 2 0 60 860 441 257
p 2 0 48 872 349 243
p 2 0 14 906 229 209
p 2 0 14 906 229 206
p 2 0 8 912 217 205
p 2 0 4 916 206 200
p 2 0 5 915 206 201
p 2 0 12 908 231 208
p 2 0 0 920 197 197
p 2 0 6 914 214 203
p 2 0 3 917 203 200
p 2 0 1 919 198 198
p 2 0 4 916 210 200
p 2 0 1 919 198 198
p 2 0 0 920 197 197
p 2 0 5 915 210 201
p 2 0 1 919 199 198
p 2 0 0 920 197 197
p 2 0 1 919 199 198
p 2 0 0 920 197 197
p 2 0 0 920 197 197
p 2 0 0 920 197 197
p 2 0 0 920 197 197
p 2 0 0 920 197 197
p 2 0 0 920 197 197
p 2 0 571 349 3281 865
i 2 920 0 0 47003 4236
p 2 5 909 6 8094 1451
p 2 22 898 0 12569 1491
p 2 24 893 3 17581 1532
p 2 28 892 0 7751 1399
p 2 21 899 0 5898 1367
p 2 21 898 1 13556 1439
p 2 4 916 0 17572 1469
p 2 22 898 0 17732 1566
p 2 1 918 1 16336 1429
p 2 2 918 0 18194 1440
p 2 0 915 5 16602 1386
p 2 0 920 0 15084 1427
p 2 6 908 6 15858 1481
p 2 1 919 0 14828 1434
p 2 1 919 0 15274 1478
p 2 0 918 2 14651 1398
p 2 0 916 4 14505 1458
p 2 0 920 0 14500 1496
p 2 3 915 2 14352 1419
p 2 0 919 1 14640 1477
p 2 3 913 4 14684 1412
p 2 4 916 0 13621 1490
p 2 1 917 2 13096 1417
p 2 3 917 0 14331 1404
p 2 1 918 1 13337 1408
p 2 2 917 1 11020 1356
p 2 10 909 1 10435 1434
p 2 3 911 6 7862 1367
p 2 1 916 3 6726 1351
p 2 2 917 1 5461 1291
p 2 3 911 6 5980 1227
p 2 4 916 0 7775 1343
p 2 0 915 5 9494 1371
p 2 1 917 2 8706 1463
p 2 1 915 4 9192 1378
p 2 0 919 1 9832 1448
p 2 26 893 1 8535 1411
p 2 1 918 1 10087 1350
p 2 2 917 1 9252 1354
p 2 0 920 0 8940 1372
p 2 8 908 4 8300 1370
p 2 0 920 0 7076 1355
p 2 1 918 1 5942 1336
p 2 0 919 1 5552 1306
p 2 0 917 3 7998 1332
p 2 0 917 3 8262 1342
p 2 0 916 4 8662 1355
p 2 0 915 5 7697 1366
p 2 0 918 2 7933 1334
p 2 0 919 1 8495 1359
p 2 0 917 3 6280 1281
p 2 0 918 2 5051 1269
p 2 0 908 12 5822 1275
p 2 0 917 3 9608 1318
p 2 0 912 8 9839 1362
p 2 0 918 2 8818 1386
p 2 0 904 16 9597 1310
p 2 0 911 9 8029 1290
p 2 37 880 3 5873 1335
p 2 0 920 0 9026 1334
p 2 8 909 3 8736 1369
p 2 0 915 5 7912 1311
p 2 0 895 25 7092 1236
p 2 0 902 18 3603 1151
p 2 0 892 28 6274 1220
p 2 0 902 18 6837 1284
p 2 0 893 27 7831 1304
p 2 0 893 27 3858 1216
p 2 0 876 44 7038 1245
p 2 0 801 119 6703 1184
p 2 0 610 310 3758 888
p 2 0 395 525 861 564
p 2 0 158 762 408 341
p 2 0 118 802 357 301
p 2 0 90 830 310 277
p 2 0 74 846 278 256
p 2 0 71 849 304 259
p 2 0 40 880 242 229
p 2 0 17 903 219 212
p 2 0 21 899 229 215
p 2 0 15 905 218 210
p 2 0 30 890 233 221
p 2 0 16 904 216 212
p 2 0 34 886 228 223
p 2 0 8 912 205 203
p 2 0 6 914 202 202
p 2 0 3 917 200 200
p 2 0 5 915 204 201
p 2 0 4 916 201 200
p 2 0 2 918 200 199
p 2 0 1 919 198 198
p 2 0 1 919 198 198
p 2 0 7 913 202 202
p 2 0 0 920 197 197
i 2 920 0 0 40117 3971
p 2 0 244 676 473 412
p 2 0 192 728 375 359
p 2 0 92 828 289 273
p 2 0 99 821 275 274
p 2 0 28 892 227 221
p 2 1 26 893 559 230
p 2 0 24 896 236 215
p 2 0 9 911 214 205
p 2 0 18 902 881 222
p 2 0 15 905 230 208
p 2 0 8 912 205 202
p 2 0 17 903 594 219
p 2 0 7 913 218 206
p 2 0 5 915 210 202
p 2 0 13 907 860 218
p 2 0 7 913 232 206
p 2 0 3 917 202 199
p 2 0 12 908 434 218
p 2 0 8 912 217 204
p 2 0 8 912 202 202
p 2 1 11 908 886 220
p 2 0 5 915 217 202
p 2 0 3 917 203 200
p 2 0 15 905 597 216
p 2 0 8 912 217 205
p 2 0 7 913 207 201
p 2 0 15 905 888 219
p 2 0 9 911 221 206
p 2 0 2 918 199 199
p 2 0 15 905 441 222
p 2 0 7 913 211 203
p 2 0 9 911 203 203
p 2 1 14 905 898 222
p 2 0 5 915 213 203
p 2 0 3 917 202 201
p 2 0 12 908 596 216
p 2 0 9 911 216 205
p 2 0 10 910 212 207
p 2 0 15 905 871 218
p 2 0 9 911 221 205
p 2 0 3 917 201 200
p 2 0 13 907 588 216
p 2 0 10 910 216 206
p 2 0 4 916 207 202
p 2 0 11 909 415 217
p 2 0 10 910 214 206
p 2 0 8 912 221 205
p 2 1 14 905 558 218
p 2 0 7 913 211 203
p 2 0 0 920 197 197
p 2 0 8 912 908 215
p 2 0 8 912 219 205
p 2 0 5 915 210 202
p 2 0 15 905 596 219
p 2 0 9 911 220 207
p 2 0 3 917 202 201
p 2 0 13 907 874 218
p 2 0 4 916 213 202
p 2 0 3 917 205 199
p 2 1 8 911 438 220
p 2 0 7 913 206 203
p 2 0 6 914 201 201
p 2 1 13 906 894 222
p 2 0 8 912 224 205
p 2 0 4 916 209 201
p 2 0 13 907 594 216
p 2 0 12 908 217 208
p 2 0 2 918 199 199
p 2 0 13 907 859 217
p 2 0 10 910 225 206
p 2 0 2 918 200 199
p 2 1 9 910 435 220
p 2 0 10 910 213 205
p 2 0 8 912 205 203
p 2 1 16 903 900 222
p 2 0 4 916 214 201
p 2 0 3 917 200 200
p 2 0 13 907 602 218
p 2 0 10 910 214 205
p 2 0 5 915 201 201
p 2 0 12 908 870 219
p 2 0 4 916 215 201
p 2 0 1 919 198 198
p 2 0 0 920 197 197
p 2 0 0 920 197 197
p 2 0 0 920 197 197
p 2 0 0 920 197 197
p 2 0 0 920 197 197
p 2 0 6 914 201 201
p 2 0 0 920 197 197
p 2 0 13 907 596 216
p 2 0 9 911 215 205
p 2 0 14 906 423 216
p 2 0 9 911 211 205
i 2 920 0 0 76656 5103
p 2 0 98 822 341 285
p 2 0 317 603 17926 776
p 2 0 220 700 1034 438
p 2 4 303 613 16817 737
p 2 0 221 699 1045 433
p 2 0 295 625 15912 690
p 2 0 212 708 1050 424
p 2 0 119 801 514 307
p 2 1 122 797 915 335
p 2 0 37 883 278 231
p 2 0 45 875 283 234
p 2 4 54 862 1104 275
p 2 0 75 845 392 266
p 2 0 66 854 365 254
p 2 0 64 856 941 269
p 2 0 33 887 279 228
p 2 0 29 891 256 221
p 2 1 43 876 1045 249
p 2 0 59 861 377 252
p 2 0 17 903 238 211
p 2 1 36 883 673 253
p 2 0 31 889 273 225
p 2 0 28 892 262 221
p 2 4 76 840 1168 298
p 2 0 30 890 266 223
p 2 0 38 882 299 230
p 2 0 59 861 914 263
p 2 0 57 863 372 249
p 2 0 21 899 238 215
p 2 1 36 883 1025 241
p 2 0 21 899 254 215
p 2 0 25 895 257 217
p 2 0 22 898 815 229
p 2 0 28 892 265 224
p 2 0 10 910 218 206
p 2 0 24 896 499 231
p 2 0 13 907 221 209
p 2 0 14 906 226 210
p 2 2 15 903 896 230
p 2 0 11 909 221 206
p 2 0 7 913 210 201
p 2 1 18 901 952 230
p 2 0 12 908 221 207
p 2 0 8 912 213 204
p 2 1 17 902 608 233
p 2 0 13 907 223 210
p 2 0 5 915 203 201
p 2 4 47 869 1082 270
p 2 0 15 905 233 209
p 2 0 10 910 217 205
p 2 0 25 895 847 235
p 2 0 15 905 246 213
p 2 0 8 912 209 203
p 2 1 16 903 967 225
p 2 0 10 910 224 205
p 2 0 0 920 197 197
p 2 0 1 919 200 198
p 2 0 1 919 199 198
p 2 0 0 920 197 197
p 2 0 3 917 203 200
p 2 0 0 920 197 197
p 2 0 0 920 197 197
p 2 0 1 919 199 198
p 2 0 13 907 802 224
p 2 0 9 911 226 208
p 2 0 9 911 449 219
p 2 0 9 911 213 205
p 2 0 2 918 199 199
p 2 57 367 496 43033 1487
p 2 0 299 621 1407 519
p 2 0 96 824 455 288
p 2 73 391 456 42441 1621
p 2 0 335 585 1499 566
p 2 0 133 787 573 328
p 2 36 434 450 41329 1448
p 2 0 331 589 1509 574
p 2 0 140 780 526 327
p 2 35 445 440 39276 1453
p 2 0 351 569 1604 586
p 2 0 148 772 562 333
p 2 0 73 847 356 262
p 2 0 70 850 391 262
p 2 0 50 870 309 239
p 2 14 433 473 36215 1215
p 2 0 320 600 1459 549
p 2 0 107 813 461 296
p 2 26 435 459 34102 1238
p 2 0 331 589 1576 567
p 2 0 217 703 790 405
p 2 29 459 432 34517 1302
p 2 0 314 606 1475 548
p 2 0 139 781 559 330
p 2 57 448 415 36750 1480
p 2 0 352 568 1515 576
p 2 0 144 776 555 335
p 2 2 93 825 960 313
p 2 0 53 867 293 242
p 2 0 44 876 298 235
p 2 5 46 869 1236 271
p 2 0 91 829 472 281
p 2 0 29 891 265 222
p 2 0 86 834 1209 288
p 2 0 44 876 330 238
p 2 0 61 859 364 250
p 2 2 32 886 1087 248
p 2 0 25 895 257 218
p 2 0 14 906 225 209
p 2 2 52 866 842 271
p 2 0 30 890 277 222
p 2 0 15 905 227 211
p 2 5 10 905 1149 243
p 2 0 8 912 224 203
p 2 0 6 914 212 201
p 2 0 26 894 1053 233
p 2 0 14 906 241 209
p 2 0 8 912 219 205
p 2 2 24 894 1050 239
p 2 0 16 904 241 209
p 2 0 11 909 226 206
p 2 0 15 905 1002 224
p 2 0 54 866 356 246
p 2 0 24 896 262 217
p 2 0 18 902 547 232
p 2 0 17 903 256 214
p 2 0 8 912 224 204
p 2 2 8 910 1133 225
p 2 0 7 913 214 204
p 2 0 3 917 204 200
p 2 2 14 904 1051 233
p 2 0 8 912 220 205
p 2 0 2 918 202 199
p 2 16 441 463 37375 1319
p 2 0 316 604 1439 551
p 2 0 119 801 488 311
p 2 18 458 444 37415 1309
p 2 0 340 580 1563 576
p 2 0 131 789 527 322
p 2 8 461 451 35803 1271
p 2 0 327 593 1547 568
p 2 0 131 789 527 319
p 2 13 455 452 36876 1313
p 2 0 335 585 1514 571
p 2 0 119 801 487 308
p 2 35 427 458 40215 1473
p 2 0 338 582 1549 566
p 2 3 434 483 33348 1162
p 2 0 341 579 1631 590
p 2 3 440 477 30485 1121
p 2 0 321 599 1465 553
p 2 0 136 784 535 323
p 2 33 393 494 38692 1377
p 2 0 319 601 1396 560
p 2 28 404 488 38849 1369
p 2 0 304 616 1405 536
p 2 0 152 768 749 350
p 2 0 62 858 326 254
p 2 0 92 828 561 282
p 2 0 43 877 288 236
p 2 0 52 868 416 244
p 2 0 23 897 248 218
p 2 0 30 890 384 228
p 2 0 18 902 242 211
p 2 0 38 882 450 233
p 2 0 15 905 234 210
p 2 0 7 913 378 206
p 2 0 5 915 209 203
i 2 920 0 0 38422 4281
p 2 0 228 692 444 384
p 2 0 246 674 403 383
p 2 2 139 779 893 323
p 2 0 107 813 301 278
p 2 0 61 859 249 241
p 2 1 61 858 869 265
p 2 0 33 887 248 224
p 2 0 24 896 218 215
p 2 2 16 902 379 241
p 2 0 23 897 216 214
p 2 0 8 912 203 203
p 2 4 28 888 1003 251
p 2 0 10 910 223 207
p 2 0 16 904 212 209
p 2 0 19 901 585 229
p 2 0 38 882 244 227
p 2 0 7 913 213 202
p 2 1 30 889 833 239
p 2 0 8 912 225 205
p 2 0 4 916 206 200
p 2 2 16 902 405 242
p 2 0 14 906 208 208
p 2 0 19 901 210 210
p 2 4 13 903 1002 242
p 2 0 9 911 220 203
p 2 0 3 917 203 199
p 2 0 18 902 580 227
p 2 0 5 915 216 202
p 2 0 2 918 200 198
p 2 1 17 902 826 231
p 2 0 7 913 222 203
p 2 0 5 915 206 201
p 2 0 20 900 595 228
p 2 0 10 910 226 207
p 2 0 16 904 405 223
p 2 0 18 902 229 215
p 2 0 8 912 206 204
p 2 0 9 911 203 203
p 2 0 7 913 202 202
p 2 0 7 913 202 202
p 2 0 6 914 201 201
p 2 0 6 914 201 201
p 2 0 0 920 197 197
p 2 0 0 920 197 197
p 2 0 1 919 198 198
p 2 0 1 919 198 198
p 2 2 11 907 775 223
p 2 1 17 902 833 232
p 2 0 7 913 217 204
p 2 0 3 917 202 200
p 2 2 15 903 411 237
p 2 0 11 909 217 206
p 2 0 7 913 203 203
p 2 4 7 909 993 237
p 2 0 6 914 214 202
p 2 0 1 919 200 198
p 2 0 18 902 589 227
p 2 0 7 913 217 204
p 2 0 0 920 197 197
p 2 1 17 902 830 232
p 2 0 2 918 203 199
p 2 0 2 918 200 200
p 2 2 12 906 371 234
p 2 0 5 915 222 202
p 2 0 1 919 199 198
p 2 4 6 910 990 234
p 2 0 4 916 208 201
p 2 0 1 919 200 198
p 2 0 18 902 587 227
p 2 0 9 911 220 205
p 2 0 1 919 201 198
p 2 1 11 908 825 226
p 2 0 6 914 213 202
p 2 0 0 920 197 197
p 2 0 17 903 595 225
p 2 0 9 911 222 206
p 2 0 3 917 204 199
p 2 0 13 907 405 220
p 2 0 14 906 230 215
p 2 0 15 905 210 208
p 2 2 6 912 777 220
p 2 0 4 916 213 201
p 2 0 0 920 197 197
p 2 1 16 903 826 232
p 2 0 8 912 220 205
p 2 0 2 918 202 199
p 2 0 17 903 591 226
p 2 0 6 914 210 203
p 2 0 0 920 197 197
p 2 1 18 901 829 234
p 2 0 8 912 221 204
p 2 0 3 917 205 199
p 2 2 15 903 409 242
p 2 0 11 909 218 205
p 2 0 12 908 209 206
p 2 4 7 909 991 236
p 2 0 8 912 227 205
p 2 0 1 919 199 198
p 2 0 17 903 593 227
p 2 0 7 913 213 203
p 2 0 3 917 209 200
p 2 1 17 902 810 232
p 2 0 7 913 217 202
p 2 0 1 919 199 198
p 2 2 15 903 405 235
p 2 0 10 910 217 205
p 2 0 8 912 221 204
p 2 4 7 909 990 235
p 2 0 4 916 216 200
p 2 0 2 918 204 199
p 2 0 17 903 582 226
p 2 0 11 909 222 206
p 2 0 2 918 201 199
p 2 1 17 902 821 232
p 2 0 8 912 228 205
p 2 0 2 918 201 199
p 2 0 17 903 583 225
p 2 0 7 913 212 204
p 2 0 1 919 199 198
p 2 0 16 904 405 223
p 2 0 11 909 232 211
p 2 0 14 906 221 210
p 2 2 6 912 769 219
p 2 0 3 917 207 200
p 2 0 3 917 204 199
p 2 1 17 902 831 232
p 2 0 7 913 216 203
p 2 0 3 917 204 200
p 2 2 14 904 401 236
p 2 0 11 909 226 206
p 2 0 7 913 218 202
p 2 4 11 905 979 238
p 2 0 6 914 218 202
p 2 0 2 918 202 200
p 2 0 17 903 598 226
p 2 0 8 912 218 204
p 2 0 4 916 204 200
p 2 1 16 903 829 232
p 2 0 11 909 220 206
p 2 0 3 917 204 200
p 2 0 2 918 200 198
p 2 0 0 920 197 197
p 2 0 0 920 197 197
p 2 0 0 920 197 197
p 2 0 0 920 197 197
p 2 0 17 903 601 226
p 2 0 10 910 226 209
p 2 0 18 902 406 222
i 2 920 0 0 29621 3601
p 2 12 507 401 5920 1007
p 2 14 498 408 5586 1040
p 2 15 472 433 5432 960
p 2 13 448 459 5596 943
p 2 10 478 432 4792 945
p 2 9 429 482 3665 888
p 2 3 468 449 4603 831
p 2 11 437 472 5271 924
p 2 7 484 429 5972 964
p 2 11 483 426 5885 1022
p 2 4 490 426 5623 964
p 2 12 461 447 6986 1033
p 2 2 478 440 4370 1022
p 2 14 451 455 6469 963
p 2 5 479 436 6154 1013
p 2 16 447 457 6515 1004
p 2 13 467 440 4894 987
p 2 15 432 473 5739 923
p 2 10 461 449 5249 955
p 2 13 428 479 5470 965
p 2 8 485 427 5513 984
p 2 8 442 470 5356 965
p 2 3 453 464 3988 907
p 2 5 466 449 5622 876
p 2 1 477 442 5209 901
p 2 19 421 480 4960 924
p 2 3 474 443 4504 898
p 2 4 438 478 6002 933
p 2 7 478 435 7304 993
p 2 16 443 461 6421 1029
p 2 5 482 433 5207 979
p 2 7 456 457 6888 909
p 2 5 483 432 5481 998
p 2 13 432 475 5967 941
p 2 8 456 456 4480 936
p 2 5 419 496 3989 811
p 2 2 480 438 5733 908
p 2 12 450 458 5784 997
p 2 8 462 450 4785 945
p 2 5 440 475 3743 863
p 2 6 465 449 5988 862
p 2 17 448 455 6509 1025
p 2 9 505 406 6984 1063
p 2 13 478 429 5951 1067
p 2 12 487 421 6183 1002
p 2 8 450 462 4978 954
i 2 920 0 0 83311 4924
p 2 2 189 729 4383 412
p 2 0 130 790 3728 339
p 2 1 78 841 4052 303
p 2 3 84 833 4131 321
p 2 2 40 878 3831 276
p 2 1 42 877 3699 273
p 2 0 43 877 4079 264
p 2 0 55 865 3584 273
p 2 1 50 869 3992 279
p 2 3 55 862 4059 298
p 2 2 53 865 3849 283
p 2 0 31 889 3907 256
p 2 2 30 888 4146 275
p 2 0 33 887 3617 255
p 2 1 35 884 4052 269
p 2 3 32 885 4104 282
p 2 2 28 890 3822 267
p 2 1 38 881 3793 270
p 2 0 34 886 4072 260
p 2 0 43 877 3594 262
p 2 1 33 886 3958 268
p 2 3 30 887 4072 278
p 2 2 37 881 3850 272
p 2 0 44 876 3911 269
p 2 2 37 881 4162 281
p 2 0 33 887 3628 257
p 2 17 91 812 14260 556
p 2 6 105 809 11354 461
p 2 1 121 798 9907 415
p 2 0 115 805 9413 397
p 2 0 98 822 562 296
p 2 0 60 860 360 252
p 2 0 22 898 353 216
p 2 0 29 891 267 221
p 2 0 35 885 279 228
p 2 0 53 867 428 246
p 2 0 19 901 243 214
p 2 0 28 892 258 220
p 2 0 22 898 351 216
p 2 0 27 893 267 221
p 2 0 8 912 217 204
p 2 0 14 906 329 209
p 2 0 12 908 222 206
p 2 0 12 908 236 210
p 2 0 5 915 342 203
p 2 0 10 910 223 205
p 2 0 9 911 214 205
p 2 0 39 881 452 233
p 2 0 28 892 273 221
p 2 0 29 891 278 224
p 2 0 31 889 397 225
p 2 0 43 877 282 232
p 2 0 20 900 239 214
p 2 0 17 903 395 213
p 2 0 6 914 210 203
p 2 0 9 911 221 205
p 2 0 8 912 381 204
p 2 0 12 908 232 208
p 2 0 7 913 214 203
p 2 0 9 911 412 206
p 2 0 4 916 210 200
p 2 0 3 917 201 199
p 2 0 7 913 378 205
p 2 0 8 912 229 205
p 2 0 5 915 211 201
p 2 0 9 911 332 203
p 2 0 3 917 204 199
p 2 0 3 917 208 200
p 2 0 4 916 346 200
p 2 0 4 916 208 199
p 2 0 3 917 203 200
p 2 0 16 904 361 210
p 2 0 6 914 209 202
p 2 0 4 916 205 200
p 2 0 11 909 411 206
p 2 0 16 904 228 209
p 2 0 13 907 224 206
p 2 0 10 910 377 206
p 2 0 9 911 224 207
p 2 0 5 915 205 201
p 2 0 5 915 324 202
p 2 0 2 918 207 200
p 2 0 2 918 199 198
p 2 0 4 916 364 200
p 2 0 9 911 224 205
p 2 0 4 916 206 200
p 2 0 5 915 363 201
p 2 0 2 918 201 199
p 2 0 2 918 201 200
p 2 0 3 917 393 201
p 2 0 1 919 202 198
p 2 0 0 920 197 197
p 2 0 5 915 368 201
p 2 0 7 913 218 203
p 2 0 6 914 207 201
p 2 0 4 916 329 201
p 2 0 7 913 207 201
p 2 0 4 916 201 200
p 2 0 5 915 368 201
p 2 0 8 912 216 204
p 2 0 2 918 203 200
p 2 0 7 913 368 203
p 2 0 3 917 205 199
p 2 0 3 917 202 200
p 2 0 8 912 398 204
p 2 0 2 918 201 199
p 2 0 1 919 199 198
p 2 0 3 917 364 200
p 2 0 3 917 211 201
p 2 0 4 916 210 201
p 2 0 4 916 302 200
p 2 0 3 917 207 200
p 2 0 0 920 197 197
p 2 0 7 913 348 203
p 2 0 3 917 207 199
p 2 0 3 917 201 199
p 2 0 4 916 362 201
p 2 0 0 920 197 197
p 2 0 0 920 197 197
p 2 0 6 914 393 202
p 2 0 6 914 211 202
p 2 0 2 918 203 199
p 2 0 4 916 365 201
p 2 0 3 917 204 199
p 2 0 4 916 204 200
p 2 0 4 916 342 200
p 2 0 6 914 206 202
p 2 0 2 918 201 199
p 2 0 2 918 301 200
p 2 0 2 918 207 199
p 2 0 4 916 211 202
p 2 0 3 917 302 200
p 2 0 1 919 204 198
p 2 0 2 918 202 199
p 2 0 3 917 331 200
p 2 0 1 919 205 198
p 2 0 1 919 199 198
p 2 0 4 916 355 203
p 2 0 3 917 209 201
p 2 0 0 920 197 197
p 2 0 4 916 327 200
p 2 0 2 918 204 199
p 2 0 1 919 199 198
p 2 0 3 917 361 199
p 2 0 5 915 208 201
p 2 0 0 920 197 197
p 2 0 4 916 361 201
p 2 0 8 912 216 204
p 2 0 5 915 210 201
p 2 0 3 917 391 201
p 2 0 4 916 204 200
p 2 0 4 916 200 200
p 2 0 4 916 351 201
p 2 0 3 917 207 200
p 2 0 3 917 202 200
p 2 0 3 917 313 200
p 2 0 1 919 204 198
p 2 0 1 919 200 198
p 2 0 3 917 370 202
p 2 0 3 917 206 200
p 2 0 0 920 197 197
p 2 0 2 918 361 200
p 2 0 0 920 197 197
p 2 0 1 919 199 198
p 2 0 3 917 394 200
p 2 0 3 917 206 199
p 2 0 0 920 197 197
p 2 0 3 917 372 200
p 2 0 2 918 207 200
p 2 0 3 917 210 200
p 2 0 3 917 322 199
p 2 0 1 919 200 198
p 2 0 1 919 205 200
p 2 0 3 917 361 200
p 2 0 1 919 199 198
p 2 0 3 917 206 200
p 2 0 4 916 369 201
p 2 0 4 916 212 201
p 2 0 1 919 201 198
p 2 0 2 918 334 200
p 2 0 2 918 205 200
p 2 0 2 918 200 198
p 2 0 2 918 311 200
p 2 0 3 917 269 201
p 2 0 2 918 203 199
p 2 0 4 916 323 202
p 2 0 3 917 206 200
p 2 0 1 919 202 199
p 2 0 2 918 304 200
p 2 18 72 830 12400 495
p 2 0 62 858 502 265
p 2 19 109 792 13868 576
p 2 0 87 833 547 291
p 2 28 134 758 17193 668
p 2 0 113 807 796 317
p 2 24 152 744 16655 659
p 2 0 118 802 718 327
p 2 23 159 738 18312 714
p 2 0 138 782 770 347
p 2 0 107 813 552 304
p 2 0 60 860 824 254
p 2 0 33 887 282 225
p 2 0 34 886 289 227
p 2 1 66 853 785 264
p 2 0 28 892 267 219
p 2 0 18 902 239 211
p 2 0 15 905 710 212
p 2 0 39 881 298 230
p 2 0 18 902 236 213
p 2 0 30 890 761 225
p 2 0 22 898 247 215
p 2 0 14 906 232 207
p 2 0 25 895 737 219
p 2 0 17 903 242 212
p 2 0 10 910 231 206
p 2 1 46 873 672 244
p 2 0 18 902 242 213
p 2 0 25 895 262 217
p 2 3 198 719 17359 566
p 2 0 162 758 875 367
p 2 0 74 846 390 264
p 2 0 204 716 15931 536
p 2 0 139 781 799 344
p 2 0 59 861 359 254
p 2 2 169 749 15207 523
p 2 0 180 740 959 387
p 2 0 101 819 515 297
p 2 1 180 739 15525 528
p 2 0 135 785 755 338
p 2 0 93 827 527 287
p 2 1 48 871 516 248
p 2 7 176 737 18209 604
p 2 0 132 788 771 341
p 2 0 175 745 16066 533
p 2 0 148 772 843 361
p 2 1 175 744 16565 533
p 2 0 145 775 1208 363
p 2 0 162 758 14142 483
p 2 0 134 786 755 341
p 2 0 186 734 13603 506
p 2 0 142 778 744 346
p 2 0 171 749 14202 493
p 2 0 143 777 1174 354
p 2 0 180 740 12761 481
p 2 0 136 784 769 339
p 2 1 174 745 13248 486
p 2 0 139 781 774 344
p 2 0 157 763 14027 468
p 2 0 117 803 1124 329
p 2 0 521 399 14424 865
p 2 0 193 727 934 403
p 2 0 181 739 14462 503
p 2 0 122 798 738 332
p 2 0 151 769 12639 453
p 2 0 132 788 1125 342
p 2 0 183 737 13010 486
p 2 0 128 792 662 330
p 2 0 164 756 14434 483
p 2 0 141 779 796 347
p 2 0 167 753 13112 481
p 2 1 130 789 942 344
p 2 0 166 754 14107 484
p 2 0 134 786 734 338
p 2 0 178 742 12963 482
p 2 0 140 780 748 343
p 2 0 161 759 12926 469
p 2 0 133 787 1149 342
p 2 0 164 756 14103 484
p 2 0 132 788 811 345
p 2 0 159 761 13485 476
p 2 0 130 790 796 338
p 2 0 173 747 14195 493
p 2 0 123 797 1091 332
p 2 0 153 767 12802 458
p 2 0 122 798 721 325
p 2 1 158 761 13161 470
p 2 0 123 797 707 326
p 2 0 152 768 14049 469
p 2 0 123 797 1118 329
p 2 0 163 757 13110 476
p 2 0 123 797 747 328
p 2 0 161 759 14467 480
p 2 0 122 798 703 325
p 2 0 147 773 12752 453
p 2 0 124 796 1091 327
p 2 0 153 767 12868 456
p 2 0 113 807 697 321
p 2 0 153 767 14027 470
p 2 0 120 800 719 327
p 2 0 148 772 13011 463
p 2 0 119 801 740 325
p 2 0 150 770 14133 474
p 2 0 121 799 743 329
p 2 0 146 774 13120 452
p 2 0 115 805 720 326
p 2 1 148 771 13068 459
p 2 0 114 806 719 320
p 2 0 147 773 14005 464
p 2 0 117 803 687 324
p 2 25 297 598 31842 1002
p 2 0 252 668 1314 473
p 2 13 286 621 29650 884
p 2 0 236 684 1224 460
p 2 14 267 639 25799 827
p 2 0 215 705 1130 434
p 2 8 272 640 25527 781
p 2 0 212 708 1097 433
p 2 0 265 655 16888 623
p 2 0 174 746 921 389
p 2 0 230 690 15558 580
p 2 0 185 735 977 398
p 2 0 246 674 16719 596
p 2 0 180 740 888 387
p 2 0 189 731 12832 492
p 2 0 153 767 766 356
p 2 0 168 752 12937 473
p 2 0 124 796 727 330
p 2 0 156 764 14073 479
p 2 0 129 791 758 336
p 2 0 168 752 13250 488
p 2 0 122 798 769 330
p 2 0 163 757 14333 483
p 2 0 128 792 716 331
p 2 9 244 667 25318 782
p 2 0 193 727 1142 415
p 2 16 239 665 26147 791
p 2 0 177 743 993 391
p 2 17 246 657 28172 851
p 2 0 194 726 1128 420
p 2 13 271 636 30321 872
p 2 0 218 702 1220 439
p 2 0 259 661 19026 658
p 2 0 199 721 1361 415
p 2 0 237 683 16669 603
p 2 0 201 719 1024 416
p 2 0 275 645 17574 646
p 2 0 196 724 1032 414
p 2 0 200 720 14215 518
p 2 0 145 775 1134 350
p 2 0 198 722 13208 515
p 2 0 136 784 777 343
p 2 1 182 737 14329 506
p 2 0 145 775 812 351
p 2 0 187 733 12775 487
p 2 0 131 789 1122 338
p 2 0 167 753 12992 475
p 2 0 133 787 796 341
p 2 0 166 754 14402 487
p 2 0 125 795 745 332
p 2 0 164 756 13080 484
p 2 0 140 780 1140 350
p 2 0 163 757 14157 481
p 2 0 125 795 691 330
p 2 1 157 762 12898 471
p 2 0 124 796 741 330
p 2 0 156 764 12947 462
p 2 0 118 802 1088 326
p 2 0 151 769 14114 474
p 2 0 116 804 692 322
p 2 1 153 766 13317 483
p 2 0 110 810 676 316
p 2 0 150 770 14106 471
p 2 0 119 801 1114 328
p 2 0 147 773 12769 454
p 2 0 118 802 693 324
p 2 0 148 772 13163 454
p 2 0 110 810 692 320
p 2 0 143 777 13969 462
p 2 0 125 795 1079 331
p 2 0 148 772 13084 468
p 2 0 121 799 744 326
p 2 0 147 773 14060 470
p 2 0 107 813 709 315
p 2 1 145 774 12894 458
p 2 0 125 795 714 331
p 2 0 141 779 12848 449
i 2 920 0 0 46264 4415
p 2 0 273 647 530 446
p 2 0 261 659 482 426
p 2 0 134 786 332 306
p 2 0 107 813 298 283
p 2 0 43 877 250 234
p 2 70 642 208 27144 1761
p 2 0 535 385 1545 739
p 2 0 324 596 790 502
p 2 58 622 240 24427 1627
p 2 0 467 453 1488 683
p 2 0 347 573 809 531
p 2 56 611 253 29674 1692
p 2 168 620 132 18234 2091
p 2 216 696 8 41450 2879
p 2 175 635 110 17297 2207
p 2 163 750 7 34123 2687
p 2 162 644 114 15299 2252
p 2 168 745 7 36950 2891
p 2 139 687 94 13527 2324
p 2 124 614 182 12133 2186
p 2 115 598 207 11041 2089
p 2 99 612 209 9812 2035
p 2 101 560 259 8411 1896
p 2 2 576 342 3940 1093
p 2 1 575 344 3168 1097
p 2 0 594 326 3198 1063
p 2 0 569 351 3507 1071
p 2 0 546 374 3218 1004
p 2 1 539 380 3321 1070
p 2 3 563 354 4290 1125
p 2 1 515 404 3363 1071
p 2 1 529 390 3392 1063
p 2 0 531 389 3673 1098
p 2 1 559 360 3432 1088
p 2 2 490 428 3251 1017
p 2 5 543 372 4478 1102
p 2 3 510 407 3935 1062
p 2 2 463 455 3545 980
p 2 2 459 459 3392 968
p 2 5 461 454 3333 992
p 2 2 454 464 3216 972
p 2 3 487 430 3903 1017
p 2 0 471 449 2880 942
p 2 1 462 457 2783 950
p 2 0 471 449 3080 955
p 2 0 470 450 2663 930
p 2 0 452 468 2633 908
p 2 0 463 457 3312 927
p 2 0 465 455 2641 911
p 2 0 457 463 2464 887
p 2 0 428 492 2367 843
p 2 0 432 488 2421 843
p 2 0 414 506 2649 849
p 2 0 433 487 2920 839
p 2 0 417 503 2665 844
p 2 0 447 473 3046 872
p 2 1 423 496 2974 861
p 2 1 448 471 3235 916
p 2 1 437 482 3384 920
p 2 0 453 467 3393 962
p 2 0 445 475 3432 947
p 2 0 445 475 3720 972
p 2 28 821 71 30905 2176
p 2 1 694 225 4571 1315
p 2 1 565 354 3838 1097
p 2 18 838 64 29269 2156
p 2 5 677 238 4283 1267
p 2 0 553 367 3452 1081
p 2 83 763 74 34451 2560
p 2 1 696 223 4355 1297
p 2 0 582 338 3879 1102
p 2 103 722 95 37033 2630
p 2 1 646 273 3804 1182
p 2 2 558 360 3453 1066
p 2 69 709 142 32194 2261
p 2 0 661 259 4132 1230
p 2 3 565 352 3801 1115
p 2 84 709 127 31487 2382
p 2 0 596 324 3759 1134
p 2 1 541 378 3353 1038
p 2 64 693 163 29345 2206
p 2 0 680 240 3735 1199
p 2 1 549 370 3273 1021
p 2 41 678 201 25453 1942
p 2 0 591 329 3627 1135
p 2 0 552 368 3473 1041
p 2 39 641 240 25010 1890
p 2 0 611 309 3695 1172
p 2 0 533 387 3340 1049
p 2 10 657 253 20233 1565
p 2 0 573 347 3335 1064
p 2 0 467 453 2300 868
p 2 1 607 312 16950 1347
p 2 0 586 334 2995 1016
p 2 0 492 428 2496 882
p 2 1 636 283 17435 1366
p 2 0 525 395 2894 953
p 2 0 460 460 2424 856
p 2 6 593 321 18136 1392
p 2 0 556 364 2936 1000
p 2 0 464 456 2535 878
p 2 4 583 333 18104 1375
p 2 2 500 418 3079 971
p 2 1 434 485 2752 868
p 2 30 583 307 20358 1682
p 2 0 529 391 3149 1020
p 2 1 472 447 2992 949
p 2 21 631 268 19367 1704
p 2 1 543 376 3377 1060
p 2 1 456 463 2910 916
p 2 19 594 307 15620 1520
p 2 2 554 364 3322 1072
p 2 0 482 438 3010 963
p 2 0 566 354 12411 1263
p 2 0 503 417 3347 1005
p 2 0 477 443 3204 959
p 2 2 575 343 12822 1286
p 2 0 523 397 3593 1049
p 2 0 498 422 3213 986
p 2 0 472 448 3022 948
p 2 2 471 447 3058 950
p 2 2 469 449 3095 969
p 2 0 437 483 3039 911
p 2 0 454 466 2956 923
p 2 0 455 465 2962 917
p 2 112 556 252 25832 2284
p 2 0 516 404 3215 978
p 2 0 456 464 2907 889
p 2 187 563 170 31049 2680
p 2 3 584 333 3693 1137
p 2 3 505 412 3468 1015
p 2 159 635 126 32681 2727
p 2 1 675 244 4446 1260
p 2 3 595 322 3947 1163
p 2 71 732 117 27099 2321
p 2 3 711 206 4428 1316
p 2 1 628 291 4119 1179
p 2 13 793 114 22132 1991
p 2 0 681 239 4552 1265
p 2 1 663 256 4354 1245
p 2 1 770 149 18452 1677
p 2 2 740 178 4679 1358
p 2 0 666 254 4344 1239
p 2 2 782 136 19359 1676
p 2 2 894 24 12183 1594
p 2 1 917 2 13943 1641
p 2 1 918 1 12747 1669
p 2 2 917 1 14290 1678
p 2 0 920 0 17125 1711
p 2 2 918 0 16721 1729
p 2 0 919 1 13935 1714
p 2 0 920 0 14978 1727
p 2 1 919 0 17344 1758
p 2 1 919 0 17806 1754
p 2 4 916 0 14176 1733
p 2 0 920 0 13420 1699
p 2 3 917 0 15057 1749
p 2 7 913 0 18268 1776
p 2 9 911 0 17853 1813
p 2 11 909 0 18453 1826
p 2 13 907 0 11287 1771
p 2 6 913 1 15397 1726
p 2 3 916 1 15148 1724
p 2 7 913 0 13069 1737
p 2 6 914 0 18103 1745
p 2 7 912 1 14719 1668
p 2 7 892 21 16065 1627
p 2 6 790 124 7305 1478
p 2 4 649 267 6839 1304
p 2 2 705 213 6399 1340
p 2 4 640 276 5888 1268
p 2 3 651 266 5664 1271
p 2 9 595 316 5722 1209
p 2 8 612 300 5059 1226
p 2 2 583 335 4792 1144
p 2 0 603 317 4071 1128
p 2 0 551 369 3983 1068
p 2 0 581 339 4169 1090
p 2 0 577 343 4439 1096
p 2 228 509 183 30750 2711
p 2 2 544 374 2581 954
p 2 58 559 303 21508 1775
p 2 0 477 443 2275 863
p 2 29 858 33 21412 1707
p 2 148 772 0 38383 3052
p 2 279 641 0 40170 3688
p 2 87 833 0 25310 2417
p 2 72 848 0 28060 2560
p 2 9 911 0 18432 1943
p 2 0 778 142 8002 1447
p 2 0 622 298 3136 1067
p 2 0 680 240 8011 1253
p 2 0 625 295 3113 1097
p 2 0 554 366 2840 1002
p 2 0 536 384 3278 1004
p 2 0 559 361 3068 1032
p 2 0 581 339 3297 1069
p 2 1 516 403 3172 990
p 2 0 523 397 3058 990
p 2 1 548 371 3532 1016
p 2 1 521 398 3321 1007
p 2 0 513 407 3505 997
p 2 0 501 419 3378 989
p 2 0 499 421 3299 993
p 2 0 484 436 3293 987
p 2 0 494 426 3362 998
p 2 151 594 175 19629 2282
p 2 79 684 157 33998 2214
p 2 101 687 132 41539 2483
p 2 158 687 75 50037 2865
p 2 254 647 19 54123 3494
p 2 259 659 2 62486 3708
p 2 503 417 0 57067 4399
i 2 920 0 0 46945 4453
i 2 920 0 0 37856 4178
i 2 920 0 0 24226 3864
i 2 920 0 0 3287 2674
p 2 0 10 910 210 205
p 2 0 350 570 417 417
p 2 0 14 906 209 209
p 2 0 244 676 351 351
p 2 0 5 915 202 202
p 2 0 241 679 347 347
p 2 0 4 916 201 201
p 2 0 163 757 299 299
p 2 0 4 916 201 201
i 2 920 0 0 93308 4097
p 2 0 347 573 12392 584
p 2 0 372 548 16614 610
p 2 0 258 662 14028 519
p 2 0 292 628 13634 540
p 2 0 259 661 11550 515
p 2 0 387 533 6952 597
p 2 0 754 166 7479 954
p 2 0 388 532 4771 586
p 2 0 333 587 12566 552
p 2 0 332 588 13621 570
p 2 0 399 521 14308 631
p 2 0 312 608 14183 559
p 2 0 318 602 16922 561
p 2 0 302 618 13369 552
p 2 0 334 586 12416 575
p 2 0 257 663 10367 504
p 2 0 252 668 11377 489
p 2 0 249 671 11984 503
p 2 0 295 625 12402 536
p 2 0 231 689 12831 489
p 2 0 224 696 7980 460
p 2 0 204 716 11900 454
p 2 0 273 647 12917 509
p 2 0 240 680 13690 499
p 2 0 310 610 13928 551
p 2 0 240 680 16305 510
p 2 0 287 633 14437 547
p 2 0 207 713 13786 469
p 2 0 240 680 11435 490
p 2 0 167 753 5947 397
p 2 0 210 710 6091 421
p 2 0 175 745 4217 391
p 2 0 492 428 22281 844
p 2 5 627 288 35305 1220
p 2 18 648 254 37595 1336
p 2 17 681 222 38355 1412
p 2 31 671 218 40371 1541
p 2 17 666 237 40901 1512
p 2 20 631 269 42031 1502
p 2 28 653 239 45409 1567
p 2 37 681 202 51697 1668
p 2 46 633 241 47667 1629
p 2 24 592 304 45011 1501
p 2 19 666 235 44334 1549
p 2 25 631 264 43338 1550
p 2 27 660 233 44541 1621
p 2 20 650 250 45009 1575
p 2 13 725 182 44958 1620
p 2 5 676 239 44620 1462
p 2 1 635 284 39093 1293
p 2 0 597 323 30443 1142
p 2 0 644 276 29357 1150
p 2 0 638 282 24545 1093
p 2 0 616 304 19097 1027
p 2 0 525 395 17291 916
p 2 0 593 327 15276 993
p 2 1 612 307 20810 1015
p 2 0 570 350 22655 988
p 2 1 520 399 22463 919
p 2 0 557 363 22390 927
p 2 0 556 364 26886 959
p 2 0 554 366 22576 947
p 2 0 487 433 22946 865
p 2 0 524 396 20273 906
p 2 0 517 403 20172 878
p 2 0 495 425 21194 857
p 2 0 473 447 21566 846
p 2 0 535 385 22435 927
p 2 0 509 411 22923 907
p 2 0 559 361 17442 928
p 2 0 484 436 18034 844
p 2 0 508 412 22016 881
p 2 0 561 359 22146 949
p 2 0 540 380 24830 925
p 2 0 463 457 21401 841
p 2 1 504 415 21844 884
p 2 1 532 387 21022 922
p 2 0 509 411 15727 882
p 2 0 472 448 15396 835
p 2 0 514 406 12618 858
p 2 12 547 361 41804 1117
p 2 0 527 393 26053 928
p 2 0 501 419 27350 899
p 2 0 487 433 26676 908
p 2 0 513 407 24557 934
p 2 1 548 371 28804 1014
p 2 0 562 358 30836 1074
p 2 1 525 394 32327 1070
p 2 3 588 329 33077 1161
p 2 4 581 335 34066 1178
p 2 1 576 343 33183 1187
p 2 1 565 354 33968 1175
p 2 2 584 334 32804 1208
p 2 1 590 329 32695 1244
p 2 0 601 319 32751 1269
p 2 3 658 259 36835 1359
p 2 0 734 186 33990 1413
p 2 2 680 238 34740 1347
p 2 0 618 302 34284 1287
p 2 0 672 248 34925 1380
p 2 1 678 241 33777 1353
p 2 2 673 245 31882 1313
p 2 2 625 293 32744 1233
p 2 0 667 253 33349 1283
p 2 0 675 245 34233 1346
p 2 1 694 225 35236 1365
p 2 0 612 308 34127 1270
p 2 0 659 261 31331 1304
p 2 1 667 252 35482 1316
p 2 5 659 256 36583 1350
p 2 1 676 243 36319 1366
p 2 0 660 260 36705 1313
p 2 0 624 296 35031 1224
p 2 1 664 255 33422 1261
p 2 0 661 259 34795 1285
p 2 1 656 263 35718 1312
p 2 0 632 288 35117 1274
p 2 0 652 268 35983 1301
p 2 1 652 267 32034 1276
p 2 0 679 241 34658 1301
p 2 2 662 256 36276 1305
p 2 1 663 256 36835 1294
p 2 1 670 249 36715 1284
p 2 2 642 276 36252 1239
p 2 3 605 312 31721 1170
p 2 2 639 279 33993 1237
p 2 0 642 278 35784 1269
p 2 4 632 284 37592 1285
p 2 0 599 321 38237 1244
p 2 1 635 284 37996 1294
p 2 1 651 268 33938 1300
p 2 3 650 267 37250 1325
p 2 1 605 314 37534 1256
p 2 0 657 263 38158 1299
p 2 1 645 274 37545 1288
p 2 0 671 249 38226 1297
p 2 0 626 294 36806 1244
p 2 2 647 271 38198 1278
p 2 1 661 258 37624 1269
p 2 1 657 262 37158 1259
p 2 2 620 298 36961 1237
p 2 3 645 272 34140 1238
p 2 1 651 268 37430 1274
p 2 5 669 246 38478 1324
p 2 2 667 251 39539 1310
p 2 3 665 252 39411 1306
p 2 0 681 239 37873 1265
p 2 0 673 247 34517 1215
p 2 0 606 314 34822 1118
p 2 0 673 247 36250 1205
p 2 1 665 254 38068 1242
p 2 1 678 241 38615 1269
p 2 4 605 311 37886 1218
p 2 10 657 253 34558 1305
p 2 3 672 245 37739 1272
p 2 2 672 246 38340 1306
p 2 2 626 292 39376 1246
p 2 1 670 249 40723 1297
p 2 1 668 251 39729 1293
p 2 1 682 237 37408 1298
p 2 0 593 327 37872 1203
p 2 0 672 248 38345 1264
p 2 3 658 259 38188 1278
p 2 1 634 285 38932 1257
p 2 2 681 237 34713 1323
p 2 2 649 269 36673 1302
p 2 0 651 269 36335 1245
p 2 4 652 264 36166 1296
p 2 0 730 190 38428 1387
p 2 1 665 254 39516 1330
p 2 0 619 301 35300 1224
p 2 0 663 257 36854 1254
p 2 0 680 240 37263 1268
p 2 0 664 256 38506 1275
p 2 3 622 295 38973 1271
p 2 3 644 273 38899 1314
p 2 0 667 253 33290 1288
p 2 0 650 270 38667 1277
p 2 1 602 317 37577 1211
p 2 1 649 270 38292 1279
p 2 0 657 263 39410 1296
p 2 1 651 268 40683 1301
p 2 1 650 269 38427 1299
p 2 1 653 266 40569 1308
p 2 2 680 238 50880 1382
p 2 4 665 251 40850 1336
p 2 2 628 290 41407 1301
p 2 2 664 254 36859 1307
p 2 1 686 233 40147 1331
p 2 2 660 258 38479 1267
p 2 0 652 268 38910 1262
p 2 1 682 237 41208 1337
p 2 4 753 163 43486 1459
p 2 1 700 219 41084 1380
p 2 0 658 262 43136 1345
p 2 2 683 235 45941 1384
p 2 9 693 218 46073 1445
p 2 2 690 228 44794 1404
p 2 1 641 278 44078 1322
p 2 4 666 250 39461 1312
p 2 1 702 217 42299 1327
p 2 0 674 246 42782 1308
p 2 1 670 249 44006 1348
p 2 1 679 240 44634 1370
p 2 2 749 169 46211 1447
p 2 2 702 216 44222 1398
p 2 1 689 230 45076 1361
p 2 0 740 180 45106 1412
p 2 4 671 245 43969 1349
p 2 1 654 265 44303 1312
p 2 1 664 255 42336 1312
p 2 3 680 237 42494 1312
p 2 0 674 246 42401 1278
p 2 2 653 265 43692 1307
p 2 5 669 246 43841 1342
p 2 2 708 210 45017 1370
p 2 139 628 153 53529 2155
p 2 1 671 248 40374 1231
p 2 3 657 260 40644 1191
p 2 0 691 229 40121 1224
p 2 0 648 272 42493 1199
p 2 0 663 257 40390 1233
p 2 2 688 230 37740 1236
p 2 0 681 239 41625 1234
p 2 0 614 306 42077 1156
p 2 3 644 273 41882 1207
p 2 0 676 244 42151 1253
p 2 2 656 262 41804 1248
p 2 0 624 296 40862 1195
p 2 0 644 276 41695 1197
p 2 0 651 269 43057 1189
p 2 0 654 266 42442 1167
p 2 0 610 310 44081 1152
p 2 0 609 311 40598 1159
p 2 1 648 271 41249 1196
p 2 1 760 159 42253 1338
p 2 1 647 272 41243 1183
p 2 1 628 291 41943 1158
p 2 0 628 292 42980 1188
p 2 2 658 260 44318 1253
p 2 2 656 262 42417 1231
p 2 0 720 200 43440 1275
p 2 2 660 258 43944 1225
p 2 1 601 318 43714 1153
p 2 0 641 279 42942 1189
p 2 1 638 281 42119 1178
p 2 0 652 268 43602 1206
p 2 7 624 289 42950 1214
p 2 0 614 306 42527 1147
p 2 0 652 268 43647 1210
p 2 0 680 240 43346 1238
p 2 20 656 244 59897 1409
p 2 0 641 279 40623 1128
p 2 0 589 331 43835 1107
p 2 2 681 237 44268 1239
p 2 2 662 256 45449 1239
p 2 0 585 335 41988 1131
p 2 0 636 284 38487 1170
p 2 0 638 282 40174 1172
p 2 1 615 304 43738 1169
p 2 0 571 349 43839 1128
p 2 0 606 314 43716 1152
p 2 0 624 296 42302 1150
p 2 0 614 306 36952 1097
p 2 0 588 332 38991 1087
p 2 1 645 274 39304 1159
p 2 0 582 338 39462 1084
p 2 0 569 351 38695 1059
p 2 0 577 343 32081 1041
p 2 143 622 155 85215 2409
p 2 1 688 231 44348 1377
p 2 0 662 258 45097 1247
p 2 1 657 262 44378 1233
p 2 0 684 236 42649 1263
p 2 0 680 240 45101 1268
p 2 0 659 261 43508 1215
p 2 0 668 252 42005 1204
p 2 2 665 253 42815 1199
p 2 0 685 235 42837 1254
p 2 3 672 245 44988 1241
p 2 0 615 305 45706 1174
p 2 2 723 195 47775 1380
p 2 3 668 249 48145 1359
p 2 4 654 262 49797 1363
p 2 9 706 205 53146 1443
p 2 3 700 217 54184 1393
p 2 2 662 256 55501 1352
p 2 0 696 224 54467 1369
p 2 2 706 212 55784 1385
p 2 2 684 234 56078 1377
p 2 4 664 252 54076 1368
p 2 4 708 208 49218 1379
p 2 2 710 208 48644 1345
p 2 1 708 211 47830 1317
p 2 4 713 203 48208 1361
p 2 2 705 213 40296 1299
p 2 0 676 244 45732 1250
p 2 1 664 255 47029 1247
p 2 10 687 223 46737 1308
p 2 3 671 246 46859 1263
p 2 3 626 291 48169 1229
p 2 1 667 252 42270 1248
p 2 2 679 239 48780 1286
p 2 2 671 247 50937 1306
p 2 4 670 246 51623 1342
p 2 8 676 236 49918 1357
p 2 2 637 281 43800 1265
p 2 0 657 263 48780 1295
p 2 3 697 220 53907 1397
p 2 2 649 269 56932 1349
p 2 4 692 224 58717 1412
p 2 2 674 244 60060 1382
p 2 7 688 225 60585 1429
p 2 11 667 242 58346 1411
p 2 5 628 287 57604 1321
p 2 7 697 216 53867 1373
p 2 3 673 244 53081 1334
p 2 5 674 241 50869 1308
p 2 0 775 145 50507 1372
p 2 0 675 245 50858 1246
p 2 3 650 267 51125 1250
p 2 0 727 193 51476 1308
p 2 0 677 243 52750 1267
p 2 1 654 265 48625 1250
p 2 0 701 219 50555 1290
p 2 6 663 251 52711 1282
p 2 3 649 268 53394 1259
p 2 1 645 274 53371 1259
p 2 2 724 194 52182 1324
p 2 1 669 250 51992 1239
p 2 0 649 271 56280 1225
p 2 1 717 202 59081 1320
p 2 1 689 230 62235 1318
p 2 2 665 253 63917 1341
p 2 5 732 183 65036 1441
p 2 8 692 220 63036 1419
p 2 6 745 169 63113 1452
p 2 3 728 189 57852 1357
p 2 1 746 173 54649 1362
p 2 2 710 208 58410 1349
p 2 0 654 266 48528 1241
p 2 2 751 167 53983 1363
p 2 9 682 229 54345 1317
p 2 1 662 257 53961 1258
p 2 0 714 206 55821 1330
p 2 3 698 219 55926 1337
p 2 2 714 204 49223 1359
p 2 5 727 188 72830 1498
p 2 4 670 246 63378 1350
p 2 6 702 212 63694 1396
p 2 0 724 196 64093 1404
p 2 2 728 190 64420 1394
p 2 1 704 215 61687 1374
p 2 1 699 220 65101 1379
p 2 1 738 181 66477 1435
p 2 250 543 127 85576 2684
p 2 22 720 178 63321 1634
p 2 30 718 172 45469 1600
p 2 30 702 188 47068 1612
p 2 4 693 223 46669 1451
p 2 18 724 178 65133 1688
p 2 21 753 146 65558 1732
p 2 17 733 170 66337 1640
p 2 17 708 195 65745 1619
p 2 10 729 181 61718 1559
p 2 0 759 161 61543 1479
p 2 14 732 174 61592 1533
p 2 31 711 178 62855 1631
p 2 41 745 134 65106 1767
p 2 11 743 166 61319 1601
p 2 3 715 202 58948 1482
p 2 9 716 195 57671 1539
p 2 23 736 161 58864 1633
p 2 17 711 192 59583 1552
p 2 19 667 234 59169 1489
p 2 8 704 208 61011 1460
p 2 7 723 190 60111 1489
p 2 16 681 223 59488 1503
p 2 44 649 227 59929 1593
p 2 39 689 192 46087 1606
p 2 23 744 153 51370 1638
p 2 20 677 223 49054 1530
p 2 32 727 161 64638 1682
p 2 33 712 175 65404 1654
p 2 26 678 216 63927 1548
p 2 17 766 137 63106 1609
p 2 8 715 197 64510 1520
p 2 23 680 217 67211 1567
p 2 26 729 165 69368 1678
p 2 52 670 198 71567 1789
p 2 43 698 179 72946 1781
p 2 27 720 173 70998 1675
p 2 24 679 217 71380 1605
p 2 43 700 177 69565 1747
p 2 32 729 159 67662 1711
p 2 35 729 156 68702 1754
p 2 17 698 205 69644 1606
p 2 11 724 185 67601 1561
p 2 8 718 194 68422 1546
p 2 7 732 181 53887 1508
p 2 7 654 259 51300 1429
p 2 9 670 241 57956 1421
p 2 5 710 205 66668 1471
p 2 2 759 159 65211 1448
p 2 4 754 162 66866 1500
p 2 1 757 162 66586 1512
p 2 2 767 151 66294 1550
p 2 9 736 175 65989 1564
p 2 5 735 180 68001 1583
p 2 14 785 121 69859 1676
p 2 33 736 151 71604 1759
p 2 51 687 182 68991 1816
p 2 31 755 134 71324 1820
p 2 15 741 164 71545 1705
p 2 14 747 159 71900 1706
p 2 14 727 179 71653 1670
p 2 9 788 123 76327 1745
p 2 13 735 172 74735 1720
p 2 14 734 172 76514 1756
p 2 37 719 164 77080 1859
p 2 45 734 141 78598 1894
p 2 24 730 166 62077 1689
p 2 34 719 167 85915 1912
p 2 27 749 144 80209 1856
p 2 26 751 143 80135 1892
p 2 34 732 154 79381 1914
p 2 68 752 100 82152 2113
p 2 63 787 70 80480 2201
p 2 50 728 142 74591 2025
p 2 30 789 101 76536 1984
p 2 28 770 122 74600 1928
p 2 30 768 122 74077 1902
p 2 26 765 129 70552 1840
p 2 50 751 119 68544 1950
p 2 47 736 137 69237 2000
p 2 18 766 136 72111 1832
p 2 10 763 147 67901 1726
p 2 10 750 160 68515 1656
p 2 10 759 151 63036 1661
p 2 23 726 171 65469 1686
p 2 48 659 213 68395 1806
p 2 40 715 165 69487 1839
p 2 30 712 178 69663 1792
p 2 32 741 147 97544 2015
p 2 20 727 173 80013 1813
p 2 11 762 147 77897 1764
p 2 16 767 137 76403 1758
p 2 25 713 182 74061 1746
p 2 20 719 181 71249 1693
p 2 18 713 189 66550 1618
p 2 256 609 55 86354 2677
p 2 1 760 159 59373 1460
p 2 0 762 158 58934 1454
p 2 3 755 162 60471 1473
p 2 1 697 222 58570 1374
p 2 1 802 117 60678 1524
p 2 1 759 160 61023 1478
p 2 0 782 138 62100 1486
p 2 2 724 194 59829 1404
p 2 0 716 204 53782 1315
p 2 0 702 218 54253 1295
p 2 2 748 170 58386 1416
p 2 1 700 219 59155 1384
p 2 0 696 224 60120 1376
p 2 0 719 201 61067 1399
p 2 7 691 222 58285 1406
p 2 0 687 233 60168 1371
p 2 0 709 211 61369 1407
p 2 1 731 188 61033 1426
p 2 0 722 198 60995 1379
p 2 0 725 195 60698 1357
p 2 0 692 228 50361 1281
p 2 1 692 227 58685 1317
p 2 10 691 219 59944 1391
p 2 0 673 247 60107 1321
p 2 0 702 218 60611 1363
p 2 2 701 217 60784 1386
p 2 1 744 175 59592 1412
p 2 0 704 216 60623 1373
p 2 0 680 240 61651 1350
p 2 1 667 252 59704 1315
p 2 0 729 191 58999 1369
p 2 1 693 226 49670 1301
p 2 0 658 262 54966 1260
p 2 0 693 227 55540 1284
p 2 0 787 133 58167 1417
p 2 0 692 228 57478 1299
p 2 3 665 252 57095 1282
p 2 2 694 224 54676 1309
p 2 205 628 87 82022 2512
p 2 0 721 199 58430 1329
p 2 0 751 169 59409 1340
p 2 1 713 206 59849 1297
p 2 2 731 187 59003 1323
p 2 8 718 194 55237 1338
p 2 8 717 195 57451 1370
p 2 3 753 164 60821 1415
p 2 6 719 195 65677 1455
p 2 9 693 218 67448 1466
p 2 7 722 191 67896 1492
p 2 5 748 167 66839 1503
p 2 5 723 192 68819 1486
p 2 14 692 214 66502 1453
p 2 1 713 206 67336 1423
p 2 2 722 196 64359 1433
p 2 2 762 156 66638 1502
p 2 3 709 208 70229 1518
p 2 3 699 218 72321 1567
p 2 3 752 165 72984 1644
p 2 9 688 223 73850 1612
p 2 1 697 222 69018 1491
p 2 1 758 161 68250 1506
p 2 1 824 95 71824 1609
p 2 1 760 159 72405 1529
p 2 1 734 185 70656 1489
p 2 1 744 175 69334 1462
p 2 1 741 178 60624 1449
p 2 2 711 207 66593 1452
p 2 5 712 203 69561 1526
p 2 5 722 193 71755 1527
p 2 5 741 174 70601 1516
p 2 1 720 199 69888 1419
p 2 0 717 203 66175 1390
p 2 0 741 179 67434 1430
p 2 4 713 203 70356 1422
p 2 0 712 208 66942 1352
p 2 2 731 187 67297 1383
p 2 0 707 213 67303 1317
p 2 3 684 233 66799 1292
p 2 1 743 176 64567 1330
p 2 1 715 204 65846 1301
p 2 4 676 240 64884 1259
p 2 0 652 268 64673 1217
p 2 272 565 83 87917 2715
p 2 3 718 199 49484 1397
p 2 1 752 167 49357 1403
p 2 0 791 129 48676 1446
p 2 1 763 156 62821 1477
p 2 1 722 197 62942 1432
p 2 0 764 156 63829 1480
p 2 0 743 177 64025 1426
p 2 1 712 207 61025 1377
p 2 3 775 142 62857 1489
p 2 1 743 176 63374 1445
p 2 1 719 200 62642 1418
p 2 0 709 211 63590 1371
p 2 4 738 178 59146 1385
p 2 0 731 189 61876 1400
p 2 4 709 207 61068 1400
p 2 0 764 156 60727 1446
p 2 1 730 189 59690 1389
p 2 0 720 200 59699 1357
p 2 0 743 177 62455 1384
p 2 9 775 136 62375 1502
p 2 0 721 199 60682 1386
p 2 3 739 178 60493 1415
p 2 1 718 201 44180 1297
p 2 0 646 274 47038 1211
p 2 0 663 257 46901 1235
p 2 0 737 183 61415 1382
p 2 4 707 209 61872 1385
p 2 0 688 232 61406 1333
p 2 0 757 163 61097 1401
p 2 1 702 217 62327 1368
p 2 4 696 220 63783 1387
p 2 1 693 226 62853 1357
p 2 0 746 174 64018 1380
p 2 5 703 212 62886 1334
p 2 0 649 271 62460 1260
p 2 3 715 202 64158 1383
p 2 2 667 251 64158 1327
p 2 1 669 250 63946 1323
p 2 239 581 100 81348 2435
p 2 0 724 196 69070 1363
p 2 4 693 223 61128 1323
p 2 3 702 215 61058 1335
p 2 0 739 181 46591 1300
p 2 1 654 265 44739 1204
p 2 0 642 278 43781 1155
p 2 2 751 167 58867 1395
p 2 20 698 202 61702 1469
p 2 41 663 216 65279 1550
p 2 19 676 225 64390 1479
p 2 0 751 169 63874 1428
p 2 2 730 188 64915 1392
p 2 5 704 211 66620 1415
p 2 1 745 174 65781 1432
p 2 13 719 188 67285 1570
p 2 34 685 201 67509 1683
p 2 39 731 150 69823 1779
p 2 24 722 174 68327 1713
p 2 5 725 190 68299 1509
p 2 10 762 148 68543 1549
p 2 14 735 171 68867 1560
p 2 9 713 198 68884 1553
p 2 4 770 146 69136 1571
p 2 14 763 143 68996 1704
p 2 30 795 95 72219 1856
p 2 27 740 153 56340 1738
p 2 18 743 159 56890 1668
p 2 8 722 190 55894 1528
p 2 12 785 123 68344 1657
p 2 3 776 141 69880 1573
p 2 7 755 158 70287 1596
p 2 6 763 151 71345 1590
p 2 19 760 141 75046 1766
p 2 25 747 148 75925 1814
p 2 26 745 149 72598 1821
p 2 32 721 167 66898 1778
p 2 5 732 183 61878 1565
p 2 24 726 170 68674 1684
p 2 13 711 196 73318 1653
p 2 8 693 219 75699 1643
p 2 3 754 163 73683 1686
p 2 0 736 184 70942 1599
p 2 4 758 158 68785 1629
p 2 2 720 198 65999 1554
p 2 2 712 206 63491 1517
p 2 16 712 192 62989 1579
p 2 4 729 187 62680 1516
p 2 3 745 172 58518 1496
p 2 1 816 103 63459 1639
p 2 88 679 153 72405 2000
p 2 72 691 157 69209 2023
p 2 85 683 152 70718 2037
p 2 11 759 150 69364 1790
p 2 22 735 163 66144 1797
p 2 28 709 183 69369 1835
p 2 27 737 156 67819 1848
p 2 13 764 143 68043 1831
p 2 14 747 159 67211 1760
p 2 23 719 178 68684 1823
p 2 17 739 164 64252 1798
p 2 15 743 162 66999 1771
p 2 22 754 144 68168 1819
p 2 12 749 159 66654 1732
p 2 13 759 148 66092 1722
p 2 14 776 130 66108 1704
p 2 10 743 167 63935 1602
p 2 4 789 127 65783 1608
p 2 9 769 142 64798 1606
p 2 3 771 146 62545 1543
p 2 2 760 158 62107 1480
p 2 3 781 136 60268 1477
p 2 4 737 179 60135 1429
p 2 0 712 208 62136 1377
p 2 4 731 185 62205 1439
p 2 8 775 137 60031 1489
p 2 1 728 191 57876 1398
p 2 1 700 219 57625 1332
p 2 1 748 171 60244 1399
p 2 0 732 188 60046 1376
p 2 2 734 184 60305 1386
p 2 0 709 211 62198 1347
p 2 3 672 245 59621 1307
p 2 6 712 202 55964 1351
p 2 0 719 201 59024 1311
p 2 1 708 211 58906 1317
p 2 0 690 230 60273 1303
p 2 298 510 112 73887 2453
p 2 1 663 256 52257 1151
p 2 25 613 282 52477 1212
p 2 57 582 281 54255 1351
p 2 262 521 137 72229 2377
p 2 30 721 169 56118 1597
p 2 10 733 177 56753 1509
p 2 6 752 162 55306 1530
p 2 4 750 166 55444 1534
p 2 15 736 169 57488 1545
p 2 2 721 197 53508 1268
p 2 0 669 251 51903 1174
p 2 9 638 273 53224 1196
p 2 27 622 271 54257 1301
p 2 42 682 196 55117 1440
p 2 263 539 118 77860 2441
p 2 26 736 158 59533 1539
p 2 4 780 136 61251 1509
p 2 6 754 160 59579 1473
p 2 10 748 162 60880 1507
p 2 33 724 163 63264 1616
p 2 39 732 149 61188 1573
p 2 182 571 167 67152 2160
p 2 65 662 193 73382 1862
p 2 31 740 149 67248 1739
p 2 16 731 173 67374 1615
p 2 4 741 175 66534 1514
p 2 17 775 128 79395 1729
p 2 2 758 160 64147 1501
p 2 5 734 181 67191 1518
p 2 2 770 148 68130 1574
p 2 8 748 164 69678 1612
p 2 9 802 109 72213 1703
p 2 10 738 172 67398 1599
p 2 16 757 147 70817 1688
p 2 15 751 154 72150 1719
p 2 17 772 131 72659 1770
p 2 13 742 165 71535 1659
p 2 16 738 166 71693 1618
p 2 16 731 173 66137 1581
p 2 5 767 148 67245 1558
p 2 6 729 185 63527 1461
p 2 18 704 198 65440 1519
p 2 22 744 154 66810 1657
p 2 16 716 188 62550 1649
p 2 20 704 196 62275 1625
p 2 33 663 224 62929 1636
p 2 300 518 102 71401 2488
p 2 9 706 205 48604 1362
p 2 11 623 286 48216 1278
p 2 5 675 240 50019 1301
p 2 1 683 236 49798 1280
p 2 29 754 137 78537 1691
p 2 20 741 159 76542 1588
p 2 34 782 104 70897 1670
p 2 24 783 113 64568 1597
p 2 25 774 121 61277 1599
p 2 16 707 197 55442 1428
p 2 10 789 121 50807 1505
p 2 5 775 140 49704 1448
p 2 0 740 180 47202 1328
p 2 0 642 278 43946 1140
p 2 1 769 150 42585 1287
p 2 0 717 203 41355 1194
p 2 3 720 197 40696 1208
p 2 4 698 218 40679 1169
p 2 5 631 284 41181 1095
p 2 1 534 385 42296 989
p 2 4 596 320 40411 1059
p 2 0 595 325 39584 1032
p 2 249 593 78 70354 2687
p 2 20 638 262 55939 1545
p 2 9 647 264 54795 1497
p 2 3 694 223 52515 1455
p 2 1 613 306 51663 1307
p 2 4 713 203 50043 1348
p 2 4 811 105 47782 1421
p 2 3 677 240 45295 1218
p 2 2 706 212 45971 1264
p 2 4 654 262 54313 1336
p 2 18 678 224 62032 1607
p 2 21 721 178 68322 1800
p 2 32 672 216 68709 1845
p 2 43 653 224 66754 1871
p 2 22 672 226 64408 1728
p 2 6 715 199 60648 1619
p 2 8 656 256 57430 1485
p 2 9 651 260 56793 1425
p 2 271 566 83 70525 2534
p 2 4 714 202 45402 1400
p 2 5 666 249 47230 1372
p 2 5 705 210 46042 1424
p 2 8 674 238 46736 1375
p 2 3 679 238 47252 1285
p 2 8 666 246 46109 1278
p 2 6 567 347 47359 1162
p 2 2 693 225 45712 1226
p 2 3 642 275 43169 1116
p 2 0 565 355 42413 1036
p 2 0 654 266 44078 1139
p 2 2 628 290 42531 1105
p 2 2 663 255 44701 1168
p 2 8 620 292 43241 1179
p 2 3 570 347 42830 1126
p 2 7 606 307 43133 1219
p 2 11 641 268 44384 1304
p 2 1 636 283 44349 1257
p 2 0 590 330 43925 1180
p 2 0 616 304 40419 1189
p 2 0 638 282 41993 1172
p 2 0 624 296 42711 1172
p 2 1 625 294 42240 1172
p 2 1 633 286 42400 1204
p 2 7 617 296 44421 1247
p 2 9 631 280 43887 1261
p 2 1 673 246 42300 1173
p 2 2 595 323 38087 1050
p 2 1 569 350 38088 1003
p 2 0 598 322 37910 1029
p 2 3 613 304 39581 1090
p 2 0 615 305 39918 1067
p 2 0 559 361 40151 986
p 2 1 591 328 39301 1024
p 2 0 626 294 40198 1055
p 2 0 607 313 40041 1023
p 2 0 580 340 39403 1019
p 2 0 606 314 41274 1066
p 2 1 603 316 41892 1095
p 2 0 611 309 41394 1112
p 2 0 572 348 41174 1092
p 2 0 593 327 38696 1122
p 2 2 618 300 41903 1169
p 2 8 582 330 42119 1172
p 2 8 570 342 42688 1182
p 2 4 599 317 43137 1259
p 2 3 626 291 42914 1305
p 2 2 626 292 42488 1302
p 2 4 623 293 42160 1254
p 2 3 670 247 37685 1279
p 2 0 617 303 37585 1192
p 2 0 575 345 37128 1089
p 2 1 637 282 36244 1152
p 2 0 599 321 35901 1067
p 2 0 561 359 36468 1011
p 2 2 623 295 36555 1104
p 2 4 596 320 36280 1099
p 2 0 579 341 38506 1094
p 2 0 629 291 37873 1139
p 2 6 602 312 37744 1172
p 2 1 581 338 37538 1107
p 2 1 599 320 37983 1117
p 2 0 614 306 37454 1147
p 2 0 612 308 33611 1134
p 2 0 572 348 37251 1080
p 2 1 592 327 37612 1098
p 2 1 617 302 37383 1154
p 2 3 606 311 37681 1160
p 2 0 595 325 36962 1101
p 2 0 610 310 35648 1081
p 2 0 669 251 35001 1120
p 2 0 607 313 33615 1027
p 2 0 549 371 33160 956
p 2 0 588 332 31869 981
p 2 0 591 329 33791 989
p 2 0 585 335 35577 1005
p 2 1 557 362 36750 1017
p 2 3 583 334 36458 1068
p 2 2 592 326 37752 1075
p 2 0 588 332 39106 1067
p 2 1 568 351 37691 1045
p 2 5 598 317 39307 1116
p 2 4 599 317 39520 1111
p 2 6 590 324 39105 1114
p 2 5 575 340 37861 1102
p 2 2 582 336 34763 1084
p 2 1 599 320 37493 1091
p 2 3 588 329 38184 1080
p 2 3 574 343 40053 1103
p 2 305 373 242 57494 2358
p 2 13 627 280 35462 1190
p 2 0 624 296 34003 1091
p 2 0 550 370 33718 972
p 2 0 623 297 32202 1038
p 2 0 604 316 31845 1015
p 2 0 514 406 30381 882
p 2 1 585 334 30173 979
p 2 0 555 365 29694 954
p 2 0 543 377 32097 982
p 2 0 595 325 34345 1074
p 2 13 572 335 36459 1145
p 2 15 521 384 37557 1156
p 2 24 587 309 35890 1293
p 2 26 575 319 33682 1263
p 2 4 577 339 33166 1168
p 2 2 590 328 32908 1145
p 2 2 607 311 32869 1149
p 2 1 596 323 29588 1098
p 2 0 590 330 33889 1173
p 2 2 618 300 34251 1210
p 2 7 614 299 33277 1277
p 2 5 605 310 33716 1263
p 2 0 616 304 34570 1218
p 2 3 607 310 33047 1177
p 2 0 622 298 32745 1153
p 2 0 569 351 30277 1059
p 2 0 626 294 29711 1088
p 2 0 619 301 26939 1084
p 2 2 565 353 27649 1014
p 2 0 577 343 28755 1014
p 2 2 582 336 29437 1028
p 2 2 589 329 30320 1048
p 2 0 565 355 32111 1026
p 2 1 526 393 32644 982
p 2 0 562 358 31173 1032
p 2 5 567 348 31214 1053
p 2 0 545 375 30728 997
p 2 5 531 384 31506 1029
p 2 1 548 371 31658 1015
p 2 0 584 336 29754 1020
p 2 0 532 388 32073 966
p 2 0 560 360 32079 1001
p 2 295 424 201 50981 2216
p 2 1 613 306 33777 1104
p 2 1 546 373 34802 1048
p 2 3 621 296 38319 1162
p 2 0 563 357 35051 1061
p 2 0 581 339 32889 1041
p 2 1 548 371 32175 982
p 2 6 521 393 31207 982
p 2 0 575 345 31678 1000
p 2 0 585 335 33345 1012
p 2 3 534 383 35232 990
p 2 1 529 390 36378 995
p 2 1 549 370 35076 1039
p 2 1 594 325 35877 1105
p 2 0 548 372 32806 1039
p 2 10 516 394 34015 1059
p 2 1 541 378 35147 1053
p 2 2 570 348 36796 1069
p 2 2 551 367 35621 1021
p 2 1 532 387 35150 989
p 2 1 543 376 32751 989
p 2 0 560 360 36561 974
p 2 2 520 398 35811 951
p 2 0 539 381 36814 991
p 2 1 561 358 39678 1069
p 2 3 651 266 40271 1202
p 2 2 565 353 39214 1122
p 2 2 548 370 38885 1105
p 2 4 518 398 34923 1072
p 2 6 584 330 36459 1159
p 2 0 555 365 37223 1103
p 2 1 572 347 37606 1109
p 2 1 550 369 36598 1053
p 2 0 544 376 35195 1034
p 2 0 539 381 33347 988
p 2 0 501 419 36563 945
p 2 0 562 358 36031 1004
p 2 197 476 247 52528 1887
p 2 5 578 337 40986 1106
p 2 2 594 324 39881 1082
p 2 2 616 302 42880 1118
p 2 0 615 305 43252 1100
p 2 3 527 390 41685 1036
p 2 2 609 309 42858 1132
p 2 7 572 341 43153 1144
p 2 3 521 396 43883 1079
p 2 9 564 347 40114 1156
p 2 5 576 339 41825 1125
p 2 4 594 322 42323 1109
p 2 6 542 372 39604 1042
p 2 5 558 357 40846 1055
p 2 6 613 301 42796 1155
p 2 6 559 355 44887 1138
p 2 8 538 374 44353 1147
p 2 6 548 366 43713 1133
p 2 4 598 318 42692 1155
p 2 3 537 380 41499 1049
p 2 2 535 383 41289 1033
p 2 6 524 390 39020 1008
p 2 0 556 364 36801 978
p 2 0 516 404 32947 926
p 2 0 497 423 33972 901
p 2 0 570 350 34322 1001
p 2 0 527 393 34685 974
p 2 0 522 398 33870 965
p 2 1 501 418 35170 969
p 2 0 564 356 34608 1046
p 2 1 527 392 33639 1005
p 2 1 494 425 30887 949
p 2 1 532 387 30588 952
p 2 0 561 359 30494 960
p 2 0 512 408 31247 913
p 2 1 526 393 31083 943
p 2 4 612 304 31625 1092
p 2 0 530 390 35225 1009
p 2 0 537 383 36544 1034
p 2 0 526 394 36436 1007
p 2 0 553 367 36750 1026
p 2 0 516 404 37205 1006
p 2 3 476 441 36365 959
p 2 1 497 422 34982 958
p 2 0 518 402 34816 980
p 2 0 492 428 34749 958
p 2 2 488 430 32529 950
p 2 1 482 437 34181 947
p 2 0 560 360 35576 1027
p 2 2 519 399 33915 990
p 2 6 505 409 32106 1007
p 2 0 564 356 32481 1021
p 2 1 497 422 33258 964
p 2 0 489 431 31651 964
p 2 1 491 428 29237 934
p 2 1 505 414 30158 928
p 2 2 491 427 30129 928
p 2 1 443 476 30111 879
p 2 1 501 418 29543 949
p 2 0 519 401 29047 965
p 2 0 596 324 33941 1073
p 2 0 512 408 34194 951
p 2 0 464 456 34150 875
p 2 0 496 424 34378 898
p 2 1 507 412 33719 929
p 2 1 485 434 33571 922
p 2 2 466 452 34057 926
p 2 0 460 460 34478 931
p 2 2 700 218 34919 1203
p 2 3 559 358 30322 1024
p 2 0 500 420 32509 958
p 2 1 583 336 31957 1056
p 2 2 534 384 31100 1016
p 2 0 475 445 29733 928
p 2 0 551 369 32359 1018
p 2 0 538 382 32467 971
p 2 3 459 458 31493 922
p 2 0 492 428 29426 920
p 2 0 503 417 29049 921
p 2 1 487 432 28195 886
p 2 0 431 489 28056 836
p 2 2 469 449 29525 887
p 2 5 552 363 30130 1000
p 2 0 544 376 34195 989
p 2 0 522 398 36162 971
p 2 1 496 423 36817 980
p 2 1 583 336 37512 1057
p 2 8 539 373 36950 1059
p 2 0 525 395 36568 994
p 2 4 510 406 36173 978
p 2 0 570 350 36031 1001
p 2 0 534 386 35594 954
p 2 1 516 403 34293 942
p 2 0 527 393 35220 969
p 2 7 552 361 36087 1055
p 2 0 549 371 33636 990
p 2 1 518 401 32489 921
p 2 1 528 391 33511 945
p 2 0 571 349 33969 974
p 2 0 533 387 32464 914
p 2 0 494 426 29706 875
p 2 4 524 392 29359 918
p 2 0 529 391 29436 903
p 2 0 515 405 28382 876
p 2 0 481 439 28569 845
p 2 0 485 435 28163 839
p 2 0 532 388 32285 914
p 2 0 529 391 33081 903
p 2 0 513 407 33770 898
p 2 0 477 443 33790 854
p 2 1 554 365 34608 954
p 2 1 534 385 35279 933
p 2 4 490 426 35175 906
p 2 1 524 395 35503 920
p 2 2 535 383 35571 957
p 2 1 524 395 32617 919
p 2 5 490 425 33037 911
p 2 0 511 409 32480 885
p 2 0 557 363 32120 949
p 2 1 513 406 29049 895
p 2 1 500 419 31433 881
p 2 0 530 390 31717 922
p 2 0 545 375 32488 949
p 2 3 517 400 29111 903
p 2 0 482 438 27734 850
p 2 0 497 423 27611 866
p 2 0 554 366 26905 931
p 2 0 508 412 26959 881
p 2 0 464 456 27323 822
p 2 0 531 389 31931 903
p 2 0 539 381 32561 928
p 2 0 521 399 32325 906
p 2 0 538 382 33216 929
p 2 0 552 368 32400 957
p 2 6 529 385 34903 964
p 2 1 535 384 31299 916
p 2 1 538 381 31136 916
p 2 1 516 403 30609 905
p 2 3 483 434 30479 875
p 2 0 502 418 30469 884
p 2 0 538 382 30981 940
p 2 2 481 437 30405 890
p 2 1 528 391 29829 923
p 2 1 500 419 28385 889
p 2 162 498 260 51200 1859
p 2 3 557 360 30869 994
p 2 0 513 407 30808 950
p 2 0 544 376 30692 987
p 2 0 572 348 30608 1023
p 2 0 547 373 29770 955
p 2 0 482 438 27123 888
p 2 0 507 413 25360 881
p 2 0 530 390 30350 924
p 2 0 521 399 29709 899
p 2 1 498 421 31497 872
p 2 0 455 465 32253 831
p 2 271 449 200 43482 2036
p 2 260 418 242 45649 2049
p 2 23 626 271 42372 1511
p 2 10 633 277 39140 1325
p 2 34 628 258 41018 1478
p 2 184 487 249 42353 1821
p 2 187 478 255 42095 1826
p 2 188 479 253 43764 1819
p 2 188 490 242 46297 1846
p 2 3 600 317 40846 1168
p 2 1 676 243 41344 1267
p 2 5 610 305 39524 1204
p 2 0 599 321 35679 1141
p 2 0 583 337 34752 1119
p 2 1 633 286 34892 1187
p 2 2 581 337 35347 1117
p 2 1 609 310 41130 1160
p 2 0 641 279 40617 1186
p 2 1 656 263 42999 1209
p 2 1 620 299 43076 1179
p 2 2 575 343 41978 1128
p 2 6 604 310 45525 1195
p 2 7 625 288 45374 1217
p 2 2 611 307 43165 1177
p 2 1 606 313 45338 1167
p 2 6 665 249 46128 1265
p 2 7 586 327 45386 1194
p 2 4 579 337 44134 1161
p 2 4 574 342 44970 1160
p 2 2 646 272 46833 1200
p 2 5 580 335 44777 1139
p 2 8 550 362 46069 1124
p 2 5 582 333 44663 1140
p 2 339 397 184 67331 2484
p 2 13 707 200 52961 1499
p 2 12 668 240 51663 1436
p 2 13 681 226 50094 1465
p 2 2 670 248 49183 1370
p 2 4 635 281 47615 1307
p 2 0 659 261 46318 1294
p 2 2 685 233 39754 1334
p 2 2 667 251 42328 1341
p 2 5 629 286 43077 1342
p 2 6 644 270 42712 1384
p 2 7 662 251 41899 1377
p 2 2 649 269 40724 1315
p 2 1 623 296 40986 1292
p 2 4 647 269 37813 1291
p 2 0 693 227 37013 1346
p 2 2 652 266 37901 1319
p 2 4 609 307 36912 1256
p 2 0 650 270 38428 1243
p 2 2 669 249 39634 1279
p 2 0 652 268 39073 1213
p 2 4 603 313 38856 1207
p 2 2 638 280 39840 1242
p 2 0 651 269 40518 1234
p 2 0 660 260 38182 1238
p 2 0 677 243 40188 1253
p 2 0 633 287 38955 1165
p 2 0 663 257 38758 1172
p 2 0 656 264 37599 1151
p 2 0 621 299 34795 1129
p 2 1 690 229 37702 1195
p 2 5 636 279 40729 1203
p 2 145 480 295 47969 1825
p 2 3 634 283 44278 1235
p 2 3 651 266 44701 1264
p 2 2 635 283 45364 1245
p 2 8 599 313 42611 1257
p 2 4 662 254 40169 1318
p 2 4 645 271 39448 1299
p 2 6 656 258 39056 1322
p 2 3 622 295 40143 1256
p 2 1 614 305 40117 1222
p 2 2 630 288 41788 1245
p 2 5 666 249 41250 1306
p 2 2 634 284 38989 1255
p 2 8 606 306 38767 1248
p 2 1 629 290 36497 1267
p 2 0 666 254 37464 1259
p 2 0 651 269 37055 1254
p 2 0 646 274 38443 1271
p 2 0 683 237 38869 1282
p 2 2 645 273 33273 1238
p 2 0 607 313 38151 1210
p 2 1 686 233 38410 1269
p 2 0 626 294 37717 1184
p 2 1 598 321 38016 1166
p 2 0 625 295 37708 1174
p 2 1 646 273 37884 1217
p 2 5 622 293 35612 1237
p 2 0 604 316 34380 1181
p 2 0 617 303 34425 1171
p 2 1 648 271 33529 1200
p 2 0 606 314 33804 1120
p 2 0 629 291 34314 1150
p 2 1 601 318 34390 1122
p 2 1 602 317 34126 1138
p 2 0 610 310 33528 1134
p 2 139 537 244 43203 1887
p 2 0 629 291 32798 1136
p 2 1 656 263 34545 1151
p 2 0 626 294 34827 1118
p 2 0 633 287 35702 1174
p 2 4 629 287 36233 1244
p 2 3 690 227 33149 1304
p 2 3 622 295 35707 1214
p 2 0 595 325 34695 1140
p 2 0 612 308 34824 1194
p 2 1 647 272 34906 1261
p 2 3 618 299 34624 1222
p 2 3 595 322 39368 1225
p 2 2 604 314 33972 1192
p 2 0 637 283 31239 1179
p 2 1 630 289 32660 1206
p 2 6 605 309 33216 1254
p 2 9 633 278 33703 1284
p 2 3 619 298 32814 1184
p 2 1 559 360 33237 1091
p 2 0 622 298 32482 1105
p 2 0 588 332 31140 1071
p 2 1 584 335 33336 1108
p 2 0 584 336 31617 1099
p 2 1 609 310 33235 1146
p 2 0 561 359 34117 1083
p 2 0 571 349 33872 1076
p 2 0 566 354 33840 1066
p 2 0 605 315 29302 1082
p 2 0 590 330 31647 1058
p 2 0 605 315 32504 1070
p 2 0 547 373 31653 1015
p 2 0 580 340 32147 1038
p 2 0 573 347 31588 1027
p 2 0 544 376 32518 1019
p 2 0 563 357 30989 1065
p 2 5 595 320 29307 1152
p 2 3 559 358 28657 1100
p 2 2 593 325 26885 1112
p 2 0 574 346 27683 1069
p 2 0 536 384 29109 1038
p 2 0 600 320 28794 1087
p 2 0 584 336 27488 1080
p 2 0 556 364 26621 1066
p 2 1 596 323 28031 1110
p 2 0 588 332 26195 1081
p 2 0 595 325 28535 1084
p 2 1 601 318 29671 1097
p 2 0 584 336 26686 998
p 2 1 541 378 26927 991
p 2 0 567 353 23303 991
p 2 0 546 374 25729 995
p 2 0 534 386 25430 967
p 2 0 506 414 25238 918
p 2 0 548 372 25722 956
p 2 0 551 369 25683 968
p 2 0 539 381 25203 980
p 2 1 557 362 23700 1020
p 2 0 543 377 22955 990
p 2 1 509 410 23940 970
p 2 4 529 387 23053 1010
p 2 2 542 376 26203 1040
p 2 314 447 159 48999 2488
p 2 2 648 270 29681 1216
p 2 3 621 296 33898 1219
p 2 2 639 279 31863 1245
p 2 4 680 236 40097 1391
p 2 18 651 251 38207 1545
p 2 23 621 276 38080 1577
p 2 8 640 272 36235 1435
p 2 2 673 245 35249 1392
p 2 5 627 288 32931 1272
p 2 2 600 318 28849 1196
p 2 5 639 276 31033 1205
p 2 1 622 297 31843 1128
p 2 0 626 294 33805 1129
p 2 0 618 302 32815 1111
p 2 0 581 339 31362 1107
p 2 2 614 304 29371 1183
p 2 0 618 302 29922 1202
p 2 1 613 306 30414 1248
p 2 1 626 293 31201 1260
p 2 0 608 312 30542 1192
p 2 0 573 347 30278 1107
p 2 0 585 335 28060 1045
p 2 6 578 336 27197 1042
i 2 920 0 0 90118 4440
p 2 4 525 391 31671 1083
p 2 2 574 344 30272 1141
p 2 0 625 295 31445 1192
p 2 2 603 315 37662 1223
p 2 2 544 374 37218 1165
p 2 2 584 334 39428 1199
p 2 2 604 314 38546 1196
p 2 3 597 320 36498 1156
p 2 3 615 302 39839 1166
p 2 0 595 325 41241 1125
p 2 2 618 300 40594 1156
p 2 10 574 336 40417 1132
p 2 1 581 338 37493 1087
p 2 312 455 153 60146 2462
p 2 6 650 264 36810 1207
p 2 2 600 318 36882 1124
p 2 3 660 257 37935 1211
p 2 4 638 278 36184 1176
p 2 1 562 357 36005 1090
p 2 5 606 309 36250 1166
p 2 4 608 308 37809 1174
p 2 9 603 308 36945 1200
p 2 3 567 350 37955 1143
p 2 2 611 307 37819 1188
p 2 5 610 305 36343 1168
p 2 1 604 315 35613 1136
p 2 1 538 381 33819 1050
p 2 1 594 325 31076 1082
p 2 1 599 320 30154 1071
p 2 0 592 328 31321 1075
p 2 0 610 310 31195 1091
p 2 0 594 326 30987 1085
p 2 0 545 375 31643 1029
p 2 1 578 341 32151 1083
p 2 0 607 313 29258 1086
p 2 0 590 330 27562 1044
p 2 0 552 368 27859 994
p 2 0 611 309 27018 1044
p 2 0 598 322 27873 1035
p 2 0 549 371 28104 992
p 2 0 603 317 28064 1046
p 2 0 580 340 26730 1021
p 2 0 541 379 27017 986
p 2 0 566 354 29223 1027
p 2 0 580 340 28304 1024
p 2 0 564 356 28568 1020
p 2 0 528 392 28935 994
p 2 1 575 344 28278 1053
p 2 0 609 311 27592 1077
p 2 0 595 325 26383 1069
p 2 1 543 376 27703 1038
p 2 1 580 339 27942 1064
p 2 0 588 332 28073 1064
p 2 0 576 344 28106 1057
p 2 4 538 378 27584 1043
p 2 3 588 329 28894 1100
p 2 0 603 317 28386 1092
p 2 2 585 333 26071 1069
p 2 1 556 363 26535 1023
p 2 1 591 328 27273 1053
p 2 2 609 309 28209 1081
p 2 1 619 300 28732 1104
p 2 2 598 320 29700 1095
p 2 9 642 269 30862 1174
p 2 2 610 308 28826 1067
p 2 0 583 337 30410 1061
p 2 0 615 305 30085 1081
p 2 1 604 315 29616 1079
p 2 0 552 368 29338 1016
p 2 2 587 331 30156 1068
p 2 1 605 314 30282 1084
p 2 7 574 339 29075 1078
p 2 1 544 375 29912 1017
p 2 3 567 350 30459 1070
p 2 3 607 310 29574 1094
p 2 0 573 347 30294 1050
p 2 1 617 302 31757 1096
p 2 0 600 320 32621 1094
p 2 5 536 379 31190 1055
p 2 0 577 343 30007 1052
p 2 1 603 316 29763 1076
p 2 1 575 344 28284 1031
p 2 0 548 372 30089 1006
p 2 0 584 336 31796 1038
p 2 1 615 304 32971 1099
p 2 7 602 311 33037 1122
p 2 0 587 333 33358 1058
p 2 0 638 282 33132 1124
p 2 1 611 308 33677 1098
p 2 3 561 356 34499 1079
p 2 1 629 290 36090 1137
p 2 0 603 317 36624 1100
p 2 2 552 366 36713 1050
p 2 3 574 343 34260 1102
p 2 0 616 304 34089 1110
p 2 0 601 319 34441 1105
p 2 0 579 341 35620 1084
p 2 0 601 319 36178 1115
p 2 0 625 295 37062 1126
p 2 0 599 321 37388 1115
p 2 1 607 312 35666 1127
p 2 0 615 305 34637 1144
p 2 2 572 346 35180 1106
p 2 0 600 320 34852 1082
p 2 0 631 289 36158 1104
p 2 0 649 271 38448 1127
p 2 1 607 312 37962 1088
p 2 1 582 337 37360 1083
p 2 0 637 283 36054 1126
p 2 1 637 282 38260 1155
p 2 2 629 289 38138 1146
p 2 0 627 293 41469 1174
p 2 2 676 242 44112 1254
p 2 2 632 286 43929 1201
p 2 5 601 314 42643 1189
p 2 0 619 301 41407 1188
p 2 3 657 260 42262 1236
p 2 2 626 292 42960 1210
p 2 0 600 320 44066 1177
p 2 1 644 275 45296 1226
p 2 1 671 248 44952 1242
p 2 1 635 284 44197 1221
p 2 9 601 310 41847 1209
p 2 1 643 276 40167 1175
p 2 2 663 255 39716 1180
p 2 1 646 273 40564 1145
p 2 0 667 253 42214 1165
p 2 0 640 280 42311 1157
p 2 5 609 306 42338 1156
p 2 7 630 283 41945 1188
p 2 0 664 256 41871 1197
p 2 1 650 269 42912 1209
p 2 1 632 287 43020 1191
p 2 0 644 276 43418 1206
p 2 0 755 165 43339 1331
p 2 1 674 245 42787 1236
p 2 3 608 309 41829 1180
p 2 0 629 291 38959 1181
p 2 0 672 248 42084 1222
p 2 1 640 279 44082 1211
p 2 1 598 321 43814 1173
p 2 1 628 291 43509 1222
p 2 0 652 268 43159 1251
p 2 5 642 273 43845 1288
p 2 0 601 319 42638 1206
p 2 0 648 272 41770 1251
p 2 0 672 248 42061 1270
p 2 0 640 280 40466 1226
p 2 0 664 256 40929 1243
p 2 0 644 276 40317 1194
p 2 0 587 333 39528 1114
p 2 0 611 309 38940 1135
p 2 0 668 252 41193 1201
p 2 2 635 283 45230 1241
p 2 2 583 335 41280 1177
p 2 2 622 296 41282 1234
p 2 1 634 285 42568 1272
p 2 6 675 239 42761 1369
p 2 13 656 251 41834 1365
p 2 4 628 288 43141 1278
p 2 6 690 224 44727 1342
p 2 3 640 277 44063 1273
p 2 5 611 304 43989 1245
p 2 3 641 276 44306 1263
p 2 0 683 237 44965 1275
p 2 7 647 266 47036 1319
p 2 2 619 299 46360 1256
p 2 2 657 261 46810 1297
p 2 2 682 236 46033 1299
p 2 0 653 267 45846 1251
p 2 3 612 305 46291 1208
p 2 0 646 274 43757 1198
p 2 4 664 252 45037 1213
p 2 6 642 272 43655 1204
p 2 1 605 314 40671 1134
p 2 5 621 294 40734 1180
p 2 5 649 266 41913 1224
p 2 2 610 308 41256 1173
p 2 1 593 326 41952 1137
p 2 1 621 298 45066 1189
p 2 8 652 260 48104 1265
p 2 6 694 220 52235 1347
p 2 16 725 179 57989 1469
p 2 31 720 169 72448 1660
p 2 23 748 149 66761 1630
p 2 18 769 133 69685 1656
p 2 15 769 136 69940 1678
p 2 8 773 139 67444 1672
p 2 5 807 108 62893 1681
p 2 2 792 126 64593 1628
p 2 5 766 149 63135 1589
p 2 0 789 131 63293 1527
p 2 0 814 106 61212 1489
p 2 1 783 136 56337 1402
p 2 2 738 180 49557 1289
p 2 1 799 120 48449 1369
p 2 1 789 130 49207 1367
p 2 4 790 126 49452 1430
p 2 4 751 165 48103 1417
p 2 6 744 170 50347 1423
p 2 4 725 191 54020 1452
p 2 7 736 177 56728 1483
p 2 3 764 153 58130 1508
p 2 1 742 177 57826 1447
p 2 4 724 192 61557 1440
p 2 2 741 177 57675 1452
p 2 0 770 150 61650 1493
p 2 1 745 174 64668 1507
p 2 2 727 191 65565 1517
p 2 2 725 193 63835 1512
p 2 1 753 166 62281 1547
p 2 252 666 2 106006 2944
p 2 56 819 45 96325 2054
p 2 26 807 87 91943 1862
p 2 15 812 93 91381 1763
p 2 11 796 113 83693 1648
p 2 13 805 102 78315 1641
p 2 8 784 128 73665 1535
p 2 6 804 110 70083 1548
p 2 6 779 135 67512 1501
p 2 1 779 140 67741 1499
p 2 2 779 139 67814 1490
p 2 3 790 127 66981 1525
p 2 5 733 182 66333 1471
p 2 3 751 166 64848 1500
p 2 1 860 59 67059 1651
p 2 17 762 141 84775 1737
p 2 3 758 159 76659 1563
p 2 2 788 130 75923 1612
p 2 5 762 153 76164 1607
p 2 6 780 134 78480 1652
p 2 11 759 150 83388 1644
p 2 1 774 145 77387 1565
p 2 4 755 161 75345 1605
p 2 5 773 142 76182 1645
p 2 6 846 68 76930 1741
p 2 3 897 20 80043 1760
p 2 1 828 91 74715 1619
p 2 1 821 98 72564 1594
p 2 4 787 129 71172 1566
p 2 0 793 127 72722 1580
p 2 0 782 138 74288 1596
p 2 2 805 113 74527 1604
p 2 5 787 128 76171 1619
p 2 3 775 142 75467 1611
p 2 7 753 160 71818 1587
p 2 2 777 141 72835 1527
p 2 1 745 174 71689 1457
p 2 1 769 150 71499 1499
p 2 4 757 159 72798 1532
p 2 0 770 150 73223 1539
p 2 1 764 155 71113 1541
p 2 1 761 158 74251 1533
p 2 8 739 173 75970 1568
p 2 4 776 140 75876 1610
p 2 2 755 163 77214 1586
p 2 2 758 160 74184 1579
p 2 1 757 162 71855 1496
p 2 1 749 170 71613 1466
p 2 2 828 90 72599 1581
p 2 5 890 25 76265 1716
p 2 0 819 101 71551 1565
p 2 0 812 108 68458 1549
p 2 0 799 121 70576 1555
p 2 0 793 127 72437 1566
p 2 1 765 154 72390 1525
p 2 0 752 168 71032 1479
p 2 1 760 159 68637 1468
p 2 1 773 146 65454 1487
p 2 0 766 154 67488 1499
p 2 2 745 173 67565 1469
p 2 2 750 168 67129 1454
p 2 2 759 159 67955 1463
p 2 5 739 176 67402 1459
p 2 4 743 173 66574 1471
p 2 3 740 177 67998 1473
p 2 2 744 174 69859 1501
p 2 0 735 185 70150 1474
p 2 5 728 187 68805 1474
p 2 0 721 199 65648 1401
p 2 0 745 175 65638 1394
p 2 1 696 223 64722 1327
p 2 10 690 220 64474 1336
p 2 1 807 112 66539 1443
p 2 1 875 44 69191 1562
p 2 1 787 132 66918 1459
p 2 4 758 158 68348 1468
p 2 9 765 146 69779 1539
p 2 3 780 137 71641 1511
p 2 6 763 151 69263 1502
p 2 1 747 172 68886 1480
p 2 6 759 155 64643 1497
p 2 1 773 146 64722 1456
p 2 1 754 165 64699 1421
p 2 0 762 158 65709 1416
p 2 0 751 169 65473 1402
p 2 5 756 159 67031 1442
p 2 1 752 167 66906 1431
p 2 1 735 184 67807 1412
p 2 2 744 174 67446 1437
p 2 4 762 154 66901 1450
p 2 1 730 189 65313 1350
p 2 0 732 188 63064 1363
p 2 4 733 183 62492 1400
p 2 4 751 165 62501 1417
p 2 0 724 196 61688 1336
p 2 1 702 217 61452 1308
p 2 2 789 129 65912 1435
p 2 2 815 103 65699 1484
p 2 2 784 134 66568 1445
p 2 2 730 188 66953 1392
p 2 11 760 149 67010 1461
p 2 2 763 155 67411 1423
p 2 0 753 167 65880 1398
p 2 0 761 159 68292 1480
p 2 0 794 126 71254 1556
p 2 6 788 126 71582 1609
p 2 3 789 128 68238 1587
p 2 10 747 163 62000 1592
p 2 7 823 90 62007 1631
p 2 16 765 139 56987 1622
p 2 14 761 145 61749 1619
p 2 10 787 123 62740 1669
p 2 9 760 151 60467 1578
p 2 12 727 181 55039 1555
p 2 0 738 182 48351 1318
p 2 0 738 182 46045 1335
p 2 2 742 176 45437 1357
p 2 2 701 217 45845 1337
p 2 2 728 190 47184 1368
p 2 3 733 184 48640 1394
p 2 1 771 148 47309 1406
p 2 3 778 139 50601 1444
p 2 3 727 190 50747 1380
p 2 2 717 201 51185 1349
p 2 0 757 163 51299 1363
p 2 1 712 207 54932 1349
p 2 1 750 169 62352 1460
p 2 2 766 152 65059 1528
p 2 7 751 162 63056 1540
p 2 16 684 220 57626 1522
p 2 5 723 192 50627 1429
p 2 14 735 171 57633 1476
p 2 8 742 170 64942 1499
p 2 0 720 200 69037 1422
p 2 0 764 156 67939 1474
p 2 1 777 142 66165 1451
p 2 0 760 160 62588 1411
p 2 1 772 147 58585 1408
p 2 0 756 164 57012 1392
p 2 0 691 229 58399 1326
p 2 1 740 179 60048 1401
p 2 2 759 159 62176 1446
p 2 0 707 213 61767 1369
p 2 2 701 217 59502 1366
p 2 4 727 189 59902 1396
p 2 1 791 128 61587 1434
p 2 6 738 176 60176 1375
p 2 2 692 226 63392 1320
p 2 2 718 200 69219 1394
p 2 2 737 181 72674 1482
p 2 8 707 205 70617 1471
p 2 18 648 254 63211 1437
p 2 6 710 204 55268 1352
p 2 16 697 207 62981 1446
p 2 5 700 215 69039 1400
p 2 1 676 243 72492 1360
p 2 0 701 219 69904 1354
p 2 2 715 203 65413 1348
p 2 0 700 220 61881 1286
p 2 0 670 250 60353 1270
p 2 0 688 232 60867 1298
p 2 3 725 192 62092 1384
p 2 2 689 229 62150 1327
p 2 4 669 247 62488 1313
p 2 2 697 221 59585 1308
p 2 1 733 186 57116 1333
p 2 2 697 221 58482 1291
p 2 1 744 175 59732 1328
p 2 0 722 198 60338 1311
p 2 0 743 177 62809 1353
p 2 2 698 220 62792 1341
p 2 0 691 229 64644 1334
p 2 2 706 212 63297 1348
p 2 2 689 229 63598 1335
p 2 0 714 206 62091 1329
p 2 0 722 198 62034 1313
p 2 0 688 232 56817 1244
p 2 3 672 245 58690 1247
p 2 1 696 223 58329 1260
p 2 0 719 201 58389 1286
p 2 0 704 216 57391 1275
p 2 0 682 238 57814 1253
p 2 0 693 227 56877 1266
p 2 3 722 195 59207 1332
p 2 1 696 223 59780 1276
p 2 2 671 247 60768 1281
p 2 3 699 218 66998 1335
p 2 3 717 200 60019 1316
p 2 0 690 230 57535 1262
p 2 1 675 244 57097 1249
p 2 0 671 249 53388 1219
p 2 0 695 225 53935 1242
p 2 2 692 226 54489 1250
p 2 5 718 197 63299 1350
p 2 3 692 225 49235 1273
p 2 0 704 216 53999 1312
p 2 0 710 210 56215 1322
p 2 0 668 252 55740 1262
p 2 0 706 214 54073 1276
p 2 2 699 219 54585 1275
p 2 0 701 219 47759 1231
p 2 0 656 264 50265 1188
p 2 0 699 221 51302 1227
p 2 2 708 210 52521 1251
p 2 0 682 238 50184 1191
p 2 2 655 263 46038 1183
p 2 1 668 251 50691 1201
p 2 0 709 211 55315 1286
p 2 0 683 237 58856 1285
p 2 3 667 250 60571 1295
p 2 0 698 222 60328 1311
p 2 2 702 216 60361 1335
p 2 0 687 233 59008 1297
p 2 0 655 265 57650 1259
p 2 0 692 228 53885 1269
p 2 0 698 222 54083 1259
p 2 3 695 222 52689 1296
p 2 1 711 208 52543 1299
p 2 1 691 228 52375 1293
p 2 0 693 227 52587 1279
p 2 0 674 246 53042 1247
p 2 0 641 279 51585 1194
p 2 1 652 267 47730 1181
p 2 0 691 229 48337 1203
p 2 1 659 260 48125 1186
p 2 1 653 266 50118 1192
p 2 0 688 232 50484 1226
p 2 6 695 219 49205 1269
p 2 2 659 259 49255 1201
p 2 3 693 224 53456 1277
p 2 1 701 218 58145 1280
p 2 2 696 222 60444 1310
p 2 1 682 237 60450 1282
p 2 3 651 266 59897 1272
p 2 1 694 225 58319 1306
p 2 0 699 221 57995 1296
p 2 0 681 239 55288 1271
p 2 1 680 239 54888 1288
p 2 3 694 223 55531 1303
p 2 1 712 207 46165 1313
p 2 1 710 209 49240 1298
p 2 0 734 186 51640 1293
p 2 0 683 237 50229 1222
p 2 7 702 211 57622 1273
p 2 0 684 236 50847 1224
p 2 0 646 274 42726 1147
p 2 0 689 231 46430 1213
p 2 0 715 205 49573 1252
p 2 1 684 235 49421 1239
p 2 2 666 252 50539 1239
p 2 1 682 237 41834 1205
p 2 1 703 216 45834 1229
p 2 2 701 217 50914 1271
p 2 3 653 264 54247 1217
p 2 2 678 240 56194 1252
p 2 2 697 221 56752 1285
p 2 2 693 225 57240 1297
p 2 0 670 250 57778 1245
p 2 1 679 240 58630 1271
p 2 0 706 214 57315 1310
p 2 5 687 228 57483 1326
p 2 3 666 251 57168 1317
p 2 4 688 228 51677 1343
p 2 1 688 231 54266 1306
p 2 0 784 136 56089 1405
p 2 0 716 204 54532 1288
p 2 3 672 245 55519 1291
p 2 2 711 207 55545 1330
p 2 1 727 192 53045 1375
p 2 14 709 197 70801 1558
p 2 7 734 179 60491 1470
p 2 1 747 172 58610 1446
p 2 2 737 181 54705 1472
p 2 3 711 206 55512 1484
p 2 14 767 139 58824 1620
p 2 5 755 160 55591 1570
p 2 11 732 177 50855 1537
p 2 10 748 162 46070 1575
p 2 9 736 175 47299 1577
p 2 0 699 221 44534 1347
p 2 1 729 190 46420 1377
p 2 3 727 190 45021 1387
p 2 2 726 192 44749 1372
p 2 1 683 236 44224 1334
p 2 3 709 208 44997 1404
p 2 4 719 197 52432 1476
p 2 1 741 178 56999 1471
p 2 1 702 217 54358 1357
p 2 1 767 152 55515 1475
p 2 0 770 150 57262 1490
p 2 0 724 196 58195 1451
p 2 1 773 146 58175 1487
p 2 2 753 165 57589 1424
p 2 0 723 197 55936 1360
p 2 3 745 172 58467 1469
p 2 1 764 155 57256 1493
p 2 8 735 177 59262 1543
p 2 2 736 182 65070 1505
p 2 2 775 143 60596 1571
p 2 6 736 178 58598 1541
p 2 2 732 186 60765 1528
p 2 6 769 145 64806 1606
p 2 1 744 175 65759 1514
p 2 3 729 188 64901 1479
p 2 0 745 175 65811 1480
p 2 0 771 149 69035 1539
p 2 7 731 182 67715 1543
p 2 6 698 216 68595 1512
p 2 4 786 130 74754 1637
p 2 2 752 166 72022 1500
p 2 3 727 190 69297 1479
p 2 9 708 203 66677 1491
p 2 1 761 158 65801 1496
p 2 0 793 127 67529 1492
p 2 0 734 186 65404 1385
p 2 0 754 166 63955 1420
p 2 0 718 202 65585 1409
p 2 2 705 213 63200 1396
p 2 2 711 207 65300 1432
p 2 0 724 196 69586 1458
p 2 0 711 209 69741 1428
p 2 2 715 203 65049 1409
p 2 0 725 195 65760 1406
p 2 1 752 167 62593 1439
p 2 0 715 205 66710 1402
p 2 10 704 206 74295 1481
p 2 0 723 197 68989 1411
p 2 2 745 173 67089 1456
p 2 5 719 196 67929 1457
p 2 4 709 207 66044 1426
p 2 4 722 194 67415 1420
p 2 0 735 185 70198 1406
p 2 2 726 192 68416 1411
p 2 4 728 188 66195 1444
p 2 0 731 189 65621 1418
p 2 0 744 176 67517 1455
p 2 1 755 164 69189 1466
p 2 0 759 161 69827 1482
p 2 2 713 205 67662 1435
p 2 8 721 191 81240 1559
p 2 3 727 190 64677 1434
p 2 1 744 175 62779 1395
p 2 0 732 188 63925 1362
p 2 2 681 237 62513 1323
p 2 3 708 209 61209 1357
p 2 1 738 181 61152 1389
p 2 1 708 211 63578 1374
p 2 3 695 222 67579 1415
p 2 1 711 208 69525 1438
p 2 4 737 179 70593 1512
p 2 38 719 163 70984 1751
p 2 28 723 169 69163 1720
p 2 35 723 162 68147 1719
p 2 10 756 154 62782 1614
p 2 9 745 166 58743 1509
p 2 6 689 225 57084 1406
p 2 5 708 207 50563 1393
p 2 4 720 196 46616 1373
p 2 5 679 236 43936 1316
p 2 1 676 243 38606 1289
p 2 10 701 209 35401 1336
p 2 6 728 186 33317 1314
p 2 4 634 282 30997 1192
p 2 13 588 319 34174 1237
p 2 18 675 227 60469 1583
p 2 14 736 170 57366 1582
p 2 11 707 202 58183 1528
p 2 10 695 215 62698 1583
p 2 24 746 150 75220 1809
p 2 45 699 176 70508 1878
p 2 32 718 170 72530 1823
p 2 38 718 164 73160 1829
p 2 27 746 147 78075 1877
p 2 5 745 170 78762 1664
p 2 10 719 191 76051 1626
p 2 4 747 169 73773 1555
p 2 6 763 151 69997 1562
p 2 3 742 175 68257 1566
p 2 3 735 182 71446 1590
p 2 3 735 182 73175 1586
p 2 3 767 150 72355 1621
p 2 1 816 103 74430 1672
p 2 3 873 44 76409 1782
p 2 10 786 124 69391 1708
p 2 7 755 158 69928 1622
p 2 3 770 147 68773 1568
p 2 2 757 161 66953 1510
p 2 5 778 137 68991 1582
p 2 3 777 140 69029 1637
p 2 3 755 162 68765 1587
p 2 2 751 167 68924 1577
p 2 3 745 172 69867 1566
p 2 4 753 163 70627 1589
p 2 5 745 170 72743 1617
p 2 1 734 185 68183 1564
p 2 3 748 169 67704 1527
p 2 3 758 159 65743 1497
p 2 0 741 179 66160 1437
p 2 4 739 177 66209 1483
p 2 2 727 191 66698 1475
p 2 2 758 160 65282 1530
p 2 1 717 202 68231 1497
p 2 1 718 201 70961 1515
p 2 145 736 39 88450 2612
p 2 3 792 125 67301 1563
p 2 5 783 132 65718 1563
p 2 0 772 148 60244 1494
p 2 1 760 159 61249 1452
p 2 1 755 164 61434 1430
p 2 0 741 179 63047 1413
p 2 1 771 148 64552 1466
p 2 0 760 160 64931 1453
p 2 1 771 148 62540 1458
p 2 3 748 169 62844 1423
p 2 0 751 169 61355 1388
p 2 0 744 176 62924 1376
p 2 0 773 147 62287 1413
p 2 0 744 176 58968 1363
p 2 0 729 191 60428 1343
p 2 1 748 171 61303 1365
p 2 4 746 170 60464 1395
p 2 0 737 183 62325 1367
p 2 1 741 178 63106 1406
p 2 2 722 196 61875 1406
p 2 3 698 219 60488 1370
p 2 2 724 194 62627 1416
p 2 2 721 197 64713 1448
p 2 2 778 140 65482 1494
p 2 1 851 68 66360 1591
p 2 1 769 150 59265 1425
p 2 2 768 150 59768 1409
p 2 0 753 167 63190 1404
p 2 1 751 168 63968 1443
p 2 0 731 189 65552 1459
p 2 1 759 160 66241 1516
p 2 2 728 190 66222 1502
p 2 2 727 191 65062 1471
p 2 2 712 206 65338 1423
p 2 1 747 172 69728 1504
p 2 0 699 221 70720 1437
p 2 1 704 215 70254 1442
p 2 0 816 104 70679 1554
p 2 0 855 65 72602 1620
p 2 3 781 136 68369 1535
p 2 3 763 154 70391 1527
p 2 1 755 164 70853 1506
p 2 1 740 179 70548 1491
p 2 5 735 180 70715 1523
p 2 2 722 196 53896 1467
p 2 4 739 177 50300 1481
p 2 4 690 226 48127 1413
p 2 7 727 186 63933 1554
p 2 1 741 178 68769 1529
p 2 2 740 178 69155 1501
p 2 1 724 195 69697 1489
p 2 1 708 211 67210 1471
p 2 164 674 82 88036 2608
p 2 1 728 191 59676 1432
p 2 1 764 155 60963 1471
p 2 1 721 198 61887 1425
p 2 0 752 168 57181 1431
p 2 0 756 164 56973 1443
p 2 1 729 190 56324 1421
p 2 1 747 172 55585 1440
p 2 0 743 177 54700 1415
p 2 0 697 223 53845 1337
p 2 2 709 209 55937 1357
p 2 1 743 176 54797 1404
p 2 1 716 203 54448 1379
p 2 1 683 236 54233 1344
p 2 3 709 208 37800 1309
p 2 0 713 207 37146 1259
p 2 0 668 252 36397 1221
p 2 1 693 226 51215 1324
p 2 4 723 193 55583 1388
p 2 4 747 169 56207 1424
p 2 1 716 203 55108 1351
p 2 2 714 204 53307 1366
p 2 0 733 187 55123 1394
p 2 1 785 134 55187 1486
p 2 0 721 199 53540 1376
p 2 0 683 237 53524 1319
p 2 0 714 206 52745 1323
p 2 2 729 189 53907 1360
p 2 0 706 214 53285 1332
p 2 1 685 234 51058 1307
p 2 1 708 211 50890 1333
p 2 0 744 176 50818 1350
p 2 0 725 195 50480 1329
p 2 0 696 224 51123 1308
p 2 2 690 228 36116 1258
p 2 0 669 251 29654 1189
p 2 0 615 305 27931 1089
p 2 0 631 289 44535 1157
p 2 1 694 225 48842 1253
p 2 1 717 202 50860 1311
p 2 1 703 216 49513 1280
p 2 0 684 236 48264 1256
p 2 0 686 234 48600 1254
p 2 0 709 211 49783 1297
p 2 174 614 132 74028 2461
p 2 0 710 210 52812 1365
p 2 0 731 189 51214 1353
p 2 0 721 199 49651 1328
p 2 0 754 166 49509 1358
p 2 2 706 212 48185 1307
p 2 0 741 179 48647 1331
p 2 0 726 194 48222 1289
p 2 0 726 194 48503 1304
p 2 0 679 241 48740 1247
p 2 0 713 207 47465 1269
p 2 0 727 193 46996 1274
p 2 0 665 255 31803 1169
p 2 0 645 275 30780 1134
p 2 0 802 118 34657 1380
p 2 0 720 200 45455 1298
p 2 0 710 210 50935 1313
p 2 0 722 198 51292 1340
p 2 0 724 196 51347 1327
p 2 0 766 154 53745 1391
p 2 0 715 205 53161 1371
p 2 1 731 188 52570 1414
p 2 1 720 199 51773 1392
p 2 0 751 169 51931 1413
p 2 1 734 185 52562 1392
p 2 1 695 224 53330 1357
p 2 0 732 188 53848 1372
p 2 0 745 175 50016 1365
p 2 0 740 180 50414 1356
p 2 1 682 237 50606 1282
p 2 0 728 192 49896 1321
p 2 2 710 208 50661 1333
p 2 0 718 202 34175 1262
p 2 0 644 276 30035 1154
p 2 0 635 285 27207 1134
p 2 0 706 214 44631 1276
p 2 264 525 131 71241 2598
p 2 1 677 242 44246 1211
p 2 0 688 232 46445 1235
p 2 3 671 246 43470 1224
p 2 0 715 205 43613 1237
p 2 0 671 249 43832 1208
p 2 0 696 224 43784 1205
p 2 0 741 179 46314 1280
p 2 3 683 234 40282 1207
p 2 2 652 266 34627 1149
p 2 0 677 243 34098 1166
p 2 8 703 209 42282 1275
p 2 1 683 236 33861 1180
p 2 0 648 272 34689 1136
p 2 0 691 229 33394 1200
p 2 1 712 207 32677 1233
p 2 1 676 243 35296 1207
p 2 2 693 225 38314 1272
p 2 0 699 221 38424 1259
p 2 0 659 261 39335 1228
p 2 0 664 256 38501 1221
p 2 1 683 236 37989 1231
p 2 3 695 222 37787 1253
p 2 0 678 242 37053 1212
p 2 0 682 238 36607 1219
p 2 0 753 167 37298 1305
p 2 0 694 226 34890 1212
p 2 0 660 260 33920 1173
p 2 0 672 248 35860 1189
p 2 0 695 225 37735 1232
p 2 1 669 250 36494 1216
p 2 0 636 284 36630 1184
p 2 0 654 266 35936 1193
p 2 0 676 244 34765 1198
p 2 0 659 261 35482 1174
p 2 0 679 241 36646 1207
p 2 1 668 251 36172 1202
p 2 0 631 289 35613 1139
p 2 1 657 262 36857 1194
p 2 0 679 241 36471 1222
p 2 0 690 230 37114 1226
p 2 1 649 270 38053 1221
p 2 0 678 242 38639 1253
p 2 1 710 209 38724 1308
p 2 2 673 245 37748 1239
p 2 0 621 299 36229 1170
p 2 0 654 266 35801 1202
p 2 0 663 257 36678 1240
p 2 0 683 237 35648 1250
p 2 2 697 221 37843 1292
p 2 2 668 250 35150 1250
p 2 1 666 253 34155 1257
p 2 1 666 253 36574 1273
p 2 0 683 237 38140 1255
p 2 1 669 250 38150 1258
p 2 0 601 319 38082 1163
p 2 0 639 281 37538 1183
p 2 0 668 252 35957 1213
p 2 0 645 275 35845 1179
p 2 1 627 292 46985 1296
p 2 1 638 281 40873 1236
p 2 0 667 253 39864 1255
p 2 1 657 262 40540 1254
p 2 0 608 312 41005 1199
p 2 0 645 275 39998 1248
p 2 1 666 253 40422 1269
p 2 0 650 270 40131 1230
p 2 1 602 317 39421 1172
p 2 0 644 276 33438 1197
p 2 0 651 269 36861 1224
p 2 0 645 275 38087 1217
p 2 2 638 280 44371 1257
p 2 4 646 270 39429 1253
p 2 0 721 199 41078 1312
p 2 0 646 274 37802 1195
p 2 0 617 303 39018 1186
p 2 0 622 298 29859 1173
p 2 0 640 280 29283 1171
p 2 0 637 283 29905 1167
p 2 2 543 375 29000 1072
p 2 1 592 327 28479 1120
p 2 1 615 304 28425 1153
p 2 2 627 291 29632 1194
p 2 3 629 288 40690 1227
p 2 0 655 265 48316 1302
p 2 7 708 205 54910 1466
p 2 12 661 247 51834 1445
p 2 23 597 300 45468 1399
p 2 6 578 336 37995 1219
p 2 24 618 278 45540 1376
p 2 9 680 231 54085 1414
p 2 3 644 273 55477 1382
p 2 2 640 278 53272 1345
p 2 2 617 301 48567 1316
p 2 0 666 254 45589 1344
p 2 2 694 224 44030 1378
p 2 0 685 235 41971 1309
p 2 1 679 240 40193 1265
p 2 0 662 258 38868 1216
p 2 0 662 258 34330 1201
p 2 0 662 258 35006 1185
p 2 0 631 289 34723 1138
p 2 0 658 262 33331 1136
p 2 0 667 253 32684 1152
p 2 0 662 258 23363 1126
p 2 0 593 327 21056 1026
p 2 0 635 285 21339 1069
p 2 0 654 266 21749 1095
p 2 0 640 280 21699 1091
p 2 1 541 378 22875 999
p 2 0 620 300 23839 1103
p 2 1 663 256 24300 1162
p 2 0 632 288 24130 1138
p 2 0 530 390 25820 1019
p 2 0 592 328 24806 1078
p 2 0 625 295 25282 1120
p 2 0 590 330 24534 1088
p 2 0 515 405 25048 999
p 2 2 595 323 24057 1088
p 2 1 634 285 24652 1144
p 2 0 654 266 23682 1148
p 2 1 588 331 24180 1068
p 2 2 519 399 22628 999
p 2 2 571 347 23829 1064
p 2 2 630 288 24303 1110
p 2 1 580 339 23858 1050
p 2 1 518 401 23024 991
p 2 0 568 352 23156 1035
p 2 0 601 319 21754 1062
p 2 1 558 361 21476 1011
p 2 1 478 441 21692 939
p 2 1 539 380 22029 986
p 2 1 570 349 21411 1036
p 2 0 536 384 21641 991
p 2 0 540 380 22619 1000
p 2 2 680 238 24158 1162
p 2 0 705 215 23382 1183
p 2 1 613 306 20175 1062
p 2 0 519 401 19068 925
p 2 0 566 354 19203 950
p 2 0 580 340 18770 966
p 2 0 526 394 17595 894
p 2 0 482 438 17338 860
p 2 0 485 435 17200 857
p 2 0 527 393 16338 894
p 2 0 459 461 15775 826
p 2 0 447 473 15558 811
p 2 0 442 478 16250 803
p 2 0 467 453 15373 835
p 2 0 419 501 14877 764
p 2 0 428 492 14989 767
i 2 920 0 0 43617 3585
p 2 0 79 841 322 267
p 2 0 16 904 221 213
p 2 1 20 899 974 223
p 2 0 8 912 225 205
p 2 0 6 914 213 202
p 2 7 16 897 2425 267
p 2 0 31 889 364 226
p 2 0 13 907 270 212
p 2 16 27 877 3959 343
p 2 0 32 888 358 227
p 2 0 43 877 334 233
p 2 17 63 840 5898 422
p 2 0 32 888 398 233
p 2 0 28 892 301 220
p 2 22 66 832 7840 480
p 2 0 66 854 482 268
p 2 0 45 875 331 235
p 2 29 68 823 9428 537
p 2 0 55 865 497 252
p 2 0 23 897 288 217
p 2 31 76 813 9731 579
p 2 0 98 822 583 291
p 2 0 29 891 309 224
p 2 30 88 802 9955 594
p 2 0 96 824 585 293
p 2 0 79 841 425 271
p 2 32 101 787 9806 601
p 2 0 69 851 531 274
p 2 0 43 877 343 238
p 2 29 84 807 10112 583
p 2 0 74 846 549 276
p 2 0 48 872 374 242
p 2 36 72 812 10023 590
p 2 0 78 842 515 276
p 2 0 52 868 357 244
p 2 36 68 816 9992 577
p 2 0 56 864 496 257
p 2 0 27 893 307 223
p 2 28 74 818 9997 559
p 2 0 76 844 567 278
p 2 0 45 875 344 239
p 2 32 79 809 10471 592
p 2 0 68 852 541 277
p 2 0 30 890 293 227
p 2 29 73 818 10354 571
p 2 0 70 850 532 272
p 2 0 27 893 304 222
i 2 920 0 0 36241 4730
p 2 62 189 669 6641 745
p 2 120 163 637 12001 1138
p 2 190 175 555 20807 1591
p 2 245 214 461 25851 2018
p 2 175 351 394 29051 2003
p 2 45 464 411 24300 1491
p 2 0 325 595 1237 579
p 2 0 108 812 425 298
p 2 3 223 694 2158 470
p 2 0 178 742 598 366
p 2 0 143 777 485 325
p 2 3 136 781 2483 374
p 2 0 124 796 484 319
p 2 0 62 858 294 247
p 2 4 74 842 1923 334
p 2 0 54 866 314 243
p 2 0 37 883 275 229
p 2 3 49 868 1074 279
p 2 0 26 894 267 221
p 2 0 46 874 820 249
p 2 16 91 813 3395 388
p 2 0 95 825 1401 295
p 2 0 66 854 1387 267
p 2 4 96 820 3095 360
p 2 0 65 855 1552 273
p 2 0 71 849 1541 274
p 2 3 84 833 3539 346
p 2 0 65 855 1582 276
p 2 0 49 871 1497 259
p 2 0 44 876 1378 260
p 2 0 43 877 1188 259
p 2 1 36 883 1213 263
p 2 0 33 887 328 235
p 2 4 42 874 1915 309
p 2 0 34 886 283 230
p 2 3 30 887 1062 269
p 2 0 15 905 236 214
p 2 0 6 914 206 203
p 2 0 4 916 202 201
p 2 0 3 917 201 199
p 2 0 1 919 198 198
i 2 920 0 0 37393 4893
p 2 113 312 495 15997 1340
p 2 198 321 401 23047 1853
p 2 242 324 354 29901 2128
p 2 179 437 304 35735 2180
p 2 47 579 294 29740 1670
p 2 21 584 315 21808 1334
p 2 0 604 316 17507 1159
p 2 0 615 305 9188 1044
p 2 37 574 309 15950 1298
p 2 4 599 317 14647 1088
p 2 0 572 348 9072 917
p 2 34 533 353 12846 1110
p 2 0 590 330 13341 979
p 2 0 550 370 14047 951
p 2 28 565 327 18105 1209
p 2 0 570 350 13320 979
p 2 0 583 337 13489 988
p 2 19 542 359 17389 1129
p 2 0 559 361 14777 998
p 2 0 535 385 15124 954
p 2 14 537 369 17194 1094
p 2 1 508 411 12060 908
p 2 0 558 362 13922 966
p 2 17 466 437 15108 992
p 2 0 500 420 13330 888
p 2 0 483 437 11277 843
p 2 17 472 431 14305 1010
p 2 0 480 440 10167 853
p 2 0 504 416 11125 883
p 2 18 481 421 13305 1015
p 2 0 488 432 9486 853
p 2 0 450 470 7706 782
p 2 16 429 475 10467 928
p 2 0 410 510 6818 749
p 2 0 391 529 6996 730
i 2 920 0 0 29835 3811
p 2 1 506 413 1646 832
p 2 0 519 401 1623 805
p 2 16 869 35 24270 1836
p 2 0 722 198 2547 1056
p 2 0 564 356 2012 931
p 2 15 879 26 23673 1802
p 2 0 744 176 2860 1136
p 2 0 563 357 2065 906
p 2 121 783 16 36521 2586
p 2 1 693 226 2665 1108
p 2 0 519 401 1802 851
p 2 139 767 14 38331 2651
p 2 0 681 239 2281 1062
p 2 0 493 427 1620 824
p 2 17 869 34 26509 1930
p 2 0 693 227 2724 1063
p 2 0 485 435 1903 850
p 2 21 869 30 27656 1952
p 2 0 665 255 2539 1059
p 2 0 493 427 1716 800
p 2 21 867 32 27048 1912
p 2 0 693 227 2569 1049
p 2 0 450 470 1603 743
p 2 17 884 19 27790 1930
p 2 0 708 212 2722 1065
p 2 0 483 437 1842 815
p 2 158 746 16 40835 2747
p 2 0 650 270 2477 1023
p 2 0 398 522 1641 722
p 2 194 715 11 41379 2891
p 2 0 584 336 2265 904
p 2 0 416 504 1543 672
p 2 190 703 27 43080 2899
p 2 0 598 322 2197 958
p 2 0 325 595 1219 586
i 2 920 0 0 55839 4518
p 2 0 194 726 449 374
p 2 28 568 324 39730 1454
p 2 0 292 628 1349 527
p 2 15 489 416 37766 1217
p 2 0 335 585 1499 556
p 2 3 491 426 37674 1155
p 2 0 367 553 1787 619
p 2 0 180 740 665 366
p 2 2 121 797 1051 330
p 2 0 128 792 522 311
p 2 0 154 766 654 342
p 2 0 86 834 610 283
p 2 0 69 851 355 258
p 2 0 74 846 394 266
p 2 1 99 820 1053 302
p 2 0 37 883 271 228
p 2 0 57 863 342 245
p 2 1 56 863 1173 264
p 2 0 51 869 374 246
p 2 0 41 879 315 232
p 2 2 103 815 981 311
p 2 0 54 866 332 246
p 2 0 52 868 316 242
p 2 1 73 846 1202 277
p 2 0 58 862 356 253
p 2 0 17 903 235 212
p 2 2 31 887 455 248
p 2 0 20 900 248 215
p 2 0 20 900 245 214
p 2 2 24 894 1197 240
p 2 0 12 908 233 207
p 2 0 12 908 213 207
p 2 2 16 902 781 231
p 2 0 12 908 233 207
p 2 0 8 912 222 203
p 2 1 10 909 1055 224
p 2 0 15 905 232 211
p 2 0 3 917 206 200
p 2 2 9 909 768 226
p 2 0 7 913 226 205
p 2 0 4 916 210 201
i 2 920 0 0 60424 4763
p 2 0 99 821 360 288
p 2 0 19 901 222 215
p 2 2 20 898 795 226
p 2 0 9 911 213 205
p 2 0 22 898 220 212
p 2 3 24 893 1015 241
p 2 0 12 908 222 207
p 2 0 6 914 207 203
p 2 0 24 896 868 229
p 2 0 25 895 249 219
p 2 0 23 897 230 213
p 2 3 16 901 1021 236
p 2 0 7 913 210 202
p 2 0 5 915 207 201
p 2 0 20 900 845 224
p 2 0 15 905 216 208
p 2 0 3 917 202 201
p 2 3 16 901 985 235
p 2 0 10 910 217 206
p 2 0 8 912 208 204
p 2 0 23 897 869 229
p 2 0 15 905 223 209
p 2 2 12 906 599 222
p 2 0 17 903 229 210
p 2 0 9 911 210 204
p 2 0 3 917 202 199
p 2 0 12 908 217 206
p 2 0 8 912 211 203
p 2 0 6 914 204 201
p 2 0 17 903 933 231
p 2 0 12 908 220 207
p 2 0 7 913 210 202
p 2 0 14 906 524 220
p 2 0 11 909 233 213
p 2 0 6 914 208 201
p 2 1 11 908 960 223
p 2 0 6 914 213 203
p 2 0 1 919 198 198
p 2 1 9 910 1193 228
p 2 0 7 913 229 204
p 2 0 5 915 207 202
p 2 0 11 909 905 228
p 2 0 12 908 230 209
p 2 0 3 917 206 200
p 2 1 11 908 1204 229
p 2 0 10 910 228 206
p 2 0 5 915 209 202
p 2 0 11 909 905 227
p 2 0 11 909 242 209
p 2 0 5 915 213 203
p 2 0 10 910 497 214
p 2 0 9 911 229 208
p 2 0 3 917 203 200
p 2 0 0 920 197 197
p 2 0 1 919 198 198
p 2 0 2 918 199 198
p 2 18 894 8 12070 1383
i 2 920 0 0 51783 4615
p 2 566 354 0 48251 4306
p 2 344 575 1 30837 3437
p 2 156 763 1 11963 2436
p 2 9 911 0 4275 1632
p 2 5 910 5 3865 1585
p 2 1 909 10 3263 1501
p 2 0 888 32 2762 1478
i 2 920 0 0 50318 4354
p 2 0 111 809 378 302
p 2 0 84 836 305 272
p 2 0 60 860 666 264
p 2 0 61 859 278 250
p 2 0 27 893 234 223
p 2 1 43 876 1111 253
p 2 0 16 904 239 210
p 2 0 11 909 235 205
p 2 0 8 912 212 205
p 2 0 10 910 212 205
p 2 0 8 912 210 204
p 2 0 15 905 606 226
p 2 0 12 908 223 209
p 2 0 12 908 216 209
p 2 0 12 908 283 220
p 2 0 6 914 213 204
p 2 0 8 912 209 203
p 2 0 3 917 200 200
p 2 0 2 918 199 199
p 2 0 1 919 198 198
p 2 0 1 919 198 198
p 2 0 6 914 202 202
p 2 0 2 918 198 198
i 2 920 0 0 53718 4742
p 2 0 227 693 538 418
p 2 0 168 752 405 353
p 2 84 177 659 14050 995
p 2 0 172 748 499 357
p 2 0 137 783 378 314
p 2 1 179 740 9539 530
p 2 0 133 787 570 336
p 2 0 81 839 349 270
p 2 0 181 739 8034 489
p 2 0 118 802 561 319
p 2 0 60 860 316 252
p 2 0 150 770 7852 457
p 2 0 103 817 613 307
p 2 0 61 859 351 253
p 2 0 31 889 278 223
p 2 0 23 897 241 217
p 2 0 19 901 260 215
p 2 0 39 881 281 235
p 2 0 71 849 297 255
p 2 0 23 897 242 218
p 2 0 25 895 257 222
p 2 1 111 808 9982 462
p 2 2 96 822 1013 317
p 2 2 60 858 971 285
p 2 7 68 845 1652 354
p 2 0 54 866 313 252
p 2 1 79 840 1987 343
p 2 0 59 861 413 257
p 2 0 68 852 2071 339
p 2 0 40 880 315 240
p 2 1 66 853 1999 342
p 2 0 35 885 296 237
p 2 3 56 861 1797 334
p 2 0 39 881 314 240
p 2 2 66 852 2308 348
p 2 0 37 883 289 235
i 2 920 0 0 10073 3305
p 2 35 885 0 4149 1473
p 2 20 900 0 4005 1408
p 2 15 905 0 5079 1450
p 2 20 900 0 7651 1541
p 2 16 904 0 6408 1521
p 2 29 891 0 11972 1609
p 2 24 896 0 13376 1616
p 2 40 880 0 8909 1584
p 2 30 890 0 15709 1579
p 2 37 883 0 14096 1598
p 2 42 878 0 12255 1617
p 2 16 904 0 12492 1562
p 2 15 905 0 10591 1506
p 2 14 906 0 10721 1593
p 2 17 898 5 7286 1543
p 2 11 904 5 6537 1542
p 2 4 824 92 5141 1263
p 2 4 774 142 3172 1099
p 2 1 624 295 2272 848
p 2 0 684 236 1938 839
p 2 2 586 332 1607 738
p 2 0 573 347 1350 712
p 2 0 477 443 1141 617
p 2 0 530 390 1151 659
p 2 0 458 462 643 591
p 2 0 374 546 546 503
p 2 0 366 554 565 494
p 2 0 345 575 654 494
p 2 0 355 565 771 495
p 2 0 334 586 884 488
p 2 0 342 578 1024 505
p 2 0 294 626 1070 474
p 2 2 317 601 1229 507
p 2 0 237 683 1339 438
p 2 1 263 656 1562 479
p 2 0 196 724 1384 435
p 2 0 166 754 1243 407
p 2 0 208 712 1139 442
p 2 0 174 746 890 388
p 2 0 180 740 717 382
p 2 0 198 722 640 383
i 2 920 0 0 45797 4176
p 2 0 849 71 14732 1272
p 2 0 894 26 15077 1289
p 2 0 807 113 14062 1221
p 2 0 851 69 14758 1268
p 2 0 866 54 14047 1254
p 2 0 860 60 14663 1254
p 2 0 848 72 13568 1236
p 2 0 855 65 14187 1238
p 2 0 872 48 13523 1244
p 2 0 854 66 14107 1245
p 2 0 847 73 12854 1207
p 2 6 834 80 14476 1255
p 2 0 867 53 16319 1276
p 2 0 862 58 16021 1269
p 2 0 859 61 15164 1260
p 2 0 854 66 15106 1251
p 2 0 849 71 14858 1260
p 2 0 840 80 15658 1263
p 2 0 866 54 15176 1291
p 2 0 860 60 15214 1278
p 2 0 884 36 15640 1303
p 2 1 887 32 15156 1301
p 2 0 878 42 14444 1269
p 2 2 855 63 14225 1305
p 2 1 861 58 15745 1315
p 2 0 865 55 14734 1283
p 2 7 850 63 15599 1319
p 2 0 849 71 14632 1266
p 2 0 853 67 14406 1237
p 2 0 857 63 15091 1270
p 2 0 857 63 14129 1253
p 2 0 850 70 14310 1251
p 2 0 851 69 14476 1255
p 2 0 857 63 14010 1250
p 2 0 844 76 13812 1226
p 2 2 831 87 12530 1264
p 2 0 856 64 15525 1258
p 2 0 856 64 15681 1246
p 2 0 850 70 14701 1235
p 2 0 837 83 15056 1246
p 2 0 827 93 14756 1226
i 2 920 0 0 28767 3872
p 2 0 331 589 592 489
p 2 0 333 587 560 487
p 2 1 258 661 1156 433
p 2 0 147 773 1435 343
p 2 0 178 742 1922 386
p 2 0 152 768 450 336
p 2 0 149 771 370 317
p 2 0 53 867 247 239
p 2 0 93 827 304 274
p 2 0 107 813 335 289
p 2 0 66 854 282 253
p 2 0 45 875 242 236
p 2 0 37 883 239 226
p 2 0 61 859 276 246
p 2 0 60 860 273 247
p 2 0 32 888 236 223
p 2 0 43 877 254 233
p 2 0 96 824 306 276
p 2 0 61 859 263 249
p 2 0 33 887 237 226
p 2 0 39 881 234 228
p 2 0 54 866 246 239
p 2 0 44 876 239 232
p 2 0 31 889 225 222
p 2 0 20 900 214 212
p 2 0 19 901 215 212
p 2 0 16 904 210 209
p 2 0 10 910 205 205
p 2 0 8 912 202 202
i 2 920 0 0 57285 5115
p 2 0 93 827 341 277
p 2 0 28 892 226 220
p 2 50 113 757 11117 700
p 2 0 98 822 501 302
p 2 0 51 869 292 243
p 2 85 134 701 13726 915
p 2 0 119 801 507 321
p 2 0 92 828 346 280
p 2 135 202 583 20983 1336
p 2 0 157 763 647 368
p 2 0 92 828 357 276
p 2 181 262 477 30060 1751
p 2 0 185 735 761 387
p 2 0 89 831 332 271
p 2 0 72 848 337 259
p 2 0 48 872 277 238
p 2 0 37 883 270 229
p 2 178 219 523 32499 1766
p 2 0 196 724 812 405
p 2 112 256 552 24443 1361
p 2 0 238 682 896 435
p 2 93 264 563 24056 1336
p 2 0 212 708 914 437
p 2 118 284 518 23043 1425
p 2 0 229 691 987 451
p 2 12 199 709 3846 550
p 2 0 110 810 415 302
p 2 14 144 762 5084 503
p 2 0 85 835 390 280
p 2 14 89 817 4381 431
p 2 0 67 853 353 259
p 2 19 74 827 4502 425
p 2 0 48 872 332 241
p 2 3 56 861 1571 286
p 2 0 41 879 293 235
p 2 0 33 887 265 223
p 2 0 17 903 223 211
p 2 0 11 909 215 207
p 2 0 7 913 205 202
p 2 0 7 913 207 203
p 2 0 3 917 202 200
i 2 920 0 0 45468 4538
p 2 0 354 566 1587 530
p 2 0 344 576 4778 548
p 2 1 232 687 7360 498
p 2 0 294 626 7216 519
p 2 0 188 732 6394 449
p 2 2 282 636 8092 545
p 2 0 182 738 6231 450
p 2 0 262 658 6836 509
p 2 1 179 740 8117 472
p 2 0 219 701 6499 477
p 2 0 166 754 6765 442
p 2 1 235 684 8291 518
p 2 0 152 768 6683 431
p 2 0 229 691 7091 488
p 2 1 161 758 7641 462
p 2 0 242 678 6440 501
p 2 0 147 773 6575 423
p 2 1 220 699 8066 501
p 2 0 169 751 6738 444
p 2 0 230 690 7308 487
p 2 2 138 780 6811 420
p 2 0 153 767 4433 400
p 2 0 138 782 2721 366
p 2 1 125 794 2869 337
p 2 0 137 783 3508 364
p 2 0 163 757 6644 427
p 2 2 232 686 7639 506
p 2 0 155 765 6547 425
p 2 0 223 697 6373 479
p 2 1 151 768 7603 447
p 2 0 233 687 6202 493
p 2 0 153 767 6397 432
p 2 1 237 682 7424 513
p 2 0 146 774 6323 429
p 2 0 254 666 6650 505
p 2 1 150 769 7842 445
p 2 0 195 725 6661 464
p 2 0 169 751 6501 442
p 2 2 240 678 7922 522
p 2 0 156 764 6354 429
p 2 0 234 686 6184 488
p 2 2 159 759 7733 454
p 2 0 225 695 6904 476
p 2 0 141 779 7505 412
p 2 1 160 759 6141 422
p 2 0 130 790 4425 374
p 2 0 127 793 2196 348
p 2 1 92 827 3001 309
p 2 0 133 787 3901 363
p 2 0 186 734 6677 433
p 2 2 135 783 8280 431
p 2 0 217 703 6686 463
p 2 0 143 777 6329 417
p 2 1 211 708 7962 485
i 2 920 0 0 32895 3746
p 2 1 848 71 14314 1287
p 2 0 897 23 13273 1291
p 2 1 895 24 14725 1360
p 2 4 901 15 15942 1351
p 2 1 905 14 17299 1348
p 2 0 914 6 18779 1390
p 2 2 910 8 19291 1417
p 2 1 910 9 20509 1430
p 2 0 902 18 21998 1408
p 2 0 915 5 19504 1403
p 2 0 900 20 18228 1424
p 2 2 911 7 19359 1383
p 2 0 902 18 18331 1356
p 2 0 914 6 16931 1367
p 2 0 906 14 15560 1338
p 2 0 916 4 11109 1292
p 2 2 900 18 16278 1369
p 2 1 916 3 17638 1341
p 2 5 883 32 17659 1388
p 2 1 916 3 15724 1352
p 2 1 902 17 14919 1274
p 2 0 915 5 10727 1241
p 2 0 881 39 10884 1210
p 2 0 915 5 15135 1261
p 2 0 885 35 14307 1246
p 2 0 890 30 12352 1218
p 2 0 870 50 11247 1173
p 2 0 848 72 14072 1172
p 2 0 740 180 12035 1007
p 2 0 499 421 1861 671
p 2 0 236 684 610 403
p 2 0 326 594 632 462
p 2 0 167 753 953 343
p 2 0 222 698 519 386
p 2 0 110 810 332 286
p 2 0 92 828 805 281
p 2 0 58 862 300 246
p 2 0 77 843 306 261
p 2 0 50 870 752 242
p 2 0 49 871 267 235
p 2 0 16 904 221 209
p 2 0 31 889 697 230
p 2 0 13 907 244 208
p 2 0 31 889 250 223
p 2 0 29 891 694 223
p 2 0 18 902 249 211
p 2 0 10 910 227 204
i 2 920 0 0 65737 4960
p 2 0 111 809 363 297
p 2 0 50 870 246 240
p 2 215 364 341 51996 2517
p 2 0 287 633 1261 514
p 2 0 112 808 476 307
p 2 241 397 282 57175 2802
p 2 0 304 616 1330 540
p 2 0 130 790 498 318
p 2 266 417 237 62895 3028
p 2 145 775 0 13060 2007
p 2 157 763 0 15017 2001
p 2 115 805 0 17758 1926
p 2 146 774 0 17253 1964
p 2 133 787 0 20226 2008
p 2 131 789 0 18776 1949
p 2 138 782 0 21216 2045
p 2 125 795 0 19409 1945
p 2 123 797 0 21021 2042
p 2 143 777 0 19017 2025
p 2 140 780 0 20929 2128
p 2 119 801 0 19014 1994
p 2 136 784 0 19891 2149
p 2 149 771 0 18427 2127
p 2 135 785 0 19324 2171
p 2 146 774 0 18444 2184
p 2 133 787 0 17515 2196
p 2 135 785 0 17023 2210
p 2 116 804 0 16961 2189
p 2 143 777 0 16653 2279
p 2 121 799 0 16090 2252
p 2 140 780 0 15972 2330
p 2 127 793 0 15421 2337
p 2 126 794 0 15611 2434
p 2 0 862 58 3001 1243
p 2 0 494 426 1250 734
p 2 0 580 340 1405 821
p 2 0 321 599 923 536
p 2 0 375 545 1100 595
p 2 0 202 718 565 399
p 2 0 210 710 657 408
p 2 0 178 742 595 369
p 2 0 190 730 659 388
p 2 0 130 790 433 324
p 2 0 108 812 400 295
p 2 0 87 833 397 280
p 2 0 172 748 576 368
p 2 0 79 841 341 271
p 2 0 114 806 439 310
p 2 0 129 791 476 320
p 2 0 105 815 401 298
p 2 0 56 864 295 250
p 2 0 56 864 302 249
p 2 0 67 853 325 257
p 2 0 63 857 336 257
p 2 0 24 896 260 222
p 2 0 39 881 264 230
p 2 0 26 894 241 219
p 2 0 31 889 270 225
p 2 0 18 902 233 216
p 2 0 20 900 239 215
p 2 0 25 895 246 219
p 2 0 22 898 245 217
p 2 0 13 907 219 208
p 2 0 12 908 233 210
p 2 0 12 908 228 208
p 2 0 10 910 211 205
p 2 0 9 911 215 204
p 2 0 4 916 206 201
p 2 0 3 917 202 200
p 2 0 3 917 201 200
p 2 0 3 917 201 200
p 2 0 14 906 223 210
p 2 0 21 899 245 218
p 2 0 13 907 219 209
p 2 0 27 893 239 222
p 2 0 30 890 263 227
p 2 0 41 879 283 231
p 2 0 26 894 249 222
p 2 0 7 913 207 205
p 2 0 7 913 206 204
p 2 0 14 906 219 210
p 2 0 14 906 213 208
p 2 0 8 912 205 204
p 2 0 3 917 204 201
p 2 0 1 919 198 198
p 2 0 5 915 204 202
p 2 0 0 920 197 197
p 2 0 2 918 201 200
p 2 0 2 918 201 199
p 2 0 0 920 197 197
p 2 0 2 918 198 198
p 2 0 1 919 198 198
p 2 0 2 918 200 200
p 2 0 2 918 201 200
p 2 0 0 920 197 197
p 2 0 1 919 198 198
p 2 0 0 920 197 197
p 2 0 2 918 199 199
p 2 0 3 917 203 202
p 2 0 3 917 201 200
p 2 0 6 914 207 203
p 2 0 1 919 198 198
p 2 0 3 917 204 201
p 2 0 1 919 199 199
p 2 0 1 919 198 198
p 2 0 2 918 203 199
p 2 0 2 918 204 199
p 2 0 2 918 200 199
p 2 0 2 918 202 199
p 2 0 0 920 197 197
p 2 0 0 920 197 197
p 2 0 2 918 200 200
p 2 0 2 918 199 199
p 2 0 1 919 199 199
p 2 0 6 914 203 202
p 2 0 3 917 204 200
p 2 0 1 919 198 198
p 2 0 0 920 197 197
p 2 0 0 920 197 197
p 2 0 3 917 201 200
p 2 0 4 916 199 199
p 2 0 0 920 197 197
p 2 0 1 919 198 198
p 2 0 1 919 198 198
p 2 0 0 920 197 197
p 2 0 0 920 197 197
p 2 0 0 920 197 197
p 2 0 0 920 197 197
i 2 920 0 0 2668 2668
p 2 0 0 920 197 197
p 2 0 0 920 197 197
p 2 0 0 920 197 197
p 2 0 0 920 197 197
p 2 0 0 920 197 197
p 2 0 0 920 197 197
p 2 0 0 920 197 197
p 2 0 0 920 197 197
p 2 0 0 920 197 197
p 2 0 0 920 197 197
p 2 0 0 920 197 197
p 2 0 0 920 197 197
p 2 0 0 920 197 197
p 2 0 0 920 197 197
p 2 0 0 920 197 197
p 2 0 0 920 197 197
p 2 0 0 920 197 197
p 2 0 0 920 197 197
p 2 0 0 920 197 197
p 2 0 0 920 197 197
p 2 0 0 920 197 197
p 2 0 0 920 197 197
p 2 0 0 920 197 197
p 2 0 0 920 197 197
p 2 0 0 920 197 197
p 2 0 0 920 197 197
p 2 0 0 920 197 197
p 2 0 0 920 197 197
p 2 0 0 920 197 197
p 2 0 0 920 197 197
p 2 0 0 920 197 197
p 2 0 0 920 197 197
p 2 0 0 920 197 197
p 2 0 0 920 197 197
p 2 0 0 920 197 197
p 2 0 0 920 197 197
p 2 0 0 920 197 197
p 2 0 0 920 197 197
p 2 0 0 920 197 197
p 2 0 0 920 197 197
