# XviD 2pass stat file (core version 1.3.7)
# Please do not modify this file

i 2 920 0 0 125257 5770
p 2 4 916 0 42361 1615
p 2 2 918 0 48386 1617
p 2 2 918 0 49243 1620
p 2 2 918 0 49245 1620
p 2 2 918 0 49750 1619
p 2 2 918 0 49122 1622
p 2 2 918 0 49733 1620
p 2 1 919 0 49827 1619
p 2 2 918 0 50273 1634
p 2 3 917 0 49606 1629
p 2 4 916 0 49851 1639
p 2 3 917 0 50490 1635
p 2 2 918 0 51167 1622
p 2 1 919 0 50664 1627
p 2 1 919 0 50765 1617
p 2 2 918 0 50196 1627
p 2 8 912 0 51287 1666
p 2 4 916 0 50922 1647
p 2 11 909 0 51293 1688
p 2 7 913 0 50996 1654
p 2 2 918 0 51803 1635
p 2 9 911 0 51326 1677
p 2 2 918 0 52020 1639
p 2 6 914 0 51364 1648
p 2 1 919 0 51786 1637
p 2 6 914 0 51302 1660
p 2 7 913 0 52072 1656
p 2 2 918 0 51119 1633
p 2 2 918 0 51499 1643
p 2 1 919 0 50420 1631
p 2 3 917 0 51693 1638
p 2 1 919 0 51336 1641
p 2 1 919 0 52052 1642
p 2 1 919 0 50682 1633
p 2 4 916 0 51897 1645
p 2 1 919 0 50860 1628
p 2 6 914 0 51815 1646
p 2 6 914 0 51597 1649
p 2 6 914 0 52085 1657
p 2 2 918 0 51098 1630
p 2 2 918 0 51609 1628
p 2 0 920 0 51801 1629
p 2 2 918 0 52071 1631
p 2 6 914 0 50917 1632
p 2 6 914 0 52114 1643
p 2 3 917 0 51885 1643
p 2 2 918 0 53376 1642
p 2 4 916 0 52249 1624
p 2 3 917 0 53798 1639
p 2 3 917 0 53083 1631
p 2 10 910 0 53918 1675
p 2 5 915 0 53422 1645
p 2 7 913 0 52369 1644
p 2 4 916 0 52710 1639
p 2 8 912 0 53571 1661
p 2 3 917 0 53474 1640
p 2 2 918 0 53441 1633
p 2 0 920 0 52831 1617
p 2 1 919 0 53673 1625
p 2 0 920 0 53538 1619
p 2 4 916 0 53352 1632
p 2 2 918 0 52471 1625
p 2 2 918 0 53128 1635
p 2 5 915 0 52661 1636
p 2 8 912 0 52596 1657
p 2 4 916 0 52570 1642
p 2 5 915 0 53788 1653
p 2 8 912 0 52988 1652
p 2 2 918 0 53663 1621
p 2 2 918 0 53231 1637
p 2 3 917 0 54278 1646
p 2 8 912 0 53181 1661
p 2 3 917 0 53770 1630
p 2 1 919 0 53243 1627
p 2 2 918 0 53122 1635
p 2 0 920 0 51775 1612
p 2 1 919 0 52903 1636
p 2 7 913 0 52245 1664
p 2 0 920 0 52620 1619
p 2 0 920 0 52473 1622
p 2 5 915 0 52895 1634
p 2 4 916 0 51810 1633
p 2 1 919 0 52301 1624
p 2 6 914 0 51569 1658
p 2 3 917 0 52297 1646
p 2 2 918 0 51320 1630
p 2 3 917 0 51765 1642
p 2 0 920 0 51424 1612
p 2 0 920 0 51972 1618
p 2 2 918 0 51236 1624
p 2 2 918 0 51501 1643
p 2 2 918 0 51130 1622
p 2 1 919 0 52118 1615
p 2 3 917 0 51799 1633
p 2 1 919 0 23176 1587
i 2 920 0 0 65097 4473
p 2 2 916 2 7524 1205
p 2 1 918 1 9498 1219
p 2 0 919 1 10025 1234
p 2 0 917 3 10940 1255
p 2 0 919 1 11032 1249
p 2 0 918 2 10973 1255
p 2 0 914 6 10799 1233
p 2 0 916 4 11320 1244
p 2 0 917 3 11312 1258
p 2 0 917 3 11335 1268
p 2 0 918 2 11822 1259
p 2 0 918 2 11989 1286
p 2 0 918 2 11972 1287
p 2 0 918 2 11328 1273
p 2 0 918 2 11600 1280
p 2 0 919 1 11638 1279
p 2 0 919 1 11496 1273
p 2 0 919 1 11134 1276
p 2 0 918 2 11124 1256
p 2 0 918 2 10968 1268
p 2 0 919 1 11401 1275
p 2 0 919 1 10938 1273
p 2 0 918 2 11416 1267
p 2 0 918 2 11249 1280
p 2 0 920 0 10874 1260
p 2 0 918 2 10932 1272
p 2 0 918 2 11104 1267
p 2 0 918 2 10846 1275
p 2 0 917 3 10954 1262
p 2 0 918 2 10573 1261
p 2 0 919 1 10791 1266
p 2 0 915 5 10827 1269
p 2 0 917 3 10835 1258
p 2 0 919 1 10672 1266
p 2 0 919 1 11203 1276
p 2 0 919 1 10535 1267
p 2 0 916 4 10623 1258
p 2 0 920 0 10923 1270
p 2 0 918 2 11169 1286
p 2 0 917 3 10856 1256
p 2 0 918 2 10796 1269
p 2 0 918 2 10956 1257
p 2 0 919 1 11249 1269
p 2 0 918 2 11112 1256
p 2 0 919 1 10749 1250
p 2 0 920 0 10941 1255
p 2 0 919 1 11006 1272
p 2 0 919 1 10451 1257
p 2 1 918 1 10618 1282
p 2 0 915 5 10326 1249
p 2 0 919 1 10581 1255
p 2 0 919 1 10371 1273
p 2 0 914 6 10032 1234
p 2 0 917 3 10048 1241
p 2 0 916 4 10144 1268
p 2 0 918 2 9879 1229
p 2 0 918 2 10155 1228
p 2 0 919 1 10111 1253
p 2 0 920 0 10222 1248
p 2 0 918 2 9730 1230
p 2 0 914 6 10375 1248
p 2 0 919 1 10331 1239
p 2 0 915 5 10590 1232
p 2 0 918 2 10406 1226
p 2 0 918 2 10740 1250
p 2 0 918 2 11283 1255
p 2 0 920 0 10574 1244
p 2 0 920 0 10239 1222
p 2 0 918 2 11367 1240
p 2 0 919 1 10334 1236
p 2 3 916 1 10829 1246
p 2 0 920 0 10979 1223
p 2 0 917 3 9669 1213
p 2 0 918 2 10259 1236
p 2 0 916 4 10670 1228
p 2 0 918 2 9690 1241
p 2 0 919 1 9834 1221
p 2 0 918 2 9740 1209
p 2 0 917 3 9915 1242
p 2 0 920 0 10364 1232
p 2 0 916 4 10205 1237
p 2 0 918 2 10164 1229
p 2 0 918 2 10127 1225
p 2 0 918 2 10218 1241
p 2 0 913 7 9978 1227
p 2 0 915 5 9675 1225
p 2 0 915 5 10220 1246
p 2 0 917 3 9893 1232
p 2 0 919 1 9963 1234
p 2 0 919 1 10850 1239
p 2 0 919 1 9626 1234
p 2 0 917 3 10200 1222
p 2 1 918 1 10467 1247
p 2 0 918 2 9582 1227
p 2 0 918 2 9768 1243
p 2 0 918 2 10513 1239
p 2 0 915 5 9817 1251
p 2 0 919 1 9800 1238
p 2 0 917 3 10687 1244
p 2 0 918 2 9738 1238
p 2 0 918 2 9857 1248
p 2 0 920 0 10255 1265
p 2 0 920 0 9630 1248
p 2 0 919 1 9475 1237
p 2 0 919 1 9838 1243
p 2 0 915 5 9645 1248
i 2 920 0 0 75103 4354
p 2 0 899 21 30567 1433
p 2 0 898 22 29692 1376
p 2 8 894 18 42566 1611
p 2 0 902 18 29282 1380
p 2 0 901 19 28940 1375
p 2 3 899 18 37999 1475
p 2 0 904 16 29700 1381
p 2 0 906 14 29355 1388
p 2 1 904 15 40451 1524
p 2 1 905 14 30062 1411
p 2 0 905 15 29864 1410
p 2 11 897 12 41475 1624
p 2 1 908 11 29689 1417
p 2 0 913 7 29901 1409
p 2 3 907 10 38699 1556
p 2 0 913 7 30155 1451
p 2 0 913 7 29409 1410
p 2 0 917 3 40998 1560
p 2 0 916 4 29981 1409
p 2 0 916 4 29685 1424
p 2 0 918 2 29739 1424
p 2 0 919 1 29334 1420
p 2 0 917 3 29709 1413
p 2 9 910 1 42084 1629
p 2 0 918 2 29740 1424
p 2 0 919 1 29622 1427
p 2 6 914 0 41596 1621
p 2 0 919 1 29857 1429
p 2 0 920 0 29937 1430
p 2 34 884 2 46637 1821
p 2 0 916 4 30647 1446
p 2 0 917 3 30064 1439
p 2 4 916 0 42231 1585
p 2 0 920 0 30008 1436
p 2 0 918 2 30213 1428
p 2 1 917 2 40457 1566
p 2 0 920 0 30435 1462
p 2 0 919 1 29963 1442
p 2 3 916 1 41678 1612
p 2 1 917 2 30183 1446
p 2 0 918 2 30029 1445
p 2 6 913 1 40192 1588
p 2 0 920 0 30678 1460
p 2 0 920 0 30028 1456
p 2 0 916 4 30239 1459
p 2 0 918 2 30033 1441
p 2 0 918 2 29843 1455
p 2 0 920 0 29721 1456
p 2 0 918 2 29369 1440
p 2 0 919 1 29712 1462
p 2 1 919 0 29440 1450
p 2 1 918 1 29182 1454
p 2 1 918 1 29018 1457
p 2 0 919 1 28553 1461
p 2 0 917 3 29168 1449
p 2 0 919 1 28768 1453
p 2 0 918 2 29185 1457
p 2 0 920 0 29481 1458
p 2 0 919 1 29291 1442
p 2 0 919 1 35715 1518
p 2 0 920 0 29743 1456
p 2 0 920 0 29629 1471
p 2 2 916 2 36480 1521
p 2 0 918 2 29809 1460
p 2 0 917 3 29651 1466
p 2 3 916 1 35135 1520
p 2 0 919 1 30085 1459
p 2 0 919 1 29805 1465
p 2 0 916 4 36022 1511
p 2 0 918 2 30387 1482
p 2 0 918 2 29712 1452
p 2 5 914 1 38910 1600
p 2 0 917 3 31163 1490
p 2 0 919 1 30117 1462
p 2 17 899 4 40254 1678
p 2 1 919 0 31876 1497
p 2 0 920 0 31175 1464
p 2 8 911 1 36239 1597
p 2 0 918 2 30019 1474
p 2 0 920 0 29405 1480
p 2 6 912 2 33990 1584
p 2 0 920 0 29470 1475
p 2 0 917 3 28929 1474
p 2 10 909 1 31468 1586
p 2 0 917 3 27790 1482
p 2 0 920 0 27677 1465
p 2 1 918 1 28468 1475
p 2 0 918 2 27058 1451
p 2 0 919 1 26877 1457
p 2 0 920 0 28039 1472
p 2 0 920 0 27010 1450
p 2 0 918 2 27582 1465
p 2 2 914 4 27865 1472
p 2 0 919 1 26946 1480
p 2 0 919 1 27355 1462
p 2 0 917 3 27510 1468
p 2 0 918 2 27089 1467
p 2 0 918 2 27234 1471
p 2 0 920 0 27642 1484
p 2 0 920 0 27266 1473
p 2 0 920 0 27245 1482
p 2 0 919 1 27587 1477
p 2 0 919 1 27173 1471
p 2 0 920 0 27266 1482
p 2 0 918 2 27340 1471
p 2 0 918 2 27256 1464
p 2 0 917 3 27428 1473
p 2 0 919 1 27253 1473
p 2 0 916 4 27237 1482
p 2 0 919 1 26999 1465
p 2 0 919 1 27189 1478
p 2 0 918 2 27304 1472
i 2 920 0 0 66698 4840
p 2 0 209 711 496 393
p 2 0 153 767 349 332
p 2 0 58 862 247 244
p 2 0 77 843 269 263
p 2 0 35 885 228 227
p 2 3 48 869 1080 257
p 2 5 32 883 5189 281
p 2 16 83 821 15474 464
p 2 27 114 779 21285 616
p 2 36 150 734 20035 708
p 2 43 139 738 19590 727
p 2 82 329 509 53599 1650
p 2 27 302 591 19213 839
p 2 26 235 659 18076 740
p 2 78 359 483 55146 1666
p 2 17 316 587 17169 785
p 2 20 224 676 15639 662
p 2 56 414 450 50125 1520
p 2 8 622 290 18355 1069
p 2 14 904 2 29261 1574
p 2 16 903 1 45115 1826
p 2 6 911 3 28845 1557
p 2 7 909 4 19231 1402
p 2 10 910 0 45662 1842
p 2 3 917 0 28800 1501
p 2 1 912 7 23695 1417
p 2 0 891 29 22907 1388
p 2 0 900 20 16622 1284
p 2 0 544 376 5838 792
p 2 0 336 584 1265 531
p 2 0 150 770 502 334
p 2 0 128 792 489 313
p 2 0 112 808 478 301
p 2 2 220 698 2364 434
p 2 3 110 807 6061 364
p 2 18 258 644 12270 645
p 2 33 652 235 22807 1192
p 2 27 891 2 22366 1494
p 2 35 878 7 33027 1629
p 2 44 874 2 35126 1740
p 2 36 883 1 36384 1729
p 2 29 889 2 35635 1664
p 2 33 878 9 35305 1655
p 2 35 624 261 21802 1209
p 2 40 376 504 21663 929
p 2 28 323 569 23164 839
p 2 29 314 577 22972 821
p 2 29 449 442 47934 1331
p 2 24 384 512 25281 913
p 2 25 267 628 27221 798
p 2 30 432 458 50823 1345
p 2 24 386 510 28055 971
p 2 15 310 595 26897 808
p 2 63 415 442 54779 1567
p 2 27 686 207 35574 1380
p 2 36 880 4 41221 1673
p 2 80 833 7 76340 2341
p 2 48 871 1 64471 2066
p 2 53 866 1 57534 1953
p 2 94 822 4 87154 2466
p 2 46 859 15 63720 1937
p 2 56 714 150 45156 1611
p 2 45 505 370 43353 1316
p 2 32 516 372 40854 1232
p 2 34 504 382 41753 1238
p 2 34 483 403 38904 1176
p 2 25 491 404 36986 1122
p 2 21 375 524 35695 977
p 2 12 771 137 45476 1434
p 2 12 901 7 40494 1544
p 2 10 903 7 48536 1627
p 2 10 910 0 55518 1766
p 2 28 884 8 44001 1718
p 2 16 901 3 49460 1719
p 2 23 886 11 48748 1681
p 2 17 703 200 23621 1246
p 2 11 539 370 20853 994
p 2 18 793 109 31936 1413
p 2 18 890 12 25095 1464
p 2 14 898 8 49210 1661
p 2 15 903 2 49268 1757
p 2 16 901 3 36072 1635
p 2 13 905 2 43165 1623
p 2 10 900 10 47794 1602
p 2 15 716 189 17667 1224
p 2 17 590 313 27884 1131
p 2 44 466 410 33902 1163
p 2 43 832 45 62182 1850
p 2 42 873 5 62937 1898
p 2 124 795 1 92521 2536
p 2 29 888 3 64038 1921
p 2 20 899 1 60275 1832
p 2 59 859 2 86174 2287
p 2 5 910 5 51808 1674
p 2 1 912 7 47589 1571
p 2 65 830 25 86309 2135
p 2 12 895 13 41203 1627
p 2 27 890 3 54614 1754
p 2 34 885 1 70969 1905
p 2 30 888 2 56625 1873
p 2 16 898 6 72418 1751
p 2 14 801 105 22007 1340
p 2 19 856 45 55345 1629
p 2 26 893 1 32281 1641
p 2 18 899 3 45284 1675
p 2 28 892 0 73113 1860
p 2 12 907 1 70109 1710
p 2 4 915 1 29159 1583
p 2 12 906 2 67121 1641
p 2 25 747 148 13437 1272
p 2 22 485 413 13786 919
p 2 16 873 31 58747 1653
p 2 4 914 2 24318 1526
p 2 2 915 3 22211 1548
p 2 5 914 1 54889 1595
p 2 10 910 0 64736 1653
p 2 6 913 1 34680 1646
p 2 2 918 0 61122 1603
p 2 0 913 7 64978 1549
p 2 133 787 0 122624 2724
p 2 28 891 1 99504 2241
p 2 55 865 0 103410 2403
p 2 162 758 0 141306 3265
p 2 92 828 0 126362 2801
p 2 152 767 1 147569 3151
p 2 216 702 2 149950 3496
p 2 126 794 0 124460 2924
p 2 117 803 0 102790 2721
p 2 165 755 0 89766 3025
p 2 56 864 0 54837 2238
p 2 28 891 1 36811 1847
p 2 69 850 1 41306 2144
p 2 2 916 2 28092 1631
p 2 1 912 7 26603 1581
p 2 70 845 5 40924 1981
p 2 0 896 24 9612 1284
p 2 0 898 22 10145 1271
p 2 58 854 8 34691 1825
p 2 0 592 328 1975 810
p 2 0 395 525 1163 580
p 2 80 404 436 29496 1335
p 2 0 359 561 1282 551
p 2 0 261 659 837 442
p 2 94 417 409 30310 1524
p 2 0 327 593 1206 535
p 2 0 201 719 617 380
p 2 77 318 525 25933 1303
p 2 0 302 618 1129 518
p 2 0 160 760 580 350
p 2 64 400 456 25047 1289
p 2 0 264 656 970 466
p 2 0 160 760 579 348
p 2 63 334 523 23236 1146
p 2 0 246 674 950 446
p 2 0 129 791 481 318
p 2 61 288 571 26132 1112
p 2 0 216 704 970 423
p 2 0 133 787 519 324
p 2 79 240 601 29713 1196
p 2 0 196 724 923 402
p 2 0 81 839 425 274
p 2 95 280 545 29732 1379
p 2 0 228 692 997 436
p 2 0 121 799 515 311
p 2 78 315 527 26269 1306
p 2 0 274 646 1101 481
p 2 0 140 780 547 334
p 2 66 285 569 25130 1195
p 2 0 243 677 957 444
p 2 0 132 788 481 319
p 2 66 281 573 23857 1114
p 2 0 280 640 1058 482
p 2 0 96 824 432 292
p 2 58 261 601 26139 1080
p 2 0 224 696 1071 438
p 2 0 135 785 553 324
p 2 77 242 601 29817 1190
p 2 0 202 718 908 405
p 2 0 81 839 402 274
p 2 95 255 570 29405 1350
p 2 0 211 709 955 417
p 2 0 120 800 526 311
p 2 78 283 559 26299 1275
p 2 0 265 655 1025 478
p 2 0 135 785 481 326
p 2 64 272 584 25298 1177
p 2 0 222 698 921 430
p 2 0 153 767 480 332
p 2 63 256 601 23591 1092
p 2 0 237 683 924 436
p 2 0 97 823 418 284
p 2 57 239 624 26031 1054
p 2 0 239 681 1054 450
p 2 0 116 804 472 304
p 2 80 221 619 29043 1175
p 2 0 188 732 905 395
p 2 0 65 855 369 260
p 2 97 240 583 29749 1359
p 2 0 201 719 914 408
p 2 0 85 835 402 277
p 2 77 248 595 26058 1232
p 2 0 241 679 964 453
p 2 0 121 799 441 302
p 2 66 275 579 25302 1185
p 2 0 260 660 977 463
p 2 0 129 791 479 314
p 2 63 241 616 23019 1063
p 2 0 217 703 917 420
p 2 0 83 837 422 277
p 2 55 237 628 26108 1047
p 2 0 197 723 954 411
p 2 1 117 802 811 328
i 2 920 0 0 59072 4391
p 2 0 168 752 481 355
p 2 0 113 807 407 302
p 2 0 227 693 11414 604
p 2 0 184 736 849 392
p 2 0 79 841 398 272
p 2 0 197 723 11870 578
p 2 0 150 770 840 363
p 2 0 80 840 438 274
p 2 2 201 717 12047 625
p 2 0 154 766 789 366
p 2 0 69 851 389 264
p 2 1 195 724 11192 597
p 2 0 173 747 917 391
p 2 0 73 847 396 270
p 2 0 78 842 797 278
p 2 0 76 844 440 271
p 2 0 69 851 394 262
p 2 0 35 885 695 235
p 2 0 34 886 304 229
p 2 0 35 885 299 229
p 2 0 45 875 681 246
p 2 0 30 890 279 225
p 2 0 31 889 301 225
p 2 0 58 862 630 256
p 2 0 33 887 306 229
p 2 0 28 892 293 226
p 2 0 34 886 723 231
p 2 0 37 883 326 233
p 2 0 37 883 304 231
p 2 0 26 894 624 228
p 2 0 17 903 261 215
p 2 0 15 905 252 211
p 2 1 18 901 741 226
p 2 0 14 906 242 211
p 2 0 15 905 245 211
p 2 0 21 899 637 222
p 2 0 8 912 229 206
p 2 0 13 907 246 210
p 2 0 20 900 669 219
p 2 0 14 906 254 211
p 2 0 14 906 237 211
p 2 0 19 901 619 224
p 2 0 19 901 276 217
p 2 0 14 906 252 211
p 2 0 12 908 235 208
p 2 0 12 908 242 209
p 2 0 12 908 240 209
p 2 36 436 448 34471 1348
p 2 0 604 316 5134 856
p 2 0 697 223 9670 1017
p 2 10 776 134 33257 1576
p 2 0 812 108 14103 1261
p 2 0 807 113 16192 1267
p 2 6 823 91 34725 1673
p 2 0 829 91 17742 1335
p 2 0 844 76 19923 1379
p 2 0 847 73 20889 1391
p 2 0 838 82 20988 1384
p 2 0 849 71 21573 1399
p 2 0 862 58 22422 1434
p 2 0 853 67 21975 1426
p 2 0 868 52 22673 1461
p 2 0 863 57 22527 1445
p 2 0 884 36 22819 1490
p 2 1 855 64 23175 1470
p 2 0 869 51 23512 1481
p 2 0 870 50 23659 1507
p 2 0 873 47 23474 1487
p 2 0 879 41 24010 1521
p 2 0 886 34 23371 1501
p 2 0 880 40 23789 1509
p 2 0 885 35 23473 1512
p 2 1 877 42 23626 1503
p 2 1 892 27 23436 1509
p 2 5 876 39 24165 1517
p 2 3 877 40 23235 1513
p 2 2 873 45 23216 1509
p 2 2 885 33 23152 1518
p 2 3 887 30 22947 1509
p 2 2 893 25 22427 1519
p 2 1 899 20 22748 1530
p 2 1 893 26 22064 1509
p 2 1 894 25 22265 1508
p 2 1 895 24 22014 1504
p 2 2 890 28 21870 1498
p 2 2 901 17 21869 1505
p 2 1 890 29 22259 1479
p 2 1 896 23 21598 1477
p 2 1 885 34 21930 1470
p 2 2 900 18 21365 1505
p 2 1 890 29 21550 1474
p 2 0 900 20 21204 1486
p 2 0 906 14 21756 1490
p 2 0 895 25 21116 1476
p 2 0 899 21 21470 1490
p 2 1 901 18 21522 1500
p 2 2 889 29 21700 1489
p 2 1 894 25 22071 1483
p 2 3 900 17 22654 1517
p 2 2 897 21 22243 1484
p 2 0 890 30 22362 1476
p 2 0 906 14 22846 1512
p 2 0 887 33 22465 1487
p 2 0 900 20 22550 1485
p 2 1 897 22 22929 1490
p 2 1 901 18 22675 1502
p 2 0 902 18 22587 1500
p 2 1 894 25 22119 1506
p 2 0 897 23 21826 1511
p 2 0 895 25 21726 1490
p 2 1 899 20 21911 1524
p 2 0 894 26 21385 1513
p 2 0 896 24 21651 1510
p 2 0 903 17 22398 1516
p 2 0 889 31 21748 1497
p 2 0 904 16 21879 1493
p 2 0 901 19 21790 1515
p 2 1 900 19 21802 1496
p 2 0 895 25 21487 1498
p 2 1 894 25 22084 1504
p 2 0 900 20 21555 1499
p 2 0 896 24 21832 1508
p 2 2 896 22 21358 1521
p 2 0 895 25 21033 1507
p 2 0 893 27 20969 1493
p 2 1 895 24 21431 1508
p 2 0 894 26 20775 1492
p 2 1 894 25 20570 1502
p 2 1 889 30 20145 1495
p 2 0 890 30 19857 1460
i 2 920 0 0 85109 4925
p 2 0 915 5 34424 1575
p 2 0 912 8 38648 1525
p 2 0 910 10 39603 1559
p 2 0 912 8 38436 1570
p 2 0 908 12 38364 1568
p 2 0 914 6 36597 1560
p 2 0 911 9 36207 1556
p 2 0 912 8 35890 1550
p 2 0 911 9 36300 1561
p 2 0 914 6 36079 1568
p 2 6 904 10 36277 1584
p 2 5 904 11 36164 1572
p 2 2 908 10 36358 1564
p 2 4 910 6 35681 1573
p 2 6 899 15 36351 1599
p 2 8 906 6 35224 1590
p 2 1 913 6 35496 1566
p 2 0 914 6 34861 1557
p 2 0 913 7 34573 1573
p 2 0 919 1 34512 1571
p 2 2 907 11 34693 1577
p 2 0 908 12 34653 1556
p 2 2 910 8 34374 1561
p 2 16 902 2 50671 1841
p 2 5 902 13 33289 1560
p 2 6 907 7 33167 1578
p 2 2 914 4 45202 1725
p 2 0 919 1 31856 1557
p 2 1 913 6 32587 1560
p 2 1 918 1 44827 1706
p 2 0 915 5 31275 1542
p 2 0 908 12 31526 1544
p 2 0 912 8 31530 1546
p 2 0 911 9 31486 1533
p 2 0 911 9 31683 1543
p 2 0 915 5 31381 1533
p 2 0 905 15 31703 1533
p 2 0 912 8 31575 1542
p 2 0 900 20 31430 1527
p 2 0 907 13 31449 1550
p 2 0 905 15 31854 1537
p 2 0 910 10 31240 1531
p 2 0 908 12 31564 1527
p 2 0 905 15 30953 1503
p 2 0 905 15 31249 1522
p 2 0 909 11 30555 1505
p 2 0 907 13 30528 1517
p 2 0 903 17 30812 1508
p 2 0 897 23 31026 1493
p 2 0 898 22 31518 1510
p 2 0 904 16 31281 1520
p 2 0 898 22 31123 1505
p 2 0 885 35 31562 1501
p 2 0 905 15 31998 1502
p 2 0 888 32 32037 1510
p 2 0 887 33 31243 1493
p 2 0 890 30 30902 1490
p 2 0 889 31 30323 1474
p 2 0 897 23 29397 1467
p 2 0 893 27 29369 1468
p 2 0 888 32 28892 1461
p 2 0 872 48 28163 1441
p 2 0 863 57 25586 1387
p 2 0 831 89 20024 1281
p 2 0 760 160 8274 1055
p 2 0 569 351 2538 768
p 2 0 238 682 953 425
p 2 0 232 688 957 414
p 2 0 241 679 943 418
p 2 0 165 755 699 344
p 2 0 100 820 547 287
p 2 0 80 840 500 267
p 2 0 38 882 376 228
p 2 0 45 875 405 235
p 2 0 42 878 404 233
p 2 0 39 881 399 232
p 2 0 93 827 525 280
p 2 180 725 15 58391 2581
p 2 0 912 8 27541 1494
p 2 2 912 6 14500 1410
p 2 122 790 8 71376 2800
p 2 3 903 14 30745 1636
p 2 2 912 6 26500 1585
p 2 114 782 24 70712 2815
p 2 3 899 18 26256 1617
p 2 1 914 5 25898 1513
p 2 13 906 1 42448 1925
p 2 1 910 9 25599 1571
p 2 0 898 22 21817 1467
p 2 10 744 166 24650 1448
p 2 0 468 452 1674 674
p 2 0 397 523 1294 579
p 2 4 304 612 13023 654
p 2 0 245 675 940 437
p 2 0 197 723 655 378
p 2 1 211 708 1314 407
p 2 0 136 784 537 324
p 2 0 141 779 564 326
p 2 0 58 862 806 253
p 2 0 70 850 362 258
p 2 0 76 844 345 262
p 2 0 278 642 1504 473
p 2 0 101 819 440 289
p 2 0 99 821 458 288
p 2 0 84 836 902 276
p 2 0 77 843 403 266
p 2 0 29 891 259 219
p 2 0 44 876 778 239
p 2 0 44 876 306 234
p 2 0 40 880 301 232
p 2 0 41 879 783 237
p 2 0 40 880 287 229
p 2 0 10 910 221 204
p 2 0 12 908 707 211
p 2 0 19 901 243 212
p 2 0 15 905 230 209
p 2 0 19 901 735 216
p 2 0 11 909 225 207
p 2 0 13 907 226 206
p 2 0 17 903 716 214
p 2 0 25 895 266 218
p 2 0 7 913 213 202
p 2 0 6 914 211 202
p 2 0 6 914 209 201
p 2 0 7 913 212 202
p 2 0 11 909 715 210
p 2 0 11 909 230 206
p 2 1 11 908 334 217
p 2 0 4 916 207 201
p 2 0 2 918 200 199
i 2 920 0 0 43789 3796
p 2 0 257 663 519 440
p 2 0 232 688 420 402
p 2 0 90 830 279 272
p 2 0 71 849 255 254
p 2 0 24 896 218 218
p 2 0 18 902 212 211
p 2 0 10 910 204 203
p 2 0 13 907 216 207
p 2 0 8 912 323 204
p 2 0 4 916 200 200
p 2 0 6 914 207 202
p 2 0 5 915 288 202
p 2 0 4 916 205 201
p 2 0 6 914 202 201
p 2 0 3 917 273 200
p 2 0 3 917 199 199
p 2 0 0 920 197 197
p 2 0 5 915 259 201
p 2 0 6 914 206 202
p 2 0 7 913 203 203
p 2 0 3 917 293 200
p 2 0 1 919 199 198
p 2 0 3 917 200 199
p 2 0 9 911 317 204
p 2 0 10 910 211 206
p 2 0 5 915 202 202
p 2 0 12 908 322 209
p 2 0 9 911 209 205
p 2 0 2 918 200 199
p 2 0 3 917 284 200
p 2 0 1 919 198 198
p 2 0 9 911 206 203
p 2 0 3 917 272 200
p 2 0 3 917 199 199
p 2 0 1 919 200 198
p 2 0 3 917 199 199
p 2 0 4 916 202 201
p 2 0 8 912 202 202
p 2 0 3 917 313 200
p 2 0 8 912 208 204
p 2 0 5 915 202 202
p 2 0 4 916 312 202
p 2 0 1 919 198 198
p 2 0 2 918 199 199
p 2 0 5 915 269 202
p 2 0 6 914 204 202
p 2 0 4 916 205 200
p 2 0 4 916 261 201
p 2 0 1 919 198 198
p 2 0 4 916 201 200
p 2 0 3 917 316 201
p 2 0 5 915 204 201
p 2 0 2 918 199 199
p 2 0 3 917 283 200
p 2 0 2 918 201 199
p 2 0 3 917 203 200
p 2 0 5 915 283 202
p 2 0 5 915 206 203
p 2 0 0 920 197 197
p 2 0 5 915 317 202
p 2 0 3 917 201 200
p 2 0 0 920 197 197
p 2 0 5 915 312 202
p 2 0 3 917 204 200
p 2 0 3 917 202 200
p 2 0 3 917 283 199
p 2 0 4 916 202 200
p 2 0 4 916 204 201
p 2 0 3 917 282 200
p 2 0 0 920 197 197
p 2 0 0 920 197 197
p 2 0 2 918 279 198
p 2 0 1 919 199 199
p 2 0 2 918 200 199
p 2 0 3 917 274 200
p 2 0 1 919 199 198
p 2 0 0 920 197 197
p 2 0 3 917 315 200
p 2 0 1 919 198 198
p 2 0 0 920 197 197
p 2 0 1 919 198 198
p 2 0 0 920 197 197
p 2 0 0 920 197 197
i 2 920 0 0 89258 5147
p 2 0 129 791 447 314
p 2 0 58 862 356 247
p 2 112 205 603 39880 1428
p 2 0 187 733 973 393
p 2 0 95 825 509 281
p 2 77 241 602 33761 1252
p 2 0 192 728 972 397
p 2 0 121 799 547 305
p 2 62 324 534 38647 1352
p 2 0 299 621 1366 515
p 2 0 186 734 700 374
p 2 6 351 563 17222 785
p 2 0 219 701 1075 429
p 2 0 142 778 624 328
p 2 0 329 591 14765 700
p 2 0 242 678 1191 455
p 2 0 165 755 715 355
p 2 2 212 706 9660 497
p 2 0 120 800 712 324
p 2 0 116 804 579 306
p 2 0 118 802 793 303
p 2 0 144 776 737 340
p 2 0 64 856 434 256
p 2 0 33 887 556 226
p 2 0 103 817 553 292
p 2 0 118 802 607 306
p 2 1 99 820 605 296
p 2 0 38 882 353 231
p 2 0 57 863 392 247
p 2 0 53 867 640 246
p 2 0 76 844 452 266
p 2 0 36 884 344 227
p 2 0 42 878 541 234
p 2 0 42 878 373 235
p 2 0 46 874 388 238
p 2 0 30 890 523 224
p 2 0 39 881 375 232
p 2 0 37 883 363 231
p 2 1 40 879 420 238
p 2 0 19 901 316 212
p 2 0 24 896 322 218
p 2 0 26 894 559 221
p 2 0 28 892 335 221
p 2 0 15 905 305 210
p 2 0 20 900 509 214
p 2 0 22 898 311 216
p 2 0 19 901 320 214
p 2 1 18 901 353 218
p 2 0 17 903 302 212
p 2 0 14 906 290 209
p 2 0 20 900 552 216
p 2 0 16 904 294 212
p 2 0 19 901 300 213
p 2 0 18 902 301 212
p 2 0 14 906 310 210
p 2 0 17 903 316 212
p 2 0 18 902 502 214
p 2 0 15 905 306 211
p 2 1 19 900 371 219
p 2 0 15 905 311 210
p 2 0 18 902 336 212
i 2 920 0 0 47623 4581
p 2 0 222 698 545 408
p 2 0 171 749 432 353
p 2 51 445 424 36833 1718
p 2 0 346 574 1420 581
p 2 0 129 791 502 325
p 2 20 447 453 30355 1376
p 2 0 320 600 1365 550
p 2 0 160 760 573 353
p 2 15 431 474 31066 1361
p 2 0 344 576 1533 580
p 2 0 154 766 589 346
p 2 9 301 610 14891 916
p 2 0 182 738 832 406
p 2 0 107 813 483 308
p 2 6 230 684 11505 755
p 2 0 187 733 807 403
p 2 0 96 824 437 287
p 2 3 236 681 12518 753
p 2 0 218 702 973 437
p 2 0 113 807 513 313
p 2 0 65 855 330 257
p 2 0 31 889 260 227
p 2 0 28 892 247 224
p 2 0 26 894 247 220
i 2 920 0 0 76747 4459
p 2 0 165 755 405 338
p 2 0 123 797 327 297
p 2 4 188 728 21088 582
p 2 0 202 718 846 399
p 2 0 103 817 433 290
p 2 4 182 734 19811 573
p 2 0 144 776 826 346
p 2 0 94 826 412 279
p 2 7 169 744 19836 571
p 2 0 171 749 875 379
p 2 0 61 859 359 253
p 2 5 179 736 20501 575
p 2 0 157 763 829 358
p 2 0 131 789 565 316
p 2 0 92 828 491 281
p 2 0 86 834 403 272
p 2 0 29 891 261 223
p 2 0 51 869 412 240
p 2 0 28 892 264 220
p 2 0 56 864 337 245
p 2 0 23 897 338 218
p 2 0 31 889 272 225
p 2 0 25 895 274 217
p 2 0 67 853 478 257
p 2 0 37 883 282 228
p 2 0 34 886 290 226
p 2 0 45 875 356 236
p 2 0 61 859 377 255
p 2 0 60 860 371 254
p 2 0 48 872 411 237
p 2 0 8 912 220 202
p 2 0 34 886 257 223
p 2 0 17 903 314 211
p 2 0 41 879 261 228
p 2 0 12 908 230 208
p 2 0 19 901 325 212
p 2 0 4 916 210 200
p 2 0 12 908 218 206
p 2 0 9 911 304 205
p 2 0 12 908 211 205
p 2 0 8 912 212 203
p 2 0 19 901 300 213
p 2 0 11 909 224 207
p 2 0 12 908 217 205
p 2 0 4 916 317 201
p 2 0 9 911 220 203
p 2 0 8 912 218 203
p 2 0 12 908 288 209
p 2 0 11 909 221 207
p 2 0 14 906 230 208
p 2 0 12 908 307 207
p 2 0 19 901 243 213
p 2 0 25 895 263 220
p 2 0 16 904 344 211
p 2 0 17 903 241 213
p 2 0 12 908 221 206
p 2 0 8 912 303 206
p 2 0 6 914 211 203
p 2 0 9 911 221 205
p 2 0 10 910 315 205
p 2 0 10 910 226 206
p 2 0 7 913 218 203
p 2 0 8 912 281 204
p 2 0 4 916 211 201
p 2 0 4 916 209 201
p 2 0 8 912 331 205
p 2 0 6 914 214 202
p 2 0 8 912 215 205
p 2 0 9 911 302 206
p 2 0 5 915 209 201
p 2 0 9 911 218 204
p 2 0 5 915 302 202
p 2 0 4 916 207 200
p 2 0 4 916 211 201
p 2 0 4 916 211 200
p 2 0 4 916 208 200
p 2 0 6 914 213 203
p 2 3 144 773 12652 499
p 2 0 107 813 618 312
p 2 11 148 761 13985 572
p 2 0 126 794 697 326
p 2 5 183 732 14608 600
p 2 0 135 785 732 341
p 2 8 193 719 15936 625
p 2 0 160 760 809 368
p 2 0 92 828 468 285
p 2 0 35 885 434 226
p 2 0 38 882 297 230
p 2 0 48 872 332 239
p 2 0 85 835 6401 307
p 2 0 42 878 373 239
p 2 0 41 879 286 229
p 2 0 67 853 4987 285
p 2 0 101 819 565 296
p 2 0 33 887 275 225
p 2 0 84 836 5137 299
p 2 0 87 833 540 282
p 2 0 67 853 366 255
p 2 0 22 898 429 215
p 2 0 26 894 253 218
p 2 0 21 899 260 214
p 2 0 35 885 1733 239
p 2 0 18 902 265 215
p 2 0 15 905 231 208
p 2 0 19 901 1742 226
p 2 0 46 874 339 238
p 2 0 17 903 235 211
p 2 45 172 703 20707 846
p 2 0 144 776 743 348
p 2 0 78 842 420 267
p 2 19 167 734 16629 676
p 2 0 135 785 751 337
p 2 0 77 843 382 264
p 2 14 189 717 17397 696
p 2 0 144 776 740 350
p 2 0 79 841 395 266
p 2 0 49 871 704 242
p 2 0 60 860 350 250
p 2 0 56 864 337 243
p 2 0 120 800 826 307
p 2 0 78 842 407 268
p 2 0 67 853 346 252
p 2 0 57 863 692 248
p 2 0 58 862 384 250
p 2 0 67 853 362 255
p 2 1 32 887 446 230
p 2 0 15 905 237 211
p 2 0 11 909 227 206
p 2 1 21 898 573 222
p 2 0 16 904 235 210
p 2 0 8 912 222 204
p 2 0 20 900 567 217
p 2 0 7 913 221 203
p 2 0 11 909 226 207
p 2 0 11 909 589 208
p 2 0 10 910 230 206
p 2 0 12 908 221 206
p 2 1 15 904 416 215
p 2 0 10 910 228 206
p 2 0 5 915 214 202
p 2 1 11 908 542 213
p 2 0 36 884 283 226
p 2 0 27 893 267 220
p 2 1 187 732 20956 560
p 2 0 165 755 868 370
p 2 2 189 729 20315 553
p 2 0 149 771 1176 355
p 2 0 183 737 18205 525
p 2 0 143 777 816 348
p 2 1 192 727 18471 536
p 2 0 138 782 839 344
p 2 1 180 739 21039 567
p 2 1 156 763 1007 369
p 2 0 122 798 583 314
p 2 0 27 893 267 221
p 2 1 50 869 637 247
p 2 0 49 871 323 238
p 2 0 48 872 328 240
p 2 1 20 899 420 218
p 2 0 24 896 262 216
p 2 0 28 892 271 220
p 2 1 28 891 586 229
p 2 0 10 910 228 206
p 2 0 14 906 230 208
p 2 0 18 902 560 213
p 2 0 15 905 241 209
p 2 0 7 913 217 202
p 2 1 17 902 372 216
p 2 0 12 908 223 206
p 2 0 10 910 223 205
p 2 0 9 911 216 204
p 2 0 8 912 222 204
p 2 0 7 913 219 204
p 2 15 151 754 23567 672
p 2 0 118 802 747 331
p 2 15 163 742 23596 675
p 2 0 134 786 784 339
p 2 14 178 728 23700 698
p 2 0 134 786 774 344
p 2 15 225 680 30088 810
p 2 0 179 741 1008 396
p 2 0 76 844 379 264
p 2 2 79 839 6573 326
p 2 0 102 818 568 297
p 2 0 51 869 316 242
p 2 0 86 834 6814 320
p 2 0 84 836 515 280
p 2 0 75 845 441 264
p 2 0 40 880 550 233
p 2 0 28 892 268 219
p 2 0 29 891 267 221
p 2 0 126 794 768 318
p 2 0 96 824 475 285
p 2 0 63 857 362 253
p 2 0 45 875 321 235
p 2 0 39 881 293 229
p 2 0 26 894 252 219
p 2 0 26 894 247 217
p 2 0 14 906 236 208
p 2 0 32 888 288 225
p 2 0 14 906 233 209
p 2 0 20 900 247 213
p 2 0 19 901 240 212
p 2 0 27 893 505 221
p 2 0 16 904 237 208
p 2 0 13 907 230 208
p 2 0 16 904 512 212
p 2 0 27 893 271 221
p 2 0 26 894 260 218
p 2 0 14 906 485 212
p 2 0 6 914 218 202
p 2 0 11 909 223 205
p 2 0 7 913 478 206
p 2 0 10 910 232 204
p 2 0 11 909 225 205
p 2 1 16 903 420 216
p 2 0 11 909 221 205
p 2 0 8 912 222 204
p 2 0 22 898 530 219
p 2 0 24 896 264 217
p 2 0 30 890 283 223
p 2 0 22 898 501 218
p 2 0 5 915 216 202
p 2 0 7 913 211 202
p 2 0 8 912 476 206
p 2 0 13 907 224 206
p 2 0 10 910 224 205
p 2 1 15 904 419 218
p 2 0 9 911 227 205
p 2 0 10 910 224 205
p 2 0 5 915 488 204
p 2 0 12 908 235 208
p 2 0 7 913 218 203
p 2 0 10 910 483 208
p 2 0 8 912 221 203
p 2 0 11 909 226 206
p 2 0 7 913 475 206
p 2 0 10 910 226 206
p 2 0 5 915 212 202
p 2 0 22 898 483 218
p 2 0 11 909 226 206
p 2 0 10 910 222 206
p 2 0 8 912 412 209
p 2 0 17 903 224 208
p 2 0 10 910 225 205
p 2 0 15 905 515 212
p 2 0 6 914 221 202
p 2 0 2 918 206 199
p 2 0 4 916 470 202
p 2 0 493 427 2336 735
p 2 0 171 749 620 352
p 2 0 52 868 553 242
p 2 0 31 889 274 223
p 2 0 43 877 274 230
p 2 0 10 910 224 206
p 2 0 17 903 231 211
p 2 0 18 902 504 216
p 2 6 136 778 15621 460
p 2 0 91 829 811 296
p 2 0 60 860 369 250
p 2 2 130 788 14598 425
p 2 0 120 800 731 319
p 2 0 74 846 409 267
p 2 3 221 696 15613 524
p 2 0 145 775 792 346
p 2 0 115 805 553 304
p 2 0 85 835 680 273
p 2 0 60 860 332 247
p 2 0 30 890 258 219
p 2 0 46 874 586 236
p 2 0 33 887 287 225
p 2 0 47 873 320 238
p 2 0 16 904 489 208
p 2 0 27 893 257 218
p 2 0 28 892 273 219
p 2 2 36 882 450 237
p 2 0 18 902 235 211
p 2 0 17 903 236 210
p 2 0 21 899 535 216
p 2 0 28 892 279 219
p 2 0 25 895 258 217
p 2 0 18 902 504 214
p 2 0 16 904 246 211
p 2 0 16 904 239 210
p 2 0 9 911 481 207
p 2 0 12 908 231 207
p 2 0 10 910 228 205
p 2 2 16 902 406 220
p 2 0 9 911 233 204
p 2 0 13 907 235 207
p 2 0 17 903 513 210
p 2 0 29 891 278 222
p 2 0 14 906 227 208
p 2 0 21 899 517 216
p 2 0 18 902 244 213
p 2 0 9 911 225 205
p 2 0 11 909 479 208
p 2 0 10 910 226 206
p 2 0 8 912 225 203
p 2 0 13 907 505 211
p 2 0 10 910 233 206
p 2 0 12 908 226 206
p 2 2 6 912 374 213
p 2 0 6 914 215 202
p 2 0 5 915 209 200
p 2 0 8 912 476 204
p 2 0 6 914 220 202
p 2 0 6 914 210 201
p 2 0 6 914 479 205
p 2 0 5 915 217 201
p 2 0 9 911 218 204
p 2 0 12 908 498 210
p 2 0 6 914 219 203
p 2 0 9 911 223 205
p 2 0 12 908 487 208
p 2 0 7 913 223 203
p 2 0 12 908 224 205
p 2 2 8 910 383 215
p 2 0 5 915 204 201
p 2 0 4 916 207 201
p 2 0 9 911 495 206
p 2 0 6 914 213 203
p 2 0 10 910 225 206
p 2 0 7 913 476 204
p 2 0 5 915 223 201
p 2 0 8 912 219 203
p 2 0 7 913 478 204
p 2 0 10 910 224 206
p 2 0 6 914 216 203
p 2 0 12 908 485 209
p 2 0 7 913 218 202
p 2 0 7 913 213 203
p 2 2 8 910 373 214
p 2 0 4 916 207 200
p 2 0 1 919 198 198
p 2 0 9 911 496 205
p 2 0 7 913 215 203
p 2 0 1 919 199 198
p 2 0 6 914 499 204
p 2 0 6 914 216 202
p 2 0 2 918 205 198
p 2 0 8 912 475 206
p 2 0 6 914 215 202
p 2 0 3 917 203 199
p 2 0 2 918 203 199
p 2 0 2 918 203 198
p 2 0 3 917 210 200
p 2 147 274 499 50927 1805
p 2 0 218 702 1030 433
p 2 2 97 821 611 294
p 2 72 334 514 44765 1439
p 2 0 313 607 1408 524
p 2 0 93 827 446 285
p 2 61 328 531 46245 1391
p 2 0 282 638 1373 509
p 2 0 127 793 522 317
p 2 0 104 816 489 298
p 2 0 64 856 339 250
p 2 0 56 864 361 247
p 2 0 24 896 259 217
p 2 0 33 887 282 227
p 2 0 38 882 288 230
p 2 0 73 847 382 259
p 2 0 35 885 288 228
p 2 0 9 911 216 205
p 2 0 33 887 270 224
p 2 0 39 881 294 229
p 2 0 25 895 254 218
p 2 0 20 900 258 214
p 2 0 12 908 226 206
p 2 0 8 912 223 204
p 2 0 27 893 265 220
p 2 0 8 912 217 204
p 2 0 6 914 215 202
p 2 0 9 911 226 204
p 2 0 11 909 220 205
p 2 0 7 913 224 203
i 2 920 0 0 61577 4748
p 2 0 137 783 452 334
p 2 0 83 837 304 274
p 2 107 463 350 52863 2044
p 2 0 364 556 1543 595
p 2 0 176 744 595 372
p 2 100 396 424 46640 1799
p 2 0 321 599 1463 557
p 2 0 116 804 484 313
p 2 84 336 500 41591 1676
p 2 0 284 636 1278 513
p 2 0 122 798 526 317
p 2 35 396 489 38684 1402
p 2 0 293 627 1367 546
p 2 0 128 792 527 324
p 2 0 127 793 998 329
p 2 0 69 851 374 263
p 2 0 58 862 333 252
p 2 3 42 875 914 261
p 2 0 62 858 357 259
p 2 0 64 856 372 259
p 2 1 25 894 500 242
p 2 0 14 906 230 211
p 2 0 20 900 251 215
p 2 0 8 912 220 205
p 2 0 9 911 216 205
p 2 0 5 915 208 201
p 2 2 10 908 767 226
p 2 0 12 908 231 208
p 2 0 4 916 206 200
p 2 3 8 909 887 233
p 2 0 7 913 216 203
p 2 0 6 914 209 202
p 2 0 11 909 714 220
p 2 0 8 912 224 210
p 2 0 5 915 207 202
p 2 3 18 899 894 240
p 2 0 8 912 215 202
p 2 0 4 916 205 201
p 2 120 278 522 44635 1836
p 2 0 233 687 1092 451
p 2 0 85 835 418 278
p 2 148 261 511 48420 1957
p 2 0 227 693 1090 448
p 2 0 87 833 426 280
p 2 133 295 492 50378 1941
p 2 0 251 669 1189 465
p 2 0 133 787 518 328
p 2 142 334 444 52737 2138
p 2 0 290 630 1290 508
p 2 0 118 802 441 311
p 2 0 119 801 1098 321
p 2 0 64 856 350 258
p 2 0 55 865 326 250
p 2 0 25 895 545 230
p 2 0 22 898 253 219
p 2 0 19 901 236 215
p 2 2 29 889 1004 241
p 2 0 19 901 253 213
p 2 0 13 907 224 207
p 2 0 17 903 752 220
p 2 0 21 899 259 216
p 2 0 12 908 225 207
p 2 0 14 906 827 216
p 2 0 7 913 219 203
p 2 0 8 912 217 205
p 2 0 7 913 505 214
p 2 0 6 914 211 202
p 2 0 5 915 207 201
p 2 2 6 912 943 221
p 2 0 11 909 227 206
p 2 0 1 919 201 198
p 2 0 7 913 502 214
p 2 0 6 914 212 203
p 2 0 0 920 197 197
p 2 137 322 461 50993 2023
p 2 0 263 657 1309 501
p 2 0 111 809 579 309
p 2 131 310 479 49064 1972
p 2 0 258 662 1222 480
p 2 0 134 786 569 332
p 2 147 270 503 44143 1923
p 2 0 216 704 979 436
p 2 0 104 816 419 294
p 2 109 296 515 43036 1763
p 2 0 256 664 1194 480
p 2 0 119 801 519 313
p 2 0 119 801 980 323
p 2 0 61 859 333 259
p 2 0 52 868 316 246
p 2 3 45 872 979 267
p 2 0 74 846 380 263
p 2 0 22 898 234 215
p 2 0 37 883 775 242
p 2 0 24 896 271 223
p 2 0 30 890 295 226
p 2 3 23 894 912 245
p 2 0 22 898 273 218
p 2 0 6 914 210 202
p 2 0 5 915 207 202
p 2 0 2 918 207 200
p 2 0 4 916 206 200
p 2 0 12 908 710 221
p 2 0 9 911 225 211
p 2 0 5 915 206 202
p 2 0 8 912 426 210
p 2 0 6 914 211 205
p 2 0 3 917 202 201
i 2 920 0 0 50893 4491
p 2 0 227 693 583 422
p 2 0 158 762 422 346
p 2 33 319 568 25230 1230
p 2 0 254 666 1102 484
p 2 0 141 779 549 341
p 2 13 303 604 21953 1039
p 2 0 223 697 1049 463
p 2 0 117 803 446 313
p 2 6 282 632 21209 987
p 2 0 238 682 1146 475
p 2 0 100 820 419 297
p 2 0 79 841 608 274
p 2 0 66 854 350 260
p 2 0 67 853 376 260
p 2 0 37 883 438 235
p 2 0 35 885 278 228
p 2 0 33 887 273 226
p 2 0 38 882 477 233
p 2 0 22 898 249 219
p 2 0 25 895 250 220
p 2 0 11 909 226 210
p 2 0 6 914 214 203
p 2 0 6 914 207 204
p 2 0 9 911 354 207
p 2 0 8 912 216 204
p 2 0 8 912 213 206
p 2 0 5 915 289 206
p 2 0 4 916 206 200
p 2 0 8 912 212 203
p 2 32 373 515 32291 1356
p 2 0 283 637 1316 515
p 2 0 134 786 542 331
p 2 18 395 507 31122 1317
p 2 0 329 591 1416 577
p 2 0 139 781 572 337
p 2 34 374 512 32550 1398
p 2 0 293 627 1413 535
p 2 0 140 780 559 337
p 2 54 364 502 35780 1523
p 2 0 332 588 1537 576
p 2 0 158 762 604 352
p 2 0 106 814 726 305
p 2 0 101 819 414 292
p 2 0 98 822 430 292
p 2 0 46 874 533 240
p 2 0 115 805 503 307
p 2 0 42 878 273 234
p 2 0 85 835 708 278
p 2 0 86 834 415 278
p 2 0 95 825 447 284
p 2 0 51 869 422 250
p 2 0 59 861 337 248
p 2 0 36 884 279 230
p 2 0 43 877 625 236
p 2 0 19 901 262 215
p 2 0 20 900 252 214
p 2 0 11 909 462 210
p 2 0 7 913 210 202
p 2 0 3 917 205 200
p 2 0 14 906 539 213
p 2 0 9 911 222 205
p 2 0 6 914 223 203
p 2 0 18 902 357 219
p 2 0 18 902 231 213
p 2 0 15 905 232 211
p 2 0 8 912 556 209
p 2 0 8 912 221 205
p 2 0 3 917 208 200
p 2 0 10 910 453 210
p 2 0 8 912 218 204
p 2 0 5 915 206 201
p 2 0 11 909 529 209
p 2 0 6 914 214 203
p 2 0 6 914 213 201
p 2 0 10 910 462 209
p 2 0 9 911 212 204
p 2 0 6 914 206 202
p 2 0 12 908 305 212
p 2 0 5 915 210 200
p 2 0 5 915 206 201
p 2 0 5 915 396 204
p 2 0 7 913 216 203
p 2 0 1 919 200 198
p 2 0 6 914 526 206
p 2 0 4 916 213 201
p 2 0 6 914 215 201
p 2 0 5 915 442 206
p 2 0 3 917 207 200
p 2 0 2 918 199 199
p 2 0 8 912 524 209
p 2 0 3 917 215 201
p 2 0 4 916 208 200
p 2 0 6 914 331 207
p 2 0 3 917 202 200
p 2 0 0 920 197 197
p 2 0 10 910 564 208
p 2 0 6 914 212 202
p 2 0 2 918 204 199
p 2 0 12 908 461 212
p 2 0 14 906 227 209
p 2 0 6 914 207 203
p 2 0 6 914 523 206
p 2 0 1 919 203 199
p 2 0 1 919 202 198
p 2 0 4 916 327 206
p 2 0 2 918 201 199
p 2 0 1 919 198 198
p 2 0 5 915 551 206
p 2 0 4 916 215 201
p 2 0 4 916 212 200
p 2 0 6 914 335 208
p 2 0 2 918 200 199
p 2 0 1 919 198 198
p 2 0 6 914 550 207
p 2 0 5 915 217 202
p 2 0 5 915 216 203
p 2 0 5 915 448 205
p 2 0 3 917 205 200
p 2 0 2 918 201 199
p 2 0 5 915 517 205
p 2 0 4 916 212 201
p 2 0 3 917 207 200
p 2 0 2 918 205 200
p 2 0 4 916 208 200
p 2 0 7 913 452 207
p 2 0 6 914 209 203
p 2 0 9 911 302 211
p 2 0 9 911 211 204
p 2 0 6 914 203 201
p 2 0 3 917 199 199
p 2 0 3 917 201 200
p 2 0 1 919 198 198
p 2 0 0 920 197 197
p 2 0 0 920 197 197
p 2 0 0 920 197 197
p 2 0 0 920 197 197
p 2 0 1 919 200 198
p 2 0 5 915 395 205
p 2 0 5 915 207 202
p 2 0 1 919 200 198
p 2 0 5 915 526 206
p 2 0 3 917 209 200
p 2 0 3 917 209 200
p 2 0 4 916 446 204
p 2 0 4 916 206 201
p 2 0 2 918 200 199
p 2 0 7 913 523 207
p 2 0 7 913 211 202
p 2 0 3 917 208 200
p 2 0 5 915 333 208
p 2 0 1 919 198 198
p 2 0 1 919 199 198
p 2 0 5 915 551 206
p 2 0 4 916 212 201
p 2 0 2 918 206 199
p 2 0 6 914 446 204
p 2 0 3 917 206 200
p 2 0 4 916 207 200
p 2 0 6 914 524 206
p 2 0 2 918 205 199
p 2 0 3 917 208 200
p 2 0 6 914 330 208
p 2 0 4 916 205 200
p 2 0 1 919 198 198
p 2 0 5 915 545 206
p 2 0 3 917 204 199
p 2 0 6 914 208 203
p 2 0 4 916 445 204
p 2 0 5 915 211 202
p 2 0 1 919 198 198
p 2 0 7 913 522 207
p 2 0 4 916 213 201
p 2 0 2 918 206 199
p 2 0 4 916 443 204
p 2 0 5 915 211 202
p 2 0 1 919 198 198
p 2 29 364 527 31709 1343
p 2 0 281 639 1379 526
p 2 0 163 757 679 364
p 2 11 383 526 30928 1271
p 2 0 306 614 1473 553
p 2 0 128 792 559 330
p 2 5 392 523 30138 1230
p 2 0 325 595 1427 568
p 2 0 143 777 602 349
p 2 2 391 527 27974 1109
p 2 0 300 620 1472 545
p 2 0 177 743 707 375
p 2 1 84 835 903 294
p 2 0 56 864 314 249
p 2 0 58 862 336 251
p 2 0 180 740 976 381
p 2 0 85 835 415 275
p 2 0 82 838 408 270
p 2 1 78 841 1038 283
p 2 0 119 801 536 309
p 2 0 39 881 293 233
p 2 0 53 867 773 255
p 2 0 42 878 311 235
p 2 0 45 875 304 235
p 2 1 29 890 743 238
p 2 0 21 899 248 214
p 2 0 20 900 238 212
p 2 0 24 896 546 230
p 2 0 12 908 225 207
p 2 0 10 910 222 206
p 2 1 14 905 884 227
p 2 0 7 913 214 203
p 2 0 6 914 210 202
p 2 0 11 909 684 217
p 2 0 6 914 214 201
p 2 0 4 916 206 201
p 2 1 9 910 703 218
p 2 0 7 913 223 204
p 2 0 5 915 209 202
p 2 0 14 906 674 219
p 2 0 7 913 223 204
p 2 0 12 908 214 208
p 2 0 12 908 460 215
p 2 0 7 913 212 203
p 2 0 4 916 203 200
p 2 1 8 911 716 217
p 2 0 5 915 212 201
p 2 0 1 919 199 198
p 2 2 233 685 16630 733
p 2 0 190 730 944 415
p 2 0 77 843 422 275
p 2 0 236 684 14903 720
p 2 0 199 721 1060 434
p 2 0 98 822 465 295
p 2 1 230 689 14099 700
p 2 0 182 738 947 407
p 2 0 74 846 410 276
p 2 0 222 698 14081 685
p 2 0 178 742 875 399
p 2 0 60 860 348 257
p 2 0 36 884 288 232
p 2 0 22 898 255 219
i 2 920 0 0 65214 4401
p 2 43 393 484 41294 1384
p 2 0 293 627 1422 522
p 2 21 376 523 36913 1194
p 2 0 307 613 1452 536
p 2 22 412 486 37372 1212
p 2 0 334 586 1687 570
p 2 0 232 688 970 434
p 2 23 231 666 18809 766
p 2 0 247 673 1257 467
p 2 0 186 734 733 372
p 2 9 276 635 16180 712
p 2 0 207 713 1025 421
p 2 0 154 766 631 344
p 2 15 187 718 15824 663
p 2 0 192 728 1118 408
p 2 0 122 798 638 315
p 2 1 185 734 1357 388
p 2 0 62 858 461 258
p 2 0 81 839 467 270
p 2 1 79 840 837 284
p 2 0 43 877 340 235
p 2 0 26 894 286 218
p 2 0 48 872 879 245
p 2 0 22 898 280 218
p 2 0 10 910 238 207
p 2 23 328 569 35674 1114
p 2 0 275 645 1489 508
p 2 0 102 818 488 293
p 2 32 349 539 40713 1224
p 2 0 284 636 1437 508
p 2 0 136 784 598 325
p 2 40 343 537 41995 1267
p 2 0 297 623 1526 532
p 2 0 155 765 689 346
p 2 42 408 470 41755 1354
p 2 0 296 624 1411 512
p 2 0 127 793 588 319
p 2 1 183 736 1268 386
p 2 0 72 848 380 260
p 2 0 89 831 409 274
p 2 0 107 813 919 305
p 2 0 70 850 382 258
p 2 0 39 881 317 233
p 2 1 26 893 809 236
p 2 0 23 897 275 219
p 2 0 22 898 258 216
p 2 1 62 857 652 273
p 2 0 22 898 246 214
p 2 0 25 895 263 217
p 2 2 21 897 935 238
p 2 0 44 876 334 235
p 2 0 40 880 323 233
p 2 0 33 887 689 236
p 2 0 12 908 230 206
p 2 0 9 911 221 205
p 2 1 11 908 774 223
p 2 0 26 894 274 219
p 2 0 21 899 247 213
p 2 1 53 866 610 263
p 2 0 22 898 242 213
p 2 0 29 891 265 221
p 2 2 31 887 954 246
p 2 0 22 898 259 216
p 2 0 11 909 221 205
p 2 0 22 898 658 228
p 2 0 16 904 245 212
p 2 0 16 904 238 210
p 2 1 15 904 785 225
p 2 0 8 912 216 203
p 2 0 11 909 221 205
p 2 0 17 903 648 223
p 2 0 18 902 250 212
p 2 0 11 909 222 206
p 2 1 12 907 387 219
p 2 0 13 907 234 208
p 2 0 8 912 216 203
p 2 1 10 909 693 217
p 2 0 7 913 217 202
p 2 0 8 912 213 204
p 2 1 11 908 790 223
p 2 0 7 913 218 203
p 2 0 3 917 205 200
p 2 0 14 906 659 218
p 2 0 9 911 221 204
p 2 0 3 917 204 199
p 2 1 16 903 780 225
p 2 0 17 903 246 211
p 2 0 11 909 225 207
p 2 1 11 908 500 226
p 2 0 16 904 231 208
p 2 0 10 910 215 204
p 2 2 12 906 897 229
p 2 0 19 901 254 214
p 2 0 6 914 214 203
p 2 0 9 911 649 215
p 2 0 8 912 223 205
p 2 0 5 915 208 201
p 2 1 12 907 789 223
p 2 0 6 914 210 203
p 2 0 3 917 202 199
p 2 0 10 910 632 216
p 2 0 9 911 219 203
p 2 0 3 917 202 199
p 2 1 5 914 367 213
p 2 0 2 918 201 199
p 2 0 2 918 200 199
p 2 2 10 908 893 227
p 2 0 4 916 207 201
p 2 0 1 919 200 198
p 2 0 11 909 629 217
p 2 0 8 912 220 204
p 2 0 2 918 202 198
p 2 1 9 910 778 220
p 2 0 5 915 217 202
p 2 0 2 918 204 198
p 2 0 3 917 204 200
p 2 0 1 919 199 198
p 2 0 0 920 197 197
p 2 0 9 911 643 214
p 2 0 7 913 216 204
p 2 1 4 915 368 212
p 2 0 3 917 201 199
p 2 0 2 918 201 199
i 2 920 0 0 53696 3939
p 2 1 913 6 19799 1397
p 2 2 910 8 20684 1388
p 2 4 911 5 25803 1504
p 2 2 913 5 20658 1431
p 2 5 906 9 21180 1466
p 2 6 907 7 24357 1491
p 2 6 906 8 20947 1461
p 2 2 911 7 20916 1435
p 2 4 910 6 24083 1501
p 2 3 913 4 21645 1464
p 2 1 913 6 21681 1467
p 2 2 914 4 21484 1462
p 2 3 911 6 21839 1478
p 2 0 906 14 21720 1455
p 2 5 908 7 22149 1488
p 2 2 909 9 22839 1462
p 2 2 915 3 22172 1478
p 2 0 915 5 22185 1470
p 2 2 913 5 22948 1496
p 2 4 906 10 23121 1470
p 2 5 910 5 23300 1485
p 2 1 913 6 22996 1460
p 2 2 911 7 23022 1457
p 2 0 913 7 23024 1464
p 2 0 920 0 23160 1459
p 2 1 908 11 23044 1435
p 2 2 910 8 23853 1458
p 2 2 909 9 23782 1479
p 2 5 911 4 24970 1494
p 2 3 911 6 24863 1467
p 2 1 913 6 25180 1455
p 2 0 912 8 23874 1444
p 2 1 911 8 24493 1454
p 2 16 894 10 24580 1505
p 2 17 898 5 24775 1489
p 2 1 909 10 24688 1461
p 2 1 910 9 24981 1452
p 2 0 915 5 24790 1460
p 2 2 914 4 26040 1483
p 2 1 901 18 25268 1453
p 2 1 911 8 25476 1480
p 2 0 913 7 25080 1459
p 2 1 916 3 25645 1469
p 2 0 907 13 25692 1448
p 2 0 911 9 26835 1457
p 2 2 903 15 26534 1460
p 2 0 917 3 27747 1473
p 2 0 908 12 27725 1439
p 2 1 908 11 28611 1466
p 2 0 902 18 29314 1449
p 2 2 907 11 29666 1494
p 2 10 891 19 30080 1504
p 2 2 909 9 30927 1501
p 2 0 904 16 30450 1475
p 2 0 915 5 30374 1496
p 2 0 900 20 29547 1470
p 2 0 907 13 29749 1481
p 2 0 903 17 29455 1478
p 2 0 910 10 30404 1483
p 2 0 903 17 30123 1471
p 2 2 906 12 30105 1459
p 2 0 903 17 29949 1457
p 2 0 906 14 30056 1447
p 2 0 899 21 29277 1438
p 2 0 902 18 29695 1471
p 2 0 899 21 28863 1454
p 2 0 903 17 29580 1443
p 2 0 894 26 28188 1422
p 2 2 895 23 27959 1430
p 2 0 899 21 26746 1417
p 2 0 904 16 27102 1418
p 2 0 893 27 26541 1399
p 2 0 899 21 27766 1428
p 2 0 889 31 27846 1414
p 2 0 894 26 29723 1438
p 2 0 893 27 29637 1438
p 2 0 895 25 30316 1432
p 2 0 879 41 30207 1420
p 2 10 881 29 30499 1463
p 2 0 880 40 30495 1413
p 2 0 890 30 29698 1428
p 2 13 862 45 29038 1433
p 2 15 874 31 28809 1443
p 2 0 870 50 28063 1395
p 2 0 883 37 28559 1408
p 2 0 866 54 28511 1379
p 2 0 876 44 29732 1393
p 2 0 840 80 28985 1361
p 2 0 868 52 30369 1385
p 2 0 821 99 26663 1315
p 2 0 856 64 28043 1361
p 2 0 823 97 23803 1287
p 2 0 747 173 21186 1188
p 2 0 725 195 15714 1095
p 2 0 687 233 8208 984
i 2 920 0 0 50210 4155
p 2 0 916 4 18413 1325
p 2 0 915 5 12558 1176
p 2 5 909 6 25969 1424
p 2 0 917 3 8169 1197
p 2 0 916 4 4149 1131
p 2 3 916 1 22094 1352
p 2 0 917 3 5634 1084
p 2 0 919 1 6799 1100
p 2 14 906 0 28331 1498
p 2 0 919 1 11226 1196
p 2 0 920 0 13250 1219
p 2 15 905 0 31098 1563
p 2 0 918 2 13553 1245
p 2 0 920 0 15241 1263
p 2 15 904 1 31056 1563
p 2 0 920 0 13978 1268
p 2 0 920 0 15829 1264
p 2 0 919 1 15958 1266
p 2 0 919 1 15678 1275
p 2 0 919 1 15434 1269
p 2 0 920 0 15365 1253
p 2 0 919 1 15390 1258
p 2 0 920 0 14735 1233
p 2 0 920 0 14315 1228
p 2 0 920 0 13247 1213
p 2 0 919 1 13432 1220
p 2 1 916 3 12974 1212
p 2 0 920 0 12267 1186
p 2 0 919 1 12260 1210
p 2 0 920 0 10752 1183
p 2 0 920 0 9498 1166
p 2 0 920 0 9793 1160
p 2 0 920 0 8280 1146
p 2 0 920 0 7620 1114
p 2 0 919 1 6288 1119
p 2 0 919 1 4596 1066
p 2 0 918 2 3465 1042
p 2 0 920 0 2297 995
p 2 0 920 0 2266 956
p 2 0 920 0 2720 958
p 2 0 920 0 4081 979
p 2 0 920 0 7466 1052
p 2 0 915 5 8617 1083
p 2 0 918 2 10235 1106
p 2 0 917 3 12337 1166
p 2 0 920 0 12573 1160
p 2 0 920 0 14829 1227
p 2 0 915 5 15206 1232
p 2 1 918 1 15866 1264
p 2 0 918 2 17084 1260
p 2 0 915 5 16198 1272
p 2 0 914 6 17193 1281
p 2 0 917 3 18340 1300
p 2 0 916 4 18387 1262
p 2 0 914 6 18897 1292
p 2 0 912 8 18378 1298
p 2 0 920 0 18466 1328
p 2 0 909 11 17991 1274
p 2 0 915 5 17077 1294
p 2 0 912 8 17020 1288
p 2 0 906 14 16942 1309
p 2 0 913 7 16996 1274
p 2 0 911 9 16811 1298
p 2 0 910 10 16775 1258
p 2 0 907 13 17347 1289
p 2 0 903 17 17873 1285
p 2 0 915 5 16869 1331
p 2 0 906 14 17045 1297
p 2 0 917 3 15293 1288
p 2 0 910 10 14136 1231
p 2 0 917 3 12441 1209
p 2 0 907 13 10844 1198
p 2 0 913 7 8032 1173
p 2 0 894 26 4952 1143
p 2 1 912 7 5409 1144
p 2 0 897 23 9067 1149
p 2 0 899 21 13603 1197
p 2 0 900 20 15761 1214
p 2 0 887 33 15844 1235
p 2 0 892 28 16268 1230
p 2 0 890 30 16884 1225
p 2 0 883 37 16088 1214
p 2 0 870 50 15982 1226
p 2 0 878 42 16840 1236
p 2 0 867 53 17689 1258
p 2 0 812 108 15739 1158
p 2 0 742 178 13705 1068
p 2 0 716 204 10289 972
p 2 0 560 360 4955 788
p 2 5 456 459 5539 678
p 2 1 291 628 973 459
p 2 0 236 684 615 393
p 2 0 156 764 447 328
p 2 0 182 738 577 359
p 2 6 228 686 1992 459
p 2 3 176 741 3550 405
p 2 0 191 729 576 365
p 2 0 158 762 414 322
p 2 0 80 840 306 257
p 2 0 82 838 317 260
p 2 4 86 830 1384 318
p 2 4 61 855 4494 326
p 2 0 52 868 354 247
p 2 0 49 871 291 241
p 2 0 82 838 291 256
p 2 0 16 904 239 211
p 2 5 82 833 1860 338
p 2 3 63 854 3278 305
p 2 0 35 885 313 232
p 2 0 26 894 244 219
p 2 25 147 748 20450 722
p 2 0 144 776 747 344
p 2 5 84 831 1034 327
p 2 9 241 670 23963 729
p 2 0 192 728 947 400
p 2 0 90 830 404 276
p 2 9 203 708 23071 673
p 2 0 170 750 857 367
p 2 6 107 807 2741 374
p 2 5 120 795 3581 362
p 2 0 84 836 393 271
p 2 0 34 886 286 227
p 2 0 41 879 265 230
p 2 0 19 901 259 214
p 2 0 24 896 230 214
p 2 0 56 864 2344 285
p 2 0 46 874 286 236
p 2 0 16 904 223 211
p 2 34 178 708 25152 874
p 2 0 165 755 776 368
p 2 0 96 824 369 278
p 2 9 228 683 20807 707
p 2 0 195 725 828 386
p 2 0 99 821 364 276
p 2 10 231 679 21409 695
p 2 0 182 738 868 377
p 2 0 104 816 409 283
p 2 1 90 829 1094 288
p 2 0 73 847 347 258
p 2 0 60 860 319 246
p 2 0 38 882 1101 242
p 2 0 28 892 257 222
p 2 0 19 901 230 213
p 2 1 53 866 1009 256
p 2 0 23 897 246 217
p 2 0 17 903 231 209
p 2 2 27 891 781 249
p 2 0 52 868 310 239
p 2 0 15 905 239 211
p 2 8 126 786 10237 506
p 2 0 85 835 547 291
p 2 0 54 866 322 243
p 2 1 97 822 7272 381
p 2 0 70 850 430 269
p 2 0 24 896 262 219
p 2 1 73 846 5767 340
p 2 0 77 843 437 269
p 2 0 28 892 265 220
p 2 2 24 894 767 242
p 2 0 18 902 268 214
p 2 0 25 895 267 219
p 2 2 19 899 1073 233
p 2 0 48 872 288 236
p 2 0 11 909 217 205
p 2 2 34 884 768 249
p 2 0 13 907 249 208
p 2 0 5 915 215 202
p 2 2 17 901 1053 233
p 2 0 14 906 224 208
p 2 0 6 914 211 201
p 2 0 20 900 1032 222
p 2 0 7 913 217 204
p 2 0 2 918 202 199
p 2 1 19 900 919 228
p 2 0 6 914 215 203
p 2 0 2 918 199 199
p 2 0 1 919 198 198
p 2 0 1 919 198 198
p 2 0 10 910 1012 216
p 2 0 9 911 235 206
p 2 1 6 913 591 223
p 2 0 4 916 212 201
p 2 0 3 917 203 199
p 2 0 0 920 197 197
p 2 0 0 920 197 197
i 2 920 0 0 45168 4229
p 2 4 483 433 2984 772
p 2 2 536 382 3472 818
p 2 10 398 512 3777 755
p 2 1 429 490 3766 751
p 2 0 379 541 3272 688
p 2 3 404 513 3833 731
p 2 0 362 558 3913 709
p 2 5 368 547 4566 746
p 2 7 351 562 4411 715
p 2 7 353 560 5850 763
p 2 6 335 579 5743 719
p 2 5 334 581 5523 713
p 2 5 344 571 6356 739
p 2 1 355 564 5750 721
p 2 0 339 581 4638 675
p 2 0 341 579 5170 688
p 2 0 344 576 5491 691
p 2 0 326 594 4412 634
p 2 0 334 586 4541 641
p 2 0 340 580 5321 656
p 2 0 301 619 4444 593
p 2 0 281 639 3083 552
p 2 0 289 631 3980 560
p 2 0 315 605 1249 537
p 2 0 229 691 940 439
p 2 0 198 722 822 409
p 2 0 218 702 921 427
p 2 0 208 712 926 421
p 2 0 155 765 627 357
p 2 0 151 769 660 357
p 2 0 132 788 686 347
p 2 0 164 756 787 377
p 2 3 172 745 7163 465
p 2 0 160 760 723 367
p 2 0 139 781 707 354
p 2 3 207 710 7500 502
p 2 0 176 744 903 387
p 2 0 173 747 803 383
p 2 0 171 749 750 367
p 2 0 148 772 687 355
p 2 0 141 779 717 346
p 2 0 166 754 752 372
p 2 0 160 760 681 359
p 2 0 135 785 690 343
p 2 0 131 789 727 345
p 2 0 146 774 742 357
p 2 0 128 792 743 337
p 2 0 130 790 674 343
p 2 0 134 786 734 344
p 2 0 142 778 684 346
p 2 0 131 789 717 336
p 2 0 126 794 619 331
p 2 0 105 815 578 311
p 2 0 129 791 639 334
p 2 0 127 793 691 336
p 2 0 118 802 575 323
p 2 0 118 802 627 327
p 2 224 367 329 52957 2383
p 2 0 292 628 1219 520
p 2 258 374 288 58193 2705
p 2 0 323 597 1419 580
p 2 238 414 268 56131 2641
p 2 0 413 507 1410 629
p 2 88 567 265 54793 1970
p 2 0 440 480 1648 653
p 2 107 544 269 65303 2158
p 2 0 444 476 1851 678
p 2 0 213 707 704 401
p 2 3 296 621 5138 573
p 2 0 202 718 740 394
p 2 0 165 755 583 355
p 2 2 210 708 5160 476
p 2 0 196 724 851 398
p 2 0 198 722 776 404
p 2 3 240 677 4983 519
p 2 0 186 734 804 390
p 2 0 157 763 711 357
p 2 2 209 709 5151 475
p 2 0 184 736 824 392
p 2 0 169 751 746 375
p 2 1 140 779 3447 380
p 2 0 130 790 669 339
p 2 0 108 812 601 314
p 2 1 150 769 3739 390
p 2 0 120 800 633 327
p 2 0 136 784 625 343
p 2 1 125 794 3422 367
p 2 0 142 778 642 349
p 2 0 106 814 604 314
p 2 1 157 762 3712 390
p 2 0 121 799 630 324
p 2 0 106 814 519 306
p 2 210 464 246 62068 2676
p 2 0 443 477 1730 700
p 2 0 229 691 750 423
p 2 197 548 175 67799 2797
p 2 0 419 501 1690 659
p 2 307 442 171 67500 3292
p 2 0 375 545 1411 615
p 2 104 617 199 56945 2352
p 2 0 494 426 1817 752
p 2 91 626 203 53584 2237
p 2 0 494 426 1707 740
p 2 0 296 624 728 469
p 2 14 494 412 23457 1218
p 2 0 442 478 1284 641
p 2 0 244 676 614 421
p 2 6 473 441 22624 1112
p 2 0 373 547 1219 578
p 2 0 196 724 510 376
p 2 26 361 533 28877 1199
p 2 0 316 604 1124 513
p 2 0 191 729 585 375
p 2 4 388 528 23028 1044
p 2 0 278 642 1119 492
p 2 0 133 787 437 316
p 2 5 323 592 22675 968
p 2 0 281 639 1104 500
p 2 0 120 800 457 318
p 2 154 415 351 52560 2226
p 2 0 330 590 1320 562
p 2 0 134 786 441 321
p 2 56 524 340 47849 1826
p 2 0 398 522 1593 660
p 2 0 220 700 673 406
p 2 48 561 311 51059 1851
p 2 0 447 473 1719 688
p 2 0 221 699 696 414
p 2 1 157 762 1645 383
p 2 0 130 790 458 316
p 2 0 93 827 357 277
p 2 2 117 801 908 342
p 2 0 65 855 306 260
p 2 0 43 877 287 236
p 2 16 50 854 1984 334
p 2 0 39 881 303 231
p 2 0 50 870 330 242
p 2 0 21 899 244 214
p 2 0 16 904 234 211
p 2 0 32 888 287 225
p 2 0 23 897 247 217
p 2 0 37 883 327 231
p 2 0 30 890 273 226
p 2 1 88 831 1564 321
p 2 0 31 889 277 226
p 2 0 22 898 242 217
p 2 1 44 875 1844 281
p 2 0 50 870 327 243
p 2 0 27 893 253 221
p 2 0 25 895 266 220
p 2 0 16 904 239 211
p 2 0 11 909 238 207
p 2 0 6 914 215 202
p 2 0 10 910 216 204
p 2 0 8 912 213 204
p 2 0 1 919 199 198
p 2 0 1 919 200 198
p 2 0 1 919 198 198
p 2 0 2 918 201 199
p 2 0 0 920 197 197
p 2 0 0 920 197 197
p 2 1 24 895 1370 267
p 2 0 20 900 254 219
p 2 0 11 909 217 205
p 2 0 7 913 208 203
p 2 0 6 914 205 202
p 2 0 3 917 203 200
p 2 2 20 898 681 254
p 2 0 15 905 223 216
p 2 0 11 909 206 206
p 2 0 8 912 205 203
p 2 0 12 908 209 208
i 2 920 0 0 42173 4057
p 2 0 414 506 691 561
p 2 0 377 543 587 522
p 2 21 467 432 29597 1098
p 2 0 412 508 1270 595
p 2 0 211 709 578 380
p 2 3 461 456 25789 951
p 2 0 294 626 1164 490
p 2 0 177 743 491 346
p 2 4 352 564 26567 914
p 2 0 271 649 1219 479
p 2 0 207 713 655 381
p 2 0 73 847 1178 265
p 2 0 72 848 373 259
p 2 0 92 828 409 280
p 2 1 64 855 751 255
p 2 0 96 824 382 278
p 2 0 16 904 231 211
p 2 1 63 856 1109 260
p 2 0 28 892 275 221
p 2 0 57 863 317 244
p 2 1 21 898 889 228
p 2 0 27 893 247 219
p 2 0 12 908 233 208
p 2 1 48 871 929 252
p 2 0 22 898 252 213
p 2 0 21 899 242 213
p 2 0 30 890 1035 226
p 2 0 72 848 384 261
p 2 0 36 884 282 228
p 2 0 51 869 1046 240
p 2 0 13 907 228 208
p 2 0 43 877 264 229
p 2 0 8 912 448 205
p 2 0 14 906 227 207
p 2 0 4 916 206 200
p 2 0 14 906 989 213
p 2 0 7 913 223 204
p 2 1 5 914 413 211
p 2 0 7 913 646 207
p 2 0 6 914 209 201
p 2 0 1 919 200 198
p 2 0 6 914 437 203
p 2 0 3 917 206 200
p 2 0 1 919 200 198
p 2 0 6 914 648 205
p 2 0 6 914 217 202
p 2 0 4 916 202 200
p 2 7 188 725 19471 685
p 2 0 146 774 789 353
p 2 0 65 855 377 258
p 2 1 202 717 17640 619
p 2 0 157 763 780 358
p 2 0 68 852 330 256
p 2 3 182 735 16881 590
p 2 0 139 781 764 347
p 2 0 53 867 339 249
p 2 0 21 899 247 214
p 2 0 17 903 220 210
p 2 0 7 913 211 204
i 2 920 0 0 26510 4024
p 2 0 378 542 622 543
p 2 0 373 547 556 513
p 2 0 118 802 308 298
p 2 0 247 673 395 391
p 2 0 74 846 259 254
p 2 0 61 859 247 245
p 2 0 8 912 205 203
p 2 0 11 909 206 206
p 2 0 2 918 199 199
p 2 0 5 915 201 201
p 2 0 3 917 200 200
p 2 0 2 918 199 199
p 2 0 4 916 200 200
p 2 0 1 919 198 198
p 2 0 4 916 203 201
p 2 0 7 913 203 202
p 2 0 9 911 206 204
p 2 0 8 912 203 203
p 2 0 16 904 212 211
p 2 0 15 905 210 208
p 2 0 27 893 224 219
p 2 0 34 886 223 221
p 2 0 16 904 212 210
p 2 0 20 900 215 212
p 2 0 7 913 204 203
p 2 0 9 911 204 204
p 2 0 7 913 206 203
p 2 0 13 907 206 206
p 2 0 4 916 200 200
p 2 0 9 911 203 203
p 2 0 10 910 207 206
p 2 0 6 914 202 202
p 2 0 2 918 200 199
p 2 0 3 917 200 200
p 2 0 3 917 202 200
p 2 0 3 917 200 200
p 2 0 4 916 201 201
p 2 0 9 911 205 205
p 2 0 3 917 202 200
p 2 0 5 915 203 202
p 2 0 1 919 198 198
i 2 920 0 0 12099 3664
p 2 288 600 32 13801 3108
p 2 351 566 3 20201 3538
p 2 412 501 7 34504 3683
p 2 97 817 6 20726 2440
p 2 24 880 16 15891 2045
p 2 20 875 25 14432 1891
p 2 15 874 31 10671 1785
p 2 16 855 49 8990 1657
p 2 6 854 60 6601 1513
p 2 3 842 75 4721 1354
p 2 0 855 65 4940 1379
i 2 920 0 0 70012 4632
p 2 0 902 18 21818 1471
p 2 0 904 16 27057 1555
p 2 0 902 18 30135 1600
p 2 1 912 7 31455 1602
p 2 0 904 16 31982 1599
p 2 1 900 19 31918 1610
p 2 2 898 20 32221 1622
p 2 0 914 6 32048 1633
p 2 3 909 8 29316 1655
p 2 2 895 23 28124 1606
p 2 2 909 9 28842 1634
p 2 0 911 9 28682 1608
p 2 1 908 11 29061 1624
p 2 0 904 16 27988 1588
p 2 2 904 14 29236 1610
p 2 1 904 15 28301 1590
p 2 1 907 12 28911 1597
p 2 1 910 9 28681 1592
p 2 0 895 25 28308 1580
p 2 0 909 11 28338 1596
p 2 4 902 14 29462 1610
p 2 1 911 8 28524 1614
p 2 0 906 14 29196 1604
p 2 0 917 3 29301 1624
p 2 1 909 10 29765 1605
p 2 0 908 12 28892 1599
p 2 3 896 21 29769 1623
p 2 1 905 14 29291 1609
p 2 4 901 15 29584 1626
p 2 5 905 10 29474 1641
p 2 1 906 13 29180 1600
p 2 0 910 10 29263 1611
p 2 0 900 20 30137 1611
p 2 0 906 14 29408 1602
p 2 3 906 11 29933 1623
p 2 2 911 7 29970 1640
p 2 4 899 17 30223 1625
p 2 1 913 6 29901 1629
p 2 2 904 14 30539 1635
p 2 0 906 14 30043 1617
p 2 1 908 11 30582 1640
p 2 3 904 13 30227 1638
p 2 0 909 11 30471 1611
p 2 1 905 14 30545 1623
p 2 1 907 12 31142 1632
p 2 0 907 13 30454 1613
p 2 0 910 10 31035 1616
p 2 0 910 10 30807 1603
p 2 0 905 15 31495 1619
p 2 0 906 14 30426 1610
p 2 0 902 18 31250 1615
p 2 0 912 8 30895 1623
p 2 0 900 20 31385 1607
p 2 2 908 10 31211 1642
p 2 0 905 15 31388 1629
p 2 0 907 13 31064 1625
p 2 0 905 15 31769 1634
p 2 8 912 0 34452 1890
p 2 5 915 0 35282 1895
p 2 4 916 0 35832 1906
p 2 8 911 1 37129 1916
p 2 7 913 0 37990 1941
p 2 2 918 0 39280 1927
p 2 2 918 0 40330 1937
p 2 0 920 0 41678 1929
p 2 3 917 0 41894 1934
p 2 2 918 0 41985 1939
p 2 2 918 0 41364 1943
p 2 2 918 0 40927 1948
p 2 9 911 0 39996 1957
p 2 6 914 0 39741 1970
p 2 15 905 0 39410 2012
p 2 12 908 0 39295 2018
p 2 15 905 0 37278 2010
p 2 13 907 0 37560 2019
p 2 12 908 0 37999 1990
p 2 0 920 0 29795 1695
p 2 0 919 1 30789 1666
p 2 0 920 0 31097 1689
p 2 0 920 0 30373 1690
p 2 0 920 0 30966 1701
p 2 0 920 0 30736 1690
p 2 0 920 0 30993 1693
p 2 0 919 1 30042 1694
p 2 0 920 0 30237 1695
p 2 0 917 3 29347 1692
p 2 0 920 0 30313 1720
p 2 0 917 3 29632 1693
p 2 0 920 0 30494 1718
p 2 0 919 1 29955 1697
p 2 0 920 0 31796 1732
p 2 0 919 1 31425 1729
p 2 2 918 0 31139 1734
p 2 0 920 0 30200 1716
p 2 1 919 0 31004 1750
p 2 0 920 0 29616 1746
p 2 2 918 0 29417 1774
p 2 3 916 1 27006 1755
p 2 3 916 1 27497 1759
p 2 5 915 0 32734 1980
p 2 0 920 0 25641 1718
p 2 0 918 2 24486 1727
p 2 0 917 3 25573 1713
p 2 0 917 3 24307 1722
p 2 0 920 0 24515 1737
p 2 0 918 2 23797 1751
p 2 0 920 0 25485 1741
p 2 0 920 0 25023 1763
p 2 0 920 0 24796 1742
p 2 0 920 0 23649 1749
p 2 30 890 0 24687 1822
p 2 16 904 0 22851 1813
p 2 0 919 1 23640 1849
p 2 1 919 0 21312 1763
p 2 5 915 0 23029 1867
p 2 0 920 0 21409 1791
p 2 0 919 1 22467 1874
p 2 0 920 0 20803 1768
p 2 0 920 0 20885 1795
p 2 0 919 1 19873 1792
p 2 0 920 0 20320 1790
p 2 0 920 0 19699 1823
p 2 0 920 0 19282 1810
p 2 0 920 0 18235 1898
p 2 0 920 0 18480 1816
p 2 0 920 0 16887 1875
p 2 0 920 0 16881 1801
p 2 0 920 0 16178 1826
p 2 0 920 0 16519 1824
p 2 0 920 0 15095 1836
p 2 0 920 0 14857 1866
p 2 0 920 0 15007 1939
p 2 0 919 1 26385 1948
p 2 42 878 0 19194 2176
p 2 76 844 0 25873 2340
p 2 88 832 0 32036 2458
p 2 102 818 0 38405 2622
p 2 150 770 0 42497 2795
p 2 167 753 0 45780 2919
p 2 167 753 0 48067 2953
p 2 175 745 0 50652 2983
p 2 176 744 0 53493 3057
p 2 179 741 0 54282 3124
p 2 166 754 0 55734 3125
p 2 196 724 0 53747 3228
p 2 149 771 0 53317 3102
p 2 44 864 12 48395 2476
p 2 50 854 16 49741 2572
p 2 98 799 23 51862 2847
p 2 78 822 20 55046 2804
p 2 89 830 1 57783 2844
p 2 69 851 0 58866 2791
p 2 47 873 0 59205 2704
p 2 49 871 0 59876 2714
p 2 108 812 0 62705 2968
p 2 127 793 0 61525 3076
p 2 65 855 0 62235 2858
p 2 65 855 0 60802 2744
p 2 54 866 0 62379 2744
p 2 56 864 0 64539 2742
p 2 68 852 0 63596 2808
p 2 72 846 2 65180 2883
p 2 86 834 0 64988 2936
p 2 149 770 1 60167 3042
p 2 98 822 0 64727 2952
p 2 81 839 0 58262 2793
p 2 73 847 0 57633 2731
p 2 67 846 7 55047 2665
p 2 63 857 0 49525 2632
p 2 63 849 8 46636 2554
p 2 71 844 5 46076 2561
p 2 75 843 2 50086 2693
p 2 58 862 0 49415 2616
p 2 45 867 8 50704 2450
p 2 53 865 2 53980 2572
p 2 58 860 2 57064 2587
p 2 80 840 0 58216 2765
p 2 58 862 0 57852 2619
p 2 99 819 2 57461 2777
p 2 116 804 0 53419 2790
p 2 101 818 1 54612 2766
p 2 50 870 0 49935 2551
p 2 33 885 2 47846 2499
p 2 81 839 0 45784 2648
p 2 124 796 0 46012 2820
p 2 72 848 0 45878 2618
p 2 35 883 2 38146 2368
p 2 29 889 2 32817 2229
p 2 20 899 1 31439 2248
p 2 80 838 2 30541 2393
p 2 69 851 0 29086 2384
p 2 42 877 1 31672 2337
p 2 21 898 1 27436 2263
p 2 4 916 0 23989 2101
p 2 3 917 0 24577 2105
p 2 6 914 0 23449 1995
p 2 3 916 1 22630 1998
p 2 0 920 0 23891 1939
p 2 5 915 0 25061 2063
p 2 17 903 0 26036 2090
p 2 15 905 0 26911 2151
p 2 22 898 0 28751 2224
p 2 24 896 0 30296 2380
p 2 13 907 0 28308 2222
p 2 18 902 0 26948 2272
p 2 9 910 1 27466 2235
p 2 8 912 0 28197 2205
p 2 4 916 0 27534 2098
p 2 17 903 0 30498 2222
p 2 10 910 0 30419 2156
p 2 8 912 0 30892 2154
p 2 14 906 0 29785 2140
p 2 19 901 0 28872 2079
p 2 5 915 0 27764 2011
p 2 14 905 1 28932 2037
p 2 14 904 2 30245 2028
p 2 6 909 5 29683 2026
p 2 5 910 5 31229 1994
p 2 4 911 5 28374 2026
p 2 7 911 2 30385 2053
p 2 11 907 2 28763 1952
p 2 4 913 3 31156 2005
p 2 6 910 4 27756 1936
p 2 7 910 3 31933 1954
p 2 4 913 3 31216 1918
p 2 2 914 4 28345 1853
p 2 2 913 5 26935 1826
p 2 1 906 13 30038 1855
p 2 5 893 22 31233 1844
p 2 2 897 21 31146 1809
p 2 3 903 14 25328 1749
p 2 1 898 21 28328 1721
p 2 4 878 38 28636 1741
p 2 0 888 32 24304 1661
p 2 0 895 25 23330 1666
p 2 1 871 48 25922 1639
p 2 1 876 43 26347 1655
p 2 1 872 47 21353 1633
p 2 0 880 40 21171 1581
p 2 2 853 65 24023 1603
p 2 1 866 53 25460 1613
p 2 2 820 98 23828 1559
p 2 3 857 60 22951 1594
p 2 0 847 73 23019 1538
p 2 0 854 66 23779 1542
p 2 0 809 111 24992 1490
p 2 0 867 53 22281 1524
p 2 0 824 96 20271 1458
p 2 0 875 45 19590 1504
p 2 0 784 136 21310 1448
p 2 0 871 49 21498 1482
p 2 0 800 120 22178 1417
p 2 0 856 64 22920 1466
p 2 0 747 173 22469 1376
p 2 0 816 104 21564 1427
p 2 0 760 160 19577 1383
p 2 0 827 93 20319 1434
p 2 0 739 181 19975 1356
p 2 0 830 90 21165 1414
p 2 0 757 163 21779 1358
p 2 0 871 49 22745 1423
p 2 0 749 171 23614 1324
p 2 0 785 135 21673 1344
p 2 0 745 175 19835 1286
p 2 0 834 86 17377 1323
p 2 0 713 207 13338 1152
i 2 920 0 0 79397 4598
p 2 0 525 395 16090 878
p 2 0 444 476 17014 823
p 2 0 386 534 21496 811
p 2 0 401 519 16401 780
p 2 3 426 491 26163 859
p 2 0 435 485 22396 851
p 2 0 361 559 19221 756
p 2 0 414 506 20105 807
p 2 0 425 495 23827 838
p 2 0 405 515 20170 788
p 2 0 348 572 18972 725
p 2 0 385 535 22387 792
p 2 0 398 522 18439 770
p 2 0 376 544 18843 759
p 2 0 335 585 22996 745
p 2 0 380 540 17890 750
p 2 0 376 544 18273 758
p 2 0 390 530 22423 793
p 2 0 346 574 17251 713
p 2 0 364 556 17594 733
p 2 0 365 555 21715 775
p 2 0 376 544 17337 752
p 2 0 326 594 17522 696
p 2 0 381 539 21001 791
p 2 0 399 521 18140 767
p 2 0 349 571 18125 726
p 2 0 295 625 20551 686
p 2 0 329 591 17895 701
p 2 0 336 584 18675 705
p 2 0 311 609 2037 538
p 2 0 430 490 3917 657
p 2 6 512 402 15223 868
p 2 4 503 413 24764 965
p 2 0 528 392 28155 1048
p 2 0 534 386 28840 1049
p 2 0 547 373 31380 1112
p 2 3 534 383 38022 1243
p 2 23 546 351 45954 1514
p 2 116 469 335 53848 2042
p 2 139 437 344 24065 1857
p 2 15 455 450 6908 1024
p 2 0 371 549 1992 624
p 2 0 337 583 1839 572
p 2 0 361 559 1905 601
p 2 4 404 512 10581 763
p 2 0 442 478 2380 697
p 2 0 301 619 1795 535
p 2 0 329 591 1891 565
p 2 0 323 597 2058 565
p 2 0 332 588 1925 577
p 2 0 310 610 1954 545
p 2 0 285 635 1879 528
p 2 0 268 652 1971 505
p 2 5 354 561 11060 708
p 2 0 364 556 5077 632
p 2 11 378 531 11556 785
p 2 60 369 491 23684 1181
p 2 46 500 374 31502 1397
p 2 20 765 135 32328 1549
p 2 7 849 64 38759 1613
p 2 1 850 69 41588 1646
p 2 0 867 53 37967 1603
p 2 3 861 56 39247 1655
p 2 0 860 60 38705 1602
p 2 1 870 49 43334 1729
p 2 18 854 48 46957 1949
p 2 97 792 31 49930 2350
p 2 108 781 31 30010 2206
p 2 12 835 73 15314 1475
p 2 0 710 210 7496 1085
p 2 0 731 189 7609 1091
p 2 0 691 229 7895 1054
p 2 0 758 162 10155 1130
p 2 0 664 256 7070 1019
p 2 0 707 213 6719 1058
p 2 0 710 210 8763 1078
p 2 0 711 209 6281 1058
p 2 0 599 321 5667 920
p 2 0 654 266 5646 994
p 2 0 676 244 5824 1021
p 2 0 662 258 7075 1015
p 2 0 529 391 4483 836
p 2 13 617 290 7525 1075
p 2 0 615 305 6721 963
p 2 23 658 239 8115 1221
p 2 0 538 382 4508 855
p 2 5 689 226 12511 1248
p 2 26 662 232 14044 1322
p 2 0 640 280 4855 974
p 2 16 541 363 9338 1035
p 2 0 582 338 4911 906
p 2 0 653 267 6242 1007
p 2 0 623 297 7420 981
p 2 0 575 345 8747 939
p 2 0 427 493 8976 749
p 2 22 630 268 21114 1265
p 2 2 650 268 9930 1077
p 2 1 639 280 7820 1039
p 2 0 519 401 6348 881
p 2 1 589 330 6076 957
p 2 1 605 314 6055 959
p 2 0 582 338 4866 923
p 2 0 591 329 5165 925
p 2 0 549 371 4715 889
p 2 0 482 438 4469 803
p 2 0 534 386 4656 865
p 2 0 535 385 4963 870
p 2 0 541 379 5149 878
p 2 0 484 436 4455 795
p 2 0 528 392 5029 861
p 2 0 541 379 4928 879
p 2 0 532 388 5058 863
p 2 0 509 411 4654 841
p 2 0 509 411 4555 836
p 2 0 525 395 4930 857
p 2 2 606 312 18905 1075
p 2 0 575 345 10288 938
p 2 0 573 347 10021 933
p 2 17 618 285 14652 1120
p 2 0 622 298 10500 989
p 2 32 627 261 15154 1241
p 2 0 610 310 5166 968
p 2 5 682 233 9647 1213
p 2 27 656 237 14172 1350
p 2 0 532 388 4489 855
p 2 16 618 286 9683 1116
p 2 0 596 324 5679 927
p 2 1 580 339 6693 960
p 2 0 476 444 6607 802
p 2 5 555 360 8458 937
p 2 4 545 371 11336 937
p 2 9 595 316 14251 1056
p 2 12 551 357 15259 1030
p 2 33 575 312 25491 1328
p 2 9 575 336 15157 1051
p 2 5 560 355 16529 1014
p 2 9 562 349 19368 1062
p 2 10 638 272 22687 1182
p 2 11 598 311 23352 1133
p 2 11 644 265 25459 1215
p 2 12 530 378 22572 1087
p 2 16 610 294 24503 1212
p 2 27 658 235 30656 1389
p 2 14 620 286 27758 1247
p 2 45 656 219 30892 1512
p 2 6 667 247 26360 1215
p 2 24 637 259 28569 1441
p 2 28 706 186 30871 1518
p 2 0 680 240 21126 1144
p 2 17 701 202 23889 1289
p 2 0 561 359 4671 882
p 2 1 628 291 5700 960
p 2 0 565 355 4734 881
p 2 0 626 294 5120 966
p 2 0 459 461 3982 749
p 2 0 562 358 4625 876
p 2 0 574 346 4731 881
p 2 0 579 341 4602 897
p 2 0 449 471 3928 734
p 2 0 538 382 4331 845
p 2 0 561 359 4766 878
p 2 0 611 309 4690 936
p 2 0 474 446 4268 775
p 2 0 563 357 4511 875
p 2 0 646 274 5208 984
p 2 0 561 359 4205 863
p 2 0 422 498 3930 721
p 2 0 510 410 4177 823
p 2 0 503 417 4355 802
p 2 0 493 427 4062 798
p 2 0 519 401 4331 824
p 2 0 524 396 4180 834
p 2 0 400 520 3863 697
p 2 0 484 436 4070 786
p 2 0 493 427 4411 801
p 2 0 481 439 4077 781
p 2 0 392 528 3684 673
p 2 0 459 461 3904 750
p 2 0 471 449 4170 765
p 2 0 466 454 4025 786
p 2 0 416 504 3801 705
p 2 0 466 454 3851 761
p 2 0 515 405 4352 814
p 2 0 553 367 5253 859
p 2 0 532 388 5829 845
p 2 0 579 341 6632 895
p 2 0 708 212 9291 1093
p 2 0 738 182 13095 1169
p 2 0 650 270 15587 1101
p 2 0 732 188 16947 1218
p 2 0 745 175 18639 1269
p 2 0 719 201 19743 1308
p 2 4 643 273 23023 1315
p 2 21 676 223 28147 1545
p 2 93 612 215 23756 1754
p 2 44 630 246 11493 1342
p 2 1 706 213 8715 1161
p 2 0 687 233 7505 1078
p 2 0 599 321 7349 981
p 2 0 655 265 7540 1058
p 2 7 680 233 12369 1172
p 2 10 682 228 15015 1212
p 2 13 601 306 16302 1137
p 2 14 701 205 20144 1315
p 2 15 730 175 21548 1361
p 2 7 759 154 22062 1347
p 2 3 726 191 22178 1283
p 2 5 639 276 23235 1196
p 2 6 764 150 25482 1410
p 2 31 749 140 36490 1607
p 2 8 782 130 23017 1416
p 2 6 744 170 22855 1361
p 2 13 739 168 24610 1371
p 2 5 741 174 25884 1312
p 2 6 710 204 23575 1286
p 2 21 692 207 28766 1451
p 2 6 722 192 24394 1312
p 2 3 727 190 17432 1255
p 2 1 733 186 24046 1293
p 2 0 635 285 17598 1077
p 2 0 709 211 14447 1135
p 2 0 681 239 5471 1031
p 2 0 624 296 4838 955
p 2 0 494 426 4230 789
p 2 0 559 361 4428 856
p 2 0 577 343 4867 894
p 2 0 523 397 4169 819
p 2 0 460 460 4074 749
p 2 0 472 448 4037 760
p 2 0 483 437 4047 769
i 2 920 0 0 116472 5830
p 2 1 906 13 58207 1770
p 2 0 894 26 63995 1775
p 2 2 891 27 84897 1984
p 2 0 898 22 64556 1767
p 2 0 897 23 66282 1784
p 2 1 895 24 83570 1977
p 2 0 900 20 64242 1801
p 2 0 895 25 66541 1805
p 2 2 893 25 80426 1941
p 2 0 901 19 66017 1802
p 2 0 895 25 66607 1791
p 2 0 900 20 79824 1933
p 2 0 899 21 67528 1791
p 2 0 904 16 66647 1815
p 2 19 887 14 98163 2252
p 2 0 901 19 65584 1792
p 2 0 904 16 66774 1803
p 2 12 899 9 96795 2191
p 2 0 916 4 65688 1833
p 2 0 905 15 65678 1808
p 2 17 888 15 98721 2253
p 2 0 899 21 62438 1799
p 2 0 912 8 63535 1789
p 2 6 901 13 87401 2055
p 2 0 905 15 58680 1772
p 2 0 906 14 56241 1755
p 2 1 905 14 78903 1944
p 2 0 911 9 54421 1765
p 2 0 908 12 58089 1785
p 2 0 908 12 74261 1884
p 2 0 911 9 60036 1805
p 2 0 912 8 61640 1798
p 2 0 909 11 70720 1844
p 2 0 906 14 59038 1759
p 2 0 902 18 57833 1726
p 2 0 905 15 74535 1843
p 2 0 905 15 50614 1686
p 2 0 905 15 56641 1694
i 2 920 0 0 43281 4051
p 2 0 295 625 605 452
p 2 1 689 230 24989 1229
p 2 1 587 332 24091 1133
p 2 0 532 388 23241 1093
p 2 13 569 338 22345 1145
p 2 0 562 358 23666 1040
p 2 0 428 492 5578 654
p 2 0 519 401 23151 967
p 2 0 392 528 5744 625
p 2 0 508 412 24232 976
p 2 1 708 211 27185 1397
p 2 0 646 274 24231 1237
p 2 0 457 463 1648 678
p 2 2 634 284 26605 1229
p 2 0 491 429 1712 695
p 2 1 599 320 25134 1170
p 2 0 481 439 1847 699
p 2 4 543 373 24979 1156
p 2 0 508 412 23296 1081
p 2 0 407 513 1471 615
p 2 0 468 452 19765 937
p 2 0 360 560 1449 561
p 2 0 698 222 22582 1253
p 2 0 567 353 2044 775
p 2 0 554 366 19188 1009
p 2 0 408 512 1504 609
p 2 0 464 456 20329 934
p 2 0 466 454 23991 1022
p 2 0 350 570 1355 558
p 2 2 513 405 24076 1087
p 2 0 419 501 1502 622
p 2 248 363 309 39555 2313
p 2 0 334 586 1052 518
p 2 37 497 386 33643 1388
p 2 0 685 235 4839 1048
p 2 34 606 280 33982 1459
p 2 0 538 382 1777 743
p 2 35 576 309 34355 1431
p 2 0 494 426 1695 699
p 2 35 493 392 33720 1368
p 2 0 416 504 1320 607
p 2 37 472 411 33103 1325
p 2 13 479 428 29554 1118
p 2 0 393 527 3123 649
p 2 3 444 473 29073 1031
p 2 0 362 558 1360 567
p 2 37 596 287 37021 1603
p 2 0 553 367 2183 800
p 2 35 503 382 33874 1393
p 2 7 502 411 13559 807
p 2 40 486 394 34064 1341
p 2 10 559 351 29687 1171
p 2 0 393 527 1553 607
p 2 2 447 471 28993 1018
p 2 0 325 595 1394 545
p 2 37 349 534 33641 1186
p 2 0 253 667 1196 475
p 2 34 383 503 33754 1252
p 2 0 532 388 4502 894
p 2 128 518 274 41426 1949
p 2 0 420 500 1510 626
p 2 264 435 221 50738 2572
p 2 127 532 261 38343 2097
p 2 0 456 464 1431 683
p 2 202 560 158 47071 2418
p 2 0 454 466 5955 720
p 2 17 415 488 24252 1038
p 2 0 393 527 5365 646
p 2 4 442 474 22059 953
p 2 0 393 527 5301 645
p 2 5 566 349 25629 1204
p 2 2 544 374 23439 1054
p 2 0 415 505 5692 680
p 2 0 319 601 5104 567
p 2 4 457 459 22198 946
p 2 0 318 602 5260 586
p 2 16 334 570 20336 907
p 2 0 298 622 5211 558
p 2 16 294 610 24256 920
p 2 0 266 654 5197 527
p 2 4 307 609 21861 815
p 2 0 282 638 5081 548
p 2 3 523 394 25383 1162
p 2 0 481 439 5805 763
p 2 2 419 499 23040 923
p 2 0 392 528 5514 651
p 2 4 401 515 22479 890
p 2 0 320 600 5239 596
p 2 17 341 562 24391 963
p 2 0 273 647 5163 538
p 2 15 290 615 24235 917
p 2 0 245 675 5158 499
p 2 4 349 567 23318 876
p 2 0 284 636 7440 583
p 2 6 562 352 28069 1235
p 2 0 457 463 8733 769
p 2 2 461 457 26094 973
p 2 3 414 503 9551 739
p 2 18 453 449 28028 1128
p 2 29 369 522 12438 929
p 2 64 370 486 31859 1397
p 2 4 720 196 25372 1435
p 2 292 626 2 37922 3569
p 2 127 793 0 28240 2886
p 2 140 779 1 37401 3044
p 2 25 888 7 57787 2407
p 2 92 813 15 44998 2495
p 2 0 705 215 12028 1242
p 2 9 779 132 28119 1501
p 2 1 484 435 3444 786
p 2 4 668 248 22770 1240
p 2 0 593 327 3905 862
p 2 6 461 453 23651 1037
p 2 1 445 474 3267 700
p 2 5 599 316 26187 1221
p 2 0 462 458 7575 740
p 2 3 484 433 27192 1045
p 2 0 449 471 8664 733
p 2 0 639 281 13337 1147
p 2 10 664 246 33720 1455
p 2 0 454 466 2079 713
p 2 12 536 372 28550 1229
p 2 0 500 420 1901 730
p 2 5 498 417 23928 1081
p 2 0 412 508 1696 637
p 2 7 376 537 24825 948
p 2 0 311 609 1341 534
p 2 3 399 518 23945 967
p 2 0 320 600 1325 532
p 2 3 444 473 23849 991
p 2 5 862 53 12145 1473
p 2 18 757 145 29272 1594
p 2 16 636 268 10317 1096
p 2 27 658 235 28704 1525
p 2 14 696 210 14503 1180
p 2 18 646 256 29067 1418
p 2 25 720 175 21122 1364
p 2 25 705 190 32191 1580
p 2 10 701 209 16485 1274
p 2 19 756 145 26091 1570
p 2 13 744 163 18201 1355
p 2 13 716 191 24681 1494
p 2 15 834 71 25551 1710
p 2 23 767 130 27933 1724
p 2 11 750 159 18142 1410
p 2 31 759 130 27643 1759
p 2 11 775 134 19916 1447
p 2 20 749 151 23485 1582
p 2 14 804 102 24305 1592
p 2 13 779 128 21509 1564
p 2 6 743 171 20125 1414
p 2 15 812 93 27357 1732
p 2 1 704 215 16794 1268
p 2 6 629 285 20660 1349
p 2 22 773 125 23274 1698
p 2 4 716 200 20865 1452
p 2 1 617 302 16092 1161
p 2 27 631 262 22249 1515
p 2 0 620 300 12521 1109
p 2 4 637 279 19116 1298
p 2 25 594 301 21335 1349
p 2 5 623 292 21793 1302
p 2 0 573 347 14324 1040
p 2 21 572 327 23178 1408
p 2 1 576 343 10372 1012
p 2 4 599 317 13487 1193
p 2 29 776 115 21421 1674
p 2 11 671 238 20983 1442
p 2 0 612 308 15491 1108
p 2 31 630 259 26841 1616
p 2 0 581 339 15688 1077
p 2 3 611 306 19501 1277
p 2 28 573 319 22807 1325
p 2 5 606 309 22189 1312
p 2 0 548 372 16103 1037
p 2 26 576 318 25960 1492
p 2 0 545 375 13393 994
p 2 3 608 309 15177 1227
p 2 28 527 365 23144 1299
p 2 6 517 397 11057 1109
p 2 0 625 295 6686 1125
i 2 920 0 0 87523 4977
p 2 8 874 38 41805 1786
p 2 34 851 35 44165 1968
p 2 4 853 63 38473 1698
p 2 46 829 45 40917 1952
p 2 1 872 47 35905 1675
p 2 42 832 46 38715 1898
p 2 5 849 66 34707 1651
p 2 16 853 51 35446 1771
p 2 4 851 65 31343 1647
p 2 34 831 55 32525 1794
p 2 2 843 75 25726 1525
p 2 17 817 86 25315 1574
p 2 1 828 91 21028 1429
p 2 25 778 117 20243 1478
p 2 2 757 161 16345 1360
p 2 2 776 142 14615 1309
p 2 3 749 168 11623 1253
p 2 0 685 235 9423 1164
p 2 0 705 215 8464 1151
p 2 0 657 263 7672 1105
p 2 7 673 240 8278 1107
p 2 6 798 116 8854 1233
p 2 107 694 119 13225 1579
p 2 102 651 167 17158 1613
p 2 103 602 215 20285 1627
p 2 111 597 212 23685 1702
p 2 107 534 279 26135 1666
p 2 105 650 165 29015 1789
p 2 157 752 11 24073 2125
p 2 170 750 0 27746 2466
p 2 145 775 0 30430 2561
p 2 129 791 0 33229 2731
p 2 106 814 0 35516 2765
p 2 105 815 0 37103 2847
p 2 115 805 0 38801 2822
p 2 125 795 0 40716 2879
p 2 140 780 0 43319 3001
p 2 120 800 0 41033 2914
p 2 65 855 0 32858 2628
p 2 66 854 0 33414 2578
p 2 73 847 0 34022 2578
p 2 68 852 0 34791 2543
p 2 60 860 0 35690 2535
p 2 56 864 0 38341 2529
p 2 39 881 0 39986 2447
p 2 1 919 0 31091 1811
p 2 1 919 0 32631 1807
p 2 0 920 0 34465 1835
p 2 3 917 0 34565 1854
p 2 1 919 0 34868 1817
p 2 0 920 0 35096 1827
p 2 0 920 0 34774 1785
p 2 0 920 0 35302 1795
p 2 1 919 0 34412 1757
p 2 2 918 0 34813 1761
p 2 0 920 0 34695 1745
p 2 0 920 0 35253 1780
p 2 0 920 0 34708 1766
p 2 0 919 1 35240 1785
p 2 1 919 0 35107 1797
p 2 0 920 0 35643 1824
p 2 0 919 1 35045 1795
p 2 4 915 1 35846 1862
p 2 5 915 0 35782 1859
p 2 2 917 1 36675 1856
p 2 7 913 0 35707 1852
p 2 4 916 0 36550 1856
p 2 2 918 0 35408 1816
p 2 8 911 1 36074 1842
p 2 4 915 1 34966 1781
p 2 5 915 0 35595 1814
p 2 4 916 0 34606 1753
p 2 3 917 0 35398 1745
p 2 3 917 0 34306 1708
p 2 1 919 0 35077 1729
p 2 1 919 0 34667 1720
p 2 2 918 0 35593 1727
p 2 1 918 1 34784 1699
p 2 0 920 0 35749 1709
p 2 2 918 0 35205 1702
p 2 1 919 0 36018 1726
p 2 0 920 0 35059 1715
p 2 0 920 0 36288 1727
i 2 920 0 0 55345 5109
p 2 3 913 4 16653 1750
p 2 7 911 2 27850 1925
p 2 9 909 2 26441 1973
p 2 6 913 1 37057 1915
p 2 2 914 4 32571 1797
p 2 2 915 3 36546 1855
p 2 5 909 6 32149 1797
p 2 6 913 1 39432 1859
p 2 4 911 5 21708 1785
p 2 7 909 4 29397 1879
p 2 6 910 4 22363 1804
p 2 1 914 5 29117 1842
p 2 2 909 9 21979 1782
p 2 5 913 2 30124 1884
p 2 2 913 5 22934 1822
p 2 5 912 3 29745 1873
p 2 6 905 9 22147 1799
p 2 3 914 3 29453 1863
p 2 2 914 4 22898 1820
p 2 9 906 5 30822 1945
p 2 3 911 6 22498 1827
p 2 7 910 3 28904 1892
p 2 5 912 3 22886 1843
p 2 4 912 4 29394 1857
p 2 2 917 1 23520 1811
p 2 5 913 2 30197 1853
p 2 9 910 1 23279 1831
p 2 4 914 2 30015 1872
p 2 8 907 5 23821 1836
p 2 6 914 0 30321 1869
p 2 4 914 2 23520 1784
p 2 12 905 3 30632 1894
p 2 4 908 8 22437 1760
p 2 2 914 4 28673 1801
p 2 2 911 7 22317 1768
p 2 4 910 6 28994 1838
p 2 3 908 9 21670 1758
p 2 3 910 7 29161 1814
p 2 2 913 5 21860 1755
p 2 2 917 1 28192 1821
p 2 2 907 11 21212 1730
p 2 2 912 6 27294 1778
p 2 0 914 6 20596 1722
p 2 1 919 0 28995 1851
p 2 6 907 7 21496 1786
p 2 0 915 5 27931 1802
p 2 1 916 3 21573 1766
p 2 2 915 3 28424 1819
p 2 6 914 0 21863 1787
p 2 7 903 10 29049 1852
p 2 1 917 2 21687 1814
p 2 2 915 3 27955 1852
p 2 3 909 8 21571 1788
p 2 4 913 3 27811 1856
p 2 1 917 2 21424 1771
p 2 4 913 3 29203 1854
p 2 3 916 1 21742 1779
p 2 7 910 3 28639 1845
p 2 4 912 4 22230 1792
p 2 5 911 4 28551 1842
p 2 4 912 4 21926 1800
p 2 3 915 2 28720 1843
p 2 1 915 4 21131 1734
p 2 2 913 5 27915 1765
i 2 920 0 0 59020 4812
p 2 269 650 1 53810 3793
p 2 79 841 0 48191 2647
p 2 42 878 0 45593 2270
p 2 23 897 0 45193 2152
p 2 21 899 0 45298 2042
p 2 7 913 0 44944 1894
p 2 6 914 0 49577 1861
p 2 5 915 0 49317 1802
p 2 0 920 0 46760 1686
p 2 0 918 2 38847 1639
p 2 0 917 3 50535 1707
p 2 0 915 5 37214 1536
p 2 0 918 2 36106 1523
p 2 0 915 5 39211 1544
p 2 0 914 6 38752 1527
p 2 0 913 7 38391 1520
p 2 0 918 2 36695 1516
p 2 0 918 2 35944 1536
p 2 0 918 2 33490 1506
p 2 0 917 3 29994 1506
p 2 1 918 1 26254 1490
p 2 9 909 2 23123 1533
p 2 0 918 2 19578 1417
p 2 0 914 6 19089 1399
p 2 0 917 3 15774 1405
p 2 0 916 4 17162 1384
p 2 0 919 1 18135 1421
p 2 0 917 3 17310 1373
p 2 0 914 6 15497 1367
p 2 0 914 6 15860 1364
p 2 0 917 3 16656 1371
p 2 0 917 3 16182 1375
p 2 0 917 3 15911 1367
p 2 0 917 3 16209 1357
p 2 0 917 3 16076 1378
p 2 0 917 3 14514 1369
p 2 0 919 1 16290 1401
p 2 0 915 5 16385 1371
p 2 0 916 4 15242 1342
p 2 0 914 6 14673 1339
p 2 0 919 1 15714 1357
p 2 0 916 4 16393 1370
p 2 0 918 2 14339 1363
p 2 0 916 4 15618 1346
p 2 0 917 3 16298 1371
p 2 0 920 0 15755 1378
p 2 0 919 1 16627 1370
p 2 0 917 3 17769 1376
p 2 0 918 2 30317 1421
i 2 920 0 0 39429 4123
p 2 88 301 531 5925 971
p 2 286 595 39 43071 3315
p 2 108 573 239 12380 1536
p 2 257 660 3 47022 3258
p 2 109 670 141 16475 1800
p 2 230 677 13 49040 3141
p 2 116 746 58 30525 2401
p 2 516 401 3 54045 4090
p 2 68 758 94 18920 2157
p 2 328 581 11 48919 3683
p 2 86 790 44 24125 2431
p 2 356 554 10 51917 3840
p 2 98 778 44 26470 2451
p 2 317 600 3 54583 3845
p 2 80 775 65 27793 2511
p 2 284 635 1 58945 3837
p 2 88 751 81 27634 2437
p 2 286 633 1 58762 3790
p 2 60 783 77 22232 2205
p 2 112 807 1 54283 3172
p 2 31 800 89 20816 2076
p 2 67 845 8 49944 2897
p 2 53 810 57 20707 2178
p 2 54 857 9 50942 2799
p 2 36 831 53 19827 2093
i 2 920 0 0 52074 4714
p 2 28 787 105 18137 1913
p 2 490 430 0 50618 4444
p 2 83 832 5 31869 2723
p 2 385 535 0 51065 4057
p 2 144 776 0 37727 2985
p 2 390 530 0 56216 4087
p 2 236 684 0 45018 3229
p 2 398 522 0 67221 4166
p 2 202 718 0 54776 3322
p 2 286 634 0 73294 3908
p 2 173 747 0 55182 3198
p 2 167 753 0 64064 3321
p 2 120 799 1 45874 2919
p 2 128 792 0 61658 3146
p 2 71 849 0 43612 2754
p 2 169 751 0 64896 3359
p 2 117 799 4 47483 2942
p 2 90 827 3 45887 2832
p 2 96 824 0 62023 3017
p 2 60 859 1 43402 2631
p 2 54 865 1 41938 2623
p 2 46 874 0 56724 2672
p 2 42 878 0 40951 2485
p 2 41 879 0 38444 2409
p 2 48 872 0 53372 2607
p 2 41 879 0 34909 2274
p 2 32 888 0 33959 2252
i 2 920 0 0 39702 3724
p 2 12 519 389 3456 879
p 2 6 497 417 3925 803
p 2 16 354 550 4570 748
p 2 110 683 127 28321 2317
p 2 9 563 348 5999 1033
p 2 103 704 113 34514 2457
p 2 9 596 315 8370 1153
p 2 126 704 90 46104 2803
p 2 21 581 318 10755 1250
p 2 178 670 72 53420 3083
p 2 15 632 273 11786 1292
p 2 303 592 25 61675 3635
p 2 34 613 273 15509 1494
p 2 207 693 20 64789 3400
p 2 30 692 198 20277 1660
p 2 246 636 38 62247 3514
p 2 65 767 88 36407 2359
p 2 141 765 14 60644 3226
p 2 56 795 69 37830 2359
p 2 109 806 5 57943 2980
p 2 31 799 90 28752 2140
p 2 62 855 3 56058 2758
p 2 17 853 50 29682 2126
p 2 248 670 2 66806 3469
p 2 20 806 94 30888 1992
p 2 111 791 18 61906 2876
p 2 20 819 81 30725 2023
p 2 331 589 0 64625 3706
p 2 33 862 25 33412 2268
p 2 83 821 16 39579 2713
p 2 36 865 19 37938 2447
p 2 193 726 1 60957 3467
p 2 46 849 25 38241 2470
p 2 159 756 5 59999 3254
p 2 57 824 39 36873 2369
p 2 133 786 1 55568 3152
p 2 63 843 14 40634 2483
p 2 253 667 0 81685 3724
p 2 69 840 11 48822 2545
p 2 267 653 0 76947 3767
p 2 71 839 10 50073 2643
p 2 211 709 0 71127 3438
p 2 39 856 25 47629 2448
p 2 171 749 0 69245 3224
p 2 69 841 10 47118 2610
p 2 155 765 0 67482 3139
p 2 54 851 15 45517 2459
p 2 66 854 0 67166 2773
p 2 37 877 6 45896 2430
p 2 57 863 0 64731 2638
p 2 32 887 1 42027 2269
p 2 49 871 0 61505 2528
p 2 29 890 1 41836 2223
i 2 920 0 0 48892 4405
p 2 21 392 507 9775 1013
p 2 350 559 11 59890 3801
p 2 39 687 194 20911 1667
p 2 276 638 6 63967 3572
p 2 33 692 195 28368 1760
p 2 232 682 6 72811 3429
p 2 37 658 225 30230 1757
p 2 177 737 6 72432 3253
p 2 42 708 170 28248 1865
p 2 83 813 24 66552 2811
p 2 40 760 120 29306 1950
p 2 124 788 8 65795 3040
p 2 51 714 155 29904 1929
p 2 332 588 0 74703 3751
p 2 49 680 191 32239 1955
p 2 216 689 15 78075 3515
p 2 25 789 106 31841 2060
p 2 335 583 2 77238 3836
p 2 113 765 42 44975 2646
p 2 339 580 1 72775 3747
p 2 100 809 11 42315 2700
p 2 238 682 0 64798 3586
p 2 65 831 24 35035 2580
p 2 177 743 0 55937 3326
p 2 40 873 7 33640 2469
p 2 559 361 0 74840 4103
p 2 62 798 60 44513 2474
p 2 90 822 8 69714 3057
p 2 38 850 32 46099 2473
i 2 920 0 0 75915 4745
p 2 66 756 98 44126 2251
p 2 377 543 0 74929 3960
p 2 134 786 0 58445 3145
p 2 182 738 0 73510 3479
p 2 72 847 1 57635 2837
p 2 233 687 0 74928 3701
p 2 72 848 0 55446 2791
p 2 144 776 0 71544 3254
p 2 43 871 6 54372 2671
p 2 120 800 0 70746 3196
p 2 28 886 6 52923 2505
p 2 117 803 0 67765 3072
p 2 19 885 16 48860 2431
p 2 97 823 0 66387 3004
p 2 36 866 18 47684 2471
p 2 63 857 0 63600 2775
p 2 45 872 3 49418 2578
p 2 57 862 1 62996 2732
p 2 43 871 6 48780 2554
p 2 49 871 0 58538 2645
p 2 48 870 2 44397 2510
p 2 53 867 0 55640 2679
p 2 28 891 1 45675 2505
i 2 920 0 0 45614 4593
p 2 469 442 9 46764 4287
p 2 340 579 1 47239 4021
p 2 321 598 1 46899 3842
p 2 248 672 0 49243 3687
p 2 257 663 0 51642 3696
p 2 199 721 0 52504 3465
p 2 258 662 0 50486 3584
p 2 239 681 0 50179 3513
p 2 255 665 0 52094 3625
p 2 262 658 0 53978 3709
p 2 274 646 0 55497 3682
p 2 207 713 0 66541 3584
p 2 149 771 0 57319 3140
p 2 131 789 0 61238 3121
p 2 117 802 1 51705 2876
p 2 112 808 0 55224 2858
p 2 55 865 0 39418 2362
p 2 69 850 1 51903 2597
p 2 38 881 1 35117 2140
p 2 87 831 2 53593 2618
p 2 42 877 1 38532 2259
p 2 86 827 7 48939 2614
p 2 26 877 17 30308 2032
p 2 96 814 10 51596 2645
p 2 55 839 26 32332 2229
p 2 177 743 0 64406 3146
p 2 67 830 23 30687 2406
p 2 122 797 1 61991 3047
p 2 68 845 7 31724 2445
p 2 265 650 5 67009 3419
p 2 104 801 15 31019 2555
p 2 132 785 3 70364 3198
p 2 91 808 21 31408 2505
p 2 121 796 3 71540 3140
p 2 98 808 14 32297 2591
p 2 235 685 0 81048 3643
p 2 98 808 14 44460 2649
p 2 164 755 1 73636 3314
p 2 55 851 14 42089 2508
p 2 122 798 0 69986 3128
p 2 60 850 10 39191 2461
p 2 174 746 0 64161 3334
p 2 70 811 39 35725 2516
p 2 126 794 0 68371 3189
p 2 53 831 36 29772 2418
p 2 92 828 0 64910 3063
p 2 40 841 39 28403 2330
p 2 59 817 44 41063 2510
p 2 60 779 81 28600 2314
p 2 73 801 46 37024 2504
p 2 71 757 92 28657 2341
p 2 68 775 77 38497 2520
p 2 61 762 97 29072 2299
i 2 920 0 0 48041 4841
p 2 535 385 0 59499 4661
p 2 474 446 0 60296 4555
p 2 374 546 0 57064 4108
p 2 383 537 0 51687 3927
p 2 297 623 0 50136 3650
p 2 315 605 0 48811 3753
p 2 287 633 0 48334 3802
p 2 309 611 0 49871 3818
p 2 231 689 0 59206 3628
p 2 118 800 2 52850 3068
p 2 106 813 1 49738 2906
p 2 111 807 2 56755 3043
p 2 117 803 0 50599 3005
p 2 104 815 1 58002 3081
p 2 101 818 1 49267 2963
p 2 79 840 1 52310 2931
p 2 85 834 1 47167 2872
p 2 84 836 0 46698 2892
p 2 57 861 2 38228 2640
p 2 58 862 0 44759 2756
p 2 48 871 1 35662 2543
p 2 46 874 0 44015 2663
p 2 56 862 2 39131 2619
p 2 71 848 1 45679 2808
p 2 62 858 0 41112 2722
i 2 920 0 0 66145 5265
p 2 67 847 6 41792 2428
p 2 77 839 4 43149 2518
p 2 68 851 1 43323 2538
p 2 67 853 0 43742 2575
p 2 55 863 2 42287 2473
p 2 44 875 1 41492 2464
p 2 174 745 1 64197 3471
p 2 94 824 2 47306 2764
p 2 274 646 0 70450 3977
p 2 61 858 1 43587 2588
p 2 142 778 0 51357 3100
p 2 190 730 0 63558 3548
p 2 110 809 1 54248 2983
p 2 71 849 0 50220 2850
p 2 65 855 0 48731 2782
p 2 59 861 0 44251 2633
p 2 189 730 1 62919 3429
p 2 150 770 0 64244 3268
p 2 95 825 0 63102 3056
p 2 62 857 1 46480 2589
p 2 91 829 0 54203 2925
p 2 50 868 2 51173 2674
p 2 56 864 0 51658 2756
p 2 58 862 0 43817 2616
p 2 41 875 4 43273 2558
i 2 920 0 0 34607 4015
p 2 69 773 78 14556 2018
p 2 157 762 1 24820 2921
p 2 361 525 34 13056 3116
p 2 374 546 0 33574 3856
p 2 320 555 45 27366 3435
p 2 668 252 0 40568 4383
p 2 652 268 0 44506 4192
p 2 161 420 339 17053 1823
p 2 546 363 11 58365 4251
p 2 251 498 171 24221 2573
p 2 353 557 10 57958 3946
p 2 148 634 138 28989 2595
p 2 308 605 7 60192 3910
p 2 115 669 136 28454 2531
p 2 80 647 193 26775 2427
p 2 391 529 0 57743 3981
p 2 63 705 152 32373 2315
p 2 389 531 0 68843 4115
p 2 126 788 6 54414 3059
p 2 246 674 0 73988 3775
p 2 122 794 4 55854 2937
p 2 177 743 0 74195 3417
p 2 144 776 0 65274 3210
p 2 128 789 3 61291 3088
p 2 136 780 4 58113 3089
p 2 153 752 15 45136 3009
p 2 229 634 57 44296 2982
i 2 920 0 0 75001 4706
p 2 196 547 177 36550 2530
p 2 518 401 1 67443 4351
p 2 141 678 101 34647 2611
p 2 370 543 7 60877 3937
p 2 154 665 101 31995 2630
p 2 462 456 2 70637 4336
p 2 182 659 79 33602 2714
p 2 285 635 0 68610 3818
p 2 192 699 29 39466 3005
p 2 255 664 1 63927 3753
p 2 145 757 18 34981 2893
p 2 483 436 1 62496 4546
p 2 55 829 36 30759 2511
p 2 252 665 3 53586 3704
p 2 115 794 11 32017 2927
p 2 194 722 4 39668 3513
p 2 99 794 27 25474 2843
p 2 153 742 25 27656 3054
p 2 226 690 4 39510 3561
p 2 162 752 6 31108 3240
p 2 83 832 5 28237 2841
p 2 40 868 12 26025 2655
p 2 57 816 47 18786 2414
p 2 127 736 57 23858 2774
p 2 46 799 75 19874 2293
i 2 920 0 0 58129 4689
p 2 80 783 57 27925 2426
p 2 287 633 0 45980 3763
p 2 81 823 16 26656 2530
p 2 69 828 23 30206 2572
p 2 191 723 6 35623 3278
p 2 64 831 25 28114 2631
p 2 120 763 37 25889 2859
p 2 196 723 1 44669 3461
p 2 238 679 3 49233 3441
p 2 42 794 84 19627 2338
i 2 920 0 0 52224 4121
p 2 40 638 242 10160 1762
p 2 572 348 0 46221 4148
p 2 41 715 164 13115 1821
p 2 461 459 0 51675 3975
p 2 410 510 0 57193 3886
p 2 40 679 201 13639 1705
p 2 30 563 327 11184 1467
p 2 491 429 0 71923 4301
p 2 494 426 0 72274 4173
p 2 59 657 204 16008 1828
p 2 55 559 306 13931 1677
p 2 283 636 1 64842 3686
p 2 59 719 142 18585 2124
p 2 150 770 0 64141 3278
p 2 110 810 0 56688 3098
p 2 56 858 6 47640 2796
p 2 72 848 0 48339 2804
p 2 44 807 69 20338 2218
p 2 74 670 176 19367 2162
p 2 320 599 1 64879 3846
p 2 45 708 167 16237 1941
p 2 326 592 2 72125 3901
p 2 33 673 214 13580 1722
p 2 42 608 270 13915 1648
i 2 920 0 0 59957 4448
p 2 278 642 0 56527 3680
p 2 47 699 174 12835 1784
p 2 47 546 327 11325 1574
p 2 385 535 0 62874 4042
p 2 24 714 182 10589 1755
p 2 18 605 297 9077 1496
p 2 112 807 1 56387 3041
p 2 45 768 107 13540 1939
p 2 223 697 0 58938 3542
p 2 73 843 4 48950 2817
p 2 68 842 10 49196 2720
p 2 48 768 104 15964 2052
p 2 269 650 1 61745 3667
p 2 272 646 2 65387 3687
p 2 37 685 198 14354 1728
p 2 39 538 343 13576 1527
i 2 920 0 0 60174 4369
p 2 12 457 451 6933 940
i 2 920 0 0 64607 4469
p 2 18 378 524 7723 778
p 2 619 290 11 74143 4359
p 2 369 544 7 79566 3865
p 2 29 724 167 28093 1780
p 2 432 488 0 95069 4239
p 2 47 754 119 44505 2218
p 2 257 663 0 94195 3669
p 2 21 834 65 44736 2185
p 2 121 767 32 62970 2781
p 2 11 856 53 43595 2047
p 2 47 853 20 55917 2455
p 2 25 854 41 54832 2304
p 2 31 839 50 55572 2298
p 2 16 847 57 40437 1973
i 2 920 0 0 58376 4651
p 2 2 498 420 6128 890
p 2 526 392 2 45893 4295
p 2 92 795 33 31989 2700
p 2 70 825 25 34793 2604
p 2 473 435 12 44082 3922
p 2 70 655 195 30642 2015
p 2 258 650 12 44955 3591
p 2 61 802 57 34047 2448
p 2 140 765 15 36792 3084
p 2 60 810 50 31583 2583
p 2 453 459 8 37868 3623
p 2 37 784 99 17373 2146
i 2 920 0 0 30508 3580
p 2 298 613 9 22610 3002
p 2 6 764 150 5018 1308
i 2 920 0 0 34464 3717
i 2 920 0 0 51375 4446
p 2 508 411 1 70751 4371
p 2 27 657 236 20601 1572
p 2 156 749 15 56634 3069
p 2 8 731 181 15846 1407
p 2 162 748 10 58752 3087
p 2 1 742 177 12072 1304
p 2 2 644 274 11476 1137
p 2 2 600 318 11603 1035
i 2 920 0 0 88478 4526
p 2 25 886 9 29628 2023
p 2 142 778 0 59591 2875
p 2 123 788 9 45522 2702
p 2 131 787 2 69975 2918
p 2 83 814 23 41876 2411
p 2 164 754 2 79493 3058
p 2 42 845 33 32901 2179
p 2 177 742 1 82339 3188
p 2 33 823 64 23637 1960
p 2 298 622 0 92605 3591
p 2 19 837 64 17126 1844
p 2 416 503 1 83140 3891
p 2 14 793 113 11469 1735
p 2 483 437 0 79646 3962
p 2 50 730 140 10366 1754
p 2 290 629 1 71112 3440
p 2 17 674 229 4885 1230
p 2 231 678 11 76419 3236
p 2 29 644 247 7620 1319
p 2 377 541 2 79154 3807
p 2 26 576 318 11597 1188
p 2 367 545 8 82554 3692
p 2 30 587 303 11931 1205
p 2 315 596 9 102701 3634
p 2 8 597 315 7890 1008
p 2 312 601 7 115940 3720
p 2 46 612 262 11086 1235
p 2 170 742 8 107258 3169
p 2 24 722 174 13268 1348
p 2 140 773 7 113464 3060
p 2 22 744 154 13250 1355
p 2 153 763 4 111246 3090
p 2 29 725 166 13336 1337
p 2 90 827 3 105138 2701
p 2 21 787 112 14491 1397
p 2 74 841 5 110453 2583
p 2 12 739 169 11086 1231
p 2 188 730 2 122934 3335
p 2 18 721 181 14759 1243
p 2 152 767 1 125677 3167
p 2 31 722 167 19156 1319
p 2 162 758 0 123314 3257
p 2 25 749 146 16669 1376
p 2 77 837 6 111065 2717
p 2 25 786 109 16999 1422
p 2 76 841 3 106586 2718
p 2 34 793 93 16886 1490
p 2 387 532 1 132956 4139
p 2 22 612 286 18266 1189
p 2 395 525 0 142868 4191
p 2 29 655 236 19402 1321
p 2 467 453 0 140957 4394
p 2 43 607 270 20894 1459
p 2 436 484 0 142472 4316
p 2 46 634 240 22468 1479
p 2 427 493 0 144292 4301
p 2 47 605 268 23144 1423
p 2 481 439 0 135136 4455
p 2 124 612 184 27074 1928
p 2 446 474 0 136387 4402
p 2 115 582 223 28586 1842
p 2 473 447 0 132036 4433
p 2 73 560 287 28090 1490
p 2 463 456 1 127785 4401
p 2 114 600 206 29568 1852
p 2 427 493 0 121015 4217
p 2 112 608 200 28990 1906
i 2 920 0 0 118993 5650
p 2 121 421 378 30365 1735
p 2 532 388 0 130490 4701
p 2 94 564 262 28641 1716
p 2 464 456 0 130692 4394
p 2 101 592 227 32220 1888
p 2 516 404 0 122673 4579
p 2 168 614 138 41796 2379
p 2 472 448 0 127252 4509
p 2 146 597 177 38424 2139
p 2 483 437 0 141363 4477
p 2 96 591 233 27665 1676
p 2 441 479 0 133466 4281
p 2 71 586 263 20243 1587
p 2 453 467 0 113353 4332
p 2 108 589 223 30130 1904
p 2 509 411 0 105631 4329
p 2 175 634 111 43743 2463
p 2 378 542 0 113919 4122
p 2 148 623 149 39228 2304
p 2 405 515 0 106964 4197
p 2 218 619 83 66291 2904
p 2 372 548 0 111322 4135
p 2 263 586 71 66293 3078
p 2 579 341 0 97769 4770
p 2 337 503 80 55901 3355
p 2 505 415 0 95242 4719
p 2 312 559 49 60422 3475
i 2 920 0 0 79528 5426
p 2 202 461 257 43114 2561
p 2 416 504 0 91677 4426
p 2 213 555 152 46905 2727
p 2 454 466 0 86722 4500
p 2 213 589 118 54905 3047
p 2 406 514 0 84799 4345
p 2 225 586 109 42348 3041
p 2 376 544 0 77167 4262
p 2 237 598 85 47141 3209
p 2 529 391 0 49829 4048
p 2 640 278 2 23624 3965
p 2 181 739 0 25941 3359
p 2 241 679 0 14874 3320
p 2 357 563 0 119145 4195
i 2 920 0 0 42910 4244
i 2 920 0 0 45916 4300
p 2 531 389 0 142488 4961
p 2 547 373 0 83048 3899
p 2 462 458 0 145658 4647
p 2 165 755 0 147593 3215
p 2 149 771 0 151174 3299
p 2 108 812 0 147473 3072
p 2 153 767 0 149023 3366
p 2 120 800 0 147599 3103
p 2 148 772 0 149958 3321
p 2 121 799 0 149091 3181
p 2 173 747 0 146925 3482
p 2 138 782 0 153042 3228
p 2 176 744 0 150404 3530
p 2 148 772 0 146832 3316
p 2 164 756 0 145657 3486
p 2 155 764 1 145158 3409
p 2 168 752 0 141977 3530
p 2 201 719 0 139946 3597
p 2 211 709 0 142219 3695
p 2 198 722 0 142137 3584
p 2 222 698 0 140796 3792
p 2 210 710 0 135804 3641
p 2 248 672 0 136983 3922
p 2 232 688 0 137040 3828
i 2 920 0 0 71509 4924
p 2 0 879 41 9336 1438
p 2 0 889 31 11994 1471
p 2 0 885 35 23878 1677
p 2 0 901 19 15153 1528
p 2 1 901 18 16800 1554
p 2 0 909 11 24281 1679
p 2 1 887 32 17369 1548
p 2 1 905 14 18107 1570
p 2 1 914 5 26010 1752
p 2 0 910 10 17685 1566
p 2 1 891 28 18186 1558
p 2 1 907 12 25301 1674
p 2 0 911 9 18021 1572
p 2 0 909 11 18494 1566
p 2 2 896 22 26827 1716
p 2 1 910 9 18688 1582
p 2 2 913 5 19375 1582
p 2 1 910 9 27314 1718
p 2 0 899 21 19216 1572
p 2 1 910 9 19638 1566
p 2 3 913 4 31192 1836
p 2 0 914 6 19433 1572
p 2 1 910 9 20147 1587
p 2 6 902 12 30961 1810
p 2 0 919 1 20445 1623
p 2 0 912 8 20679 1598
p 2 1 908 11 31813 1826
p 2 0 912 8 20537 1613
p 2 0 906 14 21426 1612
p 2 1 914 5 31464 1802
p 2 3 904 13 21212 1624
p 2 0 910 10 22146 1619
p 2 1 915 4 30694 1796
p 2 0 916 4 22125 1611
p 2 0 904 16 22435 1590
p 2 0 914 6 31987 1799
p 2 0 916 4 22263 1606
p 2 0 913 7 22876 1594
p 2 3 911 6 32888 1833
p 2 0 916 4 23151 1625
p 2 0 920 0 24014 1611
p 2 3 914 3 34986 1872
p 2 2 913 5 23673 1656
p 2 0 914 6 24516 1672
p 2 6 910 4 33984 1908
p 2 1 917 2 24411 1686
p 2 2 911 7 25230 1716
p 2 6 911 3 35953 1957
p 2 3 913 4 25737 1725
p 2 4 913 3 26173 1741
p 2 1 917 2 35177 1926
p 2 1 917 2 25413 1754
p 2 1 914 5 26075 1729
p 2 6 912 2 36599 1938
p 2 1 917 2 25397 1711
p 2 0 918 2 26017 1738
p 2 8 906 6 34826 1966
p 2 4 912 4 25637 1784
p 2 3 912 5 26041 1749
p 2 8 910 2 39158 2071
p 2 1 916 3 24584 1703
p 2 1 916 3 25246 1687
p 2 8 909 3 38917 2074
p 2 2 916 2 25144 1686
p 2 0 918 2 25932 1700
p 2 5 912 3 39768 2049
p 2 0 919 1 25676 1688
p 2 0 919 1 26055 1661
p 2 1 918 1 37225 1950
p 2 0 918 2 25966 1653
p 2 0 919 1 26451 1665
p 2 2 917 1 37941 1959
p 2 0 918 2 27114 1691
p 2 0 915 5 26646 1679
p 2 1 915 4 37728 1926
p 2 0 918 2 28514 1684
p 2 0 918 2 29572 1692
p 2 6 914 0 42927 2032
p 2 0 919 1 30721 1721
p 2 0 920 0 30299 1695
p 2 5 914 1 43076 2059
p 2 0 920 0 27787 1719
p 2 1 919 0 26316 1685
p 2 4 915 1 36670 2023
p 2 1 917 2 21763 1679
p 2 1 917 2 22273 1683
p 2 3 913 4 37128 2003
p 2 0 917 3 20886 1691
p 2 0 917 3 22002 1673
p 2 4 913 3 36158 1984
p 2 0 916 4 20417 1668
p 2 2 915 3 21000 1676
p 2 2 917 1 38525 2056
p 2 2 918 0 19495 1692
p 2 1 915 4 20378 1676
p 2 5 915 0 35365 2005
p 2 1 917 2 19614 1680
p 2 2 913 5 18972 1645
p 2 11 908 1 41474 2234
p 2 1 917 2 18455 1665
p 2 1 917 2 18301 1639
p 2 13 906 1 40593 2293
p 2 0 916 4 18278 1678
p 2 3 915 2 18585 1684
p 2 6 912 2 41434 2239
p 2 1 917 2 18779 1695
p 2 0 917 3 19638 1679
p 2 3 916 1 37493 2100
p 2 0 915 5 20347 1667
p 2 1 912 7 21515 1674
p 2 2 915 3 36847 2078
p 2 0 914 6 21276 1719
p 2 1 919 0 22604 1738
p 2 2 917 1 37051 2064
p 2 0 910 10 23032 1766
p 2 2 916 2 23635 1777
p 2 5 911 4 40264 2189
p 2 8 908 4 26222 1857
p 2 1 912 7 24584 1758
p 2 10 906 4 39917 2212
p 2 4 907 9 23693 1777
p 2 5 905 10 24145 1744
p 2 5 909 6 37460 2053
p 2 3 910 7 22602 1724
p 2 2 912 6 23999 1716
p 2 5 913 2 37973 2069
p 2 0 915 5 23090 1706
p 2 0 915 5 24049 1704
p 2 10 902 8 44854 2175
p 2 0 916 4 25184 1730
p 2 1 910 9 26455 1705
p 2 4 911 5 42950 2130
p 2 4 908 8 25782 1721
p 2 3 913 4 26276 1747
p 2 5 909 6 38214 2071
p 2 4 912 4 24574 1761
p 2 5 910 5 24913 1750
p 2 29 889 2 45465 2361
p 2 1 917 2 23985 1738
p 2 1 918 1 23537 1707
p 2 13 903 4 44964 2280
p 2 0 918 2 21921 1683
p 2 4 909 7 22232 1689
p 2 20 897 3 45029 2318
p 2 1 912 7 21247 1692
p 2 2 912 6 21822 1684
p 2 5 912 3 38735 2103
p 2 1 914 5 21093 1709
p 2 1 910 9 22387 1717
p 2 4 909 7 37714 2118
p 2 5 907 8 23505 1788
p 2 5 913 2 24809 1797
p 2 13 903 4 37363 2128
p 2 12 902 6 23603 1806
p 2 2 908 10 24413 1746
p 2 10 904 6 40381 2181
p 2 5 904 11 24152 1799
p 2 11 905 4 25812 1833
p 2 25 892 3 39438 2250
p 2 36 876 8 28048 2006
p 2 63 845 12 30248 2111
p 2 122 793 5 39451 2592
p 2 146 758 16 33009 2474
p 2 206 706 8 37121 2779
i 2 920 0 0 52140 4624
p 2 58 832 30 13644 2000
p 2 8 894 18 12423 1791
p 2 0 869 51 11074 1583
p 2 0 894 26 12111 1597
p 2 1 876 43 11513 1578
p 2 2 860 58 12072 1577
p 2 1 863 56 11926 1573
p 2 2 868 50 12596 1580
p 2 1 853 66 12087 1566
p 2 0 874 46 12432 1569
p 2 3 870 47 12411 1600
p 2 4 863 53 12756 1615
p 2 1 851 68 12210 1609
p 2 1 840 79 12455 1585
p 2 0 869 51 11788 1565
p 2 0 861 59 12043 1556
p 2 0 855 65 11039 1489
p 2 0 835 85 11444 1475
p 2 0 870 50 10921 1476
p 2 0 865 55 11717 1494
p 2 0 837 83 10658 1448
p 2 0 856 64 10839 1488
i 2 920 0 0 79338 5144
p 2 7 552 361 11429 1280
p 2 1 560 359 11614 1286
p 2 1 531 388 11880 1247
p 2 0 530 390 11549 1260
p 2 1 537 382 11455 1278
p 2 0 877 43 37655 1845
p 2 0 879 41 40825 1851
p 2 2 881 37 44468 1940
p 2 0 832 88 13460 1654
p 2 1 740 179 12646 1498
p 2 267 644 9 69574 3355
p 2 41 840 39 33634 2121
p 2 41 839 40 36007 2191
p 2 31 863 26 35460 2295
p 2 41 855 24 33918 2374
p 2 22 890 8 32705 2333
p 2 33 886 1 31793 2428
p 2 23 891 6 30682 2343
p 2 19 896 5 30319 2262
p 2 14 902 4 29429 2228
p 2 12 902 6 28423 2187
p 2 7 901 12 28154 2101
p 2 7 895 18 27486 2098
p 2 8 894 18 27658 2083
p 2 10 885 25 26444 2044
p 2 12 872 36 25485 2047
p 2 8 874 38 24750 2015
p 2 4 887 29 24797 2047
i 2 920 0 0 63382 4817
p 2 7 681 232 15970 1609
p 2 0 686 234 11732 1458
p 2 20 893 7 43812 2157
p 2 0 822 98 12476 1598
p 2 1 707 212 12658 1456
p 2 26 891 3 44276 2208
p 2 0 843 77 12721 1636
p 2 0 771 149 12557 1544
p 2 26 884 10 45814 2207
p 2 0 835 85 13491 1593
p 2 0 717 203 12769 1452
p 2 33 881 6 46187 2227
p 2 1 876 43 14222 1666
p 2 0 763 157 13288 1535
p 2 0 692 228 12430 1459
p 2 0 736 184 12389 1482
p 2 0 742 178 12845 1484
p 2 4 910 6 45306 2194
p 2 0 850 70 13418 1638
p 2 0 706 214 11859 1435
p 2 4 912 4 42088 2143
p 2 1 849 70 12551 1639
p 2 0 696 224 11734 1441
p 2 14 901 5 52091 2406
p 2 0 861 59 12040 1622
p 2 0 760 160 11731 1500
p 2 252 666 2 71443 3587
p 2 0 792 128 11302 1521
p 2 0 657 263 10018 1328
p 2 26 889 5 51635 2303
p 2 0 841 79 11379 1605
p 2 0 803 117 11460 1528
p 2 14 903 3 50993 2309
p 2 0 854 66 11699 1581
p 2 0 778 142 11001 1472
p 2 17 897 6 50266 2302
p 2 1 855 64 11706 1594
p 2 0 742 178 10684 1438
p 2 19 891 10 48977 2313
p 2 0 875 45 12359 1645
p 2 0 747 173 11391 1469
p 2 0 739 181 11015 1416
p 2 0 742 178 11330 1425
p 2 8 730 182 16304 1514
p 2 0 697 223 11256 1386
p 2 0 696 224 11084 1378
p 2 0 691 229 11348 1381
i 2 920 0 0 43018 4476
p 2 0 465 455 826 655
p 2 0 421 499 6296 620
p 2 0 236 684 595 425
p 2 0 215 705 464 392
p 2 0 89 831 327 283
p 2 0 85 835 301 273
p 2 0 31 889 235 225
p 2 0 25 895 236 221
i 2 920 0 0 46125 4658
p 2 0 512 408 922 712
p 2 0 441 479 676 605
p 2 0 263 657 518 447
p 2 0 209 711 415 383
p 2 0 94 826 304 284
p 2 0 75 845 271 259
p 2 0 8 912 205 204
p 2 0 9 911 206 205
i 2 920 0 0 65957 4991
p 2 0 281 639 661 491
p 2 0 196 724 449 386
p 2 0 85 835 302 276
p 2 500 402 18 73351 4278
p 2 0 398 522 1443 636
p 2 236 623 61 83348 3447
p 2 0 549 371 2238 810
p 2 300 561 59 96420 3740
p 2 0 482 438 2221 738
p 2 0 210 710 729 404
i 2 920 0 0 93918 5374
p 2 0 161 759 439 354
p 2 0 84 836 310 278
p 2 497 423 0 109578 4677
p 2 0 503 417 2017 741
p 2 332 565 23 98203 3912
p 2 0 537 383 2307 797
p 2 26 534 360 36855 1368
p 2 0 423 497 1652 653
p 2 0 306 614 987 492
p 2 8 478 434 31561 1136
p 2 0 442 478 1865 670
p 2 11 511 398 34463 1219
p 2 0 388 532 1825 620
p 2 0 160 760 643 354
p 2 0 68 852 359 259
p 2 0 47 873 286 235
i 2 920 0 0 62794 4746
p 2 16 415 489 7728 954
p 2 199 703 18 66286 3302
p 2 105 808 7 61663 2976
p 2 20 695 205 10241 1437
p 2 18 481 421 10161 1167
p 2 447 467 6 71372 4138
p 2 111 803 6 61501 2927
p 2 85 748 87 25146 2118
p 2 71 839 10 53287 2608
p 2 69 758 93 20984 2015
p 2 70 841 9 52034 2550
p 2 38 781 101 15472 1765
i 2 920 0 0 6207 2718
p 2 740 180 0 13379 3412
p 2 371 549 0 24649 3410
p 2 291 629 0 31875 3123
p 2 244 676 0 36149 2944
p 2 212 708 0 41399 2807
p 2 196 724 0 45389 2734
p 2 180 740 0 50293 2700
p 2 172 748 0 56172 2696
p 2 160 760 0 61520 2645
p 2 139 781 0 66198 2557
p 2 124 796 0 71281 2561
p 2 112 808 0 76105 2509
p 2 103 817 0 79747 2496
p 2 4 916 0 63433 1866
p 2 3 916 1 65020 1828
p 2 2 918 0 64386 1833
p 2 2 918 0 65618 1831
p 2 2 918 0 65721 1803
p 2 0 920 0 67311 1821
p 2 3 917 0 67096 1815
p 2 3 917 0 68273 1835
p 2 2 918 0 67625 1816
p 2 2 918 0 68560 1819
p 2 3 917 0 68633 1825
p 2 2 918 0 69560 1815
p 2 1 919 0 68722 1816
p 2 2 917 1 69614 1809
p 2 0 920 0 69323 1819
p 2 4 916 0 70879 1849
p 2 0 920 0 70897 1813
p 2 3 917 0 71090 1828
p 2 0 920 0 70422 1811
p 2 0 920 0 71422 1820
p 2 1 918 1 71070 1819
p 2 0 920 0 72302 1825
p 2 0 919 1 72081 1810
p 2 1 919 0 72225 1818
p 2 0 919 1 71942 1806
p 2 1 918 1 72257 1808
p 2 2 917 1 71995 1819
p 2 0 920 0 71880 1831
p 2 0 920 0 71564 1800
p 2 1 919 0 72001 1813
p 2 0 920 0 71432 1811
p 2 1 919 0 72213 1804
p 2 1 919 0 72347 1795
p 2 3 916 1 72455 1820
p 2 2 918 0 72371 1812
p 2 1 919 0 73975 1820
p 2 1 919 0 72755 1800
p 2 3 917 0 73180 1815
p 2 0 920 0 72772 1787
p 2 1 919 0 73179 1787
p 2 3 917 0 72068 1785
p 2 0 920 0 72741 1781
p 2 0 920 0 72439 1786
p 2 1 919 0 73222 1793
p 2 0 920 0 73100 1795
p 2 2 918 0 73426 1813
p 2 2 918 0 72993 1790
p 2 1 919 0 73313 1788
p 2 0 920 0 73018 1769
p 2 1 919 0 73062 1774
p 2 1 919 0 73186 1781
p 2 0 920 0 73719 1783
p 2 0 920 0 73163 1776
p 2 0 920 0 73453 1784
p 2 1 919 0 73342 1795
p 2 0 920 0 73551 1782
p 2 0 920 0 73483 1788
p 2 0 920 0 73531 1795
p 2 0 920 0 73099 1773
p 2 1 919 0 74272 1802
p 2 2 917 1 73002 1781
p 2 0 920 0 72917 1784
p 2 0 920 0 72092 1776
p 2 0 920 0 72291 1784
p 2 0 920 0 71767 1767
p 2 0 920 0 72603 1765
p 2 1 919 0 72364 1769
p 2 0 920 0 73024 1782
p 2 1 919 0 72428 1776
p 2 0 919 1 72913 1791
p 2 1 919 0 71646 1768
p 2 0 920 0 72194 1756
p 2 0 920 0 71675 1754
p 2 1 919 0 71834 1765
p 2 0 920 0 71364 1769
p 2 1 918 1 71375 1773
p 2 1 919 0 70386 1760
p 2 1 919 0 70584 1753
p 2 1 919 0 69965 1743
p 2 1 919 0 70122 1748
p 2 1 919 0 69491 1732
p 2 2 918 0 69717 1754
p 2 0 920 0 69431 1750
p 2 0 920 0 70963 1748
p 2 1 919 0 69140 1747
p 2 1 919 0 69849 1750
p 2 2 918 0 68940 1761
p 2 3 917 0 69409 1759
p 2 0 920 0 68937 1748
p 2 0 920 0 69304 1750
p 2 0 920 0 69133 1742
p 2 0 920 0 69616 1737
p 2 0 920 0 69041 1723
p 2 0 920 0 69621 1741
p 2 0 920 0 69358 1728
p 2 1 919 0 69612 1758
p 2 1 919 0 68877 1744
p 2 0 920 0 68882 1736
p 2 0 919 1 67652 1726
p 2 2 917 1 67683 1730
p 2 2 918 0 66513 1723
p 2 0 920 0 66432 1740
p 2 0 920 0 65882 1725
p 2 0 919 1 65911 1727
p 2 1 918 1 65381 1730
p 2 0 920 0 65997 1722
p 2 0 919 1 65911 1723
p 2 0 920 0 67076 1736
p 2 1 918 1 65320 1732
p 2 1 918 1 65371 1718
p 2 0 919 1 64540 1722
p 2 1 919 0 65045 1722
p 2 0 920 0 64070 1701
p 2 0 920 0 64625 1716
p 2 0 920 0 64255 1701
p 2 0 918 2 64943 1710
p 2 0 920 0 64390 1711
p 2 0 920 0 65042 1722
p 2 1 918 1 64599 1725
p 2 0 920 0 65036 1717
p 2 0 919 1 64224 1704
p 2 0 919 1 64451 1717
p 2 0 920 0 63184 1699
p 2 0 920 0 64015 1715
p 2 0 920 0 62624 1694
p 2 0 920 0 63415 1712
p 2 0 920 0 62196 1695
p 2 0 920 0 62625 1704
p 2 0 919 1 61977 1695
p 2 0 920 0 63193 1696
p 2 0 920 0 61861 1693
p 2 212 707 1 52875 2223
i 2 920 0 0 58451 4218
p 2 40 744 136 22179 1547
p 2 0 676 244 9236 919
p 2 4 702 214 17629 1138
p 2 0 558 362 8947 840
p 2 138 669 113 25040 1843
p 2 108 673 139 25917 1938
p 2 0 611 309 6299 916
p 2 273 524 123 45344 2831
p 2 404 466 50 74073 3634
p 2 280 576 64 65417 3090
p 2 277 607 36 63433 3154
p 2 284 596 40 40099 2605
p 2 0 677 243 4617 966
p 2 117 729 74 24456 2010
p 2 81 692 147 13285 1755
p 2 64 713 143 4970 1434
p 2 311 516 93 55406 3082
p 2 245 489 186 66631 2737
p 2 47 572 301 20211 1379
p 2 36 466 418 19353 1146
p 2 39 630 251 18006 1292
p 2 0 518 402 2255 755
p 2 34 247 639 9516 737
p 2 0 354 566 1340 552
p 2 14 435 471 8293 813
p 2 13 224 683 5346 552
p 2 3 219 698 3850 484
p 2 2 215 703 3960 488
p 2 12 126 782 5589 471
p 2 3 158 759 5693 464
p 2 2 208 710 6940 532
p 2 32 248 640 10046 794
p 2 8 206 706 9803 647
p 2 7 304 609 11009 755
p 2 27 348 545 15160 972
p 2 15 359 546 14907 946
p 2 16 342 562 15755 919
p 2 2 356 562 13803 834
p 2 6 377 537 14642 883
p 2 92 406 422 20339 1450
p 2 109 483 328 22774 1710
p 2 11 519 390 17233 1225
p 2 6 521 393 16563 1147
p 2 4 527 389 15681 1132
p 2 7 550 363 15456 1138
p 2 14 533 373 15520 1121
p 2 0 420 500 12754 875
p 2 9 499 412 15036 1033
p 2 26 557 337 18969 1293
p 2 5 513 402 17051 1105
p 2 5 486 429 16228 1128
p 2 0 493 427 12928 957
p 2 2 527 391 16121 1074
p 2 185 487 248 17863 1791
p 2 204 458 258 22237 1940
p 2 196 478 246 18651 1827
p 2 164 508 248 15805 1720
p 2 35 599 286 10203 1468
i 2 920 0 0 72269 5194
p 2 218 522 180 57231 2958
p 2 61 665 194 47951 2079
p 2 3 618 299 27065 1272
p 2 0 760 160 19549 1289
p 2 1 735 184 8853 1128
p 2 0 492 428 3220 721
p 2 20 424 476 7847 798
p 2 23 459 438 10077 875
p 2 27 189 704 9947 635
p 2 49 336 535 14089 922
p 2 51 374 495 13941 988
p 2 37 348 535 13407 909
p 2 38 160 722 12938 698
p 2 26 290 604 13035 749
p 2 24 314 582 11986 755
p 2 30 284 606 11403 765
p 2 32 136 752 11055 616
p 2 42 243 635 12020 771
p 2 23 301 596 12346 769
p 2 26 412 482 14483 891
p 2 25 261 634 13662 730
p 2 28 329 563 12196 805
p 2 31 368 521 11837 845
p 2 11 271 638 10838 646
p 2 7 303 610 9693 642
p 2 4 200 716 8818 534
p 2 14 209 697 7774 586
p 2 13 169 738 7088 524
p 2 6 103 811 6562 412
p 2 13 96 811 6315 432
p 2 10 116 794 5613 423
p 2 7 112 801 4782 405
p 2 3 140 777 4705 413
p 2 1 205 714 4507 453
p 2 3 470 447 13766 908
p 2 1 524 395 7440 854
p 2 1 533 386 9191 888
p 2 1 591 328 8348 936
p 2 0 434 486 8926 759
p 2 0 551 369 8366 881
p 2 0 582 338 9304 931
p 2 0 560 360 8056 887
p 2 0 552 368 7833 890
p 2 0 409 511 2435 677
p 2 0 717 203 5241 1040
p 2 0 498 422 2337 724
p 2 0 863 57 7192 1328
p 2 0 598 322 2943 865
p 2 0 417 503 1802 643
p 2 0 290 630 1453 517
p 2 0 594 326 2838 864
p 2 0 458 462 2130 700
p 2 0 494 426 2430 752
p 2 0 409 511 2032 650
p 2 0 193 727 1074 406
p 2 0 317 603 1648 551
p 2 0 372 548 1918 618
p 2 0 230 690 882 422
p 2 0 153 767 583 340
p 2 0 86 834 396 274
p 2 0 79 841 378 270
p 2 0 54 866 321 248
p 2 0 59 861 339 250
p 2 0 66 854 362 254
p 2 0 23 897 250 216
p 2 0 37 883 284 227
p 2 0 31 889 275 225
p 2 0 418 502 1442 610
p 2 0 425 495 1582 633
p 2 0 179 741 648 360
p 2 0 144 776 577 334
p 2 0 91 829 434 279
p 2 0 98 822 446 285
p 2 0 47 873 295 233
p 2 0 14 906 233 209
p 2 0 29 891 264 222
p 2 0 24 896 249 215
p 2 0 25 895 251 216
p 2 0 17 903 241 212
p 2 0 25 895 254 218
p 2 0 10 910 218 204
p 2 0 9 911 215 203
p 2 0 8 912 216 204
p 2 0 48 872 304 237
p 2 0 36 884 282 227
p 2 0 37 883 279 226
p 2 0 31 889 265 222
p 2 0 14 906 226 208
p 2 0 7 913 210 202
p 2 0 5 915 206 201
p 2 0 4 916 205 201
p 2 0 6 914 211 203
p 2 0 8 912 213 202
p 2 0 4 916 208 201
p 2 0 1 919 199 198
p 2 0 4 916 205 200
p 2 0 3 917 202 199
p 2 0 1 919 199 198
p 2 0 5 915 205 200
p 2 0 0 920 197 197
i 2 920 0 0 84978 4734
p 2 0 226 694 629 436
p 2 0 177 743 489 376
p 2 0 78 842 298 271
p 2 0 96 824 321 283
p 2 0 37 883 232 227
p 2 0 49 871 263 239
p 2 0 22 898 226 217
p 2 0 26 894 225 220
p 2 0 23 897 258 219
p 2 0 39 881 246 230
p 2 0 7 913 209 204
p 2 0 152 768 2830 401
p 2 0 199 721 4398 441
p 2 0 156 764 4882 406
p 2 0 185 735 5236 432
p 2 0 198 722 5467 442
p 2 0 185 735 5493 434
p 2 0 148 772 5463 401
p 2 0 185 735 5640 432
p 2 0 216 704 5822 458
p 2 0 273 647 6475 518
p 2 0 188 732 5326 438
p 2 0 145 775 5104 394
p 2 0 282 638 6672 521
p 2 0 289 631 1425 507
p 2 0 174 746 781 370
p 2 0 74 846 404 266
p 2 0 117 803 508 303
p 2 0 87 833 467 278
p 2 0 66 854 368 253
p 2 0 19 901 248 213
p 2 0 40 880 296 234
p 2 0 35 885 293 229
p 2 0 44 876 324 237
p 2 0 16 904 232 211
p 2 0 28 892 267 221
p 2 0 23 897 251 217
p 2 0 29 891 266 221
p 2 0 9 911 219 205
p 2 0 25 895 258 219
p 2 0 21 899 257 218
p 2 0 19 901 242 213
p 2 0 11 909 222 205
p 2 0 7 913 216 203
p 2 0 8 912 217 202
p 2 0 15 905 243 211
p 2 0 20 900 260 215
p 2 0 62 858 384 255
p 2 0 54 866 340 250
p 2 0 34 886 271 225
p 2 0 33 887 286 228
p 2 0 35 885 284 227
p 2 0 40 880 310 231
p 2 0 13 907 228 209
p 2 0 4 916 207 202
p 2 0 13 907 224 209
p 2 0 4 916 206 201
p 2 0 8 912 212 202
p 2 0 6 914 205 202
p 2 0 2 918 205 199
p 2 0 6 914 207 201
p 2 0 16 904 230 208
p 2 0 6 914 213 202
p 2 0 12 908 223 206
p 2 0 8 912 218 203
p 2 0 7 913 214 203
p 2 0 6 914 211 202
p 2 0 6 914 217 204
p 2 0 3 917 203 199
p 2 0 6 914 206 202
p 2 0 1 919 200 198
p 2 0 60 860 355 254
p 2 0 43 877 309 237
p 2 0 30 890 273 225
p 2 0 35 885 277 227
p 2 0 34 886 293 227
p 2 0 36 884 303 231
p 2 0 10 910 215 204
p 2 0 2 918 201 199
p 2 0 5 915 210 201
p 2 0 6 914 210 201
p 2 0 7 913 211 202
p 2 0 5 915 206 201
p 2 0 5 915 206 201
p 2 0 6 914 209 203
p 2 0 6 914 208 201
p 2 0 14 906 227 208
p 2 0 4 916 203 201
p 2 0 2 918 199 199
p 2 0 2 918 200 199
p 2 0 2 918 201 198
p 2 0 6 914 215 202
p 2 0 2 918 200 198
p 2 0 2 918 202 199
p 2 0 3 917 206 199
p 2 0 7 913 211 204
p 2 0 8 912 212 203
p 2 0 4 916 206 200
p 2 0 15 905 228 209
p 2 0 5 915 207 202
p 2 0 4 916 205 201
p 2 0 5 915 205 201
p 2 0 1 919 199 198
p 2 0 1 919 200 198
p 2 0 1 919 198 198
p 2 0 1 919 199 198
p 2 0 0 920 197 197
p 2 0 0 920 197 197
p 2 0 2 918 202 199
p 2 0 0 920 197 197
p 2 0 0 920 197 197
p 2 0 2 918 200 198
p 2 0 1 919 198 198
p 2 0 0 920 197 197
p 2 0 1 919 199 198
p 2 0 5 915 205 200
p 2 0 1 919 199 198
p 2 0 0 920 197 197
p 2 0 0 920 197 197
i 2 920 0 0 33864 4321
p 2 308 612 0 39335 3832
p 2 239 681 0 40013 3643
p 2 201 719 0 41536 3544
p 2 147 773 0 38122 3208
p 2 137 783 0 33470 2974
p 2 160 760 0 32773 3090
p 2 33 883 4 21342 2411
p 2 27 887 6 20463 2337
p 2 30 889 1 26742 2359
p 2 23 893 4 19794 2212
p 2 12 905 3 20030 2173
p 2 32 887 1 28537 2442
p 2 16 899 5 20333 2208
p 2 21 893 6 21478 2269
p 2 39 879 2 27307 2406
p 2 28 889 3 20639 2276
p 2 29 885 6 20491 2270
p 2 24 896 0 26326 2325
p 2 17 901 2 20220 2244
p 2 11 904 5 19878 2187
p 2 38 879 3 27800 2468
p 2 20 894 6 20033 2256
p 2 20 896 4 19274 2234
p 2 24 894 2 25645 2371
p 2 18 898 4 17488 2168
p 2 15 901 4 15565 2128
p 2 15 903 2 22497 2291
p 2 25 892 3 16897 2183
p 2 23 896 1 18975 2250
p 2 47 871 2 27017 2508
p 2 13 904 3 18742 2232
p 2 22 895 3 18596 2275
p 2 20 897 3 24624 2349
p 2 15 895 10 18295 2239
i 2 920 0 0 33617 4321
p 2 147 773 0 37374 3317
p 2 95 825 0 34945 3030
p 2 86 834 0 32682 2934
p 2 74 846 0 32839 2826
p 2 54 866 0 29834 2711
p 2 60 860 0 27318 2673
p 2 49 871 0 28831 2611
p 2 60 860 0 29048 2641
p 2 43 877 0 27998 2520
p 2 34 886 0 28224 2480
p 2 31 888 1 30194 2543
p 2 590 330 0 36661 4072
p 2 59 859 2 27894 2623
p 2 58 860 2 28627 2576
p 2 48 870 2 27562 2436
p 2 42 878 0 27362 2360
p 2 40 880 0 29370 2391
p 2 63 857 0 27828 2536
p 2 49 871 0 26054 2416
p 2 50 870 0 27483 2424
p 2 55 863 2 30025 2508
p 2 60 860 0 29730 2577
p 2 57 863 0 29282 2545
p 2 47 872 1 30357 2484
p 2 32 887 1 29057 2381
p 2 39 881 0 29409 2483
p 2 55 865 0 30562 2553
p 2 48 870 2 28917 2516
p 2 47 872 1 28013 2497
p 2 35 884 1 27730 2451
p 2 34 886 0 29258 2451
p 2 28 891 1 28531 2451
p 2 34 886 0 28235 2445
p 2 44 876 0 28410 2499
p 2 30 890 0 27442 2393
p 2 35 885 0 26507 2454
p 2 54 865 1 27551 2540
p 2 41 879 0 27212 2499
p 2 30 890 0 24948 2397
p 2 19 900 1 24395 2314
p 2 20 899 1 26324 2356
p 2 24 896 0 25432 2330
p 2 21 899 0 24882 2342
p 2 14 906 0 24714 2264
p 2 16 904 0 23131 2249
p 2 10 910 0 21588 2188
i 2 920 0 0 27490 3759
p 2 266 646 8 28631 3060
p 2 137 772 11 26220 2792
p 2 58 858 4 24533 2670
p 2 46 873 1 22684 2624
p 2 27 889 4 20885 2549
p 2 370 550 0 33439 3613
p 2 99 817 4 28090 2750
p 2 46 868 6 25536 2525
p 2 46 870 4 24205 2540
p 2 25 892 3 20735 2424
p 2 16 902 2 19083 2291
p 2 6 914 0 17740 2263
p 2 6 908 6 16368 2156
p 2 5 915 0 15282 2113
p 2 6 904 10 15811 2140
p 2 16 904 0 14495 2155
p 2 5 910 5 13924 2043
p 2 400 520 0 32961 3602
p 2 47 855 18 23255 2446
p 2 19 899 2 19133 2368
p 2 14 902 4 21453 2222
p 2 21 895 4 18605 2268
p 2 28 885 7 17731 2285
p 2 14 902 4 19190 2226
p 2 19 891 10 16475 2214
p 2 13 902 5 15016 2154
p 2 11 904 5 16269 2168
p 2 11 908 1 14089 2090
p 2 12 905 3 13724 2144
p 2 5 914 1 15000 2100
p 2 7 906 7 12729 2033
p 2 6 913 1 12712 2009
p 2 7 909 4 13826 2002
p 2 5 914 1 12460 1994
p 2 11 905 4 12733 2050
p 2 5 915 0 14130 2042
p 2 4 912 4 12883 1993
p 2 11 905 4 13142 2059
p 2 8 909 3 14242 2031
p 2 3 914 3 12946 1970
p 2 8 910 2 12287 2000
p 2 3 916 1 12652 1982
p 2 10 910 0 11058 1875
p 2 3 913 4 10931 1839
p 2 4 912 4 11448 1839
p 2 1 917 2 10697 1792
i 2 920 0 0 40905 3806
p 2 0 867 53 19374 1321
p 2 0 871 49 20353 1301
p 2 46 826 48 42140 1889
p 2 0 865 55 20042 1363
p 2 0 871 49 20665 1319
p 2 22 839 59 40811 1740
p 2 1 874 45 20615 1387
p 2 0 858 62 20006 1320
p 2 34 835 51 38855 1825
p 2 1 832 87 20028 1341
p 2 0 872 48 19875 1307
p 2 40 808 72 38193 1804
p 2 0 886 34 20671 1374
p 2 0 867 53 20541 1337
p 2 49 843 28 40362 1953
p 2 0 852 68 20376 1379
p 2 0 890 30 21200 1338
p 2 54 822 44 43142 1958
p 2 0 901 19 22015 1406
p 2 0 894 26 21985 1381
p 2 25 853 42 42447 1835
p 2 1 869 50 23164 1431
p 2 0 900 20 22388 1405
p 2 37 850 33 45801 1955
p 2 1 899 20 24121 1458
p 2 0 884 36 24192 1400
p 2 62 831 27 45325 2123
p 2 0 870 50 22314 1405
p 2 0 901 19 23189 1388
p 2 25 866 29 41573 1870
p 2 1 889 30 22340 1443
p 2 0 852 68 21557 1327
p 2 54 839 27 41127 1995
p 2 0 853 67 21267 1394
p 2 0 870 50 20154 1347
p 2 62 808 50 41979 1985
p 2 0 889 31 22022 1399
p 2 0 874 46 20980 1355
p 2 26 850 44 39442 1786
p 2 0 866 54 20086 1359
p 2 0 891 29 20986 1393
p 2 31 844 45 41769 1825
p 2 2 887 31 21842 1440
p 2 0 862 58 21181 1374
p 2 35 852 33 42411 1896
p 2 1 853 66 22026 1416
p 2 0 886 34 21275 1379
p 2 48 819 53 42732 1918
p 2 0 879 41 20447 1432
p 2 0 859 61 18969 1363
p 2 62 808 50 37161 1931
p 2 0 851 69 18205 1386
p 2 0 872 48 17367 1334
p 2 17 837 66 30728 1688
p 2 0 878 42 17290 1365
p 2 0 872 48 16103 1293
p 2 28 834 58 26593 1650
p 2 0 868 52 16230 1378
p 2 0 865 55 15502 1299
p 2 28 861 31 23277 1572
p 2 0 877 43 15932 1354
p 2 0 883 37 14617 1313
p 2 8 883 29 22488 1473
p 2 0 887 33 13704 1327
p 2 0 901 19 13789 1339
p 2 15 851 54 24430 1570
p 2 0 891 29 14663 1359
p 2 0 899 21 13306 1292
p 2 15 859 46 24504 1545
p 2 0 876 44 13203 1303
p 2 0 901 19 12788 1294
p 2 19 877 24 25291 1555
p 2 0 892 28 13808 1296
p 2 0 858 62 12780 1257
p 2 26 862 32 19468 1548
p 2 0 879 41 11811 1315
p 2 0 902 18 11184 1300
p 2 8 883 29 17352 1429
p 2 0 889 31 10550 1301
p 2 0 867 53 9875 1237
p 2 12 874 34 14172 1386
p 2 0 880 40 9201 1282
p 2 0 903 17 8978 1290
p 2 8 872 40 10666 1360
p 2 1 888 31 8075 1292
p 2 0 905 15 8137 1315
p 2 1 903 16 9747 1314
p 2 0 885 35 7771 1300
p 2 0 910 10 7983 1297
i 2 920 0 0 20154 3288
p 2 0 757 163 6495 948
p 2 0 673 247 6447 841
p 2 7 529 384 11896 838
p 2 0 546 374 6740 740
p 2 0 432 488 6831 652
p 2 11 444 465 11359 773
p 2 0 347 573 6661 588
p 2 0 330 590 6486 556
p 2 10 278 632 12108 644
p 2 0 259 661 6607 512
p 2 0 230 690 6580 494
p 2 8 286 626 9087 634
p 2 0 265 655 6374 517
p 2 0 245 675 6168 494
p 2 5 249 666 9848 585
p 2 0 227 693 6477 500
p 2 0 212 708 6547 475
p 2 4 247 669 9267 585
p 2 0 262 658 6698 521
p 2 0 231 689 6401 494
p 2 7 292 621 10228 630
p 2 2 243 675 7507 551
p 2 3 238 679 7905 560
p 2 10 203 707 9135 609
p 2 4 244 672 7345 558
p 2 1 229 690 6432 510
p 2 10 230 680 9237 600
p 2 0 218 702 6517 500
p 2 0 234 686 6286 489
p 2 4 194 722 7941 524
p 2 0 225 695 6031 482
p 2 0 200 720 5968 458
p 2 5 229 686 8517 542
p 2 0 227 693 6121 484
p 2 0 240 680 6496 494
p 2 6 256 658 7749 570
p 2 0 215 705 6212 479
p 2 0 219 701 6153 477
p 2 58 212 650 17561 993
p 2 0 274 646 5713 520
p 2 0 227 693 5200 457
p 2 61 222 637 19290 973
p 2 0 243 677 6075 503
p 2 0 235 685 5541 484
p 2 35 241 644 18337 910
p 2 0 274 646 6504 550
p 2 0 223 697 5713 469
p 2 47 271 602 21655 1043
p 2 15 317 588 9356 729
p 2 15 340 565 9652 741
p 2 22 313 585 11516 794
p 2 5 276 639 8442 624
p 2 0 298 622 7109 578
p 2 2 284 634 8761 603
p 2 0 268 652 6893 533
p 2 0 229 691 6654 496
p 2 7 227 686 7959 561
p 2 0 259 661 6427 519
p 2 0 210 710 6436 470
p 2 9 198 713 8671 536
p 2 0 197 723 6792 481
p 2 0 219 701 6694 481
p 2 3 185 732 8192 514
p 2 0 206 714 6630 479
p 2 0 215 705 6388 471
p 2 1 228 691 8387 546
p 2 0 208 712 6987 485
p 2 0 196 724 6797 473
p 2 4 203 713 8294 532
p 2 0 188 732 6534 462
p 2 0 216 704 5710 465
p 2 2 205 713 7688 513
p 2 0 264 656 6218 505
p 2 0 202 718 6159 467
p 2 2 224 694 7639 517
p 2 0 192 728 6111 459
p 2 0 216 704 6100 469
p 2 1 192 727 7468 483
p 2 0 200 720 6169 455
p 2 0 185 735 6174 446
p 2 3 212 705 7682 519
p 2 0 199 721 5998 461
p 2 0 201 719 6423 467
p 2 71 181 668 17987 1059
p 2 0 293 627 5588 521
p 2 0 252 668 5397 480
p 2 17 312 591 15713 859
p 2 0 311 609 5760 549
p 2 0 263 657 5484 492
p 2 18 244 658 15730 822
p 2 0 268 652 5695 506
p 2 0 267 653 5298 497
p 2 2 314 604 12164 708
p 2 0 304 616 5437 534
p 2 0 233 687 4865 449
p 2 3 258 659 12284 659
p 2 0 164 756 648 357
p 2 0 98 822 349 281
p 2 5 304 611 12191 696
p 2 0 139 781 677 345
p 2 0 92 828 332 270
p 2 4 257 659 12899 686
p 2 0 161 759 685 367
p 2 0 72 848 338 259
p 2 6 255 659 12973 675
p 2 0 131 789 622 328
p 2 0 108 812 323 275
p 2 2 200 718 12147 618
p 2 0 210 710 741 392
p 2 0 116 804 362 292
p 2 7 259 654 12021 662
p 2 0 219 701 766 400
p 2 0 59 861 332 248
p 2 2 256 662 13413 663
p 2 0 159 761 682 355
p 2 0 102 818 341 276
p 2 3 268 649 12397 676
p 2 0 162 758 702 360
p 2 0 77 843 335 263
p 2 3 222 695 12398 634
p 2 0 190 730 743 383
p 2 0 46 874 295 239
p 2 5 285 630 12164 689
p 2 0 123 797 658 329
p 2 0 52 868 323 243
p 2 5 234 681 12750 671
p 2 0 142 778 713 352
p 2 0 80 840 353 266
p 2 5 234 681 12871 647
p 2 0 160 760 691 356
p 2 0 90 830 328 267
p 2 3 235 682 12131 645
p 2 0 150 770 693 351
p 2 0 89 831 331 268
p 2 6 247 667 12028 660
p 2 0 185 735 702 372
p 2 0 101 819 380 282
p 2 3 307 610 13306 703
p 2 0 170 750 687 365
p 2 0 87 833 320 267
p 2 0 77 843 265 252
p 2 0 39 881 254 227
p 2 0 31 889 228 219
p 2 123 318 479 26547 1533
p 2 28 288 604 4224 777
p 2 72 375 473 8797 1142
p 2 97 352 471 12449 1371
p 2 83 325 512 13336 1305
p 2 46 357 517 11020 1017
p 2 17 385 518 10608 868
p 2 0 286 634 1720 523
p 2 0 249 671 1530 474
p 2 5 268 647 3887 552
p 2 0 243 677 1417 452
p 2 0 226 694 1343 435
p 2 1 319 600 4379 566
p 2 0 240 680 1296 442
p 2 0 249 671 1318 451
p 2 4 268 648 4020 547
p 2 0 248 672 1529 464
p 2 0 255 665 1348 456
p 2 3 255 662 4326 523
p 2 0 254 666 1295 450
p 2 0 235 685 1221 428
p 2 3 243 674 3824 511
p 2 0 238 682 1361 443
p 2 0 215 705 1321 425
p 2 3 264 653 4368 533
p 2 0 208 712 1259 420
p 2 0 211 709 1178 418
p 2 3 217 700 3056 453
p 2 0 238 682 1173 438
p 2 0 192 728 1114 393
p 2 1 188 731 3051 443
p 2 0 222 698 1137 419
p 2 0 191 729 1170 396
p 2 3 198 719 3041 445
p 2 0 182 738 1093 392
p 2 0 184 736 1119 394
p 2 1 199 720 2978 448
p 2 0 202 718 1167 410
p 2 0 164 756 1187 381
p 2 3 213 704 2961 448
p 2 0 174 746 1242 383
p 2 0 163 757 1131 375
p 2 1 197 722 3009 439
p 2 0 176 744 1115 383
p 2 0 181 739 1175 385
p 2 3 189 728 3042 438
p 2 0 199 721 1274 410
p 2 0 177 743 1332 394
i 2 920 0 0 34521 3801
p 2 0 421 499 669 546
p 2 0 350 570 482 464
p 2 0 210 710 693 359
p 2 0 117 803 299 289
p 2 0 107 813 274 273
p 2 0 52 868 553 237
p 2 0 37 883 240 225
p 2 0 32 888 227 222
p 2 0 30 890 569 220
p 2 0 28 892 242 217
p 2 0 73 847 259 247
p 2 0 27 893 529 220
p 2 0 16 904 219 210
p 2 0 17 903 218 209
p 2 0 34 886 558 226
p 2 0 18 902 218 210
p 2 0 28 892 216 215
p 2 0 16 904 567 213
p 2 0 28 892 227 216
p 2 0 4 916 202 200
p 2 0 33 887 505 225
p 2 0 8 912 218 205
p 2 0 8 912 204 203
p 2 0 12 908 454 210
p 2 0 15 905 221 209
p 2 0 3 917 202 200
p 2 0 16 904 555 212
p 2 0 8 912 224 205
p 2 0 10 910 213 205
p 2 0 13 907 542 209
p 2 0 6 914 213 202
p 2 0 10 910 209 204
p 2 0 14 906 560 210
p 2 0 6 914 223 203
p 2 0 3 917 203 200
p 2 0 20 900 529 214
p 2 0 8 912 215 204
p 2 0 3 917 202 200
p 2 0 7 913 492 206
p 2 0 5 915 209 201
p 2 0 8 912 208 203
p 2 0 10 910 551 209
p 2 0 13 907 211 208
p 2 0 3 917 199 199
p 2 0 6 914 517 206
p 2 0 6 914 209 203
p 2 0 1 919 199 198
p 2 0 12 908 470 210
p 2 0 13 907 216 208
p 2 0 1 919 198 198
p 2 0 13 907 528 210
p 2 0 15 905 219 208
p 2 0 3 917 200 199
p 2 0 6 914 429 204
p 2 0 9 911 208 204
p 2 0 5 915 283 202
p 2 1 139 780 4911 345
p 2 0 62 858 460 254
p 2 0 82 838 299 255
p 2 1 98 821 4198 308
p 2 0 88 832 363 270
p 2 0 28 892 243 219
p 2 3 98 819 4059 320
p 2 0 31 889 298 227
p 2 0 54 866 259 236
p 2 0 36 884 691 227
p 2 0 45 875 247 229
p 2 0 13 907 212 206
p 2 0 29 891 612 222
p 2 0 14 906 218 207
p 2 0 19 901 218 211
p 2 0 14 906 571 210
p 2 0 35 885 236 223
p 2 0 3 917 203 199
p 2 0 21 899 657 215
p 2 0 13 907 224 208
p 2 0 21 899 217 211
p 2 7 122 791 8844 441
p 2 0 75 845 398 263
p 2 0 40 880 242 227
p 2 0 244 676 10198 513
p 2 0 79 841 519 277
p 2 0 57 863 279 241
p 2 1 245 674 15476 607
p 2 0 149 771 740 345
p 2 0 54 866 321 245
p 2 1 141 778 8584 431
p 2 0 92 828 520 287
p 2 0 58 862 326 246
p 2 3 86 831 7904 386
p 2 0 84 836 441 275
p 2 0 24 896 242 217
p 2 5 89 826 7429 401
p 2 0 70 850 411 265
p 2 0 27 893 251 221
p 2 0 99 821 6661 365
p 2 0 49 871 404 249
p 2 0 31 889 252 225
p 2 1 84 835 6995 362
p 2 0 71 849 431 268
p 2 0 43 877 328 238
p 2 0 14 906 339 210
p 2 0 12 908 227 208
p 2 0 6 914 211 202
p 2 0 7 913 361 204
p 2 0 6 914 213 202
p 2 0 3 917 207 200
p 2 0 8 912 395 204
p 2 0 3 917 203 199
p 2 0 2 918 202 199
p 2 0 4 916 383 200
p 2 0 1 919 200 198
p 2 0 1 919 199 198
p 2 0 7 913 359 203
p 2 0 4 916 207 201
p 2 0 4 916 206 201
p 2 0 2 918 341 200
p 2 0 1 919 199 198
p 2 0 1 919 199 198
p 2 0 1 919 200 198
p 2 0 1 919 198 198
p 2 0 2 918 337 199
p 2 0 0 920 197 197
p 2 0 2 918 322 199
p 2 0 2 918 204 199
p 2 0 0 920 197 197
p 2 0 1 919 199 198
i 2 920 0 0 34884 3753
p 2 0 406 514 580 518
p 2 0 400 520 528 517
p 2 56 559 305 34930 1650
p 2 0 460 460 1273 636
p 2 0 282 638 604 437
p 2 15 539 366 30051 1295
p 2 0 423 497 1326 617
p 2 0 200 720 585 382
p 2 23 488 409 30868 1294
p 2 0 333 587 1298 555
p 2 0 208 712 626 391
p 2 0 162 758 1002 343
p 2 0 88 832 330 274
p 2 0 90 830 338 276
p 2 0 99 821 698 296
p 2 0 48 872 265 239
p 2 0 49 871 254 237
p 2 1 38 881 843 246
p 2 0 49 871 260 235
p 2 0 55 865 348 249
p 2 0 62 858 804 257
p 2 0 15 905 235 210
p 2 0 29 891 239 219
p 2 0 25 895 795 228
p 2 0 57 863 296 245
p 2 0 30 890 264 226
p 2 1 45 874 578 249
p 2 0 16 904 223 210
p 2 0 29 891 228 219
p 2 1 25 894 810 232
p 2 0 17 903 238 212
p 2 0 39 881 233 224
p 2 1 8 911 493 221
p 2 0 9 911 215 205
p 2 0 7 913 201 201
p 2 1 15 904 798 226
p 2 0 11 909 221 208
p 2 0 12 908 221 207
p 2 0 26 894 740 229
p 2 0 21 899 226 213
p 2 0 26 894 221 216
p 2 0 23 897 766 223
p 2 0 19 901 229 211
p 2 0 14 906 209 206
p 2 0 9 911 210 205
p 2 0 4 916 201 200
p 2 0 37 883 278 229
p 2 0 17 903 735 221
p 2 0 6 914 214 202
p 2 0 8 912 433 213
p 2 0 9 911 211 205
p 2 0 5 915 202 201
i 2 920 0 0 68805 4513
p 2 2 911 7 22613 1407
p 2 0 916 4 12783 1268
p 2 131 787 2 45891 2253
p 2 1 910 9 13414 1286
p 2 0 918 2 19207 1390
p 2 51 859 10 47329 2059
p 2 0 905 15 21094 1375
p 2 0 915 5 16181 1270
p 2 64 825 31 50409 2118
p 2 0 581 339 2141 791
p 2 0 272 648 685 438
p 2 1 269 650 1051 442
p 2 0 180 740 430 345
p 2 0 131 789 453 310
p 2 0 158 762 767 326
p 2 0 197 723 666 372
p 2 0 137 783 517 318
p 2 0 99 821 743 288
p 2 0 66 854 327 252
p 2 0 71 849 371 258
p 2 0 31 889 258 223
p 2 0 38 882 265 225
p 2 0 24 896 254 217
p 2 10 287 623 16352 670
p 2 0 170 750 712 362
p 2 1 149 770 677 334
p 2 4 261 655 15156 587
p 2 0 221 699 932 416
p 2 0 148 772 531 329
p 2 6 229 685 12793 545
p 2 0 129 791 686 327
p 2 0 122 798 465 302
p 2 6 192 722 12735 531
p 2 0 174 746 800 366
p 2 0 91 829 418 278
p 2 2 71 847 554 269
p 2 0 19 901 240 213
p 2 0 20 900 241 213
p 2 0 17 903 520 210
p 2 0 47 873 339 237
p 2 0 23 897 247 215
p 2 0 22 898 478 216
p 2 0 21 899 242 213
p 2 0 36 884 281 227
p 2 0 25 895 461 217
p 2 0 16 904 245 210
p 2 0 16 904 234 210
p 2 0 62 858 355 251
p 2 0 41 879 294 234
p 2 0 28 892 250 219
p 2 0 19 901 239 213
p 2 0 31 889 261 221
p 2 0 11 909 218 205
p 2 0 13 907 227 207
p 2 0 9 911 218 203
p 2 0 9 911 215 204
p 2 0 6 914 210 202
p 2 0 12 908 223 207
p 2 0 5 915 207 201
p 2 0 6 914 210 202
p 2 0 6 914 210 202
p 2 0 7 913 212 204
p 2 0 5 915 204 201
p 2 0 3 917 203 200
p 2 0 5 915 209 201
p 2 0 3 917 201 199
p 2 0 4 916 203 200
p 2 0 2 918 200 199
p 2 0 2 918 202 199
p 2 0 4 916 205 201
p 2 0 1 919 198 198
p 2 0 2 918 200 198
p 2 0 1 919 198 198
p 2 0 1 919 199 198
p 2 0 2 918 200 199
p 2 0 4 916 201 200
i 2 920 0 0 37746 3957
p 2 0 291 629 539 456
p 2 0 306 614 476 455
p 2 0 168 752 3021 374
p 2 0 190 730 443 359
p 2 0 80 840 290 262
p 2 0 110 810 3231 325
p 2 0 56 864 347 247
p 2 0 31 889 250 222
p 2 0 45 875 3111 279
p 2 0 52 868 363 246
p 2 0 19 901 244 213
p 2 0 50 870 3538 285
p 2 0 49 871 404 248
p 2 0 18 902 253 214
p 2 0 50 870 3718 287
p 2 0 38 882 394 238
p 2 0 21 899 260 215
p 2 0 57 863 4173 299
p 2 0 44 876 405 242
p 2 0 21 899 263 215
p 2 0 62 858 4756 312
p 2 0 50 870 393 245
p 2 0 19 901 249 215
p 2 19 426 475 22936 1238
p 2 0 276 644 1091 491
p 2 0 111 809 422 295
p 2 20 412 488 21178 1203
p 2 0 262 658 1073 476
p 2 0 127 793 479 317
p 2 23 434 463 23174 1234
p 2 0 276 644 2555 510
p 2 0 153 767 2567 359
p 2 16 387 517 18644 1099
p 2 0 282 638 2887 520
p 2 0 142 778 2605 350
p 2 5 131 784 5370 405
p 2 0 100 820 2534 308
p 2 0 91 829 2314 296
p 2 1 85 834 3417 314
p 2 0 62 858 2253 274
p 2 0 64 856 2308 274
p 2 5 84 831 4951 360
p 2 0 74 846 2380 287
p 2 0 81 839 2402 287
p 2 1 68 851 3338 294
p 2 0 47 873 426 247
p 2 0 53 867 1495 251
p 2 5 79 836 5434 361
p 2 0 62 858 2151 269
p 2 0 55 865 2611 270
p 2 0 51 869 3198 271
p 2 0 49 871 2307 261
p 2 0 45 875 2386 253
i 2 920 0 0 25697 3593
p 2 0 585 335 7593 817
p 2 44 672 204 25248 1503
p 2 0 487 433 7901 782
p 2 17 555 348 21103 1222
p 2 0 444 476 7886 742
p 2 14 512 394 21551 1156
p 2 0 402 518 8060 698
p 2 0 455 465 8599 725
p 2 4 417 499 10752 751
p 2 0 412 508 8781 693
p 2 0 363 557 9103 657
p 2 7 410 503 19153 965
p 2 0 392 528 7809 691
p 2 0 427 493 8416 702
p 2 5 429 486 17026 930
p 2 0 407 513 7387 682
p 2 0 379 541 7973 651
p 2 4 386 530 17605 875
p 2 0 381 539 7440 662
p 2 0 389 531 8264 655
p 2 2 400 518 18018 873
p 2 0 394 526 7505 672
p 2 11 346 563 13833 742
p 2 2 361 557 8198 645
p 2 5 362 553 12513 738
p 2 0 371 549 7666 632
p 2 11 384 525 13750 797
p 2 0 361 559 7847 631
p 2 4 351 565 12712 742
p 2 2 356 562 8541 657
p 2 1 330 589 12672 679
p 2 0 352 568 7952 638
p 2 5 337 578 12670 701
p 2 0 326 594 7749 628
p 2 1 324 595 13022 674
p 2 2 336 582 8718 644
p 2 3 332 585 12520 702
p 2 0 337 583 7718 620
p 2 3 327 590 13828 704
p 2 0 346 574 8060 631
p 2 7 354 559 12463 721
p 2 2 340 578 8787 645
p 2 5 347 568 13611 721
p 2 0 360 560 8085 652
p 2 5 327 588 12819 726
p 2 0 353 567 8043 651
p 2 4 357 559 13559 728
p 2 0 537 383 8234 831
p 2 5 605 310 10674 990
p 2 0 739 181 6742 1046
p 2 7 770 143 8913 1190
p 2 0 775 145 5581 1093
p 2 6 797 117 7293 1239
p 2 0 802 118 5058 1128
p 2 5 828 87 7367 1241
p 2 0 806 114 5410 1143
p 2 6 862 52 6990 1257
p 2 0 816 104 5142 1102
p 2 4 873 43 6988 1268
p 2 0 818 102 4779 1115
p 2 5 884 31 6023 1277
p 2 0 831 89 3818 1114
p 2 3 890 27 5178 1249
p 2 0 848 72 3182 1125
p 2 8 880 32 4963 1255
p 2 2 831 87 4408 1120
p 2 7 877 36 6411 1261
p 2 0 857 63 5207 1171
p 2 3 890 27 6890 1301
p 2 0 863 57 5608 1187
p 2 5 878 37 7344 1303
p 2 0 859 61 5970 1208
p 2 5 887 28 6766 1295
p 2 0 879 41 5852 1210
p 2 8 889 23 7057 1374
p 2 0 885 35 5596 1255
p 2 9 886 25 6706 1364
p 2 0 874 46 5402 1257
p 2 10 878 32 6470 1349
p 2 0 885 35 4845 1245
p 2 5 895 20 6495 1346
p 2 0 875 45 4912 1235
p 2 5 892 23 7214 1371
p 2 8 882 30 5026 1253
p 2 6 891 23 6717 1338
p 2 0 888 32 5087 1213
p 2 5 900 15 6976 1349
p 2 0 891 29 5606 1247
p 2 49 863 8 9602 1837
p 2 35 873 12 9175 1857
p 2 54 864 2 10808 2013
p 2 26 891 3 9877 1950
p 2 41 875 4 11039 2043
p 2 24 892 4 10432 1953
p 2 31 882 7 11754 2022
p 2 21 896 3 11087 1961
p 2 24 894 2 11906 2005
p 2 26 894 0 11329 1973
p 2 28 890 2 12302 2050
p 2 28 889 3 11625 2015
p 2 33 886 1 12235 2017
p 2 24 892 4 11339 1925
p 2 38 879 3 11908 1995
p 2 36 881 3 11818 1981
p 2 28 884 8 11759 1938
p 2 18 898 4 11161 1887
p 2 22 888 10 11395 1902
p 2 27 893 0 10311 1916
p 2 37 877 6 10431 1880
p 2 36 882 2 10382 1880
p 2 46 871 3 9566 1863
p 2 56 862 2 9370 1860
p 2 61 859 0 9727 1851
p 2 11 872 37 4358 1248
p 2 16 863 41 4221 1192
p 2 8 859 53 4931 1171
p 2 0 854 66 3932 1108
p 2 6 868 46 4146 1127
p 2 22 833 65 4437 1167
p 2 6 865 49 4068 1112
p 2 6 848 66 4026 1087
p 2 23 850 47 4713 1181
p 2 0 862 58 4019 1098
p 2 0 889 31 4056 1086
p 2 16 857 47 4814 1161
p 2 6 880 34 4111 1098
p 2 10 845 65 4024 1100
p 2 18 867 35 5214 1154
p 2 13 818 89 3879 1060
p 2 0 890 30 4169 1075
p 2 34 804 82 4795 1132
p 2 0 860 60 3586 1029
p 2 0 836 84 3564 1013
p 2 0 875 45 4382 1088
p 2 0 841 79 3537 1020
p 2 0 869 51 3758 1038
p 2 0 848 72 4444 1074
p 2 0 890 30 3711 1064
p 2 0 859 61 3730 1037
p 2 17 860 43 5039 1098
p 2 0 875 45 3785 1044
p 2 0 871 49 3821 1030
p 2 17 856 47 5088 1131
p 2 20 878 22 4117 1120
p 2 20 831 69 4157 1091
p 2 19 872 29 4804 1170
p 2 19 866 35 4218 1114
p 2 16 860 44 4312 1112
p 2 19 857 44 4638 1139
p 2 17 861 42 4294 1116
p 2 19 857 44 4219 1111
p 2 18 834 68 4597 1099
p 2 16 863 41 4102 1094
p 2 17 855 48 4140 1092
p 2 22 860 38 4576 1126
p 2 0 854 66 3759 1027
p 2 16 834 70 4002 1065
p 2 8 881 31 4712 1107
p 2 17 843 60 3852 1090
p 2 6 870 44 3918 1072
p 2 22 859 39 4512 1147
p 2 6 848 66 3871 1055
p 2 6 869 45 3946 1055
p 2 21 862 37 4621 1134
p 2 0 871 49 3946 1053
p 2 6 869 45 3890 1062
p 2 17 873 30 4735 1140
p 2 5 880 35 4050 1075
p 2 11 845 64 3867 1058
p 2 19 863 38 4896 1117
p 2 12 863 45 3898 1079
p 2 0 863 57 3968 1053
p 2 37 840 43 4609 1160
p 2 0 871 49 3420 1038
p 2 0 856 64 3550 1022
p 2 0 874 46 4098 1053
p 2 0 871 49 3330 1028
p 2 0 860 60 3474 1013
p 2 0 873 47 4299 1070
p 2 0 861 59 3492 1030
p 2 0 855 65 3576 1027
p 2 0 873 47 3820 1040
p 2 0 886 34 3697 1057
p 2 1 886 33 4401 1081
p 2 0 873 47 4043 1064
p 2 34 861 25 4907 1164
p 2 18 862 40 4150 1104
p 2 18 861 41 4272 1113
p 2 19 851 50 4187 1105
p 2 12 873 35 4136 1087
p 2 24 840 56 4655 1129
p 2 12 881 27 4005 1108
p 2 13 849 58 4129 1094
p 2 19 868 33 4498 1149
p 2 18 836 66 4062 1100
p 2 16 868 36 4042 1105
p 2 16 852 52 4225 1106
p 2 5 887 28 3715 1085
p 2 17 860 43 3772 1106
p 2 9 870 41 4363 1111
p 2 17 829 74 3729 1080
p 2 6 869 45 3829 1063
p 2 13 869 38 4858 1110
p 2 0 881 39 3983 1071
p 2 0 865 55 4005 1053
p 2 28 840 52 4809 1151
p 2 7 853 60 3891 1062
p 2 7 865 48 3939 1083
p 2 17 843 60 4565 1123
p 2 0 861 59 3916 1058
p 2 12 841 67 3949 1078
p 2 18 864 38 4590 1143
p 2 6 846 68 3811 1058
p 2 5 891 24 4033 1089
p 2 15 843 62 4608 1137
p 2 0 890 30 3572 1072
p 2 0 858 62 3512 1026
p 2 10 871 39 4510 1092
p 2 0 874 46 3642 1032
p 2 0 872 48 3643 1027
p 2 17 835 68 4852 1105
p 2 0 871 49 3570 1038
p 2 0 853 67 3635 1035
p 2 2 879 39 4716 1096
p 2 0 858 62 3688 1034
p 2 0 868 52 3680 1032
p 2 0 883 37 4540 1089
p 2 19 870 31 4131 1124
p 2 20 863 37 4280 1131
p 2 23 872 25 4332 1144
p 2 21 852 47 4323 1136
p 2 17 866 37 4311 1125
p 2 14 871 35 4727 1135
p 2 13 890 17 4222 1119
p 2 25 846 49 4847 1146
p 2 14 867 39 4098 1093
p 2 14 849 57 4171 1093
p 2 13 857 50 3949 1093
p 2 0 862 58 3912 1059
p 2 0 866 54 3877 1052
p 2 15 851 54 3972 1093
p 2 1 882 37 7507 1300
p 2 18 859 43 4152 1144
p 2 0 888 32 4103 1098
p 2 2 865 53 7616 1318
p 2 0 893 27 4132 1081
p 2 0 874 46 4077 1065
p 2 20 863 37 7515 1348
p 2 0 895 25 4183 1101
p 2 0 881 39 4034 1078
p 2 26 847 47 7435 1335
p 2 0 881 39 4187 1089
p 2 15 856 49 4089 1105
p 2 28 852 40 4170 1162
p 2 0 866 54 3814 1060
p 2 0 897 23 3773 1074
p 2 26 847 47 4484 1152
p 2 0 863 57 3620 1055
p 2 0 872 48 3513 1054
p 2 0 878 42 4001 1069
p 2 0 864 56 3561 1031
p 2 0 896 24 3548 1073
p 2 5 863 52 4400 1079
p 2 0 876 44 3628 1046
p 2 0 870 50 3698 1055
p 2 0 888 32 3791 1070
p 2 0 846 74 3706 1042
p 2 0 870 50 3729 1062
p 2 0 853 67 3951 1064
p 2 19 860 41 4148 1123
p 2 17 861 42 4071 1123
p 2 17 844 59 4151 1108
p 2 16 851 53 4101 1115
p 2 15 841 64 4056 1104
p 2 16 830 74 4273 1111
i 2 920 0 0 4414 2810
i 2 920 0 0 5847 2937
i 2 920 0 0 7027 3047
p 2 585 335 0 9706 3330
p 2 426 494 0 11389 3213
p 2 361 559 0 12370 3092
p 2 327 593 0 13402 3049
p 2 0 812 108 1533 963
p 2 0 728 192 1172 849
p 2 1 688 231 2336 915
p 2 0 721 199 1125 848
p 2 0 629 291 1099 791
p 2 1 706 213 2193 930
p 2 0 615 305 1028 755
p 2 0 625 295 1052 750
p 2 6 588 326 2516 860
p 2 0 578 342 1095 731
p 2 0 569 351 948 717
p 2 14 562 344 2418 879
p 2 0 649 271 1012 759
p 2 1 569 350 1122 739
p 2 13 551 356 2524 815
p 2 1 541 378 1397 709
p 2 0 582 338 951 709
p 2 285 635 0 10174 2670
p 2 160 760 0 10127 2558
p 2 92 828 0 10776 2534
p 2 50 870 0 10583 2505
p 2 49 871 0 10469 2564
p 2 32 888 0 10197 2587
p 2 20 900 0 9919 2505
p 2 31 889 0 9349 2557
p 2 33 887 0 9264 2545
p 2 36 884 0 8654 2574
p 2 64 855 1 7921 2568
p 2 135 785 0 6836 2619
i 2 920 0 0 17253 3389
p 2 0 480 440 856 617
p 2 25 480 415 1228 722
p 2 24 336 560 1125 583
p 2 26 339 555 1481 599
p 2 20 218 682 1083 474
p 2 20 267 633 1084 508
p 2 18 190 712 1499 455
p 2 17 185 718 1155 441
p 2 19 98 803 1144 378
p 2 22 122 776 1321 416
p 2 20 68 832 909 350
p 2 20 82 818 940 362
p 2 5 63 852 945 309
p 2 11 72 837 765 325
p 2 16 67 837 824 334
p 2 7 79 834 1012 339
p 2 0 74 846 769 294
p 2 0 84 836 803 305
p 2 21 50 849 1265 351
p 2 4 68 848 827 297
p 2 3 65 852 819 283
p 2 20 54 846 1135 352
p 2 1 69 850 761 275
p 2 0 89 831 843 297
p 2 18 62 840 1323 351
p 2 3 83 834 897 306
p 2 13 63 844 736 313
p 2 6 82 832 1254 326
p 2 20 68 832 620 335
p 2 5 94 821 841 324
p 2 19 56 845 1577 336
p 2 0 45 875 296 241
p 2 0 28 892 226 219
p 2 0 31 889 922 252
p 2 0 24 896 231 216
p 2 0 8 912 209 205
p 2 5 22 893 1123 256
p 2 0 19 901 258 217
p 2 0 8 912 209 202
p 2 6 21 893 838 256
p 2 0 15 905 212 207
p 2 0 10 910 205 204
p 2 7 39 874 1245 272
p 2 21 47 852 920 330
p 2 19 50 851 1070 335
p 2 20 52 848 1364 352
p 2 20 52 848 930 336
p 2 20 62 838 976 345
p 2 18 63 839 1345 358
p 2 17 61 842 1073 347
p 2 19 64 837 1125 353
p 2 17 113 790 1050 379
p 2 19 64 837 1106 354
p 2 18 72 830 961 352
p 2 19 53 848 927 339
p 2 0 81 839 623 288
p 2 19 58 843 709 328
p 2 0 75 845 865 301
p 2 20 49 851 712 328
p 2 0 72 848 746 295
p 2 144 361 415 12535 1718
p 2 5 321 594 1338 579
p 2 7 256 657 1046 482
p 2 34 460 426 10252 1376
p 2 15 313 592 1349 606
p 2 16 251 653 1078 513
p 2 40 495 385 11214 1390
p 2 20 342 558 1473 658
p 2 33 312 575 2516 738
p 2 124 388 408 12455 1677
p 2 20 405 495 2807 866
p 2 9 313 598 1173 567
p 2 125 442 353 13296 1843
p 2 0 377 543 989 594
p 2 12 274 634 2259 647
p 2 94 411 415 11673 1544
p 2 10 417 493 2731 832
p 2 0 322 598 766 516
p 2 137 439 344 13237 1914
p 2 0 403 517 998 619
p 2 11 351 558 2495 730
p 2 100 447 373 11506 1634
p 2 13 422 485 2679 870
p 2 0 348 572 666 516
p 2 96 469 355 12479 1725
p 2 0 375 545 1011 605
p 2 14 265 641 2257 661
p 2 102 461 357 11639 1619
p 2 13 359 548 2656 776
p 2 0 263 657 579 448
p 2 128 424 368 14125 1837
p 2 0 366 554 1049 625
p 2 10 241 669 1895 579
p 2 107 409 404 12346 1646
p 2 12 413 495 2437 820
p 2 0 292 628 671 488
p 2 118 440 362 13148 1811
p 2 0 334 586 886 546
p 2 12 251 657 2262 633
p 2 95 433 392 11943 1601
p 2 11 411 498 2730 822
p 2 0 301 619 618 483
p 2 135 461 324 13217 1932
p 2 0 412 508 1026 654
p 2 12 356 552 2586 733
p 2 104 441 375 11446 1623
p 2 13 409 498 2593 853
i 2 920 0 0 42278 4175
p 2 0 294 626 535 464
p 2 10 369 541 11462 747
p 2 2 267 651 4181 514
p 2 1 278 641 9653 595
p 2 0 171 749 739 369
p 2 6 272 642 14037 701
p 2 0 160 760 758 364
p 2 0 134 786 510 324
p 2 22 272 626 16254 782
p 2 0 200 720 897 396
p 2 0 64 856 358 253
p 2 0 224 696 8842 501
p 2 0 135 785 738 332
p 2 0 70 850 407 265
p 2 15 223 682 9699 610
p 2 0 172 748 742 371
p 2 0 70 850 379 263
p 2 15 231 674 11218 626
p 2 0 133 787 763 335
p 2 0 50 870 351 242
p 2 15 218 687 9743 614
p 2 0 143 777 717 336
p 2 0 90 830 442 279
p 2 15 262 643 14361 705
p 2 0 155 765 883 360
p 2 0 68 852 389 257
p 2 2 201 717 9071 484
p 2 0 157 763 819 350
p 2 0 90 830 485 278
p 2 5 233 682 9312 571
p 2 0 139 781 664 338
p 2 0 75 845 365 266
p 2 21 250 649 15458 745
p 2 0 171 749 898 375
p 2 0 64 856 372 254
p 2 0 207 713 8795 485
p 2 0 133 787 679 322
p 2 0 47 873 333 237
p 2 14 217 689 9672 602
p 2 0 151 769 723 348
p 2 0 67 853 383 262
p 2 0 202 718 8358 472
p 2 0 125 795 658 319
p 2 0 49 871 329 240
p 2 16 223 681 14293 679
p 2 0 156 764 791 356
p 2 0 55 865 379 249
p 2 1 195 724 8888 471
p 2 0 132 788 715 329
p 2 0 40 880 320 234
p 2 6 208 706 9270 553
p 2 0 143 777 714 342
p 2 0 59 861 346 251
p 2 21 248 651 15325 736
p 2 0 166 754 872 368
p 2 0 69 851 397 261
p 2 2 201 717 8674 482
p 2 0 128 792 687 325
p 2 0 48 872 336 240
p 2 14 220 686 9611 603
p 2 0 143 777 745 347
p 2 0 77 843 381 265
p 2 1 205 714 8825 483
p 2 0 116 804 642 310
p 2 0 45 875 375 238
p 2 33 237 650 15310 796
p 2 0 148 772 806 347
p 2 0 59 861 362 248
p 2 3 198 719 9034 495
p 2 0 119 801 721 317
p 2 0 58 862 402 248
p 2 70 230 620 18677 1129
p 2 0 195 725 776 403
p 2 0 122 798 445 310
p 2 40 190 690 21268 841
p 2 0 162 758 720 368
p 2 0 72 848 362 264
p 2 82 271 567 33101 1367
p 2 0 215 705 1008 419
p 2 0 76 844 387 267
p 2 0 256 664 15210 620
p 2 0 197 723 1081 403
p 2 0 78 842 428 269
p 2 7 269 644 14287 692
p 2 0 187 733 948 392
p 2 0 81 839 411 273
p 2 24 279 617 20249 848
p 2 0 210 710 1069 417
p 2 0 65 855 417 259
p 2 7 243 670 14246 629
p 2 0 172 748 965 378
p 2 0 79 841 474 271
p 2 14 264 642 15103 705
p 2 0 201 719 987 401
p 2 0 87 833 465 278
p 2 2 260 658 13924 614
p 2 0 181 739 929 381
p 2 0 60 860 373 249
p 2 131 221 568 31435 1601
p 2 0 165 755 821 381
p 2 0 93 827 391 282
p 2 94 198 628 25840 1309
p 2 0 170 750 748 380
p 2 0 84 836 387 277
p 2 96 224 600 26221 1338
p 2 0 168 752 720 374
p 2 0 99 821 414 292
p 2 120 212 588 29723 1460
p 2 77 239 604 21494 1155
p 2 66 198 656 18253 999
p 2 62 170 688 14602 901
p 2 48 147 725 11376 741
p 2 35 113 772 8343 614
p 2 35 150 735 6935 663
p 2 15 148 757 3398 492
p 2 9 124 787 2872 405
p 2 5 102 813 1646 345
p 2 0 62 858 318 258
p 2 0 42 878 253 233
p 2 14 92 814 6655 453
p 2 0 61 859 380 259
p 2 0 23 897 251 218
p 2 1 35 884 1211 242
p 2 0 17 903 250 212
p 2 0 882 38 7187 1264
p 2 7 895 18 8039 1373
p 2 7 901 12 10196 1445
p 2 2 906 12 8344 1351
p 2 22 880 18 13108 1514
p 2 3 903 14 4728 1192
p 2 0 902 18 5892 1257
p 2 1 910 9 7456 1284
p 2 0 916 4 7109 1304
p 2 0 509 411 1293 693
p 2 8 270 642 2559 545
p 2 0 200 720 497 382
p 2 0 135 785 361 309
p 2 30 122 768 8085 589
p 2 0 82 838 414 275
p 2 0 38 882 281 230
p 2 1 55 864 1346 259
p 2 0 25 895 262 221
i 2 920 0 0 52316 4550
p 2 12 906 2 13923 1849
p 2 2 918 0 17010 1758
p 2 8 912 0 16984 1783
p 2 6 914 0 18077 1769
p 2 5 915 0 18130 1749
p 2 3 917 0 18633 1734
p 2 4 916 0 18947 1744
p 2 4 916 0 19039 1756
p 2 12 908 0 19307 1800
p 2 12 908 0 19360 1790
p 2 32 887 1 19199 1802
p 2 0 920 0 19520 1724
p 2 1 919 0 18501 1706
p 2 0 920 0 18571 1674
p 2 1 918 1 18871 1678
p 2 0 918 2 19392 1668
p 2 2 916 2 20015 1673
p 2 0 919 1 19972 1644
p 2 0 919 1 20012 1638
p 2 31 888 1 21202 1748
p 2 0 918 2 22489 1667
p 2 2 918 0 22424 1679
p 2 0 920 0 22655 1664
p 2 0 920 0 22197 1633
p 2 0 920 0 23257 1639
p 2 1 917 2 22734 1652
p 2 2 918 0 23535 1659
p 2 16 903 1 23527 1755
p 2 19 901 0 24102 1749
p 2 1 919 0 22336 1645
p 2 26 893 1 22492 1709
p 2 26 893 1 22458 1712
p 2 0 916 4 23655 1639
p 2 0 919 1 22774 1632
p 2 0 920 0 22890 1615
p 2 0 920 0 23107 1628
p 2 0 920 0 23944 1628
p 2 0 919 1 22802 1625
p 2 2 918 0 23605 1645
p 2 3 914 3 23570 1657
p 2 0 919 1 23957 1626
p 2 0 919 1 23653 1641
p 2 0 920 0 23682 1629
p 2 4 916 0 23784 1664
p 2 27 893 0 23847 1691
p 2 16 904 0 23319 1656
p 2 0 920 0 24000 1597
p 2 0 919 1 23657 1594
p 2 0 920 0 24439 1566
p 2 1 919 0 23841 1574
p 2 0 920 0 24750 1572
p 2 0 920 0 23906 1567
p 2 1 919 0 24637 1586
p 2 0 920 0 23531 1597
p 2 0 920 0 24494 1594
p 2 0 920 0 23044 1584
p 2 0 917 3 24428 1592
p 2 0 920 0 23491 1583
p 2 0 920 0 24189 1599
p 2 0 918 2 23635 1578
p 2 11 909 0 24684 1644
p 2 10 910 0 23704 1627
p 2 1 919 0 23568 1579
p 2 0 920 0 23883 1575
p 2 0 920 0 24980 1564
p 2 0 920 0 24083 1569
p 2 3 917 0 25001 1588
p 2 0 920 0 25284 1583
p 2 0 920 0 25775 1575
p 2 7 913 0 25288 1600
p 2 0 920 0 25235 1576
p 2 0 920 0 24477 1577
p 2 1 917 2 24658 1569
p 2 0 920 0 24355 1587
p 2 0 919 1 25058 1573
p 2 0 920 0 24144 1581
p 2 0 918 2 24577 1567
p 2 0 920 0 24468 1583
p 2 5 915 0 25347 1602
p 2 2 916 2 24464 1556
p 2 0 920 0 24938 1549
p 2 0 919 1 24972 1559
p 2 0 920 0 25375 1574
p 2 0 920 0 24554 1554
p 2 0 920 0 24610 1554
p 2 0 918 2 24167 1551
p 2 0 919 1 25552 1546
p 2 0 919 1 24549 1550
p 2 0 919 1 25422 1549
p 2 0 919 1 25230 1553
p 2 0 919 1 25628 1552
p 2 0 920 0 24471 1553
p 2 0 920 0 25101 1548
p 2 0 920 0 24842 1541
p 2 0 920 0 25698 1537
p 2 0 920 0 25467 1540
p 2 1 919 0 25606 1553
p 2 0 920 0 25014 1544
p 2 0 920 0 26063 1540
p 2 0 919 1 25077 1530
p 2 1 918 1 25783 1545
p 2 2 918 0 25223 1542
p 2 0 919 1 26067 1542
p 2 3 916 1 25129 1545
p 2 4 914 2 25390 1561
p 2 0 920 0 25039 1541
p 2 5 914 1 26127 1574
p 2 0 920 0 25298 1550
p 2 5 914 1 25313 1557
p 2 1 917 2 24908 1541
p 2 0 920 0 25306 1528
p 2 0 917 3 24878 1539
p 2 1 919 0 25230 1539
p 2 0 919 1 25244 1553
p 2 0 920 0 25479 1543
p 2 0 919 1 25302 1553
p 2 0 920 0 26399 1549
p 2 0 920 0 25680 1541
p 2 0 919 1 26517 1537
p 2 0 919 1 26231 1558
p 2 0 919 1 26075 1554
p 2 0 919 1 25974 1553
p 2 0 919 1 26810 1553
p 2 0 919 1 25514 1557
p 2 0 920 0 25821 1553
p 2 0 920 0 25951 1540
p 2 0 920 0 26349 1545
p 2 0 920 0 25958 1550
p 2 0 920 0 26389 1559
p 2 0 919 1 26151 1542
p 2 0 918 2 26852 1557
p 2 0 918 2 26023 1559
p 2 0 917 3 26102 1545
p 2 0 919 1 26032 1541
p 2 0 917 3 26463 1553
p 2 5 915 0 25526 1555
p 2 25 892 3 27118 1644
p 2 1 917 2 26460 1551
p 2 0 920 0 26605 1543
p 2 0 920 0 25973 1539
p 2 0 920 0 25745 1532
p 2 0 919 1 26157 1553
p 2 0 918 2 25052 1537
p 2 0 920 0 25776 1519
p 2 0 917 3 25368 1527
p 2 0 918 2 25884 1527
p 2 4 916 0 25734 1587
p 2 0 919 1 26321 1554
p 2 10 909 1 26298 1598
p 2 0 920 0 26091 1542
p 2 0 917 3 25039 1524
p 2 0 918 2 25164 1526
p 2 0 919 1 24842 1533
p 2 0 919 1 25789 1533
p 2 0 919 1 24738 1516
p 2 0 919 1 25027 1519
p 2 0 919 1 24427 1529
p 2 0 917 3 25501 1514
p 2 0 917 3 24914 1510
p 2 0 919 1 25364 1507
i 2 920 0 0 62019 4167
p 2 0 402 518 818 595
p 2 0 324 596 721 514
p 2 0 327 593 832 514
p 2 0 325 595 836 509
p 2 0 350 570 1021 542
p 2 0 254 666 714 446
p 2 0 352 568 953 539
p 2 0 415 505 1080 619
p 2 0 405 515 1156 596
p 2 0 304 616 817 503
p 2 0 305 615 866 496
p 2 0 419 501 1122 621
p 2 0 429 491 1183 631
p 2 0 333 587 915 527
p 2 0 181 739 559 372
p 2 0 236 684 659 423
p 2 0 258 662 739 444
p 2 0 309 611 774 488
p 2 0 233 687 652 417
p 2 0 310 610 841 496
p 2 0 389 531 1066 584
p 2 0 380 540 1049 572
p 2 0 269 651 785 462
p 2 0 383 537 1094 573
p 2 0 425 495 1148 619
p 2 0 369 551 953 556
p 2 0 206 714 559 400
p 2 0 285 635 767 476
p 2 0 343 577 867 530
p 2 0 333 587 859 517
p 2 0 269 651 729 460
p 2 0 318 602 858 503
p 2 0 341 579 965 530
p 2 0 342 578 898 527
p 2 0 302 618 833 491
p 2 2 363 555 1624 570
p 2 0 353 567 982 537
p 2 5 358 557 3475 608
p 2 0 433 487 1281 632
p 2 6 285 629 4241 565
p 2 0 394 526 1250 595
p 2 10 408 502 5146 717
p 2 0 418 502 1170 608
p 2 0 262 658 783 451
p 2 0 342 578 886 532
p 2 0 326 594 821 508
p 2 0 370 550 971 563
p 2 0 334 586 966 531
p 2 0 391 529 1104 577
p 2 0 462 458 1339 657
p 2 0 407 513 1236 603
p 2 0 290 630 1006 489
p 2 0 336 584 1013 528
p 2 0 373 547 1116 575
p 2 0 313 607 857 506
p 2 0 266 654 722 453
p 2 0 263 657 723 457
p 2 0 322 598 843 514
p 2 0 352 568 953 540
p 2 0 243 677 751 440
p 2 0 336 584 1087 530
p 2 0 368 552 1099 563
p 2 0 370 550 1203 572
p 2 0 387 533 1177 585
p 2 0 396 524 1083 587
p 2 0 328 592 897 527
p 2 0 316 604 859 507
p 2 0 351 569 915 543
p 2 0 259 661 730 446
p 2 0 246 674 713 431
i 2 920 0 0 30601 4113
p 2 0 361 559 673 547
p 2 19 577 324 18492 1292
p 2 0 418 502 1332 623
p 2 2 493 425 14269 1043
p 2 0 334 586 1190 555
p 2 8 440 472 13438 984
p 2 0 358 562 1240 570
p 2 0 297 623 949 493
p 2 24 263 633 5904 720
p 2 0 307 613 929 501
p 2 0 272 648 843 469
p 2 5 275 640 5249 635
p 2 0 218 702 744 420
p 2 0 196 724 648 393
p 2 7 214 699 5027 569
p 2 0 238 682 780 424
p 2 0 161 759 500 352
p 2 0 184 736 559 370
p 2 0 201 719 611 391
p 2 0 175 745 650 381
p 2 0 131 789 532 330
p 2 0 163 757 560 354
p 2 0 160 760 586 353
p 2 0 243 677 720 424
p 2 0 132 788 482 330
p 2 0 179 741 566 368
p 2 0 171 749 551 358
p 2 0 170 750 590 365
p 2 0 119 801 432 308
p 2 0 228 692 1615 460
p 2 0 234 686 671 419
p 2 0 186 734 539 366
p 2 13 156 751 2510 453
p 2 0 173 747 546 358
p 2 0 176 744 582 367
p 2 21 215 684 3453 586
p 2 0 198 722 698 397
p 2 0 210 710 669 408
p 2 19 216 685 4129 617
p 2 0 231 689 790 437
p 2 0 206 714 706 413
p 2 30 232 658 4963 720
p 2 0 245 675 710 437
p 2 0 172 748 526 361
p 2 37 253 630 5677 777
p 2 0 229 691 677 422
p 2 0 227 693 681 417
p 2 37 260 623 5550 803
p 2 0 265 655 787 466
p 2 0 274 646 752 473
p 2 0 215 705 890 413
p 2 0 191 729 521 379
p 2 0 162 758 499 350
p 2 0 198 722 576 389
p 2 0 204 716 667 400
p 2 0 162 758 507 351
p 2 0 153 767 731 351
p 2 0 189 731 603 382
p 2 0 167 753 576 363
p 2 0 120 800 589 313
p 2 0 154 766 492 342
p 2 0 150 770 494 339
p 2 0 173 747 582 368
p 2 0 147 773 534 341
p 2 0 169 751 601 366
p 2 0 178 742 641 376
p 2 0 166 754 596 368
p 2 0 150 770 613 355
p 2 0 158 762 525 355
p 2 0 142 778 538 340
i 2 920 0 0 63572 4218
p 2 0 393 527 863 590
p 2 48 368 504 6815 904
p 2 0 407 513 1080 604
p 2 66 423 431 8873 1050
p 2 0 357 563 930 558
p 2 0 381 539 1007 579
p 2 0 406 514 1084 601
p 2 0 427 493 1076 625
p 2 0 360 560 968 556
p 2 0 429 491 1127 626
p 2 0 424 496 1166 620
p 2 0 270 650 774 462
p 2 0 270 650 709 454
p 2 0 200 720 613 390
p 2 0 272 648 741 460
p 2 0 276 644 719 461
p 2 0 278 642 716 462
p 2 0 299 621 783 485
p 2 0 330 590 889 517
p 2 0 276 644 792 465
p 2 0 299 621 855 488
i 2 920 0 0 32767 4302
p 2 0 335 585 664 530
p 2 66 497 357 22243 1590
p 2 0 373 547 1114 584
p 2 64 446 410 24036 1558
p 2 0 355 565 1120 567
p 2 90 425 405 24313 1620
p 2 0 389 531 1191 616
p 2 79 460 381 24692 1627
p 2 0 432 488 1354 661
p 2 0 374 546 1104 596
p 2 0 424 496 5638 733
p 2 0 441 479 1439 664
p 2 0 317 603 1025 538
p 2 0 387 533 4618 661
p 2 0 336 584 1103 557
p 2 0 262 658 756 462
p 2 0 266 654 4801 543
p 2 0 293 627 859 495
p 2 0 247 673 740 443
p 2 0 366 554 4680 648
p 2 0 237 683 856 455
p 2 0 286 634 883 491
p 2 1 261 658 1303 477
p 2 0 358 562 1162 579
p 2 0 255 665 779 465
p 2 0 331 589 1398 544
p 2 0 308 612 892 515
p 2 0 306 614 901 508
p 2 0 227 693 1036 426
p 2 0 309 611 908 512
p 2 0 330 590 991 537
p 2 0 240 680 1021 449
p 2 0 203 717 684 411
p 2 0 213 707 664 420
p 2 1 231 688 1101 438
p 2 0 236 684 685 443
p 2 0 271 649 798 474
p 2 0 352 568 1379 572
p 2 0 300 620 966 519
p 2 0 300 620 968 522
p 2 0 313 607 1368 534
p 2 0 290 630 914 495
p 2 0 252 668 799 462
p 2 0 267 653 806 467
p 2 0 249 671 728 458
p 2 0 238 682 659 431
p 2 0 239 681 1039 447
p 2 0 263 657 786 469
p 2 0 267 653 1145 485
p 2 0 277 643 857 494
p 2 0 246 674 880 463
i 2 920 0 0 28799 4071
p 2 0 379 541 752 580
p 2 106 647 167 26588 2210
p 2 74 597 249 27299 2156
p 2 0 521 399 1788 840
p 2 75 583 262 27819 2180
p 2 0 548 372 1799 812
p 2 34 609 277 22099 1798
p 2 0 554 366 1727 809
p 2 44 578 298 21709 1778
p 2 0 524 396 1690 791
p 2 0 409 511 1242 643
p 2 2 507 411 1847 760
p 2 0 335 585 956 546
p 2 0 381 539 1020 588
p 2 0 344 576 1233 555
p 2 0 341 579 867 533
p 2 0 221 699 596 412
p 2 0 224 696 932 422
p 2 0 249 671 650 432
p 2 0 271 649 735 464
p 2 0 221 699 827 420
p 2 0 269 651 744 462
p 2 0 270 650 774 469
p 2 1 343 576 1061 548
p 2 0 294 626 728 493
p 2 0 255 665 769 458
p 2 9 275 636 1498 541
p 2 0 238 682 689 442
p 2 35 261 624 2955 666
p 2 0 247 673 727 452
p 2 52 258 610 4322 788
p 2 72 543 305 23939 1901
p 2 44 486 390 6313 1136
p 2 6 646 268 17484 1549
p 2 0 495 425 1631 750
p 2 13 655 252 17721 1582
p 2 0 578 342 2052 858
p 2 0 497 423 1429 726
p 2 0 449 471 1330 673
p 2 0 446 474 1279 668
p 2 0 465 455 1405 686
p 2 0 339 581 962 549
p 2 0 372 548 1056 578
p 2 0 377 543 1037 574
p 2 0 309 611 833 510
p 2 0 214 706 569 401
p 2 0 260 660 680 450
p 2 0 280 640 746 477
p 2 0 289 631 870 488
p 2 0 330 590 947 541
p 2 0 335 585 1004 545
p 2 0 341 579 957 552
p 2 0 302 618 871 500
p 2 0 267 653 762 466
p 2 0 284 636 761 481
p 2 0 270 650 750 469
p 2 0 235 685 630 434
p 2 0 188 732 537 383
i 2 920 0 0 60711 4357
p 2 0 919 1 13697 1364
p 2 0 919 1 16836 1362
p 2 0 918 2 17621 1394
p 2 0 919 1 17453 1407
p 2 0 918 2 18103 1393
p 2 0 920 0 18311 1437
p 2 0 919 1 16661 1401
p 2 0 917 3 16796 1392
p 2 0 920 0 16297 1394
p 2 0 919 1 15080 1377
p 2 0 920 0 15026 1354
p 2 0 920 0 15455 1366
p 2 0 919 1 14649 1345
p 2 0 920 0 15575 1370
p 2 0 919 1 14352 1359
p 2 0 920 0 14408 1371
p 2 0 919 1 13788 1365
p 2 0 914 6 13657 1359
p 2 0 920 0 13179 1356
p 2 0 920 0 13091 1348
p 2 0 917 3 12839 1354
p 2 0 920 0 12977 1351
p 2 0 918 2 13732 1358
p 2 0 919 1 13895 1361
p 2 0 918 2 13796 1370
p 2 0 919 1 14016 1377
p 2 0 917 3 14557 1388
p 2 0 920 0 14936 1393
p 2 0 918 2 14748 1393
p 2 0 919 1 15374 1398
p 2 0 920 0 15098 1398
p 2 0 918 2 15264 1394
p 2 0 920 0 15381 1405
p 2 0 920 0 15421 1401
p 2 0 920 0 15265 1399
p 2 0 920 0 15701 1392
p 2 0 917 3 15367 1389
p 2 0 919 1 15671 1407
p 2 0 919 1 15508 1400
p 2 0 919 1 15497 1395
p 2 0 919 1 15091 1400
p 2 0 918 2 15560 1393
p 2 0 920 0 15321 1407
p 2 0 920 0 15668 1407
p 2 0 918 2 15536 1404
p 2 0 920 0 15400 1378
p 2 0 919 1 15529 1374
p 2 0 920 0 16579 1395
p 2 0 920 0 16604 1416
p 2 0 918 2 17244 1421
p 2 1 918 1 17302 1436
p 2 0 920 0 18561 1431
p 2 0 915 5 18784 1439
p 2 0 919 1 19257 1444
p 2 0 915 5 18765 1446
p 2 0 919 1 19535 1443
p 2 0 920 0 19690 1456
p 2 0 920 0 19773 1448
p 2 0 920 0 19399 1463
p 2 0 920 0 20110 1465
p 2 0 920 0 19778 1467
p 2 0 919 1 20124 1461
p 2 0 917 3 19719 1472
p 2 0 920 0 20002 1473
p 2 0 918 2 19585 1481
p 2 0 916 4 20098 1480
p 2 0 918 2 20081 1469
p 2 0 919 1 20513 1471
p 2 0 918 2 20448 1468
p 2 0 919 1 20849 1489
p 2 0 920 0 21023 1501
p 2 0 919 1 21535 1489
p 2 0 918 2 21745 1492
p 2 0 918 2 22180 1486
p 2 1 918 1 22384 1501
p 2 0 920 0 22594 1492
p 2 0 920 0 21729 1485
p 2 0 919 1 22006 1481
p 2 0 917 3 22193 1483
p 2 0 920 0 21942 1480
p 2 0 919 1 21997 1485
p 2 0 919 1 22016 1470
p 2 0 919 1 22228 1495
p 2 0 920 0 22365 1488
p 2 0 920 0 21916 1480
p 2 0 919 1 22729 1454
p 2 0 919 1 22230 1491
p 2 0 919 1 22530 1473
p 2 0 919 1 21699 1463
p 2 0 919 1 22026 1467
p 2 0 920 0 20906 1463
p 2 0 918 2 20968 1471
p 2 0 918 2 19221 1449
p 2 0 920 0 19244 1438
p 2 0 919 1 17865 1448
p 2 0 918 2 18307 1432
p 2 0 920 0 16970 1427
p 2 0 920 0 16193 1411
p 2 0 920 0 15228 1407
p 2 0 920 0 14101 1374
p 2 0 919 1 13725 1352
p 2 0 920 0 11312 1328
p 2 0 919 1 10426 1304
p 2 0 920 0 9551 1287
p 2 0 919 1 9091 1266
p 2 0 919 1 9036 1256
p 2 0 918 2 8293 1236
p 2 0 918 2 8719 1226
p 2 0 911 9 8761 1197
p 2 0 918 2 10349 1236
p 2 0 918 2 10759 1243
p 2 0 915 5 13613 1322
p 2 0 919 1 12845 1296
p 2 0 913 7 14589 1336
p 2 0 920 0 15280 1374
p 2 0 919 1 15855 1391
p 2 0 918 2 16423 1410
p 2 0 919 1 17469 1423
p 2 0 916 4 17786 1424
p 2 0 916 4 18165 1418
p 2 0 913 7 17933 1422
p 2 0 917 3 18501 1443
p 2 0 913 7 17400 1438
p 2 0 910 10 17792 1436
p 2 0 917 3 17528 1453
p 2 0 913 7 18149 1446
p 2 0 919 1 17844 1456
p 2 0 918 2 17752 1476
p 2 0 918 2 16176 1479
p 2 0 906 14 16504 1457
p 2 0 916 4 14125 1431
p 2 0 909 11 13815 1388
p 2 0 909 11 11967 1369
p 2 0 913 7 10586 1339
p 2 0 911 9 8112 1313
p 2 0 911 9 7311 1287
p 2 0 914 6 8357 1297
p 2 0 909 11 11451 1337
p 2 0 908 12 14324 1375
p 2 0 882 38 14995 1384
p 2 0 903 17 14998 1396
p 2 0 901 19 16339 1406
p 2 0 894 26 16981 1388
p 2 0 899 21 16712 1381
p 2 0 906 14 16667 1421
p 2 0 905 15 17426 1411
p 2 0 868 52 18356 1414
p 2 0 873 47 17023 1384
p 2 0 849 71 14317 1338
p 2 0 813 107 11411 1216
p 2 0 772 148 8284 1069
p 2 0 739 181 4927 985
p 2 66 567 287 12680 1194
p 2 0 498 422 2447 717
p 2 0 400 520 1441 592
p 2 39 254 627 9417 755
p 2 0 322 598 1117 516
p 2 0 320 600 1954 533
p 2 19 243 658 5936 611
p 2 0 236 684 1597 446
p 2 0 193 727 858 383
p 2 9 189 722 3286 463
p 2 0 184 736 727 373
p 2 2 194 724 2085 414
p 2 0 256 664 943 449
p 2 0 252 668 1599 440
i 2 920 0 0 58908 4736
p 2 3 916 1 17071 1740
p 2 0 919 1 19427 1683
p 2 1 918 1 23060 1800
p 2 2 918 0 20348 1702
p 2 0 920 0 21407 1685
p 2 0 920 0 23539 1719
p 2 0 920 0 21678 1685
p 2 0 920 0 22187 1677
p 2 0 920 0 24984 1701
p 2 0 920 0 22809 1692
p 2 0 920 0 24507 1760
p 2 0 920 0 25757 1723
p 2 1 919 0 24686 1693
p 2 0 920 0 24137 1662
p 2 0 920 0 27316 1698
p 2 0 920 0 24072 1676
p 2 0 920 0 25240 1676
p 2 0 920 0 26262 1680
p 2 0 920 0 25635 1672
p 2 0 920 0 25075 1678
p 2 0 920 0 27166 1690
p 2 0 920 0 25271 1673
p 2 0 920 0 26487 1663
p 2 0 920 0 27235 1676
p 2 0 920 0 26546 1655
p 2 0 920 0 26121 1647
p 2 0 920 0 28771 1673
p 2 0 920 0 26397 1651
p 2 0 920 0 27348 1641
p 2 0 920 0 28105 1670
p 2 0 920 0 26667 1645
p 2 0 920 0 26305 1647
p 2 0 920 0 28338 1654
p 2 0 920 0 26594 1654
p 2 0 920 0 27840 1637
p 2 0 920 0 27896 1639
p 2 0 920 0 27755 1624
p 2 0 920 0 26772 1625
p 2 0 920 0 28380 1645
p 2 0 920 0 27107 1640
p 2 0 920 0 28062 1641
p 2 1 919 0 28691 1643
p 2 0 920 0 28234 1620
p 2 0 920 0 28264 1639
p 2 0 920 0 29149 1637
p 2 1 919 0 28776 1628
p 2 0 920 0 28135 1626
p 2 0 920 0 29636 1628
p 2 0 920 0 28424 1626
p 2 0 920 0 29344 1625
p 2 0 920 0 28765 1645
p 2 0 920 0 28857 1626
p 2 0 920 0 28741 1611
p 2 0 920 0 30030 1633
p 2 0 920 0 28162 1618
p 2 0 920 0 29054 1615
p 2 0 920 0 28949 1608
p 2 0 920 0 29620 1616
i 2 920 0 0 35883 4115
p 2 0 918 2 8686 1402
p 2 0 919 1 8084 1323
p 2 0 920 0 4763 1217
p 2 0 920 0 9333 1339
p 2 0 920 0 10100 1395
p 2 0 920 0 10609 1361
p 2 0 920 0 11367 1391
p 2 0 920 0 10435 1374
p 2 0 920 0 9983 1348
p 2 1 919 0 10130 1418
p 2 0 920 0 8547 1321
p 2 0 920 0 8657 1304
p 2 0 920 0 8462 1289
p 2 2 918 0 8219 1326
p 2 0 920 0 8489 1302
p 2 2 918 0 8567 1305
p 2 0 920 0 9161 1327
p 2 0 920 0 10012 1323
p 2 0 920 0 10880 1338
p 2 1 919 0 12019 1421
p 2 0 920 0 12179 1394
p 2 1 919 0 12813 1418
p 2 0 920 0 12529 1431
p 2 0 920 0 12686 1434
p 2 1 919 0 13203 1433
p 2 1 919 0 13001 1461
p 2 1 919 0 12502 1438
p 2 1 919 0 12219 1430
p 2 0 920 0 12010 1430
p 2 0 920 0 12619 1417
p 2 1 917 2 13420 1530
p 2 0 920 0 11312 1407
p 2 0 918 2 10935 1413
p 2 2 918 0 8473 1300
p 2 0 920 0 6522 1225
p 2 0 920 0 4576 1157
p 2 3 917 0 4778 1142
p 2 2 918 0 9301 1251
p 2 2 918 0 11296 1338
p 2 4 916 0 12278 1417
p 2 1 919 0 11001 1385
p 2 0 920 0 10374 1354
p 2 2 918 0 10703 1380
p 2 0 919 1 10641 1386
p 2 0 919 1 9926 1354
p 2 2 918 0 7170 1293
p 2 0 919 1 4744 1219
p 2 0 920 0 8092 1266
p 2 1 919 0 9556 1287
p 2 1 919 0 9955 1286
p 2 0 920 0 9789 1325
p 2 1 918 1 11502 1370
p 2 1 919 0 7552 1228
p 2 0 920 0 5464 1168
p 2 0 920 0 4871 1135
p 2 0 919 1 10194 1278
p 2 0 919 1 10075 1305
p 2 0 919 1 9456 1306
p 2 0 919 1 9494 1325
p 2 0 920 0 5368 1240
p 2 0 920 0 6462 1201
p 2 0 920 0 7912 1231
p 2 0 919 1 9420 1267
p 2 0 918 2 6655 1174
p 2 1 918 1 3854 1125
p 2 0 916 4 9218 1241
p 2 0 915 5 8289 1233
p 2 0 918 2 5676 1222
p 2 0 917 3 6110 1190
p 2 0 892 28 7323 1168
p 2 0 666 254 5097 907
p 2 0 391 529 1576 590
p 2 0 191 729 640 380
p 2 0 132 788 616 326
p 2 207 531 182 36679 2493
p 2 137 779 4 20188 2513
p 2 114 801 5 22479 2537
i 2 920 0 0 51379 4672
p 2 273 647 0 33142 3193
p 2 314 606 0 39499 3261
p 2 248 652 20 59560 3611
p 2 72 621 227 16797 1787
p 2 69 437 414 17587 1468
p 2 190 706 24 57199 3296
p 2 54 551 315 10946 1456
p 2 217 684 19 59590 3341
p 2 433 421 66 24175 3186
i 2 920 0 0 7154 3118
p 2 417 450 53 43614 3742
p 2 541 376 3 72099 4587
p 2 205 652 63 48275 3099
p 2 170 746 4 64359 3220
p 2 83 667 170 24329 2100
p 2 273 639 8 68459 3611
p 2 86 611 223 24154 2041
p 2 274 509 137 59661 3184
p 2 0 372 548 1548 611
p 2 5 860 55 18494 1536
p 2 160 756 4 29296 2652
p 2 186 732 2 38010 2904
p 2 169 748 3 28751 2745
p 2 185 734 1 33759 2901
p 2 149 771 0 26882 2764
p 2 160 759 1 26273 2815
p 2 95 823 2 27504 2655
p 2 0 697 223 2549 1013
p 2 0 369 551 1020 579
p 2 0 377 543 1482 607
p 2 0 284 636 913 502
p 2 0 409 511 1326 626
p 2 1 303 616 1382 522
p 2 0 302 618 1028 513
p 2 0 269 651 962 479
p 2 0 350 570 1548 575
p 2 0 255 665 936 473
p 2 0 271 649 1041 488
p 2 1 283 636 1400 521
p 2 0 368 552 1363 604
p 2 0 289 631 1073 514
p 2 0 195 725 952 413
p 2 0 302 618 1084 530
p 2 0 360 560 1238 592
p 2 0 299 621 1285 514
p 2 0 249 671 887 465
p 2 0 202 718 687 410
p 2 1 132 787 849 342
p 2 0 226 694 796 437
p 2 0 200 720 663 394
p 2 0 179 741 803 386
p 2 0 128 792 480 319
p 2 0 145 775 560 347
p 2 1 131 788 874 337
p 2 0 150 770 539 347
p 2 0 154 766 577 360
p 2 0 192 728 1060 406
p 2 0 176 744 650 388
p 2 0 174 746 673 384
p 2 1 208 711 1075 429
p 2 0 208 712 776 420
p 2 0 192 728 738 404
p 2 126 400 394 29477 1884
p 2 0 410 510 1658 664
p 2 0 334 586 1196 565
p 2 85 402 433 23661 1622
p 2 0 368 552 1577 622
p 2 93 415 412 19236 1619
p 2 0 386 534 1457 651
p 2 45 412 463 14174 1281
p 2 0 374 546 1358 628
p 2 13 395 512 14984 1085
p 2 0 331 589 1344 580
p 2 0 283 637 1029 511
p 2 0 252 668 932 474
p 2 0 308 612 1084 536
p 2 0 199 721 749 411
p 2 0 225 695 810 430
p 2 0 222 698 833 436
p 2 0 217 703 799 427
p 2 0 140 780 547 339
p 2 0 135 785 551 342
p 2 0 165 755 621 365
p 2 0 174 746 694 379
p 2 0 153 767 571 352
p 2 0 148 772 583 352
p 2 0 156 764 619 363
p 2 0 154 766 570 355
i 2 920 0 0 20167 3771
p 2 0 623 297 1188 839
p 2 0 586 334 1079 777
p 2 0 440 480 1022 658
p 2 0 417 503 1035 628
p 2 0 380 540 981 598
p 2 0 408 512 1014 622
p 2 0 364 556 949 590
p 2 0 379 541 934 599
p 2 0 406 514 1073 632
p 2 0 458 462 1115 684
p 2 0 420 500 1130 651
p 2 0 470 450 1262 707
p 2 0 429 491 1270 665
p 2 0 421 499 1105 658
p 2 0 313 607 874 525
p 2 0 316 604 810 526
p 2 0 317 603 808 522
p 2 0 305 615 766 506
p 2 0 256 664 616 453
p 2 0 289 631 722 485
p 2 0 308 612 786 518
p 2 0 338 582 955 560
p 2 0 313 607 881 534
p 2 98 542 280 18597 2012
p 2 0 514 406 1618 818
p 2 0 450 470 1188 695
p 2 125 503 292 19009 2034
p 2 0 503 417 1430 754
p 2 0 450 470 1144 676
i 2 920 0 0 21806 3892
p 2 0 576 344 1064 776
p 2 0 528 392 893 721
p 2 201 562 157 25801 2584
p 2 0 563 357 1570 831
p 2 0 391 529 908 598
p 2 0 481 439 1805 718
p 2 0 453 467 1229 669
p 2 0 427 493 1122 654
p 2 58 632 230 19883 1933
p 2 0 602 318 1873 869
p 2 0 497 423 1377 727
p 2 37 668 215 18956 1815
p 2 0 577 343 1742 842
p 2 0 465 455 1142 689
p 2 38 657 225 17666 1782
p 2 0 530 390 1483 783
p 2 0 444 476 988 651
p 2 20 700 200 16450 1699
p 2 0 641 279 1955 919
p 2 0 581 339 1396 804
p 2 4 476 440 1505 740
p 2 0 494 426 1213 709
p 2 0 475 445 1309 694
p 2 2 393 525 1653 630
p 2 0 424 496 1084 629
p 2 0 429 491 1066 636
p 2 0 386 534 1411 610
p 2 0 296 624 701 494
p 2 0 346 574 843 549
p 2 0 319 601 1264 536
p 2 0 356 564 908 562
p 2 0 305 615 836 509
p 2 0 375 545 1005 592
p 2 0 416 504 1153 644
p 2 0 411 509 1468 653
p 2 0 342 578 932 551
p 2 1 359 560 1141 589
p 2 0 387 533 983 603
p 2 0 338 582 875 543
p 2 0 275 645 747 484
p 2 0 269 651 757 463
p 2 0 277 643 812 489
p 2 0 272 648 739 475
p 2 0 285 635 716 487
p 2 0 257 663 692 456
p 2 0 283 637 739 496
i 2 920 0 0 69970 4976
p 2 0 136 784 403 321
p 2 0 76 844 317 265
p 2 36 199 685 18241 827
p 2 0 145 775 922 348
p 2 0 78 842 437 272
p 2 36 212 672 18096 864
p 2 0 191 729 882 397
p 2 0 154 766 608 343
p 2 28 177 715 17610 755
p 2 0 191 729 915 397
p 2 0 157 763 690 346
p 2 2 268 650 15899 686
p 2 0 165 755 896 376
p 2 0 159 761 566 345
p 2 10 238 672 15848 695
p 2 0 239 681 1088 447
p 2 0 207 713 894 403
p 2 40 219 661 20169 899
p 2 0 214 706 924 417
p 2 0 191 729 683 378
p 2 37 160 723 18619 769
p 2 0 193 727 870 389
p 2 0 185 735 777 372
p 2 30 256 634 17325 831
p 2 0 158 762 788 361
p 2 0 147 773 577 334
p 2 7 242 671 13362 634
p 2 0 181 739 972 383
p 2 0 106 814 571 298
p 2 6 181 733 12537 554
p 2 0 182 738 828 379
p 2 0 139 781 599 327
p 2 22 123 775 12291 581
p 2 0 147 773 720 340
p 2 0 151 769 622 341
p 2 21 159 740 12544 608
p 2 0 152 768 728 350
p 2 0 127 793 538 316
p 2 20 114 786 11791 548
p 2 0 135 785 643 328
p 2 0 120 800 506 311
p 2 3 195 722 9398 520
p 2 0 118 802 616 313
p 2 0 126 794 493 311
p 2 5 174 741 9097 507
p 2 0 155 765 705 350
p 2 0 133 787 537 318
p 2 19 211 690 10370 623
p 2 0 118 802 597 312
p 2 0 133 787 498 319
p 2 10 178 732 9528 539
p 2 0 165 755 706 360
p 2 0 132 788 523 317
p 2 26 172 722 9199 593
p 2 0 55 865 392 247
p 2 0 107 813 450 295
p 2 6 140 774 7697 435
p 2 0 158 762 698 348
p 2 0 54 866 323 245
p 2 0 109 811 1460 309
p 2 0 110 810 491 299
p 2 0 140 780 557 326
p 2 0 69 851 977 265
p 2 0 116 804 505 305
p 2 0 129 791 524 316
p 2 0 125 795 528 314
p 2 0 131 789 542 320
p 2 0 133 787 569 325
p 2 0 57 863 334 251
p 2 0 125 795 538 317
p 2 0 130 790 545 321
p 2 0 177 743 714 370
p 2 0 101 819 466 290
p 2 0 138 782 568 332
p 2 0 135 785 594 331
p 2 0 152 768 604 343
p 2 0 159 761 627 352
p 2 0 137 783 552 326
p 2 0 37 883 286 230
p 2 0 100 820 452 291
p 2 0 99 821 447 290
p 2 0 84 836 388 269
p 2 0 29 891 254 220
p 2 0 66 854 334 254
p 2 0 95 825 399 278
p 2 0 98 822 424 286
p 2 0 85 835 394 274
p 2 0 99 821 423 285
p 2 0 117 803 523 312
p 2 0 119 801 489 308
p 2 0 113 807 482 302
p 2 0 120 800 507 310
p 2 0 131 789 581 326
p 2 0 126 794 562 320
p 2 0 71 849 371 262
p 2 0 110 810 476 299
p 2 0 130 790 567 320
p 2 0 117 803 529 308
p 2 0 48 872 293 239
p 2 0 92 828 417 281
p 2 0 104 816 459 292
p 2 0 77 843 373 264
p 2 0 40 880 279 231
p 2 0 50 870 307 243
p 2 0 52 868 315 239
p 2 0 53 867 322 244
p 2 0 40 880 272 230
p 2 0 52 868 342 242
i 2 920 0 0 56403 4564
p 2 0 149 771 418 337
p 2 0 106 814 322 292
p 2 227 380 313 43982 2640
p 2 0 351 569 1440 616
p 2 0 198 722 708 400
p 2 229 381 310 43744 2652
p 2 0 328 592 1357 564
p 2 0 257 663 892 468
p 2 203 409 308 39627 2468
p 2 0 369 551 1431 610
p 2 0 188 732 649 389
p 2 172 486 262 38290 2369
p 2 0 356 564 1487 599
p 2 0 187 733 633 382
p 2 0 180 740 732 371
p 2 0 83 837 355 275
p 2 0 87 833 394 275
p 2 0 81 839 490 268
p 2 0 89 831 414 277
p 2 0 47 873 303 238
p 2 0 30 890 346 226
p 2 0 22 898 249 215
p 2 0 38 882 303 233
p 2 0 48 872 427 242
p 2 0 21 899 254 216
p 2 0 24 896 241 215
p 2 0 18 902 305 215
p 2 0 5 915 208 200
p 2 0 9 911 217 205
p 2 0 9 911 358 206
p 2 0 18 902 239 211
p 2 0 7 913 208 202
p 2 0 13 907 286 212
p 2 0 10 910 221 207
p 2 0 10 910 217 205
p 2 0 49 871 451 240
p 2 0 30 890 260 223
p 2 0 20 900 239 211
p 2 0 22 898 318 216
p 2 0 22 898 251 217
p 2 0 8 912 213 203
p 2 0 10 910 331 207
p 2 0 7 913 214 203
p 2 0 22 898 243 214
p 2 0 13 907 226 207
p 2 0 6 914 211 202
p 2 0 10 910 218 205
p 2 0 9 911 300 207
p 2 0 2 918 200 199
p 2 0 6 914 268 204
p 2 0 6 914 212 202
p 2 0 17 903 239 211
p 2 0 2 918 201 199
p 2 0 14 906 223 207
p 2 0 14 906 224 208
p 2 0 8 912 215 203
p 2 0 5 915 208 201
p 2 0 7 913 211 203
p 2 0 2 918 200 199
p 2 0 5 915 209 202
p 2 0 4 916 204 200
p 2 0 0 920 197 197
p 2 0 1 919 199 198
p 2 0 1 919 199 198
p 2 0 0 920 197 197
p 2 0 0 920 197 197
p 2 0 4 916 205 200
p 2 0 1 919 198 198
p 2 0 3 917 203 199
p 2 0 27 893 267 220
p 2 0 6 914 210 202
p 2 109 394 417 34683 1936
p 2 0 328 592 1344 562
p 2 0 180 740 610 377
p 2 43 477 400 27628 1623
p 2 0 340 580 1360 588
p 2 0 172 748 598 378
p 2 31 461 428 28226 1525
p 2 0 328 592 1325 554
p 2 0 174 746 592 371
p 2 0 186 734 632 374
p 2 0 78 842 334 270
p 2 0 104 816 419 292
p 2 0 84 836 348 274
p 2 0 101 819 453 290
p 2 0 63 857 330 253
p 2 0 113 807 498 302
p 2 0 87 833 394 277
p 2 0 46 874 300 238
p 2 0 44 876 293 234
p 2 0 30 890 266 222
p 2 0 12 908 224 207
p 2 0 30 890 268 224
p 2 0 9 911 221 206
p 2 0 18 902 233 211
p 2 0 11 909 218 206
p 2 0 6 914 207 203
p 2 0 4 916 203 199
p 2 0 0 920 197 197
p 2 0 4 916 204 199
p 2 0 254 666 1024 436
i 2 920 0 0 58117 4606
p 2 2 915 3 14235 1472
p 2 3 914 3 7567 1232
p 2 208 711 1 34693 2751
p 2 12 908 0 18417 1627
p 2 18 902 0 19964 1679
p 2 172 748 0 41563 2738
p 2 5 915 0 25020 1647
p 2 10 909 1 20247 1521
p 2 64 856 0 33882 2137
p 2 9 910 1 20664 1665
p 2 7 911 2 19785 1580
p 2 67 849 4 34827 2242
p 2 1 913 6 21623 1574
p 2 0 915 5 19957 1564
p 2 1 914 5 24646 1624
p 2 0 918 2 24486 1611
p 2 0 904 16 24799 1588
p 2 0 691 229 8416 1016
p 2 0 393 527 1276 589
p 2 0 160 760 471 344
p 2 1 166 753 6186 418
p 2 0 234 686 813 420
p 2 0 150 770 527 336
p 2 2 180 738 7254 448
p 2 0 99 821 539 302
p 2 0 73 847 352 264
p 2 1 101 818 6835 358
p 2 0 80 840 461 276
p 2 0 33 887 278 227
p 2 0 124 796 5982 363
p 2 0 75 845 494 275
p 2 0 37 883 280 228
p 2 3 74 843 5707 341
p 2 0 57 863 392 249
p 2 0 18 902 247 214
p 2 1 75 844 5687 327
p 2 0 63 857 455 262
p 2 0 25 895 263 218
p 2 0 14 906 226 207
p 2 0 4 916 206 201
i 2 920 0 0 69680 4781
p 2 0 176 744 448 358
p 2 0 96 824 289 281
p 2 0 245 675 20299 663
p 2 0 212 708 1057 420
p 2 0 113 807 517 310
p 2 0 238 682 20701 674
p 2 0 187 733 989 405
p 2 0 84 836 401 273
p 2 4 231 685 20471 685
p 2 0 193 727 1059 411
p 2 0 81 839 393 270
p 2 6 216 698 20722 681
p 2 0 186 734 1008 399
p 2 0 144 776 729 345
p 2 3 141 776 7174 424
p 2 0 107 813 587 302
p 2 0 80 840 413 268
p 2 6 140 774 7187 441
p 2 0 69 851 427 263
p 2 0 56 864 328 245
p 2 3 96 821 7076 375
p 2 0 104 816 531 298
p 2 0 71 849 363 259
p 2 1 132 787 7120 397
p 2 0 80 840 447 278
p 2 0 54 866 403 244
p 2 0 120 800 6912 383
p 2 0 129 791 609 328
p 2 0 88 832 383 274
p 2 0 92 828 6825 355
p 2 0 57 863 394 253
p 2 0 32 888 265 223
p 2 4 76 840 6778 363
p 2 0 58 862 411 253
p 2 0 24 896 259 218
p 2 3 69 848 7047 350
p 2 0 63 857 461 263
p 2 0 21 899 257 216
p 2 3 61 856 6777 346
p 2 0 56 864 400 253
p 2 0 26 894 267 218
p 2 5 64 851 7016 359
p 2 0 52 868 427 254
p 2 0 22 898 268 218
p 2 3 65 852 6945 348
p 2 0 58 862 408 257
p 2 0 32 888 262 224
p 2 1 60 859 6739 328
p 2 0 55 865 423 258
p 2 0 30 890 269 224
p 2 0 65 855 6613 331
p 2 0 59 861 419 258
p 2 0 25 895 263 222
p 2 0 63 857 6762 333
p 2 0 54 866 430 254
p 2 0 30 890 274 225
p 2 3 58 859 6713 342
p 2 0 38 882 364 233
i 2 920 0 0 52611 4510
p 2 0 179 741 430 364
p 2 0 147 773 347 329
p 2 37 375 508 36018 1252
p 2 0 305 615 1237 512
p 2 0 107 813 440 297
p 2 23 354 543 36132 1204
p 2 0 286 634 1348 513
p 2 0 95 825 427 283
p 2 28 359 533 38854 1278
p 2 0 303 617 1369 517
p 2 0 126 794 502 317
p 2 43 448 429 41136 1491
p 2 0 330 590 1446 548
p 2 0 137 783 537 327
p 2 2 149 769 831 352
p 2 0 46 874 297 240
p 2 0 76 844 357 260
p 2 2 82 836 1021 285
p 2 0 54 866 340 245
p 2 0 34 886 283 226
p 2 1 61 858 872 270
p 2 0 25 895 257 219
p 2 0 34 886 273 227
p 2 1 28 891 917 237
p 2 0 57 863 344 248
p 2 0 42 878 316 235
p 2 2 43 875 609 255
p 2 0 16 904 236 210
p 2 0 16 904 230 211
p 2 2 23 895 889 231
p 2 0 18 902 235 211
p 2 0 9 911 215 204
p 2 1 38 881 827 245
p 2 0 17 903 242 211
p 2 0 18 902 236 211
p 2 1 65 854 1003 268
p 2 0 43 877 305 236
p 2 0 30 890 268 224
p 2 1 40 879 829 249
p 2 0 38 882 283 231
p 2 0 19 901 238 214
p 2 0 26 894 455 224
p 2 0 22 898 258 215
p 2 0 28 892 268 219
p 2 2 13 905 692 222
p 2 0 8 912 213 203
p 2 0 5 915 206 200
p 2 1 13 906 890 222
p 2 0 8 912 213 203
p 2 0 4 916 207 201
p 2 1 10 909 755 223
p 2 0 9 911 218 205
p 2 0 6 914 208 203
p 2 1 5 914 886 214
p 2 0 5 915 214 202
p 2 0 13 907 222 208
p 2 2 7 911 513 225
p 2 0 6 914 221 205
p 2 0 14 906 223 211
p 2 2 7 911 857 222
p 2 0 22 898 232 216
p 2 0 2 918 199 199
p 2 1 9 910 751 221
p 2 0 8 912 221 204
p 2 0 5 915 207 202
p 2 1 8 911 864 218
p 2 0 8 912 215 203
p 2 0 1 919 199 198
p 2 0 1 919 198 198
p 2 0 0 920 197 197
p 2 1 7 912 742 218
p 2 101 313 506 43594 1685
p 2 0 266 654 1216 494
p 2 0 94 826 419 290
p 2 89 299 532 42730 1547
p 2 0 278 642 1292 506
p 2 0 148 772 610 344
p 2 79 342 499 40861 1583
p 2 0 298 622 1235 518
p 2 0 112 808 463 307
p 2 67 344 509 38940 1462
p 2 0 258 662 1149 481
p 2 0 130 790 500 325
p 2 0 159 761 1289 364
p 2 0 64 856 335 256
p 2 0 52 868 300 242
p 2 0 81 839 1087 284
p 2 0 51 869 314 242
p 2 0 87 833 418 278
p 2 0 37 883 994 243
p 2 0 39 881 291 231
p 2 0 27 893 258 220
p 2 3 48 869 637 263
p 2 0 23 897 255 218
p 2 0 20 900 238 213
p 2 3 29 888 949 242
p 2 0 54 866 335 243
p 2 0 41 879 305 231
p 2 0 27 893 984 237
p 2 0 17 903 254 214
p 2 0 8 912 220 204
p 2 0 13 907 942 221
p 2 0 15 905 237 210
p 2 0 9 911 226 204
p 2 0 30 890 941 234
p 2 0 14 906 242 211
p 2 0 8 912 211 203
p 2 0 16 904 539 222
p 2 0 18 902 248 213
p 2 0 15 905 229 207
p 2 2 16 902 746 226
p 2 0 13 907 231 208
p 2 0 12 908 225 208
p 2 0 14 906 941 223
p 2 0 12 908 226 208
p 2 0 5 915 214 201
p 2 0 9 911 918 217
p 2 0 8 912 224 203
p 2 0 5 915 220 202
p 2 0 8 912 516 214
p 2 0 5 915 223 203
p 2 0 4 916 205 201
p 2 3 8 909 915 226
p 2 0 5 915 213 201
p 2 0 5 915 206 200
p 2 0 25 895 968 231
p 2 0 17 903 242 211
p 2 0 17 903 229 212
p 2 0 27 893 975 235
p 2 0 17 903 241 214
p 2 0 9 911 216 205
p 2 3 10 907 555 230
p 2 0 7 913 217 203
p 2 0 6 914 211 202
p 2 3 7 910 915 225
p 2 0 4 916 208 201
p 2 0 3 917 202 200
p 2 0 2 918 199 199
p 2 0 2 918 199 199
p 2 0 1 919 198 198
p 2 0 3 917 202 200
p 2 0 5 915 203 202
p 2 0 3 917 204 201
p 2 0 3 917 205 201
p 2 0 2 918 204 199
p 2 0 1 919 203 199
p 2 0 9 911 929 217
p 2 0 8 912 227 206
p 2 0 8 912 526 217
p 2 0 5 915 217 203
p 2 0 4 916 205 201
i 2 920 0 0 41068 4222
p 2 0 298 622 587 479
p 2 0 263 657 464 435
p 2 3 364 553 15474 928
p 2 0 309 611 1129 530
p 2 0 115 805 439 311
p 2 0 321 599 14317 845
p 2 0 239 681 1058 470
p 2 0 106 814 423 299
p 2 1 302 617 15464 870
p 2 0 258 662 1084 488
p 2 0 124 796 487 324
p 2 2 300 618 15560 860
p 2 0 254 666 1251 492
p 2 0 130 790 517 327
p 2 0 104 816 660 309
p 2 0 72 848 358 261
p 2 0 92 828 445 288
p 2 0 59 861 653 249
p 2 0 35 885 289 228
p 2 0 24 896 243 219
p 2 0 63 857 604 261
p 2 0 24 896 241 216
p 2 0 25 895 261 219
p 2 0 107 813 694 296
p 2 0 63 857 315 255
p 2 0 56 864 292 247
p 2 0 25 895 450 225
p 2 0 36 884 261 229
p 2 0 13 907 221 207
p 2 0 10 910 559 208
p 2 0 8 912 215 204
p 2 0 9 911 215 204
p 2 0 11 909 406 212
p 2 0 2 918 202 199
p 2 0 4 916 205 200
p 2 0 13 907 557 210
p 2 0 8 912 219 204
p 2 0 4 916 204 200
p 2 0 6 914 458 207
p 2 0 7 913 217 202
p 2 0 5 915 206 201
p 2 0 5 915 503 205
p 2 0 5 915 211 200
p 2 0 2 918 201 199
p 2 0 0 920 197 197
p 2 0 1 919 199 198
p 2 0 0 920 197 197
p 2 21 393 506 29839 1369
p 2 0 316 604 1489 566
p 2 0 138 782 579 336
p 2 24 397 499 27732 1394
p 2 0 332 588 1580 584
p 2 0 179 741 748 388
p 2 25 396 499 25188 1356
p 2 0 315 605 1364 563
p 2 0 185 735 733 397
p 2 6 409 505 18834 1087
p 2 0 320 600 1315 561
p 2 0 168 752 589 364
p 2 1 416 503 18289 1101
p 2 0 334 586 1362 561
p 2 0 183 737 638 383
p 2 0 127 793 711 321
p 2 0 94 826 423 286
p 2 0 56 864 326 250
p 2 0 45 875 455 242
p 2 0 17 903 232 213
p 2 0 11 909 226 208
p 2 0 12 908 417 209
p 2 0 33 887 288 226
p 2 0 21 899 247 215
p 2 0 108 812 618 302
p 2 0 38 882 291 229
p 2 0 31 889 277 225
p 2 0 41 879 614 240
p 2 0 33 887 278 226
p 2 0 23 897 253 217
p 2 0 20 900 405 223
p 2 0 10 910 215 206
p 2 0 6 914 206 202
p 2 0 7 913 531 206
p 2 0 4 916 206 200
p 2 0 3 917 201 200
p 2 0 4 916 386 204
p 2 0 3 917 205 200
p 2 0 3 917 202 200
p 2 0 3 917 406 204
p 2 0 4 916 208 201
p 2 0 2 918 201 199
p 2 0 3 917 204 200
p 2 0 1 919 199 198
p 2 0 2 918 203 200
p 2 3 396 521 17719 1088
p 2 0 295 625 1232 523
p 2 0 147 773 585 356
p 2 4 397 519 16999 1101
p 2 0 317 603 1303 557
p 2 0 126 794 523 326
p 2 0 402 518 16812 1073
p 2 0 310 610 1294 547
p 2 0 189 731 713 389
p 2 0 394 526 13828 945
p 2 0 291 629 1216 522
p 2 0 118 802 523 318
p 2 0 383 537 12892 896
p 2 0 302 618 1306 541
p 2 0 154 766 633 357
p 2 0 101 819 711 302
p 2 0 54 866 340 249
p 2 0 53 867 304 247
p 2 0 44 876 477 239
p 2 0 68 852 366 261
p 2 0 37 883 275 232
p 2 0 18 902 465 216
p 2 0 26 894 256 219
p 2 0 41 879 301 233
p 2 0 15 905 325 212
p 2 0 17 903 233 210
p 2 0 17 903 242 213
p 2 0 59 861 594 251
p 2 0 34 886 264 225
p 2 0 40 880 281 231
p 2 0 40 880 448 232
p 2 0 40 880 286 234
p 2 0 14 906 224 210
p 2 0 16 904 452 212
p 2 0 11 909 234 208
p 2 0 24 896 249 218
p 2 0 9 911 315 208
p 2 0 8 912 216 204
p 2 0 9 911 215 204
p 2 0 19 901 502 214
p 2 0 9 911 218 204
p 2 0 24 896 250 218
p 2 0 12 908 397 209
p 2 0 5 915 210 202
p 2 0 5 915 205 200
p 2 0 4 916 425 202
p 2 0 3 917 206 200
p 2 0 9 911 215 205
p 2 0 3 917 382 202
p 2 0 4 916 208 202
p 2 0 9 911 214 203
p 2 0 5 915 256 204
p 2 0 10 910 211 206
p 2 0 6 914 207 202
p 2 0 7 913 405 203
p 2 0 12 908 236 208
p 2 0 15 905 236 210
p 2 0 8 912 442 207
p 2 0 5 915 215 202
p 2 0 2 918 200 199
p 2 0 7 913 392 207
p 2 0 7 913 213 203
p 2 0 3 917 204 200
p 2 0 5 915 428 202
p 2 0 3 917 210 200
p 2 0 1 919 198 198
p 2 0 3 917 299 203
p 2 0 1 919 198 198
p 2 0 1 919 198 198
p 2 0 8 912 479 206
p 2 0 3 917 207 200
p 2 0 3 917 204 200
p 2 0 4 916 380 204
p 2 0 7 913 220 204
p 2 0 4 916 207 200
p 2 0 16 904 446 211
p 2 0 8 912 211 204
p 2 0 2 918 201 199
p 2 0 6 914 300 206
p 2 0 3 917 205 200
p 2 0 1 919 198 198
p 2 0 3 917 462 201
p 2 0 4 916 206 200
p 2 0 2 918 200 199
p 2 0 8 912 386 206
p 2 0 2 918 202 199
p 2 0 2 918 201 200
p 2 0 3 917 422 202
p 2 0 15 905 233 209
p 2 0 9 911 216 205
p 2 0 12 908 399 212
p 2 0 6 914 208 203
p 2 0 1 919 198 198
p 2 0 3 917 253 202
p 2 0 3 917 203 200
p 2 0 2 918 200 199
p 2 0 1 919 391 199
p 2 0 2 918 204 199
p 2 0 1 919 199 198
p 2 0 13 907 442 209
p 2 0 13 907 232 208
p 2 0 3 917 208 200
p 2 0 3 917 300 203
p 2 0 7 913 210 203
p 2 0 4 916 209 201
p 2 0 5 915 465 203
p 2 0 3 917 206 200
p 2 0 2 918 200 199
p 2 0 3 917 382 202
p 2 0 3 917 207 201
p 2 0 1 919 199 199
p 2 0 3 917 429 202
p 2 0 3 917 203 199
p 2 0 1 919 199 199
p 2 0 1 919 199 198
p 2 0 1 919 198 198
p 2 0 1 919 199 198
p 2 0 4 916 382 204
p 2 0 3 917 209 201
p 2 0 2 918 253 202
p 2 0 1 919 198 198
p 2 0 1 919 198 198
i 2 920 0 0 53845 4863
p 2 0 199 721 477 389
p 2 0 152 768 367 338
p 2 1 221 698 12667 580
p 2 0 188 732 770 385
p 2 0 86 834 364 274
p 2 1 180 739 10109 513
p 2 0 129 791 739 334
p 2 0 71 849 362 263
p 2 0 155 765 9731 481
p 2 0 132 788 724 339
p 2 0 63 857 361 258
p 2 1 24 895 794 232
p 2 0 49 871 335 241
p 2 0 25 895 250 217
p 2 2 26 892 593 236
p 2 0 23 897 253 217
p 2 0 39 881 288 233
p 2 1 16 903 827 222
p 2 0 23 897 251 218
p 2 0 26 894 250 219
p 2 0 49 871 896 251
p 2 0 19 901 248 212
p 2 0 19 901 238 212
p 2 1 48 871 840 251
p 2 0 23 897 253 219
p 2 0 17 903 229 210
p 2 2 33 885 601 244
p 2 0 13 907 228 208
p 2 0 11 909 221 207
p 2 1 16 903 812 220
p 2 0 10 910 230 207
p 2 0 19 901 238 213
p 2 0 15 905 793 221
p 2 0 14 906 230 207
p 2 0 13 907 223 206
p 2 1 12 907 762 220
p 2 0 11 909 217 207
p 2 0 4 916 205 201
p 2 0 12 908 783 215
p 2 0 12 908 231 206
p 2 0 2 918 201 199
p 2 2 6 912 560 220
p 2 0 6 914 211 201
p 2 0 6 914 207 203
p 2 0 7 913 736 211
p 2 0 9 911 221 204
p 2 0 1 919 198 198
p 2 1 14 905 777 221
p 2 0 8 912 214 204
p 2 0 3 917 202 200
p 2 0 15 905 781 218
p 2 0 8 912 227 204
p 2 0 6 914 211 201
p 2 1 10 909 758 216
p 2 0 10 910 228 206
p 2 0 5 915 204 201
p 2 2 8 910 550 224
p 2 0 2 918 206 199
p 2 0 2 918 202 199
p 2 1 11 908 793 216
p 2 0 5 915 207 202
p 2 0 2 918 201 199
p 2 0 10 910 787 215
p 2 0 7 913 224 204
p 2 0 3 917 205 200
p 2 1 8 911 750 216
p 2 0 7 913 217 204
p 2 0 3 917 203 200
p 2 0 12 908 796 217
p 2 0 5 915 215 201
p 2 0 1 919 199 198
p 2 2 13 905 575 226
p 2 0 11 909 218 206
p 2 0 1 919 198 198
p 2 1 8 911 791 215
p 2 0 6 914 218 203
p 2 0 4 916 205 201
p 2 0 10 910 805 216
p 2 0 6 914 223 202
p 2 0 5 915 208 202
p 2 1 5 914 742 214
p 2 0 4 916 211 201
p 2 0 1 919 200 198
p 2 0 0 920 197 197
p 2 0 0 920 197 197
p 2 0 1 919 199 199
p 2 38 265 617 8603 1095
p 2 0 487 433 3034 709
p 2 95 513 312 15461 1688
p 2 0 653 267 6269 876
p 2 53 711 156 16280 1667
p 2 0 718 202 9077 983
p 2 47 815 58 18692 1754
p 2 0 847 73 7310 1153
p 2 0 791 129 7087 1075
p 2 10 828 82 12473 1375
p 2 0 804 116 8007 1124
p 2 0 827 93 8246 1173
p 2 10 819 91 13388 1418
p 2 0 606 314 2461 862
p 2 0 325 595 1059 518
p 2 8 378 534 6206 779
p 2 0 213 707 747 421
p 2 0 172 748 580 364
p 2 6 200 714 5033 563
p 2 0 138 782 521 334
p 2 0 84 836 387 278
p 2 0 58 862 562 259
p 2 0 36 884 271 233
p 2 0 37 883 367 234
p 2 0 18 902 232 213
p 2 0 19 901 223 214
i 2 920 0 0 37187 4501
p 2 0 241 679 578 425
p 2 188 497 235 35533 2621
p 2 0 376 544 1319 625
p 2 96 569 255 37493 2334
p 2 0 441 479 1713 740
p 2 108 574 238 40209 2438
p 2 0 453 467 1785 753
p 2 0 269 651 811 474
p 2 14 473 433 15233 1275
p 2 0 374 546 1399 630
p 2 0 194 726 674 404
p 2 19 428 473 14418 1266
p 2 0 334 586 1206 578
p 2 0 181 739 597 388
p 2 21 410 489 15213 1243
p 2 0 302 618 1115 547
p 2 0 211 709 667 413
p 2 18 409 493 15871 1259
p 2 0 318 602 1191 567
p 2 0 202 718 643 410
p 2 1 180 739 1647 398
p 2 0 110 810 448 308
p 2 0 85 835 345 275
p 2 0 67 853 334 261
p 2 0 41 879 280 235
p 2 0 33 887 259 227
p 2 0 21 899 230 214
p 2 0 33 887 1040 254
p 2 0 31 889 269 224
p 2 1 18 901 519 228
p 2 0 17 903 227 213
p 2 0 9 911 209 204
p 2 0 8 912 213 204
p 2 0 4 916 206 201
i 2 920 0 0 53528 4745
p 2 0 125 795 391 317
p 2 0 105 815 316 288
p 2 66 508 346 47821 1954
p 2 0 398 522 1552 620
p 2 0 146 774 561 342
p 2 111 525 284 52400 2312
p 2 0 404 516 1579 644
p 2 0 192 728 631 379
p 2 94 594 232 56157 2276
p 2 0 471 449 1816 705
p 2 0 206 714 651 396
p 2 123 604 193 57994 2520
p 2 0 470 450 1846 712
p 2 0 262 658 830 446
p 2 12 119 789 1070 375
p 2 0 109 811 370 297
p 2 0 95 825 377 284
p 2 11 89 820 1876 342
p 2 0 97 823 428 284
p 2 0 47 873 282 236
p 2 2 92 826 1943 328
p 2 0 41 879 313 235
p 2 0 20 900 254 214
p 2 0 39 881 1729 269
p 2 0 69 851 395 271
p 2 0 30 890 283 226
p 2 12 52 856 966 306
p 2 0 26 894 246 217
p 2 0 12 908 220 206
p 2 6 28 886 1521 264
p 2 0 30 890 275 225
p 2 0 46 874 1727 277
p 2 0 20 900 250 218
p 2 0 30 890 263 225
p 2 0 21 899 256 217
p 2 12 31 877 900 290
p 2 0 18 902 238 213
p 2 0 12 908 222 207
p 2 11 20 889 1762 280
p 2 0 14 906 243 208
p 2 0 9 911 221 205
p 2 3 25 892 1762 269
p 2 0 14 906 246 210
p 2 0 4 916 208 201
p 2 0 23 897 1707 255
p 2 0 16 904 253 217
p 2 0 13 907 221 208
p 2 0 7 913 209 204
p 2 0 4 916 201 201
p 2 0 4 916 201 200
p 2 0 5 915 203 201
p 2 0 2 918 199 199
p 2 0 1 919 199 198
p 2 0 3 917 203 200
p 2 0 0 920 197 197
i 2 920 0 0 71092 4801
p 2 0 131 789 398 318
p 2 0 58 862 287 251
p 2 0 27 893 664 221
p 2 0 31 889 263 223
p 2 0 17 903 219 210
p 2 0 21 899 680 219
p 2 0 13 907 224 208
p 2 0 10 910 212 205
p 2 0 3 917 203 199
p 2 0 2 918 200 199
p 2 0 1 919 199 198
p 2 0 2 918 200 199
p 2 0 18 902 229 212
p 2 0 4 916 209 201
p 2 14 154 752 22629 661
p 2 0 133 787 822 342
p 2 0 62 858 356 252
p 2 10 166 744 17662 577
p 2 0 123 797 732 330
p 2 0 74 846 378 264
p 2 8 155 757 16223 542
p 2 0 150 770 862 364
p 2 0 102 818 486 294
p 2 0 122 798 1128 313
p 2 0 82 838 432 273
p 2 0 60 860 344 251
p 2 0 40 880 775 234
p 2 0 47 873 308 237
p 2 0 23 897 246 217
p 2 0 30 890 796 226
p 2 0 18 902 240 212
p 2 0 35 885 286 228
p 2 1 15 904 687 219
p 2 0 20 900 254 215
p 2 0 15 905 241 211
p 2 1 24 895 695 227
p 2 0 25 895 261 217
p 2 0 10 910 216 205
p 2 0 11 909 730 209
p 2 0 16 904 234 210
p 2 0 10 910 225 205
p 2 0 15 905 747 212
p 2 0 5 915 218 201
p 2 0 5 915 212 200
p 2 1 6 913 662 212
p 2 0 4 916 209 200
p 2 0 4 916 213 201
p 2 1 16 903 666 220
p 2 0 5 915 208 201
p 2 0 4 916 204 200
p 2 0 15 905 747 212
p 2 0 10 910 226 206
p 2 0 8 912 216 203
p 2 0 12 908 746 209
p 2 0 8 912 218 203
p 2 0 2 918 202 199
p 2 0 6 914 704 204
p 2 0 5 915 211 200
p 2 0 5 915 208 200
p 2 1 7 912 522 212
p 2 0 3 917 204 200
p 2 0 2 918 202 199
p 2 1 6 913 649 211
p 2 0 2 918 202 200
p 2 0 3 917 204 200
p 2 0 11 909 731 209
p 2 0 6 914 212 202
p 2 0 3 917 204 200
p 2 0 5 915 731 204
p 2 0 14 906 230 208
p 2 0 1 919 200 198
p 2 0 8 912 711 206
p 2 0 4 916 224 201
p 2 0 3 917 204 199
p 2 1 7 912 524 212
p 2 0 6 914 207 202
p 2 0 1 919 199 198
p 2 92 110 718 26044 1089
p 2 0 101 819 597 305
p 2 0 41 879 307 235
p 2 33 187 700 25980 883
p 2 0 159 761 863 372
p 2 0 72 848 387 266
p 2 57 193 670 27548 1048
p 2 0 153 767 857 368
p 2 1 116 803 6034 376
p 2 0 80 840 1062 279
p 2 2 121 797 5726 381
p 2 0 75 845 486 273
p 2 4 80 836 5936 353
p 2 0 73 847 465 268
p 2 4 107 809 5816 379
p 2 0 65 855 1054 269
p 2 1 78 841 5765 337
p 2 0 75 845 478 271
p 2 3 155 762 6103 424
p 2 0 106 814 549 300
p 2 4 95 821 5435 364
p 2 2 91 827 1045 303
p 2 4 95 821 5778 373
p 2 0 49 871 387 245
p 2 1 91 828 6336 353
p 2 0 75 845 487 273
p 2 1 96 823 5628 354
p 2 0 53 867 997 254
p 2 4 73 843 5385 342
p 2 0 54 866 413 250
p 2 6 74 840 6073 364
p 2 0 49 871 403 247
p 2 1 67 852 5688 326
p 2 1 52 867 752 261
p 2 1 60 859 5513 320
p 2 0 42 878 383 239
p 2 3 59 858 5956 331
p 2 0 48 872 406 247
p 2 4 66 850 5717 344
p 2 2 53 865 772 265
p 2 1 61 858 5674 323
p 2 0 49 871 428 251
p 2 4 64 852 6022 339
p 2 0 45 875 389 244
p 2 4 57 859 5365 330
p 2 0 48 872 943 253
p 2 4 68 848 5696 343
p 2 0 49 871 388 246
p 2 1 69 850 6287 330
p 2 0 52 868 426 253
p 2 2 59 859 5498 322
p 2 0 48 872 412 249
p 2 4 54 862 5371 324
p 2 0 46 874 947 253
p 2 4 59 857 5686 339
p 2 2 53 865 534 262
p 2 0 14 906 237 209
p 2 91 162 667 29903 1154
p 2 0 143 777 800 355
p 2 0 67 853 381 258
p 2 43 186 691 28856 924
p 2 0 151 769 842 363
p 2 0 51 869 315 241
p 2 38 194 688 29856 904
p 2 0 168 752 883 384
p 2 0 67 853 360 260
p 2 27 171 722 11364 634
p 2 0 108 812 592 307
p 2 0 42 878 290 234
p 2 25 134 761 10492 584
p 2 0 128 792 691 331
p 2 0 55 865 333 247
p 2 105 163 652 33310 1332
p 2 0 139 781 747 346
p 2 0 60 860 351 251
p 2 100 150 670 31305 1222
p 2 0 123 797 691 331
p 2 0 46 874 337 240
p 2 77 155 688 26711 1080
p 2 0 124 796 748 338
p 2 0 52 868 322 244
p 2 64 159 697 24229 981
p 2 0 131 789 705 336
p 2 0 57 863 335 249
p 2 86 123 711 17677 1016
p 2 0 95 825 516 293
p 2 0 30 890 256 223
p 2 49 106 765 12145 700
p 2 0 84 836 484 279
p 2 0 35 885 284 227
p 2 13 88 819 7379 455
p 2 0 62 858 390 256
p 2 0 34 886 288 229
p 2 4 59 857 3805 333
p 2 0 69 851 428 269
p 2 0 28 892 260 224
p 2 0 40 880 1147 258
p 2 0 23 897 248 218
p 2 0 13 907 227 211
p 2 0 6 914 203 202
p 2 0 6 914 203 202
p 2 0 3 917 201 200
i 2 920 0 0 41968 4514
p 2 0 206 714 500 394
p 2 0 216 704 468 397
p 2 0 75 845 279 260
p 2 0 81 839 292 272
p 2 0 28 892 224 221
p 2 0 36 884 233 224
p 2 0 7 913 202 202
p 2 0 21 899 225 213
p 2 0 4 916 201 200
p 2 0 3 917 199 199
p 2 0 3 917 200 200
p 2 0 2 918 198 198
p 2 0 2 918 199 199
p 2 0 2 918 198 198
p 2 0 0 920 197 197
p 2 0 2 918 198 198
p 2 0 0 920 197 197
p 2 0 2 918 199 199
p 2 0 1 919 199 198
p 2 0 0 920 197 197
p 2 0 1 919 198 198
p 2 0 1 919 198 198
p 2 0 1 919 199 199
p 2 0 1 919 198 198
p 2 0 0 920 197 197
p 2 0 9 911 207 205
p 2 5 517 398 25610 1350
p 2 0 386 534 1592 616
p 2 0 199 721 778 395
p 2 3 533 384 23907 1348
p 2 0 382 538 1595 632
p 2 0 181 739 675 382
p 2 6 533 381 24106 1365
p 2 0 408 512 1779 666
p 2 0 221 699 772 428
p 2 5 544 371 26242 1374
p 2 0 415 505 1663 662
p 2 0 318 602 3135 546
p 2 0 144 776 741 346
p 2 0 191 729 2416 393
p 2 0 153 767 588 345
p 2 0 170 750 2645 379
p 2 0 88 832 451 281
p 2 0 111 809 2209 312
p 2 0 88 832 593 277
p 2 0 173 747 2400 376
p 2 0 65 855 401 261
p 2 0 136 784 2492 339
p 2 0 115 805 535 305
p 2 0 94 826 2201 299
p 2 0 58 862 370 251
p 2 0 82 838 2134 283
p 2 0 51 869 523 249
p 2 0 74 846 2108 276
p 2 0 36 884 423 233
p 2 0 50 870 2053 253
p 2 0 32 888 309 227
p 2 0 65 855 2090 268
p 2 0 33 887 305 228
p 2 0 50 870 2045 254
p 2 0 31 889 297 223
p 2 0 55 865 2074 260
p 2 0 32 888 550 232
p 2 0 50 870 2027 255
p 2 0 30 890 312 226
p 2 0 47 873 2244 254
p 2 0 29 891 316 225
p 2 0 41 879 2022 247
p 2 0 27 893 473 223
p 2 0 45 875 2069 254
p 2 0 31 889 312 228
p 2 0 50 870 2203 257
p 2 0 31 889 296 225
p 2 0 40 880 2050 248
p 2 0 30 890 543 228
p 2 0 43 877 2059 248
p 2 0 20 900 284 217
p 2 0 47 873 2234 253
p 2 0 26 894 299 221
p 2 0 42 878 2024 248
p 2 0 30 890 495 227
p 2 0 42 878 2050 247
p 2 0 25 895 283 219
p 2 0 42 878 2032 247
p 2 0 24 896 278 220
p 2 0 41 879 2217 250
p 2 0 31 889 331 228
p 2 0 40 880 2138 249
p 2 0 29 891 293 222
p 2 0 43 877 2035 247
p 2 0 26 894 293 222
p 2 0 37 883 2025 244
p 2 0 25 895 291 220
p 2 0 38 882 2039 245
p 2 0 23 897 279 218
p 2 0 36 884 2023 242
p 2 0 27 893 303 222
p 2 0 37 883 2031 244
p 2 0 23 897 289 219
p 2 0 36 884 2013 243
p 2 0 24 896 291 221
p 2 0 36 884 2028 242
p 2 0 23 897 286 221
p 2 0 36 884 2014 243
p 2 0 23 897 290 218
p 2 0 36 884 2019 243
i 2 920 0 0 42230 4017
p 2 0 843 77 6833 1187
p 2 0 848 72 9558 1246
p 2 0 835 85 10185 1277
p 2 0 819 101 10328 1255
p 2 0 851 69 10907 1310
p 2 0 827 93 10698 1285
p 2 0 837 83 10953 1302
p 2 0 829 91 10549 1270
p 2 0 845 75 11074 1319
p 2 0 830 90 10692 1278
p 2 0 834 86 10756 1299
p 2 0 825 95 11003 1303
p 2 0 857 63 11098 1321
p 2 0 847 73 11062 1323
p 2 0 834 86 11133 1306
p 2 0 817 103 10883 1284
p 2 0 839 81 11312 1325
p 2 0 845 75 10857 1320
p 2 0 835 85 10891 1322
p 2 0 838 82 10791 1307
p 2 0 841 79 11120 1312
p 2 0 851 69 11015 1335
p 2 0 850 70 11124 1319
p 2 0 830 90 10958 1302
p 2 0 847 73 11432 1320
p 2 0 862 58 10952 1334
p 2 0 839 81 11148 1309
p 2 0 816 104 10950 1287
p 2 0 847 73 11151 1320
p 2 0 850 70 10825 1319
p 2 0 840 80 11126 1308
p 2 0 836 84 10972 1315
p 2 0 824 96 11482 1297
p 2 0 845 75 11095 1314
p 2 0 842 78 11084 1323
p 2 0 822 98 10880 1282
p 2 0 842 78 11301 1324
p 2 0 839 81 10966 1306
p 2 0 845 75 11192 1332
p 2 0 819 101 11038 1277
p 2 0 826 94 11234 1312
p 2 0 844 76 11084 1301
p 2 0 829 91 11129 1303
p 2 0 820 100 10951 1272
p 2 0 847 73 11404 1316
p 2 0 831 89 11245 1309
p 2 0 823 97 11225 1293
p 2 0 814 106 11033 1283
p 2 0 839 81 11413 1317
p 2 0 811 109 10929 1266
p 2 0 851 69 11562 1333
p 2 0 877 43 11539 1373
p 2 0 836 84 11228 1297
p 2 0 808 112 11271 1275
p 2 0 862 58 11672 1357
p 2 0 891 29 11662 1371
p 2 0 845 75 11523 1319
p 2 0 819 101 11331 1294
p 2 0 849 71 11515 1352
p 2 0 816 104 11056 1285
p 2 0 863 57 11716 1353
p 2 0 831 89 11344 1301
p 2 0 853 67 11528 1347
p 2 0 828 92 11456 1310
p 2 0 851 69 11613 1344
p 2 0 825 95 11251 1309
p 2 0 853 67 11708 1356
p 2 0 828 92 11457 1310
p 2 0 858 62 11723 1368
p 2 0 841 79 11757 1324
p 2 19 901 0 24056 2223
p 2 11 909 0 26842 2182
p 2 18 902 0 28661 2174
p 2 19 901 0 30850 2202
p 2 24 896 0 30622 2180
p 2 23 897 0 31114 2174
p 2 29 891 0 34593 2211
p 2 41 879 0 32786 2213
p 2 45 875 0 33512 2215
p 2 60 860 0 38583 2273
p 2 49 871 0 34375 2222
p 2 50 870 0 35373 2228
p 2 52 868 0 41625 2327
p 2 0 912 8 19411 1584
p 2 1 892 27 20165 1485
p 2 2 888 30 25554 1522
p 2 0 889 31 20374 1465
p 2 0 882 38 20519 1459
p 2 2 876 42 27185 1507
p 2 0 888 32 20242 1454
p 2 0 871 49 20849 1421
p 2 12 868 40 26929 1562
p 2 0 872 48 20105 1423
p 2 0 871 49 20811 1429
p 2 3 881 36 26850 1497
p 2 0 863 57 20169 1420
p 2 0 871 49 20664 1432
p 2 3 877 40 26502 1523
p 2 0 876 44 20534 1439
p 2 0 875 45 20942 1449
p 2 4 864 52 26617 1525
p 2 0 866 54 20535 1438
p 2 0 881 39 21211 1445
p 2 5 871 44 26513 1516
p 2 0 880 40 20665 1453
p 2 0 876 44 21222 1455
p 2 8 866 46 27013 1534
p 2 0 844 76 20354 1409
p 2 0 873 47 21051 1429
p 2 10 862 48 26258 1505
p 2 0 871 49 20791 1440
p 2 0 860 60 20865 1426
p 2 3 873 44 26695 1481
p 2 0 856 64 20582 1420
p 2 0 870 50 21569 1437
p 2 1 860 59 27081 1463
p 2 0 875 45 20990 1440
p 2 0 860 60 21421 1440
p 2 5 870 45 27356 1524
p 2 0 864 56 20976 1439
p 2 0 868 52 21854 1443
p 2 3 854 63 27770 1492
p 2 0 867 53 21501 1443
p 2 0 866 54 22289 1448
p 2 7 877 36 28522 1524
p 2 0 855 65 21716 1407
p 2 0 868 52 22248 1444
p 2 9 859 52 28618 1538
p 2 0 873 47 21493 1436
p 2 0 857 63 22113 1434
p 2 3 873 44 27820 1518
p 2 0 855 65 21472 1426
p 2 0 880 40 22089 1450
p 2 4 866 50 27635 1516
p 2 0 871 49 21293 1447
p 2 1 865 54 21681 1441
p 2 7 881 32 27262 1551
p 2 0 866 54 21363 1433
p 2 0 863 57 21635 1431
p 2 5 866 49 27342 1544
p 2 0 865 55 21462 1437
p 2 0 855 65 21858 1433
p 2 3 875 42 28149 1512
p 2 0 865 55 21824 1454
p 2 0 882 38 22138 1456
p 2 8 848 64 27722 1520
p 2 0 882 38 21514 1465
p 2 0 865 55 22000 1444
p 2 7 869 44 27144 1547
p 2 0 863 57 21589 1441
p 2 0 882 38 22246 1463
p 2 3 857 60 27928 1482
p 2 0 857 63 21904 1437
i 2 920 0 0 47027 4003
p 2 0 327 593 649 499
p 2 0 327 593 465 438
p 2 0 102 818 2465 317
p 2 0 192 728 413 348
p 2 0 35 885 243 228
p 2 0 130 790 2804 337
p 2 0 63 857 316 254
p 2 0 41 879 281 239
p 2 0 40 880 2626 264
p 2 0 28 892 284 228
p 2 0 17 903 234 215
p 2 1 34 885 2885 275
p 2 0 26 894 299 225
p 2 0 21 899 233 215
p 2 3 31 886 2563 291
p 2 0 24 896 267 221
p 2 0 9 911 216 207
p 2 0 30 890 2668 265
p 2 0 24 896 282 229
p 2 0 17 903 228 215
p 2 1 72 847 2852 304
p 2 0 26 894 276 226
p 2 0 16 904 225 212
p 2 3 37 880 2188 275
p 2 0 35 885 270 230
p 2 0 31 889 235 222
p 2 4 32 884 1713 265
p 2 0 19 901 234 215
p 2 0 8 912 207 205
p 2 0 30 890 2543 243
p 2 0 22 898 271 220
p 2 0 7 913 212 204
p 2 1 29 890 2678 251
p 2 0 27 893 267 221
p 2 0 27 893 219 216
p 2 4 31 885 2988 284
p 2 0 29 891 270 224
p 2 0 13 907 222 208
p 2 0 28 892 2401 256
p 2 0 26 894 274 222
p 2 0 24 896 221 215
p 2 0 29 891 2678 257
p 2 0 23 897 272 220
p 2 0 13 907 227 212
p 2 0 28 892 2581 258
p 2 0 18 902 249 215
p 2 0 10 910 213 206
p 2 1 32 887 2971 270
p 2 0 29 891 291 228
p 2 0 14 906 231 211
p 2 2 31 887 2570 284
p 2 0 24 896 260 221
p 2 0 13 907 221 210
p 2 0 33 887 2727 273
p 2 0 29 891 276 227
p 2 0 12 908 216 208
p 2 2 35 883 2838 288
p 2 0 27 893 276 226
p 2 0 19 901 243 215
p 2 4 34 882 2206 276
p 2 0 30 890 276 230
p 2 0 17 903 219 212
p 2 3 27 890 1709 254
p 2 0 21 899 240 214
p 2 0 16 904 220 213
p 2 0 25 895 2483 239
p 2 0 25 895 271 222
p 2 0 9 911 213 204
p 2 2 24 894 2650 256
p 2 0 17 903 266 216
p 2 0 11 909 220 208
p 2 3 32 885 3064 279
p 2 0 30 890 297 230
p 2 0 9 911 216 206
p 2 0 31 889 2430 257
p 2 0 20 900 257 220
p 2 0 10 910 215 206
p 2 0 29 891 2677 258
p 2 0 26 894 280 224
p 2 0 12 908 216 208
p 2 0 26 894 2346 257
p 2 0 22 898 270 223
p 2 0 260 660 2396 447
p 2 0 709 211 14819 1083
p 2 3 738 179 24948 1394
p 2 11 763 146 30458 1573
p 2 14 787 119 29340 1643
p 2 16 773 131 24733 1537
p 2 19 784 117 25702 1527
p 2 6 834 80 21972 1440
p 2 9 786 125 23688 1411
p 2 6 835 79 25142 1496
p 2 8 804 108 20912 1439
p 2 6 814 100 19105 1450
p 2 4 771 145 14289 1324
p 2 0 431 489 1668 664
p 2 0 212 708 566 400
p 2 0 174 746 431 351
p 2 0 106 814 695 294
p 2 0 150 770 457 330
p 2 0 70 850 309 257
p 2 1 79 840 794 277
p 2 0 64 856 369 256
p 2 0 32 888 266 225
p 2 0 25 895 928 232
p 2 0 20 900 272 214
p 2 0 11 909 236 208
p 2 0 23 897 1029 230
p 2 0 19 901 269 217
p 2 0 29 891 255 221
p 2 0 29 891 962 231
p 2 0 27 893 281 221
p 2 0 8 912 231 207
p 2 0 26 894 1437 238
p 2 0 11 909 241 209
p 2 0 12 908 231 208
p 2 1 33 886 1593 252
p 2 0 26 894 289 220
p 2 0 10 910 229 208
p 2 0 24 896 2474 252
p 2 0 20 900 293 220
p 2 0 16 904 245 213
p 2 2 26 892 1797 261
p 2 0 25 895 293 223
p 2 0 19 901 258 216
p 2 0 29 891 1301 249
p 2 0 26 894 264 222
p 2 0 17 903 238 214
p 2 1 21 898 741 232
p 2 0 19 901 231 216
p 2 0 18 902 224 211
p 2 0 27 893 703 233
p 2 0 13 907 228 212
p 2 0 34 886 254 228
p 2 0 27 893 654 227
p 2 0 19 901 224 212
p 2 0 17 903 218 211
p 2 1 13 906 751 221
p 2 0 4 916 208 201
p 2 0 3 917 202 199
p 2 0 10 910 863 216
p 2 0 5 915 218 202
p 2 0 6 914 214 203
p 2 0 11 909 994 219
p 2 0 26 894 238 219
p 2 0 7 913 209 203
p 2 0 11 909 844 217
p 2 0 6 914 224 202
p 2 0 3 917 203 199
p 2 0 14 906 1430 230
p 2 0 9 911 236 208
p 2 0 4 916 248 201
p 2 1 15 904 1485 234
p 2 0 7 913 217 203
p 2 0 4 916 206 201
p 2 0 17 903 2406 242
p 2 0 13 907 247 213
p 2 0 7 913 217 204
p 2 1 20 899 1736 249
p 2 0 19 901 250 216
p 2 0 12 908 222 207
p 2 0 23 897 1261 238
p 2 0 29 891 248 222
p 2 0 21 899 223 213
p 2 1 20 899 738 233
p 2 0 17 903 219 213
p 2 0 10 910 211 207
p 2 0 14 906 672 219
p 2 0 15 905 227 212
p 2 0 6 914 209 204
p 2 0 7 913 653 210
p 2 0 8 912 215 204
p 2 0 3 917 204 200
p 2 1 6 913 744 213
p 2 0 6 914 223 204
p 2 0 4 916 205 200
p 2 0 16 904 872 221
p 2 0 6 914 223 203
p 2 0 1 919 199 198
p 2 0 11 909 998 219
p 2 0 9 911 226 206
p 2 0 18 902 218 210
p 2 0 16 904 916 220
p 2 0 15 905 233 210
p 2 0 3 917 204 201
p 2 0 16 904 1437 231
p 2 0 12 908 237 210
p 2 0 5 915 209 201
p 2 1 16 903 1561 237
p 2 0 9 911 231 206
p 2 0 4 916 206 201
p 2 0 21 899 2416 247
p 2 0 18 902 258 215
p 2 0 7 913 211 203
p 2 1 18 901 1751 249
p 2 0 14 906 245 212
p 2 0 7 913 207 203
p 2 26 56 838 7094 450
p 2 0 45 875 339 241
p 2 0 32 888 266 227
p 2 1 25 894 734 237
p 2 0 22 898 246 218
p 2 0 16 904 219 210
p 2 0 35 885 707 238
p 2 0 13 907 224 207
p 2 0 19 901 216 211
p 2 0 8 912 638 211
p 2 0 14 906 220 209
p 2 0 6 914 206 203
p 2 21 54 845 4274 429
p 2 0 38 882 285 239
p 2 0 23 897 229 219
p 2 0 18 902 895 223
p 2 0 13 907 235 211
p 2 0 8 912 212 205
p 2 27 44 849 6717 427
p 2 0 35 885 337 233
p 2 0 17 903 234 212
p 2 0 13 907 928 220
p 2 0 10 910 235 208
p 2 0 3 917 203 200
p 2 0 15 905 1432 228
p 2 0 9 911 235 206
p 2 0 4 916 205 201
p 2 1 19 900 1559 241
p 2 0 12 908 231 209
p 2 20 44 856 3710 413
p 2 0 55 865 2523 284
p 2 0 31 889 287 229
p 2 0 18 902 222 213
p 2 1 30 889 1775 263
p 2 0 24 896 259 220
p 2 0 19 901 270 213
i 2 920 0 0 48262 4338
p 2 0 259 661 552 455
p 2 45 388 487 36456 1186
p 2 0 234 686 964 442
p 2 42 293 585 35222 1097
p 2 0 217 703 1018 423
p 2 112 204 604 39488 1445
p 2 0 172 748 851 385
p 2 52 264 604 40135 1202
p 2 0 258 662 2932 517
p 2 73 208 639 40130 1287
p 2 0 201 719 936 412
p 2 0 118 802 481 310
p 2 0 75 845 344 266
p 2 0 39 881 263 235
p 2 0 28 892 247 223
p 2 0 22 898 240 216
p 2 0 5 915 205 202
p 2 0 12 908 216 207
p 2 0 5 915 206 202
p 2 0 9 911 572 205
p 2 0 6 914 217 203
p 2 0 12 908 460 210
p 2 0 5 915 210 201
p 2 103 179 638 40789 1412
p 2 0 160 760 790 371
p 2 0 63 857 337 257
p 2 34 271 615 35706 1070
p 2 0 212 708 1073 427
p 2 0 81 839 388 274
p 2 27 265 628 35618 1004
p 2 0 218 702 1091 435
p 2 0 161 759 692 353
p 2 0 73 847 706 266
p 2 0 48 872 293 240
p 2 0 42 878 277 233
p 2 0 52 868 616 243
p 2 0 18 902 236 211
p 2 0 12 908 224 207
p 2 0 16 904 561 210
p 2 0 12 908 237 208
p 2 0 13 907 229 206
p 2 0 16 904 456 212
p 2 0 5 915 210 201
p 2 0 1 919 200 198
p 2 0 5 915 574 201
p 2 0 20 900 253 215
p 2 0 5 915 211 201
p 2 63 226 631 42426 1259
p 2 0 195 725 1027 413
p 2 0 74 846 371 267
p 2 20 251 649 36381 968
p 2 0 208 712 1157 429
p 2 0 99 821 476 292
p 2 24 255 641 35304 972
p 2 0 199 721 1157 416
p 2 0 85 835 422 278
p 2 1 40 879 659 242
p 2 0 69 851 359 260
p 2 0 45 875 305 238
p 2 0 52 868 709 245
p 2 0 43 877 304 235
p 2 0 58 862 372 250
p 2 0 32 888 653 225
p 2 0 26 894 277 219
p 2 0 12 908 222 206
p 2 0 29 891 664 226
p 2 0 12 908 229 207
p 2 0 15 905 232 208
p 2 0 18 902 387 213
p 2 0 27 893 271 220
p 2 0 12 908 228 207
p 2 0 50 870 652 244
p 2 0 17 903 231 212
p 2 0 24 896 247 219
p 2 0 21 899 633 217
p 2 0 39 881 300 230
p 2 0 20 900 233 215
p 2 0 13 907 591 209
p 2 0 11 909 224 206
p 2 0 12 908 225 208
p 2 0 12 908 594 208
p 2 0 6 914 215 202
p 2 0 2 918 203 199
p 2 0 11 909 532 210
p 2 0 9 911 222 205
p 2 0 5 915 208 200
p 2 1 7 912 569 212
p 2 0 5 915 212 201
p 2 0 4 916 205 200
p 2 0 8 912 590 205
p 2 0 5 915 215 201
p 2 0 2 918 200 198
p 2 0 6 914 588 204
p 2 0 7 913 211 203
p 2 0 6 914 206 202
p 2 0 10 910 532 210
p 2 0 3 917 209 201
p 2 0 4 916 206 201
p 2 1 3 916 562 209
p 2 0 2 918 203 199
p 2 0 3 917 204 200
p 2 0 5 915 587 204
p 2 0 3 917 208 200
p 2 0 4 916 580 203
p 2 0 1 919 200 198
p 2 91 173 656 39885 1312
p 2 0 149 771 806 362
p 2 0 51 869 358 245
p 2 95 174 651 39654 1328
p 2 0 155 765 811 362
p 2 85 198 637 41940 1326
p 2 0 160 760 859 365
p 2 0 63 857 351 254
p 2 0 31 889 643 226
p 2 0 31 889 268 223
p 2 0 14 906 228 209
p 2 0 7 913 214 203
p 2 0 10 910 215 206
p 2 0 7 913 208 203
p 2 0 7 913 561 205
p 2 0 7 913 215 201
p 2 0 3 917 203 200
p 2 0 4 916 345 207
p 2 0 3 917 204 199
i 2 920 0 0 58530 4402
p 2 0 224 696 557 425
p 2 9 353 558 20523 798
p 2 8 453 459 24023 1035
p 2 4 484 432 17634 855
p 2 0 265 655 1034 466
p 2 7 510 403 37232 1164
p 2 0 343 577 1606 569
p 2 0 196 724 2302 393
p 2 6 324 590 25235 872
p 2 2 267 651 4041 513
p 2 0 160 760 3362 373
p 2 2 173 745 7946 451
p 2 0 99 821 533 297
p 2 0 117 803 507 309
p 2 2 66 852 3947 312
p 2 0 62 858 388 260
p 2 0 66 854 315 248
p 2 2 92 826 4308 345
p 2 0 63 857 420 261
p 2 0 50 870 334 242
p 2 1 43 876 3659 274
p 2 0 35 885 318 231
p 2 0 15 905 236 209
p 2 2 57 861 3679 295
p 2 0 28 892 309 226
p 2 0 27 893 272 222
p 2 1 40 879 3493 283
p 2 0 39 881 338 237
p 2 0 17 903 240 211
p 2 15 295 610 29181 967
p 2 0 207 713 952 415
p 2 6 111 803 6331 399
p 2 0 301 619 21434 773
p 2 5 258 657 8300 574
p 2 0 152 768 603 339
p 2 29 367 524 36578 1144
p 2 0 262 658 1283 485
p 2 40 244 636 20068 899
p 2 0 155 765 1213 356
p 2 57 255 608 30363 1140
p 2 0 193 727 897 417
p 2 58 299 563 29856 1197
p 2 0 209 711 929 423
p 2 71 323 526 35648 1334
p 2 0 250 670 1554 465
p 2 66 355 499 39896 1408
p 2 0 262 658 1092 480
p 2 62 440 418 41960 1511
p 2 1 392 527 4830 708
p 2 1 296 623 5131 571
p 2 3 225 692 5543 510
p 2 11 220 689 4576 542
p 2 5 220 695 3851 544
p 2 0 245 675 2272 484
p 2 0 180 740 1615 418
p 2 0 181 739 1717 428
p 2 0 195 725 2242 440
p 2 0 205 715 1852 444
p 2 0 143 777 1950 412
p 2 0 173 747 2675 437
p 2 0 176 744 2379 441
p 2 0 164 756 2361 425
p 2 0 149 771 2627 417
p 2 0 167 753 2473 428
p 2 0 152 768 2450 415
p 2 1 188 731 3384 459
p 2 0 137 783 2083 386
p 2 0 140 780 2223 394
p 2 0 167 753 2896 430
p 2 0 168 752 2502 424
p 2 0 170 750 2323 420
p 2 0 152 768 2727 402
p 2 0 147 773 2291 400
p 2 0 147 773 2282 395
p 2 0 141 779 2211 394
p 2 0 128 792 2145 372
p 2 0 139 781 2187 392
p 2 0 146 774 2302 398
p 2 0 138 782 2114 384
p 2 0 124 796 2038 374
p 2 0 127 793 2121 376
p 2 0 133 787 2124 380
p 2 0 128 792 1997 375
p 2 0 124 796 1991 368
p 2 0 124 796 2033 371
p 2 0 132 788 2108 379
p 2 0 126 794 1995 371
p 2 0 125 795 2063 373
i 2 920 0 0 54258 4851
p 2 0 290 630 601 484
p 2 0 255 665 528 440
p 2 45 420 455 46286 1511
p 2 0 336 584 1424 576
p 2 0 124 796 495 318
p 2 63 427 430 55080 1730
p 2 0 312 608 1538 556
p 2 0 187 733 743 382
p 2 83 437 400 50539 1829
p 2 0 345 575 1497 588
p 2 0 189 731 733 386
p 2 95 417 408 44263 1752
p 2 0 317 603 1391 586
p 2 0 179 741 618 374
p 2 0 86 834 365 281
p 2 0 70 850 335 262
p 2 0 108 812 507 305
p 2 0 56 864 307 248
p 2 0 53 867 324 248
p 2 0 35 885 272 229
p 2 0 49 871 329 241
p 2 0 19 901 249 214
p 2 0 15 905 237 210
p 2 0 12 908 223 207
p 2 0 12 908 233 207
p 2 0 15 905 232 211
p 2 4 347 569 33593 996
p 2 0 275 645 1335 497
p 2 0 88 832 438 281
p 2 5 356 559 35534 1027
p 2 0 264 656 1305 495
p 2 0 119 801 527 311
p 2 5 388 527 35776 1057
p 2 0 301 619 1477 533
p 2 0 113 807 523 307
p 2 10 360 550 38057 1094
p 2 0 260 660 1324 480
p 2 0 160 760 610 354
p 2 1 97 822 1330 302
p 2 0 102 818 470 294
p 2 0 39 881 286 228
p 2 1 41 878 961 253
p 2 0 36 884 299 233
p 2 0 81 839 410 272
p 2 2 47 871 1189 261
p 2 0 31 889 288 224
p 2 0 27 893 262 219
p 2 3 67 850 746 293
p 2 0 24 896 247 219
p 2 0 18 902 239 212
p 2 4 27 889 1182 246
p 2 0 56 864 368 252
p 2 0 26 894 265 219
p 2 1 21 898 965 235
p 2 0 13 907 235 210
p 2 0 11 909 219 208
p 2 2 13 905 1094 227
p 2 0 8 912 217 204
p 2 0 2 918 205 199
p 2 2 29 889 591 248
p 2 0 19 901 232 214
p 2 0 19 901 232 214
p 2 4 21 895 1161 242
p 2 0 27 893 259 220
p 2 0 13 907 226 208
p 2 1 15 904 911 230
p 2 0 9 911 227 211
p 2 0 8 912 211 205
p 2 2 13 905 1095 230
p 2 0 15 905 248 211
p 2 0 5 915 208 202
p 2 1 15 904 901 232
p 2 0 10 910 232 212
p 2 0 22 898 249 218
p 2 0 14 906 488 220
p 2 0 15 905 232 212
p 2 0 10 910 220 205
p 2 2 9 909 819 221
p 2 0 2 918 202 199
p 2 0 2 918 201 199
p 2 2 13 905 1093 229
p 2 0 8 912 223 204
p 2 0 2 918 204 199
p 2 1 18 901 912 235
p 2 0 11 909 230 211
p 2 0 8 912 210 203
p 2 2 13 905 1095 229
p 2 0 24 896 250 216
p 2 0 14 906 215 210
p 2 2 15 903 562 239
p 2 0 9 911 214 206
p 2 0 8 912 213 205
p 2 4 10 906 1137 232
p 2 0 7 913 219 202
p 2 0 3 917 202 200
p 2 1 13 906 936 231
p 2 0 8 912 225 211
p 2 0 5 915 209 203
p 2 2 11 907 1088 227
p 2 0 11 909 225 207
p 2 0 5 915 205 201
p 2 3 12 905 553 240
p 2 0 9 911 211 207
p 2 0 3 917 200 200
p 2 4 8 908 1131 230
p 2 0 8 912 220 203
p 2 0 3 917 203 200
p 2 1 11 908 954 228
p 2 0 7 913 221 211
p 2 0 5 915 204 203
p 2 2 11 907 1081 227
p 2 0 8 912 225 204
p 2 0 3 917 204 200
p 2 1 11 908 893 228
p 2 0 8 912 225 206
p 2 0 5 915 207 202
p 2 0 11 909 470 220
p 2 0 7 913 212 203
p 2 0 5 915 210 203
p 2 2 8 910 817 221
p 2 0 7 913 216 204
p 2 0 5 915 213 202
p 2 2 13 905 1091 229
p 2 0 7 913 222 204
p 2 0 3 917 208 199
p 2 1 13 906 933 232
p 2 0 10 910 225 212
p 2 0 4 916 202 200
p 2 2 12 906 1093 228
p 2 0 9 911 229 205
p 2 0 6 914 214 202
p 2 2 13 905 563 239
p 2 0 11 909 216 208
p 2 0 7 913 211 205
p 2 2 6 912 814 218
p 2 0 11 909 217 206
p 2 0 2 918 201 199
p 2 2 11 907 1093 228
p 2 0 3 917 213 201
p 2 0 3 917 207 199
p 2 3 9 908 551 237
p 2 0 10 910 219 210
p 2 0 6 914 204 203
p 2 4 8 908 1140 230
p 2 0 5 915 217 202
p 2 0 1 919 202 198
p 2 1 11 908 891 228
p 2 0 9 911 234 211
p 2 0 4 916 208 201
p 2 2 11 907 1090 228
p 2 0 6 914 217 203
p 2 0 1 919 198 198
p 2 1 12 907 890 229
p 2 0 9 911 219 207
i 2 920 0 0 73103 4638
p 2 0 184 736 430 352
p 2 0 163 757 367 324
p 2 14 179 727 15996 622
p 2 0 158 762 563 337
p 2 0 85 835 329 269
p 2 16 126 778 16822 587
p 2 0 105 815 587 303
p 2 0 44 876 299 238
p 2 31 103 786 15426 614
p 2 0 98 822 455 291
p 2 0 38 882 300 232
p 2 27 100 793 20173 636
p 2 0 73 847 590 282
p 2 0 31 889 286 225
p 2 0 22 898 442 219
p 2 0 34 886 270 226
p 2 0 24 896 261 219
p 2 0 20 900 424 214
p 2 0 18 902 260 214
p 2 0 7 913 227 205
p 2 0 11 909 389 208
p 2 0 10 910 222 205
p 2 0 9 911 230 205
p 2 0 29 891 460 225
p 2 0 13 907 235 209
p 2 0 10 910 218 203
p 2 0 15 905 440 212
p 2 0 19 901 250 213
p 2 0 18 902 259 214
p 2 0 17 903 423 212
p 2 0 13 907 238 210
p 2 0 4 916 205 201
p 2 0 7 913 391 204
p 2 0 6 914 218 204
p 2 0 8 912 217 204
p 2 0 5 915 387 203
p 2 0 6 914 217 202
p 2 0 14 906 219 208
p 2 0 7 913 401 205
p 2 0 9 911 212 205
p 2 0 10 910 213 204
p 2 0 7 913 382 204
p 2 0 5 915 215 202
p 2 0 11 909 225 207
p 2 0 9 911 392 206
p 2 0 7 913 215 204
p 2 0 9 911 221 206
p 2 0 6 914 404 203
p 2 0 7 913 216 203
p 2 0 3 917 204 200
p 2 0 6 914 392 203
p 2 0 3 917 206 200
p 2 0 4 916 209 201
p 2 0 4 916 373 201
p 2 0 4 916 208 201
p 2 0 3 917 206 201
p 2 0 3 917 207 200
p 2 0 8 912 218 204
p 2 0 6 914 389 203
p 2 15 499 406 52873 1429
p 2 0 378 542 2011 620
p 2 0 192 728 705 378
p 2 7 519 394 50602 1321
p 2 0 408 512 2068 659
p 2 0 186 734 814 378
p 2 7 564 349 52662 1385
p 2 0 415 505 2128 661
p 2 0 259 661 1012 452
p 2 0 98 822 691 287
p 2 0 95 825 431 280
p 2 0 65 855 379 253
p 2 3 219 698 2607 453
p 2 0 96 824 498 288
p 2 0 68 852 371 258
p 2 0 63 857 640 259
p 2 0 94 826 525 288
p 2 0 72 848 415 266
p 2 2 81 837 2822 294
p 2 0 40 880 335 234
p 2 0 33 887 295 225
p 2 0 27 893 523 222
p 2 0 46 874 359 241
p 2 0 23 897 269 217
p 2 3 57 860 1994 287
p 2 0 25 895 289 220
p 2 0 21 899 262 215
p 2 0 7 913 225 204
p 2 0 20 900 278 216
p 2 0 14 906 482 212
p 2 1 15 904 427 217
p 2 0 13 907 238 208
p 2 0 11 909 232 205
p 2 0 13 907 241 210
p 2 0 42 878 312 234
p 2 0 14 906 241 209
p 2 1 50 869 3121 256
p 2 0 44 876 358 237
p 2 0 42 878 332 237
p 2 0 17 903 675 216
p 2 0 19 901 271 216
p 2 0 15 905 254 211
p 2 5 34 881 2384 271
p 2 0 22 898 265 218
p 2 0 10 910 234 206
p 2 0 7 913 596 206
p 2 0 7 913 224 203
p 2 0 4 916 218 200
p 2 2 22 896 3043 242
p 2 0 14 906 270 211
p 2 0 7 913 224 204
p 2 0 7 913 615 205
p 2 0 11 909 237 206
p 2 0 6 914 223 204
p 2 4 19 897 2349 252
p 2 0 13 907 261 211
p 2 0 6 914 228 204
p 2 0 6 914 593 205
p 2 0 5 915 225 203
p 2 0 3 917 219 201
p 2 227 572 121 79024 3140
p 2 0 492 428 1962 763
p 2 0 252 668 678 434
p 2 192 595 133 70919 2963
p 2 0 566 354 1967 844
p 2 0 298 622 797 487
p 2 175 632 113 63840 2827
p 2 0 513 407 1689 759
p 2 0 288 632 734 478
p 2 70 681 169 54161 2188
p 2 0 568 352 1966 810
p 2 0 290 630 782 475
p 2 66 705 149 51266 2183
p 2 0 515 405 1824 768
p 2 0 362 558 836 532
p 2 178 566 176 53472 2530
p 2 0 514 406 1647 746
p 2 0 326 594 824 512
p 2 149 588 183 54309 2448
p 2 0 458 462 1526 703
p 2 0 277 643 634 468
p 2 199 541 180 54185 2609
p 2 0 476 444 1555 704
p 2 0 267 653 744 455
p 2 124 608 188 54366 2448
p 2 0 465 455 1620 704
p 2 0 294 626 691 477
p 2 134 580 206 51490 2424
p 2 0 475 445 1550 705
p 2 0 289 631 687 463
p 2 244 484 192 46337 2678
p 2 0 440 480 1286 651
p 2 0 310 610 670 481
p 2 210 451 259 36513 2400
p 2 0 457 463 1178 665
p 2 0 291 629 600 469
p 2 145 460 315 26998 1946
p 2 0 387 533 1042 592
p 2 0 333 587 634 506
p 2 60 448 412 23295 1432
p 2 0 395 525 1112 612
p 2 0 227 693 520 400
p 2 72 429 419 32080 1512
p 2 0 351 569 1193 581
p 2 0 220 700 531 401
p 2 27 407 486 30675 1206
p 2 0 365 555 1334 598
p 2 0 209 711 571 396
p 2 52 393 475 35716 1336
p 2 0 297 623 1199 530
p 2 0 190 730 516 374
i 2 920 0 0 60707 4095
p 2 0 315 605 560 478
p 2 0 322 598 535 469
p 2 128 383 409 32347 1380
p 2 0 328 592 1004 519
p 2 41 190 689 7700 603
p 2 6 198 716 15743 551
p 2 0 118 802 679 320
p 2 16 237 667 21250 608
p 2 3 269 648 15076 618
p 2 0 206 714 843 403
p 2 0 101 819 433 287
p 2 0 150 770 11861 428
p 2 0 120 800 676 323
p 2 0 69 851 373 261
p 2 0 124 796 10955 396
p 2 0 125 795 673 327
p 2 0 60 860 354 251
p 2 0 24 896 238 218
p 2 0 6 914 206 202
p 2 0 15 905 223 209
p 2 0 6 914 207 203
p 2 0 5 915 204 201
p 2 0 1 919 198 198
p 2 0 1 919 199 198
p 2 0 0 920 197 197
i 2 920 0 0 38427 4362
p 2 0 348 572 684 529
p 2 0 345 575 573 508
p 2 2 163 755 1125 357
p 2 0 129 791 318 305
p 2 0 55 865 251 243
p 2 4 40 876 1869 266
p 2 0 18 902 230 213
p 2 0 8 912 208 204
p 2 4 27 889 2160 267
p 2 0 16 904 244 213
p 2 0 10 910 208 204
p 2 5 19 896 2566 278
p 2 0 15 905 256 214
p 2 0 5 915 207 201
p 2 15 12 893 4037 332
p 2 0 12 908 244 211
p 2 0 62 858 294 251
p 2 13 711 196 14801 1235
p 2 0 880 40 10601 1279
p 2 0 895 25 10341 1305
p 2 16 895 9 15702 1468
p 2 0 916 4 9490 1315
p 2 0 914 6 11459 1349
p 2 12 905 3 12309 1445
p 2 0 914 6 11195 1394
p 2 0 915 5 6337 1262
p 2 14 900 6 13803 1519
p 2 0 916 4 11875 1396
p 2 0 919 1 6817 1333
p 2 15 902 3 17287 1559
p 2 1 913 6 14039 1446
p 2 0 918 2 5047 1256
p 2 12 908 0 14912 1521
p 2 0 920 0 11549 1382
p 2 0 917 3 13058 1404
p 2 19 897 4 15213 1593
p 2 0 919 1 10347 1364
p 2 0 920 0 11578 1373
p 2 30 889 1 21484 1628
p 2 0 917 3 8715 1260
p 2 0 914 6 5264 1231
p 2 25 892 3 16972 1446
p 2 0 909 11 12183 1324
p 2 0 911 9 13346 1331
p 2 14 900 6 21154 1606
p 2 0 913 7 13877 1317
p 2 0 914 6 14605 1345
p 2 22 890 8 22754 1649
p 2 0 917 3 14784 1359
p 2 0 920 0 14241 1360
p 2 36 884 0 25662 1763
p 2 0 919 1 14919 1380
p 2 0 919 1 14549 1338
p 2 40 878 2 26653 1756
p 2 0 917 3 15131 1339
p 2 0 920 0 15356 1326
p 2 30 888 2 25838 1711
p 2 0 919 1 16672 1329
p 2 0 920 0 10400 1240
p 2 35 885 0 25134 1639
p 2 0 920 0 4597 1104
p 2 0 919 1 14606 1279
p 2 41 877 2 28952 1782
p 2 0 920 0 15031 1341
p 2 0 917 3 12134 1314
p 2 51 866 3 28330 1803
p 2 3 914 3 17188 1433
p 2 0 920 0 16203 1347
p 2 34 885 1 29248 1789
p 2 0 920 0 7028 1195
p 2 0 920 0 14839 1343
p 2 75 844 1 37507 2004
p 2 0 920 0 9106 1257
p 2 0 919 1 15875 1324
p 2 3 914 3 14192 1293
p 2 0 920 0 9219 1204
p 2 0 917 3 15347 1321
p 2 0 920 0 7279 1254
p 2 0 915 5 16366 1331
p 2 0 917 3 10700 1228
p 2 0 915 5 18080 1328
p 2 0 916 4 16256 1325
p 2 0 901 19 16481 1337
p 2 0 678 242 12117 1058
p 2 0 446 474 1729 666
p 2 0 331 589 819 499
p 2 11 334 575 24754 864
p 2 0 251 669 1099 462
p 2 0 225 695 649 402
p 2 18 333 569 26842 958
p 2 0 274 646 1132 484
p 2 0 165 755 559 351
p 2 18 340 562 29319 999
p 2 0 313 607 1311 529
p 2 0 160 760 492 341
p 2 17 420 483 29638 1093
p 2 0 316 604 1317 539
p 2 0 204 716 761 394
p 2 0 82 838 842 274
p 2 0 100 820 416 286
p 2 0 70 850 349 259
p 2 0 73 847 745 272
p 2 0 39 881 308 232
p 2 0 25 895 259 219
p 2 0 26 894 762 226
p 2 0 32 888 309 227
p 2 0 17 903 235 211
p 2 0 26 894 493 231
p 2 0 37 883 238 224
p 2 0 15 905 222 209
p 2 0 11 909 907 213
p 2 0 13 907 244 210
p 2 0 7 913 209 203
p 2 17 317 586 33044 996
p 2 0 281 639 1277 499
p 2 0 122 798 477 308
p 2 22 335 563 31723 1028
p 2 0 299 621 1306 520
p 2 0 172 748 548 351
p 2 0 79 841 857 271
p 2 0 70 850 320 256
p 2 0 52 868 292 240
p 2 0 36 884 680 231
p 2 0 37 883 249 225
p 2 0 17 903 227 211
p 2 0 23 897 703 219
p 2 0 10 910 226 206
p 2 0 7 913 213 202
p 2 0 26 894 493 222
p 2 0 8 912 214 204
p 2 0 7 913 203 203
p 2 232 688 0 17991 2654
p 2 110 810 0 23456 2630
p 2 87 832 1 29054 2674
p 2 94 824 2 36054 2808
p 2 72 846 2 42529 2838
p 2 123 797 0 49187 3122
p 2 115 805 0 56271 3201
p 2 124 796 0 58963 3242
p 2 105 815 0 61320 3166
p 2 96 824 0 59888 3069
p 2 98 821 1 59313 3048
p 2 98 822 0 60636 3001
p 2 93 827 0 57232 2991
p 2 59 861 0 55576 2803
p 2 60 860 0 53654 2791
p 2 59 861 0 52540 2763
p 2 61 856 3 50859 2729
p 2 48 872 0 49158 2688
p 2 71 849 0 50898 2863
p 2 90 830 0 48246 2911
p 2 66 854 0 45527 2796
p 2 87 833 0 43350 2842
p 2 60 860 0 40572 2692
p 2 65 855 0 37515 2710
p 2 70 850 0 51323 2861
p 2 48 872 0 29874 2581
p 2 54 866 0 24738 2539
p 2 57 863 0 43503 2661
p 2 54 866 0 17670 2424
p 2 10 910 0 12739 2132
p 2 5 768 147 28206 1442
p 2 0 683 237 2002 926
p 2 0 419 501 975 612
p 2 0 453 467 1203 647
p 2 0 257 663 562 440
p 2 0 300 620 604 470
p 2 0 231 689 1217 417
p 2 0 362 558 854 533
p 2 0 224 696 579 405
p 2 0 164 756 832 356
p 2 0 156 764 443 337
p 2 0 188 732 590 372
p 2 0 124 796 920 318
p 2 0 85 835 345 273
p 2 0 74 846 311 263
p 2 0 86 834 368 272
p 2 0 69 851 327 255
p 2 0 36 884 266 228
p 2 0 59 861 665 256
p 2 0 79 841 389 269
p 2 0 56 864 487 255
p 2 0 170 750 544 355
p 2 0 140 780 418 324
p 2 0 100 820 370 288
p 2 0 80 840 342 268
p 2 0 99 821 426 293
p 2 0 71 849 310 256
p 2 0 41 879 283 234
p 2 0 32 888 235 222
p 2 0 24 896 237 217
p 2 0 10 910 211 206
p 2 0 12 908 214 208
p 2 0 12 908 219 208
p 2 0 9 911 218 205
p 2 0 10 910 219 207
p 2 0 14 906 222 208
p 2 0 20 900 229 214
p 2 0 8 912 215 203
p 2 0 8 912 210 204
p 2 0 13 907 218 207
p 2 0 9 911 214 203
p 2 0 22 898 247 216
p 2 0 24 896 235 216
p 2 0 11 909 215 207
p 2 0 6 914 208 202
p 2 0 8 912 211 203
p 2 0 9 911 227 207
p 2 0 5 915 211 202
p 2 0 5 915 207 201
p 2 0 9 911 207 204
p 2 0 6 914 201 201
p 2 0 25 895 233 218
p 2 0 13 907 214 207
p 2 0 15 905 217 208
p 2 27 310 583 32616 1161
p 2 0 271 649 1202 522
p 2 0 120 800 469 313
p 2 35 343 542 32148 1222
p 2 0 267 653 1094 490
p 2 0 184 736 522 375
p 2 23 350 547 28305 1079
p 2 0 311 609 1219 536
p 2 0 185 735 580 371
p 2 23 319 578 26706 1017
p 2 0 286 634 1087 503
p 2 0 172 748 577 360
p 2 0 81 839 356 270
p 2 0 69 851 287 254
p 2 0 48 872 261 239
p 2 0 39 881 272 232
p 2 0 26 894 237 220
p 2 0 20 900 222 213
p 2 0 8 912 205 204
p 2 0 4 916 201 201
p 2 0 1 919 199 199
i 2 920 0 0 46648 3969
p 2 0 702 218 15053 1023
p 2 0 704 216 17809 1052
p 2 4 695 221 30446 1267
p 2 0 667 253 17115 1039
p 2 0 712 208 18491 1083
p 2 7 741 172 29743 1324
p 2 0 689 231 16923 1065
p 2 0 640 280 18085 1017
p 2 3 720 197 30051 1273
p 2 0 737 183 17535 1121
p 2 0 655 265 17903 1036
p 2 2 643 275 28515 1181
p 2 0 718 202 17316 1107
p 2 0 735 185 17928 1100
p 2 0 666 254 17936 1035
p 2 0 670 250 17852 1040
p 2 0 685 235 17634 1049
p 2 0 701 219 18080 1063
p 2 0 702 218 18303 1072
p 2 0 632 288 17946 1010
p 2 0 716 204 18060 1099
p 2 0 732 188 18387 1098
p 2 0 675 245 17529 1041
p 2 0 635 285 17770 1019
p 2 0 686 234 18370 1064
p 2 0 726 194 17704 1086
p 2 0 688 232 17951 1066
p 2 0 613 307 17625 989
p 2 0 684 236 17928 1052
p 2 0 693 227 17576 1048
p 2 0 660 260 17542 1050
p 2 0 583 337 17252 968
p 2 0 681 239 17948 1083
p 2 0 732 188 17644 1106
p 2 0 655 265 17370 1044
p 2 0 620 300 17479 1006
p 2 0 667 253 17249 1046
p 2 0 671 249 17234 1037
p 2 0 634 286 17422 1014
p 2 0 563 357 17134 939
p 2 0 659 261 17124 1035
p 2 0 680 240 17209 1034
p 2 0 624 296 16924 990
p 2 0 652 268 16792 1015
p 2 0 709 211 17015 1060
p 2 0 627 293 16865 998
p 2 0 615 305 16371 981
p 2 0 637 283 16270 986
p 2 0 606 314 16083 964
p 2 0 594 326 16553 943
p 2 0 620 300 16201 977
p 2 0 644 276 16346 990
p 2 0 635 285 16166 982
p 2 0 622 298 16010 966
p 2 0 620 300 15219 954
p 2 0 598 322 15620 942
p 2 0 571 349 14902 908
p 2 0 587 333 14685 919
p 2 0 549 371 14446 879
p 2 0 568 352 14742 899
p 2 0 527 393 12882 854
p 2 0 496 424 13292 821
p 2 0 492 428 12027 821
p 2 0 502 418 11197 807
p 2 0 502 418 11704 807
p 2 0 459 461 10216 760
p 2 0 454 466 7880 736
p 2 0 369 551 8853 648
p 2 0 447 473 5966 700
p 2 0 452 468 5778 705
p 2 0 281 639 1987 497
p 2 0 174 746 806 356
p 2 0 106 814 582 296
p 2 0 56 864 332 242
p 2 0 34 886 366 226
p 2 0 19 901 249 212
p 2 0 39 881 278 227
p 2 0 16 904 334 211
p 2 0 9 911 215 205
p 2 0 10 910 223 206
p 2 0 12 908 221 207
p 2 0 5 915 209 202
i 2 920 0 0 35662 3801
p 2 0 355 565 681 536
p 2 0 282 638 472 443
p 2 7 165 748 8312 454
p 2 0 111 809 440 303
p 2 0 46 874 280 239
p 2 3 74 843 6313 345
p 2 0 48 872 397 248
p 2 0 47 873 281 237
p 2 3 69 848 7202 352
p 2 0 61 859 428 262
p 2 0 37 883 267 231
p 2 0 41 879 331 234
p 2 0 29 891 237 221
p 2 0 14 906 222 209
p 2 0 12 908 272 207
p 2 0 33 887 279 229
p 2 0 35 885 285 228
p 2 0 23 897 245 217
p 2 0 16 904 226 209
p 2 0 9 911 219 205
p 2 0 9 911 266 206
p 2 0 6 914 210 201
p 2 0 3 917 249 200
p 2 0 11 909 225 207
p 2 0 6 914 206 203
p 2 0 6 914 204 202
p 2 0 8 912 246 204
p 2 0 23 897 223 214
p 2 0 13 907 221 206
p 2 0 6 914 264 201
p 2 0 8 912 210 203
p 2 0 9 911 214 205
p 2 0 11 909 260 206
p 2 0 5 915 205 201
p 2 0 8 912 207 203
p 2 0 7 913 256 202
p 2 0 3 917 202 200
p 2 0 3 917 200 200
p 2 0 4 916 278 201
p 2 0 3 917 202 199
p 2 0 4 916 202 201
p 2 0 3 917 270 200
p 2 0 8 912 210 203
p 2 0 6 914 203 201
p 2 0 3 917 253 200
p 2 0 2 918 201 199
p 2 0 3 917 202 200
p 2 0 5 915 255 202
p 2 0 4 916 206 201
p 2 0 1 919 198 198
p 2 0 3 917 202 200
p 2 0 1 919 198 198
p 2 0 4 916 203 201
p 2 0 4 916 251 200
p 2 0 1 919 199 198
p 2 0 3 917 247 201
p 2 0 2 918 200 199
p 2 0 1 919 199 198
i 2 920 0 0 40061 4083
p 2 0 333 587 562 487
p 2 0 286 634 451 435
p 2 4 411 505 19157 947
p 2 0 359 561 1122 555
p 2 0 149 771 462 328
p 2 13 346 561 20383 972
p 2 0 215 705 995 427
p 2 0 95 825 417 287
p 2 35 354 531 26556 1183
p 2 0 240 680 1064 462
p 2 0 135 785 526 325
p 2 21 363 536 27010 1176
p 2 0 281 639 1263 518
p 2 0 123 797 455 312
p 2 9 417 494 23013 1037
p 2 0 302 618 1206 518
p 2 0 153 767 571 349
p 2 9 370 541 24160 1016
p 2 0 303 617 1256 531
p 2 0 187 733 669 377
p 2 0 106 814 846 298
p 2 0 109 811 435 296
p 2 0 61 859 329 252
p 2 0 131 789 1029 319
p 2 0 66 854 331 256
p 2 0 51 869 306 241
p 2 0 59 861 767 254
p 2 0 51 869 332 243
p 2 0 37 883 282 229
p 2 0 33 887 854 229
p 2 0 44 876 266 231
p 2 0 10 910 218 204
p 2 0 12 908 670 211
p 2 0 13 907 232 208
p 2 0 6 914 209 201
p 2 0 9 911 755 209
p 2 0 6 914 220 203
p 2 0 5 915 208 201
p 2 19 366 535 27832 1074
p 2 0 280 640 1120 494
p 2 0 131 789 561 323
p 2 21 419 480 26101 1106
p 2 0 305 615 1244 519
p 2 0 134 786 512 330
p 2 16 423 481 25693 1135
p 2 0 331 589 1233 539
p 2 0 166 754 515 346
p 2 19 396 505 25891 1094
p 2 0 302 618 1213 515
p 2 0 185 735 622 369
p 2 0 83 837 801 274
p 2 0 85 835 340 269
p 2 0 35 885 259 226
p 2 0 55 865 796 252
p 2 0 43 877 310 238
p 2 0 65 855 354 255
p 2 1 47 872 589 252
p 2 0 28 892 248 220
p 2 0 11 909 223 208
p 2 1 42 877 717 239
p 2 0 20 900 251 216
p 2 0 24 896 239 217
p 2 0 10 910 671 210
p 2 0 16 904 233 211
p 2 0 11 909 220 207
p 2 0 24 896 702 218
p 2 0 16 904 234 209
p 2 0 17 903 236 211
p 2 1 26 893 502 231
p 2 0 11 909 215 205
p 2 0 12 908 212 205
p 2 1 4 915 642 210
p 2 0 26 894 251 216
p 2 0 9 911 211 205
p 2 1 8 911 481 217
p 2 0 11 909 220 206
p 2 0 11 909 223 205
p 2 1 10 909 649 213
p 2 0 6 914 213 202
p 2 0 3 917 203 199
p 2 0 13 907 680 213
p 2 0 4 916 209 201
p 2 0 3 917 199 199
p 2 0 12 908 673 212
p 2 0 4 916 209 202
p 2 0 4 916 205 200
p 2 0 1 919 199 198
p 2 0 1 919 199 198
p 2 0 10 910 682 212
p 2 0 3 917 207 200
p 2 1 4 915 429 209
p 2 0 3 917 205 199
p 2 0 2 918 202 199
p 2 0 0 920 197 197
p 2 0 2 918 202 199
p 2 0 1 919 199 198
p 2 0 0 920 197 197
i 2 920 0 0 48139 4463
p 2 10 812 98 29230 1511
p 2 4 751 165 19493 1338
p 2 4 610 306 20593 1177
p 2 7 609 304 20245 1196
p 2 3 499 418 21867 1057
p 2 6 591 323 20400 1178
p 2 3 572 345 25460 1196
p 2 3 613 304 20235 1203
p 2 4 552 364 14972 1115
p 2 1 583 336 20573 1145
p 2 1 555 364 24270 1118
p 2 1 421 498 2195 678
p 2 0 230 690 711 419
p 2 0 208 712 615 390
p 2 0 141 779 1196 342
p 2 0 142 778 515 325
p 2 0 80 840 340 264
p 2 0 51 869 295 240
p 2 0 50 870 312 242
p 2 0 81 839 445 277
p 2 1 48 871 703 255
p 2 0 41 879 299 236
p 2 0 37 883 275 231
p 2 0 158 762 790 355
p 2 0 84 836 347 272
p 2 0 46 874 281 237
p 2 1 55 864 820 260
p 2 0 96 824 440 287
p 2 0 51 869 324 244
p 2 0 40 880 1003 250
p 2 0 19 901 245 214
p 2 0 10 910 216 207
p 2 1 17 902 615 226
p 2 0 19 901 235 212
p 2 0 9 911 214 205
p 2 0 20 900 981 231
p 2 0 13 907 229 209
p 2 0 8 912 219 204
p 2 2 12 906 447 228
p 2 0 12 908 236 210
p 2 0 10 910 215 206
p 2 2 7 911 965 221
p 2 0 7 913 218 204
p 2 0 14 906 220 207
p 2 2 13 905 453 230
p 2 0 7 913 213 205
p 2 0 8 912 210 204
p 2 2 11 907 975 224
p 2 0 11 909 226 208
p 2 0 5 915 204 201
p 2 1 8 911 599 220
p 2 0 18 902 232 213
p 2 0 5 915 205 202
p 2 0 17 903 939 225
p 2 0 9 911 228 205
p 2 0 10 910 213 205
p 2 0 3 917 202 200
p 2 0 1 919 199 198
p 2 1 8 911 616 220
p 2 0 6 914 221 204
p 2 0 10 910 392 214
p 2 0 6 914 215 206
p 2 116 316 488 47110 1856
p 2 0 296 624 1191 519
p 2 0 144 776 458 331
p 2 35 406 479 41623 1410
p 2 0 325 595 1469 552
p 2 0 175 745 607 361
p 2 53 418 449 48060 1541
p 2 0 311 609 1512 541
p 2 0 161 759 653 348
p 2 0 111 809 518 301
p 2 0 49 871 292 240
p 2 0 70 850 358 257
p 2 0 48 872 321 239
p 2 0 27 893 288 220
p 2 0 37 883 337 238
p 2 31 368 521 49361 1373
p 2 2 298 620 2792 556
p 2 2 143 775 1780 368
p 2 38 405 477 51200 1498
p 2 4 333 583 2423 607
p 2 2 193 725 1340 421
p 2 127 410 383 66598 2108
p 2 0 314 606 1479 552
p 2 0 148 772 591 341
p 2 0 187 733 1401 391
p 2 0 72 848 382 262
p 2 0 55 865 318 247
p 2 1 85 834 788 291
p 2 0 40 880 287 231
p 2 0 28 892 250 221
p 2 0 17 903 943 222
p 2 0 58 862 357 248
p 2 0 28 892 291 223
p 2 2 31 887 502 246
p 2 0 23 897 238 220
p 2 0 18 902 236 213
p 2 2 11 907 967 226
p 2 0 34 886 326 231
p 2 0 25 895 263 220
p 2 1 18 901 621 229
p 2 0 8 912 215 205
p 2 0 7 913 206 202
p 2 0 14 906 945 224
p 2 0 13 907 235 208
p 2 0 9 911 219 204
p 2 2 25 893 490 242
p 2 0 14 906 235 214
p 2 0 15 905 225 210
p 2 2 9 909 966 223
p 2 0 47 873 321 239
p 2 0 19 901 250 216
p 2 1 21 898 635 234
p 2 0 19 901 240 215
p 2 0 16 904 228 213
p 2 0 15 905 938 222
p 2 0 9 911 225 204
p 2 0 7 913 213 203
p 2 1 15 904 612 226
p 2 0 9 911 222 207
p 2 0 7 913 213 204
p 2 0 8 912 390 212
p 2 0 6 914 212 203
p 2 0 4 916 205 201
p 2 1 5 914 713 215
p 2 0 4 916 209 200
p 2 0 2 918 203 199
p 2 0 7 913 926 215
p 2 0 7 913 220 205
p 2 0 8 912 217 204
p 2 1 8 911 608 221
p 2 0 4 916 205 202
p 2 0 3 917 202 201
p 2 0 8 912 934 216
p 2 0 8 912 225 205
p 2 0 3 917 204 200
p 2 2 8 910 442 225
p 2 0 5 915 208 205
p 2 0 5 915 206 201
p 2 2 7 911 966 223
p 2 0 8 912 223 204
p 2 0 0 920 197 197
p 2 1 9 910 607 221
p 2 0 10 910 226 206
p 2 0 8 912 211 203
p 2 0 9 911 930 217
p 2 0 10 910 230 208
p 2 0 2 918 201 199
p 2 2 6 912 425 223
p 2 0 7 913 217 205
p 2 0 1 919 198 198
p 2 2 7 911 963 223
p 2 0 2 918 212 200
p 2 0 2 918 204 199
p 2 1 8 911 599 219
p 2 0 5 915 208 203
p 2 0 2 918 201 200
p 2 0 8 912 923 216
p 2 0 5 915 216 202
p 2 0 3 917 203 200
p 2 1 7 912 589 218
p 2 0 5 915 211 202
p 2 0 5 915 205 201
p 2 0 6 914 388 211
p 2 0 4 916 207 201
p 2 0 0 920 197 197
p 2 2 5 913 961 221
p 2 0 7 913 219 204
p 2 0 3 917 204 199
p 2 2 8 910 443 226
p 2 0 4 916 207 204
p 2 0 3 917 201 200
p 2 2 6 912 955 222
p 2 0 8 912 215 204
p 2 0 1 919 199 198
p 2 1 7 912 601 220
p 2 0 4 916 210 202
p 2 0 1 919 198 198
p 2 0 7 913 923 215
p 2 0 6 914 218 204
p 2 0 1 919 199 198
p 2 0 1 919 199 198
p 2 0 0 920 197 197
p 2 0 0 920 197 197
i 2 920 0 0 34297 4027
p 2 0 844 76 9675 1124
p 2 0 853 67 11346 1154
p 2 78 799 43 25532 1808
p 2 0 905 15 11241 1260
p 2 0 870 50 11703 1200
p 2 14 868 38 24787 1625
p 2 0 896 24 11132 1271
p 2 0 878 42 11994 1236
p 2 20 861 39 28598 1792
p 2 0 841 79 10799 1225
p 2 0 889 31 11393 1245
p 2 10 854 56 26015 1619
p 2 0 878 42 11087 1248
p 2 0 879 41 11883 1242
p 2 12 869 39 27604 1619
p 2 0 879 41 12729 1243
p 2 0 873 47 13701 1250
p 2 17 853 50 31229 1762
p 2 0 877 43 13566 1275
p 2 0 888 32 14115 1255
p 2 9 857 54 18329 1392
p 2 0 873 47 13059 1237
p 2 0 874 46 13142 1237
p 2 13 840 67 18354 1354
p 2 0 882 38 13431 1238
p 2 0 872 48 13394 1213
p 2 6 844 70 16819 1329
p 2 0 876 44 13208 1232
p 2 0 886 34 13191 1254
p 2 3 875 42 16140 1323
p 2 0 845 75 13334 1216
p 2 0 856 64 13244 1211
p 2 2 877 41 13584 1262
p 2 0 876 44 13321 1246
p 2 0 876 44 13155 1222
p 2 7 881 32 14242 1270
p 2 0 863 57 13440 1203
p 2 0 893 27 13380 1239
p 2 0 875 45 13734 1252
p 2 0 882 38 13187 1219
p 2 0 855 65 13087 1209
p 2 1 860 59 13983 1222
p 2 0 862 58 13047 1195
p 2 0 874 46 13504 1226
p 2 0 872 48 13765 1240
p 2 0 873 47 13312 1220
p 2 0 880 40 13230 1228
p 2 0 866 54 13612 1255
p 2 0 869 51 13121 1220
p 2 0 866 54 13168 1227
p 2 8 859 53 13928 1271
p 2 0 879 41 13375 1227
p 2 0 891 29 13518 1245
p 2 2 890 28 13683 1272
p 2 0 885 35 13206 1230
p 2 0 881 39 13318 1217
p 2 7 859 54 14405 1260
p 2 0 886 34 13445 1250
p 2 0 886 34 13364 1220
p 2 0 885 35 13799 1253
p 2 0 850 70 13174 1205
p 2 0 862 58 13236 1209
p 2 1 875 44 13960 1228
p 2 0 875 45 13459 1213
p 2 0 868 52 13414 1213
p 2 0 873 47 13774 1220
p 2 0 874 46 13484 1226
p 2 0 893 27 13649 1255
p 2 1 877 42 14125 1259
p 2 0 879 41 13672 1229
p 2 0 868 52 13281 1229
p 2 1 889 30 17619 1332
p 2 0 886 34 13183 1242
p 2 0 888 32 13753 1242
p 2 0 884 36 16054 1276
p 2 0 888 32 13257 1237
p 2 0 881 39 13503 1224
p 2 2 879 39 17476 1321
p 2 0 882 38 13123 1241
p 2 0 887 33 13580 1245
p 2 1 866 53 14436 1255
p 2 0 890 30 13508 1240
p 2 0 865 55 13602 1231
p 2 1 870 49 14203 1267
p 2 0 890 30 13586 1250
p 2 0 876 44 13666 1229
p 2 1 869 50 14514 1267
p 2 0 880 40 13732 1243
p 2 0 870 50 13737 1231
p 2 2 889 29 13930 1286
p 2 0 886 34 13335 1255
p 2 0 883 37 13362 1255
p 2 8 861 51 14586 1287
p 2 0 872 48 14091 1251
p 2 0 888 32 14057 1272
p 2 0 884 36 14534 1281
p 2 0 874 46 13900 1236
p 2 0 882 38 14027 1260
p 2 2 865 53 14553 1270
p 2 0 883 37 13961 1257
p 2 0 864 56 14032 1240
p 2 3 872 45 13921 1277
p 2 0 871 49 13498 1242
p 2 0 876 44 13806 1247
p 2 7 879 34 14958 1292
p 2 0 884 36 14061 1256
p 2 0 880 40 13882 1248
p 2 1 864 55 14388 1266
p 2 0 874 46 13990 1249
p 2 0 863 57 14058 1241
p 2 2 871 47 14737 1280
p 2 0 868 52 13908 1260
p 2 0 861 59 13984 1251
p 2 0 869 51 14667 1290
p 2 0 885 35 14156 1280
p 2 0 873 47 14052 1271
p 2 0 873 47 14150 1261
p 2 0 871 49 13840 1257
p 2 0 877 43 13630 1263
p 2 2 891 27 14828 1307
p 2 0 870 50 13931 1264
p 2 0 865 55 13862 1250
p 2 1 850 69 14771 1264
p 2 0 874 46 14142 1268
p 2 0 887 33 14184 1298
p 2 1 890 29 14570 1302
p 2 0 879 41 14034 1268
p 2 0 875 45 14081 1267
p 2 1 884 35 14877 1286
p 2 0 876 44 14402 1269
p 2 0 890 30 14119 1286
p 2 2 872 46 14323 1303
p 2 0 889 31 14033 1296
p 2 0 891 29 14162 1294
p 2 8 874 38 15182 1332
p 2 0 893 27 14524 1315
p 2 0 883 37 14574 1284
p 2 0 872 48 14602 1283
p 2 0 876 44 14080 1278
p 2 0 897 23 14282 1284
p 2 2 873 45 15192 1289
p 2 0 885 35 14394 1267
p 2 0 892 28 14311 1289
p 2 3 873 44 14575 1306
p 2 0 895 25 14233 1289
p 2 0 879 41 14150 1264
p 2 8 878 34 15354 1332
p 2 0 886 34 14587 1290
p 2 0 876 44 14478 1276
p 2 1 886 33 14755 1328
p 2 0 884 36 14283 1285
p 2 0 883 37 14345 1276
p 2 8 885 27 15376 1354
p 2 0 893 27 14756 1314
p 2 0 889 31 15029 1314
p 2 0 894 26 15462 1333
p 2 0 877 43 15033 1309
p 2 0 895 25 14932 1298
p 2 2 884 34 15634 1320
p 2 0 891 29 14987 1314
p 2 0 886 34 14717 1302
p 2 3 895 22 14986 1358
p 2 0 884 36 14183 1300
p 2 0 888 32 14552 1299
p 2 7 875 38 15754 1332
p 2 0 889 31 14884 1315
p 2 0 889 31 14792 1313
p 2 0 887 33 15534 1323
p 2 0 882 38 14411 1313
p 2 0 892 28 14808 1333
p 2 1 896 23 15212 1343
p 2 0 892 28 14845 1306
p 2 0 893 27 14815 1330
p 2 0 889 31 14805 1319
p 2 0 888 32 15277 1323
p 2 0 897 23 15589 1347
p 2 0 885 35 15019 1339
p 2 0 898 22 14852 1332
p 2 0 882 38 14785 1313
p 2 0 892 28 14238 1318
p 2 0 898 22 14630 1311
p 2 0 904 16 14432 1308
p 2 0 888 32 14701 1316
p 2 0 894 26 13965 1300
i 2 920 0 0 53686 4738
p 2 149 740 31 56849 2869
p 2 60 842 18 49256 2475
p 2 34 863 23 43102 2307
p 2 38 855 27 40630 2299
p 2 26 883 11 39139 2208
p 2 8 899 13 35443 2122
p 2 0 892 28 18973 1516
p 2 0 892 28 19375 1487
p 2 0 897 23 19417 1499
p 2 0 898 22 19792 1452
p 2 0 882 38 19922 1435
p 2 0 894 26 19652 1451
p 2 0 885 35 19872 1429
p 2 0 888 32 19492 1422
p 2 0 879 41 19769 1409
p 2 0 888 32 18677 1420
p 2 0 885 35 18927 1394
p 2 252 637 31 60954 3236
p 2 0 863 57 18068 1468
p 2 38 854 28 46572 2195
p 2 0 853 67 17516 1375
p 2 25 841 54 46223 2159
p 2 0 729 191 7890 1103
p 2 8 639 273 21059 1277
p 2 0 411 509 1545 637
p 2 0 248 672 721 439
p 2 1 460 459 19767 1060
p 2 0 390 530 1520 611
p 2 0 231 689 799 424
p 2 8 443 469 19395 1080
p 2 0 298 622 1309 530
p 2 0 156 764 604 351
p 2 10 410 500 20997 1054
p 2 0 328 592 1377 557
p 2 0 165 755 640 357
p 2 1 157 762 1495 382
p 2 0 56 864 347 251
p 2 0 50 870 301 239
p 2 0 56 864 1351 278
p 2 0 70 850 411 262
p 2 0 44 876 307 237
p 2 5 85 830 920 330
p 2 0 26 894 271 226
p 2 0 21 899 241 215
p 2 10 81 829 1743 336
p 2 0 46 874 316 238
p 2 0 84 836 431 274
p 2 1 46 873 1230 277
p 2 0 39 881 299 234
p 2 0 24 896 254 217
p 2 0 52 868 1337 267
p 2 0 26 894 287 223
p 2 0 21 899 255 215
p 2 1 32 887 1181 263
p 2 0 40 880 302 232
p 2 0 13 907 223 207
p 2 2 23 895 587 250
p 2 0 15 905 231 209
p 2 0 10 910 217 205
p 2 10 12 898 1564 273
p 2 0 19 901 244 213
p 2 0 16 904 245 210
p 2 1 30 889 1198 262
p 2 0 13 907 246 213
p 2 0 438 482 1906 681
p 2 0 182 738 1657 392
p 2 0 54 866 326 248
p 2 0 38 882 266 230
p 2 6 37 877 796 290
p 2 0 21 899 251 222
p 2 0 14 906 221 209
p 2 10 15 895 1551 275
p 2 0 20 900 261 216
p 2 0 4 916 206 201
p 2 1 30 889 1192 262
p 2 0 15 905 241 213
p 2 0 14 906 226 209
p 2 0 29 891 1275 251
p 2 0 28 892 286 223
p 2 0 15 905 233 209
p 2 0 13 907 227 208
p 2 0 5 915 207 202
p 2 0 6 914 209 202
p 2 1 21 898 1151 253
p 2 0 12 908 258 212
p 2 2 17 901 565 248
p 2 0 10 910 217 207
p 2 0 9 911 219 207
i 2 920 0 0 47266 4338
p 2 374 546 0 57056 3610
p 2 252 667 1 52781 3174
p 2 175 742 3 50223 2921
p 2 154 761 5 45279 2735
p 2 93 827 0 40398 2570
p 2 0 906 14 24102 1547
p 2 0 911 9 21794 1470
p 2 0 912 8 22050 1452
p 2 0 907 13 23447 1471
p 2 0 912 8 22314 1476
p 2 0 904 16 22450 1454
p 2 1 905 14 23534 1464
p 2 0 900 20 22450 1453
p 2 1 900 19 23066 1475
p 2 2 901 17 24879 1489
p 2 0 894 26 21985 1434
p 2 0 899 21 21503 1447
p 2 3 893 24 21074 1442
p 2 0 902 18 19110 1390
p 2 0 891 29 18700 1340
p 2 0 878 42 20391 1345
p 2 0 832 88 16931 1285
p 2 0 765 155 10221 1171
p 2 0 601 319 5185 894
p 2 0 342 578 1176 546
p 2 0 235 685 755 424
p 2 1 208 711 3475 433
p 2 0 211 709 735 403
p 2 0 101 819 380 287
p 2 1 188 731 3431 407
p 2 0 147 773 545 334
p 2 0 120 800 470 309
p 2 0 83 837 4222 312
p 2 0 129 791 498 318
p 2 0 95 825 393 281
p 2 3 108 809 3278 344
p 2 0 48 872 295 242
p 2 0 47 873 291 240
p 2 0 58 862 2956 277
p 2 0 44 876 306 235
p 2 0 15 905 223 209
p 2 1 52 867 2947 287
p 2 0 37 883 304 232
p 2 0 26 894 244 219
p 2 1 36 883 2972 268
p 2 0 31 889 301 229
p 2 0 16 904 231 211
p 2 0 73 847 3190 297
p 2 0 37 883 289 233
p 2 0 30 890 256 222
p 2 29 219 672 29229 880
p 2 0 171 749 871 379
p 2 0 78 842 380 268
p 2 33 229 658 28227 891
p 2 0 164 756 821 379
p 2 0 88 832 391 279
p 2 0 37 883 555 229
p 2 0 70 850 348 260
p 2 0 33 887 256 224
p 2 0 23 897 480 219
p 2 0 14 906 225 208
p 2 0 30 890 254 222
p 2 0 21 899 466 215
p 2 0 15 905 221 208
p 2 0 6 914 209 201
p 2 0 14 906 228 209
p 2 0 13 907 216 208
p 2 0 10 910 446 206
p 2 0 10 910 219 207
p 2 19 191 710 27271 752
p 2 0 154 766 776 366
p 2 23 194 703 27094 771
p 2 0 205 715 846 403
p 2 0 107 813 445 295
p 2 0 47 873 557 241
p 2 0 36 884 264 227
p 2 0 32 888 259 224
p 2 0 56 864 568 249
p 2 0 29 891 255 221
p 2 0 21 899 241 213
p 2 0 17 903 230 211
p 2 0 24 896 251 218
p 2 0 8 912 214 204
p 2 0 10 910 213 205
p 2 0 8 912 213 203
p 2 0 12 908 218 206
p 2 0 3 917 203 200
p 2 0 4 916 204 200
p 2 0 9 911 220 205
p 2 0 14 906 229 208
p 2 0 5 915 208 202
p 2 0 3 917 202 200
p 2 0 6 914 213 203
p 2 0 11 909 221 206
p 2 0 1 919 199 198
p 2 0 12 908 439 210
p 2 0 13 907 217 207
p 2 0 3 917 205 200
p 2 0 5 915 455 202
p 2 0 10 910 220 206
p 2 0 6 914 211 202
p 2 14 136 770 7568 602
p 2 0 90 830 496 308
p 2 5 148 767 7274 560
p 2 0 126 794 575 331
p 2 4 148 768 8650 544
p 2 0 107 813 560 318
p 2 2 167 751 4903 448
p 2 0 120 800 558 322
p 2 4 171 745 7011 475
p 2 0 132 788 604 331
p 2 0 152 768 3221 395
p 2 0 109 811 554 310
p 2 0 136 784 3148 382
p 2 0 104 816 509 299
p 2 0 133 787 3020 380
p 2 0 90 830 458 283
p 2 0 132 788 3125 372
p 2 0 100 820 490 296
p 2 0 126 794 3058 373
p 2 0 86 834 444 278
p 2 0 124 796 3140 368
p 2 0 87 833 507 286
p 2 0 127 793 2988 364
i 2 920 0 0 39309 4262
p 2 159 466 295 6022 1740
p 2 194 715 11 26676 2525
p 2 172 617 131 16850 2177
p 2 148 762 10 26352 2508
p 2 148 677 95 8931 2132
p 2 121 789 10 33793 2568
p 2 104 691 125 8850 2013
p 2 96 807 17 26196 2445
p 2 93 720 107 16610 2119
p 2 74 838 8 28869 2498
p 2 81 722 117 8469 2020
p 2 82 832 6 36651 2597
p 2 69 741 110 8615 2030
p 2 58 854 8 28404 2509
p 2 70 744 106 15622 2133
p 2 55 857 8 28550 2534
p 2 42 762 116 8149 2012
p 2 44 858 18 30325 2426
p 2 38 772 110 8464 2015
p 2 32 881 7 23659 2408
p 2 40 774 106 12964 2069
p 2 26 877 17 28994 2427
p 2 22 789 109 8868 1968
p 2 10 897 13 27830 1790
p 2 0 706 214 2647 945
p 2 1 850 69 19005 1417
p 2 2 703 215 8770 1057
p 2 1 811 108 19888 1364
p 2 0 626 294 2105 838
p 2 1 815 104 19216 1291
p 2 0 547 373 2146 746
p 2 0 677 243 10833 978
p 2 2 523 395 8347 837
p 2 0 593 327 10706 915
p 2 0 396 524 1499 589
p 2 2 617 301 16999 1067
p 2 0 387 533 1836 585
p 2 0 504 416 10309 807
p 2 2 417 501 8061 746
p 2 0 529 391 10302 833
p 2 0 326 594 1438 524
p 2 2 531 387 16964 982
p 2 0 406 514 1852 601
p 2 0 546 374 10374 835
p 2 2 368 550 8197 708
p 2 0 547 373 10368 846
p 2 0 405 515 1464 572
p 2 25 655 240 32335 1655
p 2 0 496 424 2314 742
p 2 0 314 606 1282 499
p 2 14 642 264 28292 1413
p 2 0 492 428 2245 721
p 2 0 244 676 965 434
p 2 29 559 332 32086 1475
p 2 0 404 516 2019 639
p 2 0 323 597 1569 505
p 2 3 218 699 7523 559
p 2 0 265 655 1276 456
p 2 0 190 730 854 370
p 2 3 204 713 7594 551
p 2 0 154 766 1306 362
p 2 0 130 790 1017 320
p 2 3 188 729 7333 522
p 2 0 216 704 1394 411
p 2 0 159 761 784 346
p 2 3 227 690 7709 573
p 2 0 176 744 1215 372
p 2 0 128 792 819 322
p 2 3 215 702 7408 559
p 2 0 223 697 967 409
p 2 0 128 792 844 319
p 2 4 166 750 7549 521
p 2 0 154 766 1325 355
p 2 0 114 806 967 305
p 2 3 145 772 7353 487
p 2 0 207 713 1131 396
p 2 0 127 793 729 310
p 2 3 169 748 7543 519
p 2 0 122 798 999 324
p 2 0 121 799 885 311
p 2 3 151 766 7332 492
p 2 0 150 770 1076 351
p 2 0 121 799 866 311
p 2 4 173 743 7568 514
p 2 0 145 775 1133 349
p 2 0 90 830 981 289
p 2 3 142 775 7339 476
p 2 0 134 786 981 336
p 2 0 93 827 629 284
p 2 4 135 781 7551 489
p 2 0 125 795 1073 328
p 2 0 87 833 947 287
p 2 3 135 782 7250 478
p 2 0 145 775 862 341
p 2 0 110 810 784 293
p 2 3 181 736 7565 526
p 2 0 119 801 1096 321
p 2 0 115 805 1091 310
p 2 3 171 746 7294 502
p 2 0 139 781 886 333
p 2 0 82 838 654 273
p 2 4 149 767 7532 497
p 2 0 120 800 1195 329
p 2 0 109 811 786 296
p 2 3 153 764 7485 484
p 2 0 147 773 1093 349
p 2 0 121 799 672 305
p 2 4 154 762 7586 498
p 2 0 97 823 883 308
p 2 0 98 822 956 293
p 2 3 153 764 7320 496
p 2 0 128 792 986 325
p 2 0 118 802 630 296
p 2 5 137 778 7580 487
p 2 0 119 801 941 323
p 2 0 102 818 964 294
p 2 3 165 752 7342 500
p 2 0 129 791 1071 338
p 2 0 109 811 890 305
p 2 4 137 779 7535 489
p 2 0 115 805 1058 322
p 2 0 93 827 990 289
p 2 3 131 786 7300 472
p 2 0 136 784 1034 341
p 2 0 97 823 700 289
p 2 4 156 760 7522 505
p 2 0 146 774 1135 346
p 2 0 104 816 904 296
p 2 3 140 777 7192 478
p 2 0 148 772 1074 349
p 2 0 562 358 4094 816
p 2 26 553 341 6333 1517
p 2 5 575 340 4959 1436
p 2 7 581 332 5454 1483
p 2 12 568 340 5649 1554
p 2 19 569 332 6010 1573
p 2 19 559 342 5698 1543
p 2 20 565 335 6334 1575
p 2 23 566 331 6108 1571
p 2 24 560 336 6308 1564
p 2 42 536 342 6356 1620
p 2 31 549 340 6487 1579
p 2 38 541 341 6648 1624
p 2 49 538 333 7070 1682
p 2 39 540 341 6637 1629
p 2 59 520 341 6988 1686
p 2 150 764 6 42276 3024
p 2 46 723 151 7504 1884
p 2 72 588 260 7216 1841
p 2 159 754 7 44781 3051
p 2 78 726 116 7728 2001
p 2 134 539 247 7404 1971
p 2 171 741 8 43948 3096
p 2 160 628 132 8039 2088
p 2 128 573 219 6413 1836
p 2 71 749 100 41051 2197
p 2 0 619 301 1781 881
p 2 0 319 601 746 502
p 2 46 451 423 12478 1117
p 2 0 316 604 766 497
p 2 0 230 690 633 416
p 2 17 325 578 12431 864
p 2 0 227 693 814 443
p 2 0 121 799 398 304
p 2 16 202 702 11377 754
p 2 0 144 776 640 361
p 2 0 139 781 480 322
p 2 7 76 837 1590 314
p 2 0 64 856 311 252
p 2 0 59 861 297 248
p 2 2 81 837 1350 306
p 2 0 38 882 290 232
p 2 0 20 900 227 213
p 2 2 45 873 1509 267
p 2 0 38 882 288 231
p 2 0 47 873 295 238
p 2 4 41 875 674 277
p 2 0 32 888 263 225
p 2 0 12 908 217 209
p 2 7 17 896 1468 258
p 2 0 14 906 230 209
p 2 0 17 903 227 209
p 2 2 18 900 1227 251
p 2 0 10 910 244 209
p 2 0 6 914 212 203
p 2 2 16 902 1445 243
p 2 0 9 911 221 205
p 2 0 5 915 206 202
p 2 0 4 916 206 200
p 2 0 3 917 203 200
p 2 0 527 393 6019 774
i 2 920 0 0 42484 4375
p 2 0 911 9 8624 1182
p 2 0 905 15 14318 1420
p 2 190 702 28 45592 2948
p 2 1 894 25 16390 1582
p 2 0 915 5 11167 1359
p 2 208 690 22 41984 2874
p 2 1 906 13 9536 1456
p 2 0 909 11 10043 1402
p 2 107 797 16 36467 2475
p 2 2 888 30 13235 1497
p 2 0 859 61 13951 1451
p 2 197 651 72 43033 2768
p 2 0 456 464 1361 705
p 2 0 336 584 786 517
p 2 1 249 670 1575 457
p 2 0 176 744 423 363
p 2 0 134 786 389 315
p 2 1 140 779 1509 354
p 2 0 124 796 413 311
p 2 0 79 841 308 265
p 2 7 131 782 821 368
p 2 0 72 848 305 263
p 2 0 46 874 263 237
p 2 8 91 821 1697 333
p 2 0 48 872 295 239
p 2 0 70 850 327 256
p 2 2 58 860 1293 282
p 2 0 38 882 259 227
p 2 0 20 900 243 214
p 2 1 51 868 1471 276
p 2 0 53 867 331 246
p 2 0 22 898 244 218
p 2 7 32 881 668 279
p 2 0 48 872 292 244
p 2 0 22 898 245 217
p 2 4 41 875 1410 270
p 2 0 31 889 257 222
p 2 0 17 903 222 211
p 2 1 30 889 1447 258
p 2 0 23 897 259 218
p 2 0 15 905 224 210
p 2 7 24 889 648 273
p 2 0 26 894 248 225
p 2 0 18 902 228 214
p 2 8 23 889 1596 275
p 2 0 19 901 238 213
p 2 0 10 910 215 206
p 2 1 26 893 1268 250
p 2 0 19 901 250 216
p 2 0 12 908 217 208
p 2 1 20 899 1400 249
p 2 0 27 893 285 224
p 2 0 14 906 226 209
p 2 0 11 909 219 207
p 2 0 7 913 209 202
p 2 0 7 913 206 203
p 2 1 28 891 1280 254
p 2 0 338 582 1222 547
p 2 2 144 774 802 347
p 2 0 68 852 278 256
p 2 0 45 875 245 233
p 2 0 47 873 246 234
p 2 0 26 894 235 219
p 2 0 29 891 236 219
i 2 920 0 0 45780 4380
p 2 0 287 633 607 477
p 2 0 195 725 407 369
p 2 55 166 699 8795 795
p 2 0 160 760 511 355
p 2 0 96 824 345 286
p 2 55 174 691 16557 863
p 2 0 140 780 634 342
p 2 0 78 842 351 268
p 2 33 225 662 21356 911
p 2 0 187 733 840 394
p 2 0 120 800 449 312
p 2 55 201 664 23347 1033
p 2 0 178 742 810 387
p 2 0 139 781 569 332
p 2 0 62 858 517 258
p 2 0 40 880 268 231
p 2 0 32 888 263 227
p 2 0 76 844 638 267
p 2 0 73 847 369 263
p 2 0 45 875 314 240
p 2 0 19 901 468 216
p 2 0 14 906 223 208
p 2 0 11 909 226 206
p 2 0 79 841 612 271
p 2 0 54 866 302 245
p 2 0 37 883 271 230
p 2 0 28 892 451 225
p 2 0 33 887 274 225
p 2 0 30 890 247 225
p 2 0 27 893 501 221
p 2 0 13 907 223 207
p 2 0 18 902 230 212
p 2 0 14 906 452 211
p 2 0 13 907 228 208
p 2 0 7 913 213 203
p 2 0 10 910 467 207
p 2 0 5 915 213 201
p 2 0 6 914 209 203
p 2 0 6 914 434 205
p 2 0 6 914 207 202
p 2 0 5 915 202 201
p 2 0 4 916 370 201
p 2 0 5 915 214 201
p 2 0 5 915 207 202
p 2 0 8 912 481 204
p 2 0 10 910 217 205
p 2 0 5 915 208 201
p 2 0 24 896 455 219
p 2 0 11 909 211 205
p 2 0 7 913 210 204
p 2 0 17 903 490 213
p 2 0 11 909 218 206
p 2 0 7 913 208 203
p 2 0 10 910 445 206
p 2 0 5 915 207 202
p 2 0 8 912 212 204
p 2 0 6 914 451 204
p 2 0 5 915 207 202
p 2 0 2 918 201 199
p 2 0 1 919 199 198
p 2 0 3 917 204 200
p 2 0 6 914 210 202
p 2 1 38 881 6966 297
p 2 0 37 883 350 235
p 2 0 21 899 409 215
p 2 1 39 880 6058 282
p 2 0 33 887 333 231
p 2 0 22 898 246 215
p 2 0 43 877 6782 284
p 2 0 45 875 375 243
p 2 0 17 903 240 210
p 2 0 35 885 336 226
p 2 0 21 899 235 213
p 2 0 7 913 210 202
p 2 0 10 910 272 206
p 2 0 13 907 229 207
p 2 0 4 916 204 200
p 2 0 2 918 201 199
p 2 0 4 916 210 201
p 2 0 12 908 310 207
p 2 0 3 917 201 200
p 2 43 117 760 25655 833
p 2 0 109 811 649 318
p 2 40 138 742 25428 822
p 2 0 125 795 664 332
p 2 20 153 747 26931 702
p 2 0 137 783 713 340
p 2 13 177 730 24565 653
p 2 0 132 788 781 339
p 2 10 181 729 27741 676
p 2 0 155 765 876 365
p 2 0 105 815 516 299
p 2 0 36 884 512 229
p 2 0 55 865 345 246
p 2 0 55 865 330 244
p 2 0 166 754 888 355
p 2 0 72 848 379 264
p 2 0 71 849 380 260
p 2 0 51 869 546 244
p 2 0 42 878 306 231
p 2 0 20 900 242 213
p 2 0 10 910 454 208
p 2 0 19 901 251 212
p 2 0 17 903 245 212
p 2 0 19 901 458 213
p 2 0 11 909 230 207
p 2 0 8 912 215 203
p 2 0 11 909 439 206
p 2 0 8 912 225 204
p 2 0 7 913 212 202
p 2 0 11 909 443 207
p 2 0 10 910 226 204
p 2 0 14 906 231 208
p 2 0 12 908 434 207
p 2 0 1 919 200 198
p 2 0 4 916 206 201
p 2 0 9 911 421 205
p 2 0 4 916 205 200
p 2 0 1 919 200 198
p 2 0 1 919 198 198
p 2 0 2 918 201 199
p 2 0 4 916 408 202
i 2 920 0 0 64484 4815
p 2 0 226 694 510 406
p 2 49 438 433 43994 1465
p 2 0 292 628 1402 522
p 2 4 423 493 37382 1111
p 2 0 319 601 1517 555
p 2 14 391 515 38992 1172
p 2 0 306 614 1552 540
p 2 0 184 736 743 378
p 2 0 105 815 434 295
p 2 0 130 790 533 319
p 2 0 47 873 343 245
p 2 1 51 868 845 261
p 2 0 53 867 326 243
p 2 0 76 844 435 272
p 2 0 51 869 522 249
p 2 0 49 871 307 240
p 2 0 39 881 297 232
p 2 0 60 860 343 248
p 2 0 30 890 278 223
p 2 0 18 902 249 211
p 2 0 9 911 220 205
p 2 0 11 909 223 206
p 2 0 11 909 231 205
p 2 0 41 879 301 233
p 2 0 38 882 265 230
p 2 0 41 879 263 231
p 2 0 28 892 247 221
p 2 0 27 893 244 217
p 2 0 17 903 245 212
p 2 0 19 901 237 211
p 2 0 17 903 229 211
p 2 0 9 911 214 206
p 2 0 34 886 914 239
p 2 0 27 893 279 224
p 2 0 8 912 216 203
p 2 0 29 891 760 236
p 2 0 19 901 248 216
p 2 0 11 909 216 205
p 2 0 29 891 841 230
p 2 0 27 893 267 221
p 2 0 10 910 223 205
p 2 40 390 490 26030 1296
p 2 0 288 632 1024 498
p 2 0 152 768 484 332
p 2 29 427 464 28884 1322
p 2 0 305 615 1121 536
p 2 0 174 746 535 358
p 2 42 488 390 29856 1545
p 2 0 311 609 1161 540
p 2 0 162 758 505 348
p 2 31 477 412 30527 1399
p 2 0 392 528 1356 630
p 2 0 163 757 503 352
p 2 3 161 756 2034 386
p 2 0 128 792 462 316
p 2 0 168 752 591 356
p 2 2 129 789 1536 356
p 2 0 71 849 320 267
p 2 0 37 883 269 229
p 2 3 57 860 1820 296
p 2 0 51 869 330 249
p 2 0 79 841 397 271
p 2 8 55 857 653 322
p 2 0 30 890 237 223
p 2 0 25 895 234 216
p 2 13 26 881 1978 297
p 2 0 16 904 250 212
p 2 0 29 891 247 220
p 2 2 40 878 1324 272
p 2 0 17 903 252 218
p 2 0 17 903 225 209
p 2 3 51 866 1808 286
p 2 0 34 886 283 232
p 2 0 16 904 230 210
p 2 2 45 873 1360 281
p 2 0 26 894 263 225
p 2 0 13 907 220 209
p 2 1 55 864 567 271
p 2 0 35 885 262 230
p 2 0 24 896 222 216
p 2 13 14 893 1950 286
p 2 0 25 895 264 221
p 2 0 8 912 221 204
p 2 7 29 884 590 284
p 2 0 16 904 218 211
p 2 0 19 901 217 210
p 2 13 14 893 1948 286
p 2 0 11 909 228 207
p 2 0 7 913 212 203
p 2 2 32 886 1324 267
p 2 0 18 902 241 214
p 2 0 11 909 212 206
p 2 1 27 892 476 246
p 2 0 19 901 221 218
p 2 0 12 908 217 209
p 2 0 10 910 204 204
p 2 0 6 914 204 202
p 2 0 3 917 199 199
p 2 0 3 917 199 199
p 2 0 1 919 199 198
p 2 0 0 920 197 197
p 2 0 0 920 197 197
p 2 0 0 920 197 197
p 2 0 0 920 197 197
p 2 0 0 920 197 197
p 2 0 1 919 199 198
i 2 920 0 0 44394 3977
p 2 0 327 593 630 523
p 2 52 373 495 12284 1086
p 2 0 242 678 660 448
p 2 13 259 648 12275 744
p 2 0 222 698 694 426
p 2 6 224 690 14128 664
p 2 0 178 742 727 383
p 2 35 209 676 17889 832
p 2 0 160 760 656 363
p 2 6 195 719 17303 652
p 2 0 182 738 755 387
p 2 13 195 712 17847 684
p 2 0 189 731 772 394
p 2 15 190 715 18853 701
p 2 0 179 741 791 388
p 2 13 176 731 18191 720
p 2 0 195 725 779 409
p 2 4 165 751 10737 498
p 2 0 133 787 597 332
p 2 0 79 841 359 265
p 2 1 157 762 9390 446
p 2 0 160 760 708 361
p 2 0 82 838 328 271
p 2 0 196 724 9413 484
p 2 0 132 788 637 333
p 2 0 91 829 381 277
p 2 0 92 828 627 278
p 2 0 37 883 246 228
p 2 0 41 879 283 231
p 2 0 47 873 507 236
p 2 0 42 878 306 235
p 2 0 26 894 249 220
p 2 0 19 901 465 211
p 2 0 12 908 216 206
p 2 0 18 902 233 212
p 2 0 7 913 442 204
p 2 0 7 913 213 203
p 2 0 8 912 208 203
p 2 0 9 911 454 205
p 2 0 5 915 204 201
p 2 0 7 913 207 202
p 2 0 5 915 440 201
p 2 0 5 915 206 202
p 2 0 10 910 206 204
p 2 0 5 915 439 201
p 2 0 6 914 204 201
p 2 0 6 914 205 203
p 2 27 127 766 17787 737
p 2 0 114 806 549 315
p 2 0 47 873 280 239
p 2 25 131 764 18943 711
p 2 0 112 808 609 317
p 2 0 56 864 312 247
p 2 30 146 744 12789 668
p 2 0 122 798 643 328
p 2 0 58 862 299 248
p 2 119 294 507 45268 1671
p 2 0 244 676 1143 462
p 2 0 114 806 450 305
p 2 65 418 437 41008 1581
p 2 0 331 589 1535 566
p 2 0 157 763 607 353
p 2 136 513 271 46024 2169
p 2 0 383 537 1562 625
p 2 0 189 731 619 387
p 2 239 566 115 46801 2971
p 2 0 457 463 1673 731
p 2 0 240 680 733 443
p 2 177 679 64 38188 2735
p 2 0 545 375 1915 831
p 2 0 255 665 711 461
p 2 162 727 31 29423 2728
p 2 0 550 370 1586 834
p 2 0 414 506 894 618
p 2 276 601 43 16365 2748
p 2 0 611 309 1296 869
p 2 0 401 519 713 578
p 2 235 665 20 12806 2647
p 2 0 617 303 1187 911
p 2 0 539 381 783 702
p 2 178 712 30 10516 2480
p 2 0 647 273 1145 951
p 2 0 396 524 627 568
p 2 200 683 37 9558 2385
p 2 0 559 361 1051 851
p 2 0 571 349 773 714
p 2 185 618 117 7956 2190
p 2 0 733 187 1059 935
p 2 0 452 468 629 598
p 2 155 725 40 6550 2009
p 2 0 526 394 864 757
p 2 0 605 315 706 672
p 2 137 603 180 6592 1846
p 2 0 631 289 939 826
i 2 920 0 0 7317 2919
p 2 0 560 360 880 718
p 2 1 558 361 939 721
p 2 0 680 240 2938 942
p 2 0 545 375 1143 747
p 2 0 457 463 734 628
p 2 0 637 283 2891 927
p 2 0 567 353 934 738
p 2 0 393 527 992 595
p 2 0 687 233 2765 960
p 2 0 490 430 1064 693
p 2 0 483 437 760 648
p 2 0 632 288 2826 922
p 2 0 581 339 1011 744
p 2 0 426 494 1077 631
p 2 0 691 229 2971 964
p 2 1 493 426 1438 746
p 2 0 491 429 972 662
p 2 0 638 282 3355 962
p 2 0 555 365 1092 741
p 2 0 398 522 1444 623
p 2 0 664 256 2792 936
p 2 1 467 452 1896 721
p 2 0 465 455 965 634
p 2 0 628 292 4042 997
p 2 0 542 378 1224 742
p 2 1 389 530 1767 624
p 2 0 648 272 2830 925
p 2 1 473 446 2193 719
p 2 0 494 426 935 659
p 2 2 660 258 4445 1031
p 2 0 590 330 1161 770
p 2 3 414 503 2696 682
p 2 0 716 204 2892 966
p 2 2 502 416 2741 769
p 2 0 489 431 1047 654
p 2 1 651 268 4790 1011
p 2 0 580 340 1316 770
p 2 3 420 497 3306 689
p 2 0 704 216 2976 971
p 2 2 489 429 3625 811
p 2 0 484 436 1016 658
p 2 0 660 260 5393 1021
p 2 0 568 352 1344 761
p 2 2 416 502 3642 701
p 2 0 692 228 3082 967
p 2 2 475 443 4317 795
p 2 0 502 418 1144 682
p 2 1 630 289 6711 1041
p 2 0 544 376 1245 733
p 2 1 401 518 4400 696
p 2 0 684 236 3024 966
p 2 1 557 362 5052 874
p 2 0 502 418 1114 678
p 2 7 668 245 7116 1094
p 2 0 598 322 1400 784
p 2 2 428 490 5483 761
p 2 0 715 205 3104 999
p 2 2 533 385 5634 858
p 2 0 539 381 1288 717
p 2 4 673 243 8039 1088
p 2 0 612 308 1395 798
p 2 4 428 488 6502 768
p 2 0 686 234 2985 959
p 2 5 509 406 7590 870
p 2 0 499 421 1324 683
p 2 7 616 297 8792 1061
p 2 0 587 333 1494 786
p 2 1 411 508 6795 716
p 2 0 657 263 3024 938
p 2 9 515 396 8034 872
i 2 920 0 0 15458 3488
p 2 0 844 76 3842 1300
p 2 0 855 65 4228 1342
p 2 157 761 2 21041 3030
p 2 0 871 49 4802 1507
p 2 0 854 66 4198 1296
p 2 199 718 3 23643 3277
p 2 4 881 35 4891 1497
p 2 0 898 22 5714 1491
p 2 164 750 6 23915 2985
p 2 0 867 53 4785 1503
p 2 0 903 17 6291 1552
p 2 113 786 21 25039 2938
p 2 0 899 21 5436 1574
p 2 1 862 57 5543 1461
p 2 112 794 14 26053 2879
p 2 2 906 12 6820 1699
p 2 2 882 36 6150 1554
p 2 90 826 4 29438 2821
p 2 4 875 41 5024 1451
p 2 0 904 16 5578 1543
p 2 182 731 7 37077 3235
p 2 0 891 29 5507 1616
p 2 2 892 26 5546 1484
p 2 203 716 1 39095 3314
p 2 0 898 22 5378 1558
p 2 0 881 39 5575 1518
p 2 115 790 15 35474 2840
p 2 0 878 42 4782 1499
p 2 1 863 56 4638 1383
p 2 127 787 6 36301 2918
p 2 0 889 31 5853 1544
p 2 3 913 4 7357 1644
p 2 91 819 10 36882 2821
p 2 0 879 41 5191 1542
p 2 0 884 36 4665 1453
p 2 88 825 7 39932 2835
p 2 0 900 20 6539 1617
p 2 0 880 40 6320 1560
p 2 62 850 8 41953 2723
p 2 0 886 34 5334 1554
p 2 0 867 53 4809 1398
p 2 75 843 2 43174 2720
p 2 0 888 32 5585 1509
p 2 6 875 39 5668 1499
p 2 73 846 1 45026 2740
p 2 0 884 36 5791 1526
p 2 0 896 24 5178 1434
p 2 81 826 13 46233 2733
p 2 0 909 11 12899 1617
p 2 0 907 13 16305 1699
p 2 47 865 8 23340 2138
p 2 1 917 2 20557 1733
p 2 1 910 9 22207 1721
p 2 19 895 6 24603 2033
p 2 0 907 13 22565 1705
p 2 3 910 7 23159 1692
p 2 22 882 16 26446 1991
p 2 1 913 6 25044 1779
p 2 0 917 3 25135 1734
p 2 9 907 4 26558 1937
p 2 8 902 10 25337 1767
p 2 4 916 0 25321 1769
p 2 16 902 2 27134 1922
p 2 3 917 0 25907 1755
p 2 0 912 8 25676 1703
p 2 4 915 1 27118 1796
p 2 9 907 4 26204 1748
p 2 1 918 1 26413 1721
p 2 15 903 2 27328 1837
p 2 0 920 0 27055 1738
p 2 2 906 12 27437 1704
p 2 4 914 2 28715 1765
p 2 0 906 14 25900 1596
p 2 1 912 7 26805 1605
p 2 3 898 19 26743 1575
p 2 1 909 10 26843 1598
p 2 0 910 10 25899 1579
p 2 1 915 4 26119 1602
p 2 0 909 11 25176 1578
p 2 0 914 6 25357 1578
p 2 0 906 14 24486 1555
p 2 0 910 10 25488 1574
p 2 0 905 15 25209 1593
p 2 0 913 7 26145 1621
p 2 1 912 7 25174 1625
p 2 1 913 6 25357 1606
p 2 0 911 9 25177 1573
p 2 0 912 8 25407 1576
p 2 0 902 18 24735 1557
p 2 1 913 6 24979 1542
p 2 0 908 12 24577 1553
p 2 0 906 14 25136 1578
p 2 1 907 12 24416 1566
p 2 0 910 10 24588 1548
i 2 920 0 0 16758 3295
p 2 9 911 0 5950 1391
p 2 21 899 0 6490 1372
p 2 17 903 0 5728 1381
p 2 20 900 0 7916 1380
p 2 15 905 0 7933 1443
p 2 18 902 0 8553 1422
p 2 18 902 0 9648 1460
p 2 12 908 0 10379 1463
p 2 14 906 0 10382 1478
p 2 11 909 0 10993 1436
p 2 13 907 0 10757 1457
p 2 15 905 0 10343 1447
p 2 15 905 0 11139 1459
p 2 9 911 0 11224 1398
p 2 6 914 0 11182 1413
p 2 10 910 0 11582 1414
p 2 11 909 0 12237 1430
p 2 16 904 0 14357 1484
p 2 12 908 0 15358 1508
p 2 16 904 0 17273 1518
p 2 13 907 0 18146 1545
p 2 9 911 0 19823 1568
p 2 12 908 0 19761 1534
p 2 12 908 0 20075 1540
p 2 12 908 0 22248 1554
p 2 11 909 0 22494 1576
p 2 15 905 0 23148 1559
p 2 17 903 0 23032 1599
p 2 10 910 0 23671 1597
p 2 12 908 0 25040 1579
p 2 7 913 0 26728 1570
p 2 10 910 0 21489 1544
p 2 12 908 0 18993 1484
p 2 5 915 0 17521 1420
p 2 5 915 0 11770 1383
p 2 10 910 0 6224 1302
p 2 7 913 0 8747 1307
p 2 7 913 0 18519 1442
p 2 7 913 0 24340 1544
p 2 4 916 0 27566 1565
p 2 4 916 0 26360 1592
p 2 5 915 0 25237 1597
p 2 5 915 0 26346 1587
p 2 4 916 0 25209 1583
p 2 5 915 0 23718 1566
p 2 6 914 0 14893 1495
p 2 0 920 0 10320 1461
p 2 2 918 0 19756 1513
p 2 1 919 0 24372 1537
p 2 1 919 0 26334 1571
p 2 1 919 0 26466 1607
p 2 4 916 0 29892 1614
p 2 2 918 0 15240 1415
p 2 1 919 0 9223 1323
p 2 4 916 0 8363 1304
p 2 3 917 0 25855 1532
p 2 0 920 0 26500 1535
p 2 0 920 0 26035 1572
p 2 2 918 0 21959 1546
p 2 0 920 0 11446 1435
p 2 1 918 1 16665 1454
p 2 3 917 0 22857 1557
p 2 0 920 0 27089 1564
p 2 0 920 0 14575 1368
p 2 0 919 1 6870 1267
p 2 0 920 0 25144 1485
p 2 0 919 1 24877 1535
p 2 0 920 0 14371 1429
p 2 0 920 0 15571 1427
p 2 0 912 8 23541 1492
p 2 0 858 62 12601 1256
p 2 0 563 357 2237 768
p 2 0 253 667 855 429
p 2 0 54 866 330 246
p 2 0 86 834 379 271
p 2 0 74 846 372 263
p 2 0 50 870 312 238
p 2 0 19 901 242 212
p 2 0 12 908 219 206
p 2 0 17 903 236 211
p 2 0 12 908 222 207
p 2 0 3 917 207 200
p 2 0 5 915 210 202
p 2 0 7 913 212 203
p 2 0 1 919 199 198
p 2 0 2 918 202 199
p 2 0 1 919 199 198
p 2 0 3 917 202 199
i 2 920 0 0 74500 4587
p 2 0 114 806 378 300
p 2 0 49 871 251 235
p 2 0 22 898 573 219
p 2 0 22 898 229 215
p 2 0 6 914 207 202
p 2 0 10 910 584 207
p 2 0 10 910 217 206
p 2 0 8 912 211 203
p 2 0 14 906 613 211
p 2 0 9 911 223 206
p 2 0 8 912 213 203
p 2 0 22 898 2194 226
p 2 0 18 902 283 214
p 2 0 8 912 224 203
p 2 0 27 893 1462 226
p 2 0 18 902 270 214
p 2 0 12 908 221 205
p 2 0 15 905 1422 217
p 2 0 18 902 255 212
p 2 0 13 907 227 208
p 2 0 6 914 209 202
p 2 0 4 916 205 201
p 2 0 3 917 204 200
p 2 0 10 910 213 204
p 2 0 11 909 217 205
p 2 0 10 910 214 203
p 2 0 13 907 221 207
p 2 0 8 912 220 203
p 2 0 2 918 202 199
p 2 0 3 917 209 200
p 2 0 7 913 212 204
p 2 0 5 915 205 201
p 2 0 3 917 201 200
p 2 0 3 917 200 199
p 2 0 4 916 202 200
p 2 0 26 894 2171 236
p 2 0 13 907 257 211
p 2 0 9 911 214 204
p 2 0 42 878 4378 272
p 2 0 36 884 356 235
p 2 0 15 905 232 210
p 2 1 45 874 4908 283
p 2 0 33 887 342 232
p 2 0 16 904 241 211
p 2 0 52 868 4799 290
p 2 0 42 878 392 242
p 2 0 28 892 261 221
p 2 0 60 860 5402 292
p 2 0 43 877 368 239
p 2 0 19 901 246 213
p 2 1 50 869 5691 293
p 2 0 40 880 350 236
p 2 0 26 894 271 221
p 2 3 48 869 5805 315
p 2 0 42 878 390 242
p 2 0 23 897 259 216
p 2 1 50 869 5797 297
p 2 0 37 883 366 235
p 2 0 18 902 240 212
p 2 1 50 869 5867 292
p 2 0 41 879 387 241
p 2 0 20 900 250 214
p 2 1 47 872 5787 289
p 2 0 37 883 392 237
p 2 0 20 900 251 213
p 2 4 45 871 6482 321
p 2 0 39 881 356 239
p 2 0 11 909 223 206
p 2 4 47 869 6471 318
p 2 0 34 886 339 228
p 2 0 15 905 238 211
p 2 7 48 865 6414 339
p 2 0 39 881 376 239
p 2 0 10 910 221 204
p 2 2 52 866 6406 309
p 2 0 45 875 375 243
p 2 0 14 906 240 209
p 2 1 60 859 6853 320
p 2 0 44 876 388 244
p 2 0 7 913 212 203
p 2 4 59 857 7208 339
p 2 0 40 880 414 242
i 2 920 0 0 44089 4184
p 2 0 361 559 568 519
p 2 0 297 623 474 458
p 2 91 479 350 35172 1687
p 2 0 469 451 1532 679
p 2 0 221 699 637 406
p 2 65 470 385 32899 1492
p 2 0 361 559 1376 582
p 2 0 190 730 542 379
p 2 59 361 500 32089 1308
p 2 0 339 581 1409 561
p 2 0 196 724 635 381
p 2 48 358 514 29036 1224
p 2 0 300 620 1205 514
p 2 0 231 689 705 418
p 2 17 207 696 8208 633
p 2 0 182 738 652 380
p 2 0 109 811 418 299
p 2 1 117 802 5358 378
p 2 0 106 814 458 295
p 2 0 63 857 325 252
p 2 2 99 819 5636 379
p 2 0 85 835 409 278
p 2 0 51 869 294 242
p 2 1 144 775 6465 405
p 2 0 91 829 445 286
p 2 0 52 868 297 240
p 2 2 96 822 6962 364
p 2 0 95 825 472 286
p 2 0 50 870 310 242
p 2 4 88 828 6875 375
p 2 0 69 851 440 265
p 2 0 32 888 269 226
p 2 6 55 859 6176 340
p 2 0 60 860 408 253
p 2 0 37 883 275 227
p 2 4 63 853 6186 350
p 2 0 58 862 395 253
p 2 0 28 892 257 220
p 2 2 55 863 5403 337
p 2 0 49 871 362 246
p 2 0 23 897 264 222
p 2 1 57 862 5769 324
p 2 0 53 867 414 250
p 2 0 22 898 246 217
p 2 2 60 858 5757 353
p 2 0 41 879 332 241
p 2 0 23 897 244 218
p 2 1 64 855 6291 334
p 2 0 44 876 357 244
p 2 0 20 900 243 215
p 2 2 56 862 6629 333
p 2 0 46 874 387 243
p 2 0 25 895 263 220
p 2 5 62 853 6990 357
p 2 0 42 878 381 240
p 2 0 15 905 231 211
p 2 6 49 865 6250 340
p 2 0 39 881 373 239
p 2 0 22 898 261 216
p 2 2 59 859 6564 337
p 2 0 44 876 363 240
p 2 0 12 908 227 207
p 2 2 47 871 5141 328
p 2 0 38 882 339 236
p 2 0 21 899 249 217
p 2 1 60 859 5720 328
p 2 0 49 871 395 247
p 2 0 22 898 242 215
p 2 2 61 857 5703 349
p 2 0 46 874 346 241
p 2 0 22 898 253 217
p 2 1 55 864 5948 317
p 2 0 52 868 360 248
p 2 0 24 896 239 218
p 2 2 48 870 6419 315
p 2 0 33 887 315 228
p 2 0 16 904 223 211
p 2 5 47 868 6305 340
p 2 0 31 889 316 228
p 2 0 26 894 248 218
p 2 6 46 868 5681 329
p 2 0 39 881 357 238
p 2 0 15 905 234 209
p 2 2 48 870 6047 319
p 2 0 42 878 376 237
p 2 0 17 903 240 211
p 2 1 48 871 5048 325
p 2 0 33 887 318 232
p 2 0 20 900 249 216
p 2 1 51 868 5167 311
p 2 0 43 877 341 239
p 2 0 23 897 247 215
p 2 0 61 859 5500 334
p 2 0 44 876 359 241
p 2 0 22 898 236 217
p 2 7 81 832 10669 427
p 2 0 68 852 521 267
p 2 0 24 896 283 220
p 2 3 90 827 10023 402
p 2 0 74 846 497 275
p 2 0 28 892 263 220
p 2 3 85 832 7764 371
p 2 0 64 856 463 263
p 2 0 28 892 277 220
p 2 0 17 903 237 210
p 2 0 5 915 210 201
p 2 0 4 916 204 202
p 2 126 174 620 35438 1505
p 2 0 164 756 784 375
p 2 0 98 822 412 289
p 2 50 255 615 35999 1187
p 2 0 197 723 940 408
p 2 0 76 844 341 264
p 2 49 279 592 39111 1222
p 2 0 222 698 1047 438
p 2 0 197 723 791 391
p 2 1 95 824 733 291
p 2 0 54 866 304 246
p 2 0 76 844 340 262
p 2 0 60 860 766 257
p 2 0 58 862 339 250
p 2 0 36 884 264 227
p 2 1 34 885 623 235
p 2 0 23 897 247 217
p 2 0 11 909 223 206
p 2 0 19 901 695 219
p 2 0 14 906 246 210
p 2 0 13 907 224 208
p 2 0 9 911 217 204
p 2 0 10 910 218 206
p 2 0 4 916 205 201
p 2 1 5 914 565 212
p 2 0 4 916 206 200
p 2 0 1 919 198 198
p 2 0 6 914 382 210
p 2 0 3 917 203 200
i 2 920 0 0 81372 5112
p 2 0 187 733 511 371
p 2 0 102 818 331 288
p 2 1 181 738 10629 535
p 2 0 136 784 674 337
p 2 0 87 833 407 279
p 2 0 157 763 10445 504
p 2 0 115 805 615 315
p 2 0 53 867 309 241
p 2 2 152 766 11105 518
p 2 0 106 814 648 316
p 2 0 51 869 319 246
p 2 1 154 765 10703 513
p 2 0 105 815 638 310
p 2 0 49 871 308 242
p 2 1 142 777 10786 493
p 2 0 115 805 659 318
p 2 0 54 866 321 245
p 2 1 135 784 10652 482
p 2 0 99 821 612 306
p 2 0 38 882 282 230
p 2 0 128 792 10165 463
p 2 0 112 808 656 325
p 2 0 64 856 403 262
p 2 0 141 779 9907 478
p 2 0 91 829 590 296
p 2 0 43 877 310 237
p 2 1 129 790 9505 467
p 2 0 115 805 675 323
p 2 0 68 852 397 266
p 2 0 126 794 9617 456
p 2 0 99 821 644 310
p 2 0 44 876 317 237
p 2 2 114 804 9614 449
p 2 0 93 827 566 302
p 2 0 43 877 309 238
p 2 0 110 810 8952 437
p 2 0 85 835 531 287
p 2 0 40 880 293 234
p 2 0 125 795 8540 440
p 2 0 106 814 616 313
p 2 0 50 870 341 244
p 2 0 127 793 8165 441
p 2 0 81 839 530 288
p 2 0 48 872 327 240
p 2 0 111 809 8219 426
p 2 0 89 831 555 292
p 2 0 49 871 336 243
p 2 1 115 804 8154 430
p 2 0 85 835 557 290
p 2 0 31 889 293 226
p 2 1 110 809 8167 427
p 2 0 97 823 573 300
p 2 0 43 877 301 238
p 2 0 104 816 7669 412
p 2 0 85 835 583 289
p 2 0 49 871 323 241
p 2 0 112 808 7656 416
p 2 0 82 838 561 289
p 2 0 31 889 283 226
p 2 1 104 815 7581 411
p 2 0 96 824 578 299
p 2 0 38 882 303 233
p 2 1 97 822 6241 387
p 2 0 65 855 494 268
p 2 0 28 892 275 222
p 2 0 104 816 6596 398
p 2 0 71 849 517 278
p 2 0 44 876 317 237
p 2 0 98 822 6998 391
p 2 0 70 850 491 275
p 2 0 31 889 274 224
p 2 0 87 833 6459 388
p 2 0 63 857 509 267
p 2 0 27 893 262 222
p 2 0 82 838 6262 377
p 2 0 60 860 493 265
p 2 0 23 897 258 218
p 2 0 83 837 6269 369
p 2 0 64 856 489 270
p 2 0 33 887 274 225
p 2 0 81 839 6047 375
p 2 0 73 847 506 279
i 2 920 0 0 63113 4953
p 2 0 124 796 424 316
p 2 0 76 844 309 272
p 2 19 421 480 37464 1307
p 2 0 312 608 1517 536
p 2 0 133 787 556 324
p 2 25 421 474 34513 1308
p 2 0 285 635 1373 508
p 2 0 129 791 574 323
p 2 18 412 490 35107 1251
p 2 0 313 607 1449 541
p 2 0 121 799 507 316
p 2 18 392 510 33731 1210
p 2 0 314 606 1442 540
p 2 0 145 775 601 337
p 2 0 172 748 777 365
p 2 0 77 843 390 267
p 2 0 36 884 286 230
p 2 0 93 827 445 283
p 2 0 42 878 307 235
p 2 0 44 876 300 236
p 2 0 24 896 249 217
p 2 0 124 796 537 309
p 2 0 27 893 254 221
p 2 0 72 848 375 263
p 2 0 81 839 404 270
p 2 0 79 841 417 269
p 2 0 31 889 480 227
p 2 0 59 861 372 253
p 2 0 37 883 289 229
p 2 0 30 890 613 225
p 2 0 20 900 252 214
p 2 0 27 893 260 221
p 2 0 19 901 498 220
p 2 0 8 912 217 202
p 2 0 7 913 211 203
p 2 0 16 904 561 214
p 2 0 11 909 232 207
p 2 0 17 903 237 211
p 2 0 6 914 386 213
p 2 0 8 912 215 203
p 2 0 5 915 208 201
p 2 1 10 909 528 213
p 2 0 5 915 207 201
p 2 0 3 917 203 199
p 2 0 8 912 471 212
p 2 0 7 913 221 203
p 2 0 3 917 202 199
p 2 0 10 910 549 208
p 2 0 6 914 208 201
p 2 0 3 917 201 199
p 2 0 9 911 386 212
p 2 0 8 912 218 206
p 2 0 4 916 205 200
p 2 1 8 911 528 212
p 2 0 4 916 204 199
p 2 0 8 912 215 203
p 2 0 9 911 370 215
p 2 0 4 916 205 201
p 2 0 2 918 204 199
p 2 1 17 902 537 219
p 2 0 13 907 223 208
p 2 0 6 914 209 202
p 2 0 11 909 454 212
p 2 0 5 915 213 201
p 2 0 1 919 199 198
p 2 0 4 916 536 204
p 2 0 3 917 204 199
p 2 0 1 919 200 198
p 2 0 1 919 200 198
p 2 0 1 919 200 198
p 2 0 2 918 203 199
p 2 0 6 914 209 201
p 2 0 3 917 203 200
p 2 0 4 916 204 201
p 2 0 8 912 455 211
p 2 0 14 906 234 206
p 2 0 2 918 203 199
p 2 0 7 913 362 208
p 2 0 5 915 208 201
p 2 0 5 915 210 201
p 2 0 1 919 199 198
p 2 0 1 919 199 198
p 2 0 2 918 200 198
p 2 0 1 919 199 198
p 2 0 0 920 197 197
p 2 0 2 918 202 199
p 2 0 0 920 197 197
p 2 0 1 919 199 199
p 2 0 0 920 197 197
p 2 0 4 916 200 200
p 2 0 0 920 197 197
p 2 0 1 919 198 198
p 2 0 0 920 197 197
p 2 0 2 918 201 199
p 2 0 1 919 198 198
p 2 23 355 542 37313 1300
p 2 0 269 651 1342 488
p 2 0 100 820 460 293
p 2 11 359 550 32440 1120
p 2 0 279 641 1392 502
p 2 0 100 820 470 293
p 2 8 357 555 32476 1078
p 2 0 291 629 1507 527
p 2 0 124 796 504 318
p 2 0 72 848 371 262
p 2 0 50 870 320 243
p 2 0 38 882 302 231
p 2 0 27 893 247 220
p 2 0 20 900 271 216
p 2 0 14 906 228 209
p 2 0 14 906 235 209
p 2 0 5 915 207 201
p 2 0 5 915 207 201
p 2 0 5 915 211 201
p 2 0 6 914 211 201
p 2 0 1 919 199 198
p 2 0 1 919 199 198
p 2 0 0 920 197 197
i 2 920 0 0 83026 4473
p 2 0 158 762 446 344
p 2 23 134 763 11639 536
p 2 0 72 848 403 264
p 2 21 103 796 12317 492
p 2 0 78 842 446 274
p 2 14 71 835 12675 447
p 2 0 81 839 467 277
p 2 20 96 804 12276 498
p 2 0 73 847 489 271
p 2 19 116 785 12008 497
p 2 0 83 837 520 279
p 2 11 84 825 12528 446
p 2 0 93 827 558 291
p 2 18 115 787 12475 507
p 2 0 116 804 595 315
p 2 20 76 824 12619 477
p 2 0 92 828 512 286
p 2 20 112 788 13342 525
p 2 0 102 818 566 302
p 2 21 89 810 13333 509
p 2 0 106 814 583 306
p 2 22 121 777 13533 540
p 2 0 131 789 651 329
p 2 22 116 782 14858 539
p 2 0 97 823 546 295
p 2 20 109 791 14457 525
p 2 0 95 825 565 297
p 2 7 81 832 13201 408
p 2 0 80 840 503 278
p 2 11 110 799 13640 453
p 2 0 74 846 505 273
p 2 0 26 894 269 221
p 2 0 20 900 239 214
p 2 0 22 898 253 215
p 2 0 11 909 230 206
p 2 0 11 909 216 206
p 2 0 8 912 212 202
p 2 0 6 914 212 203
p 2 0 13 907 219 205
p 2 0 4 916 208 201
p 2 0 7 913 213 203
p 2 0 6 914 213 203
p 2 0 4 916 205 201
p 2 0 6 914 208 201
p 2 0 1 919 200 198
p 2 0 0 920 197 197
i 2 920 0 0 96549 5057
p 2 0 128 792 396 316
p 2 0 73 847 295 259
p 2 25 262 633 28441 890
p 2 0 191 729 989 403
p 2 0 80 840 400 268
p 2 4 250 666 25303 701
p 2 0 167 753 928 382
p 2 0 119 801 484 307
p 2 4 275 641 25571 718
p 2 0 209 711 1125 428
p 2 0 84 836 418 275
p 2 0 80 840 378 266
p 2 0 81 839 399 268
p 2 0 96 824 456 286
p 2 0 87 833 818 282
p 2 0 73 847 410 263
p 2 0 24 896 260 218
p 2 1 30 889 492 232
p 2 0 30 890 273 223
p 2 0 35 885 295 227
p 2 0 9 911 217 203
p 2 0 26 894 250 216
p 2 0 17 903 239 211
p 2 0 109 811 818 299
p 2 0 103 817 449 292
p 2 0 52 868 325 242
p 2 0 54 866 751 246
p 2 0 67 853 380 258
p 2 0 48 872 325 240
p 2 1 36 883 492 243
p 2 0 12 908 224 208
p 2 0 8 912 215 203
p 2 0 10 910 647 209
p 2 0 14 906 245 210
p 2 0 13 907 234 209
p 2 0 37 883 2261 241
p 2 0 25 895 278 221
p 2 0 23 897 1718 228
p 2 0 28 892 716 226
p 2 0 31 889 277 222
p 2 0 23 897 253 216
p 2 0 15 905 646 212
p 2 0 9 911 220 206
p 2 0 10 910 219 206
p 2 0 14 906 657 211
p 2 0 14 906 235 208
p 2 0 13 907 226 207
p 2 0 59 861 356 248
p 2 0 23 897 245 213
p 2 0 17 903 233 211
p 2 3 173 744 15982 503
p 2 0 134 786 723 335
p 2 0 85 835 412 273
p 2 2 173 745 14673 479
p 2 0 96 824 585 293
p 2 0 76 844 391 265
p 2 2 169 749 15181 475
p 2 0 140 780 766 343
p 2 0 78 842 406 269
p 2 0 42 878 296 234
p 2 0 27 893 270 220
p 2 0 25 895 259 218
p 2 0 19 901 301 213
p 2 0 16 904 234 210
p 2 0 13 907 224 207
p 2 0 43 877 1766 244
p 2 0 36 884 314 229
p 2 0 35 885 1870 233
p 2 0 19 901 248 214
p 2 0 7 913 217 204
p 2 0 11 909 219 205
p 2 0 96 824 525 286
p 2 0 83 837 404 273
p 2 0 50 870 330 241
p 2 0 42 878 356 235
p 2 0 66 854 382 256
p 2 0 50 870 323 243
p 2 0 30 890 332 224
p 2 0 17 903 243 211
p 2 0 15 905 229 208
p 2 0 17 903 283 210
p 2 0 16 904 239 209
p 2 0 17 903 236 211
p 2 0 10 910 275 205
p 2 0 12 908 220 205
p 2 0 17 903 240 210
p 2 0 11 909 221 206
p 2 0 12 908 231 208
p 2 0 2 918 201 199
p 2 0 3 917 257 200
p 2 0 0 920 197 197
p 2 0 11 909 217 204
p 2 0 8 912 276 204
p 2 0 7 913 211 203
p 2 0 4 916 213 201
p 2 0 21 899 240 214
p 2 0 8 912 213 203
p 2 0 7 913 208 201
p 2 0 12 908 285 205
p 2 0 20 900 242 213
p 2 0 21 899 244 214
p 2 0 11 909 273 206
p 2 0 8 912 211 203
p 2 0 4 916 206 200
p 2 0 12 908 274 206
p 2 0 11 909 218 205
p 2 0 10 910 218 204
p 2 0 13 907 294 208
p 2 0 4 916 205 199
p 2 0 8 912 217 202
p 2 0 6 914 263 202
p 2 0 8 912 216 204
p 2 0 6 914 212 201
p 2 0 5 915 254 201
p 2 0 3 917 203 199
p 2 0 1 919 200 198
p 2 0 6 914 284 203
p 2 0 2 918 201 199
p 2 0 3 917 203 200
p 2 0 13 907 295 206
p 2 0 8 912 211 203
p 2 0 10 910 213 205
p 2 0 10 910 285 205
p 2 0 6 914 210 202
p 2 0 8 912 213 203
p 2 0 2 918 253 199
p 2 0 3 917 202 199
p 2 0 0 920 197 197
p 2 0 1 919 250 198
p 2 0 0 920 197 197
p 2 0 1 919 199 198
p 2 0 18 902 1770 218
p 2 0 10 910 243 207
p 2 0 7 913 213 203
p 2 0 17 903 1743 224
p 2 0 13 907 245 210
p 2 0 8 912 214 203
p 2 0 4 916 208 200
p 2 0 3 917 202 200
p 2 0 0 920 197 197
p 2 0 0 920 197 197
p 2 0 1 919 199 198
p 2 0 2 918 202 199
p 2 7 130 783 16050 507
p 2 0 85 835 565 291
p 2 0 52 868 316 242
p 2 4 118 798 12700 428
p 2 0 90 830 554 291
p 2 0 34 886 283 228
p 2 3 119 798 13312 432
p 2 0 84 836 531 283
p 2 0 83 837 2001 277
p 2 0 63 857 590 254
p 2 0 40 880 304 232
p 2 0 9 911 218 204
p 2 0 18 902 440 213
p 2 0 11 909 224 206
p 2 0 21 899 254 215
p 2 0 28 892 541 221
p 2 0 17 903 251 212
p 2 0 9 911 217 204
p 2 0 11 909 489 208
p 2 0 7 913 219 204
p 2 0 22 898 268 215
p 2 0 28 892 483 222
p 2 0 17 903 241 211
p 2 0 10 910 225 205
p 2 0 63 857 568 255
p 2 0 32 888 294 227
p 2 0 39 881 304 231
p 2 0 33 887 558 228
p 2 0 34 886 297 227
p 2 0 30 890 273 223
p 2 0 21 899 495 217
p 2 0 10 910 221 205
p 2 0 11 909 222 207
p 2 0 7 913 454 205
p 2 0 7 913 214 203
p 2 0 6 914 209 201
p 2 0 11 909 500 208
p 2 0 6 914 211 203
p 2 0 3 917 204 199
p 2 0 10 910 430 207
p 2 0 8 912 221 204
p 2 0 5 915 208 200
p 2 0 8 912 420 206
p 2 0 10 910 223 205
p 2 0 7 913 210 202
p 2 0 3 917 204 199
p 2 0 2 918 202 199
p 2 0 1 919 202 198
p 2 0 16 904 433 212
p 2 0 13 907 221 207
p 2 0 5 915 208 201
p 2 0 11 909 483 207
p 2 0 24 896 263 218
p 2 0 12 908 231 205
p 2 0 5 915 207 201
p 2 0 7 913 214 203
p 2 0 5 915 206 201
p 2 0 1 919 199 198
p 2 0 1 919 199 198
p 2 0 2 918 202 199
p 2 0 4 916 205 200
p 2 0 4 916 207 201
p 2 0 3 917 202 200
p 2 0 3 917 203 200
p 2 0 5 915 205 200
p 2 0 0 920 197 197
p 2 0 0 920 197 197
p 2 0 0 920 197 197
p 2 0 2 918 203 199
p 2 0 3 917 203 200
p 2 0 0 920 197 197
p 2 0 0 920 197 197
p 2 0 12 908 219 206
p 2 0 6 914 208 201
p 2 0 4 916 204 201
p 2 0 8 912 214 203
p 2 0 5 915 207 201
p 2 0 3 917 203 200
p 2 0 1 919 199 198
p 2 0 2 918 202 200
p 2 0 2 918 200 198
p 2 0 2 918 199 199
p 2 0 0 920 197 197
p 2 0 4 916 206 201
p 2 0 2 918 200 199
p 2 0 3 917 200 199
p 2 0 2 918 198 198
p 2 0 6 914 204 202
p 2 0 1 919 200 198
p 2 0 0 920 197 197
p 2 0 0 920 197 197
p 2 0 0 920 197 197
p 2 0 0 920 197 197
p 2 0 0 920 197 197
p 2 0 1 919 199 198
p 2 0 23 897 242 214
p 2 57 240 623 43577 1165
p 2 0 205 715 1144 421
p 2 0 111 809 572 304
p 2 14 298 608 39954 947
p 2 0 240 680 1282 462
p 2 0 89 831 425 277
p 2 17 339 564 41314 1003
p 2 0 251 669 1312 477
p 2 0 93 827 459 285
p 2 0 24 896 259 219
p 2 0 538 382 2882 804
p 2 0 139 781 609 332
p 2 0 41 879 286 235
p 2 0 21 899 237 213
p 2 0 4 916 206 201
p 2 0 10 910 222 207
p 2 0 3 917 205 200
p 2 0 2 918 202 199
p 2 0 4 916 206 200
p 2 0 1 919 199 198
p 2 0 0 920 197 197
p 2 0 5 915 210 201
p 2 0 0 920 197 197
i 2 920 0 0 62735 4819
p 2 55 846 19 30946 2051
p 2 29 878 13 34793 1911
p 2 106 768 46 54486 2549
p 2 26 888 6 29072 1838
p 2 9 907 4 30750 1734
p 2 77 809 34 52784 2301
p 2 12 884 24 23468 1627
p 2 5 913 2 12176 1315
p 2 127 778 15 43170 2382
p 2 3 911 6 22159 1589
p 2 7 905 8 28735 1670
p 2 87 828 5 44459 2341
p 2 0 582 338 2077 882
p 2 0 258 662 670 431
p 2 0 315 605 8827 567
p 2 0 198 722 738 395
p 2 0 163 757 531 344
p 2 0 222 698 9423 489
p 2 0 166 754 732 364
p 2 0 76 844 385 267
p 2 0 164 756 8858 419
p 2 0 103 817 562 297
p 2 0 60 860 322 248
p 2 0 115 805 7666 358
p 2 0 126 794 635 323
p 2 0 48 872 318 239
p 2 0 101 819 7892 342
p 2 0 101 819 637 302
p 2 0 73 847 428 266
p 2 0 121 799 8312 363
p 2 0 112 808 614 306
p 2 0 48 872 308 237
p 2 0 108 812 9443 367
p 2 0 90 830 574 290
p 2 0 42 878 308 234
p 2 0 94 826 8570 352
p 2 0 86 834 558 287
p 2 0 53 867 359 247
p 2 0 96 824 8290 347
p 2 0 83 837 520 277
p 2 0 39 881 294 229
p 2 0 88 832 7739 333
p 2 0 74 846 516 271
p 2 0 31 889 281 224
p 2 0 92 828 9350 351
p 2 0 72 848 503 271
i 2 920 0 0 85194 4811
p 2 0 135 785 399 318
p 2 0 32 888 227 222
p 2 23 78 819 12751 483
p 2 0 70 850 383 263
p 2 0 56 864 305 243
p 2 19 135 766 14907 527
p 2 0 111 809 521 303
p 2 0 18 902 249 213
p 2 27 106 787 17684 577
p 2 0 115 805 568 311
p 2 0 101 819 415 289
p 2 33 197 690 20168 725
p 2 0 92 828 524 290
p 2 0 92 828 361 273
p 2 0 61 859 400 248
p 2 0 48 872 295 238
p 2 0 44 876 293 234
p 2 0 25 895 329 216
p 2 0 15 905 229 208
p 2 0 13 907 225 207
p 2 0 8 912 209 203
p 2 0 25 895 254 217
p 2 0 21 899 245 214
p 2 0 98 822 523 287
p 2 0 111 809 447 294
p 2 0 34 886 272 223
p 2 0 32 888 363 225
p 2 0 33 887 269 226
p 2 0 18 902 232 212
p 2 0 16 904 233 209
p 2 0 17 903 233 210
p 2 0 7 913 212 203
p 2 0 17 903 230 210
p 2 0 14 906 230 208
p 2 0 7 913 210 203
p 2 0 6 914 208 201
p 2 0 4 916 204 200
p 2 0 5 915 206 201
p 2 0 3 917 323 200
p 2 0 2 918 203 199
p 2 0 4 916 204 200
p 2 0 11 909 340 207
p 2 0 4 916 205 200
p 2 0 7 913 211 201
p 2 0 2 918 321 200
p 2 0 5 915 208 201
p 2 0 7 913 213 203
p 2 0 24 896 331 218
p 2 0 7 913 212 203
p 2 0 8 912 214 203
p 2 14 40 866 1473 312
p 2 0 61 859 389 253
p 2 0 24 896 304 219
p 2 13 64 843 2239 389
p 2 0 60 860 411 257
p 2 0 82 838 524 275
p 2 7 99 814 2513 419
p 2 0 58 862 538 266
p 2 0 60 860 554 256
p 2 21 125 774 3262 518
p 2 0 70 850 601 272
p 2 0 95 825 576 281
p 2 27 141 752 3980 566
p 2 0 125 795 749 322
p 2 0 72 848 601 267
p 2 35 117 768 5665 603
p 2 0 89 831 420 290
p 2 0 70 850 348 263
p 2 37 168 715 6769 685
p 2 0 173 747 570 364
p 2 0 74 846 296 260
p 2 64 231 625 8896 865
p 2 0 217 703 643 406
p 2 0 161 759 423 332
p 2 85 236 599 11099 1015
p 2 0 236 684 624 420
p 2 0 127 793 377 301
p 2 0 323 597 4582 574
p 2 0 191 729 564 369
p 2 0 129 791 367 299
p 2 0 295 625 4290 539
p 2 0 212 708 582 384
p 2 0 120 800 352 292
p 2 0 298 622 4455 545
p 2 0 199 721 575 370
p 2 0 126 794 351 292
p 2 0 268 652 3935 511
p 2 0 183 737 552 358
p 2 0 82 838 308 258
p 2 0 68 852 351 247
p 2 0 28 892 237 219
p 2 0 27 893 232 216
p 2 0 10 910 214 204
p 2 0 18 902 221 209
p 2 0 10 910 212 204
p 2 0 3 917 284 200
p 2 0 10 910 216 204
p 2 0 1 919 203 198
p 2 0 3 917 303 201
p 2 0 2 918 205 199
i 2 920 0 0 16952 3630
p 2 398 522 0 24824 3591
p 2 143 776 1 21621 2508
p 2 45 873 2 19481 1865
p 2 30 890 0 27432 1959
p 2 18 902 0 15700 1721
p 2 31 889 0 30845 1973
p 2 0 901 19 5548 1344
p 2 8 902 10 30471 1796
p 2 0 910 10 5013 1267
p 2 17 895 8 30083 1862
p 2 0 905 15 5115 1251
p 2 11 884 25 14317 1541
p 2 0 903 17 4922 1229
p 2 0 900 20 4444 1208
p 2 7 897 16 12257 1450
p 2 0 895 25 5454 1216
p 2 0 908 12 4810 1189
p 2 8 893 19 13069 1447
p 2 0 906 14 5206 1208
i 2 920 0 0 78771 5121
p 2 0 94 826 343 284
p 2 144 346 430 52466 2076
p 2 0 257 663 1231 497
p 2 200 399 321 61867 2451
p 2 0 313 607 1383 537
p 2 210 469 241 64361 2681
p 2 0 379 541 1660 611
p 2 113 506 301 50202 2025
p 2 0 392 528 1700 648
p 2 70 549 301 45977 1814
p 2 0 380 540 1637 616
p 2 0 190 730 1083 394
p 2 0 122 798 496 311
p 2 0 77 843 373 267
p 2 0 118 802 1266 321
p 2 0 45 875 341 240
p 2 0 41 879 308 230
p 2 0 41 879 690 247
p 2 0 68 852 405 263
p 2 0 53 867 327 245
p 2 0 39 881 456 242
p 2 0 21 899 253 217
p 2 0 14 906 239 210
p 2 5 19 896 1183 245
p 2 0 19 901 261 214
p 2 0 7 913 231 203
p 2 0 27 893 660 239
p 2 0 18 902 245 216
p 2 0 11 909 233 206
p 2 239 293 388 55035 2473
p 2 0 249 671 1146 485
p 2 314 337 269 64690 3024
p 2 0 278 642 1187 499
p 2 166 481 273 62030 2389
p 2 0 358 562 1572 604
p 2 131 438 351 55810 2168
p 2 0 330 590 1555 570
p 2 33 478 409 47583 1542
p 2 0 377 543 1714 664
p 2 35 473 412 47190 1574
i 2 920 0 0 14240 3139
p 2 108 812 0 23882 2469
p 2 71 849 0 22515 2557
p 2 71 849 0 22522 2659
p 2 81 839 0 23374 2700
p 2 89 831 0 23201 2780
p 2 79 841 0 25820 2870
p 2 42 876 2 23009 2770
p 2 82 838 0 24929 2885
p 2 67 850 3 22190 2784
p 2 96 824 0 26787 2925
p 2 43 872 5 24039 2786
p 2 85 835 0 25570 2795
p 2 38 879 3 21760 2703
p 2 38 882 0 24807 2795
p 2 53 862 5 21433 2704
p 2 84 836 0 26441 2869
p 2 42 876 2 22946 2713
p 2 44 876 0 27699 2825
p 2 38 880 2 22412 2794
p 2 88 832 0 25461 2873
p 2 64 850 6 22486 2780
p 2 73 847 0 27851 2863
i 2 920 0 0 70851 5268
p 2 0 211 709 511 403
p 2 168 292 460 31457 1743
p 2 0 200 720 835 405
p 2 169 271 480 29273 1751
p 2 0 227 693 771 425
p 2 132 335 453 35197 1668
p 2 0 272 648 1003 471
p 2 20 269 631 9329 679
p 2 0 186 734 995 386
p 2 16 166 738 6103 508
p 2 0 107 813 455 297
p 2 14 108 798 7425 459
p 2 0 84 836 421 277
p 2 0 62 858 336 252
p 2 25 87 808 8292 518
p 2 0 94 826 444 284
p 2 0 56 864 291 245
p 2 48 78 794 9291 641
p 2 0 77 843 419 276
p 2 0 50 870 315 242
p 2 41 88 791 9151 646
p 2 0 78 842 452 276
p 2 0 41 879 297 236
p 2 37 105 778 10653 653
p 2 0 78 842 456 278
p 2 0 30 890 262 222
p 2 30 91 799 9980 621
p 2 0 77 843 448 292
p 2 0 32 888 275 228
p 2 22 86 812 8739 544
p 2 0 66 854 415 269
p 2 148 322 450 47395 2028
p 2 18 322 580 7447 808
p 2 96 444 380 42653 1752
p 2 0 323 597 1449 566
p 2 117 479 324 47121 2006
p 2 0 396 524 1621 633
p 2 0 170 750 597 362
p 2 5 171 744 2403 423
p 2 0 87 833 417 283
p 2 0 54 866 307 248
p 2 2 64 854 1538 300
p 2 0 63 857 688 258
p 2 0 35 885 269 229
p 2 0 39 881 1001 261
p 2 0 31 889 250 228
i 2 920 0 0 24530 3391
p 2 0 158 762 470 358
p 2 0 116 804 347 309
p 2 0 44 876 386 237
p 2 0 35 885 239 227
p 2 0 14 906 214 212
p 2 3 15 902 1280 237
p 2 0 9 911 220 207
p 2 0 7 913 205 202
p 2 14 19 887 2866 329
p 2 0 17 903 235 215
p 2 0 14 906 214 210
p 2 42 58 820 7024 523
p 2 0 47 873 348 250
p 2 0 31 889 254 226
p 2 68 82 770 11112 756
p 2 0 86 834 449 295
p 2 0 45 875 280 234
p 2 76 111 733 12705 901
p 2 0 96 824 495 306
p 2 0 51 869 286 244
p 2 0 164 756 6840 496
p 2 0 101 819 492 304
p 2 0 66 854 341 262
p 2 3 158 759 6593 508
p 2 0 107 813 574 312
p 2 0 65 855 326 254
p 2 3 141 776 8107 532
p 2 0 102 818 513 304
p 2 0 41 879 289 236
p 2 2 140 778 8368 520
p 2 0 95 825 515 302
p 2 0 35 885 269 229
p 2 0 133 787 5937 452
p 2 0 99 821 552 304
p 2 0 45 875 307 240
p 2 2 129 789 6408 463
p 2 0 91 829 546 298
p 2 0 34 886 285 229
p 2 0 17 903 226 212
p 2 0 11 909 220 206
p 2 0 9 911 220 204
p 2 0 5 915 210 201
p 2 0 7 913 214 203
p 2 0 5 915 207 202
p 2 0 0 920 197 197
p 2 0 3 917 202 200
i 2 920 0 0 93087 5043
p 2 0 139 781 398 325
p 2 0 84 836 286 269
p 2 0 55 865 394 245
p 2 0 30 890 235 223
p 2 0 22 898 231 214
p 2 0 16 904 299 209
p 2 0 8 912 211 203
p 2 0 3 917 205 200
p 2 0 8 912 287 204
p 2 0 7 913 210 202
p 2 0 6 914 206 202
p 2 0 6 914 316 203
p 2 0 6 914 210 202
p 2 0 4 916 205 201
p 2 0 5 915 264 201
p 2 0 7 913 212 202
p 2 0 0 920 197 197
p 2 0 6 914 297 201
p 2 0 5 915 207 202
p 2 0 1 919 198 198
p 2 0 9 911 321 206
p 2 0 2 918 201 199
p 2 0 1 919 198 198
p 2 0 20 900 287 213
p 2 0 8 912 206 204
p 2 0 6 914 204 201
p 2 0 16 904 312 209
p 2 0 6 914 208 202
p 2 0 6 914 206 202
p 2 0 11 909 324 205
p 2 0 4 916 204 201
p 2 0 3 917 202 199
p 2 0 5 915 310 201
p 2 0 1 919 200 198
p 2 0 0 920 197 197
p 2 0 7 913 286 202
p 2 0 5 915 205 202
p 2 0 3 917 202 200
p 2 0 6 914 286 201
p 2 0 3 917 206 200
p 2 0 7 913 211 203
p 2 0 8 912 289 202
p 2 0 6 914 208 202
p 2 0 3 917 202 200
p 2 0 7 913 286 202
p 2 0 5 915 209 202
p 2 0 3 917 201 200
p 2 0 9 911 216 205
p 2 0 7 913 205 202
p 2 0 17 903 218 210
p 2 1 54 865 6217 284
p 2 0 35 885 331 234
p 2 0 33 887 277 227
p 2 1 50 869 6079 276
p 2 0 35 885 349 234
p 2 0 29 891 264 222
p 2 0 57 863 6436 276
p 2 0 46 874 365 243
p 2 0 20 900 238 214
p 2 0 15 905 232 209
p 2 0 10 910 222 206
p 2 0 42 878 302 234
p 2 2 83 835 8216 339
p 2 0 89 831 488 278
p 2 0 93 827 7070 322
p 2 0 88 832 610 282
p 2 0 77 843 5798 298
p 2 0 75 845 460 268
p 2 0 87 833 5991 304
p 2 0 79 841 464 273
p 2 0 57 863 341 247
p 2 0 108 812 591 296
p 2 0 53 867 351 247
p 2 0 34 886 277 226
p 2 0 28 892 371 222
p 2 0 30 890 273 223
p 2 0 37 883 292 228
p 2 0 17 903 362 211
p 2 0 26 894 257 219
p 2 0 22 898 246 216
p 2 0 25 895 326 217
p 2 0 14 906 228 208
p 2 0 6 914 215 202
p 2 0 11 909 333 206
p 2 0 12 908 223 207
p 2 0 8 912 219 202
p 2 0 17 903 358 212
p 2 0 16 904 224 210
p 2 0 13 907 226 207
p 2 0 8 912 342 206
p 2 0 10 910 220 204
p 2 0 7 913 208 201
p 2 0 9 911 316 206
p 2 0 4 916 206 200
p 2 0 1 919 198 198
p 2 0 5 915 304 201
p 2 0 4 916 204 199
p 2 0 3 917 202 199
p 2 0 2 918 202 200
p 2 0 3 917 203 199
p 2 0 1 919 199 198
p 2 0 7 913 310 203
p 2 0 3 917 202 198
p 2 0 1 919 199 198
p 2 0 6 914 291 202
p 2 0 5 915 208 202
i 2 920 0 0 44646 4589
p 2 132 488 300 38891 2069
p 2 102 535 283 34695 1889
p 2 105 501 314 38729 1931
p 2 89 544 287 39993 1946
p 2 94 557 269 40551 2014
p 2 13 539 368 33772 1461
p 2 0 380 540 1571 626
p 2 18 507 395 32332 1329
p 2 0 383 537 2655 649
p 2 0 210 710 653 396
p 2 4 433 483 25298 1089
p 2 9 375 536 2423 674
p 2 0 172 748 624 357
p 2 5 438 477 24926 1085
p 2 15 271 634 3185 582
p 2 0 123 797 495 309
p 2 5 389 526 25591 1068
p 2 0 328 592 2457 585
p 2 0 115 805 494 306
p 2 0 46 874 307 238
p 2 8 410 502 27763 1137
p 2 0 324 596 1450 555
p 2 0 118 802 511 306
p 2 0 55 865 329 247
p 2 0 55 865 327 246
p 2 0 69 851 362 256
p 2 17 544 359 36040 1480
p 2 0 400 520 1731 653
p 2 0 138 782 523 329
p 2 19 559 342 40984 1523
p 2 0 397 523 1771 633
p 2 0 164 756 604 351
p 2 4 578 338 38378 1440
p 2 0 410 510 1741 647
p 2 0 172 748 637 364
p 2 14 562 344 37608 1430
p 2 0 398 522 1826 638
p 2 0 234 686 836 427
p 2 0 114 806 1442 332
p 2 0 59 861 332 249
p 2 0 66 854 346 255
p 2 0 89 831 1307 301
p 2 0 142 778 599 331
p 2 0 76 844 360 264
p 2 7 80 833 1289 335
p 2 0 70 850 357 263
p 2 0 99 821 467 288
p 2 13 56 851 2053 321
p 2 0 36 884 298 227
p 2 0 17 903 239 211
p 2 0 47 873 1284 265
p 2 0 25 895 256 221
p 2 0 14 906 231 209
p 2 0 40 880 1189 256
p 2 0 25 895 269 218
p 2 0 14 906 233 210
p 2 0 6 914 216 202
p 2 0 4 916 213 202
p 2 0 6 914 209 200
p 2 0 3 917 205 200
p 2 0 13 907 231 208
p 2 0 5 915 211 202
i 2 920 0 0 38890 4313
p 2 83 612 225 37741 1993
p 2 49 645 226 29326 1761
p 2 45 532 343 24939 1554
p 2 25 624 271 21333 1519
p 2 31 664 225 25190 1596
p 2 22 548 350 21339 1404
p 2 0 388 532 1452 636
p 2 9 461 450 17698 1136
p 2 1 376 543 2112 639
p 2 22 430 468 18299 1191
p 2 0 369 551 1257 587
p 2 9 396 515 15728 1026
p 2 0 302 618 1082 510
p 2 3 393 524 14584 951
p 2 5 340 575 1501 606
p 2 0 180 740 539 365
p 2 0 122 798 408 304
p 2 11 128 781 2185 381
p 2 0 110 810 445 297
p 2 0 59 861 308 246
p 2 5 64 851 639 312
p 2 0 48 872 290 239
p 2 0 50 870 302 239
p 2 11 48 861 2023 305
p 2 0 26 894 274 220
p 2 0 17 903 248 211
p 2 1 48 871 1229 285
p 2 0 34 886 262 227
p 2 0 12 908 226 206
p 2 5 30 885 1827 282
p 2 0 25 895 273 221
p 2 0 19 901 232 213
p 2 0 11 909 217 206
p 2 0 14 906 223 209
p 2 1 30 889 1189 268
p 2 0 23 897 259 225
p 2 1 24 895 568 239
i 2 920 0 0 78747 4503
p 2 0 173 747 468 357
p 2 0 69 851 264 255
p 2 29 263 628 29463 906
p 2 0 178 742 939 392
p 2 0 79 841 386 269
p 2 9 260 651 26834 737
p 2 0 236 684 1046 439
p 2 0 123 797 498 311
p 2 16 268 636 32035 830
p 2 0 244 676 1165 456
p 2 0 135 785 512 322
p 2 0 166 754 4736 378
p 2 0 69 851 420 262
p 2 0 98 822 448 284
p 2 0 124 796 5042 335
p 2 0 132 788 621 325
p 2 0 53 867 321 243
p 2 0 61 859 353 249
p 2 0 59 861 350 247
p 2 0 89 831 431 277
p 2 0 68 852 414 258
p 2 0 44 876 318 234
p 2 0 29 891 268 221
p 2 0 119 801 531 308
p 2 0 111 809 495 301
p 2 0 58 862 333 248
p 2 0 33 887 287 226
p 2 0 51 869 336 246
p 2 0 47 873 314 241
p 2 0 29 891 266 220
p 2 0 27 893 261 218
p 2 0 13 907 225 207
p 2 0 12 908 252 207
p 2 0 13 907 225 207
p 2 0 6 914 210 203
p 2 0 14 906 245 205
p 2 0 7 913 210 202
p 2 0 11 909 219 207
p 2 0 10 910 235 204
p 2 0 12 908 221 206
p 2 0 11 909 221 206
p 2 0 15 905 250 207
p 2 0 7 913 210 203
p 2 0 3 917 203 199
p 2 0 4 916 224 200
p 2 0 9 911 215 204
p 2 0 4 916 205 200
p 2 0 14 906 251 208
p 2 0 4 916 203 200
p 2 0 10 910 220 205
p 2 0 16 904 253 210
p 2 0 12 908 217 206
p 2 0 9 911 221 205
p 2 0 10 910 238 205
p 2 0 3 917 204 199
p 2 0 1 919 201 199
p 2 0 4 916 213 200
p 2 0 1 919 199 198
p 2 0 0 920 197 197
p 2 0 5 915 229 201
p 2 0 2 918 202 198
p 2 0 4 916 205 200
p 2 0 1 919 220 198
p 2 0 1 919 199 198
p 2 0 1 919 199 198
p 2 0 2 918 221 199
p 2 0 1 919 199 198
p 2 0 0 920 197 197
p 2 0 1 919 220 198
p 2 0 0 920 197 197
p 2 0 2 918 201 199
p 2 0 2 918 219 199
p 2 0 3 917 201 199
p 2 0 0 920 197 197
p 2 0 1 919 198 198
i 2 920 0 0 26564 4915
p 2 383 537 0 31965 3989
p 2 242 597 81 24268 3400
p 2 351 569 0 55040 3987
p 2 91 622 207 16323 2235
p 2 92 557 271 16093 2174
p 2 369 550 1 63101 4067
p 2 133 596 191 18030 2449
p 2 96 586 238 17264 2255
p 2 331 589 0 72133 4044
p 2 91 684 145 18538 2341
p 2 78 650 192 17273 2214
p 2 116 737 67 46375 2835
p 2 74 737 109 16559 2328
p 2 104 649 167 17986 2351
p 2 96 746 78 41626 2663
p 2 74 750 96 17580 2317
p 2 86 686 148 17737 2303
p 2 70 762 88 39570 2471
p 2 50 759 111 15101 2134
p 2 82 663 175 15279 2194
p 2 102 743 75 44940 2650
p 2 76 731 113 16883 2305
p 2 85 650 185 17594 2248
p 2 86 750 84 42128 2589
p 2 68 731 121 17844 2259
p 2 70 661 189 16242 2145
p 2 92 738 90 40268 2606
p 2 60 728 132 15628 2219
p 2 323 593 4 69604 3930
p 2 57 727 136 18140 2157
p 2 293 625 2 69668 3883
p 2 51 713 156 22305 2117
p 2 423 490 7 74011 4124
p 2 31 733 156 20233 1813
p 2 52 645 223 26470 1839
p 2 169 641 110 53447 2851
p 2 47 680 193 25349 1813
p 2 55 650 215 24418 1763
p 2 132 660 128 49346 2634
p 2 55 640 225 22207 1835
p 2 36 598 286 23496 1671
p 2 118 666 136 49713 2618
p 2 46 645 229 23444 1807
p 2 65 592 263 25542 1824
p 2 208 562 150 54784 2987
p 2 38 650 232 26235 1797
p 2 28 621 271 25146 1661
p 2 124 619 177 48837 2646
p 2 57 630 233 24660 1826
p 2 59 593 268 24285 1762
p 2 96 643 181 51618 2508
p 2 67 620 233 22979 1874
p 2 54 613 253 27071 1813
p 2 195 575 150 51932 2919
p 2 44 636 240 23788 1764
p 2 36 610 274 23183 1629
p 2 141 586 193 52296 2621
p 2 51 634 235 25829 1878
p 2 48 585 287 24133 1733
p 2 120 625 175 49836 2584
p 2 47 638 235 24601 1798
p 2 55 594 271 24103 1797
p 2 190 555 175 53417 2894
p 2 36 642 242 21463 1650
p 2 39 600 281 23620 1667
i 2 920 0 0 64779 5004
p 2 74 572 274 23481 1822
p 2 88 550 282 23889 1887
p 2 473 428 19 80158 4505
p 2 134 646 140 26570 2344
p 2 72 642 206 24054 2040
p 2 475 440 5 76422 4644
p 2 119 668 133 23853 2454
p 2 68 669 183 22295 2169
p 2 407 511 2 75955 4406
p 2 180 667 73 26707 2934
p 2 202 615 103 26336 2912
p 2 239 679 2 70795 3697
p 2 185 715 20 27315 3056
p 2 139 704 77 24532 2819
p 2 170 750 0 66195 3458
p 2 118 770 32 22296 2795
p 2 94 717 109 19841 2604
p 2 178 742 0 56240 3295
p 2 122 769 29 19490 2705
p 2 106 717 97 18521 2525
p 2 158 762 0 58371 3201
p 2 49 818 53 17154 2386
p 2 50 760 110 16780 2288
p 2 202 718 0 58347 3371
p 2 73 797 50 17641 2487
p 2 84 751 85 19665 2517
p 2 326 594 0 62347 3762
p 2 118 635 167 21061 2370
p 2 109 589 222 19937 2267
i 2 920 0 0 53160 5235
p 2 211 439 270 18929 2627
p 2 169 465 286 17624 2558
p 2 497 423 0 40493 4281
p 2 230 605 85 24011 3242
p 2 171 646 103 23695 2979
p 2 530 390 0 50709 4165
p 2 111 614 195 18284 2332
p 2 133 571 216 17749 2355
p 2 287 615 18 44993 3499
p 2 89 688 143 16483 2237
p 2 101 646 173 17087 2237
p 2 193 679 48 41288 3062
p 2 158 616 146 20956 2695
p 2 138 600 182 19331 2509
p 2 217 578 125 39074 3155
p 2 95 698 127 18631 2519
p 2 83 699 138 17088 2437
p 2 257 663 0 40379 3543
p 2 117 791 12 20897 2909
p 2 68 838 14 21024 2704
p 2 141 779 0 38660 3084
p 2 59 843 18 18425 2639
p 2 71 826 23 16803 2608
p 2 166 754 0 39002 3130
p 2 82 788 50 18485 2635
p 2 98 768 54 20596 2760
p 2 157 763 0 33700 3225
p 2 79 837 4 17921 2656
p 2 72 840 8 17886 2603
p 2 113 807 0 32487 2779
p 2 92 798 30 17009 2609
p 2 63 816 41 16186 2541
i 2 920 0 0 41100 4747
p 2 236 528 156 21378 2955
p 2 153 605 162 22843 2689
i 2 920 0 0 39626 5004
p 2 247 587 86 24442 3251
p 2 206 633 81 23009 3075
p 2 245 675 0 40906 3539
p 2 169 747 4 23631 3158
p 2 209 700 11 25730 3332
p 2 243 677 0 43535 3614
p 2 152 763 5 23872 3135
p 2 144 776 0 41448 3164
p 2 114 800 6 20128 2887
p 2 154 766 0 43028 3164
p 2 730 190 0 71253 4730
p 2 0 302 618 968 497
p 2 0 96 824 339 279
p 2 17 117 786 2340 403
p 2 0 97 823 388 285
p 2 0 73 847 278 254
p 2 40 95 785 4344 510
p 2 0 109 811 393 296
p 2 0 62 858 298 246
p 2 43 90 787 7054 571
p 2 0 73 847 411 270
p 2 0 48 872 287 241
p 2 35 98 787 9118 564
p 2 15 97 808 2814 383
p 2 34 67 819 4003 453
p 2 76 110 734 11592 791
p 2 41 111 768 5083 556
p 2 40 71 809 5010 508
p 2 77 124 719 13331 872
p 2 46 132 742 6952 635
p 2 47 110 763 7717 604
p 2 84 125 711 16673 883
p 2 46 127 747 8065 629
p 2 40 96 784 5933 559
p 2 41 143 736 8348 639
p 2 29 155 736 4771 534
p 2 44 122 754 5086 586
p 2 39 112 769 5772 577
p 2 32 111 777 4975 527
p 2 30 89 801 5410 491
p 2 31 88 801 7566 501
p 2 42 102 776 11416 599
p 2 71 99 750 12817 803
p 2 70 108 742 12653 815
p 2 51 108 761 12467 717
p 2 43 88 789 10908 634
p 2 46 95 779 11241 654
p 2 54 101 765 14349 714
p 2 79 134 707 16230 920
p 2 92 144 684 17209 1020
p 2 122 175 623 19362 1227
p 2 130 149 641 17188 1202
p 2 103 185 632 15566 1118
p 2 89 169 662 15315 1023
p 2 88 158 674 16605 983
p 2 86 180 654 18569 1021
p 2 69 158 693 19158 921
p 2 60 160 700 14854 883
p 2 42 204 674 8347 696
p 2 16 159 745 3505 465
p 2 4 81 835 2846 326
p 2 9 75 836 3477 337
p 2 8 80 832 3245 335
p 2 6 69 845 3968 317
p 2 8 63 849 3900 325
p 2 6 53 861 3304 308
p 2 8 47 865 3122 300
p 2 5 32 883 2454 273
p 2 0 22 898 755 219
p 2 0 5 915 206 202
p 2 0 8 912 479 205
p 2 0 1 919 199 198
p 2 0 3 917 201 200
p 2 1 2 917 342 206
p 2 215 184 521 37385 1822
p 2 0 195 725 845 399
p 2 170 234 516 39971 1786
p 2 0 254 666 1030 467
p 2 202 249 469 43887 2035
p 2 0 234 686 983 443
p 2 224 275 421 39659 2151
p 2 0 254 666 989 468
p 2 183 203 534 18113 1557
p 2 0 223 697 661 419
p 2 75 142 703 9161 821
p 2 0 126 794 429 311
p 2 39 78 803 3468 503
p 2 0 66 854 308 255
i 2 920 0 0 2668 2668
i 2 920 0 0 4930 2901
i 2 920 0 0 9717 3355
p 2 0 445 475 616 541
i 2 920 0 0 8875 3130
p 2 0 218 702 385 361
i 2 920 0 0 48426 4282
p 2 235 685 0 61725 3457
p 2 158 762 0 64036 3138
p 2 108 812 0 59720 3032
p 2 167 753 0 60207 3167
p 2 112 808 0 51314 2945
p 2 85 835 0 48101 2683
p 2 51 865 4 32853 2377
p 2 113 807 0 48256 2699
p 2 75 843 2 34130 2456
p 2 91 829 0 44493 2588
p 2 46 873 1 32813 2354
p 2 105 814 1 50653 2690
p 2 103 816 1 35402 2569
p 2 101 819 0 47426 2646
p 2 60 859 1 32396 2351
p 2 120 799 1 47126 2715
p 2 106 812 2 33594 2533
p 2 77 843 0 49314 2633
p 2 93 827 0 32466 2411
p 2 109 811 0 48007 2667
p 2 91 829 0 34778 2536
p 2 65 854 1 45731 2601
p 2 85 835 0 31718 2462
p 2 120 800 0 49088 2699
p 2 99 820 1 34326 2521
p 2 92 825 3 46773 2627
p 2 66 851 3 32046 2370
p 2 118 799 3 45408 2635
p 2 93 823 4 33040 2483
p 2 78 842 0 47028 2615
p 2 48 869 3 32130 2381
p 2 118 800 2 48204 2705
p 2 125 790 5 34274 2597
p 2 70 850 0 44454 2631
p 2 56 863 1 33281 2395
p 2 118 799 3 48646 2680
p 2 88 830 2 34814 2531
p 2 93 826 1 46773 2651
p 2 61 857 2 32418 2366
p 2 110 809 1 45631 2709
p 2 101 818 1 33642 2558
p 2 115 803 2 47428 2683
p 2 68 849 3 33076 2384
p 2 141 779 0 47408 2710
p 2 102 816 2 34043 2519
p 2 103 817 0 44852 2628
p 2 79 838 3 32640 2379
p 2 126 794 0 48753 2735
p 2 92 826 2 34653 2468
p 2 73 847 0 47580 2655
p 2 84 834 2 32511 2415
p 2 135 785 0 46806 2714
p 2 108 810 2 33851 2524
p 2 86 834 0 47027 2660
p 2 61 856 3 32676 2385
p 2 139 781 0 47999 2744
p 2 116 802 2 33594 2543
p 2 91 828 1 44938 2607
p 2 71 847 2 32321 2433
p 2 119 800 1 49216 2674
p 2 123 794 3 33909 2556
p 2 100 819 1 46115 2648
p 2 47 869 4 33320 2395
p 2 141 777 2 46938 2736
p 2 107 810 3 34999 2595
i 2 920 0 0 21668 3856
p 2 280 639 1 41591 3454
p 2 508 411 1 57460 4326
p 2 194 725 1 60005 3318
p 2 356 563 1 65016 3923
p 2 111 803 6 47440 2842
p 2 572 343 5 57102 3993
p 2 13 821 86 24264 1586
p 2 237 675 8 55171 3398
p 2 39 858 23 29810 1916
p 2 242 672 6 50547 3229
p 2 36 858 26 30860 1943
p 2 355 557 8 52391 3507
p 2 0 871 49 18053 1428
p 2 214 689 17 46601 2975
p 2 1 866 53 18410 1383
p 2 205 682 33 44529 2851
p 2 0 878 42 18791 1372
p 2 351 552 17 47518 3243
p 2 0 862 58 18098 1302
p 2 264 632 24 45721 3017
p 2 0 867 53 18378 1374
p 2 210 694 16 44270 2839
p 2 0 857 63 18750 1339
p 2 340 553 27 47177 3172
p 2 0 859 61 17825 1289
p 2 265 627 28 45260 3014
p 2 1 862 57 17895 1365
p 2 214 687 19 44029 2820
p 2 0 847 73 18027 1352
p 2 339 559 22 46771 3139
p 2 0 856 64 17736 1288
p 2 254 652 14 44910 2963
p 2 0 868 52 17753 1286
p 2 222 666 32 43542 2816
p 2 0 855 65 18074 1331
p 2 351 554 15 46727 3214
p 2 0 858 62 17270 1271
p 2 248 657 15 45069 3022
p 2 0 879 41 17806 1427
p 2 236 656 28 43600 2887
p 2 0 857 63 17619 1330
p 2 355 541 24 46534 3235
p 2 0 864 56 16781 1282
p 2 244 641 35 44566 2983
p 2 0 874 46 17574 1361
p 2 235 654 31 43306 2850
p 2 0 867 53 17588 1272
p 2 364 527 29 45314 3250
p 2 0 843 77 16401 1253
p 2 245 643 32 44220 3001
p 2 0 861 59 16735 1330
p 2 242 659 19 42868 2895
i 2 920 0 0 46004 4172
p 2 350 564 6 58142 3764
p 2 274 643 3 57635 3546
p 2 130 787 3 54109 2890
p 2 92 825 3 57336 2722
p 2 66 854 0 59122 2540
p 2 78 842 0 61542 2568
p 2 0 909 11 32409 1456
p 2 1 904 15 36779 1509
p 2 0 899 21 35486 1481
p 2 2 901 17 37361 1510
p 2 0 907 13 36121 1500
p 2 2 899 19 37601 1518
p 2 0 901 19 35758 1487
p 2 0 899 21 38277 1518
p 2 0 910 10 36577 1511
p 2 0 908 12 37839 1536
p 2 0 907 13 36113 1512
p 2 0 903 17 37664 1528
p 2 0 913 7 36494 1546
p 2 1 906 13 37284 1533
p 2 0 905 15 36392 1519
p 2 1 903 16 37191 1533
p 2 0 908 12 36859 1528
p 2 0 908 12 36964 1542
p 2 0 908 12 36531 1520
p 2 0 905 15 37103 1542
p 2 0 906 14 36742 1545
p 2 1 909 10 36982 1546
p 2 0 903 17 36059 1517
p 2 0 908 12 36778 1544
p 2 0 911 9 36665 1538
p 2 0 903 17 36295 1528
p 2 0 903 17 36396 1528
p 2 0 905 15 36407 1553
p 2 0 902 18 36812 1526
p 2 0 901 19 36292 1530
p 2 0 897 23 36549 1524
p 2 0 905 15 36111 1539
p 2 0 904 16 36836 1540
p 2 0 903 17 36249 1522
p 2 0 905 15 36601 1531
p 2 0 907 13 36193 1535
p 2 0 902 18 36716 1518
p 2 0 903 17 36331 1536
p 2 0 904 16 36494 1525
p 2 0 905 15 36452 1531
p 2 0 908 12 36814 1534
p 2 0 904 16 36693 1526
p 2 0 907 13 36544 1533
p 2 0 907 13 36501 1515
p 2 0 905 15 36983 1530
p 2 0 903 17 36647 1519
p 2 0 904 16 36600 1524
p 2 21 890 9 54924 1847
p 2 0 911 9 35134 1534
p 2 0 906 14 36144 1514
p 2 20 881 19 52772 1855
p 2 0 910 10 34918 1536
p 2 24 885 11 51677 1871
p 2 13 790 117 26818 1433
p 2 0 414 506 1648 630
p 2 0 419 501 1451 604
p 2 0 343 577 1201 527
p 2 0 386 534 1393 571
p 2 0 137 783 540 321
p 2 116 338 466 27103 1382
p 2 0 369 551 1315 564
p 2 99 352 469 23784 1325
p 2 65 255 600 15028 970
p 2 36 158 726 10554 662
p 2 12 114 794 5348 425
p 2 5 65 850 2619 309
p 2 2 38 880 1044 260
p 2 0 21 899 252 216
p 2 0 11 909 230 208
p 2 0 2 918 201 199
p 2 0 0 920 197 197
p 2 0 0 920 197 197
p 2 0 1 919 199 198
i 2 920 0 0 6399 3081
p 2 777 143 0 9905 3653
p 2 121 799 0 9795 2301
p 2 52 868 0 8051 2006
p 2 54 866 0 8950 2105
p 2 33 887 0 7301 2076
p 2 4 889 27 6230 1723
p 2 3 893 24 5139 1694
p 2 2 900 18 5784 1618
p 2 2 911 7 5925 1669
p 2 2 897 21 5720 1578
p 2 2 913 5 5221 1567
p 2 2 890 28 6083 1552
p 2 0 884 36 2965 1231
p 2 0 906 14 2829 1194
p 2 0 864 56 2939 1168
p 2 0 894 26 2712 1182
p 2 0 882 38 2809 1182
p 2 0 884 36 2905 1164
p 2 0 881 39 2745 1155
p 2 0 901 19 2611 1168
p 2 0 898 22 3005 1165
p 2 0 854 66 2598 1138
p 2 0 881 39 2810 1163
p 2 0 894 26 2754 1162
p 2 0 835 85 2585 1112
p 2 0 895 25 2698 1142
p 2 0 878 42 2830 1138
p 2 0 838 82 2520 1117
p 2 0 862 58 2666 1131
p 2 0 892 28 2937 1153
p 2 0 835 85 2658 1116
p 2 0 881 39 2575 1124
p 2 0 890 30 2747 1133
p 2 0 888 32 2456 1134
p 2 0 795 125 2635 1062
p 2 0 893 27 2864 1130
p 2 0 879 41 2566 1115
p 2 0 833 87 2520 1075
p 2 0 860 60 3013 1115
p 2 0 888 32 2582 1126
p 2 0 828 92 2646 1097
p 2 0 884 36 2754 1121
p 2 0 901 19 2529 1139
p 2 0 883 37 2549 1119
p 2 0 803 117 2689 1055
p 2 0 889 31 2588 1128
p 2 0 867 53 2614 1134
p 2 0 475 445 1473 655
p 2 0 264 656 873 453
p 2 0 245 675 807 419
p 2 0 127 793 752 315
p 2 0 89 831 606 282
p 2 0 94 826 570 287
p 2 0 138 782 830 324
p 2 0 131 789 649 318
p 2 0 72 848 537 270
p 2 209 205 506 39944 2011
p 2 0 195 725 1030 405
p 2 0 91 829 655 286
p 2 1 118 801 1558 341
p 2 0 65 855 571 263
p 2 0 49 871 506 246
p 2 0 59 861 1706 278
p 2 0 55 865 560 251
p 2 0 44 876 548 241
p 2 4 43 873 1257 287
p 2 0 21 899 267 221
p 2 0 18 902 237 212
p 2 6 24 890 1387 267
p 2 0 24 896 256 219
p 2 0 68 852 394 274
p 2 2 508 410 4010 959
p 2 2 553 365 3616 1038
p 2 1 564 355 3342 1040
p 2 2 565 353 4122 1054
p 2 2 562 356 3385 1072
p 2 2 572 346 3639 1069
i 2 920 0 0 15928 3747
p 2 5 893 22 10090 1818
p 2 6 908 6 11872 2091
p 2 23 889 8 17428 2210
p 2 22 894 4 17902 2277
p 2 25 892 3 19165 2296
p 2 25 890 5 22599 2372
p 2 32 806 82 19528 2005
p 2 44 797 79 17968 1980
p 2 45 754 121 27283 2012
p 2 39 799 82 18911 1978
p 2 42 681 197 16406 1838
p 2 23 815 82 29278 2026
p 2 56 689 175 17896 1967
p 2 21 736 163 19165 1794
p 2 44 725 151 27611 2089
p 2 19 781 120 20475 1919
p 2 29 658 233 20322 1792
p 2 108 711 101 38882 2499
p 2 29 710 181 15492 1767
p 2 16 683 221 19342 1741
p 2 120 701 99 44030 2597
p 2 36 716 168 19848 1850
p 2 33 645 242 20198 1773
p 2 190 652 78 51176 2808
p 2 31 719 170 17371 1720
p 2 23 679 218 19908 1612
p 2 129 724 67 51394 2647
p 2 43 765 112 19400 1797
p 2 28 670 222 19012 1647
p 2 62 778 80 48115 2434
p 2 27 779 114 19185 1819
i 2 920 0 0 57523 4820
p 2 50 584 286 18141 1646
i 2 920 0 0 55955 4792
p 2 33 576 311 18728 1458
p 2 284 631 5 60316 3537
p 2 23 727 170 17423 1650
p 2 241 663 16 60030 3387
p 2 32 702 186 15915 1626
p 2 170 739 11 63693 3124
i 2 920 0 0 21499 3990
p 2 28 455 437 4126 753
p 2 181 404 335 16679 1511
p 2 140 182 598 10348 1020
p 2 544 217 159 39309 3381
p 2 246 336 338 21420 1895
p 2 251 425 244 32047 2431
p 2 0 306 614 888 495
p 2 122 425 373 13548 1635
p 2 0 363 557 897 569
p 2 32 413 475 16984 1068
p 2 0 311 609 918 498
p 2 59 305 556 17491 1070
p 2 0 257 663 789 452
p 2 0 313 607 8165 599
p 2 0 238 682 841 424
p 2 0 240 680 7113 507
p 2 0 171 749 720 362
p 2 0 211 709 7166 486
p 2 0 167 753 757 359
p 2 0 194 726 7100 472
p 2 0 144 776 745 343
p 2 0 179 741 7137 458
p 2 47 873 0 19704 2283
p 2 33 887 0 33220 2352
p 2 35 885 0 35984 2340
p 2 39 881 0 45158 2390
p 2 54 866 0 46482 2391
p 2 49 871 0 49357 2349
p 2 52 868 0 56868 2419
p 2 51 869 0 51420 2327
p 2 59 861 0 55506 2346
p 2 57 863 0 57155 2341
p 2 54 866 0 55102 2308
p 2 44 876 0 49897 2154
p 2 51 869 0 64848 2278
p 2 2 909 9 38775 1680
p 2 4 909 7 47814 1744
p 2 3 910 7 46871 1721
p 2 0 912 8 47613 1704
p 2 2 917 1 40823 1673
p 2 2 916 2 54686 1765
p 2 3 915 2 39593 1669
p 2 18 902 0 48158 1786
p 2 3 914 3 45671 1706
p 2 1 912 7 46059 1723
p 2 3 909 8 39339 1664
p 2 6 912 2 53660 1756
p 2 3 917 0 39858 1688
p 2 1 918 1 47305 1715
p 2 0 918 2 45590 1681
p 2 2 917 1 45973 1691
p 2 10 910 0 40650 1686
p 2 4 915 1 53474 1732
p 2 16 903 1 40101 1726
p 2 1 916 3 46516 1673
p 2 0 915 5 45980 1709
p 2 2 917 1 46065 1692
p 2 3 916 1 40768 1675
p 2 3 917 0 52771 1726
p 2 2 918 0 40613 1665
p 2 10 910 0 45366 1690
p 2 1 916 3 45431 1644
p 2 11 907 2 44782 1701
p 2 7 912 1 39518 1639
p 2 75 845 0 59197 2170
p 2 1 918 1 37052 1599
p 2 0 918 2 42454 1595
p 2 21 895 4 52823 1843
p 2 0 913 7 39284 1560
p 2 0 890 30 22749 1349
p 2 28 760 132 40652 1495
p 2 0 468 452 1962 669
p 2 0 465 455 14587 741
p 2 153 514 253 62378 2206
p 2 0 344 576 1477 558
p 2 0 200 720 697 390
p 2 156 608 156 68732 2400
p 2 0 376 544 1567 593
p 2 0 185 735 731 379
p 2 148 488 284 57180 2082
p 2 0 351 569 1446 566
p 2 0 173 747 641 361
p 2 126 400 394 44313 1727
p 2 0 254 666 1075 466
p 2 0 188 732 661 374
p 2 28 286 606 24435 903
p 2 0 274 646 1171 477
p 2 12 223 685 2908 506
p 2 4 270 646 14657 640
p 2 0 139 781 687 339
p 2 0 115 805 480 305
p 2 4 202 714 13966 557
p 2 0 191 729 861 389
p 2 0 98 822 438 287
p 2 1 297 622 23365 743
p 2 0 198 722 991 402
p 2 0 118 802 497 307
p 2 3 281 636 22790 733
p 2 0 266 654 1154 467
p 2 0 128 792 525 315
p 2 0 340 580 23296 785
p 2 0 205 715 999 414
p 2 0 136 784 535 322
p 2 3 306 611 22492 727
p 2 0 274 646 1262 488
p 2 0 161 759 630 346
p 2 0 77 843 379 263
p 2 0 41 879 275 231
p 2 0 33 887 257 227
p 2 0 11 909 219 207
p 2 0 12 908 220 206
p 2 0 5 915 205 201
p 2 0 8 912 215 204
p 2 0 9 911 216 204
p 2 0 3 917 204 200
p 2 0 1 919 198 198
p 2 0 0 920 197 197
p 2 0 1 919 199 198
p 2 110 176 634 31004 1262
p 2 0 152 768 781 361
p 2 0 93 827 426 286
p 2 102 162 656 28254 1236
p 2 0 192 728 895 401
p 2 0 69 851 361 263
p 2 128 205 587 30308 1353
p 2 0 189 731 842 397
p 2 0 90 830 443 281
p 2 141 219 560 33230 1451
p 2 0 154 766 769 364
p 2 0 92 828 405 281
p 2 123 208 589 37960 1461
p 2 0 194 726 885 397
p 2 0 114 806 474 303
p 2 114 250 556 40216 1475
p 2 0 216 704 996 421
p 2 0 131 789 537 320
p 2 103 250 567 38472 1405
p 2 0 248 672 1094 454
p 2 0 163 757 650 354
p 2 90 282 548 32630 1278
p 2 0 212 708 983 417
p 2 0 121 799 512 311
p 2 57 200 663 15973 881
p 2 0 151 769 637 344
p 2 0 92 828 418 281
p 2 29 85 806 6201 495
p 2 0 65 855 378 261
p 2 0 56 864 300 245
p 2 0 31 889 264 224
p 2 0 10 910 211 206
p 2 0 12 908 219 207
p 2 0 7 913 212 204
p 2 0 8 912 211 203
p 2 0 8 912 209 203
p 2 0 12 908 215 206
p 2 0 6 914 208 203
p 2 0 5 915 207 201
p 2 0 0 920 197 197
p 2 0 0 920 197 197
p 2 0 1 919 199 198
i 2 920 0 0 83301 5049
p 2 0 147 773 411 334
p 2 0 81 839 274 267
p 2 23 287 610 36134 1024
p 2 0 271 649 1224 481
p 2 0 128 792 558 319
p 2 21 285 614 34103 989
p 2 0 212 708 1216 435
p 2 0 96 824 466 287
p 2 24 268 628 33928 993
p 2 0 254 666 1165 467
p 2 0 137 783 521 324
p 2 19 247 654 35864 956
p 2 0 258 662 1198 469
p 2 0 140 780 509 328
p 2 0 97 823 806 295
p 2 0 67 853 349 256
p 2 0 69 851 364 259
p 2 0 26 894 680 223
p 2 0 23 897 245 217
p 2 0 39 881 292 231
p 2 1 164 755 816 367
p 2 0 29 891 274 224
p 2 0 99 821 425 286
p 2 0 137 783 1036 327
p 2 0 78 842 398 269
p 2 0 58 862 353 250
p 2 0 46 874 653 245
p 2 0 16 904 240 211
p 2 0 20 900 238 214
p 2 0 27 893 670 224
p 2 0 18 902 246 213
p 2 0 9 911 218 205
p 2 0 4 916 206 201
p 2 0 3 917 202 200
p 2 0 3 917 202 199
p 2 0 7 913 558 210
p 2 0 9 911 229 205
p 2 0 6 914 220 203
p 2 0 7 913 447 208
p 2 0 7 913 226 204
p 2 0 7 913 210 203
p 2 0 3 917 203 200
p 2 0 5 915 209 201
p 2 0 2 918 201 198
p 2 0 2 918 200 199
p 2 0 1 919 199 198
i 2 920 0 0 40009 4054
p 2 0 292 628 581 466
p 2 0 248 672 447 413
p 2 0 148 772 1697 334
p 2 0 100 820 349 282
p 2 0 51 869 260 239
p 2 0 41 879 1768 244
p 2 0 32 888 278 226
p 2 0 15 905 234 211
p 2 0 33 887 1539 236
p 2 0 22 898 272 217
p 2 0 8 912 212 204
p 2 0 24 896 1679 230
p 2 0 20 900 270 216
p 2 0 13 907 218 207
p 2 0 24 896 1756 233
p 2 0 15 905 272 212
p 2 0 13 907 231 208
p 2 0 21 899 1846 234
p 2 0 19 901 273 215
p 2 0 10 910 232 206
p 2 0 22 898 1670 232
p 2 0 18 902 276 215
p 2 0 12 908 228 208
p 2 0 37 883 1882 244
p 2 0 21 899 299 218
p 2 0 13 907 221 208
p 2 0 29 891 1773 232
p 2 0 28 892 309 226
p 2 0 18 902 233 212
p 2 0 30 890 1781 240
p 2 0 29 891 292 224
p 2 0 14 906 235 210
p 2 0 19 901 1637 229
p 2 0 16 904 263 214
p 2 0 3 917 201 200
p 2 0 18 902 1834 225
p 2 0 14 906 253 211
p 2 0 9 911 219 206
p 2 0 18 902 1803 226
p 2 0 14 906 279 214
p 2 0 10 910 227 206
p 2 0 20 900 1796 227
p 2 0 18 902 285 218
p 2 0 8 912 220 204
p 2 0 19 901 1584 223
p 2 0 19 901 279 217
p 2 0 10 910 220 206
p 2 0 25 895 1771 235
p 2 0 17 903 262 213
p 2 0 12 908 219 206
p 2 0 22 898 1845 232
p 2 0 23 897 281 221
p 2 0 22 898 255 217
p 2 0 24 896 1942 239
p 2 0 20 900 264 215
p 2 0 6 914 211 202
p 2 0 22 898 1719 232
p 2 0 18 902 293 217
p 2 0 14 906 233 209
p 2 0 24 896 1926 236
p 2 0 18 902 279 216
p 2 0 4 916 206 200
p 2 0 20 900 1758 231
p 2 0 15 905 257 213
p 2 0 6 914 208 202
p 2 0 22 898 1745 234
p 2 0 18 902 283 218
p 2 0 12 908 229 207
p 2 0 26 894 1791 234
p 2 0 18 902 281 217
p 2 0 7 913 220 204
p 2 0 24 896 2058 236
p 2 0 23 897 273 220
p 2 0 6 914 215 202
p 2 0 24 896 1919 235
p 2 0 27 893 298 223
p 2 0 17 903 235 213
p 2 0 29 891 1810 238
p 2 0 27 893 299 226
p 2 0 15 905 227 211
p 2 0 20 900 1629 228
p 2 0 24 896 278 219
p 2 0 12 908 229 208
p 2 0 22 898 1915 235
p 2 0 18 902 270 215
p 2 0 10 910 222 205
p 2 0 21 899 1888 235
p 2 0 18 902 276 215
p 2 0 8 912 221 206
p 2 0 20 900 2097 233
p 2 0 21 899 310 220
p 2 0 7 913 214 203
p 2 0 21 899 1816 232
p 2 0 20 900 277 217
p 2 0 8 912 221 204
p 2 0 22 898 1951 233
p 2 0 20 900 279 216
p 2 0 11 909 221 206
p 2 0 24 896 2242 239
p 2 0 17 903 274 215
p 2 0 12 908 223 207
p 2 0 23 897 2246 236
p 2 0 16 904 272 215
p 2 0 12 908 218 208
p 2 0 22 898 2086 236
p 2 0 16 904 264 213
p 2 0 10 910 214 205
p 2 0 29 891 1915 242
p 2 0 29 891 284 224
p 2 0 11 909 224 208
p 2 0 8 912 244 204
p 2 0 9 911 224 206
p 2 0 6 914 211 203
p 2 0 4 916 233 200
p 2 0 8 912 207 203
p 2 0 3 917 205 201
p 2 0 2 918 200 199
p 2 0 2 918 198 198
p 2 0 1 919 198 198
p 2 0 3 917 245 199
p 2 0 0 920 197 197
p 2 0 2 918 200 199
p 2 0 1 919 198 198
p 2 0 3 917 201 199
p 2 0 0 920 197 197
p 2 0 19 901 2534 235
p 2 0 14 906 263 212
p 2 0 6 914 211 202
p 2 0 19 901 2274 231
p 2 0 19 901 290 216
p 2 0 10 910 222 205
p 2 1 29 890 3773 261
p 2 0 29 891 335 228
p 2 0 9 911 223 204
p 2 2 10 908 1052 228
p 2 0 9 911 219 207
p 2 0 5 915 204 201
p 2 1 10 909 1665 223
p 2 0 9 911 240 206
p 2 0 3 917 202 199
p 2 2 10 908 1045 230
p 2 0 7 913 215 205
p 2 0 2 918 199 199
p 2 1 9 910 1652 222
p 2 0 8 912 226 205
p 2 0 1 919 198 198
i 2 920 0 0 40135 3986
p 2 0 299 621 500 449
p 2 0 236 684 433 395
p 2 0 80 840 264 258
p 2 0 125 795 302 295
p 2 0 47 873 236 235
p 2 0 41 879 229 229
p 2 0 13 907 210 207
p 2 0 20 900 216 213
p 2 0 12 908 215 207
p 2 0 5 915 203 201
p 2 0 5 915 206 202
p 2 0 4 916 207 200
p 2 0 8 912 208 203
p 2 0 3 917 200 200
p 2 0 0 920 197 197
p 2 0 2 918 199 199
p 2 0 2 918 199 199
p 2 20 16 884 615 303
p 2 0 25 895 230 219
p 2 0 11 909 206 206
p 2 7 66 847 1449 371
p 2 0 54 866 272 244
p 2 0 41 879 244 231
p 2 24 75 821 2376 443
p 2 0 79 841 322 271
p 2 0 70 850 263 255
p 2 35 106 779 3409 532
p 2 0 107 813 354 288
p 2 0 62 858 252 243
p 2 27 147 746 4733 598
p 2 0 111 809 391 299
p 2 0 92 828 295 266
p 2 114 172 634 8300 1101
p 2 0 166 754 502 365
p 2 0 140 780 340 313
p 2 149 239 532 11593 1344
p 2 0 216 704 644 420
p 2 0 181 739 427 352
p 2 191 259 470 14319 1640
p 2 0 296 624 667 468
p 2 0 161 759 370 331
p 2 0 100 820 310 284
p 2 0 93 827 288 273
p 2 0 73 847 277 259
p 2 0 60 860 255 244
p 2 0 56 864 254 241
p 2 0 44 876 247 233
p 2 0 25 895 226 220
p 2 0 20 900 226 213
p 2 0 16 904 222 212
p 2 0 9 911 212 206
p 2 0 5 915 209 203
p 2 0 8 912 210 205
p 2 3 314 603 10827 719
p 2 0 182 738 663 370
p 2 0 106 814 354 285
p 2 9 359 552 11010 816
p 2 0 218 702 751 405
p 2 0 82 838 361 268
p 2 31 313 576 12796 947
p 2 0 164 756 648 359
p 2 0 139 781 405 309
p 2 6 376 538 12030 850
p 2 0 227 693 727 411
p 2 0 116 804 364 290
p 2 6 360 554 12182 840
p 2 0 196 724 706 388
p 2 0 132 788 366 304
p 2 0 49 871 262 241
p 2 0 75 845 266 253
i 2 920 0 0 18630 3495
p 2 0 339 581 554 488
i 2 920 0 0 25157 3707
p 2 0 268 652 511 437
p 2 388 451 81 27017 2923
p 2 0 597 323 4454 874
p 2 271 450 199 26486 2525
p 2 0 649 271 11420 1202
p 2 23 679 218 17562 1515
p 2 6 636 278 13730 1295
p 2 5 638 277 15968 1311
p 2 16 620 284 16257 1394
p 2 12 590 318 18100 1338
p 2 0 598 322 11176 1046
p 2 9 626 285 16352 1281
p 2 3 591 326 14131 1197
p 2 3 638 279 14150 1256
p 2 0 596 324 13263 1116
p 2 0 621 299 13637 1162
p 2 2 590 328 13470 1211
p 2 4 601 315 12372 1171
p 2 0 632 288 7576 1022
p 2 0 610 310 10956 1051
p 2 0 572 348 9525 916
p 2 1 593 326 11384 1008
p 2 0 341 579 1058 534
p 2 0 211 709 498 376
p 2 0 107 813 305 281
p 2 0 107 813 315 280
p 2 0 84 836 284 262
p 2 0 72 848 273 250
p 2 0 29 891 230 219
p 2 0 41 879 235 227
p 2 0 62 858 249 240
p 2 0 10 910 210 205
i 2 920 0 0 19038 3873
p 2 0 808 112 3485 1090
p 2 0 793 127 4132 1037
p 2 0 739 181 4136 1002
p 2 0 738 182 4318 1018
p 2 0 736 184 4335 1023
p 2 0 721 199 4333 994
p 2 0 731 189 4306 1016
p 2 0 735 185 4409 1015
p 2 0 745 175 4330 1026
p 2 0 734 186 4380 1006
p 2 0 722 198 4347 1005
p 2 0 761 159 4538 1047
p 2 0 727 193 4412 1015
p 2 0 753 167 4550 1048
p 2 0 745 175 4512 1035
p 2 0 730 190 4608 1024
p 2 0 737 183 4669 1042
p 2 0 741 179 4605 1030
p 2 0 741 179 4533 1035
p 2 0 757 163 4627 1046
p 2 0 736 184 4662 1044
p 2 0 748 172 4650 1027
p 2 0 737 183 4535 1035
p 2 0 750 170 4689 1040
p 2 0 747 173 4539 1041
p 2 0 756 164 4722 1050
p 2 0 711 209 4498 1023
p 2 0 749 171 4634 1037
p 2 0 710 210 4496 1025
p 2 0 738 182 4672 1029
p 2 0 705 215 4432 1015
p 2 0 726 194 4538 1013
p 2 0 724 196 4451 1022
p 2 0 719 201 4605 1022
p 2 0 732 188 4430 1045
p 2 0 718 202 4544 1019
p 2 0 747 173 4395 1045
p 2 0 721 199 4637 1019
p 2 0 721 199 4401 1039
p 2 0 736 184 4598 1037
p 2 0 714 206 4431 1040
p 2 0 725 195 4594 1031
p 2 0 715 205 4410 1039
p 2 0 732 188 4644 1032
p 2 0 673 247 4456 1003
p 2 0 732 188 4599 1023
p 2 0 693 227 4429 1017
p 2 0 711 209 4594 1021
p 2 0 689 231 4450 1018
p 2 0 739 181 4665 1036
p 2 0 718 202 4434 1026
p 2 0 727 193 4629 1012
p 2 0 684 236 4556 1005
p 2 0 740 180 4739 1042
p 2 0 712 208 4412 1036
p 2 0 710 210 4655 998
p 2 0 681 239 4502 996
p 2 0 734 186 4742 1026
p 2 0 672 248 4469 989
p 2 0 741 179 4538 1020
p 2 0 681 239 4617 1009
p 2 0 746 174 4806 1038
p 2 0 708 212 4530 1011
p 2 0 721 199 4721 1015
p 2 0 702 218 4546 1013
p 2 0 730 190 4760 1024
p 2 0 682 238 4645 1014
p 2 0 715 205 4658 1009
p 2 0 700 220 4656 1028
p 2 0 737 183 4712 1031
i 2 920 0 0 22266 3590
p 2 0 463 457 728 604
p 2 0 426 494 560 538
p 2 82 250 588 13711 1087
p 2 0 303 617 655 489
p 2 0 125 795 341 305
p 2 56 290 574 14133 975
p 2 0 149 771 606 354
p 2 0 125 795 419 309
p 2 53 161 706 13441 843
p 2 0 136 784 568 330
p 2 0 84 836 355 269
p 2 4 171 745 4770 439
p 2 0 97 823 512 292
p 2 0 54 866 288 240
p 2 3 162 755 4155 405
p 2 0 107 813 461 290
p 2 0 47 873 285 237
p 2 0 117 803 3382 343
p 2 0 78 842 443 269
p 2 0 19 901 245 212
p 2 0 111 809 3263 335
p 2 0 68 852 425 260
p 2 0 62 858 299 246
p 2 0 135 785 3249 349
p 2 0 76 844 445 268
p 2 0 43 877 276 231
p 2 0 117 803 3222 337
p 2 0 79 841 426 266
p 2 0 26 894 257 219
p 2 0 115 805 3184 334
p 2 0 69 851 441 262
p 2 0 23 897 246 216
p 2 0 112 808 3202 331
p 2 0 110 810 625 330
p 2 0 54 866 277 243
p 2 16 71 833 1611 399
p 2 0 77 843 307 270
p 2 35 121 764 2679 551
p 2 0 133 787 386 320
p 2 30 160 730 3338 639
p 2 0 137 783 480 338
p 2 43 235 642 6552 838
p 2 0 211 709 636 409
p 2 5 275 640 6232 749
p 2 0 217 703 694 419
p 2 10 268 642 6796 793
p 2 0 221 699 738 423
p 2 19 279 622 7254 809
p 2 0 218 702 685 418
p 2 36 269 615 7855 868
p 2 0 229 691 771 432
p 2 16 273 631 8152 806
p 2 0 205 715 666 409
p 2 10 254 656 5532 647
p 2 0 181 739 638 388
p 2 7 216 697 2914 529
p 2 4 175 741 2826 416
p 2 3 207 710 3049 533
p 2 0 116 804 485 312
p 2 10 157 753 4447 482
p 2 0 123 797 499 322
p 2 0 82 838 333 270
p 2 9 117 794 3479 425
p 2 0 98 822 410 291
p 2 0 66 854 293 255
p 2 20 101 799 3130 472
p 2 0 69 851 341 268
p 2 0 59 861 277 253
p 2 9 73 838 2176 365
p 2 0 57 863 303 255
i 2 920 0 0 23309 3650
p 2 0 377 543 643 555
p 2 77 407 436 5111 1005
p 2 0 221 699 480 396
p 2 64 251 605 6980 901
p 2 0 175 745 494 361
p 2 63 178 679 8216 851
p 2 0 132 788 446 330
p 2 11 132 777 2347 397
p 2 0 60 860 283 246
p 2 0 61 859 683 258
p 2 0 64 856 269 249
p 2 0 49 871 474 248
p 2 0 34 886 235 224
p 2 0 24 896 216 214
p 2 0 22 898 221 213
p 2 0 18 902 209 209
p 2 0 4 916 205 201
p 2 1 301 618 5728 623
p 2 0 155 765 635 345
p 2 0 79 841 339 264
p 2 3 65 852 2321 324
p 2 0 46 874 310 251
p 2 0 30 890 240 225
p 2 13 141 766 4771 477
p 2 0 80 840 406 273
p 2 0 58 862 277 245
p 2 22 154 744 6874 646
p 2 0 877 43 7167 1226
p 2 0 885 35 9858 1462
p 2 147 763 10 21651 2489
p 2 3 908 9 13139 1865
p 2 3 891 26 13428 1873
p 2 100 806 14 20972 2428
p 2 9 878 33 13823 1914
p 2 7 891 22 13026 1882
p 2 112 797 11 20272 2445
p 2 4 899 17 13453 1869
p 2 0 905 15 10624 1732
p 2 28 878 14 17081 2010
p 2 0 894 26 8590 1535
p 2 0 904 16 6779 1267
p 2 57 740 123 16663 1766
p 2 0 543 377 1252 741
p 2 0 362 558 671 530
p 2 0 286 634 549 456
p 2 0 198 722 392 360
p 2 0 109 811 297 290
p 2 0 105 815 292 283
p 2 0 88 832 280 265
p 2 0 54 866 251 243
p 2 0 28 892 233 222
p 2 0 23 897 225 218
i 2 920 0 0 18199 3744
p 2 7 852 61 8326 1620
p 2 3 852 65 8183 1607
p 2 6 819 95 8390 1644
p 2 23 803 94 9007 1733
p 2 7 795 118 9041 1643
p 2 0 784 136 3634 1089
p 2 0 719 201 3780 994
p 2 0 719 201 3971 970
p 2 0 677 243 3908 916
p 2 0 687 233 4076 932
p 2 0 664 256 4101 926
p 2 0 697 223 4174 935
p 2 0 674 246 4195 909
p 2 0 696 224 4324 945
p 2 0 674 246 4229 926
p 2 0 610 310 4071 854
p 2 0 651 269 4283 904
p 2 0 644 276 4260 896
p 2 0 639 281 4299 897
p 2 0 627 293 4281 896
p 2 0 632 288 4290 875
p 2 0 613 307 4238 887
p 2 0 694 226 4308 924
p 2 0 660 260 4308 912
p 2 0 703 217 4198 932
p 2 0 667 253 4389 929
p 2 0 655 265 4221 894
p 2 0 646 274 4220 906
p 2 0 675 245 4162 911
p 2 0 650 270 4193 904
p 2 0 672 248 4231 910
p 2 0 667 253 4227 910
p 2 0 690 230 4273 927
p 2 0 651 269 4210 900
p 2 0 678 242 4406 923
p 2 0 667 253 4297 927
p 2 0 654 266 4221 909
p 2 0 627 293 4332 904
p 2 0 637 283 4161 893
p 2 0 662 258 4405 917
p 2 0 631 289 4274 898
p 2 0 625 295 4267 889
p 2 0 642 278 4365 899
p 2 0 647 273 4608 926
p 2 0 673 247 4614 938
p 2 0 663 257 4649 929
p 2 0 642 278 4440 892
p 2 0 656 264 4859 913
p 2 0 357 563 958 543
p 2 0 212 708 524 384
p 2 0 141 779 406 324
p 2 0 79 841 293 264
p 2 0 35 885 239 226
p 2 0 29 891 235 222
p 2 0 19 901 217 213
p 2 0 20 900 229 214
p 2 0 14 906 225 209
p 2 0 10 910 213 205
p 2 0 19 901 228 213
p 2 0 12 908 212 207
p 2 0 0 920 197 197
p 2 0 8 912 213 204
p 2 0 4 916 205 200
p 2 0 13 907 226 208
p 2 0 4 916 209 200
p 2 0 3 917 203 200
p 2 0 9 911 211 206
p 2 0 10 910 208 207
p 2 0 1 919 199 198
p 2 0 8 912 212 204
p 2 0 25 895 218 214
p 2 0 24 896 212 212
p 2 0 0 920 197 197
p 2 0 0 920 197 197
p 2 0 0 920 197 197
p 2 0 0 920 197 197
p 2 0 0 920 197 197
p 2 0 0 920 197 197
p 2 0 0 920 197 197
p 2 0 0 920 197 197
p 2 0 1 919 198 198
p 2 0 1 919 198 198
p 2 0 0 920 197 197
p 2 0 0 920 197 197
i 2 920 0 0 36849 4230
p 2 0 313 607 1032 493
p 2 0 275 645 1090 462
p 2 0 180 740 1178 367
p 2 0 161 759 1063 351
p 2 0 131 789 1071 329
p 2 0 86 834 1102 298
p 2 0 76 844 463 265
p 2 0 39 881 385 235
p 2 0 32 888 490 228
p 2 0 27 893 406 225
p 2 0 19 901 412 219
p 2 0 21 899 485 220
p 2 0 18 902 416 215
p 2 0 15 905 392 214
p 2 0 21 899 502 220
p 2 0 15 905 387 213
p 2 0 9 911 371 210
p 2 0 19 901 531 219
p 2 0 12 908 378 212
p 2 0 13 907 365 214
p 2 0 11 909 436 211
p 2 0 9 911 362 209
p 2 0 10 910 378 211
p 2 0 15 905 330 208
p 2 0 11 909 228 207
p 2 0 10 910 215 206
p 2 0 10 910 294 206
p 2 0 8 912 208 204
p 2 0 7 913 220 203
p 2 0 9 911 320 205
p 2 0 6 914 218 203
p 2 0 8 912 221 205
p 2 0 5 915 224 202
p 2 0 8 912 226 205
p 2 0 6 914 219 204
p 2 0 4 916 206 201
p 2 0 5 915 214 201
p 2 0 6 914 213 203
p 2 0 5 915 214 202
p 2 0 8 912 227 205
p 2 0 2 918 203 199
p 2 0 5 915 217 202
p 2 0 6 914 215 202
p 2 0 6 914 211 201
p 2 0 7 913 358 204
p 2 0 5 915 220 203
p 2 0 6 914 219 203
p 2 0 9 911 305 206
p 2 0 4 916 219 201
p 2 0 7 913 218 204
p 2 0 8 912 323 204
p 2 0 7 913 228 204
p 2 0 7 913 215 202
p 2 0 8 912 337 205
p 2 0 6 914 220 202
p 2 0 6 914 226 203
p 2 0 9 911 360 207
p 2 0 8 912 221 204
p 2 0 8 912 219 205
p 2 0 9 911 307 206
p 2 0 10 910 232 206
p 2 0 5 915 210 201
p 2 0 6 914 323 205
p 2 0 12 908 230 207
p 2 0 6 914 230 204
p 2 0 8 912 361 206
p 2 0 7 913 220 204
p 2 0 10 910 224 206
p 2 0 3 917 206 200
p 2 0 3 917 205 199
p 2 0 4 916 219 202
p 2 0 7 913 297 205
p 2 0 11 909 234 206
p 2 0 4 916 209 201
p 2 0 8 912 327 206
p 2 0 8 912 224 203
p 2 0 6 914 221 202
p 2 0 6 914 217 202
p 2 0 6 914 230 203
p 2 0 10 910 220 206
p 2 0 4 916 209 200
p 2 0 0 920 197 197
p 2 0 7 913 219 202
p 2 0 7 913 228 204
p 2 0 1 919 200 198
p 2 0 7 913 223 204
p 2 0 7 913 223 204
p 2 0 7 913 212 203
p 2 0 4 916 210 200
p 2 0 6 914 218 202
p 2 0 10 910 228 208
p 2 0 9 911 225 206
p 2 0 6 914 235 204
p 2 0 6 914 211 202
p 2 0 6 914 211 202
p 2 0 11 909 224 207
p 2 0 5 915 215 202
p 2 0 7 913 212 203
p 2 0 6 914 212 203
p 2 0 5 915 221 203
p 2 0 6 914 215 202
p 2 0 9 911 227 207
p 2 0 10 910 226 206
p 2 0 5 915 213 202
p 2 0 9 911 213 204
p 2 0 5 915 219 203
p 2 0 9 911 220 205
p 2 99 135 686 15980 1080
p 2 0 121 799 629 332
p 2 0 65 855 328 256
p 2 81 130 709 17166 1060
p 2 0 101 819 608 309
p 2 0 49 871 314 241
p 2 110 139 671 21780 1276
p 2 0 117 803 635 317
p 2 0 49 871 320 242
p 2 3 49 868 1327 297
p 2 0 39 881 274 230
p 2 0 20 900 242 215
p 2 7 25 888 2186 283
p 2 0 23 897 263 216
p 2 0 5 915 207 201
p 2 0 16 904 234 209
p 2 0 7 913 210 202
p 2 0 3 917 204 200
p 2 3 21 896 1231 273
p 2 0 15 905 230 211
p 2 0 6 914 206 202
p 2 0 4 916 204 201
p 2 0 5 915 203 201
i 2 920 0 0 32843 3917
p 2 0 869 51 11315 1339
p 2 0 817 103 10979 1269
p 2 0 886 34 10928 1314
p 2 0 850 70 11373 1290
p 2 0 879 41 11520 1326
p 2 0 846 74 10906 1309
p 2 0 829 91 11000 1313
p 2 0 848 72 11045 1332
p 2 0 844 76 10438 1320
p 2 0 846 74 9937 1308
p 2 0 847 73 9329 1337
p 2 0 871 49 9748 1366
p 2 0 878 42 8394 1340
p 2 0 846 74 8207 1308
p 2 0 836 84 7898 1292
p 2 0 831 89 8177 1280
p 2 0 853 67 9260 1313
p 2 0 880 40 10679 1345
p 2 0 873 47 11930 1378
p 2 0 870 50 12210 1371
p 2 0 867 53 13292 1377
p 2 0 836 84 13457 1365
p 2 0 852 68 13289 1374
p 2 0 894 26 14168 1421
p 2 0 868 52 13804 1408
p 2 0 892 28 13642 1421
p 2 0 844 76 13672 1380
p 2 0 887 33 13670 1427
p 2 0 859 61 13390 1372
p 2 1 848 71 13294 1369
p 2 0 847 73 12942 1349
p 2 0 838 82 12886 1349
p 2 0 840 80 12943 1369
p 2 0 816 104 12181 1343
p 2 0 846 74 11780 1357
p 2 0 854 66 10780 1328
p 2 0 841 79 9681 1325
p 2 0 874 46 8480 1353
p 2 0 840 80 7724 1317
p 2 0 871 49 9654 1321
p 2 0 833 87 11560 1314
p 2 0 873 47 12237 1343
p 2 0 813 107 11790 1307
p 2 0 842 78 11713 1324
p 2 0 851 69 11671 1325
p 2 0 845 75 11926 1309
p 2 0 822 98 12258 1290
p 2 0 834 86 13227 1320
p 2 0 791 129 10091 1236
p 2 0 847 73 9454 1256
p 2 0 802 118 6922 1149
p 2 0 809 111 4273 1115
p 2 0 819 101 5695 1134
p 2 0 835 85 9815 1201
p 2 0 822 98 11470 1222
p 2 0 821 99 12324 1235
p 2 0 807 113 11382 1240
p 2 0 829 91 10610 1226
p 2 0 781 139 10978 1180
p 2 0 787 133 10702 1172
p 2 0 797 123 9493 1178
p 2 0 817 103 6911 1158
p 2 0 768 152 5181 1087
p 2 0 821 99 8348 1128
p 2 0 743 177 10127 1111
p 2 0 780 140 10326 1113
p 2 0 772 148 10404 1111
p 2 0 752 168 10861 1095
p 2 0 677 243 10716 1006
p 2 0 652 268 7756 921
p 2 0 467 453 4301 703
p 2 0 344 576 1427 530
p 2 0 188 732 634 373
p 2 0 134 786 454 317
p 2 0 88 832 374 276
p 2 0 39 881 440 231
p 2 0 44 876 276 233
p 2 0 25 895 452 218
p 2 0 29 891 252 221
p 2 0 13 907 215 206
p 2 0 25 895 221 214
p 2 0 7 913 202 202
i 2 920 0 0 27448 3859
p 2 59 844 17 23500 2055
p 2 27 858 35 21976 2026
p 2 110 805 5 29439 2626
p 2 12 875 33 22704 1991
p 2 28 888 4 23586 2059
p 2 87 821 12 29388 2638
p 2 4 905 11 15818 1697
p 2 7 896 17 17956 1711
p 2 76 835 9 25138 2414
p 2 4 897 19 15892 1681
p 2 11 891 18 18201 1821
p 2 73 820 27 23416 2337
p 2 13 888 19 17624 1815
p 2 4 899 17 15268 1657
p 2 112 789 19 25618 2546
p 2 89 819 12 27288 2317
p 2 33 869 18 24058 2068
p 2 111 804 5 30522 2729
p 2 18 889 13 22972 2013
p 2 32 874 14 23053 2070
p 2 74 835 11 25641 2457
p 2 4 911 5 16209 1628
p 2 9 887 24 17885 1710
p 2 91 825 4 26297 2542
p 2 8 892 20 18133 1779
p 2 11 895 14 19759 1844
p 2 36 862 22 22372 2212
p 2 16 888 16 19885 1955
p 2 3 900 17 15358 1691
p 2 40 860 20 20568 2166
p 2 23 887 10 18895 1833
p 2 6 894 20 17300 1702
p 2 84 817 19 24667 2407
p 2 3 869 48 15803 1619
p 2 27 885 8 18577 1779
p 2 64 846 10 21424 2239
p 2 20 886 14 15733 1755
p 2 0 912 8 13898 1547
p 2 95 818 7 23996 2460
p 2 3 906 11 14202 1555
p 2 8 903 9 15505 1624
p 2 95 814 11 24583 2543
p 2 2 904 14 15669 1626
p 2 3 904 13 16279 1660
p 2 62 847 11 19455 2226
p 2 5 899 16 13931 1622
i 2 920 0 0 2668 2668
p 2 69 461 390 1848 800
p 2 224 153 543 1652 1144
p 2 213 371 336 2320 1345
p 2 167 393 360 3073 1357
p 2 148 409 363 3767 1355
p 2 135 454 331 4622 1376
p 2 141 458 321 5387 1400
p 2 142 436 342 6027 1393
p 2 124 460 336 6840 1414
p 2 120 412 388 7865 1369
p 2 107 484 329 8669 1435
p 2 111 481 328 9543 1412
p 2 0 375 545 656 504
p 2 0 340 580 548 460
p 2 0 249 671 2676 457
p 2 0 205 715 476 377
p 2 0 240 680 466 390
p 2 0 207 713 2724 421
p 2 0 175 745 444 352
p 2 0 128 792 345 307
p 2 0 185 735 2555 396
p 2 0 129 791 450 323
p 2 0 190 730 443 357
p 2 0 199 721 2735 410
p 2 0 161 759 435 337
p 2 0 121 799 333 298
p 2 0 215 705 2615 432
p 2 0 194 726 481 366
p 2 0 204 716 466 375
p 2 0 150 770 2649 366
p 2 0 151 769 409 328
p 2 0 149 771 378 324
p 2 0 142 778 2600 374
p 2 0 122 798 417 309
p 2 0 141 779 386 317
p 2 0 179 741 2770 405
p 2 0 132 788 441 323
p 2 0 143 777 375 314
p 2 0 136 784 2574 366
p 2 0 201 719 468 364
p 2 0 153 767 365 318
p 2 0 217 703 2753 425
p 2 0 188 732 430 351
p 2 0 107 813 313 286
p 2 0 143 777 2578 372
p 2 0 203 717 512 367
p 2 0 119 801 394 306
p 2 0 187 733 2686 390
p 2 0 104 816 375 292
p 2 0 120 800 354 304
p 2 0 157 763 2606 388
p 2 0 231 689 521 389
p 2 0 92 828 322 278
p 2 0 148 772 2698 366
p 2 0 96 824 388 291
p 2 0 150 770 410 329
p 2 0 129 791 2535 352
p 2 0 148 772 405 320
p 2 0 128 792 348 304
p 2 0 176 744 2707 384
p 2 0 113 807 394 304
p 2 0 95 825 309 280
p 2 0 142 778 2583 367
p 2 0 96 824 371 287
p 2 0 88 832 318 275
p 2 0 156 764 2709 376
p 2 0 113 807 376 299
p 2 0 166 754 377 327
p 2 0 101 819 2579 342
p 2 0 136 784 415 319
p 2 0 143 777 371 314
p 2 0 181 739 2708 384
p 2 0 145 775 404 315
p 2 0 134 786 351 309
p 2 0 100 820 2543 341
p 2 0 134 786 426 320
p 2 0 104 816 313 281
p 2 0 128 792 2652 349
p 2 0 95 825 404 292
p 2 0 174 746 469 347
p 2 0 119 801 2538 359
p 2 0 174 746 429 341
p 2 0 109 811 306 278
p 2 0 185 735 2698 397
p 2 0 131 789 417 317
p 2 0 169 751 394 337
p 2 0 188 732 2531 395
p 2 0 147 773 423 326
p 2 0 141 779 370 315
p 2 0 175 745 2707 387
p 2 0 141 779 452 328
p 2 0 154 766 374 322
p 2 0 157 763 2571 390
p 2 0 215 705 477 371
p 2 0 198 722 428 353
p 2 0 229 691 2788 425
p 2 0 213 707 477 367
p 2 0 108 812 314 284
p 2 0 181 739 2613 393
p 2 0 232 688 517 391
p 2 0 207 713 460 372
p 2 0 218 702 2764 416
p 2 0 126 794 415 307
p 2 0 160 760 370 327
p 2 0 145 775 2588 374
p 2 0 137 783 423 321
p 2 0 136 784 380 317
p 2 0 177 743 2742 390
p 2 0 184 736 440 351
p 2 0 149 771 369 320
p 2 0 219 701 2604 422
p 2 0 163 757 480 346
p 2 0 196 724 462 364
p 2 0 130 790 2680 353
p 2 0 169 751 434 336
p 2 0 150 770 376 321
p 2 0 204 716 2584 419
p 2 0 178 742 437 340
p 2 0 194 726 390 343
p 2 0 177 743 2715 399
p 2 0 113 807 381 302
p 2 0 154 766 405 328
p 2 0 169 751 2571 388
p 2 0 141 779 454 332
p 2 0 213 707 438 372
p 2 0 171 749 2721 381
p 2 0 142 778 440 323
p 2 0 88 832 320 278
p 2 1 115 804 2531 353
i 2 920 0 0 27390 3768
p 2 137 487 296 2871 1351
p 2 84 529 307 3195 1267
p 2 38 450 432 3023 1086
p 2 34 455 431 3347 1087
p 2 25 415 480 3309 1050
p 2 22 421 477 3212 1019
p 2 22 396 502 3273 1010
p 2 17 436 467 3417 1010
p 2 17 418 485 3247 994
p 2 21 472 427 3251 985
p 2 23 451 446 3419 1004
p 2 0 376 544 827 551
p 2 0 280 640 526 446
p 2 0 318 602 590 474
p 2 0 252 668 490 419
p 2 0 276 644 567 434
p 2 0 206 714 442 376
p 2 1 197 722 665 365
p 2 0 442 478 1829 595
p 2 0 722 198 5453 929
p 2 0 759 161 7255 994
p 2 0 803 117 8074 1081
p 2 0 819 101 7620 1077
p 2 0 832 88 7732 1115
p 2 0 837 83 7402 1099
p 2 0 838 82 7695 1124
p 2 0 848 72 8289 1122
p 2 0 871 49 8818 1140
p 2 0 849 71 9192 1140
p 2 0 867 53 9598 1180
p 2 0 852 68 9380 1155
p 2 0 876 44 9142 1190
p 2 0 876 44 8735 1182
p 2 0 871 49 8127 1180
p 2 0 881 39 8898 1207
p 2 0 883 37 9175 1204
p 2 0 890 30 9413 1219
p 2 0 882 38 9226 1228
p 2 0 888 32 9735 1242
p 2 0 890 30 8767 1233
p 2 0 881 39 9009 1245
p 2 0 891 29 8888 1250
p 2 0 886 34 9388 1263
p 2 0 899 21 9320 1253
p 2 0 894 26 9544 1277
p 2 0 905 15 9497 1263
p 2 0 893 27 9537 1270
p 2 0 889 31 9366 1280
p 2 0 890 30 9372 1274
p 2 0 903 17 8926 1279
p 2 0 894 26 9035 1279
p 2 0 905 15 8860 1260
p 2 0 891 29 9149 1301
p 2 0 899 21 8815 1265
p 2 0 901 19 8707 1274
p 2 0 895 25 8616 1266
p 2 0 897 23 8955 1261
p 2 0 913 7 8691 1278
p 2 0 897 23 9255 1280
p 2 1 891 28 11745 1384
p 2 0 895 25 8906 1257
p 2 0 905 15 8258 1272
p 2 0 886 34 10753 1329
p 2 0 901 19 8688 1286
p 2 0 900 20 8910 1276
p 2 1 899 20 11953 1364
p 2 0 890 30 9459 1293
p 2 0 905 15 9298 1321
p 2 0 906 14 9697 1300
p 2 0 908 12 8763 1290
p 2 0 900 20 9303 1290
p 2 0 903 17 9667 1303
p 2 0 910 10 9406 1289
p 2 0 907 13 9148 1303
p 2 1 904 15 9545 1333
p 2 0 907 13 9294 1290
p 2 0 901 19 9244 1283
p 2 3 910 7 9748 1340
p 2 0 897 23 9298 1302
p 2 0 908 12 9142 1306
p 2 0 908 12 9758 1312
p 2 0 901 19 8685 1303
p 2 0 897 23 9195 1291
p 2 0 904 16 9207 1291
p 2 0 887 33 9018 1273
p 2 0 904 16 8042 1271
p 2 1 902 17 8360 1286
p 2 0 910 10 7447 1263
p 2 0 903 17 7438 1237
p 2 1 900 19 7391 1239
p 2 0 893 27 7245 1226
p 2 0 902 18 6594 1229
p 2 2 899 19 6795 1237
p 2 0 908 12 6323 1217
p 2 0 892 28 6511 1208
p 2 2 902 16 6993 1243
p 2 0 899 21 6359 1211
p 2 0 909 11 6448 1227
p 2 1 890 29 6654 1225
p 2 0 896 24 6470 1213
p 2 0 907 13 6452 1199
p 2 29 860 31 16360 1661
p 2 0 903 17 6585 1214
p 2 24 874 22 14707 1597
p 2 0 891 29 6345 1190
p 2 20 869 31 13504 1579
p 2 0 888 32 5721 1157
p 2 17 861 42 12519 1521
p 2 0 882 38 4851 1129
p 2 49 833 38 10349 1545
p 2 0 871 49 3754 1084
p 2 36 838 46 10579 1494
p 2 0 890 30 3710 1097
p 2 47 828 45 11262 1570
p 2 0 853 67 3556 1065
p 2 20 843 57 9864 1477
p 2 0 849 71 3246 1044
p 2 27 825 68 10321 1450
p 2 0 829 91 3491 1038
p 2 79 741 100 10538 1562
p 2 0 852 68 3102 1029
p 2 76 761 83 15254 1626
p 2 0 770 150 4730 976
i 2 920 0 0 22003 3588
p 2 0 712 208 1761 839
p 2 220 631 69 22749 2289
p 2 0 546 374 966 681
p 2 0 448 472 725 595
p 2 0 422 498 655 555
p 2 117 572 231 27128 1921
p 2 0 458 462 1130 652
p 2 216 697 7 35466 2788
p 2 56 858 6 23771 2128
p 2 25 894 1 21464 2032
p 2 53 866 1 22595 2209
p 2 41 874 5 20803 2090
p 2 43 873 4 19199 2010
p 2 19 826 75 16655 1701
p 2 25 745 150 12274 1578
p 2 21 713 186 14705 1539
p 2 54 670 196 15726 1669
p 2 25 689 206 11294 1485
p 2 20 606 294 11433 1406
p 2 22 681 217 17011 1544
p 2 47 620 253 12258 1491
p 2 27 630 263 12447 1423
p 2 45 625 250 14926 1539
p 2 26 650 244 12455 1492
p 2 30 611 279 12078 1376
p 2 29 676 215 15937 1524
p 2 35 628 257 11461 1474
p 2 22 628 270 11578 1424
p 2 28 626 266 14056 1502
p 2 27 629 264 9972 1372
p 2 27 585 308 11725 1354
p 2 25 645 250 16604 1503
p 2 30 625 265 12078 1426
p 2 26 614 280 12653 1386
p 2 30 630 260 15060 1500
p 2 23 644 253 11662 1492
p 2 12 606 302 12938 1329
p 2 24 641 255 14240 1544
p 2 20 619 281 13982 1437
p 2 34 624 262 12259 1471
p 2 40 620 260 14655 1542
p 2 23 645 252 12264 1415
p 2 45 596 279 14161 1454
i 2 920 0 0 41168 4657
p 2 18 621 281 15412 1370
p 2 23 599 298 14214 1367
p 2 26 585 309 14002 1369
p 2 15 589 316 13862 1332
p 2 26 570 324 15025 1427
p 2 28 602 290 17095 1471
p 2 24 582 314 14379 1346
p 2 30 573 317 16139 1454
p 2 23 595 302 17124 1447
p 2 24 583 313 13872 1415
p 2 23 710 187 16332 1515
p 2 28 871 21 19788 1922
p 2 16 879 25 17978 1828
p 2 41 862 17 16213 1912
p 2 34 870 16 19810 1916
p 2 27 884 9 20780 1984
p 2 43 873 4 23161 2064
p 2 48 858 14 21656 2131
p 2 22 886 12 17557 1938
p 2 26 887 7 15432 1903
p 2 26 874 20 18258 1946
p 2 35 879 6 19716 2036
p 2 39 871 10 19525 1985
p 2 33 868 19 18903 2004
p 2 50 855 15 18295 2020
p 2 42 868 10 15981 2032
p 2 36 875 9 19467 2055
p 2 44 865 11 16970 2078
p 2 29 877 14 18619 2036
p 2 55 857 8 19117 2171
p 2 50 856 14 18646 2180
p 2 40 871 9 16475 2125
p 2 25 879 16 17426 2116
p 2 30 882 8 15556 2162
i 2 920 0 0 56149 4663
p 2 290 628 2 57530 3644
p 2 229 690 1 54828 3476
p 2 232 688 0 55074 3434
p 2 210 710 0 52248 3352
p 2 153 767 0 56443 3161
p 2 204 716 0 57707 3340
p 2 203 717 0 59436 3353
p 2 568 352 0 68893 4492
p 2 101 816 3 53082 2866
p 2 120 798 2 45427 2804
p 2 119 801 0 41681 2747
p 2 93 827 0 46670 2815
p 2 117 803 0 44583 2790
p 2 98 822 0 47082 2738
p 2 125 795 0 47638 2850
p 2 116 803 1 43766 2764
p 2 77 842 1 48135 2673
p 2 116 804 0 50955 2799
p 2 81 839 0 49953 2707
p 2 95 825 0 48763 2732
p 2 81 839 0 47781 2714
p 2 80 840 0 51564 2708
p 2 107 813 0 49306 2742
p 2 116 804 0 53494 2778
p 2 142 778 0 49007 2906
p 2 78 842 0 53146 2675
p 2 96 824 0 58595 2737
i 2 920 0 0 56907 4682
p 2 101 817 2 39028 2397
p 2 99 819 2 48983 2535
p 2 80 837 3 40312 2417
p 2 73 846 1 40387 2400
p 2 96 824 0 39639 2488
p 2 32 887 1 42675 2223
p 2 90 830 0 44257 2456
p 2 116 803 1 44160 2597
p 2 82 838 0 39082 2421
p 2 61 859 0 41624 2361
p 2 115 804 1 41902 2589
p 2 64 853 3 43749 2409
p 2 95 822 3 42191 2483
p 2 106 813 1 47713 2598
p 2 100 820 0 41132 2535
p 2 87 832 1 43745 2451
p 2 74 845 1 46605 2447
p 2 101 818 1 42722 2524
p 2 102 817 1 40004 2494
p 2 68 850 2 45198 2456
p 2 77 842 1 46557 2493
p 2 74 845 1 47119 2489
p 2 84 835 1 44126 2445
p 2 110 808 2 44097 2462
p 2 125 795 0 43297 2622
p 2 97 821 2 49526 2602
p 2 94 824 2 42478 2528
p 2 66 854 0 46562 2416
p 2 96 824 0 47124 2582
p 2 102 818 0 42803 2553
p 2 64 856 0 44208 2373
p 2 80 839 1 46519 2540
p 2 83 836 1 41575 2490
p 2 61 858 1 42564 2409
p 2 63 857 0 46966 2495
p 2 105 814 1 44561 2647
p 2 75 844 1 42492 2442
p 2 87 832 1 49894 2563
p 2 88 832 0 42407 2536
p 2 74 846 0 41919 2474
p 2 63 857 0 45938 2461
p 2 53 867 0 50074 2387
p 2 115 805 0 45604 2651
p 2 63 857 0 51661 2517
p 2 100 820 0 47645 2556
p 2 93 827 0 44263 2557
p 2 64 855 1 46726 2415
p 2 81 839 0 48078 2516
p 2 83 836 1 47283 2523
p 2 98 822 0 52434 2608
p 2 108 811 1 46060 2563
p 2 81 839 0 46219 2485
p 2 85 835 0 46561 2516
p 2 65 855 0 47956 2479
p 2 41 879 0 50801 2351
p 2 122 798 0 49975 2706
p 2 62 858 0 47942 2480
p 2 108 812 0 46697 2520
p 2 59 861 0 51087 2406
p 2 86 834 0 49524 2553
p 2 92 828 0 50291 2552
p 2 72 848 0 49018 2481
p 2 105 815 0 50745 2551
p 2 95 825 0 48677 2544
p 2 67 853 0 47625 2489
p 2 67 853 0 46123 2446
p 2 67 853 0 48228 2401
p 2 74 846 0 49314 2502
p 2 103 817 0 42648 2571
p 2 48 871 1 42931 2327
p 2 94 825 1 48430 2536
p 2 98 822 0 45367 2494
p 2 112 808 0 41490 2536
p 2 70 849 1 41402 2398
p 2 56 863 1 40892 2341
p 2 86 834 0 42511 2460
p 2 80 840 0 47127 2428
p 2 135 785 0 39816 2601
p 2 61 859 0 35982 2247
p 2 42 877 1 37961 2211
p 2 64 855 1 34573 2241
p 2 36 884 0 30879 2100
p 2 54 866 0 31628 2160
p 2 31 887 2 32701 2082
p 2 60 858 2 30240 2192
p 2 19 901 0 30945 2008
p 2 19 894 7 25854 1935
p 2 12 898 10 23148 1808
p 2 10 881 29 22038 1791
p 2 0 878 42 15267 1579
p 2 0 818 102 7351 1290
p 2 2 640 278 7338 958
p 2 0 349 571 936 549
p 2 0 364 556 890 561
p 2 0 260 660 1167 450
p 2 0 472 448 1295 678
p 2 0 228 692 610 414
p 2 1 179 740 2946 389
p 2 0 228 692 739 420
p 2 0 246 674 685 429
p 2 2 161 757 857 360
p 2 0 96 824 321 277
p 2 0 74 846 292 263
p 2 3 86 831 2586 305
p 2 0 72 848 352 263
p 2 0 80 840 371 271
p 2 0 49 871 745 243
p 2 0 45 875 299 238
p 2 0 22 898 237 216
p 2 1 55 864 2710 267
p 2 0 32 888 297 227
p 2 0 14 906 224 208
p 2 2 6 912 555 214
p 2 0 36 884 292 230
p 2 0 33 887 274 225
p 2 3 47 870 2466 271
p 2 0 29 891 276 224
p 2 0 15 905 242 211
p 2 0 20 900 571 218
p 2 0 21 899 231 216
p 2 0 24 896 247 217
p 2 1 49 870 2748 264
p 2 0 28 892 296 225
p 2 0 24 896 239 217
p 2 0 15 905 656 213
p 2 0 24 896 239 218
p 2 0 5 915 206 202
p 2 2 29 889 2479 250
p 2 0 21 899 265 218
p 2 0 19 901 237 212
p 2 2 6 912 550 212
p 2 0 5 915 210 201
p 2 0 6 914 207 201
p 2 1 38 881 2749 253
p 2 0 29 891 308 228
p 2 0 20 900 228 213
p 2 0 8 912 648 205
p 2 0 6 914 209 202
p 2 0 4 916 204 200
p 2 3 20 897 2438 249
p 2 0 18 902 275 215
p 2 0 9 911 223 206
p 2 0 6 914 646 205
p 2 0 7 913 216 203
p 2 0 13 907 214 205
p 2 1 26 893 2612 241
p 2 0 22 898 275 220
p 2 0 8 912 218 205
p 2 0 10 910 677 208
p 2 0 18 902 231 213
p 2 0 9 911 205 204
p 2 3 22 895 2033 248
p 2 0 15 905 266 213
p 2 0 12 908 229 209
p 2 0 7 913 652 206
p 2 0 8 912 225 204
p 2 0 7 913 217 206
p 2 1 19 900 2597 236
p 2 0 16 904 272 214
p 2 0 6 914 213 203
p 2 0 2 918 204 199
p 2 0 6 914 209 201
p 2 0 1 919 198 198
p 2 3 13 904 2023 241
p 2 0 11 909 236 207
p 2 0 5 915 215 203
p 2 0 1 919 203 198
p 2 0 1 919 199 198
p 2 0 0 920 197 197
p 2 1 16 903 2221 232
p 2 0 13 907 265 212
p 2 0 13 907 233 208
p 2 0 2 918 202 199
p 2 0 0 920 197 197
p 2 0 1 919 199 198
p 2 2 80 838 9187 388
p 2 0 69 851 495 273
p 2 0 30 890 297 226
p 2 2 99 819 10365 413
p 2 0 83 837 565 287
p 2 0 44 876 313 236
p 2 3 39 878 1065 271
p 2 0 21 899 251 219
p 2 0 21 899 238 215
p 2 2 26 892 2112 253
p 2 0 36 884 289 229
p 2 0 26 894 249 217
p 2 3 45 872 1090 279
p 2 0 29 891 260 226
p 2 0 12 908 227 210
p 2 2 39 879 2157 264
p 2 0 23 897 277 222
p 2 0 20 900 273 215
p 2 0 24 896 374 222
p 2 0 41 879 484 238
p 2 0 30 890 488 228
p 2 0 25 895 535 226
p 2 0 20 900 502 222
p 2 0 21 899 628 224
p 2 0 22 898 555 224
p 2 0 20 900 606 224
p 2 0 18 902 629 223
p 2 0 18 902 600 225
p 2 0 17 903 577 222
p 2 0 17 903 532 223
p 2 0 19 901 533 225
p 2 0 19 901 486 224
p 2 0 19 901 480 226
p 2 0 18 902 452 224
p 2 0 14 906 256 213
i 2 920 0 0 32840 3893
p 2 19 425 476 4255 810
p 2 62 387 471 13831 1053
p 2 102 297 521 14325 1198
p 2 153 349 418 25160 1609
p 2 125 422 373 27949 1695
p 2 39 550 331 30487 1498
p 2 0 319 601 1153 528
p 2 0 243 677 3364 452
p 2 0 173 747 486 348
p 2 0 130 790 2981 335
p 2 0 91 829 417 280
p 2 0 114 806 3065 327
p 2 0 71 849 358 263
p 2 0 53 867 2895 270
p 2 0 62 858 368 254
p 2 0 71 849 2988 287
p 2 0 47 873 324 239
p 2 0 38 882 2888 254
p 2 0 44 876 352 239
p 2 0 40 880 2924 260
p 2 0 39 881 313 233
p 2 0 31 889 2855 249
p 2 0 28 892 296 222
p 2 0 59 861 2969 279
p 2 0 42 878 317 235
p 2 0 66 854 2900 277
p 2 0 54 866 378 251
p 2 0 70 850 2977 285
p 2 0 46 874 330 241
p 2 0 33 887 2881 251
p 2 0 38 882 336 234
p 2 0 35 885 2906 256
p 2 0 21 899 281 218
p 2 0 32 888 2843 250
p 2 0 20 900 286 218
p 2 0 26 894 2875 248
p 2 0 20 900 272 216
p 2 0 27 893 2842 245
p 2 0 21 899 296 219
p 2 0 32 888 2884 253
p 2 0 18 902 278 218
p 2 0 25 895 2865 243
p 2 0 23 897 309 223
p 2 0 28 892 2884 249
p 2 0 21 899 285 220
p 2 0 23 897 2855 241
p 2 0 19 901 291 218
p 2 0 29 891 2875 248
p 2 0 20 900 290 218
p 2 0 26 894 2857 244
p 2 0 25 895 315 223
p 2 0 31 889 2875 250
p 2 0 21 899 287 220
p 2 0 26 894 2858 244
p 2 0 25 895 294 222
p 2 0 28 892 2868 248
p 2 0 19 901 280 216
p 2 0 25 895 2863 244
p 2 0 20 900 297 220
p 2 0 31 889 2862 250
p 2 0 20 900 274 216
p 2 0 26 894 2831 243
p 2 0 19 901 277 216
p 2 0 23 897 2858 243
p 2 0 19 901 268 217
p 2 0 24 896 2849 241
p 2 0 22 898 304 222
p 2 0 23 897 2854 243
p 2 0 16 904 273 216
p 2 0 24 896 2839 242
p 2 0 22 898 308 221
p 2 0 23 897 2857 244
p 2 0 21 899 297 220
p 2 0 23 897 2841 241
p 2 0 19 901 296 217
p 2 0 24 896 2880 247
p 2 0 15 905 269 214
p 2 0 23 897 2840 242
p 2 0 22 898 286 219
p 2 0 24 896 2854 244
p 2 0 16 904 257 212
p 2 0 24 896 2849 242
p 2 0 17 903 278 216
p 2 0 23 897 2853 245
p 2 0 20 900 283 219
p 2 0 24 896 2835 241
i 2 920 0 0 51263 4521
p 2 0 235 685 481 412
p 2 4 457 459 11662 811
p 2 17 379 524 15643 879
p 2 0 499 421 10638 852
p 2 0 223 697 882 424
p 2 6 501 413 23107 1062
p 2 0 292 628 1299 510
p 2 0 331 589 10276 700
p 2 10 371 539 18063 873
p 2 4 429 487 11491 821
p 2 13 303 604 9141 724
p 2 2 378 540 11928 781
p 2 10 251 659 9045 648
p 2 4 334 582 11230 727
p 2 16 278 626 9825 735
p 2 0 365 555 10683 731
p 2 10 240 670 8973 630
p 2 14 326 580 12509 776
p 2 13 263 644 8927 678
p 2 0 339 581 10542 705
p 2 10 265 645 10323 682
p 2 4 335 581 11146 722
p 2 12 259 649 8907 666
p 2 2 344 574 11705 742
p 2 10 255 655 8966 642
p 2 4 322 594 11169 713
p 2 13 255 652 8881 671
p 2 0 325 595 10571 697
p 2 10 232 678 8998 627
p 2 27 462 431 31596 1316
p 2 9 354 557 8751 773
p 2 3 370 547 11216 772
p 2 13 387 520 21714 1011
p 2 4 427 489 11485 837
p 2 13 313 594 8552 731
p 2 7 487 426 27200 1161
p 2 10 348 562 8818 748
p 2 4 371 545 11130 753
p 2 11 293 616 9569 712
p 2 0 353 567 10527 728
p 2 9 275 636 8428 659
p 2 4 356 560 12210 762
p 2 11 275 634 8324 672
p 2 1 349 570 10485 719
p 2 10 249 661 9533 658
p 2 4 340 576 11039 734
p 2 11 257 652 8262 655
p 2 8 347 565 11303 766
p 2 10 255 655 8323 637
p 2 4 323 593 11092 711
p 2 19 275 626 9612 715
p 2 0 326 594 10482 700
p 2 10 245 665 8183 629
p 2 11 314 595 11763 744
p 2 11 254 655 8238 654
p 2 1 333 586 10459 710
p 2 18 242 660 9527 671
p 2 4 323 593 10997 704
p 2 11 247 662 8192 637
p 2 1 339 580 11623 734
p 2 10 236 674 8225 625
p 2 4 318 598 10939 703
p 2 11 261 648 9408 679
p 2 1 332 587 10458 711
p 2 11 224 685 8147 616
p 2 4 323 593 10913 707
p 2 11 242 667 8169 633
p 2 0 341 579 11671 730
p 2 10 241 669 8176 625
p 2 9 318 593 11640 751
p 2 11 262 647 8236 653
p 2 0 341 579 10529 711
p 2 10 239 671 8116 619
p 2 4 306 610 10919 697
p 2 11 241 668 8249 636
p 2 0 318 602 10456 700
i 2 920 0 0 29711 4054
p 2 0 901 19 6877 1181
p 2 0 890 30 6478 1135
p 2 13 846 61 18646 1331
p 2 0 882 38 8980 1188
p 2 0 885 35 9657 1218
p 2 2 864 54 18771 1381
p 2 0 897 23 9030 1224
p 2 0 878 42 9427 1210
p 2 10 846 64 19296 1411
p 2 0 873 47 9485 1221
p 2 0 867 53 9826 1218
p 2 3 881 36 19150 1410
p 2 0 884 36 9468 1230
p 2 0 882 38 9723 1222
p 2 3 863 54 20327 1409
p 2 0 888 32 10004 1248
p 2 0 890 30 9463 1243
p 2 4 879 37 19458 1419
p 2 0 874 46 9374 1219
p 2 0 894 26 9958 1231
p 2 13 862 45 12118 1408
p 2 0 877 43 7311 1199
p 2 0 891 29 7730 1208
p 2 0 860 60 9622 1218
p 2 0 897 23 7494 1196
p 2 0 836 84 7678 1163
p 2 0 835 85 9760 1191
p 2 0 854 66 7405 1175
p 2 0 847 73 7733 1170
p 2 0 859 61 9661 1230
p 2 0 851 69 7544 1165
p 2 0 889 31 7895 1191
p 2 0 851 69 10047 1200
p 2 0 873 47 7189 1170
p 2 0 871 49 7645 1180
p 2 0 870 50 9516 1218
p 2 0 867 53 7595 1176
p 2 0 866 54 7754 1164
p 2 0 839 81 9728 1195
p 2 0 853 67 7456 1158
p 2 0 862 58 7639 1165
p 2 0 855 65 9417 1220
p 2 0 858 62 7284 1159
p 2 0 851 69 7527 1165
p 2 0 828 92 9728 1187
p 2 0 871 49 7220 1172
p 2 0 826 94 7413 1143
p 2 14 844 62 19790 1391
p 2 0 847 73 9716 1204
p 2 0 862 58 10094 1214
p 2 5 836 79 20812 1390
p 2 0 859 61 9701 1185
p 2 0 856 64 9850 1207
p 2 4 865 51 21332 1430
p 2 0 855 65 9816 1217
p 2 0 877 43 10318 1244
p 2 5 849 66 21086 1446
p 2 0 873 47 9693 1220
p 2 0 847 73 10231 1220
p 2 10 856 54 20972 1466
p 2 0 854 66 9928 1218
p 2 0 870 50 10211 1223
p 2 1 838 81 21103 1404
p 2 0 869 51 9818 1226
p 2 0 818 102 10314 1194
p 2 6 833 81 21110 1432
p 2 0 871 49 10108 1238
p 2 0 863 57 10431 1237
p 2 3 814 103 21070 1402
p 2 0 856 64 9773 1236
p 2 0 842 78 10342 1220
p 2 9 837 74 21487 1447
p 2 0 859 61 9924 1220
p 2 0 855 65 10449 1212
p 2 3 838 79 20917 1421
p 2 0 870 50 9835 1228
p 2 0 852 68 10467 1230
p 2 6 855 59 22132 1457
p 2 0 850 70 10326 1241
p 2 0 872 48 10718 1242
p 2 3 850 67 21167 1428
p 2 0 858 62 9910 1210
p 2 0 839 81 10576 1214
p 2 9 856 55 21583 1471
p 2 0 849 71 10317 1229
p 2 0 859 61 10722 1236
p 2 3 815 102 21105 1402
p 2 0 847 73 9901 1216
p 2 0 840 80 10458 1205
p 2 10 852 58 21164 1461
p 2 0 835 85 10587 1224
p 2 0 841 79 9923 1193
p 2 4 833 83 21416 1412
p 2 0 866 54 10159 1233
p 2 0 853 67 10480 1229
p 2 15 837 68 12679 1442
p 2 0 854 66 7392 1188
p 2 0 848 72 8074 1188
p 2 0 836 84 10380 1217
p 2 0 856 64 8003 1198
p 2 0 852 68 8240 1204
p 2 0 844 76 10076 1232
p 2 0 853 67 7749 1183
p 2 0 848 72 7889 1174
p 2 0 837 83 10178 1206
p 2 0 848 72 7914 1184
p 2 0 831 89 8073 1161
p 2 0 826 94 9935 1197
p 2 0 847 73 7613 1176
p 2 0 832 88 7970 1156
p 2 0 812 108 10427 1199
p 2 0 841 79 7963 1182
p 2 0 830 90 8129 1173
p 2 0 853 67 10189 1211
p 2 0 846 74 7699 1169
p 2 0 859 61 8121 1175
p 2 0 832 88 10450 1221
p 2 0 846 74 7760 1164
p 2 0 834 86 8138 1170
p 2 0 848 72 10127 1238
p 2 0 851 69 7605 1170
p 2 0 849 71 8184 1173
p 2 0 847 73 10565 1233
p 2 0 854 66 8037 1182
p 2 0 847 73 8068 1184
p 2 0 853 67 9970 1219
p 2 0 834 86 7643 1166
p 2 0 842 78 8102 1190
p 2 0 814 106 10435 1208
p 2 0 831 89 8147 1178
p 2 0 828 92 7511 1146
p 2 15 819 86 20523 1394
p 2 0 846 74 10166 1225
p 2 0 842 78 10736 1229
p 2 5 812 103 21317 1432
p 2 0 867 53 9388 1227
p 2 0 847 73 10466 1230
p 2 4 858 58 21899 1438
p 2 0 868 52 10337 1245
p 2 0 836 84 10846 1230
p 2 3 834 83 21349 1429
p 2 0 848 72 10222 1234
p 2 0 834 86 10572 1219
p 2 11 831 78 21134 1458
p 2 0 827 93 10159 1205
p 2 0 845 75 10871 1242
p 2 3 839 78 21277 1436
p 2 0 852 68 10097 1217
p 2 0 842 78 10614 1236
p 2 7 793 120 21215 1411
p 2 0 822 98 10351 1209
p 2 0 853 67 10625 1245
p 2 3 829 88 21307 1424
p 2 0 852 68 9807 1233
p 2 0 847 73 10511 1224
p 2 4 859 57 21823 1440
i 2 920 0 0 31979 4064
p 2 2 901 17 9407 1350
p 2 0 902 18 9920 1362
p 2 1 874 45 9775 1333
p 2 0 904 16 9868 1382
p 2 0 866 54 10156 1365
p 2 14 885 21 11809 1492
p 2 0 916 4 9811 1429
p 2 0 892 28 10201 1433
p 2 0 899 21 11294 1457
p 2 0 895 25 9698 1399
p 2 0 912 8 10160 1425
p 2 0 849 71 11664 1409
p 2 0 907 13 9818 1413
p 2 0 864 56 9749 1364
p 2 0 893 27 11623 1433
p 2 0 875 45 10920 1414
p 2 0 890 30 10880 1394
p 2 11 841 68 13671 1503
p 2 0 904 16 11159 1397
p 2 1 866 53 11063 1367
p 2 20 864 36 12921 1445
p 2 0 878 42 10693 1356
p 2 1 882 37 10340 1362
p 2 2 851 67 12147 1405
p 2 0 903 17 10672 1364
p 2 0 879 41 11231 1323
p 2 0 884 36 12525 1397
p 2 0 882 38 10845 1359
p 2 0 886 34 10861 1364
p 2 0 872 48 10944 1336
p 2 1 883 36 10916 1374
p 2 0 863 57 10956 1353
p 2 0 913 7 12393 1461
p 2 0 880 40 11021 1368
p 2 0 890 30 11207 1383
p 2 5 870 45 13286 1445
p 2 1 856 63 11541 1355
p 2 0 896 24 11127 1368
p 2 1 885 34 11269 1372
p 2 0 911 9 11492 1380
p 2 1 876 43 11253 1368
p 2 1 893 26 11552 1375
p 2 2 889 29 11454 1384
p 2 0 888 32 11394 1366
p 2 0 865 55 11838 1338
p 2 0 892 28 12036 1408
p 2 0 886 34 11901 1374
p 2 0 907 13 11464 1399
p 2 0 869 51 11506 1365
p 2 0 893 27 11359 1389
p 2 11 880 29 12904 1432
p 2 0 897 23 11552 1397
p 2 0 886 34 11582 1414
p 2 0 900 20 12528 1460
p 2 0 887 33 11608 1421
p 2 0 908 12 11740 1414
p 2 0 877 43 13028 1472
p 2 0 898 22 11778 1407
p 2 0 888 32 11394 1439
p 2 8 896 16 12220 1442
p 2 2 899 19 11263 1420
p 2 0 912 8 11003 1417
p 2 7 883 30 12128 1454
p 2 0 904 16 10516 1401
p 2 0 895 25 10764 1391
p 2 0 903 17 11436 1435
p 2 0 893 27 10677 1446
p 2 0 893 27 10624 1410
p 2 2 893 25 11299 1431
p 2 0 889 31 10245 1392
p 2 0 888 32 10256 1372
p 2 0 887 33 10829 1397
p 2 0 885 35 10425 1387
p 2 0 885 35 10450 1354
p 2 0 879 41 10648 1387
p 2 0 887 33 10437 1367
p 2 0 876 44 10379 1373
p 2 0 889 31 10990 1401
p 2 0 862 58 10147 1349
p 2 0 871 49 10189 1352
p 2 7 856 57 10898 1403
p 2 0 866 54 10575 1357
i 2 920 0 0 33266 4093
p 2 0 275 645 581 470
p 2 0 282 638 512 460
p 2 172 492 256 31363 2108
p 2 0 443 477 1202 672
p 2 0 164 756 462 346
p 2 97 555 268 24997 1778
p 2 0 336 584 1195 591
p 2 0 277 643 666 447
p 2 55 512 353 26077 1560
p 2 0 348 572 1206 565
p 2 0 182 738 505 366
p 2 1 146 773 2431 377
p 2 0 107 813 414 293
p 2 0 108 812 419 297
p 2 0 98 822 2051 323
p 2 0 113 807 445 301
p 2 0 54 866 326 247
p 2 0 59 861 2029 300
p 2 0 39 881 329 236
p 2 0 26 894 304 224
p 2 2 39 879 2269 287
p 2 0 30 890 309 229
p 2 0 11 909 235 208
p 2 1 67 852 1965 303
p 2 0 37 883 318 235
p 2 0 25 895 268 220
p 2 0 43 877 2331 279
p 2 0 70 850 420 268
p 2 0 39 881 299 232
p 2 0 41 879 2176 283
p 2 0 27 893 299 226
p 2 0 13 907 236 211
p 2 2 30 888 2144 274
p 2 0 25 895 310 225
p 2 0 10 910 230 208
p 2 1 39 880 2030 283
p 2 0 25 895 308 224
p 2 0 10 910 232 207
p 2 0 33 887 2000 268
p 2 0 30 890 293 228
p 2 0 14 906 234 211
p 2 1 37 882 1902 274
p 2 0 33 887 303 229
p 2 0 12 908 242 210
p 2 0 38 882 2107 280
p 2 0 31 889 336 230
p 2 0 18 902 256 215
p 2 0 45 875 2303 281
p 2 0 25 895 293 222
p 2 0 19 901 242 212
p 2 0 29 891 1963 262
p 2 0 25 895 297 224
p 2 0 6 914 223 204
p 2 1 34 885 1982 278
p 2 0 28 892 306 228
p 2 0 14 906 250 212
p 2 0 34 886 2034 269
p 2 0 25 895 292 223
p 2 0 10 910 236 208
p 2 0 33 887 1850 270
p 2 0 27 893 305 227
p 2 0 12 908 230 209
p 2 2 34 884 2585 283
p 2 0 27 893 313 225
p 2 0 16 904 248 212
p 2 1 33 886 2259 277
p 2 0 24 896 285 222
p 2 0 10 910 233 209
p 2 0 30 890 1936 264
p 2 0 23 897 290 222
p 2 0 10 910 231 207
p 2 1 36 883 1982 278
p 2 0 28 892 292 226
p 2 0 13 907 235 210
p 2 0 34 886 1741 271
p 2 0 32 888 308 231
p 2 0 14 906 240 211
p 2 0 31 889 1965 262
p 2 0 22 898 293 220
p 2 0 15 905 249 213
p 2 0 41 879 2405 281
p 2 0 27 893 305 225
p 2 0 14 906 241 211
p 2 0 28 892 1594 250
p 2 0 20 900 265 218
p 2 0 10 910 233 208
p 2 0 20 900 1140 236
p 2 0 19 901 265 218
p 2 0 10 910 230 208
p 2 0 24 896 1372 246
p 2 1 28 891 919 249
p 2 0 13 907 253 212
p 2 0 34 886 1730 270
p 2 0 27 893 304 227
i 2 920 0 0 31870 4124
p 2 0 706 214 7246 1053
p 2 0 852 68 8474 1168
p 2 1 722 197 13412 1232
p 2 0 682 238 8211 1078
p 2 0 669 251 8095 1066
p 2 2 660 258 13162 1198
p 2 0 616 304 8363 1056
p 2 0 669 251 8354 1067
p 2 0 662 258 12864 1184
p 2 0 641 279 8357 1051
p 2 0 634 286 8181 1050
p 2 20 647 253 14936 1305
p 2 0 699 221 8175 1095
p 2 0 698 222 8616 1104
p 2 12 679 229 14905 1310
p 2 0 701 219 8838 1114
p 2 0 700 220 8945 1119
p 2 12 717 191 15211 1338
p 2 0 686 234 8537 1067
p 2 0 669 251 8835 1069
p 2 13 674 233 15506 1309
p 2 0 712 208 8121 1110
p 2 0 692 228 8837 1088
p 2 27 675 218 13878 1352
p 2 0 657 263 7682 1069
p 2 0 624 296 7991 1020
p 2 37 623 260 15109 1324
p 2 0 706 214 8222 1105
p 2 0 686 234 8520 1078
p 2 36 710 174 26968 1768
p 2 0 713 207 8067 1168
p 2 0 658 262 7952 1083
p 2 40 682 198 24851 1684
p 2 0 688 232 7540 1110
p 2 0 660 260 7702 1045
p 2 53 666 201 26164 1768
p 2 0 674 246 7554 1087
p 2 0 713 207 7589 1074
p 2 38 688 194 23301 1647
p 2 0 681 239 6893 1096
p 2 0 609 311 6620 976
p 2 16 652 252 14314 1222
p 2 0 583 337 6467 944
p 2 0 629 291 6710 971
p 2 0 581 339 12066 1031
p 2 0 602 318 6513 941
p 2 0 549 371 6457 899
p 2 1 575 344 11862 1046
p 2 0 553 367 6623 915
p 2 0 583 337 6387 920
p 2 0 546 374 11358 987
p 2 0 618 302 6461 953
p 2 0 592 328 7620 956
p 2 0 563 357 11360 1001
p 2 6 553 361 6811 944
p 2 0 581 339 6472 904
p 2 1 560 359 11946 1009
p 2 0 564 356 6180 904
p 2 0 562 358 6243 887
p 2 1 637 282 11789 1068
p 2 0 545 375 5851 886
p 2 0 592 328 6379 904
p 2 0 573 347 10776 963
p 2 0 582 338 5974 905
p 2 0 557 363 6270 876
p 2 0 601 319 10189 991
p 2 0 546 374 5653 873
p 2 0 546 374 5789 868
p 2 0 543 377 10829 942
p 2 0 567 353 5544 885
p 2 0 546 374 5374 847
p 2 0 306 614 7624 614
p 2 0 147 773 620 333
p 2 0 110 810 403 292
p 2 2 158 760 8344 511
p 2 0 92 828 471 286
p 2 0 112 808 424 292
i 2 920 0 0 25138 3667
p 2 1 861 58 5926 1200
p 2 0 882 38 4806 1217
p 2 170 709 41 27611 2471
p 2 2 870 48 7634 1348
p 2 2 822 96 6202 1267
p 2 215 660 45 27311 2516
p 2 4 827 89 7639 1330
p 2 1 827 92 7538 1300
p 2 270 598 52 26830 2648
p 2 1 849 70 8126 1372
p 2 2 798 120 7734 1277
p 2 21 846 53 13618 1540
p 2 0 822 98 8822 1306
p 2 1 856 63 9225 1361
p 2 23 788 109 15672 1510
p 2 3 874 43 10605 1406
p 2 1 857 62 10059 1370
p 2 1 884 35 16254 1532
p 2 0 846 74 10356 1375
p 2 1 893 26 10637 1420
p 2 2 831 87 17994 1523
p 2 1 876 43 12133 1489
p 2 5 871 44 13573 1522
p 2 18 660 242 13556 1430
p 2 2 559 359 6082 1064
p 2 2 468 450 5939 922
p 2 22 578 320 13827 1252
p 2 4 451 465 5117 857
p 2 2 465 453 11621 967
p 2 1 457 462 6671 830
p 2 0 438 482 10838 865
p 2 0 384 536 5426 686
p 2 1 454 465 12424 945
p 2 1 370 549 5499 705
p 2 1 415 504 11404 888
p 2 1 385 534 7201 755
p 2 1 410 509 11227 868
p 2 0 323 597 5478 651
p 2 12 405 503 12840 947
p 2 0 399 521 5513 737
p 2 2 299 619 5562 647
p 2 19 432 469 14276 1042
p 2 2 379 539 5759 745
p 2 4 290 626 5679 682
p 2 2 470 448 13163 1029
p 2 0 404 516 5799 808
p 2 0 343 577 5692 725
p 2 2 491 427 12918 1064
p 2 0 433 487 6176 842
p 2 0 405 515 6050 807
p 2 5 475 440 12444 1087
p 2 0 404 516 6341 818
p 2 0 325 595 6337 733
p 2 6 496 418 14040 1089
p 2 4 435 481 6556 862
p 2 1 379 540 6547 796
p 2 18 462 440 14636 1104
p 2 0 445 475 6927 822
i 2 920 0 0 55475 5087
p 2 350 568 2 34703 3583
p 2 402 518 0 72347 4312
p 2 263 655 2 43540 3356
p 2 338 582 0 78993 3961
p 2 266 652 2 40600 3296
p 2 339 581 0 84469 4014
p 2 194 716 10 57491 3189
p 2 203 711 6 73515 3304
p 2 187 731 2 62431 3126
p 2 199 721 0 68622 3280
p 2 185 733 2 52171 3040
p 2 216 704 0 68164 3358
p 2 187 733 0 50078 3116
p 2 187 733 0 69637 3379
p 2 196 724 0 49497 3214
p 2 214 706 0 68615 3348
p 2 204 716 0 54451 3293
p 2 243 674 3 63673 3499
p 2 213 707 0 53364 3298
p 2 197 723 0 69442 3381
p 2 204 716 0 59109 3302
p 2 224 695 1 65320 3455
p 2 250 670 0 58056 3497
p 2 216 704 0 66152 3437
p 2 218 702 0 63403 3388
p 2 212 706 2 69754 3395
p 2 241 679 0 59232 3417
p 2 186 734 0 65736 3253
p 2 250 670 0 60601 3444
p 2 182 737 1 61512 3304
p 2 204 716 0 62813 3298
p 2 211 709 0 63940 3332
p 2 204 716 0 54408 3226
p 2 249 671 0 59708 3479
p 2 186 734 0 51247 3223
p 2 201 714 5 58824 3258
p 2 174 744 2 56064 3118
p 2 168 750 2 63304 3129
p 2 183 733 4 53261 3136
p 2 201 717 2 59352 3295
p 2 211 706 3 50903 3264
p 2 187 729 4 60935 3242
p 2 191 729 0 59226 3151
p 2 189 728 3 63868 3191
p 2 154 764 2 53624 2974
p 2 175 742 3 59394 3094
i 2 920 0 0 36234 4025
p 2 23 420 477 8709 934
p 2 63 528 329 19686 1337
p 2 101 363 456 17360 1341
p 2 114 458 348 31863 1692
p 2 110 505 305 33248 1854
p 2 51 595 274 36744 1736
p 2 1 596 323 17896 1134
p 2 14 664 242 32163 1465
p 2 0 583 337 13548 1033
p 2 29 624 267 28718 1446
p 2 0 562 358 13905 978
p 2 19 632 269 31367 1397
p 2 0 588 332 14615 963
p 2 32 564 324 29605 1436
p 2 0 504 416 12610 876
p 2 21 556 343 31642 1365
p 2 0 566 354 11605 915
p 2 28 535 357 29131 1337
p 2 0 503 417 11609 864
p 2 15 601 304 31786 1367
p 2 0 543 377 11250 863
p 2 28 574 318 30045 1393
p 2 0 505 415 10490 838
p 2 19 594 307 31757 1389
p 2 0 536 384 9819 860
p 2 33 550 337 28821 1370
p 2 0 483 437 8643 785
p 2 18 578 324 32027 1360
p 2 0 501 419 7614 788
p 2 28 553 339 29534 1383
p 2 0 441 479 6413 731
p 2 19 575 326 31558 1369
p 2 0 429 491 4677 714
p 2 28 541 351 29441 1325
p 2 0 427 493 3379 692
p 2 17 599 304 32539 1374
p 2 0 423 497 2081 641
p 2 29 566 325 30123 1374
p 2 0 369 551 1544 594
p 2 19 595 306 32081 1380
p 2 0 396 524 1554 644
p 2 29 555 336 29826 1341
p 2 0 379 541 1525 610
p 2 19 573 328 32543 1348
p 2 0 387 533 1554 602
p 2 27 551 342 30236 1369
p 2 0 366 554 1503 592
p 2 19 579 322 32039 1374
p 2 0 369 551 1544 616
p 2 29 535 356 29764 1326
p 2 0 392 528 1527 619
p 2 18 569 333 32577 1344
p 2 0 383 537 1498 599
p 2 29 540 351 30066 1354
p 2 0 390 530 1552 617
p 2 18 574 328 32120 1365
p 2 0 376 544 1523 617
p 2 27 542 351 29976 1337
p 2 0 361 559 1511 596
p 2 19 561 340 32488 1345
p 2 0 370 550 1556 595
p 2 29 531 360 30142 1351
p 2 0 368 552 1481 592
p 2 19 568 333 31979 1359
p 2 0 375 545 1544 621
p 2 29 537 354 29918 1339
p 2 0 348 572 1386 567
p 2 19 576 325 32529 1357
p 2 0 362 558 1474 585
p 2 27 542 351 30291 1359
p 2 0 376 544 1547 598
p 2 19 588 313 31916 1379
p 2 0 378 542 1455 613
p 2 28 543 349 29921 1328
p 2 0 356 564 1457 584
p 2 19 566 335 32550 1353
p 2 0 365 555 1452 574
p 2 28 546 346 30228 1364
p 2 0 355 565 1392 570
p 2 19 585 316 32127 1376
p 2 0 373 547 1594 618
p 2 29 535 356 30002 1340
p 2 0 356 564 1515 586
p 2 19 565 336 32606 1348
p 2 0 349 571 1489 579
p 2 29 529 362 30078 1354
p 2 0 341 579 1453 571
p 2 19 566 335 32040 1349
p 2 0 369 551 1478 616
p 2 28 531 361 30087 1333
p 2 0 361 559 1455 586
p 2 18 561 341 32615 1341
p 2 0 372 548 1492 596
p 2 29 551 340 30211 1363
p 2 0 346 574 1500 576
p 2 18 574 328 32114 1363
p 2 0 358 562 1462 597
p 2 27 525 368 30126 1321
p 2 0 372 548 1459 601
p 2 19 565 336 32524 1347
p 2 0 367 553 1507 582
p 2 29 531 360 30096 1355
p 2 0 337 583 1408 560
p 2 19 579 322 32021 1370
p 2 0 371 549 1497 610
p 2 27 545 348 29973 1339
p 2 0 363 557 1458 591
p 2 19 564 337 32520 1350
p 2 0 357 563 1390 570
i 2 920 0 0 38165 4017
p 2 0 232 688 539 418
p 2 221 411 288 32522 2190
p 2 0 302 618 930 508
p 2 320 342 258 53383 2753
p 2 0 238 682 953 444
p 2 0 219 701 5003 440
p 2 2 522 396 24339 966
p 2 0 403 517 5730 649
p 2 0 198 722 756 383
p 2 2 488 430 24953 941
p 2 0 337 583 1562 545
p 2 0 203 717 4866 431
p 2 5 464 451 21641 912
p 2 0 342 578 5714 599
p 2 0 161 759 717 354
p 2 5 466 449 25464 919
p 2 0 330 590 1546 540
p 2 0 170 750 4828 401
p 2 2 463 455 22442 881
p 2 0 329 591 5594 574
p 2 0 150 770 688 342
p 2 2 464 454 24599 929
p 2 0 298 622 1417 505
p 2 0 153 767 4660 380
p 2 246 311 363 52121 2444
p 2 0 302 618 3996 535
p 2 0 163 757 600 357
p 2 151 413 356 53610 2199
p 2 0 333 587 1389 564
p 2 0 200 720 3841 417
p 2 154 403 363 52651 2199
p 2 0 372 548 3516 615
p 2 0 218 702 778 407
p 2 1 482 437 24711 924
p 2 0 357 563 1684 577
p 2 0 183 737 2609 385
p 2 1 436 483 20890 829
p 2 0 352 568 3427 557
p 2 0 180 740 710 364
p 2 6 453 461 22313 871
p 2 0 301 619 1454 513
p 2 0 163 757 2463 358
p 2 8 420 492 21093 837
p 2 0 311 609 3404 533
p 2 0 156 764 712 346
p 2 6 435 479 22295 852
p 2 0 278 642 1337 484
p 2 0 136 784 2515 338
p 2 8 416 496 21157 831
p 2 0 288 632 3307 514
p 2 0 130 790 604 319
p 2 1 440 479 22288 833
p 2 0 304 616 1469 511
p 2 0 124 796 2427 325
p 2 1 427 492 20870 819
p 2 0 284 636 3315 503
p 2 0 115 805 552 304
i 2 920 0 0 27232 3764
p 2 0 155 765 359 317
p 2 0 62 858 262 247
p 2 132 693 95 22850 1890
p 2 0 506 414 1092 705
p 2 0 230 690 464 370
p 2 191 611 118 17208 1939
p 2 0 424 496 907 605
p 2 0 251 669 496 400
i 2 920 0 0 26445 3779
p 2 0 192 728 427 350
p 2 0 133 787 350 298
p 2 245 583 92 24992 2460
p 2 0 422 498 1111 640
p 2 0 264 656 746 449
p 2 99 729 92 21792 1968
p 2 0 499 421 1410 744
p 2 0 326 594 714 487
p 2 118 700 102 22860 2042
p 2 0 491 429 1403 734
p 2 0 265 655 634 445
p 2 0 205 715 498 375
p 2 0 155 765 455 337
p 2 0 87 833 345 275
p 2 0 60 860 280 246
p 2 0 58 862 259 243
p 2 0 45 875 264 235
p 2 0 39 881 248 228
p 2 0 34 886 256 226
p 2 0 33 887 260 228
p 2 17 96 807 2247 410
p 2 1 174 745 1468 430
p 2 3 400 517 2902 744
p 2 12 544 364 5056 1004
p 2 11 684 225 5911 1263
p 2 15 829 76 6793 1420
p 2 28 789 103 8633 1640
p 2 3 547 370 3320 871
p 2 4 461 455 2968 760
p 2 5 445 470 3845 731
p 2 0 374 546 3055 640
p 2 0 377 543 3219 652
p 2 9 336 575 4576 699
p 2 0 344 576 3087 630
p 2 0 276 644 2938 569
p 2 3 348 569 3791 660
p 2 4 285 631 2801 585
p 2 1 296 623 2789 567
p 2 3 264 653 2807 548
p 2 3 287 630 3043 574
p 2 1 276 643 3795 607
p 2 1 292 627 3149 608
p 2 1 259 660 3052 553
p 2 2 274 644 2902 579
p 2 3 266 651 2660 551
p 2 1 282 637 2654 554
p 2 1 225 694 2708 498
p 2 2 295 623 3045 571
p 2 2 239 679 2912 531
p 2 0 282 638 3177 582
p 2 2 246 672 3064 544
p 2 1 301 618 2935 578
p 2 3 219 698 2679 509
p 2 4 303 613 2649 569
p 2 3 252 665 2763 526
p 2 0 309 611 2985 564
p 2 1 217 702 2977 513
p 2 0 315 605 3097 600
p 2 1 242 677 2913 542
p 2 0 287 633 2921 576
p 2 2 219 699 2862 514
i 2 920 0 0 99146 4796
p 2 0 920 0 32146 1591
p 2 0 920 0 39750 1647
p 2 0 920 0 38652 1650
p 2 0 920 0 40739 1661
p 2 0 920 0 39040 1652
p 2 0 920 0 40197 1656
p 2 0 920 0 38743 1643
p 2 0 920 0 39645 1654
p 2 0 920 0 38731 1651
p 2 0 920 0 39859 1664
p 2 0 920 0 38703 1649
p 2 0 920 0 37954 1645
p 2 0 920 0 38063 1640
p 2 0 920 0 37402 1639
p 2 1 919 0 39067 1658
p 2 0 920 0 37135 1632
p 2 0 920 0 37956 1639
p 2 0 920 0 37056 1642
p 2 0 920 0 38365 1654
p 2 0 920 0 36487 1631
p 2 0 920 0 37516 1640
p 2 0 920 0 36302 1628
p 2 0 920 0 37642 1649
p 2 0 920 0 36216 1634
p 2 0 920 0 37877 1632
p 2 5 915 0 36417 1683
p 2 7 913 0 37195 1703
p 2 0 920 0 35037 1650
p 2 0 920 0 36213 1639
p 2 0 920 0 34443 1627
p 2 0 920 0 35770 1634
p 2 0 920 0 34573 1634
p 2 0 920 0 35758 1645
p 2 0 920 0 33785 1634
p 2 0 920 0 34791 1630
p 2 0 920 0 33540 1627
p 2 0 920 0 35247 1645
p 2 0 920 0 33579 1621
p 2 0 920 0 34530 1633
p 2 0 920 0 33477 1637
p 2 0 920 0 34660 1651
p 2 0 920 0 33165 1641
p 2 0 920 0 34142 1645
p 2 0 920 0 32617 1636
p 2 0 920 0 33706 1637
p 2 0 920 0 32093 1633
p 2 0 920 0 33113 1640
p 2 0 920 0 32252 1640
p 2 0 920 0 34018 1648
p 2 0 920 0 31475 1634
p 2 0 920 0 32179 1646
p 2 0 920 0 31213 1625
p 2 0 920 0 32583 1647
p 2 0 920 0 30698 1628
p 2 0 920 0 31559 1645
p 2 0 920 0 30517 1634
p 2 0 920 0 31520 1641
p 2 0 920 0 29922 1635
p 2 0 920 0 30497 1641
p 2 0 920 0 29667 1628
p 2 0 920 0 30519 1637
p 2 0 920 0 29535 1633
p 2 0 920 0 29890 1643
p 2 0 920 0 29080 1635
p 2 0 920 0 29658 1633
p 2 0 920 0 28284 1626
p 2 0 920 0 28890 1629
p 2 0 920 0 28367 1641
p 2 0 920 0 29269 1639
p 2 0 920 0 28280 1633
p 2 0 920 0 27486 1639
i 2 920 0 0 52843 4545
p 2 0 312 608 679 510
p 2 0 265 655 529 447
p 2 0 125 795 720 316
p 2 0 155 765 377 341
p 2 0 61 859 260 246
p 2 0 99 821 673 291
p 2 0 27 893 243 221
p 2 0 47 873 242 237
p 2 0 16 904 734 218
p 2 0 23 897 236 218
p 2 0 7 913 211 205
p 2 0 12 908 788 217
p 2 0 6 914 220 204
p 2 0 7 913 215 204
p 2 0 12 908 869 219
p 2 0 9 911 228 206
p 2 0 7 913 207 201
p 2 0 14 906 939 221
p 2 0 16 904 221 209
p 2 0 3 917 202 200
p 2 1 15 904 1146 227
p 2 0 7 913 223 204
p 2 0 5 915 205 201
p 2 0 11 909 1258 219
p 2 0 8 912 239 207
p 2 0 1 919 200 198
p 2 0 18 902 1260 230
p 2 0 21 899 252 216
p 2 0 12 908 220 207
p 2 0 17 903 1465 232
p 2 0 10 910 250 207
p 2 0 9 911 212 203
p 2 0 17 903 1829 233
p 2 0 17 903 254 214
p 2 0 7 913 212 203
p 2 1 17 902 2131 246
p 2 0 16 904 260 213
p 2 0 5 915 209 201
p 2 3 16 901 2506 253
p 2 0 15 905 257 212
p 2 0 8 912 218 204
p 2 3 20 897 2772 263
p 2 0 20 900 272 217
p 2 0 8 912 218 205
p 2 4 21 895 3033 280
p 2 0 16 904 267 214
p 2 0 8 912 215 204
p 2 2 27 891 3245 276
p 2 0 24 896 315 224
p 2 0 7 913 221 203
p 2 3 31 886 3961 298
p 2 0 31 889 329 230
p 2 0 9 911 223 205
p 2 2 33 885 4687 293
p 2 0 33 887 349 232
p 2 0 10 910 230 206
p 2 6 46 868 5088 330
p 2 0 38 882 359 238
p 2 0 20 900 227 212
p 2 6 40 874 5247 334
p 2 0 40 880 356 238
p 2 0 14 906 241 210
p 2 10 43 867 6109 361
p 2 0 35 885 356 235
p 2 0 11 909 230 206
p 2 14 45 861 6931 405
p 2 0 36 884 379 236
p 2 0 14 906 239 211
p 2 15 52 853 7698 441
p 2 0 46 874 393 246
i 2 920 0 0 31502 3911
p 2 0 558 362 1865 836
p 2 0 639 281 1965 849
p 2 11 604 305 5371 1014
p 2 0 647 273 2034 923
p 2 0 638 282 2073 951
p 2 39 657 224 10485 1383
p 2 0 651 269 2258 1032
p 2 0 655 265 2174 972
p 2 3 671 246 5201 1110
p 2 0 660 260 2124 992
p 2 0 648 272 2120 976
p 2 29 692 199 12425 1399
p 2 0 682 238 2448 1075
p 2 0 661 259 2190 1026
p 2 10 671 239 4556 1153
p 2 0 683 237 2303 1063
p 2 0 658 262 2301 1037
p 2 46 662 212 11045 1410
p 2 0 679 241 2234 1038
p 2 0 682 238 2273 1028
p 2 3 691 226 5106 1105
p 2 0 699 221 2102 1013
p 2 0 672 248 2169 1015
p 2 29 707 184 12405 1373
p 2 0 698 222 2621 1054
p 2 0 684 236 2377 1011
p 2 9 686 225 4801 1150
p 2 0 694 226 2387 1045
p 2 0 681 239 2296 1043
p 2 49 690 181 11182 1434
p 2 0 694 226 2676 1050
p 2 0 694 226 2437 1025
p 2 2 704 214 5492 1132
p 2 0 694 226 2412 1018
p 2 0 684 236 2517 1052
p 2 28 708 184 12843 1395
p 2 0 692 228 2977 1076
p 2 0 686 234 2664 1027
p 2 2 686 232 5780 1125
p 2 0 706 214 2831 1053
p 2 0 702 218 2922 1068
p 2 42 691 187 10653 1415
p 2 0 686 234 2825 1050
p 2 0 691 229 2559 1009
p 2 8 694 218 5931 1150
p 2 0 708 212 2794 1052
p 2 0 689 231 2737 1045
p 2 28 713 179 13097 1400
p 2 0 716 204 3298 1125
p 2 0 696 224 2867 1033
p 2 10 695 215 5342 1166
p 2 0 694 226 2887 1047
p 2 0 695 225 2892 1043
p 2 45 697 178 11933 1453
p 2 0 699 221 3128 1056
p 2 0 700 220 2807 1022
p 2 2 706 212 5813 1129
p 2 0 707 213 2912 1031
p 2 0 681 239 2989 1036
p 2 27 709 184 13239 1401
p 2 0 709 211 3114 1109
p 2 0 701 219 3067 1062
p 2 2 688 230 4674 1120
p 2 0 685 235 2761 1046
p 2 0 663 257 2872 1060
p 2 30 709 181 7737 1352
p 2 0 716 204 2546 1066
p 2 0 713 207 2172 1032
p 2 8 711 201 4707 1152
p 2 0 720 200 2280 1033
p 2 0 697 223 2370 1031
i 2 920 0 0 80760 4418
p 2 0 919 1 28352 1467
p 2 0 916 4 33833 1537
p 2 0 917 3 33567 1524
p 2 0 919 1 34140 1547
p 2 0 917 3 34865 1555
p 2 0 911 9 34386 1544
p 2 0 917 3 35053 1562
p 2 0 920 0 34708 1544
p 2 0 918 2 35278 1560
p 2 0 919 1 35131 1560
p 2 0 912 8 35096 1554
p 2 0 919 1 35319 1573
p 2 0 915 5 35995 1564
p 2 0 919 1 35245 1574
p 2 0 916 4 35650 1577
p 2 0 917 3 35757 1579
p 2 1 916 3 36508 1585
p 2 0 916 4 35778 1588
p 2 1 918 1 36132 1595
p 2 0 917 3 35785 1591
p 2 0 914 6 36732 1583
p 2 0 919 1 35882 1598
p 2 0 920 0 36471 1588
p 2 1 916 3 36286 1588
p 2 0 915 5 37247 1582
p 2 0 917 3 36407 1595
p 2 0 914 6 36538 1588
p 2 0 917 3 36690 1593
p 2 0 916 4 37499 1605
p 2 0 915 5 36678 1599
p 2 0 919 1 36783 1608
p 2 0 918 2 36800 1611
p 2 0 917 3 37562 1612
p 2 0 919 1 36614 1608
p 2 0 918 2 37220 1617
p 2 1 918 1 37061 1634
p 2 0 919 1 37876 1607
p 2 2 916 2 37030 1631
p 2 0 919 1 36827 1616
p 2 0 917 3 37018 1619
p 2 0 919 1 36869 1611
p 2 0 920 0 37751 1606
p 2 0 917 3 36881 1612
p 2 0 920 0 37330 1622
p 2 1 918 1 37106 1632
p 2 0 919 1 37864 1627
p 2 2 916 2 36597 1626
p 2 0 917 3 37283 1627
p 2 0 920 0 37100 1633
p 2 1 917 2 37887 1643
p 2 1 917 2 37139 1638
p 2 0 917 3 37926 1640
i 2 920 0 0 114789 5498
p 2 0 99 821 1698 295
p 2 0 61 859 1608 264
p 2 0 39 881 1841 240
p 2 0 46 874 1749 250
p 2 0 36 884 1743 242
p 2 0 40 880 1736 251
p 2 0 25 895 1610 237
p 2 0 44 876 1709 247
p 2 0 42 878 1727 251
p 2 0 48 872 1860 256
p 2 0 46 874 1917 253
p 2 0 23 897 1891 231
p 2 0 39 881 1950 247
p 2 0 51 869 2099 257
p 2 0 34 886 2170 246
p 2 0 25 895 1945 237
p 2 0 37 883 1974 244
p 2 0 41 879 2404 249
p 2 0 50 870 2222 259
p 2 0 27 893 2092 239
p 2 0 64 856 2268 272
p 2 1 42 877 2161 262
p 2 0 44 876 2301 258
p 2 0 69 851 2506 282
p 2 0 77 843 2312 287
p 2 0 48 872 2352 262
p 2 0 53 867 2466 265
p 2 0 54 866 2586 266
p 2 0 54 866 2771 271
p 2 0 45 875 3066 260
p 2 0 36 884 2721 250
p 2 0 40 880 2587 258
p 2 0 40 880 2782 254
p 2 0 38 882 2577 253
p 2 0 28 892 2638 246
p 2 0 41 879 3078 256
p 2 0 40 880 2730 255
p 2 0 36 884 2677 251
p 2 0 34 886 2845 248
p 2 0 36 884 2243 249
p 2 0 36 884 1907 248
p 2 26 336 558 48096 1155
p 2 0 247 673 2955 479
p 2 18 369 533 47864 1131
p 2 0 340 580 3708 572
p 2 20 427 473 48830 1209
p 2 0 318 602 2176 544
p 2 4 424 492 42959 1031
p 2 0 343 577 4836 645
p 2 8 440 472 43962 1078
p 2 0 359 561 3416 594
p 2 0 208 712 1856 404
p 2 1 336 583 10629 606
p 2 0 144 776 2693 353
p 2 0 202 718 2181 402
p 2 0 259 661 9268 511
p 2 0 223 697 3090 439
p 2 0 88 832 1819 289
p 2 0 203 717 8407 449
p 2 0 204 716 2958 413
p 2 0 162 758 2070 368
p 2 0 76 844 1827 276
p 2 0 135 785 5625 355
p 2 0 140 780 1941 337
p 2 0 248 672 2414 452
p 2 7 258 655 8478 538
p 2 0 184 736 1858 388
p 2 0 151 769 2261 355
p 2 0 101 819 2945 310
p 2 0 66 854 1423 273
p 2 0 74 846 486 269
p 2 1 73 846 3257 284
p 2 0 61 859 699 257
p 2 0 54 866 1054 250
p 2 0 58 862 2848 265
p 2 0 47 873 1726 250
p 2 0 41 879 2078 249
p 2 0 45 875 3293 255
p 2 0 41 879 2245 251
p 2 0 37 883 2210 244
p 2 0 47 873 3266 264
p 2 0 41 879 2143 251
i 2 920 0 0 56205 3953
p 2 0 534 386 3292 692
p 2 0 533 387 4811 699
p 2 1 519 400 20774 896
p 2 0 458 462 6425 699
p 2 0 395 525 6829 632
p 2 0 436 484 20142 810
p 2 0 404 516 6918 646
p 2 0 310 610 6576 562
p 2 0 404 516 21063 815
p 2 0 360 560 7128 624
p 2 0 323 597 7310 591
p 2 0 343 577 8734 605
p 2 0 308 612 7136 557
p 2 0 294 626 6867 557
p 2 0 325 595 8692 609
p 2 0 288 632 6897 556
p 2 0 310 610 7337 570
p 2 2 295 623 8317 572
p 2 0 299 621 7124 548
p 2 0 263 657 6746 535
p 2 0 274 646 8829 559
p 2 0 261 659 6101 518
p 2 0 268 652 6609 529
p 2 2 293 625 7190 566
p 2 0 293 627 5411 529
p 2 0 298 622 5443 551
p 2 0 299 621 8277 578
p 2 0 292 628 6529 548
p 2 0 296 624 7200 557
p 2 0 267 653 8248 541
p 2 0 257 663 6983 517
p 2 0 256 664 6751 521
p 2 0 256 664 8547 543
p 2 0 267 653 6493 526
p 2 0 254 666 6990 521
p 2 0 259 661 8276 537
p 2 0 257 663 6822 522
p 2 0 262 658 6877 525
p 2 0 256 664 8587 553
p 2 0 275 645 6959 540
p 2 0 280 640 7332 548
p 2 0 270 650 8669 538
p 2 0 276 644 7186 538
p 2 0 276 644 6905 540
p 2 0 255 665 8313 540
p 2 0 255 665 6237 518
p 2 0 248 672 6419 513
p 2 0 286 634 7192 552
p 2 0 277 643 5371 518
p 2 0 272 648 5475 518
p 2 0 292 628 7866 566
p 2 0 299 621 6449 552
p 2 0 304 616 7110 558
p 2 1 272 647 8318 557
p 2 0 292 628 6945 548
p 2 0 265 655 6916 537
p 2 0 278 642 8815 568
p 2 0 299 621 6849 549
p 2 0 282 638 7228 545
p 2 0 263 657 8362 538
p 2 0 267 653 7016 534
p 2 0 254 666 6787 523
p 2 0 262 658 8590 551
p 2 0 254 666 6622 513
p 2 0 261 659 6927 523
p 2 2 253 665 7734 532
p 2 0 267 653 6712 523
p 2 0 243 677 6504 509
p 2 0 260 660 8220 530
p 2 0 251 669 5967 509
p 2 0 258 662 6238 517
p 2 2 250 668 7107 525
p 2 0 259 661 5270 506
p 2 0 257 663 5492 509
p 2 0 256 664 8304 534
p 2 0 257 663 6423 516
p 2 0 260 660 7016 525
p 2 1 247 672 8209 532
p 2 0 251 669 7131 521
p 2 0 259 661 6816 526
p 2 1 246 673 8517 545
p 2 0 258 662 6830 519
p 2 0 246 674 7270 525
p 2 0 255 665 8280 531
p 2 0 248 672 7053 510
p 2 0 259 661 6879 524
p 2 0 248 672 8566 549
p 2 0 263 657 7260 530
p 2 0 248 672 8169 533
p 2 0 252 668 9586 558
p 2 0 252 668 8535 548
p 2 0 275 645 8106 549
p 2 2 377 541 21504 771
p 2 0 342 578 5945 594
p 2 0 285 635 6097 543
p 2 2 394 524 20465 759
p 2 0 322 598 4981 559
p 2 0 301 619 5580 532
p 2 4 405 511 21309 808
p 2 0 368 552 7397 639
p 2 0 323 597 7067 582
p 2 0 337 583 8496 601
p 2 0 286 634 6859 540
p 2 0 273 647 6913 541
p 2 0 293 627 8724 575
p 2 0 277 643 6826 537
p 2 0 286 634 7386 544
p 2 1 264 655 8380 551
p 2 0 264 656 7306 526
p 2 0 266 654 6943 534
p 2 0 270 650 8776 562
p 2 0 270 650 6982 536
p 2 0 253 667 7423 522
p 2 2 255 663 8325 544
p 2 0 280 640 7233 538
p 2 0 249 671 6854 517
p 2 0 259 661 8626 545
p 2 0 259 661 6181 517
p 2 0 257 663 6417 518
p 2 2 261 657 7046 539
p 2 0 268 652 5235 513
p 2 0 265 655 5386 518
p 2 0 254 666 7854 539
p 2 0 281 639 6188 535
p 2 0 257 663 6927 524
p 2 1 263 656 8050 540
p 2 0 252 668 7050 511
p 2 0 256 664 6762 523
p 2 1 254 665 8753 549
p 2 0 276 644 6862 540
p 2 0 262 658 7369 532
p 2 0 264 656 8379 536
p 2 0 262 658 7190 524
p 2 0 265 655 6991 533
p 2 0 254 666 8834 549
p 2 0 279 641 6997 545
p 2 0 255 665 7326 528
p 2 0 271 649 8466 543
p 2 0 258 662 7137 522
p 2 0 267 653 6624 533
p 2 0 259 661 8341 544
p 2 0 270 650 6524 526
p 2 0 263 657 5902 502
p 2 0 259 661 7856 540
p 2 0 251 669 4871 498
p 2 0 276 644 6069 533
p 2 0 287 633 7540 547
p 2 0 254 666 6613 512
p 2 0 279 641 6600 534
p 2 0 259 661 8743 555
p 2 0 284 636 6658 535
p 2 0 249 671 6733 508
p 2 0 271 649 7747 538
p 2 0 253 667 6788 524
p 2 0 267 653 6658 522
p 2 0 251 669 8392 536
p 2 0 258 662 6626 518
p 2 0 250 670 6956 518
p 2 0 288 632 8280 558
p 2 0 260 660 7113 524
p 2 0 274 646 6824 534
p 2 2 291 627 9054 588
p 2 0 278 642 6620 529
p 2 0 266 654 7022 526
p 2 0 248 672 8007 526
p 2 0 246 674 6635 513
p 2 0 240 680 5688 497
p 2 2 239 679 7272 523
p 2 0 240 680 4789 495
p 2 0 236 684 6021 502
p 2 0 247 673 7644 514
p 2 0 246 674 6674 504
p 2 0 240 680 6796 509
p 2 0 241 679 8435 532
p 2 0 243 677 6758 509
p 2 0 260 660 7159 525
p 2 0 247 673 8162 536
p 2 0 259 661 7210 528
i 2 920 0 0 87734 5295
p 2 0 128 792 827 331
p 2 0 60 860 933 267
p 2 9 91 820 6489 394
p 2 0 84 836 1198 292
p 2 0 66 854 1187 272
p 2 3 89 828 5860 363
p 2 0 84 836 941 293
p 2 0 61 859 838 266
p 2 7 91 822 5861 395
p 2 0 78 842 942 287
p 2 0 59 861 838 268
p 2 3 89 828 4473 348
p 2 0 68 852 877 276
p 2 0 46 874 756 250
p 2 7 67 846 4270 347
p 2 0 74 846 860 278
p 2 0 50 870 659 253
p 2 3 75 842 4322 333
p 2 0 68 852 719 272
p 2 0 55 865 635 256
p 2 5 67 848 4106 338
p 2 0 55 865 563 260
p 2 0 30 890 296 223
p 2 3 49 868 3940 299
p 2 0 29 891 321 228
p 2 0 18 902 255 214
p 2 5 34 881 3838 299
p 2 0 23 897 291 220
p 2 0 6 914 222 203
p 2 3 34 883 3869 285
p 2 0 23 897 321 222
p 2 0 13 907 248 210
p 2 6 30 884 3817 297
p 2 0 18 902 273 215
i 2 920 0 0 74764 5027
p 2 0 226 694 489 396
p 2 0 189 731 391 355
p 2 0 110 810 310 283
p 2 0 79 841 277 260
p 2 0 73 847 266 251
p 2 0 53 867 246 236
p 2 0 7 913 210 202
p 2 0 6 914 211 202
p 2 0 4 916 205 200
p 2 0 10 910 206 204
p 2 0 5 915 209 202
p 2 0 9 911 211 203
p 2 0 1 919 203 198
p 2 0 1 919 204 198
p 2 0 2 918 202 199
p 2 0 2 918 206 199
p 2 0 6 914 212 201
p 2 0 1 919 205 198
p 2 0 4 916 209 201
p 2 0 2 918 203 199
p 2 0 1 919 198 198
p 2 0 2 918 200 199
p 2 0 3 917 201 199
p 2 0 5 915 556 203
p 2 0 10 910 1321 218
p 2 2 21 897 2162 243
p 2 3 17 900 2841 256
p 2 2 32 886 3401 277
p 2 2 47 871 3945 293
p 2 4 45 871 3808 309
p 2 3 47 870 3843 307
p 2 1 54 865 2968 307
p 2 1 60 859 2992 304
p 2 0 51 869 2199 281
p 2 0 69 851 1479 295
p 2 0 47 873 2798 276
p 2 0 37 883 351 239
p 2 0 38 882 705 244
p 2 0 48 872 1808 255
p 2 0 42 878 1334 252
p 2 0 36 884 1306 241
p 2 0 48 872 2227 260
p 2 0 29 891 1212 233
p 2 0 46 874 1580 253
p 2 0 36 884 2143 248
p 2 0 60 860 1658 260
p 2 0 32 888 1760 242
p 2 0 46 874 2350 257
p 2 0 38 882 1643 248
p 2 0 48 872 1715 253
p 2 0 43 877 2031 255
p 2 0 45 875 1665 252
p 2 0 34 886 1265 243
p 2 0 46 874 2200 259
p 2 0 32 888 1170 237
p 2 0 37 883 1386 246
p 2 0 39 881 1766 248
p 2 0 32 888 1011 238
p 2 0 27 893 846 232
p 2 0 37 883 1577 244
p 2 0 27 893 312 222
p 2 0 23 897 461 222
p 2 0 41 879 1518 244
p 2 0 28 892 1073 232
p 2 0 29 891 1345 239
p 2 0 36 884 1909 246
p 2 0 35 885 1497 245
p 2 0 27 893 1316 236
p 2 0 31 889 1993 246
p 2 0 28 892 1641 237
p 2 0 36 884 1750 245
p 2 0 39 881 2203 250
p 2 0 37 883 1688 243
i 2 920 0 0 51319 4587
p 2 0 360 560 751 554
p 2 0 351 569 1606 522
p 2 0 162 758 423 344
p 2 0 203 717 1337 381
p 2 0 84 836 327 273
p 2 2 133 785 2021 331
p 2 0 52 868 307 246
p 2 0 81 839 1331 267
p 2 2 31 887 1048 247
p 2 0 59 861 1285 253
p 2 0 26 894 271 221
p 2 0 61 859 1806 277
p 2 0 23 897 279 225
p 2 0 39 881 912 234
p 2 2 25 893 1014 239
p 2 0 31 889 909 229
p 2 0 29 891 245 220
p 2 1 38 881 1221 262
p 2 0 26 894 255 222
p 2 0 33 887 906 230
p 2 5 25 890 1184 256
p 2 0 31 889 914 228
p 2 0 23 897 260 217
p 2 0 40 880 1495 256
p 2 0 24 896 261 221
p 2 0 30 890 908 226
p 2 2 26 892 1002 242
p 2 0 31 889 913 226
p 2 0 14 906 231 208
p 2 2 40 878 1183 270
p 2 0 27 893 263 223
p 2 0 33 887 904 229
p 2 5 18 897 1177 252
p 2 0 30 890 900 227
p 2 0 14 906 228 208
p 2 0 41 879 1484 259
p 2 0 26 894 260 220
p 2 0 36 884 889 228
p 2 2 20 898 1006 235
p 2 0 34 886 917 231
p 2 0 17 903 252 211
p 2 0 42 878 1473 258
p 2 0 24 896 271 224
p 2 0 37 883 896 232
p 2 0 19 901 463 221
p 2 0 36 884 905 236
p 2 0 20 900 260 217
p 2 5 33 882 1839 269
p 2 0 16 904 240 211
p 2 0 27 893 884 224
p 2 2 21 897 519 250
p 2 0 33 887 894 229
p 2 0 17 903 234 210
p 2 5 33 882 1842 269
p 2 0 17 903 241 211
p 2 0 24 896 886 223
p 2 0 102 818 1881 395
p 2 0 113 807 2609 364
p 2 0 95 825 2177 326
p 2 2 112 806 3864 365
p 2 0 94 826 2507 319
p 2 0 105 815 3315 337
p 2 0 93 827 2664 320
p 2 0 105 815 3411 332
p 2 0 101 819 3311 350
p 2 0 115 805 3528 352
p 2 0 98 822 3054 336
p 2 0 114 806 3512 344
p 2 0 98 822 2917 323
p 2 0 105 815 3450 334
p 2 0 94 826 2836 321
p 2 0 107 813 3512 335
p 2 0 91 829 2951 321
p 2 0 105 815 3605 335
i 2 920 0 0 41684 4325
p 2 80 786 54 31115 2384
p 2 64 814 42 28744 2343
p 2 216 662 42 41284 2975
p 2 34 849 37 31566 2319
p 2 49 833 38 27628 2289
p 2 88 745 87 31431 2059
p 2 0 767 153 8171 1231
p 2 0 742 178 9189 1096
p 2 15 717 188 15715 1323
p 2 0 773 147 9384 1146
p 2 0 720 200 9616 1087
p 2 17 728 175 15992 1271
p 2 0 724 196 9361 1100
p 2 0 734 186 9676 1088
p 2 12 714 194 15845 1253
p 2 0 705 215 9389 1061
p 2 0 721 199 9730 1094
p 2 11 717 192 14229 1236
p 2 0 700 220 9188 1060
p 2 0 685 235 9495 1040
p 2 5 732 183 14502 1211
p 2 0 712 208 9453 1065
p 2 0 711 209 9549 1071
p 2 10 704 206 14163 1208
p 2 0 715 205 9212 1078
p 2 0 706 214 9158 1048
p 2 5 713 202 14141 1185
p 2 0 705 215 9237 1060
p 2 0 712 208 9608 1076
p 2 9 689 222 13965 1162
p 2 0 696 224 9113 1050
p 2 0 713 207 9439 1061
p 2 6 706 208 14181 1192
p 2 4 708 208 10767 1116
p 2 0 726 194 9549 1086
p 2 13 689 218 14746 1199
p 2 0 727 193 9157 1086
p 2 0 693 227 9111 1029
p 2 5 728 187 13893 1193
p 2 0 724 196 8919 1068
p 2 0 704 216 9380 1062
p 2 9 719 192 13879 1192
p 2 0 693 227 8913 1062
p 2 0 718 202 9302 1070
p 2 7 692 221 13835 1199
p 2 0 715 205 9140 1081
p 2 0 694 226 9254 1058
p 2 8 715 197 13950 1188
p 2 0 693 227 8951 1056
p 2 0 731 189 9153 1070
p 2 7 697 216 13618 1180
p 2 0 705 215 8931 1049
p 2 0 710 210 9328 1069
i 2 920 0 0 95951 5187
p 2 0 875 45 26963 1419
p 2 0 873 47 31682 1471
p 2 0 893 27 32504 1484
p 2 0 880 40 33063 1502
p 2 0 871 49 32935 1485
p 2 0 882 38 33145 1509
p 2 0 879 41 33786 1500
p 2 0 872 48 32963 1506
p 2 0 872 48 33198 1501
p 2 0 884 36 33255 1520
p 2 0 878 42 33449 1508
p 2 0 876 44 32951 1508
p 2 0 874 46 33340 1502
p 2 0 872 48 33104 1502
p 2 0 877 43 33537 1520
p 2 0 866 54 32894 1502
p 2 0 870 50 33222 1509
p 2 0 871 49 33245 1507
p 2 0 876 44 33552 1524
p 2 0 872 48 32555 1500
p 2 0 867 53 33181 1499
p 2 0 881 39 32711 1522
p 2 0 872 48 33364 1515
p 2 0 874 46 32488 1510
p 2 0 874 46 32944 1517
p 2 0 870 50 32451 1506
p 2 0 885 35 33225 1533
p 2 0 875 45 32308 1508
p 2 0 874 46 32691 1510
p 2 0 877 43 32326 1510
p 2 0 871 49 32891 1505
p 2 0 869 51 32220 1485
p 2 0 874 46 32550 1508
p 2 0 874 46 32433 1498
p 2 0 877 43 33040 1510
p 2 0 870 50 32234 1499
p 2 0 871 49 32478 1498
p 2 0 872 48 32098 1494
p 2 0 873 47 32616 1490
p 2 0 879 41 31946 1498
p 2 0 858 62 32108 1493
p 2 0 868 52 32004 1482
p 2 0 873 47 32522 1494
p 2 0 876 44 32069 1505
p 2 0 858 62 31626 1493
p 2 0 874 46 32022 1505
p 2 0 859 61 31724 1491
p 2 0 905 15 32817 1545
p 2 0 895 25 32648 1537
p 2 0 905 15 33362 1540
p 2 0 902 18 33289 1541
p 2 0 904 16 34144 1548
p 2 0 898 22 33437 1533
p 2 0 904 16 34396 1550
p 2 0 898 22 33792 1537
p 2 0 900 20 34921 1552
p 2 0 901 19 33901 1527
p 2 0 898 22 34793 1545
p 2 0 895 25 34461 1526
p 2 0 903 17 35347 1554
p 2 0 904 16 34517 1541
p 2 0 904 16 35083 1550
p 2 0 902 18 34562 1534
p 2 0 899 21 35317 1538
p 2 0 900 20 34226 1538
p 2 0 904 16 34824 1552
p 2 0 901 19 34228 1544
p 2 0 898 22 34628 1543
p 2 0 891 29 33395 1532
p 2 0 898 22 33636 1524
p 2 0 899 21 32832 1530
p 2 0 906 14 33409 1537
p 2 0 901 19 32301 1532
p 2 0 902 18 32784 1531
p 2 0 902 18 32355 1524
p 2 0 897 23 33055 1522
p 2 0 900 20 32087 1528
p 2 0 908 12 32715 1535
p 2 0 900 20 32157 1528
p 2 0 904 16 32835 1534
p 2 0 902 18 32128 1528
p 2 0 910 10 32380 1525
i 2 920 0 0 61517 4295
p 2 0 919 1 13988 1336
p 2 0 920 0 16429 1319
p 2 0 918 2 16846 1350
p 2 0 920 0 17098 1346
p 2 0 920 0 17962 1368
p 2 0 918 2 18102 1357
p 2 0 919 1 17452 1355
p 2 0 920 0 17422 1369
p 2 0 920 0 17716 1351
p 2 0 919 1 17926 1351
p 2 0 919 1 17871 1349
p 2 0 916 4 17860 1351
p 2 0 919 1 17661 1336
p 2 0 919 1 17686 1349
p 2 0 919 1 18117 1357
p 2 0 920 0 18699 1364
p 2 0 919 1 17722 1342
p 2 0 919 1 17867 1364
p 2 0 919 1 17895 1361
p 2 0 919 1 17923 1350
p 2 0 920 0 18529 1362
p 2 0 918 2 18711 1358
p 2 0 920 0 17946 1362
p 2 0 918 2 17998 1362
p 2 0 918 2 18351 1361
p 2 0 920 0 18281 1356
p 2 0 920 0 18696 1357
p 2 0 917 3 17956 1365
p 2 0 920 0 17824 1360
p 2 0 920 0 17660 1352
p 2 0 919 1 17747 1373
p 2 0 920 0 17830 1356
p 2 0 918 2 17892 1368
p 2 0 917 3 18075 1372
p 2 0 920 0 18023 1360
p 2 0 920 0 17911 1353
p 2 0 920 0 18244 1369
p 2 0 920 0 18552 1367
p 2 0 920 0 18385 1378
p 2 0 920 0 18290 1376
p 2 0 920 0 18662 1382
p 2 0 919 1 18640 1379
p 2 0 920 0 19322 1373
p 2 0 918 2 18360 1372
p 2 0 920 0 18108 1380
p 2 0 920 0 18316 1378
p 2 0 920 0 18471 1389
p 2 0 920 0 18442 1376
p 2 0 920 0 18483 1380
p 2 0 920 0 18193 1381
p 2 0 920 0 18425 1386
p 2 0 920 0 18341 1387
p 2 0 920 0 18771 1391
p 2 0 920 0 18932 1393
p 2 0 920 0 18334 1393
p 2 0 919 1 18726 1401
p 2 0 920 0 18552 1395
p 2 0 920 0 18502 1385
p 2 0 920 0 19287 1403
p 2 0 920 0 18625 1397
p 2 0 920 0 18899 1397
p 2 0 920 0 18523 1392
p 2 0 920 0 19147 1414
p 2 0 920 0 18964 1391
p 2 0 920 0 19118 1414
p 2 0 920 0 19172 1395
p 2 0 920 0 19139 1397
p 2 0 920 0 19264 1402
p 2 0 920 0 19263 1396
p 2 0 920 0 19476 1396
i 2 920 0 0 51294 4322
p 2 0 872 48 14331 1237
p 2 0 879 41 14984 1248
p 2 0 887 33 14107 1227
p 2 0 893 27 15900 1260
p 2 0 892 28 15034 1248
p 2 0 874 46 16566 1259
p 2 0 878 42 14916 1249
p 2 0 885 35 15405 1254
p 2 0 882 38 15034 1247
p 2 0 886 34 15684 1263
p 2 0 884 36 15836 1269
p 2 0 875 45 15805 1264
p 2 0 886 34 14692 1261
p 2 0 882 38 15325 1252
p 2 0 881 39 15490 1252
p 2 0 888 32 16198 1279
p 2 0 890 30 15854 1271
p 2 1 884 35 15972 1271
p 2 0 882 38 15304 1269
p 2 0 888 32 15557 1253
p 2 0 893 27 16217 1282
p 2 0 889 31 16328 1287
p 2 0 886 34 15740 1281
p 2 0 889 31 15642 1281
p 2 0 894 26 15596 1261
p 2 0 891 29 15811 1271
p 2 0 885 35 16541 1275
p 2 0 894 26 16288 1286
p 2 1 895 24 15596 1273
p 2 1 897 22 15714 1284
p 2 0 888 32 15596 1261
p 2 0 891 29 16287 1283
p 2 0 885 35 16761 1281
p 2 0 882 38 15801 1274
p 2 0 876 44 15252 1268
p 2 0 893 27 15771 1268
p 2 0 890 30 15794 1284
p 2 0 888 32 16174 1267
p 2 0 889 31 16241 1282
p 2 0 885 35 15392 1281
p 2 0 890 30 15698 1278
p 2 0 883 37 15681 1255
p 2 0 888 32 16033 1269
p 2 0 892 28 16340 1284
p 2 0 882 38 16339 1288
p 2 0 888 32 15508 1285
p 2 1 883 36 15860 1268
p 2 0 877 43 16213 1270
p 2 0 884 36 16353 1276
p 2 0 891 29 16028 1290
p 2 0 888 32 15998 1298
p 2 0 895 25 15649 1291
p 2 0 881 39 15696 1269
p 2 0 899 21 16339 1293
p 2 0 892 28 16550 1293
p 2 0 893 27 15885 1295
p 2 0 881 39 16086 1282
p 2 0 894 26 15674 1282
p 2 0 887 33 16254 1290
p 2 0 890 30 16570 1309
p 2 0 886 34 16256 1289
p 2 0 890 30 15635 1303
p 2 0 893 27 16253 1310
p 2 0 902 18 15897 1283
p 2 0 898 22 16435 1292
p 2 0 903 17 16597 1305
p 2 0 878 42 16190 1295
p 2 0 894 26 16034 1295
p 2 0 890 30 16375 1267
p 2 0 901 19 16248 1299
p 2 0 890 30 16637 1300
p 2 0 893 27 16487 1313
p 2 0 893 27 15875 1296
p 2 0 900 20 15469 1306
p 2 0 903 17 16233 1284
p 2 0 908 12 15901 1302
p 2 0 895 25 16624 1300
p 2 0 900 20 15898 1320
p 2 0 887 33 15761 1291
p 2 0 894 26 15323 1278
p 2 0 898 22 16178 1298
p 2 0 894 26 16077 1298
p 2 0 895 25 16303 1301
p 2 1 901 18 15657 1317
p 2 0 896 24 15956 1308
p 2 0 900 20 15217 1277
p 2 0 892 28 16175 1295
p 2 0 904 16 15754 1297
p 2 0 900 20 15766 1306
p 2 0 901 19 15372 1309
p 2 0 902 18 15559 1293
p 2 0 904 16 15521 1293
p 2 0 895 25 16359 1299
p 2 0 904 16 15626 1313
p 2 0 897 23 15873 1299
p 2 0 903 17 15518 1317
p 2 0 890 30 15717 1293
p 2 0 894 26 15652 1294
p 2 0 897 23 16360 1307
p 2 0 900 20 14980 1308
p 2 0 906 14 15016 1306
p 2 0 904 16 14709 1290
p 2 1 902 17 15456 1303
p 2 0 905 15 15174 1317
p 2 0 898 22 15430 1302
p 2 0 901 19 14769 1291
p 2 0 902 18 15156 1295
p 2 0 897 23 14607 1279
p 2 0 899 21 15447 1289
p 2 0 904 16 15393 1305
p 2 0 893 27 14963 1289
i 2 920 0 0 85089 5096
p 2 0 896 24 28577 1366
p 2 0 904 16 16673 1230
p 2 0 908 12 8307 1186
p 2 0 917 3 6734 1123
p 2 0 912 8 15574 1170
p 2 0 906 14 24816 1291
p 2 0 906 14 25960 1289
p 2 0 909 11 29312 1376
p 2 0 911 9 27842 1363
p 2 0 908 12 29915 1410
p 2 0 907 13 28617 1375
p 2 0 917 3 30870 1443
p 2 0 911 9 30375 1419
p 2 0 912 8 31127 1468
p 2 0 913 7 30376 1453
p 2 0 912 8 31053 1494
p 2 0 904 16 30785 1457
p 2 0 910 10 31339 1467
p 2 2 913 5 30688 1463
p 2 5 908 7 31229 1466
p 2 0 908 12 31189 1422
p 2 1 906 13 31047 1418
p 2 1 912 7 30277 1412
p 2 0 914 6 28904 1374
p 2 1 914 5 30108 1396
p 2 0 913 7 28052 1386
p 2 1 914 5 25668 1364
p 2 2 908 10 24810 1341
p 2 4 908 8 21317 1322
p 2 1 914 5 18669 1293
p 2 0 912 8 18101 1285
p 2 0 913 7 12400 1229
p 2 1 915 4 11871 1217
p 2 1 915 4 7732 1170
p 2 0 914 6 5728 1098
p 2 0 915 5 7060 1093
p 2 0 915 5 13903 1125
p 2 0 916 4 17960 1189
p 2 0 916 4 20971 1257
p 2 0 914 6 26879 1326
p 2 1 912 7 27792 1343
p 2 0 917 3 31118 1439
p 2 0 915 5 27716 1377
p 2 1 911 8 30863 1463
p 2 0 913 7 33620 1468
p 2 0 913 7 32373 1472
p 2 0 911 9 30402 1473
p 2 0 912 8 31319 1498
p 2 0 906 14 26213 1486
p 2 0 908 12 29574 1499
p 2 0 905 15 27527 1469
p 2 0 912 8 28055 1469
p 2 0 908 12 29837 1476
p 2 0 911 9 31055 1505
p 2 0 912 8 27596 1489
p 2 0 909 11 28846 1468
p 2 0 911 9 25661 1428
p 2 0 911 9 18002 1343
p 2 0 907 13 15807 1330
p 2 0 910 10 8389 1287
p 2 0 911 9 11819 1289
p 2 0 907 13 21769 1332
p 2 0 908 12 28103 1407
p 2 1 911 8 27526 1446
p 2 0 904 16 27189 1410
p 2 0 908 12 27188 1421
p 2 0 903 17 27158 1442
p 2 0 893 27 30592 1442
p 2 0 847 73 26330 1260
p 2 0 826 94 22249 1192
p 2 0 757 163 10173 1016
p 2 0 676 244 4001 904
p 2 0 482 438 2139 669
p 2 0 266 654 1027 443
p 2 0 177 743 725 361
p 2 0 247 673 970 427
p 2 0 120 800 510 300
p 2 0 89 831 443 275
p 2 0 70 850 394 258
p 2 0 163 757 698 344
p 2 0 119 801 548 303
p 2 0 110 810 525 295
p 2 0 41 879 302 230
p 2 0 49 871 329 238
p 2 0 50 870 334 241
p 2 0 75 845 395 261
p 2 0 57 863 351 245
p 2 0 54 866 366 244
p 2 0 10 910 225 205
p 2 0 20 900 240 212
p 2 0 22 898 253 216
p 2 0 35 885 292 226
p 2 0 31 889 478 226
p 2 0 35 885 296 227
p 2 0 23 897 250 216
p 2 0 85 835 578 273
p 2 0 43 877 295 233
p 2 0 53 867 337 245
p 2 0 52 868 459 242
p 2 0 47 873 320 238
p 2 0 41 879 315 234
p 2 0 28 892 410 224
p 2 0 10 910 221 205
p 2 0 13 907 240 209
p 2 0 17 903 382 210
p 2 0 21 899 258 214
p 2 0 17 903 257 211
p 2 0 21 899 388 217
p 2 0 11 909 238 208
p 2 0 7 913 213 202
p 2 0 15 905 432 211
p 2 0 11 909 225 205
p 2 0 8 912 215 204
p 2 0 21 899 372 214
p 2 0 15 905 232 210
p 2 0 8 912 215 204
p 2 0 11 909 357 207
p 2 0 10 910 220 207
p 2 0 9 911 218 204
p 2 0 23 897 251 216
p 2 0 12 908 229 207
p 2 0 9 911 218 205
p 2 0 11 909 409 209
p 2 0 19 901 247 211
p 2 0 32 888 272 223
p 2 0 18 902 372 213
p 2 0 17 903 240 211
p 2 0 8 912 215 203
p 2 0 11 909 347 207
p 2 0 6 914 213 203
p 2 0 8 912 217 203
p 2 0 15 905 379 210
p 2 0 10 910 224 205
p 2 0 13 907 229 207
p 2 0 7 913 362 203
p 2 0 14 906 230 208
p 2 0 10 910 224 205
p 2 0 11 909 351 207
p 2 0 7 913 214 203
p 2 0 6 914 210 202
p 2 0 10 910 357 208
p 2 0 6 914 208 201
p 2 0 3 917 203 200
p 2 0 16 904 359 210
p 2 0 9 911 222 205
p 2 0 5 915 210 202
p 2 0 16 904 369 212
p 2 0 9 911 226 205
p 2 0 4 916 208 200
p 2 0 11 909 345 208
p 2 0 8 912 220 204
p 2 0 10 910 223 206
p 2 0 13 907 356 209
p 2 0 8 912 215 203
p 2 0 5 915 210 202
p 2 0 7 913 373 205
p 2 0 9 911 224 207
p 2 0 5 915 207 201
p 2 0 6 914 211 202
p 2 0 6 914 206 202
p 2 0 3 917 207 201
p 2 0 7 913 225 204
p 2 0 4 916 221 201
p 2 0 5 915 215 202
p 2 0 6 914 213 202
p 2 0 7 913 207 202
p 2 0 5 915 210 201
p 2 0 20 900 248 214
p 2 0 13 907 227 208
p 2 0 7 913 213 202
p 2 0 6 914 209 201
p 2 0 11 909 220 206
p 2 0 8 912 212 202
p 2 0 13 907 227 207
p 2 0 6 914 210 202
p 2 0 7 913 212 201
p 2 0 13 907 453 208
p 2 0 5 915 207 202
p 2 0 6 914 210 202
p 2 0 9 911 355 205
p 2 0 4 916 206 201
p 2 0 3 917 206 200
p 2 0 8 912 355 205
p 2 0 10 910 220 206
p 2 0 7 913 209 201
p 2 0 7 913 333 204
p 2 0 7 913 215 203
p 2 0 3 917 206 201
p 2 0 8 912 394 206
p 2 0 5 915 208 201
p 2 0 5 915 212 201
p 2 0 8 912 385 205
p 2 0 4 916 207 200
p 2 0 3 917 203 199
p 2 0 8 912 374 203
p 2 0 12 908 231 206
p 2 0 7 913 216 204
p 2 0 8 912 344 206
p 2 0 6 914 213 202
p 2 0 7 913 212 203
p 2 0 7 913 354 204
p 2 0 3 917 206 200
p 2 0 4 916 209 200
p 2 0 7 913 336 203
p 2 0 5 915 209 201
p 2 0 3 917 202 199
p 2 0 6 914 348 203
p 2 0 5 915 211 202
p 2 0 2 918 201 199
p 2 0 3 917 203 199
p 2 0 3 917 203 199
p 2 0 47 873 315 237
p 2 4 263 653 20812 751
p 2 0 218 702 1035 426
p 2 0 130 790 557 315
p 2 3 297 620 19189 765
p 2 0 200 720 960 410
p 2 0 115 805 482 302
p 2 6 294 620 19003 778
p 2 0 247 673 1085 450
p 2 0 84 836 445 277
p 2 4 282 634 16986 728
p 2 0 218 702 1088 432
p 2 0 190 730 746 374
p 2 0 80 840 524 268
p 2 0 88 832 419 276
p 2 0 73 847 377 259
p 2 0 93 827 578 281
p 2 0 51 869 312 240
p 2 0 58 862 324 246
p 2 0 48 872 513 238
p 2 0 84 836 432 272
p 2 0 48 872 341 239
p 2 0 42 878 426 234
p 2 0 14 906 229 208
p 2 0 16 904 235 209
p 2 0 19 901 377 212
p 2 0 77 843 402 268
p 2 0 20 900 234 212
p 2 0 8 912 345 204
p 2 0 57 863 343 245
p 2 0 72 848 383 262
p 2 0 59 861 479 250
p 2 0 23 897 259 219
p 2 0 32 888 276 224
p 2 0 31 889 399 224
p 2 0 20 900 245 214
p 2 0 5 915 209 201
p 2 0 10 910 369 206
p 2 0 567 353 2930 816
p 2 0 171 749 675 352
p 2 0 43 877 431 234
p 2 0 22 898 243 215
p 2 0 6 914 211 202
p 2 0 33 887 420 227
p 2 0 15 905 233 209
p 2 0 15 905 231 210
p 2 0 16 904 358 210
p 2 0 56 864 339 244
p 2 0 8 912 217 203
p 2 0 12 908 361 207
p 2 0 31 889 279 223
p 2 0 34 886 276 226
p 2 0 49 871 449 238
p 2 0 12 908 232 207
p 2 0 25 895 264 218
p 2 0 18 902 389 212
p 2 0 18 902 248 212
p 2 0 16 904 239 211
p 2 0 14 906 410 210
p 2 0 5 915 209 201
p 2 0 12 908 227 207
p 2 0 4 916 206 200
p 2 0 5 915 205 200
p 2 0 5 915 207 201
p 2 0 6 914 207 201
p 2 0 6 914 210 202
p 2 0 5 915 209 201
p 2 0 0 920 197 197
p 2 0 1 919 199 198
p 2 0 0 920 197 197
i 2 920 0 0 37885 3981
p 2 0 862 58 9825 1231
p 2 0 868 52 12075 1246
p 2 0 861 59 11969 1214
p 2 0 860 60 12410 1201
p 2 0 863 57 13324 1221
p 2 0 885 35 13175 1231
p 2 0 868 52 13283 1209
p 2 0 872 48 12868 1210
p 2 0 874 46 12635 1234
p 2 0 872 48 12435 1225
p 2 0 881 39 12933 1209
p 2 0 875 45 12909 1244
p 2 0 882 38 12472 1228
p 2 0 868 52 11661 1217
p 2 0 877 43 11695 1220
p 2 0 878 42 11206 1217
p 2 0 881 39 10406 1216
p 2 0 882 38 10325 1211
p 2 0 893 27 8700 1215
p 2 0 892 28 7967 1217
p 2 0 892 28 6776 1216
p 2 0 898 22 5898 1214
p 2 0 900 20 5073 1192
p 2 0 902 18 4436 1175
p 2 0 903 17 3847 1186
p 2 0 906 14 4845 1182
p 2 0 903 17 7598 1188
p 2 0 897 23 8072 1230
p 2 0 908 12 10560 1237
p 2 0 906 14 11412 1232
p 2 0 907 13 13074 1263
p 2 0 914 6 14606 1248
p 2 0 916 4 15480 1270
p 2 0 913 7 15764 1295
p 2 0 910 10 17786 1311
p 2 0 912 8 18168 1305
p 2 0 913 7 18663 1314
p 2 0 916 4 18855 1347
p 2 0 911 9 18198 1320
p 2 0 917 3 18481 1274
p 2 0 918 2 18770 1296
p 2 0 918 2 19154 1340
p 2 0 918 2 18202 1320
p 2 0 914 6 18337 1312
p 2 0 919 1 18534 1359
p 2 0 911 9 18650 1357
p 2 0 912 8 18653 1298
p 2 0 913 7 19633 1331
p 2 2 916 2 20096 1353
p 2 0 919 1 20900 1340
p 2 0 919 1 21654 1329
p 2 0 912 8 20459 1337
p 2 0 917 3 18517 1263
p 2 0 919 1 17081 1257
p 2 0 919 1 15464 1208
p 2 0 838 82 12714 1137
p 2 0 753 167 10787 1058
p 2 0 760 160 7094 998
p 2 0 759 161 4192 949
p 2 0 749 171 3138 891
p 2 0 732 188 7246 894
p 2 0 738 182 11060 947
p 2 0 739 181 14977 1044
p 2 0 735 185 17619 1144
p 2 0 729 191 19707 1176
p 2 0 735 185 20160 1179
p 2 0 735 185 20378 1174
p 2 0 737 183 19737 1181
p 2 0 738 182 19739 1209
p 2 0 731 189 19343 1195
p 2 0 738 182 18685 1210
p 2 0 730 190 19828 1185
p 2 0 738 182 19841 1203
p 2 0 743 177 20816 1232
p 2 0 730 190 19900 1219
p 2 0 738 182 15396 1166
p 2 0 728 192 13755 1128
p 2 0 742 178 9179 1129
p 2 0 728 192 4891 1071
p 2 0 741 179 7392 1121
p 2 0 750 170 13069 1136
p 2 0 747 173 17693 1158
p 2 0 746 174 21859 1243
p 2 0 751 169 20795 1244
p 2 0 751 169 20465 1250
p 2 0 752 168 19771 1238
p 2 0 751 169 18902 1245
p 2 0 754 166 19158 1212
p 2 0 746 174 19722 1211
p 2 0 756 164 20964 1230
p 2 0 755 165 16507 1140
p 2 0 759 161 15832 1124
p 2 0 759 161 11621 1075
p 2 0 761 159 5852 1035
p 2 0 751 169 2296 928
p 2 0 748 172 8506 936
p 2 0 745 175 14408 1048
p 2 0 743 177 19750 1191
p 2 0 735 185 19713 1182
p 2 0 748 172 19539 1229
p 2 0 747 173 19066 1220
p 2 0 745 175 18580 1222
p 2 0 746 174 19068 1221
p 2 0 745 175 19599 1256
p 2 0 743 177 17406 1190
p 2 0 744 176 14203 1145
p 2 0 739 181 9670 1117
p 2 0 739 181 4752 1088
p 2 0 746 174 9862 1102
p 2 0 742 178 16803 1141
p 2 0 726 194 19064 1136
p 2 0 740 180 19329 1166
p 2 0 734 186 17968 1167
p 2 0 722 198 17895 1172
p 2 0 726 194 18955 1164
p 2 0 703 217 19580 1145
p 2 0 640 280 14013 965
p 2 0 571 349 11337 870
p 2 0 531 389 4992 777
p 2 0 429 491 1578 619
p 2 0 200 720 590 372
p 2 0 130 790 453 314
p 2 0 111 809 422 294
p 2 0 85 835 357 271
p 2 0 44 876 274 235
p 2 0 29 891 268 223
p 2 0 30 890 248 223
p 2 0 31 889 253 225
p 2 0 31 889 286 221
p 2 0 19 901 224 212
p 2 0 15 905 231 211
p 2 0 12 908 249 207
p 2 0 12 908 220 206
p 2 0 5 915 206 202
p 2 0 4 916 214 200
p 2 0 1 919 199 198
p 2 0 0 920 197 197
p 2 0 2 918 211 199
p 2 0 1 919 199 198
p 2 0 4 916 204 201
p 2 0 3 917 201 199
p 2 0 1 919 198 198
p 2 0 0 920 197 197
p 2 0 10 910 222 205
p 2 0 7 913 203 202
p 2 0 3 917 225 199
p 2 0 4 916 202 201
p 2 0 1 919 200 199
p 2 0 3 917 203 200
i 2 920 0 0 74207 4705
p 2 0 196 724 487 385
p 2 0 117 803 320 302
p 2 0 39 881 308 232
p 2 0 35 885 238 229
p 2 0 16 904 215 210
p 2 0 12 908 307 208
p 2 0 10 910 220 206
p 2 0 12 908 212 206
p 2 0 4 916 277 201
p 2 0 6 914 206 202
p 2 0 8 912 208 204
p 2 0 3 917 306 200
p 2 0 4 916 203 199
p 2 0 5 915 201 200
p 2 1 9 910 274 210
p 2 0 1 919 198 198
p 2 0 2 918 200 199
p 2 0 5 915 316 201
p 2 0 5 915 208 201
p 2 0 7 913 210 204
p 2 0 8 912 278 204
p 2 0 9 911 208 203
p 2 0 8 912 209 203
p 2 0 6 914 307 202
p 2 0 2 918 198 198
p 2 0 1 919 199 198
p 2 0 9 911 281 206
p 2 0 5 915 203 202
p 2 0 6 914 207 201
p 2 0 7 913 263 201
p 2 0 3 917 203 199
p 2 0 5 915 202 201
p 2 0 6 914 313 203
p 2 0 5 915 211 201
p 2 0 7 913 208 204
p 2 1 1 918 261 205
p 2 0 4 916 201 200
p 2 0 2 918 200 200
p 2 0 2 918 312 199
p 2 0 4 916 205 201
p 2 0 0 920 197 197
p 2 0 2 918 270 199
p 2 0 2 918 206 199
p 2 0 2 918 200 199
p 2 0 2 918 300 200
p 2 0 2 918 204 200
p 2 0 2 918 201 198
p 2 0 1 919 198 198
p 2 0 3 917 202 200
p 2 0 3 917 278 200
p 2 0 6 914 208 202
p 2 0 4 916 256 201
p 2 0 7 913 207 201
p 2 0 5 915 201 201
p 2 0 7 913 205 203
p 2 0 5 915 203 201
p 2 0 6 914 457 205
p 2 0 3 917 204 199
p 2 0 5 915 206 202
p 2 1 6 913 315 209
p 2 0 4 916 204 200
p 2 0 2 918 200 199
p 2 0 2 918 451 200
p 2 0 5 915 206 202
p 2 0 3 917 202 199
p 2 0 3 917 373 200
p 2 0 2 918 207 199
p 2 0 3 917 206 200
p 2 0 4 916 394 201
p 2 0 3 917 207 200
p 2 0 1 919 198 198
p 2 1 0 919 309 204
p 2 0 2 918 198 198
p 2 0 2 918 199 198
p 2 0 1 919 438 199
p 2 0 5 915 211 201
p 2 0 3 917 201 199
p 2 0 1 919 390 198
p 2 0 3 917 205 199
p 2 0 3 917 202 200
p 2 0 6 914 390 202
p 2 0 4 916 208 201
p 2 0 3 917 204 199
p 2 0 1 919 200 198
p 2 0 6 914 203 202
p 2 0 1 919 199 198
p 2 0 2 918 389 200
p 2 0 1 919 203 198
p 2 1 0 919 311 204
p 2 0 2 918 199 199
p 2 0 2 918 200 199
p 2 0 2 918 205 199
p 2 0 0 920 197 197
p 2 0 0 920 197 197
p 2 0 3 917 199 199
p 2 0 4 916 202 200
p 2 0 1 919 198 198
p 2 0 0 920 197 197
p 2 0 6 914 205 203
p 2 0 8 912 205 203
p 2 0 3 917 202 200
p 2 0 3 917 201 200
p 2 0 3 917 203 200
p 2 0 1 919 198 198
p 2 0 2 918 200 199
p 2 0 4 916 202 200
p 2 0 1 919 199 198
p 2 0 1 919 198 198
p 2 0 1 919 198 198
p 2 0 0 920 197 197
p 2 0 2 918 431 200
p 2 0 2 918 202 199
p 2 0 1 919 199 198
p 2 0 3 917 399 200
p 2 0 1 919 207 198
p 2 0 1 919 203 198
p 2 0 2 918 386 200
p 2 0 2 918 203 199
p 2 0 1 919 198 198
p 2 0 3 917 390 201
p 2 0 1 919 205 199
p 2 0 3 917 202 200
p 2 1 2 917 313 205
p 2 0 1 919 199 198
p 2 0 2 918 200 199
p 2 0 2 918 437 200
p 2 0 1 919 208 198
p 2 0 2 918 201 199
p 2 0 2 918 391 200
p 2 0 4 916 211 202
p 2 0 3 917 201 200
p 2 0 2 918 387 200
p 2 0 5 915 201 200
p 2 0 1 919 199 198
p 2 0 1 919 385 199
p 2 0 1 919 206 198
p 2 0 1 919 198 198
p 2 1 0 919 311 205
p 2 0 0 920 197 197
p 2 0 0 920 197 197
p 2 0 1 919 430 199
p 2 0 1 919 199 198
p 2 0 0 920 197 197
p 2 0 3 917 403 200
p 2 0 6 914 205 203
p 2 0 0 920 197 197
p 2 0 139 781 13327 463
p 2 0 117 803 688 323
p 2 0 53 867 331 243
p 2 0 144 776 11614 457
p 2 0 114 806 694 321
p 2 0 42 878 298 234
p 2 0 144 776 12217 465
p 2 0 119 801 720 329
p 2 0 47 873 330 240
p 2 1 138 781 12139 452
p 2 0 119 801 721 324
p 2 0 102 818 570 297
p 2 0 54 866 641 249
p 2 0 34 886 282 228
p 2 0 36 884 284 228
p 2 0 36 884 521 228
p 2 0 35 885 291 228
p 2 0 41 879 312 233
p 2 0 17 903 551 217
p 2 0 16 904 241 211
p 2 0 24 896 247 218
p 2 0 51 869 673 244
p 2 0 32 888 273 223
p 2 0 22 898 255 215
p 2 0 28 892 522 224
p 2 0 31 889 273 225
p 2 0 25 895 256 218
p 2 0 22 898 477 218
p 2 0 7 913 217 204
p 2 0 14 906 222 207
p 2 0 14 906 475 209
p 2 0 11 909 232 206
p 2 0 11 909 224 207
p 2 1 10 909 490 213
p 2 0 7 913 216 205
p 2 0 5 915 209 202
p 2 0 11 909 528 205
p 2 0 11 909 225 205
p 2 0 4 916 206 200
p 2 0 6 914 466 205
p 2 0 5 915 212 201
p 2 0 4 916 203 200
p 2 0 15 905 546 215
p 2 0 6 914 211 203
p 2 0 5 915 208 201
p 2 0 10 910 552 207
p 2 0 8 912 217 205
p 2 0 2 918 203 199
p 2 0 6 914 467 205
p 2 0 6 914 211 202
p 2 0 3 917 204 200
p 2 0 5 915 443 203
p 2 0 4 916 207 201
p 2 0 2 918 202 199
p 2 0 1 919 198 198
p 2 0 1 919 199 198
p 2 0 3 917 448 201
p 2 0 2 918 206 200
p 2 0 2 918 200 199
p 2 1 3 916 468 208
p 2 0 2 918 201 199
p 2 0 0 920 197 197
p 2 0 0 920 197 197
p 2 0 0 920 197 197
p 2 0 6 914 218 203
p 2 0 2 918 201 199
p 2 0 0 920 197 197
p 2 0 0 920 197 197
i 2 920 0 0 35260 4268
p 2 0 202 718 514 390
p 2 0 261 659 619 423
p 2 2 549 369 16522 1122
p 2 0 390 530 1344 607
p 2 0 124 796 504 317
p 2 8 550 362 17357 1127
p 2 0 290 630 1095 507
p 2 0 194 726 647 372
p 2 6 515 399 17724 1109
p 2 0 314 606 1168 525
p 2 0 114 806 476 302
p 2 1 543 376 16205 1063
p 2 0 262 658 1154 493
p 2 0 232 688 689 407
p 2 1 111 808 589 314
p 2 0 91 829 376 278
p 2 0 61 859 300 245
p 2 1 57 862 1178 255
p 2 0 37 883 285 229
p 2 0 23 897 243 216
p 2 0 64 856 740 259
p 2 0 26 894 241 218
p 2 0 24 896 247 218
p 2 1 30 889 940 235
p 2 0 13 907 238 207
p 2 0 28 892 280 222
p 2 1 34 885 424 237
p 2 0 14 906 229 210
p 2 0 23 897 238 213
p 2 1 27 892 783 229
p 2 0 13 907 236 209
p 2 0 10 910 220 205
p 2 1 22 897 409 225
p 2 0 5 915 208 202
p 2 0 5 915 213 202
p 2 1 20 899 1134 226
p 2 0 5 915 217 202
p 2 0 5 915 206 201
p 2 0 21 899 647 225
p 2 0 6 914 215 203
p 2 0 14 906 220 207
p 2 1 23 896 936 229
p 2 0 11 909 232 208
p 2 0 10 910 217 205
p 2 0 24 896 648 224
p 2 0 3 917 204 200
p 2 0 7 913 204 202
p 2 1 14 905 395 220
p 2 0 2 918 204 202
p 2 0 0 920 197 197
p 2 1 15 904 1132 222
p 2 0 9 911 224 205
p 2 0 6 914 208 202
p 2 0 22 898 632 224
p 2 0 11 909 218 206
p 2 0 4 916 204 200
p 2 1 20 899 920 227
p 2 0 6 914 217 204
p 2 0 3 917 209 200
p 2 0 2 918 203 199
p 2 0 2 918 203 199
p 2 0 0 920 197 197
p 2 0 22 898 641 227
p 2 0 3 917 206 200
p 2 0 5 915 200 200
p 2 1 15 904 394 218
p 2 0 3 917 205 200
p 2 0 0 920 197 197
p 2 0 0 920 197 197
p 2 0 0 920 197 197
i 2 920 0 0 47078 4663
p 2 0 255 665 503 424
p 2 0 189 731 382 359
p 2 0 83 837 267 263
p 2 0 102 818 285 278
p 2 0 49 871 237 235
p 2 12 311 597 24024 919
p 2 0 213 707 955 417
p 2 0 92 828 382 278
p 2 11 284 625 21991 857
p 2 0 214 706 1125 435
p 2 0 104 816 476 294
p 2 3 299 618 23337 834
p 2 0 216 704 986 430
p 2 0 127 793 516 311
p 2 2 46 872 949 254
p 2 0 63 857 355 253
p 2 0 27 893 265 220
p 2 0 35 885 650 233
p 2 0 18 902 241 212
p 2 0 10 910 219 206
p 2 0 13 907 824 215
p 2 0 49 871 336 241
p 2 0 19 901 232 210
p 2 18 438 464 10548 1215
p 2 0 246 674 1096 450
p 2 0 156 764 547 345
p 2 9 459 452 7580 1081
p 2 0 224 696 664 427
p 2 0 100 820 391 289
p 2 20 462 438 8024 1117
p 2 0 242 678 727 445
p 2 0 116 804 369 300
p 2 1 69 850 987 289
p 2 0 49 871 272 240
p 2 0 22 898 231 217
p 2 0 55 865 643 276
p 2 0 34 886 260 229
p 2 0 23 897 248 215
p 2 0 31 889 927 253
p 2 0 25 895 241 218
p 2 0 22 898 227 215
p 2 4 36 880 425 268
p 2 0 25 895 229 221
p 2 0 16 904 210 208
p 2 12 13 895 943 284
p 2 0 17 903 225 212
p 2 0 21 899 226 214
p 2 0 63 857 672 280
p 2 0 16 904 229 213
p 2 0 5 915 207 201
p 2 0 33 887 922 253
p 2 0 28 892 250 221
p 2 0 17 903 231 211
p 2 0 11 909 212 206
p 2 0 11 909 213 208
p 2 0 37 883 620 260
p 2 0 23 897 242 220
p 2 1 30 889 434 240
p 2 0 23 897 244 229
p 2 0 3 917 203 199
p 2 0 3 917 200 199
p 2 0 10 910 220 206
p 2 0 6 914 209 201
p 2 0 3 917 207 201
p 2 0 2 918 200 199
p 2 6 15 899 795 250
p 2 0 13 907 234 209
p 2 0 10 910 217 205
p 2 1 29 890 933 254
p 2 0 20 900 243 216
p 2 0 8 912 210 204
p 2 0 37 883 615 256
p 2 0 21 899 247 220
p 2 0 15 905 227 210
p 2 1 32 887 941 258
p 2 0 19 901 237 216
p 2 0 7 913 205 203
p 2 4 23 893 393 256
p 2 0 8 912 205 203
p 2 0 0 920 197 197
p 2 11 12 897 984 282
p 2 0 14 906 223 209
p 2 0 6 914 207 202
p 2 4 27 889 406 258
p 2 0 15 905 220 217
p 2 0 12 908 209 206
p 2 12 8 900 929 278
p 2 0 11 909 217 204
p 2 0 4 916 200 200
p 2 0 27 893 606 251
p 2 0 12 908 217 209
p 2 0 3 917 200 200
p 2 1 25 894 917 251
p 2 0 10 910 221 207
p 2 0 6 914 206 202
p 2 0 282 638 19142 717
p 2 0 237 683 1406 469
p 2 0 88 832 417 279
p 2 1 298 621 18774 743
p 2 0 220 700 1039 437
p 2 0 71 849 356 259
p 2 0 276 644 18108 689
p 2 0 208 712 1045 418
p 2 0 88 832 414 275
p 2 0 273 647 18760 693
p 2 0 209 711 1089 422
p 2 0 113 807 518 301
p 2 0 47 873 308 238
p 2 0 54 866 336 247
p 2 0 20 900 237 212
p 2 0 17 903 238 210
p 2 0 14 906 232 211
p 2 0 31 889 275 222
p 2 0 13 907 226 209
p 2 0 13 907 231 207
p 2 0 9 911 225 204
p 2 0 32 888 280 223
p 2 0 15 905 235 208
p 2 0 12 908 233 209
p 2 0 10 910 221 204
p 2 0 5 915 212 201
p 2 0 6 914 210 202
p 2 0 1 919 199 198
p 2 0 5 915 207 201
p 2 0 0 920 197 197
p 2 0 1 919 199 198
p 2 0 0 920 197 197
p 2 0 0 920 197 197
p 2 0 0 920 197 197
p 2 0 0 920 197 197
i 2 920 0 0 45052 4197
p 2 8 907 5 25217 1581
p 2 4 912 4 26527 1527
p 2 34 883 3 28312 1678
p 2 7 909 4 27482 1547
p 2 11 906 3 29755 1612
p 2 10 908 2 32162 1603
p 2 2 918 0 30078 1518
p 2 19 900 1 30318 1616
p 2 0 920 0 30355 1511
p 2 0 920 0 29546 1498
p 2 3 917 0 28636 1561
p 2 0 920 0 30627 1522
p 2 2 918 0 28079 1535
p 2 0 920 0 27991 1451
p 2 1 919 0 28756 1501
p 2 0 920 0 25225 1426
p 2 0 920 0 24867 1427
p 2 0 920 0 25054 1421
p 2 0 919 1 21984 1400
p 2 0 920 0 17968 1381
p 2 1 919 0 20039 1427
p 2 0 920 0 14639 1317
p 2 0 920 0 17807 1319
p 2 2 918 0 22042 1361
p 2 0 920 0 21346 1330
p 2 4 916 0 21028 1367
p 2 4 915 1 25647 1440
p 2 10 910 0 24188 1387
p 2 3 917 0 27990 1416
p 2 2 916 2 31108 1448
p 2 3 917 0 30860 1518
p 2 2 917 1 31190 1542
p 2 3 917 0 33856 1559
p 2 7 911 2 31321 1525
p 2 10 908 2 31395 1529
p 2 12 907 1 32950 1631
p 2 0 918 2 29042 1505
p 2 0 919 1 27270 1433
p 2 1 918 1 26124 1485
p 2 3 916 1 18817 1438
p 2 1 919 0 15676 1414
p 2 2 918 0 17725 1411
p 2 1 917 2 18957 1375
p 2 0 917 3 22871 1415
p 2 1 916 3 27773 1470
p 2 0 916 4 28828 1460
p 2 0 920 0 27091 1471
p 2 4 913 3 28264 1498
p 2 0 918 2 28773 1483
p 2 1 916 3 28460 1510
p 2 5 912 3 27494 1485
p 2 0 916 4 20012 1327
p 2 0 916 4 13329 1290
p 2 0 916 4 11614 1266
p 2 0 918 2 14734 1196
p 2 0 919 1 23704 1339
p 2 1 913 6 28663 1430
p 2 0 918 2 26560 1474
p 2 0 915 5 24544 1454
p 2 0 917 3 25966 1469
p 2 0 912 8 24837 1455
p 2 0 915 5 18611 1367
p 2 0 908 12 10574 1328
p 2 0 911 9 9931 1304
p 2 0 908 12 22879 1365
p 2 1 906 13 27066 1398
p 2 0 901 19 24128 1365
p 2 0 906 14 24292 1409
p 2 1 871 48 27533 1388
p 2 0 854 66 17632 1172
p 2 0 786 134 8855 1033
p 2 3 616 301 4628 824
p 2 0 345 575 869 520
p 2 0 314 606 684 476
p 2 0 170 750 562 339
p 2 0 129 791 385 313
p 2 0 111 809 372 292
p 2 0 154 766 621 335
p 2 0 116 804 423 301
p 2 0 107 813 367 293
p 2 0 59 861 468 247
p 2 0 52 868 262 240
p 2 0 28 892 229 219
p 2 0 93 827 512 281
p 2 0 62 858 264 247
p 2 0 115 805 455 298
p 2 0 90 830 488 275
p 2 0 58 862 274 244
p 2 0 19 901 229 212
p 2 0 18 902 336 212
p 2 0 9 911 214 205
p 2 0 8 912 209 204
p 2 0 5 915 317 201
p 2 0 6 914 211 201
p 2 0 5 915 205 201
p 2 0 5 915 388 202
p 2 0 7 913 206 202
p 2 0 2 918 201 199
p 2 0 4 916 204 202
p 2 0 0 920 197 197
i 2 920 0 0 70817 4873
p 2 0 892 28 5734 1089
p 2 0 916 4 17695 1263
p 2 14 891 15 32125 1572
p 2 0 909 11 30249 1479
p 2 0 911 9 27818 1516
p 2 52 861 7 37524 1811
p 2 0 908 12 28714 1526
p 2 0 914 6 28417 1532
p 2 170 741 9 54030 2519
p 2 0 910 10 29940 1582
p 2 0 910 10 29285 1586
p 2 211 702 7 55743 2742
p 2 0 901 19 28364 1582
p 2 0 907 13 28395 1535
p 2 184 732 4 57275 2649
p 2 0 907 13 29150 1554
p 2 0 911 9 29790 1549
p 2 188 723 9 62252 2764
p 2 0 907 13 29107 1557
p 2 0 914 6 28901 1534
p 2 188 727 5 63979 2809
p 2 0 903 17 25349 1473
p 2 0 905 15 24294 1412
p 2 143 768 9 62844 2666
p 2 0 886 34 14022 1376
p 2 0 897 23 11869 1268
p 2 145 760 15 49431 2537
p 2 0 897 23 8144 1252
p 2 0 898 22 12869 1257
p 2 0 896 24 20842 1342
p 2 0 896 24 26267 1435
p 2 0 896 24 27320 1464
p 2 0 900 20 29150 1529
p 2 0 891 29 29124 1526
p 2 0 890 30 29425 1542
p 2 0 891 29 30284 1557
p 2 0 882 38 29874 1537
p 2 0 897 23 28437 1497
p 2 0 893 27 25241 1432
p 2 0 894 26 15949 1335
p 2 0 892 28 8038 1274
p 2 0 892 28 20675 1378
p 2 0 879 41 26994 1455
p 2 0 868 52 29170 1484
p 2 6 871 43 33583 1584
p 2 0 852 68 28014 1415
p 2 0 734 186 14047 1074
p 2 28 528 364 16330 1001
p 2 0 300 620 1097 477
p 2 0 137 783 552 319
p 2 65 498 357 26913 1315
p 2 0 335 585 1359 531
p 2 0 117 803 495 302
p 2 90 215 615 32541 1230
p 2 0 242 678 1014 441
p 2 0 179 741 670 367
p 2 0 159 761 636 341
p 2 0 53 867 327 244
p 2 0 101 819 430 284
p 2 0 70 850 381 261
p 2 0 82 838 420 270
p 2 0 62 858 377 254
p 2 2 95 823 1040 300
p 2 0 25 895 254 215
p 2 0 26 894 262 220
p 2 0 38 882 753 239
p 2 0 66 854 411 259
p 2 0 22 898 250 216
p 2 0 19 901 824 219
p 2 0 22 898 257 216
p 2 0 30 890 290 222
p 2 1 34 885 551 240
p 2 0 52 868 329 241
p 2 0 18 902 239 214
p 2 0 38 882 768 234
p 2 0 54 866 328 246
p 2 0 65 855 343 253
p 2 0 21 899 839 223
p 2 0 31 889 274 221
p 2 0 21 899 246 214
p 2 0 22 898 713 228
p 2 0 14 906 236 210
p 2 0 12 908 228 208
p 2 0 9 911 797 212
p 2 0 14 906 240 210
p 2 0 6 914 214 203
p 2 1 17 902 509 227
p 2 0 9 911 219 206
p 2 0 5 915 205 201
p 2 0 8 912 701 211
p 2 0 14 906 249 210
p 2 0 9 911 222 205
p 2 0 19 901 835 221
p 2 0 7 913 219 204
p 2 0 7 913 219 203
p 2 0 9 911 662 215
p 2 0 11 909 231 207
p 2 0 6 914 214 203
p 2 0 10 910 417 214
p 2 0 5 915 206 202
p 2 0 5 915 210 202
p 2 2 11 907 826 224
p 2 0 10 910 220 205
p 2 0 2 918 202 199
p 2 0 9 911 675 215
p 2 0 9 911 223 204
p 2 0 2 918 203 199
p 2 0 7 913 793 211
p 2 0 8 912 215 204
p 2 0 3 917 202 199
p 2 0 6 914 662 212
p 2 0 4 916 209 201
p 2 0 15 905 226 209
p 2 12 242 666 28134 827
p 2 0 193 727 1036 408
p 2 0 79 841 394 271
p 2 18 267 635 29266 924
p 2 0 208 712 1062 431
p 2 0 88 832 430 277
p 2 20 283 617 30734 957
p 2 0 236 684 1230 457
p 2 0 119 801 502 312
p 2 31 325 564 35570 1139
p 2 0 244 676 1192 461
p 2 0 132 788 553 322
p 2 1 71 848 926 280
p 2 0 89 831 426 281
p 2 0 42 878 285 232
p 2 0 48 872 1098 252
p 2 0 31 889 281 221
p 2 0 47 873 339 240
p 2 2 48 870 672 271
p 2 0 54 866 358 247
p 2 0 19 901 246 215
p 2 3 23 894 1144 244
p 2 0 18 902 260 214
p 2 0 26 894 280 221
p 2 1 19 900 817 235
p 2 0 20 900 245 214
p 2 0 11 909 217 206
p 2 0 22 898 1045 230
p 2 0 16 904 253 213
p 2 0 19 901 248 213
p 2 2 16 902 579 238
p 2 0 16 904 237 212
p 2 0 9 911 214 205
p 2 1 33 886 954 237
p 2 0 13 907 234 210
p 2 0 14 906 231 208
p 2 0 32 888 1099 237
p 2 0 35 885 295 230
p 2 0 15 905 236 209
p 2 1 18 901 800 231
p 2 0 12 908 237 210
p 2 0 5 915 212 201
p 2 0 11 909 1017 219
p 2 0 10 910 244 206
p 2 0 7 913 226 203
p 2 2 10 908 587 231
p 2 0 5 915 205 202
p 2 0 3 917 200 200
p 2 1 7 912 892 218
p 2 0 5 915 209 201
p 2 0 1 919 198 198
p 2 0 11 909 1047 219
p 2 0 8 912 227 204
p 2 0 6 914 213 202
p 2 1 10 909 784 225
p 2 0 7 913 220 206
p 2 0 4 916 203 201
p 2 0 12 908 1017 220
p 2 0 11 909 246 208
p 2 0 8 912 219 205
p 2 2 9 909 564 231
p 2 0 5 915 207 202
p 2 0 6 914 206 203
p 2 0 2 918 200 199
p 2 0 3 917 200 200
i 2 920 0 0 32126 3865
p 2 0 835 85 9363 1099
p 2 0 853 67 11510 1180
p 2 9 806 105 21953 1461
p 2 0 855 65 12017 1239
p 2 0 824 96 12452 1199
p 2 6 843 71 21070 1400
p 2 0 839 81 12801 1220
p 2 0 862 58 13830 1266
p 2 2 835 83 19398 1363
p 2 0 848 72 13274 1271
p 2 0 846 74 13747 1230
p 2 4 857 59 14086 1271
p 2 0 853 67 13754 1247
p 2 0 862 58 13929 1279
p 2 0 846 74 13978 1252
p 2 0 850 70 14034 1256
p 2 0 850 70 13242 1237
p 2 1 859 60 14228 1269
p 2 0 849 71 14489 1248
p 2 0 860 60 13683 1260
p 2 1 851 68 13618 1260
p 2 0 864 56 13595 1236
p 2 0 864 56 13660 1248
p 2 1 872 47 13781 1271
p 2 0 877 43 13468 1250
p 2 0 881 39 13645 1243
p 2 1 876 43 13566 1252
p 2 0 877 43 13263 1231
p 2 0 875 45 13224 1231
p 2 3 854 63 13931 1239
p 2 0 879 41 13184 1238
p 2 0 847 73 12860 1208
p 2 0 865 55 12896 1222
p 2 0 894 26 13250 1230
p 2 0 889 31 11584 1197
p 2 0 861 59 10902 1166
p 2 0 884 36 10987 1164
p 2 0 852 68 9043 1118
p 2 3 868 49 9674 1146
p 2 0 869 51 6371 1098
p 2 0 878 42 5412 1089
p 2 1 872 47 4417 1080
p 2 0 881 39 5436 1082
p 2 0 862 58 8536 1116
p 2 1 868 51 11233 1153
p 2 0 858 62 11763 1157
p 2 0 892 28 12119 1191
p 2 1 873 46 12437 1242
p 2 0 869 51 14120 1217
p 2 0 873 47 13017 1239
p 2 3 849 68 14631 1242
p 2 0 849 71 14061 1235
p 2 0 879 41 13862 1264
p 2 0 832 88 14191 1233
p 2 0 867 53 14692 1256
p 2 0 772 148 12752 1154
p 2 1 719 200 11558 1058
p 2 0 614 306 8005 870
p 2 0 562 358 4116 754
p 2 0 349 571 1577 518
p 2 0 257 663 680 406
p 2 0 164 756 500 329
p 2 2 129 789 1070 315
p 2 0 126 794 393 291
p 2 0 79 841 293 254
p 2 0 172 748 4917 412
p 2 0 115 805 404 286
p 2 0 37 883 303 230
p 2 0 103 817 3668 340
p 2 0 96 824 451 283
p 2 0 53 867 325 243
p 2 0 115 805 3770 338
p 2 0 61 859 363 251
p 2 0 68 852 325 250
p 2 0 26 894 254 217
p 2 0 28 892 261 219
p 2 0 20 900 251 215
p 2 0 30 890 246 221
p 2 0 25 895 262 219
p 2 0 27 893 250 218
p 2 0 46 874 238 228
p 2 0 14 906 244 211
p 2 0 14 906 237 209
p 2 1 23 896 945 228
p 2 0 6 914 218 203
p 2 0 4 916 205 200
p 2 1 24 895 1125 236
p 2 0 18 902 248 214
p 2 0 8 912 213 203
p 2 0 24 896 914 231
p 2 0 13 907 239 209
p 2 0 8 912 215 203
p 2 0 32 888 707 231
p 2 0 21 899 225 212
p 2 0 14 906 215 207
p 2 2 21 897 1157 237
p 2 0 10 910 226 206
p 2 0 8 912 217 204
p 2 0 26 894 902 232
p 2 0 8 912 216 205
p 2 0 6 914 212 202
p 2 1 24 895 1114 238
p 2 0 10 910 235 206
p 2 0 9 911 216 204
p 2 2 17 901 624 241
p 2 0 4 916 206 201
p 2 0 4 916 211 201
p 2 2 11 907 1156 229
p 2 0 10 910 227 206
p 2 0 4 916 205 200
p 2 0 23 897 895 231
p 2 0 7 913 225 203
p 2 0 4 916 202 200
p 2 0 23 897 706 225
p 2 0 18 902 220 210
p 2 0 18 902 213 209
p 2 0 5 915 209 201
p 2 0 18 902 213 210
i 2 920 0 0 71661 4739
p 2 0 305 615 898 491
p 2 0 245 675 986 441
p 2 0 153 767 1139 358
p 2 0 149 771 1259 358
p 2 0 101 819 1376 318
p 2 0 103 817 1561 331
p 2 0 77 843 1788 314
p 2 0 102 818 1935 343
p 2 0 112 808 2199 349
p 2 0 111 809 2429 356
p 2 0 98 822 2631 341
p 2 0 85 835 2211 334
p 2 0 84 836 2301 328
p 2 0 101 819 2493 356
p 2 0 112 808 2587 363
p 2 0 87 833 2757 345
p 2 0 105 815 2874 362
p 2 0 96 824 3117 361
p 2 0 117 803 3339 375
p 2 0 96 824 3646 358
p 2 0 104 816 3682 369
p 2 0 110 810 3730 379
p 2 0 127 793 3925 392
p 2 0 106 814 1625 338
p 2 0 103 817 1663 331
p 2 0 99 821 1799 331
p 2 0 122 798 1742 348
p 2 0 113 807 1879 345
p 2 0 106 814 1741 336
p 2 0 111 809 1909 341
p 2 0 98 822 1764 326
p 2 0 91 829 1867 324
p 2 0 94 826 1800 330
p 2 0 98 822 1923 333
p 2 0 95 825 1751 327
p 2 0 93 827 1793 326
p 2 0 94 826 1794 324
p 2 0 107 813 1949 332
p 2 0 93 827 1751 323
p 2 0 95 825 1912 328
p 2 0 93 827 1777 322
p 2 0 91 829 1842 321
p 2 0 93 827 1697 319
p 2 0 90 830 1806 323
p 2 0 97 823 1728 325
p 2 0 91 829 1794 325
p 2 0 95 825 1577 319
p 2 0 87 833 1650 317
p 2 0 95 825 1573 324
p 2 0 93 827 1675 321
p 2 0 92 828 1552 319
p 2 0 91 829 1665 317
p 2 0 89 831 1608 320
p 2 0 95 825 1763 328
p 2 0 97 823 1556 325
p 2 0 90 830 1676 322
p 2 0 87 833 1612 319
p 2 0 93 827 1671 326
p 2 0 89 831 1548 315
p 2 0 82 838 1686 310
p 2 0 89 831 1586 315
p 2 0 88 832 1711 320
p 2 0 85 835 1577 312
p 2 0 82 838 1676 312
p 2 0 84 836 1675 313
p 2 0 82 838 1737 310
p 2 0 84 836 1689 318
p 2 0 83 837 1773 318
p 2 0 85 835 1670 318
p 2 0 83 837 1764 314
i 2 920 0 0 14869 3428
p 2 0 609 311 771 702
p 2 0 557 363 665 655
p 2 0 197 723 363 358
p 2 0 427 493 533 526
p 2 0 211 709 359 352
p 2 0 265 655 400 395
p 2 0 96 824 269 265
p 2 0 131 789 299 296
p 2 0 15 905 210 209
p 2 0 58 862 244 240
p 2 0 17 903 210 209
p 2 0 21 899 212 212
p 2 0 4 916 200 200
p 2 0 5 915 202 201
p 2 0 1 919 198 198
p 2 0 34 886 223 221
p 2 0 2 918 199 198
p 2 0 27 893 216 216
p 2 0 10 910 204 204
p 2 0 25 895 215 215
p 2 0 14 906 207 207
p 2 0 53 867 236 236
p 2 0 45 875 229 228
p 2 0 50 870 233 233
p 2 0 23 897 214 214
p 2 0 64 856 240 240
p 2 0 8 912 204 204
p 2 0 30 890 218 218
p 2 0 8 912 203 202
p 2 0 2 918 199 199
p 2 0 1 919 198 198
p 2 0 3 917 199 199
p 2 0 1 919 198 198
p 2 0 4 916 200 200
p 2 0 1 919 198 198
p 2 0 3 917 199 199
p 2 0 0 920 197 197
p 2 0 2 918 199 199
p 2 0 8 912 203 203
p 2 0 13 907 206 206
p 2 0 3 917 199 199
p 2 0 23 897 213 213
p 2 0 1 919 199 198
p 2 0 13 907 207 207
p 2 0 6 914 201 201
p 2 0 6 914 201 201
i 2 920 0 0 64582 4452
p 2 0 324 596 602 500
p 2 0 223 697 418 396
p 2 0 103 817 396 284
p 2 0 88 832 274 268
p 2 0 28 892 222 220
p 2 0 32 888 312 222
p 2 0 12 908 210 208
p 2 0 9 911 206 205
p 2 0 6 914 308 202
p 2 0 12 908 215 208
p 2 0 6 914 204 203
p 2 0 24 896 331 216
p 2 0 9 911 210 205
p 2 0 10 910 212 206
p 2 0 8 912 298 204
p 2 0 8 912 208 203
p 2 0 1 919 198 198
p 2 0 10 910 268 205
p 2 0 7 913 210 203
p 2 0 4 916 205 201
p 2 0 4 916 247 200
p 2 0 8 912 211 204
p 2 0 3 917 200 199
p 2 0 9 911 252 204
p 2 0 1 919 201 198
p 2 0 3 917 200 200
p 2 0 9 911 250 204
p 2 0 6 914 205 202
p 2 0 8 912 205 205
p 2 0 7 913 246 204
p 2 0 5 915 208 201
p 2 0 5 915 204 201
p 2 0 4 916 246 200
p 2 0 5 915 203 201
p 2 0 6 914 203 201
p 2 0 6 914 243 201
p 2 0 6 914 207 201
p 2 0 8 912 203 203
p 2 0 2 918 301 199
p 2 0 3 917 203 200
p 2 0 4 916 203 201
p 2 0 0 920 197 197
p 2 0 3 917 199 199
p 2 0 2 918 200 198
p 2 0 1 919 199 199
p 2 0 1 919 198 198
p 2 0 1 919 198 198
p 2 0 6 914 298 202
p 2 0 4 916 204 201
p 2 0 6 914 202 202
p 2 0 5 915 260 200
p 2 0 7 913 206 203
p 2 0 3 917 201 200
p 2 0 7 913 252 203
p 2 0 2 918 199 199
p 2 0 1 919 199 198
p 2 0 6 914 300 201
p 2 0 10 910 206 204
p 2 0 1 919 198 198
p 2 0 3 917 299 200
p 2 0 4 916 204 199
p 2 0 5 915 203 202
p 2 0 6 914 257 202
p 2 0 5 915 204 201
p 2 0 3 917 201 201
p 2 0 4 916 247 201
p 2 0 2 918 199 199
p 2 0 3 917 201 199
p 2 0 7 913 306 201
p 2 0 1 919 204 198
p 2 0 1 919 198 198
p 2 0 3 917 296 199
p 2 0 2 918 198 198
p 2 0 0 920 197 197
p 2 0 5 915 296 200
p 2 0 3 917 203 199
p 2 0 4 916 201 201
p 2 0 7 913 304 202
p 2 0 3 917 204 200
p 2 0 2 918 199 199
p 2 0 3 917 299 200
p 2 0 4 916 204 201
p 2 0 7 913 204 204
p 2 0 2 918 293 199
p 2 0 0 920 197 197
p 2 0 0 920 197 197
p 2 0 3 917 256 200
p 2 0 3 917 201 199
p 2 0 2 918 199 199
p 2 0 2 918 244 199
p 2 0 4 916 201 200
p 2 0 1 919 199 198
p 2 0 2 918 296 199
p 2 0 0 920 197 197
p 2 0 1 919 199 198
p 2 0 4 916 292 201
p 2 0 3 917 203 200
p 2 0 0 920 197 197
p 2 0 5 915 256 201
p 2 0 5 915 206 201
p 2 0 1 919 198 198
p 2 0 3 917 243 200
p 2 0 4 916 205 200
p 2 0 2 918 198 198
p 2 0 3 917 246 199
p 2 0 1 919 199 198
p 2 0 1 919 199 198
p 2 0 3 917 247 199
p 2 0 1 919 199 198
p 2 0 0 920 197 197
p 2 0 0 920 197 197
p 2 0 0 920 197 197
p 2 0 0 920 197 197
p 2 0 3 917 299 199
p 2 0 2 918 202 199
p 2 0 0 920 197 197
p 2 0 0 920 197 197
p 2 0 0 920 197 197
p 2 0 0 920 197 197
p 2 0 0 920 197 197
p 2 0 0 920 197 197
i 2 920 0 0 53347 4216
p 2 0 273 647 542 458
p 2 0 230 690 413 398
p 2 5 298 617 17893 788
p 2 0 222 698 843 417
p 2 0 80 840 364 267
p 2 3 232 685 16726 666
p 2 0 203 717 910 406
p 2 0 70 850 342 258
p 2 2 219 699 15414 621
p 2 0 180 740 883 387
p 2 0 96 824 445 289
p 2 1 83 836 644 286
p 2 0 64 856 318 250
p 2 0 47 873 315 237
p 2 1 22 897 660 226
p 2 0 21 899 249 215
p 2 0 13 907 224 206
p 2 1 29 890 649 234
p 2 0 22 898 254 216
p 2 0 16 904 231 211
p 2 0 11 909 641 210
p 2 0 5 915 223 202
p 2 0 4 916 205 200
p 2 1 37 882 634 237
p 2 0 19 901 240 215
p 2 0 17 903 224 211
p 2 0 10 910 377 210
p 2 0 28 892 279 220
p 2 0 12 908 215 205
p 2 0 12 908 590 210
p 2 0 11 909 221 207
p 2 0 19 901 237 212
p 2 0 14 906 658 214
p 2 0 22 898 241 216
p 2 0 9 911 211 205
p 2 1 6 913 440 213
p 2 0 4 916 207 201
p 2 0 10 910 215 205
p 2 1 9 910 641 215
p 2 0 8 912 214 203
p 2 0 6 914 203 202
p 2 1 7 912 564 212
p 2 0 3 917 209 200
p 2 0 3 917 200 199
p 2 0 8 912 629 205
p 2 0 8 912 221 203
p 2 0 13 907 228 206
p 2 1 6 913 554 211
p 2 0 8 912 213 204
p 2 0 13 907 226 207
p 2 0 7 913 635 205
p 2 0 15 905 237 211
p 2 0 7 913 210 203
p 2 1 6 913 442 213
p 2 0 4 916 202 201
p 2 0 8 912 211 202
p 2 1 3 916 623 210
p 2 0 8 912 213 203
p 2 0 3 917 201 200
p 2 0 3 917 202 199
p 2 0 1 919 198 198
p 2 0 1 919 199 198
p 2 1 5 914 557 209
p 2 0 6 914 218 203
p 2 0 3 917 203 199
p 2 0 6 914 364 207
p 2 0 2 918 202 199
p 2 0 2 918 200 199
p 2 1 4 915 625 211
p 2 0 8 912 209 202
p 2 0 4 916 204 201
p 2 1 4 915 556 210
p 2 0 8 912 209 204
p 2 0 6 914 204 201
p 2 0 8 912 634 207
p 2 0 3 917 205 200
p 2 0 4 916 203 200
p 2 1 6 913 445 213
p 2 0 11 909 224 205
p 2 0 2 918 201 199
p 2 1 3 916 625 211
p 2 0 3 917 206 199
p 2 0 3 917 202 199
p 2 1 11 908 576 217
p 2 0 4 916 208 202
p 2 0 5 915 210 202
p 2 0 5 915 621 204
p 2 0 3 917 206 199
p 2 0 2 918 203 199
p 2 1 4 915 438 213
p 2 0 4 916 210 201
p 2 0 2 918 203 198
p 2 0 3 917 584 203
p 2 0 3 917 203 199
p 2 0 2 918 202 199
p 2 0 4 916 362 205
p 2 0 6 914 204 202
p 2 0 2 918 201 199
p 2 1 4 915 625 211
p 2 0 5 915 212 201
p 2 0 0 920 197 197
p 2 1 3 916 556 209
p 2 0 1 919 200 198
p 2 0 2 918 200 198
p 2 0 9 911 640 206
p 2 0 3 917 211 199
p 2 0 1 919 198 198
p 2 1 3 916 548 209
p 2 0 3 917 207 199
p 2 0 0 920 197 197
p 2 0 5 915 366 205
p 2 0 6 914 211 201
p 2 0 2 918 201 199
p 2 0 0 920 197 197
p 2 0 0 920 197 197
p 2 0 3 917 202 200
p 2 0 0 920 197 197
p 2 0 0 920 197 197
p 2 0 5 915 205 201
p 2 0 5 915 397 202
p 2 0 4 916 210 201
p 2 0 3 917 203 200
p 2 0 9 911 335 204
p 2 0 14 906 217 208
p 2 0 5 915 202 201
p 2 0 13 907 365 210
p 2 0 4 916 215 201
p 2 0 2 918 199 199
p 2 0 1 919 200 198
p 2 0 2 918 210 199
p 2 0 1 919 199 198
p 2 0 5 915 340 204
p 2 0 2 918 201 199
p 2 0 1 919 198 198
p 2 0 0 920 197 197
p 2 0 0 920 197 197
p 2 0 1 919 198 198
p 2 0 1 919 198 198
p 2 0 2 918 198 198
p 2 0 0 920 197 197
p 2 0 0 920 197 197
p 2 0 2 918 201 198
p 2 0 1 919 199 198
p 2 0 1 919 198 198
p 2 0 4 916 200 200
p 2 0 1 919 198 198
p 2 0 1 919 198 198
p 2 0 0 920 197 197
p 2 0 0 920 197 197
p 2 0 7 913 381 205
p 2 0 4 916 207 201
p 2 0 5 915 205 202
p 2 0 6 914 328 203
p 2 0 3 917 201 200
p 2 0 2 918 199 199
p 2 0 6 914 323 203
p 2 0 3 917 206 199
p 2 0 2 918 200 199
p 2 0 4 916 320 201
p 2 0 3 917 207 200
p 2 0 1 919 199 198
p 2 0 5 915 347 202
p 2 0 4 916 219 200
p 2 0 4 916 213 200
p 2 0 6 914 326 203
p 2 0 2 918 199 199
p 2 0 1 919 199 198
p 2 0 4 916 328 200
p 2 0 3 917 203 199
p 2 0 3 917 206 199
p 2 0 7 913 332 203
p 2 0 5 915 208 200
p 2 0 1 919 199 198
p 2 0 4 916 317 203
p 2 0 2 918 205 199
p 2 0 1 919 199 198
p 2 0 5 915 377 203
p 2 0 5 915 210 202
p 2 0 1 919 200 198
p 2 0 4 916 329 202
p 2 0 2 918 199 199
p 2 0 2 918 199 199
p 2 0 3 917 319 201
p 2 0 3 917 206 200
p 2 0 1 919 198 198
p 2 0 4 916 383 202
p 2 0 1 919 199 198
p 2 0 0 920 197 197
p 2 0 5 915 330 203
p 2 0 3 917 200 200
p 2 0 7 913 210 204
p 2 0 3 917 347 201
p 2 0 6 914 217 203
p 2 0 5 915 206 201
p 2 0 12 908 334 207
p 2 0 3 917 209 200
p 2 0 4 916 204 201
p 2 0 4 916 321 201
p 2 0 4 916 209 202
p 2 0 1 919 198 198
p 2 0 0 920 197 197
p 2 0 0 920 197 197
p 2 0 2 918 202 199
p 2 0 1 919 199 198
p 2 0 0 920 197 197
p 2 0 0 920 197 197
p 2 0 0 920 197 197
p 2 0 0 920 197 197
p 2 0 0 920 197 197
p 2 0 4 916 378 202
p 2 0 3 917 204 200
p 2 0 1 919 200 198
p 2 0 4 916 327 201
p 2 0 4 916 202 201
p 2 0 0 920 197 197
p 2 0 3 917 346 201
p 2 0 2 918 203 199
p 2 0 1 919 199 198
p 2 0 4 916 355 203
p 2 0 3 917 201 199
p 2 0 0 920 197 197
p 2 0 4 916 329 201
p 2 0 2 918 204 199
p 2 0 4 916 202 199
p 2 0 5 915 311 201
p 2 0 4 916 205 200
p 2 0 1 919 198 198
p 2 0 3 917 388 200
p 2 0 4 916 215 201
p 2 0 2 918 209 200
p 2 0 4 916 327 202
p 2 0 3 917 202 200
p 2 0 0 920 197 197
p 2 0 4 916 326 201
p 2 0 2 918 205 199
p 2 0 0 920 197 197
p 2 0 4 916 324 202
p 2 0 1 919 200 198
p 2 0 1 919 199 198
p 2 0 5 915 321 202
p 2 0 2 918 201 199
p 2 0 0 920 197 197
p 2 0 4 916 392 202
p 2 0 4 916 216 200
p 2 0 2 918 209 199
p 2 0 5 915 334 202
p 2 0 4 916 206 202
p 2 0 1 919 198 198
p 2 0 7 913 327 204
p 2 0 280 640 1144 480
p 2 0 82 838 363 267
p 2 0 31 889 439 223
p 2 0 15 905 219 209
p 2 0 12 908 220 206
p 2 0 13 907 340 208
p 2 0 6 914 210 202
p 2 0 4 916 203 200
p 2 0 5 915 339 202
p 2 0 4 916 217 200
p 2 0 8 912 212 204
p 2 0 3 917 213 201
p 2 0 3 917 204 199
p 2 0 12 908 226 207
p 2 0 4 916 321 201
p 2 0 5 915 206 202
p 2 0 6 914 204 202
p 2 0 6 914 323 203
p 2 0 5 915 212 202
p 2 0 2 918 201 198
p 2 5 203 712 17667 689
p 2 0 148 772 805 352
p 2 0 53 867 353 248
p 2 3 205 712 15067 601
p 2 0 151 769 827 358
p 2 0 59 861 328 247
p 2 0 210 710 14234 600
p 2 0 167 753 866 374
p 2 0 69 851 423 263
p 2 0 20 900 244 214
p 2 0 53 867 348 242
p 2 0 27 893 256 217
p 2 0 12 908 213 205
p 2 0 8 912 206 203
p 2 0 4 916 205 200
p 2 0 3 917 204 200
p 2 0 5 915 202 200
p 2 0 3 917 204 200
i 2 920 0 0 56944 4471
p 2 0 234 686 467 411
p 2 0 198 722 374 368
p 2 0 110 810 297 292
p 2 0 58 862 249 247
p 2 0 44 876 235 233
p 2 0 18 902 342 215
p 2 0 22 898 221 212
p 2 0 3 917 201 199
p 2 0 8 912 267 205
p 2 0 8 912 206 204
p 2 0 3 917 201 200
p 2 0 4 916 329 203
p 2 0 3 917 204 200
p 2 0 9 911 205 204
p 2 0 14 906 270 210
p 2 0 6 914 206 202
p 2 0 8 912 206 205
p 2 0 4 916 272 202
p 2 0 3 917 203 200
p 2 0 5 915 205 201
p 2 0 4 916 304 202
p 2 0 8 912 207 204
p 2 0 13 907 212 207
p 2 0 5 915 282 203
p 2 0 3 917 203 201
p 2 0 2 918 199 199
p 2 0 3 917 200 199
p 2 0 1 919 198 198
p 2 0 3 917 200 200
p 2 0 3 917 264 203
p 2 0 4 916 205 200
p 2 0 5 915 202 201
p 2 0 4 916 201 201
p 2 0 4 916 204 200
p 2 0 7 913 203 202
p 2 0 6 914 332 206
p 2 0 3 917 202 199
p 2 0 4 916 201 200
p 2 0 3 917 261 203
p 2 0 4 916 206 201
p 2 0 3 917 204 199
p 2 0 4 916 308 202
p 2 0 3 917 204 200
p 2 0 5 915 205 201
p 2 0 14 906 277 211
p 2 0 2 918 199 199
p 2 0 5 915 203 201
p 2 0 3 917 328 203
p 2 0 4 916 206 202
p 2 0 4 916 206 201
p 2 0 3 917 255 202
p 2 0 1 919 198 198
p 2 0 1 919 198 198
p 2 0 7 913 282 204
p 2 0 4 916 206 201
p 2 0 5 915 203 202
p 2 0 3 917 259 201
p 2 0 2 918 200 199
p 2 0 1 919 198 198
p 2 0 2 918 276 200
p 2 0 4 916 205 201
p 2 0 3 917 201 200
p 2 0 2 918 200 199
p 2 0 3 917 199 199
p 2 0 1 919 198 198
p 2 0 5 915 262 203
p 2 0 1 919 201 198
p 2 0 1 919 198 198
p 2 0 3 917 266 202
p 2 0 1 919 201 198
p 2 0 1 919 200 198
p 2 0 162 758 12379 481
p 2 0 125 795 709 325
p 2 0 49 871 354 241
p 2 0 162 758 11701 486
p 2 0 131 789 772 337
p 2 0 67 853 381 257
p 2 0 168 752 12303 493
p 2 0 132 788 716 338
p 2 0 54 866 328 245
p 2 0 167 753 11795 476
p 2 0 131 789 711 335
p 2 0 74 846 417 267
p 2 0 36 884 282 229
p 2 0 16 904 232 210
p 2 0 9 911 213 203
p 2 0 5 915 210 201
p 2 0 3 917 202 200
p 2 0 4 916 205 201
p 2 0 4 916 205 201
p 2 0 4 916 211 200
p 2 0 3 917 200 199
p 2 0 1 919 198 198
p 2 0 1 919 199 198
i 2 920 0 0 50347 4411
p 2 0 913 7 17933 1423
p 2 0 914 6 8371 1372
p 2 29 886 5 39197 2004
p 2 1 912 7 18520 1481
p 2 1 904 15 17070 1365
p 2 29 889 2 41546 2007
p 2 1 917 2 19918 1552
p 2 1 913 6 19398 1492
p 2 47 873 0 46146 2148
p 2 0 915 5 21593 1568
p 2 0 915 5 20433 1500
p 2 24 893 3 43632 2063
p 2 0 915 5 21913 1541
p 2 0 915 5 20126 1478
p 2 0 917 3 20084 1481
p 2 0 913 7 19549 1451
p 2 0 916 4 19287 1434
p 2 0 914 6 18832 1379
p 2 0 918 2 18784 1348
p 2 0 915 5 18685 1336
p 2 0 917 3 18826 1374
p 2 0 915 5 17951 1390
p 2 0 916 4 18145 1400
p 2 0 915 5 16896 1431
p 2 0 914 6 14991 1418
p 2 0 914 6 12502 1415
p 2 0 913 7 9368 1389
p 2 0 915 5 7066 1371
p 2 0 915 5 9536 1382
p 2 0 916 4 14390 1414
p 2 0 914 6 17454 1447
p 2 0 916 4 17882 1433
p 2 0 917 3 18149 1436
p 2 0 917 3 17608 1388
p 2 0 915 5 17087 1369
p 2 0 917 3 15208 1386
p 2 0 916 4 16809 1439
p 2 0 915 5 16132 1433
p 2 0 918 2 14047 1405
p 2 0 916 4 10773 1362
p 2 0 915 5 7467 1325
p 2 0 918 2 11006 1298
p 2 0 918 2 13228 1332
p 2 0 914 6 11044 1307
p 2 0 909 11 12432 1403
p 2 0 902 18 12341 1438
p 2 0 904 16 13617 1477
p 2 0 908 12 11943 1414
p 2 0 907 13 9638 1319
p 2 0 906 14 11915 1370
p 2 0 900 20 14386 1439
p 2 0 875 45 15676 1457
p 2 0 760 160 9553 1109
p 2 0 692 228 5611 920
p 2 0 655 265 6022 876
p 2 0 686 234 8206 925
p 2 0 645 275 4353 856
p 2 0 699 221 8103 949
p 2 0 726 194 8811 980
p 2 0 692 228 25062 1319
p 2 0 407 513 1560 627
p 2 0 211 709 718 394
p 2 3 550 367 22813 1168
p 2 0 436 484 1649 652
p 2 0 204 716 698 390
p 2 11 548 361 21543 1214
p 2 0 366 554 1426 580
p 2 0 184 736 579 366
p 2 0 474 446 20107 1069
p 2 0 408 512 1547 631
p 2 0 167 753 562 354
p 2 106 466 348 42696 2020
p 2 0 310 610 1152 519
p 2 0 119 801 423 308
p 2 19 532 369 33548 1468
p 2 0 360 560 1533 596
p 2 0 194 726 729 385
p 2 22 518 380 38410 1513
p 2 0 371 549 1587 602
p 2 0 152 768 537 341
p 2 0 161 759 586 345
p 2 0 76 844 349 264
p 2 0 50 870 337 249
p 2 0 39 881 300 234
p 2 0 40 880 316 238
p 2 0 64 856 392 262
p 2 0 64 856 377 257
p 2 0 20 900 267 219
p 2 0 11 909 237 209
p 2 0 9 911 233 208
p 2 0 8 912 233 207
p 2 0 8 912 231 209
p 2 0 6 914 228 207
p 2 0 3 917 223 204
i 2 920 0 0 79834 5254
p 2 10 910 0 31193 1820
p 2 2 918 0 32130 1797
p 2 1 919 0 30458 1749
p 2 1 919 0 30236 1739
p 2 0 920 0 28728 1763
p 2 0 920 0 28843 1770
p 2 2 918 0 27596 1782
p 2 4 916 0 27725 1746
p 2 2 918 0 26479 1777
p 2 3 917 0 25928 1726
p 2 4 916 0 26071 1717
p 2 3 917 0 24252 1727
p 2 4 916 0 25269 1734
p 2 0 920 0 23203 1707
p 2 3 917 0 23673 1752
p 2 5 915 0 22286 1692
p 2 5 915 0 22645 1720
p 2 3 917 0 21785 1705
p 2 1 919 0 21927 1694
p 2 2 918 0 20837 1695
p 2 3 917 0 21138 1747
p 2 2 918 0 20836 1708
p 2 4 916 0 21282 1759
p 2 7 913 0 20103 1714
p 2 0 920 0 20427 1732
p 2 3 917 0 20166 1681
p 2 3 917 0 20198 1673
p 2 5 915 0 19937 1686
p 2 3 917 0 20225 1685
p 2 1 919 0 19987 1656
p 2 4 916 0 21379 1662
p 2 1 919 0 21065 1672
p 2 10 910 0 21846 1755
p 2 2 918 0 21573 1664
p 2 9 911 0 25145 1901
p 2 7 913 0 26907 1921
p 2 21 899 0 28575 2052
p 2 10 910 0 30919 2035
p 2 23 897 0 34046 2126
p 2 21 899 0 37024 2233
p 2 17 903 0 39317 2302
p 2 23 897 0 41141 2349
p 2 44 876 0 43188 2437
p 2 26 894 0 43976 2407
p 2 22 898 0 45464 2423
p 2 45 875 0 46342 2474
p 2 37 883 0 46076 2484
p 2 34 886 0 46031 2440
p 2 37 883 0 45580 2440
p 2 33 887 0 44410 2362
p 2 28 892 0 42681 2325
p 2 13 907 0 40777 2241
p 2 9 911 0 38639 2208
p 2 15 905 0 37754 2217
p 2 21 899 0 35976 2184
p 2 14 906 0 34963 2069
p 2 17 903 0 32051 2053
p 2 15 905 0 31471 1977
p 2 18 902 0 31618 1928
p 2 8 912 0 24460 1660
p 2 7 913 0 25757 1635
p 2 2 917 1 26273 1584
p 2 7 912 1 27784 1629
p 2 5 913 2 26656 1619
p 2 3 917 0 26330 1611
p 2 8 912 0 23253 1584
p 2 5 915 0 24172 1594
p 2 4 916 0 20535 1516
p 2 5 915 0 21487 1503
p 2 0 918 2 18496 1410
p 2 3 916 1 14621 1380
p 2 12 905 3 12220 1355
p 2 2 916 2 10693 1320
p 2 6 914 0 7450 1287
p 2 5 915 0 5983 1204
p 2 0 919 1 8164 1193
p 2 1 919 0 12567 1272
p 2 0 917 3 20686 1411
p 2 1 919 0 22568 1506
p 2 2 917 1 23371 1536
p 2 0 917 3 25531 1539
p 2 12 904 4 29522 1860
p 2 12 907 1 31492 1860
p 2 11 908 1 33074 1865
p 2 7 912 1 34414 1874
p 2 10 909 1 36588 1901
p 2 8 912 0 40552 1910
p 2 5 912 3 42200 1948
p 2 7 913 0 44038 1942
p 2 5 913 2 43197 1927
p 2 7 913 0 44209 1935
p 2 8 911 1 44109 1933
p 2 9 910 1 44058 1929
p 2 8 911 1 43473 1943
p 2 9 905 6 43771 1947
p 2 7 912 1 44246 1934
p 2 9 909 2 43983 1949
p 2 16 904 0 42434 1937
p 2 14 903 3 41847 1935
p 2 27 892 1 41721 1959
p 2 26 893 1 40356 1965
p 2 25 894 1 42180 1957
p 2 33 887 0 38811 1979
p 2 38 881 1 41526 1996
p 2 47 873 0 40439 2027
p 2 41 879 0 43714 2044
p 2 0 913 7 32185 1529
p 2 0 914 6 35206 1501
p 2 0 898 22 33546 1445
p 2 0 906 14 34596 1465
p 2 0 893 27 34656 1450
p 2 0 909 11 34834 1468
p 2 0 893 27 34479 1459
p 2 0 898 22 34931 1468
p 2 0 894 26 34676 1460
p 2 0 905 15 34466 1475
p 2 0 900 20 34778 1456
p 2 0 902 18 34286 1482
p 2 0 896 24 34792 1465
p 2 0 901 19 34353 1468
p 2 0 894 26 35835 1449
p 2 0 895 25 34214 1442
p 2 0 889 31 36095 1450
p 2 0 901 19 33222 1459
p 2 0 902 18 35976 1467
p 2 0 903 17 34212 1449
p 2 0 895 25 34508 1436
p 2 0 898 22 33102 1429
p 2 0 904 16 34821 1440
p 2 0 907 13 33135 1431
p 2 0 891 29 34090 1422
p 2 0 902 18 33996 1423
p 2 0 889 31 33969 1415
p 2 0 902 18 34085 1425
p 2 0 897 23 34420 1432
p 2 0 909 11 34964 1444
p 2 0 913 7 34627 1441
p 2 0 898 22 35058 1441
p 2 0 910 10 33623 1424
p 2 0 897 23 35780 1426
p 2 0 904 16 34369 1437
p 2 0 909 11 35243 1448
p 2 0 901 19 33494 1436
p 2 0 911 9 35619 1459
p 2 0 900 20 33441 1431
p 2 0 916 4 35052 1450
p 2 0 908 12 34129 1434
p 2 0 907 13 34429 1446
p 2 0 908 12 33976 1459
p 2 0 898 22 34584 1433
p 2 0 902 18 33884 1429
p 2 0 895 25 34238 1430
p 2 0 898 22 33986 1432
p 2 0 903 17 34215 1456
p 2 0 897 23 33892 1427
p 2 0 905 15 35075 1458
p 2 0 898 22 34635 1436
p 2 0 909 11 33933 1441
p 2 0 900 20 35211 1429
p 2 0 911 9 33883 1457
p 2 0 905 15 35520 1419
p 2 0 909 11 34189 1424
p 2 0 906 14 35381 1454
p 2 0 911 9 33788 1442
p 2 0 907 13 35932 1451
p 2 0 911 9 34082 1454
p 2 0 909 11 35290 1465
p 2 0 911 9 35118 1464
p 2 0 908 12 35822 1484
p 2 0 902 18 34860 1465
p 2 0 908 12 36114 1465
p 2 0 898 22 34301 1462
p 2 0 910 10 35201 1487
p 2 0 917 3 35119 1472
p 2 0 906 14 34807 1453
p 2 0 902 18 34347 1448
i 2 920 0 0 57083 4374
p 2 2 914 4 15456 1438
p 2 2 912 6 18406 1578
p 2 0 913 7 19612 1493
p 2 2 912 6 19730 1542
p 2 2 910 8 21070 1601
p 2 4 911 5 22679 1639
p 2 5 909 6 22278 1650
p 2 2 914 4 23069 1632
p 2 5 903 12 25533 1667
p 2 8 906 6 25818 1709
p 2 3 910 7 26499 1719
p 2 6 910 4 28461 1739
p 2 1 918 1 28473 1734
p 2 4 914 2 28826 1744
p 2 5 912 3 30820 1766
p 2 1 915 4 30289 1728
p 2 4 910 6 31128 1747
p 2 3 912 5 31954 1744
p 2 2 914 4 31872 1771
p 2 3 912 5 32012 1737
p 2 2 910 8 33091 1706
p 2 2 915 3 32461 1700
p 2 5 904 11 32920 1706
p 2 5 908 7 33913 1712
p 2 2 913 5 33092 1691
p 2 5 906 9 33547 1645
p 2 0 919 1 34535 1675
p 2 4 913 3 34314 1723
p 2 3 907 10 33987 1741
p 2 4 908 8 34514 1706
p 2 5 912 3 32595 1749
p 2 6 909 5 32732 1735
p 2 3 912 5 33316 1757
p 2 2 907 11 32564 1708
p 2 6 911 3 31323 1778
p 2 4 912 4 32081 1726
p 2 5 908 7 30630 1756
p 2 6 910 4 29143 1672
p 2 8 907 5 28041 1616
p 2 13 900 7 23175 1586
p 2 4 910 6 17569 1536
p 2 17 895 8 16200 1517
p 2 2 913 5 20975 1533
p 2 2 911 7 27782 1587
p 2 4 907 9 31125 1659
p 2 13 901 6 32265 1658
p 2 13 896 11 31573 1705
p 2 8 897 15 31032 1639
p 2 7 903 10 22519 1548
p 2 6 909 5 25405 1596
p 2 6 902 12 32637 1636
p 2 6 907 7 23120 1545
p 2 7 905 8 28906 1604
p 2 6 906 8 28792 1583
p 2 6 904 10 32247 1590
p 2 3 914 3 29579 1615
p 2 2 908 10 33197 1615
p 2 0 912 8 30596 1594
p 2 0 906 14 31068 1634
p 2 0 911 9 26665 1500
p 2 0 906 14 26246 1502
p 2 1 914 5 16255 1432
p 2 2 914 4 27214 1529
p 2 0 919 1 27986 1526
p 2 3 916 1 28776 1525
p 2 0 920 0 20217 1388
p 2 0 919 1 13609 1316
p 2 1 918 1 7954 1207
p 2 1 919 0 8189 1136
p 2 0 918 2 13780 1237
p 2 0 920 0 16426 1276
p 2 5 915 0 20429 1393
p 2 1 919 0 19409 1360
p 2 0 919 1 18097 1362
p 2 1 918 1 15423 1348
p 2 0 919 1 10121 1272
p 2 1 919 0 5813 1157
p 2 0 916 4 7190 1088
p 2 0 918 2 14380 1241
p 2 1 917 2 24042 1381
p 2 0 916 4 32658 1571
p 2 0 918 2 33219 1612
p 2 0 916 4 33329 1578
p 2 0 916 4 33923 1588
p 2 0 915 5 33018 1597
p 2 0 916 4 33336 1561
p 2 0 919 1 35634 1698
p 2 1 918 1 28069 1524
p 2 0 920 0 23184 1485
p 2 0 916 4 12078 1424
p 2 0 914 6 19377 1447
p 2 0 918 2 30998 1527
p 2 0 914 6 31963 1527
p 2 2 915 3 32144 1575
p 2 0 916 4 32715 1571
p 2 0 917 3 27511 1515
p 2 0 917 3 17257 1374
p 2 0 908 12 8852 1257
p 2 0 918 2 21936 1398
p 2 0 918 2 27376 1502
p 2 0 919 1 28827 1550
p 2 0 916 4 29944 1581
p 2 0 912 8 15998 1446
p 2 1 915 4 12955 1426
p 2 0 915 5 27260 1519
p 2 0 917 3 27432 1536
p 2 0 918 2 27226 1499
p 2 0 916 4 7896 1299
p 2 0 918 2 21887 1445
p 2 0 916 4 24828 1513
p 2 66 848 6 50864 2199
p 2 0 907 13 13765 1430
p 2 0 916 4 23989 1536
p 2 67 850 3 51263 2224
p 2 0 912 8 13849 1401
p 2 0 910 10 22801 1510
p 2 62 849 9 47038 2193
p 2 0 897 23 26308 1517
p 2 0 844 76 21282 1343
p 2 61 721 138 43133 1962
p 2 0 581 339 2773 831
p 2 0 366 554 1731 567
p 2 116 494 310 43462 2009
p 2 0 405 515 2056 631
p 2 0 308 612 1739 515
p 2 107 397 416 40326 1818
p 2 0 296 624 1742 525
p 2 0 212 708 1378 418
p 2 115 423 382 42319 1904
p 2 0 313 607 1830 552
p 2 0 213 707 1473 424
p 2 154 339 427 44061 2025
p 2 0 277 643 1926 511
p 2 0 165 755 1339 370
p 2 0 159 761 1757 371
p 2 0 263 657 1581 460
p 2 0 183 737 1498 387
p 2 0 143 777 1608 347
p 2 0 138 782 1376 342
p 2 0 119 801 1184 322
p 2 58 404 458 41303 1603
p 2 0 350 570 2141 605
p 2 0 186 734 1503 392
p 2 63 405 452 39210 1627
p 2 0 318 602 2058 553
p 2 0 206 714 1356 405
p 2 52 441 427 40740 1592
p 2 0 346 574 2130 618
p 2 0 237 683 1552 446
p 2 57 509 354 39878 1668
p 2 0 355 565 2179 602
p 2 0 171 749 1456 376
p 2 0 163 757 2324 377
p 2 0 249 671 1656 452
p 2 0 179 741 1574 388
p 2 1 169 750 2069 384
p 2 0 124 796 1381 329
p 2 0 120 800 1326 327
p 2 0 121 799 2206 340
p 2 0 149 771 1339 358
p 2 0 132 788 1415 342
p 2 2 131 787 1834 360
p 2 0 74 846 431 266
p 2 0 98 822 1107 305
p 2 2 104 814 1807 327
p 2 0 110 810 1147 309
p 2 0 87 833 1247 297
p 2 1 102 817 1904 325
p 2 0 103 817 1411 317
p 2 0 107 813 1227 313
p 2 0 103 817 2033 318
p 2 0 97 823 1248 306
p 2 0 89 831 1417 304
p 2 2 117 801 1854 342
p 2 0 102 818 1339 304
p 2 0 82 838 1271 291
p 2 2 105 813 1908 328
p 2 0 104 816 1403 313
p 2 0 120 800 1323 327
p 2 1 97 822 1994 320
p 2 0 104 816 1359 312
p 2 0 108 812 1443 322
p 2 0 106 814 2177 328
p 2 0 79 841 469 270
p 2 0 96 824 1236 304
p 2 1 99 820 2040 319
p 2 0 92 828 1320 303
p 2 0 91 829 1437 305
p 2 0 101 819 1627 316
p 2 0 88 832 1380 298
p 2 0 90 830 1337 303
p 2 2 92 826 1993 324
p 2 0 104 816 1199 308
p 2 0 91 829 1276 299
p 2 1 100 819 1852 319
p 2 0 95 825 1337 305
p 2 0 100 820 1178 303
p 2 0 102 818 2087 320
p 2 0 93 827 1290 308
p 2 0 91 829 1362 301
p 2 1 89 830 1682 311
p 2 0 89 831 1292 297
p 2 0 84 836 1231 294
p 2 2 91 827 1979 316
p 2 0 91 829 1338 300
p 2 0 61 859 416 255
p 2 1 87 832 1818 309
p 2 0 85 835 1280 295
p 2 0 83 837 1168 289
p 2 0 88 832 1986 305
p 2 0 85 835 1218 296
p 2 0 82 838 1292 293
p 2 0 83 837 1153 287
p 2 0 79 841 1350 294
p 2 0 80 840 1224 294
p 2 1 84 835 2028 311
p 2 0 85 835 1256 294
p 2 0 84 836 1713 307
p 2 0 80 840 1192 288
p 2 0 83 837 1325 290
i 2 920 0 0 83301 4925
p 2 0 243 677 563 427
p 2 0 201 719 1007 379
p 2 0 109 811 2393 309
p 2 0 107 813 1775 301
p 2 0 55 865 2047 266
p 2 0 61 859 2486 265
p 2 0 46 874 2142 255
p 2 0 37 883 2314 248
p 2 0 42 878 2763 254
p 2 0 47 873 2218 255
p 2 0 51 869 2226 260
p 2 0 38 882 2721 249
p 2 0 36 884 2124 246
p 2 0 47 873 2202 256
p 2 0 36 884 2733 245
p 2 0 31 889 2116 242
p 2 0 28 892 2330 239
p 2 0 34 886 2622 246
p 2 0 43 877 1824 251
p 2 0 41 879 1998 248
p 2 0 36 884 2074 244
p 2 0 35 885 1453 240
p 2 0 37 883 1295 243
p 2 0 39 881 1289 240
p 2 0 34 886 299 228
p 2 0 41 879 678 237
p 2 0 44 876 1837 241
p 2 0 40 880 1684 243
p 2 0 46 874 1948 251
p 2 0 38 882 2461 249
p 2 0 31 889 2191 244
p 2 0 34 886 2208 246
p 2 0 32 888 2674 243
p 2 0 32 888 2064 241
p 2 0 37 883 2180 246
p 2 50 151 719 27999 835
p 2 0 176 744 8236 449
p 2 0 167 753 16071 468
p 2 0 165 755 8674 430
p 2 0 166 754 14555 461
p 2 0 144 776 8145 416
p 2 0 152 768 16666 473
p 2 0 146 774 7413 418
p 2 0 152 768 15947 461
p 2 0 146 774 7615 408
p 2 0 145 775 13724 433
p 2 0 150 770 6242 409
p 2 0 203 717 20768 526
p 2 0 197 723 5819 453
p 2 0 159 761 12424 439
p 2 0 208 712 14412 503
p 2 0 190 730 14533 491
p 2 0 175 745 7909 444
p 2 0 184 736 22827 528
p 2 0 181 739 8204 454
p 2 0 177 743 16706 497
p 2 0 222 698 14620 530
p 2 0 201 719 15041 510
p 2 0 190 730 8328 461
p 2 0 184 736 16511 490
p 2 0 157 763 8154 424
p 2 1 160 759 15636 465
p 2 0 153 767 8350 417
p 2 0 155 765 14290 443
p 2 0 139 781 8045 402
p 2 1 150 769 15702 474
p 2 0 147 773 7522 406
p 2 0 143 777 16359 457
p 2 0 134 786 7567 397
p 2 0 148 772 13676 436
p 2 0 140 780 6709 402
p 2 0 155 765 13357 441
p 2 0 135 785 6138 387
p 2 0 142 778 12772 427
p 2 0 147 773 7194 402
p 2 0 154 766 14002 448
p 2 0 141 779 7101 403
p 2 1 149 770 15588 462
p 2 0 147 773 7526 416
p 2 1 157 762 16322 480
p 2 0 136 784 7880 404
p 2 0 152 768 14335 459
p 2 0 148 772 7762 417
p 2 0 162 758 16260 471
p 2 0 143 777 7931 412
p 2 0 148 772 15393 444
p 2 0 136 784 8479 412
p 2 0 155 765 14059 445
p 2 0 135 785 8036 408
p 2 1 142 777 16492 459
p 2 0 136 784 7467 406
p 2 0 142 778 15998 450
p 2 0 131 789 7677 394
p 2 0 137 783 13599 430
p 2 0 139 781 6784 402
p 2 0 150 770 12958 437
p 2 0 138 782 6260 389
p 2 0 161 759 13109 449
p 2 0 154 766 7619 412
p 2 0 148 772 14263 441
p 2 0 139 781 7391 401
p 2 0 136 784 15709 447
p 2 0 140 780 7311 408
p 2 0 144 776 16462 471
p 2 0 143 777 8208 413
p 2 0 144 776 14407 445
p 2 0 138 782 7453 407
p 2 0 149 771 15901 459
p 2 0 136 784 7682 411
p 2 0 139 781 15160 449
p 2 0 141 779 7795 411
p 2 0 142 778 13972 440
p 2 0 147 773 7411 415
p 2 0 148 772 15676 465
p 2 0 139 781 6711 403
p 2 0 136 784 15415 450
p 2 0 130 790 6888 392
p 2 0 133 787 13217 425
p 2 0 128 792 6238 388
p 2 0 129 791 12568 416
p 2 0 123 797 5673 377
p 2 0 123 797 1156 332
p 2 0 93 827 1855 297
p 2 0 93 827 1689 296
p 2 0 55 865 1720 260
p 2 0 46 874 2188 251
p 2 0 37 883 1980 244
p 2 0 58 862 2018 264
p 2 113 185 622 40839 1363
p 2 0 162 758 2589 378
p 2 0 71 849 2285 277
p 2 9 117 794 8684 415
p 2 0 69 851 2332 282
p 2 0 80 840 2326 281
p 2 2 105 813 8673 375
p 2 0 95 825 2506 303
p 2 0 79 841 2534 287
p 2 6 98 816 8958 394
p 2 0 72 848 2204 286
p 2 0 55 865 1976 260
p 2 6 82 832 7917 373
p 2 0 78 842 1567 286
p 2 0 41 879 1378 246
p 2 5 79 836 7035 360
p 2 0 69 851 510 267
p 2 0 51 869 852 247
p 2 6 79 835 7660 360
p 2 0 57 863 1768 267
p 2 0 47 873 2015 254
p 2 10 62 848 8098 365
p 2 0 65 855 2259 276
p 2 0 37 883 2343 246
p 2 3 74 843 8636 354
p 2 0 65 855 2334 275
p 2 0 46 874 2250 255
p 2 5 81 834 8827 372
p 2 0 64 856 2266 273
p 2 0 43 877 2234 252
p 2 5 74 841 8419 361
p 2 0 58 862 2275 272
p 2 0 51 869 2338 257
p 2 5 79 836 8391 378
p 2 0 69 851 1973 285
p 2 0 50 870 2056 259
p 2 6 73 841 7464 358
p 2 0 56 864 1696 266
p 2 0 38 882 1173 243
p 2 10 68 842 7049 364
p 2 0 52 868 455 251
p 2 0 38 882 810 235
p 2 2 71 847 7894 335
p 2 0 63 857 1810 271
p 2 0 41 879 1996 254
p 2 5 72 843 8128 365
p 2 0 63 857 2221 276
p 2 0 53 867 2754 264
p 2 0 46 874 2713 255
p 2 1 42 877 2467 259
p 2 0 39 881 2191 249
p 2 0 36 884 2735 245
p 2 0 35 885 2153 246
p 2 0 33 887 2220 244
p 2 0 30 890 2766 242
p 2 0 31 889 2258 242
p 2 0 31 889 2335 243
p 2 81 171 668 34646 1111
p 2 0 169 751 2251 387
p 2 4 149 767 16595 485
p 2 0 114 806 2440 329
p 2 0 156 764 13789 440
p 2 0 127 793 2485 354
p 2 0 130 790 13270 402
p 2 0 122 798 870 327
p 2 0 136 784 14552 432
p 2 0 126 794 2523 341
p 2 2 140 778 16523 456
p 2 0 136 784 2388 355
p 2 71 95 754 24734 866
p 2 0 83 837 2292 296
p 2 5 141 774 18158 497
p 2 0 138 782 3258 351
p 2 2 142 776 15128 464
p 2 0 125 795 3475 362
p 2 0 126 794 14795 427
p 2 0 132 788 2595 355
p 2 2 134 784 17118 472
p 2 0 141 779 3087 359
p 2 4 140 776 18398 502
p 2 0 123 797 2615 344
p 2 0 94 826 2785 299
p 2 0 59 861 1694 262
p 2 0 43 877 2042 251
p 2 0 37 883 1910 243
p 2 0 40 880 1546 247
p 2 0 43 877 1123 246
p 2 0 32 888 1237 233
p 2 0 28 892 355 224
p 2 0 32 888 763 228
p 2 62 101 757 24990 846
p 2 0 93 827 1785 301
p 2 4 124 792 16454 454
p 2 0 106 814 2744 328
p 2 0 127 793 14373 421
p 2 0 119 801 3616 358
p 2 0 119 801 14406 409
p 2 0 109 811 2455 330
p 2 2 116 802 15567 434
p 2 0 104 816 3003 324
p 2 1 121 798 17028 434
p 2 0 115 805 2609 339
p 2 71 91 758 24640 861
p 2 0 79 841 2343 291
p 2 4 123 793 18204 475
p 2 0 114 806 3215 337
p 2 2 122 796 14654 442
p 2 0 116 804 3323 356
p 2 0 123 797 14524 424
p 2 0 114 806 1923 338
p 2 2 117 801 16039 455
p 2 0 100 820 1713 311
p 2 5 113 802 16559 464
p 2 0 109 811 1279 322
p 2 63 97 760 25024 847
p 2 0 92 828 1800 303
p 2 4 116 800 16475 448
p 2 0 109 811 2897 328
p 2 0 116 804 14415 414
p 2 0 100 820 2582 321
p 2 0 114 806 14576 403
p 2 0 475 445 5026 750
p 2 2 229 689 15847 543
p 2 0 149 771 3073 363
p 2 1 159 760 17119 469
p 2 0 139 781 2523 357
p 2 70 154 696 24875 912
p 2 0 107 813 2412 315
p 2 5 156 759 17974 506
p 2 0 151 769 3130 367
p 2 2 172 746 14584 487
p 2 0 129 791 3337 369
p 2 0 131 789 14284 433
p 2 0 138 782 1918 358
p 2 2 136 782 15923 471
p 2 0 131 789 1763 342
p 2 4 140 776 16805 494
p 2 0 120 800 1236 328
p 2 63 107 750 24931 854
p 2 0 96 824 1968 308
p 2 4 136 780 16541 465
p 2 0 127 793 2794 346
p 2 0 129 791 14334 421
p 2 0 123 797 3595 361
p 2 0 116 804 14484 402
p 2 0 99 821 2461 319
p 2 1 112 807 15601 425
p 2 0 109 811 3025 328
p 2 2 118 800 16962 439
p 2 0 104 816 2548 326
p 2 0 60 860 2785 269
p 2 0 38 882 2113 249
p 2 0 31 889 2162 242
p 2 0 37 883 2695 244
p 2 0 40 880 1601 246
p 2 0 31 889 1955 239
p 2 0 29 891 1954 236
p 2 0 30 890 1470 237
i 2 920 0 0 44254 4609
p 2 0 863 57 10435 1325
p 2 0 895 25 11787 1413
p 2 0 898 22 11532 1398
p 2 0 913 7 11534 1396
p 2 0 892 28 11631 1411
p 2 0 903 17 11799 1416
p 2 0 891 29 11811 1392
p 2 0 905 15 11915 1433
p 2 0 894 26 11410 1416
p 2 0 897 23 11207 1400
p 2 0 889 31 11447 1413
p 2 0 888 32 11294 1423
p 2 0 872 48 11112 1381
p 2 0 892 28 11469 1408
p 2 0 898 22 10881 1396
p 2 0 907 13 10817 1430
p 2 0 910 10 10945 1421
p 2 0 900 20 10637 1394
p 2 0 887 33 10916 1409
p 2 0 881 39 10640 1381
p 2 0 893 27 10559 1371
p 2 0 890 30 10417 1389
p 2 0 898 22 10291 1408
p 2 0 906 14 10182 1406
p 2 0 888 32 10425 1415
p 2 0 875 45 10366 1382
p 2 0 882 38 10477 1392
p 2 0 897 23 10549 1411
p 2 0 889 31 10044 1399
p 2 0 890 30 10010 1396
p 2 0 905 15 10037 1415
p 2 0 895 25 10169 1409
p 2 0 880 40 9770 1376
p 2 0 893 27 9946 1375
i 2 920 0 0 48426 4565
p 2 0 891 29 12014 1314
p 2 0 909 11 14157 1412
p 2 0 891 29 13343 1354
p 2 0 907 13 14074 1376
p 2 0 888 32 14460 1429
p 2 0 890 30 13851 1390
p 2 0 878 42 14012 1363
p 2 0 891 29 14113 1411
p 2 0 900 20 14468 1403
p 2 0 900 20 13852 1399
p 2 0 907 13 14867 1429
p 2 0 890 30 13804 1389
p 2 0 886 34 14368 1377
p 2 0 887 33 14251 1392
p 2 0 882 38 14004 1384
p 2 0 880 40 14251 1378
p 2 0 889 31 14224 1407
p 2 0 905 15 14391 1407
p 2 0 900 20 13839 1388
p 2 0 890 30 14820 1383
p 2 0 899 21 13855 1390
p 2 0 888 32 14444 1373
p 2 0 901 19 14023 1395
p 2 0 907 13 14188 1398
p 2 0 876 44 14343 1385
p 2 0 888 32 14229 1388
p 2 0 901 19 14591 1396
p 2 0 874 46 13727 1374
p 2 0 892 28 15059 1397
p 2 0 898 22 14232 1398
p 2 0 883 37 14486 1385
p 2 0 900 20 14494 1419
p 2 0 902 18 14379 1402
p 2 0 896 24 14296 1389
i 2 920 0 0 101795 5420
p 2 0 205 715 908 397
p 2 0 162 758 2696 367
p 2 85 381 454 45526 1672
p 2 0 327 593 4296 582
p 2 0 207 713 3638 436
p 2 77 369 474 45402 1628
p 2 20 432 468 32886 1251
p 2 9 483 428 29264 1176
p 2 28 444 448 42521 1383
p 2 11 465 444 27122 1105
p 2 8 471 441 26064 1088
p 2 28 404 488 40849 1260
p 2 11 481 428 25518 1083
p 2 3 444 473 22530 976
p 2 28 389 503 34934 1190
p 2 12 397 511 20959 932
p 2 8 400 512 18846 885
p 2 28 384 508 29521 1127
p 2 6 409 505 16658 897
p 2 7 355 558 15425 834
p 2 33 401 486 41193 1239
p 2 7 399 514 14163 837
p 2 9 362 549 13653 775
p 2 29 430 461 31575 1122
p 2 9 347 564 8161 710
p 2 8 366 546 8683 691
p 2 28 370 522 29895 995
p 2 6 312 602 8497 637
p 2 1 221 698 6204 490
p 2 1 359 560 24383 762
p 2 0 360 560 6707 640
p 2 0 336 584 6041 604
p 2 1 256 663 8165 538
p 2 0 296 624 6075 547
p 2 0 294 626 6370 553
p 2 0 295 625 8427 565
p 2 0 213 707 6212 475
p 2 0 263 657 6474 526
p 2 2 259 659 8059 539
p 2 0 268 652 6111 525
p 2 0 209 711 5869 464
p 2 2 241 677 7769 520
p 2 0 255 665 5890 508
p 2 0 243 677 6140 496
p 2 1 203 716 8247 474
p 2 0 214 706 4466 453
p 2 0 213 707 4648 449
p 2 1 271 648 5050 507
p 2 0 174 746 1540 385
p 2 0 233 687 3566 455
p 2 1 242 677 7721 514
p 2 0 228 692 6067 475
p 2 0 223 697 5969 476
p 2 2 193 725 7750 471
p 2 0 170 750 5825 430
p 2 0 194 726 5636 449
p 2 2 197 721 7878 482
p 2 0 202 718 6050 459
p 2 0 190 730 6215 450
p 2 0 196 724 8121 463
p 2 0 173 747 6223 427
p 2 0 185 735 6201 442
p 2 1 193 726 7966 469
p 2 0 196 724 5912 451
p 2 0 194 726 6051 455
p 2 1 200 719 7647 472
p 2 0 175 745 5721 436
p 2 0 176 744 6057 432
p 2 1 187 732 8313 468
p 2 0 172 748 4290 409
p 2 0 187 733 4760 423
p 2 1 220 699 4816 459
p 2 0 144 776 1288 349
p 2 0 182 738 3344 398
p 2 0 198 722 7582 462
p 2 0 184 736 5963 432
p 2 0 174 746 5774 426
p 2 1 182 737 7545 462
p 2 0 182 738 5784 437
p 2 0 172 748 5554 427
p 2 1 175 744 7400 450
p 2 0 175 745 6014 434
p 2 0 186 734 6094 445
p 2 1 317 602 26192 746
p 2 0 286 634 6747 559
p 2 0 214 706 6310 471
p 2 9 317 594 26898 797
p 2 0 296 624 6579 577
p 2 0 244 676 6292 506
p 2 5 317 598 28101 790
p 2 0 290 630 6306 563
p 2 0 221 699 6073 468
p 2 10 310 600 27640 802
p 2 0 295 625 4977 559
p 2 0 271 649 5011 503
p 2 1 281 638 5108 529
p 2 0 190 730 1650 392
p 2 0 259 661 3707 480
p 2 1 245 674 7659 514
p 2 0 242 678 6128 490
p 2 0 228 692 6063 483
p 2 0 244 676 7836 505
p 2 0 179 741 5730 428
p 2 0 218 702 5784 473
p 2 2 225 693 8065 513
p 2 0 243 677 6226 500
p 2 0 241 679 6427 501
p 2 0 254 666 8435 517
p 2 0 182 738 6293 442
p 2 0 198 722 6237 452
p 2 1 216 703 8250 497
p 2 0 238 682 6090 491
p 2 0 211 709 6024 471
p 2 1 212 707 7783 483
p 2 0 185 735 5912 445
p 2 0 201 719 6173 458
p 2 1 209 710 8461 489
p 2 0 216 704 4959 457
p 2 0 182 738 4339 415
p 2 2 182 736 5209 435
p 2 0 196 724 1656 403
p 2 0 209 711 3832 433
p 2 0 199 721 7601 468
p 2 0 186 734 6291 438
p 2 0 200 720 5941 459
p 2 1 197 722 8045 481
p 2 0 203 717 5794 454
p 2 0 177 743 5911 437
p 2 1 196 723 7960 478
p 2 0 180 740 5959 444
p 2 0 182 738 6175 437
p 2 0 181 739 8281 450
p 2 0 185 735 6245 451
p 2 0 179 741 6380 440
p 2 2 187 731 7745 470
p 2 0 172 748 6101 432
p 2 0 190 730 5741 445
p 2 0 200 720 7839 472
p 2 0 182 738 5629 435
p 2 0 175 745 6098 432
p 2 1 176 743 7939 445
p 2 0 169 751 4554 405
p 2 0 171 749 3938 406
p 2 1 172 747 5155 423
p 2 0 157 763 1618 367
p 2 0 171 749 3699 393
p 2 1 168 751 6877 437
p 2 0 174 746 6177 425
p 2 0 168 752 6171 428
p 2 0 177 743 7407 441
p 2 0 177 743 5890 439
p 2 0 178 742 5905 439
p 2 2 171 747 7454 452
p 2 0 169 751 6191 429
i 2 920 0 0 62289 4783
p 2 0 164 756 418 343
p 2 0 143 777 393 316
p 2 13 498 409 28310 1309
p 2 0 383 537 1505 609
p 2 0 168 752 622 356
p 2 11 486 423 22089 1172
p 2 0 329 591 1325 554
p 2 0 127 793 471 311
p 2 0 484 436 19811 1074
p 2 0 356 564 1454 585
p 2 0 171 749 606 362
p 2 0 108 812 818 301
p 2 0 94 826 419 285
p 2 0 115 805 505 308
p 2 0 68 852 591 264
p 2 0 38 882 288 229
p 2 0 28 892 258 222
p 2 0 65 855 606 268
p 2 0 40 880 295 234
p 2 0 62 858 365 254
p 2 0 23 897 835 222
p 2 0 11 909 232 207
p 2 0 22 898 251 216
p 2 0 27 893 504 227
p 2 0 27 893 273 220
p 2 0 19 901 240 212
p 2 0 19 901 453 219
p 2 0 14 906 220 209
p 2 0 8 912 214 202
p 2 0 23 897 803 220
p 2 0 15 905 224 209
p 2 0 8 912 215 204
p 2 0 4 916 203 201
p 2 0 3 917 210 200
p 2 0 6 914 212 202
p 2 0 5 915 445 208
p 2 0 6 914 210 202
p 2 0 6 914 423 211
p 2 0 4 916 204 202
p 2 0 1 919 200 198
i 2 920 0 0 76096 5045
p 2 0 176 744 480 361
p 2 0 129 791 405 316
p 2 28 515 377 45172 1531
p 2 0 415 505 1807 670
p 2 0 216 704 710 398
p 2 10 523 387 39001 1378
p 2 0 363 557 1710 608
p 2 0 159 761 593 351
p 2 4 487 429 35563 1228
p 2 0 400 520 1943 654
p 2 0 170 750 680 364
p 2 1 124 795 1677 346
p 2 0 95 825 456 287
p 2 0 149 771 632 342
p 2 3 82 835 1279 310
p 2 0 51 869 319 243
p 2 0 45 875 302 235
p 2 1 100 819 1725 325
p 2 0 52 868 320 246
p 2 0 73 847 403 267
p 2 6 55 859 709 294
p 2 0 46 874 271 232
p 2 0 31 889 267 222
p 2 11 39 870 1634 297
p 2 0 26 894 279 223
p 2 0 14 906 234 209
p 2 2 50 868 1235 275
p 2 0 25 895 268 222
p 2 0 18 902 239 212
p 2 1 32 887 1432 259
p 2 0 23 897 260 222
p 2 0 12 908 223 207
p 2 0 14 906 224 209
p 2 0 11 909 217 205
p 2 2 25 893 1152 255
p 2 0 13 907 233 215
p 2 2 19 899 540 240
p 2 0 12 908 208 206
p 2 0 1 919 198 198
p 2 0 6 914 202 202
i 2 920 0 0 54427 4516
p 2 0 120 800 361 304
p 2 0 98 822 298 282
p 2 0 42 878 234 231
p 2 0 48 872 238 235
p 2 0 23 897 218 215
p 2 0 14 906 488 211
p 2 0 14 906 218 209
p 2 0 6 914 207 203
p 2 0 5 915 436 203
p 2 0 6 914 212 203
p 2 0 5 915 211 202
p 2 0 6 914 405 203
p 2 0 5 915 209 202
p 2 0 4 916 207 201
p 2 0 5 915 427 202
p 2 0 1 919 201 199
p 2 0 3 917 203 200
p 2 0 4 916 324 204
p 2 0 3 917 203 200
p 2 0 4 916 205 201
p 2 0 4 916 476 202
p 2 0 3 917 203 200
p 2 0 3 917 201 200
p 2 0 6 914 441 204
p 2 0 5 915 209 202
p 2 0 4 916 204 201
p 2 0 4 916 321 205
p 2 0 3 917 200 200
p 2 0 4 916 201 201
p 2 0 4 916 472 203
p 2 0 5 915 208 202
p 2 0 2 918 199 198
p 2 0 2 918 432 201
p 2 0 3 917 212 199
p 2 0 0 920 197 197
p 2 0 2 918 391 201
p 2 0 1 919 202 199
p 2 0 0 920 197 197
p 2 0 2 918 427 201
p 2 0 2 918 206 199
p 2 0 0 920 197 197
p 2 0 2 918 399 200
p 2 0 4 916 205 201
p 2 0 1 919 200 198
p 2 0 2 918 316 203
p 2 0 1 919 203 198
p 2 0 1 919 200 198
p 2 0 2 918 509 202
p 2 0 3 917 211 201
p 2 0 1 919 200 198
p 2 0 0 920 197 197
p 2 0 0 920 197 197
p 2 0 0 920 197 197
i 2 920 0 0 9301 2957
p 2 86 47 787 9349 776
p 2 188 157 575 22054 1507
p 2 302 159 459 28109 2187
p 2 350 231 339 32791 2672
p 2 89 563 268 32228 2031
p 2 1 678 241 14672 1140
p 2 0 680 240 13802 1088
p 2 0 663 257 13681 1040
p 2 0 667 253 13322 1045
p 2 0 660 260 12475 1043
p 2 0 658 262 12546 1041
p 2 3 679 238 16282 1113
p 2 1 672 247 15989 1087
p 2 0 671 249 13945 1051
p 2 0 670 250 14573 1067
p 2 0 659 261 12916 1064
p 2 0 671 249 12655 1075
p 2 6 674 240 17402 1146
p 2 1 675 244 15532 1090
p 2 0 670 250 14549 1084
p 2 0 664 256 14210 1080
p 2 0 669 251 12420 1065
p 2 0 659 261 12771 1066
p 2 0 680 240 14490 1071
p 2 0 679 241 13769 1056
p 2 0 664 256 12513 1052
p 2 0 677 243 13338 1061
p 2 0 660 260 11772 1058
p 2 0 645 275 12100 1026
p 2 0 674 246 13593 1063
p 2 0 673 247 12608 1043
p 2 0 686 234 12365 1059
p 2 0 674 246 12382 1027
p 2 0 673 247 11483 1036
p 2 0 675 245 12108 1032
p 2 0 683 237 12798 1063
p 2 0 675 245 12673 1046
p 2 0 683 237 11787 1039
p 2 0 665 255 12471 1035
p 2 0 673 247 11898 1050
i 2 920 0 0 74921 4751
p 2 0 262 658 562 445
p 2 0 209 711 934 392
p 2 0 132 788 2378 328
p 2 0 114 806 1705 309
p 2 0 76 844 1917 278
p 2 0 63 857 2325 264
p 2 0 49 871 2012 257
p 2 0 43 877 2255 252
p 2 0 40 880 2663 250
p 2 0 41 879 2181 253
p 2 0 41 879 2219 252
p 2 0 35 885 2593 249
p 2 0 39 881 2151 249
p 2 0 35 885 2253 246
p 2 0 39 881 2735 252
p 2 0 31 889 2149 242
p 2 0 35 885 2237 248
p 2 0 34 886 2635 244
p 2 0 35 885 1642 240
p 2 0 34 886 2007 246
p 2 0 35 885 1933 239
p 2 0 33 887 1477 239
p 2 0 44 876 1088 248
p 2 0 40 880 1419 238
p 2 0 37 883 364 236
p 2 0 34 886 625 232
p 2 0 34 886 1998 237
p 2 0 31 889 1487 235
p 2 0 31 889 1854 240
p 2 0 31 889 2368 244
p 2 0 35 885 2021 247
p 2 0 33 887 2282 243
p 2 0 37 883 2671 249
p 2 0 34 886 2255 248
p 2 0 31 889 2191 244
p 2 0 34 886 2642 245
p 2 0 32 888 2237 246
p 2 0 34 886 2186 246
p 2 0 31 889 2706 245
p 2 0 31 889 2289 242
p 2 0 34 886 2264 248
p 2 0 31 889 2754 244
p 2 0 33 887 1704 244
p 2 0 30 890 2020 242
p 2 0 29 891 1909 238
p 2 0 28 892 1525 235
i 2 920 0 0 62734 4787
p 2 0 159 761 428 337
p 2 0 136 784 393 312
p 2 13 478 429 26696 1276
p 2 0 354 566 1378 566
p 2 0 173 747 594 356
p 2 5 420 495 19132 1030
p 2 0 297 623 1232 521
p 2 0 136 784 459 325
p 2 0 424 496 16604 982
p 2 0 308 612 1214 538
p 2 0 159 761 580 350
p 2 0 148 772 920 336
p 2 0 62 858 324 251
p 2 0 83 837 370 271
p 2 0 62 858 599 257
p 2 0 68 852 381 263
p 2 0 53 867 318 244
p 2 0 64 856 582 268
p 2 0 63 857 393 259
p 2 0 48 872 317 239
p 2 0 22 898 809 220
p 2 0 27 893 268 222
p 2 0 14 906 231 210
p 2 0 51 869 530 250
p 2 0 29 891 274 218
p 2 0 20 900 249 215
p 2 0 30 890 831 227
p 2 0 50 870 323 243
p 2 0 15 905 233 211
p 2 0 24 896 538 222
p 2 0 22 898 260 217
p 2 0 18 902 253 212
p 2 0 19 901 637 219
p 2 0 19 901 266 215
p 2 0 31 889 267 223
p 2 0 15 905 494 216
p 2 0 9 911 223 205
p 2 0 5 915 212 202
p 2 0 8 912 614 210
p 2 0 14 906 244 210
p 2 0 6 914 214 202
p 2 0 12 908 445 219
p 2 0 5 915 208 204
p 2 0 6 914 213 203
p 2 0 10 910 789 210
p 2 0 5 915 212 202
p 2 0 2 918 201 199
p 2 0 0 920 197 197
p 2 0 0 920 197 197
p 2 0 0 920 197 197
p 2 0 7 913 420 213
p 2 0 3 917 208 200
p 2 0 0 920 197 197
p 2 0 0 920 197 197
p 2 0 5 915 209 202
p 2 0 2 918 202 199
p 2 0 1 919 199 198
p 2 0 2 918 200 198
p 2 0 1 919 200 198
p 2 0 0 920 197 197
p 2 0 2 918 201 198
p 2 0 0 920 197 197
p 2 0 0 920 197 197
p 2 0 0 920 197 197
p 2 0 1 919 199 198
p 2 0 0 920 197 197
p 2 0 1 919 200 198
p 2 0 0 920 197 197
p 2 0 0 920 197 197
p 2 0 0 920 197 197
i 2 920 0 0 72906 5042
p 2 0 154 766 444 340
p 2 0 145 775 373 325
p 2 79 458 383 50027 1893
p 2 0 369 551 1773 640
p 2 0 150 770 606 336
p 2 12 491 417 37983 1370
p 2 0 355 565 1763 612
p 2 0 141 779 618 334
p 2 9 474 437 37628 1324
p 2 0 377 543 1877 648
p 2 0 156 764 606 348
p 2 4 147 769 1584 363
p 2 0 112 808 546 306
p 2 0 108 812 533 298
p 2 0 93 827 1166 306
p 2 0 94 826 463 287
p 2 0 20 900 263 217
p 2 0 59 861 1046 279
p 2 0 47 873 335 241
p 2 0 52 868 366 249
p 2 0 60 860 1050 270
p 2 0 61 859 378 253
p 2 0 25 895 261 219
p 2 4 39 877 564 278
p 2 0 37 883 293 233
p 2 0 44 876 323 238
p 2 4 37 879 1271 261
p 2 0 32 888 284 227
p 2 0 27 893 265 222
p 2 0 59 861 1039 270
p 2 0 26 894 273 223
p 2 0 22 898 255 217
p 2 0 31 889 950 248
p 2 0 26 894 269 220
p 2 0 20 900 242 216
p 2 0 30 890 973 245
p 2 0 17 903 250 213
p 2 0 9 911 221 206
p 2 5 15 900 489 258
p 2 0 12 908 227 207
p 2 0 12 908 234 210
p 2 4 20 896 1236 243
p 2 0 12 908 233 207
p 2 0 12 908 230 209
p 2 0 24 896 979 239
p 2 0 18 902 269 215
p 2 0 14 906 230 209
p 2 0 28 892 947 248
p 2 0 15 905 242 211
p 2 0 7 913 220 204
p 2 3 15 902 480 245
p 2 0 8 912 216 210
p 2 0 2 918 205 200
p 2 4 17 899 1236 242
p 2 0 17 903 246 211
p 2 0 4 916 208 201
p 2 0 20 900 957 235
p 2 0 14 906 255 211
p 2 0 6 914 212 203
p 2 0 23 897 930 244
p 2 0 11 909 228 208
p 2 0 5 915 222 204
p 2 0 21 899 944 235
p 2 0 9 911 236 209
p 2 0 5 915 214 203
p 2 0 20 900 925 242
p 2 0 10 910 235 208
p 2 0 3 917 207 201
p 2 0 20 900 966 235
p 2 0 12 908 233 208
p 2 0 6 914 214 203
p 2 5 13 902 483 258
p 2 0 9 911 215 206
p 2 0 12 908 212 206
p 2 0 3 917 208 201
p 2 0 1 919 203 199
i 2 920 0 0 98285 5193
p 2 63 247 610 9434 840
p 2 0 209 711 3347 423
p 2 175 337 408 34473 1794
p 2 0 281 639 5768 532
p 2 122 331 467 42058 1738
p 2 0 327 593 6369 579
p 2 78 360 482 47262 1596
p 2 0 365 555 4971 634
p 2 111 384 425 52237 1893
p 2 0 316 604 4485 579
p 2 0 174 746 3870 404
p 2 0 184 736 5238 421
p 2 0 149 771 3799 379
p 2 0 226 694 4120 459
p 2 2 125 793 4856 375
p 2 0 186 734 3754 411
p 2 0 190 730 3851 420
p 2 1 203 716 4903 440
p 2 0 202 718 3631 427
p 2 0 155 765 3576 384
p 2 0 111 809 4829 347
p 2 0 139 781 2397 351
p 2 0 141 779 2711 357
p 2 1 204 715 3163 416
p 2 0 132 788 843 328
p 2 0 138 782 1945 343
p 2 0 156 764 4322 381
p 2 0 141 779 3187 367
p 2 0 135 785 3404 364
p 2 2 122 796 4559 372
p 2 0 92 828 3419 326
p 2 0 111 809 3478 343
p 2 1 114 805 4888 357
p 2 0 118 802 3587 351
p 2 0 103 817 3699 338
p 2 0 109 811 4952 349
p 2 0 100 820 3720 334
p 2 0 102 818 3837 339
p 2 1 109 810 4848 355
p 2 0 105 815 3538 339
p 2 0 93 827 3489 327
p 2 0 99 821 4100 334
p 2 0 103 817 3329 335
p 2 0 109 811 3751 343
p 2 6 301 613 24981 751
p 2 1 266 653 3493 516
p 2 0 197 723 2743 408
p 2 94 541 285 68881 2004
p 2 0 434 486 2590 696
p 2 0 277 643 2761 486
p 2 41 557 322 55777 1561
p 2 0 502 418 5777 794
p 2 0 316 604 4709 556
p 2 48 478 394 37733 1411
p 2 0 444 476 5275 706
p 2 0 354 566 4809 600
p 2 2 188 730 5184 439
p 2 0 260 660 4398 492
p 2 0 271 649 4639 502
p 2 0 292 628 5671 525
p 2 0 165 755 4301 402
p 2 0 203 717 4456 437
p 2 1 220 699 5377 462
p 2 0 187 733 4211 419
p 2 0 182 738 4137 418
p 2 1 154 765 4876 395
p 2 0 112 808 3752 349
p 2 0 146 774 4026 377
p 2 0 134 786 5256 367
p 2 0 119 801 2713 339
p 2 0 124 796 2976 338
p 2 78 344 498 42977 1522
p 2 0 259 661 1686 482
p 2 0 173 747 2345 387
p 2 47 384 489 40747 1347
p 2 0 372 548 4742 635
p 2 0 225 695 4086 461
p 2 71 379 470 45872 1533
p 2 0 321 599 4280 581
p 2 0 168 752 3567 402
p 2 113 350 457 53403 1871
p 2 0 312 608 3487 576
p 2 0 188 732 2945 410
p 2 172 332 416 57935 2186
p 2 0 328 592 3138 576
p 2 0 245 675 2801 457
p 2 104 395 421 53213 1952
p 2 0 316 604 2931 598
p 2 0 212 708 2318 429
p 2 225 319 376 57692 2450
p 2 0 306 614 3094 561
p 2 0 181 739 2526 397
p 2 190 408 322 57739 2423
p 2 0 339 581 2890 593
p 2 0 233 687 1950 437
p 2 257 358 305 54389 2654
p 2 0 316 604 1689 545
p 2 0 209 711 2114 412
p 2 311 465 144 74591 3222
p 2 0 431 489 4542 725
p 2 0 261 659 3782 481
p 2 202 516 202 62367 2565
p 2 0 431 489 4436 692
p 2 0 244 676 3564 464
p 2 298 423 199 49032 2837
p 2 0 439 481 4381 735
p 2 0 305 615 3903 528
i 2 920 0 0 79530 4795
p 2 0 349 571 4970 567
p 2 0 300 620 6205 530
p 2 138 332 450 31960 1633
p 2 0 263 657 6194 523
p 2 0 308 612 6026 563
p 2 1 331 588 8121 606
p 2 0 235 685 5765 494
p 2 0 225 695 6332 483
p 2 1 214 705 8187 489
p 2 0 177 743 4786 420
p 2 0 189 731 4179 422
p 2 1 192 727 5096 437
p 2 0 167 753 1613 373
p 2 0 172 748 3934 400
p 2 0 187 733 7229 459
p 2 1 174 745 6418 438
p 2 0 181 739 5888 436
p 2 1 172 747 7420 450
p 2 0 175 745 5880 438
i 2 920 0 0 22750 3566
p 2 0 904 16 6524 1266
p 2 5 910 5 6848 1251
p 2 0 914 6 6403 1201
p 2 2 917 1 6794 1240
p 2 1 919 0 6664 1218
p 2 0 914 6 6536 1216
p 2 2 915 3 6580 1208
p 2 0 917 3 7130 1213
p 2 0 915 5 6515 1240
p 2 0 915 5 6835 1238
p 2 0 917 3 6807 1241
p 2 2 917 1 6741 1228
p 2 1 910 9 6844 1232
p 2 3 913 4 6813 1203
p 2 0 916 4 6517 1155
p 2 0 916 4 6167 1171
p 2 1 917 2 6348 1178
p 2 0 919 1 7007 1179
p 2 0 916 4 7058 1192
p 2 4 908 8 7183 1234
p 2 1 919 0 6625 1211
p 2 0 916 4 6701 1184
p 2 0 919 1 6509 1159
p 2 0 916 4 6446 1148
p 2 0 917 3 6288 1161
p 2 0 917 3 6086 1115
p 2 0 912 8 6525 1155
p 2 0 918 2 6852 1159
p 2 3 915 2 6262 1133
p 2 0 919 1 6547 1215
p 2 0 917 3 6483 1153
p 2 0 916 4 6542 1187
p 2 0 916 4 6971 1164
p 2 0 912 8 7124 1189
i 2 920 0 0 22591 3497
p 2 622 298 0 35331 3920
p 2 344 576 0 47408 3585
p 2 200 720 0 42896 3130
p 2 149 770 1 38224 2692
p 2 72 848 0 27578 2175
p 2 30 889 1 26785 2073
p 2 0 908 12 17525 1582
p 2 0 909 11 19989 1455
p 2 0 907 13 18531 1469
p 2 0 903 17 20300 1462
p 2 0 908 12 18549 1447
p 2 0 906 14 20443 1475
p 2 0 908 12 18269 1428
p 2 0 911 9 20041 1465
p 2 0 904 16 17985 1450
p 2 0 909 11 19837 1460
p 2 0 903 17 18237 1463
p 2 0 910 10 19735 1486
p 2 0 904 16 17884 1470
p 2 0 904 16 19581 1469
p 2 0 902 18 18051 1473
p 2 0 913 7 19852 1487
p 2 0 914 6 17841 1462
p 2 0 914 6 19934 1471
p 2 0 904 16 17976 1473
p 2 0 915 5 19744 1491
p 2 0 904 16 17684 1460
p 2 0 913 7 19762 1483
p 2 0 904 16 17977 1463
p 2 1 915 4 19984 1521
p 2 0 905 15 17424 1475
p 2 0 910 10 19420 1470
p 2 0 909 11 17790 1472
p 2 1 911 8 19833 1471
i 2 920 0 0 15625 3167
p 2 301 511 108 22753 2356
p 2 291 577 52 25977 2585
p 2 71 811 38 22944 1958
p 2 30 866 24 20754 1710
p 2 13 888 19 16628 1595
p 2 8 894 18 18825 1578
p 2 6 897 17 16888 1572
p 2 358 559 3 21457 2934
p 2 21 809 90 17347 1505
p 2 7 864 49 13745 1389
p 2 3 844 73 9136 1282
p 2 1 874 45 12099 1296
p 2 3 826 91 9071 1178
p 2 2 875 43 13194 1277
p 2 1 834 85 9155 1161
p 2 1 871 48 13000 1219
p 2 0 837 83 9688 1182
p 2 0 877 43 13358 1251
p 2 0 859 61 9163 1200
p 2 0 894 26 12629 1245
p 2 0 880 40 9177 1190
p 2 1 894 25 13297 1275
p 2 1 873 46 9784 1225
p 2 1 888 31 13773 1285
p 2 1 864 55 10459 1242
p 2 2 894 24 13851 1276
p 2 0 869 51 9830 1236
p 2 0 906 14 13503 1293
p 2 0 882 38 9683 1211
p 2 0 900 20 13494 1284
p 2 0 841 79 9307 1168
p 2 0 898 22 12639 1246
p 2 0 865 55 9311 1205
p 2 0 900 20 12354 1261
i 2 920 0 0 47180 4448
p 2 90 825 5 33279 2381
p 2 56 862 2 27343 2195
p 2 49 871 0 28351 2156
p 2 42 878 0 27122 2110
p 2 44 876 0 26085 2080
p 2 33 887 0 25504 2046
p 2 20 899 1 23008 1923
p 2 550 370 0 53732 4251
p 2 29 887 4 25454 2117
p 2 13 905 2 20736 1889
p 2 21 898 1 19912 1910
p 2 20 898 2 22559 1900
p 2 14 902 4 19909 1866
p 2 9 911 0 19770 1827
p 2 11 909 0 21119 1828
p 2 12 908 0 20155 1797
p 2 19 900 1 20187 1773
p 2 7 913 0 20788 1713
p 2 6 913 1 18602 1685
p 2 2 915 3 18059 1584
i 2 920 0 0 45754 4434
p 2 13 895 12 18303 1653
p 2 6 911 3 17213 1596
p 2 4 912 4 18699 1588
p 2 4 914 2 16027 1568
p 2 4 911 5 15693 1553
p 2 3 913 4 18047 1548
p 2 8 908 4 15827 1526
p 2 4 912 4 15943 1575
p 2 4 914 2 18230 1540
p 2 2 916 2 16045 1528
p 2 0 917 3 16106 1494
p 2 2 916 2 18371 1507
p 2 3 916 1 16307 1547
p 2 3 915 2 16805 1501
p 2 3 916 1 18408 1580
p 2 2 915 3 16693 1484
p 2 4 913 3 17004 1560
p 2 3 915 2 18448 1511
p 2 2 916 2 17435 1510
p 2 1 915 4 16802 1495
p 2 0 920 0 17347 1492
p 2 1 919 0 16038 1443
p 2 1 916 3 16290 1452
p 2 3 917 0 17056 1450
p 2 1 912 7 16605 1466
i 2 920 0 0 7108 2977
p 2 0 638 282 818 715
p 2 11 648 261 4214 814
p 2 16 373 531 5505 711
p 2 138 384 398 17669 1291
p 2 0 197 723 594 373
p 2 236 278 406 37104 1990
p 2 0 222 698 1056 434
p 2 0 196 724 979 379
p 2 279 331 310 50037 2478
p 2 0 376 544 1846 607
p 2 0 204 716 1446 420
p 2 298 487 135 49595 2832
p 2 1 472 447 2492 764
p 2 0 369 551 1878 614
p 2 247 527 146 43774 2579
p 2 0 546 374 2451 803
p 2 0 369 551 2009 582
p 2 198 571 151 34762 2322
p 2 0 465 455 2265 720
p 2 0 432 488 2217 633
p 2 155 478 287 21295 1832
p 2 0 495 425 2174 733
p 2 0 354 566 1694 546
p 2 63 427 430 15781 1234
p 2 0 410 510 1391 589
p 2 0 344 576 772 498
p 2 13 332 575 10743 816
p 2 0 315 605 744 478
p 2 0 245 675 467 399
p 2 13 351 556 10335 820
p 2 0 239 681 685 427
p 2 0 161 759 412 336
p 2 0 149 771 583 328
p 2 0 116 804 320 289
p 2 0 70 850 268 253
p 2 0 45 875 440 236
p 2 0 49 871 248 234
p 2 0 34 886 222 220
p 2 0 18 902 213 210
p 2 0 7 913 209 203
p 2 0 4 916 204 201
p 2 2 6 912 295 212
p 2 0 1 919 199 198
p 2 0 1 919 198 198
p 2 0 0 920 197 197
p 2 0 1 919 198 198
i 2 920 0 0 14451 3305
p 2 0 636 284 850 774
p 2 10 549 361 4921 787
p 2 0 305 615 516 461
p 2 17 340 563 9598 670
p 2 0 158 762 427 334
p 2 36 196 688 11265 685
p 2 0 122 798 434 302
p 2 52 97 771 11290 708
p 2 0 77 843 368 269
p 2 47 121 752 11140 699
p 2 0 116 804 470 306
p 2 47 109 764 11485 732
p 2 0 86 834 433 282
p 2 11 162 747 12461 574
p 2 0 115 805 550 318
p 2 5 138 777 13498 523
p 2 0 105 815 600 311
p 2 8 141 771 15055 555
p 2 0 114 806 580 311
p 2 0 42 878 295 236
p 2 117 133 670 22084 1132
p 2 0 153 767 585 346
p 2 0 88 832 360 278
p 2 94 219 607 23529 1202
p 2 0 173 747 641 368
p 2 0 127 793 402 309
p 2 110 246 564 25808 1359
p 2 0 219 701 773 415
i 2 920 0 0 39194 3992
p 2 0 505 415 4959 945
p 2 0 486 434 5384 945
p 2 5 686 229 21646 1466
p 2 0 632 288 5708 1126
p 2 0 568 352 5794 1054
p 2 9 701 210 21134 1486
p 2 1 636 283 6285 1146
p 2 1 560 359 5954 1043
p 2 5 684 231 21076 1460
p 2 0 645 275 6368 1151
p 2 0 549 371 6058 1057
p 2 5 708 207 21546 1506
p 2 0 623 297 6661 1190
p 2 0 581 339 6126 1109
p 2 5 697 218 22053 1512
p 2 0 649 271 7223 1244
p 2 1 546 373 6363 1146
p 2 1 697 222 20308 1497
p 2 0 651 269 7084 1251
p 2 0 586 334 6490 1162
p 2 2 697 221 20534 1526
p 2 0 651 269 7062 1239
p 2 0 565 355 6048 1141
p 2 3 706 211 21040 1554
p 2 0 630 290 7045 1236
p 2 1 550 369 6675 1153
p 2 3 694 223 22127 1571
p 2 0 649 271 7746 1257
p 2 0 555 365 7205 1173
p 2 7 683 230 22127 1566
p 2 0 646 274 7937 1244
i 2 920 0 0 33289 4453
p 2 180 710 30 39043 2878
p 2 133 759 28 36503 2650
p 2 76 826 18 28539 2429
p 2 34 869 17 30218 2212
p 2 31 859 30 40494 2007
p 2 42 857 21 32283 2026
p 2 0 877 43 19494 1532
p 2 0 916 4 16619 1599
p 2 1 901 18 13331 1520
p 2 0 887 33 15384 1384
p 2 0 886 34 26877 1523
p 2 37 859 24 28318 1932
p 2 0 910 10 21284 1576
p 2 0 916 4 19429 1515
p 2 0 903 17 24755 1620
p 2 0 873 47 27698 1431
p 2 0 890 30 24849 1443
p 2 0 871 49 14674 1431
p 2 0 876 44 12082 1277
p 2 17 880 23 23924 1557
p 2 1 878 41 25047 1584
p 2 0 894 26 17636 1407
p 2 0 877 43 21976 1444
p 2 0 909 11 27349 1532
p 2 0 892 28 21580 1428
p 2 0 906 14 23203 1450
p 2 0 878 42 22070 1435
p 2 2 913 5 21412 1544
p 2 0 893 27 23423 1502
p 2 0 893 27 25924 1482
p 2 0 885 35 20714 1356
p 2 1 874 45 18715 1400
p 2 0 889 31 31822 1507
p 2 0 900 20 17270 1350
p 2 0 844 76 7733 1189
p 2 2 868 50 22648 1360
p 2 5 894 21 21222 1389
p 2 0 873 47 13992 1303
p 2 0 888 32 26221 1417
p 2 0 869 51 18087 1310
i 2 920 0 0 52411 4004
p 2 0 329 591 568 480
p 2 47 526 347 35817 1331
p 2 0 378 542 1233 557
p 2 42 459 419 36109 1254
p 2 0 296 624 1102 495
p 2 76 414 430 38975 1397
p 2 0 280 640 1123 485
p 2 44 401 475 36300 1207
p 2 0 292 628 1249 506
p 2 31 411 478 35936 1145
p 2 0 284 636 1354 498
p 2 63 365 492 42174 1354
p 2 0 276 644 1213 487
p 2 0 241 679 11940 539
p 2 67 328 525 31578 1227
p 2 0 324 596 12291 633
p 2 0 201 719 885 398
p 2 58 385 477 42993 1345
p 2 0 294 626 1264 505
p 2 0 258 662 12003 544
p 2 59 314 547 30173 1150
p 2 0 358 562 12590 650
p 2 0 219 701 910 413
p 2 68 336 516 42452 1386
p 2 0 274 646 1164 485
p 2 0 150 770 431 321
p 2 5 213 702 18220 627
p 2 0 198 722 841 396
p 2 5 226 689 18314 641
p 2 0 186 734 862 379
p 2 5 196 719 17710 609
p 2 0 185 735 1012 379
p 2 23 228 669 21279 820
p 2 0 193 727 1074 391
p 2 21 168 731 20642 705
p 2 0 169 751 725 370
p 2 22 165 733 20840 736
p 2 0 146 774 725 346
p 2 25 175 720 20854 751
p 2 0 134 786 707 335
p 2 0 206 714 17982 615
p 2 0 143 777 819 355
p 2 1 189 730 16928 595
p 2 0 152 768 826 366
p 2 10 223 687 20747 741
p 2 0 175 745 809 378
p 2 24 188 708 20778 758
p 2 0 158 762 777 361
p 2 0 225 695 18119 634
p 2 0 146 774 788 361
p 2 5 200 715 18623 638
p 2 0 162 758 838 370
p 2 0 194 726 12610 482
p 2 0 141 779 752 342
p 2 0 181 739 11520 465
p 2 0 135 785 720 333
p 2 0 175 745 11664 459
p 2 0 134 786 759 334
p 2 0 161 759 11521 448
p 2 0 120 800 678 322
p 2 0 160 760 11639 445
p 2 0 115 805 673 314
p 2 0 157 763 11471 442
p 2 0 120 800 698 321
p 2 0 158 762 11601 443
p 2 0 114 806 672 313
p 2 0 158 762 11490 441
p 2 0 114 806 670 313
p 2 0 156 764 11603 439
p 2 0 111 809 687 317
i 2 920 0 0 23116 3306
p 2 0 456 464 726 619
p 2 0 384 536 550 531
p 2 9 216 695 4997 528
p 2 0 228 692 519 407
p 2 0 83 837 297 266
p 2 57 152 711 12634 790
p 2 0 100 820 434 288
p 2 0 52 868 278 240
p 2 66 133 721 18145 883
p 2 0 108 812 601 312
p 2 0 48 872 291 237
p 2 77 170 673 22853 1096
p 2 0 122 798 608 322
p 2 0 46 874 275 235
p 2 60 193 667 25383 1094
p 2 0 178 742 791 395
p 2 0 67 853 339 259
p 2 47 235 638 27619 1136
p 2 0 170 750 894 392
p 2 0 98 822 427 288
p 2 91 209 620 29967 1309
p 2 0 163 757 761 370
p 2 0 71 849 350 264
p 2 69 244 607 31857 1268
p 2 0 910 10 19327 1607
p 2 1 912 7 18234 1438
p 2 1 913 6 21530 1724
p 2 5 912 3 19874 1664
p 2 7 913 0 24850 1734
p 2 5 914 1 25457 1846
p 2 7 909 4 18406 1636
p 2 5 904 11 19347 1696
p 2 5 905 10 21506 1703
p 2 14 899 7 22432 1722
p 2 4 909 7 21901 1689
p 2 10 904 6 23398 1796
p 2 13 905 2 17431 1624
p 2 5 915 0 20696 1651
p 2 12 902 6 20439 1720
p 2 27 879 14 18516 1753
p 2 18 895 7 15790 1600
p 2 11 903 6 19224 1695
p 2 11 906 3 17933 1602
p 2 5 913 2 16902 1600
p 2 15 897 8 17332 1597
p 2 10 905 5 19677 1638
p 2 11 903 6 14096 1497
p 2 5 902 13 20767 1598
p 2 12 900 8 20577 1598
p 2 4 909 7 18765 1535
p 2 1 916 3 17154 1547
p 2 0 917 3 17691 1512
p 2 0 907 13 13374 1337
p 2 0 568 352 1507 746
p 2 0 308 612 670 486
p 2 0 233 687 542 403
p 2 0 137 783 370 316
p 2 0 130 790 357 309
p 2 0 141 779 435 318
p 2 0 67 853 295 252
p 2 0 59 861 287 246
p 2 0 35 885 247 227
p 2 0 40 880 282 228
p 2 0 26 894 243 219
p 2 0 25 895 235 217
p 2 0 17 903 239 211
p 2 0 21 899 247 215
p 2 0 13 907 228 208
p 2 0 12 908 213 206
p 2 0 5 915 205 200
i 2 920 0 0 70204 4597
p 2 0 208 712 433 378
p 2 22 460 438 38646 1256
p 2 0 329 591 1244 537
p 2 25 421 474 39560 1239
p 2 0 289 631 1256 505
p 2 26 391 503 38458 1239
p 2 0 363 557 3493 643
p 2 24 382 514 39201 1255
p 2 0 304 616 1695 524
p 2 0 158 762 629 353
p 2 0 166 754 634 352
p 2 0 419 501 19187 751
p 2 0 241 679 1028 431
p 2 0 378 542 18014 704
p 2 2 250 668 1299 456
p 2 0 428 492 18004 750
p 2 0 248 672 1129 444
p 2 0 385 535 18558 718
p 2 0 241 679 1144 440
p 2 0 424 496 18010 749
p 2 2 222 696 1263 436
p 2 0 380 540 18229 711
p 2 0 218 702 1057 420
p 2 0 409 511 18446 746
p 2 0 220 700 1073 416
p 2 0 356 564 18186 695
p 2 0 245 675 1554 452
p 2 0 396 524 17993 732
p 2 0 223 697 1069 419
p 2 0 362 558 18554 698
p 2 0 230 690 1192 441
p 2 0 375 545 17970 711
p 2 0 216 704 1041 417
p 2 0 345 575 18163 683
p 2 0 219 701 1054 420
p 2 1 654 265 42681 1352
p 2 0 443 477 1986 665
p 2 0 430 490 18319 770
p 2 2 515 403 25541 1063
p 2 0 367 553 1578 580
p 2 0 176 744 691 365
p 2 3 370 547 25105 928
p 2 0 248 672 1172 464
p 2 0 104 816 494 294
p 2 4 363 553 25903 917
p 2 0 270 650 1266 484
p 2 0 133 787 539 317
p 2 0 181 739 1134 369
p 2 0 95 825 452 282
p 2 0 67 853 351 254
p 2 0 59 861 753 252
p 2 0 79 841 433 270
p 2 0 30 890 274 222
p 2 0 39 881 702 233
p 2 0 35 885 290 227
p 2 0 27 893 277 222
p 2 0 19 901 630 217
p 2 0 17 903 236 211
p 2 0 11 909 226 205
p 2 1 399 520 18557 748
p 2 0 208 712 1024 409
p 2 0 352 568 18111 692
p 2 0 208 712 1415 410
p 2 0 369 551 17943 714
p 2 0 210 710 1063 413
p 2 0 358 562 18636 700
p 2 0 211 709 1018 412
p 2 0 373 547 17846 704
p 2 0 205 715 1416 408
p 2 0 355 565 18102 694
p 2 0 212 708 1062 413
p 2 1 385 534 18499 733
p 2 0 221 699 1084 423
p 2 0 87 833 441 276
p 2 0 92 828 911 287
p 2 0 71 849 421 263
p 2 0 52 868 352 244
p 2 0 360 560 18533 698
p 2 0 212 708 1030 413
p 2 0 358 562 17870 700
p 2 0 224 696 1069 419
p 2 0 350 570 18046 688
p 2 0 214 706 1448 420
p 2 0 371 549 17884 708
p 2 0 204 716 1234 405
p 2 0 354 566 18069 696
p 2 0 205 715 994 407
p 2 0 363 557 17875 702
i 2 920 0 0 51936 4122
p 2 0 866 54 14689 1237
p 2 0 858 62 19862 1286
p 2 0 862 58 17235 1275
p 2 0 849 71 19452 1284
p 2 0 866 54 17589 1298
p 2 0 862 58 20389 1318
p 2 0 875 45 17688 1307
p 2 0 843 77 18319 1286
p 2 1 858 61 18402 1327
p 2 0 829 91 18407 1274
p 2 0 852 68 17908 1295
p 2 0 865 55 18697 1315
p 2 0 855 65 18226 1295
p 2 0 864 56 18528 1308
p 2 1 863 56 18507 1327
p 2 0 852 68 18442 1296
p 2 0 863 57 18408 1316
p 2 0 845 75 18551 1313
p 2 0 859 61 18365 1313
p 2 0 834 86 18278 1286
p 2 2 865 53 18727 1327
p 2 0 854 66 18510 1314
p 2 0 861 59 18492 1327
p 2 0 851 69 18668 1330
p 2 0 862 58 18449 1321
p 2 0 845 75 18678 1312
p 2 0 860 60 19037 1345
p 2 0 857 63 18897 1333
p 2 0 862 58 18700 1346
p 2 0 844 76 18892 1342
p 2 0 846 74 18583 1322
p 2 0 843 77 18801 1317
p 2 2 857 61 19076 1353
p 2 0 850 70 18767 1348
p 2 0 861 59 18620 1347
p 2 0 854 66 19057 1358
p 2 0 876 44 18578 1347
p 2 0 849 71 18632 1333
p 2 0 854 66 19011 1339
p 2 0 848 72 18785 1330
p 2 0 849 71 18691 1330
p 2 0 846 74 18980 1332
p 2 0 854 66 18688 1334
p 2 0 844 76 18762 1324
p 2 0 863 57 18861 1357
p 2 0 852 68 18993 1343
p 2 0 867 53 18708 1352
p 2 0 855 65 19496 1348
p 2 0 857 63 18813 1356
p 2 0 840 80 18798 1327
p 2 0 866 54 19298 1368
p 2 0 856 64 19034 1352
p 2 0 859 61 18751 1362
p 2 0 836 84 19312 1350
p 2 0 844 76 18478 1346
p 2 0 846 74 19060 1356
p 2 0 873 47 19044 1374
p 2 0 843 77 18877 1356
p 2 0 859 61 18653 1364
p 2 0 856 64 18960 1370
p 2 0 865 55 18483 1375
p 2 0 859 61 18945 1366
p 2 1 854 65 19047 1366
p 2 0 869 51 18893 1360
p 2 0 852 68 18756 1357
p 2 0 874 46 19242 1382
p 2 0 859 61 18824 1356
p 2 0 866 54 19179 1359
p 2 0 860 60 19237 1369
p 2 0 854 66 19081 1358
p 2 0 861 59 18663 1363
p 2 0 859 61 19194 1373
p 2 0 855 65 18816 1349
p 2 0 851 69 19045 1338
p 2 0 848 72 19483 1356
p 2 0 860 60 19465 1357
p 2 0 859 61 18738 1354
p 2 0 852 68 19397 1349
p 2 0 856 64 18710 1350
p 2 0 852 68 19439 1350
p 2 0 861 59 19373 1375
p 2 0 846 74 19325 1365
p 2 0 856 64 18844 1357
p 2 0 843 77 19617 1360
p 2 0 873 47 19122 1383
p 2 0 852 68 19194 1370
p 2 0 861 59 19145 1369
p 2 0 854 66 19303 1354
p 2 0 862 58 18980 1376
p 2 1 853 66 19850 1378
p 2 0 839 81 19431 1366
p 2 0 854 66 19574 1359
p 2 0 846 74 19444 1365
p 2 0 863 57 19605 1376
p 2 0 852 68 19196 1371
p 2 0 849 71 20259 1371
p 2 0 838 82 19189 1356
p 2 0 839 81 19673 1353
p 2 0 839 81 19169 1360
p 2 0 835 85 19607 1338
p 2 0 839 81 19396 1349
i 2 920 0 0 47877 4188
p 2 0 98 822 319 279
p 2 0 61 859 246 244
p 2 0 17 903 223 213
p 2 0 27 893 218 218
p 2 0 23 897 219 214
p 2 0 273 647 5097 490
p 2 0 116 804 491 296
p 2 0 44 876 285 233
p 2 0 261 659 4477 470
p 2 0 89 831 438 275
p 2 0 19 901 248 213
p 2 0 250 670 4583 466
p 2 0 104 816 492 288
p 2 0 31 889 258 220
p 2 14 327 579 12682 835
p 2 0 158 762 566 343
p 2 0 126 794 345 295
p 2 2 350 568 9492 700
p 2 0 141 779 576 332
p 2 0 43 877 271 233
p 2 1 352 567 9785 685
p 2 0 196 724 664 383
p 2 0 85 835 374 269
p 2 227 181 512 10267 1408
p 2 0 119 801 392 303
p 2 0 54 866 277 241
p 2 129 296 495 13571 1269
p 2 0 137 783 441 321
p 2 0 83 837 302 262
p 2 124 281 515 15962 1315
p 2 0 178 742 549 371
p 2 0 122 798 344 292
p 2 26 403 491 15220 1013
p 2 0 226 694 688 414
p 2 0 135 785 387 306
p 2 6 416 498 11211 830
p 2 0 204 716 695 384
p 2 5 431 484 11687 827
p 2 0 278 642 763 448
p 2 116 353 451 16566 1324
p 2 0 197 723 613 396
p 2 85 450 385 19791 1299
p 2 0 251 669 771 448
p 2 0 86 834 344 274
p 2 8 492 420 9094 784
p 2 0 225 695 690 394
p 2 0 102 818 325 274
p 2 50 337 533 16522 1075
p 2 0 173 747 627 370
p 2 0 97 823 366 281
p 2 70 682 168 38622 1849
p 2 0 365 555 1365 594
p 2 0 191 729 579 368
p 2 78 692 150 41415 1996
p 2 0 380 540 1479 617
p 2 0 196 724 629 378
p 2 18 811 91 38501 1772
p 2 0 446 474 1725 682
p 2 0 174 746 586 360
p 2 26 780 114 37689 1809
p 2 0 435 485 1589 667
p 2 0 226 694 666 401
p 2 80 376 464 15700 1231
p 2 0 210 710 674 399
p 2 0 95 825 377 280
p 2 74 367 479 14766 1186
p 2 0 200 720 655 396
p 2 0 152 768 454 332
p 2 139 342 439 18290 1496
p 2 0 192 728 591 393
p 2 0 135 785 370 313
p 2 207 268 445 22372 1726
p 2 0 192 728 597 387
p 2 0 84 836 302 270
p 2 90 361 469 20366 1370
p 2 0 228 692 815 434
p 2 0 156 764 441 330
p 2 89 333 498 21112 1341
p 2 0 220 700 790 425
p 2 0 91 829 365 278
p 2 97 333 490 22634 1355
p 2 0 222 698 765 425
p 2 0 118 802 391 300
p 2 101 345 474 22422 1440
p 2 0 207 713 758 420
p 2 0 95 825 346 285
p 2 110 313 497 21201 1410
p 2 0 180 740 689 395
p 2 0 117 803 426 299
p 2 94 288 538 14389 1202
p 2 0 166 754 575 368
p 2 0 97 823 323 278
p 2 0 339 581 4554 568
i 2 920 0 0 59409 4352
p 2 0 893 27 17938 1490
p 2 0 896 24 21388 1520
p 2 1 875 44 21305 1513
p 2 0 893 27 21754 1533
p 2 0 875 45 22429 1529
p 2 0 893 27 21839 1546
p 2 0 874 46 21860 1525
p 2 0 886 34 21719 1540
p 2 0 880 40 22107 1533
p 2 0 885 35 22017 1527
p 2 0 883 37 22148 1540
p 2 0 880 40 21917 1522
p 2 0 890 30 22417 1549
p 2 0 861 59 21768 1525
p 2 0 895 25 22113 1532
p 2 0 873 47 22158 1539
p 2 1 892 27 22512 1553
p 2 0 873 47 22320 1536
p 2 0 903 17 22296 1555
p 2 1 873 46 22554 1538
p 2 0 885 35 22595 1531
p 2 0 891 29 22292 1533
p 2 0 885 35 22486 1537
p 2 0 880 40 22423 1531
p 2 0 880 40 21899 1520
p 2 0 884 36 22519 1526
p 2 0 894 26 22121 1521
p 2 1 890 29 22334 1554
p 2 0 898 22 22327 1541
p 2 0 894 26 22789 1533
p 2 0 883 37 22518 1519
p 2 0 881 39 22212 1516
p 2 0 890 30 22385 1526
p 2 0 878 42 22727 1521
p 2 1 892 27 22455 1528
p 2 0 888 32 22679 1525
p 2 0 888 32 22740 1548
p 2 0 890 30 22621 1545
p 2 0 890 30 22117 1539
p 2 0 873 47 22612 1526
p 2 0 894 26 22433 1547
p 2 0 893 27 22928 1559
p 2 0 879 41 22448 1539
p 2 0 889 31 22311 1539
p 2 0 889 31 22039 1544
p 2 0 877 43 22713 1541
p 2 0 880 40 22366 1548
p 2 0 887 33 22550 1557
p 2 0 893 27 22471 1566
p 2 0 870 50 23000 1560
p 2 0 900 20 22384 1589
p 2 0 870 50 22256 1551
p 2 0 881 39 22310 1574
p 2 0 878 42 22398 1564
p 2 0 888 32 22002 1579
p 2 0 865 55 22098 1549
p 2 0 868 52 21901 1548
p 2 0 877 43 22049 1562
i 2 920 0 0 52646 4476
p 2 0 529 391 2090 693
p 2 0 533 387 6932 770
p 2 9 392 519 11573 772
p 2 0 417 503 9238 718
p 2 0 389 531 9044 690
p 2 9 372 539 13146 770
p 2 0 359 561 9711 682
p 2 0 370 550 9945 684
p 2 7 336 577 12876 730
p 2 0 340 580 9294 663
p 2 0 347 573 9116 678
p 2 7 323 590 12431 720
p 2 0 321 599 8771 651
p 2 0 306 614 9207 636
p 2 7 332 581 13113 742
p 2 0 339 581 9451 667
p 2 0 334 586 9541 660
p 2 8 323 589 12930 728
p 2 0 357 563 9336 675
p 2 0 337 583 9260 656
p 2 11 340 569 12931 760
p 2 0 296 624 8465 602
p 2 0 322 598 7064 596
p 2 10 269 641 7764 595
p 2 0 213 707 1274 415
p 2 0 297 623 5848 555
p 2 9 294 617 11487 675
p 2 0 332 588 8814 636
p 2 0 301 619 9059 610
p 2 9 327 584 12637 725
p 2 0 316 604 9622 639
p 2 0 351 569 9511 659
p 2 11 301 608 13126 729
p 2 0 330 590 8771 649
p 2 0 297 623 9058 620
p 2 9 323 588 12158 724
p 2 0 292 628 8925 619
p 2 0 326 594 9121 657
p 2 8 301 611 12598 715
p 2 0 344 576 9524 671
p 2 0 312 608 9456 641
p 2 8 333 579 13003 733
p 2 0 304 616 9526 631
i 2 920 0 0 31927 3664
p 2 0 585 335 1937 717
p 2 0 638 282 6045 814
p 2 52 615 253 10737 1096
p 2 0 688 232 9201 927
p 2 0 697 223 8770 933
p 2 53 590 277 11307 1062
p 2 0 662 258 9387 905
p 2 0 557 363 9206 832
p 2 54 611 255 11171 1141
p 2 0 567 353 10386 875
p 2 0 651 269 10075 928
p 2 54 496 370 12578 1035
p 2 0 683 237 9988 966
p 2 0 509 411 10334 820
p 2 58 625 237 11661 1155
p 2 0 491 429 9488 804
p 2 0 651 269 9438 919
p 2 56 430 434 11579 987
p 2 0 637 283 8855 904
p 2 0 464 456 9336 781
p 2 56 529 335 12595 1083
p 2 0 401 519 7032 677
p 2 0 357 563 7086 625
p 2 57 289 574 6126 758
p 2 0 205 715 1033 400
p 2 0 309 611 4185 530
p 2 56 430 434 11030 973
p 2 0 558 362 9162 814
p 2 0 464 456 8634 762
p 2 55 598 267 11191 1064
p 2 0 486 434 9330 791
p 2 0 610 310 9048 856
p 2 58 385 477 11271 983
p 2 0 617 303 10243 889
p 2 0 459 461 9889 796
p 2 53 560 307 12592 1054
p 2 0 493 427 9985 807
p 2 0 632 288 10516 889
p 2 58 426 436 11308 1030
p 2 0 679 241 9715 937
p 2 0 501 419 9273 823
p 2 53 589 278 11624 1081
p 2 0 519 401 9233 806
p 2 0 635 285 9535 885
p 2 52 449 419 12028 994
p 2 0 449 471 6599 692
p 2 0 392 528 7465 644
p 2 53 360 507 5422 774
p 2 0 264 656 1161 438
p 2 0 388 532 4687 589
p 2 52 438 430 10462 941
p 2 0 478 442 8954 754
p 2 0 585 335 8935 848
p 2 193 415 312 20401 2015
p 2 0 718 202 12045 1046
i 2 920 0 0 48737 4942
p 2 2 869 49 15461 1468
p 2 428 488 4 39133 3744
p 2 21 892 7 23585 1857
p 2 138 781 1 26163 2401
p 2 37 866 17 21576 1922
p 2 27 875 18 17606 1751
p 2 41 781 98 16155 1736
p 2 36 838 46 21925 1778
p 2 33 863 24 21503 1784
p 2 30 882 8 19803 1754
p 2 66 816 38 22206 1906
p 2 12 891 17 19370 1717
p 2 0 915 5 22661 1790
p 2 37 805 78 13507 1777
p 2 50 824 46 19572 1874
p 2 44 861 15 23655 1844
p 2 35 867 18 20432 1807
p 2 40 868 12 22298 1891
p 2 21 869 30 19793 1723
p 2 28 882 10 25380 1824
p 2 31 848 41 17642 1798
p 2 26 877 17 21244 1788
p 2 52 830 38 19792 1830
p 2 25 800 95 21927 1742
p 2 39 817 64 19106 1870
p 2 33 879 8 23578 1826
i 2 920 0 0 33961 3918
p 2 0 710 210 2683 852
p 2 0 841 79 6569 1030
p 2 0 771 149 7683 1001
p 2 0 809 111 9381 1040
p 2 0 773 147 4987 995
p 2 0 776 144 3236 941
p 2 0 794 126 4282 983
p 2 0 764 156 8479 1004
p 2 0 787 133 8778 1044
p 2 0 745 175 8638 1012
p 2 1 799 120 8539 1053
p 2 1 758 161 9312 1067
p 2 1 778 141 8457 1064
p 2 0 752 168 9242 1066
p 2 1 804 115 9911 1124
p 2 0 737 183 9397 1062
p 2 0 779 141 8519 1089
p 2 1 738 181 6935 994
p 2 0 767 153 3470 991
p 2 0 738 182 4606 978
p 2 0 764 156 8339 1016
p 2 0 731 189 8687 997
p 2 0 749 171 8925 1002
p 2 0 547 373 3980 735
p 2 0 532 388 3004 711
p 2 0 672 248 7631 892
p 2 2 659 259 8414 915
p 2 0 770 150 9950 1020
p 2 0 689 231 5481 918
p 2 0 770 150 3637 955
p 2 0 732 188 4922 936
p 2 0 778 142 8571 1012
p 2 1 748 171 9142 1014
p 2 0 781 139 8075 1040
p 2 0 750 170 8897 1048
p 2 2 779 139 9049 1079
p 2 1 745 174 8518 1043
p 2 1 752 167 8756 1053
p 2 0 712 208 9582 1041
p 2 0 768 152 8924 1085
p 2 0 726 194 8270 1024
p 2 0 753 167 6696 1024
p 2 0 733 187 2979 946
p 2 0 768 152 4500 970
p 2 0 731 189 8016 966
p 2 0 730 190 7807 972
p 2 0 704 216 8584 948
p 2 0 567 353 3725 761
p 2 0 473 447 2763 654
p 2 0 663 257 6850 854
p 2 0 702 218 8015 926
p 2 0 704 216 9489 956
p 2 1 750 169 5382 966
p 2 0 723 197 2740 909
p 2 0 763 157 4760 962
p 2 0 726 194 7978 961
p 2 0 762 158 8729 1019
p 2 0 724 196 8243 1007
p 2 1 765 154 8739 1047
p 2 1 756 163 9008 1056
p 2 1 760 159 8530 1061
p 2 0 753 167 9331 1070
p 2 1 779 140 9981 1088
p 2 0 750 170 9538 1063
p 2 0 785 135 8300 1076
p 2 0 725 195 6786 975
p 2 0 765 155 3418 967
p 2 0 747 173 5001 972
p 2 0 767 153 8455 999
p 2 0 726 194 8319 966
p 2 0 735 185 9202 997
p 2 2 519 399 3640 719
p 2 0 530 390 3533 725
p 2 0 621 299 7339 847
p 2 1 687 232 8503 922
p 2 0 746 174 10182 1008
p 2 0 726 194 5871 945
p 2 0 758 162 3726 961
p 2 0 725 195 5340 934
p 2 0 764 156 8727 1005
p 2 1 742 177 9528 1016
p 2 0 772 148 8777 1008
p 2 0 755 165 9029 1045
p 2 2 780 138 9067 1081
p 2 0 760 160 8779 1061
p 2 1 783 136 9013 1069
p 2 0 741 179 9853 1049
p 2 0 779 141 9265 1084
p 2 0 743 177 8189 1037
p 2 0 760 160 6832 1025
p 2 0 724 196 3134 927
p 2 0 769 151 4449 974
p 2 1 727 192 7543 967
p 2 0 725 195 7933 965
p 2 0 687 233 8675 931
p 2 0 529 391 3715 736
p 2 0 496 424 3673 695
p 2 0 694 226 6956 876
p 2 0 698 222 7824 920
p 2 0 732 188 9480 975
p 2 0 756 164 5056 963
p 2 0 739 181 3208 918
p 2 0 783 137 4992 972
p 2 0 765 155 8206 984
p 2 0 766 154 8841 1010
p 2 0 751 169 8110 1011
p 2 1 763 156 8920 1042
p 2 1 730 189 8760 1036
p 2 2 759 159 9069 1062
p 2 0 728 192 9460 1064
p 2 1 763 156 9679 1067
p 2 1 738 181 9560 1051
i 2 920 0 0 58611 4702
p 2 0 241 679 523 419
p 2 0 215 705 469 392
p 2 0 128 792 341 307
p 2 0 109 811 309 290
p 2 0 65 855 259 252
p 2 0 51 869 247 238
p 2 0 23 897 221 217
p 2 0 20 900 217 214
p 2 0 2 918 199 199
p 2 0 10 910 204 204
p 2 0 2 918 199 199
p 2 0 6 914 206 201
p 2 0 9 911 208 204
p 2 0 4 916 200 200
p 2 0 2 918 198 198
p 2 0 7 913 203 202
p 2 0 3 917 200 200
p 2 0 1 919 198 198
p 2 0 3 917 201 200
p 2 0 2 918 201 199
p 2 0 1 919 198 198
p 2 0 0 920 197 197
p 2 0 0 920 197 197
p 2 0 0 920 197 197
p 2 0 1 919 198 198
p 2 0 0 920 197 197
p 2 0 1 919 198 198
p 2 0 5 915 201 201
p 2 0 0 920 197 197
p 2 0 4 916 202 200
p 2 0 4 916 201 201
p 2 0 0 920 197 197
p 2 0 2 918 199 199
p 2 0 1 919 198 198
i 2 920 0 0 63349 4856
p 2 0 205 715 546 400
p 2 0 209 711 493 387
p 2 0 93 827 345 282
p 2 0 83 837 297 265
p 2 0 43 877 284 235
p 2 0 52 868 274 240
p 2 0 11 909 206 206
p 2 0 13 907 208 208
p 2 0 5 915 205 202
p 2 0 8 912 209 204
p 2 0 1 919 198 198
p 2 0 6 914 203 202
p 2 0 7 913 205 204
p 2 0 5 915 207 202
p 2 0 8 912 208 206
p 2 0 3 917 203 200
p 2 0 4 916 209 202
p 2 0 1 919 199 198
p 2 0 0 920 197 197
p 2 0 0 920 197 197
p 2 0 2 918 199 199
p 2 0 1 919 198 198
p 2 0 1 919 199 198
p 2 0 3 917 203 200
p 2 0 4 916 203 201
p 2 0 2 918 200 199
p 2 0 1 919 198 198
p 2 0 0 920 197 197
p 2 0 0 920 197 197
p 2 0 8 912 207 205
p 2 0 1 919 199 198
p 2 0 7 913 202 202
p 2 0 0 920 197 197
p 2 0 0 920 197 197
i 2 920 0 0 50525 4222
p 2 0 913 7 18916 1372
p 2 0 916 4 22319 1408
p 2 0 910 10 22404 1401
p 2 0 918 2 22482 1408
p 2 0 908 12 22971 1399
p 2 0 918 2 22552 1412
p 2 0 912 8 22287 1418
p 2 0 908 12 22523 1409
p 2 0 911 9 22584 1405
p 2 1 907 12 22660 1408
p 2 2 909 9 22562 1427
p 2 0 898 22 22548 1402
p 2 0 912 8 22997 1422
p 2 0 911 9 22544 1395
p 2 0 910 10 22845 1415
p 2 0 912 8 23051 1408
p 2 0 912 8 23734 1420
p 2 1 911 8 23416 1405
p 2 1 906 13 23329 1405
p 2 1 911 8 23551 1392
p 2 2 902 16 23727 1418
p 2 2 909 9 23525 1407
p 2 1 910 9 24021 1394
p 2 0 910 10 23652 1394
p 2 2 910 8 23754 1406
p 2 2 909 9 23304 1377
p 2 2 901 17 23362 1389
p 2 2 912 6 23238 1391
p 2 2 906 12 22889 1389
p 2 2 912 6 22717 1383
p 2 0 911 9 22892 1371
p 2 0 912 8 22585 1378
p 2 0 907 13 22872 1376
p 2 0 913 7 22936 1383
p 2 0 908 12 27785 1389
p 2 0 909 11 22823 1364
p 2 0 897 23 23462 1377
p 2 0 911 9 23499 1387
p 2 0 913 7 23514 1381
p 2 0 915 5 23965 1396
p 2 0 915 5 23999 1400
p 2 0 914 6 24139 1386
p 2 0 906 14 24311 1385
p 2 0 918 2 24105 1386
p 2 0 913 7 24889 1401
p 2 0 916 4 24384 1395
p 2 0 912 8 24695 1387
p 2 0 917 3 24500 1409
p 2 0 913 7 24714 1394
p 2 1 913 6 24393 1413
p 2 1 908 11 24839 1409
p 2 2 914 4 24647 1416
p 2 2 911 7 25111 1423
p 2 2 913 5 24858 1405
p 2 0 909 11 25463 1422
p 2 0 914 6 25107 1410
p 2 2 908 10 25637 1443
p 2 2 911 7 24608 1429
p 2 6 909 5 25598 1449
p 2 3 910 7 24960 1440
p 2 2 910 8 25388 1437
p 2 2 910 8 25123 1443
p 2 3 908 9 25255 1437
p 2 3 914 3 25069 1448
p 2 0 907 13 25497 1435
p 2 2 914 4 24521 1439
p 2 3 913 4 25137 1423
p 2 0 918 2 24874 1418
p 2 0 907 13 25206 1427
p 2 0 918 2 24895 1443
p 2 0 907 13 25498 1423
p 2 1 910 9 32428 1492
p 2 0 910 10 25440 1443
p 2 0 911 9 25536 1433
p 2 1 913 6 26297 1462
p 2 0 914 6 26030 1440
p 2 0 918 2 27513 1453
p 2 0 916 4 26631 1456
p 2 0 912 8 26814 1445
p 2 0 916 4 26885 1456
p 2 0 912 8 27246 1444
p 2 1 911 8 26521 1458
p 2 2 914 4 26776 1483
p 2 2 907 11 26184 1461
p 2 2 911 7 26825 1464
p 2 1 915 4 26485 1462
p 2 3 910 7 26858 1473
p 2 3 911 6 26002 1468
p 2 5 902 13 26707 1482
p 2 2 912 6 26000 1474
p 2 2 909 9 26100 1465
p 2 2 908 10 26302 1461
p 2 4 911 5 26580 1478
p 2 2 918 0 26239 1469
p 2 2 911 7 25606 1461
p 2 0 911 9 26338 1434
p 2 0 907 13 25516 1425
p 2 0 913 7 26297 1442
p 2 0 913 7 25754 1441
p 2 0 908 12 25879 1447
p 2 0 914 6 25657 1448
p 2 0 904 16 26372 1455
p 2 0 914 6 25852 1458
p 2 0 911 9 26661 1479
p 2 0 915 5 26446 1467
p 2 0 913 7 27099 1469
p 2 5 904 11 35616 1553
p 2 3 907 10 26610 1492
p 2 4 909 7 26750 1507
p 2 7 911 2 26260 1510
p 2 7 898 15 27175 1496
p 2 5 910 5 26828 1521
p 2 8 899 13 27444 1516
p 2 4 906 10 26485 1504
p 2 4 910 6 26681 1520
p 2 0 910 10 26467 1486
p 2 2 909 9 26870 1496
p 2 2 907 11 25935 1503
p 2 0 914 6 26091 1501
p 2 0 913 7 25646 1495
p 2 0 914 6 26441 1496
i 2 920 0 0 87768 4711
p 2 0 144 776 415 328
p 2 0 65 855 264 252
p 2 0 118 802 7991 394
p 2 0 92 828 526 292
p 2 0 38 882 289 230
p 2 0 103 817 6343 365
p 2 0 80 840 502 279
p 2 0 33 887 275 225
p 2 0 97 823 5845 358
p 2 0 89 831 542 290
p 2 0 50 870 349 245
p 2 0 47 873 747 246
p 2 0 13 907 231 207
p 2 0 11 909 227 206
p 2 0 17 903 626 214
p 2 0 17 903 245 212
p 2 0 10 910 222 205
p 2 0 13 907 602 211
p 2 0 8 912 217 203
p 2 0 5 915 212 200
p 2 0 17 903 593 211
p 2 0 15 905 226 209
p 2 0 6 914 207 202
p 2 0 28 892 620 220
p 2 0 24 896 249 219
p 2 0 16 904 230 210
p 2 0 24 896 622 217
p 2 0 19 901 236 212
p 2 0 8 912 216 203
p 2 0 9 911 602 208
p 2 0 6 914 214 202
p 2 0 9 911 220 204
p 2 0 11 909 582 209
p 2 0 4 916 205 201
p 2 35 423 462 53306 1244
p 2 0 367 553 2102 613
p 2 0 135 785 541 325
p 2 0 43 877 297 232
p 2 0 46 874 658 237
p 2 0 61 859 365 252
p 2 0 22 898 238 212
p 2 0 35 885 630 228
p 2 0 42 878 302 234
p 2 0 44 876 318 233
p 2 0 14 906 606 210
p 2 0 19 901 245 212
p 2 0 20 900 241 213
p 2 0 106 814 867 300
p 2 0 74 846 370 261
p 2 0 66 854 359 257
p 2 0 67 853 714 257
p 2 0 45 875 312 235
p 2 0 13 907 225 208
p 2 0 20 900 597 215
p 2 0 32 888 269 221
p 2 0 15 905 226 207
p 2 0 25 895 629 222
p 2 0 21 899 249 213
p 2 0 18 902 233 210
p 2 0 10 910 593 207
p 2 0 5 915 216 201
p 2 0 4 916 207 200
p 2 0 4 916 206 201
p 2 0 1 919 198 198
p 2 0 6 914 590 204
p 2 0 9 911 220 204
p 2 0 9 911 493 207
p 2 0 6 914 213 203
p 2 0 139 781 14145 482
p 2 0 121 799 682 328
p 2 0 48 872 310 240
p 2 45 538 337 64709 1551
p 2 0 442 478 2011 683
p 2 0 137 783 548 323
p 2 0 111 809 469 297
p 2 0 62 858 340 252
p 2 0 36 884 361 225
p 2 0 25 895 245 216
p 2 0 11 909 292 205
p 2 0 18 902 230 211
p 2 0 41 879 293 231
p 2 0 20 900 231 211
p 2 0 10 910 219 206
p 2 0 11 909 217 204
p 2 0 32 888 281 224
p 2 0 11 909 219 205
p 2 0 10 910 222 204
p 2 0 10 910 219 204
p 2 0 48 872 307 237
p 2 0 26 894 351 218
p 2 0 27 893 257 219
p 2 0 24 896 249 216
p 2 0 27 893 262 218
p 2 0 23 897 247 216
p 2 0 8 912 289 202
p 2 0 10 910 221 206
p 2 0 14 906 303 207
p 2 0 4 916 202 200
p 2 0 3 917 203 200
p 2 0 0 920 197 197
p 2 0 14 906 224 207
p 2 0 7 913 304 203
p 2 0 5 915 210 201
p 2 0 1 919 201 198
p 2 0 30 890 364 222
p 2 0 13 907 218 207
p 2 40 441 439 52165 1250
p 2 0 405 515 2002 646
p 2 0 175 745 693 364
p 2 0 82 838 408 269
p 2 0 41 879 368 231
p 2 0 38 882 285 228
p 2 0 17 903 230 212
p 2 0 15 905 306 209
p 2 0 14 906 235 209
p 2 0 26 894 259 218
p 2 0 12 908 225 207
p 2 0 8 912 216 203
p 2 0 5 915 209 201
p 2 0 120 800 6878 393
p 2 0 86 834 531 285
p 2 0 47 873 320 237
p 2 0 106 814 6526 375
p 2 0 106 814 596 301
p 2 0 37 883 297 232
p 2 0 99 821 6269 363
p 2 0 86 834 557 287
p 2 0 46 874 319 240
p 2 0 29 891 275 224
p 2 0 20 900 249 212
p 2 0 68 852 374 255
p 2 0 34 886 275 225
p 2 0 39 881 298 230
p 2 0 28 892 262 219
p 2 0 25 895 251 216
p 2 0 20 900 237 211
p 2 0 15 905 233 209
p 2 0 4 916 206 200
p 2 0 1 919 200 198
p 2 0 2 918 202 199
p 2 20 145 755 17451 643
p 2 0 98 822 561 298
p 2 53 433 434 51838 1317
p 2 9 439 472 18368 903
p 2 0 220 700 958 420
p 2 0 88 832 438 277
p 2 6 329 585 18367 732
p 2 0 170 750 833 371
p 2 0 144 776 587 330
p 2 2 336 582 19220 734
p 2 0 207 713 982 413
p 2 0 76 844 383 264
p 2 0 37 883 277 226
p 2 0 43 877 302 234
p 2 0 32 888 279 226
p 2 0 17 903 237 211
p 2 0 14 906 225 207
p 2 0 6 914 210 202
p 2 0 7 913 210 203
p 2 0 4 916 203 201
p 2 0 13 907 221 207
p 2 0 6 914 214 202
p 2 0 3 917 202 199
p 2 0 2 918 199 199
p 2 0 4 916 206 201
p 2 0 6 914 210 202
i 2 920 0 0 57883 4347
p 2 0 309 611 1411 511
p 2 0 233 687 1287 419
p 2 2 230 688 15796 557
p 2 0 195 725 1536 394
p 2 0 108 812 1184 303
p 2 1 208 711 15699 527
p 2 0 136 784 1603 348
p 2 0 103 817 1292 294
p 2 1 174 745 15555 500
p 2 0 144 776 1493 353
p 2 0 94 826 1269 291
p 2 2 141 777 15417 469
p 2 0 145 775 1594 355
p 2 0 70 850 1240 269
p 2 1 140 779 16385 466
p 2 0 132 788 1556 348
p 2 0 76 844 1228 275
p 2 2 131 787 17496 462
p 2 0 126 794 1649 340
p 2 0 61 859 1267 261
p 2 1 131 788 17086 460
p 2 0 110 810 1540 326
p 2 0 75 845 1261 275
p 2 3 144 773 17118 494
p 2 0 135 785 1645 350
p 2 0 71 849 1307 270
p 2 1 144 775 16675 479
p 2 0 132 788 1644 348
p 2 0 93 827 1372 292
p 2 1 163 756 16656 489
p 2 0 123 797 1606 336
p 2 0 64 856 1328 264
p 2 4 148 768 17746 509
p 2 0 134 786 1638 346
p 2 0 70 850 1309 274
p 2 0 147 773 19343 490
p 2 0 126 794 1666 337
p 2 0 78 842 1316 277
p 2 2 144 774 18900 497
p 2 0 122 798 1654 342
p 2 0 67 853 1301 268
p 2 1 150 769 18813 505
p 2 0 125 795 1740 343
p 2 0 61 859 1294 262
p 2 1 148 771 18615 488
p 2 0 128 792 1702 348
p 2 0 67 853 1337 268
p 2 0 146 774 18407 489
p 2 0 133 787 1770 347
p 2 0 63 857 1361 263
p 2 2 154 764 19606 524
p 2 0 133 787 1694 342
p 2 0 77 843 1463 281
p 2 1 165 754 20820 529
p 2 0 131 789 1851 348
p 2 0 66 854 1395 265
p 2 2 151 767 20342 517
p 2 0 144 776 1864 362
p 2 0 87 833 1435 288
p 2 4 156 760 20079 541
p 2 0 139 781 1835 352
p 2 0 63 857 1485 264
p 2 2 159 759 19768 527
p 2 0 139 781 1867 359
p 2 0 80 840 1462 282
p 2 1 165 754 19788 524
p 2 0 136 784 1977 358
p 2 0 70 850 1485 269
p 2 2 158 760 21255 537
p 2 0 143 777 1876 363
p 2 0 75 845 1453 279
p 2 2 167 751 22531 542
p 2 0 141 779 2049 364
p 2 0 67 853 1496 268
p 2 1 166 753 21955 540
p 2 0 153 767 1920 369
p 2 0 92 828 1576 291
p 2 6 172 742 21567 585
p 2 0 134 786 2007 356
p 2 0 87 833 1601 287
p 2 4 176 740 21641 554
p 2 0 139 781 1893 356
p 2 0 77 843 1543 278
p 2 2 181 737 21181 547
p 2 0 158 762 2083 375
p 2 0 72 848 1621 276
p 2 4 181 735 23404 582
p 2 0 162 758 1976 373
p 2 0 66 854 1527 267
p 2 4 183 733 24393 584
p 2 0 153 767 2126 371
p 2 0 87 833 1740 290
p 2 2 184 734 24166 578
p 2 0 157 763 2136 382
p 2 0 74 846 1631 280
p 2 8 179 733 24492 611
p 2 0 155 765 2166 375
p 2 0 77 843 1715 277
p 2 3 175 742 23749 571
p 2 0 153 767 2177 377
p 2 0 73 847 1625 272
p 2 2 184 734 23905 570
p 2 0 159 761 2191 384
p 2 0 84 836 1764 288
p 2 6 180 734 26390 615
p 2 0 156 764 2190 382
i 2 920 0 0 76991 4236
p 2 0 330 590 594 506
p 2 0 279 641 460 442
p 2 0 133 787 323 310
p 2 0 184 736 362 350
p 2 0 67 853 253 249
p 2 0 54 866 307 242
p 2 0 25 895 225 219
p 2 0 27 893 217 217
p 2 0 11 909 238 205
p 2 0 19 901 215 211
p 2 0 14 906 209 207
p 2 0 10 910 233 205
p 2 0 7 913 202 202
p 2 0 7 913 202 201
p 2 0 45 875 296 231
p 2 0 29 891 227 221
p 2 62 306 552 54366 1083
p 2 0 262 658 1519 486
p 2 0 98 822 430 283
p 2 0 74 846 338 258
p 2 0 32 888 307 227
p 2 0 21 899 237 213
p 2 0 15 905 232 208
p 2 0 205 715 2152 401
p 2 0 102 818 425 286
p 2 0 104 816 492 290
p 2 10 264 646 10404 583
p 2 0 225 695 1004 413
p 2 0 92 828 397 275
p 2 49 162 709 15275 759
p 2 0 192 728 796 384
p 2 0 176 744 634 354
p 2 62 285 573 23178 1086
p 2 0 196 724 825 398
p 2 0 177 743 632 359
p 2 61 236 623 30451 1123
p 2 0 216 704 1156 423
p 2 0 168 752 1316 365
p 2 84 263 573 30954 1261
p 2 1 241 678 3017 477
p 2 0 147 773 2791 363
p 2 63 278 579 31741 1231
p 2 0 244 676 3465 488
p 2 4 171 745 2778 425
p 2 60 259 601 26054 1149
p 2 1 231 688 3108 487
p 2 1 156 763 2502 391
p 2 55 242 623 23394 1038
p 2 0 224 696 2477 468
p 2 0 154 766 1948 373
p 2 13 236 671 21855 730
p 2 1 226 693 2274 467
p 2 0 149 771 2209 372
p 2 60 436 424 67291 1444
p 2 0 415 505 3434 685
p 2 0 248 672 2694 459
p 2 1 243 676 15363 607
p 2 0 167 753 1455 390
p 2 0 127 793 2084 334
p 2 2 192 726 15056 571
p 2 0 154 766 1242 363
p 2 0 105 815 1481 312
p 2 0 75 845 2080 288
p 2 0 56 864 1421 263
p 2 0 49 871 1485 259
p 2 0 43 877 2251 259
i 2 920 0 0 48806 4310
p 2 0 314 606 573 479
p 2 0 294 626 996 461
p 2 0 170 750 422 339
p 2 0 182 738 1017 350
p 2 0 70 850 300 255
p 2 0 69 851 1043 260
p 2 0 17 903 235 210
p 2 0 50 870 649 236
p 2 0 28 892 417 222
p 2 0 27 893 603 220
p 2 0 15 905 222 209
p 2 0 21 899 934 216
p 2 0 16 904 251 212
p 2 0 14 906 766 211
p 2 0 10 910 395 205
p 2 0 14 906 617 210
p 2 0 8 912 224 204
p 2 1 11 908 658 217
p 2 0 9 911 229 205
p 2 0 13 907 798 210
p 2 0 11 909 478 208
p 2 0 16 904 774 211
p 2 0 12 908 225 207
p 2 0 22 898 750 219
p 2 0 21 899 234 215
p 2 0 20 900 588 215
p 2 0 9 911 377 206
p 2 0 15 905 807 211
p 2 0 8 912 219 204
p 2 1 12 907 837 218
p 2 0 7 913 220 204
p 2 0 19 901 615 214
p 2 0 14 906 490 210
p 2 0 18 902 594 214
p 2 0 42 878 968 266
p 2 0 24 896 942 220
p 2 0 7 913 219 203
p 2 0 11 909 758 208
p 2 0 6 914 387 203
p 2 0 14 906 611 210
p 2 0 10 910 222 206
p 2 0 17 903 711 216
p 2 0 8 912 221 205
p 2 0 19 901 793 214
p 2 0 9 911 332 210
p 2 0 11 909 770 208
p 2 0 6 914 218 201
p 2 0 12 908 864 211
p 2 0 8 912 219 204
p 2 0 10 910 576 206
p 2 0 13 907 371 212
p 2 0 15 905 798 211
p 2 0 9 911 219 204
p 2 0 24 896 950 220
p 2 0 10 910 224 204
p 2 0 19 901 615 214
p 2 1 15 904 303 216
p 2 0 12 908 604 210
p 2 0 11 909 220 206
p 2 0 15 905 1077 215
p 2 0 6 914 218 202
p 2 0 10 910 775 208
p 2 0 17 903 355 211
p 2 0 14 906 623 211
p 2 0 21 899 232 214
p 2 0 18 902 753 214
p 2 0 11 909 229 206
p 2 0 12 908 800 208
p 2 0 5 915 218 201
p 2 0 10 910 768 207
p 2 0 6 914 216 202
p 2 1 44 875 1951 283
p 2 0 25 895 289 221
p 2 0 14 906 703 215
p 2 0 12 908 234 208
p 2 0 11 909 799 207
i 2 920 0 0 74408 5098
p 2 0 904 16 27011 1551
p 2 1 907 12 32576 1598
p 2 0 908 12 33653 1610
p 2 0 913 7 33015 1610
p 2 0 917 3 33616 1595
p 2 0 918 2 33309 1611
p 2 0 913 7 33200 1597
p 2 0 915 5 33774 1597
p 2 0 916 4 33451 1604
p 2 0 915 5 34163 1622
p 2 0 914 6 33779 1608
p 2 0 917 3 34202 1613
p 2 0 913 7 34450 1607
p 2 0 913 7 34292 1616
p 2 0 906 14 34537 1610
p 2 0 917 3 33988 1614
p 2 0 912 8 34168 1652
p 2 0 908 12 33538 1629
p 2 0 910 10 32533 1636
p 2 0 916 4 31129 1625
p 2 0 916 4 29688 1629
p 2 0 907 13 28806 1623
p 2 0 915 5 27484 1650
p 2 0 913 7 27985 1634
p 2 0 916 4 28658 1617
p 2 0 914 6 30302 1611
p 2 0 912 8 29928 1618
p 2 0 915 5 32673 1654
p 2 0 915 5 34162 1674
p 2 0 913 7 44199 1783
p 2 0 906 14 37260 1711
p 2 0 899 21 38367 1687
p 2 0 883 37 39779 1654
p 2 0 857 63 26908 1444
p 2 0 810 110 14779 1220
p 2 0 659 261 20305 1044
p 2 0 439 481 1873 656
p 2 0 173 747 641 362
p 2 0 74 846 600 268
p 2 0 141 779 558 326
p 2 0 159 761 604 345
p 2 2 197 721 1226 402
p 2 0 144 776 597 337
p 2 0 131 789 541 317
p 2 0 57 863 767 249
p 2 0 46 874 310 235
p 2 0 47 873 318 239
p 2 0 227 693 1319 421
p 2 0 129 791 516 317
p 2 0 47 873 308 242
p 2 0 158 762 836 352
p 2 0 154 766 583 340
p 2 0 237 683 904 426
p 2 2 85 833 823 290
p 2 0 51 869 308 242
p 2 0 26 894 249 219
p 2 0 28 892 716 226
p 2 0 23 897 307 220
p 2 0 15 905 244 212
p 2 0 20 900 703 216
p 2 0 14 906 239 208
p 2 0 19 901 244 212
p 2 0 11 909 226 205
p 2 0 26 894 694 221
p 2 0 12 908 235 209
p 2 0 16 904 394 214
p 2 0 16 904 235 211
p 2 0 26 894 261 216
p 2 0 11 909 226 206
p 2 0 36 884 287 229
p 2 0 16 904 228 211
p 2 0 11 909 220 207
p 2 0 32 888 271 226
p 2 0 46 874 289 236
p 2 0 23 897 251 216
p 2 0 19 901 248 212
p 2 0 17 903 236 210
p 2 2 30 888 719 241
p 2 0 14 906 234 209
p 2 0 15 905 229 210
p 2 0 17 903 684 215
p 2 0 12 908 225 207
p 2 0 8 912 219 203
p 2 0 22 898 720 220
p 2 0 15 905 224 210
p 2 0 6 914 214 202
p 2 0 10 910 464 210
p 2 0 11 909 224 206
p 2 0 7 913 214 203
p 2 2 12 906 651 222
p 2 0 10 910 211 204
p 2 0 4 916 207 201
p 2 0 8 912 662 208
p 2 0 12 908 227 208
p 2 0 9 911 217 203
p 2 0 14 906 693 212
p 2 0 4 916 205 200
p 2 0 5 915 216 201
p 2 0 9 911 217 205
p 2 0 17 903 231 210
p 2 0 8 912 661 207
p 2 0 6 914 219 203
p 2 0 11 909 390 209
p 2 0 5 915 209 201
p 2 0 9 911 215 203
p 2 0 12 908 224 208
p 2 0 6 914 215 203
p 2 0 7 913 213 202
p 2 0 4 916 214 201
p 2 0 4 916 209 199
p 2 0 6 914 219 202
p 2 0 3 917 208 200
p 2 0 3 917 210 200
p 2 0 3 917 208 200
p 2 0 4 916 210 202
p 2 0 2 918 208 199
p 2 0 1 919 200 198
p 2 0 0 920 197 197
p 2 0 5 915 208 201
p 2 0 1 919 200 198
p 2 0 1 919 199 198
p 2 0 3 917 205 199
p 2 0 10 910 218 205
p 2 0 1 919 199 198
p 2 0 1 919 199 198
p 2 0 202 718 19807 587
p 2 0 168 752 1010 384
p 2 0 70 850 390 263
p 2 8 481 431 35830 1168
p 2 0 371 549 1881 613
p 2 0 165 755 679 356
p 2 6 478 436 32738 1096
p 2 0 393 527 1896 636
p 2 0 178 742 712 365
p 2 3 326 591 16553 772
p 2 0 235 685 1087 450
p 2 0 153 767 659 344
p 2 0 60 860 347 251
p 2 0 51 869 318 241
p 2 0 23 897 254 216
p 2 0 14 906 227 208
p 2 0 5 915 213 201
i 2 920 0 0 74930 4708
p 2 0 241 679 601 438
p 2 0 186 734 910 371
p 2 24 231 665 23773 830
p 2 0 207 713 2063 417
p 2 0 141 779 1887 345
p 2 39 178 703 24539 821
p 2 0 147 773 2224 362
p 2 0 115 805 1880 311
p 2 24 229 667 28638 838
p 2 0 176 744 2533 394
p 2 0 118 802 2246 324
p 2 31 215 674 34607 874
p 2 0 182 738 2635 405
p 2 0 105 815 2288 309
p 2 1 238 681 26371 624
p 2 0 213 707 2735 437
p 2 0 115 805 1966 318
p 2 1 226 693 25192 615
p 2 0 198 722 2479 421
p 2 0 94 826 1638 292
p 2 7 221 692 29036 685
p 2 0 196 724 2007 412
p 2 0 121 799 1261 316
p 2 2 238 680 27904 672
p 2 0 188 732 1010 390
p 2 0 114 806 762 306
p 2 0 234 686 23613 614
p 2 0 183 737 2277 404
p 2 0 92 828 1799 292
p 2 1 215 704 25831 604
p 2 0 185 735 2373 415
p 2 0 90 830 2082 293
p 2 63 179 678 39594 1084
p 2 0 157 763 2601 380
p 2 0 106 814 2280 309
p 2 54 200 666 40508 1086
p 2 0 174 746 2663 400
p 2 0 119 801 2303 326
p 2 44 212 664 39164 1059
p 2 0 185 735 2593 410
p 2 0 103 817 1864 306
p 2 33 253 634 39927 1003
p 2 0 196 724 2384 424
p 2 0 106 814 1724 305
p 2 3 273 644 31484 767
p 2 0 236 684 2162 457
p 2 0 128 792 1278 321
p 2 8 273 639 31087 788
p 2 0 220 700 1202 432
p 2 0 104 816 762 296
p 2 18 286 616 38132 958
p 2 0 247 673 2391 472
p 2 0 109 811 1774 304
p 2 14 287 619 39512 942
p 2 0 253 667 2518 471
p 2 0 125 795 2142 333
p 2 12 307 601 40964 975
p 2 0 265 655 3046 501
p 2 0 113 807 2306 320
p 2 30 284 606 41490 1077
p 2 0 242 678 3004 473
p 2 0 131 789 2308 335
p 2 23 299 598 40680 1067
p 2 0 264 656 3060 501
p 2 0 162 758 2136 365
p 2 86 248 586 45455 1439
p 2 0 214 706 2464 440
p 2 0 126 794 1699 325
p 2 79 245 596 41162 1361
p 2 0 228 692 1945 446
p 2 0 131 789 1395 330
p 2 82 237 601 36469 1323
p 2 0 184 736 972 401
p 2 0 122 798 753 316
p 2 24 253 643 28933 940
p 2 0 188 732 2029 399
p 2 0 93 827 1822 297
p 2 9 229 682 24845 793
p 2 0 202 718 2347 420
p 2 0 96 824 2072 299
p 2 51 170 699 24652 967
p 2 0 147 773 2414 365
p 2 0 90 830 2178 298
p 2 34 163 723 20846 804
p 2 0 140 780 2456 355
p 2 0 76 844 2195 286
p 2 29 136 755 16876 709
p 2 0 120 800 2365 337
i 2 920 0 0 42193 4434
p 2 0 298 622 572 472
p 2 152 354 414 22527 1772
p 2 0 190 730 785 420
p 2 90 374 456 25040 1617
p 2 0 252 668 1008 490
p 2 117 345 458 27190 1792
p 2 0 249 671 977 507
p 2 0 155 765 518 351
p 2 15 308 597 12877 858
p 2 0 198 722 822 413
p 2 0 123 797 451 311
p 2 6 264 650 11716 783
p 2 0 174 746 722 378
p 2 0 98 822 451 292
p 2 10 249 661 11280 768
p 2 0 201 719 839 427
p 2 0 122 798 447 310
p 2 3 77 840 1120 294
p 2 0 68 852 320 257
p 2 0 67 853 351 258
p 2 0 31 889 585 237
p 2 0 26 894 248 223
p 2 0 27 893 261 220
p 2 3 41 876 1037 258
p 2 0 36 884 304 233
p 2 0 15 905 231 210
p 2 0 22 898 818 226
p 2 0 16 904 231 212
p 2 0 7 913 216 204
p 2 0 29 891 1149 238
p 2 0 16 904 236 212
p 2 0 6 914 203 201
p 2 0 5 915 210 201
p 2 0 8 912 225 205
p 2 59 235 626 19595 1009
p 2 0 148 772 645 347
p 2 0 36 884 481 232
p 2 0 15 905 214 206
p 2 0 13 907 217 208
p 2 0 30 890 261 221
p 2 0 16 904 233 210
p 2 0 19 901 229 214
p 2 0 8 912 208 204
p 2 0 5 915 203 202
p 2 0 3 917 203 200
p 2 0 4 916 203 201
p 2 0 2 918 202 199
p 2 1 8 911 673 212
p 2 0 2 918 205 200
p 2 0 11 909 219 205
p 2 0 16 904 1086 224
p 2 0 6 914 221 203
p 2 0 6 914 209 203
p 2 0 15 905 753 219
p 2 0 12 908 222 207
p 2 0 11 909 214 206
p 2 0 14 906 1072 222
p 2 0 10 910 235 206
p 2 0 5 915 206 200
p 2 0 12 908 542 221
p 2 0 8 912 223 209
p 2 0 2 918 200 200
p 2 1 6 913 671 211
p 2 0 4 916 210 200
p 2 0 4 916 202 201
p 2 0 11 909 1073 218
p 2 0 5 915 216 202
p 2 0 3 917 205 199
p 2 0 12 908 544 221
p 2 0 9 911 223 209
p 2 0 5 915 201 201
p 2 64 202 654 19495 1003
p 2 0 134 786 598 332
p 2 0 15 905 236 209
p 2 0 15 905 789 219
p 2 0 9 911 224 208
p 2 0 6 914 208 202
p 2 0 11 909 1070 218
p 2 0 7 913 233 205
p 2 0 3 917 205 200
p 2 0 1 919 199 198
p 2 0 0 920 197 197
p 2 0 11 909 742 217
p 2 0 11 909 224 207
p 2 0 9 911 436 210
p 2 0 9 911 210 204
p 2 0 4 916 201 200
p 2 0 5 915 202 201
i 2 920 0 0 73116 4530
p 2 0 334 586 633 509
p 2 0 247 673 441 409
p 2 11 398 511 27368 951
p 2 0 269 651 986 463
p 2 0 157 763 458 338
p 2 23 341 556 25657 937
p 2 0 201 719 943 404
p 2 0 118 802 447 304
p 2 14 290 616 26169 835
p 2 0 191 729 1023 411
p 2 0 95 825 432 284
p 2 16 246 658 26963 831
p 2 0 217 703 968 423
p 2 0 103 817 431 292
p 2 13 260 647 23961 796
p 2 0 176 744 881 380
p 2 0 92 828 403 279
p 2 21 222 677 22512 798
p 2 0 177 743 812 373
p 2 0 113 807 474 297
p 2 43 209 668 25324 918
p 2 0 188 732 845 388
p 2 0 81 839 339 268
p 2 26 254 640 22992 874
p 2 0 177 743 840 386
p 2 0 83 837 382 272
p 2 26 211 683 22309 815
p 2 0 177 743 794 378
p 2 0 61 859 362 251
p 2 2 209 709 19638 628
p 2 0 163 757 811 368
p 2 0 84 836 394 271
p 2 2 209 709 19415 618
p 2 0 164 756 891 378
p 2 26 243 651 31448 735
p 2 8 362 550 21552 857
p 2 0 235 685 963 433
p 2 0 146 774 620 334
p 2 6 278 636 21076 730
p 2 0 195 725 1009 410
p 2 0 80 840 457 278
p 2 8 272 640 21390 748
p 2 0 182 738 849 387
p 2 0 137 783 563 323
p 2 7 260 653 22201 739
p 2 0 212 708 1015 412
p 2 0 114 806 492 297
p 2 11 275 634 20463 757
p 2 0 199 721 915 402
p 2 0 99 821 454 289
p 2 3 248 669 19963 677
p 2 0 195 725 989 404
p 2 0 80 840 395 271
p 2 7 205 708 20083 666
p 2 0 157 763 793 360
p 2 0 67 853 343 255
p 2 11 203 706 20029 687
p 2 0 161 759 776 360
p 2 0 71 849 362 261
p 2 6 176 738 17949 620
p 2 0 152 768 781 358
p 2 0 60 860 365 255
p 2 10 169 741 17244 617
p 2 0 149 771 775 359
p 2 0 84 836 370 273
p 2 24 144 752 19750 707
p 2 0 120 800 746 332
p 2 0 59 861 343 250
p 2 15 143 762 17037 632
p 2 0 113 807 628 318
p 2 0 39 881 288 233
p 2 57 357 506 59693 1281
p 2 0 299 621 1751 542
p 2 0 121 799 561 316
p 2 2 240 678 14675 619
p 2 0 144 776 708 350
p 2 0 67 853 353 257
p 2 5 138 777 13888 540
p 2 0 136 784 741 347
p 2 0 56 864 383 250
i 2 920 0 0 43853 4390
p 2 0 228 692 500 400
p 2 0 169 751 399 349
p 2 1 82 837 748 277
p 2 0 77 843 278 259
p 2 0 22 898 223 218
p 2 0 39 881 463 238
p 2 0 12 908 219 208
p 2 0 13 907 207 207
p 2 1 16 903 673 218
p 2 0 13 907 216 207
p 2 0 14 906 212 208
p 2 63 216 641 19820 1022
p 2 0 123 797 557 321
p 2 0 26 894 252 220
p 2 0 8 912 213 204
p 2 0 16 904 774 220
p 2 0 11 909 228 211
p 2 0 13 907 452 218
p 2 0 5 915 205 200
p 2 0 1 919 198 198
p 2 0 4 916 200 200
p 2 0 1 919 198 198
i 2 920 0 0 26151 3963
p 2 0 457 463 723 615
p 2 0 379 541 554 523
p 2 281 523 116 27726 2867
p 2 0 486 434 1083 677
p 2 0 320 600 645 486
p 2 332 519 69 30127 3140
p 2 0 554 366 1226 776
p 2 0 419 501 744 577
p 2 264 595 61 31240 2990
p 2 0 585 335 1349 794
p 2 0 433 487 770 584
p 2 255 617 48 32803 3010
p 2 0 550 370 1323 770
p 2 0 425 495 760 574
p 2 6 383 531 2009 618
p 2 0 321 599 598 476
p 2 0 245 675 462 403
p 2 8 259 653 2712 492
p 2 0 213 707 527 388
p 2 0 210 710 478 375
p 2 0 122 798 352 302
p 2 0 110 810 313 288
p 2 6 135 779 1696 384
p 2 0 197 723 451 358
p 2 4 159 757 766 366
p 2 0 163 757 365 326
p 2 0 82 838 271 261
p 2 0 94 826 302 271
p 2 0 75 845 299 265
p 2 0 110 810 309 281
p 2 0 73 847 270 252
p 2 0 65 855 252 243
p 2 0 52 868 250 237
p 2 0 77 843 270 259
i 2 920 0 0 53648 4800
p 2 0 183 737 465 378
p 2 293 390 237 51773 3055
p 2 0 358 562 1347 619
p 2 91 595 234 44268 2243
p 2 0 399 521 1622 667
p 2 93 582 245 43834 2308
p 2 0 441 479 1665 721
p 2 0 436 484 15319 977
p 2 1 403 516 2265 644
p 2 0 383 537 12644 838
p 2 0 268 652 1057 483
p 2 0 390 530 13763 887
p 2 0 292 628 1167 514
p 2 0 250 670 863 443
p 2 1 107 812 599 315
p 2 0 66 854 339 267
p 2 0 106 814 458 297
p 2 2 100 818 1116 309
p 2 0 133 787 550 326
p 2 0 45 875 285 238
p 2 1 34 885 1178 246
p 2 0 58 862 336 248
p 2 0 51 869 298 240
p 2 0 106 814 1091 321
p 2 0 41 879 282 233
p 2 0 60 860 345 249
p 2 1 67 852 1263 276
p 2 0 66 854 375 259
p 2 0 26 894 268 221
p 2 3 40 877 467 266
p 2 0 35 885 291 230
p 2 0 47 873 335 245
p 2 2 19 899 951 235
p 2 0 16 904 239 211
p 2 0 28 892 261 221
p 2 1 34 885 1204 246
p 2 0 25 895 276 219
p 2 0 13 907 222 207
p 2 0 24 896 862 239
p 2 0 19 901 234 215
p 2 0 9 911 217 204
p 2 1 20 899 1183 233
p 2 0 14 906 237 209
p 2 0 18 902 239 213
p 2 3 25 892 433 255
p 2 0 22 898 265 217
p 2 0 20 900 262 215
p 2 0 9 911 237 206
p 2 0 5 915 230 202
p 2 0 12 908 239 208
p 2 0 5 915 231 203
p 2 0 9 911 243 206
p 2 0 3 917 227 202
p 2 5 17 898 1293 251
p 2 0 19 901 242 212
p 2 0 5 915 207 202
p 2 0 29 891 857 242
p 2 0 14 906 238 212
p 2 0 7 913 209 203
p 2 1 18 901 1187 233
p 2 0 12 908 240 210
p 2 0 7 913 210 201
p 2 3 14 903 405 244
p 2 0 8 912 228 204
p 2 0 3 917 225 200
p 2 2 9 909 924 225
p 2 0 7 913 218 203
p 2 0 4 916 208 199
p 2 1 13 906 1172 227
p 2 0 11 909 241 207
p 2 0 4 916 205 199
p 2 0 17 903 836 234
p 2 0 12 908 227 210
p 2 0 8 912 215 202
p 2 1 13 906 1159 227
p 2 0 9 911 230 206
p 2 0 5 915 208 201
p 2 0 20 900 845 236
p 2 0 14 906 235 210
p 2 0 4 916 207 200
p 2 1 13 906 391 224
p 2 0 12 908 233 210
p 2 0 8 912 227 204
p 2 2 15 903 933 231
p 2 0 8 912 220 205
p 2 0 4 916 211 201
p 2 1 14 905 1141 229
p 2 0 10 910 233 207
p 2 0 6 914 217 203
p 2 0 18 902 840 236
p 2 0 11 909 230 208
p 2 0 8 912 213 203
p 2 1 15 904 1155 230
p 2 0 9 911 226 205
p 2 0 2 918 203 199
p 2 3 13 904 405 245
p 2 0 12 908 234 210
p 2 185 441 294 49177 2623
p 2 0 364 556 1456 630
p 2 35 625 260 40663 1943
p 2 0 449 471 1746 716
p 2 30 678 212 39195 2018
p 2 0 900 20 17387 1669
p 2 197 717 6 55580 3395
p 2 47 869 4 31426 2362
p 2 122 795 3 53574 3205
p 2 39 878 3 30590 2302
p 2 133 782 5 52813 3057
p 2 6 906 8 24844 1959
p 2 148 769 3 53026 2987
p 2 0 558 362 1902 899
p 2 1 456 463 11740 889
p 2 0 288 632 1001 505
p 2 0 399 521 9391 788
p 2 27 773 120 7505 1461
p 2 28 858 34 17138 1737
p 2 16 863 41 10966 1611
p 2 11 880 29 11613 1621
p 2 9 879 32 11745 1677
p 2 7 893 20 11085 1633
p 2 3 897 20 11108 1667
p 2 3 898 19 10994 1655
p 2 1 904 15 10769 1691
p 2 1 903 16 11233 1659
p 2 0 908 12 8748 1639
p 2 0 877 43 5920 1286
p 2 0 822 98 2580 1093
p 2 0 698 222 1893 917
p 2 0 738 182 2017 959
p 2 0 606 314 1509 800
p 2 0 669 251 1739 884
p 2 0 631 289 1557 824
p 2 0 697 223 1840 908
p 2 0 585 335 1395 782
p 2 0 576 344 1326 764
p 2 0 573 347 1336 758
p 2 0 551 369 1281 730
p 2 0 608 312 1495 785
p 2 0 531 389 1143 714
p 2 0 453 467 959 634
p 2 0 527 393 1140 705
p 2 0 494 426 1068 668
p 2 0 572 348 1363 745
p 2 0 468 452 992 638
p 2 0 427 493 873 601
p 2 0 487 433 1006 657
p 2 0 476 444 986 644
p 2 0 513 407 1204 687
p 2 0 429 491 875 604
p 2 0 374 546 749 549
p 2 0 414 506 879 589
p 2 0 427 493 896 600
p 2 0 534 386 1264 718
p 2 0 428 492 888 597
p 2 0 457 463 1004 633
p 2 0 410 510 861 582
p 2 0 486 434 1101 649
p 2 0 387 533 839 561
p 2 0 519 401 1182 688
p 2 0 389 531 834 564
p 2 0 519 401 1194 696
p 2 0 382 538 816 555
p 2 0 469 451 979 640
p 2 0 388 532 839 562
p 2 0 500 420 1106 664
p 2 0 383 537 787 549
p 2 0 433 487 970 611
p 2 0 436 484 917 606
p 2 0 499 421 1166 675
p 2 0 365 555 788 542
p 2 0 414 506 948 591
p 2 0 399 521 816 561
p 2 0 506 414 1098 674
p 2 0 373 547 760 544
p 2 0 393 527 840 564
p 2 0 371 549 809 554
p 2 0 485 435 1061 649
p 2 0 352 568 762 530
p 2 0 408 512 906 579
p 2 0 389 531 820 566
p 2 0 476 444 1064 647
p 2 0 402 518 821 573
p 2 0 469 451 1050 638
p 2 0 382 538 841 555
p 2 0 501 419 1138 677
p 2 0 343 577 724 521
p 2 0 393 527 843 567
p 2 0 366 554 793 539
p 2 0 490 430 1048 653
p 2 0 348 572 737 531
p 2 0 352 568 716 521
p 2 0 319 601 722 507
p 2 0 366 554 752 529
p 2 0 437 483 929 605
p 2 0 391 529 795 558
p 2 0 304 616 618 475
p 2 0 432 488 984 602
p 2 0 378 542 803 556
p 2 0 467 453 1041 634
p 2 0 343 577 713 516
p 2 0 325 595 699 505
p 2 0 422 498 913 595
p 2 0 385 535 797 558
p 2 0 452 468 960 617
p 2 0 380 540 778 552
p 2 0 351 569 719 521
p 2 0 433 487 930 599
p 2 0 400 520 781 567
p 2 0 532 388 1230 709
p 2 0 841 79 3388 1224
p 2 0 861 59 4241 1261
p 2 0 881 39 4839 1317
p 2 0 869 51 5246 1279
p 2 0 875 45 5475 1347
p 2 0 860 60 5534 1285
p 2 0 869 51 5977 1349
p 2 0 876 44 6301 1318
p 2 0 879 41 6469 1393
p 2 0 863 57 6479 1337
p 2 0 871 49 6830 1381
p 2 0 877 43 6969 1346
p 2 0 881 39 7381 1436
p 2 0 867 53 6894 1344
p 2 0 869 51 7449 1396
p 2 0 877 43 7598 1380
p 2 0 886 34 8210 1441
p 2 1 871 48 7566 1378
p 2 0 876 44 8016 1432
p 2 2 871 47 8341 1400
p 2 1 879 40 8643 1415
p 2 11 846 63 8237 1388
p 2 2 860 58 8587 1425
p 2 0 837 83 7993 1295
p 2 6 797 117 32104 1703
p 2 0 805 115 12508 1281
p 2 0 874 46 16902 1413
p 2 2 899 19 29297 1768
p 2 0 901 19 17058 1506
p 2 1 899 20 17659 1504
p 2 1 911 8 29869 1805
p 2 0 906 14 18128 1559
p 2 0 909 11 18179 1574
p 2 1 907 12 18152 1566
p 2 0 910 10 17909 1578
p 2 0 897 23 18332 1584
p 2 0 909 11 18322 1584
p 2 0 905 15 18551 1583
p 2 1 909 10 18673 1602
p 2 0 897 23 17860 1607
p 2 1 898 21 17355 1633
p 2 1 908 11 17207 1624
p 2 1 905 14 18093 1642
p 2 1 912 7 18387 1655
p 2 0 909 11 18019 1633
p 2 0 915 5 17756 1634
p 2 1 908 11 17925 1673
p 2 1 909 10 17693 1644
p 2 3 901 16 17306 1616
p 2 0 900 20 17525 1599
p 2 1 899 20 16904 1600
p 2 0 900 20 16389 1587
p 2 0 900 20 16397 1559
p 2 1 905 14 16260 1550
p 2 1 906 13 15202 1523
p 2 0 896 24 15127 1496
p 2 0 897 23 15478 1500
p 2 0 887 33 14103 1434
p 2 0 857 63 14727 1412
p 2 0 721 199 6928 1051
p 2 0 467 453 1501 657
p 2 0 265 655 798 452
p 2 0 89 831 353 279
p 2 0 43 877 274 235
p 2 0 85 835 384 274
p 2 0 42 878 293 235
p 2 0 43 877 299 236
p 2 0 27 893 238 218
p 2 0 10 910 215 204
p 2 0 20 900 234 213
p 2 0 15 905 228 211
p 2 0 35 885 282 227
p 2 0 11 909 216 206
p 2 0 10 910 220 204
p 2 0 5 915 208 202
p 2 0 4 916 208 200
p 2 0 4 916 205 201
i 2 920 0 0 46655 4182
p 2 0 343 577 624 520
p 2 0 318 602 500 479
p 2 7 310 603 17951 698
p 2 0 236 684 798 434
p 2 0 101 819 356 286
p 2 49 231 640 28246 917
p 2 0 190 730 930 401
p 2 0 121 799 422 305
p 2 91 262 567 43070 1382
p 2 0 215 705 944 418
p 2 0 136 784 445 322
p 2 115 312 493 45944 1612
p 2 0 293 627 1057 498
p 2 0 126 794 428 308
p 2 55 341 524 41361 1303
p 2 0 279 641 1107 489
p 2 0 157 763 539 345
p 2 43 352 525 40278 1268
p 2 0 285 635 1171 509
p 2 0 123 797 421 309
p 2 47 348 525 38718 1281
p 2 0 291 629 1186 503
p 2 0 164 756 510 350
p 2 53 354 513 36932 1283
p 2 0 263 657 1191 488
p 2 0 150 770 518 337
p 2 1 201 718 11715 511
p 2 0 141 779 673 341
p 2 0 91 829 376 277
p 2 0 178 742 12047 494
p 2 0 140 780 725 342
p 2 0 78 842 379 266
p 2 3 149 768 12023 475
p 2 0 105 815 565 306
p 2 5 132 783 13008 438
p 2 16 194 710 14256 659
p 2 0 129 791 591 328
p 2 0 63 857 321 253
p 2 8 134 778 12926 511
p 2 0 98 822 563 297
p 2 0 59 861 306 250
p 2 0 125 795 12031 423
p 2 0 99 821 598 300
p 2 0 49 871 289 238
p 2 3 122 795 12384 450
p 2 0 85 835 594 290
i 2 920 0 0 59585 5006
p 2 0 71 849 310 257
p 2 214 184 522 39031 2060
p 2 0 159 761 784 376
p 2 89 314 517 38815 1621
p 2 0 236 684 1085 466
p 2 100 328 492 39587 1703
p 2 0 265 655 1139 486
p 2 0 103 817 469 294
p 2 18 226 676 16822 773
p 2 0 178 742 851 390
p 2 0 90 830 418 281
p 2 7 223 690 13215 675
p 2 0 167 753 844 380
p 2 0 82 838 437 274
p 2 4 225 691 14671 660
p 2 0 167 753 837 382
p 2 0 139 781 637 334
p 2 0 98 822 836 294
p 2 0 74 846 405 267
p 2 0 43 877 297 235
p 2 0 53 867 995 256
p 2 0 21 899 259 215
p 2 0 16 904 240 211
p 2 2 27 891 417 239
p 2 0 42 878 299 234
p 2 0 16 904 231 210
p 2 0 24 896 740 222
p 2 0 10 910 232 207
p 2 0 40 880 296 232
p 2 0 24 896 905 230
p 2 0 11 909 229 207
p 2 0 5 915 211 201
p 2 2 33 885 427 243
p 2 0 15 905 224 210
p 2 100 358 462 26541 1625
p 2 2 257 661 1700 471
p 2 0 69 851 372 258
p 2 0 8 912 214 202
p 2 0 32 888 649 233
p 2 0 19 901 246 214
p 2 0 20 900 236 214
p 2 0 17 903 901 224
p 2 0 9 911 224 204
p 2 0 4 916 207 201
p 2 0 4 916 205 200
p 2 0 2 918 200 199
p 2 0 15 905 598 217
p 2 0 6 914 217 204
p 2 0 14 906 393 217
p 2 0 9 911 210 204
p 2 0 1 919 199 198
p 2 0 1 919 198 198
i 2 920 0 0 40295 4229
p 2 0 251 669 549 432
p 2 0 223 697 419 392
p 2 141 312 467 30738 1631
p 2 0 270 650 934 473
p 2 0 122 798 386 309
p 2 30 364 526 26339 1160
p 2 0 240 680 1047 440
p 2 0 134 786 532 324
p 2 18 359 543 25536 1098
p 2 0 236 684 1090 440
p 2 0 129 791 549 315
p 2 14 351 555 22639 964
p 2 0 271 649 1103 479
p 2 0 111 809 503 301
p 2 9 321 590 21293 865
p 2 0 252 668 1084 461
p 2 0 106 814 464 298
p 2 5 313 602 21657 848
p 2 0 229 691 1007 438
p 2 0 127 793 513 321
p 2 0 323 597 16507 731
p 2 0 217 703 1057 423
p 2 0 125 795 462 307
p 2 1 336 583 17568 755
p 2 0 225 695 1050 429
p 2 0 116 804 486 304
p 2 0 60 860 373 249
p 2 0 57 863 336 247
p 2 0 30 890 293 224
p 2 0 19 901 242 214
p 2 0 11 909 244 206
p 2 0 37 883 298 230
p 2 0 21 899 242 215
p 2 0 15 905 223 208
p 2 0 5 915 208 202
p 2 0 20 900 256 216
p 2 0 17 903 230 210
p 2 0 35 885 289 226
p 2 0 25 895 262 219
p 2 0 14 906 222 208
p 2 0 6 914 210 202
p 2 0 16 904 229 211
p 2 0 13 907 224 207
p 2 0 5 915 207 201
p 2 0 2 918 202 199
p 2 0 6 914 212 203
p 2 0 14 906 229 209
p 2 0 7 913 206 202
p 2 0 3 917 204 200
p 2 0 7 913 210 204
p 2 0 5 915 208 201
p 2 0 14 906 224 209
p 2 0 5 915 202 202
p 2 0 6 914 207 203
p 2 0 4 916 205 202
p 2 0 10 910 219 207
p 2 0 6 914 214 203
p 2 0 2 918 202 199
p 2 0 1 919 200 198
p 2 0 20 900 256 214
p 2 0 7 913 210 204
p 2 0 2 918 201 199
p 2 0 1 919 199 198
p 2 0 2 918 200 198
p 2 0 0 920 197 197
p 2 0 0 920 197 197
p 2 0 2 918 201 198
p 2 0 6 914 207 201
p 2 0 1 919 198 198
p 2 0 2 918 198 198
p 2 0 2 918 200 199
p 2 0 8 912 212 203
p 2 0 2 918 199 199
p 2 0 2 918 202 199
p 2 0 3 917 204 199
p 2 0 7 913 206 204
p 2 0 2 918 200 199
p 2 0 2 918 200 199
p 2 0 0 920 197 197
p 2 0 2 918 200 199
p 2 0 1 919 198 198
p 2 0 1 919 199 198
p 2 0 1 919 199 199
p 2 0 2 918 201 199
p 2 0 2 918 201 198
p 2 0 2 918 201 199
p 2 0 1 919 198 198
p 2 0 2 918 204 199
p 2 0 2 918 202 199
p 2 0 2 918 201 198
p 2 0 1 919 198 198
p 2 0 2 918 201 198
p 2 0 2 918 202 199
p 2 0 4 916 203 201
p 2 0 5 915 209 202
p 2 0 2 918 199 199
p 2 0 1 919 198 198
p 2 0 3 917 200 200
p 2 0 1 919 198 198
p 2 0 0 920 197 197
p 2 0 2 918 200 199
p 2 0 0 920 197 197
p 2 0 1 919 198 198
p 2 0 6 914 208 202
p 2 0 2 918 200 199
p 2 0 1 919 199 198
p 2 0 0 920 197 197
p 2 0 0 920 197 197
p 2 0 1 919 199 198
p 2 0 1 919 198 198
p 2 0 3 917 201 200
p 2 0 0 920 197 197
p 2 0 1 919 198 198
p 2 0 2 918 200 199
p 2 0 4 916 202 200
p 2 0 7 913 203 203
p 2 0 0 920 197 197
p 2 0 1 919 199 198
p 2 0 2 918 201 199
p 2 0 1 919 199 198
p 2 0 3 917 199 199
p 2 0 0 920 197 197
p 2 0 0 920 197 197
p 2 0 2 918 200 199
p 2 0 1 919 199 198
p 2 0 0 920 197 197
p 2 0 0 920 197 197
p 2 0 0 920 197 197
p 2 0 0 920 197 197
p 2 0 0 920 197 197
p 2 0 0 920 197 197
p 2 0 1 919 199 198
p 2 0 0 920 197 197
p 2 0 0 920 197 197
p 2 0 0 920 197 197
p 2 0 0 920 197 197
p 2 0 0 920 197 197
i 2 920 0 0 61802 4662
p 2 0 224 696 537 413
p 2 289 385 246 47762 2712
p 2 0 256 664 1047 480
p 2 168 402 350 50785 2360
p 2 0 300 620 1305 557
p 2 94 478 348 49178 2071
p 2 0 343 577 1534 599
p 2 13 382 525 23758 1030
p 2 6 287 627 2307 550
p 2 4 334 582 18797 879
p 2 0 281 639 1244 509
p 2 1 356 563 20213 904
p 2 0 245 675 1128 466
p 2 0 149 771 572 339
p 2 2 98 820 1513 316
p 2 0 157 763 668 351
p 2 0 56 864 322 245
p 2 2 94 824 766 322
p 2 0 83 837 385 271
p 2 0 109 811 508 300
p 2 3 52 865 1190 267
p 2 0 52 868 343 243
p 2 0 34 886 277 227
p 2 2 113 805 1618 329
p 2 0 60 860 339 250
p 2 0 49 871 330 240
p 2 0 65 855 1016 277
p 2 0 75 845 407 271
p 2 0 33 887 271 227
p 2 2 44 874 1419 266
p 2 0 31 889 285 225
p 2 0 27 893 280 223
p 2 0 33 887 931 244
p 2 0 30 890 272 226
p 2 31 102 787 12278 570
p 2 1 93 826 744 311
p 2 0 38 882 282 228
p 2 0 31 889 259 224
p 2 3 35 882 1165 251
p 2 0 25 895 276 218
p 2 0 14 906 228 209
p 2 2 34 884 1375 255
p 2 0 21 899 260 215
p 2 0 13 907 226 208
p 2 0 25 895 915 238
p 2 0 18 902 227 213
p 2 0 10 910 210 206
p 2 1 14 905 444 232
p 2 0 18 902 225 215
p 2 0 18 902 217 210
p 2 130 393 397 51772 2082
p 2 0 295 625 1351 524
p 2 0 179 741 815 383
p 2 157 595 168 58319 2547
p 2 34 877 9 46412 2056
p 2 403 512 5 70383 3883
p 2 143 775 2 42372 2741
p 2 138 776 6 58280 2955
p 2 49 868 3 29301 2148
p 2 119 794 7 57649 2815
p 2 0 635 285 2045 880
p 2 8 488 424 18658 969
p 2 0 375 545 1177 577
p 2 0 372 548 15255 751
p 2 0 298 622 1053 503
p 2 1 370 549 16098 760
p 2 31 868 21 12393 1823
p 2 27 875 18 13721 1827
p 2 19 896 5 14583 1886
p 2 16 898 6 14898 1854
p 2 10 909 1 14915 1892
p 2 11 907 2 14285 1885
p 2 11 900 9 14228 1942
p 2 12 906 2 13706 1915
p 2 6 907 7 12856 1935
p 2 10 908 2 12763 1952
p 2 4 913 3 12181 1989
p 2 0 856 64 3389 1201
p 2 0 852 68 2736 1129
p 2 0 787 133 2548 1027
p 2 0 783 137 2402 1012
p 2 0 705 215 1693 906
p 2 0 736 184 1985 933
p 2 0 670 250 1626 856
p 2 0 713 207 1847 911
p 2 0 633 287 1396 808
p 2 0 662 258 1553 840
p 2 0 609 311 1365 796
p 2 0 655 265 1539 833
p 2 0 557 363 1184 731
p 2 0 559 361 1131 736
p 2 0 579 341 1270 752
p 2 0 595 325 1250 759
p 2 0 633 287 1402 792
p 2 0 584 336 1236 755
p 2 0 497 423 1017 667
p 2 0 595 325 1378 760
p 2 0 521 399 1046 681
p 2 0 637 283 1451 813
p 2 0 516 404 1049 686
p 2 0 491 429 964 652
p 2 0 557 363 1211 729
p 2 0 539 381 1113 704
p 2 0 622 298 1379 781
p 2 0 561 359 1246 736
p 2 0 541 379 1088 704
p 2 0 510 410 1067 674
p 2 0 483 437 992 649
p 2 0 595 325 1304 754
p 2 0 483 437 973 660
p 2 0 450 470 922 623
p 2 0 485 435 1001 658
p 2 0 520 400 1015 684
p 2 0 562 358 1243 720
p 2 0 502 418 1000 673
p 2 0 477 443 925 635
p 2 0 479 441 948 632
p 2 0 471 449 939 631
p 2 0 567 353 1207 731
p 2 0 459 461 888 616
p 2 0 539 381 1116 701
p 2 0 466 454 953 623
p 2 0 580 340 1290 741
p 2 0 483 437 973 647
p 2 0 510 410 1068 674
p 2 0 501 419 987 662
p 2 0 548 372 1189 705
p 2 0 472 448 935 635
p 2 0 537 383 1194 702
p 2 0 465 455 936 624
p 2 0 566 354 1254 727
p 2 0 454 466 905 619
p 2 0 515 405 1051 673
p 2 0 458 462 925 624
p 2 0 549 371 1167 705
p 2 0 434 486 894 609
p 2 0 502 418 1030 665
p 2 0 410 510 850 578
p 2 0 520 400 1152 698
p 2 0 456 464 891 615
p 2 0 530 390 1040 686
p 2 0 443 477 875 601
p 2 0 548 372 1179 705
p 2 0 458 462 879 628
p 2 0 503 417 1009 663
p 2 0 438 482 883 603
p 2 0 526 394 1153 701
p 2 0 434 486 852 600
p 2 0 408 512 795 572
p 2 0 438 482 889 610
p 2 0 462 458 902 626
p 2 0 530 390 1124 695
p 2 0 488 432 1028 663
p 2 0 475 445 983 644
p 2 0 552 368 1217 722
p 2 0 444 476 858 610
p 2 0 472 448 973 634
p 2 0 427 493 872 596
p 2 0 499 421 1074 661
p 2 0 423 497 851 587
p 2 0 413 507 821 582
p 2 0 503 417 1101 666
p 2 0 439 481 899 611
p 2 0 524 396 1120 696
p 2 0 439 481 861 610
p 2 0 492 428 969 638
p 2 0 473 447 933 636
p 2 0 517 403 1070 672
p 2 0 475 445 945 636
p 2 0 420 500 802 584
p 2 0 510 410 1157 671
p 2 0 467 453 929 638
p 2 0 524 396 1152 681
p 2 0 820 100 2111 1084
p 2 0 906 14 6301 1644
p 2 0 912 8 6882 1665
p 2 0 909 11 7920 1681
p 2 0 912 8 8942 1749
p 2 0 917 3 9138 1733
p 2 0 910 10 9560 1753
p 2 1 915 4 10087 1746
p 2 0 912 8 10562 1782
p 2 2 915 3 28697 1976
p 2 0 914 6 10614 1781
p 2 1 914 5 11751 1768
p 2 3 916 1 32178 2055
p 2 4 915 1 17403 1826
p 2 5 910 5 23939 1898
p 2 16 903 1 39882 2184
p 2 9 909 2 25781 1901
p 2 10 908 2 27153 1904
p 2 2 912 6 39525 1796
p 2 0 905 15 23143 1538
p 2 0 913 7 23019 1560
p 2 0 903 17 24118 1558
p 2 0 915 5 23848 1602
p 2 0 905 15 23552 1552
p 2 1 915 4 23539 1583
p 2 0 906 14 23770 1594
p 2 0 915 5 23794 1598
p 2 2 910 8 24670 1612
p 2 0 911 9 24112 1606
p 2 0 914 6 24711 1634
p 2 1 915 4 24021 1605
p 2 1 914 5 24130 1581
p 2 0 916 4 23820 1606
p 2 3 912 5 23917 1609
p 2 0 911 9 23777 1612
p 2 1 907 12 23940 1596
p 2 2 916 2 23786 1618
p 2 1 908 11 24189 1603
p 2 1 911 8 23193 1583
p 2 0 904 16 23660 1564
p 2 0 907 13 23191 1554
p 2 0 906 14 22768 1544
p 2 1 911 8 22662 1554
p 2 0 905 15 22452 1516
p 2 0 904 16 22049 1499
p 2 0 894 26 20678 1454
p 2 0 876 44 21392 1427
p 2 0 774 146 10161 1143
p 2 0 496 424 1846 704
p 2 0 254 666 826 442
p 2 0 191 729 588 378
p 2 0 299 621 918 491
p 2 0 163 757 513 355
p 2 0 136 784 500 321
p 2 0 118 802 451 303
p 2 0 105 815 441 293
p 2 0 42 878 294 234
p 2 0 34 886 281 228
p 2 0 30 890 267 222
p 2 0 37 883 285 230
p 2 0 20 900 250 215
p 2 0 13 907 234 208
p 2 0 8 912 213 202
p 2 0 8 912 225 205
p 2 0 7 913 210 202
i 2 920 0 0 95329 5529
p 2 0 743 177 24382 1306
p 2 0 739 181 27952 1334
p 2 4 908 8 58621 1884
p 2 0 888 32 28446 1516
p 2 2 792 126 28310 1415
p 2 2 915 3 54252 1798
p 2 0 900 20 29085 1546
p 2 0 834 86 29195 1464
p 2 1 914 5 53662 1799
p 2 0 894 26 30152 1539
p 2 0 804 116 29100 1422
p 2 0 917 3 54554 1763
p 2 0 885 35 30106 1534
p 2 0 808 112 29459 1421
p 2 0 916 4 52761 1796
p 2 0 889 31 30002 1546
p 2 0 840 80 29761 1474
p 2 2 917 1 57413 1846
p 2 0 885 35 29841 1529
p 2 0 800 120 29690 1417
p 2 0 913 7 56845 1824
p 2 0 895 25 30176 1548
p 2 0 842 78 30306 1470
p 2 1 917 2 54581 1751
p 2 0 890 30 30531 1523
p 2 0 814 106 30046 1428
p 2 1 917 2 55876 1770
p 2 0 894 26 30628 1543
p 2 0 822 98 30452 1452
p 2 0 918 2 54182 1770
p 2 0 896 24 30478 1540
p 2 0 809 111 29865 1431
p 2 0 911 9 50953 1713
p 2 0 900 20 30737 1559
p 2 0 846 74 30540 1487
p 2 0 916 4 53890 1784
p 2 0 891 29 30303 1555
p 2 0 795 125 30147 1434
p 2 1 918 1 55034 1810
p 2 0 903 17 30777 1557
p 2 0 842 78 30676 1480
p 2 0 919 1 52575 1747
p 2 0 892 28 31135 1540
p 2 0 802 118 30899 1451
p 2 0 918 2 53223 1759
p 2 0 897 23 31469 1550
p 2 17 902 1 65078 2016
p 2 0 890 30 31442 1552
p 2 17 901 2 65035 2008
p 2 0 893 27 31255 1551
p 2 21 899 0 66197 2038
p 2 0 890 30 31401 1544
p 2 0 796 124 30776 1423
p 2 14 906 0 66188 1996
p 2 0 888 32 30640 1549
p 2 1 831 88 30745 1439
p 2 15 900 5 67900 2036
p 2 0 886 34 29569 1510
p 2 1 789 130 28827 1386
p 2 2 916 2 60759 1854
p 2 1 892 27 28470 1502
p 2 0 828 92 28565 1421
p 2 5 912 3 62275 1891
p 2 0 885 35 28685 1500
i 2 920 0 0 69992 4825
p 2 31 490 399 36252 1284
p 2 17 493 410 32119 1233
p 2 97 809 14 52304 2253
p 2 59 815 46 48967 2050
p 2 37 841 42 42552 1863
p 2 118 795 7 50869 2395
p 2 77 827 16 46211 2129
p 2 40 861 19 43369 1972
p 2 42 861 17 36733 2010
p 2 30 871 19 33953 1879
p 2 18 878 24 29220 1781
p 2 106 810 4 46287 2358
p 2 64 842 14 43928 2117
p 2 38 874 8 39833 1972
p 2 35 871 14 32999 1906
p 2 18 890 12 30523 1835
p 2 15 881 24 27547 1762
p 2 41 874 5 42270 2033
p 2 17 896 7 37123 1867
p 2 15 873 32 34784 1759
p 2 2 886 32 27050 1673
p 2 0 896 24 25120 1616
p 2 1 871 48 20206 1546
p 2 5 899 16 33110 1699
p 2 5 892 23 29624 1688
p 2 2 891 27 27980 1595
p 2 5 852 63 23452 1506
p 2 3 865 52 22462 1489
p 2 5 826 89 20545 1440
p 2 3 883 34 34170 1616
p 2 2 859 59 31599 1602
p 2 6 873 41 27660 1600
p 2 6 857 57 22545 1557
p 2 0 848 72 21486 1494
p 2 7 810 103 21951 1519
i 2 920 0 0 2668 2668
p 2 0 0 920 197 197
i 2 920 0 0 42902 5316
p 2 369 551 0 48757 4152
p 2 164 756 0 46980 3190
p 2 122 798 0 46534 2971
p 2 54 866 0 48401 2695
p 2 23 894 3 58123 2357
p 2 1 916 3 71743 1967
p 2 0 901 19 23071 1437
p 2 0 868 52 26990 1380
p 2 0 874 46 36832 1463
p 2 0 867 53 27189 1379
p 2 0 857 63 27714 1389
p 2 1 870 49 38725 1491
p 2 0 859 61 26626 1382
p 2 0 844 76 28306 1368
p 2 1 862 57 39312 1484
p 2 0 848 72 27355 1380
p 2 0 853 67 28017 1377
p 2 1 853 66 38000 1467
p 2 0 837 83 26946 1360
p 2 0 842 78 27891 1366
p 2 1 854 65 37786 1464
p 2 0 862 58 26912 1382
p 2 0 840 80 27866 1362
p 2 0 831 89 36185 1424
p 2 0 843 77 27370 1378
p 2 0 828 92 27426 1345
p 2 0 849 71 35425 1439
p 2 0 834 86 26685 1361
p 2 0 846 74 28090 1386
p 2 0 847 73 27546 1359
p 2 0 856 64 28280 1392
p 2 0 838 82 28023 1359
p 2 0 846 74 28352 1369
p 2 0 842 78 27877 1365
p 2 0 834 86 28260 1370
p 2 0 859 61 28447 1393
p 2 0 845 75 28446 1381
p 2 0 831 89 28080 1357
p 2 0 846 74 28495 1384
p 2 0 848 72 28335 1368
p 2 0 839 81 28506 1369
p 2 0 831 89 28000 1361
p 2 0 852 68 28378 1381
p 2 0 846 74 27968 1373
p 2 0 843 77 28458 1375
p 2 0 857 63 28069 1391
p 2 0 848 72 28392 1376
p 2 0 840 80 27483 1359
p 2 0 840 80 27671 1379
p 2 0 840 80 28292 1373
p 2 0 839 81 27737 1369
p 2 0 847 73 27955 1382
p 2 0 846 74 27625 1367
p 2 0 838 82 28125 1379
p 2 0 855 65 27701 1382
p 2 0 843 77 28160 1387
p 2 0 837 83 28124 1382
p 2 0 839 81 28430 1373
p 2 0 827 93 27527 1348
p 2 0 844 76 28303 1387
p 2 0 860 60 27860 1404
p 2 0 846 74 28422 1385
p 2 0 831 89 27544 1368
p 2 0 836 84 27920 1376
p 2 0 852 68 27888 1389
p 2 0 842 78 27869 1373
p 2 0 810 110 27576 1334
p 2 0 837 83 27910 1366
i 2 920 0 0 78385 5125
p 2 0 890 30 30219 1511
p 2 0 901 19 33393 1563
p 2 38 860 22 61209 2200
p 2 0 897 23 38434 1676
p 2 0 908 12 37546 1640
p 2 14 900 6 53490 1990
p 2 0 904 16 36126 1622
p 2 0 901 19 35488 1604
p 2 2 888 30 49805 1830
p 2 0 896 24 34254 1598
p 2 0 900 20 34358 1587
p 2 1 905 14 34356 1594
p 2 0 899 21 34260 1575
p 2 0 899 21 34155 1599
p 2 0 905 15 34240 1596
p 2 0 905 15 33883 1578
p 2 1 909 10 33598 1597
p 2 0 912 8 33733 1589
p 2 0 903 17 33625 1578
p 2 0 905 15 33818 1577
p 2 0 899 21 34204 1581
p 2 0 907 13 34224 1573
p 2 0 907 13 34535 1582
p 2 0 906 14 34731 1577
p 2 0 914 6 35589 1600
p 2 0 902 18 35465 1584
p 2 0 906 14 36484 1594
p 2 0 917 3 36586 1608
p 2 0 909 11 36420 1593
p 2 0 911 9 36962 1606
p 2 0 909 11 37572 1603
p 2 0 904 16 37618 1598
p 2 1 912 7 37049 1603
p 2 0 902 18 36824 1594
p 2 1 904 15 38117 1578
p 2 1 898 21 36718 1579
p 2 0 901 19 35654 1567
p 2 0 901 19 35301 1571
p 2 0 897 23 34643 1578
p 2 0 886 34 34117 1570
p 2 0 881 39 33458 1568
p 2 0 910 10 33956 1595
p 2 0 905 15 34166 1593
p 2 0 905 15 34593 1599
p 2 0 903 17 34677 1596
p 2 0 910 10 34547 1581
p 2 0 896 24 33555 1545
p 2 0 907 13 32698 1535
p 2 0 892 28 31257 1499
p 2 0 909 11 29976 1520
p 2 0 897 23 28777 1487
p 2 0 892 28 28920 1479
p 2 0 899 21 29631 1476
p 2 0 908 12 31187 1495
p 2 0 909 11 30802 1479
p 2 0 911 9 30439 1479
p 2 0 904 16 31028 1481
p 2 0 907 13 33241 1519
p 2 0 894 26 34922 1513
p 2 0 896 24 36607 1518
p 2 0 885 35 37008 1541
p 2 0 898 22 37055 1535
p 2 27 872 21 51119 1944
p 2 0 897 23 35931 1532
p 2 0 884 36 37243 1543
p 2 33 851 36 51700 1962
p 2 0 857 63 34194 1466
p 2 0 825 95 31284 1404
p 2 39 801 80 47601 1864
p 2 0 769 151 20577 1212
p 2 0 694 226 8818 1011
p 2 29 655 236 30981 1505
p 2 0 391 529 1543 601
p 2 0 159 761 590 347
p 2 0 196 724 1109 386
p 2 0 141 779 563 327
p 2 0 173 747 692 359
p 2 0 93 827 731 284
p 2 0 93 827 426 279
p 2 0 144 776 641 335
p 2 0 68 852 730 262
p 2 0 46 874 326 238
p 2 0 37 883 300 228
p 2 0 143 777 998 337
p 2 0 67 853 385 257
p 2 0 47 873 321 240
p 2 0 35 885 623 231
p 2 0 59 861 398 252
p 2 0 38 882 306 229
p 2 0 38 882 661 234
p 2 0 12 908 228 209
p 2 0 11 909 222 207
p 2 0 26 894 592 222
p 2 0 31 889 274 224
p 2 0 39 881 291 232
p 2 0 26 894 532 223
p 2 0 23 897 245 217
p 2 0 14 906 221 209
p 2 0 28 892 679 227
p 2 0 36 884 279 229
p 2 0 17 903 229 211
p 2 0 24 896 587 220
p 2 0 18 902 242 211
p 2 0 32 888 270 222
p 2 0 24 896 604 221
p 2 0 9 911 225 205
p 2 2 45 873 2288 284
p 2 0 61 859 678 261
p 2 0 26 894 260 219
p 2 0 22 898 241 213
p 2 0 28 892 611 224
p 2 0 7 913 219 204
p 2 0 9 911 212 203
p 2 0 20 900 521 221
p 2 0 13 907 224 208
p 2 0 15 905 228 207
p 2 0 15 905 665 217
p 2 0 13 907 231 207
p 2 0 12 908 228 207
p 2 0 37 883 625 232
p 2 0 18 902 244 212
p 2 0 17 903 228 211
p 2 0 21 899 597 219
p 2 0 20 900 253 214
p 2 0 15 905 239 210
p 2 0 19 901 579 216
p 2 0 6 914 209 202
p 2 0 3 917 206 199
p 2 0 15 905 581 212
p 2 0 12 908 226 207
p 2 0 6 914 213 202
p 2 0 18 902 555 219
p 2 0 9 911 217 204
p 2 0 0 920 197 197
p 2 0 14 906 654 215
p 2 0 10 910 216 205
p 2 0 3 917 204 199
p 2 0 21 899 577 218
p 2 0 7 913 220 204
p 2 0 6 914 208 203
p 2 0 14 906 508 215
p 2 0 7 913 215 202
p 2 2 44 874 2156 276
p 2 0 37 883 738 239
p 2 0 15 905 243 211
p 2 0 9 911 212 204
p 2 0 21 899 575 218
p 2 0 24 896 254 216
p 2 0 22 898 252 216
p 2 0 20 900 587 217
p 2 0 5 915 215 201
p 2 0 3 917 202 200
p 2 0 11 909 559 210
p 2 0 9 911 227 205
p 2 0 5 915 210 202
p 2 0 13 907 506 215
p 2 0 6 914 212 202
p 2 0 6 914 212 203
p 2 0 13 907 643 215
p 2 0 7 913 220 203
p 2 0 6 914 208 201
p 2 0 5 915 372 201
p 2 0 3 917 199 199
p 2 0 3 917 202 199
p 2 0 12 908 560 209
p 2 0 4 916 213 201
p 2 0 4 916 207 201
p 2 0 11 909 499 212
p 2 0 1 919 199 198
p 2 0 1 919 200 198
p 2 0 9 911 381 205
p 2 0 4 916 209 199
i 2 920 0 0 72104 5003
p 2 0 884 36 33219 1579
p 2 0 891 29 34947 1608
p 2 0 893 27 34992 1605
p 2 0 894 26 34871 1629
p 2 0 896 24 35103 1633
p 2 0 887 33 34598 1618
p 2 0 884 36 34768 1631
p 2 0 882 38 34637 1614
p 2 0 886 34 34954 1628
p 2 0 882 38 35156 1634
p 2 0 881 39 35473 1650
p 2 0 885 35 35538 1647
p 2 0 881 39 35644 1637
p 2 0 891 29 36175 1653
p 2 0 888 32 36053 1636
p 2 1 885 34 35786 1638
p 2 0 893 27 36185 1640
p 2 0 894 26 35761 1644
p 2 0 893 27 35650 1644
p 2 0 903 17 35077 1658
p 2 0 900 20 34088 1647
p 2 0 905 15 33094 1624
p 2 0 904 16 32515 1631
p 2 0 903 17 31706 1610
p 2 0 903 17 30756 1605
p 2 0 905 15 28689 1575
p 2 0 901 19 26677 1507
p 2 1 907 12 24658 1505
p 2 0 903 17 20704 1461
p 2 0 908 12 15277 1408
p 2 0 907 13 10072 1371
p 2 0 913 7 9936 1371
p 2 0 911 9 18361 1433
p 2 0 914 6 24719 1483
p 2 0 907 13 27133 1507
p 2 0 908 12 29414 1551
p 2 0 903 17 31057 1574
p 2 0 908 12 32564 1573
p 2 0 903 17 33458 1598
p 2 0 908 12 34367 1630
p 2 0 907 13 34945 1636
p 2 0 908 12 34566 1642
p 2 0 911 9 33918 1621
p 2 0 908 12 32298 1580
p 2 0 904 16 31946 1548
p 2 0 909 11 30239 1528
p 2 0 911 9 27935 1511
p 2 0 911 9 25333 1500
p 2 0 903 17 27463 1493
p 2 0 898 22 30319 1524
p 2 25 856 39 46226 1914
p 2 0 896 24 32734 1574
p 2 0 888 32 34015 1569
p 2 25 858 37 47576 1933
p 2 0 864 56 32545 1522
p 2 0 870 50 30338 1490
p 2 30 835 55 42373 1863
p 2 0 823 97 20296 1284
p 2 0 701 219 8742 1011
p 2 25 674 221 27271 1465
p 2 0 402 518 1582 618
p 2 0 304 616 1013 490
p 2 0 186 734 744 376
p 2 0 185 735 734 374
p 2 0 77 843 384 267
p 2 0 103 817 807 294
p 2 0 86 834 432 274
p 2 0 132 788 609 326
p 2 0 105 815 752 300
p 2 0 96 824 462 286
p 2 0 76 844 412 264
p 2 0 220 700 1079 413
p 2 0 87 833 411 276
p 2 0 70 850 400 262
p 2 0 83 837 619 272
p 2 0 72 848 413 259
p 2 0 25 895 265 219
p 2 0 41 879 521 232
p 2 0 22 898 263 215
p 2 0 34 886 308 228
p 2 0 18 902 331 218
p 2 0 19 901 262 214
p 2 0 10 910 231 207
p 2 0 25 895 572 220
p 2 0 15 905 241 210
p 2 0 6 914 218 203
p 2 0 8 912 443 206
p 2 0 25 895 273 218
p 2 0 10 910 233 207
p 2 0 9 911 413 207
p 2 0 7 913 229 204
p 2 0 11 909 229 207
p 2 0 8 912 433 205
p 2 0 8 912 228 204
p 2 0 6 914 217 202
p 2 0 10 910 310 210
p 2 0 5 915 217 202
p 2 0 3 917 214 201
p 2 0 3 917 209 200
p 2 0 3 917 203 199
p 2 0 4 916 215 201
p 2 0 4 916 217 201
p 2 0 4 916 215 201
i 2 920 0 0 76120 5135
p 2 3 911 6 29644 1583
p 2 0 920 0 36139 1666
p 2 15 904 1 60706 2111
p 2 4 916 0 19859 1545
p 2 3 916 1 19695 1523
p 2 19 901 0 54308 2034
p 2 3 917 0 19974 1548
p 2 1 916 3 18459 1519
p 2 112 808 0 70621 2685
p 2 2 917 1 16569 1447
p 2 1 918 1 15517 1396
p 2 114 806 0 75069 2747
p 2 1 918 1 13909 1428
p 2 1 919 0 18223 1450
p 2 16 904 0 58349 2053
p 2 1 918 1 24564 1556
p 2 1 919 0 24500 1518
p 2 11 909 0 58382 2035
p 2 0 920 0 24961 1556
p 2 1 919 0 20749 1491
p 2 16 904 0 62566 1988
p 2 0 920 0 23449 1463
p 2 0 920 0 26113 1486
p 2 11 909 0 59254 1947
p 2 1 919 0 22449 1503
p 2 4 916 0 17019 1396
p 2 102 818 0 84006 2637
p 2 1 919 0 27553 1502
p 2 1 919 0 23828 1464
p 2 143 777 0 87941 2821
p 2 0 920 0 30458 1525
p 2 0 918 2 18611 1389
p 2 12 906 2 73438 1944
p 2 1 919 0 34706 1508
p 2 0 917 3 31048 1431
p 2 28 815 77 74540 1945
p 2 0 624 296 2969 899
p 2 0 344 576 1218 543
p 2 0 219 701 761 407
p 2 0 176 744 653 363
p 2 0 157 763 661 348
p 2 0 58 862 328 249
p 2 0 76 844 361 264
p 2 0 71 849 366 258
p 2 0 119 801 556 307
p 2 0 114 806 496 300
p 2 0 398 522 1430 597
p 2 6 242 672 12127 574
p 2 0 123 797 586 315
p 2 0 248 672 924 435
p 2 0 368 552 10879 638
p 2 0 211 709 861 405
p 2 0 59 861 346 251
p 2 0 171 749 10359 439
p 2 0 151 769 736 347
p 2 0 101 819 457 286
p 2 0 60 860 320 248
p 2 0 19 901 236 212
p 2 0 29 891 249 221
p 2 0 20 900 245 213
p 2 0 16 904 248 211
p 2 0 4 916 205 201
p 2 0 8 912 215 204
p 2 0 9 911 217 203
p 2 0 17 903 224 210
p 2 0 3 917 204 200
p 2 0 14 906 220 209
p 2 0 4 916 205 201
p 2 0 1 919 199 198
p 2 0 0 920 197 197
i 2 920 0 0 79104 5099
p 2 0 156 764 417 345
p 2 0 104 816 314 287
p 2 0 52 868 258 244
p 2 0 45 875 244 236
p 2 0 24 896 216 216
p 2 0 13 907 213 209
p 2 0 15 905 214 208
p 2 0 8 912 211 204
p 2 0 2 918 199 199
p 2 0 5 915 206 201
p 2 0 10 910 216 205
p 2 0 6 914 213 202
p 2 0 7 913 211 203
p 2 0 3 917 202 199
p 2 0 10 910 214 205
p 2 0 4 916 201 201
p 2 0 2 918 201 199
p 2 0 1 919 198 198
p 2 0 7 913 202 202
p 2 0 2 918 199 199
p 2 0 1 919 198 198
p 2 0 2 918 199 199
p 2 0 1 919 198 198
p 2 10 576 334 44915 1562
p 2 0 404 516 1767 651
p 2 0 181 739 644 370
p 2 1 587 332 35833 1317
p 2 0 423 497 2022 674
p 2 0 178 742 690 371
p 2 2 559 359 35284 1278
p 2 0 425 495 1892 668
p 2 0 309 611 1144 510
p 2 0 111 809 445 296
p 2 0 108 812 463 297
p 2 16 233 671 19097 647
p 2 0 241 679 1180 454
p 2 0 87 833 413 273
p 2 0 76 844 403 265
p 2 0 78 842 391 267
p 2 0 137 783 572 325
p 2 0 36 884 281 226
p 2 0 53 867 337 246
p 2 0 50 870 340 239
p 2 0 63 857 388 255
p 2 0 45 875 319 238
p 2 0 35 885 293 227
p 2 0 26 894 260 220
p 2 0 79 841 397 269
p 2 0 41 879 283 234
p 2 0 35 885 286 228
p 2 0 47 873 303 236
p 2 0 57 863 362 249
p 2 0 21 899 245 213
p 2 0 15 905 228 210
p 2 0 17 903 237 211
p 2 0 23 897 245 215
p 2 0 8 912 217 204
p 2 0 9 911 215 204
p 2 0 6 914 211 201
p 2 0 10 910 216 205
p 2 0 5 915 208 201
p 2 0 5 915 209 201
p 2 0 3 917 205 200
p 2 0 4 916 210 202
p 2 0 4 916 207 201
p 2 0 2 918 203 199
p 2 0 6 914 214 203
p 2 0 5 915 207 201
p 2 0 0 920 197 197
p 2 0 2 918 206 200
p 2 0 2 918 203 199
p 2 13 126 781 18680 528
p 2 0 113 807 747 322
p 2 0 49 871 349 241
p 2 0 577 343 32951 1270
p 2 0 426 494 1889 663
p 2 0 152 768 602 341
p 2 0 572 348 35252 1315
p 2 0 427 493 1931 670
p 2 0 209 711 780 403
p 2 0 571 349 35067 1321
p 2 0 425 495 1922 670
p 2 0 207 713 777 396
p 2 1 583 336 36444 1346
p 2 0 448 472 2045 696
p 2 0 205 715 727 393
p 2 0 89 831 444 279
p 2 0 109 811 467 295
p 2 0 84 836 397 272
p 2 0 77 843 410 267
p 2 0 48 872 332 240
p 2 0 95 825 472 286
p 2 0 60 860 371 251
p 2 0 26 894 253 218
p 2 0 22 898 253 215
p 2 0 75 845 397 266
p 2 0 36 884 289 230
p 2 0 56 864 345 248
p 2 0 42 878 314 236
p 2 0 41 879 312 234
p 2 0 22 898 246 216
p 2 0 21 899 243 213
p 2 0 14 906 233 209
p 2 0 29 891 271 222
p 2 0 16 904 244 211
p 2 0 35 885 286 227
p 2 6 130 784 16688 469
p 2 0 127 793 819 340
p 2 0 56 864 355 247
p 2 0 30 890 280 225
p 2 0 21 899 258 217
p 2 0 24 896 254 217
p 2 0 8 912 227 204
p 2 0 25 895 1062 222
p 2 0 18 902 247 214
p 2 0 19 901 262 215
p 2 1 23 896 498 237
p 2 0 12 908 220 208
p 2 0 9 911 220 206
p 2 0 13 907 1047 215
p 2 0 8 912 230 205
p 2 0 3 917 203 199
p 2 0 12 908 645 216
p 2 0 9 911 229 208
p 2 0 8 912 215 205
p 2 0 17 903 883 221
p 2 0 7 913 225 203
p 2 0 5 915 213 203
p 2 0 3 917 207 199
p 2 0 0 920 197 197
p 2 0 10 910 630 214
i 2 920 0 0 88055 5159
p 2 0 269 651 590 457
p 2 0 217 703 747 398
p 2 117 407 396 74452 2003
p 2 0 345 575 2287 576
p 2 0 189 731 1834 389
p 2 22 482 416 67776 1473
p 2 0 418 502 2960 660
p 2 0 195 725 2250 404
p 2 33 514 373 70486 1637
p 2 0 449 471 3536 705
p 2 0 268 652 2502 484
p 2 38 478 404 56317 1492
p 2 0 337 583 3097 579
p 2 0 224 696 2234 428
p 2 43 480 397 57978 1520
p 2 0 413 507 3309 666
p 2 0 245 675 2514 457
p 2 39 460 421 59005 1506
p 2 0 372 548 3141 627
p 2 0 221 699 1826 419
p 2 27 486 407 59128 1489
p 2 0 423 497 2780 677
p 2 0 192 728 1365 386
p 2 146 400 374 61236 2097
p 2 0 338 582 1578 569
p 2 0 209 711 790 394
p 2 42 470 408 47025 1484
p 2 0 389 531 1606 614
p 2 0 292 628 999 482
p 2 25 404 491 44276 1295
p 2 0 381 539 1860 612
p 2 0 253 667 1137 442
p 2 0 229 691 1226 414
p 2 0 112 808 857 304
p 2 0 111 809 845 303
p 2 0 106 814 1000 299
p 2 0 153 767 1039 349
p 2 0 72 848 788 267
p 2 0 92 828 974 288
p 2 0 73 847 794 267
p 2 0 111 809 885 304
p 2 0 60 860 790 257
p 2 0 72 848 725 261
p 2 0 71 849 690 268
p 2 0 142 778 896 334
p 2 0 89 831 671 284
p 2 0 87 833 597 281
p 2 0 95 825 527 287
p 2 0 66 854 344 255
p 2 0 32 888 280 226
p 2 0 48 872 506 239
p 2 0 44 876 476 235
p 2 0 38 882 567 231
p 2 0 27 893 709 223
p 2 0 28 892 628 226
p 2 0 21 899 623 221
p 2 0 33 887 758 232
p 2 0 25 895 643 222
p 2 0 21 899 649 222
p 2 0 23 897 768 221
p 2 0 23 897 670 223
p 2 0 21 899 648 219
p 2 0 20 900 662 221
p 2 0 17 903 605 217
p 2 0 22 898 735 221
p 2 158 395 367 72893 2187
p 2 0 362 558 2338 598
p 2 0 164 756 1275 352
p 2 66 479 375 68523 1789
p 2 0 409 511 2471 654
p 2 0 209 711 1499 404
p 2 83 477 360 67841 1878
p 2 0 391 529 1829 635
p 2 0 219 701 979 410
p 2 0 270 650 21689 607
p 2 0 273 647 2286 485
p 2 0 169 751 1853 365
p 2 0 302 618 22671 648
p 2 0 205 715 2354 420
p 2 0 153 767 2164 353
p 2 0 107 813 2464 310
p 2 0 145 775 2175 353
p 2 0 72 848 1820 273
p 2 0 86 834 2478 295
p 2 0 87 833 1996 292
p 2 0 198 722 2207 399
p 2 0 129 791 2680 334
p 2 0 114 806 1801 316
p 2 0 105 815 2052 311
p 2 0 107 813 2296 310
p 2 0 71 849 1771 273
p 2 0 64 856 1479 264
p 2 0 57 863 2158 261
p 2 0 53 867 1048 250
p 2 0 44 876 1081 247
p 2 0 41 879 1185 243
p 2 0 32 888 347 229
p 2 0 39 881 512 235
p 2 0 37 883 1533 236
p 2 0 39 881 1245 236
p 2 0 37 883 1366 236
p 2 0 39 881 2294 247
p 2 0 34 886 1580 237
p 2 0 35 885 1818 244
p 2 0 34 886 2179 241
p 2 0 33 887 1859 243
i 2 920 0 0 68557 5032
p 2 0 229 691 604 436
p 2 0 168 752 549 363
p 2 0 133 787 1119 331
p 2 0 72 848 484 271
p 2 0 81 839 518 270
p 2 0 115 805 1273 309
p 2 0 101 819 634 286
p 2 0 115 805 657 302
p 2 0 72 848 971 263
p 2 0 57 863 499 248
p 2 0 42 878 478 232
p 2 0 104 816 851 292
p 2 0 44 876 300 235
p 2 0 11 909 216 206
p 2 0 28 892 825 227
p 2 0 20 900 267 217
p 2 0 13 907 225 208
p 2 0 21 899 806 222
p 2 0 12 908 246 210
p 2 0 8 912 215 203
p 2 0 19 901 696 220
p 2 0 11 909 223 206
p 2 0 6 914 210 202
p 2 0 33 887 855 231
p 2 0 17 903 242 213
p 2 0 11 909 215 207
p 2 0 20 900 681 218
p 2 0 34 886 275 225
p 2 0 10 910 217 204
p 2 0 18 902 585 216
p 2 0 13 907 238 208
p 2 0 5 915 208 202
p 2 0 19 901 786 218
p 2 0 7 913 221 204
p 2 0 3 917 205 200
p 2 0 17 903 811 220
p 2 0 10 910 222 206
p 2 0 3 917 206 201
p 2 0 14 906 682 217
p 2 0 11 909 231 207
p 2 0 6 914 209 203
p 2 0 17 903 824 219
p 2 0 11 909 231 207
p 2 0 2 918 201 199
p 2 0 17 903 667 216
p 2 0 14 906 249 211
p 2 0 7 913 216 203
p 2 0 11 909 430 212
p 2 0 11 909 519 212
p 2 188 324 408 53602 2278
p 2 0 271 649 1210 497
p 2 69 607 244 50755 1954
p 2 25 889 6 25961 1786
p 2 245 674 1 59494 3259
p 2 134 785 1 27125 2359
p 2 323 597 0 65388 3463
p 2 113 807 0 14379 1957
p 2 232 688 0 49127 2782
p 2 63 857 0 12950 1765
p 2 95 825 0 45589 2375
p 2 0 662 258 1686 868
p 2 127 575 218 38029 1960
p 2 0 623 297 12779 943
p 2 0 532 388 14707 858
p 2 1 442 477 19907 825
p 2 0 397 523 14020 727
p 2 0 395 525 14255 735
p 2 5 381 534 18908 784
p 2 0 325 595 13593 663
p 2 0 332 588 14101 657
p 2 1 352 567 19331 739
p 2 0 375 545 14105 699
p 2 0 313 607 13464 643
p 2 4 287 629 19895 682
p 2 0 258 662 13243 586
p 2 0 251 669 12839 576
p 2 3 275 642 18980 678
p 2 0 270 650 12866 597
p 2 0 264 656 13719 589
p 2 0 286 634 19415 643
p 2 0 291 629 10713 570
p 2 0 274 646 9155 534
p 2 2 276 642 14373 601
p 2 0 234 686 1130 435
p 2 0 111 809 471 296
p 2 2 183 735 11551 477
p 2 0 139 781 661 337
p 2 0 76 844 366 264
p 2 2 134 784 11590 438
p 2 0 114 806 611 314
p 2 0 72 848 342 263
p 2 2 119 799 11006 413
p 2 0 89 831 547 285
p 2 0 45 875 288 236
p 2 0 16 904 226 210
p 2 28 240 652 35536 1039
p 2 0 219 701 1073 442
p 2 0 105 815 416 296
p 2 18 289 613 31429 931
p 2 0 231 689 1163 452
p 2 0 145 775 604 335
p 2 19 258 643 30361 887
p 2 0 210 710 1048 431
p 2 0 118 802 433 302
p 2 95 264 561 40589 1419
p 2 0 203 717 882 414
p 2 0 112 808 416 301
p 2 128 209 583 43203 1601
p 2 0 210 710 919 424
p 2 0 101 819 411 292
p 2 154 249 517 44625 1844
p 2 0 239 681 972 459
p 2 0 169 751 570 358
p 2 157 282 481 48290 1930
p 2 0 279 641 1134 500
p 2 0 140 780 506 329
p 2 131 348 441 53849 1943
p 2 0 240 680 1230 476
p 2 0 183 737 729 389
p 2 129 340 451 53996 2003
p 2 0 283 637 1349 511
i 2 920 0 0 33832 3702
p 2 0 394 526 670 574
p 2 173 400 347 9522 1418
i 2 920 0 0 52743 4514
p 2 0 461 459 760 632
p 2 0 365 555 576 532
p 2 179 412 329 59817 2230
p 2 0 395 525 1200 588
p 2 0 189 731 486 372
p 2 331 396 193 92903 3401
p 2 0 355 565 1475 573
p 2 0 241 679 798 430
p 2 481 404 35 112841 4512
p 2 0 420 500 1767 665
p 2 0 208 712 652 400
p 2 363 485 72 107678 3991
p 2 0 474 446 1876 720
p 2 0 301 619 963 497
p 2 177 626 117 96385 2971
p 2 0 486 434 2037 726
p 2 0 310 610 996 495
p 2 134 587 199 91691 2648
p 2 0 510 410 2099 746
p 2 0 223 697 694 408
p 2 2 693 225 62838 1486
p 2 0 585 335 2525 838
p 2 0 333 587 942 513
p 2 2 620 298 55873 1308
p 2 0 508 412 2342 743
p 2 0 259 661 878 444
p 2 2 627 291 56280 1299
p 2 0 517 403 2549 770
p 2 0 272 648 919 456
p 2 0 84 836 824 280
p 2 0 182 738 643 366
p 2 0 196 724 682 381
p 2 0 357 563 1808 552
p 2 0 206 714 692 389
p 2 0 116 804 446 298
p 2 0 111 809 917 297
p 2 0 124 796 577 317
p 2 0 55 865 341 247
p 2 0 60 860 691 252
p 2 0 43 877 313 232
p 2 0 157 763 648 347
p 2 2 207 711 16966 567
p 2 0 184 736 871 383
p 2 0 134 786 561 322
p 2 0 263 657 14560 561
p 2 0 126 794 707 329
p 2 0 131 789 515 315
p 2 0 230 690 15197 546
p 2 0 203 717 963 407
p 2 0 92 828 431 280
p 2 3 93 824 632 303
p 2 0 90 830 434 280
p 2 0 107 813 464 297
p 2 0 48 872 965 246
p 2 0 42 878 305 235
p 2 0 36 884 286 229
p 2 0 169 751 1150 362
p 2 0 94 826 443 283
p 2 0 71 849 379 260
p 2 0 76 844 885 271
p 2 0 71 849 413 263
p 2 0 55 865 327 245
p 2 3 34 883 472 247
p 2 0 13 907 232 209
p 2 0 9 911 215 205
p 2 0 16 904 901 218
p 2 0 39 881 318 232
p 2 0 24 896 270 217
p 2 0 23 897 756 224
p 2 0 11 909 244 208
p 2 0 10 910 225 206
p 2 3 15 902 448 227
p 2 0 10 910 221 206
p 2 0 10 910 223 204
p 2 0 11 909 226 206
p 2 0 9 911 218 204
p 2 0 8 912 217 204
p 2 0 8 912 895 210
p 2 0 7 913 226 204
p 2 0 10 910 224 206
p 2 0 19 901 722 217
p 2 0 13 907 228 209
p 2 0 13 907 223 209
p 2 0 18 902 723 219
p 2 0 23 897 269 219
p 2 0 23 897 260 219
p 2 0 17 903 719 218
p 2 0 13 907 231 207
p 2 0 12 908 227 207
p 2 2 12 906 446 221
p 2 0 14 906 218 208
p 2 0 8 912 213 205
p 2 0 22 898 755 221
p 2 0 19 901 239 215
p 2 0 6 914 211 202
p 2 0 9 911 715 212
p 2 0 15 905 244 211
p 2 0 8 912 218 204
p 2 0 11 909 695 211
p 2 0 3 917 207 200
p 2 0 9 911 217 204
p 2 2 9 909 434 220
p 2 0 2 918 202 199
p 2 0 8 912 211 204
p 2 0 9 911 711 210
p 2 0 7 913 217 203
p 2 0 8 912 212 204
p 2 0 12 908 726 214
p 2 0 13 907 231 209
p 2 0 6 914 207 201
p 2 0 8 912 698 210
p 2 0 8 912 229 205
p 2 0 9 911 219 205
p 2 3 6 911 423 221
p 2 0 5 915 211 203
p 2 0 4 916 210 201
p 2 0 9 911 910 211
p 2 0 5 915 220 203
p 2 0 4 916 206 200
p 2 0 8 912 706 211
p 2 0 7 913 228 205
p 2 0 4 916 206 200
p 2 3 3 914 418 219
p 2 0 9 911 225 205
p 2 0 4 916 206 201
p 2 0 6 914 703 209
p 2 0 8 912 230 205
p 2 0 11 909 223 207
p 2 0 85 835 926 286
p 2 0 68 852 366 259
p 2 0 42 878 304 235
p 2 0 45 875 786 242
p 2 0 25 895 255 219
p 2 0 24 896 255 217
p 2 0 22 898 738 220
p 2 0 9 911 230 205
p 2 0 6 914 209 201
p 2 0 9 911 691 209
p 2 0 13 907 232 208
p 2 0 10 910 219 204
p 2 0 11 909 711 212
p 2 0 9 911 230 206
p 2 0 8 912 214 204
p 2 3 2 915 404 219
p 2 0 3 917 203 201
p 2 0 3 917 202 201
p 2 27 264 629 30311 1048
p 2 0 223 697 1046 441
p 2 0 146 774 588 341
p 2 18 276 626 25200 897
p 2 0 226 694 1107 444
p 2 0 161 759 637 352
p 2 23 377 520 25325 1019
p 2 0 248 672 1109 464
p 2 0 144 776 570 339
p 2 0 93 827 476 286
p 2 0 141 779 612 334
p 2 0 115 805 499 303
p 2 0 76 844 466 264
p 2 0 22 898 247 216
p 2 0 39 881 292 230
p 2 0 37 883 329 226
p 2 0 72 848 393 263
p 2 0 26 894 257 218
p 2 0 25 895 329 219
p 2 0 25 895 249 217
p 2 0 48 872 344 242
p 2 0 39 881 370 228
p 2 0 14 906 233 209
p 2 0 10 910 221 206
p 2 0 11 909 272 205
p 2 0 10 910 221 205
p 2 0 16 904 237 209
p 2 0 15 905 314 210
p 2 0 44 876 301 234
p 2 0 41 879 291 233
p 2 0 27 893 317 221
p 2 0 18 902 241 213
p 2 0 25 895 258 219
p 2 0 10 910 285 205
p 2 0 7 913 214 204
p 2 0 4 916 208 201
p 2 0 8 912 288 204
p 2 0 3 917 205 200
p 2 0 6 914 209 202
p 2 0 4 916 262 201
p 2 0 6 914 210 202
p 2 0 3 917 205 199
p 2 0 6 914 256 203
p 2 0 4 916 202 200
p 2 0 3 917 202 198
p 2 0 8 912 281 204
p 2 0 2 918 203 199
p 2 0 2 918 201 199
p 2 0 2 918 263 199
p 2 0 0 920 197 197
p 2 0 0 920 197 197
i 2 920 0 0 36288 4123
p 2 46 281 593 2606 683
p 2 101 203 616 9755 1019
p 2 174 185 561 18417 1538
p 2 248 232 440 33807 2165
p 2 225 325 370 45931 2393
p 2 157 431 332 48442 2304
p 2 33 552 335 36936 1600
p 2 0 487 433 8140 834
p 2 5 500 415 15774 924
p 2 0 513 407 14811 898
p 2 0 536 384 14883 909
p 2 5 484 431 12343 896
p 2 0 468 452 8818 812
p 2 0 491 429 15070 871
p 2 3 486 431 18000 936
p 2 0 486 434 16436 908
p 2 0 472 448 16454 900
p 2 3 467 450 18862 937
p 2 0 480 440 17420 910
p 2 0 475 445 16877 905
p 2 6 470 444 19163 958
p 2 0 491 429 15741 911
p 2 0 477 443 16228 891
p 2 5 482 433 19337 962
p 2 0 480 440 14311 864
p 2 0 468 452 10988 816
p 2 3 460 457 11300 857
p 2 0 477 443 15142 862
p 2 0 467 453 14650 837
p 2 7 454 459 16634 877
p 2 0 376 544 6393 639
p 2 0 366 554 5324 622
p 2 5 411 504 15450 809
p 2 0 433 487 14838 812
p 2 0 438 482 14837 814
p 2 4 452 464 13289 859
p 2 0 441 479 9040 776
p 2 0 453 467 15978 848
p 2 3 441 476 18253 896
p 2 0 450 470 16595 854
p 2 0 455 465 16259 856
p 2 5 447 468 19132 930
p 2 0 453 467 16959 867
p 2 0 460 460 17131 882
p 2 6 459 455 18878 941
p 2 0 458 462 16343 885
p 2 0 472 448 16470 899
p 2 2 476 442 18875 943
p 2 0 455 465 13763 836
p 2 0 455 465 11059 807
p 2 3 440 477 10831 820
p 2 0 454 466 15310 839
p 2 0 438 482 14942 819
p 2 5 438 477 17219 866
p 2 0 381 539 6563 657
p 2 0 347 573 4414 592
p 2 97 386 437 39563 1821
p 2 0 428 492 11509 806
p 2 0 424 496 12435 785
p 2 31 383 506 30828 1249
p 2 0 396 524 7951 730
p 2 0 377 543 11960 741
p 2 22 361 537 27494 1137
p 2 0 367 553 10392 727
p 2 0 349 571 10626 702
p 2 171 326 423 48962 2125
p 2 88 790 42 56881 2449
p 2 1 887 32 24493 1556
p 2 122 789 9 61818 2703
p 2 4 909 7 29084 1687
p 2 5 912 3 34816 1787
p 2 13 880 27 29172 1666
p 2 4 839 77 23439 1492
p 2 3 831 86 22609 1407
p 2 14 815 91 20575 1567
p 2 11 821 88 25532 1506
p 2 2 818 100 24765 1440
p 2 8 812 100 24975 1438
p 2 9 770 141 16541 1298
p 2 15 807 98 15981 1382
p 2 4 820 96 21835 1367
p 2 3 807 110 23986 1382
p 2 7 812 101 24371 1410
p 2 5 814 101 19337 1397
p 2 6 818 96 18633 1405
p 2 6 849 65 26721 1513
p 2 4 817 99 24524 1467
p 2 2 819 99 24794 1389
p 2 6 788 126 23862 1374
p 2 13 783 124 27785 1444
p 2 9 786 125 26932 1479
p 2 5 801 114 27063 1481
p 2 8 821 91 27098 1539
p 2 13 841 66 27016 1585
p 2 7 817 96 26325 1526
p 2 2 815 103 30788 1499
p 2 11 793 116 24539 1461
p 2 6 796 118 18534 1323
p 2 10 774 136 19611 1397
p 2 9 789 122 26286 1442
p 2 14 776 130 26405 1446
p 2 9 827 84 30227 1560
p 2 10 793 117 17120 1330
p 2 9 770 141 16156 1311
p 2 11 786 123 21579 1375
p 2 4 807 109 22823 1355
p 2 10 800 110 22785 1393
p 2 10 792 118 19986 1448
p 2 10 802 108 18609 1422
p 2 10 814 96 25184 1471
p 2 9 776 135 25119 1435
p 2 4 774 142 24214 1385
p 2 3 768 149 25041 1406
p 2 4 790 126 28339 1441
p 2 12 782 126 25866 1470
p 2 6 809 105 26524 1474
p 2 10 794 116 28004 1522
p 2 5 794 121 25569 1472
p 2 4 798 118 26016 1412
p 2 11 784 125 26357 1425
p 2 6 780 134 21584 1389
p 2 10 794 116 18719 1402
p 2 13 796 111 18426 1399
p 2 3 825 92 24759 1401
p 2 9 802 109 24491 1439
p 2 5 801 114 25583 1436
p 2 5 770 145 15272 1287
p 2 0 748 172 16425 1213
p 2 3 761 156 21988 1356
p 2 6 783 131 23464 1370
p 2 12 745 163 22984 1369
p 2 6 771 143 20171 1318
p 2 13 783 124 19793 1404
p 2 8 825 87 26707 1505
p 2 11 809 100 27420 1460
p 2 5 821 94 26306 1457
p 2 3 791 126 24740 1407
p 2 6 799 115 27237 1422
p 2 2 804 114 25616 1425
p 2 12 790 118 27359 1501
p 2 11 782 127 27258 1463
p 2 11 786 123 26136 1488
p 2 3 817 100 27828 1483
p 2 8 808 104 27733 1490
p 2 4 780 136 23475 1405
p 2 2 795 123 19911 1390
p 2 13 799 108 18152 1406
p 2 4 792 124 24573 1390
p 2 3 791 126 25722 1425
p 2 15 806 99 27940 1539
p 2 1 791 128 15741 1304
p 2 2 777 141 15668 1261
p 2 6 760 154 21177 1293
p 2 8 794 118 24882 1415
p 2 13 758 149 23142 1433
p 2 6 800 114 18813 1388
p 2 10 782 128 19433 1445
p 2 7 774 139 24860 1425
p 2 6 740 174 23304 1303
p 2 0 737 183 23379 1286
i 2 920 0 0 78673 4854
p 2 0 166 754 727 347
p 2 0 139 781 2092 340
p 2 4 166 750 10547 483
p 2 0 146 774 3669 373
p 2 0 152 768 3817 374
p 2 4 168 748 11228 489
p 2 0 152 768 4047 385
p 2 0 147 773 4090 379
p 2 4 178 738 11446 511
p 2 0 165 755 4171 404
p 2 0 176 744 4341 406
p 2 5 168 747 11303 492
p 2 0 151 769 4033 392
p 2 0 149 771 4060 381
p 2 2 159 759 10829 466
p 2 0 160 760 4222 397
p 2 0 170 750 4234 401
p 2 6 141 773 6587 434
p 2 0 124 796 3930 358
p 2 0 130 790 4012 357
p 2 2 127 791 6108 403
p 2 0 124 796 2738 335
p 2 0 112 808 2959 321
p 2 3 118 799 4914 377
p 2 0 86 834 638 282
p 2 0 102 818 1731 302
p 2 2 127 791 5951 395
p 2 0 121 799 3479 343
p 2 0 127 793 3838 359
p 2 4 126 790 6670 407
p 2 0 129 791 3752 363
p 2 0 131 789 3923 363
p 2 2 135 783 6567 419
p 2 0 129 791 3930 359
p 2 0 130 790 4169 365
p 2 4 130 786 7080 424
p 2 0 126 794 3946 363
p 2 0 118 802 4156 359
p 2 2 124 794 6536 415
p 2 0 124 796 4105 364
p 2 0 125 795 4038 361
p 2 4 121 795 6799 409
p 2 0 123 797 3757 357
p 2 0 117 803 3979 350
p 2 4 111 805 5737 402
p 2 0 107 813 3173 330
p 2 0 100 820 2400 311
p 2 4 104 812 4880 368
p 2 0 82 838 609 273
p 2 0 96 824 1760 295
p 2 4 117 799 5602 399
p 2 0 102 818 3391 327
p 2 0 120 800 3659 346
p 2 5 115 800 6347 404
p 2 0 117 803 3873 349
p 2 0 118 802 4013 353
p 2 3 119 798 6392 413
p 2 0 120 800 4048 360
i 2 920 0 0 57850 4884
p 2 0 243 677 531 433
p 2 0 192 728 394 369
p 2 21 564 335 45090 1577
p 2 0 425 495 1725 654
p 2 0 209 711 793 401
p 2 4 573 343 36549 1345
p 2 0 410 510 1792 641
p 2 0 167 753 605 358
p 2 4 545 371 37265 1336
p 2 0 450 470 2036 696
p 2 0 247 673 871 432
p 2 1 180 739 882 385
p 2 0 76 844 377 270
p 2 0 71 849 350 264
p 2 2 62 856 1196 278
p 2 0 81 839 413 272
p 2 0 49 871 340 243
p 2 0 54 866 886 263
p 2 0 26 894 264 222
p 2 0 19 901 238 213
p 2 2 31 887 853 244
p 2 0 30 890 277 222
p 2 0 16 904 235 210
p 2 0 11 909 222 207
p 2 0 28 892 789 234
p 2 0 19 901 247 215
p 2 6 463 451 35727 1284
p 2 0 372 548 1556 603
p 2 0 138 782 538 328
p 2 8 462 450 34548 1267
p 2 0 343 577 1510 570
p 2 0 136 784 527 325
p 2 3 477 440 35012 1254
p 2 0 357 563 1643 586
p 2 0 167 753 655 358
p 2 5 469 446 34990 1240
p 2 0 386 534 1756 626
p 2 0 192 728 1358 393
p 2 0 72 848 384 261
p 2 0 103 817 921 296
p 2 0 68 852 366 259
p 2 0 124 796 1022 319
p 2 0 52 868 341 244
p 2 0 75 845 874 272
p 2 0 56 864 809 253
p 2 0 108 812 1081 312
p 2 0 63 857 384 257
p 2 0 125 795 1483 329
p 2 0 45 875 324 238
p 2 0 63 857 870 260
p 2 0 55 865 742 253
p 2 0 86 834 951 281
p 2 0 40 880 308 233
p 2 0 66 854 1293 264
p 2 0 40 880 316 232
p 2 0 55 865 845 254
p 2 0 38 882 533 239
p 2 0 42 878 816 240
p 2 0 14 906 253 211
p 2 0 30 890 1226 235
p 2 0 27 893 285 222
p 2 0 35 885 784 235
p 2 0 19 901 687 220
p 2 0 25 895 760 225
p 2 0 13 907 248 209
p 2 1 29 890 1016 241
p 2 0 14 906 254 209
p 2 0 28 892 778 230
p 2 1 15 904 677 222
p 2 0 19 901 761 221
p 2 0 12 908 251 211
p 2 0 28 892 1168 232
p 2 0 17 903 251 212
p 2 0 35 885 1217 239
p 2 0 16 904 254 211
p 2 0 28 892 765 228
p 2 0 21 899 261 216
p 2 0 23 897 760 223
p 2 0 11 909 247 208
p 2 0 24 896 1181 230
p 2 0 15 905 253 213
p 2 0 21 899 984 231
p 2 0 11 909 238 207
p 2 0 16 904 739 218
p 2 0 8 912 244 207
p 2 0 17 903 756 219
p 2 0 11 909 242 208
p 2 0 15 905 736 217
p 2 0 8 912 245 207
p 2 0 18 902 1198 223
p 2 0 10 910 233 206
p 2 0 18 902 745 220
p 2 0 12 908 652 211
p 2 0 22 898 770 222
p 2 0 8 912 237 205
p 2 0 24 896 987 234
p 2 0 14 906 236 209
p 2 0 19 901 760 220
p 2 1 17 902 672 223
p 2 0 22 898 749 222
p 2 0 7 913 230 205
p 2 1 19 900 959 231
p 2 0 10 910 241 206
p 2 0 16 904 738 219
p 2 1 11 908 645 218
p 2 0 17 903 743 219
p 2 0 9 911 228 204
p 2 0 22 898 1162 228
p 2 0 11 909 252 209
p 2 0 16 904 750 217
p 2 0 12 908 661 212
p 2 0 19 901 756 221
p 2 0 10 910 245 207
p 2 1 18 901 965 230
p 2 0 10 910 241 207
p 2 0 18 902 752 220
p 2 1 10 909 643 216
p 2 0 16 904 759 218
p 2 0 8 912 229 205
p 2 0 20 900 1155 227
p 2 0 12 908 254 209
p 2 0 21 899 749 222
p 2 0 11 909 647 210
p 2 0 38 882 790 237
p 2 0 13 907 239 209
p 2 0 20 900 1150 226
p 2 0 9 911 242 206
p 2 0 19 901 742 220
p 2 0 14 906 470 219
p 2 0 17 903 751 219
p 2 0 11 909 237 207
p 2 0 21 899 1198 226
p 2 0 9 911 235 205
p 2 0 16 904 748 218
p 2 0 10 910 653 210
p 2 0 17 903 743 218
p 2 0 7 913 226 204
p 2 0 21 899 1177 226
p 2 0 6 914 230 202
p 2 0 16 904 745 218
p 2 0 9 911 642 211
p 2 0 20 900 756 221
p 2 73 826 21 15884 2054
p 2 65 843 12 20331 2066
p 2 68 843 9 21490 2056
p 2 63 848 9 24334 2061
p 2 63 849 8 24657 2053
p 2 56 858 6 26678 2041
p 2 59 851 10 26944 2029
p 2 57 857 6 28754 2054
p 2 61 850 9 28778 2038
p 2 60 854 6 30476 2059
p 2 65 848 7 30406 2061
p 2 64 850 6 31624 2097
p 2 68 846 6 31452 2096
p 2 69 847 4 32972 2147
p 2 80 833 7 32197 2197
p 2 86 830 4 33110 2243
p 2 100 816 4 32031 2299
p 2 122 797 1 32566 2413
p 2 158 752 10 31747 2514
p 2 0 857 63 18928 1452
p 2 0 850 70 18719 1380
p 2 0 841 79 19387 1359
p 2 0 820 100 18370 1287
p 2 0 823 97 19138 1329
p 2 0 795 125 18163 1263
p 2 0 824 96 18841 1326
p 2 0 801 119 18930 1266
p 2 0 824 96 18961 1321
p 2 0 773 147 18384 1227
p 2 0 835 85 18745 1328
p 2 0 769 151 18627 1238
p 2 0 810 110 19115 1294
p 2 0 759 161 18408 1224
p 2 0 802 118 19341 1299
p 2 0 762 158 18350 1235
p 2 0 802 118 19027 1274
p 2 0 781 139 18791 1256
p 2 0 794 126 18935 1279
p 2 0 771 149 18112 1238
p 2 0 795 125 19730 1276
p 2 0 766 154 18380 1247
p 2 0 791 129 19268 1270
p 2 0 773 147 18314 1268
p 2 0 781 139 19129 1261
p 2 0 760 160 17939 1232
p 2 1 788 131 19516 1284
p 2 0 784 136 18771 1263
p 2 0 790 130 19479 1277
p 2 0 783 137 18399 1247
p 2 0 783 137 18739 1252
p 2 0 767 153 17965 1239
p 2 0 778 142 19062 1259
p 2 0 769 151 18633 1239
p 2 0 771 149 18682 1250
p 2 0 782 138 18354 1242
p 2 0 778 142 18760 1262
p 2 0 778 142 18406 1235
p 2 1 788 131 18575 1267
p 2 0 753 167 18725 1218
p 2 0 771 149 18326 1253
p 2 0 773 147 19158 1251
p 2 0 766 154 18077 1241
p 2 0 772 148 18837 1240
p 2 0 766 154 18701 1242
p 2 0 760 160 18528 1235
p 2 0 776 144 18763 1252
p 2 0 755 165 18769 1229
p 2 0 776 144 19237 1256
p 2 0 766 154 17873 1236
p 2 0 781 139 19570 1253
p 2 0 760 160 18212 1246
p 2 0 760 160 19247 1222
p 2 0 763 157 18523 1245
p 2 0 767 153 19015 1235
p 2 0 764 156 18148 1228
p 2 0 771 149 19259 1257
p 2 0 788 132 18467 1246
p 2 0 783 137 18661 1262
p 2 0 780 140 18631 1257
p 2 0 790 130 18590 1262
p 2 0 778 142 18030 1232
p 2 0 795 125 18947 1276
p 2 0 769 151 18268 1228
p 2 0 795 125 18391 1267
p 2 0 777 143 18303 1243
p 2 0 760 160 18389 1231
p 2 0 788 132 18307 1246
p 2 0 795 125 18918 1265
p 2 0 790 130 17985 1252
p 2 0 775 145 17998 1238
p 2 0 781 139 18339 1238
p 2 0 805 115 18370 1270
p 2 0 783 137 18400 1245
p 2 0 779 141 18428 1257
p 2 0 778 142 18156 1229
p 2 0 787 133 17958 1245
p 2 0 767 153 18904 1252
p 2 0 785 135 18393 1250
p 2 0 772 148 18423 1236
p 2 0 797 123 18544 1266
p 2 0 777 143 18325 1245
p 2 0 793 127 18159 1250
p 2 0 772 148 18377 1227
p 2 0 765 155 18340 1236
p 2 0 783 137 17990 1251
p 2 0 795 125 18517 1268
p 2 0 766 154 18024 1225
p 2 120 789 11 27705 2225
p 2 88 816 16 29037 2137
p 2 72 839 9 30031 2070
p 2 55 852 13 31757 2009
p 2 55 856 9 31468 1989
p 2 45 861 14 33496 1939
p 2 49 859 12 33013 1959
p 2 43 866 11 34354 1939
p 2 50 860 10 34473 1985
p 2 42 865 13 35333 1937
p 2 53 853 14 35763 1996
p 2 48 860 12 35941 1986
p 2 55 854 11 37389 2019
p 2 55 852 13 36570 1995
p 2 60 848 12 37198 2024
p 2 63 845 12 37423 2043
p 2 79 835 6 37912 2113
p 2 91 819 10 38627 2141
p 2 101 812 7 39659 2216
p 2 0 852 68 27046 1514
p 2 0 853 67 27227 1498
p 2 0 847 73 28539 1474
p 2 0 851 69 28118 1486
p 2 0 799 121 28177 1414
p 2 0 860 60 29106 1513
p 2 0 805 115 27771 1430
p 2 0 859 61 27758 1484
p 2 0 809 111 28756 1431
p 2 0 847 73 27772 1473
p 2 0 810 110 28829 1426
p 2 0 834 86 28274 1469
p 2 0 815 105 28058 1434
p 2 0 837 83 27861 1463
p 2 2 819 99 28477 1453
p 2 0 856 64 28567 1473
p 2 2 818 100 38136 1539
p 2 0 854 66 27596 1473
p 2 0 818 102 27642 1438
p 2 0 844 76 27592 1453
p 2 1 824 95 29029 1449
p 2 0 838 82 27415 1455
p 2 0 840 80 28878 1455
p 2 0 834 86 28189 1472
p 2 0 825 95 27975 1443
p 2 0 827 93 28045 1455
p 2 1 816 103 28782 1447
p 2 0 828 92 28762 1457
p 2 0 836 84 28847 1453
p 2 1 822 97 29388 1461
p 2 0 831 89 28219 1444
p 2 0 831 89 28594 1458
p 2 0 826 94 29344 1447
p 2 0 825 95 28774 1445
p 2 0 826 94 29179 1443
p 2 1 832 87 29277 1469
p 2 0 828 92 28361 1453
p 2 0 837 83 29181 1462
p 2 0 831 89 28534 1467
p 2 0 834 86 29084 1443
p 2 0 827 93 28211 1448
p 2 1 838 81 28992 1459
p 2 0 834 86 28598 1455
p 2 0 850 70 27728 1459
p 2 0 828 92 29479 1469
p 2 0 841 79 28022 1453
p 2 0 815 105 28721 1426
p 2 0 838 82 28567 1458
p 2 0 852 68 27984 1463
p 2 0 827 93 28214 1431
p 2 0 828 92 28817 1449
p 2 0 841 79 28655 1450
p 2 0 834 86 28594 1438
p 2 10 835 75 39402 1594
p 2 0 846 74 26886 1436
p 2 0 845 75 27595 1441
p 2 2 834 84 29024 1451
p 2 0 857 63 28424 1453
p 2 0 846 74 29058 1442
p 2 0 850 70 29160 1464
p 2 0 853 67 28105 1446
p 2 0 869 51 28672 1458
p 2 1 843 76 28579 1449
p 2 0 851 69 28610 1456
p 2 0 833 87 28465 1428
p 2 0 835 85 28876 1459
p 2 0 832 88 28417 1444
p 2 0 833 87 28301 1446
p 2 1 831 88 28824 1454
p 2 0 823 97 28269 1423
p 2 0 819 101 28440 1435
p 2 1 809 110 29811 1441
p 2 0 826 94 28205 1444
p 2 0 818 102 28721 1425
p 2 1 830 89 28131 1461
p 2 0 814 106 28420 1426
p 2 0 836 84 28564 1453
p 2 1 823 96 29116 1435
p 2 0 809 111 28305 1436
p 2 0 827 93 28343 1439
p 2 0 840 80 28840 1489
p 2 0 836 84 28460 1447
p 2 0 821 99 28309 1428
p 2 0 829 91 29306 1442
p 2 0 823 97 28094 1442
p 2 0 855 65 28656 1449
p 2 0 817 103 28546 1434
p 2 0 830 90 28737 1429
p 2 70 845 5 45570 2052
p 2 48 872 0 36472 1974
p 2 42 878 0 40454 2003
p 2 39 881 0 41960 1983
p 2 38 882 0 45577 2013
p 2 36 884 0 48048 2015
p 2 34 886 0 50775 2032
p 2 32 888 0 52837 2048
p 2 34 886 0 53406 2054
p 2 32 888 0 54925 2060
p 2 35 885 0 55134 2053
p 2 34 886 0 56986 2076
p 2 32 888 0 56848 2041
p 2 29 891 0 57299 2056
p 2 27 893 0 56792 2033
p 2 27 892 1 57260 2040
p 2 29 891 0 55928 2021
p 2 28 892 0 56584 2016
p 2 30 889 1 55672 2027
p 2 37 883 0 55748 2062
p 2 36 884 0 54516 2055
p 2 44 875 1 54662 2094
p 2 47 873 0 53272 2093
p 2 61 859 0 53617 2142
p 2 67 853 0 54541 2117
p 2 0 896 24 47481 1683
p 2 0 906 14 47212 1680
p 2 1 901 18 47199 1675
p 2 0 907 13 47851 1666
p 2 1 905 14 47756 1666
p 2 0 907 13 47505 1655
p 2 0 910 10 47808 1663
p 2 0 908 12 47143 1654
p 2 1 908 11 48106 1676
p 2 2 908 10 47102 1677
p 2 0 916 4 47841 1680
p 2 2 910 8 46930 1675
p 2 0 905 15 47024 1656
p 2 0 906 14 46578 1663
p 2 2 906 12 47427 1669
p 2 1 909 10 46578 1660
p 2 1 908 11 46871 1653
p 2 0 911 9 46263 1652
p 2 0 915 5 45987 1643
p 2 0 913 7 45098 1647
p 2 1 915 4 45931 1649
p 2 0 915 5 44756 1641
p 2 0 915 5 45433 1644
p 2 1 914 5 45131 1640
p 2 1 911 8 45582 1654
p 2 0 913 7 45212 1635
p 2 1 910 9 45734 1645
p 2 0 913 7 45285 1623
p 2 0 903 17 45584 1606
p 2 0 909 11 45772 1613
p 2 0 913 7 46082 1611
p 2 1 902 17 45613 1630
p 2 0 914 6 46590 1612
p 2 0 914 6 45956 1622
p 2 1 913 6 47580 1646
p 2 1 917 2 47316 1661
p 2 1 908 11 47530 1638
p 2 0 911 9 47537 1637
p 2 0 913 7 48720 1643
p 2 0 914 6 48020 1639
p 2 0 910 10 48532 1642
p 2 8 904 8 48548 1669
p 2 0 914 6 49124 1664
p 2 0 915 5 48492 1651
p 2 0 913 7 48589 1643
p 2 0 914 6 48806 1661
p 2 0 913 7 49208 1653
p 2 0 911 9 48733 1640
p 2 0 914 6 48876 1640
p 2 0 908 12 48417 1632
p 2 1 911 8 49092 1655
p 2 0 912 8 47630 1634
p 2 0 915 5 47916 1635
p 2 0 911 9 47884 1639
p 2 0 911 9 47966 1634
p 2 0 905 15 46720 1614
p 2 0 909 11 47618 1635
p 2 0 905 15 46159 1600
p 2 0 912 8 46448 1625
p 2 0 910 10 45043 1601
p 2 0 907 13 45120 1600
p 2 0 899 21 43843 1600
p 2 0 909 11 45276 1597
p 2 0 898 22 42043 1574
p 2 0 907 13 43243 1573
p 2 0 902 18 41769 1567
p 2 0 908 12 42256 1582
p 2 0 902 18 40007 1546
p 2 0 903 17 39886 1554
p 2 0 895 25 38102 1529
p 2 0 896 24 36606 1512
p 2 0 894 26 37682 1504
p 2 0 888 32 33780 1455
p 2 0 890 30 32443 1445
p 2 0 880 40 31140 1420
p 2 0 879 41 27605 1380
p 2 0 886 34 28336 1397
p 2 0 881 39 24606 1337
p 2 0 858 62 19613 1284
p 2 0 849 71 18794 1250
p 2 0 848 72 13371 1219
p 2 0 846 74 13054 1207
p 2 0 797 123 6206 1100
p 2 0 458 462 1970 635
p 2 0 492 428 1849 678
p 2 1 448 471 1942 636
p 2 0 352 568 1503 531
p 2 0 176 744 633 355
p 2 0 170 750 629 349
p 2 0 147 773 754 329
p 2 0 251 669 1066 441
p 2 0 166 754 701 353
p 2 0 407 513 1682 601
p 2 0 174 746 646 355
p 2 0 282 638 997 467
p 2 0 384 536 1593 581
p 2 0 201 719 781 387
p 2 0 148 772 615 332
p 2 0 140 780 719 323
p 2 0 50 870 313 240
p 2 0 91 829 424 280
p 2 0 54 866 501 244
p 2 0 57 863 355 249
p 2 0 27 893 277 219
p 2 0 48 872 476 237
p 2 0 35 885 286 226
p 2 0 30 890 275 222
p 2 0 26 894 440 222
p 2 0 14 906 241 209
p 2 0 12 908 236 208
p 2 0 18 902 399 212
p 2 0 5 915 210 201
p 2 0 9 911 223 205
p 2 0 12 908 393 208
p 2 0 8 912 218 204
p 2 0 4 916 204 201
p 2 0 7 913 377 205
p 2 0 4 916 210 199
i 2 920 0 0 50781 4672
p 2 0 228 692 507 412
p 2 158 600 162 48537 2752
p 2 0 432 488 1537 682
p 2 8 690 222 30307 1702
p 2 0 449 471 1726 721
p 2 15 659 246 29803 1712
p 2 0 474 446 1762 789
p 2 1 480 439 13763 1104
p 2 0 415 505 2076 659
p 2 0 473 447 11291 989
p 2 0 309 611 1073 528
p 2 1 436 483 12369 995
p 2 0 316 604 1111 534
p 2 0 211 709 743 408
p 2 3 131 786 738 361
p 2 0 116 804 460 313
p 2 0 99 821 414 287
p 2 6 103 811 1684 338
p 2 0 50 870 322 243
p 2 0 83 837 388 273
p 2 0 55 865 1075 265
p 2 0 63 857 341 255
p 2 0 42 878 284 233
p 2 1 115 804 1683 330
p 2 0 47 873 297 238
p 2 0 38 882 278 229
p 2 0 45 875 294 237
p 2 0 58 862 333 246
p 2 0 67 853 1105 278
p 2 0 43 877 285 235
p 2 2 44 874 557 261
p 2 0 14 906 223 212
p 2 0 20 900 238 214
p 2 0 17 903 231 212
p 2 0 14 906 225 206
p 2 0 1 919 206 198
p 2 0 3 917 216 201
p 2 0 7 913 211 203
p 2 0 4 916 214 200
p 2 0 8 912 214 203
p 2 0 6 914 216 202
p 2 4 21 895 1118 245
p 2 0 7 913 214 203
p 2 0 11 909 222 207
p 2 1 28 891 1444 246
p 2 0 19 901 261 217
p 2 0 15 905 230 210
p 2 0 33 887 1044 247
p 2 0 21 899 238 215
p 2 0 9 911 206 205
p 2 1 28 891 1445 246
p 2 0 23 897 277 219
p 2 0 17 903 227 210
p 2 3 35 882 550 265
p 2 0 19 901 221 217
p 2 0 14 906 219 209
p 2 6 19 895 1456 256
p 2 0 12 908 244 209
p 2 0 12 908 216 207
p 2 0 31 889 1032 245
p 2 0 27 893 246 221
p 2 0 14 906 218 209
p 2 1 32 887 1450 246
p 2 0 18 902 243 213
p 2 0 8 912 214 205
p 2 3 30 887 539 266
p 2 0 24 896 224 220
p 2 0 14 906 209 207
p 2 6 16 898 1450 252
p 2 0 7 913 224 203
p 2 0 10 910 215 206
p 2 0 34 886 1042 249
p 2 0 22 898 242 216
p 2 0 10 910 207 204
p 2 1 29 890 1452 244
p 2 0 18 902 243 216
p 2 0 8 912 213 205
p 2 0 28 892 1026 244
p 2 0 18 902 246 218
p 2 0 13 907 212 208
p 2 2 27 891 525 246
p 2 0 7 913 211 207
p 2 0 10 910 206 205
p 2 6 15 899 1450 251
p 2 0 7 913 221 205
p 2 0 1 919 199 198
p 2 0 28 892 1045 240
p 2 0 15 905 221 209
p 2 0 12 908 206 206
p 2 1 32 887 1455 249
p 2 0 12 908 233 210
p 2 0 11 909 220 206
p 2 0 8 912 209 204
p 2 0 1 919 199 198
p 2 0 29 891 1030 243
p 2 0 19 901 234 215
p 2 2 24 894 524 242
p 2 0 9 911 225 211
p 2 0 4 916 214 201
p 2 0 5 915 206 203
i 2 920 0 0 77130 5045
p 2 0 174 746 431 356
p 2 0 104 816 337 288
p 2 86 533 301 55859 2077
p 2 0 421 499 1821 667
p 2 0 170 750 619 362
p 2 42 569 309 45934 1788
p 2 0 422 498 1849 666
p 2 0 228 692 776 419
p 2 12 585 323 44920 1600
p 2 0 440 480 1858 689
p 2 0 283 637 1012 477
p 2 0 146 774 507 336
p 2 0 65 855 342 255
p 2 0 34 886 253 227
p 2 113 483 324 59902 2234
p 2 0 384 536 1805 631
p 2 0 169 751 636 368
p 2 41 607 272 60415 1942
p 2 0 469 451 2211 729
p 2 0 189 731 645 381
p 2 13 572 335 43278 1590
p 2 0 435 485 1935 708
p 2 0 175 745 658 370
p 2 0 125 795 476 315
p 2 0 57 863 306 250
p 2 0 39 881 273 232
p 2 0 27 893 260 221
p 2 0 26 894 255 222
p 2 0 8 912 218 205
i 2 920 0 0 61167 4947
p 2 0 245 675 545 437
p 2 71 613 236 47670 1947
p 2 0 370 550 1489 596
p 2 22 603 295 35357 1546
p 2 0 404 516 1619 630
p 2 10 608 302 37559 1475
p 2 0 435 485 4243 702
p 2 0 256 664 3388 470
p 2 2 419 499 21192 955
p 2 0 315 605 3442 558
p 2 0 165 755 2807 372
p 2 6 371 543 19582 892
p 2 1 289 630 3435 531
p 2 0 150 770 2474 363
p 2 6 327 587 21150 903
p 2 0 249 671 3110 485
p 2 1 157 762 2296 380
p 2 6 344 570 21960 896
p 2 0 268 652 2801 502
p 2 0 152 768 1987 354
p 2 2 339 579 18513 807
p 2 1 240 679 2098 465
p 2 0 111 809 1384 312
p 2 2 312 606 18513 782
p 2 0 253 667 1951 475
p 2 0 118 802 1203 318
p 2 0 71 849 934 265
p 2 0 52 868 890 255
p 2 0 48 872 800 248
p 2 0 34 886 613 233
p 2 0 26 894 548 225
p 2 0 21 899 494 219
p 2 0 13 907 370 210
p 2 0 12 908 293 210
i 2 920 0 0 20090 3415
p 2 52 479 389 12017 1079
p 2 157 368 395 17731 1531
p 2 180 275 465 28070 1773
p 2 226 283 411 34092 2095
p 2 152 372 396 35342 1932
p 2 89 451 380 36442 1789
p 2 0 338 582 1197 551
p 2 0 179 741 512 361
p 2 115 408 397 42007 1900
p 2 0 310 610 1219 540
p 2 0 165 755 532 352
p 2 164 370 386 43930 2073
p 2 0 319 601 1254 538
p 2 0 117 803 438 313
p 2 263 283 374 46294 2471
p 2 0 250 670 1072 478
p 2 0 146 774 503 331
p 2 149 374 397 49352 2119
p 2 0 305 615 1287 550
p 2 0 140 780 491 329
p 2 156 335 429 45833 2086
p 2 0 295 625 1213 511
p 2 0 136 784 422 319
p 2 255 276 389 42994 2397
p 2 0 285 635 1099 494
p 2 0 153 767 501 340
p 2 154 352 414 44648 2032
p 2 0 300 620 1200 528
p 2 0 208 712 637 391
p 2 167 340 413 43873 2065
p 2 0 277 643 1212 521
p 2 0 124 796 464 319
p 2 270 249 401 45906 2475
p 2 0 242 678 982 455
p 2 0 117 803 438 306
p 2 146 353 421 49394 2078
p 2 0 307 613 1350 538
p 2 0 181 739 632 376
p 2 153 343 424 46114 2077
p 2 0 302 618 1227 525
p 2 0 150 770 465 333
p 2 258 285 377 42890 2419
p 2 0 297 623 1097 512
p 2 0 140 780 469 328
p 2 149 364 407 44978 2026
p 2 0 311 609 1227 535
p 2 0 181 739 564 371
p 2 166 322 432 43684 2039
p 2 0 266 654 1180 508
p 2 0 130 790 435 318
p 2 268 247 405 45902 2454
p 2 0 228 692 925 444
p 2 0 120 800 441 308
p 2 147 338 435 49593 2070
p 2 0 286 634 1288 523
p 2 0 141 779 522 335
p 2 159 327 434 45818 2107
p 2 0 281 639 1149 508
i 2 920 0 0 59102 4297
p 2 0 920 0 16071 1255
p 2 0 918 2 16949 1238
p 2 0 920 0 19843 1258
p 2 0 920 0 17532 1254
p 2 0 920 0 17997 1263
p 2 0 920 0 20354 1278
p 2 0 920 0 18379 1279
p 2 0 920 0 19196 1279
p 2 0 920 0 20895 1312
p 2 0 920 0 19362 1286
p 2 0 920 0 19390 1267
p 2 0 920 0 20694 1297
p 2 0 920 0 20197 1281
p 2 0 920 0 20016 1278
p 2 0 919 1 20390 1291
p 2 0 920 0 20337 1291
p 2 0 920 0 20780 1306
p 2 0 920 0 20962 1300
p 2 0 919 1 20908 1289
p 2 0 920 0 20531 1303
p 2 0 920 0 22353 1303
p 2 0 920 0 21505 1315
p 2 0 920 0 21960 1296
p 2 0 920 0 22373 1330
p 2 0 920 0 21699 1305
p 2 0 920 0 22290 1317
p 2 0 920 0 23163 1307
p 2 0 920 0 22591 1314
p 2 0 919 1 22755 1322
p 2 0 920 0 23586 1319
p 2 0 920 0 23573 1305
p 2 0 920 0 23963 1325
p 2 0 920 0 24549 1334
p 2 0 920 0 23938 1330
p 2 3 916 1 35165 1444
p 2 0 920 0 24203 1352
p 2 0 920 0 24683 1358
p 2 0 920 0 25237 1348
p 2 0 920 0 25833 1367
p 2 0 920 0 25190 1359
p 2 0 920 0 25751 1355
p 2 1 919 0 25851 1372
p 2 0 920 0 26707 1359
p 2 0 920 0 26357 1363
p 2 0 920 0 27086 1377
p 2 0 920 0 26639 1372
p 2 0 920 0 26698 1367
p 2 1 919 0 26947 1364
p 2 0 920 0 28200 1360
p 2 0 920 0 29008 1379
p 2 0 920 0 28876 1367
p 2 0 920 0 28844 1369
p 2 0 920 0 29056 1358
p 2 0 920 0 29776 1391
p 2 0 919 1 29646 1385
p 2 0 920 0 30312 1396
p 2 2 918 0 29832 1413
p 2 0 919 1 29617 1390
p 2 0 919 1 30061 1414
p 2 0 920 0 30530 1420
p 2 0 920 0 30056 1409
p 2 0 920 0 29960 1404
p 2 0 920 0 30425 1416
p 2 0 920 0 29434 1406
p 2 0 920 0 29415 1417
p 2 0 920 0 30600 1421
p 2 0 919 1 29658 1407
p 2 0 920 0 29545 1411
p 2 0 920 0 30877 1425
p 2 0 920 0 29742 1413
p 2 0 919 1 30540 1415
p 2 3 917 0 42869 1548
p 2 0 919 1 30757 1432
p 2 1 918 1 30529 1427
p 2 1 917 2 31995 1448
p 2 0 919 1 30716 1421
p 2 0 920 0 30914 1438
p 2 0 920 0 32551 1445
p 2 0 920 0 31872 1431
p 2 0 920 0 32001 1448
p 2 0 920 0 32477 1459
p 2 0 920 0 32224 1468
p 2 0 920 0 31984 1453
p 2 0 920 0 33455 1484
p 2 0 919 1 31614 1475
p 2 0 919 1 31709 1467
p 2 0 920 0 32602 1487
p 2 0 918 2 32203 1473
p 2 0 919 1 32197 1491
p 2 0 920 0 32245 1494
p 2 0 920 0 31507 1473
p 2 0 919 1 31073 1465
p 2 2 918 0 32350 1499
p 2 0 917 3 30839 1468
i 2 920 0 0 90681 5316
p 2 0 195 725 526 384
p 2 0 142 778 1155 329
p 2 0 92 828 2912 306
p 2 0 99 821 1935 303
p 2 0 74 846 1966 285
p 2 2 68 850 3142 295
p 2 0 56 864 2200 272
p 2 0 63 857 2333 279
p 2 1 70 849 3391 299
p 2 0 71 849 2355 284
p 2 0 79 841 2266 286
p 2 0 73 847 3522 293
p 2 0 66 854 2209 279
p 2 0 63 857 2385 275
p 2 3 69 848 3165 305
p 2 0 64 856 2380 279
p 2 0 54 866 2198 270
p 2 0 61 859 3064 274
p 2 0 56 864 2228 268
p 2 0 58 862 1942 271
p 2 1 55 864 2965 279
p 2 0 53 867 1305 258
p 2 0 57 863 1391 265
p 2 0 57 863 2133 258
p 2 0 35 885 312 230
p 2 0 52 868 831 249
p 2 1 55 864 2566 271
p 2 0 57 863 2028 269
p 2 0 55 865 1849 265
p 2 2 58 860 3118 286
p 2 0 51 869 2252 266
p 2 0 56 864 2308 270
p 2 1 49 870 3165 275
p 2 0 55 865 2294 270
p 2 0 48 872 2199 263
p 2 0 55 865 3474 274
p 2 0 47 873 2160 263
p 2 0 54 866 2368 271
p 2 0 57 863 3313 281
p 2 0 54 866 2314 272
p 2 0 46 874 2205 262
p 2 0 55 865 3392 279
p 2 0 53 867 2201 271
p 2 0 50 870 1901 256
p 2 0 45 875 2643 263
p 2 0 46 874 1371 252
p 2 0 45 875 1338 248
p 2 0 49 871 2115 259
p 2 0 31 889 341 228
p 2 0 48 872 820 244
p 2 2 50 868 2449 269
p 2 0 52 868 2025 265
p 2 0 45 875 1773 255
p 2 0 48 872 2644 267
p 2 0 49 871 2176 262
p 2 0 50 870 2257 264
p 2 0 45 875 2839 264
p 2 0 52 868 2301 266
p 2 0 43 877 2173 258
p 2 0 53 867 3391 274
p 2 0 51 869 2168 269
p 2 0 54 866 2388 270
p 2 1 50 869 3147 276
p 2 0 55 865 2353 270
p 2 0 46 874 2254 264
p 2 0 53 867 3348 271
p 2 0 50 870 2241 265
p 2 0 49 871 1943 265
p 2 2 45 873 2833 277
p 2 0 48 872 1354 255
p 2 0 47 873 1279 254
p 2 0 50 870 2047 249
p 2 0 29 891 301 224
p 2 0 48 872 867 243
p 2 1 46 873 2540 265
p 2 0 51 869 2031 267
p 2 0 45 875 1889 262
p 2 0 56 864 3214 275
p 2 0 50 870 2233 266
p 2 0 55 865 2264 269
p 2 1 48 871 3117 274
p 2 0 51 869 2268 268
p 2 0 44 876 2165 259
p 2 0 53 867 3321 273
p 2 0 49 871 2154 266
p 2 0 52 868 2366 268
p 2 0 48 872 3202 270
p 2 0 53 867 2332 270
p 2 0 42 878 2206 258
p 2 0 54 866 3303 273
p 2 0 49 871 2170 265
p 2 0 47 873 1879 256
p 2 0 50 870 3029 270
p 2 0 51 869 1367 258
p 2 0 46 874 1276 252
p 2 0 44 876 1566 248
p 2 0 29 891 303 224
p 2 0 47 873 865 243
p 2 0 49 871 2556 261
p 2 0 50 870 2020 261
p 2 0 42 878 1849 253
p 2 4 199 717 15134 590
p 2 0 154 766 2623 375
p 2 0 78 842 2313 288
p 2 0 198 722 12374 522
p 2 0 159 761 2698 381
p 2 0 74 846 2197 286
p 2 0 190 730 11777 498
p 2 0 163 757 2614 394
p 2 0 108 812 2502 321
p 2 0 245 675 14376 577
p 2 0 208 712 2992 435
p 2 0 115 805 2361 327
p 2 0 250 670 13171 571
p 2 0 195 725 2551 415
p 2 0 110 810 2393 325
p 2 1 239 680 12448 557
p 2 0 194 726 2444 414
p 2 0 102 818 1270 303
p 2 0 236 684 11921 541
p 2 0 178 742 980 381
p 2 0 124 796 1253 316
p 2 1 232 687 12631 548
p 2 0 189 731 2540 407
p 2 0 98 822 2021 308
p 2 0 240 680 13068 554
p 2 0 181 739 2754 397
p 2 0 101 819 2394 312
i 2 920 0 0 60929 4766
p 2 0 270 650 693 452
p 2 0 298 622 1063 474
p 2 0 176 744 861 361
p 2 2 391 527 19431 813
p 2 0 251 669 1728 462
p 2 0 347 573 18675 771
p 2 0 245 675 1503 452
p 2 111 406 403 32872 1703
p 2 8 471 441 14455 969
p 2 46 532 342 39616 1587
p 2 2 557 361 14607 1085
p 2 22 610 288 38066 1533
p 2 3 600 317 11780 1138
p 2 22 633 265 40799 1596
p 2 4 639 277 10213 1229
p 2 3 630 287 9006 1185
p 2 7 614 299 8548 1183
p 2 2 652 266 8241 1189
p 2 3 643 274 7861 1171
p 2 0 658 262 7151 1118
p 2 1 625 294 6739 1079
p 2 0 624 296 6124 1055
p 2 1 585 334 5587 977
p 2 0 556 364 5085 946
p 2 1 516 403 4882 888
p 2 1 540 379 4456 906
p 2 1 459 460 3512 763
p 2 1 487 432 3389 787
p 2 0 399 521 2868 673
p 2 1 410 509 2388 658
p 2 0 301 619 1906 510
p 2 0 337 583 1947 553
p 2 0 253 667 1894 468
p 2 2 272 646 1599 479
p 2 0 215 705 1356 408
i 2 920 0 0 37438 4977
p 2 356 563 1 39247 4051
p 2 129 791 0 23055 2726
p 2 93 827 0 17884 2473
p 2 101 819 0 16623 2348
p 2 59 861 0 23837 2357
p 2 65 855 0 72749 2854
p 2 0 912 8 21761 1587
p 2 1 915 4 13717 1526
p 2 1 913 6 21730 1463
p 2 0 913 7 10802 1424
p 2 0 906 14 20600 1457
p 2 0 901 19 20864 1460
p 2 0 900 20 21825 1430
p 2 1 901 18 17611 1394
p 2 0 891 29 15782 1350
p 2 0 885 35 10695 1327
p 2 0 885 35 11251 1337
p 2 1 887 32 17918 1379
p 2 0 873 47 21086 1403
p 2 0 873 47 20971 1405
p 2 1 866 53 21786 1397
p 2 0 856 64 22139 1402
p 2 0 874 46 20652 1405
p 2 0 872 48 22106 1422
p 2 0 856 64 21340 1390
p 2 0 844 76 21396 1380
p 2 1 820 99 22165 1350
p 2 0 850 70 21620 1371
p 2 0 838 82 21603 1353
p 2 1 809 110 22934 1319
p 2 0 823 97 22977 1344
p 2 0 789 131 22401 1305
p 2 0 789 131 22639 1303
p 2 0 780 140 18863 1246
p 2 0 731 189 20017 1218
p 2 0 755 165 17874 1188
p 2 0 748 172 20134 1204
p 2 0 743 177 16736 1136
p 2 1 750 169 18991 1158
p 2 0 709 211 16748 1087
p 2 0 704 216 17312 1096
p 2 1 715 204 15910 1094
p 2 0 675 245 15247 1045
p 2 0 676 244 13926 1037
p 2 1 679 240 14969 1058
p 2 0 676 244 11367 1019
p 2 0 661 259 11016 983
p 2 0 654 266 11326 991
p 2 0 633 287 9934 958
p 2 0 642 278 8683 949
p 2 2 599 319 9357 923
p 2 0 612 308 7529 908
p 2 0 587 333 7671 876
p 2 0 579 341 6697 855
p 2 0 482 438 4900 728
p 2 1 482 437 4964 742
p 2 0 475 445 5251 731
p 2 0 322 598 2483 524
p 2 0 203 717 1994 405
i 2 920 0 0 67381 4890
p 2 134 771 15 75349 2741
p 2 431 474 15 85605 4097
p 2 405 504 11 90897 4123
p 2 337 580 3 83620 3747
p 2 80 835 5 50953 2459
p 2 1 887 32 27530 1618
p 2 0 862 58 14603 1345
p 2 0 863 57 27108 1480
p 2 0 863 57 14418 1261
p 2 0 888 32 8206 1243
p 2 0 861 59 23916 1283
p 2 0 880 40 25851 1335
p 2 0 855 65 28157 1308
p 2 0 868 52 27449 1332
p 2 0 809 111 27484 1302
p 2 0 855 65 26775 1324
p 2 0 848 72 28198 1333
p 2 0 838 82 28904 1305
p 2 0 813 107 29707 1280
p 2 0 778 142 28420 1251
p 2 0 771 149 25903 1223
p 2 0 748 172 25570 1204
p 2 0 729 191 23946 1144
p 2 0 773 147 24315 1159
p 2 0 706 214 23815 1078
p 2 0 726 194 22048 1074
p 2 0 688 232 23593 1062
p 2 0 696 224 19684 1029
p 2 0 659 261 20096 997
p 2 0 661 259 18062 1013
p 2 0 669 251 18031 993
p 2 0 686 234 14875 990
p 2 0 636 284 15637 941
p 2 0 622 298 13572 922
p 2 0 620 300 13877 922
p 2 0 606 314 11109 901
p 2 0 598 322 10260 870
p 2 0 614 306 9953 879
p 2 0 588 332 10493 871
p 2 0 589 331 6579 838
p 2 0 544 376 6128 791
p 2 0 545 375 5806 784
p 2 0 534 386 5854 780
p 2 0 459 461 2217 641
p 2 0 273 647 1112 447
p 2 0 116 804 526 301
p 2 0 43 877 319 233
i 2 920 0 0 28487 4649
p 2 481 413 26 37359 4356
p 2 126 794 0 19715 2566
p 2 108 812 0 16401 2336
p 2 89 831 0 14935 2265
p 2 42 878 0 21824 2281
p 2 24 888 8 61796 2590
p 2 1 893 26 24227 1745
p 2 2 907 11 18462 1579
p 2 1 885 34 19973 1464
p 2 0 914 6 12176 1370
p 2 0 878 42 17391 1404
p 2 1 897 22 19043 1417
p 2 1 882 37 12669 1328
p 2 1 904 15 16502 1364
p 2 1 877 42 21440 1392
p 2 0 886 34 11749 1247
p 2 1 865 54 5709 1162
p 2 2 882 36 13443 1297
p 2 0 883 37 16184 1302
p 2 0 891 29 17982 1350
p 2 0 860 60 17371 1327
p 2 0 880 40 19829 1352
p 2 0 854 66 15355 1271
p 2 1 871 48 14535 1279
p 2 0 865 55 7901 1223
p 2 0 877 43 6772 1190
p 2 0 856 64 13527 1238
p 2 0 856 64 18132 1277
p 2 0 832 88 18340 1272
p 2 1 843 76 17294 1296
p 2 0 819 101 18049 1241
p 2 0 848 72 17612 1271
p 2 1 816 103 18246 1283
p 2 0 807 113 18452 1258
p 2 0 816 104 19365 1259
p 2 0 786 134 20635 1243
p 2 0 739 181 20142 1197
p 2 0 738 182 15623 1112
p 2 0 740 180 19045 1187
p 2 0 688 232 12540 1020
p 2 0 667 253 15296 1017
p 2 0 612 308 12012 919
p 2 0 599 321 11085 898
p 2 0 589 331 9378 865
p 2 0 552 368 7824 815
p 2 0 505 415 5011 735
p 2 0 319 601 1450 503
i 2 920 0 0 53902 4654
p 2 9 905 6 15475 1600
p 2 5 913 2 11808 1495
p 2 7 906 7 22050 1657
p 2 8 910 2 17528 1564
p 2 7 909 4 20929 1658
p 2 8 910 2 25868 1683
p 2 7 906 7 17175 1525
p 2 11 905 4 11082 1423
p 2 6 908 6 11470 1389
p 2 9 910 1 16297 1458
p 2 7 906 7 23020 1533
p 2 10 903 7 24197 1594
p 2 6 909 5 23030 1539
p 2 4 912 4 21416 1520
p 2 15 900 5 18955 1544
p 2 11 901 8 11937 1442
p 2 5 905 10 10992 1351
p 2 13 904 3 20218 1508
p 2 6 907 7 28549 1659
p 2 4 912 4 29643 1654
p 2 2 911 7 29491 1673
p 2 9 906 5 27727 1713
p 2 15 896 9 31181 1731
p 2 358 562 0 44304 3324
p 2 12 903 5 16983 1832
p 2 132 777 11 24677 2500
p 2 10 901 9 20437 1803
p 2 109 806 5 32240 2635
p 2 5 899 16 17887 1786
p 2 146 766 8 29279 2677
p 2 6 903 11 11210 1660
p 2 227 676 17 29393 2959
p 2 9 888 23 15195 1739
p 2 242 665 13 26646 2935
p 2 6 833 81 11742 1571
p 2 250 648 22 26405 2826
p 2 4 802 114 12526 1460
p 2 159 702 59 21247 2395
p 2 7 787 126 9485 1400
p 2 134 727 59 18297 2339
p 2 3 757 160 7655 1308
p 2 216 600 104 18724 2599
p 2 1 807 112 5997 1356
p 2 183 680 57 21438 2685
p 2 5 832 83 8208 1431
p 2 217 643 60 20133 2741
p 2 2 830 88 7577 1413
p 2 188 651 81 18692 2595
p 2 2 812 106 6560 1371
p 2 95 741 84 13262 2086
p 2 0 816 104 4871 1235
p 2 72 753 95 11001 1790
p 2 2 806 112 4848 1183
p 2 101 714 105 8243 1774
p 2 0 690 230 3084 989
p 2 7 766 147 5309 1267
p 2 0 693 227 1901 902
p 2 9 753 158 4280 1222
p 2 0 661 259 1910 845
p 2 36 699 185 4303 1369
p 2 0 497 423 882 654
p 2 23 629 268 3319 1127
p 2 0 477 443 754 638
p 2 52 553 315 2376 1066
p 2 0 316 604 545 500
p 2 6 342 572 1464 638
p 2 0 242 678 461 442
p 2 11 316 593 1100 591
p 2 0 326 594 462 452
p 2 0 413 507 698 540
p 2 0 241 679 378 375
p 2 0 199 721 349 340
p 2 0 52 868 243 240
p 2 0 117 803 283 281
p 2 0 17 903 211 211
p 2 0 60 860 242 240
p 2 0 5 915 201 201
p 2 0 34 886 222 222
p 2 0 7 913 204 204
p 2 0 30 890 217 217
p 2 0 11 909 207 206
p 2 0 1 919 198 198
p 2 0 6 914 202 202
p 2 0 0 920 197 197
p 2 0 2 918 198 198
p 2 0 1 919 198 198
p 2 0 0 920 197 197
p 2 0 1 919 198 198
p 2 0 0 920 197 197
p 2 0 0 920 197 197
p 2 0 1 919 198 198
p 2 0 5 915 202 201
p 2 0 3 917 199 199
p 2 0 0 920 197 197
p 2 0 1 919 198 198
p 2 0 0 920 197 197
p 2 0 1 919 198 198
p 2 0 0 920 197 197
p 2 0 0 920 197 197
p 2 0 0 920 197 197
p 2 0 1 919 198 198
i 2 920 0 0 70438 5132
p 2 0 886 34 17757 1457
p 2 0 903 17 22363 1558
p 2 0 904 16 22838 1563
p 2 0 908 12 23309 1606
p 2 0 910 10 23572 1598
p 2 0 913 7 23505 1614
p 2 0 906 14 23319 1602
p 2 0 917 3 23549 1628
p 2 0 910 10 23768 1630
p 2 0 915 5 23721 1626
p 2 0 916 4 23285 1629
p 2 0 913 7 23633 1653
p 2 0 913 7 23721 1626
p 2 0 912 8 23291 1622
p 2 0 917 3 23621 1630
p 2 0 913 7 23557 1632
p 2 0 917 3 23775 1635
p 2 0 911 9 23635 1629
p 2 0 913 7 23530 1608
p 2 0 913 7 23729 1610
p 2 0 915 5 23445 1605
p 2 0 914 6 23685 1624
p 2 0 912 8 23487 1603
p 2 0 915 5 23552 1627
p 2 0 916 4 23669 1625
p 2 0 912 8 23771 1626
p 2 0 917 3 23716 1628
p 2 0 915 5 23553 1618
p 2 0 914 6 23510 1607
p 2 0 916 4 23906 1606
p 2 0 915 5 23579 1605
p 2 0 914 6 24856 1601
p 2 0 913 7 24439 1588
p 2 0 916 4 24905 1611
p 2 0 914 6 24118 1603
p 2 0 916 4 24694 1609
p 2 0 914 6 24374 1617
p 2 0 915 5 24947 1613
p 2 0 912 8 24502 1608
p 2 0 914 6 24796 1609
p 2 0 914 6 24398 1606
p 2 0 916 4 25111 1633
p 2 0 917 3 24772 1622
p 2 0 914 6 24831 1620
p 2 0 916 4 24722 1601
p 2 0 918 2 24853 1619
p 2 0 911 9 24707 1593
p 2 0 916 4 25009 1611
i 2 920 0 0 16736 3537
p 2 0 791 129 5314 1280
p 2 1 803 116 6192 1338
p 2 0 725 195 6546 1309
p 2 0 792 128 7167 1390
p 2 0 830 90 8261 1503
p 2 0 812 108 8694 1486
p 2 0 816 104 8771 1493
p 2 0 806 114 8785 1484
p 2 0 819 101 8527 1484
p 2 2 800 118 8415 1467
p 2 1 793 126 8614 1467
p 2 19 810 91 11852 1564
p 2 1 809 110 8187 1442
p 2 0 818 102 8095 1437
p 2 39 757 124 16944 1603
p 2 6 771 143 7256 1380
p 2 0 740 180 6541 1274
p 2 97 688 135 22930 1853
p 2 0 707 213 5889 1207
p 2 4 687 229 5895 1180
p 2 95 662 163 23212 1838
p 2 0 683 237 5430 1142
p 2 2 695 223 5654 1170
p 2 143 707 70 26809 2288
p 2 28 818 74 15411 1898
p 2 26 805 89 18221 1965
p 2 26 819 75 21282 2112
p 2 27 826 67 23346 2176
p 2 26 822 72 25638 2239
p 2 23 847 50 27297 2260
p 2 20 859 41 27962 2297
p 2 18 859 43 27506 2251
p 2 10 860 50 27064 2220
p 2 3 876 41 26093 2146
p 2 3 882 35 25067 2179
p 2 5 875 40 24173 2149
p 2 3 884 33 23914 2125
i 2 920 0 0 33596 3972
p 2 8 692 220 7790 1205
p 2 0 728 192 6814 1167
p 2 77 663 180 28247 1747
p 2 0 728 192 6764 1165
p 2 0 697 223 6955 1149
p 2 206 599 115 53388 2636
p 2 0 797 123 8080 1246
p 2 0 773 147 8167 1195
p 2 243 632 45 57717 3010
p 2 12 854 54 25366 1607
p 2 15 853 52 28472 1715
p 2 216 668 36 55781 2971
p 2 13 850 57 28233 1797
p 2 14 856 50 28426 1762
p 2 8 886 26 29414 1791
p 2 5 892 23 28414 1797
p 2 5 896 19 27544 1817
p 2 8 889 23 26568 1813
p 2 6 881 33 26698 1810
i 2 920 0 0 70681 4896
p 2 0 209 711 522 382
p 2 0 134 786 355 315
p 2 17 623 280 53551 1724
p 2 0 469 451 1895 691
p 2 0 168 752 610 355
p 2 5 622 293 45956 1501
p 2 0 456 464 1991 699
p 2 0 182 738 715 374
p 2 8 593 319 46358 1492
p 2 0 460 460 2190 719
p 2 0 218 702 802 407
p 2 0 215 705 854 409
p 2 0 89 831 403 277
p 2 0 136 784 529 326
p 2 0 109 811 477 300
p 2 0 69 851 371 257
p 2 0 32 888 268 224
p 2 0 16 904 225 209
p 2 0 26 894 261 217
p 2 0 23 897 247 217
p 2 0 30 890 290 223
p 2 0 10 910 220 206
p 2 0 12 908 227 208
p 2 0 8 912 224 205
p 2 0 10 910 219 204
p 2 0 1 919 200 198
p 2 0 3 917 203 199
p 2 0 1 919 200 198
i 2 920 0 0 58400 4806
p 2 0 208 712 504 393
p 2 0 176 744 410 357
p 2 0 59 861 265 249
p 2 0 64 856 250 245
p 2 0 21 899 220 215
p 2 0 26 894 218 216
p 2 0 21 899 217 214
p 2 0 11 909 207 207
p 2 0 9 911 203 203
p 2 57 464 399 37974 1666
p 2 0 324 596 1461 562
p 2 0 125 795 510 320
p 2 38 502 380 35923 1558
p 2 0 357 563 1574 630
p 2 0 171 749 634 363
p 2 19 502 399 35163 1457
p 2 0 348 572 1551 586
p 2 0 141 779 528 328
p 2 17 515 388 36208 1501
p 2 0 365 555 1620 639
p 2 0 146 774 581 342
p 2 0 85 835 349 278
p 2 0 104 816 418 290
p 2 0 68 852 335 256
p 2 0 45 875 271 233
p 2 0 26 894 244 221
p 2 0 36 884 285 232
p 2 0 15 905 216 209
i 2 920 0 0 58556 4802
p 2 0 245 675 602 424
p 2 0 214 706 434 382
p 2 0 79 841 271 262
p 2 0 117 803 311 294
p 2 0 38 882 237 229
p 2 0 38 882 235 228
p 2 0 17 903 217 212
p 2 0 7 913 206 204
p 2 62 474 384 44459 1748
p 2 0 377 543 1693 616
p 2 0 102 818 468 294
p 2 65 466 389 42739 1650
p 2 0 362 558 1650 592
p 2 0 155 765 653 341
p 2 39 490 391 40628 1564
p 2 0 377 543 1776 611
p 2 0 128 792 572 315
p 2 34 482 404 41752 1563
p 2 0 365 555 1585 602
p 2 0 213 707 823 402
p 2 0 115 805 423 296
p 2 0 73 847 387 266
p 2 0 38 882 274 231
p 2 0 29 891 240 222
p 2 0 24 896 230 216
p 2 0 21 899 237 216
p 2 0 10 910 224 206
p 2 0 6 914 206 203
p 2 0 0 920 197 197
i 2 920 0 0 42094 3980
p 2 6 719 195 11792 1412
p 2 62 791 67 34709 2131
p 2 7 776 137 19269 1643
p 2 59 788 73 37204 2200
p 2 7 790 123 21409 1735
p 2 72 792 56 38307 2329
p 2 6 799 115 21709 1775
p 2 67 814 39 38587 2353
p 2 2 821 97 21086 1764
p 2 1 777 142 21469 1701
p 2 2 778 140 20967 1673
p 2 0 780 140 20556 1648
p 2 0 776 144 19667 1664
p 2 0 784 136 18601 1617
p 2 0 773 147 18280 1609
p 2 4 771 145 17947 1620
i 2 920 0 0 22393 3639
p 2 20 707 193 10364 1249
p 2 34 721 165 20276 1460
p 2 52 663 205 29100 1607
p 2 79 652 189 33043 1796
p 2 92 695 133 34799 1970
p 2 105 727 88 34181 2179
p 2 56 796 68 32323 2205
p 2 23 818 79 28592 1995
p 2 2 859 59 18622 1703
p 2 2 856 62 20044 1686
p 2 6 860 54 22197 1770
p 2 7 860 53 24399 1806
p 2 7 856 57 24629 1834
p 2 4 871 45 24955 1810
p 2 4 864 52 25394 1841
p 2 5 859 56 24954 1837
p 2 579 341 0 87818 4528
p 2 0 452 468 1813 711
p 2 0 187 733 713 395
p 2 0 139 781 547 340
p 2 0 126 794 529 320
p 2 0 107 813 447 300
p 2 0 96 824 457 293
p 2 0 163 757 748 364
p 2 0 187 733 956 409
p 2 0 221 699 1275 450
p 2 0 255 665 1757 524
p 2 0 320 600 2483 613
p 2 2 343 575 3442 688
p 2 0 373 547 4015 711
p 2 1 406 513 5166 801
p 2 0 490 430 6428 897
p 2 1 511 408 7419 990
p 2 0 529 391 8591 1023
p 2 4 564 352 10107 1154
p 2 2 650 268 11922 1252
p 2 7 673 240 12797 1349
p 2 6 724 190 13771 1391
p 2 6 744 170 15084 1501
p 2 12 794 114 16322 1568
p 2 17 803 100 17947 1670
p 2 19 829 72 20150 1747
p 2 30 837 53 21973 1912
p 2 22 854 44 23391 1929
p 2 26 858 36 25583 2059
p 2 18 881 21 25601 2091
p 2 26 877 17 27343 2154
p 2 22 876 22 29585 2191
p 2 25 886 9 32051 2304
p 2 40 869 11 32395 2358
p 2 38 874 8 32459 2353
p 2 31 881 8 32382 2373
p 2 26 881 13 33331 2357
p 2 34 879 7 33637 2450
p 2 18 889 13 34140 2378
p 2 32 878 10 33436 2429
p 2 29 872 19 29251 2513
p 2 25 879 16 22129 2455
p 2 15 892 13 17226 2383
p 2 19 890 11 13818 2364
p 2 7 887 26 10906 2210
p 2 1 899 20 8994 2170
p 2 3 877 40 7433 2027
p 2 1 900 19 6381 1978
p 2 84 802 34 9831 2461
p 2 6 883 31 8020 2123
p 2 2 873 45 7690 2062
p 2 5 864 51 7763 2052
p 2 3 853 64 7774 2073
p 2 2 898 20 7814 2057
p 2 3 863 54 7464 1999
p 2 4 881 35 7440 2049
p 2 37 868 15 10170 2378
p 2 1 909 10 9249 2234
p 2 4 905 11 8616 2158
p 2 0 908 12 8219 2108
p 2 1 902 17 7470 2042
p 2 0 914 6 7115 2054
p 2 0 918 2 6720 2009
p 2 0 919 1 5651 1912
p 2 0 890 30 5018 1798
p 2 0 906 14 4581 1768
p 2 0 846 74 4418 1713
p 2 0 900 20 4205 1654
p 2 0 801 119 3822 1548
p 2 0 909 11 3474 1575
p 2 0 788 132 2500 1302
p 2 599 321 0 6423 2941
p 2 477 423 20 8237 3011
p 2 344 574 2 9874 2909
p 2 289 626 5 11384 2895
p 2 206 712 2 12215 2741
p 2 244 667 9 12664 2756
p 2 128 792 0 13792 2592
p 2 194 718 8 14398 2673
p 2 21 885 14 14819 2290
p 2 42 876 2 15899 2333
p 2 46 853 21 17384 2386
p 2 113 786 21 26208 2666
p 2 121 775 24 33493 2761
p 2 175 740 5 35721 3166
p 2 129 780 11 31244 2938
p 2 99 817 4 31914 2959
p 2 72 845 3 28835 2780
p 2 94 826 0 30081 2942
p 2 96 822 2 28404 2878
p 2 136 783 1 20227 2864
p 2 79 835 6 15425 2620
p 2 42 875 3 16938 2658
p 2 44 867 9 15523 2677
p 2 46 863 11 17606 2738
p 2 81 834 5 18732 2957
p 2 50 864 6 18496 2854
p 2 29 891 0 16376 2679
p 2 19 899 2 16162 2583
p 2 13 898 9 15044 2466
p 2 10 892 18 15784 2422
p 2 18 889 13 15260 2457
p 2 4 911 5 16745 2400
p 2 14 896 10 16071 2468
p 2 15 901 4 18254 2495
p 2 17 895 8 17082 2493
p 2 35 882 3 20416 2656
p 2 39 870 11 17473 2537
p 2 27 887 6 21225 2636
p 2 16 893 11 17688 2384
p 2 22 890 8 21606 2522
p 2 19 888 13 17335 2455
p 2 19 895 6 20944 2505
p 2 23 880 17 16142 2455
p 2 28 883 9 21604 2574
p 2 31 879 10 18252 2470
p 2 36 879 5 23018 2586
p 2 33 885 2 21203 2496
p 2 36 880 4 24365 2623
p 2 25 888 7 21609 2471
p 2 64 849 7 26248 2680
p 2 13 860 47 14978 2219
p 2 31 885 4 25653 2576
p 2 13 878 29 14780 2251
p 2 43 872 5 22902 2603
p 2 17 864 39 13521 2272
p 2 44 866 10 21082 2637
p 2 12 879 29 11667 2219
p 2 36 876 8 17052 2546
p 2 13 886 21 11453 2217
p 2 69 846 5 14861 2580
p 2 44 841 35 12449 2326
p 2 56 835 29 15213 2493
p 2 37 860 23 13196 2379
p 2 63 830 27 15535 2562
p 2 54 856 10 13136 2466
p 2 70 819 31 14421 2530
p 2 75 814 31 12608 2433
p 2 57 834 29 13394 2493
p 2 61 821 38 12911 2385
p 2 56 838 26 13519 2475
p 2 49 831 40 11641 2307
p 2 39 851 30 13767 2368
p 2 18 834 68 10627 2110
p 2 36 852 32 13508 2345
p 2 10 815 95 9864 1967
p 2 37 849 34 14245 2356
p 2 13 842 65 10370 1972
p 2 34 812 74 15658 2293
p 2 24 812 84 10918 2011
p 2 28 829 63 13862 2235
p 2 20 832 68 11276 2056
p 2 46 833 41 13767 2309
p 2 23 796 101 10875 1997
p 2 35 809 76 12760 2193
p 2 37 809 74 11194 2097
p 2 57 806 57 13264 2308
p 2 42 735 143 11459 2119
p 2 39 810 71 13703 2285
p 2 30 825 65 11590 2153
p 2 41 817 62 12922 2290
p 2 44 819 57 11424 2104
p 2 53 820 47 13818 2351
p 2 46 817 57 11571 2154
p 2 86 761 73 14816 2602
p 2 50 772 98 12614 2197
p 2 116 749 55 19549 2746
p 2 111 714 95 24319 2474
p 2 132 752 36 35392 2834
p 2 154 684 82 37124 2770
p 2 217 667 36 42045 3196
p 2 173 731 16 36871 3042
p 2 204 713 3 36145 3266
p 2 135 782 3 33767 3024
p 2 293 625 2 21198 3481
p 2 63 831 26 15296 2472
p 2 110 785 25 18672 2826
p 2 50 862 8 16153 2456
p 2 41 869 10 18383 2519
p 2 37 868 15 17438 2547
p 2 93 811 16 22746 2828
p 2 60 847 13 23381 2605
p 2 56 856 8 25842 2614
p 2 29 879 12 24903 2387
p 2 41 873 6 29940 2521
p 2 69 840 11 29284 2516
p 2 21 887 12 25011 2331
p 2 3 889 28 12224 1977
p 2 4 904 12 23326 2234
p 2 9 868 43 10319 1946
p 2 4 910 6 23355 2167
p 2 5 889 26 11195 2018
p 2 28 890 2 24518 2344
p 2 20 864 36 12490 2137
p 2 30 889 1 24988 2362
p 2 15 864 41 12075 2103
p 2 24 896 0 28932 2440
p 2 5 882 33 11713 2026
p 2 34 885 1 33342 2510
p 2 9 865 46 11436 2009
p 2 55 865 0 40145 2726
p 2 8 858 54 12729 2041
p 2 84 834 2 43339 2955
p 2 7 843 70 12568 2050
p 2 123 796 1 44261 3149
p 2 27 820 73 12563 2149
p 2 131 789 0 40193 3202
p 2 26 813 81 12079 2129
p 2 92 828 0 37529 3007
p 2 17 836 67 12060 2144
p 2 84 835 1 36073 2903
p 2 23 841 56 11392 2078
p 2 20 898 2 30128 2463
p 2 14 871 35 11402 2057
p 2 48 871 1 35215 2628
p 2 20 858 42 12673 2164
p 2 84 832 4 37967 2994
p 2 14 845 61 11294 2109
p 2 106 810 4 35191 2996
p 2 15 835 70 10450 2086
p 2 181 737 2 32153 3127
p 2 14 818 88 10172 1989
p 2 197 722 1 37252 3200
p 2 12 772 136 10313 1828
i 2 920 0 0 40738 4403
p 2 13 732 175 11312 1848
p 2 191 726 3 34430 3301
p 2 14 828 78 12598 2153
p 2 107 806 7 26478 2973
p 2 32 841 47 13448 2360
p 2 67 851 2 29526 2894
p 2 22 878 20 15369 2398
p 2 51 868 1 28123 2752
p 2 19 878 23 16440 2416
p 2 51 868 1 24991 2711
p 2 21 885 14 16026 2476
p 2 56 864 0 26833 2785
p 2 15 888 17 15370 2349
p 2 43 876 1 25201 2710
p 2 27 874 19 16050 2397
p 2 56 862 2 26834 2765
p 2 24 887 9 15891 2465
p 2 41 878 1 28879 2703
p 2 25 876 19 15826 2426
p 2 52 868 0 24867 2772
p 2 18 888 14 15038 2369
p 2 43 876 1 26706 2687
p 2 24 869 27 15316 2333
p 2 50 869 1 25227 2760
p 2 17 893 10 15245 2343
p 2 47 872 1 27886 2697
p 2 21 869 30 15216 2346
p 2 52 863 5 24918 2729
p 2 19 882 19 14668 2351
p 2 52 865 3 25668 2726
p 2 19 877 24 14374 2350
p 2 67 853 0 24210 2676
p 2 25 874 21 12398 2238
p 2 61 856 3 27205 2582
p 2 18 841 61 11093 2021
p 2 74 842 4 25821 2591
p 2 18 846 56 12230 2047
p 2 99 805 16 29426 2692
p 2 17 782 121 11127 1927
p 2 89 820 11 27923 2679
p 2 25 805 90 10780 1990
p 2 113 795 12 36040 2854
p 2 19 775 126 11693 1921
p 2 165 749 6 42122 3232
p 2 23 756 141 12164 1952
p 2 139 781 0 46342 3273
p 2 34 799 87 14125 2095
p 2 57 860 3 38891 2838
p 2 23 835 62 14178 2080
p 2 41 879 0 34747 2679
p 2 35 823 62 13650 2104
p 2 81 838 1 34856 2735
p 2 51 809 60 13389 2091
p 2 74 846 0 32586 2672
p 2 92 773 55 15816 2297
p 2 153 766 1 35163 2905
p 2 127 739 54 14783 2298
p 2 190 726 4 40357 3106
p 2 135 739 46 15124 2393
p 2 369 551 0 40621 3907
p 2 135 679 106 15717 2540
i 2 920 0 0 26033 3919
p 2 206 662 52 16010 2590
p 2 71 792 57 13165 2101
p 2 444 472 4 57625 4080
p 2 163 755 2 61798 3490
p 2 114 803 3 52916 3178
p 2 97 821 2 53206 3175
p 2 64 850 6 42906 2891
p 2 61 856 3 45494 2918
p 2 33 881 6 34113 2672
p 2 38 879 3 36312 2688
p 2 34 881 5 28607 2598
p 2 21 896 3 33911 2576
p 2 28 885 7 24506 2463
p 2 28 892 0 32202 2549
p 2 19 890 11 22740 2371
p 2 24 896 0 32088 2568
p 2 19 888 13 21898 2352
p 2 20 899 1 30637 2483
p 2 15 888 17 20745 2338
p 2 14 905 1 28237 2431
p 2 30 866 24 20213 2394
p 2 27 888 5 27161 2488
p 2 17 889 14 20061 2342
p 2 14 906 0 25949 2453
p 2 8 891 21 19132 2297
p 2 12 908 0 24579 2367
p 2 14 882 24 17503 2220
p 2 21 895 4 24157 2387
p 2 21 877 22 16926 2294
p 2 24 894 2 23861 2440
p 2 18 868 34 16560 2283
p 2 17 898 5 22911 2359
p 2 12 889 19 15203 2195
p 2 15 900 5 22448 2333
p 2 27 860 33 14943 2227
p 2 11 907 2 21507 2304
i 2 920 0 0 34209 4287
p 2 44 856 20 17832 2260
p 2 58 854 8 19838 2499
p 2 38 868 14 17452 2315
p 2 41 877 2 18721 2446
p 2 36 862 22 17499 2337
p 2 19 895 6 19460 2337
p 2 19 891 10 17944 2276
p 2 15 902 3 18681 2310
p 2 31 880 9 20712 2372
p 2 95 817 8 30082 2703
p 2 128 777 15 36834 2890
p 2 174 739 7 39684 3251
p 2 115 792 13 37902 2986
p 2 174 743 3 39742 3286
p 2 91 826 3 35939 2978
p 2 120 800 0 35773 3072
p 2 129 789 2 34858 3091
p 2 205 714 1 26189 3122
p 2 152 757 11 20702 2929
p 2 102 814 4 21300 2978
p 2 93 819 8 20890 2952
p 2 85 828 7 23356 3014
p 2 108 801 11 24018 3114
p 2 60 860 0 23110 3059
p 2 59 857 4 20026 2843
p 2 28 890 2 18959 2669
p 2 24 890 6 16889 2551
p 2 11 900 9 17999 2521
p 2 10 899 11 17147 2466
p 2 11 906 3 18040 2447
p 2 13 895 12 17876 2492
p 2 15 903 2 19285 2498
p 2 15 890 15 18801 2445
p 2 24 893 3 21620 2593
p 2 11 897 12 19338 2442
p 2 14 899 7 22072 2536
p 2 17 890 13 19384 2386
p 2 20 895 5 22293 2423
p 2 20 878 22 19368 2427
p 2 17 898 5 21605 2463
p 2 24 880 16 18302 2394
p 2 27 890 3 23213 2524
p 2 27 879 14 19266 2413
p 2 38 876 6 23204 2493
p 2 29 883 8 21287 2453
p 2 36 881 3 23501 2524
p 2 13 905 2 21175 2341
p 2 57 863 0 25122 2615
p 2 12 874 34 14675 2222
p 2 20 899 1 22375 2470
p 2 20 880 20 13741 2277
p 2 32 884 4 20342 2530
p 2 18 871 31 10877 2214
p 2 33 875 12 16339 2457
p 2 5 874 41 8307 2088
p 2 22 883 15 12749 2368
p 2 32 853 35 7350 2034
p 2 37 868 15 10160 2276
p 2 39 851 30 9076 2216
p 2 58 846 16 11337 2411
p 2 33 855 32 11202 2251
p 2 45 855 20 13595 2452
p 2 54 842 24 12228 2367
p 2 44 863 13 13667 2362
p 2 86 812 22 12337 2363
p 2 36 874 10 13032 2311
p 2 37 836 47 13312 2289
p 2 70 840 10 15098 2495
p 2 42 808 70 12318 2254
p 2 68 822 30 15758 2509
p 2 42 821 57 11642 2176
p 2 50 855 15 15846 2422
p 2 17 839 64 11018 2068
p 2 24 855 41 15547 2321
p 2 15 825 80 11038 2013
p 2 39 859 22 15725 2331
p 2 25 849 46 11573 2056
p 2 26 870 24 14849 2319
p 2 24 825 71 11493 2053
p 2 46 845 29 14854 2361
p 2 24 812 84 10862 2022
p 2 50 849 21 14310 2324
p 2 29 850 41 11806 2128
p 2 59 840 21 14249 2400
p 2 45 803 72 12147 2193
p 2 59 817 44 14505 2413
p 2 53 818 49 12564 2296
p 2 58 845 17 13606 2434
p 2 58 790 72 12083 2203
p 2 64 797 59 14758 2514
p 2 56 831 33 12235 2289
p 2 69 824 27 14792 2589
p 2 42 814 64 12975 2281
p 2 108 758 54 19888 2750
p 2 108 769 43 25006 2582
p 2 170 720 30 36570 3041
p 2 199 649 72 42915 3069
p 2 184 694 42 44109 3131
p 2 140 769 11 36662 2985
p 2 153 766 1 36851 3129
p 2 163 748 9 35677 3148
i 2 920 0 0 18440 3928
p 2 76 797 47 15429 2377
p 2 81 832 7 19208 2681
p 2 41 855 24 17934 2464
p 2 52 857 11 18940 2611
p 2 42 860 18 19331 2676
p 2 133 779 8 25537 3093
p 2 91 808 21 27124 2878
p 2 59 850 11 29849 2766
p 2 48 859 13 28066 2602
p 2 44 872 4 32428 2636
p 2 81 833 6 32535 2758
p 2 20 891 9 28293 2430
p 2 18 883 19 15345 2200
p 2 30 888 2 28420 2454
p 2 33 861 26 13504 2190
p 2 28 891 1 27774 2477
p 2 32 867 21 14324 2263
p 2 45 874 1 27765 2590
p 2 36 858 26 15533 2322
p 2 43 876 1 28968 2571
p 2 29 862 29 15300 2291
p 2 31 889 0 29882 2549
p 2 18 878 24 14203 2198
p 2 41 879 0 30022 2565
p 2 14 882 24 13668 2183
p 2 63 857 0 36717 2775
p 2 12 858 50 14072 2192
p 2 64 856 0 41741 2868
p 2 16 862 42 14181 2214
p 2 108 812 0 40144 3086
p 2 22 839 59 12985 2224
p 2 124 796 0 37760 3096
p 2 11 847 62 12369 2224
p 2 127 793 0 38348 3124
p 2 17 825 78 11657 2105
p 2 105 815 0 36518 2959
p 2 19 843 58 11615 2168
p 2 37 883 0 32590 2603
p 2 11 877 32 10523 2093
p 2 52 865 3 36578 2595
p 2 9 863 48 10813 2027
p 2 87 828 5 39884 2830
p 2 10 841 69 10153 1999
p 2 116 803 1 36616 2958
p 2 5 826 89 8467 1878
p 2 154 766 0 31198 2977
p 2 8 836 76 8708 1974
p 2 124 795 1 34111 2945
p 2 11 818 91 8647 1882
p 2 164 755 1 39446 3222
p 2 10 801 109 9677 1940
p 2 126 790 4 32152 3013
p 2 14 836 70 9929 2179
p 2 68 844 8 24111 2747
p 2 19 855 46 9933 2224
p 2 56 861 3 25672 2702
p 2 15 875 30 11151 2257
p 2 38 881 1 24527 2576
p 2 12 890 18 12702 2245
p 2 42 876 2 21754 2618
p 2 16 882 22 12432 2261
p 2 29 883 8 21639 2509
p 2 11 896 13 12851 2222
p 2 29 887 4 22003 2488
p 2 17 887 16 13591 2287
p 2 29 889 2 24489 2570
p 2 25 885 10 14295 2353
p 2 36 881 3 27036 2573
p 2 13 881 26 14745 2316
p 2 51 868 1 23004 2641
p 2 18 878 24 14261 2310
p 2 34 884 2 24660 2584
p 2 24 873 23 14693 2335
p 2 30 883 7 24307 2595
p 2 18 881 21 15736 2330
p 2 48 866 6 27460 2663
p 2 12 872 36 15268 2264
p 2 53 862 5 24120 2672
p 2 23 875 22 14397 2375
p 2 51 865 4 24680 2668
p 2 24 882 14 14328 2367
p 2 57 862 1 24600 2656
p 2 29 872 19 12700 2257
p 2 73 836 11 26973 2632
p 2 23 847 50 10911 2087
p 2 68 840 12 24394 2603
p 2 24 816 80 11843 2088
p 2 98 810 12 27835 2677
p 2 14 811 95 11564 1964
p 2 103 804 13 27035 2714
p 2 19 822 79 11216 2051
p 2 96 820 4 31905 2733
p 2 33 795 92 13121 2121
p 2 106 809 5 37133 2869
p 2 24 821 75 12444 2070
p 2 153 762 5 41155 3163
p 2 38 794 88 13396 2221
p 2 67 849 4 38340 2859
p 2 36 835 49 13393 2231
p 2 43 877 0 35837 2640
p 2 55 815 50 12571 2202
p 2 116 804 0 34204 2732
p 2 91 780 49 15453 2290
p 2 105 814 1 36341 2802
p 2 120 760 40 14911 2345
p 2 214 705 1 41661 3122
p 2 191 677 52 16823 2543
p 2 332 588 0 48055 3708
p 2 168 667 85 14493 2410
p 2 284 636 0 47375 3672
p 2 124 739 57 15725 2514
i 2 920 0 0 28445 4067
p 2 241 660 19 19845 2962
p 2 87 771 62 15700 2237
p 2 593 319 8 65164 4674
p 2 242 677 1 70069 3780
p 2 169 750 1 59622 3393
p 2 143 777 0 58674 3340
p 2 108 810 2 49718 3068
p 2 92 827 1 52254 3076
p 2 74 844 2 42542 2928
p 2 60 860 0 45083 2900
p 2 58 857 5 34686 2756
p 2 46 873 1 40722 2805
p 2 46 866 8 31333 2641
p 2 39 880 1 38093 2714
p 2 35 878 7 28981 2559
p 2 43 877 0 34625 2682
p 2 43 864 13 28733 2527
p 2 50 869 1 34426 2666
p 2 27 881 12 28013 2532
p 2 39 878 3 33443 2674
p 2 29 880 11 25447 2484
p 2 31 886 3 33700 2631
p 2 33 872 15 25393 2435
p 2 19 900 1 33822 2523
p 2 23 886 11 25198 2401
p 2 28 891 1 32729 2555
p 2 33 877 10 25079 2452
p 2 40 877 3 31523 2560
p 2 40 862 18 23831 2498
p 2 37 883 0 29749 2510
p 2 24 884 12 22837 2373
p 2 30 889 1 27708 2486
p 2 23 889 8 21798 2359
p 2 34 884 2 27582 2449
p 2 30 881 9 21442 2368
p 2 35 881 4 26171 2433
p 2 36 873 11 20408 2361
i 2 920 0 0 25011 3915
p 2 39 866 15 14827 2090
p 2 23 889 8 17422 2274
p 2 6 892 22 15028 2135
p 2 22 894 4 16646 2305
p 2 13 883 24 15275 2134
p 2 26 886 8 16415 2262
p 2 18 890 12 14812 2116
p 2 14 904 2 16231 2238
p 2 31 874 15 17781 2243
p 2 97 816 7 27108 2564
p 2 121 780 19 34023 2676
p 2 224 692 4 38428 3292
p 2 152 758 10 37488 3037
p 2 168 751 1 38632 3199
p 2 106 812 2 34689 2979
p 2 96 823 1 33672 2950
p 2 88 831 1 31779 2868
p 2 194 726 0 22617 3101
p 2 82 829 9 17073 2734
p 2 75 838 7 19077 2863
p 2 56 855 9 18825 2856
p 2 93 819 8 21048 3015
p 2 102 812 6 22036 3167
p 2 79 838 3 20779 2987
p 2 47 868 5 18033 2752
p 2 16 892 12 16979 2525
p 2 19 894 7 15493 2491
p 2 11 902 7 16526 2437
p 2 17 895 8 15056 2327
p 2 8 909 3 16746 2384
p 2 8 897 15 16362 2383
p 2 9 909 2 18374 2440
p 2 18 890 12 17330 2418
p 2 26 893 1 20841 2534
p 2 36 867 17 18557 2476
p 2 42 876 2 21921 2583
p 2 36 869 15 17117 2380
p 2 23 895 2 20831 2443
p 2 13 890 17 16277 2298
p 2 14 901 5 19427 2299
p 2 21 880 19 14524 2219
p 2 20 898 2 18963 2325
p 2 20 884 16 14978 2230
p 2 22 893 5 20070 2339
p 2 23 892 5 17919 2269
p 2 41 876 3 21941 2460
p 2 16 901 3 17225 2251
p 2 63 856 1 23183 2488
p 2 16 865 39 12219 2047
p 2 13 905 2 19594 2255
p 2 7 889 24 11273 2029
p 2 32 883 5 18081 2320
p 2 9 875 36 8822 2003
p 2 25 889 6 14788 2271
p 2 3 882 35 7207 1949
p 2 11 901 8 12141 2221
p 2 5 871 44 7195 1924
p 2 41 857 22 9072 2134
p 2 24 853 43 8560 2034
p 2 39 849 32 9740 2155
p 2 5 871 44 7655 1945
p 2 22 879 19 8715 2063
p 2 23 854 43 7750 1992
p 2 28 864 28 9148 2123
p 2 77 812 31 8366 2186
p 2 35 861 24 9583 2274
p 2 15 865 40 9270 2169
p 2 25 870 25 10551 2214
p 2 27 834 59 9080 2075
p 2 44 858 18 12122 2323
p 2 25 853 42 9978 2112
p 2 29 862 29 12612 2239
p 2 19 812 89 9964 2061
p 2 36 868 16 13068 2304
p 2 24 811 85 10548 2067
p 2 33 868 19 13487 2309
p 2 24 840 56 11539 2127
p 2 41 860 19 13662 2382
p 2 28 841 51 11790 2161
p 2 49 856 15 13925 2338
p 2 28 849 43 11285 2128
p 2 43 837 40 13356 2308
p 2 36 768 116 11625 2092
p 2 50 818 52 13245 2360
p 2 28 813 79 11500 2161
p 2 66 806 48 13491 2413
p 2 58 780 82 11205 2213
p 2 25 872 23 12203 2228
p 2 21 841 58 11122 2066
p 2 44 844 32 13006 2413
p 2 21 869 30 10854 2083
p 2 32 865 23 13509 2444
p 2 32 867 21 11959 2200
p 2 66 797 57 18164 2535
p 2 79 823 18 24991 2470
p 2 139 757 24 37265 2936
p 2 186 654 80 43913 3024
p 2 209 685 26 45540 3216
p 2 163 740 17 40055 3017
p 2 182 737 1 39728 3233
p 2 156 757 7 36899 3096
i 2 920 0 0 19099 3927
p 2 80 805 35 15895 2333
p 2 109 795 16 19613 2781
p 2 55 831 34 17061 2400
p 2 46 852 22 19251 2533
p 2 43 850 27 20183 2590
p 2 146 766 8 25107 3001
p 2 70 827 23 25648 2736
p 2 48 859 13 27855 2596
p 2 39 874 7 26980 2453
p 2 48 866 6 31772 2671
p 2 92 821 7 33477 2725
p 2 36 880 4 28329 2442
p 2 21 871 28 14924 2115
p 2 17 901 2 26723 2348
p 2 11 882 27 12717 1995
p 2 30 888 2 26503 2357
p 2 29 862 29 13434 2141
p 2 46 873 1 27282 2486
p 2 36 860 24 13923 2166
p 2 33 887 0 28362 2464
p 2 17 867 36 13893 2150
p 2 25 895 0 28299 2495
p 2 12 872 36 12634 2108
p 2 23 897 0 27013 2390
p 2 7 881 32 12055 2010
p 2 53 867 0 37717 2716
p 2 7 859 54 12191 2034
p 2 89 831 0 43206 2914
p 2 7 845 68 12736 1977
p 2 111 808 1 42550 3037
p 2 23 825 72 12936 2062
p 2 143 777 0 39639 3122
p 2 28 819 73 11294 2066
p 2 97 823 0 37565 2940
p 2 21 844 55 10594 2097
p 2 68 852 0 35531 2790
p 2 17 830 73 10142 1992
p 2 32 888 0 31125 2481
p 2 10 875 35 9866 1962
p 2 57 862 1 33303 2504
p 2 9 864 47 9773 1904
p 2 79 839 2 36280 2723
p 2 5 845 70 9034 1878
p 2 81 836 3 32825 2746
p 2 10 841 69 8649 1966
p 2 137 783 0 30559 2888
p 2 11 838 71 8109 1897
p 2 146 773 1 33585 2975
p 2 7 808 105 7697 1828
p 2 181 738 1 41268 3197
p 2 5 767 148 7371 1731
p 2 124 796 0 30558 2889
p 2 2 841 77 7831 1892
p 2 54 863 3 22434 2561
p 2 22 858 40 8430 2010
p 2 53 867 0 23668 2393
p 2 14 868 38 8675 1966
p 2 37 879 4 21215 2284
p 2 4 877 39 8063 1922
p 2 35 880 5 17452 2242
p 2 2 879 39 7838 1907
p 2 19 896 5 17774 2168
p 2 0 887 33 7732 1868
p 2 16 893 11 17339 2162
p 2 12 890 18 8780 2027
p 2 25 886 9 19420 2316
p 2 15 886 19 9187 2120
p 2 36 879 5 21781 2355
p 2 7 881 32 9773 2045
p 2 35 885 0 18993 2413
p 2 13 877 30 10155 2053
p 2 29 885 6 20874 2352
p 2 12 881 27 10893 2078
p 2 19 899 2 19414 2379
p 2 9 899 12 10798 2092
p 2 31 887 2 23110 2340
p 2 5 892 23 10842 2105
p 2 44 876 0 19986 2440
p 2 11 875 34 10651 2064
p 2 42 877 1 20777 2417
p 2 11 889 20 10546 2133
p 2 26 891 3 20979 2297
p 2 5 896 19 8961 1953
p 2 39 877 4 23014 2344
p 2 8 856 56 7836 1783
p 2 66 834 20 21420 2353
p 2 11 829 80 8908 1810
p 2 71 830 19 26127 2405
p 2 17 803 100 9533 1847
p 2 77 828 15 25057 2501
p 2 12 806 102 9188 1872
p 2 71 834 15 31300 2536
p 2 22 796 102 9413 1827
p 2 88 821 11 35701 2671
p 2 11 832 77 9913 1894
p 2 139 781 0 42247 3110
p 2 25 818 77 12006 2120
p 2 56 862 2 38241 2738
p 2 28 846 46 11581 2114
p 2 32 888 0 34581 2573
p 2 47 823 50 11864 2053
p 2 107 813 0 35229 2712
p 2 56 805 59 14248 2161
p 2 76 844 0 36685 2763
p 2 54 805 61 16020 2187
p 2 106 813 1 41627 2929
p 2 76 778 66 14439 2251
p 2 205 714 1 45111 3375
p 2 81 748 91 13763 2255
i 2 920 0 0 37370 4220
p 2 220 591 109 15347 2480
p 2 410 510 0 33854 3907
p 2 120 781 19 21915 2891
p 2 85 771 64 16560 2272
p 2 547 366 7 63029 4432
p 2 192 728 0 64755 3553
p 2 169 751 0 54655 3382
p 2 116 804 0 54094 3282
p 2 67 852 1 44031 2934
p 2 55 864 1 47505 2907
p 2 45 872 3 35700 2725
p 2 39 880 1 38362 2679
p 2 31 888 1 29893 2616
p 2 31 889 0 34379 2666
p 2 29 886 5 25640 2473
p 2 18 902 0 32217 2504
p 2 28 879 13 24157 2414
p 2 34 886 0 30307 2506
p 2 29 878 13 23661 2402
p 2 38 880 2 30302 2540
p 2 24 889 7 23570 2403
p 2 30 890 0 29075 2498
p 2 22 888 10 22110 2371
p 2 26 893 1 27941 2453
p 2 25 884 11 20910 2300
p 2 7 913 0 26403 2296
p 2 9 894 17 19212 2191
p 2 12 908 0 25223 2303
p 2 12 886 22 18096 2142
p 2 22 897 1 24359 2272
p 2 17 885 18 17117 2168
p 2 18 901 1 23718 2252
p 2 15 884 21 16454 2145
p 2 10 909 1 22446 2241
p 2 11 895 14 15585 2127
p 2 18 902 0 22704 2268
p 2 9 894 17 15371 2138
p 2 10 909 1 21600 2180
p 2 10 901 9 15283 2135
i 2 920 0 0 48534 4745
p 2 31 887 2 44584 2458
p 2 18 902 0 44568 2443
p 2 20 900 0 45108 2494
p 2 21 899 0 43011 2468
p 2 28 892 0 40872 2570
p 2 21 896 3 39106 2461
p 2 20 896 4 38965 2500
p 2 14 906 0 39343 2445
p 2 16 904 0 41113 2498
p 2 14 906 0 41137 2491
p 2 27 893 0 40691 2570
p 2 14 906 0 38790 2475
p 2 25 893 2 37677 2513
p 2 36 884 0 35550 2429
p 2 37 883 0 36475 2515
p 2 47 872 1 36398 2479
p 2 15 905 0 38483 2412
p 2 14 903 3 40673 2443
p 2 8 910 2 45065 2433
p 2 19 898 3 49907 2562
p 2 38 877 5 54210 2633
p 2 67 849 4 57260 2823
p 2 79 834 7 60141 2870
p 2 313 600 7 65881 3914
p 2 248 670 2 62550 3788
p 2 153 767 0 54916 3361
p 2 102 818 0 52472 3258
p 2 122 797 1 52679 3266
p 2 147 770 3 53649 3357
p 2 93 827 0 52999 3202
p 2 62 858 0 50522 2982
p 2 42 877 1 48298 2840
p 2 37 881 2 45593 2767
p 2 31 888 1 42603 2686
p 2 38 881 1 38742 2600
p 2 23 893 4 33007 2440
p 2 19 891 10 28626 2260
p 2 33 883 4 29178 2347
p 2 34 886 0 28471 2434
p 2 37 880 3 27113 2386
p 2 51 864 5 24346 2414
p 2 46 871 3 22808 2321
p 2 29 886 5 21054 2271
p 2 53 863 4 20337 2263
p 2 82 835 3 25121 2519
p 2 67 852 1 23133 2503
p 2 59 860 1 19147 2447
p 2 76 844 0 18001 2511
p 2 63 854 3 14789 2443
p 2 67 851 2 13457 2432
p 2 54 865 1 10909 2377
p 2 58 857 5 9165 2339
p 2 20 899 1 7296 2320
p 2 1 904 15 5780 1974
p 2 0 885 35 2902 1616
i 2 920 0 0 44011 4715
p 2 8 910 2 21480 1903
p 2 7 912 1 21953 1903
p 2 6 911 3 22361 1950
p 2 6 914 0 22293 1968
p 2 5 914 1 23274 1981
p 2 10 910 0 22645 1964
p 2 19 898 3 23068 2045
p 2 11 904 5 22470 1928
p 2 12 904 4 22366 1907
p 2 16 902 2 23737 2002
p 2 7 908 5 24288 1958
p 2 14 905 1 23399 1965
p 2 23 895 2 24515 2005
p 2 11 908 1 26113 1981
p 2 17 901 2 26747 2017
p 2 16 903 1 29079 2037
p 2 10 909 1 28952 1991
p 2 16 904 0 31207 2010
p 2 23 897 0 32486 2006
p 2 7 911 2 33714 1970
p 2 4 915 1 35654 1953
p 2 5 915 0 36362 1990
p 2 7 913 0 38865 2000
p 2 15 905 0 39408 2048
p 2 9 906 5 41518 2022
p 2 12 906 2 41468 2038
p 2 13 907 0 40941 2015
p 2 3 917 0 41802 1985
p 2 6 913 1 41927 1989
p 2 12 907 1 43185 2022
p 2 10 908 2 44396 1983
p 2 8 912 0 46029 1961
p 2 4 915 1 47333 1954
p 2 11 907 2 49847 1978
p 2 12 906 2 51178 1984
p 2 28 890 2 51736 2055
p 2 22 897 1 49308 2013
p 2 17 901 2 49774 1977
p 2 20 900 0 49376 1975
p 2 12 908 0 49075 1926
p 2 15 905 0 48304 1902
p 2 21 898 1 50479 1924
p 2 25 895 0 50769 1902
p 2 6 914 0 51026 1823
p 2 20 900 0 51347 1864
p 2 8 912 0 54873 1835
p 2 16 904 0 55704 1911
p 2 31 889 0 54740 1953
p 2 25 895 0 55072 1949
p 2 14 906 0 55154 1903
p 2 14 906 0 55878 1898
p 2 21 899 0 57171 1937
p 2 27 893 0 57570 1928
p 2 12 908 0 58927 1920
p 2 27 893 0 58438 1986
p 2 28 892 0 58204 1947
p 2 8 912 0 57959 1865
p 2 10 910 0 57778 1888
p 2 7 913 0 57575 1889
p 2 5 915 0 57813 1894
p 2 8 912 0 57674 1921
p 2 5 915 0 60774 1905
p 2 2 918 0 61227 1899
p 2 7 913 0 63214 1946
p 2 18 902 0 62471 1990
p 2 12 908 0 62442 1958
p 2 10 910 0 62281 1966
p 2 16 904 0 62581 1974
p 2 10 910 0 62350 1947
p 2 8 912 0 64021 1940
i 2 920 0 0 50471 4338
p 2 0 877 43 10319 1269
p 2 0 899 21 13517 1300
p 2 0 889 31 14315 1290
p 2 0 909 11 14163 1306
p 2 0 909 11 14614 1301
p 2 1 905 14 14684 1334
p 2 0 906 14 14577 1319
p 2 0 902 18 14862 1338
p 2 0 903 17 14537 1312
p 2 0 907 13 14998 1335
p 2 0 905 15 15089 1325
p 2 0 907 13 15053 1322
p 2 0 898 22 15919 1338
p 2 0 904 16 13935 1308
p 2 0 916 4 15703 1335
p 2 0 916 4 15163 1327
p 2 0 906 14 15718 1345
p 2 0 912 8 16023 1343
p 2 0 903 17 16041 1340
p 2 0 911 9 15822 1351
p 2 0 914 6 16210 1340
p 2 0 916 4 16551 1349
p 2 0 908 12 15709 1340
p 2 0 907 13 16378 1361
p 2 0 907 13 16022 1351
p 2 0 916 4 16084 1367
p 2 0 906 14 16626 1346
p 2 0 916 4 16135 1352
p 2 0 906 14 16232 1350
p 2 0 913 7 16498 1351
p 2 0 917 3 16317 1350
p 2 0 915 5 17241 1371
p 2 1 904 15 16204 1340
p 2 0 911 9 16497 1365
p 2 0 906 14 16659 1347
p 2 1 907 12 16911 1355
p 2 0 908 12 17397 1370
p 2 0 910 10 16460 1356
p 2 0 912 8 16647 1341
p 2 0 912 8 17049 1359
p 2 0 913 7 17023 1368
p 2 0 908 12 17627 1364
p 2 0 907 13 17223 1369
p 2 0 912 8 17289 1367
p 2 0 911 9 17958 1380
p 2 0 915 5 17420 1351
p 2 0 910 10 17715 1361
p 2 1 911 8 17792 1372
p 2 0 911 9 17641 1370
p 2 0 916 4 18464 1388
p 2 2 904 14 17265 1365
p 2 0 905 15 17519 1366
p 2 0 906 14 17711 1362
p 2 1 915 4 18297 1383
p 2 0 908 12 18082 1368
p 2 0 911 9 18196 1385
p 2 0 902 18 18566 1381
p 2 0 908 12 18641 1382
p 2 0 912 8 17861 1381
p 2 0 908 12 18689 1379
p 2 0 907 13 17942 1381
p 2 0 904 16 18339 1378
p 2 0 898 22 19440 1381
p 2 0 905 15 17836 1379
p 2 0 911 9 18372 1388
p 2 0 904 16 18930 1379
p 2 0 903 17 18584 1385
p 2 0 907 13 19190 1404
p 2 1 899 20 18733 1393
p 2 0 903 17 18036 1386
p 2 0 889 31 18539 1371
p 2 2 912 6 19198 1406
p 2 0 905 15 20180 1409
p 2 0 905 15 18490 1384
p 2 0 889 31 18809 1374
p 2 0 907 13 18892 1405
p 2 0 889 31 18326 1364
i 2 920 0 0 72447 4847
p 2 3 910 7 23327 1559
p 2 0 915 5 20626 1472
p 2 0 912 8 20398 1489
p 2 0 920 0 26116 1568
p 2 0 919 1 26837 1499
p 2 0 919 1 26272 1515
p 2 0 918 2 23215 1480
p 2 0 916 4 24056 1476
p 2 0 915 5 23938 1478
p 2 0 918 2 23130 1482
p 2 0 920 0 24966 1473
p 2 0 919 1 30321 1546
p 2 2 918 0 32278 1566
p 2 0 913 7 31809 1551
p 2 1 917 2 30993 1544
p 2 0 906 14 25047 1498
p 2 0 915 5 22418 1447
p 2 0 912 8 27366 1523
p 2 0 917 3 28216 1477
p 2 1 914 5 25603 1454
p 2 0 912 8 32100 1509
p 2 0 911 9 32099 1552
p 2 0 914 6 24954 1531
p 2 0 913 7 27562 1530
p 2 0 913 7 26488 1520
p 2 1 915 4 30600 1553
p 2 0 914 6 28183 1549
p 2 0 918 2 18803 1455
p 2 0 914 6 26938 1553
p 2 0 917 3 32479 1589
p 2 0 919 1 24613 1529
p 2 0 916 4 25143 1526
p 2 1 909 10 32762 1591
p 2 0 913 7 20115 1468
p 2 0 912 8 28829 1501
p 2 0 913 7 31715 1559
p 2 0 912 8 27654 1514
p 2 0 913 7 28364 1537
p 2 0 909 11 33158 1553
p 2 0 910 10 16045 1418
p 2 0 891 29 32121 1507
p 2 0 722 198 5859 1029
p 2 0 294 626 2397 499
p 2 0 311 609 2060 503
p 2 0 266 654 2906 483
p 2 0 310 610 1776 510
p 2 0 216 704 1511 412
p 2 0 405 515 3132 628
p 2 0 178 742 760 368
p 2 0 78 842 708 275
p 2 1 244 675 2851 463
p 2 0 278 642 2012 485
p 2 0 314 606 2266 522
p 2 0 164 756 2732 379
p 2 0 78 842 1652 284
p 2 0 90 830 1654 294
p 2 0 84 836 2423 307
p 2 0 116 804 1674 319
p 2 0 65 855 1598 270
p 2 0 94 826 2297 311
p 2 0 88 832 1603 292
p 2 0 98 822 1644 304
p 2 0 60 860 2096 281
p 2 0 80 840 1520 285
p 2 0 78 842 1669 283
p 2 0 85 835 2347 298
p 2 0 51 869 1667 260
p 2 0 55 865 1368 259
p 2 0 66 854 2012 285
p 2 0 99 821 1246 299
p 2 0 84 836 1053 282
p 2 0 75 845 1508 281
p 2 0 68 852 410 261
p 2 0 70 850 674 264
p 2 0 57 863 1848 271
p 2 0 58 862 1404 266
p 2 0 61 859 1505 268
p 2 0 53 867 2150 269
p 2 0 42 878 1501 250
p 2 0 55 865 1498 259
p 2 0 47 873 2031 267
p 2 0 49 871 1490 262
p 2 0 46 874 1519 255
p 2 0 48 872 2075 268
p 2 0 35 885 1438 246
p 2 0 55 865 1848 262
p 2 0 49 871 1926 272
p 2 1 47 872 1679 263
p 2 0 41 879 1481 250
p 2 0 47 873 2205 264
p 2 0 33 887 1615 245
i 2 920 0 0 75992 5235
p 2 9 901 10 35604 1876
p 2 30 885 5 52332 2341
p 2 5 910 5 35615 1961
p 2 0 917 3 43482 2076
p 2 2 916 2 34904 1934
p 2 8 908 4 43585 2089
p 2 3 912 5 36438 1923
p 2 0 915 5 37467 1926
p 2 2 917 1 39981 1978
p 2 18 896 6 36525 1975
p 2 3 917 0 35476 1931
p 2 1 916 3 37081 1941
p 2 0 916 4 34148 1901
p 2 0 916 4 34308 1908
p 2 1 916 3 37664 1975
p 2 0 919 1 34267 1945
p 2 0 918 2 34816 1926
p 2 6 910 4 37363 2000
p 2 4 914 2 34056 1945
p 2 0 914 6 32890 1877
p 2 5 912 3 33930 1912
p 2 1 916 3 33593 1898
p 2 0 915 5 33236 1882
p 2 1 917 2 33762 1912
p 2 1 916 3 33011 1891
p 2 1 912 7 32784 1884
p 2 6 908 6 32922 1930
p 2 0 918 2 32752 1898
p 2 0 911 9 32317 1882
p 2 1 917 2 31623 1914
p 2 0 916 4 31108 1892
p 2 1 917 2 30404 1905
p 2 3 908 9 32975 1907
p 2 0 915 5 32399 1922
p 2 3 912 5 32200 1899
p 2 2 914 4 32555 1918
p 2 0 917 3 32669 1884
p 2 0 915 5 32233 1864
p 2 0 914 6 33010 1875
p 2 0 919 1 32640 1862
p 2 0 917 3 33068 1870
p 2 1 911 8 33258 1853
p 2 3 911 6 33228 1866
p 2 1 914 5 33230 1871
p 2 4 911 5 34089 1915
p 2 4 913 3 32854 1912
p 2 0 912 8 32805 1859
p 2 1 914 5 33684 1898
p 2 0 919 1 33096 1874
p 2 1 918 1 32821 1853
p 2 1 914 5 34125 1871
p 2 1 915 4 35818 1885
p 2 0 918 2 35610 1900
p 2 3 911 6 34794 1903
p 2 4 915 1 34696 1924
p 2 0 915 5 34942 1867
p 2 4 915 1 34213 1907
p 2 0 915 5 33390 1883
p 2 1 908 11 33571 1861
p 2 3 913 4 33115 1845
p 2 1 910 9 34655 1859
p 2 0 911 9 35546 1864
p 2 2 911 7 35884 1881
p 2 6 909 5 35440 1909
p 2 5 906 9 34275 1895
p 2 2 913 5 33657 1875
p 2 0 916 4 33358 1875
p 2 0 919 1 32563 1868
p 2 2 916 2 32161 1879
p 2 4 912 4 31678 1888
i 2 920 0 0 74412 5303
p 2 5 910 5 31535 1839
p 2 18 900 2 47179 2277
p 2 6 911 3 33429 1930
p 2 3 917 0 42477 2115
p 2 4 916 0 34851 1947
p 2 9 910 1 43367 2140
p 2 2 917 1 35611 1959
p 2 3 916 1 36572 1972
p 2 8 911 1 39737 2064
p 2 9 910 1 36246 2009
p 2 2 914 4 37534 1960
p 2 7 911 2 40978 2049
p 2 4 913 3 38363 1987
p 2 9 909 2 38799 1999
p 2 6 908 6 42428 2036
p 2 12 908 0 39345 2026
p 2 7 913 0 40101 2017
p 2 18 901 1 41993 2104
p 2 13 905 2 38767 2001
p 2 10 910 0 39242 1985
p 2 15 903 2 39552 2003
p 2 4 914 2 38858 1950
p 2 2 918 0 38254 1929
p 2 1 918 1 39577 1919
p 2 2 917 1 39918 1898
p 2 5 914 1 38669 1912
p 2 10 909 1 37887 1927
p 2 0 919 1 36705 1853
p 2 0 919 1 37262 1849
p 2 4 914 2 36969 1900
p 2 1 918 1 36825 1861
p 2 2 917 1 35676 1836
p 2 5 908 7 38484 1889
p 2 5 914 1 38800 1884
p 2 6 909 5 39644 1890
p 2 12 906 2 39316 1951
p 2 0 913 7 39181 1854
p 2 5 909 6 39137 1855
p 2 10 905 5 40714 1914
p 2 4 914 2 40421 1918
p 2 6 912 2 40169 1930
p 2 3 914 3 40772 1929
p 2 2 917 1 40053 1954
p 2 3 917 0 40607 1980
p 2 9 909 2 41513 2018
p 2 10 909 1 40322 2006
p 2 2 918 0 40139 1980
p 2 5 912 3 39790 1987
p 2 6 913 1 39462 1975
p 2 9 909 2 39096 1977
p 2 6 914 0 39763 1994
p 2 17 902 1 39519 2056
p 2 18 900 2 39512 2068
p 2 18 901 1 38924 2089
p 2 9 910 1 38328 2075
p 2 6 914 0 37490 2011
p 2 8 912 0 37290 2022
p 2 10 910 0 36421 2029
p 2 9 911 0 35377 1991
p 2 9 911 0 34784 1962
p 2 10 908 2 34281 1945
p 2 5 914 1 34706 1947
p 2 6 912 2 35830 1933
p 2 10 910 0 36145 1977
p 2 9 911 0 35721 1934
p 2 6 914 0 36019 1943
p 2 9 910 1 36408 1979
p 2 3 917 0 36026 1972
p 2 8 912 0 37287 1966
p 2 7 913 0 36953 1950
i 2 920 0 0 54413 5084
p 2 10 904 6 18424 1889
p 2 51 868 1 41908 2569
p 2 12 905 3 20851 2065
p 2 18 902 0 36107 2362
p 2 12 907 1 19883 2045
p 2 31 887 2 36273 2349
p 2 10 908 2 19538 1923
p 2 17 902 1 20409 1985
p 2 21 896 3 25611 2080
p 2 24 896 0 20893 2028
p 2 19 901 0 20759 1981
p 2 11 908 1 25168 2121
p 2 13 906 1 20097 1980
p 2 8 911 1 19272 1893
p 2 8 911 1 24356 2016
p 2 11 907 2 18948 1885
p 2 6 913 1 19268 1887
p 2 16 902 2 24184 2082
p 2 6 911 3 19284 1889
p 2 5 914 1 19387 1838
p 2 14 901 5 21731 1934
p 2 2 915 3 20434 1885
p 2 5 912 3 20309 1864
p 2 5 913 2 20699 1928
p 2 8 908 4 21047 1901
p 2 5 913 2 20193 1896
p 2 9 907 4 21662 1914
p 2 2 916 2 20018 1844
p 2 6 910 4 20702 1847
p 2 10 909 1 20173 1891
p 2 1 913 6 20949 1853
p 2 3 915 2 19604 1808
p 2 9 907 4 21849 1888
p 2 1 916 3 20972 1865
p 2 0 918 2 21343 1890
p 2 4 915 1 21551 1900
p 2 0 918 2 20669 1838
p 2 5 914 1 20095 1837
p 2 3 914 3 20793 1816
p 2 3 915 2 19186 1784
p 2 1 909 10 19395 1753
p 2 3 915 2 19946 1803
p 2 12 894 14 19640 1786
p 2 6 909 5 18082 1745
p 2 7 888 25 17447 1727
p 2 1 903 16 15471 1693
p 2 3 874 43 15081 1611
p 2 8 906 6 14216 1649
p 2 0 903 17 11607 1595
p 2 0 913 7 10846 1605
p 2 5 907 8 11995 1652
p 2 4 911 5 12351 1660
p 2 1 907 12 14004 1633
p 2 1 915 4 16904 1703
p 2 2 906 12 18046 1716
p 2 2 914 4 18219 1718
p 2 3 904 13 19121 1753
p 2 0 913 7 18087 1729
p 2 0 913 7 17462 1704
p 2 1 915 4 18308 1702
p 2 0 916 4 18476 1689
p 2 6 907 7 19809 1793
p 2 0 911 9 18946 1782
p 2 6 906 8 19472 1850
p 2 4 911 5 19048 1832
p 2 2 911 7 19392 1827
p 2 2 913 5 18699 1827
p 2 0 918 2 17169 1797
p 2 0 914 6 15771 1750
p 2 1 910 9 13855 1707
p 2 149 770 1 20210 2576
p 2 196 724 0 21739 2764
p 2 358 562 0 29248 3294
p 2 367 553 0 27889 3345
p 2 346 572 2 28073 3286
p 2 269 632 19 25898 3049
p 2 256 647 17 25160 3037
p 2 246 635 39 23563 2982
p 2 236 663 21 22238 2960
p 2 160 731 29 20134 2798
p 2 115 783 22 17826 2672
p 2 114 768 38 15417 2571
p 2 85 824 11 13249 2506
p 2 75 801 44 11095 2371
p 2 49 847 24 9083 2240
p 2 47 847 26 7820 2094
p 2 27 825 68 6674 1941
p 2 40 816 64 5655 1895
p 2 18 855 47 4760 1790
p 2 12 843 65 3811 1580
p 2 7 806 107 2911 1408
p 2 5 767 148 2318 1246
p 2 1 787 132 1708 1138
p 2 0 758 162 1323 960
i 2 920 0 0 79989 5674
p 2 29 889 2 56576 2339
p 2 20 899 1 59605 2367
p 2 22 898 0 59222 2404
p 2 16 904 0 56876 2339
p 2 26 894 0 59079 2402
p 2 32 887 1 61443 2431
p 2 24 894 2 63077 2438
p 2 23 895 2 63045 2410
p 2 17 903 0 59275 2349
p 2 15 905 0 61024 2398
p 2 11 906 3 60300 2374
p 2 5 914 1 54952 2293
p 2 5 913 2 52967 2225
p 2 2 916 2 51014 2144
p 2 5 911 4 49666 2116
p 2 4 914 2 49662 2081
p 2 10 909 1 51699 2149
p 2 12 907 1 51820 2181
p 2 9 908 3 50996 2164
p 2 10 910 0 51857 2190
p 2 4 916 0 52593 2203
p 2 5 915 0 47584 2131
p 2 4 916 0 44817 2057
p 2 0 919 1 45429 2083
p 2 3 916 1 51343 2130
p 2 6 913 1 52164 2165
p 2 2 917 1 51420 2133
p 2 9 910 1 49252 2114
p 2 3 914 3 51696 2075
p 2 4 914 2 52211 2112
p 2 3 915 2 49110 2086
p 2 2 917 1 47220 2048
p 2 2 914 4 47698 2028
p 2 6 913 1 48794 2098
p 2 11 906 3 53125 2149
p 2 4 915 1 50479 2092
p 2 2 918 0 48856 2031
p 2 9 908 3 50919 2094
p 2 8 909 3 55013 2175
p 2 10 908 2 55401 2200
p 2 11 907 2 54074 2204
p 2 9 909 2 53222 2154
p 2 30 888 2 54447 2290
p 2 16 900 4 54158 2217
p 2 10 909 1 50815 2176
p 2 3 916 1 48556 2121
p 2 9 907 4 49255 2150
p 2 4 915 1 49282 2114
p 2 0 917 3 46329 2047
p 2 0 916 4 44224 1964
p 2 7 913 0 43229 1982
p 2 6 910 4 44602 1966
p 2 7 910 3 45452 2030
p 2 3 915 2 45827 2007
p 2 0 920 0 44301 1980
p 2 1 916 3 45635 2010
p 2 2 915 3 46619 2048
p 2 2 917 1 45588 2034
p 2 1 917 2 43332 1967
p 2 5 912 3 42067 1960
p 2 1 915 4 44312 1965
p 2 2 915 3 44796 1966
p 2 0 914 6 43920 1935
p 2 1 915 4 43172 1943
p 2 4 912 4 43592 1982
p 2 3 914 3 44477 1995
p 2 2 915 3 42973 1970
p 2 2 913 5 41759 1958
p 2 4 913 3 42176 1970
p 2 2 914 4 44448 1987
p 2 3 916 1 45585 2034
p 2 11 903 6 46314 2087
p 2 6 911 3 45220 2057
p 2 8 910 2 46849 2067
p 2 6 912 2 47348 2058
p 2 4 910 6 46156 2045
p 2 6 914 0 44636 2041
p 2 12 908 0 44696 2065
i 2 920 0 0 51724 5006
p 2 8 905 7 30464 2146
p 2 6 909 5 30796 2165
p 2 7 907 6 33021 2226
p 2 9 910 1 35291 2245
p 2 15 902 3 40130 2380
p 2 20 897 3 40505 2383
p 2 24 895 1 40511 2406
p 2 13 905 2 39654 2298
p 2 17 903 0 39712 2321
p 2 11 909 0 41445 2298
p 2 17 902 1 41161 2278
p 2 10 907 3 41589 2299
p 2 21 895 4 44485 2385
p 2 18 902 0 43971 2349
p 2 21 896 3 45180 2318
p 2 17 902 1 44333 2299
p 2 15 901 4 44996 2321
p 2 15 903 2 44912 2335
p 2 10 907 3 43998 2230
p 2 19 898 3 44275 2284
p 2 13 901 6 44181 2277
p 2 13 907 0 42916 2259
p 2 5 911 4 42951 2212
p 2 5 914 1 42819 2199
p 2 20 898 2 47562 2353
p 2 19 898 3 51749 2410
p 2 24 893 3 50325 2352
p 2 13 904 3 49517 2336
p 2 8 906 6 48700 2216
p 2 5 911 4 50177 2252
p 2 16 902 2 51605 2357
p 2 15 903 2 49668 2341
p 2 24 896 0 47141 2286
p 2 29 891 0 49180 2442
p 2 79 841 0 53616 2776
p 2 134 786 0 58517 3019
p 2 114 806 0 61009 3032
p 2 94 826 0 59552 2914
p 2 21 897 2 54048 2479
p 2 15 905 0 50149 2333
p 2 5 915 0 48196 2219
p 2 4 916 0 48676 2175
p 2 2 918 0 46380 2119
p 2 2 918 0 47208 2099
p 2 11 909 0 51147 2217
p 2 8 912 0 50974 2180
p 2 8 910 2 50943 2211
p 2 10 909 1 53177 2248
p 2 3 917 0 52547 2198
p 2 13 907 0 52326 2265
p 2 26 894 0 53717 2347
p 2 18 902 0 53871 2312
p 2 16 904 0 53710 2295
p 2 27 893 0 55439 2392
p 2 22 897 1 55488 2376
p 2 17 903 0 56299 2376
p 2 41 879 0 57045 2518
p 2 43 876 1 55670 2510
p 2 34 886 0 54319 2422
p 2 38 882 0 54655 2449
p 2 30 890 0 56895 2464
p 2 30 890 0 56722 2461
p 2 18 902 0 55666 2373
i 2 920 0 0 65362 5372
p 2 317 603 0 68051 3924
p 2 244 676 0 65279 3700
p 2 80 840 0 52252 2878
p 2 57 863 0 47882 2736
p 2 45 874 1 46702 2671
p 2 39 880 1 44301 2607
p 2 22 898 0 43549 2547
p 2 40 880 0 44910 2609
p 2 36 884 0 46583 2611
p 2 40 880 0 48219 2624
p 2 43 877 0 50083 2620
p 2 50 870 0 52622 2662
p 2 74 846 0 56559 2820
p 2 43 877 0 57400 2650
p 2 39 881 0 58495 2626
p 2 49 871 0 56738 2635
p 2 46 874 0 58671 2608
p 2 48 872 0 59491 2625
p 2 57 862 1 60071 2693
p 2 41 879 0 59835 2639
p 2 30 890 0 60644 2553
p 2 56 864 0 60593 2660
p 2 44 875 1 61036 2601
p 2 32 888 0 62736 2551
p 2 48 870 2 64849 2646
p 2 41 879 0 62169 2625
p 2 31 887 2 60428 2547
p 2 42 878 0 59644 2612
p 2 37 883 0 60707 2589
p 2 44 876 0 62931 2637
p 2 128 792 0 67912 3072
p 2 29 891 0 58087 2531
p 2 20 900 0 57795 2427
p 2 28 892 0 56870 2468
p 2 28 892 0 58389 2472
p 2 25 895 0 57739 2422
p 2 20 900 0 57741 2408
p 2 18 902 0 57255 2374
p 2 22 898 0 57682 2392
p 2 24 896 0 58928 2429
p 2 25 895 0 60628 2441
p 2 15 905 0 61154 2450
p 2 26 894 0 60655 2486
p 2 13 907 0 58058 2390
p 2 13 907 0 55997 2310
p 2 16 904 0 56806 2337
p 2 14 906 0 56798 2321
p 2 21 899 0 56877 2355
p 2 24 896 0 57156 2354
p 2 13 907 0 57336 2333
p 2 17 903 0 57924 2390
p 2 13 907 0 56438 2346
p 2 17 903 0 56334 2358
p 2 21 899 0 55248 2387
p 2 33 887 0 60139 2537
p 2 92 828 0 64611 2823
p 2 22 897 1 57382 2376
p 2 12 907 1 56312 2326
p 2 18 901 1 57211 2375
p 2 15 905 0 57223 2380
p 2 10 910 0 56362 2370
p 2 14 905 1 55705 2377
p 2 26 892 2 54985 2416
p 2 14 905 1 54843 2372
p 2 11 908 1 56034 2346
p 2 13 906 1 55876 2358
p 2 19 900 1 56086 2384
p 2 25 895 0 56920 2423
p 2 25 895 0 57497 2414
p 2 25 895 0 57945 2442
p 2 19 901 0 58359 2407
p 2 46 874 0 61658 2651
p 2 106 814 0 66899 2948
p 2 29 891 0 59887 2535
p 2 25 895 0 59405 2455
p 2 21 899 0 60000 2479
p 2 26 894 0 61446 2495
p 2 34 886 0 61452 2535
p 2 31 889 0 61816 2539
i 2 920 0 0 62722 5187
p 2 52 867 1 41665 2432
p 2 59 861 0 43684 2502
p 2 81 839 0 45070 2627
p 2 98 822 0 45296 2645
p 2 86 834 0 44834 2641
p 2 67 853 0 43254 2552
p 2 58 861 1 42644 2517
p 2 49 871 0 43040 2480
p 2 51 867 2 43042 2497
p 2 72 848 0 46246 2609
p 2 81 839 0 51243 2731
p 2 122 798 0 55357 2944
p 2 103 815 2 53395 2813
p 2 77 842 1 51334 2781
p 2 53 866 1 47234 2537
p 2 5 914 1 39975 2191
p 2 4 916 0 40011 2189
i 2 920 0 0 62123 5153
p 2 12 906 2 41316 2141
p 2 16 902 2 41598 2183
p 2 22 893 5 39911 2195
p 2 130 777 13 51487 2872
p 2 151 759 10 53844 3022
p 2 110 794 16 47737 2785
p 2 14 898 8 40808 2253
p 2 30 870 20 43458 2299
p 2 100 809 11 48708 2712
p 2 102 808 10 49740 2779
p 2 83 824 13 46754 2661
p 2 89 825 6 50839 2718
p 2 38 874 8 40029 2366
p 2 66 842 12 46286 2591
p 2 113 799 8 54158 2889
p 2 624 296 0 85625 5118
p 2 58 862 0 55922 2580
p 2 42 878 0 57042 2556
p 2 30 890 0 57593 2466
p 2 32 888 0 57603 2488
p 2 31 889 0 58725 2457
p 2 32 888 0 59412 2455
p 2 16 903 1 58547 2360
p 2 8 912 0 55640 2270
p 2 16 904 0 51176 2219
p 2 4 916 0 48507 2129
p 2 3 917 0 44912 2042
p 2 0 920 0 42768 1995
p 2 0 920 0 41339 1985
p 2 1 919 0 40464 1987
p 2 1 918 1 40082 1981
p 2 3 917 0 42478 2023
p 2 4 916 0 44587 2075
p 2 8 912 0 46406 2139
p 2 10 910 0 49328 2194
p 2 15 905 0 49522 2232
p 2 10 910 0 48763 2133
p 2 18 902 0 49009 2190
p 2 16 904 0 49890 2184
p 2 15 905 0 50501 2190
p 2 11 909 0 50110 2150
i 2 920 0 0 57759 4860
p 2 20 898 2 39759 2303
p 2 13 906 1 39455 2243
p 2 14 901 5 38482 2191
p 2 6 911 3 37268 2136
p 2 7 911 2 36923 2149
p 2 6 913 1 36815 2134
p 2 3 916 1 36855 2126
p 2 2 912 6 35744 2084
p 2 5 914 1 36247 2092
p 2 4 916 0 36439 2085
p 2 5 913 2 36902 2091
p 2 4 916 0 35781 2062
p 2 2 914 4 36591 2070
p 2 1 919 0 36005 2050
p 2 4 914 2 38206 2090
p 2 6 914 0 38838 2126
p 2 4 914 2 40497 2159
p 2 5 915 0 38963 2128
p 2 5 915 0 39057 2111
p 2 4 916 0 38608 2125
p 2 55 865 0 40888 2388
p 2 23 897 0 39603 2268
p 2 22 898 0 39589 2291
p 2 10 910 0 38832 2248
p 2 9 910 1 37390 2107
p 2 6 912 2 35949 2022
p 2 5 912 3 36850 2030
p 2 7 911 2 36375 2041
p 2 4 911 5 36185 2013
p 2 3 915 2 36189 2015
p 2 3 916 1 36105 2016
p 2 4 911 5 34818 1979
p 2 2 909 9 34183 1964
p 2 1 911 8 33662 1970
p 2 1 911 8 33767 1957
p 2 3 914 3 34545 1979
p 2 1 913 6 34746 1967
p 2 5 911 4 33971 1982
p 2 4 913 3 34086 1961
p 2 3 911 6 33256 1920
p 2 1 916 3 34191 1917
p 2 1 918 1 34295 1906
p 2 1 913 6 35088 1925
p 2 4 909 7 35359 1948
p 2 2 917 1 36279 1942
p 2 4 909 7 36524 1970
p 2 7 904 9 36958 1996
p 2 6 909 5 37051 1973
p 2 3 913 4 38313 1997
p 2 13 906 1 39614 2201
p 2 57 863 0 42645 2451
p 2 46 874 0 42264 2433
p 2 4 915 1 39678 2179
p 2 4 914 2 37879 2018
p 2 5 908 7 38184 2001
p 2 5 912 3 37985 2032
p 2 4 914 2 37900 2035
p 2 5 908 7 36483 2047
p 2 3 916 1 36753 2029
p 2 9 905 6 36450 2032
p 2 12 907 1 36980 2056
p 2 5 912 3 37397 2030
p 2 9 910 1 38426 2049
p 2 6 911 3 38486 2020
p 2 3 916 1 38441 2009
p 2 2 916 2 37759 1980
p 2 1 919 0 39163 1991
p 2 4 909 7 40308 2010
p 2 6 913 1 40467 2058
p 2 11 908 1 41075 2063
p 2 5 914 1 39080 2002
p 2 10 909 1 39076 2011
p 2 10 910 0 39203 2026
i 2 920 0 0 76711 5573
p 2 0 918 2 39003 1915
p 2 2 916 2 43258 1973
p 2 4 910 6 42534 1982
p 2 7 910 3 43234 2008
p 2 22 896 2 44983 2061
p 2 23 894 3 43067 2064
p 2 9 908 3 43408 2010
p 2 1 916 3 43202 1975
p 2 6 913 1 42546 1989
p 2 3 913 4 41034 1957
p 2 1 914 5 41688 1973
p 2 2 911 7 42133 1984
p 2 3 914 3 43735 2009
p 2 15 902 3 42304 2066
p 2 5 912 3 41740 1992
p 2 2 912 6 42740 2024
p 2 3 914 3 43917 2059
p 2 2 914 4 42521 2017
p 2 5 915 0 42201 2009
p 2 1 915 4 43550 2010
p 2 2 917 1 45325 2045
p 2 2 917 1 44525 2032
p 2 10 910 0 45411 2093
p 2 16 902 2 45045 2078
p 2 5 915 0 48443 2078
p 2 8 911 1 48016 2136
p 2 6 914 0 47104 2092
p 2 2 918 0 48308 2066
p 2 6 913 1 49273 2091
p 2 6 914 0 48484 2129
p 2 18 902 0 49625 2192
p 2 18 900 2 51733 2195
p 2 7 912 1 51406 2138
p 2 10 910 0 49101 2125
p 2 6 914 0 47297 2062
p 2 10 908 2 49435 2123
p 2 9 910 1 49840 2116
p 2 19 900 1 50040 2164
p 2 10 909 1 50643 2115
p 2 4 916 0 50031 2116
p 2 2 917 1 50730 2115
p 2 6 913 1 51803 2151
p 2 11 909 0 53579 2199
p 2 10 909 1 53662 2220
p 2 2 918 0 54050 2151
p 2 18 902 0 53262 2263
p 2 6 914 0 53157 2209
p 2 2 917 1 51911 2170
p 2 8 912 0 51214 2183
p 2 5 914 1 49842 2159
p 2 6 914 0 49893 2170
p 2 1 919 0 50572 2170
p 2 2 918 0 51303 2151
p 2 27 893 0 51219 2286
p 2 10 909 1 50386 2213
p 2 10 908 2 50667 2203
p 2 0 920 0 49575 2140
p 2 5 913 2 49499 2192
p 2 5 914 1 49070 2188
p 2 11 908 1 51010 2267
p 2 5 915 0 53666 2246
p 2 15 903 2 56766 2366
p 2 24 896 0 58404 2442
i 2 920 0 0 84047 5666
p 2 30 890 0 54456 2373
p 2 18 902 0 53000 2302
p 2 14 906 0 52634 2250
p 2 17 903 0 50911 2255
p 2 19 900 1 52869 2279
p 2 14 906 0 52157 2219
p 2 13 906 1 52537 2211
p 2 21 899 0 50809 2190
p 2 12 908 0 49423 2157
p 2 12 907 1 47935 2118
p 2 10 910 0 49087 2142
p 2 11 908 1 46667 2097
p 2 7 913 0 46198 2069
p 2 8 910 2 45309 2062
p 2 7 910 3 45509 2071
p 2 10 910 0 46325 2141
p 2 2 918 0 44764 2038
p 2 3 917 0 43748 2010
p 2 10 909 1 47650 2144
p 2 2 917 1 43974 2023
p 2 2 917 1 44290 2052
p 2 3 914 3 43951 2034
p 2 9 910 1 44010 2039
p 2 4 916 0 43115 2022
p 2 3 916 1 43582 2013
p 2 2 915 3 42165 1974
p 2 7 912 1 41556 2013
p 2 0 917 3 41147 1986
p 2 4 913 3 42747 1993
p 2 5 912 3 42875 2004
p 2 9 908 3 44107 2019
p 2 3 917 0 43192 2013
p 2 6 914 0 44335 2023
p 2 7 913 0 44836 2032
p 2 7 912 1 45704 2033
p 2 10 910 0 44559 2054
p 2 8 912 0 44323 2063
p 2 9 911 0 46193 2087
p 2 40 880 0 50645 2305
p 2 1 919 0 43713 1997
p 2 0 920 0 45635 2036
p 2 3 917 0 44534 2042
p 2 5 915 0 46013 2072
p 2 4 916 0 45485 2041
p 2 2 918 0 45770 2044
p 2 6 914 0 45016 2069
p 2 3 917 0 44430 2060
p 2 6 912 2 43469 2060
p 2 4 915 1 43036 2033
p 2 6 913 1 43507 2046
p 2 7 913 0 43771 2056
p 2 4 914 2 42760 2005
p 2 5 913 2 44611 2008
p 2 5 913 2 44093 1997
p 2 5 914 1 45131 1988
p 2 14 904 2 45273 2037
p 2 7 913 0 45225 2001
p 2 9 910 1 45199 2021
p 2 5 915 0 45985 2021
p 2 5 915 0 44467 2032
p 2 7 912 1 44374 2021
p 2 10 910 0 44258 2050
p 2 8 911 1 44646 2044
p 2 11 909 0 44622 2072
p 2 18 901 1 46032 2124
p 2 25 894 1 46462 2162
p 2 9 910 1 45714 2074
p 2 4 915 1 46168 2070
p 2 16 904 0 46368 2133
p 2 11 908 1 46426 2146
p 2 17 902 1 47945 2183
p 2 19 898 3 48497 2222
p 2 14 902 4 50240 2218
p 2 28 892 0 49656 2290
p 2 24 894 2 50920 2258
p 2 24 895 1 50233 2253
p 2 23 894 3 50900 2264
p 2 19 899 2 50106 2263
p 2 24 892 4 50935 2282
p 2 20 896 4 49966 2237
p 2 19 898 3 50008 2232
p 2 25 894 1 49773 2232
p 2 23 897 0 51670 2251
p 2 27 892 1 50803 2253
p 2 29 890 1 53582 2336
p 2 34 886 0 52887 2375
p 2 41 879 0 50398 2362
p 2 37 883 0 49245 2327
p 2 28 892 0 50557 2299
p 2 32 888 0 50080 2317
p 2 38 882 0 49610 2330
p 2 38 882 0 49735 2316
p 2 33 886 1 51774 2340
p 2 33 887 0 53537 2384
p 2 33 887 0 54986 2431
p 2 24 896 0 52643 2380
p 2 19 901 0 52694 2352
p 2 36 884 0 51740 2393
p 2 25 895 0 53834 2382
p 2 37 883 0 53812 2434
p 2 38 882 0 53485 2443
p 2 43 877 0 54747 2479
p 2 47 873 0 56795 2505
p 2 51 869 0 57634 2526
p 2 41 879 0 58491 2483
p 2 60 860 0 57010 2558
p 2 49 871 0 57614 2520
p 2 71 849 0 57330 2610
p 2 69 851 0 58084 2617
p 2 74 846 0 57919 2679
p 2 59 861 0 58571 2597
i 2 920 0 0 62135 5234
p 2 42 878 0 43934 2504
p 2 31 889 0 46139 2487
p 2 41 879 0 46556 2539
p 2 25 894 1 44491 2422
p 2 33 887 0 45809 2444
p 2 29 891 0 47083 2426
p 2 37 883 0 50863 2478
p 2 21 899 0 53479 2424
p 2 36 884 0 56000 2508
p 2 47 873 0 59253 2545
p 2 38 882 0 62253 2512
p 2 29 891 0 61381 2474
p 2 37 883 0 62990 2544
p 2 35 885 0 64921 2551
p 2 32 888 0 65706 2544
p 2 19 901 0 65165 2501
p 2 24 896 0 63722 2514
p 2 22 898 0 62004 2493
p 2 18 902 0 60352 2406
p 2 19 901 0 58437 2421
p 2 10 910 0 58904 2358
p 2 12 908 0 56355 2343
p 2 14 905 1 56422 2349
p 2 10 910 0 54500 2332
p 2 10 904 6 53210 2303
p 2 9 910 1 50791 2280
p 2 9 911 0 50434 2231
p 2 8 912 0 50921 2204
p 2 10 908 2 49811 2175
p 2 9 909 2 49329 2158
p 2 15 905 0 50605 2211
p 2 23 897 0 52904 2270
p 2 9 909 2 54130 2210
p 2 9 911 0 53338 2179
p 2 10 907 3 53019 2192
p 2 17 903 0 52862 2210
p 2 10 909 1 53028 2213
p 2 27 893 0 53285 2304
p 2 20 899 1 55002 2283
i 2 920 0 0 42298 4433
p 2 7 904 9 27404 2058
p 2 4 911 5 26793 1985
p 2 4 912 4 27219 2029
p 2 11 908 1 29365 2114
p 2 17 891 12 30081 2170
p 2 11 907 2 29155 2139
p 2 20 893 7 29598 2180
p 2 12 907 1 29781 2163
p 2 23 895 2 30196 2197
p 2 17 903 0 29942 2194
p 2 6 912 2 29851 2135
p 2 5 915 0 28201 2075
p 2 9 910 1 28672 2159
p 2 11 907 2 29253 2161
p 2 17 900 3 31919 2239
p 2 16 902 2 29429 2125
p 2 3 912 5 28959 2058
p 2 4 916 0 27315 2043
p 2 3 916 1 29439 2096
p 2 6 912 2 28741 2074
p 2 2 914 4 27703 2066
p 2 9 911 0 27562 2061
p 2 19 901 0 31924 2245
p 2 14 904 2 32416 2207
p 2 21 896 3 33777 2289
p 2 23 894 3 31965 2263
p 2 19 901 0 31646 2188
p 2 8 909 3 31429 2073
p 2 14 906 0 31791 2144
p 2 8 911 1 33654 2091
p 2 23 896 1 36471 2255
p 2 29 891 0 37550 2276
p 2 26 892 2 37443 2324
p 2 17 903 0 34376 2241
p 2 10 909 1 35700 2299
p 2 19 900 1 36189 2325
p 2 11 907 2 35712 2245
p 2 15 905 0 34877 2232
p 2 13 906 1 35320 2254
p 2 16 904 0 36288 2284
p 2 18 902 0 37302 2317
p 2 19 901 0 35102 2274
p 2 8 912 0 35590 2276
p 2 12 908 0 35549 2248
p 2 18 902 0 34975 2304
p 2 9 909 2 32977 2235
p 2 18 902 0 33202 2328
p 2 10 910 0 32970 2276
p 2 9 911 0 35492 2308
p 2 14 906 0 38037 2314
p 2 22 896 2 38716 2353
p 2 27 893 0 38356 2303
p 2 18 902 0 42572 2426
p 2 32 888 0 43503 2516
p 2 16 904 0 37785 2355
p 2 9 911 0 34972 2290
p 2 12 908 0 36551 2280
p 2 5 912 3 36999 2302
p 2 16 904 0 40197 2329
p 2 26 894 0 42357 2427
p 2 36 883 1 42252 2441
p 2 16 904 0 41100 2351
p 2 39 881 0 43701 2470
p 2 26 894 0 44439 2444
p 2 32 888 0 45449 2468
p 2 21 899 0 45001 2445
p 2 25 895 0 45442 2482
p 2 38 882 0 45312 2525
p 2 42 878 0 44689 2597
p 2 53 867 0 45422 2615
p 2 49 871 0 46025 2613
p 2 32 888 0 45958 2561
p 2 32 888 0 47865 2609
p 2 47 872 1 48039 2674
p 2 42 878 0 46322 2660
p 2 32 888 0 45389 2580
p 2 30 890 0 44565 2641
p 2 33 887 0 44618 2630
p 2 29 891 0 44007 2593
p 2 17 903 0 44630 2540
p 2 32 888 0 44311 2583
p 2 29 891 0 44376 2577
p 2 43 877 0 45977 2655
p 2 21 899 0 42957 2517
p 2 14 906 0 41911 2453
p 2 22 898 0 41958 2520
p 2 24 896 0 41587 2501
p 2 31 888 1 39803 2500
p 2 18 901 1 39119 2384
p 2 26 893 1 38570 2424
p 2 15 905 0 37243 2367
p 2 10 910 0 38753 2331
p 2 14 906 0 39946 2371
i 2 920 0 0 62357 5218
p 2 194 726 0 57467 3416
p 2 288 632 0 57576 3616
p 2 109 811 0 53547 3098
p 2 39 880 1 47862 2574
p 2 67 850 3 48510 2717
p 2 61 856 3 46947 2660
p 2 68 849 3 49905 2672
p 2 47 873 0 48079 2607
p 2 38 882 0 46253 2577
p 2 24 896 0 41500 2438
p 2 28 892 0 44541 2477
i 2 920 0 0 67584 5246
p 2 46 874 0 56475 2606
p 2 46 874 0 56308 2601
p 2 24 896 0 54482 2445
p 2 24 896 0 53375 2465
p 2 24 896 0 51673 2450
p 2 30 890 0 54115 2514
p 2 42 878 0 55743 2632
p 2 48 872 0 57211 2655
p 2 62 858 0 57645 2712
p 2 40 880 0 54660 2611
p 2 23 897 0 52304 2529
p 2 10 905 5 50330 2397
p 2 5 913 2 45380 2243
i 2 920 0 0 59715 5278
p 2 46 873 1 46958 2651
p 2 30 890 0 45465 2598
p 2 28 891 1 46107 2669
p 2 53 866 1 48294 2789
p 2 64 856 0 48786 2847
p 2 61 859 0 50849 2864
p 2 85 835 0 51828 2930
p 2 57 863 0 50327 2831
p 2 28 892 0 50196 2650
p 2 39 881 0 49403 2674
p 2 53 867 0 51549 2735
p 2 48 872 0 48783 2731
p 2 26 893 1 48820 2629
p 2 164 755 1 55441 3309
p 2 160 760 0 55071 3152
p 2 17 903 0 43649 2470
p 2 19 900 1 43088 2461
p 2 26 894 0 42633 2457
p 2 18 901 1 42520 2402
i 2 920 0 0 71137 5548
p 2 14 905 1 42852 2137
p 2 9 911 0 44881 2125
p 2 8 912 0 45243 2158
p 2 10 909 1 44745 2155
p 2 6 912 2 44388 2141
p 2 4 916 0 44451 2151
p 2 2 918 0 45106 2137
p 2 11 909 0 44559 2153
p 2 7 913 0 44156 2162
p 2 11 909 0 44370 2164
p 2 2 918 0 42466 2060
p 2 3 916 1 42852 2072
p 2 3 917 0 42562 2076
p 2 3 917 0 42947 2083
p 2 4 916 0 43501 2108
p 2 7 913 0 45295 2146
p 2 4 914 2 45074 2090
p 2 5 915 0 45105 2080
p 2 7 913 0 45138 2097
p 2 1 919 0 44715 2064
p 2 3 916 1 43457 2067
p 2 3 917 0 44716 2075
p 2 3 916 1 44319 2110
p 2 5 915 0 45993 2126
p 2 2 917 1 48158 2133
p 2 9 909 2 49110 2187
p 2 19 901 0 51285 2261
p 2 51 869 0 55226 2498
p 2 19 901 0 54163 2389
p 2 24 896 0 55285 2430
p 2 22 898 0 57509 2435
p 2 12 908 0 60142 2418
p 2 20 900 0 59242 2458
p 2 11 909 0 57321 2354
p 2 14 906 0 53366 2296
p 2 11 908 1 51975 2236
p 2 13 905 2 49732 2187
p 2 13 903 4 48404 2163
p 2 12 906 2 46888 2176
p 2 19 898 3 47672 2186
p 2 11 903 6 47814 2138
p 2 26 891 3 47035 2207
p 2 7 909 4 46871 2075
p 2 5 910 5 45786 2037
p 2 11 904 5 45865 2043
p 2 6 914 0 45356 2072
p 2 8 912 0 49003 2138
p 2 13 907 0 49907 2206
p 2 14 906 0 51594 2204
p 2 19 901 0 50048 2245
p 2 14 906 0 49303 2159
p 2 10 910 0 48228 2169
p 2 11 909 0 47308 2169
p 2 8 912 0 46120 2130
p 2 4 916 0 45784 2050
p 2 5 915 0 47921 2069
p 2 15 905 0 50151 2096
p 2 20 900 0 53706 2221
p 2 11 909 0 52782 2163
p 2 9 911 0 52163 2174
p 2 7 913 0 50519 2136
p 2 2 917 1 48953 2095
p 2 3 917 0 46536 2064
p 2 2 917 1 47142 2082
p 2 2 916 2 47548 2072
p 2 6 911 3 46383 2082
p 2 7 913 0 48732 2118
p 2 3 917 0 47689 2064
p 2 3 916 1 49386 2093
p 2 9 909 2 47987 2114
p 2 3 914 3 47456 2077
i 2 920 0 0 59193 5084
p 2 27 882 11 39834 2352
p 2 11 905 4 37815 2236
p 2 11 904 5 37508 2249
p 2 16 900 4 37375 2294
p 2 16 901 3 38995 2283
p 2 18 900 2 38541 2306
p 2 17 903 0 37851 2324
p 2 18 902 0 35567 2275
p 2 14 905 1 41934 2424
p 2 24 895 1 41244 2463
p 2 31 888 1 41708 2456
p 2 38 882 0 43704 2543
p 2 57 863 0 45846 2672
p 2 37 883 0 42510 2555
p 2 20 899 1 39682 2441
p 2 15 904 1 37255 2395
p 2 16 902 2 35378 2374
p 2 7 912 1 34540 2313
p 2 14 906 0 35411 2345
p 2 20 899 1 35095 2402
p 2 19 901 0 34773 2366
p 2 19 901 0 35809 2416
p 2 22 898 0 37107 2416
p 2 27 893 0 38240 2429
p 2 52 868 0 38334 2493
p 2 47 873 0 39660 2540
p 2 36 884 0 42885 2522
p 2 50 870 0 44604 2572
p 2 56 864 0 49804 2657
p 2 65 855 0 51464 2658
p 2 52 867 1 53299 2646
p 2 50 870 0 52567 2656
p 2 43 877 0 53660 2590
p 2 48 872 0 55403 2580
p 2 43 877 0 57653 2579
p 2 46 874 0 58805 2642
p 2 63 855 2 57919 2706
p 2 62 858 0 59158 2706
p 2 51 869 0 58943 2668
p 2 62 858 0 58591 2700
p 2 66 853 1 58709 2726
p 2 53 867 0 56748 2683
p 2 44 876 0 52124 2503
p 2 21 899 0 52821 2384
p 2 31 889 0 53496 2428
p 2 37 883 0 58377 2498
p 2 93 827 0 67875 2932
p 2 101 819 0 70901 3006
p 2 57 863 0 68548 2695
p 2 45 875 0 65588 2631
p 2 55 864 1 64110 2667
p 2 47 873 0 61926 2583
p 2 17 903 0 58264 2369
p 2 18 902 0 56437 2343
p 2 28 892 0 56549 2405
p 2 17 903 0 56351 2364
p 2 17 903 0 54768 2299
p 2 8 912 0 54117 2269
p 2 6 914 0 52012 2230
i 2 920 0 0 76353 5620
p 2 356 564 0 72098 4156
p 2 322 597 1 58122 3893
p 2 282 637 1 45896 3744
p 2 284 635 1 40986 3752
p 2 59 853 8 31024 2763
p 2 36 884 0 31369 2604
p 2 14 906 0 29901 2437
p 2 9 910 1 31107 2416
p 2 14 901 5 32346 2380
p 2 14 906 0 33219 2411
p 2 44 876 0 35434 2611
p 2 21 899 0 34093 2429
p 2 18 900 2 34836 2402
p 2 19 901 0 35261 2403
p 2 18 901 1 34746 2366
p 2 20 900 0 35150 2364
p 2 9 908 3 35235 2313
p 2 12 908 0 34741 2316
p 2 18 902 0 35501 2349
p 2 7 912 1 35214 2294
p 2 10 909 1 35616 2260
p 2 10 909 1 35005 2280
p 2 21 897 2 36006 2288
p 2 11 907 2 35951 2274
p 2 21 898 1 37241 2299
p 2 12 907 1 35828 2246
p 2 5 915 0 35407 2160
p 2 10 910 0 32770 2082
p 2 7 913 0 33873 2084
p 2 11 909 0 33832 2099
p 2 9 911 0 34308 2093
p 2 9 910 1 32982 2052
p 2 8 912 0 33247 2021
p 2 21 899 0 33152 2109
p 2 13 907 0 33723 2094
p 2 26 894 0 33948 2142
p 2 20 899 1 33594 2085
p 2 23 897 0 34636 2100
p 2 26 894 0 35184 2118
p 2 18 902 0 35724 2076
p 2 15 903 2 35627 2047
p 2 24 896 0 34924 2055
p 2 20 898 2 35518 2062
p 2 13 907 0 34860 2038
p 2 55 864 1 35709 2219
p 2 94 826 0 35984 2344
p 2 78 840 2 35667 2195
p 2 77 843 0 36708 2267
p 2 83 837 0 38518 2294
p 2 52 867 1 38678 2255
p 2 27 893 0 38678 2108
p 2 16 901 3 37211 2050
p 2 13 907 0 37610 2016
p 2 5 914 1 36933 1980
p 2 16 904 0 38401 2032
i 2 920 0 0 51182 4937
p 2 22 898 0 37956 2459
p 2 24 895 1 41182 2579
p 2 32 887 1 41931 2571
p 2 41 879 0 43537 2619
p 2 61 859 0 46970 2755
p 2 28 892 0 43189 2539
p 2 11 909 0 40185 2384
p 2 34 886 0 41256 2504
p 2 25 895 0 39886 2422
p 2 17 903 0 40130 2391
p 2 27 893 0 41234 2459
p 2 35 885 0 43413 2513
p 2 22 897 1 42798 2473
p 2 16 904 0 42905 2453
p 2 23 896 1 44700 2485
p 2 22 898 0 46056 2494
p 2 24 896 0 46572 2485
p 2 25 895 0 46393 2512
p 2 47 873 0 48351 2613
p 2 68 852 0 49963 2779
p 2 59 861 0 51082 2758
p 2 53 867 0 53330 2739
p 2 51 868 1 53572 2729
p 2 42 878 0 52522 2667
p 2 25 892 3 49129 2511
p 2 15 905 0 45841 2410
p 2 12 907 1 45486 2383
p 2 22 896 2 46920 2450
p 2 46 873 1 48862 2598
p 2 54 865 1 48617 2599
p 2 56 860 4 46753 2572
p 2 29 890 1 47303 2429
p 2 32 885 3 47030 2419
p 2 21 896 3 47195 2390
p 2 30 889 1 48149 2455
p 2 40 878 2 48627 2522
p 2 35 883 2 48158 2456
p 2 38 882 0 46960 2502
p 2 18 901 1 43899 2377
p 2 11 909 0 41646 2302
p 2 7 913 0 40652 2262
p 2 8 912 0 40910 2278
p 2 8 912 0 41069 2254
p 2 12 906 2 41868 2297
p 2 24 896 0 41686 2328
p 2 14 906 0 41617 2349
p 2 18 900 2 43985 2303
p 2 22 898 0 46254 2430
p 2 43 875 2 48249 2567
p 2 22 898 0 47195 2472
p 2 28 892 0 46853 2488
p 2 25 894 1 43351 2434
p 2 21 895 4 44202 2399
p 2 19 899 2 44359 2406
p 2 16 902 2 42157 2351
p 2 24 893 3 42047 2397
p 2 15 901 4 41780 2317
p 2 17 901 2 37862 2303
p 2 14 904 2 37711 2253
p 2 9 910 1 38250 2248
p 2 17 903 0 39390 2271
p 2 8 910 2 40811 2236
p 2 17 901 2 42401 2289
p 2 10 908 2 43079 2283
p 2 16 903 1 42423 2316
p 2 10 907 3 42076 2303
p 2 12 907 1 43681 2306
p 2 26 892 2 45089 2360
p 2 21 899 0 45625 2372
p 2 24 892 4 43068 2362
p 2 22 894 4 42436 2346
p 2 47 871 2 45310 2545
p 2 63 857 0 46670 2709
p 2 141 779 0 53883 3145
p 2 155 765 0 55566 3202
p 2 100 820 0 51467 2981
p 2 22 896 2 40429 2376
p 2 14 905 1 41329 2373
p 2 14 906 0 42165 2353
p 2 15 905 0 42824 2369
p 2 14 906 0 43991 2356
p 2 14 906 0 46168 2396
p 2 27 893 0 47686 2449
p 2 25 895 0 48229 2473
p 2 71 847 2 53188 2747
p 2 149 771 0 57191 3169
p 2 114 806 0 59935 3126
i 2 920 0 0 76955 5631
p 2 10 909 1 51326 2105
p 2 13 906 1 53629 2175
p 2 11 908 1 53503 2161
p 2 6 913 1 53583 2159
p 2 9 910 1 53280 2172
p 2 9 910 1 52127 2151
p 2 5 915 0 51159 2130
p 2 5 912 3 49314 2101
p 2 4 915 1 49183 2110
p 2 5 914 1 48733 2086
p 2 8 911 1 48924 2071
p 2 4 915 1 49813 2078
p 2 4 915 1 50455 2084
p 2 6 914 0 49768 2090
p 2 7 913 0 50503 2107
p 2 7 913 0 50506 2136
p 2 10 909 1 52192 2150
p 2 7 913 0 51186 2154
p 2 3 915 2 50027 2087
p 2 5 913 2 48756 2074
p 2 6 912 2 49084 2084
p 2 5 914 1 49479 2110
p 2 2 915 3 49535 2067
p 2 5 915 0 50204 2111
p 2 3 914 3 51888 2106
p 2 4 913 3 51581 2101
p 2 6 914 0 52523 2158
p 2 4 916 0 51836 2131
p 2 4 916 0 51380 2109
p 2 2 918 0 50420 2085
p 2 4 916 0 50961 2113
p 2 4 916 0 50644 2133
p 2 3 917 0 50342 2110
p 2 6 914 0 50703 2134
p 2 6 914 0 52422 2143
p 2 5 915 0 52884 2163
p 2 5 915 0 52199 2176
p 2 5 915 0 51962 2154
p 2 5 915 0 51558 2113
p 2 6 914 0 50405 2092
p 2 2 918 0 50346 2080
p 2 1 919 0 48261 2071
p 2 2 918 0 48328 2094
p 2 2 918 0 46684 2062
p 2 0 920 0 46628 2073
p 2 3 917 0 45304 2071
p 2 3 917 0 46090 2064
p 2 2 918 0 45750 2056
p 2 2 918 0 46540 2073
p 2 3 917 0 45772 2070
p 2 4 916 0 46297 2084
i 2 920 0 0 63707 5385
p 2 21 898 1 44738 2325
p 2 10 909 1 44623 2366
p 2 11 909 0 43554 2322
p 2 14 905 1 42641 2344
p 2 12 907 1 41275 2310
p 2 11 906 3 39481 2253
p 2 5 914 1 39921 2212
p 2 11 908 1 40132 2284
p 2 13 905 2 39189 2234
p 2 10 909 1 38553 2261
p 2 4 915 1 37634 2202
p 2 4 915 1 36526 2226
p 2 5 913 2 35540 2188
p 2 8 912 0 36308 2226
p 2 3 917 0 39621 2214
p 2 17 903 0 43553 2425
p 2 40 880 0 49037 2603
p 2 60 855 5 52673 2800
p 2 64 856 0 51545 2752
p 2 54 865 1 51644 2736
p 2 67 852 1 51736 2740
p 2 57 863 0 51983 2698
p 2 46 874 0 49451 2604
p 2 40 879 1 47373 2543
p 2 23 896 1 40613 2364
p 2 9 905 6 38870 2297
p 2 9 909 2 38377 2279
p 2 21 898 1 36809 2333
p 2 12 904 4 34353 2219
p 2 23 896 1 39926 2524
p 2 185 734 1 51482 3265
p 2 249 671 0 52756 3500
p 2 197 723 0 50321 3302
p 2 36 883 1 39100 2449
p 2 13 907 0 35847 2319
p 2 10 907 3 34335 2273
p 2 21 898 1 38706 2392
p 2 29 887 4 41408 2432
p 2 43 877 0 40936 2479
p 2 30 890 0 36848 2401
p 2 14 905 1 32772 2197
p 2 7 911 2 31523 2132
p 2 6 912 2 31758 2096
p 2 8 907 5 31314 2120
p 2 7 905 8 30338 2088
p 2 5 915 0 31616 2163
p 2 9 910 1 31287 2099
p 2 15 905 0 32924 2194
p 2 7 912 1 34171 2209
p 2 7 912 1 36755 2314
p 2 13 905 2 35769 2326
p 2 5 913 2 34191 2209
p 2 7 913 0 34270 2249
p 2 9 909 2 35838 2265
p 2 24 895 1 36304 2358
p 2 17 903 0 37184 2373
p 2 10 910 0 35775 2316
p 2 7 913 0 36342 2293
p 2 11 909 0 35479 2307
p 2 4 916 0 33645 2249
p 2 5 914 1 34412 2273
p 2 9 910 1 33950 2328
p 2 16 901 3 34649 2340
p 2 20 898 2 37662 2434
p 2 29 891 0 40127 2519
p 2 21 899 0 41042 2482
p 2 18 901 1 40764 2447
p 2 18 901 1 40600 2409
p 2 19 900 1 41919 2483
p 2 43 877 0 47177 2644
p 2 59 859 2 51252 2765
p 2 61 859 0 52999 2794
p 2 49 871 0 49359 2660
p 2 35 884 1 48415 2611
p 2 28 892 0 44697 2547
p 2 29 891 0 42169 2496
p 2 19 901 0 42735 2442
p 2 16 904 0 42582 2471
p 2 26 894 0 44997 2475
p 2 26 894 0 45239 2498
p 2 23 896 1 45182 2471
p 2 24 896 0 44768 2517
p 2 24 894 2 44794 2456
p 2 30 890 0 44408 2485
p 2 18 901 1 42657 2396
p 2 9 911 0 41650 2342
p 2 14 904 2 42275 2385
p 2 10 910 0 42984 2361
p 2 19 900 1 44666 2415
p 2 26 893 1 45915 2445
i 2 920 0 0 51603 4800
p 2 38 878 4 30698 2167
p 2 23 896 1 33056 2153
p 2 39 867 14 36146 2250
p 2 48 869 3 38607 2343
p 2 50 865 5 42314 2416
p 2 73 845 2 46687 2535
p 2 82 837 1 50231 2633
p 2 91 829 0 52219 2681
p 2 75 845 0 53851 2648
p 2 66 850 4 55199 2610
p 2 64 856 0 55907 2660
p 2 73 847 0 56740 2649
p 2 46 874 0 57299 2538
p 2 32 888 0 58389 2450
p 2 27 893 0 56244 2368
p 2 15 905 0 55518 2299
p 2 20 899 1 56012 2301
p 2 26 894 0 58536 2326
p 2 27 893 0 61149 2392
p 2 30 890 0 62126 2420
p 2 32 888 0 63096 2502
p 2 23 897 0 65395 2474
p 2 39 881 0 66443 2550
p 2 32 888 0 67795 2544
p 2 28 892 0 70091 2552
p 2 40 880 0 74369 2616
p 2 49 871 0 74458 2729
p 2 49 871 0 75471 2714
p 2 51 869 0 77436 2738
p 2 42 878 0 78190 2741
p 2 57 863 0 78033 2817
p 2 60 860 0 79124 2835
p 2 73 847 0 80310 2897
p 2 71 849 0 81215 2870
p 2 82 838 0 81697 2923
i 2 920 0 0 92080 5779
p 2 37 883 0 64143 2330
p 2 24 896 0 65586 2262
p 2 20 899 1 63783 2267
p 2 28 892 0 63432 2267
p 2 22 898 0 62083 2236
p 2 18 902 0 62139 2223
p 2 14 906 0 61283 2173
p 2 15 905 0 61202 2141
p 2 12 908 0 60978 2154
p 2 12 908 0 60949 2146
p 2 11 909 0 60341 2161
p 2 15 905 0 60850 2156
p 2 23 895 2 58250 2165
p 2 19 900 1 57715 2167
p 2 16 900 4 57290 2167
p 2 14 905 1 59507 2171
p 2 19 898 3 59822 2199
p 2 20 899 1 59519 2232
p 2 19 900 1 60832 2234
p 2 13 907 0 60134 2221
p 2 19 899 2 62014 2228
p 2 16 904 0 61045 2200
p 2 15 905 0 61984 2234
p 2 24 896 0 63142 2276
p 2 30 884 6 63828 2323
p 2 33 885 2 66078 2366
p 2 34 883 3 65672 2376
p 2 25 893 2 67149 2352
p 2 19 901 0 66936 2302
p 2 41 875 4 72074 2474
p 2 39 881 0 70772 2472
p 2 24 896 0 70788 2453
p 2 30 890 0 72738 2471
p 2 34 886 0 75589 2545
p 2 40 878 2 78144 2591
i 2 920 0 0 95305 5723
p 2 22 896 2 76365 2244
p 2 5 912 3 74585 2152
p 2 8 912 0 74126 2197
p 2 15 903 2 72868 2205
p 2 9 911 0 72406 2159
p 2 14 906 0 72293 2183
p 2 15 902 3 70744 2187
p 2 12 907 1 66949 2154
p 2 11 908 1 64987 2109
p 2 17 901 2 62611 2116
p 2 17 902 1 62695 2121
p 2 6 913 1 60262 2066
p 2 5 914 1 59350 2060
p 2 5 915 0 59941 2083
p 2 9 910 1 60942 2124
p 2 7 913 0 61160 2112
p 2 11 908 1 61692 2156
p 2 7 913 0 60222 2128
p 2 11 907 2 62498 2167
p 2 16 904 0 62171 2209
p 2 10 909 1 62488 2186
p 2 16 904 0 61808 2200
p 2 18 900 2 61957 2194
p 2 5 915 0 62423 2125
p 2 9 911 0 61517 2175
p 2 10 910 0 60333 2127
p 2 19 898 3 61228 2181
p 2 9 911 0 61532 2121
p 2 13 904 3 62064 2173
p 2 13 907 0 61615 2172
p 2 7 913 0 62602 2170
p 2 16 904 0 60549 2190
p 2 15 900 5 60706 2179
p 2 17 903 0 62129 2182
p 2 13 907 0 63844 2178
i 2 920 0 0 76714 5314
p 2 86 833 1 72424 2891
p 2 61 857 2 71638 2831
p 2 59 860 1 71646 2785
p 2 69 851 0 72437 2825
p 2 64 856 0 72389 2811
p 2 57 863 0 72646 2749
p 2 47 873 0 72216 2723
p 2 32 888 0 72486 2626
p 2 31 889 0 72864 2624
p 2 34 886 0 72428 2633
p 2 28 892 0 73049 2596
p 2 28 892 0 69333 2553
p 2 21 899 0 67172 2545
p 2 25 894 1 63787 2505
p 2 24 896 0 63856 2524
p 2 28 891 1 63144 2528
p 2 28 891 1 60705 2506
p 2 19 899 2 60236 2474
p 2 32 887 1 60959 2469
p 2 29 891 0 59971 2455
p 2 26 892 2 59887 2414
p 2 18 901 1 60589 2407
p 2 16 902 2 58727 2400
p 2 14 905 1 57739 2350
p 2 19 901 0 56979 2349
p 2 15 904 1 56110 2310
p 2 12 906 2 55073 2331
p 2 10 907 3 53621 2348
p 2 12 907 1 52353 2321
p 2 8 911 1 50425 2245
p 2 10 909 1 49473 2244
p 2 7 912 1 48174 2225
p 2 4 916 0 48691 2228
p 2 7 911 2 48870 2245
p 2 6 913 1 47870 2235
i 2 920 0 0 97184 5803
p 2 66 854 0 81705 2672
p 2 43 877 0 81934 2598
p 2 37 883 0 86226 2545
p 2 31 889 0 87565 2555
p 2 42 878 0 87901 2617
p 2 49 871 0 88016 2711
p 2 55 865 0 91760 2782
p 2 47 873 0 92361 2708
p 2 66 854 0 89078 2781
p 2 51 869 0 88922 2697
p 2 46 874 0 88494 2679
p 2 32 888 0 86322 2582
p 2 40 879 1 80532 2562
p 2 34 886 0 74795 2489
p 2 27 893 0 69526 2374
p 2 12 908 0 64350 2227
p 2 9 911 0 59593 2132
p 2 5 914 1 56048 2072
p 2 7 913 0 54822 2077
p 2 5 915 0 50091 2028
p 2 2 917 1 47160 1989
p 2 0 920 0 44675 1911
p 2 1 919 0 42676 1877
p 2 1 918 1 40882 1845
p 2 1 918 1 40984 1865
p 2 2 917 1 39356 1851
p 2 2 918 0 38787 1823
p 2 1 918 1 35769 1795
p 2 2 917 1 35458 1783
p 2 0 920 0 34512 1781
p 2 1 917 2 34402 1778
p 2 0 919 1 33761 1768
p 2 1 917 2 35948 1791
p 2 0 915 5 36776 1777
p 2 0 915 5 38875 1814
i 2 920 0 0 73746 5605
p 2 208 712 0 70256 3478
p 2 177 743 0 69842 3394
p 2 199 721 0 72521 3541
p 2 176 744 0 71246 3419
p 2 165 755 0 69525 3325
p 2 168 752 0 69088 3361
p 2 176 744 0 73591 3436
p 2 169 751 0 74053 3423
p 2 175 745 0 71334 3477
p 2 199 721 0 70813 3534
p 2 201 719 0 71171 3554
p 2 203 717 0 70375 3595
p 2 258 662 0 66266 3772
p 2 234 686 0 64361 3696
p 2 239 681 0 65951 3732
p 2 231 689 0 66676 3715
p 2 227 693 0 68016 3657
p 2 226 694 0 70271 3722
p 2 196 724 0 73173 3627
p 2 226 694 0 70911 3680
p 2 254 666 0 67089 3743
p 2 211 709 0 66349 3627
p 2 267 653 0 66529 3790
p 2 241 679 0 71800 3741
p 2 218 702 0 75409 3656
p 2 209 711 0 73767 3510
p 2 175 745 0 67907 3361
p 2 187 733 0 65352 3294
p 2 155 765 0 62546 3181
p 2 117 803 0 58189 3043
p 2 96 824 0 53699 2950
p 2 69 851 0 55348 2896
p 2 84 836 0 55160 2977
p 2 139 781 0 60221 3229
p 2 140 780 0 60148 3160
p 2 127 792 1 65032 3157
p 2 148 772 0 72931 3276
p 2 134 786 0 81646 3245
p 2 165 755 0 82512 3286
p 2 153 767 0 84479 3234
p 2 135 784 1 84908 3145
p 2 120 800 0 84073 3066
p 2 178 742 0 86436 3242
p 2 104 816 0 84999 3032
p 2 117 803 0 86217 3080
p 2 171 749 0 81072 3256
p 2 110 810 0 78870 3017
p 2 95 825 0 77116 2941
p 2 162 757 1 73680 3213
p 2 68 852 0 67888 2781
p 2 51 869 0 67277 2706
p 2 166 753 1 68373 3137
p 2 56 864 0 60835 2677
p 2 42 878 0 60440 2532
p 2 140 779 1 60361 3008
p 2 31 889 0 54343 2444
p 2 35 884 1 54628 2472
p 2 95 825 0 51671 2752
p 2 19 901 0 47473 2406
p 2 26 893 1 47703 2322
p 2 80 839 1 48295 2677
p 2 29 889 2 45223 2370
p 2 39 880 1 43157 2364
p 2 59 860 1 39559 2466
p 2 26 891 3 36069 2300
p 2 22 893 5 34075 2245
p 2 28 887 5 31122 2229
p 2 42 875 3 30558 2276
p 2 54 861 5 26988 2318
p 2 56 851 13 22924 2274
p 2 66 826 28 20303 2254
p 2 66 836 18 17816 2206
p 2 56 819 45 14635 2149
p 2 61 859 0 13700 2219
p 2 42 825 53 9912 1996
p 2 43 876 1 8394 1985
p 2 23 760 137 6467 1833
p 2 7 904 9 5111 1811
p 2 0 758 162 3293 1506
p 2 1 873 46 2639 1410
p 2 0 705 215 1069 1014
p 2 0 824 96 1104 1049
p 2 0 601 319 812 779
p 2 0 804 116 926 895
i 2 920 0 0 44196 4070
p 2 10 879 31 29129 1763
p 2 5 857 58 28495 1761
p 2 4 873 43 29708 1772
p 2 7 861 52 29111 1810
p 2 4 814 102 28933 1754
p 2 10 822 88 28339 1811
p 2 5 860 55 29183 1836
p 2 11 883 26 29483 1911
p 2 3 892 25 29632 1854
p 2 6 835 79 27422 1810
p 2 7 865 48 28309 1837
p 2 2 862 56 29571 1843
p 2 5 905 10 29718 1849
p 2 3 869 48 28057 1796
p 2 9 874 37 29689 1825
p 2 1 859 60 30854 1765
p 2 2 866 52 29415 1761
p 2 6 835 79 29723 1769
p 2 5 880 35 31041 1798
p 2 3 866 51 31368 1780
p 2 3 874 43 30694 1780
p 2 11 859 50 31938 1829
p 2 5 870 45 32308 1776
p 2 4 873 43 31344 1813
p 2 3 857 60 31423 1755
p 2 1 864 55 31553 1772
p 2 1 850 69 31353 1734
p 2 0 882 38 30584 1744
p 2 17 871 32 30753 1833
p 2 8 863 49 30441 1770
p 2 5 883 32 29891 1764
p 2 0 874 46 29073 1707
p 2 3 881 36 28350 1709
p 2 2 876 42 29331 1696
p 2 5 886 29 28984 1710
p 2 2 881 37 28297 1708
p 2 5 898 17 29782 1731
p 2 10 862 48 30965 1728
p 2 12 887 21 32624 1789
p 2 2 857 61 32184 1710
p 2 41 845 34 35847 1885
p 2 45 836 39 40312 1914
p 2 39 867 14 45156 1999
p 2 33 853 34 45866 1930
p 2 27 866 27 47179 1918
p 2 21 891 8 49527 1963
p 2 25 889 6 50204 2013
p 2 17 887 16 50023 1982
p 2 16 889 15 51085 1978
p 2 25 873 22 50950 1991
p 2 20 895 5 51413 1999
p 2 18 887 15 52453 1987
p 2 17 889 14 52550 1959
p 2 10 893 17 53964 1932
p 2 8 896 16 55033 1898
p 2 14 886 20 56688 1962
p 2 15 896 9 56786 1962
p 2 8 898 14 57803 1932
p 2 10 904 6 58477 1935
p 2 14 894 12 59022 1957
p 2 4 899 17 59796 1913
p 2 12 893 15 59113 1976
p 2 9 892 19 60055 1977
p 2 7 906 7 59146 1965
p 2 8 896 16 59676 1939
p 2 6 912 2 59653 1955
p 2 8 903 9 59905 1960
p 2 8 900 12 61239 1974
p 2 13 892 15 61820 1968
p 2 12 907 1 62437 2020
p 2 13 905 2 63412 2066
p 2 20 900 0 62811 2129
p 2 21 897 2 63230 2122
p 2 11 907 2 64132 2128
p 2 16 904 0 64331 2152
p 2 22 897 1 66143 2224
p 2 8 911 1 67794 2214
p 2 18 902 0 68556 2264
p 2 10 910 0 69753 2262
p 2 5 914 1 69180 2246
p 2 9 911 0 71312 2265
p 2 16 904 0 73042 2297
p 2 11 909 0 73057 2325
p 2 10 910 0 74710 2314
p 2 10 910 0 76173 2368
p 2 15 905 0 76928 2399
p 2 22 898 0 78776 2465
p 2 17 903 0 80972 2428
p 2 22 898 0 82080 2534
p 2 15 905 0 81409 2487
p 2 24 896 0 81733 2484
p 2 32 888 0 83779 2517
p 2 32 888 0 82024 2592
p 2 24 896 0 80747 2564
p 2 27 893 0 81604 2549
p 2 37 883 0 78862 2497
p 2 26 894 0 78976 2447
p 2 37 883 0 78912 2520
p 2 40 879 1 78140 2497
p 2 54 866 0 80927 2607
p 2 43 877 0 82046 2540
p 2 54 866 0 81222 2597
p 2 49 871 0 83674 2619
p 2 50 870 0 83473 2590
p 2 36 884 0 85454 2578
p 2 58 862 0 85448 2652
p 2 29 891 0 86103 2492
p 2 41 879 0 87663 2589
p 2 40 880 0 86886 2557
p 2 41 879 0 85294 2552
p 2 45 875 0 89041 2617
p 2 42 878 0 87775 2579
p 2 35 885 0 88074 2557
p 2 41 879 0 90537 2646
p 2 33 887 0 89308 2550
p 2 35 885 0 91137 2620
p 2 50 870 0 90683 2636
p 2 42 878 0 89639 2575
p 2 72 848 0 94475 2829
p 2 60 860 0 92500 2727
p 2 55 865 0 92667 2683
p 2 42 878 0 91170 2640
p 2 51 869 0 90770 2660
p 2 49 871 0 94081 2685
p 2 51 869 0 90076 2659
p 2 33 887 0 86682 2539
p 2 75 845 0 91803 2787
p 2 61 859 0 92487 2727
p 2 59 861 0 94600 2729
p 2 68 852 0 96074 2781
p 2 55 865 0 95037 2700
p 2 74 846 0 97136 2812
p 2 68 852 0 95374 2712
p 2 54 866 0 95805 2673
p 2 75 845 0 102758 2899
p 2 40 880 0 99267 2705
p 2 55 865 0 101522 2751
p 2 70 850 0 99569 2790
p 2 64 856 0 97926 2738
p 2 103 817 0 99434 2947
p 2 59 860 1 96065 2712
p 2 54 866 0 93163 2604
p 2 67 853 0 100510 2774
i 2 920 0 0 81635 5016
p 2 65 851 4 69386 2351
p 2 59 846 15 70629 2415
p 2 86 824 10 68658 2609
p 2 209 692 19 71932 3204
p 2 130 767 23 68010 2849
p 2 110 798 12 71366 2774
p 2 139 781 0 75831 3012
p 2 156 735 29 80200 3097
p 2 118 779 23 78638 2952
p 2 77 843 0 76825 2777
p 2 93 827 0 78612 2850
p 2 96 810 14 81184 2868
p 2 102 807 11 77481 2889
p 2 102 818 0 79501 2938
p 2 119 798 3 81732 3063
p 2 108 808 4 81242 2968
p 2 106 814 0 84609 2997
p 2 123 796 1 84279 3095
p 2 113 807 0 85686 3079
p 2 112 808 0 89886 3094
p 2 111 809 0 86387 3016
p 2 125 795 0 88218 3135
p 2 124 795 1 85221 3073
p 2 118 802 0 80607 3048
p 2 104 816 0 80906 3011
p 2 117 803 0 82207 3020
p 2 93 827 0 84940 2949
p 2 113 807 0 91317 3097
p 2 110 810 0 87977 3026
p 2 153 767 0 88916 3152
p 2 149 771 0 87179 3176
p 2 142 778 0 84122 3161
p 2 110 810 0 82996 3052
p 2 104 816 0 84524 3012
p 2 124 796 0 88021 3114
p 2 152 768 0 91275 3303
p 2 111 809 0 90800 3195
p 2 101 819 0 89999 3080
p 2 150 770 0 88803 3259
p 2 142 778 0 82398 3150
p 2 143 777 0 80641 3132
p 2 142 778 0 82562 3134
p 2 129 791 0 82281 3128
p 2 184 736 0 87094 3478
p 2 152 768 0 80949 3233
p 2 144 776 0 75136 3112
p 2 170 750 0 80043 3349
p 2 193 727 0 82031 3465
p 2 163 757 0 80502 3251
p 2 195 725 0 81877 3379
p 2 181 739 0 83378 3344
p 2 241 679 0 91265 3743
p 2 180 740 0 86094 3408
p 2 195 725 0 81626 3431
p 2 252 668 0 78958 3591
p 2 231 689 0 81107 3588
p 2 186 734 0 82512 3442
p 2 140 780 0 86062 3313
p 2 148 772 0 89383 3371
p 2 252 668 0 92532 3796
p 2 213 707 0 93446 3630
p 2 180 740 0 96055 3513
p 2 184 736 0 95706 3536
p 2 186 734 0 94794 3500
p 2 169 751 0 97728 3476
p 2 155 765 0 102200 3412
p 2 147 773 0 102700 3390
p 2 163 757 0 104421 3484
p 2 141 779 0 102448 3314
p 2 133 787 0 105629 3314
p 2 164 756 0 107027 3429
p 2 137 783 0 101135 3260
p 2 113 805 2 99813 3019
p 2 118 801 1 99788 3085
p 2 108 809 3 97393 2961
p 2 86 834 0 94508 2852
p 2 87 833 0 92843 2868
p 2 132 788 0 93772 3083
p 2 171 749 0 95850 3367
p 2 147 772 1 92645 3292
p 2 107 813 0 90738 3114
p 2 131 789 0 92659 3263
p 2 145 775 0 87816 3306
p 2 127 793 0 85358 3177
p 2 141 779 0 87235 3264
p 2 172 748 0 84925 3386
p 2 205 715 0 88880 3631
p 2 200 720 0 88160 3559
p 2 154 766 0 85662 3351
p 2 175 745 0 88750 3561
p 2 186 734 0 85291 3557
p 2 130 790 0 78214 3241
p 2 155 765 0 77853 3332
p 2 192 728 0 80044 3494
p 2 294 626 0 82058 3994
p 2 240 680 0 80930 3741
p 2 156 763 1 76922 3412
p 2 186 732 2 81550 3556
p 2 140 780 0 79860 3237
p 2 68 852 0 71567 2795
p 2 73 844 3 71732 2837
p 2 165 755 0 75386 3167
p 2 299 620 1 87433 4011
p 2 219 701 0 78919 3633
p 2 158 762 0 80022 3381
p 2 212 708 0 82936 3645
p 2 205 715 0 80205 3570
p 2 189 731 0 69208 3339
p 2 196 721 3 71490 3382
p 2 207 713 0 74830 3562
p 2 281 639 0 81984 3976
p 2 219 701 0 80183 3659
p 2 174 746 0 77428 3448
p 2 218 702 0 80686 3668
p 2 214 705 1 78894 3571
p 2 134 786 0 70272 3138
p 2 100 820 0 71794 2974
p 2 107 813 0 75861 3045
p 2 232 684 4 83477 3652
p 2 236 684 0 81200 3689
p 2 192 727 1 84290 3552
p 2 244 676 0 88030 3785
p 2 227 693 0 90172 3713
p 2 178 742 0 82799 3450
p 2 173 747 0 81872 3443
p 2 142 777 1 83053 3327
p 2 260 660 0 90404 3885
p 2 165 755 0 85993 3448
p 2 136 784 0 85754 3335
p 2 172 748 0 84970 3376
p 2 155 764 1 87962 3394
p 2 167 753 0 85941 3413
p 2 182 738 0 83971 3430
p 2 152 768 0 86775 3383
p 2 169 751 0 93148 3531
p 2 153 767 0 90959 3403
p 2 183 737 0 92773 3504
p 2 171 749 0 93050 3427
p 2 154 766 0 91152 3301
p 2 129 791 0 87543 3193
p 2 135 785 0 89572 3195
p 2 132 787 1 94093 3141
p 2 153 766 1 100800 3295
p 2 137 782 1 103610 3276
p 2 151 768 1 101409 3278
p 2 127 793 0 97821 3206
p 2 111 805 4 96015 3095
p 2 106 811 3 93683 3042
p 2 121 793 6 94841 3148
p 2 114 793 13 93676 3110
p 2 173 747 0 92911 3417
p 2 156 764 0 94793 3318
p 2 185 735 0 94398 3443
p 2 183 737 0 91487 3434
p 2 159 761 0 87596 3281
p 2 152 768 0 90141 3274
p 2 133 787 0 88737 3192
p 2 100 820 0 89256 3037
p 2 104 816 0 90680 3026
p 2 116 804 0 89207 3073
p 2 142 778 0 90667 3228
p 2 101 819 0 83218 2993
p 2 77 843 0 80389 2841
p 2 137 783 0 79641 3110
p 2 129 791 0 78404 3031
p 2 77 841 2 72469 2795
p 2 104 816 0 73737 2888
p 2 77 843 0 72823 2793
p 2 136 784 0 77724 3126
p 2 178 742 0 68004 3098
p 2 174 746 0 68588 3174
p 2 210 710 0 75093 3360
p 2 119 801 0 76598 3027
p 2 82 838 0 70700 2699
p 2 90 830 0 71583 2764
p 2 81 839 0 71568 2749
p 2 168 751 1 75641 3233
p 2 112 808 0 71421 2974
p 2 106 813 1 70685 2930
p 2 178 742 0 73030 3240
p 2 189 731 0 72375 3358
p 2 167 749 4 68508 3204
p 2 181 739 0 72998 3294
p 2 162 758 0 75956 3307
p 2 163 757 0 80171 3406
p 2 127 793 0 72887 3161
p 2 106 813 1 71748 3035
p 2 138 782 0 74266 3146
p 2 112 808 0 71969 2926
p 2 50 870 0 67890 2631
p 2 89 831 0 71372 2784
p 2 79 841 0 70514 2761
p 2 144 776 0 79048 3218
p 2 88 832 0 73304 2927
p 2 63 857 0 77327 2858
p 2 120 800 0 83102 3120
p 2 151 769 0 84340 3266
p 2 115 803 2 81428 3138
p 2 104 816 0 84553 3099
p 2 122 798 0 84837 3168
p 2 165 755 0 89728 3474
p 2 149 771 0 88665 3382
p 2 183 737 0 89559 3486
p 2 198 722 0 96106 3585
p 2 195 723 2 96830 3572
p 2 181 739 0 97704 3506
p 2 177 743 0 101049 3515
p 2 208 712 0 100273 3643
p 2 192 728 0 105998 3623
p 2 173 747 0 102612 3517
p 2 162 758 0 103367 3410
p 2 161 759 0 103035 3359
p 2 127 793 0 102649 3212
p 2 120 800 0 102338 3163
p 2 130 790 0 103317 3188
p 2 86 833 1 101222 2961
p 2 98 821 1 100980 2988
p 2 111 809 0 99576 2976
p 2 107 804 9 98645 2946
p 2 110 807 3 100711 3025
p 2 99 811 10 99375 2970
p 2 85 832 3 97221 2866
p 2 90 823 7 98250 2911
p 2 103 814 3 94922 2957
p 2 108 802 10 95342 2968
p 2 82 838 0 94031 2872
p 2 90 820 10 94373 2862
p 2 92 825 3 99337 2950
p 2 91 819 10 97169 2896
p 2 76 834 10 97089 2790
p 2 83 824 13 99728 2857
p 2 74 844 2 96935 2813
p 2 81 839 0 96496 2838
p 2 88 832 0 97225 2868
p 2 84 836 0 96747 2879
p 2 102 818 0 96520 3042
p 2 86 834 0 96668 2979
p 2 76 844 0 93210 2853
p 2 108 812 0 94198 2955
p 2 110 808 2 92353 2978
p 2 107 812 1 90889 2948
p 2 115 804 1 85374 2954
p 2 102 817 1 81812 2886
p 2 101 814 5 81367 2864
p 2 90 822 8 77080 2780
p 2 69 840 11 73124 2689
p 2 66 839 15 67228 2601
p 2 63 846 11 58319 2508
p 2 80 823 17 49567 2508
p 2 82 793 45 40923 2367
p 2 79 809 32 34585 2335
p 2 72 801 47 30001 2320
p 2 65 827 28 26000 2227
p 2 57 845 18 24491 2168
p 2 61 783 76 24195 2148
p 2 55 801 64 24620 2169
p 2 65 803 52 26338 2278
p 2 73 791 56 26739 2323
p 2 82 793 45 28493 2528
p 2 63 818 39 27122 2473
p 2 62 827 31 26055 2600
p 2 52 865 3 25516 2602
p 2 51 865 4 27263 2640
p 2 80 839 1 29631 2745
p 2 77 842 1 29698 2820
p 2 78 841 1 29771 2809
p 2 62 858 0 28756 2771
p 2 50 870 0 28810 2747
p 2 62 858 0 28446 2768
p 2 54 866 0 29168 2714
p 2 60 860 0 28707 2763
p 2 47 873 0 28576 2737
p 2 62 858 0 28791 2812
p 2 57 863 0 29370 2768
p 2 57 863 0 30150 2779
p 2 52 868 0 31975 2826
p 2 68 852 0 31931 2852
p 2 60 860 0 31432 2813
p 2 64 856 0 30085 2782
p 2 44 876 0 30037 2687
p 2 51 869 0 28786 2739
p 2 49 871 0 29175 2683
p 2 58 862 0 29610 2680
p 2 53 867 0 29419 2720
p 2 50 870 0 30237 2657
p 2 79 841 0 31922 2850
p 2 112 808 0 31777 2998
p 2 126 794 0 29561 3008
p 2 83 837 0 27542 2850
p 2 84 836 0 28821 2865
p 2 82 838 0 31845 2851
p 2 79 841 0 35727 2821
p 2 76 844 0 38642 2759
p 2 55 865 0 39298 2679
p 2 43 877 0 39083 2557
p 2 53 867 0 38938 2566
p 2 28 892 0 38835 2482
p 2 39 881 0 37524 2536
p 2 29 890 1 36962 2487
p 2 35 885 0 37721 2472
p 2 45 875 0 36335 2542
p 2 24 896 0 34301 2395
p 2 31 889 0 34728 2433
p 2 23 897 0 34170 2345
p 2 28 892 0 33925 2408
p 2 17 903 0 32372 2342
p 2 27 893 0 32538 2373
p 2 21 899 0 33119 2336
p 2 30 890 0 33946 2372
p 2 26 894 0 34318 2405
p 2 25 895 0 35677 2462
p 2 31 889 0 35634 2493
p 2 6 914 0 32837 2308
p 2 5 915 0 32538 2297
p 2 10 910 0 32940 2295
p 2 7 913 0 32777 2259
p 2 3 917 0 33464 2187
p 2 5 915 0 34402 2250
p 2 5 915 0 34423 2214
p 2 6 914 0 34454 2228
p 2 9 911 0 35069 2175
p 2 20 900 0 35496 2270
p 2 48 872 0 36719 2350
p 2 76 844 0 38268 2538
p 2 97 823 0 39154 2545
p 2 75 845 0 37918 2595
p 2 43 877 0 39411 2520
p 2 37 883 0 38612 2453
p 2 44 876 0 38281 2466
p 2 60 860 0 38762 2461
p 2 66 854 0 38408 2454
p 2 57 862 1 38292 2438
p 2 25 895 0 37305 2345
p 2 12 908 0 38290 2285
p 2 3 917 0 36558 2198
p 2 3 917 0 36192 2148
p 2 5 915 0 36102 2133
p 2 7 913 0 36944 2135
p 2 2 918 0 37028 2072
p 2 8 912 0 37413 2135
p 2 6 913 1 37405 2104
p 2 5 915 0 37345 2100
p 2 5 914 1 36911 2083
p 2 7 913 0 36824 2132
p 2 6 914 0 36521 2062
p 2 25 895 0 37934 2177
p 2 68 852 0 40091 2287
p 2 109 811 0 39906 2436
p 2 57 863 0 39295 2263
p 2 8 912 0 38927 2066
p 2 8 912 0 37996 2049
p 2 4 916 0 37341 2018
p 2 4 915 1 36399 1997
p 2 27 891 2 38816 2115
p 2 46 871 3 38709 2140
p 2 87 833 0 40273 2336
p 2 92 828 0 39690 2306
p 2 102 817 1 39981 2310
p 2 131 787 2 42223 2494
p 2 168 751 1 42945 2649
p 2 161 759 0 44187 2729
p 2 139 781 0 44912 2675
p 2 124 796 0 42908 2603
p 2 94 825 1 43061 2490
p 2 53 862 5 41700 2327
p 2 13 904 3 40461 2146
p 2 27 886 7 40326 2198
p 2 58 858 4 41083 2311
p 2 72 843 5 41749 2400
p 2 90 823 7 42075 2448
p 2 53 857 10 41481 2361
p 2 44 868 8 40542 2357
p 2 34 882 4 39549 2304
p 2 53 864 3 38937 2317
p 2 33 877 10 37870 2262
p 2 14 893 13 37792 2158
p 2 16 893 11 37549 2151
p 2 17 892 11 37647 2123
p 2 14 884 22 38053 2108
p 2 23 896 1 39334 2223
p 2 15 890 15 38748 2173
p 2 18 891 11 37651 2195
p 2 12 897 11 38484 2176
p 2 18 892 10 38066 2165
p 2 7 894 19 36756 2099
p 2 20 888 12 36177 2180
p 2 10 890 20 35117 2101
p 2 13 899 8 34626 2185
p 2 11 897 12 34615 2116
p 2 10 896 14 34396 2133
p 2 14 886 20 35612 2125
p 2 25 888 7 36396 2204
p 2 25 863 32 36159 2207
p 2 38 874 8 37680 2316
p 2 37 864 19 37565 2316
p 2 31 887 2 36907 2337
p 2 38 867 15 36237 2318
p 2 44 857 19 37157 2372
p 2 42 869 9 36688 2379
p 2 36 881 3 36691 2393
p 2 72 842 6 36308 2502
p 2 86 826 8 37755 2625
p 2 201 719 0 42542 3241
p 2 168 752 0 41893 3161
p 2 144 776 0 40042 3085
p 2 162 758 0 36799 3064
p 2 183 737 0 33819 3091
p 2 189 731 0 32111 3096
p 2 157 763 0 30709 3062
p 2 169 751 0 29297 3073
p 2 180 740 0 26833 2998
p 2 213 707 0 24993 3093
p 2 217 703 0 22181 3086
p 2 232 688 0 20754 3094
p 2 252 668 0 18418 3154
p 2 322 598 0 16139 3357
p 2 251 669 0 13093 3219
p 2 203 717 0 9941 3134
p 2 397 522 1 5312 2925
i 2 920 0 0 32210 4110
p 2 66 841 13 26087 1952
p 2 54 803 63 28494 1992
p 2 36 866 18 33196 2078
p 2 63 840 17 39654 2483
p 2 99 820 1 45813 2982
p 2 94 825 1 48319 3016
p 2 66 854 0 44558 2849
p 2 9 911 0 31972 2241
p 2 0 919 1 28578 2045
p 2 6 907 7 26144 1940
p 2 45 875 0 39529 2513
p 2 45 875 0 47094 2725
p 2 63 857 0 43987 2655
p 2 59 860 1 43791 2539
p 2 54 862 4 42962 2548
p 2 63 857 0 44521 2585
p 2 71 832 17 37265 2324
p 2 45 859 16 34118 2165
p 2 62 839 19 36200 2226
p 2 82 818 20 41444 2399
p 2 88 816 16 43529 2438
p 2 81 826 13 41504 2435
p 2 60 857 3 39204 2318
p 2 52 863 5 38215 2235
p 2 90 822 8 38654 2313
p 2 88 828 4 40431 2554
p 2 82 831 7 40732 2474
p 2 89 818 13 41663 2544
p 2 104 813 3 43469 2600
p 2 74 845 1 48829 2705
p 2 100 820 0 48222 2774
p 2 68 851 1 46060 2753
p 2 54 865 1 48323 2720
p 2 50 870 0 51196 2794
p 2 63 856 1 49418 2861
p 2 53 866 1 50550 2862
p 2 76 844 0 51896 2952
p 2 79 840 1 54885 2996
p 2 73 846 1 58000 2983
p 2 76 843 1 57877 3114
p 2 89 831 0 57263 3084
p 2 88 832 0 60529 3098
p 2 111 809 0 62979 3179
p 2 83 837 0 68791 3192
p 2 73 847 0 69506 3132
p 2 91 829 0 66520 3154
p 2 106 814 0 65020 3239
p 2 83 837 0 62140 3079
p 2 80 838 2 60395 2986
p 2 83 834 3 62968 3000
p 2 95 824 1 61870 2965
p 2 64 851 5 61307 2851
p 2 75 844 1 61351 2874
p 2 63 856 1 62254 2831
p 2 55 865 0 65352 2803
p 2 59 860 1 65183 2856
p 2 55 865 0 68843 2812
p 2 91 829 0 71007 3040
p 2 79 841 0 70301 2952
p 2 103 817 0 68259 3066
p 2 93 827 0 70226 3018
p 2 98 822 0 73014 3006
p 2 107 813 0 73162 3069
p 2 100 820 0 73360 3022
p 2 101 819 0 72067 2972
p 2 82 838 0 71339 2875
p 2 98 822 0 70734 2910
p 2 90 830 0 66162 2858
p 2 95 825 0 63518 2899
p 2 118 802 0 63031 3023
p 2 141 779 0 61644 3087
p 2 154 766 0 58912 3127
p 2 132 788 0 56752 3081
p 2 96 824 0 53898 2961
p 2 102 818 0 55529 3010
p 2 79 840 1 59027 2903
p 2 77 843 0 59830 2871
p 2 67 852 1 63546 2842
p 2 59 861 0 61534 2769
p 2 64 856 0 63805 2728
p 2 62 858 0 64622 2712
p 2 45 875 0 61093 2549
p 2 47 873 0 59574 2478
p 2 38 882 0 60782 2433
p 2 43 875 2 58526 2370
p 2 53 866 1 57559 2389
p 2 18 901 1 56807 2221
p 2 18 902 0 59818 2263
p 2 41 879 0 62309 2396
p 2 24 896 0 62979 2369
p 2 7 909 4 61259 2166
p 2 7 912 1 63589 2166
p 2 7 912 1 64650 2175
p 2 18 901 1 66279 2245
p 2 16 902 2 67251 2242
p 2 22 897 1 70029 2322
p 2 34 885 1 71642 2422
p 2 32 886 2 72367 2388
p 2 29 890 1 72266 2397
p 2 26 894 0 70846 2413
p 2 32 888 0 70381 2413
p 2 32 888 0 72048 2449
p 2 24 896 0 73702 2396
p 2 24 896 0 76012 2411
p 2 32 887 1 77494 2472
p 2 29 891 0 79546 2473
p 2 42 877 1 79599 2530
p 2 44 876 0 82452 2588
p 2 48 872 0 81633 2645
p 2 44 876 0 82696 2530
p 2 53 867 0 84935 2639
p 2 47 873 0 87291 2641
p 2 46 874 0 92924 2711
p 2 58 862 0 97351 2721
p 2 76 844 0 100756 2866
p 2 71 849 0 104285 2894
p 2 76 844 0 106104 2922
p 2 98 822 0 105711 3031
p 2 84 836 0 104116 2972
p 2 75 845 0 101243 2918
p 2 81 837 2 98759 2947
p 2 57 863 0 94523 2770
p 2 51 869 0 91090 2740
p 2 69 851 0 86595 2770
p 2 76 844 0 83811 2782
p 2 58 862 0 82568 2716
p 2 76 844 0 80404 2782
p 2 65 854 1 79436 2725
p 2 48 872 0 81422 2715
p 2 56 864 0 80548 2751
p 2 73 847 0 82169 2851
p 2 67 853 0 84590 2832
p 2 91 829 0 85587 2975
p 2 76 844 0 87339 2941
p 2 82 838 0 90100 3016
p 2 63 857 0 89302 2861
p 2 81 839 0 91852 2970
p 2 79 841 0 90480 2933
p 2 87 833 0 92599 3003
p 2 83 837 0 92042 2985
p 2 107 813 0 93545 3078
p 2 98 822 0 91525 3016
p 2 103 817 0 91629 3056
p 2 68 852 0 87873 2834
p 2 92 828 0 88102 2978
p 2 76 844 0 87021 2895
p 2 68 852 0 87672 2839
p 2 65 855 0 84031 2743
p 2 75 845 0 85369 2802
p 2 69 851 0 83226 2790
p 2 74 846 0 85608 2789
p 2 67 853 0 89677 2786
p 2 86 834 0 89918 2910
p 2 81 839 0 89847 2829
p 2 70 850 0 90591 2772
p 2 84 836 0 93206 2822
p 2 83 837 0 90932 2842
p 2 87 833 0 91928 2805
p 2 71 849 0 93487 2839
p 2 76 844 0 92496 2758
p 2 76 844 0 89857 2811
p 2 88 832 0 91320 2815
p 2 73 846 1 92117 2777
p 2 69 850 1 89539 2676
p 2 102 817 1 89600 2830
p 2 94 826 0 85834 2811
p 2 70 848 2 81084 2640
p 2 62 858 0 78639 2598
p 2 83 837 0 80784 2753
p 2 85 835 0 80658 2830
p 2 95 824 1 81422 2841
p 2 126 792 2 77743 2979
p 2 100 819 1 72663 2800
p 2 52 865 3 64033 2508
p 2 39 878 3 65074 2490
p 2 36 883 1 56789 2423
p 2 17 902 1 57912 2347
p 2 20 900 0 53845 2324
p 2 22 897 1 56416 2343
p 2 19 901 0 56362 2327
p 2 18 901 1 56028 2279
p 2 15 904 1 54711 2288
p 2 16 903 1 53455 2269
p 2 12 908 0 50480 2193
p 2 18 900 2 48070 2178
p 2 15 904 1 48147 2153
p 2 19 896 5 54209 2223
p 2 27 893 0 58045 2326
p 2 16 904 0 60635 2347
p 2 27 892 1 60717 2376
p 2 34 884 2 65197 2529
p 2 37 882 1 67269 2637
p 2 74 846 0 72799 2884
i 2 920 0 0 72710 5502
p 2 151 769 0 64591 3346
p 2 97 823 0 51468 2925
p 2 78 842 0 46123 2823
p 2 53 867 0 44386 2718
p 2 48 872 0 46029 2721
p 2 54 866 0 47548 2830
p 2 78 842 0 48088 2857
p 2 69 851 0 49515 2902
p 2 34 886 0 49539 2809
p 2 50 870 0 50055 2853
p 2 59 861 0 56787 2977
p 2 112 808 0 68909 3323
p 2 94 826 0 70233 3170
p 2 86 834 0 68919 3033
p 2 69 851 0 69767 2971
p 2 52 868 0 66925 2810
p 2 17 903 0 69215 2593
p 2 23 897 0 68936 2615
p 2 31 889 0 73520 2769
p 2 37 883 0 75942 2782
p 2 99 820 1 89347 3251
p 2 189 731 0 91399 3643
p 2 135 785 0 81932 3369
p 2 450 470 0 99363 4697
p 2 136 780 4 71305 3250
p 2 49 871 0 63866 2828
p 2 40 880 0 57621 2731
p 2 44 875 1 62315 2780
p 2 57 862 1 70066 2987
p 2 38 880 2 63120 2756
p 2 52 868 0 62738 2789
p 2 53 867 0 63973 2772
p 2 77 842 1 65246 2903
p 2 119 801 0 69565 3192
p 2 208 712 0 90014 3767
p 2 251 669 0 108868 4080
p 2 295 625 0 110185 4261
p 2 250 670 0 100861 3885
p 2 204 716 0 80728 3695
p 2 112 807 1 66636 3252
p 2 96 823 1 56897 3150
p 2 61 857 2 46957 2757
p 2 42 877 1 42718 2579
p 2 55 858 7 41781 2628
p 2 39 877 4 40972 2517
p 2 26 882 12 38261 2392
p 2 29 886 5 37143 2417
p 2 30 876 14 34921 2413
p 2 23 893 4 33723 2309
p 2 24 888 8 32191 2225
p 2 31 871 18 31423 2178
p 2 15 893 12 30690 2196
p 2 17 881 22 30748 2217
p 2 29 865 26 28391 2180
p 2 17 866 37 27108 2043
p 2 20 868 32 25515 2042
p 2 14 862 44 27072 2100
p 2 41 834 45 28298 2331
p 2 29 855 36 25748 2221
p 2 18 857 45 23575 2242
p 2 11 870 39 22379 2194
p 2 18 881 21 19845 2228
p 2 12 867 41 18946 2199
p 2 15 881 24 16598 2259
p 2 20 874 26 15599 2267
p 2 31 843 46 13802 2258
p 2 16 866 38 12352 2258
p 2 47 847 26 10747 2380
p 2 69 804 47 8631 2482
i 2 920 0 0 58344 4966
p 2 23 897 0 41944 2208
p 2 27 893 0 43650 2301
p 2 42 878 0 44630 2401
p 2 37 881 2 44566 2404
p 2 37 882 1 44559 2446
p 2 45 875 0 45515 2461
p 2 46 874 0 46538 2473
p 2 42 878 0 46028 2432
p 2 40 880 0 47283 2446
p 2 41 879 0 46677 2496
p 2 50 870 0 46204 2507
p 2 40 880 0 45208 2448
p 2 29 891 0 44750 2404
p 2 37 882 1 43041 2390
p 2 32 886 2 43018 2363
p 2 26 894 0 41076 2399
p 2 29 888 3 41302 2393
p 2 49 868 3 39194 2458
p 2 33 883 4 40758 2380
p 2 38 881 1 40223 2464
p 2 54 865 1 41289 2444
p 2 68 851 1 42162 2466
p 2 44 876 0 42362 2422
p 2 37 883 0 40921 2397
p 2 28 889 3 42494 2396
p 2 34 885 1 42383 2453
p 2 29 890 1 42706 2403
p 2 42 876 2 42861 2511
p 2 30 889 1 41756 2431
p 2 20 900 0 40804 2415
p 2 17 902 1 40158 2344
i 2 920 0 0 83029 5937
p 2 46 874 0 68145 2644
p 2 52 868 0 67428 2664
p 2 33 887 0 67405 2527
p 2 27 893 0 66673 2512
p 2 22 898 0 65566 2490
p 2 31 889 0 66642 2517
p 2 36 884 0 67140 2566
p 2 30 890 0 67577 2527
p 2 37 883 0 72997 2623
p 2 64 856 0 77131 2833
p 2 71 848 1 81416 2896
p 2 66 854 0 77073 2880
p 2 49 870 1 75555 2772
p 2 39 881 0 72508 2609
p 2 29 891 0 71066 2554
p 2 27 892 1 69571 2538
p 2 32 886 2 70430 2550
p 2 40 880 0 70470 2628
p 2 38 882 0 70947 2614
p 2 24 896 0 70151 2544
p 2 23 897 0 68353 2459
p 2 14 906 0 66145 2417
p 2 25 895 0 63441 2400
p 2 22 898 0 61530 2415
p 2 17 903 0 63171 2413
p 2 14 906 0 62637 2373
p 2 15 904 1 64174 2407
p 2 29 891 0 64886 2450
p 2 20 900 0 65560 2469
p 2 28 892 0 64145 2471
p 2 22 898 0 64767 2475
p 2 18 902 0 64161 2472
p 2 24 896 0 65377 2496
p 2 21 899 0 64142 2454
p 2 24 896 0 67094 2501
p 2 21 899 0 66672 2500
p 2 30 890 0 68947 2547
p 2 27 893 0 66273 2533
p 2 25 895 0 67661 2541
p 2 24 896 0 66318 2505
p 2 32 888 0 67397 2602
p 2 24 896 0 66959 2555
p 2 33 887 0 67464 2621
p 2 34 886 0 67671 2636
p 2 43 877 0 69131 2665
p 2 49 871 0 67200 2676
p 2 46 874 0 70637 2723
p 2 36 884 0 68862 2689
p 2 45 875 0 72039 2718
p 2 62 858 0 72151 2796
p 2 70 850 0 75464 2824
p 2 71 849 0 75321 2854
p 2 62 858 0 79084 2793
p 2 54 866 0 79806 2793
p 2 41 879 0 79545 2702
p 2 30 887 3 75664 2594
p 2 21 894 5 72116 2480
p 2 30 887 3 69031 2479
p 2 27 885 8 66985 2445
p 2 26 891 3 64086 2418
p 2 23 882 15 63765 2369
p 2 17 899 4 62153 2318
p 2 28 870 22 61375 2374
p 2 29 883 8 58958 2360
p 2 20 886 14 59700 2348
p 2 14 899 7 59084 2269
p 2 19 878 23 59462 2284
i 2 920 0 0 99763 6125
p 2 85 835 0 84455 2845
p 2 59 861 0 80176 2716
p 2 71 849 0 83790 2834
p 2 56 864 0 79745 2676
p 2 54 866 0 79321 2699
p 2 38 882 0 76959 2611
p 2 59 861 0 75655 2656
p 2 52 868 0 70539 2600
p 2 37 883 0 71308 2543
p 2 50 870 0 68436 2554
p 2 60 860 0 70685 2657
p 2 61 859 0 65677 2597
p 2 51 867 2 70114 2601
p 2 48 872 0 65478 2510
p 2 41 877 2 68314 2576
p 2 39 881 0 64088 2564
p 2 45 875 0 62279 2589
p 2 27 893 0 57391 2378
p 2 33 887 0 57261 2449
p 2 21 899 0 55732 2334
p 2 20 899 1 56026 2335
p 2 14 906 0 52490 2252
p 2 20 900 0 52458 2272
p 2 10 910 0 49332 2178
p 2 19 901 0 51736 2272
p 2 15 902 3 51853 2270
p 2 27 891 2 53671 2398
p 2 27 892 1 55145 2431
p 2 43 876 1 56919 2579
p 2 59 861 0 58707 2684
p 2 61 859 0 61286 2767
p 2 78 842 0 62451 2850
p 2 77 842 1 64059 2885
i 2 920 0 0 77965 5714
p 2 113 807 0 71182 2979
p 2 75 843 2 68699 2800
p 2 63 857 0 70601 2795
p 2 40 880 0 62839 2621
p 2 27 893 0 61732 2545
p 2 15 905 0 58085 2443
p 2 25 895 0 57630 2477
p 2 27 893 0 53470 2415
p 2 25 895 0 53483 2406
p 2 25 895 0 52552 2386
p 2 48 871 1 55584 2502
p 2 24 896 0 50432 2326
p 2 18 901 1 51064 2334
p 2 21 899 0 49835 2324
p 2 18 902 0 50155 2349
p 2 19 901 0 48334 2274
p 2 17 901 2 48299 2302
p 2 16 904 0 47948 2217
p 2 17 902 1 47975 2216
p 2 5 914 1 48288 2146
p 2 10 909 1 45068 2119
p 2 6 913 1 45536 2134
p 2 4 915 1 46119 2119
p 2 13 907 0 49027 2203
p 2 12 904 4 50275 2183
p 2 8 912 0 49004 2191
p 2 11 907 2 50731 2180
p 2 13 907 0 51874 2222
p 2 29 891 0 52437 2299
p 2 25 895 0 53398 2295
p 2 22 898 0 55905 2337
p 2 23 897 0 54438 2328
p 2 22 898 0 55743 2361
p 2 23 897 0 56271 2385
p 2 25 895 0 58619 2400
p 2 37 883 0 60564 2512
p 2 48 872 0 58265 2574
i 2 920 0 0 76857 5694
p 2 6 913 1 48101 2074
p 2 11 907 2 49589 2158
p 2 17 902 1 50067 2214
p 2 16 904 0 49307 2233
p 2 13 907 0 49956 2194
p 2 11 909 0 50478 2162
p 2 14 906 0 51976 2177
p 2 4 916 0 50667 2144
p 2 6 914 0 53981 2184
p 2 8 912 0 54311 2201
p 2 8 912 0 54812 2201
p 2 18 902 0 55114 2305
p 2 6 913 1 56186 2227
p 2 8 912 0 56457 2231
p 2 10 910 0 56407 2199
p 2 13 907 0 55704 2227
p 2 13 904 3 55359 2240
p 2 13 907 0 55265 2274
p 2 15 905 0 56543 2284
p 2 18 902 0 57495 2287
p 2 13 907 0 59010 2286
p 2 11 909 0 59529 2293
p 2 14 906 0 61138 2306
p 2 18 902 0 61388 2338
p 2 22 898 0 64495 2384
p 2 21 899 0 63845 2427
p 2 19 901 0 67008 2416
p 2 29 891 0 69388 2509
p 2 38 882 0 73200 2576
p 2 40 880 0 76438 2654
p 2 31 889 0 79525 2604
p 2 27 893 0 81283 2614
p 2 25 895 0 83121 2621
p 2 28 892 0 84031 2669
p 2 37 883 0 86613 2737
p 2 58 862 0 87363 2839
p 2 76 844 0 89175 2927
p 2 66 854 0 88269 2935
p 2 81 839 0 89435 2987
p 2 69 851 0 88546 2947
p 2 100 820 0 88772 3060
p 2 66 854 0 87495 2903
p 2 72 848 0 87363 2987
p 2 69 851 0 86248 2951
p 2 81 839 0 83025 2931
p 2 60 860 0 79659 2860
p 2 48 872 0 74900 2784
p 2 53 867 0 72744 2815
p 2 59 861 0 75245 2810
p 2 46 874 0 75281 2782
p 2 45 875 0 75833 2790
p 2 50 870 0 73249 2719
p 2 46 874 0 71821 2671
p 2 31 889 0 70576 2580
p 2 44 876 0 71299 2644
p 2 59 861 0 75728 2790
p 2 95 825 0 83917 3077
p 2 122 798 0 89927 3211
p 2 156 764 0 90896 3438
p 2 147 773 0 93789 3392
p 2 180 740 0 96848 3477
p 2 184 736 0 99660 3570
p 2 123 797 0 97417 3370
p 2 150 770 0 97467 3456
p 2 131 789 0 92194 3326
p 2 131 789 0 86611 3334
p 2 133 787 0 80924 3286
p 2 113 807 0 77238 3195
p 2 110 810 0 68905 3163
p 2 84 836 0 66729 3037
p 2 195 725 0 64355 3304
p 2 255 665 0 66162 3551
p 2 241 679 0 69242 3615
p 2 191 729 0 69283 3539
p 2 160 760 0 66872 3382
p 2 120 800 0 66002 3168
p 2 67 853 0 64531 2872
p 2 60 860 0 65310 2806
p 2 64 856 0 69110 2854
i 2 920 0 0 58239 4570
p 2 104 816 0 68527 3064
p 2 80 839 1 70424 2966
p 2 94 825 1 72291 3115
p 2 95 825 0 71215 3005
p 2 75 845 0 68732 3011
p 2 72 848 0 68932 2923
p 2 81 838 1 71084 2984
p 2 66 851 3 70861 2879
p 2 73 844 3 70479 2865
p 2 62 857 1 71673 2875
p 2 54 865 1 71740 2861
p 2 54 865 1 71401 2802
p 2 62 856 2 72849 2881
p 2 57 862 1 77576 2913
p 2 69 847 4 78801 2899
p 2 64 854 2 80891 2864
p 2 65 855 0 81061 2936
p 2 58 862 0 83886 2873
p 2 83 837 0 87742 3011
p 2 71 847 2 91324 2939
p 2 70 850 0 94340 2990
p 2 70 850 0 100400 2988
p 2 88 830 2 102365 3096
p 2 93 826 1 110143 3050
p 2 83 836 1 115945 3107
p 2 105 815 0 119318 3095
p 2 124 794 2 120941 3258
p 2 138 780 2 123320 3194
p 2 135 784 1 126317 3328
p 2 156 764 0 132819 3326
p 2 160 760 0 135767 3511
p 2 184 736 0 135387 3500
p 2 204 716 0 135395 3675
p 2 190 730 0 136702 3513
p 2 214 706 0 138925 3631
p 2 242 678 0 139450 3605
p 2 316 604 0 127514 3851
p 2 249 670 1 116041 3566
p 2 247 672 1 103381 3423
p 2 188 727 5 90285 3227
p 2 162 757 1 79619 3088
p 2 109 810 1 71034 2813
p 2 105 800 15 62604 2738
p 2 122 797 1 48786 2714
p 2 86 827 7 38006 2539
p 2 63 842 15 30546 2327
p 2 38 862 20 25999 2169
p 2 286 634 0 20754 3368
p 2 0 822 98 2179 1325
p 2 0 844 76 2205 1209
p 2 0 722 198 1988 1038
p 2 205 715 0 15424 2665
p 2 137 783 0 22200 2732
p 2 96 824 0 26864 2718
p 2 90 830 0 28559 2666
p 2 70 850 0 30982 2604
p 2 62 858 0 29964 2546
p 2 66 854 0 31549 2566
p 2 73 847 0 29859 2488
p 2 87 833 0 32121 2536
p 2 0 857 63 9225 1476
p 2 0 810 110 8429 1293
p 2 0 724 196 8193 1191
p 2 0 765 155 8357 1236
p 2 0 776 144 8879 1252
p 2 0 781 139 8631 1271
p 2 0 705 215 8336 1161
p 2 0 753 167 8326 1233
p 2 0 758 162 8668 1233
p 2 0 747 173 7903 1205
p 2 0 680 240 7831 1130
p 2 0 710 210 7611 1161
p 2 0 728 192 8070 1182
p 2 0 670 250 7512 1132
p 2 0 681 239 7961 1149
p 2 0 682 238 8121 1148
p 2 0 644 276 8134 1106
p 2 0 663 257 8171 1132
p 2 0 679 241 8291 1144
p 2 0 688 232 8537 1165
p 2 0 655 265 8410 1107
p 2 0 649 271 8388 1121
p 2 0 650 270 8142 1113
p 2 0 688 232 8708 1168
p 2 10 910 0 15721 1805
p 2 20 899 1 17295 1863
p 2 24 896 0 17559 1915
p 2 23 897 0 18121 1866
p 2 22 898 0 18416 1918
p 2 19 901 0 18517 1841
p 2 17 903 0 18980 1856
p 2 31 888 1 19367 1870
p 2 26 894 0 21084 1901
p 2 23 897 0 21452 1834
p 2 29 891 0 23151 1908
p 2 36 884 0 23869 1880
p 2 0 835 85 8086 1292
p 2 0 639 281 6706 986
p 2 0 674 246 8771 1084
p 2 0 706 214 9907 1140
p 2 0 664 256 9536 1068
p 2 0 555 365 10117 973
p 2 0 585 335 10062 982
p 2 0 632 288 11609 1067
p 2 0 598 322 12138 1002
p 2 5 503 412 12021 942
p 2 15 465 440 13084 981
p 2 27 504 389 12551 1126
p 2 0 412 508 1562 634
p 2 0 325 595 1102 524
p 2 0 149 771 504 334
p 2 0 205 715 670 395
p 2 0 192 728 645 378
p 2 0 141 779 502 327
p 2 0 71 849 347 262
p 2 0 85 835 384 272
p 2 0 68 852 344 258
p 2 0 48 872 289 238
p 2 0 32 888 251 226
i 2 920 0 0 96132 5495
p 2 12 482 426 12479 1093
p 2 5 473 442 13238 1073
p 2 8 525 387 14060 1140
p 2 10 503 407 14656 1142
p 2 17 508 395 16351 1211
p 2 16 541 363 18750 1292
p 2 27 472 421 16839 1250
p 2 11 520 389 16189 1259
p 2 11 559 350 16753 1339
p 2 18 535 367 16205 1335
p 2 17 487 416 16300 1249
p 2 18 533 369 17446 1312
p 2 20 531 369 17510 1336
p 2 20 517 383 18370 1347
p 2 44 481 395 19124 1401
p 2 32 499 389 18582 1381
p 2 17 524 379 15933 1290
p 2 18 520 382 15914 1303
p 2 27 468 425 15037 1253
p 2 15 504 401 17788 1253
p 2 22 504 394 18269 1256
p 2 20 519 381 18757 1303
p 2 26 506 388 17570 1301
p 2 16 518 386 16435 1287
p 2 8 507 405 14182 1207
p 2 18 512 390 16242 1288
p 2 19 525 376 16686 1284
p 2 22 514 384 17986 1304
p 2 20 482 418 14318 1157
p 2 19 498 403 17604 1238
p 2 31 501 388 17969 1291
p 2 11 522 387 17629 1251
p 2 14 518 388 15528 1228
p 2 23 500 397 14616 1279
p 2 7 475 438 13168 1129
p 2 13 502 405 14833 1216
p 2 23 502 395 14420 1227
p 2 19 511 390 15543 1244
p 2 25 446 449 14681 1162
p 2 23 474 423 13948 1204
p 2 6 509 405 12906 1117
p 2 10 517 393 14372 1167
p 2 4 529 387 12275 1113
p 2 7 511 402 12619 1139
p 2 2 498 420 11992 1057
p 2 8 509 403 13170 1133
p 2 4 528 388 13036 1153
p 2 3 515 402 14571 1162
p 2 7 487 426 12753 1101
p 2 4 514 402 14575 1124
p 2 2 531 387 15340 1151
p 2 8 517 395 15532 1168
p 2 4 490 426 14000 1084
p 2 13 497 410 14514 1170
p 2 6 510 404 12314 1074
p 2 7 515 398 13195 1105
p 2 3 489 428 12144 1025
p 2 1 500 419 11391 1034
p 2 1 506 413 9332 977
p 2 2 511 407 11694 1025
p 2 2 454 464 11006 950
p 2 2 475 443 12307 1018
p 2 2 493 425 12607 1038
p 2 4 488 428 12008 1074
p 2 0 466 454 10417 959
p 2 2 483 435 11769 1035
p 2 3 489 428 12000 1032
p 2 2 513 405 14204 1107
p 2 1 483 436 11978 1018
p 2 1 507 412 14345 1109
p 2 7 508 405 12702 1089
p 2 3 520 397 12220 1123
p 2 5 501 414 11999 1091
p 2 9 496 415 11105 1123
p 2 2 502 416 10955 1073
p 2 5 515 400 11130 1123
p 2 4 472 444 10619 1047
p 2 3 501 416 11310 1073
p 2 4 492 424 9535 1059
p 2 1 499 420 10331 1031
p 2 9 459 452 10988 1033
p 2 4 490 426 11072 1063
p 2 4 494 422 10733 1082
p 2 4 502 414 11925 1119
p 2 0 483 437 11462 1035
p 2 7 496 417 12092 1123
p 2 8 507 405 12686 1125
p 2 3 502 415 11526 1091
p 2 3 471 446 10086 1029
p 2 5 493 422 12044 1080
p 2 2 501 417 11993 1101
p 2 8 499 413 12122 1135
p 2 5 475 440 11791 1084
p 2 5 497 418 12042 1113
p 2 5 490 425 11016 1055
p 2 7 514 399 12484 1120
p 2 3 494 423 11224 1064
p 2 1 510 409 11361 1069
p 2 1 521 398 11044 1061
p 2 1 518 401 11773 1071
p 2 3 512 405 12312 1090
p 2 2 523 395 12804 1136
p 2 2 526 392 11635 1140
p 2 6 518 396 10767 1179
p 2 6 479 435 9571 1072
p 2 2 511 407 10783 1121
p 2 1 528 391 11077 1136
p 2 2 518 400 12265 1149
p 2 2 517 401 12719 1111
p 2 4 509 407 13662 1097
p 2 10 494 416 14033 1127
p 2 2 526 392 15556 1148
p 2 1 518 401 14296 1114
p 2 6 526 388 14912 1184
p 2 4 471 445 11382 1003
p 2 7 524 389 12046 1138
p 2 0 511 409 11604 1067
p 2 2 524 394 11373 1126
p 2 1 483 436 9559 991
p 2 5 512 403 11946 1096
p 2 11 516 393 12457 1141
p 2 5 501 414 13651 1129
p 2 7 470 443 14083 1096
p 2 5 496 419 14763 1102
p 2 1 491 428 13482 1040
p 2 8 497 415 16061 1144
p 2 6 472 442 13917 1078
p 2 2 500 418 12733 1125
p 2 4 513 403 11968 1130
p 2 5 510 405 14225 1163
p 2 6 465 449 14145 1090
p 2 3 505 412 15073 1172
p 2 10 511 399 13376 1177
p 2 6 523 391 13424 1191
p 2 1 471 448 10940 1015
p 2 7 495 418 11972 1118
p 2 1 507 412 11737 1089
p 2 2 514 404 10589 1106
p 2 3 470 447 9357 978
p 2 3 498 419 11527 1061
p 2 2 504 414 11479 1066
p 2 3 516 401 12383 1128
p 2 4 475 441 11899 1036
p 2 3 494 423 12148 1108
p 2 0 496 424 11019 1038
p 2 5 513 402 11511 1130
p 2 2 501 417 11980 1061
p 2 2 496 422 11869 1086
p 2 2 471 447 10221 967
p 2 2 506 412 12811 1096
p 2 10 489 421 10629 1100
p 2 3 515 402 11330 1148
p 2 10 489 421 11659 1164
p 2 4 498 418 10694 1139
p 2 4 477 439 10902 1063
p 2 8 501 411 11551 1129
p 2 1 519 400 11293 1112
p 2 1 494 425 10768 1068
p 2 3 474 443 11312 1068
p 2 5 497 418 12429 1136
p 2 3 497 420 12744 1142
p 2 6 487 427 13321 1172
p 2 8 476 436 13260 1176
p 2 1 498 421 13353 1155
p 2 12 504 404 14143 1230
p 2 7 508 405 12719 1209
p 2 4 483 433 11799 1163
p 2 1 512 407 13213 1172
p 2 5 512 403 13785 1163
p 2 9 509 402 15570 1235
p 2 9 483 428 15325 1185
p 2 5 499 416 15018 1184
p 2 9 502 409 13640 1176
p 2 4 509 407 12775 1118
p 2 2 496 422 13158 1086
p 2 1 501 418 13402 1106
p 2 0 490 430 12305 1059
p 2 0 496 424 11371 1037
p 2 4 454 462 11031 1005
p 2 7 479 434 10763 1090
p 2 1 480 439 12704 1080
p 2 2 491 427 14058 1157
p 2 2 479 439 13241 1120
p 2 8 480 432 14574 1142
p 2 7 484 429 12920 1121
i 2 920 0 0 63269 4642
p 2 0 236 684 603 440
p 2 0 184 736 500 380
p 2 0 121 799 426 320
p 2 0 133 787 427 333
p 2 0 100 820 377 294
p 2 3 88 829 2419 316
p 2 13 96 811 9373 433
p 2 34 167 719 17808 669
p 2 42 167 711 24193 751
p 2 41 174 705 26324 795
p 2 34 214 672 25072 824
p 2 23 274 623 30393 821
p 2 16 334 570 29042 856
p 2 15 342 563 26166 893
p 2 15 370 535 28554 939
p 2 10 414 496 32644 945
p 2 8 472 440 21155 974
p 2 4 490 426 38508 1057
p 2 8 533 379 35333 1112
p 2 8 543 369 41887 1134
p 2 12 557 351 29124 1134
p 2 1 582 337 42261 1112
p 2 7 597 316 35225 1139
p 2 5 620 295 27859 1144
p 2 3 567 350 42918 1096
p 2 0 642 278 44507 1136
p 2 2 600 318 43816 1108
p 2 0 559 361 28432 985
p 2 0 526 394 32618 934
p 2 0 479 441 3686 753
p 2 0 371 549 1394 583
p 2 0 401 519 1722 619
p 2 0 194 726 1847 391
p 2 0 287 633 1188 486
p 2 0 334 586 1264 527
p 2 0 291 629 2204 495
p 2 0 124 796 494 313
p 2 0 226 694 800 417
p 2 0 286 634 1947 483
p 2 0 248 672 916 441
p 2 0 107 813 425 297
p 2 0 167 753 1793 360
p 2 0 236 684 818 429
p 2 0 152 768 607 343
p 2 0 103 817 1529 300
p 2 0 39 881 287 233
p 2 0 80 840 390 272
p 2 0 186 734 1789 381
p 2 0 188 732 686 377
p 2 0 81 839 381 273
p 2 1 85 834 1529 287
p 2 0 105 815 474 298
p 2 0 169 751 657 359
p 2 0 111 809 1619 305
p 2 0 66 854 340 258
p 2 0 54 866 329 246
p 2 1 109 810 1583 314
p 2 0 84 836 389 275
p 2 0 34 886 260 227
p 2 0 50 870 1429 248
p 2 0 59 861 341 251
p 2 0 101 819 418 289
p 2 0 107 813 1592 301
p 2 0 56 864 344 246
p 2 0 64 856 336 257
p 2 0 67 853 1444 264
p 2 0 100 820 441 287
p 2 0 91 829 380 279
p 2 0 34 886 276 227
p 2 0 49 871 302 242
p 2 0 100 820 1515 294
p 2 0 87 833 420 279
p 2 0 54 866 1214 251
p 2 0 51 869 334 243
p 2 0 100 820 432 292
p 2 0 75 845 354 263
p 2 0 47 873 290 240
p 2 0 52 868 1495 249
p 2 0 81 839 381 268
p 2 0 60 860 322 250
p 2 1 44 875 1419 246
p 2 0 38 882 288 231
p 2 0 62 858 344 253
p 2 0 51 869 1119 246
p 2 0 48 872 309 243
p 2 0 35 885 262 229
p 2 0 78 842 1512 275
p 2 0 55 865 320 248
p 2 0 30 890 258 224
p 2 0 37 883 1349 233
p 2 0 75 845 365 267
p 2 0 49 871 298 239
p 2 0 39 881 1388 235
p 2 0 35 885 279 229
p 2 0 71 849 336 259
p 2 1 70 849 1501 269
p 2 0 45 875 292 237
p 2 0 31 889 259 225
p 2 0 90 830 1531 284
p 2 0 43 877 298 236
p 2 0 30 890 261 222
p 2 0 42 878 1377 241
p 2 0 63 857 331 252
p 2 0 34 886 285 226
p 2 0 39 881 1371 237
p 2 0 41 879 286 233
p 2 0 60 860 322 251
p 2 1 44 875 1433 245
p 2 0 29 891 274 223
p 2 0 29 891 267 222
p 2 0 73 847 1498 271
p 2 0 53 867 328 247
p 2 0 22 898 250 216
p 2 0 34 886 1365 232
p 2 0 55 865 333 246
p 2 0 35 885 271 227
p 2 0 27 893 1339 227
p 2 0 23 897 256 219
p 2 0 45 875 298 235
p 2 0 68 852 1438 266
p 2 0 52 868 326 244
p 2 0 43 877 301 234
p 2 0 80 840 1288 277
p 2 0 40 880 300 233
p 2 0 19 901 238 214
p 2 0 39 881 1061 234
p 2 0 66 854 355 256
p 2 0 40 880 277 235
p 2 0 40 880 1433 236
p 2 0 27 893 259 220
p 2 0 55 865 315 247
p 2 0 63 857 1402 257
p 2 0 31 889 270 226
p 2 0 22 898 237 215
p 2 0 57 863 1421 254
p 2 0 40 880 294 233
p 2 0 23 897 246 216
p 2 1 34 885 1417 236
p 2 0 60 860 342 254
p 2 0 30 890 260 224
p 2 0 35 885 1416 236
p 2 0 27 893 259 221
p 2 0 44 876 295 238
p 2 0 49 871 1402 244
p 2 0 32 888 263 225
p 2 0 28 892 258 223
p 2 0 61 859 1405 252
p 2 0 33 887 269 224
p 2 0 25 895 246 218
p 2 1 32 887 1424 237
p 2 0 40 880 302 233
p 2 0 38 882 268 229
p 2 0 35 885 1438 233
p 2 0 38 882 266 231
p 2 0 44 876 287 236
p 2 0 48 872 1379 243
p 2 0 22 898 249 216
p 2 0 26 894 252 219
p 2 0 47 873 1393 243
p 2 0 27 893 262 219
p 2 0 20 900 230 212
p 2 0 26 894 1321 221
p 2 0 41 879 312 237
p 2 0 41 879 282 234
p 2 0 33 887 1169 232
p 2 0 29 891 270 224
p 2 0 46 874 279 238
p 2 0 39 881 1046 238
p 2 0 26 894 263 221
p 2 0 17 903 232 211
p 2 0 38 882 1439 235
p 2 36 469 415 42243 1188
p 2 73 462 385 56172 1621
p 2 69 469 382 50344 1610
p 2 63 422 435 41643 1491
p 2 49 397 474 29437 1249
p 2 41 305 574 18359 950
p 2 21 195 704 4701 590
p 2 0 163 757 665 365
p 2 0 163 757 563 357
p 2 0 98 822 405 289
p 2 0 42 878 288 239
p 2 0 52 868 291 243
p 2 0 41 879 261 234
i 2 920 0 0 97078 5763
p 2 1 918 1 45581 1930
p 2 5 915 0 47853 1984
p 2 16 904 0 57975 2138
p 2 3 917 0 52368 2038
p 2 16 904 0 51341 2067
p 2 16 904 0 57175 2207
p 2 7 913 0 50998 2081
p 2 12 908 0 53450 2080
p 2 28 892 0 59191 2282
p 2 12 907 1 51676 2075
p 2 5 915 0 49636 2057
p 2 27 893 0 56513 2241
p 2 6 914 0 48855 2031
p 2 6 914 0 49967 2071
p 2 29 891 0 55023 2218
p 2 18 902 0 47645 2125
p 2 7 913 0 46100 2032
p 2 23 897 0 53413 2230
p 2 6 914 0 44888 2008
p 2 14 906 0 44709 2028
p 2 28 892 0 52684 2195
p 2 6 913 1 46653 2010
p 2 5 914 1 47332 2038
p 2 18 902 0 55079 2201
p 2 6 914 0 46767 2049
p 2 19 901 0 45344 2093
p 2 26 894 0 52159 2202
p 2 7 913 0 43918 1991
p 2 7 913 0 44279 1984
p 2 26 894 0 50642 2180
p 2 12 907 1 43170 2000
p 2 8 912 0 44159 2002
p 2 20 900 0 52259 2139
p 2 4 916 0 44670 2005
p 2 4 916 0 45469 1996
p 2 18 902 0 50970 2198
p 2 3 917 0 44072 1978
p 2 2 918 0 44288 1981
p 2 18 901 1 51944 2120
p 2 0 920 0 44869 1966
p 2 3 917 0 44633 1958
p 2 15 905 0 52435 2104
p 2 4 916 0 46036 1963
p 2 2 918 0 46978 1919
p 2 16 903 1 54151 2096
p 2 5 915 0 47913 1952
p 2 5 914 1 47001 1892
p 2 28 892 0 53098 2102
p 2 7 913 0 46489 1925
p 2 15 904 1 46758 1979
p 2 31 889 0 52879 2154
p 2 7 913 0 46306 1980
p 2 14 906 0 48092 2039
p 2 29 890 1 54942 2254
p 2 10 910 0 47253 2042
p 2 19 900 1 47607 2082
p 2 28 892 0 52184 2221
p 2 14 906 0 47373 2119
p 2 27 893 0 46638 2173
p 2 24 896 0 51290 2236
p 2 14 906 0 43464 2107
p 2 5 915 0 44724 2097
p 2 34 886 0 51699 2309
p 2 8 912 0 44193 2124
p 2 19 901 0 46529 2145
p 2 26 894 0 50664 2269
p 2 12 908 0 43824 2067
p 2 10 910 0 44221 2052
p 2 41 879 0 51828 2304
p 2 11 909 0 44602 2091
i 2 920 0 0 55248 4700
p 2 0 886 34 17149 1629
p 2 0 899 21 16891 1585
p 2 4 897 19 15150 1574
p 2 0 900 20 10601 1478
p 2 0 900 20 9074 1427
p 2 0 907 13 7339 1471
p 2 0 900 20 6542 1432
p 2 0 903 17 7463 1470
p 2 1 901 18 8949 1511
p 2 0 902 18 9436 1499
p 2 0 908 12 10006 1533
p 2 4 905 11 10841 1554
p 2 0 906 14 10838 1523
p 2 0 898 22 11604 1545
p 2 0 903 17 10851 1474
p 2 0 898 22 10731 1471
p 2 0 885 35 10651 1463
p 2 0 896 24 10419 1513
p 2 0 899 21 9986 1436
p 2 0 908 12 10491 1473
p 2 0 905 15 10423 1467
p 2 0 913 7 9203 1483
p 2 0 908 12 8909 1465
p 2 0 909 11 9383 1553
p 2 0 904 16 8402 1463
p 2 0 905 15 8069 1495
p 2 0 903 17 6830 1435
p 2 0 905 15 6534 1437
p 2 0 900 20 6916 1380
p 2 0 907 13 8092 1447
p 2 0 908 12 9300 1449
p 2 0 908 12 11207 1494
p 2 0 903 17 11592 1474
p 2 0 900 20 13707 1519
p 2 0 907 13 13601 1523
p 2 1 902 17 15519 1583
p 2 2 893 25 15634 1576
p 2 2 895 23 17538 1622
p 2 0 901 19 16760 1641
p 2 0 902 18 18970 1706
p 2 0 893 27 18807 1707
p 2 0 898 22 19305 1743
p 2 0 901 19 19269 1762
p 2 0 897 23 19995 1783
p 2 0 890 30 17358 1634
p 2 0 876 44 18251 1621
p 2 0 869 51 17172 1622
p 2 0 883 37 18127 1608
p 2 0 882 38 18082 1624
p 2 0 892 28 17528 1630
p 2 0 886 34 18656 1625
p 2 0 887 33 17154 1596
p 2 0 878 42 17631 1600
p 2 0 885 35 15270 1535
p 2 0 883 37 16065 1518
p 2 0 880 40 12934 1482
p 2 0 878 42 12355 1443
p 2 0 868 52 9403 1443
p 2 0 872 48 8435 1420
p 2 0 873 47 9742 1459
p 2 0 878 42 14730 1522
p 2 0 882 38 16235 1548
p 2 0 878 42 17501 1594
p 2 0 879 41 17624 1589
p 2 0 871 49 18286 1631
p 2 0 872 48 18093 1622
p 2 0 863 57 17869 1578
p 2 0 856 64 17618 1543
p 2 71 785 64 38767 2427
p 2 0 820 100 9358 1292
p 2 0 722 198 5032 1073
p 2 23 790 107 31423 1910
p 2 0 563 357 2137 853
p 2 0 349 571 1145 588
p 2 6 790 124 30597 1830
p 2 0 620 300 2473 940
p 2 0 437 483 1495 694
p 2 0 296 624 967 519
p 2 0 326 594 1084 564
p 2 0 331 589 1123 571
p 2 0 327 593 1086 553
p 2 0 306 614 1035 541
p 2 0 203 717 732 419
p 2 0 240 680 919 471
p 2 0 321 599 1419 602
p 2 0 283 637 1459 557
p 2 0 355 565 2015 693
p 2 0 278 642 1472 555
i 2 920 0 0 36187 4150
p 2 4 867 49 10426 1429
p 2 3 884 33 11125 1399
p 2 2 888 30 10967 1417
p 2 1 901 18 11247 1405
p 2 2 887 31 11189 1412
p 2 2 892 26 11287 1417
p 2 2 880 38 11700 1412
p 2 1 895 24 11380 1420
p 2 2 893 25 11990 1441
p 2 2 898 20 11655 1432
p 2 1 899 20 12109 1472
p 2 0 906 14 11806 1444
p 2 0 905 15 11906 1424
p 2 0 910 10 12142 1440
p 2 0 895 25 12035 1411
p 2 0 894 26 12358 1397
p 2 0 901 19 11952 1407
p 2 0 906 14 14153 1455
p 2 0 902 18 12551 1411
p 2 0 903 17 12362 1407
p 2 0 890 30 14386 1432
p 2 0 899 21 12386 1413
p 2 0 900 20 12348 1402
p 2 0 889 31 13873 1441
p 2 0 892 28 12498 1435
p 2 0 899 21 12340 1412
p 2 1 897 22 14246 1446
p 2 0 902 18 12482 1416
p 2 0 902 18 12359 1409
p 2 0 909 11 14278 1463
p 2 0 906 14 12432 1430
p 2 0 903 17 12947 1438
p 2 0 899 21 13740 1451
p 2 0 904 16 12751 1447
p 2 0 902 18 12558 1419
p 2 0 893 27 14160 1411
p 2 0 898 22 12904 1404
p 2 0 893 27 12725 1423
p 2 0 888 32 14372 1426
p 2 0 893 27 13571 1436
p 2 0 898 22 13895 1438
p 2 0 892 28 15224 1464
p 2 0 895 25 13802 1457
p 2 0 892 28 14218 1479
p 2 0 885 35 14710 1418
p 2 0 889 31 13691 1443
p 2 0 888 32 13442 1421
p 2 0 886 34 15199 1418
p 2 0 886 34 13546 1420
p 2 0 892 28 13992 1440
p 2 0 875 45 14627 1453
p 2 0 892 28 13700 1457
p 2 0 882 38 13908 1444
p 2 0 888 32 15049 1475
p 2 0 887 33 14224 1468
p 2 0 894 26 13929 1466
p 2 0 886 34 15429 1467
p 2 0 897 23 14357 1498
p 2 0 887 33 14363 1467
p 2 0 896 24 15948 1481
p 2 0 886 34 14264 1445
p 2 0 898 22 14764 1470
p 2 0 894 26 15803 1462
p 2 0 896 24 15122 1481
p 2 0 892 28 14590 1469
p 2 0 897 23 15913 1481
p 2 0 896 24 14374 1430
p 2 0 906 14 14408 1440
p 2 0 894 26 15363 1434
p 2 0 899 21 14154 1443
p 2 0 906 14 14368 1435
p 2 0 900 20 15773 1454
p 2 0 892 28 14721 1412
p 2 0 898 22 14803 1439
p 2 0 892 28 15777 1433
p 2 0 888 32 15351 1443
p 2 0 883 37 14441 1399
p 2 0 880 40 16539 1447
p 2 0 879 41 14990 1433
p 2 0 885 35 15267 1434
p 2 0 883 37 15964 1448
p 2 0 882 38 15595 1448
p 2 0 885 35 14998 1415
p 2 0 888 32 17110 1465
p 2 0 883 37 15866 1451
p 2 0 888 32 15720 1446
p 2 0 882 38 17669 1480
p 2 0 892 28 15932 1463
p 2 0 894 26 16255 1449
p 2 0 896 24 17547 1491
p 2 0 899 21 16460 1499
p 2 0 894 26 16525 1481
p 2 0 900 20 17737 1477
p 2 0 905 15 16291 1461
p 2 0 893 27 16081 1447
p 2 0 903 17 16659 1474
p 2 0 904 16 16388 1480
p 2 0 898 22 16400 1476
p 2 0 899 21 16186 1452
p 2 0 899 21 16139 1458
p 2 0 884 36 16478 1460
p 2 0 896 24 16311 1455
p 2 0 896 24 16484 1464
p 2 0 894 26 16536 1462
p 2 0 894 26 17078 1473
p 2 0 893 27 16890 1480
i 2 920 0 0 40723 4144
p 2 3 917 0 8486 1410
p 2 8 912 0 9703 1414
p 2 3 917 0 9782 1361
p 2 3 917 0 9908 1390
p 2 6 914 0 9889 1352
p 2 6 914 0 10352 1373
p 2 1 919 0 10044 1352
p 2 6 914 0 10621 1397
p 2 8 912 0 10292 1391
p 2 6 914 0 10511 1391
p 2 6 914 0 10438 1379
p 2 9 911 0 10978 1403
p 2 16 904 0 11817 1445
p 2 19 901 0 12777 1472
p 2 8 912 0 12561 1397
p 2 11 909 0 13874 1448
p 2 8 912 0 14283 1428
p 2 7 913 0 14956 1439
p 2 10 910 0 15154 1451
p 2 13 907 0 15509 1492
p 2 15 905 0 15417 1482
p 2 15 904 1 16031 1479
p 2 9 911 0 16516 1451
p 2 10 910 0 17175 1471
p 2 6 914 0 17916 1458
p 2 4 916 0 17661 1443
p 2 14 906 0 17920 1497
p 2 5 915 0 17827 1435
p 2 10 910 0 17701 1493
p 2 6 914 0 18465 1470
p 2 1 919 0 19080 1425
p 2 12 908 0 19912 1501
p 2 4 916 0 18937 1441
p 2 18 902 0 19765 1503
p 2 11 909 0 19281 1477
p 2 2 918 0 20211 1455
p 2 13 907 0 19929 1499
p 2 13 907 0 21646 1519
p 2 9 911 0 21429 1495
p 2 15 905 0 21795 1513
p 2 12 908 0 21027 1510
p 2 8 912 0 21257 1515
p 2 3 917 0 21292 1454
p 2 3 916 1 20690 1442
p 2 6 914 0 21191 1475
p 2 7 913 0 22344 1496
p 2 13 907 0 22657 1510
p 2 10 910 0 23106 1493
p 2 15 905 0 22317 1542
p 2 18 902 0 24378 1552
p 2 20 900 0 23749 1583
p 2 18 902 0 23844 1553
p 2 26 894 0 23299 1579
p 2 16 904 0 23452 1554
p 2 6 914 0 23071 1535
p 2 5 915 0 22706 1555
p 2 9 911 0 23748 1552
p 2 12 908 0 23031 1574
p 2 1 919 0 22560 1537
p 2 1 919 0 21745 1513
p 2 0 920 0 21721 1523
p 2 0 920 0 21924 1505
p 2 0 920 0 22577 1506
p 2 0 920 0 21087 1512
p 2 0 920 0 21261 1506
p 2 1 919 0 22176 1525
p 2 4 916 0 21670 1528
p 2 1 919 0 21306 1516
p 2 2 918 0 20978 1507
p 2 1 919 0 22280 1517
i 2 920 0 0 60019 4528
p 2 0 631 289 19585 1037
p 2 0 663 257 22279 1076
p 2 2 535 383 24396 1067
p 2 0 531 389 20873 963
p 2 0 461 459 22089 907
p 2 0 518 402 24126 1059
p 2 0 485 435 21699 933
p 2 0 462 458 22314 909
p 2 12 452 456 31388 1109
p 2 0 469 451 21840 933
p 2 0 483 437 23332 942
p 2 5 487 428 30709 1113
p 2 0 480 440 22400 948
p 2 0 481 439 23609 961
p 2 6 469 445 29983 1070
p 2 0 487 433 23549 950
p 2 0 466 454 25790 946
p 2 6 485 429 34477 1163
p 2 0 357 563 1568 575
p 2 0 167 753 620 356
p 2 11 435 474 33129 1123
p 2 0 321 599 1457 543
p 2 0 185 735 672 370
p 2 2 473 445 34579 1124
p 2 0 333 587 1533 556
p 2 0 183 737 630 364
p 2 2 442 476 35046 1078
p 2 0 374 546 1749 600
p 2 0 146 774 578 335
p 2 0 148 772 855 330
p 2 0 103 817 481 291
p 2 0 133 787 571 320
p 2 0 64 856 672 257
p 2 0 74 846 389 261
p 2 0 72 848 396 261
p 2 1 89 830 722 285
p 2 0 32 888 276 223
p 2 0 39 881 297 229
p 2 0 47 873 702 240
p 2 0 51 869 332 241
p 2 0 24 896 248 214
p 2 0 40 880 632 235
p 2 0 16 904 242 210
p 2 0 11 909 221 206
p 2 0 10 910 529 209
p 2 0 20 900 252 215
p 2 0 15 905 241 209
p 2 0 39 881 310 232
p 2 0 20 900 243 216
p 2 0 23 897 587 221
p 2 0 26 894 259 219
p 2 1 25 894 524 226
p 2 0 14 906 229 208
p 2 0 17 903 241 210
p 2 0 13 907 218 205
p 2 0 16 904 237 211
p 2 0 3 917 207 200
p 2 0 10 910 220 205
p 2 0 7 913 213 203
p 2 0 196 724 9754 492
p 2 0 119 801 648 319
p 2 0 45 875 287 234
p 2 0 173 747 8487 454
p 2 0 153 767 723 345
p 2 0 84 836 381 267
p 2 0 177 743 7945 442
p 2 0 119 801 628 311
p 2 0 42 878 321 236
p 2 0 152 768 7230 417
p 2 0 104 816 611 297
p 2 0 42 878 309 233
p 2 0 162 758 8105 435
p 2 0 110 810 643 308
p 2 0 44 876 329 235
p 2 0 169 751 9588 469
p 2 0 110 810 634 307
p 2 0 44 876 311 234
p 2 0 16 904 229 210
p 2 0 6 914 212 203
p 2 0 4 916 201 200
p 2 0 1 919 200 198
p 2 0 4 916 206 200
i 2 920 0 0 38888 4088
p 2 27 685 208 30130 1566
p 2 12 743 165 29720 1544
p 2 0 540 380 3241 858
p 2 11 648 261 29086 1424
p 2 0 452 468 1761 684
p 2 4 673 243 29739 1468
p 2 0 491 429 1769 714
p 2 0 319 601 955 503
p 2 0 345 575 2445 623
p 2 0 210 710 655 402
p 2 0 154 766 502 343
p 2 0 262 658 1644 525
p 2 0 173 747 544 369
p 2 0 201 719 608 386
p 2 0 210 710 1732 476
p 2 0 174 746 570 361
p 2 0 140 780 504 334
p 2 0 237 683 1966 524
p 2 0 146 774 480 346
p 2 0 120 800 435 313
p 2 1 214 705 1994 489
p 2 0 168 752 579 360
p 2 0 155 765 502 342
p 2 0 243 677 2047 545
p 2 0 168 752 536 359
p 2 0 132 788 475 326
p 2 0 195 725 1460 464
p 2 0 159 761 533 354
p 2 0 115 805 436 308
p 2 0 201 719 1691 465
p 2 0 105 815 419 300
p 2 0 90 830 380 285
p 2 0 192 728 2095 487
p 2 0 142 778 508 336
p 2 0 112 808 427 306
p 2 0 198 722 1771 482
p 2 0 128 792 467 323
p 2 0 105 815 417 300
p 2 0 206 714 2175 499
p 2 0 143 777 534 343
p 2 0 127 793 470 319
p 2 0 180 740 1490 449
p 2 0 120 800 429 316
p 2 0 112 808 414 303
p 2 0 193 727 1428 457
p 2 0 136 784 492 332
p 2 0 110 810 426 308
p 2 0 205 715 2036 499
p 2 0 130 790 475 325
p 2 0 119 801 439 314
p 2 0 203 717 1977 488
p 2 0 129 791 495 327
p 2 0 128 792 463 321
p 2 0 189 731 2049 485
p 2 0 153 767 518 357
p 2 0 125 795 452 318
p 2 0 185 735 1831 457
p 2 0 131 789 482 325
p 2 0 113 807 446 308
p 2 0 199 721 1536 477
p 2 0 124 796 437 322
p 2 0 95 825 403 287
p 2 1 191 728 2243 493
p 2 0 148 772 526 343
p 2 0 123 797 465 317
p 2 0 184 736 1748 464
p 2 0 151 769 529 346
p 2 0 111 809 427 308
p 2 0 200 720 2245 497
p 2 0 148 772 522 346
p 2 0 123 797 475 321
p 2 0 188 732 1525 464
p 2 0 142 778 451 335
p 2 0 104 816 404 291
p 2 1 187 732 1959 466
p 2 0 140 780 502 337
p 2 0 126 794 501 323
p 2 0 204 716 2198 491
p 2 0 144 776 495 340
p 2 0 125 795 461 316
p 2 0 200 720 2025 475
p 2 0 132 788 497 328
p 2 0 127 793 504 321
p 2 0 198 722 1848 489
p 2 0 160 760 539 357
p 2 0 105 815 444 303
p 2 0 182 738 1497 449
p 2 0 131 789 661 331
p 2 0 109 811 430 302
p 2 0 192 728 1487 461
p 2 0 131 789 459 326
p 2 0 119 801 434 313
p 2 0 181 739 1900 472
p 2 0 148 772 502 348
p 2 0 127 793 467 322
p 2 0 184 736 1712 479
p 2 0 134 786 496 328
p 2 0 100 820 410 294
p 2 0 215 705 1856 503
p 2 0 139 781 488 336
p 2 0 139 781 493 333
p 2 0 185 735 1436 447
p 2 0 125 795 439 317
p 2 0 96 824 401 289
p 2 0 177 743 1449 440
p 2 0 122 798 476 318
p 2 0 119 801 456 315
p 2 0 205 715 2030 497
p 2 0 139 781 491 338
p 2 0 118 802 449 309
p 2 0 199 721 1774 470
p 2 0 123 797 461 319
p 2 0 126 794 475 321
p 2 0 209 711 2355 505
p 2 0 156 764 515 353
p 2 0 134 786 485 330
p 2 0 200 720 1779 482
p 2 0 123 797 473 319
p 2 0 115 805 439 309
p 2 0 201 719 1961 478
p 2 0 120 800 481 315
p 2 0 119 801 490 313
p 2 0 194 726 2084 498
p 2 0 153 767 550 360
p 2 0 98 822 413 294
p 2 1 194 725 2129 491
p 2 0 154 766 503 346
p 2 0 108 812 440 306
p 2 0 224 696 2162 522
p 2 0 161 759 538 358
p 2 0 147 773 496 337
p 2 0 202 718 2026 474
p 2 0 155 765 524 351
p 2 0 107 813 419 300
p 2 0 204 716 1812 477
p 2 0 130 790 491 324
p 2 0 123 797 515 318
p 2 0 220 700 2143 519
p 2 0 151 769 561 352
p 2 0 133 787 446 326
p 2 1 216 703 2093 504
p 2 0 133 787 494 333
p 2 0 131 789 451 321
p 2 0 203 717 1989 507
p 2 0 172 748 531 363
p 2 0 124 796 456 311
p 2 0 206 714 2168 487
p 2 0 116 804 466 312
p 2 0 118 802 475 311
p 2 0 202 718 1615 469
p 2 0 146 774 514 342
p 2 0 149 771 705 348
p 2 0 214 706 2063 518
p 2 0 163 757 645 367
p 2 0 113 807 429 306
p 2 0 192 728 1730 493
p 2 0 154 766 512 346
p 2 0 122 798 470 316
p 2 0 223 697 1907 513
p 2 0 151 769 539 349
p 2 0 161 759 545 356
p 2 0 220 700 1675 473
p 2 0 166 754 657 358
p 2 0 135 785 765 331
p 2 0 256 664 2326 535
p 2 0 232 688 1306 443
p 2 0 301 619 1446 508
p 2 1 400 519 3078 729
p 2 4 374 542 2233 635
p 2 0 333 587 2193 572
p 2 0 430 490 3478 770
p 2 0 386 534 3018 658
p 2 0 437 483 3587 736
p 2 2 480 438 5769 887
p 2 4 490 426 4764 860
p 2 5 445 470 5694 805
p 2 14 510 396 8932 1081
p 2 11 477 432 8228 956
p 2 9 526 385 8609 1058
p 2 6 547 367 13823 1120
p 2 14 541 365 11383 1159
p 2 9 539 372 12478 1107
p 2 15 539 366 19629 1309
p 2 8 526 386 13072 1118
p 2 13 522 385 12554 1123
p 2 48 835 37 50173 2274
p 2 14 764 142 12660 1406
p 2 3 603 314 14009 1146
p 2 20 855 45 47807 2063
p 2 3 720 197 13412 1266
p 2 12 504 404 12047 1022
p 2 12 761 147 44991 1844
p 2 7 625 288 11324 1098
p 2 4 421 495 6858 747
p 2 0 371 549 10970 715
p 2 0 342 578 3977 584
p 2 0 321 599 4682 568
p 2 2 283 635 12296 658
p 2 0 246 674 4015 488
p 2 0 240 680 4493 485
p 2 150 556 214 51044 2353
p 2 0 883 37 27122 1505
p 2 0 888 32 27350 1526
p 2 128 788 4 54270 2588
p 2 0 907 13 25486 1554
p 2 0 913 7 25243 1524
p 2 171 746 3 46104 2644
p 2 0 909 11 25306 1552
p 2 0 918 2 24934 1550
p 2 123 795 2 49943 2560
p 2 0 906 14 17319 1477
p 2 0 912 8 12069 1400
p 2 186 731 3 44405 2626
p 2 0 879 41 21335 1549
p 2 0 881 39 22689 1455
p 2 53 841 26 43342 2180
p 2 0 864 56 22003 1528
p 2 1 867 52 20155 1431
p 2 56 829 35 41733 2134
p 2 0 860 60 14946 1414
p 2 0 841 79 21594 1420
p 2 1 846 73 31855 1630
p 2 0 839 81 24234 1433
p 2 0 843 77 17776 1309
p 2 4 835 81 22167 1442
p 2 0 845 75 23181 1378
p 2 0 832 88 24101 1382
p 2 4 824 92 27301 1538
p 2 0 810 110 22854 1357
p 2 0 730 190 14608 1123
p 2 3 574 343 20976 1144
p 2 0 446 474 7812 764
p 2 0 426 494 9345 742
p 2 2 427 491 19406 990
p 2 0 415 505 7548 730
p 2 0 390 530 9673 710
p 2 1 423 496 17969 949
p 2 0 393 527 7353 707
i 2 920 0 0 57056 4474
p 2 0 238 682 533 421
p 2 0 169 751 391 347
p 2 164 327 429 30777 1989
p 2 0 291 629 946 507
p 2 0 158 762 485 349
p 2 131 422 367 35995 2066
p 2 0 351 569 1200 573
p 2 0 170 750 508 363
p 2 168 442 310 42098 2325
p 2 0 354 566 1271 577
p 2 0 189 731 565 376
p 2 82 299 539 29632 1371
p 2 0 338 582 1220 540
p 2 0 133 787 424 317
p 2 66 293 561 30637 1282
p 2 0 250 670 1055 461
p 2 0 153 767 562 343
p 2 3 174 743 1313 384
p 2 0 146 774 544 332
p 2 0 90 830 429 285
p 2 0 47 873 826 255
p 2 0 56 864 333 247
p 2 0 35 885 279 228
p 2 0 141 779 1294 346
p 2 0 68 852 345 260
p 2 0 82 838 405 273
p 2 2 93 825 725 308
p 2 0 73 847 400 265
p 2 0 33 887 266 225
p 2 3 45 872 1026 263
p 2 0 28 892 273 221
p 2 0 48 872 300 237
p 2 0 24 896 779 234
p 2 0 23 897 257 216
p 2 0 20 900 247 212
p 2 0 45 875 1014 252
p 2 0 21 899 256 217
p 2 0 12 908 224 206
p 2 0 21 899 771 231
p 2 0 31 889 284 227
p 2 0 13 907 227 209
p 2 1 21 898 511 232
p 2 0 17 903 231 212
p 2 0 18 902 245 213
p 2 2 12 906 725 225
p 2 0 8 912 221 205
p 2 0 9 911 220 205
p 2 0 30 890 973 237
p 2 0 14 906 237 211
p 2 0 16 904 239 208
p 2 0 22 898 781 233
p 2 0 34 886 288 228
p 2 0 25 895 237 216
p 2 0 22 898 934 231
p 2 0 21 899 258 217
p 2 0 11 909 230 206
p 2 2 16 902 542 236
p 2 0 9 911 223 206
p 2 0 5 915 214 203
p 2 3 9 908 939 232
p 2 0 5 915 218 203
p 2 0 1 919 199 198
p 2 0 9 911 738 222
p 2 0 14 906 233 214
p 2 0 6 914 208 203
p 2 0 11 909 941 222
p 2 0 10 910 253 209
p 2 0 12 908 230 208
p 2 2 19 899 543 237
p 2 0 8 912 229 206
p 2 0 4 916 211 202
p 2 3 6 911 939 232
p 2 0 18 902 245 213
p 2 0 10 910 224 206
p 2 0 24 896 790 234
p 2 0 23 897 255 218
p 2 0 9 911 220 206
p 2 0 10 910 918 221
p 2 0 11 909 236 207
p 2 0 10 910 225 207
p 2 0 10 910 766 223
p 2 0 9 911 237 208
p 2 0 8 912 217 205
p 2 1 7 912 469 218
p 2 0 5 915 214 203
p 2 0 6 914 212 203
p 2 3 8 909 931 230
p 2 0 5 915 213 202
p 2 0 3 917 205 201
p 2 0 13 907 750 226
p 2 0 11 909 232 208
p 2 0 5 915 213 204
p 2 1 7 912 469 219
p 2 0 7 913 219 205
p 2 0 10 910 214 206
p 2 3 10 907 951 234
p 2 0 5 915 214 202
p 2 0 1 919 203 199
p 2 0 11 909 758 224
p 2 0 12 908 236 210
p 2 0 4 916 209 201
p 2 0 12 908 921 223
p 2 0 9 911 237 207
p 2 0 4 916 212 201
p 2 0 2 918 206 200
p 2 0 2 918 205 200
p 2 0 2 918 206 200
p 2 0 9 911 738 223
p 2 0 7 913 226 204
p 2 1 8 911 481 219
p 2 0 7 913 213 205
p 2 0 5 915 210 202
p 2 0 4 916 203 201
p 2 0 4 916 206 201
p 2 0 3 917 210 201
p 2 0 10 910 218 205
p 2 5 358 557 12468 904
p 2 0 242 678 898 451
p 2 0 105 815 387 294
p 2 0 372 548 10360 793
p 2 0 264 656 920 463
p 2 0 139 781 472 333
p 2 12 367 541 12528 870
p 2 0 253 667 964 471
p 2 0 138 782 465 325
p 2 1 96 823 797 296
p 2 0 71 849 328 262
p 2 0 29 891 250 220
p 2 0 47 873 775 246
p 2 0 23 897 249 218
p 2 0 19 901 233 212
p 2 0 20 900 628 221
p 2 0 19 901 255 213
p 2 0 19 901 241 215
p 2 0 15 905 711 218
p 2 0 10 910 250 207
i 2 920 0 0 41621 4239
p 2 0 276 644 553 457
p 2 0 281 639 491 437
p 2 30 566 324 19875 1372
p 2 0 428 492 1317 621
p 2 0 243 677 621 429
p 2 46 542 332 24414 1579
p 2 0 485 435 1625 700
p 2 0 259 661 770 448
p 2 110 571 239 26890 1896
p 2 0 414 506 1435 629
p 2 0 236 684 701 420
p 2 120 607 193 29709 2100
p 2 0 449 471 1476 665
p 2 0 289 631 798 479
p 2 0 157 763 469 350
p 2 0 377 543 1140 576
p 2 0 138 782 423 322
p 2 0 270 650 793 455
p 2 0 254 666 815 438
p 2 0 316 604 971 515
p 2 0 113 807 373 295
p 2 0 240 680 736 427
p 2 0 224 696 690 406
p 2 0 343 577 945 539
p 2 0 141 779 431 328
p 2 0 242 678 693 428
p 2 0 184 736 608 368
p 2 0 242 678 686 430
p 2 0 67 853 276 254
p 2 0 188 732 574 374
p 2 0 139 781 473 322
p 2 0 242 678 679 430
p 2 0 108 812 333 291
p 2 0 163 757 505 351
p 2 0 157 763 477 339
p 2 0 212 708 590 399
p 2 0 113 807 336 295
p 2 0 177 743 516 368
p 2 0 158 762 453 338
p 2 0 203 717 581 398
p 2 0 138 782 385 319
p 2 0 118 802 405 306
p 2 0 118 802 392 303
p 2 0 142 778 441 330
p 2 0 114 806 357 297
p 2 0 78 842 339 269
p 2 0 104 816 344 291
p 2 0 86 834 338 273
p 2 0 722 198 5844 979
p 2 0 782 138 12940 1282
p 2 0 881 39 16716 1462
p 2 0 868 52 16296 1490
p 2 0 903 17 13267 1449
p 2 0 879 41 14094 1453
p 2 0 904 16 17213 1555
p 2 0 899 21 18616 1581
p 2 1 915 4 17860 1593
p 2 0 905 15 13372 1482
p 2 0 910 10 10088 1383
p 2 0 914 6 12808 1453
p 2 0 918 2 14157 1481
p 2 0 907 13 16094 1532
p 2 0 914 6 16383 1540
p 2 2 911 7 14800 1540
p 2 7 905 8 14516 1550
p 2 2 913 5 15095 1563
p 2 0 916 4 17664 1588
p 2 1 914 5 18549 1623
p 2 0 913 7 18565 1605
p 2 0 917 3 18822 1641
p 2 1 916 3 16994 1559
p 2 1 915 4 15036 1546
p 2 0 917 3 13661 1489
p 2 1 917 2 12468 1463
p 2 1 915 4 13388 1458
p 2 0 917 3 14966 1513
p 2 0 919 1 15005 1509
p 2 6 909 5 15553 1541
p 2 1 918 1 15156 1544
p 2 0 919 1 15944 1549
p 2 0 914 6 15674 1562
p 2 1 917 2 15056 1577
p 2 0 918 2 13845 1532
p 2 2 916 2 13956 1548
p 2 0 919 1 13297 1527
p 2 4 907 9 13452 1502
p 2 2 917 1 13989 1552
p 2 0 919 1 13540 1565
p 2 4 915 1 13538 1511
p 2 0 918 2 14560 1566
p 2 2 914 4 14809 1540
p 2 0 907 13 14448 1499
p 2 0 919 1 14633 1511
p 2 0 914 6 14932 1526
p 2 0 916 4 15174 1527
p 2 0 920 0 15040 1546
p 2 0 918 2 14979 1545
p 2 0 918 2 14529 1537
p 2 0 916 4 14866 1534
p 2 0 918 2 13723 1537
p 2 0 918 2 13382 1520
p 2 3 913 4 13504 1541
p 2 1 916 3 12207 1479
p 2 0 920 0 11901 1448
p 2 2 914 4 11541 1499
p 2 0 919 1 11609 1472
p 2 1 916 3 11232 1479
p 2 2 917 1 11667 1496
p 2 0 920 0 12055 1521
p 2 0 919 1 12194 1486
p 2 1 915 4 13206 1516
p 2 0 914 6 12221 1498
p 2 4 914 2 12032 1510
p 2 1 913 6 12751 1534
p 2 2 912 6 12715 1517
p 2 1 915 4 11843 1488
p 2 1 911 8 11794 1479
p 2 1 915 4 10589 1423
p 2 1 914 5 10952 1440
p 2 3 912 5 11559 1497
p 2 2 910 8 12929 1560
p 2 2 911 7 13183 1546
p 2 4 903 13 14273 1582
p 2 0 912 8 13585 1569
p 2 3 908 9 13134 1563
p 2 3 908 9 11588 1551
p 2 1 906 13 10582 1487
p 2 1 911 8 10075 1457
p 2 4 901 15 10854 1463
p 2 4 901 15 10260 1455
p 2 0 904 16 9666 1408
p 2 2 900 18 8364 1382
p 2 0 902 18 7813 1321
p 2 2 902 16 9176 1394
p 2 3 888 29 11726 1462
p 2 1 899 20 11399 1452
p 2 0 889 31 11236 1420
p 2 1 898 21 10445 1435
p 2 0 881 39 9923 1370
p 2 0 869 51 10500 1345
p 2 0 846 74 10030 1314
p 2 0 788 132 7574 1173
p 2 0 714 206 3851 965
p 2 0 510 410 1488 708
p 2 0 317 603 724 490
p 2 0 156 764 402 334
p 2 0 297 623 710 467
p 2 0 303 617 755 479
p 2 0 221 699 541 391
p 2 4 112 804 1136 332
p 2 0 97 823 360 285
p 2 0 130 790 430 315
p 2 2 95 823 800 302
p 2 0 69 851 311 258
p 2 0 81 839 347 268
p 2 2 88 830 948 305
p 2 0 46 874 260 236
p 2 0 44 876 282 234
p 2 2 53 865 766 264
p 2 0 55 865 309 247
p 2 0 44 876 265 235
p 2 2 43 875 881 260
p 2 0 33 887 267 224
p 2 0 34 886 252 225
p 2 2 33 885 700 244
p 2 0 19 901 228 215
p 2 0 26 894 232 218
p 2 2 32 886 842 251
p 2 0 77 843 331 263
p 2 0 32 888 247 223
p 2 2 89 829 552 298
p 2 0 67 853 292 257
p 2 0 44 876 251 232
p 2 1 43 876 858 251
p 2 0 38 882 253 230
p 2 0 30 890 242 224
p 2 0 46 874 430 253
p 2 0 15 905 219 210
p 2 0 21 899 224 215
p 2 4 37 879 1041 263
p 2 0 27 893 234 218
p 2 0 17 903 224 212
p 2 2 26 892 705 241
p 2 0 33 887 245 226
p 2 0 20 900 219 214
p 2 2 23 895 849 248
p 2 0 16 904 236 213
p 2 0 24 896 230 218
p 2 2 21 897 704 238
p 2 0 19 901 230 213
p 2 0 12 908 210 207
p 2 2 36 882 877 255
p 2 0 27 893 241 221
p 2 0 19 901 229 212
p 2 2 33 885 435 247
p 2 0 26 894 232 219
p 2 0 14 906 210 208
p 2 4 19 897 1014 246
p 2 0 18 902 230 212
p 2 0 14 906 219 209
p 2 2 24 894 690 238
p 2 0 29 891 244 224
p 2 0 12 908 213 207
p 2 2 28 890 849 251
p 2 0 19 901 230 213
p 2 0 7 913 204 203
p 2 2 21 897 693 235
p 2 0 19 901 230 216
p 2 0 11 909 212 206
p 2 2 21 897 844 247
p 2 0 9 911 225 207
p 2 0 9 911 211 205
p 2 2 22 896 429 241
p 2 0 8 912 210 205
p 2 0 14 906 211 208
p 2 4 23 893 1013 251
p 2 0 10 910 219 207
p 2 0 7 913 207 204
p 2 2 17 901 682 232
p 2 0 11 909 213 208
p 2 0 6 914 204 203
p 2 0 7 913 206 205
p 2 0 4 916 202 201
p 2 0 3 917 200 200
p 2 1 19 900 411 232
p 2 0 7 913 205 204
p 2 0 7 913 204 204
p 2 0 1 919 199 198
p 2 0 6 914 204 201
p 2 0 5 915 201 201
p 2 0 0 920 197 197
p 2 0 0 920 197 197
i 2 920 0 0 80777 4849
p 2 0 168 752 424 352
p 2 0 103 817 301 284
p 2 0 51 869 365 241
p 2 0 37 883 232 228
p 2 0 13 907 210 207
p 2 0 22 898 292 215
p 2 0 15 905 222 209
p 2 0 9 911 211 205
p 2 0 16 904 298 209
p 2 0 19 901 224 212
p 2 0 9 911 214 204
p 2 0 9 911 210 206
p 2 0 8 912 208 202
p 2 0 9 911 210 204
p 2 0 3 917 202 199
p 2 0 8 912 209 205
p 2 0 4 916 202 201
p 2 0 5 915 274 201
p 2 0 1 919 201 198
p 2 0 5 915 205 202
p 2 0 3 917 277 200
p 2 0 6 914 211 202
p 2 0 5 915 205 201
p 2 0 16 904 276 209
p 2 0 7 913 211 202
p 2 0 7 913 209 202
p 2 0 8 912 270 203
p 2 0 10 910 215 207
p 2 0 12 908 213 206
p 2 0 8 912 310 204
p 2 0 3 917 202 199
p 2 0 1 919 198 198
p 2 0 3 917 298 200
p 2 0 2 918 201 199
p 2 0 0 920 197 197
p 2 0 4 916 268 200
p 2 0 4 916 202 200
p 2 0 1 919 198 198
p 2 0 7 913 271 202
p 2 0 1 919 199 198
p 2 0 0 920 197 197
p 2 0 1 919 199 198
p 2 0 0 920 197 197
p 2 0 6 914 268 202
p 2 0 3 917 206 200
p 2 0 5 915 284 201
p 2 0 5 915 205 202
p 2 0 20 900 1079 219
p 2 0 16 904 240 210
p 2 0 11 909 220 205
p 2 1 20 899 1324 228
p 2 0 16 904 248 211
p 2 0 1 919 199 198
p 2 0 14 906 1266 216
p 2 0 15 905 250 210
p 2 0 5 915 213 202
p 2 0 13 907 1039 211
p 2 0 11 909 233 206
p 2 0 4 916 205 200
p 2 0 0 920 197 197
p 2 0 2 918 202 199
p 2 0 0 920 197 197
p 2 0 1 919 199 198
p 2 0 2 918 200 199
p 2 0 0 920 197 197
p 2 0 1 919 198 198
p 2 0 2 918 201 198
p 2 0 1 919 199 198
p 2 0 0 920 197 197
p 2 0 0 920 197 197
i 2 920 0 0 40013 3995
p 2 0 919 1 13176 1470
p 2 0 920 0 10496 1316
p 2 0 913 7 10786 1341
p 2 0 915 5 9407 1266
p 2 1 915 4 12012 1314
p 2 1 918 1 12770 1413
p 2 0 917 3 13384 1428
p 2 0 916 4 14440 1468
p 2 1 916 3 15729 1502
p 2 1 916 3 16225 1495
p 2 1 919 0 17097 1511
p 2 1 914 5 17391 1526
p 2 2 917 1 16204 1523
p 2 1 916 3 16040 1509
p 2 0 918 2 16528 1476
p 2 1 919 0 17371 1494
p 2 1 916 3 16019 1451
p 2 2 918 0 14067 1428
p 2 0 915 5 11532 1406
p 2 5 914 1 11917 1421
p 2 3 914 3 19213 1488
p 2 0 918 2 18810 1459
p 2 1 917 2 19206 1474
p 2 2 915 3 20700 1446
p 2 2 917 1 14436 1365
p 2 0 918 2 7187 1222
p 2 1 918 1 12784 1301
p 2 0 920 0 15470 1376
p 2 0 919 1 17840 1399
p 2 2 914 4 14986 1396
p 2 0 916 4 8673 1315
p 2 1 918 1 17811 1378
p 2 1 913 6 16145 1380
p 2 1 918 1 13672 1318
p 2 0 918 2 8503 1273
p 2 0 912 8 14961 1356
p 2 0 917 3 17418 1386
p 2 0 914 6 9424 1331
p 2 1 918 1 14192 1351
p 2 0 918 2 11760 1278
p 2 0 916 4 14883 1326
p 2 0 911 9 16076 1320
p 2 1 913 6 13814 1345
p 2 0 916 4 12670 1269
p 2 6 899 15 17279 1389
p 2 1 895 24 6178 1217
p 2 0 832 88 13475 1214
p 2 0 474 446 1645 675
p 2 0 276 644 899 459
p 2 0 167 753 579 353
p 2 0 203 717 691 387
p 2 0 73 847 334 260
p 2 0 83 837 373 270
p 2 0 80 840 371 268
p 2 0 83 837 378 270
p 2 0 29 891 246 221
p 2 0 30 890 253 223
p 2 0 29 891 255 222
p 2 0 32 888 266 225
p 2 0 14 906 224 208
p 2 0 15 905 222 208
p 2 0 10 910 213 204
p 2 0 18 902 234 212
p 2 0 8 912 211 204
p 2 0 3 917 200 200
p 2 0 7 913 211 203
p 2 0 16 904 221 211
p 2 0 3 917 202 200
p 2 0 6 914 204 202
i 2 920 0 0 67877 4609
p 2 0 154 766 417 340
p 2 0 93 827 289 274
p 2 2 39 879 605 245
p 2 0 39 881 242 231
p 2 0 15 905 216 210
p 2 2 28 890 776 238
p 2 0 14 906 226 209
p 2 0 13 907 214 206
p 2 0 22 898 696 229
p 2 0 11 909 218 209
p 2 0 7 913 207 201
p 2 2 11 907 755 225
p 2 0 7 913 215 204
p 2 0 11 909 214 206
p 2 0 13 907 470 221
p 2 0 10 910 215 211
p 2 0 3 917 201 201
p 2 2 12 906 878 221
p 2 0 9 911 218 203
p 2 0 2 918 202 200
p 2 0 11 909 670 221
p 2 0 9 911 214 207
p 2 0 9 911 207 202
p 2 2 9 909 754 223
p 2 0 8 912 220 204
p 2 0 5 915 208 202
p 2 0 11 909 465 218
p 2 0 10 910 217 209
p 2 0 7 913 204 203
p 2 2 8 910 869 219
p 2 0 6 914 218 203
p 2 0 3 917 204 200
p 2 0 11 909 463 220
p 2 0 8 912 216 209
p 2 0 5 915 203 201
p 2 2 8 910 872 220
p 2 0 4 916 215 201
p 2 0 2 918 205 199
p 2 0 11 909 669 221
p 2 0 8 912 224 211
p 2 0 6 914 206 203
p 2 1 12 907 788 222
p 2 0 7 913 222 203
p 2 0 3 917 209 200
p 2 0 2 918 200 199
p 2 0 1 919 198 198
p 2 0 2 918 200 199
p 2 0 15 905 683 222
p 2 0 7 913 211 204
p 2 0 10 910 335 214
p 2 0 8 912 207 204
p 2 0 3 917 200 199
p 2 0 5 915 203 203
p 2 0 2 918 198 198
p 2 0 1 919 200 198
p 2 0 3 917 199 199
p 2 0 0 920 197 197
p 2 0 4 916 203 200
p 2 113 339 468 39633 1836
p 2 96 423 401 41140 1931
p 2 0 342 578 1462 573
p 2 191 326 403 45117 2276
p 2 0 285 635 1166 495
p 2 126 392 402 32675 1887
p 2 0 308 612 1144 553
p 2 155 385 380 34319 1959
p 2 0 295 625 1117 537
p 2 0 183 737 515 366
p 2 0 163 757 520 343
p 2 202 366 352 49303 2301
p 2 0 293 627 1228 509
p 2 85 402 433 39020 1699
p 2 0 306 614 1379 532
p 2 0 169 751 1645 368
p 2 0 315 605 9285 657
p 2 0 210 710 1777 418
p 2 0 150 770 579 336
p 2 4 272 644 10054 641
p 2 0 221 699 956 421
p 2 0 134 786 1463 332
p 2 3 249 668 9966 621
p 2 0 170 750 1666 379
p 2 0 107 813 494 294
p 2 2 231 687 10164 588
p 2 0 211 709 1055 420
p 2 0 116 804 1388 315
p 2 0 90 830 458 279
p 2 0 97 823 1338 292
p 2 0 62 858 381 254
p 2 0 44 876 1187 246
p 2 0 44 876 337 238
p 2 0 61 859 1241 261
p 2 0 37 883 309 231
p 2 0 36 884 1170 238
p 2 0 21 899 274 218
p 2 0 36 884 1180 238
p 2 0 22 898 277 218
p 2 0 33 887 1161 234
p 2 0 22 898 282 217
p 2 0 30 890 1160 233
i 2 920 0 0 26436 4599
p 2 365 555 0 31463 4110
p 2 167 753 0 28682 3310
p 2 118 802 0 30557 3081
p 2 61 859 0 36645 2786
p 2 8 911 1 58738 2350
p 2 0 887 33 16370 1433
p 2 0 861 59 19337 1382
p 2 0 819 101 18636 1323
p 2 0 825 95 19848 1328
p 2 0 825 95 19274 1338
p 2 0 823 97 19948 1328
p 2 0 814 106 19329 1315
p 2 0 809 111 19977 1314
p 2 0 817 103 19209 1325
p 2 0 803 117 19923 1316
p 2 0 804 116 19539 1312
p 2 0 807 113 19991 1325
p 2 0 811 109 19371 1323
p 2 0 809 111 19748 1325
p 2 0 787 133 19450 1295
p 2 0 800 120 19896 1313
p 2 0 809 111 19860 1329
p 2 0 806 114 19074 1301
p 2 0 805 115 19588 1326
p 2 0 801 119 19261 1291
p 2 0 793 127 19691 1298
p 2 0 802 118 19512 1305
p 2 0 811 109 19573 1325
p 2 0 805 115 19307 1314
p 2 0 803 117 19761 1311
p 2 0 810 110 19298 1324
p 2 0 803 117 19622 1315
p 2 0 807 113 19478 1312
p 2 0 783 137 19729 1294
p 2 0 805 115 19194 1307
p 2 0 792 128 19688 1313
p 2 0 798 122 19262 1293
p 2 0 795 125 19804 1291
p 2 0 802 118 19287 1298
p 2 0 791 129 19591 1295
p 2 0 798 122 19377 1309
p 2 0 799 121 19705 1318
p 2 0 813 107 19458 1324
p 2 0 812 108 19498 1319
p 2 0 784 136 19356 1293
p 2 0 799 121 19616 1308
p 2 0 798 122 19201 1295
p 2 0 794 126 19591 1303
p 2 0 791 129 19237 1294
p 2 0 772 148 19427 1273
p 2 0 787 133 19077 1286
p 2 0 781 139 19360 1294
p 2 0 770 150 19122 1279
p 2 0 788 132 19649 1294
p 2 0 796 124 19309 1308
p 2 0 773 147 19341 1282
p 2 0 786 134 19146 1282
p 2 0 797 123 19491 1295
p 2 0 796 124 19214 1317
p 2 0 789 131 19488 1295
p 2 0 794 126 19176 1297
p 2 0 787 133 19456 1305
p 2 0 795 125 19118 1291
p 2 0 784 136 19398 1283
p 2 0 803 117 19201 1311
p 2 0 801 119 19383 1301
p 2 0 789 131 19242 1294
p 2 0 787 133 19289 1291
p 2 0 779 141 19151 1279
p 2 0 791 129 19244 1292
i 2 920 0 0 31772 3961
p 2 0 450 470 735 599
p 2 0 390 530 589 528
p 2 2 263 655 1016 448
p 2 0 231 689 501 402
p 2 0 180 740 416 356
p 2 1 257 662 869 454
p 2 0 181 739 413 354
p 2 0 218 702 524 403
p 2 2 179 739 926 378
p 2 0 234 686 576 426
p 2 0 141 779 318 306
p 2 0 172 748 782 371
p 2 0 165 755 412 344
p 2 0 181 739 477 370
p 2 0 175 745 676 346
p 2 0 170 750 464 356
p 2 0 180 740 394 346
p 2 2 428 490 12705 865
p 2 0 361 559 994 536
p 2 0 245 675 617 429
p 2 4 394 522 10890 809
p 2 0 406 514 1216 613
p 2 0 267 653 615 432
p 2 0 419 501 9920 779
p 2 0 302 618 973 483
p 2 0 309 611 882 502
p 2 0 193 727 446 360
p 2 0 190 730 582 378
p 2 0 224 696 516 388
p 2 0 295 625 764 489
p 2 0 237 683 473 398
p 2 0 227 693 577 413
p 2 0 206 714 494 376
p 2 0 243 677 651 428
p 2 0 250 670 540 411
p 2 0 142 778 414 327
p 2 0 816 104 4873 1094
p 2 0 894 26 10304 1333
p 2 0 903 17 10379 1374
p 2 0 915 5 7386 1334
p 2 0 914 6 9387 1338
p 2 0 919 1 10821 1400
p 2 0 918 2 6430 1330
p 2 0 915 5 6307 1379
p 2 0 916 4 9794 1461
p 2 0 918 2 10786 1410
p 2 1 918 1 6897 1329
p 2 3 912 5 7519 1473
p 2 0 919 1 12714 1598
p 2 2 914 4 10426 1517
p 2 5 913 2 8838 1516
p 2 3 915 2 12060 1525
p 2 3 917 0 12545 1529
p 2 4 916 0 10705 1528
p 2 4 916 0 13651 1536
p 2 1 916 3 12939 1474
p 2 2 916 2 13306 1506
p 2 3 914 3 13116 1500
p 2 4 909 7 13212 1524
p 2 3 913 4 10301 1464
p 2 3 913 4 11684 1535
p 2 2 913 5 9078 1389
p 2 3 917 0 10978 1475
p 2 2 916 2 7363 1383
p 2 1 918 1 11101 1501
p 2 0 917 3 9673 1468
p 2 0 915 5 5722 1298
p 2 0 918 2 4607 1274
p 2 0 916 4 6006 1329
p 2 0 916 4 5799 1300
p 2 0 918 2 4952 1350
p 2 0 908 12 6842 1314
p 2 0 906 14 6856 1286
p 2 0 892 28 7065 1269
p 2 0 891 29 11991 1431
p 2 0 857 63 7332 1217
p 2 0 867 53 8285 1234
p 2 0 632 288 7956 965
p 2 0 475 445 1084 637
p 2 0 253 667 611 430
p 2 0 442 478 7646 757
p 2 0 318 602 898 495
p 2 0 206 714 537 380
p 2 0 188 732 691 368
p 2 0 127 793 343 302
p 2 0 91 829 309 272
p 2 0 63 857 480 254
p 2 0 65 855 271 248
p 2 0 55 865 246 239
p 2 0 23 897 226 214
p 2 0 37 883 231 224
p 2 0 25 895 230 217
p 2 0 19 901 218 213
p 2 0 15 905 217 209
p 2 444 476 0 9846 2685
p 2 418 502 0 11127 2740
p 2 414 506 0 10133 2701
p 2 395 525 0 11421 2803
p 2 417 503 0 10218 2707
p 2 411 509 0 11561 2797
p 2 406 514 0 10372 2707
p 2 407 513 0 12023 2804
p 2 402 518 0 10453 2726
p 2 407 513 0 12014 2828
p 2 427 493 0 10108 2734
p 2 427 493 0 11763 2820
p 2 417 503 0 10289 2701
p 2 405 515 0 11860 2808
p 2 413 507 0 9869 2675
p 2 410 510 0 11681 2788
p 2 416 504 0 9728 2647
p 2 407 513 0 11393 2757
p 2 414 506 0 9692 2673
p 2 407 513 0 11362 2802
p 2 401 519 0 9647 2683
p 2 399 521 0 10888 2817
p 2 411 509 0 9842 2743
p 2 399 521 0 10690 2827
p 2 427 493 0 9393 2765
p 2 418 502 0 10181 2872
p 2 426 494 0 9603 2847
p 2 461 459 0 9326 2910
p 2 448 472 0 9121 2840
p 2 432 488 0 8980 2887
p 2 460 460 0 8570 2895
p 2 482 438 0 8262 2949
p 2 575 345 0 7447 2961
p 2 546 374 0 7223 3032
p 2 478 442 0 7074 2979
p 2 445 475 0 5774 2903
i 2 920 0 0 93384 4105
p 2 0 349 571 12369 583
p 2 0 308 612 16522 562
p 2 0 245 675 13926 500
p 2 0 356 564 13888 602
p 2 0 367 553 11795 599
p 2 0 225 695 6501 443
p 2 0 773 147 7371 959
p 2 0 394 526 4649 592
p 2 0 302 618 12474 530
p 2 0 327 593 13718 571
p 2 0 413 507 14321 641
p 2 0 304 616 14221 561
p 2 0 312 608 16836 553
p 2 0 303 617 13362 557
p 2 0 375 545 12495 615
p 2 0 261 659 10292 511
p 2 0 253 667 11382 490
p 2 0 243 677 12099 499
p 2 0 299 621 12338 545
p 2 0 231 689 12893 490
p 2 0 224 696 7911 462
p 2 0 216 704 11936 468
p 2 0 259 661 12925 503
p 2 0 260 660 13778 522
p 2 0 280 640 13755 529
p 2 0 240 680 16288 514
p 2 0 303 617 14418 559
p 2 0 222 698 13742 480
p 2 0 208 712 11433 461
p 2 0 183 737 6150 410
p 2 0 195 725 6155 411
p 2 0 179 741 4232 388
p 2 0 430 490 22146 788
p 2 5 606 309 35462 1174
p 2 17 630 273 38411 1319
p 2 17 674 229 38731 1409
p 2 28 668 224 40746 1510
p 2 19 661 240 41156 1533
p 2 23 632 265 41995 1549
p 2 31 674 215 45421 1629
p 2 33 624 263 51534 1610
p 2 41 579 300 48040 1578
p 2 21 646 253 45184 1551
p 2 21 646 253 44073 1544
p 2 26 578 316 43231 1490
p 2 29 623 268 44369 1582
p 2 23 622 275 44831 1559
p 2 11 726 183 44789 1612
p 2 5 679 236 44587 1489
p 2 2 653 265 39377 1316
p 2 0 597 323 30601 1138
p 2 0 642 278 29299 1139
p 2 0 659 261 24733 1117
p 2 0 610 310 19090 1027
p 2 0 504 416 17320 908
p 2 0 605 315 15282 999
p 2 1 602 317 20804 1004
p 2 0 567 353 22642 980
p 2 1 516 403 22456 913
p 2 0 558 362 22433 941
p 2 0 574 346 26893 963
p 2 0 557 363 22605 952
p 2 0 462 458 22940 839
p 2 0 510 410 20112 887
p 2 0 525 395 20329 892
p 2 0 508 412 21208 867
p 2 0 463 457 21448 832
p 2 0 512 408 22378 900
p 2 0 501 419 22801 898
p 2 0 538 382 17700 904
p 2 0 489 431 17910 846
p 2 0 496 424 22086 873
p 2 0 582 338 22308 972
p 2 0 541 379 24730 920
p 2 0 460 460 21338 845
p 2 1 505 414 22051 888
p 2 1 506 413 20823 886
p 2 0 497 423 15905 877
p 2 0 455 465 15275 821
p 2 0 492 428 12651 843
p 2 11 554 355 41935 1120
p 2 0 520 400 25969 921
p 2 0 487 433 27189 895
p 2 0 499 421 26734 916
p 2 0 504 416 24487 936
p 2 1 548 371 28873 1015
p 2 0 577 343 30618 1071
p 2 1 532 387 32202 1072
p 2 2 604 314 33038 1162
p 2 2 583 335 34077 1201
p 2 1 563 356 33409 1184
p 2 2 572 346 34032 1173
p 2 1 584 335 32773 1188
p 2 0 596 324 32751 1245
p 2 1 592 327 32816 1277
p 2 1 659 260 36684 1353
p 2 0 723 197 33853 1403
p 2 0 685 235 34843 1337
p 2 0 629 291 34380 1298
p 2 0 674 246 34305 1377
p 2 1 672 247 33819 1349
p 2 2 658 260 31767 1293
p 2 3 618 299 32893 1238
p 2 1 667 252 32992 1269
p 2 0 686 234 33769 1334
p 2 0 674 246 34937 1330
p 2 0 605 315 33789 1253
p 2 0 665 255 31089 1294
p 2 0 667 253 35052 1315
p 2 1 657 262 36443 1313
p 2 5 674 241 36595 1371
p 2 0 674 246 37005 1324
p 2 0 627 293 35200 1230
p 2 1 655 264 33088 1246
p 2 0 674 246 34575 1306
p 2 1 689 230 35912 1347
p 2 0 618 302 34807 1274
p 2 0 617 303 36395 1268
p 2 0 621 299 31297 1219
p 2 1 705 214 34857 1338
p 2 0 671 249 36132 1293
p 2 3 610 307 36397 1255
p 2 0 598 322 36341 1207
p 2 1 656 263 36423 1247
p 2 3 664 253 32082 1249
p 2 2 647 271 33968 1254
p 2 0 604 316 35943 1230
p 2 1 654 265 37516 1293
p 2 0 652 268 37775 1304
p 2 0 643 277 37550 1320
p 2 1 600 319 32961 1237
p 2 0 649 271 37095 1300
p 2 4 656 260 37772 1311
p 2 0 647 273 38586 1297
p 2 1 627 292 37471 1283
p 2 0 639 281 37751 1282
p 2 0 636 284 36515 1260
p 2 2 682 236 38310 1307
p 2 0 649 271 37534 1244
p 2 1 623 296 37304 1218
p 2 2 606 312 36050 1193
p 2 3 638 279 33825 1243
p 2 2 645 273 36682 1276
p 2 2 673 245 37739 1310
p 2 3 666 251 39038 1302
p 2 5 668 247 39653 1321
p 2 0 700 220 38362 1288
p 2 1 680 239 34380 1223
p 2 0 615 305 34236 1125
p 2 0 665 255 35887 1193
p 2 2 657 261 37382 1231
p 2 4 672 244 38076 1281
p 2 2 608 310 37407 1201
p 2 5 662 253 34642 1284
p 2 7 682 231 38527 1321
p 2 4 664 252 39048 1317
p 2 2 678 240 39683 1321
p 2 1 669 250 40227 1284
p 2 1 623 296 39352 1247
p 2 1 663 256 37271 1278
p 2 0 649 271 38711 1252
p 2 1 661 258 38229 1263
p 2 4 636 280 37892 1246
p 2 0 624 296 39239 1242
p 2 3 649 268 34248 1293
p 2 2 691 227 36934 1345
p 2 1 659 260 35647 1239
p 2 1 653 266 36375 1259
p 2 0 736 184 38441 1381
p 2 2 661 257 38637 1327
p 2 0 667 253 35030 1285
p 2 0 659 261 37563 1260
p 2 0 662 258 37644 1251
p 2 0 685 235 38722 1295
p 2 3 617 300 40081 1252
p 2 1 650 269 40156 1313
p 2 1 689 230 35396 1345
p 2 5 660 255 40704 1315
p 2 1 618 301 38609 1262
p 2 1 647 272 39043 1298
p 2 2 671 247 40172 1340
p 2 1 655 264 41665 1336
p 2 0 618 302 39535 1267
p 2 1 648 271 41026 1297
p 2 3 674 243 50948 1366
p 2 2 675 243 40805 1344
p 2 1 641 278 41673 1329
p 2 1 641 278 37034 1296
p 2 2 660 258 39679 1320
p 2 4 677 239 40107 1305
p 2 4 676 240 40562 1299
p 2 1 726 193 42966 1387
p 2 5 674 241 43763 1382
p 2 1 653 266 41393 1331
p 2 2 707 211 43702 1411
p 2 2 700 218 45145 1410
p 2 2 639 279 44939 1344
p 2 1 676 243 45563 1397
p 2 1 703 216 46487 1386
p 2 7 679 234 42597 1361
p 2 1 700 219 44008 1319
p 2 1 658 261 43425 1291
p 2 1 661 258 43691 1349
p 2 2 700 218 44984 1409
p 2 2 749 169 46898 1452
p 2 1 705 214 44954 1380
p 2 0 684 236 45957 1349
p 2 0 690 230 45422 1347
p 2 1 699 220 45164 1399
p 2 2 697 221 44004 1390
p 2 0 663 257 42746 1300
p 2 2 654 264 42797 1269
p 2 0 665 255 43779 1251
p 2 2 704 214 45326 1339
p 2 5 647 268 44518 1308
p 2 1 671 248 45231 1349
p 2 142 617 161 53470 2170
p 2 1 703 216 39630 1275
p 2 4 669 247 40823 1220
p 2 1 638 281 41740 1176
p 2 1 704 215 45609 1279
p 2 4 687 229 43081 1296
p 2 3 620 297 39093 1184
p 2 0 648 272 41289 1212
p 2 2 667 251 41698 1251
p 2 0 702 218 42654 1288
p 2 0 646 274 42915 1223
p 2 2 664 254 44136 1258
p 2 1 622 297 43160 1210
p 2 6 664 250 43713 1254
p 2 0 650 270 43715 1206
p 2 0 608 312 43158 1143
p 2 0 591 329 45074 1130
p 2 0 616 304 42647 1165
p 2 0 645 275 43015 1180
p 2 0 603 317 42359 1132
p 2 0 578 342 41762 1116
p 2 0 646 274 41728 1190
p 2 0 631 289 42575 1188
p 2 0 639 281 44389 1194
p 2 1 623 296 42478 1178
p 2 1 718 201 44524 1294
p 2 0 627 293 43998 1166
p 2 0 586 334 44202 1125
p 2 4 599 317 42711 1171
p 2 1 748 171 42441 1331
p 2 5 701 214 43622 1286
p 2 0 667 253 43624 1214
p 2 1 629 290 43919 1175
p 2 0 696 224 45653 1258
p 2 0 696 224 45433 1261
p 2 27 659 234 60704 1467
p 2 0 637 283 40031 1144
p 2 0 660 260 44226 1178
p 2 0 705 215 45678 1251
p 2 0 693 227 47392 1245
p 2 0 606 314 44474 1137
p 2 0 692 228 40839 1230
p 2 0 625 295 41167 1162
p 2 2 595 323 43730 1164
p 2 1 639 280 44473 1205
p 2 1 639 280 44496 1201
p 2 0 591 329 42375 1111
p 2 0 583 337 38267 1081
p 2 0 603 317 39814 1110
p 2 0 657 263 40111 1181
p 2 0 611 309 39816 1120
p 2 0 589 331 39357 1096
p 2 0 595 325 33209 1082
p 2 137 624 159 86151 2392
p 2 2 676 242 45959 1387
p 2 1 655 264 46227 1277
p 2 0 665 255 45954 1254
p 2 1 677 242 43864 1257
p 2 0 616 304 44729 1183
p 2 3 670 247 44643 1234
p 2 2 677 241 45030 1238
p 2 3 672 245 45957 1236
p 2 0 684 236 45391 1266
p 2 2 670 248 47083 1263
p 2 4 683 233 48796 1300
p 2 9 688 223 49394 1373
p 2 3 651 266 49427 1338
p 2 4 667 249 51107 1384
p 2 2 709 209 55185 1411
p 2 5 687 228 56854 1407
p 2 1 662 257 58430 1347
p 2 1 700 219 58034 1392
p 2 4 718 198 58298 1430
p 2 2 703 215 56583 1398
p 2 3 651 266 54119 1366
p 2 2 677 241 50201 1358
p 2 1 704 215 50402 1353
p 2 2 721 197 49612 1337
p 2 0 718 202 50758 1343
p 2 3 691 226 41980 1278
p 2 6 682 232 46841 1285
p 2 0 682 238 47694 1251
p 2 2 701 217 49908 1303
p 2 4 685 231 50230 1305
p 2 3 639 278 51715 1274
p 2 1 668 251 45137 1258
p 2 4 702 214 51495 1334
p 2 8 658 254 52151 1342
p 2 3 632 285 52470 1312
p 2 2 673 245 51301 1330
p 2 1 685 234 47185 1331
p 2 3 675 242 51826 1344
p 2 5 687 228 55866 1399
p 2 5 678 237 59359 1405
p 2 3 701 216 60514 1416
p 2 10 666 244 59890 1415
p 2 3 704 213 60837 1413
p 2 5 674 241 61590 1412
p 2 3 699 218 59595 1402
p 2 3 669 248 54689 1324
p 2 0 687 233 55035 1324
p 2 3 720 197 51823 1346
p 2 3 712 205 49846 1317
p 2 0 700 220 50786 1283
p 2 0 694 226 52189 1293
p 2 0 663 257 52431 1255
p 2 2 637 281 53657 1244
p 2 1 683 236 49548 1283
p 2 0 712 208 52244 1302
p 2 4 667 249 53042 1284
p 2 3 640 277 53433 1261
p 2 3 626 291 55259 1278
p 2 3 658 259 54034 1298
p 2 0 699 221 52318 1286
p 2 1 674 245 56588 1264
p 2 0 664 256 60442 1275
p 2 2 721 197 63055 1371
p 2 7 716 197 64148 1424
p 2 4 691 225 63730 1376
p 2 3 665 252 63654 1350
p 2 8 757 155 63137 1470
p 2 3 713 204 59275 1349
p 2 2 657 261 57484 1292
p 2 3 704 213 59909 1348
p 2 3 708 209 50140 1312
p 2 6 679 235 54474 1298
p 2 0 721 199 56339 1308
p 2 2 693 225 55289 1301
p 2 2 714 204 57906 1332
p 2 1 699 220 58810 1338
p 2 3 717 200 51455 1367
p 2 5 717 198 73765 1486
p 2 6 739 175 64303 1455
p 2 2 730 188 65123 1416
p 2 3 693 224 65671 1425
p 2 0 714 206 66365 1377
p 2 1 746 173 64058 1418
p 2 3 718 199 66446 1425
p 2 3 710 207 66625 1412
p 2 260 536 124 84589 2747
p 2 19 731 170 63350 1645
p 2 31 731 158 47051 1628
p 2 26 735 159 50021 1676
p 2 5 713 202 48009 1466
p 2 17 744 159 66463 1697
p 2 17 720 183 67045 1679
p 2 17 744 159 66802 1684
p 2 20 734 166 66405 1649
p 2 6 718 196 62470 1537
p 2 0 755 165 62933 1475
p 2 15 745 160 63174 1555
p 2 32 739 149 64016 1675
p 2 39 690 191 65873 1688
p 2 14 719 187 62159 1581
p 2 3 747 170 60701 1523
p 2 10 735 175 59952 1572
p 2 22 688 210 61643 1597
p 2 15 724 181 61446 1552
p 2 17 717 186 61069 1528
p 2 8 724 188 62880 1496
p 2 4 736 180 60929 1495
p 2 18 713 189 60073 1541
p 2 45 683 192 60727 1641
p 2 38 697 185 47056 1623
p 2 23 727 170 50993 1612
p 2 25 662 233 48740 1526
p 2 32 700 188 63884 1656
p 2 32 703 185 64732 1639
p 2 30 704 186 63610 1600
p 2 19 712 189 63109 1551
p 2 7 723 190 63853 1503
p 2 22 709 189 66978 1594
p 2 24 701 195 68782 1650
p 2 52 677 191 70645 1802
p 2 49 683 188 72000 1784
p 2 29 710 181 70764 1663
p 2 29 715 176 71444 1680
p 2 46 692 182 69576 1734
p 2 35 709 176 68989 1713
p 2 39 719 162 70285 1770
p 2 17 733 170 71354 1661
p 2 13 723 184 70057 1580
p 2 9 683 228 70883 1512
p 2 9 714 197 56988 1508
p 2 12 696 212 54403 1498
p 2 8 753 159 61305 1535
p 2 8 726 186 67693 1509
p 2 6 753 161 66812 1480
p 2 2 776 142 68500 1518
p 2 4 805 111 68106 1598
p 2 1 765 154 67790 1540
p 2 6 725 189 67631 1525
p 2 7 793 120 70453 1657
p 2 10 746 164 70337 1624
p 2 30 728 162 73608 1757
p 2 48 700 172 70228 1811
p 2 31 758 131 72842 1813
p 2 14 749 157 73086 1689
p 2 11 786 123 73382 1723
p 2 11 751 158 72255 1673
p 2 11 749 160 76417 1692
p 2 13 745 162 75612 1736
p 2 21 759 140 76986 1821
p 2 39 724 157 75833 1862
p 2 49 689 182 77926 1856
p 2 26 722 172 62065 1714
p 2 33 722 165 84080 1898
p 2 28 757 135 79123 1889
p 2 23 716 181 79045 1839
p 2 33 732 155 77614 1887
p 2 66 723 131 79627 2078
p 2 59 808 53 78741 2204
p 2 49 747 124 72973 2028
p 2 26 757 137 73069 1918
p 2 29 758 133 72743 1906
p 2 27 765 128 72335 1840
p 2 30 749 141 69706 1836
p 2 43 720 157 67659 1877
p 2 34 737 149 68596 1940
p 2 21 766 133 72275 1868
p 2 11 752 157 67551 1734
p 2 15 753 152 68935 1702
p 2 14 765 141 62820 1691
p 2 23 739 158 66061 1700
p 2 49 744 127 70763 1958
p 2 31 692 197 71881 1783
p 2 27 673 220 71189 1746
p 2 35 773 112 99136 2088
p 2 30 742 148 82575 1929
p 2 27 736 157 80295 1853
p 2 17 754 149 78228 1773
p 2 21 763 136 76802 1795
p 2 19 742 159 73417 1707
p 2 17 755 148 68501 1689
p 2 269 558 93 86059 2656
p 2 2 735 183 60921 1429
p 2 0 741 179 61372 1443
p 2 0 706 214 60436 1398
p 2 0 759 161 59153 1453
p 2 1 724 195 60880 1454
p 2 0 764 156 60404 1499
p 2 0 732 188 60589 1447
p 2 0 664 256 59857 1325
p 2 0 663 257 54093 1263
p 2 0 707 213 53209 1298
p 2 1 728 191 57507 1381
p 2 0 687 233 57379 1356
p 2 1 660 259 58034 1336
p 2 0 720 200 58773 1399
p 2 0 711 209 56754 1388
p 2 0 670 250 56960 1352
p 2 1 718 201 58154 1433
p 2 0 698 222 57742 1379
p 2 2 735 183 57754 1396
p 2 1 703 216 56096 1327
p 2 0 632 288 46977 1216
p 2 0 676 244 53957 1307
p 2 0 725 195 56994 1389
p 2 6 677 237 57626 1379
p 2 1 683 236 58894 1374
p 2 3 665 252 57852 1355
p 2 3 760 157 56915 1467
p 2 1 696 223 58998 1371
p 2 0 662 258 60093 1322
p 2 1 689 230 59998 1353
p 2 2 669 249 60133 1323
p 2 14 696 210 51304 1367
p 2 1 678 241 55357 1310
p 2 0 689 231 56149 1301
p 2 1 669 250 57718 1305
p 2 3 637 280 58456 1272
p 2 0 659 261 59486 1279
p 2 2 677 241 58650 1294
p 2 225 622 73 84766 2618
p 2 0 773 147 59817 1367
p 2 0 747 173 60061 1329
p 2 3 740 177 61673 1358
p 2 1 728 191 60160 1322
p 2 2 742 176 56564 1347
p 2 1 799 120 62008 1458
p 2 10 723 187 63849 1412
p 2 20 763 137 67341 1571
p 2 13 722 185 67521 1516
p 2 8 698 214 68424 1493
p 2 5 760 155 66202 1530
p 2 3 726 191 68522 1479
p 2 4 763 153 67254 1493
p 2 4 732 184 67144 1446
p 2 4 693 223 63022 1413
p 2 0 716 204 63722 1424
p 2 1 751 168 68351 1545
p 2 7 719 194 70413 1622
p 2 12 687 221 70258 1593
p 2 12 699 209 72277 1615
p 2 2 727 191 67439 1487
p 2 1 751 168 66046 1495
p 2 0 780 140 69064 1547
p 2 2 743 175 70732 1507
p 2 1 704 215 68205 1441
p 2 2 736 182 67622 1457
p 2 1 721 198 58525 1411
p 2 2 717 201 64588 1454
p 2 7 696 217 66632 1507
p 2 3 769 148 68917 1565
p 2 5 726 189 67361 1486
p 2 3 740 177 66648 1454
p 2 1 745 174 62362 1418
p 2 1 711 208 64088 1386
p 2 1 693 226 68916 1393
p 2 0 730 190 65629 1354
p 2 3 722 195 66308 1362
p 2 0 724 196 66618 1332
p 2 2 668 250 64677 1266
p 2 1 695 224 61147 1266
p 2 0 691 229 62746 1251
p 2 0 670 250 62793 1218
p 2 0 642 278 61772 1204
p 2 271 532 117 86251 2679
p 2 2 716 202 46419 1365
p 2 1 770 149 46756 1411
p 2 1 704 215 44337 1312
p 2 0 708 212 60762 1392
p 2 0 726 194 61270 1425
p 2 0 760 160 62205 1461
p 2 0 724 196 62884 1378
p 2 4 696 220 59423 1369
p 2 4 716 200 60588 1413
p 2 0 747 173 62131 1453
p 2 3 716 201 62296 1440
p 2 0 739 181 63580 1417
p 2 4 723 193 58492 1371
p 2 0 700 220 61046 1374
p 2 2 705 213 60987 1399
p 2 10 724 186 59760 1464
p 2 1 735 184 58393 1385
p 2 1 706 213 57425 1341
p 2 4 741 175 60874 1416
p 2 1 758 161 59959 1429
p 2 1 699 220 60064 1349
p 2 1 744 175 60984 1417
p 2 5 712 203 44226 1339
p 2 2 736 182 46233 1330
p 2 0 773 147 45740 1367
p 2 0 724 196 59816 1394
p 2 2 685 233 61138 1372
p 2 1 748 171 61524 1423
p 2 3 701 216 60582 1350
p 2 3 686 231 61655 1362
p 2 12 682 226 62795 1404
p 2 2 700 218 60902 1369
p 2 0 665 255 61259 1301
p 2 3 636 281 61475 1275
p 2 0 670 250 61954 1290
p 2 3 704 213 63052 1372
p 2 2 670 248 63373 1322
p 2 3 685 232 62998 1338
p 2 244 573 103 79116 2427
p 2 0 726 194 67652 1329
p 2 1 690 229 61361 1284
p 2 0 728 192 62434 1346
p 2 0 696 224 47275 1253
p 2 0 723 197 45382 1269
p 2 1 661 258 44490 1157
p 2 3 706 211 59473 1335
p 2 19 677 224 61957 1442
p 2 44 704 172 66996 1628
p 2 14 706 200 67115 1526
p 2 0 742 178 66869 1439
p 2 0 710 210 66463 1367
p 2 2 714 204 67660 1399
p 2 1 716 203 67144 1405
p 2 12 743 165 67852 1592
p 2 33 712 175 68145 1685
p 2 36 713 171 70334 1742
p 2 23 727 170 70201 1714
p 2 8 759 153 69531 1582
p 2 11 742 167 69253 1554
p 2 16 722 182 68670 1554
p 2 13 739 168 68323 1587
p 2 5 782 133 67202 1583
p 2 7 763 150 67869 1672
p 2 27 794 99 70676 1863
p 2 30 767 123 54953 1781
p 2 20 734 166 55458 1637
p 2 3 717 200 53560 1471
p 2 9 781 130 66046 1629
p 2 3 755 162 68450 1550
p 2 9 745 166 69861 1590
p 2 8 744 168 71248 1588
p 2 20 759 141 74297 1769
p 2 24 734 162 75718 1797
p 2 33 755 132 72598 1878
p 2 36 703 181 66195 1757
p 2 3 705 212 61212 1518
p 2 19 681 220 68929 1595
p 2 12 747 161 73956 1678
p 2 6 730 184 76810 1691
p 2 4 723 193 75045 1643
p 2 2 762 156 73499 1646
p 2 2 742 176 70049 1573
p 2 5 709 206 68149 1560
p 2 1 761 158 66218 1581
p 2 8 712 200 65402 1548
p 2 6 699 215 65933 1521
p 2 1 757 162 61813 1503
p 2 2 846 72 68012 1671
p 2 87 738 95 75959 2059
p 2 63 723 134 72172 2021
p 2 83 677 160 74016 2074
p 2 12 733 175 72628 1811
p 2 22 745 153 68652 1797
p 2 30 743 147 71950 1889
p 2 29 734 157 69639 1829
p 2 13 738 169 69427 1797
p 2 14 739 167 68870 1771
p 2 24 728 168 69487 1849
p 2 13 753 154 64852 1796
p 2 16 745 159 68930 1785
p 2 29 723 168 69908 1820
p 2 14 751 155 67231 1749
p 2 15 751 154 66339 1720
p 2 13 769 138 67061 1687
p 2 12 742 166 63160 1634
p 2 4 783 133 62980 1611
p 2 6 776 138 62812 1591
p 2 4 769 147 62684 1543
p 2 3 748 169 61872 1462
p 2 2 723 195 60056 1406
p 2 2 714 204 60957 1396
p 2 7 762 151 61798 1496
p 2 5 724 191 59566 1437
p 2 0 706 214 58566 1356
p 2 3 744 173 58879 1425
p 2 3 722 195 58084 1369
p 2 2 717 201 59159 1364
p 2 1 713 206 59161 1351
p 2 2 663 255 58512 1302
p 2 5 691 224 60332 1352
p 2 1 726 193 58424 1350
p 2 1 686 233 55445 1274
p 2 1 671 248 59267 1254
p 2 2 704 214 59176 1308
p 2 0 712 208 60076 1316
p 2 291 499 130 74204 2412
p 2 8 647 265 52818 1189
p 2 25 613 282 53023 1220
p 2 48 611 261 54246 1319
p 2 265 512 143 73732 2391
p 2 29 729 162 57765 1610
p 2 8 731 181 57463 1514
p 2 5 746 169 56017 1518
p 2 9 747 164 56685 1504
p 2 23 750 147 58533 1565
p 2 0 684 236 53567 1222
p 2 0 641 279 53291 1136
p 2 9 655 256 54721 1233
p 2 27 635 258 55442 1311
p 2 41 648 231 55697 1422
p 2 257 532 131 78150 2428
p 2 24 733 163 60155 1539
p 2 4 753 163 61509 1480
p 2 5 762 153 62068 1497
p 2 10 743 167 62118 1510
p 2 31 719 170 63968 1594
p 2 40 694 186 62456 1547
p 2 179 587 154 68927 2156
p 2 63 688 169 74807 1881
p 2 34 739 147 68167 1762
p 2 14 744 162 69913 1630
p 2 4 740 176 68552 1535
p 2 19 744 157 80269 1711
p 2 2 781 137 66407 1537
p 2 4 746 170 69640 1531
p 2 2 771 147 69757 1585
p 2 12 758 150 71530 1649
p 2 4 799 117 72982 1672
p 2 9 750 161 68450 1605
p 2 15 758 147 72092 1681
p 2 13 742 165 73801 1714
p 2 16 763 141 73680 1740
p 2 13 738 169 73301 1667
p 2 20 717 183 72871 1640
p 2 16 715 189 67029 1561
p 2 5 741 174 67330 1528
p 2 6 764 150 65498 1509
p 2 21 731 168 66823 1569
p 2 21 699 200 67752 1589
p 2 15 749 156 63964 1671
p 2 20 711 189 63873 1645
p 2 26 698 196 63868 1643
p 2 303 482 135 69728 2441
p 2 8 732 180 49433 1382
p 2 7 723 190 50562 1381
p 2 5 692 223 51076 1327
p 2 1 624 295 50393 1209
p 2 30 750 140 79329 1704
p 2 23 762 135 77232 1636
p 2 31 786 103 71879 1685
p 2 23 809 88 65963 1629
p 2 26 780 114 62389 1594
p 2 17 724 179 56856 1454
p 2 10 796 114 51746 1506
p 2 5 751 164 49407 1403
p 2 1 685 234 47356 1270
p 2 0 699 221 44474 1214
p 2 0 733 187 43625 1233
p 2 0 686 234 42205 1166
p 2 3 585 332 40882 1049
p 2 3 533 384 40742 990
p 2 5 643 272 41409 1102
p 2 0 669 251 42902 1118
p 2 3 667 250 42556 1141
p 2 2 591 327 40627 1035
p 2 247 567 106 71649 2664
p 2 23 679 218 57049 1604
p 2 9 671 240 55356 1529
p 2 4 685 231 53217 1464
p 2 1 609 310 51812 1307
p 2 5 723 192 50771 1375
p 2 3 652 265 47385 1197
p 2 0 570 350 46051 1093
p 2 3 683 234 46926 1253
p 2 5 624 291 54563 1314
p 2 17 619 284 62651 1547
p 2 24 695 201 68311 1785
p 2 39 650 231 69575 1876
p 2 42 673 205 67906 1909
p 2 22 672 226 65945 1717
p 2 10 716 194 62033 1637
p 2 9 832 79 60055 1727
p 2 11 695 214 57400 1478
p 2 272 546 102 71048 2511
p 2 5 665 250 46484 1337
p 2 7 703 210 48532 1410
p 2 5 691 224 47801 1411
p 2 9 668 243 47743 1376
p 2 3 613 304 48129 1222
p 2 6 678 236 47508 1285
p 2 5 684 231 47953 1259
p 2 1 687 232 46771 1213
p 2 0 650 270 45869 1109
p 2 1 691 228 45500 1185
p 2 0 637 283 44654 1110
p 2 0 590 330 43746 1049
p 2 3 673 244 45201 1188
p 2 7 626 287 44332 1179
p 2 4 562 354 43657 1122
p 2 8 605 307 44869 1222
p 2 9 631 280 46391 1286
p 2 5 637 278 45666 1257
p 2 0 584 336 44940 1175
p 2 0 616 304 40764 1173
p 2 0 643 277 42512 1161
p 2 0 622 298 44281 1182
p 2 1 574 345 43517 1133
p 2 1 660 259 44330 1249
p 2 6 640 274 44247 1259
p 2 9 571 340 43956 1192
p 2 0 679 241 42584 1180
p 2 1 604 315 38655 1050
p 2 1 570 349 38548 1003
p 2 1 604 315 38694 1061
p 2 1 620 299 40505 1086
p 2 1 600 319 40944 1065
p 2 3 552 365 41251 1005
p 2 0 645 275 40780 1090
p 2 1 587 332 39778 1022
p 2 1 562 357 40884 991
p 2 0 621 299 40489 1071
p 2 0 606 314 41828 1054
p 2 1 610 309 42909 1104
p 2 3 599 318 43867 1126
p 2 0 583 337 42798 1110
p 2 0 596 324 38833 1119
p 2 1 607 312 43001 1169
p 2 9 594 317 43466 1183
p 2 10 622 288 44029 1244
p 2 4 598 318 44933 1259
p 2 4 585 331 44334 1256
p 2 3 622 295 43118 1288
p 2 5 634 281 42734 1270
p 2 3 665 252 39677 1273
p 2 0 616 304 38886 1180
p 2 1 588 331 37465 1114
p 2 0 564 356 37837 1075
p 2 0 588 332 37760 1076
p 2 2 590 328 36669 1038
p 2 0 579 341 36259 1029
p 2 0 562 358 37400 1043
p 2 2 618 300 39286 1141
p 2 4 581 335 37936 1124
p 2 0 583 337 39267 1133
p 2 0 586 334 39840 1128
p 2 8 607 305 39125 1192
p 2 0 601 319 38015 1130
p 2 0 587 333 35050 1126
p 2 0 594 326 38276 1104
p 2 1 626 293 39712 1155
p 2 0 607 313 39553 1133
p 2 1 587 332 39977 1122
p 2 2 616 302 39705 1140
p 2 10 613 297 38523 1131
p 2 0 575 345 37435 1010
p 2 0 606 314 34875 1027
p 2 0 615 305 35038 1039
p 2 0 624 296 34460 1050
p 2 0 587 333 35209 994
p 2 0 568 352 36450 991
p 2 0 556 364 36984 985
p 2 0 609 311 38558 1066
p 2 0 576 344 39518 1051
p 2 2 573 345 40325 1089
p 2 4 607 309 38374 1093
p 2 0 601 319 40828 1108
p 2 4 599 317 41946 1128
p 2 7 600 313 42111 1137
p 2 7 593 320 42509 1161
p 2 0 636 284 38232 1164
p 2 0 590 330 38628 1074
p 2 4 568 348 39171 1079
p 2 2 590 328 40434 1116
p 2 304 400 216 59939 2373
p 2 12 629 279 40363 1207
p 2 1 619 300 39216 1109
p 2 0 560 360 36709 1006
p 2 0 545 375 32325 957
p 2 0 610 310 32603 1029
p 2 0 628 292 31414 1018
p 2 0 576 344 33282 975
p 2 0 519 401 33957 913
p 2 0 559 361 35680 1005
p 2 1 608 311 35726 1091
p 2 15 575 330 37795 1171
p 2 17 544 359 38582 1180
p 2 25 531 364 37237 1237
p 2 24 567 329 37076 1248
p 2 3 618 299 37062 1217
p 2 2 606 312 35467 1169
p 2 1 575 344 34055 1101
p 2 0 569 351 29911 1070
p 2 0 631 289 34621 1197
p 2 2 645 273 35443 1240
p 2 5 624 291 36759 1287
p 2 5 568 347 37310 1234
p 2 1 565 354 36769 1206
p 2 7 589 324 33943 1185
p 2 1 646 273 33320 1192
p 2 2 609 309 30500 1122
p 2 1 560 359 29981 1026
p 2 0 560 360 28885 1023
p 2 0 599 321 30710 1045
p 2 1 589 330 31921 1048
p 2 1 583 336 31123 1046
p 2 6 536 378 31026 1026
p 2 0 560 360 30906 1012
p 2 4 591 325 32556 1077
p 2 0 582 338 31473 1045
p 2 0 605 315 33483 1077
p 2 0 549 371 34362 1023
p 2 1 531 388 33635 1004
p 2 3 529 388 33044 1010
p 2 0 543 377 28512 987
p 2 0 543 377 32589 1000
p 2 0 545 375 32795 999
p 2 295 371 254 53043 2191
p 2 1 631 288 36264 1120
p 2 0 617 303 37144 1131
p 2 0 605 315 38582 1108
p 2 9 503 408 35209 1035
p 2 0 606 314 33851 1059
p 2 6 569 345 33864 1053
p 2 2 523 395 33638 969
p 2 0 597 323 34893 1050
p 2 0 590 330 35721 1029
p 2 0 520 400 36841 977
p 2 7 583 330 37074 1094
p 2 0 547 373 35744 1046
p 2 1 582 337 36742 1102
p 2 0 550 370 35113 1069
p 2 2 585 333 36578 1097
p 2 1 551 368 36612 1065
p 2 1 531 388 37358 1032
p 2 3 529 388 36679 1003
p 2 10 569 341 35428 1063
p 2 1 535 384 32720 977
p 2 2 567 351 37670 1014
p 2 0 531 389 38124 955
p 2 0 564 356 38749 1023
p 2 1 591 328 40272 1095
p 2 1 642 277 41336 1168
p 2 3 592 325 39379 1134
p 2 0 530 390 38126 1061
p 2 4 591 325 36295 1155
p 2 2 542 376 38094 1121
p 2 0 568 352 38596 1137
p 2 1 547 372 38529 1086
p 2 0 576 344 38395 1083
p 2 1 545 374 35582 1038
p 2 1 532 387 34204 998
p 2 0 519 401 37101 979
p 2 0 513 407 35780 957
p 2 195 476 249 51696 1884
p 2 6 611 303 41024 1142
p 2 2 542 376 40575 1025
p 2 2 585 333 43291 1085
p 2 0 595 325 43756 1094
p 2 3 579 338 42223 1101
p 2 2 539 379 42771 1058
p 2 8 555 357 43383 1153
p 2 5 574 341 44358 1143
p 2 8 572 340 41525 1152
p 2 3 576 341 43035 1117
p 2 6 575 339 42939 1110
p 2 6 643 271 40391 1160
p 2 4 571 345 41282 1067
p 2 4 614 302 42902 1162
p 2 5 578 337 45667 1167
p 2 7 536 377 45624 1140
p 2 5 595 320 45640 1193
p 2 5 570 345 43541 1138
p 2 8 529 383 42038 1061
p 2 2 531 387 40888 1030
p 2 2 510 408 37908 972
p 2 0 557 363 36369 975
p 2 0 538 382 33866 941
p 2 0 479 441 34581 882
p 2 0 525 395 34961 933
p 2 0 527 393 34659 973
p 2 1 532 387 32699 975
p 2 1 549 370 35138 1025
p 2 0 506 414 35858 983
p 2 2 549 369 35313 1033
p 2 1 535 384 32568 1011
p 2 1 537 382 33078 978
p 2 2 504 414 32082 933
p 2 5 504 411 31091 936
p 2 0 530 390 31296 950
p 2 0 485 435 32347 928
p 2 0 514 406 36422 996
p 2 0 610 310 38537 1116
p 2 0 525 395 39181 1013
p 2 3 547 370 39318 1021
p 2 1 527 392 37930 1009
p 2 0 469 451 36866 931
p 2 0 543 377 37671 990
p 2 1 543 376 37196 1007
p 2 0 501 419 36823 956
p 2 1 465 454 35063 932
p 2 1 471 448 35413 962
p 2 1 537 382 34401 1021
p 2 0 476 444 32091 949
p 2 0 523 397 31011 1003
p 2 0 494 426 31804 952
p 2 0 524 396 32446 991
p 2 0 500 420 30815 970
p 2 1 471 448 27595 915
p 2 0 483 437 26929 907
p 2 0 533 387 27069 964
p 2 0 497 423 26983 906
p 2 0 459 461 26987 882
p 2 2 443 475 27392 864
p 2 0 583 337 32761 1028
p 2 0 529 391 32983 952
p 2 1 451 468 32795 866
p 2 1 479 440 32209 894
p 2 1 493 426 31774 908
p 2 1 479 440 32327 906
p 2 3 507 410 33569 985
p 2 0 474 446 33297 927
p 2 1 463 456 32464 915
p 2 3 458 459 28915 914
p 2 0 509 411 30273 965
p 2 3 490 427 29845 970
p 2 0 468 452 29714 934
p 2 3 471 446 28874 940
p 2 0 501 419 30976 950
p 2 0 492 428 31042 919
p 2 0 524 396 30995 956
p 2 0 478 442 27965 895
p 2 6 677 237 29194 1173
p 2 0 572 348 26809 954
p 2 0 542 378 28311 937
p 2 2 491 427 28594 902
p 2 0 513 407 29592 941
p 2 1 572 347 34766 1026
p 2 0 624 296 36645 1087
p 2 1 550 369 37000 1026
p 2 8 502 410 37096 1012
p 2 0 528 392 37172 1001
p 2 3 573 344 37166 1075
p 2 2 547 371 36658 996
p 2 1 552 367 36389 988
p 2 0 535 385 35828 954
p 2 1 557 362 34116 984
p 2 6 553 361 35713 1040
p 2 0 492 428 35240 957
p 2 0 536 384 33645 976
p 2 0 559 361 31873 955
p 2 0 555 365 33123 948
p 2 0 575 345 33201 976
p 2 0 529 391 31860 915
p 2 0 548 372 29730 929
p 2 0 547 373 28956 900
p 2 0 553 367 29755 924
p 2 0 514 406 29924 891
p 2 2 475 443 29738 846
p 2 3 468 449 29993 854
p 2 0 563 357 35081 941
p 2 3 538 379 36275 952
p 2 5 531 384 36193 946
p 2 0 502 418 35384 880
p 2 0 573 347 35452 982
p 2 0 540 380 34239 920
p 2 1 536 383 34686 934
p 2 0 508 412 34914 903
p 2 0 506 414 35080 893
p 2 0 511 409 32397 889
p 2 1 531 388 32721 916
p 2 0 495 425 32077 890
p 2 0 551 369 30320 939
p 2 0 540 380 28957 918
p 2 2 552 366 31464 930
p 2 0 536 384 31326 897
p 2 0 545 375 31164 913
p 2 0 526 394 27892 892
p 2 0 522 398 27291 895
p 2 0 535 385 26913 897
p 2 1 520 399 26866 896
p 2 0 507 413 27028 862
p 2 1 456 463 27454 819
p 2 0 545 375 32417 928
p 2 2 526 392 32710 936
p 2 1 542 377 32430 927
p 2 0 509 411 32133 900
p 2 0 523 397 31605 905
p 2 5 521 394 34931 961
p 2 0 539 381 30601 899
p 2 0 483 437 30955 858
p 2 1 540 379 30510 923
p 2 5 475 440 29799 883
p 2 0 488 432 29396 870
p 2 0 525 395 29497 912
p 2 0 481 439 29911 869
p 2 1 481 438 28539 873
p 2 0 457 463 27154 836
p 2 156 492 272 49559 1825
p 2 0 550 370 28883 944
p 2 0 562 358 29892 983
p 2 2 530 388 30817 984
p 2 1 548 371 31649 1020
p 2 3 542 375 31387 997
p 2 1 520 399 28898 934
p 2 3 482 435 27745 900
p 2 1 479 440 31918 885
p 2 5 496 419 31208 911
p 2 0 481 439 31466 847
p 2 0 477 443 32179 840
p 2 272 392 256 42387 1993
p 2 251 448 221 45427 2052
p 2 30 636 254 41591 1559
p 2 9 586 325 38906 1249
p 2 36 620 264 41284 1461
p 2 186 478 256 42802 1819
p 2 185 456 279 42944 1793
p 2 188 454 278 43161 1782
p 2 184 500 236 46492 1842
p 2 3 629 288 40665 1192
p 2 2 583 335 40080 1134
p 2 1 647 272 39292 1195
p 2 1 615 304 35747 1156
p 2 1 548 371 35430 1078
p 2 1 594 325 34940 1132
p 2 1 595 324 35314 1125
p 2 0 610 310 40645 1153
p 2 0 608 312 40343 1154
p 2 1 624 295 42924 1174
p 2 4 660 256 43681 1247
p 2 2 623 295 41574 1171
p 2 5 586 329 45653 1167
p 2 8 656 256 45286 1265
p 2 1 620 299 42980 1175
p 2 2 648 270 45752 1213
p 2 3 603 314 47306 1191
p 2 9 567 344 46785 1200
p 2 7 606 307 45208 1215
p 2 4 613 303 44827 1193
p 2 1 588 331 45380 1139
p 2 5 618 297 43958 1168
p 2 8 588 324 44405 1157
p 2 6 577 337 44161 1127
p 2 332 391 197 67693 2468
p 2 16 629 275 53705 1407
p 2 15 638 267 51776 1408
p 2 14 664 242 50640 1454
p 2 7 660 253 49949 1382
p 2 5 626 289 47713 1301
p 2 8 601 311 47411 1271
p 2 3 638 279 41099 1303
p 2 7 665 248 43982 1384
p 2 3 641 276 43899 1358
p 2 11 603 306 44348 1374
p 2 5 682 233 43498 1428
p 2 1 641 278 42453 1342
p 2 2 681 237 44264 1361
p 2 2 658 260 41937 1322
p 2 3 621 296 40391 1288
p 2 8 634 278 39897 1332
p 2 1 669 250 39029 1319
p 2 1 634 285 39367 1249
p 2 0 668 252 40083 1283
p 2 0 630 290 40421 1219
p 2 0 602 318 41028 1182
p 2 0 627 293 41360 1216
p 2 0 657 263 42804 1237
p 2 0 660 260 40760 1235
p 2 1 687 232 41818 1258
p 2 0 647 273 40707 1198
p 2 1 670 249 40881 1212
p 2 1 641 278 40632 1171
p 2 1 666 253 37237 1204
p 2 0 641 279 39842 1148
p 2 7 674 239 43828 1260
p 2 147 517 256 49078 1870
p 2 4 612 304 46272 1242
p 2 5 616 299 45775 1246
p 2 3 653 264 47621 1299
p 2 6 642 272 45179 1313
p 2 4 663 253 43448 1326
p 2 8 637 275 41810 1317
p 2 7 685 228 39720 1366
p 2 1 653 266 40468 1291
p 2 1 684 235 40479 1311
p 2 2 641 277 41783 1260
p 2 1 600 319 41284 1217
p 2 2 634 284 41251 1247
p 2 8 674 238 40846 1319
p 2 0 641 279 38071 1238
p 2 0 635 285 39121 1228
p 2 1 648 271 39186 1253
p 2 1 736 183 40890 1379
p 2 0 655 265 40516 1257
p 2 2 682 236 36710 1286
p 2 0 640 280 38796 1223
p 2 1 610 309 37534 1201
p 2 0 632 288 37907 1198
p 2 0 673 247 38621 1250
p 2 0 632 288 37435 1190
p 2 0 608 312 38515 1183
p 2 1 632 287 37124 1239
p 2 0 656 264 35465 1246
p 2 0 617 303 34721 1187
p 2 0 584 336 34444 1121
p 2 0 615 305 34690 1130
p 2 0 645 275 35520 1176
p 2 0 606 314 36016 1123
p 2 0 588 332 35500 1112
p 2 0 608 312 35764 1104
p 2 137 528 255 44363 1872
p 2 4 616 300 33787 1121
p 2 0 601 319 34345 1076
p 2 0 623 297 35354 1115
p 2 0 646 274 36675 1193
p 2 3 638 279 37012 1249
p 2 2 656 262 34310 1272
p 2 2 620 298 36326 1214
p 2 2 634 284 35326 1197
p 2 1 628 291 35291 1204
p 2 2 641 277 34825 1255
p 2 3 617 300 35999 1223
p 2 2 651 267 40926 1277
p 2 0 629 291 35738 1218
p 2 0 598 322 33036 1149
p 2 2 595 323 35476 1204
p 2 10 643 267 35811 1313
p 2 10 598 312 34782 1249
p 2 3 613 304 35170 1198
p 2 0 580 340 34785 1103
p 2 0 561 359 33612 1031
p 2 0 584 336 33967 1066
p 2 1 632 287 35592 1142
p 2 0 580 340 33946 1099
p 2 1 569 350 34848 1114
p 2 0 592 328 36087 1120
p 2 0 630 290 36367 1159
p 2 0 569 351 36069 1071
p 2 0 614 306 32131 1100
p 2 0 585 335 34039 1044
p 2 0 594 326 33914 1062
p 2 0 604 316 33468 1076
p 2 1 585 334 33449 1054
p 2 0 545 375 33870 1027
p 2 0 612 308 34836 1111
p 2 0 580 340 33292 1097
p 2 5 593 322 31333 1187
p 2 3 574 343 30972 1143
p 2 2 601 317 28634 1141
p 2 0 607 313 29279 1107
p 2 0 563 357 30497 1074
p 2 0 582 338 30040 1070
p 2 0 611 309 30408 1080
p 2 0 554 366 29041 1058
p 2 1 602 317 30402 1128
p 2 0 587 333 28673 1092
p 2 0 589 331 29795 1096
p 2 0 588 332 30487 1082
p 2 0 599 321 28704 1037
p 2 1 576 343 29697 1038
p 2 0 545 375 25756 997
p 2 0 577 343 28029 1030
p 2 0 546 374 26960 969
p 2 0 503 417 26136 909
p 2 0 544 376 26542 954
p 2 0 569 351 27088 993
p 2 0 568 352 28295 1022
p 2 1 515 404 26507 983
p 2 0 518 402 25365 983
p 2 0 522 398 25077 991
p 2 1 576 343 23769 1073
p 2 0 545 375 25395 1003
p 2 312 342 266 47802 2368
p 2 0 632 288 31307 1170
p 2 5 619 296 35848 1241
p 2 5 619 296 33796 1249
p 2 6 626 288 41762 1349
p 2 17 596 307 39024 1471
p 2 29 598 293 37236 1538
p 2 7 631 282 35694 1408
p 2 1 659 260 35410 1376
p 2 2 616 302 34325 1256
p 2 2 715 203 31687 1355
p 2 0 661 259 33081 1198
p 2 1 608 311 32936 1113
p 2 4 656 260 33449 1200
p 2 0 646 274 32734 1157
p 2 0 600 320 31350 1151
p 2 0 628 292 30072 1206
p 2 0 634 286 31503 1241
p 2 0 624 296 31489 1245
p 2 0 581 339 30860 1179
p 2 0 625 295 29893 1217
p 2 7 600 313 28601 1152
p 2 0 611 309 26654 1081
p 2 3 598 319 26374 1059
i 2 920 0 0 89720 4427
p 2 4 526 390 32980 1100
p 2 2 512 406 31607 1063
p 2 0 583 337 32213 1127
p 2 7 582 331 37980 1221
p 2 1 540 379 36749 1143
p 2 1 588 331 38739 1189
p 2 0 628 292 38204 1197
p 2 1 630 289 36780 1194
p 2 2 586 332 39169 1132
p 2 0 550 370 39406 1073
p 2 1 608 311 37689 1133
p 2 5 590 325 38425 1127
p 2 5 576 339 36876 1118
p 2 310 463 147 61992 2485
p 2 8 633 279 38726 1190
p 2 4 590 326 38695 1124
p 2 12 640 268 38905 1241
p 2 5 659 256 37206 1222
p 2 1 615 304 35835 1148
p 2 5 576 339 35397 1140
p 2 4 563 353 38024 1117
p 2 8 595 317 38393 1184
p 2 4 636 280 37944 1218
p 2 3 609 308 36965 1170
p 2 1 569 350 35871 1109
p 2 0 593 327 35045 1110
p 2 0 613 307 33223 1126
p 2 1 588 331 32388 1091
p 2 0 545 375 32928 1018
p 2 1 600 319 33903 1092
p 2 3 595 322 33688 1118
p 2 1 584 335 33145 1096
p 2 1 541 378 32263 1053
p 2 2 588 330 31759 1101
p 2 0 595 325 30497 1076
p 2 0 593 327 29536 1053
p 2 0 587 333 28772 1017
p 2 0 578 342 28316 1015
p 2 1 657 262 29604 1110
p 2 0 582 338 28631 1029
p 2 0 594 326 28025 1032
p 2 0 560 360 27913 995
p 2 0 543 377 28430 980
p 2 0 561 359 30050 1029
p 2 0 582 338 30027 1039
p 2 0 581 339 30523 1048
p 2 0 545 375 30182 1013
p 2 1 591 328 29848 1086
p 2 0 589 331 29079 1069
p 2 0 577 343 26815 1052
p 2 0 545 375 27882 1011
p 2 1 564 355 28671 1038
p 2 0 572 348 28780 1043
p 2 0 558 362 27915 1038
p 2 0 547 373 27696 1035
p 2 0 594 326 29653 1080
p 2 0 601 319 28592 1091
p 2 1 585 334 26798 1060
p 2 0 550 370 26303 1007
p 2 0 565 355 26077 1027
p 2 1 566 353 26116 1018
p 2 2 618 300 27275 1103
p 2 1 629 290 28472 1094
p 2 2 570 348 28646 1079
p 2 1 628 291 27945 1085
p 2 0 615 305 29241 1080
p 2 0 554 366 28037 1001
p 2 4 586 330 28378 1071
p 2 0 595 325 28010 1046
p 2 1 573 346 28251 1035
p 2 0 542 378 27898 989
p 2 2 559 359 27217 1015
p 2 1 599 320 28774 1056
p 2 2 577 341 29205 1055
p 2 0 537 383 28069 981
p 2 2 581 337 28950 1060
p 2 5 591 324 29175 1086
p 2 0 581 339 29787 1066
p 2 5 529 386 28884 1046
p 2 1 565 354 28442 1042
p 2 0 586 334 28168 1043
p 2 2 557 361 27245 1015
p 2 0 544 376 28012 993
p 2 4 555 361 29076 1027
p 2 0 594 326 28698 1047
p 2 1 610 309 29856 1087
p 2 0 575 345 30530 1053
p 2 1 646 273 32016 1144
p 2 0 664 256 32173 1130
p 2 0 590 330 32490 1060
p 2 8 616 296 33690 1147
p 2 0 601 319 32804 1082
p 2 1 532 387 32780 1017
p 2 0 600 320 31644 1099
p 2 2 628 290 33340 1133
p 2 0 591 329 33568 1090
p 2 3 635 282 34822 1164
p 2 0 620 300 35688 1135
p 2 7 552 361 34951 1118
p 2 0 603 317 35597 1128
p 2 1 618 301 34864 1151
p 2 1 609 310 33436 1135
p 2 3 565 352 33183 1102
p 2 0 594 326 33538 1078
p 2 1 614 305 34809 1073
p 2 5 599 316 34812 1095
p 2 0 559 361 34783 1030
p 2 0 612 308 35177 1090
p 2 0 621 299 33873 1095
p 2 0 611 309 35431 1118
p 2 0 634 286 35951 1128
p 2 0 647 273 38501 1163
p 2 0 646 274 39371 1181
p 2 0 607 313 39726 1136
p 2 0 567 353 39061 1102
p 2 0 609 311 37831 1155
p 2 2 649 269 38550 1210
p 2 0 604 316 40659 1157
p 2 1 584 335 40255 1133
p 2 2 593 325 40276 1165
p 2 1 636 283 40674 1200
p 2 1 595 324 40961 1188
p 2 2 648 270 38590 1219
p 2 1 615 304 36693 1165
p 2 0 635 285 36838 1157
p 2 0 604 316 36153 1103
p 2 0 584 336 36879 1080
p 2 0 607 313 38195 1103
p 2 0 638 282 38647 1133
p 2 0 626 294 37693 1141
p 2 0 583 337 36948 1107
p 2 0 585 335 38242 1111
p 2 0 578 342 37308 1102
p 2 0 664 256 38664 1218
p 2 0 628 292 39045 1169
p 2 0 580 340 38637 1119
p 2 0 582 338 36982 1103
p 2 0 616 304 33768 1140
p 2 0 641 279 35839 1172
p 2 0 627 293 36631 1169
p 2 0 640 280 36831 1204
p 2 0 604 316 36880 1178
p 2 0 586 334 36562 1167
p 2 0 593 327 36948 1207
p 2 0 655 265 37664 1268
p 2 0 617 303 37049 1226
p 2 3 583 334 36232 1201
p 2 3 633 284 36114 1222
p 2 0 642 278 36840 1213
p 2 2 625 293 36557 1177
p 2 4 581 335 35064 1138
p 2 0 623 297 34547 1132
p 2 1 634 285 34956 1164
p 2 3 609 308 37245 1189
p 2 0 575 345 34575 1127
p 2 2 605 313 35749 1195
p 2 1 640 279 36989 1242
p 2 11 634 275 36269 1313
p 2 6 621 293 35867 1272
p 2 6 669 245 37521 1338
p 2 5 624 291 38208 1266
p 2 4 595 321 41139 1252
p 2 4 637 279 41556 1298
p 2 1 635 284 40662 1264
p 2 3 596 321 38932 1210
p 2 9 612 299 40532 1297
p 2 2 638 280 39863 1282
p 2 2 621 297 39845 1261
p 2 4 597 319 40077 1233
p 2 0 622 298 39988 1230
p 2 3 653 264 39523 1237
p 2 1 618 301 37633 1173
p 2 7 581 332 37020 1135
p 2 1 620 299 35292 1136
p 2 2 628 290 33206 1142
p 2 4 594 322 33947 1135
p 2 4 622 294 35237 1170
p 2 1 584 335 34206 1120
p 2 1 565 354 34353 1090
p 2 0 580 340 36348 1128
p 2 6 604 310 38258 1190
p 2 6 645 269 43543 1276
p 2 15 657 248 49153 1380
p 2 29 718 173 64487 1632
p 2 24 740 156 59980 1615
p 2 20 763 137 63063 1678
p 2 19 763 138 63316 1691
p 2 15 747 158 58591 1662
p 2 4 726 190 54769 1591
p 2 0 753 167 57109 1571
p 2 1 781 138 56518 1569
p 2 0 769 151 56492 1505
p 2 0 714 206 52410 1376
p 2 0 781 139 46803 1374
p 2 0 745 175 38686 1276
p 2 0 740 180 38764 1288
p 2 0 751 169 39528 1315
p 2 4 777 139 40965 1408
p 2 3 735 182 39634 1380
p 2 6 711 203 39699 1379
p 2 3 668 249 44331 1377
p 2 10 695 215 46650 1431
p 2 2 723 195 48506 1435
p 2 3 703 214 49826 1428
p 2 4 683 233 53009 1400
p 2 2 716 202 49960 1413
p 2 0 711 209 53510 1412
p 2 1 702 217 57896 1450
p 2 2 682 236 58626 1472
p 2 2 708 210 58026 1497
p 2 2 717 201 57725 1513
p 2 257 659 4 101606 2968
p 2 54 811 55 91246 2042
p 2 25 766 129 87780 1831
p 2 17 816 87 88394 1817
p 2 14 804 102 79640 1683
p 2 13 797 110 75655 1633
p 2 7 808 105 71332 1576
p 2 8 789 123 67681 1550
p 2 7 793 120 64015 1523
p 2 6 773 141 63805 1519
p 2 8 795 117 63654 1560
p 2 3 765 152 62236 1502
p 2 6 755 159 61951 1512
p 2 2 736 182 61924 1479
p 2 0 779 141 60628 1495
p 2 12 763 145 81094 1697
p 2 2 808 110 75448 1659
p 2 5 786 129 74359 1650
p 2 5 762 153 75478 1649
p 2 5 796 119 77965 1704
p 2 15 779 126 83289 1716
p 2 9 779 132 76257 1651
p 2 12 767 141 73260 1664
p 2 6 792 122 74641 1665
p 2 7 868 45 75760 1791
p 2 3 887 30 77547 1738
p 2 0 844 76 75237 1628
p 2 3 841 76 74077 1655
p 2 8 797 115 71613 1611
p 2 0 806 114 71985 1603
p 2 0 787 133 73425 1593
p 2 1 776 143 73078 1583
p 2 2 769 149 74435 1588
p 2 2 781 137 73803 1605
p 2 3 755 162 71136 1573
p 2 4 756 160 71185 1518
p 2 5 748 167 70097 1486
p 2 2 759 159 69325 1495
p 2 2 756 162 69182 1522
p 2 0 759 161 68864 1541
p 2 1 747 172 67400 1518
p 2 1 758 161 68961 1528
p 2 0 744 176 70717 1506
p 2 0 771 149 71248 1553
p 2 2 740 178 72008 1540
p 2 2 744 174 68822 1543
p 2 2 738 180 66999 1478
p 2 6 746 168 67005 1474
p 2 1 820 99 67667 1550
p 2 1 881 38 71763 1661
p 2 6 799 115 68476 1565
p 2 1 799 120 65943 1527
p 2 1 769 150 67768 1503
p 2 0 811 109 70221 1565
p 2 1 770 149 70876 1516
p 2 2 774 144 69993 1508
p 2 1 764 155 69791 1475
p 2 1 785 134 66996 1503
p 2 6 757 157 68337 1527
p 2 0 724 196 66580 1441
p 2 1 754 165 66626 1469
p 2 0 764 156 66392 1463
p 2 1 752 167 66177 1442
p 2 1 718 201 66090 1408
p 2 2 723 195 69283 1440
p 2 4 735 181 70276 1475
p 2 3 710 207 69669 1429
p 2 1 702 217 69772 1417
p 2 2 689 229 65856 1379
p 2 0 705 215 65245 1348
p 2 0 724 196 64863 1353
p 2 1 683 236 65283 1277
p 2 1 794 125 66225 1416
p 2 6 867 47 68236 1548
p 2 1 789 130 66904 1441
p 2 8 738 174 68583 1466
p 2 10 756 154 70163 1528
p 2 6 781 133 72975 1542
p 2 2 760 158 72799 1493
p 2 1 747 172 71493 1481
p 2 10 740 170 66815 1512
p 2 1 777 142 67810 1479
p 2 1 739 180 67607 1417
p 2 2 739 179 69371 1422
p 2 1 751 168 70124 1420
p 2 1 772 147 71703 1444
p 2 2 743 175 71840 1430
p 2 2 752 166 71671 1444
p 2 12 736 172 70584 1463
p 2 2 766 152 69297 1424
p 2 0 731 189 66706 1333
p 2 0 719 201 63458 1340
p 2 0 741 179 63953 1380
p 2 0 757 163 64147 1387
p 2 0 709 211 63644 1318
p 2 0 695 225 63190 1279
p 2 0 809 111 66751 1439
p 2 2 812 106 66145 1475
p 2 1 790 129 66275 1449
p 2 1 706 213 66731 1360
p 2 2 744 174 66903 1387
p 2 2 751 167 68589 1410
p 2 0 741 179 67361 1392
p 2 0 755 165 69244 1468
p 2 1 761 158 72840 1545
p 2 6 796 118 73196 1628
p 2 3 783 134 68723 1587
p 2 13 731 176 62673 1590
p 2 7 770 143 63013 1591
p 2 16 783 121 58523 1654
p 2 14 773 133 63385 1630
p 2 11 720 189 63475 1568
p 2 10 765 145 61492 1605
p 2 11 785 124 56485 1597
p 2 2 750 168 50052 1358
p 2 0 746 174 47369 1349
p 2 2 746 172 46402 1348
p 2 2 686 232 47541 1298
p 2 3 724 193 48973 1359
p 2 1 739 180 50118 1367
p 2 1 760 159 48871 1389
p 2 1 775 144 51841 1437
p 2 0 719 201 51795 1367
p 2 0 713 207 52015 1333
p 2 0 742 178 52473 1372
p 2 0 726 194 56352 1373
p 2 2 759 159 63130 1500
p 2 4 738 178 65424 1546
p 2 11 747 162 63866 1603
p 2 16 672 232 57883 1514
p 2 5 708 207 52047 1432
p 2 14 696 210 59764 1458
p 2 8 766 146 67576 1554
p 2 3 751 166 70364 1492
p 2 1 731 188 68964 1454
p 2 1 772 147 67563 1454
p 2 3 752 165 64284 1431
p 2 3 713 204 60453 1375
p 2 0 730 190 59433 1381
p 2 0 744 176 61321 1386
p 2 3 736 181 61962 1414
p 2 2 689 229 62027 1370
p 2 0 722 198 62071 1397
p 2 1 721 198 59541 1379
p 2 3 742 175 60642 1414
p 2 0 753 167 62540 1398
p 2 5 693 222 61059 1332
p 2 1 710 209 63577 1337
p 2 2 701 217 68428 1381
p 2 5 678 237 72945 1449
p 2 8 705 207 71838 1491
p 2 20 707 193 65558 1514
p 2 7 696 217 58851 1354
p 2 17 653 250 66674 1403
p 2 6 691 223 71892 1399
p 2 2 740 178 74862 1454
p 2 0 705 215 72883 1373
p 2 1 685 234 69091 1328
p 2 1 704 215 65525 1327
p 2 0 725 195 64100 1357
p 2 1 706 213 63588 1349
p 2 1 688 231 64157 1336
p 2 3 688 229 63411 1348
p 2 0 730 190 64106 1369
p 2 1 696 223 60957 1319
p 2 0 733 187 59190 1336
p 2 1 698 221 60595 1293
p 2 0 694 226 61622 1282
p 2 0 716 204 62407 1316
p 2 0 764 156 63811 1387
p 2 2 703 215 62448 1339
p 2 0 671 249 64503 1308
p 2 0 719 201 64710 1361
p 2 2 725 193 64371 1377
p 2 0 702 218 63158 1316
p 2 0 667 253 62238 1258
p 2 1 687 232 56484 1241
p 2 5 719 196 58104 1303
p 2 1 702 217 57472 1266
p 2 0 675 245 59146 1246
p 2 0 696 224 57818 1257
p 2 0 723 197 58680 1300
p 2 0 698 222 56745 1255
p 2 0 652 268 58295 1224
p 2 1 690 229 58932 1275
p 2 2 707 211 59346 1306
p 2 1 685 234 66198 1329
p 2 1 710 209 59177 1310
p 2 0 708 212 57327 1286
p 2 0 650 270 55575 1220
p 2 0 677 243 52554 1232
p 2 0 714 206 52186 1260
p 2 0 698 222 53182 1248
p 2 5 731 184 62305 1340
p 2 1 681 238 49328 1252
p 2 1 684 235 53054 1270
p 2 0 694 226 54725 1272
p 2 0 657 263 55356 1231
p 2 0 700 220 53688 1262
p 2 2 699 219 53983 1271
p 2 1 686 233 47334 1224
p 2 0 643 277 49420 1178
p 2 0 699 221 50234 1224
p 2 0 703 217 51062 1230
p 2 0 682 238 49363 1201
p 2 1 633 286 45527 1166
p 2 0 665 255 49691 1207
p 2 1 688 231 54266 1277
p 2 0 676 244 56770 1274
p 2 0 695 225 58909 1307
p 2 0 673 247 58950 1285
p 2 0 647 273 58730 1251
p 2 0 675 245 57886 1298
p 2 0 691 229 55785 1283
p 2 0 675 245 51731 1227
p 2 0 689 231 51776 1241
p 2 1 696 223 51516 1267
p 2 2 713 205 52426 1318
p 2 5 710 205 53935 1330
p 2 1 687 232 54319 1273
p 2 2 649 269 55054 1256
p 2 0 706 214 53045 1278
p 2 2 670 248 48883 1217
p 2 0 642 278 48910 1173
p 2 2 678 240 49942 1228
p 2 0 690 230 50738 1238
p 2 0 668 252 51156 1206
p 2 0 645 275 50142 1183
p 2 0 649 271 49452 1180
p 2 1 656 263 51959 1210
p 2 1 696 223 56711 1279
p 2 0 675 245 59453 1270
p 2 2 652 266 60069 1266
p 2 1 700 219 60236 1312
p 2 1 670 249 58890 1277
p 2 0 661 259 56951 1254
p 2 0 664 256 53437 1241
p 2 1 684 235 51405 1277
p 2 0 691 229 53768 1271
p 2 3 655 262 45868 1257
p 2 3 721 196 50036 1334
p 2 3 724 193 51245 1299
p 2 0 648 272 50442 1188
p 2 8 716 196 57240 1320
p 2 1 686 233 49881 1238
p 2 0 644 276 41920 1153
p 2 0 677 243 45849 1181
p 2 3 699 218 48053 1241
p 2 1 684 235 48361 1224
p 2 2 668 250 50101 1220
p 2 1 678 241 42337 1213
p 2 5 695 220 45972 1262
p 2 0 671 249 51902 1232
p 2 0 646 274 54853 1212
p 2 0 652 268 57052 1236
p 2 0 668 252 58092 1248
p 2 0 710 210 58632 1283
p 2 0 678 242 58087 1237
p 2 0 666 254 58075 1227
p 2 0 693 227 56675 1267
p 2 0 683 237 58274 1277
p 2 5 664 251 58664 1334
p 2 2 710 208 54578 1371
p 2 0 676 244 56109 1288
p 2 1 688 231 56818 1291
p 2 1 686 233 55407 1290
p 2 9 723 188 57187 1400
p 2 3 681 236 56527 1315
p 2 1 695 224 53921 1360
p 2 12 755 153 71307 1605
p 2 5 726 189 60600 1469
p 2 1 713 206 59413 1439
p 2 0 730 190 55558 1461
p 2 3 747 170 57531 1550
p 2 12 787 121 60567 1677
p 2 9 741 170 55486 1604
p 2 13 739 168 51342 1560
p 2 12 749 159 46573 1570
p 2 9 748 163 47548 1542
p 2 0 736 184 44840 1369
p 2 1 727 192 45936 1339
p 2 1 740 179 45685 1362
p 2 1 716 203 45753 1344
p 2 3 678 239 46302 1344
p 2 3 708 209 47817 1419
p 2 4 725 191 53349 1474
p 2 4 743 173 59329 1515
p 2 2 732 186 56002 1404
p 2 2 757 161 56563 1500
p 2 7 747 166 58045 1527
p 2 0 785 135 58397 1537
p 2 1 743 176 57468 1449
p 2 2 729 189 56994 1409
p 2 5 705 210 55908 1371
p 2 4 751 165 59035 1493
p 2 2 754 164 57801 1502
p 2 2 745 173 61168 1542
p 2 1 737 182 65626 1500
p 2 2 753 165 62289 1541
p 2 6 768 146 60620 1586
p 2 2 759 159 62613 1568
p 2 4 774 142 67486 1602
p 2 0 762 158 68247 1527
p 2 3 722 195 67887 1444
p 2 5 742 173 67858 1499
p 2 0 758 162 69213 1511
p 2 4 743 173 68243 1530
p 2 4 719 197 68525 1501
p 2 2 739 179 73836 1538
p 2 2 739 179 71470 1495
p 2 5 719 196 68693 1474
p 2 4 713 203 65658 1471
p 2 0 739 181 65339 1481
p 2 0 788 132 67887 1526
p 2 1 735 184 64938 1406
p 2 0 704 216 64363 1372
p 2 0 733 187 66767 1452
p 2 0 729 191 64797 1440
p 2 3 718 199 66452 1467
p 2 3 757 160 70050 1490
p 2 1 723 196 69893 1432
p 2 5 696 219 65559 1397
p 2 2 710 208 66206 1405
p 2 2 729 189 63966 1434
p 2 0 720 200 67871 1401
p 2 8 720 192 76145 1476
p 2 6 728 186 69294 1438
p 2 1 731 188 67041 1417
p 2 0 712 208 67688 1400
p 2 2 702 216 64621 1388
p 2 2 717 201 66914 1404
p 2 0 741 179 69266 1422
p 2 1 721 198 66879 1398
p 2 1 706 213 65151 1403
p 2 2 720 198 64667 1427
p 2 0 751 169 67785 1483
p 2 1 733 186 69014 1462
p 2 2 745 173 69760 1465
p 2 2 704 214 67642 1431
p 2 7 728 185 81411 1585
p 2 4 717 199 64185 1433
p 2 3 692 225 62112 1349
p 2 0 702 218 64191 1333
p 2 1 736 183 63984 1386
p 2 0 710 210 62266 1350
p 2 1 691 228 61877 1346
p 2 0 700 220 65203 1356
p 2 1 729 190 69627 1446
p 2 5 709 206 71458 1434
p 2 5 693 222 72089 1452
p 2 36 710 174 72986 1721
p 2 32 738 150 70205 1754
p 2 37 732 151 69459 1732
p 2 9 733 178 63663 1555
p 2 5 727 188 60337 1493
p 2 9 729 182 58491 1471
p 2 9 701 210 50778 1410
p 2 5 657 258 47169 1313
p 2 10 666 244 44356 1364
p 2 7 676 237 39000 1341
p 2 12 687 221 36294 1356
p 2 8 700 212 33734 1314
p 2 4 619 297 32563 1192
p 2 16 592 312 34961 1259
p 2 15 677 228 61359 1558
p 2 10 707 203 57187 1527
p 2 9 740 171 58169 1568
p 2 10 705 205 62265 1567
p 2 25 700 195 74243 1745
p 2 42 707 171 69828 1825
p 2 32 736 152 72415 1835
p 2 41 707 172 72426 1808
p 2 32 713 175 78701 1837
p 2 5 741 174 79097 1670
p 2 8 772 140 76766 1678
p 2 5 747 168 74985 1567
p 2 5 731 184 72259 1535
p 2 5 754 161 70446 1603
p 2 7 758 155 71372 1645
p 2 2 758 160 71948 1621
p 2 3 758 159 71289 1609
p 2 0 816 104 72595 1664
p 2 4 827 89 73636 1735
p 2 3 788 129 70224 1685
p 2 3 759 158 70075 1596
p 2 2 757 161 70054 1558
p 2 3 762 155 67094 1532
p 2 6 753 161 69328 1580
p 2 5 753 162 69020 1639
p 2 3 750 167 68505 1602
p 2 2 762 156 69133 1593
p 2 0 741 179 71263 1546
p 2 1 723 196 71510 1534
p 2 5 729 186 72446 1590
p 2 1 744 175 68530 1559
p 2 2 748 170 68395 1545
p 2 3 731 186 65904 1453
p 2 1 714 205 67306 1423
p 2 2 759 159 67468 1512
p 2 0 742 178 67937 1505
p 2 8 731 181 64561 1530
p 2 1 731 188 67802 1515
p 2 3 746 171 69929 1556
p 2 143 699 78 86955 2537
p 2 4 749 167 67062 1544
p 2 1 735 184 65688 1490
p 2 1 729 190 61126 1456
p 2 1 756 163 61868 1461
p 2 3 750 167 62391 1448
p 2 0 752 168 63814 1423
p 2 0 763 157 65575 1460
p 2 0 753 167 65172 1448
p 2 1 777 142 63335 1456
p 2 0 750 170 64662 1415
p 2 0 720 200 63539 1360
p 2 3 728 189 63296 1387
p 2 0 758 162 62155 1397
p 2 0 716 204 59097 1351
p 2 0 758 162 60734 1374
p 2 1 727 192 61964 1355
p 2 0 774 146 62047 1420
p 2 0 725 195 63842 1380
p 2 3 740 177 62982 1438
p 2 6 723 191 60574 1429
p 2 2 690 228 59672 1369
p 2 1 726 193 61554 1402
p 2 1 742 177 64947 1460
p 2 1 783 136 65746 1501
p 2 1 851 68 66195 1593
p 2 1 756 163 59512 1422
p 2 2 729 189 59834 1385
p 2 0 733 187 63129 1394
p 2 1 755 164 64077 1462
p 2 1 740 179 66597 1474
p 2 0 723 197 67568 1464
p 2 0 729 191 68119 1494
p 2 0 740 180 66541 1456
p 2 1 721 198 66324 1431
p 2 2 723 195 69839 1488
p 2 2 723 195 69647 1470
p 2 1 730 189 68925 1466
p 2 1 772 147 69139 1506
p 2 0 794 126 71528 1534
p 2 1 737 182 67091 1471
p 2 0 742 178 68798 1485
p 2 1 708 211 70432 1450
p 2 0 725 195 70237 1442
p 2 6 742 172 70930 1524
p 2 4 738 178 54938 1508
p 2 5 748 167 51483 1515
p 2 6 678 236 48787 1417
p 2 10 703 207 63771 1550
p 2 1 731 188 67794 1518
p 2 2 756 162 68006 1512
p 2 1 723 196 68797 1487
p 2 1 713 206 66786 1481
p 2 165 666 89 87670 2579
p 2 4 717 199 59302 1467
p 2 1 743 176 60814 1458
p 2 1 746 173 60881 1455
p 2 1 736 183 55756 1410
p 2 2 691 227 55177 1359
p 2 0 714 206 55669 1405
p 2 2 735 183 55306 1433
p 2 0 722 198 55422 1407
p 2 0 701 219 54966 1354
p 2 1 702 217 56249 1347
p 2 1 733 186 54794 1398
p 2 1 714 205 54171 1375
p 2 2 687 231 54035 1347
p 2 1 704 215 38145 1296
p 2 0 709 211 37559 1261
p 2 0 676 244 37163 1226
p 2 1 679 240 50891 1310
p 2 3 713 204 54740 1382
p 2 4 723 193 54935 1400
p 2 1 704 215 54215 1340
p 2 2 694 224 53139 1332
p 2 0 729 191 55310 1384
p 2 0 782 138 55290 1471
p 2 0 730 190 53416 1386
p 2 0 679 241 52926 1299
p 2 0 709 211 51930 1313
p 2 2 733 185 54321 1361
p 2 0 700 220 53673 1319
p 2 1 679 240 51976 1305
p 2 1 705 214 51508 1322
p 2 0 729 191 51542 1340
p 2 1 706 213 50860 1319
p 2 0 729 191 51383 1360
p 2 3 685 232 36321 1270
p 2 0 634 286 28975 1148
p 2 0 596 324 28438 1071
p 2 0 678 242 45438 1233
p 2 1 699 220 49730 1271
p 2 3 675 242 51090 1275
p 2 1 702 217 49873 1280
p 2 1 714 205 48582 1289
p 2 0 701 219 48232 1281
p 2 0 712 208 49380 1301
p 2 164 613 143 73811 2425
p 2 0 709 211 53536 1360
p 2 0 726 194 51008 1348
p 2 0 725 195 49671 1316
p 2 0 743 177 49590 1341
p 2 2 703 215 47654 1292
p 2 0 727 193 48509 1308
p 2 0 733 187 49490 1311
p 2 0 722 198 49502 1302
p 2 0 705 215 48852 1297
p 2 0 714 206 47416 1282
p 2 0 727 193 46624 1287
p 2 0 687 233 31163 1193
p 2 0 633 287 30661 1130
p 2 0 637 283 32105 1127
p 2 0 707 213 45457 1286
p 2 0 707 213 50325 1295
p 2 0 699 221 51266 1321
p 2 0 695 225 50973 1308
p 2 1 776 143 53423 1420
p 2 0 731 189 53448 1386
p 2 1 707 212 53067 1386
p 2 3 721 196 52055 1391
p 2 0 751 169 52292 1399
p 2 0 792 128 53719 1484
p 2 0 744 176 53336 1398
p 2 0 723 197 53274 1359
p 2 1 730 189 49470 1367
p 2 0 740 180 49933 1362
p 2 0 699 221 50110 1299
p 2 0 724 196 49709 1316
p 2 2 720 198 51010 1339
p 2 1 712 207 34993 1271
p 2 0 704 216 30681 1238
p 2 0 646 274 27832 1157
p 2 1 694 225 44441 1272
p 2 268 542 110 71407 2625
p 2 2 712 206 45010 1252
p 2 0 712 208 47420 1268
p 2 1 668 251 43339 1218
p 2 0 696 224 43555 1208
p 2 0 718 202 44524 1247
p 2 1 693 226 43464 1205
p 2 0 680 240 46032 1218
p 2 3 675 242 40243 1204
p 2 2 696 222 34789 1208
p 2 0 686 234 34551 1182
p 2 9 660 251 41799 1240
p 2 0 700 220 33518 1197
p 2 0 682 238 34584 1170
p 2 0 703 217 33755 1217
p 2 1 640 279 33178 1159
p 2 2 694 224 35884 1225
p 2 1 690 229 38412 1258
p 2 0 681 239 38796 1241
p 2 1 647 272 39790 1218
p 2 0 670 250 39015 1221
p 2 6 688 226 37511 1254
p 2 0 655 265 37251 1198
p 2 0 692 228 36541 1226
p 2 0 699 221 36522 1241
p 2 0 674 246 37147 1210
p 2 0 669 251 35672 1205
p 2 0 702 218 34531 1226
p 2 0 696 224 35745 1217
p 2 0 667 253 37255 1216
p 2 1 679 240 36317 1227
p 2 0 692 228 36293 1229
p 2 0 661 259 36231 1195
p 2 0 626 294 35164 1144
p 2 0 647 273 35531 1171
p 2 0 685 235 36415 1213
p 2 2 657 261 36124 1204
p 2 0 622 298 35270 1129
p 2 0 658 262 36134 1194
p 2 0 691 229 36490 1234
p 2 0 686 234 37413 1226
p 2 1 656 263 38108 1229
p 2 0 684 236 38609 1257
p 2 1 694 225 39004 1291
p 2 2 663 255 37324 1244
p 2 0 611 309 35841 1168
p 2 0 659 261 36125 1200
p 2 0 670 250 36846 1247
p 2 0 679 241 36003 1248
p 2 1 681 238 37977 1281
p 2 2 664 254 35365 1245
p 2 1 677 242 33994 1273
p 2 1 663 256 36585 1277
p 2 0 673 247 38384 1247
p 2 1 654 265 38138 1247
p 2 0 600 320 38114 1162
p 2 0 646 274 37550 1202
p 2 0 661 259 35849 1201
p 2 0 645 275 35568 1187
p 2 1 628 291 47320 1298
p 2 1 649 270 40994 1242
p 2 0 662 258 39790 1246
p 2 1 653 266 40674 1254
p 2 0 612 308 40862 1203
p 2 0 647 273 39943 1254
p 2 0 664 256 40404 1268
p 2 0 638 282 40359 1209
p 2 1 627 292 39551 1194
p 2 0 642 278 33585 1201
p 2 0 654 266 37058 1224
p 2 0 630 290 38166 1197
p 2 2 642 276 44613 1269
p 2 4 639 277 39265 1244
p 2 0 729 191 41086 1319
p 2 0 654 266 38022 1209
p 2 0 625 295 39130 1202
p 2 0 625 295 30058 1178
p 2 0 647 273 29691 1180
p 2 0 616 304 29777 1145
p 2 2 540 378 28946 1071
p 2 1 586 333 28787 1113
p 2 1 612 307 28581 1134
p 2 2 613 305 29874 1167
p 2 3 624 293 40699 1223
p 2 0 654 266 48363 1313
p 2 7 670 243 54810 1431
p 2 12 650 258 51782 1427
p 2 23 610 287 45411 1411
p 2 7 578 335 37803 1222
p 2 24 619 277 45394 1370
p 2 9 684 227 54213 1424
p 2 4 665 251 55522 1400
p 2 4 648 268 53390 1365
p 2 2 644 274 48374 1340
p 2 0 649 271 45659 1339
p 2 2 679 239 43941 1362
p 2 1 667 252 41852 1298
p 2 0 679 241 40168 1252
p 2 0 667 253 38784 1231
p 2 0 670 250 34268 1207
p 2 0 662 258 34800 1181
p 2 0 629 291 34877 1134
p 2 0 653 267 33309 1134
p 2 0 663 257 32348 1148
p 2 0 648 272 23306 1115
p 2 0 567 353 21043 1007
p 2 0 627 293 21244 1075
p 2 0 642 278 21778 1099
p 2 0 637 283 21787 1097
p 2 1 528 391 22651 987
p 2 0 597 323 23779 1092
p 2 1 650 269 24325 1156
p 2 0 631 289 23855 1126
p 2 0 533 387 25802 1026
p 2 0 593 327 24997 1070
p 2 0 641 279 25386 1137
p 2 0 583 337 24570 1080
p 2 0 525 395 25120 1015
p 2 2 565 353 24156 1064
p 2 1 609 310 24555 1111
p 2 0 636 284 23590 1124
p 2 2 602 316 24230 1083
p 2 2 531 387 22577 993
p 2 1 611 308 24016 1091
p 2 2 625 293 24337 1114
p 2 1 583 336 23697 1051
p 2 0 511 409 22894 982
p 2 0 571 349 23057 1024
p 2 0 608 312 21940 1074
p 2 1 556 363 21546 1024
p 2 1 500 419 21737 966
p 2 1 546 373 21878 993
p 2 1 579 340 21385 1039
p 2 0 521 399 21554 972
p 2 0 543 377 22913 1009
p 2 2 689 229 24019 1168
p 2 0 711 209 23482 1196
p 2 1 611 308 20058 1060
p 2 0 529 391 19235 935
p 2 0 548 372 19169 941
p 2 0 590 330 18965 980
p 2 0 515 405 17684 888
p 2 0 480 440 17294 862
p 2 0 477 443 17158 851
p 2 0 529 391 16082 898
p 2 0 458 462 15806 819
p 2 0 458 462 15453 826
p 2 0 432 488 16290 800
p 2 0 466 454 15266 829
p 2 0 419 501 14877 766
p 2 0 423 497 14936 774
i 2 920 0 0 58754 4134
p 2 0 183 737 441 363
p 2 0 107 813 307 291
p 2 0 48 872 245 240
p 2 0 44 876 247 238
p 2 0 33 887 234 224
p 2 0 19 901 220 214
p 2 0 18 902 215 212
p 2 0 25 895 221 217
p 2 0 11 909 209 205
p 2 0 14 906 215 210
p 2 0 13 907 213 208
p 2 0 7 913 205 203
p 2 0 3 917 203 200
p 2 0 3 917 201 200
p 2 0 13 907 215 208
p 2 0 14 906 210 207
p 2 0 8 912 204 203
p 2 0 17 903 212 209
p 2 0 10 910 206 205
p 2 0 4 916 201 200
p 2 0 5 915 201 201
p 2 0 2 918 199 199
p 2 0 5 915 200 200
p 2 0 4 916 202 202
p 2 0 4 916 201 201
p 2 0 2 918 199 199
p 2 0 1 919 198 198
p 2 0 1 919 198 198
p 2 0 0 920 197 197
i 2 920 0 0 33995 4093
p 2 0 479 441 749 625
p 2 0 370 550 576 526
p 2 0 217 703 418 390
p 2 0 178 742 385 351
p 2 0 110 810 310 289
p 2 0 95 825 297 276
p 2 0 50 870 248 237
p 2 0 50 870 247 237
p 2 0 23 897 218 215
p 2 0 19 901 213 211
p 2 0 24 896 217 213
p 2 0 16 904 209 209
p 2 0 7 913 203 203
p 2 0 6 914 203 202
p 2 0 7 913 206 204
p 2 0 14 906 211 210
p 2 0 6 914 201 201
p 2 0 2 918 199 199
p 2 0 2 918 201 199
p 2 0 2 918 200 198
p 2 0 9 911 216 205
p 2 0 5 915 208 200
p 2 0 1 919 204 199
p 2 0 3 917 204 200
p 2 0 2 918 200 199
p 2 0 10 910 205 205
p 2 0 2 918 201 199
p 2 0 7 913 207 202
p 2 0 0 920 197 197
i 2 920 0 0 26955 3753
p 2 0 212 708 443 387
p 2 0 190 730 382 356
p 2 0 96 824 286 275
p 2 0 233 687 4547 493
p 2 0 139 781 504 325
p 2 0 210 710 3836 460
p 2 0 118 802 457 302
p 2 0 220 700 4524 496
p 2 0 181 739 1505 379
p 2 0 84 836 1357 281
p 2 0 75 845 1488 281
p 2 0 82 838 1548 279
p 2 0 71 849 1508 273
p 2 0 64 856 1543 265
p 2 0 71 849 1550 274
p 2 0 70 850 1604 275
p 2 0 64 856 1450 270
p 2 0 58 862 1284 264
p 2 2 60 858 1131 280
p 2 2 50 868 927 276
p 2 0 65 855 374 266
p 2 0 49 871 285 247
p 2 0 48 872 306 241
p 2 0 29 891 248 219
p 2 0 9 911 212 204
p 2 0 15 905 225 210
p 2 0 6 914 207 202
p 2 0 2 918 202 199
p 2 0 4 916 205 200
p 2 0 3 917 204 200
p 2 0 2 918 199 199
p 2 0 0 920 197 197
p 2 0 0 920 197 197
p 2 0 12 908 220 207
p 2 0 1 919 199 198
p 2 0 3 917 202 200
p 2 0 0 920 197 197
p 2 0 5 915 206 202
p 2 0 2 918 200 199
p 2 0 1 919 199 198
p 2 0 1 919 198 198
i 2 920 0 0 69216 4863
p 2 0 182 738 475 372
p 2 0 157 763 348 329
p 2 5 86 829 1548 313
p 2 0 59 861 264 248
p 2 0 37 883 242 227
p 2 0 57 863 2315 251
p 2 0 40 880 285 231
p 2 0 27 893 238 219
p 2 0 29 891 1983 236
p 2 0 16 904 241 211
p 2 0 11 909 221 205
p 2 0 24 896 2091 229
p 2 0 34 886 285 229
p 2 0 8 912 218 203
p 2 5 19 896 1439 254
p 2 0 11 909 230 205
p 2 0 13 907 217 207
p 2 0 32 888 2279 233
p 2 0 21 899 244 214
p 2 0 17 903 214 211
p 2 0 48 872 1997 251
p 2 0 26 894 259 218
p 2 0 13 907 227 207
p 2 0 21 899 2091 227
p 2 0 14 906 256 211
p 2 0 9 911 218 205
p 2 0 1 919 198 198
p 2 0 0 920 197 197
p 2 0 0 920 197 197
p 2 0 3 917 205 199
p 2 0 3 917 200 200
p 2 0 17 903 1922 225
p 2 0 10 910 240 205
p 2 3 14 903 1418 237
p 2 0 10 910 241 206
i 2 920 0 0 33721 4103
p 2 0 766 154 10202 1080
p 2 0 760 160 11471 1065
p 2 0 669 251 11764 1015
p 2 0 714 206 11617 1047
p 2 0 678 242 11947 1029
p 2 0 728 192 12084 1061
p 2 0 706 214 11928 1062
p 2 0 658 262 12414 1016
p 2 0 653 267 12426 1035
p 2 0 635 285 12311 997
p 2 0 669 251 12691 1024
p 2 0 661 259 12406 1025
p 2 0 642 278 12740 1031
p 2 0 631 289 12564 1007
p 2 0 661 259 12816 1036
p 2 0 707 213 12960 1057
p 2 0 687 233 13050 1059
p 2 0 661 259 12977 1018
p 2 0 700 220 13285 1066
p 2 0 709 211 12914 1071
p 2 0 630 290 13379 1020
p 2 0 719 201 13343 1076
p 2 0 679 241 13414 1049
p 2 0 654 266 13880 1037
p 2 0 619 301 14055 1019
p 2 0 692 228 13769 1070
p 2 0 605 315 14470 1001
p 2 0 675 245 14402 1061
p 2 0 609 311 14486 1006
p 2 0 664 256 15103 1047
p 2 0 671 249 14518 1054
p 2 0 642 278 14380 1036
p 2 0 624 296 14706 1028
p 2 0 686 234 14241 1069
p 2 0 640 280 14527 1043
p 2 0 613 307 14549 1017
p 2 0 661 259 14683 1056
p 2 0 677 243 14609 1055
p 2 0 667 253 15123 1073
p 2 0 646 274 15180 1056
p 2 0 644 276 15215 1045
p 2 0 699 221 14675 1087
p 2 0 639 281 15491 1041
p 2 0 725 195 15240 1108
p 2 0 629 291 15130 1041
p 2 0 700 220 15992 1092
p 2 0 670 250 15251 1073
p 2 0 667 253 15103 1071
p 2 0 677 243 16386 1082
p 2 0 663 257 15271 1070
p 2 0 692 228 15853 1103
p 2 0 672 248 16810 1091
p 2 0 708 212 15557 1107
p 2 0 747 173 15883 1123
p 2 0 650 270 16631 1079
p 2 0 712 208 16055 1120
p 2 0 720 200 16716 1135
p 2 0 686 234 16698 1096
p 2 0 645 275 16587 1066
p 2 0 690 230 16759 1109
p 2 0 656 264 16576 1082
p 2 0 715 205 16624 1112
p 2 0 744 176 17007 1149
p 2 0 697 223 16965 1119
p 2 0 667 253 17246 1098
p 2 0 708 212 16825 1123
p 2 0 661 259 16764 1090
p 2 0 772 148 17187 1170
p 2 0 635 285 16758 1073
p 2 0 736 184 17429 1159
p 2 0 675 245 17689 1123
p 2 0 701 219 17263 1130
p 2 0 705 215 17400 1141
p 2 0 765 155 17744 1180
p 2 0 670 250 17120 1117
p 2 0 709 211 18627 1152
p 2 0 631 289 19635 1092
i 2 920 0 0 27018 3925
p 2 0 440 480 630 566
p 2 0 337 583 494 473
p 2 2 221 697 1000 378
p 2 0 113 807 301 288
p 2 0 68 852 258 252
p 2 1 71 848 1259 277
p 2 0 65 855 274 245
p 2 0 51 869 244 234
p 2 4 42 874 554 264
p 2 0 51 869 239 236
p 2 0 8 912 204 204
p 2 5 20 895 1258 253
p 2 0 9 911 216 206
p 2 0 23 897 218 214
p 2 0 36 884 960 241
p 2 0 39 881 236 227
p 2 0 19 901 210 210
p 2 1 53 866 1255 260
p 2 0 12 908 245 210
p 2 0 27 893 230 218
p 2 0 6 914 211 203
p 2 0 22 898 214 212
p 2 0 4 916 200 200
p 2 0 1 919 198 198
p 2 0 4 916 202 200
p 2 0 2 918 199 199
i 2 920 0 0 17058 3476
p 2 0 500 420 719 629
p 2 0 429 491 579 558
p 2 0 177 743 357 348
p 2 0 186 734 351 346
p 2 0 75 845 257 256
p 2 0 63 857 245 243
p 2 0 15 905 213 211
p 2 0 17 903 211 209
p 2 0 6 914 201 201
p 2 0 9 911 203 203
p 2 0 6 914 203 203
p 2 3 17 900 1180 240
p 2 0 27 893 234 217
p 2 0 19 901 213 213
p 2 2 24 894 1291 248
p 2 0 17 903 242 212
p 2 0 9 911 217 205
p 2 3 22 895 659 248
p 2 0 21 899 223 217
p 2 0 14 906 209 209
p 2 6 21 893 1517 260
p 2 0 6 914 212 202
p 2 0 4 916 204 199
p 2 0 16 904 881 233
p 2 0 16 904 231 214
p 2 0 9 911 206 205
p 2 2 19 899 1264 245
p 2 0 13 907 238 209
p 2 0 11 909 212 207
p 2 3 14 903 655 242
p 2 0 18 902 230 215
p 2 0 12 908 211 207
i 2 920 0 0 47047 4650
p 2 0 383 537 862 615
p 2 0 356 564 774 576
p 2 0 225 695 583 431
p 2 0 167 753 455 371
p 2 0 196 724 506 395
p 2 0 207 713 571 411
p 2 0 188 732 517 395
p 2 0 154 766 430 350
p 2 0 172 748 464 372
p 2 2 221 697 1557 463
p 2 0 227 693 573 420
p 2 0 151 769 453 353
p 2 0 111 809 369 312
p 2 0 127 793 429 331
p 2 2 191 727 1891 429
p 2 0 182 738 525 389
p 2 0 158 762 427 353
p 2 1 135 784 1877 370
p 2 0 159 761 508 362
p 2 0 191 729 513 385
p 2 2 205 713 1497 448
p 2 0 138 782 416 336
p 2 0 154 766 439 353
p 2 4 191 725 2281 438
p 2 0 151 769 481 360
p 2 0 161 759 467 367
p 2 0 188 732 1743 423
p 2 0 149 771 457 353
p 2 0 138 782 419 331
p 2 1 190 729 1996 433
p 2 0 135 785 452 331
p 2 0 126 794 402 325
i 2 920 0 0 42515 4354
p 2 0 200 720 472 383
p 2 64 548 308 34802 1792
p 2 0 288 632 1181 509
p 2 48 535 337 35459 1724
p 2 0 321 599 1218 551
p 2 212 342 366 36941 2339
p 2 0 278 642 1028 505
p 2 93 433 394 32206 1819
p 2 0 306 614 1041 540
p 2 42 443 435 28648 1526
p 2 0 265 655 1094 522
p 2 8 178 734 4630 465
p 2 0 146 774 423 332
p 2 10 139 771 5737 457
p 2 0 130 790 475 316
p 2 10 160 750 6313 504
p 2 0 88 832 389 274
p 2 2 85 833 1165 299
p 2 0 74 846 370 264
p 2 0 83 837 697 281
p 2 0 79 841 377 270
p 2 0 98 822 428 287
p 2 0 61 859 300 252
p 2 9 148 763 4607 465
p 2 0 137 783 501 334
p 2 8 123 789 5221 412
p 2 2 107 811 1390 321
p 2 5 113 802 5449 397
p 2 0 67 853 350 257
p 2 2 72 846 820 288
p 2 0 35 885 268 231
p 2 0 52 868 311 243
p 2 4 55 861 1238 276
p 2 0 33 887 264 225
p 2 0 20 900 230 213
p 2 2 38 880 762 252
p 2 0 17 903 227 216
p 2 0 14 906 219 209
p 2 0 34 886 1022 236
p 2 0 18 902 276 216
p 2 2 22 896 1158 236
p 2 0 14 906 236 210
p 2 0 9 911 211 203
p 2 0 1 919 201 199
p 2 0 2 918 200 199
p 2 0 5 915 202 202
p 2 0 2 918 201 199
p 2 0 5 915 204 201
p 2 0 2 918 201 199
p 2 0 8 912 209 203
p 2 0 2 918 201 198
p 2 0 0 920 197 197
p 2 0 5 915 205 202
i 2 920 0 0 21074 3258
p 2 77 700 143 17214 1886
p 2 0 658 262 1421 883
p 2 0 352 568 663 533
p 2 79 655 186 17738 1938
p 2 0 503 417 1274 753
p 2 0 525 395 954 703
p 2 463 246 211 22008 2800
p 2 0 361 559 864 561
p 2 0 274 646 594 458
p 2 238 360 322 19886 2193
p 2 0 385 535 1008 594
p 2 0 336 584 676 513
p 2 165 402 353 22001 1882
p 2 0 373 547 1020 588
p 2 0 185 735 474 372
p 2 127 351 442 19381 1687
p 2 0 327 593 978 547
p 2 0 296 624 720 481
p 2 113 288 519 18173 1501
p 2 0 301 619 858 506
p 2 0 202 718 532 383
p 2 117 269 534 14168 1369
p 2 0 264 656 823 470
p 2 0 215 705 630 398
p 2 75 269 576 14050 1171
p 2 0 241 679 761 443
p 2 0 152 768 486 339
p 2 0 113 807 735 303
p 2 0 45 875 269 239
p 2 0 62 858 312 250
p 2 0 62 858 671 253
p 2 0 58 862 305 246
p 2 0 28 892 245 223
p 2 0 28 892 249 222
p 2 0 31 889 254 223
p 2 0 17 903 227 212
p 2 0 24 896 235 216
p 2 0 14 906 214 208
p 2 0 25 895 568 221
p 2 0 40 880 275 230
p 2 0 259 661 22339 737
p 2 0 204 716 984 422
p 2 4 265 651 22178 779
p 2 0 223 697 1045 436
p 2 1 281 638 22716 763
p 2 0 195 725 936 396
p 2 1 265 654 22913 747
p 2 0 211 709 985 414
p 2 0 137 783 586 329
p 2 0 80 840 383 268
p 2 0 31 889 269 223
p 2 0 8 912 214 204
p 2 0 7 913 211 201
p 2 0 9 911 216 205
p 2 6 37 877 2821 288
p 2 0 23 897 269 217
p 2 5 26 889 3287 267
p 2 0 19 901 274 214
p 2 0 37 883 3259 250
p 2 0 24 896 292 221
i 2 920 0 0 45499 4498
p 2 0 162 758 417 346
p 2 0 111 809 313 293
p 2 3 72 845 1253 288
p 2 0 69 851 262 249
p 2 0 53 867 244 237
p 2 3 64 853 1658 274
p 2 0 34 886 266 226
p 2 0 29 891 235 220
p 2 0 34 886 1010 249
p 2 0 45 875 264 236
p 2 0 42 878 241 228
p 2 3 22 895 1625 243
p 2 0 47 873 273 233
p 2 0 15 905 226 209
p 2 4 24 892 589 255
p 2 0 22 898 225 216
p 2 0 11 909 213 206
p 2 6 17 897 1713 251
p 2 0 20 900 250 215
p 2 0 7 913 206 203
p 2 0 22 898 1003 239
p 2 0 22 898 253 218
p 2 0 9 911 214 205
p 2 3 28 889 1633 249
p 2 0 21 899 244 215
p 2 0 25 895 246 219
p 2 4 27 889 596 255
p 2 0 12 908 208 205
p 2 0 3 917 201 199
p 2 3 11 906 1206 243
p 2 0 10 910 220 207
p 2 0 2 918 201 199
p 2 3 14 903 1619 238
p 2 0 12 908 245 210
p 2 0 8 912 212 204
p 2 4 19 897 611 251
p 2 0 12 908 217 209
p 2 0 11 909 207 206
p 2 6 13 901 1717 249
p 2 0 15 905 236 211
p 2 0 11 909 212 204
p 2 0 20 900 1003 240
p 2 0 12 908 237 210
p 2 0 11 909 227 208
p 2 3 16 901 1623 239
p 2 0 12 908 232 209
p 2 0 8 912 207 203
p 2 0 1 919 198 198
p 2 0 1 919 198 198
p 2 0 0 920 197 197
i 2 920 0 0 12533 3254
p 2 1 534 385 2413 807
p 2 10 616 294 3949 1076
p 2 2 383 535 2385 687
p 2 3 418 499 3570 856
p 2 3 313 604 2202 621
p 2 3 344 573 3107 782
p 2 1 293 626 2619 605
p 2 6 318 596 3774 755
p 2 2 286 632 2403 615
p 2 3 326 591 3443 766
p 2 1 289 630 2155 589
p 2 3 328 589 3457 751
p 2 2 268 650 2363 606
p 2 8 316 596 3597 793
p 2 0 247 673 1846 561
p 2 10 280 630 4153 787
p 2 4 266 650 2458 600
p 2 5 313 602 3671 787
p 2 0 267 653 2168 592
p 2 12 295 613 3333 743
p 2 0 252 668 2166 562
p 2 10 290 620 3511 758
p 2 2 246 672 2051 570
p 2 7 300 613 3407 772
p 2 7 248 665 2523 588
p 2 11 286 623 3704 801
p 2 1 261 658 2321 593
p 2 7 314 599 3216 778
p 2 3 272 645 1955 558
p 2 3 306 611 3248 736
p 2 1 263 656 2209 592
p 2 5 299 616 3423 739
p 2 1 246 673 1815 536
p 2 8 294 618 3525 753
i 2 920 0 0 56944 4902
p 2 0 915 5 13337 1385
p 2 0 918 2 14794 1413
p 2 0 916 4 14748 1446
p 2 0 908 12 15634 1492
p 2 0 909 11 15865 1511
p 2 2 916 2 16532 1522
p 2 0 915 5 15955 1502
p 2 0 912 8 15747 1522
p 2 1 915 4 16684 1527
p 2 0 905 15 16049 1503
p 2 0 911 9 16163 1524
p 2 0 917 3 17162 1545
p 2 0 917 3 16240 1531
p 2 0 914 6 15851 1519
p 2 1 912 7 16938 1526
p 2 0 914 6 16071 1527
p 2 0 912 8 16165 1531
p 2 2 915 3 16365 1530
p 2 0 912 8 15933 1500
p 2 0 916 4 15752 1517
p 2 4 915 1 16707 1542
p 2 0 911 9 15984 1520
p 2 0 911 9 16092 1531
p 2 0 914 6 17013 1527
p 2 0 916 4 16570 1524
p 2 0 911 9 15919 1514
p 2 1 910 9 16940 1543
p 2 0 914 6 16143 1516
p 2 0 915 5 16207 1537
p 2 2 913 5 16888 1533
p 2 0 916 4 16411 1518
p 2 0 917 3 15683 1510
p 2 4 907 9 16677 1539
p 2 0 911 9 15939 1544
p 2 0 906 14 16308 1521
p 2 0 915 5 17052 1532
p 2 0 913 7 16614 1514
p 2 0 913 7 15961 1507
p 2 1 909 10 17029 1548
p 2 0 907 13 16101 1519
p 2 0 909 11 16014 1525
p 2 3 907 10 16221 1528
p 2 0 911 9 16075 1511
p 2 0 915 5 15544 1502
p 2 4 912 4 16386 1540
p 2 0 900 20 15598 1500
p 2 0 909 11 15699 1519
p 2 0 909 11 16191 1514
p 2 1 903 16 15750 1503
p 2 0 908 12 15228 1491
p 2 1 905 14 16161 1513
p 2 0 907 13 15293 1501
p 2 0 911 9 15286 1524
p 2 0 915 5 15567 1513
p 2 0 908 12 15862 1503
p 2 0 914 6 15631 1498
p 2 0 913 7 15543 1529
p 2 0 910 10 15260 1508
p 2 0 917 3 15056 1517
p 2 0 919 1 15780 1521
p 2 0 910 10 15140 1488
p 2 0 917 3 15190 1498
p 2 0 908 12 15349 1507
p 2 0 912 8 14686 1500
p 2 0 911 9 14893 1504
p 2 0 913 7 14949 1483
p 2 0 910 10 14915 1482
p 2 0 911 9 14997 1494
p 2 0 910 10 14863 1473
p 2 0 907 13 14739 1489
p 2 0 913 7 14556 1481
p 2 2 911 7 15574 1506
p 2 0 911 9 14931 1476
p 2 0 909 11 15313 1490
p 2 1 897 22 16179 1509
p 2 0 909 11 15195 1500
p 2 0 911 9 15251 1512
p 2 0 910 10 15747 1503
p 2 0 909 11 15116 1486
p 2 0 911 9 15267 1492
p 2 1 901 18 16332 1507
p 2 0 906 14 15232 1505
p 2 0 904 16 14909 1491
p 2 2 908 10 15393 1509
p 2 0 909 11 15096 1488
p 2 0 912 8 15039 1483
p 2 4 908 8 15995 1519
p 2 0 915 5 15361 1517
p 2 0 907 13 15103 1504
p 2 46 874 0 9959 1690
p 2 60 859 1 10938 1548
p 2 62 858 0 12600 1747
p 2 59 861 0 12572 1533
p 2 52 868 0 14507 1726
p 2 57 863 0 13394 1534
p 2 51 869 0 15082 1732
p 2 56 864 0 14206 1552
p 2 55 865 0 14717 1774
p 2 58 862 0 13871 1592
p 2 47 873 0 14997 1761
p 2 57 863 0 13969 1607
p 2 45 875 0 14666 1781
p 2 58 862 0 13843 1650
p 2 45 875 0 14341 1788
p 2 55 865 0 13786 1681
p 2 55 865 0 13617 1820
p 2 54 866 0 13437 1731
p 2 51 869 0 13282 1829
p 2 52 868 0 13505 1763
p 2 44 876 0 12611 1832
p 2 51 869 0 12935 1792
p 2 45 875 0 12578 1881
p 2 51 869 0 12882 1872
p 2 0 855 65 2822 1221
p 2 0 482 438 1153 704
p 2 0 500 420 1090 704
p 2 0 318 602 847 519
p 2 0 360 560 963 569
p 2 0 285 635 804 477
p 2 0 382 538 1094 590
p 2 0 226 694 626 420
p 2 0 135 785 399 327
p 2 0 210 710 608 398
p 2 0 277 643 727 467
p 2 0 185 735 497 368
p 2 0 106 814 328 294
p 2 0 59 861 268 248
p 2 0 64 856 322 259
p 2 0 68 852 313 260
p 2 0 92 828 359 278
p 2 0 93 827 320 279
p 2 0 39 881 254 231
p 2 0 41 879 256 232
p 2 0 53 867 294 246
p 2 0 37 883 250 228
p 2 0 40 880 240 228
p 2 0 39 881 243 227
p 2 0 46 874 268 238
p 2 0 48 872 284 239
p 2 0 39 881 245 231
p 2 0 12 908 208 206
p 2 0 13 907 211 208
p 2 0 6 914 208 203
p 2 0 48 872 277 239
p 2 0 41 879 261 236
p 2 0 39 881 254 230
p 2 0 37 883 255 227
p 2 0 53 867 262 241
p 2 0 32 888 251 224
p 2 0 42 878 262 231
p 2 0 27 893 229 220
p 2 0 12 908 224 210
p 2 0 18 902 232 214
p 2 0 21 899 234 215
p 2 0 7 913 208 205
p 2 0 7 913 211 203
p 2 0 8 912 210 204
p 2 0 16 904 215 208
p 2 0 7 913 211 204
p 2 0 5 915 202 201
p 2 0 10 910 209 206
p 2 0 4 916 202 201
p 2 0 0 920 197 197
p 2 0 4 916 201 200
p 2 0 8 912 204 204
p 2 0 3 917 201 200
p 2 0 0 920 197 197
p 2 0 17 903 233 211
p 2 0 13 907 215 209
p 2 0 8 912 211 204
p 2 0 14 906 220 210
p 2 0 18 902 230 212
p 2 0 18 902 225 213
p 2 0 20 900 224 213
p 2 0 11 909 210 206
p 2 0 6 914 205 203
p 2 0 8 912 207 204
p 2 0 8 912 213 206
p 2 0 7 913 213 203
p 2 0 6 914 205 203
p 2 0 1 919 198 198
p 2 0 0 920 197 197
p 2 0 0 920 197 197
p 2 0 3 917 205 200
p 2 0 7 913 208 203
p 2 0 2 918 200 199
p 2 0 3 917 201 200
p 2 0 9 911 213 205
p 2 0 15 905 222 210
p 2 0 5 915 205 201
p 2 0 6 914 207 203
p 2 0 8 912 209 206
p 2 0 3 917 200 200
p 2 0 0 920 197 197
p 2 0 2 918 200 199
p 2 0 4 916 205 201
p 2 0 8 912 205 204
p 2 0 4 916 202 201
p 2 0 2 918 199 199
p 2 0 1 919 198 198
p 2 0 0 920 197 197
p 2 0 0 920 197 197
p 2 0 1 919 199 198
p 2 0 0 920 197 197
p 2 0 0 920 197 197
p 2 0 0 920 197 197
p 2 0 0 920 197 197
p 2 0 0 920 197 197
i 2 920 0 0 2668 2668
p 2 0 0 920 197 197
p 2 0 0 920 197 197
p 2 0 0 920 197 197
p 2 0 0 920 197 197
p 2 0 0 920 197 197
p 2 0 0 920 197 197
p 2 0 0 920 197 197
p 2 0 0 920 197 197
p 2 0 0 920 197 197
p 2 0 0 920 197 197
p 2 0 0 920 197 197
p 2 0 0 920 197 197
p 2 0 0 920 197 197
p 2 0 0 920 197 197
p 2 0 0 920 197 197
p 2 0 0 920 197 197
p 2 0 0 920 197 197
p 2 0 0 920 197 197
p 2 0 0 920 197 197
p 2 0 0 920 197 197
p 2 0 0 920 197 197
p 2 0 0 920 197 197
p 2 0 0 920 197 197
