# XviD 2pass stat file (core version 1.3.7)
# Please do not modify this file

i 2 8160 0 0 415905 44723
p 2 7 8125 28 66638 12543
p 2 10 8140 10 75707 12985
p 2 10 8134 16 71250 12906
p 2 5 8143 12 77674 13207
p 2 13 8125 22 98930 14010
p 2 7 8140 13 77253 13342
p 2 6 8139 15 90071 13775
p 2 8 8141 11 81388 13578
p 2 7 8138 15 97423 14070
p 2 5 8149 6 75336 13336
p 2 9 8138 13 80225 13378
p 2 11 8136 13 82030 13643
p 2 9 8139 12 93153 13890
p 2 10 8144 6 76919 13438
p 2 2 8149 9 77224 13365
p 2 6 8145 9 83015 13684
p 2 17 8133 10 80619 13621
p 2 9 8135 16 94611 14015
p 2 12 8137 11 78027 13485
p 2 12 8134 14 77796 13393
p 2 7 8141 12 80308 13580
p 2 4 8152 4 79609 13578
p 2 6 8137 17 94224 13997
p 2 5 8147 8 75422 13428
p 2 6 8139 15 77751 13408
p 2 4 8143 13 74132 12953
p 2 8 8141 11 77493 13444
p 2 5 8146 9 89172 13738
p 2 3 8149 8 75489 13385
p 2 11 8141 8 75097 13254
p 2 5 8146 9 74482 13290
p 2 8 8136 16 74860 13350
p 2 3 8146 11 90887 13852
p 2 9 8140 11 73876 13436
p 2 18 8129 13 78602 13369
p 2 26 8123 11 79302 13548
p 2 13 8128 19 91141 13825
p 2 12 8136 12 74502 13298
p 2 10 8130 20 77634 13382
p 2 11 8131 18 77028 13322
p 2 12 8129 19 77178 13410
p 2 8 8131 21 88104 13693
p 2 11 8131 18 76617 13373
p 2 10 8126 24 75113 13280
p 2 7 8139 14 75294 13254
p 2 19 8123 18 76279 13428
p 2 11 8134 15 89859 13822
p 2 16 8119 25 73678 13326
p 2 10 8127 23 75644 13193
p 2 14 8138 8 74425 13243
p 2 6 8135 19 76679 13340
p 2 12 8132 16 82072 13601
p 2 5 8141 14 74935 13293
p 2 5 8138 17 74816 13191
p 2 8 8131 21 74403 13246
p 2 13 8128 19 73602 13243
p 2 5 8126 29 77837 13347
p 2 7 8136 17 71993 13200
p 2 2 8143 15 77363 13228
i 2 8160 0 0 481357 43258
p 2 0 1293 6867 3280 2378
p 2 0 737 7423 2369 1828
p 2 0 299 7861 1642 1409
p 2 0 279 7881 1613 1384
p 2 0 183 7977 1455 1290
p 2 0 141 8019 1348 1245
p 2 0 125 8035 1322 1227
p 2 0 103 8057 1269 1202
p 2 0 53 8107 1194 1158
p 2 0 68 8092 1225 1171
p 2 0 56 8104 1195 1156
p 2 871 7289 0 194674 19878
p 2 753 7386 21 195674 19498
p 2 504 7504 152 166844 18701
p 2 506 7634 20 185032 19501
p 2 475 7660 25 182616 19563
p 2 339 7799 22 155380 18761
p 2 328 7819 13 148749 18942
p 2 200 7924 36 139202 18450
p 2 205 7914 41 139534 18558
p 2 137 7961 62 124709 18248
p 2 120 7958 82 113927 17881
p 2 115 7932 113 113058 17941
p 2 124 7915 121 109534 17577
p 2 0 7998 162 43443 12736
p 2 0 7765 395 40556 11473
p 2 0 7902 258 40904 11923
p 2 0 7700 460 40480 10932
p 2 0 7829 331 42152 11867
p 2 0 7544 616 39162 10642
p 2 0 7727 433 40124 11566
p 2 0 7558 602 40048 10722
p 2 0 7652 508 41502 11604
p 2 0 7378 782 38996 10483
p 2 0 7533 627 39690 11385
p 2 0 7339 821 39581 10577
p 2 0 5882 2278 13103 7681
p 2 0 2951 5209 5700 4110
p 2 0 3202 4958 5639 4273
p 2 0 2830 5330 5740 3877
p 2 0 3120 5040 6335 4224
p 2 2856 4343 961 160276 24261
p 2 2353 4929 878 150503 23918
p 2 2034 5171 955 140059 23608
p 2 1699 5583 878 118735 23068
p 2 1702 5510 948 97228 22369
p 2 2098 5152 910 66687 21646
p 2 4930 2229 1001 26028 20522
p 2 0 1755 6405 4029 3890
p 2 0 1337 6823 2966 2942
p 2 0 1190 6970 2649 2631
p 2 0 1193 6967 2408 2380
p 2 0 923 7237 2121 2110
p 2 0 815 7345 1998 1995
p 2 0 952 7208 1942 1937
p 2 0 872 7288 1865 1856
p 2 0 1065 7095 2016 1997
p 2 0 762 7398 1747 1741
p 2 0 667 7493 1673 1667
p 2 929 1939 5292 22030 6753
p 2 410 4254 3496 36371 8378
p 2 319 5777 2064 46266 10582
p 2 382 5663 2115 54050 11109
p 2 428 5769 1963 60234 12795
p 2 409 5971 1780 69229 13444
p 2 505 6679 976 82761 16337
p 2 661 6676 823 94229 17607
p 2 611 6864 685 105359 19099
p 2 652 6820 688 117455 19225
p 2 553 7074 533 129522 20049
p 2 562 7051 547 135184 19811
p 2 551 7166 443 169133 21069
p 2 25 7469 666 69430 13580
p 2 53 7884 223 96487 15698
p 2 41 7516 603 82359 13857
p 2 83 7570 507 103043 14782
p 2 72 7577 511 96499 14201
p 2 87 7658 415 118192 15398
p 2 97 7602 461 103987 14159
p 2 102 7618 440 126538 15205
p 2 85 7556 519 117576 14049
p 2 97 7584 479 145560 15168
p 2 47 7669 444 175702 14563
p 2 2 5826 2332 50235 8300
p 2 0 3327 4833 8880 4572
p 2 34 2614 5512 48073 4815
p 2 0 2638 5522 7503 3779
p 2 14 1941 6205 35933 3705
p 2 0 2066 6094 6124 3167
p 2 6 2260 5894 40242 4051
p 2 0 2446 5714 7242 3552
p 2 27 1499 6634 45168 3585
p 2 0 1824 6336 5785 2937
p 2 31 2233 5896 46922 4324
p 2 0 1828 6332 6340 2986
p 2 0 871 7289 2781 1942
p 2 0 814 7346 2870 1893
p 2 0 808 7352 3052 1898
p 2 24 1850 6286 42976 3790
p 2 0 908 7252 3529 2029
p 2 31 1576 6553 41169 3528
p 2 0 1428 6732 5001 2565
p 2 28 1631 6501 40513 3618
p 2 0 787 7373 3067 1938
p 2 37 1354 6769 41111 3370
p 2 0 1291 6869 4452 2417
p 2 0 2449 5711 8212 3657
p 2 0 1760 6400 6183 2953
p 2 0 916 7244 3386 2013
p 2 0 719 7441 3277 1830
p 2 0 564 7596 2664 1672
p 2 0 477 7683 2596 1586
p 2 0 708 7452 2458 1771
p 2 28 940 7192 40797 2931
p 2 0 903 7257 3361 2020
p 2 29 1269 6862 39294 3218
p 2 0 1412 6748 4616 2537
p 2 32 987 7141 37446 2923
p 2 0 1347 6813 4528 2474
p 2 26 1548 6586 42056 3481
p 2 0 1427 6733 6100 2603
p 2 0 984 7176 4761 2129
p 2 0 789 7371 4012 1910
p 2 0 422 7738 2922 1545
p 2 0 388 7772 2925 1512
p 2 0 393 7767 3483 1520
p 2 0 437 7723 3313 1569
p 2 0 399 7761 3380 1538
p 2 0 345 7815 3070 1491
p 2 0 411 7749 3536 1540
p 2 0 1430 6730 6088 2570
p 2 0 1400 6760 6116 2573
p 2 0 760 7400 4363 1884
p 2 0 775 7385 4493 1917
p 2 1 598 7561 3691 1750
p 2 0 586 7574 3989 1737
p 2 0 380 7780 2970 1514
p 2 0 291 7869 3003 1431
p 2 0 493 7667 3187 1621
p 2 2 430 7728 17548 1797
p 2 3 454 7703 3225 1617
p 2 10 526 7624 16364 1906
p 2 1 571 7588 2904 1739
p 2 0 476 7684 15436 1760
p 2 0 465 7695 2273 1581
p 2 3 484 7673 15166 1767
p 2 0 482 7678 2387 1578
p 2 1 244 7915 1740 1343
p 2 0 264 7896 1626 1343
p 2 1 219 7940 1914 1323
p 2 0 247 7913 1849 1346
p 2 0 161 7999 1394 1254
p 2 0 122 8038 1676 1225
p 2 0 129 8031 1379 1222
p 2 0 1047 7113 4080 2181
p 2 1 1031 7128 4341 2174
p 2 0 588 7572 2729 1694
p 2 0 552 7608 2768 1655
p 2 1 466 7693 2563 1568
p 2 0 256 7904 1541 1338
p 2 0 287 7873 1680 1368
p 2 1 308 7851 2097 1400
p 2 0 289 7871 1924 1392
p 2 0 296 7864 1830 1393
p 2 0 196 7964 1851 1303
p 2 0 181 7979 1522 1281
p 2 0 66 8094 1225 1167
p 2 1 71 8088 1528 1180
p 2 0 108 8052 1354 1209
p 2 0 103 8057 1460 1200
p 2 0 104 8056 1695 1206
p 2 0 97 8063 1412 1194
p 2 0 76 8084 1263 1173
p 2 1 96 8063 1421 1205
p 2 0 96 8064 1317 1194
p 2 0 98 8062 1406 1201
p 2 1 109 8050 1606 1216
p 2 0 82 8078 1323 1181
p 2 0 239 7921 1633 1339
p 2 1 215 7944 1974 1332
p 2 0 179 7981 1469 1276
p 2 0 205 7955 1572 1306
p 2 1 238 7921 1846 1350
p 2 0 242 7918 1710 1348
p 2 0 145 8015 1385 1245
p 2 1 86 8073 1533 1195
p 2 0 49 8111 1192 1150
p 2 0 58 8102 1238 1159
p 2 0 69 8091 1530 1171
p 2 0 42 8118 1163 1140
p 2 0 32 8128 1153 1131
p 2 1 50 8109 1476 1161
p 2 0 85 8075 1280 1181
p 2 0 100 8060 1371 1199
p 2 0 42 8118 1171 1142
p 2 0 14 8146 1143 1120
p 2 0 21 8139 1142 1123
p 2 0 16 8144 1135 1120
p 2 0 34 8126 1502 1141
p 2 0 14 8146 1135 1116
p 2 1 18 8141 1265 1128
p 2 0 21 8139 1159 1125
p 2 0 116 8044 1336 1216
p 2 0 61 8099 1216 1164
p 2 0 94 8066 1260 1188
p 2 0 90 8070 1299 1190
p 2 0 91 8069 1304 1192
p 2 0 121 8039 1427 1224
p 2 0 66 8094 1286 1166
p 2 0 78 8082 1354 1180
p 2 0 137 8023 1366 1230
p 2 0 68 8092 1231 1170
p 2 0 40 8120 1168 1141
p 2 0 58 8102 1209 1152
p 2 0 42 8118 1177 1145
p 2 0 25 8135 1140 1125
p 2 0 29 8131 1152 1129
p 2 0 22 8138 1135 1122
p 2 0 37 8123 1177 1138
p 2 0 37 8123 1201 1141
p 2 0 28 8132 1154 1130
p 2 7 577 7576 32495 2281
p 2 0 443 7717 2573 1568
p 2 1 1214 6945 36393 2833
p 2 0 819 7341 3426 1929
p 2 3 1089 7068 34497 2688
p 2 0 944 7216 3797 2051
p 2 0 463 7697 8318 1618
p 2 0 369 7791 2036 1463
p 2 0 304 7856 1810 1386
p 2 0 178 7982 1446 1270
p 2 0 99 8061 1231 1188
p 2 0 84 8076 1233 1178
p 2 0 117 8043 1284 1202
p 2 0 60 8100 1198 1157
p 2 0 38 8122 1169 1136
p 2 0 46 8114 1175 1143
p 2 0 39 8121 1164 1140
p 2 0 43 8117 1175 1142
p 2 0 72 8088 1193 1163
p 2 0 23 8137 1131 1123
p 2 0 20 8140 1131 1122
p 2 0 20 8140 1128 1120
p 2 0 12 8148 1116 1114
i 2 8160 0 0 104687 27833
p 2 805 2978 4377 22257 8158
p 2 722 3684 3754 26263 8885
p 2 1707 4717 1736 92784 16826
p 2 849 5946 1365 48090 13080
p 2 857 4911 2392 43321 12007
p 2 38 5070 3052 53996 9503
p 2 0 3818 4342 11049 5660
p 2 1344 3223 3593 43438 10981
p 2 1784 4542 1834 77435 16275
p 2 1239 6142 779 49607 15300
p 2 745 4736 2679 31364 10913
p 2 911 5462 1787 96220 15474
p 2 737 4532 2891 52072 13000
p 2 420 3101 4639 38263 9458
p 2 346 4841 2973 75198 12548
p 2 0 3439 4721 10778 5542
p 2 0 3008 5152 8999 4874
p 2 1495 5385 1280 98905 18004
p 2 656 3752 3752 44119 11252
p 2 256 2520 5384 16561 5957
p 2 886 4281 2993 60410 11984
p 2 415 4441 3304 28397 9346
p 2 493 5030 2637 39156 10897
p 2 731 6454 975 90309 16007
p 2 704 5276 2180 46799 13038
p 2 0 3371 4789 9813 5502
p 2 214 4993 2953 62507 10795
p 2 1329 3448 3383 44033 11801
p 2 1613 4617 1930 54306 14451
p 2 1065 6270 825 82283 16239
p 2 320 5148 2692 33858 10556
p 2 661 4296 3203 51074 11768
p 2 424 4554 3182 76335 13037
p 2 32 3708 4420 24582 7777
p 2 0 3032 5128 9044 4798
p 2 133 4841 3186 64134 10605
p 2 1211 5008 1941 68147 15436
p 2 673 3244 4243 42675 10609
p 2 542 4199 3419 72493 11281
p 2 772 3715 3673 24476 9187
p 2 410 4132 3618 26469 8812
p 2 586 5851 1723 72201 13680
p 2 473 6197 1490 49122 12738
p 2 675 5076 2409 43949 12059
p 2 162 4787 3211 53698 9913
p 2 0 3811 4349 10230 5726
p 2 1351 3147 3662 42511 11064
p 2 2016 4479 1665 96235 17492
p 2 986 5872 1302 45370 13758
p 2 338 4776 3046 33763 10000
p 2 930 5239 1991 96248 16217
p 2 391 3578 4191 37410 9846
p 2 31 3085 5044 22384 7014
p 2 55 4773 3332 52901 9163
p 2 0 3673 4487 10702 5714
p 2 1538 4452 2170 66346 15494
p 2 859 4438 2863 79219 14397
p 2 252 3207 4701 20290 7015
i 2 8160 0 0 354008 38502
p 2 6 2982 5172 20279 4722
p 2 14 2699 5447 25486 4642
p 2 21 2637 5502 33999 4845
p 2 8 2800 5352 26547 4765
p 2 8 2476 5676 19758 4195
p 2 20 2139 6001 35702 4531
p 2 6 2376 5778 23141 4292
p 2 13 2752 5395 25425 4765
p 2 21 2431 5708 32059 4560
p 2 17 2096 6047 25343 4189
p 2 11 2471 5678 23287 4384
p 2 31 2766 5363 37134 5171
p 2 6 2328 5826 20648 4101
p 2 19 2173 5968 26714 4299
p 2 31 2378 5751 37195 4780
p 2 14 2655 5491 27651 4754
p 2 8 2382 5770 21473 4159
p 2 30 2245 5885 40151 4823
p 2 18 2507 5635 26928 4555
p 2 16 2767 5377 28991 4874
p 2 35 2444 5681 36529 4847
p 2 29 2437 5694 31211 4680
p 2 19 2934 5207 31886 5188
p 2 53 3061 5046 43780 5726
p 2 11 1998 6151 27018 4003
p 2 35 2948 5177 33411 5256
p 2 50 3097 5013 46263 5849
p 2 18 2638 5504 27938 4780
p 2 7 1568 6585 23332 3477
p 2 67 2696 5397 46573 5590
p 2 20 2769 5371 31300 5069
p 2 23 2596 5541 27784 4758
p 2 39 1590 6531 38803 4113
p 2 27 2622 5511 31253 4947
p 2 23 2705 5432 32311 5028
p 2 50 2725 5385 44831 5477
p 2 13 1692 6455 25266 3687
p 2 21 2820 5319 32589 5184
p 2 62 2834 5264 47059 5788
p 2 18 2825 5317 29602 5040
p 2 12 1773 6375 25228 3750
p 2 56 2831 5273 49360 5890
p 2 25 2906 5229 33279 5346
p 2 14 2815 5331 30475 5038
p 2 53 1667 6440 41496 4360
p 2 31 2819 5310 35948 5369
p 2 18 2868 5274 34571 5313
p 2 60 3265 4835 52503 6329
p 2 14 2541 5605 30237 4717
p 2 34 3346 4780 37499 5920
p 2 62 3477 4621 55017 6820
p 2 32 3143 4985 33518 5624
p 2 15 2919 5226 31397 5130
p 2 82 3288 4790 55546 6662
p 2 26 2762 5372 34187 5230
p 2 33 3267 4860 33886 5748
p 2 73 2846 5241 46864 5739
p 2 27 2989 5144 36396 5526
p 2 35 3028 5097 33935 5490
p 2 82 3290 4788 53382 6605
p 2 12 2683 5465 28047 4763
p 2 24 2935 5201 36841 5452
p 2 52 3031 5077 54625 6284
p 2 37 3256 4867 37258 5914
p 2 15 2954 5191 28580 5062
p 2 32 3310 4818 56718 6557
p 2 37 3200 4923 36471 5876
p 2 41 3359 4760 36605 5957
p 2 31 2560 5569 48458 5346
p 2 29 3229 4902 39822 5925
p 2 38 3045 5077 36253 5704
p 2 66 3051 5043 54935 6358
p 2 6 1795 6359 7915 3208
p 2 23 2504 5633 15846 4335
p 2 21 2654 5485 18803 4674
p 2 29 2435 5696 15727 4404
p 2 9 1388 6763 6527 2734
p 2 23 2365 5772 15789 4197
p 2 23 2590 5547 17891 4568
p 2 31 2296 5833 15127 4242
p 2 6 1223 6931 5894 2532
p 2 21 2317 5822 15201 4120
i 2 8160 0 0 321060 39216
p 2 7 2362 5791 7797 3819
p 2 40 1770 6350 6730 3241
p 2 881 5800 1479 66023 13993
p 2 927 5673 1560 61670 13958
p 2 22 3612 4526 12652 5404
p 2 131 2545 5484 35929 6010
p 2 953 5955 1252 68277 14462
p 2 1111 5872 1177 86054 15580
p 2 23 3645 4492 13199 5343
p 2 169 3926 4065 42175 7538
p 2 966 5777 1417 63574 14078
p 2 1124 6000 1036 87973 15901
p 2 34 3605 4521 12101 5372
p 2 46 1927 6187 8599 3681
p 2 936 5741 1483 62184 13974
p 2 936 5818 1406 62713 14110
p 2 32 3082 5046 10120 4747
p 2 47 1723 6390 8189 3456
p 2 897 5838 1425 63015 14022
p 2 923 5798 1439 61598 14070
p 2 33 2921 5206 10114 4664
p 2 47 1687 6426 8003 3457
p 2 912 5855 1393 63150 14098
p 2 946 5843 1371 62887 14175
p 2 33 2984 5143 9965 4645
p 2 48 1715 6397 7850 3427
p 2 888 5969 1303 63998 14198
p 2 940 5826 1394 61832 14128
p 2 36 2925 5199 10911 4754
p 2 50 2063 6047 8963 3760
p 2 923 5831 1406 62086 14088
p 2 949 5762 1449 61453 14087
p 2 33 2766 5361 10384 4451
p 2 48 2083 6029 8425 3715
p 2 899 5799 1462 61811 13929
p 2 941 5696 1523 61274 13979
p 2 36 2867 5257 10788 4686
p 2 47 1790 6323 8046 3465
p 2 923 5770 1467 61846 13967
p 2 955 5655 1550 60954 13963
p 2 31 2640 5489 9546 4338
p 2 48 1734 6378 7909 3384
p 2 904 5733 1523 61437 13851
p 2 942 5665 1553 60657 13868
p 2 35 2425 5700 9518 4202
p 2 48 1840 6272 8094 3501
p 2 920 5744 1496 61257 13884
p 2 935 5688 1537 61317 13958
p 2 33 2605 5522 9794 4329
p 2 46 1708 6406 7538 3326
p 2 912 5734 1514 61219 13871
p 2 929 5672 1559 60402 13880
p 2 37 2462 5661 9374 4265
p 2 50 1805 6305 8334 3520
p 2 926 5728 1506 60988 13894
p 2 949 5679 1532 60631 13914
p 2 33 2424 5703 9136 4130
p 2 47 1693 6420 7571 3341
p 2 903 5725 1532 61055 13826
p 2 936 5657 1567 60656 13905
p 2 37 2447 5676 9266 4226
p 2 49 1820 6291 7991 3500
p 2 931 5711 1518 61018 13883
p 2 940 5647 1573 60570 13895
p 2 33 2447 5680 8925 4121
p 2 48 1668 6444 7607 3327
p 2 911 5698 1551 60989 13840
p 2 929 5647 1584 60431 13849
p 2 36 2421 5703 9201 4165
p 2 46 1698 6416 7894 3395
p 2 934 5685 1541 60699 13859
p 2 949 5618 1593 60325 13838
p 2 33 2475 5652 9000 4166
p 2 48 1722 6390 7627 3377
p 2 917 5690 1553 60902 13810
p 2 922 5629 1609 60282 13759
p 2 35 2464 5661 9227 4192
p 2 48 1787 6325 8003 3471
p 2 929 5657 1574 60649 13776
p 2 944 5596 1620 60411 13806
p 2 33 2414 5713 8969 4105
p 2 50 1678 6432 7591 3321
p 2 917 5631 1612 60580 13736
p 2 945 5579 1636 60238 13781
p 2 36 2427 5697 9178 4198
p 2 51 1788 6321 8019 3521
p 2 923 5647 1590 60715 13815
p 2 941 5600 1619 60423 13817
p 2 33 2462 5665 9026 4168
p 2 45 1620 6495 7663 3272
p 2 919 5663 1578 60670 13772
p 2 934 5591 1635 60173 13800
p 2 36 2382 5742 8895 4112
p 2 50 1926 6184 8344 3625
p 2 925 5657 1578 60657 13800
p 2 922 5716 1522 61528 13950
p 2 33 2451 5676 8558 4059
p 2 48 1608 6504 7681 3306
p 2 920 5665 1575 61082 13824
p 2 915 5675 1570 61139 13884
p 2 34 2602 5524 9410 4357
p 2 73 2219 5868 22889 4756
p 2 922 5687 1551 61504 13835
p 2 923 5639 1598 61336 13803
p 2 153 2871 5136 23868 5527
p 2 49 2248 5863 9343 3965
p 2 925 5612 1623 61271 13716
p 2 1126 5556 1478 78445 15097
p 2 33 2979 5148 11089 4769
p 2 45 2212 5903 9495 3983
p 2 1181 5618 1361 88317 15560
p 2 945 5687 1528 61402 13969
p 2 34 2910 5216 10766 4654
p 2 49 2225 5886 8922 3896
p 2 936 5553 1671 60296 13705
p 2 946 5504 1710 59810 13674
p 2 33 2826 5301 10517 4594
p 2 49 2242 5869 9407 3925
p 2 936 5581 1643 60675 13704
p 2 954 5553 1653 60160 13756
p 2 35 3115 5010 11492 4843
p 2 46 2109 6005 8798 3780
p 2 947 5572 1641 60349 13712
p 2 947 5449 1764 59859 13687
p 2 34 2849 5277 10531 4616
p 2 49 1983 6128 8662 3741
p 2 947 5527 1686 59713 13642
p 2 963 5450 1747 59690 13670
p 2 34 2687 5439 9523 4356
p 2 49 1877 6234 8034 3538
p 2 935 5496 1729 59972 13587
p 2 937 5427 1796 59554 13619
p 2 35 2613 5512 9726 4398
p 2 49 1829 6282 8196 3540
p 2 946 5491 1723 59716 13599
p 2 951 5436 1773 59609 13621
p 2 31 2559 5570 9384 4251
p 2 48 1820 6292 7951 3477
p 2 939 5466 1755 59702 13548
p 2 935 5435 1790 59540 13594
p 2 31 2556 5573 9566 4307
p 2 49 1899 6212 8676 3649
p 2 953 5494 1713 59598 13581
p 2 961 5421 1778 59535 13636
p 2 35 2709 5416 9810 4420
p 2 48 1825 6287 8060 3499
p 2 947 5501 1712 59850 13616
p 2 946 5437 1777 59463 13629
p 2 35 2634 5491 9599 4382
p 2 49 1905 6206 8374 3614
p 2 954 5456 1750 59533 13581
p 2 959 5393 1808 59214 13577
p 2 33 2633 5494 9408 4321
p 2 46 1781 6333 7913 3467
p 2 933 5449 1778 59796 13569
p 2 953 5370 1837 59037 13574
p 2 35 2533 5592 9478 4296
p 2 49 1904 6207 9131 3666
p 2 955 5432 1773 59289 13545
p 2 961 5366 1833 59615 13575
p 2 33 2577 5550 9198 4245
p 2 49 1752 6359 8454 3425
p 2 934 5469 1757 59835 13535
p 2 951 5360 1849 59138 13530
p 2 35 2590 5535 9765 4394
p 2 48 1878 6234 8600 3629
p 2 950 5474 1736 59559 13577
p 2 969 5379 1812 59403 13553
p 2 33 2659 5468 9570 4324
p 2 49 1798 6313 7816 3459
p 2 953 5461 1746 59869 13588
p 2 953 5384 1823 59186 13546
p 2 35 2645 5480 9649 4409
p 2 47 1980 6133 8965 3727
p 2 948 5468 1744 59455 13570
p 2 947 5399 1814 59505 13556
p 2 34 2628 5498 9593 4316
p 2 48 1952 6160 8361 3629
p 2 946 5472 1742 59848 13566
p 2 959 5403 1798 59383 13626
p 2 35 2739 5386 10004 4471
p 2 48 1941 6171 8700 3713
p 2 952 5475 1733 59888 13593
p 2 950 5441 1769 59476 13606
p 2 34 2507 5619 9132 4197
p 2 50 1712 6398 7925 3376
p 2 947 5445 1768 59581 13531
p 2 950 5396 1814 58999 13602
p 2 36 2573 5551 9661 4332
p 2 48 2661 5451 11078 4466
p 2 950 5495 1715 60031 13627
p 2 952 5656 1552 63090 13915
p 2 32 2927 5201 9662 4492
p 2 47 1621 6492 7785 3275
p 2 937 5559 1664 61097 13725
p 2 944 5521 1695 60676 13706
p 2 34 2606 5520 9246 4323
p 2 50 1612 6498 8015 3354
p 2 925 5563 1672 62400 13791
p 2 952 5474 1734 60995 13775
p 2 33 2264 5863 8164 3881
p 2 47 1552 6561 7581 3252
p 2 920 5504 1736 61285 13718
p 2 939 5445 1776 60626 13664
p 2 34 2194 5932 8210 3892
p 2 47 1511 6602 7708 3281
p 2 949 5501 1710 61092 13741
p 2 943 5482 1735 60939 13716
p 2 31 2106 6023 7785 3725
p 2 49 1435 6676 7486 3148
p 2 926 5436 1798 60277 13562
p 2 940 5406 1814 60133 13666
p 2 36 2129 5995 8245 3876
p 2 49 1513 6598 7566 3245
i 2 8160 0 0 50734 24344
p 2 5843 1613 704 71099 24073
p 2 5399 2058 703 80142 23574
p 2 4989 3165 6 88147 24182
p 2 4538 3005 617 91763 23620
p 2 3543 3953 664 99135 23343
p 2 2681 4829 650 106284 22722
p 2 1388 6698 74 82510 21386
p 2 1456 6629 75 91431 22612
p 2 1231 6861 68 93764 22298
p 2 1253 6852 55 95501 22288
p 2 1471 6611 78 97736 22724
p 2 1303 6804 53 98789 22442
p 2 1394 6690 76 99481 22510
p 2 1577 6518 65 102984 22991
p 2 1466 6612 82 98961 22433
p 2 1472 6604 84 99931 22640
p 2 1727 6340 93 102251 23046
p 2 1655 6431 74 104162 23045
p 2 1775 6317 68 103156 23227
p 2 2019 6041 100 102316 23794
p 2 1956 6150 54 103300 23585
p 2 2119 5970 71 104445 24127
p 2 2175 5934 51 106925 24459
p 2 4 7065 1091 38388 11814
p 2 1 7109 1050 35909 11172
p 2 1 7013 1146 38458 10821
p 2 0 7154 1006 35138 10422
p 2 0 7079 1081 37074 10314
p 2 2 7208 950 35752 10429
p 2 2 7114 1044 39386 10571
p 2 0 7244 916 36174 10379
p 2 1 7179 980 38652 10509
p 2 1 7271 888 37267 10552
p 2 3 7225 932 40866 10776
p 2 1 7353 806 38295 10614
p 2 3 7219 938 40629 10706
p 2 1 7303 856 40262 10755
p 2 2 7297 861 42731 10952
p 2 1 7336 823 39132 10725
p 2 0 7221 939 41155 10781
p 2 3 7293 864 40961 10784
p 2 3 7225 932 44273 11013
p 2 3 7331 826 41173 10847
p 2 5 7254 901 43021 10998
p 2 1 7272 887 42362 10980
p 2 4 7251 905 45448 11224
p 2 1 7373 786 42478 11011
p 2 5 7301 854 44822 11151
p 2 1 7326 833 43516 11070
p 2 5 7275 880 46767 11274
p 2 1 7411 748 43257 11147
p 2 3 7397 760 45511 11283
p 2 6 7411 743 44478 11305
p 2 5 7372 783 47441 11522
p 2 7 7413 740 44457 11312
p 2 6 7348 806 47202 11370
p 2 5 7406 749 45467 11344
p 2 4 7381 775 48535 11692
p 2 3 7467 690 43865 11430
p 2 5 7439 716 46103 11586
p 2 2 7466 692 44886 11465
p 2 3 7444 713 47975 11674
p 2 3 7456 701 44663 11447
p 2 8 7459 693 47532 11655
p 2 12 7474 674 46419 11655
p 2 13 7483 664 49222 11924
p 2 4 7496 660 46241 11622
p 2 5 7496 659 48205 11657
p 2 2 7519 639 47258 11659
p 2 7 7494 659 51790 12024
p 2 13 7561 586 48282 11792
p 2 5 7539 616 49956 11871
p 2 2 7519 639 48158 11762
p 2 11 7558 591 52930 12097
p 2 11 7579 570 49702 11858
p 2 10 7567 583 53386 12152
p 2 14 7497 649 52017 11980
p 2 18 7519 623 56160 12269
p 2 1010 7030 120 90263 19061
p 2 924 7090 146 97901 19366
p 2 795 7252 113 95214 19026
p 2 828 7235 97 100717 19394
p 2 760 7267 133 95575 18814
p 2 762 7284 114 100500 19057
p 2 786 7215 159 97712 18848
p 2 774 7263 123 102796 19167
p 2 781 7217 162 95694 18761
p 2 748 7277 135 99525 18940
p 2 688 7313 159 93587 18318
p 2 708 7347 105 98743 18668
p 2 697 7320 143 90402 18109
p 2 642 7357 161 93692 18440
p 2 627 7342 191 88415 17819
p 2 599 7409 152 92926 18142
p 2 625 7405 130 85775 17801
p 2 617 7335 208 89155 17672
p 2 566 7389 205 83164 17234
p 2 593 7357 210 88217 17497
p 2 558 7407 195 81050 16851
p 2 588 7319 253 83189 16915
p 2 549 7305 306 77960 16316
p 2 580 7323 257 81588 16466
p 2 534 7395 231 74974 16024
p 2 556 7265 339 76372 16000
p 2 581 7299 280 71395 15796
p 2 581 7293 286 73186 15797
p 2 537 7343 280 66740 15307
p 2 626 7177 357 68154 15348
p 2 590 7209 361 63365 14896
p 2 635 7161 364 65045 15016
p 2 553 7242 365 58625 14306
p 2 521 7130 509 59149 13962
p 2 372 7249 539 45188 12248
p 2 0 7153 1007 33567 8910
p 2 0 7154 1006 29842 8051
p 2 0 6856 1304 30634 7751
p 2 0 6916 1244 29851 7679
p 2 0 6736 1424 30982 7520
i 2 8160 0 0 179582 33244
p 2 0 3118 5042 5281 3999
p 2 1539 2877 3744 76204 12083
p 2 0 1638 6522 3591 2673
p 2 1952 1722 4486 91280 13268
p 2 0 1522 6638 3632 2597
p 2 1589 1952 4619 94365 12453
p 2 0 1545 6615 3879 2667
p 2 926 2270 4964 98442 10503
p 2 0 1482 6678 4339 2706
p 2 1108 2105 4947 103981 11395
p 2 0 1494 6666 4243 2767
p 2 1296 2017 4847 97269 11621
p 2 0 1842 6318 4488 2997
p 2 1269 2412 4479 99972 12090
p 2 0 1946 6214 4507 3071
p 2 1 1403 6756 3733 2451
p 2 0 886 7274 2107 1894
p 2 1 820 7339 3030 1889
p 2 0 612 7548 1908 1652
p 2 0 597 7563 2076 1664
p 2 5 403 7752 1988 1532
p 2 0 361 7799 1628 1434
p 2 0 325 7835 1680 1404
p 2 12 804 7344 3992 1973
p 2 0 547 7613 1849 1598
p 2 0 411 7749 1758 1482
p 2 2 489 7669 2561 1610
p 2 0 481 7679 2037 1553
p 2 0 293 7867 1545 1374
p 2 1 230 7929 2266 1358
p 2 0 211 7949 1498 1305
p 2 0 191 7969 1465 1284
p 2 2 150 8008 1865 1288
p 2 0 101 8059 1290 1199
p 2 0 118 8042 1311 1213
p 2 2 87 8071 1483 1218
p 2 0 77 8083 1219 1180
p 2 0 52 8108 1205 1154
p 2 6 89 8065 2099 1238
p 2 0 94 8066 1304 1196
p 2 0 69 8091 1244 1167
p 2 1 118 8041 2088 1250
p 2 0 49 8111 1180 1146
p 2 0 21 8139 1139 1124
p 2 1 53 8106 1744 1192
p 2 0 54 8106 1197 1156
p 2 0 57 8103 1172 1156
p 2 1 46 8113 1961 1185
p 2 0 74 8086 1219 1171
p 2 0 75 8085 1205 1167
p 2 4 136 8020 1671 1284
p 2 0 64 8096 1183 1166
p 2 0 42 8118 1164 1145
p 2 12 72 8076 2350 1255
p 2 0 62 8098 1229 1164
p 2 0 77 8083 1250 1173
p 2 1 72 8087 1878 1215
p 2 0 72 8088 1224 1168
p 2 0 42 8118 1201 1145
p 2 1 131 8028 2093 1258
p 2 0 88 8072 1270 1185
p 2 0 162 7998 1429 1253
p 2 4 84 8072 1574 1236
p 2 0 66 8094 1216 1165
p 2 0 59 8101 1210 1158
p 2 12 54 8094 2304 1237
p 2 0 44 8116 1171 1142
p 2 0 41 8119 1176 1139
p 2 1 56 8103 1785 1195
p 2 0 32 8128 1174 1134
p 2 0 43 8117 1167 1138
p 2 1 75 8084 1980 1206
p 2 0 46 8114 1208 1151
p 2 0 67 8093 1232 1167
p 2 2 68 8090 1786 1211
p 2 0 87 8073 1315 1187
p 2 0 80 8080 1271 1180
p 2 2 72 8086 1428 1195
p 2 0 29 8131 1141 1131
p 2 0 25 8135 1135 1126
p 2 12 25 8123 2264 1211
p 2 0 25 8135 1157 1127
p 2 0 12 8148 1123 1115
p 2 1 41 8118 1761 1181
p 2 0 17 8143 1135 1120
p 2 0 32 8128 1180 1135
p 2 1 51 8108 1977 1191
p 2 0 26 8134 1148 1128
p 2 0 28 8132 1152 1131
p 2 0 26 8134 1146 1127
p 2 0 30 8130 1159 1132
p 2 0 33 8127 1143 1130
p 2 0 16 8144 1120 1117
p 2 1 34 8125 1733 1183
p 2 0 24 8136 1159 1127
p 2 2 47 8111 1414 1175
p 2 0 21 8139 1136 1125
p 2 0 23 8137 1146 1124
p 2 0 21 8139 1133 1121
p 2 0 33 8127 1162 1134
p 2 0 54 8106 1210 1152
p 2 0 55 8105 1157 1149
p 2 0 33 8127 1133 1131
p 2 0 20 8140 1122 1119
p 2 0 13 8147 1118 1114
p 2 7 40 8113 1922 1196
p 2 0 17 8143 1137 1120
p 2 0 47 8113 1149 1139
p 2 1 47 8112 1992 1179
p 2 0 35 8125 1166 1135
p 2 0 16 8144 1128 1118
p 2 2 36 8122 1774 1182
p 2 0 15 8145 1135 1117
p 2 0 9 8151 1112 1110
p 2 1 28 8131 1920 1169
p 2 0 16 8144 1139 1118
p 2 0 8 8152 1122 1109
p 2 5 29 8126 1456 1186
p 2 0 30 8130 1145 1130
p 2 0 18 8142 1131 1120
p 2 12 29 8119 2243 1215
p 2 0 31 8129 1276 1140
p 2 0 28 8132 1149 1129
p 2 1 40 8119 1755 1179
p 2 0 29 8131 1153 1129
p 2 0 10 8150 1115 1112
p 2 1 46 8113 1927 1182
p 2 0 17 8143 1135 1120
p 2 0 6 8154 1109 1108
p 2 0 10 8150 1121 1113
p 2 0 12 8148 1123 1113
p 2 2 27 8131 1719 1176
p 2 0 21 8139 1148 1128
p 2 0 7 8153 1112 1109
p 2 2 22 8136 1374 1154
p 2 0 12 8148 1122 1114
p 2 0 10 8150 1125 1113
p 2 6 13 8141 1917 1166
p 2 0 11 8149 1123 1112
p 2 0 4 8156 1109 1106
p 2 1 24 8135 1948 1160
p 2 0 8 8152 1117 1110
p 2 0 4 8156 1107 1107
p 2 2 24 8134 1707 1163
p 2 0 21 8139 1138 1124
p 2 0 8 8152 1115 1111
p 2 1 33 8126 1934 1170
p 2 0 23 8137 1155 1127
p 2 0 25 8135 1149 1127
p 2 5 42 8113 1461 1198
p 2 0 26 8134 1153 1132
p 2 0 11 8149 1117 1113
p 2 12 22 8126 2224 1206
p 2 0 14 8146 1126 1117
p 2 0 12 8148 1123 1116
p 2 1 26 8133 1732 1168
p 2 0 12 8148 1127 1115
p 2 0 4 8156 1109 1106
p 2 1 30 8129 1907 1167
p 2 0 20 8140 1148 1122
p 2 0 15 8145 1128 1117
p 2 5 38 8117 1468 1194
p 2 0 33 8127 1149 1135
p 2 0 31 8129 1152 1129
p 2 12 28 8120 2242 1212
p 2 0 16 8144 1132 1117
p 2 0 13 8147 1129 1115
p 2 1 31 8128 1722 1171
p 2 0 17 8143 1136 1120
p 2 0 14 8146 1125 1115
p 2 1 39 8120 1919 1177
p 2 0 15 8145 1138 1118
p 2 0 16 8144 1125 1120
p 2 2 29 8129 1687 1171
p 2 0 14 8146 1138 1118
p 2 0 5 8155 1108 1108
p 2 2 31 8127 1389 1164
p 2 0 9 8151 1117 1112
p 2 0 7 8153 1111 1109
p 2 12 13 8135 2213 1198
p 2 0 9 8151 1117 1112
p 2 0 3 8157 1105 1105
p 2 1 27 8132 1732 1165
p 2 0 14 8146 1131 1118
p 2 0 7 8153 1108 1108
p 2 1 24 8135 1912 1163
p 2 0 16 8144 1139 1119
p 2 0 6 8154 1111 1108
p 2 0 1 8159 1103 1103
p 2 0 1 8159 1103 1103
p 2 0 0 8160 1102 1102
p 2 2 23 8135 1739 1170
p 2 0 8 8152 1121 1110
p 2 2 12 8146 1354 1145
i 2 8160 0 0 172430 35311
p 2 479 5606 2075 81713 15970
p 2 451 5304 2405 70703 14887
p 2 2000 5012 1148 141503 20871
p 2 537 5519 2104 88566 16194
p 2 69 4358 3733 21635 8001
p 2 1643 4448 2069 128241 17818
p 2 711 3825 3624 61198 11349
p 2 48 3174 4938 10298 4973
p 2 2528 2251 3381 135780 17770
p 2 0 2057 6103 5291 3462
p 2 0 1295 6865 3296 2375
i 2 8160 0 0 192326 35465
p 2 0 2619 5541 5495 3968
p 2 0 2136 6024 4135 3354
p 2 2268 2403 3489 142312 17641
p 2 0 2145 6015 5409 3572
p 2 0 1330 6830 3248 2455
p 2 1739 2566 3855 127414 15210
p 2 0 1896 6264 4901 3323
p 2 0 1403 6757 3265 2526
p 2 49 1584 6527 14365 3275
p 2 0 1348 6812 3553 2482
p 2 0 944 7216 2481 2026
p 2 2 894 7264 9451 2265
p 2 0 756 7404 2483 1845
p 2 0 715 7445 2680 1835
p 2 3 805 7352 10650 2185
p 2 0 630 7530 2270 1701
p 2 0 398 7762 1806 1483
p 2 2 540 7618 3379 1698
p 2 0 318 7842 1706 1418
p 2 0 313 7847 1687 1398
p 2 13 307 7840 3554 1504
p 2 0 320 7840 1848 1427
p 2 0 268 7892 1713 1372
p 2 2 578 7580 3707 1757
p 2 0 511 7649 2168 1602
p 2 0 366 7794 1821 1455
p 2 3 475 7682 3497 1641
p 2 0 677 7483 2808 1809
p 2 0 494 7666 2153 1619
p 2 2 340 7818 2871 1518
p 2 0 231 7929 1461 1328
p 2 0 146 8014 1322 1241
p 2 1 166 7993 2062 1313
p 2 0 186 7974 1508 1291
p 2 0 92 8068 1268 1197
p 2 13 88 8059 3051 1293
p 2 0 64 8096 1221 1168
p 2 0 121 8039 1315 1221
p 2 2 145 8013 2452 1304
p 2 0 90 8070 1233 1185
p 2 0 81 8079 1230 1184
p 2 3 95 8062 2681 1272
p 2 0 151 8009 1389 1255
p 2 0 73 8087 1214 1178
p 2 0 43 8117 1165 1148
p 2 0 46 8114 1180 1148
p 2 0 57 8103 1215 1163
p 2 2 109 8049 2463 1280
p 2 0 87 8073 1286 1197
p 2 1 87 8072 2012 1255
p 2 0 68 8092 1201 1166
p 2 0 32 8128 1153 1137
p 2 0 46 8114 1184 1143
p 2 184 2068 5908 83532 6927
p 2 0 1299 6861 4432 2534
p 2 286 2093 5781 93464 7802
p 2 0 1372 6788 4681 2745
p 2 313 2300 5547 93651 8039
p 2 0 2209 5951 26587 3981
p 2 719 2376 5065 123124 10570
p 2 0 1538 6622 4910 2946
p 2 0 769 7391 2355 1905
p 2 4 1248 6908 5376 2492
p 2 0 817 7343 2732 1951
p 2 0 453 7707 1797 1558
p 2 10 406 7744 2738 1608
p 2 0 372 7788 1813 1480
p 2 0 366 7794 2063 1473
p 2 19 360 7781 4001 1597
p 2 0 344 7816 1930 1452
p 2 0 166 7994 1366 1260
p 2 0 191 7969 2607 1336
p 2 0 183 7977 1494 1283
p 2 0 182 7978 1475 1279
p 2 4 158 7998 2959 1353
p 2 0 102 8058 1322 1209
p 2 0 76 8084 1263 1179
p 2 10 157 7993 2306 1352
p 2 0 84 8076 1258 1196
p 2 0 40 8120 1185 1141
p 2 19 77 8064 3278 1309
p 2 0 119 8041 1461 1226
p 2 0 80 8080 1273 1185
p 2 0 328 7832 3005 1490
p 2 0 252 7908 1567 1353
p 2 0 218 7942 1556 1318
p 2 4 298 7858 3335 1487
p 2 0 330 7830 1836 1436
p 2 0 346 7814 2001 1460
p 2 0 230 7930 2625 1385
p 2 0 134 8026 1362 1243
p 2 0 93 8067 1281 1205
p 2 1 106 8053 2047 1257
p 2 0 119 8041 1327 1230
p 2 0 91 8069 1268 1198
p 2 10 102 8048 2644 1285
p 2 0 77 8083 1241 1179
p 2 0 68 8092 1210 1169
p 2 4 99 8057 2807 1281
p 2 0 104 8056 1312 1208
p 2 0 50 8110 1178 1151
p 2 0 81 8079 2542 1244
p 2 0 58 8102 1229 1166
p 2 0 64 8096 1258 1172
p 2 4 71 8085 2771 1258
p 2 0 51 8109 1210 1152
p 2 0 36 8124 1174 1139
p 2 11 58 8091 2146 1261
p 2 0 48 8112 1190 1158
p 2 0 30 8130 1153 1135
p 2 19 65 8076 3199 1296
p 2 0 68 8092 1231 1167
p 2 0 66 8094 1180 1159
p 2 0 74 8086 2540 1235
p 2 0 58 8102 1204 1161
p 2 0 48 8112 1168 1147
p 2 1 62 8097 1956 1213
p 2 0 41 8119 1185 1153
p 2 0 25 8135 1143 1128
p 2 0 33 8127 1151 1135
p 2 0 27 8133 1138 1127
p 2 0 16 8144 1126 1119
p 2 0 14 8146 1126 1116
p 2 0 20 8140 1141 1124
p 2 0 9 8151 1117 1113
p 2 0 13 8147 1125 1115
p 2 0 8 8152 1114 1109
p 2 0 5 8155 1111 1108
p 2 0 12 8148 1122 1115
i 2 8160 0 0 189280 35170
p 2 0 2875 5285 6130 4230
p 2 1507 3573 3080 112848 14574
p 2 0 1847 6313 4917 3288
p 2 2422 5551 187 192762 24026
p 2 0 4802 3358 11173 6724
p 2 3706 3890 564 221666 31506
p 2 0 4268 3892 10903 6335
p 2 3065 4521 574 212686 29338
p 2 0 4382 3778 11052 6696
p 2 1467 5996 697 175757 22195
p 2 0 3704 4456 9456 5946
p 2 0 2351 5809 5281 4142
p 2 0 1484 6676 3367 2853
p 2 0 1763 6397 3858 2855
p 2 0 1614 6546 3408 2695
p 2 0 1475 6685 3483 2553
p 2 0 926 7234 3991 2088
p 2 0 714 7446 2173 1791
p 2 0 499 7661 1937 1579
p 2 1 700 7459 4082 1857
p 2 0 386 7774 1671 1474
p 2 0 394 7766 1802 1471
p 2 8 394 7758 2891 1582
p 2 0 490 7670 2193 1607
p 2 0 306 7854 1546 1395
p 2 20 264 7876 3695 1494
p 2 0 281 7879 1754 1379
p 2 0 648 7512 2682 1751
p 2 0 438 7722 3404 1595
p 2 0 390 7770 1890 1483
p 2 0 359 7801 1897 1455
p 2 1 401 7758 3572 1571
p 2 0 236 7924 1504 1334
p 2 0 154 8006 1389 1258
p 2 0 176 7984 2887 1334
p 2 0 257 7903 1680 1357
p 2 0 185 7975 1380 1278
p 2 4 120 8036 2153 1285
p 2 0 119 8041 1324 1227
p 2 0 117 8043 1323 1223
p 2 12 106 8042 2825 1303
p 2 0 94 8066 1250 1192
p 2 0 53 8107 1197 1157
p 2 1 106 8053 2860 1282
p 2 0 71 8089 1272 1177
p 2 0 41 8119 1192 1144
p 2 0 63 8097 2758 1228
p 2 0 82 8078 1278 1186
p 2 0 73 8087 1260 1178
p 2 1 159 8000 3135 1343
p 2 0 186 7974 1491 1286
p 2 0 67 8093 1233 1171
p 2 7 123 8030 2403 1329
p 2 0 91 8069 1298 1198
p 2 0 101 8059 1332 1205
p 2 20 100 8040 3333 1327
p 2 0 52 8108 1193 1151
p 2 0 46 8114 1177 1147
p 2 0 79 8081 2760 1247
p 2 0 79 8081 1269 1181
p 2 0 63 8097 1197 1163
p 2 1 90 8069 2801 1260
p 2 0 70 8090 1274 1178
p 2 0 39 8121 1168 1143
p 2 9 57 8094 2162 1270
p 2 0 44 8116 1186 1158
p 2 0 36 8124 1158 1136
p 2 20 68 8072 3301 1307
p 2 0 54 8106 1207 1158
p 2 0 76 8084 1283 1184
p 2 0 85 8075 2695 1255
p 2 0 39 8121 1177 1142
p 2 0 28 8132 1157 1132
p 2 1 48 8111 2730 1224
p 2 0 49 8111 1208 1155
p 2 0 53 8107 1205 1156
p 2 0 84 8076 2710 1245
p 2 0 63 8097 1224 1168
p 2 0 60 8100 1224 1166
p 2 4 73 8083 2087 1242
p 2 0 33 8127 1169 1144
p 2 0 16 8144 1125 1119
p 2 12 44 8104 2721 1239
p 2 0 54 8106 1230 1162
p 2 0 53 8107 1205 1155
p 2 1 63 8096 2774 1245
p 2 0 39 8121 1233 1147
p 2 0 23 8137 1171 1128
p 2 0 52 8108 2687 1217
p 2 0 38 8122 1180 1143
p 2 0 32 8128 1155 1134
p 2 1 57 8102 2739 1234
p 2 0 33 8127 1189 1140
p 2 0 10 8150 1120 1113
p 2 8 37 8115 2175 1244
p 2 0 30 8130 1160 1142
p 2 0 17 8143 1132 1120
p 2 20 31 8109 3211 1266
p 2 0 18 8142 1145 1120
p 2 0 21 8139 1135 1122
p 2 0 54 8106 2604 1216
p 2 0 30 8130 1173 1135
p 2 0 24 8136 1139 1126
p 2 1 51 8108 2799 1224
p 2 0 41 8119 1201 1146
p 2 0 23 8137 1143 1127
p 2 8 34 8118 2188 1239
p 2 0 5370 2790 24169 7580
p 2 0 2423 5737 5739 3562
p 2 21 1305 6834 5112 2536
p 2 0 716 7444 2136 1809
p 2 0 457 7703 1746 1543
p 2 0 371 7789 3127 1521
p 2 0 227 7933 1447 1331
p 2 0 181 7979 1403 1283
p 2 1 163 7996 2955 1343
p 2 0 139 8021 1371 1245
p 2 0 184 7976 1456 1288
p 2 0 141 8019 2864 1312
p 2 0 108 8052 1317 1216
p 2 0 90 8070 1230 1191
p 2 1 102 8057 2872 1276
p 2 0 107 8053 1325 1209
p 2 0 45 8115 1192 1151
p 2 8 58 8094 2201 1264
p 2 0 41 8119 1198 1156
p 2 0 37 8123 1170 1140
p 2 0 18 8142 1137 1123
p 2 0 14 8146 1136 1118
p 2 0 13 8147 1125 1115
i 2 8160 0 0 260640 36741
p 2 56 6838 1266 99980 12791
p 2 20 6991 1149 90451 12738
p 2 6 7063 1091 83900 12249
p 2 3 7053 1104 80969 12438
p 2 20 7050 1090 87653 12421
p 2 5 7107 1048 80835 12442
p 2 4 7130 1026 80949 12068
p 2 3 7165 992 82259 12403
p 2 7 7184 969 80280 12088
p 2 5 7127 1028 86366 12560
p 2 26 7146 988 82737 12326
p 2 11 7132 1017 82133 12557
p 2 2 7090 1068 81338 12158
p 2 29 7120 1011 81049 12540
p 2 8 7115 1037 83556 12247
p 2 6 7164 990 77497 12423
p 2 9 7145 1006 80351 12148
p 2 9 7139 1012 78720 12388
p 2 8 7128 1024 84588 12217
p 2 13 7116 1031 81040 12366
p 2 16 7134 1010 81590 12135
p 2 5 7146 1009 80494 12391
p 2 6 7131 1023 84252 12284
p 2 18 7117 1025 78788 12457
p 2 10 7109 1041 79949 12103
p 2 36 7111 1013 82293 12618
p 2 8 7205 947 79391 12181
p 2 9 7102 1049 83951 12710
p 2 18 7167 975 81190 12334
p 2 4 7140 1016 83534 12690
p 2 5 7148 1007 81414 12208
p 2 40 7083 1037 82349 12686
p 2 18 7156 986 85422 12414
p 2 11 7168 981 81819 12619
p 2 22 7168 970 85096 12377
p 2 12 7150 998 81180 12161
p 2 7 7181 972 85952 12431
p 2 8 7167 985 85317 12313
p 2 18 7173 969 85492 12304
p 2 7 7150 1003 84415 12540
p 2 17 7208 935 82276 12267
p 2 7 7148 1005 85812 12341
p 2 11 7263 886 82799 12364
p 2 10 7187 963 82390 12305
p 2 11 7249 900 82396 12289
p 2 6 7250 904 80887 12340
p 2 3 7275 882 86120 12536
p 2 5 7293 862 83770 12529
p 2 1 7367 792 84885 12595
p 2 7 7255 898 86788 12526
p 2 8 7348 804 85136 12612
p 2 7 7305 848 90191 12766
p 2 6 7387 767 83735 12612
p 2 9 7318 833 84249 12528
p 2 8 7367 785 83698 12667
p 2 1 7308 851 87915 12716
p 2 0 7369 791 83330 12577
p 2 2 7294 864 85267 12482
p 2 5 7387 768 86243 12664
p 2 14 7294 852 90776 13151
p 2 5 7375 780 86180 12600
p 2 10 7342 808 87770 13025
p 2 7 7345 808 84616 12717
p 2 4 7351 805 83689 12606
p 2 5 7367 788 88677 12827
p 2 8 7343 809 86276 12677
p 2 7 7397 756 87095 12828
p 2 3 7360 797 87728 13120
p 2 6 7385 769 86283 12721
p 2 8 7378 774 79796 12715
i 2 8160 0 0 123502 28467
p 2 0 6372 1788 14805 8178
p 2 0 4679 3481 6558 5676
p 2 0 2748 5412 4305 3763
p 2 0 1946 6214 3426 2954
p 2 0 1300 6860 2806 2336
p 2 0 707 7453 1869 1765
p 2 0 572 7588 2003 1649
p 2 0 832 7328 2297 1891
p 2 0 739 7421 2005 1818
p 2 0 535 7625 1760 1607
p 2 0 454 7706 1697 1536
p 2 0 546 7614 1874 1618
p 2 0 537 7623 1970 1630
p 2 0 273 7887 1452 1366
p 2 0 273 7887 1588 1371
p 2 0 332 7828 1584 1419
p 2 0 332 7828 1683 1423
p 2 0 271 7889 1472 1361
p 2 0 136 8024 1273 1232
p 2 0 124 8036 1289 1219
p 2 0 255 7905 1509 1358
p 2 0 296 7864 1549 1391
p 2 0 240 7920 1399 1330
p 2 0 160 8000 1290 1251
p 2 0 138 8022 1269 1234
p 2 0 183 7977 1348 1271
p 2 0 133 8027 1273 1227
p 2 0 74 8086 1188 1174
p 2 0 84 8076 1228 1183
p 2 0 79 8081 1204 1178
p 2 0 74 8086 1190 1172
p 2 0 68 8092 1181 1166
p 2 0 107 8053 1229 1203
p 2 0 58 8102 1174 1157
p 2 0 74 8086 1191 1172
p 2 0 84 8076 1214 1184
p 2 0 132 8028 1255 1227
p 2 0 75 8085 1197 1175
p 2 0 128 8032 1258 1227
p 2 0 86 8074 1205 1185
p 2 0 70 8090 1184 1170
i 2 8160 0 0 57085 26263
p 2 3805 4131 224 70453 25222
i 2 8160 0 0 81603 28670
i 2 8160 0 0 108746 29229
p 2 2046 6066 48 95856 22622
p 2 372 7411 377 77327 17045
p 2 251 7767 142 73468 17179
p 2 218 7288 654 52458 14668
p 2 159 7492 509 47560 14452
p 2 50 6932 1178 35588 12028
p 2 35 7246 879 26539 11444
p 2 18 7308 834 31423 11225
i 2 8160 0 0 302210 34718
p 2 4 8024 132 68397 12233
p 2 9 7988 163 87155 12435
p 2 54 7944 162 100799 13404
p 2 8 8007 145 119076 13302
p 2 3 8044 113 105296 13023
p 2 19 7880 261 102029 12961
p 2 31 8013 116 113963 13211
p 2 13 7959 188 108502 12843
p 2 11 8052 97 105440 13616
p 2 13 7960 187 83337 12588
p 2 15 7977 168 89796 12821
p 2 9 7970 181 90353 13024
p 2 2 8056 102 101968 13213
p 2 6 7973 181 80540 12513
p 2 10 7955 195 90251 12918
p 2 6 7913 241 84311 12501
p 2 4 8014 142 100622 13116
p 2 11 7962 187 83510 12761
p 2 3 7976 181 88510 12806
p 2 4 7983 173 85536 12786
p 2 2 8020 138 103920 13431
p 2 2 8000 158 86243 12923
p 2 5 7905 250 81141 12508
p 2 8 8022 130 94755 13321
p 2 5 8052 103 91731 13057
p 2 0 8081 79 117826 13650
p 2 12 8029 119 85996 12910
p 2 9 7936 215 90284 12811
p 2 6 8005 149 88209 12867
p 2 22 7985 153 105365 13361
p 2 13 7998 149 82401 12687
p 2 12 7915 233 89889 12675
p 2 9 7995 156 90998 12996
p 2 4 7989 167 103869 13178
p 2 4 8043 113 84351 12842
p 2 10 7936 214 93981 12988
p 2 6 8031 123 89309 13009
p 2 21 7983 156 104418 13311
p 2 21 8013 126 88955 13138
p 2 6 7938 216 92301 12857
p 2 6 8045 109 90677 13081
p 2 11 7979 170 107842 13483
p 2 6 8018 136 85560 12920
p 2 4 7994 162 93008 12961
p 2 10 8052 98 93636 13246
p 2 0 8033 127 104201 13236
p 2 3 8047 110 86521 12890
p 2 11 8023 126 99081 13265
p 2 0 8040 120 93288 13031
p 2 2 8081 77 113864 13365
p 2 6 8008 146 87748 12887
p 2 4 7943 213 91465 12769
p 2 4 8008 148 87976 12815
p 2 6 8006 148 105498 13470
p 2 6 8006 148 85665 12834
p 2 3 7998 159 95582 13127
p 2 7 7991 162 91769 13209
p 2 213 7903 44 145731 17570
p 2 216 7907 37 143619 18551
p 2 197 7925 38 157331 18799
p 2 195 7930 35 159571 19075
p 2 182 7943 35 176281 19218
p 2 178 7953 29 172330 19685
p 2 171 7947 42 183404 19654
p 2 191 7938 31 183952 20033
p 2 153 7975 32 197573 20000
p 2 169 7964 27 185938 20119
p 2 148 7979 33 189283 20020
p 2 155 7975 30 180609 20125
p 2 192 7935 33 188010 20230
p 2 182 7957 21 165302 20092
p 2 212 7934 14 171168 20020
p 2 194 7947 19 155932 19973
p 2 194 7953 13 171740 20130
p 2 182 7962 16 142431 19940
p 2 222 7908 30 151834 19707
p 2 6 8111 43 88704 14979
p 2 5 8105 50 73522 14159
p 2 6 8098 56 80574 14158
p 2 6 8090 64 88346 14410
p 2 6 8114 40 70682 13676
p 2 5 8067 88 76733 13862
p 2 10 8065 85 70660 13732
p 2 5 8080 75 85583 14257
p 2 6 8109 45 69159 13764
p 2 5 8061 94 73841 13909
p 2 5 8090 65 71265 14029
p 2 4 8082 74 83099 14450
p 2 7 8078 75 67049 13850
p 2 7 8052 101 73211 14156
p 2 2 8156 2 77274 14194
p 2 15 8138 7 92161 14704
p 2 16 8142 2 80792 14326
p 2 15 8137 8 85562 14345
p 2 12 8146 2 82349 14424
p 2 21 8134 5 92957 14996
p 2 36 8123 1 79163 14948
p 2 51 8102 7 73867 14781
p 2 55 8102 3 73419 15785
p 2 311 7849 0 129777 20791
p 2 0 8146 14 71735 14461
p 2 0 8150 10 55076 13589
p 2 0 8158 2 60238 13978
p 2 0 8153 7 70087 14619
p 2 0 8159 1 57502 14551
p 2 0 8151 9 58264 14609
p 2 0 8160 0 69902 14708
p 2 0 8159 1 54555 13788
p 2 0 8158 2 61114 14151
p 2 0 8160 0 68640 14634
p 2 73 8082 5 55854 14821
p 2 6 8154 0 61572 15099
p 2 38 8119 3 56699 15096
p 2 1 8158 1 68180 15560
p 2 7 8152 1 59990 15169
p 2 1 8157 2 57281 14811
p 2 0 8159 1 60470 15285
p 2 0 8160 0 55411 14966
p 2 0 8158 2 67675 15066
p 2 1 8158 1 51659 14138
p 2 0 8158 2 58718 15326
p 2 1 8157 2 65957 15898
p 2 1 8154 5 55904 15405
p 2 0 8157 3 56995 15485
p 2 0 8158 2 66648 16140
p 2 0 8159 1 52745 15354
p 2 0 8159 1 58343 15774
p 2 0 8156 4 53194 15521
p 2 0 8154 6 65043 16140
p 2 0 8156 4 54258 15631
p 2 0 8157 3 60279 16123
p 2 0 8156 4 57280 16049
p 2 24 8136 0 119375 19772
p 2 679 7481 0 118324 23058
p 2 1035 7125 0 139644 24439
p 2 1202 6958 0 158496 25645
p 2 1340 6820 0 178188 26433
p 2 1693 6467 0 188057 27224
p 2 1863 6297 0 197907 27706
p 2 1865 6295 0 202130 27752
p 2 1811 6349 0 209808 27750
p 2 1923 6237 0 215896 28228
p 2 1890 6269 1 216740 28615
p 2 1820 6340 0 216069 28495
p 2 1547 6610 3 214434 28107
p 2 1226 6934 0 209942 27519
p 2 447 7579 134 168309 22112
p 2 642 7404 114 167805 22310
p 2 1227 6841 92 179405 24112
p 2 893 7172 95 181502 23928
p 2 953 7177 30 192283 24480
p 2 947 7211 2 200188 24564
p 2 620 7539 1 193694 24047
p 2 673 7482 5 202215 24222
p 2 929 7226 5 201949 25127
p 2 1090 7066 4 203733 25435
p 2 797 7358 5 201714 24815
p 2 660 7494 6 205529 24136
p 2 676 7481 3 202718 24025
p 2 765 7384 11 207060 24004
p 2 651 7504 5 205618 24037
p 2 753 7392 15 207792 24247
p 2 1017 7131 12 202846 24557
p 2 1281 6861 18 202006 25065
p 2 1098 7041 21 205621 24967
p 2 838 7270 52 189447 23827
p 2 704 7416 40 178594 22972
p 2 764 7345 51 176066 22803
p 2 653 7464 43 156708 22009
p 2 585 7480 95 142398 21050
p 2 541 7552 67 141389 21185
p 2 773 7320 67 152682 22263
p 2 608 7517 35 148876 21510
p 2 484 7521 155 154370 21066
p 2 613 7484 63 158096 21903
p 2 705 7413 42 172179 22536
p 2 727 7424 9 173130 22930
p 2 680 7472 8 168777 22153
p 2 861 7274 25 162983 22809
p 2 1041 7108 11 159467 22548
p 2 716 7431 13 159812 22362
p 2 393 7753 14 136632 20562
p 2 369 7763 28 136982 20553
p 2 580 7559 21 131217 20678
p 2 885 7242 33 141828 22257
p 2 660 7467 33 134663 21099
p 2 251 7875 34 110359 18964
p 2 170 7955 35 89469 18194
p 2 239 7835 86 91655 17970
p 2 499 7638 23 96115 19089
p 2 723 7402 35 90107 19551
p 2 616 7476 68 98549 19192
p 2 206 7889 65 87642 18051
p 2 40 8089 31 72686 16726
p 2 34 8087 39 80612 16979
p 2 25 8115 20 71588 16047
p 2 42 8101 17 77609 16237
p 2 36 8116 8 78696 15869
p 2 114 8044 2 81103 16516
p 2 156 7994 10 84895 17079
p 2 200 7949 11 91481 18353
p 2 303 7842 15 97380 19123
p 2 346 7791 23 97698 19454
p 2 115 8032 13 83404 17956
p 2 214 7927 19 89401 18787
p 2 103 8034 23 89424 17581
p 2 162 7980 18 91132 18277
p 2 94 8061 5 84174 16739
p 2 175 7968 17 94785 18033
p 2 153 7989 18 88595 17170
p 2 104 8042 14 91576 17617
p 2 105 8044 11 89909 17043
p 2 70 8077 13 73959 15848
p 2 40 8105 15 77648 16015
p 2 63 8090 7 76133 15752
p 2 71 8076 13 79675 16033
p 2 61 8082 17 73796 14805
p 2 73 8065 22 77043 15725
p 2 57 8089 14 82890 15902
p 2 35 8101 24 71437 15298
p 2 50 8091 19 72285 15349
p 2 35 8090 35 79648 15785
p 2 49 8085 26 67522 14563
p 2 41 8050 69 75999 14929
p 2 44 8101 15 71642 15316
p 2 36 8016 108 71963 14770
p 2 33 8106 21 72135 14577
p 2 20 8020 120 71531 14598
p 2 28 8109 23 78089 14786
p 2 28 7982 150 68530 14528
p 2 41 8049 70 71629 14839
p 2 34 7918 208 57702 14021
p 2 18 8069 73 54208 13812
p 2 5 7871 284 51761 13651
p 2 3 8035 122 58498 13903
p 2 0 7796 364 47697 13039
p 2 2 8036 122 49683 12777
p 2 4 7852 304 69925 14033
p 2 4 8032 124 48015 12805
p 2 4 7644 512 47981 12458
p 2 7 7939 214 49692 12704
p 2 9 7566 585 48539 12231
p 2 15 7939 206 57127 12937
p 2 7 7448 705 46388 12224
p 2 2 8005 153 46697 12439
p 2 2 7387 771 48068 12023
p 2 2 7939 219 44434 12147
p 2 0 7547 613 51309 11964
p 2 1 7962 197 44510 12207
p 2 2 7315 843 43788 11457
p 2 2 7842 316 45477 11852
p 2 2 7125 1033 41977 11171
p 2 3 7610 547 48554 11677
p 2 5 6954 1201 42495 10855
p 2 1 7827 332 44426 11606
p 2 7 7133 1020 40896 10936
p 2 4 7829 327 48257 11824
p 2 1 7024 1135 38547 10733
p 2 0 7710 450 38295 11012
p 2 0 6974 1186 39772 10495
p 2 14 7812 334 39004 10995
p 2 2 7277 881 43576 10814
p 2 0 7822 338 35394 10743
p 2 0 6854 1306 37926 10184
p 2 0 7585 575 35113 10304
p 2 0 6722 1438 39742 9954
i 2 8160 0 0 230511 32062
p 2 182 3493 4485 28005 5791
p 2 1047 2861 4252 80835 10175
p 2 1675 2669 3816 127677 14178
p 2 1880 3169 3111 141276 15967
p 2 1697 3857 2606 176512 16522
p 2 1096 4205 2859 137319 13765
p 2 7 3751 4402 47606 5991
p 2 3 4317 3840 50947 6564
p 2 7 4536 3617 68749 7360
p 2 2 4140 4018 49083 6342
p 2 6 3331 4823 39024 5536
p 2 9 3547 4604 54996 6170
p 2 6 3756 4398 45977 6066
p 2 1 3574 4585 39007 5820
p 2 23 2843 5294 55626 5707
p 2 4 3704 4452 41316 6046
p 2 0 3649 4511 35927 5728
p 2 16 2754 5390 52152 5461
p 2 1 3221 4938 41383 5476
p 2 2 3131 5027 34926 5282
p 2 13 2655 5492 53190 5401
p 2 0 2874 5286 29256 4680
p 2 0 2946 5214 35861 5058
p 2 4 3370 4786 48389 5888
p 2 0 2824 5336 31410 4735
p 2 0 2894 5266 31521 4898
p 2 5 2874 5281 44209 5185
p 2 0 2990 5170 27346 4781
p 2 0 2683 5477 25012 4277
p 2 0 1548 6612 5878 2626
p 2 0 3689 4471 26982 5431
p 2 67 4107 3986 58550 7285
p 2 50 4303 3807 77561 7887
p 2 9 4115 4036 79507 7795
p 2 6 4121 4033 84829 8141
p 2 32 4356 3772 89536 8722
p 2 137 4472 3551 114941 9990
p 2 498 4364 3298 149486 12650
p 2 1227 3739 3194 191330 16671
p 2 1196 3834 3130 86026 13885
p 2 179 4283 3698 31830 8832
p 2 0 2880 5280 8687 4712
p 2 0 3165 4995 10242 4766
p 2 0 2955 5205 9057 4548
p 2 60 2721 5379 36839 5268
p 2 0 2859 5301 9430 4399
p 2 0 2822 5338 10316 4452
p 2 0 3059 5101 10069 4585
p 2 0 2592 5568 8803 4103
p 2 0 2698 5462 9440 4191
p 2 0 2781 5379 11283 4428
p 2 0 2210 5950 7739 3681
p 2 0 2258 5902 9091 3861
p 2 85 2709 5366 39934 5510
p 2 31 2226 5903 17511 4127
p 2 200 2617 5343 43294 6008
p 2 818 2906 4436 78093 9803
p 2 776 3357 4027 104570 10974
p 2 472 6162 1526 126657 13632
p 2 232 7055 873 140556 14541
p 2 174 7320 666 136604 14507
p 2 207 7426 527 136767 15082
p 2 104 7592 464 133583 14688
p 2 74 7572 514 148185 15007
p 2 126 7533 501 146059 14995
p 2 285 7280 595 172406 16546
p 2 997 6714 449 184921 19817
p 2 1057 6255 848 113480 17863
p 2 145 6990 1025 76876 13195
p 2 0 5418 2742 28616 8429
p 2 0 5869 2291 29485 8569
p 2 0 6004 2156 33996 8880
p 2 3 6123 2034 38225 8936
p 2 0 5318 2842 27023 7868
p 2 0 5607 2553 27221 8181
p 2 4 6024 2132 36422 8921
p 2 0 5423 2737 23655 7821
p 2 0 4463 3697 20459 6763
p 2 0 5066 3094 21501 7379
p 2 0 5351 2809 24386 7872
p 2 15 4908 3237 24869 7419
p 2 0 3906 4254 14933 5951
p 2 190 4553 3417 27319 7926
p 2 4 4846 3310 25642 7297
p 2 255 5006 2899 32272 9234
p 2 0 5236 2924 21779 7750
p 2 273 5363 2524 47539 10227
p 2 359 4281 3520 46955 9342
p 2 0 4739 3421 18145 6995
p 2 193 5027 2940 37464 8848
p 2 0 4501 3659 16879 6603
p 2 20 3866 4274 18884 6120
p 2 0 4937 3223 32001 7648
p 2 8 4771 3381 32527 7300
p 2 0 4284 3876 34049 6761
p 2 249 5170 2741 74954 10111
p 2 62 5359 2739 41577 8548
p 2 16 5147 2997 29637 7814
p 2 2 4096 4062 23461 6506
p 2 35 4739 3386 23858 7361
p 2 49 5171 2940 25225 8055
p 2 0 4604 3556 16188 6770
p 2 0 3870 4290 14483 5934
p 2 0 4176 3984 16243 6341
p 2 0 4580 3580 19576 6935
p 2 0 4121 4039 14902 6202
p 2 0 3721 4439 14492 5792
p 2 0 3955 4205 16837 6103
p 2 0 4303 3857 18619 6621
p 2 2 3839 4319 15375 5967
p 2 0 3737 4423 14436 5823
p 2 2 3815 4343 16685 5986
p 2 0 4086 4074 18001 6389
p 2 0 3717 4443 14451 5849
p 2 0 4088 4072 17674 6473
p 2 118 4158 3884 77945 8346
p 2 23 4188 3949 41691 6892
p 2 0 4023 4137 41634 6487
p 2 289 4492 3379 58066 8701
p 2 0 4824 3336 50005 7431
p 2 422 4796 2942 68970 9867
p 2 0 3613 4547 14172 5554
p 2 207 5090 2863 36035 9233
p 2 361 5215 2584 53580 10581
p 2 0 4548 3612 16798 6648
p 2 192 4082 3886 31781 7556
p 2 1 4160 3999 16464 6191
p 2 37 4411 3712 26630 7030
p 2 144 3998 4018 47629 7427
p 2 345 3552 4263 70630 8547
p 2 541 4179 3440 97945 10847
p 2 687 4642 2831 118204 12654
p 2 787 4160 3213 116791 12417
p 2 929 4165 3066 156028 14290
p 2 132 5399 2629 112556 10511
p 2 9 4999 3152 52744 7997
p 2 4 4534 3622 50346 7499
p 2 4 4900 3256 46500 7824
p 2 4 5115 3041 53613 8221
p 2 5 4679 3476 52326 7677
p 2 19 4358 3783 51166 7478
p 2 5 4602 3553 50902 7578
p 2 290 5044 2826 63510 9693
p 2 4 5496 2660 49382 8599
p 2 414 4626 3120 57398 9759
p 2 2 6498 1660 69997 10126
p 2 328 6002 1830 73543 11655
p 2 379 5040 2741 68259 10596
p 2 0 5460 2700 38479 8038
p 2 219 5771 2170 64458 10226
p 2 0 5072 3088 20654 7171
p 2 31 3688 4441 18912 5873
p 2 0 4475 3685 18664 6521
p 2 8 4814 3338 23871 7089
p 2 0 4444 3716 17819 6486
p 2 4 3161 4995 13988 5112
p 2 0 4207 3953 17968 6244
p 2 0 4536 3624 21880 6732
p 2 0 4249 3911 17574 6281
p 2 0 3132 5028 13278 5009
p 2 0 4070 4090 17515 6101
p 2 0 4357 3803 21407 6536
p 2 0 4071 4089 17219 6164
p 2 0 2995 5165 12108 4825
p 2 0 2341 5819 10620 4130
p 2 0 3668 4492 16464 5694
p 2 0 3920 4240 20122 6112
p 2 0 4662 3498 21610 6970
p 2 0 3291 4869 12607 5076
p 2 0 3990 4170 20126 6176
p 2 0 4248 3912 18531 6331
p 2 0 4529 3631 23804 6850
p 2 0 3996 4164 15645 6003
p 2 0 3012 5148 12952 4859
p 2 0 3680 4480 15412 5673
p 2 0 3927 4233 18739 6060
p 2 0 3758 4402 14995 5733
p 2 0 2793 5367 12314 4637
p 2 0 3550 4610 15191 5528
p 2 0 3746 4414 17902 5850
p 2 0 3476 4684 13937 5391
p 2 0 2925 5235 12712 4808
p 2 0 3713 4447 16187 5734
p 2 1 4302 3857 25244 6605
p 2 0 4378 3782 24492 6643
p 2 1 3806 4353 25090 6030
p 2 1 5354 2805 40431 8256
p 2 0 5765 2395 49950 9158
p 2 0 5682 2478 50388 9146
p 2 2 4865 3293 51170 8259
p 2 6 5952 2202 64302 10192
p 2 14 5998 2148 63254 10170
p 2 243 5117 2800 78151 10751
p 2 692 5361 2107 105474 13532
p 2 987 5409 1764 92917 14620
p 2 450 5987 1723 52860 11981
p 2 27 5671 2462 30593 9016
p 2 2 4681 3477 26243 7534
p 2 1 5486 2673 29826 8557
p 2 0 5781 2379 34318 9020
p 2 0 5445 2715 27893 8402
p 2 0 4593 3567 25769 7419
p 2 0 5254 2906 28148 8193
p 2 0 6135 2025 47254 9525
p 2 2 5771 2387 46315 8836
p 2 1 5022 3137 45533 7995
p 2 0 5750 2410 49969 8780
p 2 0 6102 2058 53378 9349
p 2 2 5752 2406 45356 8756
p 2 5 4859 3296 39909 7744
p 2 51 5555 2554 40288 8779
p 2 79 5971 2110 39986 9760
p 2 0 5443 2717 21528 7997
p 2 0 3962 4198 16251 6122
p 2 0 5582 2578 25841 8355
p 2 0 5724 2436 23278 8383
p 2 0 4355 3805 16875 6598
p 2 0 3473 4687 13668 5453
p 2 0 5191 2969 20641 7589
p 2 0 5668 2492 25758 8330
p 2 0 4914 3246 17698 7160
p 2 0 4099 4061 15577 6202
p 2 0 4728 3432 18051 6984
p 2 0 5122 3038 21575 7537
p 2 0 4745 3415 17699 7032
p 2 0 3784 4376 14873 5864
p 2 0 4630 3530 17697 6874
p 2 0 4876 3284 21075 7303
p 2 0 4485 3675 16302 6644
p 2 0 3884 4276 15489 5953
p 2 0 3876 4284 14832 5871
p 2 0 3920 4240 17077 5987
p 2 0 3472 4688 14138 5428
p 2 0 2791 5369 10575 4548
p 2 10 2448 5702 12231 4312
p 2 167 3090 4903 38165 6460
p 2 376 3514 4270 66858 8632
p 2 583 3316 4261 84348 9840
p 2 730 3165 4265 101985 10950
p 2 871 4335 2954 131075 13739
p 2 950 4806 2404 148801 15125
p 2 809 5344 2007 158348 15389
p 2 33 5165 2962 54450 8673
p 2 4 4521 3635 53467 7995
p 2 11 4539 3610 38312 7519
p 2 300 5753 2107 97199 11719
p 2 6 4771 3383 40281 7667
p 2 8 4229 3923 38210 7126
p 2 9 4195 3956 48634 7346
p 2 6 7909 245 106590 13379
p 2 4 6420 1736 52914 9713
p 2 175 5288 2697 85170 10203
p 2 2 5322 2836 47192 8328
p 2 2 5335 2823 48510 8268
p 2 0 5747 2413 43535 8658
p 2 0 4674 3486 43828 7454
p 2 0 4164 3996 40957 6852
p 2 0 4937 3223 48190 7635
p 2 0 4495 3665 19999 6450
p 2 0 3322 4838 12884 5051
p 2 0 2523 5637 10875 4211
p 2 0 2749 5411 12120 4461
p 2 0 2838 5322 14031 4625
p 2 0 2466 5694 10607 4156
p 2 0 2183 5977 10329 3857
p 2 0 2032 6128 10028 3729
p 2 0 2071 6089 11625 3803
p 2 0 1843 6317 8949 3451
p 2 0 1690 6470 9235 3296
i 2 8160 0 0 147151 29529
p 2 0 3031 5129 4885 3936
p 2 149 5400 2611 81050 10031
p 2 18 3982 4160 69457 7924
p 2 8 3985 4167 68467 7891
p 2 183 4091 3886 73403 8836
p 2 15 3996 4149 77652 7765
p 2 0 3467 4693 27537 4892
p 2 15 3789 4356 78501 7207
p 2 0 3077 5083 30258 4482
p 2 12 4007 4141 85144 7566
p 2 147 5681 2332 93123 11748
p 2 71 4942 3147 75417 9509
p 2 0 3711 4449 9075 5269
p 2 56 4563 3541 79178 8935
p 2 0 3179 4981 7351 4586
p 2 154 4084 3922 82369 8976
p 2 0 3294 4866 8260 4683
p 2 228 4227 3705 83785 9297
p 2 9 3985 4166 69811 7978
p 2 0 2592 5568 6371 4017
p 2 2 3699 4459 58283 7075
p 2 0 3136 5024 7390 4334
p 2 9 5867 2284 74558 10678
p 2 0 3554 4606 8491 4825
p 2 16 4321 3823 57566 7576
p 2 0 3596 4564 8169 4752
p 2 11 3886 4263 59793 7184
p 2 145 3442 4573 78870 8027
p 2 0 2186 5974 5783 3399
p 2 238 3093 4829 81601 8350
p 2 0 2417 5743 6153 3633
i 2 8160 0 0 189282 30648
p 2 0 3187 4973 5370 4145
p 2 597 5523 2040 113513 12892
p 2 3 5236 2921 21864 8361
p 2 352 5405 2403 107832 12032
p 2 0 3660 4500 8199 5099
p 2 317 4203 3640 108876 10358
p 2 0 3488 4672 8872 4930
p 2 407 3768 3985 107927 10429
p 2 0 2808 5352 6760 4178
p 2 373 3835 3952 106931 10361
p 2 133 3947 4080 89317 8754
p 2 0 2944 5216 26702 4847
p 2 190 3509 4461 92005 8464
p 2 0 2459 5701 6124 3618
p 2 495 5084 2581 127042 13614
p 2 0 4578 3582 12112 6455
p 2 411 4440 3309 110935 11349
p 2 77 4048 4035 60180 6608
p 2 400 4356 3404 111129 11052
p 2 128 3881 4151 91279 8682
p 2 0 3309 4851 30237 5317
p 2 171 3428 4561 91647 8192
p 2 0 2485 5675 6477 3837
p 2 490 3249 4421 110324 9920
p 2 0 2464 5696 6096 3750
p 2 622 2832 4706 112607 10082
p 2 3 4309 3848 20725 7439
p 2 1427 3828 2905 129567 15078
p 2 0 3141 5019 7579 4653
i 2 8160 0 0 225572 31955
p 2 1764 4303 2093 121384 17035
p 2 0 4318 3842 9290 5983
p 2 2225 4806 1129 149501 19688
p 2 5 4689 3466 21593 6569
p 2 206 4367 3587 80357 9114
p 2 1 2749 5410 16103 4475
p 2 64 3337 4759 69295 6948
p 2 6 3440 4714 17116 5033
p 2 84 5502 2574 88341 11097
p 2 54 4112 3994 72759 7863
p 2 3 3497 4660 18845 5190
p 2 1 3220 4939 17520 4780
p 2 92 4114 3954 73989 7896
p 2 5 3033 5122 16063 4568
p 2 313 2750 5097 74852 7464
p 2 4 2043 6113 14403 3635
p 2 329 2317 5514 81153 7407
p 2 3 2194 5963 14809 3732
p 2 94 3371 4695 70529 7145
p 2 4 2836 5320 16387 4421
p 2 82 4710 3368 87783 10161
p 2 2 3821 4337 19209 5837
p 2 76 4132 3952 73758 7774
p 2 4 3877 4279 18423 5449
p 2 89 3485 4586 71217 7134
p 2 5 2975 5180 17135 4548
p 2 324 2715 5121 80309 7856
p 2 2 1804 6354 14367 3464
p 2 323 2133 5704 81511 7216
p 2 5 1678 6477 13959 3321
p 2 94 2782 5284 79561 6773
p 2 5 2623 5532 30175 4461
p 2 84 4789 3287 105875 10678
p 2 1 3503 4656 36240 5776
p 2 75 3534 4551 89823 7531
p 2 33 3104 5023 36119 5300
p 2 262 3136 4762 91645 8160
p 2 401 2617 5142 40918 6923
p 2 866 2694 4600 102166 11262
p 2 426 5160 2574 117182 12582
i 2 8160 0 0 139140 31578
p 2 3874 4149 137 139848 30527
p 2 2880 5173 107 149049 29638
p 2 342 7583 235 203369 21621
p 2 839 6937 384 158328 20890
p 2 15 6105 2040 36782 10455
p 2 170 5872 2118 89187 11789
p 2 11 4430 3719 14179 6748
p 2 53 5869 2238 73272 10219
p 2 17 5318 2825 16469 7018
p 2 109 4058 3993 72835 8350
p 2 18 3934 4208 13086 5475
p 2 204 5069 2887 89248 10325
p 2 34 4084 4042 35172 6019
p 2 45 3996 4119 92715 8151
p 2 14 3707 4439 40845 5555
p 2 58 5741 2361 76321 10701
p 2 115 5603 2442 114680 11375
p 2 0 3433 4727 9865 5119
p 2 238 3969 3953 88011 9531
p 2 0 3072 5088 8137 4359
p 2 62 4027 4071 73960 8267
p 2 0 3511 4649 11428 4909
p 2 127 3854 4179 78371 8358
p 2 0 2831 5329 7081 4087
p 2 92 4397 3671 76607 8848
p 2 0 4258 3902 13660 5689
p 2 59 4461 3640 70738 8650
p 2 89 7198 873 63671 13030
p 2 230 6516 1414 97398 13364
p 2 177 6195 1788 49081 10280
p 2 384 5773 2003 91580 12912
p 2 251 5705 2204 52268 10253
p 2 327 6216 1617 98776 13493
p 2 335 5993 1832 73014 11998
p 2 453 6165 1542 100851 14516
p 2 395 5445 2320 76521 11967
p 2 481 5842 1837 106779 14515
p 2 256 6100 1804 80650 13076
p 2 245 5984 1931 84605 13146
p 2 345 6880 935 95174 15585
p 2 376 6881 903 91072 15490
p 2 282 5598 2280 61848 12069
p 2 401 6831 928 99680 15981
p 2 208 6528 1424 70873 13258
p 2 208 6784 1168 82138 14037
p 2 277 6514 1369 77739 13832
p 2 194 6769 1197 77817 13873
p 2 154 6541 1465 69814 13167
p 2 216 7171 773 96136 15322
p 2 59 5994 2107 58708 11113
p 2 58 5640 2462 64289 11406
p 2 232 6488 1440 67758 13496
p 2 75 6235 1850 61172 12205
p 2 17 5618 2525 43302 9626
p 2 362 5906 1892 68878 12750
p 2 11 4980 3169 37022 8711
p 2 48 5755 2357 48012 10575
p 2 317 5052 2791 52246 10412
p 2 58 5348 2754 49573 10191
p 2 7 4958 3195 35040 8377
p 2 320 5162 2678 67517 11755
p 2 8 4993 3159 33646 8225
p 2 27 5425 2708 47538 9953
p 2 356 6829 975 78196 14805
p 2 102 6547 1511 59188 12604
p 2 6 5500 2654 37233 9181
p 2 378 5457 2325 72455 12672
p 2 3 5206 2951 33011 8508
p 2 46 5335 2779 48370 10021
p 2 336 4853 2971 51898 10296
p 2 47 5465 2648 49510 10152
p 2 7 4675 3478 34781 8035
p 2 416 5022 2722 67979 11750
p 2 6 4717 3437 36651 8091
p 2 64 5215 2881 49843 9845
p 2 345 4341 3474 58821 9825
p 2 100 4052 4008 36126 8447
p 2 23 4915 3222 25279 8597
i 2 8160 0 0 325464 36605
p 2 127 7179 854 129858 14821
p 2 451 6774 935 138037 16061
p 2 49 6990 1121 109683 13878
p 2 419 6673 1068 131724 15756
p 2 35 6834 1291 103780 13782
p 2 421 6214 1525 115622 14561
p 2 59 6472 1629 95876 12863
p 2 341 6141 1678 113509 14246
p 2 51 6296 1813 87658 12188
p 2 593 5598 1969 98118 13832
p 2 35 5973 2152 80659 11758
p 2 324 5665 2171 74486 11782
p 2 44 5872 2244 60668 10692
p 2 172 5674 2314 65548 11110
p 2 22 5644 2494 48648 9929
p 2 69 5110 2981 44657 9377
p 2 27 5139 2994 39459 9095
p 2 31 5102 3027 30425 8597
p 2 6 5207 2947 28541 8181
p 2 33 4921 3206 27033 8151
p 2 4 5894 2262 38507 8852
p 2 47 5758 2355 46736 9126
p 2 1027 4723 2410 61141 11207
p 2 1099 4680 2381 74993 12148
p 2 1140 5010 2010 80169 13088
p 2 1111 5453 1596 94429 14026
p 2 1149 3632 3379 97630 12942
p 2 1279 4146 2735 106395 14402
p 2 1694 6258 208 108896 19164
p 2 2055 6076 29 119108 22395
p 2 2327 5799 34 123417 23372
p 2 2321 5828 11 137994 24884
p 2 2247 5910 3 147690 25471
p 2 2092 6067 1 152142 26072
p 2 1934 6222 4 160448 26008
p 2 1985 6174 1 169991 26776
p 2 1965 6194 1 190194 27376
p 2 1705 6455 0 177130 26722
p 2 829 7324 7 120554 22985
p 2 803 7354 3 122071 22910
p 2 848 7311 1 129840 22536
p 2 750 7409 1 121816 22292
p 2 600 7559 1 142226 22838
p 2 709 7449 2 145898 23231
p 2 575 7575 10 162850 22865
p 2 24 8132 4 94504 16483
p 2 32 8115 13 104999 16293
p 2 37 8123 0 128560 17242
p 2 51 8107 2 94678 16034
p 2 50 8099 11 104911 16285
p 2 31 8126 3 95798 16013
p 2 23 8131 6 108119 16062
p 2 21 8130 9 89796 15298
p 2 21 8133 6 96865 15189
p 2 16 8134 10 90919 15073
p 2 28 8123 9 104842 15110
p 2 24 8128 8 87789 15010
p 2 38 8110 12 95955 15179
p 2 24 8120 16 91931 15371
p 2 50 8094 16 106289 15728
p 2 35 8107 18 93805 15632
p 2 44 8080 36 93486 15664
p 2 40 8100 20 102954 16050
p 2 47 8103 10 94952 15830
p 2 61 8080 19 112021 16484
p 2 70 8073 17 92679 15781
p 2 73 8071 16 101498 16179
p 2 63 8088 9 95564 15749
p 2 57 8089 14 109070 16140
p 2 61 8082 17 91735 15601
p 2 46 8065 49 93205 15462
p 2 37 8090 33 94976 15323
p 2 42 8094 24 89827 14730
p 2 39 8099 22 103973 15119
p 2 46 8091 23 86651 14477
p 2 39 8101 20 95067 14786
p 2 41 8098 21 88461 14588
p 2 37 8102 21 103535 15090
p 2 28 8107 25 90430 14708
p 2 38 8079 43 92946 14433
p 2 35 8095 30 97218 14707
p 2 29 8095 36 87010 14415
p 2 12 8118 30 102658 15078
i 2 8160 0 0 202213 34731
p 2 41 8009 110 66444 15317
p 2 125 7938 97 97853 17069
p 2 160 7870 130 108664 17401
p 2 169 7940 51 150663 17651
p 2 96 7971 93 131624 16219
p 2 95 7993 72 155818 16881
p 2 120 7948 92 140169 16060
p 2 125 7985 50 163486 17171
p 2 104 7974 82 83420 15793
p 2 168 7863 129 102520 16678
p 2 116 7894 150 83435 15716
p 2 110 7881 169 106173 16427
p 2 98 7983 79 89295 16187
p 2 126 7769 265 102954 16375
p 2 119 7808 233 91434 16143
p 2 174 7830 156 102653 16653
p 2 126 7820 214 90613 16074
p 2 144 7852 164 100618 16451
p 2 123 7737 300 86596 15840
p 2 179 7737 244 110520 16995
p 2 71 7951 138 83507 15985
p 2 146 7773 241 100125 16651
p 2 73 7891 196 83720 15929
p 2 129 7905 126 108179 17032
p 2 86 7974 100 85066 16050
p 2 164 7836 160 107369 17025
p 2 95 7923 142 86139 16101
p 2 176 7876 108 108827 17107
p 2 113 7938 109 86176 16114
p 2 136 7782 242 104159 16550
p 2 62 7923 175 86036 15658
p 2 166 7818 176 111628 16893
p 2 98 7849 213 82800 15486
p 2 116 7696 348 99055 15702
p 2 76 7832 252 87413 15499
p 2 100 7852 208 97725 15885
p 2 72 7774 314 82453 15105
p 2 106 7817 237 105674 16149
p 2 57 7898 205 76613 14948
p 2 90 7749 321 95654 15569
p 2 66 7802 292 82084 15158
p 2 56 7939 165 91139 15502
p 2 51 7754 355 74839 14628
p 2 119 7867 174 97631 15961
p 2 93 7906 161 84934 15500
p 2 91 7910 159 92876 15770
p 2 84 7814 262 79562 15225
p 2 75 7891 194 93908 15588
p 2 85 7883 192 85473 15522
p 2 115 7822 223 94715 15720
p 2 97 7711 352 79147 15224
p 2 114 7767 279 93417 15827
p 2 81 7818 261 82589 15539
p 2 111 7800 249 94833 15827
p 2 54 7795 311 80633 15098
p 2 121 7768 271 99787 15826
p 2 94 7835 231 84404 15478
p 2 153 7710 297 92856 15806
p 2 131 7692 337 79707 15306
p 2 141 7741 278 94887 15851
p 2 119 7742 299 83789 15589
p 2 88 7780 292 95498 15729
p 2 27 7813 320 81770 15050
p 2 36 7576 548 87925 14609
i 2 8160 0 0 243816 34331
p 2 3775 4310 75 209632 33140
p 2 2475 5602 83 230278 31568
p 2 822 7261 77 198106 24168
p 2 344 7724 92 183215 21905
p 2 165 7888 107 161618 19211
p 2 128 7936 96 168016 18986
p 2 85 7972 103 156381 17510
p 2 77 7941 142 150060 17005
p 2 45 7992 123 154562 16627
p 2 15 8015 130 158722 16567
p 2 14 7971 175 124299 14527
p 2 9 7952 199 129494 14980
p 2 8 7860 292 114908 14188
p 2 9 8132 19 156517 15694
p 2 11 8120 29 137380 14169
p 2 13 8081 66 153473 14609
p 2 17 8100 43 142181 14229
p 2 20 8117 23 160066 14993
p 2 25 8099 36 131681 14184
p 2 45 8060 55 127127 14491
p 2 119 8011 30 108420 14765
p 2 138 7986 36 102536 14926
p 2 3 8100 57 72334 13202
p 2 2 8097 61 75657 12835
p 2 2 8077 81 59816 12408
p 2 1 8108 51 69198 12564
p 2 4 8124 32 79300 13506
p 2 0 8068 92 66197 12299
p 2 0 8075 85 58488 12052
p 2 1 8079 80 61673 12063
p 2 2 8095 63 63978 12504
p 2 0 8108 52 69987 12568
p 2 1 8115 44 58161 11905
p 2 0 8044 116 61179 11868
p 2 1 8077 82 60907 12257
p 2 1 8078 81 56154 11829
p 2 0 8117 43 71793 12928
p 2 0 8085 75 62155 12003
p 2 1 8083 76 60788 11800
p 2 1 8058 101 55192 11585
p 2 2 8093 65 62935 11979
p 2 0 8085 75 71892 12425
p 2 1 8088 71 55488 11625
p 2 2 8063 95 62889 11891
p 2 0 8076 84 65797 12339
p 2 1 8077 82 61630 11892
p 2 2 8083 75 69585 12486
p 2 0 8070 90 70073 12229
p 2 1 8059 100 97665 13792
i 2 8160 0 0 143244 29632
p 2 876 3198 4086 22796 8566
p 2 3701 4053 406 144227 27353
p 2 1045 5170 1945 53222 13298
p 2 3237 4774 149 170317 27248
p 2 1342 5575 1243 72530 15772
p 2 2791 5166 203 179591 26339
p 2 1356 6259 545 127992 21412
i 2 8160 0 0 198092 32208
p 2 932 6009 1219 78382 18359
p 2 3561 4451 148 177185 30379
p 2 916 6578 666 100161 21162
p 2 3864 4197 99 187501 31391
p 2 1244 6146 770 108522 21265
p 2 3398 4740 22 211560 31860
p 2 1365 6107 688 114196 22298
p 2 3127 4953 80 206627 30938
p 2 1129 6163 868 111366 21282
p 2 2970 5102 88 202754 30376
p 2 702 6446 1012 89223 19042
p 2 1535 6504 121 182161 26471
p 2 473 6822 865 83503 18147
p 2 813 7214 133 165141 24070
p 2 592 6723 845 83141 18370
p 2 803 7205 152 172944 24063
p 2 358 6989 813 81607 17733
i 2 8160 0 0 207789 33551
p 2 440 6788 932 80949 17317
i 2 8160 0 0 230178 34693
p 2 1231 6664 265 134831 24292
p 2 3720 4399 41 195275 32619
p 2 1846 6233 81 161334 26502
p 2 4113 4003 44 214320 33145
p 2 2724 5374 62 186722 28591
p 2 3901 4229 30 241200 33718
p 2 2059 6048 53 212503 29148
p 2 2972 5155 33 257494 32972
p 2 1932 6203 25 205899 28804
p 2 1661 6465 34 228729 29341
p 2 1151 6898 111 175981 26174
p 2 1169 6956 35 219061 28102
p 2 796 7250 114 167155 25383
p 2 1730 6411 19 243544 29873
p 2 1124 6971 65 185533 26867
p 2 901 7126 133 182882 26253
p 2 997 7138 25 224974 27563
p 2 643 7422 95 176703 25148
p 2 617 7355 188 168667 24440
p 2 584 7535 41 205255 25660
p 2 495 7590 75 165232 23752
p 2 434 7613 113 152448 23203
p 2 579 7496 85 193417 24320
p 2 434 7594 132 144288 21822
p 2 381 7589 190 140766 21687
i 2 8160 0 0 168794 28554
p 2 132 4014 4014 15105 6861
p 2 153 4194 3813 16875 6873
p 2 233 2082 5845 15668 5185
p 2 1782 4570 1808 98526 18721
p 2 172 4208 3780 23902 8052
p 2 1847 4710 1603 119847 20885
p 2 140 4713 3307 32051 9215
p 2 1630 5241 1289 149121 22285
p 2 167 4988 3005 38969 10315
p 2 1937 5279 944 168235 24297
p 2 136 5303 2721 41867 10821
p 2 3165 4782 213 207125 29438
p 2 238 5115 2807 53297 11977
p 2 2018 5669 473 210883 26303
p 2 287 5833 2040 72170 14115
p 2 2146 5463 551 202739 27282
p 2 695 6426 1039 131660 20645
p 2 1199 6579 382 205653 25558
p 2 545 6800 815 133752 20884
p 2 1112 6743 305 193231 25047
p 2 364 6653 1143 107446 18886
p 2 687 7152 321 187760 24060
p 2 297 6833 1030 106273 18487
p 2 2447 5568 145 221969 29079
p 2 315 6709 1136 111165 18074
p 2 1094 6798 268 205214 24681
p 2 253 6872 1035 109050 17782
i 2 8160 0 0 253034 34685
p 2 607 7059 494 132133 21315
p 2 809 7039 312 155617 23883
p 2 501 7311 348 150015 22292
p 2 1717 6329 114 216264 28569
p 2 546 7167 447 147558 22168
p 2 1523 6497 140 213281 27738
p 2 446 7159 555 138325 21255
p 2 1598 6418 144 201684 27521
p 2 617 7300 243 159015 22246
p 2 2511 5649 0 290340 30840
p 2 827 7125 208 192605 23683
p 2 2271 5889 0 280127 30410
p 2 676 7306 178 199148 24191
p 2 1755 6405 0 254068 28865
p 2 464 7350 346 182154 22500
p 2 1498 6656 6 240733 27708
p 2 680 7230 250 170174 23372
p 2 1374 6785 1 230317 27693
p 2 450 7417 293 166435 22662
p 2 674 7482 4 226070 25358
p 2 352 7600 208 161811 22273
p 2 550 7600 10 214358 24198
p 2 337 7595 228 150494 21143
p 2 470 7676 14 210027 23203
p 2 240 7738 182 153554 20725
i 2 8160 0 0 157974 31038
p 2 138 4328 3694 34076 8786
p 2 3516 4269 375 181025 28516
p 2 487 4963 2710 76255 13426
p 2 2943 4963 254 210546 28177
p 2 513 5532 2115 105286 15010
p 2 2574 5475 111 243096 28197
p 2 405 5809 1946 109542 15092
p 2 2050 5872 238 232611 26782
p 2 325 6028 1807 93116 15213
p 2 1009 6624 527 204131 23298
p 2 321 6249 1590 100941 16068
p 2 1113 6820 227 209928 24590
p 2 350 6338 1472 105690 16755
p 2 3102 5040 18 253651 29833
p 2 518 5801 1841 111414 17189
p 2 2336 5714 110 245261 29085
p 2 372 6430 1358 112958 17982
p 2 3318 4772 70 252967 31178
p 2 1143 6297 720 160084 23140
p 2 2915 5214 31 239053 30405
p 2 1018 6842 300 155663 23609
p 2 2157 5961 42 223312 29173
p 2 551 7142 467 133676 21362
p 2 1435 6633 92 190777 26294
p 2 433 7335 392 122326 20847
i 2 8160 0 0 257090 34729
p 2 472 6615 1073 153115 20876
p 2 748 7287 125 232659 25748
p 2 370 7103 687 155395 21159
i 2 8160 0 0 266917 35132
p 2 651 6386 1123 150781 20039
p 2 3060 5078 22 254249 31941
p 2 1334 6775 51 208645 27096
p 2 1897 6256 7 251596 29509
p 2 1125 6979 56 203455 26086
p 2 2073 6070 17 255373 30005
p 2 745 7356 59 196325 25038
p 2 1355 6761 44 243339 28053
p 2 557 7460 143 192097 24129
p 2 1335 6766 59 240531 27941
p 2 538 7503 119 190658 23577
p 2 1100 7009 51 233314 27027
p 2 306 7526 328 173384 22330
p 2 1025 7107 28 228433 26428
p 2 317 7512 331 173624 22472
p 2 605 7532 23 222873 25333
p 2 439 7560 161 177099 23044
p 2 546 7544 70 220548 24833
p 2 466 7548 146 177176 23143
p 2 478 7625 57 209156 24583
p 2 385 7663 112 167335 22777
p 2 496 7578 86 207664 24421
p 2 409 7633 118 176500 23103
i 2 8160 0 0 184282 32956
i 2 8160 0 0 190445 33675
p 2 4426 3691 43 180479 33182
p 2 3613 4521 26 190131 32538
p 2 2870 5263 27 199224 31462
p 2 2694 5443 23 211145 31064
p 2 2612 5519 29 211226 30632
p 2 2927 5206 27 205735 30581
p 2 2817 5317 26 198623 30638
p 2 2587 5556 17 220475 30730
p 2 2882 5259 19 215237 31461
p 2 2857 5278 25 223094 32290
p 2 2039 6085 36 243380 30914
p 2 1485 6652 23 218680 27913
p 2 1373 6758 29 218681 27403
p 2 1030 7110 20 180398 24331
p 2 1087 7037 36 181902 24594
p 2 504 7617 39 140402 21004
p 2 704 7405 51 170539 22659
p 2 345 7748 67 116676 18965
p 2 878 7197 85 169262 22788
p 2 415 7650 95 119542 19335
p 2 947 7043 170 153937 22475
p 2 305 7635 220 104717 18350
p 2 924 7042 194 179013 23022
p 2 769 6701 690 126496 20270
p 2 1670 6449 41 228852 26711
p 2 937 6697 526 123152 21664
p 2 1285 6788 87 213672 26020
p 2 927 6878 355 137122 22659
p 2 2352 5744 64 233760 28433
p 2 1421 6338 401 130844 23192
p 2 1270 6789 101 236941 26904
p 2 1313 6390 457 134171 23468
p 2 1526 6535 99 238409 27329
p 2 1313 6454 393 141062 23741
p 2 2585 5531 44 279228 31045
p 2 1254 6724 182 181936 25011
p 2 1733 6412 15 262192 28930
p 2 680 7213 267 173201 22847
p 2 1227 6891 42 251931 26933
p 2 679 7182 299 162747 22275
p 2 1592 6539 29 234277 28315
p 2 719 6991 450 145556 22381
p 2 1594 6555 11 240094 29139
p 2 622 6863 675 116143 21619
p 2 1212 6933 15 225490 27966
p 2 479 6952 729 109975 20442
p 2 719 6877 564 143585 22515
p 2 547 6620 993 108232 20275
p 2 588 6830 742 126945 21145
p 2 543 6460 1157 103897 19555
p 2 629 6625 906 132083 21341
p 2 558 6397 1205 109008 20048
i 2 8160 0 0 155868 33198
i 2 8160 0 0 158954 33643
i 2 8160 0 0 162417 33472
i 2 8160 0 0 153187 32683
i 2 8160 0 0 147724 31765
i 2 8160 0 0 142241 31251
i 2 8160 0 0 144359 31655
i 2 8160 0 0 148630 32816
i 2 8160 0 0 153336 33351
i 2 8160 0 0 187922 34777
p 2 1414 6708 38 170048 26226
p 2 1015 7085 60 159538 24722
p 2 1080 7033 47 180786 25778
p 2 1163 6965 32 155744 24952
p 2 1102 7038 20 186050 26119
p 2 1152 6982 26 159640 25285
p 2 991 7132 37 172588 25543
p 2 972 7145 43 153883 24725
p 2 882 7253 25 153802 24442
p 2 472 7636 52 126675 22231
p 2 554 7575 31 147079 23206
p 2 461 7677 22 115635 21523
p 2 541 7590 29 143570 22905
p 2 610 7520 30 129341 22604
p 2 684 7457 19 147360 23823
p 2 614 7518 28 132938 22794
i 2 8160 0 0 212203 35694
p 2 767 7311 82 129085 20869
p 2 764 7340 56 130990 21734
p 2 686 7418 56 136648 21752
p 2 735 7347 78 131102 21546
p 2 613 7506 41 130381 21068
p 2 605 7510 45 129827 21252
p 2 1812 6331 17 211770 28526
p 2 1079 7044 37 158007 24156
p 2 2993 5165 2 243195 33250
p 2 588 7564 8 148568 22695
p 2 1235 6915 10 170704 26298
p 2 1743 6417 0 221617 29133
p 2 955 7195 10 185735 25831
p 2 811 7333 16 165217 24479
p 2 720 7408 32 164233 23865
p 2 685 7429 46 143587 22492
p 2 1787 6353 20 205974 27956
p 2 1534 6615 11 217651 27823
p 2 1047 7110 3 219719 26729
p 2 574 7576 10 161199 23079
p 2 1019 7109 32 181682 25470
p 2 575 7555 30 161979 23185
p 2 662 7492 6 170602 24292
p 2 550 7592 18 137793 22364
p 2 519 7623 18 140973 22572
i 2 8160 0 0 124733 28500
p 2 1308 6115 737 69513 19265
p 2 2143 5962 55 110401 26391
p 2 2250 5500 410 74404 24254
i 2 8160 0 0 113410 28746
i 2 8160 0 0 127409 30023
i 2 8160 0 0 131411 30606
i 2 8160 0 0 151018 30498
p 2 1620 3489 3051 60341 15362
i 2 8160 0 0 190407 33679
p 2 1803 4157 2200 89849 21148
p 2 3430 4601 129 200411 32456
p 2 1449 5261 1450 103739 21975
p 2 3531 4562 67 209088 32305
p 2 1429 5388 1343 101121 21648
p 2 878 5569 1713 99151 20562
p 2 3614 4546 0 211256 31436
p 2 751 6166 1243 121482 20493
p 2 3741 4419 0 251644 33392
p 2 1321 6656 183 210545 27033
p 2 2286 5871 3 279531 31856
p 2 1191 6850 119 216670 26857
p 2 1667 6491 2 276440 29806
p 2 1236 6869 55 233645 28016
p 2 1164 6775 221 215644 27187
p 2 1130 6843 187 207567 26902
p 2 1236 6376 548 164871 25115
p 2 1863 5490 807 165817 25595
i 2 8160 0 0 269035 35394
p 2 1782 4826 1552 134174 22726
p 2 4767 3354 39 240714 34914
p 2 1202 5809 1149 124124 22002
p 2 3694 4276 190 222164 32382
p 2 1514 5613 1033 116533 22174
p 2 4329 3767 64 248354 34682
p 2 2077 5165 918 120367 23059
p 2 3150 4958 52 243686 32713
p 2 1997 5598 565 150416 25271
p 2 2897 5228 35 228234 31830
p 2 1831 5933 396 137489 25365
i 2 8160 0 0 248091 36197
p 2 1100 6149 911 113948 22464
p 2 2841 5191 128 188851 30805
p 2 931 6847 382 125973 24530
p 2 1400 6662 98 153883 27903
p 2 826 6989 345 109905 23934
p 2 1093 6935 132 120174 25657
p 2 1959 6109 92 149609 29017
p 2 1305 6719 136 127616 25998
p 2 829 7129 202 114805 24113
p 2 596 7266 298 106327 22427
p 2 445 7234 481 80991 20184
p 2 1239 6353 568 98101 22767
p 2 533 6826 801 80571 19481
i 2 8160 0 0 228460 33555
p 2 1116 6209 835 110251 21407
p 2 2992 5020 148 174798 29927
p 2 687 7020 453 109565 21768
p 2 628 7131 401 120383 22451
p 2 1562 6314 284 136722 25756
p 2 624 7140 396 112516 22456
p 2 862 6773 525 105811 22920
p 2 1924 6169 67 166264 27954
p 2 2271 5777 112 176937 27072
p 2 517 6819 824 84095 19611
i 2 8160 0 0 207126 30972
p 2 549 5589 2022 48892 15002
i 2 8160 0 0 219716 32024
p 2 601 5214 2345 51963 14278
i 2 8160 0 0 220757 32317
i 2 8160 0 0 225757 32295
p 2 554 4900 2706 50048 13259
p 2 316 5699 2145 48954 13292
i 2 8160 0 0 264046 34663
i 2 8160 0 0 263354 34031
p 2 753 4879 2528 58565 14881
p 2 564 4688 2908 55664 14112
p 2 3422 4695 43 231115 31196
p 2 622 6149 1389 72478 17530
p 2 1705 6384 71 223448 27752
p 2 1051 7037 72 192118 25189
p 2 628 7414 118 167595 23482
p 2 729 7273 158 169821 23483
p 2 649 6801 710 82942 19156
p 2 727 5856 1577 78071 18073
p 2 2964 5115 81 228859 30315
p 2 445 6133 1582 63579 16017
p 2 3053 5004 103 252791 30340
p 2 391 5972 1797 54304 14434
p 2 466 4879 2815 54868 13589
i 2 8160 0 0 232784 32510
p 2 3491 4599 70 197754 29957
p 2 481 5892 1787 51632 14100
p 2 587 4390 3183 45657 12655
p 2 3741 4344 75 227853 31583
p 2 312 5845 2003 46975 14094
p 2 276 5198 2686 41767 12942
p 2 1516 6471 173 201227 25846
p 2 486 6087 1587 54809 15522
p 2 2665 5389 106 202441 28814
p 2 811 7152 197 162578 22921
p 2 611 7342 207 168708 22533
p 2 555 6450 1155 63533 16924
p 2 2820 5265 75 215069 29618
p 2 3043 5029 88 233829 29936
p 2 391 5857 1912 55341 14340
p 2 362 4997 2801 51145 13005
i 2 8160 0 0 230603 32594
p 2 183 4397 3580 26348 8104
i 2 8160 0 0 248033 32519
p 2 183 3499 4478 26955 6658
i 2 8160 0 0 271355 34014
i 2 8160 0 0 293231 34659
p 2 529 5010 2621 99195 14495
p 2 4132 3994 34 331528 34529
p 2 567 6166 1427 160074 19735
p 2 2441 5704 15 339241 31112
p 2 411 6696 1053 164665 19895
p 2 1256 6395 509 230804 24408
p 2 271 6678 1211 164659 18908
p 2 557 6975 628 205792 22007
p 2 391 7165 604 201618 21305
p 2 410 7036 714 199164 20722
p 2 156 6841 1163 150481 17427
i 2 8160 0 0 220038 33329
p 2 59 5360 2741 33175 8424
i 2 8160 0 0 194548 32890
p 2 2069 5574 517 147664 24819
p 2 931 6893 336 152876 22822
i 2 8160 0 0 206319 34204
p 2 812 6104 1244 122096 18080
p 2 3563 4459 138 175258 30922
p 2 777 6722 661 127867 21177
p 2 1517 6189 454 137092 24929
p 2 586 7090 484 119660 21677
p 2 4188 3765 207 133398 28387
p 2 310 6652 1198 69796 17096
i 2 8160 0 0 116595 27923
p 2 4988 3031 141 91125 27192
p 2 66 6723 1371 27235 11070
i 2 8160 0 0 122427 28056
i 2 8160 0 0 168181 31451
p 2 5415 2728 17 224709 35225
p 2 217 5870 2073 68605 13796
p 2 1459 6417 284 181426 25433
p 2 127 6614 1419 59927 13399
p 2 1830 6103 227 184789 25528
p 2 44 6289 1827 44625 11539
p 2 57 5641 2462 41194 10216
p 2 65 5494 2601 43864 10079
i 2 8160 0 0 412639 36224
p 2 524 7214 422 120090 18648
p 2 2191 5899 70 237577 26497
p 2 1737 6176 247 188809 24105
p 2 1505 6605 50 278095 25676
p 2 1099 6536 525 177100 21563
p 2 1910 6090 160 307416 26108
p 2 630 6502 1028 143125 18140
p 2 1933 6075 152 299408 26374
p 2 506 6501 1153 111733 16813
p 2 2774 5346 40 360023 28723
p 2 336 6803 1021 90767 15915
p 2 3853 4257 50 308837 30223
p 2 205 6479 1476 63663 14285
p 2 4325 3762 73 298678 30958
p 2 601 5993 1566 60566 14596
p 2 2851 5181 128 260357 26812
p 2 167 5234 2759 22611 8985
p 2 2288 5462 410 266576 24942
p 2 383 5086 2691 34497 10221
p 2 3551 4463 146 283178 28316
p 2 348 4663 3149 46076 9496
p 2 3376 4488 296 287137 27770
p 2 357 4760 3043 48716 9527
p 2 3470 4457 233 348359 29014
p 2 145 4598 3417 34623 7999
p 2 2918 5122 120 429861 29466
p 2 466 4786 2908 43858 9784
p 2 1654 6189 317 359656 24976
p 2 279 5594 2287 53201 10558
p 2 1695 6233 232 391724 25502
p 2 226 5451 2483 49565 10117
p 2 1782 6190 188 375963 25696
p 2 293 5333 2534 47336 9975
p 2 1295 6564 301 346541 23216
p 2 247 5730 2183 50327 10252
p 2 850 7025 285 360026 22056
p 2 131 5771 2258 43065 9586
p 2 1809 6212 139 407669 26606
p 2 203 5625 2332 57515 10056
p 2 1536 6505 119 426739 26169
p 2 331 5630 2199 72578 10836
p 2 1652 6433 75 429711 26850
p 2 320 5669 2171 64659 10950
p 2 863 7134 163 376812 23114
p 2 234 6125 1801 68322 11306
p 2 806 7066 288 358133 22415
p 2 298 6099 1763 67065 11628
p 2 3581 4571 8 502803 32270
p 2 295 4928 2937 70989 9871
p 2 3845 4279 36 505384 33396
p 2 389 4826 2945 68958 10536
i 2 8160 0 0 550944 42510
p 2 666 2758 4736 59025 9435
p 2 4746 3380 34 495253 35500
p 2 494 4542 3124 79152 11105
p 2 4262 3866 32 494593 34243
p 2 556 4455 3149 81254 10995
p 2 4562 3582 16 486772 35441
p 2 1029 4920 2211 102339 14674
p 2 4537 3590 33 470195 34942
p 2 1179 4245 2736 96628 13963
p 2 4509 3593 58 463410 34613
p 2 830 4374 2956 103902 12097
p 2 4538 3599 23 449605 34574
p 2 988 4660 2512 108410 13954
p 2 4422 3653 85 403684 33445
p 2 1047 4798 2315 103389 14785
p 2 4658 3498 4 472991 35023
p 2 1147 4656 2357 119985 15393
i 2 8160 0 0 516994 42375
p 2 1027 3868 3265 108823 12866
p 2 4978 3159 23 446214 35981
p 2 1089 4588 2483 122463 14556
p 2 4829 3318 13 421205 35307
p 2 1678 4760 1722 152485 18683
p 2 4628 3508 24 438481 35144
p 2 1441 4647 2072 143429 16663
p 2 4771 3362 27 484085 35693
p 2 901 3868 3391 92003 11856
p 2 4351 3788 21 455835 34247
p 2 810 4593 2757 86087 12481
p 2 4307 3819 34 392234 33449
p 2 1050 4787 2323 115069 15084
i 2 8160 0 0 461101 39901
p 2 2136 3887 2137 159145 19096
p 2 4612 3470 78 392604 34690
p 2 1544 4384 2232 137006 17731
p 2 3920 4236 4 390441 33972
p 2 2177 5014 969 260566 23656
p 2 3873 4282 5 425974 34699
p 2 2264 5044 852 267875 24935
p 2 4888 3270 2 382892 36581
p 2 2859 4398 903 229989 26221
p 2 4314 3845 1 344791 35889
p 2 2893 4555 712 210351 26968
i 2 8160 0 0 253792 37536
p 2 2435 3195 2530 135893 20710
p 2 4698 3457 5 293455 35613
p 2 1963 4384 1813 152515 21397
p 2 4430 3727 3 298964 34909
p 2 2257 4650 1253 176209 24599
p 2 4043 4113 4 286242 34114
p 2 2018 5068 1074 146129 23798
p 2 3677 4478 5 261987 33187
p 2 2102 5049 1009 159464 24856
p 2 3738 4420 2 195810 31412
p 2 5142 2983 35 109068 30332
p 2 2815 5341 4 116961 27513
p 2 2448 5705 7 96282 26613
p 2 4155 4005 0 489558 37372
i 2 8160 0 0 158865 31659
i 2 8160 0 0 171097 31700
p 2 5739 2421 0 555197 44210
p 2 4841 3318 1 344213 32619
p 2 4660 3500 0 545894 40812
p 2 1818 6313 29 588114 30337
p 2 1741 6411 8 599158 31038
p 2 1313 6818 29 579496 28996
p 2 1482 6676 2 571921 29805
p 2 1269 6875 16 549451 28528
p 2 1669 6486 5 568770 30630
p 2 1345 6801 14 563903 29165
p 2 1779 6381 0 543788 31183
p 2 1480 6664 16 565324 29855
p 2 1855 6305 0 580360 31843
p 2 1606 6537 17 531952 30309
p 2 1893 6266 1 543780 31631
p 2 1813 6328 19 532969 31144
p 2 2070 6090 0 510468 32330
p 2 1812 6327 21 509571 31046
p 2 2150 6008 2 487865 32444
p 2 1910 6236 14 512187 31417
p 2 2246 5913 1 501735 32850
p 2 2021 6125 14 462417 31814
p 2 2230 5930 0 482607 33049
p 2 2299 5860 1 474299 32907
i 2 8160 0 0 291857 35074
p 2 22 7881 257 58718 13591
p 2 12 7912 236 61475 13797
p 2 31 7850 279 96510 15492
p 2 9 8029 122 65600 14280
p 2 19 7979 162 62606 13977
p 2 23 7929 208 90337 15301
p 2 17 8019 124 63581 13988
p 2 18 8028 114 70652 14409
p 2 48 7975 137 95538 16039
p 2 21 7927 212 69366 14328
p 2 19 8003 138 67655 14515
p 2 40 8002 118 104189 16100
p 2 15 8037 108 68373 14463
p 2 15 7897 248 70992 14265
p 2 44 7954 162 112397 16724
p 2 24 8041 95 70251 14381
p 2 22 7932 206 74772 14525
p 2 52 7975 133 107409 16005
p 2 20 8062 78 83119 15018
p 2 25 8029 106 73521 14203
p 2 124 7915 121 125176 17365
p 2 31 8023 106 75441 14476
p 2 34 8028 98 86913 14800
p 2 113 7962 85 126514 17395
p 2 29 7996 135 82044 14803
p 2 26 8068 66 80319 14451
p 2 80 8015 65 136480 17716
p 2 36 8017 107 77460 14499
p 2 30 8000 130 82278 14932
p 2 64 8006 90 128546 17344
p 2 30 8057 73 90452 15321
p 2 35 8025 100 77413 14396
p 2 99 7966 95 132275 17744
p 2 28 8046 86 81189 14630
p 2 18 8044 98 88974 15211
p 2 76 7997 87 130311 17338
p 2 37 8020 103 89638 15256
p 2 34 8021 105 83808 14526
p 2 115 7951 94 144075 18120
p 2 47 8006 107 87074 14819
p 2 42 7977 141 89915 15165
p 2 150 7901 109 145427 18659
p 2 41 8027 92 98856 15906
p 2 49 8006 105 87442 15131
p 2 85 7978 97 143660 18412
p 2 45 8016 99 89293 15494
p 2 36 8036 88 96819 15489
p 2 131 7974 55 153917 18819
p 2 100 7975 85 103382 16039
p 2 92 8006 62 98210 15402
p 2 105 7983 72 156056 18750
p 2 52 8011 97 93452 15219
p 2 35 8013 112 95338 15291
p 2 156 7899 105 156030 19214
p 2 30 8045 85 99278 15672
p 2 75 7976 109 90896 15002
p 2 165 7881 114 149145 18774
p 2 42 8015 103 95245 15497
p 2 87 7973 100 101488 15584
p 2 354 7715 91 168621 20570
p 2 52 7987 121 99211 15945
p 2 56 7960 144 93299 15200
p 2 324 7725 111 164565 20381
p 2 59 7961 140 96810 15644
p 2 41 7999 120 97284 15421
p 2 335 7715 110 170291 20673
p 2 41 7975 144 94124 15579
p 2 44 7978 138 90187 14985
p 2 146 7863 151 150457 19087
p 2 30 7990 140 96314 15577
p 2 63 7955 142 91145 15185
p 2 126 7882 152 152278 19036
p 2 46 7952 162 98775 15829
p 2 35 7965 160 90116 14859
p 2 129 7889 142 149432 18916
p 2 24 8087 49 102807 15173
p 2 42 8052 66 111289 15097
p 2 195 7892 73 178838 19645
p 2 47 8031 82 120405 15720
p 2 58 8038 64 112370 15175
p 2 231 7871 58 179488 20324
p 2 53 8033 74 107637 15824
p 2 90 8025 45 107813 16151
p 2 285 7831 44 155452 20328
p 2 68 8019 73 99236 15945
p 2 61 8031 68 100423 15959
p 2 213 7898 49 150114 19862
p 2 115 7998 47 113009 16837
p 2 216 7882 62 114125 17065
p 2 432 7681 47 173098 21186
p 2 690 7411 59 148846 19905
p 2 985 7135 40 181383 21959
p 2 1674 6482 4 246382 26758
p 2 2078 6079 3 281838 27466
p 2 2643 5517 0 237709 27462
p 2 1029 7125 6 176716 22555
p 2 44 8087 29 99188 15900
p 2 3 8085 72 102930 15071
p 2 14 8096 50 98736 14552
p 2 14 8096 50 112837 14453
p 2 16 8075 69 94237 14018
p 2 10 8063 87 102314 14135
p 2 10 8066 84 98519 14164
p 2 23 8090 47 113494 14605
p 2 25 8057 78 96465 14252
p 2 58 8027 75 104852 14546
p 2 43 8021 96 100257 14485
p 2 48 8068 44 114907 14917
p 2 40 8040 80 96746 14395
p 2 34 8048 78 105385 14563
p 2 42 8040 78 101679 14544
p 2 33 8082 45 115848 14899
p 2 44 8036 80 97665 14451
p 2 55 8004 101 105484 14649
p 2 76 8015 69 100723 14686
p 2 67 8024 69 116310 14986
p 2 82 8014 64 97398 14576
p 2 106 7963 91 106272 14707
p 2 94 8013 53 102792 14888
p 2 121 7999 40 118399 15412
p 2 116 7962 82 104832 15110
p 2 169 7857 134 106358 15317
p 2 194 7814 152 106511 15609
p 2 114 7950 96 107172 15969
p 2 107 7975 78 122700 16274
p 2 93 7971 96 102629 15585
p 2 101 7924 135 111800 15761
p 2 101 7920 139 104832 15518
p 2 165 7938 57 162719 16863
p 2 123 7958 79 116045 15734
p 2 113 7918 129 127791 15953
p 2 85 8007 68 124123 15766
p 2 92 8013 55 139293 16139
p 2 95 7988 77 122272 15646
p 2 74 7978 108 114997 15492
p 2 70 7967 123 110848 15251
p 2 51 7977 132 124638 15427
p 2 49 8027 84 106266 15094
p 2 72 7970 118 114705 14853
p 2 67 8006 87 110101 14834
p 2 79 8012 69 125520 15160
p 2 75 8001 84 106153 14573
p 2 66 8033 61 116918 14865
p 2 49 8057 54 114149 14769
p 2 43 8071 46 137515 15069
p 2 58 8018 84 108590 14528
p 2 46 7976 138 117459 14705
p 2 42 8005 113 111586 14663
p 2 59 8004 97 126918 15054
p 2 85 7950 125 107982 14652
p 2 94 7901 165 116948 14813
p 2 91 7949 120 112443 14873
p 2 120 7908 132 128733 15324
p 2 150 7890 120 110095 15098
p 2 171 7830 159 118128 15094
p 2 159 7882 119 114274 15078
p 2 116 7930 114 130602 15497
p 2 194 7835 131 113487 15371
p 2 279 7731 150 122856 15893
p 2 188 7831 141 117743 16073
p 2 115 7933 112 133411 16173
p 2 57 8008 95 113142 15441
p 2 44 8004 112 121239 15505
p 2 32 8005 123 113129 15167
p 2 22 8082 56 129847 15424
p 2 60 8010 90 111528 14719
p 2 72 7928 160 118700 14746
p 2 43 7989 128 112324 14662
p 2 53 7973 134 128857 14960
p 2 66 7976 118 108071 14558
p 2 106 7853 201 115918 14672
p 2 141 7890 129 109714 14662
p 2 170 7857 133 126459 15082
p 2 154 7826 180 105558 14529
p 2 122 7853 185 116104 14709
p 2 93 7903 164 109032 14494
p 2 53 7960 147 125103 14782
p 2 33 7963 164 105070 14074
p 2 30 7925 205 113392 14224
p 2 18 7939 203 107162 14053
p 2 20 7963 177 122833 14395
p 2 23 7937 200 104028 13782
p 2 17 7928 215 112390 13822
p 2 20 7938 202 102487 13653
p 2 17 7939 204 122371 14018
p 2 13 7934 213 106260 13405
p 2 16 7872 272 112301 13385
i 2 8160 0 0 288661 38206
p 2 43 4852 3265 44553 10714
p 2 39 4902 3219 44059 10732
p 2 44 4382 3734 44896 10296
p 2 31 4496 3633 42814 10313
p 2 34 4298 3828 43809 10174
p 2 32 7228 900 102528 15141
p 2 48 7278 834 115831 15460
p 2 47 7417 696 129086 16093
p 2 49 6565 1546 48057 12623
p 2 42 5860 2258 47371 11814
p 2 2548 5474 138 257949 27729
p 2 557 6860 743 149099 19076
p 2 606 6910 644 166788 20419
p 2 594 7069 497 160480 21272
p 2 466 7323 371 156449 21518
p 2 504 7439 217 153443 22178
p 2 482 7526 152 144173 22462
p 2 377 7596 187 137982 21594
p 2 340 7619 201 131899 20869
p 2 261 7709 190 130968 20184
p 2 205 7707 248 124658 19505
p 2 181 7671 308 127032 19310
p 2 176 7581 403 123478 19000
p 2 173 7600 387 119870 18736
p 2 205 7510 445 119209 18636
p 2 173 7574 413 111462 18483
p 2 135 7514 511 110823 18209
p 2 145 7438 577 108419 18015
i 2 8160 0 0 219581 34070
p 2 137 6289 1734 67230 14851
p 2 17 6009 2134 49373 12675
p 2 246 7646 268 140445 18293
p 2 12 6790 1358 49766 13089
p 2 10 6041 2109 46170 11942
p 2 249 7600 311 142379 18206
p 2 9 7144 1007 49756 13108
p 2 16 6366 1778 49706 12475
p 2 320 7600 240 143465 18399
p 2 20 6896 1244 54426 13343
p 2 21 6145 1994 49577 12126
p 2 331 7564 265 147800 18383
p 2 19 7054 1087 52774 13154
p 2 11 6369 1780 47665 12158
p 2 11 6023 2126 50293 11902
p 2 14 5872 2274 45845 11668
p 2 11 5813 2336 48142 11661
p 2 94 7808 258 145446 18152
p 2 11 7158 991 51549 13253
p 2 17 6034 2109 46015 11746
p 2 79 7864 217 136615 17803
p 2 12 7059 1089 49423 13196
p 2 11 5966 2183 43492 11533
p 2 352 7635 173 167674 20242
p 2 6 7154 1000 47959 13310
p 2 11 6452 1697 47348 12398
p 2 2277 5844 39 240274 27601
p 2 14 6661 1485 48130 12839
p 2 9 5611 2540 40792 11041
p 2 261 7681 218 159754 18766
p 2 8 6911 1241 45680 12717
p 2 9 5744 2407 41737 11225
p 2 551 7564 45 196722 20824
p 2 11 7176 973 43749 12684
p 2 17 6263 1880 42288 11651
p 2 490 7411 259 183405 19889
p 2 12 6915 1233 44615 12541
p 2 7 5647 2506 39823 10971
p 2 229 7725 206 157471 18870
p 2 12 7089 1059 47238 13049
p 2 6 6125 2029 43834 11665
p 2 14 5975 2171 42888 11439
p 2 15 6177 1968 46243 11588
p 2 95 6083 1982 55885 12142
p 2 10 5785 2365 44880 11109
p 2 9 5619 2532 42091 10700
p 2 9 5599 2552 45474 11011
i 2 8160 0 0 161416 31155
p 2 0 3882 4278 6074 4909
p 2 26 3959 4175 25577 5181
p 2 0 1731 6429 3383 2753
p 2 0 1420 6740 2628 2409
p 2 0 518 7642 1740 1590
p 2 0 422 7738 1546 1492
p 2 0 89 8071 1209 1190
p 2 0 82 8078 1193 1179
i 2 8160 0 0 172829 32562
p 2 0 4189 3971 6557 5280
p 2 0 3941 4219 5354 4834
p 2 0 1641 6519 2934 2655
p 2 0 1455 6705 2633 2445
p 2 0 442 7718 1587 1518
p 2 0 347 7813 1473 1422
p 2 0 121 8039 1248 1219
p 2 0 86 8074 1213 1187
i 2 8160 0 0 227832 35237
p 2 0 3005 5155 5513 4208
p 2 0 2764 5396 4294 3767
p 2 0 994 7166 2301 2086
i 2 8160 0 0 217862 34661
p 2 0 4055 4105 7530 5345
p 2 3995 4030 135 271715 31531
p 2 0 4322 3838 9359 5934
p 2 3474 4104 582 320568 31117
p 2 0 4295 3865 10893 5888
p 2 0 2966 5194 6278 3985
i 2 8160 0 0 314701 37847
p 2 0 2519 5641 4606 3624
p 2 0 2230 5930 3573 3238
i 2 8160 0 0 301639 37525
p 2 0 2854 5306 4912 3876
i 2 8160 0 0 279270 36721
p 2 0 2811 5349 5099 3898
p 2 351 5100 2709 112062 12117
p 2 0 3222 4938 7781 4502
p 2 0 2925 5235 6937 4050
p 2 157 4057 3946 88950 9625
p 2 0 2617 5543 6913 3905
p 2 166 3917 4077 99735 9717
p 2 0 2779 5381 7549 4082
p 2 0 1662 6498 4244 2809
p 2 0 916 7244 2382 2000
p 2 0 784 7376 2338 1874
i 2 8160 0 0 204468 34214
p 2 188 4366 3606 29421 8539
p 2 3011 4874 275 223160 29067
p 2 2386 5436 338 225559 28168
p 2 277 5665 2218 41930 11556
p 2 240 4423 3497 38899 9894
i 2 8160 0 0 196682 34184
p 2 1491 6516 153 191339 25281
p 2 938 6167 1055 90768 17868
p 2 934 7050 176 167061 22304
p 2 839 6037 1284 74820 16506
p 2 803 7177 180 160681 21600
p 2 430 6186 1544 57541 14195
i 2 8160 0 0 35576 22959
p 2 6802 1332 26 60535 28030
p 2 4921 3229 10 98021 29571
p 2 3816 4343 1 117844 28145
p 2 3332 4828 0 138548 27913
p 2 3003 5149 8 147520 27219
p 2 2734 5426 0 160587 27276
p 2 2480 5679 1 172415 26812
p 2 2246 5914 0 194557 26860
p 2 2067 6093 0 204027 26273
p 2 1871 6289 0 219251 26085
p 2 1664 6496 0 232265 25978
p 2 1484 6676 0 250452 25837
p 2 1429 6729 2 276057 25696
p 2 40 8101 19 151910 17201
p 2 42 8092 26 145088 16322
p 2 42 8100 18 170489 16644
p 2 53 8084 23 143456 15933
p 2 39 8103 18 150222 15982
p 2 31 8076 53 151813 16048
p 2 28 8108 24 145570 15791
p 2 27 8110 23 170111 16424
p 2 28 8119 13 144469 15829
p 2 47 8071 42 158012 16225
p 2 39 8100 21 149834 15931
p 2 40 8101 19 174208 16429
p 2 41 8107 12 155824 15853
p 2 32 8101 27 159361 15908
p 2 34 8087 39 168823 16156
p 2 30 8096 34 155465 15836
p 2 45 8095 20 182897 16539
p 2 37 8112 11 157340 15915
p 2 31 8106 23 166040 15928
p 2 42 8084 34 170788 16115
p 2 37 8098 25 160889 15947
p 2 34 8103 23 187989 16395
p 2 31 8104 25 158204 15707
p 2 44 8074 42 174963 16210
p 2 40 8082 38 163229 15979
p 2 43 8095 22 189391 16411
p 2 37 8095 28 159134 15786
p 2 46 8072 42 174817 15832
p 2 43 8076 41 162824 15930
p 2 40 8080 40 190426 16155
p 2 32 8103 25 162274 15693
p 2 50 8076 34 178702 15919
p 2 34 8095 31 167286 15957
p 2 53 8079 28 194686 16252
p 2 47 8097 16 165851 15799
p 2 48 8085 27 183589 15908
p 2 46 8100 14 175910 16004
p 2 45 8090 25 200934 16289
p 2 43 8101 16 169962 16002
p 2 42 8086 32 179766 15877
p 2 47 8078 35 181827 16097
p 2 38 8096 26 174914 15740
p 2 32 8107 21 206779 16381
p 2 45 8102 13 174991 15651
p 2 43 8088 29 193735 16173
p 2 50 8080 30 211799 16369
p 2 42 8100 18 172352 15726
p 2 38 8099 23 194040 15917
p 2 37 8099 24 181351 15915
p 2 38 8095 27 209896 16203
p 2 31 8109 20 177106 15535
p 2 33 8108 19 196118 15885
p 2 30 8106 24 183629 15700
p 2 37 8102 21 214777 16198
p 2 33 8111 16 180817 15612
p 2 29 8098 33 198763 15917
p 2 36 8098 26 184364 15754
p 2 24 8115 21 218106 16185
p 2 21 8115 24 176823 15435
p 2 28 8115 17 202342 15860
p 2 31 8116 13 195783 15746
p 2 29 8118 13 224380 16185
p 2 30 8112 18 179816 15430
p 2 17 8121 22 194492 15585
p 2 30 8114 16 198036 15660
p 2 28 8113 19 189271 15546
p 2 21 8117 22 220521 15913
p 2 30 8108 22 182193 15423
p 2 20 8111 29 190123 15444
p 2 17 8117 26 195920 15497
p 2 16 8123 21 186257 15424
p 2 12 8126 22 216640 15825
p 2 13 8127 20 177529 15267
p 2 14 8115 31 198565 15492
p 2 15 8117 28 186441 15257
p 2 18 8118 24 218855 15695
p 2 16 8117 27 177463 14981
p 2 23 8103 34 200621 15464
p 2 19 8111 30 185606 15260
p 2 19 8118 23 219967 15765
p 2 17 8113 30 177906 14977
p 2 12 8115 33 200238 15321
p 2 15 8122 23 181345 15116
p 2 15 8128 17 220824 15633
p 2 13 8138 9 188167 15052
p 2 24 8118 18 203033 15450
p 2 17 8113 30 184481 15091
p 2 10 8118 32 227657 15516
p 2 21 8110 29 176726 14910
p 2 15 8092 53 184060 14927
p 2 18 8106 36 190231 15025
p 2 21 8096 43 180813 14976
p 2 19 8130 11 224608 15353
p 2 23 8120 17 187837 14893
p 2 10 8131 19 190583 14846
p 2 8 8140 12 201518 15071
p 2 8 8136 16 190078 14960
p 2 8 8141 11 228328 15433
p 2 17 8130 13 189556 15008
p 2 21 8122 17 187891 14956
p 2 35 8107 18 199428 15244
p 2 13 8133 14 175803 14811
p 2 14 8133 13 216973 15249
p 2 15 8125 20 166491 14501
p 2 17 8125 18 191739 14962
p 2 15 8125 20 177154 14783
p 2 12 8134 14 216379 15276
p 2 16 8130 14 174534 14641
p 2 16 8130 14 180239 14597
p 2 20 8120 20 203186 14983
p 2 9 8130 21 169512 14529
p 2 5 8139 16 212749 15130
p 2 12 8124 24 158748 14177
p 2 6 8130 24 182210 14506
p 2 4 8128 28 168596 14409
p 2 3 8141 16 206021 14805
p 2 2 8122 36 156021 14016
p 2 1 8126 33 176532 14334
p 2 0 8122 38 163200 14259
p 2 2 8141 17 200141 14665
p 2 5 8111 44 152549 13966
p 2 1 8114 45 174567 14250
p 2 3 8111 46 160674 14050
p 2 3 8123 34 196453 14448
p 2 3 8093 64 148833 13698
p 2 1 8093 66 167379 13961
p 2 2 8060 98 152822 13799
p 2 1 8097 62 187422 14204
p 2 1 7984 175 144988 13202
p 2 1 7980 179 177919 13563
p 2 0 7713 447 128690 12415
p 2 1887 5965 308 150844 17526
i 2 8160 0 0 240165 33456
p 2 419 6603 1138 109633 13733
p 2 1 5640 2519 58699 8550
p 2 134 5658 2368 88581 10099
p 2 1 5089 3070 60361 7812
p 2 1565 5027 1568 94509 15588
p 2 1713 5212 1235 89534 17093
p 2 0 5215 2945 30156 7276
i 2 8160 0 0 178262 31026
p 2 3970 4000 190 287015 29783
p 2 3311 4035 814 243916 26110
p 2 3137 4439 584 229031 25767
p 2 2882 4639 639 147397 21890
p 2 1 5062 3097 30124 7630
p 2 1689 5386 1085 86324 16894
p 2 978 5596 1586 50395 14044
p 2 456 5051 2653 24662 10547
i 2 8160 0 0 206414 32446
p 2 3721 4112 327 359765 30592
p 2 690 6848 622 130221 15450
p 2 465 6161 1534 145063 13900
p 2 576 6795 789 182183 15842
p 2 5 6863 1292 77777 10516
p 2 382 5406 2372 111652 11414
p 2 4 6653 1503 84698 10435
p 2 167 6883 1110 126550 12319
p 2 132 6177 1851 97660 10804
p 2 74 5418 2668 93250 9724
p 2 71 5832 2257 91358 10243
p 2 160 6069 1931 113343 11116
p 2 79 5582 2499 88846 10048
p 2 80 5207 2873 98054 9834
p 2 487 5133 2540 98856 11536
p 2 298 5428 2434 111420 11421
p 2 280 6171 1709 117826 12421
p 2 798 7343 19 165899 19394
p 2 411 7735 14 185212 18979
p 2 441 7702 17 194833 19417
p 2 214 7910 36 199120 18152
p 2 207 7920 33 175522 18170
p 2 1150 6995 15 187793 21157
p 2 1379 6768 13 182560 22033
p 2 246 7788 126 171874 18756
p 2 267 7638 255 163407 18632
p 2 169 7732 259 159451 17675
p 2 188 7499 473 157059 17385
p 2 203 7567 390 159806 17265
p 2 107 7418 635 139876 15703
p 2 241 7482 437 146590 16261
p 2 491 6960 709 155506 17147
p 2 147 7474 539 147947 16056
p 2 111 7260 789 140666 15867
p 2 62 7403 695 129670 15109
p 2 126 7310 724 143527 15735
p 2 2177 5982 1 163729 22184
p 2 2183 5977 0 171885 23085
p 2 1953 6199 8 170266 22078
p 2 1827 6331 2 174548 21713
p 2 498 7661 1 150129 19986
i 2 8160 0 0 276156 38831
p 2 2768 3592 1800 245056 26756
p 2 1019 4522 2619 182403 18143
p 2 72 4447 3641 106841 10220
p 2 42 8111 7 163272 16013
p 2 40 7007 1113 65754 11126
p 2 1 3128 5031 12253 4550
p 2 190 3707 4263 32504 6443
p 2 267 3144 4749 37936 6389
p 2 346 3497 4317 41029 7141
p 2 457 3482 4221 57800 8083
p 2 485 2947 4728 50958 7515
p 2 392 1717 6051 45453 5782
p 2 402 2554 5204 52972 6870
p 2 367 2729 5064 48620 6664
p 2 310 1410 6440 39422 4921
p 2 334 2775 5051 44770 6607
p 2 342 2521 5297 41146 6180
p 2 369 1157 6634 42799 5059
p 2 337 2381 5442 44733 6107
p 2 307 5345 2508 63769 9766
p 2 328 2216 5616 46207 6032
p 2 312 6271 1577 75837 11312
p 2 318 3401 4441 44577 7096
p 2 207 1505 6448 36810 4526
p 2 200 2703 5257 36420 5623
p 2 156 1849 6155 30241 4520
p 2 163 1184 6813 26992 3815
p 2 139 1580 6441 27710 4131
p 2 119 1347 6694 23665 3629
p 2 149 764 7247 21120 3116
p 2 119 1124 6917 20170 3258
p 2 107 1097 6956 17369 3110
p 2 109 1170 6881 18253 3261
p 2 71 1809 6280 18555 3700
p 2 239 3807 4114 63923 8497
p 2 53 4396 3711 42486 7385
p 2 60 4733 3367 49676 7909
p 2 74 5414 2672 45315 8638
p 2 76 3089 4995 37290 5966
p 2 96 5087 2977 44042 8099
p 2 103 5433 2624 50709 8682
p 2 104 4698 3358 38528 7540
p 2 79 4994 3087 45872 7920
p 2 0 4853 3307 24389 6944
p 2 0 7147 1013 68327 11092
p 2 0 4758 3402 20609 6385
p 2 0 3660 4500 15235 5249
p 2 0 2614 5546 15077 4298
p 2 0 3198 4962 12307 4667
p 2 0 3230 4930 15948 4837
p 2 0 5437 2723 24382 7499
p 2 0 1972 6188 6855 3200
p 2 0 4781 3379 20305 6490
p 2 0 5300 2860 27244 7332
p 2 0 4027 4133 16284 5613
p 2 0 2363 5797 11111 3856
p 2 0 2686 5474 12492 4122
p 2 0 2003 6157 6600 3145
p 2 0 1310 6850 5111 2474
p 2 0 1052 7108 3953 2145
p 2 0 528 7632 2456 1634
p 2 0 332 7828 1971 1448
p 2 0 351 7809 2081 1443
p 2 0 369 7791 2296 1471
p 2 0 504 7656 2255 1579
p 2 0 232 7928 1626 1330
p 2 0 354 7806 2238 1446
p 2 0 4725 3435 18049 6225
p 2 0 1014 7146 3473 2103
p 2 0 6008 2152 34774 8139
p 2 0 2575 5585 7485 3642
p 2 0 677 7483 2542 1768
p 2 0 1896 6264 6369 2981
p 2 0 1043 7117 3405 2107
p 2 0 539 7621 2249 1628
p 2 0 305 7855 1810 1397
p 2 0 208 7952 1686 1310
p 2 0 283 7877 1863 1376
p 2 0 130 8030 1397 1232
p 2 0 261 7899 1938 1362
p 2 0 215 7945 1577 1311
p 2 0 108 8052 1328 1207
p 2 0 108 8052 1441 1206
p 2 0 394 7766 2127 1485
p 2 0 143 8017 1398 1243
p 2 0 591 7569 3078 1697
p 2 0 158 8002 1462 1256
p 2 0 59 8101 1218 1165
p 2 0 52 8108 1242 1154
p 2 0 110 8050 1316 1208
p 2 0 25 8135 1147 1127
p 2 0 72 8088 1243 1171
p 2 0 25 8135 1151 1129
p 2 0 58 8102 1200 1159
p 2 0 47 8113 1188 1149
p 2 0 22 8138 1143 1124
p 2 0 56 8104 1205 1155
p 2 0 40 8120 1174 1142
p 2 0 44 8116 1174 1142
p 2 0 32 8128 1168 1134
i 2 8160 0 0 398146 35987
p 2 0 2432 5728 4855 3505
p 2 0 1967 6193 3403 2914
p 2 0 985 7175 2372 2048
p 2 0 773 7387 2057 1831
p 2 0 451 7709 1783 1531
p 2 0 404 7756 1602 1478
p 2 0 182 7978 1342 1277
p 2 0 185 7975 1348 1279
p 2 0 323 7837 1655 1408
p 2 0 312 7848 1670 1401
p 2 0 244 7916 1558 1338
p 2 28 1169 6963 15189 2790
p 2 18 1218 6924 17443 2752
p 2 16 1477 6667 22641 3045
p 2 14 1719 6427 24101 3290
p 2 17 2048 6095 21274 3537
p 2 15 1135 7010 20349 2668
p 2 17 1823 6320 23874 3355
p 2 13 2049 6098 26578 3604
p 2 19 1855 6286 22283 3379
p 2 19 1026 7115 20451 2578
p 2 25 1695 6440 23613 3258
p 2 25 1908 6227 25864 3489
p 2 38 3313 4809 35259 4941
p 2 0 3450 4710 17245 4793
p 2 0 1829 6331 6132 2869
p 2 0 1170 6990 5422 2293
p 2 0 835 7325 3138 1885
p 2 0 390 7770 1787 1464
p 2 0 475 7685 2180 1551
p 2 0 408 7752 2253 1496
p 2 0 491 7669 2209 1572
p 2 0 283 7877 1698 1382
p 2 0 270 7890 1705 1353
p 2 0 266 7894 1802 1359
p 2 0 342 7818 1854 1418
p 2 0 173 7987 1424 1261
p 2 0 264 7896 1631 1346
p 2 0 234 7926 1705 1320
p 2 0 280 7880 1963 1371
p 2 0 198 7962 1556 1289
p 2 0 151 8009 1552 1249
p 2 0 180 7980 1662 1274
p 2 0 174 7986 1538 1268
p 2 0 97 8063 1256 1192
p 2 0 125 8035 1469 1221
p 2 0 135 8025 1542 1232
p 2 0 898 7262 3625 1992
p 2 0 973 7187 4255 2081
p 2 0 648 7512 2704 1722
p 2 0 507 7653 2665 1598
p 2 0 333 7827 1832 1426
p 2 0 210 7950 1436 1287
p 2 0 220 7940 1566 1310
p 2 0 236 7924 1733 1330
p 2 0 230 7930 1704 1321
p 2 0 127 8033 1304 1220
p 2 0 121 8039 1389 1221
p 2 0 117 8043 1384 1213
p 2 0 92 8068 1378 1194
p 2 0 84 8076 1218 1179
p 2 0 81 8079 1272 1178
p 2 0 98 8062 1347 1199
p 2 0 131 8029 1371 1229
p 2 0 86 8074 1230 1181
p 2 0 69 8091 1292 1171
p 2 0 68 8092 1328 1167
p 2 0 60 8100 1241 1160
p 2 0 34 8126 1172 1136
p 2 0 50 8110 1230 1152
p 2 0 47 8113 1264 1151
p 2 0 355 7805 2025 1450
p 2 0 246 7914 1792 1346
p 2 0 294 7866 1882 1391
p 2 0 340 7820 2088 1436
p 2 0 208 7952 1587 1305
p 2 0 222 7938 1952 1332
p 2 0 175 7985 1507 1274
p 2 0 148 8012 1546 1246
p 2 0 77 8083 1243 1177
p 2 0 67 8093 1250 1171
p 2 0 55 8105 1215 1157
p 2 0 71 8089 1291 1171
p 2 0 142 8018 1363 1231
p 2 0 62 8098 1218 1163
p 2 0 68 8092 1238 1169
p 2 0 53 8107 1252 1158
p 2 0 48 8112 1188 1151
p 2 0 87 8073 1235 1186
p 2 0 93 8067 1246 1185
p 2 0 82 8078 1244 1178
p 2 0 82 8078 1232 1182
p 2 0 59 8101 1186 1160
p 2 0 50 8110 1183 1149
p 2 0 34 8126 1164 1133
p 2 0 186 7974 1520 1279
p 2 0 173 7987 1395 1265
p 2 0 201 7959 1532 1293
p 2 0 230 7930 1646 1318
p 2 0 86 8074 1252 1189
p 2 0 53 8107 1178 1150
p 2 0 39 8121 1158 1139
p 2 0 44 8116 1165 1144
p 2 0 38 8122 1168 1138
p 2 0 47 8113 1175 1145
p 2 0 21 8139 1148 1124
p 2 0 20 8140 1137 1123
p 2 0 18 8142 1131 1120
p 2 0 14 8146 1134 1116
p 2 0 27 8133 1151 1129
p 2 0 37 8123 1158 1137
p 2 0 25 8135 1142 1126
p 2 0 31 8129 1142 1133
p 2 0 25 8135 1139 1127
p 2 0 23 8137 1137 1122
p 2 0 13 8147 1141 1116
p 2 0 15 8145 1122 1117
p 2 0 15 8145 1116 1116
p 2 0 29 8131 1149 1131
i 2 8160 0 0 262203 36677
p 2 100 6826 1234 84191 11726
p 2 37 7011 1112 76379 11461
p 2 12 7098 1050 61674 10857
p 2 6 7117 1037 62544 10883
p 2 7 7126 1027 58110 10751
p 2 6 7107 1047 64352 10747
p 2 6 7203 951 60171 10906
p 2 17 7143 1000 61944 11051
p 2 18 7140 1002 59381 11011
p 2 29 7102 1029 65892 11379
p 2 11 7202 947 58820 10959
p 2 24 7178 958 62722 11090
p 2 8 7148 1004 64783 11249
p 2 6 7205 949 56459 11002
p 2 13 7226 921 61082 11121
p 2 11 7237 912 57484 10705
p 2 20 7161 979 64100 11268
p 2 15 7220 925 60034 11179
p 2 16 7138 1006 61151 11025
p 2 8 7174 978 58045 10929
p 2 37 7170 953 65389 11320
p 2 11 7255 894 59228 11203
p 2 8 7252 900 61857 11212
p 2 8 7271 881 59371 11253
p 2 17 7184 959 64817 11354
p 2 8 7237 915 60343 11155
p 2 12 7210 938 65178 10943
p 2 23 7246 891 61176 11252
p 2 15 7194 951 66818 11387
p 2 37 7229 894 61120 11359
p 2 10 7226 924 62058 11169
p 2 14 7240 906 61400 11121
p 2 38 7192 930 69501 11472
p 2 15 7290 855 61412 11180
p 2 17 7267 876 62732 11229
p 2 13 7302 845 58978 11214
p 2 20 7181 959 65788 11128
p 2 20 7291 849 60640 10934
p 2 34 7253 873 65778 11199
p 2 2 7319 839 60020 11404
p 2 5 7345 810 63501 11556
p 2 3 7386 771 61956 11197
p 2 10 7395 755 66369 11507
p 2 10 7353 797 60726 11435
p 2 4 7374 782 68794 11480
p 2 5 7430 725 58909 11168
p 2 6 7401 753 61464 11165
p 2 5 7384 771 67568 11586
p 2 1 7427 732 58677 11051
p 2 6 7402 752 65645 11660
p 2 13 7429 718 62611 11627
p 2 15 7432 713 66261 11748
p 2 11 7431 718 63931 11739
p 2 10 7412 738 66224 11628
p 2 8 7405 747 63879 11387
p 2 9 7383 768 68630 11791
p 2 8 7426 726 60914 11517
p 2 9 7389 762 64849 11660
i 2 8160 0 0 173688 32096
p 2 0 2479 5681 4013 3339
p 2 1768 3492 2900 130851 15600
p 2 0 1629 6531 4413 2958
p 2 1336 3125 3699 121272 13527
p 2 0 1742 6418 4840 3090
p 2 1466 2610 4084 122106 13594
p 2 0 1747 6413 4829 3060
p 2 2193 2222 3745 137232 16521
p 2 0 1776 6384 4725 2971
p 2 2513 2577 3070 146381 18487
p 2 0 1636 6524 4441 2984
p 2 13 1340 6807 4868 2516
p 2 0 969 7191 2324 1996
p 2 0 1029 7131 2611 2046
p 2 12 700 7448 2963 1841
p 2 0 402 7758 1586 1474
p 2 0 345 7815 1619 1425
p 2 22 388 7750 3666 1592
p 2 0 655 7505 2774 1759
p 2 0 572 7588 2368 1651
p 2 0 433 7727 3396 1591
p 2 0 209 7951 1432 1302
p 2 0 163 7997 1342 1250
p 2 9 172 7979 3091 1375
p 2 0 156 8004 1556 1258
p 2 0 94 8066 1241 1188
p 2 12 198 7950 2380 1389
p 2 0 78 8082 1288 1183
p 2 0 168 7992 1426 1256
p 2 22 113 8025 3321 1349
p 2 0 89 8071 1244 1185
p 2 0 91 8069 1236 1182
p 2 0 215 7945 3002 1398
p 2 0 133 8027 1279 1220
p 2 0 64 8096 1203 1161
p 2 10 151 7999 3056 1341
p 2 0 196 7964 1340 1257
p 2 0 165 7995 1344 1240
p 2 0 189 7971 2858 1339
p 2 0 147 8013 1440 1247
p 2 0 72 8088 1233 1171
p 2 2 132 8026 2189 1279
p 2 0 58 8102 1233 1169
p 2 0 55 8105 1192 1154
p 2 9 88 8063 2811 1271
p 2 0 173 7987 1446 1254
p 2 0 73 8087 1244 1171
p 2 9 114 8037 3040 1326
p 2 0 84 8076 1245 1182
p 2 0 40 8120 1169 1141
p 2 0 88 8072 2603 1250
p 2 0 53 8107 1209 1157
p 2 0 97 8063 1200 1180
p 2 13 65 8082 3026 1286
p 2 0 45 8115 1201 1150
p 2 0 44 8116 1183 1144
p 2 12 62 8086 2158 1275
p 2 0 33 8127 1177 1141
p 2 0 12 8148 1133 1116
p 2 22 35 8103 3200 1284
p 2 0 36 8124 1168 1138
p 2 0 31 8129 1157 1133
p 2 0 61 8099 2576 1235
p 2 0 32 8128 1166 1137
p 2 0 28 8132 1146 1128
p 2 9 62 8089 2909 1274
p 2 0 57 8103 1220 1161
p 2 0 43 8117 1160 1141
p 2 12 48 8100 2161 1272
p 2 0 27 8133 1161 1147
p 2 0 18 8142 1132 1120
p 2 22 50 8088 3222 1295
p 2 0 29 8131 1156 1132
p 2 0 27 8133 1173 1132
p 2 0 22 8138 1127 1121
p 2 0 54 8106 2578 1224
p 2 0 28 8132 1152 1133
p 2 2 45 8113 2058 1212
p 2 0 37 8123 1162 1145
p 2 0 30 8130 1145 1129
p 2 0 18 8142 1127 1119
p 2 0 17 8143 1122 1119
p 2 0 30 8130 1153 1133
p 2 1065 2271 4824 130097 12410
p 2 0 1669 6491 4922 3031
p 2 0 963 7197 2566 1991
p 2 972 2479 4709 123910 11977
p 2 0 1926 6234 5178 3216
p 2 0 838 7322 2472 1898
p 2 765 2591 4804 118587 11070
p 2 0 1878 6282 5083 3205
p 2 0 1089 7071 2826 2143
p 2 724 2708 4728 115773 11004
p 2 0 1918 6242 4799 3072
p 2 0 1389 6771 3018 2380
p 2 13 889 7258 3063 2027
p 2 0 499 7661 1700 1573
p 2 0 429 7731 1574 1484
p 2 23 400 7737 3598 1605
p 2 0 391 7769 1690 1459
p 2 0 295 7865 1436 1368
p 2 0 415 7745 3102 1526
p 2 0 231 7929 1457 1323
p 2 0 184 7976 1377 1273
p 2 2 265 7893 2479 1419
p 2 0 117 8043 1279 1219
p 2 0 138 8022 1265 1219
p 2 23 83 8054 3278 1329
p 2 0 119 8041 1265 1210
p 2 0 61 8099 1180 1159
p 2 0 145 8015 2794 1305
i 2 8160 0 0 177059 32141
p 2 0 2568 5592 4229 3434
p 2 1131 3927 3102 124687 13788
p 2 0 1996 6164 4877 3154
p 2 0 1888 6272 3314 2802
p 2 1251 2463 4446 124795 13010
p 2 0 1823 6337 4787 3142
p 2 0 959 7201 2344 1998
p 2 2918 1805 3437 125495 17954
p 2 0 1771 6389 4501 2955
p 2 0 1358 6802 2992 2332
i 2 8160 0 0 140394 30461
p 2 0 3005 5155 4613 3772
p 2 0 3304 4856 5756 3993
p 2 1891 2079 4190 64166 12260
p 2 0 2729 5431 4411 3579
p 2 0 1336 6824 2521 2285
p 2 1024 1552 5584 38496 7766
p 2 0 1229 6931 2829 2268
p 2 0 1146 7014 2337 2097
p 2 464 823 6873 13962 4088
p 2 0 882 7278 2114 1901
p 2 0 547 7613 1728 1595
p 2 0 436 7724 1610 1499
p 2 0 340 7820 1448 1393
p 2 0 238 7922 1350 1312
p 2 0 140 8020 1249 1227
p 2 0 188 7972 1274 1259
i 2 8160 0 0 273244 35383
p 2 0 7983 177 62576 11041
p 2 1 7977 182 69143 11273
p 2 0 7991 169 65827 11352
p 2 0 7983 177 77849 11528
p 2 0 8020 140 64470 11226
p 2 0 8019 141 67886 11438
p 2 0 8013 147 66816 11249
p 2 0 7998 162 71716 11483
p 2 9 8068 83 85945 14203
p 2 0 8027 133 66442 11949
p 2 0 8033 127 69338 11613
p 2 22 8050 88 88535 14396
p 2 0 8014 146 67389 11746
p 2 0 7996 164 69370 11897
p 2 1 8025 134 67184 11470
p 2 2 8032 126 65086 11427
p 2 3 8033 124 65952 11407
p 2 22 7975 163 70030 11711
p 2 9 8043 108 64603 11225
p 2 2 8030 128 64827 11266
p 2 21 8079 60 81270 13950
p 2 1 8052 107 72411 12288
p 2 0 8043 117 61983 11568
p 2 45 8062 53 88886 14230
p 2 1 8034 125 63117 11575
p 2 2 8022 136 65070 11359
p 2 24 8010 126 70661 11918
p 2 2 8050 108 61398 11372
p 2 0 8033 127 60365 11158
p 2 22 8026 112 66496 11415
p 2 1 8028 131 64532 11378
p 2 0 8046 114 57551 11160
p 2 58 8021 81 84560 13953
p 2 1 8041 118 62214 11614
p 2 2 8031 127 67800 11584
p 2 64 8026 70 82733 14314
p 2 1 8041 118 68093 11849
p 2 0 8057 103 56011 11101
p 2 19 8022 119 68093 11584
p 2 6 8043 111 56873 11092
p 2 0 8047 113 63942 11371
p 2 19 8041 100 63761 11452
p 2 1 8049 110 58058 11243
p 2 0 8052 108 55023 10954
p 2 69 8009 82 86291 14054
p 2 0 8051 109 55108 11154
p 2 0 8064 96 54760 11138
p 2 82 8021 57 82764 13843
p 2 2 8046 112 62217 11518
p 2 0 8062 98 55287 11009
p 2 29 8032 99 63226 11522
p 2 0 8059 101 55243 10994
p 2 0 8056 104 56854 11063
p 2 23 8044 93 61091 11288
p 2 0 8062 98 54371 10968
p 2 0 8058 102 53085 10795
p 2 55 8010 95 80887 13929
p 2 0 8074 86 49892 11025
p 2 0 8067 93 54582 11136
p 2 79 7990 91 77210 13523
p 2 0 8052 108 58175 11499
p 2 0 8060 100 50992 11012
p 2 26 8031 103 61524 11385
p 2 0 8031 129 56140 11172
p 2 0 8054 106 49752 10683
p 2 14 8036 110 56217 11137
p 2 1 8045 114 47767 10698
p 2 0 8047 113 51826 10846
p 2 88 7966 106 67535 13055
p 2 0 8071 89 52975 11385
p 2 1 8079 80 48144 11055
p 2 113 7942 105 72423 13173
p 2 0 8054 106 46981 10893
i 2 8160 0 0 232918 35287
p 2 0 979 7181 2799 2120
p 2 986 2881 4293 132600 13414
p 2 0 1604 6556 5079 3107
p 2 911 3120 4129 142561 13712
p 2 0 1879 6281 5864 3516
p 2 1280 3238 3642 155102 15977
p 2 0 1859 6301 5959 3530
p 2 474 3684 4002 131233 12063
p 2 0 1997 6163 6435 3669
p 2 553 3721 3886 135357 12445
p 2 0 2341 5819 7054 3943
p 2 26 1640 6494 7007 3067
p 2 0 1236 6924 3534 2359
p 2 0 871 7289 3166 1985
p 2 5 714 7441 3512 1901
p 2 0 391 7769 2236 1514
p 2 0 382 7778 1831 1480
p 2 4 406 7750 3799 1609
p 2 0 377 7783 2079 1492
p 2 0 439 7721 2984 1578
p 2 20 320 7820 2396 1550
p 2 0 161 7999 1970 1291
p 2 0 126 8034 1392 1230
p 2 26 171 7963 3592 1432
p 2 0 269 7891 1776 1369
p 2 0 163 7997 1995 1287
p 2 5 214 7941 2585 1391
p 2 0 240 7920 2184 1365
p 2 0 221 7939 1709 1327
p 2 4 183 7973 3250 1385
p 2 0 154 8006 1441 1254
p 2 0 161 7999 2002 1281
p 2 19 139 8002 1842 1355
p 2 0 113 8047 1871 1238
p 2 0 67 8093 1236 1168
p 2 26 118 8016 3405 1381
p 2 0 108 8052 1339 1206
p 2 0 319 7841 2326 1435
p 2 5 144 8011 2440 1335
p 2 0 130 8030 1928 1258
p 2 0 76 8084 1295 1182
p 2 4 172 7984 3304 1367
p 2 0 75 8085 1263 1177
p 2 0 114 8046 1871 1235
p 2 0 67 8093 1264 1168
p 2 0 120 8040 1962 1246
p 2 0 58 8102 1217 1158
p 2 5 123 8032 2899 1331
p 2 0 82 8078 1299 1187
p 2 10 144 8006 2306 1342
p 2 0 74 8086 1244 1179
p 2 0 109 8051 1847 1229
p 2 0 81 8079 1274 1181
p 2 15 144 8001 3206 1353
p 2 0 67 8093 1238 1169
p 2 0 84 8076 1793 1203
p 2 4 88 8068 2539 1268
p 2 0 314 7846 2337 1433
p 2 0 181 7979 1531 1284
p 2 6 259 7895 3135 1466
p 2 0 227 7933 1628 1334
p 2 0 225 7935 2191 1353
p 2 4 141 8015 2674 1319
p 2 0 177 7983 2017 1303
p 2 0 85 8075 1311 1188
p 2 19 111 8030 2315 1355
p 2 0 52 8108 1211 1162
p 2 0 72 8088 1753 1194
p 2 26 51 8083 2740 1291
p 2 0 87 8073 1807 1215
p 2 0 381 7779 2062 1484
p 2 4 5511 2645 34978 7929
p 2 3 5629 2528 55311 9929
p 2 15 5814 2331 60256 10334
p 2 16 5887 2257 69447 11018
p 2 41 6034 2085 71479 11482
p 2 70 6112 1978 67834 11132
p 2 82 6244 1834 76596 12086
p 2 44 6414 1702 80956 12468
p 2 72 6482 1606 80160 12599
p 2 93 6553 1514 73796 12265
p 2 64 6685 1411 75215 12219
p 2 73 6839 1248 71375 12258
p 2 85 6894 1181 78255 13029
p 2 64 6995 1101 76839 13131
p 2 91 7046 1023 67168 12114
p 2 80 7198 882 78495 13592
p 2 99 7258 803 60924 11586
p 2 76 7377 707 78087 13708
p 2 109 7454 597 78145 13892
p 2 101 7538 521 62171 11473
p 2 133 7623 404 85503 14227
p 2 119 7699 342 68529 13001
p 2 92 7784 284 77371 14001
p 2 92 7769 299 74060 13824
p 2 104 7790 266 60744 12816
p 2 93 7840 227 76477 14109
p 2 119 7841 200 62187 13087
p 2 98 7925 137 56592 12481
p 2 113 7956 91 58751 12772
p 2 96 8005 59 60149 12731
p 2 49 8077 34 64296 13138
p 2 32 8080 48 63133 13458
p 2 23 8100 37 41329 11432
p 2 21 8090 49 28979 9642
p 2 9 8084 67 54299 12185
p 2 0 8043 117 51475 11963
p 2 0 3750 4410 8796 4981
p 2 0 2154 6006 6718 3463
p 2 120 7144 896 74350 12946
p 2 118 7535 507 84448 14587
p 2 143 7507 510 94191 14673
p 2 113 7615 432 95503 15414
p 2 2 7508 650 46340 11293
p 2 0 6681 1479 29280 9762
p 2 0 6561 1599 34226 9371
p 2 0 6993 1167 34288 10511
p 2 0 6903 1257 34207 9824
p 2 0 7004 1156 35084 10409
p 2 0 6193 1967 30641 8855
p 2 0 6080 2080 32409 9282
p 2 1 6157 2002 32175 8897
p 2 1 7281 878 38481 11013
p 2 1 6556 1603 36763 9667
p 2 0 7367 793 46751 11716
p 2 0 6936 1224 44464 10602
p 2 1 7354 805 46885 11797
p 2 1 7153 1006 44486 10838
p 2 0 7547 613 43733 11906
p 2 0 7430 730 41165 11045
p 2 1657 6330 173 212625 25808
p 2 1630 6339 191 207526 26307
p 2 1596 6381 183 190185 26485
p 2 1915 6243 2 162271 27146
p 2 2191 5777 192 130379 26805
p 2 2700 5241 219 97986 26014
p 2 5362 2559 239 40562 24608
p 2 0 2356 5804 5407 4806
p 2 0 2365 5795 4452 4301
p 2 0 1820 6340 3475 3420
p 2 0 2109 6051 3549 3464
p 2 0 1682 6478 2951 2912
i 2 8160 0 0 45864 25311
p 2 4818 3100 242 88157 28890
p 2 3235 4793 132 117968 28845
p 2 2292 5863 5 139266 28321
p 2 2023 6131 6 158419 28638
p 2 1947 6204 9 169415 28655
p 2 1789 6363 8 183056 28501
p 2 336 7811 13 92426 18493
p 2 339 7811 10 84035 17635
p 2 326 7822 12 86176 17631
p 2 262 7891 7 84538 17209
p 2 409 7743 8 90216 17707
p 2 291 7866 3 87199 17174
p 2 554 7600 6 125479 21896
p 2 680 7472 8 135249 22626
p 2 789 7359 12 140329 23116
p 2 877 7262 21 139094 23563
p 2 905 7222 33 140575 23622
p 2 978 6782 400 141296 23382
p 2 1018 6422 720 137670 23113
p 2 1023 6497 640 136985 22893
p 2 1033 6459 668 136416 23150
p 2 509 6930 721 113692 19349
p 2 447 6874 839 105052 18687
p 2 510 6898 752 111901 19189
p 2 494 6737 929 107556 18805
p 2 536 6701 923 111837 18902
p 2 457 6798 905 108631 19071
p 2 541 6588 1031 114308 19122
p 2 520 6606 1034 118750 19616
p 2 522 6606 1032 113686 18868
p 2 481 6647 1032 121429 19561
p 2 501 6669 990 123516 19525
p 2 540 6640 980 120431 19721
p 2 636 6659 865 129686 20081
p 2 573 6777 810 130178 20065
p 2 598 6958 604 141132 21443
i 2 8160 0 0 157167 34362
p 2 1081 6896 183 169382 26813
p 2 770 7267 123 172013 26012
p 2 780 7307 73 177610 26215
p 2 953 7164 43 182133 27204
p 2 857 7283 20 178009 26716
p 2 819 7310 31 173745 26441
p 2 782 7337 41 165930 26257
p 2 899 7230 31 171151 26839
p 2 1053 7084 23 177488 27731
p 2 1092 7042 26 184060 27755
p 2 1039 7096 25 188411 27887
p 2 1028 7109 23 194530 27699
p 2 1128 7016 16 192888 28042
p 2 1070 7031 59 192614 27533
p 2 1207 6916 37 185203 27898
p 2 1226 6839 95 180226 27601
p 2 1197 6860 103 169703 27304
p 2 953 7025 182 157304 25881
p 2 839 7129 192 148750 25188
p 2 1048 6782 330 132198 25020
p 2 1034 6776 350 122968 24606
p 2 850 6833 477 117225 23719
p 2 864 6831 465 120132 23967
p 2 1209 6578 373 132004 25295
p 2 804 7049 307 127647 24466
p 2 733 7141 286 130684 24507
p 2 791 7144 225 129559 24624
p 2 944 7008 208 132161 25224
p 2 1157 6872 131 138602 26076
p 2 2058 6101 1 147427 27850
p 2 215 7170 775 72313 16679
p 2 205 7062 893 70478 16206
p 2 243 6950 967 67583 15734
p 2 196 6956 1008 70458 15967
p 2 196 6915 1049 68478 15770
p 2 170 6920 1070 69775 15767
p 2 185 6945 1030 68349 15700
p 2 198 6909 1053 68549 15882
p 2 158 6960 1042 63058 15227
p 2 183 6881 1096 63132 15066
p 2 151 6879 1130 61498 14885
p 2 212 6808 1140 64071 15143
p 2 215 6781 1164 58260 14401
p 2 137 6791 1232 56917 14076
p 2 152 6774 1234 54641 13848
p 2 142 6837 1181 57848 14200
i 2 8160 0 0 108013 31621
p 2 766 6599 795 80152 18932
p 2 552 6979 629 88338 19626
p 2 615 6928 617 90193 20361
p 2 559 7155 446 91230 20676
p 2 937 7088 135 100479 23083
p 2 675 7468 17 106652 23159
p 2 664 7469 27 106364 22976
p 2 778 7329 53 112822 23772
p 2 876 7261 23 113910 24117
p 2 853 7289 18 121557 24555
p 2 1201 6940 19 129015 25387
p 2 1527 6614 19 131401 26287
p 2 1494 6658 8 133013 26132
p 2 1527 6620 13 130541 25773
p 2 1501 6654 5 128387 25490
p 2 587 7468 105 110226 22105
p 2 628 7391 141 115804 22438
p 2 679 7400 81 120913 22763
p 2 641 7473 46 126029 22725
p 2 783 7343 34 141391 24324
p 2 907 7239 14 144711 24823
p 2 975 7163 22 146287 25298
p 2 885 7254 21 137655 24553
p 2 855 7266 39 135497 24239
p 2 979 7125 56 129474 24097
p 2 850 7263 47 125769 23188
p 2 913 7185 62 123836 23271
p 2 930 7148 82 122362 23590
p 2 832 7252 76 121100 23078
p 2 639 7419 102 109982 21255
p 2 618 7294 248 98708 19981
p 2 536 7310 314 97149 19290
p 2 479 7286 395 92644 19015
p 2 400 7387 373 89800 18321
p 2 378 7377 405 92123 18502
p 2 328 7423 409 93976 18318
p 2 310 7457 393 90786 18011
p 2 255 7569 336 87737 17535
p 2 127 7718 315 73547 16268
p 2 56 7736 368 65780 15173
p 2 52 7697 411 56047 14108
p 2 77 7585 498 57506 14169
p 2 45 7462 653 47590 13046
p 2 32 7423 705 49264 13059
p 2 44 7381 735 46758 12832
i 2 8160 0 0 104747 31309
p 2 3867 3927 366 105309 29670
p 2 3210 4446 504 101489 28076
p 2 1947 5526 687 102717 25932
p 2 1902 5537 721 106882 25797
p 2 1578 5929 653 115231 26024
p 2 1926 5661 573 116597 26730
p 2 2043 5603 514 120168 27227
p 2 1819 5868 473 124781 27394
p 2 1755 5969 436 122681 26812
p 2 1745 6125 290 127899 27542
p 2 1463 6508 189 127142 27028
p 2 1228 6746 186 120668 26203
p 2 1827 6255 78 129570 28105
p 2 1764 6351 45 134096 27978
p 2 2253 5898 9 139011 29074
p 2 2750 5086 324 133058 28501
p 2 2087 5612 461 119313 26058
p 2 207 7044 909 62925 15856
p 2 157 6862 1141 53828 14254
p 2 142 6797 1221 53949 13981
p 2 159 6659 1342 53399 13827
p 2 148 6626 1386 51611 13738
p 2 115 6628 1417 50777 13406
p 2 148 6548 1464 51640 13518
p 2 136 7648 376 65718 15652
p 2 202 7707 251 76986 16928
p 2 330 7569 261 84926 17600
p 2 408 7516 236 90084 18078
p 2 454 7473 233 96869 18603
p 2 425 7513 222 101600 18946
p 2 402 7539 219 101900 18874
p 2 378 7565 217 102357 18963
p 2 319 7618 223 95019 18312
p 2 338 7621 201 98214 18434
p 2 321 7613 226 101976 18596
p 2 82 7572 506 70475 15751
p 2 63 7543 554 64681 15031
p 2 85 7494 581 61273 14479
p 2 83 7487 590 62191 14432
p 2 60 7469 631 59985 13996
p 2 64 7414 682 61466 13999
p 2 77 7422 661 60170 14033
p 2 65 7358 737 59773 13778
p 2 66 7390 704 57072 13588
p 2 58 7372 730 59678 13637
i 2 8160 0 0 102037 29132
p 2 99 5379 2682 53284 11133
p 2 372 5465 2323 80310 14338
p 2 33 5556 2571 45566 11022
p 2 489 5420 2251 76828 14408
p 2 33 5640 2487 39987 10689
p 2 453 5693 2014 72827 14300
p 2 40 5731 2389 43275 11020
p 2 557 5705 1898 77214 14607
p 2 35 5778 2347 44080 11161
p 2 256 6129 1775 73211 14230
p 2 46 5981 2133 46215 11715
p 2 430 6092 1638 78371 15156
p 2 41 6177 1942 49111 12352
p 2 433 6326 1401 81214 15733
p 2 45 6387 1728 51396 12497
p 2 531 6352 1277 91523 16577
p 2 71 6489 1600 57720 12965
p 2 203 6514 1443 81651 14845
p 2 58 6417 1685 51397 12408
p 2 115 6527 1518 77734 14440
p 2 58 6276 1826 51196 12348
p 2 122 6351 1687 76605 14250
p 2 48 6214 1898 48430 12017
p 2 145 6368 1647 75829 14174
p 2 36 6199 1925 46288 11791
p 2 85 6343 1732 74731 13712
p 2 43 6120 1997 46660 11770
p 2 87 6236 1837 70284 13305
p 2 34 6127 1999 47915 11763
p 2 79 6229 1852 71708 13311
p 2 28 6086 2046 45383 11621
p 2 95 6219 1846 75531 13718
p 2 30 6135 1995 47433 11571
p 2 902 5582 1676 82320 16284
p 2 43 5958 2159 45898 11609
p 2 819 5545 1796 79662 15764
p 2 50 5753 2357 44615 11500
p 2 865 5339 1956 79267 15692
p 2 76 5545 2539 43590 11266
p 2 805 5176 2179 78901 14825
p 2 84 5306 2770 39285 10460
p 2 346 5437 2377 70366 13243
p 2 55 5342 2763 38408 10389
p 2 422 5379 2359 71443 13558
p 2 30 5371 2759 40972 10451
p 2 349 5517 2294 75823 13866
p 2 19 5490 2651 42277 10449
p 2 466 5546 2148 85440 14708
p 2 48 5607 2505 47368 11079
p 2 166 5621 2373 72028 13061
p 2 56 5597 2507 44391 10692
p 2 130 5585 2445 69322 12604
p 2 32 5525 2603 44148 10637
p 2 107 5598 2455 68978 12677
p 2 70 5620 2470 47062 10979
p 2 127 5745 2288 67494 12724
p 2 43 5677 2440 45764 10914
p 2 95 5874 2191 67050 12856
p 2 31 5792 2337 45103 10967
p 2 59 5973 2128 65509 12708
p 2 34 5897 2229 44932 11057
p 2 82 6049 2029 69378 13001
p 2 42 5988 2130 47426 11450
p 2 129 6119 1912 75781 13754
p 2 58 6090 2012 52949 11989
p 2 1074 5324 1762 86061 16777
p 2 45 5707 2408 43817 11076
p 2 937 5251 1972 79563 15352
p 2 30 5422 2708 43246 10567
p 2 827 5092 2241 79038 14823
p 2 36 5179 2945 44975 10154
i 2 8160 0 0 208923 39397
p 2 2295 5672 193 221719 29948
p 2 1220 6819 121 188646 25570
p 2 817 7254 89 163710 23321
p 2 586 7502 72 167086 22413
p 2 552 7561 47 155519 21743
p 2 554 7555 51 166591 22754
p 2 490 7633 37 152704 22063
p 2 468 7657 35 159542 21486
p 2 358 7757 45 156388 21136
p 2 339 7799 22 148642 20822
p 2 318 7818 24 156135 20942
p 2 302 7837 21 159525 21071
p 2 52 8014 94 107114 17843
p 2 30 8042 88 94470 15750
p 2 39 8030 91 101039 16123
p 2 58 8014 88 97876 15717
p 2 74 8004 82 110373 15828
p 2 84 7999 77 94373 15594
p 2 68 8009 83 99556 15551
p 2 66 8000 94 97386 15471
p 2 49 8004 107 107928 15737
p 2 58 8011 91 95813 15532
p 2 31 8033 96 100593 15485
p 2 22 8048 90 98903 15443
p 2 32 8016 112 115904 15804
p 2 32 8030 98 94302 15398
p 2 34 8020 106 99247 15446
p 2 30 8029 101 95559 15265
p 2 27 8035 98 106260 15514
p 2 35 8045 80 93138 15265
p 2 30 8027 103 97897 15227
p 2 28 8027 105 95673 15338
p 2 42 8031 87 106211 15658
p 2 48 8008 104 93541 15438
p 2 55 8017 88 99683 15671
p 2 60 8017 83 96593 15692
p 2 61 7999 100 108075 15937
p 2 94 7981 85 96435 15779
p 2 89 7993 78 100330 15749
p 2 99 7987 74 96936 15635
p 2 42 8023 95 105409 15475
p 2 60 8028 72 92963 15224
p 2 61 8023 76 94368 15142
p 2 58 8012 90 94525 14984
p 2 19 8044 97 91561 14783
p 2 21 8032 107 102466 15056
p 2 18 8052 90 88656 14698
p 2 34 8044 82 94609 14966
p 2 23 8042 95 93036 14955
p 2 22 8051 87 103270 15230
p 2 25 8052 83 91279 14936
p 2 26 8012 122 96493 15066
p 2 30 8043 87 93053 15072
p 2 41 8018 101 104201 15372
p 2 79 7996 85 93632 15287
p 2 45 8005 110 98223 15238
p 2 34 8033 93 95871 15132
p 2 45 8013 102 105547 15494
p 2 53 8032 75 94362 15233
p 2 48 8022 90 100993 15449
p 2 39 8040 81 96641 15296
p 2 56 8000 104 107315 15572
p 2 56 8049 55 97232 15396
p 2 63 8014 83 105147 15497
i 2 8160 0 0 24150 22603
p 2 0 182 7978 1274 1231
p 2 0 151 8009 1235 1233
p 2 0 35 8125 1131 1129
p 2 0 25 8135 1143 1126
p 2 0 42 8118 1143 1137
p 2 0 10 8150 1111 1111
p 2 288 355 7517 5722 2620
p 2 156 674 7330 9006 3033
p 2 196 764 7200 11843 3659
p 2 220 845 7095 15054 4128
p 2 202 1066 6892 18773 4566
p 2 264 1214 6682 23613 5132
p 2 359 1344 6457 29247 5925
p 2 376 1487 6297 33062 6470
p 2 291 1767 6102 35274 6457
p 2 277 1857 6026 35849 6555
p 2 263 1984 5913 37642 6681
p 2 263 2010 5887 37794 6820
p 2 206 2136 5818 38136 6653
p 2 176 2227 5757 38441 6588
p 2 163 2278 5719 39392 6644
p 2 129 2400 5631 37099 6503
p 2 1102 6167 891 60742 14728
p 2 1407 6670 83 75234 20393
p 2 1039 7044 77 89589 20979
p 2 746 7369 45 89996 21166
p 2 633 7493 34 98418 20873
p 2 513 7629 18 91001 20333
p 2 468 7672 20 100886 20242
p 2 332 7810 18 91178 19525
p 2 287 7860 13 97564 18922
p 2 225 7930 5 97962 19233
p 2 287 7856 17 100013 18654
p 2 212 7939 9 103783 18858
p 2 259 7896 5 114306 19066
p 2 32 7436 692 33642 11924
p 2 44 4980 3136 25954 7785
p 2 68 5447 2645 28556 8204
p 2 81 4593 3486 27289 6998
p 2 108 4640 3412 27784 7362
p 2 99 3632 4429 25653 5946
p 2 0 2706 5454 6339 3918
p 2 0 1927 6233 4217 3026
p 2 0 1708 6452 3876 2830
p 2 0 1205 6955 2803 2297
p 2 0 987 7173 2565 2070
p 2 0 919 7241 2478 1982
p 2 0 2362 5798 6836 3615
p 2 0 1247 6913 3033 2321
p 2 0 901 7259 2408 1970
p 2 0 678 7482 2199 1768
p 2 0 623 7537 2172 1721
p 2 0 399 7761 1676 1492
p 2 0 327 7833 1641 1417
p 2 0 205 7955 1503 1308
p 2 0 202 7958 1460 1305
p 2 0 138 8022 1340 1241
p 2 0 128 8032 1318 1234
p 2 0 109 8051 1255 1210
p 2 1101 2001 5058 139384 12507
p 2 0 1520 6640 5193 2889
p 2 1183 2587 4390 148647 13914
p 2 0 1936 6224 5905 3438
p 2 1097 3064 3999 148846 14261
p 2 0 2186 5974 6551 3748
p 2 1254 3075 3831 162686 15277
p 2 0 2208 5952 6907 3848
i 2 8160 0 0 203946 34540
p 2 0 2251 5909 4376 3381
p 2 1296 4208 2656 164490 16451
p 2 0 2266 5894 6717 3873
p 2 860 3935 3365 153294 14718
p 2 0 2198 5962 6929 3854
p 2 2971 2685 2504 194991 22515
p 2 0 1867 6293 5636 3516
p 2 1909 3652 2599 185823 19602
p 2 0 2270 5890 6798 4038
p 2 1533 4132 2495 178878 18614
p 2 0 2336 5824 7049 4133
i 2 8160 0 0 151525 30957
p 2 0 790 7370 2461 1879
i 2 8160 0 0 145008 30460
p 2 0 573 7587 2111 1682
i 2 8160 0 0 137149 30122
p 2 0 561 7599 2244 1696
i 2 8160 0 0 134200 29916
p 2 2930 2507 2723 138014 20516
p 2 2786 2803 2571 120693 20060
i 2 8160 0 0 253983 36331
p 2 0 1722 6438 3371 2729
p 2 181 1707 6272 33601 4176
p 2 0 796 7364 2278 1850
p 2 297 1185 6678 38050 4439
p 2 0 715 7445 2566 1809
p 2 278 7105 777 74421 11792
p 2 291 7434 435 232201 17200
p 2 498 7445 217 151101 17127
p 2 140 7883 137 48513 12303
p 2 494 7555 111 171896 16866
p 2 91 7972 97 64736 12624
p 2 564 7468 128 194907 17414
p 2 64 7924 172 61388 12324
p 2 412 7414 334 160749 16881
p 2 191 7340 629 111100 14289
p 2 291 3740 4129 47931 7948
p 2 84 3358 4718 73424 6855
p 2 379 3263 4518 91502 8645
p 2 0 2498 5662 5328 3594
p 2 689 2804 4667 121024 10256
p 2 40 2905 5215 55045 5501
p 2 416 2482 5262 42070 6598
p 2 209 2586 5365 81707 6714
p 2 241 1782 6137 19378 4419
p 2 0 1227 6933 3147 2307
p 2 154 1503 6503 50468 4768
p 2 0 1255 6905 3682 2376
p 2 0 665 7495 2055 1744
p 2 0 485 7675 1764 1561
p 2 0 458 7702 1788 1529
p 2 0 282 7878 1472 1367
p 2 0 203 7957 1326 1286
i 2 8160 0 0 158152 31169
p 2 0 3475 4685 5870 4421
p 2 69 3882 4209 46384 6359
p 2 0 1896 6264 3994 2888
p 2 313 2095 5752 53662 6156
p 2 0 1577 6583 3604 2642
p 2 51 1631 6478 37974 4008
p 2 0 1197 6963 3419 2280
p 2 37 1517 6606 38930 3838
p 2 0 986 7174 3094 2096
p 2 325 975 6860 51212 5063
p 2 0 913 7247 2803 2022
p 2 79 1005 7076 41676 3612
p 2 0 810 7350 2972 1925
p 2 81 996 7083 39125 3571
p 2 0 712 7448 2731 1840
p 2 198 824 7138 45613 4176
p 2 0 920 7240 2890 2031
p 2 43 1074 7043 34614 3307
p 2 0 725 7435 2742 1847
p 2 22 977 7161 33366 3029
p 2 0 640 7520 2611 1764
p 2 202 717 7241 43390 3922
p 2 0 544 7616 2272 1657
p 2 73 690 7397 35216 3025
p 2 0 514 7646 2409 1649
p 2 44 627 7489 31513 2814
p 2 0 502 7658 2380 1634
p 2 113 573 7474 35631 3195
p 2 0 462 7698 2157 1577
p 2 38 621 7501 26954 2633
p 2 2770 5389 1 186202 29123
i 2 8160 0 0 160019 31099
p 2 4310 3848 2 235151 33255
p 2 2684 5361 115 238030 28765
p 2 623 7277 260 177228 19716
p 2 15 4887 3258 29011 7594
p 2 0 2429 5731 5485 3972
p 2 9 2502 5649 19172 4058
p 2 0 2051 6109 4347 3088
p 2 20 1763 6377 18414 3264
p 2 0 1405 6755 3700 2456
p 2 10 1531 6619 14603 2882
p 2 0 794 7366 2425 1871
p 2 2 874 7284 12809 2176
p 2 0 754 7406 2798 1839
p 2 5 823 7332 14778 2198
p 2 0 492 7668 2094 1596
p 2 10 519 7631 12887 1878
p 2 0 397 7763 2083 1501
p 2 4 626 7530 11910 1978
p 2 0 383 7777 1985 1492
p 2 3 534 7623 11606 1891
p 2 0 402 7758 2032 1515
p 2 6 351 7803 8787 1645
p 2 0 313 7847 1767 1412
p 2 2 233 7925 8005 1483
p 2 0 195 7965 1528 1296
p 2 9 200 7951 9407 1548
p 2 0 202 7958 1541 1303
p 2 5 189 7966 8535 1463
p 2 0 155 8005 1479 1262
p 2 4 178 7978 7334 1443
p 2 0 129 8031 1419 1235
p 2 3 154 8003 8023 1441
i 2 8160 0 0 132566 29366
p 2 0 1239 6921 2480 2158
p 2 0 1348 6812 2247 2188
p 2 634 813 6713 13094 4721
p 2 0 1215 6945 2354 2170
p 2 3374 681 4105 91317 17144
p 2 0 1933 6227 3803 2837
p 2 0 979 7181 3485 2007
p 2 0 719 7441 1891 1728
p 2 0 389 7771 1658 1453
p 2 0 799 7361 2515 1828
p 2 0 383 7777 2734 1496
p 2 0 405 7755 1664 1457
p 2 22 282 7856 2216 1504
p 2 0 297 7863 1590 1375
p 2 0 179 7981 1328 1258
p 2 0 152 8008 1285 1241
p 2 34 135 7991 3373 1403
p 2 0 232 7928 1591 1319
p 2 0 194 7966 1497 1284
p 2 0 183 7977 2874 1340
p 2 0 111 8049 1323 1212
p 2 0 76 8084 1219 1169
p 2 29 121 8010 1878 1374
p 2 0 206 7954 1556 1298
p 2 0 109 8051 1236 1199
p 2 45 98 8017 3491 1423
p 2 0 146 8014 1313 1226
p 2 0 121 8039 1305 1214
p 2 0 132 8028 2563 1276
p 2 0 56 8104 1214 1160
p 2 0 42 8118 1159 1143
p 2 0 92 8068 2635 1246
p 2 0 97 8063 1329 1199
p 2 0 64 8096 1234 1166
p 2 29 83 8048 1848 1340
p 2 0 45 8115 1171 1154
p 2 0 39 8121 1161 1140
p 2 45 111 8004 3482 1428
p 2 0 115 8045 1302 1208
p 2 0 87 8073 1197 1177
p 2 0 97 8063 2543 1246
p 2 0 77 8083 1229 1176
p 2 0 42 8118 1166 1142
p 2 0 87 8073 2574 1240
p 2 0 69 8091 1209 1167
p 2 0 31 8129 1146 1132
p 2 0 84 8076 2505 1235
p 2 0 48 8112 1193 1150
p 2 0 47 8113 1162 1144
p 2 22 86 8052 1780 1315
p 2 0 45 8115 1187 1148
p 2 0 27 8133 1149 1129
p 2 45 52 8063 3411 1378
p 2 0 40 8120 1186 1144
p 2 0 24 8136 1165 1128
p 2 30 61 8069 1773 1328
p 2 0 31 8129 1165 1139
p 2 0 20 8140 1133 1121
p 2 45 31 8084 3392 1360
p 2 0 28 8132 1158 1129
p 2 0 22 8138 1143 1123
p 2 0 61 8099 2440 1211
p 2 0 44 8116 1183 1147
p 2 0 40 8120 1186 1136
p 2 0 64 8096 2548 1220
p 2 0 38 8122 1207 1148
p 2 0 33 8127 1149 1133
p 2 0 18 8142 1130 1121
p 2 0 30 8130 1130 1125
p 2 0 14 8146 1129 1117
p 2 0 20 8140 1135 1120
p 2 0 9 8151 1113 1111
p 2 0 11 8149 1115 1112
i 2 8160 0 0 339837 39847
p 2 0 1118 7042 3002 2219
p 2 0 744 7416 2345 1842
p 2 2 362 7796 2308 1487
p 2 619 754 6787 24950 5238
p 2 0 822 7338 2815 1935
i 2 8160 0 0 203779 32855
p 2 0 1018 7142 2880 2112
p 2 0 726 7434 2185 1798
p 2 2 426 7732 1938 1542
p 2 0 465 7695 2046 1564
p 2 0 405 7755 2068 1506
p 2 2 448 7710 3224 1586
p 2 0 538 7622 3002 1680
p 2 0 383 7777 2596 1522
p 2 0 354 7806 2260 1468
p 2 0 145 8015 1391 1251
p 2 0 91 8069 1271 1190
p 2 0 103 8057 1837 1220
p 2 0 180 7980 1493 1274
p 2 0 74 8086 1268 1175
p 2 0 65 8095 1586 1178
p 2 0 89 8071 1311 1195
p 2 0 91 8069 1334 1189
p 2 0 530 7630 2942 1648
p 2 0 183 7977 1443 1278
p 2 0 252 7908 1652 1345
p 2 0 262 7898 2137 1375
p 2 0 458 7702 2425 1570
p 2 0 136 8024 1371 1237
p 2 0 80 8080 1780 1199
p 2 0 51 8109 1233 1155
p 2 0 99 8061 1292 1193
p 2 0 57 8103 1579 1175
p 2 0 40 8120 1180 1143
p 2 0 43 8117 1364 1163
p 2 0 132 8028 1368 1231
p 2 0 48 8112 1176 1146
p 2 0 36 8124 1158 1134
p 2 2 31 8127 1685 1152
p 2 0 42 8118 1179 1144
p 2 0 17 8143 1132 1119
p 2 0 45 8115 1706 1164
p 2 0 40 8120 1195 1142
p 2 0 24 8136 1153 1128
p 2 0 31 8129 1543 1149
p 2 0 38 8122 1179 1141
p 2 0 36 8124 1166 1136
p 2 0 29 8131 1667 1148
p 2 0 44 8116 1185 1146
p 2 0 27 8133 1155 1129
p 2 2 33 8125 1336 1163
p 2 0 51 8109 1200 1158
p 2 0 44 8116 1181 1142
p 2 3 25 8132 1868 1153
p 2 0 45 8115 1181 1145
p 2 0 117 8043 1337 1208
p 2 0 43 8117 1562 1158
p 2 0 61 8099 1226 1159
p 2 0 33 8127 1176 1136
p 2 0 39 8121 1683 1155
p 2 0 30 8130 1202 1130
p 2 0 36 8124 1179 1138
p 2 2 18 8140 1304 1149
p 2 0 22 8138 1142 1128
p 2 0 16 8144 1133 1118
p 2 3 14 8143 1853 1145
p 2 0 14 8146 1128 1116
p 2 0 3 8157 1107 1106
p 2 0 20 8140 1531 1139
p 2 0 27 8133 1171 1131
p 2 0 11 8149 1128 1115
p 2 0 17 8143 1643 1137
p 2 0 13 8147 1131 1116
p 2 0 3 8157 1110 1106
p 2 0 14 8146 1516 1131
p 2 0 11 8149 1132 1116
i 2 8160 0 0 168502 31258
p 2 0 1933 6227 3700 2859
p 2 0 1994 6166 3214 2808
p 2 6 846 7308 2985 1882
p 2 537 1493 6130 26248 5629
p 2 0 1066 7094 2866 2148
i 2 8160 0 0 215735 33340
p 2 0 1794 6366 3573 2805
p 2 0 1712 6448 3069 2634
p 2 0 1026 7134 3458 2112
p 2 0 1002 7158 2836 2032
p 2 0 563 7597 2096 1637
p 2 0 386 7774 2373 1479
p 2 0 201 7959 1389 1285
p 2 0 190 7970 1388 1275
p 2 4 203 7953 2046 1346
p 2 0 143 8017 1341 1237
p 2 0 69 8091 1232 1170
p 2 8 105 8047 2394 1258
p 2 0 104 8056 1309 1202
p 2 0 141 8019 1505 1248
p 2 0 87 8073 1864 1211
p 2 0 73 8087 1242 1172
p 2 0 65 8095 1214 1167
p 2 0 87 8073 2023 1210
p 2 0 258 7902 1600 1351
p 2 0 133 8027 1287 1227
p 2 4 103 8053 1593 1235
p 2 0 187 7973 1474 1279
p 2 0 212 7948 1567 1306
p 2 8 266 7886 2721 1418
p 2 0 296 7864 1901 1397
p 2 0 226 7934 1564 1320
p 2 0 104 8056 1881 1226
p 2 0 114 8046 1332 1216
p 2 0 98 8062 1354 1197
p 2 0 76 8084 2001 1205
p 2 0 68 8092 1199 1163
p 2 0 52 8108 1182 1153
p 2 4 63 8093 1533 1199
p 2 0 50 8110 1177 1154
p 2 0 45 8115 1192 1149
p 2 8 86 8066 2355 1242
p 2 0 62 8098 1193 1161
p 2 0 36 8124 1158 1136
p 2 0 53 8107 1810 1177
p 2 0 47 8113 1194 1153
p 2 0 41 8119 1216 1146
p 2 0 93 8067 1998 1216
p 2 0 61 8099 1200 1162
p 2 0 42 8118 1162 1144
p 2 0 37 8123 1155 1137
p 2 0 34 8126 1148 1136
p 2 0 21 8139 1129 1123
p 2 0 42 8118 1779 1167
p 2 3 21 8136 1414 1159
p 2 291 1543 6326 19233 3893
p 2 882 5444 1834 137569 13353
p 2 1394 5543 1223 166023 17448
i 2 8160 0 0 172734 34438
p 2 2325 4994 841 181133 22641
p 2 2292 5208 660 201085 23908
p 2 1680 5717 763 202338 22865
p 2 331 6742 1087 139718 16866
p 2 0 4691 3469 11383 7029
p 2 0 3027 5133 6021 4651
p 2 311 3036 4813 23144 6465
p 2 0 2607 5553 5251 3751
p 2 0 2141 6019 4715 3253
p 2 60 1407 6693 5790 2777
p 2 0 1173 6987 2844 2239
p 2 0 841 7319 2355 1924
p 2 885 1528 5747 29689 7784
p 2 0 1493 6667 3625 2675
p 2 0 1158 7002 3073 2284
p 2 3 865 7292 4436 2096
p 2 0 837 7323 3036 1957
p 2 0 576 7584 2228 1679
p 2 1027 1163 5970 26745 7724
p 2 0 1469 6691 3348 2646
p 2 0 1087 7073 2738 2185
p 2 60 993 7107 5281 2331
p 2 0 755 7405 2436 1840
p 2 0 588 7572 2148 1667
p 2 934 1044 6182 28184 7194
p 2 0 1301 6859 2944 2376
p 2 0 894 7266 2284 1979
p 2 3 738 7419 3823 1900
p 2 0 529 7631 1975 1626
p 2 0 574 7586 2203 1663
p 2 791 887 6482 25551 6330
p 2 0 1270 6890 3118 2389
p 2 0 908 7252 2480 2000
p 2 31 695 7434 2672 1974
p 2 0 512 7648 1811 1606
p 2 0 406 7754 1605 1479
p 2 939 814 6407 28070 7222
p 2 0 1254 6906 3121 2417
p 2 0 996 7164 2802 2114
p 2 4 837 7319 4102 2034
p 2 0 537 7623 1913 1647
p 2 0 311 7849 1590 1422
p 2 982 904 6274 27214 7272
p 2 0 1389 6771 3297 2545
p 2 0 941 7219 2424 2040
p 2 4 795 7361 3956 1962
p 2 0 522 7638 1874 1612
p 2 0 420 7740 1637 1479
p 2 976 896 6288 26375 7182
p 2 0 1176 6984 2765 2266
p 2 0 796 7364 2112 1888
p 2 48 667 7445 4369 1971
p 2 0 464 7696 1724 1537
p 2 0 395 7765 1632 1469
p 2 788 842 6530 25409 6256
p 2 0 1156 7004 2880 2287
p 2 0 880 7280 2285 1950
p 2 43 641 7476 2511 1952
p 2 0 432 7728 1702 1530
p 2 0 366 7794 1555 1446
p 2 950 717 6493 28229 7180
p 2 0 1150 7010 3006 2344
p 2 0 906 7254 2493 2045
p 2 1 726 7433 3963 1907
p 2 0 469 7691 1817 1583
p 2 0 346 7814 1600 1442
p 2 982 821 6357 26965 7217
p 2 0 1327 6833 3067 2489
p 2 0 921 7239 2368 2024
p 2 0 700 7460 1936 1758
p 2 0 435 7725 1690 1528
p 2 0 363 7797 1543 1434
p 2 932 744 6484 25559 6793
p 2 0 1114 7046 2669 2217
p 2 1 776 7383 3958 1954
p 2 0 583 7577 1848 1661
p 2 32 412 7716 2154 1688
i 2 8160 0 0 300637 39337
p 2 0 1613 6547 3463 2602
p 2 678 2866 4616 92385 10018
p 2 0 1344 6816 3929 2518
p 2 0 1155 7005 2919 2167
p 2 724 2535 4901 92073 9940
p 2 0 1668 6492 5270 2938
p 2 0 906 7254 2997 1997
p 2 788 2222 5150 89599 9909
p 2 0 1201 6959 3714 2365
p 2 0 932 7228 2853 1996
p 2 843 2450 4867 89971 10412
p 2 0 1645 6515 4911 2809
p 2 0 664 7496 2220 1760
p 2 0 838 7322 2882 1911
p 2 0 627 7533 2542 1711
p 2 0 494 7666 2448 1589
p 2 1 431 7728 2687 1546
p 2 0 295 7865 1664 1378
p 2 0 216 7944 1650 1313
p 2 0 192 7968 1870 1303
p 2 0 142 8018 1470 1238
p 2 0 663 7497 2786 1751
p 2 118 2347 5695 74486 6327
p 2 0 1725 6435 5821 2891
p 2 4 2187 5969 26543 4128
p 2 94 3122 4944 96188 7409
p 2 3 2286 5871 23475 4181
p 2 0 1482 6678 4509 2574
p 2 30 2979 5151 81226 6449
p 2 0 2099 6061 6772 3264
p 2 0 1042 7118 3744 2145
p 2 7 2260 5893 42024 4460
p 2 0 1121 7039 3799 2238
p 2 0 1114 7046 3785 2174
p 2 1 826 7333 3599 1910
p 2 0 895 7265 3683 1969
p 2 0 585 7575 2802 1674
p 2 0 641 7519 2832 1714
p 2 0 248 7912 1638 1341
p 2 0 160 8000 1455 1257
p 2 0 136 8024 1745 1248
p 2 0 216 7944 1756 1317
p 2 0 74 8086 1240 1176
p 2 0 74 8086 1245 1172
p 2 0 76 8084 1292 1178
p 2 0 295 7865 1940 1391
p 2 0 157 8003 1699 1264
p 2 0 258 7902 2060 1371
p 2 0 166 7994 1606 1269
p 2 0 201 7959 1763 1308
p 2 0 151 8009 1574 1253
p 2 107 1700 6353 59023 4901
p 2 0 1054 7106 4480 2217
p 2 21 1767 6372 43756 4156
p 2 0 852 7308 3377 2000
p 2 37 1613 6510 43269 4106
p 2 0 1401 6759 5536 2566
p 2 0 789 7371 3000 1875
p 2 1 352 7807 2424 1462
p 2 0 361 7799 1906 1446
p 2 0 324 7836 1952 1409
p 2 2 760 7398 3306 1875
p 2 0 267 7893 1554 1349
p 2 0 593 7567 2694 1687
p 2 3 872 7285 4628 2009
p 2 0 456 7704 2424 1556
p 2 0 361 7799 2458 1475
p 2 1 239 7920 1870 1354
p 2 0 80 8080 1246 1186
p 2 0 76 8084 1288 1176
p 2 3 78 8079 2050 1219
p 2 0 108 8052 1430 1209
p 2 0 93 8067 1406 1193
p 2 1 94 8065 1486 1218
p 2 0 38 8122 1174 1144
p 2 0 56 8104 1213 1157
p 2 3 47 8110 1964 1182
p 2 0 73 8087 1231 1168
p 2 0 39 8121 1176 1140
p 2 754 2160 5246 100432 9963
p 2 0 1363 6797 4397 2567
p 2 0 591 7569 2241 1691
p 2 679 2299 5182 97702 9741
p 2 0 1801 6359 6459 3089
p 2 0 988 7172 2946 2065
p 2 648 2087 5425 91221 9184
p 2 0 1747 6413 5713 3083
p 2 0 1155 7005 3652 2246
p 2 462 2113 5585 67370 7870
p 2 0 1195 6965 3716 2439
p 2 0 1104 7056 3478 2215
p 2 0 817 7343 3080 1922
p 2 0 721 7439 2504 1795
p 2 0 292 7868 1558 1383
p 2 0 266 7894 1568 1359
p 2 0 299 7861 1681 1384
p 2 88 1601 6471 48718 4451
p 2 0 762 7398 3131 1906
p 2 95 1487 6578 45907 4272
p 2 0 1249 6911 4678 2389
p 2 150 1842 6168 51142 4940
p 2 0 878 7282 3279 2028
p 2 155 2041 5964 52600 5235
p 2 0 2061 6099 7202 3263
p 2 2 878 7280 3539 2025
p 2 0 747 7413 2744 1816
p 2 4 673 7483 3477 1808
p 2 0 695 7465 2918 1775
p 2 0 233 7927 1575 1332
p 2 0 356 7804 2245 1464
p 2 0 341 7819 1986 1437
p 2 0 299 7861 1882 1395
p 2 2 197 7961 1902 1317
p 2 0 185 7975 1514 1272
p 2 0 162 7998 1569 1261
p 2 2 243 7915 2080 1373
p 2 0 95 8065 1330 1195
p 2 0 160 8000 1429 1249
p 2 4 120 8036 2077 1257
p 2 0 145 8015 1563 1245
p 2 0 98 8062 1260 1192
p 2 0 82 8078 1636 1204
p 2 0 86 8074 1299 1189
p 2 0 135 8025 1501 1233
p 2 2 76 8082 1733 1207
p 2 0 67 8093 1261 1167
p 2 0 51 8109 1250 1153
p 2 0 260 7900 2100 1379
p 2 0 143 8017 1414 1245
p 2 0 183 7977 1536 1279
p 2 1 238 7921 1950 1354
p 2 0 174 7986 1583 1280
p 2 0 62 8098 1221 1161
p 2 4 88 8068 1753 1222
p 2 0 67 8093 1284 1165
p 2 0 77 8083 1288 1180
p 2 2 64 8094 1668 1194
p 2 0 147 8013 1470 1244
p 2 0 73 8087 1276 1173
p 2 0 87 8073 1618 1205
p 2 0 52 8108 1211 1152
p 2 0 62 8098 1243 1163
p 2 2 52 8106 1659 1180
p 2 0 48 8112 1190 1147
p 2 0 52 8108 1224 1154
p 2 2 64 8094 1520 1196
p 2 0 35 8125 1171 1138
p 2 0 31 8129 1169 1133
p 2 4 27 8129 1800 1167
p 2 0 40 8120 1179 1141
p 2 0 26 8134 1167 1126
p 2 0 94 8066 1638 1210
p 2 0 70 8090 1257 1173
p 2 0 61 8099 1240 1162
p 2 2 88 8070 1724 1213
p 2 0 88 8072 1269 1185
p 2 0 91 8069 1369 1192
p 2 1 56 8103 1482 1180
p 2 0 29 8131 1150 1130
p 2 0 37 8123 1151 1134
p 2 4 40 8116 1791 1174
p 2 0 72 8088 1331 1175
p 2 0 75 8085 1447 1177
p 2 0 78 8082 1603 1198
p 2 0 64 8096 1287 1170
p 2 0 27 8133 1154 1128
p 2 2 24 8134 1558 1154
p 2 0 78 8082 1278 1176
p 2 0 23 8137 1142 1124
p 2 0 26 8134 1483 1145
p 2 0 25 8135 1157 1132
p 2 0 9 8151 1117 1113
p 2 1 14 8145 1339 1135
p 2 0 11 8149 1120 1116
p 2 0 15 8145 1125 1117
p 2 4 53 8103 1642 1188
p 2 0 17 8143 1145 1118
p 2 0 24 8136 1169 1125
p 2 2 43 8115 1639 1173
p 2 0 56 8104 1238 1156
p 2 0 60 8100 1287 1163
p 2 1 45 8114 1486 1172
p 2 0 36 8124 1189 1142
p 2 0 27 8133 1174 1132
p 2 4 32 8124 1810 1170
p 2 0 52 8108 1217 1153
p 2 0 49 8111 1205 1147
p 2 2 25 8133 1400 1160
p 2 0 30 8130 1157 1137
p 2 0 31 8129 1159 1133
p 2 4 29 8127 1781 1167
p 2 0 18 8142 1142 1120
p 2 0 20 8140 1137 1121
p 2 0 29 8131 1486 1150
p 2 0 24 8136 1152 1128
p 2 0 13 8147 1118 1115
p 2 2 18 8140 1552 1149
p 2 0 15 8145 1126 1117
p 2 0 7 8153 1113 1109
p 2 0 7 8153 1114 1109
p 2 0 9 8151 1119 1112
p 2 0 2 8158 1106 1104
p 2 0 19 8141 1449 1141
p 2 0 21 8139 1146 1124
p 2 1 19 8140 1373 1138
p 2 0 17 8143 1129 1121
p 2 0 12 8148 1123 1114
p 2 0 10 8150 1121 1111
p 2 0 7 8153 1118 1108
p 2 0 5 8155 1108 1107
p 2 0 4 8156 1105 1105
p 2 0 7 8153 1109 1108
p 2 0 4 8156 1106 1106
p 2 0 112 8048 1347 1209
p 2 177 993 6990 58815 4415
p 2 0 713 7447 2983 1851
p 2 168 1088 6904 54951 4467
p 2 0 781 7379 3116 1910
p 2 133 961 7066 50191 4089
p 2 0 732 7428 3016 1889
p 2 125 1115 6920 55224 4356
p 2 0 819 7341 3301 1966
p 2 0 390 7770 2090 1497
p 2 3 497 7660 2442 1614
p 2 0 291 7869 1773 1392
p 2 0 240 7920 1685 1339
p 2 5 205 7950 2272 1335
p 2 0 216 7944 1536 1305
p 2 0 178 7982 1458 1268
p 2 0 118 8042 1676 1229
p 2 0 83 8077 1280 1183
p 2 0 92 8068 1303 1192
p 2 114 2263 5783 79567 6228
p 2 0 1193 6967 4180 2355
p 2 0 657 7503 2710 1753
p 2 130 2389 5641 74886 6415
p 2 0 1597 6563 5459 2785
p 2 0 603 7557 2240 1691
p 2 156 2274 5730 80643 6493
p 2 0 1590 6570 5296 2780
p 2 0 1173 6987 3973 2267
p 2 94 1424 6642 48693 4177
p 2 0 820 7340 3129 1962
p 2 0 717 7443 2756 1795
p 2 86 1744 6330 48033 4360
p 2 0 946 7214 3492 2055
p 2 0 338 7822 1656 1416
p 2 0 244 7916 1904 1351
p 2 0 202 7958 1441 1292
p 2 0 6142 2018 45998 8937
p 2 0 2902 5258 8169 3992
p 2 0 1062 7098 2894 2115
p 2 0 742 7418 2331 1783
p 2 5 341 7814 2403 1461
p 2 0 265 7895 1524 1350
p 2 0 193 7967 1369 1277
p 2 3 360 7797 2064 1470
p 2 0 175 7985 1393 1268
p 2 0 164 7996 1404 1255
p 2 5 148 8007 2212 1283
p 2 0 96 8064 1306 1194
p 2 0 91 8069 1271 1188
p 2 1 141 8018 1770 1258
p 2 0 83 8077 1259 1184
p 2 0 52 8108 1199 1151
p 2 2 52 8106 1774 1182
p 2 0 66 8094 1236 1164
p 2 0 34 8126 1168 1136
p 2 0 38 8122 1176 1137
p 2 0 31 8129 1159 1132
i 2 8160 0 0 174275 33394
p 2 0 2833 5327 4707 3801
p 2 0 2521 5639 3887 3428
p 2 0 1227 6933 2456 2226
p 2 0 1282 6878 2344 2209
p 2 0 533 7627 1651 1565
p 2 0 656 7504 1733 1656
p 2 0 248 7912 1341 1309
p 2 0 315 7845 1379 1357
p 2 0 211 7949 1305 1280
p 2 0 236 7924 1340 1304
p 2 0 124 8036 1222 1208
p 2 9 173 7978 2082 1314
p 2 0 191 7969 1311 1259
p 2 0 112 8048 1210 1198
p 2 1 121 8038 1917 1248
p 2 0 111 8049 1228 1198
p 2 0 103 8057 1214 1185
p 2 5 178 7977 1581 1314
p 2 0 104 8056 1216 1196
p 2 0 83 8077 1184 1172
p 2 11 56 8093 2294 1234
p 2 0 78 8082 1288 1186
p 2 0 48 8112 1159 1149
p 2 0 68 8092 1841 1200
p 2 0 69 8091 1243 1173
p 2 0 74 8086 1223 1170
p 2 1 76 8083 1877 1213
p 2 0 72 8088 1189 1166
p 2 0 38 8122 1163 1138
p 2 0 96 8064 1276 1191
p 2 0 22 8138 1132 1125
p 2 0 46 8114 1171 1145
p 2 0 46 8114 1196 1149
p 2 0 57 8103 1201 1159
p 2 0 49 8111 1823 1182
p 2 0 47 8113 1171 1145
p 2 3 33 8124 1361 1179
p 2 0 51 8109 1169 1158
p 2 0 18 8142 1125 1122
p 2 0 28 8132 1135 1127
p 2 0 21 8139 1140 1125
p 2 8 49 8103 1979 1215
p 2 0 45 8115 1182 1145
p 2 0 21 8139 1128 1122
p 2 1 43 8116 1864 1183
p 2 0 42 8118 1179 1143
p 2 0 20 8140 1132 1122
p 2 6 42 8112 1351 1199
p 2 0 23 8137 1132 1129
p 2 0 45 8115 1138 1137
p 2 11 35 8114 2246 1210
p 2 0 81 8079 1182 1164
p 2 0 71 8089 1176 1161
p 2 0 59 8101 1791 1184
p 2 0 32 8128 1150 1131
p 2 0 38 8122 1144 1134
p 2 1 43 8116 1855 1183
p 2 0 28 8132 1151 1131
p 2 0 29 8131 1143 1131
p 2 6 28 8126 1332 1189
p 2 0 14 8146 1120 1119
p 2 0 11 8149 1118 1112
p 2 11 17 8132 2236 1196
p 2 0 17 8143 1133 1119
p 2 0 5 8155 1110 1108
p 2 0 26 8134 1762 1158
p 2 0 11 8149 1126 1114
p 2 0 11 8149 1119 1113
p 2 1 32 8127 1850 1173
p 2 0 27 8133 1182 1132
p 2 0 15 8145 1125 1118
p 2 6 28 8126 1348 1187
p 2 0 11 8149 1121 1119
p 2 0 10 8150 1117 1113
p 2 0 5 8155 1110 1108
p 2 0 6 8154 1108 1108
p 2 0 1 8159 1104 1104
p 2 11 16 8133 2238 1194
p 2 0 8 8152 1123 1110
p 2 0 5 8155 1109 1108
p 2 0 24 8136 1740 1152
p 2 0 14 8146 1137 1118
p 2 0 6 8154 1112 1108
p 2 1 31 8128 1836 1171
p 2 0 13 8147 1134 1116
p 2 0 12 8148 1118 1114
p 2 6 17 8137 1326 1179
p 2 0 10 8150 1120 1119
p 2 0 4 8156 1106 1106
i 2 8160 0 0 309226 36673
p 2 103 8003 54 97702 14603
p 2 23 8076 61 79354 13639
p 2 11 8087 62 92906 14298
p 2 19 8085 56 56843 12201
p 2 18 8090 52 64476 12333
p 2 19 8085 56 74635 13094
p 2 43 8059 58 79653 13201
p 2 23 8076 61 44663 10506
p 2 23 8066 71 80031 13097
p 2 23 8074 63 63685 12373
p 2 19 8081 60 69760 12786
p 2 29 8070 61 50469 11665
p 2 33 8071 56 67029 12431
p 2 47 8051 62 87279 13032
p 2 23 8083 54 46126 10762
p 2 31 8067 62 80645 12757
p 2 21 8085 54 70102 12412
p 2 19 8081 60 60793 11978
p 2 41 8057 62 73091 12466
p 2 38 8063 59 81865 12663
p 2 28 8075 57 47357 10821
p 2 88 8013 59 82531 12677
p 2 55 8035 70 91109 13276
p 2 102 8006 52 80077 12164
p 2 102 7999 59 81331 12809
p 2 98 8001 61 84744 12517
p 2 107 7992 61 86940 12552
p 2 112 7985 63 89488 12677
p 2 99 7989 72 75047 12083
p 2 81 8010 69 81007 12634
p 2 79 8003 78 77421 11988
p 2 67 8027 66 88958 12769
p 2 67 8019 74 84027 12845
p 2 98 7987 75 77434 12473
p 2 49 8037 74 81241 12805
p 2 33 8053 74 56259 11261
p 2 27 8064 69 60740 11907
p 2 28 8057 75 55759 11249
p 2 26 8044 90 64247 11942
p 2 20 8040 100 53504 11185
p 2 23 8058 79 51448 11508
p 2 10 8067 83 49200 11024
p 2 0 8074 86 56132 11706
p 2 0 8069 91 61085 11346
p 2 0 8065 95 55134 11148
p 2 1 8014 145 50139 10743
p 2 0 6616 1544 47090 9791
p 2 12 8047 101 28983 9941
p 2 28 8054 78 81580 13094
p 2 80 8013 67 70028 12725
p 2 93 8001 66 90519 14322
p 2 175 7924 61 90019 14174
p 2 423 7692 45 135926 16641
p 2 675 7448 37 153439 18026
p 2 1038 7067 55 183911 20183
p 2 1299 6785 76 206239 21705
p 2 1695 6394 71 224002 23207
p 2 1899 6184 77 247882 24252
p 2 2109 5914 137 272029 25651
p 2 2297 5742 121 262857 25746
i 2 8160 0 0 329767 38399
p 2 3969 4002 189 400394 35028
i 2 8160 0 0 104922 29352
p 2 3640 4502 18 172184 33436
p 2 3017 4447 696 195630 29139
p 2 1856 3686 2618 137857 19462
p 2 706 2993 4461 89614 11345
p 2 222 2457 5481 52619 6535
p 2 62 2127 5971 26206 4330
p 2 56 1752 6352 11830 3321
p 2 5 1490 6665 4815 2657
p 2 0 860 7300 2498 1943
p 2 0 658 7502 1939 1708
p 2 0 408 7752 1627 1487
p 2 0 295 7865 1468 1372
p 2 0 262 7898 1441 1336
p 2 0 214 7946 1374 1295
i 2 8160 0 0 100925 27715
p 2 4294 3807 59 183353 31729
p 2 2121 3959 2080 127816 20264
p 2 474 4047 3639 66525 11470
p 2 433 3219 4508 57667 9444
p 2 247 2444 5469 46595 6846
p 2 93 2115 5952 25311 4595
p 2 35 1540 6585 10863 3309
p 2 5 1538 6617 4830 2723
p 2 0 1295 6865 2988 2343
p 2 0 868 7292 2360 1917
p 2 0 621 7539 1977 1677
p 2 0 508 7652 1696 1556
p 2 0 279 7881 1432 1358
p 2 0 297 7863 1422 1358
i 2 8160 0 0 107092 30504
i 2 8160 0 0 161031 32660
p 2 2184 3740 2236 117591 23057
p 2 1378 3929 2853 114261 18547
p 2 1091 3075 3994 88301 14128
p 2 168 2948 5044 44150 7434
p 2 50 1976 6134 18129 4436
p 2 15 1557 6588 9726 3147
p 2 4 1285 6871 4590 2512
p 2 0 989 7171 2713 2109
p 2 0 527 7633 1890 1639
p 2 0 364 7796 1608 1463
p 2 0 263 7897 1477 1362
p 2 0 210 7950 1402 1309
p 2 0 140 8020 1301 1243
i 2 8160 0 0 319849 36877
p 2 33 7996 131 58411 12038
p 2 39 8006 115 70885 11252
p 2 76 7973 111 69882 11737
p 2 90 7977 93 74420 12248
p 2 130 7911 119 74826 12600
p 2 114 7947 99 82322 12633
p 2 116 7943 101 92065 12659
p 2 113 7948 99 84425 12530
p 2 95 7964 101 86150 12620
p 2 82 7989 89 80423 12549
p 2 79 8010 71 75446 12530
p 2 68 8010 82 51046 11399
p 2 65 8002 93 81461 13029
p 2 45 8040 75 58520 11694
p 2 39 8043 78 70270 12385
p 2 29 8056 75 51821 11011
p 2 37 8036 87 83236 13022
p 2 31 8051 78 51809 11536
p 2 35 8056 69 72533 12475
p 2 32 8056 72 67059 12058
p 2 36 8056 68 77248 12650
p 2 15 8075 70 71789 12723
p 2 17 8079 64 58792 11300
p 2 11 8087 62 65183 12552
p 2 12 8087 61 51386 11566
p 2 24 8067 69 84984 13357
p 2 15 8092 53 74119 12762
p 2 22 8086 52 54577 11687
p 2 16 8096 48 69991 12642
p 2 15 8091 54 75157 12533
p 2 9 8100 51 62463 12515
p 2 10 8100 50 61513 12517
i 2 8160 0 0 176472 31010
p 2 69 7573 518 57847 11557
p 2 40 7658 462 33549 10050
p 2 22 7665 473 45003 10437
p 2 37 7679 444 46278 10731
p 2 65 7643 452 52771 11047
p 2 27 7681 452 41883 10348
p 2 76 7613 471 56156 10846
p 2 38 7664 458 48337 10830
p 2 66 7649 445 61047 11332
p 2 43 7671 446 55902 11489
p 2 131 7615 414 70519 12019
p 2 44 7694 422 53469 11294
p 2 132 7616 412 79665 12322
p 2 54 7722 384 46639 10545
p 2 137 7643 380 74064 11601
p 2 60 7712 388 57298 11262
p 2 173 7609 378 82277 12054
p 2 59 7755 346 58900 11593
p 2 272 7530 358 93322 13068
p 2 53 7755 352 52143 10754
p 2 305 7511 344 98830 13454
p 2 86 7734 340 59313 11588
p 2 319 7513 328 100668 13281
p 2 68 7761 331 62647 11956
p 2 246 7608 306 100014 13371
p 2 77 7771 312 65580 11882
p 2 444 7434 282 113222 14125
p 2 73 7776 311 75990 13053
p 2 279 7599 282 99927 13113
p 2 62 7831 267 73369 13024
p 2 377 7531 252 118308 14818
p 2 82 7832 246 79475 13791
p 2 747 7189 224 130487 16176
p 2 116 7748 296 75741 12802
p 2 420 7488 252 119838 15011
p 2 144 7753 263 85089 14197
p 2 323 7572 265 121168 14771
p 2 97 7797 266 77085 12955
p 2 944 6999 217 158184 18564
p 2 187 7719 254 92248 14298
p 2 310 7622 228 136174 15750
p 2 170 7766 224 91592 14322
p 2 1440 6595 125 179321 20254
p 2 234 7572 354 107219 15271
p 2 776 7133 251 181036 18718
p 2 250 7527 383 124221 15281
i 2 8160 0 0 226190 34933
p 2 3881 3790 489 273462 31290
p 2 1959 5591 610 237185 25329
p 2 2491 5128 541 233675 25472
p 2 1008 6204 948 187792 19415
p 2 1973 5594 593 208131 23024
p 2 3233 3550 1377 212904 24422
p 2 0 2393 5767 6766 4166
p 2 1391 3975 2794 190897 17071
p 2 0 2617 5543 7479 4405
p 2 1516 3857 2787 209515 17803
p 2 0 2510 5650 7757 4170
p 2 2256 3453 2451 218130 20926
p 2 0 2126 6034 6820 3737
p 2 1234 4146 2780 204371 17166
p 2 0 2498 5662 8220 4391
p 2 1464 4338 2358 218869 18931
p 2 0 2506 5654 8016 4260
p 2 111 3398 4651 93055 8267
p 2 0 2894 5266 8027 4343
p 2 99 3065 4996 87443 7740
p 2 1 2321 5838 7896 3775
p 2 96 3082 4982 82707 7440
p 2 0 2271 5889 7055 3659
p 2 95 2779 5286 85781 7363
p 2 0 2032 6128 6388 3392
p 2 0 1093 7067 3609 2271
p 2 14 1650 6496 5146 2849
p 2 0 927 7233 2599 2025
p 2 0 749 7411 2450 1826
p 2 23 667 7470 4060 1882
p 2 0 848 7312 3290 1944
p 2 0 351 7809 1714 1439
p 2 14 419 7727 2435 1616
p 2 0 399 7761 2039 1490
p 2 0 621 7539 3174 1747
p 2 23 440 7697 3856 1672
p 2 0 327 7833 1938 1425
p 2 0 243 7917 1826 1350
p 2 4 348 7808 3275 1543
p 2 0 170 7990 1525 1282
p 2 0 148 8012 1414 1247
p 2 7 139 8014 2996 1326
p 2 0 175 7985 1606 1277
p 2 0 73 8087 1264 1175
p 2 0 73 8087 1256 1173
p 2 0 55 8105 1221 1156
p 2 0 93 8067 1314 1189
p 2 0 46 8114 1234 1149
p 2 3 96 8061 2303 1270
p 2 0 59 8101 1223 1167
p 2 5 61 8094 1563 1217
p 2 0 42 8118 1168 1147
p 2 0 18 8142 1134 1120
i 2 8160 0 0 274793 37425
p 2 0 1755 6405 3500 2749
p 2 0 1377 6783 2671 2356
p 2 0 579 7581 1746 1629
p 2 0 588 7572 1735 1629
p 2 0 309 7851 1523 1388
p 2 0 306 7854 1412 1366
p 2 0 144 8016 1276 1232
p 2 0 127 8033 1258 1215
p 2 0 114 8046 1361 1215
p 2 0 137 8023 1446 1245
p 2 0 153 8007 1564 1264
p 2 0 155 8005 1459 1254
p 2 0 85 8075 1307 1188
p 2 0 83 8077 1307 1182
p 2 10 119 8031 2143 1285
p 2 0 103 8057 1281 1200
p 2 0 41 8119 1173 1142
p 2 0 63 8097 1761 1182
p 2 0 78 8082 1234 1172
p 2 0 138 8022 1381 1237
p 2 2 111 8047 2186 1241
p 2 0 88 8072 1251 1183
p 2 0 73 8087 1256 1171
p 2 3 94 8063 1522 1235
p 2 0 92 8068 1241 1197
p 2 0 61 8099 1201 1160
p 2 10 70 8080 2027 1240
p 2 0 81 8079 1252 1176
p 2 0 42 8118 1170 1144
p 2 3 63 8094 1461 1204
p 2 0 58 8102 1229 1167
p 2 0 91 8069 1268 1192
p 2 10 44 8106 1961 1214
p 2 0 56 8104 1209 1158
p 2 0 65 8095 1253 1167
p 2 0 60 8100 1709 1183
p 2 0 94 8066 1214 1185
p 2 0 69 8091 1197 1166
p 2 2 64 8094 2135 1205
p 2 0 65 8095 1218 1162
p 2 0 28 8132 1142 1129
p 2 0 14 8146 1121 1115
p 2 0 14 8146 1136 1119
p 2 0 50 8110 1703 1172
p 2 0 33 8127 1158 1137
p 2 1 31 8128 1404 1155
p 2 0 76 8084 1179 1165
p 2 0 76 8084 1403 1176
p 2 0 73 8087 1188 1163
p 2 0 42 8118 1173 1144
p 2 0 54 8106 1445 1159
p 2 0 53 8107 1214 1154
p 2 0 49 8111 1225 1153
p 2 0 43 8117 1268 1152
p 2 0 17 8143 1132 1122
p 2 0 22 8138 1131 1123
p 2 0 16 8144 1445 1129
p 2 0 28 8132 1153 1130
p 2 0 34 8126 1166 1135
p 2 0 27 8133 1287 1135
p 2 0 16 8144 1123 1116
p 2 0 15 8145 1123 1119
p 2 0 17 8143 1357 1126
p 2 0 16 8144 1135 1118
p 2 0 13 8147 1125 1114
p 2 0 20 8140 1247 1133
p 2 0 29 8131 1166 1132
p 2 0 23 8137 1133 1122
p 2 0 11 8149 1438 1120
p 2 0 9 8151 1118 1111
p 2 0 30 8130 1154 1130
p 2 0 22 8138 1282 1130
p 2 0 34 8126 1151 1132
p 2 0 8 8152 1111 1111
p 2 0 20 8140 1359 1125
p 2 0 19 8141 1137 1121
p 2 0 18 8142 1145 1122
p 2 0 18 8142 1136 1118
p 2 0 26 8134 1167 1127
p 2 0 15 8145 1124 1116
p 2 0 13 8147 1116 1114
p 2 0 12 8148 1123 1114
p 2 0 12 8148 1134 1116
p 2 0 16 8144 1264 1122
p 2 0 3 8157 1107 1106
p 2 0 14 8146 1222 1122
p 2 0 8 8152 1112 1109
p 2 0 13 8147 1129 1114
p 2 0 11 8149 1128 1115
p 2 0 73 8087 1245 1173
p 2 0 90 8070 1297 1187
p 2 0 32 8128 1176 1134
p 2 699 421 7040 25896 4722
p 2 0 391 7769 1855 1472
p 2 0 167 7993 1320 1256
p 2 677 580 6903 40179 5434
p 2 0 538 7622 2289 1657
p 2 0 408 7752 1977 1504
p 2 955 759 6446 58510 7171
p 2 0 494 7666 2189 1628
p 2 0 281 7879 1645 1373
p 2 1154 831 6175 73233 8687
p 2 0 737 7423 3007 1887
p 2 0 350 7810 1624 1433
p 2 1278 938 5944 92162 9967
p 2 0 854 7306 3023 2036
p 2 0 411 7749 1902 1515
p 2 1309 1151 5700 101131 10730
p 2 0 894 7266 3342 2163
p 2 0 397 7763 1872 1513
p 2 1433 1201 5526 107123 11469
p 2 0 936 7224 3343 2132
p 2 0 418 7742 1852 1523
p 2 0 235 7925 1445 1340
p 2 0 198 7962 1439 1293
p 2 0 124 8036 1483 1233
i 2 8160 0 0 42760 24112
p 2 640 457 7063 23861 4792
p 2 1836 1131 5193 52698 12187
p 2 1978 2571 3611 68242 17564
p 2 2960 4555 645 101525 26913
p 2 597 6954 609 102755 23688
p 2 619 6935 606 100800 24125
p 2 529 7028 603 102187 24175
i 2 8160 0 0 113419 30275
p 2 2006 5090 1064 153421 24953
p 2 1753 5572 835 159033 24830
p 2 1499 5883 778 157783 23955
p 2 1319 6016 825 163416 23056
p 2 1110 6110 940 156060 21097
p 2 761 6180 1219 135250 18789
p 2 592 6060 1508 123435 16779
p 2 4 5478 2678 53393 9908
p 2 0 5297 2863 48370 9317
p 2 0 5277 2883 44892 8726
p 2 0 5347 2813 51486 8737
p 2 0 5382 2778 43895 8256
p 2 0 5297 2863 45831 8241
p 2 0 5183 2977 44126 8149
p 2 0 5101 3059 49645 8252
p 2 0 5084 3076 42605 7912
p 2 0 5031 3129 44553 7931
p 2 0 5021 3139 41948 7900
p 2 0 4938 3222 46707 7933
p 2 0 5000 3160 41387 7756
p 2 0 4995 3165 41558 7780
p 2 0 4997 3163 41989 7800
p 2 0 4988 3172 41472 7766
p 2 0 4923 3237 47306 7970
p 2 0 4939 3221 42138 7745
p 2 0 4894 3266 42498 7687
p 2 0 4831 3329 41558 7506
p 2 0 4841 3319 39033 7429
p 2 0 4786 3374 43730 7488
i 2 8160 0 0 446603 51900
p 2 4484 3646 30 538228 42996
p 2 4171 3961 28 530348 41269
p 2 3966 4162 32 516929 39659
p 2 4001 4114 45 519470 40089
p 2 4064 4065 31 515871 39978
p 2 3979 4152 29 502592 39327
p 2 3583 4547 30 485648 37712
p 2 3177 4966 17 478037 35793
p 2 2642 5492 26 412376 32363
p 2 2339 5806 15 448060 32291
p 2 2031 6122 7 431023 30463
p 2 1 8052 107 112223 16702
p 2 0 8022 138 110219 13458
p 2 1 8034 125 147654 14254
p 2 2 8021 137 108772 13769
p 2 0 8084 76 120945 13521
p 2 0 8086 74 122063 13747
p 2 2 8061 97 143244 14036
p 2 0 8108 52 121250 13584
p 2 0 8078 82 130317 13654
p 2 6 8088 66 130310 13817
p 2 0 8072 88 147020 13991
p 2 0 8100 60 129852 13823
p 2 1 8085 74 124892 13643
p 2 0 8103 57 128731 13800
p 2 0 8092 68 143025 14022
p 2 2 8105 53 128538 13729
p 2 0 8094 66 123106 13653
p 2 0 8111 49 123688 13690
p 2 3 8084 73 146568 14046
p 2 0 8102 58 117451 13573
p 2 0 8109 51 107037 13318
p 2 5 8087 68 121714 13609
p 2 0 8096 64 112011 13352
p 2 0 8076 84 133888 13815
p 2 1 8088 71 108334 13506
p 2 0 8094 66 106708 13284
p 2 0 8083 77 122390 13682
p 2 2 8096 62 115670 13705
p 2 0 8077 83 131555 13938
p 2 0 8106 54 113182 13668
p 2 0 8098 62 113624 13915
p 2 0 8110 50 111354 13804
p 2 0 8098 62 129391 14103
p 2 1 8100 59 111880 14169
p 2 0 8087 73 101100 13860
p 2 0 8092 68 100945 13917
p 2 0 8090 70 120746 14275
p 2 0 8097 63 84985 13247
p 2 0 8095 65 89588 13122
p 2 0 8080 80 92428 13278
p 2 0 8078 82 102628 13326
p 2 0 8089 71 65882 12180
p 2 0 8083 77 77573 12406
p 2 0 8082 78 59283 11926
p 2 0 8071 89 91610 12812
p 2 1 8074 85 74740 12380
p 2 0 8079 81 83333 12649
p 2 1 8102 57 109600 13871
p 2 14 8096 50 145062 14447
p 2 0 8068 92 94745 13467
p 2 0 8053 107 106824 13401
p 2 3 8033 124 113687 13621
p 2 0 8034 126 105874 13429
p 2 0 8052 108 133818 13785
p 2 1 8005 154 109591 13156
p 2 0 7945 215 113478 13255
p 2 0 7702 458 109989 13185
p 2 3 7573 584 75550 12349
p 2 0 7736 424 88660 12630
p 2 0 7598 562 61597 11628
p 2 2 3670 4488 14155 5235
p 2 0 3166 4994 11958 4575
p 2 0 1077 7083 4510 2289
p 2 5 1518 6637 6650 2758
p 2 0 1614 6546 6285 2819
p 2 0 1300 6860 5297 2486
p 2 1 514 7645 3231 1676
p 2 0 743 7417 3277 1883
p 2 0 797 7363 3643 1934
p 2 3 950 7207 5382 2151
p 2 0 765 7395 3945 1935
p 2 0 6415 1745 29721 8880
p 2 2 6421 1737 42603 9455
p 2 0 3691 4469 13699 5173
p 2 0 2133 6027 11402 3626
p 2 5 1411 6744 6632 2637
p 2 0 655 7505 3117 1797
p 2 0 680 7480 3176 1817
p 2 1 739 7420 4182 1907
p 2 0 735 7425 3685 1871
p 2 0 625 7535 3869 1774
p 2 3 580 7577 3595 1732
p 2 0 226 7934 1757 1335
p 2 0 232 7928 1751 1343
p 2 1 254 7905 2417 1398
p 2 0 555 7605 2589 1663
p 2 0 320 7840 2259 1441
p 2 1 254 7905 2193 1392
p 2 0 122 8038 1456 1234
p 2 0 130 8030 1453 1234
p 2 1 147 8012 2219 1273
p 2 0 177 7983 1559 1274
p 2 0 82 8078 1312 1186
p 2 3 105 8052 2291 1246
p 2 0 129 8031 1491 1231
p 2 0 1957 6203 6724 3145
p 2 1 1775 6384 7889 3062
p 2 0 796 7364 3631 1945
p 2 0 624 7536 2907 1738
p 2 3 588 7569 3973 1762
p 2 0 1430 6730 7570 2694
p 2 0 772 7388 3943 1932
p 2 2 397 7761 2534 1549
p 2 0 167 7993 1623 1288
p 2 0 137 8023 1576 1243
p 2 5 129 8026 2537 1277
p 2 0 234 7926 2032 1343
p 2 0 206 7954 1898 1322
p 2 1 136 8023 2033 1263
p 2 0 65 8095 1296 1169
p 2 0 67 8093 1322 1175
p 2 3 93 8064 2255 1233
p 2 0 90 8070 1374 1193
p 2 0 54 8106 1265 1163
p 2 2 74 8084 1599 1214
p 2 0 74 8086 1357 1186
p 2 0 627 7533 2643 1731
p 2 5 485 7670 3344 1634
p 2 0 419 7741 2234 1525
p 2 0 480 7680 2528 1596
p 2 2 195 7963 1922 1341
p 2 0 155 8005 1574 1263
p 2 0 270 7890 1812 1373
p 2 5 92 8063 2316 1237
p 2 0 54 8106 1260 1157
p 2 0 70 8090 1291 1173
p 2 1 88 8071 1840 1212
p 2 0 63 8097 1270 1168
p 2 0 25 8135 1159 1130
p 2 3 31 8126 2052 1170
p 2 0 25 8135 1157 1127
p 2 0 27 8133 1157 1127
p 2 0 36 8124 1179 1138
p 2 0 52 8108 1234 1153
p 2 1 59 8100 1783 1187
p 2 0 53 8107 1246 1158
p 2 1 46 8113 1494 1182
i 2 8160 0 0 253559 35799
p 2 0 979 7181 2806 2118
p 2 0 737 7423 2327 1871
p 2 19 3279 4862 82641 7632
p 2 0 1980 6180 6057 3208
p 2 0 742 7418 2689 1879
p 2 135 3200 4825 87717 8170
p 2 0 2147 6013 7103 3483
p 2 0 958 7202 3163 2097
p 2 695 3446 4019 110564 11346
p 2 0 2065 6095 6493 3400
p 2 0 954 7206 2977 2104
p 2 840 3564 3756 128237 12425
p 2 0 2309 5851 7054 3663
p 2 540 3436 4184 110137 10598
p 2 0 2139 6021 6749 3474
p 2 469 3582 4109 107179 10274
p 2 0 2468 5692 7589 3762
p 2 35 1415 6710 5295 2769
p 2 0 567 7593 2249 1705
p 2 0 539 7621 2201 1638
p 2 47 512 7601 4645 1848
p 2 0 708 7452 3216 1832
p 2 0 354 7806 1911 1465
p 2 12 461 7687 4452 1706
p 2 0 404 7756 2353 1520
p 2 0 476 7684 2630 1600
p 2 13 308 7839 4187 1551
p 2 0 229 7931 1702 1344
p 2 0 183 7977 1670 1298
p 2 36 395 7729 3412 1729
p 2 0 150 8010 1579 1266
p 2 0 205 7955 1679 1311
p 2 29 231 7900 3644 1494
p 2 0 222 7938 1701 1323
p 2 0 134 8026 1438 1240
p 2 13 166 7981 3905 1407
p 2 0 127 8033 1438 1241
p 2 0 157 8003 1630 1267
p 2 36 202 7922 2675 1523
p 2 0 207 7953 1636 1317
p 2 0 117 8043 1380 1225
p 2 74 152 7934 4511 1641
p 2 0 151 8009 1452 1257
p 2 0 165 7995 1520 1267
p 2 143 335 7682 7963 2379
p 2 0 228 7932 1573 1358
p 2 0 204 7956 1566 1311
p 2 92 390 7678 8369 2252
p 2 0 248 7912 1643 1380
p 2 0 149 8011 1390 1254
p 2 42 248 7870 3563 1703
p 2 0 130 8030 1347 1250
p 2 0 103 8057 1307 1208
p 2 6 163 7991 2121 1379
p 2 13 234 7913 3843 1511
p 2 0 127 8033 1415 1248
p 2 19 125 8016 2309 1353
p 2 0 135 8025 1456 1248
p 2 0 71 8089 1261 1171
p 2 0 27 8133 1154 1131
p 2 0 45 8115 1207 1149
p 2 0 21 8139 1144 1125
p 2 0 657 7503 2623 1743
p 2 0 161 7999 1400 1257
p 2 0 4792 3368 48302 7696
i 2 8160 0 0 258470 36062
p 2 4380 3025 755 314249 32570
p 2 4467 3207 486 311022 32541
p 2 4196 3517 447 323579 32008
p 2 3349 4362 449 336635 30231
p 2 1946 5491 723 297356 24953
p 2 1004 5212 1944 194723 17329
p 2 654 5264 2242 167244 14988
p 2 362 5233 2565 156226 13332
p 2 74 4747 3339 110595 10362
p 2 0 2649 5511 8061 4294
p 2 0 1771 6389 5260 3084
p 2 4 1588 6568 6505 2902
p 2 0 1944 6216 6044 3101
p 2 0 1393 6767 4249 2505
p 2 24 1201 6935 4951 2478
p 2 0 669 7491 2401 1769
p 2 0 511 7649 2302 1612
p 2 35 498 7627 4558 1792
p 2 0 746 7414 3344 1859
p 2 0 305 7855 1724 1394
p 2 7 593 7560 4533 1802
p 2 0 615 7545 3140 1738
p 2 0 515 7645 2964 1633
p 2 8 529 7623 4377 1732
p 2 0 218 7942 1666 1323
p 2 0 219 7941 1599 1314
p 2 8 237 7915 3012 1444
p 2 0 1109 7051 4354 2238
p 2 0 722 7438 3077 1840
p 2 11 819 7330 3885 2024
p 2 0 852 7308 3997 1994
p 2 0 544 7616 2736 1658
p 2 18 468 7674 4340 1690
p 2 0 293 7867 1914 1394
p 2 0 279 7881 2031 1389
p 2 8 304 7848 3511 1503
p 2 0 153 8007 1424 1255
p 2 0 122 8038 1382 1220
p 2 8 170 7982 2872 1370
p 2 0 174 7986 1517 1273
p 2 0 94 8066 1294 1195
p 2 8 173 7979 3179 1376
p 2 0 145 8015 1551 1249
p 2 0 162 7998 1495 1259
p 2 24 142 7994 1939 1388
p 2 0 127 8033 1416 1236
p 2 0 124 8036 1472 1225
p 2 35 123 8002 3549 1410
p 2 0 116 8044 1395 1216
p 2 0 134 8026 1417 1236
p 2 8 107 8045 2670 1306
p 2 0 78 8082 1295 1184
p 2 0 115 8045 1405 1212
p 2 5 183 7972 3211 1366
p 2 0 154 8006 1485 1250
p 2 0 157 8003 1522 1256
p 2 24 128 8008 1856 1374
p 2 0 44 8116 1191 1153
p 2 0 51 8109 1206 1150
p 2 35 64 8061 3387 1350
p 2 0 78 8082 1334 1182
p 2 0 70 8090 1365 1175
p 2 8 101 8051 2613 1306
p 2 0 51 8109 1224 1164
p 2 0 27 8133 1162 1130
p 2 8 82 8070 2985 1285
p 2 0 83 8077 1294 1181
p 2 0 37 8123 1170 1137
p 2 25 69 8066 1728 1321
p 2 0 54 8106 1236 1164
p 2 0 73 8087 1269 1176
p 2 35 88 8037 3447 1373
p 2 0 83 8077 1316 1185
p 2 0 89 8071 1352 1190
p 2 8 88 8064 2652 1292
p 2 0 44 8116 1178 1145
p 2 0 20 8140 1139 1122
p 2 8 64 8088 2902 1268
p 2 0 139 8021 1430 1239
p 2 0 68 8092 1243 1166
p 2 240 202 7718 14732 2661
p 2 1054 519 6587 41392 7219
i 2 8160 0 0 271671 38331
p 2 1920 2485 3755 92805 15266
p 2 0 2828 5332 5577 4070
p 2 3026 2274 2860 209588 22232
p 2 770 2684 4706 109681 10872
p 2 219 1840 6101 31025 4983
p 2 0 769 7391 2847 1920
p 2 1794 3446 2920 198454 18447
p 2 0 2243 5917 6993 3666
p 2 1932 2843 3385 194954 18168
p 2 0 2060 6100 6633 3487
p 2 1934 2795 3431 199904 18336
p 2 0 2113 6047 6628 3469
p 2 1068 3071 4021 189013 14903
p 2 0 2173 5987 7265 3645
p 2 741 3983 3436 183556 14065
p 2 0 2423 5737 8510 3890
p 2 0 978 7182 6161 2244
p 2 0 1273 6887 3972 2376
p 2 0 1182 6978 6397 2350
p 2 0 755 7405 3212 1863
p 2 0 454 7706 4535 1631
p 2 0 431 7729 2163 1530
p 2 0 461 7699 4889 1637
p 2 0 1174 6986 4787 2290
p 2 0 900 7260 6532 2097
p 2 0 758 7402 3265 1854
p 2 0 779 7381 6028 1956
p 2 0 475 7685 2515 1572
p 2 0 296 7864 4408 1468
p 2 0 272 7888 1887 1371
p 2 0 299 7861 4508 1475
p 2 0 200 7960 1701 1298
p 2 0 207 7953 4090 1377
p 2 0 132 8028 1453 1233
p 2 0 175 7985 4020 1348
p 2 0 146 8014 1468 1246
p 2 0 161 7999 3905 1336
p 2 0 99 8061 1354 1202
p 2 0 139 8021 3910 1314
p 2 0 86 8074 1322 1189
p 2 0 135 8025 3863 1311
i 2 8160 0 0 22578 22578
p 2 0 0 8160 1102 1102
p 2 0 0 8160 1102 1102
p 2 0 0 8160 1102 1102
i 2 8160 0 0 98403 29403
p 2 6094 2066 0 162756 33923
p 2 5651 2509 0 181477 33478
p 2 5013 3147 0 219408 33367
p 2 5231 2929 0 302148 35684
p 2 498 6752 910 152095 17631
p 2 102 7384 674 84428 13810
p 2 91 7549 520 68352 12741
p 2 66 7695 399 78263 13529
p 2 117 7683 360 63353 12108
p 2 343 7569 248 78630 13576
p 2 1625 6355 180 147935 21866
p 2 1617 6417 126 163414 22582
p 2 214 7853 93 86209 15225
p 2 1473 6571 116 191252 22207
p 2 792 7229 139 185032 20105
p 2 190 7816 154 97654 14812
p 2 177 7817 166 67779 12898
p 2 137 7877 146 84940 14948
p 2 81 7939 140 72825 13756
p 2 685 7332 143 97069 16392
p 2 1041 6992 127 96142 16360
p 2 1070 6979 111 118720 18496
p 2 83 7969 108 60446 13275
i 2 8160 0 0 277140 39289
p 2 3738 4079 343 353179 34934
p 2 2792 5102 266 356149 32354
p 2 973 6983 204 183222 21577
p 2 373 7597 190 118478 17466
p 2 254 7687 219 101419 15688
p 2 653 7316 191 96598 15689
p 2 675 7315 170 91998 17056
p 2 151 7807 202 82253 14927
p 2 918 6973 269 155907 19103
p 2 501 7260 399 128443 16431
p 2 149 7542 469 101835 14457
p 2 64 7549 547 98893 13974
p 2 75 7523 562 96081 13892
p 2 52 7361 747 95045 13413
p 2 63 7291 806 84371 13066
p 2 18 7181 961 81302 12585
p 2 0 6963 1197 85635 12550
p 2 0 3608 4552 10072 5087
p 2 0 1756 6404 4582 2912
p 2 0 1532 6628 4228 2655
p 2 0 760 7400 2421 1855
p 2 0 603 7557 2319 1703
p 2 0 672 7488 2667 1772
p 2 0 380 7780 1880 1475
p 2 0 303 7857 1656 1392
p 2 0 176 7984 1475 1278
p 2 0 189 7971 1510 1285
p 2 0 82 8078 1307 1187
p 2 0 103 8057 1311 1205
p 2 0 93 8067 1287 1195
p 2 0 249 7911 1622 1345
p 2 409 299 7452 21453 3579
p 2 566 622 6972 35319 5339
p 2 812 861 6487 52600 7353
p 2 1039 1100 6021 74172 9390
p 2 1277 1312 5571 95017 11430
p 2 1066 1921 5173 107573 11809
p 2 681 2644 4835 106849 11160
p 2 662 3112 4386 121566 11836
p 2 657 3516 3987 132811 12582
p 2 588 4035 3537 143786 13268
p 2 589 4470 3101 155573 14166
p 2 412 5110 2638 155141 14293
p 2 371 5576 2213 158106 14885
p 2 445 5924 1791 160876 15546
p 2 403 6441 1316 166422 15672
p 2 345 6947 868 164867 15753
p 2 352 7201 607 163332 16076
p 2 1 7302 857 135796 12883
p 2 72 5000 3088 27270 7164
p 2 0 2286 5874 6407 3413
p 2 29 2908 5223 20318 4513
p 2 0 1857 6303 5619 2948
p 2 86 1079 6995 11235 2814
p 2 0 948 7212 3292 2071
p 2 125 982 7053 15490 2852
p 2 0 2473 5687 9833 3692
p 2 2009 3918 2233 199457 18721
p 2 18 3047 5095 18941 4795
p 2 1076 3193 3891 173678 13722
p 2 0 1830 6330 6189 3286
p 2 1147 2562 4451 177011 13546
p 2 0 2043 6117 7535 3427
p 2 2041 2523 3596 194220 17506
p 2 57 2046 6057 10705 3842
p 2 1923 2310 3927 187522 16556
p 2 0 1847 6313 6286 3164
p 2 1150 2338 4672 174731 13199
p 2 0 1704 6456 6452 3055
p 2 1138 2380 4642 174290 13188
p 2 60 1792 6308 10805 3632
p 2 1963 1981 4216 190093 16625
p 2 0 1571 6589 5336 2877
p 2 2039 1875 4246 190232 16630
p 2 0 1502 6658 6037 2819
p 2 1067 2222 4871 172098 12644
p 2 21 1731 6408 13142 3474
p 2 1140 2049 4971 173912 12939
p 2 0 1480 6680 5421 2883
p 2 2046 1759 4355 194944 16829
p 2 0 1390 6770 4933 2693
p 2 2005 1505 4650 185779 16032
p 2 0 1371 6789 5099 2702
p 2 1068 2080 5012 171034 12541
p 2 0 1510 6650 5634 2935
p 2 1137 1831 5192 172553 12644
p 2 0 1323 6837 4964 2674
p 2 2022 1434 4704 189302 16225
p 2 0 1297 6863 4894 2618
i 2 8160 0 0 166065 30440
p 2 223 7746 191 91806 15428
p 2 177 7789 194 94609 15446
p 2 132 7829 199 81027 14763
p 2 120 7844 196 92593 14870
p 2 103 7870 187 74544 14160
p 2 110 8045 5 128602 15207
p 2 80 8043 37 85806 14306
p 2 124 7955 81 102334 14816
p 2 79 7979 102 87428 14075
p 2 103 7951 106 104732 14251
p 2 76 7992 92 109534 14376
p 2 193 7954 13 138986 15666
p 2 232 7893 35 104549 14443
p 2 228 7843 89 107417 14659
p 2 207 7857 96 105018 14415
p 2 193 7864 103 113650 14718
p 2 212 7835 113 104663 14208
p 2 219 7929 12 134686 14580
p 2 170 7952 38 106702 14010
p 2 148 7923 89 114423 14240
p 2 188 7857 115 106054 13744
p 2 177 7867 116 107975 13765
p 2 147 7852 161 103561 13600
p 2 165 7950 45 131586 13651
p 2 106 7992 62 108517 13417
p 2 141 7915 104 93466 12571
p 2 90 7876 194 93168 12268
p 2 129 7731 300 86827 11999
p 2 97 7579 484 79505 11641
p 2 127 5469 2564 75792 8484
p 2 92 4533 3535 33922 6967
p 2 120 3560 4480 35022 6088
p 2 97 2970 5093 32405 5385
p 2 120 2603 5437 28834 5050
p 2 93 1675 6392 26692 3891
p 2 183 2171 5806 67572 5032
p 2 154 2091 5915 32002 4718
p 2 122 1871 6167 28324 4343
p 2 170 1997 5993 29025 4753
p 2 181 1939 6040 31329 4837
p 2 154 1952 6054 32955 4705
p 2 113 1739 6308 30118 4278
p 2 150 1562 6448 29079 4138
p 2 190 1574 6396 31528 4403
p 2 142 1616 6402 30001 4229
p 2 112 1478 6570 26878 3828
p 2 141 1297 6722 26199 3762
p 2 148 2501 5511 24932 4933
p 2 81 1663 6416 23884 3775
p 2 106 1636 6418 25267 3890
p 2 74 1821 6265 25807 3915
p 2 127 2107 5926 29820 4549
p 2 91 1810 6259 29746 4111
p 2 127 892 7141 25986 3316
p 2 78 1023 7059 25538 3129
p 2 127 1339 6694 27905 3753
p 2 80 1322 6758 28170 3541
p 2 120 834 7206 25821 3236
p 2 79 790 7291 25521 2918
p 2 217 827 7116 30262 3802
p 2 17 964 7179 27815 2725
p 2 137 970 7053 29305 3521
p 2 48 963 7149 27103 2894
p 2 121 898 7141 30061 3273
p 2 30 752 7378 29917 2658
p 2 139 695 7326 30143 3250
p 2 25 830 7305 24338 2550
p 2 114 774 7272 26877 3078
p 2 25 668 7467 26641 2448
p 2 144 665 7351 26945 3176
p 2 8 724 7428 21355 2285
p 2 217 1217 6726 27761 4068
p 2 105 1473 6582 28970 3761
p 2 90 1253 6817 30240 3520
p 2 85 837 7238 29500 3098
p 2 101 1158 6901 27876 3485
p 2 106 1232 6822 27337 3492
p 2 91 837 7232 28841 3082
p 2 86 1069 7005 30979 3337
p 2 108 943 7109 26312 3257
p 2 101 865 7194 26407 3131
p 2 131 859 7170 29647 3446
p 2 105 855 7200 31214 3361
p 2 110 946 7104 28207 3360
p 2 98 857 7205 28217 3155
p 2 85 851 7224 31576 3162
p 2 85 965 7110 31859 3313
p 2 102 931 7127 28024 3221
p 2 96 826 7238 27476 3049
p 2 90 1005 7065 30644 3301
p 2 90 937 7133 30637 3243
p 2 104 806 7250 26557 3093
p 2 108 661 7391 26157 2919
p 2 85 966 7109 30417 3240
p 2 83 859 7218 30508 3086
p 2 251 1061 6848 37947 4428
p 2 122 1361 6677 34679 4034
p 2 84 1151 6925 32908 3558
p 2 121 965 7074 33398 3513
p 2 133 999 7028 34138 3633
p 2 117 1067 6976 34835 3635
p 2 88 804 7268 31624 3118
p 2 110 826 7224 30157 3250
p 2 135 916 7109 30470 3442
p 2 111 861 7188 31432 3352
p 2 79 948 7133 29349 3179
p 2 118 868 7174 28053 3252
p 2 134 809 7217 26506 3254
p 2 122 710 7328 27632 3130
p 2 83 679 7398 25435 2863
p 2 109 597 7454 25529 2892
p 2 129 627 7404 25848 3067
p 2 140 635 7385 29122 3219
p 2 89 725 7346 27926 2971
p 2 125 697 7338 27758 3110
p 2 129 775 7256 28953 3231
p 2 120 737 7303 30346 3178
p 2 96 850 7214 29589 3116
p 2 101 1303 6756 30664 3618
p 2 203 857 7100 30847 3711
p 2 92 1378 6690 30212 3665
p 2 112 1069 6979 26532 3386
p 2 102 868 7190 24837 3091
p 2 170 710 7280 26742 3287
p 2 91 684 7385 26726 2935
p 2 109 841 7210 26154 3177
p 2 78 903 7179 25749 3025
p 2 170 717 7273 27653 3331
p 2 88 803 7269 28643 3101
p 2 109 801 7250 28433 3170
p 2 92 671 7397 25528 2883
p 2 142 664 7354 30544 3220
p 2 81 662 7417 29709 2851
p 2 102 691 7367 29002 2996
p 2 87 655 7418 26344 2866
p 2 156 747 7257 31220 3339
p 2 90 726 7344 27517 2931
p 2 104 793 7263 28048 3109
p 2 75 749 7336 27283 2884
p 2 165 678 7317 26350 3247
p 2 94 584 7482 24085 2748
p 2 116 518 7526 25755 2757
p 2 96 510 7554 26154 2750
p 2 132 820 7208 23411 3126
p 2 95 782 7283 25148 2949
p 2 116 610 7434 24955 2879
p 2 107 666 7387 24729 2899
p 2 137 682 7341 28667 3137
p 2 114 611 7435 29672 2975
p 2 128 534 7498 27584 2983
p 2 104 529 7527 25206 2728
p 2 145 547 7468 28003 2991
p 2 127 556 7477 28730 2943
p 2 127 613 7420 26004 2974
p 2 103 698 7359 25287 2920
p 2 150 558 7452 26882 3069
p 2 120 707 7333 26964 3074
p 2 108 724 7328 26882 3074
p 2 107 609 7444 25610 2890
p 2 149 757 7254 27651 3323
p 2 118 816 7226 27527 3181
p 2 120 602 7438 26643 2977
p 2 129 738 7293 28320 3258
p 2 160 668 7332 28689 3317
p 2 131 679 7350 28882 3178
p 2 113 992 7055 30610 3399
p 2 104 882 7174 28777 3210
p 2 136 1392 6632 36295 3962
p 2 113 1256 6791 33614 3671
p 2 100 764 7296 27023 3066
p 2 102 632 7426 27304 2836
p 2 142 790 7228 28181 3261
p 2 111 736 7313 28515 3079
p 2 120 706 7334 27316 3075
p 2 99 622 7439 24916 2836
p 2 160 990 7010 29808 3654
p 2 125 906 7129 28963 3382
p 2 127 672 7361 27555 3182
p 2 86 606 7468 27695 2828
p 2 197 670 7293 31282 3546
p 2 160 730 7270 31343 3372
p 2 154 842 7164 31368 3471
p 2 144 846 7170 32854 3480
p 2 139 836 7185 33839 3425
p 2 170 655 7335 30657 3307
p 2 160 691 7309 33169 3346
p 2 141 725 7294 34020 3381
p 2 163 774 7223 29865 3400
p 2 185 709 7266 26075 3332
p 2 171 1007 6982 30396 3644
p 2 146 870 7144 30069 3439
p 2 179 1205 6776 29410 3986
p 2 172 1138 6850 31110 3836
p 2 185 763 7212 30075 3443
p 2 154 735 7271 28598 3242
p 2 139 853 7168 31706 3345
p 2 162 887 7111 32859 3592
p 2 163 1018 6979 34060 3654
p 2 163 791 7206 28565 3279
p 2 145 982 7033 29587 3479
p 2 162 877 7121 29984 3509
p 2 167 929 7064 28602 3528
p 2 140 878 7142 28700 3286
p 2 187 648 7325 28311 3332
p 2 95 724 7341 29385 2991
p 2 141 819 7200 27116 3316
p 2 86 764 7310 25965 2923
p 2 134 643 7383 28313 3098
p 2 82 644 7434 30302 2865
p 2 115 668 7377 26866 3063
p 2 89 769 7302 25674 2912
p 2 133 754 7273 30578 3186
p 2 89 823 7248 28101 3035
p 2 126 539 7495 27393 2974
p 2 63 560 7537 25799 2571
p 2 212 818 7130 33583 3673
p 2 93 886 7181 29765 3126
p 2 128 811 7221 28402 3226
p 2 99 547 7514 25354 2783
p 2 168 520 7472 28313 3186
p 2 101 717 7342 27585 3041
p 2 123 601 7436 28450 3033
p 2 100 548 7512 26197 2823
p 2 171 549 7440 29357 3173
p 2 101 590 7469 29539 2865
p 2 112 535 7513 29353 2904
p 2 79 536 7545 28191 2675
p 2 115 473 7572 31101 2809
p 2 85 486 7589 28507 2688
p 2 129 524 7507 31340 3049
p 2 78 542 7540 27366 2673
p 2 120 456 7584 30160 2807
p 2 84 435 7641 29775 2628
p 2 154 431 7575 30375 3050
p 2 89 471 7600 26763 2639
p 2 125 453 7582 29097 2807
p 2 90 453 7617 29583 2660
p 2 153 439 7568 30125 3018
i 2 8160 0 0 335918 41532
p 2 0 1419 6741 3419 2518
p 2 0 984 7176 2539 2076
p 2 0 406 7754 1689 1503
p 2 0 346 7814 1583 1430
p 2 0 217 7943 1696 1325
p 2 0 235 7925 1620 1332
p 2 0 193 7967 1727 1307
p 2 0 151 8009 1521 1251
p 2 0 88 8072 1297 1188
p 2 0 134 8026 1392 1235
p 2 0 76 8084 1255 1173
p 2 0 118 8042 1641 1225
p 2 0 108 8052 1325 1211
p 2 0 70 8090 1210 1169
p 2 1 66 8093 1438 1178
p 2 0 49 8111 1210 1150
p 2 0 75 8085 1273 1179
p 2 0 44 8116 1356 1152
p 2 0 47 8113 1209 1151
p 2 0 52 8108 1200 1153
p 2 1 107 8052 1633 1222
p 2 0 44 8116 1199 1147
p 2 0 32 8128 1172 1138
p 2 0 155 8005 1616 1266
p 2 0 118 8042 1416 1226
p 2 0 135 8025 1419 1233
p 2 1 185 7974 1854 1295
p 2 0 171 7989 1436 1266
p 2 0 62 8098 1190 1162
p 2 0 93 8067 1456 1197
p 2 0 111 8049 1351 1210
p 2 0 104 8056 1301 1202
p 2 1 65 8094 1429 1175
p 2 0 65 8095 1238 1166
p 2 0 75 8085 1272 1178
p 2 0 96 8064 1448 1205
p 2 0 55 8105 1202 1159
p 2 0 67 8093 1219 1165
p 2 0 70 8090 1490 1176
p 2 0 80 8080 1254 1181
p 2 0 41 8119 1166 1144
p 2 1 64 8095 1441 1175
p 2 0 57 8103 1221 1156
p 2 0 48 8112 1206 1148
p 2 0 30 8130 1322 1142
p 2 0 35 8125 1175 1139
p 2 0 31 8129 1173 1133
p 2 1 77 8082 1568 1194
p 2 0 49 8111 1211 1153
p 2 0 48 8112 1212 1151
p 2 0 59 8101 1407 1165
p 2 0 47 8113 1237 1153
p 2 0 77 8083 1287 1181
p 2 1 93 8066 1554 1208
p 2 0 115 8045 1425 1218
p 2 0 73 8087 1261 1174
p 2 0 49 8111 1210 1152
p 2 0 35 8125 1183 1138
p 2 0 48 8112 1246 1149
p 2 0 75 8085 1640 1190
p 2 0 41 8119 1350 1151
p 2 2 42 8116 1434 1174
p 2 0 64 8096 1410 1175
p 2 0 37 8123 1173 1138
p 2 0 63 8097 1265 1165
p 2 2 46 8112 1701 1171
p 2 0 48 8112 1225 1151
p 2 0 31 8129 1171 1135
p 2 0 52 8108 1708 1170
p 2 0 29 8131 1157 1132
p 2 0 24 8136 1158 1129
p 2 2 73 8085 1462 1201
p 2 0 67 8093 1243 1172
p 2 0 49 8111 1207 1149
p 2 4 74 8082 2003 1210
p 2 0 73 8087 1255 1175
p 2 0 28 8132 1154 1128
p 2 0 62 8098 1602 1181
p 2 0 57 8103 1246 1161
p 2 0 50 8110 1213 1151
p 2 1 40 8119 1640 1165
p 2 0 44 8116 1186 1146
p 2 0 38 8122 1171 1138
p 2 2 39 8119 1399 1171
p 2 0 15 8145 1126 1121
p 2 0 33 8127 1165 1135
p 2 2 34 8124 1642 1154
p 2 0 13 8147 1129 1114
p 2 0 13 8147 1128 1117
p 2 1 22 8137 1605 1147
p 2 0 17 8143 1147 1122
p 2 0 24 8136 1152 1127
p 2 2 24 8134 1378 1157
p 2 0 24 8136 1151 1130
p 2 0 22 8138 1146 1124
p 2 4 52 8104 1939 1187
p 2 0 45 8115 1208 1148
p 2 0 45 8115 1191 1145
p 2 0 68 8092 1625 1187
p 2 0 37 8123 1177 1140
p 2 0 52 8108 1236 1151
p 2 0 38 8122 1665 1156
p 2 0 40 8120 1188 1141
p 2 0 22 8138 1152 1125
p 2 0 30 8130 1179 1133
p 2 0 14 8146 1127 1116
p 2 0 21 8139 1146 1126
p 2 0 12 8148 1130 1114
p 2 0 18 8142 1505 1138
p 2 0 23 8137 1145 1123
p 2 2 20 8138 1359 1149
p 2 0 13 8147 1126 1118
p 2 0 9 8151 1112 1111
p 2 57 1975 6128 59140 5064
p 2 0 973 7187 3754 2142
p 2 86 2094 5980 60212 5354
p 2 0 1664 6496 6167 2841
p 2 107 2415 5638 53156 5521
p 2 0 1147 7013 4160 2298
p 2 106 2631 5423 59041 5765
p 2 0 2599 5561 9631 3811
p 2 0 1134 7026 3719 2220
p 2 4 559 7597 2759 1708
p 2 0 516 7644 2253 1606
p 2 0 528 7632 2376 1609
p 2 8 516 7636 3324 1668
p 2 0 171 7989 1451 1270
p 2 0 212 7948 1590 1304
p 2 0 259 7901 2240 1377
p 2 0 346 7814 2180 1445
p 2 0 177 7983 1508 1274
p 2 0 208 7952 2099 1324
p 2 0 185 7975 1640 1289
p 2 0 242 7918 1727 1340
p 2 3 153 8004 1890 1302
p 2 0 136 8024 1419 1236
p 2 0 139 8021 1469 1245
p 2 8 196 7956 2511 1356
p 2 0 82 8078 1289 1187
p 2 0 100 8060 1362 1198
p 2 0 124 8036 1870 1247
p 2 0 86 8074 1349 1190
p 2 0 86 8074 1402 1185
p 2 0 246 7914 2176 1364
p 2 0 171 7989 1501 1273
p 2 0 175 7985 1592 1278
p 2 0 253 7907 2257 1372
p 2 0 267 7893 1815 1370
p 2 0 281 7879 2043 1388
p 2 4 179 7977 1841 1324
p 2 0 77 8083 1252 1184
p 2 0 91 8069 1296 1193
p 2 4 106 8050 2179 1250
p 2 0 152 8008 1436 1248
p 2 0 138 8022 1437 1237
p 2 0 174 7986 1884 1291
p 2 0 41 8119 1185 1144
p 2 0 37 8123 1168 1137
p 2 0 63 8097 1654 1188
p 2 0 75 8085 1278 1174
p 2 0 76 8084 1296 1175
p 2 0 86 8074 1728 1210
p 2 0 56 8104 1257 1159
p 2 0 37 8123 1185 1136
p 2 4 58 8098 1616 1202
p 2 0 143 8017 1423 1239
p 2 0 45 8115 1185 1147
p 2 5 125 8030 2152 1273
p 2 0 137 8023 1431 1233
p 2 0 173 7987 1581 1275
p 2 0 105 8055 1790 1234
p 2 0 40 8120 1179 1140
p 2 0 55 8105 1218 1156
p 2 4 62 8094 1588 1208
p 2 0 53 8107 1204 1157
p 2 0 22 8138 1142 1124
p 2 8 43 8109 2159 1205
p 2 0 26 8134 1151 1128
p 2 0 81 8079 1284 1181
p 2 0 96 8064 1760 1219
p 2 0 51 8109 1199 1151
p 2 0 33 8127 1175 1134
p 2 0 61 8099 1690 1186
p 2 0 21 8139 1149 1123
p 2 0 20 8140 1144 1123
p 2 0 6 8154 1113 1108
p 2 0 12 8148 1122 1114
p 2 0 24 8136 1594 1151
p 2 0 15 8145 1134 1118
p 2 4 14 8142 1450 1168
i 2 8160 0 0 127646 29345
p 2 0 4804 3356 7367 5933
p 2 1725 4971 1464 101485 16115
p 2 0 2956 5204 5544 4115
p 2 1496 3381 3283 102196 13701
p 2 0 2372 5788 5013 3557
p 2 1288 3431 3441 105880 13409
p 2 0 2578 5582 5351 3741
p 2 1182 2711 4267 107191 12218
p 2 0 2070 6090 4722 3236
p 2 928 2440 4792 108260 10910
p 2 0 1964 6196 4868 3139
p 2 551 2860 4749 106198 9828
p 2 0 2191 5969 6536 3435
p 2 929 1974 5257 89399 9891
p 2 0 1594 6566 3908 2752
p 2 29 1206 6925 7026 2627
p 2 0 805 7355 2216 1887
p 2 320 1669 6171 83452 6893
p 2 0 1238 6922 4019 2461
p 2 461 1323 6376 88250 7255
p 2 0 1071 7089 3578 2260
p 2 885 1202 6073 100128 9218
p 2 0 1084 7076 4152 2296
p 2 1174 1326 5660 100155 10796
p 2 0 1334 6826 3809 2530
p 2 1220 1646 5294 100658 11068
p 2 0 1510 6650 4152 2704
i 2 8160 0 0 131739 29850
p 2 0 4801 3359 7705 5960
p 2 1538 4948 1674 84505 14622
p 2 0 2958 5202 5417 4093
p 2 1582 3146 3432 80061 12892
p 2 0 2164 5996 4459 3276
p 2 1388 2803 3969 83310 12259
p 2 0 2162 5998 4544 3323
p 2 1091 2529 4540 92174 11064
p 2 0 1812 6348 4224 2951
p 2 975 2045 5140 92780 9997
p 2 0 1762 6398 6476 3071
p 2 678 1888 5594 76880 8360
p 2 0 1467 6693 4071 2668
p 2 1069 1474 5617 82564 9644
p 2 0 1299 6861 3506 2499
p 2 152 1787 6221 67627 5777
p 2 0 1227 6933 3956 2469
p 2 76 1257 6827 16411 3191
p 2 0 1044 7116 2762 2160
p 2 764 1537 5859 86797 8620
p 2 0 1220 6940 3662 2400
p 2 781 1454 5925 85733 8556
p 2 0 1284 6876 3620 2466
p 2 970 1107 6083 78169 8734
p 2 0 1050 7110 3361 2225
p 2 1126 1337 5697 76799 9586
p 2 0 1286 6874 3539 2478
p 2 1189 1448 5523 78521 9958
p 2 0 1429 6731 4060 2641
p 2 1264 1653 5243 77412 10368
p 2 0 1623 6537 4748 2816
i 2 8160 0 0 135576 30170
p 2 0 4893 3267 7605 6007
p 2 388 5371 2401 52259 9418
p 2 0 2737 5423 5160 3825
p 2 379 3281 4500 50604 7396
p 2 0 1701 6459 3893 2819
p 2 464 2315 5381 57977 7439
p 2 0 1390 6770 4345 2584
p 2 804 1474 5882 73858 8265
p 2 0 1034 7126 3048 2168
p 2 875 1332 5953 76833 8344
p 2 0 985 7175 3263 2133
p 2 684 1925 5551 69936 8039
p 2 0 1630 6530 4380 2796
p 2 591 1437 6132 61886 6916
p 2 0 987 7173 3055 2147
p 2 604 883 6673 54459 6347
p 2 0 786 7374 2664 1937
p 2 510 870 6780 47634 5751
p 2 0 696 7464 2540 1858
p 2 332 825 7003 48065 4848
p 2 0 691 7469 2983 1856
p 2 737 811 6612 51992 6633
p 2 0 801 7359 2993 1986
p 2 739 1049 6372 50871 6804
p 2 0 1033 7127 3056 2209
p 2 808 1277 6075 63857 7658
p 2 0 1232 6928 3265 2378
p 2 950 1282 5928 75980 8682
p 2 0 1149 7011 3258 2284
p 2 1081 1867 5212 77392 9827
p 2 0 1667 6493 4067 2832
p 2 874 1570 5716 65945 8479
p 2 0 1283 6877 3323 2438
p 2 764 1773 5623 64722 8385
p 2 0 1316 6844 3482 2442
p 2 612 1797 5751 74432 7707
p 2 0 1339 6821 3780 2491
p 2 411 1622 6127 69674 6383
p 2 0 1276 6884 3862 2404
p 2 368 1198 6594 53605 5413
p 2 0 869 7291 2863 2018
p 2 339 921 6900 54613 5129
p 2 0 768 7392 3464 1955
p 2 704 717 6739 64272 6686
p 2 0 661 7499 2392 1794
p 2 1012 756 6392 79507 8392
p 2 0 678 7482 2592 1835
i 2 8160 0 0 352953 40564
p 2 0 880 7280 2575 1966
p 2 0 532 7628 2010 1641
p 2 0 228 7932 1481 1337
p 2 0 213 7947 1440 1309
p 2 0 265 7895 1824 1375
p 2 0 157 8003 1995 1270
p 2 0 129 8031 1403 1233
p 2 0 141 8019 1446 1241
p 2 0 195 7965 2234 1317
p 2 0 79 8081 1263 1180
p 2 0 77 8083 1316 1178
p 2 0 105 8055 1726 1223
p 2 0 166 7994 1499 1264
p 2 0 75 8085 1281 1179
p 2 0 173 7987 2162 1291
p 2 0 147 8013 1577 1254
p 2 0 118 8042 1619 1230
p 2 0 83 8077 1557 1202
p 2 0 29 8131 1144 1127
p 2 0 45 8115 1179 1147
p 2 2 37 8121 1969 1166
p 2 0 64 8096 1292 1166
p 2 0 58 8102 1296 1161
p 2 0 211 7949 1966 1321
p 2 0 135 8025 1467 1233
p 2 0 161 7999 1511 1255
p 2 0 194 7966 2235 1315
p 2 0 95 8065 1397 1198
p 2 0 38 8122 1170 1139
p 2 0 76 8084 1532 1200
p 2 0 66 8094 1250 1167
p 2 0 79 8081 1251 1179
p 2 2 58 8100 2022 1185
p 2 0 55 8105 1228 1159
p 2 0 43 8117 1237 1148
p 2 434 2027 5699 52515 5888
p 2 0 822 7338 2992 1917
p 2 0 1039 7121 3821 2109
p 2 0 1186 6974 5494 2307
p 2 0 799 7361 3014 1871
p 2 0 707 7453 3504 1808
p 2 0 449 7711 2511 1548
p 2 0 352 7808 2103 1436
p 2 0 353 7807 1939 1432
p 2 0 166 7994 1683 1276
p 2 0 184 7976 1544 1275
p 2 0 256 7904 1832 1347
p 2 0 1102 7058 4480 2196
p 2 0 909 7251 3884 2024
p 2 0 746 7414 3034 1824
p 2 0 778 7382 4156 1902
p 2 0 398 7762 2064 1485
p 2 0 411 7749 2534 1508
p 2 0 293 7867 2056 1390
p 2 0 106 8054 1318 1202
p 2 0 116 8044 1380 1214
p 2 0 151 8009 2050 1264
p 2 0 161 7999 1516 1254
p 2 0 199 7961 1666 1293
p 2 0 170 7990 1834 1281
p 2 0 67 8093 1263 1166
p 2 0 76 8084 1277 1175
p 2 2 83 8075 2095 1208
p 2 0 113 8047 1327 1206
p 2 0 54 8106 1215 1153
p 2 0 68 8092 1647 1185
p 2 0 65 8095 1253 1166
p 2 0 106 8054 1330 1203
p 2 0 115 8045 1898 1225
p 2 0 65 8095 1249 1163
p 2 0 67 8093 1282 1164
p 2 0 194 7966 1886 1302
p 2 0 114 8046 1345 1213
p 2 0 148 8012 1456 1238
p 2 0 165 7995 1851 1274
p 2 0 248 7912 1690 1345
p 2 0 330 7830 2127 1441
p 2 2 120 8038 2195 1243
p 2 0 99 8061 1434 1199
p 2 0 172 7988 1483 1262
p 2 0 61 8099 1623 1180
p 2 0 82 8078 1295 1181
p 2 0 73 8087 1321 1174
p 2 0 65 8095 1762 1182
p 2 0 55 8105 1237 1156
p 2 0 46 8114 1192 1145
p 2 0 53 8107 1249 1155
p 2 0 47 8113 1210 1148
p 2 0 41 8119 1223 1143
p 2 0 74 8086 1614 1188
p 2 0 69 8091 1281 1168
p 2 0 97 8063 1602 1211
p 2 0 44 8116 1191 1146
p 2 0 37 8123 1174 1135
p 2 0 38 8122 1188 1138
p 2 3 213 7944 2386 1335
p 2 0 125 8035 1390 1227
p 2 0 182 7978 1580 1279
p 2 0 251 7909 2471 1370
p 2 0 125 8035 1390 1222
p 2 0 56 8104 1206 1157
p 2 0 83 8077 1795 1201
p 2 0 106 8054 1347 1203
p 2 0 85 8075 1280 1185
p 2 0 114 8046 2045 1235
p 2 0 111 8049 1420 1212
p 2 0 75 8085 1324 1178
p 2 2 80 8078 1560 1207
p 2 0 29 8131 1152 1131
p 2 0 30 8130 1163 1132
p 2 6 49 8105 2166 1199
p 2 0 49 8111 1203 1149
p 2 0 24 8136 1143 1126
p 2 0 36 8124 1635 1158
p 2 0 38 8122 1201 1140
p 2 0 20 8140 1141 1122
p 2 0 46 8114 1806 1168
p 2 0 50 8110 1233 1156
p 2 0 56 8104 1258 1156
p 2 2 88 8070 1589 1215
p 2 0 51 8109 1203 1152
p 2 0 61 8099 1258 1159
p 2 6 89 8065 2295 1240
p 2 0 53 8107 1219 1154
p 2 0 87 8073 1367 1193
p 2 0 72 8088 1720 1188
p 2 0 35 8125 1181 1138
p 2 0 26 8134 1164 1129
p 2 0 56 8104 1875 1177
p 2 0 104 8056 1336 1200
p 2 0 67 8093 1295 1165
p 2 0 49 8111 1670 1169
p 2 0 49 8111 1245 1149
p 2 0 58 8102 1235 1158
p 2 2 78 8080 1602 1209
p 2 0 32 8128 1157 1134
p 2 0 16 8144 1134 1118
p 2 3 83 8074 2064 1213
p 2 0 40 8120 1193 1143
p 2 0 32 8128 1173 1135
p 2 0 40 8120 1849 1161
p 2 0 31 8129 1193 1138
p 2 0 23 8137 1153 1123
p 2 0 51 8109 1673 1171
p 2 0 29 8131 1165 1130
p 2 0 40 8120 1190 1141
p 2 0 62 8098 1906 1185
p 2 0 62 8098 1265 1164
p 2 0 87 8073 1390 1190
p 2 2 78 8080 1577 1208
p 2 0 76 8084 1281 1175
p 2 0 30 8130 1161 1134
p 2 6 19 8135 2108 1168
p 2 0 32 8128 1167 1135
p 2 0 18 8142 1135 1120
p 2 2 43 8115 1481 1174
p 2 0 18 8142 1132 1120
p 2 0 13 8147 1126 1114
p 2 6 33 8121 2140 1181
p 2 0 28 8132 1158 1130
p 2 0 8 8152 1116 1111
p 2 0 40 8120 1657 1160
p 2 0 44 8116 1213 1148
p 2 0 30 8130 1166 1129
p 2 0 39 8121 1827 1161
p 2 0 27 8133 1165 1131
p 2 0 23 8137 1153 1125
p 2 0 45 8115 1205 1146
p 2 0 46 8114 1679 1166
p 2 0 32 8128 1178 1134
p 2 2 66 8092 1581 1198
p 2 0 39 8121 1195 1144
p 2 0 17 8143 1132 1119
p 2 0 26 8134 1160 1129
p 2 0 28 8132 1161 1128
p 2 0 35 8125 1182 1136
p 2 0 48 8112 1250 1148
p 2 0 34 8126 1163 1135
p 2 0 33 8127 1180 1134
p 2 0 20 8140 1150 1123
p 2 0 32 8128 1175 1132
p 2 0 42 8118 1206 1144
p 2 5 67 8088 2179 1210
p 2 0 36 8124 1194 1139
p 2 0 41 8119 1200 1142
p 2 0 49 8111 2044 1179
p 2 0 28 8132 1178 1131
p 2 0 27 8133 1168 1128
p 2 1 62 8097 1876 1195
p 2 0 42 8118 1194 1145
p 2 0 34 8126 1214 1134
p 2 0 232 7928 2466 1352
p 2 0 159 8001 1488 1257
p 2 0 82 8078 1329 1182
p 2 2 107 8051 1774 1241
p 2 0 77 8083 1280 1179
p 2 0 92 8068 1345 1192
p 2 9 64 8087 2321 1228
p 2 0 30 8130 1162 1132
p 2 0 31 8129 1188 1133
p 2 0 67 8093 1885 1199
p 2 0 68 8092 1272 1171
p 2 0 29 8131 1166 1131
p 2 0 64 8096 2066 1192
p 2 0 59 8101 1301 1161
p 2 0 32 8128 1170 1134
p 2 2 51 8107 1553 1185
p 2 0 22 8138 1146 1124
p 2 0 18 8142 1133 1119
p 2 9 24 8127 2212 1191
p 2 0 24 8136 1175 1126
p 2 0 9 8151 1119 1111
p 2 2 23 8135 1492 1158
p 2 0 14 8146 1134 1117
p 2 0 11 8149 1130 1114
p 2 9 49 8102 2252 1215
p 2 0 46 8114 1221 1149
p 2 0 27 8133 1173 1129
p 2 0 52 8108 1806 1183
p 2 0 83 8077 1369 1186
p 2 0 126 8034 1501 1224
p 2 0 89 8071 2118 1219
p 2 0 90 8070 1411 1192
p 2 0 49 8111 1246 1151
p 2 0 60 8100 1246 1159
p 2 0 29 8131 1155 1130
p 2 0 24 8136 1162 1127
p 2 0 22 8138 1147 1126
p 2 0 38 8122 1746 1168
p 2 0 27 8133 1163 1132
p 2 3 30 8127 1421 1170
p 2 0 28 8132 1166 1136
p 2 0 14 8146 1133 1117
p 2 0 12 8148 1129 1112
p 2 0 19 8141 1144 1120
p 2 0 10 8150 1123 1113
p 2 0 17 8143 1152 1119
p 2 0 34 8126 1181 1135
p 2 0 13 8147 1139 1115
p 2 0 38 8122 1803 1156
p 2 0 43 8117 1192 1144
p 2 0 30 8130 1163 1132
p 2 0 49 8111 1766 1170
p 2 0 51 8109 1220 1152
p 2 0 21 8139 1146 1122
p 2 0 43 8117 1566 1159
p 2 0 30 8130 1180 1131
p 2 0 12 8148 1122 1114
p 2 0 16 8144 1658 1137
p 2 0 6059 2101 46696 8889
p 2 0 2646 5514 7933 3724
p 2 0 726 7434 2932 1834
p 2 0 330 7830 1704 1421
p 2 0 162 7998 1418 1263
p 2 2 105 8053 2050 1229
p 2 0 160 8000 1454 1256
p 2 0 93 8067 1352 1192
p 2 0 176 7984 1831 1281
p 2 0 95 8065 1282 1194
p 2 0 91 8069 1262 1186
p 2 0 78 8082 1787 1195
p 2 0 93 8067 1299 1192
p 2 0 85 8075 1307 1183
p 2 0 545 7615 2639 1632
p 2 0 310 7850 1809 1404
p 2 0 236 7924 1640 1329
p 2 2 244 7914 2481 1367
p 2 0 298 7862 1865 1391
p 2 0 229 7931 1788 1332
p 2 0 245 7915 2021 1350
p 2 0 113 8047 1355 1210
p 2 0 83 8077 1287 1183
p 2 0 108 8052 1899 1223
p 2 0 135 8025 1409 1230
p 2 0 151 8009 1548 1250
p 2 0 133 8027 1750 1243
p 2 0 81 8079 1334 1183
p 2 0 175 7985 1484 1263
p 2 0 85 8075 1576 1205
p 2 0 115 8045 1364 1211
p 2 0 85 8075 1367 1185
p 2 0 124 8036 2014 1233
p 2 0 89 8071 1314 1187
p 2 0 93 8067 1299 1189
p 2 0 45 8115 1736 1166
p 2 0 51 8109 1217 1150
p 2 0 42 8118 1201 1140
p 2 0 158 8002 1801 1266
p 2 0 70 8090 1238 1168
p 2 0 84 8076 1284 1180
p 2 0 100 8060 1904 1219
p 2 0 102 8058 1357 1203
p 2 0 93 8067 1365 1195
p 2 0 88 8072 1572 1209
p 2 0 54 8106 1206 1155
p 2 0 63 8097 1228 1162
p 2 2 56 8102 2010 1182
p 2 0 59 8101 1230 1161
p 2 0 28 8132 1150 1129
p 2 0 54 8106 1569 1171
p 2 0 39 8121 1201 1141
p 2 0 69 8091 1252 1168
p 2 0 79 8081 1819 1197
p 2 0 79 8081 1270 1178
p 2 0 46 8114 1183 1145
p 2 0 49 8111 1487 1170
p 2 0 43 8117 1200 1144
p 2 0 56 8104 1234 1156
p 2 2 59 8099 2023 1180
p 2 0 50 8110 1219 1152
p 2 0 32 8128 1177 1132
p 2 0 69 8091 1635 1187
p 2 0 63 8097 1259 1163
p 2 0 43 8117 1194 1142
p 2 0 67 8093 1783 1183
p 2 0 95 8065 1334 1196
p 2 0 97 8063 1412 1197
p 2 0 59 8101 1578 1178
p 2 0 49 8111 1206 1146
p 2 0 30 8130 1166 1130
p 2 0 58 8102 1498 1170
p 2 0 38 8122 1197 1142
p 2 0 47 8113 1228 1147
p 2 2 42 8116 1998 1168
p 2 0 26 8134 1152 1128
p 2 0 24 8136 1147 1125
p 2 0 38 8122 1459 1161
p 2 0 37 8123 1183 1137
p 2 0 38 8122 1182 1138
p 2 2 45 8113 1983 1170
p 2 0 35 8125 1172 1137
p 2 0 19 8141 1151 1121
p 2 0 33 8127 1540 1149
p 2 0 37 8123 1180 1137
p 2 0 25 8135 1163 1127
p 2 0 262 7898 2300 1371
p 2 0 213 7947 1667 1316
p 2 0 180 7980 1536 1276
p 2 0 185 7975 2065 1306
p 2 0 238 7922 1695 1336
p 2 0 61 8099 1224 1162
p 2 0 75 8085 1532 1194
p 2 0 61 8099 1243 1163
p 2 0 106 8054 1326 1206
p 2 0 47 8113 1191 1148
p 2 0 32 8128 1158 1132
p 2 0 17 8143 1137 1121
p 2 328 1461 6371 70517 5741
p 2 730 1678 5752 102334 8483
p 2 908 2365 4887 131034 10662
p 2 1032 2474 4654 138606 11559
p 2 1015 3380 3765 159202 13088
p 2 1094 3416 3650 159001 13510
p 2 927 4042 3191 168303 13524
p 2 712 3812 3636 173108 12369
p 2 37 3448 4675 80515 6815
p 2 0 2016 6144 6506 3182
p 2 0 1739 6421 5744 2847
p 2 0 1675 6485 6137 2809
p 2 2 4359 3799 22636 5850
p 2 0 2350 5810 9912 3496
p 2 0 1426 6734 5328 2511
p 2 0 1155 7005 5874 2296
p 2 0 875 7285 3655 1945
p 2 0 302 7858 1815 1395
p 2 0 449 7711 2923 1557
p 2 0 442 7718 2604 1533
p 2 0 745 7415 3547 1828
p 2 0 455 7705 2811 1554
p 2 0 428 7732 2966 1533
p 2 0 384 7776 2651 1489
p 2 0 455 7705 2920 1561
p 2 0 201 7959 1569 1303
p 2 0 221 7939 2046 1338
p 2 0 220 7940 1885 1318
p 2 0 243 7917 1765 1336
p 2 0 138 8022 1461 1239
p 2 0 148 8012 1528 1244
p 2 0 153 8007 1610 1252
p 2 0 236 7924 1965 1336
p 2 0 226 7934 1870 1322
p 2 0 112 8048 1360 1207
p 2 0 86 8074 1316 1183
p 2 0 683 7477 3672 1785
p 2 0 362 7798 2048 1460
p 2 0 490 7670 2523 1573
p 2 0 563 7597 3411 1678
p 2 0 526 7634 2515 1603
p 2 0 333 7827 2133 1423
p 2 0 213 7947 1868 1326
p 2 0 86 8074 1295 1184
p 2 0 105 8055 1347 1204
p 2 2 90 8068 2125 1214
p 2 0 68 8092 1266 1170
p 2 0 95 8065 1334 1192
p 2 0 94 8066 1734 1212
p 2 0 67 8093 1311 1167
p 2 0 324 7836 1923 1410
p 2 0 139 8021 1927 1251
p 2 0 276 7884 1752 1365
p 2 0 135 8025 1447 1232
p 2 0 92 8068 1318 1191
p 2 0 48 8112 1192 1148
p 2 0 92 8068 1325 1195
p 2 0 45 8115 1193 1144
p 2 0 51 8109 1547 1171
p 2 0 38 8122 1181 1141
p 2 0 37 8123 1443 1157
p 2 0 29 8131 1161 1131
p 2 0 25 8135 1151 1126
p 2 0 12 8148 1128 1114
p 2 0 9 8151 1116 1112
i 2 8160 0 0 236510 37046
p 2 0 1319 6841 3228 2423
p 2 0 1076 7084 2612 2157
p 2 0 513 7647 1843 1611
p 2 0 422 7738 1687 1506
p 2 0 173 7987 1348 1270
p 2 2 179 7979 1828 1298
p 2 0 255 7905 1715 1363
p 2 0 130 8030 1330 1230
p 2 0 104 8056 1707 1218
p 2 0 106 8054 1303 1205
p 2 0 117 8043 1340 1216
p 2 0 173 7987 1803 1288
p 2 0 93 8067 1241 1192
p 2 0 85 8075 1232 1182
p 2 0 99 8061 1664 1209
p 2 0 89 8071 1259 1190
p 2 0 51 8109 1176 1154
p 2 1 66 8093 1326 1194
p 2 0 67 8093 1224 1169
p 2 0 57 8103 1208 1159
p 2 2 80 8078 1798 1196
p 2 0 84 8076 1227 1181
p 2 0 104 8056 1290 1201
p 2 0 144 8016 1700 1253
p 2 0 105 8055 1294 1205
p 2 0 89 8071 1277 1190
p 2 0 122 8038 1729 1236
p 2 0 154 8006 1434 1253
p 2 0 81 8079 1235 1183
p 2 1 77 8082 1353 1207
p 2 0 87 8073 1272 1189
p 2 0 75 8085 1230 1176
p 2 2 85 8073 1815 1203
p 2 0 60 8100 1203 1160
p 2 0 77 8083 1256 1178
p 2 0 56 8104 1510 1175
p 2 0 42 8118 1169 1144
p 2 0 23 8137 1137 1125
p 2 0 35 8125 1537 1150
p 2 0 34 8126 1165 1136
p 2 0 45 8115 1183 1149
p 2 0 87 8073 1574 1200
p 2 0 62 8098 1190 1160
p 2 0 26 8134 1133 1128
p 2 0 35 8125 1308 1156
p 2 0 39 8121 1157 1143
p 2 0 50 8110 1187 1152
p 2 2 43 8115 1719 1166
p 2 0 45 8115 1189 1146
p 2 0 71 8089 1242 1171
p 2 1 33 8126 1290 1162
p 2 0 46 8114 1168 1144
p 2 0 7 8153 1120 1110
p 2 2 43 8115 1710 1165
p 2 0 22 8138 1137 1122
p 2 0 9 8151 1117 1112
p 2 0 17 8143 1441 1133
p 2 0 16 8144 1128 1117
p 2 0 7 8153 1112 1109
p 2 0 15 8145 1501 1131
p 2 0 11 8149 1128 1115
p 2 0 7 8153 1113 1110
p 2 0 7 8153 1110 1109
p 2 0 6 8154 1114 1110
p 2 0 8 8152 1113 1110
p 2 0 12 8148 1120 1115
p 2 0 22 8138 1433 1138
p 2 0 6 8154 1110 1109
p 2 0 15 8145 1275 1136
p 2 0 6 8154 1115 1114
i 2 8160 0 0 263312 37004
p 2 0 2595 5565 10456 3815
p 2 0 2682 5478 10590 3780
p 2 0 2341 5819 11628 3621
p 2 0 2585 5575 10778 3719
p 2 0 2274 5886 10389 3422
p 2 0 2535 5625 11009 3675
p 2 0 2508 5652 11653 3688
p 2 0 2673 5487 11203 3793
p 2 0 2451 5709 10751 3564
p 2 0 2696 5464 11472 3808
p 2 0 2817 5343 12558 3999
p 2 0 2682 5478 11538 3827
p 2 0 2483 5677 11116 3622
p 2 0 2682 5478 11627 3827
p 2 0 2843 5317 13007 4019
p 2 0 2609 5551 11262 3769
p 2 0 2409 5751 10829 3560
p 2 0 2564 5596 11598 3738
p 2 0 2673 5487 12213 3883
p 2 0 2579 5581 11097 3741
p 2 0 2503 5657 11115 3645
p 2 0 2515 5645 11056 3674
p 2 0 2652 5508 11898 3820
p 2 0 2674 5486 11502 3848
p 2 0 2466 5694 11096 3616
p 2 0 2592 5568 11434 3776
p 2 1 2633 5526 12668 3866
p 2 0 2593 5567 11125 3752
p 2 0 2376 5784 10907 3528
p 2 0 2419 5741 11221 3593
p 2 0 2620 5540 12088 3814
p 2 0 2609 5551 11279 3768
p 2 0 2435 5725 11137 3568
p 2 0 2617 5543 11300 3735
p 2 0 2532 5628 11979 3745
p 2 0 2573 5587 11321 3749
p 2 0 2363 5797 10967 3536
p 2 0 2486 5674 11204 3639
p 2 1 2616 5543 12296 3846
p 2 0 2582 5578 11109 3717
p 2 0 2449 5711 11111 3597
p 2 0 2474 5686 11423 3650
p 2 0 2606 5554 11969 3795
p 2 0 2656 5504 11329 3783
p 2 0 2350 5810 11007 3514
p 2 0 2467 5693 11271 3647
p 2 0 2616 5544 11968 3803
p 2 0 2633 5527 11517 3805
p 2 0 2590 5570 11554 3737
p 2 0 2545 5615 11412 3719
p 2 1 2753 5406 12667 3933
p 2 0 2622 5538 11177 3764
p 2 0 2413 5747 11033 3554
p 2 0 2506 5654 11399 3660
p 2 0 2614 5546 11943 3792
p 2 0 2706 5454 11116 3819
p 2 0 2478 5682 11159 3628
p 2 0 2613 5547 11141 3711
p 2 0 2516 5644 11726 3717
p 2 0 2488 5672 10837 3648
p 2 0 2288 5872 10774 3472
p 2 0 2518 5642 11172 3669
p 2 0 2503 5657 11667 3696
p 2 0 2552 5608 11105 3694
p 2 0 2308 5852 11010 3495
p 2 0 2580 5580 11552 3731
p 2 0 2712 5448 12537 3885
p 2 0 2621 5539 11722 3785
p 2 1 2509 5650 11792 3639
p 2 0 2506 5654 11507 3675
p 2 0 2554 5606 12287 3764
p 2 0 2710 5450 12367 3892
p 2 0 2528 5632 11732 3687
p 2 0 2747 5413 12310 3892
p 2 0 2709 5451 13299 3921
p 2 0 2692 5468 12192 3839
p 2 0 2659 5501 12030 3758
p 2 0 2742 5418 12661 3894
p 2 0 2754 5406 13165 3951
p 2 0 2815 5345 12203 3961
p 2 1 2469 5690 12300 3688
p 2 0 2726 5434 12447 3885
p 2 0 2721 5439 13279 3952
p 2 2 2712 5446 12529 3892
p 2 0 2500 5660 12228 3685
p 2 0 2633 5527 12559 3820
p 2 0 2667 5493 13878 3962
p 2 0 2637 5523 12334 3832
p 2 0 2446 5714 12176 3656
p 2 0 2613 5547 12863 3795
p 2 0 2729 5431 13593 3966
p 2 0 2686 5474 12570 3882
p 2 1 2495 5664 12845 3688
p 2 0 2606 5554 12734 3786
p 2 0 2669 5491 13686 3893
p 2 2 2822 5336 13493 4012
p 2 0 2572 5588 13082 3766
p 2 0 2604 5556 13264 3838
p 2 0 2683 5477 14753 3985
p 2 0 2752 5408 13316 3932
p 2 0 2514 5646 13259 3748
p 2 0 2670 5490 14053 3894
p 2 0 2681 5479 14489 3977
p 2 0 2746 5414 13482 3937
p 2 0 2566 5594 13512 3787
p 2 0 2572 5588 13520 3842
p 2 0 2718 5442 14664 4000
p 2 0 2701 5459 13819 3928
p 2 0 2588 5572 13510 3788
p 2 0 2608 5552 13701 3837
p 2 1 2683 5476 14916 3957
p 2 0 2749 5411 13379 3938
p 2 0 2495 5665 13220 3708
p 2 0 2673 5487 13928 3888
p 2 0 2685 5475 14453 3976
p 2 0 2770 5390 13280 3941
p 2 0 2586 5574 14028 3830
p 2 0 2585 5575 13607 3822
p 2 0 2657 5503 14563 3928
p 2 0 2753 5407 14081 3997
p 2 0 2575 5585 13852 3800
p 2 0 2704 5456 13642 3912
p 2 1 2814 5345 15081 4099
p 2 0 2727 5433 13564 3924
p 2 0 2566 5594 13394 3781
p 2 2 2579 5579 13793 3808
p 2 0 2735 5425 14354 3969
p 2 0 2641 5519 13258 3895
p 2 0 2584 5576 13728 3795
p 2 0 2600 5560 13359 3845
p 2 0 2717 5443 14212 3981
p 2 0 2703 5457 13652 3950
p 2 0 2447 5713 13005 3698
p 2 0 2608 5552 13303 3808
p 2 1 2663 5496 14317 3926
p 2 0 2703 5457 13241 3920
p 2 0 2548 5612 13282 3760
p 2 2 2703 5455 13781 3902
p 2 0 2731 5429 14192 4004
p 2 0 2710 5450 13314 3928
p 2 0 2425 5735 13493 3676
p 2 0 2522 5638 13055 3751
p 2 0 2570 5590 13801 3827
p 2 0 2721 5439 13556 3930
p 2 0 2585 5575 13287 3791
p 2 0 2616 5544 13067 3832
p 2 0 2684 5476 14283 3942
p 2 0 2673 5487 12735 3848
p 2 0 2510 5650 12613 3696
p 2 0 2513 5647 12962 3745
p 2 0 2574 5586 13495 3840
p 2 0 2611 5549 12430 3814
p 2 2 2426 5732 12748 3668
p 2 0 2569 5591 12405 3774
p 2 0 2658 5502 13124 3871
p 2 0 2588 5572 12526 3786
p 2 0 2461 5699 12150 3664
p 2 0 2545 5615 12158 3732
p 2 2 2503 5655 13245 3758
p 2 0 2564 5596 12303 3766
p 2 0 2374 5786 12171 3593
p 2 0 2395 5765 12690 3643
p 2 0 2520 5640 12755 3741
p 2 0 2469 5691 12100 3647
p 2 0 2521 5639 12649 3682
p 2 0 2502 5658 12266 3689
p 2 429 3985 3746 91669 9764
p 2 110 4943 3107 65294 8547
p 2 0 3716 4444 15415 4977
p 2 404 4122 3634 84346 9393
p 2 109 4612 3439 65421 8263
p 2 0 3640 4520 15107 4935
p 2 277 4303 3580 85333 9090
p 2 51 4836 3273 63185 8108
p 2 0 3929 4231 16362 5248
p 2 245 4074 3841 86378 8731
p 2 95 5202 2863 99799 9608
p 2 0 4335 3825 17502 5663
p 2 60 3955 4145 50221 6363
p 2 0 4056 4104 16304 5279
p 2 63 3701 4396 50938 6145
p 2 0 3723 4437 16004 4960
p 2 58 3945 4157 52404 6458
p 2 0 3668 4492 15946 4965
p 2 0 2925 5235 13635 4133
p 2 0 3194 4966 14748 4400
p 2 0 3098 5062 15083 4378
p 2 0 3211 4949 14251 4410
p 2 1 2642 5517 12988 3865
p 2 0 2970 5190 13833 4173
p 2 0 3065 5095 14461 4248
p 2 2 3190 4968 14736 4403
p 2 0 2640 5520 12974 3836
p 2 0 2552 5608 12598 3721
p 2 0 2858 5302 13704 4052
p 2 0 2860 5300 14046 4094
p 2 0 2837 5323 13071 4043
p 2 0 2622 5538 12807 3812
p 2 0 2716 5444 12885 3890
p 2 0 2888 5272 13633 4088
p 2 0 2866 5294 12970 4042
p 2 0 2584 5576 12162 3729
p 2 0 2757 5403 12794 3914
p 2 2 2911 5247 13962 4122
p 2 0 2974 5186 12977 4111
p 2 0 2629 5531 12404 3813
p 2 0 2707 5453 12814 3922
p 2 0 2841 5319 13377 4021
p 2 0 2738 5422 12542 3930
p 2 0 2512 5648 12152 3696
p 2 0 2695 5465 12417 3857
p 2 0 2786 5374 13056 3966
p 2 0 2878 5282 12972 4070
p 2 0 2588 5572 12009 3732
p 2 0 2687 5473 12628 3851
p 2 0 2966 5194 14170 4180
p 2 0 2622 5538 11853 3791
p 2 0 2450 5710 11638 3616
p 2 2 2433 5725 11986 3620
p 2 0 2657 5503 12448 3826
p 2 0 2701 5459 11663 3799
p 2 0 2404 5756 11427 3549
p 2 0 2443 5717 11598 3601
p 2 0 2502 5658 12056 3669
p 2 0 2413 5747 11839 3615
p 2 0 2346 5814 11556 3528
p 2 0 2446 5714 11514 3588
p 2 0 2565 5595 12091 3693
p 2 0 2416 5744 11354 3558
p 2 0 2452 5708 11405 3588
p 2 0 2311 5849 11393 3468
p 2 0 2529 5631 11950 3654
p 2 0 2288 5872 11156 3452
p 2 0 2295 5865 11445 3466
p 2 0 2367 5793 11482 3506
p 2 0 2473 5687 12007 3616
p 2 0 2281 5879 11283 3418
p 2 0 2214 5946 11180 3373
i 2 8160 0 0 27093 23565
p 2 234 7650 276 29531 11767
p 2 957 7120 83 41328 17463
p 2 908 7178 74 49657 19053
p 2 731 7251 178 55141 19330
p 2 444 7534 182 59820 19093
p 2 194 7709 257 65589 18129
p 2 39 7685 436 67785 17016
p 2 3 7650 507 73063 14383
p 2 0 7564 596 70860 12648
p 2 0 7330 830 58978 10278
p 2 0 7027 1133 42975 9091
p 2 0 6490 1670 24540 7850
p 2 0 5306 2854 12008 6328
p 2 0 4019 4141 8236 4953
p 2 0 2667 5493 4268 3540
p 2 0 2366 5794 4732 3296
p 2 0 2310 5850 4933 3226
p 2 0 1681 6479 3602 2627
p 2 0 1184 6976 2938 2191
p 2 0 1052 7108 2637 2055
p 2 0 653 7507 1897 1702
p 2 0 377 7783 1647 1456
p 2 0 348 7812 1622 1430
p 2 0 2507 5653 6892 3547
p 2 0 2049 6111 4587 3021
p 2 0 1993 6167 4878 2952
p 2 0 1943 6217 5233 2969
p 2 0 1406 6754 3221 2362
p 2 0 737 7423 1992 1783
p 2 0 830 7330 2301 1831
p 2 0 636 7524 2200 1690
p 2 0 746 7414 2407 1793
p 2 0 606 7554 1860 1647
p 2 0 328 7832 1530 1400
p 2 0 414 7746 1760 1478
p 2 0 580 7580 1972 1614
p 2 0 588 7572 2099 1649
p 2 0 372 7788 1622 1440
p 2 0 311 7849 1603 1388
p 2 0 342 7818 1708 1412
p 2 0 295 7865 1606 1376
p 2 0 202 7958 1417 1288
p 2 0 163 7997 1365 1254
p 2 0 151 8009 1337 1244
p 2 0 358 7802 1658 1429
p 2 0 228 7932 1415 1314
p 2 0 238 7922 1497 1325
p 2 0 312 7848 1583 1388
p 2 0 187 7973 1345 1271
p 2 0 150 8010 1261 1231
p 2 0 103 8057 1238 1198
p 2 0 114 8046 1262 1208
p 2 0 84 8076 1228 1182
p 2 0 62 8098 1184 1163
p 2 0 44 8116 1163 1143
p 2 0 49 8111 1170 1149
p 2 0 62 8098 1188 1159
p 2 0 60 8100 1194 1159
p 2 0 44 8116 1173 1146
p 2 0 51 8109 1183 1150
p 2 0 49 8111 1174 1150
p 2 0 75 8085 1200 1169
p 2 0 38 8122 1150 1140
p 2 0 33 8127 1133 1132
p 2 0 425 7735 3018 1540
i 2 8160 0 0 138417 30169
p 2 3571 4374 215 167736 29627
p 2 2838 5187 135 141171 26897
p 2 2404 5661 95 134656 24995
p 2 1770 6308 82 115819 22208
p 2 1184 6848 128 117950 20349
p 2 765 7287 108 121435 19338
p 2 501 7576 83 119190 18044
p 2 352 7682 126 124088 17805
p 2 291 7699 170 119381 16956
p 2 230 7615 315 139981 16398
p 2 28 7634 498 96947 13342
p 2 0 4852 3308 10881 6608
p 2 0 2260 5900 3971 3179
p 2 0 2342 5818 4359 3249
p 2 0 1816 6344 3161 2785
p 2 0 1452 6708 2937 2434
p 2 0 1105 7055 2668 2119
p 2 0 1369 6791 3488 2378
p 2 0 772 7388 2178 1821
p 2 0 629 7531 2043 1683
p 2 0 486 7674 1949 1561
p 2 0 655 7505 2429 1717
p 2 0 421 7739 1700 1497
p 2 0 376 7784 1818 1453
p 2 0 402 7758 1922 1486
p 2 0 439 7721 1984 1514
p 2 0 287 7873 1511 1361
p 2 0 266 7894 1625 1351
p 2 0 228 7932 1644 1320
p 2 0 417 7743 2029 1490
p 2 0 251 7909 1492 1340
p 2 0 296 7864 1793 1391
p 2 0 682 7478 2249 1743
p 2 0 384 7776 1703 1463
p 2 0 402 7758 1742 1478
p 2 0 457 7703 1867 1527
p 2 0 305 7855 1742 1393
p 2 0 293 7867 1656 1372
p 2 0 211 7949 1396 1292
p 2 0 82 8078 1205 1182
p 2 0 68 8092 1190 1163
p 2 0 95 8065 1213 1186
p 2 0 105 8055 1249 1199
p 2 0 79 8081 1203 1175
p 2 0 84 8076 1202 1178
p 2 0 82 8078 1198 1174
p 2 0 88 8072 1223 1182
p 2 0 54 8106 1168 1152
p 2 0 46 8114 1158 1144
p 2 0 49 8111 1163 1149
p 2 0 57 8103 1170 1152
p 2 0 24 8136 1132 1126
p 2 0 19 8141 1129 1120
p 2 0 17 8143 1121 1119
p 2 0 12 8148 1117 1114
i 2 8160 0 0 325353 37887
p 2 0 1172 6988 2795 2229
p 2 0 974 7186 2217 2019
p 2 5 476 7679 2558 1593
p 2 0 363 7797 1643 1446
p 2 0 217 7943 1480 1306
p 2 0 245 7915 2230 1360
p 2 0 211 7949 1688 1314
p 2 0 231 7929 1860 1335
p 2 3 196 7961 1829 1334
p 2 0 119 8041 1276 1219
p 2 0 100 8060 1322 1201
p 2 7 137 8016 2433 1291
p 2 0 78 8082 1256 1178
p 2 0 67 8093 1285 1167
p 2 161 1521 6478 64781 5039
p 2 0 803 7357 3251 1972
p 2 177 1491 6492 59354 4971
p 2 7 1504 6649 6508 2726
p 2 156 1558 6446 49734 4766
p 2 0 1089 7071 15498 2499
p 2 132 1204 6824 48182 4240
p 2 0 917 7243 3558 2081
p 2 0 704 7456 2952 1805
p 2 381 3502 4277 117365 9874
p 2 0 1777 6383 5698 3022
p 2 314 3508 4338 107383 9464
p 2 0 2741 5419 9341 4112
p 2 271 3540 4349 101995 9162
p 2 0 2022 6138 5989 3396
p 2 225 3617 4318 100438 9056
p 2 0 2699 5461 8700 4076
p 2 0 2082 6078 6025 3175
p 2 11 970 7179 3909 2112
p 2 0 1131 7029 3641 2193
p 2 0 1208 6952 4074 2264
p 2 0 1116 7044 4620 2219
p 2 0 620 7540 2384 1705
p 2 0 627 7533 2556 1700
p 2 0 572 7588 3187 1683
p 2 0 665 7495 2939 1749
p 2 0 327 7833 1839 1421
p 2 0 381 7779 2025 1463
p 2 0 354 7806 2182 1445
p 2 0 395 7765 2169 1485
p 2 0 374 7786 2352 1474
p 2 0 299 7861 1919 1395
p 2 0 214 7946 1715 1313
p 2 0 712 7448 3460 1831
p 2 0 459 7701 2112 1552
p 2 3 382 7775 2349 1530
p 2 0 464 7696 2251 1557
p 2 0 482 7678 2465 1582
p 2 0 328 7832 1839 1421
p 2 0 145 8015 1382 1240
p 2 0 168 7992 1444 1264
p 2 0 149 8011 1497 1246
p 2 0 168 7992 1458 1261
p 2 0 68 8092 1220 1165
p 2 0 86 8074 1256 1186
p 2 0 65 8095 1233 1163
p 2 0 155 8005 1403 1247
p 2 0 108 8052 1322 1205
p 2 0 102 8058 1329 1200
p 2 0 90 8070 1322 1193
p 2 0 79 8081 1297 1180
p 2 0 37 8123 1161 1138
p 2 0 38 8122 1181 1139
p 2 263 1805 6092 100534 6761
p 2 0 1227 6933 4548 2435
p 2 464 4064 3632 193729 13267
p 2 0 2681 5479 8715 4191
p 2 498 4215 3447 195355 13559
p 2 0 2761 5399 9137 4405
p 2 503 4426 3231 207081 13988
p 2 0 2977 5183 9549 4525
p 2 303 3550 4307 111735 9508
p 2 0 1949 6211 5969 3337
p 2 0 1385 6775 4336 2473
p 2 0 1059 7101 3587 2130
p 2 0 763 7397 2817 1845
p 2 0 512 7648 2207 1606
p 2 0 359 7801 1896 1451
p 2 0 187 7973 1456 1286
p 2 0 132 8028 1327 1232
p 2 0 90 8070 1259 1190
p 2 0 91 8069 1318 1187
p 2 0 55 8105 1202 1155
p 2 0 41 8119 1174 1144
p 2 0 33 8127 1177 1136
i 2 8160 0 0 115617 29056
p 2 1060 5041 2059 82028 14193
p 2 622 5883 1655 68294 12871
p 2 627 4183 3350 62839 11027
p 2 576 4769 2815 66071 11266
p 2 550 4111 3499 61247 10821
p 2 258 4361 3541 47258 9220
p 2 274 4226 3660 49396 8790
p 2 308 3928 3924 54281 8795
p 2 438 3527 4195 60339 9091
p 2 677 3460 4023 69641 10181
p 2 586 3454 4120 72459 10009
p 2 679 3581 3900 79468 10699
p 2 1302 3471 3387 86600 13356
p 2 704 4359 3097 73481 11979
p 2 644 4208 3308 67982 11601
p 2 524 4879 2757 69831 11648
p 2 415 4457 3288 51723 10412
p 2 238 4731 3191 37017 9321
p 2 107 4319 3734 34765 7591
p 2 91 3071 4998 35616 6221
p 2 200 2882 5078 39831 6667
p 2 232 3490 4438 47401 7746
p 2 135 3817 4208 44189 7437
p 2 84 3226 4850 43517 6430
p 2 511 3689 3960 53489 9118
p 2 254 3520 4386 40665 7476
p 2 300 2547 5313 37388 6651
p 2 281 3567 4312 48389 7762
p 2 212 3192 4756 38449 6987
p 2 176 2857 5127 27813 6225
p 2 17 2089 6054 22581 4278
p 2 12 1974 6174 19842 4041
p 2 149 1504 6507 28949 4486
p 2 152 1790 6218 32964 4943
p 2 20 1722 6418 26768 3955
p 2 19 2196 5945 25968 4439
p 2 316 1895 5949 32543 5770
p 2 182 1668 6310 15045 4516
p 2 20 1519 6621 8885 3302
p 2 47 1387 6726 14110 3347
p 2 30 947 7183 7177 2676
p 2 2 816 7342 5515 2257
p 2 0 662 7498 4973 2039
p 2 0 814 7346 5120 2204
p 2 27 551 7582 6843 2096
p 2 102 797 7261 18872 3002
p 2 159 2773 5228 30145 5654
p 2 174 2853 5133 33415 5856
p 2 271 3049 4840 35532 6705
p 2 148 2426 5586 11910 4850
p 2 6 1684 6470 6230 3144
p 2 9 1252 6899 5691 2660
p 2 8 1028 7124 4561 2361
p 2 5 688 7467 3822 1948
p 2 3 459 7698 3088 1673
p 2 2 379 7779 2743 1559
p 2 0 390 7770 2327 1543
p 2 15 256 7889 3921 1514
p 2 66 234 7860 10397 1930
p 2 102 357 7701 17615 2472
p 2 145 396 7619 14745 2696
p 2 50 380 7730 4994 1962
p 2 0 333 7827 1894 1503
p 2 0 289 7871 1676 1426
p 2 0 191 7969 1430 1305
p 2 0 99 8061 1296 1214
p 2 0 82 8078 1266 1197
p 2 0 67 8093 1229 1177
p 2 0 47 8113 1195 1154
p 2 17 43 8100 3449 1290
p 2 3240 4920 0 423937 37261
p 2 1436 6723 1 425998 31255
p 2 947 7211 2 398419 28410
p 2 798 7360 2 355923 26805
p 2 603 7553 4 309941 25120
p 2 582 7574 4 293287 24264
p 2 671 7488 1 266217 23882
p 2 473 7684 3 229937 22741
p 2 173 7982 5 215980 21367
p 2 104 8052 4 183019 19296
p 2 26 8125 9 156265 17038
p 2 1 6830 1329 41943 10772
p 2 4 5543 2613 39487 8671
p 2 1 5699 2460 37124 8542
p 2 8 4527 3625 35942 7314
p 2 13 5157 2990 39206 8141
p 2 3 5562 2595 36227 8444
p 2 7 3508 4645 30626 6254
p 2 8 4766 3386 32608 7486
p 2 24 4731 3405 38328 7747
p 2 17 4683 3460 32498 7540
p 2 19 3193 4948 29497 6033
p 2 14 3967 4179 30685 6737
p 2 10 4103 4047 34500 6966
p 2 7 6886 1267 54481 10807
p 2 6 5147 3007 39968 8317
p 2 9 4844 3307 35645 7857
p 2 8 4359 3793 39606 7598
p 2 5 4120 4035 30824 6832
p 2 5 3041 5114 29022 5780
p 2 8 3477 4675 27870 6185
p 2 6 3716 4438 30958 6485
p 2 3 3756 4401 27845 6453
p 2 4 2681 5475 26418 5446
p 2 11 3292 4857 29142 6173
p 2 9 3584 4567 33332 6594
p 2 18 3906 4236 32321 6914
p 2 21 2805 5334 31003 5861
p 2 7 3392 4761 31027 6196
p 2 5 3524 4631 33913 6339
p 2 16 3303 4841 27061 5848
p 2 11 2413 5736 25160 4857
p 2 6 2901 5253 24140 5199
p 2 3 2943 5214 25619 5142
p 2 2 2739 5419 21087 4844
p 2 3 1919 6238 19949 4007
p 2 0 2212 5948 20356 4317
p 2 5 2398 5757 24696 4626
p 2 16 3650 4494 29796 6025
p 2 62 2543 5555 35469 5273
p 2 157 3162 4841 51297 6639
p 2 270 3771 4119 68290 8187
p 2 206 3576 4378 65830 7575
p 2 15 2330 5815 24651 4628
p 2 12 3016 5132 27860 5380
p 2 7 3125 5028 29114 5483
p 2 5 2842 5313 26623 5150
p 2 6 2037 6117 26132 4427
p 2 11 2387 5762 28988 4847
p 2 6 2608 5546 32373 5155
p 2 8 2685 5467 27578 5148
p 2 8 2185 5967 28853 4709
p 2 11 2521 5628 30027 5111
p 2 15 2643 5502 33877 5375
p 2 13 2726 5421 30869 5398
p 2 16 2123 6021 30707 4741
p 2 10 2500 5650 28235 5054
p 2 8 2618 5534 31192 5241
p 2 13 2557 5590 27209 5108
p 2 36 2134 5990 28889 4856
p 2 26 2445 5689 27030 5071
p 2 13 2466 5681 30574 5193
p 2 12 3904 4244 34967 6707
p 2 7 3668 4485 38473 6560
p 2 8 3409 4743 34433 6142
p 2 8 3452 4700 37705 6275
p 2 5 3073 5082 32111 5693
p 2 4 2405 5751 31473 4962
p 2 8 2764 5388 31110 5322
p 2 16 2965 5179 34736 5733
p 2 10 2903 5247 30529 5584
p 2 11 2360 5789 30456 5055
p 2 10 2764 5386 28297 5411
p 2 28 2899 5233 33430 5767
p 2 19 2934 5207 27373 5704
p 2 20 2329 5811 27961 5159
p 2 14 2803 5343 27809 5544
p 2 10 2967 5183 30806 5757
p 2 10 2828 5322 26778 5505
p 2 8 2289 5863 27196 4982
p 2 8 2690 5462 28160 5422
p 2 8 2858 5294 31705 5704
p 2 5 2795 5360 27181 5413
p 2 6 2450 5704 27277 5138
p 2 7 2586 5567 25246 5247
p 2 5 2626 5529 27342 5307
p 2 2 3656 4502 27920 6415
p 2 3 3429 4728 30208 6275
p 2 11 3242 4907 29542 6139
p 2 10 3390 4760 33256 6437
p 2 13 3085 5062 30157 6037
p 2 20 2726 5414 32262 5764
p 2 9 2887 5264 30594 5694
p 2 6 2919 5235 31125 5666
p 2 25 2863 5272 26646 5446
p 2 22 2271 5867 25709 4806
p 2 11 2587 5562 23938 4908
p 2 3 2687 5470 25885 4873
p 2 3 2427 5730 20918 4538
p 2 4 1912 6244 20356 3963
p 2 3 2151 6006 20883 4239
p 2 2 2353 5805 23133 4505
p 2 2 2273 5885 21240 4405
p 2 0 1776 6384 22470 3904
p 2 0 2026 6134 22282 4169
p 2 2 2092 6066 24465 4272
p 2 1 2007 6152 21769 4111
p 2 16 1646 6498 22972 3876
p 2 13 1974 6173 24953 4317
p 2 9 1986 6165 25655 4293
p 2 5 2626 5529 25923 4982
p 2 8 2432 5720 27550 4844
p 2 12 2258 5890 28185 4738
p 2 8 2489 5663 31377 5037
p 2 8 2439 5713 26220 4880
p 2 154 2327 5679 68714 6373
p 2 8 2435 5717 28910 4970
p 2 121 2886 5153 71832 6948
p 2 10 2753 5397 29860 5387
p 2 135 2368 5657 70395 6371
p 2 9 2588 5563 26995 5108
p 2 133 2818 5209 69598 6863
p 2 11 2781 5368 27859 5341
p 2 39 2205 5916 29149 4923
p 2 27 2510 5623 26787 5104
p 2 12 2700 5448 30056 5368
p 2 13 2693 5454 29716 5324
p 2 9 2206 5945 30488 4883
p 2 4 2557 5599 31111 5186
p 2 6 2747 5407 34611 5440
p 2 6 2580 5574 30808 5144
p 2 5 2139 6016 29341 4601
p 2 11 2371 5778 29143 4869
p 2 16 2547 5597 32942 5256
p 2 9 3262 4889 32184 5951
p 2 14 2947 5199 31797 5670
p 2 14 2575 5571 29212 5198
p 2 26 2760 5374 29232 5562
p 2 14 2707 5439 30753 5539
p 2 16 2865 5279 28402 5701
p 2 9 2263 5888 26700 4932
p 2 9 2606 5545 27610 5300
p 2 4 2689 5467 31242 5478
p 2 3 2701 5456 26563 5389
p 2 4 2357 5799 27289 5097
p 2 2 2538 5620 28540 5314
p 2 6 2626 5528 31902 5488
p 2 8 2533 5619 27648 5314
p 2 15 2206 5939 27025 5011
p 2 11 2361 5788 25134 5117
p 2 12 2406 5742 28579 5259
p 2 12 2720 5428 27602 5610
p 2 25 2702 5433 30448 5760
p 2 21 2653 5486 29119 5703
p 2 28 2716 5416 33698 5877
p 2 23 2685 5452 30977 5826
p 2 17 2422 5721 30305 5419
p 2 18 2577 5565 29714 5453
p 2 24 2376 5760 26973 5017
p 2 25 2275 5860 22940 4758
p 2 12 2025 6123 22434 4328
p 2 2 2022 6136 20990 4130
p 2 3 1816 6341 20863 3923
p 2 3 1702 6455 17932 3743
p 2 0 1546 6614 18629 3605
p 2 1 1511 6648 18540 3578
p 2 2 1473 6685 21385 3610
p 2 2 1532 6626 19566 3621
p 2 1 1424 6735 21283 3531
i 2 8160 0 0 197321 36358
p 2 4 4256 3900 20161 7152
p 2 19 4652 3489 23453 7451
p 2 5 2960 5195 19200 5406
p 2 5 3270 4885 21412 5851
p 2 2 2282 5876 20022 4799
p 2 4 2355 5801 21616 4937
p 2 10 1909 6241 19693 4451
p 2 1847 6306 7 217376 28518
p 2 2004 6152 4 234344 29417
p 2 2833 5319 8 268500 30970
p 2 2597 5461 102 293553 30553
p 2 2065 5960 135 289409 28777
p 2 540 7241 379 215316 21727
p 2 32 5882 2246 38468 10674
p 2 8 4372 3780 28425 7672
p 2 9 3332 4819 27541 6500
p 2 16 3785 4359 27873 6821
p 2 16 3643 4501 29520 6529
p 2 9 3829 4322 26250 6566
p 2 39 2912 5209 26953 5770
p 2 5 3352 4803 25572 6056
p 2 5 3194 4961 28119 5977
p 2 69 3163 4928 29524 6317
p 2 4 2531 5625 25725 5246
p 2 2 2636 5522 25232 5304
p 2 29 2818 5313 32648 6002
p 2 0 3068 5092 25769 5776
p 2 3 2629 5528 25410 5349
p 2 45 2716 5399 28860 5821
p 2 15 2743 5402 28967 5780
p 2 8 2587 5565 27272 5567
p 2 20 2383 5757 28708 5546
p 2 36 2384 5740 28672 5656
p 2 57 2413 5690 31120 5772
p 2 27 2502 5631 25567 5425
p 2 31 2201 5928 25065 5018
p 2 16 2117 6027 21630 4633
p 2 23 1974 6163 21935 4488
p 2 22 1803 6335 16929 4059
p 2 23 1676 6461 16898 3853
i 2 8160 0 0 180205 35817
p 2 35 4772 3353 26316 8609
p 2 27 4982 3151 25965 8420
p 2 20 3308 4832 21688 6376
p 2 6 3471 4683 19352 6218
p 2 15 2595 5550 17037 5167
p 2 19 2397 5744 15023 4862
p 2 13 1986 6161 13930 4222
p 2 4 2049 6107 11249 4006
p 2 2049 6109 2 205468 29745
p 2 2046 6113 1 226462 30831
p 2 2334 5806 20 243404 30976
p 2 2252 5858 50 254318 29944
p 2 1122 6888 150 208185 24758
p 2 5 6037 2118 32000 10410
p 2 4 4170 3986 22564 7341
p 2 10 3532 4618 20501 6220
p 2 28 3411 4721 23166 6104
p 2 33 3839 4288 23769 6534
p 2 26 3133 5001 21481 5645
p 2 40 2814 5306 21523 5414
p 2 50 2593 5517 22874 5299
p 2 52 2989 5119 22651 5677
p 2 42 2512 5606 23512 5310
p 2 18 2442 5700 21000 5020
p 2 19 2464 5677 23179 5168
p 2 23 2770 5367 22371 5500
p 2 37 2667 5456 24234 5582
p 2 31 2710 5419 25116 5681
p 2 25 3030 5105 24914 5911
p 2 9 2554 5597 22018 5190
p 2 18 2163 5979 21485 4854
p 2 34 2387 5739 21024 5102
p 2 63 2457 5640 23779 5430
p 2 7 2471 5682 20628 4999
p 2 7 2188 5965 21690 4754
p 2 10 2208 5942 22065 4831
p 2 7 2214 5939 23628 4827
p 2 10 2289 5861 21997 4906
p 2 15 2141 6004 22732 4796
p 2 9 2135 6016 21502 4732
p 2 18 2068 6074 21344 4580
p 2 10 2058 6092 19263 4539
p 2 29 2059 6072 20521 4582
p 2 17 2188 5955 20564 4781
p 2 21 2130 6009 22361 4817
i 2 8160 0 0 322443 39899
p 2 27 5438 2695 60411 9521
p 2 16 5104 3040 56752 8843
p 2 15 5235 2910 63206 9301
p 2 10 5376 2774 53768 9059
p 2 15 4209 3936 55392 7885
p 2 10 5032 3118 62700 8849
p 2 3 4712 3445 33092 7483
p 2 1 4119 4040 29894 6788
p 2 4 2771 5385 29609 5490
p 2 5 3691 4464 32634 6431
p 2 11 4125 4024 36432 6994
p 2 7 3509 4644 31317 6255
p 2 9 2680 5471 30368 5405
p 2 13 2948 5199 29714 5606
p 2 16 3126 5018 33694 5863
p 2 8 3260 4892 29860 5930
p 2 15 2680 5465 29681 5409
p 2 17 2984 5159 30545 5708
p 2 4 3167 4989 30893 5803
p 2 6 3220 4934 29485 5826
p 2 18 2565 5577 28123 5233
p 2 9 2973 5178 28763 5627
p 2 2 3102 5056 30115 5823
p 2 4 3670 4486 31435 6460
p 2 7 3175 4978 30288 5933
p 2 8 2887 5265 29301 5648
p 2 13 3109 5038 30833 5945
p 2 20 3288 4852 34456 6312
p 2 22 3222 4916 30384 6097
p 2 21 2553 5586 30501 5479
p 2 2 2980 5178 28067 5693
p 2 3 3142 5015 31225 5995
p 2 7 2895 5258 29088 5661
p 2 2 2403 5755 28448 5131
p 2 1 2758 5401 30992 5550
p 2 7 2842 5311 35230 5812
p 2 5 2789 5366 31416 5629
p 2 10 2538 5612 33203 5476
p 2 9 2569 5582 30435 5391
p 2 5 2618 5537 31328 5328
p 2 5 2943 5212 26609 5449
p 2 10 2852 5298 28751 5451
p 2 3 2465 5692 22368 4780
p 2 1 2540 5619 23893 4846
p 2 2 2284 5874 20252 4470
p 2 2 1905 6253 19745 4068
p 2 1 1895 6264 19547 4041
p 2 4 2074 6082 23816 4367
p 2 6 1911 6243 20476 4144
p 2 3 1656 6501 21327 3899
p 2 1 1731 6428 20996 3982
p 2 0 1743 6417 22242 3999
p 2 2 1690 6468 20724 3942
p 2 2 1640 6518 22634 3956
p 2 1 1724 6435 23072 4088
p 2 7 1686 6467 24930 4108
p 2 12 1697 6451 23058 4109
p 2 7 1647 6506 25922 4145
i 2 8160 0 0 269078 37551
p 2 23 4004 4133 24140 7002
p 2 10 4076 4074 26152 6687
p 2 5 2835 5320 22090 5205
p 2 6 2832 5322 24080 5282
p 2 15 2529 5616 21062 4914
p 2 27 2389 5744 23355 4984
p 2 8 2133 6019 20612 4435
p 2 11 2108 6041 22379 4437
p 2 4 2184 5972 21271 4527
p 2 6 2069 6085 22599 4496
p 2 5 2133 6022 22052 4523
p 2 554 2126 5480 48693 7628
p 2 1727 2179 4254 96761 14843
p 2 2664 2553 2943 140823 20745
p 2 1795 3836 2529 101972 17122
p 2 520 4423 3217 87784 11894
p 2 9 4235 3916 50902 7557
p 2 11 3855 4294 26641 6615
p 2 9 3395 4756 25560 5987
p 2 9 3359 4792 24035 5933
p 2 14 2707 5439 23276 5283
p 2 15 2780 5365 23576 5390
p 2 8 2713 5439 23963 5236
p 2 8 3798 4354 25315 6341
p 2 4 3385 4771 25043 5980
p 2 2 3142 5016 22681 5621
p 2 2 2970 5188 25833 5537
p 2 2 2799 5359 23130 5320
p 2 4 2454 5702 24079 5046
p 2 2 2595 5563 24662 5269
p 2 1 2538 5621 26455 5157
p 2 2 2632 5526 24356 5238
p 2 9 2460 5691 26102 5097
p 2 1 2504 5655 26492 5270
p 2 2 2449 5709 29205 5249
p 2 4 2672 5484 27190 5547
p 2 12 2467 5681 29130 5390
p 2 21 2564 5575 29535 5668
p 2 30 2485 5645 30958 5492
p 2 15 2450 5695 24817 5160
p 2 16 2124 6020 21918 4560
p 2 20 2117 6023 21139 4558
p 2 15 1915 6230 20184 4221
p 2 3 1779 6378 17207 3840
p 2 4 1552 6604 15336 3468
p 2 1 1520 6639 16794 3474
p 2 3 1441 6716 14945 3346
p 2 1185 1602 5373 69460 10156
p 2 2338 2311 3511 127969 18736
i 2 8160 0 0 300936 40240
p 2 656 5328 2176 105152 14483
p 2 3 4932 3225 51146 8160
p 2 3 3250 4907 21049 5736
p 2 13 3524 4623 22250 5944
p 2 24 3290 4846 25666 5952
p 2 18 2924 5218 20372 5350
p 2 26 2322 5812 20975 4926
p 2 25 2302 5833 21057 4844
p 2 39 2430 5691 24308 5126
p 2 22 2508 5630 23876 5161
p 2 12 2269 5879 22930 4791
p 2 16 2219 5925 22714 4880
p 2 27 2198 5935 24846 4951
p 2 31 2109 6020 22577 4882
p 2 27 2158 5975 24802 4959
p 2 12 2152 5996 24156 4801
p 2 4 2028 6128 23038 4417
p 2 8 2119 6033 21358 4522
p 2 14 1994 6152 21846 4403
p 2 28 2021 6111 22359 4583
p 2 10 1906 6244 22160 4224
i 2 8160 0 0 283328 39316
p 2 18 3653 4489 22029 6334
p 2 15 3415 4730 23463 5993
p 2 13 2781 5366 21254 5232
p 2 6 2865 5289 19481 5329
p 2 14 2356 5790 19287 4850
p 2 33 2590 5537 21125 5231
p 2 7 2420 5733 18723 4765
p 2 4 2515 5641 17785 4805
p 2 5 2245 5910 19796 4660
p 2 8 2436 5716 20037 4879
p 2 14 2547 5599 22625 5141
p 2 17 2450 5693 20805 5065
p 2 23 2248 5889 21209 4865
p 2 26 2360 5774 19672 4817
p 2 28 2382 5750 21750 4962
p 2 23 2456 5681 19334 4897
p 2 32 2344 5784 20925 4926
p 2 32 2438 5690 21553 5108
p 2 9 2410 5741 21005 4915
p 2 27 2454 5679 19782 5031
p 2 23 2291 5846 19722 4858
p 2 28 2375 5757 19586 4976
p 2 9 2374 5777 19456 4854
p 2 6 2841 5313 19227 5255
p 2 9 2612 5539 19504 5067
p 2 7 2777 5376 19091 5192
p 2 12 2871 5277 22891 5472
p 2 18 2868 5274 20146 5447
p 2 27 2544 5589 20305 5119
p 2 34 2650 5476 20565 5364
p 2 6 2703 5451 21436 5233
p 2 6 2730 5424 19243 5146
p 2 19 2543 5598 22185 5170
p 2 5 2671 5484 21210 5262
p 2 13 2802 5345 24077 5515
p 2 17 2748 5395 23775 5586
p 2 28 2640 5492 23339 5530
p 2 29 2552 5579 24383 5578
p 2 21 2678 5461 23137 5594
p 2 16 2697 5447 23104 5598
p 2 11 2588 5561 19030 5105
p 2 24 2372 5764 20240 5000
p 2 28 2313 5819 17129 4698
p 2 19 2386 5755 17486 4704
p 2 5 2542 5613 15847 4630
p 2 1 2143 6016 14110 4062
p 2 3 2378 5779 15279 4415
p 2 16 2790 5354 19063 5044
p 2 5 2041 6114 15987 4211
p 2 10 2070 6080 17363 4300
p 2 16 1976 6168 16927 4224
p 2 16 1812 6332 16599 4081
p 2 13 1824 6323 16258 4071
p 2 33 1916 6211 19445 4429
p 2 51 1994 6115 19333 4700
p 2 9 1921 6230 18883 4329
p 2 17 1985 6158 19800 4496
p 2 15 2058 6087 21009 4593
p 2 15 2101 6044 20966 4632
p 2 15 2065 6080 22676 4693
p 2 8 2092 6060 20491 4593
p 2 13 2102 6045 22641 4717
p 2 13 2215 5932 21495 4812
p 2 11 2176 5973 23064 4866
p 2 17 2204 5939 22958 4917
p 2 10 2213 5937 23223 4855
p 2 10 2136 6014 18822 4597
p 2 7 2084 6069 19591 4540
p 2 18 2069 6073 18557 4556
p 2 29 2055 6076 20960 4704
i 2 8160 0 0 295505 38731
p 2 6 3845 4309 22300 6492
p 2 4 3738 4418 24456 6195
p 2 12 2913 5235 22268 5236
p 2 10 3001 5149 24004 5384
p 2 10 2863 5287 21805 5198
p 2 21 2621 5518 25053 5205
p 2 3 2549 5608 20496 4828
p 2 1 2654 5505 22391 4960
p 2 11 2682 5467 22610 5098
p 2 3 2396 5761 22396 4730
p 2 5 2583 5572 22918 4973
p 2 22 2660 5478 25985 5221
p 2 9 2755 5396 23299 5166
p 2 5 2359 5796 21579 4584
p 2 5 2447 5708 22107 4719
p 2 13 2553 5594 23631 4923
p 2 15 2712 5433 22014 5148
p 2 22 2346 5792 23512 4954
p 2 10 2609 5541 22552 5081
p 2 28 2537 5595 21175 5090
p 2 30 2355 5775 20946 4885
p 2 21 2383 5756 21647 4926
p 2 10 2304 5846 20509 4723
p 2 16 2874 5270 20980 5330
p 2 4 2749 5407 21033 5196
p 2 3 2883 5274 20668 5248
p 2 6 2951 5203 24174 5494
p 2 7 2822 5331 21104 5288
p 2 13 2518 5629 21873 5086
p 2 8 2674 5478 23282 5308
p 2 2 2581 5577 22830 5166
p 2 1 2583 5576 20339 5062
p 2 7 2463 5690 22999 5116
p 2 1 2560 5599 22993 5295
p 2 4 2603 5553 25720 5363
p 2 13 2766 5381 23793 5643
p 2 18 2596 5546 25159 5587
p 2 15 2749 5396 26408 5903
p 2 37 2747 5376 27647 5777
p 2 4 2737 5419 22688 5416
p 2 8 2383 5769 19966 4807
p 2 14 2428 5718 20318 4918
p 2 21 2284 5855 18381 4544
p 2 8 2202 5950 15207 4281
p 2 3 1842 6315 14066 3796
p 2 4 1761 6395 13076 3644
p 2 4 1760 6396 14497 3656
p 2 11 2159 5990 16762 4167
p 2 4 2083 6073 16230 4078
p 2 3 1889 6268 15835 3830
p 2 10 1927 6223 16047 3954
p 2 4 2013 6143 16691 4044
p 2 1 1959 6200 14875 3912
p 2 18 1830 6312 17855 3960
p 2 13 2004 6143 17818 4238
p 2 0 2038 6122 17568 4131
p 2 3 2060 6097 17384 4198
p 2 0 1894 6266 17504 3988
p 2 12 2002 6146 19857 4294
p 2 5 2139 6016 23310 4512
p 2 1 2130 6029 19749 4351
p 2 4 2010 6146 20773 4288
p 2 4 2153 6003 21835 4549
p 2 3 2232 5925 23805 4664
p 2 7 2381 5772 22690 4933
p 2 7 2313 5840 24709 4833
p 2 3 2276 5881 20969 4597
p 2 14 2256 5890 23187 4703
p 2 6 2216 5938 21454 4582
p 2 24 2170 5966 23403 4681
p 2 2 2166 5992 20433 4506
p 2 4 2190 5966 22964 4577
p 2 3 2182 5975 21053 4504
p 2 3 2073 6084 22370 4443
p 2 3 2135 6022 22582 4546
p 2 7 2152 6001 24150 4626
p 2 7 2107 6046 21403 4471
p 2 5 2053 6102 20612 4288
p 2 4 1996 6160 20475 4226
p 2 13 2067 6080 23069 4471
p 2 17 2088 6055 20581 4496
p 2 23 2094 6043 22665 4658
i 2 8160 0 0 270165 40745
p 2 0 1496 6664 3714 2668
p 2 650 2703 4807 112002 10611
p 2 0 1547 6613 4798 2813
p 2 900 2415 4845 117649 11329
p 2 0 1345 6815 4167 2608
p 2 713 2707 4740 114351 10983
p 2 0 2488 5672 6952 3755
p 2 650 2388 5122 110534 10421
p 2 0 1546 6614 4719 2943
p 2 567 2378 5215 109110 9956
p 2 0 1821 6339 5591 3154
p 2 565 2350 5245 110296 9814
p 2 0 1467 6693 4742 2832
p 2 876 2006 5278 115593 10813
p 2 0 1780 6380 5552 3110
p 2 787 2113 5260 117022 10589
p 2 0 1434 6726 4535 2781
p 2 815 1845 5500 110157 10619
p 2 0 1529 6631 4744 2851
p 2 888 2041 5231 114853 11106
p 2 0 1386 6774 4406 2757
p 2 675 2185 5300 111921 10275
p 2 0 1851 6309 5483 3203
p 2 803 2275 5082 115867 10785
p 2 0 1571 6589 4803 2936
p 2 884 2012 5264 115419 10995
p 2 0 1629 6531 4938 2952
p 2 707 1874 5579 114503 10169
p 2 0 1321 6839 4591 2687
p 2 938 1726 5496 120293 11113
p 2 0 1278 6882 4259 2585
p 2 789 1806 5565 117526 10588
p 2 0 1415 6745 4513 2746
p 2 235 2272 5653 73372 6989
p 2 0 1530 6630 4852 2833
p 2 245 2135 5780 74198 6942
p 2 0 1605 6555 5054 2857
p 2 227 2261 5672 73319 6901
p 2 0 1462 6698 4823 2752
p 2 247 2094 5819 72321 6927
p 2 0 1541 6619 4890 2786
p 2 26 2670 5464 32353 5196
p 2 0 1177 6983 3921 2350
p 2 23 2232 5905 29563 4492
p 2 0 926 7234 3248 2067
p 2 193 1981 5986 92043 6984
p 2 0 1444 6716 5086 2792
p 2 194 2178 5788 91676 7026
p 2 0 1419 6741 5062 2809
p 2 31 2152 5977 33054 4807
p 2 0 1136 7024 3809 2296
p 2 30 2205 5925 28950 4598
p 2 0 1084 7076 3693 2238
p 2 21 2194 5945 31770 4615
p 2 0 923 7237 3293 2127
p 2 188 2024 5948 91233 6960
p 2 0 1445 6715 5300 2810
p 2 192 2039 5929 90982 6891
p 2 0 1350 6810 4788 2702
p 2 25 2088 6047 31095 4627
p 2 0 1059 7101 3661 2224
p 2 28 2167 5965 28991 4549
p 2 0 989 7171 3419 2143
p 2 21 2142 5997 28720 4388
p 2 0 869 7291 3091 2003
p 2 197 1966 5997 91288 6964
p 2 0 1351 6809 4886 2696
p 2 195 1973 5992 90510 6810
p 2 0 1327 6833 4717 2693
p 2 23 2051 6086 29641 4509
p 2 0 976 7184 3492 2167
p 2 30 2101 6029 26756 4374
p 2 0 1094 7066 5235 2287
p 2 24 2019 6117 29089 4372
p 2 0 850 7310 3001 1996
p 2 202 1963 5995 91802 7008
p 2 0 1241 6919 4577 2579
p 2 184 1925 6051 90640 6729
p 2 0 1276 6884 4634 2657
p 2 28 2071 6061 31564 4604
p 2 0 1070 7090 3907 2276
p 2 18 2119 6023 28587 4480
p 2 0 917 7243 3134 2054
p 2 22 2072 6066 28332 4315
p 2 0 873 7287 3163 1988
p 2 191 1920 6049 92097 6906
p 2 0 1269 6891 4695 2623
p 2 193 1974 5993 90361 6807
p 2 0 1348 6812 4860 2706
p 2 28 2090 6042 30880 4592
p 2 0 1031 7129 3603 2235
p 2 28 2095 6037 29242 4495
p 2 0 867 7293 3036 2018
p 2 16 2101 6043 28215 4272
p 2 0 767 7393 2785 1886
p 2 186 1866 6108 91556 6786
p 2 0 1270 6890 4484 2580
p 2 191 1885 6084 90050 6674
p 2 0 1257 6903 4572 2625
p 2 23 2009 6128 30178 4445
p 2 0 956 7204 3500 2107
p 2 15 2026 6119 27626 4338
p 2 0 783 7377 2834 1919
p 2 21 2090 6049 28302 4338
p 2 0 881 7279 3134 2005
p 2 1522 1229 5409 123721 12716
p 2 0 1315 6845 4149 2540
p 2 1731 1430 4999 115406 13612
p 2 0 1314 6846 3914 2544
p 2 1750 1678 4732 125891 14314
p 2 0 1473 6687 4309 2694
p 2 1470 1782 4908 128136 13389
p 2 0 1340 6820 4149 2625
p 2 1359 1736 5065 117262 12681
p 2 0 1402 6758 4200 2602
p 2 1256 1801 5103 115312 12067
p 2 0 1504 6656 4462 2775
p 2 729 1906 5525 103975 9484
p 2 0 1313 6847 4425 2630
p 2 1219 1406 5535 122856 11849
p 2 0 1049 7111 3918 2380
i 2 8160 0 0 249880 39230
p 2 0 1697 6463 4056 2879
p 2 1704 2168 4288 141886 14988
p 2 0 1540 6620 4787 2805
p 2 1726 1657 4777 128301 14023
p 2 0 1457 6703 4534 2675
p 2 1318 1795 5047 112599 12262
p 2 0 1508 6652 4484 2725
p 2 1355 1789 5016 122831 12562
p 2 0 1401 6759 4351 2631
p 2 1448 1788 4924 122304 13057
p 2 0 1660 6500 4875 2880
p 2 1346 1887 4927 121251 12817
p 2 0 1602 6558 4734 2810
p 2 1203 2754 4203 132481 13327
p 2 0 1975 6185 5598 3189
p 2 1086 2037 5037 117831 11799
p 2 0 1535 6625 4586 2856
p 2 1113 1739 5308 116637 11465
p 2 0 1383 6777 4248 2606
p 2 1046 1900 5214 121594 11509
p 2 0 1372 6788 4397 2692
p 2 2220 946 4994 138672 15918
p 2 0 1133 7027 3765 2331
p 2 2202 1113 4845 139634 16312
p 2 0 1121 7039 3849 2339
p 2 2410 1720 4030 153044 17456
p 2 0 1632 6528 4851 2850
p 2 922 2073 5165 112739 10801
p 2 0 1366 6794 4437 2639
p 2 532 1975 5653 98369 8629
p 2 0 1280 6880 4667 2581
p 2 416 2118 5626 98698 8328
p 2 0 1357 6803 4921 2632
p 2 0 920 7240 3468 2080
p 2 0 767 7393 3321 1911
i 2 8160 0 0 365013 40208
p 2 0 1549 6611 3952 2751
p 2 0 1376 6784 3674 2605
p 2 3 667 7490 2872 1850
p 2 0 682 7478 2418 1828
p 2 0 441 7719 2027 1564
p 2 3 342 7815 2500 1501
p 2 0 288 7872 1701 1393
p 2 0 279 7881 1808 1389
p 2 0 291 7869 2180 1420
p 2 0 194 7966 1577 1312
p 2 0 188 7972 1538 1291
p 2 3 218 7939 2396 1361
p 2 0 168 7992 1532 1274
p 2 0 186 7974 1692 1296
p 2 2 195 7963 1782 1330
p 2 0 98 8062 1308 1206
p 2 0 92 8068 1300 1196
p 2 6 118 8036 2071 1263
p 2 0 167 7993 1492 1266
p 2 0 72 8088 1230 1178
p 2 0 100 8060 1731 1223
p 2 0 101 8059 1361 1208
p 2 0 92 8068 1445 1191
p 2 3 460 7697 2803 1592
p 2 0 480 7680 2252 1591
p 2 0 436 7724 2111 1546
p 2 2 445 7713 2547 1598
p 2 0 256 7904 1741 1370
p 2 0 112 8048 1408 1221
p 2 6 145 8009 2150 1289
p 2 0 128 8032 1485 1236
p 2 0 116 8044 1380 1221
p 2 0 105 8055 1762 1233
p 2 0 134 8026 1432 1238
p 2 0 127 8033 1468 1230
p 2 3 138 8019 2050 1268
p 2 0 97 8063 1277 1202
p 2 0 72 8088 1243 1171
p 2 0 75 8085 1318 1177
p 2 0 178 7982 1507 1278
p 2 0 179 7981 1468 1279
p 2 25 500 7635 14609 1962
p 2 0 407 7753 2308 1511
p 2 58 606 7496 17957 2387
p 2 0 358 7802 1951 1472
p 2 56 589 7515 15481 2320
p 2 0 511 7649 2748 1632
p 2 41 1626 6493 20428 3350
p 2 0 1108 7052 4661 2277
p 2 0 653 7507 2828 1769
p 2 2 533 7625 3045 1676
p 2 0 341 7819 1927 1451
p 2 0 358 7802 2275 1471
p 2 4 221 7935 2304 1361
p 2 0 246 7914 1824 1352
p 2 0 148 8012 1495 1259
p 2 0 177 7983 2016 1298
p 2 0 111 8049 1392 1218
p 2 0 114 8046 1502 1216
p 2 2 119 8039 1889 1242
p 2 0 143 8017 1482 1245
p 2 0 140 8020 1496 1242
p 2 13 1479 6668 40669 3472
p 2 0 691 7469 3201 1831
p 2 0 323 7837 2063 1436
p 2 28 1505 6627 42483 3628
p 2 0 1316 6844 5383 2485
p 2 0 1567 6593 5069 2678
p 2 26 1476 6658 42177 3585
p 2 0 790 7370 3457 1955
p 2 0 564 7596 2600 1690
p 2 38 2990 5132 50308 5328
p 2 0 2206 5954 7991 3442
p 2 0 799 7361 2942 1920
p 2 0 984 7176 5118 2143
p 2 0 732 7428 2844 1825
p 2 0 289 7871 1726 1394
p 2 2 407 7751 2607 1527
p 2 0 355 7805 2193 1458
p 2 0 384 7776 2288 1494
p 2 1 242 7917 1840 1371
p 2 0 223 7937 1724 1326
p 2 0 222 7938 1816 1330
p 2 1 258 7901 2510 1379
p 2 0 133 8027 1394 1239
p 2 0 175 7985 1626 1279
p 2 2 174 7984 2289 1300
p 2 0 145 8015 1499 1244
p 2 0 132 8028 1614 1239
p 2 2 176 7982 1807 1309
p 2 0 109 8051 1344 1212
p 2 0 95 8065 1324 1195
p 2 4 108 8048 1989 1244
p 2 0 79 8081 1264 1182
p 2 0 82 8078 1340 1185
p 2 0 568 7592 3071 1705
p 2 0 500 7660 2427 1622
p 2 0 356 7804 2095 1467
p 2 2 318 7840 2719 1458
p 2 0 249 7911 1785 1357
p 2 0 216 7944 1759 1316
p 2 0 177 7983 2010 1297
p 2 0 165 7995 1640 1276
p 2 1 137 8022 1586 1255
p 2 0 116 8044 1461 1221
p 2 0 107 8053 1393 1208
p 2 0 102 8058 1457 1211
p 2 0 90 8070 1306 1190
p 2 0 73 8087 1333 1175
p 2 0 75 8085 1292 1174
p 2 0 56 8104 1429 1163
p 2 0 49 8111 1217 1151
p 2 0 37 8123 1196 1139
p 2 0 61 8099 1442 1170
p 2 0 60 8100 1291 1163
p 2 0 54 8106 1233 1158
p 2 0 41 8119 1332 1147
p 2 0 42 8118 1220 1144
p 2 0 47 8113 1226 1147
p 2 39 1314 6807 17193 2974
p 2 0 826 7334 3215 1954
p 2 0 727 7433 3165 1836
p 2 44 1118 6998 18870 2821
p 2 0 679 7481 2901 1803
p 2 0 486 7674 2673 1598
p 2 56 768 7336 17613 2554
p 2 0 379 7781 2074 1517
p 2 0 411 7749 2186 1517
p 2 42 654 7464 10831 2224
p 2 0 528 7632 2365 1644
p 2 0 229 7931 1587 1348
p 2 0 297 7863 1946 1401
p 2 0 271 7889 1808 1377
p 2 0 248 7912 1712 1356
p 2 0 282 7878 2047 1393
p 2 0 183 7977 1558 1285
p 2 0 81 8079 1259 1186
p 2 0 79 8081 1562 1181
p 2 0 70 8090 1316 1171
p 2 0 91 8069 1322 1188
p 2 0 102 8058 1574 1209
p 2 0 100 8060 1350 1205
p 2 0 90 8070 1324 1193
p 2 0 592 7568 2759 1703
p 2 0 696 7464 2900 1832
p 2 0 406 7754 2117 1517
p 2 0 364 7796 2324 1481
p 2 0 443 7717 2371 1565
p 2 0 403 7757 2557 1521
p 2 0 222 7938 1758 1328
p 2 0 98 8062 1299 1210
p 2 0 70 8090 1269 1175
p 2 0 84 8076 1497 1186
p 2 0 133 8027 1517 1236
p 2 0 133 8027 1603 1231
p 2 0 103 8057 1568 1208
p 2 0 59 8101 1234 1165
p 2 0 52 8108 1226 1154
p 2 0 58 8102 1379 1163
p 2 0 64 8096 1261 1170
p 2 0 75 8085 1293 1177
p 2 0 85 8075 1499 1191
p 2 0 32 8128 1164 1134
p 2 0 41 8119 1190 1143
p 2 0 54 8106 1400 1160
p 2 0 41 8119 1209 1141
p 2 0 48 8112 1271 1150
p 2 0 223 7937 1801 1329
p 2 0 293 7867 1773 1401
p 2 0 139 8021 1400 1245
p 2 0 129 8031 1601 1236
p 2 0 134 8026 1416 1235
p 2 0 154 8006 1551 1257
p 2 0 81 8079 1430 1190
p 2 0 79 8081 1300 1183
p 2 0 68 8092 1253 1175
p 2 0 63 8097 1494 1173
p 2 0 24 8136 1151 1125
p 2 0 41 8119 1191 1144
p 2 0 38 8122 1324 1146
p 2 0 38 8122 1182 1140
p 2 0 24 8136 1157 1128
p 2 0 27 8133 1339 1135
p 2 0 17 8143 1134 1118
p 2 0 22 8138 1145 1124
p 2 0 23 8137 1153 1125
p 2 0 30 8130 1168 1132
p 2 0 24 8136 1148 1124
p 2 0 20 8140 1142 1124
p 2 0 18 8142 1283 1126
p 2 0 15 8145 1137 1119
p 2 16 1424 6720 40297 3513
p 2 0 768 7392 3198 1933
p 2 30 3194 4936 85999 6871
p 2 0 2348 5812 7496 3657
p 2 19 2454 5687 73162 5711
p 2 0 2023 6137 6850 3285
p 2 9 2582 5569 48792 5249
p 2 0 1867 6293 6262 3086
p 2 0 687 7473 2529 1798
p 2 0 604 7556 2519 1720
p 2 0 727 7433 3042 1833
p 2 0 439 7721 2172 1544
p 2 0 238 7922 1634 1344
p 2 0 154 8006 1449 1259
p 2 0 121 8039 1405 1223
p 2 0 106 8054 1323 1208
p 2 0 71 8089 1242 1171
p 2 0 57 8103 1223 1157
p 2 0 63 8097 1245 1167
p 2 0 68 8092 1234 1168
p 2 0 35 8125 1167 1139
p 2 0 41 8119 1172 1142
p 2 0 33 8127 1163 1136
i 2 8160 0 0 318863 40197
p 2 0 1447 6713 3434 2511
p 2 50 2387 5723 42498 5151
p 2 571 3199 4390 87669 9939
p 2 34 3049 5077 46878 6038
p 2 0 1335 6825 4185 2498
p 2 772 3480 3908 131966 12211
p 2 0 2558 5602 8134 4050
p 2 77 2393 5690 52298 5828
p 2 615 2774 4771 82741 9433
p 2 102 3020 5038 55785 6585
p 2 0 1958 6202 6251 3217
p 2 584 4016 3560 138086 12330
p 2 0 2154 6006 6627 3533
p 2 127 2620 5413 57413 6226
p 2 0 1810 6350 5897 3053
p 2 42 2561 5557 44770 5289
p 2 0 1218 6942 4452 2392
p 2 74 2432 5654 45392 5294
p 2 0 1834 6326 5946 2969
p 2 188 2081 5891 82096 6302
p 2 0 1291 6869 4050 2461
p 2 106 2128 5926 78305 5726
p 2 0 1679 6481 5832 2866
p 2 47 2284 5829 45545 5129
p 2 0 1340 6820 4729 2521
p 2 12 1708 6440 34352 4029
p 2 0 897 7263 3283 2043
p 2 12 1449 6699 33540 3710
p 2 0 978 7182 3874 2121
p 2 40 1599 6521 39667 4220
p 2 0 1131 7029 4288 2293
p 2 78 1733 6349 71922 4948
p 2 0 997 7163 3991 2212
p 2 169 1539 6452 80071 5560
p 2 0 1136 7024 4413 2351
p 2 75 1751 6334 43259 4652
p 2 0 952 7208 3544 2116
p 2 90 2355 5715 66950 6171
p 2 0 1567 6593 5549 2778
p 2 81 2470 5609 66935 6220
p 2 0 1356 6804 4870 2567
p 2 91 2483 5586 81304 6405
p 2 0 1684 6476 6090 2996
p 2 268 2244 5648 110879 7839
p 2 0 1418 6742 5219 2763
p 2 126 1891 6143 59509 5207
p 2 0 1244 6916 4443 2391
p 2 63 1880 6217 50777 4797
p 2 0 995 7165 3849 2151
p 2 264 1541 6355 85533 6350
p 2 0 1230 6930 4549 2431
p 2 41 1755 6364 43141 4498
p 2 0 1008 7152 4236 2193
p 2 80 1625 6455 44269 4514
p 2 0 1109 7051 4020 2242
p 2 184 1598 6378 80585 5805
p 2 0 1030 7130 3798 2206
p 2 100 1582 6478 76957 5141
p 2 0 1261 6899 4708 2454
p 2 37 2634 5489 47258 5410
p 2 0 1402 6758 5071 2597
p 2 9 1621 6530 33295 3878
p 2 0 906 7254 3690 2092
p 2 9 1348 6803 34049 3584
p 2 0 951 7209 3595 2076
p 2 43 1602 6515 38665 4171
p 2 0 833 7327 3215 1972
p 2 77 1551 6532 71452 4771
p 2 0 1149 7011 4402 2365
p 2 178 1495 6487 79360 5608
p 2 0 1003 7157 3762 2198
p 2 66 1577 6517 42778 4423
p 2 0 1091 7069 4154 2266
p 2 140 1484 6536 55893 4762
p 2 0 831 7329 3280 1974
p 2 165 1333 6662 54312 4677
p 2 0 1185 6975 4429 2345
p 2 143 1703 6314 55228 4909
p 2 0 839 7321 3362 1999
p 2 0 639 7521 2552 1737
p 2 0 547 7613 2483 1653
p 2 0 1268 6892 4293 2368
p 2 0 312 7848 1654 1408
p 2 0 1266 6894 4411 2364
p 2 0 1588 6572 5810 2718
p 2 0 702 7458 2705 1772
p 2 0 243 7917 1636 1345
p 2 0 319 7841 1793 1407
p 2 0 272 7888 1774 1362
p 2 0 301 7859 1998 1405
p 2 0 183 7977 1663 1286
p 2 0 187 7973 1538 1285
p 2 0 179 7981 1700 1288
p 2 0 110 8050 1405 1211
p 2 0 88 8072 1459 1192
p 2 0 101 8059 1405 1204
p 2 0 84 8076 1358 1185
p 2 0 56 8104 1253 1158
p 2 0 23 8137 1162 1127
p 2 0 51 8109 1251 1152
p 2 0 28 8132 1162 1132
p 2 0 14 8146 1130 1118
p 2 0 26 8134 1157 1128
p 2 0 41 8119 1183 1142
p 2 0 45 8115 1221 1146
p 2 195 1477 6488 69892 5493
p 2 0 923 7237 3735 2132
p 2 238 1635 6287 63869 5708
p 2 0 1427 6733 5227 2625
p 2 141 1607 6412 63839 5206
p 2 0 1135 7025 4246 2362
p 2 279 1345 6536 75641 5955
p 2 0 862 7298 3503 2162
p 2 292 1208 6660 65919 5615
p 2 0 1007 7153 3736 2169
p 2 223 1275 6662 67937 5252
p 2 0 870 7290 3451 2038
p 2 362 1282 6516 88951 6578
p 2 0 951 7209 3742 2126
p 2 161 1391 6608 67212 5349
p 2 0 950 7210 3853 2141
p 2 303 1224 6633 77273 5899
p 2 0 837 7323 3517 2018
p 2 283 1227 6650 82758 5945
p 2 0 908 7252 3693 2114
p 2 239 1311 6610 78124 5790
p 2 0 1023 7137 3973 2225
p 2 216 1395 6549 63749 5485
p 2 0 936 7224 3722 2155
p 2 92 1382 6686 53287 4581
p 2 0 958 7202 3726 2145
p 2 105 1456 6599 55639 4760
p 2 0 922 7238 3537 2092
p 2 201 1256 6703 60069 5152
p 2 71 1737 6352 33195 4286
p 2 211 1705 6244 73907 5837
p 2 53 1629 6478 33124 4099
p 2 296 1701 6163 83571 6460
p 2 63 1757 6340 30929 4252
p 2 194 1845 6121 69257 6006
p 2 35 1632 6493 29238 3918
p 2 281 1736 6143 74768 6253
p 2 0 1130 7030 4170 2311
p 2 210 1677 6273 70088 5730
p 2 0 951 7209 3696 2135
p 2 178 1637 6345 71799 5448
p 2 0 1334 6826 4929 2548
p 2 357 1446 6357 76392 6364
p 2 0 909 7251 3641 2201
p 2 189 1514 6457 63908 5329
p 2 0 1165 6995 4397 2341
p 2 186 1525 6449 64850 5371
p 2 0 1006 7154 3833 2189
p 2 341 1285 6534 75064 6189
p 2 0 993 7167 3882 2199
p 2 274 1448 6438 70128 5756
p 2 0 990 7170 3732 2164
p 2 220 1339 6601 71002 5540
p 2 0 869 7291 3461 2021
p 2 290 1352 6518 84405 6213
p 2 0 989 7171 3783 2189
p 2 231 1263 6666 76727 5536
p 2 0 940 7220 3788 2149
p 2 161 1355 6644 66079 5208
p 2 0 920 7240 3683 2133
p 2 127 1272 6761 64164 4863
p 2 0 883 7277 3505 2056
p 2 207 1207 6746 59469 5086
p 2 0 838 7322 3364 2024
p 2 115 1204 6841 55872 4603
p 2 0 851 7309 3436 2046
p 2 178 1211 6771 68031 5148
i 2 8160 0 0 343457 39851
p 2 0 1678 6482 4364 2906
p 2 1621 2761 3778 159391 14941
p 2 0 2238 5922 7158 3550
p 2 975 3660 3525 156540 13501
p 2 0 2603 5557 8302 4045
p 2 1059 2541 4560 151773 12630
p 2 0 1507 6653 5637 2939
p 2 73 3754 4333 104615 8256
p 2 0 3193 4967 11416 4590
p 2 87 4488 3585 111306 9274
p 2 0 2550 5610 8995 4075
p 2 5 1790 6365 6442 3038
p 2 0 979 7181 3303 2162
p 2 0 938 7222 3575 2066
p 2 10 972 7178 5030 2165
p 2 0 807 7353 4022 1970
p 2 0 515 7645 3017 1647
p 2 0 795 7365 4545 1959
p 2 0 408 7752 2115 1529
p 2 0 475 7685 2465 1577
p 2 0 464 7696 3252 1599
p 2 0 638 7522 3350 1769
p 2 0 522 7638 2996 1637
p 2 5 1750 6405 6868 3015
p 2 0 1606 6554 6550 2841
p 2 0 969 7191 3774 2097
p 2 10 825 7325 4864 2037
p 2 0 654 7506 2984 1771
p 2 0 670 7490 3707 1799
p 2 0 564 7596 3549 1707
p 2 0 471 7689 2943 1591
p 2 0 379 7781 2095 1472
p 2 0 177 7983 2170 1310
p 2 0 191 7969 1598 1293
p 2 0 177 7983 1610 1281
p 2 0 238 7922 2358 1359
p 2 0 215 7945 1913 1322
p 2 0 238 7922 1792 1334
p 2 3 137 8020 1722 1278
p 2 0 140 8020 1471 1244
p 2 0 146 8014 1542 1250
p 2 5 148 8007 2411 1289
p 2 0 154 8006 1551 1254
p 2 0 163 7997 1520 1257
p 2 0 137 8023 2095 1275
p 2 0 178 7982 1536 1282
p 2 0 94 8066 1330 1198
p 2 0 579 7581 3256 1710
p 2 0 435 7725 2222 1540
p 2 0 374 7786 2133 1481
p 2 0 411 7749 3035 1549
p 2 0 280 7880 1838 1387
p 2 0 121 8039 1410 1231
p 2 5 196 7959 1885 1348
p 2 0 196 7964 1686 1300
p 2 0 146 8014 1447 1244
p 2 10 161 7989 2666 1330
p 2 0 136 8024 1430 1235
p 2 0 84 8076 1281 1188
p 2 0 97 8063 1956 1224
p 2 0 102 8058 1373 1203
p 2 0 88 8072 1305 1191
p 2 0 87 8073 1998 1220
p 2 0 102 8058 1329 1202
p 2 0 56 8104 1210 1157
p 2 5 64 8091 1545 1220
p 2 0 65 8095 1239 1166
p 2 0 59 8101 1240 1159
p 2 10 72 8078 2325 1243
p 2 0 79 8081 1277 1178
p 2 0 73 8087 1313 1180
p 2 0 223 7937 2260 1344
p 2 0 197 7963 1554 1307
p 2 0 201 7959 1585 1303
p 2 0 237 7923 2394 1370
p 2 0 148 8012 1438 1252
p 2 0 131 8029 1472 1233
p 2 0 129 8031 2009 1255
p 2 0 67 8093 1264 1175
p 2 0 76 8084 1279 1183
p 2 3 99 8058 1643 1232
p 2 0 82 8078 1278 1188
p 2 0 89 8071 1384 1193
p 2 5 71 8084 2140 1212
p 2 0 45 8115 1198 1150
p 2 0 44 8116 1205 1146
p 2 0 71 8089 1960 1204
p 2 0 313 7847 1863 1412
p 2 0 102 8058 1317 1200
p 2 5 91 8064 1594 1247
p 2 0 47 8113 1185 1149
p 2 0 41 8119 1186 1144
p 2 10 42 8108 2247 1212
p 2 0 28 8132 1169 1133
p 2 0 28 8132 1158 1132
p 2 0 66 8094 1883 1191
p 2 0 42 8118 1199 1147
p 2 0 31 8129 1174 1133
p 2 0 61 8099 1911 1190
p 2 0 56 8104 1233 1162
p 2 0 48 8112 1227 1150
p 2 0 92 8068 1310 1191
p 2 0 50 8110 1821 1174
p 2 720 2959 4481 137905 11484
p 2 1 1576 6583 5825 3004
p 2 751 3063 4346 137863 11647
p 2 0 2427 5733 9033 3859
p 2 825 3639 3696 145540 13022
p 2 0 1877 6283 6117 3361
p 2 961 3345 3854 147245 13345
p 2 0 2794 5366 10202 4294
p 2 0 1905 6255 6236 3093
p 2 0 1488 6672 5316 2658
p 2 0 1048 7112 4713 2234
p 2 0 736 7424 3369 1876
p 2 0 675 7485 3190 1809
p 2 3 306 7851 2099 1453
p 2 0 347 7813 2095 1457
p 2 0 328 7832 2291 1442
p 2 8 1783 6369 7574 2993
p 2 0 1368 6792 5325 2558
p 2 0 1232 6928 4766 2382
p 2 3 1163 6994 5468 2366
p 2 0 734 7426 3251 1849
p 2 0 346 7814 2038 1466
p 2 9 530 7621 3366 1683
p 2 0 299 7861 1909 1397
p 2 0 324 7836 2282 1438
p 2 0 184 7976 2101 1320
p 2 0 138 8022 1415 1239
p 2 0 98 8062 1336 1201
p 2 0 125 8035 2097 1255
p 2 0 88 8072 1291 1190
p 2 0 37 8123 1171 1137
p 2 0 52 8108 1210 1153
p 2 0 63 8097 1255 1164
p 2 0 6582 1578 79541 10452
p 2 1824 5698 638 404673 28152
i 2 8160 0 0 339484 39872
p 2 3289 4612 259 398452 32719
p 2 2905 5023 232 399241 31381
p 2 1787 6045 328 356820 26612
p 2 262 7031 867 208226 17430
p 2 0 5520 2640 30120 8400
p 2 0 3450 4710 13644 5328
p 2 0 2302 5858 7050 3747
p 2 1 1783 6376 5768 3094
p 2 0 1369 6791 4799 2605
p 2 0 930 7230 3652 2124
p 2 4 1012 7144 4697 2237
p 2 0 755 7405 3427 1913
p 2 0 589 7571 2741 1732
p 2 1 421 7738 2653 1581
p 2 0 391 7769 2377 1524
p 2 0 268 7892 2104 1388
p 2 4 231 7925 2283 1368
p 2 0 161 7999 1586 1266
p 2 0 454 7706 2218 1556
p 2 0 282 7878 2051 1403
p 2 0 257 7903 1715 1364
p 2 0 261 7899 1807 1373
p 2 0 298 7862 2298 1407
p 2 0 156 8004 1433 1256
p 2 0 154 8006 1446 1256
p 2 0 96 8064 1321 1197
p 2 0 148 8012 1452 1249
p 2 0 101 8059 1364 1205
p 2 0 166 7994 1454 1264
p 2 0 82 8078 1269 1184
p 2 0 80 8080 1559 1195
p 2 0 74 8086 1254 1176
p 2 0 41 8119 1405 1156
i 2 8160 0 0 96392 28832
p 2 1780 4919 1461 68414 18059
p 2 2767 5072 321 107534 24937
p 2 2001 5185 974 74860 19488
p 2 1823 6004 333 106489 23694
p 2 1637 5425 1098 75816 19214
p 2 2511 5319 330 106542 24568
p 2 2133 5104 923 71531 19359
p 2 1962 5876 322 103707 23331
p 2 1989 5198 973 68509 19318
p 2 2299 5529 332 104054 24156
i 2 8160 0 0 89281 27930
p 2 1756 6052 352 96389 22825
p 2 1380 5775 1005 59916 17702
p 2 2571 5284 305 94688 24092
p 2 2210 4967 983 64202 19046
p 2 1957 5879 324 103378 23453
p 2 1747 5415 998 69698 18679
p 2 2864 4997 299 107059 25255
p 2 2222 4922 1016 70597 19359
p 2 2590 5243 327 108665 24788
p 2 1572 5610 978 75887 19403
p 2 1912 5934 314 108206 24530
p 2 1525 5662 973 75883 19634
p 2 1595 6238 327 115852 24283
p 2 1838 5391 931 73432 19557
p 2 2423 5418 319 102840 24304
p 2 1935 5236 989 78207 19742
p 2 2118 5676 366 107186 24048
p 2 1939 5342 879 71645 19566
i 2 8160 0 0 250890 34514
p 2 0 2616 5544 4674 3711
p 2 1 2758 5401 8722 3857
p 2 0 1072 7088 2543 2152
p 2 4 1127 7029 6213 2281
p 2 0 398 7762 1704 1491
p 2 0 322 7838 1546 1425
p 2 0 114 8046 1256 1216
p 2 0 70 8090 1219 1176
p 2 0 40 8120 1165 1143
p 2 0 43 8117 1166 1145
p 2 0 47 8113 1185 1149
p 2 28 2097 6035 16423 4258
p 2 31 1603 6526 10592 3296
p 2 127 1905 6128 20170 4275
p 2 206 2198 5756 25326 5271
p 2 226 2152 5782 25958 5209
p 2 227 2444 5489 27899 5690
p 2 192 2468 5500 28815 5521
p 2 235 2902 5023 34898 6422
p 2 216 2999 4945 37752 6475
p 2 230 4247 3683 60420 9323
p 2 216 3599 4345 47648 7328
p 2 214 3884 4062 49292 7821
p 2 238 4944 2978 63294 10214
p 2 219 3444 4497 42225 6956
p 2 219 3985 3956 43735 7613
p 2 219 3814 4127 44467 7427
p 2 238 4112 3810 44211 7939
p 2 228 3323 4609 40858 6853
p 2 220 3605 4335 49539 7199
p 2 239 3610 4311 40716 7135
p 2 259 3129 4772 35634 6636
p 2 266 4248 3646 56016 9305
p 2 220 3449 4491 33580 6992
p 2 236 3369 4555 33059 6908
p 2 259 3859 4042 63693 8893
p 2 250 2632 5278 30732 5976
p 2 206 3280 4674 25416 6481
p 2 82 2492 5586 26262 4811
p 2 17 2551 5592 11011 4240
p 2 9 2190 5961 8129 3622
p 2 0 2443 5717 16812 4641
p 2 0 1109 7051 3100 2254
p 2 0 1011 7149 2454 2113
p 2 0 362 7798 1552 1455
p 2 0 410 7750 1620 1506
p 2 0 150 8010 1300 1251
p 2 0 146 8014 1296 1246
p 2 0 94 8066 1222 1193
p 2 0 99 8061 1250 1201
p 2 0 60 8100 1185 1159
i 2 8160 0 0 381218 41094
p 2 0 1298 6862 3416 2426
p 2 237 4258 3665 166252 10791
p 2 0 2317 5843 7568 3638
p 2 178 4236 3746 155816 10230
p 2 0 3072 5088 10916 4426
p 2 206 4110 3844 160981 10274
p 2 0 2350 5810 7767 3646
p 2 116 2844 5200 68389 6423
p 2 0 2207 5953 7872 3422
p 2 0 1497 6663 5254 2616
p 2 0 956 7204 4049 2093
p 2 267 2752 5141 64699 6683
p 2 0 1212 6948 4305 2365
p 2 461 2574 5125 73783 7564
p 2 0 2566 5594 11329 3789
p 2 518 3401 4241 89448 8992
p 2 0 2017 6143 8022 3224
p 2 2 1706 6452 6915 2890
p 2 0 616 7544 2510 1719
p 2 0 822 7338 3404 1918
p 2 2 841 7317 4561 1976
p 2 0 2451 5709 9535 3650
p 2 0 785 7375 2806 1887
p 2 0 591 7569 2972 1734
p 2 0 2453 5707 9599 3663
p 2 0 2691 5469 12149 3977
p 2 1 1387 6772 5755 2515
p 2 0 540 7620 2625 1634
p 2 0 737 7423 3148 1827
p 2 2 758 7400 3802 1896
p 2 0 711 7449 3151 1807
p 2 0 308 7852 1935 1398
p 2 1 324 7835 2553 1441
p 2 0 309 7851 2145 1412
p 2 0 432 7728 2530 1538
p 2 1 246 7913 2306 1366
p 2 0 222 7938 1677 1322
p 2 0 196 7964 1714 1305
p 2 2 228 7930 2131 1368
p 2 0 119 8041 1349 1215
p 2 0 159 8001 1606 1264
p 2 2 167 7991 2512 1303
p 2 0 585 7575 2587 1675
p 2 0 353 7807 2015 1448
p 2 0 347 7813 2377 1463
p 2 0 360 7800 2179 1456
p 2 0 225 7935 1695 1319
p 2 1 171 7988 2276 1299
p 2 0 90 8070 1320 1188
p 2 0 70 8090 1295 1168
p 2 0 64 8096 1227 1165
p 2 0 44 8116 1180 1144
p 2 0 74 8086 1245 1172
p 2 0 40 8120 1178 1139
p 2 0 40 8120 1180 1141
p 2 0 41 8119 1173 1141
p 2 0 28 8132 1153 1127
p 2 0 50 8110 1578 1172
p 2 0 33 8127 1168 1137
p 2 0 32 8128 1326 1149
p 2 0 43 8117 1180 1146
p 2 0 18 8142 1137 1121
i 2 8160 0 0 77208 25985
p 2 0 4235 3925 6463 5358
p 2 0 4751 3409 5896 5576
p 2 0 1869 6291 3011 2862
p 2 0 1834 6326 2919 2796
p 2 0 591 7569 1711 1651
p 2 0 558 7602 1646 1609
p 2 0 191 7969 1295 1282
p 2 0 173 7987 1275 1259
p 2 0 75 8085 1180 1173
p 2 0 75 8085 1189 1178
p 2 0 1318 6842 2829 2384
p 2 0 1260 6900 2496 2301
p 2 0 6147 2013 9914 6884
p 2 0 8037 123 16590 9018
p 2 7 8074 79 25409 9975
p 2 16 8081 63 27545 10242
p 2 15 8081 64 27623 10540
p 2 18 8077 65 27153 10628
p 2 16 8109 35 27346 10630
p 2 10 8109 41 29316 10861
p 2 6 8131 23 28542 10996
p 2 8 8119 33 31667 11538
p 2 7 8136 17 32638 11742
p 2 0 8138 22 32943 11838
p 2 0 8144 16 32650 11955
p 2 0 8134 26 32531 11885
p 2 0 8142 18 31387 12102
p 2 0 8148 12 28560 11344
p 2 1 8142 17 29675 11590
p 2 1 8141 18 27502 11383
p 2 1 8151 8 32068 12131
p 2 1 8137 22 30436 11652
p 2 15 8133 12 34660 12273
p 2 4 8145 11 29945 11659
p 2 18 8134 8 27840 11314
p 2 30 8120 10 27262 11277
p 2 9 8146 5 34793 12317
p 2 38 8110 12 34371 11857
p 2 36 8112 12 31777 11715
p 2 17 8138 5 31069 11561
p 2 19 8139 2 36486 12385
p 2 26 8130 4 33413 11845
p 2 22 8132 6 33300 11683
p 2 22 8133 5 35212 11857
p 2 62 8096 2 40329 12462
p 2 68 8088 4 37835 11704
p 2 50 8108 2 36966 11659
p 2 60 8098 2 36553 11598
p 2 46 8107 7 39674 12252
p 2 13 8133 14 29580 11061
p 2 59 8099 2 37665 11498
p 2 96 8063 1 38057 11493
p 2 74 8082 4 41261 11986
p 2 58 8098 4 33201 11012
p 2 65 8091 4 36047 11114
p 2 50 8104 6 33912 10946
p 2 28 8127 5 43097 11956
p 2 29 8126 5 35149 11085
p 2 30 8125 5 37458 11030
p 2 37 8116 7 32998 10703
p 2 31 8126 3 43458 11785
p 2 56 8100 4 36321 10925
p 2 30 8121 9 39961 11443
p 2 39 8116 5 40831 11388
p 2 67 8091 2 39670 11126
p 2 47 8107 6 37051 10595
p 2 27 8133 0 35405 11040
p 2 12 8145 3 38214 10596
p 2 7 8151 2 37876 10935
p 2 8 8144 8 39519 10903
p 2 1 8156 3 37961 10958
p 2 22 8132 6 45010 11485
p 2 1 8146 13 35289 10815
p 2 14 8139 7 26147 9577
p 2 8 8136 16 22947 9651
p 2 3 8117 40 39539 10375
p 2 0 7799 361 29751 10137
p 2 6 3774 4380 9449 4876
p 2 0 1872 6288 3634 2883
p 2 5 1254 6901 5592 2388
p 2 0 917 7243 2498 1981
p 2 3 678 7479 4332 1814
p 2 0 381 7779 1721 1472
p 2 1 372 7787 3440 1516
p 2 0 178 7982 1363 1275
p 2 6 179 7975 3469 1366
p 2 0 137 8023 1352 1236
p 2 5 117 8038 3515 1295
p 2 0 83 8077 1237 1183
p 2 8 73 8079 3577 1263
p 2 0 48 8112 1204 1153
p 2 7 67 8086 3937 1261
p 2 0 42 8118 1202 1149
p 2 2 49 8109 3453 1212
p 2 0 27 8133 1173 1133
i 2 8160 0 0 97532 29304
p 2 0 2207 5953 4292 3245
p 2 0 2275 5885 3129 2963
p 2 0 1412 6748 2383 2280
p 2 0 1341 6819 2298 2169
p 2 0 674 7486 1704 1668
p 2 0 662 7498 1705 1640
p 2 0 345 7815 1417 1382
p 2 0 135 8025 1228 1214
p 2 0 136 8024 1225 1212
p 2 0 44 8116 1162 1149
p 2 0 83 8077 1182 1169
p 2 0 108 8052 1196 1188
p 2 0 151 8009 1232 1222
p 2 0 75 8085 1186 1167
p 2 0 64 8096 1165 1157
p 2 0 28 8132 1135 1128
p 2 0 100 8060 1188 1180
p 2 0 28 8132 1155 1131
p 2 0 54 8106 1153 1146
p 2 0 12 8148 1118 1115
p 2 0 43 8117 1140 1136
p 2 0 18 8142 1136 1123
p 2 0 48 8112 1143 1140
p 2 0 21 8139 1131 1125
p 2 0 44 8116 1140 1137
p 2 0 14 8146 1119 1115
p 2 0 44 8116 1141 1137
p 2 0 14 8146 1118 1117
p 2 0 30 8130 1126 1126
p 2 0 17 8143 1120 1118
p 2 0 30 8130 1133 1128
p 2 0 18 8142 1124 1121
p 2 0 33 8127 1130 1129
p 2 0 8 8152 1111 1111
i 2 8160 0 0 265406 34370
p 2 0 1739 6421 3692 2861
p 2 0 1422 6738 2877 2522
p 2 0 581 7579 1873 1671
p 2 0 440 7720 1590 1526
p 2 0 139 8021 1275 1240
p 2 0 121 8039 1336 1221
p 2 0 121 8039 1291 1221
p 2 0 155 8005 1405 1252
p 2 0 106 8054 1367 1206
p 2 0 120 8040 1307 1224
p 2 0 116 8044 1272 1217
p 2 0 153 8007 1461 1248
p 2 0 150 8010 1320 1249
p 2 0 65 8095 1183 1166
p 2 0 84 8076 1297 1187
p 2 0 71 8089 1216 1170
p 2 0 177 7983 1396 1270
p 2 0 94 8066 1300 1194
p 2 0 88 8072 1245 1189
p 2 0 106 8054 1270 1202
p 2 0 131 8029 1375 1227
p 2 0 95 8065 1223 1191
p 2 0 76 8084 1221 1176
p 2 0 125 8035 1404 1226
p 2 0 132 8028 1297 1231
p 2 0 134 8026 1319 1238
p 2 0 152 8008 1448 1254
p 2 0 139 8021 1297 1237
p 2 0 165 7995 1400 1263
p 2 7 219 7934 3110 1380
p 2 16 160 7984 6011 1441
p 2 40 241 7879 9731 1705
p 2 76 315 7769 11683 2028
p 2 83 578 7499 13382 2356
p 2 75 419 7666 13228 2231
p 2 68 565 7527 13341 2328
p 2 74 796 7290 13078 2577
p 2 43 524 7593 13074 2208
p 2 36 468 7656 12898 2101
p 2 33 489 7638 13183 2105
p 2 33 574 7553 13318 2199
p 2 33 564 7563 13929 2217
p 2 30 602 7528 14387 2212
p 2 35 520 7605 14527 2192
p 2 29 611 7520 14588 2220
p 2 28 489 7643 14468 2136
p 2 15 521 7624 13901 2028
p 2 9 602 7549 14705 2147
p 2 11 556 7593 13016 2069
p 2 14 453 7693 12966 2016
p 2 8 442 7710 11495 1925
p 2 9 429 7722 12592 1965
p 2 10 408 7742 9105 1850
p 2 7 385 7768 11397 1887
p 2 6 389 7765 7820 1818
p 2 9 374 7777 10185 1875
p 2 5 368 7787 6293 1759
p 2 7 364 7789 9564 1856
p 2 4 349 7807 6737 1732
p 2 4 351 7805 9931 1804
p 2 8 325 7827 7059 1718
p 2 8 325 7827 10201 1806
p 2 3 316 7841 6939 1679
p 2 3 327 7830 10228 1772
i 2 8160 0 0 109765 26581
p 2 383 4100 3677 35337 8086
p 2 0 4501 3659 5963 5291
p 2 215 2398 5547 32815 5443
p 2 0 2042 6118 3639 3064
p 2 326 1361 6473 41604 5212
p 2 0 1262 6898 3106 2372
p 2 503 1616 6041 50210 6195
p 2 0 1647 6513 3776 2733
p 2 519 2412 5229 59772 7447
p 2 0 1922 6238 4085 3032
p 2 610 1931 5619 67299 7443
p 2 0 1509 6651 3658 2626
p 2 0 1196 6964 2882 2258
p 2 0 1013 7147 2355 2061
p 2 0 754 7406 2067 1818
p 2 0 583 7577 1797 1642
p 2 0 533 7627 1652 1593
p 2 0 291 7869 1443 1374
p 2 436 1193 6531 63235 5873
p 2 0 1090 7070 3264 2244
p 2 434 1207 6519 49121 5459
p 2 0 986 7174 3216 2139
p 2 788 1064 6308 56189 6796
p 2 0 1009 7151 3111 2152
p 2 1256 924 5980 62388 8859
p 2 0 1086 7074 2928 2189
p 2 1184 1147 5829 58686 8616
p 2 0 1261 6899 3051 2374
i 2 8160 0 0 144435 28616
p 2 0 3456 4704 5814 4490
p 2 1781 4081 2298 87534 14859
p 2 0 2723 5437 4746 3804
p 2 824 3109 4227 78472 9821
p 2 0 2076 6084 4283 3172
p 2 672 2505 4983 75376 8563
p 2 0 1969 6191 4284 3094
p 2 867 2160 5133 79748 9181
p 2 0 1876 6284 4114 2998
p 2 573 2723 4864 81536 8707
p 2 0 2326 5834 4960 3454
p 2 534 2301 5325 85692 8409
p 2 0 2037 6123 4710 3222
p 2 0 1749 6411 3557 2800
p 2 0 1497 6663 3823 2549
p 2 0 681 7479 1891 1742
p 2 0 850 7310 2260 1902
p 2 3 977 7180 2753 2056
p 2 0 1650 6510 3834 2688
p 2 0 1163 6997 2975 2220
p 2 5 1081 7074 3668 2167
p 2 0 1339 6821 3362 2386
p 2 0 920 7240 2582 1972
p 2 2 451 7707 2304 1571
p 2 0 497 7663 1850 1564
p 2 0 534 7626 1960 1599
p 2 0 492 7668 2742 1595
p 2 0 332 7828 1619 1420
p 2 0 229 7931 1461 1314
p 2 3 220 7937 1819 1349
p 2 0 270 7890 1738 1368
p 2 0 190 7970 1409 1282
p 2 5 138 8017 2084 1272
p 2 0 114 8046 1255 1209
p 2 0 111 8049 1314 1213
p 2 2 105 8053 1815 1238
p 2 0 64 8096 1234 1165
p 2 0 72 8088 1216 1167
p 2 0 261 7899 2287 1372
p 2 0 124 8036 1282 1220
p 2 0 147 8013 1358 1245
p 2 2 191 7967 1967 1315
p 2 0 139 8021 1343 1236
p 2 0 116 8044 1254 1212
p 2 0 57 8103 1388 1176
p 2 0 50 8110 1176 1159
p 2 0 45 8115 1177 1146
p 2 5 36 8119 1924 1177
p 2 0 25 8135 1145 1127
p 2 0 27 8133 1140 1128
p 2 2 33 8125 1697 1168
p 2 0 21 8139 1143 1124
p 2 0 16 8144 1122 1118
p 2 0 39 8121 1839 1163
p 2 0 18 8142 1139 1120
p 2 0 19 8141 1124 1121
p 2 0 17 8143 1126 1119
p 2 0 23 8137 1132 1125
p 2 0 16 8144 1121 1118
i 2 8160 0 0 125017 29093
p 2 0 8008 152 35873 10091
p 2 0 8042 118 41005 10002
p 2 0 8047 113 38201 9987
p 2 0 8044 116 39172 9882
p 2 0 8047 113 38467 10092
p 2 0 8047 113 42767 10300
p 2 1 8042 117 37207 10016
p 2 0 8045 115 38711 10024
p 2 2 8047 111 37748 10140
p 2 0 8038 122 40293 10233
p 2 0 8051 109 35935 10056
p 2 0 8042 118 38186 10095
p 2 0 8045 115 36858 10251
p 2 0 8045 115 40341 10366
p 2 0 8037 123 35259 10015
p 2 1 8049 110 37737 10219
p 2 0 8036 124 36237 10297
p 2 1 8041 118 41511 10515
p 2 0 8038 122 36084 10211
p 2 1 8042 117 38546 10320
p 2 1 8047 112 35064 10164
p 2 2 8038 120 36628 10189
p 2 0 8050 110 35627 10279
p 2 0 8049 111 38982 10444
p 2 0 8054 106 34324 10151
p 2 0 8051 109 35933 10205
p 2 1 8054 105 34353 10243
p 2 0 8061 99 37606 10307
p 2 0 8064 96 33688 10173
p 2 0 8067 93 34053 10089
p 2 0 8069 91 33684 10156
p 2 0 8074 86 36081 10208
p 2 0 8079 81 33204 10149
p 2 0 8079 81 35119 10156
i 2 8160 0 0 148934 30159
p 2 0 4470 3690 6914 5704
p 2 0 4400 3760 5849 5354
p 2 0 1919 6241 3283 2965
p 2 0 1830 6330 3065 2842
p 2 0 773 7387 2063 1842
p 2 0 899 7261 2200 1963
p 2 0 516 7644 1840 1605
p 2 0 520 7640 1851 1605
p 2 0 426 7734 1922 1519
p 2 0 372 7788 1655 1464
p 2 0 354 7806 1810 1458
p 2 0 272 7888 1460 1362
p 2 0 223 7937 1499 1323
p 2 0 230 7930 1432 1330
p 2 0 196 7964 1394 1296
p 2 0 167 7993 1339 1266
p 2 0 158 8002 1330 1253
p 2 0 157 8003 1300 1255
p 2 0 123 8037 1316 1222
p 2 0 93 8067 1239 1192
p 2 0 102 8058 1235 1200
p 2 0 55 8105 1179 1156
p 2 0 72 8088 1215 1174
p 2 0 197 7963 1358 1289
p 2 0 249 7911 1414 1346
p 2 0 168 7992 1320 1263
p 2 0 208 7952 1416 1302
p 2 0 248 7912 1404 1335
p 2 0 273 7887 1512 1372
p 2 0 199 7961 1345 1296
p 2 0 127 8033 1240 1227
p 2 0 67 8093 1183 1170
p 2 0 51 8109 1169 1153
p 2 0 100 8060 1227 1198
p 2 0 109 8051 1231 1208
p 2 0 42 8118 1149 1143
p 2 0 55 8105 1179 1158
p 2 0 87 8073 1222 1186
p 2 0 129 8031 1254 1227
p 2 0 75 8085 1192 1175
p 2 0 70 8090 1212 1172
p 2 0 77 8083 1198 1178
p 2 0 93 8067 1239 1194
p 2 0 88 8072 1207 1190
p 2 0 113 8047 1244 1211
p 2 0 83 8077 1197 1180
p 2 0 77 8083 1202 1181
p 2 0 133 8027 1276 1231
p 2 0 138 8022 1260 1236
p 2 0 88 8072 1219 1187
p 2 0 108 8052 1258 1209
p 2 0 136 8024 1280 1238
p 2 0 145 8015 1304 1244
p 2 0 94 8066 1211 1195
p 2 0 56 8104 1164 1155
p 2 0 28 8132 1137 1131
p 2 0 18 8142 1132 1121
p 2 0 31 8129 1139 1134
p 2 0 33 8127 1140 1134
p 2 0 44 8116 1157 1147
p 2 0 52 8108 1167 1154
p 2 0 44 8116 1156 1146
p 2 0 60 8100 1174 1161
p 2 0 39 8121 1156 1144
p 2 0 58 8102 1174 1161
p 2 0 31 8129 1138 1133
p 2 0 32 8128 1145 1135
p 2 0 38 8122 1150 1140
p 2 0 23 8137 1127 1125
p 2 0 14 8146 1115 1115
p 2 0 5 8155 1108 1108
i 2 8160 0 0 146024 28627
p 2 0 2867 5293 4655 3856
p 2 0 3204 4956 4281 4014
p 2 0 1160 7000 2308 2175
p 2 0 1112 7048 2207 2116
p 2 0 349 7811 1466 1420
p 2 0 345 7815 1467 1411
p 2 0 150 8010 1303 1245
p 2 0 114 8046 1230 1208
p 2 0 37 8123 1162 1139
p 2 0 71 8089 1214 1168
p 2 0 91 8069 1303 1195
p 2 3 71 8086 1699 1195
p 2 0 52 8108 1186 1153
p 2 0 60 8100 1223 1160
p 2 2 88 8070 1785 1221
p 2 0 85 8075 1198 1182
p 2 0 44 8116 1163 1146
p 2 0 61 8099 1620 1186
p 2 0 43 8117 1178 1147
p 2 0 42 8118 1155 1142
p 2 2 31 8127 1676 1168
p 2 0 26 8134 1141 1128
p 2 0 40 8120 1153 1141
p 2 0 59 8101 1634 1186
p 2 0 78 8082 1192 1173
p 2 0 51 8109 1154 1149
p 2 3 54 8103 1974 1184
p 2 0 57 8103 1188 1157
p 2 0 44 8116 1156 1141
p 2 59 1007 7094 30569 3430
p 2 0 669 7491 2723 1801
p 2 0 281 7879 1628 1379
p 2 113 997 7050 34003 3701
p 2 0 639 7521 2712 1772
p 2 0 342 7818 1679 1436
p 2 293 1075 6792 42209 4727
p 2 0 755 7405 2901 1885
p 2 0 357 7803 1843 1458
p 2 396 1210 6554 49541 5343
p 2 0 937 7223 3441 2074
p 2 0 548 7612 2348 1641
p 2 522 1765 5873 95129 8094
p 2 0 1300 6860 4230 2505
p 2 0 578 7582 2074 1672
p 2 280 1945 5935 83041 6966
p 2 0 1452 6708 4640 2647
p 2 0 872 7288 2732 1945
p 2 318 2255 5587 87951 7548
p 2 0 1639 6521 4815 2831
p 2 3 663 7494 2469 1780
p 2 45 1196 6919 31127 3353
p 2 0 991 7169 3519 2123
p 2 0 1007 7153 2803 2059
p 2 38 1064 7058 30692 3182
p 2 0 833 7327 2850 1937
p 2 3 638 7519 2759 1748
p 2 0 522 7638 3663 1650
p 2 0 364 7796 1727 1450
p 2 3 554 7603 4011 1704
p 2 9 278 7873 2608 1426
p 2 0 344 7816 2734 1474
p 2 0 308 7852 1797 1400
p 2 5 478 7677 4596 1654
p 2 9 235 7916 3146 1420
p 2 5 234 7921 2755 1379
p 2 4 288 7868 3974 1471
p 2 0 190 7970 1494 1284
p 2 0 92 8068 1243 1192
p 2 0 132 8028 3198 1305
p 2 0 121 8039 1365 1225
p 2 8 151 8001 3680 1370
p 2 9 105 8046 2418 1269
p 2 0 87 8073 2148 1238
p 2 0 95 8065 3066 1252
p 2 6 92 8062 2657 1278
p 2 9 65 8086 2818 1252
p 2 6 728 7426 5903 1939
p 2 0 1106 7054 4756 2212
p 2 2 7470 688 37034 9010
p 2 16 7614 530 51162 10767
p 2 70 7649 441 65639 11850
p 2 45 7738 377 61400 11834
p 2 62 7776 322 58422 11409
p 2 146 7726 288 76812 12122
p 2 180 7688 292 74132 12356
p 2 138 7723 299 60671 11277
p 2 370 7489 301 99928 13965
p 2 132 7737 291 62982 11561
p 2 150 7700 310 67109 11840
p 2 218 7602 340 101665 13388
p 2 102 7678 380 71164 11625
p 2 89 7637 434 69398 11489
p 2 259 7401 500 125140 13645
p 2 27 7562 571 91330 12540
p 2 2 7380 778 58287 10859
p 2 112 5104 2944 78470 8643
p 2 103 3518 4539 13219 5134
p 2 110 2541 5509 11496 4142
p 2 372 2692 5096 83937 7354
p 2 117 2501 5542 12173 4254
p 2 111 1975 6074 11422 3677
p 2 396 2795 4969 75008 7448
p 2 69 1982 6109 10590 3453
p 2 73 1249 6838 9188 2734
p 2 211 2286 5663 70278 6185
p 2 71 2330 5759 10985 3852
p 2 81 1790 6289 11631 3342
p 2 250 1688 6222 64614 5592
p 2 0 1413 6747 4549 2541
p 2 1 943 7216 4790 2072
p 2 34 1338 6788 27131 3365
p 2 7 820 7333 4444 1995
p 2 7 702 7451 5093 1889
p 2 98 1063 6999 31021 3528
p 2 1 726 7433 4303 1909
p 2 3 490 7667 2668 1609
p 2 5 251 7904 3311 1430
p 2 10 174 7976 2517 1339
p 2 0 129 8031 2204 1263
p 2 1 118 8041 3166 1285
p 2 4 117 8039 2148 1264
p 2 7 98 8055 3546 1297
p 2 7 102 8051 3766 1306
p 2 0 75 8085 1391 1184
i 2 8160 0 0 184499 31239
p 2 0 3413 4747 5432 4529
p 2 0 3263 4897 4509 4211
p 2 33 1909 6218 12728 3413
p 2 0 1612 6548 3016 2640
p 2 0 777 7383 2007 1843
p 2 14 1022 7124 10995 2399
p 2 0 944 7216 2975 2038
p 2 0 680 7480 2537 1785
p 2 25 571 7564 10374 2023
p 2 0 326 7834 1612 1423
p 2 0 175 7985 1325 1270
p 2 15 286 7859 9853 1703
p 2 0 396 7764 1781 1492
p 2 17 290 7853 5568 1562
p 2 7 369 7784 6785 1624
p 2 11 365 7784 5797 1660
p 2 0 241 7919 1582 1347
p 2 26 381 7753 8425 1783
p 2 0 220 7940 1489 1324
p 2 0 155 8005 1318 1255
p 2 33 278 7849 10995 1833
p 2 0 385 7775 1819 1489
p 2 0 305 7855 1461 1398
p 2 15 352 7793 10180 1780
p 2 0 355 7805 1709 1455
p 2 0 332 7828 1575 1420
p 2 24 492 7644 10402 1931
p 2 0 343 7817 1668 1446
p 2 0 187 7973 1381 1289
p 2 14 313 7833 9935 1724
p 2 0 257 7903 1677 1360
p 2 14 269 7877 5571 1540
p 2 8 275 7877 6493 1539
p 2 11 244 7905 5677 1531
p 2 0 186 7974 1497 1295
p 2 27 261 7872 8182 1680
p 2 0 206 7954 1460 1305
p 2 0 116 8044 1254 1214
p 2 36 272 7852 10744 1846
p 2 0 238 7922 1546 1345
p 2 0 179 7981 1367 1277
p 2 13 310 7837 10057 1719
p 2 0 254 7906 1643 1360
p 2 0 206 7954 1379 1297
p 2 28 372 7760 10330 1852
p 2 0 213 7947 1526 1317
p 2 0 115 8045 1262 1214
p 2 13 250 7897 9843 1657
p 2 0 197 7963 1531 1304
p 2 17 193 7950 5484 1464
p 2 8 193 7959 6356 1467
p 2 11 200 7949 5532 1489
p 2 0 119 8041 1396 1234
p 2 28 186 7946 7976 1611
p 2 0 154 8006 1415 1263
p 2 0 102 8058 1232 1198
p 2 33 216 7911 10594 1781
p 2 0 172 7988 1514 1280
p 2 0 123 8037 1267 1224
p 2 13 227 7920 9956 1647
p 2 0 182 7978 1525 1294
p 2 1 120 8039 1421 1227
p 2 26 190 7944 9713 1649
p 2 0 145 8015 1431 1254
i 2 8160 0 0 170555 32847
p 2 0 1931 6229 4611 3314
p 2 306 2926 4928 45810 7544
p 2 0 1578 6582 4341 2865
p 2 0 1126 7034 3023 2280
p 2 294 1989 5877 44427 6369
p 2 0 1256 6904 3742 2535
p 2 0 565 7595 2067 1698
p 2 304 1661 6195 43216 5965
p 2 0 1321 6839 4042 2532
p 2 0 922 7238 2825 2076
p 2 288 1633 6239 43139 5967
p 2 0 1030 7130 3392 2268
p 2 0 558 7602 2068 1692
p 2 261 1450 6449 44746 5683
p 2 0 963 7197 3379 2182
p 2 0 560 7600 2124 1673
p 2 273 1460 6427 42957 5677
p 2 0 959 7201 3268 2170
p 2 0 412 7748 1853 1530
p 2 237 1485 6438 41876 5590
p 2 0 952 7208 3317 2209
p 2 0 643 7517 2370 1772
p 2 239 1604 6317 42694 5716
p 2 0 1006 7154 3381 2257
p 2 0 477 7683 1960 1603
p 2 307 1397 6456 43137 5831
p 2 0 953 7207 3205 2160
p 2 0 432 7728 1853 1551
p 2 299 1448 6413 43781 5813
p 2 0 955 7205 3266 2181
p 2 0 474 7686 1966 1598
p 2 304 1386 6470 42810 5712
p 2 0 974 7186 3347 2189
p 2 0 575 7585 2161 1689
p 2 290 1411 6459 42971 5735
p 2 0 941 7219 3226 2146
p 2 0 466 7694 1907 1584
p 2 266 1331 6563 44034 5569
p 2 0 865 7295 3187 2076
p 2 0 366 7794 1734 1475
p 2 273 1382 6505 42102 5555
p 2 0 945 7215 3431 2176
p 2 0 435 7725 1834 1544
p 2 231 1462 6467 42249 5572
p 2 0 1018 7142 3516 2290
p 2 0 526 7634 1972 1630
p 2 237 1512 6411 42988 5624
p 2 0 927 7233 3281 2176
p 2 0 457 7703 1846 1578
p 2 303 1385 6472 43241 5827
p 2 0 946 7214 3259 2148
p 2 0 422 7738 1779 1528
p 2 300 1381 6479 43350 5771
p 2 0 905 7255 3165 2145
p 2 0 409 7751 1831 1534
p 2 307 1339 6514 42084 5609
p 2 0 904 7256 3135 2101
p 2 0 468 7692 1880 1579
p 2 288 1358 6514 42875 5674
p 2 0 867 7293 3011 2061
p 2 0 438 7722 1826 1551
p 2 457 1311 6392 49243 6400
p 2 0 825 7335 3114 2115
p 2 0 408 7752 1745 1529
p 2 602 1285 6273 52657 7075
p 2 0 913 7247 3272 2228
p 2 0 427 7733 1842 1541
p 2 670 1350 6140 55330 7502
p 2 0 948 7212 3460 2282
p 2 0 608 7552 2197 1724
p 2 317 1631 6212 48319 6331
p 2 0 1005 7155 3337 2241
p 2 326 1677 6157 50887 6473
p 2 0 1130 7030 3789 2497
p 2 1324 1370 5466 68564 10290
p 2 0 1167 6993 3683 2478
p 2 629 1734 5797 62346 8219
p 2 0 1237 6923 3942 2641
i 2 8160 0 0 172859 32861
p 2 328 3177 4655 57952 8562
p 2 362 3128 4670 58736 8721
p 2 292 2466 5402 55110 7710
p 2 364 2362 5434 56971 7737
p 2 440 2032 5688 54347 7737
p 2 292 2188 5680 55690 7333
p 2 268 2264 5628 55792 7289
p 2 263 2242 5655 58211 7230
p 2 287 2099 5774 57549 7226
p 2 295 2183 5682 57085 7352
p 2 294 2204 5662 54673 7392
p 2 365 2182 5613 57091 7478
p 2 424 1950 5786 54575 7596
p 2 262 2151 5747 54381 7111
p 2 275 2196 5689 55112 7225
p 2 266 2242 5652 57990 7185
p 2 281 2042 5837 57765 7134
p 2 283 2062 5815 56984 7093
p 2 292 2171 5697 54619 7324
p 2 370 2176 5614 57317 7612
p 2 0 1413 6747 4618 2971
p 2 982 2705 4473 91224 11851
p 2 0 1880 6280 5579 3400
p 2 318 2937 4905 72782 8715
p 2 0 1668 6492 5136 3081
p 2 363 2707 5090 83201 8871
p 2 0 1680 6480 5227 3103
p 2 0 985 7175 3030 2136
p 2 0 901 7259 2728 2078
p 2 0 749 7411 2289 1895
p 2 568 2576 5016 92507 9975
p 2 0 1681 6479 5062 3002
p 2 0 1032 7128 3091 2196
p 2 509 2833 4818 88039 9864
p 2 0 1702 6458 5004 3041
p 2 0 1055 7105 2979 2226
p 2 359 2641 5160 80092 8713
p 2 0 1790 6370 5373 3278
p 2 0 919 7241 2597 2081
p 2 382 2469 5309 83498 8700
p 2 0 1580 6580 4970 3016
p 2 0 1176 6984 3305 2324
p 2 25 770 7365 8139 2202
p 2 0 599 7561 2285 1730
p 2 0 464 7696 2027 1585
p 2 21 670 7469 7912 2052
p 2 0 385 7775 1872 1512
p 2 0 333 7827 1770 1443
p 2 62 560 7538 12872 2302
p 2 0 516 7644 2471 1651
p 2 0 236 7924 1588 1357
p 2 33 463 7664 10571 2098
p 2 0 369 7791 2033 1493
p 2 0 289 7871 1761 1400
p 2 57 368 7735 11482 2160
p 2 0 365 7795 1972 1490
p 2 0 231 7929 1680 1347
p 2 68 617 7475 13400 2490
p 2 0 458 7702 2277 1611
p 2 0 318 7842 1842 1434
p 2 52 523 7585 11826 2310
p 2 0 480 7680 2140 1621
p 2 0 367 7793 1847 1490
p 2 60 481 7619 12033 2272
p 2 0 274 7886 1719 1417
p 2 0 171 7989 1439 1279
p 2 55 332 7773 10730 2063
p 2 0 304 7856 1803 1425
p 2 0 200 7960 1501 1304
p 2 50 385 7725 11708 2099
p 2 0 239 7921 1678 1363
p 2 0 126 8034 1351 1242
p 2 63 278 7819 12272 2077
p 2 0 211 7949 1626 1331
p 2 0 107 8053 1330 1214
p 2 54 302 7804 11032 2026
p 2 0 186 7974 1560 1316
p 2 0 110 8050 1321 1222
p 2 69 243 7848 11582 2034
p 2 0 224 7936 1614 1351
p 2 0 144 8016 1389 1258
p 2 50 355 7755 11199 2098
p 2 0 266 7894 1728 1397
p 2 0 158 8002 1412 1274
p 2 40 368 7752 11020 2106
p 2 0 230 7930 1649 1366
p 2 0 119 8041 1304 1226
p 2 61 248 7851 11681 2055
p 2 0 174 7986 1558 1303
p 2 0 106 8054 1321 1218
p 2 74 211 7875 10265 1988
p 2 0 181 7979 1516 1303
p 2 0 110 8050 1310 1221
p 2 62 219 7879 11734 1931
p 2 0 180 7980 2114 1336
p 2 0 87 8073 1283 1199
p 2 45 227 7888 10225 1896
p 2 0 153 8007 1516 1274
p 2 0 80 8080 1250 1186
p 2 41 210 7909 10083 1851
p 2 0 146 8014 1456 1263
p 2 0 69 8091 1225 1175
p 2 72 195 7893 11099 2017
p 2 0 172 7988 1496 1293
p 2 0 89 8071 1295 1201
i 2 8160 0 0 61580 25328
p 2 0 5468 2692 7427 6546
p 2 0 5622 2538 6620 6402
p 2 0 2231 5929 3314 3206
p 2 0 2342 5818 3325 3251
p 2 0 767 7393 1846 1812
p 2 80 718 7362 5009 2154
p 2 209 325 7626 9135 2523
p 2 410 788 6962 23627 4395
p 2 701 1079 6380 42732 6741
p 2 1108 1276 5776 61786 9431
p 2 1504 1487 5169 76749 12055
p 2 1682 2155 4323 88262 14148
p 2 1527 2568 4065 97001 14807
p 2 981 3360 3819 104224 14634
p 2 481 4034 3645 89812 13182
p 2 199 4647 3314 68015 11150
p 2 50 4635 3475 62872 9821
p 2 0 2991 5169 7097 4734
p 2 0 2130 6030 4245 3453
p 2 0 2225 5935 4121 3305
p 2 0 1722 6438 3346 2784
p 2 0 1351 6809 3185 2420
p 2 0 937 7223 2725 2042
p 2 0 2791 5369 7354 3960
p 2 0 1885 6275 3829 2953
p 2 0 1254 6906 3198 2325
p 2 0 1130 7030 3220 2216
p 2 0 869 7291 2691 1943
p 2 0 546 7614 1793 1624
p 2 0 440 7720 1788 1516
p 2 0 363 7797 1751 1453
p 2 0 420 7740 1800 1498
p 2 0 333 7827 1582 1423
p 2 0 181 7979 1405 1276
p 2 0 168 7992 1393 1264
p 2 0 231 7929 1486 1323
p 2 0 204 7956 1447 1299
p 2 0 228 7932 1521 1325
p 2 0 174 7986 1461 1266
p 2 0 137 8023 1348 1237
p 2 0 66 8094 1215 1169
p 2 0 76 8084 1215 1179
p 2 0 67 8093 1206 1168
p 2 0 91 8069 1255 1190
p 2 0 79 8081 1209 1180
p 2 0 47 8113 1169 1149
p 2 0 43 8117 1166 1145
p 2 0 146 8014 1339 1241
p 2 0 168 7992 1328 1263
p 2 0 121 8039 1279 1218
p 2 0 111 8049 1280 1210
p 2 0 228 7932 1453 1316
p 2 0 164 7996 1295 1257
p 2 0 116 8044 1269 1210
p 2 0 112 8048 1291 1209
p 2 0 195 7965 1416 1289
p 2 0 168 7992 1403 1264
p 2 0 124 8036 1272 1222
p 2 0 86 8074 1199 1183
p 2 0 47 8113 1158 1150
p 2 0 35 8125 1152 1137
p 2 0 85 8075 1279 1186
p 2 0 112 8048 1335 1211
p 2 0 74 8086 1202 1174
p 2 0 65 8095 1188 1166
p 2 0 33 8127 1140 1134
p 2 0 27 8133 1143 1130
p 2 0 29 8131 1144 1131
p 2 0 45 8115 1166 1146
p 2 0 88 8072 1287 1192
p 2 0 171 7989 1325 1268
p 2 0 73 8087 1184 1172
p 2 0 71 8089 1193 1169
p 2 0 65 8095 1191 1165
p 2 0 79 8081 1224 1182
p 2 0 153 8007 1350 1248
p 2 0 144 8016 1420 1247
p 2 0 98 8062 1247 1195
p 2 0 75 8085 1197 1176
p 2 0 44 8116 1164 1145
p 2 0 37 8123 1164 1138
p 2 0 50 8110 1175 1153
p 2 0 52 8108 1185 1152
p 2 0 51 8109 1159 1151
p 2 0 27 8133 1137 1131
p 2 0 18 8142 1127 1121
p 2 0 12 8148 1118 1115
p 2 0 35 8125 1163 1139
p 2 0 50 8110 1188 1153
p 2 0 44 8116 1163 1145
p 2 0 27 8133 1135 1129
p 2 0 14 8146 1118 1115
p 2 0 32 8128 1152 1133
p 2 0 32 8128 1145 1135
p 2 0 35 8125 1151 1139
p 2 0 29 8131 1143 1131
p 2 0 49 8111 1165 1152
p 2 0 33 8127 1143 1134
p 2 0 37 8123 1149 1138
p 2 0 58 8102 1179 1156
p 2 0 34 8126 1140 1136
p 2 0 26 8134 1138 1128
p 2 0 39 8121 1140 1137
p 2 0 35 8125 1147 1137
p 2 0 25 8135 1133 1126
p 2 0 13 8147 1120 1116
p 2 0 24 8136 1129 1125
p 2 0 18 8142 1123 1120
p 2 0 9 8151 1113 1112
p 2 0 14 8146 1118 1115
p 2 0 24 8136 1127 1125
p 2 0 13 8147 1115 1115
p 2 0 8 8152 1115 1112
p 2 0 13 8147 1115 1115
p 2 0 19 8141 1124 1121
p 2 0 18 8142 1123 1118
p 2 0 21 8139 1128 1123
p 2 0 7 8153 1111 1110
p 2 0 3 8157 1105 1105
p 2 0 3 8157 1105 1105
p 2 0 2 8158 1104 1104
i 2 8160 0 0 283523 35308
p 2 0 2085 6075 3673 3020
p 2 0 1967 6193 3097 2847
p 2 0 899 7261 2020 1898
p 2 0 945 7215 2004 1917
p 2 0 308 7852 1448 1376
p 2 0 465 7695 1622 1507
p 2 0 154 8006 1342 1245
p 2 0 269 7891 1461 1333
p 2 0 122 8038 1284 1219
p 2 0 142 8018 1232 1222
p 2 0 106 8054 1228 1195
p 2 0 102 8058 1233 1195
p 2 0 330 7830 1496 1396
p 2 19 837 7304 31743 2755
p 2 0 694 7466 2900 1804
p 2 14 1114 7032 29556 2942
p 2 0 801 7359 2829 1874
p 2 9 941 7210 25309 2661
p 2 0 815 7345 3357 1930
p 2 0 540 7620 2388 1613
p 2 0 291 7869 1528 1375
p 2 2 293 7865 1907 1396
p 2 0 255 7905 1672 1341
p 2 0 496 7664 2481 1571
p 2 0 491 7669 2090 1565
p 2 0 522 7638 2293 1581
p 2 0 386 7774 1946 1465
p 2 0 294 7866 1959 1379
p 2 0 213 7947 1536 1303
p 2 2 166 7992 1628 1267
p 2 0 77 8083 1189 1173
p 2 0 97 8063 1637 1197
p 2 0 62 8098 1222 1162
p 2 0 60 8100 1534 1168
p 2 0 48 8112 1180 1147
p 2 0 61 8099 1564 1171
p 2 0 40 8120 1185 1140
p 2 28 603 7529 32053 2638
p 2 0 488 7672 2442 1618
p 2 49 600 7511 30787 2703
p 2 0 470 7690 2535 1615
p 2 74 1483 6603 76758 4995
p 2 0 1142 7018 4191 2293
p 2 68 948 7144 37694 3263
p 2 103 3147 4910 135905 8284
p 2 2 2439 5719 9587 3702
p 2 0 1544 6616 5322 2650
p 2 125 4452 3583 172000 10646
p 2 0 3152 5008 9215 4330
p 2 69 1734 6357 24691 3540
p 2 20 3485 4655 102679 7322
p 2 74 2822 5264 27302 4722
p 2 0 1286 6874 3435 2326
p 2 67 2050 6043 48700 4544
p 2 0 1484 6676 4963 2572
p 2 78 1283 6799 22933 3134
p 2 0 697 7463 2386 1763
p 2 68 794 7298 22608 2620
p 2 0 657 7503 2944 1753
p 2 73 808 7279 21897 2647
p 2 0 445 7715 2154 1546
p 2 67 618 7475 22303 2451
p 2 0 469 7691 2522 1572
p 2 75 651 7434 21592 2523
p 2 0 375 7785 2000 1477
p 2 72 481 7607 21908 2338
p 2 0 371 7789 2256 1471
p 2 73 581 7506 21713 2461
p 2 0 341 7819 1997 1447
p 2 67 405 7688 21739 2243
p 2 0 309 7851 1994 1416
p 2 74 536 7550 21148 2401
p 2 0 376 7784 2010 1463
p 2 67 478 7615 21424 2314
p 2 0 369 7791 2298 1480
p 2 74 489 7597 20782 2331
p 2 0 397 7763 2614 1505
p 2 128 1694 6338 79762 5154
p 2 0 1361 6799 5180 2507
p 2 106 1706 6348 57550 4516
p 2 0 1024 7136 3633 2138
p 2 108 1562 6490 57886 4388
p 2 0 1185 6975 4651 2328
p 2 105 1464 6591 58326 4286
p 2 0 915 7245 3365 2029
p 2 100 941 7119 33033 3201
p 2 0 796 7364 3526 1918
p 2 105 971 7084 33147 3256
p 2 0 553 7607 2380 1657
p 2 101 781 7278 32942 3059
p 2 0 657 7503 2958 1772
p 2 108 808 7244 32855 3110
p 2 0 539 7621 2543 1633
p 2 101 644 7415 32330 2914
p 2 0 580 7580 2718 1693
p 2 106 948 7106 33283 3242
p 2 0 598 7562 2370 1686
p 2 99 756 7305 32592 3020
p 2 0 687 7473 3232 1817
p 2 104 896 7160 33150 3193
p 2 0 534 7626 2347 1638
p 2 103 622 7435 32470 2912
p 2 0 473 7687 2480 1597
p 2 105 604 7451 32250 2899
p 2 0 402 7758 2423 1522
p 2 100 537 7523 31944 2802
p 2 0 356 7804 2103 1479
p 2 106 538 7516 32518 2853
p 2 0 350 7810 2002 1464
p 2 101 475 7584 31813 2743
p 2 0 341 7819 2437 1477
p 2 104 461 7595 31956 2780
p 2 0 295 7865 1876 1402
p 2 100 461 7599 31980 2740
p 2 0 322 7838 2009 1452
p 2 105 440 7615 31830 2754
p 2 2 305 7853 2240 1440
p 2 100 430 7630 31674 2706
p 2 0 298 7862 1971 1430
p 2 104 468 7588 32134 2785
p 2 0 340 7820 2010 1459
p 2 101 446 7613 31780 2728
p 2 2 357 7801 2410 1510
p 2 106 433 7621 31864 2757
p 2 0 300 7860 1989 1426
p 2 102 436 7622 31993 2723
p 2 0 306 7854 2049 1447
p 2 104 464 7592 31974 2767
p 2 0 284 7876 2196 1410
p 2 99 410 7651 31741 2694
p 2 0 291 7869 1953 1426
p 2 479 1076 6605 58435 5747
p 2 0 965 7195 2804 2040
p 2 0 754 7406 2631 1814
p 2 1 660 7499 3083 1739
p 2 0 659 7501 2606 1714
p 2 0 422 7738 1715 1486
p 2 1 411 7748 2681 1498
p 2 0 389 7771 2036 1471
p 2 0 380 7780 2148 1464
p 2 0 216 7944 1963 1317
p 2 0 161 7999 1443 1254
p 2 0 146 8014 1434 1235
p 2 2 287 7871 2319 1398
p 2 0 265 7895 1713 1355
p 2 0 219 7941 1545 1305
p 2 0 186 7974 2001 1286
p 2 0 177 7983 1568 1267
p 2 0 80 8080 1261 1178
p 2 1 115 8044 1754 1222
p 2 0 92 8068 1353 1188
p 2 303 713 7144 57371 4608
p 2 0 602 7558 2475 1693
p 2 223 789 7148 46311 4101
p 2 0 567 7593 2675 1699
p 2 174 891 7095 47838 3980
p 2 0 626 7534 2566 1743
p 2 0 371 7789 1770 1459
p 2 0 289 7871 1610 1370
p 2 62 880 7218 37848 3248
p 2 0 692 7468 2758 1821
p 2 60 817 7283 37162 3069
p 2 0 635 7525 2845 1751
p 2 2 524 7634 2705 1630
p 2 0 264 7896 1561 1353
p 2 2 309 7849 2347 1413
p 2 0 240 7920 1717 1330
p 2 3 617 7540 3369 1730
p 2 0 673 7487 2632 1740
p 2 0 459 7701 2037 1534
p 2 4 368 7788 2734 1485
p 2 0 279 7881 1856 1368
p 2 0 236 7924 1911 1332
p 2 3 187 7970 1983 1299
p 2 0 80 8080 1219 1180
p 2 0 62 8098 1228 1161
p 2 4 52 8104 1876 1183
p 2 0 69 8091 1243 1166
p 2 0 88 8072 1350 1184
p 2 0 95 8065 1903 1201
p 2 0 55 8105 1201 1153
p 2 0 33 8127 1162 1136
p 2 2 21 8137 1730 1145
p 2 0 31 8129 1163 1133
p 2 0 28 8132 1168 1130
p 2 0 39 8121 1166 1139
p 2 0 33 8127 1148 1133
p 2 16 631 7513 31083 2407
p 2 0 451 7709 2324 1573
p 2 25 641 7494 31246 2480
p 2 0 518 7642 2556 1644
p 2 25 806 7329 31441 2635
p 2 0 557 7603 2465 1669
p 2 20 739 7401 31728 2610
p 2 39 2219 5902 55535 5361
p 2 1 1602 6557 5293 2750
p 2 0 796 7364 2681 1864
p 2 88 2208 5864 52869 5289
p 2 0 1404 6756 4173 2528
p 2 0 838 7322 3000 1916
p 2 128 2041 5991 56080 5418
p 2 0 1517 6643 4708 2652
p 2 0 684 7476 2668 1774
p 2 135 2195 5830 62368 5666
p 2 0 1544 6616 4468 2637
p 2 0 971 7189 3048 2017
p 2 2 649 7509 2805 1748
p 2 0 721 7439 2692 1781
p 2 0 423 7737 1764 1489
p 2 2 423 7735 2481 1517
p 2 0 309 7851 1879 1401
p 2 0 358 7802 2004 1451
p 2 2 198 7960 1683 1310
p 2 0 170 7990 1470 1265
p 2 0 146 8014 1474 1248
p 2 2 870 7288 4057 1968
p 2 0 826 7334 2970 1883
p 2 0 659 7501 2494 1716
p 2 2 484 7674 2781 1586
p 2 0 568 7592 2489 1642
p 2 0 506 7654 2706 1598
p 2 0 350 7810 2310 1446
p 2 0 224 7936 1842 1323
p 2 0 214 7946 1611 1302
p 2 0 137 8023 1315 1224
p 2 0 116 8044 1363 1211
p 2 0 97 8063 1319 1193
p 2 0 99 8061 1604 1205
p 2 0 66 8094 1289 1163
p 2 2 119 8039 1969 1235
p 2 0 102 8058 1604 1214
p 2 1 116 8043 1618 1225
p 2 0 90 8070 1297 1187
p 2 1 62 8097 1608 1174
p 2 0 60 8100 1261 1160
p 2 0 77 8083 1262 1170
p 2 0 56 8104 1548 1164
p 2 0 54 8106 1213 1151
p 2 0 42 8118 1190 1143
p 2 0 136 8024 1685 1242
p 2 0 112 8048 1327 1211
p 2 0 178 7982 1467 1264
p 2 1 124 8035 1694 1237
p 2 0 106 8054 1375 1203
p 2 0 59 8101 1192 1157
p 2 0 58 8102 1609 1164
p 2 0 40 8120 1202 1142
p 2 0 41 8119 1178 1140
p 2 0 52 8108 1501 1163
p 2 0 5829 2331 46751 8299
p 2 0 3499 4661 9269 4522
p 2 0 1225 6935 3334 2238
p 2 0 675 7485 2027 1715
p 2 0 432 7728 1671 1493
p 2 0 252 7908 1734 1346
p 2 0 292 7868 1741 1386
p 2 0 285 7875 1724 1375
p 2 1 338 7821 1962 1431
p 2 0 256 7904 1435 1329
p 2 0 150 8010 1334 1234
p 2 0 278 7882 1884 1367
p 2 0 305 7855 1601 1374
p 2 0 318 7842 1705 1396
p 2 0 181 7979 1684 1277
p 2 0 168 7992 1404 1260
p 2 0 170 7990 1384 1256
p 2 1 168 7991 1605 1265
p 2 0 72 8088 1209 1172
p 2 0 86 8074 1222 1179
p 2 1 84 8075 1586 1189
p 2 0 64 8096 1196 1161
p 2 0 42 8118 1169 1144
p 2 0 52 8108 1440 1159
p 2 0 48 8112 1171 1149
p 2 0 49 8111 1176 1148
p 2 0 64 8096 1481 1167
p 2 0 65 8095 1222 1165
p 2 0 40 8120 1161 1139
p 2 0 39 8121 1153 1139
p 2 0 82 8078 1173 1163
i 2 8160 0 0 201015 31833
p 2 0 2317 5843 3949 3339
p 2 0 2325 5835 3410 3253
p 2 0 930 7230 2063 1973
p 2 0 820 7340 1936 1848
p 2 0 291 7869 1432 1377
p 2 0 252 7908 1398 1333
p 2 0 234 7926 1536 1331
p 2 0 107 8053 1215 1200
p 2 0 102 8058 1286 1199
p 2 0 125 8035 1401 1224
p 2 0 202 7958 1560 1306
p 2 3 140 8017 2072 1275
p 2 0 108 8052 1261 1204
p 2 0 140 8020 1310 1235
p 2 2 261 7897 2438 1399
p 2 0 152 8008 1339 1245
p 2 0 82 8078 1245 1179
p 2 2 75 8083 1802 1226
p 2 0 63 8097 1198 1161
p 2 0 69 8091 1196 1168
p 2 4 109 8047 2268 1255
p 2 0 74 8086 1212 1176
p 2 0 54 8106 1183 1155
p 2 1 101 8058 1864 1237
p 2 0 292 7868 1494 1368
p 2 0 164 7996 1297 1258
p 2 1 131 8028 2041 1263
p 2 0 186 7974 1404 1278
p 2 0 205 7955 1430 1290
p 2 2 155 8003 1902 1298
p 2 0 111 8049 1308 1209
p 2 0 97 8063 1250 1192
p 2 4 90 8066 2307 1236
p 2 0 116 8044 1278 1211
p 2 0 193 7967 1412 1289
p 2 1 135 8024 1884 1265
p 2 0 93 8067 1228 1194
p 2 0 54 8106 1175 1154
p 2 2 74 8084 1998 1214
p 2 0 84 8076 1241 1183
p 2 0 111 8049 1303 1209
p 2 1 92 8067 1847 1222
p 2 0 70 8090 1214 1172
p 2 0 86 8074 1216 1181
p 2 1 112 8047 1656 1245
p 2 0 55 8105 1175 1157
p 2 0 53 8107 1166 1154
p 2 3 77 8080 1997 1216
p 2 0 122 8038 1269 1218
p 2 0 74 8086 1219 1174
p 2 2 83 8075 1991 1215
p 2 0 65 8095 1208 1162
p 2 0 59 8101 1213 1160
p 2 1 95 8064 1888 1234
p 2 0 108 8052 1301 1206
p 2 0 90 8070 1225 1187
p 2 2 83 8075 1973 1216
p 2 0 54 8106 1195 1155
p 2 0 42 8118 1188 1144
p 2 3 63 8094 1788 1212
p 2 0 44 8116 1165 1144
p 2 0 29 8131 1148 1129
p 2 4 47 8109 2231 1201
p 2 0 46 8114 1171 1147
p 2 0 38 8122 1146 1138
p 2 1 69 8090 1817 1203
p 2 0 58 8102 1193 1158
p 2 0 37 8123 1153 1138
p 2 1 72 8087 2000 1208
p 2 0 45 8115 1180 1147
p 2 0 50 8110 1175 1150
p 2 2 80 8078 1805 1222
p 2 0 85 8075 1205 1183
p 2 0 29 8131 1132 1130
p 2 4 77 8079 2266 1222
p 2 0 115 8045 1277 1207
p 2 0 64 8096 1187 1165
p 2 1 60 8099 1800 1197
p 2 0 36 8124 1168 1140
p 2 0 32 8128 1147 1132
p 2 2 47 8111 1950 1188
p 2 0 42 8118 1175 1144
p 2 0 23 8137 1137 1125
p 2 1 48 8111 1766 1187
p 2 0 40 8120 1172 1144
p 2 0 20 8140 1131 1123
p 2 0 36 8124 1568 1164
p 2 0 15 8145 1127 1120
p 2 0 27 8133 1136 1129
p 2 3 28 8129 1900 1172
p 2 0 23 8137 1145 1126
p 2 0 16 8144 1127 1117
p 2 2 37 8121 1957 1179
p 2 0 24 8136 1155 1126
p 2 0 11 8149 1122 1114
p 2 0 16 8144 1126 1119
p 2 103 1418 6639 56084 5058
p 2 0 916 7244 3697 2117
p 2 91 1467 6602 56000 5014
p 2 0 1003 7157 3857 2198
p 2 30 1651 6479 58074 4967
p 2 0 1050 7110 3873 2243
p 2 8 1598 6554 55690 4637
p 2 0 1159 7001 4096 2346
p 2 0 444 7716 1973 1550
p 2 0 205 7955 1436 1309
p 2 0 117 8043 1282 1219
p 2 0 87 8073 1237 1190
p 2 0 66 8094 1203 1168
p 2 0 50 8110 1177 1151
p 2 0 43 8117 1178 1142
p 2 0 20 8140 1128 1122
i 2 8160 0 0 269711 35640
p 2 0 1921 6239 3768 2937
p 2 0 1486 6674 2676 2435
p 2 0 692 7468 1986 1738
p 2 0 594 7566 1870 1645
p 2 0 394 7766 1885 1480
p 2 0 305 7855 1531 1384
p 2 0 232 7928 1625 1326
p 2 0 186 7974 1361 1273
p 2 0 189 7971 1493 1284
p 2 0 158 8002 1371 1255
p 2 0 178 7982 1441 1268
p 2 0 116 8044 1255 1206
p 2 0 77 8083 1257 1180
p 2 0 73 8087 1218 1170
p 2 0 111 8049 1298 1205
p 2 0 84 8076 1233 1182
p 2 0 68 8092 1219 1170
p 2 0 47 8113 1188 1148
p 2 0 37 8123 1191 1139
p 2 0 50 8110 1201 1152
p 2 0 60 8100 1208 1158
p 2 0 44 8116 1185 1145
p 2 0 56 8104 1216 1158
p 2 0 45 8115 1180 1146
p 2 0 44 8116 1173 1146
p 2 0 38 8122 1167 1139
p 2 0 57 8103 1205 1155
p 2 0 49 8111 1177 1147
p 2 0 48 8112 1171 1148
p 2 0 39 8121 1170 1140
p 2 0 45 8115 1197 1147
p 2 0 206 7954 1483 1291
p 2 112 917 7131 40757 3697
p 2 0 729 7431 2883 1849
p 2 0 491 7669 2238 1588
p 2 155 1104 6901 42362 4124
p 2 0 680 7480 2652 1820
p 2 0 486 7674 2019 1571
p 2 140 1204 6816 41008 4215
p 2 0 1033 7127 3513 2159
p 2 0 453 7707 1828 1547
p 2 161 1313 6686 44581 4449
p 2 0 1121 7039 3842 2252
p 2 0 757 7403 2591 1834
p 2 0 357 7803 1863 1452
p 2 0 398 7762 1843 1481
p 2 0 436 7724 2041 1521
p 2 0 930 7230 3474 2015
p 2 0 856 7304 3090 1947
p 2 0 659 7501 2578 1731
p 2 0 763 7397 3290 1848
p 2 0 587 7573 2376 1662
p 2 0 506 7654 2456 1602
p 2 0 332 7828 1921 1430
p 2 0 300 7860 1869 1395
p 2 0 173 7987 1451 1266
p 2 0 149 8011 1630 1248
p 2 0 152 8008 1386 1241
p 2 0 134 8026 1406 1230
p 2 0 165 7995 1576 1256
p 2 0 92 8068 1261 1190
p 2 0 55 8105 1200 1156
p 2 0 47 8113 1376 1151
p 2 0 52 8108 1204 1153
p 2 0 72 8088 1249 1169
p 2 0 92 8068 1398 1197
p 2 0 88 8072 1316 1189
p 2 0 57 8103 1230 1158
p 2 0 46 8114 1487 1153
p 2 0 61 8099 1236 1160
p 2 0 64 8096 1277 1164
p 2 0 125 8035 1536 1221
p 2 0 92 8068 1280 1190
p 2 0 70 8090 1240 1167
p 2 0 104 8056 1524 1205
p 2 0 85 8075 1274 1181
p 2 0 48 8112 1222 1151
p 2 0 41 8119 1376 1146
p 2 0 54 8106 1216 1154
p 2 0 78 8082 1244 1175
p 2 0 54 8106 1337 1160
p 2 0 50 8110 1198 1149
p 2 0 66 8094 1223 1163
p 2 0 60 8100 1422 1163
p 2 0 48 8112 1224 1150
p 2 0 33 8127 1154 1134
p 2 0 38 8122 1359 1143
p 2 0 41 8119 1166 1139
p 2 0 38 8122 1160 1139
p 2 0 19 8141 1326 1125
p 2 0 29 8131 1163 1131
p 2 0 21 8139 1137 1124
p 2 0 22 8138 1137 1125
p 2 0 23 8137 1148 1125
p 2 0 21 8139 1146 1124
p 2 0 36 8124 1372 1141
p 2 0 22 8138 1147 1122
p 2 0 26 8134 1156 1127
p 2 0 30 8130 1322 1137
p 2 0 40 8120 1173 1139
p 2 0 34 8126 1174 1135
p 2 60 953 7147 35563 3420
p 2 0 637 7523 2704 1784
p 2 0 314 7846 1640 1410
p 2 53 1027 7080 34074 3431
p 2 0 741 7419 2880 1888
p 2 0 373 7787 1820 1469
p 2 44 1073 7043 33395 3489
p 2 0 705 7455 2883 1860
p 2 0 356 7804 1761 1454
p 2 14 1083 7063 29985 3231
p 2 0 743 7417 2977 1884
p 2 0 350 7810 1727 1447
p 2 0 299 7861 1752 1392
p 2 0 247 7913 1598 1339
p 2 0 328 7832 1835 1415
p 2 0 280 7880 2009 1381
p 2 0 180 7980 1471 1275
p 2 0 179 7981 1534 1277
p 2 0 454 7706 2325 1554
p 2 0 418 7742 2037 1503
p 2 0 293 7867 1722 1384
p 2 0 289 7871 1961 1392
p 2 0 382 7778 1992 1473
p 2 0 348 7812 2083 1448
p 2 0 194 7966 1570 1290
p 2 0 181 7979 1509 1276
p 2 0 121 8039 1318 1215
p 2 0 89 8071 1463 1192
p 2 0 55 8105 1216 1156
p 2 0 57 8103 1219 1155
p 2 0 79 8081 1361 1180
p 2 0 67 8093 1284 1170
p 2 0 56 8104 1201 1155
p 2 0 79 8081 1423 1181
p 2 0 30 8130 1158 1131
p 2 0 25 8135 1151 1128
p 2 0 48 8112 1314 1152
p 2 0 34 8126 1171 1136
p 2 0 33 8127 1169 1132
p 2 0 33 8127 1258 1138
p 2 0 31 8129 1157 1129
p 2 0 24 8136 1153 1124
p 2 0 80 8080 1374 1182
p 2 0 51 8109 1199 1151
p 2 0 63 8097 1234 1164
p 2 0 103 8057 1498 1208
p 2 0 99 8061 1312 1199
p 2 0 56 8104 1201 1156
p 2 0 70 8090 1360 1175
p 2 0 64 8096 1257 1166
p 2 0 118 8042 1369 1216
p 2 0 142 8018 1600 1244
p 2 0 56 8104 1216 1160
p 2 0 30 8130 1165 1133
p 2 0 29 8131 1259 1137
p 2 0 31 8129 1167 1133
p 2 0 37 8123 1176 1140
p 2 0 31 8129 1358 1138
p 2 0 27 8133 1154 1127
p 2 0 22 8138 1153 1124
p 2 0 28 8132 1264 1133
p 2 0 32 8128 1164 1135
p 2 0 11 8149 1127 1113
p 2 0 20 8140 1291 1128
p 2 0 17 8143 1134 1118
p 2 0 10 8150 1122 1112
p 2 0 39 8121 1307 1146
p 2 0 27 8133 1151 1128
p 2 0 86 8074 1290 1182
p 2 0 43 8117 1392 1149
p 2 0 35 8125 1173 1135
p 2 0 33 8127 1183 1136
p 2 0 77 8083 1380 1179
p 2 0 34 8126 1165 1137
p 2 0 66 8094 1276 1166
p 2 0 61 8099 1361 1166
p 2 0 20 8140 1141 1122
p 2 0 28 8132 1153 1129
p 2 0 39 8121 1298 1143
p 2 0 70 8090 1257 1170
p 2 0 29 8131 1161 1131
p 2 0 41 8119 1294 1146
p 2 0 43 8117 1246 1145
p 2 0 33 8127 1171 1135
p 2 0 13 8147 1251 1119
p 2 0 7 8153 1119 1110
p 2 0 8 8152 1114 1111
p 2 0 47 8113 1313 1151
p 2 0 44 8116 1186 1145
p 2 0 65 8095 1217 1162
p 2 0 76 8084 1372 1182
p 2 0 42 8118 1184 1142
p 2 0 23 8137 1150 1127
p 2 0 33 8127 1366 1140
p 2 0 32 8128 1178 1135
p 2 0 16 8144 1127 1118
p 2 0 14 8146 1234 1120
p 2 0 10 8150 1119 1112
p 2 0 8 8152 1114 1110
p 2 0 12 8148 1256 1119
p 2 0 7 8153 1114 1110
p 2 0 12 8148 1122 1114
p 2 0 10 8150 1116 1112
p 2 0 12 8148 1126 1113
p 2 0 5 8155 1110 1107
p 2 0 14 8146 1125 1116
p 2 0 13 8147 1234 1119
p 2 0 13 8147 1127 1115
p 2 0 9 8151 1203 1117
i 2 8160 0 0 164604 30741
p 2 0 2677 5483 4212 3639
p 2 0 2517 5643 3485 3379
p 2 386 1806 5968 48556 6222
p 2 0 1582 6578 3378 2641
p 2 0 713 7447 2057 1779
p 2 409 1373 6378 49117 6030
p 2 0 898 7262 2715 2032
p 2 0 455 7705 1730 1543
p 2 405 1092 6663 48142 5824
p 2 0 894 7266 2783 2031
p 2 0 427 7733 1680 1514
p 2 928 2246 4986 94807 11211
p 2 0 1529 6631 4175 2889
p 2 0 889 7271 2366 1976
p 2 369 1649 6142 46445 6373
p 2 0 1429 6731 3731 2613
p 2 0 913 7247 2290 1979
p 2 159 1518 6483 34899 4912
p 2 0 1039 7121 3032 2203
p 2 0 948 7212 2652 2030
p 2 19 1768 6373 23042 4079
p 2 0 897 7263 2688 2047
p 2 0 888 7272 2411 1951
p 2 15 2146 5999 23567 4438
p 2 0 1371 6789 3914 2533
p 2 0 702 7458 2074 1776
p 2 0 440 7720 1841 1539
p 2 0 380 7780 1654 1462
p 2 0 283 7877 1569 1375
p 2 2 426 7732 2332 1536
p 2 0 291 7869 1627 1383
p 2 0 236 7924 1577 1339
p 2 0 151 8009 1491 1259
p 2 0 93 8067 1245 1192
p 2 0 67 8093 1217 1169
p 2 0 103 8057 1530 1213
p 2 0 73 8087 1205 1171
p 2 0 67 8093 1189 1163
p 2 0 47 8113 1181 1150
p 2 0 92 8068 1260 1194
p 2 0 99 8061 1281 1200
p 2 0 107 8053 1322 1211
p 2 0 95 8065 1405 1208
p 2 0 54 8106 1181 1153
p 2 0 51 8109 1290 1164
p 2 0 102 8058 1284 1202
p 2 0 133 8027 1263 1224
p 2 0 53 8107 1165 1155
p 2 0 41 8119 1157 1144
p 2 0 57 8103 1179 1159
p 2 0 48 8112 1173 1147
p 2 0 74 8086 1244 1175
p 2 0 45 8115 1161 1145
p 2 0 26 8134 1140 1130
p 2 0 24 8136 1143 1127
p 2 0 65 8095 1201 1162
p 2 0 48 8112 1180 1151
p 2 0 40 8120 1160 1143
p 2 0 39 8121 1157 1139
p 2 0 91 8069 1292 1193
p 2 0 72 8088 1240 1177
p 2 0 74 8086 1207 1174
p 2 0 21 8139 1133 1125
p 2 0 19 8141 1137 1122
p 2 0 9 8151 1117 1113
p 2 0 15 8145 1129 1118
p 2 0 15 8145 1123 1119
p 2 0 12 8148 1124 1115
p 2 0 12 8148 1121 1117
p 2 0 26 8134 1154 1131
p 2 0 26 8134 1133 1128
p 2 0 20 8140 1133 1123
p 2 0 82 8078 1216 1180
p 2 0 50 8110 1164 1151
p 2 0 52 8108 1198 1156
p 2 0 56 8104 1231 1160
p 2 0 57 8103 1190 1161
p 2 0 16 8144 1130 1119
p 2 0 31 8129 1147 1135
p 2 0 44 8116 1189 1146
p 2 0 39 8121 1212 1144
p 2 0 29 8131 1152 1131
p 2 0 19 8141 1129 1123
p 2 0 10 8150 1119 1114
p 2 0 12 8148 1125 1117
p 2 0 37 8123 1151 1138
p 2 0 34 8126 1144 1136
p 2 0 24 8136 1133 1126
p 2 0 15 8145 1131 1118
p 2 0 19 8141 1129 1122
p 2 0 7 8153 1114 1111
p 2 0 37 8123 1154 1138
p 2 0 20 8140 1126 1123
p 2 0 12 8148 1125 1116
p 2 0 13 8147 1125 1115
p 2 0 21 8139 1138 1124
p 2 0 24 8136 1130 1126
p 2 0 15 8145 1126 1120
p 2 0 19 8141 1131 1122
p 2 0 44 8116 1160 1144
p 2 0 27 8133 1136 1129
p 2 0 31 8129 1141 1134
p 2 0 10 8150 1115 1114
p 2 0 8 8152 1115 1112
p 2 0 9 8151 1120 1114
p 2 0 18 8142 1138 1122
p 2 0 19 8141 1147 1124
p 2 0 28 8132 1137 1129
p 2 0 21 8139 1137 1125
p 2 0 16 8144 1123 1120
p 2 0 13 8147 1118 1116
p 2 0 18 8142 1123 1120
p 2 0 15 8145 1120 1118
p 2 0 9 8151 1117 1113
p 2 0 6 8154 1112 1110
p 2 0 9 8151 1116 1113
p 2 0 4 8156 1109 1108
p 2 0 10 8150 1117 1114
p 2 0 8 8152 1114 1111
p 2 0 12 8148 1120 1116
p 2 0 15 8145 1128 1120
p 2 0 9 8151 1115 1113
p 2 0 2 8158 1107 1106
p 2 0 7 8153 1115 1111
p 2 0 1 8159 1106 1105
p 2 0 16 8144 1130 1121
p 2 0 20 8140 1126 1121
p 2 0 48 8112 1193 1150
p 2 0 18 8142 1132 1122
p 2 0 11 8149 1118 1115
p 2 0 19 8141 1134 1122
p 2 0 18 8142 1134 1122
p 2 0 9 8151 1115 1113
p 2 0 6 8154 1113 1110
p 2 0 4 8156 1109 1107
p 2 0 14 8146 1117 1115
p 2 0 8 8152 1115 1111
p 2 0 23 8137 1139 1125
p 2 0 20 8140 1127 1122
p 2 0 4 8156 1110 1108
p 2 0 6 8154 1114 1110
p 2 0 3 8157 1110 1107
p 2 0 16 8144 1121 1118
p 2 0 23 8137 1138 1126
p 2 0 61 8099 1177 1160
p 2 0 47 8113 1159 1148
p 2 0 43 8117 1173 1145
p 2 0 95 8065 1224 1190
p 2 0 42 8118 1155 1145
p 2 0 43 8117 1164 1144
p 2 0 18 8142 1138 1122
p 2 0 28 8132 1137 1130
p 2 0 18 8142 1127 1122
p 2 0 9 8151 1116 1113
p 2 0 11 8149 1119 1115
p 2 0 2 8158 1108 1106
p 2 0 5 8155 1110 1108
p 2 0 4 8156 1110 1108
p 2 0 12 8148 1115 1114
p 2 0 5 8155 1113 1109
p 2 0 13 8147 1121 1115
p 2 666 909 6585 42018 6548
p 2 0 688 7472 2418 1894
p 2 0 400 7760 1668 1507
p 2 947 1237 5976 55589 8321
p 2 0 1061 7099 3033 2271
p 2 0 584 7576 1870 1681
p 2 1172 1515 5473 62693 9820
p 2 0 1142 7018 3243 2408
p 2 0 743 7417 2059 1826
p 2 1267 1511 5382 63477 10295
p 2 0 1314 6846 3327 2588
p 2 0 781 7379 2041 1870
p 2 196 1053 6911 20305 3789
p 2 0 782 7378 2424 1900
p 2 86 1075 6999 17610 3299
p 2 0 748 7412 2262 1846
p 2 82 869 7209 15829 3056
p 2 0 636 7524 2232 1755
p 2 0 587 7573 2036 1657
p 2 0 317 7843 1480 1401
p 2 0 212 7948 1377 1301
p 2 0 179 7981 1359 1271
p 2 0 195 7965 1441 1287
p 2 0 131 8029 1278 1228
p 2 0 90 8070 1212 1187
p 2 0 83 8077 1228 1182
p 2 0 87 8073 1264 1187
p 2 0 110 8050 1316 1213
p 2 0 93 8067 1253 1194
p 2 0 79 8081 1264 1180
p 2 7 1311 6842 26673 3556
p 2 0 736 7424 2666 1862
p 2 0 1228 6932 21942 3254
p 2 0 767 7393 2852 1890
p 2 1 1330 6829 22379 3402
p 2 0 817 7343 2805 1931
p 2 0 326 7834 1573 1407
p 2 0 453 7707 2024 1532
p 2 0 236 7924 1481 1325
p 2 0 233 7927 1489 1320
p 2 0 133 8027 1268 1227
p 2 0 88 8072 1240 1188
p 2 0 106 8054 1273 1206
p 2 0 77 8083 1259 1175
p 2 0 45 8115 1194 1148
p 2 0 99 8061 1249 1193
p 2 0 47 8113 1173 1145
p 2 0 47 8113 1165 1145
p 2 0 34 8126 1138 1131
p 2 0 19 8141 1130 1121
p 2 0 24 8136 1134 1125
p 2 0 26 8134 1141 1127
p 2 0 16 8144 1128 1117
p 2 0 19 8141 1133 1121
p 2 0 22 8138 1138 1124
p 2 0 14 8146 1126 1117
p 2 0 17 8143 1123 1118
p 2 0 17 8143 1119 1117
p 2 0 6 8154 1110 1108
p 2 0 5 8155 1108 1108
i 2 8160 0 0 140183 28972
p 2 0 3201 4959 5044 4174
p 2 0 3401 4759 4474 4222
p 2 0 1266 6894 2408 2277
p 2 0 1215 6945 2288 2201
p 2 0 401 7759 1506 1464
p 2 0 336 7824 1425 1405
p 2 0 85 8075 1186 1181
p 2 0 62 8098 1167 1158
p 2 0 46 8114 1153 1144
p 2 0 75 8085 1201 1172
p 2 0 132 8028 1315 1228
p 2 147 1803 6210 19471 4584
p 2 98 1802 6260 16387 4028
p 2 205 1896 6059 26582 5224
p 2 256 1807 6097 23938 5048
p 2 244 1863 6053 29526 5333
p 2 411 2038 5711 34390 6424
p 2 381 2441 5338 42027 7283
p 2 340 2344 5476 35076 6533
p 2 275 2311 5574 36457 6214
p 2 444 2573 5143 40931 7428
p 2 567 2921 4672 47084 8822
p 2 408 2732 5020 32302 7063
p 2 456 3435 4269 39742 8542
p 2 398 3470 4292 42025 8427
p 2 412 3773 3975 45957 9077
p 2 377 3058 4725 32845 7192
p 2 270 3218 4672 32967 7017
p 2 401 3167 4592 37543 7751
p 2 224 3485 4451 39746 7608
p 2 287 2752 5121 28783 6329
p 2 188 3059 4913 28593 6395
p 2 285 3180 4695 34270 7255
p 2 135 3432 4593 33741 7003
p 2 237 2802 5121 25594 6164
p 2 320 3409 4431 35211 7717
p 2 237 3143 4780 34520 6960
p 2 285 3580 4295 39015 7906
p 2 231 2704 5225 26912 6042
p 2 240 3267 4653 33759 7033
p 2 264 2935 4961 34142 6741
p 2 207 3185 4768 34114 6897
p 2 203 2509 5448 26679 5662
p 2 147 2838 5175 26189 5745
p 2 223 2875 5062 31506 6364
p 2 150 3245 4765 33486 6569
p 2 169 2868 5123 27181 5747
p 2 127 2757 5276 26134 5486
p 2 224 3050 4886 31555 6442
p 2 284 3395 4481 38454 7366
p 2 207 2536 5417 26514 5568
p 2 248 2520 5392 29635 5919
p 2 204 2359 5597 30117 5637
p 2 199 2215 5746 31640 5572
p 2 183 1713 6264 22523 4492
p 2 109 1716 6335 23362 4240
p 2 157 1706 6297 26160 4627
p 2 86 1684 6390 23293 4230
p 2 146 1225 6789 19742 3766
p 2 93 1144 6923 18451 3394
p 2 144 1249 6767 20645 3862
p 2 50 1150 6960 15202 3157
p 2 74 893 7193 11699 2847
p 2 48 955 7157 8575 2737
p 2 0 752 7408 4576 2127
p 2 3 709 7448 3639 2012
p 2 0 532 7628 2313 1708
p 2 0 440 7720 2187 1601
p 2 0 537 7623 3309 1787
p 2 0 511 7649 2687 1724
i 2 8160 0 0 181801 30967
p 2 0 2738 5422 4536 3678
p 2 10 2885 5265 5231 3779
p 2 0 1185 6975 2495 2194
p 2 4 1168 6988 3743 2220
p 2 0 597 7563 1839 1640
p 2 12 556 7592 2115 1680
p 2 0 242 7918 1366 1323
p 2 0 209 7951 1327 1292
p 2 10 127 8023 2444 1280
p 2 0 204 7956 1444 1290
p 2 0 156 8004 1411 1253
p 2 4 172 7984 2700 1320
p 2 0 136 8024 1271 1231
p 2 0 52 8108 1163 1152
p 2 0 59 8101 1179 1158
p 2 0 37 8123 1150 1139
p 2 0 32 8128 1143 1135
p 2 0 59 8101 1341 1165
p 2 0 47 8113 1195 1150
p 2 0 36 8124 1148 1137
p 2 0 61 8099 1171 1159
p 2 4 105 8051 2162 1260
p 2 0 137 8023 1269 1228
p 2 1650 1512 4998 148703 13999
p 2 0 1288 6872 4271 2547
p 2 1549 2045 4566 144547 13999
p 2 1367 6514 279 205638 22636
i 2 8160 0 0 181680 31218
i 2 8160 0 0 190166 31572
i 2 8160 0 0 211288 33028
p 2 5885 2186 89 284188 34571
p 2 4143 3931 86 277727 31424
p 2 3759 4348 53 290764 31417
p 2 1599 6354 207 213234 23279
p 2 149 7658 353 109131 15205
p 2 1092 5418 1650 121046 15695
p 2 0 3066 5094 8297 4943
p 2 0 2596 5564 6997 4086
p 2 2 1555 6603 4092 2823
p 2 0 1742 6418 4243 2833
p 2 0 1585 6575 4218 2663
p 2 5 1476 6679 5460 2610
p 2 0 918 7242 2811 2002
p 2 0 680 7480 2487 1763
p 2 0 655 7505 3257 1762
p 2 0 753 7407 3135 1863
p 2 0 658 7502 2879 1752
p 2 1 500 7659 3117 1622
p 2 0 273 7887 1568 1367
p 2 0 226 7934 1610 1320
p 2 3 217 7940 2025 1350
p 2 0 383 7777 2060 1476
p 2 0 281 7879 1858 1378
p 2 5 232 7923 2740 1381
p 2 0 125 8035 1326 1225
p 2 0 99 8061 1306 1197
p 2 0 114 8046 2034 1231
p 2 0 403 7757 2012 1497
p 2 0 392 7768 1969 1491
p 2 1 300 7859 2594 1429
p 2 0 265 7895 1665 1358
p 2 0 299 7861 1808 1402
p 2 0 234 7926 1634 1340
p 2 0 192 7968 1416 1279
p 2 0 159 8001 1392 1255
p 2 11 2105 6044 59795 5200
p 2 0 1309 6851 4521 2493
p 2 7 2066 6087 59087 5111
p 2 1 1534 6625 5682 2785
p 2 11 2450 5699 57535 5551
p 2 0 1557 6603 5124 2807
p 2 12 2464 5684 61043 5606
p 2 0 1917 6243 6249 3144
p 2 0 1385 6775 4359 2495
p 2 0 792 7368 2688 1888
p 2 0 522 7638 2013 1622
p 2 0 907 7253 3113 1990
p 2 0 962 7198 3906 2064
p 2 0 589 7571 2396 1678
p 2 0 270 7890 1560 1362
p 2 0 231 7929 1580 1326
p 2 0 226 7934 1532 1319
p 2 0 197 7963 1569 1294
p 2 0 112 8048 1359 1213
p 2 0 104 8056 1306 1200
p 2 0 80 8080 1249 1177
p 2 0 92 8068 1337 1191
p 2 0 51 8109 1218 1152
p 2 0 38 8122 1169 1138
p 2 0 40 8120 1191 1142
p 2 0 41 8119 1195 1142
p 2 0 20 8140 1141 1122
p 2 0 14 8146 1142 1118
p 2 0 17 8143 1135 1119
i 2 8160 0 0 166346 34394
p 2 0 3837 4323 6703 5006
p 2 0 3365 4795 5348 4371
p 2 0 1483 6677 3099 2579
p 2 0 1494 6666 2990 2543
p 2 0 659 7501 1919 1728
p 2 1 638 7521 2211 1710
p 2 0 265 7895 1415 1347
p 2 0 272 7888 1428 1353
p 2 0 246 7914 1871 1344
p 2 0 188 7972 1357 1282
p 2 0 116 8044 1277 1216
p 2 0 164 7996 1589 1270
p 2 0 135 8025 1313 1238
p 2 0 115 8045 1280 1221
p 2 0 128 8032 1738 1244
p 2 0 193 7967 1397 1279
p 2 0 75 8085 1255 1179
p 2 0 116 8044 1425 1227
p 2 0 63 8097 1192 1171
p 2 0 44 8116 1155 1144
p 2 3 36 8121 1669 1166
p 2 0 59 8101 1177 1156
p 2 0 39 8121 1159 1141
p 2 0 271 7889 1757 1379
p 2 0 256 7904 1449 1347
p 2 0 209 7951 1401 1310
p 2 0 242 7918 1914 1349
p 2 0 230 7930 1456 1329
p 2 0 138 8022 1288 1239
p 2 0 106 8054 1425 1222
p 2 0 95 8065 1255 1201
p 2 0 94 8066 1250 1196
p 2 3 78 8079 1710 1205
p 2 0 73 8087 1210 1174
p 2 0 61 8099 1188 1162
p 2 0 91 8069 1506 1202
p 2 0 51 8109 1182 1156
p 2 0 33 8127 1151 1135
p 2 0 43 8117 1588 1156
p 2 0 99 8061 1287 1201
p 2 0 124 8036 1327 1222
p 2 0 99 8061 1477 1211
p 2 0 45 8115 1173 1150
p 2 0 63 8097 1177 1161
p 2 0 45 8115 1295 1155
p 2 0 39 8121 1159 1146
p 2 0 29 8131 1145 1129
p 2 1 116 8043 1662 1228
p 2 0 109 8051 1245 1206
p 2 0 52 8108 1184 1153
p 2 0 79 8081 1677 1190
p 2 0 54 8106 1181 1156
p 2 0 44 8116 1168 1145
p 2 0 58 8102 1401 1165
p 2 0 39 8121 1170 1143
p 2 0 54 8106 1187 1160
p 2 0 74 8086 1634 1185
p 2 0 41 8119 1180 1148
p 2 0 39 8121 1179 1144
p 2 0 36 8124 1321 1153
p 2 0 26 8134 1157 1135
p 2 0 23 8137 1138 1126
p 2 3 19 8138 1639 1149
p 2 0 38 8122 1159 1137
p 2 0 31 8129 1154 1134
p 2 0 40 8120 1404 1154
p 2 0 21 8139 1140 1126
p 2 0 36 8124 1155 1137
p 2 0 28 8132 1557 1139
p 2 0 31 8129 1154 1133
p 2 0 35 8125 1140 1135
p 2 0 26 8134 1287 1145
p 2 0 27 8133 1149 1135
p 2 0 23 8137 1130 1124
p 2 1 29 8130 1527 1146
p 2 0 24 8136 1139 1124
p 2 0 15 8145 1124 1118
p 2 0 28 8132 1581 1142
p 2 0 18 8142 1140 1122
p 2 0 22 8138 1128 1122
p 2 0 17 8143 1272 1132
p 2 0 6 8154 1115 1112
p 2 0 10 8150 1119 1113
p 2 3 14 8143 1630 1145
p 2 0 9 8151 1117 1112
p 2 0 7 8153 1112 1110
p 2 0 13 8147 1362 1125
p 2 0 36 8124 1149 1134
p 2 0 9 8151 1116 1112
p 2 0 30 8130 1560 1140
p 2 0 21 8139 1140 1125
p 2 0 10 8150 1116 1113
p 2 0 6 8154 1110 1109
p 2 0 5 8155 1112 1108
p 2 0 14 8146 1128 1118
p 2 0 21 8139 1362 1134
p 2 0 13 8147 1127 1116
p 2 0 9 8151 1117 1111
p 2 0 10 8150 1252 1123
p 2 0 10 8150 1119 1115
p 2 0 6 8154 1114 1109
p 2 294 2458 5408 99986 8818
p 2 0 1589 6571 5376 2994
p 2 190 2572 5398 93156 8254
p 2 0 1726 6434 5595 3174
p 2 203 2653 5304 89169 8321
p 2 0 2595 5565 26275 4752
p 2 180 2753 5227 90995 8186
p 2 0 1953 6207 6030 3429
p 2 0 1170 6990 4210 2327
p 2 0 1259 6901 3364 2330
p 2 8 665 7487 2482 1823
p 2 0 586 7574 2058 1666
p 2 15 461 7684 3083 1642
p 2 0 418 7742 1875 1513
p 2 0 276 7884 1654 1376
p 2 8 275 7877 1950 1437
p 2 0 150 8010 1341 1252
p 2 0 83 8077 1242 1184
p 2 15 110 8035 2519 1299
p 2 0 125 8035 1362 1224
p 2 0 122 8038 1329 1221
p 2 0 145 8015 2260 1284
p 2 0 71 8089 1242 1178
p 2 0 74 8086 1236 1175
p 2 0 64 8096 2325 1209
p 2 0 41 8119 1185 1147
p 2 0 40 8120 1210 1143
p 2 0 29 8131 1141 1129
p 2 0 18 8142 1119 1118
p 2 0 6236 1924 32299 8550
p 2 2440 5469 251 187503 27923
i 2 8160 0 0 161833 34050
p 2 3752 4300 108 215948 33000
p 2 2692 5403 65 220963 30460
p 2 1542 6494 124 201259 24232
p 2 1093 6816 251 174632 21009
p 2 36 5374 2750 59187 9726
p 2 164 4901 3095 70335 9738
p 2 246 4614 3300 73651 10053
p 2 201 4305 3654 58924 8949
p 2 98 3737 4325 59506 7869
p 2 9 3368 4783 54629 6875
p 2 68 3652 4440 50074 7420
p 2 146 3860 4154 59302 8296
p 2 145 3540 4475 57746 7997
p 2 115 3464 4581 45468 7315
p 2 67 3316 4777 43250 6722
p 2 7 2822 5331 44688 6065
p 2 81 2800 5279 53078 6395
p 2 192 2902 5066 76073 7748
p 2 262 2941 4957 75140 8305
p 2 223 3099 4838 57993 7608
p 2 119 3097 4944 57650 7210
p 2 10 2946 5204 41330 5836
p 2 54 3123 4983 49702 6744
p 2 149 3255 4756 66093 7742
p 2 164 3165 4831 60602 7666
p 2 110 3049 5001 46446 6859
p 2 65 2986 5109 47564 6539
p 2 10 2640 5510 40074 5647
p 2 68 3165 4927 63559 7122
p 2 181 3185 4794 72478 7917
p 2 481 4577 3102 93689 11662
p 2 589 4882 2689 96751 12710
p 2 532 5103 2525 120296 13261
p 2 532 4778 2850 118429 12481
p 2 472 3722 3966 71641 9172
p 2 538 3223 4399 72957 8763
p 2 525 2927 4708 70436 8471
p 2 2168 3948 2044 199024 20878
p 2 364 3774 4022 52340 8690
p 2 229 3574 4357 28863 7323
p 2 11 3281 4868 13977 4988
p 2 0 2008 6152 4518 3186
p 2 0 1758 6402 4168 2844
p 2 9 1798 6353 9388 3075
p 2 0 1517 6643 4602 2612
p 2 0 1222 6938 3470 2284
p 2 8 985 7167 7701 2279
p 2 0 622 7538 2070 1702
p 2 0 489 7671 1904 1574
p 2 9 441 7710 6889 1725
p 2 0 509 7651 2381 1621
p 2 0 342 7818 2021 1448
p 2 8 674 7478 7063 1953
p 2 0 341 7819 1761 1429
p 2 0 360 7800 1851 1451
p 2 9 574 7577 7256 1861
p 2 0 494 7666 2482 1617
p 2 0 384 7776 2072 1488
p 2 8 464 7688 6472 1743
p 2 0 276 7884 1667 1381
p 2 0 170 7990 1390 1266
p 2 9 259 7892 6459 1534
p 2 0 183 7977 1512 1282
p 2 0 136 8024 1399 1240
p 2 8 216 7936 6066 1509
p 2 0 132 8028 1369 1235
p 2 0 71 8089 1222 1174
p 2 9 172 7979 6320 1458
p 2 0 132 8028 1354 1227
p 2 0 70 8090 1208 1169
p 2 8 369 7783 6430 1650
p 2 0 236 7924 1642 1337
p 2 1628 1394 5138 124451 13200
p 2 0 1492 6668 4580 2698
p 2 291 1964 5905 48117 5682
p 2 0 1479 6681 4330 2609
p 2 287 1268 6605 42002 4927
p 2 0 890 7270 2993 2031
p 2 310 1153 6697 43418 4950
p 2 0 869 7291 3142 2013
p 2 259 1004 6897 36726 4423
p 2 0 706 7454 2678 1865
p 2 290 786 7084 43786 4416
p 2 0 743 7417 2854 1876
p 2 287 822 7051 41184 4494
p 2 0 648 7512 2566 1781
p 2 310 837 7013 42822 4622
p 2 0 709 7451 2876 1839
p 2 258 777 7125 36403 4183
p 2 0 627 7533 2472 1771
p 2 292 676 7192 43463 4316
p 2 0 594 7566 2528 1722
p 2 288 740 7132 40965 4402
p 2 0 516 7644 2260 1654
p 2 312 775 7073 42762 4589
p 2 0 706 7454 2831 1838
p 2 260 747 7153 36300 4177
p 2 0 540 7620 2281 1691
p 2 290 601 7269 43357 4225
p 2 0 496 7664 2358 1631
p 2 289 634 7237 40938 4309
p 2 0 456 7704 2239 1608
p 2 312 583 7265 42211 4383
p 2 0 500 7660 2277 1629
p 2 258 601 7301 36124 4019
p 2 0 457 7703 2187 1613
p 2 290 513 7357 43238 4143
p 2 0 424 7736 2207 1569
p 2 288 591 7281 40805 4264
p 2 0 423 7737 2153 1574
p 2 309 523 7328 42197 4300
p 2 0 422 7738 2153 1556
p 2 260 588 7312 36075 4007
p 2 0 435 7725 2110 1593
i 2 8160 0 0 241256 36713
p 2 0 3087 5073 6181 4209
p 2 1970 5628 562 176816 21330
p 2 0 5314 2846 44907 7273
p 2 1890 5664 606 182659 21887
p 2 51 7343 766 107369 13872
p 2 1676 6167 317 140813 23049
p 2 43 7483 634 70197 14361
p 2 2214 4765 1181 96689 20335
p 2 0 4587 3573 9294 6114
p 2 2562 4315 1283 110214 21889
p 2 169 4191 3800 29884 7538
p 2 1574 3906 2680 105936 17336
p 2 134 3311 4715 27297 6223
p 2 2021 2801 3338 100674 17205
p 2 0 2908 5252 7083 4284
p 2 2314 2295 3551 100831 17911
p 2 0 2357 5803 6154 3832
p 2 1691 2434 4035 88692 15729
p 2 0 2199 5961 5783 3717
p 2 2088 2353 3719 101417 17647
p 2 42 2509 5609 13514 4631
p 2 2064 2852 3244 106670 18363
p 2 98 2792 5270 13785 5054
p 2 1592 3122 3446 95211 15799
p 2 0 2427 5733 6813 4005
p 2 1795 2337 4028 94911 15865
p 2 136 2423 5601 19262 5277
p 2 2049 2179 3932 103543 17101
p 2 212 2488 5460 26456 5598
p 2 1477 2445 4238 95374 14287
p 2 0 2073 6087 5526 3550
p 2 1565 2129 4466 96485 14289
p 2 0 2279 5881 5524 3524
p 2 1892 2174 4094 108386 16367
p 2 18 2598 5544 8349 4110
p 2 1378 2548 4234 101454 14224
p 2 13 2031 6116 7113 3606
p 2 1607 1998 4555 99549 14375
p 2 0 2051 6109 5508 3372
p 2 2045 2075 4040 112949 16799
p 2 0 2156 6004 6052 3622
p 2 1464 2433 4263 98189 14685
p 2 0 2127 6033 5738 3628
p 2 1804 2169 4187 107608 15875
p 2 0 2333 5827 5970 3660
p 2 1759 2421 3980 109377 16289
p 2 0 2377 5783 6632 3903
i 2 8160 0 0 157325 31515
p 2 278 4701 3181 99452 11094
p 2 196 4733 3231 81847 10343
p 2 113 4182 3865 67869 9011
p 2 62 4364 3734 68139 8784
p 2 26 4126 4008 60751 7978
p 2 6 3628 4526 68282 7711
p 2 0 2331 5829 6177 3649
p 2 0 1556 6604 3143 2584
p 2 21 1402 6737 3539 2533
p 2 0 795 7365 2065 1838
p 2 0 546 7614 1762 1608
p 2 35 464 7661 3834 1720
p 2 0 511 7649 2167 1595
p 2 0 353 7807 1612 1418
p 2 9 328 7823 2882 1511
p 2 0 208 7952 1413 1294
p 2 0 395 7765 2098 1492
p 2 11 248 7901 3649 1456
p 2 0 194 7966 1520 1297
p 2 0 197 7963 1516 1296
p 2 21 356 7783 2546 1592
p 2 0 121 8039 1316 1231
p 2 0 105 8055 1353 1208
p 2 35 149 7976 3580 1436
p 2 0 175 7985 1490 1271
p 2 0 350 7810 2000 1449
p 2 9 241 7910 2823 1426
p 2 0 150 8010 1391 1247
p 2 0 151 8009 1411 1241
p 2 11 184 7965 3587 1396
p 2 0 167 7993 1655 1283
p 2 0 111 8049 1392 1218
p 2 21 71 8068 1774 1298
p 2 0 38 8122 1182 1156
p 2 0 24 8136 1148 1125
p 2 35 48 8077 3385 1340
p 2 0 66 8094 1206 1162
p 2 0 40 8120 1165 1139
p 2 9 86 8065 2563 1290
p 2 0 33 8127 1182 1141
p 2 0 16 8144 1128 1118
p 2 11 58 8091 3311 1277
p 2 0 45 8115 1212 1158
p 2 0 32 8128 1175 1134
p 2 0 22 8138 1138 1123
p 2 0 16 8144 1125 1118
p 2 0 18 8142 1134 1119
p 2 0 21 8139 1137 1123
p 2 0 13 8147 1127 1114
p 2 9 61 8090 2522 1268
p 2 0 20 8140 1150 1129
p 2 9 28 8123 1613 1198
i 2 8160 0 0 189854 32387
p 2 1099 3515 3546 96522 12777
p 2 1355 3253 3552 110085 13875
p 2 1429 3498 3233 120002 15113
p 2 695 4011 3454 117832 13145
p 2 257 4168 3735 84570 10474
p 2 95 4495 3570 90693 10097
p 2 0 2962 5198 8514 4688
p 2 0 1297 6863 3421 2583
p 2 5 1319 6836 3919 2579
p 2 0 1678 6482 3950 2754
p 2 0 1551 6609 4272 2640
p 2 21 888 7251 4705 2125
p 2 0 631 7529 2109 1710
p 2 0 528 7632 2005 1608
p 2 12 625 7523 3002 1812
p 2 0 390 7770 1751 1477
p 2 0 248 7912 1578 1340
p 2 21 258 7881 3459 1471
p 2 0 316 7844 2069 1416
p 2 0 259 7901 1778 1359
p 2 0 668 7492 3492 1803
p 2 0 453 7707 2109 1562
p 2 0 381 7779 1907 1478
p 2 1 446 7713 3189 1593
p 2 0 300 7860 2049 1412
p 2 0 178 7982 1665 1279
p 2 0 139 8021 1555 1239
p 2 0 69 8091 1229 1166
p 2 0 54 8106 1217 1154
p 2 0 45 8115 1220 1146
p 2 0 54 8106 1205 1153
p 2 0 68 8092 2133 1218
p 2 0 57 8103 1204 1162
p 2 9 63 8088 1654 1245
p 2 0 40 8120 1172 1152
i 2 8160 0 0 211582 33209
p 2 0 1812 6348 3797 2883
p 2 2647 2439 3074 142272 18768
p 2 0 3115 5045 18893 4990
p 2 3127 4698 335 239977 28538
p 2 4449 3649 62 266668 33483
p 2 3055 4951 154 277262 30431
p 2 2027 6096 37 248259 27044
p 2 588 7328 244 193114 21179
p 2 0 5149 3011 14480 7569
p 2 0 2569 5591 6372 3820
p 2 0 1584 6576 3573 2630
p 2 0 1588 6572 4321 2683
p 2 0 1991 6169 5267 3110
p 2 0 1581 6579 4360 2683
p 2 7 1029 7124 3473 2184
p 2 0 525 7635 1889 1618
p 2 0 302 7858 1534 1393
p 2 16 300 7844 2926 1487
p 2 0 282 7878 1802 1385
p 2 0 527 7633 2205 1605
p 2 8 383 7769 2011 1542
p 2 0 232 7928 1447 1327
p 2 0 337 7823 1770 1428
p 2 16 406 7738 3140 1592
p 2 0 348 7812 1804 1428
p 2 0 167 7993 1382 1263
p 2 0 178 7982 1967 1301
p 2 0 132 8028 1444 1234
p 2 0 128 8032 1322 1223
p 2 0 116 8044 1935 1239
p 2 0 89 8071 1254 1186
p 2 0 56 8104 1190 1156
p 2 0 55 8105 1195 1154
p 2 0 50 8110 1192 1153
i 2 8160 0 0 274869 33420
p 2 933 7197 30 210193 22590
p 2 632 7511 17 177648 21015
p 2 450 7690 20 165450 19999
p 2 338 7815 7 145431 18722
p 2 257 7897 6 131040 18588
p 2 146 8008 6 113564 17049
p 2 104 8047 9 111698 16425
p 2 62 8093 5 86255 15061
p 2 38 8118 4 80685 14271
p 2 10 8146 4 65472 12646
p 2 4 8147 9 62679 11632
p 2 2 6097 2061 21108 7387
p 2 0 1465 6695 4311 2492
p 2 0 326 7834 1735 1421
p 2 1 197 7962 2007 1311
p 2 0 1577 6583 5166 2631
p 2 0 1151 7009 4233 2239
p 2 2 864 7294 3300 1959
p 2 0 622 7538 2515 1716
p 2 0 275 7885 1671 1359
p 2 2 77 8081 2061 1201
p 2 0 117 8043 1367 1216
p 2 0 141 8019 1430 1241
p 2 1 5142 3017 17300 6363
p 2 0 3656 4504 12818 4838
p 2 0 1350 6810 4338 2392
p 2 1 1081 7078 4790 2188
p 2 0 744 7416 2790 1791
p 2 0 621 7539 2786 1690
p 2 2 564 7594 2494 1639
p 2 0 170 7990 1417 1256
p 2 0 213 7947 1534 1300
p 2 2 224 7934 2376 1332
p 2 0 280 7880 1690 1362
p 2 0 293 7867 1774 1376
p 2 1 306 7853 2065 1405
p 2 0 140 8020 1365 1231
p 2 0 95 8065 1288 1189
p 2 1 124 8035 1862 1237
p 2 0 171 7989 1443 1256
p 2 0 92 8068 1270 1185
p 2 0 72 8088 1242 1168
p 2 0 85 8075 1273 1180
p 2 0 138 8022 1369 1228
p 2 0 123 8037 1330 1215
p 2 1 115 8044 1689 1233
p 2 0 133 8027 1375 1223
p 2 0 1218 6942 4297 2262
p 2 0 402 7758 1936 1469
p 2 54 539 7567 7393 1928
p 2 365 1778 6017 31929 5081
p 2 814 4458 2888 69140 10713
i 2 8160 0 0 303880 33550
p 2 4 2629 5527 7497 3699
p 2 0 1356 6804 4092 2426
p 2 0 605 7555 2202 1660
p 2 1 275 7884 2526 1403
p 2 0 341 7819 1778 1422
p 2 0 379 7781 1959 1455
p 2 1 406 7753 2742 1519
p 2 0 225 7935 1599 1316
p 2 0 140 8020 1374 1237
p 2 1 195 7964 2345 1322
p 2 0 396 7764 2148 1496
p 2 0 246 7914 1741 1343
p 2 4 182 7974 1963 1317
p 2 0 72 8088 1247 1173
p 2 0 100 8060 1339 1198
p 2 7 138 8015 2491 1293
p 2 0 222 7938 1682 1314
p 2 0 223 7937 1724 1315
p 2 0 1473 6687 5113 2534
p 2 0 2274 5886 7536 3388
p 2 0 735 7425 2739 1796
p 2 1 815 7344 3978 1925
p 2 0 533 7627 2209 1599
p 2 0 143 8017 1390 1237
p 2 4 351 7805 2360 1476
p 2 0 432 7728 2178 1518
p 2 0 516 7644 2299 1599
p 2 7 506 7647 3430 1645
p 2 0 139 8021 1408 1237
p 2 0 123 8037 1435 1223
p 2 1 144 8015 2190 1274
p 2 0 145 8015 1519 1243
p 2 0 140 8020 1374 1232
p 2 1 105 8054 2119 1236
p 2 0 55 8105 1238 1154
p 2 0 62 8098 1261 1162
p 2 1 56 8103 1998 1188
p 2 0 71 8089 1264 1170
p 2 0 72 8088 1237 1170
p 2 2 58 8100 1586 1182
p 2 0 38 8122 1171 1141
p 2 0 33 8127 1162 1132
p 2 7 78 8075 2350 1230
p 2 0 64 8096 1267 1167
p 2 0 51 8109 1210 1153
p 2 0 59 8101 2046 1190
p 2 0 37 8123 1192 1140
p 2 0 36 8124 1170 1137
p 2 1 70 8089 2076 1202
p 2 0 47 8113 1217 1149
p 2 0 9 8151 1119 1113
p 2 0 23 8137 1148 1125
p 2 0 44 8116 1179 1145
p 2 0 35 8125 1167 1134
p 2 1 2415 5744 8265 3766
p 2 1009 6370 781 154099 17776
p 2 2071 5356 733 166829 20528
p 2 1953 5467 740 165054 20601
p 2 3066 4438 656 162729 22647
p 2 2656 4802 702 154558 22180
p 2 3397 3996 767 142057 22956
p 2 2836 4588 736 138244 23048
p 2 2863 4633 664 133444 23438
p 2 2243 5209 708 124699 23465
p 2 1860 5520 780 122826 23694
p 2 1552 5961 647 129732 23854
p 2 5 7189 966 34163 10356
p 2 0 5183 2977 10481 6520
p 2 0 3221 4939 6621 4424
p 2 2 2742 5416 6549 3974
p 2 0 2429 5731 5017 3539
p 2 0 1471 6689 3307 2554
p 2 5 1207 6948 3297 2320
p 2 0 1204 6956 3038 2281
p 2 0 933 7227 2939 2045
p 2 8 641 7511 3145 1804
p 2 0 486 7674 2079 1587
p 2 0 233 7927 1506 1330
p 2 1 218 7941 2100 1350
p 2 0 222 7938 1491 1326
p 2 0 356 7804 1823 1451
p 2 2 230 7928 2260 1366
p 2 0 164 7996 1380 1262
p 2 0 151 8009 1340 1247
p 2 5 209 7946 1823 1348
p 2 0 136 8024 1335 1242
p 2 0 108 8052 1274 1213
p 2 8 100 8052 2088 1261
p 2 0 1197 6963 3228 2281
p 2 0 696 7464 2221 1787
p 2 0 532 7628 1889 1626
p 2 521 2606 5033 64097 8268
p 2 0 2204 5956 5488 3418
p 2 460 2583 5117 65305 8136
p 2 0 2045 6115 5281 3316
p 2 373 2451 5336 61323 7451
p 2 0 2208 5952 5425 3437
p 2 397 1788 5975 60435 6817
p 2 1 1771 6388 5274 3022
p 2 7 1549 6604 4868 2708
p 2 1 1424 6735 3891 2538
p 2 0 863 7297 2505 1960
p 2 2 703 7455 3522 1845
p 2 0 673 7487 2354 1773
p 2 0 722 7438 2494 1796
p 2 11 546 7603 2542 1714
p 2 0 313 7847 1653 1420
p 2 0 284 7876 1604 1381
p 2 15 371 7774 3382 1559
p 2 0 235 7925 1486 1330
p 2 0 192 7968 1426 1287
p 2 5 195 7960 2468 1353
p 2 0 256 7904 1612 1359
p 2 0 261 7899 1697 1357
p 2 2 656 7502 3567 1800
p 2 0 504 7656 2035 1607
p 2 0 349 7811 1774 1448
p 2 10 393 7757 2400 1562
p 2 0 267 7893 1588 1368
p 2 0 222 7938 1524 1319
p 2 15 176 7969 2957 1385
p 2 0 149 8011 1444 1251
p 2 0 141 8019 1350 1238
p 2 10 154 7996 1921 1326
p 2 0 123 8037 1326 1231
p 2 0 74 8086 1194 1173
p 2 15 63 8082 2712 1269
p 2 0 60 8100 1238 1162
p 2 0 65 8095 1198 1164
p 2 5 65 8090 2163 1227
p 2 0 50 8110 1192 1153
p 2 20 75 8065 3148 1317
i 2 8160 0 0 201209 32587
p 2 0 2636 5524 4546 3723
p 2 1366 2562 4232 63512 10463
p 2 0 1589 6571 3743 2689
p 2 395 2143 5622 42928 6015
p 2 0 1868 6292 5017 3010
p 2 5 3501 4654 12824 4862
p 2 0 1546 6614 3929 2627
p 2 5 1567 6588 4685 2688
p 2 3 1443 6714 5582 2584
p 2 0 984 7176 2932 2046
p 2 0 484 7676 1772 1562
p 2 1 535 7624 2708 1641
p 2 0 541 7619 2375 1626
p 2 0 572 7588 2417 1664
p 2 1 498 7661 2709 1637
p 2 0 402 7758 1989 1502
p 2 0 211 7949 1388 1300
p 2 5 170 7985 2305 1309
p 2 0 167 7993 1581 1265
p 2 0 138 8022 1517 1243
p 2 2 149 8009 1736 1280
p 2 0 89 8071 1297 1196
p 2 0 96 8064 1280 1194
p 2 5 203 7952 2311 1342
p 2 0 176 7984 1482 1278
p 2 0 119 8041 1312 1217
p 2 0 107 8053 1745 1226
p 2 0 143 8017 1505 1249
p 2 0 88 8072 1356 1192
p 2 1 87 8072 1815 1215
p 2 0 62 8098 1206 1166
p 2 0 41 8119 1164 1142
p 2 0 29 8131 1138 1132
p 2 0 41 8119 1164 1141
p 2 0 43 8117 1171 1147
p 2 0 61 8099 1672 1185
p 2 0 46 8114 1187 1152
p 2 0 34 8126 1408 1157
p 2 0 38 8122 1159 1137
p 2 0 27 8133 1139 1128
p 2 0 20 8140 1128 1122
i 2 8160 0 0 148998 33994
i 2 8160 0 0 124081 31298
i 2 8160 0 0 142106 29758
p 2 0 763 7397 3176 1964
i 2 8160 0 0 125824 28986
p 2 0 476 7684 2047 1595
i 2 8160 0 0 138939 29517
p 2 0 902 7258 3521 2100
i 2 8160 0 0 206131 33974
p 2 0 1747 6413 5229 3242
i 2 8160 0 0 227255 35900
p 2 0 2488 5672 7193 4193
i 2 8160 0 0 244605 37209
p 2 0 2718 5442 7688 4455
i 2 8160 0 0 259782 37164
p 2 0 2368 5792 6578 3962
p 2 0 2406 5754 6499 3991
p 2 1978 3172 3010 166515 18327
p 2 0 2383 5777 7566 4193
p 2 0 2492 5668 7670 3958
p 2 1661 3167 3332 164387 16823
p 2 0 2713 5447 8692 4545
p 2 1452 3104 3604 141712 15073
p 2 0 2283 5877 7227 3957
p 2 1180 5239 1741 150342 16728
p 2 0 2718 5442 8300 4569
p 2 0 1922 6238 5585 3351
p 2 840 3343 3977 133755 12310
p 2 0 1847 6313 5951 3347
p 2 0 1742 6418 4751 3037
p 2 818 3011 4331 129301 11816
p 2 0 2139 6021 6345 3673
p 2 0 1020 7140 3164 2262
p 2 796 2166 5198 122402 10720
p 2 0 1854 6306 5817 3225
p 2 0 1308 6852 4036 2535
p 2 302 2696 5162 103952 8335
p 2 0 1824 6336 6129 3218
p 2 0 1447 6713 3997 2653
p 2 204 2847 5109 97164 7817
p 2 0 1884 6276 6416 3243
p 2 0 1060 7100 3284 2249
p 2 0 708 7452 2433 1876
p 2 0 739 7421 2726 1879
i 2 8160 0 0 226303 35897
p 2 0 2916 5244 7406 4545
p 2 2050 3437 2673 140578 17886
p 2 1716 6141 303 159021 22249
i 2 8160 0 0 191129 36790
p 2 3046 4685 429 208064 28192
p 2 2469 5349 342 196520 26810
p 2 619 7048 493 132644 18452
p 2 0 5155 3005 15089 7798
p 2 0 3858 4302 9559 5343
p 2 110 3161 4889 26943 6231
p 2 0 2880 5280 7205 4214
p 2 0 2058 6102 5197 3229
p 2 97 2361 5702 24029 5275
p 2 0 1529 6631 4361 2745
p 2 0 1311 6849 3796 2468
p 2 0 886 7274 2700 1996
p 2 0 805 7355 2707 1924
p 2 0 506 7654 2049 1621
p 2 0 521 7639 2061 1623
p 2 0 378 7782 1801 1480
p 2 0 316 7844 1745 1417
p 2 0 223 7937 1535 1327
p 2 0 179 7981 1402 1278
p 2 0 130 8030 1338 1232
p 2 0 95 8065 1264 1200
p 2 0 52 8108 1175 1153
i 2 8160 0 0 312381 38633
p 2 0 8157 3 40104 10565
p 2 0 8156 4 40070 10238
p 2 0 8157 3 63660 11873
p 2 0 8160 0 38211 10248
p 2 0 8159 1 47506 10922
p 2 0 8158 2 46258 10756
p 2 0 8159 1 54191 11155
p 2 0 8160 0 43594 10833
p 2 0 8155 5 48047 11330
p 2 4 8154 2 46820 11304
p 2 0 8157 3 51960 11171
p 2 0 8160 0 45393 10737
p 2 0 8158 2 41155 10376
p 2 2 8157 1 43027 10473
p 2 0 8159 1 54189 11397
p 2 0 8160 0 41621 10528
p 2 0 8160 0 42201 10386
p 2 0 8157 3 43844 10477
p 2 1 8159 0 50923 11028
p 2 1 8157 2 43920 10523
p 2 0 8159 1 47257 11024
p 2 0 8159 1 48604 10890
p 2 0 8159 1 50352 11141
p 2 0 8158 2 43386 10459
p 2 0 8160 0 48997 11014
p 2 0 8159 1 44622 10676
p 2 0 8159 1 54611 11129
p 2 0 8160 0 43508 10419
p 2 1 8159 0 44775 10566
p 2 0 8160 0 43962 10467
p 2 0 8160 0 50006 10975
p 2 0 8160 0 45691 11089
p 2 0 8158 2 41610 10269
p 2 0 8160 0 42437 10284
p 2 0 8158 2 51214 10965
p 2 1 8158 1 42977 10435
p 2 0 8160 0 44226 10434
p 2 0 8159 1 45897 10856
p 2 0 8159 1 49599 10787
p 2 0 8159 1 43185 10353
p 2 0 8157 3 46383 10610
p 2 0 8158 2 46979 10793
p 2 0 8159 1 49967 10722
p 2 0 8158 2 39349 10045
p 2 0 8159 1 45992 10637
p 2 0 8160 0 43807 10508
p 2 0 8158 2 48479 10734
p 2 1 8157 2 42423 10583
p 2 0 8159 1 44692 10403
p 2 0 8160 0 41060 10126
p 2 0 8160 0 51798 11101
p 2 1 8158 1 43350 10410
p 2 0 8160 0 48366 10535
p 2 0 8156 4 43218 10629
p 2 0 8159 1 51634 11370
p 2 0 8158 2 44045 10565
p 2 0 8160 0 44761 10459
p 2 0 8160 0 46547 10687
p 2 0 8160 0 46828 10660
p 2 0 8159 1 42306 10264
p 2 2 8155 3 45752 10548
p 2 0 8160 0 44496 10551
p 2 0 8159 1 48508 10688
p 2 0 8157 3 39230 10322
p 2 0 8156 4 45408 10577
p 2 0 8159 1 42085 10270
p 2 0 8160 0 50241 11030
p 2 0 8158 2 41744 10322
p 2 0 8160 0 42259 10186
p 2 1 8155 4 41256 10046
p 2 0 8159 1 51051 11048
p 2 0 8159 1 41712 10654
p 2 0 8158 2 48495 11035
p 2 0 8157 3 41476 10407
p 2 0 8157 3 51035 10783
p 2 0 8153 7 44307 10476
p 2 0 8157 3 45962 10426
p 2 0 8159 1 46727 10602
p 2 0 8158 2 52072 10825
p 2 0 8160 0 39786 9888
p 2 0 8159 1 45762 10524
p 2 0 8158 2 42718 10340
p 2 0 8159 1 49255 10710
p 2 0 8160 0 40346 9950
p 2 0 8160 0 42808 10281
p 2 0 8159 1 42175 10203
p 2 0 8160 0 48069 11022
p 2 0 8158 2 45087 10762
p 2 0 8160 0 50989 10645
p 2 0 8156 4 40405 10001
p 2 0 8160 0 47475 11075
p 2 0 8160 0 40197 10010
p 2 2 8158 0 45956 10304
p 2 2 8158 0 48556 10790
p 2 0 8160 0 42837 10821
i 2 8160 0 0 218533 33946
p 2 0 7899 261 30124 9743
p 2 0 7882 278 34281 9640
p 2 26 7998 136 67564 11427
p 2 0 7971 189 35484 10310
p 2 0 7966 194 44748 10835
p 2 28 8038 94 63661 11341
p 2 0 7944 216 37226 10256
p 2 0 7880 280 37212 10234
p 2 106 7963 91 80490 12617
p 2 0 7976 184 35393 10214
p 2 0 7950 210 39644 10381
p 2 73 7963 124 76186 12195
p 2 0 7979 181 42191 10750
p 2 0 7906 254 36251 10153
p 2 32 8004 124 67241 11638
p 2 0 7923 237 37842 10323
p 2 0 7901 259 37706 10383
p 2 44 8014 102 75974 12241
p 2 0 8001 159 35384 10398
p 2 0 7987 173 38967 10403
p 2 0 7978 182 37984 10372
p 2 0 7971 189 45067 10866
p 2 0 7937 223 36748 10328
p 2 0 7970 190 39441 10411
p 2 0 7949 211 39247 10491
p 2 0 7981 179 45658 10869
p 2 73 7964 123 72024 11949
p 2 0 7955 205 38143 10324
p 2 0 7892 268 37741 10299
p 2 63 7981 116 72869 12142
p 2 0 7993 167 35751 10321
p 2 0 7933 227 40037 10341
p 2 138 7948 74 82657 12562
p 2 0 7967 193 42337 10728
p 2 0 7865 295 36956 10246
p 2 142 7896 122 84962 12640
p 2 0 7996 164 36024 10365
p 2 0 7986 174 44096 10745
p 2 58 7967 135 69660 11811
p 2 0 7945 215 37283 10353
p 2 0 7899 261 36807 10322
p 2 48 7975 137 75995 12152
p 2 0 7953 207 35469 10332
p 2 0 7989 171 38943 10361
p 2 0 7985 175 38043 10391
p 2 0 8023 137 46101 10868
p 2 0 7959 201 36516 10309
p 2 0 7950 210 40044 10351
p 2 0 7982 178 38727 10421
p 2 0 8003 157 46063 10856
p 2 8 8000 152 69565 11559
p 2 0 7919 241 37697 10289
p 2 0 7894 266 36710 10192
p 2 14 8015 131 71596 11858
p 2 0 7953 207 35656 10251
p 2 0 7961 199 39763 10353
p 2 73 7957 130 72474 11895
p 2 0 7965 195 42380 10698
p 2 0 7854 306 36334 10199
p 2 88 7938 134 75316 12038
p 2 0 7992 168 37001 10380
p 2 0 7975 185 44025 10639
p 2 6 7985 169 63815 11338
p 2 0 7916 244 39162 10342
p 2 0 7902 258 37503 10144
p 2 17 8000 143 70064 11687
p 2 0 7959 201 35977 10253
p 2 0 7952 208 39569 10250
p 2 0 7954 206 37192 10162
p 2 0 7947 213 43017 10433
i 2 8160 0 0 342792 40771
p 2 0 7780 380 42970 10207
p 2 0 7804 356 51075 10732
p 2 0 7758 402 46593 10675
p 2 0 7782 378 53525 11181
p 2 0 7762 398 63044 11671
p 2 0 7824 336 49867 10900
p 2 0 7797 363 49623 11033
p 2 0 7828 332 45149 10563
p 2 0 7789 371 53254 11209
p 2 0 7825 335 57451 11486
p 2 0 7840 320 49759 10972
p 2 0 7829 331 47130 10806
p 2 0 7815 345 49069 10886
p 2 0 7845 315 50196 11171
p 2 0 7819 341 58145 11532
p 2 0 7822 338 49017 10887
p 2 0 7858 302 51662 11080
p 2 0 7827 333 50363 11048
p 2 0 7803 357 58424 11481
p 2 0 7862 298 47871 10869
p 2 0 7854 306 48651 10925
p 2 0 7849 311 46311 10721
p 2 0 7858 302 51402 11211
p 2 0 7842 318 54786 11350
p 2 0 7847 313 49686 10949
p 2 0 7840 320 45391 10644
p 2 0 7805 355 51166 11030
p 2 0 7813 347 48793 11084
p 2 0 7804 356 56237 11276
p 2 0 7838 322 48675 10920
p 2 0 7839 321 46290 10759
p 2 0 7840 320 47027 10738
p 2 0 7820 340 50295 11153
p 2 0 7857 303 53341 11196
p 2 0 7798 362 49419 10991
p 2 1 7830 329 45150 10686
p 2 0 7789 371 49417 10947
p 2 0 7864 296 48571 11112
p 2 0 7836 324 54990 11265
p 2 0 7863 297 48627 10945
p 2 0 7851 309 49056 10929
p 2 0 7878 282 51062 11115
p 2 0 7822 338 55988 11415
p 2 0 7845 315 47029 10840
p 2 0 7845 315 47113 10800
p 2 0 7859 301 47040 10722
p 2 0 7845 315 50317 11145
p 2 0 7856 304 52687 11276
p 2 0 7859 301 48643 10927
p 2 0 7851 309 47230 10854
p 2 0 7843 317 43969 10553
p 2 0 7878 282 50046 11125
p 2 0 7829 331 51840 11185
p 2 0 7882 278 49686 11015
p 2 0 7849 311 44602 10714
p 2 0 7877 283 47949 10893
p 2 0 7872 288 47870 11037
p 2 0 7850 310 53967 11175
p 2 0 7859 301 48318 10949
p 2 0 7872 288 46112 10852
p 2 0 7841 319 44731 10519
p 2 0 7885 275 50396 11120
p 2 0 7842 318 51820 11230
p 2 0 7864 296 48788 10935
p 2 0 7831 329 44307 10629
p 2 0 7860 300 47889 10912
p 2 0 7831 329 47796 11035
p 2 0 7864 296 53827 11255
p 2 0 7841 319 47317 10780
p 2 0 7851 309 46946 10852
p 2 0 7847 313 45570 10683
p 2 0 7889 271 48798 10995
p 2 0 7866 294 53628 11177
p 2 0 7871 289 49866 10956
p 2 0 7878 282 44076 10581
p 2 0 7884 276 49540 10912
p 2 0 7865 295 48304 11030
p 2 0 7871 289 52284 11079
p 2 0 7873 287 47514 10863
p 2 0 7888 272 47971 10803
p 2 0 7893 267 50226 11083
p 2 0 7890 270 51788 11190
p 2 0 7864 296 46304 10706
p 2 0 7876 284 48565 10943
p 2 0 7811 349 43718 10482
p 2 0 7868 292 49412 10969
p 2 0 7825 335 50019 10987
p 2 0 7848 312 44650 10466
p 2 0 7837 323 49981 10979
p 2 0 7860 300 46712 10835
p 2 0 7873 287 46849 10821
p 2 0 7881 279 48443 10858
p 2 0 7891 269 46445 10832
p 2 0 7892 268 49169 10944
i 2 8160 0 0 412127 42504
p 2 0 1091 7069 2798 2152
p 2 0 482 7678 1756 1574
p 2 0 258 7902 1479 1350
p 2 0 218 7942 1410 1303
p 2 0 146 8014 1357 1246
p 2 1 116 8043 1730 1226
p 2 0 124 8036 1376 1222
p 2 0 163 7997 1512 1258
p 2 0 367 7793 2430 1465
p 2 0 152 8008 1427 1245
p 2 0 253 7907 1768 1353
p 2 1 127 8032 1553 1250
p 2 0 182 7978 1466 1274
p 2 0 211 7949 1491 1301
p 2 4 141 8015 1985 1272
p 2 0 123 8037 1408 1220
p 2 0 165 7995 1552 1263
p 2 1 80 8079 1472 1203
p 2 0 108 8052 1330 1206
p 2 0 77 8083 1235 1173
p 2 4 94 8062 1918 1228
p 2 0 62 8098 1245 1163
p 2 0 81 8079 1292 1181
p 2 0 567 7593 2578 1663
p 2 0 773 7387 3230 1883
p 2 0 415 7745 2058 1503
p 2 0 495 7665 3049 1610
p 2 0 163 7997 1425 1258
p 2 0 62 8098 1208 1162
p 2 1 109 8050 1530 1226
p 2 0 124 8036 1392 1224
p 2 0 87 8073 1258 1184
p 2 4 57 8099 1851 1191
p 2 0 80 8080 1254 1180
p 2 0 73 8087 1243 1171
p 2 459 3792 3909 90465 8874
p 2 572 3714 3874 104687 9696
p 2 623 3364 4173 107478 9536
p 2 697 4242 3221 119398 11201
p 2 743 4335 3082 115944 11434
p 2 744 1620 5796 105927 8615
p 2 9 4771 3380 37702 6647
p 2 4 5414 2742 42831 7420
p 2 10 4141 4009 33535 5898
p 2 5 1873 6282 26228 3634
p 2 4 4100 4056 33640 5816
p 2 5 4379 3776 37271 6233
p 2 8 4461 3691 36093 6361
p 2 5 2898 5257 30907 4734
p 2 4 4242 3914 36035 6049
p 2 9 4719 3432 41407 6789
p 2 2 3336 4822 37357 5225
p 2 0 1150 7010 3974 2266
p 2 484 2830 4846 106632 8552
p 2 0 2645 5515 9242 3818
p 2 511 2637 5012 105214 8424
p 2 0 1041 7119 3901 2226
p 2 506 3210 4444 107434 9153
p 2 0 2054 6106 6150 3171
p 2 509 2081 5570 97580 7726
p 2 0 1009 7151 3875 2161
p 2 852 2395 4913 116207 9759
p 2 0 2635 5525 9001 3793
p 2 796 2604 4760 117820 9937
p 2 0 2177 5983 6647 3302
p 2 866 3564 3730 122064 11285
p 2 0 3447 4713 13002 4701
p 2 835 4288 3037 148828 12715
p 2 0 2698 5462 7884 3875
p 2 544 2319 5297 102467 8210
p 2 0 2244 5916 7005 3376
p 2 245 2849 5066 76225 6778
p 2 0 1331 6829 4724 2467
p 2 0 617 7543 2300 1699
p 2 0 323 7837 1685 1415
p 2 0 326 7834 1664 1414
p 2 0 235 7925 1504 1322
p 2 0 135 8025 1318 1229
p 2 0 109 8051 1268 1201
p 2 0 90 8070 1251 1187
p 2 0 85 8075 1244 1182
p 2 0 47 8113 1186 1147
i 2 8160 0 0 368171 41255
p 2 0 1634 6526 3720 2676
p 2 122 2582 5456 57737 6191
p 2 0 2294 5866 6403 3405
p 2 122 3621 4417 59441 7194
p 2 0 2653 5507 6919 3720
p 2 95 1680 6385 54363 5108
p 2 0 2647 5513 7604 3762
p 2 147 3631 4382 66403 7370
p 2 0 1808 6352 5749 2938
p 2 0 699 7461 2356 1777
p 2 0 679 7481 2545 1756
p 2 0 834 7326 3115 1895
p 2 0 600 7560 2241 1660
p 2 0 234 7926 1485 1323
p 2 0 395 7765 1785 1446
p 2 0 408 7752 1950 1462
p 2 0 644 7516 2207 1671
p 2 0 275 7885 1487 1338
p 2 0 292 7868 1734 1377
p 2 62 1877 6221 55615 5316
p 2 0 1701 6459 4967 2806
p 2 58 1782 6320 54763 5187
p 2 0 1061 7099 4012 2275
p 2 975 1497 5688 87235 9517
p 2 0 1557 6603 5157 2710
p 2 634 1476 6050 83034 8047
p 2 0 922 7238 3580 2125
p 2 664 1715 5781 87818 8418
p 2 0 1093 7067 3861 2238
p 2 0 550 7610 2327 1654
p 2 8 679 7473 3622 1790
p 2 0 265 7895 1661 1359
p 2 0 312 7848 1727 1396
p 2 427 637 7096 40269 4344
p 2 0 673 7487 2752 1766
p 2 1210 812 6138 86191 8684
p 2 0 908 7252 4110 2041
p 2 1686 1016 5458 126460 12270
p 2 0 883 7277 3353 2014
p 2 1455 1014 5691 126687 11739
p 2 0 853 7307 3358 1999
p 2 1476 942 5742 120236 11352
i 2 8160 0 0 138751 33291
p 2 0 1791 6369 3477 2894
p 2 5507 2470 183 133601 31623
p 2 29 5897 2234 31657 10827
p 2 4613 3524 23 156302 29995
p 2 0 2882 5278 7452 4622
p 2 4790 3320 50 131528 30038
p 2 0 2842 5318 6930 4664
p 2 4824 3278 58 161827 30262
p 2 0 3300 4860 8951 5406
i 2 8160 0 0 121910 32224
p 2 0 2020 6140 3912 3156
i 2 8160 0 0 207974 35027
p 2 932 6448 780 142736 19718
p 2 411 7182 567 146205 17086
p 2 211 7339 610 105561 15867
p 2 192 7445 523 130515 16153
p 2 142 7436 582 98740 15079
p 2 112 7588 460 120213 14993
p 2 70 7555 535 86949 13592
p 2 47 7644 469 77215 13071
p 2 32 7581 547 84107 13089
p 2 23 7577 560 72948 11765
p 2 0 7521 639 74683 11445
p 2 0 4215 3945 11680 5461
p 2 0 1581 6579 3839 2671
p 2 0 1624 6536 4289 2685
p 2 3 1777 6380 5255 2896
p 2 0 1271 6889 3864 2348
p 2 0 634 7526 2147 1713
p 2 9 669 7482 3520 1816
p 2 0 747 7413 2773 1838
p 2 0 2426 5734 8578 3550
p 2 2 863 7295 3294 1992
p 2 0 488 7672 2137 1590
p 2 0 1121 7039 3952 2192
p 2 9 1207 6944 5641 2367
p 2 0 777 7383 3082 1867
p 2 0 287 7873 1681 1385
p 2 0 469 7691 2629 1569
p 2 0 372 7788 2062 1463
p 2 0 317 7843 1790 1408
p 2 0 170 7990 2024 1288
p 2 0 160 8000 1461 1259
p 2 0 158 8002 1491 1259
p 2 0 184 7976 1425 1270
p 2 0 105 8055 1304 1202
p 2 0 81 8079 1239 1180
p 2 0 75 8085 1231 1173
p 2 0 74 8086 1235 1174
p 2 0 61 8099 1714 1186
p 2 0 42 8118 1196 1146
p 2 2 28 8130 1380 1164
i 2 8160 0 0 358777 38740
p 2 0 934 7226 2565 2005
p 2 0 426 7734 1665 1524
p 2 0 145 8015 1287 1247
p 2 0 136 8024 1292 1232
p 2 0 120 8040 1427 1219
p 2 0 353 7807 8204 1582
p 2 0 179 7981 1484 1276
p 2 0 346 7814 8045 1560
p 2 0 382 7778 2169 1472
p 2 2 442 7716 8504 1694
p 2 0 213 7947 1570 1314
p 2 1 332 7827 8469 1573
p 2 0 355 7805 2160 1452
p 2 0 258 7902 2120 1355
p 2 0 265 7895 1825 1352
p 2 0 385 7775 2194 1461
p 2 0 153 8007 1384 1248
p 2 46 429 7685 5171 1740
p 2 0 530 7630 2573 1610
p 2 0 380 7780 2045 1465
p 2 0 341 7819 2342 1434
p 2 0 244 7916 1668 1331
p 2 0 239 7921 1783 1331
p 2 90 1793 6277 11793 3345
p 2 0 1949 6211 7281 3047
p 2 0 818 7342 3128 1884
p 2 0 756 7404 3631 1847
p 2 0 540 7620 2315 1608
p 2 0 554 7606 2925 1643
p 2 83 783 7294 12697 2370
p 2 0 368 7792 1917 1454
p 2 0 396 7764 1956 1470
p 2 0 481 7679 2611 1558
p 2 0 311 7849 1832 1399
p 2 0 349 7811 2100 1440
p 2 72 690 7398 9771 2228
p 2 0 198 7962 1485 1295
p 2 0 350 7810 1901 1431
p 2 0 447 7713 2488 1529
p 2 0 286 7874 1775 1376
p 2 0 215 7945 1650 1306
p 2 89 388 7683 7724 1977
p 2 0 166 7994 1442 1265
p 2 0 145 8015 1390 1240
p 2 0 175 7985 1685 1266
p 2 0 151 8009 1431 1246
p 2 0 188 7972 1556 1279
p 2 81 861 7218 12829 2441
p 2 0 958 7202 3788 2031
p 2 0 416 7744 2021 1490
p 2 0 396 7764 2411 1482
p 2 0 285 7875 1709 1370
p 2 0 302 7858 1986 1396
p 2 73 566 7521 9479 2117
p 2 0 440 7720 2272 1529
p 2 0 314 7846 1810 1399
p 2 0 162 7998 1704 1263
p 2 0 110 8050 1339 1207
p 2 0 140 8020 1414 1235
p 2 91 390 7679 8201 2003
p 2 0 282 7878 1798 1371
p 2 0 233 7927 1558 1318
p 2 0 76 8084 1518 1178
p 2 0 110 8050 1329 1205
p 2 0 91 8069 1302 1189
p 2 80 221 7859 11363 1835
p 2 0 202 7958 1617 1299
p 2 0 144 8016 1404 1240
p 2 0 65 8095 1487 1169
p 2 0 58 8102 1216 1157
p 2 0 83 8077 1278 1180
p 2 73 797 7290 10094 2339
p 2 0 965 7195 3705 2053
p 2 0 400 7760 2047 1482
p 2 0 411 7749 2439 1498
p 2 0 231 7929 1537 1315
p 2 0 140 8020 1351 1235
p 2 91 346 7723 7755 1953
p 2 0 307 7853 1837 1398
p 2 0 291 7869 1758 1379
p 2 0 254 7906 2009 1349
p 2 0 125 8035 1354 1219
p 2 0 81 8079 1252 1180
p 2 82 195 7883 11073 1812
p 2 0 171 7989 1533 1274
p 2 0 117 8043 1334 1215
p 2 0 168 7992 1733 1264
p 2 0 124 8036 1370 1219
p 2 0 63 8097 1205 1164
p 2 74 176 7910 8653 1757
p 2 0 151 8009 1492 1252
p 2 0 157 8003 1439 1251
p 2 0 148 8012 1683 1242
p 2 0 97 8063 1314 1194
p 2 0 80 8080 1256 1180
p 2 89 548 7523 8394 2134
p 2 0 594 7566 2605 1673
p 2 0 260 7900 1642 1352
p 2 0 260 7900 1963 1355
p 2 0 215 7945 1599 1307
p 2 0 162 7998 1544 1256
p 2 83 329 7748 11595 1951
p 2 0 162 7998 1502 1261
p 2 0 146 8014 1365 1235
p 2 0 179 7981 1782 1274
p 2 0 157 8003 1432 1251
p 2 0 151 8009 1479 1247
p 2 72 273 7815 8783 1837
p 2 0 110 8050 1352 1216
p 2 0 101 8059 1305 1198
p 2 0 106 8054 1608 1207
p 2 0 78 8082 1263 1176
p 2 0 108 8052 1370 1205
p 2 89 217 7854 7306 1824
p 2 0 124 8036 1406 1227
p 2 0 71 8089 1253 1172
p 2 0 100 8060 1508 1198
p 2 0 70 8090 1240 1170
p 2 0 95 8065 1317 1192
p 2 82 359 7719 11571 1968
p 2 0 315 7845 1833 1405
p 2 0 146 8014 1386 1240
p 2 0 169 7991 1748 1264
p 2 0 128 8032 1395 1223
p 2 0 124 8036 1449 1223
p 2 72 239 7849 8699 1801
p 2 0 111 8049 1353 1213
p 2 0 65 8095 1232 1165
p 2 0 95 8065 1570 1198
p 2 66 608 7486 30777 2659
p 2 0 278 7882 1904 1393
p 2 122 591 7447 29707 2843
p 2 0 526 7634 2622 1626
p 2 42 666 7452 27003 2485
p 2 0 306 7854 2233 1418
p 2 109 610 7441 29981 2801
p 2 0 590 7570 2881 1683
p 2 169 1431 6560 37474 4010
p 2 0 743 7417 3502 1834
p 2 131 879 7150 33658 3256
p 2 0 338 7822 2019 1456
p 2 154 824 7182 33366 3284
p 2 0 930 7230 3862 2009
p 2 86 1505 6569 34018 3593
p 2 0 853 7307 3444 1971
p 2 126 1233 6801 36811 3647
p 2 0 1306 6854 5143 2392
p 2 190 843 7127 38929 3619
p 2 0 393 7767 2120 1506
p 2 144 727 7289 39167 3277
p 2 0 628 7532 2776 1722
p 2 180 827 7153 44247 3640
p 2 0 335 7825 2084 1454
p 2 291 859 7010 45800 4238
p 2 0 836 7324 3440 1932
p 2 280 827 7053 46267 4178
p 2 0 377 7783 2120 1497
p 2 271 805 7084 51534 4167
p 2 0 809 7351 3254 1902
p 2 115 933 7112 44472 3361
p 2 0 448 7712 2411 1570
p 2 34 948 7178 33836 2817
p 2 0 886 7274 3483 1977
p 2 43 978 7139 34536 2874
p 2 0 498 7662 2498 1616
p 2 0 377 7783 2269 1463
p 2 0 408 7752 2120 1488
p 2 1 1443 6716 5116 2519
p 2 0 1745 6415 6924 2883
p 2 0 723 7437 2837 1801
p 2 0 566 7594 3034 1666
p 2 0 466 7694 2474 1553
p 2 0 417 7743 2513 1511
p 2 0 275 7885 2225 1384
p 2 0 200 7960 1875 1300
p 2 0 182 7978 1577 1280
p 2 0 200 7960 2077 1299
p 2 0 136 8024 1463 1235
p 2 0 154 8006 1617 1253
p 2 1 109 8050 1651 1220
p 2 0 104 8056 1470 1201
p 2 0 100 8060 1336 1197
p 2 0 115 8045 1572 1213
p 2 0 84 8076 1272 1182
p 2 0 93 8067 1294 1192
p 2 0 84 8076 1567 1182
p 2 0 91 8069 1328 1190
p 2 0 211 7949 1549 1297
p 2 1 155 8004 1670 1261
p 2 0 68 8092 1238 1167
p 2 0 117 8043 1369 1213
p 2 0 155 8005 1747 1251
p 2 0 66 8094 1230 1164
p 2 0 32 8128 1164 1133
p 2 0 51 8109 1474 1154
p 2 0 43 8117 1203 1144
p 2 0 57 8103 1208 1158
p 2 0 45 8115 1465 1146
p 2 0 54 8106 1217 1153
p 2 0 26 8134 1156 1128
p 2 0 51 8109 1197 1149
p 2 0 32 8128 1163 1133
p 2 0 18 8142 1136 1120
p 2 0 13 8147 1123 1116
p 2 0 13 8147 1384 1119
p 2 0 21 8139 1154 1123
p 2 1 8 8151 1252 1119
p 2 0 14 8146 1127 1115
i 2 8160 0 0 328267 39332
p 2 0 1644 6516 3892 2704
p 2 883 3675 3602 140791 12711
p 2 0 1888 6272 5799 3117
p 2 219 3863 4078 109074 9402
p 2 0 1733 6427 5711 2956
p 2 240 3997 3923 114290 9483
p 2 0 3333 4827 10583 4632
p 2 0 2125 6035 6295 3207
p 2 15 1008 7137 3621 2181
p 2 0 1180 6980 3661 2232
p 2 0 1238 6922 4155 2297
p 2 18 1201 6941 5988 2392
p 2 0 876 7284 3580 1966
p 2 0 587 7573 2607 1671
p 2 7 526 7627 3975 1715
p 2 0 401 7759 2210 1504
p 2 0 308 7852 2308 1411
p 2 7 411 7742 3994 1570
p 2 0 366 7794 2191 1470
p 2 0 332 7828 2134 1430
p 2 15 344 7801 2863 1550
p 2 0 369 7791 2047 1456
p 2 0 229 7931 1738 1325
p 2 18 1604 6538 6942 2790
p 2 0 1225 6935 4728 2335
p 2 0 857 7303 3195 1930
p 2 7 909 7244 4626 2065
p 2 0 593 7567 2664 1695
p 2 0 519 7641 2806 1619
p 2 7 451 7702 3716 1583
p 2 0 156 8004 1421 1256
p 2 0 179 7981 1480 1270
p 2 6 191 7963 2706 1357
p 2 0 226 7934 1667 1324
p 2 0 185 7975 1689 1283
p 2 3 283 7874 2166 1413
p 2 0 127 8033 1324 1230
p 2 0 140 8020 1427 1232
p 2 8 167 7985 2635 1332
p 2 0 162 7998 1470 1258
p 2 0 64 8096 1215 1162
p 2 7 99 8054 3059 1270
p 2 0 98 8062 1350 1202
p 2 0 79 8081 1272 1179
p 2 6 97 8057 2385 1266
p 2 0 88 8072 1272 1192
p 2 0 67 8093 1241 1169
p 2 7 330 7823 3679 1497
p 2 0 334 7826 1927 1432
p 2 0 218 7942 1620 1316
p 2 15 247 7898 2274 1449
p 2 0 200 7960 1524 1292
p 2 0 212 7948 1673 1309
p 2 18 142 8000 3130 1343
p 2 0 110 8050 1402 1211
p 2 0 191 7969 1474 1279
p 2 7 108 8045 2430 1294
p 2 0 106 8054 1343 1217
p 2 0 95 8065 1327 1194
p 2 7 106 8047 3084 1281
p 2 0 118 8042 1383 1220
p 2 0 96 8064 1280 1191
p 2 15 96 8049 1839 1296
p 2 0 69 8091 1248 1168
p 2 0 56 8104 1247 1157
p 2 18 104 8038 3041 1303
p 2 0 105 8055 1388 1201
p 2 0 80 8080 1257 1177
p 2 7 98 8055 2460 1279
p 2 0 75 8085 1273 1186
p 2 0 77 8083 1314 1177
p 2 13 391 7756 7109 1660
p 2 0 262 7898 1729 1367
p 2 1 325 7834 4393 1488
p 2 6 320 7834 3064 1496
p 2 0 333 7827 4963 1515
p 2 0 193 7967 1463 1282
p 2 7 307 7846 3588 1470
p 2 0 232 7928 1616 1320
p 2 0 257 7903 1630 1336
p 2 6 205 7949 2751 1378
p 2 0 226 7934 1613 1327
p 2 0 146 8014 1397 1240
p 2 3 91 8066 1710 1234
p 2 0 83 8077 1283 1187
p 2 0 86 8074 1291 1182
p 2 18 72 8070 2947 1277
p 2 0 46 8114 1202 1147
p 2 0 37 8123 1192 1140
p 2 7 74 8079 2328 1252
p 2 0 39 8121 1195 1146
p 2 0 35 8125 1165 1135
p 2 7 52 8101 2962 1230
p 2 0 96 8064 1344 1200
p 2 0 71 8089 1308 1171
p 2 149 2118 5893 56469 5845
p 2 0 1063 7097 3708 2266
p 2 124 2486 5550 55414 6099
p 2 0 1592 6568 5071 2778
p 2 167 2028 5965 57756 6008
p 2 0 1497 6663 4537 2695
p 2 146 1604 6410 56770 5387
p 2 0 1299 6861 4311 2531
p 2 42 1896 6222 47819 4896
p 2 0 1383 6777 4322 2564
p 2 7 1487 6666 36757 4013
p 2 0 1211 6949 3928 2355
p 2 6 1694 6460 38804 4197
p 2 0 1235 6925 4297 2416
p 2 7 852 7301 4655 2018
p 2 0 1111 7049 3913 2223
p 2 0 893 7267 3746 2006
p 2 0 553 7607 2357 1640
p 2 15 537 7608 3783 1745
p 2 0 473 7687 2935 1585
p 2 0 255 7905 1982 1358
p 2 1 332 7827 2994 1473
p 2 0 98 8062 1309 1199
p 2 0 123 8037 1349 1219
p 2 889 2289 4982 139910 11231
p 2 0 1608 6552 5775 2810
p 2 838 2618 4704 128123 11064
p 2 6 2126 6028 8852 3463
p 2 850 2595 4715 117311 10744
p 2 0 1794 6366 6307 3050
p 2 816 3762 3582 121949 11705
p 2 0 2004 6156 6237 3216
p 2 0 1369 6791 5212 2502
p 2 56 1543 6561 9981 3041
p 2 0 539 7621 2154 1630
p 2 0 467 7693 2030 1555
p 2 577 1300 6283 24086 5394
p 2 0 1196 6964 4000 2301
p 2 0 530 7630 2115 1624
p 2 1022 1117 6021 34186 7461
p 2 0 1215 6945 4310 2401
p 2 0 945 7215 3225 2053
p 2 1422 1492 5246 52300 10420
p 2 0 1359 6801 4288 2606
p 2 0 637 7523 2291 1773
i 2 8160 0 0 279686 37838
p 2 0 1528 6632 3754 2635
p 2 0 1028 7132 2683 2120
p 2 2154 1391 4615 83584 14289
p 2 0 1175 6985 3559 2401
p 2 0 505 7655 2086 1638
p 2 2105 882 5173 79875 13437
p 2 0 1039 7121 3470 2254
p 2 0 744 7416 2485 1850
p 2 1902 1044 5214 78930 12744
p 2 0 1256 6904 3792 2524
p 2 0 738 7422 2576 1850
p 2 1909 1501 4750 84749 13405
p 2 0 1150 7010 3411 2390
p 2 0 956 7204 3407 2078
p 2 2103 1163 4894 80732 13689
p 2 0 1098 7062 3360 2330
p 2 0 762 7398 2726 1879
p 2 2025 1246 4889 83366 13472
p 2 0 1071 7089 3441 2262
p 2 0 929 7231 2963 2028
p 2 1960 1250 4950 73902 12950
p 2 0 1443 6717 4173 2650
p 2 0 856 7304 3064 1966
p 2 1843 1276 5041 62697 12347
p 2 1 1161 6998 3755 2426
p 2 0 878 7282 2828 1985
i 2 8160 0 0 282155 38096
p 2 1 1414 6745 4406 2542
p 2 0 1144 7016 2870 2215
p 2 2258 1420 4482 75741 14613
p 2 0 1412 6748 3511 2548
p 2 0 736 7424 2118 1819
p 2 2243 849 5068 65070 13435
p 2 0 1058 7102 2991 2240
p 2 0 756 7404 2236 1847
p 2 2675 1618 3867 106360 17443
p 2 29 1725 6406 30770 4122
p 2 47 1667 6446 28829 3875
p 2 2751 1076 4333 88260 16714
p 2 0 1207 6953 3273 2388
p 2 0 926 7234 2587 2024
p 2 2757 1159 4244 88558 16646
p 2 0 1544 6616 4023 2707
p 2 0 744 7416 2190 1832
p 2 2582 1301 4277 91978 16128
p 2 0 1605 6555 4497 2791
p 2 0 1370 6790 3774 2466
i 2 8160 0 0 262482 37544
p 2 0 1856 6304 4296 2955
p 2 0 1667 6493 3862 2705
p 2 2633 2216 3311 94944 17351
p 2 0 1920 6240 4848 3094
p 2 0 1336 6824 3707 2418
p 2 2513 1668 3979 86128 15969
p 2 0 1536 6624 3899 2698
p 2 0 1220 6940 3582 2321
p 2 1910 1758 4492 59834 12679
p 2 0 1154 7006 3164 2320
p 2 0 1166 6994 3903 2269
p 2 1397 2464 4299 52185 11068
p 2 0 1956 6204 6552 3126
p 2 0 1590 6570 5819 2706
p 2 855 3508 3797 50046 9826
p 2 0 1193 6967 3342 2273
p 2 0 1991 6169 6244 3063
p 2 130 2339 5691 17742 4497
p 2 0 1856 6304 5711 2908
p 2 0 943 7217 3533 2026
p 2 0 1088 7072 4746 2193
p 2 0 1201 6959 4222 2268
p 2 0 1640 6520 4921 2668
p 2 6 1289 6865 5148 2459
p 2 0 655 7505 2517 1726
p 2 0 792 7368 3014 1856
p 2 16 947 7197 5021 2121
p 2 0 537 7623 2117 1585
p 2 0 155 8005 1369 1250
p 2 2 231 7927 2367 1368
p 2 0 238 7922 1706 1331
p 2 0 173 7987 1520 1268
p 2 0 147 8013 2560 1288
p 2 0 119 8041 1371 1219
p 2 0 103 8057 1308 1197
p 2 0 112 8048 1316 1207
p 2 0 87 8073 1227 1179
p 2 0 56 8104 1205 1157
p 2 0 53 8107 1199 1154
p 2 0 40 8120 1168 1141
p 2 0 28 8132 1156 1131
p 2 0 17 8143 1127 1119
p 2 0 14 8146 1128 1116
i 2 8160 0 0 170660 29613
p 2 2 8033 125 31410 9673
p 2 0 7957 203 34233 10108
p 2 8 8004 148 44781 10011
p 2 0 8024 136 31351 9920
p 2 0 7999 161 29932 9401
p 2 9 7948 203 44881 9952
p 2 1 8011 148 29791 9403
p 2 0 7981 179 29502 9278
p 2 4 8076 80 42461 9720
p 2 0 8033 127 29763 9440
p 2 1 7996 163 32620 9657
p 2 6 8029 125 43138 10069
p 2 1 8058 101 31077 9476
p 2 0 8093 67 30177 9544
p 2 36 8005 119 49498 10554
p 2 0 8087 73 30310 9890
p 2 1 8080 79 30317 9558
p 2 26 8034 100 47049 10322
p 2 2 8045 113 32236 10044
p 2 0 8089 71 30974 9931
p 2 41 7999 120 48214 10376
p 2 0 8081 79 30933 9536
p 2 0 8104 56 34007 9706
p 2 9 8085 66 42379 10191
p 2 0 8057 103 31762 9467
p 2 1 8077 82 30574 9587
p 2 10 8065 85 45694 10299
p 2 1 8098 61 34205 9796
p 2 0 8097 63 31354 9604
p 2 27 8074 59 48654 10380
p 2 2 8075 83 31574 9490
p 2 1 8091 68 31900 9564
p 2 8 8052 100 46587 10336
p 2 2 8039 119 31554 9454
p 2 1 8028 131 33665 9909
p 2 10 8097 53 47554 10345
p 2 1 8094 65 34425 9736
p 2 1 8100 59 32603 9564
p 2 9 8037 114 47534 10133
p 2 2 8084 74 32703 9527
p 2 2 8074 84 33095 9548
p 2 13 8040 107 47515 10436
p 2 0 8093 67 34158 9587
p 2 1 8081 78 32971 9553
p 2 3 8076 81 47089 9842
p 2 4 8091 65 34133 9959
p 2 5 8085 70 35595 9732
p 2 11 8109 40 47592 10218
p 2 4 8081 75 35387 9545
p 2 1 8105 54 33817 9484
p 2 50 8047 63 52515 10596
p 2 1 8048 111 35117 9724
p 2 5 8099 56 33979 9517
p 2 25 8068 67 50637 10351
p 2 7 8047 106 33874 9731
p 2 2 8127 31 35461 10053
p 2 34 8088 38 52940 10586
p 2 3 8093 64 33881 9455
p 2 6 8128 26 35813 9629
i 2 8160 0 0 125369 29823
p 2 9 3522 4629 8155 4980
p 2 28 3476 4656 11729 4693
p 2 52 1663 6445 16104 3214
p 2 84 1669 6407 20166 3492
p 2 97 1047 7016 24032 3127
p 2 88 1202 6870 27525 3324
p 2 14 991 7155 21999 2615
p 2 1 907 7252 15523 2368
p 2 0 715 7445 2453 1794
p 2 0 710 7450 2037 1740
p 2 0 460 7700 1687 1519
p 2 1 298 7861 1816 1388
p 2 0 225 7935 1409 1309
p 2 0 307 7853 1480 1376
p 2 1 177 7982 1740 1287
p 2 0 90 8070 1231 1190
p 2 0 83 8077 1224 1183
p 2 1 158 8001 1630 1281
p 2 0 188 7972 1651 1292
p 2 0 148 8012 1380 1244
p 2 1 122 8037 1783 1236
p 2 0 53 8107 1177 1152
p 2 0 58 8102 1186 1161
p 2 1 66 8093 1558 1179
p 2 0 700 7460 2147 1761
p 2 0 295 7865 1457 1385
p 2 1 685 7474 2741 1772
p 2 0 448 7712 1745 1535
p 2 0 426 7734 1659 1505
p 2 1 258 7901 1567 1359
p 2 0 158 8002 1312 1253
p 2 0 211 7949 1351 1291
p 2 1 128 8031 1754 1236
p 2 0 115 8045 1233 1204
p 2 0 82 8078 1212 1181
p 2 1 163 7996 1440 1268
p 2 0 101 8059 1207 1188
p 2 0 47 8113 1160 1147
p 2 1 96 8063 1731 1202
p 2 0 53 8107 1168 1153
p 2 0 21 8139 1124 1122
p 2 1 18 8141 1477 1133
p 2 0 24 8136 1137 1125
p 2 0 23 8137 1132 1125
p 2 1 56 8103 1561 1173
p 2 0 42 8118 1161 1144
p 2 0 64 8096 1179 1164
p 2 97 379 7684 34320 2724
p 2 266 346 7548 41272 3659
p 2 339 454 7367 45320 4237
p 2 376 547 7237 53977 4754
p 2 468 666 7026 67985 5548
p 2 595 701 6864 74992 6413
p 2 0 1136 7024 16542 2691
p 2 0 8134 26 32985 9200
p 2 8 8135 17 35632 9530
p 2 13 8142 5 42376 10042
p 2 35 8124 1 40583 10339
p 2 12 8147 1 40397 10289
p 2 95 8056 9 84983 11957
p 2 27 8126 7 41913 10431
p 2 96 8053 11 80001 11732
p 2 25 8113 22 43299 10444
p 2 66 8061 33 85765 11999
p 2 0 8105 55 41040 10492
p 2 110 4064 3986 79043 7808
p 2 0 2536 5624 5632 3787
p 2 576 2912 4672 94191 8873
p 2 0 2354 5806 5411 3431
p 2 763 2061 5336 104440 9076
p 2 0 1407 6753 3789 2478
p 2 557 1557 6046 104387 7763
p 2 0 1068 7092 3733 2221
p 2 280 1618 6262 103734 6522
p 2 0 1215 6945 4288 2380
p 2 339 1325 6496 103786 6575
p 2 0 1089 7071 4209 2287
p 2 704 1297 6159 115868 8510
p 2 0 975 7185 3756 2153
p 2 751 1106 6303 118846 8606
p 2 0 833 7327 3601 2015
p 2 403 1206 6551 107628 6955
p 2 0 873 7287 3866 2093
p 2 394 1158 6608 105527 6669
p 2 0 877 7283 4008 2105
p 2 845 806 6509 103450 8304
p 2 0 729 7431 3298 1931
p 2 666 730 6764 84512 7045
i 2 8160 0 0 191359 34996
p 2 1479 4942 1739 200973 21314
i 2 8160 0 0 192911 35085
p 2 1453 4278 2429 205775 20620
i 2 8160 0 0 188276 34955
p 2 696 5758 1706 201718 18188
i 2 8160 0 0 190907 34923
p 2 2030 3958 2172 220233 23084
i 2 8160 0 0 190404 34967
p 2 245 5723 2192 113419 14023
i 2 8160 0 0 194101 35133
p 2 28 4695 3437 66731 9613
i 2 8160 0 0 183807 34018
p 2 3167 4898 95 230922 31936
p 2 2506 5589 65 217870 29667
p 2 1613 6485 62 181233 25704
p 2 1007 7114 39 156095 23343
p 2 669 7457 34 130654 21281
p 2 432 7679 49 117588 18732
p 2 0 7942 218 51122 11932
p 2 3 7879 278 46892 11208
p 2 2 7867 291 53324 11689
p 2 5 7876 279 47986 11034
p 2 0 7879 281 56239 11358
p 2 9 7884 267 47359 10669
p 2 0 7898 262 49292 10768
p 2 3 7876 281 48193 10745
p 2 2 7850 308 55010 11136
p 2 8 7877 275 45957 10592
p 2 1 7846 313 48148 10627
p 2 8 7851 301 48437 10815
p 2 1 7861 298 52974 11094
p 2 1 7871 288 46082 10554
p 2 10 7858 292 49238 10752
p 2 3 7870 287 48510 10808
p 2 1 7858 301 53575 11096
p 2 1 6405 1754 22004 8318
p 2 0 2450 5710 5361 3581
p 2 0 1890 6270 4933 2992
p 2 0 1440 6720 4793 2561
p 2 0 1080 7080 3633 2146
p 2 0 575 7585 1909 1654
p 2 3 559 7598 3297 1703
p 2 0 506 7654 2105 1586
p 2 0 650 7510 3437 1755
p 2 6 372 7782 2925 1517
p 2 0 295 7865 2279 1398
p 2 0 293 7867 1800 1388
p 2 1 407 7752 3452 1555
p 2 0 239 7921 1536 1330
p 2 0 235 7925 2222 1335
p 2 0 285 7875 2726 1413
p 2 0 298 7862 2456 1403
p 2 0 227 7933 1545 1319
p 2 1 152 8007 2623 1294
p 2 0 143 8017 1389 1238
p 2 0 248 7912 2176 1345
p 2 3 225 7932 2042 1363
p 2 0 157 8003 1907 1260
p 2 0 155 8005 1369 1251
p 2 4 416 7740 3495 1556
p 2 0 439 7721 1912 1534
p 2 0 302 7858 2163 1400
p 2 0 309 7851 2571 1433
p 2 0 362 7798 2437 1464
p 2 0 255 7905 1522 1348
p 2 1 185 7974 2684 1330
p 2 0 158 8002 1454 1256
p 2 0 203 7957 2107 1304
p 2 0 146 8014 2171 1278
p 2 0 119 8041 1870 1225
p 2 0 102 8058 1299 1197
p 2 3 203 7954 2749 1361
p 2 0 123 8037 1292 1224
p 2 0 112 8048 1878 1221
p 2 6 139 8015 2558 1296
p 2 0 120 8040 1919 1228
p 2 0 82 8078 1222 1183
p 2 1 87 8072 2493 1234
p 2 0 74 8086 1238 1174
p 2 0 108 8052 1891 1209
p 2 0 87 8073 2085 1218
p 2 0 81 8079 1813 1190
p 2 0 82 8078 1268 1182
p 2 3 133 8024 2583 1291
p 2 0 121 8039 1308 1225
p 2 0 71 8089 1771 1184
p 2 6 102 8052 2424 1259
p 2 0 133 8027 1930 1239
p 2 0 103 8057 1277 1201
p 2 1 85 8074 2503 1226
p 2 0 73 8087 1248 1171
p 2 0 85 8075 1834 1191
p 2 0 110 8050 2096 1242
p 2 0 54 8106 1754 1166
p 2 0 59 8101 1199 1161
p 2 1 101 8058 2533 1244
p 2 0 194 7966 1464 1291
p 2 0 234 7926 2116 1338
p 2 3 148 8009 1941 1298
p 2 0 99 8061 1840 1210
p 2 0 57 8103 1200 1161
p 2 4 69 8087 2726 1226
p 2 0 63 8097 1244 1164
p 2 0 43 8117 1768 1154
p 2 0 45 8115 2020 1178
p 2 0 43 8117 1748 1155
p 2 0 68 8092 1221 1167
p 2 3 113 8044 2541 1280
p 2 0 69 8091 1232 1170
p 2 0 75 8085 1791 1186
p 2 6 74 8080 2429 1231
p 2 0 88 8072 1866 1197
p 2 0 44 8116 1190 1148
p 2 1 53 8106 2406 1202
p 2 0 32 8128 1167 1135
p 2 0 32 8128 1737 1143
p 2 0 43 8117 1991 1178
p 2 0 46 8114 1743 1156
p 2 0 28 8132 1156 1130
p 2 0 22 8138 1722 1132
p 2 0 16 8144 1133 1118
p 2 0 23 8137 1684 1134
p 2 0 21 8139 1142 1124
p 2 0 20 8140 1722 1132
p 2 0 14 8146 1128 1117
p 2 0 21 8139 1671 1133
p 2 0 17 8143 1135 1119
p 2 0 24 8136 1722 1135
p 2 0 8 8152 1122 1110
p 2 0 19 8141 1677 1129
i 2 8160 0 0 303514 35650
p 2 27 8122 11 69992 12922
p 2 18 8133 9 76677 12498
p 2 8 8152 0 50230 10946
p 2 12 8143 5 56406 11356
p 2 8 8150 2 51199 11042
p 2 8 8148 4 53993 10894
p 2 13 8143 4 34587 9809
p 2 11 8142 7 44813 10499
p 2 3 8155 2 35883 9840
p 2 7 8152 1 53261 11142
p 2 8 8147 5 60908 12000
p 2 6 8152 2 60810 12032
p 2 11 8139 10 79245 12991
p 2 8 8150 2 56260 12398
p 2 8 8152 0 58727 12466
p 2 3 8157 0 63960 12540
p 2 8 8149 3 62640 12422
p 2 3 8149 8 66281 12570
p 2 2 8156 2 34994 10681
p 2 3 8156 1 29501 10075
p 2 4 8156 0 39800 10750
p 2 4 8154 2 55423 11538
p 2 5 8148 7 68767 12523
p 2 1 8155 4 55136 12125
p 2 3 8156 1 74071 12413
p 2 3 8155 2 56817 11106
p 2 7 8151 2 45671 10255
p 2 3 8154 3 46737 10143
p 2 0 8147 13 59081 11670
p 2 2 8154 4 67655 12442
p 2 2 8146 12 59904 12036
p 2 4 8141 15 44645 10646
p 2 2 8109 49 57262 11451
p 2 1 7710 449 61844 11786
p 2 1 7159 1000 44683 9983
p 2 4 4274 3882 14770 5708
p 2 1 1768 6391 7062 3109
p 2 1 1985 6174 7796 3280
p 2 2 2186 5972 8948 3541
p 2 0 1378 6782 6446 2680
p 2 6 770 7384 5145 2134
p 2 0 799 7361 5310 2112
p 2 1 715 7444 5258 2069
p 2 0 918 7242 5378 2227
p 2 2 552 7606 4460 1887
p 2 0 714 7446 5008 2042
p 2 1 822 7337 5474 2162
p 2 3 4489 3668 19319 6247
p 2 3 2607 5550 11949 4101
p 2 4 1453 6703 6947 2807
p 2 0 1115 7045 6624 2473
p 2 4 1176 6980 6145 2473
p 2 1 643 7516 4721 1967
p 2 5 691 7464 4935 2029
p 2 1 713 7446 5150 2042
p 2 2 969 7189 5566 2262
p 2 2 671 7487 4857 1980
p 2 3 586 7571 4399 1891
p 2 3 584 7573 4589 1907
p 2 2 741 7417 4997 2045
p 2 1 523 7636 4406 1858
p 2 1 544 7615 4630 1887
p 2 1 532 7627 4965 1860
p 2 2 593 7565 4621 1905
p 2 5 488 7667 4456 1827
p 2 2 460 7698 4443 1787
p 2 1 456 7703 4592 1811
p 2 5 484 7671 4524 1845
p 2 5 397 7758 4522 1791
p 2 0 408 7752 4611 1763
p 2 0 400 7760 4435 1744
p 2 0 622 7538 4768 1926
p 2 0 533 7627 4602 1865
p 2 5 407 7748 4417 1762
p 2 4 487 7669 4529 1835
p 2 3 517 7640 4555 1858
p 2 0 623 7537 4578 1953
p 2 2 443 7715 4459 1816
p 2 2 570 7588 4629 1919
p 2 1 545 7614 4738 1893
p 2 4 488 7668 4500 1826
p 2 2 382 7776 4261 1716
p 2 2 409 7749 4371 1743
p 2 1 428 7731 4610 1766
p 2 6 545 7609 4708 1901
p 2 2 574 7584 5079 1950
p 2 3 472 7685 4703 1824
p 2 4 382 7774 4480 1748
p 2 4 368 7788 4414 1730
p 2 4 375 7781 4519 1740
p 2 5 399 7756 4318 1744
p 2 2 352 7806 4456 1715
p 2 2 359 7799 4649 1734
p 2 1 352 7807 4550 1712
p 2 1 447 7712 4563 1781
p 2 0 427 7733 4743 1766
p 2 1 409 7750 4441 1746
p 2 2 411 7747 4433 1741
p 2 1 395 7764 4282 1715
p 2 0 376 7784 4163 1695
p 2 3 327 7830 3738 1642
p 2 4 323 7833 3996 1664
p 2 0 332 7828 3883 1652
p 2 3 336 7821 4072 1683
p 2 2 333 7825 4123 1662
p 2 2 346 7812 3967 1653
p 2 2 334 7824 3935 1665
p 2 5 333 7822 4283 1691
p 2 1 313 7846 4035 1637
p 2 0 343 7817 4285 1663
p 2 1 317 7842 4180 1653
p 2 5 314 7841 4263 1685
p 2 5 304 7851 4010 1649
p 2 3 314 7843 4322 1683
p 2 2 311 7847 4404 1686
p 2 2 322 7836 4676 1697
p 2 3 300 7857 4518 1682
p 2 3 304 7853 4622 1703
i 2 8160 0 0 368624 40142
p 2 1 2421 5738 10209 4240
p 2 2 2099 6059 9432 3845
p 2 8 1495 6657 8892 3347
p 2 2 1559 6599 9273 3414
p 2 0 1456 6704 9641 3330
p 2 2 1482 6676 9501 3345
p 2 0 1601 6559 10480 3457
p 2 2 1480 6678 8784 3290
p 2 1 1337 6822 9055 3182
p 2 0 1395 6765 9126 3255
p 2 1 1437 6722 9913 3338
p 2 2 1410 6748 8793 3231
p 2 4 1237 6919 8605 3109
p 2 6 1322 6832 8683 3203
p 2 6 1387 6767 9558 3271
p 2 3 1278 6879 8071 3072
p 2 3 1259 6898 8275 3086
p 2 2 1260 6898 8356 3076
p 2 3 1250 6907 8521 3125
p 2 0 1253 6907 7882 3032
p 2 2 1238 6920 8717 3055
p 2 1 1230 6929 8098 3030
p 2 4 1270 6886 8825 3121
p 2 5 1407 6748 8742 3229
p 2 3 1331 6826 8937 3178
p 2 2 1464 6694 8729 3249
p 2 2 1508 6650 9942 3327
p 2 2 1362 6796 8056 3113
p 2 2 1238 6920 8061 3020
p 2 1 1307 6852 8407 3067
p 2 0 1378 6782 9134 3210
p 2 1 1301 6858 8644 3121
p 2 3 1238 6919 9182 3118
p 2 0 1293 6867 8729 3126
p 2 0 1343 6817 9351 3216
p 2 2 1261 6897 8526 3073
p 2 0 1226 6934 8720 3103
p 2 6 1229 6925 8716 3141
p 2 5 1289 6866 9608 3208
p 2 6 1243 6911 8402 3108
p 2 7 1178 6975 8567 3076
p 2 5 1275 6880 8749 3157
p 2 11 1264 6885 9040 3192
p 2 4 1227 6929 8353 3078
p 2 4 1197 6959 8831 3104
p 2 2 1224 6934 8419 3075
p 2 3 1246 6911 8755 3095
p 2 1 1335 6824 8666 3173
p 2 3 1322 6835 9034 3204
p 2 1 1308 6851 8588 3135
p 2 1 1372 6787 9574 3253
p 2 7 1273 6880 8268 3121
p 2 3 1217 6940 8410 3091
p 2 2 1256 6902 8663 3079
p 2 2 1294 6864 8912 3149
p 2 4 1243 6913 8168 3040
p 2 2 1225 6933 8768 3054
p 2 3 1212 6945 8231 2994
p 2 3 1244 6913 8675 3056
p 2 4 1172 6984 7790 2923
p 2 3 1177 6980 8199 2967
p 2 5 1184 6971 8383 3042
p 2 7 1221 6932 9392 3127
p 2 2 1213 6945 8529 3087
p 2 5 1174 6981 8818 3064
p 2 5 1184 6971 8864 3086
p 2 3 1226 6931 9302 3114
p 2 3 1213 6944 8293 3060
p 2 0 1184 6976 8688 3002
p 2 0 1194 6966 7865 2992
p 2 0 1204 6956 8340 2986
p 2 1 1214 6945 7590 2920
p 2 0 1229 6931 7963 2945
p 2 0 1216 6944 7543 2935
p 2 3 1250 6907 8592 3060
p 2 2 1213 6945 7620 2970
p 2 3 1175 6982 7897 2954
p 2 3 1224 6933 8220 3011
p 2 1 1244 6915 8419 3057
p 2 2 1175 6983 7786 2967
p 2 1 1174 6985 8399 3012
p 2 1 1176 6983 8312 3022
p 2 0 1211 6949 8847 3112
p 2 1 1163 6996 8453 3023
p 2 2 1164 6994 8671 3073
p 2 1 1173 6986 8602 3048
p 2 2 1183 6975 9141 3132
p 2 38 2306 5816 52564 5488
p 2 2 1760 6398 10440 3690
p 2 79 2376 5705 56216 5776
p 2 3 2374 5783 13114 4322
p 2 104 2448 5608 58521 5996
p 2 6 1863 6291 10735 3822
p 2 84 2504 5572 54318 5775
p 2 4 2414 5742 13111 4340
p 2 101 3477 4582 61125 6944
p 2 0 2733 5427 13982 4612
p 2 3 2101 6056 10513 3849
p 2 1 1877 6282 11076 3665
p 2 3 1775 6382 9482 3500
p 2 0 1384 6776 8648 3140
p 2 3 1579 6578 9724 3365
p 2 0 1625 6535 10103 3414
p 2 1 1544 6615 8866 3300
p 2 0 1320 6840 8655 3111
p 2 2 1381 6777 8415 3127
p 2 0 1403 6757 9158 3204
p 2 1 1391 6768 8715 3165
p 2 0 1247 6913 8067 3020
p 2 1 1368 6791 8502 3148
p 2 2 1400 6758 9466 3224
p 2 0 1370 6790 8225 3122
p 2 0 1227 6933 8015 2991
p 2 4 1256 6900 8286 3012
p 2 3 1283 6874 8331 3053
p 2 2 1267 6891 7843 3019
p 2 1 1262 6897 8656 3052
p 2 2 1227 6931 8202 2997
p 2 2 1261 6897 8691 3087
p 2 2 1460 6698 8813 3259
p 2 2 1478 6680 9043 3290
p 2 0 1439 6721 8542 3214
p 2 2 1501 6657 9898 3393
p 2 0 1394 6766 8653 3190
p 2 1 1223 6936 8495 3050
p 2 3 1330 6827 8858 3136
p 2 1 1352 6807 9301 3196
p 2 2 1274 6884 8119 3054
p 2 0 1265 6895 8730 3054
p 2 3 1243 6914 8171 3047
p 2 2 1272 6886 8932 3068
p 2 2 1288 6870 8565 3081
p 2 2 1210 6948 8321 3021
p 2 1 1200 6959 7969 3002
p 2 2 1230 6928 8879 3091
p 2 1 1239 6920 8149 3043
p 2 0 1187 6973 8363 3010
p 2 1 1167 6992 8296 2978
p 2 2 1223 6935 8779 3101
p 2 4 1171 6985 8040 2975
p 2 7 1170 6983 8504 3011
p 2 4 1177 6979 8106 2966
p 2 0 1186 6974 8536 2993
p 2 106 2418 5636 67060 6084
p 2 1 1909 6250 10604 3752
p 2 112 2435 5613 65068 6125
p 2 6 2412 5742 12870 4292
p 2 129 2469 5562 65808 6246
p 2 1 1849 6310 10298 3668
p 2 127 2431 5602 63547 6222
p 2 1 2271 5888 12071 4154
p 2 3 1988 6169 10638 3797
p 2 4 1490 6666 9560 3377
p 2 5 1686 6469 9741 3518
p 2 8 1768 6384 10573 3654
p 2 5 1673 6482 10118 3494
p 2 4 1378 6778 9052 3224
p 2 5 1510 6645 9288 3345
p 2 4 1554 6602 10341 3447
p 2 5 1538 6617 9128 3393
p 2 4 1285 6871 8421 3094
p 2 1 1412 6747 9293 3211
p 2 2 1476 6682 9758 3330
p 2 7 1376 6777 8887 3227
p 2 10 1295 6855 9200 3200
p 2 10 1335 6815 9096 3247
p 2 8 1325 6827 9585 3247
p 2 6 1900 6254 11029 3786
p 2 5 1774 6381 10978 3692
p 2 1 1723 6436 10503 3653
p 2 2 1774 6384 11742 3767
p 2 5 1490 6665 9697 3441
p 2 5 1237 6918 9228 3183
p 2 3 1392 6765 9846 3310
p 2 2 1387 6771 10001 3324
p 2 1 1381 6778 8889 3237
p 2 1 1272 6887 9132 3136
p 2 3 1369 6788 9134 3238
p 2 6 1375 6779 9806 3283
p 2 4 1318 6838 9048 3203
p 2 1 1215 6944 8658 3058
p 2 6 1246 6908 8479 3090
p 2 5 1260 6895 9227 3173
p 2 2 1263 6895 8337 3064
p 2 4 1201 6955 8231 3008
p 2 4 1225 6931 8996 3062
p 2 5 1261 6894 9468 3157
p 2 4 1225 6931 8771 3110
p 2 2 1182 6976 9461 3117
p 2 1 1201 6958 8765 3097
p 2 5 1238 6917 9350 3176
p 2 5 1310 6845 9052 3185
p 2 4 1293 6863 9279 3179
p 2 4 1322 6834 8882 3188
p 2 3 1415 6742 10026 3311
p 2 2 1326 6832 8938 3212
p 2 3 1209 6948 8778 3099
p 2 7 1254 6899 9300 3162
p 2 2 1296 6862 9359 3191
p 2 5 1182 6973 8412 3102
p 2 5 1191 6964 8933 3095
p 2 3 1194 6963 8613 3060
p 2 0 1224 6936 8988 3099
p 2 2 1234 6924 8640 3049
p 2 0 1213 6947 8448 3032
p 2 1 1207 6952 8293 3017
p 2 2 1236 6922 8555 3049
p 2 3 1168 6989 8095 2986
p 2 0 1174 6986 8216 2962
p 2 3 1169 6988 7979 2955
p 2 2 1212 6946 8849 3054
p 2 18 2090 6052 51356 4927
p 2 0 1759 6401 10140 3586
p 2 9 2101 6050 48745 4812
p 2 3 1910 6247 10938 3758
p 2 20 2371 5769 63601 5499
p 2 2 1906 6252 10408 3743
p 2 13 1875 6272 34735 4317
p 2 159 2366 5635 53140 6109
p 2 4 1837 6319 10310 3707
p 2 1 1448 6711 9602 3280
p 2 22 2143 5995 48849 5127
p 2 2 1732 6426 10053 3586
p 2 6 1474 6680 9020 3288
p 2 41 1926 6193 35676 4697
p 2 4 1630 6526 9389 3425
p 2 0 1366 6794 9195 3157
p 2 0 1273 6887 8210 3067
p 2 2 1225 6933 8564 3085
p 2 3 1189 6968 8127 3015
p 2 1 1194 6965 8732 3063
i 2 8160 0 0 340380 40551
p 2 0 1644 6516 3957 2722
p 2 870 3051 4239 123227 11553
p 2 0 1671 6489 5131 2845
p 2 965 2618 4577 126982 11746
p 2 0 1346 6814 4387 2617
p 2 1056 2573 4531 129649 12194
p 2 0 2485 5675 8247 3769
p 2 1045 2393 4722 131142 12099
p 2 0 1387 6773 4391 2583
p 2 1222 2223 4715 130779 12474
p 2 0 2112 6048 6633 3298
p 2 546 2641 4973 110901 9745
p 2 0 1383 6777 4609 2708
p 2 599 2564 4997 110152 9866
p 2 0 1973 6187 6738 3266
p 2 0 1435 6725 5160 2567
p 2 0 654 7506 2259 1742
p 2 7 668 7485 2783 1801
p 2 0 634 7526 2635 1728
p 2 0 478 7682 2383 1576
p 2 8 471 7681 3361 1629
p 2 0 356 7804 2047 1451
p 2 0 324 7836 2237 1428
p 2 475 3207 4478 105658 9644
p 2 0 1556 6604 5059 2757
p 2 0 1741 6419 5981 2873
p 2 397 3188 4575 95367 9018
p 2 0 1803 6357 5658 3023
p 2 0 963 7197 3559 2078
p 2 376 2398 5386 84413 7679
p 2 0 1340 6820 4375 2564
p 2 0 1025 7135 3421 2133
p 2 341 2571 5248 82271 7765
p 2 0 1925 6235 6593 3198
p 2 0 1177 6983 4233 2298
p 2 4 818 7338 3874 1960
p 2 0 580 7580 2659 1684
p 2 0 499 7661 2467 1610
p 2 0 521 7639 3541 1667
p 2 0 341 7819 1935 1437
p 2 0 258 7902 1906 1367
p 2 1 312 7847 2347 1437
p 2 0 117 8043 1322 1213
p 2 0 165 7995 1526 1259
p 2 0 176 7984 2365 1307
p 2 0 259 7901 1906 1363
p 2 0 247 7913 1796 1345
p 2 6 656 7498 3133 1806
p 2 0 481 7679 2205 1582
p 2 0 347 7813 1895 1443
p 2 8 487 7665 3252 1635
p 2 0 442 7718 2401 1544
p 2 0 271 7889 1855 1367
p 2 1 119 8040 1918 1251
p 2 0 233 7927 1626 1320
p 2 0 162 7998 1489 1258
p 2 0 179 7981 2279 1305
p 2 0 90 8070 1294 1187
p 2 0 96 8064 1299 1194
p 2 6 93 8061 1656 1248
p 2 0 386 7774 1975 1473
p 2 0 120 8040 1351 1217
p 2 8 138 8014 2350 1293
p 2 0 74 8086 1259 1176
p 2 0 57 8103 1191 1153
p 2 1 62 8097 1790 1195
p 2 0 52 8108 1210 1156
p 2 0 23 8137 1141 1127
p 2 0 54 8106 1944 1187
p 2 0 35 8125 1172 1138
p 2 0 23 8137 1140 1125
p 2 0 14 8146 1123 1115
p 2 0 22 8138 1140 1121
p 2 0 9 8151 1145 1113
i 2 8160 0 0 156766 31082
p 2 444 3800 3916 138945 11992
p 2 172 4278 3710 98642 9904
p 2 114 4426 3620 86377 9354
p 2 63 4515 3582 63979 8400
p 2 37 4552 3571 63401 8378
p 2 33 4485 3642 54999 8169
p 2 39 4423 3698 51990 8001
p 2 23 4347 3790 51859 7814
p 2 16 4146 3998 59283 7958
p 2 1 3793 4366 51724 7148
p 2 0 2092 6068 5868 3352
p 2 0 1424 6736 3969 2517
p 2 0 1106 7054 3316 2187
p 2 0 474 7686 1799 1554
p 2 0 399 7761 1636 1473
p 2 0 277 7883 1506 1361
p 2 0 199 7961 1408 1288
p 2 0 402 7758 2427 1517
p 2 0 271 7889 1876 1370
p 2 0 246 7914 1851 1355
p 2 0 122 8038 1362 1223
p 2 0 114 8046 1332 1211
p 2 0 68 8092 1253 1167
p 2 0 198 7962 1610 1293
p 2 0 78 8082 1238 1178
p 2 0 48 8112 1186 1150
p 2 27 141 7992 3149 1435
p 2 4 146 8010 3656 1314
p 2 2 338 7820 4568 1535
p 2 3 276 7881 4988 1483
p 2 6 206 7948 5446 1444
p 2 0 125 8035 1408 1230
p 2 0 128 8032 1350 1226
p 2 0 54 8106 1190 1158
p 2 0 47 8113 1178 1149
p 2 0 53 8107 1217 1156
p 2 0 83 8077 1262 1178
p 2 0 63 8097 1242 1166
p 2 0 50 8110 1210 1151
p 2 0 74 8086 1265 1172
p 2 0 18 8142 1126 1120
p 2 0 28 8132 1148 1127
p 2 0 17 8143 1134 1120
p 2 0 17 8143 1151 1121
p 2 54 130 7976 4625 1531
p 2 2 118 8040 4372 1355
p 2 0 156 8004 4528 1369
p 2 0 130 8030 4864 1363
p 2 1 205 7954 5645 1472
p 2 0 119 8041 1426 1247
p 2 0 80 8080 1251 1182
p 2 0 53 8107 1230 1157
p 2 0 33 8127 1160 1137
p 2 0 30 8130 1152 1133
p 2 0 22 8138 1140 1123
p 2 0 14 8146 1126 1116
p 2 0 16 8144 1132 1116
p 2 0 7 8153 1116 1109
p 2 0 20 8140 1138 1121
p 2 0 11 8149 1125 1114
p 2 0 13 8147 1129 1114
p 2 0 28 8132 1173 1129
p 2 0 12 8148 1128 1114
p 2 0 15 8145 1136 1118
p 2 0 10 8150 1122 1112
p 2 0 9 8151 1120 1111
p 2 0 12 8148 1129 1115
p 2 0 5 8155 1111 1107
p 2 0 6 8154 1110 1108
i 2 8160 0 0 148810 31277
p 2 11 7496 653 41908 11018
p 2 11 7496 653 43193 11173
p 2 44 7588 528 75037 12333
p 2 9 7551 600 49732 11662
p 2 17 7580 563 45129 11385
p 2 24 7609 527 74916 12402
p 2 8 7662 490 45849 11530
p 2 16 7612 532 49258 11803
p 2 32 7688 440 76472 12483
p 2 7 7664 489 46353 11538
p 2 5 7702 453 44073 11369
p 2 55 7680 425 77135 12763
p 2 12 7720 428 44112 11410
p 2 39 7656 465 48096 11601
p 2 7 7709 444 44690 11405
p 2 29 7705 426 43330 11458
p 2 11 7696 453 45757 11582
p 2 27 7698 435 47305 11466
p 2 10 7698 452 46746 11619
p 2 105 7649 406 81655 12936
p 2 3 7768 389 45896 11398
p 2 152 7597 411 85242 13216
p 2 6 7745 409 45769 11430
p 2 58 7715 387 45310 11566
p 2 5 7784 371 43216 11268
p 2 26 7761 373 41926 11344
p 2 4 7745 411 38804 11033
p 2 28 7765 367 47588 11402
p 2 2 7784 374 38198 10871
p 2 155 7646 359 78775 12751
p 2 6 7787 367 39525 11013
p 2 176 7620 364 81725 13051
p 2 0 7762 398 37794 10777
p 2 24 7761 375 43714 10824
p 2 0 7751 409 43689 11021
p 2 20 7723 417 38177 10417
p 2 0 7770 390 38161 10446
p 2 15 7733 412 40162 10497
p 2 1 7705 454 40697 10610
p 2 138 7615 407 71960 11797
p 2 0 7736 424 37625 10165
p 2 143 7516 501 71460 11708
p 2 0 7694 466 38753 10316
p 2 18 7580 562 37791 9804
p 2 0 7471 689 32673 9354
p 2 10 7256 894 34794 9284
p 2 0 6234 1926 23275 7845
p 2 16 5018 3126 18365 6487
p 2 0 2482 5678 6399 3564
p 2 133 2793 5234 53145 6109
p 2 0 1977 6183 6014 3130
p 2 136 1992 6032 52186 5352
p 2 0 1930 6230 6156 3089
p 2 16 1296 6848 10268 2599
p 2 0 900 7260 3854 2023
p 2 8 904 7248 7964 2155
p 2 0 686 7474 3623 1812
p 2 15 538 7607 8567 1845
p 2 0 416 7744 1886 1502
p 2 131 1451 6578 51749 4778
p 2 0 1073 7087 3399 2204
p 2 0 531 7629 2106 1621
p 2 3 1396 6761 34073 3586
p 2 0 1144 7016 3552 2262
p 2 0 578 7582 2205 1673
p 2 10 1389 6761 33679 3607
p 2 0 908 7252 3143 2045
p 2 0 400 7760 1821 1492
p 2 17 1195 6948 35901 3517
p 2 0 1025 7135 3495 2170
p 2 0 719 7441 2490 1811
p 2 24 1650 6486 38454 3989
p 2 0 1144 7016 3388 2247
p 2 0 686 7474 2347 1768
p 2 50 1112 6998 30443 3290
p 2 0 930 7230 3179 2035
p 2 0 468 7692 1915 1563
p 2 41 860 7259 29100 2953
p 2 0 652 7508 2628 1779
p 2 0 719 7441 2552 1802
p 2 29 433 7698 7963 1809
p 2 0 395 7765 1895 1482
p 2 0 383 7777 1868 1471
p 2 17 540 7603 7073 1822
p 2 0 339 7821 1757 1429
p 2 0 318 7842 1761 1412
p 2 14 224 7922 5747 1481
p 2 0 160 8000 1389 1253
p 2 0 88 8072 1291 1191
p 2 13 212 7935 6236 1473
p 2 0 148 8012 1430 1252
p 2 0 132 8028 1316 1229
p 2 15 134 8011 5891 1402
p 2 0 64 8096 1241 1166
p 2 0 55 8105 1198 1154
p 2 15 262 7883 6263 1537
p 2 0 235 7925 1492 1329
p 2 0 104 8056 1233 1199
p 2 0 193 7967 1564 1287
p 2 2 328 7830 4448 1480
p 2 0 224 7936 1518 1320
p 2 4 161 7995 5444 1356
p 2 0 136 8024 1350 1235
p 2 0 80 8080 1241 1181
p 2 0 143 8017 1476 1240
p 2 7 123 8030 4490 1340
p 2 0 99 8061 1302 1205
p 2 4 138 8018 4544 1349
p 2 0 93 8067 1290 1196
p 2 0 51 8109 1174 1153
p 2 5 64 8091 4000 1252
p 2 0 71 8089 1268 1177
p 2 0 60 8100 1193 1158
p 2 4 67 8089 3222 1239
p 2 0 55 8105 1204 1157
p 2 0 42 8118 1157 1142
p 2 1 63 8096 3029 1211
p 2 0 44 8116 1207 1146
p 2 0 16 8144 1127 1118
p 2 0 46 8114 2566 1172
p 2 0 32 8128 1173 1135
p 2 0 18 8142 1126 1120
p 2 13 937 7210 37970 3382
p 2 0 604 7556 2847 1764
p 2 0 164 7996 1450 1275
p 2 17 1008 7135 37471 3442
p 2 0 604 7556 2886 1768
p 2 0 199 7961 1544 1312
p 2 0 81 8079 1275 1186
i 2 8160 0 0 282673 38669
p 2 0 1446 6714 3320 2534
p 2 0 1132 7028 2579 2213
p 2 0 595 7565 2010 1684
p 2 0 407 7753 1634 1495
p 2 0 206 7954 1414 1299
p 2 0 186 7974 1576 1287
p 2 0 214 7946 1622 1314
p 2 0 235 7925 1924 1342
p 2 0 188 7972 1540 1291
p 2 0 200 7960 1640 1302
p 2 0 131 8029 1494 1245
p 2 0 83 8077 1292 1184
p 2 0 103 8057 1280 1199
p 2 0 62 8098 1375 1174
p 2 0 46 8114 1171 1145
p 2 0 57 8103 1409 1164
p 2 0 59 8101 1227 1158
p 2 0 55 8105 1212 1158
p 2 0 87 8073 1295 1187
p 2 0 49 8111 1181 1151
p 2 0 44 8116 1164 1146
p 2 0 49 8111 1278 1155
p 2 0 43 8117 1177 1144
p 2 0 121 8039 1425 1225
p 2 0 101 8059 1299 1200
p 2 0 87 8073 1294 1183
p 2 0 97 8063 1340 1193
p 2 0 103 8057 1289 1203
p 2 0 123 8037 1390 1223
p 2 0 90 8070 1437 1200
p 2 0 47 8113 1184 1148
p 2 0 44 8116 1179 1145
p 2 0 61 8099 1416 1164
p 2 0 76 8084 1241 1175
p 2 0 35 8125 1147 1135
p 2 0 58 8102 1314 1163
p 2 0 49 8111 1207 1149
p 2 0 44 8116 1200 1147
p 2 0 30 8130 1341 1139
p 2 0 43 8117 1200 1148
p 2 0 29 8131 1144 1129
p 2 0 30 8130 1251 1140
p 2 0 29 8131 1158 1131
p 2 0 29 8131 1161 1130
p 2 0 38 8122 1460 1148
p 2 0 31 8129 1168 1135
p 2 0 22 8138 1148 1125
p 2 0 57 8103 1304 1162
p 2 0 51 8109 1196 1156
p 2 0 50 8110 1204 1151
p 2 0 74 8086 1443 1177
p 2 0 110 8050 1301 1205
p 2 0 144 8016 1463 1240
p 2 0 71 8089 1328 1183
p 2 0 38 8122 1161 1141
p 2 0 38 8122 1160 1139
p 2 0 42 8118 1465 1150
p 2 0 27 8133 1151 1127
p 2 0 28 8132 1157 1129
p 2 0 23 8137 1243 1131
p 2 0 22 8138 1145 1124
p 2 0 8 8152 1123 1112
p 2 0 16 8144 1314 1124
p 2 0 17 8143 1134 1118
p 2 0 26 8134 1155 1130
p 2 0 24 8136 1237 1129
p 2 0 14 8146 1124 1117
p 2 0 11 8149 1121 1114
p 2 0 18 8142 1226 1128
p 2 0 15 8145 1128 1118
p 2 0 30 8130 1170 1133
p 2 0 38 8122 1328 1147
p 2 0 36 8124 1151 1136
p 2 0 42 8118 1172 1141
p 2 0 45 8115 1369 1149
p 2 0 51 8109 1198 1153
p 2 0 61 8099 1240 1163
p 2 0 23 8137 1249 1131
p 2 0 30 8130 1159 1131
p 2 0 23 8137 1138 1124
p 2 0 34 8126 1320 1137
p 2 0 23 8137 1147 1125
p 2 0 30 8130 1150 1128
p 2 0 27 8133 1246 1141
p 2 0 20 8140 1131 1122
p 2 0 32 8128 1162 1135
p 2 0 30 8130 1441 1140
p 2 0 14 8146 1128 1117
p 2 0 18 8142 1141 1122
p 2 0 12 8148 1220 1120
p 2 0 20 8140 1153 1123
p 2 0 17 8143 1132 1119
p 2 0 20 8140 1318 1129
p 2 0 24 8136 1152 1125
p 2 0 19 8141 1163 1122
p 2 0 28 8132 1242 1142
p 2 0 23 8137 1160 1127
p 2 0 30 8130 1154 1131
p 2 0 33 8127 1457 1146
p 2 0 28 8132 1172 1129
p 2 0 13 8147 1125 1116
p 2 0 19 8141 1230 1125
p 2 0 23 8137 1141 1124
p 2 0 19 8141 1140 1122
p 2 0 43 8117 1373 1150
p 2 0 21 8139 1136 1123
p 2 0 9 8151 1119 1112
p 2 0 15 8145 1222 1123
p 2 0 13 8147 1128 1116
p 2 0 10 8150 1127 1112
p 2 0 29 8131 1256 1139
p 2 0 23 8137 1135 1124
p 2 0 22 8138 1133 1124
p 2 0 11 8149 1279 1121
p 2 0 13 8147 1144 1116
p 2 0 15 8145 1123 1116
p 2 0 10 8150 1304 1117
p 2 0 19 8141 1147 1121
p 2 0 19 8141 1138 1121
p 2 0 27 8133 1253 1140
p 2 0 22 8138 1146 1125
p 2 0 19 8141 1138 1122
p 2 0 29 8131 1446 1139
p 2 0 15 8145 1130 1119
p 2 0 17 8143 1151 1121
p 2 0 20 8140 1236 1126
p 2 0 11 8149 1122 1113
p 2 0 15 8145 1127 1117
p 2 0 18 8142 1312 1126
p 2 0 12 8148 1126 1113
p 2 0 16 8144 1147 1119
p 2 0 49 8111 1234 1153
p 2 0 9 8151 1119 1112
p 2 0 6 8154 1112 1109
p 2 0 9 8151 1116 1110
p 2 0 12 8148 1215 1119
p 2 0 7 8153 1114 1110
p 2 0 8 8152 1208 1117
p 2 0 14 8146 1124 1117
p 2 0 10 8150 1118 1113
p 2 0 5 8155 1111 1107
p 2 0 9 8151 1117 1111
p 2 0 10 8150 1121 1111
p 2 0 19 8141 1161 1119
p 2 0 15 8145 1141 1117
p 2 0 34 8126 2121 1172
p 2 0 34 8126 1185 1136
p 2 0 47 8113 1602 1178
p 2 0 20 8140 1138 1126
p 2 8 28 8124 2214 1196
p 2 0 27 8133 1152 1127
p 2 0 17 8143 1128 1119
p 2 0 30 8130 1791 1159
p 2 0 24 8136 1147 1129
p 2 0 18 8142 1149 1121
p 2 0 46 8114 2158 1186
p 2 0 21 8139 1155 1124
p 2 0 19 8141 1131 1122
p 2 0 39 8121 1578 1170
p 2 0 21 8139 1145 1129
p 2 0 14 8146 1128 1117
p 2 8 18 8134 2231 1184
p 2 0 19 8141 1150 1124
p 2 0 17 8143 1132 1119
p 2 0 42 8118 1578 1174
p 2 0 25 8135 1162 1130
p 2 0 22 8138 1160 1125
p 2 8 20 8132 2231 1186
p 2 0 17 8143 1146 1120
p 2 0 14 8146 1128 1117
p 2 0 30 8130 1807 1160
p 2 0 23 8137 1157 1127
p 2 0 5 8155 1108 1107
p 2 0 26 8134 2125 1164
p 2 0 21 8139 1156 1126
p 2 0 6 8154 1112 1109
p 2 0 3 8157 1106 1106
p 2 0 5 8155 1110 1108
p 2 0 3 8157 1106 1106
p 2 0 1 8159 1103 1103
p 2 0 1 8159 1104 1103
p 2 0 21 8139 1775 1149
p 2 0 19 8141 1144 1122
i 2 8160 0 0 123843 30990
p 2 0 3735 4425 6015 4743
p 2 1714 3619 2827 92204 13618
p 2 0 2012 6148 4428 3118
p 2 1425 2520 4215 110665 12723
p 2 0 1287 6873 3842 2590
p 2 1687 1990 4483 131617 13783
p 2 0 1355 6805 4384 2694
p 2 2168 1845 4147 147150 16027
p 2 0 1501 6659 4645 2809
p 2 1523 2439 4198 144508 14500
p 2 0 1792 6368 5227 3225
p 2 1791 3135 3234 178345 17118
p 2 0 2082 6078 5776 3563
p 2 0 1410 6750 3280 2517
p 2 10 1618 6532 5869 2805
p 2 0 1076 7084 2950 2159
p 2 0 992 7168 3104 2072
p 2 7 533 7620 3421 1735
p 2 0 408 7752 1777 1501
p 2 0 330 7830 1709 1425
p 2 10 521 7629 4527 1743
p 2 0 266 7894 1652 1370
p 2 0 217 7943 1600 1315
p 2 7 257 7896 3099 1467
p 2 0 346 7814 1991 1457
p 2 0 172 7988 1489 1273
p 2 10 181 7969 3426 1395
p 2 0 149 8011 1424 1253
p 2 0 151 8009 1470 1250
p 2 0 148 8012 1421 1243
p 2 0 71 8089 1210 1171
p 2 0 65 8095 1220 1165
p 2 0 59 8101 1208 1159
p 2 7 139 8014 2704 1345
p 2 0 88 8072 1268 1198
p 2 10 54 8096 1614 1241
p 2 0 38 8122 1157 1142
p 2 971 3075 4114 152957 13004
p 2 0 1954 6206 6497 3385
p 2 1593 3078 3489 157712 15501
p 2 0 2245 5915 6885 3637
p 2 1474 3518 3168 158235 15087
p 2 0 2342 5818 7246 3808
p 2 1605 3604 2951 161888 15913
p 2 0 2327 5833 7085 3770
p 2 861 4082 3217 175643 14865
p 2 0 2367 5793 7061 4104
p 2 511 4048 3601 133185 12581
p 2 0 2246 5914 7206 3900
p 2 241 4026 3893 123192 11210
p 2 47 2480 5633 9651 4522
p 2 340 3896 3924 132975 11483
p 2 0 2364 5796 7490 4164
p 2 660 3396 4104 151723 12528
p 2 0 1905 6255 6096 3376
p 2 638 3527 3995 145897 12389
p 2 9 2097 6054 8720 3759
p 2 804 3539 3817 156251 13937
p 2 0 1897 6263 5841 3437
p 2 870 3649 3641 165603 14583
p 2 0 2123 6037 6499 3718
p 2 522 3859 3779 141429 12479
p 2 43 2347 5770 9294 4165
p 2 539 3825 3796 133179 12313
p 2 0 2219 5941 6496 3793
p 2 708 3677 3775 145557 13663
p 2 0 2112 6048 6323 3712
p 2 690 3799 3671 157587 13792
p 2 3 2438 5719 9497 4252
p 2 374 3929 3857 130908 11712
p 2 0 2181 5979 6937 3777
p 2 367 4031 3762 131321 11716
p 2 0 2236 5924 7097 3883
p 2 237 3942 3981 116079 11081
p 2 0 2432 5728 7881 4253
p 2 244 3949 3967 124623 10857
p 2 0 2278 5882 7039 3963
p 2 518 3987 3655 135856 12322
p 2 0 2208 5952 6749 3821
p 2 466 4126 3568 124402 12188
p 2 2 2299 5859 7583 4083
p 2 227 4121 3812 121170 11144
p 2 0 2348 5812 7200 4039
p 2 339 4143 3678 131169 11613
p 2 0 2539 5621 7393 4297
p 2 677 3474 4009 157473 12835
p 2 7 2028 6125 7775 3651
p 2 647 3481 4032 148516 12510
p 2 0 2065 6095 6628 3630
p 2 808 3534 3818 155519 13970
p 2 0 1908 6252 5964 3441
p 2 848 3578 3734 162933 14411
p 2 0 2170 5990 6912 3849
p 2 504 3673 3983 137385 12195
p 2 0 2138 6022 6291 3603
p 2 514 3684 3962 128596 11897
p 2 0 2056 6104 6405 3610
p 2 659 3636 3865 144151 13301
p 2 0 2019 6141 6164 3607
p 2 687 4099 3374 155765 14233
p 2 0 6279 1881 50017 10034
p 2 1409 5660 1091 181696 21547
i 2 8160 0 0 199889 34295
p 2 4923 2952 285 257715 33907
p 2 4513 3404 243 271119 33114
p 2 4076 3836 248 274555 31990
p 2 4013 3886 261 274568 31823
p 2 979 6194 987 208725 20426
p 2 0 3806 4354 11025 6034
p 2 39 3961 4160 70926 7783
p 2 0 2693 5467 24519 4794
p 2 54 2962 5144 69995 6719
p 2 0 2549 5611 7219 3822
p 2 20 1677 6463 6249 2921
p 2 0 1110 7050 3625 2224
p 2 0 799 7361 2999 1915
p 2 1 655 7504 3669 1809
p 2 0 333 7827 1750 1441
p 2 0 284 7876 1703 1382
p 2 4 203 7953 2835 1377
p 2 0 265 7895 1824 1368
p 2 0 168 7992 1554 1271
p 2 0 171 7989 1615 1280
p 2 0 142 8018 1431 1240
p 2 0 102 8058 1432 1204
p 2 2259 1483 4418 150412 15930
p 2 0 1387 6773 5503 2740
p 2 1542 2172 4446 144398 13917
p 2 1 1696 6463 5838 3217
p 2 1481 2013 4666 130926 13265
p 2 0 1556 6604 4890 2958
i 2 8160 0 0 265227 36644
p 2 0 1178 6982 3317 2299
p 2 3053 1649 3458 156561 19565
p 2 0 1371 6789 4531 2710
p 2 2946 1429 3785 163734 18866
p 2 0 1162 6998 3952 2451
p 2 3479 3223 1458 275943 27391
p 2 0 2557 5603 7823 4214
p 2 2169 4149 1842 241764 22579
p 2 0 2739 5421 8821 4631
p 2 3314 3459 1387 261896 26228
p 2 0 2402 5758 7613 4199
p 2 2728 2592 2840 157283 19472
p 2 0 1847 6313 5490 3383
p 2 2746 2340 3074 165746 19242
p 2 0 1701 6459 5436 3112
p 2 2029 2622 3509 151084 16892
p 2 0 1886 6274 5685 3383
p 2 1684 2327 4149 138909 15009
p 2 0 2013 6147 5711 3453
p 2 2560 1694 3906 163515 17711
p 2 0 1226 6934 4320 2551
p 2 2820 1841 3499 155829 18823
p 2 0 1477 6683 4849 2787
p 2 2747 1754 3659 163869 18614
p 2 0 1278 6882 4346 2640
p 2 2024 2040 4096 148205 16290
p 2 0 1576 6584 5100 3071
p 2 1695 2149 4316 138239 14824
p 2 0 1673 6487 4941 3087
i 2 8160 0 0 237187 35358
p 2 0 1453 6707 3601 2554
p 2 3053 2108 2999 156012 19994
p 2 0 1652 6508 4993 3011
p 2 2934 1685 3541 163545 19120
p 2 0 1337 6823 4364 2642
p 2 2242 1850 4068 148354 16642
p 2 0 1573 6587 4716 2956
p 2 1877 1985 4298 137238 15243
p 2 0 1609 6551 4648 2963
p 2 2752 1401 4007 161819 17989
p 2 0 1172 6988 3983 2440
p 2 3053 1282 3825 154490 19174
p 2 0 1350 6810 4305 2696
p 2 2941 1384 3835 162637 18864
p 2 0 1214 6946 4144 2515
p 2 2241 1803 4116 148068 16607
p 2 0 1486 6674 4664 2878
p 2 1886 1859 4415 137131 15131
p 2 0 1540 6620 4505 2908
p 2 2752 1358 4050 161848 17996
p 2 0 1134 7026 4001 2417
p 2 3062 1213 3885 154059 19132
p 2 0 1286 6874 4446 2620
p 2 2948 1299 3913 162397 18778
p 2 0 1133 7027 3907 2440
p 2 2243 1696 4221 148125 16496
p 2 0 1468 6692 4537 2848
p 2 1875 1875 4410 136918 15098
i 2 8160 0 0 284982 38787
p 2 0 1103 7057 3036 2238
p 2 0 851 7309 2355 1952
p 2 0 368 7792 1666 1471
p 2 0 327 7833 1553 1418
p 2 0 248 7912 1587 1347
p 2 1 192 7967 1664 1305
p 2 0 77 8083 1246 1181
p 2 0 86 8074 1257 1183
p 2 0 276 7884 2103 1400
p 2 0 100 8060 1340 1201
p 2 0 188 7972 1677 1294
p 2 0 145 8015 1621 1253
p 2 0 60 8100 1232 1161
p 2 0 80 8080 1239 1176
p 2 0 82 8078 1519 1190
p 2 0 73 8087 1250 1173
p 2 0 42 8118 1187 1143
p 2 0 51 8109 1308 1162
p 2 0 34 8126 1167 1138
p 2 0 93 8067 1334 1195
p 2 1 56 8103 1586 1175
p 2 0 45 8115 1198 1149
p 2 0 46 8114 1202 1146
p 2 0 118 8042 1514 1222
p 2 0 90 8070 1297 1189
p 2 0 116 8044 1351 1213
p 2 0 150 8010 1685 1258
p 2 0 108 8052 1366 1207
p 2 0 47 8113 1217 1153
p 2 0 80 8080 1381 1184
p 2 0 85 8075 1308 1187
p 2 0 105 8055 1332 1205
p 2 1 46 8113 1554 1165
p 2 0 55 8105 1221 1154
p 2 0 64 8096 1240 1164
p 2 0 87 8073 1429 1192
p 2 0 26 8134 1149 1130
p 2 0 42 8118 1182 1141
p 2 0 53 8107 1410 1161
p 2 0 25 8135 1159 1127
p 2 0 31 8129 1170 1131
p 2 0 42 8118 1167 1138
p 2 0 38 8122 1182 1138
p 2 0 71 8089 1244 1170
p 2 10 66 8084 2157 1234
p 2 0 94 8066 1437 1197
p 2 0 150 8010 2282 1282
p 2 0 96 8064 1423 1205
p 2 7 83 8070 1611 1245
p 2 0 80 8080 1262 1190
p 2 0 86 8074 1295 1184
p 2 13 93 8054 2519 1273
p 2 0 42 8118 1222 1144
p 2 0 50 8110 1200 1151
p 2 0 105 8055 2019 1234
p 2 0 77 8083 1263 1182
p 2 0 30 8130 1171 1135
p 2 0 92 8068 2120 1227
p 2 0 97 8063 1359 1197
p 2 0 68 8092 1257 1170
p 2 0 61 8099 1228 1161
p 2 0 38 8122 1221 1142
p 2 0 15 8145 1128 1117
p 2 0 35 8125 1186 1138
p 2 0 38 8122 1206 1139
p 2 0 61 8099 2167 1199
p 2 0 52 8108 1214 1157
p 2 3 40 8117 1497 1188
p 2 1 30 8129 1361 1150
p 2 0 24 8136 1140 1123
p 2 0 22 8138 1145 1124
p 2 0 71 8089 1387 1183
p 2 0 25 8135 1151 1130
p 2 0 38 8122 1175 1139
p 2 1 75 8084 1619 1193
p 2 0 40 8120 1178 1143
p 2 0 18 8142 1129 1120
p 2 0 34 8126 1312 1143
p 2 0 33 8127 1169 1134
p 2 0 26 8134 1146 1127
p 2 1 28 8131 1381 1146
p 2 0 28 8132 1158 1130
p 2 0 25 8135 1174 1127
p 2 0 24 8136 1287 1136
p 2 0 34 8126 1155 1134
p 2 0 16 8144 1128 1118
p 2 1 16 8143 1481 1132
p 2 0 19 8141 1134 1122
p 2 0 16 8144 1127 1119
p 2 0 18 8142 1289 1130
p 2 0 11 8149 1121 1113
p 2 0 17 8143 1129 1118
p 2 1 20 8139 1341 1137
p 2 0 14 8146 1135 1117
p 2 0 23 8137 1136 1125
p 2 0 16 8144 1280 1126
p 2 0 12 8148 1124 1114
p 2 0 25 8135 1144 1125
p 2 0 16 8144 1270 1127
p 2 0 6 8154 1112 1109
p 2 0 14 8146 1127 1116
p 2 1 13 8146 1470 1134
p 2 0 9 8151 1121 1112
p 2 0 4 8156 1108 1106
p 2 0 13 8147 1277 1124
p 2 0 10 8150 1122 1111
p 2 0 15 8145 1131 1118
p 2 1 8 8151 1326 1125
p 2 0 10 8150 1119 1113
p 2 0 4 8156 1106 1106
p 2 0 9 8151 1120 1112
p 2 0 1 8159 1104 1104
p 2 0 3 8157 1105 1105
p 2 0 5 8155 1109 1107
p 2 0 0 8160 1102 1102
p 2 0 9 8151 1260 1120
p 2 0 9 8151 1123 1112
p 2 0 8 8152 1262 1121
i 2 8160 0 0 216726 33693
p 2 0 1182 6978 2952 2254
p 2 50 921 7189 4500 2210
p 2 0 467 7693 1762 1543
p 2 37 560 7563 4898 1899
p 2 0 366 7794 1945 1466
p 2 70 328 7762 2724 1757
p 2 0 153 8007 1324 1255
p 2 90 145 7925 4565 1645
p 2 0 174 7986 1537 1280
p 2 40 229 7891 3657 1564
p 2 0 100 8060 1280 1217
p 2 37 151 7972 4070 1501
p 2 0 159 8001 1500 1270
p 2 67 182 7911 2563 1611
p 2 0 79 8081 1247 1192
p 2 90 72 7998 4433 1577
p 2 0 90 8070 1315 1194
p 2 0 93 8067 1327 1195
p 2 39 168 7953 3396 1503
p 2 0 133 8027 1476 1248
p 2 34 77 8049 2099 1359
p 2 0 56 8104 1199 1154
p 2 0 51 8109 1190 1152
p 2 50 90 8020 3429 1430
p 2 0 91 8069 1270 1187
p 2 0 26 8134 1149 1129
p 2 37 95 8028 4004 1447
p 2 0 87 8073 1298 1194
p 2 0 70 8090 1265 1173
p 2 70 85 8005 2242 1521
p 2 0 47 8113 1193 1164
p 2 0 31 8129 1169 1140
p 2 90 54 8016 4420 1561
p 2 0 43 8117 1184 1144
p 2 0 23 8137 1148 1128
p 2 71 79 8010 2196 1513
p 2 0 30 8130 1156 1143
p 2 0 16 8144 1124 1119
p 2 90 44 8026 4399 1551
p 2 0 48 8112 1194 1150
p 2 0 31 8129 1152 1132
p 2 40 80 8040 3166 1410
p 2 0 49 8111 1205 1163
p 2 0 16 8144 1130 1118
p 2 36 75 8049 3937 1430
p 2 2366 3056 2738 187022 19550
p 2 0 1945 6215 6311 3471
p 2 1652 3774 2734 174836 17580
p 2 0 2244 5916 7125 4009
i 2 8160 0 0 205278 33356
p 2 0 1330 6830 3308 2417
p 2 2253 2835 3072 153278 17637
p 2 0 1611 6549 5088 2999
i 2 8160 0 0 135328 32675
p 2 1 7601 558 69322 12897
p 2 1 7558 601 87880 13462
p 2 49 7292 819 100411 14183
p 2 0 7420 740 109863 13432
p 2 0 7440 720 166954 13100
p 2 119 6120 1921 47038 9368
p 2 0 4864 3296 15244 6286
p 2 0 3566 4594 10078 4738
p 2 69 3994 4097 34737 6345
p 2 0 2654 5506 7714 3769
p 2 0 2719 5441 7006 3728
p 2 20 2455 5685 21805 4205
p 2 0 2401 5759 6577 3425
p 2 0 1293 6867 4062 2358
p 2 18 1842 6300 18850 3496
p 2 0 1504 6656 4411 2550
p 2 0 1149 7011 3750 2204
p 2 0 668 7492 2437 1740
p 2 0 580 7580 2219 1638
p 2 0 342 7818 1751 1442
p 2 0 287 7873 1554 1360
p 2 0 203 7957 1492 1288
i 2 8160 0 0 293088 36930
p 2 0 838 7322 2428 1894
p 2 0 170 7990 1322 1270
p 2 0 58 8102 1185 1165
p 2 0 50 8110 1173 1155
p 2 0 28 8132 1143 1129
p 2 0 18 8142 1128 1120
p 2 0 13 8147 1123 1116
p 2 0 24 8136 1146 1126
p 2 0 178 7982 1490 1270
p 2 0 52 8108 1192 1149
p 2 0 88 8072 1296 1187
p 2 0 55 8105 1196 1155
p 2 0 77 8083 1260 1174
p 2 0 71 8089 1226 1167
p 2 0 91 8069 1292 1187
p 2 0 35 8125 1168 1137
p 2 0 64 8096 1240 1162
p 2 0 59 8101 1210 1158
p 2 0 86 8074 1259 1182
p 2 0 168 7992 1386 1256
p 2 0 81 8079 1243 1179
p 2 0 97 8063 1262 1191
p 2 0 68 8092 1216 1164
p 2 0 197 7963 1475 1283
p 2 0 132 8028 1389 1226
p 2 0 136 8024 1374 1226
p 2 0 214 7946 1567 1298
p 2 0 167 7993 1418 1257
p 2 0 288 7872 1821 1377
p 2 0 130 8030 1342 1226
p 2 0 42 8118 1170 1143
p 2 0 40 8120 1170 1140
p 2 0 67 8093 1223 1163
p 2 0 139 8021 1339 1227
p 2 0 62 8098 1210 1163
p 2 0 77 8083 1236 1174
p 2 0 51 8109 1187 1150
p 2 0 29 8131 1151 1131
p 2 0 37 8123 1166 1138
p 2 0 20 8140 1138 1123
p 2 0 45 8115 1177 1145
p 2 0 31 8129 1156 1130
p 2 0 54 8106 1197 1152
p 2 0 39 8121 1171 1141
p 2 0 64 8096 1218 1161
p 2 0 37 8123 1167 1137
p 2 0 32 8128 1157 1132
p 2 0 42 8118 1177 1141
p 2 0 41 8119 1171 1140
p 2 0 34 8126 1156 1135
p 2 0 9 8151 1120 1112
p 2 0 23 8137 1146 1125
i 2 8160 0 0 147532 32451
p 2 0 2625 5535 4539 3751
p 2 0 2661 5499 4038 3667
p 2 0 1071 7089 2315 2154
p 2 0 885 7275 2044 1938
p 2 0 271 7889 1394 1358
p 2 0 315 7845 1476 1398
p 2 0 152 8008 1285 1245
p 2 0 159 8001 1324 1254
p 2 0 113 8047 1235 1211
p 2 0 127 8033 1267 1223
p 2 0 197 7963 1357 1292
p 2 0 94 8066 1225 1199
p 2 0 74 8086 1202 1175
p 2 0 104 8056 1245 1202
p 2 0 105 8055 1236 1203
p 2 0 174 7986 1378 1272
p 2 0 121 8039 1266 1221
p 2 0 131 8029 1274 1234
p 2 0 203 7957 1384 1301
p 2 0 144 8016 1282 1245
p 2 0 91 8069 1222 1194
p 2 0 114 8046 1254 1209
p 2 0 154 8006 1277 1245
p 2 0 111 8049 1236 1209
p 2 0 119 8041 1266 1219
p 2 0 181 7979 1361 1274
p 2 0 104 8056 1246 1202
p 2 0 76 8084 1197 1177
p 2 0 59 8101 1183 1160
p 2 0 68 8092 1201 1169
p 2 0 123 8037 1256 1222
p 2 0 93 8067 1217 1194
p 2 0 70 8090 1194 1172
p 2 0 97 8063 1238 1198
p 2 0 89 8071 1217 1191
p 2 0 129 8031 1273 1228
p 2 0 140 8020 1276 1237
p 2 0 149 8011 1279 1241
p 2 0 115 8045 1238 1212
p 2 0 85 8075 1206 1186
p 2 0 77 8083 1192 1177
p 2 0 92 8068 1210 1187
p 2 0 58 8102 1167 1159
p 2 0 89 8071 1198 1183
p 2 0 41 8119 1150 1142
p 2 0 41 8119 1153 1143
i 2 8160 0 0 313259 32636
p 2 0 726 7434 2276 1779
p 2 0 25 8135 1149 1128
p 2 0 33 8127 1166 1134
p 2 0 56 8104 1220 1158
p 2 0 20 8140 1138 1122
p 2 0 58 8102 1228 1156
p 2 0 71 8089 1236 1168
p 2 0 43 8117 1201 1143
p 2 0 89 8071 1292 1185
p 2 0 68 8092 1271 1166
p 2 0 108 8052 1295 1196
p 2 0 30 8130 1154 1130
p 2 0 39 8121 1180 1139
p 2 0 87 8073 1279 1183
p 2 0 129 8031 1320 1217
p 2 0 75 8085 1242 1172
p 2 0 53 8107 1202 1150
p 2 0 52 8108 1227 1151
p 2 0 103 8057 1290 1195
p 2 0 21 8139 1138 1122
p 2 0 30 8130 1162 1132
p 2 0 57 8103 1222 1156
p 2 0 188 7972 1463 1272
p 2 0 198 7962 1546 1285
p 2 0 112 8048 1325 1203
p 2 0 153 8007 1445 1242
p 2 0 56 8104 1210 1154
p 2 0 14 8146 1128 1116
p 2 0 41 8119 1182 1142
p 2 0 46 8114 1195 1145
p 2 0 30 8130 1158 1130
p 2 0 47 8113 1207 1146
p 2 0 71 8089 1229 1167
p 2 0 87 8073 1258 1178
p 2 0 63 8097 1216 1161
p 2 0 73 8087 1239 1169
p 2 0 47 8113 1188 1147
p 2 0 60 8100 1214 1158
p 2 0 60 8100 1211 1156
p 2 0 59 8101 1212 1157
p 2 0 50 8110 1190 1147
p 2 0 65 8095 1222 1161
p 2 0 32 8128 1159 1132
p 2 0 39 8121 1174 1138
p 2 0 11 8149 1124 1114
p 2 0 38 8122 1170 1136
i 2 8160 0 0 331645 33761
p 2 0 1058 7102 2790 2126
p 2 0 328 7832 1486 1417
p 2 0 148 8012 1287 1244
p 2 0 101 8059 1218 1196
p 2 0 59 8101 1194 1156
p 2 0 69 8091 1223 1166
p 2 0 53 8107 1189 1152
p 2 0 31 8129 1148 1133
p 2 0 36 8124 1163 1136
p 2 0 77 8083 1246 1175
p 2 0 102 8058 1265 1198
p 2 0 58 8102 1196 1159
p 2 0 73 8087 1242 1170
p 2 0 133 8027 1357 1224
p 2 0 63 8097 1202 1161
p 2 0 16 8144 1123 1118
p 2 0 15 8145 1126 1116
p 2 0 30 8130 1161 1129
p 2 0 60 8100 1230 1159
p 2 0 48 8112 1190 1147
p 2 0 25 8135 1142 1128
p 2 0 118 8042 1314 1209
p 2 0 50 8110 1227 1149
p 2 0 239 7921 1546 1322
p 2 0 199 7961 1481 1286
p 2 0 247 7913 1613 1330
p 2 0 304 7856 1836 1382
p 2 0 160 8000 1390 1253
p 2 0 50 8110 1175 1151
p 2 0 138 8022 1372 1226
p 2 0 155 8005 1453 1245
p 2 0 89 8071 1263 1186
p 2 0 71 8089 1221 1166
p 2 0 51 8109 1200 1152
p 2 0 68 8092 1246 1167
p 2 0 69 8091 1221 1164
p 2 0 28 8132 1144 1130
p 2 0 34 8126 1160 1133
p 2 0 73 8087 1222 1169
p 2 0 104 8056 1280 1198
p 2 0 92 8068 1260 1189
p 2 0 85 8075 1247 1183
p 2 0 74 8086 1230 1170
p 2 0 53 8107 1187 1151
p 2 0 54 8106 1197 1152
p 2 0 47 8113 1180 1147
p 2 0 56 8104 1196 1157
p 2 0 59 8101 1204 1157
p 2 0 55 8105 1198 1153
p 2 0 49 8111 1181 1146
p 2 0 48 8112 1180 1146
p 2 0 40 8120 1171 1138
i 2 8160 0 0 339995 38880
p 2 0 919 7241 2799 1995
p 2 0 588 7572 2233 1702
p 2 0 303 7857 1824 1410
p 2 0 286 7874 1814 1394
p 2 0 348 7812 2232 1478
p 2 0 251 7909 1803 1363
p 2 0 249 7911 1862 1368
p 2 0 156 8004 1658 1268
p 2 0 125 8035 1393 1228
p 2 0 116 8044 1471 1222
p 2 0 266 7894 1717 1365
p 2 0 128 8032 1339 1229
p 2 0 140 8020 1408 1240
p 2 0 123 8037 1409 1223
p 2 0 176 7984 1542 1278
p 2 0 81 8079 1250 1179
p 2 0 103 8057 1307 1201
p 2 0 114 8046 1318 1209
p 2 0 168 7992 1472 1263
p 2 0 77 8083 1243 1176
p 2 0 107 8053 1317 1205
p 2 0 94 8066 1298 1191
p 2 0 627 7533 2668 1726
p 2 0 477 7683 2475 1590
p 2 0 525 7635 2482 1622
p 2 0 603 7557 2954 1731
p 2 0 252 7908 1676 1343
p 2 0 124 8036 1395 1225
p 2 0 187 7973 1472 1280
p 2 0 169 7991 1493 1266
p 2 0 122 8038 1347 1217
p 2 0 66 8094 1234 1165
p 2 0 79 8081 1238 1175
p 2 0 68 8092 1226 1164
p 2 0 75 8085 1272 1176
p 2 0 61 8099 1242 1164
p 2 0 64 8096 1220 1163
p 2 0 40 8120 1175 1141
p 2 0 47 8113 1184 1146
p 2 0 39 8121 1201 1144
p 2 0 63 8097 1238 1165
p 2 0 62 8098 1219 1162
p 2 0 72 8088 1255 1171
p 2 0 43 8117 1169 1143
p 2 0 46 8114 1177 1146
p 2 0 47 8113 1187 1150
i 2 8160 0 0 300284 39067
p 2 1849 5912 399 354842 28104
p 2 206 7598 356 123403 15330
p 2 68 7717 375 99510 14317
p 2 91 7733 336 87202 13654
p 2 50 7817 293 92175 13128
p 2 111 7749 300 101437 14110
p 2 56 7827 277 104763 13769
p 2 62 7827 271 98236 13232
p 2 28 7844 288 92900 13530
p 2 52 7820 288 95262 13192
p 2 29 7863 268 82963 13120
p 2 88 7779 293 102345 13546
p 2 47 7785 328 95417 13722
p 2 28 7830 302 83835 13272
p 2 87 7709 364 95956 13847
p 2 22 7743 395 88840 13276
p 2 11 7726 423 93646 13153
p 2 39 7697 424 84176 13155
p 2 62 7652 446 96132 13306
p 2 45 7713 402 101339 13417
p 2 48 7651 461 106352 13565
p 2 51 7664 445 96413 12717
p 2 65 7639 456 101657 13675
p 2 79 7604 477 99392 13609
p 2 58 7586 516 98451 12812
p 2 32 7641 487 90406 12845
p 2 64 7622 474 99381 12970
p 2 53 7671 436 86597 12844
p 2 26 7700 434 92200 12706
p 2 63 7651 446 100205 13707
p 2 80 7616 464 92597 13595
p 2 34 7707 419 87787 12449
p 2 66 7658 436 92496 12844
p 2 34 7648 478 89016 12787
p 2 22 7737 401 87574 12340
p 2 27 7658 475 90667 12622
p 2 40 7654 466 89132 13064
p 2 60 7612 488 87785 13232
p 2 63 7616 481 84353 12615
p 2 28 7656 476 98224 12496
p 2 25 7673 462 88164 12539
p 2 27 7646 487 82300 12443
p 2 47 7634 479 81670 13053
p 2 41 7690 429 79169 12997
p 2 61 7713 386 81610 12460
p 2 42 7790 328 80618 12637
i 2 8160 0 0 112932 32160
p 2 1326 6372 462 99569 17406
p 2 1812 5717 631 130880 19325
p 2 2344 5073 743 163957 22212
p 2 2884 4430 846 185665 24262
p 2 3145 3988 1027 192170 24844
p 2 181 5226 2753 101244 12135
p 2 10 5236 2914 52440 10169
p 2 151 5290 2719 87689 11455
p 2 19 5299 2842 49054 9583
p 2 263 5125 2772 87308 11509
p 2 1 5229 2930 49952 9532
p 2 45 5164 2951 46484 9362
p 2 180 5131 2849 84635 11049
p 2 80 5172 2908 48261 9561
p 2 4 5203 2953 47152 9300
p 2 167 5312 2681 78640 10960
p 2 7 5336 2817 48379 9499
p 2 43 5283 2834 50378 9667
p 2 132 5334 2694 75938 10843
p 2 15 5319 2826 49124 9696
p 2 3 5511 2646 45468 9470
p 2 96 5460 2604 75721 10883
p 2 4 5617 2539 45401 9804
p 2 8 5574 2578 49879 9871
p 2 29 5634 2497 43533 9834
p 2 17 5606 2537 45690 9807
p 2 27 5685 2448 44100 9906
p 2 4 5630 2526 47769 9894
p 2 7 5734 2419 42712 9791
p 2 7 5740 2413 44345 9700
p 2 2 5794 2364 43084 9821
p 2 3 5759 2398 47714 9978
p 2 13 5909 2238 42638 9851
p 2 5 5833 2322 45290 9975
p 2 4 5917 2239 42764 9918
p 2 7 5845 2308 47613 10107
p 2 13 5938 2209 43339 9917
p 2 13 5929 2218 46260 10097
p 2 8 5948 2204 43463 9985
p 2 8 5946 2206 47988 10210
p 2 14 6060 2086 42862 10049
p 2 3 6058 2099 45457 10092
p 2 4 6114 2042 44066 10126
p 2 9 6048 2103 47293 10168
p 2 1 6111 2048 42773 9980
p 2 3 6132 2025 46036 10217
i 2 8160 0 0 436499 45484
p 2 0 1661 6499 3896 2722
p 2 0 1265 6895 3074 2324
p 2 0 702 7458 2261 1777
p 2 0 540 7620 1946 1614
p 2 0 317 7843 1669 1410
p 2 0 162 7998 1393 1259
p 2 0 144 8016 1355 1239
p 2 0 143 8017 1383 1236
p 2 0 232 7928 1532 1326
p 2 0 101 8059 1291 1205
p 2 0 105 8055 1295 1202
p 2 0 151 8009 1429 1253
p 2 0 148 8012 1554 1253
p 2 0 168 7992 1500 1264
p 2 0 122 8038 1309 1219
p 2 0 104 8056 1288 1201
p 2 0 116 8044 1336 1210
p 2 0 108 8052 1376 1211
p 2 0 102 8058 1372 1202
p 2 0 352 7808 1936 1453
p 2 0 537 7623 2544 1652
p 2 0 399 7761 1964 1501
p 2 0 283 7877 1882 1392
p 2 0 169 7991 1404 1266
p 2 0 129 8031 1316 1223
p 2 0 89 8071 1257 1188
p 2 0 77 8083 1247 1177
p 2 0 69 8091 1222 1168
p 2 0 57 8103 1174 1154
p 2 0 53 8107 1183 1154
p 2 0 50 8110 1172 1148
p 2 0 53 8107 1189 1153
p 2 0 50 8110 1180 1152
p 2 0 44 8116 1158 1145
p 2 0 880 7280 8217 2242
p 2 0 6069 2091 101976 10869
p 2 21 6568 1571 142197 12684
p 2 510 6635 1015 210683 17613
p 2 2161 5428 571 289960 28165
i 2 8160 0 0 336336 42168
p 2 4012 3346 802 253153 28995
p 2 4781 2883 496 216987 33099
p 2 1442 6299 419 255425 26101
p 2 250 7308 602 215600 19381
p 2 89 7398 673 140144 17018
p 2 94 7193 873 109245 15081
p 2 70 6999 1091 73353 13157
p 2 142 7129 889 77592 13381
p 2 121 6691 1348 73359 12663
p 2 72 6867 1221 75634 12692
p 2 87 6963 1110 77468 12998
p 2 83 6886 1191 74190 12927
p 2 69 6513 1578 71013 12314
p 2 60 6737 1363 72468 12560
p 2 62 6799 1299 73493 12557
p 2 51 6813 1296 66697 12396
p 2 53 6103 2004 60939 11327
p 2 57 6472 1631 60823 11681
p 2 39 6587 1534 61098 11630
p 2 43 6423 1694 56696 11386
p 2 40 5749 2371 50426 10286
p 2 32 5953 2175 47975 10316
p 2 35 6049 2076 47983 10326
p 2 16 6985 1159 50375 11387
p 2 24 5832 2304 44399 9821
p 2 11 5628 2521 37229 9206
p 2 8 5189 2963 37449 8611
p 2 8 5236 2916 33281 8450
p 2 7 4100 4053 26514 6849
p 2 9 4406 3745 25197 7145
p 2 6 4368 3786 25470 7027
p 2 1 4339 3820 22449 6844
p 2 4 3025 5131 16656 5187
p 2 9 3460 4691 17301 5573
p 2 6 3476 4678 18286 5551
p 2 3 3374 4783 15630 5349
p 2 4 2162 5994 11417 3925
p 2 3 2466 5691 11676 4201
p 2 3 2516 5641 11950 4208
p 2 1 2404 5755 10082 3987
p 2 2 1564 6594 6992 3017
p 2 0 1710 6450 7062 3131
p 2 0 1713 6447 7229 3117
p 2 0 1601 6559 5932 2918
p 2 0 1292 6868 5828 2594
p 2 0 2288 5872 7496 3610
p 2 0 2313 5847 7993 3637
p 2 0 1559 6601 4590 2708
p 2 0 1157 7003 4174 2313
p 2 0 1010 7150 3486 2136
p 2 0 691 7469 2841 1798
p 2 0 529 7631 2022 1617
p 2 0 263 7897 1589 1362
p 2 0 330 7830 1813 1434
p 2 0 203 7957 1505 1303
p 2 0 180 7980 1498 1281
p 2 0 119 8041 1341 1222
p 2 0 137 8023 1396 1238
p 2 0 124 8036 1344 1225
p 2 0 104 8056 1272 1203
p 2 0 82 8078 1234 1184
p 2 0 140 8020 1320 1230
p 2 0 123 8037 1293 1218
p 2 0 121 8039 1298 1222
p 2 0 78 8082 1221 1179
p 2 0 139 8021 1349 1238
p 2 0 87 8073 1206 1187
i 2 8160 0 0 430467 45474
p 2 0 1546 6614 3766 2605
p 2 0 1197 6963 3056 2268
p 2 0 840 7320 2746 1924
p 2 0 558 7602 2107 1650
p 2 0 480 7680 2025 1564
p 2 0 537 7623 2267 1615
p 2 0 344 7816 1773 1433
p 2 0 174 7986 1483 1279
p 2 0 262 7898 1671 1357
p 2 0 322 7838 1936 1423
p 2 0 295 7865 1792 1393
p 2 0 167 7993 1408 1266
p 2 0 138 8022 1341 1233
p 2 0 142 8018 1419 1240
p 2 0 181 7979 1546 1281
p 2 0 222 7938 1607 1317
p 2 0 132 8028 1326 1232
p 2 0 152 8008 1360 1247
p 2 0 133 8027 1406 1230
p 2 0 647 7513 2486 1729
p 2 0 653 7507 2701 1753
p 2 0 595 7565 2387 1675
p 2 0 589 7571 2804 1685
p 2 0 436 7724 2234 1538
p 2 0 241 7919 1810 1349
p 2 0 185 7975 1414 1277
p 2 0 101 8059 1246 1199
p 2 0 75 8085 1214 1175
p 2 0 96 8064 1248 1193
p 2 0 81 8079 1244 1180
p 2 0 222 7938 1505 1314
p 2 0 94 8066 1270 1191
p 2 0 152 8008 1413 1245
p 2 0 104 8056 1301 1202
p 2 0 864 7296 8294 2232
p 2 0 6140 2020 102585 10945
p 2 20 6565 1575 142809 12719
p 2 528 6598 1034 210725 17680
p 2 2157 5423 580 290306 28152
i 2 8160 0 0 336684 42149
p 2 4044 3329 787 252235 29090
p 2 4803 2871 486 216656 33018
p 2 1469 6267 424 256399 26257
p 2 253 7337 570 214841 19405
p 2 86 7365 709 139813 16442
p 2 89 7270 801 109323 15177
p 2 74 7014 1072 73998 13181
p 2 128 7104 928 78078 13322
p 2 119 6718 1323 74430 12728
p 2 78 6785 1297 76237 12756
p 2 87 6956 1117 77733 13012
p 2 81 6899 1180 73847 12943
p 2 81 6428 1651 71111 12295
p 2 66 6779 1315 72612 12724
p 2 64 6828 1268 73886 12643
p 2 50 6812 1298 67132 12396
p 2 54 6098 2008 60265 11229
p 2 54 6390 1716 60413 11545
p 2 32 6514 1614 60774 11425
p 2 45 6389 1726 56106 11287
p 2 32 5765 2363 50937 10181
p 2 24 6029 2107 48754 10412
p 2 35 6089 2036 48481 10316
p 2 15 7064 1081 50603 11475
p 2 19 5775 2366 44588 9744
p 2 11 5811 2338 38030 9393
p 2 11 5241 2908 37697 8687
p 2 8 5199 2953 32797 8375
p 2 5 4144 4011 26800 6928
p 2 7 4347 3806 24702 7047
p 2 7 4369 3784 25403 7005
p 2 3 4445 3712 22638 7015
p 2 4 3164 4992 17742 5416
p 2 7 3408 4745 17018 5523
p 2 6 3386 4768 17746 5457
p 2 4 3290 4866 15325 5255
p 2 4 2276 5880 11602 4044
p 2 4 2497 5659 11488 4234
p 2 2 2508 5650 11881 4218
p 2 1 2348 5811 10267 3965
p 2 1 1470 6689 6703 2923
p 2 1 1601 6558 6793 3011
p 2 0 1630 6530 6969 3004
p 2 0 1519 6641 5624 2833
p 2 0 1299 6861 5537 2601
p 2 0 2587 5573 8639 3929
p 2 0 2359 5801 8298 3702
p 2 0 1497 6663 4400 2624
p 2 0 1141 7019 4040 2282
p 2 0 921 7239 3181 2031
p 2 0 588 7572 2597 1692
p 2 0 494 7666 2135 1602
p 2 0 294 7866 1735 1393
p 2 0 338 7822 1744 1445
p 2 0 176 7984 1498 1282
p 2 0 197 7963 1400 1289
p 2 0 147 8013 1356 1243
p 2 0 112 8048 1287 1212
p 2 0 81 8079 1216 1176
p 2 0 113 8047 1267 1209
p 2 0 74 8086 1234 1177
p 2 0 96 8064 1250 1191
p 2 0 61 8099 1196 1161
p 2 0 84 8076 1243 1184
p 2 0 78 8082 1225 1179
p 2 0 97 8063 1248 1193
p 2 0 77 8083 1203 1174
i 2 8160 0 0 314957 37903
p 2 0 8021 139 45868 11415
p 2 0 7998 162 50302 11265
p 2 0 8069 91 59952 11918
p 2 0 8068 92 57093 11894
p 2 0 8101 59 72107 12549
p 2 0 8038 122 54467 11693
p 2 0 8038 122 57984 11891
p 2 0 8058 102 56913 11933
p 2 0 8084 76 68288 12327
p 2 0 8024 136 53256 11695
p 2 0 8033 127 57105 11886
p 2 0 8043 117 56210 11836
p 2 0 8080 80 67059 12309
p 2 0 8018 142 52529 11662
p 2 0 8045 115 56808 11860
p 2 0 8053 107 55871 11823
p 2 0 8076 84 64664 12167
p 2 0 8027 133 52363 11634
p 2 0 8018 142 56037 11765
p 2 0 8029 131 54946 11767
p 2 0 8082 78 64464 12177
p 2 0 8049 111 52597 11672
p 2 0 8055 105 56996 11847
p 2 0 8048 112 56840 11931
p 2 0 8097 63 73010 12538
p 2 0 8029 131 51214 11525
p 2 0 8029 131 55679 11829
p 2 0 8039 121 53971 11752
p 2 0 8071 89 63359 12090
p 2 0 8043 117 51325 11596
p 2 0 8038 122 55055 11757
p 2 0 8018 142 54214 11711
p 2 0 8062 98 62749 12079
p 2 0 8043 117 50732 11570
p 2 0 8043 117 54392 11720
p 2 0 8055 105 53298 11698
p 2 0 8070 90 62892 12085
p 2 0 8048 112 51085 11584
p 2 0 8033 127 54481 11741
p 2 0 8033 127 53958 11742
p 2 0 8070 90 62319 12134
p 2 0 8015 145 50664 11535
p 2 0 8061 99 53872 11738
p 2 0 8043 117 53610 11746
p 2 0 8062 98 61903 12031
p 2 0 8040 120 50889 11540
p 2 0 8057 103 55338 11800
p 2 0 8064 96 55254 11851
p 2 0 8099 61 69724 12356
p 2 0 8042 118 50524 11547
p 2 0 8029 131 53781 11732
p 2 0 8037 123 53010 11650
p 2 0 8070 90 61025 11980
p 2 0 8030 130 50536 11538
p 2 0 8056 104 53585 11708
p 2 0 8022 138 53032 11681
p 2 0 8069 91 61466 12010
p 2 0 8053 107 49802 11479
p 2 0 8048 112 53004 11684
p 2 0 8049 111 52549 11677
p 2 0 8075 85 60809 12034
p 2 0 8030 130 49391 11457
p 2 0 8043 117 52609 11637
p 2 0 8045 115 52001 11675
p 2 0 8062 98 60140 11964
p 2 0 8018 142 49661 11493
p 2 0 8035 125 52541 11641
p 2 0 8042 118 51735 11624
p 2 0 8073 87 60158 11948
p 2 0 8066 94 49882 11563
p 2 0 7968 192 48636 11438
p 2 0 8010 150 48428 11459
p 2 0 8074 86 52154 11668
p 2 0 8098 62 61722 12072
p 2 0 8043 117 49066 11465
p 2 0 8056 104 51733 11612
p 2 0 8059 101 51254 11581
p 2 0 8066 94 59270 11938
p 2 0 8029 131 49027 11499
p 2 0 8036 124 51627 11589
p 2 0 8050 110 51484 11663
p 2 0 8084 76 59166 11961
p 2 0 8027 133 48935 11450
p 2 0 8040 120 51830 11582
p 2 0 8039 121 50524 11530
p 2 0 8076 84 59066 11944
p 2 0 8045 115 48549 11453
p 2 0 8041 119 51122 11534
p 2 0 8062 98 50782 11638
p 2 0 8089 71 58878 11908
p 2 0 8036 124 48380 11472
p 2 0 8034 126 51020 11531
p 2 0 8075 85 51382 11684
p 2 0 8057 103 58438 11872
p 2 0 8058 102 48735 11496
p 2 0 8073 87 52700 11672
p 2 0 8037 123 52079 11704
p 2 0 8112 48 60231 12037
p 2 0 8046 114 48855 11481
p 2 0 8041 119 50761 11522
p 2 0 8051 109 49889 11514
p 2 0 8061 99 57955 11855
p 2 0 8033 127 48340 11388
p 2 0 8025 135 50571 11505
p 2 0 8059 101 49745 11521
p 2 0 8079 81 57137 11807
p 2 0 8020 140 48005 11391
p 2 0 8033 127 49864 11495
p 2 0 8026 134 48991 11471
p 2 0 8072 88 55296 11745
p 2 0 8032 128 48001 11409
p 2 0 8038 122 49449 11406
p 2 0 8033 127 48233 11374
p 2 0 8055 105 53888 11640
p 2 0 8028 132 47112 11363
p 2 0 8039 121 48885 11476
p 2 0 8023 137 47240 11384
p 2 0 8029 131 50854 11464
i 2 8160 0 0 179343 34252
p 2 0 2592 5568 4614 3665
p 2 1408 4055 2697 142470 16049
p 2 0 2148 6012 5639 3639
p 2 690 3722 3748 127313 12709
p 2 0 2096 6064 6092 3675
p 2 421 3562 4177 122446 11327
p 2 0 2008 6152 6001 3641
p 2 83 2082 5995 42714 5343
p 2 0 1449 6711 3974 2738
p 2 152 2530 5478 45340 6078
p 2 0 1701 6459 4149 2878
p 2 24 977 7159 4373 2196
p 2 0 857 7303 2375 1912
p 2 13 1004 7143 3440 2159
p 2 0 602 7558 1913 1658
p 2 24 564 7572 3641 1764
p 2 0 473 7687 1992 1561
p 2 3 600 7557 3525 1761
p 2 0 340 7820 1692 1442
p 2 3 316 7841 2994 1470
p 2 0 280 7880 1689 1373
p 2 0 534 7626 2272 1627
p 2 0 220 7940 1455 1315
p 2 2 384 7774 2831 1536
p 2 0 454 7706 2152 1547
p 2 5 579 7576 2974 1735
p 2 0 259 7901 1480 1348
p 2 0 233 7927 1554 1316
p 2 0 178 7982 1524 1273
p 2 14 183 7963 2836 1375
p 2 0 121 8039 1310 1216
p 2 0 71 8089 1243 1168
p 2 3 118 8039 2610 1288
p 2 0 81 8079 1329 1183
p 2 0 83 8077 1268 1183
p 2 13 76 8071 1606 1265
p 2 0 80 8080 1244 1178
p 2 0 14 8146 1123 1117
p 2 24 36 8100 2858 1275
p 2 0 36 8124 1174 1139
p 2 0 27 8133 1160 1129
p 2 4 51 8105 2058 1224
p 2 0 28 8132 1165 1139
p 2 0 12 8148 1124 1116
p 2 3 44 8113 2350 1217
p 2 0 31 8129 1174 1136
p 2 0 12 8148 1118 1115
p 2 0 8 8152 1113 1110
p 2 0 52 8108 1218 1154
p 2 3 44 8113 2065 1213
p 2 0 17 8143 1150 1132
p 2 5 24 8131 1503 1180
i 2 8160 0 0 211256 32336
p 2 0 2424 5736 4546 3547
p 2 0 2575 5585 4075 3589
p 2 253 1345 6562 26973 4149
p 2 0 987 7173 2444 2067
p 2 0 507 7653 1823 1599
p 2 397 859 6904 42622 4887
p 2 0 977 7183 2957 2094
p 2 0 894 7266 2757 1995
p 2 517 1536 6107 55490 6479
p 2 0 841 7319 2713 2000
p 2 0 445 7715 1798 1551
p 2 669 1166 6325 67259 7191
p 2 0 1250 6910 3803 2419
p 2 0 784 7376 2418 1894
p 2 812 1459 5889 77123 8470
p 2 0 1673 6487 4676 2873
p 2 0 1090 7070 3047 2198
p 2 867 1226 6067 84045 8624
p 2 0 953 7207 3232 2202
p 2 0 537 7623 1981 1648
p 2 932 1171 6057 87129 8922
p 2 0 1203 6957 3743 2412
p 2 0 633 7527 2003 1742
p 2 951 1645 5564 89249 9518
p 2 0 1144 7016 3536 2351
p 2 0 822 7338 2853 1933
p 2 971 1428 5761 87734 9441
p 2 0 1158 7002 3674 2376
p 2 0 881 7279 2661 2004
p 2 960 1577 5623 87411 9583
p 2 0 1293 6867 3958 2513
p 2 0 530 7630 1963 1639
p 2 949 1284 5927 86557 9213
p 2 0 1237 6923 3762 2434
p 2 0 807 7353 2521 1920
p 2 927 1440 5793 86290 9211
p 2 0 1020 7140 3281 2239
p 2 0 616 7544 2223 1735
p 2 931 1568 5661 86898 9353
p 2 0 960 7200 3326 2158
p 2 0 522 7638 2019 1632
p 2 918 1453 5789 86438 9174
p 2 0 1417 6743 4429 2618
p 2 0 753 7407 2498 1877
p 2 1000 1266 5894 85887 9419
p 2 0 1028 7132 3345 2232
p 2 0 520 7640 2015 1644
p 2 957 1106 6097 85773 9066
p 2 0 908 7252 3227 2137
p 2 0 401 7759 1738 1512
p 2 956 935 6269 83208 8775
p 2 0 848 7312 3000 2055
p 2 0 380 7780 1755 1500
p 2 934 877 6349 80279 8530
p 2 0 839 7321 3298 2088
p 2 0 438 7722 2044 1556
p 2 955 871 6334 80565 8644
p 2 0 811 7349 2911 2023
i 2 8160 0 0 203011 35300
p 2 0 2383 5777 4369 3455
p 2 1247 3905 3008 145461 15669
p 2 0 2004 6156 5304 3480
p 2 916 3553 3691 151461 14107
p 2 0 1940 6220 5687 3353
p 2 1094 3480 3586 159360 14999
p 2 0 2185 5975 6339 3706
p 2 1058 3849 3253 166888 15748
p 2 0 2317 5843 6554 3998
p 2 166 2290 5704 56508 6269
p 2 0 1880 6280 4452 3038
p 2 149 3018 4993 47574 6572
p 2 0 1733 6427 4453 2908
p 2 120 2451 5589 48465 5847
p 2 2 1448 6710 4805 2679
p 2 0 1150 7010 3299 2236
p 2 0 835 7325 2578 1906
p 2 5 928 7227 3988 2072
p 2 0 769 7391 2793 1860
p 2 0 630 7530 2503 1720
p 2 8 337 7815 1954 1507
p 2 0 299 7861 1647 1401
p 2 0 259 7901 1632 1354
p 2 17 761 7382 4098 1949
p 2 0 311 7849 1647 1407
p 2 0 331 7829 1798 1419
p 2 2 344 7814 2702 1495
p 2 0 434 7726 2194 1530
p 2 0 177 7983 1409 1276
p 2 2 183 7975 1740 1318
p 2 0 122 8038 1420 1237
p 2 0 171 7989 1502 1271
p 2 17 103 8040 2503 1302
p 2 0 67 8093 1223 1168
p 2 0 60 8100 1222 1161
p 2 0 52 8108 1209 1152
p 2 0 61 8099 1196 1157
p 2 2 46 8112 1999 1197
p 2 0 36 8124 1177 1142
p 2 2 45 8113 1481 1183
p 2 0 35 8125 1183 1151
i 2 8160 0 0 207878 35166
p 2 0 1883 6277 3778 2973
p 2 2524 3613 2023 194915 21944
p 2 0 2268 5892 6182 3891
p 2 2098 3796 2266 197006 20947
p 2 0 2283 5877 6653 4026
p 2 1684 4221 2255 192569 19734
p 2 476 6375 1309 136323 16230
p 2 3469 4089 602 221844 27955
p 2 2485 4613 1062 203482 24349
p 2 2689 4377 1094 191447 24311
p 2 2121 4401 1638 166860 21344
p 2 3421 3680 1059 190210 26073
p 2 259 5637 2264 94837 12424
p 2 1972 3941 2247 165515 18694
p 2 0 2091 6069 6105 3841
p 2 2499 3141 2520 170238 20251
p 2 0 1950 6210 5791 3527
p 2 1159 2471 4530 71717 11248
p 2 0 1502 6658 4450 3010
p 2 1129 1729 5302 71742 9912
p 2 184 1214 6762 8516 3339
p 2 777 1785 5598 58963 8272
p 2 0 1196 6964 3729 2474
p 2 819 1729 5612 59700 8450
p 2 0 1220 6940 4013 2492
p 2 1270 1682 5208 70430 10492
p 2 26 1272 6862 8107 3044
p 2 1217 1545 5398 71572 9981
p 2 0 969 7191 3304 2238
p 2 887 1539 5734 59546 8584
p 2 0 937 7223 3154 2213
p 2 782 1411 5967 56357 7781
p 2 184 950 7026 7730 2970
p 2 1270 1552 5338 69803 10295
p 2 0 845 7315 2982 2189
p 2 1259 1471 5430 73969 10219
p 2 0 954 7206 3165 2216
p 2 776 1387 5997 57783 7840
p 2 48 978 7134 7466 2674
p 2 788 1408 5964 56493 7818
p 2 0 894 7266 3172 2137
p 2 1379 1574 5207 71460 10907
p 2 0 863 7297 3059 2216
p 2 1216 1320 5624 71229 9748
p 2 184 907 7069 7732 2945
p 2 774 1431 5955 58126 7892
p 2 0 871 7289 3009 2126
p 2 819 1483 5858 59235 8224
p 2 0 927 7233 3020 2170
p 2 1271 1509 5380 70094 10283
p 2 20 1037 7103 6955 2746
p 2 1219 1359 5582 71100 9846
p 2 0 856 7304 2940 2124
p 2 775 1330 6055 57192 7726
p 2 0 820 7340 2812 2067
p 2 810 1443 5907 59010 8149
p 2 0 832 7328 2915 2065
p 2 1303 1519 5338 71054 10536
i 2 8160 0 0 129449 28704
p 2 0 3795 4365 5576 4751
p 2 231 4517 3412 40255 7477
p 2 0 2402 5758 4577 3432
p 2 229 2401 5530 39787 5493
p 2 0 1507 6653 3162 2566
p 2 101 1593 6466 34112 4022
p 2 0 1237 6923 3300 2318
p 2 125 1178 6857 33262 3727
p 2 0 1077 7083 2738 2134
p 2 60 1009 7091 30192 3172
p 2 0 806 7354 2696 1911
p 2 65 1002 7093 31690 3177
p 2 0 817 7343 2499 1908
p 2 24 477 7659 6433 1749
p 2 0 333 7827 1702 1419
p 2 266 690 7204 23163 3255
p 2 0 505 7655 2136 1590
p 2 796 814 6550 48077 6371
p 2 0 642 7518 2432 1760
p 2 1197 1120 5843 68181 9210
p 2 0 914 7246 3030 2092
p 2 1559 1256 5345 98911 12034
p 2 0 1153 7007 3345 2340
p 2 1112 2494 4554 106716 11920
p 2 0 1966 6194 4964 3133
p 2 1173 2258 4729 109161 12047
p 2 0 1663 6497 4441 2864
p 2 1248 1996 4916 104395 11869
p 2 0 1519 6641 3895 2695
p 2 1162 1658 5340 100914 11108
p 2 0 1521 6639 4172 2697
p 2 0 1079 7081 2760 2146
p 2 1069 1815 5276 97451 10682
p 2 0 1596 6564 4428 2754
p 2 0 1297 6863 3418 2364
p 2 970 1840 5350 92422 10062
p 2 0 1593 6567 3862 2720
p 2 0 1006 7154 2708 2083
p 2 865 1731 5564 85361 9343
p 2 0 1657 6503 4260 2814
p 2 0 1157 7003 2515 2211
p 2 765 1670 5725 81684 8674
p 2 0 1621 6539 4378 2760
p 2 0 1575 6585 3757 2630
p 2 0 917 7243 2414 1987
p 2 0 812 7348 2350 1868
p 2 0 813 7347 2536 1879
p 2 0 2006 6154 5280 3091
p 2 0 1113 7047 2676 2170
p 2 0 718 7442 2227 1793
p 2 0 546 7614 2179 1633
p 2 0 527 7633 2051 1609
p 2 0 556 7604 2091 1629
p 2 0 362 7798 1749 1434
p 2 0 237 7923 1433 1318
p 2 0 219 7941 1454 1310
p 2 0 316 7844 1839 1408
p 2 0 166 7994 1417 1265
p 2 0 170 7990 1386 1261
p 2 0 169 7991 1629 1268
p 2 0 174 7986 1453 1269
p 2 0 131 8029 1327 1230
p 2 0 128 8032 1474 1225
p 2 0 97 8063 1269 1196
p 2 0 103 8057 1288 1200
p 2 0 73 8087 1371 1174
p 2 0 81 8079 1249 1183
p 2 0 91 8069 1296 1192
p 2 0 174 7986 1566 1272
p 2 0 95 8065 1252 1196
p 2 0 112 8048 1371 1210
p 2 0 150 8010 1459 1241
p 2 0 111 8049 1225 1203
p 2 0 81 8079 1214 1177
p 2 0 65 8095 1377 1165
p 2 0 71 8089 1215 1168
p 2 0 37 8123 1153 1139
p 2 0 54 8106 1304 1159
p 2 0 59 8101 1194 1161
p 2 0 68 8092 1187 1167
p 2 0 47 8113 1372 1150
p 2 0 37 8123 1146 1137
p 2 0 15 8145 1119 1117
p 2 0 21 8139 1279 1126
p 2 0 24 8136 1138 1126
p 2 0 20 8140 1127 1123
p 2 0 11 8149 1280 1116
p 2 0 23 8137 1130 1126
p 2 0 16 8144 1124 1120
p 2 0 15 8145 1119 1118
p 2 0 163 7997 1462 1259
p 2 0 54 8106 1347 1156
p 2 0 28 8132 1152 1130
p 2 0 24 8136 1235 1129
i 2 8160 0 0 228061 37046
p 2 59 7315 786 95704 12580
p 2 35 7448 677 76597 12251
p 2 23 7402 735 76410 12419
p 2 41 7479 640 75062 12267
p 2 22 7463 675 68093 11947
p 2 48 7506 606 65214 12046
p 2 20 7445 695 61525 11754
p 2 22 7428 710 58147 11579
p 2 91 7376 693 70405 12250
p 2 20 7507 633 58991 11494
p 2 26 7441 693 68232 11969
p 2 34 7505 621 70897 12012
p 2 22 7492 646 62648 11823
p 2 16 7567 577 63344 11551
p 2 16 7523 621 61929 11901
p 2 11 7588 561 61633 11242
p 2 19 7583 558 66458 11959
p 2 37 7586 537 66784 12023
p 2 12 7497 651 60281 11626
p 2 92 7524 544 66585 12225
p 2 21 7551 588 66339 11819
p 2 28 7602 530 66076 12022
p 2 18 7559 583 59376 11814
p 2 14 7630 516 56044 11742
p 2 14 7620 526 56434 11500
p 2 20 7619 521 54132 11660
p 2 22 7557 581 57716 11175
p 2 22 7651 487 53331 11256
p 2 15 7586 559 56005 11522
p 2 17 7618 525 51266 11309
p 2 14 7581 565 53911 11577
p 2 19 7636 505 50266 11140
p 2 20 7578 562 52185 11142
p 2 25 7652 483 50130 11088
p 2 17 7561 582 52175 11553
p 2 15 7676 469 71854 12116
p 2 26 7610 524 60919 11524
p 2 21 7659 480 65007 11847
p 2 25 7622 513 68095 12399
p 2 23 7664 473 76005 12280
p 2 22 7652 486 80733 12810
p 2 18 7726 416 94684 12616
p 2 15 7678 467 80478 12876
p 2 27 7737 396 80381 12159
p 2 14 7666 480 88127 12391
p 2 20 7758 382 99564 12311
p 2 25 7728 407 92834 12431
p 2 16 7779 365 123929 12877
p 2 7 7830 323 87091 12085
p 2 16 7813 331 64376 11516
p 2 17 7778 365 95462 12090
p 2 16 7846 298 76336 11611
p 2 16 7784 360 88340 12075
p 2 17 7877 266 76553 11650
p 2 12 7837 311 78922 11557
p 2 15 7826 319 76342 11496
p 2 12 7850 298 83798 11990
p 2 9 7853 298 74419 11463
p 2 15 7875 270 74218 11519
p 2 9 7884 267 80031 11702
p 2 10 7847 303 81080 11808
p 2 11 7919 230 74772 11348
p 2 10 7879 271 77833 11632
p 2 6 7900 254 82711 11517
p 2 10 7866 284 85880 11833
p 2 5 7903 252 79955 11331
p 2 5 7887 268 79030 11511
p 2 9 7955 196 74659 11131
p 2 3 7858 299 79351 11540
p 2 4 7967 189 73911 10953
p 2 0 7874 286 75864 11339
p 2 0 7928 232 73471 11122
p 2 0 7868 292 87982 11418
p 2 0 7928 232 71482 10859
p 2 0 7904 256 73806 11128
p 2 0 7904 256 75212 10948
p 2 0 7862 298 86373 11500
p 2 0 7935 225 75472 10926
p 2 0 7914 246 82936 10950
p 2 1 7906 253 80309 11163
p 2 0 7839 321 83853 11613
p 2 0 7897 263 72234 10894
p 2 0 7904 256 72830 11231
p 2 0 7921 239 75172 11019
p 2 0 7859 301 76816 11099
p 2 0 7905 255 72085 10834
p 2 0 7886 274 70232 10845
p 2 0 7913 247 82435 11042
p 2 0 7859 301 79539 11076
p 2 0 7929 231 82325 10903
p 2 0 7891 269 79089 11409
p 2 0 7905 255 78883 10993
p 2 0 7872 288 77090 11141
p 2 0 7925 235 74058 10847
p 2 0 7876 284 77798 11067
p 2 0 7921 239 76362 11243
p 2 0 7869 291 86737 11656
p 2 0 7908 252 67623 10885
p 2 0 7903 257 70189 10948
p 2 0 7880 280 86248 11674
p 2 0 7909 251 71567 10691
p 2 0 7881 279 71639 10841
p 2 0 7922 238 81815 11099
p 2 0 7861 299 89898 11482
p 2 0 7890 270 75865 11010
p 2 0 7905 255 71527 10940
p 2 0 7927 233 83621 11473
p 2 0 7834 326 81040 11200
p 2 1 7922 237 71004 10925
p 2 0 7901 259 72429 11003
p 2 1 7895 264 76888 11230
p 2 0 7873 287 79434 11135
p 2 0 7928 232 72695 10826
p 2 0 7915 245 78665 11008
p 2 0 7908 252 80624 11188
p 2 0 7847 313 94825 11141
p 2 0 7883 277 77469 10857
p 2 0 7882 278 77730 11068
p 2 0 7897 263 78441 11479
p 2 1 7818 341 85077 11309
p 2 0 7870 290 71267 11138
p 2 0 7851 309 79905 11208
p 2 0 7866 294 71996 11286
p 2 0 7889 271 68546 10860
p 2 0 7910 250 79214 10905
p 2 0 7843 317 77630 11044
p 2 0 7895 265 73461 11206
p 2 0 7867 293 73182 10959
p 2 0 7918 242 84792 10872
p 2 0 7852 308 79333 10975
p 2 0 7903 257 72487 11001
p 2 0 7867 293 72640 10727
p 2 0 7907 253 75191 11345
p 2 0 7848 312 71080 10754
p 2 0 7900 260 74179 11165
p 2 0 7885 275 64641 10568
p 2 0 7908 252 77623 11104
i 2 8160 0 0 217852 32187
p 2 750 3313 4097 83305 10206
p 2 1000 3356 3804 100087 11778
p 2 1187 3062 3911 123108 13054
p 2 1408 3122 3630 143846 14789
p 2 1514 3657 2989 160582 16332
p 2 1585 3836 2739 179742 17516
p 2 1493 3959 2708 190726 17568
p 2 102 4087 3971 110381 9706
p 2 39 4509 3612 72646 8798
p 2 44 4915 3201 87464 9248
p 2 26 4727 3407 60336 8249
p 2 37 4026 4097 81839 8121
p 2 0 2851 5309 7984 4348
p 2 582 4109 3469 165930 13023
p 2 5 2586 5569 9500 4219
p 2 562 3360 4238 163301 12172
p 2 0 2331 5829 7300 3926
p 2 143 4167 3850 121602 10376
p 2 0 2573 5587 7969 4148
p 2 140 3796 4224 114964 9734
p 2 27 2318 5815 9027 3916
p 2 103 3974 4083 106559 9586
p 2 0 2278 5882 7002 3755
p 2 595 3837 3728 166865 12895
p 2 0 2383 5777 7724 3846
p 2 569 3490 4101 163149 12324
p 2 4 2083 6073 8693 3758
p 2 140 3676 4344 122291 9881
p 2 0 2223 5937 7460 3708
p 2 148 3802 4210 115717 9868
p 2 0 2284 5876 7103 3755
p 2 112 3767 4281 111194 9538
p 2 28 2244 5888 8623 3902
p 2 580 3722 3858 165010 12601
p 2 0 2283 5877 6857 3725
p 2 555 3347 4258 162369 12076
p 2 0 2076 6084 7184 3578
p 2 149 3604 4407 120280 9825
p 2 1 2077 6082 8639 3656
p 2 138 4263 3759 119241 10316
p 2 0 2376 5784 6945 3835
p 2 117 3637 4406 109245 9527
p 2 0 2184 5976 7077 3700
p 2 594 3181 4385 163895 12197
p 2 0 2155 6005 7628 3735
p 2 534 3342 4284 162673 12010
p 2 0 2176 5984 7044 3691
p 2 151 3843 4166 125164 10155
p 2 0 2320 5840 7746 3868
p 2 151 3694 4315 117796 9788
p 2 9 2251 5900 8797 3934
p 2 110 3611 4439 110269 9443
p 2 0 2142 6018 7002 3753
p 2 604 3180 4376 164164 12177
p 2 0 1917 6243 6462 3435
p 2 546 3250 4364 161673 11909
p 2 1 2045 6114 8358 3677
p 2 139 3526 4495 120780 9681
p 2 0 2173 5987 7174 3708
p 2 154 3566 4440 115386 9652
p 2 0 2239 5921 7329 3738
p 2 96 3674 4390 104900 9253
p 2 28 2122 6010 8292 3751
p 2 574 3232 4354 163598 12189
p 2 0 2131 6029 7106 3578
p 2 562 3303 4295 161382 12054
p 2 0 2025 6135 6632 3513
p 2 151 3521 4488 119928 9749
p 2 1 2187 5972 8858 3766
p 2 147 3691 4322 113411 9623
p 2 0 2015 6145 6464 3456
p 2 101 3649 4410 110766 9418
p 2 0 2061 6099 6986 3645
p 2 577 3168 4415 163133 12024
p 2 0 2001 6159 7092 3492
p 2 553 3162 4445 162136 11855
p 2 0 1952 6208 6832 3526
i 2 8160 0 0 242087 34222
p 2 0 1586 6574 3848 2730
p 2 2366 3005 2789 170320 19181
p 2 0 1865 6295 5913 3388
p 2 2361 2688 3111 173636 18868
p 2 0 1973 6187 5868 3529
p 2 2204 2491 3465 179075 18367
p 2 0 2068 6092 6039 3610
p 2 2781 2412 2967 179852 20049
p 2 0 1799 6361 5438 3155
p 2 2395 2535 3230 187451 18991
p 2 0 1800 6360 6011 3289
p 2 2788 2415 2957 206579 21084
p 2 0 1886 6274 5844 3369
i 2 8160 0 0 233635 34433
p 2 115 6506 1539 118863 14399
p 2 3890 3972 298 245778 30262
p 2 1056 6225 879 194441 21362
p 2 3254 4393 513 239473 28365
p 2 1203 6237 720 189880 21954
i 2 8160 0 0 193231 33391
p 2 3066 3796 1298 226020 26793
i 2 8160 0 0 177211 32414
p 2 767 5096 2297 184379 18198
i 2 8160 0 0 175596 31692
p 2 0 1300 6860 3297 2438
i 2 8160 0 0 145434 29899
p 2 0 1811 6349 3810 2965
i 2 8160 0 0 129582 28919
p 2 0 1795 6365 3772 2969
i 2 8160 0 0 127113 28659
p 2 0 1712 6448 3588 2870
i 2 8160 0 0 129745 28611
p 2 372 1844 5944 27621 5317
i 2 8160 0 0 194861 31711
p 2 1110 2528 4522 83557 10964
p 2 3121 2638 2401 152669 20857
p 2 104 3981 4075 64140 8231
p 2 58 3800 4302 50728 7362
p 2 50 3896 4214 49185 7192
p 2 18 3374 4768 40421 6383
p 2 11 3360 4789 45325 6544
p 2 14 3330 4816 38360 6225
p 2 9 3505 4646 41641 6600
p 2 17 3358 4785 39240 6249
p 2 38 3020 5102 43328 6252
p 2 13 3094 5053 41631 6077
p 2 10 3155 4995 47251 6319
p 2 0 1866 6294 6186 3274
p 2 0 949 7211 2535 2015
p 2 0 787 7373 2254 1878
p 2 7 739 7414 3495 1916
p 2 0 448 7712 1740 1531
p 2 0 298 7862 1464 1389
i 2 8160 0 0 114810 28754
p 2 1585 5860 715 101597 22593
p 2 1426 6684 50 170792 26226
p 2 1423 6472 265 102713 23198
p 2 1394 6736 30 174947 26292
p 2 849 7006 305 111599 23059
p 2 1122 6993 45 171075 25909
p 2 954 6932 274 101692 23009
p 2 899 7222 39 164615 25483
p 2 794 7089 277 103045 23041
p 2 949 7164 47 168286 25842
p 2 846 7014 300 111664 22976
p 2 796 7304 60 169658 25459
p 2 762 7116 282 104046 23018
p 2 1001 7106 53 165034 25764
p 2 938 6936 286 101522 22880
p 2 1200 6930 30 171480 26222
p 2 977 6919 264 110200 23575
p 2 1205 6912 43 169826 26123
p 2 962 6924 274 102185 23358
p 2 1233 6889 38 168685 26531
p 2 786 7122 252 107416 23400
p 2 1230 6881 49 164350 25800
p 2 905 6990 265 109529 22988
p 2 918 7187 55 166362 25216
p 2 833 7032 295 107588 23178
p 2 1072 7044 44 164347 25827
p 2 819 7081 260 104631 23059
p 2 1188 6943 29 168265 26039
p 2 658 7246 256 113437 23188
p 2 940 7170 50 168117 25750
p 2 756 7120 284 101574 22706
p 2 1046 7076 38 166178 25742
p 2 777 7125 258 104849 22988
p 2 1219 6896 45 168850 25926
p 2 677 7232 251 113546 23183
p 2 970 7130 60 172632 26019
p 2 1023 6838 299 104960 23125
p 2 1302 6805 53 182632 26557
p 2 1134 6751 275 131303 24192
p 2 1362 6769 29 197422 26984
p 2 903 7001 256 128547 23464
p 2 1098 7024 38 200847 26669
p 2 873 6985 302 114594 23072
p 2 1104 7022 34 178226 25626
p 2 835 7051 274 133295 23177
p 2 1230 6880 50 177376 25816
p 2 807 7076 277 121409 23253
p 2 960 7142 58 178105 25707
p 2 1114 6794 252 115927 23579
p 2 1376 6732 52 176208 26711
p 2 1274 6634 252 130488 24354
p 2 1563 6569 28 204357 27238
p 2 1230 6640 290 137682 23992
p 2 1439 6678 43 198019 26420
p 2 922 6967 271 121721 23071
p 2 1050 7076 34 183810 25785
p 2 863 7037 260 125947 23116
p 2 1202 6910 48 170713 25618
p 2 799 7110 251 110690 23253
p 2 1074 7035 51 166238 25928
p 2 822 7082 256 103860 22929
p 2 1254 6854 52 164349 26313
p 2 826 7069 265 108185 23539
p 2 1243 6886 31 174715 26336
p 2 1154 6727 279 111235 23857
p 2 970 7150 40 169159 25829
p 2 1104 7030 26 155554 25417
p 2 1700 6452 8 180574 27554
p 2 1724 6435 1 184065 28273
p 2 1884 6275 1 179138 28421
p 2 1963 6196 1 178371 28814
p 2 1768 6391 1 174309 28612
p 2 1762 6397 1 138910 27435
p 2 1383 6774 3 108803 25982
p 2 958 7202 0 109543 25835
p 2 837 7323 0 113499 25352
i 2 8160 0 0 179676 32553
p 2 0 5397 2763 10395 6490
p 2 420 7088 652 125786 13593
p 2 1 6758 1401 21463 7944
p 2 387 7318 455 110271 13293
p 2 0 6471 1689 12970 7606
p 2 343 7543 274 124631 14017
p 2 0 6715 1445 13324 7802
p 2 355 7392 413 126155 13435
p 2 3 6916 1241 20169 8329
p 2 434 7339 387 116319 13791
p 2 0 6482 1678 11755 7169
p 2 414 7549 197 125529 14283
p 2 0 6635 1525 12718 7639
p 2 393 7308 459 130787 13830
p 2 5 6898 1257 21004 8323
p 2 395 7351 414 113901 13585
p 2 0 6443 1717 11942 7249
p 2 460 7488 212 135470 14814
p 2 0 6610 1550 12505 7379
p 2 451 7238 471 140024 14140
p 2 3 6836 1321 19766 8136
p 2 443 7348 369 122211 14160
p 2 0 6451 1709 12321 7482
p 2 460 7484 216 134699 14609
p 2 0 6539 1621 12810 7564
p 2 508 7152 500 146654 14739
p 2 3 6760 1397 21240 7966
p 2 494 7291 375 127817 14520
p 2 0 6330 1830 12373 7362
p 2 439 7534 187 144604 15041
p 2 0 6523 1637 12975 7581
p 2 484 7188 488 150274 14843
p 2 3 6769 1388 21345 8213
p 2 553 7251 356 135420 15076
p 2 0 6264 1896 12135 7334
p 2 555 7370 235 147603 15555
p 2 0 6343 1817 12400 7440
p 2 305 7346 509 115658 13745
p 2 4 6553 1603 21202 7875
p 2 282 7506 372 117937 14013
p 2 0 6371 1789 12588 7496
p 2 314 7577 269 135289 14600
p 2 0 6359 1801 12901 7387
p 2 321 7287 552 120253 14026
p 2 2 6495 1663 20155 8082
i 2 8160 0 0 169987 30615
p 2 111 7777 272 49875 12036
p 2 77 7836 247 48082 11820
p 2 62 7874 224 43609 12198
p 2 76 7869 215 60815 12978
p 2 115 7859 186 48126 12354
p 2 56 7909 195 52574 12491
p 2 68 7929 163 45177 12220
p 2 109 7894 157 50156 12340
p 2 49 7975 136 52876 12919
p 2 41 7992 127 63249 13863
p 2 34 8013 113 60042 13835
p 2 35 8016 109 59182 13563
p 2 18 8039 103 66257 14004
p 2 29 8030 101 57200 13317
p 2 18 8062 80 60843 14088
p 2 23 8041 96 48178 12845
p 2 27 8054 79 43527 12311
p 2 28 8058 74 52881 13161
p 2 23 8064 73 61068 13593
p 2 19 8079 62 52234 12835
p 2 25 8075 60 55948 13389
p 2 30 8069 61 42812 12291
p 2 27 8083 50 56630 13475
p 2 17 8097 46 49987 12758
p 2 25 8096 39 46646 12216
p 2 32 8087 41 40719 12086
p 2 15 8111 34 51373 12692
p 2 23 8110 27 42037 11671
p 2 24 8112 24 55954 12684
p 2 17 8130 13 44994 12020
p 2 15 8136 9 53492 12434
p 2 26 8126 8 58600 12980
p 2 24 8133 3 47515 12203
p 2 18 8138 4 55089 12465
p 2 14 8140 6 56864 12578
p 2 27 8132 1 44457 11908
p 2 28 8130 2 55502 12710
p 2 19 8141 0 41169 11474
p 2 16 8144 0 38661 11355
p 2 18 8142 0 50881 12053
p 2 15 8144 1 58881 13057
p 2 6 8152 2 49784 12047
p 2 14 8146 0 51206 12222
p 2 18 8141 1 48098 12000
p 2 12 8146 2 58642 12736
p 2 30 8129 1 39084 11281
p 2 18 8138 4 35521 11270
p 2 20 8137 3 36302 11043
p 2 5 8153 2 46034 11553
p 2 13 8142 5 49614 11854
p 2 2 8155 3 43241 11162
p 2 5 8154 1 46124 11310
p 2 5 8150 5 47481 11560
p 2 4 8151 5 42095 11071
p 2 3 8153 4 44840 11334
p 2 8 8150 2 44293 10917
p 2 2 8153 5 39942 11022
p 2 4 8146 10 44328 10915
p 2 1 8150 9 43096 10944
p 2 0 8154 6 34809 10642
p 2 0 8159 1 35436 10347
p 2 0 8157 3 36950 9921
p 2 0 8158 2 39102 10397
p 2 0 8134 26 36021 10192
p 2 0 7722 438 34144 10313
p 2 0 4901 3259 10089 6186
p 2 0 2806 5354 5096 3910
p 2 0 2353 5807 4981 3482
p 2 0 2788 5372 6061 3994
p 2 0 1935 6225 4218 3043
p 2 0 1604 6556 3894 2740
p 2 0 4285 3875 10627 5672
p 2 0 2147 6013 4501 3289
p 2 0 1482 6678 3512 2605
p 2 0 1150 7010 3353 2282
p 2 0 957 7203 2602 2033
p 2 0 607 7553 2067 1702
p 2 0 438 7722 1758 1524
p 2 0 375 7785 1764 1471
p 2 0 597 7563 2244 1688
p 2 0 455 7705 1991 1550
p 2 0 382 7778 1693 1478
p 2 0 256 7904 1494 1360
p 2 0 153 8007 1336 1256
p 2 0 124 8036 1318 1226
p 2 0 192 7968 1437 1296
p 2 0 172 7988 1456 1276
p 2 0 153 8007 1423 1258
p 2 0 135 8025 1463 1237
p 2 0 141 8019 1360 1243
p 2 0 128 8032 1393 1233
p 2 0 90 8070 1230 1188
p 2 0 58 8102 1195 1163
p 2 0 57 8103 1181 1158
p 2 0 30 8130 1151 1133
p 2 0 136 8024 1321 1236
p 2 0 160 8000 1338 1265
p 2 0 103 8057 1251 1207
p 2 0 126 8034 1278 1229
p 2 0 146 8014 1316 1249
p 2 0 175 7985 1378 1275
p 2 0 91 8069 1219 1188
p 2 0 88 8072 1251 1191
p 2 0 111 8049 1287 1208
p 2 0 133 8027 1345 1238
p 2 0 66 8094 1197 1167
p 2 0 71 8089 1218 1173
p 2 0 81 8079 1237 1187
p 2 0 122 8038 1302 1226
p 2 0 100 8060 1241 1205
p 2 0 76 8084 1221 1178
p 2 0 88 8072 1252 1189
p 2 0 88 8072 1239 1191
p 2 0 41 8119 1162 1144
p 2 0 48 8112 1175 1150
p 2 0 65 8095 1206 1168
p 2 0 56 8104 1179 1156
p 2 0 48 8112 1166 1150
p 2 0 42 8118 1177 1144
p 2 0 132 8028 1314 1232
p 2 0 126 8034 1272 1226
p 2 0 92 8068 1223 1193
p 2 0 90 8070 1235 1194
p 2 0 98 8062 1253 1203
p 2 0 85 8075 1218 1187
p 2 0 37 8123 1156 1141
p 2 0 20 8140 1126 1122
p 2 0 25 8135 1139 1129
p 2 0 23 8137 1135 1127
p 2 0 8 8152 1112 1111
p 2 0 9 8151 1112 1111
p 2 0 10 8150 1112 1112
p 2 0 9 8151 1113 1112
p 2 0 18 8142 1121 1119
p 2 0 19 8141 1126 1121
p 2 0 15 8145 1118 1117
p 2 0 18 8142 1125 1121
p 2 0 17 8143 1123 1121
p 2 0 17 8143 1131 1122
p 2 0 12 8148 1118 1114
p 2 0 8 8152 1114 1111
p 2 0 9 8151 1112 1111
i 2 8160 0 0 232477 34207
p 2 0 2454 5706 4144 3282
p 2 0 2037 6123 2977 2810
p 2 313 3032 4815 95944 8552
p 2 0 2163 5997 6021 3342
p 2 0 1586 6574 4630 2576
p 2 317 2777 5066 95515 8262
p 2 0 1771 6389 5151 3023
p 2 0 1212 6948 3081 2235
p 2 409 2760 4991 97531 8643
p 2 0 1774 6386 5195 3047
p 2 0 1206 6954 3023 2200
p 2 529 2421 5210 100821 8883
p 2 0 1787 6373 4742 2960
p 2 0 1114 7046 2943 2157
p 2 0 948 7212 2491 1946
p 2 0 1377 6783 3599 2376
p 2 0 791 7369 1986 1783
p 2 0 1307 6853 3582 2318
p 2 0 1143 7017 3593 2181
p 2 0 857 7303 2254 1841
p 2 0 592 7568 2093 1624
p 2 0 471 7689 2097 1535
p 2 0 308 7852 1597 1370
p 2 0 216 7944 1460 1296
p 2 0 189 7971 1442 1272
p 2 0 267 7893 1546 1329
p 2 0 149 8011 1344 1238
p 2 0 83 8077 1218 1178
p 2 0 88 8072 1224 1181
p 2 0 94 8066 1294 1186
p 2 0 83 8077 1257 1178
p 2 0 71 8089 1228 1168
p 2 0 48 8112 1164 1147
p 2 0 34 8126 1154 1133
p 2 0 44 8116 1152 1143
p 2 977 1532 5651 109636 10211
p 2 0 1059 7101 3909 2299
p 2 400 1955 5805 96481 7958
p 2 0 1300 6860 4501 2565
p 2 347 1981 5832 94701 7702
p 2 0 1345 6815 4571 2646
p 2 0 684 7476 2364 1786
p 2 0 487 7673 1743 1557
p 2 0 259 7901 1490 1350
p 2 0 249 7911 1457 1325
p 2 0 210 7950 1508 1304
p 2 0 154 8006 1353 1242
p 2 314 2037 5809 94058 7628
p 2 0 1286 6874 4508 2587
p 2 0 477 7683 1967 1582
p 2 317 2032 5811 95835 7659
p 2 0 1323 6837 4655 2672
p 2 0 552 7608 2080 1655
p 2 403 1881 5876 96693 7881
p 2 0 1312 6848 4437 2642
p 2 0 685 7475 2592 1800
p 2 528 1882 5750 100317 8412
p 2 0 1415 6745 4526 2716
p 2 0 821 7339 2543 1893
p 2 0 557 7603 1853 1607
p 2 0 518 7642 1865 1570
p 2 0 416 7744 1752 1482
p 2 0 616 7544 2391 1678
p 2 0 408 7752 1884 1487
p 2 0 335 7825 1692 1406
p 2 0 351 7809 1797 1427
p 2 0 308 7852 1885 1394
p 2 0 185 7975 1357 1262
p 2 0 102 8058 1263 1194
p 2 0 99 8061 1263 1190
p 2 0 112 8048 1336 1210
p 2 0 59 8101 1202 1157
p 2 0 60 8100 1198 1158
p 2 0 51 8109 1198 1149
p 2 0 39 8121 1160 1137
p 2 0 16 8144 1130 1118
p 2 0 20 8140 1130 1122
p 2 982 1371 5807 109592 10076
p 2 0 988 7172 3762 2234
p 2 413 1878 5869 96258 7909
p 2 0 1344 6816 4352 2557
p 2 345 2027 5788 94939 7776
p 2 0 1352 6808 4417 2649
p 2 0 756 7404 2720 1862
p 2 0 471 7689 1909 1552
p 2 0 398 7762 1611 1456
p 2 327 1883 5950 93896 7640
p 2 0 1202 6958 4719 2515
p 2 0 511 7649 2323 1637
p 2 337 1898 5925 95078 7623
p 2 0 1382 6778 4824 2706
p 2 0 860 7300 2961 1968
p 2 414 1855 5891 96701 7913
p 2 0 1225 6935 4302 2544
p 2 0 607 7553 2156 1708
p 2 532 1693 5935 99627 8222
p 2 0 1160 7000 4239 2479
p 2 0 690 7470 2419 1788
p 2 0 484 7676 1833 1551
p 2 0 315 7845 1594 1401
p 2 0 281 7879 1534 1360
p 2 0 365 7795 1794 1443
p 2 0 272 7888 1544 1344
p 2 0 144 8016 1350 1238
p 2 0 204 7956 1425 1281
p 2 0 168 7992 1439 1257
p 2 0 129 8031 1337 1215
p 2 0 109 8051 1255 1192
p 2 0 58 8102 1184 1155
p 2 847 1280 6033 97307 8982
p 2 0 1006 7154 3905 2220
p 2 933 1330 5897 86922 9064
p 2 0 991 7169 3537 2212
p 2 849 1473 5838 92138 9207
p 2 0 1106 7054 3887 2409
p 2 953 1601 5606 97059 9895
p 2 0 1154 7006 3892 2451
p 2 0 679 7481 2233 1784
p 2 0 525 7635 1801 1577
p 2 0 483 7677 2172 1556
p 2 0 423 7737 1608 1462
p 2 0 233 7927 1545 1322
p 2 1 211 7948 1639 1308
p 2 0 113 8047 1278 1207
p 2 0 94 8066 1227 1191
p 2 961 1487 5712 99761 9876
p 2 0 1156 7004 4121 2425
p 2 1240 1492 5428 117449 11513
p 2 0 1217 6943 4160 2474
p 2 1119 1713 5328 111988 11108
p 2 0 1262 6898 4247 2511
p 2 1199 1650 5311 106339 11166
p 2 0 1498 6662 4367 2767
p 2 1382 1469 5309 96651 11208
p 2 0 1163 6997 3773 2455
p 2 0 786 7374 2205 1857
p 2 0 594 7566 1872 1652
p 2 0 541 7619 2234 1603
p 2 0 387 7773 1559 1447
p 2 0 439 7721 1707 1486
p 2 0 227 7933 1583 1316
p 2 1408 1462 5290 124348 12275
p 2 0 1315 6845 4270 2568
p 2 1831 1660 4669 149787 14727
p 2 0 1477 6683 4734 2754
p 2 2231 1520 4409 151222 16397
p 2 0 1543 6617 4743 2785
p 2 1268 2034 4858 111955 11945
p 2 0 1476 6684 4503 2800
p 2 1262 1845 5053 104891 11569
p 2 0 1496 6664 3931 2737
p 2 0 865 7295 2226 1920
p 2 0 741 7419 2069 1786
p 2 0 664 7496 1988 1697
p 2 0 621 7539 2208 1685
p 2 0 424 7736 1831 1482
p 2 0 261 7899 1453 1338
p 2 0 242 7918 1466 1323
p 2 1335 1460 5365 97231 11138
p 2 0 1299 6861 3580 2457
p 2 923 1678 5559 102087 9862
p 2 0 1135 7025 3773 2363
p 2 536 1893 5731 99642 8712
p 2 0 1302 6858 4272 2614
p 2 564 1930 5666 103359 8921
p 2 0 1173 6987 4204 2523
p 2 0 669 7491 2205 1766
p 2 310 2167 5683 94254 7856
p 2 0 1356 6804 4867 2715
p 2 0 731 7429 2384 1823
p 2 336 2118 5706 94926 7813
p 2 0 1325 6835 4517 2645
p 2 0 738 7422 2416 1831
p 2 405 1997 5758 96421 7991
p 2 0 1420 6740 4615 2751
p 2 0 727 7433 2255 1811
p 2 536 1799 5825 99599 8357
p 2 0 1324 6836 4353 2627
p 2 0 1033 7127 3146 2117
p 2 0 691 7469 2363 1776
p 2 0 985 7175 3149 2056
p 2 0 449 7711 1710 1503
p 2 0 841 7319 2744 1892
p 2 0 998 7162 3187 2043
p 2 0 827 7333 2831 1856
p 2 0 533 7627 1930 1561
p 2 0 413 7747 1846 1482
p 2 0 487 7673 1993 1530
p 2 0 282 7878 1958 1387
p 2 0 212 7948 1593 1307
p 2 0 263 7897 1894 1367
p 2 0 96 8064 1275 1194
p 2 0 160 8000 1363 1239
p 2 0 119 8041 1403 1220
p 2 0 143 8017 1472 1245
p 2 0 66 8094 1279 1165
p 2 0 63 8097 1239 1164
p 2 0 71 8089 1239 1171
p 2 0 110 8050 1465 1216
p 2 0 95 8065 1364 1197
p 2 0 63 8097 1282 1166
p 2 0 26 8134 1147 1127
p 2 0 32 8128 1174 1134
p 2 0 28 8132 1179 1130
p 2 0 24 8136 1143 1123
p 2 0 62 8098 1220 1156
p 2 0 91 8069 1317 1189
p 2 0 74 8086 1253 1170
p 2 0 43 8117 1189 1143
p 2 0 63 8097 1247 1162
p 2 0 53 8107 1224 1153
p 2 0 60 8100 1168 1151
p 2 0 36 8124 1161 1134
p 2 0 26 8134 1156 1127
p 2 0 12 8148 1120 1114
p 2 0 16 8144 1131 1121
p 2 0 14 8146 1128 1116
p 2 0 9 8151 1118 1112
p 2 0 11 8149 1123 1114
p 2 0 20 8140 1143 1122
p 2 0 12 8148 1122 1115
p 2 0 20 8140 1141 1122
p 2 0 10 8150 1116 1111
p 2 0 21 8139 1132 1122
p 2 0 5 8155 1109 1108
p 2 0 3 8157 1107 1106
p 2 0 3 8157 1108 1105
p 2 0 13 8147 1113 1111
p 2 0 4 8156 1109 1107
p 2 0 3 8157 1104 1104
p 2 0 4 8156 1110 1106
p 2 0 13 8147 1129 1116
p 2 0 35 8125 1138 1130
p 2 1756 1198 5206 123046 13140
p 2 0 1104 7056 3580 2274
p 2 1247 1782 5131 129742 12334
p 2 0 1440 6720 4536 2736
p 2 661 2393 5106 124081 10727
p 2 0 1599 6561 5092 2974
p 2 651 2452 5057 122784 10488
p 2 0 1799 6361 5625 3180
p 2 104 2842 5214 79269 7013
p 2 0 1903 6257 5753 3065
p 2 135 2546 5479 78343 6854
p 2 0 1717 6443 5325 2905
p 2 1855 1604 4701 138228 14915
p 2 0 1454 6706 4272 2703
p 2 1877 1823 4460 138107 15025
p 2 0 1463 6697 4276 2728
p 2 1912 4816 1432 149873 18434
p 2 0 3163 4997 7379 4305
p 2 1753 2792 3615 136467 15105
p 2 0 2065 6095 5143 3286
p 2 107 3275 4778 76178 7136
p 2 0 2512 5648 6116 3542
p 2 106 2933 5121 68925 6638
p 2 0 1945 6215 5342 3039
p 2 1702 1769 4689 129310 14125
p 2 0 1531 6629 4717 2865
p 2 2049 1681 4430 138299 15390
p 2 0 1505 6655 4621 2814
p 2 1649 2141 4370 136388 14309
p 2 0 1907 6253 5082 3139
p 2 1874 2393 3893 145159 15653
p 2 0 1915 6245 5221 3159
p 2 99 3376 4685 78742 7398
p 2 0 2264 5896 5841 3334
p 2 131 2952 5077 78628 7150
p 2 0 2000 6160 5627 3146
p 2 1306 2047 4807 126519 12798
p 2 0 1744 6416 4666 2991
p 2 1182 1911 5067 117675 11914
p 2 0 1446 6714 4413 2776
p 2 1154 1841 5165 112723 11377
i 2 8160 0 0 205692 35040
p 2 0 2172 5988 4113 3213
p 2 0 1767 6393 3266 2822
p 2 1103 1918 5139 49542 10859
p 2 0 1813 6347 4248 3275
p 2 0 1293 6867 3052 2416
p 2 1038 1802 5320 46910 10349
p 2 0 1435 6725 3824 2937
p 2 0 1329 6831 3131 2470
p 2 1001 1588 5571 43365 9738
p 2 0 1597 6563 4106 3032
p 2 0 1101 7059 2740 2250
p 2 882 1551 5727 40446 8926
p 2 0 1473 6687 4034 2873
p 2 0 1315 6845 3386 2455
p 2 0 780 7380 2250 1873
p 2 0 602 7558 1961 1698
p 2 0 517 7643 1945 1601
p 2 1 582 7577 2360 1679
p 2 0 364 7796 1593 1445
p 2 0 293 7867 1522 1381
p 2 0 280 7880 1722 1380
p 2 0 550 7610 2074 1630
p 2 0 362 7798 1620 1451
p 2 0 351 7809 1922 1452
p 2 0 519 7641 2101 1601
p 2 0 498 7662 1936 1581
p 2 0 308 7852 1664 1400
p 2 0 251 7909 1491 1343
p 2 0 233 7927 1519 1328
p 2 1 239 7920 1760 1349
p 2 0 145 8015 1321 1244
p 2 0 134 8026 1289 1222
p 2 0 79 8081 1390 1183
p 2 0 127 8033 1303 1221
p 2 0 74 8086 1215 1174
p 2 0 83 8077 1405 1181
p 2 0 54 8106 1207 1157
p 2 0 85 8075 1240 1184
p 2 0 65 8095 1357 1173
p 2 0 55 8105 1192 1157
p 2 0 72 8088 1251 1171
p 2 0 84 8076 1380 1190
p 2 0 64 8096 1201 1168
p 2 0 42 8118 1193 1145
p 2 0 50 8110 1379 1152
p 2 0 36 8124 1170 1141
p 2 0 51 8109 1199 1154
p 2 0 84 8076 1406 1182
p 2 0 58 8102 1185 1158
p 2 0 36 8124 1140 1134
p 2 0 34 8126 1311 1141
p 2 0 28 8132 1150 1130
p 2 0 23 8137 1138 1126
p 2 0 30 8130 1336 1138
p 2 0 62 8098 1165 1154
p 2 0 25 8135 1139 1126
p 2 0 42 8118 1262 1146
p 2 0 34 8126 1149 1136
p 2 0 13 8147 1118 1114
p 2 1 13 8146 1351 1128
p 2 0 14 8146 1125 1116
p 2 0 40 8120 1183 1141
p 2 1571 759 5830 42330 10628
p 2 0 1029 7131 2869 2257
p 2 0 698 7462 2234 1837
p 2 1092 1200 5868 43572 9786
p 2 0 1106 7054 3314 2541
p 2 0 845 7315 2353 1978
p 2 1172 1303 5685 46197 10403
p 2 0 1297 6863 3547 2720
p 2 0 899 7261 2402 2023
i 2 8160 0 0 220178 36466
p 2 0 2660 5500 4712 3692
p 2 0 2386 5774 3942 3375
p 2 1268 1665 5227 36612 9878
p 2 0 1939 6221 3708 3069
p 2 0 1249 6911 2861 2331
p 2 800 1399 5961 27021 7277
p 2 0 1267 6893 2905 2415
p 2 0 1130 7030 2636 2212
p 2 555 941 6664 20063 5347
p 2 0 1302 6858 3079 2406
p 2 0 841 7319 2144 1913
p 2 226 745 7189 9133 3211
p 2 0 859 7301 2450 1954
p 2 0 829 7331 2362 1913
p 2 0 701 7459 2199 1772
p 2 0 535 7625 1808 1600
p 2 0 453 7707 1765 1523
p 2 0 405 7755 1818 1478
p 2 0 308 7852 1471 1383
p 2 0 174 7986 1342 1273
p 2 0 175 7985 1526 1275
p 2 0 200 7960 1342 1283
p 2 0 121 8039 1316 1228
p 2 0 279 7881 1710 1376
p 2 0 309 7851 1522 1401
p 2 0 256 7904 1456 1344
p 2 0 261 7899 1616 1361
p 2 0 263 7897 1432 1350
p 2 0 295 7865 1553 1380
p 2 1 204 7955 1579 1301
p 2 0 125 8035 1255 1217
p 2 0 72 8088 1178 1167
p 2 0 43 8117 1266 1152
p 2 0 46 8114 1160 1149
p 2 0 27 8133 1153 1130
p 2 110 1244 6806 59103 4503
p 2 0 775 7385 3258 1939
p 2 151 1305 6704 58465 4864
p 2 0 941 7219 3723 2110
p 2 166 1470 6524 53490 4999
p 2 0 1106 7054 3661 2264
p 2 125 1555 6480 56626 4941
p 2 0 1203 6957 3846 2339
p 2 0 1152 7008 3485 2224
p 2 0 729 7431 2373 1784
p 2 0 543 7617 2081 1619
p 2 0 651 7509 2290 1715
p 2 1 1146 7013 3654 2221
p 2 0 892 7268 2833 1964
p 2 0 736 7424 2497 1792
p 2 2 689 7469 2859 1774
p 2 0 664 7496 2490 1745
p 2 0 591 7569 2465 1681
p 2 1 483 7676 2272 1595
p 2 0 392 7768 1958 1483
p 2 0 273 7887 1638 1367
p 2 2 214 7944 1852 1313
p 2 0 114 8046 1298 1209
p 2 0 116 8044 1293 1211
p 2 0 224 7936 1759 1310
p 2 0 130 8030 1327 1221
p 2 0 100 8060 1273 1192
p 2 0 96 8064 1595 1201
p 2 0 91 8069 1285 1187
p 2 0 104 8056 1272 1199
p 2 0 70 8090 1246 1174
p 2 0 101 8059 1259 1194
p 2 0 67 8093 1530 1182
p 2 0 61 8099 1206 1162
p 2 2 43 8115 1279 1158
p 2 0 55 8105 1203 1155
p 2 0 123 8037 1331 1219
p 2 0 127 8033 1346 1229
p 2 0 102 8058 1293 1203
p 2 0 154 8006 1362 1244
p 2 0 127 8033 1455 1234
p 2 0 92 8068 1253 1190
p 2 0 91 8069 1340 1194
p 2 0 103 8057 1420 1206
p 2 0 113 8047 1289 1202
p 2 0 55 8105 1186 1155
p 2 0 36 8124 1158 1138
p 2 0 43 8117 1165 1142
p 2 0 39 8121 1158 1139
p 2 0 22 8138 1140 1124
p 2 0 15 8145 1125 1117
p 2 0 16 8144 1128 1120
p 2 0 18 8142 1130 1120
p 2 0 16 8144 1136 1120
p 2 2 680 7478 18866 2456
p 2 0 458 7702 2238 1580
p 2 3 671 7486 18599 2432
p 2 0 452 7708 2370 1587
p 2 17 820 7323 18570 2643
p 2 0 530 7630 2321 1660
p 2 1 867 7292 18173 2597
p 2 0 710 7450 2935 1837
p 2 0 681 7479 2401 1759
p 2 0 520 7640 2313 1620
p 2 0 406 7754 1827 1488
p 2 0 217 7943 1435 1309
p 2 0 200 7960 1424 1288
p 2 0 129 8031 1374 1229
p 2 0 243 7917 1607 1323
p 2 0 173 7987 1639 1281
p 2 0 143 8017 1315 1235
p 2 0 60 8100 1193 1164
p 2 0 58 8102 1212 1161
p 2 0 43 8117 1169 1143
p 2 0 105 8055 1315 1202
p 2 0 91 8069 1355 1190
p 2 0 116 8044 1328 1212
p 2 0 95 8065 1262 1190
p 2 0 55 8105 1227 1155
p 2 0 36 8124 1191 1137
p 2 0 40 8120 1200 1139
p 2 0 56 8104 1237 1155
p 2 0 41 8119 1189 1142
p 2 0 32 8128 1171 1135
p 2 0 58 8102 1208 1158
p 2 0 57 8103 1200 1157
p 2 0 43 8117 1186 1143
p 2 0 50 8110 1227 1154
p 2 0 69 8091 1220 1165
p 2 0 60 8100 1247 1160
p 2 0 37 8123 1168 1141
p 2 0 32 8128 1157 1136
p 2 0 22 8138 1147 1125
p 2 0 26 8134 1151 1128
p 2 0 27 8133 1143 1127
p 2 0 58 8102 1186 1154
p 2 0 36 8124 1160 1137
p 2 0 39 8121 1159 1141
p 2 0 27 8133 1144 1128
p 2 0 18 8142 1131 1122
p 2 0 12 8148 1122 1114
p 2 0 21 8139 1142 1124
p 2 0 60 8100 1169 1153
p 2 0 73 8087 1173 1165
p 2 0 37 8123 1153 1140
p 2 0 51 8109 1172 1149
p 2 0 44 8116 1162 1144
p 2 0 67 8093 1202 1166
p 2 0 38 8122 1169 1141
p 2 0 26 8134 1145 1132
p 2 0 30 8130 1149 1131
p 2 0 32 8128 1154 1134
p 2 0 28 8132 1141 1130
p 2 0 39 8121 1153 1137
p 2 0 33 8127 1147 1134
p 2 0 21 8139 1135 1122
p 2 0 21 8139 1133 1123
p 2 0 13 8147 1122 1116
p 2 0 11 8149 1124 1114
p 2 0 10 8150 1123 1114
p 2 0 11 8149 1116 1113
p 2 0 12 8148 1126 1116
p 2 637 2107 5416 128560 10009
p 2 0 1580 6580 5253 2874
p 2 230 2600 5330 109814 8221
p 2 0 1788 6372 5813 3145
p 2 237 2628 5295 112594 8438
p 2 0 1793 6367 5892 3176
p 2 0 795 7365 2534 1911
p 2 0 943 7217 2731 2007
p 2 0 559 7601 1891 1625
p 2 0 732 7428 2446 1784
p 2 0 400 7760 1707 1465
p 2 0 246 7914 1479 1339
p 2 0 247 7913 1446 1324
p 2 0 492 7668 2031 1561
p 2 0 320 7840 1513 1387
p 2 0 294 7866 1631 1383
p 2 0 271 7889 1567 1353
p 2 0 239 7921 1737 1339
p 2 0 184 7976 1682 1293
p 2 0 109 8051 1345 1203
p 2 0 6161 1999 36952 8669
p 2 0 3351 4809 8015 4470
p 2 0 1640 6520 3560 2684
p 2 0 863 7297 2268 1925
p 2 0 615 7545 1805 1655
p 2 0 406 7754 1627 1475
i 2 8160 0 0 94918 29355
p 2 1 8125 34 32094 11569
p 2 0 8128 32 35931 11789
p 2 0 8141 19 35401 11925
p 2 0 8138 22 36167 11872
p 2 3 8130 27 35735 11941
p 2 0 8132 28 37742 12071
p 2 1 8146 13 35753 12013
p 2 2 8133 25 35955 11955
p 2 0 8145 15 36160 12143
p 2 0 8135 25 39706 12434
p 2 2 8142 16 37094 12143
p 2 1 8123 36 39701 12501
p 2 0 8140 20 37072 12208
p 2 4 8129 27 38103 12349
p 2 4 8128 28 37649 12272
p 2 2 8126 32 39838 12407
p 2 5 8134 21 37237 12293
p 2 1 8119 40 37678 12346
p 2 1 8125 34 37981 12378
p 2 0 8123 37 37600 12383
p 2 3 8111 46 39731 12625
p 2 3 8124 33 36450 12296
p 2 0 8126 34 36968 12328
p 2 0 8105 55 37213 12462
p 2 1 8127 32 39731 12657
p 2 1 8121 38 37214 12414
p 2 0 8119 41 39246 12574
p 2 0 8111 49 36420 12293
p 2 0 8119 41 37074 12408
p 2 0 8113 47 36701 12472
p 2 0 8101 59 38377 12522
p 2 0 8112 48 36328 12370
p 2 0 8125 35 35634 12256
p 2 0 8123 37 37068 12459
p 2 0 8114 46 37250 12501
p 2 0 8113 47 39398 12759
p 2 1 8109 50 34895 12252
p 2 0 8102 58 36415 12414
p 2 0 8102 58 36084 12428
p 2 0 8109 51 39579 12819
p 2 0 8093 67 36983 12519
p 2 5 8092 63 37127 12551
p 2 2 8065 93 37421 12556
p 2 1 8100 59 35474 12384
p 2 0 8081 79 37423 12579
p 2 0 8096 64 35174 12461
p 2 0 8075 85 36113 12514
p 2 0 8074 86 38138 12670
p 2 1 8091 68 35487 12535
p 2 0 8079 81 36309 12500
p 2 0 8072 88 34645 12277
p 2 0 8073 87 36816 12444
p 2 0 8100 60 35217 12433
p 2 0 8087 73 36824 12565
p 2 0 8081 79 35119 12442
p 2 0 8084 76 35169 12400
p 2 0 8083 77 34589 12417
p 2 5 8100 55 35939 12465
p 2 0 8082 78 33846 12329
p 2 0 8112 48 34748 12457
p 2 1 8091 68 34116 12403
p 2 4 8101 55 34988 12464
p 2 7 8087 66 35097 12544
p 2 2 8109 49 35467 12527
p 2 2950 5210 0 72795 27582
p 2 2 8145 13 35102 15302
p 2 0 8138 22 34317 14921
p 2 0 8123 37 35055 14776
p 2 0 8135 25 33584 14512
p 2 0 8148 12 35339 14615
p 2 1 8146 13 33894 14639
p 2 0 8127 33 34289 14729
p 2 1 8137 22 33962 14668
p 2 0 8143 17 35679 14708
p 2 0 8146 14 33703 14660
p 2 0 8147 13 33493 14483
p 2 0 8130 30 32972 14396
p 2 0 8141 19 34365 14326
p 2 0 8147 13 31439 13971
p 2 0 8136 24 31440 13817
p 2 0 8132 28 30464 13599
p 2 0 8123 37 31575 13534
p 2 0 8135 25 27158 12771
p 2 0 8135 25 26100 12304
p 2 0 8125 35 23477 11735
p 2 0 8121 39 22706 11253
p 2 0 8091 69 17767 10052
p 2 0 7861 299 12792 9253
p 2 0 7295 865 9255 8359
p 2 3 6639 1518 8737 7536
p 2 39 5535 2586 8231 6507
p 2 45 4981 3134 9477 6017
p 2 50 4309 3801 10298 5531
p 2 43 3575 4542 9586 4805
p 2 35 3013 5112 8894 4237
p 2 21 2153 5986 8723 3417
p 2 7 1640 6513 8885 2891
p 2 0 1397 6763 2737 2431
p 2 0 1127 7033 2230 2141
p 2 0 721 7439 1842 1764
p 2 0 487 7673 1633 1555
p 2 0 508 7652 1669 1575
p 2 0 578 7582 1671 1636
p 2 0 361 7799 1467 1438
p 2 0 276 7884 1384 1363
p 2 0 256 7904 1360 1336
p 2 0 496 7664 1753 1562
p 2 0 357 7803 1459 1428
p 2 0 227 7933 1328 1312
p 2 0 178 7982 1274 1269
p 2 0 104 8056 1209 1204
p 2 0 485 7675 1702 1540
p 2 0 697 7463 1829 1750
p 2 0 568 7592 1641 1613
p 2 0 335 7825 1415 1410
p 2 0 250 7910 1347 1334
p 2 0 162 7998 1266 1250
p 2 0 178 7982 1292 1270
p 2 0 156 8004 1254 1247
p 2 0 102 8058 1205 1197
p 2 0 61 8099 1170 1163
p 2 0 58 8102 1171 1157
p 2 0 61 8099 1174 1159
p 2 0 110 8050 1207 1201
p 2 0 110 8050 1212 1206
p 2 0 49 8111 1157 1152
p 2 0 46 8114 1146 1144
p 2 0 58 8102 1162 1159
p 2 0 66 8094 1175 1167
p 2 0 39 8121 1144 1141
p 2 0 42 8118 1145 1143
p 2 0 32 8128 1136 1134
p 2 0 19 8141 1124 1122
p 2 0 14 8146 1116 1115
i 2 8160 0 0 260035 35181
p 2 0 2748 5412 4709 3613
p 2 0 2356 5804 3404 3127
p 2 0 1278 6882 2375 2181
p 2 0 1070 7090 2097 2018
p 2 0 662 7498 1674 1630
p 2 0 711 7449 1751 1672
p 2 0 375 7785 1437 1391
p 2 0 240 7920 1382 1308
p 2 0 250 7910 1365 1309
p 2 0 142 8018 1226 1220
p 2 0 117 8043 1241 1204
p 2 0 121 8039 1257 1208
p 2 0 102 8058 1224 1193
p 2 0 108 8052 1224 1195
p 2 0 57 8103 1161 1154
p 2 0 89 8071 1180 1174
p 2 0 89 8071 1198 1178
p 2 0 86 8074 1218 1184
p 2 0 77 8083 1206 1172
p 2 67 160 7933 4669 1547
p 2 0 174 7986 1410 1273
p 2 361 311 7488 22558 3400
p 2 0 267 7893 1723 1364
p 2 470 762 6928 38584 4806
p 2 0 846 7314 2974 1889
p 2 623 851 6686 55936 6013
p 2 0 779 7381 2866 1878
p 2 734 942 6484 67310 6991
p 2 0 731 7429 2681 1835
p 2 797 1171 6192 80081 7940
p 2 0 1206 6954 3317 2260
p 2 945 1337 5878 89442 8963
p 2 0 1230 6930 3371 2294
p 2 1012 1305 5843 102848 9592
p 2 0 1247 6913 3655 2346
p 2 555 1893 5712 94594 8218
p 2 0 1414 6746 4278 2662
p 2 594 1718 5848 98280 8445
p 2 0 1342 6818 4287 2584
p 2 575 1857 5728 100204 8589
p 2 0 1542 6618 5021 2744
p 2 592 1928 5640 104724 8855
p 2 0 1426 6734 4418 2663
p 2 0 598 7562 2073 1697
p 2 0 854 7306 2215 1862
p 2 40 1680 6440 48020 4379
p 2 0 1831 6329 5030 2911
p 2 3 1891 6266 34977 4099
p 2 0 1179 6981 3631 2290
p 2 1 1773 6386 34572 3971
p 2 0 1363 6797 4517 2471
p 2 0 1091 7069 3281 2124
p 2 0 851 7309 3130 1926
p 2 0 845 7315 2570 1853
p 2 0 424 7736 1669 1474
p 2 0 444 7716 1726 1466
p 2 0 273 7887 1679 1357
p 2 0 521 7639 2151 1552
p 2 0 213 7947 1467 1299
p 2 0 204 7956 1616 1307
p 2 0 188 7972 1672 1290
p 2 0 183 7977 1517 1276
p 2 0 86 8074 1260 1185
p 2 0 143 8017 1376 1233
p 2 0 117 8043 1403 1215
p 2 0 109 8051 1314 1202
p 2 0 96 8064 1344 1194
p 2 0 70 8090 1233 1166
p 2 0 49 8111 1187 1149
p 2 0 35 8125 1157 1135
p 2 0 26 8134 1154 1128
p 2 0 206 7954 1565 1303
p 2 0 396 7764 1972 1469
p 2 0 180 7980 1390 1263
p 2 0 211 7949 1414 1279
p 2 0 195 7965 1732 1298
p 2 0 222 7938 1605 1311
p 2 0 398 7762 1746 1456
p 2 0 285 7875 1453 1342
p 2 0 233 7927 1383 1286
p 2 0 146 8014 1268 1222
p 2 193 1861 6106 80581 6488
p 2 0 1562 6598 5036 2722
p 2 34 1743 6383 51425 4774
p 2 0 1308 6852 4250 2432
p 2 23 1726 6411 52767 4740
p 2 0 1452 6708 5200 2634
p 2 21 960 7179 10623 2315
p 2 0 670 7490 3639 1738
p 2 19 467 7674 9184 1835
p 2 0 541 7619 2118 1603
p 2 0 313 7847 1720 1391
p 2 0 332 7828 1653 1397
p 2 72 1563 6525 58958 4993
p 2 0 1029 7131 3783 2218
p 2 12 1610 6538 46474 4375
p 2 0 1129 7031 3881 2289
p 2 15 1600 6545 53160 4452
p 2 0 1115 7045 4289 2304
p 2 1 642 7517 7907 1846
p 2 0 433 7727 2029 1513
p 2 0 284 7876 1471 1351
p 2 963 1739 5458 124380 10672
p 2 0 1442 6718 4518 2691
p 2 0 587 7573 2200 1703
p 2 0 502 7658 1812 1557
p 2 0 275 7885 1452 1364
p 2 1045 1993 5122 132819 11620
p 2 0 1503 6657 4975 2860
p 2 1080 2317 4763 145037 12471
p 2 0 1826 6334 5421 3168
p 2 0 1305 6855 4747 2406
p 2 692 2601 4867 134298 10862
p 2 0 1770 6390 5529 3019
p 2 627 2432 5101 131707 10567
p 2 0 1756 6404 5808 3153
p 2 593 2424 5143 127405 10163
p 2 0 1693 6467 5439 3014
p 2 582 2324 5254 123814 9842
p 2 0 1489 6671 5195 2851
p 2 1099 1953 5108 141283 12029
p 2 0 1487 6673 5029 2831
p 2 1169 2230 4761 151312 12822
p 2 0 1785 6375 5412 3141
p 2 0 818 7342 2342 1880
p 2 691 2445 5024 133952 10710
p 2 0 1618 6542 5923 3004
p 2 632 2431 5097 132580 10589
p 2 0 1729 6431 5870 3095
p 2 597 2372 5191 127811 10179
p 2 0 1582 6578 5409 2911
p 2 582 2261 5317 123226 9807
p 2 0 1628 6532 5462 2993
p 2 1100 1905 5155 141890 11983
p 2 0 1483 6677 5272 2834
p 2 1157 2214 4789 151747 12772
p 2 0 1589 6571 5464 2983
p 2 0 893 7267 3200 2018
p 2 692 2367 5101 134592 10671
p 2 0 1638 6522 5513 3010
p 2 637 2420 5103 132799 10622
p 2 0 1574 6586 5599 2954
p 2 598 2287 5275 127034 10078
p 2 0 1599 6561 5355 2898
p 2 572 2296 5292 123779 9769
p 2 0 1519 6641 5195 2885
p 2 1096 1848 5216 142665 11932
p 2 0 1468 6692 5230 2842
p 2 1167 2072 4921 151328 12680
p 2 0 1695 6465 5615 3084
p 2 0 852 7308 2778 1958
p 2 698 2376 5086 134301 10707
p 2 0 1636 6524 5786 3034
p 2 641 2402 5117 132358 10580
p 2 0 1573 6587 5385 2959
p 2 602 2258 5300 126935 10048
p 2 0 1635 6525 5542 3009
p 2 589 2223 5348 123115 9792
p 2 1 1480 6679 5409 2855
p 2 1091 1897 5172 141720 11953
p 2 0 1491 6669 5001 2842
p 2 1170 2085 4905 151541 12698
p 2 0 1611 6549 5370 2993
p 2 0 857 7303 2728 1952
p 2 686 2417 5057 134222 10662
p 2 0 1681 6479 5671 3062
p 2 640 2332 5188 132918 10556
p 2 0 1621 6539 5820 3030
p 2 588 2287 5285 127174 10040
p 2 0 1668 6492 5639 3048
p 2 578 2165 5417 122252 9681
i 2 8160 0 0 118688 30626
p 2 0 3831 4329 6035 4875
p 2 2003 4240 1917 104607 17209
p 2 0 2422 5738 5098 3801
p 2 1531 3458 3171 105263 15144
p 2 0 2194 5966 5146 3631
p 2 1489 2995 3676 108005 14597
p 2 0 2038 6122 5155 3518
p 2 0 1214 6946 2702 2310
p 2 1467 2455 4238 102714 13750
p 2 0 1814 6346 4540 3200
p 2 1490 2329 4341 102428 13741
p 2 0 1853 6307 4737 3300
p 2 1322 2532 4306 94943 12930
p 2 0 1977 6183 4805 3397
p 2 1263 2403 4494 88855 12354
p 2 0 1819 6341 4589 3205
p 2 0 1266 6894 3001 2353
i 2 8160 0 0 128334 31169
p 2 0 3715 4445 6002 4804
p 2 1537 4603 2020 106472 16214
p 2 0 2732 5428 5790 4153
p 2 1492 3580 3088 107778 15073
p 2 0 2207 5953 5319 3690
p 2 0 1718 6442 3478 2767
p 2 1473 2492 4195 102489 13790
p 2 0 1719 6441 4571 3152
p 2 1501 2305 4354 101952 13733
p 2 0 1854 6306 4653 3262
p 2 1319 2565 4276 94634 12922
p 2 0 1881 6279 4782 3320
p 2 1263 2560 4337 90205 12604
p 2 0 1857 6303 4577 3264
p 2 0 1240 6920 2671 2316
p 2 0 1190 6970 2490 2221
p 2 0 804 7356 2015 1851
p 2 0 559 7601 1733 1621
p 2 0 405 7755 1560 1482
p 2 0 395 7765 1723 1486
p 2 0 309 7851 1546 1402
p 2 0 232 7928 1373 1319
p 2 0 151 8009 1275 1245
p 2 0 122 8038 1294 1219
p 2 0 73 8087 1195 1173
i 2 8160 0 0 113172 30474
p 2 0 4033 4127 6348 5083
p 2 908 4929 2323 78279 12847
p 2 0 2688 5472 5382 4059
p 2 768 3493 3899 73882 10621
p 2 0 1723 6437 4272 3083
p 2 820 2780 4560 86564 10509
p 2 0 1547 6613 4170 2869
p 2 0 994 7166 2481 2070
p 2 0 1011 7149 2298 2061
p 2 1 940 7219 3356 2034
p 2 0 665 7495 1957 1734
p 2 0 577 7583 1829 1637
p 2 0 443 7717 1697 1522
p 2 0 516 7644 1833 1577
p 2 0 299 7861 1597 1393
p 2 2 409 7749 2276 1524
p 2 0 179 7981 1346 1273
p 2 0 116 8044 1280 1216
p 2 1 131 8028 2155 1259
p 2 0 170 7990 1578 1277
p 2 0 122 8038 1381 1221
p 2 4 167 7989 1673 1307
p 2 0 124 8036 1254 1221
p 2 0 109 8051 1286 1209
p 2 10 120 8030 2224 1283
p 2 0 290 7870 1767 1383
p 2 0 152 8008 1328 1243
p 2 4 184 7972 1635 1315
p 2 0 103 8057 1314 1206
p 2 0 167 7993 1510 1265
p 2 10 99 8051 2225 1270
p 2 0 62 8098 1229 1165
p 2 0 47 8113 1199 1150
p 2 2 95 8063 1714 1231
p 2 0 71 8089 1242 1174
p 2 0 39 8121 1159 1138
p 2 1 33 8126 2003 1172
p 2 0 36 8124 1164 1138
p 2 0 14 8146 1122 1117
p 2 4 122 8034 1611 1263
p 2 0 54 8106 1191 1157
p 2 0 41 8119 1163 1144
p 2 10 21 8129 2047 1193
p 2 0 17 8143 1133 1120
p 2 0 14 8146 1125 1116
p 2 2 32 8126 1603 1172
p 2 0 28 8132 1151 1131
p 2 0 21 8139 1130 1122
p 2 1 28 8131 1999 1165
p 2 0 27 8133 1152 1128
p 2 0 7 8153 1111 1109
p 2 2 21 8137 1580 1160
p 2 0 43 8117 1169 1147
p 2 0 28 8132 1138 1131
p 2 2 35 8123 1387 1168
p 2 0 25 8135 1145 1132
p 2 0 41 8119 1173 1143
p 2 10 35 8115 2054 1206
p 2 0 38 8122 1194 1141
p 2 0 26 8134 1140 1127
p 2 2 48 8110 1622 1190
p 2 0 28 8132 1154 1132
p 2 0 20 8140 1142 1125
p 2 1 35 8124 2009 1173
p 2 0 15 8145 1130 1118
p 2 0 8 8152 1112 1110
p 2 0 7 8153 1112 1109
p 2 0 6 8154 1110 1109
p 2 0 7 8153 1112 1110
p 2 0 2 8158 1105 1104
p 2 2 15 8143 1582 1155
p 2 0 15 8145 1132 1119
p 2 2 17 8141 1342 1150
p 2 0 11 8149 1116 1116
p 2 0 7 8153 1112 1110
i 2 8160 0 0 136019 31576
p 2 0 3941 4219 6429 4999
p 2 2272 4275 1613 143999 19519
p 2 0 2428 5732 5585 3822
p 2 1744 3479 2937 126464 16512
p 2 0 2316 5844 5577 3713
p 2 1018 3255 3887 117419 12973
p 2 0 1969 6191 5168 3364
p 2 1048 2701 4411 121339 12598
p 2 0 1905 6255 5104 3257
p 2 479 1680 6001 40100 5908
p 2 0 1524 6636 3734 2658
p 2 574 1459 6127 43188 6395
p 2 0 1031 7129 3301 2197
p 2 518 1429 6213 40750 6082
p 2 27 1210 6923 4721 2498
p 2 346 1302 6512 39834 4995
p 2 0 907 7253 3145 2048
p 2 354 1120 6686 38154 4886
p 2 0 704 7456 2990 1864
p 2 454 883 6823 37606 5005
p 2 6 581 7573 3744 1841
p 2 566 1026 6568 41938 5874
p 2 0 686 7474 2914 1878
p 2 528 1056 6576 40562 5785
p 2 0 878 7282 3037 2053
p 2 348 1092 6720 39532 4849
p 2 27 799 7334 3987 2061
p 2 349 973 6838 37606 4689
p 2 0 704 7456 2884 1869
p 2 456 908 6796 38471 5101
p 2 0 620 7540 2605 1799
p 2 569 936 6655 41672 5838
p 2 6 658 7496 3983 1899
p 2 520 977 6663 39796 5646
p 2 0 810 7350 2946 1986
p 2 348 1084 6728 40320 4870
p 2 0 769 7391 2868 1923
p 2 351 966 6843 37291 4681
p 2 7 660 7493 3063 1898
p 2 453 816 6891 37430 4955
p 2 0 564 7596 2519 1731
p 2 577 953 6630 42836 5884
p 2 0 618 7542 2788 1809
p 2 517 967 6676 39650 5623
p 2 6 902 7252 4278 2154
p 2 347 1077 6736 39396 4827
p 2 0 759 7401 2833 1914
p 2 355 985 6820 38098 4765
p 2 0 662 7498 2651 1809
p 2 450 852 6858 37559 4973
p 2 6 650 7504 3927 1918
p 2 564 972 6624 41799 5833
p 2 0 601 7559 2648 1779
p 2 525 980 6655 40253 5711
p 2 0 810 7350 2922 1998
p 2 349 1078 6733 39650 4831
p 2 27 737 7396 3850 2017
p 2 346 985 6829 37315 4685
p 2 0 664 7496 2670 1815
p 2 455 885 6820 38484 5085
p 2 0 559 7601 2576 1759
p 2 565 933 6662 41915 5818
p 2 6 650 7504 3935 1892
p 2 514 1015 6631 39878 5646
p 2 0 873 7287 3035 2048
p 2 355 1109 6696 40059 4926
p 2 0 753 7407 2882 1913
p 2 346 1001 6813 37316 4684
p 2 14 628 7518 3670 1878
p 2 451 830 6879 37445 4965
p 2 0 556 7604 2518 1742
p 2 572 945 6643 43201 5873
p 2 0 651 7509 2853 1842
p 2 522 973 6665 39935 5639
p 2 12 871 7277 3448 2146
p 2 339 1084 6737 39854 4806
p 2 0 712 7448 2752 1879
p 2 372 914 6874 38603 4747
p 2 0 617 7543 2622 1793
p 2 449 811 6900 37638 4942
p 2 3 606 7551 3445 1856
p 2 565 945 6650 41672 5829
p 2 0 592 7568 2621 1765
p 2 519 991 6650 41195 5682
p 2 0 848 7312 3149 2045
p 2 341 1066 6753 39688 4794
p 2 0 735 7425 2777 1890
p 2 349 920 6891 37364 4647
p 2 0 643 7517 2678 1799
p 2 453 779 6928 37490 4919
p 2 0 520 7640 2446 1699
p 2 568 921 6671 42667 5839
p 2 0 604 7556 2731 1797
p 2 522 948 6690 40019 5654
i 2 8160 0 0 231037 33840
p 2 0 2170 5990 3881 3063
p 2 1 2109 6050 8212 2997
p 2 178 1615 6367 25434 3895
p 2 1 1471 6688 8150 2484
p 2 0 1035 7125 2421 1969
p 2 36 1227 6897 15091 2553
p 2 0 1020 7140 2691 1990
p 2 0 657 7503 1821 1645
p 2 27 509 7624 10653 1880
p 2 0 653 7507 2238 1677
p 2 0 556 7604 2301 1617
p 2 0 420 7740 1885 1473
p 2 0 190 7970 1341 1265
p 2 0 316 7844 1627 1370
p 2 0 266 7894 1725 1345
p 2 0 254 7906 1446 1314
p 2 0 109 8051 1271 1201
p 2 0 138 8022 1291 1217
p 2 0 113 8047 1315 1204
p 2 0 158 8002 1302 1233
p 2 0 99 8061 1217 1187
p 2 0 125 8035 1249 1202
p 2 0 83 8077 1232 1177
p 2 0 105 8055 1252 1196
p 2 0 92 8068 1212 1182
p 2 0 118 8042 1230 1195
p 2 0 70 8090 1214 1164
p 2 0 98 8062 1277 1188
p 2 0 36 8124 1147 1135
p 2 0 47 8113 1156 1139
p 2 0 42 8118 1163 1139
p 2 0 48 8112 1196 1148
p 2 226 1977 5957 78100 6980
p 2 0 1295 6865 4245 2534
p 2 0 532 7628 1992 1616
p 2 164 1995 6001 73789 6510
p 2 0 1294 6866 4514 2588
p 2 0 782 7378 2295 1840
p 2 151 2247 5762 73994 6586
p 2 0 1273 6887 4447 2601
p 2 0 809 7351 2301 1859
p 2 142 2253 5765 76560 6548
p 2 0 1585 6575 5054 2822
p 2 0 736 7424 2226 1789
p 2 0 532 7628 1718 1556
p 2 0 473 7687 1868 1524
p 2 0 447 7713 1938 1501
p 2 0 852 7308 3067 1912
p 2 0 746 7414 2540 1783
p 2 0 562 7598 2089 1612
p 2 0 520 7640 2082 1573
p 2 0 643 7517 2770 1723
p 2 0 502 7658 2546 1592
p 2 0 388 7772 1975 1467
p 2 0 177 7983 1411 1264
p 2 0 141 8019 1360 1235
p 2 0 100 8060 1348 1200
p 2 0 155 8005 1522 1255
p 2 0 60 8100 1248 1160
p 2 0 65 8095 1252 1166
p 2 0 57 8103 1216 1158
p 2 0 58 8102 1230 1161
p 2 0 90 8070 1257 1182
p 2 0 34 8126 1155 1136
p 2 0 30 8130 1146 1131
p 2 0 74 8086 1203 1167
p 2 0 42 8118 1180 1144
p 2 0 63 8097 1181 1157
p 2 0 29 8131 1150 1133
p 2 0 58 8102 1159 1148
p 2 0 15 8145 1123 1116
p 2 0 72 8088 1245 1171
p 2 0 50 8110 1182 1147
p 2 0 27 8133 1142 1129
p 2 0 26 8134 1126 1123
p 2 0 10 8150 1118 1112
p 2 0 8 8152 1115 1111
i 2 8160 0 0 168904 32830
p 2 1991 5484 685 205864 27343
p 2 753 6842 565 152565 21965
p 2 362 7350 448 97629 16925
p 2 125 7603 432 71374 14244
p 2 84 7689 387 61788 13624
p 2 120 7663 377 60003 13409
p 2 97 7767 296 62663 13507
p 2 92 7768 300 58267 13391
p 2 88 7749 323 54732 13305
p 2 60 7793 307 54247 13314
p 2 56 7803 301 51255 12908
p 2 97 7740 323 50416 12904
p 2 111 7754 295 51300 12836
p 2 56 7854 250 47563 13107
p 2 49 7919 192 45230 12975
p 2 70 7897 193 45362 13024
p 2 69 7935 156 38505 12754
p 2 0 7688 472 30674 10658
p 2 0 7633 527 29642 10309
p 2 0 7683 477 27262 10307
p 2 1 7672 487 27712 9850
p 2 0 7694 466 27052 9873
p 2 0 7665 495 29480 10008
p 2 0 7691 469 25567 9686
p 2 1 7658 501 26663 9785
p 2 0 7647 513 27490 9878
p 2 1 7659 500 25972 9791
p 2 0 7639 521 27811 9966
p 2 0 7683 477 25976 9777
p 2 0 7655 505 25508 9647
p 2 0 7678 482 26191 9954
p 2 0 7646 514 27167 9933
p 2 0 7687 473 25518 9711
p 2 0 7685 475 25739 9715
p 2 0 7665 495 25161 9649
p 2 0 7659 501 27114 9818
p 2 0 7692 468 24997 9646
p 2 0 7688 472 25691 9720
p 2 0 7680 480 24998 9769
p 2 0 7641 519 26524 9863
p 2 0 7669 491 25166 9760
p 2 0 7658 502 25172 9709
p 2 0 7683 477 24116 9687
p 2 0 7652 508 26926 9937
p 2 0 7687 473 25048 9685
p 2 0 7677 483 24552 9555
p 2 0 7677 483 24527 9702
p 2 0 7660 500 26294 9804
p 2 0 7696 464 24877 9637
p 2 0 7684 476 24520 9556
p 2 0 7719 441 24239 9652
p 2 0 7675 485 25726 9737
p 2 0 7721 439 24558 9671
p 2 0 7717 443 25020 9692
p 2 0 7704 456 24118 9744
p 2 0 7669 491 26014 9825
p 2 0 7709 451 24110 9672
p 2 0 7702 458 25169 9792
p 2 0 7723 437 23943 9744
p 2 0 7706 454 25451 9905
p 2 0 7707 453 24255 9693
p 2 0 7716 444 24408 9603
p 2 1 7731 428 23933 9563
p 2 0 7730 430 24041 9660
p 2 0 7676 484 24912 9644
p 2 0 6826 1334 9824 7867
p 2 0 5583 2577 7647 6553
p 2 1655 3634 2871 132389 15597
i 2 8160 0 0 244188 34947
p 2 1313 2041 4806 91153 11958
p 2 0 1785 6375 4336 3048
p 2 9 1064 7087 5179 2285
p 2 0 1080 7080 2962 2152
p 2 5 1006 7149 5685 2205
p 2 0 812 7348 2620 1895
p 2 7 396 7757 2779 1620
p 2 0 388 7772 1795 1490
p 2 22 418 7720 5368 1694
p 2 0 523 7637 2537 1628
p 2 0 589 7571 2783 1678
p 2 1 497 7662 3896 1685
p 2 0 289 7871 1662 1382
p 2 0 229 7931 1616 1330
p 2 5 251 7904 4107 1457
p 2 0 227 7933 1634 1326
p 2 0 172 7988 1613 1275
p 2 7 191 7962 2540 1411
p 2 0 112 8048 1279 1220
p 2 0 99 8061 1287 1196
p 2 22 111 8027 4694 1393
p 2 0 154 8006 1447 1254
p 2 0 149 8011 1557 1252
p 2 7 414 7739 3100 1642
p 2 0 274 7886 1567 1390
p 2 0 194 7966 1442 1290
p 2 22 357 7781 5177 1630
p 2 0 432 7728 2256 1539
p 2 0 261 7899 1536 1348
p 2 1 201 7958 3207 1393
p 2 0 191 7969 1484 1295
p 2 0 168 7992 1440 1266
p 2 5 174 7981 3855 1370
p 2 0 107 8053 1326 1206
p 2 0 96 8064 1267 1193
p 2 0 80 8080 1242 1177
p 2 0 87 8073 1247 1185
p 2 0 59 8101 1216 1161
p 2 0 53 8107 1195 1155
p 2 0 47 8113 1182 1147
p 2 0 48 8112 1202 1150
p 2 0 53 8107 1216 1155
p 2 0 28 8132 1158 1130
p 2 0 43 8117 1178 1147
p 2 0 30 8130 1155 1134
p 2 0 27 8133 1142 1130
p 2 0 17 8143 1128 1118
p 2 0 17 8143 1126 1119
p 2 0 20 8140 1119 1118
i 2 8160 0 0 181672 32968
p 2 0 2383 5777 4446 3501
p 2 1395 3232 3533 113245 13773
p 2 0 2267 5893 5479 3676
p 2 506 2981 4673 101175 9965
p 2 0 2078 6082 5591 3380
p 2 772 2882 4506 102673 11017
p 2 0 1909 6251 5268 3334
p 2 0 1132 7028 2788 2228
p 2 2 845 7313 3012 1980
p 2 0 844 7316 2516 1920
p 2 0 800 7360 2463 1881
p 2 4 807 7349 2918 1939
p 2 0 492 7668 1840 1588
p 2 0 350 7810 1692 1437
p 2 10 368 7782 2690 1522
p 2 0 499 7661 2123 1589
p 2 0 438 7722 2105 1541
p 2 1 400 7759 2661 1548
p 2 0 264 7896 1866 1373
p 2 0 249 7911 1691 1352
p 2 1 144 8015 2044 1286
p 2 0 112 8048 1371 1215
p 2 0 92 8068 1375 1197
p 2 3 341 7816 2065 1476
p 2 0 256 7904 1530 1351
p 2 0 172 7988 1423 1269
p 2 10 159 7991 2374 1325
p 2 0 178 7982 1471 1279
p 2 0 89 8071 1253 1194
p 2 0 110 8050 1839 1232
p 2 0 98 8062 1354 1198
p 2 0 130 8030 1447 1235
p 2 2 97 8061 2087 1248
p 2 0 77 8083 1247 1178
p 2 0 67 8093 1225 1165
p 2 0 73 8087 1793 1209
p 2 0 83 8077 1263 1186
p 2 0 129 8031 1447 1235
p 2 0 99 8061 1512 1223
p 2 0 32 8128 1157 1141
p 2 0 27 8133 1135 1128
p 2 4 76 8080 1829 1211
p 2 0 29 8131 1154 1130
p 2 0 38 8122 1174 1139
p 2 2 55 8103 1987 1200
p 2 0 60 8100 1279 1163
p 2 0 75 8085 1214 1173
p 2 0 44 8116 1677 1172
p 2 0 45 8115 1182 1146
p 2 0 27 8133 1139 1129
p 2 1 42 8117 1861 1185
p 2 0 53 8107 1211 1156
p 2 0 44 8116 1197 1148
p 2 3 65 8092 1490 1209
p 2 0 36 8124 1152 1138
p 2 0 17 8143 1128 1121
p 2 10 29 8121 2062 1193
p 2 0 61 8099 1224 1163
p 2 0 61 8099 1230 1164
p 2 0 42 8118 1656 1174
p 2 0 31 8129 1164 1136
p 2 0 19 8141 1130 1121
p 2 2 25 8133 1919 1171
p 2 0 18 8142 1145 1120
p 2 0 16 8144 1128 1119
p 2 4 23 8133 1425 1171
p 2 0 15 8145 1127 1119
p 2 0 9 8151 1114 1112
p 2 10 15 8135 2044 1180
p 2 0 16 8144 1134 1119
p 2 0 19 8141 1131 1122
p 2 0 37 8123 1651 1169
p 2 0 41 8119 1192 1148
p 2 0 17 8143 1127 1120
p 2 2 30 8128 1926 1178
p 2 0 28 8132 1162 1131
p 2 0 29 8131 1156 1130
p 2 0 58 8102 1747 1191
p 2 0 54 8106 1183 1157
p 2 0 58 8102 1178 1156
p 2 0 31 8129 1381 1156
p 2 0 39 8121 1168 1145
p 2 0 23 8137 1136 1123
p 2 4 44 8112 1745 1180
p 2 0 13 8147 1122 1115
p 2 0 9 8151 1115 1111
p 2 2 27 8131 1922 1172
p 2 0 15 8145 1142 1118
p 2 0 18 8142 1125 1119
p 2 0 38 8122 1671 1168
p 2 0 41 8119 1172 1142
p 2 0 27 8133 1180 1131
p 2 2 32 8126 1945 1179
p 2 0 25 8135 1160 1130
p 2 0 15 8145 1129 1118
p 2 4 44 8112 1476 1195
p 2 0 36 8124 1159 1135
p 2 0 25 8135 1143 1129
p 2 10 25 8125 2071 1188
p 2 0 23 8137 1147 1126
p 2 0 12 8148 1119 1115
p 2 0 26 8134 1724 1159
p 2 0 19 8141 1169 1123
p 2 0 19 8141 1134 1122
p 2 1 28 8131 1948 1170
p 2 0 19 8141 1151 1124
p 2 0 9 8151 1116 1111
p 2 4 16 8140 1416 1166
p 2 0 16 8144 1132 1117
p 2 0 17 8143 1127 1119
p 2 10 32 8118 2062 1193
p 2 0 15 8145 1133 1118
p 2 0 12 8148 1115 1114
p 2 1 27 8132 1662 1162
p 2 0 16 8144 1132 1119
p 2 0 7 8153 1110 1109
p 2 2 22 8136 1914 1167
p 2 0 28 8132 1179 1129
p 2 0 22 8138 1146 1124
p 2 0 9 8151 1119 1111
p 2 0 8 8152 1133 1112
p 2 0 11 8149 1118 1112
p 2 0 6 8154 1112 1109
p 2 0 28 8132 1693 1161
p 2 0 21 8139 1151 1124
p 2 0 18 8142 1370 1143
p 2 0 7 8153 1115 1111
p 2 0 3 8157 1109 1105
p 2 0 0 8160 1102 1102
p 2 699 1707 5754 103669 9671
p 2 0 1115 7045 4362 2454
p 2 417 2038 5705 101081 8680
p 2 0 1379 6781 4930 2843
p 2 1365 1663 5132 113993 12409
p 2 0 1396 6764 4278 2772
p 2 0 890 7270 2503 2007
p 2 0 642 7518 2109 1729
p 2 0 477 7683 1734 1557
p 2 0 420 7740 1756 1503
p 2 0 275 7885 1488 1366
p 2 0 181 7979 1341 1272
p 2 0 152 8008 1276 1241
p 2 0 137 8023 1304 1233
p 2 0 94 8066 1229 1191
p 2 0 93 8067 1218 1189
p 2 0 52 8108 1173 1152
p 2 0 21 8139 1139 1125
p 2 0 17 8143 1127 1120
i 2 8160 0 0 160611 32533
p 2 0 4510 3650 7992 6017
p 2 1 4477 3682 10840 5844
p 2 0 1924 6236 3809 3098
p 2 2 2035 6123 7269 3237
p 2 0 745 7415 2199 1860
p 2 0 1031 7129 6100 2213
p 2 0 536 7624 1863 1637
p 2 1 450 7709 5220 1638
p 2 0 309 7851 1678 1418
p 2 0 366 7794 1609 1468
p 2 0 199 7961 1408 1310
p 2 0 156 8004 1330 1259
p 2 0 120 8040 1317 1230
p 2 0 127 8033 1292 1234
p 2 0 173 7987 1381 1285
p 2 0 174 7986 1361 1280
p 2 0 174 7986 1351 1280
p 2 0 108 8052 1257 1214
p 2 0 123 8037 1304 1231
p 2 0 148 8012 1345 1252
p 2 0 147 8013 1312 1257
p 2 0 88 8072 1224 1195
p 2 0 93 8067 1257 1196
p 2 0 195 7965 1401 1297
p 2 0 365 7795 1614 1472
p 2 0 185 7975 1322 1281
p 2 0 113 8047 1266 1216
p 2 0 121 8039 1279 1227
p 2 0 146 8014 1323 1247
p 2 0 188 7972 1356 1290
p 2 0 177 7983 1393 1282
p 2 0 202 7958 1374 1301
p 2 0 194 7966 1415 1300
p 2 0 122 8038 1274 1230
p 2 0 60 8100 1200 1167
p 2 0 54 8106 1189 1160
p 2 0 29 8131 1139 1130
p 2 0 30 8130 1172 1135
p 2 0 15 8145 1128 1117
p 2 0 25 8135 1139 1129
p 2 0 26 8134 1135 1128
p 2 0 26 8134 1141 1130
p 2 0 24 8136 1141 1129
p 2 0 38 8122 1152 1138
p 2 0 17 8143 1124 1120
p 2 0 13 8147 1119 1117
p 2 0 13 8147 1118 1116
p 2 0 19 8141 1128 1122
p 2 0 17 8143 1123 1120
p 2 0 25 8135 1145 1128
p 2 0 36 8124 1141 1135
p 2 0 17 8143 1124 1120
p 2 0 19 8141 1124 1122
p 2 0 26 8134 1133 1127
p 2 0 18 8142 1126 1121
p 2 0 8 8152 1112 1110
p 2 0 10 8150 1113 1112
p 2 0 12 8148 1117 1115
i 2 8160 0 0 219828 35110
p 2 0 1381 6779 3165 2434
p 2 0 1114 7046 2423 2110
p 2 0 578 7582 1847 1643
p 2 53 735 7372 7506 2199
p 2 0 418 7742 1755 1500
p 2 93 551 7516 14595 2460
p 2 0 270 7890 1679 1378
p 2 54 502 7604 16810 2303
p 2 0 360 7800 2004 1461
p 2 0 490 7670 7967 1800
p 2 0 327 7833 1877 1426
p 2 0 176 7984 1471 1272
p 2 0 116 8044 1253 1208
p 2 0 79 8081 1227 1177
p 2 0 110 8050 1280 1204
p 2 0 134 8026 1467 1236
p 2 0 75 8085 1215 1172
p 2 0 61 8099 1242 1161
p 2 0 88 8072 1324 1190
p 2 0 80 8080 1272 1180
p 2 0 71 8089 1282 1172
p 2 0 71 8089 1227 1170
p 2 0 30 8130 1154 1131
p 2 0 58 8102 1219 1159
p 2 0 73 8087 1251 1173
p 2 0 82 8078 1296 1184
p 2 0 42 8118 1227 1146
p 2 0 40 8120 1184 1144
p 2 0 38 8122 1178 1139
p 2 0 39 8121 1184 1142
p 2 0 25 8135 1165 1129
p 2 0 22 8138 1146 1125
p 2 0 20 8140 1130 1121
p 2 0 13 8147 1122 1116
p 2 0 14 8146 1127 1117
p 2 0 20 8140 1140 1123
p 2 0 23 8137 1141 1124
p 2 0 16 8144 1127 1117
p 2 0 27 8133 1139 1129
p 2 0 12 8148 1120 1113
p 2 0 11 8149 1118 1114
p 2 0 8 8152 1113 1111
p 2 0 5 8155 1110 1108
p 2 0 4 8156 1108 1106
p 2 0 5 8155 1111 1107
p 2 0 8 8152 1114 1110
p 2 0 4 8156 1108 1107
p 2 0 3 8157 1105 1105
p 2 0 1 8159 1103 1103
p 2 0 4 8156 1107 1107
p 2 0 2 8158 1105 1104
p 2 0 3 8157 1105 1105
i 2 8160 0 0 192852 32217
p 2 0 7429 731 43297 10148
p 2 0 7179 981 45593 9401
p 2 0 7035 1125 47518 9449
p 2 0 7061 1099 46179 9397
p 2 0 7042 1118 49591 9506
p 2 0 7076 1084 45882 9372
p 2 0 7151 1009 46927 9415
p 2 0 7131 1029 46360 9420
p 2 0 7097 1063 49038 9520
p 2 0 7211 949 45442 9369
p 2 0 7258 902 46465 9513
p 2 0 7153 1007 45819 9405
p 2 0 7148 1012 48816 9505
p 2 0 7132 1028 44700 9319
p 2 0 7241 919 46449 9469
p 2 0 7028 1132 45039 9264
p 2 0 7219 941 48714 9565
p 2 0 7058 1102 45449 9280
p 2 0 7353 807 47174 9533
p 2 0 7046 1114 45775 9249
p 2 0 7152 1008 48362 9500
p 2 0 7150 1010 44779 9380
p 2 0 7326 834 47278 9526
p 2 0 7218 942 45690 9408
p 2 0 7214 946 49834 9604
p 2 0 7235 925 44618 9415
p 2 0 7294 866 46335 9496
p 2 0 7117 1043 45518 9331
p 2 0 7227 933 48048 9503
p 2 0 7182 978 44847 9354
p 2 0 7249 911 46156 9413
p 2 0 7119 1041 45810 9298
p 2 0 7225 935 48500 9506
p 2 0 7188 972 45304 9354
p 2 0 7280 880 46028 9458
p 2 0 7105 1055 45147 9262
p 2 0 7144 1016 47949 9399
p 2 0 7204 956 45875 9355
p 2 0 7265 895 45633 9381
p 2 0 7291 869 45506 9438
p 2 0 7342 818 44940 9436
p 2 0 7164 996 47543 9440
p 2 0 7390 770 46233 9484
p 2 0 7225 935 46585 9377
p 2 0 7205 955 45777 9381
p 2 0 7183 977 47070 9393
p 2 0 7327 833 45504 9484
p 2 0 7177 983 47689 9380
p 2 0 7328 832 48138 9527
p 2 0 7125 1035 48213 9390
p 2 0 7300 860 46880 9457
p 2 0 7157 1003 47784 9335
i 2 8160 0 0 137244 31105
p 2 1 5439 2720 26371 8365
p 2 0 5584 2576 29011 8240
p 2 0 5564 2596 28732 8296
p 2 0 5557 2603 31305 8414
p 2 0 5650 2510 28997 8415
p 2 4 5706 2450 34752 8743
p 2 0 5635 2525 29763 8507
p 2 86 5612 2462 33420 8967
p 2 0 5579 2581 30609 8557
p 2 0 5721 2439 27999 8430
p 2 100 5703 2357 39060 9273
p 2 0 5819 2341 29375 8677
p 2 3 5804 2353 38082 9090
p 2 0 5916 2244 29242 8740
p 2 4 5947 2209 37515 9195
p 2 0 5971 2189 29915 8867
p 2 0 5904 2256 32558 8964
p 2 0 6041 2119 29670 8886
p 2 0 6029 2131 31042 8966
p 2 0 6112 2048 30250 8983
p 2 0 5999 2161 32246 9022
p 2 0 6122 2038 29624 8952
p 2 1 6115 2044 31357 9079
p 2 0 6193 1967 30225 9098
p 2 0 6131 2029 32902 9226
p 2 0 6245 1915 29990 9147
p 2 0 6225 1935 31087 9164
p 2 0 6244 1916 30423 9219
p 2 0 6218 1942 32186 9297
p 2 0 6321 1839 29466 9169
p 2 0 6328 1832 30764 9254
p 2 0 6348 1812 29907 9193
p 2 0 6313 1847 31785 9275
p 2 0 6390 1770 29377 9197
p 2 0 6397 1763 30127 9302
p 2 0 6422 1738 29149 9239
p 2 0 6368 1792 31538 9395
p 2 0 6468 1692 29412 9353
p 2 0 6449 1711 30298 9384
p 2 0 6440 1720 30968 9431
p 2 0 6559 1601 28632 9344
p 2 0 6494 1666 29424 9288
p 2 0 6538 1622 29003 9357
p 2 0 6520 1640 30396 9364
p 2 0 6643 1517 28738 9399
p 2 0 6615 1545 29503 9446
p 2 0 6620 1540 29209 9455
p 2 0 6607 1553 30709 9523
p 2 0 6679 1481 28949 9477
p 2 0 6666 1494 29761 9462
p 2 0 6666 1494 28976 9392
p 2 0 6666 1494 30413 9487
i 2 8160 0 0 196936 31832
p 2 0 1098 7062 2743 2175
p 2 0 854 7306 2161 1914
p 2 0 397 7763 1588 1475
p 2 0 327 7833 1485 1404
p 2 0 114 8046 1258 1212
p 2 71 154 7935 2443 1581
p 2 179 298 7683 4493 2287
p 2 287 275 7598 5533 2763
p 2 364 272 7524 7852 3299
p 2 531 310 7319 11312 4298
p 2 612 438 7110 14995 4991
p 2 759 496 6905 17961 5896
p 2 798 643 6719 22728 6681
p 2 576 1045 6539 26599 6596
p 2 316 1513 6331 27130 6031
p 2 385 1601 6174 33435 6892
p 2 255 1855 6050 33300 6184
p 2 356 1884 5920 35155 7211
p 2 288 2072 5800 33836 6932
p 2 343 2176 5641 40505 7828
p 2 269 2356 5535 40852 7511
p 2 335 2482 5343 42917 8404
p 2 319 2693 5148 42275 8528
p 2 391 3009 4760 47199 9516
p 2 387 3158 4615 46557 9417
p 2 529 3039 4592 54392 10649
p 2 446 3345 4369 54522 10193
p 2 595 3311 4254 61875 11371
p 2 512 3558 4090 57177 10794
p 2 663 3506 3991 65044 12158
p 2 465 3796 3899 59619 11184
p 2 511 3753 3896 61714 11704
p 2 454 3900 3806 61332 11355
p 2 562 3817 3781 71969 12280
p 2 492 3956 3712 72365 11947
p 2 638 3728 3794 70814 12601
p 2 481 3980 3699 66325 11805
p 2 728 3661 3771 71875 12921
p 2 527 3941 3692 72991 12063
p 2 660 3719 3781 74290 12784
p 2 508 4136 3516 67195 11980
p 2 565 3820 3775 65212 12206
p 2 377 4230 3553 57161 11324
p 2 354 4064 3742 58669 11174
p 2 306 3810 4044 48441 9865
p 2 350 3528 4282 52519 10271
p 2 317 3495 4348 46128 9342
p 2 337 3240 4583 46142 9440
p 2 288 3141 4731 41747 8359
p 2 379 2663 5118 41592 8363
p 2 200 2754 5206 34627 7358
p 2 196 2500 5464 34206 7078
p 2 206 2769 5185 30652 6946
p 2 260 2194 5706 30008 6620
p 2 190 2245 5725 27260 6093
p 2 241 1917 6002 24456 6039
p 2 130 1960 6070 17573 5002
p 2 220 1986 5954 21017 5651
p 2 101 1788 6271 18318 4437
p 2 127 1535 6498 15360 4137
p 2 111 1370 6679 11348 3637
p 2 126 1095 6939 8007 3365
i 2 8160 0 0 112483 29129
p 2 0 812 7348 2216 1913
p 2 5 1535 6620 15398 3547
p 2 0 876 7284 2540 1998
p 2 17 1285 6858 14999 3325
p 2 0 765 7395 2458 1915
p 2 11 1260 6889 14940 3264
p 2 0 764 7396 2399 1897
p 2 0 1196 6964 15058 3186
p 2 0 763 7397 2446 1910
p 2 0 420 7740 1696 1516
p 2 0 292 7868 1508 1393
p 2 0 246 7914 1391 1327
p 2 0 173 7987 1334 1274
p 2 0 128 8032 1250 1219
p 2 0 121 8039 1276 1218
p 2 0 96 8064 1217 1191
p 2 0 86 8074 1259 1188
p 2 0 78 8082 1208 1171
p 2 0 45 8115 1177 1149
p 2 0 43 8117 1153 1141
p 2 0 18 8142 1126 1121
p 2 0 13 8147 1120 1115
p 2 0 10 8150 1117 1114
p 2 0 12 8148 1120 1114
p 2 0 13 8147 1118 1114
p 2 0 10 8150 1123 1114
p 2 0 8 8152 1113 1110
p 2 0 1 8159 1103 1103
i 2 8160 0 0 124172 30443
p 2 35 6884 1241 30129 11600
p 2 101 7582 477 63046 12680
p 2 13 7197 950 25184 10548
p 2 90 7605 465 58944 12102
p 2 4 7243 913 24536 10338
p 2 149 7560 451 67783 12514
p 2 9 7154 997 24175 10179
p 2 99 7572 489 65130 12241
p 2 17 7177 966 24330 10608
p 2 100 7579 481 58354 12066
p 2 13 7216 931 22507 9861
p 2 122 7624 414 64874 12405
p 2 9 7255 896 22762 10130
p 2 95 7625 440 59511 11983
p 2 11 7253 896 22821 10136
p 2 86 7645 429 58208 11927
p 2 24 7195 941 23087 9894
p 2 155 7559 446 67293 12389
p 2 7 7189 964 22475 10038
p 2 91 7627 442 63857 12133
p 2 8 7244 908 23751 10339
p 2 85 7614 461 57939 12037
p 2 17 7219 924 23941 10307
p 2 119 7639 402 65077 12313
p 2 10 7266 884 23054 10137
p 2 88 7624 448 60753 12032
p 2 6 7298 856 25170 10508
p 2 79 7612 469 59107 11968
p 2 11 7185 964 24637 10428
p 2 147 7560 453 68874 12487
p 2 9 7205 946 24450 10343
p 2 88 7597 475 66643 12343
p 2 6 7226 928 24857 10399
p 2 84 7592 484 60191 12108
p 2 570 7587 3 79315 20924
p 2 495 7664 1 112777 22023
p 2 350 7798 12 79460 20455
p 2 503 7656 1 105829 21723
p 2 367 7780 13 78245 20637
p 2 380 7779 1 99143 21157
p 2 417 7738 5 76904 20597
p 2 558 7601 1 101297 21812
p 2 382 7767 11 71442 20371
p 2 449 7711 0 94390 21519
p 2 422 7736 2 74122 21088
p 2 423 7737 0 88482 22033
p 2 351 7809 0 75517 21727
p 2 370 7790 0 90354 22151
p 2 433 7727 0 83356 22722
p 2 711 7449 0 108700 25143
p 2 411 7749 0 100947 23975
p 2 618 7542 0 124376 25714
p 2 478 7682 0 136497 25144
p 2 108 8052 0 70205 16097
p 2 47 8113 0 60825 15178
p 2 107 8053 0 63341 14874
p 2 51 8108 1 59594 14998
p 2 99 8061 0 62306 14731
p 2 51 8107 2 60987 15161
p 2 84 8075 1 65287 14866
p 2 46 8114 0 60159 14932
p 2 82 8076 2 66915 14960
p 2 48 8112 0 62669 15329
p 2 108 8050 2 66343 14863
p 2 64 8096 0 60617 15000
p 2 109 8050 1 68954 14943
p 2 50 8109 1 63540 15108
p 2 66 8091 3 65685 14509
p 2 51 8109 0 62359 14927
p 2 77 8082 1 65534 14619
p 2 50 8107 3 65128 15216
p 2 75 8084 1 68025 14641
p 2 55 8105 0 63565 14995
p 2 96 8064 0 69833 14930
p 2 62 8097 1 70255 15438
p 2 83 8075 2 70559 14756
p 2 51 8107 2 66520 15154
p 2 106 8053 1 73609 15064
p 2 66 8092 2 70246 15448
p 2 75 8084 1 70194 14679
p 2 61 8098 1 67867 15275
p 2 60 8100 0 70957 14753
p 2 44 8116 0 72988 15615
p 2 365 7795 0 140048 21664
p 2 347 7813 0 153022 22218
p 2 502 7658 0 178747 23894
p 2 516 7644 0 191668 24478
p 2 826 7334 0 215910 26618
p 2 973 7187 0 229487 27493
p 2 1387 6773 0 252046 29627
p 2 1408 6752 0 263040 29726
p 2 1750 6410 0 279344 30755
p 2 1659 6501 0 283134 30123
p 2 1688 6472 0 293335 30252
p 2 1401 6759 0 277128 28719
p 2 1412 6748 0 271552 27929
p 2 1233 6927 0 247757 26161
p 2 1099 7061 0 256785 25461
p 2 924 7236 0 244988 24622
p 2 885 7275 0 242320 24502
p 2 769 7391 0 230079 24492
p 2 792 7368 0 242787 24813
p 2 749 7411 0 234432 24572
p 2 692 7467 1 219793 23975
p 2 679 7481 0 237725 24451
p 2 661 7499 0 225892 24129
p 2 600 7560 0 218048 23756
p 2 521 7639 0 229719 23817
p 2 549 7611 0 226946 23839
p 2 568 7591 1 216542 22779
p 2 493 7667 0 218373 23198
p 2 438 7722 0 232896 23582
p 2 390 7769 1 223899 23237
p 2 364 7796 0 221964 22964
p 2 309 7851 0 237480 23345
p 2 305 7855 0 223439 22658
p 2 311 7849 0 224268 23019
p 2 321 7839 0 213317 22447
p 2 342 7818 0 225757 21885
p 2 375 7784 1 213965 22375
p 2 338 7822 0 223644 22865
p 2 319 7841 0 207438 21288
p 2 242 7918 0 210158 22006
p 2 205 7955 0 222035 22329
p 2 151 8009 0 210196 21945
p 2 230 7930 0 200491 21946
p 2 162 7996 2 218660 22188
p 2 171 7989 0 201524 22015
p 2 205 7955 0 202982 22094
p 2 205 7954 1 210247 22356
i 2 8160 0 0 144268 29989
p 2 0 646 7514 2075 1750
p 2 0 465 7695 1687 1561
p 2 0 284 7876 1433 1369
p 2 0 214 7946 1438 1316
p 2 0 125 8035 1264 1222
p 2 0 111 8049 1243 1209
p 2 0 82 8078 1300 1188
p 2 0 87 8073 1247 1184
p 2 0 58 8102 1224 1162
p 2 0 48 8112 1159 1144
p 2 0 19 8141 1122 1121
p 2 0 30 8130 1131 1128
p 2 0 16 8144 1124 1120
p 2 0 21 8139 1125 1121
p 2 0 13 8147 1126 1115
p 2 0 14 8146 1117 1114
p 2 0 4 8156 1113 1108
p 2 1821 770 5569 50138 10134
p 2 0 679 7481 2516 1792
p 2 300 464 7396 16170 3567
p 2 0 386 7774 1912 1515
p 2 410 207 7543 17410 3644
p 2 0 343 7817 1750 1480
p 2 0 257 7903 1528 1366
p 2 0 105 8055 1271 1211
p 2 0 175 7985 1506 1282
p 2 0 94 8066 1357 1207
p 2 366 253 7541 18568 3462
p 2 0 314 7846 1720 1425
p 2 411 168 7581 13847 3440
p 2 0 316 7844 1656 1436
p 2 305 278 7577 15553 3383
p 2 0 288 7872 1653 1416
p 2 408 155 7597 17191 3583
p 2 0 347 7813 1774 1488
p 2 369 212 7579 18407 3397
p 2 0 295 7865 1688 1403
p 2 0 179 7981 1432 1287
p 2 0 104 8056 1227 1200
p 2 0 79 8081 1206 1177
p 2 0 65 8095 1223 1165
p 2 0 51 8109 1183 1149
p 2 0 25 8135 1144 1126
p 2 0 22 8138 1145 1123
p 2 0 15 8145 1129 1116
p 2 0 50 8110 1218 1150
p 2 0 14 8146 1129 1117
p 2 0 17 8143 1135 1119
p 2 0 6 8154 1112 1108
p 2 0 1 8159 1104 1104
p 2 0 2 8158 1105 1104
p 2 0 3 8157 1106 1106
p 2 0 3 8157 1109 1106
i 2 8160 0 0 233848 34179
p 2 3221 4937 2 270294 33091
p 2 2690 5470 0 273936 31889
p 2 2643 5517 0 273294 31256
p 2 2639 5521 0 279276 31242
p 2 2549 5611 0 277184 30985
p 2 2457 5702 1 279868 30531
p 2 2445 5715 0 275496 30075
p 2 2467 5693 0 275373 30002
p 2 2418 5742 0 271507 29783
p 2 2350 5810 0 274996 30023
p 2 2248 5912 0 268370 29612
p 2 2070 6090 0 264756 29305
p 2 2051 6109 0 258298 29214
p 2 1950 6210 0 261277 29017
p 2 1821 6339 0 256203 28600
p 2 1837 6323 0 259752 28785
p 2 1823 6337 0 259035 28673
p 2 1732 6427 1 267290 28588
p 2 1499 6661 0 266295 28166
p 2 1489 6670 1 263572 28016
p 2 1575 6585 0 268330 28171
p 2 1658 6500 2 260639 27835
p 2 1503 6657 0 260707 27362
p 2 1564 6593 3 255775 27428
p 2 1356 6804 0 262963 27362
p 2 1377 6782 1 249120 26918
p 2 1240 6919 1 247700 26666
p 2 1231 6929 0 242781 26491
p 2 1248 6912 0 248288 26813
p 2 1204 6956 0 242426 26676
p 2 1143 7016 1 243224 26636
p 2 1035 7125 0 244848 26157
p 2 915 7245 0 247340 26008
p 2 833 7327 0 243214 25418
p 2 762 7398 0 255964 25714
p 2 862 7298 0 247984 25431
p 2 996 7164 0 252347 25789
p 2 1101 7058 1 247002 25632
p 2 960 7200 0 254920 25815
p 2 878 7282 0 247822 25424
p 2 866 7294 0 248195 25713
p 2 933 7227 0 242776 25504
p 2 915 7243 2 249374 25839
p 2 925 7235 0 241863 25748
p 2 934 7226 0 243079 25734
p 2 1013 7147 0 247967 26110
p 2 910 7250 0 247444 25977
p 2 815 7343 2 251540 26136
p 2 821 7339 0 252018 26628
p 2 827 7333 0 245468 26870
p 2 961 7199 0 237016 27482
p 2 1128 7032 0 230363 28220
p 2 1042 7118 0 213739 28041
p 2 2968 5192 0 197757 31977
p 2 2614 5546 0 171587 30415
p 2 2445 5715 0 174235 30736
p 2 2590 5570 0 149685 30164
p 2 1957 6203 0 156235 29467
p 2 2465 5695 0 139657 30086
p 2 1779 6381 0 148367 28293
p 2 1522 6619 19 132838 27855
p 2 847 7272 41 128682 24130
p 2 1758 6376 26 136469 28442
p 2 799 7322 39 134346 24427
p 2 1710 6438 12 137613 28366
p 2 524 7447 189 135729 23374
p 2 1537 6222 401 138862 27212
p 2 592 7359 209 144207 24347
p 2 1548 6219 393 138853 27027
p 2 660 7315 185 152957 25200
p 2 1601 6171 388 140157 27445
p 2 822 7170 168 170628 25724
p 2 1729 6115 316 158216 28187
p 2 766 7219 175 152659 25548
p 2 1477 6336 347 151645 27491
p 2 705 7275 180 165285 25636
p 2 1836 5990 334 163577 28537
p 2 1188 6810 162 183120 27603
p 2 1623 6158 379 150170 27590
p 2 802 7174 184 150939 25763
p 2 1502 6282 376 151824 27470
p 2 773 7203 184 153629 25955
p 2 1715 6102 343 143155 27743
p 2 658 7334 168 149097 25169
p 2 1754 6085 321 155505 28291
p 2 691 7300 169 152625 25874
p 2 1657 6148 355 143955 27733
p 2 822 7167 171 160625 25845
p 2 1616 6198 346 146177 27507
p 2 712 7285 163 160018 25981
p 2 1579 6211 370 142325 27587
p 2 656 7312 192 149267 25108
p 2 1703 6104 353 160512 28312
p 2 950 7035 175 150339 26413
p 2 1421 6410 329 154632 27621
p 2 831 7172 157 157987 26265
p 2 1722 6106 332 145353 28070
p 2 786 7200 174 155438 25519
p 2 1981 5847 332 140435 28452
p 2 627 7356 177 143734 24676
p 2 1607 6204 349 149646 27971
p 2 949 7046 165 161285 26731
p 2 1691 6092 377 154548 28229
p 2 832 7137 191 155219 26305
p 2 1685 6083 392 144608 27546
p 2 706 7270 184 148095 25386
p 2 1812 5994 354 148287 28131
p 2 696 7305 159 148210 25463
p 2 1788 6055 317 154560 28457
p 2 814 7179 167 156056 26235
p 2 2228 5604 328 149987 28821
p 2 804 7168 188 151236 25538
i 2 8160 0 0 105859 28621
p 2 0 1671 6489 3281 2717
p 2 1059 1137 5964 28824 7471
p 2 0 1410 6750 3073 2480
p 2 400 1517 6243 21611 5685
p 2 0 1096 7064 2793 2210
p 2 862 756 6542 27563 6763
p 2 0 911 7249 2504 2059
p 2 1183 340 6637 32159 7254
p 2 0 1005 7155 2710 2157
p 2 1058 470 6632 27974 6828
p 2 0 1026 7134 2670 2141
p 2 397 1056 6707 21031 5272
p 2 0 992 7168 2725 2145
p 2 866 554 6740 27377 6615
p 2 0 868 7292 2407 2008
i 2 8160 0 0 105915 28619
p 2 0 1711 6449 3358 2765
p 2 1060 1145 5955 28843 7460
p 2 0 1404 6756 3020 2473
p 2 396 1517 6247 21597 5679
p 2 0 1091 7069 2768 2203
p 2 866 753 6541 27549 6777
p 2 0 939 7221 2540 2078
p 2 1185 330 6645 32110 7247
p 2 0 971 7189 2699 2125
p 2 1062 390 6708 27969 6788
p 2 0 1014 7146 2608 2120
p 2 399 1032 6729 21087 5284
p 2 0 980 7180 2678 2120
p 2 865 546 6749 27369 6609
p 2 0 863 7297 2466 2007
i 2 8160 0 0 105898 28620
p 2 0 1702 6458 3366 2769
p 2 1062 1147 5951 28935 7470
p 2 0 1417 6743 3041 2478
p 2 395 1504 6261 21629 5672
p 2 0 1105 7055 2902 2240
p 2 862 730 6568 27619 6750
p 2 0 965 7195 2563 2096
p 2 1184 324 6652 32181 7232
p 2 0 953 7207 2682 2113
p 2 1061 413 6686 28027 6806
p 2 0 987 7173 2582 2094
p 2 397 1023 6740 21223 5224
p 2 0 972 7188 2807 2134
p 2 866 534 6760 27178 6595
p 2 0 847 7313 2365 1970
i 2 8160 0 0 105841 28620
p 2 0 1707 6453 3390 2769
p 2 1057 1123 5980 29125 7448
p 2 0 1391 6769 3044 2473
p 2 402 1476 6282 21465 5659
p 2 2212 5948 0 72328 19109
p 2 2537 5623 0 84672 21070
p 2 1742 6393 25 74369 18636
p 2 3406 4754 0 87866 23296
p 2 1884 6276 0 75494 18954
p 2 2582 5578 0 75417 20045
p 2 2480 5533 147 70421 20598
p 2 2521 5639 0 77833 20462
p 2 2594 5566 0 69255 21360
p 2 2533 5627 0 65096 20242
p 2 2062 6094 4 66777 20944
p 2 2043 6117 0 61674 19728
p 2 4885 3275 0 37615 23908
p 2 0 1890 6270 3942 3875
p 2 0 1428 6732 3136 3105
p 2 0 1198 6962 2547 2539
p 2 0 936 7224 2075 2064
p 2 0 898 7262 1992 1987
i 2 8160 0 0 175489 32924
p 2 0 4750 3410 7537 6045
p 2 94 4830 3236 43753 7140
p 2 0 2387 5773 4478 3493
p 2 86 2580 5494 42285 4915
p 2 0 1273 6887 3466 2400
p 2 75 1607 6478 43065 3964
p 2 0 1119 7041 3210 2227
p 2 121 1042 6997 45442 3770
p 2 0 935 7225 3171 2085
p 2 111 1180 6869 46764 3841
p 2 0 1044 7116 3414 2201
p 2 140 958 7062 36008 3607
p 2 0 779 7381 2628 1922
p 2 107 732 7321 40163 3241
p 2 0 616 7544 2477 1752
p 2 103 786 7271 40119 3341
p 2 0 629 7531 2483 1775
p 2 121 662 7377 42681 3302
p 2 0 526 7634 2429 1667
p 2 115 691 7354 37231 3284
p 2 0 573 7587 2350 1716
p 2 109 604 7447 45117 3184
p 2 0 493 7667 2361 1623
p 2 123 874 7163 46141 3630
p 2 0 796 7364 2820 1948
p 2 106 796 7258 46143 3447
p 2 0 680 7480 2743 1822
p 2 140 669 7351 35394 3340
p 2 0 595 7565 2334 1730
p 2 112 646 7402 39792 3166
p 2 0 460 7700 2222 1604
p 2 102 688 7370 39937 3225
p 2 0 597 7563 2439 1736
p 2 115 639 7406 42993 3234
p 2 0 552 7608 2507 1690
p 2 118 651 7391 36668 3240
p 2 0 600 7560 2335 1724
p 2 106 583 7471 45594 3137
p 2 0 512 7648 2386 1642
p 2 123 662 7375 45535 3415
p 2 0 542 7618 2476 1697
p 2 111 582 7467 45695 3273
p 2 0 506 7654 2441 1660
p 2 140 519 7501 35167 3183
p 2 0 503 7657 2229 1647
p 2 106 528 7526 39856 3031
p 2 0 401 7759 2243 1550
p 2 97 673 7390 40136 3193
p 2 0 694 7466 2669 1834
p 2 113 661 7386 43023 3266
p 2 0 571 7589 2511 1721
p 2 114 686 7360 36913 3262
p 2 0 598 7562 2420 1734
p 2 110 608 7442 45086 3189
p 2 0 493 7667 2315 1626
p 2 126 691 7343 45337 3460
p 2 0 619 7541 2518 1758
p 2 109 670 7381 46032 3361
p 2 0 608 7552 2566 1751
p 2 137 564 7459 35461 3202
p 2 0 503 7657 2223 1641
p 2 110 543 7507 39483 3074
p 2 0 420 7740 2154 1551
p 2 141 536 7483 37346 3255
p 2 0 502 7658 2226 1641
p 2 184 555 7421 43766 3555
p 2 0 486 7674 2246 1631
p 2 15 452 7693 7449 1769
p 2 0 338 7822 1692 1452
p 2 20 601 7539 8743 1964
p 2 0 585 7575 1923 1690
p 2 19 516 7625 11227 1872
p 2 0 634 7526 2337 1737
p 2 7 817 7336 7737 2071
p 2 0 493 7667 1929 1601
p 2 8 426 7726 6227 1680
p 2 0 263 7897 1516 1370
p 2 14 192 7954 6977 1502
p 2 0 160 8000 1432 1266
p 2 20 292 7848 8137 1651
p 2 0 246 7914 1550 1365
p 2 20 203 7937 10399 1564
p 2 0 168 7992 1546 1279
p 2 18 213 7929 6366 1524
p 2 0 134 8026 1360 1244
p 2 7 130 8023 6570 1386
p 2 0 108 8052 1346 1217
p 2 7 134 8019 6557 1394
p 2 0 120 8040 1363 1230
p 2 23 145 7992 7640 1520
p 2 0 135 8025 1358 1244
p 2 20 119 8021 10319 1480
p 2 0 88 8072 1341 1196
p 2 18 118 8024 6248 1441
p 2 0 123 8037 1371 1235
p 2 7 132 8021 6606 1386
p 2 0 117 8043 1330 1227
p 2 5 119 8036 6557 1379
p 2 0 94 8066 1347 1205
p 2 21 126 8013 7797 1495
p 2 0 119 8041 1368 1228
p 2 424 420 7316 46351 4793
p 2 0 481 7679 2103 1626
p 2 409 663 7088 43016 4880
p 2 0 615 7545 2259 1769
p 2 454 767 6939 50490 5344
p 2 0 649 7511 2306 1794
p 2 487 797 6876 45947 5500
p 2 0 685 7475 2305 1843
p 2 504 849 6807 49104 5729
p 2 0 694 7466 2424 1865
p 2 447 828 6885 40447 5237
p 2 0 746 7414 2382 1910
p 2 418 912 6830 44119 5316
p 2 0 714 7446 2378 1885
p 2 422 855 6883 44092 5135
p 2 0 719 7441 2474 1872
p 2 403 800 6957 46560 5048
p 2 0 675 7485 2271 1814
p 2 406 919 6835 43284 5109
p 2 0 751 7409 2399 1894
p 2 454 872 6834 50284 5426
p 2 0 700 7460 2428 1845
p 2 487 797 6876 45809 5502
p 2 0 709 7451 2362 1867
p 2 501 821 6838 48981 5702
p 2 0 687 7473 2387 1856
p 2 449 817 6894 40504 5250
p 2 0 681 7479 2371 1857
p 2 418 904 6838 44263 5313
p 2 0 702 7458 2395 1865
p 2 422 843 6895 44028 5122
p 2 0 734 7426 2332 1882
p 2 400 830 6930 46681 5085
p 2 85 1193 6882 36500 3713
p 2 406 1214 6540 43979 5401
p 2 0 917 7243 2679 2053
p 2 517 1604 6039 91951 7733
p 2 0 1293 6867 3904 2488
p 2 486 1076 6598 46422 5790
p 2 89 1668 6403 56629 4825
p 2 502 1538 6120 50891 6494
p 2 0 1068 7092 3178 2247
p 2 616 2208 5336 82514 8675
p 2 0 1801 6359 4501 3039
p 2 237 1414 6509 29532 4347
p 2 138 1892 6130 53621 5029
p 2 212 1940 6008 28529 4699
p 2 0 1219 6941 2989 2335
p 2 319 1494 6347 76254 6044
p 2 0 1186 6974 3511 2326
p 2 218 753 7189 23495 3393
p 2 130 1263 6767 57265 4422
p 2 154 1147 6859 23745 3546
p 2 0 707 7453 2433 1821
p 2 293 1307 6560 81760 5817
p 2 0 1022 7138 3465 2183
p 2 180 571 7409 23220 3014
p 2 173 1040 6947 52025 4310
p 2 229 1225 6706 23734 3977
p 2 0 766 7394 2395 1908
p 2 316 1130 6714 59400 5369
p 2 0 897 7263 2966 2056
p 2 165 553 7442 21290 3009
p 2 94 799 7267 29599 3215
p 2 169 915 7076 19608 3317
p 2 0 846 7314 2738 1985
p 2 295 1225 6640 46672 5002
p 2 0 980 7180 2843 2132
p 2 209 786 7165 25681 3474
p 2 69 968 7123 23460 3083
p 2 186 1147 6827 26110 3749
p 2 0 808 7352 2419 1935
p 2 240 901 7019 42929 4300
p 2 0 684 7476 2512 1846
p 2 165 634 7361 25107 3138
p 2 56 668 7436 13556 2471
p 2 321 747 7092 33315 4224
p 2 0 676 7484 2326 1827
p 2 68 658 7434 9062 2427
p 2 88 562 7510 4491 2342
p 2 204 688 7268 8491 3351
p 2 413 765 6982 18120 4846
p 2 769 845 6546 22262 6563
p 2 1107 900 6153 29505 8337
p 2 735 1254 6171 40561 7552
p 2 0 1130 7030 3116 2513
p 2 135 965 7060 21984 3284
p 2 2 801 7357 3034 1942
p 2 1017 909 6234 30781 7251
p 2 69 1464 6627 5813 3255
p 2 157 1484 6519 16763 4196
p 2 306 1230 6624 15651 4803
p 2 500 1224 6436 20699 5924
p 2 723 1305 6132 33278 7648
p 2 500 1444 6216 41326 6640
p 2 0 1068 7092 3170 2429
p 2 172 1104 6884 35761 3855
p 2 0 900 7260 2694 2083
p 2 883 608 6669 26358 6206
p 2 71 1304 6785 14377 3397
p 2 144 1136 6880 9773 3538
p 2 267 1050 6843 15952 4363
p 2 429 1288 6443 29600 6028
p 2 611 1231 6318 28508 6933
p 2 477 1238 6445 39271 6251
p 2 32 1191 6937 16551 3108
p 2 202 1085 6873 38697 4144
p 2 0 814 7346 2707 1990
p 2 858 863 6439 26269 6505
p 2 44 1298 6818 5302 2923
p 2 120 1025 7015 7324 3186
p 2 288 1277 6595 44837 5502
p 2 341 1303 6516 16265 5025
p 2 546 999 6615 19833 5681
p 2 568 1610 5982 51962 7181
p 2 0 1400 6760 3966 2670
p 2 286 1121 6753 27681 4329
p 2 38 1516 6606 35893 3831
p 2 658 1207 6295 21367 5668
p 2 69 1346 6745 7461 3006
p 2 356 1472 6332 47988 5860
p 2 362 1271 6527 22506 5135
p 2 622 1152 6386 28042 6462
p 2 1056 1431 5673 61918 9752
p 2 742 1678 5740 43777 7791
p 2 0 1401 6759 3894 2743
p 2 230 1471 6459 58695 5135
p 2 0 1034 7126 3083 2177
p 2 1133 676 6351 25640 7272
p 2 98 1734 6328 29047 4351
p 2 185 1580 6395 9806 4250
p 2 364 1120 6676 14678 4871
p 2 666 1400 6094 41338 7418
p 2 957 1261 5942 28593 8263
p 2 507 1464 6189 45076 6964
p 2 55 1424 6681 24584 3674
p 2 184 1163 6813 35818 3984
p 2 0 885 7275 2690 2030
p 2 834 1219 6107 35476 7206
p 2 45 1598 6517 5801 3249
p 2 117 1262 6781 7784 3396
p 2 260 1193 6707 23828 4680
p 2 355 5782 2023 30978 10359
p 2 528 3595 4037 24066 8332
p 2 507 2541 5112 36730 7373
p 2 0 1918 6242 4053 3141
p 2 0 1140 7020 2605 2250
p 2 22 912 7226 8270 2340
p 2 675 722 6763 12235 5027
p 2 0 1030 7130 2497 2176
p 2 15 1008 7137 7253 2380
p 2 0 595 7565 1868 1699
p 2 0 496 7664 1669 1584
p 2 9 330 7821 3839 1589
p 2 0 286 7874 1504 1390
p 2 17 6801 1342 37841 12457
p 2 520 5436 2204 65099 12494
p 2 260 6160 1740 24990 11163
p 2 229 5023 2908 24887 9763
p 2 211 6064 1885 64410 12174
p 2 88 4747 3325 24482 9182
p 2 1303 5749 1108 47855 17994
p 2 3193 3881 1086 82105 20920
p 2 3006 4157 997 49879 20198
p 2 2956 3717 1487 52664 19856
p 2 2844 4103 1213 54435 20375
p 2 2431 3778 1951 58767 19577
p 2 2043 5387 730 68985 21719
p 2 1217 5458 1485 72747 19498
p 2 0 6535 1625 18264 10218
p 2 0 5445 2715 17668 7496
p 2 2 5386 2772 16196 7615
p 2 0 5580 2580 19956 7953
p 2 0 5779 2381 13021 7961
p 2 0 5087 3073 16425 7368
p 2 0 5573 2587 16171 8135
p 2 0 5076 3084 16922 7404
p 2 0 5081 3079 13562 7385
p 2 0 4407 3753 14935 6572
p 2 0 4903 3257 12664 7075
p 2 1 4182 3977 9771 5788
p 2 0 4132 4028 8402 5621
p 2 0 3395 4765 8070 4894
p 2 1 4028 4131 9979 5694
p 2 0 4222 3938 10079 5845
p 2 0 4210 3950 9258 5749
p 2 0 3956 4204 10134 5588
p 2 0 4466 3694 11645 6254
p 2 0 4124 4036 9585 5696
p 2 0 3695 4465 9296 5271
p 2 0 3267 4893 8241 4807
p 2 0 3523 4637 8290 5087
p 2 0 2687 5473 6542 4035
p 2 0 3171 4989 6511 4498
p 2 0 2743 5417 6673 4095
p 2 1 2929 5230 7322 4394
p 2 0 3152 5008 7487 4568
p 2 0 3013 5147 7182 4458
p 2 0 2945 5215 7679 4399
p 2 0 3011 5149 7747 4535
p 2 0 3308 4852 8523 4835
p 2 0 2905 5255 7490 4396
p 2 0 3075 5085 8171 4596
p 2 0 3145 5015 8744 4778
p 2 0 3385 4775 9408 5009
p 2 0 2986 5174 7746 4533
p 2 0 3123 5037 8424 4683
p 2 0 3217 4943 9266 4871
p 2 0 3105 5055 7340 4593
p 2 0 3086 5074 8174 4624
p 2 1 2832 5327 6362 4211
p 2 0 2937 5223 6854 4341
p 2 0 2921 5239 6617 4299
p 2 1 2725 5434 6443 4047
p 2 0 2672 5488 6641 4062
p 2 0 2774 5386 7150 4194
p 2 0 3016 5144 7967 4502
p 2 0 2798 5362 6988 4223
p 2 0 2783 5377 7397 4262
p 2 0 2932 5228 8457 4490
p 2 0 3033 5127 8269 4562
p 2 0 2873 5287 7523 4379
p 2 1 2857 5302 8177 4416
p 2 0 3088 5072 8862 4708
p 2 0 3007 5153 9043 4647
p 2 1 2755 5404 6316 4123
p 2 0 2801 5359 8703 4422
p 2 0 3195 4965 7203 4623
p 2 0 2769 5391 7147 4134
p 2 0 2831 5329 6064 4102
p 2 0 2506 5654 5906 3801
p 2 0 2586 5574 6572 3964
p 2 0 2664 5496 6641 4038
p 2 0 2701 5459 6881 4102
p 2 0 2613 5547 6639 4007
p 2 0 2568 5592 6924 4022
p 2 0 2803 5357 7242 4263
p 2 0 2838 5322 7633 4347
p 2 0 2748 5412 7054 4165
p 2 0 2647 5513 7476 4165
p 2 0 2901 5259 8123 4440
p 2 0 2834 5326 8216 4416
p 2 1 2613 5546 6759 4066
p 2 0 2748 5412 7686 4271
p 2 0 2854 5306 7688 4385
i 2 8160 0 0 34777 24769
p 2 0 6775 1385 12756 8001
p 2 2 7434 724 11126 7666
p 2 2 7300 858 15357 8315
p 2 1 7980 179 17800 9487
p 2 0 7874 286 19456 9558
p 2 3 8019 138 22603 10661
p 2 0 7935 225 22948 10491
p 2 2 8067 91 23562 11002
p 2 0 8043 117 28133 11169
p 2 1 8119 40 27948 11672
p 2 0 8096 64 31795 11442
p 2 0 8140 20 32136 12115
p 2 0 8132 28 33474 11777
p 2 0 8142 18 34721 12576
p 2 1 8148 11 34495 11963
p 2 2 8147 11 34903 12698
p 2 62 8097 1 33624 12111
p 2 47 8111 2 35795 12901
p 2 31 8129 0 35899 12406
p 2 64 8094 2 35850 12824
p 2 125 8035 0 39791 12991
p 2 119 8041 0 40709 12930
p 2 131 8029 0 44397 12928
p 2 107 8053 0 44169 13336
p 2 134 8026 0 45947 13346
p 2 154 8006 0 48646 13604
p 2 146 8014 0 54715 13548
p 2 181 7979 0 65128 14497
p 2 257 7903 0 74787 14685
p 2 222 7938 0 87339 15399
p 2 332 7828 0 92657 15784
p 2 301 7859 0 108904 16358
p 2 354 7806 0 124945 16559
p 2 391 7769 0 137668 17218
p 2 444 7716 0 157499 18666
p 2 520 7640 0 157279 18357
p 2 333 7820 7 204625 19834
p 2 344 7789 27 207749 19793
p 2 478 7664 18 220292 19999
i 2 8160 0 0 423532 49069
p 2 4269 3800 91 523631 40669
p 2 3645 4407 108 525244 38784
p 2 2793 5226 141 482353 35376
p 2 1020 6968 172 309818 25263
p 2 163 7741 256 149592 17830
p 2 134 7617 409 184872 17376
p 2 2 7618 540 119562 14305
p 2 37 5924 2199 105560 11390
p 2 0 4223 3937 14927 6279
p 2 78 4144 3938 103983 9190
p 2 0 2993 5167 10583 4578
p 2 1351 3081 3728 164554 15014
p 2 1026 3006 4128 165521 13741
p 2 0 2103 6057 7861 3687
p 2 2730 5011 419 243723 23490
p 2 0 5509 2651 21291 7233
p 2 55 5902 2203 82718 10196
p 2 0 5593 2567 44888 8329
p 2 67 6261 1832 94764 11257
p 2 0 5897 2263 63039 9426
p 2 0 6103 2057 67797 9856
p 2 0 6187 1973 69298 9987
i 2 8160 0 0 303019 39265
p 2 0 4073 4087 12838 5591
p 2 0 4200 3960 14631 5701
p 2 3134 4504 522 231503 22961
p 2 0 4757 3403 13175 6077
p 2 0 2176 5984 6070 3312
p 2 0 2169 5991 5546 3262
p 2 0 1088 7072 3070 2165
p 2 0 967 7193 2767 2027
p 2 0 638 7522 2296 1716
p 2 0 544 7616 2602 1651
p 2 0 357 7803 2063 1471
p 2 0 395 7765 1752 1468
p 2 0 252 7908 1528 1344
p 2 0 225 7935 1537 1310
p 2 0 143 8017 1322 1233
p 2 0 139 8021 1374 1240
p 2 0 140 8020 1309 1233
p 2 0 87 8073 1234 1184
p 2 0 80 8080 1230 1175
i 2 8160 0 0 38279 23973
p 2 1532 6622 6 100302 23217
p 2 1518 6641 1 114852 24169
p 2 1181 6978 1 128689 24901
p 2 1250 6901 9 144482 25571
p 2 938 7210 12 144644 24571
p 2 877 7271 12 142863 23095
p 2 1168 6975 17 142707 23440
p 2 1079 7074 7 149331 23534
p 2 990 7150 20 149332 23471
p 2 1063 7077 20 145953 23234
p 2 1065 7076 19 149476 23631
p 2 1011 7138 11 146227 23606
p 2 1030 7116 14 141842 23348
p 2 1115 7033 12 151061 23896
p 2 1212 6931 17 143941 23754
p 2 1111 7032 17 147168 23999
p 2 1058 7089 13 134788 23680
p 2 1360 6791 9 152318 25108
p 2 1039 7108 13 138387 24074
p 2 1121 7026 13 152148 24150
p 2 1214 6928 18 145821 24439
p 2 1266 6880 14 137610 23486
p 2 940 7204 16 133198 23398
p 2 1001 7140 19 142536 23469
p 2 1125 7017 18 127572 23142
p 2 1124 7019 17 143017 23760
i 2 8160 0 0 225087 34393
p 2 33 5721 2406 49444 9961
p 2 2157 5541 462 165287 21559
p 2 32 5261 2867 51852 9654
p 2 3354 4578 228 172667 25155
p 2 84 5599 2477 56119 10697
p 2 3242 4694 224 194039 25363
p 2 47 5104 3009 50214 9377
p 2 2135 5567 458 162871 21637
p 2 58 6191 1911 56187 11176
p 2 2173 5523 464 167366 21771
p 2 39 5285 2836 48611 9608
p 2 3567 4374 219 171724 25434
p 2 83 5553 2524 58447 10456
p 2 3250 4686 224 194940 25450
p 2 28 5160 2972 48194 9539
p 2 2222 5485 453 163302 21706
p 2 48 6198 1914 52224 10749
p 2 2192 5516 452 164929 21528
p 2 41 5316 2803 57181 9871
i 2 8160 0 0 215067 33674
p 2 102 5297 2761 61243 9952
p 2 3402 4532 226 196276 25392
p 2 33 5053 3074 47875 9100
p 2 2251 5453 456 164503 21817
p 2 81 6142 1937 56774 10983
p 2 2234 5460 466 167205 21555
p 2 63 5188 2909 49938 9500
p 2 3577 4383 200 181591 25802
p 2 112 5513 2535 59192 10149
p 2 3424 4530 206 194682 25266
p 2 56 5044 3060 50795 9268
p 2 2176 5546 438 167115 21914
p 2 76 6184 1900 54369 10787
p 2 2315 5385 460 167305 21508
i 2 8160 0 0 136509 31138
p 2 3962 3937 261 127558 27056
p 2 2991 5025 144 111057 25758
p 2 3809 4288 63 168360 29135
p 2 2539 5524 97 116441 24676
p 2 2813 5168 179 153636 26521
p 2 3213 4803 144 99483 25229
p 2 2508 5457 195 133769 25088
p 2 2034 5944 182 101404 23507
p 2 3812 4245 103 152736 28775
p 2 2395 5627 138 103498 24132
p 2 2867 5084 209 135885 25956
p 2 3097 4929 134 98305 25228
p 2 2173 5819 168 126442 24726
p 2 2087 5955 118 101494 23742
p 2 3606 4489 65 142230 28405
p 2 2862 5196 102 97512 25008
p 2 2718 5302 140 123465 26097
p 2 3546 4509 105 82111 25491
p 2 2075 5965 120 106438 24442
p 2 2714 5339 107 92549 25083
p 2 3460 4635 65 117203 27927
p 2 2979 5111 70 86792 25567
p 2 2679 5357 124 102066 25669
p 2 3574 4501 85 77969 25981
p 2 2184 5855 121 95083 24416
p 2 2889 5188 83 87590 25620
p 2 3339 4762 59 97926 27041
p 2 2773 5320 67 81919 25304
p 2 2967 5097 96 84425 25777
p 2 3061 5039 60 74412 25372
p 2 2158 5941 61 81740 24305
p 2 2984 5147 29 88790 26242
p 2 3308 4842 10 87741 26998
p 2 3136 5021 3 82581 26378
p 2 3061 5086 13 76593 25769
p 2 3095 5063 2 71739 25538
p 2 2493 5661 6 78287 25033
p 2 3187 4971 2 85682 26812
p 2 3582 4575 3 83381 27512
p 2 2880 5278 2 83216 26270
p 2 3054 5106 0 75923 25948
p 2 2320 5839 1 74185 24740
p 2 2677 5481 2 80946 25771
p 2 3171 4989 0 86449 26970
p 2 3447 4710 3 86803 28134
p 2 3199 4961 0 84454 27317
p 2 3352 4806 2 75887 26584
p 2 2106 6053 1 74967 24559
p 2 3094 5066 0 82824 26690
i 2 8160 0 0 200884 31914
p 2 8 2873 5279 9640 4195
p 2 7 2693 5460 8324 3678
p 2 3 1148 7009 6347 2265
p 2 5 1465 6690 7151 2560
p 2 3 843 7314 6021 1973
p 2 3 864 7293 6447 1997
p 2 1 878 7281 6682 2001
p 2 3 938 7219 6814 2077
p 2 4 597 7559 6111 1789
p 2 5 665 7490 6217 1825
p 2 5 646 7509 6152 1807
p 2 1 566 7593 6222 1724
p 2 3 496 7661 6190 1656
p 2 2 368 7790 6200 1546
p 2 5 353 7802 6218 1554
p 2 5 375 7780 6150 1591
p 2 6 313 7841 5762 1513
p 2 3 227 7930 5705 1415
p 2 2 274 7884 5866 1467
p 2 13 215 7932 5891 1466
p 2 0 208 7952 1491 1304
p 2 2 161 7997 5321 1346
p 2 0 153 8007 1409 1249
p 2 1 266 7893 5028 1433
p 2 0 196 7964 1435 1295
p 2 33 295 7832 10445 1732
p 2 0 307 7853 1775 1399
p 2 111 560 7489 30203 2717
p 2 0 335 7825 1790 1433
p 2 153 589 7418 39772 3161
p 2 0 553 7607 2434 1667
p 2 153 838 7169 38084 3415
p 2 0 584 7576 2255 1696
p 2 185 635 7340 34609 3270
p 2 0 596 7564 2436 1709
p 2 174 871 7115 34088 3491
p 2 0 609 7551 2266 1720
p 2 133 834 7193 30789 3213
p 2 0 830 7330 2726 1902
p 2 121 862 7177 31943 3121
p 2 0 582 7578 2218 1676
p 2 169 691 7300 28939 3127
p 2 0 674 7486 2542 1742
p 2 182 710 7268 26874 3161
p 2 0 523 7637 2042 1614
p 2 0 368 7792 1664 1446
p 2 0 329 7831 1688 1414
p 2 0 992 7168 2844 2017
p 2 0 879 7281 2724 1950
p 2 0 759 7401 2404 1813
p 2 0 675 7485 2597 1751
p 2 0 495 7665 1862 1568
p 2 0 315 7845 1825 1411
p 2 0 334 7826 1785 1419
p 2 0 324 7836 1818 1414
p 2 0 295 7865 1554 1373
p 2 0 192 7968 1322 1270
p 2 0 100 8060 1264 1196
p 2 0 99 8061 1266 1192
p 2 0 206 7954 1390 1279
p 2 0 119 8041 1377 1219
p 2 0 129 8031 1282 1216
p 2 0 91 8069 1327 1197
p 2 0 99 8061 1229 1187
p 2 0 71 8089 1271 1175
p 2 0 59 8101 1194 1158
p 2 0 60 8100 1238 1161
p 2 0 101 8059 1281 1197
p 2 0 56 8104 1194 1157
p 2 0 44 8116 1168 1145
p 2 0 31 8129 1153 1133
p 2 0 144 8016 1362 1237
p 2 0 220 7940 1424 1303
p 2 0 140 8020 1315 1228
p 2 0 143 8017 1404 1239
p 2 0 244 7916 1445 1323
p 2 0 143 8017 1275 1230
p 2 0 142 8018 1269 1222
p 2 0 144 8016 1286 1224
p 2 0 73 8087 1198 1167
p 2 0 86 8074 1268 1181
p 2 0 68 8092 1201 1166
p 2 0 48 8112 1160 1145
p 2 0 32 8128 1149 1133
p 2 0 20 8140 1132 1121
p 2 0 32 8128 1152 1135
p 2 0 38 8122 1171 1139
p 2 0 20 8140 1135 1121
p 2 0 52 8108 1164 1147
p 2 0 20 8140 1126 1120
p 2 0 23 8137 1146 1124
p 2 0 20 8140 1140 1123
p 2 0 61 8099 1155 1147
p 2 0 15 8145 1134 1118
p 2 0 54 8106 1153 1142
p 2 0 30 8130 1150 1130
p 2 0 30 8130 1142 1131
p 2 0 32 8128 1148 1132
p 2 0 80 8080 1197 1166
p 2 0 47 8113 1172 1147
p 2 0 94 8066 1227 1179
p 2 0 28 8132 1145 1131
p 2 0 28 8132 1150 1132
p 2 0 16 8144 1124 1119
p 2 0 17 8143 1133 1121
p 2 0 29 8131 1145 1130
p 2 0 31 8129 1146 1131
p 2 17 129 8014 5896 1375
p 2 0 92 8068 1262 1188
p 2 66 168 7926 13557 1806
p 2 0 134 8026 1422 1238
p 2 94 212 7854 21432 2136
p 2 0 144 8016 1495 1250
p 2 161 241 7758 33471 2730
p 2 0 186 7974 1637 1301
p 2 219 332 7609 49872 3356
p 2 0 251 7909 1838 1362
p 2 247 376 7537 53031 3749
p 2 0 320 7840 1987 1450
p 2 281 416 7463 54345 3900
p 2 0 351 7809 2045 1467
p 2 346 494 7320 71657 4682
p 2 0 413 7747 2313 1542
p 2 428 540 7192 85714 5365
i 2 8160 0 0 280101 38278
p 2 318 7030 812 147873 15116
p 2 257 7198 705 157036 15709
p 2 148 7366 646 112995 13990
p 2 153 7373 634 126110 14438
p 2 98 7487 575 106909 13591
p 2 90 7455 615 114673 13784
p 2 97 7514 549 96036 13463
p 2 174 7362 624 122824 14760
p 2 103 7511 546 98690 13585
p 2 134 7452 574 115140 14299
p 2 91 7579 490 91777 13272
p 2 104 7509 547 112585 13899
p 2 88 7577 495 97744 13346
p 2 108 7547 505 109947 13750
p 2 119 7585 456 106961 13602
p 2 144 7593 423 123616 14308
p 2 144 7546 470 111411 13779
p 2 146 7504 510 132700 14280
p 2 125 7579 456 115976 13841
p 2 131 7545 484 113031 13891
p 2 172 7571 417 125774 14553
p 2 104 7636 420 104388 13887
p 2 97 7650 413 103697 13878
p 2 124 7658 378 121266 14149
p 2 92 7663 405 109069 13926
p 2 118 7620 422 104667 14028
p 2 136 7621 403 116325 14346
p 2 112 7622 426 109914 14044
p 2 175 7559 426 106375 13887
p 2 173 7545 442 138763 14978
p 2 103 7634 423 115861 14097
p 2 103 7621 436 111588 13920
p 2 120 7613 427 109437 13789
p 2 128 7612 420 103305 13659
p 2 104 7610 446 116785 13257
p 2 19 4519 3622 29635 6923
p 2 0 2211 5949 5592 3396
p 2 0 1349 6811 3286 2533
p 2 2 1435 6723 8434 2730
p 2 0 1294 6866 4187 2435
p 2 0 882 7278 3390 1996
p 2 59 2521 5580 64103 5866
p 2 135 2426 5599 66418 5995
p 2 53 2776 5331 58507 5909
p 2 163 2888 5109 73188 6836
p 2 33 2859 5268 56559 5870
p 2 148 2342 5670 67980 6022
p 2 45 2908 5207 64724 6246
p 2 159 2686 5315 75614 6600
p 2 0 2843 5317 11550 4216
p 2 0 1392 6768 4249 2502
p 2 0 1186 6974 3832 2267
p 2 0 965 7195 3730 2068
p 2 0 945 7215 3355 2020
p 2 0 357 7803 1705 1440
p 2 0 477 7683 2147 1568
p 2 0 314 7846 2043 1417
p 2 0 367 7793 2235 1461
p 2 0 150 8010 1392 1246
p 2 0 171 7989 1540 1268
p 2 0 194 7966 1486 1284
p 2 0 100 8060 1286 1196
p 2 0 69 8091 1214 1167
p 2 0 43 8117 1181 1146
i 2 8160 0 0 146819 30382
p 2 4 8156 0 32346 11598
p 2 5 8155 0 27988 10718
p 2 0 8160 0 25516 10501
p 2 7 8153 0 30770 11117
p 2 5 8155 0 24723 10185
p 2 7 8153 0 26500 10296
p 2 6 8154 0 28652 10361
p 2 4 8156 0 27116 10516
p 2 5 8155 0 19662 8920
p 2 3 8157 0 23350 9343
p 2 14 8146 0 27507 9950
p 2 20 8140 0 24274 10023
p 2 7 8153 0 23096 9997
p 2 4 8156 0 20208 9696
p 2 3 8157 0 19524 9420
p 2 13 8146 1 26415 10331
p 2 10 8149 1 27897 10526
p 2 3 8150 7 21790 9749
p 2 2 8151 7 21745 9483
p 2 1 8148 11 18556 8757
p 2 2 8140 18 22258 9253
p 2 2 8138 20 22966 9370
p 2 3 8138 19 25652 9610
p 2 5 8140 15 23942 9829
p 2 1 8134 25 22587 9570
p 2 7 8131 22 19484 8928
p 2 5 8129 26 26986 10052
p 2 10 8127 23 24156 9470
p 2 3 8139 18 23041 9528
p 2 1 8129 30 27049 9933
p 2 5 8126 29 20449 9684
p 2 3 8139 18 17153 8751
p 2 3 8136 21 21169 9553
p 2 0 8136 24 21441 9464
p 2 1 8128 31 24941 9874
p 2 2 8136 22 24734 9787
p 2 1 8126 33 19917 9334
p 2 1 8134 25 21025 9237
p 2 1 8131 28 25446 9728
p 2 2 8128 30 22481 9286
p 2 2 8126 32 22244 9342
p 2 0 8126 34 19154 9129
p 2 0 8112 48 19275 8918
p 2 0 8119 41 22861 9578
p 2 0 8098 62 25168 9648
p 2 0 8101 59 26566 9681
p 2 0 8116 44 24927 9664
p 2 7 8106 47 17885 9083
p 2 0 8116 44 27297 9978
p 2 0 8102 58 21138 9384
p 2 0 8113 47 24592 9529
p 2 0 8097 63 21314 9274
p 2 1 8093 66 19629 8945
p 2 0 8090 70 24490 9548
p 2 4 8099 57 23209 9066
p 2 0 8105 55 24494 9238
p 2 1 8086 73 21328 9004
p 2 1 8082 77 23183 8956
p 2 1 8083 76 21323 9155
p 2 0 8084 76 23276 9360
p 2 1 8076 83 24048 9627
p 2 1 8086 73 16379 8580
p 2 0 8064 96 27234 10016
p 2 0 8088 72 21755 9186
p 2 0 8071 89 26641 9833
p 2 0 8092 68 19383 8868
p 2 0 8064 96 25808 9350
p 2 1 8090 69 22024 9071
p 2 2 8087 71 24253 9241
p 2 1 8084 75 16799 8492
p 2 0 8073 87 24354 9231
p 2 1 8079 80 20800 8979
p 2 0 8078 82 21378 9150
p 2 0 8076 84 17783 8678
p 2 0 8079 81 18366 8681
p 2 0 8070 90 22775 9061
i 2 8160 0 0 154728 31002
p 2 0 2535 5625 4390 3705
p 2 0 2720 5440 4985 3741
p 2 0 1055 7105 2245 2121
p 2 1 1000 7159 3086 2086
p 2 0 362 7798 1553 1450
p 2 0 338 7822 2436 1456
p 2 0 241 7919 1566 1337
p 2 1 247 7912 2428 1375
p 2 0 141 8019 1279 1239
p 2 0 106 8054 2171 1227
p 2 0 94 8066 1276 1194
p 2 1 153 8006 2283 1286
p 2 0 106 8054 1247 1205
p 2 0 89 8071 2139 1210
p 2 0 94 8066 1275 1191
p 2 1 129 8030 2220 1256
p 2 0 103 8057 1248 1205
p 2 0 75 8085 2119 1195
p 2 0 54 8106 1209 1153
p 2 1 68 8091 2143 1197
p 2 0 56 8104 1188 1156
p 2 0 63 8097 2091 1184
p 2 0 79 8081 1215 1178
p 2 1 82 8077 2120 1209
p 2 0 182 7978 1331 1277
p 2 0 154 8006 2203 1273
p 2 0 127 8033 1292 1228
p 2 1 166 7993 2242 1289
p 2 0 129 8031 1293 1222
p 2 0 85 8075 2111 1204
p 2 0 58 8102 1192 1158
p 2 1 47 8112 2078 1178
p 2 0 56 8104 1192 1159
p 2 0 69 8091 2090 1188
p 2 0 43 8117 1168 1143
p 2 1 67 8092 2103 1197
p 2 0 38 8122 1172 1141
p 2 0 37 8123 2058 1159
p 2 0 18 8142 1142 1122
p 2 1 36 8123 2055 1168
p 2 0 35 8125 1171 1137
p 2 0 48 8112 2071 1171
p 2 0 43 8117 1172 1146
p 2 1 36 8123 2053 1167
p 2 0 25 8135 1156 1129
p 2 0 38 8122 2063 1159
p 2 0 20 8140 1145 1124
p 2 1 33 8126 2062 1164
p 2 0 19 8141 1143 1123
p 2 0 38 8122 1974 1165
p 2 0 28 8132 1154 1129
p 2 1 28 8131 2048 1158
p 2 0 18 8142 1140 1121
i 2 8160 0 0 122209 29969
p 2 117 7911 132 67169 16017
p 2 88 7930 142 64205 15234
p 2 63 7940 157 59377 14804
p 2 42 7946 172 60308 14575
p 2 40 7958 162 52524 13618
p 2 54 7936 170 54688 13487
p 2 87 7898 175 56866 13332
p 2 216 7758 186 76129 14355
p 2 714 7260 186 102110 16418
p 2 1012 6916 232 119537 17258
p 2 1105 6772 283 131733 17797
p 2 494 7221 445 129738 15499
p 2 0 4544 3616 9262 5951
p 2 53 4671 3436 50007 8510
p 2 0 2909 5251 6875 4313
p 2 56 3690 4414 48583 7418
p 2 0 2798 5362 6654 4154
p 2 79 2636 5445 48550 6410
p 2 0 2377 5783 5809 3750
p 2 382 3064 4714 93753 9323
p 2 0 2084 6076 5584 3443
p 2 377 2349 5434 101450 8739
p 2 0 1851 6309 5367 3301
p 2 51 2900 5209 46529 6552
p 2 0 1919 6241 5286 3223
p 2 81 3117 4962 49947 6890
p 2 0 1827 6333 4959 3168
p 2 53 2249 5858 42384 5635
p 2 0 1326 6834 4098 2571
p 2 391 2128 5641 92198 8386
p 2 0 1481 6679 4492 2813
p 2 381 2034 5745 100001 8411
p 2 0 1380 6780 4547 2730
p 2 50 2391 5719 46337 6001
p 2 0 1813 6347 5016 3118
p 2 65 2536 5559 50508 6253
p 2 0 2041 6119 5598 3383
p 2 59 2681 5420 46716 6293
p 2 0 1494 6666 5169 2828
p 2 375 1957 5828 90678 8139
p 2 0 1284 6876 4228 2596
p 2 391 2050 5719 100439 8445
p 2 0 1396 6764 4429 2706
p 2 50 2469 5641 45730 6111
p 2 0 1468 6692 4466 2788
p 2 82 2537 5541 48144 6288
p 2 0 1462 6698 4329 2762
p 2 51 2150 5959 42516 5552
p 2 0 1204 6956 3939 2483
p 2 398 1924 5838 91417 8204
p 2 0 1286 6874 4192 2614
p 2 390 1947 5823 98441 8308
p 2 0 1228 6932 4210 2571
p 2 62 2316 5782 45292 5959
p 2 0 1201 6959 3888 2452
p 2 56 2290 5814 46456 5888
p 2 0 1378 6782 4065 2638
p 2 53 2144 5963 45140 5641
p 2 0 1288 6872 4741 2607
p 2 364 2091 5705 91565 8214
p 2 0 1211 6949 4176 2522
p 2 373 2085 5702 98509 8374
p 2 0 1337 6823 4391 2657
p 2 49 2361 5750 44317 5903
p 2 0 1287 6873 4088 2550
p 2 58 2317 5785 46394 5895
p 2 0 1310 6850 4009 2576
p 2 52 2130 5978 43869 5565
p 2 0 1214 6946 3900 2500
p 2 388 1947 5825 91296 8162
p 2 0 1229 6931 4119 2551
p 2 377 1959 5824 98937 8300
p 2 0 1309 6851 4327 2657
p 2 61 2301 5798 44807 5929
p 2 0 1284 6876 4156 2656
p 2 65 2281 5814 48000 5957
p 2 0 1254 6906 4029 2631
p 2 47 2135 5978 41135 5417
p 2 0 1113 7047 3776 2382
p 2 369 1874 5917 90225 7980
p 2 0 1150 7010 3865 2442
p 2 402 1900 5858 99999 8315
p 2 0 1265 6895 4582 2596
p 2 48 2231 5881 46749 5867
p 2 0 1217 6943 4057 2506
p 2 62 2248 5850 48600 5938
p 2 0 1214 6946 3891 2487
p 2 45 2093 6022 44490 5518
p 2 0 1125 7035 3886 2413
p 2 368 1842 5950 89718 7915
p 2 0 1104 7056 3809 2399
p 2 405 1851 5904 99320 8272
p 2 0 1167 6993 4149 2510
p 2 47 2202 5911 45477 5784
p 2 0 1123 7037 3812 2405
p 2 57 2182 5921 45940 5788
p 2 0 1203 6957 3884 2481
p 2 49 2094 6017 44390 5540
p 2 0 1104 7056 3728 2371
p 2 383 1813 5964 89496 8007
p 2 0 1060 7100 3778 2348
p 2 399 1920 5841 99714 8316
p 2 0 1220 6940 4239 2612
p 2 45 2219 5896 44868 5727
p 2 0 1181 6979 3967 2466
p 2 59 2178 5923 45277 5715
p 2 0 1210 6950 3897 2484
p 2 54 2094 6012 42498 5520
p 2 0 1170 6990 3938 2441
p 2 400 1754 6006 91093 7991
p 2 0 1253 6907 4075 2554
p 2 383 1959 5818 99851 8359
p 2 0 1268 6892 4451 2613
p 2 50 2176 5934 44854 5770
p 2 0 1202 6958 4097 2495
p 2 53 2166 5941 43322 5577
p 2 0 1157 7003 3807 2412
p 2 53 2091 6016 43641 5539
p 2 0 1268 6892 4360 2575
p 2 388 1729 6043 90179 7962
p 2 0 1052 7108 3888 2361
p 2 406 1917 5837 101016 8369
p 2 0 1243 6917 4333 2565
p 2 51 2189 5920 46097 5798
p 2 0 1123 7037 3845 2410
p 2 89 2076 5995 47585 5847
p 2 0 1212 6948 3941 2499
p 2 42 2073 6045 40977 5325
p 2 0 1064 7096 3614 2329
p 2 392 1713 6055 92133 7956
p 2 0 1105 7055 3885 2417
p 2 379 1888 5893 99815 8221
p 2 0 1260 6900 4584 2584
p 2 45 2150 5965 44970 5666
p 2 0 1190 6970 4391 2492
p 2 60 2119 5981 45330 5651
i 2 8160 0 0 122363 29879
p 2 0 1889 6271 4053 2915
p 2 0 1804 6356 3580 2748
p 2 0 742 7418 2137 1784
p 2 0 964 7196 2370 1952
p 2 0 398 7762 1662 1464
p 2 4 404 7752 2233 1483
p 2 0 219 7941 1376 1294
p 2 0 229 7931 1319 1285
p 2 0 198 7962 1855 1296
p 2 0 193 7967 1287 1258
p 2 0 99 8061 1196 1182
p 2 0 125 8035 1591 1229
p 2 0 93 8067 1244 1185
p 2 0 165 7995 1436 1261
p 2 0 140 8020 1822 1244
p 2 0 137 8023 1268 1217
p 2 0 82 8078 1186 1170
p 2 2 96 8062 1439 1223
p 2 0 51 8109 1169 1159
p 2 0 63 8097 1185 1159
p 2 7 50 8103 2062 1201
p 2 0 41 8119 1155 1138
p 2 0 30 8130 1163 1130
p 2 0 47 8113 1486 1161
p 2 0 36 8124 1144 1133
p 2 0 23 8137 1129 1124
p 2 0 29 8131 1648 1150
p 2 0 43 8117 1165 1139
p 2 0 24 8136 1131 1125
p 2 2 32 8126 1394 1165
p 2 0 24 8136 1133 1129
p 2 0 9 8151 1114 1114
p 2 7 19 8134 2018 1170
p 2 0 20 8140 1140 1122
p 2 0 24 8136 1136 1124
p 2 0 37 8123 1513 1155
p 2 0 59 8101 1166 1149
p 2 0 7 8153 1111 1109
p 2 0 30 8130 1697 1151
p 2 0 32 8128 1152 1131
p 2 0 40 8120 1159 1138
p 2 1 21 8138 1372 1154
p 2 0 11 8149 1116 1115
p 2 0 16 8144 1128 1120
p 2 7 13 8140 2019 1168
p 2 0 47 8113 1165 1141
p 2 0 9 8151 1118 1112
p 2 0 57 8103 1568 1183
p 2 37 5046 3077 32737 7838
p 2 266 5302 2592 53877 10128
p 2 617 5459 2084 73902 12585
p 2 857 5545 1758 95720 14698
p 2 922 5714 1524 119294 16096
p 2 1146 5627 1387 134654 17558
p 2 811 6070 1279 133566 17012
p 2 619 6176 1365 115678 15783
p 2 634 6224 1302 105813 15809
p 2 374 6487 1299 98993 14639
p 2 65 6451 1644 70707 12289
p 2 0 3681 4479 8549 5367
p 2 0 2432 5728 4650 3620
p 2 0 2453 5707 4737 3456
p 2 0 1757 6403 3878 2770
p 2 0 1342 6818 2820 2339
p 2 0 1074 7086 2451 2098
p 2 0 999 7161 3382 2083
p 2 0 782 7378 2172 1827
p 2 0 699 7461 2757 1793
p 2 0 737 7423 2602 1812
p 2 0 388 7772 1683 1469
p 2 0 394 7766 1674 1457
p 2 2 368 7790 2482 1478
p 2 0 271 7889 1457 1350
p 2 0 172 7988 1393 1263
p 2 0 182 7978 1755 1290
p 2 0 213 7947 1545 1307
p 2 0 151 8009 1336 1246
p 2 0 122 8038 1688 1226
p 2 0 89 8071 1247 1190
p 2 0 99 8061 1255 1196
p 2 0 103 8057 1479 1220
p 2 0 60 8100 1197 1168
p 2 0 34 8126 1148 1135
p 2 2 38 8120 1850 1173
p 2 0 38 8122 1177 1143
p 2 0 35 8125 1155 1137
p 2 0 32 8128 1504 1150
p 2 0 38 8122 1207 1143
i 2 8160 0 0 25104 22885
p 2 4762 3398 0 62013 25389
p 2 5244 2916 0 57151 26061
p 2 4678 3482 0 63471 26091
p 2 3778 4382 0 72414 26250
p 2 2441 5719 0 83808 24036
p 2 1789 6371 0 86424 24167
p 2 1254 6906 0 89307 22452
p 2 700 7460 0 91898 22751
p 2 596 7564 0 91162 21187
p 2 468 7692 0 88747 22206
p 2 436 7724 0 91024 21364
p 2 254 7906 0 92401 22230
p 2 0 6746 1414 11186 8491
p 2 0 7238 922 8470 7375
p 2 0 4418 3742 5747 5008
p 2 0 5623 2537 6644 6064
p 2 0 3702 4458 4847 4512
p 2 0 4142 4018 5665 5021
p 2 0 2788 5372 3965 3724
p 2 0 2159 6001 3613 3133
p 2 0 1289 6871 2443 2309
p 2 0 931 7229 2079 1968
p 2 0 528 7632 1709 1608
p 2 0 706 7454 1963 1769
p 2 0 516 7644 1656 1590
p 2 0 319 7841 1483 1408
p 2 0 295 7865 1451 1385
p 2 0 330 7830 1503 1422
p 2 0 234 7926 1365 1323
p 2 0 281 7879 1387 1364
p 2 0 194 7966 1303 1289
p 2 0 110 8050 1212 1204
p 2 0 68 8092 1176 1170
p 2 0 78 8082 1220 1181
p 2 0 93 8067 1223 1195
p 2 0 143 8017 1255 1238
p 2 0 211 7949 1307 1293
p 2 0 151 8009 1246 1239
p 2 0 98 8062 1196 1194
p 2 0 34 8126 1138 1136
p 2 0 30 8130 1134 1130
p 2 0 204 7956 1335 1295
p 2 0 203 7957 1309 1295
p 2 0 196 7964 1311 1288
p 2 0 204 7956 1325 1300
p 2 0 163 7997 1269 1255
p 2 0 105 8055 1204 1198
p 2 0 68 8092 1176 1170
p 2 0 36 8124 1142 1138
p 2 0 23 8137 1129 1126
p 2 0 17 8143 1122 1120
p 2 0 6 8154 1108 1108
p 2 7353 807 0 54772 30683
p 2 6822 1338 0 57084 30313
p 2 6878 1282 0 51336 29191
p 2 6562 1598 0 51563 28272
p 2 7165 995 0 44633 28271
p 2 7773 387 0 35558 28069
i 2 8160 0 0 251151 35463
p 2 0 7925 235 51243 10414
p 2 0 7940 220 51632 10194
p 2 0 7925 235 60281 10608
p 2 0 7992 168 56234 10567
p 2 0 7966 194 59177 10669
p 2 0 8000 160 59379 10856
p 2 3 7997 160 66002 11317
p 2 3 7977 180 55742 10590
p 2 0 7991 169 58497 10678
p 2 1 7965 194 57866 10768
p 2 0 8014 146 64297 11149
p 2 0 7973 187 55500 10607
p 2 0 7981 179 58414 10723
p 2 0 7991 169 58824 10782
p 2 0 8002 158 64384 11138
p 2 0 7957 203 56791 10620
p 2 0 7995 165 58859 10730
p 2 0 7988 172 58777 10775
p 2 2 8008 150 65108 11174
p 2 0 8012 148 57225 10690
p 2 0 7968 192 59169 10699
p 2 1 7933 226 59328 10766
p 2 0 8014 146 65013 11119
p 2 0 8015 145 58624 10777
p 2 0 7996 164 60946 10852
p 2 0 7979 181 60148 10831
p 2 0 7988 172 65866 11250
p 2 0 7989 171 57869 10730
p 2 0 7981 179 60429 10786
p 2 0 7978 182 60340 10833
p 2 0 8009 151 65205 11178
p 2 0 7980 180 58137 10718
p 2 0 7994 166 60482 10854
p 2 0 8015 145 61003 10930
p 2 0 7999 161 65127 11162
p 2 0 7951 209 58145 10654
p 2 3 8008 149 60288 10828
p 2 1 7975 184 59837 10884
p 2 1 8009 150 65099 11120
p 2 1 7951 208 57908 10718
p 2 0 8001 159 60083 10750
p 2 0 7976 184 60547 10874
p 2 4 8008 148 68852 11337
p 2 7 7962 191 63171 10955
p 2 3 8003 154 64540 11003
p 2 1 7991 168 62676 11059
p 2 0 7988 172 66107 11292
p 2 1 8021 138 61489 10877
p 2 0 8010 150 63887 10986
p 2 1 7980 179 64404 11032
p 2 4 7997 159 68951 11478
p 2 1 8007 152 58457 10770
p 2 0 8007 153 62133 10913
p 2 10 7962 188 66486 11091
p 2 3 7987 170 68937 11296
p 2 1 7961 198 60745 10788
p 2 1 8000 159 60964 10896
p 2 0 7965 195 62642 11011
p 2 0 7994 166 67714 11252
p 2 3 7997 160 61510 10927
p 2 0 7999 161 60590 10823
p 2 0 7978 182 59736 10806
p 2 1 8008 151 62859 10991
p 2 8 8033 119 71519 11498
p 2 7 8001 152 62983 11051
p 2 0 7950 210 61456 10852
p 2 0 8008 152 62260 11107
p 2 0 8003 157 62557 11048
p 2 6 8023 131 70681 11561
p 2 2 7998 160 61982 10949
p 2 1 7996 163 62443 10930
p 2 1 7986 173 60311 10900
p 2 2 8037 121 62414 11070
p 2 7 8035 118 73086 11604
p 2 6 8002 152 63317 11006
p 2 0 8002 158 60473 10849
p 2 0 7946 214 59346 10822
p 2 3 7980 177 61807 10998
p 2 1 8011 148 68939 11426
p 2 3 8001 156 61639 10976
p 2 3 7991 166 62284 10984
p 2 0 7970 190 59049 10780
p 2 2 8010 148 62636 11069
p 2 7 8019 134 71205 11545
p 2 4 7988 168 62276 11027
p 2 0 7952 208 60903 10835
p 2 0 7967 193 58503 10749
p 2 2 8005 153 61629 11046
p 2 1 7992 167 68118 11382
p 2 4 7990 166 61321 10942
p 2 2 7945 213 62129 10947
p 2 0 7964 196 59093 10822
p 2 0 8041 119 64198 11142
p 2 12 8017 131 71770 11515
p 2 6 7991 163 63303 10995
p 2 1 8026 133 62101 10971
p 2 3 7942 215 59279 10801
p 2 1 7980 179 62240 11035
p 2 5 7992 163 68986 11406
p 2 2 7992 166 61484 10911
p 2 3 7998 159 63533 11061
p 2 0 7993 167 60443 10945
p 2 1 8000 159 69149 11462
p 2 6 7978 176 65349 11086
p 2 7 7991 162 65828 11151
p 2 2 7987 171 61861 11084
p 2 1 7977 182 65400 11212
p 2 3 7977 180 60680 10943
p 2 6 7972 182 63252 11063
p 2 6 7998 156 63685 11142
p 2 3 8010 147 68458 11457
p 2 3 7970 187 59054 10891
p 2 4 7966 190 64752 11179
p 2 8 7963 189 68252 11344
p 2 8 8010 142 71822 11540
p 2 1 7990 169 61377 10969
p 2 2 7978 180 62686 11046
p 2 2 7974 184 64087 11224
p 2 4 7991 165 70843 11525
p 2 5 8018 137 63711 11142
p 2 2 8002 156 64139 11205
p 2 0 7992 168 62159 11134
p 2 5 7993 162 70667 11620
p 2 11 7962 187 65256 11189
p 2 6 7962 192 67260 11238
p 2 0 7992 168 63612 11171
p 2 0 7969 191 67623 11455
p 2 4 7976 180 62637 11091
p 2 4 7986 170 66315 11269
p 2 3 7981 176 64998 11281
p 2 1 7975 184 69555 11553
p 2 2 7976 182 59408 10980
p 2 4 7975 181 65970 11184
p 2 6 7988 166 68938 11350
p 2 7 7998 155 72730 11700
p 2 1 7954 205 62338 11080
p 2 1 7963 196 62597 11111
p 2 0 7995 165 65410 11370
p 2 6 7981 173 70697 11620
p 2 4 7990 166 63583 11177
p 2 8 7953 199 63589 11079
p 2 1 7985 174 59672 10953
p 2 7 7985 168 64427 11324
p 2 5 7997 158 74208 11801
p 2 6 8013 141 66084 11343
p 2 1 7998 161 61434 11055
p 2 1 7940 219 63467 11159
p 2 5 7962 193 64007 11196
p 2 5 7979 176 70043 11538
p 2 6 7957 197 62061 11030
p 2 2 7961 197 63215 11083
p 2 0 7997 163 60150 11005
p 2 8 7974 178 70223 11477
p 2 10 7966 184 67899 11236
p 2 8 8022 130 67275 11327
p 2 0 8010 150 64439 11211
p 2 0 8006 154 68353 11418
p 2 2 7966 192 62895 11023
p 2 4 7982 174 64972 11180
p 2 4 7969 187 64008 11219
p 2 2 7989 169 68388 11490
p 2 0 7964 196 57745 10861
p 2 6 7986 168 64433 11178
p 2 8 7997 155 67646 11271
p 2 8 7983 169 70496 11589
p 2 0 7988 172 60806 11010
p 2 1 7990 169 62062 11076
p 2 2 7991 167 64167 11269
p 2 3 8015 142 71569 11706
p 2 6 7965 189 61554 11008
p 2 5 7986 169 61663 11119
p 2 0 7979 181 58441 10957
p 2 3 7988 169 67930 11454
p 2 8 7986 166 65443 11245
p 2 10 7998 152 62870 11127
p 2 1 7978 181 59828 10944
p 2 1 7995 164 58127 11083
p 2 2 7988 170 65506 11553
p 2 8 7980 172 59792 11109
p 2 8 7994 158 61227 10999
p 2 1 7982 177 61511 11307
p 2 0 8002 158 54815 10957
p 2 3 7999 158 65389 11526
p 2 12 7992 156 62257 11203
p 2 10 7983 167 59867 11088
p 2 0 7968 192 58433 11024
p 2 0 8004 156 56112 11030
p 2 6 8017 137 64624 11587
p 2 6 8003 151 58155 11141
p 2 8 7978 174 60777 11103
p 2 6 7986 168 58212 11143
p 2 0 8028 132 59359 11318
p 2 8 7992 160 60054 11127
p 2 11 8005 144 63241 11193
p 2 11 8018 131 61177 11317
p 2 0 8028 132 61981 11328
p 2 0 8011 149 54230 10889
p 2 2 7997 161 58818 11018
p 2 7 8014 139 59081 11165
p 2 7 8042 111 63503 11461
p 2 1 8015 144 55331 10893
p 2 1 8000 159 53520 10752
p 2 6 8026 128 59306 11113
p 2 11 8027 122 65079 11411
p 2 9 8018 133 57997 11087
p 2 0 8005 155 56111 10889
p 2 0 8006 154 53140 10925
p 2 2 8001 157 58885 11051
i 2 8160 0 0 135688 30153
p 2 1 1487 6672 5321 2796
p 2 1891 2345 3924 99576 14295
p 2 359 4201 3600 108236 11135
p 2 1326 2887 3947 89850 12518
p 2 0 1877 6283 6385 3408
p 2 417 4138 3605 105709 11163
p 2 1512 2495 4153 98741 12756
p 2 0 1575 6585 5749 3044
p 2 1082 3361 3717 117931 13381
p 2 1 1954 6205 7110 3569
p 2 1039 2485 4636 102468 11540
p 2 628 3871 3661 130898 13276
p 2 1825 2497 3838 103224 14406
p 2 55 1646 6459 8275 3584
p 2 1532 3344 3284 128545 15129
p 2 22 2010 6128 8510 3904
p 2 20 1266 6874 6542 2921
p 2 1942 3201 3017 141269 17037
p 2 30 2009 6121 10382 3998
p 2 1091 2702 4367 101554 11877
p 2 97 4032 4031 65952 8960
p 2 1047 3264 3849 104564 12639
p 2 18 1996 6146 8450 3959
p 2 2126 3665 2369 148613 19057
p 2 43 2493 5624 11510 4776
p 2 1259 2711 4190 85579 12010
p 2 346 4642 3172 107130 11846
p 2 0 2792 5368 10915 4843
p 2 1522 2664 3974 95453 13101
p 2 443 4684 3033 113534 12648
p 2 1031 3679 3450 102295 12876
p 2 2 2528 5630 10572 4534
p 2 1015 4283 2862 126015 14756
p 2 4 2866 5290 12094 5065
p 2 1911 3043 3206 117246 16074
p 2 659 4834 2667 134488 14818
p 2 1256 3621 3283 90836 13375
p 2 2 2708 5450 12069 4860
p 2 353 4840 2967 105722 11970
p 2 1608 3153 3399 99128 14076
p 2 57 2345 5758 12629 4499
p 2 1250 4367 2543 135825 15758
p 2 2 2846 5312 11454 4996
p 2 1032 3505 3623 108285 13045
p 2 48 4769 3343 68519 9676
p 2 1935 3303 2922 115435 16331
i 2 8160 0 0 208954 35872
p 2 0 5954 2206 36002 9771
p 2 138 6689 1333 85401 12400
p 2 20 7424 716 78430 12988
p 2 48 7043 1069 86593 12818
p 2 0 6687 1473 38241 10707
p 2 84 7399 677 94939 13331
p 2 0 6906 1254 38282 10922
p 2 0 6290 1870 34776 10298
p 2 131 7389 640 98833 13851
p 2 0 6940 1220 38735 11024
p 2 113 7087 960 81853 12805
p 2 23 7489 648 69092 12627
p 2 0 6907 1253 36981 11222
p 2 138 6884 1138 83795 12640
p 2 21 7481 658 78093 12890
p 2 42 7251 867 81573 12979
p 2 0 6821 1339 40178 10932
p 2 78 7454 628 96263 13442
p 2 0 6897 1263 38431 10950
p 2 126 6971 1063 87912 12774
p 2 13 7492 655 75822 12906
p 2 119 7127 914 81895 13091
p 2 0 6906 1254 41854 10937
p 2 26 7450 684 82695 13010
p 2 123 7137 900 87671 13191
p 2 0 6689 1471 40125 10728
p 2 107 7419 634 95193 13575
p 2 0 7148 1012 51248 11595
p 2 63 6938 1159 82708 12209
p 2 8 7468 684 69780 12507
p 2 123 7124 913 91606 12964
p 2 0 6683 1477 36641 10528
p 2 112 7361 687 89774 13327
p 2 0 6842 1318 37166 10758
p 2 0 6296 1864 32747 10017
p 2 134 7341 685 99014 13445
p 2 0 6787 1373 34963 10861
p 2 48 6905 1207 81233 11913
p 2 23 7367 770 75144 12385
p 2 45 7092 1023 77973 12325
p 2 0 6538 1622 34936 10209
p 2 4 7341 815 64639 11757
p 2 122 6884 1154 88176 12273
p 2 0 6474 1686 33491 9967
p 2 142 7137 881 88059 12915
p 2 0 6634 1526 34077 10097
p 2 0 6136 2024 32067 9561
p 2 144 7137 879 99038 13087
p 2 0 6617 1543 34235 10203
p 2 53 6739 1368 80347 11576
p 2 30 7211 919 74824 12227
p 2 54 6921 1185 82552 11847
i 2 8160 0 0 356975 41201
p 2 0 2531 5629 5301 3608
p 2 557 3661 3942 113545 10099
p 2 0 2130 6030 6687 3303
p 2 566 2887 4707 111908 9390
p 2 0 1575 6585 4582 2758
p 2 522 2668 4970 108810 8850
p 2 0 2361 5799 8150 3552
p 2 249 3277 4634 96881 7908
p 2 0 1712 6448 5085 2899
p 2 129 4017 4014 92893 8060
p 2 0 2380 5780 7286 3596
p 2 0 1070 7090 3074 2135
p 2 0 540 7620 2047 1639
p 2 0 779 7381 2757 1824
p 2 0 692 7468 2942 1776
p 2 0 655 7505 2776 1752
p 2 0 565 7595 3053 1679
p 2 0 445 7715 2332 1541
p 2 0 324 7836 2215 1429
p 2 0 274 7886 1850 1370
p 2 0 215 7945 1940 1322
p 2 0 163 7997 1582 1260
p 2 0 117 8043 1506 1217
p 2 0 573 7587 2743 1679
p 2 0 397 7763 2185 1515
p 2 0 368 7792 2145 1477
p 2 0 359 7801 2274 1468
p 2 0 219 7941 1582 1313
p 2 0 167 7993 1710 1270
p 2 0 157 8003 1405 1253
p 2 0 72 8088 1214 1170
p 2 0 77 8083 1262 1176
p 2 0 80 8080 1297 1180
p 2 455 867 6838 14559 3669
p 2 0 458 7702 2063 1536
p 2 670 1219 6271 30820 5398
p 2 0 1148 7012 5563 2295
p 2 0 948 7212 3473 2041
p 2 712 1188 6260 34415 5827
p 2 0 984 7176 3472 2141
p 2 0 794 7366 3456 1875
p 2 778 1576 5806 40489 6587
p 2 0 1046 7114 4101 2207
p 2 0 730 7430 2625 1815
p 2 762 1134 6264 44349 6490
p 2 0 733 7427 2858 1924
p 2 0 477 7683 2322 1569
p 2 1089 1703 5368 56700 8675
p 2 0 928 7232 2943 2110
p 2 0 666 7494 2373 1755
p 2 977 1481 5702 66755 8738
p 2 0 1201 6959 3708 2441
p 2 0 589 7571 2065 1712
p 2 960 1348 5852 76812 8523
p 2 0 985 7175 3464 2205
p 2 0 1062 7098 3464 2163
p 2 798 2027 5335 79769 8719
p 2 0 1571 6589 5043 2799
p 2 0 739 7421 2263 1813
p 2 771 1879 5510 75153 8388
p 2 0 1658 6502 5506 2871
p 2 0 1281 6879 4326 2376
p 2 0 936 7224 3265 2001
p 2 0 598 7562 2227 1674
p 2 0 475 7685 2058 1553
p 2 0 975 7185 3908 2074
p 2 0 863 7297 3904 1958
p 2 0 571 7589 2459 1653
p 2 0 327 7833 1836 1407
p 2 0 236 7924 1609 1329
p 2 0 214 7946 1646 1312
p 2 0 1038 7122 3938 2135
p 2 0 902 7258 3567 2014
p 2 0 815 7345 3298 1904
p 2 0 632 7528 3384 1750
p 2 0 489 7671 2340 1573
p 2 0 427 7733 2622 1533
p 2 0 288 7872 1823 1383
p 2 0 149 8011 1361 1242
p 2 0 109 8051 1388 1204
p 2 0 112 8048 1465 1214
p 2 0 190 7970 1617 1288
p 2 0 132 8028 1506 1237
p 2 0 135 8025 1451 1234
p 2 0 162 7998 1653 1264
p 2 0 117 8043 1442 1215
p 2 0 93 8067 1422 1197
p 2 0 118 8042 1339 1203
p 2 0 44 8116 1188 1145
p 2 0 52 8108 1242 1148
p 2 0 52 8108 1300 1154
p 2 0 65 8095 1241 1163
p 2 0 45 8115 1314 1148
p 2 0 277 7883 1783 1369
p 2 0 109 8051 1336 1207
p 2 0 130 8030 1445 1229
p 2 0 223 7937 1783 1324
p 2 0 249 7911 1729 1342
p 2 0 113 8047 1307 1210
p 2 0 165 7995 1464 1258
p 2 0 116 8044 1418 1221
p 2 0 90 8070 1282 1190
p 2 0 98 8062 1375 1198
p 2 0 107 8053 1320 1203
p 2 0 50 8110 1180 1149
p 2 0 40 8120 1181 1141
p 2 0 43 8117 1199 1143
p 2 0 73 8087 1245 1170
p 2 0 36 8124 1183 1138
p 2 0 37 8123 1191 1137
p 2 0 52 8108 1241 1149
p 2 0 39 8121 1182 1141
p 2 0 44 8116 1221 1146
p 2 0 27 8133 1159 1129
p 2 0 13 8147 1126 1117
p 2 0 10 8150 1125 1113
p 2 0 21 8139 1146 1123
p 2 0 6 8154 1111 1108
p 2 0 12 8148 1125 1115
p 2 16 338 7806 9839 1693
p 2 0 205 7955 1563 1301
p 2 21 290 7849 10801 1675
p 2 0 302 7858 1929 1404
p 2 7 326 7827 10957 1632
p 2 0 169 7991 1507 1265
p 2 0 111 8049 1365 1208
p 2 0 99 8061 1326 1193
p 2 0 85 8075 1282 1182
p 2 0 44 8116 1167 1141
p 2 0 43 8117 1199 1146
p 2 0 34 8126 1204 1137
p 2 0 34 8126 1165 1134
p 2 0 29 8131 1168 1130
p 2 0 54 8106 1201 1152
p 2 0 35 8125 1169 1138
p 2 0 46 8114 1192 1147
p 2 0 47 8113 1198 1146
p 2 0 38 8122 1229 1142
p 2 0 26 8134 1308 1133
p 2 0 29 8131 1179 1132
p 2 0 9 8151 1121 1112
p 2 0 7 8153 1116 1109
p 2 0 7 8153 1115 1109
p 2 0 4 8156 1110 1107
p 2 0 7 8153 1116 1109
p 2 0 5 8155 1111 1107
p 2 0 2 8158 1106 1105
p 2 0 5 8155 1111 1109
i 2 8160 0 0 106677 30750
i 2 8160 0 0 122066 32078
i 2 8160 0 0 138043 33082
i 2 8160 0 0 160819 34160
p 2 3834 4004 322 189688 31754
p 2 1518 6342 300 208998 25959
p 2 288 7432 440 265440 20269
p 2 82 7453 625 105562 15254
p 2 129 7486 545 94936 14921
p 2 93 7560 507 99071 14655
p 2 137 7546 477 93858 14760
p 2 110 7540 510 103894 14550
p 2 192 7518 450 96253 14750
p 2 107 7590 463 94169 14389
p 2 168 7526 466 93400 14503
p 2 129 7528 503 105192 14716
p 2 183 7486 491 95265 14667
p 2 100 7580 480 96275 14248
p 2 139 7504 517 93792 14117
p 2 93 7517 550 103447 13659
p 2 120 7511 529 93351 13398
p 2 93 7537 530 95540 13345
p 2 66 7393 701 99865 13119
p 2 50 7206 904 76905 12025
p 2 128 5916 2116 42781 9743
p 2 86 5467 2607 33225 8830
p 2 64 4080 4016 23881 6866
p 2 21 3499 4640 15204 5660
p 2 25 3590 4545 14497 5470
p 2 1 3476 4683 10004 4983
p 2 0 2636 5524 6214 3703
p 2 0 2378 5782 5229 3359
p 2 0 1879 6281 4567 2888
p 2 0 1584 6576 3119 2527
p 2 0 1141 7019 2699 2149
p 2 0 1201 6959 2857 2198
p 2 1 1140 7019 4076 2228
p 2 0 897 7263 2307 1916
p 2 0 660 7500 2118 1698
p 2 2 679 7479 2661 1752
p 2 0 853 7307 3130 1929
p 2 0 693 7467 2877 1783
p 2 3 449 7708 2564 1558
p 2 0 377 7783 1865 1464
p 2 0 354 7806 1904 1447
p 2 0 289 7871 2541 1402
p 2 0 220 7940 1481 1308
p 2 0 259 7901 1513 1329
p 2 1 789 7370 3517 1918
p 2 0 544 7616 2308 1645
p 2 0 498 7662 2138 1578
p 2 0 510 7650 3252 1626
p 2 0 460 7700 1939 1533
p 2 0 241 7919 1425 1318
p 2 3 293 7864 2124 1420
p 2 0 280 7880 1644 1365
p 2 0 237 7923 1445 1311
p 2 5 175 7980 2426 1309
p 2 0 162 7998 1334 1246
p 2 0 134 8026 1285 1226
p 2 0 199 7961 2070 1324
p 2 0 123 8037 1269 1218
p 2 0 89 8071 1276 1190
p 2 0 127 8033 2321 1260
p 2 0 158 8002 1486 1250
p 2 0 56 8104 1198 1156
p 2 5 102 8053 1817 1258
p 2 0 122 8038 1286 1215
p 2 0 73 8087 1210 1167
p 2 5 90 8065 2308 1232
p 2 0 54 8106 1204 1155
p 2 0 53 8107 1181 1153
p 2 1 130 8029 1925 1260
p 2 0 102 8058 1270 1204
p 2 0 101 8059 1250 1195
p 2 0 151 8009 2363 1278
p 2 0 263 7897 1622 1350
p 2 0 134 8026 1401 1235
p 2 4 121 8035 1849 1273
p 2 0 110 8050 1247 1200
p 2 0 80 8080 1219 1175
p 2 5 84 8071 2341 1236
p 2 0 168 7992 1365 1250
p 2 0 165 7995 1454 1252
p 2 1 126 8033 1890 1256
p 2 0 80 8080 1221 1179
p 2 0 36 8124 1166 1135
p 2 0 77 8083 2216 1209
p 2 0 63 8097 1215 1163
p 2 0 59 8101 1169 1153
p 2 1 59 8100 1800 1194
p 2 0 68 8092 1199 1167
p 2 0 60 8100 1206 1162
p 2 2 64 8094 1614 1194
p 2 0 40 8120 1164 1142
p 2 0 144 8016 1418 1239
p 2 3 64 8093 1938 1202
p 2 0 146 8014 1382 1233
p 2 0 108 8052 1233 1194
p 2 0 99 8061 2248 1228
p 2 0 79 8081 1243 1178
p 2 0 97 8063 1273 1190
p 2 1 111 8048 1936 1244
p 2 0 115 8045 1297 1208
p 2 0 56 8104 1187 1154
p 2 0 76 8084 2203 1204
p 2 0 31 8129 1161 1132
p 2 0 64 8096 1190 1157
p 2 3 58 8099 1755 1206
p 2 0 37 8123 1159 1140
p 2 0 27 8133 1144 1130
p 2 5 56 8099 2274 1204
p 2 0 52 8108 1224 1153
p 2 0 43 8117 1220 1148
p 2 1 74 8085 1843 1208
p 2 0 42 8118 1173 1144
p 2 0 76 8084 1271 1176
p 2 0 50 8110 2193 1188
p 2 0 26 8134 1148 1128
p 2 0 18 8142 1139 1120
p 2 3 124 8033 1821 1255
p 2 0 38 8122 1165 1143
p 2 0 38 8122 1195 1141
p 2 5 85 8070 2358 1234
p 2 0 97 8063 1246 1188
p 2 0 56 8104 1175 1153
p 2 1 57 8102 1839 1195
p 2 0 56 8104 1197 1158
p 2 0 76 8084 1205 1171
p 2 0 73 8087 2194 1201
p 2 0 55 8105 1190 1151
p 2 0 77 8083 1208 1169
p 2 1 82 8077 1844 1214
p 2 0 107 8053 1285 1196
p 2 0 29 8131 1148 1131
p 2 2 38 8120 1566 1166
p 2 0 21 8139 1129 1123
p 2 0 16 8144 1128 1118
p 2 3 38 8119 1890 1180
p 2 0 30 8130 1161 1130
p 2 0 20 8140 1132 1123
p 2 0 30 8130 2174 1167
p 2 0 14 8146 1133 1117
p 2 0 16 8144 1132 1119
p 2 3 72 8085 1747 1216
p 2 0 36 8124 1166 1142
p 2 0 34 8126 1162 1135
p 2 5 68 8087 2319 1217
p 2 0 33 8127 1159 1135
p 2 0 28 8132 1148 1130
p 2 1 47 8112 1768 1184
p 2 0 22 8138 1153 1126
p 2 0 25 8135 1149 1126
p 2 0 45 8115 2187 1183
p 2 0 25 8135 1148 1128
p 2 0 35 8125 1169 1138
p 2 0 15 8145 1128 1118
p 2 0 12 8148 1124 1114
p 2 0 31 8129 1178 1134
p 2 0 14 8146 1125 1116
p 2 1 52 8107 1771 1186
p 2 0 25 8135 1145 1126
p 2 2 35 8123 1581 1167
p 2 0 22 8138 1135 1125
p 2 0 9 8151 1113 1112
p 2 0 12 8148 1119 1114
p 2 0 8 8152 1111 1110
p 2 0 10 8150 1116 1113
p 2 862 945 6353 105475 8499
p 2 0 924 7236 3334 2073
p 2 898 1239 6023 123457 9464
p 2 1808 5711 641 240365 25246
i 2 8160 0 0 143111 35836
p 2 5028 3023 109 195471 37875
p 2 3669 4444 47 214288 36317
p 2 2562 5548 50 233348 33705
p 2 2514 5554 92 326376 34074
p 2 2020 5927 213 475830 29317
p 2 3 6177 1980 61370 10487
p 2 2 4489 3669 45827 7710
p 2 4 4807 3349 53765 7818
p 2 8 6114 2038 71484 9515
p 2 8 5187 2965 55200 7964
p 2 11 3680 4469 48620 6266
p 2 0 2808 5352 27125 4592
p 2 15 4025 4120 50991 6730
p 2 29 4548 3583 83756 7978
p 2 17 3883 4260 53477 6678
p 2 0 2715 5445 41890 5095
p 2 5 2585 5570 38586 4934
p 2 3 3203 4954 48093 5722
p 2 9 3686 4465 55800 6346
p 2 13 4703 3444 54725 7489
p 2 4 3022 5134 44901 5475
p 2 0 2503 5657 28331 4376
p 2 26 2994 5140 51759 5811
p 2 27 5433 2700 96662 9208
p 2 20 3600 4540 53078 6360
p 2 0 2511 5649 40875 4904
p 2 1 2374 5785 38671 4708
p 2 5 2669 5486 48750 5283
p 2 12 3217 4931 56635 5997
p 2 9 2899 5252 46636 5345
p 2 4 2392 5764 43351 4847
p 2 1 2159 6000 29559 4104
p 2 15 2422 5723 49889 5108
p 2 23 2916 5221 80407 6202
p 2 20 2710 5430 50084 5438
p 2 0 2244 5916 39873 4614
p 2 1 2181 5978 39243 4515
p 2 6 2522 5632 49667 5163
p 2 6 2826 5328 54381 5489
p 2 7 2640 5513 46573 5071
p 2 8 2360 5792 42093 4843
p 2 0 2147 6013 30447 4135
p 2 18 2307 5835 46844 4879
p 2 29 2601 5530 77625 5875
p 2 17 2685 5458 49316 5357
p 2 0 2207 5953 39980 4544
p 2 5 2261 5894 40574 4687
p 2 5 2668 5487 48639 5233
p 2 8 2896 5256 55639 5590
p 2 13 2664 5483 44894 5121
p 2 4 2343 5813 41113 4742
p 2 0 2091 6069 31867 4186
p 2 25 2294 5841 49195 4965
p 2 26 2691 5443 77796 5967
p 2 22 2516 5622 49666 5191
p 2 0 2138 6022 35091 4284
p 2 1 2158 6001 39530 4537
p 2 4 2277 5879 48148 4931
p 2 13 2543 5604 54106 5242
p 2 7 2433 5720 44112 4845
p 2 3 2270 5887 40720 4646
p 2 2 2086 6072 31086 4223
p 2 20 2203 5937 43706 4679
p 2 37 2536 5587 77920 5799
p 2 25 2395 5740 51861 5104
p 2 0 2110 6050 32076 4101
p 2 1 2156 6003 38232 4441
p 2 7 2188 5965 47910 4848
p 2 8 2439 5713 52249 5106
p 2 8 2416 5736 44993 4857
p 2 9 2232 5919 41266 4659
p 2 0 2075 6085 30525 4112
p 2 20 2214 5926 45084 4684
p 2 36 2498 5626 79789 5819
p 2 16 2316 5828 50826 4986
p 2 0 2096 6064 32918 4129
p 2 11 2099 6050 37026 4373
p 2 4 2171 5985 48748 4815
p 2 8 2280 5872 51349 4887
p 2 9 2227 5924 44408 4693
p 2 4 2134 6022 40895 4522
p 2 0 2052 6108 31152 4085
p 2 21 2072 6067 49865 4783
p 2 36 2227 5897 78182 5511
p 2 19 2207 5934 49596 4911
p 2 0 2062 6098 36570 4306
p 2 1 2058 6101 34421 4223
p 2 3 2096 6061 48452 4732
p 2 7 2193 5960 46763 4701
p 2 7 2130 6023 44086 4549
i 2 8160 0 0 185081 32408
p 2 0 2397 5763 4304 3383
p 2 4 2276 5880 4546 3279
p 2 0 1169 6991 2448 2169
p 2 0 1280 6880 3159 2271
p 2 0 682 7478 2112 1731
p 2 0 954 7206 2638 1967
p 2 0 610 7550 1937 1646
p 2 0 507 7653 1630 1530
p 2 0 301 7859 1472 1361
p 2 0 311 7849 1469 1375
p 2 0 111 8049 1250 1209
p 2 0 139 8021 1260 1223
p 2 0 78 8082 1220 1171
p 2 0 160 8000 1292 1237
p 2 0 123 8037 1221 1205
p 2 0 97 8063 1200 1180
p 2 0 75 8085 1201 1169
p 2 0 104 8056 1204 1187
p 2 0 76 8084 1212 1172
p 2 0 106 8054 1224 1195
p 2 0 51 8109 1487 1159
p 2 0 51 8109 1189 1156
p 2 0 39 8121 1172 1140
p 2 0 83 8077 1544 1191
p 2 0 94 8066 1240 1193
p 2 0 73 8087 1216 1172
p 2 0 50 8110 1295 1160
p 2 0 63 8097 1204 1165
p 2 0 45 8115 1166 1145
p 2 1 32 8127 1537 1150
p 2 0 24 8136 1147 1128
p 2 0 198 7962 1415 1278
p 2 0 124 8036 1394 1218
p 2 0 51 8109 1169 1152
p 2 0 39 8121 1176 1143
p 2 1 22 8137 1527 1143
p 2 0 18 8142 1142 1117
p 2 0 15 8145 1121 1116
p 2 0 32 8128 1340 1137
p 2 0 26 8134 1149 1129
p 2 0 24 8136 1126 1123
p 2 0 13 8147 1427 1122
p 2 0 40 8120 1154 1136
p 2 0 14 8146 1122 1118
p 2 0 29 8131 1206 1136
p 2 0 21 8139 1138 1123
p 2 0 46 8114 1161 1144
p 2 0 31 8129 1140 1131
p 2 0 30 8130 1143 1130
p 2 0 46 8114 1162 1141
p 2 0 18 8142 1459 1129
p 2 0 31 8129 1142 1131
p 2 0 18 8142 1138 1121
p 2 0 22 8138 1382 1132
p 2 0 13 8147 1125 1116
p 2 0 9 8151 1116 1111
p 2 0 12 8148 1251 1123
p 2 0 6 8154 1115 1110
p 2 0 12 8148 1123 1114
p 2 0 16 8144 1580 1127
p 2 0 21 8139 1143 1124
p 2 0 14 8146 1122 1117
p 2 0 13 8147 1304 1122
p 2 0 19 8141 1131 1119
p 2 0 14 8146 1124 1116
p 2 0 20 8140 1360 1130
p 2 0 35 8125 1145 1134
p 2 0 9 8151 1112 1111
p 2 0 11 8149 1243 1122
p 2 0 24 8136 1128 1122
p 2 0 16 8144 1128 1118
p 2 0 31 8129 1595 1140
p 2 0 42 8118 1147 1137
p 2 0 12 8148 1115 1114
p 2 0 45 8115 1330 1146
p 2 0 14 8146 1124 1117
p 2 0 11 8149 1118 1114
p 2 0 20 8140 1357 1126
p 2 0 4 8156 1113 1106
p 2 0 4 8156 1109 1107
p 2 0 4 8156 1107 1107
p 2 0 3 8157 1107 1106
p 2 0 4 8156 1107 1106
p 2 0 4 8156 1109 1106
p 2 0 0 8160 1102 1102
p 2 0 5 8155 1287 1115
p 2 0 5 8155 1114 1107
p 2 0 5 8155 1219 1115
i 2 8160 0 0 156296 30871
p 2 0 2961 5199 4401 3764
p 2 0 2701 5459 3802 3543
p 2 0 1643 6517 2602 2498
p 2 0 1751 6409 2672 2577
p 2 0 1063 7097 2003 1956
p 2 0 1184 6976 2100 2045
p 2 0 635 7525 1621 1610
p 2 0 820 7340 1742 1724
p 2 0 643 7517 1638 1593
p 2 63 1364 6733 23304 3593
p 2 0 882 7278 2573 1965
p 2 69 1213 6878 21342 3432
p 2 0 853 7307 2461 1922
p 2 358 995 6807 23425 4319
p 2 0 873 7287 2332 1942
p 2 0 854 7306 2063 1827
p 2 54 751 7355 4119 2098
p 2 0 866 7294 1925 1791
p 2 0 655 7505 1750 1626
p 2 46 881 7233 5698 2106
p 2 0 1019 7141 2629 1941
p 2 8 533 7619 4624 1805
p 2 0 713 7447 1783 1682
p 2 0 660 7500 1682 1612
p 2 0 664 7496 1718 1612
p 2 0 221 7939 1359 1291
p 2 0 341 7819 1394 1361
p 2 0 215 7945 1311 1269
p 2 0 197 7963 1328 1258
p 2 0 108 8052 1229 1196
p 2 0 438 7722 4505 1679
p 2 0 247 7913 1406 1314
p 2 23 538 7599 3834 1793
p 2 0 203 7957 1323 1278
p 2 0 303 7857 1343 1330
p 2 0 222 7938 1277 1269
p 2 0 113 8047 1200 1194
p 2 0 205 7955 1262 1256
p 2 0 116 8044 1197 1192
p 2 0 160 8000 1219 1217
i 2 8160 0 0 183823 33016
p 2 7 8064 89 34557 11300
p 2 6 8123 31 35454 10679
p 2 7 8089 64 38581 11222
p 2 0 8095 65 36526 10859
p 2 3 8103 54 39455 11383
p 2 3 8136 21 35102 10829
p 2 3 8105 52 35156 10932
p 2 4 8123 33 35647 10841
p 2 3 8119 38 36091 11131
p 2 4 8119 37 38429 11226
p 2 1 8131 28 35282 11173
p 2 0 8101 59 34676 10648
p 2 0 8129 31 36874 11213
p 2 4 8131 25 36869 10951
p 2 0 8128 32 39212 11288
p 2 3 8125 32 36036 10887
p 2 3 8130 27 40806 11586
p 2 8 8114 38 36910 11029
p 2 5 8113 42 37140 11081
p 2 5 8136 19 37009 10908
p 2 3 8130 27 37016 11173
p 2 8 8132 20 39343 11228
p 2 4 8114 42 36330 11105
p 2 4 8119 37 36655 10854
p 2 3 8128 29 36806 11096
p 2 4 8129 27 37297 11004
p 2 1 8126 33 39605 11373
p 2 5 8131 24 36454 10885
p 2 3 8130 27 36870 10961
p 2 4 8118 38 36538 10889
p 2 1 8125 34 37464 11116
p 2 4 8126 30 35767 11037
p 2 6 8116 38 36001 10800
p 2 3 8121 36 36698 11045
p 2 2 8120 38 39334 11125
p 2 6 8103 51 36758 10992
p 2 4 8121 35 38412 10838
p 2 6 8117 37 38515 11029
p 2 5 8112 43 40583 11251
p 2 2 8117 41 36262 10877
p 2 5 8110 45 36813 10932
p 2 2 8111 47 36069 10854
p 2 7 8105 48 38049 11143
p 2 2 8118 40 36362 11022
p 2 3 8107 50 36984 10762
p 2 0 8118 42 36646 11011
p 2 1 8123 36 39331 11044
p 2 1 8120 39 36599 10943
p 2 3 8113 44 38097 10865
p 2 3 8125 32 37814 10940
p 2 5 8108 47 40083 10985
p 2 4 8104 52 37521 11024
p 2 3 8119 38 37107 10672
p 2 4 8107 49 37400 10859
p 2 9 8107 44 39746 10949
p 2 3 8097 60 37275 10851
p 2 6 8091 63 36816 10558
p 2 10 8078 72 37066 10769
p 2 5 8073 82 38930 10752
p 2 6 8077 77 35941 10681
p 2 3 8077 80 36660 10519
p 2 2 8076 82 36810 10671
p 2 1 8059 100 38265 10586
p 2 3 8058 99 36500 10651
p 2 2 8052 106 36727 10516
p 2 2 8084 74 36214 10750
p 2 1 8051 108 37573 10632
p 2 3 8056 101 35195 10690
p 2 0 8063 97 35917 10478
p 2 3 8046 111 36427 10719
p 2 2 8028 130 39050 10709
p 2 1 8034 125 35922 10679
p 2 7 8018 135 36713 10489
p 2 5 8025 130 37232 10659
p 2 10 7979 171 38387 10642
p 2 4 7985 171 36675 10687
p 2 2 7993 165 37363 10440
p 2 4 8004 152 36932 10689
p 2 4 7980 176 38057 10662
p 2 2 7989 169 35033 10701
p 2 2 7959 199 37554 10761
p 2 1 7999 160 36283 10804
p 2 3 7977 180 36866 10630
p 2 2 7993 165 36125 10742
p 2 3 7970 187 37241 10733
p 2 2 7983 175 35436 10713
p 2 4 7978 178 35172 10441
p 2 2 7967 191 35980 10652
p 2 3 7951 206 37641 10574
p 2 4 7952 204 34961 10604
p 2 6 7941 213 35535 10419
p 2 7 7945 208 36044 10575
p 2 7 7915 238 37147 10459
p 2 7 7936 217 35372 10547
p 2 4 7926 230 36652 10478
i 2 8160 0 0 151301 30136
p 2 0 4454 3706 6645 5348
p 2 0 4309 3851 5545 5079
p 2 0 2004 6156 4620 2959
p 2 0 2114 6046 3163 2980
p 2 0 957 7203 2093 1938
p 2 0 1014 7146 3536 2016
p 2 0 489 7671 1607 1527
p 2 0 457 7703 1606 1505
p 2 0 284 7876 2877 1379
p 2 0 269 7891 1499 1349
p 2 0 193 7967 1324 1273
p 2 0 298 7862 2840 1379
p 2 0 147 8013 1279 1236
p 2 0 181 7979 1277 1247
p 2 0 133 8027 2703 1248
p 2 0 172 7988 1325 1250
p 2 0 133 8027 1269 1225
p 2 0 188 7972 2769 1289
p 2 0 145 8015 1341 1241
p 2 0 221 7939 1315 1292
p 2 0 209 7951 2749 1313
p 2 0 196 7964 1329 1270
p 2 0 98 8062 1212 1193
p 2 0 166 7994 2729 1273
p 2 0 323 7837 1479 1393
p 2 0 208 7952 1306 1286
p 2 0 164 7996 2716 1279
p 2 0 156 8004 1301 1241
p 2 0 118 8042 1261 1208
p 2 0 208 7952 2885 1318
p 2 0 73 8087 1248 1176
p 2 0 82 8078 1192 1171
p 2 0 118 8042 2651 1230
p 2 0 59 8101 1193 1156
p 2 0 53 8107 1181 1154
p 2 0 92 8068 2645 1212
p 2 0 69 8091 1210 1168
p 2 0 51 8109 1156 1148
p 2 0 59 8101 2576 1179
p 2 0 75 8085 1216 1169
p 2 0 48 8112 1157 1149
p 2 0 66 8094 2620 1185
p 2 0 58 8102 1205 1159
p 2 0 59 8101 1168 1156
p 2 0 108 8052 2636 1223
p 2 0 74 8086 1220 1173
p 2 0 56 8104 1167 1154
p 2 0 91 8069 2635 1207
p 2 0 115 8045 1272 1212
p 2 0 158 8002 1289 1244
p 2 0 129 8031 2687 1244
p 2 0 103 8057 1245 1197
p 2 0 41 8119 1151 1140
p 2 0 58 8102 2628 1179
p 2 0 37 8123 1206 1141
p 2 0 80 8080 1189 1171
p 2 0 73 8087 2592 1193
p 2 0 46 8114 1181 1145
p 2 0 29 8131 1148 1132
p 2 0 93 8067 2642 1211
p 2 0 53 8107 1216 1155
p 2 0 27 8133 1133 1126
p 2 0 47 8113 2573 1171
p 2 0 47 8113 1182 1147
p 2 0 36 8124 1186 1139
p 2 0 87 8073 2585 1204
p 2 0 51 8109 1194 1152
p 2 0 36 8124 1142 1135
p 2 0 45 8115 2548 1168
p 2 0 44 8116 1193 1147
p 2 0 99 8061 1210 1188
p 2 0 73 8087 2539 1192
p 2 0 64 8096 1228 1165
p 2 0 52 8108 1171 1152
p 2 0 59 8101 2508 1178
p 2 0 74 8086 1221 1172
p 2 0 54 8106 1176 1150
p 2 0 67 8093 2497 1188
p 2 0 59 8101 1952 1165
p 2 0 37 8123 1163 1137
p 2 0 52 8108 3059 1177
p 2 0 42 8118 1213 1146
p 2 0 51 8109 1926 1154
p 2 0 66 8094 2580 1187
p 2 0 43 8117 1192 1145
p 2 0 32 8128 1135 1130
p 2 0 63 8097 2509 1181
p 2 0 41 8119 1189 1142
p 2 0 14 8146 1135 1117
p 2 0 54 8106 2545 1172
p 2 0 29 8131 1172 1130
p 2 0 34 8126 1176 1135
p 2 0 61 8099 2506 1180
p 2 0 32 8128 1170 1133
p 2 0 17 8143 1132 1120
p 2 0 46 8114 2520 1166
p 2 0 37 8123 1174 1138
p 2 0 24 8136 1128 1123
p 2 0 55 8105 2541 1173
p 2 0 44 8116 1203 1147
p 2 0 14 8146 1131 1117
p 2 0 48 8112 2517 1169
p 2 0 32 8128 1168 1133
p 2 0 12 8148 1119 1113
p 2 0 37 8123 2503 1160
p 2 0 29 8131 1164 1132
p 2 0 5 8155 1113 1107
p 2 0 40 8120 2537 1162
p 2 0 23 8137 1164 1125
p 2 0 17 8143 1125 1117
p 2 0 32 8128 2526 1153
p 2 0 22 8138 1159 1124
p 2 0 7 8153 1111 1109
p 2 0 44 8116 2536 1166
p 2 0 26 8134 1162 1129
p 2 0 17 8143 1127 1117
p 2 0 32 8128 2469 1154
p 2 0 47 8113 1175 1142
p 2 0 4 8156 1111 1106
p 2 0 65 8095 2494 1179
p 2 0 22 8138 1156 1126
p 2 0 18 8142 1144 1119
p 2 0 31 8129 2482 1155
p 2 0 25 8135 1199 1129
i 2 8160 0 0 101011 27109
p 2 8 3748 4404 42564 6302
p 2 31 4137 3992 43104 6660
p 2 93 3302 4765 48193 6472
p 2 8 3914 4238 38965 6258
p 2 3 3704 4453 39467 6069
p 2 50 3618 4492 46632 6486
p 2 26 3948 4186 42571 6475
p 2 75 3546 4539 45482 6488
p 2 11 3562 4587 40003 6067
p 2 8 3644 4508 38868 5977
p 2 42 3462 4656 46757 6415
p 2 29 3793 4338 42883 6396
p 2 89 3627 4444 47606 6754
p 2 6 3815 4339 40963 6251
p 2 4 3823 4333 38327 6134
p 2 46 3808 4306 48448 6660
p 2 22 3922 4216 43128 6531
p 2 95 3746 4319 47720 6816
p 2 8 3747 4405 41138 6208
p 2 3 3860 4297 39200 6168
p 2 40 3678 4442 48095 6560
p 2 22 3876 4262 43354 6516
p 2 94 3555 4511 49025 6735
p 2 10 3761 4389 42017 6188
p 2 7 3901 4252 40855 6273
p 2 50 3806 4304 47721 6743
p 2 31 3831 4298 42874 6531
p 2 90 3763 4307 49320 6889
p 2 6 3922 4232 40725 6353
p 2 3 4006 4151 40694 6402
p 2 50 3759 4351 47737 6682
p 2 33 3911 4216 42760 6607
p 2 91 3720 4349 49811 6850
p 2 8 3947 4205 42239 6403
p 2 3 4115 4042 42298 6506
p 2 51 4011 4098 47992 6896
p 2 32 4051 4077 43653 6777
p 2 95 3839 4226 50309 6940
p 2 5 4120 4035 40741 6501
p 2 4 4202 3954 41477 6522
p 2 55 3925 4180 49003 6910
p 2 20 4146 3994 44462 6709
p 2 97 3881 4182 51655 7022
p 2 9 4119 4032 41399 6530
p 2 6 4146 4008 42046 6547
p 2 57 4120 3983 49540 7081
p 2 30 4079 4051 44540 6756
p 2 90 4046 4024 50159 7063
p 2 6 4097 4057 42896 6574
p 2 5 4120 4035 42702 6525
p 2 53 4009 4098 50566 7057
p 2 30 4316 3814 45779 6965
p 2 90 4189 3881 50937 7269
p 2 4 4351 3805 43774 6774
p 2 9 4246 3905 41643 6656
p 2 42 4316 3802 50830 7209
p 2 34 4333 3793 45602 7024
p 2 101 4287 3772 51309 7320
p 2 9 4376 3775 43940 6802
p 2 4 4431 3725 42026 6760
p 2 43 4064 4053 51189 7023
p 2 21 4473 3666 45601 6966
p 2 53 4259 3848 48826 7090
p 2 19 4423 3718 44933 6891
p 2 8 4419 3733 43041 6807
p 2 58 4432 3670 50789 7368
p 2 30 4358 3772 45239 6969
p 2 95 4386 3679 51676 7438
p 2 11 4344 3805 44423 6774
p 2 6 4552 3602 42417 6837
p 2 47 4281 3832 50523 7145
p 2 31 4582 3547 45121 7077
p 2 96 4334 3730 51191 7343
p 2 9 4542 3609 42917 6870
p 2 6 4474 3680 41414 6768
p 2 45 4505 3610 50614 7282
p 2 30 4521 3609 46021 7105
p 2 93 4500 3567 50717 7397
p 2 9 4510 3641 43801 6864
p 2 3 4553 3604 41343 6737
p 2 41 4233 3886 49578 7054
p 2 28 4550 3582 44374 7056
p 2 99 4335 3726 50297 7371
p 2 11 4700 3449 43659 6968
p 2 6 4429 3725 40494 6643
p 2 48 4498 3614 49348 7253
p 2 25 4524 3611 44212 7039
p 2 89 4654 3417 48993 7488
p 2 7 4519 3634 42189 6780
p 2 7 4645 3508 40595 6800
p 2 42 4479 3639 48982 7209
p 2 28 4736 3396 44381 7237
p 2 89 4519 3552 49460 7394
p 2 8 4723 3429 41568 6924
p 2 2 4666 3492 40562 6794
p 2 44 4693 3423 49844 7367
p 2 20 4571 3569 44660 7024
p 2 101 4565 3494 49997 7526
p 2 10 4485 3665 41936 6796
p 2 4 4890 3266 41354 7004
p 2 46 4400 3714 49267 7092
p 2 22 4747 3391 43523 7124
p 2 95 4325 3740 48802 7259
p 2 9 4833 3318 40938 6949
p 2 2 4627 3531 40983 6808
p 2 51 4727 3382 47250 7360
p 2 29 4611 3520 43059 7046
p 2 92 4687 3381 49481 7541
p 2 12 4525 3623 40487 6771
p 2 3 4859 3298 40661 6921
p 2 51 4540 3569 47154 7207
p 2 22 4849 3289 42854 7177
p 2 99 4461 3600 49440 7381
p 2 6 4854 3300 39422 6917
p 2 3 4753 3404 40399 6827
p 2 49 4859 3252 46474 7326
p 2 24 4759 3377 42137 7115
p 2 87 4843 3230 49101 7593
p 2 2 4845 3313 39038 6915
p 2 5 5018 3137 39003 7000
p 2 35 4690 3435 47310 7166
p 2 23 4994 3143 42742 7211
p 2 86 4784 3290 47253 7424
p 2 1 4969 3190 39058 6957
p 2 5 4801 3354 38619 6793
p 2 35 4913 3212 45755 7362
p 2 22 4795 3343 42705 7044
p 2 77 4952 3131 46516 7483
p 2 2 4794 3364 39030 6809
p 2 4 4988 3168 38366 6953
p 2 37 4655 3468 45307 7166
p 2 17 5069 3074 41659 7251
p 2 76 4768 3316 45940 7348
p 2 1 5091 3068 39777 7045
p 2 3 4848 3309 37205 6765
p 2 31 5033 3096 45091 7366
p 2 14 5002 3144 41222 7084
p 2 70 5077 3013 45126 7466
p 2 4 4891 3265 38616 6829
p 2 4 5008 3148 36059 6874
p 2 25 4782 3353 43853 7104
p 2 12 5153 2995 41468 7193
p 2 74 4912 3174 43955 7287
p 2 7 5204 2949 38340 7072
p 2 6 4771 3383 35821 6648
p 2 38 5003 3119 42521 7247
p 2 14 4815 3331 39473 6802
p 2 68 5058 3034 43268 7378
p 2 5 4803 3352 36325 6678
p 2 4 5166 2990 35269 6838
p 2 27 4671 3462 41113 6895
p 2 18 5178 2964 38949 7143
p 2 51 4821 3288 40769 7038
p 2 3 5055 3102 35358 6808
p 2 3 4957 3200 33843 6615
p 2 18 5075 3067 39414 7077
p 2 10 5124 3026 37410 6947
p 2 38 5132 2990 40313 7163
p 2 3 4916 3241 34498 6638
p 2 4 5224 2932 32594 6797
p 2 15 4954 3191 38612 6927
p 2 5 5307 2848 36496 7045
p 2 36 4895 3229 38109 6895
p 2 6 5155 2999 34476 6795
p 2 5 4829 3326 32043 6511
p 2 25 5254 2881 37889 7103
i 2 8160 0 0 23042 22708
p 2 6589 1571 0 43032 27785
p 2 5693 2467 0 51095 28015
p 2 3697 4463 0 66611 26900
p 2 2049 6111 0 76240 25690
p 2 1295 6865 0 82115 24506
p 2 760 7400 0 85041 24453
p 2 510 7650 0 89317 24028
p 2 348 7812 0 93811 24608
p 2 282 7878 0 101718 24552
p 2 236 7924 0 107574 25093
p 2 247 7913 0 113759 25075
p 2 268 7892 0 119811 25636
p 2 43 7736 381 34028 11932
p 2 52 7008 1100 37913 10338
p 2 50 4633 3477 28304 7379
p 2 52 4949 3159 36581 8072
p 2 122 4038 4000 45088 7318
p 2 108 3178 4874 46041 6331
p 2 128 2513 5519 47215 5722
p 2 140 2131 5889 53209 5573
p 2 143 2011 6006 54356 5585
p 2 141 2322 5697 62208 6034
p 2 176 2129 5855 62610 6076
p 2 186 2733 5241 68751 6979
p 2 169 3046 4945 67046 7178
p 2 107 3264 4789 58544 7135
p 2 182 2828 5150 66057 7034
p 2 164 2630 5366 68216 6832
p 2 176 2278 5706 65851 6355
p 2 157 2553 5450 58596 6646
p 2 202 2685 5273 66523 6916
p 2 176 2716 5268 69267 6841
p 2 164 2510 5486 66092 6552
p 2 104 3005 5051 58451 6956
p 2 221 2817 5122 65439 7224
p 2 197 2384 5579 67140 6685
p 2 182 2227 5751 64449 6366
p 2 106 2144 5910 57234 5858
p 2 192 2065 5903 65377 6242
p 2 173 2574 5413 67864 6736
p 2 119 2425 5616 64270 6229
p 2 80 1885 6195 42875 4704
p 2 0 1498 6662 4548 2784
p 2 461 2226 5473 76718 7506
p 2 0 2018 6142 4575 3201
p 2 229 1896 6035 69920 6035
p 2 0 1433 6727 4084 2629
p 2 285 2430 5445 71491 6905
p 2 0 2283 5877 7201 3612
p 2 755 2100 5305 59825 8017
p 2 0 1656 6504 6064 2930
p 2 409 1586 6165 44692 5715
p 2 0 1292 6868 5899 2546
p 2 339 1423 6398 31799 4920
p 2 0 1266 6894 6274 2475
p 2 550 1091 6519 55331 5946
p 2 0 816 7344 5426 2024
p 2 372 1219 6569 66110 5736
p 2 0 977 7183 5687 2189
p 2 428 1188 6544 78783 6340
p 2 0 927 7233 3249 2131
p 2 456 1218 6486 74525 6535
p 2 0 1095 7065 3613 2294
p 2 252 1483 6425 69789 5717
p 2 0 1335 6825 4118 2540
p 2 244 1612 6304 73477 5931
p 2 0 1361 6799 4084 2566
p 2 522 1429 6209 73661 6977
p 2 0 1249 6911 3673 2445
p 2 209 1824 6127 64404 5715
p 2 0 1721 6439 4296 2887
p 2 226 1943 5991 67174 6051
p 2 7 1977 6176 7531 3436
p 2 722 1709 5729 63137 7560
p 2 0 1547 6613 6806 2824
p 2 419 1603 6138 46398 5803
p 2 0 1325 6835 7065 2598
p 2 345 1208 6607 29851 4636
p 2 0 1191 6969 7074 2433
p 2 542 1014 6604 55087 5793
p 2 0 883 7277 7149 2116
p 2 385 1133 6642 62060 5554
p 2 0 835 7325 6992 2105
p 2 409 1493 6258 72466 6335
p 2 737 1496 5927 81708 7921
p 2 456 1762 5942 81311 7160
p 2 386 1803 5971 76582 6720
p 2 731 1393 6036 62801 7187
p 2 402 1332 6426 44478 5437
p 2 346 1405 6409 30872 4920
p 2 538 1117 6505 55330 6007
p 2 370 1458 6332 65409 6003
p 2 406 1537 6217 80976 6613
p 2 457 1445 6258 78683 6874
p 2 251 1665 6244 73730 5999
p 2 232 1999 5929 76418 6362
p 2 512 1914 5734 81902 7492
p 2 213 1880 6067 69416 5909
p 2 196 1629 6335 69106 5584
p 2 713 1267 6180 66015 7037
p 2 410 1248 6502 48532 5438
p 2 344 1079 6737 29219 4488
p 2 535 805 6820 51765 5521
p 2 379 978 6803 58843 5371
p 2 387 1041 6732 72367 5802
p 2 468 1159 6533 78759 6548
p 2 280 1365 6515 72308 5728
p 2 282 1328 6550 72656 5765
p 2 645 1099 6416 85069 7433
p 2 597 1329 6234 85709 7519
p 2 618 1378 6164 86281 7751
p 2 615 1498 6047 83761 7787
p 2 640 1561 5959 84422 7916
p 2 631 2046 5483 84326 8378
p 2 637 2276 5247 85572 8737
p 2 586 1995 5579 83522 8101
p 2 606 2045 5509 84362 8391
p 2 606 1967 5587 84434 8226
p 2 618 1927 5615 83228 8160
p 2 616 2665 4879 82060 8969
p 2 594 3092 4474 72551 9081
p 2 487 3123 4550 63716 8374
p 2 443 2538 5179 58280 7409
p 2 407 1959 5794 46390 6369
p 2 334 1634 6192 41034 5502
p 2 316 1704 6140 35207 5280
p 2 276 1607 6277 29315 4860
p 2 191 1451 6518 22089 4048
p 2 128 1052 6980 13806 3131
p 2 53 976 7131 4967 2483
p 2 3 929 7228 2582 2098
p 2 0 735 7425 2065 1832
p 2 0 648 7512 1930 1748
p 2 0 383 7777 1568 1479
p 2 0 241 7919 1396 1340
p 2 0 327 7833 1523 1421
p 2 0 295 7865 1448 1391
p 2 0 895 7265 8389 2134
p 2 31 1598 6531 41678 4445
p 2 67 2083 6010 60209 5789
p 2 93 2283 5784 69263 6418
p 2 122 2466 5572 77189 6935
p 2 118 3195 4847 81150 7801
p 2 156 3052 4952 88505 7977
p 2 138 3467 4555 91095 8352
p 2 115 4164 3881 87163 8876
p 2 60 4401 3699 78593 8714
p 2 20 3965 4175 53065 7388
p 2 0 3488 4672 35965 5702
p 2 0 2289 5871 5739 3474
p 2 0 1375 6785 3424 2484
p 2 0 1006 7154 2541 2102
p 2 0 1009 7151 2789 2100
p 2 0 586 7574 1983 1687
p 2 0 523 7637 1872 1618
p 2 0 411 7749 1727 1508
p 2 0 787 7373 3150 1908
p 2 0 589 7571 2296 1697
p 2 0 533 7627 2617 1654
p 2 0 322 7838 1759 1421
p 2 0 238 7922 1721 1345
p 2 0 210 7950 1806 1320
p 2 0 278 7882 1919 1386
p 2 0 155 8005 1349 1252
p 2 0 151 8009 1479 1251
p 2 0 150 8010 1482 1250
p 2 0 794 7366 2524 1889
p 2 0 780 7380 2423 1876
p 2 0 502 7658 1906 1598
p 2 0 470 7690 1923 1568
p 2 0 323 7837 1644 1421
p 2 0 283 7877 1699 1389
p 2 0 242 7918 1511 1340
p 2 0 110 8050 1249 1209
p 2 0 123 8037 1283 1223
p 2 0 140 8020 1313 1239
p 2 0 115 8045 1249 1214
p 2 0 103 8057 1242 1205
p 2 0 87 8073 1209 1187
p 2 0 52 8108 1176 1154
p 2 0 26 8134 1139 1128
p 2 0 66 8094 1187 1166
p 2 0 60 8100 1178 1160
p 2 0 58 8102 1182 1161
p 2 0 45 8115 1162 1147
p 2 0 57 8103 1174 1157
p 2 0 48 8112 1164 1149
p 2 0 54 8106 1174 1156
p 2 0 32 8128 1139 1133
p 2 0 36 8124 1147 1138
i 2 8160 0 0 134187 30017
p 2 374 3450 4336 84831 9922
p 2 189 3709 4262 71712 9072
p 2 128 3808 4224 59414 8527
p 2 65 3770 4325 55419 7957
p 2 43 3663 4454 54667 7724
p 2 9 3337 4814 62461 7016
p 2 0 1758 6402 5284 3066
p 2 56 975 7129 5691 2351
p 2 0 554 7606 1883 1635
p 2 0 279 7881 1478 1369
p 2 0 462 7698 3617 1634
p 2 0 218 7942 1477 1310
p 2 0 159 8001 1426 1260
p 2 0 180 7980 3166 1353
p 2 0 131 8029 1378 1233
p 2 0 321 7839 2227 1436
p 2 38 143 7979 1844 1470
p 2 0 108 8052 1353 1211
p 2 0 105 8055 1347 1203
p 2 56 141 7963 4315 1531
p 2 0 220 7940 2168 1344
p 2 0 155 8005 1662 1268
p 2 0 176 7984 3105 1354
p 2 0 82 8078 1269 1184
p 2 0 41 8119 1173 1143
p 2 0 104 8056 3028 1288
p 2 0 70 8090 1311 1176
p 2 0 102 8058 1417 1206
p 2 0 117 8043 2897 1297
p 2 0 62 8098 1264 1168
p 2 0 48 8112 1241 1153
p 2 33 48 8079 1651 1340
p 2 0 18 8142 1133 1129
p 2 0 10 8150 1125 1112
p 2 56 24 8080 3999 1415
p 2 0 25 8135 1168 1129
p 2 0 15 8145 1147 1119
p 2 38 57 8065 1684 1389
p 2 0 20 8140 1136 1129
p 2 0 13 8147 1123 1115
p 2 56 26 8078 4001 1416
p 2 0 22 8138 1153 1125
p 2 0 30 8130 1157 1132
p 2 0 64 8096 2846 1238
p 2 0 44 8116 1202 1147
p 2 0 27 8133 1152 1129
p 2 0 68 8092 2956 1250
p 2 0 33 8127 1185 1137
p 2 0 22 8138 1138 1123
p 2 0 10 8150 1114 1111
p 2 0 4 8156 1107 1106
p 2 0 8 8152 1112 1109
i 2 8160 0 0 289632 36988
p 2 0 2561 5599 4223 3451
p 2 0 2385 5775 3462 3236
p 2 0 1276 6884 6826 2466
p 2 0 1340 6820 2734 2313
p 2 0 706 7454 2120 1743
p 2 0 946 7214 5484 2110
p 2 0 470 7690 1740 1545
p 2 0 492 7668 1800 1548
p 2 0 516 7644 5027 1745
p 2 0 529 7631 2151 1602
p 2 0 256 7904 1442 1342
p 2 0 269 7891 1588 1354
p 2 0 290 7870 1785 1378
p 2 0 320 7840 1740 1407
p 2 0 356 7804 2169 1454
p 2 0 263 7897 1616 1351
p 2 0 120 8040 1283 1214
p 2 0 162 7998 1363 1243
p 2 0 111 8049 1370 1209
p 2 0 160 8000 1403 1246
p 2 0 183 7977 1494 1272
p 2 0 231 7929 1501 1319
p 2 0 145 8015 1263 1230
p 2 0 179 7981 1495 1274
p 2 0 219 7941 1621 1315
p 2 0 284 7876 1628 1371
p 2 0 174 7986 1332 1264
p 2 0 161 7999 1376 1252
p 2 0 199 7961 1506 1288
p 2 0 187 7973 1374 1275
p 2 0 107 8053 1238 1201
p 2 0 117 8043 1266 1209
p 2 0 121 8039 1291 1214
p 2 0 113 8047 1290 1206
p 2 0 132 8028 1400 1225
p 2 0 92 8068 1261 1190
p 2 0 78 8082 1181 1170
p 2 0 61 8099 1192 1158
p 2 0 68 8092 1222 1164
p 2 0 62 8098 1180 1158
p 2 0 51 8109 1178 1150
p 2 0 42 8118 1151 1140
p 2 0 32 8128 1141 1135
p 2 0 33 8127 1146 1134
p 2 0 29 8131 1142 1129
p 2 0 30 8130 1144 1132
p 2 0 78 8082 1202 1171
p 2 0 77 8083 1206 1172
p 2 0 75 8085 1194 1174
p 2 0 42 8118 1160 1141
p 2 0 57 8103 1182 1156
p 2 0 95 8065 1251 1196
p 2 0 116 8044 1321 1211
p 2 0 54 8106 1179 1154
p 2 0 54 8106 1245 1155
p 2 0 56 8104 1188 1155
p 2 0 38 8122 1139 1135
p 2 0 28 8132 1150 1129
p 2 0 42 8118 1187 1140
p 2 0 34 8126 1147 1132
p 2 0 33 8127 1156 1136
p 2 0 27 8133 1139 1129
p 2 0 19 8141 1125 1121
p 2 0 14 8146 1120 1116
p 2 0 16 8144 1127 1118
p 2 0 27 8133 1146 1127
p 2 0 41 8119 1175 1140
p 2 0 32 8128 1142 1133
p 2 0 25 8135 1130 1126
p 2 0 13 8147 1116 1116
p 2 0 14 8146 1121 1117
p 2 0 35 8125 1150 1135
p 2 0 34 8126 1154 1139
p 2 0 33 8127 1144 1135
p 2 0 17 8143 1127 1119
p 2 0 27 8133 1135 1129
p 2 0 36 8124 1138 1132
p 2 0 16 8144 1125 1117
p 2 0 22 8138 1145 1124
p 2 0 22 8138 1131 1123
p 2 0 33 8127 1147 1130
p 2 0 13 8147 1115 1115
p 2 0 14 8146 1119 1116
p 2 0 15 8145 1121 1116
p 2 0 13 8147 1119 1115
p 2 0 25 8135 1136 1127
p 2 0 20 8140 1149 1121
p 2 0 16 8144 1120 1117
p 2 0 9 8151 1113 1111
p 2 0 6 8154 1110 1108
p 2 0 6 8154 1108 1108
p 2 0 14 8146 1122 1117
p 2 0 12 8148 1122 1114
p 2 0 12 8148 1119 1114
p 2 0 44 8116 1136 1136
p 2 0 38 8122 1149 1135
p 2 0 28 8132 1151 1130
p 2 0 13 8147 1125 1116
p 2 0 21 8139 1141 1124
p 2 0 21 8139 1135 1123
p 2 0 29 8131 1154 1132
p 2 0 27 8133 1137 1128
p 2 0 17 8143 1124 1119
p 2 0 16 8144 1127 1120
p 2 0 15 8145 1123 1118
p 2 0 18 8142 1128 1120
p 2 0 24 8136 1148 1124
p 2 0 15 8145 1119 1116
p 2 0 17 8143 1121 1119
p 2 0 9 8151 1112 1111
p 2 0 17 8143 1125 1118
p 2 0 348 7812 9613 1553
p 2 0 130 8030 1420 1230
p 2 0 261 7899 9674 1476
p 2 0 175 7985 1595 1278
p 2 0 63 8097 1224 1158
p 2 0 46 8114 1198 1144
p 2 0 33 8127 1166 1133
p 2 0 46 8114 1170 1141
p 2 0 82 8078 1282 1178
p 2 0 30 8130 1154 1131
p 2 0 59 8101 1256 1160
p 2 0 66 8094 1316 1170
p 2 0 37 8123 1177 1137
p 2 0 51 8109 1244 1152
p 2 0 29 8131 1161 1131
p 2 0 22 8138 1160 1125
p 2 0 40 8120 1148 1134
p 2 0 17 8143 1131 1118
p 2 0 14 8146 1128 1115
p 2 0 17 8143 1137 1117
p 2 2 721 7437 28093 2501
p 2 0 458 7702 2327 1571
p 2 8 775 7377 26108 2519
p 2 0 563 7597 2744 1682
p 2 11 940 7209 26022 2689
p 2 0 629 7531 2504 1724
p 2 15 945 7200 25903 2685
p 2 0 762 7398 3301 1878
p 2 1 459 7700 2215 1541
p 2 0 182 7978 1406 1278
p 2 2 226 7932 1892 1317
p 2 0 204 7956 1581 1297
p 2 0 671 7489 2933 1742
p 2 0 499 7661 2338 1589
p 2 1 405 7754 2295 1498
p 2 0 385 7775 2076 1476
p 2 1 299 7860 2006 1406
p 2 0 167 7993 1443 1257
p 2 2 192 7966 1869 1299
p 2 0 149 8011 1520 1250
p 2 0 242 7918 2041 1336
p 2 0 124 8036 1334 1221
p 2 1 173 7986 1778 1265
p 2 0 141 8019 1486 1240
p 2 0 160 8000 1502 1254
p 2 0 98 8062 1398 1197
p 2 0 116 8044 1384 1214
p 2 0 116 8044 1583 1217
p 2 0 68 8092 1235 1168
p 2 0 87 8073 1276 1180
p 2 0 80 8080 1359 1181
p 2 0 74 8086 1287 1170
p 2 0 48 8112 1180 1148
p 2 0 53 8107 1323 1154
p 2 0 38 8122 1159 1138
p 2 0 33 8127 1156 1135
p 2 0 58 8102 1365 1158
p 2 0 84 8076 1219 1179
p 2 0 86 8074 1239 1179
p 2 0 85 8075 1377 1182
p 2 0 57 8103 1204 1156
p 2 0 30 8130 1158 1132
p 2 0 33 8127 1285 1135
p 2 0 24 8136 1193 1125
p 2 0 36 8124 1160 1136
p 2 0 45 8115 1348 1148
p 2 0 39 8121 1209 1143
p 2 0 47 8113 1262 1151
p 2 0 49 8111 1316 1146
p 2 0 28 8132 1155 1132
p 2 0 44 8116 1170 1146
p 2 0 27 8133 1285 1132
p 2 0 14 8146 1129 1117
p 2 0 12 8148 1120 1114
p 2 0 29 8131 1246 1130
p 2 0 30 8130 1155 1132
p 2 0 20 8140 1141 1121
p 2 0 27 8133 1300 1131
p 2 0 20 8140 1131 1121
p 2 0 21 8139 1132 1123
p 2 0 77 8083 1395 1175
p 2 0 89 8071 1215 1181
p 2 0 87 8073 1273 1179
p 2 0 64 8096 1411 1168
p 2 0 69 8091 1220 1165
p 2 0 64 8096 1287 1164
p 2 0 73 8087 1312 1169
p 2 0 32 8128 1156 1135
p 2 0 32 8128 1159 1135
p 2 0 36 8124 1170 1135
p 2 0 29 8131 1135 1128
p 2 0 21 8139 1132 1123
p 2 0 10 8150 1116 1112
p 2 0 11 8149 1119 1113
p 2 0 32 8128 1159 1131
p 2 0 26 8134 1183 1127
p 2 0 12 8148 1126 1114
p 2 0 10 8150 1128 1113
p 2 0 11 8149 1122 1114
p 2 0 10 8150 1121 1112
p 2 0 15 8145 1127 1118
p 2 0 2 8158 1105 1105
p 2 0 10 8150 1122 1113
p 2 0 6 8154 1120 1108
p 2 0 25 8135 1152 1125
p 2 0 12 8148 1121 1114
p 2 0 15 8145 1133 1118
p 2 0 23 8137 1153 1124
p 2 0 33 8127 1163 1136
p 2 0 46 8114 1227 1147
p 2 0 28 8132 1142 1129
p 2 0 21 8139 1125 1121
p 2 0 14 8146 1117 1115
p 2 0 9 8151 1117 1112
p 2 0 23 8137 1130 1123
p 2 0 17 8143 1136 1119
p 2 0 9 8151 1116 1112
p 2 0 10 8150 1116 1113
p 2 0 5 8155 1107 1107
p 2 0 4 8156 1106 1106
p 2 0 2 8158 1104 1104
p 2 0 4 8156 1108 1106
p 2 0 4 8156 1109 1107
p 2 0 4 8156 1108 1106
p 2 0 5 8155 1110 1107
p 2 0 6 8154 1112 1108
p 2 0 6 8154 1122 1110
p 2 0 10 8150 1125 1112
p 2 0 13 8147 1124 1115
p 2 0 9 8151 1126 1110
p 2 0 8 8152 1117 1110
p 2 0 10 8150 1110 1110
p 2 0 8 8152 1118 1111
p 2 0 14 8146 1117 1115
p 2 0 8 8152 1114 1110
p 2 0 10 8150 1114 1110
p 2 0 0 8160 1102 1102
p 2 0 4 8156 1106 1106
p 2 0 5880 2280 45339 8465
p 2 0 3264 4896 7999 4260
p 2 0 1093 7067 2645 2097
p 2 0 552 7608 1757 1612
p 2 0 259 7901 1390 1341
p 2 0 153 8007 1256 1234
p 2 0 96 8064 1199 1190
i 2 8160 0 0 109214 28094
p 2 0 1520 6640 2739 2416
p 2 0 1364 6796 2339 2281
p 2 57 3065 5038 58842 6957
p 2 0 1704 6456 4477 2936
p 2 0 961 7199 2256 1962
p 2 70 2817 5273 57763 6767
p 2 0 1407 6753 4377 2602
p 2 0 624 7536 2019 1705
p 2 131 2719 5310 62080 7010
p 2 0 1389 6771 4361 2598
p 2 0 610 7550 2151 1705
p 2 233 2624 5303 71828 7641
p 2 0 1383 6777 4281 2593
p 2 0 879 7281 2675 1958
p 2 3 569 7588 3515 1731
p 2 0 451 7709 1869 1535
p 2 0 298 7862 1566 1375
p 2 14 374 7772 2836 1569
p 2 0 207 7953 1483 1307
p 2 0 283 7877 1733 1378
p 2 23 136 8001 3533 1378
p 2 0 134 8026 1306 1223
p 2 0 79 8081 1206 1173
p 2 1 129 8030 2668 1300
p 2 0 187 7973 1560 1297
p 2 0 132 8028 1336 1224
p 2 4 104 8052 2264 1280
p 2 0 141 8019 1432 1238
p 2 0 70 8090 1254 1174
p 2 0 35 8125 1149 1136
p 2 0 83 8077 1182 1166
p 2 0 22 8138 1135 1124
p 2 23 40 8097 3389 1291
p 2 0 61 8099 1228 1161
p 2 0 33 8127 1174 1137
p 2 1 76 8083 2635 1262
p 2 0 59 8101 1195 1159
p 2 0 40 8120 1141 1136
p 2 3 70 8087 2888 1267
p 2 0 75 8085 1264 1186
p 2 0 55 8105 1183 1154
p 2 1 78 8081 2605 1255
p 2 0 46 8114 1204 1153
p 2 0 31 8129 1149 1134
p 2 4 56 8100 2117 1232
p 2 0 69 8091 1265 1178
p 2 0 49 8111 1189 1150
p 2 23 38 8099 3396 1285
p 2 0 38 8122 1188 1142
p 2 0 38 8122 1172 1139
p 2 12 59 8089 2290 1275
p 2 0 54 8106 1186 1159
p 2 0 25 8135 1138 1126
p 2 23 53 8084 3418 1302
p 2 0 34 8126 1164 1136
p 2 0 37 8123 1162 1136
p 2 1 79 8080 2642 1268
p 2 0 46 8114 1194 1149
p 2 0 28 8132 1187 1129
p 2 3 73 8084 2906 1273
p 2 0 50 8110 1218 1159
p 2 0 58 8102 1208 1161
p 2 0 37 8123 1160 1137
p 2 0 33 8127 1143 1131
p 2 0 13 8147 1118 1115
p 2 0 21 8139 1126 1120
p 2 1 64 8095 2601 1247
p 2 0 101 8059 1298 1197
p 2 4 137 8019 2305 1300
p 2 0 45 8115 1184 1149
p 2 0 24 8136 1131 1126
p 2 18 33 8109 2976 1268
p 2 0 25 8135 1150 1127
p 2 0 9 8151 1112 1111
p 2 3 53 8104 2914 1259
p 2 0 94 8066 1335 1209
p 2 0 43 8117 1174 1142
p 2 1 55 8104 2563 1240
p 2 0 33 8127 1173 1138
p 2 0 19 8141 1133 1121
p 2 3 50 8107 2875 1252
p 2 0 49 8111 1201 1155
p 2 0 28 8132 1144 1129
p 2 12 51 8097 2286 1266
p 2 0 37 8123 1167 1146
p 2 0 24 8136 1127 1126
p 2 23 31 8106 3368 1278
p 2 0 44 8116 1201 1148
p 2 0 52 8108 1180 1147
p 2 1 68 8091 2650 1252
p 2 0 75 8085 1219 1170
p 2 0 13 8147 1120 1115
p 2 3 58 8099 2898 1268
p 2 0 41 8119 1186 1150
p 2 0 22 8138 1133 1124
p 2 12 48 8100 2278 1264
p 2 0 39 8121 1163 1146
p 2 0 21 8139 1158 1124
p 2 23 32 8105 3384 1283
p 2 0 24 8136 1151 1126
p 2 0 16 8144 1117 1116
p 2 1 57 8102 2581 1239
p 2 0 42 8118 1184 1145
p 2 0 22 8138 1136 1124
p 2 3 55 8102 2867 1259
p 2 0 38 8122 1191 1150
p 2 0 19 8141 1133 1121
p 2 1 54 8105 2554 1236
p 2 0 26 8134 1168 1129
p 2 0 14 8146 1124 1117
p 2 4 51 8105 2102 1222
p 2 0 34 8126 1165 1143
p 2 0 20 8140 1151 1122
p 2 15 36 8109 2942 1255
p 2 0 23 8137 1146 1126
p 2 0 8 8152 1112 1110
p 2 3 51 8106 2873 1264
p 2 0 35 8125 1176 1142
p 2 0 16 8144 1125 1118
p 2 12 53 8095 2298 1272
p 2 0 43 8117 1168 1150
p 2 0 26 8134 1158 1127
p 2 23 53 8084 3387 1295
p 2 0 31 8129 1158 1133
p 2 0 23 8137 1124 1120
p 2 1 59 8100 2592 1240
p 2 0 31 8129 1165 1134
p 2 0 9 8151 1118 1112
p 2 3 54 8103 2914 1261
p 2 0 42 8118 1191 1153
p 2 0 22 8138 1130 1124
p 2 12 42 8106 2305 1262
p 2 0 33 8127 1157 1142
p 2 0 25 8135 1159 1127
p 2 23 32 8105 3370 1282
p 2 0 26 8134 1156 1129
p 2 0 26 8134 1138 1126
p 2 12 48 8100 2314 1262
p 2 0 40 8120 1166 1147
p 2 0 26 8134 1124 1123
p 2 0 19 8141 1120 1118
p 2 0 15 8145 1117 1115
p 2 0 7 8153 1108 1108
p 2 202 2567 5391 63409 7441
p 2 0 1433 6727 4376 2650
p 2 0 497 7663 2147 1600
p 2 100 2566 5494 59425 6972
p 2 0 1419 6741 4387 2743
p 2 0 548 7612 1986 1653
p 2 63 2521 5576 55061 6559
p 2 0 1331 6829 4164 2571
p 2 0 545 7615 1939 1653
p 2 53 2412 5695 55290 6455
p 2 0 1376 6784 4422 2648
p 2 0 681 7479 2348 1779
p 2 1 497 7662 3178 1660
p 2 0 253 7907 1473 1351
p 2 0 157 8003 1332 1256
p 2 1 169 7990 2168 1331
p 2 0 150 8010 1330 1247
p 2 0 218 7942 1626 1316
p 2 7 113 8040 2738 1292
p 2 0 83 8077 1258 1182
p 2 0 58 8102 1207 1160
p 2 0 79 8081 2115 1226
p 2 0 125 8035 1360 1226
p 2 0 108 8052 1377 1212
p 2 1 91 8068 2355 1248
p 2 0 79 8081 1311 1181
p 2 0 96 8064 1381 1200
p 2 1 105 8054 2312 1276
p 2 0 68 8092 1237 1173
p 2 0 21 8139 1128 1122
p 2 7 41 8112 2648 1220
p 2 0 50 8110 1215 1152
p 2 0 44 8116 1206 1149
p 2 0 55 8105 2076 1206
p 2 0 40 8120 1194 1147
p 2 0 40 8120 1153 1135
p 2 1 50 8109 2294 1209
p 2 0 48 8112 1205 1151
p 2 0 50 8110 1202 1150
p 2 0 50 8110 2062 1200
p 2 0 42 8118 1185 1145
p 2 0 20 8140 1131 1121
p 2 1 44 8115 1882 1197
p 2 0 34 8126 1159 1140
p 2 0 25 8135 1163 1129
p 2 6 49 8105 2135 1218
p 2 0 17 8143 1143 1120
p 2 0 14 8146 1120 1115
p 2 1 44 8115 2277 1207
p 2 0 23 8137 1160 1128
p 2 0 22 8138 1139 1124
p 2 0 45 8115 2013 1191
p 2 0 29 8131 1153 1131
p 2 0 17 8143 1121 1119
p 2 1 45 8114 2308 1206
p 2 0 35 8125 1173 1137
p 2 0 23 8137 1134 1123
p 2 1 37 8122 2035 1207
p 2 0 28 8132 1155 1134
p 2 0 15 8145 1122 1116
p 2 7 34 8119 2637 1212
p 2 0 24 8136 1146 1130
p 2 0 18 8142 1130 1121
p 2 1 39 8120 1988 1200
p 2 0 21 8139 1139 1124
p 2 0 15 8145 1124 1118
p 2 7 32 8121 2654 1212
p 2 0 30 8130 1155 1133
p 2 0 25 8135 1143 1127
p 2 0 52 8108 2071 1201
p 2 0 41 8119 1165 1143
p 2 0 14 8146 1121 1117
p 2 1 44 8115 2301 1205
p 2 0 33 8127 1173 1137
p 2 0 12 8148 1123 1115
p 2 0 6 8154 1111 1109
p 2 0 11 8149 1114 1113
i 2 8160 0 0 192788 31337
p 2 0 1145 7015 2532 2130
p 2 0 1055 7105 2123 2010
p 2 8 1775 6377 42707 4076
p 2 0 1249 6911 3378 2295
p 2 0 476 7684 1730 1527
p 2 1 1526 6633 37385 3635
p 2 0 740 7420 2974 1860
p 2 0 469 7691 1808 1523
p 2 9 1219 6932 39852 3590
p 2 0 801 7359 3091 1914
p 2 0 302 7858 1628 1387
p 2 5 1257 6898 40421 3553
p 2 0 889 7271 3636 2034
p 2 0 428 7732 2515 1520
p 2 0 167 7993 1362 1256
p 2 1 160 7999 1491 1272
p 2 0 104 8056 1273 1203
p 2 4 120 8036 1976 1243
p 2 0 201 7959 1671 1304
p 2 0 83 8077 1225 1173
p 2 1 75 8084 1505 1206
p 2 0 111 8049 1296 1200
p 2 0 54 8106 1261 1159
p 2 4 159 7997 2183 1286
p 2 0 82 8078 1286 1179
p 2 0 137 8023 1398 1228
p 2 0 98 8062 1729 1213
p 2 0 100 8060 1381 1200
p 2 0 49 8111 1218 1150
p 2 0 120 8040 1939 1232
p 2 0 57 8103 1302 1162
p 2 0 35 8125 1160 1135
p 2 0 15 8145 1134 1117
p 2 0 40 8120 1186 1141
p 2 0 20 8140 1125 1119
p 2 0 31 8129 1520 1145
p 2 0 21 8139 1150 1124
p 2 0 60 8100 1410 1174
p 2 0 35 8125 1200 1140
p 2 0 39 8121 1227 1143
p 2 0 30 8130 1175 1132
p 2 69 925 7166 29591 3429
p 2 0 518 7642 2375 1685
p 2 0 223 7937 1542 1324
p 2 10 958 7192 24538 3033
p 2 0 519 7641 2334 1649
p 2 0 229 7931 1480 1328
p 2 19 914 7227 23967 2970
p 2 0 564 7596 2484 1693
p 2 0 346 7814 1711 1432
p 2 0 175 7985 1394 1269
p 2 0 123 8037 1279 1216
p 2 0 88 8072 1246 1186
p 2 0 113 8047 1341 1213
p 2 0 72 8088 1234 1173
p 2 0 55 8105 1206 1154
p 2 0 41 8119 1201 1141
p 2 0 89 8071 1364 1193
p 2 0 60 8100 1292 1161
p 2 0 87 8073 1454 1197
p 2 0 66 8094 1251 1168
p 2 0 103 8057 1337 1201
p 2 0 27 8133 1150 1127
p 2 0 29 8131 1155 1129
p 2 0 18 8142 1141 1120
p 2 0 42 8118 1228 1145
p 2 0 29 8131 1151 1131
p 2 0 27 8133 1171 1130
p 2 0 23 8137 1171 1125
p 2 0 24 8136 1163 1127
p 2 0 19 8141 1160 1122
p 2 0 40 8120 1259 1146
p 2 0 47 8113 1190 1146
p 2 0 13 8147 1126 1113
p 2 0 19 8141 1135 1119
p 2 0 21 8139 1148 1121
p 2 0 13 8147 1152 1115
p 2 0 22 8138 1140 1122
p 2 0 12 8148 1122 1114
p 2 0 37 8123 1168 1139
p 2 0 39 8121 1162 1136
p 2 0 7 8153 1113 1110
p 2 0 11 8149 1119 1112
p 2 0 13 8147 1127 1116
p 2 0 2 8158 1108 1104
p 2 0 21 8139 1144 1122
p 2 0 16 8144 1129 1117
p 2 0 15 8145 1135 1117
p 2 0 12 8148 1131 1115
p 2 0 26 8134 1154 1127
p 2 0 14 8146 1127 1115
p 2 0 11 8149 1124 1114
p 2 0 13 8147 1119 1114
p 2 0 8 8152 1116 1110
p 2 0 4 8156 1109 1106
p 2 0 10 8150 1116 1112
p 2 0 10 8150 1115 1112
p 2 0 8 8152 1111 1110
p 2 0 11 8149 1123 1113
p 2 0 11 8149 1123 1113
p 2 0 10 8150 1118 1113
p 2 0 4 8156 1106 1106
p 2 0 2 8158 1106 1104
p 2 0 5 8155 1111 1107
p 2 0 8 8152 1116 1110
p 2 0 11 8149 1121 1115
p 2 0 6 8154 1109 1108
p 2 0 2 8158 1105 1104
p 2 0 0 8160 1102 1102
p 2 0 11 8149 1125 1113
p 2 0 8 8152 1125 1110
p 2 0 5 8155 1112 1108
p 2 0 4 8156 1109 1106
p 2 0 4 8156 1110 1107
p 2 0 3 8157 1107 1106
p 2 0 16 8144 1126 1117
p 2 0 6 8154 1111 1108
p 2 0 4 8156 1113 1107
p 2 0 15 8145 1122 1116
p 2 0 2 8158 1105 1105
p 2 0 3 8157 1105 1105
p 2 0 6 8154 1108 1107
p 2 0 3 8157 1105 1105
p 2 0 6 8154 1110 1108
p 2 0 4 8156 1107 1106
p 2 0 6 8154 1110 1108
p 2 0 8 8152 1113 1111
p 2 0 6 8154 1108 1108
p 2 0 5 8155 1112 1107
p 2 0 1 8159 1104 1104
p 2 0 0 8160 1102 1102
p 2 0 2 8158 1105 1104
p 2 0 1 8159 1104 1103
p 2 0 4 8156 1110 1107
p 2 0 0 8160 1102 1102
p 2 0 0 8160 1102 1102
p 2 0 1 8159 1104 1103
p 2 0 3 8157 1109 1106
p 2 0 3 8157 1109 1104
p 2 0 2 8158 1105 1105
p 2 0 4 8156 1110 1106
p 2 0 2 8158 1105 1105
p 2 0 3 8157 1106 1105
p 2 0 4 8156 1108 1106
p 2 0 8 8152 1115 1110
p 2 0 3 8157 1109 1106
p 2 0 4 8156 1110 1106
p 2 0 1 8159 1104 1104
p 2 0 4 8156 1107 1106
p 2 0 3 8157 1106 1106
p 2 0 1 8159 1104 1104
p 2 0 0 8160 1102 1102
p 2 0 109 8051 4917 1305
p 2 0 73 8087 1299 1177
p 2 0 22 8138 1138 1124
p 2 6 131 8023 5442 1349
p 2 0 75 8085 1321 1181
p 2 0 43 8117 1201 1145
p 2 125 229 7806 16582 2162
p 2 0 137 8023 1439 1238
p 2 0 71 8089 1236 1167
p 2 268 309 7583 28387 3315
p 2 0 229 7931 1806 1357
p 2 0 129 8031 1401 1233
p 2 0 83 8077 1322 1187
p 2 0 75 8085 1316 1178
p 2 0 58 8102 1247 1161
p 2 0 19 8141 1134 1123
p 2 0 17 8143 1135 1120
p 2 0 17 8143 1142 1119
p 2 0 18 8142 1139 1119
p 2 0 17 8143 1135 1119
p 2 0 17 8143 1123 1118
p 2 0 10 8150 1122 1113
p 2 0 14 8146 1125 1115
p 2 0 20 8140 1146 1124
p 2 0 20 8140 1159 1121
p 2 0 20 8140 1154 1121
p 2 0 22 8138 1132 1122
p 2 0 3 8157 1107 1106
p 2 0 13 8147 1112 1111
p 2 0 7 8153 1113 1109
p 2 0 7 8153 1115 1109
p 2 0 5 8155 1111 1107
p 2 0 3 8157 1106 1105
p 2 0 16 8144 1133 1119
p 2 0 12 8148 1121 1115
p 2 0 4 8156 1106 1106
p 2 0 3 8157 1107 1106
p 2 0 46 8114 1205 1148
p 2 0 8 8152 1119 1110
p 2 0 18 8142 1133 1120
p 2 0 9 8151 1115 1112
p 2 0 9 8151 1117 1111
p 2 0 9 8151 1119 1110
p 2 0 18 8142 1186 1123
p 2 0 16 8144 1144 1118
p 2 0 13 8147 1124 1117
p 2 0 13 8147 1130 1115
p 2 0 3 8157 1107 1106
p 2 0 0 8160 1102 1102
p 2 0 3 8157 1108 1105
p 2 0 6 8154 1114 1109
p 2 0 5 8155 1113 1107
p 2 0 7 8153 1127 1109
p 2 0 10 8150 1137 1112
p 2 0 10 8150 1122 1112
p 2 0 3 8157 1108 1105
p 2 0 2 8158 1104 1104
p 2 0 11 8149 1160 1114
p 2 0 12 8148 1136 1115
p 2 0 13 8147 1132 1115
p 2 0 11 8149 1126 1114
p 2 0 7 8153 1113 1110
p 2 0 13 8147 1119 1114
p 2 0 3 8157 1105 1105
p 2 0 5 8155 1112 1108
p 2 0 3 8157 1108 1107
p 2 0 2 8158 1104 1104
p 2 0 4 8156 1108 1107
p 2 0 2 8158 1106 1105
p 2 0 4 8156 1108 1106
p 2 0 3 8157 1107 1105
p 2 0 6 8154 1113 1108
p 2 0 4 8156 1110 1106
p 2 0 4 8156 1107 1107
p 2 0 3 8157 1105 1105
p 2 0 1 8159 1103 1103
p 2 0 2 8158 1104 1104
p 2 0 10 8150 1124 1112
p 2 0 6 8154 1115 1108
p 2 0 8 8152 1112 1110
p 2 0 6 8154 1109 1108
p 2 0 3 8157 1106 1105
p 2 0 4 8156 1106 1106
p 2 0 5 8155 1108 1107
p 2 0 0 8160 1102 1102
p 2 0 6 8154 1107 1107
p 2 0 4 8156 1108 1107
p 2 0 6 8154 1114 1109
p 2 0 7 8153 1108 1108
p 2 0 3 8157 1106 1105
p 2 0 8 8152 1114 1110
p 2 0 7 8153 1108 1108
p 2 0 3 8157 1105 1105
p 2 0 2 8158 1105 1104
p 2 0 4 8156 1106 1106
p 2 0 4 8156 1106 1106
p 2 0 2 8158 1104 1104
p 2 0 3092 5068 23765 4917
p 2 0 1452 6708 4545 2512
p 2 0 395 7765 1849 1470
p 2 0 163 7997 1332 1255
p 2 0 111 8049 1229 1201
p 2 0 61 8099 1179 1161
p 2 0 118 8042 1312 1208
p 2 0 64 8096 1208 1161
p 2 0 35 8125 1161 1135
p 2 0 29 8131 1148 1130
i 2 8160 0 0 101579 28550
p 2 0 3547 4613 5235 4258
p 2 0 3049 5111 4103 3748
p 2 0 1982 6178 2950 2753
p 2 0 1690 6470 2687 2527
p 2 0 1237 6923 2172 2082
p 2 0 1019 7141 2001 1930
p 2 0 530 7630 1562 1526
p 2 0 431 7729 1480 1452
p 2 0 336 7824 1371 1359
p 2 0 254 7906 1319 1306
p 2 0 180 7980 1245 1239
p 2 0 131 8029 1506 1216
p 2 0 57 8103 1156 1150
p 2 0 94 8066 1200 1185
p 2 0 70 8090 1570 1175
p 2 0 82 8078 1199 1177
p 2 0 60 8100 1175 1158
p 2 0 128 8032 1498 1226
p 2 0 188 7972 1279 1254
p 2 0 87 8073 1176 1170
p 2 0 87 8073 1545 1179
p 2 0 55 8105 1162 1149
p 2 0 20 8140 1132 1124
p 2 0 43 8117 1326 1151
p 2 0 23 8137 1125 1124
p 2 0 28 8132 1127 1126
p 2 0 13 8147 1569 1125
p 2 0 49 8111 1150 1144
p 2 0 42 8118 1157 1144
p 2 0 44 8116 1392 1150
p 2 0 31 8129 1141 1131
p 2 0 10 8150 1114 1113
p 2 0 22 8138 1502 1133
p 2 0 66 8094 1164 1153
p 2 0 35 8125 1140 1131
p 2 0 67 8093 1309 1162
p 2 0 20 8140 1127 1123
p 2 0 17 8143 1126 1119
p 2 0 20 8140 1420 1132
p 2 0 62 8098 1154 1149
p 2 0 28 8132 1129 1127
p 2 0 14 8146 1491 1123
p 2 0 12 8148 1126 1114
p 2 0 7 8153 1110 1109
p 2 0 13 8147 1302 1125
p 2 0 27 8133 1130 1126
p 2 0 45 8115 1157 1144
p 2 0 19 8141 1571 1131
p 2 0 13 8147 1125 1116
p 2 0 20 8140 1126 1122
p 2 0 20 8140 1366 1129
p 2 0 34 8126 1140 1130
p 2 0 54 8106 1149 1143
p 2 35 30 8095 2936 1330
p 2 51 68 8041 5195 1535
p 2 91 101 7968 8835 1856
p 2 115 166 7879 14176 2213
p 2 148 221 7791 16934 2566
p 2 165 278 7717 18986 2743
p 2 207 305 7648 23815 3039
p 2 222 443 7495 25490 3368
p 2 223 485 7452 27940 3495
p 2 197 559 7404 29322 3540
p 2 253 572 7335 31597 3881
p 2 251 617 7292 32206 4002
p 2 254 1989 5917 70212 6874
p 2 45 1582 6533 21482 3782
p 2 20 1171 6969 10904 2774
p 2 23 2467 5670 47339 5486
p 2 5 1763 6392 10496 3264
p 2 0 1429 6731 8001 2617
p 2 28 2402 5730 44078 5154
p 2 0 2054 6106 17620 3535
p 2 12 2209 5939 41790 4829
p 2 20 1578 6562 10697 3015
p 2 0 1169 6991 7621 2353
p 2 0 920 7240 7725 2126
p 2 19 956 7185 8989 2269
p 2 0 830 7330 6505 2015
p 2 0 783 7377 6239 1966
p 2 24 717 7419 8494 2106
p 2 0 734 7426 6680 1939
p 2 0 740 7420 5841 1920
p 2 20 669 7471 9061 2066
p 2 0 699 7461 4877 1863
p 2 0 699 7461 5878 1887
p 2 21 656 7483 8561 2025
p 2 0 688 7472 6487 1904
i 2 8160 0 0 107841 27779
p 2 0 1024 7136 2343 2055
p 2 0 1119 7041 2204 2072
p 2 792 1927 5441 74885 8137
p 2 0 1431 6729 3906 2650
p 2 0 556 7604 1840 1605
p 2 855 1829 5476 77760 8515
p 2 0 985 7175 3384 2262
p 2 0 504 7656 1991 1561
p 2 864 1632 5664 76572 8357
p 2 0 1088 7072 3597 2369
p 2 0 489 7671 1926 1557
p 2 861 1698 5601 77325 8232
p 2 0 1030 7130 3529 2304
p 2 967 1222 5971 76635 8508
p 2 416 995 6749 15237 4187
p 2 895 1289 5976 73201 8028
p 2 0 807 7353 2876 2011
p 2 1279 1136 5745 80387 9190
p 2 0 714 7446 2862 1985
p 2 1127 897 6136 63601 7700
p 2 417 844 6899 14836 3989
p 2 1114 918 6128 47404 7284
p 2 0 622 7538 2402 1795
p 2 784 1072 6304 43052 6386
p 2 0 777 7383 2571 1939
p 2 121 786 7253 21362 3010
p 2 482 629 7049 14197 3855
p 2 113 864 7183 20569 2993
p 2 0 566 7594 2009 1658
i 2 8160 0 0 84614 26578
p 2 0 985 7175 2306 2002
p 2 704 1653 5803 37850 6228
p 2 481 1068 6611 14992 4265
p 2 776 1515 5869 50163 6833
p 2 0 722 7438 2469 1944
p 2 1407 1424 5329 74374 9762
p 2 0 688 7472 2755 1940
p 2 0 481 7679 1952 1569
p 2 1053 1426 5681 74831 8805
p 2 0 898 7262 3219 2194
p 2 0 519 7641 2167 1611
p 2 1080 1429 5651 72860 8958
p 2 0 862 7298 3115 2216
p 2 0 426 7734 1750 1535
p 2 1052 1433 5675 72441 8700
p 2 0 897 7263 3070 2165
p 2 0 524 7636 1913 1607
p 2 1064 1341 5755 70613 8605
p 2 0 840 7320 3027 2143
p 2 0 399 7761 1690 1491
p 2 482 473 7205 13833 3649
p 2 0 413 7747 1801 1522
p 2 0 265 7895 1397 1341
p 2 493 296 7371 14283 3506
p 2 0 200 7960 1464 1315
p 2 0 141 8019 1266 1224
p 2 482 312 7366 13613 3481
p 2 0 280 7880 1510 1372
p 2 0 263 7897 1597 1351
p 2 493 294 7373 14450 3500
p 2 1 231 7928 2320 1390
p 2 1 214 7945 2731 1403
p 2 490 407 7263 15742 3813
p 2 17 539 7604 4659 2021
p 2 17 585 7558 5159 2142
p 2 512 771 6877 18090 4479
p 2 9 783 7368 5715 2346
p 2 9 803 7348 6111 2358
p 2 502 861 6797 18436 4576
p 2 19 1018 7123 6352 2589
p 2 16 877 7267 5846 2435
p 2 509 1006 6645 18652 4661
p 2 20 874 7266 5718 2474
p 2 15 932 7213 5837 2491
p 2 504 979 6677 18452 4663
p 2 22 1057 7081 6579 2671
p 2 23 866 7271 6099 2486
p 2 516 1013 6631 18425 4714
p 2 18 881 7261 5294 2480
p 2 12 872 7276 5208 2469
p 2 499 936 6725 17445 4608
p 2 8 1008 7144 5473 2541
p 2 12 867 7281 5625 2380
p 2 508 958 6694 18187 4582
p 2 10 805 7345 4846 2327
p 2 2 788 7370 4392 2221
p 2 484 848 6828 16201 4321
p 2 5 833 7322 3712 2221
p 2 11 611 7538 2712 1914
p 2 493 583 7084 14750 3879
p 2 0 444 7716 1765 1563
p 2 0 372 7788 1540 1441
p 2 485 406 7269 13636 3583
p 2 0 411 7749 1630 1490
i 2 8160 0 0 128728 29774
p 2 0 3618 4542 7835 4434
p 2 0 3137 5023 9748 4088
p 2 309 2112 5739 34652 5401
p 2 0 2079 6081 8453 3182
p 2 0 1572 6588 7471 2644
p 2 354 1470 6336 33772 4936
p 2 0 1202 6958 5982 2372
p 2 0 1068 7092 6249 2178
p 2 308 933 6919 31734 4403
p 2 0 1043 7117 5375 2226
p 2 0 1058 7102 6664 2203
p 2 312 777 7071 32950 4271
p 2 0 938 7222 7013 2192
p 2 0 925 7235 7310 2165
p 2 27 899 7234 8879 2300
p 2 0 955 7205 4980 2057
p 2 0 866 7294 5511 1993
p 2 32 865 7263 9176 2292
p 2 0 812 7348 7007 2078
p 2 0 837 7323 6713 2078
p 2 28 776 7356 9435 2240
p 2 0 797 7363 5737 2013
p 2 0 764 7396 6954 2013
p 2 28 840 7292 8127 2205
p 2 0 955 7205 4417 2017
p 2 0 864 7296 5671 1994
p 2 24 805 7331 8326 2164
p 2 0 800 7360 6995 2027
p 2 0 853 7307 5849 1999
p 2 27 839 7294 8309 2188
p 2 0 727 7433 5336 1896
p 2 0 610 7550 4695 1744
p 2 29 527 7604 6992 1875
p 2 0 747 7413 5064 1894
p 2 0 729 7431 7610 1936
p 2 24 737 7399 8389 2075
p 2 0 720 7440 6157 1939
p 2 0 699 7461 5801 1921
p 2 26 690 7444 9979 2136
p 2 0 810 7350 5667 1963
p 2 0 740 7420 5356 1876
p 2 28 781 7351 8177 2165
p 2 0 836 7324 5829 1989
p 2 0 878 7282 6084 2038
p 2 22 793 7345 8234 2157
p 2 0 764 7396 6610 1975
p 2 0 879 7281 5361 1968
p 2 35 2525 5600 59298 5797
p 2 0 1940 6220 7395 3054
p 2 0 1199 6961 6624 2327
p 2 43 2427 5690 56827 5745
p 2 0 1796 6364 8351 3134
p 2 0 1195 6965 7581 2431
p 2 125 2369 5666 62035 6171
p 2 0 1805 6355 9135 3095
p 2 0 994 7166 5845 2183
p 2 380 2419 5361 92468 8421
p 2 0 1659 6501 5392 3009
p 2 0 786 7374 2586 1865
p 2 200 1137 6823 37284 4252
p 2 0 771 7389 2516 1872
p 2 0 418 7742 1880 1501
p 2 211 1013 6936 34365 4025
p 2 0 788 7372 2651 1904
p 2 0 467 7693 1935 1547
p 2 80 859 7221 28886 3222
p 2 0 641 7519 2537 1777
p 2 0 430 7730 2021 1517
p 2 70 803 7287 27644 3152
p 2 0 602 7558 2420 1762
p 2 0 287 7873 1559 1374
p 2 24 351 7785 4520 1638
p 2 0 237 7923 1476 1329
p 2 0 256 7904 1385 1319
p 2 361 526 7273 30289 4048
p 2 0 409 7751 1981 1552
p 2 0 238 7922 1422 1330
p 2 426 495 7239 31201 4353
p 2 0 424 7736 1877 1535
p 2 0 287 7873 1436 1363
p 2 1127 2217 4816 141779 12823
p 2 0 1751 6409 5075 3030
p 2 0 769 7391 2935 1871
i 2 8160 0 0 161148 31356
p 2 0 3360 4800 8606 4292
p 2 0 3256 4904 10322 4227
p 2 803 3583 3774 124999 11949
p 2 0 2896 5264 11207 4193
p 2 0 1796 6364 8913 2970
p 2 349 3598 4213 124875 10271
p 2 0 2239 5921 11980 3829
p 2 0 1598 6562 7811 2752
p 2 376 3118 4666 133660 10170
p 2 0 2290 5870 11340 3820
p 2 0 1533 6627 9236 2840
p 2 0 1955 6205 10027 3225
p 2 0 1396 6764 9319 2651
p 2 30 1383 6747 20817 3300
p 2 0 1247 6913 8885 2585
p 2 0 1246 6914 7947 2468
p 2 24 1091 7045 19931 2959
p 2 0 1005 7155 8454 2313
p 2 0 961 7199 9337 2270
p 2 35 1056 7069 20073 3053
p 2 0 865 7295 8297 2201
p 2 0 897 7263 5858 2067
p 2 44 824 7292 21024 2863
p 2 0 939 7221 7589 2271
p 2 0 604 7556 5163 1771
p 2 0 622 7538 5757 1863
p 2 0 754 7406 6702 2008
p 2 52 907 7201 24705 3120
p 2 0 847 7313 8657 2178
p 2 50 819 7291 28377 3105
p 2 0 867 7293 9450 2282
p 2 0 948 7212 8589 2240
p 2 48 826 7286 9758 2388
p 2 0 826 7334 7442 2104
p 2 0 890 7270 8172 2212
p 2 51 784 7325 12115 2486
p 2 0 1033 7127 8094 2360
p 2 0 876 7284 9310 2213
p 2 48 884 7228 13022 2590
p 2 0 967 7193 7840 2228
p 2 0 887 7273 7110 2098
p 2 51 817 7292 10227 2355
p 2 0 867 7293 7902 2125
p 2 0 785 7375 8139 2090
p 2 48 760 7352 12234 2410
p 2 0 777 7383 7357 2017
p 2 0 732 7428 7019 1989
p 2 48 703 7409 11732 2359
p 2 0 593 7567 5464 1792
p 2 0 588 7572 6134 1845
p 2 51 717 7392 10196 2326
p 2 0 734 7426 8335 2037
p 2 0 756 7404 8125 2002
p 2 45 699 7416 11873 2352
p 2 0 764 7396 7371 2080
p 2 102 1202 6856 38066 3802
p 2 53 1011 7096 12943 2669
p 2 68 1233 6859 32042 3493
p 2 0 1122 7038 7747 2396
p 2 95 1183 6882 35293 3673
p 2 0 1118 7042 8849 2452
p 2 0 995 7165 8484 2279
p 2 52 874 7234 11458 2523
p 2 0 917 7243 8811 2207
p 2 0 984 7176 7557 2177
p 2 50 764 7346 9143 2294
p 2 0 816 7344 6733 2056
p 2 0 858 7302 9030 2164
p 2 53 857 7250 11492 2525
p 2 0 777 7383 8440 2126
p 2 0 765 7395 6095 1947
p 2 46 759 7355 11418 2395
p 2 0 744 7416 7704 2044
p 2 0 659 7501 4980 1832
p 2 53 545 7562 8746 2128
p 2 0 715 7445 7603 1982
p 2 0 758 7402 7260 2009
p 2 46 652 7462 10721 2281
p 2 0 801 7359 7414 2082
p 2 0 769 7391 8597 2078
p 2 49 709 7402 11941 2372
p 2 0 727 7433 8327 2015
p 2 0 795 7365 5954 1965
p 2 51 744 7365 10437 2307
p 2 0 823 7337 7249 2074
p 2 0 776 7384 8202 2119
p 2 51 807 7302 10578 2396
p 2 0 805 7355 8715 2129
p 2 0 868 7292 7493 2109
p 2 51 858 7251 10739 2427
p 2 0 797 7363 6360 1967
p 2 0 769 7391 7451 1991
p 2 53 733 7374 11140 2375
p 2 0 742 7418 8687 2094
p 2 0 794 7366 8411 2094
p 2 47 672 7441 10653 2244
p 2 0 746 7414 7290 2011
p 2 0 701 7459 8078 2017
p 2 51 504 7605 7215 1989
p 2 0 557 7603 6063 1811
p 2 0 692 7468 6394 1948
p 2 46 673 7441 11391 2318
p 2 0 710 7450 6752 1943
p 2 0 773 7387 8088 2049
p 2 53 726 7381 11124 2372
p 2 0 741 7419 9072 2089
i 2 8160 0 0 138723 29687
p 2 0 3085 5075 18402 4987
p 2 0 3705 4455 23128 5373
p 2 1 3147 5012 21623 4940
p 2 0 3925 4235 21388 5617
p 2 1 3207 4952 23217 5050
p 2 5 4081 4074 24489 5798
p 2 0 3478 4682 22267 5266
p 2 0 4189 3971 21394 5812
p 2 12 3773 4375 23155 5558
p 2 0 4292 3868 25411 5972
p 2 0 3979 4181 21881 5654
p 2 0 4405 3755 21670 6001
p 2 0 4052 4108 22056 5698
p 2 0 4342 3818 23210 5959
p 2 0 4020 4140 23588 5766
p 2 0 4413 3747 21962 6044
p 2 0 4094 4066 21795 5815
p 2 0 4386 3774 23083 6045
p 2 0 3994 4166 21900 5694
p 2 0 4290 3870 21923 5959
p 2 1 3955 4204 21430 5684
p 2 0 4313 3847 22939 5940
p 2 0 3983 4177 21375 5657
p 2 8 4281 3871 21768 5980
p 2 0 3960 4200 22618 5699
p 2 0 4314 3846 22918 5965
p 2 0 3956 4204 22474 5694
p 2 0 4322 3838 20437 5943
p 2 0 4006 4154 22891 5722
p 2 0 4342 3818 25025 5987
p 2 0 4097 4063 21408 5757
p 2 0 4375 3785 20740 5957
p 2 1 4079 4080 21511 5769
p 2 0 4390 3770 26184 6014
p 2 0 4034 4126 21509 5735
p 2 5 4348 3807 21484 5984
p 2 0 4084 4076 21054 5743
p 2 0 4295 3865 24166 5913
p 2 15 4014 4131 23079 5850
p 2 0 4305 3855 19349 5891
p 2 0 4034 4126 22833 5731
p 2 1 4350 3809 23990 5998
p 2 0 4046 4114 21640 5762
p 2 0 4345 3815 21045 5956
p 2 1 4016 4143 21716 5724
p 2 0 4354 3806 25534 5981
p 2 0 4067 4093 20661 5726
p 2 4 4455 3701 22045 6099
p 2 0 4008 4152 21869 5666
p 2 0 4384 3776 22417 5954
p 2 14 3940 4206 22876 5767
p 2 0 4388 3772 21144 5958
p 2 0 4062 4098 21971 5726
p 2 0 4310 3850 23909 5944
p 2 0 4003 4157 20677 5707
p 2 0 4361 3799 21572 5962
p 2 1 4057 4102 22945 5767
p 2 0 4434 3726 22418 5980
p 2 0 4009 4151 21499 5715
p 2 0 4370 3790 21425 5963
p 2 0 4050 4110 23384 5724
p 2 0 4385 3775 22785 5967
p 2 2 4001 4157 22925 5752
p 2 0 4401 3759 19513 5920
p 2 0 4018 4142 21488 5642
p 2 9 4311 3840 25958 5995
p 2 0 3977 4183 20676 5652
p 2 0 4347 3813 21809 5903
p 2 0 4018 4142 22441 5669
p 2 0 4374 3786 26424 5982
p 2 0 4027 4133 20468 5663
p 2 0 4441 3719 22227 6013
p 2 0 3976 4184 21597 5629
p 2 0 4354 3806 26281 5964
p 2 1 3981 4178 21626 5663
p 2 0 4401 3759 22061 5973
p 2 0 4035 4125 21696 5644
p 2 8 4380 3772 26306 6032
p 2 0 4048 4112 20928 5646
p 2 0 4387 3773 22127 5926
p 2 13 3974 4173 22796 5673
p 2 0 4336 3824 25251 5917
p 2 0 3947 4213 22075 5620
p 2 0 4351 3809 22895 5899
p 2 0 3984 4176 21734 5636
p 2 0 4314 3846 24321 5920
p 2 1 3970 4189 22444 5679
p 2 0 4376 3784 21891 5955
p 2 0 3959 4201 21852 5605
p 2 3 4412 3745 23587 6025
p 2 1 4043 4116 23109 5660
p 2 0 4363 3797 22626 5911
p 2 14 3920 4226 22347 5634
p 2 0 4378 3782 23364 5927
p 2 0 3980 4180 24439 5607
p 2 0 4376 3784 21147 5926
p 2 0 3931 4229 21628 5628
p 2 0 4325 3835 19444 5792
p 2 1 3924 4235 23408 5618
p 2 0 4356 3804 23128 5896
p 2 0 3882 4278 20468 5503
p 2 1 4456 3703 21568 5985
p 2 0 3941 4219 19667 5498
p 2 0 4389 3771 22330 5897
p 2 0 3933 4227 21511 5565
p 2 1 4449 3710 21267 5981
p 2 0 3946 4214 21654 5589
p 2 1 4374 3785 22836 5951
p 2 0 3939 4221 21267 5546
p 2 0 4389 3771 20337 5889
p 2 0 3841 4319 20932 5460
p 2 0 4353 3807 21061 5798
p 2 0 3845 4315 22127 5435
i 2 8160 0 0 128682 29176
p 2 0 3200 4960 20980 5009
p 2 1727 2695 3738 125194 15428
p 2 0 2959 5201 20342 4988
p 2 1116 3618 3426 120895 13873
p 2 0 3093 5067 20451 5358
p 2 724 4212 3224 109193 12526
p 2 0 3068 5092 21193 5382
p 2 0 4349 3811 22836 6277
p 2 0 3280 4880 19152 4983
p 2 0 4582 3578 20016 5846
p 2 0 3717 4443 18054 5126
p 2 0 4445 3715 18914 5681
p 2 0 3716 4444 20705 5058
p 2 0 4460 3700 18744 5623
p 2 0 3867 4293 20097 5207
p 2 0 4443 3717 19200 5663
p 2 0 3828 4332 19917 5097
p 2 5 4386 3769 18073 5538
p 2 0 3805 4355 18373 5111
p 2 0 4301 3859 18078 5455
p 2 11 3630 4519 19820 4994
p 2 0 4297 3863 17133 5346
p 2 0 3658 4502 16932 4864
p 2 0 4296 3864 18037 5419
p 2 0 3572 4588 17534 4858
p 2 0 4237 3923 16317 5255
p 2 0 3621 4539 17457 4792
p 2 0 4252 3908 16704 5326
p 2 0 3638 4522 16790 4838
p 2 5 4236 3919 16400 5280
p 2 0 3621 4539 15967 4829
p 2 0 4249 3911 11949 5044
p 2 13 3640 4507 15390 4792
p 2 0 4197 3963 15930 5249
p 2 0 3598 4562 12253 4587
p 2 0 4265 3895 14715 5185
p 2 0 3604 4556 13821 4645
p 2 0 4258 3902 12501 5039
p 2 0 3585 4575 12751 4603
p 2 0 4242 3918 11712 4988
p 2 0 3535 4625 10838 4475
p 2 0 4218 3942 12204 5004
p 2 0 3580 4580 10566 4463
p 2 0 4218 3942 11387 4943
p 2 3 3573 4584 9623 4419
p 2 0 4185 3975 9690 4831
p 2 0 3531 4629 7987 4290
p 2 8 4171 3981 11922 4922
p 2 0 3472 4688 8870 4185
p 2 0 4211 3949 9213 4718
p 2 0 3426 4734 9134 4219
p 2 0 4127 4033 8776 4717
p 2 0 3440 4720 8890 4263
p 2 0 4200 3960 11174 4889
p 2 0 3560 4600 11877 4461
p 2 0 4089 4071 13669 4952
p 2 0 3460 4700 12512 4482
p 2 0 4098 4062 11258 4868
p 2 0 3395 4765 13282 4466
p 2 4 4044 4112 14736 4961
p 2 0 3370 4790 15807 4445
p 2 0 4037 4123 15395 5044
p 2 14 3298 4848 15478 4495
p 2 0 4136 4024 14593 5042
p 2 0 3326 4834 14369 4470
p 2 0 4126 4034 17244 5180
p 2 0 3295 4865 16324 4511
p 2 0 3998 4162 16714 5050
p 2 0 3275 4885 17554 4629
p 2 0 4045 4115 17447 5174
p 2 0 3242 4918 16126 4536
p 2 7 4035 4118 17320 5169
p 2 0 3192 4968 17313 4507
p 2 0 3997 4163 17845 5176
p 2 14 3233 4913 18365 4714
p 2 0 4051 4109 16978 5225
p 2 0 3098 5062 16632 4554
p 2 0 3934 4226 17061 5182
p 2 0 3079 5081 16657 4543
p 2 0 3968 4192 17373 5180
p 2 0 2993 5167 18585 4530
p 2 0 3952 4208 17484 5197
p 2 0 3059 5101 17745 4578
p 2 0 3877 4283 17398 5171
p 2 0 2936 5224 16499 4503
p 2 0 3879 4281 16118 5112
p 2 1 2901 5258 18023 4434
p 2 0 3873 4287 18704 5174
p 2 0 2836 5324 16771 4327
p 2 9 3836 4315 19755 5161
p 2 0 2897 5263 17743 4401
p 2 0 3817 4343 16511 5052
p 2 0 2680 5480 16725 4231
p 2 0 3807 4353 17028 5082
p 2 0 2771 5389 17052 4288
p 2 0 3666 4494 18293 5025
p 2 0 2679 5481 16126 4216
p 2 0 3815 4345 17287 5055
p 2 0 2758 5402 16867 4308
p 2 0 3687 4473 17071 4996
p 2 0 2492 5668 14644 4088
p 2 6 3716 4438 15880 5064
p 2 0 2580 5580 14708 4144
p 2 0 3536 4624 14404 4833
p 2 13 2474 5673 16871 4154
p 2 0 3547 4613 14788 4830
p 2 0 2488 5672 15683 4049
p 2 0 3409 4751 16540 4774
p 2 0 2407 5753 16721 4020
p 2 0 3328 4832 16694 4704
p 2 0 2246 5914 17921 3955
p 2 0 3225 4935 17285 4673
p 2 0 2303 5857 16914 3947
p 2 5 3079 5076 18128 4629
p 2 0 2154 6006 16834 3810
p 2 0 3102 5058 17145 4557
p 2 13 2160 5987 19018 3923
p 2 0 3026 5134 16522 4458
p 2 0 2220 5940 16351 3833
p 2 0 2764 5396 17714 4328
p 2 0 1989 6171 13952 3521
p 2 0 2627 5533 15845 4149
p 2 0 1924 6236 14397 3493
p 2 0 2494 5666 16012 4037
p 2 0 1854 6306 12654 3266
p 2 0 2624 5536 15507 4086
p 2 0 1859 6301 12164 3239
p 2 0 2190 5970 13089 3455
p 2 0 1678 6482 13907 3073
p 2 0 1996 6164 13274 3270
p 2 0 1675 6485 11444 2944
p 2 2 1842 6316 12431 3126
p 2 0 1423 6737 8495 2592
p 2 0 1691 6469 9533 2822
p 2 0 749 7411 3310 1822
p 2 0 2872 5288 15936 4216
p 2 0 1211 6949 3292 2213
p 2 0 1918 6242 12198 3232
p 2 0 1260 6900 6137 2396
p 2 0 1334 6826 8604 2516
p 2 0 792 7368 3411 1860
p 2 0 582 7578 2974 1655
p 2 0 267 7893 1706 1354
p 2 0 1481 6679 10895 2777
p 2 0 1083 7077 5652 2226
p 2 0 1169 6991 8183 2354
p 2 0 743 7417 3376 1815
p 2 0 621 7539 3036 1694
p 2 0 205 7955 1531 1291
p 2 0 114 8046 1289 1208
p 2 0 68 8092 1264 1172
p 2 0 85 8075 1230 1177
p 2 12 113 8035 3076 1307
p 2 0 69 8091 1205 1161
p 2 0 30 8130 1144 1130
p 2 0 103 8057 2201 1248
p 2 0 48 8112 1195 1150
p 2 0 34 8126 1154 1134
p 2 0 51 8109 2218 1207
p 2 0 37 8123 1174 1140
p 2 0 36 8124 1154 1134
p 2 6 48 8106 2124 1242
p 2 0 32 8128 1189 1145
p 2 0 39 8121 1161 1141
p 2 13 34 8113 2914 1245
p 2 0 26 8134 1159 1130
p 2 0 19 8141 1138 1122
p 2 0 111 8049 2150 1256
p 2 0 34 8126 1175 1137
p 2 0 30 8130 1147 1132
p 2 0 44 8116 2198 1197
p 2 0 23 8137 1155 1127
p 2 0 12 8148 1125 1116
p 2 0 92 8068 2220 1244
p 2 0 23 8137 1150 1126
p 2 0 16 8144 1139 1119
p 2 2 31 8127 2044 1192
p 2 0 28 8132 1158 1134
p 2 0 8 8152 1115 1111
p 2 9 29 8122 2578 1223
p 2 0 45 8115 1228 1151
p 2 0 23 8137 1157 1124
p 2 0 62 8098 2222 1209
p 2 0 24 8136 1162 1127
p 2 0 10 8150 1123 1112
p 2 0 41 8119 1968 1187
p 2 0 20 8140 1148 1124
p 2 0 15 8145 1130 1117
p 2 0 42 8118 2215 1196
p 2 0 37 8123 1222 1143
p 2 0 26 8134 1152 1129
p 2 7 32 8121 2098 1226
p 2 0 25 8135 1169 1139
p 2 0 4 8156 1112 1106
p 2 13 25 8122 2934 1238
p 2 0 20 8140 1152 1124
p 2 0 7 8153 1116 1110
p 2 0 42 8118 2109 1199
p 2 0 22 8138 1151 1126
p 2 0 12 8148 1125 1115
p 2 0 34 8126 2193 1188
p 2 0 23 8137 1164 1129
p 2 0 6 8154 1111 1108
p 2 0 6 8154 1108 1108
p 2 0 3 8157 1106 1106
p 2 0 4 8156 1106 1106
p 2 0 1 8159 1103 1103
p 2 0 3 8157 1105 1105
p 2 0 0 8160 1102 1102
p 2 0 33 8127 2016 1189
p 2 0 21 8139 1147 1126
p 2 2 28 8130 2019 1187
i 2 8160 0 0 528352 53953
i 2 8160 0 0 376761 43592
p 2 2013 2420 3727 341505 22955
i 2 8160 0 0 340623 41321
p 2 1521 2324 4315 259576 18048
p 2 4293 3107 760 405531 34973
p 2 1500 2792 3868 272132 19141
p 2 4793 3007 360 518018 41070
p 2 1802 3534 2824 396185 24184
p 2 3143 4732 285 533533 35708
p 2 592 5540 2028 253635 17912
p 2 1750 6251 159 311746 25271
p 2 6 6747 1407 147303 13644
p 2 937 7063 160 258973 21449
p 2 6 7003 1151 159266 14344
p 2 530 7505 125 240621 19488
p 2 5 7233 922 147724 14062
p 2 588 7442 130 261392 19829
p 2 5 7299 856 164854 14399
p 2 1633 6494 33 403830 25462
p 2 2 7032 1126 98589 12294
p 2 1264 6861 35 238153 21472
p 2 2 7379 779 155471 14483
p 2 1 7180 979 176328 13843
p 2 47 7893 220 200684 15731
p 2 1 7608 551 68877 11504
p 2 0 7259 901 140503 13385
p 2 42 7860 258 206841 15403
p 2 0 7730 430 102618 13242
p 2 1 7688 471 164262 13914
p 2 56 7885 219 133361 14355
p 2 0 7673 487 144375 13604
p 2 0 7284 876 79806 12096
p 2 51 7859 250 209254 15821
p 2 0 7769 391 134800 13725
p 2 0 7465 695 141054 13301
p 2 0 4884 3276 17124 6485
p 2 0 2154 6006 7892 3397
p 2 0 7152 1008 48333 10554
p 2 0 7324 836 82181 11299
p 2 0 4071 4089 14928 5454
p 2 0 1713 6447 6690 2931
p 2 0 549 7611 3459 1706
p 2 0 532 7628 2689 1635
p 2 0 150 8010 1476 1252
p 2 0 213 7947 1693 1310
p 2 0 314 7846 2037 1419
p 2 0 175 7985 1672 1278
p 2 862 2974 4324 150427 11985
p 2 2866 4685 609 614159 37199
p 2 3585 4537 38 658347 42413
p 2 3402 4282 476 592995 39092
i 2 8160 0 0 586998 56906
p 2 4074 3364 722 604157 41956
p 2 3886 4175 99 685678 43278
p 2 3562 4292 306 630091 39827
p 2 4261 3895 4 706347 44848
p 2 3156 4767 237 539930 38261
p 2 3289 4837 34 531154 41254
p 2 52 7339 769 235327 18780
p 2 708 7426 26 258372 23479
p 2 1 7306 853 134715 16779
p 2 1436 5986 738 183929 20010
p 2 0 5193 2967 21861 8587
p 2 318 5203 2639 122547 12000
p 2 0 3314 4846 12704 5373
p 2 304 4046 3810 116490 10026
p 2 0 3889 4271 13879 5772
p 2 0 2346 5814 7951 3925
p 2 2259 2528 3373 205035 19416
p 2 0 2091 6069 7879 3603
p 2 0 1298 6862 5564 2692
p 2 2396 3754 2010 207004 21994
p 2 0 1956 6204 8056 3727
p 2 0 1267 6893 5364 2730
p 2 488 2930 4742 149395 10943
p 2 0 1889 6271 7715 3570
p 2 0 1099 7061 4996 2407
p 2 2321 2036 3803 208573 19444
p 2 0 1647 6513 6681 3163
p 2 0 1004 7156 4149 2326
p 2 2388 1734 4038 199649 19396
p 2 0 1545 6615 6321 3116
p 2 0 836 7324 3737 2171
p 2 487 2394 5279 147276 10249
p 2 0 1737 6423 7011 3329
p 2 0 926 7234 4086 2208
p 2 2315 1529 4316 207293 18799
p 2 0 1395 6765 5894 2847
p 2 0 606 7554 3033 1869
i 2 8160 0 0 336375 49651
p 2 0 2346 5814 9234 4322
p 2 0 1882 6278 7793 3744
p 2 495 2794 4871 149642 10816
p 2 0 1856 6304 7862 3574
p 2 0 850 7310 4104 2137
p 2 2327 1450 4383 206923 18847
p 2 0 1316 6844 5366 2713
p 2 0 659 7501 3137 1921
p 2 2404 1235 4521 197889 18877
p 2 0 1420 6740 5802 2861
p 2 0 752 7408 3363 2039
p 2 491 2307 5362 147690 10164
p 2 0 1624 6536 6987 3217
p 2 505 2292 5363 129145 9711
p 2 0 1764 6396 6864 3228
p 2 371 2618 5171 112125 8876
p 2 0 1865 6295 7052 3340
p 2 230 2700 5230 108143 8205
p 2 0 2004 6156 7779 3471
p 2 245 2574 5341 109326 8103
p 2 0 1790 6370 7045 3219
p 2 655 2336 5169 156469 11197
p 2 0 1671 6489 6764 3209
p 2 559 2960 4641 143874 11131
p 2 0 2041 6119 8213 3605
p 2 907 1923 5330 151189 11907
p 2 0 1480 6680 6512 3008
p 2 1421 1589 5150 154721 13440
p 2 0 1391 6769 5749 2849
p 2 1465 1488 5207 135936 13162
p 2 0 1242 6918 5161 2656
p 2 1366 1489 5305 147667 13150
p 2 0 1372 6788 5412 2795
p 2 609 1849 5702 123038 8996
p 2 0 1258 6902 5111 2580
p 2 1252 1662 5246 163163 12549
p 2 0 1323 6837 5494 2693
p 2 925 3100 4135 163633 13044
p 2 0 1738 6422 6898 3286
p 2 696 2394 5070 140523 10703
p 2 0 1781 6379 7033 3282
p 2 391 2658 5111 134883 9771
p 2 0 2760 5400 9998 4474
p 2 0 1320 6840 4887 2637
p 2 39 3285 4836 70219 6784
p 2 0 2174 5986 8060 3647
p 2 0 2093 6067 7092 3438
p 2 41 4238 3881 72323 7783
p 2 0 2006 6154 7536 3432
p 2 0 1166 6994 4768 2464
p 2 26 2306 5828 61547 5453
p 2 0 1224 6936 5342 2582
p 2 0 851 7309 3603 2078
p 2 17 2018 6125 61516 5116
p 2 0 1464 6696 5913 2810
p 2 2 733 7425 3606 1966
p 2 0 415 7745 2340 1591
p 2 0 435 7725 2289 1580
p 2 0 339 7821 2174 1492
p 2 0 139 8021 1485 1266
p 2 0 158 8002 1563 1286
p 2 374 2349 5437 143298 9481
p 2 0 1550 6610 6449 3031
p 2 331 2449 5380 140344 9354
p 2 0 1702 6458 7021 3276
p 2 312 2525 5323 141948 9402
p 2 0 1705 6455 7081 3317
p 2 411 2518 5231 151399 9944
p 2 0 1863 6297 7449 3369
p 2 1770 1959 4431 193600 17271
p 2 0 1775 6385 7706 3512
p 2 1397 1715 5048 138709 13644
p 2 0 1518 6642 6275 3105
p 2 1148 1622 5390 145949 11526
p 2 0 1315 6845 5385 2726
p 2 1026 1808 5326 156435 11851
p 2 0 1376 6784 8229 2858
p 2 911 1522 5727 141650 10505
p 2 1 1209 6950 6593 2633
p 2 1397 1686 5077 177609 14362
p 2 3 1414 6743 8342 2944
p 2 994 1893 5273 161036 12219
p 2 11 1465 6684 10446 3121
p 2 340 1425 6395 63414 5999
p 2 13 902 7245 7786 2373
p 2 267 959 6934 48980 4633
p 2 0 772 7388 4554 2043
p 2 853 1823 5484 165976 11262
p 2 2 1370 6788 7363 2805
p 2 741 2140 5279 162897 11300
p 2 6 1733 6421 10869 3357
p 2 1020 2278 4862 175643 13137
p 2 20 1807 6333 12590 3655
p 2 1618 2995 3547 196692 17936
p 2 14 2296 5850 14328 4245
p 2 1153 2125 4882 136805 12846
p 2 946 2118 5096 149211 11285
p 2 841 2119 5200 156194 11388
p 2 756 2076 5328 142309 10478
p 2 1242 2109 4809 181520 14105
p 2 852 2399 4909 167185 12071
p 2 358 2075 5727 66954 6952
p 2 275 1530 6355 52417 5472
p 2 762 2215 5183 166315 11275
p 2 653 2538 4969 162192 11445
p 2 939 2833 4388 170320 13241
p 2 1343 2631 4186 198149 16063
p 2 997 2494 4669 142299 12873
p 2 787 2503 4870 151784 11179
p 2 711 2581 4868 158299 11490
p 2 616 2349 5195 141396 10299
p 2 940 2582 4638 182518 13274
p 2 20 2032 6108 12889 3817
p 2 621 2782 4757 163099 11355
p 2 1 1910 6249 8908 3479
p 2 299 2293 5568 62581 6716
p 2 7 1737 6416 8962 3271
p 2 228 2603 5329 51257 6337
p 2 7 1549 6604 7604 2989
p 2 247 2099 5814 61060 5741
p 2 2 1966 6192 9354 3379
p 2 228 1708 6224 53323 5428
p 2 0 816 7344 4204 2081
p 2 173 1379 6608 44709 4545
p 2 0 1173 6987 5265 2450
p 2 181 1143 6836 49956 4396
p 2 0 664 7496 3419 1894
p 2 306 1110 6744 66106 5149
p 2 0 870 7290 4274 2084
p 2 163 935 7062 52979 4199
p 2 0 586 7574 3114 1802
p 2 190 892 7078 52814 4340
p 2 0 723 7437 3608 1968
p 2 357 920 6883 53588 5356
p 2 0 655 7505 3498 1928
p 2 238 804 7118 46490 4453
p 2 0 617 7543 3453 1878
p 2 237 738 7185 46988 4254
p 2 0 504 7656 3078 1742
p 2 242 634 7284 55974 4119
p 2 0 448 7712 2687 1618
p 2 286 645 7229 56702 4583
p 2 0 463 7697 2911 1667
p 2 694 7463 3 178458 21793
p 2 509 7651 0 166924 21345
p 2 484 7676 0 193570 22430
p 2 1136 7024 0 218428 25826
p 2 409 7751 0 203055 22208
p 2 321 7839 0 177448 21688
p 2 427 7733 0 197564 22807
p 2 311 7849 0 183635 22015
p 2 574 7586 0 197356 23862
p 2 367 7793 0 172242 22650
p 2 550 7610 0 181024 23810
p 2 491 7669 0 172969 23234
p 2 835 7325 0 160792 22993
p 2 0 5749 2411 23390 9705
p 2 0 4833 3327 16889 7563
p 2 5 3697 4458 13603 5911
p 2 0 7527 633 67124 13279
p 2 0 4780 3380 16923 7170
p 2 0 2867 5293 10296 4792
p 2 0 1890 6270 6376 3467
p 2 0 1458 6702 5024 2899
p 2 0 3512 4648 13129 5155
p 2 0 1675 6485 5918 3095
p 2 0 1774 6386 5934 3098
p 2 2 1701 6457 6081 3023
p 2 0 1198 6962 4499 2455
p 2 0 618 7542 2688 1818
p 2 5 654 7501 3559 1852
p 2 0 566 7594 2711 1732
p 2 0 663 7497 2858 1826
p 2 0 347 7813 2441 1523
p 2 0 350 7810 2044 1494
p 2 0 320 7840 1993 1449
p 2 0 395 7765 2662 1547
p 2 0 188 7972 1645 1324
p 2 0 171 7989 1544 1286
p 2 0 164 7996 1558 1280
p 2 0 182 7978 1626 1305
p 2 0 110 8050 1427 1232
p 2 0 102 8058 1397 1218
p 2 0 97 8063 1743 1220
p 2 0 54 8106 1233 1163
p 2 1 69 8090 1424 1202
p 2 0 1042 7118 4112 2255
p 2 0 264 7896 1968 1442
i 2 8160 0 0 294355 45796
p 2 0 2686 5474 9656 4729
p 2 0 2291 5869 8134 4113
p 2 5 1500 6655 6263 3026
p 2 0 915 7245 3842 2283
p 2 0 605 7555 2901 1845
p 2 0 612 7548 3280 1823
p 2 0 514 7646 2546 1698
p 2 0 259 7901 1840 1431
p 2 0 244 7916 2169 1398
p 2 0 279 7881 1846 1414
p 2 0 277 7883 1933 1420
p 2 0 166 7994 2082 1324
p 2 0 123 8037 1449 1243
p 2 0 129 8031 1459 1240
p 2 3 152 8005 1831 1313
p 2 0 66 8094 1287 1191
p 2 0 74 8086 1296 1186
p 2 5 83 8072 2232 1236
p 2 0 55 8105 1240 1162
p 2 0 49 8111 1232 1156
p 2 0 68 8092 1719 1194
p 2 0 49 8111 1226 1162
p 2 0 58 8102 1295 1167
p 2 1 1760 6399 26430 4028
p 2 0 942 7218 4212 2208
p 2 0 576 7584 2767 1758
p 2 11 1942 6207 40379 4795
p 2 0 1206 6954 5009 2525
p 2 0 400 7760 2369 1588
p 2 30 1726 6404 51091 5032
p 2 0 1194 6966 5391 2525
p 2 0 565 7595 2962 1791
p 2 64 1692 6404 61818 5493
p 2 0 1376 6784 6555 2840
p 2 0 953 7207 4569 2254
p 2 130 1555 6475 66410 5763
p 2 0 1065 7095 5184 2443
p 2 0 460 7700 2819 1711
p 2 248 2450 5462 93533 9108
p 2 64 2693 5403 57698 7440
p 2 64 2564 5532 59946 7309
p 2 308 2405 5447 88366 9251
p 2 313 2409 5438 81456 9198
p 2 71 2470 5619 47456 6719
p 2 262 2110 5788 65133 7926
p 2 353 2004 5803 71165 8381
p 2 85 2106 5969 36352 6116
p 2 244 2224 5692 46925 7418
p 2 521 1657 5982 61426 8274
p 2 160 2063 5937 28990 6117
p 2 278 2020 5862 28819 6476
p 2 824 1270 6066 49203 7907
p 2 2 918 7240 4056 2353
p 2 0 811 7349 3385 2077
p 2 637 835 6688 34598 6037
p 2 0 773 7387 3433 2095
p 2 0 458 7702 2540 1682
p 2 958 610 6592 46985 6490
p 2 0 457 7703 2338 1621
p 2 0 208 7952 1618 1346
p 2 1019 828 6313 67487 7672
p 2 0 664 7496 2842 1829
p 2 0 311 7849 1746 1421
p 2 577 1212 6371 70299 6962
p 2 0 819 7341 3182 2038
p 2 0 391 7769 1888 1503
p 2 598 1334 6228 69843 7188
p 2 0 902 7258 3453 2200
p 2 0 441 7719 1898 1568
p 2 0 344 7816 1675 1450
p 2 0 218 7942 1483 1326
p 2 0 233 7927 1555 1338
p 2 0 187 7973 1431 1291
p 2 0 169 7991 1525 1273
p 2 0 102 8058 1309 1208
p 2 0 63 8097 1243 1165
p 2 0 64 8096 1224 1161
i 2 8160 0 0 230793 40250
p 2 0 2272 5888 7977 4106
p 2 0 1927 6233 6700 3613
p 2 10 1209 6941 5746 2678
p 2 0 817 7343 3465 2150
p 2 0 419 7741 2261 1621
p 2 0 378 7782 3076 1591
p 2 0 538 7622 2747 1713
p 2 0 331 7829 2044 1480
p 2 0 275 7885 2663 1449
p 2 0 149 8011 1501 1281
p 2 0 105 8055 1363 1217
p 2 0 144 8016 2353 1284
p 2 0 149 8011 1499 1260
p 2 0 140 8020 1535 1254
p 2 6 122 8032 1859 1314
p 2 0 68 8092 1270 1182
p 2 0 54 8106 1234 1161
p 2 13 63 8084 2556 1260
p 2 0 73 8087 1285 1180
p 2 0 37 8123 1201 1148
p 2 0 62 8098 2004 1192
p 2 0 52 8108 1217 1155
p 2 0 40 8120 1212 1145
p 2 0 127 8033 2343 1271
p 2 0 58 8102 1252 1167
p 2 0 34 8126 1191 1139
p 2 6 71 8083 1698 1245
p 2 0 84 8076 1306 1189
p 2 0 96 8064 1373 1207
p 2 10 50 8100 2295 1227
p 2 0 54 8106 1221 1159
p 2 0 70 8090 1286 1178
p 2 0 83 8077 2231 1229
p 2 0 46 8114 1212 1151
p 2 0 37 8123 1197 1144
p 2 6 59 8095 1668 1238
p 2 0 24 8136 1163 1132
p 2 0 34 8126 1185 1139
p 2 13 33 8114 2486 1222
p 2 0 27 8133 1165 1132
p 2 0 15 8145 1136 1121
p 2 0 36 8124 1943 1165
p 2 0 30 8130 1171 1132
p 2 0 17 8143 1138 1120
p 2 0 35 8125 2088 1171
p 2 0 25 8135 1155 1126
p 2 0 14 8146 1142 1118
p 2 0 15 8145 1136 1119
p 2 0 15 8145 1156 1120
p 2 0 32 8128 1900 1158
p 2 0 21 8139 1149 1124
p 2 5 22 8133 1549 1171
p 2 0 14 8146 1131 1121
i 2 8160 0 0 238217 40603
p 2 0 2312 5848 8326 4150
p 2 0 1828 6332 6537 3516
p 2 15 1018 7127 5410 2511
p 2 0 847 7313 3600 2162
p 2 0 549 7611 2614 1755
p 2 1 417 7742 3278 1641
p 2 0 233 7927 1703 1367
p 2 0 302 7858 1839 1434
p 2 0 231 7929 2705 1412
p 2 0 280 7880 1946 1424
p 2 0 150 8010 1445 1263
p 2 1 119 8040 2369 1288
p 2 0 83 8077 1316 1189
p 2 0 95 8065 1342 1199
p 2 10 126 8024 1764 1329
p 2 0 68 8092 1247 1177
p 2 0 73 8087 1294 1182
p 2 20 120 8020 2952 1356
p 2 0 108 8052 1386 1218
p 2 0 47 8113 1210 1154
p 2 0 81 8079 2133 1221
p 2 0 76 8084 1282 1182
p 2 0 59 8101 1264 1161
p 2 1 159 8000 2497 1322
p 2 0 95 8065 1330 1207
p 2 0 111 8049 1352 1214
p 2 10 182 7968 1817 1381
p 2 0 128 8032 1419 1245
p 2 0 61 8099 1254 1171
p 2 20 71 8069 2829 1301
p 2 0 86 8074 1304 1193
p 2 0 74 8086 1296 1183
p 2 0 71 8089 2225 1213
p 2 0 54 8106 1227 1158
p 2 0 59 8101 1232 1165
p 2 1 64 8095 2242 1214
p 2 0 40 8120 1195 1144
p 2 0 23 8137 1147 1127
p 2 10 57 8093 1503 1250
p 2 0 31 8129 1168 1138
p 2 0 17 8143 1133 1120
p 2 20 37 8103 2741 1263
p 2 0 42 8118 1197 1146
p 2 0 24 8136 1153 1128
p 2 0 60 8100 2106 1201
p 2 0 66 8094 1220 1166
p 2 0 36 8124 1159 1135
p 2 1 64 8095 2225 1209
p 2 0 48 8112 1214 1150
p 2 0 46 8114 1214 1148
p 2 10 55 8095 1504 1249
p 2 0 26 8134 1163 1134
p 2 0 18 8142 1139 1122
p 2 20 33 8107 2722 1256
p 2 0 35 8125 1176 1137
p 2 0 34 8126 1224 1137
p 2 0 48 8112 2100 1186
p 2 0 38 8122 1179 1139
p 2 0 30 8130 1130 1125
p 2 1 64 8095 2241 1209
p 2 0 25 8135 1165 1128
p 2 0 11 8149 1117 1113
p 2 0 46 8114 2061 1183
p 2 0 28 8132 1174 1135
p 2 0 49 8111 1199 1150
p 2 0 15 8145 1129 1117
p 2 0 5 8155 1115 1108
p 2 0 10 8150 1123 1112
i 2 8160 0 0 230280 36368
p 2 0 1155 7005 4039 2472
p 2 0 824 7336 3133 2093
p 2 36 534 7590 4524 1892
p 2 0 543 7617 2436 1690
p 2 0 361 7799 1965 1491
p 2 1 314 7845 3382 1504
p 2 0 224 7936 1610 1334
p 2 0 216 7944 1653 1326
p 2 0 297 7863 3205 1464
p 2 0 140 8020 1441 1254
p 2 0 120 8040 1344 1221
p 2 1 174 7985 2945 1353
p 2 0 166 7994 1488 1272
p 2 0 69 8091 1285 1177
p 2 30 123 8007 1840 1398
p 2 0 100 8060 1363 1217
p 2 0 34 8126 1163 1138
p 2 48 43 8069 3645 1392
p 2 0 30 8130 1167 1135
p 2 0 4185 3975 24230 6328
p 2 0 1679 6481 6784 2942
p 2 0 689 7471 2887 1875
p 2 0 379 7781 2032 1528
p 2 1 273 7886 3267 1478
p 2 0 390 7770 2021 1498
p 2 0 157 8003 1438 1265
p 2 30 156 7974 1900 1435
p 2 0 106 8054 1337 1218
p 2 0 163 7997 1483 1270
p 2 48 100 8012 3739 1445
p 2 0 78 8082 1286 1183
p 2 0 73 8087 1279 1177
p 2 30 109 8021 1786 1384
p 2 0 42 8118 1199 1156
p 2 0 35 8125 1171 1134
p 2 48 57 8055 3654 1403
p 2 0 38 8122 1197 1144
p 2 0 22 8138 1140 1126
p 2 0 60 8100 2610 1220
p 2 0 43 8117 1211 1148
p 2 0 20 8140 1149 1127
i 2 8160 0 0 64871 25711
p 2 0 4706 3454 5527 5068
p 2 0 4419 3741 6147 4906
p 2 0 2853 5307 3506 3443
p 2 0 3029 5131 4550 3598
p 2 0 1950 6210 2645 2611
p 2 0 2239 5921 4005 2851
p 2 0 1134 7026 2013 1971
p 2 0 1116 7044 2933 1979
p 2 0 761 7399 1721 1672
p 2 0 904 7256 2994 1813
p 2 0 442 7718 1487 1448
p 2 0 337 7823 2348 1410
p 2 0 192 7968 1298 1262
p 2 0 279 7881 2511 1354
p 2 0 230 7930 1304 1283
p 2 0 299 7861 2333 1381
p 2 0 225 7935 1322 1281
p 2 0 203 7957 2481 1312
p 2 0 376 7784 1423 1388
p 2 0 318 7842 2363 1403
p 2 0 345 7815 1402 1368
p 2 0 323 7837 2548 1390
p 2 0 145 8015 1246 1224
p 2 0 244 7916 2272 1334
p 2 0 236 7924 1315 1287
p 2 0 244 7916 2481 1326
p 2 0 267 7893 1367 1311
p 2 0 80 8080 2153 1225
p 2 0 219 7941 1303 1268
p 2 0 136 8024 2413 1252
p 2 0 122 8038 1237 1203
p 2 0 118 8042 2189 1244
p 2 0 180 7980 1257 1237
p 2 0 122 8038 2392 1235
p 2 0 79 8081 1198 1168
p 2 0 103 8057 2148 1225
p 2 0 30 8130 1150 1134
p 2 0 84 8076 2374 1209
p 2 0 28 8132 1158 1131
p 2 0 33 8127 2113 1177
i 2 8160 0 0 123106 29327
p 2 136 4641 3383 39237 8957
p 2 96 4725 3339 39805 8805
p 2 123 4667 3370 43365 9132
p 2 219 4644 3297 38813 9363
p 2 258 4627 3275 41165 9342
p 2 140 4780 3240 38360 8957
p 2 131 4711 3318 42246 8991
p 2 118 4832 3210 38407 8922
p 2 135 4746 3279 37965 9034
p 2 169 4749 3242 39571 9046
p 2 101 4764 3295 41615 9019
p 2 55 4970 3135 39405 8954
p 2 127 4806 3227 38440 9134
p 2 88 4830 3242 36566 8847
p 2 57 4852 3251 41021 8431
p 2 58 4895 3207 35460 8511
p 2 239 4703 3218 37800 9214
p 2 146 4779 3235 43165 9006
p 2 136 4847 3177 37382 8922
p 2 130 4756 3274 40897 8932
p 2 148 4816 3196 40364 9094
p 2 162 4791 3207 37330 9014
p 2 93 4805 3262 41149 8939
p 2 56 4934 3170 39190 8968
p 2 137 4719 3304 41742 9056
p 2 90 4777 3293 39785 8878
p 2 114 4865 3181 36615 8309
p 2 60 4803 3297 39080 8322
p 2 225 4676 3259 41635 9197
p 2 141 4902 3117 39083 8985
p 2 131 4884 3145 38097 8950
p 2 145 4867 3148 38107 8902
p 2 151 4794 3215 45303 9224
p 2 151 4881 3128 37743 9019
p 2 100 4908 3152 39010 8822
p 2 115 4877 3168 40759 9082
p 2 237 4665 3258 35673 8902
p 2 133 4764 3263 40450 8742
p 2 117 4800 3243 37852 8238
p 2 61 4878 3221 35270 8241
p 2 223 4650 3287 40382 9072
p 2 145 4842 3173 38714 8941
p 2 144 4835 3181 42213 8897
p 2 144 4860 3156 39164 8966
p 2 151 4762 3247 42236 9107
p 2 170 4887 3103 38584 8928
p 2 96 4931 3133 38183 8888
p 2 87 4919 3154 40539 8977
p 2 226 4713 3221 40419 9203
p 2 127 4777 3256 36591 8497
p 2 59 4834 3267 36423 8244
p 2 62 4785 3313 33650 8137
p 2 209 4643 3308 42315 8907
p 2 172 4752 3236 40484 8974
p 2 155 4809 3196 36997 8872
p 2 159 4759 3242 38086 8883
p 2 155 4766 3239 43311 9203
p 2 148 4845 3167 38492 8910
p 2 98 4880 3182 38475 8940
p 2 134 4847 3179 38374 8961
p 2 230 4591 3339 40803 9062
p 2 112 4766 3282 35269 8524
p 2 111 4803 3246 37663 8334
p 2 67 4817 3276 34494 8270
p 2 206 4679 3275 37943 8957
p 2 130 4871 3159 39896 8938
p 2 161 4817 3182 37572 8952
p 2 174 4788 3198 38907 8893
p 2 162 4749 3249 43083 9251
p 2 163 4825 3172 36072 8850
p 2 99 4865 3196 43388 8883
p 2 99 4822 3239 41415 8985
p 2 245 4707 3208 35337 8945
p 2 120 4784 3256 36502 8675
p 2 41 4804 3315 36640 8085
p 2 62 4796 3302 36334 8196
p 2 195 4718 3247 38379 8911
p 2 143 4797 3220 39350 8946
p 2 168 4687 3305 39840 8970
p 2 218 4752 3190 38667 9169
p 2 131 4816 3213 38654 8841
p 2 156 4794 3210 37699 8880
p 2 115 4783 3262 37876 8843
i 2 8160 0 0 115952 29201
p 2 185 5090 2885 40067 9975
p 2 1573 4962 1625 121293 18811
p 2 54 6045 2061 45811 10978
i 2 8160 0 0 134677 30205
p 2 379 6036 1745 69340 13568
i 2 8160 0 0 221925 34468
p 2 249 4143 3768 36763 8604
i 2 8160 0 0 293444 36784
p 2 184 3733 4243 30655 7354
p 2 141 3661 4358 30887 6900
p 2 122 3916 4122 34287 7284
p 2 246 3707 4207 42054 7895
p 2 206 3924 4030 37002 7876
p 2 168 4055 3937 35508 7512
p 2 387 4058 3715 47636 9073
p 2 226 3789 4145 37509 7913
p 2 291 4032 3837 42977 8591
p 2 294 4281 3585 48271 9078
p 2 193 3970 3997 38896 7968
p 2 171 3433 4556 31435 6852
p 2 214 3811 4135 37415 7729
p 2 187 3803 4170 35021 7495
p 2 287 3739 4134 37762 7768
p 2 298 3527 4335 42141 7970
p 2 258 3781 4121 41853 8176
p 2 238 3905 4017 37535 8048
p 2 219 4124 3817 36872 7876
p 2 241 3372 4547 31554 7153
p 2 246 3422 4492 38325 7542
p 2 248 4093 3819 40212 8160
p 2 204 4712 3244 45612 8859
p 2 206 4311 3643 41664 8443
p 2 317 3961 3882 49229 8861
p 2 246 4151 3763 43918 8521
p 2 259 4018 3883 41745 7972
p 2 351 3989 3820 44552 8608
p 2 187 3749 4224 37397 7566
p 2 152 3846 4162 31205 7155
p 2 162 3756 4242 35898 7321
p 2 211 3923 4026 39385 7931
p 2 335 3888 3937 45948 8661
p 2 216 3918 4026 38352 7919
p 2 152 3965 4043 34054 7374
p 2 119 3819 4222 32170 7149
p 2 158 3530 4472 35275 7111
p 2 304 3702 4154 44661 8084
p 2 276 3601 4283 47239 8282
p 2 164 3575 4421 34580 7109
p 2 248 3434 4478 41361 7660
p 2 267 3598 4295 43863 7948
p 2 264 3429 4467 40050 7720
p 2 348 3415 4397 42702 8129
i 2 8160 0 0 134179 29236
p 2 0 992 7168 2353 1991
p 2 0 944 7216 2022 1922
p 2 1875 2003 4282 134954 15174
p 2 0 1433 6727 4143 2737
p 2 0 669 7491 2035 1706
p 2 1915 2027 4218 138643 15382
p 2 0 1257 6903 4291 2634
p 2 0 534 7626 1960 1630
p 2 2947 1467 3746 142937 18406
p 2 0 1152 7008 3680 2445
p 2 0 471 7689 1756 1549
i 2 8160 0 0 133280 29085
p 2 0 1063 7097 2487 2055
p 2 0 1099 7061 2358 2053
p 2 2273 1921 3966 135315 16229
p 2 0 1424 6736 4047 2760
p 2 0 526 7634 1847 1605
p 2 1394 2212 4554 133364 13646
p 2 0 1311 6849 4330 2678
p 2 0 548 7612 1993 1643
p 2 1382 1953 4825 128164 13142
p 2 0 1223 6937 4252 2660
p 2 0 530 7630 2171 1644
p 2 0 412 7748 1743 1497
p 2 0 322 7838 1526 1401
p 2 0 201 7959 1389 1288
p 2 0 146 8014 1631 1247
p 2 0 113 8047 1278 1209
p 2 0 70 8090 1216 1168
p 2 0 78 8082 1325 1182
p 2 0 50 8110 1183 1154
p 2 0 78 8082 1212 1170
i 2 8160 0 0 135144 29028
p 2 0 1000 7160 2590 2006
p 2 0 1281 6879 3951 2268
p 2 2171 1954 4035 141303 16075
p 2 0 1556 6604 4392 2881
p 2 0 635 7525 2336 1717
p 2 2256 1923 3981 146071 16625
p 2 0 1239 6921 4141 2628
p 2 0 574 7586 1994 1673
p 2 2219 1805 4136 149913 16468
p 2 0 1281 6879 4187 2644
p 2 0 530 7630 2231 1638
p 2 1900 2028 4232 150391 15466
p 2 0 1311 6849 4447 2702
p 2 0 547 7613 1978 1655
p 2 1890 2000 4270 147440 15241
p 2 0 1410 6750 4957 2821
p 2 0 580 7580 2191 1681
p 2 1885 1949 4326 146675 15304
p 2 0 1275 6885 4304 2665
p 2 0 513 7647 1975 1615
p 2 1842 1969 4349 148168 15046
p 2 0 1271 6889 4170 2594
p 2 0 636 7524 2319 1778
p 2 0 430 7730 1699 1506
p 2 0 342 7818 1544 1414
p 2 0 213 7947 1419 1299
p 2 0 307 7853 1729 1393
p 2 0 178 7982 1346 1262
p 2 0 142 8018 1270 1221
p 2 0 139 8021 1351 1237
p 2 0 94 8066 1300 1192
p 2 0 296 7864 2458 1428
p 2 0 165 7995 1634 1273
p 2 0 145 8015 1692 1256
p 2 0 130 8030 1337 1217
p 2 0 39 8121 1163 1138
p 2 0 26 8134 1154 1127
p 2 0 50 8110 1181 1145
p 2 0 78 8082 1492 1190
p 2 0 57 8103 1289 1161
p 2 0 26 8134 1148 1127
p 2 0 39 8121 1181 1139
p 2 0 16 8144 1128 1117
p 2 0 19 8141 1138 1121
p 2 0 11 8149 1120 1113
p 2 0 9 8151 1119 1111
p 2 82 2616 5462 95309 7447
p 2 0 1537 6623 5398 2906
p 2 90 2707 5363 88881 7310
p 2 0 1541 6619 5446 2903
p 2 94 2751 5315 95972 7485
p 2 0 1610 6550 5571 3016
p 2 85 2657 5418 85882 7003
p 2 0 2424 5736 29092 4227
p 2 85 2570 5505 90147 7027
p 2 0 1673 6487 5791 2923
p 2 0 783 7377 3029 1901
p 2 0 457 7703 2162 1566
p 2 0 216 7944 1468 1315
p 2 0 181 7979 1389 1270
p 2 0 196 7964 1529 1292
p 2 0 120 8040 1343 1222
p 2 0 119 8041 1372 1217
p 2 0 63 8097 1217 1162
p 2 0 36 8124 1174 1139
p 2 0 33 8127 1162 1136
i 2 8160 0 0 134849 28000
p 2 0 7605 555 29811 8975
p 2 0 7648 512 31348 8960
p 2 0 7634 526 31786 8937
p 2 0 7735 425 27278 8823
p 2 0 7669 491 31182 8683
p 2 0 7742 418 26124 8612
p 2 0 7711 449 27753 8748
p 2 0 7705 455 36457 9068
p 2 1 7749 410 31487 9029
p 2 0 7750 410 28583 8984
p 2 0 7734 426 30625 9004
p 2 0 7724 436 27896 9092
p 2 0 7724 436 30622 9090
p 2 0 7743 417 29330 9159
p 2 0 7733 427 28541 9050
p 2 0 7724 436 33280 9224
p 2 0 7730 430 31855 9059
p 2 0 7715 445 36218 9237
p 2 0 7722 438 31438 9052
p 2 0 7731 429 32089 9196
p 2 0 7707 453 33273 9072
p 2 0 7702 458 29302 9064
p 2 0 7691 469 29348 8985
p 2 0 7698 462 29691 8957
p 2 1 7677 482 33594 9001
p 2 0 7669 491 28280 8989
p 2 0 7654 506 28024 8863
p 2 0 7649 511 28045 8948
p 2 1 7644 515 30405 8914
p 2 2 7632 526 28644 8982
p 2 3 7617 540 29273 8907
p 2 1 7626 533 28004 8964
p 2 2 7613 545 27538 8875
p 2 0 7608 552 27974 8927
p 2 0 7593 567 29776 8907
p 2 0 7584 576 28696 8869
p 2 0 7588 572 27696 8888
p 2 0 7564 596 27864 8937
p 2 0 7552 608 29860 8807
p 2 0 7562 598 28105 8947
p 2 0 7559 601 26859 8801
p 2 1 7546 613 28339 9002
p 2 8 7546 606 29495 8882
p 2 9 7531 620 31757 9033
p 2 1 7558 601 26682 8891
p 2 0 7545 615 28769 9024
p 2 0 7540 620 29303 8917
p 2 6 7531 623 31095 9098
p 2 14 7517 629 27118 8943
p 2 9 7534 617 27544 8978
p 2 0 7513 647 28006 8846
p 2 1 7522 637 25295 8902
p 2 2 7506 652 28426 8912
p 2 8 7496 656 25450 8948
p 2 16 7481 663 24665 8848
p 2 14 7499 647 26968 8992
p 2 12 7488 660 27059 8878
p 2 7 7458 695 29111 9040
p 2 4 7490 666 26425 8852
p 2 1 7486 673 28932 8988
p 2 2 7448 710 29571 8969
p 2 3 7463 694 29159 8997
p 2 6 7466 688 33429 8984
p 2 6 7432 722 28984 8992
p 2 4 7449 707 31236 8923
p 2 6 7428 726 34503 9021
p 2 3 7449 708 28923 8833
p 2 5 7431 724 30961 8872
p 2 1 7428 731 30995 8824
p 2 0 7394 766 32449 8882
p 2 0 7402 758 27612 8558
p 2 1 7397 762 29738 8539
p 2 0 7378 782 27470 8537
p 2 4 7356 800 28971 8527
p 2 4 7344 812 26610 8345
p 2 6 7339 815 25319 8360
p 2 7 7312 841 26588 8363
p 2 5 7342 813 22977 8279
p 2 0 7336 824 23702 8226
p 2 2 7309 849 25136 8393
p 2 3 7322 835 25730 8293
p 2 0 7323 837 30817 8541
p 2 1 7283 876 28640 8287
p 2 1 7278 881 29933 8524
p 2 1 7276 883 27669 8452
p 2 0 7274 886 29102 8543
p 2 0 7201 959 30050 8475
p 2 0 7251 909 32034 8530
p 2 2 7200 958 29054 8480
p 2 1 7193 966 31600 8523
p 2 0 7197 963 28579 8423
p 2 0 7179 981 26257 8426
p 2 0 7137 1023 27788 8411
p 2 1 7140 1019 28081 8465
p 2 0 7132 1028 32959 8482
p 2 0 7139 1021 27957 8530
p 2 0 7096 1064 28813 8272
p 2 1 7114 1045 27365 8404
p 2 8 7134 1018 27211 8177
p 2 2 7080 1078 29154 8383
p 2 2 7084 1074 23879 7956
p 2 1 7083 1076 26596 8093
p 2 0 7077 1083 21507 7836
p 2 1 7074 1085 20260 7736
p 2 4 7030 1126 22116 7769
p 2 6 7033 1121 19434 7676
p 2 6 7040 1114 25210 7903
p 2 1 7015 1144 24680 7923
p 2 0 6974 1186 27638 8108
p 2 1 6992 1167 26733 8152
p 2 1 7008 1151 28946 8154
p 2 1 7030 1129 26486 8222
p 2 1 6976 1183 31038 8266
p 2 0 7007 1153 24698 8151
p 2 0 6985 1175 25829 8076
p 2 0 6993 1167 24828 8127
p 2 0 6972 1188 25200 8096
p 2 0 6914 1246 26439 8082
p 2 0 6932 1228 23672 8027
p 2 0 6942 1218 22053 7865
p 2 0 6885 1275 22126 7769
p 2 0 6910 1250 17635 7625
p 2 0 6846 1314 16315 7548
p 2 0 6865 1295 13554 7423
p 2 0 6873 1287 19139 7556
p 2 0 6854 1306 22493 7698
p 2 277 6641 1242 63178 11907
p 2 153 6780 1227 67857 12801
p 2 82 6728 1350 77445 13252
p 2 159 6675 1326 82880 14025
p 2 329 6397 1434 100181 14745
p 2 201 6418 1541 109349 14261
p 2 228 5989 1943 123518 13756
p 2 409 5252 2499 135332 13827
p 2 523 4927 2710 153668 13912
p 2 663 3963 3534 139374 12753
p 2 650 3359 4151 108250 10854
p 2 539 2468 5153 62957 7596
p 2 1104 1609 5447 70885 8790
p 2 1489 2180 4491 109490 12763
p 2 1852 2484 3824 128970 15907
p 2 1592 3440 3128 136097 16816
p 2 972 4783 2405 127432 16454
p 2 699 5800 1661 119788 16978
p 2 629 6374 1157 105758 16907
p 2 493 6817 850 86926 16285
p 2 419 7240 501 83757 16349
p 2 348 7583 229 72570 15646
p 2 305 7838 17 74926 16219
p 2 0 5621 2539 11444 7252
p 2 0 6548 1612 25102 8814
p 2 0 6325 1835 25215 8856
p 2 0 6599 1561 23309 8416
p 2 0 6224 1936 23327 8182
p 2 0 6603 1557 26920 8637
p 2 0 6208 1952 23368 8045
p 2 0 6314 1846 24200 8110
p 2 0 5913 2247 22214 7690
p 2 0 6305 1855 26424 8322
p 2 0 6136 2024 23116 7912
p 2 0 5978 2182 23205 7767
p 2 0 5777 2383 23128 7677
p 2 0 6089 2071 25638 8073
p 2 0 5839 2321 23266 7738
p 2 0 5984 2176 23181 7750
p 2 0 5682 2478 22696 7523
p 2 0 5733 2427 24721 7658
p 2 0 5770 2390 23177 7646
p 2 0 5902 2258 22900 7667
p 2 0 5735 2425 23864 7652
p 2 0 5954 2206 24678 7877
p 2 0 5882 2278 23400 7700
p 2 0 5771 2389 22641 7511
p 2 0 5502 2658 23717 7454
p 2 0 5968 2192 24137 7764
p 2 0 5647 2513 22998 7438
p 2 0 5778 2382 22849 7527
p 2 0 5678 2482 23171 7508
p 2 0 5829 2331 24026 7658
p 2 0 5621 2539 22506 7421
p 2 0 5838 2322 23172 7609
p 2 0 5809 2351 23395 7594
p 2 0 5739 2421 23787 7561
p 2 0 5545 2615 23000 7416
p 2 0 5738 2422 22821 7484
p 2 0 5805 2355 23567 7591
p 2 0 5618 2542 23745 7461
p 2 0 5752 2408 23165 7534
p 2 0 5754 2406 22868 7495
p 2 0 5481 2679 23388 7314
p 2 0 5611 2549 23620 7436
p 2 0 5369 2791 22586 7215
p 2 0 5895 2265 23320 7613
p 2 0 5647 2513 23744 7520
p 2 0 5863 2297 24449 7684
p 2 0 5561 2599 23264 7408
p 2 0 5760 2400 23390 7522
p 2 0 5757 2403 23738 7578
p 2 0 5689 2471 23730 7526
p 2 0 5589 2571 22881 7409
p 2 0 5748 2412 23468 7529
p 2 0 5661 2499 23452 7497
p 2 0 5861 2299 24041 7636
p 2 0 5777 2383 22584 7480
p 2 0 5732 2428 23223 7461
p 2 0 5875 2285 23628 7612
p 2 0 5830 2330 23846 7626
p 2 0 5460 2700 22692 7312
p 2 0 5780 2380 23016 7523
p 2 0 5744 2416 23298 7499
p 2 0 5451 2709 23111 7306
p 2 0 5459 2701 22482 7275
p 2 0 5751 2409 22911 7436
p 2 0 5456 2704 22700 7288
p 2 0 5677 2483 23680 7467
p 2 0 5737 2423 22628 7488
p 2 0 5755 2405 23200 7496
p 2 0 5735 2425 23441 7490
p 2 0 5754 2406 23288 7486
p 2 0 5836 2324 22852 7546
p 2 0 5756 2404 22942 7449
p 2 0 5557 2603 22687 7301
p 2 0 5735 2425 23571 7492
p 2 0 5805 2355 22650 7523
p 2 0 5612 2548 22965 7361
p 2 0 5582 2578 23103 7403
p 2 0 5646 2514 23306 7417
p 2 0 5770 2390 22815 7510
p 2 0 5750 2410 23047 7439
p 2 0 5469 2691 23522 7329
p 2 0 5690 2470 23631 7463
p 2 0 5603 2557 22951 7411
p 2 0 5534 2626 22730 7294
p 2 0 5551 2609 22976 7348
p 2 0 5644 2516 23546 7415
p 2 0 5619 2541 22843 7432
p 2 0 5841 2319 23062 7553
p 2 0 5700 2460 23254 7459
p 2 0 5731 2429 23273 7457
p 2 0 5452 2708 22676 7311
p 2 0 5930 2230 23290 7611
p 2 0 5693 2467 23518 7543
p 2 0 5589 2571 23698 7470
p 2 0 5798 2362 22801 7561
p 2 0 5775 2385 23081 7494
p 2 0 5612 2548 23305 7452
p 2 0 5800 2360 23772 7601
p 2 0 5467 2693 22760 7327
p 2 0 5845 2315 22469 7481
p 2 0 7358 802 36503 10480
p 2 0 6398 1762 24655 8228
p 2 0 5912 2248 24146 7816
p 2 0 5810 2350 21428 7489
p 2 0 5555 2605 22984 7382
p 2 0 5868 2292 24607 7741
p 2 0 5953 2207 23602 7795
p 2 0 5770 2390 22979 7540
p 2 0 5790 2370 23257 7590
p 2 0 5866 2294 24674 7747
p 2 0 5658 2502 23064 7549
p 2 0 5679 2481 23193 7485
p 2 0 5801 2359 23339 7575
p 2 0 5757 2403 24102 7569
p 2 0 6056 2104 23332 7814
p 2 0 5620 2540 22379 7339
p 2 0 5477 2683 23702 7360
p 2 0 5801 2359 24091 7594
p 2 0 5870 2290 23402 7643
p 2 0 5705 2455 23163 7464
p 2 0 5371 2789 22667 7228
p 2 0 5848 2312 24469 7708
p 2 0 5553 2607 23055 7411
p 2 0 5926 2234 23346 7631
p 2 0 5604 2556 23223 7443
p 2 0 5817 2343 24120 7617
p 2 0 5629 2531 22575 7420
p 2 0 5797 2363 22980 7493
p 2 0 5513 2647 22886 7343
p 2 0 5689 2471 24008 7495
p 2 0 5693 2467 22778 7470
p 2 0 5695 2465 22833 7492
p 2 0 5596 2564 22861 7403
p 2 0 5583 2577 23487 7417
p 2 0 5668 2492 22714 7433
p 2 0 5655 2505 22540 7370
p 2 0 5591 2569 23261 7416
p 2 0 5636 2524 23090 7436
p 2 0 5998 2162 22972 7690
p 2 0 5695 2465 22184 7359
p 2 0 5583 2577 23204 7427
p 2 0 5524 2636 22953 7332
p 2 0 5425 2735 22403 7287
p 2 0 5732 2428 22627 7426
p 2 0 5587 2573 22940 7351
p 2 0 5497 2663 22935 7296
p 2 0 5729 2431 22896 7507
p 2 0 5575 2585 22744 7305
p 2 0 5602 2558 23248 7432
p 2 0 5679 2481 22960 7454
p 2 0 5757 2403 23242 7570
p 2 0 5747 2413 22509 7433
p 2 0 5546 2614 23412 7407
p 2 1 5576 2583 23000 7349
p 2 0 5691 2469 22895 7485
p 2 0 5823 2337 22649 7491
p 2 0 5440 2720 23248 7323
p 2 0 5692 2468 23403 7475
p 2 0 5671 2489 22738 7452
p 2 0 5802 2358 22470 7451
p 2 0 5481 2679 22908 7300
p 2 0 5558 2602 22754 7331
p 2 0 6062 2098 23149 7801
p 2 0 5741 2419 22416 7375
p 2 0 5334 2826 23019 7238
p 2 0 5780 2380 23204 7536
p 2 0 5623 2537 22466 7364
p 2 0 5667 2493 22786 7403
p 2 0 5535 2625 22797 7322
p 2 0 5692 2468 23272 7448
p 2 0 5516 2644 22487 7359
p 2 0 5682 2478 22476 7434
p 2 0 5572 2588 23211 7391
p 2 0 5703 2457 22710 7461
p 2 0 5507 2653 22643 7315
p 2 0 5646 2514 22191 7347
p 2 0 5608 2552 23194 7423
p 2 0 5569 2591 22713 7349
p 2 0 5559 2601 22312 7286
p 2 0 5726 2434 22565 7470
p 2 0 5407 2753 22716 7244
p 2 0 5562 2598 22579 7283
p 2 0 5751 2409 22768 7507
p 2 0 5682 2478 22380 7333
p 2 0 5439 2721 22681 7269
p 2 0 5501 2659 23092 7296
p 2 0 5707 2453 22648 7498
p 2 0 5858 2302 22517 7504
p 2 0 5451 2709 23239 7310
p 2 0 5477 2683 22676 7280
p 2 0 5594 2566 22664 7404
p 2 0 5972 2188 22950 7558
p 2 0 5488 2672 22999 7316
p 2 0 5736 2424 23171 7463
p 2 0 5605 2555 22529 7370
p 2 0 5721 2439 23025 7456
p 2 0 5702 2458 23105 7469
p 2 0 5556 2604 23223 7346
p 2 0 5450 2710 22398 7239
p 2 0 5697 2463 22661 7403
p 2 0 5584 2576 22955 7382
p 2 0 5587 2573 23345 7371
p 2 0 5686 2474 22707 7433
p 2 0 5736 2424 22624 7446
p 2 0 5546 2614 22851 7334
p 2 0 5683 2477 22980 7435
p 2 0 5501 2659 22470 7297
p 2 0 5935 2225 22619 7580
p 2 0 5606 2554 22907 7386
p 2 0 5609 2551 22960 7379
p 2 0 5819 2341 22295 7490
p 2 0 5776 2384 22924 7474
p 2 0 5503 2657 23209 7354
p 2 0 5579 2581 22976 7390
p 2 0 5589 2571 22531 7374
p 2 0 5682 2478 22464 7345
p 2 0 5499 2661 23110 7344
p 2 0 5601 2559 22996 7362
p 2 0 5751 2409 22534 7448
p 2 0 5782 2378 23025 7489
p 2 0 5455 2705 22478 7215
p 2 0 5724 2436 23427 7501
p 2 0 5573 2587 22085 7314
p 2 0 5764 2396 22923 7480
p 2 0 5701 2459 23261 7510
p 2 0 5669 2491 22979 7379
p 2 0 5440 2720 22196 7226
p 2 0 5809 2351 23034 7528
p 2 0 5563 2597 22754 7295
p 2 0 5549 2611 23334 7347
p 2 0 5550 2610 22467 7319
p 2 0 5809 2351 22792 7497
p 2 0 5453 2707 22835 7232
p 2 0 5574 2586 23259 7368
p 2 0 5982 2178 21864 7487
p 2 0 5811 2349 24314 7657
p 2 0 5388 2772 19747 6963
p 2 0 5946 2214 23853 7661
p 2 0 5607 2553 22602 7326
p 2 0 5834 2326 22777 7537
p 2 0 5624 2536 22807 7347
p 2 0 5499 2661 23107 7289
p 2 0 5406 2754 22823 7180
p 2 1 6036 2123 23264 7722
p 2 0 5717 2443 22462 7376
p 2 0 5310 2850 22309 7159
p 2 0 5547 2613 22857 7279
p 2 0 5980 2180 22346 7566
p 2 0 5719 2441 22465 7314
p 2 0 5439 2721 22599 7209
p 2 0 5363 2797 21935 7089
p 2 0 6004 2156 22585 7621
p 2 0 5540 2620 21771 7145
p 2 0 5347 2813 22530 7143
p 2 0 5598 2562 21964 7234
p 2 0 5769 2391 22129 7381
p 2 0 5450 2710 21759 7103
p 2 0 5443 2717 22479 7180
p 2 0 5321 2839 21505 6973
p 2 0 5391 2769 20626 6929
p 2 0 4803 3357 17704 6178
i 2 8160 0 0 192826 32181
p 2 30 7125 1005 51443 10012
p 2 17 7358 785 67903 11249
p 2 2354 5141 665 117064 19312
p 2 28 7348 784 77291 11990
p 2 60 7385 715 71147 11376
p 2 2108 5391 661 110096 18475
p 2 62 7443 655 67782 11808
p 2 38 7512 610 63477 11406
p 2 699 6892 569 106298 15149
p 2 44 7529 587 65333 11677
p 2 15 7651 494 51581 10889
p 2 920 6823 417 114299 16435
p 2 50 7727 383 68876 12024
p 2 27 7805 328 59284 11319
p 2 942 6889 329 116955 16635
p 2 47 7766 347 64439 11979
p 2 16 7801 343 64877 11685
p 2 838 7010 312 108201 16521
p 2 42 7790 328 74999 12234
p 2 22 7799 339 72455 12212
p 2 769 7088 303 118792 16681
p 2 41 7786 333 72533 12093
p 2 28 7798 334 70842 12210
p 2 26 7827 307 69201 12112
p 2 20 7831 309 75951 12423
p 2 34 7860 266 67916 12004
p 2 45 7827 288 69640 12096
p 2 38 7857 265 70200 12138
p 2 24 7847 289 69947 12243
p 2 17 7866 277 69934 11726
p 2 24 7845 291 68781 11717
p 2 10 7867 283 69984 11880
p 2 31 7841 288 62126 11545
p 2 11 7805 344 57831 11129
p 2 21 7825 314 47977 10748
p 2 19 7828 313 53749 10983
p 2 7 7847 306 61222 11437
p 2 15 7818 327 68346 11823
p 2 28 7771 361 74782 11938
p 2 16 7831 313 67986 11910
p 2 10 7832 318 68814 11609
p 2 16 7825 319 71085 11779
p 2 21 7755 384 65562 11526
p 2 10 7818 332 51662 10960
p 2 12 7792 356 46688 10716
p 2 7 7827 326 62070 11396
p 2 5 7796 359 64663 11551
p 2 10 7821 329 61921 11411
p 2 12 7791 357 64730 11467
p 2 11 7773 376 63861 10916
p 2 345 7571 244 131635 14477
p 2 0 7785 375 65986 10907
p 2 1 7766 393 67112 11482
p 2 8 7800 352 108131 12272
p 2 0 7776 384 67009 10764
p 2 2 7668 490 54189 9955
p 2 10 7696 454 108483 12144
p 2 0 7606 554 71536 10982
p 2 0 6941 1219 55948 9860
p 2 1 4097 4062 9604 5316
p 2 0 2436 5724 4423 3483
p 2 0 2012 6148 3778 2985
p 2 0 1916 6244 3909 2867
p 2 0 1656 6504 3287 2597
p 2 0 1471 6689 3050 2417
p 2 0 1499 6661 3637 2476
p 2 0 1121 7039 2415 2083
p 2 0 871 7289 2221 1870
p 2 1 848 7311 2694 1860
p 2 0 1035 7125 3350 2070
p 2 0 859 7301 2778 1893
p 2 1 1787 6372 6238 2916
p 2 0 1029 7131 3299 2093
p 2 0 775 7385 2629 1832
p 2 0 720 7440 3144 1802
p 2 0 942 7218 3765 2031
p 2 0 825 7335 3451 1893
p 2 0 445 7715 2111 1530
p 2 0 297 7863 1805 1389
p 2 0 284 7876 1545 1347
p 2 0 117 8043 1254 1205
p 2 0 89 8071 1268 1184
p 2 0 81 8079 1292 1177
p 2 0 116 8044 1359 1206
p 2 0 124 8036 1503 1219
p 2 0 178 7982 1504 1267
p 2 6 173 7981 2424 1331
p 2 0 137 8023 1357 1225
p 2 0 90 8070 1321 1191
p 2 5 242 7913 2758 1423
p 2 0 212 7948 1678 1303
p 2 0 157 8003 1375 1244
p 2 0 127 8033 2073 1280
p 2 0 107 8053 1330 1209
p 2 0 99 8061 1284 1192
p 2 5 204 7951 2649 1384
p 2 0 176 7984 1383 1259
p 2 0 130 8030 1318 1223
p 2 9 192 7959 2273 1385
p 2 0 189 7971 1470 1279
p 2 0 170 7990 1323 1254
p 2 14 168 7978 2997 1380
p 2 0 132 8028 1360 1223
p 2 0 224 7936 1602 1302
p 2 0 276 7884 2578 1421
p 2 0 134 8026 1360 1233
p 2 0 144 8016 1305 1232
p 2 5 101 8054 2425 1287
p 2 0 118 8042 1298 1210
p 2 0 69 8091 1214 1166
p 2 10 144 8006 2183 1347
p 2 0 140 8020 1292 1230
p 2 0 110 8050 1241 1205
p 2 13 161 7986 2939 1354
p 2 0 72 8088 1223 1167
p 2 0 142 8018 1354 1229
p 2 0 144 8016 2090 1294
p 2 0 125 8035 1293 1216
p 2 0 93 8067 1235 1184
p 2 4 156 8000 2582 1339
p 2 0 120 8040 1279 1208
p 2 0 106 8054 1289 1199
p 2 0 179 7981 2193 1324
p 2 0 161 7999 1414 1255
p 2 0 150 8010 1352 1235
p 2 0 129 8031 1863 1257
p 2 0 134 8026 1250 1219
p 2 0 41 8119 1165 1143
p 2 6 118 8036 2316 1278
p 2 0 100 8060 1284 1196
p 2 0 107 8053 1248 1196
p 2 5 131 8024 2523 1314
p 2 0 105 8055 1277 1197
p 2 0 88 8072 1246 1179
p 2 0 120 8040 2069 1272
p 2 0 109 8051 1320 1208
p 2 0 79 8081 1241 1177
p 2 5 79 8076 2421 1271
p 2 0 60 8100 1229 1163
p 2 0 50 8110 1216 1148
p 2 9 106 8045 2098 1296
p 2 0 70 8090 1195 1166
p 2 0 96 8064 1221 1184
p 2 13 99 8048 2902 1317
p 2 0 112 8048 1306 1207
p 2 0 43 8117 1171 1144
p 2 0 87 8073 1993 1237
p 2 0 71 8089 1249 1171
p 2 0 80 8080 1249 1175
p 2 4 115 8041 2454 1301
p 2 0 89 8071 1291 1190
p 2 0 70 8090 1206 1165
p 2 0 33 8127 1152 1134
p 2 0 34 8126 1158 1136
p 2 0 32 8128 1153 1133
p 2 0 102 8058 1957 1249
p 2 0 79 8081 1210 1173
p 2 0 118 8042 1834 1249
p 2 0 81 8079 1213 1177
p 2 0 70 8090 1180 1162
p 2 0 31 8129 1150 1133
p 2 1 31 8128 1401 1151
p 2 0 21 8139 1143 1125
p 2 0 14 8146 1132 1116
p 2 0 21 8139 1555 1134
p 2 0 23 8137 1146 1124
p 2 0 20 8140 1132 1121
p 2 0 120 8040 1583 1236
p 2 0 54 8106 1209 1154
p 2 0 36 8124 1169 1138
p 2 1 56 8103 1647 1175
p 2 0 49 8111 1206 1149
p 2 0 23 8137 1135 1124
p 2 1 53 8106 1421 1174
p 2 0 32 8128 1159 1134
p 2 0 48 8112 1190 1148
p 2 0 30 8130 1547 1142
p 2 0 33 8127 1167 1134
p 2 0 21 8139 1140 1122
p 2 0 31 8129 1345 1147
p 2 0 29 8131 1165 1130
p 2 0 34 8126 1152 1133
p 2 1 29 8130 1395 1137
p 2 0 16 8144 1128 1118
p 2 0 18 8142 1132 1119
p 2 1 21 8138 1517 1142
p 2 0 13 8147 1124 1115
p 2 0 10 8150 1119 1113
p 2 0 20 8140 1358 1134
p 2 0 15 8145 1131 1120
p 2 0 6 8154 1109 1109
p 2 0 23 8137 1547 1137
p 2 0 24 8136 1140 1126
p 2 0 9 8151 1129 1113
p 2 0 11 8149 1126 1114
p 2 0 5 8155 1115 1108
p 2 0 6 8154 1113 1109
p 2 1 14 8145 1337 1134
p 2 0 11 8149 1120 1116
p 2 0 7 8153 1111 1109
p 2 0 11 8149 1270 1120
p 2 0 9 8151 1125 1111
p 2 0 5 8155 1113 1107
i 2 8160 0 0 73543 25864
p 2 2533 4123 1504 102749 21955
p 2 2115 4588 1457 112071 22632
p 2 1808 4891 1461 115138 22535
p 2 1609 5087 1464 114699 22317
p 2 1290 5421 1449 113948 22006
p 2 1357 5362 1441 111730 23092
p 2 1733 4983 1444 116118 22792
p 2 1319 5427 1414 104437 21335
p 2 1242 5487 1431 96162 20559
p 2 1005 5746 1409 100529 20250
p 2 1466 5293 1401 109321 23007
p 2 1718 5033 1409 116026 22848
p 2 1164 5604 1392 104261 21068
p 2 1166 5577 1417 95542 20097
p 2 998 5753 1409 100695 20251
p 2 1487 5241 1432 108959 23093
p 2 1630 5093 1437 118142 23006
p 2 1166 5575 1419 101312 21020
p 2 1112 5638 1410 94296 19905
p 2 1014 5741 1405 97274 19982
p 2 1462 5282 1416 108553 22958
p 2 1684 5073 1403 114072 22494
p 2 1155 5594 1411 99684 20487
p 2 986 5773 1401 92287 19567
p 2 891 5867 1402 97445 19661
p 2 1522 5207 1431 106994 22995
p 2 1689 5037 1434 115281 22900
p 2 1077 5665 1418 100856 20555
p 2 976 5759 1425 91197 19407
p 2 867 5861 1432 93500 19312
p 2 1560 5155 1445 104499 22878
p 2 1664 5030 1466 115575 22777
p 2 1079 5624 1457 103820 20764
p 2 1004 5703 1453 91957 19554
p 2 849 5862 1449 91485 18701
p 2 1434 5280 1446 106159 22734
p 2 1620 5070 1470 115524 22787
p 2 1116 5590 1454 97480 20302
p 2 947 5754 1459 86214 18629
p 2 776 5902 1482 95587 19051
p 2 1508 5090 1562 104138 22479
p 2 2041 5116 1003 147070 25177
p 2 1133 5097 1930 87489 19117
p 2 1004 4968 2188 79393 17652
p 2 1391 5690 1079 126040 22357
p 2 1747 4661 1752 98683 22507
p 2 1741 4413 2006 106319 22018
p 2 1491 5638 1031 121840 22235
p 2 854 5773 1533 75843 17556
p 2 689 5773 1698 83498 18114
p 2 1750 5512 898 136351 26140
p 2 1654 5272 1234 120528 24736
p 2 868 5904 1388 80737 18847
i 2 8160 0 0 73832 25831
p 2 2933 3573 1654 105603 23008
p 2 3595 3904 661 133076 27423
p 2 1960 4453 1747 104681 22322
p 2 2081 5396 683 150195 25783
p 2 1191 5039 1930 94894 19927
p 2 1486 6003 671 130186 23735
p 2 1188 4991 1981 97564 21717
p 2 4045 3900 215 190446 30505
p 2 774 4321 3065 66374 15059
i 2 8160 0 0 149393 29951
p 2 1187 2173 4800 51277 11223
p 2 4431 2901 828 217563 28863
p 2 643 2356 5161 36927 8968
i 2 8160 0 0 159919 30751
p 2 358 1168 6634 19218 4909
i 2 8160 0 0 161022 31166
p 2 416 1253 6491 20129 5084
i 2 8160 0 0 86438 27166
p 2 0 1524 6636 3200 2599
i 2 8160 0 0 54969 25536
p 2 0 1055 7105 2718 2185
i 2 8160 0 0 23379 22629
p 2 248 60 7852 8486 2176
p 2 791 120 7249 15373 4235
i 2 8160 0 0 40352 23678
i 2 8160 0 0 46536 23955
i 2 8160 0 0 49424 24122
i 2 8160 0 0 80592 25961
i 2 8160 0 0 79341 26138
i 2 8160 0 0 104906 27869
i 2 8160 0 0 99115 27792
i 2 8160 0 0 111599 29451
p 2 4063 3424 673 111350 26469
p 2 4630 3247 283 149828 30884
p 2 2847 5311 2 134499 28036
p 2 2657 5393 110 160315 30059
p 2 1128 6568 464 99115 23346
p 2 1035 6609 516 100080 23242
p 2 1535 6497 128 147932 26584
p 2 1677 6187 296 108370 25132
p 2 1646 6078 436 106856 24700
p 2 1496 6540 124 156328 27215
p 2 1240 6641 279 117928 25023
p 2 1389 6421 350 120496 25391
p 2 1668 6385 107 157704 27420
p 2 1543 6394 223 117134 25786
p 2 1528 6340 292 116255 25492
p 2 1233 6815 112 150935 25977
p 2 1272 6605 283 124197 24766
p 2 1160 6623 377 124567 24863
p 2 1003 7057 100 158264 25697
p 2 1098 6854 208 120977 25119
p 2 1101 6745 314 115971 25159
p 2 1425 6639 96 148499 26811
p 2 1573 6330 257 114989 25668
p 2 1310 6436 414 112172 24531
p 2 1242 6838 80 148808 26205
p 2 1314 6631 215 119332 25327
p 2 1135 6721 304 124505 24706
p 2 1310 6787 63 155140 26227
p 2 1209 6741 210 118505 24844
p 2 1479 6371 310 113872 25576
p 2 1593 6501 66 143286 27228
p 2 1860 6126 174 120167 27045
p 2 1747 6149 264 120558 26974
p 2 1860 6247 53 146059 28124
p 2 2374 5580 206 107482 26969
p 2 2146 5720 294 103823 26484
p 2 1733 6376 51 136682 27029
p 2 1548 6447 165 108554 25495
p 2 1964 5934 262 106276 26187
p 2 1973 6151 36 137616 27805
p 2 1500 6473 187 114968 26128
p 2 1301 6556 303 119394 25910
p 2 1722 6392 46 149162 27712
p 2 1297 6674 189 116477 25645
p 2 1412 6478 270 114296 25271
i 2 8160 0 0 113032 32094
p 2 5061 3099 0 145914 34455
p 2 4487 3670 3 152751 34048
p 2 3682 4478 0 145460 32341
p 2 3318 4841 1 147805 31182
p 2 2156 6004 0 160494 29742
p 2 2214 5946 0 171362 30572
p 2 2713 5447 0 178167 31825
p 2 2601 5559 0 182294 31422
p 2 3112 5048 0 175493 31864
p 2 2584 5573 3 182960 30788
p 2 3104 5056 0 188268 32150
p 2 2313 5847 0 197810 30857
p 2 2898 5261 1 189626 32067
p 2 2913 5247 0 190860 31638
p 2 1812 6348 0 198391 29401
p 2 1734 6424 2 201183 29393
p 2 2154 6006 0 205621 30671
p 2 2399 5760 1 202887 31308
p 2 3145 5015 0 195941 32112
p 2 2487 5673 0 193883 31014
p 2 3081 5079 0 186907 31752
p 2 3018 5142 0 187931 32332
p 2 2700 5459 1 178534 31672
p 2 2685 5475 0 170250 30854
p 2 2332 5828 0 170191 30017
p 2 2908 5252 0 166268 31123
p 2 2884 5276 0 159970 31024
p 2 3152 5006 2 147385 30823
p 2 2678 5482 0 142042 29442
p 2 2455 5701 4 146600 29170
p 2 2121 6039 0 150796 28940
p 2 1872 6288 0 161692 29505
p 2 2195 5965 0 169915 29945
p 2 1931 6229 0 173335 29104
p 2 1974 6185 1 169083 29200
i 2 8160 0 0 100314 30050
p 2 4751 3409 0 143867 32943
p 2 3804 4356 0 148135 31722
p 2 3004 5156 0 157020 30844
p 2 2155 6004 1 158387 29414
p 2 2681 5479 0 149827 29875
p 2 2778 5382 0 148635 30622
p 2 2532 5628 0 145985 29540
p 2 2288 5872 0 144788 28604
p 2 2441 5715 4 142630 28763
p 2 2400 5760 0 139001 28916
p 2 2667 5490 3 138567 29213
p 2 3201 4959 0 135887 30522
p 2 1912 6248 0 137987 28162
p 2 3074 5086 0 153623 29858
p 2 2769 5390 1 168135 30017
p 2 3990 4168 2 162818 32470
p 2 4187 3973 0 139893 32055
p 2 2489 5670 1 145009 28436
p 2 2619 5541 0 151346 29879
p 2 3439 4721 0 148431 31177
p 2 3069 5091 0 138092 29402
p 2 2250 5910 0 148995 28380
p 2 3170 4990 0 148496 29554
i 2 8160 0 0 224649 34093
p 2 0 1629 6531 3279 2710
p 2 0 1374 6786 2636 2405
p 2 0 682 7478 1980 1760
p 2 0 814 7346 2611 1882
p 2 0 653 7507 2237 1725
p 2 0 411 7749 1648 1489
p 2 882 2481 4797 150469 11901
p 2 518 2218 5424 27472 6959
p 2 1680 3030 3450 143234 16599
p 2 2033 2323 3804 89319 15552
p 2 2636 3301 2223 140724 21504
p 2 964 4322 2874 102547 16002
p 2 952 3793 3415 105717 15270
p 2 1193 3733 3234 104750 15707
p 2 502 4190 3468 72126 12779
p 2 452 3668 4040 61549 11671
p 2 410 3746 4004 61476 11667
p 2 478 3759 3923 66287 12430
p 2 405 3834 3921 69268 12278
p 2 351 3638 4171 70154 11932
p 2 289 3807 4064 67338 11547
p 2 349 3820 3991 70972 11900
p 2 264 3882 4014 67834 11443
p 2 213 3761 4186 66535 11076
p 2 155 3869 4136 65362 11099
p 2 179 3860 4121 62116 11010
p 2 148 3893 4119 61757 10797
p 2 190 3738 4232 62132 10860
p 2 194 3678 4288 60843 10771
p 2 174 3715 4271 62100 10762
p 2 247 3648 4265 64339 11021
p 2 302 3504 4354 65088 11225
p 2 388 3497 4275 66232 11688
p 2 432 3460 4268 64606 11738
p 2 204 3910 4046 67010 11883
p 2 244 4073 3843 72360 12378
p 2 312 4189 3659 71165 12869
p 2 437 4387 3336 70808 13136
p 2 392 4841 2927 80756 14194
p 2 590 4982 2588 79381 14720
p 2 648 5395 2117 82030 16020
p 2 732 5903 1525 89360 17662
p 2 720 6398 1042 87998 18444
p 2 651 6841 668 89946 18831
p 2 576 7181 403 98024 19853
p 2 389 7487 284 97353 19299
p 2 421 7627 112 103954 20177
p 2 506 7568 86 103668 20137
p 2 618 7525 17 106718 20875
p 2 806 7334 20 107298 21115
p 2 746 7271 143 109777 21376
p 2 935 6972 253 106219 21223
p 2 1054 6892 214 110341 22115
p 2 885 7053 222 111385 21690
p 2 846 7061 253 113358 21856
p 2 812 7085 263 115561 21989
p 2 621 7192 347 114475 21413
p 2 693 7137 330 111144 21070
p 2 546 7292 322 104136 20639
p 2 537 7387 236 99550 20528
p 2 777 7293 90 92257 20834
p 2 843 7234 83 91401 21068
p 2 863 7194 103 89303 20689
p 2 604 7320 236 83946 18820
p 2 388 7344 428 72549 17505
p 2 588 7012 560 61958 16725
p 2 314 6843 1003 49047 14807
p 2 305 6604 1251 40184 13259
p 2 422 5559 2179 33017 11932
p 2 629 4799 2732 29980 10986
p 2 222 3945 3993 20490 7806
p 2 24 3106 5030 8644 5270
p 2 2 2116 6042 4339 3707
i 2 8160 0 0 56038 26376
p 2 3462 4619 79 119281 28729
p 2 2287 5817 56 149738 27704
p 2 1799 6331 30 162584 26810
p 2 1371 6772 17 174749 26039
p 2 1204 6936 20 187319 25527
p 2 986 7163 11 202206 24986
p 2 0 8094 66 51872 13114
p 2 0 8055 105 53294 12979
p 2 0 8027 133 53052 12550
p 2 0 8086 74 62825 12531
p 2 0 7979 181 48300 11796
p 2 0 8026 134 51313 11919
p 2 0 8006 154 49629 11895
p 2 0 8003 157 56293 12192
p 2 0 8026 134 48230 11894
p 2 0 7998 162 50569 11855
p 2 0 8030 130 48635 11806
p 2 0 8051 109 54566 12090
p 2 0 7997 163 48114 11730
p 2 0 8006 154 49225 11749
p 2 0 8001 159 48704 11789
p 2 0 8017 143 53363 11941
p 2 0 7992 168 46579 11704
p 2 0 8008 152 48991 11816
p 2 0 8009 151 47921 11816
p 2 0 8020 140 52379 11924
p 2 0 8011 149 46143 11737
p 2 0 7994 166 48074 11706
p 2 0 7985 175 47400 11710
p 2 0 8006 154 52122 11852
p 2 0 8007 153 46210 11600
p 2 0 7998 162 46174 11698
p 2 0 7978 182 45237 11510
p 2 0 7996 164 45993 11622
p 2 0 8015 145 52366 11835
p 2 0 8000 160 46042 11636
p 2 0 7960 200 47668 11619
p 2 0 7969 191 47437 11642
p 2 0 7981 179 51808 11824
p 2 0 7985 175 45925 11572
p 2 0 7980 180 47506 11634
p 2 0 7975 185 47400 11650
p 2 0 7985 175 51646 11767
p 2 0 8003 157 45882 11576
p 2 0 7962 198 47702 11555
p 2 0 7976 184 47015 11624
p 2 0 7984 176 51433 11763
p 2 0 8000 160 45730 11583
p 2 0 7955 205 47905 11582
p 2 0 7993 167 46376 11567
p 2 0 7997 163 50713 11667
p 2 0 7997 163 45200 11484
p 2 0 7973 187 46764 11459
p 2 0 7985 175 46268 11524
p 2 0 7968 192 50421 11637
p 2 0 7995 165 44697 11559
p 2 0 8011 149 45829 11556
p 2 0 8015 145 45512 11560
p 2 0 7990 170 49061 11579
p 2 0 8008 152 44324 11503
p 2 0 8005 155 46222 11508
p 2 0 7988 172 45033 11449
p 2 0 7997 163 48821 11552
p 2 0 8008 152 44321 11433
p 2 0 8009 151 45702 11395
p 2 0 7989 171 44649 11451
p 2 0 8014 146 47950 11541
p 2 0 7999 161 43707 11471
p 2 0 7987 173 45204 11402
p 2 0 7986 174 44345 11454
p 2 0 7996 164 46810 11481
i 2 8160 0 0 144968 30191
p 2 0 485 7675 1933 1605
p 2 0 305 7855 1554 1417
p 2 0 151 8009 1325 1259
p 2 0 114 8046 1287 1225
p 2 0 111 8049 1350 1218
p 2 0 140 8020 1586 1260
p 2 0 84 8076 1269 1184
p 2 0 23 8137 1153 1127
p 2 0 34 8126 1172 1137
p 2 0 34 8126 1171 1137
p 2 0 29 8131 1181 1134
p 2 0 32 8128 1207 1138
p 2 0 42 8118 1199 1145
p 2 0 41 8119 1267 1152
p 2 0 36 8124 1170 1138
p 2 0 13 8147 1127 1117
p 2 0 10 8150 1118 1112
p 2 0 9 8151 1120 1112
p 2 0 7 8153 1116 1110
p 2 0 19 8141 1141 1123
p 2 0 19 8141 1138 1122
p 2 0 41 8119 1216 1146
p 2 0 45 8115 1196 1148
p 2 0 9 8151 1118 1112
p 2 0 16 8144 1130 1118
p 2 0 13 8147 1124 1115
p 2 0 15 8145 1131 1117
p 2 0 25 8135 1171 1131
p 2 0 9 8151 1120 1113
p 2 0 10 8150 1124 1113
p 2 0 8 8152 1116 1111
p 2 0 7 8153 1117 1111
p 2 0 6 8154 1114 1110
p 2 0 14 8146 1123 1116
p 2 0 16 8144 1153 1119
p 2 0 6 8154 1114 1110
p 2 0 11 8149 1118 1112
p 2 0 12 8148 1124 1115
p 2 0 26 8134 1148 1128
p 2 0 97 8063 1348 1204
p 2 0 160 8000 1563 1283
p 2 0 276 7884 1991 1400
p 2 0 554 7606 2936 1740
p 2 0 787 7373 4031 2012
p 2 0 1040 7120 5085 2389
p 2 6 1400 6754 7465 2873
p 2 1 1847 6312 9483 3523
p 2 13 2087 6060 12271 3914
p 2 37 2620 5503 16292 4940
p 2 30 2823 5307 18873 5269
p 2 51 3232 4877 22299 6179
p 2 65 3387 4708 24550 6424
p 2 69 3705 4386 29109 7308
p 2 74 3983 4103 30711 7629
p 2 150 4148 3862 36152 8682
p 2 254 4309 3597 42814 9490
p 2 370 4737 3053 50878 11046
p 2 504 4860 2796 55476 11873
p 2 546 5180 2434 62440 12863
p 2 653 5288 2219 67165 13527
p 2 700 5527 1933 70198 14604
p 2 589 5931 1640 71703 15088
p 2 980 5903 1277 86963 17939
p 2 956 6081 1123 102800 19131
p 2 1069 6255 836 113100 20989
i 2 8160 0 0 142777 31700
p 2 270 7196 694 67648 15277
p 2 326 7182 652 79296 16663
p 2 352 7153 655 82824 17628
p 2 308 7298 554 90739 18404
p 2 271 7409 480 93636 19074
p 2 382 7338 440 99295 19674
p 2 385 7438 337 101820 20296
p 2 344 7515 301 104931 20652
p 2 261 7656 243 104647 20757
p 2 271 7566 323 104828 20477
p 2 324 7554 282 103288 20495
p 2 272 7503 385 106434 20551
p 2 251 7532 377 106748 20480
p 2 245 7452 463 106211 20355
p 2 267 7465 428 106219 20407
p 2 249 7410 501 100936 20540
p 2 162 7481 517 84158 19850
p 2 162 7379 619 69806 19225
p 2 167 7379 614 59279 18410
p 2 77 7358 725 51196 17171
p 2 48 7328 784 45852 16419
p 2 89 7136 935 39927 15308
p 2 77 7100 983 35830 14655
p 2 87 7067 1006 34621 14078
p 2 116 6972 1072 34492 14019
p 2 31 7025 1104 33016 13364
p 2 108 6855 1197 32585 13392
p 2 131 6784 1245 33431 13189
p 2 87 6739 1334 30977 12786
p 2 77 6630 1453 31918 12533
p 2 65 6514 1581 30947 12357
p 2 50 6535 1575 30522 12065
p 2 60 6472 1628 31665 12189
p 2 81 6511 1568 32278 12234
p 2 124 6299 1737 31202 12049
p 2 58 6297 1805 29372 11682
p 2 40 6269 1851 29463 11438
p 2 39 6279 1842 29384 11395
p 2 33 6225 1902 29382 11401
p 2 60 6301 1799 28833 11449
p 2 87 6181 1892 28700 11295
p 2 72 6103 1985 28036 11155
p 2 87 5932 2141 28553 11150
p 2 107 6008 2045 29617 11407
p 2 47 5989 2124 29261 11215
p 2 66 6045 2049 29829 11405
p 2 81 5868 2211 28813 11229
p 2 53 5958 2149 28749 10997
p 2 36 5804 2320 28028 10648
p 2 85 5767 2308 28064 10794
p 2 57 5758 2345 28316 10806
p 2 47 5823 2290 28359 10805
p 2 56 5795 2309 28418 10795
p 2 66 5797 2297 28582 10836
p 2 49 5766 2345 28143 10753
p 2 43 5792 2325 27072 10479
p 2 33 5751 2376 27593 10592
p 2 60 5791 2309 28337 10903
p 2 85 5717 2358 27881 10806
p 2 59 5786 2315 28326 10699
p 2 100 5757 2303 29090 10905
p 2 59 5925 2176 29002 10981
p 2 61 5935 2164 29797 11115
p 2 115 5914 2131 30320 11401
p 2 93 5933 2134 30752 11456
p 2 103 5892 2165 30067 11363
p 2 62 5892 2206 29746 11257
p 2 48 5963 2149 29847 11159
p 2 52 5862 2246 30004 11209
p 2 49 5931 2180 30322 11168
p 2 65 5887 2208 28913 11147
i 2 8160 0 0 84616 28473
p 2 449 7710 1 98844 19281
p 2 242 7915 3 95782 18633
p 2 238 7922 0 92530 19078
p 2 187 7970 3 92299 18920
p 2 164 7996 0 96153 19514
p 2 155 7973 32 92857 19066
p 2 158 7946 56 93116 19232
p 2 198 7869 93 96976 19238
p 2 323 7793 44 98325 19947
p 2 432 7721 7 103106 20636
p 2 409 7747 4 102669 21096
p 2 348 7806 6 102365 20736
p 2 289 7861 10 94317 20518
p 2 429 7730 1 86468 20229
p 2 372 7785 3 88344 20663
p 2 328 7824 8 86726 20386
p 2 166 7954 40 88663 19866
p 2 95 7964 101 84318 19048
p 2 117 7944 99 84647 18696
p 2 174 7912 74 87845 18963
p 2 277 7844 39 89604 19094
p 2 325 7765 70 83036 18783
p 2 225 7810 125 88354 18453
p 2 1354 6734 72 121936 22830
p 2 1995 6098 67 130553 25015
p 2 1029 7012 119 133497 24373
p 2 1241 6832 87 150080 27213
p 2 1496 6596 68 164062 28414
p 2 1656 6459 45 157540 28586
p 2 1490 6640 30 160772 28756
p 2 1113 7034 13 155792 27763
p 2 1037 7119 4 147292 26820
p 2 747 7406 7 136021 25589
p 2 575 7575 10 121868 24165
p 2 497 7655 8 118013 23567
p 2 390 7726 44 110575 22781
p 2 261 7836 63 99646 21527
p 2 476 7632 52 98953 22005
p 2 550 7590 20 104380 22551
p 2 308 7808 44 100685 21930
p 2 428 7694 38 99873 22209
p 2 524 7573 63 102103 22722
p 2 493 7642 25 99063 22871
p 2 555 7562 43 97448 22519
p 2 247 7871 42 95250 21709
p 2 187 7936 37 84007 20758
p 2 147 7966 47 79160 20113
p 2 141 7980 39 81011 19788
p 2 87 8048 25 77576 19420
p 2 80 8041 39 73533 18385
p 2 74 8059 27 69798 18410
p 2 87 8031 42 70053 18091
p 2 119 8020 21 66955 18186
p 2 120 8013 27 68794 18198
p 2 101 8034 25 65001 18399
p 2 181 7932 47 66457 18151
p 2 148 7951 61 63609 18553
p 2 216 7890 54 64653 18138
p 2 285 7829 46 61535 18787
p 2 386 7709 65 63614 18756
p 2 329 7773 58 60297 19198
p 2 766 7318 76 62361 20239
p 2 988 7080 92 57136 20963
p 2 1663 6415 82 54402 21530
p 2 1429 6674 57 51862 21310
i 2 8160 0 0 261563 37220
p 2 122 7397 641 119256 14391
p 2 43 7571 546 110783 14243
p 2 56 7446 658 117468 14399
p 2 54 7522 584 115405 14312
p 2 51 7445 664 127035 14575
p 2 60 7566 534 122217 14494
p 2 71 7490 599 130606 14810
p 2 82 7559 519 128756 14750
p 2 66 7570 524 140586 15045
p 2 69 7634 457 131820 14908
p 2 102 7603 455 141200 15248
p 2 100 7623 437 142542 15290
p 2 119 7632 409 155518 15623
p 2 113 7636 411 149752 15510
p 2 140 7597 423 150471 15568
p 2 125 7631 404 146175 15311
p 2 184 7583 393 156079 15555
p 2 136 7609 415 146688 15338
p 2 119 7594 447 149198 15208
p 2 154 7552 454 145750 15164
p 2 136 7509 515 152596 14943
p 2 122 7507 531 142163 14650
p 2 83 7417 660 146037 14441
p 2 61 7402 697 144529 14234
p 2 52 7366 742 161134 14385
p 2 49 7421 690 147884 14432
p 2 58 7354 748 150815 14379
p 2 61 7381 718 145130 14396
p 2 124 7364 672 155886 14826
p 2 83 7461 616 146299 14633
p 2 94 7473 593 152281 15036
p 2 99 7554 507 151941 14947
p 2 106 7561 493 161604 15263
p 2 82 7646 432 150728 15345
p 2 80 7633 447 155818 15324
p 2 75 7687 398 153498 15458
p 2 58 7659 443 162507 15445
p 2 68 7680 412 150902 15568
p 2 77 7655 428 152936 15456
p 2 78 7660 422 153203 15591
p 2 81 7621 458 161749 15490
p 2 86 7670 404 149874 15606
p 2 73 7645 442 158421 15649
p 2 105 7634 421 156674 15985
p 2 93 7616 451 166272 15795
p 2 89 7658 413 158693 15906
p 2 96 7586 478 163002 15917
p 2 109 7619 432 158107 16123
p 2 113 7654 393 184406 16310
p 2 137 7674 349 161794 16470
p 2 147 7759 254 167081 16656
p 2 175 7761 224 162193 16783
p 2 184 7878 98 179434 17200
p 2 191 7945 24 163260 17306
p 2 266 7884 10 171233 17644
p 2 266 7891 3 169662 17696
p 2 251 7893 16 186040 17946
p 2 230 7889 41 165887 17332
p 2 265 7891 4 175657 17651
p 2 318 7841 1 172401 17717
p 2 297 7861 2 187297 18050
p 2 258 7901 1 168654 17525
p 2 242 7910 8 177149 17704
p 2 252 7903 5 170920 17148
p 2 238 7903 19 181351 17333
p 2 221 7922 17 159903 16473
p 2 242 7902 16 170361 16918
p 2 229 7890 41 163928 16492
p 2 148 7950 62 173227 16406
p 2 148 7956 56 154351 15814
p 2 77 8016 67 165621 15906
i 2 8160 0 0 186215 33682
p 2 2 8052 106 28951 10369
p 2 7 8073 80 27260 9950
p 2 6 8083 71 32875 10575
p 2 14 8065 81 38243 11011
p 2 8 8086 66 27473 10200
p 2 9 8083 68 28535 10238
p 2 7 8089 64 30164 10598
p 2 11 8085 64 39009 11287
p 2 18 8078 64 34448 10818
p 2 14 8079 67 38473 10976
p 2 14 8079 67 38690 11224
p 2 16 8074 70 42811 11514
p 2 12 8087 61 32033 10850
p 2 15 8087 58 37121 11112
p 2 15 8070 75 25905 9434
p 2 9 8072 79 30030 9739
p 2 19 8068 73 37285 10930
p 2 10 8062 88 43309 11140
p 2 19 8064 77 36883 10678
p 2 14 8077 69 41009 11286
p 2 10 8082 68 34042 10293
p 2 6 8080 74 27806 9873
p 2 5 8076 79 39836 10669
p 2 17 8072 71 34759 10356
p 2 1 8086 73 29703 10310
p 2 2 8078 80 20702 8983
p 2 1 8071 88 36308 10824
p 2 2 8058 100 39805 10645
p 2 1 8069 90 27460 9974
p 2 1 8056 103 41735 10712
p 2 4 8072 84 35822 10377
p 2 2 8070 88 24244 9394
p 2 0 8071 89 33517 10397
p 2 2 8056 102 37430 10737
p 2 4 8061 95 36587 10428
p 2 0 8063 97 34965 10481
p 2 1 8075 84 34608 10066
p 2 0 8068 92 37309 10481
p 2 1 8067 92 35417 10270
p 2 0 8063 97 35230 10417
p 2 0 8073 87 33305 9919
p 2 0 8070 90 27178 9315
p 2 1 8066 93 23666 9142
p 2 0 8059 101 30403 9886
p 2 0 8049 111 28703 9457
p 2 0 8041 119 30507 9302
i 2 8160 0 0 117482 28386
p 2 0 4597 3563 6347 5358
p 2 0 4532 3628 5714 5190
p 2 79 2171 5910 29000 4136
p 2 0 2144 6016 3670 3065
p 2 0 855 7305 1989 1873
p 2 101 1103 6956 28103 3295
p 2 0 564 7596 2140 1664
p 2 0 693 7467 1946 1729
p 2 143 812 7205 30098 3262
p 2 0 618 7542 2204 1714
p 2 0 378 7782 1657 1467
p 2 146 790 7224 30197 3294
p 2 0 679 7481 2150 1754
p 2 0 378 7782 1632 1465
p 2 155 582 7423 31194 3156
p 2 0 750 7410 2345 1825
p 2 0 569 7591 1918 1641
p 2 169 695 7296 30117 3284
p 2 0 501 7659 1926 1585
p 2 0 278 7882 1456 1360
p 2 162 414 7584 29948 3046
p 2 0 453 7707 1967 1560
p 2 0 449 7711 1594 1517
p 2 142 523 7495 31769 3065
p 2 0 500 7660 2044 1604
p 2 0 394 7766 1611 1475
p 2 147 719 7294 33258 3357
p 2 0 514 7646 2071 1624
p 2 0 336 7824 1605 1419
p 2 177 722 7261 35211 3520
p 2 0 692 7468 2380 1788
p 2 0 408 7752 1624 1493
p 2 209 612 7339 36712 3621
p 2 0 464 7696 2059 1577
p 2 0 277 7883 1487 1376
p 2 227 591 7342 38052 3747
p 2 0 491 7669 2372 1613
p 2 0 354 7806 1976 1456
p 2 235 596 7329 38635 3753
p 2 2 509 7649 3769 1732
p 2 5 308 7847 3058 1514
p 2 241 517 7402 37919 3702
p 2 17 519 7624 5032 1890
p 2 22 420 7718 7217 1857
p 2 279 597 7284 44108 4126
p 2 102 854 7204 13904 2939
p 2 160 806 7194 12868 3121
p 2 359 1151 6650 52054 5441
p 2 140 1189 6831 16175 3613
p 2 69 1166 6925 16507 3415
p 2 259 1586 6315 54412 5642
p 2 9 1659 6492 10059 3303
p 2 14 1587 6559 11542 3171
p 2 198 1919 6043 46569 5265
p 2 2 1892 6266 8790 3370
p 2 41 1706 6413 9706 3270
p 2 250 1958 5952 48388 5510
p 2 0 1890 6270 9068 3195
p 2 0 1714 6446 8017 2936
p 2 256 1305 6599 45821 4691
p 2 0 840 7320 2609 1952
p 2 0 540 7620 1809 1619
p 2 286 882 6992 48687 4501
p 2 0 823 7337 2735 1920
p 2 0 606 7554 1971 1682
p 2 328 682 7150 48786 4442
p 2 0 722 7438 2646 1837
p 2 0 458 7702 1783 1546
p 2 323 694 7143 47292 4451
p 2 0 680 7480 2424 1789
p 2 0 801 7359 2294 1864
p 2 333 1247 6580 46670 4984
p 2 0 707 7453 2573 1834
p 2 0 438 7722 1722 1525
p 2 317 648 7195 45835 4380
p 2 0 540 7620 2177 1679
p 2 0 285 7875 1491 1377
p 2 314 583 7263 45106 4287
p 2 0 561 7599 2268 1678
p 2 0 301 7859 1543 1398
p 2 326 548 7286 46966 4362
p 2 0 523 7637 2160 1642
p 2 0 348 7812 1624 1439
p 2 306 659 7195 47700 4414
p 2 0 536 7624 2276 1654
p 2 0 281 7879 1498 1376
p 2 319 564 7277 50221 4410
p 2 0 508 7652 2206 1622
p 2 0 249 7911 1459 1346
p 2 319 613 7228 54320 4572
p 2 0 482 7678 2240 1610
p 2 0 220 7940 1573 1323
p 2 390 576 7194 56937 4911
p 2 1 475 7684 2374 1613
i 2 8160 0 0 144445 29429
p 2 0 5422 2738 22943 7935
p 2 0 5299 2861 22563 7664
p 2 159 7217 784 96892 13019
p 2 0 6091 2069 23633 8535
p 2 0 5397 2763 21677 7637
p 2 180 7217 763 105530 13625
p 2 0 6190 1970 25984 9078
p 2 0 5548 2612 24701 8154
p 2 135 7336 689 95405 13106
p 2 0 6136 2024 25570 8740
p 2 0 5400 2760 23259 7857
p 2 17 7162 981 71379 11934
p 2 0 6127 2033 26509 8894
p 2 0 5616 2544 24538 8226
p 2 20 7254 886 74169 12027
p 2 0 6201 1959 25848 9012
p 2 0 5380 2780 23391 8005
p 2 40 7095 1025 87069 12273
p 2 0 6176 1984 24955 8968
p 2 0 5438 2722 24158 8133
p 2 33 7116 1011 82482 12172
p 2 1 6069 2090 25064 8894
p 2 0 5216 2944 21428 7760
p 2 413 6999 748 135540 15487
p 2 0 6153 2007 23503 9008
p 2 0 5371 2789 21553 7987
p 2 112 7321 727 95888 13325
p 2 0 6310 1850 23730 9152
p 2 0 5530 2630 22856 8183
p 2 131 7360 669 96427 13468
p 2 0 6288 1872 23414 8955
p 2 0 5533 2627 21630 8150
p 2 169 7229 762 100944 13630
p 2 0 6140 2020 23996 8990
p 2 0 5397 2763 22705 8170
p 2 347 7116 697 127274 15142
p 2 0 6220 1940 25234 9207
p 2 0 5372 2788 21801 8161
p 2 442 7046 672 135747 15767
p 2 0 6262 1898 24848 9374
p 2 0 5379 2781 21955 8191
p 2 15 7182 963 71399 12285
p 2 0 6230 1930 23965 9162
p 2 0 5493 2667 23028 8326
p 2 17 7237 906 72852 12149
p 2 0 6186 1974 24327 9169
p 2 0 5294 2866 21945 8249
p 2 46 7077 1037 86869 12590
p 2 0 6114 2046 24820 9151
p 2 0 5427 2733 23943 8574
p 2 41 7162 957 81350 12380
p 2 0 6102 2058 25703 9091
p 2 0 5372 2788 22645 8159
p 2 427 6982 751 133683 15505
p 2 0 6108 2052 24327 9153
p 2 0 5373 2787 20831 8077
p 2 329 7106 725 122974 14784
p 2 1 6339 1820 23272 9329
p 2 0 5461 2699 22197 8327
p 2 337 7166 657 119915 14826
p 2 0 6389 1771 24834 9581
p 2 0 5574 2586 20871 8392
p 2 388 7033 739 121973 15020
p 2 0 6259 1901 25100 9273
p 2 0 5401 2759 21127 8145
p 2 360 7061 739 127310 15134
p 2 0 6268 1892 24217 9295
p 2 0 5560 2600 23196 8416
p 2 467 6977 716 134043 15580
p 2 0 6157 2003 24388 9270
p 2 0 5317 2843 21134 7945
p 2 16 7180 964 71957 12273
p 2 0 6218 1942 24753 9174
p 2 0 5441 2719 22753 8205
p 2 21 7260 879 74854 12231
p 2 0 6171 1989 25008 9113
p 2 0 5335 2825 21097 7909
p 2 49 7089 1022 84204 12346
p 2 0 6121 2039 24916 8962
p 2 0 5229 2931 20934 7829
p 2 54 7071 1035 86193 12238
p 2 0 6036 2124 23491 8718
p 2 0 5208 2952 21947 7825
p 2 403 7007 750 133639 15256
p 2 0 6175 1985 25101 9122
p 2 0 5307 2853 21163 7834
p 2 332 7089 739 121918 14635
p 2 0 6268 1892 23198 8987
p 2 0 5462 2698 22429 7955
p 2 329 7179 652 118849 14370
p 2 0 6431 1729 24974 9279
p 2 0 5617 2543 21103 7965
p 2 390 7016 754 121777 14728
p 2 0 6371 1789 26073 9267
p 2 0 5365 2795 21391 7876
p 2 350 7081 729 126942 14892
p 2 0 6234 1926 24499 9029
p 2 0 5431 2729 23386 8045
p 2 450 7024 686 134822 15335
p 2 0 6195 1965 26046 9077
p 2 0 5286 2874 23207 7798
p 2 12 7159 989 73777 11957
p 2 1 6219 1940 26783 8973
p 2 0 5461 2699 25836 8204
p 2 13 7238 909 75835 12165
p 2 0 6231 1929 28121 9198
p 2 0 5481 2679 25465 8293
p 2 40 7064 1056 88562 12555
p 2 0 6177 1983 29159 9252
p 2 0 5296 2864 24978 8108
p 2 48 7108 1004 88058 12396
p 2 0 6054 2106 27162 8969
p 2 0 5299 2861 25780 8060
p 2 415 7020 725 135191 15374
p 2 0 6235 1925 28280 9209
p 2 0 5386 2774 25474 8179
p 2 326 7112 722 123947 14730
p 2 0 6331 1829 27576 9337
p 2 0 5669 2491 24426 8333
p 2 113 7381 666 95630 13507
p 2 0 6301 1859 27529 9388
p 2 0 5545 2615 24462 8218
p 2 168 7247 745 100699 13481
p 2 0 6138 2022 26567 9078
p 2 1 5404 2755 25288 8135
p 2 368 7067 725 129059 15133
p 2 1 6275 1884 27675 9281
p 2 1 5430 2729 24604 8137
p 2 445 7045 670 135741 15380
p 2 0 6232 1928 26948 9128
i 2 8160 0 0 329729 38188
p 2 0 1212 6948 3811 2296
p 2 0 967 7193 5187 2149
p 2 0 814 7346 3863 1962
p 2 0 655 7505 4597 1826
p 2 0 609 7551 4752 1809
p 2 0 675 7485 5664 1884
p 2 0 743 7417 4990 1933
p 2 0 490 7670 3741 1649
p 2 0 689 7471 3808 1818
p 2 0 773 7387 4722 1949
p 2 0 821 7339 3989 1955
p 2 0 506 7654 3678 1654
p 2 0 486 7674 3362 1625
p 2 0 734 7426 4026 1854
p 2 0 781 7379 4969 1929
p 2 0 719 7441 3547 1846
p 2 0 484 7676 3159 1624
p 2 0 625 7535 4484 1802
p 2 0 659 7501 5119 1852
p 2 0 635 7525 4201 1792
p 2 1 438 7721 4466 1637
p 2 0 534 7626 4388 1712
p 2 0 531 7629 5057 1717
p 2 0 641 7519 2908 1741
p 2 0 474 7686 2525 1582
p 2 0 648 7512 4202 1813
p 2 0 620 7540 5509 1815
p 2 0 525 7635 3599 1694
p 2 0 412 7748 4378 1605
p 2 0 509 7651 3935 1695
p 2 0 476 7684 4803 1685
p 2 0 503 7657 3278 1646
p 2 1 404 7755 3254 1554
p 2 0 466 7694 2947 1589
p 2 0 483 7677 3835 1632
p 2 0 492 7668 3741 1642
p 2 0 393 7767 3185 1531
p 2 0 432 7728 3484 1579
p 2 0 446 7714 3906 1602
p 2 0 417 7743 2899 1540
p 2 0 378 7782 3093 1518
p 2 0 402 7758 4103 1585
p 2 0 393 7767 4414 1594
p 2 0 427 7733 4004 1615
p 2 0 364 7796 4019 1557
p 2 0 368 7792 4095 1569
p 2 0 382 7778 4739 1583
p 2 0 347 7813 2137 1453
p 2 0 235 7925 1712 1336
p 2 0 411 7749 3565 1581
p 2 0 462 7698 4911 1657
p 2 0 445 7715 3520 1611
p 2 0 389 7771 4453 1578
p 2 0 439 7721 3919 1617
p 2 0 436 7724 4693 1632
p 2 0 411 7749 3086 1551
p 2 0 361 7799 3163 1508
p 2 0 386 7774 2728 1513
p 2 0 406 7754 3515 1559
p 2 0 409 7751 3512 1560
p 2 0 419 7741 3820 1570
p 2 0 476 7684 4088 1627
p 2 0 418 7742 2977 1543
p 2 0 350 7810 2848 1484
p 2 0 365 7795 2751 1501
p 2 0 399 7761 4367 1583
p 2 0 398 7762 3571 1569
p 2 0 349 7811 3964 1542
p 2 0 364 7796 3454 1543
p 2 0 369 7791 4444 1572
p 2 0 403 7757 3780 1564
p 2 0 323 7837 2509 1438
p 2 0 294 7866 1965 1398
p 2 0 435 7725 4041 1609
p 2 0 467 7693 3350 1614
p 2 0 397 7763 3791 1572
p 2 0 410 7750 3982 1597
p 2 0 382 7778 4249 1580
p 2 0 370 7790 3251 1537
p 2 0 345 7815 3616 1510
p 2 0 350 7810 2837 1484
p 2 0 373 7787 3011 1518
p 2 0 364 7796 2632 1479
p 2 0 346 7814 3209 1497
p 2 0 355 7805 3231 1507
p 2 0 345 7815 3544 1495
p 2 0 353 7807 3436 1508
p 2 0 347 7813 2929 1479
p 2 0 345 7815 2883 1474
p 2 0 339 7821 3762 1503
p 2 0 355 7805 3394 1527
p 2 0 341 7819 4208 1537
p 2 0 330 7830 3191 1494
p 2 0 340 7820 4394 1538
i 2 8160 0 0 228394 34761
p 2 0 1634 6526 5875 2860
p 2 0 1539 6621 5300 2714
p 2 0 957 7203 5764 2166
p 2 0 930 7230 4863 2120
p 2 0 607 7553 4489 1809
p 2 3 611 7546 5875 1891
p 2 0 540 7620 4981 1772
p 2 0 728 7432 4417 1920
p 2 6 570 7584 5306 1822
p 2 0 545 7615 4859 1801
p 2 0 583 7577 5170 1819
p 2 7 624 7529 5719 1941
p 2 0 508 7652 4880 1754
p 2 0 489 7671 4431 1709
p 2 11 559 7590 6485 1889
p 2 0 497 7663 4117 1691
p 2 0 411 7749 3674 1583
p 2 2 457 7701 4962 1695
p 2 1 432 7727 4755 1662
p 2 0 419 7741 4213 1634
p 2 6 389 7765 4779 1652
p 2 0 384 7776 3365 1556
p 2 0 402 7758 3922 1585
p 2 7 342 7811 3411 1558
p 2 0 333 7827 2430 1468
p 2 0 352 7808 3298 1536
p 2 11 386 7763 4979 1670
p 2 0 389 7771 4209 1585
p 2 1 383 7776 3789 1586
p 2 7 362 7791 5076 1653
p 2 0 379 7781 3830 1564
p 2 0 377 7783 3933 1564
p 2 12 411 7737 5326 1713
p 2 0 377 7783 4541 1614
p 2 0 361 7799 4237 1577
p 2 2 430 7728 5894 1738
p 2 0 405 7755 4359 1634
p 2 0 364 7796 4627 1613
p 2 6 392 7762 5133 1672
p 2 0 396 7764 4150 1594
p 2 0 400 7760 3371 1555
p 2 0 369 7791 4179 1583
p 2 0 377 7783 3986 1584
p 2 0 377 7783 4834 1595
p 2 1 375 7784 3749 1570
p 2 0 360 7800 3661 1528
p 2 0 353 7807 3634 1546
p 2 0 292 7868 3333 1451
p 2 0 272 7888 2663 1424
p 2 0 347 7813 3193 1524
p 2 0 340 7820 3264 1511
p 2 0 348 7812 4025 1532
p 2 0 355 7805 3870 1575
p 2 0 360 7800 4775 1603
p 2 0 365 7795 3774 1551
p 2 0 367 7793 3618 1536
p 2 0 355 7805 3670 1539
p 2 0 345 7815 4534 1589
i 2 8160 0 0 157061 35752
p 2 5403 2756 1 234555 39093
p 2 4457 3703 0 261711 38142
p 2 2165 5984 11 214312 30540
p 2 1216 6939 5 175000 25575
p 2 675 7485 0 151787 23089
p 2 407 7751 2 127303 21679
p 2 287 7873 0 134784 20842
p 2 241 7918 1 121763 19773
p 2 270 7883 7 144634 20201
p 2 196 7959 5 134536 19275
p 2 123 8014 23 118370 18434
p 2 91 8048 21 129318 19069
p 2 55 8045 60 115496 17748
p 2 75 8020 65 113100 18409
p 2 262 7855 43 130373 19910
p 2 213 7926 21 108810 17960
p 2 366 7789 5 124458 20034
p 2 294 7863 3 104175 18094
p 2 262 7892 6 111060 20073
p 2 257 7903 0 97890 18862
p 2 124 8036 0 92419 18921
p 2 114 8045 1 92041 19107
p 2 245 7913 2 72929 17361
p 2 222 7936 2 82604 19700
p 2 176 7968 16 77932 18535
p 2 145 7998 17 92777 19545
p 2 214 7917 29 90616 19646
p 2 142 7984 34 108522 20137
p 2 60 8053 47 105724 18689
p 2 61 8060 39 93189 16776
p 2 214 7938 8 118051 18309
p 2 232 7927 1 104423 17414
p 2 309 7851 0 149479 19552
p 2 304 7856 0 127662 19954
p 2 268 7892 0 124348 19395
p 2 301 7857 2 103127 19089
p 2 273 7882 5 100464 17971
p 2 187 7968 5 113352 19373
p 2 203 7952 5 83919 18030
p 2 221 7932 7 96649 18612
p 2 195 7951 14 99158 18743
p 2 229 7905 26 99390 18809
p 2 201 7936 23 116169 18990
p 2 256 7865 39 127037 18690
p 2 248 7869 43 127474 19182
p 2 242 7796 122 119900 18807
p 2 229 7816 115 123393 18901
p 2 691 7337 132 165293 22489
p 2 1619 6455 86 210029 27158
i 2 8160 0 0 193855 36599
p 2 4272 3550 338 226862 33823
p 2 3976 3989 195 226248 33810
p 2 3487 4633 40 229875 33011
p 2 2804 5347 9 229082 31915
p 2 1740 6409 11 217073 29167
p 2 1210 6933 17 188951 26241
p 2 593 7561 6 157819 23034
p 2 473 7682 5 134769 21187
p 2 384 7776 0 134781 20728
p 2 308 7851 1 127678 19622
p 2 211 7948 1 121830 19194
p 2 200 7960 0 128577 19463
p 2 178 7980 2 120538 19465
p 2 136 8024 0 126737 19254
p 2 31 8126 3 91774 16285
p 2 46 8112 2 108356 16938
p 2 81 8076 3 104516 16766
p 2 110 8048 2 111125 16996
p 2 136 8020 4 126004 17484
p 2 94 8061 5 107033 16690
p 2 36 8120 4 108511 16611
p 2 94 8058 8 107202 16625
p 2 45 8107 8 110481 16562
p 2 48 8104 8 110629 16290
p 2 49 8096 15 106406 15883
p 2 61 8071 28 111623 15891
p 2 86 8063 11 114680 15892
p 2 454 7704 2 166776 20065
i 2 8160 0 0 110863 29788
p 2 2051 2742 3367 90098 18254
p 2 2535 3049 2576 83040 20526
i 2 8160 0 0 88865 29427
p 2 3083 4958 119 108625 30270
p 2 1789 6269 102 103786 28387
p 2 929 7154 77 97760 25796
p 2 550 7530 80 90094 24311
p 2 322 7795 43 85196 23131
p 2 312 7821 27 80264 22157
p 2 2948 5205 7 89733 28709
p 2 1480 6509 171 84351 24160
p 2 1148 6914 98 86394 23096
p 2 826 7294 40 87224 22189
p 2 839 7281 40 85182 21514
p 2 519 7585 56 80507 20477
p 2 252 7840 68 73385 18974
p 2 284 7841 35 72549 19400
p 2 356 7741 63 70518 18701
p 2 337 7798 25 73792 19308
p 2 384 7734 42 74521 18601
p 2 281 7853 26 73672 19351
p 2 214 7889 57 70377 18137
p 2 75 8043 42 65539 18078
p 2 140 7946 74 63644 17303
p 2 118 7975 67 61239 17657
p 2 133 7941 86 63015 17298
p 2 107 8000 53 63850 17829
p 2 141 7956 63 67040 17809
p 2 133 8001 26 68011 18479
p 2 80 8032 48 71088 18269
p 2 154 7984 22 78161 19115
p 2 196 7939 25 86312 19514
p 2 274 7870 16 94087 20419
p 2 325 7829 6 104606 21177
p 2 292 7861 7 110361 21148
p 2 316 7842 2 113619 21492
p 2 370 7788 2 121361 21603
i 2 8160 0 0 179983 34429
p 2 891 7261 8 146960 22337
p 2 731 7428 1 151911 22412
p 2 830 7329 1 163579 23210
p 2 1012 7147 1 175897 24092
p 2 1080 7079 1 181901 24439
p 2 1313 6847 0 191904 25298
p 2 1303 6857 0 197650 25309
p 2 1353 6804 3 209784 25849
p 2 1389 6770 1 219912 26122
p 2 1343 6816 1 226744 26284
p 2 1205 6955 0 234004 25934
p 2 1084 7067 9 238518 25287
p 2 1001 7154 5 237936 24666
p 2 616 7532 12 209311 22137
p 2 526 7625 9 195744 20702
p 2 463 7668 29 200665 20254
p 2 353 7783 24 193281 20185
p 2 317 7816 27 184735 19279
p 2 230 7906 24 188149 19200
p 2 224 7920 16 185772 19143
p 2 251 7895 14 200707 19805
p 2 315 7840 5 194316 20068
p 2 227 7929 4 196358 19635
p 2 292 7865 3 197348 20272
p 2 310 7848 2 179470 19344
p 2 250 7909 1 185612 19226
p 2 200 7956 4 178077 19020
p 2 327 7830 3 205575 20246
p 2 683 7476 1 213214 21990
i 2 8160 0 0 304639 40018
p 2 356 7793 11 185155 20020
p 2 188 7967 5 187330 19924
p 2 157 8001 2 177528 20555
p 2 144 8014 2 188054 20034
p 2 145 8014 1 186029 20818
p 2 180 7976 4 192644 20984
p 2 157 7999 4 184203 20773
p 2 174 7981 5 184883 20710
p 2 187 7969 4 195687 21004
p 2 180 7974 6 189311 21043
p 2 187 7965 8 201635 21215
p 2 267 7890 3 198593 21271
p 2 263 7892 5 201714 21322
p 2 225 7933 2 198266 21118
p 2 207 7952 1 198260 21071
p 2 273 7882 5 204605 21266
p 2 273 7880 7 192584 21308
p 2 266 7893 1 207882 21457
p 2 260 7898 2 196796 21396
p 2 292 7863 5 196910 21524
p 2 285 7868 7 202713 21383
p 2 308 7844 8 185572 21092
p 2 291 7861 8 182288 20931
p 2 276 7873 11 174598 20451
p 2 402 7741 17 195148 21537
p 2 381 7761 18 184437 21194
p 2 338 7804 18 185061 21009
p 2 282 7842 36 172201 20315
p 2 444 7699 17 180314 20916
p 2 586 7552 22 194058 21613
p 2 661 7482 17 192142 21845
p 2 529 7584 47 176293 20696
p 2 284 7827 49 162723 19472
p 2 252 7812 96 148733 18183
p 2 282 7745 133 141276 17633
p 2 1487 6642 31 216883 26169
i 2 8160 0 0 225704 36548
p 2 4060 4097 3 331002 36735
p 2 3470 4684 6 344959 35538
p 2 2449 5703 8 339773 32406
p 2 1552 6603 5 289124 28757
p 2 521 7624 15 220287 23319
p 2 131 8006 23 163288 18192
p 2 266 7878 16 185068 19826
p 2 320 7821 19 197709 21512
p 2 295 7853 12 194153 21737
p 2 326 7828 6 198566 21830
p 2 286 7871 3 179100 21356
p 2 271 7887 2 191459 21200
p 2 141 8015 4 163456 19293
p 2 226 7923 11 160448 18700
p 2 545 7609 6 205271 21467
p 2 653 7507 0 210762 22770
p 2 660 7499 1 233398 23943
p 2 671 7489 0 250195 24103
p 2 662 7496 2 238265 23799
p 2 573 7580 7 236726 23332
p 2 473 7685 2 228421 22721
p 2 499 7658 3 233904 22683
p 2 334 7826 0 205789 20870
p 2 299 7853 8 211428 21397
p 2 304 7854 2 204005 20557
p 2 269 7890 1 204309 21073
p 2 252 7902 6 186859 20223
p 2 272 7888 0 197491 21126
p 2 478 7680 2 206834 21913
p 2 479 7680 1 219947 22350
i 2 8160 0 0 234844 36866
p 2 1917 6094 149 233135 26743
p 2 1053 6966 141 198881 23237
p 2 750 7270 140 187444 22206
p 2 572 7466 122 184607 21098
p 2 487 7557 116 178245 20897
p 2 341 7705 114 170813 19996
p 2 653 7424 83 181633 21080
p 2 836 7233 91 199481 22093
p 2 798 7266 96 198665 22143
p 2 952 7093 115 213550 23024
p 2 904 7147 109 211416 22997
p 2 674 7366 120 186929 21534
p 2 433 7620 107 169487 20013
p 2 422 7643 95 175521 20100
p 2 911 7151 98 208563 22471
p 2 1317 6808 35 215393 24121
p 2 1184 6965 11 222066 23980
p 2 929 7212 19 210562 23260
p 2 801 7330 29 186174 22214
p 2 651 7477 32 173675 21150
p 2 300 7840 20 163693 19680
p 2 303 7839 18 154737 19084
p 2 276 7858 26 158588 19457
p 2 664 7476 20 181286 21348
p 2 945 7197 18 193065 22661
p 2 883 7259 18 200117 22555
p 2 1083 7056 21 204049 23364
i 2 8160 0 0 287529 39191
p 2 489 7612 59 168026 20126
p 2 287 7813 60 168125 19619
p 2 128 7965 67 142105 18217
p 2 363 7742 55 176244 20198
p 2 357 7741 62 164944 19896
p 2 246 7854 60 171290 19983
p 2 306 7820 34 161150 19587
p 2 302 7838 20 163351 19563
p 2 243 7878 39 148766 18974
p 2 253 7881 26 158806 19171
p 2 162 7959 39 142990 18457
p 2 184 7943 33 153042 18843
p 2 338 7792 30 163008 19645
p 2 281 7862 17 167180 19642
p 2 434 7713 13 160779 19856
p 2 398 7747 15 164640 19974
p 2 268 7887 5 160273 19470
p 2 229 7918 13 168150 19431
p 2 123 8027 10 149039 18942
p 2 225 7925 10 161203 19046
p 2 439 7714 7 168571 19934
p 2 515 7643 2 183939 20643
p 2 367 7786 7 165109 20307
p 2 386 7771 3 166095 19958
p 2 302 7851 7 160950 19848
p 2 210 7943 7 159547 18944
p 2 59 8090 11 128525 17473
p 2 203 7952 5 151387 18518
p 2 319 7826 15 166464 19521
p 2 353 7799 8 159597 19481
p 2 343 7803 14 161424 19739
p 2 334 7816 10 159046 19440
p 2 370 7783 7 168310 19801
p 2 352 7791 17 151711 19672
p 2 214 7929 17 151190 18868
p 2 185 7960 15 154770 18943
p 2 281 7854 25 167821 19786
p 2 231 7913 16 157483 19484
p 2 293 7850 17 172163 20077
p 2 259 7881 20 162319 20110
p 2 328 7818 14 174198 20225
i 2 8160 0 0 305729 40248
p 2 2236 5917 7 318424 31021
p 2 1306 6843 11 292001 27833
p 2 1042 7094 24 268873 26182
p 2 819 7333 8 257188 25031
p 2 656 7495 9 240081 24537
p 2 558 7598 4 246499 23605
p 2 533 7624 3 237081 23167
p 2 482 7672 6 239833 23014
p 2 377 7781 2 221675 22109
p 2 356 7804 0 223793 22219
p 2 327 7832 1 231319 22056
p 2 316 7844 0 207501 21717
p 2 338 7820 2 219845 22346
p 2 325 7835 0 204969 21474
p 2 299 7861 0 218324 21613
p 2 338 7821 1 200399 21467
p 2 305 7854 1 213916 21182
p 2 284 7876 0 204603 20982
p 2 257 7902 1 213794 21043
p 2 279 7881 0 189672 20532
p 2 245 7913 2 195404 20584
p 2 201 7958 1 182062 20220
p 2 214 7946 0 196674 20390
p 2 179 7976 5 173358 19844
p 2 152 8001 7 180511 19817
p 2 144 8003 13 166779 19605
p 2 131 8024 5 175740 19034
p 2 108 8041 11 157076 19166
p 2 114 8030 16 162684 18630
p 2 104 8050 6 157002 19105
p 2 108 8040 12 168919 18575
p 2 135 8012 13 151371 18268
p 2 145 7998 17 160889 18390
i 2 8160 0 0 266309 38527
p 2 636 7490 34 192042 20603
p 2 280 7862 18 174108 19124
p 2 218 7927 15 176799 19494
p 2 257 7893 10 170467 19081
p 2 370 7775 15 184806 19901
p 2 576 7562 22 205920 21384
p 2 792 7357 11 219589 22218
p 2 734 7407 19 207087 21964
p 2 445 7696 19 192887 20941
p 2 282 7861 17 171380 19785
p 2 237 7902 21 168985 19246
p 2 341 7802 17 181808 20450
p 2 631 7524 5 196091 21719
p 2 950 7202 8 225543 23710
p 2 999 7151 10 203270 23262
p 2 686 7456 18 177723 21925
p 2 440 7711 9 161307 20371
p 2 364 7773 23 170625 20573
p 2 226 7917 17 156422 19575
p 2 272 7870 18 149232 19429
p 2 264 7885 11 147765 19629
p 2 248 7875 37 140936 19189
p 2 223 7918 19 131900 19257
i 2 8160 0 0 319157 40819
p 2 114 8027 19 129696 15962
p 2 87 8061 12 136188 15895
p 2 67 8085 8 138789 15881
p 2 64 8084 12 131556 15901
p 2 63 8091 6 143192 16215
p 2 67 8088 5 132653 16107
p 2 75 8074 11 143663 16573
p 2 73 8079 8 149718 16727
p 2 78 8067 15 135825 16657
p 2 71 8079 10 139860 16319
p 2 91 8062 7 139151 16891
p 2 85 8069 6 150063 16729
p 2 109 8040 11 145728 17049
p 2 119 8035 6 158379 17148
p 2 155 8001 4 169181 18051
p 2 124 8030 6 151739 17294
p 2 115 8042 3 151051 17209
p 2 171 7980 9 152506 17505
p 2 149 8005 6 160177 17735
p 2 114 8038 8 143971 17192
p 2 124 8031 5 151977 17267
p 2 106 8040 14 146458 17166
p 2 107 8032 21 163196 17627
p 2 109 8039 12 150080 17342
p 2 77 8073 10 153718 17207
p 2 81 8068 11 147645 17080
p 2 137 8017 6 163985 17766
p 2 154 7996 10 156131 17646
p 2 147 8003 10 159080 17703
p 2 216 7936 8 158050 17932
p 2 173 7982 5 166698 18055
p 2 140 8012 8 152878 17536
p 2 198 7961 1 165106 18099
p 2 190 7959 11 162673 17994
p 2 180 7976 4 174951 18317
p 2 154 7999 7 164424 17758
p 2 144 8010 6 174998 18027
p 2 234 7920 6 178070 18617
p 2 210 7945 5 182546 18818
p 2 172 7976 12 166880 18322
p 2 168 7975 17 166801 18679
p 2 182 7966 12 174214 18524
p 2 222 7933 5 172985 18704
p 2 225 7926 9 174804 18522
p 2 247 7905 8 181938 19468
p 2 286 7870 4 176759 18896
p 2 249 7908 3 177631 19405
p 2 213 7936 11 167231 18705
p 2 265 7892 3 185383 19648
p 2 247 7902 11 175869 18933
p 2 245 7899 16 180210 19147
p 2 241 7910 9 175374 19092
p 2 420 7723 17 195701 20431
p 2 264 7886 10 178524 19250
p 2 260 7883 17 181655 19382
p 2 228 7922 10 175379 19038
p 2 225 7921 14 185777 19488
p 2 505 7643 12 201172 20806
p 2 514 7637 9 212350 21381
i 2 8160 0 0 228990 36460
p 2 1806 6265 89 220591 25935
p 2 1074 7017 69 210709 23602
p 2 547 7524 89 184278 21106
p 2 300 7770 90 162820 19515
p 2 328 7746 86 165849 19467
p 2 431 7676 53 171685 20141
p 2 638 7469 53 188160 21220
p 2 790 7321 49 201424 22454
p 2 834 7277 49 219081 23288
p 2 887 7244 29 223337 23711
p 2 907 7230 23 228433 23824
p 2 843 7309 8 224421 23574
p 2 1019 7134 7 233860 24257
i 2 8160 0 0 277658 38356
p 2 2283 5847 30 327912 32131
p 2 1239 6894 27 270338 27601
p 2 1151 7005 4 257751 26528
p 2 906 7252 2 243688 25407
p 2 828 7326 6 245495 25032
p 2 762 7394 4 234965 24895
p 2 567 7583 10 229075 23729
p 2 477 7682 1 210897 22900
p 2 349 7802 9 203874 22149
p 2 389 7768 3 191852 22025
p 2 345 7807 8 188428 21472
p 2 363 7777 20 190886 21728
p 2 358 7787 15 181028 21242
p 2 331 7818 11 185577 21029
p 2 263 7880 17 185236 20748
p 2 377 7770 13 192253 21405
p 2 311 7836 13 193889 21197
p 2 341 7800 19 183378 20851
p 2 328 7808 24 184903 20910
p 2 276 7852 32 178357 20454
p 2 301 7841 18 186056 20544
p 2 392 7750 18 192645 20963
p 2 361 7790 9 195289 21096
p 2 390 7760 10 186710 20902
p 2 293 7859 8 198049 20884
p 2 225 7914 21 187640 20309
p 2 261 7879 20 183011 19903
p 2 240 7879 41 178820 20001
p 2 272 7865 23 179674 20003
p 2 312 7825 23 187114 20570
p 2 301 7836 23 173788 19790
p 2 226 7897 37 174187 19796
p 2 249 7863 48 175520 19517
p 2 284 7850 26 181985 19820
p 2 299 7834 27 176592 19714
p 2 321 7818 21 178434 19844
p 2 206 7938 16 166337 18963
p 2 237 7903 20 169832 19111
p 2 199 7949 12 168344 18933
p 2 176 7972 12 175665 19186
p 2 215 7942 3 167265 18933
p 2 225 7925 10 170602 18993
p 2 187 7964 9 168174 18884
p 2 204 7947 9 184621 19285
p 2 232 7910 18 172810 19103
p 2 305 7847 8 182940 19662
p 2 318 7826 16 189355 20023
p 2 358 7786 16 179912 19741
p 2 300 7847 13 176995 19495
p 2 336 7816 8 181275 19863
p 2 367 7785 8 163760 19102
p 2 333 7820 7 173540 19123
p 2 337 7818 5 180809 19617
p 2 333 7823 4 172888 19396
p 2 188 7965 7 174492 18886
p 2 271 7879 10 181213 19488
p 2 318 7837 5 196141 20094
p 2 315 7842 3 181425 19297
p 2 234 7922 4 181134 18885
p 2 236 7922 2 175019 18772
p 2 253 7903 4 178875 18850
i 2 8160 0 0 265020 38153
p 2 474 7618 68 175184 20170
p 2 384 7723 53 175806 20067
p 2 311 7798 51 170188 19938
p 2 397 7725 38 178828 20094
p 2 234 7889 37 165893 19426
p 2 213 7917 30 165482 18910
p 2 157 7983 20 156759 18822
p 2 123 8024 13 163962 18790
p 2 194 7956 10 158725 19193
p 2 216 7934 10 172211 19112
p 2 263 7892 5 173711 19712
p 2 257 7895 8 178463 19544
p 2 231 7910 19 168829 19048
p 2 197 7951 12 168623 18829
p 2 160 7977 23 167602 19094
p 2 186 7954 20 158762 18581
p 2 251 7888 21 180269 19654
p 2 311 7832 17 178010 19571
p 2 222 7917 21 176038 19689
p 2 198 7939 23 153311 18612
p 2 192 7948 20 156158 19073
p 2 170 7967 23 150047 18904
p 2 132 7990 38 149324 19003
p 2 188 7941 31 154255 19186
p 2 244 7886 30 167913 20027
p 2 204 7934 22 158819 19413
p 2 518 7612 30 189137 22090
p 2 674 7456 30 200018 22583
p 2 416 7707 37 186614 21706
p 2 370 7763 27 185796 21646
p 2 350 7783 27 181637 21283
p 2 361 7775 24 179059 21411
p 2 930 7194 36 213739 24263
p 2 1312 6805 43 228448 25653
p 2 1526 6570 64 228002 26102
i 2 8160 0 0 307857 40427
p 2 533 7575 52 177012 19255
p 2 250 7885 25 170285 18423
p 2 154 7958 48 163285 17985
p 2 134 7997 29 147988 17360
p 2 101 8015 44 153484 17428
p 2 171 7964 25 156657 17598
p 2 154 7979 27 171786 18109
p 2 168 7972 20 157801 17856
p 2 158 7987 15 158871 17711
p 2 140 8005 15 151863 17411
p 2 133 8008 19 161337 17673
p 2 116 8033 11 147239 17193
p 2 92 8054 14 146792 16659
p 2 129 8018 13 144328 16913
p 2 108 8040 12 161915 17298
p 2 93 8053 14 143032 16956
p 2 90 8049 21 145894 16943
p 2 75 8079 6 139712 16751
p 2 63 8085 12 147485 16484
p 2 79 8072 9 129426 16529
p 2 64 8081 15 138507 16380
p 2 169 7983 8 154186 17485
p 2 162 7992 6 162278 17516
p 2 127 8018 15 148775 17047
p 2 71 8081 8 146282 16429
p 2 119 8035 6 150748 17089
p 2 133 8023 4 162423 17221
i 2 8160 0 0 260850 38827
p 2 1585 6541 34 228225 25220
p 2 1051 7096 13 213211 23347
p 2 727 7426 7 199038 22403
p 2 871 7277 12 213450 23407
p 2 640 7511 9 201832 22165
p 2 408 7747 5 189585 20970
p 2 462 7694 4 195330 21294
p 2 596 7555 9 210577 21940
p 2 641 7517 2 206136 21994
p 2 350 7803 7 185776 20539
p 2 482 7669 9 200758 21540
p 2 590 7563 7 204830 22245
p 2 363 7792 5 187872 20759
p 2 336 7816 8 201771 21281
p 2 601 7555 4 202624 21798
p 2 563 7589 8 200320 21818
p 2 705 7445 10 196193 22326
p 2 652 7498 10 192879 21719
p 2 672 7472 16 193719 21799
p 2 684 7458 18 195285 21890
p 2 441 7686 33 179326 20548
p 2 154 7984 22 153605 18536
p 2 163 7969 28 152174 17861
p 2 508 7631 21 181192 19962
p 2 448 7674 38 173874 19599
p 2 134 7999 27 153737 17806
p 2 284 7841 35 163863 18551
p 2 282 7855 23 164224 18361
p 2 173 7951 36 155958 17623
p 2 559 7579 22 186616 19801
p 2 622 7521 17 186689 20088
p 2 822 7323 15 198993 21362
p 2 699 7454 7 196499 21081
p 2 712 7434 14 194783 21276
p 2 687 7463 10 201288 20923
p 2 641 7491 28 204959 21436
p 2 550 7595 15 190269 20309
p 2 315 7833 12 182066 19259
p 2 301 7842 17 180816 19123
p 2 384 7747 29 191640 19962
p 2 222 7913 25 168941 18256
p 2 102 8036 22 152221 17457
p 2 157 7966 37 157817 17732
p 2 120 8004 36 163588 17596
p 2 205 7923 32 167063 17885
p 2 99 8029 32 166841 17573
p 2 228 7904 28 168162 17945
p 2 310 7816 34 182116 19013
p 2 378 7761 21 187085 19174
p 2 324 7813 23 180759 19118
p 2 303 7835 22 173459 18788
p 2 348 7786 26 185761 19319
p 2 323 7812 25 170440 18651
p 2 182 7962 16 165359 18085
p 2 247 7893 20 167948 18277
p 2 350 7792 18 181351 18995
p 2 231 7907 22 162453 18003
p 2 135 8005 20 155637 17543
p 2 102 8041 17 142595 16523
p 2 262 7880 18 172672 18155
p 2 200 7937 23 157638 17400
p 2 97 8033 30 153654 16766
p 2 139 7987 34 162762 17376
p 2 163 7972 25 162640 17480
p 2 608 7527 25 193286 19969
i 2 8160 0 0 283360 39379
p 2 2341 5812 7 313068 31538
p 2 1133 7022 5 241943 26170
p 2 638 7517 5 210620 24047
p 2 439 7716 5 204175 23041
p 2 360 7797 3 187964 22161
p 2 296 7856 8 187745 21796
p 2 348 7811 1 170865 21468
p 2 252 7905 3 175953 21184
p 2 276 7876 8 171016 20779
p 2 297 7848 15 189542 21144
p 2 266 7883 11 169960 20387
p 2 256 7897 7 170810 19827
p 2 181 7970 9 165980 19171
p 2 180 7978 2 147188 18628
p 2 145 8010 5 155766 18616
p 2 177 7978 5 155352 18419
p 2 173 7982 5 164074 18611
p 2 160 7996 4 151104 17881
p 2 149 8008 3 157337 18098
p 2 154 8004 2 154110 17752
p 2 89 8068 3 156464 17831
p 2 94 8063 3 142891 17301
p 2 81 8071 8 151591 17483
p 2 125 8028 7 161518 17691
p 2 127 8033 0 158611 17911
p 2 122 8031 7 168034 17953
p 2 127 8031 2 153273 17839
p 2 113 8041 6 159213 17980
p 2 91 8063 6 150876 17788
p 2 103 8055 2 161508 18030
p 2 101 8054 5 142815 17614
p 2 103 8053 4 160550 18020
p 2 127 8030 3 163885 18240
p 2 101 8059 0 148442 17695
p 2 128 8026 6 154397 17794
p 2 106 8053 1 148800 17583
p 2 133 8024 3 163144 17931
p 2 122 8035 3 149082 17429
p 2 77 8079 4 153059 17327
p 2 130 8029 1 157261 17768
p 2 137 8019 4 167860 17977
p 2 147 8005 8 158381 17738
p 2 169 7990 1 166586 18066
p 2 145 8007 8 164369 18049
p 2 146 8012 2 175062 18242
p 2 126 8023 11 158056 17723
p 2 104 8053 3 166507 17850
p 2 134 8024 2 165940 18066
p 2 147 8010 3 193945 18514
p 2 142 8009 9 169102 18036
p 2 114 8045 1 178812 18274
p 2 147 8006 7 174360 18251
p 2 125 8031 4 189899 18513
p 2 138 8021 1 171903 18129
p 2 156 8004 0 179126 18432
p 2 136 8022 2 173088 18374
p 2 139 8021 0 187797 18498
p 2 131 8028 1 171181 17994
p 2 152 8007 1 181033 18404
p 2 180 7978 2 176278 18525
p 2 128 8032 0 183857 18478
p 2 95 8064 1 156645 17671
p 2 106 8052 2 161590 17869
p 2 110 8047 3 155183 17678
p 2 135 8021 4 172629 18112
p 2 134 8022 4 157956 17726
p 2 118 8038 4 166048 17841
p 2 131 8027 2 159776 17778
p 2 152 8006 2 175410 18181
p 2 102 8054 4 153894 17418
p 2 86 8071 3 155834 16946
p 2 78 8075 7 149708 17212
p 2 61 8096 3 173949 17037
p 2 65 8089 6 141585 16393
p 2 69 8084 7 148565 16605
p 2 57 8098 5 139056 16480
p 2 60 8094 6 155857 16859
p 2 81 8073 6 137886 16583
p 2 74 8080 6 140281 16516
p 2 47 8104 9 130501 16195
p 2 58 8089 13 146980 16248
p 2 64 8082 14 133123 16296
p 2 85 8056 19 142741 16183
p 2 100 8037 23 141811 16314
p 2 84 8046 30 158671 16614
p 2 103 8027 30 143226 16373
p 2 71 8058 31 148118 16223
p 2 81 8051 28 136252 16093
p 2 85 8041 34 151652 16374
p 2 124 8003 33 142738 16365
p 2 99 8027 34 151021 16694
p 2 99 8040 21 149927 16618
p 2 104 8028 28 168995 17198
p 2 96 8034 30 153072 16829
p 2 72 8065 23 155069 16804
p 2 41 8099 20 148273 16357
p 2 54 8086 20 149693 16440
p 2 79 8063 18 169938 17084
p 2 108 8037 15 153961 16902
p 2 91 8055 14 159978 16984
p 2 86 8068 6 156193 16869
p 2 102 8054 4 171876 17467
p 2 74 8083 3 150428 16829
p 2 46 8111 3 149724 16703
p 2 62 8094 4 145793 16702
p 2 90 8062 8 167304 17297
p 2 100 8055 5 155153 17040
p 2 119 8031 10 162234 17368
p 2 119 8028 13 162407 17378
p 2 131 8016 13 174948 17801
p 2 116 8040 4 159250 17332
p 2 90 8065 5 159547 17353
p 2 63 8091 6 154770 17229
p 2 121 8037 2 181358 18083
p 2 127 8031 2 177055 18093
p 2 134 8020 6 187825 18317
p 2 145 8009 6 193027 18859
p 2 142 8016 2 179895 19178
p 2 133 8015 12 191546 19425
p 2 110 8044 6 180048 19261
p 2 107 8045 8 172612 19089
p 2 167 7981 12 191832 19997
p 2 217 7934 9 192449 20329
p 2 242 7907 11 201578 20574
p 2 367 7772 21 202546 21035
p 2 294 7851 15 213863 21207
p 2 271 7873 16 212655 21868
p 2 193 7954 13 200755 21341
p 2 255 7897 8 205277 21564
p 2 326 7829 5 213983 22048
p 2 309 7846 5 210762 21990
p 2 284 7860 16 199165 21561
p 2 348 7796 16 204253 21955
i 2 8160 0 0 219809 36887
p 2 4929 3207 24 262462 36147
p 2 4605 3521 34 270693 35558
p 2 4232 3892 36 275103 34571
p 2 3670 4443 47 281022 32877
p 2 3344 4772 44 295336 32563
p 2 3142 5008 10 294635 32301
p 2 2694 5466 0 291636 31164
p 2 2380 5777 3 290402 30573
p 2 962 7191 7 203383 23472
p 2 244 7896 20 136363 18238
p 2 130 8013 17 120805 16438
p 2 97 8041 22 117890 15987
p 2 63 8067 30 108229 15456
p 2 59 8075 26 113239 15572
p 2 51 8081 28 109052 15018
p 2 48 8071 41 108732 14782
p 2 48 8061 51 96645 14421
p 2 41 8078 41 102912 14356
p 2 48 8059 53 102082 14613
p 2 65 8028 67 100698 14256
p 2 49 8056 55 97947 13943
p 2 66 8045 49 92600 13861
p 2 71 8014 75 101370 14191
p 2 54 8042 64 99542 14116
p 2 70 8013 77 108741 14122
p 2 80 8015 65 110154 14264
p 2 107 8020 33 117001 14634
p 2 329 7799 32 144757 16682
p 2 246 7893 21 142664 16270
i 2 8160 0 0 170010 33737
p 2 4275 3872 13 211452 33139
p 2 3907 4242 11 216322 32546
p 2 3355 4788 17 238543 32275
p 2 2632 5516 12 244806 30196
p 2 2168 5968 24 241555 28063
p 2 2022 6123 15 237480 27560
p 2 1664 6487 9 225218 26743
p 2 1453 6700 7 225303 26910
p 2 666 7476 18 186576 23091
p 2 277 7858 25 150791 19639
p 2 285 7856 19 139970 18538
p 2 225 7918 17 137971 18286
p 2 147 7974 39 127532 17500
p 2 204 7919 37 131306 17537
p 2 179 7936 45 127871 17760
p 2 198 7927 35 123707 17148
p 2 165 7955 40 123295 16919
p 2 150 7964 46 117148 16619
p 2 167 7929 64 121504 16916
p 2 91 7958 111 103748 15992
p 2 111 7953 96 109692 16093
p 2 89 7999 72 110721 15899
p 2 110 7987 63 108136 15646
p 2 140 7912 108 104672 15433
p 2 112 7941 107 104075 15252
p 2 91 7931 138 108020 15270
p 2 99 7923 138 112075 15387
p 2 300 7663 197 132252 16505
p 2 322 7621 217 130844 16085
p 2 189 7677 294 127704 15874
p 2 183 7716 261 131093 15777
p 2 839 6839 482 165988 18730
p 2 665 6960 535 164495 18497
p 2 436 6393 1331 151148 16400
p 2 352 6329 1479 151184 15954
i 2 8160 0 0 301734 39884
p 2 55 5420 2685 78491 10165
p 2 40 4860 3260 83544 9471
p 2 42 5321 2797 84127 10030
p 2 39 4764 3357 71801 9259
p 2 68 4189 3903 74464 8746
p 2 39 4418 3703 71838 8920
p 2 34 4592 3534 69624 8749
p 2 39 4192 3929 70932 8577
p 2 44 3795 4321 75397 8077
p 2 44 3890 4226 77043 8338
p 2 49 3950 4161 79002 8320
p 2 89 3791 4280 77620 8451
p 2 116 3592 4452 80059 8285
p 2 108 3670 4382 80682 8412
p 2 100 3510 4550 80318 8070
p 2 93 3488 4579 73948 7898
p 2 77 3287 4796 76721 7668
i 2 8160 0 0 268334 37470
p 2 203 6707 1250 121599 14168
p 2 75 6568 1517 110968 13161
p 2 86 5835 2239 109014 12019
p 2 110 5957 2093 119190 12687
p 2 199 5975 1986 128209 13482
p 2 261 5793 2106 126029 13455
p 2 259 5524 2377 129316 13272
p 2 228 5713 2219 128211 13099
p 2 305 5607 2248 143794 13960
p 2 225 5587 2348 137513 13638
p 2 146 5426 2588 135712 13083
p 2 276 5475 2409 138750 13601
p 2 436 5443 2281 146265 14727
p 2 539 5185 2436 143564 14723
p 2 549 4897 2714 134527 13947
p 2 550 5032 2578 128316 14028
p 2 466 5028 2666 124626 13515
p 2 348 5013 2799 117004 12771
p 2 144 5002 3014 109756 11742
i 2 8160 0 0 159730 32736
p 2 751 7184 225 149280 20679
p 2 401 7458 301 138060 18930
p 2 1090 6845 225 153030 21455
p 2 1034 6918 208 158433 21844
p 2 1495 6542 123 177227 23740
p 2 1863 6201 96 196843 24998
p 2 2469 5628 63 254355 29482
p 2 2364 5756 40 281330 29845
p 2 1956 6176 28 278048 28989
p 2 1087 7026 47 259541 25914
p 2 653 7451 56 237231 23595
p 2 445 7661 54 209733 22188
p 2 421 7698 41 200190 21634
p 2 314 7815 31 190403 21007
p 2 80 8019 61 151012 17989
p 2 85 7992 83 139255 16953
p 2 72 8032 56 140781 16526
p 2 51 8048 61 125659 15911
p 2 65 8028 67 144584 16788
p 2 432 7681 47 171964 18687
p 2 483 7623 54 186572 19498
i 2 8160 0 0 325783 40347
p 2 104 8046 10 140633 16482
p 2 64 8088 8 151248 16806
p 2 60 8084 16 161839 17422
p 2 84 8070 6 144922 16968
p 2 83 8071 6 159312 17429
p 2 85 8070 5 161174 17524
p 2 97 8057 6 170018 17745
p 2 84 8068 8 159456 17284
p 2 99 8051 10 172826 17855
p 2 83 8074 3 159625 17281
p 2 94 8057 9 167862 17473
p 2 98 8060 2 162642 17028
p 2 101 8048 11 171068 17534
p 2 124 8021 15 153677 16883
p 2 104 8050 6 156163 16997
p 2 101 8047 12 152621 16926
p 2 76 8074 10 159434 16994
p 2 81 8066 13 146664 16552
p 2 101 8024 35 148491 16495
p 2 86 8036 38 141660 16215
p 2 72 8066 22 151018 16394
p 2 66 8072 22 137972 16091
p 2 57 8086 17 146464 16228
p 2 64 8082 14 142659 16222
p 2 72 8068 20 169693 16808
p 2 95 8039 26 145569 16408
p 2 82 8045 33 156732 16661
p 2 111 8013 36 153101 16825
p 2 70 8057 33 166668 17015
p 2 99 8047 14 151993 16875
p 2 83 8056 21 161459 16985
p 2 79 8064 17 156057 16830
p 2 121 8017 22 172255 17442
p 2 127 8018 15 158651 17159
p 2 94 8053 13 165903 17114
p 2 103 8036 21 157135 17067
p 2 130 8012 18 172286 17425
p 2 154 7997 9 158460 17292
p 2 149 8001 10 166542 17436
p 2 129 8020 11 162603 17426
p 2 107 8036 17 175619 17511
p 2 105 8038 17 160726 17256
p 2 81 8067 12 168702 17325
p 2 80 8066 14 163535 17192
p 2 110 8027 23 176418 17593
p 2 97 8040 23 156629 17159
p 2 94 8047 19 164692 17406
p 2 95 8052 13 158309 17256
p 2 80 8066 14 178382 17486
p 2 92 8046 22 153021 17017
p 2 116 8013 31 160628 17192
p 2 150 7997 13 159023 17401
p 2 135 8002 23 174321 17676
p 2 162 7990 8 164935 17779
p 2 161 7985 14 171989 17897
p 2 147 7996 17 169193 17815
p 2 196 7946 18 185440 18302
p 2 227 7920 13 184017 18469
p 2 295 7853 12 202506 19255
p 2 327 7828 5 201858 19395
p 2 306 7843 11 209920 19754
p 2 288 7866 6 196695 19236
p 2 256 7897 7 200808 19394
p 2 228 7925 7 194713 19116
p 2 171 7983 6 199216 19033
p 2 173 7982 5 190319 18844
p 2 158 7999 3 196722 19071
p 2 172 7981 7 195996 18982
p 2 271 7881 8 217043 19889
p 2 270 7884 6 210403 19858
p 2 254 7900 6 215450 20216
p 2 315 7840 5 215758 20224
p 2 276 7880 4 235322 20607
p 2 311 7845 4 206696 20087
p 2 344 7810 6 215860 20578
p 2 369 7781 10 219719 20983
p 2 401 7757 2 212887 20871
p 2 444 7711 5 226372 21293
p 2 448 7710 2 225557 21487
p 2 510 7642 8 238538 22118
p 2 501 7655 4 229705 21902
p 2 399 7759 2 231616 21556
p 2 396 7760 4 223702 21475
p 2 368 7785 7 229811 21784
p 2 366 7791 3 223284 21367
p 2 396 7758 6 237888 22017
p 2 391 7762 7 237357 22059
p 2 429 7725 6 251835 22368
p 2 440 7718 2 236233 22220
p 2 535 7624 1 246645 22762
p 2 577 7582 1 243366 23101
p 2 638 7521 1 251006 23294
p 2 739 7419 2 243251 23696
p 2 785 7374 1 239962 23645
p 2 793 7367 0 233503 23921
i 2 8160 0 0 306984 40470
p 2 4320 3830 10 371068 37733
p 2 4427 3728 5 361849 37563
p 2 4664 3495 1 330388 37204
p 2 4987 3173 0 280150 36144
i 2 8160 0 0 181439 34949
i 2 8160 0 0 233118 38624
p 2 4419 3603 138 295146 36758
p 2 3228 4793 139 328658 35097
p 2 2806 5225 129 339825 34195
p 2 2722 5299 139 329768 33616
p 2 2832 5217 111 338275 34128
p 2 2696 5351 113 351182 33951
p 2 2486 5590 84 356698 33413
p 2 1628 6489 43 321318 30321
p 2 747 7340 73 283450 26156
p 2 494 7642 24 250877 23855
p 2 406 7709 45 224978 22462
p 2 345 7788 27 227915 22127
p 2 321 7800 39 223944 22036
p 2 338 7793 29 219105 21933
p 2 285 7825 50 228754 21913
p 2 299 7828 33 222432 21905
p 2 275 7830 55 220571 21706
p 2 288 7825 47 211181 21396
p 2 293 7812 55 218364 21686
p 2 311 7794 55 214357 21672
p 2 339 7754 67 225483 21647
p 2 277 7833 50 212891 21600
p 2 292 7799 69 220300 21327
p 2 291 7808 61 220090 21755
p 2 381 7703 76 235320 22047
p 2 333 7752 75 220445 21790
p 2 340 7728 92 219594 21192
p 2 290 7762 108 206822 20591
p 2 301 7738 121 209967 20647
p 2 270 7749 141 198790 20112
p 2 278 7720 162 203251 20140
p 2 242 7771 147 199572 20024
p 2 232 7779 149 203644 20195
p 2 230 7766 164 190744 19776
p 2 208 7790 162 195889 19909
p 2 251 7766 143 191531 20122
p 2 213 7814 133 197230 20227
p 2 214 7814 132 184683 19808
p 2 193 7820 147 191346 19773
p 2 218 7798 144 188027 19791
p 2 192 7792 176 193838 19759
p 2 215 7785 160 189666 19662
p 2 232 7716 212 195157 19864
p 2 176 7787 197 191327 19451
p 2 248 7689 223 196195 19839
p 2 254 7713 193 189193 19555
p 2 232 7680 248 193446 19724
p 2 190 7755 215 186621 19266
p 2 177 7762 221 195855 19415
p 2 200 7752 208 183063 19126
p 2 230 7737 193 194541 19757
p 2 286 7740 134 194209 19975
p 2 281 7735 144 208179 20511
p 2 229 7805 126 202755 20146
p 2 272 7770 118 208589 20483
p 2 301 7758 101 202754 20576
p 2 307 7723 130 212091 20727
p 2 300 7758 102 200852 20438
p 2 259 7758 143 207220 20323
p 2 253 7775 132 202557 20362
p 2 225 7773 162 200295 19858
p 2 212 7781 167 186940 19606
p 2 221 7759 180 188355 19443
p 2 220 7769 171 185602 19330
p 2 223 7762 175 193196 19459
p 2 171 7827 162 179937 19024
p 2 148 7835 177 180984 18854
p 2 135 7851 174 174923 18659
p 2 168 7817 175 186967 19153
p 2 214 7779 167 182848 19084
p 2 182 7823 155 186661 19308
p 2 167 7856 137 182989 19138
p 2 191 7836 133 196308 19458
p 2 184 7855 121 176646 19115
p 2 200 7851 109 188375 19381
p 2 180 7886 94 189688 19471
p 2 224 7834 102 201226 19866
p 2 251 7813 96 191771 19748
p 2 270 7789 101 203466 20066
p 2 261 7802 97 189181 19622
p 2 231 7824 105 196267 19672
p 2 240 7827 93 179522 19354
p 2 211 7862 87 186779 19349
p 2 161 7912 87 169744 18720
p 2 168 7902 90 180346 18899
p 2 166 7892 102 165471 18550
p 2 142 7911 107 167568 18555
p 2 162 7897 101 167914 18574
p 2 180 7852 128 178195 18956
p 2 145 7891 124 171615 18786
p 2 150 7865 145 185774 19018
p 2 190 7833 137 187795 19365
p 2 177 7850 133 203828 19812
p 2 251 7794 115 198072 19979
p 2 231 7811 118 206556 20037
p 2 232 7823 105 204937 20096
p 2 225 7835 100 207412 19954
i 2 8160 0 0 326009 41077
p 2 149 8010 1 177502 17674
p 2 115 8044 1 170460 17501
p 2 111 8044 5 162626 17475
p 2 94 8065 1 169947 17597
p 2 104 8055 1 166081 17617
p 2 112 8041 7 178478 17786
p 2 110 8049 1 158002 17324
p 2 97 8061 2 162677 17331
p 2 92 8067 1 155875 17415
p 2 99 8053 8 166489 17654
p 2 79 8081 0 148951 17247
p 2 80 8079 1 151820 17019
p 2 85 8072 3 158471 17315
p 2 159 7994 7 160499 17569
p 2 142 8005 13 175760 18074
p 2 144 8008 8 163615 17723
p 2 162 7984 14 172212 18005
p 2 142 8005 13 168935 17848
p 2 134 8010 16 181163 18138
p 2 162 7987 11 172743 18297
p 2 244 7896 20 189688 18667
p 2 192 7951 17 184206 18475
p 2 129 8011 20 184493 18448
p 2 92 8054 14 162498 17783
p 2 112 8026 22 168478 17443
p 2 102 8042 16 168080 17655
p 2 155 7990 15 165547 17751
p 2 184 7962 14 178917 18474
p 2 170 7973 17 170187 18034
p 2 262 7885 13 185995 18832
p 2 256 7895 9 191849 19301
p 2 264 7887 9 185109 18893
p 2 245 7911 4 188439 19214
p 2 237 7914 9 179302 18873
p 2 207 7946 7 185998 19025
p 2 243 7909 8 183750 19093
p 2 274 7870 16 191905 19450
p 2 340 7813 7 195023 19704
p 2 286 7864 10 203354 20207
i 2 8160 0 0 324897 40833
p 2 301 7839 20 169848 18520
p 2 154 7992 14 158071 17558
p 2 146 8005 9 152483 17413
p 2 174 7974 12 159056 17723
p 2 210 7939 11 165793 17968
p 2 226 7927 7 181527 18553
p 2 227 7928 5 174698 18420
p 2 233 7919 8 180322 18538
p 2 164 7989 7 169910 17923
p 2 98 8059 3 168843 17649
p 2 132 8025 3 158847 17578
p 2 93 8064 3 166696 17232
p 2 122 8031 7 169731 17538
p 2 110 8043 7 157959 17051
p 2 102 8054 4 170688 17402
p 2 102 8056 2 159474 17192
p 2 97 8057 6 150767 16819
p 2 68 8086 6 139078 15988
p 2 64 8088 8 151367 16264
p 2 61 8088 11 136941 15811
p 2 63 8088 9 148233 15837
p 2 63 8090 7 150198 16040
p 2 87 8066 7 147836 15960
p 2 109 8042 9 160522 16526
p 2 119 8036 5 150758 16306
p 2 109 8039 12 158901 16399
p 2 93 8064 3 146051 16315
p 2 77 8076 7 155087 16493
p 2 74 8076 10 150350 16343
p 2 118 8031 11 156988 16623
p 2 117 8022 21 152658 16685
p 2 98 8055 7 162152 16987
p 2 115 8026 19 150810 16799
p 2 95 8058 7 155936 16909
p 2 96 8046 18 148244 16791
p 2 71 8085 4 161180 16960
p 2 82 8070 8 145360 16700
p 2 101 8053 6 163380 17245
p 2 136 8012 12 154210 17063
p 2 98 8054 8 158361 17111
p 2 97 8054 9 150714 17005
p 2 105 8049 6 167412 17452
p 2 106 8047 7 153432 17075
p 2 98 8056 6 163213 17375
p 2 110 8043 7 166728 17666
p 2 127 8030 3 187205 18531
p 2 182 7973 5 168768 17953
p 2 139 8015 6 176285 18355
p 2 133 8016 11 163459 17562
p 2 114 8043 3 168504 18103
p 2 159 7997 4 160127 17653
p 2 104 8054 2 172554 18249
p 2 77 8077 6 152142 17295
p 2 101 8053 6 165253 18257
p 2 105 8046 9 153157 17607
p 2 72 8080 8 151794 17853
p 2 67 8090 3 147884 17589
p 2 75 8082 3 154729 17781
p 2 103 8053 4 145660 17585
p 2 120 8037 3 150997 17771
p 2 109 8045 6 142911 17313
p 2 111 8041 8 154801 17661
p 2 129 8028 3 146753 17630
p 2 112 8045 3 154612 17745
p 2 135 8020 5 147746 17610
p 2 159 7998 3 150489 17926
i 2 8160 0 0 368820 44463
p 2 309 7842 9 161858 18655
p 2 180 7977 3 166915 19172
p 2 175 7982 3 160328 19113
p 2 202 7956 2 173134 20164
p 2 179 7980 1 166023 19175
p 2 202 7958 0 178191 20476
p 2 209 7949 2 165494 19581
p 2 191 7968 1 178069 20491
p 2 147 8013 0 164290 20085
p 2 130 8029 1 176014 20129
p 2 134 8025 1 166363 20094
p 2 128 8032 0 183092 20343
p 2 166 7994 0 170314 20335
p 2 148 8011 1 180537 20445
p 2 148 8012 0 167681 20298
p 2 112 8047 1 173658 20433
p 2 139 8021 0 192017 20782
p 2 169 7991 0 172429 20479
p 2 180 7980 0 188225 20793
p 2 195 7963 2 176205 20599
p 2 163 7996 1 190315 20761
p 2 170 7990 0 182580 19564
p 2 157 8002 1 200205 20851
p 2 162 7996 2 186110 19789
p 2 187 7972 1 203738 20841
p 2 151 8008 1 202858 19982
p 2 155 8005 0 192288 20655
p 2 159 8001 0 183668 19641
p 2 179 7980 1 198964 20871
p 2 205 7954 1 185147 19790
p 2 189 7970 1 192154 20731
p 2 178 7982 0 180824 19751
p 2 159 8000 1 189523 20721
p 2 185 7974 1 177632 19659
p 2 140 8020 0 185038 19561
p 2 155 8005 0 202729 20047
p 2 158 8002 0 178374 19559
p 2 125 8034 1 198596 19908
p 2 121 8039 0 196147 20105
p 2 126 8032 2 191211 20731
p 2 165 7994 1 195521 20207
p 2 189 7968 3 194357 21086
p 2 198 7961 1 218555 20913
p 2 218 7940 2 202181 21411
p 2 304 7855 1 229999 21516
p 2 510 7650 0 256364 23281
p 2 775 7383 2 250992 24050
p 2 739 7418 3 263192 24173
p 2 757 7398 5 251345 24066
p 2 757 7391 12 256601 24174
p 2 709 7443 8 252122 23958
p 2 782 7368 10 256710 24676
p 2 756 7387 17 255949 24824
p 2 1329 6820 11 300539 27969
p 2 1853 6298 9 305835 29788
p 2 1811 6333 16 295830 29245
p 2 1766 6377 17 290993 28866
p 2 1691 6465 4 294476 28556
p 2 1653 6500 7 272844 27989
p 2 1146 7010 4 260077 26201
p 2 825 7331 4 239027 24257
p 2 580 7578 2 221660 22808
p 2 403 7757 0 210367 21528
p 2 335 7822 3 207578 21036
p 2 366 7794 0 200170 20286
p 2 367 7792 1 201912 20461
i 2 8160 0 0 236255 37234
p 2 3233 4719 208 198278 29020
p 2 2838 5066 256 172945 28994
p 2 2445 5627 88 142556 28653
p 2 1881 6265 14 124630 27745
p 2 1450 6658 52 114106 26832
p 2 1310 6818 32 105101 26600
p 2 1324 6798 38 96612 26246
p 2 1293 6819 48 91445 25845
p 2 886 7199 75 87004 24998
p 2 2456 5672 32 117041 30333
p 2 905 7227 28 107460 27077
p 2 722 7429 9 102924 26341
p 2 531 7623 6 95110 24841
p 2 589 7564 7 92705 24567
p 2 414 7739 7 91003 23937
p 2 375 7779 6 87388 23468
p 2 348 7807 5 86352 22835
p 2 213 7943 4 82475 22383
p 2 244 7910 6 83959 22278
p 2 192 7964 4 82399 21718
p 2 219 7936 5 83203 21847
p 2 216 7938 6 84924 21766
p 2 142 8013 5 83615 21281
p 2 104 8051 5 86698 21152
p 2 162 7991 7 89434 21210
p 2 196 7959 5 94130 21271
p 2 201 7952 7 100476 21285
p 2 151 8007 2 104497 21296
p 2 189 7965 6 107133 21605
p 2 207 7950 3 111749 21524
p 2 200 7957 3 115430 21375
p 2 214 7941 5 129735 21611
p 2 228 7930 2 130328 21619
p 2 202 7958 0 142675 21614
p 2 232 7928 0 147997 21664
p 2 234 7926 0 156470 21816
p 2 288 7872 0 162067 22126
p 2 245 7915 0 164830 21797
p 2 265 7895 0 169517 21824
p 2 262 7898 0 178016 21849
p 2 269 7889 2 180209 21788
p 2 266 7894 0 187354 21727
p 2 315 7845 0 197891 22028
p 2 260 7900 0 197078 21609
p 2 196 7964 0 185825 20989
p 2 147 8013 0 172195 19863
p 2 171 7989 0 164871 19670
p 2 145 8014 1 173733 19551
p 2 113 8047 0 158509 18922
p 2 103 8056 1 162629 18664
p 2 106 8054 0 159781 18606
p 2 128 8032 0 169385 18747
p 2 127 8027 6 155643 18405
p 2 146 8013 1 163493 18574
p 2 127 8033 0 148229 18232
p 2 104 8055 1 163316 18490
p 2 104 8056 0 149312 18237
p 2 115 8043 2 159102 18533
p 2 90 8068 2 149922 18329
p 2 109 8049 2 165077 18767
p 2 114 8046 0 147417 18426
p 2 147 8012 1 158934 18625
p 2 144 8012 4 151662 18591
p 2 167 7990 3 165506 19008
p 2 185 7974 1 149275 18712
p 2 137 8021 2 160123 18869
p 2 122 8037 1 154508 18551
p 2 147 8012 1 172474 18934
p 2 145 8012 3 157566 18416
p 2 162 7997 1 168177 18589
p 2 175 7983 2 169132 18751
i 2 8160 0 0 276970 39867
p 2 1681 6248 231 281242 28648
p 2 880 7044 236 266032 25727
p 2 685 7222 253 252500 24435
p 2 737 7188 235 248934 24381
p 2 639 7313 208 236120 23967
p 2 636 7368 156 238945 24161
p 2 662 7382 116 235811 23794
p 2 575 7500 85 229854 23798
p 2 477 7628 55 224032 23443
p 2 422 7714 24 207243 22912
p 2 463 7679 18 213402 22552
p 2 576 7574 10 222959 23973
p 2 578 7578 4 224403 24003
p 2 563 7591 6 216768 23724
p 2 738 7412 10 226248 24582
p 2 668 7489 3 223146 24549
p 2 564 7591 5 223482 24379
p 2 619 7538 3 218836 23734
p 2 598 7554 8 234274 23810
p 2 542 7613 5 230537 23796
p 2 521 7632 7 231297 23738
p 2 539 7615 6 233090 24245
p 2 568 7582 10 236141 24343
p 2 595 7560 5 228571 23999
p 2 550 7607 3 225996 23952
p 2 485 7664 11 216452 23558
p 2 410 7736 14 215253 22512
p 2 394 7743 23 208742 22127
p 2 407 7717 36 212167 22075
p 2 448 7582 130 211653 22277
p 2 579 7492 89 222988 22875
p 2 474 7547 139 215464 22877
p 2 376 7647 137 218089 21857
p 2 342 7657 161 214158 21450
p 2 357 7638 165 221147 21521
i 2 8160 0 0 218941 35879
p 2 933 7198 29 189605 21933
p 2 469 7665 26 175745 20117
p 2 285 7866 9 152920 19265
p 2 171 7958 31 143594 18636
p 2 191 7953 16 144698 18465
p 2 217 7918 25 138569 18679
p 2 207 7941 12 133573 18401
p 2 220 7927 13 126321 18547
p 2 308 7838 14 148984 19715
p 2 315 7831 14 148310 19535
p 2 208 7947 5 141532 19062
p 2 174 7975 11 137473 18979
p 2 228 7920 12 146177 19655
p 2 181 7968 11 135764 19105
p 2 128 8021 11 134148 18969
p 2 228 7922 10 136664 19291
p 2 364 7782 14 157020 20541
p 2 464 7679 17 167655 21400
p 2 328 7816 16 145286 20460
p 2 286 7823 51 158094 20687
p 2 301 7836 23 153157 20377
p 2 225 7908 27 146566 20031
p 2 310 7824 26 145791 20086
p 2 326 7788 46 150526 20343
p 2 766 7371 23 169490 22638
p 2 642 7499 19 149777 22115
p 2 888 7255 17 135778 22132
p 2 1000 7100 60 130590 22412
p 2 796 7310 54 128520 21895
i 2 8160 0 0 269166 39467
p 2 297 7589 274 174698 18856
p 2 150 7759 251 176171 18549
p 2 156 7752 252 175507 18628
p 2 189 7742 229 168662 18565
p 2 269 7668 223 182819 19291
p 2 341 7618 201 182559 19589
p 2 295 7694 171 182895 19446
p 2 258 7766 136 169721 19089
p 2 306 7715 139 181869 19594
p 2 433 7619 108 191324 20351
p 2 372 7666 122 194260 20249
p 2 353 7726 81 186221 20563
p 2 275 7787 98 190747 20071
p 2 280 7820 60 185982 19916
p 2 248 7850 62 187461 19856
p 2 219 7911 30 180931 19594
p 2 216 7880 64 185439 19661
p 2 267 7848 45 183708 19949
p 2 290 7823 47 190652 20190
p 2 275 7858 27 186099 20150
p 2 333 7788 39 200696 20680
p 2 377 7758 25 202222 20818
p 2 312 7823 25 204678 20805
p 2 252 7883 25 196221 20008
p 2 271 7861 28 214491 20521
p 2 297 7839 24 200008 20451
p 2 424 7710 26 215730 21361
p 2 398 7741 21 213974 21596
p 2 369 7767 24 212844 21188
p 2 352 7789 19 203948 21261
p 2 292 7838 30 200589 20412
p 2 284 7833 43 193906 20208
p 2 201 7929 30 195123 19941
p 2 257 7871 32 192537 20105
p 2 274 7869 17 197532 20394
p 2 255 7896 9 194398 20119
p 2 288 7860 12 203435 20625
p 2 318 7833 9 196166 20533
p 2 415 7734 11 210880 21395
p 2 310 7845 5 205376 21082
p 2 278 7864 18 201550 20531
p 2 301 7849 10 198733 20669
p 2 439 7712 9 213368 21471
p 2 527 7620 13 219957 22274
p 2 429 7709 22 224800 21572
p 2 361 7783 16 211625 21459
p 2 316 7826 18 212048 20722
p 2 323 7811 26 202719 20679
p 2 247 7882 31 197098 19926
p 2 171 7963 26 192948 19699
p 2 165 7980 15 195673 19754
p 2 245 7900 15 190771 19852
p 2 252 7900 8 200124 20296
p 2 247 7907 6 197891 20175
p 2 278 7859 23 202009 20375
p 2 210 7938 12 189055 19675
p 2 250 7890 20 193715 19911
p 2 266 7870 24 190768 19987
p 2 326 7819 15 208533 20856
p 2 326 7812 22 211067 20992
p 2 314 7831 15 214174 21089
p 2 320 7824 16 207445 21025
p 2 366 7777 17 211935 21265
i 2 8160 0 0 314738 40925
p 2 127 8012 21 161714 17488
p 2 146 7997 17 173818 18089
p 2 122 8024 14 158062 17955
p 2 134 8014 12 163794 17804
p 2 119 8031 10 155589 17721
p 2 108 8032 20 162388 17447
p 2 114 8037 9 145128 16810
p 2 117 8031 12 153155 16994
p 2 119 8029 12 139573 16729
p 2 111 8029 20 149293 16963
p 2 113 8040 7 134007 16359
p 2 81 8069 10 136113 16136
p 2 88 8056 16 132614 16210
p 2 109 8042 9 149998 16699
p 2 179 7970 11 149595 17096
p 2 212 7936 12 167663 17721
p 2 330 7819 11 180615 18822
p 2 321 7834 5 172934 18644
p 2 187 7968 5 162916 18247
i 2 8160 0 0 241972 37697
p 2 272 7803 85 155280 18657
p 2 369 7720 71 185940 20236
p 2 518 7574 68 194589 21152
p 2 516 7560 84 189315 20921
p 2 763 7306 91 191129 21688
p 2 709 7342 109 178726 20878
p 2 385 7663 112 156975 18496
p 2 235 7775 150 149766 17749
p 2 175 7870 115 137303 17011
p 2 209 7818 133 146737 17365
p 2 509 7548 103 157276 18328
p 2 747 7312 101 169021 19631
p 2 1058 7002 100 180346 20892
p 2 1018 7069 73 189159 21431
p 2 691 7375 94 174246 20020
p 2 413 7646 101 167492 19177
p 2 255 7780 125 148672 17521
p 2 440 7652 68 171459 19315
i 2 8160 0 0 204404 35121
p 2 1346 6633 181 198666 23819
p 2 638 7347 175 174863 21053
p 2 475 7474 211 167346 20146
p 2 1259 6733 168 198728 23994
p 2 911 7131 118 184477 22670
p 2 225 7796 139 146669 19246
p 2 150 7885 125 129230 18353
p 2 189 7812 159 135355 18711
p 2 666 7409 85 182387 22260
p 2 479 7605 76 172137 21228
p 2 208 7865 87 150613 19657
p 2 563 7509 88 168496 21233
p 2 645 7455 60 179927 22026
p 2 603 7478 79 175260 21785
p 2 403 7702 55 159218 20568
p 2 306 7742 112 165344 20082
p 2 645 7456 59 188362 22016
p 2 556 7522 82 177747 21478
p 2 380 7727 53 162567 20476
p 2 443 7636 81 171412 20948
p 2 658 7481 21 180492 21969
p 2 950 7177 33 188688 23195
i 2 8160 0 0 222755 38156
p 2 2821 5176 163 248239 30909
p 2 1345 6742 73 223415 26185
p 2 782 7342 36 168679 22593
p 2 702 7449 9 162191 22369
p 2 682 7473 5 173975 22793
p 2 728 7420 12 186386 23013
p 2 830 7321 9 192676 23711
p 2 716 7437 7 196931 23200
p 2 667 7490 3 193813 23181
p 2 430 7722 8 182876 21954
p 2 228 7924 8 176492 20751
p 2 176 7968 16 151160 19569
p 2 180 7958 22 152836 19095
p 2 178 7962 20 163422 19349
p 2 163 7975 22 148940 18999
p 2 177 7967 16 152137 18826
p 2 150 7995 15 145071 18788
p 2 152 7991 17 157471 19104
p 2 155 7995 10 150697 19232
p 2 173 7973 14 155412 19554
p 2 164 7984 12 172235 20061
p 2 198 7956 6 163384 20469
p 2 229 7929 2 175327 20552
p 2 195 7964 1 166813 20858
p 2 226 7933 1 185202 21532
p 2 242 7916 2 177892 21484
p 2 292 7868 0 194047 22110
p 2 372 7785 3 195890 22251
i 2 8160 0 0 287840 41281
p 2 284 7776 100 155550 19345
p 2 170 7915 75 161140 19207
p 2 163 7914 83 161566 19199
p 2 138 7957 65 154235 18971
p 2 183 7885 92 163933 19308
p 2 149 7936 75 153588 18886
p 2 148 7918 94 155237 18765
p 2 102 7961 97 150154 18503
p 2 153 7898 109 156100 18597
p 2 128 7947 85 143828 18415
p 2 127 7922 111 146917 18450
p 2 106 7956 98 145923 18257
p 2 118 7875 167 157597 18552
p 2 114 7931 115 147516 18562
p 2 160 7838 162 162539 18879
p 2 146 7870 144 145311 19206
p 2 115 7912 133 160866 18881
p 2 173 7858 129 164881 19816
p 2 209 7816 135 153617 19147
p 2 175 7863 122 161474 19770
p 2 198 7836 126 156011 19296
p 2 255 7764 141 163954 20137
p 2 267 7739 154 160258 20230
p 2 248 7783 129 169064 20316
p 2 248 7803 109 162495 20264
p 2 239 7824 97 166131 20174
p 2 294 7778 88 166636 20625
p 2 208 7883 69 172821 20387
i 2 8160 0 0 279360 41196
p 2 311 7730 119 182852 20249
p 2 235 7823 102 193793 20062
p 2 252 7796 112 189123 20090
p 2 224 7853 83 179137 19948
p 2 256 7805 99 178287 19992
p 2 248 7843 69 171582 19893
p 2 178 7902 80 167330 19327
p 2 152 7930 78 152987 18829
p 2 112 7981 67 150641 18363
p 2 85 8019 56 143466 18296
p 2 141 7951 68 152572 18466
p 2 122 7976 62 145581 18465
p 2 134 7951 75 152453 18714
p 2 125 8006 29 148567 18639
p 2 134 7980 46 159677 18652
p 2 124 7998 38 143502 18547
p 2 146 7956 58 155863 18804
p 2 121 7982 57 154658 18709
p 2 142 7965 53 146712 18519
p 2 116 8004 40 153711 18708
p 2 168 7942 50 154988 18860
p 2 170 7939 51 163792 19140
p 2 156 7952 52 154509 18900
p 2 187 7942 31 160587 19070
p 2 141 7964 55 156362 18873
p 2 150 7959 51 159900 18865
p 2 143 7964 53 146709 18537
p 2 136 7970 54 152514 18622
i 2 8160 0 0 197971 36139
p 2 1084 7064 12 208633 25744
p 2 649 7507 4 203003 24490
p 2 608 7552 0 198485 24390
p 2 526 7634 0 198576 24270
p 2 459 7699 2 203430 24374
p 2 425 7735 0 199757 24137
p 2 429 7730 1 196851 24013
p 2 425 7734 1 193340 23923
p 2 358 7802 0 189218 23376
p 2 357 7803 0 184018 23212
p 2 349 7811 0 170481 22914
p 2 355 7804 1 180618 23012
p 2 316 7843 1 171047 22575
p 2 355 7804 1 165435 22541
p 2 323 7836 1 166828 22254
p 2 303 7852 5 154159 22121
p 2 312 7846 2 161036 22087
p 2 292 7867 1 151871 21758
p 2 241 7914 5 156449 21827
p 2 245 7915 0 148720 21640
p 2 260 7900 0 154964 22009
p 2 227 7933 0 148775 21782
p 2 213 7947 0 152726 21700
p 2 242 7914 4 142873 21278
p 2 193 7964 3 135763 20791
p 2 170 7988 2 135012 20621
p 2 141 8018 1 133902 20474
p 2 110 8047 3 129481 20081
i 2 8160 0 0 284504 41227
p 2 154 7791 215 146941 17902
p 2 185 7838 137 167221 18691
p 2 151 7879 130 167336 18857
p 2 134 7942 84 164686 18829
p 2 224 7876 60 181697 19826
p 2 272 7829 59 187040 20358
p 2 257 7835 68 191537 20333
p 2 290 7805 65 188267 20508
p 2 364 7753 43 191242 20984
p 2 311 7828 21 186851 20875
p 2 288 7843 29 200045 21297
p 2 269 7874 17 185421 20796
p 2 281 7867 12 189227 20901
p 2 282 7864 14 185704 21126
p 2 198 7953 9 188048 20809
p 2 259 7885 16 181129 20897
p 2 364 7782 14 189342 21572
p 2 334 7816 10 189142 21553
p 2 292 7852 16 190377 21399
p 2 251 7886 23 178388 20841
p 2 231 7906 23 177542 20718
p 2 247 7906 7 173782 20808
p 2 385 7752 23 197923 22098
p 2 464 7680 16 199044 22492
p 2 654 7493 13 205554 23476
p 2 672 7484 4 196358 23247
p 2 434 7699 27 195487 22226
p 2 653 7489 18 199369 22978
p 2 655 7487 18 206587 23215
p 2 632 7502 26 196477 22875
p 2 560 7568 32 190316 22489
p 2 470 7618 72 178320 21735
p 2 331 7756 73 174090 21095
p 2 308 7748 104 167909 20701
p 2 358 7656 146 165593 20737
p 2 402 7639 119 164913 20918
p 2 459 7600 101 182983 21978
p 2 628 7391 141 190789 22929
p 2 656 7359 145 188632 22983
p 2 721 7339 100 189093 23272
p 2 663 7405 92 179460 22913
p 2 595 7499 66 186020 23011
p 2 457 7639 64 173175 21941
p 2 657 7438 65 184107 22554
p 2 1122 6966 72 200943 24692
p 2 1145 6918 97 197425 24822
p 2 1074 6983 103 190400 24326
p 2 802 7267 91 183589 23491
p 2 567 7483 110 177136 22003
p 2 420 7596 144 155866 20603
p 2 291 7723 146 148510 19866
p 2 326 7692 142 148294 20041
p 2 422 7590 148 163056 20757
p 2 510 7497 153 182041 21769
p 2 808 7227 125 202425 23686
p 2 704 7328 128 192532 23558
p 2 508 7540 112 191491 22947
p 2 365 7696 99 185426 22244
p 2 279 7801 80 176703 21804
p 2 213 7841 106 164049 20991
p 2 258 7802 100 171505 21096
p 2 207 7848 105 161752 20538
p 2 215 7862 83 162016 20545
p 2 216 7827 117 158718 20425
p 2 185 7834 141 157307 20032
p 2 124 7882 154 142251 19142
p 2 95 7875 190 134418 18476
p 2 96 7888 176 123890 17997
p 2 107 7853 200 125990 17809
p 2 120 7883 157 116089 17698
p 2 87 7919 154 118156 17470
p 2 94 7895 171 106726 16967
p 2 77 7868 215 109200 16774
p 2 92 7875 193 104452 16677
p 2 92 7902 166 111459 16880
p 2 88 7800 272 100683 16384
p 2 73 7843 244 104311 16474
p 2 76 7841 243 99524 16258
p 2 89 7883 188 107773 16772
p 2 100 7771 289 97585 16163
p 2 112 7751 297 100162 16193
p 2 116 7669 375 96625 16017
p 2 84 7747 329 100778 15935
p 2 73 7711 376 89484 15490
p 2 62 7627 471 89931 15231
p 2 81 7591 488 89263 15373
p 2 73 7627 460 94111 15443
i 2 8160 0 0 196249 36337
p 2 3358 4794 8 216458 32571
p 2 2407 5746 7 221760 30877
p 2 2225 5932 3 226138 30619
p 2 2090 6065 5 228927 30371
p 2 1884 6275 1 225542 29999
p 2 1903 6256 1 227923 30293
p 2 2145 6015 0 234333 31119
p 2 2108 6052 0 235584 30899
p 2 1808 6349 3 239033 30517
p 2 1892 6268 0 243185 31167
p 2 1960 6197 3 239113 30816
p 2 2068 6091 1 234809 31311
p 2 2187 5972 1 226691 31105
p 2 2300 5860 0 230001 31711
p 2 2390 5769 1 227378 31788
p 2 2205 5954 1 217838 31321
p 2 2085 6075 0 218060 31089
p 2 2276 5884 0 226537 31975
p 2 2142 6018 0 228025 31166
p 2 2087 6072 1 213242 30642
p 2 2329 5828 3 205692 30685
p 2 2187 5969 4 206729 30783
p 2 2524 5635 1 205190 31080
p 2 2437 5720 3 204280 31057
p 2 2341 5816 3 211648 30345
p 2 2180 5978 2 207463 30165
p 2 1942 6217 1 191776 29561
p 2 1831 6329 0 181138 28166
p 2 1843 6316 1 174357 28447
p 2 1286 6872 2 156669 26799
p 2 1273 6884 3 139037 25589
p 2 755 7405 0 136880 24859
p 2 1271 6888 1 137526 25458
p 2 1565 6593 2 157391 26779
p 2 1268 6891 1 192439 26910
p 2 1657 6502 1 221231 29140
p 2 2033 6127 0 266130 30902
p 2 2485 5675 0 283033 32288
p 2 2211 5947 2 286849 31683
i 2 8160 0 0 263403 39984
p 2 3909 4250 1 316146 35571
p 2 3102 5058 0 331965 34168
p 2 3544 4614 2 336121 34733
p 2 2085 6074 1 327920 31576
p 2 1904 6256 0 325556 30987
p 2 2712 5448 0 302993 32390
p 2 1470 6688 2 270391 28894
p 2 1054 7101 5 248455 26902
p 2 2023 6131 6 250953 29558
p 2 787 7347 26 200200 24805
p 2 577 7568 15 182396 23837
p 2 1689 6433 38 203754 26623
p 2 453 7680 27 165234 22531
p 2 334 7786 40 152647 21398
p 2 1097 7024 39 163820 23999
p 2 342 7779 39 138436 20917
p 2 300 7816 44 141414 20799
p 2 910 7199 51 144278 22926
p 2 270 7848 42 122649 20336
p 2 228 7885 47 122430 20208
p 2 1294 6829 37 154253 24568
p 2 1151 6958 51 149947 23717
p 2 1039 7090 31 136425 22901
p 2 1194 6900 66 140299 23411
p 2 792 7304 64 123668 21897
p 2 877 7166 117 120035 21832
p 2 652 7379 129 105019 20834
p 2 763 7176 221 108529 21160
p 2 667 7257 236 99432 20474
p 2 702 7053 405 89556 19787
p 2 599 7133 428 79885 19220
p 2 534 6980 646 69839 18132
p 2 501 6900 759 62969 17535
p 2 478 7675 7 66281 18442
p 2 413 6970 777 47793 16195
p 2 329 6536 1295 41727 14671
p 2 268 6572 1320 36296 14136
p 2 159 6345 1656 32345 12902
p 2 84 6262 1814 24959 11656
i 2 8160 0 0 82082 25940
p 2 1239 6908 13 76890 20982
p 2 704 7448 8 76895 20160
p 2 515 7633 12 77347 19207
p 2 718 7435 7 75947 18914
p 2 775 7375 10 76631 18763
p 2 310 7830 20 77701 17693
p 2 656 7493 11 79042 18470
p 2 110 8040 10 66891 16224
p 2 255 7896 9 72996 16359
p 2 497 7649 14 76140 16842
p 2 663 7489 8 77954 17299
p 2 466 7685 9 78626 16925
p 2 506 7649 5 82459 17008
p 2 194 7962 4 76207 15763
p 2 94 8059 7 73729 14943
p 2 89 8068 3 79838 16811
p 2 312 7840 8 96912 19753
p 2 401 7751 8 99914 20483
p 2 307 7845 8 96065 20071
p 2 332 7818 10 96642 19970
p 2 361 7797 2 92633 20035
p 2 587 7565 8 92619 20234
p 2 647 7501 12 94662 20364
p 2 600 7546 14 94477 19895
p 2 717 7438 5 100858 20394
p 2 533 7602 25 103316 19764
p 2 476 7671 13 102983 19204
p 2 353 7783 24 106179 18823
p 2 549 7601 10 102474 18617
p 2 636 7520 4 103726 18607
p 2 540 7617 3 104063 18148
p 2 357 7797 6 94755 16931
p 2 168 7988 4 88298 15564
p 2 97 8055 8 76229 13977
p 2 57 8093 10 72403 13522
p 2 105 8043 12 59849 12295
p 2 157 7980 23 65767 12685
p 2 256 7885 19 62551 12628
p 2 273 7860 27 66046 12832
p 2 201 7934 25 59184 12154
p 2 91 8042 27 59875 12083
p 2 18 8112 30 54450 11503
p 2 18 8123 19 60093 11717
p 2 21 8107 32 54194 11360
p 2 14 8114 32 57619 11420
p 2 8 8124 28 57453 11511
p 2 7 8131 22 65074 11957
p 2 25 8104 31 55905 11560
p 2 7 8121 32 59568 11679
p 2 18 8106 36 56668 11592
p 2 19 8112 29 61886 11856
p 2 19 8104 37 54122 11474
p 2 10 8107 43 55919 11382
p 2 12 8101 47 53677 11340
p 2 14 8105 41 60670 11756
p 2 508 7626 26 64982 13541
p 2 1206 6941 13 77448 16467
p 2 850 7286 24 73249 15773
p 2 484 7646 30 75399 15301
p 2 388 7722 50 62838 14158
p 2 845 7257 58 87962 15824
p 2 1331 6716 113 122185 18980
p 2 1054 7005 101 146701 19941
p 2 919 7154 87 162015 20193
p 2 492 7581 87 128410 17356
p 2 230 7813 117 74547 14055
p 2 1508 6565 87 86877 18396
p 2 2197 5816 147 91583 21115
p 2 1100 6838 222 86383 18819
p 2 1354 6578 228 91209 19673
p 2 436 7326 398 72299 15752
p 2 27 7619 514 64700 13494
p 2 15 7626 519 61279 13203
p 2 34 7546 580 66837 13394
p 2 91 7555 514 64667 13418
p 2 112 7342 706 69203 13597
p 2 167 7412 581 68748 13915
p 2 139 7464 557 72760 14227
p 2 141 7578 441 69667 14230
p 2 148 7530 482 73102 14264
p 2 195 7565 400 71474 14459
p 2 253 7559 348 76705 14989
p 2 290 7454 416 70447 14952
p 2 385 7354 421 73957 15465
p 2 425 7395 340 69865 15340
p 2 470 7314 376 73817 15822
p 2 497 7387 276 72800 15925
p 2 583 7244 333 75389 16255
p 2 564 7214 382 71331 15742
p 2 485 7253 422 69123 15263
p 2 300 7501 359 62180 14507
p 2 140 7505 515 58301 13377
p 2 38 7538 584 56744 12806
p 2 188 7398 574 56149 12986
p 2 1149 6480 531 67333 16434
p 2 2082 5360 718 66098 19077
i 2 8160 0 0 92748 29399
p 2 3235 4617 308 100659 24584
p 2 3233 4819 108 116990 26865
p 2 3347 4587 226 114783 26117
p 2 2720 4954 486 101770 24105
p 2 1739 5547 874 87253 20605
p 2 853 6060 1247 72342 17530
p 2 391 6535 1234 55919 15116
p 2 184 6422 1554 47597 13692
p 2 78 6665 1417 43143 13200
p 2 35 6551 1574 41495 12738
p 2 50 6801 1309 40918 12942
p 2 37 6674 1449 40958 12658
p 2 59 6663 1438 40870 12636
p 2 130 6636 1394 44361 13121
p 2 201 6663 1296 47488 13352
p 2 249 6481 1430 52250 13697
p 2 241 6520 1399 54780 14042
p 2 284 6388 1488 54271 13791
p 2 243 6542 1375 54224 13918
p 2 385 6508 1267 56575 14437
p 2 310 6732 1118 59717 14760
p 2 376 6636 1148 61834 15062
p 2 523 6683 954 70235 16123
p 2 570 6702 888 77976 16756
p 2 568 6889 703 82572 17588
p 2 554 6766 840 84280 17695
p 2 561 6878 721 88757 18013
p 2 483 6912 765 91077 17655
p 2 766 6758 636 118704 20108
p 2 809 6653 698 122756 20132
p 2 350 7132 678 98061 17370
p 2 379 7142 639 95772 17692
p 2 330 7293 537 102214 18076
p 2 573 6984 603 121998 19668
p 2 587 7111 462 118921 19843
p 2 581 7156 423 116482 19775
p 2 529 7301 330 113332 19502
p 2 390 7427 343 102166 18269
p 2 360 7521 279 102974 18242
p 2 335 7512 313 102106 18141
p 2 835 7149 176 122656 20990
p 2 1077 6956 127 126940 21225
p 2 440 7572 148 110010 18452
p 2 551 7500 109 111196 18649
p 2 719 7339 102 116518 19094
p 2 751 7343 66 119886 19277
p 2 616 7475 69 108362 18164
p 2 671 7439 50 88470 17084
p 2 547 7567 46 75081 16284
p 2 374 7713 73 62615 15212
p 2 271 7834 55 59568 14628
p 2 120 7921 119 48662 13255
p 2 41 8063 56 45817 12829
p 2 53 8023 84 42520 12197
p 2 80 7988 92 46147 12364
p 2 67 7997 96 38873 11665
p 2 27 8045 88 39353 11705
p 2 12 8024 124 36202 11307
p 2 8 8014 138 39406 11602
p 2 6 8032 122 35887 11294
p 2 5 8024 131 37890 11332
p 2 5 8021 134 35635 11208
p 2 6 8050 104 38119 11479
p 2 8 8038 114 34637 11136
p 2 5 8045 110 37365 11319
p 2 6 8059 95 36417 11425
p 2 43 8004 113 41700 11838
p 2 116 7905 139 43338 12047
p 2 183 7849 128 48723 12662
p 2 242 7810 108 51232 13075
p 2 288 7754 118 56154 13636
p 2 268 7759 133 53591 13340
p 2 287 7772 101 53437 13377
p 2 292 7757 111 53443 13499
p 2 296 7768 96 52998 13446
p 2 285 7771 104 55510 13688
p 2 289 7772 99 53986 13640
p 2 317 7725 118 56238 13956
p 2 322 7715 123 58875 14355
p 2 304 7721 135 56057 13829
p 2 294 7778 88 59401 14083
p 2 291 7753 116 58006 14062
p 2 264 7803 93 60628 14305
p 2 232 7865 63 57118 13868
p 2 208 7913 39 58211 13790
p 2 198 7896 66 57573 13787
p 2 150 7981 29 59540 13896
p 2 144 7952 64 55008 13411
p 2 98 8021 41 53098 13318
p 2 241 7846 73 53776 13681
p 2 279 7824 57 52971 13935
p 2 738 7361 61 57021 15539
p 2 429 7665 66 63064 14741
p 2 459 7629 72 66394 15017
p 2 175 7929 56 67997 14574
p 2 193 7885 82 67559 14545
p 2 507 7602 51 83654 17164
p 2 606 7493 61 95941 18809
p 2 408 7709 43 91468 18462
p 2 754 7337 69 84287 18615
p 2 1289 6820 51 127932 22200
p 2 1544 6567 49 149129 24398
p 2 1246 6871 43 149588 24605
p 2 938 7189 33 144365 22916
p 2 1006 7126 28 151393 22931
p 2 1199 6915 46 156555 24239
p 2 1165 6977 18 167992 24714
p 2 1334 6806 20 179176 25318
p 2 1445 6672 43 189227 26402
p 2 1460 6683 17 187032 27173
p 2 1237 6877 46 174462 26068
p 2 874 7256 30 169946 24588
p 2 2809 5350 1 188260 29485
p 2 2698 5462 0 200915 30641
p 2 2046 6104 10 205494 29832
p 2 1888 6243 29 195831 29070
p 2 1426 6563 171 172544 26663
p 2 1182 6760 218 155860 24926
p 2 1173 6658 329 156940 24399
p 2 1151 6585 424 158827 24452
p 2 1391 6463 306 170192 25942
p 2 1541 6385 234 166772 26822
p 2 1439 6643 78 169110 27292
p 2 1554 6504 102 166497 27418
p 2 1383 6691 86 163124 26752
p 2 1105 6904 151 147020 25076
p 2 977 7015 168 127174 23396
p 2 895 7041 224 130126 23277
p 2 794 7210 156 125673 23111
p 2 1017 6891 252 130884 23777
p 2 1108 6900 152 137560 24392
p 2 1116 6825 219 138619 24368
p 2 1257 6743 160 141537 25044
p 2 1301 6686 173 138411 25222
p 2 1964 6087 109 163119 28230
p 2 1782 6281 97 169089 27802
p 2 1398 6501 261 149832 25280
p 2 1163 6390 607 119999 22235
p 2 864 6612 684 101873 20314
p 2 613 6416 1131 94368 18941
p 2 457 6691 1012 92153 18872
p 2 434 6381 1345 89597 18370
p 2 366 6812 982 92269 18607
p 2 490 6658 1012 101006 19406
p 2 756 6566 838 112568 20525
p 2 812 6689 659 125301 21688
p 2 540 7003 617 123686 20942
p 2 537 7124 499 131642 21246
p 2 559 7182 419 134975 21069
p 2 612 7261 287 143100 21544
p 2 625 7272 263 144234 21676
p 2 641 7316 203 145260 21493
p 2 855 7146 159 148742 22213
p 2 845 7247 68 150988 22409
p 2 626 7479 55 146128 21537
p 2 563 7559 38 136227 20670
p 2 172 7922 66 90619 16557
p 2 93 8011 56 69168 14770
p 2 12 8041 107 58601 13627
p 2 9 8066 85 48173 12515
p 2 5 8026 129 51718 12734
p 2 5 8082 73 46042 12197
p 2 7 8026 127 54643 12949
p 2 0 8067 93 45803 12197
p 2 0 8031 129 51041 12623
p 2 2 8097 61 46801 12208
p 2 4 8052 104 58051 13148
p 2 11 8077 72 47282 12241
p 2 7 8056 97 54717 12877
p 2 10 8081 69 50499 12481
p 2 8 8050 102 54749 13026
p 2 6 8070 84 44947 12213
p 2 9 8049 102 53116 12875
p 2 19 8079 62 49997 12586
p 2 0 8044 116 57677 13312
p 2 5 8083 72 50483 13049
p 2 18 8033 109 61499 13905
p 2 9 8065 86 56637 13620
p 2 19 8044 97 63206 14203
p 2 11 8011 138 52215 13220
p 2 10 7925 225 56755 13164
p 2 11 7851 298 48659 12277
p 2 8 7793 359 51818 12580
p 2 9 7650 501 43950 11618
p 2 10 7652 498 45231 11675
p 2 7 7685 468 42897 11345
p 2 22 7657 481 46864 11723
p 2 26 7310 824 39435 10766
p 2 32 7230 898 41954 10953
p 2 6 6883 1271 39025 10179
p 2 204 7803 153 86092 14609
p 2 154 7805 201 80590 14075
p 2 202 7802 156 93411 14771
p 2 351 7589 220 107983 15691
p 2 159 7825 176 96078 15220
p 2 66 7899 195 78915 13992
p 2 78 7915 167 84744 14000
p 2 296 7633 231 108069 15630
p 2 701 7280 179 117238 17502
p 2 701 7269 190 93795 16886
p 2 428 7531 201 63288 14884
p 2 146 7773 241 47490 12580
p 2 71 7893 196 37017 11647
p 2 937 6921 302 71716 15049
p 2 69 7376 715 40315 11053
p 2 24 7472 664 36949 10503
p 2 20 7413 727 37806 10469
p 2 14 7344 802 35522 10287
p 2 5 7407 748 37633 10542
p 2 48 7352 760 32858 10106
p 2 88 7182 890 33667 10240
p 2 823 6532 805 80141 14458
p 2 24 6843 1293 40269 9983
p 2 906 6579 675 45468 12875
p 2 40 7345 775 36946 10170
p 2 23 7346 791 34065 10012
p 2 67 7305 788 40602 10685
p 2 938 6372 850 86016 15141
p 2 282 6619 1259 51021 11262
p 2 71 6735 1354 47669 10600
p 2 104 6684 1372 52210 11074
p 2 862 6556 742 47422 13730
p 2 209 7126 825 41796 11309
p 2 75 7186 899 38304 10679
p 2 109 7218 833 43392 11275
p 2 947 6359 854 79430 14698
p 2 163 6891 1106 44555 10614
p 2 826 6672 662 49129 13504
p 2 97 7385 678 40220 10921
p 2 180 7312 668 45748 11448
p 2 197 7307 656 42270 11019
p 2 733 6766 661 74844 14212
p 2 383 7164 613 71761 13582
p 2 241 7333 586 71561 13276
p 2 250 7238 672 63189 12636
p 2 1044 6940 176 81372 16603
p 2 138 7799 223 60328 13057
p 2 291 7661 208 70716 13880
p 2 536 7402 222 75439 14680
p 2 616 7422 122 86928 15785
p 2 692 7330 138 118691 17508
p 2 571 7450 139 116024 18138
p 2 415 7562 183 110856 17774
p 2 513 7537 110 124862 18027
p 2 479 7557 124 111676 18003
p 2 635 7378 147 130804 18739
p 2 629 7454 77 120778 18636
p 2 1071 6934 155 139571 21097
p 2 1065 7041 54 163153 23445
p 2 1103 6935 122 172659 23994
p 2 1894 6224 42 202014 27174
p 2 1981 6170 9 209678 27437
p 2 1045 7074 41 191248 23812
p 2 470 7585 105 153744 20162
p 2 212 7907 41 134183 18625
p 2 154 7949 57 130245 17810
p 2 96 8040 24 117523 17233
p 2 67 8057 36 119884 16764
p 2 65 8053 42 107291 16602
p 2 64 8028 68 114300 16649
p 2 61 8068 31 110467 16646
p 2 71 8053 36 115753 16691
p 2 89 8045 26 104223 16476
p 2 81 8008 71 108790 16271
p 2 112 8029 19 107755 16512
p 2 122 8005 33 122909 16813
p 2 140 7999 21 114437 16975
p 2 136 7956 68 118110 16883
p 2 239 7904 17 122823 17814
p 2 165 7951 44 122896 17359
p 2 71 8059 30 103568 16461
p 2 52 8012 96 104342 16308
p 2 47 8089 24 96982 16217
p 2 53 8048 59 98381 15718
p 2 40 8055 65 83140 14611
p 2 48 8000 112 85654 14700
p 2 29 8069 62 82134 14525
p 2 25 8087 48 91402 14835
p 2 21 8036 103 74286 14058
p 2 18 8026 116 78879 14174
p 2 26 8033 101 76549 14016
p 2 27 8019 114 83462 14510
p 2 30 8013 117 73011 13930
p 2 29 8003 128 76342 14101
p 2 28 8026 106 74116 14046
p 2 42 8020 98 80176 14388
p 2 56 7951 153 73014 14143
p 2 27 7948 185 71479 13668
p 2 127 7884 149 80370 14567
p 2 143 8015 2 120718 18422
p 2 173 7986 1 129465 19117
p 2 187 7968 5 125726 19098
p 2 145 8015 0 123791 19297
p 2 185 7972 3 123519 19226
p 2 177 7983 0 121885 19355
p 2 206 7953 1 120097 19238
p 2 170 7986 4 114592 19425
p 2 226 7926 8 116349 19385
p 2 184 7973 3 111578 19602
p 2 285 7872 3 112734 19729
p 2 174 7985 1 104885 19636
p 2 270 7882 8 106539 19819
p 2 215 7945 0 102037 20152
p 2 391 7761 8 102384 20308
p 2 282 7878 0 96004 20322
p 2 517 7630 13 98214 20699
p 2 400 7758 2 92110 20973
p 2 609 7548 3 93267 21147
p 2 563 7596 1 86807 21474
p 2 823 7330 7 89250 22242
p 2 793 7361 6 79129 22484
p 2 1343 6808 9 73823 23254
p 2 1217 6931 12 63348 22876
i 2 8160 0 0 101200 28760
p 2 698 6947 515 71305 14750
p 2 738 6797 625 72453 15111
p 2 642 6702 816 69307 14610
p 2 746 7096 318 83524 17545
p 2 1122 6733 305 92652 20613
p 2 763 7204 193 97604 21169
p 2 604 7343 213 101504 21196
p 2 91 7910 159 85628 17801
p 2 62 7914 184 82148 17191
p 2 83 7843 234 74463 15821
p 2 339 7634 187 98535 18161
p 2 585 7432 143 112087 20345
p 2 577 7441 142 122543 20679
p 2 809 7185 166 118717 21150
p 2 840 7177 143 124381 21786
p 2 577 7418 165 117752 20604
p 2 603 7361 196 113147 20022
p 2 711 7185 264 115472 20882
p 2 864 7153 143 121928 22084
p 2 820 7141 199 125107 21827
p 2 699 7290 171 122664 21115
p 2 754 7183 223 125918 21889
p 2 787 7240 133 127460 22143
p 2 792 7189 179 128602 22185
p 2 727 7280 153 123920 21428
p 2 672 7320 168 123516 21723
p 2 739 7249 172 113838 21163
p 2 658 7314 188 118253 20998
p 2 643 7350 167 116454 20735
p 2 592 7402 166 123133 21312
p 2 659 7334 167 123508 21900
p 2 722 7290 148 129963 22644
p 2 814 7241 105 129803 23173
p 2 616 7419 125 128962 22749
p 2 711 7323 126 130405 22934
p 2 699 7355 106 134284 22993
p 2 616 7493 51 131964 22908
p 2 767 7278 115 136831 23466
p 2 740 7330 90 142139 23476
p 2 746 7317 97 146754 23504
p 2 692 7416 52 151296 23757
p 2 653 7405 102 152454 23538
p 2 673 7363 124 157535 23255
p 2 761 7310 89 163026 24180
p 2 851 7234 75 173289 24943
p 2 785 7300 75 175752 24478
p 2 836 7267 57 168858 24678
p 2 841 7264 55 175026 24951
p 2 651 7450 59 172851 24291
p 2 741 7354 65 166670 24025
p 2 658 7432 70 161530 23474
p 2 660 7462 38 164305 23653
p 2 628 7453 79 167168 23475
p 2 660 7462 38 169126 24013
p 2 656 7441 63 174384 24175
p 2 667 7475 18 174144 24080
p 2 695 7408 57 175223 24282
p 2 799 7326 35 179735 24651
p 2 835 7254 71 188787 25072
p 2 951 7180 29 186309 25578
p 2 1070 7040 50 190830 25938
p 2 1105 7035 20 191644 25949
p 2 1169 6944 47 192754 26100
p 2 1150 6991 19 194374 25972
p 2 1192 6935 33 193971 25854
p 2 1144 7007 9 186167 26081
p 2 1190 6938 32 181524 25893
p 2 1119 7025 16 181480 25856
p 2 1129 7010 21 180118 26131
p 2 1282 6868 10 181420 26899
p 2 1161 6982 17 182618 26485
p 2 1107 7041 12 182131 26629
p 2 1142 6995 23 187513 26461
p 2 874 7279 7 179072 25603
p 2 895 7252 13 191513 25772
p 2 1068 7074 18 208869 26813
p 2 1174 6971 15 227192 27414
p 2 1119 7025 16 239269 27518
p 2 1174 6969 17 251453 27732
p 2 1090 7060 10 249247 27147
p 2 879 7277 4 261976 26583
p 2 787 7362 11 245932 25545
p 2 653 7499 8 237249 24638
p 2 558 7593 9 228155 23775
p 2 534 7620 6 225118 23284
p 2 486 7669 5 219126 22697
p 2 433 7715 12 227141 22574
p 2 424 7708 28 224704 22306
p 2 541 7603 16 239869 23254
p 2 596 7549 15 229077 23134
p 2 359 7785 16 229091 22149
p 2 406 7735 19 231152 22375
p 2 440 7701 19 239274 22590
p 2 538 7606 16 237551 22799
p 2 452 7691 17 241769 22435
p 2 424 7718 18 239039 22462
p 2 422 7719 19 254176 22786
p 2 483 7653 24 238687 22818
p 2 402 7737 21 251982 22762
p 2 431 7702 27 245598 22748
p 2 407 7719 34 254941 22942
p 2 476 7638 46 249957 23091
p 2 454 7670 36 257586 23095
p 2 492 7628 40 255479 23323
p 2 400 7732 28 257840 23021
p 2 402 7715 43 249349 22858
p 2 439 7692 29 260131 23234
p 2 476 7645 39 257963 23341
p 2 491 7639 30 264090 23550
p 2 493 7644 23 263935 23653
p 2 518 7618 24 274990 23917
p 2 544 7570 46 271444 24041
p 2 521 7598 41 277217 23940
p 2 596 7506 58 273760 24289
p 2 651 7490 19 282017 24809
p 2 668 7454 38 279002 24817
p 2 655 7460 45 280321 24763
p 2 581 7524 55 272160 24482
p 2 664 7456 40 273817 24632
p 2 608 7502 50 269513 24378
p 2 614 7499 47 272349 24217
p 2 645 7457 58 256438 24345
p 2 679 7439 42 259525 24335
p 2 622 7491 47 253983 24022
p 2 546 7579 35 251456 23701
p 2 563 7551 46 240163 23617
p 2 560 7568 32 245167 23822
p 2 668 7447 45 244883 24436
p 2 727 7402 31 247447 24759
p 2 631 7491 38 243143 24493
p 2 828 7312 20 251544 25225
p 2 894 7249 17 254012 25866
p 2 956 7189 15 262767 26320
p 2 890 7260 10 264121 26345
p 2 875 7279 6 273356 26629
p 2 872 7279 9 267648 26614
p 2 934 7219 7 271820 26990
p 2 886 7270 4 268042 26690
p 2 961 7194 5 272825 27038
p 2 971 7181 8 270541 27372
p 2 1036 7111 13 275487 27521
p 2 860 7295 5 272132 27131
p 2 997 7149 14 275214 27401
p 2 905 7240 15 272855 26926
p 2 922 7236 2 281838 27136
p 2 988 7162 10 270212 26988
p 2 1009 7150 1 264778 26721
p 2 887 7258 15 257794 26260
p 2 934 7215 11 257690 26040
p 2 897 7250 13 254869 26136
p 2 870 7285 5 260579 25997
p 2 815 7331 14 256098 25801
p 2 778 7375 7 260441 25593
p 2 814 7325 21 249117 25334
p 2 840 7312 8 252369 25509
p 2 730 7419 11 244211 25214
p 2 751 7401 8 251204 25320
p 2 730 7419 11 245021 25163
p 2 670 7483 7 245615 24983
p 2 667 7480 13 235609 24604
p 2 765 7383 12 241722 24834
p 2 974 7172 14 242503 25589
p 2 761 7383 16 235692 24515
p 2 849 7291 20 232731 25009
p 2 1252 6900 8 251593 26787
p 2 1005 7142 13 250198 26444
p 2 990 7154 16 253063 26216
p 2 1023 7129 8 261726 26577
p 2 1167 6981 12 282660 27517
p 2 1599 6551 10 294593 29663
p 2 1943 6199 18 318113 31317
p 2 1888 6256 16 307993 31263
p 2 1703 6445 12 281986 30190
p 2 1246 6892 22 260019 28207
p 2 1045 7095 20 232131 26754
p 2 806 7340 14 212279 25755
p 2 669 7474 17 187398 24744
p 2 433 7709 18 179450 23877
p 2 415 7723 22 171104 23191
p 2 488 7633 39 167852 22981
p 2 462 7659 39 157958 22527
p 2 478 7636 46 162308 22513
p 2 479 7636 45 154896 22448
p 2 467 7651 42 148589 22280
p 2 496 7641 23 146875 22007
p 2 349 7776 35 147107 21638
p 2 365 7748 47 149694 21781
p 2 427 7690 43 162511 22333
p 2 386 7730 44 157218 21896
p 2 410 7711 39 167485 22452
p 2 483 7640 37 166679 22613
p 2 553 7549 58 175129 23457
p 2 1112 6996 52 194297 25959
i 2 8160 0 0 204521 37204
p 2 1615 6524 21 191515 26892
p 2 969 7172 19 178119 24656
p 2 745 7398 17 177544 24436
p 2 700 7441 19 176191 24529
p 2 750 7392 18 183688 24978
p 2 746 7393 21 185794 25301
p 2 739 7418 3 189511 25736
p 2 757 7399 4 198483 26171
p 2 856 7301 3 199434 26687
p 2 897 7256 7 203843 26858
p 2 899 7260 1 209668 27101
p 2 1037 7118 5 223534 27817
p 2 1183 6967 10 220403 28096
p 2 1241 6915 4 221477 27853
p 2 904 7236 20 215460 27115
p 2 745 7409 6 207418 26434
p 2 516 7632 12 204844 25073
p 2 525 7620 15 202260 25090
p 2 562 7572 26 205763 25472
p 2 674 7476 10 223285 26257
p 2 1044 7100 16 227876 27561
p 2 1087 7051 22 223066 27782
p 2 1013 7137 10 211936 27230
p 2 2834 5325 1 282576 34689
p 2 1434 6715 11 236469 29041
p 2 959 7191 10 219281 27204
p 2 868 7279 13 227501 27227
p 2 972 7180 8 236534 27889
p 2 1215 6945 0 245289 29071
p 2 1091 7058 11 245153 28379
p 2 1250 6900 10 241504 28566
p 2 1410 6747 3 249852 29337
p 2 1831 6324 5 260647 30789
p 2 1927 6222 11 264781 31127
i 2 8160 0 0 243027 40144
p 2 4149 3998 13 290263 38157
p 2 3200 4959 1 308220 36683
p 2 2887 5266 7 290656 35070
p 2 2876 5274 10 280510 34783
p 2 2623 5515 22 265821 33829
p 2 2197 5925 38 252596 32092
p 2 1400 6682 78 232557 28972
p 2 934 7095 131 205890 26410
p 2 886 7139 135 209293 26072
p 2 896 7066 198 205026 25880
p 2 746 7191 223 196011 25153
p 2 763 7113 284 193021 24890
p 2 664 7265 231 186306 24465
p 2 638 7230 292 185624 23988
p 2 572 7274 314 174927 23409
p 2 571 7268 321 172279 23205
p 2 615 7213 332 178050 23812
p 2 599 7201 360 173307 23858
p 2 582 7232 346 158407 23612
p 2 640 7126 394 159851 23870
p 2 644 7143 373 154322 23791
p 2 670 7087 403 151076 23878
p 2 582 7175 403 135848 23351
p 2 547 7184 429 132020 22972
p 2 527 7208 425 123071 22838
p 2 510 7639 11 118207 23041
p 2 466 7280 414 107139 22392
p 2 457 7180 523 103115 22020
p 2 367 7210 583 94179 21549
p 2 422 7131 607 88807 21438
p 2 304 7212 644 82556 21288
p 2 384 7076 700 76565 21064
p 2 284 7143 733 70714 20924
p 2 696 6602 862 59824 20305
i 2 8160 0 0 261061 41206
p 2 3876 4250 34 306236 37495
p 2 2530 5609 21 300598 33491
p 2 2143 6011 6 303448 32361
p 2 1746 6413 1 298116 31083
p 2 1613 6545 2 274954 30068
p 2 1439 6720 1 288831 29873
p 2 1146 7012 2 269734 28763
p 2 1003 7157 0 274022 28177
p 2 873 7287 0 254540 27143
p 2 785 7375 0 266646 26650
p 2 905 7255 0 265635 27269
p 2 748 7412 0 258269 26860
p 2 610 7546 4 256112 26112
p 2 660 7496 4 244738 25942
p 2 668 7490 2 238186 25841
p 2 612 7546 2 225887 25218
p 2 639 7521 0 226459 25235
p 2 620 7539 1 218199 24921
p 2 520 7639 1 207923 24353
p 2 479 7680 1 211120 24013
p 2 495 7661 4 201252 23717
p 2 504 7653 3 187795 23101
p 2 398 7753 9 185101 22483
p 2 383 7758 19 179048 21983
p 2 300 7838 22 182596 21877
p 2 262 7877 21 165230 20952
p 2 226 7908 26 171986 20843
p 2 241 7873 46 162911 20723
p 2 228 7884 48 156730 20554
p 2 247 7848 65 156058 20469
p 2 227 7875 58 155237 20454
p 2 235 7874 51 158541 20501
p 2 214 7891 55 153985 20359
p 2 203 7920 37 158227 20415
p 2 212 7917 31 159106 20588
p 2 208 7932 20 162907 20633
p 2 239 7897 24 153298 20475
p 2 221 7918 21 158137 20455
p 2 225 7923 12 157562 20381
p 2 198 7953 9 165180 20520
p 2 243 7910 7 159619 20587
p 2 258 7897 5 173507 20698
p 2 258 7901 1 169545 20720
p 2 208 7941 11 173943 20515
p 2 188 7965 7 166779 20101
p 2 181 7970 9 169471 20003
p 2 192 7948 20 168295 20027
p 2 214 7943 3 177357 20406
p 2 231 7929 0 172413 20528
p 2 186 7974 0 176063 20300
p 2 174 7982 4 173169 20305
p 2 171 7982 7 179548 20442
p 2 182 7977 1 171010 20272
p 2 157 8003 0 179045 20120
p 2 159 8000 1 175237 20041
p 2 162 7998 0 184213 20392
p 2 158 8000 2 182696 20348
p 2 183 7976 1 189746 20548
i 2 8160 0 0 223077 38396
p 2 237 7898 25 135272 19301
p 2 208 7939 13 135527 19383
p 2 193 7949 18 133990 19230
p 2 125 8031 4 126619 18555
p 2 151 7992 17 128767 18614
p 2 177 7967 16 123764 18531
p 2 163 7982 15 128966 18412
p 2 116 8030 14 132521 18381
p 2 90 8048 22 135425 18421
p 2 85 8067 8 130999 18265
p 2 98 8052 10 135475 18550
p 2 109 8043 8 134066 18776
p 2 91 8058 11 138093 18869
p 2 109 8031 20 131591 18830
p 2 88 8057 15 137243 18916
p 2 124 8027 9 138696 19170
p 2 139 8004 17 142954 19366
p 2 136 8013 11 138073 19342
p 2 145 8005 10 143268 19563
p 2 133 8023 4 140359 19541
p 2 133 8012 15 140298 19325
p 2 125 8031 4 130109 18942
p 2 147 7996 17 134191 19099
p 2 175 7974 11 134407 19308
p 2 154 8000 6 143912 19541
p 2 161 7995 4 134533 19180
p 2 154 7996 10 138073 19423
p 2 97 8056 7 133080 19188
p 2 106 8047 7 136829 19082
p 2 104 8049 7 132838 19176
p 2 94 8049 17 134296 19230
p 2 85 8066 9 132679 18939
p 2 88 8063 9 139109 19231
p 2 121 8033 6 141177 19403
p 2 135 8017 8 141415 19414
p 2 123 8027 10 137384 19398
p 2 128 8025 7 137776 19545
p 2 119 8035 6 134992 19456
p 2 117 8037 6 134279 19325
p 2 126 8029 5 127779 19033
p 2 135 8019 6 133615 19369
p 2 125 8032 3 127320 18907
p 2 94 8061 5 131085 19038
p 2 135 8019 6 132236 19325
p 2 163 7986 11 141534 19747
p 2 190 7967 3 143467 19960
p 2 197 7961 2 153717 20462
p 2 149 8006 5 150632 20292
p 2 146 8009 5 158656 20289
p 2 172 7983 5 154898 20400
p 2 208 7948 4 159524 20527
p 2 280 7873 7 159180 21045
p 2 228 7930 2 152917 20611
p 2 230 7925 5 151028 20765
p 2 230 7928 2 156404 20849
p 2 328 7825 7 165331 21635
p 2 336 7822 2 166452 21432
p 2 369 7788 3 165669 21330
p 2 345 7814 1 168478 21306
p 2 260 7898 2 160449 20985
p 2 214 7946 0 159902 20716
p 2 228 7929 3 153748 20922
p 2 324 7835 1 166530 21360
p 2 289 7871 0 166336 21698
p 2 311 7848 1 168097 21798
p 2 328 7831 1 169285 21877
p 2 338 7822 0 178523 22141
p 2 331 7829 0 176514 22133
p 2 348 7809 3 175183 22135
p 2 404 7755 1 181030 22785
p 2 471 7689 0 189054 23054
p 2 477 7682 1 190063 23318
p 2 496 7663 1 202716 23488
p 2 487 7673 0 188577 23230
p 2 390 7770 0 195712 23118
p 2 586 7573 1 197595 23657
p 2 706 7453 1 192831 23844
p 2 564 7596 0 187600 23283
p 2 525 7633 2 195058 23714
p 2 764 7396 0 201678 24552
p 2 669 7490 1 199259 24740
p 2 729 7431 0 210908 25176
p 2 798 7362 0 211386 25440
p 2 845 7315 0 211876 25493
p 2 864 7296 0 226449 26168
p 2 834 7326 0 224772 26267
p 2 739 7421 0 222881 25805
p 2 842 7318 0 236929 26686
p 2 944 7216 0 240284 27151
p 2 976 7184 0 229865 26996
p 2 1488 6671 1 241813 28512
p 2 1616 6544 0 239746 28738
p 2 1329 6831 0 227495 27838
p 2 1300 6860 0 226900 27559
p 2 1465 6694 1 215237 27413
p 2 1671 6489 0 246863 28886
p 2 1654 6503 3 244479 28781
p 2 1452 6706 2 233181 27797
p 2 1252 6900 8 224947 26771
p 2 1550 6603 7 224618 27617
p 2 1634 6526 0 204283 26822
p 2 1376 6774 10 207710 26556
p 2 1368 6788 4 214192 27140
p 2 1406 6754 0 220194 26996
p 2 1373 6774 13 228892 26866
p 2 1392 6759 9 238919 27484
p 2 2009 6149 2 257192 30174
p 2 2133 6025 2 257671 31225
i 2 8160 0 0 226149 38224
i 2 8160 0 0 197389 37301
p 2 1736 6419 5 219987 30114
p 2 1209 6950 1 226323 28931
p 2 936 7221 3 215563 27078
p 2 772 7384 4 206432 26178
p 2 578 7581 1 198761 24669
p 2 637 7522 1 201620 25099
p 2 587 7570 3 191262 24645
p 2 588 7567 5 184388 24389
p 2 600 7559 1 182768 23894
p 2 630 7529 1 181724 24263
p 2 590 7568 2 182000 24259
p 2 752 7407 1 187743 24739
p 2 813 7343 4 200293 25468
p 2 894 7263 3 199065 25620
p 2 918 7238 4 202811 26076
p 2 759 7400 1 190485 25314
p 2 746 7414 0 191486 25491
p 2 868 7291 1 191257 26005
p 2 946 7214 0 201024 26570
p 2 911 7248 1 197729 26217
p 2 859 7294 7 203491 26280
p 2 703 7451 6 195070 25612
p 2 723 7435 2 199408 25813
p 2 750 7409 1 202339 25968
p 2 710 7449 1 193134 25540
p 2 800 7354 6 198546 25806
p 2 755 7404 1 198210 25314
p 2 807 7351 2 202213 25388
p 2 766 7391 3 207401 25380
p 2 736 7419 5 206382 25174
p 2 805 7344 11 216006 25740
i 2 8160 0 0 199540 37164
p 2 4176 3904 80 239145 36321
p 2 3561 4577 22 268715 36481
p 2 3654 4506 0 290519 37243
p 2 3410 4750 0 309631 36703
p 2 3284 4876 0 307808 36094
p 2 3378 4782 0 311902 35881
p 2 3210 4950 0 300560 35164
p 2 2283 5874 3 277710 31981
p 2 1442 6711 7 249446 29362
p 2 513 7631 16 192939 24508
p 2 378 7747 35 195753 23405
p 2 416 7722 22 198045 23958
p 2 574 7559 27 209013 25054
p 2 784 7339 37 242518 26646
p 2 1051 7094 15 246629 27761
p 2 1120 7019 21 251333 28273
p 2 1270 6885 5 263846 28753
p 2 1321 6834 5 258245 28878
p 2 1284 6876 0 257620 29004
p 2 1576 6584 0 254636 29724
p 2 1555 6605 0 256410 29550
p 2 1253 6907 0 250739 28900
p 2 961 7199 0 242096 27836
p 2 802 7358 0 232762 26380
p 2 816 7344 0 235687 25848
p 2 1322 6838 0 245565 28030
p 2 1271 6889 0 239287 27386
p 2 1128 7032 0 235710 27009
p 2 933 7227 0 226124 26096
p 2 842 7309 9 216414 25703
p 2 863 7297 0 220196 26114
p 2 993 7165 2 226762 26972
p 2 974 7180 6 226135 26816
p 2 672 7479 9 210291 25793
p 2 711 7445 4 210391 25257
p 2 665 7495 0 207258 24986
p 2 658 7499 3 196618 24332
p 2 1059 7099 2 222418 26502
p 2 1193 6964 3 223183 26319
p 2 786 7366 8 197126 24641
p 2 589 7566 5 176749 24000
p 2 493 7658 9 162642 22956
p 2 316 7834 10 153902 22080
p 2 887 7264 9 178847 24306
p 2 1290 6857 13 195732 25613
p 2 1186 6953 21 199442 25055
i 2 8160 0 0 210765 36971
p 2 4664 3496 0 270830 37716
p 2 4154 4006 0 284094 37487
p 2 3639 4521 0 281352 35804
p 2 3639 4521 0 284745 35836
p 2 3257 4903 0 282729 34797
p 2 2812 5348 0 283957 33921
p 2 1696 6464 0 264149 30651
p 2 984 7176 0 232041 27405
p 2 2766 5394 0 177509 28410
p 2 1395 6394 371 166218 25275
p 2 893 6923 344 142177 23388
p 2 1152 6655 353 148592 24640
p 2 1418 6632 110 147440 25973
p 2 1496 6649 15 147659 26924
p 2 1540 6614 6 154968 27664
p 2 620 7536 4 140485 25405
p 2 612 7545 3 138946 25430
p 2 552 7607 1 132488 24780
p 2 376 7783 1 127620 23817
p 2 320 7834 6 120176 23149
i 2 8160 0 0 113507 31831
p 2 4174 3974 12 140358 32446
p 2 2498 5658 4 165041 30433
p 2 1816 6340 4 181184 29056
p 2 1757 6398 5 205872 29333
p 2 1756 6403 1 221401 29718
p 2 1841 6316 3 224715 30430
p 2 1643 6511 6 212321 29561
p 2 1355 6802 3 203488 28483
p 2 1310 6849 1 192064 28267
p 2 1834 6325 1 179596 28013
i 2 8160 0 0 147658 33324
p 2 1958 5918 284 162558 26823
p 2 832 7037 291 158971 24563
p 2 896 7186 78 172648 26193
p 2 880 7265 15 182732 26322
p 2 1131 7009 20 186257 27550
p 2 905 7249 6 188827 27080
p 2 875 7283 2 181670 27035
p 2 831 7323 6 178418 26620
p 2 762 7396 2 169127 26077
p 2 734 7409 17 173837 26010
p 2 823 7323 14 176957 26410
p 2 758 7392 10 174475 26374
p 2 565 7587 8 166374 25618
p 2 478 7673 9 168863 25459
p 2 476 7675 9 160229 25046
p 2 466 7687 7 154437 25215
p 2 486 7668 6 158924 25126
p 2 471 7682 7 154855 24817
p 2 493 7655 12 159757 24751
p 2 423 7720 17 151181 23962
p 2 260 7872 28 139908 22604
p 2 184 7943 33 124646 21539
p 2 184 7937 39 126478 21095
p 2 223 7923 14 124823 20948
p 2 281 7868 11 141205 21563
p 2 244 7910 6 136153 21408
p 2 286 7873 1 146713 22062
p 2 269 7891 0 147363 22284
p 2 326 7834 0 157435 22878
p 2 321 7839 0 160592 22835
p 2 308 7851 1 169723 22938
p 2 312 7847 1 166737 22882
p 2 385 7774 1 176978 23140
p 2 466 7693 1 183489 23433
p 2 430 7729 1 188821 22960
p 2 325 7835 0 174826 21945
p 2 301 7858 1 174971 21353
p 2 276 7884 0 165016 20429
p 2 291 7866 3 172720 20525
p 2 238 7920 2 169481 20414
p 2 276 7883 1 175028 20597
p 2 247 7912 1 171426 20651
p 2 267 7889 4 181857 20996
p 2 222 7934 4 173182 20555
p 2 254 7906 0 175455 20573
p 2 208 7952 0 169772 20300
p 2 244 7912 4 182259 20919
p 2 306 7850 4 184313 21273
p 2 292 7867 1 195778 21308
p 2 226 7933 1 185884 21018
p 2 237 7922 1 194436 21052
p 2 304 7856 0 186822 21272
p 2 273 7887 0 190377 21129
p 2 268 7892 0 183975 21071
p 2 299 7861 0 188830 21100
p 2 283 7876 1 180047 20957
p 2 296 7861 3 186417 21017
p 2 259 7900 1 178822 20765
p 2 250 7905 5 179154 20554
p 2 259 7900 1 177545 20826
p 2 223 7935 2 184436 20851
p 2 244 7915 1 181050 21062
p 2 303 7856 1 190517 21668
p 2 296 7863 1 193405 21861
p 2 350 7809 1 205765 22396
p 2 383 7775 2 203353 22693
p 2 389 7769 2 205421 22588
p 2 439 7713 8 202446 22843
p 2 380 7780 0 211003 22940
p 2 381 7777 2 204662 22978
p 2 340 7817 3 200401 22526
p 2 366 7787 7 197899 22643
p 2 412 7747 1 211798 22866
p 2 369 7789 2 198248 22395
p 2 319 7837 4 201784 21975
p 2 352 7804 4 196471 22070
p 2 406 7746 8 196838 22077
p 2 354 7806 0 188987 21752
p 2 241 7916 3 186453 21180
p 2 205 7951 4 175041 20803
p 2 207 7950 3 176755 20591
p 2 216 7941 3 170362 20393
p 2 236 7924 0 176184 20494
p 2 230 7929 1 164120 20105
p 2 300 7852 8 173637 20362
p 2 397 7754 9 169354 20448
p 2 575 7583 2 197969 22395
p 2 748 7412 0 210476 24375
p 2 643 7517 0 220119 24808
p 2 629 7531 0 215480 24589
p 2 619 7541 0 214275 24499
p 2 524 7635 1 203717 23746
p 2 356 7804 0 193795 21772
p 2 367 7792 1 183899 21778
p 2 531 7629 0 208124 23516
p 2 559 7601 0 206623 24154
p 2 476 7684 0 215140 24085
p 2 458 7702 0 213114 23886
p 2 390 7769 1 210310 22903
p 2 546 7614 0 213097 23432
p 2 916 7244 0 243417 26256
p 2 839 7321 0 241794 26115
p 2 696 7463 1 245104 25473
p 2 625 7535 0 233700 24836
p 2 402 7755 3 219604 23324
p 2 350 7804 6 194237 21694
p 2 394 7755 11 205613 22137
p 2 519 7639 2 212148 22922
p 2 576 7582 2 229878 23739
p 2 619 7541 0 227312 24069
p 2 691 7469 0 240650 24922
i 2 8160 0 0 251428 39923
p 2 433 7607 120 188863 21433
p 2 362 7680 118 198587 21287
p 2 493 7560 107 211820 22595
p 2 498 7570 92 216095 23029
p 2 420 7657 83 202185 22585
p 2 387 7704 69 204353 22285
p 2 464 7635 61 204719 22624
p 2 412 7696 52 200369 22196
p 2 372 7740 48 193363 22083
p 2 269 7838 53 187455 21373
p 2 321 7804 35 192463 21519
p 2 381 7744 35 197806 21903
p 2 354 7790 16 192023 21527
p 2 515 7634 11 210770 22965
p 2 594 7560 6 216257 23200
p 2 552 7606 2 225697 23461
p 2 471 7688 1 224478 23003
p 2 367 7789 4 213289 22440
p 2 553 7607 0 234347 23214
p 2 717 7440 3 236012 23996
p 2 642 7518 0 234968 23831
p 2 596 7564 0 225683 23293
p 2 454 7706 0 219930 22580
p 2 410 7749 1 218465 22367
p 2 386 7774 0 230085 22309
p 2 396 7764 0 214645 22356
p 2 363 7797 0 220722 22114
p 2 443 7717 0 228772 22943
p 2 550 7610 0 231009 23349
p 2 864 7296 0 260565 25295
p 2 818 7342 0 256249 25222
p 2 684 7475 1 254189 24771
p 2 517 7643 0 237881 23904
p 2 451 7709 0 234515 23514
p 2 567 7593 0 237909 23852
p 2 669 7491 0 247299 24775
p 2 784 7376 0 244393 24946
p 2 696 7462 2 240515 24661
p 2 537 7623 0 232776 24028
p 2 515 7644 1 228536 23814
p 2 439 7721 0 228466 23396
p 2 469 7691 0 230024 23484
p 2 537 7623 0 227757 23736
p 2 712 7448 0 244381 24786
p 2 753 7407 0 244758 25012
p 2 984 7175 1 269985 26707
p 2 976 7184 0 263147 26580
p 2 985 7175 0 268070 26826
p 2 777 7383 0 251719 25861
p 2 713 7446 1 235608 25320
p 2 834 7326 0 252091 25813
p 2 840 7320 0 249107 25750
p 2 756 7404 0 242680 25285
p 2 732 7427 1 248041 25163
p 2 798 7361 1 253729 25930
p 2 693 7467 0 247443 25511
p 2 698 7462 0 250103 25363
p 2 595 7565 0 240401 24940
p 2 630 7530 0 233640 24886
p 2 806 7353 1 251401 25776
p 2 912 7248 0 253323 26225
p 2 921 7239 0 249943 26197
p 2 958 7202 0 244381 26311
p 2 918 7242 0 241461 26203
p 2 651 7506 3 215100 24528
p 2 453 7706 1 198789 23371
i 2 8160 0 0 188877 36179
p 2 96 8011 53 93726 16390
p 2 99 8019 42 98693 16801
p 2 93 8030 37 96115 16922
p 2 96 8019 45 101242 17073
p 2 65 8057 38 94518 16947
p 2 61 8051 48 94472 16928
p 2 53 8083 24 89353 16914
p 2 86 8042 32 96173 17043
p 2 82 8060 18 90774 17057
p 2 102 8025 33 94273 17120
p 2 102 8026 32 92262 17167
p 2 95 8047 18 99931 17594
p 2 84 8062 14 92217 17191
p 2 92 8037 31 100187 17512
p 2 91 8049 20 105532 17882
p 2 97 8040 23 104075 17659
p 2 147 7993 20 111310 18081
p 2 146 7978 36 110514 18096
p 2 143 7989 28 113882 18102
p 2 144 7973 43 107404 17862
p 2 131 7999 30 110819 18131
p 2 176 7932 52 109869 18192
p 2 194 7934 32 116509 18577
p 2 226 7911 23 114576 18643
p 2 236 7886 38 122790 19021
p 2 212 7901 47 117455 18780
p 2 183 7921 56 122441 18891
p 2 223 7864 73 122774 19115
p 2 233 7845 82 132923 19087
p 2 184 7883 93 139529 19407
p 2 213 7867 80 133702 18903
p 2 214 7844 102 146209 19683
p 2 307 7786 67 153258 20465
p 2 317 7778 65 161462 20834
p 2 359 7743 58 158747 20974
p 2 578 7519 63 175569 22175
p 2 537 7568 55 180881 22302
p 2 613 7500 47 187895 22912
p 2 473 7652 35 183496 22444
p 2 535 7590 35 184529 22817
p 2 586 7548 26 181352 23223
p 2 636 7503 21 191186 23748
p 2 624 7513 23 193392 23728
p 2 772 7371 17 214809 24847
p 2 843 7308 9 217410 25077
p 2 1057 7084 19 236658 26740
p 2 1171 6977 12 257265 27765
p 2 1358 6785 17 273849 28985
p 2 1475 6660 25 293558 29498
p 2 1413 6725 22 303486 29452
p 2 1435 6720 5 311489 29621
p 2 1574 6584 2 313118 30349
p 2 1707 6452 1 311376 30946
p 2 1495 6665 0 292426 30207
p 2 1427 6733 0 292620 29979
p 2 1301 6859 0 290379 29620
p 2 1614 6545 1 307156 30784
p 2 2074 6085 1 302965 32143
p 2 1614 6543 3 302492 30718
p 2 1714 6445 1 284723 30458
p 2 1468 6689 3 269323 29029
p 2 1095 7064 1 253338 27783
p 2 791 7369 0 234856 25566
p 2 704 7455 1 221799 24842
p 2 507 7650 3 213765 23628
p 2 571 7587 2 207774 23458
p 2 422 7738 0 197873 22500
p 2 407 7752 1 189735 21991
p 2 379 7781 0 184659 21630
p 2 336 7824 0 176481 21246
p 2 350 7808 2 181704 21449
p 2 314 7844 2 178735 21523
p 2 315 7838 7 186051 21574
p 2 322 7832 6 168695 21462
p 2 349 7806 5 179804 21707
p 2 242 7913 5 175400 21411
p 2 227 7932 1 167331 21232
p 2 209 7951 0 172033 21094
p 2 224 7935 1 170273 21134
p 2 312 7847 1 179502 21488
p 2 334 7825 1 175625 21773
p 2 418 7741 1 186759 22217
p 2 457 7703 0 191526 22622
p 2 486 7673 1 198466 22840
p 2 408 7751 1 188623 22546
p 2 418 7741 1 195964 22722
p 2 392 7738 30 186505 22353
p 2 377 7760 23 194770 22405
p 2 434 7694 32 189110 22569
p 2 441 7702 17 196199 22749
p 2 397 7759 4 194726 22660
p 2 350 7808 2 208676 22492
p 2 437 7719 4 198794 22850
p 2 537 7623 0 223360 23752
p 2 481 7677 2 223935 23799
p 2 506 7651 3 219950 23923
p 2 492 7661 7 226673 23775
p 2 387 7765 8 215997 23127
p 2 437 7701 22 221508 23487
p 2 457 7691 12 210189 23096
p 2 476 7652 32 215619 23164
p 2 421 7728 11 210556 23025
p 2 567 7576 17 218127 23572
p 2 550 7592 18 209202 23284
p 2 488 7642 30 209392 23333
p 2 606 7529 25 206349 23574
p 2 545 7583 32 204486 23670
p 2 598 7526 36 200905 23594
p 2 758 7365 37 207448 24767
i 2 8160 0 0 283061 40846
p 2 1374 6684 102 349938 29751
p 2 1173 6899 88 345707 28573
p 2 1108 7004 48 330290 27645
p 2 1030 7099 31 333974 27806
p 2 1167 6968 25 337953 28159
p 2 1076 7040 44 351855 28137
p 2 1176 6971 13 361762 28750
p 2 1322 6821 17 372325 29560
p 2 1240 6917 3 383562 29679
p 2 1391 6757 12 373438 29858
p 2 1269 6885 6 383874 29479
p 2 1345 6811 4 381829 29764
p 2 1296 6864 0 379257 29552
p 2 1399 6759 2 370984 29652
p 2 1445 6714 1 361506 29344
p 2 1319 6828 13 333913 28585
p 2 1219 6899 42 301374 27987
p 2 1131 6947 82 275315 26830
p 2 979 7102 79 257546 25988
p 2 991 7072 97 238955 25638
p 2 819 7252 89 225192 25061
p 2 719 7339 102 204324 23372
p 2 598 7470 92 200716 23251
p 2 1069 6955 136 173281 23868
p 2 1081 6944 135 149156 24070
p 2 1046 6892 222 134360 23647
p 2 959 7004 197 120073 23188
i 2 8160 0 0 68072 28807
p 2 0 7221 939 12863 8755
p 2 0 6688 1472 13343 8268
p 2 0 6336 1824 13723 8167
p 2 2426 5672 62 82602 24022
p 2 1368 6747 45 97161 23773
p 2 763 7397 0 108822 23756
p 2 653 7507 0 114383 23822
p 2 619 7537 4 118984 24084
p 2 641 7519 0 120835 24296
p 2 645 7502 13 122534 24365
p 2 788 7370 2 123818 24578
p 2 1067 7092 1 127310 25040
p 2 1 7668 491 22124 11605
p 2 0 7219 941 17099 10320
p 2 0 6787 1373 17010 9757
p 2 0 6935 1225 15674 9145
p 2 0 7110 1050 17276 9278
p 2 0 6846 1314 14574 8618
p 2 0 6641 1519 13141 8180
p 2 0 6372 1788 13131 7986
p 2 0 6593 1567 13602 8238
p 2 0 6700 1460 15316 8577
p 2 171 6983 1006 25579 10297
p 2 125 6658 1377 25529 9538
p 2 102 6956 1102 29977 10198
p 2 97 6801 1262 29339 9788
p 2 55 7044 1061 30687 10132
p 2 53 6797 1310 30989 9536
p 2 57 6809 1294 29647 9613
p 2 33 6724 1403 29553 9451
p 2 18 6896 1246 32504 9853
p 2 29 6714 1417 28797 9435
p 2 11 6852 1297 28978 9344
p 2 10 6540 1610 29249 9133
p 2 5 6751 1404 24322 8917
p 2 7 6661 1492 28302 9000
p 2 164 7979 17 72429 16683
p 2 211 7937 12 81631 17769
p 2 111 8041 8 78209 17577
p 2 157 7989 14 86419 17760
p 2 128 8026 6 81045 17811
p 2 179 7976 5 86352 17725
p 2 136 8021 3 82124 17797
p 2 148 8001 11 91736 17748
p 2 157 7999 4 86613 17833
p 2 155 7995 10 93758 17791
p 2 251 7899 10 91789 18213
p 2 294 7859 7 100543 18119
p 2 7 7626 527 31339 10745
p 2 8 5643 2509 24979 7836
p 2 9 5342 2809 26265 7187
p 2 6 5079 3075 24710 6774
p 2 6 5496 2658 29116 7412
p 2 12 4665 3483 24263 6313
p 2 4 4308 3848 24224 5845
p 2 9 3495 4656 21963 5059
p 2 4 4071 4085 22955 5590
p 2 8 4249 3903 27651 5900
p 2 3 4102 4055 27021 5629
p 2 9 2982 5169 23224 4527
p 2 1 2855 5304 22278 4398
p 2 9 3092 5059 24403 4647
p 2 2 3193 4965 30344 4874
p 2 16 3254 4890 25603 4871
p 2 13 3099 5048 24373 4682
p 2 4 3122 5034 26132 4709
p 2 9 3477 4674 31555 5219
p 2 15 3007 5138 24823 4618
p 2 7 2927 5226 25831 4503
p 2 13 2767 5380 28550 4405
p 2 4 2821 5335 28692 4501
p 2 3 2805 5352 25483 4411
p 2 7 3119 5034 27974 4796
p 2 6 2749 5405 25677 4364
p 2 3 2782 5375 26793 4375
p 2 4 2551 5605 25883 4196
p 2 4 2691 5465 27849 4346
p 2 3 2539 5618 26239 4125
p 2 1 2377 5782 25584 3983
i 2 8160 0 0 279950 38754
p 2 363 4634 3163 65409 11350
p 2 542 5344 2274 138916 14708
p 2 348 4820 2992 66961 11544
p 2 351 5551 2258 119625 13470
p 2 142 5245 2773 59078 10723
p 2 187 5587 2386 106996 12097
p 2 74 5218 2868 46753 9714
p 2 151 4918 3091 52368 9429
p 2 144 4679 3337 42172 8853
p 2 465 5114 2581 118452 12603
p 2 181 4708 3271 41425 8779
p 2 435 5025 2700 109631 12038
p 2 277 5015 2868 46519 9734
p 2 419 5320 2421 118325 12754
p 2 190 4886 3084 50139 9425
p 2 335 5368 2457 132295 13035
p 2 153 5089 2918 56826 9857
p 2 294 5248 2618 126645 12314
p 2 171 4372 3617 56164 8865
p 2 283 4946 2931 126078 11644
p 2 124 4596 3440 60632 8818
p 2 229 5357 2574 110672 11486
p 2 269 4184 3707 42973 8704
p 2 285 5266 2609 98203 11186
p 2 247 4827 3086 42340 8944
p 2 236 4780 3144 96635 10292
p 2 14 3673 4473 25377 6178
p 2 211 4047 3902 87155 9102
p 2 1 3809 4350 21918 6096
p 2 274 3904 3982 102699 9552
p 2 148 3451 4561 29590 6656
p 2 653 3848 3659 131276 12097
p 2 314 3893 3953 44447 8726
p 2 610 4322 3228 115539 12302
p 2 488 4274 3398 61957 10456
p 2 560 4846 2754 139448 13723
p 2 314 5000 2846 80418 11754
p 2 333 4953 2874 77074 11786
p 2 242 4732 3186 79833 11588
p 2 274 5129 2757 84813 12291
p 2 276 5406 2478 92473 12814
p 2 262 5343 2555 92493 12748
p 2 276 5138 2746 93078 12780
p 2 270 5413 2477 90331 13160
p 2 264 5580 2316 92832 13351
p 2 204 5762 2194 84540 13242
p 2 169 5619 2372 80627 12693
p 2 100 5881 2179 76798 12716
p 2 79 6037 2044 79936 12826
p 2 94 5908 2158 72773 12350
p 2 194 5839 2127 78655 12414
p 2 232 5884 2044 79429 12694
p 2 313 5825 2022 85272 13194
p 2 390 5790 1980 84659 13329
p 2 461 5611 2088 86361 13411
p 2 470 5337 2353 83018 12768
p 2 403 5398 2359 73926 12066
p 2 350 5020 2790 71747 11213
p 2 239 5025 2896 74211 10826
p 2 176 4993 2991 85201 10717
p 2 144 5153 2863 83333 10805
p 2 215 5134 2811 76892 11080
p 2 295 5327 2538 74549 11682
p 2 396 5447 2317 79057 12531
p 2 542 5471 2147 84917 13599
p 2 586 5354 2220 84416 13770
p 2 473 5598 2089 84338 13623
p 2 354 5694 2112 81436 13176
p 2 257 5825 2078 80613 12963
p 2 167 5753 2240 77554 12449
p 2 175 5689 2296 72193 12374
p 2 204 5569 2387 74063 12311
p 2 227 5563 2370 75735 12375
p 2 251 5407 2502 78643 12311
p 2 1115 5736 1309 179267 19132
p 2 218 5926 2016 91048 13146
p 2 353 5439 2368 89934 12725
p 2 1113 5721 1326 179687 18619
p 2 279 5687 2194 87568 12869
p 2 297 5248 2615 82309 12457
p 2 1269 5149 1742 190324 19266
p 2 305 5179 2676 77900 12108
p 2 249 4696 3215 76089 11011
p 2 757 5637 1766 187809 16978
p 2 145 4503 3512 70881 9792
p 2 191 4437 3532 56501 9191
p 2 1324 4646 2190 169517 16992
p 2 288 4621 3251 39444 8908
p 2 249 3991 3920 36353 7902
p 2 1287 4921 1952 143556 16407
p 2 168 3995 3997 29904 7369
p 2 498 4999 2663 108699 11856
p 2 279 4874 3007 40607 9271
p 2 347 4545 3268 39045 9080
p 2 268 3890 4002 48405 8528
p 2 1253 4689 2218 172220 16937
p 2 180 5053 2927 62784 10076
p 2 955 4933 2272 174820 16429
p 2 127 4633 3400 53027 9547
p 2 168 4052 3940 49805 8809
p 2 188 4249 3723 47376 8994
p 2 1242 4860 2058 175991 17461
p 2 162 4878 3120 44651 9529
p 2 1214 4989 1957 152216 16824
p 2 184 5039 2937 39693 9204
p 2 962 4660 2538 130320 14614
p 2 157 4976 3027 39664 9271
p 2 136 4865 3159 43520 9284
p 2 134 4689 3337 41933 9074
p 2 1177 4419 2564 143101 15830
p 2 185 4878 3097 50435 9878
p 2 1031 4660 2469 163670 16217
p 2 281 4751 3128 61856 10702
p 2 442 4245 3473 67372 10816
p 2 1612 4559 1989 192563 19375
p 2 351 4805 3004 74755 11736
p 2 292 4544 3324 74838 11170
p 2 1393 4813 1954 177577 19033
p 2 215 5110 2835 90944 11771
p 2 402 5844 1914 163101 15185
p 2 217 5497 2446 92135 12403
p 2 285 5544 2331 87742 12895
p 2 345 5394 2421 86024 12888
p 2 416 5906 1838 83708 13634
p 2 455 5271 2434 81500 13066
p 2 1367 5681 1112 177233 20023
p 2 315 5950 1895 76733 12869
p 2 828 5797 1535 156536 16863
p 2 138 5717 2305 60697 11240
p 2 761 5610 1789 149351 16134
p 2 176 5128 2856 53753 10516
p 2 807 5215 2138 150166 15830
p 2 194 5262 2704 55441 10533
p 2 776 5232 2152 153307 15664
p 2 193 4755 3212 56179 9815
p 2 976 4964 2220 158448 16047
p 2 283 5134 2743 66530 10858
p 2 786 5178 2196 169927 15836
p 2 205 4682 3273 70232 10288
p 2 717 4995 2448 171520 15429
p 2 155 4913 3092 77900 10383
p 2 911 4927 2322 179605 16192
p 2 226 4412 3522 78773 9920
p 2 928 4735 2497 176258 15872
p 2 287 4603 3270 77816 10304
p 2 1081 4382 2697 167763 15938
p 2 297 3529 4334 63441 9021
p 2 1047 4014 3099 156927 14891
p 2 236 4089 3835 59411 8836
p 2 798 4580 2782 153019 14264
p 2 181 3942 4037 54908 8259
p 2 991 4399 2770 157290 15168
p 2 377 4518 3265 70559 10421
p 2 1313 4169 2678 170502 16806
p 2 402 4054 3704 81955 10951
p 2 993 4678 2489 195870 17432
p 2 372 5042 2746 104443 12773
p 2 1005 5220 1935 200271 18510
p 2 303 5178 2679 102547 13175
p 2 853 5598 1709 202885 18878
p 2 252 5707 2201 110809 14167
p 2 895 5822 1443 207355 19384
p 2 219 5754 2187 103941 14062
p 2 622 6152 1386 185826 18297
p 2 223 6217 1720 95113 14100
p 2 510 6383 1267 164618 17418
p 2 551 6370 1239 166350 17563
p 2 644 6203 1313 155796 17441
p 2 526 6360 1274 158179 16955
p 2 734 6272 1154 163539 18075
p 2 656 6418 1086 173424 18302
p 2 699 6534 927 167756 18932
p 2 472 6953 735 142972 17852
p 2 725 6835 600 177041 19859
p 2 407 7255 498 139838 18118
p 2 603 6803 754 169811 19138
p 2 294 6967 899 116447 16228
p 2 497 6442 1221 151369 16929
p 2 164 6318 1678 104508 13710
p 2 524 6265 1371 154223 16195
p 2 532 6169 1459 154057 15433
p 2 710 5939 1511 157927 16068
p 2 627 6021 1512 154709 15837
p 2 668 6272 1220 145717 16589
p 2 719 6286 1155 154257 17138
p 2 921 6081 1158 156901 18065
p 2 678 6272 1210 158816 17377
p 2 677 6294 1189 157129 17559
p 2 581 6440 1139 153371 17331
p 2 683 6316 1161 159704 17789
p 2 533 6416 1211 154448 17211
p 2 628 6202 1330 154456 17407
p 2 628 6237 1295 155611 17317
p 2 702 6272 1186 161819 17510
p 2 576 6513 1071 164299 17438
p 2 639 6303 1218 160405 17088
p 2 642 5704 1814 163539 16332
p 2 756 6011 1393 165761 17149
p 2 587 6624 949 165359 17090
p 2 643 5834 1683 147141 15796
p 2 613 5011 2536 143179 14439
p 2 739 5100 2321 141538 14941
p 2 485 5191 2484 135498 13690
p 2 1032 4764 2364 146374 15640
p 2 127 4757 3276 58609 9273
p 2 122 4409 3629 51774 8473
p 2 1193 3858 3109 150468 14635
p 2 203 4145 3812 37426 7870
p 2 216 3753 4191 35462 7285
p 2 971 3754 3435 148765 13458
p 2 156 3386 4618 28978 6367
p 2 195 2715 5250 28555 5900
p 2 1284 3598 3278 167842 15150
p 2 343 3668 4149 38116 7835
p 2 1413 4277 2470 155531 16677
p 2 213 4219 3728 59496 8789
p 2 151 3840 4169 61765 8282
p 2 1170 3900 3090 173451 15718
p 2 163 4492 3505 52399 9074
p 2 152 4520 3488 55711 9247
p 2 975 4746 2439 171449 16058
p 2 129 4505 3526 46708 9027
p 2 203 3892 4065 49964 8667
p 2 1220 4678 2262 181153 17043
p 2 201 4799 3160 47414 9664
p 2 1416 4865 1879 155848 17848
p 2 296 5176 2688 52699 10632
p 2 293 5156 2711 49657 10493
p 2 295 4771 3094 49401 10319
p 2 312 5002 2846 51592 10890
p 2 337 5244 2579 57668 11488
p 2 390 5345 2425 61768 12120
p 2 414 5351 2395 65752 12292
p 2 1401 5562 1197 177012 19709
p 2 824 6160 1176 178512 18591
p 2 880 5929 1351 188016 18511
p 2 486 6089 1585 139101 15545
p 2 891 5581 1688 174116 17154
p 2 320 6071 1769 141230 14571
p 2 525 6106 1529 181651 16316
p 2 248 6410 1502 134581 14588
p 2 616 6117 1427 178478 17187
p 2 369 6346 1445 129831 15610
p 2 984 5770 1406 172591 18701
p 2 331 6298 1531 115955 15107
p 2 886 6176 1098 167562 18577
p 2 332 6633 1195 119812 15380
p 2 532 6111 1517 144419 15953
p 2 201 6072 1887 100532 13587
p 2 507 7108 545 178910 18428
p 2 320 6603 1237 102565 14582
p 2 830 5729 1601 158335 17122
p 2 273 6221 1666 94860 13750
p 2 790 5448 1922 157056 16380
p 2 283 6080 1797 100957 13712
p 2 611 5679 1870 140443 15267
p 2 197 5987 1976 89412 12440
p 2 835 5329 1996 169546 16249
p 2 638 5364 2158 156627 14829
p 2 462 5927 1771 151499 14620
p 2 557 5614 1989 153312 14706
p 2 355 5054 2751 133250 12646
p 2 534 4873 2753 146587 13427
p 2 609 4956 2595 157109 14046
p 2 592 4995 2573 152331 13826
p 2 686 5010 2464 142707 14150
p 2 724 4982 2454 145618 14541
p 2 786 5004 2370 142265 14510
p 2 520 4548 3092 135214 12570
p 2 231 5665 2264 116603 11924
p 2 242 5406 2512 47635 9780
p 2 353 4282 3525 42759 8674
p 2 379 4019 3762 52130 8889
p 2 386 3968 3806 66259 9440
p 2 376 3673 4111 77660 9744
p 2 643 5165 2352 162526 15281
p 2 343 5204 2613 82884 12359
p 2 252 4756 3152 77956 11525
p 2 346 5850 1964 166976 15800
p 2 266 5694 2200 90795 13076
p 2 796 5910 1454 197333 18621
p 2 170 5907 2083 98630 13708
p 2 780 6104 1276 191048 18959
p 2 303 6031 1826 96469 14175
p 2 294 5825 2041 97444 13987
p 2 878 6976 306 163506 20008
p 2 222 7662 276 118535 17026
p 2 222 7714 224 122620 17596
p 2 804 7190 166 182024 20938
p 2 298 7736 126 122131 17884
p 2 360 7666 134 151329 18694
p 2 267 7686 207 129375 17766
p 2 368 7066 726 123758 16765
p 2 451 6636 1073 135965 16679
p 2 246 6615 1299 103539 14885
p 2 327 6445 1388 124671 15314
p 2 283 6142 1735 118478 14259
p 2 149 6011 2000 95694 12414
p 2 230 6056 1874 114667 13056
p 2 303 5996 1861 117948 13186
p 2 240 6109 1811 77490 12118
p 2 429 6121 1610 112120 14002
p 2 370 6123 1667 83366 13150
p 2 538 5874 1748 87756 13793
p 2 1322 6367 471 166083 20451
p 2 393 7333 434 115194 16678
p 2 737 7058 365 183892 20781
p 2 190 7615 355 121003 17563
p 2 546 7273 341 170525 19721
p 2 167 7523 470 109484 16575
p 2 189 6682 1289 80490 14350
p 2 744 6291 1125 172951 18042
p 2 249 6343 1568 88484 13948
p 2 336 5874 1950 93887 13884
p 2 1045 5950 1165 190323 19582
p 2 279 5868 2013 99827 13530
p 2 263 5511 2386 102066 13079
p 2 895 5608 1657 197801 18368
p 2 341 5460 2359 98540 13058
p 2 330 5051 2779 94146 12422
p 2 388 4882 2890 91559 12270
p 2 312 4497 3351 89945 11476
p 2 313 4095 3752 92168 10748
p 2 689 4861 2610 181729 15422
p 2 299 4398 3463 72806 10303
p 2 652 4258 3250 157644 13774
p 2 220 3962 3978 56231 8713
p 2 773 3870 3517 154411 13448
i 2 8160 0 0 181172 33014
p 2 778 5590 1792 179388 17723
p 2 3119 4461 580 202036 26492
p 2 585 6533 1042 132153 16646
p 2 3011 4713 436 192237 26097
p 2 239 6820 1101 119447 15883
p 2 4038 3918 204 234155 29149
p 2 452 6528 1180 153338 16800
p 2 3178 4580 402 241382 27172
p 2 266 6709 1185 155931 16538
p 2 3458 4390 312 241701 28481
p 2 111 6563 1486 134721 14923
p 2 515 6425 1220 182714 17371
p 2 9 6293 1858 89976 12934
p 2 381 6055 1724 162109 15417
p 2 4 4397 3759 15379 7078
p 2 569 5565 2026 173735 15410
p 2 13 3988 4159 14326 6289
p 2 207 5576 2377 144546 12947
p 2 66 4161 3933 14774 6731
p 2 636 5209 2315 156075 14720
p 2 370 3913 3877 21691 8207
p 2 478 2668 5014 22480 7283
p 2 318 2605 5237 18834 6549
p 2 244 2558 5358 20534 6375
p 2 87 2332 5741 17140 5529
p 2 84 2461 5615 18425 5510
p 2 6 2092 6062 11991 4658
p 2 118 2021 6021 12203 4781
p 2 209 2044 5907 13679 5265
p 2 629 2045 5486 19397 7158
p 2 295 2222 5643 16214 6093
p 2 171 2296 5693 12285 5219
p 2 190 2252 5718 15556 5312
p 2 17 2339 5804 10128 4460
p 2 0 2028 6132 8499 4007
p 2 53 2244 5863 12689 4556
p 2 6 2126 6028 10358 4065
p 2 6 2050 6104 11244 4208
p 2 93 1947 6120 15625 4596
p 2 52 1867 6241 13118 4729
p 2 188 1876 6096 12949 5151
p 2 374 1795 5991 16624 5849
p 2 420 1656 6084 13882 5638
p 2 644 1511 6005 16565 6413
p 2 397 1789 5974 17078 5786
p 2 161 1929 6070 12301 4520
p 2 56 1961 6143 10319 4072
p 2 68 2085 6007 13250 4351
p 2 91 1862 6207 9850 4150
p 2 152 1918 6090 10546 4460
p 2 267 1826 6067 14348 4910
p 2 236 1841 6083 11435 4714
p 2 169 1786 6205 11411 4447
p 2 332 1782 6046 16818 5411
p 2 250 1620 6290 10062 4660
p 2 1 1958 6201 6026 3407
p 2 58 1950 6152 10034 3793
p 2 0 1837 6323 6223 3360
p 2 3 1668 6489 5855 3167
p 2 101 1714 6345 8176 3644
p 2 20 1675 6465 7531 3402
p 2 24 1699 6437 8504 3447
p 2 151 1561 6448 11552 3855
p 2 23 1610 6527 8120 3322
p 2 11 1673 6476 7560 3354
p 2 56 1985 6119 11101 3903
p 2 3 1650 6507 6502 3193
p 2 1 1723 6436 6217 3227
p 2 61 1657 6442 10580 3640
p 2 0 1651 6509 7039 3261
p 2 7 1509 6644 7470 3159
p 2 112 1646 6402 9691 3777
p 2 11 1698 6451 7880 3301
p 2 9 1539 6612 6513 3098
p 2 121 1584 6455 9770 3594
p 2 1 1684 6475 6184 3198
p 2 0 1582 6578 5439 3041
p 2 100 1599 6461 7043 3480
p 2 246 1459 6455 7715 4024
p 2 473 1420 6267 12402 5273
p 2 479 1549 6132 16099 5629
p 2 258 1670 6232 13811 5216
p 2 138 1767 6255 13447 4961
p 2 129 1898 6133 17273 5243
p 2 39 1864 6257 13734 4739
p 2 28 1890 6242 13606 4591
p 2 100 1918 6142 17325 5027
p 2 92 1847 6221 14755 4770
p 2 199 1742 6219 15458 5042
p 2 3424 4721 15 67440 22834
i 2 8160 0 0 180365 33120
i 2 8160 0 0 154407 31610
i 2 8160 0 0 112587 29602
i 2 8160 0 0 70754 26920
i 2 8160 0 0 22578 22578
p 2 0 0 8160 1102 1102
p 2 0 0 8160 1102 1102
p 2 0 0 8160 1102 1102
p 2 0 0 8160 1102 1102
p 2 0 0 8160 1102 1102
p 2 0 0 8160 1102 1102
p 2 0 0 8160 1102 1102
p 2 0 0 8160 1102 1102
p 2 0 0 8160 1102 1102
p 2 0 0 8160 1102 1102
p 2 0 0 8160 1102 1102
i 2 8160 0 0 103484 27109
p 2 0 1204 6956 2423 2197
p 2 0 1169 6991 2188 2140
p 2 0 500 7660 1580 1556
p 2 0 634 7526 1672 1653
p 2 0 257 7903 1386 1331
p 2 0 251 7909 1324 1316
p 2 0 86 8074 1188 1178
p 2 0 136 8024 1226 1214
p 2 72 259 7829 21245 2055
p 2 295 1044 6821 79845 5238
p 2 0 660 7500 2909 1802
p 2 386 822 6952 30950 5223
p 2 0 439 7721 2017 1733
p 2 164 484 7512 35231 2931
p 2 0 351 7809 1818 1441
p 2 210 359 7591 33349 3040
p 2 0 294 7866 1737 1406
p 2 221 293 7646 17776 2673
p 2 0 181 7979 1480 1304
p 2 215 239 7706 13415 2440
p 2 0 173 7987 1485 1283
p 2 189 196 7775 17540 2457
p 2 0 138 8022 1361 1248
p 2 145 153 7862 14838 2180
p 2 0 109 8051 1317 1223
p 2 137 129 7894 13657 2046
p 2 0 86 8074 1296 1206
p 2 135 153 7872 18621 2202
p 2 0 210 7950 4449 1364
p 2 91 163 7906 20543 2055
p 2 0 135 8025 1464 1259
p 2 0 56 8104 1200 1160
p 2 99 198 7863 22987 2158
p 2 41 3366 4753 43431 5987
p 2 119 3652 4389 58486 6906
p 2 245 3725 4190 82368 8486
p 2 342 3793 4025 83575 8774
p 2 415 3891 3854 95121 9611
p 2 494 3963 3703 97428 10119
p 2 424 4200 3536 87586 10182
p 2 415 4412 3333 83844 10215
p 2 357 4577 3226 80784 10407
p 2 277 4674 3209 92639 10697
p 2 116 4753 3291 82326 10082
p 2 24 4578 3558 54290 8704
p 2 0 3405 4755 6739 4602
p 2 0 2393 5767 3973 3518
p 2 0 1953 6207 3334 2938
p 2 0 1573 6587 2741 2546
p 2 0 1096 7064 2535 2130
p 2 0 890 7270 2691 1950
p 2 0 544 7616 1850 1616
p 2 0 405 7755 1573 1472
p 2 0 305 7855 1511 1374
p 2 0 222 7938 1448 1315
p 2 0 167 7993 1303 1252
p 2 0 99 8061 1211 1193
p 2 0 67 8093 1188 1166
p 2 0 66 8094 1209 1164
p 2 0 52 8108 1159 1151
p 2 0 30 8130 1136 1130
p 2 0 24 8136 1136 1126
p 2 0 13 8147 1122 1116
p 2 0 11 8149 1115 1113
i 2 8160 0 0 82601 27396
p 2 47 7606 507 44463 11451
p 2 26 7637 497 41680 11354
p 2 40 7695 425 42899 11511
p 2 22 7720 418 40266 11190
p 2 19 7698 443 41255 11202
p 2 24 7672 464 42743 11196
p 2 14 7704 442 39994 11234
p 2 12 7676 472 45222 11386
p 2 23 7634 503 46348 11390
p 2 16 7650 494 44649 11356
p 2 12 7612 536 45860 11239
p 2 29 7563 568 48234 11400
p 2 11 7579 570 45212 11445
p 2 11 7558 591 44927 10878
p 2 30 7554 576 47757 11120
p 2 18 7447 695 48456 11291
p 2 28 7486 646 41356 10837
p 2 23 7571 566 44419 11218
p 2 6 7472 682 41574 10775
p 2 21 7473 666 47240 11056
p 2 17 7374 769 50119 10889
p 2 4 7426 730 38988 10580
p 2 7 7409 744 41679 10463
p 2 7 7320 833 45070 10615
p 2 3 7395 762 43141 10561
p 2 7 7221 932 45388 10711
p 2 6 7244 910 44628 10605
p 2 0 7207 953 43058 10444
p 2 0 7110 1050 37416 9991
p 2 4 7028 1128 45265 10387
p 2 3 7121 1036 37308 10127
p 2 1 6986 1173 43459 10214
p 2 13 6883 1264 43435 10177
p 2 0 6845 1315 41887 9985
p 2 0 6607 1553 39249 8937
p 2 0 4912 3248 11095 6009
p 2 0 3311 4849 4756 4148
p 2 0 2651 5509 4414 3514
p 2 2 2401 5757 6582 3401
p 2 0 2202 5958 4588 3142
p 2 0 1702 6458 2939 2629
p 2 0 1689 6471 3570 2641
p 2 0 1698 6462 3771 2673
p 2 0 997 7163 2723 2019
p 2 0 878 7282 2167 1899
p 2 0 799 7361 2503 1827
p 2 0 1335 6825 3258 2351
p 2 0 1071 7089 5282 2187
p 2 0 834 7326 2334 1873
p 2 3 927 7230 5052 2072
p 2 0 570 7590 2054 1649
p 2 0 478 7682 2131 1536
p 2 0 278 7882 1558 1359
p 2 0 209 7951 1828 1300
p 2 0 143 8017 1300 1234
p 2 0 63 8097 1567 1170
p 2 0 92 8068 1241 1188
p 2 0 57 8103 1549 1168
p 2 0 36 8124 1168 1137
p 2 0 52 8108 1554 1164
p 2 0 36 8124 1161 1138
p 2 0 83 8077 1580 1187
p 2 0 55 8105 1172 1155
p 2 0 52 8108 1539 1162
p 2 0 32 8128 1149 1133
p 2 0 51 8109 1548 1159
p 2 0 33 8127 1156 1135
p 2 0 28 8132 1518 1138
p 2 0 19 8141 1148 1120
p 2 0 28 8132 1514 1138
i 2 8160 0 0 329223 38167
p 2 0 1201 6959 3525 2288
p 2 0 946 7214 4508 2113
p 2 0 698 7462 4884 1878
p 2 0 633 7527 4937 1821
p 2 0 670 7490 4568 1864
p 2 0 530 7630 4662 1736
p 2 0 586 7574 4204 1758
p 2 0 620 7540 4878 1794
p 2 0 619 7541 3593 1764
p 2 0 679 7481 4818 1846
p 2 0 720 7440 3762 1839
p 2 0 474 7686 3690 1627
p 2 0 398 7762 2847 1538
p 2 0 647 7513 4162 1782
p 2 0 737 7423 5206 1903
p 2 0 653 7507 3359 1772
p 2 0 458 7702 3232 1599
p 2 0 608 7552 4454 1787
p 2 0 637 7523 5030 1837
p 2 0 596 7564 4230 1770
p 2 1 415 7744 4235 1610
p 2 0 498 7662 4336 1688
p 2 0 495 7665 4890 1678
p 2 0 590 7570 2804 1698
p 2 0 467 7693 2399 1572
p 2 0 603 7557 4098 1761
p 2 0 638 7522 5339 1822
p 2 0 516 7644 3630 1678
p 2 0 399 7761 4342 1590
p 2 0 508 7652 3913 1697
p 2 0 444 7716 4681 1655
p 2 0 462 7698 2984 1609
p 2 1 395 7764 3238 1546
p 2 0 446 7714 2902 1578
p 2 0 461 7699 3726 1611
p 2 0 421 7739 3414 1561
p 2 0 396 7764 3278 1540
p 2 0 393 7767 3349 1545
p 2 0 388 7772 3720 1542
p 2 0 435 7725 2963 1568
p 2 0 384 7776 3066 1523
p 2 0 409 7751 4131 1598
p 2 0 393 7767 4456 1590
p 2 0 395 7765 3982 1589
p 2 0 360 7800 4018 1553
p 2 0 355 7805 4175 1557
p 2 0 341 7819 4486 1526
p 2 0 236 7924 1830 1340
p 2 0 163 7997 1530 1262
p 2 0 344 7816 3452 1526
p 2 0 367 7793 4472 1552
p 2 0 372 7788 3508 1548
p 2 0 376 7784 4762 1575
p 2 184 1799 6177 62324 5625
p 2 0 1150 7010 6350 2425
p 2 0 622 7538 3950 1787
p 2 43 2042 6075 47045 4863
p 2 0 1767 6393 7910 3022
p 2 0 1165 6995 4660 2294
p 2 7 1705 6448 39738 4139
p 2 0 1207 6953 5451 2432
p 2 0 1080 7080 4592 2205
p 2 12 1975 6173 40078 4276
p 2 0 1598 6562 6176 2760
p 2 0 808 7352 3965 1957
p 2 0 1018 7142 6045 2202
p 2 0 960 7200 4918 2115
p 2 0 599 7561 4685 1784
p 2 0 694 7466 4091 1849
p 2 0 705 7455 5407 1901
p 2 0 1003 7157 5407 2170
p 2 0 850 7310 4106 1993
p 2 0 631 7529 2923 1725
p 2 0 670 7490 4945 1863
p 2 0 586 7574 3533 1723
p 2 0 429 7731 4156 1604
p 2 0 535 7625 4272 1725
p 2 0 490 7670 4528 1696
p 2 0 488 7672 3873 1662
p 2 0 407 7753 3390 1560
p 2 0 383 7777 2679 1518
p 2 0 387 7773 3046 1536
p 2 0 430 7730 3047 1552
p 2 0 400 7760 3155 1546
p 2 0 383 7777 3297 1534
p 2 0 361 7799 3471 1506
p 2 0 480 7680 3531 1621
p 2 0 372 7788 3120 1514
p 2 0 375 7785 3021 1507
p 2 0 360 7800 3886 1535
p 2 0 382 7778 3374 1553
p 2 0 342 7818 4263 1544
p 2 0 345 7815 3287 1512
p 2 0 318 7842 4257 1525
i 2 8160 0 0 144670 31323
p 2 0 1708 6452 6275 3041
p 2 0 1814 6346 7286 3126
p 2 13 2351 5796 31561 5023
p 2 0 1915 6245 8047 3318
p 2 0 1205 6955 6922 2614
p 2 20 2111 6029 29978 4836
p 2 0 1560 6600 6742 2953
p 2 0 1279 6881 7383 2745
p 2 2 2030 6128 29577 4748
p 2 0 1528 6632 8886 3102
p 2 0 1163 6997 7853 2645
p 2 1 1990 6169 30091 4738
p 2 0 1683 6477 9359 3274
p 2 0 1198 6962 8163 2702
p 2 0 1139 7021 7883 2621
p 2 0 1102 7058 7252 2545
p 2 0 1069 7091 7234 2524
p 2 0 1230 6930 5839 2491
p 2 0 1024 7136 5164 2297
p 2 0 965 7195 5599 2302
p 2 3 1034 7123 6720 2422
p 2 0 1010 7150 4467 2214
p 2 0 1082 7078 5605 2371
p 2 0 913 7247 5638 2207
p 2 0 765 7395 4335 1989
p 2 0 938 7222 5437 2214
p 2 0 917 7243 4698 2143
p 2 0 1042 7118 6018 2370
p 2 0 992 7168 6727 2375
p 2 0 972 7188 5770 2303
p 2 0 953 7207 4770 2185
p 2 0 926 7234 6485 2318
p 2 3 979 7178 7148 2413
p 2 0 963 7197 7189 2402
p 2 0 973 7187 6831 2406
p 2 0 939 7221 7486 2406
p 2 0 902 7258 7524 2390
p 2 0 925 7235 7168 2398
p 2 0 921 7239 7640 2413
p 2 0 927 7233 6660 2368
p 2 0 911 7249 5994 2284
p 2 0 894 7266 5045 2141
p 2 0 887 7273 4738 2152
p 2 0 896 7264 5084 2195
p 2 0 901 7259 6097 2265
p 2 0 881 7279 3779 2043
p 2 0 860 7300 5372 2138
p 2 2 714 7444 4693 1961
p 2 0 670 7490 4002 1886
p 2 0 864 7296 5181 2129
p 2 0 857 7303 4159 2038
p 2 0 849 7311 5367 2179
p 2 0 856 7304 6272 2230
p 2 0 913 7247 5417 2225
p 2 0 887 7273 4467 2122
p 2 0 856 7304 6550 2284
p 2 0 931 7229 6750 2358
p 2 0 893 7267 7186 2355
p 2 0 904 7256 6859 2338
p 2 0 903 7257 7620 2389
p 2 0 908 7252 7246 2367
p 2 0 907 7253 7271 2372
p 2 3 925 7232 7944 2402
p 2 0 942 7218 6716 2384
p 2 0 928 7232 6375 2312
p 2 0 923 7237 5121 2169
p 2 0 910 7250 4945 2181
p 2 0 919 7241 5418 2232
p 2 0 931 7229 6607 2311
p 2 0 915 7245 3988 2074
p 2 0 896 7264 5197 2153
p 2 0 757 7403 4960 2015
p 2 0 713 7447 4336 1945
p 2 0 889 7271 5368 2179
p 2 0 925 7235 4399 2123
p 2 0 924 7236 5927 2271
p 2 0 934 7226 6583 2328
p 2 0 907 7253 5443 2211
p 2 0 942 7218 4940 2210
p 2 0 921 7239 6072 2308
p 2 0 913 7247 6927 2352
p 2 0 920 7240 6542 2336
p 2 0 901 7259 7271 2353
p 2 0 926 7234 7131 2381
p 2 0 903 7257 7386 2377
p 2 0 915 7245 6866 2366
p 2 0 884 7276 6787 2337
p 2 0 912 7248 7097 2360
p 2 0 927 7233 6174 2308
p 2 2 899 7259 4927 2125
p 2 0 881 7279 4531 2118
p 2 0 852 7308 5030 2136
p 2 1 865 7294 6271 2252
p 2 0 858 7302 4118 2073
p 2 0 862 7298 4998 2121
p 2 0 638 7522 4373 1887
p 2 0 639 7521 3996 1876
p 2 0 841 7319 5516 2160
p 2 1 850 7309 3989 2042
p 2 0 878 7282 5531 2191
p 2 0 872 7288 6337 2246
p 2 3 879 7278 5121 2186
p 2 0 854 7306 4685 2091
p 2 0 885 7275 6304 2297
p 2 3 890 7267 6970 2324
p 2 0 897 7263 6897 2325
p 2 0 908 7252 6968 2334
p 2 0 885 7275 7582 2383
p 2 0 924 7236 7165 2387
p 2 0 923 7237 7376 2381
p 2 2 936 7222 7186 2383
p 2 0 941 7219 7568 2411
p 2 0 927 7233 6682 2348
p 2 0 920 7240 4714 2134
p 2 0 887 7273 4966 2170
p 2 0 924 7236 5335 2221
p 2 6 880 7274 6770 2301
p 2 0 918 7242 4076 2094
p 2 0 904 7256 5282 2176
p 2 0 683 7477 4679 1932
p 2 0 719 7441 4250 1955
p 2 0 889 7271 5650 2198
p 2 0 891 7269 4079 2066
p 2 0 925 7235 5731 2241
p 2 0 917 7243 6365 2282
p 2 0 906 7254 4987 2175
p 2 0 912 7248 4910 2163
p 2 0 922 7238 6340 2322
p 2 2 894 7264 6611 2328
p 2 0 922 7238 6614 2319
p 2 0 903 7257 6736 2327
p 2 6 913 7241 7711 2388
p 2 0 906 7254 7096 2369
p 2 0 892 7268 7082 2358
p 2 0 892 7268 6959 2355
p 2 0 884 7276 7269 2339
p 2 0 912 7248 6472 2310
p 2 0 920 7240 4577 2128
p 2 0 890 7270 4861 2156
p 2 0 886 7274 5150 2178
p 2 0 851 7309 6188 2228
p 2 0 851 7309 3890 2032
p 2 0 843 7317 5070 2109
p 2 0 652 7508 4118 1865
p 2 0 680 7480 4305 1938
p 2 0 822 7338 5238 2130
p 2 0 847 7313 3985 2022
p 2 0 842 7318 5518 2181
p 2 0 842 7318 6215 2227
p 2 0 853 7307 4987 2124
p 2 0 871 7289 4645 2106
p 2 0 864 7296 6374 2282
p 2 0 868 7292 6135 2271
p 2 0 867 7293 6710 2301
i 2 8160 0 0 207806 30799
p 2 0 2735 5425 4667 3776
p 2 0 2777 5383 3882 3659
p 2 0 989 7171 2111 2023
p 2 0 867 7293 1967 1889
p 2 0 340 7820 1466 1415
p 2 0 322 7838 1528 1400
p 2 0 338 7822 1496 1422
p 2 0 246 7914 1402 1331
p 2 0 143 8017 1267 1236
p 2 0 112 8048 1246 1208
p 2 0 114 8046 1276 1211
p 2 0 151 8009 1400 1251
p 2 0 108 8052 1294 1207
p 2 0 113 8047 1309 1212
p 2 0 61 8099 1177 1162
p 2 0 46 8114 1157 1149
p 2 0 30 8130 1141 1134
p 2 0 42 8118 1159 1142
p 2 0 53 8107 1165 1154
p 2 0 32 8128 1139 1134
p 2 0 24 8136 1132 1126
p 2 0 24 8136 1138 1127
p 2 0 31 8129 1154 1134
p 2 277 1948 5935 59012 5515
p 2 0 1418 6742 3927 2455
p 2 0 813 7347 2281 1846
p 2 400 2010 5750 76282 6770
p 2 0 1560 6600 4347 2595
p 2 0 956 7204 2353 1979
p 2 373 1762 6025 74629 6445
p 2 0 1462 6698 4420 2562
p 2 0 967 7193 2524 1997
p 2 688 1645 5827 85206 7836
p 2 0 1444 6716 3915 2514
p 2 0 713 7447 2122 1777
p 2 667 1441 6052 81921 7481
p 2 0 1571 6589 4078 2676
p 2 0 802 7358 2120 1858
p 2 578 1189 6393 68306 6396
p 2 0 1537 6623 3999 2629
p 2 0 1058 7102 2501 2110
p 2 585 966 6609 48891 5662
p 2 0 1147 7013 3263 2231
p 2 0 1545 6615 3615 2619
p 2 0 953 7207 2288 2012
p 2 0 566 7594 1832 1633
p 2 0 501 7659 1867 1579
p 2 0 1117 7043 2828 2155
p 2 0 1568 6592 3743 2631
p 2 0 987 7173 2483 2041
p 2 0 848 7312 2514 1907
p 2 0 657 7503 1954 1720
p 2 0 468 7692 1863 1552
p 2 322 979 6859 38453 4375
p 2 0 850 7310 2529 1951
p 2 0 667 7493 2062 1719
p 2 305 870 6985 28594 3995
p 2 0 1047 7113 2798 2124
p 2 0 769 7391 1986 1825
p 2 271 845 7044 16575 3525
p 2 0 896 7264 2582 1979
p 2 0 738 7422 2104 1811
p 2 457 927 6776 32796 4750
p 2 0 909 7251 2470 1993
p 2 0 531 7629 1750 1609
p 2 383 700 7077 41588 4464
p 2 0 720 7440 2523 1826
p 2 0 580 7580 1877 1646
p 2 383 1007 6770 49894 4926
p 2 0 1024 7136 2966 2098
p 2 0 730 7430 2008 1791
p 2 464 1060 6636 58704 5676
p 2 0 1058 7102 3281 2164
p 2 0 674 7486 2026 1751
p 2 459 1163 6538 65556 5907
p 2 0 939 7221 2981 2035
p 2 0 576 7584 1982 1647
p 2 535 1200 6425 70417 6473
p 2 0 1106 7054 3402 2228
p 2 0 647 7513 2049 1709
p 2 558 1266 6336 79942 6859
p 2 0 1395 6765 3875 2474
p 2 0 693 7467 2333 1764
p 2 299 1546 6315 59888 5600
p 2 0 1281 6879 3797 2388
p 2 0 624 7536 2102 1698
p 2 356 1486 6318 68412 6010
p 2 0 1318 6842 3968 2418
p 2 0 806 7354 2443 1868
p 2 268 1825 6067 66866 5978
p 2 0 1255 6905 3877 2354
p 2 0 635 7525 2091 1710
p 2 0 494 7666 1824 1570
p 2 0 647 7513 2061 1710
p 2 0 560 7600 2090 1642
p 2 32 1160 6968 19728 2694
p 2 0 736 7424 2383 1809
p 2 0 568 7592 2060 1637
p 2 40 768 7352 19056 2358
p 2 0 860 7300 2943 1929
p 2 0 581 7579 2340 1658
p 2 33 713 7414 18904 2271
p 2 0 440 7720 1912 1529
p 2 0 272 7888 1534 1354
p 2 29 348 7783 18286 1920
p 2 0 427 7733 2225 1525
p 2 0 262 7898 1553 1348
p 2 0 213 7947 1713 1310
p 2 0 224 7936 1665 1315
p 2 0 192 7968 1407 1281
p 2 1 108 8051 1439 1216
p 2 0 104 8056 1282 1199
p 2 0 77 8083 1250 1177
p 2 0 105 8055 1406 1204
p 2 0 120 8040 1337 1219
p 2 0 121 8039 1305 1222
p 2 0 86 8074 1380 1188
p 2 0 49 8111 1172 1150
p 2 0 59 8101 1205 1159
p 2 0 102 8058 1498 1203
p 2 0 95 8065 1240 1194
p 2 0 62 8098 1248 1165
p 2 11 117 8032 4019 1311
p 2 0 112 8048 1299 1207
p 2 0 64 8096 1198 1165
p 2 82 138 7940 12047 1877
p 2 0 129 8031 1405 1231
p 2 0 123 8037 1310 1220
p 2 163 286 7711 14766 2441
p 2 0 272 7888 1570 1371
p 2 0 135 8025 1278 1231
p 2 169 296 7695 14954 2573
p 2 0 279 7881 1615 1384
p 2 0 225 7935 1417 1317
p 2 164 395 7601 16079 2651
p 2 0 343 7817 1719 1451
p 2 0 222 7938 1593 1324
p 2 195 484 7481 32308 3222
p 2 0 408 7752 1978 1515
p 2 0 245 7915 1476 1339
p 2 203 471 7486 33193 3260
p 2 0 420 7740 2036 1535
p 2 0 220 7940 1459 1318
p 2 207 474 7479 33244 3232
p 2 0 475 7685 2051 1574
p 2 0 237 7923 1441 1330
p 2 184 500 7476 38411 3254
p 2 0 490 7670 2198 1591
p 2 0 226 7934 1514 1320
p 2 215 392 7553 41185 3317
p 2 0 339 7821 1919 1442
p 2 0 140 8020 1331 1232
p 2 350 542 7268 58712 4446
p 2 0 581 7579 2404 1688
p 2 0 327 7833 1670 1413
p 2 299 752 7109 58446 4514
p 2 0 620 7540 2491 1737
p 2 39 333 7788 2618 1614
p 2 262 778 7120 61753 4418
p 2 0 740 7420 2863 1844
p 2 0 392 7768 1708 1476
p 2 306 659 7195 51542 4289
p 2 0 686 7474 2636 1794
p 2 0 443 7717 1870 1527
p 2 257 792 7111 50005 4246
p 2 0 635 7525 2628 1757
p 2 0 338 7822 1776 1429
p 2 349 779 7032 49149 4609
p 2 0 748 7412 2640 1851
p 2 0 359 7801 1765 1456
p 2 347 814 6999 49169 4743
p 2 0 809 7351 2855 1927
p 2 0 607 7553 2301 1698
p 2 430 1008 6722 56792 5575
p 2 0 806 7354 2702 1928
p 2 0 637 7523 2223 1725
p 2 535 1233 6392 69227 6549
p 2 0 832 7328 2780 1950
p 2 0 719 7441 2842 1819
p 2 476 1273 6411 74369 6449
p 2 0 933 7227 3131 2074
p 2 0 553 7607 1983 1637
p 2 458 1395 6307 77890 6520
p 2 0 1005 7155 3288 2128
p 2 0 790 7370 2615 1877
p 2 541 1974 5645 85989 7708
p 2 0 1300 6860 3642 2434
p 2 0 713 7447 2111 1805
p 2 734 1176 6250 102141 8086
p 2 0 997 7163 3283 2133
p 2 0 671 7489 2046 1750
p 2 659 1221 6280 109145 8079
p 2 0 1165 6995 3948 2329
p 2 0 751 7409 2502 1846
p 2 695 1338 6127 124392 8677
p 2 0 1053 7107 3684 2204
p 2 0 493 7667 1905 1589
p 2 884 1253 6023 136085 9613
p 2 0 1041 7119 3898 2216
p 2 0 495 7665 2111 1612
p 2 971 1274 5915 144452 10299
p 2 0 1070 7090 3867 2219
i 2 8160 0 0 125778 28862
p 2 0 3176 4984 4531 4044
p 2 2569 3824 1767 123429 18586
p 2 0 2364 5796 4825 3666
p 2 2720 2832 2608 124048 18174
p 2 0 1939 6221 4372 3241
p 2 2897 2472 2791 128902 18388
p 2 0 1732 6428 4200 3071
p 2 1346 3155 3659 125955 13809
p 2 0 1739 6421 4985 3080
p 2 1347 3509 3304 148894 15135
p 2 0 2181 5979 6223 3698
p 2 90 1441 6629 8070 3398
p 2 0 1469 6691 2743 2469
p 2 194 1141 6825 16678 3587
p 2 0 1000 7160 3419 2078
p 2 0 591 7569 2397 1672
p 2 0 391 7769 1875 1480
p 2 156 559 7445 6540 2614
p 2 0 653 7507 2375 1766
p 2 0 492 7668 1888 1562
p 2 0 345 7815 1526 1421
p 2 0 219 7941 1330 1299
p 2 0 99 8061 1222 1199
p 2 0 120 8040 1232 1210
p 2 0 75 8085 1194 1172
p 2 0 70 8090 1176 1166
p 2 0 39 8121 1158 1141
p 2 0 56 8104 1163 1150
i 2 8160 0 0 103391 26619
p 2 28 4556 3576 20389 6608
p 2 16 4858 3286 21991 6306
p 2 22 2543 5595 19745 4141
p 2 15 2521 5624 22780 4193
p 2 14 1667 6479 22132 3415
p 2 12 1645 6503 23078 3454
p 2 23 1634 6503 21803 3533
p 2 22 1634 6504 23073 3502
p 2 26 1742 6392 25697 3679
p 2 37 1712 6411 26629 3762
p 2 28 1721 6411 27708 3796
p 2 30 1696 6434 27690 3785
p 2 28 1604 6528 29617 3727
p 2 24 1559 6577 29727 3687
p 2 30 1877 6253 29226 3999
p 2 33 1501 6626 29768 3692
p 2 33 1634 6493 28540 3737
p 2 34 1729 6397 27627 3769
p 2 39 1646 6475 29316 3821
p 2 40 1553 6567 30452 3701
p 2 29 1478 6653 31247 3547
p 2 28 1639 6493 29883 3621
p 2 36 1801 6323 28471 3765
p 2 28 1807 6325 29044 3690
p 2 42 1802 6316 29032 3814
p 2 27 1648 6485 31108 3594
p 2 27 1574 6559 32766 3647
p 2 37 1577 6546 30777 3697
p 2 28 1452 6680 30477 3499
p 2 68 1458 6634 44193 4167
p 2 41 1535 6584 29805 3784
p 2 39 1457 6664 28714 3657
p 2 35 1444 6681 41641 3983
p 2 51 1400 6709 31425 3755
p 2 27 1492 6641 30197 3681
p 2 47 1457 6656 43933 4187
p 2 36 1452 6672 29470 3753
p 2 37 1413 6710 30882 3679
p 2 29 1464 6667 28282 3671
p 2 35 1456 6669 30570 3695
p 2 28 1839 6293 29767 3916
p 2 30 1772 6358 28676 3847
p 2 39 1625 6496 28550 3791
p 2 34 1576 6550 32498 3732
p 2 35 1652 6473 29696 3751
p 2 37 1460 6663 30426 3586
p 2 33 1425 6702 30829 3498
p 2 38 1365 6757 26883 3337
p 2 49 1275 6836 27046 3255
p 2 42 1353 6765 29067 3370
p 2 35 1381 6744 31839 3491
p 2 46 1403 6711 31492 3598
p 2 43 1375 6742 30056 3545
p 2 38 1385 6737 28661 3578
p 2 44 1354 6762 27768 3511
p 2 44 1329 6787 28171 3463
p 2 39 1384 6737 28798 3544
p 2 44 1345 6771 29561 3608
i 2 8160 0 0 137989 34553
p 2 2258 5547 355 120951 27933
p 2 1805 5990 365 123659 26711
p 2 2214 5942 4 160680 29412
p 2 1787 6099 274 121970 26649
p 2 1936 5859 365 124200 27012
p 2 2117 6038 5 164883 29174
p 2 2165 5730 265 123645 27762
p 2 2409 5375 376 123847 27986
p 2 3411 4741 8 158305 31852
p 2 2341 5548 271 113777 27694
p 2 2109 5671 380 121752 27433
p 2 2207 5944 9 160325 29022
p 2 1772 6075 313 122786 26741
p 2 2654 5497 9 172222 30283
p 2 1854 5726 580 116401 25807
p 2 2796 5343 21 177284 30951
p 2 2630 4728 802 106497 26736
p 2 3114 5026 20 172432 31435
p 2 2122 5935 103 160888 28155
p 2 2352 5634 174 178579 29099
i 2 8160 0 0 157675 34956
p 2 3558 4344 258 181540 31461
p 2 4336 3733 91 179129 32929
p 2 3150 4586 424 170318 29252
p 2 3140 4683 337 166009 28760
i 2 8160 0 0 129909 31516
p 2 1260 3693 3207 65358 16606
i 2 8160 0 0 126887 32360
p 2 1219 4563 2378 80233 18883
p 2 4029 4008 123 116722 30522
p 2 1757 5621 782 97500 24124
p 2 3241 4916 3 109958 30340
p 2 2466 5691 3 104038 28426
p 2 1977 6178 5 102238 27780
i 2 8160 0 0 180358 32076
p 2 0 2404 5756 3931 3369
p 2 1816 3569 2775 109495 15553
p 2 0 2170 5990 5187 3513
p 2 952 3285 3923 100177 11881
p 2 0 2246 5914 5939 3638
p 2 900 2957 4303 105242 11408
p 2 0 1913 6247 5602 3310
p 2 2150 2054 3956 134428 16316
p 2 0 2182 5978 5111 3355
p 2 2251 2799 3110 103805 16796
p 2 0 3202 4958 6781 4382
p 2 642 4274 3244 49742 10925
p 2 0 3338 4822 6209 4421
p 2 130 2763 5267 20551 5194
p 2 0 2249 5911 4284 3378
p 2 0 2557 5603 17761 4052
p 2 0 2022 6138 4241 3043
p 2 0 1694 6466 15632 3179
p 2 0 1080 7080 2812 2133
p 2 0 1227 6933 15423 2744
p 2 0 995 7165 2956 2085
p 2 0 1016 7144 15310 2590
p 2 0 736 7424 2527 1834
p 2 0 945 7215 14966 2496
p 2 0 652 7508 2538 1763
p 2 0 819 7341 15352 2423
p 2 0 527 7633 2305 1628
p 2 0 775 7385 14898 2342
p 2 0 718 7442 2518 1798
p 2 0 725 7435 14691 2290
p 2 0 458 7702 2088 1551
p 2 0 767 7393 15331 2358
p 2 0 514 7646 2356 1624
p 2 0 726 7434 14769 2300
p 2 0 460 7700 2141 1564
p 2 0 712 7448 15485 2323
p 2 0 466 7694 2255 1587
p 2 0 693 7467 14671 2275
p 2 0 415 7745 2073 1526
p 2 0 643 7517 14711 2212
p 2 0 410 7750 2134 1512
p 2 0 602 7558 14860 2210
p 2 0 369 7791 2019 1482
p 2 0 605 7555 14619 2190
p 2 0 371 7789 2029 1478
p 2 0 585 7575 15116 2207
p 2 0 360 7800 2069 1474
p 2 0 580 7580 14610 2161
p 2 0 343 7817 2003 1461
p 2 0 592 7568 14434 2167
p 2 0 348 7812 2078 1465
p 2 0 585 7575 15033 2194
i 2 8160 0 0 397529 39027
p 2 0 1714 6446 3521 2745
p 2 0 1574 6586 5116 2638
p 2 0 766 7394 2428 1828
p 2 0 782 7378 3960 1886
p 2 0 374 7786 1614 1452
p 2 0 356 7804 3410 1492
p 2 0 248 7912 1690 1343
p 2 0 345 7815 3369 1487
p 2 0 200 7960 1429 1290
p 2 0 274 7886 3518 1419
p 2 0 239 7921 1751 1336
p 2 0 287 7873 3633 1433
p 2 0 195 7965 1416 1286
p 2 0 276 7884 3633 1423
p 2 0 220 7940 1670 1314
p 2 0 292 7868 3460 1439
p 2 0 184 7976 1410 1280
p 2 0 242 7918 3469 1386
p 2 0 190 7970 1553 1285
p 2 0 268 7892 3206 1404
p 2 0 211 7949 1644 1306
p 2 0 217 7943 3254 1364
p 2 0 156 8004 1506 1250
p 2 0 499 7661 4032 1637
p 2 0 541 7619 2014 1613
p 2 0 541 7619 3828 1676
p 2 0 436 7724 2233 1528
p 2 0 339 7821 3276 1470
p 2 0 179 7981 1418 1277
p 2 0 227 7933 3145 1368
p 2 0 217 7943 1619 1312
p 2 0 305 7855 3312 1439
p 2 0 172 7988 1420 1266
p 2 0 237 7923 3277 1383
p 2 0 189 7971 1596 1286
p 2 0 225 7935 3262 1376
p 2 0 154 8006 1395 1247
p 2 0 182 7978 3012 1328
p 2 0 134 8026 1390 1229
p 2 0 197 7963 3013 1341
p 2 0 144 8016 1392 1241
p 2 0 183 7977 3163 1331
p 2 0 128 8032 1420 1228
p 2 0 223 7937 3252 1369
p 2 0 131 8029 1361 1230
p 2 0 247 7913 3513 1398
p 2 0 183 7977 1602 1278
p 2 0 276 7884 3339 1413
p 2 0 272 7888 1619 1362
p 2 0 263 7897 3215 1399
p 2 0 207 7953 1490 1298
p 2 0 293 7867 3523 1440
p 2 0 190 7970 1434 1282
p 2 0 161 7999 3278 1312
p 2 0 143 8017 1373 1239
p 2 0 185 7975 3130 1332
p 2 0 141 8019 1524 1244
p 2 0 166 7994 2947 1311
p 2 0 111 8049 1321 1205
p 2 0 163 7997 3228 1314
p 2 0 147 8013 1394 1246
p 2 0 152 8008 3035 1304
p 2 0 122 8038 1515 1225
p 2 0 193 7967 3155 1341
p 2 0 164 7996 1391 1256
p 2 0 223 7937 3303 1367
p 2 0 119 8041 1332 1219
p 2 0 170 7990 2922 1315
p 2 0 116 8044 1346 1213
p 2 0 130 8030 2879 1271
p 2 0 72 8088 1255 1172
p 2 0 138 8022 3030 1291
p 2 0 71 8089 1263 1173
p 2 0 133 8027 3006 1282
p 2 0 71 8089 1266 1172
p 2 0 120 8040 2984 1274
p 2 0 93 8067 1318 1197
p 2 0 128 8032 2831 1276
p 2 0 69 8091 1252 1168
p 2 0 117 8043 2870 1264
p 2 0 69 8091 1283 1173
p 2 0 137 8023 2964 1287
i 2 8160 0 0 92478 27253
p 2 1251 5112 1797 136323 19140
p 2 1044 5321 1795 135633 18939
p 2 2149 4353 1658 136531 20888
p 2 1901 4434 1825 138784 19841
p 2 1176 4300 2684 128444 16784
p 2 1319 4171 2670 129565 16754
p 2 2184 4415 1561 156733 21003
p 2 2168 4620 1372 177223 21912
p 2 1460 5219 1481 184632 20533
p 2 1854 5143 1163 187385 21140
p 2 213 3207 4740 33946 8077
p 2 1040 5115 2005 170965 18019
p 2 149 3628 4383 34446 8562
p 2 1310 4781 2069 169481 17859
p 2 197 3165 4798 32673 7757
p 2 611 4865 2684 151594 15241
p 2 229 3486 4445 37097 8460
p 2 721 4619 2820 156255 15276
p 2 163 3357 4640 32348 7853
p 2 1173 4864 2123 168334 18444
p 2 210 3385 4565 33660 8267
p 2 673 4747 2740 152895 15003
p 2 220 3414 4526 37361 8287
p 2 745 4640 2775 156226 15323
p 2 162 3271 4727 31604 7818
p 2 1175 4843 2142 169702 18322
p 2 201 3378 4581 33650 8239
p 2 1459 4517 2184 171378 18324
p 2 214 3162 4784 34596 7866
p 2 563 4863 2734 151588 15244
p 2 168 3532 4460 34895 8314
p 2 689 4630 2841 153329 15045
p 2 199 3177 4784 31318 7565
p 2 1243 4783 2134 172012 18466
p 2 205 3377 4578 37693 8487
p 2 1422 4609 2129 170643 18285
p 2 156 3163 4841 31915 7683
p 2 1155 4864 2141 168409 18231
p 2 217 3428 4515 34229 8300
p 2 1494 4509 2157 169888 18327
p 2 206 3259 4695 35052 7939
p 2 568 4846 2746 151254 15246
p 2 160 3544 4456 34556 8216
p 2 666 4690 2804 152688 14927
p 2 189 3447 4524 35090 7966
p 2 1245 4800 2115 170780 18610
p 2 213 3437 4510 36678 8564
p 2 1440 4553 2167 170362 18298
p 2 159 3128 4873 31217 7518
p 2 563 4837 2760 148666 15079
p 2 233 3691 4236 37645 8615
p 2 740 4579 2841 155242 14954
p 2 225 3231 4704 34993 7875
p 2 170 2215 5775 31474 6398
p 2 170 2097 5893 27479 6084
p 2 617 4714 2829 149636 15295
p 2 234 3464 4462 33649 8093
p 2 533 4944 2683 153972 15168
p 2 225 3517 4418 37535 8517
p 2 604 4754 2802 152689 14893
p 2 190 3375 4595 34839 8028
p 2 676 4715 2769 155202 14983
p 2 197 3241 4722 31595 7691
p 2 1280 4742 2138 171316 18554
p 2 221 3286 4653 36177 8309
p 2 1400 4581 2179 171434 18234
p 2 159 3163 4838 31436 7723
p 2 559 4870 2731 150146 15122
p 2 230 3481 4449 34232 8240
p 2 778 4553 2829 155022 15167
p 2 224 3268 4668 33967 7954
p 2 1151 4890 2119 170557 18412
p 2 167 3636 4357 36763 8754
p 2 1397 4612 2151 168218 18116
p 2 199 3055 4906 31198 7555
p 2 1271 4732 2157 169988 18379
p 2 216 3454 4490 37116 8515
p 2 1426 4546 2188 171054 18298
p 2 160 3205 4795 32432 7716
p 2 545 4904 2711 150498 15181
p 2 235 3514 4411 35211 8205
p 2 777 4539 2844 155576 15115
p 2 216 3225 4719 34332 7831
p 2 1124 4958 2078 171984 18329
p 2 172 3557 4431 35067 8489
p 2 1341 4669 2150 168285 17965
p 2 199 3182 4779 32403 7761
p 2 629 4877 2654 151597 15247
p 2 257 4354 3549 62186 10139
p 2 724 4643 2793 157552 15341
p 2 189 3330 4641 31839 7856
p 2 136 2530 5494 29841 6543
p 2 204 2107 5849 28655 6038
p 2 260 1889 6011 29296 5976
i 2 8160 0 0 49216 25615
p 2 5070 3078 12 56645 26299
p 2 2582 5564 14 59587 22216
p 2 122 8025 13 57643 17399
p 2 44 8106 10 55753 17941
p 2 40 8109 11 58553 17942
p 2 1588 6572 0 120634 25239
p 2 2997 5163 0 118579 27470
p 2 3338 4822 0 112044 28345
p 2 202 7681 277 69179 17052
p 2 172 7865 123 69345 17755
p 2 76 8030 54 62021 16989
p 2 44 8101 15 64264 17760
p 2 27 8113 20 54205 17194
p 2 72 8066 22 57866 17303
p 2 26 8112 22 60724 17139
p 2 1557 6603 0 129813 25771
p 2 2494 5665 1 142445 27210
p 2 2876 5283 1 137894 26960
p 2 3346 4814 0 135094 27245
p 2 23 6965 1172 58958 12266
p 2 54 7196 910 62407 13446
p 2 16 7330 814 53972 13127
p 2 19 7394 747 49087 12586
p 2 189 7362 609 46558 12740
p 2 18 7284 858 46961 12142
p 2 18 7373 769 43103 11987
p 2 275 7217 668 51115 12890
p 2 28 7443 689 49200 12484
p 2 48 7345 767 52492 12779
p 2 128 7472 560 52440 13286
p 2 35 7469 656 47325 12729
p 2 56 7489 615 51592 13000
p 2 92 7529 539 48143 13134
p 2 33 7505 622 48602 12912
p 2 52 7567 541 42559 12527
p 2 143 7565 452 44209 12828
p 2 35 7562 563 46296 12844
p 2 86 7535 539 50779 13406
p 2 140 7571 449 46895 13277
p 2 27 7715 418 44479 12726
p 2 73 7658 429 48739 13182
p 2 79 7718 363 50273 13869
p 2 94 7677 389 57198 14291
p 2 80 7715 365 49354 14000
p 2 62 7725 373 48779 13858
p 2 48 7816 296 43855 13486
p 2 18 7812 330 41858 12960
p 2 39 7834 287 43188 12934
p 2 31 7841 288 41106 12727
p 2 97 7801 262 46048 12998
p 2 99 7819 242 45416 13270
p 2 106 7837 217 48284 13799
p 2 128 7804 228 53680 14210
p 2 102 7840 218 55250 14601
p 2 69 7907 184 45895 14187
p 2 48 7944 168 46066 13833
p 2 70 7900 190 44009 13584
p 2 86 7932 142 48039 14135
p 2 38 7993 129 46138 14022
p 2 41 7999 120 44101 13859
p 2 70 7979 111 40873 13170
p 2 75 7975 110 44576 13737
p 2 73 7998 89 41786 13280
p 2 60 8010 90 42816 13913
p 2 86 8010 64 42667 13526
p 2 102 7978 80 48407 14256
p 2 76 8005 79 41545 14110
p 2 156 7928 76 48332 14377
p 2 74 8003 83 44005 13942
p 2 96 7987 77 46588 14027
p 2 209 7886 65 52228 15233
p 2 108 7974 78 49724 14693
p 2 73 8002 85 44702 14472
p 2 51 8030 79 45702 14374
p 2 111 7955 94 45340 14450
p 2 36 8025 99 43731 13913
p 2 44 8023 93 42143 13867
p 2 85 7976 99 43468 13752
p 2 186 7890 84 51120 15003
p 2 74 7965 121 47969 15068
p 2 37 8028 95 42564 14214
p 2 96 7935 129 43999 13799
p 2 101 7929 130 46267 14049
p 2 157 7903 100 44102 14024
p 2 185 7846 129 52409 14707
p 2 142 7898 120 52743 15343
p 2 29 7995 136 40560 13972
p 2 118 7913 129 43785 13995
p 2 75 7963 122 36915 13125
p 2 139 7882 139 46851 13732
p 2 148 7904 108 43796 13951
p 2 80 7932 148 42763 13804
p 2 118 7898 144 39110 13578
p 2 122 7876 162 46065 14338
p 2 79 7946 135 37921 13515
p 2 192 7797 171 48327 14319
p 2 51 7973 136 33578 13191
p 2 34 7957 169 34717 12258
p 2 139 7877 144 39143 13442
p 2 150 7801 209 45409 13912
p 2 150 7869 141 40361 13888
p 2 183 7800 177 48757 14777
p 2 114 7869 177 39775 13533
p 2 71 7872 217 38696 13125
p 2 74 7891 195 34879 12735
p 2 11 7859 290 32600 12183
p 2 104 7832 224 35956 12684
p 2 138 7784 238 43423 13460
p 2 83 7853 224 33546 12746
p 2 38 7897 225 33542 12359
p 2 105 7810 245 32831 12487
p 2 65 7856 239 36750 12494
p 2 87 7776 297 34187 12627
p 2 120 7765 275 41281 13294
p 2 97 7803 260 36080 13386
p 2 68 7759 333 33947 12885
p 2 150 7530 480 36885 13232
p 2 24 7699 437 29202 12386
p 2 130 7483 547 30887 12213
p 2 71 7560 529 29620 11951
p 2 123 7376 661 32915 12275
p 2 185 7480 495 36573 12721
p 2 49 7559 552 28638 11819
p 2 96 7512 552 30815 11953
p 2 59 7528 573 33745 12339
p 2 106 7603 451 34723 12552
p 2 43 7643 474 29588 11945
p 2 72 7594 494 30312 11586
p 2 62 7505 593 28278 11365
p 2 130 7503 527 34938 12297
p 2 96 7493 571 30737 12234
p 2 88 7491 581 31896 12061
p 2 108 7458 594 33388 12443
p 2 88 7586 486 35903 13004
p 2 70 7583 507 34970 12798
p 2 128 7469 563 32865 12789
p 2 68 7500 592 31185 12212
p 2 42 7587 531 26067 11465
p 2 148 7406 606 34141 12014
p 2 94 7537 529 29867 12083
p 2 77 7436 647 30550 11701
p 2 69 7576 515 32967 12229
p 2 69 7531 560 30516 11999
p 2 65 7485 610 31040 11920
p 2 125 7430 605 33720 12213
p 2 129 7407 624 34231 12265
p 2 71 7389 700 30720 11681
p 2 54 7442 664 27706 11388
p 2 146 7328 686 36185 12321
p 2 137 7410 613 35496 12786
p 2 51 7520 589 30868 12106
p 2 102 7436 622 30464 11780
p 2 58 7470 632 29222 11454
p 2 103 7405 652 34923 11975
p 2 117 7287 756 29804 11703
p 2 182 7354 624 35744 12378
p 2 87 7407 666 30189 11965
p 2 39 7481 640 27138 11095
p 2 52 7504 604 26686 11098
p 2 67 7424 669 27721 10678
p 2 55 7400 705 26034 10588
p 2 34 7556 570 27284 10863
p 2 70 7451 639 28505 11063
p 2 94 7562 504 31262 11632
p 2 181 7214 765 32104 11524
p 2 175 7416 569 31151 11899
p 2 125 7318 717 30014 11590
p 2 90 7501 569 29108 11515
p 2 141 7343 676 28471 11470
p 2 82 7493 585 29679 11684
p 2 120 7314 726 29536 11280
p 2 108 7477 575 32492 11646
p 2 104 7457 599 29476 11709
p 2 52 7471 637 26244 11140
p 2 78 7381 701 27141 10834
p 2 124 7412 624 32346 11756
p 2 128 7437 595 31007 12095
p 2 75 7418 667 32715 12050
p 2 47 7452 661 30618 12064
p 2 56 7497 607 31237 11831
p 2 61 7410 689 27931 11491
p 2 26 7358 776 24654 10734
p 2 149 7114 897 28915 11057
p 2 351 7013 796 40175 12776
p 2 272 7177 711 32202 12138
p 2 142 7326 692 34171 11898
p 2 267 7320 573 33973 12716
p 2 44 7532 584 31251 11982
p 2 152 7479 529 34710 12334
p 2 62 7614 484 32436 12138
p 2 68 7606 486 29053 11978
p 2 38 7589 533 26684 11245
p 2 90 7507 563 28766 11261
p 2 134 7512 514 35153 12245
p 2 138 7559 463 31266 12265
p 2 96 7548 516 31590 11873
p 2 117 7525 518 31009 12081
p 2 63 7622 475 32899 12123
p 2 102 7592 466 30430 12137
p 2 99 7515 546 31651 12214
p 2 49 7607 504 27022 11495
p 2 143 7477 540 35805 11953
p 2 191 7443 526 35731 12867
p 2 76 7517 567 30065 12145
p 2 30 7573 557 30384 11924
p 2 104 7450 606 33056 11896
p 2 75 7544 541 29022 11590
p 2 126 7316 718 33739 12135
p 2 67 7451 642 30718 11679
p 2 58 7472 630 31617 11779
p 2 27 7493 640 28571 11542
p 2 47 7448 665 27128 11274
p 2 117 7391 652 33050 12020
p 2 88 7474 598 38060 12682
p 2 61 7559 540 33163 12777
p 2 50 7553 557 30457 12145
p 2 82 7355 723 29264 11664
p 2 72 7474 614 33037 11821
p 2 134 7297 729 34428 12314
p 2 163 7456 541 36335 12752
p 2 83 7475 602 31083 12063
p 2 130 7460 570 31460 12169
p 2 38 7361 761 27141 11352
p 2 17 7569 574 26013 10981
p 2 135 7440 585 33110 11705
p 2 62 7484 614 25112 10981
p 2 102 7314 744 28624 11264
p 2 114 7470 576 33520 11994
p 2 108 7353 699 30662 11750
p 2 90 7422 648 30006 11672
p 2 92 7272 796 27925 11307
p 2 155 7404 601 32747 11901
p 2 115 7328 717 31929 11906
p 2 73 7489 598 27885 11438
p 2 79 7413 668 30139 11389
p 2 99 7502 559 33136 12032
p 2 106 7366 688 29372 11657
p 2 75 7521 564 32345 12130
p 2 69 7455 636 28209 11522
p 2 61 7543 556 30704 11774
p 2 86 7453 621 30880 11931
p 2 63 7510 587 32672 11736
p 2 53 7399 708 28449 11366
p 2 68 7413 679 28614 11211
p 2 105 7412 643 30045 11599
p 2 26 7518 616 28083 11154
p 2 81 7467 612 27310 11021
p 2 60 7435 665 26742 10744
p 2 83 7581 496 30359 11673
p 2 66 7664 430 33414 11932
p 2 77 7551 532 27708 11418
p 2 84 7424 652 29966 11461
p 2 63 7388 709 27432 11135
p 2 174 7317 669 33920 11810
p 2 161 7357 642 33169 12137
p 2 58 7395 707 30899 11882
p 2 125 7366 669 33331 11791
p 2 215 7342 603 38493 12855
p 2 165 7399 596 34780 12697
p 2 88 7492 580 29961 11800
p 2 46 7373 741 27117 11213
p 2 102 7439 619 26753 10822
p 2 111 7325 724 25297 10482
p 2 69 7431 660 27442 10728
p 2 111 7385 664 28706 11033
p 2 187 7335 638 32457 11820
p 2 154 7399 607 31389 12056
p 2 67 7504 589 32419 12144
p 2 50 7578 532 29475 11895
p 2 75 7589 496 31618 11786
p 2 77 7551 532 28807 11557
p 2 56 7510 594 29795 11639
p 2 71 7445 644 30198 11668
p 2 20 7610 530 31134 11619
p 2 69 7616 475 30884 11901
p 2 41 7499 620 31029 11895
p 2 92 7544 524 30290 11848
p 2 105 7417 638 33300 11867
p 2 133 7494 533 32879 12536
p 2 29 7392 739 27781 11315
p 2 20 7529 611 26149 11046
p 2 41 7485 634 29136 11032
p 2 57 7560 543 25218 10817
p 2 85 7437 638 29344 11195
p 2 110 7408 642 33263 11931
p 2 123 7433 604 31693 12073
p 2 119 7445 596 31692 12192
p 2 74 7486 600 30871 12075
p 2 174 7361 625 36600 12719
p 2 59 7583 518 34271 12346
p 2 154 7406 600 36067 12559
p 2 118 7476 566 37053 12897
p 2 74 7456 630 31965 12495
p 2 86 7542 532 31103 11867
p 2 28 7382 750 23527 10791
p 2 74 7548 538 26737 10672
p 2 58 7414 688 26421 10746
p 2 40 7629 491 28900 11311
p 2 60 7511 589 27782 11344
p 2 122 7550 488 30950 11930
p 2 32 7568 560 26943 11204
p 2 61 7651 448 30653 11599
p 2 67 7515 578 30966 12001
p 2 106 7560 494 29635 11906
p 2 232 7372 556 35515 12606
p 2 148 7575 437 35284 12542
p 2 96 7516 548 32304 12086
p 2 81 7623 456 32418 12016
p 2 79 7466 615 31208 12091
p 2 53 7640 467 29143 11575
p 2 69 7482 609 27315 11266
p 2 54 7592 514 27149 11275
p 2 79 7429 652 30783 11537
p 2 103 7481 576 33485 12201
p 2 102 7442 616 29631 11707
p 2 72 7430 658 26801 10912
p 2 63 7468 629 26419 11014
p 2 179 7320 661 35808 12163
p 2 88 7634 438 27704 11772
p 2 67 7383 710 26265 10985
p 2 72 7535 553 27106 11263
p 2 53 7523 584 29161 11366
p 2 147 7595 418 34796 12194
p 2 59 7564 537 28026 11486
p 2 86 7557 517 28187 11408
p 2 103 7449 608 30307 11516
p 2 103 7626 431 32000 12234
p 2 102 7482 576 33532 12290
p 2 156 7584 420 32917 12545
p 2 60 7514 586 29779 11829
p 2 47 7656 457 28934 11657
p 2 126 7515 519 32767 11778
p 2 111 7517 532 27496 11370
p 2 44 7472 644 27450 10870
p 2 59 7490 611 27743 11137
p 2 103 7438 619 30482 11377
p 2 174 7361 625 28720 11559
p 2 140 7370 650 29714 11568
p 2 55 7486 619 26828 11045
p 2 120 7434 606 33054 11583
p 2 78 7384 698 28340 11341
p 2 87 7407 666 27699 11031
p 2 119 7298 743 30358 11381
p 2 79 7444 637 31017 11486
p 2 121 7273 766 29789 11375
p 2 116 7501 543 29211 11488
p 2 46 7413 701 26577 10882
p 2 107 7492 561 32208 11569
p 2 47 7452 661 27318 11127
p 2 114 7501 545 32040 11852
p 2 138 7389 633 31467 12032
p 2 162 7514 484 33590 12363
p 2 154 7347 659 32175 12094
p 2 41 7445 674 28652 11598
p 2 168 7350 642 35303 12603
p 2 86 7545 529 34546 12419
p 2 70 7387 703 31305 12039
p 2 73 7460 627 33012 12218
p 2 139 7432 589 33299 12482
p 2 71 7489 600 32452 12005
p 2 61 7552 547 31191 11955
p 2 84 7557 519 32243 12172
p 2 149 7327 684 37539 12773
p 2 37 7578 545 30434 12076
p 2 28 7435 697 24133 10815
p 2 57 7503 600 25614 10663
p 2 33 7480 647 25241 10388
p 2 45 7530 585 26961 10853
p 2 115 7301 744 29547 11316
p 2 81 7359 720 30969 11942
p 2 85 7364 711 30731 11947
p 2 61 7485 614 31904 11725
p 2 79 7434 647 27761 11140
p 2 140 7414 606 29584 11379
p 2 107 7475 578 30428 11662
p 2 131 7412 617 33420 11889
p 2 119 7491 550 30879 11803
p 2 72 7560 528 28532 11338
p 2 80 7400 680 27435 11074
p 2 62 7597 501 28406 11055
p 2 57 7411 692 25347 10746
p 2 116 7516 528 28214 11323
p 2 67 7418 675 28513 11325
p 2 118 7517 525 35100 12312
p 2 122 7486 552 30910 12246
p 2 17 7583 560 26155 11350
p 2 115 7440 605 28762 11276
p 2 79 7482 599 28093 11332
p 2 102 7467 591 28428 11375
p 2 76 7432 652 27725 11272
p 2 30 7534 596 24457 10663
p 2 54 7499 607 27930 10928
p 2 118 7449 593 27616 11141
p 2 88 7380 692 25233 10755
p 2 49 7461 650 24875 10452
p 2 133 7412 615 32471 11542
p 2 91 7497 572 28642 11469
p 2 41 7321 798 27284 10959
p 2 86 7431 643 27768 10984
p 2 154 7354 652 34819 11955
p 2 112 7460 588 27873 11650
p 2 61 7404 695 27825 11088
p 2 60 7483 617 25791 10833
p 2 55 7489 616 30371 11024
p 2 95 7522 543 29566 11420
p 2 147 7447 566 29516 11623
p 2 146 7403 611 29962 11764
p 2 147 7476 537 32590 11964
p 2 184 7418 558 37453 12653
p 2 70 7594 496 29145 11902
p 2 86 7484 590 29001 11526
p 2 80 7489 591 29243 11331
p 2 107 7465 588 32166 11831
p 2 52 7527 581 26736 11210
p 2 89 7372 699 28347 10936
p 2 52 7545 563 26932 10830
p 2 89 7392 679 29256 11091
p 2 84 7414 662 26755 10825
p 2 103 7216 841 25941 10605
p 2 76 7424 660 25260 10580
p 2 73 7208 879 27852 10531
p 2 97 7395 668 28996 11016
p 2 118 7303 739 29972 11554
p 2 141 7474 545 31464 11805
p 2 190 7332 638 34060 12363
p 2 133 7495 532 28905 12075
p 2 28 7556 576 28973 11597
p 2 158 7452 550 32672 12055
p 2 117 7401 642 32596 12005
i 2 8160 0 0 152615 31239
p 2 969 6660 531 107608 18961
p 2 621 7062 477 107058 18660
p 2 654 7006 500 113435 19198
p 2 782 6906 472 112665 19282
p 2 700 6961 499 117301 19635
p 2 854 6844 462 109450 19435
p 2 742 6932 486 115206 19560
p 2 803 6894 463 111191 19549
p 2 557 7123 480 115589 19749
p 2 572 7117 471 107574 19509
p 2 488 7183 489 110290 19322
p 2 552 7140 468 110548 19592
p 2 484 7172 504 110875 19496
p 2 411 7281 468 104453 19106
p 2 510 7186 464 106524 19313
p 2 378 7331 451 110641 19447
p 2 469 7202 489 118368 19494
p 2 457 7228 475 118525 19393
p 2 641 7019 500 118882 19712
p 2 692 7015 453 121539 20226
p 2 521 7182 457 112614 19571
p 2 709 6987 464 112023 19930
p 2 574 7105 481 118019 20144
p 2 674 7026 460 115231 19679
p 2 740 6945 475 113652 19633
p 2 716 6987 457 107668 19600
p 2 511 7178 471 111071 19388
p 2 473 7232 455 110071 19089
p 2 501 7184 475 109048 19057
p 2 427 7275 458 108052 19021
p 2 403 7278 479 111818 19040
p 2 526 7164 470 110964 19199
p 2 673 7008 479 107879 19242
p 2 543 7155 462 104642 19211
p 2 381 7306 473 110463 19377
p 2 563 7154 443 126964 20297
p 2 673 7002 485 111264 19781
p 2 590 7105 465 107827 19475
p 2 693 6990 477 132441 20541
p 2 740 6940 480 110928 19690
p 2 756 6937 467 121726 19966
p 2 648 7054 458 124295 19721
p 2 713 6965 482 110994 19227
p 2 484 7205 471 108763 18952
p 2 698 7003 459 127238 20453
p 2 517 7171 472 106725 19293
p 2 521 7142 497 112294 19304
p 2 596 7100 464 125231 19761
p 2 511 7160 489 110715 19024
p 2 535 7143 482 109659 19003
p 2 487 7173 500 133370 20088
p 2 607 7074 479 117390 19552
p 2 522 7143 495 120652 19227
p 2 492 7227 441 140246 20328
p 2 675 6983 502 115128 19732
p 2 823 6845 492 112623 20212
p 2 898 6788 474 136345 21032
p 2 996 6662 502 115429 20253
p 2 718 6958 484 119012 19636
p 2 539 7145 476 130492 19640
p 2 571 7100 489 115150 19471
p 2 673 6986 501 111628 19441
p 2 674 6977 509 129975 19727
p 2 624 7020 516 109751 19303
p 2 431 7228 501 114181 19036
p 2 600 7122 438 131586 20359
p 2 450 7235 475 113957 19080
p 2 585 7100 475 113075 18837
p 2 646 7023 491 143628 20069
p 2 686 6963 511 120284 19327
p 2 755 6932 473 127933 19886
p 2 635 7047 478 138448 19919
p 2 789 6866 505 120072 19192
p 2 748 6919 493 117137 19260
p 2 722 6957 481 141915 20126
p 2 720 6909 531 117888 19378
p 2 935 6732 493 119013 19728
p 2 836 6817 507 131334 19815
p 2 814 6852 494 116343 19404
p 2 657 7006 497 114588 19092
p 2 559 7092 509 132688 19544
p 2 536 7107 517 113461 18718
p 2 581 7078 501 116134 19199
p 2 568 7139 453 134107 20158
p 2 437 7231 492 109898 18470
p 2 491 7161 508 109628 18770
p 2 541 7131 488 134921 19832
p 2 534 7114 512 120990 19024
p 2 478 7187 495 126788 18897
p 2 668 7001 491 137667 19607
p 2 638 7027 495 127919 19416
p 2 517 7139 504 115163 18841
p 2 671 7030 459 138835 20084
p 2 784 6879 497 116850 19444
p 2 763 6891 506 123856 19262
p 2 892 6811 457 138326 20509
p 2 781 6893 486 116170 19201
p 2 479 7182 499 116225 18850
p 2 497 7168 495 134386 19502
p 2 509 7172 479 115389 18615
p 2 583 7127 450 113492 18371
p 2 402 7298 460 133729 18662
p 2 711 6959 490 117925 18552
p 2 663 7027 470 110444 18428
p 2 593 7116 451 136764 19858
p 2 397 7322 441 114503 18670
p 2 608 7087 465 110764 18424
p 2 668 7067 425 132923 19818
p 2 574 7099 487 116060 18689
p 2 755 6919 486 115407 18671
p 2 669 7022 469 136496 19621
p 2 723 6979 458 121441 18858
p 2 782 6922 456 113924 18750
p 2 691 7023 446 133423 19317
p 2 459 7206 495 116517 18320
p 2 627 7070 463 108948 18522
p 2 564 7134 462 136716 19503
p 2 548 7142 470 115761 18620
p 2 639 7047 474 114284 18476
p 2 686 7026 448 128401 19001
p 2 548 7148 464 115408 18254
p 2 515 7163 482 119116 18471
p 2 699 6966 495 140333 19378
p 2 560 7118 482 121634 18394
p 2 408 7261 491 121206 17858
p 2 740 6995 425 139689 19774
p 2 788 6908 464 119080 19393
p 2 909 6791 460 116308 19312
p 2 982 6720 458 142601 20505
p 2 679 7017 464 121248 18716
p 2 578 7119 463 122929 18629
p 2 644 7083 433 134689 19413
p 2 783 6912 465 117874 18629
p 2 667 7019 474 116388 18526
p 2 560 7110 490 136521 19015
p 2 498 7180 482 114479 18160
p 2 563 7123 474 117446 18490
p 2 522 7221 417 139738 19251
p 2 655 7026 479 121788 18728
p 2 662 7063 435 127424 18802
p 2 782 6938 440 150433 19995
p 2 748 6940 472 131416 19334
p 2 595 7092 473 128681 18607
p 2 726 6981 453 139860 19116
p 2 676 7021 463 126486 18543
p 2 515 7197 448 124989 18526
p 2 582 7078 500 142501 19111
p 2 866 6805 489 121589 19127
p 2 806 6895 459 125282 18818
p 2 790 6911 459 137789 19497
p 2 715 6960 485 124373 18940
p 2 495 7200 465 119183 18304
p 2 597 7105 458 140549 19135
p 2 574 7078 508 123041 18853
p 2 622 7043 495 119698 18609
p 2 450 7276 434 134141 19152
p 2 460 7223 477 118028 18191
p 2 522 7142 496 120485 18246
p 2 555 7101 504 145522 18895
p 2 419 7239 502 129432 18012
p 2 453 7207 500 134462 18434
p 2 555 7142 463 146143 18915
p 2 369 7311 480 127951 18257
p 2 612 7060 488 121024 18450
p 2 766 6939 455 147301 19991
p 2 860 6818 482 127328 18987
p 2 770 6911 479 126368 18927
p 2 821 6869 470 137018 19523
p 2 519 7144 497 130430 18605
p 2 452 7223 485 124125 18390
p 2 497 7183 480 138205 18850
p 2 565 7098 497 119955 18234
p 2 404 7277 479 125857 17923
p 2 800 6916 444 140999 19435
p 2 580 7076 504 119482 18264
p 2 532 7143 485 119134 18543
p 2 434 7247 479 141448 19486
p 2 552 7112 496 115514 18214
p 2 557 7085 518 118584 18178
p 2 541 7134 485 135784 18795
p 2 715 6971 474 124629 18545
p 2 719 6949 492 123847 18732
p 2 751 6891 518 141233 19153
p 2 664 7011 485 122850 18405
p 2 715 6978 467 122412 18331
p 2 531 7178 451 140539 19174
p 2 580 7089 491 121193 18450
p 2 501 7183 476 120248 18454
p 2 553 7115 492 138667 19232
p 2 518 7143 499 121006 18409
p 2 689 6968 503 123288 18259
p 2 549 7130 481 134090 18606
p 2 470 7208 482 131446 18370
p 2 699 6969 492 127830 18446
p 2 601 7095 464 152374 19486
p 2 391 7294 475 125523 17982
p 2 557 7137 466 124745 18222
p 2 897 6790 473 141932 20040
p 2 899 6789 472 129428 19434
p 2 839 6854 467 127238 18984
p 2 727 6992 441 140760 19255
p 2 634 7060 466 128907 18630
p 2 594 7100 466 132143 18949
p 2 756 6958 446 139521 19004
p 2 651 7074 435 127886 18665
p 2 504 7219 437 127061 18411
p 2 512 7215 433 143807 19293
p 2 562 7172 426 123101 18638
p 2 424 7258 478 126758 18113
p 2 554 7169 437 143501 19101
p 2 674 7042 444 137355 18944
p 2 712 7019 429 132121 18713
p 2 869 6880 411 154960 19949
p 2 560 7202 398 133386 18571
p 2 516 7198 446 136418 18258
p 2 703 7102 355 149384 19452
p 2 446 7285 429 136781 18552
p 2 558 7187 415 130418 18434
p 2 750 6994 416 152291 20022
p 2 775 6984 401 135596 19068
p 2 804 6942 414 133138 19138
p 2 742 7049 369 142521 19480
p 2 585 7174 401 130515 18449
p 2 588 7168 404 131356 18547
p 2 624 7165 371 145892 19561
p 2 604 7186 370 127793 18754
p 2 384 7373 403 127658 18379
p 2 446 7375 339 144403 19444
p 2 467 7316 377 134549 18556
p 2 454 7326 380 137828 18418
p 2 479 7304 377 162665 19344
p 2 392 7429 339 140586 18686
p 2 498 7289 373 142923 18795
p 2 381 7412 367 148670 18857
p 2 503 7255 402 136094 18780
p 2 647 7133 380 136033 18897
p 2 708 7104 348 155660 19658
p 2 763 7055 342 132629 19125
p 2 706 7105 349 134644 18887
p 2 459 7378 323 148356 19001
p 2 514 7284 362 140827 18852
p 2 428 7378 354 134101 18484
p 2 548 7265 347 148016 18978
p 2 463 7377 320 131966 18170
p 2 700 7117 343 135982 18568
p 2 598 7267 295 144458 19288
p 2 458 7370 332 131855 18716
p 2 394 7444 322 127698 18351
p 2 439 7382 339 144073 18921
p 2 517 7302 341 140378 18913
p 2 544 7292 324 129846 18735
p 2 607 7221 332 149469 19136
p 2 657 7184 319 136256 18955
p 2 695 7145 320 140976 18871
p 2 595 7268 297 154786 19477
p 2 628 7256 276 138741 18857
p 2 455 7396 309 134606 18470
p 2 609 7285 266 148711 19580
p 2 493 7338 329 137487 18842
p 2 507 7384 269 133309 18690
p 2 580 7288 292 145617 19262
p 2 657 7242 261 131722 18603
p 2 457 7396 307 136862 18566
p 2 367 7517 276 153623 18959
p 2 688 7165 307 144764 18926
p 2 473 7403 284 143404 18675
p 2 479 7380 301 158755 19358
p 2 563 7334 263 133743 18578
p 2 795 7075 290 137298 19483
p 2 812 7072 276 156270 20436
p 2 844 7011 305 143355 19358
p 2 630 7226 304 134691 18805
p 2 581 7306 273 153995 19484
p 2 624 7257 279 140217 19162
p 2 737 7116 307 143531 18965
p 2 639 7230 291 146752 19201
p 2 531 7325 304 140672 18631
p 2 497 7359 304 133529 18655
p 2 648 7210 302 156441 19992
p 2 406 7476 278 134522 18518
p 2 528 7364 268 144457 19122
p 2 666 7227 267 162517 20199
p 2 641 7207 312 148229 19205
p 2 718 7142 300 153370 19729
p 2 525 7336 299 159240 19423
p 2 515 7377 268 141683 18570
p 2 723 7142 295 142598 18848
p 2 487 7394 279 141365 18713
p 2 597 7273 290 144031 19137
p 2 645 7210 305 142634 19205
p 2 743 7104 313 144043 19338
p 2 708 7143 309 144034 19255
p 2 648 7237 275 136670 19113
p 2 483 7372 305 137678 18617
p 2 533 7326 301 139961 18680
p 2 652 7195 313 141604 19338
p 2 529 7345 286 132786 18843
p 2 404 7456 300 131737 18499
p 2 479 7403 278 134242 18643
p 2 484 7358 318 143596 18654
p 2 458 7424 278 144212 18456
p 2 459 7403 298 145923 18522
p 2 401 7461 298 148889 18677
p 2 423 7423 314 151681 18530
p 2 385 7492 283 138784 18433
p 2 504 7381 275 139620 18874
p 2 651 7239 270 140324 18947
p 2 754 7093 313 147355 19218
p 2 834 7032 294 137723 19323
p 2 671 7209 280 140712 19126
p 2 485 7389 286 142648 18805
p 2 457 7413 290 142833 18704
p 2 466 7372 322 143501 18754
p 2 478 7396 286 137828 18395
p 2 480 7384 296 138817 18329
p 2 701 7175 284 137085 18742
p 2 550 7296 314 137043 18482
p 2 472 7412 276 134084 18692
p 2 450 7425 285 134035 18413
p 2 493 7372 295 129861 18499
p 2 447 7382 331 136184 18418
p 2 507 7358 295 134874 18600
p 2 608 7261 291 141121 18780
p 2 601 7278 281 141833 18997
p 2 653 7218 289 145384 18969
p 2 625 7268 267 135933 18387
p 2 646 7244 270 139734 18664
p 2 476 7422 262 135049 18175
p 2 606 7255 299 137368 18512
p 2 504 7413 243 136142 18476
p 2 487 7397 276 140457 18640
p 2 637 7257 266 134174 18574
p 2 587 7305 268 139702 18354
i 2 8160 0 0 75004 26497
p 2 28 8040 92 50969 11524
p 2 13 8049 98 51885 12107
p 2 1 8053 106 50367 12025
p 2 4 8042 114 53373 12552
p 2 314 7745 101 85920 15792
p 2 493 7623 44 93517 16362
p 2 699 7419 42 95899 17604
p 2 758 7341 61 80431 17760
p 2 14 8028 118 42101 11159
p 2 1 8044 115 42069 11052
p 2 0 8011 149 41008 11264
p 2 0 8037 123 42866 10922
p 2 0 8014 146 44610 11411
p 2 2 7990 168 45475 11393
p 2 1 7979 180 47754 11613
p 2 1 7994 165 49822 11687
p 2 1439 6669 52 105476 20124
p 2 1211 6921 28 104471 19759
p 2 1068 7055 37 89551 19937
p 2 7 8071 82 39534 10709
p 2 0 8056 104 37625 10416
p 2 0 8069 91 40258 10557
p 2 0 8055 105 40775 10810
p 2 0 8067 93 40612 10727
p 2 0 8028 132 40993 11168
p 2 0 7995 165 43094 11243
p 2 0 8000 160 44906 11368
p 2 2 7986 172 45504 11370
p 2 0 7987 173 46703 11115
p 2 1477 6637 46 104108 20121
p 2 1392 6748 20 104670 20296
p 2 1217 6903 40 88085 20590
p 2 0 8047 113 32006 9545
p 2 0 7961 199 34623 9595
p 2 0 8038 122 31885 9458
p 2 0 8035 125 34412 9726
p 2 0 8006 154 30337 9450
p 2 0 8009 151 33687 10021
p 2 0 8023 137 31913 9686
p 2 0 8000 160 34522 10118
p 2 0 8020 140 28011 9409
p 2 0 7991 169 33980 10143
p 2 0 8013 147 28210 9469
p 2 0 8003 157 36147 10278
p 2 0 7999 161 28937 9461
p 2 0 7977 183 33907 9940
p 2 0 7956 204 30510 9510
p 2 0 7985 175 34645 10019
p 2 0 7945 215 33296 9618
p 2 0 7996 164 36030 10119
p 2 0 7988 172 29328 9480
p 2 0 7990 170 36233 10123
p 2 0 7983 177 29216 9502
p 2 0 7956 204 37902 10175
p 2 0 7961 199 29414 9516
p 2 0 7937 223 35127 10046
p 2 0 7935 225 28989 9519
p 2 0 7934 226 36060 10127
p 2 0 7944 216 29232 9511
p 2 0 7975 185 34327 9949
p 2 0 7930 230 28398 9413
p 2 0 7954 206 36553 10112
p 2 0 7954 206 29866 9552
p 2 0 7935 225 35253 9973
p 2 0 7909 251 30065 9491
p 2 0 7935 225 38247 10119
p 2 0 7939 221 31208 9545
p 2 0 7880 280 35969 9930
p 2 1 7916 243 31251 9621
p 2 0 7880 280 37405 10116
p 2 0 7908 252 30702 9527
p 2 0 7876 284 35600 10006
p 2 0 7907 253 31686 9645
p 2 0 7902 258 37869 10142
p 2 0 7923 237 31497 9605
p 2 0 7897 263 36009 10077
p 2 0 7852 308 31421 9578
p 2 0 7876 284 38636 10127
p 2 0 7904 256 31855 9670
p 2 0 7891 269 36499 10034
p 2 0 7878 282 32542 9681
p 2 0 7880 280 39005 10182
i 2 8160 0 0 296700 36981
p 2 201 7243 716 121428 13745
p 2 70 7408 682 102249 12769
p 2 25 7445 690 103902 12846
p 2 36 7442 682 82967 11869
p 2 46 7449 665 88485 12083
p 2 26 7451 683 99956 12626
p 2 19 7489 652 82167 11768
p 2 20 7511 629 86661 11902
p 2 31 7470 659 100305 12562
p 2 26 7453 681 82623 11786
p 2 17 7509 634 93399 12085
p 2 17 7502 641 82926 11790
p 2 16 7474 670 86084 11817
p 2 11 7485 664 83613 11268
p 2 18 7482 660 90472 11532
p 2 14 7501 645 82410 11296
p 2 6 7502 652 82219 11775
p 2 16 7501 643 81315 11840
p 2 10 7507 643 88248 11925
p 2 16 7516 628 82599 11824
p 2 10 7501 649 84019 11315
p 2 24 7514 622 82281 11912
p 2 25 7493 642 88347 12168
p 2 16 7533 611 81722 11940
p 2 21 7515 624 84242 11487
p 2 52 7446 662 86361 11659
p 2 19 7504 637 77123 11375
p 2 20 7471 669 82730 11860
p 2 60 7427 673 87855 12296
p 2 15 7515 630 76484 11845
p 2 19 7485 656 79441 11337
p 2 11 7502 647 90477 12469
p 2 17 7510 633 75826 11858
p 2 21 7496 643 80487 11958
p 2 10 7520 630 90132 12478
p 2 22 7519 619 77289 11868
p 2 9 7513 638 80790 11843
p 2 28 7518 614 81126 12082
p 2 9 7502 649 86433 12095
p 2 7 7502 651 83031 11986
p 2 17 7488 655 83427 11374
p 2 23 7503 634 81547 11422
p 2 18 7471 671 89533 12072
p 2 12 7505 643 81982 11330
p 2 12 7506 642 81994 11317
p 2 5 7515 640 78652 11744
p 2 11 7464 685 85057 11927
p 2 17 7450 693 81262 11342
p 2 15 7476 669 88484 11512
p 2 14 7465 681 94870 12216
p 2 12 7464 684 79074 11145
p 2 11 7439 710 84916 11782
p 2 14 7418 728 91884 11616
p 2 31 7441 688 82618 11348
p 2 16 7420 724 86747 11374
p 2 13 7425 722 95628 12399
p 2 15 7440 705 79642 11701
p 2 25 7452 683 84523 11810
p 2 17 7478 665 94212 11864
p 2 23 7528 609 82364 11441
p 2 22 7540 598 84850 11894
p 2 13 7551 596 84611 12016
p 2 22 7568 570 92541 12286
p 2 26 7568 566 85749 12088
p 2 19 7552 589 88705 11625
p 2 15 7580 565 95410 11702
p 2 23 7571 566 86933 11557
p 2 4 7590 566 89996 12079
p 2 10 7578 572 101276 11966
p 2 10 7581 569 87089 11540
p 2 13 7563 584 94666 11755
p 2 7 7579 574 84634 12022
p 2 8 7549 603 87624 12066
p 2 15 7571 574 98451 11947
p 2 9 7598 553 81802 11503
p 2 12 7594 554 90273 11575
p 2 14 7577 569 98205 12567
p 2 11 7569 580 79820 11858
p 2 15 7573 572 87179 11482
p 2 14 7547 599 97377 11968
p 2 12 7536 612 80365 11823
p 2 11 7574 575 87412 11441
p 2 23 7569 568 96017 12577
p 2 11 7574 575 79830 11793
p 2 18 7628 514 84893 12066
p 2 5 7613 542 92599 12528
p 2 17 7653 490 81039 11867
p 2 67 7629 464 87686 12187
i 2 8160 0 0 165368 32143
p 2 52 4154 3954 42384 6753
p 2 83 3985 4092 42781 6486
p 2 89 2681 5390 42287 5461
p 2 68 3229 4863 46168 5896
p 2 0 1917 6243 5798 3019
p 2 0 1362 6798 4013 2339
p 2 0 732 7428 3231 1779
p 2 0 918 7242 3452 1913
p 2 0 574 7586 3144 1641
p 2 0 829 7331 3613 1876
p 2 0 452 7708 2996 1537
p 2 77 434 7649 6672 1853
p 2 0 391 7769 2950 1489
p 2 0 459 7701 3036 1540
p 2 19 516 7625 7023 1847
p 2 0 317 7843 2821 1412
p 2 0 170 7990 2573 1290
p 2 98 263 7799 4607 1833
p 2 0 248 7912 2716 1382
p 2 0 463 7697 3137 1539
p 2 115 265 7780 7485 1877
p 2 0 376 7784 2857 1454
p 2 0 181 7979 2662 1304
p 2 23 408 7729 6658 1738
p 2 0 227 7933 2698 1346
p 2 0 219 7941 2611 1320
p 2 20 265 7875 6669 1608
p 2 0 288 7872 2765 1399
p 2 0 263 7897 2740 1372
p 2 98 236 7826 4578 1806
p 2 0 182 7978 2606 1316
p 2 0 236 7924 2738 1358
p 2 115 328 7717 7585 1932
p 2 0 355 7805 2760 1440
p 2 0 249 7911 2590 1338
p 2 23 238 7899 6405 1593
p 2 0 219 7941 2643 1332
p 2 0 190 7970 2535 1299
p 2 19 240 7901 6377 1573
p 2 0 163 7997 2614 1289
p 2 0 112 8048 2482 1231
p 2 23 172 7965 6282 1533
p 2 0 107 8053 2538 1239
p 2 0 118 8042 2429 1236
p 2 59 137 7964 3744 1580
p 2 0 112 8048 2534 1276
p 2 0 92 8068 2375 1223
p 2 77 121 7962 6274 1599
p 2 0 105 8055 2474 1230
p 2 0 98 8062 2477 1221
p 2 20 152 7988 6516 1505
p 2 0 111 8049 2469 1243
p 2 0 78 8082 2447 1205
p 2 98 216 7846 4590 1789
p 2 0 144 8016 2482 1287
p 2 0 105 8055 2487 1225
p 2 114 98 7948 7023 1711
p 2 0 91 8069 2471 1218
p 2 0 72 8088 2427 1199
p 2 22 166 7972 6206 1533
p 2 0 109 8051 2590 1246
p 2 0 88 8072 2384 1214
p 2 20 148 7992 6511 1499
p 2 0 140 8020 2481 1264
p 2 0 68 8092 2428 1196
p 2 0 80 8080 2447 1203
p 2 0 58 8102 2339 1184
p 2 0 65 8095 2356 1191
p 2 0 42 8118 2353 1169
p 2 0 40 8120 2373 1167
p 2 0 37 8123 2393 1169
p 2 22 143 7995 6155 1506
p 2 0 104 8056 2487 1236
p 2 59 110 7991 3564 1541
p 2 0 101 8059 2504 1250
p 2 0 61 8099 2425 1193
p 2 0 67 8093 2347 1195
p 2 0 51 8109 2359 1181
p 2 0 57 8103 2321 1181
p 2 0 44 8116 2324 1170
p 2 0 48 8112 2422 1177
p 2 0 39 8121 2337 1169
i 2 8160 0 0 186274 32127
p 2 11 3979 4170 20988 6760
p 2 1519 5427 1214 167025 19720
p 2 306 5051 2803 33515 10226
p 2 797 6284 1079 143927 17722
p 2 358 5438 2364 36585 10824
p 2 499 6621 1040 142184 16339
p 2 133 5631 2396 32054 9710
p 2 33 5349 2778 29942 9123
p 2 83 4843 3234 27062 8382
p 2 222 4586 3352 30785 9159
p 2 520 4084 3556 28932 9188
p 2 597 4090 3473 30906 9371
p 2 610 3606 3944 27488 8728
p 2 448 3771 3941 28089 8343
p 2 405 3544 4211 24538 7923
p 2 26 3824 4310 18757 6399
p 2 7 3449 4704 14522 5632
p 2 9 3324 4827 14708 5424
p 2 5 3105 5050 11955 5022
p 2 1103 5465 1592 151025 16751
p 2 0 4834 3326 15470 7009
p 2 1406 5243 1511 178857 18312
p 2 7 4784 3369 17417 7048
p 2 1492 5347 1321 181990 19023
p 2 3 5129 3028 17726 7597
p 2 769 5849 1542 146227 15366
p 2 4 5207 2949 17652 7606
p 2 713 5906 1541 143364 15125
p 2 0 5426 2734 18906 7844
p 2 176 4540 3444 35123 7919
p 2 0 4365 3795 14020 6217
p 2 149 4544 3467 32722 7696
p 2 0 4599 3561 15670 6538
p 2 168 4220 3772 33905 7429
p 2 8 3941 4211 15193 5928
p 2 77 4211 3872 33375 7226
p 2 6 3756 4398 16110 5836
p 2 81 3636 4443 32361 6629
p 2 16 3540 4604 15567 5688
p 2 184 3706 4270 33913 7167
p 2 5 3511 4644 13552 5509
p 2 162 3686 4312 31829 6911
p 2 277 3454 4429 17361 6885
p 2 737 3297 4126 40466 9515
p 2 667 3265 4228 26639 9095
p 2 654 3564 3942 45629 10142
i 2 8160 0 0 174515 30656
p 2 1 2493 5666 8193 3730
p 2 5 2271 5884 7479 3476
p 2 57 1826 6277 42340 4494
p 2 2 1445 6713 6785 2768
p 2 0 969 7191 5658 2256
p 2 84 1407 6669 41370 4188
p 2 3 1053 7104 6166 2460
p 2 1 853 7306 5576 2196
p 2 215 1495 6450 56574 5163
p 2 1 1114 7045 6224 2495
p 2 1 810 7349 5223 2142
p 2 180 1537 6443 59094 5111
p 2 2 1437 6721 7049 2807
p 2 1 782 7377 5298 2146
p 2 169 1258 6733 61013 4937
p 2 0 1159 7001 6278 2581
p 2 0 897 7263 5263 2257
p 2 1 1049 7110 5729 2365
p 2 0 767 7393 4805 2074
p 2 0 734 7426 5011 2050
p 2 0 794 7366 5892 2104
p 2 0 897 7263 5140 2194
p 2 0 1023 7137 5545 2327
p 2 0 1097 7063 5847 2424
p 2 1 997 7162 4779 2270
p 2 0 879 7281 4820 2146
p 2 0 1062 7098 5861 2353
p 2 1 942 7217 5012 2216
p 2 2 696 7462 4663 1970
p 2 2 719 7439 4709 1990
p 2 1 780 7379 5307 2036
p 2 2 880 7278 5675 2148
p 2 2 667 7491 5081 1967
p 2 1 648 7511 5301 1956
p 2 0 713 7447 5369 2019
p 2 3 845 7312 5748 2154
p 2 2 723 7435 5340 2047
p 2 3 725 7432 5029 2028
p 2 3 796 7361 5655 2125
p 2 0 916 7244 5507 2231
p 2 2 752 7406 4837 2035
p 2 2 768 7390 5126 2050
p 2 0 825 7335 5085 2124
p 2 0 979 7181 5131 2256
p 2 0 778 7382 5002 2069
p 2 0 734 7426 4357 2031
p 2 2 877 7281 4521 2155
p 2 0 1180 6980 5138 2435
p 2 0 988 7172 4231 2225
p 2 0 932 7228 4081 2160
p 2 46 1002 7112 7842 2494
p 2 0 766 7394 3591 1959
p 2 0 598 7562 3140 1779
p 2 117 622 7421 12523 2515
p 2 0 508 7652 3148 1686
p 2 1 518 7641 3199 1693
p 2 178 638 7344 18552 2952
p 2 2 497 7661 2786 1648
p 2 0 312 7848 2416 1455
p 2 255 743 7162 23131 3508
p 2 2 726 7432 3332 1868
p 2 1 637 7522 2774 1747
p 2 265 901 6994 20187 3678
p 2 0 699 7461 2537 1818
p 2 0 367 7793 1701 1473
p 2 264 562 7334 19958 3418
p 2 0 419 7741 1889 1555
p 2 0 518 7642 1817 1584
p 2 322 722 7116 20626 3828
p 2 0 586 7574 2070 1699
p 2 0 526 7634 1937 1608
p 2 285 1657 6218 21011 4617
p 2 0 1286 6874 3290 2416
p 2 0 831 7329 2255 1900
p 2 0 598 7562 2050 1677
p 2 0 471 7689 1764 1547
p 2 0 301 7859 1478 1382
p 2 0 278 7882 1516 1364
p 2 0 217 7943 1490 1312
p 2 0 273 7887 1628 1361
p 2 0 243 7917 1626 1334
p 2 0 163 7997 1359 1256
p 2 0 131 8029 1289 1225
p 2 0 168 7992 1474 1264
p 2 0 133 8027 1278 1225
p 2 0 90 8070 1279 1188
p 2 0 94 8066 1312 1193
p 2 0 77 8083 1225 1177
p 2 0 76 8084 1237 1174
p 2 0 72 8088 1229 1169
p 2 0 73 8087 1270 1169
p 2 0 69 8091 1204 1166
p 2 0 71 8089 1190 1170
p 2 0 37 8123 1144 1135
p 2 0 41 8119 1159 1142
p 2 0 48 8112 1168 1147
p 2 0 404 7756 1843 1488
p 2 0 155 8005 1291 1247
p 2 0 387 7773 1957 1475
p 2 0 282 7878 1562 1372
p 2 0 202 7958 1364 1294
p 2 0 125 8035 1665 1231
p 2 0 123 8037 1289 1220
p 2 0 154 8006 1317 1241
p 2 0 114 8046 1616 1217
p 2 0 76 8084 1210 1173
p 2 0 68 8092 1219 1168
p 2 1 111 8048 1596 1225
p 2 0 60 8100 1182 1160
p 2 0 37 8123 1178 1138
p 2 0 50 8110 1706 1161
p 2 0 56 8104 1189 1156
p 2 0 62 8098 1179 1158
p 2 0 42 8118 1479 1153
p 2 0 26 8134 1155 1127
p 2 0 47 8113 1176 1147
p 2 0 70 8090 1592 1180
p 2 0 59 8101 1198 1160
p 2 0 56 8104 1173 1157
p 2 1 38 8121 1461 1156
p 2 0 60 8100 1212 1160
p 2 0 74 8086 1224 1173
p 2 0 112 8048 1762 1217
p 2 0 84 8076 1228 1184
p 2 0 47 8113 1182 1148
p 2 0 62 8098 1517 1171
p 2 0 49 8111 1174 1149
p 2 0 49 8111 1162 1148
p 2 0 34 8126 1491 1146
p 2 0 39 8121 1154 1140
p 2 0 44 8116 1158 1144
p 2 0 24 8136 1444 1136
p 2 0 29 8131 1142 1131
p 2 0 36 8124 1153 1139
p 2 0 37 8123 1423 1154
p 2 0 23 8137 1137 1123
p 2 0 24 8136 1131 1125
p 2 0 41 8119 1537 1153
p 2 0 42 8118 1185 1142
p 2 0 33 8127 1145 1134
p 2 0 33 8127 1512 1145
p 2 0 30 8130 1166 1132
p 2 0 112 8048 1252 1209
p 2 1 76 8083 1515 1196
p 2 0 93 8067 1228 1188
p 2 0 105 8055 1255 1199
p 2 0 88 8072 1724 1194
p 2 0 54 8106 1184 1152
p 2 0 34 8126 1148 1135
p 2 0 43 8117 1481 1152
p 2 0 36 8124 1150 1135
p 2 0 13 8147 1122 1116
p 2 0 11 8149 1452 1122
p 2 0 20 8140 1142 1121
p 2 0 16 8144 1131 1119
p 2 0 6 8154 1110 1108
p 2 0 5 8155 1109 1108
p 2 0 8 8152 1113 1111
p 2 0 3 8157 1106 1106
p 2 0 10 8150 1112 1112
p 2 0 14 8146 1116 1115
p 2 0 15 8145 1438 1126
p 2 0 14 8146 1127 1117
p 2 0 17 8143 1376 1131
p 2 0 7 8153 1111 1108
p 2 0 10 8150 1115 1112
i 2 8160 0 0 264391 38532
p 2 383 4988 2789 71646 12144
p 2 325 5051 2784 67859 11812
p 2 302 4828 3030 72602 11473
p 2 255 4923 2982 60820 10939
p 2 206 4712 3242 58558 10273
p 2 498 5359 2303 123295 13391
p 2 169 4830 3161 45190 9302
p 2 127 4810 3223 42271 8962
p 2 348 5192 2620 114843 12148
p 2 173 5062 2925 43937 9412
p 2 240 4223 3697 44438 8755
p 2 541 5087 2532 136524 13648
p 2 214 4963 2983 51227 10009
p 2 203 5054 2903 55233 10121
p 2 189 4449 3522 62488 9628
p 2 153 4915 3092 58611 9928
p 2 181 4805 3174 58100 9902
p 2 247 4709 3204 68486 10158
p 2 183 3772 4205 52817 8325
p 2 219 4173 3768 66423 8964
p 2 133 4154 3873 55163 8218
p 2 264 4416 3480 61680 9284
p 2 204 3368 4588 33885 7160
p 2 213 4069 3878 43612 8049
p 2 4 4221 3935 27122 6775
p 2 58 3751 4351 31550 6589
p 2 7 2791 5362 18625 5062
p 2 57 2814 5289 29620 5535
p 2 5 2808 5347 17734 4992
p 2 58 2933 5169 31085 5700
p 2 0 2680 5480 17762 4849
p 2 212 2864 5084 34311 6527
p 2 301 2967 4892 28019 6845
p 2 484 2979 4697 42714 7993
p 2 489 2959 4712 45208 8130
p 2 557 3176 4427 69056 9426
p 2 516 3647 3997 68313 10059
p 2 574 3901 3685 80796 11259
p 2 412 4037 3711 72634 11029
p 2 469 4414 3277 90576 12216
p 2 366 4755 3039 84984 12182
p 2 423 4926 2811 96844 12868
p 2 331 4962 2867 88726 12470
p 2 378 5148 2634 99535 13281
p 2 270 5395 2495 91791 13052
p 2 310 5407 2443 96997 13415
p 2 178 5535 2447 85304 13064
p 2 232 5671 2257 91136 13626
p 2 131 5830 2199 83204 13173
p 2 168 5864 2128 86294 13438
p 2 146 5908 2106 80699 13289
p 2 282 5998 1880 94225 14179
p 2 287 6019 1854 88498 14188
p 2 347 6050 1763 97850 14527
p 2 308 5738 2114 82755 13563
p 2 393 5676 2091 94706 13810
p 2 372 5685 2103 88186 13627
p 2 395 5622 2143 94654 13748
p 2 361 5302 2497 86646 12713
p 2 355 5429 2376 107143 13390
p 2 248 5373 2539 97435 12588
p 2 396 5709 2055 100982 13575
p 2 357 5770 2033 85177 13185
p 2 464 5817 1879 96219 13996
p 2 397 5799 1964 84683 13516
p 2 481 5861 1818 94331 14237
p 2 331 5982 1847 83315 13544
p 2 309 6078 1773 85126 13732
p 2 415 6814 931 156732 16896
p 2 179 6573 1408 81407 13990
p 2 227 6254 1679 80975 13676
p 2 316 6872 972 146055 16291
p 2 281 6496 1383 84009 14179
p 2 301 6146 1713 85121 13780
p 2 423 6562 1175 145572 16175
p 2 413 5997 1750 92510 14084
p 2 466 5367 2327 91224 13518
p 2 465 6234 1461 145994 15726
p 2 443 5886 1831 87010 13683
p 2 414 5205 2541 77946 12584
p 2 448 4889 2823 73577 12127
p 2 402 4750 3008 69655 11524
p 2 324 4897 2939 66713 10892
p 2 239 4322 3599 62131 9584
p 2 187 4316 3657 59705 9033
p 2 219 4239 3702 48478 8617
p 2 233 3783 4144 35296 7793
p 2 144 3370 4646 29280 6722
p 2 5 3346 4809 20926 5693
p 2 7 3260 4893 20675 5586
p 2 2 2942 5216 16701 5014
p 2 168 2680 5312 20486 5631
p 2 318 2815 5027 25762 6646
p 2 392 2911 4857 34529 7392
i 2 8160 0 0 231476 34377
p 2 134 6103 1923 92143 12802
p 2 69 6256 1835 84024 12254
p 2 48 6455 1657 69200 11812
p 2 13 6464 1683 73682 11792
p 2 23 6478 1659 65104 11720
p 2 18 6423 1719 71162 11720
p 2 15 6453 1692 59302 11325
p 2 5 6406 1749 60780 11332
p 2 9 6391 1760 56910 11350
p 2 10 6304 1846 65165 11288
p 2 5 6361 1794 55620 10972
p 2 5 6172 1983 58048 10998
p 2 12 6278 1870 53541 11007
p 2 8 6130 2022 60751 10966
p 2 11 6256 1893 53247 10977
p 2 21 6186 1953 52402 10881
p 2 19 6220 1921 55432 10895
p 2 11 6243 1906 49545 10608
p 2 1 6220 1939 57934 10907
p 2 3 6186 1971 48980 10642
p 2 6 6192 1962 52711 10674
p 2 8 6085 2067 57329 10703
p 2 5 6142 2013 47993 10524
p 2 5 6047 2108 50085 10452
p 2 6 6099 2055 46721 10434
p 2 5 5994 2161 53480 10430
p 2 5 5974 2181 45438 10264
p 2 6 5964 2190 48553 10259
p 2 4 5882 2274 44361 9979
p 2 5 5793 2362 49601 10019
p 2 8 5757 2395 41600 9678
p 2 3 5729 2428 42965 9663
p 2 3 5705 2452 39675 9398
p 2 1 5600 2559 44484 9429
i 2 8160 0 0 111852 29577
p 2 0 1106 7054 2529 2177
p 2 0 1117 7043 2334 2146
p 2 0 573 7587 1795 1641
p 2 0 579 7581 1729 1630
p 2 0 190 7970 1297 1273
p 2 0 334 7826 1437 1397
p 2 0 138 8022 1243 1225
p 2 0 120 8040 1223 1208
p 2 0 64 8096 1169 1160
p 2 0 52 8108 1152 1149
p 2 0 21 8139 1127 1123
p 2 0 56 8104 1174 1155
p 2 0 26 8134 1137 1127
p 2 0 33 8127 1148 1136
p 2 0 34 8126 1154 1136
p 2 0 31 8129 1141 1133
p 2 0 11 8149 1120 1114
p 2 0 25 8135 1143 1128
p 2 0 8 8152 1114 1111
p 2 0 25 8135 1145 1127
p 2 0 12 8148 1122 1115
p 2 0 50 8110 1217 1156
p 2 0 30 8130 1159 1134
p 2 0 23 8137 1124 1123
p 2 0 12 8148 1113 1112
p 2 0 11 8149 1117 1113
p 2 0 26 8134 1133 1125
p 2 0 12 8148 1118 1113
p 2 0 7 8153 1111 1110
p 2 0 11 8149 1115 1114
p 2 0 6 8154 1110 1109
p 2 0 7 8153 1112 1110
p 2 0 10 8150 1118 1113
p 2 0 4 8156 1109 1107
p 2 0 16 8144 1125 1118
p 2 0 6 8154 1117 1110
p 2 0 6 8154 1110 1108
p 2 0 7 8153 1111 1109
p 2 0 7 8153 1111 1110
p 2 0 5 8155 1109 1107
p 2 0 2 8158 1104 1104
p 2 0 1 8159 1103 1103
p 2 0 2 8158 1104 1104
p 2 0 2 8158 1108 1105
p 2 0 7 8153 1108 1108
p 2 0 2 8158 1105 1104
p 2 0 1 8159 1104 1104
p 2 0 0 8160 1102 1102
p 2 0 0 8160 1102 1102
p 2 0 0 8160 1102 1102
p 2 0 0 8160 1102 1102
p 2 0 0 8160 1102 1102
i 2 8160 0 0 256693 39176
p 2 184 6100 1876 83813 11732
p 2 225 6058 1877 74838 11607
p 2 254 5912 1994 71022 11770
p 2 309 6103 1748 85585 12955
p 2 393 6023 1744 73136 12690
p 2 635 5971 1554 166318 16807
p 2 318 5570 2272 67950 12791
p 2 309 5235 2616 70005 12481
p 2 346 6232 1582 152888 16219
p 2 221 5548 2391 67061 12777
p 2 180 4977 3003 57652 11676
p 2 232 6167 1761 142845 15541
p 2 79 5774 2307 50838 11962
p 2 70 4992 3098 50182 10797
p 2 142 6171 1847 137208 14703
p 2 220 6075 1865 86069 13579
p 2 346 6153 1661 90887 13935
p 2 301 6170 1689 84623 13708
p 2 199 6232 1729 80957 13435
p 2 138 5998 2024 79592 12770
p 2 279 5954 1927 137703 14435
p 2 105 5482 2573 44396 10572
p 2 201 4945 3014 47333 10393
p 2 516 5743 1901 157486 15507
p 2 277 5269 2614 77741 12106
p 2 214 4685 3261 60485 10402
p 2 468 6056 1636 154193 15613
p 2 318 5445 2397 58385 11794
p 2 494 4966 2700 55445 11718
p 2 996 5941 1223 168112 18268
p 2 465 6418 1277 94809 15123
p 2 478 6399 1283 101936 15230
p 2 286 6580 1294 94174 14653
p 2 202 6547 1411 73234 13313
p 2 164 6404 1592 83088 13440
p 2 332 6348 1480 141790 15415
p 2 153 5695 2312 50059 11491
p 2 190 4971 2999 47956 10354
p 2 519 5998 1643 149803 15493
p 2 249 5630 2281 57563 11554
p 2 302 4929 2929 57119 10515
p 2 493 6110 1557 146792 15260
p 2 225 5391 2544 51805 10920
p 2 288 4731 3141 48630 10280
p 2 474 5781 1905 142616 14906
p 2 288 6023 1849 83898 12918
p 2 272 5827 2061 100005 12386
p 2 193 5951 2016 89369 12188
p 2 109 5932 2119 72499 10909
p 2 52 5876 2232 62246 10290
p 2 181 5226 2753 113212 11353
p 2 1 4845 3314 23571 7753
p 2 0 4559 3601 23087 7163
p 2 312 5452 2396 117516 12092
p 2 0 4464 3696 19382 6969
p 2 0 4146 4014 16840 6233
p 2 305 5495 2360 123671 12299
p 2 0 4693 3467 22058 7468
p 2 1 4126 4033 20508 6630
p 2 470 5285 2405 146039 13554
p 2 169 5772 2219 79135 11421
p 2 281 5667 2212 116576 12405
p 2 250 5827 2083 85545 12401
p 2 292 5885 1983 72807 12314
p 2 385 5818 1957 71879 12442
p 2 611 5619 1930 140250 15398
p 2 323 5047 2790 42698 11071
p 2 224 4730 3206 42635 10445
p 2 283 5938 1939 128136 14357
p 2 155 5211 2794 40748 10459
p 2 106 4622 3432 36001 9387
p 2 188 5742 2230 121366 13268
p 2 61 4939 3160 32219 9240
p 2 77 4056 4027 31043 8183
p 2 189 5108 2863 117488 12138
p 2 181 4595 3384 42163 9752
p 2 293 3912 3955 41415 9201
p 2 1122 4719 2319 184078 17746
p 2 206 4531 3423 45290 10221
p 2 299 4326 3535 48295 10133
p 2 1894 4486 1780 191671 21198
p 2 336 4635 3189 58536 11721
p 2 425 4489 3246 68367 12186
p 2 2443 4824 893 262360 26475
p 2 434 5379 2347 89131 14154
p 2 510 5109 2541 78556 13689
p 2 2622 4997 541 226632 26040
p 2 427 5309 2424 70266 13375
p 2 470 4715 2975 62064 12372
p 2 870 6071 1219 191190 18669
p 2 223 5436 2501 57610 11466
p 2 177 4793 3190 51060 10053
p 2 172 4493 3495 45410 9336
p 2 179 4994 2987 45017 9862
p 2 240 4475 3445 43486 9232
p 2 262 4521 3377 43328 9431
p 2 270 4428 3462 43310 9406
p 2 289 4645 3226 52444 10160
p 2 353 4189 3618 53993 10009
p 2 402 4361 3397 59216 10665
p 2 439 4331 3390 60535 10705
p 2 456 4563 3141 67055 11290
p 2 433 3792 3935 64161 10231
p 2 329 4101 3730 63698 9925
p 2 312 4049 3799 66114 9707
p 2 350 4420 3390 67800 10099
p 2 327 3571 4262 65743 9030
p 2 246 4266 3648 67350 9360
p 2 246 4274 3640 60873 9223
p 2 221 3749 4190 46696 8226
p 2 230 3179 4751 45888 7692
p 2 222 3306 4632 44918 7730
p 2 212 3353 4595 45357 7831
p 2 215 3465 4480 46206 7980
p 2 194 3050 4916 45101 7430
p 2 191 3180 4789 45352 7546
p 2 191 3363 4606 44928 7809
p 2 157 3334 4669 42856 7533
p 2 137 2897 5126 40993 6881
p 2 142 3112 4906 42813 7120
p 2 220 3421 4519 54829 8091
p 2 330 3260 4570 50993 8264
p 2 424 3198 4538 56910 9003
p 2 348 3552 4260 59260 9343
p 2 430 3708 4022 64047 10068
p 2 753 5082 2325 160975 15766
p 2 335 5045 2780 72704 12024
p 2 276 4468 3416 69317 11085
p 2 496 5856 1808 167737 16188
p 2 272 5539 2349 65425 12065
p 2 245 5141 2774 59515 11372
p 2 384 5917 1859 141895 15000
p 2 125 5725 2310 54825 11572
p 2 93 5134 2933 49813 10394
p 2 184 6116 1860 133021 14220
p 2 178 5717 2265 54230 11432
p 2 249 5461 2450 58295 11683
p 2 390 6136 1634 138214 14894
p 2 278 5792 2090 61054 12297
p 2 262 4927 2971 53683 10916
p 2 363 6030 1767 138208 14554
p 2 116 5714 2330 50544 10947
p 2 170 5149 2841 48753 10299
p 2 318 6095 1747 137253 14365
p 2 178 5801 2181 76040 11999
p 2 219 5226 2715 66022 11086
p 2 404 6213 1543 151075 15393
p 2 131 5795 2234 57288 11338
p 2 395 4894 2871 54570 11158
p 2 863 5499 1798 148775 16526
p 2 414 5371 2375 61114 12491
p 2 414 4947 2799 58741 11548
p 2 540 5757 1863 140772 15122
p 2 165 5395 2600 50175 10706
p 2 144 4566 3450 41770 9362
p 2 437 5593 2130 133759 14136
p 2 155 5160 2845 47288 10014
p 2 175 4761 3224 48011 9742
p 2 504 5260 2396 143502 14261
p 2 224 5306 2630 55701 10859
p 2 303 4798 3059 57566 10284
p 2 582 5471 2107 144419 14750
p 2 293 4609 3258 49766 10008
p 2 371 4073 3716 46131 9387
p 2 385 5237 2538 127855 12986
p 2 181 5045 2934 49623 9540
p 2 219 4023 3918 45923 8215
p 2 270 5165 2725 134873 12086
p 2 95 4722 3343 53115 8523
p 2 59 4395 3706 41687 7521
p 2 3 3417 4740 23653 5691
p 2 2 3630 4528 23275 5887
p 2 2 3663 4495 24640 6019
p 2 2 3566 4592 23317 5888
p 2 4 3079 5077 23359 5397
p 2 7 3166 4987 23318 5534
p 2 3 3316 4841 24146 5758
p 2 7 2985 5168 21600 5266
p 2 3 2815 5342 21811 5108
p 2 1857 4092 2211 175349 18530
p 2 92 4292 3776 42319 7917
p 2 208 3816 4136 39718 7719
p 2 1802 4332 2026 176747 19183
p 2 206 4597 3357 42879 9319
p 2 269 4341 3550 42646 9385
p 2 1280 5170 1710 176873 18855
p 2 189 5049 2922 48364 10804
p 2 178 4451 3531 44040 9874
p 2 992 5403 1765 176565 18179
p 2 131 5228 2801 40634 10352
p 2 96 4711 3353 37070 9621
p 2 265 5686 2209 139716 14004
p 2 33 4864 3263 25627 8681
p 2 52 3545 4563 20961 6902
p 2 167 4336 3657 42690 8431
p 2 179 4162 3819 30712 8150
p 2 306 4423 3431 33550 8737
p 2 353 4420 3387 53805 9702
p 2 282 4606 3272 44443 9854
p 2 312 4587 3261 48109 10201
p 2 357 4860 2943 68488 11282
p 2 273 4766 3121 55496 10858
p 2 277 4964 2919 61836 11177
p 2 322 5272 2566 89061 12532
p 2 295 5219 2646 85195 12421
p 2 334 4998 2828 72921 12117
p 2 470 5094 2596 79469 12711
p 2 427 4874 2859 61972 11820
p 2 506 4752 2902 55785 11505
p 2 573 4525 3062 63978 11572
p 2 427 4302 3431 48362 10032
p 2 326 4357 3477 40537 9134
p 2 278 4478 3404 54970 9416
p 2 79 4598 3483 31127 7926
p 2 49 3931 4180 27163 6927
p 2 133 4217 3810 42714 8151
p 2 122 4162 3876 29008 7708
p 2 148 4013 3999 31055 7860
p 2 985 4868 2307 146928 15792
p 2 331 4776 3053 39022 9958
p 2 426 4088 3646 39974 9337
p 2 784 5093 2283 157056 15310
p 2 264 4657 3239 45425 9825
p 2 232 4153 3775 41975 8558
p 2 178 4582 3400 45983 8844
p 2 196 3739 4225 40494 7564
p 2 145 4199 3816 42904 7787
p 2 76 4330 3754 47369 7626
p 2 45 4044 4071 35663 6683
p 2 5 3028 5127 16267 4893
p 2 2 2391 5767 12369 4147
p 2 0 3134 5026 15617 5028
p 2 0 3377 4783 17696 5341
p 2 3 3581 4576 18859 5602
p 2 0 3047 5113 17491 4961
p 2 0 3526 4634 20547 5660
p 2 1 3305 4854 18292 5307
p 2 1 3695 4464 22012 5908
p 2 77 3591 4492 35133 6468
p 2 194 3290 4676 40357 7012
p 2 277 3230 4653 38874 7439
p 2 264 3714 4182 43734 8312
p 2 324 3796 4040 44626 8821
p 2 446 3758 3956 52083 9748
p 2 418 3977 3765 59985 10393
p 2 374 4314 3472 70313 11115
p 2 349 4362 3449 67335 11109
p 2 284 4467 3409 71604 11151
p 2 1997 5185 978 209811 22817
p 2 182 7069 909 106618 15088
p 2 201 6211 1748 55991 12225
p 2 2131 5365 664 185797 22775
p 2 163 5625 2372 48978 11361
p 2 226 5143 2791 50415 10982
p 2 1261 5917 982 169545 19797
p 2 301 5825 2034 61363 12920
p 2 324 5496 2340 59718 12494
p 2 518 6345 1297 153892 16618
p 2 232 6034 1894 55926 12189
p 2 178 5633 2349 54684 11384
p 2 155 5369 2636 48561 10751
p 2 159 5312 2689 53625 10779
p 2 189 5318 2653 67668 11050
p 2 965 6228 967 184394 18561
p 2 90 6256 1814 55937 11644
p 2 93 5735 2332 53595 10874
i 2 8160 0 0 215586 35607
p 2 506 4082 3572 49516 10644
p 2 569 4119 3472 54758 11257
p 2 2186 4614 1360 192548 22404
p 2 279 5119 2762 54281 11345
p 2 267 4735 3158 52269 10614
p 2 1302 5446 1412 172060 19235
p 2 179 5209 2772 49081 11046
p 2 251 5136 2773 47300 10800
p 2 283 4767 3110 50096 10608
p 2 1028 5613 1519 169155 18088
p 2 320 5350 2490 65421 12272
p 2 430 4631 3099 64645 11684
p 2 2098 4654 1408 207843 22175
p 2 295 4849 3016 69073 11426
p 2 458 4234 3468 63314 10848
p 2 1934 5002 1224 204467 22006
p 2 247 4951 2962 62638 10940
p 2 312 4251 3597 58802 9898
p 2 1048 5054 2058 189740 17867
p 2 166 4898 3096 68801 10269
p 2 144 4320 3696 54526 8930
p 2 89 4239 3832 37626 7811
p 2 836 4646 2678 148072 14473
p 2 56 4749 3355 35767 8252
p 2 86 4401 3673 38368 7957
p 2 1902 4393 1865 176962 19085
p 2 55 4086 4019 30760 7201
p 2 63 4470 3627 34567 7822
p 2 1817 4197 2146 171352 18610
p 2 44 3881 4235 29319 7024
p 2 66 3809 4285 30372 6936
p 2 1139 4393 2628 157489 15935
p 2 55 4447 3658 33123 8137
p 2 97 3855 4208 34655 7514
p 2 937 4725 2498 163578 15705
p 2 261 4696 3203 55245 10168
p 2 312 4462 3386 54989 9965
p 2 2175 4336 1649 197884 21530
p 2 317 4368 3475 52900 10132
p 2 367 4099 3694 50997 10210
p 2 1870 4873 1417 193843 21472
p 2 224 4777 3159 51763 10755
p 2 188 4855 3117 51418 10691
i 2 8160 0 0 219647 37286
p 2 4587 3573 0 175610 30107
p 2 4490 3670 0 177181 30172
p 2 4497 3663 0 174280 30233
p 2 4706 3454 0 163734 30454
p 2 4850 3310 0 157079 30622
p 2 4898 3262 0 146621 30681
p 2 5103 3057 0 137677 31049
p 2 5293 2867 0 124757 31008
p 2 5715 2445 0 111091 31444
p 2 5938 2222 0 90502 30878
p 2 6145 2015 0 70086 29372
i 2 8160 0 0 143613 31782
p 2 0 4032 4128 6124 4921
p 2 0 3851 4309 4815 4544
p 2 0 2907 5253 4984 3804
p 2 0 2460 5700 4028 3355
p 2 0 2171 5989 4719 3188
p 2 0 2629 5531 4668 3567
p 2 0 2707 5453 5443 3696
p 2 0 2000 6160 3953 3027
p 2 0 1407 6753 2534 2337
p 2 0 1985 6175 4705 3060
p 2 0 2136 6024 5577 3277
p 2 0 2311 5849 5522 3450
p 2 0 1364 6796 2712 2370
p 2 0 1962 6198 4742 3056
p 2 0 1840 6320 5150 3049
p 2 0 1753 6407 3733 2794
p 2 0 1517 6643 3877 2648
p 2 0 1597 6563 4387 2768
p 2 0 1254 6906 3277 2365
p 2 0 1761 6399 4890 2972
p 2 0 1329 6831 3696 2487
p 2 0 1781 6379 5170 3018
p 2 0 1318 6842 3285 2441
p 2 0 1997 6163 4992 3134
p 2 0 1732 6428 4574 2907
p 2 0 1617 6543 3387 2647
p 2 0 1935 6225 5453 3117
p 2 0 2029 6131 5018 3153
p 2 0 1664 6496 4420 2807
p 2 0 1704 6456 3643 2738
p 2 0 1587 6573 4511 2781
p 2 0 1927 6233 5277 3130
p 2 0 1275 6885 2548 2248
p 2 0 1585 6575 3963 2711
p 2 0 1511 6649 4919 2777
p 2 0 1835 6325 4942 3044
p 2 0 1066 7094 2331 2102
p 2 0 1655 6505 4557 2810
p 2 0 1568 6592 4513 2747
p 2 0 1587 6573 3667 2687
p 2 0 1346 6814 3770 2500
p 2 0 1587 6573 4331 2734
p 2 0 1420 6740 4389 2616
p 2 0 1512 6648 3729 2653
p 2 0 1363 6797 3896 2514
p 2 0 1531 6629 3982 2651
p 2 0 1323 6837 3128 2377
p 2 0 1917 6243 5159 3095
p 2 0 1441 6719 3750 2546
p 2 0 1679 6481 4863 2877
p 2 0 1358 6802 3413 2474
p 2 0 1703 6457 4183 2821
p 2 0 1286 6874 3383 2405
p 2 0 1430 6730 3264 2502
p 2 0 1415 6745 4446 2625
p 2 0 1613 6547 4203 2777
p 2 0 1031 7129 2302 2037
p 2 0 1439 6721 3866 2579
p 2 0 1261 6899 4068 2461
p 2 0 1613 6547 4526 2775
p 2 0 999 7161 2296 2035
p 2 0 1372 6788 3526 2475
p 2 0 1325 6835 4280 2526
p 2 0 1454 6706 3546 2546
p 2 0 1132 7028 3161 2269
p 2 0 1427 6733 3837 2575
p 2 0 1345 6815 3913 2509
p 2 0 1361 6799 3277 2450
p 2 0 1015 7145 2795 2121
p 2 0 1255 6905 3840 2428
p 2 0 993 7167 2707 2089
p 2 0 1526 6634 4319 2720
p 2 0 1312 6848 3767 2470
p 2 0 1326 6834 3634 2450
p 2 0 1008 7152 2721 2118
p 2 0 1419 6741 4356 2614
p 2 0 1171 6989 2946 2238
p 2 0 1087 7073 2744 2150
p 2 0 1251 6909 4106 2443
p 2 0 1417 6743 4154 2593
p 2 0 1102 7058 3284 2261
p 2 0 1004 7156 2606 2075
p 2 0 1248 6912 4176 2468
p 2 0 1476 6684 4479 2673
p 2 0 997 7163 2317 2053
p 2 0 1042 7118 3771 2231
p 2 0 1316 6844 3883 2470
p 2 0 1205 6955 3003 2281
p 2 0 1418 6742 4402 2623
p 2 0 924 7236 2921 2057
p 2 0 1251 6909 4411 2510
p 2 0 1000 7160 2701 2100
p 2 0 1349 6811 3809 2518
p 2 0 1057 7103 3441 2224
p 2 0 906 7254 2468 2006
p 2 0 1205 6955 3956 2381
p 2 0 1107 7053 3454 2293
p 2 0 901 7259 3418 2119
p 2 0 817 7343 2382 1924
p 2 0 852 7308 3088 2035
i 2 8160 0 0 446528 42086
p 2 0 8140 20 39761 9438
p 2 2 8141 17 61001 10205
p 2 3 8139 18 67977 10508
p 2 1 8142 17 84853 11191
p 2 0 8141 19 60134 10242
p 2 2 8140 18 67506 10583
p 2 1 8149 10 65806 10571
p 2 3 8144 13 79492 11087
p 2 1 8141 18 64493 10546
p 2 2 8147 11 63281 10585
p 2 2 8143 15 64143 10564
p 2 0 8142 18 78781 11195
p 2 7 8143 10 62823 10514
p 2 4 8142 14 61663 10462
p 2 1 8144 15 64467 10529
p 2 6 8137 17 76057 11083
p 2 1 8147 12 62485 10460
p 2 4 8136 20 61263 10429
p 2 1 8140 19 62791 10554
p 2 4 8137 19 74119 11028
p 2 1 8145 14 62149 10495
p 2 1 8141 18 61406 10495
p 2 4 8140 16 66867 10748
p 2 2 8140 18 78101 11259
p 2 3 8143 14 60991 10398
p 2 0 8148 12 58129 10304
p 2 2 8145 13 61066 10448
p 2 2 8142 16 69200 10816
p 2 2 8144 14 57978 10286
p 2 6 8138 16 55692 10163
p 2 5 8136 19 60678 10434
p 2 0 8143 17 65429 10656
p 2 1 8143 16 59722 10391
p 2 1 8143 16 56440 10257
p 2 2 8138 20 58408 10373
p 2 2 8145 13 64213 10729
p 2 2 8146 12 57239 10261
p 2 3 8140 17 53390 10090
p 2 4 8134 22 57469 10220
p 2 1 8139 20 59917 10453
p 2 1 8144 15 57218 10320
p 2 1 8141 18 50899 9943
p 2 3 8140 17 54485 10079
p 2 1 8145 14 55502 10195
p 2 2 8147 11 56504 10204
p 2 3 8145 12 56787 10199
i 2 8160 0 0 125433 30118
p 2 0 2391 5769 3994 3369
p 2 0 1981 6179 3110 2912
p 2 8 1269 6883 5093 2388
p 2 0 1131 7029 2240 2101
p 2 0 679 7481 1794 1690
p 2 7 604 7549 4518 1838
p 2 0 477 7683 1642 1500
p 2 0 287 7873 1430 1348
p 2 1 384 7775 3496 1587
p 2 0 176 7984 1377 1278
p 2 0 325 7835 1430 1363
p 2 7 240 7913 4053 1494
p 2 0 230 7930 1418 1300
p 2 0 137 8023 1261 1219
p 2 20 279 7861 3585 1539
p 2 0 199 7961 1332 1279
p 2 0 64 8096 1176 1163
p 2 31 103 8026 4845 1462
p 2 0 125 8035 1402 1229
p 2 0 94 8066 1242 1194
p 2 1 136 8023 3275 1381
p 2 0 84 8076 1251 1189
p 2 0 51 8109 1178 1154
p 2 7 111 8042 4025 1405
p 2 0 82 8078 1293 1188
p 2 0 46 8114 1195 1151
p 2 21 89 8050 3458 1408
p 2 0 40 8120 1187 1158
p 2 0 38 8122 1152 1142
p 2 32 64 8064 4819 1436
p 2 0 84 8076 1298 1191
p 2 0 47 8113 1171 1148
p 2 1 105 8054 3187 1351
p 2 0 74 8086 1238 1176
p 2 0 72 8088 1199 1168
p 2 7 97 8056 3970 1384
p 2 0 87 8073 1245 1185
p 2 0 42 8118 1149 1139
p 2 0 134 8026 3297 1375
p 2 0 81 8079 1267 1193
p 2 0 84 8076 1194 1176
p 2 5 95 8060 2992 1325
p 2 0 84 8076 1253 1192
p 2 0 48 8112 1161 1146
p 2 5 141 8014 3994 1359
p 2 0 56 8104 1225 1162
p 2 0 38 8122 1165 1140
p 2 6 114 8040 3962 1390
p 2 0 80 8080 1247 1182
p 2 0 46 8114 1162 1143
p 2 0 102 8058 3193 1345
p 2 0 105 8055 1255 1202
p 2 0 57 8103 1180 1156
p 2 6 108 8046 3817 1382
p 2 0 57 8103 1223 1162
p 2 0 31 8129 1158 1134
p 2 20 75 8065 3405 1389
p 2 0 66 8094 1208 1175
p 2 0 24 8136 1141 1130
p 2 32 245 7883 4927 1556
p 2 0 143 8017 1253 1212
p 2 0 88 8072 1192 1170
p 2 0 110 8050 3269 1356
p 2 0 62 8098 1243 1173
p 2 0 32 8128 1146 1134
p 2 7 93 8060 3885 1377
p 2 0 61 8099 1238 1167
p 2 0 130 8030 1225 1199
p 2 20 89 8051 3434 1399
p 2 0 42 8118 1195 1156
p 2 0 28 8132 1144 1130
p 2 32 57 8071 4799 1426
p 2 0 40 8120 1190 1144
p 2 0 62 8098 1165 1157
p 2 1 107 8052 3196 1349
p 2 0 100 8060 1267 1202
p 2 0 45 8115 1156 1146
p 2 6 110 8044 3849 1387
p 2 0 61 8099 1236 1166
p 2 0 24 8136 1141 1127
p 2 1 107 8052 3190 1350
p 2 0 57 8103 1236 1168
p 2 0 32 8128 1158 1137
p 2 5 79 8076 2940 1316
p 2 0 49 8111 1207 1166
p 2 0 29 8131 1212 1140
p 2 5 76 8079 3950 1319
p 2 0 85 8075 1224 1179
p 2 0 122 8038 1213 1197
p 2 7 118 8035 4001 1399
p 2 0 47 8113 1217 1153
p 2 0 24 8136 1141 1128
p 2 1 92 8067 3197 1340
p 2 0 50 8110 1202 1158
p 2 0 24 8136 1132 1127
p 2 6 86 8068 3921 1365
p 2 0 52 8108 1217 1156
p 2 0 30 8130 1165 1134
p 2 20 70 8070 3449 1385
p 2 0 38 8122 1189 1158
p 2 0 20 8140 1129 1124
p 2 33 54 8073 4814 1431
p 2 0 42 8118 1202 1145
p 2 0 15 8145 1134 1119
p 2 1 90 8069 3146 1338
p 2 0 50 8110 1210 1158
p 2 0 22 8138 1140 1125
p 2 6 82 8072 3776 1359
p 2 0 48 8112 1226 1153
p 2 17 72 8071 3451 1382
p 2 0 46 8114 1219 1171
p 2 0 23 8137 1187 1130
p 2 33 55 8072 4857 1432
p 2 0 60 8100 1200 1157
p 2 0 27 8133 1135 1127
p 2 1 89 8070 3144 1336
p 2 0 45 8115 1205 1156
i 2 8160 0 0 233583 34945
p 2 45 7491 624 85539 12981
p 2 32 7551 577 88816 13681
p 2 811 7089 260 191094 19688
p 2 73 7612 475 96911 15001
p 2 37 7674 449 85370 14000
p 2 822 7100 238 190792 19853
p 2 67 7695 398 105150 15246
p 2 21 7737 402 86818 14074
p 2 1595 6410 155 220635 22474
p 2 38 7761 361 95116 14388
p 2 57 7736 367 102779 14442
p 2 1267 6724 169 225710 21491
p 2 45 7751 364 108876 14458
p 2 31 7722 407 103758 14325
p 2 1492 6503 165 244740 22369
p 2 44 7762 354 108471 14605
p 2 48 7775 337 93045 13356
p 2 1611 6407 142 250090 23146
p 2 44 7826 290 97460 14203
p 2 32 7824 304 101387 13543
p 2 1452 6578 130 251591 22429
p 2 31 7817 312 94280 13765
p 2 26 7822 312 103574 13531
p 2 177 7688 295 123755 14538
p 2 17 7819 324 97158 13184
p 2 5 7798 357 105800 13346
p 2 484 7354 322 126495 14675
p 2 0 7707 453 89788 11900
p 2 0 7467 693 84305 11825
p 2 495 4785 2880 72694 9718
p 2 0 3519 4641 8022 4553
p 2 0 2190 5970 5029 3222
p 2 446 3478 4236 69691 8138
p 2 0 2006 6154 5379 3079
p 2 0 1730 6430 5027 2817
p 2 128 4114 3918 68385 7423
p 2 0 1948 6212 4959 3026
p 2 0 939 7221 2500 1989
p 2 157 3185 4818 67402 6489
p 2 0 3270 4890 11562 4528
p 2 0 2598 5562 9705 3753
p 2 348 2203 5609 69603 6545
p 2 0 1343 6817 3714 2447
p 2 0 622 7538 2036 1692
p 2 288 1566 6306 70164 5702
p 2 0 1609 6551 5015 2732
p 2 0 1197 6963 3498 2245
p 2 372 1410 6378 72714 6059
p 2 0 1172 6988 3780 2315
p 2 0 770 7390 2571 1845
p 2 39 1720 6401 50398 4161
p 2 0 983 7177 3579 2130
p 2 0 750 7410 2565 1833
p 2 47 1620 6493 51397 4167
p 2 0 1438 6722 4803 2562
p 2 0 590 7570 2184 1659
p 2 375 1035 6750 74593 5696
p 2 0 1056 7104 3846 2217
p 2 0 910 7250 3241 1989
p 2 431 1306 6423 77360 6287
p 2 0 912 7248 3224 2067
p 2 0 411 7749 1816 1495
p 2 199 1347 6614 69953 5027
p 2 0 1189 6971 4274 2362
p 2 0 587 7573 2232 1672
p 2 251 1102 6807 69296 5162
p 2 0 833 7327 3243 1988
p 2 0 465 7695 1910 1545
p 2 116 1230 6814 67047 4487
p 2 0 828 7332 3365 2012
p 2 0 410 7750 1867 1511
p 2 156 1178 6826 66418 4674
p 2 0 851 7309 3600 2042
p 2 0 515 7645 2190 1609
p 2 0 301 7859 1808 1384
p 2 0 192 7968 1387 1279
p 2 0 122 8038 1286 1216
p 2 0 97 8063 1296 1197
p 2 0 77 8083 1235 1177
p 2 0 43 8117 1171 1143
p 2 0 18 8142 1131 1121
p 2 0 18 8142 1121 1118
i 2 8160 0 0 306168 35962
p 2 0 885 7275 2511 1944
p 2 0 643 7517 8780 1881
p 2 0 352 7808 1798 1442
p 2 0 435 7725 8005 1645
p 2 0 374 7786 1986 1452
p 2 0 488 7672 8224 1712
p 2 0 481 7679 2492 1578
p 2 4 339 7817 2423 1486
p 2 0 120 8040 1329 1217
p 2 14 186 7960 2717 1367
p 2 0 195 7965 1652 1290
p 2 0 176 7984 2147 1315
p 2 0 90 8070 1287 1189
p 2 0 135 8025 2409 1271
p 2 0 164 7996 1538 1265
p 2 4 179 7977 1852 1322
p 2 0 79 8081 1320 1184
p 2 13 100 8047 2533 1282
p 2 0 88 8072 1315 1185
p 2 0 108 8052 1365 1208
p 2 0 67 8093 1838 1205
p 2 0 69 8091 1294 1170
p 2 0 57 8103 1295 1157
p 2 0 120 8040 2393 1259
p 2 0 85 8075 1320 1188
p 2 0 66 8094 1248 1165
p 2 0 88 8072 1340 1181
p 2 0 72 8088 1331 1175
p 2 0 31 8129 1167 1135
p 2 0 38 8122 1171 1139
p 2 0 27 8133 1158 1129
p 2 655 729 6776 48821 6030
p 2 1513 944 5703 63787 9764
p 2 876 1463 5821 42603 7289
p 2 1161 1808 5191 70120 9522
p 2 617 2429 5114 41597 7326
p 2 0 1260 6900 3412 2371
p 2 0 1573 6587 4680 2630
p 2 75 1607 6478 11771 3126
p 2 0 1179 6981 3911 2254
p 2 0 950 7210 3528 2041
p 2 50 877 7233 5227 2347
p 2 0 395 7765 1769 1504
p 2 0 468 7692 2129 1553
p 2 75 582 7503 8855 2116
p 2 0 626 7534 2949 1729
p 2 0 510 7650 2702 1618
p 2 0 851 7309 6428 2111
p 2 0 400 7760 1917 1493
p 2 0 508 7652 2349 1596
p 2 0 641 7519 6791 1896
p 2 0 444 7716 2281 1550
p 2 0 337 7823 2014 1427
p 2 51 325 7784 3995 1812
p 2 0 211 7949 1469 1331
p 2 0 151 8009 1385 1249
p 2 75 209 7876 7736 1745
p 2 0 301 7859 1823 1387
p 2 0 237 7923 1705 1328
p 2 51 218 7891 3706 1707
p 2 0 116 8044 1293 1238
p 2 0 57 8103 1210 1161
p 2 75 115 7970 7539 1656
p 2 0 154 8006 1554 1260
p 2 0 138 8022 1533 1239
p 2 0 303 7857 5001 1572
p 2 0 133 8027 1381 1241
p 2 0 104 8056 1305 1201
p 2 0 229 7931 5411 1480
p 2 0 232 7928 1628 1337
p 2 0 153 8007 1461 1254
p 2 0 290 7870 1702 1384
p 2 0 176 7984 1436 1274
p 2 0 225 7935 1599 1325
p 2 0 371 7789 3338 1547
p 2 0 471 7689 2254 1569
p 2 19 484 7657 3210 1709
p 2 0 238 7922 1618 1346
p 2 0 150 8010 1486 1251
p 2 0 179 7981 1507 1271
p 2 0 84 8076 1245 1181
p 2 0 71 8089 1265 1169
p 2 0 93 8067 1329 1193
p 2 0 74 8086 1266 1175
p 2 0 64 8096 1316 1166
p 2 0 98 8062 1271 1188
p 2 0 32 8128 1159 1133
p 2 0 53 8107 1188 1150
p 2 0 46 8114 1175 1142
p 2 43 94 8023 3601 1406
p 2 0 73 8087 1280 1172
p 2 0 55 8105 1208 1153
p 2 0 84 8076 2602 1263
p 2 0 72 8088 1255 1182
p 2 0 43 8117 1219 1145
p 2 0 119 8041 2826 1281
p 2 0 77 8083 1248 1186
p 2 0 47 8113 1184 1151
p 2 33 67 8060 1912 1365
p 2 0 58 8102 1233 1170
p 2 0 92 8068 1283 1189
p 2 43 81 8036 3575 1394
p 2 0 68 8092 1229 1168
p 2 0 45 8115 1191 1146
p 2 33 88 8039 1938 1387
p 2 0 44 8116 1169 1152
p 2 0 53 8107 1201 1150
p 2 43 60 8057 3554 1375
p 2 0 65 8095 1238 1166
p 2 0 59 8101 1258 1155
p 2 0 93 8067 2618 1266
p 2 0 48 8112 1215 1153
p 2 0 26 8134 1154 1128
p 2 0 82 8078 2720 1243
p 2 0 74 8086 1279 1183
p 2 0 33 8127 1153 1133
p 2 0 35 8125 1150 1133
p 2 0 41 8119 1197 1144
p 2 0 18 8142 1130 1120
p 2 0 14 8146 1131 1116
p 2 0 13 8147 1126 1114
p 2 0 5 8155 1110 1107
p 2 0 8 8152 1119 1110
p 2 0 3 8157 1107 1105
p 2 0 7 8153 1114 1110
p 2 0 7 8153 1116 1110
p 2 0 7 8153 1112 1109
p 2 0 5 8155 1109 1107
p 2 0 5 8155 1110 1108
p 2 0 4 8156 1108 1107
p 2 0 7 8153 1115 1110
p 2 0 5 8155 1111 1107
p 2 0 3 8157 1107 1105
i 2 8160 0 0 167383 31964
p 2 0 2849 5311 4601 3736
p 2 0 2551 5609 3606 3355
p 2 0 1460 6700 2460 2359
p 2 0 1306 6854 2313 2220
p 2 685 3174 4301 129309 11179
p 2 0 2151 6009 5623 3453
p 2 0 1043 7117 2476 2054
p 2 829 2889 4442 129285 11578
p 2 0 1772 6388 5517 3197
p 2 0 946 7214 2497 2015
p 2 1137 3104 3919 149154 13471
p 2 0 2019 6141 6091 3478
p 2 0 986 7174 2836 2062
p 2 1369 3333 3458 156058 14880
p 2 0 2397 5763 6247 3756
p 2 0 1227 6933 2716 2222
p 2 4 1405 6751 4827 2435
p 2 0 1022 7138 2311 2019
p 2 0 675 7485 1827 1681
p 2 6 626 7528 3078 1740
p 2 0 454 7706 1661 1503
p 2 0 667 7493 2332 1702
p 2 4 537 7619 3683 1638
p 2 0 359 7801 1677 1427
p 2 0 329 7831 1677 1397
p 2 16 412 7732 2946 1632
p 2 0 266 7894 1643 1366
p 2 0 234 7926 1500 1315
p 2 24 202 7934 3443 1425
p 2 0 302 7858 2024 1396
p 2 0 279 7881 1476 1332
p 2 6 257 7897 2699 1410
p 2 0 175 7985 1475 1271
p 2 0 251 7909 1712 1337
p 2 4 203 7953 3216 1348
p 2 0 122 8038 1419 1229
p 2 0 119 8041 1458 1220
p 2 16 266 7878 2163 1454
p 2 0 222 7938 1363 1290
p 2 0 171 7989 1372 1255
p 2 24 194 7942 3374 1406
p 2 0 236 7924 1589 1317
p 2 0 122 8038 1397 1223
p 2 6 147 8007 2617 1332
p 2 0 72 8088 1234 1173
p 2 0 55 8105 1213 1154
p 2 4 72 8084 3059 1241
p 2 0 142 8018 1318 1231
p 2 0 123 8037 1220 1199
p 2 6 112 8042 2566 1300
p 2 0 63 8097 1220 1164
p 2 0 130 8030 1498 1228
p 2 6 115 8039 1800 1265
p 2 0 33 8127 1156 1140
p 2 0 55 8105 1195 1153
p 2 10 41 8109 2646 1216
p 2 0 21 8139 1155 1124
p 2 0 27 8133 1158 1127
p 2 4 58 8098 3005 1227
p 2 0 51 8109 1227 1160
p 2 0 26 8134 1157 1128
p 2 16 70 8074 1874 1283
p 2 0 49 8111 1182 1151
p 2 0 33 8127 1190 1137
p 2 24 51 8085 3149 1285
p 2 0 63 8097 1222 1160
p 2 0 29 8131 1150 1131
p 2 6 48 8106 2441 1243
p 2 0 38 8122 1181 1141
p 2 0 22 8138 1137 1124
p 2 4 57 8099 3001 1226
p 2 0 47 8113 1222 1155
p 2 0 18 8142 1129 1120
p 2 0 9 8151 1122 1111
p 2 0 17 8143 1139 1120
p 2 0 12 8148 1129 1114
p 2 0 129 8031 1275 1221
p 2 6 92 8062 2460 1279
p 2 0 53 8107 1194 1157
p 2 6 69 8085 1733 1227
p 2 0 86 8074 1253 1193
p 2 0 173 7987 1303 1236
p 2 0 57 8103 1204 1159
p 2 0 134 8026 1212 1204
p 2 0 46 8114 1164 1149
p 2 1062 2669 4429 153999 13082
p 2 0 1686 6474 5509 3096
p 2 1142 2974 4044 162892 13895
p 2 0 2124 6036 6050 3532
p 2 1113 3282 3765 161431 14308
p 2 0 2104 6056 6416 3559
p 2 1059 3465 3636 158030 14035
p 2 0 2189 5971 6282 3650
p 2 0 1219 6941 2984 2340
p 2 4 1150 7006 4404 2238
p 2 0 854 7306 2117 1877
p 2 0 949 7211 2746 1984
p 2 2 771 7387 3470 1867
p 2 0 518 7642 1714 1549
p 2 0 330 7830 1540 1392
p 2 4 262 7894 3387 1425
p 2 0 385 7775 1887 1453
p 2 0 292 7868 1842 1379
p 2 15 285 7860 2444 1493
p 2 0 152 8008 1411 1258
p 2 0 123 8037 1324 1217
p 2 29 94 8037 3122 1351
p 2 0 140 8020 1482 1240
p 2 0 83 8077 1286 1184
p 2 2 137 8021 2585 1290
p 2 0 96 8064 1319 1197
p 2 0 186 7974 1612 1287
p 2 4 153 8003 3231 1328
p 2 0 131 8029 1329 1220
p 2 0 70 8090 1274 1170
p 2 15 194 7951 2362 1407
p 2 0 109 8051 1291 1212
p 2 0 95 8065 1333 1196
p 2 29 122 8009 3245 1378
p 2 0 158 8002 1643 1264
p 2 0 179 7981 1569 1273
p 2 2 188 7970 2855 1341
p 2 0 154 8006 1435 1245
p 2 0 119 8041 1239 1201
p 2 4 79 8077 3084 1255
p 2 0 49 8111 1195 1152
p 2 0 32 8128 1148 1131
p 2 2 89 8069 2524 1248
p 2 0 46 8114 1190 1150
p 2 0 130 8030 1222 1199
p 2 6 54 8100 1808 1221
p 2 0 157 8003 1280 1231
p 2 0 47 8113 1208 1148
p 2 0 44 8116 1187 1143
p 2 0 43 8117 1172 1146
p 2 0 11 8149 1117 1114
p 2 29 28 8103 2966 1287
p 2 0 33 8127 1159 1133
p 2 0 19 8141 1137 1122
p 2 2 84 8074 2413 1238
p 2 0 49 8111 1193 1153
p 2 0 19 8141 1131 1120
p 2 4 64 8092 3073 1239
p 2 0 84 8076 1316 1192
p 2 0 39 8121 1179 1145
p 2 2 73 8085 2455 1232
p 2 0 52 8108 1243 1157
p 2 0 35 8125 1188 1138
p 2 6 46 8108 1774 1214
p 2 0 26 8134 1153 1132
p 2 0 15 8145 1130 1118
p 2 29 50 8081 2994 1307
p 2 0 45 8115 1166 1143
p 2 0 70 8090 1238 1165
p 2 2 84 8074 2396 1242
p 2 0 36 8124 1188 1141
p 2 0 18 8142 1133 1119
p 2 4 48 8108 3049 1229
p 2 0 31 8129 1183 1141
p 2 0 16 8144 1133 1120
p 2 15 33 8112 1796 1249
p 2 0 31 8129 1154 1138
p 2 0 13 8147 1124 1117
p 2 29 23 8108 2956 1284
p 2 0 21 8139 1143 1123
p 2 0 9 8151 1115 1111
p 2 2 48 8110 2327 1204
p 2 0 32 8128 1167 1136
p 2 0 50 8110 1153 1143
p 2 4 58 8098 3037 1235
p 2 0 30 8130 1181 1137
p 2 0 17 8143 1123 1117
p 2 0 18 8142 1127 1120
p 2 0 9 8151 1113 1111
p 2 0 42 8118 1202 1143
p 2 0 10 8150 1118 1112
p 2 2 49 8109 2361 1205
p 2 0 27 8133 1160 1133
p 2 6 26 8128 1708 1193
p 2 0 18 8142 1140 1125
p 2 0 28 8132 1135 1127
p 2 1687 2569 3904 167681 15769
p 2 0 1947 6213 5767 3331
p 2 0 793 7367 2411 1859
i 2 8160 0 0 177759 32460
p 2 0 2739 5421 4456 3636
p 2 0 2563 5597 3723 3369
p 2 1768 3144 3248 137995 15585
p 2 0 2674 5486 5904 3935
p 2 0 1452 6708 2849 2405
p 2 1615 3215 3330 160010 15243
p 2 0 1836 6324 5491 3193
p 2 0 1312 6848 2807 2295
p 2 1927 2601 3632 160926 16155
p 2 0 1896 6264 5402 3300
p 2 1026 2812 4322 133297 12340
p 2 0 1890 6270 5695 3277
p 2 784 2876 4500 143671 11599
p 2 0 1801 6359 5784 3105
p 2 1785 2451 3924 173763 16236
p 2 0 1761 6399 5236 3171
p 2 1701 2991 3468 179693 16906
p 2 0 1857 6303 5526 3262
p 2 3004 2659 2497 208696 22380
p 2 0 2103 6057 5881 3621
p 2 2814 3156 2190 244848 24110
i 2 8160 0 0 178381 32403
p 2 0 2235 5925 4122 3233
i 2 8160 0 0 117649 30588
p 2 0 2209 5951 4714 3429
p 2 1213 3100 3847 111501 13413
p 2 1867 2723 3570 58333 14415
p 2 887 4209 3064 108692 14589
p 2 0 4748 3412 60451 9004
p 2 0 4786 3374 64157 8341
p 2 197 4599 3364 95741 10280
p 2 0 4591 3569 46343 7241
p 2 0 3307 4853 7898 4653
p 2 102 3259 4799 30535 6410
p 2 0 2160 6000 4935 3415
p 2 0 1470 6690 3191 2599
p 2 68 2094 5998 21690 4711
p 2 0 1652 6508 4016 2842
p 2 0 1821 6339 4925 3007
p 2 81 2080 5999 22504 4773
p 2 0 1638 6522 4327 2849
p 2 0 1227 6933 3146 2343
p 2 0 977 7183 3183 2107
p 2 0 671 7489 2212 1767
p 2 0 575 7585 2171 1687
p 2 0 355 7805 1666 1446
p 2 0 315 7845 1643 1421
p 2 0 186 7974 1364 1289
p 2 0 150 8010 1377 1260
p 2 0 206 7954 1444 1304
p 2 0 129 8031 1307 1230
p 2 0 180 7980 1467 1274
p 2 0 101 8059 1288 1200
p 2 0 75 8085 1211 1175
p 2 0 37 8123 1182 1142
p 2 0 40 8120 1167 1144
i 2 8160 0 0 47096 24746
p 2 0 5846 2314 9432 6768
p 2 2315 5369 476 43333 19019
p 2 0 5880 2280 10541 7456
p 2 1615 5765 780 44532 17788
p 2 0 5921 2239 11369 7476
p 2 795 6584 781 43074 15971
p 2 0 6269 1891 12076 8332
p 2 466 6661 1033 42555 15192
p 2 0 6261 1899 12986 8290
p 2 277 7293 590 42243 15236
p 2 0 6225 1935 11725 8096
p 2 643 7171 346 45418 16551
p 2 13 7961 186 47255 13678
p 2 524 7631 5 59779 19522
p 2 33 7975 152 50164 15631
p 2 455 7692 13 62468 19987
p 2 49 8049 62 54799 16756
p 2 594 7555 11 65729 21078
p 2 70 7963 127 54447 16965
p 2 568 7570 22 66597 21542
p 2 104 7991 65 56522 18257
p 2 599 7552 9 68068 22312
p 2 109 7902 149 55598 18525
p 2 572 7558 30 77225 22683
p 2 21 7982 157 91337 19569
p 2 480 7573 107 96187 21228
p 2 661 6367 1132 52589 15019
p 2 685 6815 660 79737 18921
p 2 33 6498 1629 37545 12310
i 2 8160 0 0 117471 28552
p 2 28 5219 2913 23627 8429
p 2 0 5134 3026 14469 6813
p 2 5382 2770 8 158311 31959
p 2 0 5265 2895 15082 7469
p 2 0 4286 3874 13547 6200
i 2 8160 0 0 136481 28782
p 2 0 4006 4154 8507 5236
p 2 0 4466 3694 10011 5747
p 2 1678 6235 247 129776 24397
p 2 0 5462 2698 14118 7282
p 2 0 5418 2742 15281 7266
p 2 1203 6638 319 120643 22607
p 2 0 5805 2355 16882 8493
p 2 0 4344 3816 10191 5828
p 2 1147 6602 411 119805 22404
p 2 0 6030 2130 16664 8040
p 2 0 5144 3016 13993 6856
p 2 932 6834 394 114385 21185
p 2 0 5154 3006 13348 7059
p 2 0 4219 3941 9818 5646
p 2 968 6747 445 111871 21051
p 2 0 5672 2488 14719 7597
p 2 0 4647 3513 11829 6135
p 2 430 6909 821 94404 18060
p 2 0 4950 3210 13079 6829
i 2 8160 0 0 181900 31353
p 2 0 7213 947 26670 9937
p 2 3 6770 1387 31112 9184
p 2 1 6914 1245 38905 9946
p 2 0 6441 1719 29915 8992
p 2 0 6456 1704 31821 8912
p 2 0 6224 1936 31476 8823
p 2 0 6760 1400 38422 9736
p 2 0 6363 1797 31975 8953
p 2 1 6470 1689 36185 9095
p 2 0 6216 1944 35367 8934
p 2 0 6802 1358 43742 9884
p 2 2 6319 1839 34313 8944
p 2 2 6413 1745 38124 9136
p 2 0 6186 1974 35957 8940
p 2 2 6768 1390 42957 9867
p 2 3 6255 1902 34826 8927
p 2 0 6556 1604 33056 9094
p 2 0 6016 2144 33696 8606
p 2 0 6761 1399 35395 9421
p 2 1 6788 1371 42847 9910
p 2 0 6626 1534 33190 9234
p 2 2 6350 1808 36447 9072
p 2 5 6605 1550 37632 9345
p 2 1 6727 1432 45481 9750
p 2 1 6801 1358 38194 9520
p 2 1 6275 1884 39884 8980
p 2 5 6974 1181 47843 10332
p 2 0 6293 1867 36909 9036
p 2 0 6509 1651 39375 9249
p 2 0 6224 1936 40168 9064
p 2 0 6693 1467 49095 9796
p 2 6 6170 1984 39405 8886
p 2 2 6523 1635 43251 9318
p 2 0 6201 1959 42010 9056
p 2 1 6664 1495 48974 9825
p 2 2 6349 1809 40113 9125
p 2 0 6878 1282 48876 10126
p 2 2 6294 1864 39911 9119
p 2 1 6475 1684 43669 9353
p 2 2 6278 1880 41537 9124
p 2 4 6816 1340 48904 10052
p 2 3 6310 1847 39580 9114
p 2 0 6426 1734 41913 9224
p 2 2 6230 1928 41967 9088
p 2 5 6637 1518 50424 9874
p 2 3 6168 1989 43854 9014
p 2 8 6634 1518 50003 9654
p 2 2 6497 1661 48278 9536
p 2 1 7143 1016 58552 10600
p 2 2 6422 1736 44550 9330
p 2 6 6519 1635 45953 9390
p 2 4 6286 1870 46037 9157
p 2 5 6808 1347 54638 10012
p 2 3 6222 1935 47691 9136
p 2 0 6522 1638 51301 9427
p 2 4 6269 1887 48509 9229
p 2 3 6801 1356 57566 10114
p 2 0 6333 1827 45861 9227
p 2 12 6412 1736 49151 9415
p 2 3 6292 1865 47511 9282
p 2 2 6815 1343 55094 10118
p 2 3 6480 1677 47229 9381
p 2 0 6598 1562 50333 9526
p 2 7 6286 1867 47050 9274
p 2 10 6873 1277 55387 10154
p 2 5 6526 1629 49122 9654
p 2 0 7063 1097 57794 10572
p 2 3 6468 1689 48480 9579
p 2 9 6803 1348 57270 10299
p 2 2 6244 1914 48509 9268
p 2 5 6828 1327 53879 9957
p 2 4 6746 1410 52026 9968
p 2 1 7297 862 64547 10971
p 2 1 6525 1634 50504 9551
p 2 0 6657 1503 54148 9676
p 2 8 6229 1923 51411 9310
p 2 2 6786 1372 59847 10112
p 2 11 7186 963 67969 10888
p 2 1 7170 989 61829 10897
p 2 0 6420 1740 48168 9399
p 2 7 6710 1443 55298 9817
p 2 3 6439 1718 52046 9509
p 2 4 6881 1275 60858 10338
p 2 1 6410 1749 49871 9428
p 2 3 6571 1586 54262 9649
p 2 4 6334 1822 54014 9486
p 2 3 6842 1315 59189 10278
p 2 4 6313 1843 51696 9427
p 2 5 6563 1592 58366 9686
p 2 4 6261 1895 58764 9398
p 2 5 6799 1356 66058 10292
p 2 3 7156 1001 74202 11027
p 2 2 6975 1183 57431 10132
p 2 7 6305 1848 60849 9494
p 2 4 7024 1132 66282 10737
p 2 7 6635 1518 58812 9823
p 2 2 6785 1373 68521 10093
p 2 4 6588 1568 64373 9884
p 2 5 7014 1141 73728 10613
p 2 4 6588 1568 64395 9843
p 2 4 7084 1072 78374 10818
p 2 4 6425 1731 60972 9619
p 2 9 6730 1421 65995 10013
p 2 6 6462 1692 61124 9791
p 2 12 6892 1256 72157 10543
p 2 9 6387 1764 61410 9751
p 2 3 6929 1228 69772 10519
p 2 7 6442 1711 67425 9916
p 2 3 6538 1619 63687 9773
p 2 13 7250 897 77182 11168
p 2 9 6990 1161 61671 10319
p 2 6 6520 1634 67988 9870
p 2 7 6931 1222 66268 10355
p 2 9 6940 1211 74163 10594
p 2 24 6816 1320 64091 10248
p 2 3 6584 1573 69933 10013
p 2 7 7134 1019 77109 11054
p 2 0 6605 1555 64168 9892
p 2 2 6914 1244 76139 10333
p 2 2 6801 1357 72407 10301
p 2 2 7186 972 84606 11033
p 2 19 7222 919 85105 11263
p 2 2 7175 983 82154 11130
p 2 20 6692 1448 69771 10183
p 2 0 6991 1169 84926 10761
p 2 11 6596 1553 72353 10223
p 2 8 7133 1019 88210 11103
p 2 4 7331 825 92729 11437
p 2 3 7138 1019 76037 10549
p 2 6 6539 1615 81510 10104
p 2 9 7172 979 86957 11217
p 2 4 7287 869 92785 11388
p 2 20 7136 1004 72114 10741
p 2 6 7211 943 85964 11177
p 2 16 7184 960 72272 10723
p 2 4 6600 1556 76069 10116
p 2 10 7179 971 87928 11346
p 2 4 7362 794 89641 11693
p 2 9 7167 984 79497 10728
p 2 14 6671 1475 77637 10202
p 2 12 6876 1272 80287 10616
p 2 25 6705 1430 77073 10393
p 2 2 7140 1018 88970 11107
p 2 7 7442 711 97404 12028
p 2 1 7405 754 79478 11332
p 2 14 6906 1240 81159 10633
p 2 6 7376 778 100788 11814
p 2 8 6881 1271 82386 10562
p 2 20 7016 1124 84962 10796
p 2 3 6745 1412 80191 10432
p 2 18 7134 1008 96577 11226
p 2 0 6768 1392 82678 10395
p 2 12 6954 1194 86678 10645
p 2 3 6777 1380 83902 10591
p 2 16 7094 1050 95185 11184
p 2 9 6809 1342 84291 10607
p 2 3 7289 868 93201 11294
p 2 9 6737 1414 76830 10418
p 2 0 6986 1174 84688 10691
p 2 6 6867 1287 82016 10629
p 2 3 7127 1030 91627 11158
p 2 13 6825 1322 81673 10565
p 2 3 7192 965 95328 11258
p 2 5 6964 1191 82436 10708
p 2 3 7005 1152 80479 10796
p 2 6 7524 630 95699 11698
p 2 5 7165 990 75892 10826
p 2 2 7218 940 87793 11146
p 2 6 7131 1023 79754 10725
p 2 6 6676 1478 88124 10305
p 2 11 7083 1066 87829 10786
p 2 2 7067 1091 97473 10978
p 2 26 7060 1074 75137 10693
p 2 0 6657 1503 82715 10308
p 2 10 7321 829 99303 11497
p 2 5 6748 1407 82669 10499
p 2 6 6877 1277 90413 10486
p 2 22 7175 963 96706 11202
p 2 2 7383 775 105481 11487
p 2 14 7217 929 94603 11342
p 2 4 7105 1051 82573 10712
p 2 16 6787 1357 89092 10528
p 2 3 6979 1178 86482 10631
p 2 7 6980 1173 95231 10781
i 2 8160 0 0 398524 37732
p 2 51 8064 45 129914 12878
p 2 31 8089 40 142850 12937
p 2 18 8087 55 112488 12552
p 2 39 8077 44 121692 12614
p 2 24 8087 49 119740 12742
p 2 38 8082 40 135150 13222
p 2 19 8100 41 121396 12712
p 2 23 8093 44 141721 13325
p 2 28 8092 40 124297 12715
p 2 27 8095 38 132901 12701
p 2 52 8055 53 118638 12722
p 2 17 8107 36 138485 13104
p 2 24 8092 44 126436 12803
p 2 23 8107 30 144133 13252
p 2 27 8093 40 126219 12571
p 2 29 8089 42 136155 12930
p 2 26 8075 59 150209 13394
p 2 21 8087 52 119246 12551
p 2 17 8068 75 129018 12659
p 2 49 8061 50 122028 12776
p 2 21 8079 60 141183 13112
p 2 34 8060 66 128264 12795
p 2 14 8082 64 147901 13023
p 2 46 8077 37 132750 12732
p 2 29 8094 37 154727 13053
p 2 24 8102 34 148930 13485
p 2 29 8102 29 127882 12799
p 2 32 8083 45 142585 12951
p 2 41 8056 63 136113 12836
p 2 26 8069 65 152530 13193
p 2 21 8056 83 132965 12609
p 2 19 8087 54 149121 12731
p 2 41 8050 69 155216 13198
p 2 37 8073 50 127579 12703
p 2 41 8052 67 137805 12928
p 2 19 8100 41 156560 13486
p 2 32 8052 76 135894 12850
p 2 29 8067 64 147700 13265
p 2 40 8036 84 154114 13484
p 2 41 8058 61 130782 12729
p 2 18 8060 82 140711 12695
p 2 46 8050 64 130440 12838
p 2 16 8061 83 154974 13067
p 2 60 7998 102 135616 12828
p 2 32 8044 84 153732 13260
p 2 24 8043 93 138345 12709
p 2 25 8043 92 150905 12947
p 2 33 8047 80 147197 12803
p 2 55 8044 61 176970 13549
p 2 31 8077 52 139044 12776
p 2 30 8025 105 150705 12650
p 2 28 8033 99 149108 12798
p 2 48 8006 106 156735 13082
p 2 36 8048 76 145086 12790
p 2 40 8018 102 155492 13061
p 2 28 8052 80 173823 13494
p 2 27 8039 94 136563 12832
p 2 37 8027 96 145260 12863
p 2 37 8040 83 163601 13444
p 2 31 8008 121 135545 12634
p 2 16 7988 156 146251 12548
p 2 47 8027 86 164301 13272
p 2 26 8024 110 135348 12549
p 2 22 8032 106 151660 12749
p 2 38 8061 61 198622 14176
p 2 26 8034 100 140903 12892
p 2 35 7992 133 161652 13262
p 2 26 7969 165 145629 12717
p 2 26 8006 128 149677 12674
p 2 24 7997 139 145992 12671
p 2 31 8010 119 163204 13073
p 2 33 8054 73 146273 12675
p 2 33 8023 104 156348 12814
p 2 20 8023 117 145261 12688
p 2 33 8007 120 164514 13141
p 2 41 7979 140 140431 12541
p 2 30 7992 138 151377 12599
p 2 28 8033 99 145486 12680
p 2 23 8007 130 165317 13057
p 2 31 8039 90 143869 12629
p 2 34 8012 114 153627 12745
p 2 34 7981 145 145027 12607
p 2 39 7980 141 161158 12952
p 2 25 7972 163 146021 12626
p 2 34 7984 142 160933 13020
p 2 29 8006 125 151355 12618
p 2 35 7956 169 156542 12631
p 2 31 8033 96 167863 13345
p 2 29 7991 140 136254 12535
p 2 35 7940 185 145472 12753
p 2 25 7961 174 159824 12795
p 2 35 7949 176 136236 12382
p 2 26 7950 184 147858 12569
p 2 23 7995 142 148572 12624
p 2 26 7978 156 164209 12945
p 2 40 7962 158 164079 13430
p 2 28 7986 146 143616 12704
p 2 23 7906 231 147168 12466
p 2 31 7933 196 162296 12993
p 2 26 7956 178 140100 12367
p 2 31 7930 199 155705 12561
p 2 26 7967 167 152819 12499
p 2 25 7967 168 168910 12771
p 2 29 7962 169 138597 12446
p 2 28 7958 174 154427 12555
p 2 43 7952 165 169857 13060
p 2 36 7945 179 147090 12498
p 2 34 7968 158 159038 12572
p 2 50 7943 167 166945 13041
p 2 32 8013 115 155592 12637
p 2 16 7969 175 174226 12842
p 2 24 7978 158 144406 12484
p 2 44 7939 177 161708 12670
p 2 49 7872 239 151060 12561
p 2 35 7942 183 165942 12826
p 2 43 7918 199 150637 12632
p 2 27 7947 186 171090 12920
p 2 40 7981 139 154742 12684
p 2 22 7954 184 175165 12998
p 2 33 7941 186 143725 12559
p 2 25 7990 145 166513 12794
p 2 19 7886 255 151516 12415
p 2 25 7908 227 164972 12869
p 2 20 7932 208 152609 12523
p 2 38 7907 215 169258 12942
p 2 32 7917 211 152446 12584
p 2 30 7923 207 156136 12564
p 2 28 7847 285 146941 12387
p 2 31 7885 244 166787 12692
p 2 24 7880 256 149076 12331
p 2 28 7879 253 157424 12451
p 2 34 7884 242 152329 12485
p 2 28 7888 244 167386 12778
p 2 36 7899 225 150244 12444
p 2 28 7924 208 154508 12518
p 2 28 7797 335 147027 12338
p 2 31 7858 271 167906 12691
p 2 30 7808 322 151432 12277
p 2 33 7843 284 160520 12368
p 2 30 7850 280 155970 12356
p 2 32 7867 261 168983 12642
p 2 23 7912 225 160340 12463
p 2 25 7923 212 164102 12765
p 2 29 7891 240 150941 12442
p 2 35 7928 197 163948 12654
p 2 29 7907 224 183249 12995
p 2 31 7862 267 146373 12223
p 2 27 7927 206 157252 12444
p 2 26 7943 191 174934 12821
p 2 25 7911 224 143602 12308
p 2 33 7899 228 152436 12372
p 2 30 7907 223 171554 12693
p 2 23 7901 236 154537 12399
p 2 36 7902 222 165442 12701
p 2 31 7854 275 154273 12379
p 2 34 7939 187 165316 12616
p 2 44 7959 157 176304 13129
p 2 28 7808 324 144774 12393
p 2 42 7933 185 168311 12941
p 2 26 7828 306 152997 12332
p 2 38 7894 228 160293 12507
p 2 28 7893 239 151798 12385
p 2 30 7922 208 168111 12826
p 2 46 7846 268 150457 12451
p 2 24 7896 240 167270 12592
p 2 25 7941 194 175057 12935
p 2 27 7938 195 143422 12186
p 2 30 7786 344 156560 12265
p 2 42 7789 329 160845 12618
p 2 22 7802 336 140139 12062
p 2 20 7779 361 152300 12164
p 2 34 7770 356 146144 12214
p 2 37 7851 272 159989 12443
p 2 30 7714 416 133350 12027
p 2 25 7821 314 145192 12104
p 2 25 7854 281 155033 12639
p 2 34 7812 314 134681 12228
p 2 22 7934 204 146293 12438
p 2 30 7782 348 137948 12074
p 2 22 7898 240 154570 12474
p 2 26 7839 295 132645 12139
p 2 29 7738 393 144787 12269
p 2 25 7867 268 150736 12478
p 2 24 7732 404 138838 12044
p 2 14 7777 369 139702 11625
i 2 8160 0 0 244859 28052
p 2 3676 4479 5 143515 23442
p 2 2724 5430 6 145038 23162
p 2 2096 6055 9 140291 22254
p 2 1585 6570 5 161402 22209
p 2 1267 6890 3 162176 21726
p 2 980 7179 1 180380 22121
p 2 790 7369 1 178818 21554
p 2 655 7505 0 195596 22245
p 2 603 7552 5 185624 21704
p 2 487 7673 0 205400 22135
p 2 459 7700 1 205019 21621
p 2 383 7777 0 226556 22166
p 2 5 6630 1525 110057 10310
p 2 16 6002 2142 115946 8916
p 2 17 5538 2605 106191 8526
p 2 9 5263 2888 111849 8063
p 2 6 5437 2717 125835 8365
p 2 14 5590 2556 91038 8174
p 2 13 4914 3233 97713 7479
p 2 17 5500 2643 109296 8227
p 2 8 6555 1597 100719 9502
p 2 10 6127 2023 106564 9133
p 2 4 4690 3466 115551 7347
p 2 9 4993 3158 104955 7705
p 2 11 4033 4116 104574 6631
p 2 7 3614 4539 88546 6053
p 2 11 3514 4635 94681 6045
p 2 6 3706 4448 82079 6043
p 2 5 2683 5472 86870 4987
p 2 7 4101 4052 104465 6571
p 2 6 3621 4533 86910 5927
p 2 17 3534 4609 99058 5974
p 2 6 3135 5019 86724 5457
p 2 20 2459 5681 91376 4835
p 2 10 2793 5357 88888 5139
p 2 12 2969 5179 95787 5408
p 2 6 2395 5759 81618 4637
p 2 10 2129 6021 87368 4452
p 2 8 2288 5864 92527 4624
p 2 11 2101 6048 80129 4381
p 2 14 1874 6272 86945 4136
i 2 8160 0 0 238449 27942
p 2 3206 4925 29 110928 21425
p 2 2387 5754 19 126037 20687
p 2 1975 6145 40 128638 19773
p 2 1549 6607 4 138016 20084
p 2 1279 6877 4 136547 18986
p 2 1087 7068 5 153366 19717
p 2 879 7265 16 131401 18643
p 2 745 7394 21 142181 19300
p 2 676 7471 13 160367 18732
p 2 565 7587 8 151117 19236
p 2 530 7620 10 151357 18426
p 2 391 7767 2 191444 19413
p 2 1 6945 1214 90345 10033
p 2 2 6980 1178 99451 9887
p 2 2 5691 2467 89436 8493
p 2 6 5156 2998 72230 7438
p 2 2 4698 3460 80415 6989
p 2 0 4207 3953 76050 6411
p 2 4 4192 3964 83449 6541
p 2 2 3538 4620 74900 5766
p 2 4 3342 4814 80679 5608
p 2 3 5632 2525 105480 8478
p 2 7 5764 2389 102473 8504
p 2 14 5039 3107 86751 7471
p 2 3 4133 4024 84893 6403
p 2 10 3709 4441 74870 5897
p 2 2 3404 4754 80663 5595
p 2 2 3004 5154 76630 5203
p 2 7 2821 5332 83344 5069
p 2 0 3380 4780 94371 5686
p 2 6 3708 4446 65027 5889
p 2 5 2848 5307 68275 4997
p 2 11 3111 5038 85364 5441
p 2 0 3036 5124 74156 5179
p 2 5 2793 5362 76736 4937
p 2 6 2919 5235 83427 5157
p 2 1 2890 5269 79796 5114
p 2 4 2991 5165 87403 5240
p 2 3 2901 5256 75793 5131
p 2 9 2865 5286 78849 5170
p 2 6 2694 5460 76171 4865
p 2 0 2271 5889 76736 4451
p 2 2 2215 5943 77869 4400
i 2 8160 0 0 231847 27764
p 2 2871 5277 12 104266 20333
p 2 2219 5939 2 124293 20297
p 2 1760 6396 4 111064 19231
p 2 1444 6713 3 136170 19939
p 2 1302 6849 9 133474 19064
p 2 1226 6928 6 139909 19880
p 2 1196 6959 5 140808 19168
p 2 1136 7020 4 152563 19817
p 2 1121 7031 8 146169 19099
p 2 1074 7083 3 162852 19843
p 2 1051 7104 5 144552 18979
p 2 968 7190 2 162043 19750
p 2 6 5651 2503 100547 8562
p 2 3 6353 1804 85141 8882
p 2 6 5319 2835 91850 7843
p 2 4 6330 1826 110769 9296
p 2 5 5310 2845 75388 7697
p 2 15 3743 4402 80822 6059
p 2 2 4622 3536 89708 7064
p 2 6 4999 3155 84762 7496
p 2 6 4108 4046 76536 6356
p 2 1 3089 5070 79252 5324
p 2 9 3259 4892 80085 5592
p 2 3 4688 3469 90751 7206
p 2 2 5535 2623 107226 8201
p 2 9 5203 2948 85672 7805
p 2 0 5339 2821 78239 7630
p 2 6 3299 4855 80405 5598
p 2 4 4272 3884 76808 6497
p 2 10 5354 2796 87148 7759
p 2 2 5107 3051 90403 7571
p 2 8 5163 2989 90602 7740
p 2 1 4666 3493 68554 6852
p 2 5 2993 5162 75477 5230
p 2 8 3392 4760 71419 5577
p 2 0 4479 3681 78482 6762
p 2 0 4025 4135 73889 6179
p 2 10 2880 5270 76092 5082
p 2 10 3932 4218 76510 6184
p 2 2 3588 4570 71919 5716
p 2 1 2835 5324 73053 4971
p 2 3 4027 4130 72313 6281
p 2 14 7366 780 110839 11029
p 2 6 5460 2694 67663 7746
p 2 4 3687 4469 65620 5815
p 2 2 4748 3410 90639 7048
p 2 11 4293 3856 74018 6588
p 2 7 4479 3674 73161 6719
p 2 3 3747 4410 80496 5915
p 2 16 5399 2745 81805 7786
p 2 2 3985 4173 68953 6084
p 2 11 2739 5410 73548 4909
p 2 0 3551 4609 72004 5643
p 2 8 3713 4439 79776 5872
p 2 0 3346 4814 76256 5532
p 2 0 3834 4326 88634 6151
p 2 20 4048 4092 88276 6507
p 2 3 3265 4892 76771 5484
p 2 2 2723 5435 77185 4885
p 2 1 3764 4395 83676 6016
p 2 8 3325 4827 71978 5470
p 2 14 3495 4651 80966 5799
p 2 1 3543 4616 79727 5716
p 2 1 2847 5312 85882 5054
p 2 3 3241 4916 69481 5441
p 2 6 3680 4474 83115 5948
p 2 3 3047 5110 74777 5240
p 2 4 2264 5892 74900 4446
p 2 2 2612 5546 74278 4820
p 2 7 2833 5320 82575 5005
p 2 2 2324 5834 78028 4513
p 2 12 2323 5825 87264 4652
p 2 2 2813 5345 75857 5107
p 2 6 2329 5825 77607 4588
p 2 10 2300 5850 76302 4551
p 2 1 2306 5853 78803 4550
p 2 1 2209 5950 74556 4429
p 2 0 2055 6105 77127 4246
i 2 8160 0 0 385447 34283
p 2 13 8008 139 89503 12131
p 2 3 7976 181 103220 11915
p 2 12 8017 131 122968 12917
p 2 4 7964 192 95689 11819
p 2 6 7931 223 105730 12025
p 2 13 7916 231 104279 12036
p 2 3 8000 157 121699 12633
p 2 13 7940 207 97877 11845
p 2 9 7984 167 107143 12104
p 2 6 7941 213 100426 12023
p 2 7 7992 161 115441 12553
p 2 4 7931 225 98070 11835
p 2 8 7959 193 105611 12028
p 2 8 7922 230 101784 11895
p 2 8 7984 168 114079 12475
p 2 2 7944 214 100122 11990
p 2 7 7987 166 117320 12571
p 2 6 7907 247 92335 11937
p 2 5 7947 208 102544 12065
p 2 10 7992 158 127270 12816
p 2 3 8019 138 93367 11918
p 2 6 7891 263 104144 11825
p 2 6 7996 158 113154 12569
p 2 14 7959 187 95795 11844
p 2 14 8002 144 105481 12323
p 2 8 8019 133 122289 12735
p 2 9 8039 112 101180 11995
p 2 6 7903 251 108019 11962
p 2 7 8001 152 123337 12716
p 2 12 7907 241 107447 12030
p 2 13 7969 178 125573 12582
p 2 16 7897 247 102212 11962
p 2 4 7973 183 105831 12101
p 2 5 7998 157 122136 12821
p 2 21 7984 155 107715 12159
p 2 4 7936 220 116279 12111
p 2 19 7981 160 119799 12739
p 2 8 7927 225 112000 12082
p 2 23 7962 175 126010 12695
p 2 11 7944 205 103550 12084
p 2 7 7997 156 126383 12672
p 2 14 7942 204 103742 12047
p 2 9 7935 216 113976 12088
p 2 1 7984 175 135674 12869
p 2 6 8019 135 107231 12137
p 2 14 7967 179 120561 12303
p 2 13 7999 148 127781 12848
p 2 12 7983 165 99879 12036
p 2 4 8023 133 117709 12391
p 2 13 7955 192 107787 12157
p 2 3 7985 172 118857 12593
p 2 5 7917 238 105992 12058
p 2 7 7993 160 119262 12666
p 2 9 7894 257 108858 12104
p 2 4 7977 179 125340 12639
p 2 2 7948 210 98526 12021
p 2 17 7978 165 111169 12268
p 2 5 8029 126 133275 12944
p 2 12 8029 119 105457 12212
p 2 13 7978 169 121537 12700
p 2 14 7989 157 106576 12175
p 2 10 8015 135 127464 12753
p 2 4 7974 182 98240 12063
p 2 11 7940 209 103767 12122
p 2 8 8003 149 124055 12896
p 2 9 7937 214 101512 11918
p 2 3 7941 216 105197 12033
p 2 3 8014 143 120167 12662
p 2 11 7962 187 119232 12906
p 2 12 7931 217 104847 12128
p 2 10 7956 194 125493 12771
p 2 9 7961 190 101339 12096
p 2 17 8024 119 116134 12562
p 2 8 7939 213 105380 12253
p 2 2 7989 169 118473 12667
p 2 10 7927 223 99058 12028
p 2 13 7942 205 107753 12268
p 2 11 7909 240 103149 12078
p 2 9 7996 155 117205 12536
p 2 13 7916 231 91001 11840
p 2 13 7928 219 99236 12018
p 2 6 7987 167 117835 12782
p 2 2 8021 137 91871 12042
p 2 4 7932 224 105074 12150
p 2 5 7974 181 100830 12136
p 2 4 7993 163 120883 12549
p 2 11 8008 141 87405 12033
p 2 5 7927 228 97623 11969
p 2 15 7966 179 115761 12680
p 2 4 7932 224 97186 11971
p 2 5 7987 168 108682 12574
p 2 12 7899 249 94627 11874
p 2 3 7963 194 105359 12167
p 2 5 7948 207 100505 12023
p 2 5 7994 161 110897 12492
p 2 3 7976 181 90633 11894
p 2 2 8021 137 102586 12235
p 2 5 8019 136 120974 12892
p 2 2 8016 142 90254 11929
p 2 2 7882 276 101392 11761
p 2 8 7897 255 92456 11926
p 2 8 7880 272 95430 11898
p 2 12 7957 191 104995 12458
p 2 6 7901 253 88217 11837
p 2 9 7935 216 94440 11943
p 2 1 8015 144 112510 12584
p 2 4 8030 126 91920 12051
p 2 2 7948 210 103962 12055
p 2 2 8008 150 110528 12628
p 2 6 7937 217 88874 11840
p 2 7 7982 171 99650 12162
p 2 5 7979 176 108207 12612
p 2 2 8009 149 92768 11979
p 2 1 7962 197 100581 12103
p 2 4 8001 155 109230 12719
p 2 1 7933 226 97752 11996
p 2 2 7998 160 114995 12593
p 2 7 7899 254 93614 12003
p 2 12 7963 185 112802 12614
p 2 5 8023 132 119046 13125
p 2 3 8059 98 93597 12179
p 2 4 7962 194 102097 12283
p 2 2 8005 153 97159 12121
p 2 2 7997 161 113495 12552
p 2 6 7986 168 114633 12858
p 2 0 7981 179 86164 11891
p 2 2 7982 176 100239 12104
p 2 0 7940 220 96648 11959
p 2 6 7996 158 106136 12568
p 2 3 7935 222 93612 11865
p 2 7 7975 178 102592 12164
p 2 3 7921 236 95995 11931
p 2 0 7966 194 110694 12399
p 2 6 7908 246 87275 11846
p 2 1 8000 159 108463 12492
p 2 1 7946 213 91528 11881
p 2 2 7968 190 96278 11909
p 2 10 8019 131 117022 12732
p 2 4 8036 120 102892 12815
p 2 4 7921 235 86321 11793
p 2 8 7953 199 96360 12135
p 2 6 7904 250 86618 11806
p 2 1 7982 177 101567 12301
p 2 1 7998 161 88521 11813
p 2 1 7977 182 92699 11991
p 2 3 7899 258 94033 11751
p 2 4 7978 178 83719 11774
p 2 1 8027 132 101746 12283
p 2 10 7986 164 75164 11745
p 2 0 7909 251 84620 11769
p 2 1 7981 178 101932 12431
p 2 1 7934 225 85721 11718
p 2 4 7977 179 96555 12431
p 2 2 7893 265 84743 11745
p 2 0 7982 178 100914 12456
p 2 4 7889 267 83301 11739
p 2 3 7973 184 97628 12476
p 2 10 7927 223 83790 11820
p 2 9 7973 178 96216 12179
p 2 1 7897 262 90609 11863
p 2 4 7979 177 99139 12552
p 2 1 7896 263 88683 11796
p 2 10 7939 211 102010 12484
p 2 0 7995 165 112363 12807
p 2 3 8037 120 81389 11917
p 2 8 7926 226 92786 11986
p 2 3 8025 132 108697 12717
p 2 7 8008 145 105736 12710
p 2 7 8002 151 90526 11889
p 2 6 7915 239 97489 11897
p 2 6 7987 167 108994 12627
p 2 8 7939 213 101990 12590
p 2 13 8001 146 104528 12771
p 2 3 7955 202 92217 11851
p 2 6 7930 224 92451 12007
p 2 2 7971 187 105297 12497
p 2 7 8005 148 88028 11852
p 2 3 7884 273 96414 11867
p 2 8 8021 131 108610 12513
p 2 13 7918 229 84002 11796
p 2 1 7921 238 94250 11942
p 2 9 7972 179 105857 12483
p 2 3 7926 231 87227 11787
p 2 6 7884 270 95958 12068
i 2 8160 0 0 243094 30243
p 2 19 6646 1495 80315 8966
p 2 5 5795 2360 72252 7920
p 2 5 6529 1626 71367 9235
p 2 15 5761 2384 59863 7928
p 2 2 5902 2256 68285 8205
p 2 20 6517 1623 80102 9556
p 2 1 6040 2119 66948 8586
p 2 19 6198 1943 72310 8918
p 2 6 6031 2123 69873 8768
p 2 11 6996 1153 79523 9842
p 2 15 6919 1226 69104 9753
p 2 10 6944 1206 79400 10285
p 2 8 6871 1281 62622 9390
p 2 0 7055 1105 78510 10048
p 2 40 7241 879 74434 10459
p 2 2 6452 1706 65000 8849
p 2 3 6821 1336 66457 9666
p 2 13 7319 828 90352 11154
p 2 14 7087 1059 52891 9495
p 2 15 6318 1827 60330 8756
p 2 3 7090 1067 81903 10487
p 2 10 6786 1364 61919 9267
p 2 3 6832 1325 64926 9443
p 2 5 7163 992 90765 10983
p 2 3 7547 610 81472 11087
p 2 4 7396 760 66514 10507
p 2 1 7010 1149 73545 10078
p 2 15 7295 850 69299 10637
p 2 2 7764 394 87013 11922
p 2 14 7393 753 71306 10648
p 2 10 7174 976 63196 10175
p 2 5 6651 1504 64433 9169
p 2 8 6886 1266 67402 9809
p 2 9 6995 1156 67311 10162
p 2 3 7125 1032 69091 10090
p 2 34 7229 897 87520 11279
p 2 17 7120 1023 64710 10213
p 2 10 6820 1330 61221 9395
p 2 42 7126 992 84605 10944
p 2 8 6859 1293 63678 9462
p 2 5 6780 1375 70932 9605
p 2 38 7445 677 85180 11650
p 2 2 7309 849 73703 10388
p 2 9 6713 1438 61235 9290
p 2 17 7122 1021 82648 10818
p 2 4 6769 1387 62164 9307
p 2 9 6761 1390 71384 9584
p 2 7 7356 797 98442 11239
p 2 5 7579 576 85072 11129
p 2 4 7363 793 74858 10614
p 2 5 7499 656 90926 11294
p 2 8 6968 1184 65031 9563
p 2 5 7109 1046 74730 10087
p 2 3 6684 1473 71053 9479
p 2 1 6930 1229 77190 9823
p 2 3 7114 1043 86887 10353
p 2 5 7136 1019 77930 10463
p 2 3 6724 1433 64837 9401
p 2 5 6941 1214 75459 9886
p 2 48 6789 1323 89845 10505
p 2 4 7015 1141 78422 9928
p 2 6 6431 1723 69868 9069
p 2 35 6994 1131 97236 10847
p 2 3 7232 925 94128 10490
p 2 4 7188 968 73452 10205
p 2 24 7396 740 97455 11499
p 2 4 7174 982 71868 9800
p 2 3 7148 1009 82021 10154
p 2 21 7355 784 100728 11374
p 2 2 6903 1255 72599 9516
p 2 3 6936 1221 84228 9879
p 2 2 7482 676 96245 11120
p 2 2 7331 827 63998 9882
p 2 4 6287 1869 66789 8472
p 2 4 7148 1008 92902 10383
p 2 6 6668 1486 71037 8955
p 2 4 6781 1375 78662 9348
p 2 5 6987 1168 92511 10124
p 2 2 6440 1718 78862 9181
p 2 3 5890 2267 69124 8206
p 2 2 6218 1940 71567 8659
p 2 7 7107 1046 79307 10103
p 2 2 6825 1333 76642 9156
p 2 2 6823 1335 95272 9855
p 2 0 7011 1149 84394 9947
p 2 4 6490 1666 77415 9037
p 2 16 7076 1068 101873 10585
p 2 8 7401 751 94329 10755
p 2 2 6985 1173 69266 9387
p 2 5 7106 1049 92904 10298
p 2 3 7040 1117 76862 9615
p 2 3 7041 1116 82170 9951
p 2 39 7025 1096 103187 10510
p 2 5 6585 1570 82092 9053
p 2 2 6861 1297 82529 9802
p 2 1 6991 1168 80517 10071
p 2 3 7008 1149 78749 9656
p 2 2 7197 961 92542 10420
p 2 2 7119 1039 77495 9702
p 2 2 6454 1704 80935 8940
p 2 6 6929 1225 84331 9939
p 2 9 6826 1325 80340 9649
p 2 4 6992 1164 88528 9895
p 2 6 6601 1553 71689 9292
p 2 3 6853 1304 85388 9795
p 2 8 6348 1804 73750 8930
p 2 3 6657 1500 78254 9263
p 2 36 7360 764 108230 11355
p 2 3 7292 865 87243 10524
p 2 7 6660 1493 77267 9302
p 2 39 7054 1067 103205 10729
p 2 2 7406 752 80218 10575
p 2 12 7198 950 89725 10414
p 2 34 6981 1145 90668 10413
p 2 5 7013 1142 84281 10026
p 2 3 6490 1667 75844 9036
p 2 23 6823 1314 95797 10166
p 2 3 7249 908 94315 10374
p 2 5 7203 952 85754 10369
p 2 5 6951 1204 83650 10203
p 2 6 6911 1243 82440 9563
p 2 7 6601 1552 79200 9287
p 2 10 7195 955 97179 10806
p 2 16 6782 1362 77687 9435
p 2 4 7004 1152 87188 9890
p 2 7 6617 1536 81196 9437
p 2 4 6804 1352 81875 9415
p 2 2 7250 908 85181 10329
p 2 2 7062 1096 76688 9710
p 2 16 6264 1880 75572 8758
p 2 2 6713 1445 83335 9515
p 2 44 7380 736 104549 11621
p 2 4 7117 1039 75979 9546
p 2 6 6368 1786 79638 8685
p 2 35 7239 886 93208 11208
p 2 5 6762 1393 69816 9326
p 2 5 7018 1137 82426 9900
p 2 29 6819 1312 92642 10505
p 2 11 6988 1161 79542 9919
p 2 8 6617 1535 73325 9306
p 2 20 7108 1032 98205 10889
p 2 4 6706 1450 70910 9323
p 2 0 6870 1290 72795 9539
p 2 3 7884 273 86529 11972
p 2 6 7743 411 75579 10832
p 2 15 7652 493 83763 11372
p 2 4 7541 615 73337 10363
p 2 2 6614 1544 73359 9038
p 2 3 7045 1112 77375 9978
p 2 5 6570 1585 68962 9287
p 2 4 5797 2359 64013 7948
p 2 1 6574 1585 71006 9186
p 2 6 6505 1649 71064 9117
p 2 5 6765 1390 69371 9369
p 2 0 6877 1283 72555 9766
p 2 0 6216 1944 69368 8732
p 2 4 5563 2593 65828 7701
p 2 4 6576 1580 67268 9183
p 2 11 6867 1282 76365 9838
p 2 7 5790 2363 63529 8178
p 2 3 6158 1999 68694 8668
p 2 7 5834 2319 68631 8364
p 2 5 5962 2193 73300 8473
p 2 3 5471 2686 67703 7775
p 2 1 5708 2451 71184 8107
p 2 11 5477 2672 62712 7705
p 2 6 5800 2354 73352 8242
p 2 112 6846 1202 104794 11216
p 2 3 7217 940 86260 10401
p 2 3 6617 1540 79128 9438
p 2 48 6649 1463 94443 10416
p 2 2 6722 1436 91031 9654
p 2 5 6240 1915 80298 8898
p 2 73 6416 1671 83020 10017
p 2 9 5803 2348 69802 8064
p 2 1 6440 1719 87680 9170
p 2 5 6770 1385 90918 10281
p 2 1 6192 1967 73472 8597
p 2 0 6356 1804 81485 8978
p 2 11 6284 1865 90113 9422
p 2 4 6273 1883 89118 8968
p 2 6 6024 2130 67028 8442
p 2 3 6234 1923 77114 8822
p 2 3 6638 1519 92386 9624
p 2 37 6712 1411 92738 9548
p 2 3 6009 2148 80360 8433
p 2 5 6247 1908 75295 8872
p 2 3 5787 2370 69310 8079
p 2 4 5788 2368 78095 8298
p 2 2 5777 2381 66972 7973
p 2 6 5822 2332 79434 8199
p 2 3 6549 1608 84979 9257
p 2 5 7310 845 96783 10510
p 2 2 6734 1424 90121 9748
p 2 8 6552 1600 86257 9510
p 2 6 6540 1614 95830 9485
p 2 3 6351 1806 78353 9070
p 2 3 6706 1451 85691 9848
p 2 3 6593 1564 76328 9112
p 2 8 6657 1495 83781 9472
p 2 5 6716 1439 89328 9898
p 2 11 6017 2132 70349 8475
p 2 17 6086 2057 80791 8793
p 2 3 6086 2071 75053 8704
p 2 5 6203 1952 77625 8886
p 2 1 5815 2344 62403 8170
p 2 6 5915 2239 69753 8337
p 2 7 6660 1493 83097 9546
p 2 2 6447 1711 67046 8832
p 2 9 6520 1631 79971 9387
p 2 7 6189 1964 67397 8516
p 2 10 5869 2281 74264 8283
p 2 2 6410 1748 73607 9363
p 2 4 6038 2118 67322 8360
p 2 1 6097 2062 75623 8459
p 2 9 6176 1975 73851 8874
p 2 5 6852 1303 82192 9773
p 2 8 6596 1556 78666 9471
p 2 4 6345 1811 76016 9286
p 2 10 5716 2434 63825 8075
p 2 5 5750 2405 74565 8351
p 2 11 6505 1644 79824 9695
p 2 6 6268 1886 72914 8654
p 2 1 5352 2807 71897 7635
p 2 11 6231 1918 78155 9181
p 2 2 6431 1727 82925 9311
p 2 10 6218 1932 73058 8994
p 2 4 5815 2341 62756 8377
p 2 5 5458 2697 65127 7746
p 2 4 5641 2515 62467 8051
p 2 8 6025 2127 69963 8833
p 2 16 5683 2461 62536 8102
p 2 2 5268 2890 63348 7480
p 2 4 6399 1757 74939 9285
p 2 6 6056 2098 56732 8133
p 2 5 5488 2667 62953 7663
p 2 4 6090 2066 77797 8964
p 2 5 5654 2501 64730 7996
p 2 6 5693 2461 69779 8297
p 2 1 6138 2021 70899 8949
p 2 12 6760 1388 81987 9877
p 2 1 5803 2356 62383 8197
p 2 10 5832 2318 71481 8412
p 2 6 5447 2707 59783 7754
p 2 8 5849 2303 71530 8396
p 2 4 6531 1625 81344 9573
p 2 24 6012 2124 72385 8731
p 2 2 6303 1855 78075 9081
p 2 10 6352 1798 75291 9427
p 2 0 5627 2533 65779 7987
p 2 13 5769 2378 74166 8385
p 2 4 5827 2329 62223 8508
p 2 4 5950 2206 70159 8535
p 2 15 5552 2593 64632 8024
p 2 3 6026 2131 70205 8858
p 2 10 5423 2727 61879 7885
p 2 11 5605 2544 69628 8170
p 2 20 6566 1574 97721 10183
p 2 5 6280 1875 67482 8979
p 2 11 6321 1828 72820 9185
p 2 12 6251 1897 77768 9243
p 2 6 5520 2634 62024 7840
p 2 16 5713 2431 70840 8331
p 2 10 6878 1272 90613 10530
p 2 18 6941 1201 84082 10112
p 2 13 6098 2049 60447 8565
p 2 8 6126 2026 79237 9129
p 2 2 6359 1799 75065 9063
p 2 9 6582 1569 78356 9479
p 2 2 6577 1581 80095 9773
p 2 2 6002 2156 64531 8351
p 2 2 5849 2309 70176 8393
p 2 7 5974 2179 73368 8691
p 2 6 5959 2195 75960 8507
p 2 14 6317 1829 66221 9197
p 2 22 6526 1612 80532 9841
p 2 14 5542 2604 61072 7859
p 2 17 5123 3020 66319 7523
p 2 5 7810 345 103013 12179
p 2 6 6760 1394 72961 9562
p 2 12 6119 2029 64444 8484
p 2 11 6073 2076 78277 8798
p 2 11 6204 1945 68866 8999
p 2 9 5815 2336 76689 8478
p 2 14 6766 1380 81486 10146
p 2 0 7033 1127 81930 10101
p 2 14 6274 1872 76023 9106
p 2 1 6648 1511 78507 9885
p 2 5 6289 1866 80388 9144
p 2 2 6460 1698 79608 9425
p 2 11 6557 1592 82722 9822
p 2 3 5832 2325 64557 8269
p 2 4 5954 2202 71742 8707
p 2 4 5942 2214 70256 8731
p 2 15 6049 2096 73424 8903
p 2 1 5741 2418 65930 8189
p 2 9 5891 2260 78389 8835
p 2 8 6419 1733 79803 9518
p 2 3 6109 2048 62432 8493
p 2 11 5865 2284 73339 8482
p 2 7 5721 2432 69109 8109
p 2 5 5900 2255 75179 8489
p 2 2 6191 1967 77885 9181
p 2 10 5676 2474 74904 8317
p 2 7 5192 2961 72642 7588
i 2 8160 0 0 299684 32315
p 2 15 5614 2531 102361 8642
p 2 9 5249 2902 90328 7689
p 2 8 4733 3419 91276 7221
p 2 13 3731 4416 83336 6069
p 2 4 4350 3806 90971 6855
p 2 7 3836 4317 83853 6187
p 2 11 5144 3005 96191 7799
p 2 16 4539 3605 80362 6966
p 2 7 4027 4126 71888 6322
p 2 8 3773 4379 80004 6115
p 2 8 3594 4558 73997 5863
p 2 9 3489 4662 78167 5732
p 2 7 3076 5077 71645 5290
p 2 4 2808 5348 77294 5033
p 2 7 4004 4149 87915 6440
p 2 8 3498 4654 73642 5788
p 2 8 2950 5202 71214 5201
p 2 7 2724 5429 75484 4958
p 2 5 3770 4385 73876 6027
p 2 6 4365 3789 79978 6769
p 2 10 2966 5184 77279 5223
p 2 13 2961 5186 76275 5236
p 2 6 2623 5531 70234 4827
p 2 9 3046 5105 72527 5317
p 2 8 2667 5485 74611 4928
p 2 18 2676 5466 73623 4967
p 2 9 2452 5699 69401 4751
p 2 5 2584 5571 72255 4846
p 2 4 2340 5816 70583 4553
p 2 8 2319 5833 73799 4505
p 2 13 2228 5919 64025 4473
p 2 6 2762 5392 71882 4967
p 2 6 2392 5762 73254 4569
p 2 9 2182 5969 73853 4421
p 2 5 2169 5986 67629 4310
p 2 7 1969 6184 68194 4130
p 2 8 1656 6496 68482 3831
i 2 8160 0 0 403530 38704
p 2 6 5344 2810 80988 7950
p 2 2 4857 3301 67755 7076
p 2 1 2618 5541 62907 4772
p 2 2 4418 3740 66774 6590
p 2 6 4850 3304 73936 7093
p 2 4 4022 4134 62996 6234
p 2 2 4628 3530 74993 6988
p 2 8 3446 4706 60756 5609
p 2 3 3667 4490 69786 5966
p 2 2 2990 5168 59497 5154
p 2 0 3078 5082 65020 5319
p 2 5 2563 5592 58402 4679
p 2 3 2695 5462 65113 4891
p 2 4 2446 5710 55444 4515
p 2 4 2253 5903 64355 4409
p 2 4 2315 5841 71313 4521
p 2 2 2498 5660 54400 4558
p 2 2 1881 6277 57443 4037
p 2 3 1815 6342 66821 3955
i 2 8160 0 0 241024 30736
p 2 2 5448 2710 65840 7653
p 2 0 5022 3138 49108 6696
p 2 0 3552 4608 53799 5303
p 2 0 4100 4060 47825 5862
p 2 0 4002 4158 39560 5651
p 2 0 2583 5577 46577 4386
p 2 0 3417 4743 43745 5154
p 2 0 3829 4331 48004 5602
p 2 0 3461 4699 44925 5197
p 2 0 2392 5768 46937 4104
p 2 0 3510 4650 51501 5272
p 2 1 3518 4641 42232 5319
p 2 0 3798 4362 33772 5443
p 2 0 2356 5804 36687 4053
p 2 0 3351 4809 46992 5161
p 2 0 3031 5129 37536 4781
p 2 0 3262 4898 42570 4893
p 2 0 2644 5516 38715 4335
p 2 0 3807 4353 48767 5470
p 2 0 3594 4566 35431 5202
p 2 0 2635 5525 39486 4293
p 2 0 2494 5666 37220 4161
p 2 0 2683 5477 39003 4378
p 2 0 2556 5604 36513 4256
p 2 0 2432 5728 40018 4153
p 2 0 2539 5621 39221 4235
p 2 0 2383 5777 34548 3950
p 2 0 2919 5241 33846 4565
p 2 0 3006 5154 32436 4501
p 2 0 1908 6252 36526 3572
p 2 0 2286 5874 34565 3868
p 2 0 2449 5711 37871 4057
p 2 0 2352 5808 31863 3928
p 2 0 1730 6430 34239 3396
p 2 0 1720 6440 32003 3365
p 2 0 1783 6377 27215 3327
p 2 0 1366 6794 32340 2990
i 2 8160 0 0 279616 33575
p 2 2 4568 3590 45290 6597
p 2 4 3486 4670 42586 5133
p 2 3 4212 3945 55383 6114
p 2 5 3366 4789 37371 5061
p 2 4 2553 5603 38408 4258
p 2 6 3263 4891 46099 5044
p 2 9 2591 5560 38921 4302
p 2 4 2595 5561 43711 4425
p 2 0 3103 5057 52730 5026
p 2 4 2731 5425 45765 4596
p 2 6 2406 5748 41898 4191
p 2 1 2511 5648 50210 4360
p 2 1 2138 6021 36632 3884
p 2 5 1558 6597 41165 3316
p 2 3 1659 6498 39272 3407
p 2 0 1766 6394 43170 3585
p 2 0 1613 6547 41169 3430
p 2 2 1398 6760 44746 3245
p 2 5 1365 6790 41678 3159
p 2 1 1324 6835 46957 3110
p 2 2 1276 6882 39596 3044
p 2 5 1195 6960 44122 2980
i 2 8160 0 0 253543 31998
p 2 2 4284 3874 42416 6345
p 2 4 4341 3815 48148 6074
p 2 2 3119 5039 48921 4789
p 2 1 2143 6016 42969 3816
p 2 2 2646 5512 49211 4393
p 2 1 2167 5992 36463 3895
p 2 1 1866 6293 44799 3606
p 2 0 1639 6521 45004 3399
p 2 0 1641 6519 47115 3338
p 2 1 1729 6430 48582 3490
p 2 0 1627 6533 43564 3363
p 2 2 1344 6814 44589 3054
p 2 5 1285 6870 39554 3019
p 2 0 1221 6939 46119 2960
i 2 8160 0 0 276429 33463
p 2 0 4514 3646 52593 6446
p 2 2 3988 4170 55022 5758
p 2 4 3477 4679 56004 5336
p 2 0 2842 5318 47415 4612
p 2 2 1990 6168 51129 3750
p 2 0 2049 6111 44651 3785
p 2 2 2193 5965 55976 4024
p 2 2 2679 5479 59150 4619
p 2 1 2367 5792 56617 4313
p 2 2 1971 6187 52534 3814
p 2 4 1661 6495 56519 3532
p 2 3 1527 6630 54357 3378
p 2 1 1620 6539 59519 3470
p 2 1 1430 6729 46137 3246
p 2 1 1408 6751 53166 3233
p 2 0 1308 6852 49855 3148
p 2 1 1234 6925 50966 3095
i 2 8160 0 0 253372 32359
p 2 2 3717 4441 54887 5715
p 2 2 4485 3673 50405 6140
p 2 3 2504 5653 49581 4235
p 2 1 3290 4869 52296 5017
p 2 1 3459 4700 54249 5346
p 2 4 2713 5443 47340 4501
p 2 1 2002 6157 49153 3827
p 2 5 2276 5879 46672 4113
p 2 1 3265 4894 51688 5078
p 2 0 2615 5545 41282 4324
p 2 1 2007 6152 40218 3717
p 2 1 2219 5940 48365 3983
p 2 2 2214 5944 41243 3912
p 2 1 2082 6077 45211 3807
p 2 2 2790 5368 44927 4464
p 2 2 1692 6466 45467 3434
p 2 0 2634 5526 47160 4408
p 2 2 2389 5769 39686 4086
p 2 0 1981 6179 41346 3678
p 2 3 1834 6323 39507 3556
p 2 3 1986 6171 42656 3709
p 2 0 1792 6368 38478 3474
p 2 2 1621 6537 41244 3286
p 2 1 1435 6724 38461 3167
p 2 1 1562 6597 42616 3244
p 2 2 1541 6617 37762 3245
p 2 1 1417 6742 39559 3134
p 2 3 1401 6756 35956 3118
p 2 0 1307 6853 36608 3004
p 2 1 1149 7010 35207 2845
p 2 2 1142 7016 36288 2838
p 2 0 1146 7014 34881 2822
p 2 1 1113 7046 39310 2823
i 2 8160 0 0 392387 37061
p 2 21 7798 341 112448 11496
p 2 4 8002 154 99175 11654
p 2 6 7952 202 109730 12057
p 2 1 8054 105 142274 13159
p 2 2 8010 148 101193 11995
p 2 3 7978 179 115713 12158
p 2 3 8050 107 136029 13009
p 2 2 7968 190 100962 11949
p 2 6 8018 136 115665 12282
p 2 4 7974 182 110624 12369
p 2 0 8035 125 131553 12771
p 2 1 7955 204 104123 12008
p 2 4 8014 142 117406 12325
p 2 4 7985 171 114336 12346
p 2 4 8057 99 137549 12909
p 2 6 8005 149 105310 12106
p 2 6 8023 131 119527 12328
p 2 1 7996 163 114951 12439
p 2 3 8075 82 132647 12883
p 2 5 7968 187 110286 12065
p 2 11 8017 132 124539 12375
p 2 4 8019 137 122803 12488
p 2 6 8066 88 144258 12917
p 2 4 8008 148 113166 12231
p 2 7 8062 91 135083 12592
p 2 3 8035 122 123220 12579
p 2 7 8073 80 143889 12958
p 2 4 7996 160 117637 12225
p 2 10 8042 108 129326 12408
p 2 8 8067 85 157213 13133
p 2 0 8048 112 116895 12111
p 2 5 8022 133 133541 12454
p 2 7 8062 91 125857 12499
p 2 5 8055 100 147476 12984
p 2 10 8029 121 121316 12404
p 2 5 8021 134 139840 12638
p 2 11 8128 21 183984 14108
p 2 1 8049 110 120345 12336
p 2 10 8028 122 133269 12501
p 2 6 7999 155 123929 12500
p 2 4 8072 84 152809 13016
p 2 9 8002 149 121383 12251
p 2 5 8014 141 134310 12446
p 2 6 8007 147 131129 12629
p 2 8 8066 86 154530 13032
p 2 7 8021 132 126661 12344
p 2 10 8069 81 141655 12762
p 2 8 8055 97 136422 12810
p 2 9 8097 54 177589 13312
p 2 12 8026 122 123051 12258
p 2 8 8014 138 137695 12548
p 2 6 8031 123 131471 12619
p 2 4 8066 90 156338 13064
p 2 3 7988 169 124921 12308
p 2 7 8013 140 132862 12538
p 2 4 8066 90 127033 12709
p 2 6 8103 51 152322 13066
p 2 6 7997 157 122805 12370
p 2 9 8033 118 130849 12531
p 2 2 8050 108 162541 13256
p 2 9 8056 95 122427 12464
p 2 6 8005 149 138712 12617
p 2 4 8106 50 155969 13243
p 2 4 7994 162 118526 12269
p 2 7 8011 142 134039 12597
p 2 10 8019 131 129308 12697
p 2 5 8052 103 150907 13009
p 2 6 7998 156 124130 12266
p 2 2 8012 146 134022 12484
p 2 1 8024 135 127664 12585
p 2 3 8080 77 150230 12994
p 2 6 8042 112 121194 12382
p 2 7 8063 90 141500 12715
p 2 6 8039 115 127119 12721
p 2 10 8060 90 151835 13130
p 2 2 7988 170 117738 12271
p 2 9 8015 136 130035 12432
p 2 4 8011 145 122928 12569
p 2 3 8034 123 146611 12962
p 2 10 7960 190 115547 12270
p 2 0 8035 125 127306 12511
p 2 8 7990 162 120149 12566
p 2 4 8060 96 141119 13005
p 2 7 7951 202 113568 12236
p 2 6 8028 126 124019 12540
p 2 5 7987 168 115933 12539
p 2 6 8051 103 140683 13026
p 2 5 7959 196 109273 12174
p 2 7 7990 163 119408 12427
p 2 3 7994 163 115560 12538
p 2 6 8052 102 136972 12965
p 2 3 7983 174 107686 12181
p 2 8 8006 146 122472 12435
p 2 7 7975 178 117831 12577
p 2 6 8033 121 144086 13009
p 2 38 7961 161 143200 12773
p 2 1 8013 146 132597 12550
p 2 2 8004 154 122950 12633
p 2 4 8017 139 147411 13018
p 2 5 7991 164 116805 12319
p 2 2 8032 126 132047 12516
p 2 4 8013 143 122243 12608
p 2 4 8054 102 150859 13079
p 2 1 7990 169 118661 12286
p 2 1 8020 139 131748 12547
p 2 5 8001 154 127616 12606
p 2 10 8054 96 149068 13053
p 2 4 7969 187 121805 12255
p 2 4 8012 144 132555 12454
p 2 3 8020 137 125732 12600
p 2 11 8060 89 149916 13063
p 2 9 7993 158 118941 12293
p 2 5 8000 155 132292 12467
p 2 15 7983 162 126915 12657
p 2 2 8060 98 150113 12993
p 2 2 7950 208 120339 12210
p 2 4 7988 168 130738 12512
p 2 5 7986 169 126122 12519
p 2 4 8061 95 150311 13022
p 2 10 7972 178 123135 12325
p 2 6 8053 101 142986 12759
p 2 6 8030 124 132264 12737
p 2 4 8075 81 160102 13164
p 2 16 8006 138 126210 12325
p 2 15 8009 136 135446 12570
p 2 6 8017 137 128906 12595
p 2 8 8078 74 154853 13055
p 2 7 7998 155 123148 12349
p 2 6 8036 118 134650 12587
p 2 3 8010 147 132042 12662
p 2 6 8074 80 155815 13083
p 2 10 7988 162 125935 12310
p 2 6 8020 134 136716 12526
p 2 9 8012 139 131398 12586
p 2 6 8056 98 154885 13061
p 2 13 7956 191 123774 12199
p 2 4 8056 100 137755 12575
p 2 2 8009 149 134833 12561
p 2 5 8085 70 160190 13142
p 2 7 7990 163 123398 12325
p 2 5 7960 195 136801 12453
p 2 5 8075 80 162877 13343
p 2 5 8054 101 125368 12404
p 2 3 8090 67 143361 12745
p 2 4 8090 66 141823 12750
p 2 3 8086 71 166829 13186
p 2 2 8043 115 127837 12320
p 2 14 7956 190 139009 12529
p 2 8 8072 80 168311 13302
p 2 10 7991 159 128310 12302
p 2 3 8015 142 142402 12502
p 2 8 8057 95 138576 12742
p 2 2 8087 71 162520 13121
p 2 7 8023 130 138682 12648
p 2 6 8078 76 169297 13155
p 2 8 7978 174 125219 12308
p 2 3 8011 146 144257 12524
p 2 0 8030 130 135669 12605
p 2 11 8072 77 159515 13161
p 2 2 8024 134 128583 12351
p 2 4 8011 145 141019 12588
p 2 4 7995 161 136959 12599
p 2 9 8075 76 161579 13098
p 2 6 7962 192 123848 12264
p 2 2 8040 118 139312 12571
p 2 10 8015 135 133556 12587
p 2 4 8057 99 156104 12951
p 2 8 8049 103 130302 12438
p 2 4 8023 133 152239 12632
p 2 11 8079 70 171853 13354
p 2 5 8024 131 119049 12289
p 2 5 7983 172 130297 12463
p 2 7 8061 92 162998 13253
p 2 5 7978 177 119357 12115
p 2 4 8006 150 133516 12438
p 2 6 7981 173 127013 12480
p 2 6 8067 87 151852 12971
p 2 4 7991 165 126127 12478
p 2 3 8071 86 152131 13113
p 2 8 7971 181 116565 12224
p 2 14 8003 143 134571 12545
p 2 5 7986 169 129572 12625
p 2 6 8070 84 149982 13031
p 2 2 7989 169 125734 12529
p 2 7 8065 88 154160 13083
p 2 5 7953 202 119394 12203
p 2 0 8021 139 128217 12407
p 2 2 8008 150 126663 12556
p 2 3 8073 84 153725 12937
p 2 1 8001 158 128392 12427
p 2 3 8061 96 157140 13067
p 2 2 8029 129 137746 12539
p 2 2 8097 61 180804 13070
p 2 7 8085 68 173391 13434
p 2 2 8048 110 124086 12322
p 2 5 7933 222 134530 12347
p 2 9 8047 104 169996 13222
p 2 9 7992 159 126208 12217
p 2 8 7983 169 142525 12467
p 2 4 7944 212 136366 12464
p 2 33 8050 77 188484 13600
p 2 6 7996 158 128825 12213
p 2 4 8020 136 142452 12460
p 2 1 8033 126 134939 12480
p 2 5 8080 75 161926 12874
p 2 5 7963 192 130854 12135
p 2 8 7994 158 143792 12387
p 2 7 8010 143 140518 12561
p 2 3 8077 80 165891 12933
p 2 9 7991 160 128283 12212
p 2 4 8021 135 146459 12462
p 2 7 7983 170 138222 12463
p 2 10 8053 97 164753 12973
p 2 6 7999 155 135448 12203
p 2 10 7899 251 134229 12007
p 2 4 8017 139 151480 12491
p 2 6 8062 92 145645 12607
p 2 4 8110 46 167356 13107
p 2 3 8044 113 132542 12263
p 2 6 7981 173 142999 12328
p 2 10 8078 72 171540 13160
p 2 7 8032 121 131224 12214
p 2 4 8031 125 146162 12330
p 2 7 7991 162 142173 12429
p 2 7 8070 83 170617 12875
p 2 6 7980 174 127863 12193
p 2 9 8016 135 146940 12359
p 2 3 8007 150 139149 12499
p 2 7 8061 92 162464 12881
p 2 8 7962 190 130604 12145
p 2 5 7997 158 146970 12375
p 2 5 7994 161 145802 12441
p 2 2 8066 92 175698 12836
p 2 17 7961 182 134634 12228
p 2 5 8002 153 153655 12429
p 2 3 7994 163 146145 12502
p 2 11 8047 102 169079 12898
p 2 9 7957 194 137210 12242
p 2 4 8018 138 159034 12665
p 2 9 8032 119 158706 12795
p 2 8 8082 70 207966 13335
p 2 14 8020 126 138997 12422
p 2 7 7976 177 149860 12379
p 2 13 8095 52 186300 13426
p 2 8 8051 101 135721 12417
p 2 5 7990 165 150598 12477
p 2 8 8074 78 175199 13357
p 2 8 7997 155 133982 12224
p 2 3 8019 138 143007 12451
p 2 8 7998 154 133588 12525
p 2 6 8078 76 165299 12956
p 2 4 7964 192 129021 12155
p 2 14 7987 159 142272 12430
p 2 0 8000 160 138194 12432
p 2 12 8049 99 165788 12929
p 2 3 8005 152 133260 12191
p 2 4 7948 208 127829 12036
p 2 3 7962 195 132290 12389
p 2 3 8047 110 133218 12461
p 2 9 8042 109 157928 12908
p 2 2 8004 154 122031 12119
p 2 4 7993 163 140653 12366
p 2 8 8020 132 132943 12444
p 2 14 8075 71 161650 12974
p 2 3 8014 143 126245 12146
p 2 5 7999 156 140770 12384
p 2 3 8033 124 131171 12489
p 2 6 8085 69 153021 12950
p 2 4 8037 119 126076 12284
p 2 1 8022 137 142811 12569
p 2 6 8084 70 165866 13341
p 2 5 8034 121 119525 12144
p 2 7 8004 149 134269 12253
p 2 4 7993 163 126324 12362
p 2 5 8077 78 152381 12723
p 2 3 7973 184 123704 11939
p 2 4 8031 125 137477 12283
p 2 4 7983 173 133385 12383
p 2 1 8064 95 158935 12718
p 2 4 8077 79 166522 13252
p 2 3 8043 114 121519 12151
p 2 8 7937 215 129513 12131
p 2 4 8077 79 165333 13018
p 2 4 8021 135 128054 12335
p 2 8 8074 78 158393 12931
p 2 6 7918 236 145350 12264
p 2 8 8122 30 196880 14021
p 2 6 8051 103 123214 12196
p 2 8 8035 117 149331 12491
p 2 5 8035 120 133264 12441
p 2 5 8063 92 162095 12872
p 2 6 7986 168 123681 11963
p 2 4 8000 156 136833 12209
p 2 5 8020 135 130848 12307
p 2 2 8074 84 158767 12720
p 2 4 7975 181 119878 11988
p 2 7 7992 161 137691 12242
p 2 7 8030 123 134229 12410
p 2 7 8054 99 156787 12801
p 2 11 7975 174 126191 12048
p 2 8 7959 193 136257 12151
p 2 8 8067 85 167944 13069
p 2 7 8016 137 119921 12133
p 2 6 7927 227 131136 12098
p 2 6 8057 97 162015 12917
p 2 8 7939 213 122928 11934
p 2 10 7970 180 136960 12250
p 2 6 7975 179 131713 12306
p 2 8 8053 99 156708 12755
p 2 9 7964 187 128689 11972
p 2 3 7872 285 124685 11721
p 2 12 7974 174 132857 12329
p 2 8 8034 118 133450 12381
p 2 6 8085 69 155599 12855
p 2 6 7977 177 121882 12087
p 2 5 7985 170 132665 12362
p 2 9 8065 86 156209 13116
p 2 3 8003 154 123786 12158
p 2 5 8059 96 152453 12835
p 2 9 7983 168 117394 11989
p 2 10 7979 171 133168 12174
p 2 2 7979 179 127421 12256
p 2 4 8059 97 148911 12692
p 2 4 7950 206 119608 12032
p 2 7 8001 152 130801 12268
p 2 3 8007 150 128491 12270
p 2 3 8056 101 150025 12688
p 2 7 7949 204 117981 11985
p 2 4 7978 178 133571 12190
p 2 1 7987 172 128144 12269
p 2 6 8037 117 150321 12653
p 2 5 7984 171 127776 12249
p 2 9 8040 111 156783 12848
p 2 6 7982 172 123612 11952
p 2 4 7866 290 122001 11767
p 2 2 7964 194 125105 12108
p 2 3 8046 111 132543 12439
p 2 8 8090 62 155277 12835
p 2 6 7990 164 113798 11895
p 2 3 7986 171 126875 12104
p 2 6 8011 143 125180 12213
p 2 6 8037 117 151602 12634
p 2 12 7976 172 120489 12005
p 2 9 7943 208 134225 12147
p 2 10 7992 158 125763 12243
p 2 8 8044 108 149305 12716
p 2 15 7989 156 122000 12197
p 2 7 8056 97 150051 12814
p 2 4 8012 144 120846 11951
p 2 6 7937 217 129616 12165
p 2 5 8016 139 122050 12202
p 2 11 8023 126 148815 12604
p 2 5 8004 151 118037 11940
p 2 8 7926 226 125557 12074
p 2 8 8085 67 154158 13005
p 2 4 7991 165 118258 11900
p 2 9 7958 193 130087 12140
p 2 3 7978 179 118654 12140
p 2 5 8044 111 141654 12612
p 2 5 7951 204 116161 11878
p 2 6 7903 251 122086 12031
p 2 3 8061 96 147105 12775
p 2 7 7987 166 115146 11803
p 2 5 7913 242 128648 11949
p 2 5 7991 164 125150 12047
p 2 6 8003 151 144724 12452
p 2 8 7973 179 119296 12066
p 2 10 7983 167 144752 12558
p 2 5 7946 209 114956 11751
p 2 6 7896 258 128165 11959
p 2 6 7928 226 124042 11979
p 2 3 7973 184 143617 12328
p 2 5 7855 300 116725 11738
p 2 13 7713 434 127638 11610
i 2 8160 0 0 271693 34193
p 2 39 7101 1020 116621 12201
p 2 30 7430 700 97595 12052
p 2 23 7092 1045 97937 11742
p 2 26 7398 736 105697 12395
p 2 27 7488 645 94955 12207
p 2 26 7222 912 98548 11978
p 2 11 7571 578 102812 12766
p 2 17 7291 852 91970 11918
p 2 17 7464 679 101229 12367
p 2 18 7310 832 98642 12051
p 2 22 7518 620 110434 12711
p 2 15 7330 815 100314 12061
p 2 20 7493 647 116236 12763
p 2 7 7438 715 95342 12139
p 2 14 7545 601 111250 12921
p 2 29 7363 768 99788 12108
p 2 12 7428 720 107981 12261
p 2 30 7238 892 103936 12061
p 2 17 7446 697 114634 12659
p 2 23 7345 792 107388 12243
p 2 29 7503 628 119293 12855
p 2 21 7366 773 99252 12288
p 2 24 7542 594 103907 12652
p 2 14 7696 450 118132 13184
p 2 22 7726 412 98236 12773
p 2 22 7615 523 106260 12782
p 2 11 7643 506 102490 12599
p 2 19 7680 461 114750 12916
p 2 16 7642 502 96674 12554
p 2 14 7641 505 109604 12940
p 2 19 7661 480 99713 12641
p 2 19 7570 571 103916 12574
p 2 18 7604 538 113741 13148
p 2 24 7536 600 102109 12473
p 2 20 7670 470 114115 13281
p 2 15 7496 649 103339 12513
p 2 24 7595 541 114908 13158
p 2 17 7806 337 116307 13609
p 2 24 7805 331 104285 12946
p 2 17 7645 498 111989 12863
p 2 19 7712 429 108047 12776
p 2 27 7720 413 118253 13192
p 2 26 7719 415 104810 12705
p 2 27 7585 548 112490 12667
p 2 30 7683 447 111853 13336
p 2 20 7653 487 105259 12761
p 2 24 7707 429 122125 13303
p 2 30 7734 396 111294 12850
p 2 19 7875 266 122949 13295
p 2 13 7744 403 114990 12799
p 2 20 7796 344 127869 13195
p 2 23 7668 469 112670 12717
p 2 22 7754 384 111049 12820
p 2 20 7793 347 119414 13320
p 2 24 7846 290 109014 12842
p 2 23 7673 464 115844 12829
p 2 24 7915 221 118298 13543
p 2 11 7745 404 105341 12643
p 2 21 7832 307 115387 13058
p 2 16 7704 440 110123 12676
p 2 15 7846 299 119451 13140
p 2 18 7695 447 110131 12552
p 2 15 7718 427 114272 12814
p 2 28 7854 278 119953 13411
p 2 20 7810 330 108602 12850
p 2 15 7791 354 119368 13173
p 2 19 7837 304 109565 12871
p 2 23 7744 393 116652 12995
p 2 18 7959 183 124588 13671
p 2 20 7875 265 116395 12990
p 2 11 7808 341 118939 12846
p 2 24 7847 289 128959 13399
p 2 15 7827 318 114804 12894
p 2 18 7796 346 125094 13239
p 2 15 7911 234 111413 12981
p 2 12 7686 462 114105 12771
p 2 22 7925 213 118314 13474
p 2 15 7760 385 109232 12777
p 2 16 7905 239 114419 13062
p 2 13 7717 430 109785 12663
p 2 5 7936 219 121842 13287
p 2 21 7789 350 111149 12905
p 2 21 7867 272 117939 13108
p 2 14 7903 243 117044 13393
p 2 26 7883 251 105592 12961
p 2 24 7762 374 112524 12995
p 2 12 7869 279 114750 13233
p 2 8 7778 374 106008 12711
p 2 7 7885 268 110552 13052
i 2 8160 0 0 302478 32979
p 2 51 7878 231 124942 12183
p 2 43 7971 146 123509 12463
p 2 28 7841 291 105114 12011
p 2 27 7900 233 115734 12340
p 2 45 7850 265 104303 12029
p 2 43 7966 151 115081 12568
p 2 38 7909 213 105416 12152
p 2 27 7954 179 118713 12515
p 2 33 7928 199 103470 12089
p 2 26 7961 173 113294 12484
p 2 32 7948 180 97951 11917
p 2 33 7940 187 102407 12016
p 2 22 7981 157 120798 12511
p 2 37 7922 201 98315 11940
p 2 19 7949 192 115783 12333
p 2 26 7908 226 97726 11885
p 2 21 7940 199 105279 11948
p 2 47 7959 154 112257 12469
p 2 33 7919 208 102146 11956
p 2 35 8001 124 111631 12534
p 2 28 7964 168 99579 11897
p 2 35 7988 137 110395 12225
p 2 34 7925 201 103476 12052
p 2 43 8010 107 119451 12542
p 2 33 7934 193 98699 11984
p 2 20 8005 135 114761 12543
p 2 44 7899 217 101799 12049
p 2 18 7996 146 111823 12493
p 2 27 7899 234 102351 11916
p 2 45 7880 235 110660 12086
p 2 25 7900 235 114503 12336
p 2 32 7948 180 119111 12682
p 2 24 7903 233 96060 11919
p 2 31 7879 250 102126 11950
p 2 32 7926 202 116931 12451
p 2 30 7972 158 116332 12769
p 2 26 7919 215 101753 12089
p 2 20 7902 238 107238 12069
p 2 23 7934 203 112704 12476
p 2 29 7967 164 118024 12878
p 2 27 7886 247 96631 11997
p 2 19 7937 204 106109 12281
p 2 26 7866 268 101788 12042
p 2 26 7936 198 112750 12489
p 2 19 7877 264 117410 12705
p 2 17 7862 281 106976 12113
p 2 34 7797 329 105972 11949
p 2 28 7961 171 117310 12742
p 2 33 7849 278 99316 11834
p 2 25 7967 168 110331 12174
p 2 33 7894 233 105528 12105
p 2 20 7915 225 116236 12498
p 2 30 7844 286 107517 12046
p 2 31 7926 203 112938 12277
p 2 32 7917 211 118504 12734
p 2 33 7837 290 98077 12087
p 2 21 7818 321 107689 12113
p 2 26 7778 356 102149 12008
p 2 21 7858 281 111205 12357
p 2 22 7756 382 104248 11936
p 2 22 7758 380 107322 11975
p 2 25 7901 234 116584 12614
p 2 37 7889 234 118527 12895
p 2 22 7799 339 99418 12015
p 2 23 7778 359 107054 11957
p 2 34 7725 401 106131 11961
p 2 31 7812 317 114408 12413
p 2 36 7682 442 103993 11912
p 2 24 7765 371 111954 12023
p 2 22 7693 445 110408 11914
p 2 30 7792 338 122492 12383
p 2 24 7989 147 140188 13670
p 2 25 7919 216 106955 12402
p 2 34 7828 298 108683 12269
p 2 27 7837 296 125305 12773
p 2 34 7768 358 103954 11993
p 2 28 7768 364 110778 12022
p 2 21 7889 250 119141 12582
p 2 22 7835 303 99914 11960
p 2 24 7776 360 109897 12070
p 2 39 7739 382 103187 12032
p 2 37 7862 261 114363 12565
p 2 35 7737 388 97904 11878
p 2 36 7743 381 108003 12186
p 2 21 7732 407 100707 11903
p 2 30 7820 310 112628 12448
p 2 27 7733 400 97169 11914
p 2 20 7703 437 106495 11917
p 2 37 7713 410 101653 11927
p 2 19 7805 336 108479 12290
p 2 21 7783 356 102258 11906
p 2 25 7815 320 107243 12061
p 2 29 7868 263 115795 12529
p 2 28 7746 386 93491 11796
p 2 31 7700 429 103467 11712
p 2 20 7621 519 100322 11743
p 2 38 7671 451 99426 11762
p 2 24 7819 317 107311 12188
p 2 26 7712 422 97090 11747
p 2 16 7590 554 104942 11822
p 2 24 7731 405 107050 12338
p 2 23 7642 495 97800 11845
p 2 37 7723 400 104050 12333
p 2 21 7670 469 93878 11955
p 2 12 7735 413 101826 12175
p 2 21 7569 570 94603 11578
p 2 12 7701 447 98602 11795
p 2 15 7574 571 97376 11608
p 2 16 7846 298 101084 11948
i 2 8160 0 0 256301 32477
p 2 9 7627 524 72448 10870
p 2 2 7294 864 72031 10336
p 2 5 7497 658 80783 11386
p 2 2 7193 965 63185 10197
p 2 3 7317 840 71174 10674
p 2 2 7091 1067 68483 10221
p 2 1 7482 677 80820 11165
p 2 1 7010 1149 61707 10157
p 2 0 7328 832 70686 10722
p 2 2 7052 1106 66587 10298
p 2 1 7445 714 75756 11184
p 2 11 6996 1153 65205 10166
p 2 8 7310 842 70984 10784
p 2 2 6993 1165 67128 10257
p 2 3 7439 718 78362 11223
p 2 0 7049 1111 63031 10315
p 2 7 7485 668 74764 11395
p 2 0 7055 1105 63268 10247
p 2 0 7353 807 67307 10704
p 2 0 7065 1095 63962 10301
p 2 0 7399 761 73360 11177
p 2 1 7067 1092 63583 10267
p 2 2 7427 731 74745 11251
p 2 1 7249 910 57786 10433
p 2 7 7469 684 65606 11135
p 2 1 7168 991 60929 10428
p 2 1 7481 678 68623 11249
p 2 2 6904 1254 57121 10016
p 2 1 7308 851 62962 10677
p 2 2 6974 1184 60096 10203
p 2 3 7292 865 69526 10976
p 2 6 6888 1266 53953 10030
p 2 3 7236 921 59615 10624
p 2 6 7495 659 72834 11411
p 2 2 7438 720 54684 10592
p 2 1 7037 1122 60509 10338
p 2 0 7483 677 64927 11407
p 2 2 6964 1194 53453 10083
p 2 5 7282 873 58924 10651
p 2 2 6921 1237 54539 10162
p 2 4 7315 841 64390 11049
p 2 0 6970 1190 53931 10102
p 2 0 7189 971 58484 10547
p 2 0 6898 1262 55841 10120
p 2 1 7284 875 64171 10984
p 2 0 6877 1283 52403 9968
p 2 1 7300 859 56654 10675
p 2 0 7152 1008 55632 10350
p 2 0 7432 728 67403 11258
p 2 0 6945 1215 51812 10004
p 2 2 7217 941 56300 10527
p 2 0 6800 1360 53565 9955
p 2 0 7261 899 61553 10896
p 2 0 6844 1316 50215 9881
p 2 0 7237 923 53252 10547
p 2 0 6756 1404 50209 9898
p 2 0 7213 947 58772 10863
p 2 0 6774 1386 48523 9785
p 2 0 7123 1037 53124 10408
p 2 1 6705 1454 51217 9879
p 2 2 7228 930 57934 10931
p 2 0 6789 1371 47350 9824
p 2 0 7103 1057 51321 10354
p 2 1 6838 1321 49015 10025
p 2 1 7185 974 56483 10816
p 2 0 6752 1408 48073 9823
p 2 0 6991 1169 52290 10243
p 2 1 6858 1301 49352 9957
p 2 1 7128 1031 58517 10732
p 2 0 6753 1407 48517 9826
p 2 0 7209 951 53442 10549
p 2 0 6983 1177 50825 10215
p 2 2 7481 677 60592 11332
p 2 0 6883 1277 46151 9923
p 2 0 7067 1093 48934 10257
p 2 0 6659 1501 45211 9754
p 2 1 7107 1052 53423 10691
p 2 1 6702 1457 44228 9843
p 2 0 7238 922 52989 10856
p 2 0 6754 1406 44139 9731
p 2 1 7049 1110 47249 10233
p 2 0 6687 1473 45452 9756
p 2 0 7097 1063 51737 10676
p 2 0 6618 1542 43180 9605
p 2 0 7019 1141 47863 10150
p 2 1 6725 1434 43421 9797
p 2 1 7089 1070 51852 10575
p 2 1 6684 1475 42246 9599
p 2 1 6960 1199 45290 10111
p 2 2 6609 1549 42966 9643
p 2 1 6998 1161 49582 10470
p 2 0 6530 1630 40939 9476
p 2 0 6849 1311 43491 9945
p 2 1 6551 1608 40922 9553
p 2 2 6988 1170 47428 10372
p 2 3 6820 1337 39208 9739
p 2 3 7054 1103 42818 10375
p 2 0 6802 1358 38832 9814
p 2 0 7098 1062 46072 10592
p 2 0 6621 1539 36908 9477
p 2 0 6927 1233 39667 9977
p 2 0 6536 1624 37678 9500
p 2 0 6958 1202 43114 10279
p 2 0 6672 1488 37022 9585
p 2 0 7052 1108 43651 10523
p 2 1 6709 1450 37545 9743
p 2 0 6684 1476 34222 9426
p 2 0 7044 1116 41646 10323
p 2 0 7097 1063 36871 10088
p 2 0 7346 814 44095 10870
p 2 0 7157 1003 34482 9974
p 2 1 6841 1318 35871 9813
p 2 0 6906 1254 35086 9854
p 2 0 7084 1076 40921 10383
p 2 0 6856 1304 33526 9654
p 2 0 6647 1513 35028 9579
p 2 2 6846 1312 33821 9726
p 2 2 6892 1266 38100 10085
p 2 5 6686 1469 31022 9509
p 2 1 6638 1521 33888 9703
i 2 8160 0 0 22578 22578
p 2 35 120 8005 7059 1373
p 2 3377 4382 401 41573 17157
p 2 2683 5302 175 51526 19183
p 2 2258 5652 250 53911 18783
p 2 2238 5676 246 58962 19022
p 2 2015 6062 83 56955 19833
p 2 1748 6195 217 56288 18069
p 2 1514 6551 95 59543 19184
p 2 1297 6757 106 62977 18042
p 2 1190 6916 54 65385 18821
p 2 1069 6989 102 65306 17638
p 2 1001 7109 50 67286 18746
p 2 911 7132 117 67806 17191
p 2 834 7322 4 72909 18929
p 2 672 7406 82 71366 16997
p 2 699 7433 28 72523 18554
p 2 635 7357 168 70357 16919
p 2 608 7547 5 81218 18953
p 2 522 7566 72 71791 16792
p 2 545 7592 23 75755 18568
p 2 497 7601 62 73056 16869
p 2 446 7709 5 80474 18611
p 2 439 7663 58 78554 17223
p 2 415 7690 55 75199 18093
p 2 430 7643 87 77516 16763
p 2 347 7772 41 84134 18270
p 2 0 6522 1638 27031 9902
p 2 7 7073 1080 32836 10625
p 2 2 5730 2428 29751 7682
p 2 1 6271 1888 34159 8573
p 2 1 6056 2103 38087 8451
p 2 1 6277 1882 38647 8705
p 2 0 5570 2590 32799 7547
p 2 0 5648 2512 38314 7850
p 2 0 5957 2203 42960 8300
p 2 0 4580 3580 18274 5908
p 2 0 2418 5742 12435 3599
p 2 0 2181 5979 12938 3359
p 2 0 2038 6122 13263 3221
p 2 0 2049 6111 14660 3245
p 2 0 1179 6981 3613 2287
p 2 0 1013 7147 3175 2084
p 2 0 890 7270 3147 1982
p 2 0 828 7332 2661 1887
p 2 0 522 7638 1850 1596
p 2 0 418 7742 1823 1499
p 2 0 319 7841 1763 1411
p 2 0 1512 6648 4743 2584
p 2 0 1261 6899 3482 2336
p 2 0 767 7393 2865 1863
p 2 0 3657 4503 18357 5290
p 2 0 4407 3753 22988 6382
p 2 0 4371 3789 23374 6316
p 2 0 4623 3537 26998 6758
p 2 0 4890 3270 29862 7121
p 2 0 4890 3270 27593 7183
p 2 0 4639 3521 24776 6680
p 2 0 4599 3561 26947 6766
p 2 0 5142 3018 30871 7426
p 2 0 5081 3079 30223 7417
p 2 0 4791 3369 26190 6831
p 2 0 4735 3425 29621 6902
p 2 0 5218 2942 33684 7482
p 2 0 5187 2973 31246 7393
p 2 0 5214 2946 35394 7510
p 2 0 3679 4481 9490 4923
p 2 0 2564 5596 6580 3723
p 2 0 1897 6263 4307 2965
p 2 0 1000 7160 2502 2086
p 2 0 760 7400 2357 1837
p 2 0 748 7412 2485 1829
p 2 0 2792 5368 7949 3940
p 2 0 2031 6129 5399 3121
p 2 0 1416 6744 3630 2474
p 2 0 1071 7089 3294 2155
p 2 0 721 7439 2385 1786
p 2 0 398 7762 1636 1477
p 2 0 328 7832 1810 1416
p 2 0 299 7861 1864 1394
p 2 0 1284 6876 4441 2402
p 2 0 4052 4108 19941 5912
p 2 0 3888 4272 19042 5563
p 2 0 4436 3724 23485 6261
p 2 0 4751 3409 28530 7000
p 2 0 4361 3799 20633 6155
p 2 0 4434 3726 26582 6489
p 2 0 4912 3248 29333 7085
p 2 0 4830 3330 27528 7021
p 2 0 4568 3592 24956 6505
p 2 0 4553 3607 27638 6561
p 2 0 5016 3144 31218 7193
p 2 0 4834 3326 29604 7024
p 2 0 4734 3426 26817 6663
p 2 0 4599 3561 29664 6595
p 2 0 5261 2899 33827 7397
p 2 0 5146 3014 21236 6850
p 2 0 5705 2455 23794 7561
p 2 0 3952 4208 11567 5078
p 2 0 2285 5875 8577 3433
p 2 0 1682 6478 6464 2752
p 2 0 1080 7080 5475 2184
p 2 0 913 7247 4938 2017
p 2 0 813 7347 5276 1931
p 2 0 890 7270 4736 1964
p 2 0 599 7561 4113 1700
p 2 0 515 7645 4269 1621
p 2 0 497 7663 4436 1605
p 2 0 942 7218 5070 2031
p 2 0 1232 6928 5193 2308
p 2 0 2234 5926 9293 3400
p 2 0 3724 4436 18591 5312
p 2 0 4382 3778 24971 6405
p 2 0 4360 3800 22815 6243
p 2 0 4547 3613 26656 6626
p 2 0 5173 2987 30218 7413
p 2 0 4867 3293 26565 7059
p 2 0 4616 3544 24636 6660
p 2 1 4637 3522 26076 6770
p 2 0 5061 3099 29263 7283
p 2 0 5261 2899 28884 7477
p 2 0 4771 3389 24788 6692
p 2 0 4860 3300 28143 6887
p 2 0 5062 3098 32816 7253
p 2 0 4885 3275 28245 6856
p 2 0 5252 2908 33278 7341
p 2 0 3314 4846 7858 4467
p 2 0 1764 6396 4251 2854
p 2 0 1938 6222 4881 2989
p 2 0 1028 7132 2716 2091
p 2 0 657 7503 2153 1733
p 2 0 564 7596 2061 1640
p 2 0 783 7377 2935 1877
p 2 0 539 7621 2461 1643
p 2 0 488 7672 2101 1574
p 2 0 260 7900 1635 1354
p 2 0 193 7967 1456 1292
p 2 0 82 8078 1234 1183
p 2 0 107 8053 1296 1205
p 2 0 77 8083 1250 1178
p 2 0 860 7300 3409 1998
p 2 0 3899 4261 21214 5831
p 2 0 3728 4432 20543 5555
p 2 0 3947 4213 23807 5867
p 2 0 4537 3623 28798 6891
p 2 0 4174 3986 21475 6055
p 2 0 4468 3692 26137 6621
p 2 0 4874 3286 30041 7115
p 2 0 4848 3312 27427 7126
p 2 0 4527 3633 24854 6553
p 2 0 4374 3786 27025 6489
p 2 0 4885 3275 30742 7118
p 2 0 4808 3352 29851 7067
p 2 0 4778 3382 27245 6797
p 2 0 4595 3565 29809 6709
p 2 0 4987 3173 33673 7210
p 2 0 3699 4461 10018 4944
p 2 0 1809 6351 4175 2910
p 2 0 1574 6586 4330 2647
p 2 0 1448 6712 4274 2533
p 2 0 1606 6554 4922 2700
p 2 0 896 7264 2587 1970
p 2 0 900 7260 2954 1975
p 2 0 872 7288 3124 1946
p 2 0 854 7306 3248 1943
p 2 0 652 7508 2940 1763
p 2 0 787 7373 3059 1868
p 2 0 480 7680 2260 1575
p 2 0 2194 5966 6704 3360
p 2 0 1546 6614 3890 2615
p 2 0 1344 6816 3996 2432
p 2 0 1408 6752 4502 2515
p 2 0 894 7266 2828 1971
p 2 0 757 7403 2736 1851
p 2 0 606 7554 2094 1677
p 2 0 322 7838 1575 1412
p 2 0 273 7887 1532 1355
p 2 0 193 7967 1434 1288
p 2 0 260 7900 1555 1352
p 2 0 154 8006 1310 1249
p 2 0 129 8031 1289 1225
p 2 0 158 8002 1324 1252
p 2 0 59 8101 1194 1159
p 2 0 127 8033 1279 1227
p 2 0 115 8045 1260 1211
p 2 0 119 8041 1278 1215
p 2 0 96 8064 1264 1198
p 2 0 101 8059 1269 1203
p 2 0 83 8077 1236 1183
p 2 0 89 8071 1254 1190
p 2 0 67 8093 1214 1169
p 2 0 62 8098 1201 1161
p 2 0 76 8084 1219 1173
p 2 0 42 8118 1184 1147
i 2 8160 0 0 298956 34138
p 2 8 7949 203 65922 10599
p 2 0 7979 181 61503 10502
p 2 0 7984 176 61438 10395
p 2 1 7992 167 69593 10926
p 2 0 8019 141 62874 10541
p 2 0 7996 164 61884 10552
p 2 1 8007 152 61779 10434
p 2 0 8031 129 68760 10989
p 2 0 8006 154 61573 10380
p 2 0 8016 144 61435 10582
p 2 0 8013 147 62052 10503
p 2 0 8033 127 68621 11100
p 2 0 8054 106 63251 10602
p 2 2 8038 120 66529 10803
p 2 0 8016 144 60931 10568
p 2 2 8012 146 63077 10549
p 2 2 7990 168 65042 10841
p 2 1 8026 133 61953 10491
p 2 1 8001 158 61253 10617
p 2 2 8036 122 62849 10544
p 2 0 7999 161 66417 10900
p 2 1 8039 120 61020 10387
p 2 1 8013 146 65539 10572
p 2 2 8026 132 60701 10514
p 2 1 8030 129 65476 10473
p 2 1 8037 122 68273 10941
p 2 1 8020 139 63024 10452
p 2 1 8002 157 63325 10573
p 2 2 8001 157 61362 10236
p 2 2 8020 138 62845 10428
p 2 0 8039 121 67208 10838
p 2 1 8029 130 62307 10514
p 2 2 7986 172 63046 10567
p 2 0 8045 115 63452 10542
p 2 1 8002 157 67449 10917
p 2 0 8031 129 63231 10523
p 2 1 8015 144 62894 10585
p 2 1 8043 116 63477 10544
p 2 2 8037 121 68598 10606
p 2 2 8024 134 66886 10575
p 2 1 8020 139 65115 10548
p 2 1 8028 131 67051 10662
p 2 1 7996 163 65655 10463
p 2 1 8042 117 68338 10827
p 2 1 8032 127 63454 10156
p 2 0 8034 126 63384 10529
p 2 0 8008 152 62050 10115
p 2 0 8018 142 67306 10855
p 2 1 7982 177 61146 10381
p 2 1 7999 160 61444 10417
p 2 2 8006 152 62813 10446
p 2 1 8018 141 65853 10647
p 2 2 8034 124 64193 10506
p 2 1 8021 138 62355 10404
p 2 1 8036 123 64945 10464
p 2 0 8056 104 64331 10607
p 2 0 7991 169 64530 10656
i 2 8160 0 0 116909 28144
p 2 0 5573 2587 30112 6864
p 2 0 5813 2347 31013 6906
p 2 0 5906 2254 30219 7024
p 2 0 6047 2113 30127 7091
p 2 0 6208 1952 33569 7269
p 2 0 6576 1584 30936 7452
p 2 0 6564 1596 31645 7485
p 2 0 6661 1499 30539 7530
p 2 1 6607 1552 31748 7570
p 2 1 6966 1193 29267 7728
p 2 5 6839 1316 29244 7698
p 2 40 6454 1666 26523 7584
p 2 0 6756 1404 26098 7475
p 2 0 6657 1503 24463 7327
p 2 0 6908 1252 25484 7551
p 2 0 6834 1326 24466 7421
p 2 0 6884 1276 25875 7508
p 2 0 6980 1180 24954 7477
p 2 0 6802 1358 25594 7376
p 2 0 6718 1442 24874 7311
p 2 0 6672 1488 25809 7369
p 2 0 6693 1467 24834 7320
p 2 0 6738 1422 26357 7440
p 2 0 6826 1334 27365 7527
p 2 0 6897 1263 26457 7571
p 2 0 6992 1168 27439 7621
p 2 0 7050 1110 26291 7707
p 2 0 7085 1075 27405 7745
p 2 0 6886 1274 25895 7500
p 2 0 6879 1281 26484 7541
p 2 0 7010 1150 26024 7643
p 2 0 6770 1390 27258 7564
p 2 0 6854 1306 26193 7571
p 2 0 6947 1213 26971 7661
p 2 0 7046 1114 26381 7759
p 2 0 6530 1630 26980 7408
p 2 0 6990 1170 26447 7706
p 2 0 7168 992 26636 7780
p 2 0 7282 878 26239 7891
p 2 0 6823 1337 26810 7620
p 2 0 7539 621 26541 8034
p 2 0 7586 574 26350 7997
p 2 0 7575 585 26278 8039
p 2 0 7127 1033 25253 7685
p 2 0 7536 624 27358 8001
p 2 0 7212 948 26243 7807
p 2 0 7479 681 26973 7952
p 2 0 7437 723 26062 7901
p 2 0 7455 705 27337 7976
p 2 0 7523 637 26654 8001
p 2 0 7505 655 27294 8011
p 2 0 7565 595 26248 7963
p 2 0 7637 523 27143 8069
p 2 0 7253 907 25624 7738
p 2 0 7438 722 26386 7873
p 2 0 7315 845 25596 7750
p 2 0 6998 1162 26008 7601
i 2 8160 0 0 159366 30734
p 2 0 2007 6153 3336 2970
p 2 0 2264 5896 3262 3130
p 2 0 826 7334 1959 1863
p 2 2 943 7215 2706 1972
p 2 1 337 7822 2228 1448
p 2 1 469 7690 2444 1567
p 2 0 410 7750 2412 1506
p 2 1 342 7817 2296 1450
p 2 1 239 7920 2369 1363
p 2 0 277 7883 1644 1363
p 2 0 359 7801 1823 1449
p 2 38 322 7800 3673 1604
p 2 0 231 7929 1578 1322
p 2 0 262 7898 1653 1356
p 2 2 307 7851 2933 1476
p 2 0 188 7972 1491 1293
p 2 0 178 7982 1482 1275
p 2 0 223 7937 3054 1405
p 2 0 255 7905 1594 1350
p 2 0 231 7929 1517 1318
p 2 25 196 7939 2136 1450
p 2 0 254 7906 1618 1362
p 2 0 185 7975 1514 1279
p 2 25 128 8007 3016 1363
p 2 0 118 8042 1462 1227
p 2 0 122 8038 1453 1227
p 2 0 162 7998 2943 1349
p 2 0 107 8053 1411 1223
p 2 0 87 8073 1400 1196
p 2 2 166 7992 2700 1344
p 2 0 141 8019 1478 1255
p 2 0 121 8039 1394 1221
p 2 0 153 8007 2955 1343
p 2 0 154 8006 1494 1257
p 2 0 108 8052 1383 1214
p 2 2 151 8007 2622 1320
p 2 0 114 8046 1410 1226
p 2 0 84 8076 1357 1191
i 2 8160 0 0 76676 24941
i 2 8160 0 0 87282 25697
i 2 8160 0 0 89549 25843
i 2 8160 0 0 106131 26633
i 2 8160 0 0 119241 27421
p 2 3087 3180 1893 60203 18007
p 2 2112 3429 2619 63476 15317
p 2 1678 2573 3909 44415 11717
p 2 1361 3032 3767 43071 10909
p 2 865 2407 4888 28791 8035
p 2 303 2285 5572 14108 5297
p 2 4 1712 6444 4708 2980
p 2 0 1640 6520 3045 2481
p 2 0 1664 6496 2723 2502
p 2 0 1686 6474 2802 2564
p 2 0 1259 6901 2471 2193
p 2 0 878 7282 2035 1853
p 2 0 615 7545 1687 1630
p 2 0 381 7779 1502 1430
p 2 0 250 7910 1422 1323
p 2 0 265 7895 1366 1329
p 2 0 194 7966 1337 1276
p 2 0 183 7977 1299 1261
p 2 0 125 8035 1229 1211
i 2 8160 0 0 154415 31628
p 2 0 7407 753 35007 10348
p 2 0 7479 681 31862 10142
p 2 0 7288 872 34131 10332
p 2 0 7386 774 30749 10021
p 2 0 7199 961 34387 10183
p 2 0 7423 737 30769 9932
p 2 0 7428 732 30592 9900
p 2 0 7421 739 31065 9805
p 2 0 7379 781 34280 10072
p 2 0 7453 707 28604 9644
p 2 0 7471 689 29046 9736
p 2 0 7352 808 28688 9821
p 2 0 7384 776 30645 9805
p 2 0 7416 744 28986 9857
p 2 0 7480 680 28776 9691
p 2 0 7363 797 28443 9840
p 2 0 7326 834 31125 9784
p 2 0 7410 750 27615 9775
p 2 0 7482 678 28016 9709
p 2 0 7418 742 28575 9856
p 2 0 7352 808 29370 9615
p 2 0 7551 609 27089 9780
p 2 0 7576 584 28341 9621
p 2 0 7595 565 28206 9631
p 2 4 7511 645 32049 9923
p 2 0 7576 584 28085 9649
p 2 0 7505 655 30602 9896
p 2 1 7623 536 27805 9626
p 2 0 7682 478 27450 9675
p 2 0 7561 599 28223 9616
p 2 8 7535 617 30299 9824
p 2 0 7638 522 27300 9570
p 2 1 7729 430 28112 9756
p 2 29 7640 491 29133 10006
p 2 0 7612 548 30333 9837
p 2 0 7638 522 27151 9525
p 2 4 7784 372 29576 9823
p 2 0 7601 559 27892 9794
p 2 0 7698 462 30225 9918
p 2 5 7624 531 28052 9961
p 2 0 7622 538 28264 9704
p 2 0 7534 626 28436 9591
p 2 24 7653 483 31988 9970
p 2 0 7632 528 27688 9541
p 2 0 7708 452 29562 9734
p 2 2 7666 492 31085 10117
p 2 1 7682 477 31078 9844
p 2 1 7689 470 29234 9691
p 2 0 7654 506 30859 9846
p 2 1 7552 607 29465 9655
p 2 1 7613 546 32206 9826
p 2 2 7598 560 29630 9958
p 2 1 7664 495 29151 9696
p 2 2 7550 608 29187 9530
p 2 2 7590 568 31655 9794
p 2 0 7604 556 28593 9914
p 2 1 7589 570 29085 9615
p 2 11 7569 580 29334 9940
p 2 1 7529 630 31139 9743
p 2 1 7562 597 28322 9785
p 2 22 7606 532 29471 9687
p 2 0 7525 635 29108 9516
p 2 0 7555 605 32153 9843
p 2 1 7660 499 29667 9973
p 2 0 7728 432 29776 9702
p 2 0 7688 472 28091 9503
p 2 0 7574 586 30163 9573
p 2 0 7675 485 28260 9740
p 2 0 7659 501 27452 9467
p 2 3 7631 526 29184 9819
p 2 0 7648 512 29758 9666
p 2 0 7682 478 27466 9743
p 2 21 7683 456 28567 9656
p 2 1 7584 575 27866 9716
p 2 0 7605 555 27799 9466
i 2 8160 0 0 70742 26591
i 2 8160 0 0 72706 26613
i 2 8160 0 0 69990 26467
i 2 8160 0 0 71342 26444
i 2 8160 0 0 98644 27843
i 2 8160 0 0 95486 27612
i 2 8160 0 0 89150 27567
i 2 8160 0 0 88044 27508
i 2 8160 0 0 74354 26679
i 2 8160 0 0 76024 26755
i 2 8160 0 0 99415 27788
p 2 1840 5801 519 117196 20254
p 2 2656 5317 187 99572 22952
p 2 1474 6414 272 98019 19726
i 2 8160 0 0 91185 27248
p 2 1255 6484 421 105705 19109
p 2 3805 4321 34 131570 26162
p 2 1301 6415 444 126952 20537
p 2 2713 5234 213 119246 24268
p 2 38 6351 1771 43345 13071
p 2 3192 4905 63 128146 25042
p 2 217 6140 1803 51998 13719
i 2 8160 0 0 117181 28427
p 2 517 5655 1988 45013 13056
i 2 8160 0 0 109451 28322
p 2 528 5868 1764 45869 13085
i 2 8160 0 0 110779 28136
p 2 479 5931 1750 46716 13187
i 2 8160 0 0 118719 28332
p 2 450 5596 2114 43007 12642
i 2 8160 0 0 106733 28192
p 2 80 6121 1959 41872 11829
i 2 8160 0 0 104117 27988
p 2 321 5885 1954 39201 11757
i 2 8160 0 0 118801 28519
p 2 738 5412 2010 53048 13691
i 2 8160 0 0 113942 28786
p 2 1150 5137 1873 55719 14749
i 2 8160 0 0 120861 28928
p 2 1229 5135 1796 62580 15586
i 2 8160 0 0 124542 28963
i 2 8160 0 0 112727 28340
p 2 2576 4910 674 154414 22879
p 2 2503 5200 457 191237 24253
p 2 2901 4768 491 216132 25962
p 2 2454 5154 552 218710 25320
p 2 2679 4997 484 221809 26256
p 2 2590 5199 371 229656 26317
p 2 418 4894 2848 57641 12187
p 2 339 4078 3743 46830 9915
p 2 346 4283 3531 49861 10339
p 2 314 4195 3651 45616 9797
p 2 241 4530 3389 43170 9469
p 2 833 3788 3539 63908 11602
p 2 390 4276 3494 47432 10020
p 2 268 4243 3649 42444 9352
p 2 291 4706 3163 47870 10084
p 2 353 3816 3991 48684 9395
p 2 145 3740 4275 41536 8313
p 2 378 4050 3732 56926 10280
p 2 96 4317 3747 40417 8787
p 2 507 4201 3452 51150 10550
p 2 75 4297 3788 43246 8500
p 2 172 4092 3896 46078 9049
p 2 230 3978 3952 43297 8930
p 2 338 3731 4091 48826 9354
p 2 283 3592 4285 40813 8717
p 2 457 3326 4377 48127 9243
p 2 303 3673 4184 46688 9275
p 2 258 3635 4267 46398 8856
p 2 285 3740 4135 49514 9510
p 2 301 3860 3999 49919 9373
p 2 471 3566 4123 50523 9883
p 2 273 3667 4220 44250 8874
p 2 434 3374 4352 44263 9309
p 2 170 3561 4429 36808 7890
p 2 316 3537 4307 43146 8956
p 2 124 3389 4647 33514 7547
p 2 171 3602 4387 37767 8189
p 2 206 3375 4579 35828 8004
p 2 322 3458 4380 46537 8849
p 2 206 3450 4504 39903 8226
i 2 8160 0 0 176740 32052
p 2 0 7953 207 37259 10355
p 2 0 7906 254 40731 10201
p 2 0 7897 263 39645 10491
p 2 0 7851 309 45024 10500
p 2 0 7925 235 42034 10334
p 2 1 7834 325 44028 10328
p 2 0 7922 238 43605 10786
p 2 0 7888 272 47011 10604
p 2 0 7929 231 43240 10777
p 2 0 7842 318 48018 10777
p 2 0 7908 252 42401 10757
p 2 0 7904 256 44715 10536
p 2 0 7880 280 43935 10888
p 2 0 7878 282 48224 10817
p 2 0 7949 211 43559 10857
p 2 0 7856 304 45160 10501
p 2 0 7982 178 43565 10937
p 2 0 7938 222 46446 10720
p 2 0 8039 121 43331 10828
p 2 0 7954 206 43541 10435
p 2 0 7965 195 44416 10829
p 2 0 7944 216 42658 10426
p 2 0 7943 217 47261 10977
p 2 0 7953 207 41964 10410
p 2 0 7974 186 42928 10745
p 2 0 7866 294 41845 10346
p 2 0 7945 215 41915 10701
p 2 0 7903 257 46250 10647
p 2 0 7930 230 41380 10693
p 2 0 7863 297 42757 10311
p 2 0 7901 259 41726 10683
p 2 0 7881 279 45402 10631
p 2 0 7912 248 41058 10624
p 2 0 7830 330 43595 10367
p 2 0 7924 236 41066 10622
p 2 0 7913 247 43231 10439
p 2 0 7938 222 39405 10548
p 2 0 7851 309 42147 10262
i 2 8160 0 0 143080 29922
p 2 0 1948 6212 3032 2715
p 2 0 2420 5740 3145 3056
p 2 0 819 7341 6618 2063
p 2 0 1211 6949 2454 2132
p 2 0 561 7599 1951 1607
p 2 0 915 7245 6264 2065
p 2 0 422 7738 1817 1495
p 2 0 587 7573 1856 1603
p 2 0 640 7520 5711 1806
p 2 0 504 7656 1807 1544
p 2 0 327 7833 1530 1391
p 2 0 581 7579 6220 1803
p 2 0 375 7785 1756 1452
p 2 0 363 7797 1598 1416
p 2 0 554 7606 6843 1812
p 2 0 324 7836 1642 1407
p 2 0 226 7934 1391 1296
p 2 0 509 7651 6397 1771
p 2 0 382 7778 1820 1461
p 2 0 230 7930 1449 1318
p 2 0 415 7745 5637 1645
p 2 0 249 7911 1522 1335
p 2 0 180 7980 1307 1260
p 2 0 361 7799 5421 1568
p 2 0 190 7970 1445 1287
p 2 0 363 7797 5973 1627
p 2 0 216 7944 1523 1311
p 2 0 314 7846 6500 1613
p 2 0 240 7920 1534 1328
p 2 0 278 7882 6139 1578
p 2 0 164 7996 1438 1262
p 2 0 289 7871 5921 1566
p 2 0 191 7969 1524 1292
i 2 8160 0 0 84653 27137
p 2 1 5146 3013 13264 6855
p 2 516 5437 2207 42543 11254
p 2 5 4526 3629 14149 6964
p 2 309 4656 3195 37355 9462
p 2 10 4575 3575 14082 6807
p 2 361 4319 3480 39655 9450
p 2 0 4318 3842 14324 6636
p 2 469 4072 3619 45134 10184
p 2 1 4223 3936 13436 6501
p 2 334 4122 3704 42084 9507
p 2 1 4188 3971 13178 6422
p 2 408 4139 3613 44395 9838
p 2 0 4683 3477 14294 6937
p 2 552 4124 3484 49803 11064
p 2 0 4454 3706 14679 7033
p 2 313 4328 3519 48032 10074
p 2 1 4359 3800 13761 6647
p 2 356 4281 3523 51903 10404
p 2 0 4231 3929 13392 6457
p 2 440 4097 3623 46540 10511
p 2 1 4357 3802 13707 6854
p 2 354 4015 3791 42750 9669
p 2 0 4303 3857 13253 6577
p 2 383 3809 3968 43135 9525
p 2 0 4220 3940 13837 6548
p 2 518 3697 3945 41498 10052
p 2 3 4117 4040 12819 6445
p 2 307 3754 4099 36996 8809
i 2 8160 0 0 128062 29342
p 2 0 2461 5699 4218 3212
p 2 0 2194 5966 3545 2926
p 2 0 858 7302 2587 1879
p 2 0 971 7189 2511 1937
p 2 0 514 7646 2043 1542
p 2 0 405 7755 2058 1465
p 2 0 250 7910 2001 1350
p 2 0 202 7958 1831 1306
p 2 0 201 7959 1743 1292
p 2 0 137 8023 1750 1251
p 2 0 152 8008 1808 1259
p 2 0 234 7926 1852 1324
p 2 0 221 7939 1788 1311
p 2 0 192 7968 1814 1290
p 2 0 161 7999 1836 1276
p 2 0 266 7894 1837 1341
p 2 0 115 8045 1735 1231
p 2 0 124 8036 1790 1240
p 2 0 147 8013 1868 1258
p 2 0 123 8037 1699 1234
p 2 0 150 8010 1670 1251
p 2 0 93 8067 1695 1213
p 2 0 113 8047 1740 1227
p 2 0 117 8043 1748 1224
i 2 8160 0 0 87244 27206
p 2 6 5951 2203 21142 7414
p 2 2 5902 2256 16029 6842
p 2 2 3347 4811 15958 4765
p 2 0 3769 4391 17144 5145
p 2 0 3222 4938 14532 4638
p 2 0 2931 5229 15291 4421
p 2 0 2347 5813 13999 3856
p 2 0 2308 5852 14289 3855
p 2 0 2406 5754 15129 3996
p 2 0 2713 5447 14220 4215
p 2 0 2545 5615 14669 3944
p 2 0 2175 5985 11032 3451
p 2 3 2343 5814 11797 3607
p 2 2 2529 5629 13957 3994
p 2 0 2686 5474 14862 4174
p 2 0 2300 5860 15656 3843
p 2 0 2537 5623 11794 3854
p 2 0 2572 5588 15348 4100
p 2 0 2518 5642 13592 4026
p 2 0 2126 6034 8653 3360
p 2 0 2237 5923 11804 3700
p 2 0 2257 5903 15534 3764
p 2 0 2133 6027 14443 3632
p 2 0 2095 6065 14524 3578
p 2 0 1911 6249 12991 3371
p 2 0 1848 6312 6767 3096
p 2 0 1852 6308 12866 3279
p 2 0 1770 6390 13257 3169
i 2 8160 0 0 102931 28884
p 2 2071 6031 58 136907 26324
p 2 1649 6425 86 147514 25128
p 2 1630 6427 103 162845 24930
p 2 1492 6544 124 167751 24537
p 2 1347 6700 113 164221 23907
p 2 371 7511 278 69555 16061
p 2 263 7574 323 64517 14826
p 2 420 7297 443 60374 14227
p 2 501 7269 390 62421 14596
p 2 632 7035 493 63304 15268
p 2 362 7414 384 66916 14859
p 2 325 7415 420 67226 14894
p 2 443 7401 316 70557 15764
p 2 405 7352 403 63910 14913
p 2 223 7556 381 64173 14214
p 2 135 7460 565 55362 13126
p 2 513 7197 450 67114 14772
p 2 304 7317 539 64664 14603
p 2 458 7255 447 63266 15193
p 2 588 7095 477 61422 15096
p 2 401 7354 405 61255 14833
p 2 241 7435 484 59936 14045
p 2 256 7454 450 56968 13757
p 2 278 7285 597 60435 14146
p 2 376 7259 525 56462 14082
p 2 358 7180 622 58376 13490
p 2 472 7126 562 55996 13809
p 2 192 7234 734 54861 12982
p 2 455 7060 645 59478 14399
p 2 412 6972 776 61095 14340
p 2 312 7125 723 62044 14085
p 2 397 6779 984 55698 13280
p 2 467 6729 964 56015 13625
p 2 621 6110 1429 56356 13830
p 2 384 6197 1579 43554 12418
p 2 294 5791 2075 41179 11807
p 2 424 5263 2473 39532 11847
p 2 398 4591 3171 38737 11050
p 2 199 4705 3256 34569 9946
p 2 129 4775 3256 28798 9356
p 2 502 4367 3291 36373 10244
p 2 463 4348 3349 37110 10547
p 2 416 4005 3739 36240 10509
p 2 561 3926 3673 34446 10601
i 2 8160 0 0 157827 30728
p 2 2 7591 567 41946 9677
p 2 0 7677 483 41605 9644
p 2 0 7383 777 44221 9646
p 2 0 7558 602 42951 9742
p 2 0 7359 801 48304 9808
p 2 0 7415 745 42766 9716
p 2 0 7420 740 44986 9773
p 2 0 7429 731 42747 9849
p 2 0 7406 754 48667 10054
p 2 0 7459 701 43859 9899
p 2 0 7545 615 43920 10024
p 2 0 7435 725 44622 9987
p 2 0 7548 612 43419 10079
p 2 0 7471 689 48643 10204
p 2 0 7577 583 44569 10235
p 2 0 7499 661 44133 10210
p 2 0 7474 686 46049 10209
p 2 0 7436 724 44123 10015
p 2 0 7488 672 50193 10419
p 2 0 7451 709 44751 10057
p 2 0 7555 605 44612 10116
p 2 0 7465 695 45180 10094
p 2 0 7534 626 48212 10044
p 2 0 7607 553 50079 10333
p 2 0 7503 657 44604 9929
p 2 0 7498 662 44534 9961
p 2 0 7336 824 46029 9933
p 2 0 7422 738 44441 9940
p 2 0 7307 853 50117 10056
p 2 0 7315 845 44580 9870
p 2 0 7309 851 46714 10037
p 2 0 7283 877 45131 10013
p 2 0 7249 911 50273 10067
p 2 0 7261 899 44535 9931
p 2 0 7308 852 46365 10032
p 2 0 7260 900 43576 9916
p 2 0 7213 947 49264 10099
p 2 0 7274 886 44222 9864
p 2 0 7230 930 45816 9916
p 2 0 7138 1022 43661 9809
p 2 0 7100 1060 49504 9924
p 2 0 7183 977 43937 9754
p 2 0 7206 954 46658 9885
p 2 0 7119 1041 44071 9737
p 2 0 7126 1034 48682 9846
p 2 0 7042 1118 45123 9657
p 2 0 7098 1062 49372 9883
i 2 8160 0 0 60937 27640
p 2 0 6099 2061 7965 6743
p 2 212 5607 2341 18101 7233
p 2 0 2742 5418 4056 3581
p 2 636 2904 4620 37892 7227
p 2 0 1581 6579 2968 2551
p 2 1107 1755 5298 57071 8757
p 2 0 1399 6761 2959 2399
p 2 1544 1369 5247 73763 10631
p 2 0 1404 6756 3028 2422
i 2 8160 0 0 112380 29349
p 2 0 5158 3002 6743 5763
p 2 0 4963 3197 5871 5477
p 2 0 2161 5999 3295 3028
p 2 3113 5047 0 56853 20455
p 2 3084 5076 0 66107 20877
p 2 2931 5229 0 67163 21089
p 2 2949 5211 0 70236 21125
p 2 2920 5240 0 66714 21127
p 2 2944 5216 0 69484 21059
p 2 2943 5217 0 67168 21124
p 2 2951 5209 0 70931 21153
p 2 2911 5248 1 64679 21025
p 2 2949 5211 0 67591 21163
p 2 2919 5240 1 64888 20999
p 2 2937 5223 0 68773 21216
p 2 2905 5255 0 62083 20968
p 2 2916 5244 0 65497 21010
p 2 2876 5284 0 62476 20994
p 2 2885 5275 0 66161 21092
p 2 2814 5346 0 59917 20846
p 2 2837 5323 0 63331 21023
p 2 2771 5389 0 60446 20991
p 2 2777 5383 0 63776 21200
p 2 2666 5494 0 59356 21000
p 2 2670 5489 1 61544 20999
p 2 2504 5656 0 59832 20936
p 2 2481 5678 1 63579 21200
p 2 0 7544 616 12058 8615
p 2 0 5983 2177 7649 6489
p 2 0 5794 2366 7414 6318
p 2 0 4327 3833 5911 5008
p 2 0 5091 3069 7200 5642
p 2 0 3580 4580 4708 4220
p 2 0 3771 4389 4965 4349
p 2 0 2526 5634 3809 3305
p 2 0 3119 5041 4508 3817
p 2 0 2637 5523 3519 3298
p 2 0 2145 6015 3219 2871
p 2 0 1551 6609 2738 2410
p 2 0 1513 6647 2692 2377
p 2 0 989 7171 2084 1942
p 2 0 941 7219 2063 1883
p 2 0 573 7587 1819 1603
p 2 0 711 7449 1900 1694
p 2 0 541 7619 1623 1548
p 2 0 369 7791 1554 1421
p 2 0 270 7890 1488 1341
p 2 0 816 7344 1983 1802
p 2 0 1212 6948 2232 2103
p 2 0 833 7327 1887 1784
p 2 0 736 7424 1858 1733
p 2 0 984 7176 2141 1930
p 2 0 500 7660 1576 1527
p 2 0 585 7575 1690 1587
p 2 0 345 7815 1509 1407
p 2 0 379 7781 1473 1428
p 2 0 298 7862 1368 1345
p 2 0 217 7943 1324 1290
p 2 0 123 8037 1227 1206
p 2 0 165 7995 1266 1246
p 2 0 176 7984 1272 1252
p 2 0 158 8002 1255 1233
p 2 0 131 8029 1252 1217
p 2 0 163 7997 1251 1237
p 2 0 198 7962 1260 1252
p 2 0 83 8077 1171 1168
p 2 0 87 8073 1166 1166
p 2 0 48 8112 1159 1146
p 2 0 52 8108 1158 1150
p 2 0 20 8140 1131 1124
p 2 0 16 8144 1126 1118
p 2 0 158 8002 1280 1241
p 2 0 128 8032 1232 1220
p 2 0 210 7950 1304 1274
p 2 0 196 7964 1310 1266
p 2 0 223 7937 1327 1302
p 2 0 202 7958 1284 1272
p 2 0 103 8057 1201 1194
p 2 0 91 8069 1191 1180
p 2 0 174 7986 1244 1242
p 2 0 65 8095 1157 1157
p 2 0 150 8010 1222 1217
p 2 0 101 8059 1179 1177
p 2 0 219 7941 1308 1264
p 2 0 186 7974 1280 1246
p 2 0 165 7995 1263 1229
p 2 0 59 8101 1198 1158
p 2 0 64 8096 1179 1159
p 2 0 46 8114 1142 1137
p 2 0 11 8149 1117 1114
p 2 0 64 8096 1160 1151
p 2 0 19 8141 1122 1119
p 2 0 39 8121 1141 1134
p 2 0 11 8149 1114 1113
p 2 0 6 8154 1110 1109
p 2 0 69 8091 1176 1165
p 2 0 203 7957 1278 1262
p 2 0 155 8005 1237 1225
p 2 0 137 8023 1229 1213
p 2 0 135 8025 1224 1220
p 2 0 93 8067 1184 1178
p 2 0 68 8092 1162 1160
p 2 0 55 8105 1144 1143
p 2 0 78 8082 1168 1164
p 2 0 19 8141 1123 1122
p 2 0 60 8100 1155 1149
p 2 0 11 8149 1114 1113
p 2 0 23 8137 1124 1124
p 2 0 23 8137 1127 1125
p 2 0 25 8135 1124 1124
p 2 0 23 8137 1122 1122
p 2 0 21 8139 1121 1121
p 2 0 18 8142 1120 1120
p 2 0 10 8150 1112 1111
p 2 0 42 8118 1132 1132
p 2 0 41 8119 1133 1133
p 2 0 25 8135 1123 1123
p 2 0 29 8131 1125 1125
p 2 0 29 8131 1122 1122
p 2 0 11 8149 1112 1112
p 2 0 2 8158 1105 1105
p 2 0 11 8149 1112 1112
i 2 8160 0 0 22578 22578
p 2 0 0 8160 1102 1102
p 2 0 0 8160 1102 1102
p 2 0 0 8160 1102 1102
p 2 0 0 8160 1102 1102
p 2 0 0 8160 1102 1102
p 2 0 0 8160 1102 1102
p 2 0 0 8160 1102 1102
p 2 0 0 8160 1102 1102
p 2 0 0 8160 1102 1102
p 2 0 0 8160 1102 1102
p 2 0 0 8160 1102 1102
p 2 0 0 8160 1102 1102
p 2 0 0 8160 1102 1102
p 2 0 0 8160 1102 1102
p 2 0 0 8160 1102 1102
p 2 0 0 8160 1102 1102
p 2 0 0 8160 1102 1102
p 2 0 0 8160 1102 1102
p 2 0 0 8160 1102 1102
p 2 0 0 8160 1102 1102
p 2 0 0 8160 1102 1102
p 2 0 0 8160 1102 1102
p 2 0 0 8160 1102 1102
